AGE_GROUP,VALUE,QUARTER,SOURCE,_id,SEX,UNIT,REGION,YEAR
50-59 ปี,75.78,ไตรมาส 4,สำนักงานสถิติแห่งชาติ,1,หญิง,ร้อยละ,ภาคเหนือ,2567
60 ปีขึ้นไป,32.18,ไตรมาส 4,สำนักงานสถิติแห่งชาติ,2,หญิง,ร้อยละ,ภาคเหนือ,2567
ยอดรวม,63.9,ไตรมาส 4,สำนักงานสถิติแห่งชาติ,3,ยอดรวม,ร้อยละ,ภาคตะวันออกเฉียงเหนือ,2567
15-19 ปี,8.71,ไตรมาส 4,สำนักงานสถิติแห่งชาติ,4,ยอดรวม,ร้อยละ,ภาคตะวันออกเฉียงเหนือ,2567
20-24 ปี,61.83,ไตรมาส 4,สำนักงานสถิติแห่งชาติ,5,ยอดรวม,ร้อยละ,ภาคตะวันออกเฉียงเหนือ,2567
25-29 ปี,84.53,ไตรมาส 4,สำนักงานสถิติแห่งชาติ,6,ยอดรวม,ร้อยละ,ภาคตะวันออกเฉียงเหนือ,2567
30-34 ปี,87.57,ไตรมาส 4,สำนักงานสถิติแห่งชาติ,7,ยอดรวม,ร้อยละ,ภาคตะวันออกเฉียงเหนือ,2567
35-39 ปี,87.24,ไตรมาส 4,สำนักงานสถิติแห่งชาติ,8,ยอดรวม,ร้อยละ,ภาคตะวันออกเฉียงเหนือ,2567
40-49 ปี,88.79,ไตรมาส 4,สำนักงานสถิติแห่งชาติ,9,ยอดรวม,ร้อยละ,ภาคตะวันออกเฉียงเหนือ,2567
50-59 ปี,84.63,ไตรมาส 4,สำนักงานสถิติแห่งชาติ,10,ยอดรวม,ร้อยละ,ภาคตะวันออกเฉียงเหนือ,2567
60 ปีขึ้นไป,40.31,ไตรมาส 4,สำนักงานสถิติแห่งชาติ,11,ยอดรวม,ร้อยละ,ภาคตะวันออกเฉียงเหนือ,2567
ยอดรวม,73.07,ไตรมาส 4,สำนักงานสถิติแห่งชาติ,12,ชาย,ร้อยละ,ภาคตะวันออกเฉียงเหนือ,2567
15-19 ปี,13.61,ไตรมาส 4,สำนักงานสถิติแห่งชาติ,13,ชาย,ร้อยละ,ภาคตะวันออกเฉียงเหนือ,2567
20-24 ปี,69.59,ไตรมาส 4,สำนักงานสถิติแห่งชาติ,14,ชาย,ร้อยละ,ภาคตะวันออกเฉียงเหนือ,2567
25-29 ปี,92.82,ไตรมาส 4,สำนักงานสถิติแห่งชาติ,15,ชาย,ร้อยละ,ภาคตะวันออกเฉียงเหนือ,2567
30-34 ปี,93.11,ไตรมาส 4,สำนักงานสถิติแห่งชาติ,16,ชาย,ร้อยละ,ภาคตะวันออกเฉียงเหนือ,2567
35-39 ปี,93.68,ไตรมาส 4,สำนักงานสถิติแห่งชาติ,17,ชาย,ร้อยละ,ภาคตะวันออกเฉียงเหนือ,2567
40-49 ปี,92.96,ไตรมาส 4,สำนักงานสถิติแห่งชาติ,18,ชาย,ร้อยละ,ภาคตะวันออกเฉียงเหนือ,2567
50-59 ปี,93.57,ไตรมาส 4,สำนักงานสถิติแห่งชาติ,19,ชาย,ร้อยละ,ภาคตะวันออกเฉียงเหนือ,2567
60 ปีขึ้นไป,54.02,ไตรมาส 4,สำนักงานสถิติแห่งชาติ,20,ชาย,ร้อยละ,ภาคตะวันออกเฉียงเหนือ,2567
ยอดรวม,55.65,ไตรมาส 4,สำนักงานสถิติแห่งชาติ,21,หญิง,ร้อยละ,ภาคตะวันออกเฉียงเหนือ,2567
15-19 ปี,3.57,ไตรมาส 4,สำนักงานสถิติแห่งชาติ,22,หญิง,ร้อยละ,ภาคตะวันออกเฉียงเหนือ,2567
20-24 ปี,53.85,ไตรมาส 4,สำนักงานสถิติแห่งชาติ,23,หญิง,ร้อยละ,ภาคตะวันออกเฉียงเหนือ,2567
25-29 ปี,76.23,ไตรมาส 4,สำนักงานสถิติแห่งชาติ,24,หญิง,ร้อยละ,ภาคตะวันออกเฉียงเหนือ,2567
30-34 ปี,82.12,ไตรมาส 4,สำนักงานสถิติแห่งชาติ,25,หญิง,ร้อยละ,ภาคตะวันออกเฉียงเหนือ,2567
35-39 ปี,80.61,ไตรมาส 4,สำนักงานสถิติแห่งชาติ,26,หญิง,ร้อยละ,ภาคตะวันออกเฉียงเหนือ,2567
40-49 ปี,84.85,ไตรมาส 4,สำนักงานสถิติแห่งชาติ,27,หญิง,ร้อยละ,ภาคตะวันออกเฉียงเหนือ,2567
50-59 ปี,76.59,ไตรมาส 4,สำนักงานสถิติแห่งชาติ,28,หญิง,ร้อยละ,ภาคตะวันออกเฉียงเหนือ,2567
60 ปีขึ้นไป,30.1,ไตรมาส 4,สำนักงานสถิติแห่งชาติ,29,หญิง,ร้อยละ,ภาคตะวันออกเฉียงเหนือ,2567
ยอดรวม,68.01,ไตรมาส 4,สำนักงานสถิติแห่งชาติ,30,ยอดรวม,ร้อยละ,ภาคใต้,2567
15-19 ปี,11.13,ไตรมาส 4,สำนักงานสถิติแห่งชาติ,31,ยอดรวม,ร้อยละ,ภาคใต้,2567
20-24 ปี,64.17,ไตรมาส 4,สำนักงานสถิติแห่งชาติ,32,ยอดรวม,ร้อยละ,ภาคใต้,2567
25-29 ปี,85.41,ไตรมาส 4,สำนักงานสถิติแห่งชาติ,33,ยอดรวม,ร้อยละ,ภาคใต้,2567
30-34 ปี,87.13,ไตรมาส 4,สำนักงานสถิติแห่งชาติ,34,ยอดรวม,ร้อยละ,ภาคใต้,2567
35-39 ปี,87.31,ไตรมาส 4,สำนักงานสถิติแห่งชาติ,35,ยอดรวม,ร้อยละ,ภาคใต้,2567
40-49 ปี,88.37,ไตรมาส 4,สำนักงานสถิติแห่งชาติ,36,ยอดรวม,ร้อยละ,ภาคใต้,2567
50-59 ปี,84.07,ไตรมาส 4,สำนักงานสถิติแห่งชาติ,37,ยอดรวม,ร้อยละ,ภาคใต้,2567
60 ปีขึ้นไป,39.74,ไตรมาส 4,สำนักงานสถิติแห่งชาติ,38,ยอดรวม,ร้อยละ,ภาคใต้,2567
ยอดรวม,78.28,ไตรมาส 4,สำนักงานสถิติแห่งชาติ,39,ชาย,ร้อยละ,ภาคใต้,2567
15-19 ปี,16.45,ไตรมาส 4,สำนักงานสถิติแห่งชาติ,40,ชาย,ร้อยละ,ภาคใต้,2567
20-24 ปี,74.75,ไตรมาส 4,สำนักงานสถิติแห่งชาติ,41,ชาย,ร้อยละ,ภาคใต้,2567
25-29 ปี,95.34,ไตรมาส 4,สำนักงานสถิติแห่งชาติ,42,ชาย,ร้อยละ,ภาคใต้,2567
30-34 ปี,95.91,ไตรมาส 4,สำนักงานสถิติแห่งชาติ,43,ชาย,ร้อยละ,ภาคใต้,2567
35-39 ปี,95.51,ไตรมาส 4,สำนักงานสถิติแห่งชาติ,44,ชาย,ร้อยละ,ภาคใต้,2567
40-49 ปี,95.25,ไตรมาส 4,สำนักงานสถิติแห่งชาติ,45,ชาย,ร้อยละ,ภาคใต้,2567
50-59 ปี,93.99,ไตรมาส 4,สำนักงานสถิติแห่งชาติ,46,ชาย,ร้อยละ,ภาคใต้,2567
60 ปีขึ้นไป,53.48,ไตรมาส 4,สำนักงานสถิติแห่งชาติ,47,ชาย,ร้อยละ,ภาคใต้,2567
ยอดรวม,58.51,ไตรมาส 4,สำนักงานสถิติแห่งชาติ,48,หญิง,ร้อยละ,ภาคใต้,2567
15-19 ปี,5.65,ไตรมาส 4,สำนักงานสถิติแห่งชาติ,49,หญิง,ร้อยละ,ภาคใต้,2567
20-24 ปี,53.51,ไตรมาส 4,สำนักงานสถิติแห่งชาติ,50,หญิง,ร้อยละ,ภาคใต้,2567
25-29 ปี,75.37,ไตรมาส 4,สำนักงานสถิติแห่งชาติ,51,หญิง,ร้อยละ,ภาคใต้,2567
30-34 ปี,78.27,ไตรมาส 4,สำนักงานสถิติแห่งชาติ,52,หญิง,ร้อยละ,ภาคใต้,2567
35-39 ปี,79.05,ไตรมาส 4,สำนักงานสถิติแห่งชาติ,53,หญิง,ร้อยละ,ภาคใต้,2567
40-49 ปี,81.67,ไตรมาส 4,สำนักงานสถิติแห่งชาติ,54,หญิง,ร้อยละ,ภาคใต้,2567
50-59 ปี,74.88,ไตรมาส 4,สำนักงานสถิติแห่งชาติ,55,หญิง,ร้อยละ,ภาคใต้,2567
60 ปีขึ้นไป,29.68,ไตรมาส 4,สำนักงานสถิติแห่งชาติ,56,หญิง,ร้อยละ,ภาคใต้,2567
15-19 ปี,19.42,ไตรมาส 1,สำนักงานสถิติแห่งชาติ,57,ชาย,ร้อยละ,กรุงเทพมหานคร,2568
15-19 ปี,9.85,ไตรมาส 1,สำนักงานสถิติแห่งชาติ,58,หญิง,ร้อยละ,กรุงเทพมหานคร,2568
20-24 ปี,54.46,ไตรมาส 1,สำนักงานสถิติแห่งชาติ,59,หญิง,ร้อยละ,กรุงเทพมหานคร,2568
20-24 ปี,63.72,ไตรมาส 1,สำนักงานสถิติแห่งชาติ,60,ชาย,ร้อยละ,กรุงเทพมหานคร,2568
25-29 ปี,96.12,ไตรมาส 1,สำนักงานสถิติแห่งชาติ,61,ชาย,ร้อยละ,กรุงเทพมหานคร,2568
25-29 ปี,88.76,ไตรมาส 1,สำนักงานสถิติแห่งชาติ,62,หญิง,ร้อยละ,กรุงเทพมหานคร,2568
30-34 ปี,88.64,ไตรมาส 1,สำนักงานสถิติแห่งชาติ,63,หญิง,ร้อยละ,กรุงเทพมหานคร,2568
30-34 ปี,96.87,ไตรมาส 1,สำนักงานสถิติแห่งชาติ,64,ชาย,ร้อยละ,กรุงเทพมหานคร,2568
35-39 ปี,95.83,ไตรมาส 1,สำนักงานสถิติแห่งชาติ,65,ชาย,ร้อยละ,กรุงเทพมหานคร,2568
35-39 ปี,89.39,ไตรมาส 1,สำนักงานสถิติแห่งชาติ,66,หญิง,ร้อยละ,กรุงเทพมหานคร,2568
40-49 ปี,96.4,ไตรมาส 1,สำนักงานสถิติแห่งชาติ,67,ชาย,ร้อยละ,กรุงเทพมหานคร,2568
40-49 ปี,86.31,ไตรมาส 1,สำนักงานสถิติแห่งชาติ,68,หญิง,ร้อยละ,กรุงเทพมหานคร,2568
50-59 ปี,73.31,ไตรมาส 1,สำนักงานสถิติแห่งชาติ,69,หญิง,ร้อยละ,กรุงเทพมหานคร,2568
50-59 ปี,91.5,ไตรมาส 1,สำนักงานสถิติแห่งชาติ,70,ชาย,ร้อยละ,กรุงเทพมหานคร,2568
60 ปีขึ้นไป,27.96,ไตรมาส 1,สำนักงานสถิติแห่งชาติ,71,หญิง,ร้อยละ,กรุงเทพมหานคร,2568
60 ปีขึ้นไป,38.58,ไตรมาส 1,สำนักงานสถิติแห่งชาติ,72,ชาย,ร้อยละ,กรุงเทพมหานคร,2568
รวม,67.26,ไตรมาส 1,สำนักงานสถิติแห่งชาติ,73,หญิง,ร้อยละ,กรุงเทพมหานคร,2568
รวม,80.4,ไตรมาส 1,สำนักงานสถิติแห่งชาติ,74,ชาย,ร้อยละ,กรุงเทพมหานคร,2568
รวม,73.49,ไตรมาส 1,สำนักงานสถิติแห่งชาติ,75,รวม,ร้อยละ,กรุงเทพมหานคร,2568
รวม,67.53,ไตรมาส 1,สำนักงานสถิติแห่งชาติ,76,รวม,ร้อยละ,ทั่วราชอาณาจักร,2568
25-29 ปี,88.64,ไตรมาส 1,สำนักงานสถิติแห่งชาติ,77,ชาย,ร้อยละ,ภาคตะวันออกเฉียงเหนือ,2568
25-29 ปี,76.77,ไตรมาส 1,สำนักงานสถิติแห่งชาติ,78,หญิง,ร้อยละ,ภาคตะวันออกเฉียงเหนือ,2568
30-34 ปี,91.54,ไตรมาส 1,สำนักงานสถิติแห่งชาติ,79,ชาย,ร้อยละ,ภาคตะวันออกเฉียงเหนือ,2568
30-34 ปี,79.28,ไตรมาส 1,สำนักงานสถิติแห่งชาติ,80,หญิง,ร้อยละ,ภาคตะวันออกเฉียงเหนือ,2568
35-39 ปี,77.41,ไตรมาส 1,สำนักงานสถิติแห่งชาติ,81,หญิง,ร้อยละ,ภาคตะวันออกเฉียงเหนือ,2568
35-39 ปี,91.49,ไตรมาส 1,สำนักงานสถิติแห่งชาติ,82,ชาย,ร้อยละ,ภาคตะวันออกเฉียงเหนือ,2568
40-49 ปี,79.43,ไตรมาส 1,สำนักงานสถิติแห่งชาติ,83,หญิง,ร้อยละ,ภาคตะวันออกเฉียงเหนือ,2568
40-49 ปี,92.16,ไตรมาส 1,สำนักงานสถิติแห่งชาติ,84,ชาย,ร้อยละ,ภาคตะวันออกเฉียงเหนือ,2568
50-59 ปี,91.66,ไตรมาส 1,สำนักงานสถิติแห่งชาติ,85,ชาย,ร้อยละ,ภาคตะวันออกเฉียงเหนือ,2568
50-59 ปี,71.36,ไตรมาส 1,สำนักงานสถิติแห่งชาติ,86,หญิง,ร้อยละ,ภาคตะวันออกเฉียงเหนือ,2568
60 ปีขึ้นไป,51.1,ไตรมาส 1,สำนักงานสถิติแห่งชาติ,87,ชาย,ร้อยละ,ภาคตะวันออกเฉียงเหนือ,2568
60 ปีขึ้นไป,25.47,ไตรมาส 1,สำนักงานสถิติแห่งชาติ,88,หญิง,ร้อยละ,ภาคตะวันออกเฉียงเหนือ,2568
รวม,70.59,ไตรมาส 1,สำนักงานสถิติแห่งชาติ,89,ชาย,ร้อยละ,ภาคตะวันออกเฉียงเหนือ,2568
รวม,51.77,ไตรมาส 1,สำนักงานสถิติแห่งชาติ,90,หญิง,ร้อยละ,ภาคตะวันออกเฉียงเหนือ,2568
รวม,60.68,ไตรมาส 1,สำนักงานสถิติแห่งชาติ,91,รวม,ร้อยละ,ภาคตะวันออกเฉียงเหนือ,2568
15-19 ปี,17.94,ไตรมาส 1,สำนักงานสถิติแห่งชาติ,92,ชาย,ร้อยละ,ภาคเหนือ,2568
15-19 ปี,8.29,ไตรมาส 1,สำนักงานสถิติแห่งชาติ,93,หญิง,ร้อยละ,ภาคเหนือ,2568
20-24 ปี,71.94,ไตรมาส 1,สำนักงานสถิติแห่งชาติ,94,ชาย,ร้อยละ,ภาคเหนือ,2568
20-24 ปี,57.07,ไตรมาส 1,สำนักงานสถิติแห่งชาติ,95,หญิง,ร้อยละ,ภาคเหนือ,2568
25-29 ปี,90.9,ไตรมาส 1,สำนักงานสถิติแห่งชาติ,96,ชาย,ร้อยละ,ภาคเหนือ,2568
25-29 ปี,78.53,ไตรมาส 1,สำนักงานสถิติแห่งชาติ,97,หญิง,ร้อยละ,ภาคเหนือ,2568
30-34 ปี,93.75,ไตรมาส 1,สำนักงานสถิติแห่งชาติ,98,ชาย,ร้อยละ,ภาคเหนือ,2568
30-34 ปี,80.59,ไตรมาส 1,สำนักงานสถิติแห่งชาติ,99,หญิง,ร้อยละ,ภาคเหนือ,2568
35-39 ปี,85.58,ไตรมาส 1,สำนักงานสถิติแห่งชาติ,100,หญิง,ร้อยละ,ภาคเหนือ,2568
35-39 ปี,93.49,ไตรมาส 1,สำนักงานสถิติแห่งชาติ,101,ชาย,ร้อยละ,ภาคเหนือ,2568
40-49 ปี,84.42,ไตรมาส 1,สำนักงานสถิติแห่งชาติ,102,หญิง,ร้อยละ,ภาคเหนือ,2568
40-49 ปี,92.4,ไตรมาส 1,สำนักงานสถิติแห่งชาติ,103,ชาย,ร้อยละ,ภาคเหนือ,2568
50-59 ปี,91.74,ไตรมาส 1,สำนักงานสถิติแห่งชาติ,104,ชาย,ร้อยละ,ภาคเหนือ,2568
50-59 ปี,77.22,ไตรมาส 1,สำนักงานสถิติแห่งชาติ,105,หญิง,ร้อยละ,ภาคเหนือ,2568
60 ปีขึ้นไป,54.1,ไตรมาส 1,สำนักงานสถิติแห่งชาติ,106,ชาย,ร้อยละ,ภาคเหนือ,2568
60 ปีขึ้นไป,32.48,ไตรมาส 1,สำนักงานสถิติแห่งชาติ,107,หญิง,ร้อยละ,ภาคเหนือ,2568
รวม,73.91,ไตรมาส 1,สำนักงานสถิติแห่งชาติ,108,ชาย,ร้อยละ,ภาคเหนือ,2568
รวม,57.41,ไตรมาส 1,สำนักงานสถิติแห่งชาติ,109,หญิง,ร้อยละ,ภาคเหนือ,2568
รวม,65.22,ไตรมาส 1,สำนักงานสถิติแห่งชาติ,110,รวม,ร้อยละ,ภาคเหนือ,2568
15-19 ปี,16.35,ไตรมาส 2,สำนักงานสถิติแห่งชาติ,111,ชาย,ร้อยละ,กรุงเทพมหานคร,2568
15-19 ปี,11.75,ไตรมาส 2,สำนักงานสถิติแห่งชาติ,112,หญิง,ร้อยละ,กรุงเทพมหานคร,2568
20-24 ปี,58.16,ไตรมาส 2,สำนักงานสถิติแห่งชาติ,113,หญิง,ร้อยละ,กรุงเทพมหานคร,2568
20-24 ปี,66.13,ไตรมาส 2,สำนักงานสถิติแห่งชาติ,114,ชาย,ร้อยละ,กรุงเทพมหานคร,2568
25-29 ปี,94.32,ไตรมาส 2,สำนักงานสถิติแห่งชาติ,115,ชาย,ร้อยละ,กรุงเทพมหานคร,2568
25-29 ปี,91.1,ไตรมาส 2,สำนักงานสถิติแห่งชาติ,116,หญิง,ร้อยละ,กรุงเทพมหานคร,2568
30-34 ปี,89.38,ไตรมาส 2,สำนักงานสถิติแห่งชาติ,117,หญิง,ร้อยละ,กรุงเทพมหานคร,2568
30-34 ปี,97.28,ไตรมาส 2,สำนักงานสถิติแห่งชาติ,118,ชาย,ร้อยละ,กรุงเทพมหานคร,2568
35-39 ปี,96.7,ไตรมาส 2,สำนักงานสถิติแห่งชาติ,119,ชาย,ร้อยละ,กรุงเทพมหานคร,2568
35-39 ปี,88.2,ไตรมาส 2,สำนักงานสถิติแห่งชาติ,120,หญิง,ร้อยละ,กรุงเทพมหานคร,2568
40-49 ปี,97.26,ไตรมาส 2,สำนักงานสถิติแห่งชาติ,121,ชาย,ร้อยละ,กรุงเทพมหานคร,2568
40-49 ปี,86.04,ไตรมาส 2,สำนักงานสถิติแห่งชาติ,122,หญิง,ร้อยละ,กรุงเทพมหานคร,2568
50-59 ปี,72.47,ไตรมาส 2,สำนักงานสถิติแห่งชาติ,123,หญิง,ร้อยละ,กรุงเทพมหานคร,2568
50-59 ปี,91.5,ไตรมาส 2,สำนักงานสถิติแห่งชาติ,124,ชาย,ร้อยละ,กรุงเทพมหานคร,2568
60 ปีขึ้นไป,26.35,ไตรมาส 2,สำนักงานสถิติแห่งชาติ,125,หญิง,ร้อยละ,กรุงเทพมหานคร,2568
60 ปีขึ้นไป,36.46,ไตรมาส 2,สำนักงานสถิติแห่งชาติ,126,ชาย,ร้อยละ,กรุงเทพมหานคร,2568
รวม,67.0,ไตรมาส 2,สำนักงานสถิติแห่งชาติ,127,หญิง,ร้อยละ,กรุงเทพมหานคร,2568
รวม,80.18,ไตรมาส 2,สำนักงานสถิติแห่งชาติ,128,ชาย,ร้อยละ,กรุงเทพมหานคร,2568
รวม,73.24,ไตรมาส 2,สำนักงานสถิติแห่งชาติ,129,รวม,ร้อยละ,กรุงเทพมหานคร,2568
รวม,67.5,ไตรมาส 2,สำนักงานสถิติแห่งชาติ,130,รวม,ร้อยละ,ทั่วราชอาณาจักร,2568
15-19 ปี,11.24,ไตรมาส 2,สำนักงานสถิติแห่งชาติ,131,หญิง,ร้อยละ,ภาคกลาง,2568
15-19 ปี,16.72,ไตรมาส 2,สำนักงานสถิติแห่งชาติ,132,ชาย,ร้อยละ,ภาคกลาง,2568
20-24 ปี,74.08,ไตรมาส 2,สำนักงานสถิติแห่งชาติ,133,ชาย,ร้อยละ,ภาคกลาง,2568
20-24 ปี,55.38,ไตรมาส 2,สำนักงานสถิติแห่งชาติ,134,หญิง,ร้อยละ,ภาคกลาง,2568
25-29 ปี,88.94,ไตรมาส 2,สำนักงานสถิติแห่งชาติ,135,หญิง,ร้อยละ,ภาคกลาง,2568
25-29 ปี,95.57,ไตรมาส 2,สำนักงานสถิติแห่งชาติ,136,ชาย,ร้อยละ,ภาคกลาง,2568
30-34 ปี,90.4,ไตรมาส 2,สำนักงานสถิติแห่งชาติ,137,หญิง,ร้อยละ,ภาคกลาง,2568
30-34 ปี,95.72,ไตรมาส 2,สำนักงานสถิติแห่งชาติ,138,ชาย,ร้อยละ,ภาคกลาง,2568
35-39 ปี,96.74,ไตรมาส 2,สำนักงานสถิติแห่งชาติ,139,ชาย,ร้อยละ,ภาคกลาง,2568
35-39 ปี,88.65,ไตรมาส 2,สำนักงานสถิติแห่งชาติ,140,หญิง,ร้อยละ,ภาคกลาง,2568
40-49 ปี,96.2,ไตรมาส 2,สำนักงานสถิติแห่งชาติ,141,ชาย,ร้อยละ,ภาคกลาง,2568
40-49 ปี,83.69,ไตรมาส 2,สำนักงานสถิติแห่งชาติ,142,หญิง,ร้อยละ,ภาคกลาง,2568
50-59 ปี,89.36,ไตรมาส 2,สำนักงานสถิติแห่งชาติ,143,ชาย,ร้อยละ,ภาคกลาง,2568
50-59 ปี,71.88,ไตรมาส 2,สำนักงานสถิติแห่งชาติ,144,หญิง,ร้อยละ,ภาคกลาง,2568
60 ปีขึ้นไป,27.0,ไตรมาส 2,สำนักงานสถิติแห่งชาติ,145,หญิง,ร้อยละ,ภาคกลาง,2568
60 ปีขึ้นไป,41.3,ไตรมาส 2,สำนักงานสถิติแห่งชาติ,146,ชาย,ร้อยละ,ภาคกลาง,2568
รวม,78.2,ไตรมาส 2,สำนักงานสถิติแห่งชาติ,147,ชาย,ร้อยละ,ภาคกลาง,2568
รวม,63.2,ไตรมาส 2,สำนักงานสถิติแห่งชาติ,148,หญิง,ร้อยละ,ภาคกลาง,2568
รวม,70.34,ไตรมาส 2,สำนักงานสถิติแห่งชาติ,149,รวม,ร้อยละ,ภาคกลาง,2568
15-19 ปี,18.39,ไตรมาส 2,สำนักงานสถิติแห่งชาติ,150,ชาย,ร้อยละ,ภาคใต้,2568
15-19 ปี,9.98,ไตรมาส 2,สำนักงานสถิติแห่งชาติ,151,หญิง,ร้อยละ,ภาคใต้,2568
20-24 ปี,73.49,ไตรมาส 2,สำนักงานสถิติแห่งชาติ,152,ชาย,ร้อยละ,ภาคใต้,2568
20-24 ปี,54.49,ไตรมาส 2,สำนักงานสถิติแห่งชาติ,153,หญิง,ร้อยละ,ภาคใต้,2568
25-29 ปี,96.01,ไตรมาส 2,สำนักงานสถิติแห่งชาติ,154,ชาย,ร้อยละ,ภาคใต้,2568
25-29 ปี,77.42,ไตรมาส 2,สำนักงานสถิติแห่งชาติ,155,หญิง,ร้อยละ,ภาคใต้,2568
30-34 ปี,96.24,ไตรมาส 2,สำนักงานสถิติแห่งชาติ,156,ชาย,ร้อยละ,ภาคใต้,2568
30-34 ปี,77.13,ไตรมาส 2,สำนักงานสถิติแห่งชาติ,157,หญิง,ร้อยละ,ภาคใต้,2568
35-39 ปี,80.28,ไตรมาส 2,สำนักงานสถิติแห่งชาติ,158,หญิง,ร้อยละ,ภาคใต้,2568
35-39 ปี,96.64,ไตรมาส 2,สำนักงานสถิติแห่งชาติ,159,ชาย,ร้อยละ,ภาคใต้,2568
40-49 ปี,79.74,ไตรมาส 2,สำนักงานสถิติแห่งชาติ,160,หญิง,ร้อยละ,ภาคใต้,2568
40-49 ปี,96.31,ไตรมาส 2,สำนักงานสถิติแห่งชาติ,161,ชาย,ร้อยละ,ภาคใต้,2568
50-59 ปี,93.01,ไตรมาส 2,สำนักงานสถิติแห่งชาติ,162,ชาย,ร้อยละ,ภาคใต้,2568
50-59 ปี,76.22,ไตรมาส 2,สำนักงานสถิติแห่งชาติ,163,หญิง,ร้อยละ,ภาคใต้,2568
60 ปีขึ้นไป,54.18,ไตรมาส 2,สำนักงานสถิติแห่งชาติ,164,ชาย,ร้อยละ,ภาคใต้,2568
60 ปีขึ้นไป,32.39,ไตรมาส 2,สำนักงานสถิติแห่งชาติ,165,หญิง,ร้อยละ,ภาคใต้,2568
รวม,78.69,ไตรมาส 2,สำนักงานสถิติแห่งชาติ,166,ชาย,ร้อยละ,ภาคใต้,2568
รวม,59.63,ไตรมาส 2,สำนักงานสถิติแห่งชาติ,167,หญิง,ร้อยละ,ภาคใต้,2568
รวม,68.79,ไตรมาส 2,สำนักงานสถิติแห่งชาติ,168,รวม,ร้อยละ,ภาคใต้,2568
15-19 ปี,14.08,ไตรมาส 2,สำนักงานสถิติแห่งชาติ,169,ชาย,ร้อยละ,ภาคใต้ชายแดน,2568
15-19 ปี,3.08,ไตรมาส 2,สำนักงานสถิติแห่งชาติ,170,หญิง,ร้อยละ,ภาคใต้ชายแดน,2568
20-24 ปี,75.33,ไตรมาส 2,สำนักงานสถิติแห่งชาติ,171,ชาย,ร้อยละ,ภาคใต้ชายแดน,2568
20-24 ปี,50.87,ไตรมาส 2,สำนักงานสถิติแห่งชาติ,172,หญิง,ร้อยละ,ภาคใต้ชายแดน,2568
25-29 ปี,95.23,ไตรมาส 2,สำนักงานสถิติแห่งชาติ,173,ชาย,ร้อยละ,ภาคใต้ชายแดน,2568
25-29 ปี,69.42,ไตรมาส 2,สำนักงานสถิติแห่งชาติ,174,หญิง,ร้อยละ,ภาคใต้ชายแดน,2568
30-34 ปี,95.98,ไตรมาส 2,สำนักงานสถิติแห่งชาติ,175,ชาย,ร้อยละ,ภาคใต้ชายแดน,2568
30-34 ปี,64.99,ไตรมาส 2,สำนักงานสถิติแห่งชาติ,176,หญิง,ร้อยละ,ภาคใต้ชายแดน,2568
35-39 ปี,64.83,ไตรมาส 2,สำนักงานสถิติแห่งชาติ,177,หญิง,ร้อยละ,ภาคใต้ชายแดน,2568
35-39 ปี,95.67,ไตรมาส 2,สำนักงานสถิติแห่งชาติ,178,ชาย,ร้อยละ,ภาคใต้ชายแดน,2568
40-49 ปี,76.75,ไตรมาส 2,สำนักงานสถิติแห่งชาติ,179,หญิง,ร้อยละ,ภาคใต้ชายแดน,2568
40-49 ปี,98.58,ไตรมาส 2,สำนักงานสถิติแห่งชาติ,180,ชาย,ร้อยละ,ภาคใต้ชายแดน,2568
50-59 ปี,93.96,ไตรมาส 2,สำนักงานสถิติแห่งชาติ,181,ชาย,ร้อยละ,ภาคใต้ชายแดน,2568
50-59 ปี,78.94,ไตรมาส 2,สำนักงานสถิติแห่งชาติ,182,หญิง,ร้อยละ,ภาคใต้ชายแดน,2568
60 ปีขึ้นไป,52.88,ไตรมาส 2,สำนักงานสถิติแห่งชาติ,183,ชาย,ร้อยละ,ภาคใต้ชายแดน,2568
60 ปีขึ้นไป,25.72,ไตรมาส 2,สำนักงานสถิติแห่งชาติ,184,หญิง,ร้อยละ,ภาคใต้ชายแดน,2568
รวม,78.27,ไตรมาส 2,สำนักงานสถิติแห่งชาติ,185,ชาย,ร้อยละ,ภาคใต้ชายแดน,2568
รวม,53.89,ไตรมาส 2,สำนักงานสถิติแห่งชาติ,186,หญิง,ร้อยละ,ภาคใต้ชายแดน,2568
รวม,65.59,ไตรมาส 2,สำนักงานสถิติแห่งชาติ,187,รวม,ร้อยละ,ภาคใต้ชายแดน,2568
15-19 ปี,25.59,ไตรมาส 2,สำนักงานสถิติแห่งชาติ,188,ชาย,ร้อยละ,ภาคตะวันออก,2568
15-19 ปี,9.41,ไตรมาส 2,สำนักงานสถิติแห่งชาติ,189,หญิง,ร้อยละ,ภาคตะวันออก,2568
20-24 ปี,70.2,ไตรมาส 2,สำนักงานสถิติแห่งชาติ,190,ชาย,ร้อยละ,ภาคตะวันออก,2568
20-24 ปี,61.14,ไตรมาส 2,สำนักงานสถิติแห่งชาติ,191,หญิง,ร้อยละ,ภาคตะวันออก,2568
25-29 ปี,94.64,ไตรมาส 2,สำนักงานสถิติแห่งชาติ,192,ชาย,ร้อยละ,ภาคตะวันออก,2568
25-29 ปี,86.11,ไตรมาส 2,สำนักงานสถิติแห่งชาติ,193,หญิง,ร้อยละ,ภาคตะวันออก,2568
30-34 ปี,97.43,ไตรมาส 2,สำนักงานสถิติแห่งชาติ,194,ชาย,ร้อยละ,ภาคตะวันออก,2568
30-34 ปี,88.19,ไตรมาส 2,สำนักงานสถิติแห่งชาติ,195,หญิง,ร้อยละ,ภาคตะวันออก,2568
35-39 ปี,87.81,ไตรมาส 2,สำนักงานสถิติแห่งชาติ,196,หญิง,ร้อยละ,ภาคตะวันออก,2568
35-39 ปี,95.67,ไตรมาส 2,สำนักงานสถิติแห่งชาติ,197,ชาย,ร้อยละ,ภาคตะวันออก,2568
40-49 ปี,83.59,ไตรมาส 2,สำนักงานสถิติแห่งชาติ,198,หญิง,ร้อยละ,ภาคตะวันออก,2568
40-49 ปี,94.23,ไตรมาส 2,สำนักงานสถิติแห่งชาติ,199,ชาย,ร้อยละ,ภาคตะวันออก,2568
50-59 ปี,92.53,ไตรมาส 2,สำนักงานสถิติแห่งชาติ,200,ชาย,ร้อยละ,ภาคตะวันออก,2568
50-59 ปี,64.18,ไตรมาส 2,สำนักงานสถิติแห่งชาติ,201,หญิง,ร้อยละ,ภาคตะวันออก,2568
60 ปีขึ้นไป,48.13,ไตรมาส 2,สำนักงานสถิติแห่งชาติ,202,ชาย,ร้อยละ,ภาคตะวันออก,2568
60 ปีขึ้นไป,30.37,ไตรมาส 2,สำนักงานสถิติแห่งชาติ,203,หญิง,ร้อยละ,ภาคตะวันออก,2568
รวม,80.28,ไตรมาส 2,สำนักงานสถิติแห่งชาติ,204,ชาย,ร้อยละ,ภาคตะวันออก,2568
รวม,63.62,ไตรมาส 2,สำนักงานสถิติแห่งชาติ,205,หญิง,ร้อยละ,ภาคตะวันออก,2568
รวม,71.7,ไตรมาส 2,สำนักงานสถิติแห่งชาติ,206,รวม,ร้อยละ,ภาคตะวันออก,2568
15-19 ปี,12.75,ไตรมาส 2,สำนักงานสถิติแห่งชาติ,207,ชาย,ร้อยละ,ภาคตะวันออกเฉียงเหนือ,2568
15-19 ปี,4.73,ไตรมาส 2,สำนักงานสถิติแห่งชาติ,208,หญิง,ร้อยละ,ภาคตะวันออกเฉียงเหนือ,2568
20-24 ปี,67.26,ไตรมาส 2,สำนักงานสถิติแห่งชาติ,209,ชาย,ร้อยละ,ภาคตะวันออกเฉียงเหนือ,2568
20-24 ปี,51.92,ไตรมาส 2,สำนักงานสถิติแห่งชาติ,210,หญิง,ร้อยละ,ภาคตะวันออกเฉียงเหนือ,2568
25-29 ปี,89.1,ไตรมาส 2,สำนักงานสถิติแห่งชาติ,211,ชาย,ร้อยละ,ภาคตะวันออกเฉียงเหนือ,2568
25-29 ปี,75.77,ไตรมาส 2,สำนักงานสถิติแห่งชาติ,212,หญิง,ร้อยละ,ภาคตะวันออกเฉียงเหนือ,2568
30-34 ปี,92.59,ไตรมาส 2,สำนักงานสถิติแห่งชาติ,213,ชาย,ร้อยละ,ภาคตะวันออกเฉียงเหนือ,2568
30-34 ปี,79.26,ไตรมาส 2,สำนักงานสถิติแห่งชาติ,214,หญิง,ร้อยละ,ภาคตะวันออกเฉียงเหนือ,2568
35-39 ปี,82.72,ไตรมาส 2,สำนักงานสถิติแห่งชาติ,215,หญิง,ร้อยละ,ภาคตะวันออกเฉียงเหนือ,2568
35-39 ปี,93.72,ไตรมาส 2,สำนักงานสถิติแห่งชาติ,216,ชาย,ร้อยละ,ภาคตะวันออกเฉียงเหนือ,2568
40-49 ปี,81.05,ไตรมาส 2,สำนักงานสถิติแห่งชาติ,217,หญิง,ร้อยละ,ภาคตะวันออกเฉียงเหนือ,2568
40-49 ปี,92.77,ไตรมาส 2,สำนักงานสถิติแห่งชาติ,218,ชาย,ร้อยละ,ภาคตะวันออกเฉียงเหนือ,2568
50-59 ปี,92.29,ไตรมาส 2,สำนักงานสถิติแห่งชาติ,219,ชาย,ร้อยละ,ภาคตะวันออกเฉียงเหนือ,2568
50-59 ปี,73.91,ไตรมาส 2,สำนักงานสถิติแห่งชาติ,220,หญิง,ร้อยละ,ภาคตะวันออกเฉียงเหนือ,2568
60 ปีขึ้นไป,50.53,ไตรมาส 2,สำนักงานสถิติแห่งชาติ,221,ชาย,ร้อยละ,ภาคตะวันออกเฉียงเหนือ,2568
60 ปีขึ้นไป,27.15,ไตรมาส 2,สำนักงานสถิติแห่งชาติ,222,หญิง,ร้อยละ,ภาคตะวันออกเฉียงเหนือ,2568
รวม,71.14,ไตรมาส 2,สำนักงานสถิติแห่งชาติ,223,ชาย,ร้อยละ,ภาคตะวันออกเฉียงเหนือ,2568
รวม,53.34,ไตรมาส 2,สำนักงานสถิติแห่งชาติ,224,หญิง,ร้อยละ,ภาคตะวันออกเฉียงเหนือ,2568
รวม,61.77,ไตรมาส 2,สำนักงานสถิติแห่งชาติ,225,รวม,ร้อยละ,ภาคตะวันออกเฉียงเหนือ,2568
15-19 ปี,17.62,ไตรมาส 2,สำนักงานสถิติแห่งชาติ,226,ชาย,ร้อยละ,ภาคเหนือ,2568
15-19 ปี,6.86,ไตรมาส 2,สำนักงานสถิติแห่งชาติ,227,หญิง,ร้อยละ,ภาคเหนือ,2568
20-24 ปี,69.01,ไตรมาส 2,สำนักงานสถิติแห่งชาติ,228,ชาย,ร้อยละ,ภาคเหนือ,2568
20-24 ปี,57.15,ไตรมาส 2,สำนักงานสถิติแห่งชาติ,229,หญิง,ร้อยละ,ภาคเหนือ,2568
25-29 ปี,93.06,ไตรมาส 2,สำนักงานสถิติแห่งชาติ,230,ชาย,ร้อยละ,ภาคเหนือ,2568
25-29 ปี,82.58,ไตรมาส 2,สำนักงานสถิติแห่งชาติ,231,หญิง,ร้อยละ,ภาคเหนือ,2568
30-34 ปี,92.66,ไตรมาส 2,สำนักงานสถิติแห่งชาติ,232,ชาย,ร้อยละ,ภาคเหนือ,2568
30-34 ปี,77.33,ไตรมาส 2,สำนักงานสถิติแห่งชาติ,233,หญิง,ร้อยละ,ภาคเหนือ,2568
35-39 ปี,85.55,ไตรมาส 2,สำนักงานสถิติแห่งชาติ,234,หญิง,ร้อยละ,ภาคเหนือ,2568
35-39 ปี,94.6,ไตรมาส 2,สำนักงานสถิติแห่งชาติ,235,ชาย,ร้อยละ,ภาคเหนือ,2568
40-49 ปี,83.31,ไตรมาส 2,สำนักงานสถิติแห่งชาติ,236,หญิง,ร้อยละ,ภาคเหนือ,2568
40-49 ปี,93.39,ไตรมาส 2,สำนักงานสถิติแห่งชาติ,237,ชาย,ร้อยละ,ภาคเหนือ,2568
50-59 ปี,91.76,ไตรมาส 2,สำนักงานสถิติแห่งชาติ,238,ชาย,ร้อยละ,ภาคเหนือ,2568
50-59 ปี,74.4,ไตรมาส 2,สำนักงานสถิติแห่งชาติ,239,หญิง,ร้อยละ,ภาคเหนือ,2568
60 ปีขึ้นไป,53.96,ไตรมาส 2,สำนักงานสถิติแห่งชาติ,240,ชาย,ร้อยละ,ภาคเหนือ,2568
60 ปีขึ้นไป,31.55,ไตรมาส 2,สำนักงานสถิติแห่งชาติ,241,หญิง,ร้อยละ,ภาคเหนือ,2568
รวม,73.87,ไตรมาส 2,สำนักงานสถิติแห่งชาติ,242,ชาย,ร้อยละ,ภาคเหนือ,2568
รวม,56.33,ไตรมาส 2,สำนักงานสถิติแห่งชาติ,243,หญิง,ร้อยละ,ภาคเหนือ,2568
รวม,64.63,ไตรมาส 2,สำนักงานสถิติแห่งชาติ,244,รวม,ร้อยละ,ภาคเหนือ,2568
15-19 ปี,19.38,ไตรมาส 3,สำนักงานสถิติแห่งชาติ,245,ชาย,ร้อยละ,กรุงเทพมหานคร,2568
15-19 ปี,10.98,ไตรมาส 3,สำนักงานสถิติแห่งชาติ,246,หญิง,ร้อยละ,กรุงเทพมหานคร,2568
20-24 ปี,56.62,ไตรมาส 3,สำนักงานสถิติแห่งชาติ,247,หญิง,ร้อยละ,กรุงเทพมหานคร,2568
20-24 ปี,62.78,ไตรมาส 3,สำนักงานสถิติแห่งชาติ,248,ชาย,ร้อยละ,กรุงเทพมหานคร,2568
25-29 ปี,93.4,ไตรมาส 3,สำนักงานสถิติแห่งชาติ,249,ชาย,ร้อยละ,กรุงเทพมหานคร,2568
25-29 ปี,91.84,ไตรมาส 3,สำนักงานสถิติแห่งชาติ,250,หญิง,ร้อยละ,กรุงเทพมหานคร,2568
30-34 ปี,89.41,ไตรมาส 3,สำนักงานสถิติแห่งชาติ,251,หญิง,ร้อยละ,กรุงเทพมหานคร,2568
30-34 ปี,97.03,ไตรมาส 3,สำนักงานสถิติแห่งชาติ,252,ชาย,ร้อยละ,กรุงเทพมหานคร,2568
35-39 ปี,96.18,ไตรมาส 3,สำนักงานสถิติแห่งชาติ,253,ชาย,ร้อยละ,กรุงเทพมหานคร,2568
35-39 ปี,85.97,ไตรมาส 3,สำนักงานสถิติแห่งชาติ,254,หญิง,ร้อยละ,กรุงเทพมหานคร,2568
40-49 ปี,95.08,ไตรมาส 3,สำนักงานสถิติแห่งชาติ,255,ชาย,ร้อยละ,กรุงเทพมหานคร,2568
40-49 ปี,85.86,ไตรมาส 3,สำนักงานสถิติแห่งชาติ,256,หญิง,ร้อยละ,กรุงเทพมหานคร,2568
50-59 ปี,71.49,ไตรมาส 3,สำนักงานสถิติแห่งชาติ,257,หญิง,ร้อยละ,กรุงเทพมหานคร,2568
50-59 ปี,89.71,ไตรมาส 3,สำนักงานสถิติแห่งชาติ,258,ชาย,ร้อยละ,กรุงเทพมหานคร,2568
60 ปีขึ้นไป,24.59,ไตรมาส 3,สำนักงานสถิติแห่งชาติ,259,หญิง,ร้อยละ,กรุงเทพมหานคร,2568
60 ปีขึ้นไป,35.39,ไตรมาส 3,สำนักงานสถิติแห่งชาติ,260,ชาย,ร้อยละ,กรุงเทพมหานคร,2568
รวม,65.93,ไตรมาส 3,สำนักงานสถิติแห่งชาติ,261,หญิง,ร้อยละ,กรุงเทพมหานคร,2568
รวม,78.79,ไตรมาส 3,สำนักงานสถิติแห่งชาติ,262,ชาย,ร้อยละ,กรุงเทพมหานคร,2568
รวม,72.03,ไตรมาส 3,สำนักงานสถิติแห่งชาติ,263,รวม,ร้อยละ,กรุงเทพมหานคร,2568
รวม,67.57,ไตรมาส 3,สำนักงานสถิติแห่งชาติ,264,รวม,ร้อยละ,ทั่วราชอาณาจักร,2568
15-19 ปี,7.05,ไตรมาส 3,สำนักงานสถิติแห่งชาติ,265,หญิง,ร้อยละ,ภาคกลาง,2568
15-19 ปี,12.27,ไตรมาส 3,สำนักงานสถิติแห่งชาติ,266,ชาย,ร้อยละ,ภาคกลาง,2568
20-24 ปี,70.36,ไตรมาส 3,สำนักงานสถิติแห่งชาติ,267,ชาย,ร้อยละ,ภาคกลาง,2568
20-24 ปี,58.53,ไตรมาส 3,สำนักงานสถิติแห่งชาติ,268,หญิง,ร้อยละ,ภาคกลาง,2568
25-29 ปี,89.45,ไตรมาส 3,สำนักงานสถิติแห่งชาติ,269,หญิง,ร้อยละ,ภาคกลาง,2568
25-29 ปี,93.47,ไตรมาส 3,สำนักงานสถิติแห่งชาติ,270,ชาย,ร้อยละ,ภาคกลาง,2568
30-34 ปี,89.05,ไตรมาส 3,สำนักงานสถิติแห่งชาติ,271,หญิง,ร้อยละ,ภาคกลาง,2568
30-34 ปี,97.01,ไตรมาส 3,สำนักงานสถิติแห่งชาติ,272,ชาย,ร้อยละ,ภาคกลาง,2568
35-39 ปี,97.13,ไตรมาส 3,สำนักงานสถิติแห่งชาติ,273,ชาย,ร้อยละ,ภาคกลาง,2568
35-39 ปี,87.15,ไตรมาส 3,สำนักงานสถิติแห่งชาติ,274,หญิง,ร้อยละ,ภาคกลาง,2568
40-49 ปี,95.59,ไตรมาส 3,สำนักงานสถิติแห่งชาติ,275,ชาย,ร้อยละ,ภาคกลาง,2568
40-49 ปี,85.91,ไตรมาส 3,สำนักงานสถิติแห่งชาติ,276,หญิง,ร้อยละ,ภาคกลาง,2568
50-59 ปี,89.95,ไตรมาส 3,สำนักงานสถิติแห่งชาติ,277,ชาย,ร้อยละ,ภาคกลาง,2568
50-59 ปี,70.01,ไตรมาส 3,สำนักงานสถิติแห่งชาติ,278,หญิง,ร้อยละ,ภาคกลาง,2568
60 ปีขึ้นไป,25.89,ไตรมาส 3,สำนักงานสถิติแห่งชาติ,279,หญิง,ร้อยละ,ภาคกลาง,2568
60 ปีขึ้นไป,40.1,ไตรมาส 3,สำนักงานสถิติแห่งชาติ,280,ชาย,ร้อยละ,ภาคกลาง,2568
รวม,77.29,ไตรมาส 3,สำนักงานสถิติแห่งชาติ,281,ชาย,ร้อยละ,ภาคกลาง,2568
รวม,62.72,ไตรมาส 3,สำนักงานสถิติแห่งชาติ,282,หญิง,ร้อยละ,ภาคกลาง,2568
รวม,69.66,ไตรมาส 3,สำนักงานสถิติแห่งชาติ,283,รวม,ร้อยละ,ภาคกลาง,2568
15-19 ปี,19.25,ไตรมาส 3,สำนักงานสถิติแห่งชาติ,284,ชาย,ร้อยละ,ภาคใต้,2568
15-19 ปี,6.93,ไตรมาส 3,สำนักงานสถิติแห่งชาติ,285,หญิง,ร้อยละ,ภาคใต้,2568
20-24 ปี,71.34,ไตรมาส 3,สำนักงานสถิติแห่งชาติ,286,ชาย,ร้อยละ,ภาคใต้,2568
20-24 ปี,53.52,ไตรมาส 3,สำนักงานสถิติแห่งชาติ,287,หญิง,ร้อยละ,ภาคใต้,2568
25-29 ปี,94.83,ไตรมาส 3,สำนักงานสถิติแห่งชาติ,288,ชาย,ร้อยละ,ภาคใต้,2568
25-29 ปี,81.53,ไตรมาส 3,สำนักงานสถิติแห่งชาติ,289,หญิง,ร้อยละ,ภาคใต้,2568
30-34 ปี,95.45,ไตรมาส 3,สำนักงานสถิติแห่งชาติ,290,ชาย,ร้อยละ,ภาคใต้,2568
30-34 ปี,78.53,ไตรมาส 3,สำนักงานสถิติแห่งชาติ,291,หญิง,ร้อยละ,ภาคใต้,2568
35-39 ปี,80.43,ไตรมาส 3,สำนักงานสถิติแห่งชาติ,292,หญิง,ร้อยละ,ภาคใต้,2568
35-39 ปี,95.81,ไตรมาส 3,สำนักงานสถิติแห่งชาติ,293,ชาย,ร้อยละ,ภาคใต้,2568
40-49 ปี,82.68,ไตรมาส 3,สำนักงานสถิติแห่งชาติ,294,หญิง,ร้อยละ,ภาคใต้,2568
40-49 ปี,96.43,ไตรมาส 3,สำนักงานสถิติแห่งชาติ,295,ชาย,ร้อยละ,ภาคใต้,2568
50-59 ปี,93.52,ไตรมาส 3,สำนักงานสถิติแห่งชาติ,296,ชาย,ร้อยละ,ภาคใต้,2568
50-59 ปี,77.02,ไตรมาส 3,สำนักงานสถิติแห่งชาติ,297,หญิง,ร้อยละ,ภาคใต้,2568
60 ปีขึ้นไป,53.87,ไตรมาส 3,สำนักงานสถิติแห่งชาติ,298,ชาย,ร้อยละ,ภาคใต้,2568
60 ปีขึ้นไป,32.75,ไตรมาส 3,สำนักงานสถิติแห่งชาติ,299,หญิง,ร้อยละ,ภาคใต้,2568
รวม,78.3,ไตรมาส 3,สำนักงานสถิติแห่งชาติ,300,ชาย,ร้อยละ,ภาคใต้,2568
รวม,60.44,ไตรมาส 3,สำนักงานสถิติแห่งชาติ,301,หญิง,ร้อยละ,ภาคใต้,2568
รวม,69.02,ไตรมาส 3,สำนักงานสถิติแห่งชาติ,302,รวม,ร้อยละ,ภาคใต้,2568
15-19 ปี,11.62,ไตรมาส 3,สำนักงานสถิติแห่งชาติ,303,ชาย,ร้อยละ,ภาคใต้ชายแดน,2568
15-19 ปี,4.48,ไตรมาส 3,สำนักงานสถิติแห่งชาติ,304,หญิง,ร้อยละ,ภาคใต้ชายแดน,2568
20-24 ปี,75.88,ไตรมาส 3,สำนักงานสถิติแห่งชาติ,305,ชาย,ร้อยละ,ภาคใต้ชายแดน,2568
20-24 ปี,54.51,ไตรมาส 3,สำนักงานสถิติแห่งชาติ,306,หญิง,ร้อยละ,ภาคใต้ชายแดน,2568
25-29 ปี,94.94,ไตรมาส 3,สำนักงานสถิติแห่งชาติ,307,ชาย,ร้อยละ,ภาคใต้ชายแดน,2568
25-29 ปี,67.14,ไตรมาส 3,สำนักงานสถิติแห่งชาติ,308,หญิง,ร้อยละ,ภาคใต้ชายแดน,2568
30-34 ปี,94.59,ไตรมาส 3,สำนักงานสถิติแห่งชาติ,309,ชาย,ร้อยละ,ภาคใต้ชายแดน,2568
30-34 ปี,64.43,ไตรมาส 3,สำนักงานสถิติแห่งชาติ,310,หญิง,ร้อยละ,ภาคใต้ชายแดน,2568
35-39 ปี,70.57,ไตรมาส 3,สำนักงานสถิติแห่งชาติ,311,หญิง,ร้อยละ,ภาคใต้ชายแดน,2568
35-39 ปี,96.88,ไตรมาส 3,สำนักงานสถิติแห่งชาติ,312,ชาย,ร้อยละ,ภาคใต้ชายแดน,2568
40-49 ปี,74.61,ไตรมาส 3,สำนักงานสถิติแห่งชาติ,313,หญิง,ร้อยละ,ภาคใต้ชายแดน,2568
40-49 ปี,97.48,ไตรมาส 3,สำนักงานสถิติแห่งชาติ,314,ชาย,ร้อยละ,ภาคใต้ชายแดน,2568
50-59 ปี,95.06,ไตรมาส 3,สำนักงานสถิติแห่งชาติ,315,ชาย,ร้อยละ,ภาคใต้ชายแดน,2568
50-59 ปี,76.54,ไตรมาส 3,สำนักงานสถิติแห่งชาติ,316,หญิง,ร้อยละ,ภาคใต้ชายแดน,2568
60 ปีขึ้นไป,52.34,ไตรมาส 3,สำนักงานสถิติแห่งชาติ,317,ชาย,ร้อยละ,ภาคใต้ชายแดน,2568
60 ปีขึ้นไป,23.77,ไตรมาส 3,สำนักงานสถิติแห่งชาติ,318,หญิง,ร้อยละ,ภาคใต้ชายแดน,2568
รวม,77.9,ไตรมาส 3,สำนักงานสถิติแห่งชาติ,319,ชาย,ร้อยละ,ภาคใต้ชายแดน,2568
รวม,53.15,ไตรมาส 3,สำนักงานสถิติแห่งชาติ,320,หญิง,ร้อยละ,ภาคใต้ชายแดน,2568
รวม,65.03,ไตรมาส 3,สำนักงานสถิติแห่งชาติ,321,รวม,ร้อยละ,ภาคใต้ชายแดน,2568
15-19 ปี,15.24,ไตรมาส 3,สำนักงานสถิติแห่งชาติ,322,ชาย,ร้อยละ,ภาคตะวันออก,2568
15-19 ปี,9.9,ไตรมาส 3,สำนักงานสถิติแห่งชาติ,323,หญิง,ร้อยละ,ภาคตะวันออก,2568
20-24 ปี,74.48,ไตรมาส 3,สำนักงานสถิติแห่งชาติ,324,ชาย,ร้อยละ,ภาคตะวันออก,2568
20-24 ปี,69.9,ไตรมาส 3,สำนักงานสถิติแห่งชาติ,325,หญิง,ร้อยละ,ภาคตะวันออก,2568
25-29 ปี,93.13,ไตรมาส 3,สำนักงานสถิติแห่งชาติ,326,ชาย,ร้อยละ,ภาคตะวันออก,2568
25-29 ปี,83.03,ไตรมาส 3,สำนักงานสถิติแห่งชาติ,327,หญิง,ร้อยละ,ภาคตะวันออก,2568
30-34 ปี,95.42,ไตรมาส 3,สำนักงานสถิติแห่งชาติ,328,ชาย,ร้อยละ,ภาคตะวันออก,2568
30-34 ปี,87.88,ไตรมาส 3,สำนักงานสถิติแห่งชาติ,329,หญิง,ร้อยละ,ภาคตะวันออก,2568
35-39 ปี,85.89,ไตรมาส 3,สำนักงานสถิติแห่งชาติ,330,หญิง,ร้อยละ,ภาคตะวันออก,2568
35-39 ปี,96.43,ไตรมาส 3,สำนักงานสถิติแห่งชาติ,331,ชาย,ร้อยละ,ภาคตะวันออก,2568
40-49 ปี,84.26,ไตรมาส 3,สำนักงานสถิติแห่งชาติ,332,หญิง,ร้อยละ,ภาคตะวันออก,2568
40-49 ปี,96.28,ไตรมาส 3,สำนักงานสถิติแห่งชาติ,333,ชาย,ร้อยละ,ภาคตะวันออก,2568
50-59 ปี,94.26,ไตรมาส 3,สำนักงานสถิติแห่งชาติ,334,ชาย,ร้อยละ,ภาคตะวันออก,2568
50-59 ปี,67.6,ไตรมาส 3,สำนักงานสถิติแห่งชาติ,335,หญิง,ร้อยละ,ภาคตะวันออก,2568
60 ปีขึ้นไป,46.41,ไตรมาส 3,สำนักงานสถิติแห่งชาติ,336,ชาย,ร้อยละ,ภาคตะวันออก,2568
60 ปีขึ้นไป,28.03,ไตรมาส 3,สำนักงานสถิติแห่งชาติ,337,หญิง,ร้อยละ,ภาคตะวันออก,2568
รวม,80.07,ไตรมาส 3,สำนักงานสถิติแห่งชาติ,338,ชาย,ร้อยละ,ภาคตะวันออก,2568
รวม,64.05,ไตรมาส 3,สำนักงานสถิติแห่งชาติ,339,หญิง,ร้อยละ,ภาคตะวันออก,2568
รวม,71.82,ไตรมาส 3,สำนักงานสถิติแห่งชาติ,340,รวม,ร้อยละ,ภาคตะวันออก,2568
15-19 ปี,11.32,ไตรมาส 3,สำนักงานสถิติแห่งชาติ,341,ชาย,ร้อยละ,ภาคตะวันออกเฉียงเหนือ,2568
15-19 ปี,3.56,ไตรมาส 3,สำนักงานสถิติแห่งชาติ,342,หญิง,ร้อยละ,ภาคตะวันออกเฉียงเหนือ,2568
20-24 ปี,66.19,ไตรมาส 3,สำนักงานสถิติแห่งชาติ,343,ชาย,ร้อยละ,ภาคตะวันออกเฉียงเหนือ,2568
20-24 ปี,50.0,ไตรมาส 3,สำนักงานสถิติแห่งชาติ,344,หญิง,ร้อยละ,ภาคตะวันออกเฉียงเหนือ,2568
25-29 ปี,91.2,ไตรมาส 3,สำนักงานสถิติแห่งชาติ,345,ชาย,ร้อยละ,ภาคตะวันออกเฉียงเหนือ,2568
25-29 ปี,77.72,ไตรมาส 3,สำนักงานสถิติแห่งชาติ,346,หญิง,ร้อยละ,ภาคตะวันออกเฉียงเหนือ,2568
30-34 ปี,91.36,ไตรมาส 3,สำนักงานสถิติแห่งชาติ,347,ชาย,ร้อยละ,ภาคตะวันออกเฉียงเหนือ,2568
30-34 ปี,80.72,ไตรมาส 3,สำนักงานสถิติแห่งชาติ,348,หญิง,ร้อยละ,ภาคตะวันออกเฉียงเหนือ,2568
35-39 ปี,79.94,ไตรมาส 3,สำนักงานสถิติแห่งชาติ,349,หญิง,ร้อยละ,ภาคตะวันออกเฉียงเหนือ,2568
35-39 ปี,93.96,ไตรมาส 3,สำนักงานสถิติแห่งชาติ,350,ชาย,ร้อยละ,ภาคตะวันออกเฉียงเหนือ,2568
40-49 ปี,84.33,ไตรมาส 3,สำนักงานสถิติแห่งชาติ,351,หญิง,ร้อยละ,ภาคตะวันออกเฉียงเหนือ,2568
40-49 ปี,92.78,ไตรมาส 3,สำนักงานสถิติแห่งชาติ,352,ชาย,ร้อยละ,ภาคตะวันออกเฉียงเหนือ,2568
50-59 ปี,93.34,ไตรมาส 3,สำนักงานสถิติแห่งชาติ,353,ชาย,ร้อยละ,ภาคตะวันออกเฉียงเหนือ,2568
50-59 ปี,79.08,ไตรมาส 3,สำนักงานสถิติแห่งชาติ,354,หญิง,ร้อยละ,ภาคตะวันออกเฉียงเหนือ,2568
60 ปีขึ้นไป,52.14,ไตรมาส 3,สำนักงานสถิติแห่งชาติ,355,ชาย,ร้อยละ,ภาคตะวันออกเฉียงเหนือ,2568
60 ปีขึ้นไป,28.98,ไตรมาส 3,สำนักงานสถิติแห่งชาติ,356,หญิง,ร้อยละ,ภาคตะวันออกเฉียงเหนือ,2568
รวม,71.62,ไตรมาส 3,สำนักงานสถิติแห่งชาติ,357,ชาย,ร้อยละ,ภาคตะวันออกเฉียงเหนือ,2568
รวม,55.12,ไตรมาส 3,สำนักงานสถิติแห่งชาติ,358,หญิง,ร้อยละ,ภาคตะวันออกเฉียงเหนือ,2568
รวม,62.93,ไตรมาส 3,สำนักงานสถิติแห่งชาติ,359,รวม,ร้อยละ,ภาคตะวันออกเฉียงเหนือ,2568
15-19 ปี,19.37,ไตรมาส 3,สำนักงานสถิติแห่งชาติ,360,ชาย,ร้อยละ,ภาคเหนือ,2568
15-19 ปี,8.89,ไตรมาส 3,สำนักงานสถิติแห่งชาติ,361,หญิง,ร้อยละ,ภาคเหนือ,2568
20-24 ปี,68.99,ไตรมาส 3,สำนักงานสถิติแห่งชาติ,362,ชาย,ร้อยละ,ภาคเหนือ,2568
20-24 ปี,60.66,ไตรมาส 3,สำนักงานสถิติแห่งชาติ,363,หญิง,ร้อยละ,ภาคเหนือ,2568
25-29 ปี,92.84,ไตรมาส 3,สำนักงานสถิติแห่งชาติ,364,ชาย,ร้อยละ,ภาคเหนือ,2568
25-29 ปี,78.92,ไตรมาส 3,สำนักงานสถิติแห่งชาติ,365,หญิง,ร้อยละ,ภาคเหนือ,2568
30-34 ปี,91.86,ไตรมาส 3,สำนักงานสถิติแห่งชาติ,366,ชาย,ร้อยละ,ภาคเหนือ,2568
30-34 ปี,76.02,ไตรมาส 3,สำนักงานสถิติแห่งชาติ,367,หญิง,ร้อยละ,ภาคเหนือ,2568
35-39 ปี,85.38,ไตรมาส 3,สำนักงานสถิติแห่งชาติ,368,หญิง,ร้อยละ,ภาคเหนือ,2568
35-39 ปี,95.83,ไตรมาส 3,สำนักงานสถิติแห่งชาติ,369,ชาย,ร้อยละ,ภาคเหนือ,2568
40-49 ปี,83.73,ไตรมาส 3,สำนักงานสถิติแห่งชาติ,370,หญิง,ร้อยละ,ภาคเหนือ,2568
40-49 ปี,93.76,ไตรมาส 3,สำนักงานสถิติแห่งชาติ,371,ชาย,ร้อยละ,ภาคเหนือ,2568
50-59 ปี,92.17,ไตรมาส 3,สำนักงานสถิติแห่งชาติ,372,ชาย,ร้อยละ,ภาคเหนือ,2568
50-59 ปี,76.6,ไตรมาส 3,สำนักงานสถิติแห่งชาติ,373,หญิง,ร้อยละ,ภาคเหนือ,2568
60 ปีขึ้นไป,52.3,ไตรมาส 3,สำนักงานสถิติแห่งชาติ,374,ชาย,ร้อยละ,ภาคเหนือ,2568
60 ปีขึ้นไป,33.32,ไตรมาส 3,สำนักงานสถิติแห่งชาติ,375,หญิง,ร้อยละ,ภาคเหนือ,2568
รวม,73.62,ไตรมาส 3,สำนักงานสถิติแห่งชาติ,376,ชาย,ร้อยละ,ภาคเหนือ,2568
รวม,57.32,ไตรมาส 3,สำนักงานสถิติแห่งชาติ,377,หญิง,ร้อยละ,ภาคเหนือ,2568
รวม,65.02,ไตรมาส 3,สำนักงานสถิติแห่งชาติ,378,รวม,ร้อยละ,ภาคเหนือ,2568
15-19 ปี,22.4,ไตรมาส 4,สำนักงานสถิติแห่งชาติ,379,ชาย,ร้อยละ,กรุงเทพมหานคร,2568
15-19 ปี,5.5,ไตรมาส 4,สำนักงานสถิติแห่งชาติ,380,หญิง,ร้อยละ,กรุงเทพมหานคร,2568
20-24 ปี,53.97,ไตรมาส 4,สำนักงานสถิติแห่งชาติ,381,หญิง,ร้อยละ,กรุงเทพมหานคร,2568
20-24 ปี,60.28,ไตรมาส 4,สำนักงานสถิติแห่งชาติ,382,ชาย,ร้อยละ,กรุงเทพมหานคร,2568
25-29 ปี,95.48,ไตรมาส 4,สำนักงานสถิติแห่งชาติ,383,ชาย,ร้อยละ,กรุงเทพมหานคร,2568
25-29 ปี,90.64,ไตรมาส 4,สำนักงานสถิติแห่งชาติ,384,หญิง,ร้อยละ,กรุงเทพมหานคร,2568
30-34 ปี,89.75,ไตรมาส 4,สำนักงานสถิติแห่งชาติ,385,หญิง,ร้อยละ,กรุงเทพมหานคร,2568
30-34 ปี,96.11,ไตรมาส 4,สำนักงานสถิติแห่งชาติ,386,ชาย,ร้อยละ,กรุงเทพมหานคร,2568
35-39 ปี,95.4,ไตรมาส 4,สำนักงานสถิติแห่งชาติ,387,ชาย,ร้อยละ,กรุงเทพมหานคร,2568
35-39 ปี,86.73,ไตรมาส 4,สำนักงานสถิติแห่งชาติ,388,หญิง,ร้อยละ,กรุงเทพมหานคร,2568
40-49 ปี,95.71,ไตรมาส 4,สำนักงานสถิติแห่งชาติ,389,ชาย,ร้อยละ,กรุงเทพมหานคร,2568
40-49 ปี,84.67,ไตรมาส 4,สำนักงานสถิติแห่งชาติ,390,หญิง,ร้อยละ,กรุงเทพมหานคร,2568
50-59 ปี,72.41,ไตรมาส 4,สำนักงานสถิติแห่งชาติ,391,หญิง,ร้อยละ,กรุงเทพมหานคร,2568
50-59 ปี,90.3,ไตรมาส 4,สำนักงานสถิติแห่งชาติ,392,ชาย,ร้อยละ,กรุงเทพมหานคร,2568
60 ปีขึ้นไป,26.22,ไตรมาส 4,สำนักงานสถิติแห่งชาติ,393,หญิง,ร้อยละ,กรุงเทพมหานคร,2568
60 ปีขึ้นไป,36.31,ไตรมาส 4,สำนักงานสถิติแห่งชาติ,394,ชาย,ร้อยละ,กรุงเทพมหานคร,2568
รวม,65.64,ไตรมาส 4,สำนักงานสถิติแห่งชาติ,395,หญิง,ร้อยละ,กรุงเทพมหานคร,2568
รวม,79.0,ไตรมาส 4,สำนักงานสถิติแห่งชาติ,396,ชาย,ร้อยละ,กรุงเทพมหานคร,2568
รวม,71.97,ไตรมาส 4,สำนักงานสถิติแห่งชาติ,397,รวม,ร้อยละ,กรุงเทพมหานคร,2568
รวม,67.38,ไตรมาส 4,สำนักงานสถิติแห่งชาติ,398,รวม,ร้อยละ,ทั่วราชอาณาจักร,2568
15-19 ปี,6.6,ไตรมาส 4,สำนักงานสถิติแห่งชาติ,399,หญิง,ร้อยละ,ภาคกลาง,2568
15-19 ปี,12.28,ไตรมาส 4,สำนักงานสถิติแห่งชาติ,400,ชาย,ร้อยละ,ภาคกลาง,2568
20-24 ปี,69.21,ไตรมาส 4,สำนักงานสถิติแห่งชาติ,401,ชาย,ร้อยละ,ภาคกลาง,2568
20-24 ปี,63.43,ไตรมาส 4,สำนักงานสถิติแห่งชาติ,402,หญิง,ร้อยละ,ภาคกลาง,2568
25-29 ปี,88.99,ไตรมาส 4,สำนักงานสถิติแห่งชาติ,403,หญิง,ร้อยละ,ภาคกลาง,2568
25-29 ปี,95.2,ไตรมาส 4,สำนักงานสถิติแห่งชาติ,404,ชาย,ร้อยละ,ภาคกลาง,2568
30-34 ปี,88.96,ไตรมาส 4,สำนักงานสถิติแห่งชาติ,405,หญิง,ร้อยละ,ภาคกลาง,2568
30-34 ปี,96.0,ไตรมาส 4,สำนักงานสถิติแห่งชาติ,406,ชาย,ร้อยละ,ภาคกลาง,2568
35-39 ปี,96.91,ไตรมาส 4,สำนักงานสถิติแห่งชาติ,407,ชาย,ร้อยละ,ภาคกลาง,2568
35-39 ปี,86.06,ไตรมาส 4,สำนักงานสถิติแห่งชาติ,408,หญิง,ร้อยละ,ภาคกลาง,2568
40-49 ปี,95.45,ไตรมาส 4,สำนักงานสถิติแห่งชาติ,409,ชาย,ร้อยละ,ภาคกลาง,2568
40-49 ปี,84.96,ไตรมาส 4,สำนักงานสถิติแห่งชาติ,410,หญิง,ร้อยละ,ภาคกลาง,2568
50-59 ปี,89.11,ไตรมาส 4,สำนักงานสถิติแห่งชาติ,411,ชาย,ร้อยละ,ภาคกลาง,2568
50-59 ปี,70.32,ไตรมาส 4,สำนักงานสถิติแห่งชาติ,412,หญิง,ร้อยละ,ภาคกลาง,2568
60 ปีขึ้นไป,25.84,ไตรมาส 4,สำนักงานสถิติแห่งชาติ,413,หญิง,ร้อยละ,ภาคกลาง,2568
60 ปีขึ้นไป,40.16,ไตรมาส 4,สำนักงานสถิติแห่งชาติ,414,ชาย,ร้อยละ,ภาคกลาง,2568
รวม,77.01,ไตรมาส 4,สำนักงานสถิติแห่งชาติ,415,ชาย,ร้อยละ,ภาคกลาง,2568
รวม,62.69,ไตรมาส 4,สำนักงานสถิติแห่งชาติ,416,หญิง,ร้อยละ,ภาคกลาง,2568
รวม,69.51,ไตรมาส 4,สำนักงานสถิติแห่งชาติ,417,รวม,ร้อยละ,ภาคกลาง,2568
15-19 ปี,18.29,ไตรมาส 4,สำนักงานสถิติแห่งชาติ,418,ชาย,ร้อยละ,ภาคใต้,2568
15-19 ปี,6.36,ไตรมาส 4,สำนักงานสถิติแห่งชาติ,419,หญิง,ร้อยละ,ภาคใต้,2568
20-24 ปี,78.17,ไตรมาส 4,สำนักงานสถิติแห่งชาติ,420,ชาย,ร้อยละ,ภาคใต้,2568
20-24 ปี,48.8,ไตรมาส 4,สำนักงานสถิติแห่งชาติ,421,หญิง,ร้อยละ,ภาคใต้,2568
25-29 ปี,92.1,ไตรมาส 4,สำนักงานสถิติแห่งชาติ,422,ชาย,ร้อยละ,ภาคใต้,2568
25-29 ปี,77.03,ไตรมาส 4,สำนักงานสถิติแห่งชาติ,423,หญิง,ร้อยละ,ภาคใต้,2568
30-34 ปี,96.51,ไตรมาส 4,สำนักงานสถิติแห่งชาติ,424,ชาย,ร้อยละ,ภาคใต้,2568
30-34 ปี,84.33,ไตรมาส 4,สำนักงานสถิติแห่งชาติ,425,หญิง,ร้อยละ,ภาคใต้,2568
35-39 ปี,82.64,ไตรมาส 4,สำนักงานสถิติแห่งชาติ,426,หญิง,ร้อยละ,ภาคใต้,2568
35-39 ปี,95.99,ไตรมาส 4,สำนักงานสถิติแห่งชาติ,427,ชาย,ร้อยละ,ภาคใต้,2568
40-49 ปี,83.42,ไตรมาส 4,สำนักงานสถิติแห่งชาติ,428,หญิง,ร้อยละ,ภาคใต้,2568
40-49 ปี,95.43,ไตรมาส 4,สำนักงานสถิติแห่งชาติ,429,ชาย,ร้อยละ,ภาคใต้,2568
50-59 ปี,94.45,ไตรมาส 4,สำนักงานสถิติแห่งชาติ,430,ชาย,ร้อยละ,ภาคใต้,2568
50-59 ปี,73.97,ไตรมาส 4,สำนักงานสถิติแห่งชาติ,431,หญิง,ร้อยละ,ภาคใต้,2568
60 ปีขึ้นไป,53.27,ไตรมาส 4,สำนักงานสถิติแห่งชาติ,432,ชาย,ร้อยละ,ภาคใต้,2568
60 ปีขึ้นไป,32.8,ไตรมาส 4,สำนักงานสถิติแห่งชาติ,433,หญิง,ร้อยละ,ภาคใต้,2568
รวม,78.51,ไตรมาส 4,สำนักงานสถิติแห่งชาติ,434,ชาย,ร้อยละ,ภาคใต้,2568
รวม,59.78,ไตรมาส 4,สำนักงานสถิติแห่งชาติ,435,หญิง,ร้อยละ,ภาคใต้,2568
รวม,68.78,ไตรมาส 4,สำนักงานสถิติแห่งชาติ,436,รวม,ร้อยละ,ภาคใต้,2568
15-19 ปี,13.1,ไตรมาส 4,สำนักงานสถิติแห่งชาติ,437,ชาย,ร้อยละ,ภาคใต้ชายแดน,2568
15-19 ปี,4.98,ไตรมาส 4,สำนักงานสถิติแห่งชาติ,438,หญิง,ร้อยละ,ภาคใต้ชายแดน,2568
20-24 ปี,78.51,ไตรมาส 4,สำนักงานสถิติแห่งชาติ,439,ชาย,ร้อยละ,ภาคใต้ชายแดน,2568
20-24 ปี,50.35,ไตรมาส 4,สำนักงานสถิติแห่งชาติ,440,หญิง,ร้อยละ,ภาคใต้ชายแดน,2568
25-29 ปี,92.23,ไตรมาส 4,สำนักงานสถิติแห่งชาติ,441,ชาย,ร้อยละ,ภาคใต้ชายแดน,2568
25-29 ปี,63.34,ไตรมาส 4,สำนักงานสถิติแห่งชาติ,442,หญิง,ร้อยละ,ภาคใต้ชายแดน,2568
30-34 ปี,96.12,ไตรมาส 4,สำนักงานสถิติแห่งชาติ,443,ชาย,ร้อยละ,ภาคใต้ชายแดน,2568
30-34 ปี,68.11,ไตรมาส 4,สำนักงานสถิติแห่งชาติ,444,หญิง,ร้อยละ,ภาคใต้ชายแดน,2568
35-39 ปี,70.73,ไตรมาส 4,สำนักงานสถิติแห่งชาติ,445,หญิง,ร้อยละ,ภาคใต้ชายแดน,2568
35-39 ปี,95.38,ไตรมาส 4,สำนักงานสถิติแห่งชาติ,446,ชาย,ร้อยละ,ภาคใต้ชายแดน,2568
40-49 ปี,73.19,ไตรมาส 4,สำนักงานสถิติแห่งชาติ,447,หญิง,ร้อยละ,ภาคใต้ชายแดน,2568
40-49 ปี,94.91,ไตรมาส 4,สำนักงานสถิติแห่งชาติ,448,ชาย,ร้อยละ,ภาคใต้ชายแดน,2568
50-59 ปี,92.48,ไตรมาส 4,สำนักงานสถิติแห่งชาติ,449,ชาย,ร้อยละ,ภาคใต้ชายแดน,2568
50-59 ปี,73.35,ไตรมาส 4,สำนักงานสถิติแห่งชาติ,450,หญิง,ร้อยละ,ภาคใต้ชายแดน,2568
60 ปีขึ้นไป,51.15,ไตรมาส 4,สำนักงานสถิติแห่งชาติ,451,ชาย,ร้อยละ,ภาคใต้ชายแดน,2568
60 ปีขึ้นไป,23.74,ไตรมาส 4,สำนักงานสถิติแห่งชาติ,452,หญิง,ร้อยละ,ภาคใต้ชายแดน,2568
รวม,76.8,ไตรมาส 4,สำนักงานสถิติแห่งชาติ,453,ชาย,ร้อยละ,ภาคใต้ชายแดน,2568
รวม,51.94,ไตรมาส 4,สำนักงานสถิติแห่งชาติ,454,หญิง,ร้อยละ,ภาคใต้ชายแดน,2568
รวม,63.87,ไตรมาส 4,สำนักงานสถิติแห่งชาติ,455,รวม,ร้อยละ,ภาคใต้ชายแดน,2568
15-19 ปี,15.19,ไตรมาส 4,สำนักงานสถิติแห่งชาติ,456,ชาย,ร้อยละ,ภาคตะวันออก,2568
15-19 ปี,11.63,ไตรมาส 4,สำนักงานสถิติแห่งชาติ,457,หญิง,ร้อยละ,ภาคตะวันออก,2568
20-24 ปี,82.54,ไตรมาส 4,สำนักงานสถิติแห่งชาติ,458,ชาย,ร้อยละ,ภาคตะวันออก,2568
20-24 ปี,67.44,ไตรมาส 4,สำนักงานสถิติแห่งชาติ,459,หญิง,ร้อยละ,ภาคตะวันออก,2568
25-29 ปี,95.2,ไตรมาส 4,สำนักงานสถิติแห่งชาติ,460,ชาย,ร้อยละ,ภาคตะวันออก,2568
25-29 ปี,86.7,ไตรมาส 4,สำนักงานสถิติแห่งชาติ,461,หญิง,ร้อยละ,ภาคตะวันออก,2568
30-34 ปี,96.71,ไตรมาส 4,สำนักงานสถิติแห่งชาติ,462,ชาย,ร้อยละ,ภาคตะวันออก,2568
30-34 ปี,83.71,ไตรมาส 4,สำนักงานสถิติแห่งชาติ,463,หญิง,ร้อยละ,ภาคตะวันออก,2568
35-39 ปี,88.72,ไตรมาส 4,สำนักงานสถิติแห่งชาติ,464,หญิง,ร้อยละ,ภาคตะวันออก,2568
35-39 ปี,96.44,ไตรมาส 4,สำนักงานสถิติแห่งชาติ,465,ชาย,ร้อยละ,ภาคตะวันออก,2568
40-49 ปี,81.84,ไตรมาส 4,สำนักงานสถิติแห่งชาติ,466,หญิง,ร้อยละ,ภาคตะวันออก,2568
40-49 ปี,96.2,ไตรมาส 4,สำนักงานสถิติแห่งชาติ,467,ชาย,ร้อยละ,ภาคตะวันออก,2568
50-59 ปี,91.84,ไตรมาส 4,สำนักงานสถิติแห่งชาติ,468,ชาย,ร้อยละ,ภาคตะวันออก,2568
50-59 ปี,66.63,ไตรมาส 4,สำนักงานสถิติแห่งชาติ,469,หญิง,ร้อยละ,ภาคตะวันออก,2568
60 ปีขึ้นไป,50.33,ไตรมาส 4,สำนักงานสถิติแห่งชาติ,470,ชาย,ร้อยละ,ภาคตะวันออก,2568
60 ปีขึ้นไป,29.65,ไตรมาส 4,สำนักงานสถิติแห่งชาติ,471,หญิง,ร้อยละ,ภาคตะวันออก,2568
รวม,81.23,ไตรมาส 4,สำนักงานสถิติแห่งชาติ,472,ชาย,ร้อยละ,ภาคตะวันออก,2568
รวม,63.78,ไตรมาส 4,สำนักงานสถิติแห่งชาติ,473,หญิง,ร้อยละ,ภาคตะวันออก,2568
รวม,72.24,ไตรมาส 4,สำนักงานสถิติแห่งชาติ,474,รวม,ร้อยละ,ภาคตะวันออก,2568
15-19 ปี,11.57,ไตรมาส 4,สำนักงานสถิติแห่งชาติ,475,ชาย,ร้อยละ,ภาคตะวันออกเฉียงเหนือ,2568
15-19 ปี,3.9,ไตรมาส 4,สำนักงานสถิติแห่งชาติ,476,หญิง,ร้อยละ,ภาคตะวันออกเฉียงเหนือ,2568
20-24 ปี,68.66,ไตรมาส 4,สำนักงานสถิติแห่งชาติ,477,ชาย,ร้อยละ,ภาคตะวันออกเฉียงเหนือ,2568
20-24 ปี,49.84,ไตรมาส 4,สำนักงานสถิติแห่งชาติ,478,หญิง,ร้อยละ,ภาคตะวันออกเฉียงเหนือ,2568
25-29 ปี,90.82,ไตรมาส 4,สำนักงานสถิติแห่งชาติ,479,ชาย,ร้อยละ,ภาคตะวันออกเฉียงเหนือ,2568
25-29 ปี,77.8,ไตรมาส 4,สำนักงานสถิติแห่งชาติ,480,หญิง,ร้อยละ,ภาคตะวันออกเฉียงเหนือ,2568
30-34 ปี,90.85,ไตรมาส 4,สำนักงานสถิติแห่งชาติ,481,ชาย,ร้อยละ,ภาคตะวันออกเฉียงเหนือ,2568
30-34 ปี,79.88,ไตรมาส 4,สำนักงานสถิติแห่งชาติ,482,หญิง,ร้อยละ,ภาคตะวันออกเฉียงเหนือ,2568
35-39 ปี,79.74,ไตรมาส 4,สำนักงานสถิติแห่งชาติ,483,หญิง,ร้อยละ,ภาคตะวันออกเฉียงเหนือ,2568
35-39 ปี,92.49,ไตรมาส 4,สำนักงานสถิติแห่งชาติ,484,ชาย,ร้อยละ,ภาคตะวันออกเฉียงเหนือ,2568
40-49 ปี,83.96,ไตรมาส 4,สำนักงานสถิติแห่งชาติ,485,หญิง,ร้อยละ,ภาคตะวันออกเฉียงเหนือ,2568
40-49 ปี,92.6,ไตรมาส 4,สำนักงานสถิติแห่งชาติ,486,ชาย,ร้อยละ,ภาคตะวันออกเฉียงเหนือ,2568
50-59 ปี,92.86,ไตรมาส 4,สำนักงานสถิติแห่งชาติ,487,ชาย,ร้อยละ,ภาคตะวันออกเฉียงเหนือ,2568
50-59 ปี,76.48,ไตรมาส 4,สำนักงานสถิติแห่งชาติ,488,หญิง,ร้อยละ,ภาคตะวันออกเฉียงเหนือ,2568
60 ปีขึ้นไป,51.9,ไตรมาส 4,สำนักงานสถิติแห่งชาติ,489,ชาย,ร้อยละ,ภาคตะวันออกเฉียงเหนือ,2568
60 ปีขึ้นไป,29.14,ไตรมาส 4,สำนักงานสถิติแห่งชาติ,490,หญิง,ร้อยละ,ภาคตะวันออกเฉียงเหนือ,2568
รวม,71.54,ไตรมาส 4,สำนักงานสถิติแห่งชาติ,491,ชาย,ร้อยละ,ภาคตะวันออกเฉียงเหนือ,2568
รวม,54.5,ไตรมาส 4,สำนักงานสถิติแห่งชาติ,492,หญิง,ร้อยละ,ภาคตะวันออกเฉียงเหนือ,2568
รวม,62.57,ไตรมาส 4,สำนักงานสถิติแห่งชาติ,493,รวม,ร้อยละ,ภาคตะวันออกเฉียงเหนือ,2568
15-19 ปี,15.48,ไตรมาส 4,สำนักงานสถิติแห่งชาติ,494,ชาย,ร้อยละ,ภาคเหนือ,2568
15-19 ปี,9.47,ไตรมาส 4,สำนักงานสถิติแห่งชาติ,495,หญิง,ร้อยละ,ภาคเหนือ,2568
20-24 ปี,73.05,ไตรมาส 4,สำนักงานสถิติแห่งชาติ,496,ชาย,ร้อยละ,ภาคเหนือ,2568
20-24 ปี,55.76,ไตรมาส 4,สำนักงานสถิติแห่งชาติ,497,หญิง,ร้อยละ,ภาคเหนือ,2568
25-29 ปี,94.83,ไตรมาส 4,สำนักงานสถิติแห่งชาติ,498,ชาย,ร้อยละ,ภาคเหนือ,2568
25-29 ปี,79.21,ไตรมาส 4,สำนักงานสถิติแห่งชาติ,499,หญิง,ร้อยละ,ภาคเหนือ,2568
30-34 ปี,94.28,ไตรมาส 4,สำนักงานสถิติแห่งชาติ,500,ชาย,ร้อยละ,ภาคเหนือ,2568
30-34 ปี,79.6,ไตรมาส 4,สำนักงานสถิติแห่งชาติ,501,หญิง,ร้อยละ,ภาคเหนือ,2568
35-39 ปี,83.53,ไตรมาส 4,สำนักงานสถิติแห่งชาติ,502,หญิง,ร้อยละ,ภาคเหนือ,2568
35-39 ปี,95.21,ไตรมาส 4,สำนักงานสถิติแห่งชาติ,503,ชาย,ร้อยละ,ภาคเหนือ,2568
40-49 ปี,86.46,ไตรมาส 4,สำนักงานสถิติแห่งชาติ,504,หญิง,ร้อยละ,ภาคเหนือ,2568
40-49 ปี,93.86,ไตรมาส 4,สำนักงานสถิติแห่งชาติ,505,ชาย,ร้อยละ,ภาคเหนือ,2568
50-59 ปี,91.48,ไตรมาส 4,สำนักงานสถิติแห่งชาติ,506,ชาย,ร้อยละ,ภาคเหนือ,2568
50-59 ปี,77.15,ไตรมาส 4,สำนักงานสถิติแห่งชาติ,507,หญิง,ร้อยละ,ภาคเหนือ,2568
60 ปีขึ้นไป,51.35,ไตรมาส 4,สำนักงานสถิติแห่งชาติ,508,ชาย,ร้อยละ,ภาคเหนือ,2568
60 ปีขึ้นไป,31.21,ไตรมาส 4,สำนักงานสถิติแห่งชาติ,509,หญิง,ร้อยละ,ภาคเหนือ,2568
รวม,73.59,ไตรมาส 4,สำนักงานสถิติแห่งชาติ,510,ชาย,ร้อยละ,ภาคเหนือ,2568
รวม,56.8,ไตรมาส 4,สำนักงานสถิติแห่งชาติ,511,หญิง,ร้อยละ,ภาคเหนือ,2568
รวม,64.73,ไตรมาส 4,สำนักงานสถิติแห่งชาติ,512,รวม,ร้อยละ,ภาคเหนือ,2568
15-19 ปี,18.87,ไตรมาส 1,สำนักงานสถิติแห่งชาติ,513,ชาย,ร้อยละ,กรุงเทพมหานคร,2569
15-19 ปี,12.5,ไตรมาส 1,สำนักงานสถิติแห่งชาติ,514,หญิง,ร้อยละ,กรุงเทพมหานคร,2569
20-24 ปี,52.82,ไตรมาส 1,สำนักงานสถิติแห่งชาติ,515,หญิง,ร้อยละ,กรุงเทพมหานคร,2569
20-24 ปี,64.19,ไตรมาส 1,สำนักงานสถิติแห่งชาติ,516,ชาย,ร้อยละ,กรุงเทพมหานคร,2569
25-29 ปี,96.32,ไตรมาส 1,สำนักงานสถิติแห่งชาติ,517,ชาย,ร้อยละ,กรุงเทพมหานคร,2569
25-29 ปี,89.35,ไตรมาส 1,สำนักงานสถิติแห่งชาติ,518,หญิง,ร้อยละ,กรุงเทพมหานคร,2569
30-34 ปี,90.84,ไตรมาส 1,สำนักงานสถิติแห่งชาติ,519,หญิง,ร้อยละ,กรุงเทพมหานคร,2569
30-34 ปี,95.92,ไตรมาส 1,สำนักงานสถิติแห่งชาติ,520,ชาย,ร้อยละ,กรุงเทพมหานคร,2569
35-39 ปี,97.38,ไตรมาส 1,สำนักงานสถิติแห่งชาติ,521,ชาย,ร้อยละ,กรุงเทพมหานคร,2569
35-39 ปี,89.77,ไตรมาส 1,สำนักงานสถิติแห่งชาติ,522,หญิง,ร้อยละ,กรุงเทพมหานคร,2569
40-49 ปี,96.97,ไตรมาส 1,สำนักงานสถิติแห่งชาติ,523,ชาย,ร้อยละ,กรุงเทพมหานคร,2569
40-49 ปี,90.15,ไตรมาส 1,สำนักงานสถิติแห่งชาติ,524,หญิง,ร้อยละ,กรุงเทพมหานคร,2569
50-59 ปี,78.3,ไตรมาส 1,สำนักงานสถิติแห่งชาติ,525,หญิง,ร้อยละ,กรุงเทพมหานคร,2569
50-59 ปี,91.63,ไตรมาส 1,สำนักงานสถิติแห่งชาติ,526,ชาย,ร้อยละ,กรุงเทพมหานคร,2569
60 ปีขึ้นไป,30.61,ไตรมาส 1,สำนักงานสถิติแห่งชาติ,527,หญิง,ร้อยละ,กรุงเทพมหานคร,2569
60 ปีขึ้นไป,41.26,ไตรมาส 1,สำนักงานสถิติแห่งชาติ,528,ชาย,ร้อยละ,กรุงเทพมหานคร,2569
รวม,69.26,ไตรมาส 1,สำนักงานสถิติแห่งชาติ,529,หญิง,ร้อยละ,กรุงเทพมหานคร,2569
รวม,80.59,ไตรมาส 1,สำนักงานสถิติแห่งชาติ,530,ชาย,ร้อยละ,กรุงเทพมหานคร,2569
รวม,74.63,ไตรมาส 1,สำนักงานสถิติแห่งชาติ,531,รวม,ร้อยละ,กรุงเทพมหานคร,2569
รวม,70.3,ไตรมาส 1,สำนักงานสถิติแห่งชาติ,532,รวม,ร้อยละ,ทั่วราชอาณาจักร,2569
15-19 ปี,13.56,ไตรมาส 1,สำนักงานสถิติแห่งชาติ,533,หญิง,ร้อยละ,ภาคกลาง,2569
15-19 ปี,20.61,ไตรมาส 1,สำนักงานสถิติแห่งชาติ,534,ชาย,ร้อยละ,ภาคกลาง,2569
20-24 ปี,72.56,ไตรมาส 1,สำนักงานสถิติแห่งชาติ,535,ชาย,ร้อยละ,ภาคกลาง,2569
20-24 ปี,64.63,ไตรมาส 1,สำนักงานสถิติแห่งชาติ,536,หญิง,ร้อยละ,ภาคกลาง,2569
25-29 ปี,89.2,ไตรมาส 1,สำนักงานสถิติแห่งชาติ,537,หญิง,ร้อยละ,ภาคกลาง,2569
25-29 ปี,96.31,ไตรมาส 1,สำนักงานสถิติแห่งชาติ,538,ชาย,ร้อยละ,ภาคกลาง,2569
30-34 ปี,91.18,ไตรมาส 1,สำนักงานสถิติแห่งชาติ,539,หญิง,ร้อยละ,ภาคกลาง,2569
30-34 ปี,96.38,ไตรมาส 1,สำนักงานสถิติแห่งชาติ,540,ชาย,ร้อยละ,ภาคกลาง,2569
35-39 ปี,96.23,ไตรมาส 1,สำนักงานสถิติแห่งชาติ,541,ชาย,ร้อยละ,ภาคกลาง,2569
35-39 ปี,89.02,ไตรมาส 1,สำนักงานสถิติแห่งชาติ,542,หญิง,ร้อยละ,ภาคกลาง,2569
40-49 ปี,96.1,ไตรมาส 1,สำนักงานสถิติแห่งชาติ,543,ชาย,ร้อยละ,ภาคกลาง,2569
40-49 ปี,87.26,ไตรมาส 1,สำนักงานสถิติแห่งชาติ,544,หญิง,ร้อยละ,ภาคกลาง,2569
50-59 ปี,89.73,ไตรมาส 1,สำนักงานสถิติแห่งชาติ,545,ชาย,ร้อยละ,ภาคกลาง,2569
50-59 ปี,76.6,ไตรมาส 1,สำนักงานสถิติแห่งชาติ,546,หญิง,ร้อยละ,ภาคกลาง,2569
60 ปีขึ้นไป,30.94,ไตรมาส 1,สำนักงานสถิติแห่งชาติ,547,หญิง,ร้อยละ,ภาคกลาง,2569
60 ปีขึ้นไป,44.3,ไตรมาส 1,สำนักงานสถิติแห่งชาติ,548,ชาย,ร้อยละ,ภาคกลาง,2569
รวม,78.82,ไตรมาส 1,สำนักงานสถิติแห่งชาติ,549,ชาย,ร้อยละ,ภาคกลาง,2569
รวม,66.31,ไตรมาส 1,สำนักงานสถิติแห่งชาติ,550,หญิง,ร้อยละ,ภาคกลาง,2569
รวม,72.26,ไตรมาส 1,สำนักงานสถิติแห่งชาติ,551,รวม,ร้อยละ,ภาคกลาง,2569
15-19 ปี,18.14,ไตรมาส 1,สำนักงานสถิติแห่งชาติ,552,ชาย,ร้อยละ,ภาคใต้,2569
15-19 ปี,7.52,ไตรมาส 1,สำนักงานสถิติแห่งชาติ,553,หญิง,ร้อยละ,ภาคใต้,2569
20-24 ปี,76.57,ไตรมาส 1,สำนักงานสถิติแห่งชาติ,554,ชาย,ร้อยละ,ภาคใต้,2569
20-24 ปี,59.38,ไตรมาส 1,สำนักงานสถิติแห่งชาติ,555,หญิง,ร้อยละ,ภาคใต้,2569
25-29 ปี,96.6,ไตรมาส 1,สำนักงานสถิติแห่งชาติ,556,ชาย,ร้อยละ,ภาคใต้,2569
25-29 ปี,85.37,ไตรมาส 1,สำนักงานสถิติแห่งชาติ,557,หญิง,ร้อยละ,ภาคใต้,2569
30-34 ปี,96.41,ไตรมาส 1,สำนักงานสถิติแห่งชาติ,558,ชาย,ร้อยละ,ภาคใต้,2569
30-34 ปี,85.68,ไตรมาส 1,สำนักงานสถิติแห่งชาติ,559,หญิง,ร้อยละ,ภาคใต้,2569
35-39 ปี,87.8,ไตรมาส 1,สำนักงานสถิติแห่งชาติ,560,หญิง,ร้อยละ,ภาคใต้,2569
35-39 ปี,97.89,ไตรมาส 1,สำนักงานสถิติแห่งชาติ,561,ชาย,ร้อยละ,ภาคใต้,2569
40-49 ปี,89.06,ไตรมาส 1,สำนักงานสถิติแห่งชาติ,562,หญิง,ร้อยละ,ภาคใต้,2569
40-49 ปี,97.33,ไตรมาส 1,สำนักงานสถิติแห่งชาติ,563,ชาย,ร้อยละ,ภาคใต้,2569
50-59 ปี,94.57,ไตรมาส 1,สำนักงานสถิติแห่งชาติ,564,ชาย,ร้อยละ,ภาคใต้,2569
50-59 ปี,85.03,ไตรมาส 1,สำนักงานสถิติแห่งชาติ,565,หญิง,ร้อยละ,ภาคใต้,2569
60 ปีขึ้นไป,60.25,ไตรมาส 1,สำนักงานสถิติแห่งชาติ,566,ชาย,ร้อยละ,ภาคใต้,2569
60 ปีขึ้นไป,42.4,ไตรมาส 1,สำนักงานสถิติแห่งชาติ,567,หญิง,ร้อยละ,ภาคใต้,2569
รวม,80.59,ไตรมาส 1,สำนักงานสถิติแห่งชาติ,568,ชาย,ร้อยละ,ภาคใต้,2569
รวม,67.13,ไตรมาส 1,สำนักงานสถิติแห่งชาติ,569,หญิง,ร้อยละ,ภาคใต้,2569
รวม,73.6,ไตรมาส 1,สำนักงานสถิติแห่งชาติ,570,รวม,ร้อยละ,ภาคใต้,2569
15-19 ปี,17.36,ไตรมาส 1,สำนักงานสถิติแห่งชาติ,571,ชาย,ร้อยละ,ภาคใต้ชายแดน,2569
15-19 ปี,5.34,ไตรมาส 1,สำนักงานสถิติแห่งชาติ,572,หญิง,ร้อยละ,ภาคใต้ชายแดน,2569
20-24 ปี,77.75,ไตรมาส 1,สำนักงานสถิติแห่งชาติ,573,ชาย,ร้อยละ,ภาคใต้ชายแดน,2569
20-24 ปี,43.38,ไตรมาส 1,สำนักงานสถิติแห่งชาติ,574,หญิง,ร้อยละ,ภาคใต้ชายแดน,2569
25-29 ปี,93.57,ไตรมาส 1,สำนักงานสถิติแห่งชาติ,575,ชาย,ร้อยละ,ภาคใต้ชายแดน,2569
25-29 ปี,68.3,ไตรมาส 1,สำนักงานสถิติแห่งชาติ,576,หญิง,ร้อยละ,ภาคใต้ชายแดน,2569
30-34 ปี,94.55,ไตรมาส 1,สำนักงานสถิติแห่งชาติ,577,ชาย,ร้อยละ,ภาคใต้ชายแดน,2569
30-34 ปี,71.03,ไตรมาส 1,สำนักงานสถิติแห่งชาติ,578,หญิง,ร้อยละ,ภาคใต้ชายแดน,2569
35-39 ปี,77.08,ไตรมาส 1,สำนักงานสถิติแห่งชาติ,579,หญิง,ร้อยละ,ภาคใต้ชายแดน,2569
35-39 ปี,98.95,ไตรมาส 1,สำนักงานสถิติแห่งชาติ,580,ชาย,ร้อยละ,ภาคใต้ชายแดน,2569
40-49 ปี,77.62,ไตรมาส 1,สำนักงานสถิติแห่งชาติ,581,หญิง,ร้อยละ,ภาคใต้ชายแดน,2569
40-49 ปี,95.5,ไตรมาส 1,สำนักงานสถิติแห่งชาติ,582,ชาย,ร้อยละ,ภาคใต้ชายแดน,2569
50-59 ปี,93.14,ไตรมาส 1,สำนักงานสถิติแห่งชาติ,583,ชาย,ร้อยละ,ภาคใต้ชายแดน,2569
50-59 ปี,75.26,ไตรมาส 1,สำนักงานสถิติแห่งชาติ,584,หญิง,ร้อยละ,ภาคใต้ชายแดน,2569
60 ปีขึ้นไป,53.96,ไตรมาส 1,สำนักงานสถิติแห่งชาติ,585,ชาย,ร้อยละ,ภาคใต้ชายแดน,2569
60 ปีขึ้นไป,29.4,ไตรมาส 1,สำนักงานสถิติแห่งชาติ,586,หญิง,ร้อยละ,ภาคใต้ชายแดน,2569
รวม,78.11,ไตรมาส 1,สำนักงานสถิติแห่งชาติ,587,ชาย,ร้อยละ,ภาคใต้ชายแดน,2569
รวม,54.98,ไตรมาส 1,สำนักงานสถิติแห่งชาติ,588,หญิง,ร้อยละ,ภาคใต้ชายแดน,2569
รวม,66.08,ไตรมาส 1,สำนักงานสถิติแห่งชาติ,589,รวม,ร้อยละ,ภาคใต้ชายแดน,2569
15-19 ปี,20.23,ไตรมาส 1,สำนักงานสถิติแห่งชาติ,590,ชาย,ร้อยละ,ภาคตะวันออก,2569
15-19 ปี,7.5,ไตรมาส 1,สำนักงานสถิติแห่งชาติ,591,หญิง,ร้อยละ,ภาคตะวันออก,2569
20-24 ปี,78.44,ไตรมาส 1,สำนักงานสถิติแห่งชาติ,592,ชาย,ร้อยละ,ภาคตะวันออก,2569
20-24 ปี,72.09,ไตรมาส 1,สำนักงานสถิติแห่งชาติ,593,หญิง,ร้อยละ,ภาคตะวันออก,2569
25-29 ปี,96.93,ไตรมาส 1,สำนักงานสถิติแห่งชาติ,594,ชาย,ร้อยละ,ภาคตะวันออก,2569
25-29 ปี,89.76,ไตรมาส 1,สำนักงานสถิติแห่งชาติ,595,หญิง,ร้อยละ,ภาคตะวันออก,2569
30-34 ปี,99.04,ไตรมาส 1,สำนักงานสถิติแห่งชาติ,596,ชาย,ร้อยละ,ภาคตะวันออก,2569
30-34 ปี,92.25,ไตรมาส 1,สำนักงานสถิติแห่งชาติ,597,หญิง,ร้อยละ,ภาคตะวันออก,2569
35-39 ปี,86.77,ไตรมาส 1,สำนักงานสถิติแห่งชาติ,598,หญิง,ร้อยละ,ภาคตะวันออก,2569
35-39 ปี,98.22,ไตรมาส 1,สำนักงานสถิติแห่งชาติ,599,ชาย,ร้อยละ,ภาคตะวันออก,2569
40-49 ปี,87.74,ไตรมาส 1,สำนักงานสถิติแห่งชาติ,600,หญิง,ร้อยละ,ภาคตะวันออก,2569
40-49 ปี,97.64,ไตรมาส 1,สำนักงานสถิติแห่งชาติ,601,ชาย,ร้อยละ,ภาคตะวันออก,2569
50-59 ปี,91.91,ไตรมาส 1,สำนักงานสถิติแห่งชาติ,602,ชาย,ร้อยละ,ภาคตะวันออก,2569
50-59 ปี,73.57,ไตรมาส 1,สำนักงานสถิติแห่งชาติ,603,หญิง,ร้อยละ,ภาคตะวันออก,2569
60 ปีขึ้นไป,50.17,ไตรมาส 1,สำนักงานสถิติแห่งชาติ,604,ชาย,ร้อยละ,ภาคตะวันออก,2569
60 ปีขึ้นไป,38.37,ไตรมาส 1,สำนักงานสถิติแห่งชาติ,605,หญิง,ร้อยละ,ภาคตะวันออก,2569
รวม,82.01,ไตรมาส 1,สำนักงานสถิติแห่งชาติ,606,ชาย,ร้อยละ,ภาคตะวันออก,2569
รวม,68.84,ไตรมาส 1,สำนักงานสถิติแห่งชาติ,607,หญิง,ร้อยละ,ภาคตะวันออก,2569
รวม,75.23,ไตรมาส 1,สำนักงานสถิติแห่งชาติ,608,รวม,ร้อยละ,ภาคตะวันออก,2569
15-19 ปี,13.66,ไตรมาส 1,สำนักงานสถิติแห่งชาติ,609,ชาย,ร้อยละ,ภาคตะวันออกเฉียงเหนือ,2569
15-19 ปี,7.05,ไตรมาส 1,สำนักงานสถิติแห่งชาติ,610,หญิง,ร้อยละ,ภาคตะวันออกเฉียงเหนือ,2569
20-24 ปี,69.75,ไตรมาส 1,สำนักงานสถิติแห่งชาติ,611,ชาย,ร้อยละ,ภาคตะวันออกเฉียงเหนือ,2569
20-24 ปี,52.69,ไตรมาส 1,สำนักงานสถิติแห่งชาติ,612,หญิง,ร้อยละ,ภาคตะวันออกเฉียงเหนือ,2569
25-29 ปี,93.1,ไตรมาส 1,สำนักงานสถิติแห่งชาติ,613,ชาย,ร้อยละ,ภาคตะวันออกเฉียงเหนือ,2569
25-29 ปี,79.97,ไตรมาส 1,สำนักงานสถิติแห่งชาติ,614,หญิง,ร้อยละ,ภาคตะวันออกเฉียงเหนือ,2569
30-34 ปี,92.62,ไตรมาส 1,สำนักงานสถิติแห่งชาติ,615,ชาย,ร้อยละ,ภาคตะวันออกเฉียงเหนือ,2569
30-34 ปี,84.0,ไตรมาส 1,สำนักงานสถิติแห่งชาติ,616,หญิง,ร้อยละ,ภาคตะวันออกเฉียงเหนือ,2569
35-39 ปี,86.86,ไตรมาส 1,สำนักงานสถิติแห่งชาติ,617,หญิง,ร้อยละ,ภาคตะวันออกเฉียงเหนือ,2569
35-39 ปี,93.33,ไตรมาส 1,สำนักงานสถิติแห่งชาติ,618,ชาย,ร้อยละ,ภาคตะวันออกเฉียงเหนือ,2569
40-49 ปี,85.04,ไตรมาส 1,สำนักงานสถิติแห่งชาติ,619,หญิง,ร้อยละ,ภาคตะวันออกเฉียงเหนือ,2569
40-49 ปี,92.83,ไตรมาส 1,สำนักงานสถิติแห่งชาติ,620,ชาย,ร้อยละ,ภาคตะวันออกเฉียงเหนือ,2569
50-59 ปี,92.17,ไตรมาส 1,สำนักงานสถิติแห่งชาติ,621,ชาย,ร้อยละ,ภาคตะวันออกเฉียงเหนือ,2569
50-59 ปี,80.31,ไตรมาส 1,สำนักงานสถิติแห่งชาติ,622,หญิง,ร้อยละ,ภาคตะวันออกเฉียงเหนือ,2569
60 ปีขึ้นไป,54.45,ไตรมาส 1,สำนักงานสถิติแห่งชาติ,623,ชาย,ร้อยละ,ภาคตะวันออกเฉียงเหนือ,2569
60 ปีขึ้นไป,33.45,ไตรมาส 1,สำนักงานสถิติแห่งชาติ,624,หญิง,ร้อยละ,ภาคตะวันออกเฉียงเหนือ,2569
รวม,72.8,ไตรมาส 1,สำนักงานสถิติแห่งชาติ,625,ชาย,ร้อยละ,ภาคตะวันออกเฉียงเหนือ,2569
รวม,57.99,ไตรมาส 1,สำนักงานสถิติแห่งชาติ,626,หญิง,ร้อยละ,ภาคตะวันออกเฉียงเหนือ,2569
รวม,65.0,ไตรมาส 1,สำนักงานสถิติแห่งชาติ,627,รวม,ร้อยละ,ภาคตะวันออกเฉียงเหนือ,2569
15-19,9.0,ไตรมาส 1,สำนักงานสถิติแห่งชาติ,628,หญิง,ร้อยละ,ทั่วราชอาณาจักร,2566
20-24,57.4,ไตรมาส 1,สำนักงานสถิติแห่งชาติ,629,หญิง,ร้อยละ,ทั่วราชอาณาจักร,2566
25-29,80.7,ไตรมาส 1,สำนักงานสถิติแห่งชาติ,630,หญิง,ร้อยละ,ทั่วราชอาณาจักร,2566
30-34,84.3,ไตรมาส 1,สำนักงานสถิติแห่งชาติ,631,หญิง,ร้อยละ,ทั่วราชอาณาจักร,2566
35-39,83.6,ไตรมาส 1,สำนักงานสถิติแห่งชาติ,632,หญิง,ร้อยละ,ทั่วราชอาณาจักร,2566
40-49,83.2,ไตรมาส 1,สำนักงานสถิติแห่งชาติ,633,หญิง,ร้อยละ,ทั่วราชอาณาจักร,2566
50-59,73.8,ไตรมาส 1,สำนักงานสถิติแห่งชาติ,634,หญิง,ร้อยละ,ทั่วราชอาณาจักร,2566
60 ขึ้นไป,30.6,ไตรมาส 1,สำนักงานสถิติแห่งชาติ,635,หญิง,ร้อยละ,ทั่วราชอาณาจักร,2566
ยอดรวม,74.0,ไตรมาส 1,สำนักงานสถิติแห่งชาติ,636,ยอดรวม,ร้อยละ,กรุงเทพมหานคร,2566
15-19,13.5,ไตรมาส 1,สำนักงานสถิติแห่งชาติ,637,ยอดรวม,ร้อยละ,กรุงเทพมหานคร,2566
20-24,56.9,ไตรมาส 1,สำนักงานสถิติแห่งชาติ,638,ยอดรวม,ร้อยละ,กรุงเทพมหานคร,2566
25-29,93.3,ไตรมาส 1,สำนักงานสถิติแห่งชาติ,639,ยอดรวม,ร้อยละ,กรุงเทพมหานคร,2566
30-34,93.9,ไตรมาส 1,สำนักงานสถิติแห่งชาติ,640,ยอดรวม,ร้อยละ,กรุงเทพมหานคร,2566
35-39,92.6,ไตรมาส 1,สำนักงานสถิติแห่งชาติ,641,ยอดรวม,ร้อยละ,กรุงเทพมหานคร,2566
40-49,90.0,ไตรมาส 1,สำนักงานสถิติแห่งชาติ,642,ยอดรวม,ร้อยละ,กรุงเทพมหานคร,2566
50-59,82.6,ไตรมาส 1,สำนักงานสถิติแห่งชาติ,643,ยอดรวม,ร้อยละ,กรุงเทพมหานคร,2566
60 ขึ้นไป,31.7,ไตรมาส 1,สำนักงานสถิติแห่งชาติ,644,ยอดรวม,ร้อยละ,กรุงเทพมหานคร,2566
ยอดรวม,80.4,ไตรมาส 1,สำนักงานสถิติแห่งชาติ,645,ชาย,ร้อยละ,กรุงเทพมหานคร,2566
15-19,15.3,ไตรมาส 1,สำนักงานสถิติแห่งชาติ,646,ชาย,ร้อยละ,กรุงเทพมหานคร,2566
20-24,62.0,ไตรมาส 1,สำนักงานสถิติแห่งชาติ,647,ชาย,ร้อยละ,กรุงเทพมหานคร,2566
25-29,93.9,ไตรมาส 1,สำนักงานสถิติแห่งชาติ,648,ชาย,ร้อยละ,กรุงเทพมหานคร,2566
30-34,98.2,ไตรมาส 1,สำนักงานสถิติแห่งชาติ,649,ชาย,ร้อยละ,กรุงเทพมหานคร,2566
35-39,97.0,ไตรมาส 1,สำนักงานสถิติแห่งชาติ,650,ชาย,ร้อยละ,กรุงเทพมหานคร,2566
40-49,95.5,ไตรมาส 1,สำนักงานสถิติแห่งชาติ,651,ชาย,ร้อยละ,กรุงเทพมหานคร,2566
50-59,91.1,ไตรมาส 1,สำนักงานสถิติแห่งชาติ,652,ชาย,ร้อยละ,กรุงเทพมหานคร,2566
60 ขึ้นไป,38.1,ไตรมาส 1,สำนักงานสถิติแห่งชาติ,653,ชาย,ร้อยละ,กรุงเทพมหานคร,2566
ยอดรวม,68.1,ไตรมาส 1,สำนักงานสถิติแห่งชาติ,654,หญิง,ร้อยละ,กรุงเทพมหานคร,2566
15-19,11.8,ไตรมาส 1,สำนักงานสถิติแห่งชาติ,655,หญิง,ร้อยละ,กรุงเทพมหานคร,2566
20-24,52.0,ไตรมาส 1,สำนักงานสถิติแห่งชาติ,656,หญิง,ร้อยละ,กรุงเทพมหานคร,2566
25-29,92.7,ไตรมาส 1,สำนักงานสถิติแห่งชาติ,657,หญิง,ร้อยละ,กรุงเทพมหานคร,2566
30-34,89.7,ไตรมาส 1,สำนักงานสถิติแห่งชาติ,658,หญิง,ร้อยละ,กรุงเทพมหานคร,2566
35-39,88.5,ไตรมาส 1,สำนักงานสถิติแห่งชาติ,659,หญิง,ร้อยละ,กรุงเทพมหานคร,2566
40-49,84.6,ไตรมาส 1,สำนักงานสถิติแห่งชาติ,660,หญิง,ร้อยละ,กรุงเทพมหานคร,2566
50-59,74.6,ไตรมาส 1,สำนักงานสถิติแห่งชาติ,661,หญิง,ร้อยละ,กรุงเทพมหานคร,2566
60 ขึ้นไป,27.3,ไตรมาส 1,สำนักงานสถิติแห่งชาติ,662,หญิง,ร้อยละ,กรุงเทพมหานคร,2566
ยอดรวม,71.3,ไตรมาส 1,สำนักงานสถิติแห่งชาติ,663,ยอดรวม,ร้อยละ,ภาคกลาง,2566
15-19,16.4,ไตรมาส 1,สำนักงานสถิติแห่งชาติ,664,ยอดรวม,ร้อยละ,ภาคกลาง,2566
20-24,68.9,ไตรมาส 1,สำนักงานสถิติแห่งชาติ,665,ยอดรวม,ร้อยละ,ภาคกลาง,2566
25-29,90.4,ไตรมาส 1,สำนักงานสถิติแห่งชาติ,666,ยอดรวม,ร้อยละ,ภาคกลาง,2566
30-34,92.0,ไตรมาส 1,สำนักงานสถิติแห่งชาติ,667,ยอดรวม,ร้อยละ,ภาคกลาง,2566
35-39,90.3,ไตรมาส 1,สำนักงานสถิติแห่งชาติ,668,ยอดรวม,ร้อยละ,ภาคกลาง,2566
40-49,88.6,ไตรมาส 1,สำนักงานสถิติแห่งชาติ,669,ยอดรวม,ร้อยละ,ภาคกลาง,2566
50-59,80.6,ไตรมาส 1,สำนักงานสถิติแห่งชาติ,670,ยอดรวม,ร้อยละ,ภาคกลาง,2566
60 ขึ้นไป,34.2,ไตรมาส 1,สำนักงานสถิติแห่งชาติ,671,ยอดรวม,ร้อยละ,ภาคกลาง,2566
ยอดรวม,79.2,ไตรมาส 1,สำนักงานสถิติแห่งชาติ,672,ชาย,ร้อยละ,ภาคกลาง,2566
15-19,19.5,ไตรมาส 1,สำนักงานสถิติแห่งชาติ,673,ชาย,ร้อยละ,ภาคกลาง,2566
20-24,73.1,ไตรมาส 1,สำนักงานสถิติแห่งชาติ,674,ชาย,ร้อยละ,ภาคกลาง,2566
25-29,94.8,ไตรมาส 1,สำนักงานสถิติแห่งชาติ,675,ชาย,ร้อยละ,ภาคกลาง,2566
30-34,96.5,ไตรมาส 1,สำนักงานสถิติแห่งชาติ,676,ชาย,ร้อยละ,ภาคกลาง,2566
35-39,97.5,ไตรมาส 1,สำนักงานสถิติแห่งชาติ,677,ชาย,ร้อยละ,ภาคกลาง,2566
40-49,95.6,ไตรมาส 1,สำนักงานสถิติแห่งชาติ,678,ชาย,ร้อยละ,ภาคกลาง,2566
50-59,91.1,ไตรมาส 1,สำนักงานสถิติแห่งชาติ,679,ชาย,ร้อยละ,ภาคกลาง,2566
60 ขึ้นไป,41.7,ไตรมาส 1,สำนักงานสถิติแห่งชาติ,680,ชาย,ร้อยละ,ภาคกลาง,2566
ยอดรวม,64.0,ไตรมาส 1,สำนักงานสถิติแห่งชาติ,681,หญิง,ร้อยละ,ภาคกลาง,2566
15-19,13.3,ไตรมาส 1,สำนักงานสถิติแห่งชาติ,682,หญิง,ร้อยละ,ภาคกลาง,2566
20-24,64.8,ไตรมาส 1,สำนักงานสถิติแห่งชาติ,683,หญิง,ร้อยละ,ภาคกลาง,2566
25-29,86.0,ไตรมาส 1,สำนักงานสถิติแห่งชาติ,684,หญิง,ร้อยละ,ภาคกลาง,2566
30-34,87.4,ไตรมาส 1,สำนักงานสถิติแห่งชาติ,685,หญิง,ร้อยละ,ภาคกลาง,2566
35-39,83.2,ไตรมาส 1,สำนักงานสถิติแห่งชาติ,686,หญิง,ร้อยละ,ภาคกลาง,2566
40-49,81.7,ไตรมาส 1,สำนักงานสถิติแห่งชาติ,687,หญิง,ร้อยละ,ภาคกลาง,2566
50-59,71.0,ไตรมาส 1,สำนักงานสถิติแห่งชาติ,688,หญิง,ร้อยละ,ภาคกลาง,2566
60 ขึ้นไป,29.0,ไตรมาส 1,สำนักงานสถิติแห่งชาติ,689,หญิง,ร้อยละ,ภาคกลาง,2566
ยอดรวม,66.7,ไตรมาส 1,สำนักงานสถิติแห่งชาติ,690,ยอดรวม,ร้อยละ,ภาคเหนือ,2566
15-19,14.8,ไตรมาส 1,สำนักงานสถิติแห่งชาติ,691,ยอดรวม,ร้อยละ,ภาคเหนือ,2566
20-24,65.7,ไตรมาส 1,สำนักงานสถิติแห่งชาติ,692,ยอดรวม,ร้อยละ,ภาคเหนือ,2566
25-29,85.6,ไตรมาส 1,สำนักงานสถิติแห่งชาติ,693,ยอดรวม,ร้อยละ,ภาคเหนือ,2566
30-34,89.6,ไตรมาส 1,สำนักงานสถิติแห่งชาติ,694,ยอดรวม,ร้อยละ,ภาคเหนือ,2566
35-39,87.7,ไตรมาส 1,สำนักงานสถิติแห่งชาติ,695,ยอดรวม,ร้อยละ,ภาคเหนือ,2566
40-49,90.0,ไตรมาส 1,สำนักงานสถิติแห่งชาติ,696,ยอดรวม,ร้อยละ,ภาคเหนือ,2566
50-59,84.2,ไตรมาส 1,สำนักงานสถิติแห่งชาติ,697,ยอดรวม,ร้อยละ,ภาคเหนือ,2566
60 ขึ้นไป,42.7,ไตรมาส 1,สำนักงานสถิติแห่งชาติ,698,ยอดรวม,ร้อยละ,ภาคเหนือ,2566
ยอดรวม,75.3,ไตรมาส 1,สำนักงานสถิติแห่งชาติ,699,ชาย,ร้อยละ,ภาคเหนือ,2566
15-19,20.9,ไตรมาส 1,สำนักงานสถิติแห่งชาติ,700,ชาย,ร้อยละ,ภาคเหนือ,2566
20-24,73.5,ไตรมาส 1,สำนักงานสถิติแห่งชาติ,701,ชาย,ร้อยละ,ภาคเหนือ,2566
25-29,93.0,ไตรมาส 1,สำนักงานสถิติแห่งชาติ,702,ชาย,ร้อยละ,ภาคเหนือ,2566
30-34,96.1,ไตรมาส 1,สำนักงานสถิติแห่งชาติ,703,ชาย,ร้อยละ,ภาคเหนือ,2566
35-39,93.8,ไตรมาส 1,สำนักงานสถิติแห่งชาติ,704,ชาย,ร้อยละ,ภาคเหนือ,2566
40-49,95.0,ไตรมาส 1,สำนักงานสถิติแห่งชาติ,705,ชาย,ร้อยละ,ภาคเหนือ,2566
50-59,92.6,ไตรมาส 1,สำนักงานสถิติแห่งชาติ,706,ชาย,ร้อยละ,ภาคเหนือ,2566
60 ขึ้นไป,53.0,ไตรมาส 1,สำนักงานสถิติแห่งชาติ,707,ชาย,ร้อยละ,ภาคเหนือ,2566
ยอดรวม,59.0,ไตรมาส 1,สำนักงานสถิติแห่งชาติ,708,หญิง,ร้อยละ,ภาคเหนือ,2566
15-19,8.3,ไตรมาส 1,สำนักงานสถิติแห่งชาติ,709,หญิง,ร้อยละ,ภาคเหนือ,2566
20-24,57.7,ไตรมาส 1,สำนักงานสถิติแห่งชาติ,710,หญิง,ร้อยละ,ภาคเหนือ,2566
25-29,78.2,ไตรมาส 1,สำนักงานสถิติแห่งชาติ,711,หญิง,ร้อยละ,ภาคเหนือ,2566
30-34,83.0,ไตรมาส 1,สำนักงานสถิติแห่งชาติ,712,หญิง,ร้อยละ,ภาคเหนือ,2566
35-39,81.3,ไตรมาส 1,สำนักงานสถิติแห่งชาติ,713,หญิง,ร้อยละ,ภาคเหนือ,2566
40-49,85.1,ไตรมาส 1,สำนักงานสถิติแห่งชาติ,714,หญิง,ร้อยละ,ภาคเหนือ,2566
50-59,76.8,ไตรมาส 1,สำนักงานสถิติแห่งชาติ,715,หญิง,ร้อยละ,ภาคเหนือ,2566
60 ขึ้นไป,35.0,ไตรมาส 1,สำนักงานสถิติแห่งชาติ,716,หญิง,ร้อยละ,ภาคเหนือ,2566
ยอดรวม,62.3,ไตรมาส 1,สำนักงานสถิติแห่งชาติ,717,ยอดรวม,ร้อยละ,ภาคตะวันออกเฉียงเหนือ,2566
15-19,9.6,ไตรมาส 1,สำนักงานสถิติแห่งชาติ,718,ยอดรวม,ร้อยละ,ภาคตะวันออกเฉียงเหนือ,2566
20-24,59.1,ไตรมาส 1,สำนักงานสถิติแห่งชาติ,719,ยอดรวม,ร้อยละ,ภาคตะวันออกเฉียงเหนือ,2566
25-29,79.8,ไตรมาส 1,สำนักงานสถิติแห่งชาติ,720,ยอดรวม,ร้อยละ,ภาคตะวันออกเฉียงเหนือ,2566
30-34,85.1,ไตรมาส 1,สำนักงานสถิติแห่งชาติ,721,ยอดรวม,ร้อยละ,ภาคตะวันออกเฉียงเหนือ,2566
35-39,87.5,ไตรมาส 1,สำนักงานสถิติแห่งชาติ,722,ยอดรวม,ร้อยละ,ภาคตะวันออกเฉียงเหนือ,2566
40-49,87.6,ไตรมาส 1,สำนักงานสถิติแห่งชาติ,723,ยอดรวม,ร้อยละ,ภาคตะวันออกเฉียงเหนือ,2566
50-59,82.5,ไตรมาส 1,สำนักงานสถิติแห่งชาติ,724,ยอดรวม,ร้อยละ,ภาคตะวันออกเฉียงเหนือ,2566
60 ขึ้นไป,37.6,ไตรมาส 1,สำนักงานสถิติแห่งชาติ,725,ยอดรวม,ร้อยละ,ภาคตะวันออกเฉียงเหนือ,2566
ยอดรวม,71.4,ไตรมาส 1,สำนักงานสถิติแห่งชาติ,726,ชาย,ร้อยละ,ภาคตะวันออกเฉียงเหนือ,2566
15-19,13.9,ไตรมาส 1,สำนักงานสถิติแห่งชาติ,727,ชาย,ร้อยละ,ภาคตะวันออกเฉียงเหนือ,2566
20-24,65.8,ไตรมาส 1,สำนักงานสถิติแห่งชาติ,728,ชาย,ร้อยละ,ภาคตะวันออกเฉียงเหนือ,2566
25-29,88.8,ไตรมาส 1,สำนักงานสถิติแห่งชาติ,729,ชาย,ร้อยละ,ภาคตะวันออกเฉียงเหนือ,2566
30-34,92.2,ไตรมาส 1,สำนักงานสถิติแห่งชาติ,730,ชาย,ร้อยละ,ภาคตะวันออกเฉียงเหนือ,2566
35-39,94.2,ไตรมาส 1,สำนักงานสถิติแห่งชาติ,731,ชาย,ร้อยละ,ภาคตะวันออกเฉียงเหนือ,2566
40-49,93.0,ไตรมาส 1,สำนักงานสถิติแห่งชาติ,732,ชาย,ร้อยละ,ภาคตะวันออกเฉียงเหนือ,2566
50-59,93.0,ไตรมาส 1,สำนักงานสถิติแห่งชาติ,733,ชาย,ร้อยละ,ภาคตะวันออกเฉียงเหนือ,2566
60 ขึ้นไป,49.9,ไตรมาส 1,สำนักงานสถิติแห่งชาติ,734,ชาย,ร้อยละ,ภาคตะวันออกเฉียงเหนือ,2566
ยอดรวม,54.0,ไตรมาส 1,สำนักงานสถิติแห่งชาติ,735,หญิง,ร้อยละ,ภาคตะวันออกเฉียงเหนือ,2566
15-19,5.0,ไตรมาส 1,สำนักงานสถิติแห่งชาติ,736,หญิง,ร้อยละ,ภาคตะวันออกเฉียงเหนือ,2566
20-24,52.2,ไตรมาส 1,สำนักงานสถิติแห่งชาติ,737,หญิง,ร้อยละ,ภาคตะวันออกเฉียงเหนือ,2566
25-29,70.9,ไตรมาส 1,สำนักงานสถิติแห่งชาติ,738,หญิง,ร้อยละ,ภาคตะวันออกเฉียงเหนือ,2566
30-34,78.0,ไตรมาส 1,สำนักงานสถิติแห่งชาติ,739,หญิง,ร้อยละ,ภาคตะวันออกเฉียงเหนือ,2566
35-39,80.7,ไตรมาส 1,สำนักงานสถิติแห่งชาติ,740,หญิง,ร้อยละ,ภาคตะวันออกเฉียงเหนือ,2566
40-49,82.7,ไตรมาส 1,สำนักงานสถิติแห่งชาติ,741,หญิง,ร้อยละ,ภาคตะวันออกเฉียงเหนือ,2566
50-59,73.0,ไตรมาส 1,สำนักงานสถิติแห่งชาติ,742,หญิง,ร้อยละ,ภาคตะวันออกเฉียงเหนือ,2566
60 ขึ้นไป,28.4,ไตรมาส 1,สำนักงานสถิติแห่งชาติ,743,หญิง,ร้อยละ,ภาคตะวันออกเฉียงเหนือ,2566
ยอดรวม,70.4,ไตรมาส 1,สำนักงานสถิติแห่งชาติ,744,ยอดรวม,ร้อยละ,ภาคใต้,2566
15-19,15.8,ไตรมาส 1,สำนักงานสถิติแห่งชาติ,745,ยอดรวม,ร้อยละ,ภาคใต้,2566
20-24,65.4,ไตรมาส 1,สำนักงานสถิติแห่งชาติ,746,ยอดรวม,ร้อยละ,ภาคใต้,2566
25-29,86.1,ไตรมาส 1,สำนักงานสถิติแห่งชาติ,747,ยอดรวม,ร้อยละ,ภาคใต้,2566
30-34,87.2,ไตรมาส 1,สำนักงานสถิติแห่งชาติ,748,ยอดรวม,ร้อยละ,ภาคใต้,2566
35-39,89.7,ไตรมาส 1,สำนักงานสถิติแห่งชาติ,749,ยอดรวม,ร้อยละ,ภาคใต้,2566
40-49,90.1,ไตรมาส 1,สำนักงานสถิติแห่งชาติ,750,ยอดรวม,ร้อยละ,ภาคใต้,2566
50-59,86.1,ไตรมาส 1,สำนักงานสถิติแห่งชาติ,751,ยอดรวม,ร้อยละ,ภาคใต้,2566
60 ขึ้นไป,42.8,ไตรมาส 1,สำนักงานสถิติแห่งชาติ,752,ยอดรวม,ร้อยละ,ภาคใต้,2566
ยอดรวม,79.8,ไตรมาส 1,สำนักงานสถิติแห่งชาติ,753,ชาย,ร้อยละ,ภาคใต้,2566
15-19,22.8,ไตรมาส 1,สำนักงานสถิติแห่งชาติ,754,ชาย,ร้อยละ,ภาคใต้,2566
20-24,75.8,ไตรมาส 1,สำนักงานสถิติแห่งชาติ,755,ชาย,ร้อยละ,ภาคใต้,2566
25-29,96.5,ไตรมาส 1,สำนักงานสถิติแห่งชาติ,756,ชาย,ร้อยละ,ภาคใต้,2566
30-34,95.3,ไตรมาส 1,สำนักงานสถิติแห่งชาติ,757,ชาย,ร้อยละ,ภาคใต้,2566
35-39,96.7,ไตรมาส 1,สำนักงานสถิติแห่งชาติ,758,ชาย,ร้อยละ,ภาคใต้,2566
40-49,96.5,ไตรมาส 1,สำนักงานสถิติแห่งชาติ,759,ชาย,ร้อยละ,ภาคใต้,2566
50-59,95.2,ไตรมาส 1,สำนักงานสถิติแห่งชาติ,760,ชาย,ร้อยละ,ภาคใต้,2566
60 ขึ้นไป,53.7,ไตรมาส 1,สำนักงานสถิติแห่งชาติ,761,ชาย,ร้อยละ,ภาคใต้,2566
ยอดรวม,61.7,ไตรมาส 1,สำนักงานสถิติแห่งชาติ,762,หญิง,ร้อยละ,ภาคใต้,2566
15-19,8.6,ไตรมาส 1,สำนักงานสถิติแห่งชาติ,763,หญิง,ร้อยละ,ภาคใต้,2566
20-24,54.9,ไตรมาส 1,สำนักงานสถิติแห่งชาติ,764,หญิง,ร้อยละ,ภาคใต้,2566
25-29,75.6,ไตรมาส 1,สำนักงานสถิติแห่งชาติ,765,หญิง,ร้อยละ,ภาคใต้,2566
30-34,79.0,ไตรมาส 1,สำนักงานสถิติแห่งชาติ,766,หญิง,ร้อยละ,ภาคใต้,2566
35-39,82.6,ไตรมาส 1,สำนักงานสถิติแห่งชาติ,767,หญิง,ร้อยละ,ภาคใต้,2566
40-49,83.9,ไตรมาส 1,สำนักงานสถิติแห่งชาติ,768,หญิง,ร้อยละ,ภาคใต้,2566
50-59,77.6,ไตรมาส 1,สำนักงานสถิติแห่งชาติ,769,หญิง,ร้อยละ,ภาคใต้,2566
60 ขึ้นไป,34.9,ไตรมาส 1,สำนักงานสถิติแห่งชาติ,770,หญิง,ร้อยละ,ภาคใต้,2566
ยอดรวม,68.4,ไตรมาส 2,สำนักงานสถิติแห่งชาติ,771,ยอดรวม,ร้อยละ,ทั่วราชอาณาจักร,2566
15-19,13.1,ไตรมาส 2,สำนักงานสถิติแห่งชาติ,772,ยอดรวม,ร้อยละ,ทั่วราชอาณาจักร,2566
20-24,64.8,ไตรมาส 2,สำนักงานสถิติแห่งชาติ,773,ยอดรวม,ร้อยละ,ทั่วราชอาณาจักร,2566
25-29,86.9,ไตรมาส 2,สำนักงานสถิติแห่งชาติ,774,ยอดรวม,ร้อยละ,ทั่วราชอาณาจักร,2566
30-34,90.1,ไตรมาส 2,สำนักงานสถิติแห่งชาติ,775,ยอดรวม,ร้อยละ,ทั่วราชอาณาจักร,2566
35-39,90.8,ไตรมาส 2,สำนักงานสถิติแห่งชาติ,776,ยอดรวม,ร้อยละ,ทั่วราชอาณาจักร,2566
40-49,89.2,ไตรมาส 2,สำนักงานสถิติแห่งชาติ,777,ยอดรวม,ร้อยละ,ทั่วราชอาณาจักร,2566
50-59,82.8,ไตรมาส 2,สำนักงานสถิติแห่งชาติ,778,ยอดรวม,ร้อยละ,ทั่วราชอาณาจักร,2566
60 ขึ้นไป,37.1,ไตรมาส 2,สำนักงานสถิติแห่งชาติ,779,ยอดรวม,ร้อยละ,ทั่วราชอาณาจักร,2566
ยอดรวม,76.9,ไตรมาส 2,สำนักงานสถิติแห่งชาติ,780,ชาย,ร้อยละ,ทั่วราชอาณาจักร,2566
15-19,17.6,ไตรมาส 2,สำนักงานสถิติแห่งชาติ,781,ชาย,ร้อยละ,ทั่วราชอาณาจักร,2566
20-24,71.9,ไตรมาส 2,สำนักงานสถิติแห่งชาติ,782,ชาย,ร้อยละ,ทั่วราชอาณาจักร,2566
25-29,92.8,ไตรมาส 2,สำนักงานสถิติแห่งชาติ,783,ชาย,ร้อยละ,ทั่วราชอาณาจักร,2566
30-34,95.7,ไตรมาส 2,สำนักงานสถิติแห่งชาติ,784,ชาย,ร้อยละ,ทั่วราชอาณาจักร,2566
35-39,96.3,ไตรมาส 2,สำนักงานสถิติแห่งชาติ,785,ชาย,ร้อยละ,ทั่วราชอาณาจักร,2566
40-49,95.2,ไตรมาส 2,สำนักงานสถิติแห่งชาติ,786,ชาย,ร้อยละ,ทั่วราชอาณาจักร,2566
50-59,92.8,ไตรมาส 2,สำนักงานสถิติแห่งชาติ,787,ชาย,ร้อยละ,ทั่วราชอาณาจักร,2566
60 ขึ้นไป,47.4,ไตรมาส 2,สำนักงานสถิติแห่งชาติ,788,ชาย,ร้อยละ,ทั่วราชอาณาจักร,2566
ยอดรวม,60.7,ไตรมาส 2,สำนักงานสถิติแห่งชาติ,789,หญิง,ร้อยละ,ทั่วราชอาณาจักร,2566
15-19,8.6,ไตรมาส 2,สำนักงานสถิติแห่งชาติ,790,หญิง,ร้อยละ,ทั่วราชอาณาจักร,2566
20-24,57.8,ไตรมาส 2,สำนักงานสถิติแห่งชาติ,791,หญิง,ร้อยละ,ทั่วราชอาณาจักร,2566
25-29,81.1,ไตรมาส 2,สำนักงานสถิติแห่งชาติ,792,หญิง,ร้อยละ,ทั่วราชอาณาจักร,2566
30-34,84.5,ไตรมาส 2,สำนักงานสถิติแห่งชาติ,793,หญิง,ร้อยละ,ทั่วราชอาณาจักร,2566
35-39,85.3,ไตรมาส 2,สำนักงานสถิติแห่งชาติ,794,หญิง,ร้อยละ,ทั่วราชอาณาจักร,2566
40-49,83.4,ไตรมาส 2,สำนักงานสถิติแห่งชาติ,795,หญิง,ร้อยละ,ทั่วราชอาณาจักร,2566
50-59,73.6,ไตรมาส 2,สำนักงานสถิติแห่งชาติ,796,หญิง,ร้อยละ,ทั่วราชอาณาจักร,2566
60 ขึ้นไป,29.5,ไตรมาส 2,สำนักงานสถิติแห่งชาติ,797,หญิง,ร้อยละ,ทั่วราชอาณาจักร,2566
ยอดรวม,73.7,ไตรมาส 2,สำนักงานสถิติแห่งชาติ,798,ยอดรวม,ร้อยละ,กรุงเทพมหานคร,2566
15-19,12.2,ไตรมาส 2,สำนักงานสถิติแห่งชาติ,799,ยอดรวม,ร้อยละ,กรุงเทพมหานคร,2566
20-24,61.1,ไตรมาส 2,สำนักงานสถิติแห่งชาติ,800,ยอดรวม,ร้อยละ,กรุงเทพมหานคร,2566
25-29,92.0,ไตรมาส 2,สำนักงานสถิติแห่งชาติ,801,ยอดรวม,ร้อยละ,กรุงเทพมหานคร,2566
30-34,95.2,ไตรมาส 2,สำนักงานสถิติแห่งชาติ,802,ยอดรวม,ร้อยละ,กรุงเทพมหานคร,2566
35-39,92.7,ไตรมาส 2,สำนักงานสถิติแห่งชาติ,803,ยอดรวม,ร้อยละ,กรุงเทพมหานคร,2566
40-49,90.5,ไตรมาส 2,สำนักงานสถิติแห่งชาติ,804,ยอดรวม,ร้อยละ,กรุงเทพมหานคร,2566
50-59,82.5,ไตรมาส 2,สำนักงานสถิติแห่งชาติ,805,ยอดรวม,ร้อยละ,กรุงเทพมหานคร,2566
60 ขึ้นไป,28.6,ไตรมาส 2,สำนักงานสถิติแห่งชาติ,806,ยอดรวม,ร้อยละ,กรุงเทพมหานคร,2566
ยอดรวม,80.2,ไตรมาส 2,สำนักงานสถิติแห่งชาติ,807,ชาย,ร้อยละ,กรุงเทพมหานคร,2566
15-19,12.6,ไตรมาส 2,สำนักงานสถิติแห่งชาติ,808,ชาย,ร้อยละ,กรุงเทพมหานคร,2566
20-24,66.3,ไตรมาส 2,สำนักงานสถิติแห่งชาติ,809,ชาย,ร้อยละ,กรุงเทพมหานคร,2566
25-29,93.0,ไตรมาส 2,สำนักงานสถิติแห่งชาติ,810,ชาย,ร้อยละ,กรุงเทพมหานคร,2566
30-34,97.9,ไตรมาส 2,สำนักงานสถิติแห่งชาติ,811,ชาย,ร้อยละ,กรุงเทพมหานคร,2566
35-39,97.9,ไตรมาส 2,สำนักงานสถิติแห่งชาติ,812,ชาย,ร้อยละ,กรุงเทพมหานคร,2566
40-49,95.1,ไตรมาส 2,สำนักงานสถิติแห่งชาติ,813,ชาย,ร้อยละ,กรุงเทพมหานคร,2566
50-59,93.2,ไตรมาส 2,สำนักงานสถิติแห่งชาติ,814,ชาย,ร้อยละ,กรุงเทพมหานคร,2566
60 ขึ้นไป,33.9,ไตรมาส 2,สำนักงานสถิติแห่งชาติ,815,ชาย,ร้อยละ,กรุงเทพมหานคร,2566
ยอดรวม,67.8,ไตรมาส 2,สำนักงานสถิติแห่งชาติ,816,หญิง,ร้อยละ,กรุงเทพมหานคร,2566
15-19,11.7,ไตรมาส 2,สำนักงานสถิติแห่งชาติ,817,หญิง,ร้อยละ,กรุงเทพมหานคร,2566
20-24,56.2,ไตรมาส 2,สำนักงานสถิติแห่งชาติ,818,หญิง,ร้อยละ,กรุงเทพมหานคร,2566
25-29,91.0,ไตรมาส 2,สำนักงานสถิติแห่งชาติ,819,หญิง,ร้อยละ,กรุงเทพมหานคร,2566
30-34,92.6,ไตรมาส 2,สำนักงานสถิติแห่งชาติ,820,หญิง,ร้อยละ,กรุงเทพมหานคร,2566
35-39,88.0,ไตรมาส 2,สำนักงานสถิติแห่งชาติ,821,หญิง,ร้อยละ,กรุงเทพมหานคร,2566
40-49,86.0,ไตรมาส 2,สำนักงานสถิติแห่งชาติ,822,หญิง,ร้อยละ,กรุงเทพมหานคร,2566
50-59,72.4,ไตรมาส 2,สำนักงานสถิติแห่งชาติ,823,หญิง,ร้อยละ,กรุงเทพมหานคร,2566
60 ขึ้นไป,24.9,ไตรมาส 2,สำนักงานสถิติแห่งชาติ,824,หญิง,ร้อยละ,กรุงเทพมหานคร,2566
ยอดรวม,71.3,ไตรมาส 2,สำนักงานสถิติแห่งชาติ,825,ยอดรวม,ร้อยละ,ภาคกลาง,2566
15-19,16.3,ไตรมาส 2,สำนักงานสถิติแห่งชาติ,826,ยอดรวม,ร้อยละ,ภาคกลาง,2566
20-24,69.3,ไตรมาส 2,สำนักงานสถิติแห่งชาติ,827,ยอดรวม,ร้อยละ,ภาคกลาง,2566
25-29,90.0,ไตรมาส 2,สำนักงานสถิติแห่งชาติ,828,ยอดรวม,ร้อยละ,ภาคกลาง,2566
30-34,91.4,ไตรมาส 2,สำนักงานสถิติแห่งชาติ,829,ยอดรวม,ร้อยละ,ภาคกลาง,2566
35-39,91.2,ไตรมาส 2,สำนักงานสถิติแห่งชาติ,830,ยอดรวม,ร้อยละ,ภาคกลาง,2566
40-49,89.1,ไตรมาส 2,สำนักงานสถิติแห่งชาติ,831,ยอดรวม,ร้อยละ,ภาคกลาง,2566
50-59,81.2,ไตรมาส 2,สำนักงานสถิติแห่งชาติ,832,ยอดรวม,ร้อยละ,ภาคกลาง,2566
60 ขึ้นไป,33.5,ไตรมาส 2,สำนักงานสถิติแห่งชาติ,833,ยอดรวม,ร้อยละ,ภาคกลาง,2566
ยอดรวม,79.5,ไตรมาส 2,สำนักงานสถิติแห่งชาติ,834,ชาย,ร้อยละ,ภาคกลาง,2566
15-19,20.6,ไตรมาส 2,สำนักงานสถิติแห่งชาติ,835,ชาย,ร้อยละ,ภาคกลาง,2566
20-24,74.7,ไตรมาส 2,สำนักงานสถิติแห่งชาติ,836,ชาย,ร้อยละ,ภาคกลาง,2566
25-29,94.6,ไตรมาส 2,สำนักงานสถิติแห่งชาติ,837,ชาย,ร้อยละ,ภาคกลาง,2566
30-34,96.6,ไตรมาส 2,สำนักงานสถิติแห่งชาติ,838,ชาย,ร้อยละ,ภาคกลาง,2566
35-39,96.8,ไตรมาส 2,สำนักงานสถิติแห่งชาติ,839,ชาย,ร้อยละ,ภาคกลาง,2566
40-49,95.8,ไตรมาส 2,สำนักงานสถิติแห่งชาติ,840,ชาย,ร้อยละ,ภาคกลาง,2566
50-59,91.3,ไตรมาส 2,สำนักงานสถิติแห่งชาติ,841,ชาย,ร้อยละ,ภาคกลาง,2566
60 ขึ้นไป,42.6,ไตรมาส 2,สำนักงานสถิติแห่งชาติ,842,ชาย,ร้อยละ,ภาคกลาง,2566
ยอดรวม,63.7,ไตรมาส 2,สำนักงานสถิติแห่งชาติ,843,หญิง,ร้อยละ,ภาคกลาง,2566
15-19,12.0,ไตรมาส 2,สำนักงานสถิติแห่งชาติ,844,หญิง,ร้อยละ,ภาคกลาง,2566
20-24,64.0,ไตรมาส 2,สำนักงานสถิติแห่งชาติ,845,หญิง,ร้อยละ,ภาคกลาง,2566
25-29,85.4,ไตรมาส 2,สำนักงานสถิติแห่งชาติ,846,หญิง,ร้อยละ,ภาคกลาง,2566
30-34,86.0,ไตรมาส 2,สำนักงานสถิติแห่งชาติ,847,หญิง,ร้อยละ,ภาคกลาง,2566
35-39,85.7,ไตรมาส 2,สำนักงานสถิติแห่งชาติ,848,หญิง,ร้อยละ,ภาคกลาง,2566
40-49,82.4,ไตรมาส 2,สำนักงานสถิติแห่งชาติ,849,หญิง,ร้อยละ,ภาคกลาง,2566
50-59,71.8,ไตรมาส 2,สำนักงานสถิติแห่งชาติ,850,หญิง,ร้อยละ,ภาคกลาง,2566
60 ขึ้นไป,27.0,ไตรมาส 2,สำนักงานสถิติแห่งชาติ,851,หญิง,ร้อยละ,ภาคกลาง,2566
ยอดรวม,65.9,ไตรมาส 2,สำนักงานสถิติแห่งชาติ,852,ยอดรวม,ร้อยละ,ภาคเหนือ,2566
15-19,12.4,ไตรมาส 2,สำนักงานสถิติแห่งชาติ,853,ยอดรวม,ร้อยละ,ภาคเหนือ,2566
20-24,65.8,ไตรมาส 2,สำนักงานสถิติแห่งชาติ,854,ยอดรวม,ร้อยละ,ภาคเหนือ,2566
25-29,85.9,ไตรมาส 2,สำนักงานสถิติแห่งชาติ,855,ยอดรวม,ร้อยละ,ภาคเหนือ,2566
30-34,88.3,ไตรมาส 2,สำนักงานสถิติแห่งชาติ,856,ยอดรวม,ร้อยละ,ภาคเหนือ,2566
35-39,90.7,ไตรมาส 2,สำนักงานสถิติแห่งชาติ,857,ยอดรวม,ร้อยละ,ภาคเหนือ,2566
40-49,89.4,ไตรมาส 2,สำนักงานสถิติแห่งชาติ,858,ยอดรวม,ร้อยละ,ภาคเหนือ,2566
50-59,83.1,ไตรมาส 2,สำนักงานสถิติแห่งชาติ,859,ยอดรวม,ร้อยละ,ภาคเหนือ,2566
60 ขึ้นไป,41.3,ไตรมาส 2,สำนักงานสถิติแห่งชาติ,860,ยอดรวม,ร้อยละ,ภาคเหนือ,2566
ยอดรวม,74.3,ไตรมาส 2,สำนักงานสถิติแห่งชาติ,861,ชาย,ร้อยละ,ภาคเหนือ,2566
15-19,16.8,ไตรมาส 2,สำนักงานสถิติแห่งชาติ,862,ชาย,ร้อยละ,ภาคเหนือ,2566
20-24,71.3,ไตรมาส 2,สำนักงานสถิติแห่งชาติ,863,ชาย,ร้อยละ,ภาคเหนือ,2566
25-29,93.2,ไตรมาส 2,สำนักงานสถิติแห่งชาติ,864,ชาย,ร้อยละ,ภาคเหนือ,2566
30-34,95.0,ไตรมาส 2,สำนักงานสถิติแห่งชาติ,865,ชาย,ร้อยละ,ภาคเหนือ,2566
35-39,94.9,ไตรมาส 2,สำนักงานสถิติแห่งชาติ,866,ชาย,ร้อยละ,ภาคเหนือ,2566
40-49,94.8,ไตรมาส 2,สำนักงานสถิติแห่งชาติ,867,ชาย,ร้อยละ,ภาคเหนือ,2566
50-59,92.1,ไตรมาส 2,สำนักงานสถิติแห่งชาติ,868,ชาย,ร้อยละ,ภาคเหนือ,2566
60 ขึ้นไป,51.9,ไตรมาส 2,สำนักงานสถิติแห่งชาติ,869,ชาย,ร้อยละ,ภาคเหนือ,2566
ยอดรวม,58.3,ไตรมาส 2,สำนักงานสถิติแห่งชาติ,870,หญิง,ร้อยละ,ภาคเหนือ,2566
15-19,7.8,ไตรมาส 2,สำนักงานสถิติแห่งชาติ,871,หญิง,ร้อยละ,ภาคเหนือ,2566
20-24,60.3,ไตรมาส 2,สำนักงานสถิติแห่งชาติ,872,หญิง,ร้อยละ,ภาคเหนือ,2566
25-29,78.5,ไตรมาส 2,สำนักงานสถิติแห่งชาติ,873,หญิง,ร้อยละ,ภาคเหนือ,2566
30-34,81.3,ไตรมาส 2,สำนักงานสถิติแห่งชาติ,874,หญิง,ร้อยละ,ภาคเหนือ,2566
35-39,86.3,ไตรมาส 2,สำนักงานสถิติแห่งชาติ,875,หญิง,ร้อยละ,ภาคเหนือ,2566
40-49,84.2,ไตรมาส 2,สำนักงานสถิติแห่งชาติ,876,หญิง,ร้อยละ,ภาคเหนือ,2566
50-59,75.1,ไตรมาส 2,สำนักงานสถิติแห่งชาติ,877,หญิง,ร้อยละ,ภาคเหนือ,2566
60 ขึ้นไป,33.4,ไตรมาส 2,สำนักงานสถิติแห่งชาติ,878,หญิง,ร้อยละ,ภาคเหนือ,2566
ยอดรวม,63.3,ไตรมาส 2,สำนักงานสถิติแห่งชาติ,879,ยอดรวม,ร้อยละ,ภาคตะวันออกเฉียงเหนือ,2566
15-19,9.7,ไตรมาส 2,สำนักงานสถิติแห่งชาติ,880,ยอดรวม,ร้อยละ,ภาคตะวันออกเฉียงเหนือ,2566
20-24,60.9,ไตรมาส 2,สำนักงานสถิติแห่งชาติ,881,ยอดรวม,ร้อยละ,ภาคตะวันออกเฉียงเหนือ,2566
25-29,80.4,ไตรมาส 2,สำนักงานสถิติแห่งชาติ,882,ยอดรวม,ร้อยละ,ภาคตะวันออกเฉียงเหนือ,2566
30-34,86.0,ไตรมาส 2,สำนักงานสถิติแห่งชาติ,883,ยอดรวม,ร้อยละ,ภาคตะวันออกเฉียงเหนือ,2566
35-39,89.3,ไตรมาส 2,สำนักงานสถิติแห่งชาติ,884,ยอดรวม,ร้อยละ,ภาคตะวันออกเฉียงเหนือ,2566
40-49,88.5,ไตรมาส 2,สำนักงานสถิติแห่งชาติ,885,ยอดรวม,ร้อยละ,ภาคตะวันออกเฉียงเหนือ,2566
50-59,83.6,ไตรมาส 2,สำนักงานสถิติแห่งชาติ,886,ยอดรวม,ร้อยละ,ภาคตะวันออกเฉียงเหนือ,2566
60 ขึ้นไป,39.2,ไตรมาส 2,สำนักงานสถิติแห่งชาติ,887,ยอดรวม,ร้อยละ,ภาคตะวันออกเฉียงเหนือ,2566
ยอดรวม,72.5,ไตรมาส 2,สำนักงานสถิติแห่งชาติ,888,ชาย,ร้อยละ,ภาคตะวันออกเฉียงเหนือ,2566
15-19,14.0,ไตรมาส 2,สำนักงานสถิติแห่งชาติ,889,ชาย,ร้อยละ,ภาคตะวันออกเฉียงเหนือ,2566
20-24,69.9,ไตรมาส 2,สำนักงานสถิติแห่งชาติ,890,ชาย,ร้อยละ,ภาคตะวันออกเฉียงเหนือ,2566
25-29,88.9,ไตรมาส 2,สำนักงานสถิติแห่งชาติ,891,ชาย,ร้อยละ,ภาคตะวันออกเฉียงเหนือ,2566
30-34,92.2,ไตรมาส 2,สำนักงานสถิติแห่งชาติ,892,ชาย,ร้อยละ,ภาคตะวันออกเฉียงเหนือ,2566
35-39,94.1,ไตรมาส 2,สำนักงานสถิติแห่งชาติ,893,ชาย,ร้อยละ,ภาคตะวันออกเฉียงเหนือ,2566
40-49,93.6,ไตรมาส 2,สำนักงานสถิติแห่งชาติ,894,ชาย,ร้อยละ,ภาคตะวันออกเฉียงเหนือ,2566
50-59,94.0,ไตรมาส 2,สำนักงานสถิติแห่งชาติ,895,ชาย,ร้อยละ,ภาคตะวันออกเฉียงเหนือ,2566
60 ขึ้นไป,51.5,ไตรมาส 2,สำนักงานสถิติแห่งชาติ,896,ชาย,ร้อยละ,ภาคตะวันออกเฉียงเหนือ,2566
ยอดรวม,55.1,ไตรมาส 2,สำนักงานสถิติแห่งชาติ,897,หญิง,ร้อยละ,ภาคตะวันออกเฉียงเหนือ,2566
15-19,5.2,ไตรมาส 2,สำนักงานสถิติแห่งชาติ,898,หญิง,ร้อยละ,ภาคตะวันออกเฉียงเหนือ,2566
20-24,51.5,ไตรมาส 2,สำนักงานสถิติแห่งชาติ,899,หญิง,ร้อยละ,ภาคตะวันออกเฉียงเหนือ,2566
25-29,71.9,ไตรมาส 2,สำนักงานสถิติแห่งชาติ,900,หญิง,ร้อยละ,ภาคตะวันออกเฉียงเหนือ,2566
30-34,79.9,ไตรมาส 2,สำนักงานสถิติแห่งชาติ,901,หญิง,ร้อยละ,ภาคตะวันออกเฉียงเหนือ,2566
35-39,84.5,ไตรมาส 2,สำนักงานสถิติแห่งชาติ,902,หญิง,ร้อยละ,ภาคตะวันออกเฉียงเหนือ,2566
40-49,83.7,ไตรมาส 2,สำนักงานสถิติแห่งชาติ,903,หญิง,ร้อยละ,ภาคตะวันออกเฉียงเหนือ,2566
50-59,74.2,ไตรมาส 2,สำนักงานสถิติแห่งชาติ,904,หญิง,ร้อยละ,ภาคตะวันออกเฉียงเหนือ,2566
60 ขึ้นไป,29.9,ไตรมาส 2,สำนักงานสถิติแห่งชาติ,905,หญิง,ร้อยละ,ภาคตะวันออกเฉียงเหนือ,2566
ยอดรวม,69.2,ไตรมาส 2,สำนักงานสถิติแห่งชาติ,906,ยอดรวม,ร้อยละ,ภาคใต้,2566
15-19,16.0,ไตรมาส 2,สำนักงานสถิติแห่งชาติ,907,ยอดรวม,ร้อยละ,ภาคใต้,2566
20-24,64.4,ไตรมาส 2,สำนักงานสถิติแห่งชาติ,908,ยอดรวม,ร้อยละ,ภาคใต้,2566
25-29,87.0,ไตรมาส 2,สำนักงานสถิติแห่งชาติ,909,ยอดรวม,ร้อยละ,ภาคใต้,2566
30-34,87.7,ไตรมาส 2,สำนักงานสถิติแห่งชาติ,910,ยอดรวม,ร้อยละ,ภาคใต้,2566
35-39,88.7,ไตรมาส 2,สำนักงานสถิติแห่งชาติ,911,ยอดรวม,ร้อยละ,ภาคใต้,2566
40-49,89.0,ไตรมาส 2,สำนักงานสถิติแห่งชาติ,912,ยอดรวม,ร้อยละ,ภาคใต้,2566
50-59,84.7,ไตรมาส 2,สำนักงานสถิติแห่งชาติ,913,ยอดรวม,ร้อยละ,ภาคใต้,2566
60 ขึ้นไป,39.6,ไตรมาส 2,สำนักงานสถิติแห่งชาติ,914,ยอดรวม,ร้อยละ,ภาคใต้,2566
ยอดรวม,78.9,ไตรมาส 2,สำนักงานสถิติแห่งชาติ,915,ชาย,ร้อยละ,ภาคใต้,2566
15-19,23.5,ไตรมาส 2,สำนักงานสถิติแห่งชาติ,916,ชาย,ร้อยละ,ภาคใต้,2566
20-24,74.3,ไตรมาส 2,สำนักงานสถิติแห่งชาติ,917,ชาย,ร้อยละ,ภาคใต้,2566
25-29,94.5,ไตรมาส 2,สำนักงานสถิติแห่งชาติ,918,ชาย,ร้อยละ,ภาคใต้,2566
30-34,95.6,ไตรมาส 2,สำนักงานสถิติแห่งชาติ,919,ชาย,ร้อยละ,ภาคใต้,2566
35-39,96.8,ไตรมาส 2,สำนักงานสถิติแห่งชาติ,920,ชาย,ร้อยละ,ภาคใต้,2566
40-49,97.0,ไตรมาส 2,สำนักงานสถิติแห่งชาติ,921,ชาย,ร้อยละ,ภาคใต้,2566
50-59,94.6,ไตรมาส 2,สำนักงานสถิติแห่งชาติ,922,ชาย,ร้อยละ,ภาคใต้,2566
60 ขึ้นไป,50.5,ไตรมาส 2,สำนักงานสถิติแห่งชาติ,923,ชาย,ร้อยละ,ภาคใต้,2566
ยอดรวม,60.3,ไตรมาส 2,สำนักงานสถิติแห่งชาติ,924,หญิง,ร้อยละ,ภาคใต้,2566
15-19,8.3,ไตรมาส 2,สำนักงานสถิติแห่งชาติ,925,หญิง,ร้อยละ,ภาคใต้,2566
20-24,54.5,ไตรมาส 2,สำนักงานสถิติแห่งชาติ,926,หญิง,ร้อยละ,ภาคใต้,2566
25-29,79.5,ไตรมาส 2,สำนักงานสถิติแห่งชาติ,927,หญิง,ร้อยละ,ภาคใต้,2566
30-34,79.8,ไตรมาส 2,สำนักงานสถิติแห่งชาติ,928,หญิง,ร้อยละ,ภาคใต้,2566
35-39,80.4,ไตรมาส 2,สำนักงานสถิติแห่งชาติ,929,หญิง,ร้อยละ,ภาคใต้,2566
40-49,81.3,ไตรมาส 2,สำนักงานสถิติแห่งชาติ,930,หญิง,ร้อยละ,ภาคใต้,2566
50-59,75.5,ไตรมาส 2,สำนักงานสถิติแห่งชาติ,931,หญิง,ร้อยละ,ภาคใต้,2566
60 ขึ้นไป,31.5,ไตรมาส 2,สำนักงานสถิติแห่งชาติ,932,หญิง,ร้อยละ,ภาคใต้,2566
ยอดรวม,68.7,ไตรมาส 3,สำนักงานสถิติแห่งชาติ,933,ยอดรวม,ร้อยละ,ทั่วราชอาณาจักร,2566
15-19,13.0,ไตรมาส 3,สำนักงานสถิติแห่งชาติ,934,ยอดรวม,ร้อยละ,ทั่วราชอาณาจักร,2566
20-24,64.9,ไตรมาส 3,สำนักงานสถิติแห่งชาติ,935,ยอดรวม,ร้อยละ,ทั่วราชอาณาจักร,2566
25-29,87.3,ไตรมาส 3,สำนักงานสถิติแห่งชาติ,936,ยอดรวม,ร้อยละ,ทั่วราชอาณาจักร,2566
30-34,90.9,ไตรมาส 3,สำนักงานสถิติแห่งชาติ,937,ยอดรวม,ร้อยละ,ทั่วราชอาณาจักร,2566
35-39,90.5,ไตรมาส 3,สำนักงานสถิติแห่งชาติ,938,ยอดรวม,ร้อยละ,ทั่วราชอาณาจักร,2566
40-49,89.5,ไตรมาส 3,สำนักงานสถิติแห่งชาติ,939,ยอดรวม,ร้อยละ,ทั่วราชอาณาจักร,2566
50-59,83.5,ไตรมาส 3,สำนักงานสถิติแห่งชาติ,940,ยอดรวม,ร้อยละ,ทั่วราชอาณาจักร,2566
60 ขึ้นไป,37.6,ไตรมาส 3,สำนักงานสถิติแห่งชาติ,941,ยอดรวม,ร้อยละ,ทั่วราชอาณาจักร,2566
ยอดรวม,77.2,ไตรมาส 3,สำนักงานสถิติแห่งชาติ,942,ชาย,ร้อยละ,ทั่วราชอาณาจักร,2566
15-19,17.9,ไตรมาส 3,สำนักงานสถิติแห่งชาติ,943,ชาย,ร้อยละ,ทั่วราชอาณาจักร,2566
20-24,72.5,ไตรมาส 3,สำนักงานสถิติแห่งชาติ,944,ชาย,ร้อยละ,ทั่วราชอาณาจักร,2566
25-29,93.9,ไตรมาส 3,สำนักงานสถิติแห่งชาติ,945,ชาย,ร้อยละ,ทั่วราชอาณาจักร,2566
30-34,96.0,ไตรมาส 3,สำนักงานสถิติแห่งชาติ,946,ชาย,ร้อยละ,ทั่วราชอาณาจักร,2566
35-39,96.0,ไตรมาส 3,สำนักงานสถิติแห่งชาติ,947,ชาย,ร้อยละ,ทั่วราชอาณาจักร,2566
40-49,95.5,ไตรมาส 3,สำนักงานสถิติแห่งชาติ,948,ชาย,ร้อยละ,ทั่วราชอาณาจักร,2566
50-59,92.4,ไตรมาส 3,สำนักงานสถิติแห่งชาติ,949,ชาย,ร้อยละ,ทั่วราชอาณาจักร,2566
60 ขึ้นไป,48.3,ไตรมาส 3,สำนักงานสถิติแห่งชาติ,950,ชาย,ร้อยละ,ทั่วราชอาณาจักร,2566
ยอดรวม,61.0,ไตรมาส 3,สำนักงานสถิติแห่งชาติ,951,หญิง,ร้อยละ,ทั่วราชอาณาจักร,2566
15-19,8.0,ไตรมาส 3,สำนักงานสถิติแห่งชาติ,952,หญิง,ร้อยละ,ทั่วราชอาณาจักร,2566
20-24,57.3,ไตรมาส 3,สำนักงานสถิติแห่งชาติ,953,หญิง,ร้อยละ,ทั่วราชอาณาจักร,2566
25-29,80.6,ไตรมาส 3,สำนักงานสถิติแห่งชาติ,954,หญิง,ร้อยละ,ทั่วราชอาณาจักร,2566
30-34,85.7,ไตรมาส 3,สำนักงานสถิติแห่งชาติ,955,หญิง,ร้อยละ,ทั่วราชอาณาจักร,2566
35-39,85.1,ไตรมาส 3,สำนักงานสถิติแห่งชาติ,956,หญิง,ร้อยละ,ทั่วราชอาณาจักร,2566
40-49,83.8,ไตรมาส 3,สำนักงานสถิติแห่งชาติ,957,หญิง,ร้อยละ,ทั่วราชอาณาจักร,2566
50-59,75.3,ไตรมาส 3,สำนักงานสถิติแห่งชาติ,958,หญิง,ร้อยละ,ทั่วราชอาณาจักร,2566
60 ขึ้นไป,29.7,ไตรมาส 3,สำนักงานสถิติแห่งชาติ,959,หญิง,ร้อยละ,ทั่วราชอาณาจักร,2566
ยอดรวม,72.5,ไตรมาส 3,สำนักงานสถิติแห่งชาติ,960,ยอดรวม,ร้อยละ,กรุงเทพมหานคร,2566
15-19,11.7,ไตรมาส 3,สำนักงานสถิติแห่งชาติ,961,ยอดรวม,ร้อยละ,กรุงเทพมหานคร,2566
20-24,60.2,ไตรมาส 3,สำนักงานสถิติแห่งชาติ,962,ยอดรวม,ร้อยละ,กรุงเทพมหานคร,2566
25-29,90.7,ไตรมาส 3,สำนักงานสถิติแห่งชาติ,963,ยอดรวม,ร้อยละ,กรุงเทพมหานคร,2566
30-34,95.1,ไตรมาส 3,สำนักงานสถิติแห่งชาติ,964,ยอดรวม,ร้อยละ,กรุงเทพมหานคร,2566
35-39,91.9,ไตรมาส 3,สำนักงานสถิติแห่งชาติ,965,ยอดรวม,ร้อยละ,กรุงเทพมหานคร,2566
40-49,91.0,ไตรมาส 3,สำนักงานสถิติแห่งชาติ,966,ยอดรวม,ร้อยละ,กรุงเทพมหานคร,2566
50-59,80.9,ไตรมาส 3,สำนักงานสถิติแห่งชาติ,967,ยอดรวม,ร้อยละ,กรุงเทพมหานคร,2566
60 ขึ้นไป,24.9,ไตรมาส 3,สำนักงานสถิติแห่งชาติ,968,ยอดรวม,ร้อยละ,กรุงเทพมหานคร,2566
ยอดรวม,79.3,ไตรมาส 3,สำนักงานสถิติแห่งชาติ,969,ชาย,ร้อยละ,กรุงเทพมหานคร,2566
15-19,12.0,ไตรมาส 3,สำนักงานสถิติแห่งชาติ,970,ชาย,ร้อยละ,กรุงเทพมหานคร,2566
20-24,65.3,ไตรมาส 3,สำนักงานสถิติแห่งชาติ,971,ชาย,ร้อยละ,กรุงเทพมหานคร,2566
25-29,93.3,ไตรมาส 3,สำนักงานสถิติแห่งชาติ,972,ชาย,ร้อยละ,กรุงเทพมหานคร,2566
30-34,98.2,ไตรมาส 3,สำนักงานสถิติแห่งชาติ,973,ชาย,ร้อยละ,กรุงเทพมหานคร,2566
35-39,96.2,ไตรมาส 3,สำนักงานสถิติแห่งชาติ,974,ชาย,ร้อยละ,กรุงเทพมหานคร,2566
40-49,96.7,ไตรมาส 3,สำนักงานสถิติแห่งชาติ,975,ชาย,ร้อยละ,กรุงเทพมหานคร,2566
50-59,90.4,ไตรมาส 3,สำนักงานสถิติแห่งชาติ,976,ชาย,ร้อยละ,กรุงเทพมหานคร,2566
60 ขึ้นไป,31.1,ไตรมาส 3,สำนักงานสถิติแห่งชาติ,977,ชาย,ร้อยละ,กรุงเทพมหานคร,2566
ยอดรวม,66.3,ไตรมาส 3,สำนักงานสถิติแห่งชาติ,978,หญิง,ร้อยละ,กรุงเทพมหานคร,2566
15-19,11.4,ไตรมาส 3,สำนักงานสถิติแห่งชาติ,979,หญิง,ร้อยละ,กรุงเทพมหานคร,2566
20-24,55.4,ไตรมาส 3,สำนักงานสถิติแห่งชาติ,980,หญิง,ร้อยละ,กรุงเทพมหานคร,2566
25-29,88.3,ไตรมาส 3,สำนักงานสถิติแห่งชาติ,981,หญิง,ร้อยละ,กรุงเทพมหานคร,2566
30-34,92.1,ไตรมาส 3,สำนักงานสถิติแห่งชาติ,982,หญิง,ร้อยละ,กรุงเทพมหานคร,2566
35-39,87.9,ไตรมาส 3,สำนักงานสถิติแห่งชาติ,983,หญิง,ร้อยละ,กรุงเทพมหานคร,2566
40-49,85.5,ไตรมาส 3,สำนักงานสถิติแห่งชาติ,984,หญิง,ร้อยละ,กรุงเทพมหานคร,2566
50-59,72.0,ไตรมาส 3,สำนักงานสถิติแห่งชาติ,985,หญิง,ร้อยละ,กรุงเทพมหานคร,2566
60 ขึ้นไป,20.5,ไตรมาส 3,สำนักงานสถิติแห่งชาติ,986,หญิง,ร้อยละ,กรุงเทพมหานคร,2566
ยอดรวม,71.0,ไตรมาส 3,สำนักงานสถิติแห่งชาติ,987,ยอดรวม,ร้อยละ,ภาคกลาง,2566
15-19,14.8,ไตรมาส 3,สำนักงานสถิติแห่งชาติ,988,ยอดรวม,ร้อยละ,ภาคกลาง,2566
20-24,68.9,ไตรมาส 3,สำนักงานสถิติแห่งชาติ,989,ยอดรวม,ร้อยละ,ภาคกลาง,2566
25-29,90.0,ไตรมาส 3,สำนักงานสถิติแห่งชาติ,990,ยอดรวม,ร้อยละ,ภาคกลาง,2566
30-34,92.0,ไตรมาส 3,สำนักงานสถิติแห่งชาติ,991,ยอดรวม,ร้อยละ,ภาคกลาง,2566
35-39,91.5,ไตรมาส 3,สำนักงานสถิติแห่งชาติ,992,ยอดรวม,ร้อยละ,ภาคกลาง,2566
40-49,89.0,ไตรมาส 3,สำนักงานสถิติแห่งชาติ,993,ยอดรวม,ร้อยละ,ภาคกลาง,2566
50-59,80.8,ไตรมาส 3,สำนักงานสถิติแห่งชาติ,994,ยอดรวม,ร้อยละ,ภาคกลาง,2566
60 ขึ้นไป,33.1,ไตรมาส 3,สำนักงานสถิติแห่งชาติ,995,ยอดรวม,ร้อยละ,ภาคกลาง,2566
ยอดรวม,79.2,ไตรมาส 3,สำนักงานสถิติแห่งชาติ,996,ชาย,ร้อยละ,ภาคกลาง,2566
15-19,21.6,ไตรมาส 3,สำนักงานสถิติแห่งชาติ,997,ชาย,ร้อยละ,ภาคกลาง,2566
20-24,74.5,ไตรมาส 3,สำนักงานสถิติแห่งชาติ,998,ชาย,ร้อยละ,ภาคกลาง,2566
25-29,95.3,ไตรมาส 3,สำนักงานสถิติแห่งชาติ,999,ชาย,ร้อยละ,ภาคกลาง,2566
30-34,95.9,ไตรมาส 3,สำนักงานสถิติแห่งชาติ,1000,ชาย,ร้อยละ,ภาคกลาง,2566
35-39,96.9,ไตรมาส 3,สำนักงานสถิติแห่งชาติ,1001,ชาย,ร้อยละ,ภาคกลาง,2566
40-49,95.9,ไตรมาส 3,สำนักงานสถิติแห่งชาติ,1002,ชาย,ร้อยละ,ภาคกลาง,2566
50-59,89.9,ไตรมาส 3,สำนักงานสถิติแห่งชาติ,1003,ชาย,ร้อยละ,ภาคกลาง,2566
60 ขึ้นไป,41.8,ไตรมาส 3,สำนักงานสถิติแห่งชาติ,1004,ชาย,ร้อยละ,ภาคกลาง,2566
ยอดรวม,63.5,ไตรมาส 3,สำนักงานสถิติแห่งชาติ,1005,หญิง,ร้อยละ,ภาคกลาง,2566
15-19,8.2,ไตรมาส 3,สำนักงานสถิติแห่งชาติ,1006,หญิง,ร้อยละ,ภาคกลาง,2566
20-24,63.6,ไตรมาส 3,สำนักงานสถิติแห่งชาติ,1007,หญิง,ร้อยละ,ภาคกลาง,2566
25-29,84.7,ไตรมาส 3,สำนักงานสถิติแห่งชาติ,1008,หญิง,ร้อยละ,ภาคกลาง,2566
30-34,88.0,ไตรมาส 3,สำนักงานสถิติแห่งชาติ,1009,หญิง,ร้อยละ,ภาคกลาง,2566
35-39,86.0,ไตรมาส 3,สำนักงานสถิติแห่งชาติ,1010,หญิง,ร้อยละ,ภาคกลาง,2566
40-49,82.1,ไตรมาส 3,สำนักงานสถิติแห่งชาติ,1011,หญิง,ร้อยละ,ภาคกลาง,2566
50-59,72.3,ไตรมาส 3,สำนักงานสถิติแห่งชาติ,1012,หญิง,ร้อยละ,ภาคกลาง,2566
60 ขึ้นไป,27.0,ไตรมาส 3,สำนักงานสถิติแห่งชาติ,1013,หญิง,ร้อยละ,ภาคกลาง,2566
ยอดรวม,66.3,ไตรมาส 3,สำนักงานสถิติแห่งชาติ,1014,ยอดรวม,ร้อยละ,ภาคเหนือ,2566
15-19,15.1,ไตรมาส 3,สำนักงานสถิติแห่งชาติ,1015,ยอดรวม,ร้อยละ,ภาคเหนือ,2566
20-24,65.8,ไตรมาส 3,สำนักงานสถิติแห่งชาติ,1016,ยอดรวม,ร้อยละ,ภาคเหนือ,2566
25-29,85.6,ไตรมาส 3,สำนักงานสถิติแห่งชาติ,1017,ยอดรวม,ร้อยละ,ภาคเหนือ,2566
30-34,90.5,ไตรมาส 3,สำนักงานสถิติแห่งชาติ,1018,ยอดรวม,ร้อยละ,ภาคเหนือ,2566
35-39,90.2,ไตรมาส 3,สำนักงานสถิติแห่งชาติ,1019,ยอดรวม,ร้อยละ,ภาคเหนือ,2566
40-49,88.9,ไตรมาส 3,สำนักงานสถิติแห่งชาติ,1020,ยอดรวม,ร้อยละ,ภาคเหนือ,2566
50-59,84.3,ไตรมาส 3,สำนักงานสถิติแห่งชาติ,1021,ยอดรวม,ร้อยละ,ภาคเหนือ,2566
60 ขึ้นไป,41.4,ไตรมาส 3,สำนักงานสถิติแห่งชาติ,1022,ยอดรวม,ร้อยละ,ภาคเหนือ,2566
ยอดรวม,75.1,ไตรมาส 3,สำนักงานสถิติแห่งชาติ,1023,ชาย,ร้อยละ,ภาคเหนือ,2566
15-19,19.4,ไตรมาส 3,สำนักงานสถิติแห่งชาติ,1024,ชาย,ร้อยละ,ภาคเหนือ,2566
20-24,73.4,ไตรมาส 3,สำนักงานสถิติแห่งชาติ,1025,ชาย,ร้อยละ,ภาคเหนือ,2566
25-29,92.9,ไตรมาส 3,สำนักงานสถิติแห่งชาติ,1026,ชาย,ร้อยละ,ภาคเหนือ,2566
30-34,95.4,ไตรมาส 3,สำนักงานสถิติแห่งชาติ,1027,ชาย,ร้อยละ,ภาคเหนือ,2566
35-39,95.8,ไตรมาส 3,สำนักงานสถิติแห่งชาติ,1028,ชาย,ร้อยละ,ภาคเหนือ,2566
40-49,94.2,ไตรมาส 3,สำนักงานสถิติแห่งชาติ,1029,ชาย,ร้อยละ,ภาคเหนือ,2566
50-59,93.5,ไตรมาส 3,สำนักงานสถิติแห่งชาติ,1030,ชาย,ร้อยละ,ภาคเหนือ,2566
60 ขึ้นไป,52.6,ไตรมาส 3,สำนักงานสถิติแห่งชาติ,1031,ชาย,ร้อยละ,ภาคเหนือ,2566
ยอดรวม,58.4,ไตรมาส 3,สำนักงานสถิติแห่งชาติ,1032,หญิง,ร้อยละ,ภาคเหนือ,2566
15-19,10.7,ไตรมาส 3,สำนักงานสถิติแห่งชาติ,1033,หญิง,ร้อยละ,ภาคเหนือ,2566
20-24,58.0,ไตรมาส 3,สำนักงานสถิติแห่งชาติ,1034,หญิง,ร้อยละ,ภาคเหนือ,2566
25-29,78.2,ไตรมาส 3,สำนักงานสถิติแห่งชาติ,1035,หญิง,ร้อยละ,ภาคเหนือ,2566
30-34,85.4,ไตรมาส 3,สำนักงานสถิติแห่งชาติ,1036,หญิง,ร้อยละ,ภาคเหนือ,2566
35-39,84.5,ไตรมาส 3,สำนักงานสถิติแห่งชาติ,1037,หญิง,ร้อยละ,ภาคเหนือ,2566
40-49,83.7,ไตรมาส 3,สำนักงานสถิติแห่งชาติ,1038,หญิง,ร้อยละ,ภาคเหนือ,2566
50-59,76.1,ไตรมาส 3,สำนักงานสถิติแห่งชาติ,1039,หญิง,ร้อยละ,ภาคเหนือ,2566
60 ขึ้นไป,33.0,ไตรมาส 3,สำนักงานสถิติแห่งชาติ,1040,หญิง,ร้อยละ,ภาคเหนือ,2566
ยอดรวม,65.4,ไตรมาส 3,สำนักงานสถิติแห่งชาติ,1041,ยอดรวม,ร้อยละ,ภาคตะวันออกเฉียงเหนือ,2566
15-19,9.3,ไตรมาส 3,สำนักงานสถิติแห่งชาติ,1042,ยอดรวม,ร้อยละ,ภาคตะวันออกเฉียงเหนือ,2566
20-24,61.3,ไตรมาส 3,สำนักงานสถิติแห่งชาติ,1043,ยอดรวม,ร้อยละ,ภาคตะวันออกเฉียงเหนือ,2566
25-29,83.5,ไตรมาส 3,สำนักงานสถิติแห่งชาติ,1044,ยอดรวม,ร้อยละ,ภาคตะวันออกเฉียงเหนือ,2566
30-34,88.0,ไตรมาส 3,สำนักงานสถิติแห่งชาติ,1045,ยอดรวม,ร้อยละ,ภาคตะวันออกเฉียงเหนือ,2566
35-39,88.0,ไตรมาส 3,สำนักงานสถิติแห่งชาติ,1046,ยอดรวม,ร้อยละ,ภาคตะวันออกเฉียงเหนือ,2566
40-49,89.9,ไตรมาส 3,สำนักงานสถิติแห่งชาติ,1047,ยอดรวม,ร้อยละ,ภาคตะวันออกเฉียงเหนือ,2566
50-59,86.8,ไตรมาส 3,สำนักงานสถิติแห่งชาติ,1048,ยอดรวม,ร้อยละ,ภาคตะวันออกเฉียงเหนือ,2566
60 ขึ้นไป,42.5,ไตรมาส 3,สำนักงานสถิติแห่งชาติ,1049,ยอดรวม,ร้อยละ,ภาคตะวันออกเฉียงเหนือ,2566
ยอดรวม,74.0,ไตรมาส 3,สำนักงานสถิติแห่งชาติ,1050,ชาย,ร้อยละ,ภาคตะวันออกเฉียงเหนือ,2566
15-19,13.1,ไตรมาส 3,สำนักงานสถิติแห่งชาติ,1051,ชาย,ร้อยละ,ภาคตะวันออกเฉียงเหนือ,2566
20-24,71.1,ไตรมาส 3,สำนักงานสถิติแห่งชาติ,1052,ชาย,ร้อยละ,ภาคตะวันออกเฉียงเหนือ,2566
25-29,92.2,ไตรมาส 3,สำนักงานสถิติแห่งชาติ,1053,ชาย,ร้อยละ,ภาคตะวันออกเฉียงเหนือ,2566
30-34,94.4,ไตรมาส 3,สำนักงานสถิติแห่งชาติ,1054,ชาย,ร้อยละ,ภาคตะวันออกเฉียงเหนือ,2566
35-39,93.3,ไตรมาส 3,สำนักงานสถิติแห่งชาติ,1055,ชาย,ร้อยละ,ภาคตะวันออกเฉียงเหนือ,2566
40-49,93.8,ไตรมาส 3,สำนักงานสถิติแห่งชาติ,1056,ชาย,ร้อยละ,ภาคตะวันออกเฉียงเหนือ,2566
50-59,94.4,ไตรมาส 3,สำนักงานสถิติแห่งชาติ,1057,ชาย,ร้อยละ,ภาคตะวันออกเฉียงเหนือ,2566
60 ขึ้นไป,55.4,ไตรมาส 3,สำนักงานสถิติแห่งชาติ,1058,ชาย,ร้อยละ,ภาคตะวันออกเฉียงเหนือ,2566
ยอดรวม,57.6,ไตรมาส 3,สำนักงานสถิติแห่งชาติ,1059,หญิง,ร้อยละ,ภาคตะวันออกเฉียงเหนือ,2566
15-19,5.4,ไตรมาส 3,สำนักงานสถิติแห่งชาติ,1060,หญิง,ร้อยละ,ภาคตะวันออกเฉียงเหนือ,2566
20-24,51.2,ไตรมาส 3,สำนักงานสถิติแห่งชาติ,1061,หญิง,ร้อยละ,ภาคตะวันออกเฉียงเหนือ,2566
25-29,75.0,ไตรมาส 3,สำนักงานสถิติแห่งชาติ,1062,หญิง,ร้อยละ,ภาคตะวันออกเฉียงเหนือ,2566
30-34,81.7,ไตรมาส 3,สำนักงานสถิติแห่งชาติ,1063,หญิง,ร้อยละ,ภาคตะวันออกเฉียงเหนือ,2566
35-39,82.6,ไตรมาส 3,สำนักงานสถิติแห่งชาติ,1064,หญิง,ร้อยละ,ภาคตะวันออกเฉียงเหนือ,2566
40-49,86.2,ไตรมาส 3,สำนักงานสถิติแห่งชาติ,1065,หญิง,ร้อยละ,ภาคตะวันออกเฉียงเหนือ,2566
50-59,80.0,ไตรมาส 3,สำนักงานสถิติแห่งชาติ,1066,หญิง,ร้อยละ,ภาคตะวันออกเฉียงเหนือ,2566
60 ขึ้นไป,32.9,ไตรมาส 3,สำนักงานสถิติแห่งชาติ,1067,หญิง,ร้อยละ,ภาคตะวันออกเฉียงเหนือ,2566
ยอดรวม,68.9,ไตรมาส 3,สำนักงานสถิติแห่งชาติ,1068,ยอดรวม,ร้อยละ,ภาคใต้,2566
15-19,15.6,ไตรมาส 3,สำนักงานสถิติแห่งชาติ,1069,ยอดรวม,ร้อยละ,ภาคใต้,2566
20-24,65.5,ไตรมาส 3,สำนักงานสถิติแห่งชาติ,1070,ยอดรวม,ร้อยละ,ภาคใต้,2566
25-29,85.4,ไตรมาส 3,สำนักงานสถิติแห่งชาติ,1071,ยอดรวม,ร้อยละ,ภาคใต้,2566
30-34,86.9,ไตรมาส 3,สำนักงานสถิติแห่งชาติ,1072,ยอดรวม,ร้อยละ,ภาคใต้,2566
35-39,89.1,ไตรมาส 3,สำนักงานสถิติแห่งชาติ,1073,ยอดรวม,ร้อยละ,ภาคใต้,2566
40-49,89.0,ไตรมาส 3,สำนักงานสถิติแห่งชาติ,1074,ยอดรวม,ร้อยละ,ภาคใต้,2566
50-59,84.3,ไตรมาส 3,สำนักงานสถิติแห่งชาติ,1075,ยอดรวม,ร้อยละ,ภาคใต้,2566
60 ขึ้นไป,39.2,ไตรมาส 3,สำนักงานสถิติแห่งชาติ,1076,ยอดรวม,ร้อยละ,ภาคใต้,2566
ยอดรวม,78.9,ไตรมาส 3,สำนักงานสถิติแห่งชาติ,1077,ชาย,ร้อยละ,ภาคใต้,2566
15-19,22.6,ไตรมาส 3,สำนักงานสถิติแห่งชาติ,1078,ชาย,ร้อยละ,ภาคใต้,2566
20-24,75.3,ไตรมาส 3,สำนักงานสถิติแห่งชาติ,1079,ชาย,ร้อยละ,ภาคใต้,2566
25-29,94.8,ไตรมาส 3,สำนักงานสถิติแห่งชาติ,1080,ชาย,ร้อยละ,ภาคใต้,2566
30-34,96.4,ไตรมาส 3,สำนักงานสถิติแห่งชาติ,1081,ชาย,ร้อยละ,ภาคใต้,2566
35-39,96.4,ไตรมาส 3,สำนักงานสถิติแห่งชาติ,1082,ชาย,ร้อยละ,ภาคใต้,2566
40-49,96.3,ไตรมาส 3,สำนักงานสถิติแห่งชาติ,1083,ชาย,ร้อยละ,ภาคใต้,2566
50-59,94.8,ไตรมาส 3,สำนักงานสถิติแห่งชาติ,1084,ชาย,ร้อยละ,ภาคใต้,2566
60 ขึ้นไป,50.9,ไตรมาส 3,สำนักงานสถิติแห่งชาติ,1085,ชาย,ร้อยละ,ภาคใต้,2566
ยอดรวม,59.7,ไตรมาส 3,สำนักงานสถิติแห่งชาติ,1086,หญิง,ร้อยละ,ภาคใต้,2566
15-19,8.5,ไตรมาส 3,สำนักงานสถิติแห่งชาติ,1087,หญิง,ร้อยละ,ภาคใต้,2566
20-24,55.6,ไตรมาส 3,สำนักงานสถิติแห่งชาติ,1088,หญิง,ร้อยละ,ภาคใต้,2566
25-29,75.9,ไตรมาส 3,สำนักงานสถิติแห่งชาติ,1089,หญิง,ร้อยละ,ภาคใต้,2566
30-34,77.4,ไตรมาส 3,สำนักงานสถิติแห่งชาติ,1090,หญิง,ร้อยละ,ภาคใต้,2566
35-39,81.6,ไตรมาส 3,สำนักงานสถิติแห่งชาติ,1091,หญิง,ร้อยละ,ภาคใต้,2566
40-49,81.9,ไตรมาส 3,สำนักงานสถิติแห่งชาติ,1092,หญิง,ร้อยละ,ภาคใต้,2566
50-59,74.6,ไตรมาส 3,สำนักงานสถิติแห่งชาติ,1093,หญิง,ร้อยละ,ภาคใต้,2566
60 ขึ้นไป,30.7,ไตรมาส 3,สำนักงานสถิติแห่งชาติ,1094,หญิง,ร้อยละ,ภาคใต้,2566
ยอดรวม,68.9,ไตรมาส 4,สำนักงานสถิติแห่งชาติ,1095,ยอดรวม,ร้อยละ,ทั่วราชอาณาจักร,2566
15-19,13.3,ไตรมาส 4,สำนักงานสถิติแห่งชาติ,1096,ยอดรวม,ร้อยละ,ทั่วราชอาณาจักร,2566
20-24,66.9,ไตรมาส 4,สำนักงานสถิติแห่งชาติ,1097,ยอดรวม,ร้อยละ,ทั่วราชอาณาจักร,2566
25-29,87.7,ไตรมาส 4,สำนักงานสถิติแห่งชาติ,1098,ยอดรวม,ร้อยละ,ทั่วราชอาณาจักร,2566
30-34,89.9,ไตรมาส 4,สำนักงานสถิติแห่งชาติ,1099,ยอดรวม,ร้อยละ,ทั่วราชอาณาจักร,2566
35-39,90.8,ไตรมาส 4,สำนักงานสถิติแห่งชาติ,1100,ยอดรวม,ร้อยละ,ทั่วราชอาณาจักร,2566
40-49,89.5,ไตรมาส 4,สำนักงานสถิติแห่งชาติ,1101,ยอดรวม,ร้อยละ,ทั่วราชอาณาจักร,2566
50-59,83.4,ไตรมาส 4,สำนักงานสถิติแห่งชาติ,1102,ยอดรวม,ร้อยละ,ทั่วราชอาณาจักร,2566
60 ขึ้นไป,37.8,ไตรมาส 4,สำนักงานสถิติแห่งชาติ,1103,ยอดรวม,ร้อยละ,ทั่วราชอาณาจักร,2566
ยอดรวม,77.5,ไตรมาส 4,สำนักงานสถิติแห่งชาติ,1104,ชาย,ร้อยละ,ทั่วราชอาณาจักร,2566
15-19,18.2,ไตรมาส 4,สำนักงานสถิติแห่งชาติ,1105,ชาย,ร้อยละ,ทั่วราชอาณาจักร,2566
20-24,75.7,ไตรมาส 4,สำนักงานสถิติแห่งชาติ,1106,ชาย,ร้อยละ,ทั่วราชอาณาจักร,2566
25-29,93.9,ไตรมาส 4,สำนักงานสถิติแห่งชาติ,1107,ชาย,ร้อยละ,ทั่วราชอาณาจักร,2566
30-34,95.4,ไตรมาส 4,สำนักงานสถิติแห่งชาติ,1108,ชาย,ร้อยละ,ทั่วราชอาณาจักร,2566
35-39,96.2,ไตรมาส 4,สำนักงานสถิติแห่งชาติ,1109,ชาย,ร้อยละ,ทั่วราชอาณาจักร,2566
40-49,95.6,ไตรมาส 4,สำนักงานสถิติแห่งชาติ,1110,ชาย,ร้อยละ,ทั่วราชอาณาจักร,2566
50-59,92.6,ไตรมาส 4,สำนักงานสถิติแห่งชาติ,1111,ชาย,ร้อยละ,ทั่วราชอาณาจักร,2566
60 ขึ้นไป,48.3,ไตรมาส 4,สำนักงานสถิติแห่งชาติ,1112,ชาย,ร้อยละ,ทั่วราชอาณาจักร,2566
ยอดรวม,61.1,ไตรมาส 4,สำนักงานสถิติแห่งชาติ,1113,หญิง,ร้อยละ,ทั่วราชอาณาจักร,2566
15-19,8.4,ไตรมาส 4,สำนักงานสถิติแห่งชาติ,1114,หญิง,ร้อยละ,ทั่วราชอาณาจักร,2566
20-24,58.2,ไตรมาส 4,สำนักงานสถิติแห่งชาติ,1115,หญิง,ร้อยละ,ทั่วราชอาณาจักร,2566
25-29,81.5,ไตรมาส 4,สำนักงานสถิติแห่งชาติ,1116,หญิง,ร้อยละ,ทั่วราชอาณาจักร,2566
30-34,84.4,ไตรมาส 4,สำนักงานสถิติแห่งชาติ,1117,หญิง,ร้อยละ,ทั่วราชอาณาจักร,2566
35-39,85.4,ไตรมาส 4,สำนักงานสถิติแห่งชาติ,1118,หญิง,ร้อยละ,ทั่วราชอาณาจักร,2566
40-49,83.6,ไตรมาส 4,สำนักงานสถิติแห่งชาติ,1119,หญิง,ร้อยละ,ทั่วราชอาณาจักร,2566
50-59,75.0,ไตรมาส 4,สำนักงานสถิติแห่งชาติ,1120,หญิง,ร้อยละ,ทั่วราชอาณาจักร,2566
60 ขึ้นไป,30.2,ไตรมาส 4,สำนักงานสถิติแห่งชาติ,1121,หญิง,ร้อยละ,ทั่วราชอาณาจักร,2566
ยอดรวม,73.1,ไตรมาส 4,สำนักงานสถิติแห่งชาติ,1122,ยอดรวม,ร้อยละ,กรุงเทพมหานคร,2566
15-19,13.2,ไตรมาส 4,สำนักงานสถิติแห่งชาติ,1123,ยอดรวม,ร้อยละ,กรุงเทพมหานคร,2566
20-24,59.0,ไตรมาส 4,สำนักงานสถิติแห่งชาติ,1124,ยอดรวม,ร้อยละ,กรุงเทพมหานคร,2566
25-29,91.6,ไตรมาส 4,สำนักงานสถิติแห่งชาติ,1125,ยอดรวม,ร้อยละ,กรุงเทพมหานคร,2566
30-34,92.8,ไตรมาส 4,สำนักงานสถิติแห่งชาติ,1126,ยอดรวม,ร้อยละ,กรุงเทพมหานคร,2566
35-39,93.3,ไตรมาส 4,สำนักงานสถิติแห่งชาติ,1127,ยอดรวม,ร้อยละ,กรุงเทพมหานคร,2566
40-49,91.0,ไตรมาส 4,สำนักงานสถิติแห่งชาติ,1128,ยอดรวม,ร้อยละ,กรุงเทพมหานคร,2566
50-59,81.7,ไตรมาส 4,สำนักงานสถิติแห่งชาติ,1129,ยอดรวม,ร้อยละ,กรุงเทพมหานคร,2566
60 ขึ้นไป,28.6,ไตรมาส 4,สำนักงานสถิติแห่งชาติ,1130,ยอดรวม,ร้อยละ,กรุงเทพมหานคร,2566
ยอดรวม,80.1,ไตรมาส 4,สำนักงานสถิติแห่งชาติ,1131,ชาย,ร้อยละ,กรุงเทพมหานคร,2566
15-19,17.0,ไตรมาส 4,สำนักงานสถิติแห่งชาติ,1132,ชาย,ร้อยละ,กรุงเทพมหานคร,2566
20-24,63.0,ไตรมาส 4,สำนักงานสถิติแห่งชาติ,1133,ชาย,ร้อยละ,กรุงเทพมหานคร,2566
25-29,93.4,ไตรมาส 4,สำนักงานสถิติแห่งชาติ,1134,ชาย,ร้อยละ,กรุงเทพมหานคร,2566
30-34,96.3,ไตรมาส 4,สำนักงานสถิติแห่งชาติ,1135,ชาย,ร้อยละ,กรุงเทพมหานคร,2566
35-39,97.7,ไตรมาส 4,สำนักงานสถิติแห่งชาติ,1136,ชาย,ร้อยละ,กรุงเทพมหานคร,2566
40-49,97.4,ไตรมาส 4,สำนักงานสถิติแห่งชาติ,1137,ชาย,ร้อยละ,กรุงเทพมหานคร,2566
50-59,90.1,ไตรมาส 4,สำนักงานสถิติแห่งชาติ,1138,ชาย,ร้อยละ,กรุงเทพมหานคร,2566
60 ขึ้นไป,36.0,ไตรมาส 4,สำนักงานสถิติแห่งชาติ,1139,ชาย,ร้อยละ,กรุงเทพมหานคร,2566
ยอดรวม,66.8,ไตรมาส 4,สำนักงานสถิติแห่งชาติ,1140,หญิง,ร้อยละ,กรุงเทพมหานคร,2566
15-19,9.5,ไตรมาส 4,สำนักงานสถิติแห่งชาติ,1141,หญิง,ร้อยละ,กรุงเทพมหานคร,2566
20-24,55.2,ไตรมาส 4,สำนักงานสถิติแห่งชาติ,1142,หญิง,ร้อยละ,กรุงเทพมหานคร,2566
25-29,89.9,ไตรมาส 4,สำนักงานสถิติแห่งชาติ,1143,หญิง,ร้อยละ,กรุงเทพมหานคร,2566
30-34,89.3,ไตรมาส 4,สำนักงานสถิติแห่งชาติ,1144,หญิง,ร้อยละ,กรุงเทพมหานคร,2566
35-39,89.2,ไตรมาส 4,สำนักงานสถิติแห่งชาติ,1145,หญิง,ร้อยละ,กรุงเทพมหานคร,2566
40-49,84.9,ไตรมาส 4,สำนักงานสถิติแห่งชาติ,1146,หญิง,ร้อยละ,กรุงเทพมหานคร,2566
50-59,73.8,ไตรมาส 4,สำนักงานสถิติแห่งชาติ,1147,หญิง,ร้อยละ,กรุงเทพมหานคร,2566
60 ขึ้นไป,23.3,ไตรมาส 4,สำนักงานสถิติแห่งชาติ,1148,หญิง,ร้อยละ,กรุงเทพมหานคร,2566
ยอดรวม,71.3,ไตรมาส 4,สำนักงานสถิติแห่งชาติ,1149,ยอดรวม,ร้อยละ,ภาคกลาง,2566
15-19,15.0,ไตรมาส 4,สำนักงานสถิติแห่งชาติ,1150,ยอดรวม,ร้อยละ,ภาคกลาง,2566
20-24,69.8,ไตรมาส 4,สำนักงานสถิติแห่งชาติ,1151,ยอดรวม,ร้อยละ,ภาคกลาง,2566
25-29,90.7,ไตรมาส 4,สำนักงานสถิติแห่งชาติ,1152,ยอดรวม,ร้อยละ,ภาคกลาง,2566
30-34,92.3,ไตรมาส 4,สำนักงานสถิติแห่งชาติ,1153,ยอดรวม,ร้อยละ,ภาคกลาง,2566
35-39,91.2,ไตรมาส 4,สำนักงานสถิติแห่งชาติ,1154,ยอดรวม,ร้อยละ,ภาคกลาง,2566
40-49,88.9,ไตรมาส 4,สำนักงานสถิติแห่งชาติ,1155,ยอดรวม,ร้อยละ,ภาคกลาง,2566
50-59,81.3,ไตรมาส 4,สำนักงานสถิติแห่งชาติ,1156,ยอดรวม,ร้อยละ,ภาคกลาง,2566
60 ขึ้นไป,33.7,ไตรมาส 4,สำนักงานสถิติแห่งชาติ,1157,ยอดรวม,ร้อยละ,ภาคกลาง,2566
ยอดรวม,79.4,ไตรมาส 4,สำนักงานสถิติแห่งชาติ,1158,ชาย,ร้อยละ,ภาคกลาง,2566
15-19,19.7,ไตรมาส 4,สำนักงานสถิติแห่งชาติ,1159,ชาย,ร้อยละ,ภาคกลาง,2566
20-24,76.0,ไตรมาส 4,สำนักงานสถิติแห่งชาติ,1160,ชาย,ร้อยละ,ภาคกลาง,2566
25-29,95.6,ไตรมาส 4,สำนักงานสถิติแห่งชาติ,1161,ชาย,ร้อยละ,ภาคกลาง,2566
30-34,96.5,ไตรมาส 4,สำนักงานสถิติแห่งชาติ,1162,ชาย,ร้อยละ,ภาคกลาง,2566
35-39,96.8,ไตรมาส 4,สำนักงานสถิติแห่งชาติ,1163,ชาย,ร้อยละ,ภาคกลาง,2566
40-49,96.0,ไตรมาส 4,สำนักงานสถิติแห่งชาติ,1164,ชาย,ร้อยละ,ภาคกลาง,2566
50-59,91.3,ไตรมาส 4,สำนักงานสถิติแห่งชาติ,1165,ชาย,ร้อยละ,ภาคกลาง,2566
60 ขึ้นไป,41.5,ไตรมาส 4,สำนักงานสถิติแห่งชาติ,1166,ชาย,ร้อยละ,ภาคกลาง,2566
ยอดรวม,63.8,ไตรมาส 4,สำนักงานสถิติแห่งชาติ,1167,หญิง,ร้อยละ,ภาคกลาง,2566
15-19,10.3,ไตรมาส 4,สำนักงานสถิติแห่งชาติ,1168,หญิง,ร้อยละ,ภาคกลาง,2566
20-24,63.8,ไตรมาส 4,สำนักงานสถิติแห่งชาติ,1169,หญิง,ร้อยละ,ภาคกลาง,2566
25-29,85.8,ไตรมาส 4,สำนักงานสถิติแห่งชาติ,1170,หญิง,ร้อยละ,ภาคกลาง,2566
30-34,87.9,ไตรมาส 4,สำนักงานสถิติแห่งชาติ,1171,หญิง,ร้อยละ,ภาคกลาง,2566
35-39,85.5,ไตรมาส 4,สำนักงานสถิติแห่งชาติ,1172,หญิง,ร้อยละ,ภาคกลาง,2566
40-49,81.9,ไตรมาส 4,สำนักงานสถิติแห่งชาติ,1173,หญิง,ร้อยละ,ภาคกลาง,2566
50-59,72.0,ไตรมาส 4,สำนักงานสถิติแห่งชาติ,1174,หญิง,ร้อยละ,ภาคกลาง,2566
60 ขึ้นไป,28.2,ไตรมาส 4,สำนักงานสถิติแห่งชาติ,1175,หญิง,ร้อยละ,ภาคกลาง,2566
ยอดรวม,66.4,ไตรมาส 4,สำนักงานสถิติแห่งชาติ,1176,ยอดรวม,ร้อยละ,ภาคเหนือ,2566
15-19,16.0,ไตรมาส 4,สำนักงานสถิติแห่งชาติ,1177,ยอดรวม,ร้อยละ,ภาคเหนือ,2566
20-24,69.0,ไตรมาส 4,สำนักงานสถิติแห่งชาติ,1178,ยอดรวม,ร้อยละ,ภาคเหนือ,2566
25-29,87.2,ไตรมาส 4,สำนักงานสถิติแห่งชาติ,1179,ยอดรวม,ร้อยละ,ภาคเหนือ,2566
30-34,89.0,ไตรมาส 4,สำนักงานสถิติแห่งชาติ,1180,ยอดรวม,ร้อยละ,ภาคเหนือ,2566
35-39,89.4,ไตรมาส 4,สำนักงานสถิติแห่งชาติ,1181,ยอดรวม,ร้อยละ,ภาคเหนือ,2566
40-49,90.0,ไตรมาส 4,สำนักงานสถิติแห่งชาติ,1182,ยอดรวม,ร้อยละ,ภาคเหนือ,2566
50-59,83.4,ไตรมาส 4,สำนักงานสถิติแห่งชาติ,1183,ยอดรวม,ร้อยละ,ภาคเหนือ,2566
60 ขึ้นไป,41.1,ไตรมาส 4,สำนักงานสถิติแห่งชาติ,1184,ยอดรวม,ร้อยละ,ภาคเหนือ,2566
ยอดรวม,75.1,ไตรมาส 4,สำนักงานสถิติแห่งชาติ,1185,ชาย,ร้อยละ,ภาคเหนือ,2566
15-19,22.6,ไตรมาส 4,สำนักงานสถิติแห่งชาติ,1186,ชาย,ร้อยละ,ภาคเหนือ,2566
20-24,76.1,ไตรมาส 4,สำนักงานสถิติแห่งชาติ,1187,ชาย,ร้อยละ,ภาคเหนือ,2566
25-29,92.2,ไตรมาส 4,สำนักงานสถิติแห่งชาติ,1188,ชาย,ร้อยละ,ภาคเหนือ,2566
30-34,93.8,ไตรมาส 4,สำนักงานสถิติแห่งชาติ,1189,ชาย,ร้อยละ,ภาคเหนือ,2566
35-39,95.0,ไตรมาส 4,สำนักงานสถิติแห่งชาติ,1190,ชาย,ร้อยละ,ภาคเหนือ,2566
40-49,94.6,ไตรมาส 4,สำนักงานสถิติแห่งชาติ,1191,ชาย,ร้อยละ,ภาคเหนือ,2566
50-59,92.5,ไตรมาส 4,สำนักงานสถิติแห่งชาติ,1192,ชาย,ร้อยละ,ภาคเหนือ,2566
60 ขึ้นไป,52.2,ไตรมาส 4,สำนักงานสถิติแห่งชาติ,1193,ชาย,ร้อยละ,ภาคเหนือ,2566
ยอดรวม,58.7,ไตรมาส 4,สำนักงานสถิติแห่งชาติ,1194,หญิง,ร้อยละ,ภาคเหนือ,2566
15-19,9.2,ไตรมาส 4,สำนักงานสถิติแห่งชาติ,1195,หญิง,ร้อยละ,ภาคเหนือ,2566
20-24,61.6,ไตรมาส 4,สำนักงานสถิติแห่งชาติ,1196,หญิง,ร้อยละ,ภาคเหนือ,2566
25-29,82.1,ไตรมาส 4,สำนักงานสถิติแห่งชาติ,1197,หญิง,ร้อยละ,ภาคเหนือ,2566
30-34,84.1,ไตรมาส 4,สำนักงานสถิติแห่งชาติ,1198,หญิง,ร้อยละ,ภาคเหนือ,2566
35-39,83.6,ไตรมาส 4,สำนักงานสถิติแห่งชาติ,1199,หญิง,ร้อยละ,ภาคเหนือ,2566
40-49,85.6,ไตรมาส 4,สำนักงานสถิติแห่งชาติ,1200,หญิง,ร้อยละ,ภาคเหนือ,2566
50-59,75.2,ไตรมาส 4,สำนักงานสถิติแห่งชาติ,1201,หญิง,ร้อยละ,ภาคเหนือ,2566
60 ขึ้นไป,32.9,ไตรมาส 4,สำนักงานสถิติแห่งชาติ,1202,หญิง,ร้อยละ,ภาคเหนือ,2566
ยอดรวม,65.1,ไตรมาส 4,สำนักงานสถิติแห่งชาติ,1203,ยอดรวม,ร้อยละ,ภาคตะวันออกเฉียงเหนือ,2566
15-19,9.1,ไตรมาส 4,สำนักงานสถิติแห่งชาติ,1204,ยอดรวม,ร้อยละ,ภาคตะวันออกเฉียงเหนือ,2566
20-24,66.1,ไตรมาส 4,สำนักงานสถิติแห่งชาติ,1205,ยอดรวม,ร้อยละ,ภาคตะวันออกเฉียงเหนือ,2566
25-29,82.6,ไตรมาส 4,สำนักงานสถิติแห่งชาติ,1206,ยอดรวม,ร้อยละ,ภาคตะวันออกเฉียงเหนือ,2566
30-34,86.8,ไตรมาส 4,สำนักงานสถิติแห่งชาติ,1207,ยอดรวม,ร้อยละ,ภาคตะวันออกเฉียงเหนือ,2566
35-39,89.7,ไตรมาส 4,สำนักงานสถิติแห่งชาติ,1208,ยอดรวม,ร้อยละ,ภาคตะวันออกเฉียงเหนือ,2566
40-49,89.0,ไตรมาส 4,สำนักงานสถิติแห่งชาติ,1209,ยอดรวม,ร้อยละ,ภาคตะวันออกเฉียงเหนือ,2566
50-59,86.1,ไตรมาส 4,สำนักงานสถิติแห่งชาติ,1210,ยอดรวม,ร้อยละ,ภาคตะวันออกเฉียงเหนือ,2566
60 ขึ้นไป,41.3,ไตรมาส 4,สำนักงานสถิติแห่งชาติ,1211,ยอดรวม,ร้อยละ,ภาคตะวันออกเฉียงเหนือ,2566
ยอดรวม,74.1,ไตรมาส 4,สำนักงานสถิติแห่งชาติ,1212,ชาย,ร้อยละ,ภาคตะวันออกเฉียงเหนือ,2566
15-19,13.0,ไตรมาส 4,สำนักงานสถิติแห่งชาติ,1213,ชาย,ร้อยละ,ภาคตะวันออกเฉียงเหนือ,2566
20-24,77.8,ไตรมาส 4,สำนักงานสถิติแห่งชาติ,1214,ชาย,ร้อยละ,ภาคตะวันออกเฉียงเหนือ,2566
25-29,92.5,ไตรมาส 4,สำนักงานสถิติแห่งชาติ,1215,ชาย,ร้อยละ,ภาคตะวันออกเฉียงเหนือ,2566
30-34,93.5,ไตรมาส 4,สำนักงานสถิติแห่งชาติ,1216,ชาย,ร้อยละ,ภาคตะวันออกเฉียงเหนือ,2566
35-39,93.0,ไตรมาส 4,สำนักงานสถิติแห่งชาติ,1217,ชาย,ร้อยละ,ภาคตะวันออกเฉียงเหนือ,2566
40-49,93.3,ไตรมาส 4,สำนักงานสถิติแห่งชาติ,1218,ชาย,ร้อยละ,ภาคตะวันออกเฉียงเหนือ,2566
50-59,94.4,ไตรมาส 4,สำนักงานสถิติแห่งชาติ,1219,ชาย,ร้อยละ,ภาคตะวันออกเฉียงเหนือ,2566
60 ขึ้นไป,53.8,ไตรมาส 4,สำนักงานสถิติแห่งชาติ,1220,ชาย,ร้อยละ,ภาคตะวันออกเฉียงเหนือ,2566
ยอดรวม,57.0,ไตรมาส 4,สำนักงานสถิติแห่งชาติ,1221,หญิง,ร้อยละ,ภาคตะวันออกเฉียงเหนือ,2566
15-19,5.0,ไตรมาส 4,สำนักงานสถิติแห่งชาติ,1222,หญิง,ร้อยละ,ภาคตะวันออกเฉียงเหนือ,2566
20-24,54.1,ไตรมาส 4,สำนักงานสถิติแห่งชาติ,1223,หญิง,ร้อยละ,ภาคตะวันออกเฉียงเหนือ,2566
25-29,72.8,ไตรมาส 4,สำนักงานสถิติแห่งชาติ,1224,หญิง,ร้อยละ,ภาคตะวันออกเฉียงเหนือ,2566
30-34,80.2,ไตรมาส 4,สำนักงานสถิติแห่งชาติ,1225,หญิง,ร้อยละ,ภาคตะวันออกเฉียงเหนือ,2566
35-39,86.3,ไตรมาส 4,สำนักงานสถิติแห่งชาติ,1226,หญิง,ร้อยละ,ภาคตะวันออกเฉียงเหนือ,2566
40-49,85.0,ไตรมาส 4,สำนักงานสถิติแห่งชาติ,1227,หญิง,ร้อยละ,ภาคตะวันออกเฉียงเหนือ,2566
50-59,78.6,ไตรมาส 4,สำนักงานสถิติแห่งชาติ,1228,หญิง,ร้อยละ,ภาคตะวันออกเฉียงเหนือ,2566
60 ขึ้นไป,32.0,ไตรมาส 4,สำนักงานสถิติแห่งชาติ,1229,หญิง,ร้อยละ,ภาคตะวันออกเฉียงเหนือ,2566
ยอดรวม,69.2,ไตรมาส 4,สำนักงานสถิติแห่งชาติ,1230,ยอดรวม,ร้อยละ,ภาคใต้,2566
15-19,16.2,ไตรมาส 4,สำนักงานสถิติแห่งชาติ,1231,ยอดรวม,ร้อยละ,ภาคใต้,2566
20-24,65.6,ไตรมาส 4,สำนักงานสถิติแห่งชาติ,1232,ยอดรวม,ร้อยละ,ภาคใต้,2566
25-29,86.2,ไตรมาส 4,สำนักงานสถิติแห่งชาติ,1233,ยอดรวม,ร้อยละ,ภาคใต้,2566
30-34,85.6,ไตรมาส 4,สำนักงานสถิติแห่งชาติ,1234,ยอดรวม,ร้อยละ,ภาคใต้,2566
35-39,88.6,ไตรมาส 4,สำนักงานสถิติแห่งชาติ,1235,ยอดรวม,ร้อยละ,ภาคใต้,2566
40-49,89.3,ไตรมาส 4,สำนักงานสถิติแห่งชาติ,1236,ยอดรวม,ร้อยละ,ภาคใต้,2566
50-59,84.8,ไตรมาส 4,สำนักงานสถิติแห่งชาติ,1237,ยอดรวม,ร้อยละ,ภาคใต้,2566
60 ขึ้นไป,40.4,ไตรมาส 4,สำนักงานสถิติแห่งชาติ,1238,ยอดรวม,ร้อยละ,ภาคใต้,2566
ยอดรวม,79.6,ไตรมาส 4,สำนักงานสถิติแห่งชาติ,1239,ชาย,ร้อยละ,ภาคใต้,2566
15-19,22.1,ไตรมาส 4,สำนักงานสถิติแห่งชาติ,1240,ชาย,ร้อยละ,ภาคใต้,2566
20-24,79.0,ไตรมาส 4,สำนักงานสถิติแห่งชาติ,1241,ชาย,ร้อยละ,ภาคใต้,2566
25-29,94.6,ไตรมาส 4,สำนักงานสถิติแห่งชาติ,1242,ชาย,ร้อยละ,ภาคใต้,2566
30-34,95.7,ไตรมาส 4,สำนักงานสถิติแห่งชาติ,1243,ชาย,ร้อยละ,ภาคใต้,2566
35-39,97.3,ไตรมาส 4,สำนักงานสถิติแห่งชาติ,1244,ชาย,ร้อยละ,ภาคใต้,2566
40-49,96.5,ไตรมาส 4,สำนักงานสถิติแห่งชาติ,1245,ชาย,ร้อยละ,ภาคใต้,2566
50-59,94.7,ไตรมาส 4,สำนักงานสถิติแห่งชาติ,1246,ชาย,ร้อยละ,ภาคใต้,2566
60 ขึ้นไป,52.8,ไตรมาส 4,สำนักงานสถิติแห่งชาติ,1247,ชาย,ร้อยละ,ภาคใต้,2566
ยอดรวม,59.6,ไตรมาส 4,สำนักงานสถิติแห่งชาติ,1248,หญิง,ร้อยละ,ภาคใต้,2566
15-19,10.2,ไตรมาส 4,สำนักงานสถิติแห่งชาติ,1249,หญิง,ร้อยละ,ภาคใต้,2566
20-24,52.2,ไตรมาส 4,สำนักงานสถิติแห่งชาติ,1250,หญิง,ร้อยละ,ภาคใต้,2566
25-29,77.6,ไตรมาส 4,สำนักงานสถิติแห่งชาติ,1251,หญิง,ร้อยละ,ภาคใต้,2566
30-34,75.4,ไตรมาส 4,สำนักงานสถิติแห่งชาติ,1252,หญิง,ร้อยละ,ภาคใต้,2566
35-39,79.8,ไตรมาส 4,สำนักงานสถิติแห่งชาติ,1253,หญิง,ร้อยละ,ภาคใต้,2566
40-49,82.4,ไตรมาส 4,สำนักงานสถิติแห่งชาติ,1254,หญิง,ร้อยละ,ภาคใต้,2566
50-59,75.5,ไตรมาส 4,สำนักงานสถิติแห่งชาติ,1255,หญิง,ร้อยละ,ภาคใต้,2566
60 ขึ้นไป,31.3,ไตรมาส 4,สำนักงานสถิติแห่งชาติ,1256,หญิง,ร้อยละ,ภาคใต้,2566
ยอดรวม,68.07,ไตรมาส 1,สำนักงานสถิติแห่งชาติ,1257,ยอดรวม,ร้อยละ,ทั่วราชอาณาจักร,2567
15-19 ปี,12.67,ไตรมาส 1,สำนักงานสถิติแห่งชาติ,1258,ยอดรวม,ร้อยละ,ทั่วราชอาณาจักร,2567
20-24 ปี,63.65,ไตรมาส 1,สำนักงานสถิติแห่งชาติ,1259,ยอดรวม,ร้อยละ,ทั่วราชอาณาจักร,2567
25-29 ปี,87.5,ไตรมาส 1,สำนักงานสถิติแห่งชาติ,1260,ยอดรวม,ร้อยละ,ทั่วราชอาณาจักร,2567
30-34 ปี,89.93,ไตรมาส 1,สำนักงานสถิติแห่งชาติ,1261,ยอดรวม,ร้อยละ,ทั่วราชอาณาจักร,2567
35-39 ปี,90.09,ไตรมาส 1,สำนักงานสถิติแห่งชาติ,1262,ยอดรวม,ร้อยละ,ทั่วราชอาณาจักร,2567
40-49 ปี,88.96,ไตรมาส 1,สำนักงานสถิติแห่งชาติ,1263,ยอดรวม,ร้อยละ,ทั่วราชอาณาจักร,2567
50-59 ปี,82.05,ไตรมาส 1,สำนักงานสถิติแห่งชาติ,1264,ยอดรวม,ร้อยละ,ทั่วราชอาณาจักร,2567
60 ปีขึ้นไป,37.65,ไตรมาส 1,สำนักงานสถิติแห่งชาติ,1265,ยอดรวม,ร้อยละ,ทั่วราชอาณาจักร,2567
ยอดรวม,77.15,ไตรมาส 1,สำนักงานสถิติแห่งชาติ,1266,ชาย,ร้อยละ,ทั่วราชอาณาจักร,2567
15-19 ปี,17.32,ไตรมาส 1,สำนักงานสถิติแห่งชาติ,1267,ชาย,ร้อยละ,ทั่วราชอาณาจักร,2567
20-24 ปี,72.24,ไตรมาส 1,สำนักงานสถิติแห่งชาติ,1268,ชาย,ร้อยละ,ทั่วราชอาณาจักร,2567
25-29 ปี,93.46,ไตรมาส 1,สำนักงานสถิติแห่งชาติ,1269,ชาย,ร้อยละ,ทั่วราชอาณาจักร,2567
30-34 ปี,95.8,ไตรมาส 1,สำนักงานสถิติแห่งชาติ,1270,ชาย,ร้อยละ,ทั่วราชอาณาจักร,2567
35-39 ปี,95.78,ไตรมาส 1,สำนักงานสถิติแห่งชาติ,1271,ชาย,ร้อยละ,ทั่วราชอาณาจักร,2567
40-49 ปี,95.42,ไตรมาส 1,สำนักงานสถิติแห่งชาติ,1272,ชาย,ร้อยละ,ทั่วราชอาณาจักร,2567
50-59 ปี,92.16,ไตรมาส 1,สำนักงานสถิติแห่งชาติ,1273,ชาย,ร้อยละ,ทั่วราชอาณาจักร,2567
60 ปีขึ้นไป,49.38,ไตรมาส 1,สำนักงานสถิติแห่งชาติ,1274,ชาย,ร้อยละ,ทั่วราชอาณาจักร,2567
ยอดรวม,59.8,ไตรมาส 1,สำนักงานสถิติแห่งชาติ,1275,หญิง,ร้อยละ,ทั่วราชอาณาจักร,2567
15-19 ปี,7.93,ไตรมาส 1,สำนักงานสถิติแห่งชาติ,1276,หญิง,ร้อยละ,ทั่วราชอาณาจักร,2567
20-24 ปี,55.1,ไตรมาส 1,สำนักงานสถิติแห่งชาติ,1277,หญิง,ร้อยละ,ทั่วราชอาณาจักร,2567
25-29 ปี,81.51,ไตรมาส 1,สำนักงานสถิติแห่งชาติ,1278,หญิง,ร้อยละ,ทั่วราชอาณาจักร,2567
30-34 ปี,84.0,ไตรมาส 1,สำนักงานสถิติแห่งชาติ,1279,หญิง,ร้อยละ,ทั่วราชอาณาจักร,2567
35-39 ปี,84.41,ไตรมาส 1,สำนักงานสถิติแห่งชาติ,1280,หญิง,ร้อยละ,ทั่วราชอาณาจักร,2567
40-49 ปี,82.71,ไตรมาส 1,สำนักงานสถิติแห่งชาติ,1281,หญิง,ร้อยละ,ทั่วราชอาณาจักร,2567
50-59 ปี,72.78,ไตรมาส 1,สำนักงานสถิติแห่งชาติ,1282,หญิง,ร้อยละ,ทั่วราชอาณาจักร,2567
60 ปีขึ้นไป,29.12,ไตรมาส 1,สำนักงานสถิติแห่งชาติ,1283,หญิง,ร้อยละ,ทั่วราชอาณาจักร,2567
15-19,14.5,ไตรมาส 1,สำนักงานสถิติแห่งชาติ,1284,ยอดรวม,ร้อยละ,ภาคเหนือ,2563
25-29,85.1,ไตรมาส 2,สำนักงานสถิติแห่งชาติ,1285,ยอดรวม,ร้อยละ,ทั่วราชอาณาจักร,2563
35-39,87.9,ไตรมาส 2,สำนักงานสถิติแห่งชาติ,1286,ยอดรวม,ร้อยละ,ภาคเหนือ,2563
40-49,88.7,ไตรมาส 3,สำนักงานสถิติแห่งชาติ,1287,ยอดรวม,ร้อยละ,ทั่วราชอาณาจักร,2563
60 ขึ้นไป,42.2,ไตรมาส 3,สำนักงานสถิติแห่งชาติ,1288,ยอดรวม,ร้อยละ,ภาคเหนือ,2563
ยอดรวม,77.1,ไตรมาส 4,สำนักงานสถิติแห่งชาติ,1289,ชาย,ร้อยละ,ทั่วราชอาณาจักร,2563
25-29,93.7,ไตรมาส 4,สำนักงานสถิติแห่งชาติ,1290,ชาย,ร้อยละ,ภาคเหนือ,2563
30-34,96.0,ไตรมาส 1,สำนักงานสถิติแห่งชาติ,1291,ชาย,ร้อยละ,ทั่วราชอาณาจักร,2564
50-59,92.8,ไตรมาส 1,สำนักงานสถิติแห่งชาติ,1292,ชาย,ร้อยละ,ภาคเหนือ,2564
60 ขึ้นไป,47.7,ไตรมาส 2,สำนักงานสถิติแห่งชาติ,1293,ชาย,ร้อยละ,ทั่วราชอาณาจักร,2564
20-24,52.5,ไตรมาส 2,สำนักงานสถิติแห่งชาติ,1294,หญิง,ร้อยละ,ภาคเหนือ,2564
20-24,53.1,ไตรมาส 3,สำนักงานสถิติแห่งชาติ,1295,หญิง,ร้อยละ,ทั่วราชอาณาจักร,2564
40-49,84.1,ไตรมาส 3,สำนักงานสถิติแห่งชาติ,1296,หญิง,ร้อยละ,ภาคเหนือ,2564
40-49,82.1,ไตรมาส 4,สำนักงานสถิติแห่งชาติ,1297,หญิง,ร้อยละ,ทั่วราชอาณาจักร,2564
15-19,11.6,ไตรมาส 4,สำนักงานสถิติแห่งชาติ,1298,ยอดรวม,ร้อยละ,ภาคตะวันออกเฉียงเหนือ,2564
20-24,60.5,ไตรมาส 4,สำนักงานสถิติแห่งชาติ,1299,ยอดรวม,ร้อยละ,ภาคตะวันออกเฉียงเหนือ,2564
25-29,82.5,ไตรมาส 4,สำนักงานสถิติแห่งชาติ,1300,ยอดรวม,ร้อยละ,ภาคตะวันออกเฉียงเหนือ,2564
30-34,85.0,ไตรมาส 4,สำนักงานสถิติแห่งชาติ,1301,ยอดรวม,ร้อยละ,ภาคตะวันออกเฉียงเหนือ,2564
35-39,88.8,ไตรมาส 4,สำนักงานสถิติแห่งชาติ,1302,ยอดรวม,ร้อยละ,ภาคตะวันออกเฉียงเหนือ,2564
40-49,88.8,ไตรมาส 4,สำนักงานสถิติแห่งชาติ,1303,ยอดรวม,ร้อยละ,ภาคตะวันออกเฉียงเหนือ,2564
50-59,85.0,ไตรมาส 4,สำนักงานสถิติแห่งชาติ,1304,ยอดรวม,ร้อยละ,ภาคตะวันออกเฉียงเหนือ,2564
60 ขึ้นไป,41.3,ไตรมาส 4,สำนักงานสถิติแห่งชาติ,1305,ยอดรวม,ร้อยละ,ภาคตะวันออกเฉียงเหนือ,2564
ยอดรวม,73.0,ไตรมาส 4,สำนักงานสถิติแห่งชาติ,1306,ชาย,ร้อยละ,ภาคตะวันออกเฉียงเหนือ,2564
15-19,15.5,ไตรมาส 4,สำนักงานสถิติแห่งชาติ,1307,ชาย,ร้อยละ,ภาคตะวันออกเฉียงเหนือ,2564
20-24,70.2,ไตรมาส 4,สำนักงานสถิติแห่งชาติ,1308,ชาย,ร้อยละ,ภาคตะวันออกเฉียงเหนือ,2564
25-29,91.4,ไตรมาส 4,สำนักงานสถิติแห่งชาติ,1309,ชาย,ร้อยละ,ภาคตะวันออกเฉียงเหนือ,2564
30-34,94.0,ไตรมาส 4,สำนักงานสถิติแห่งชาติ,1310,ชาย,ร้อยละ,ภาคตะวันออกเฉียงเหนือ,2564
35-39,93.5,ไตรมาส 4,สำนักงานสถิติแห่งชาติ,1311,ชาย,ร้อยละ,ภาคตะวันออกเฉียงเหนือ,2564
40-49,94.3,ไตรมาส 4,สำนักงานสถิติแห่งชาติ,1312,ชาย,ร้อยละ,ภาคตะวันออกเฉียงเหนือ,2564
50-59,93.9,ไตรมาส 4,สำนักงานสถิติแห่งชาติ,1313,ชาย,ร้อยละ,ภาคตะวันออกเฉียงเหนือ,2564
60 ขึ้นไป,53.5,ไตรมาส 4,สำนักงานสถิติแห่งชาติ,1314,ชาย,ร้อยละ,ภาคตะวันออกเฉียงเหนือ,2564
ยอดรวม,56.4,ไตรมาส 4,สำนักงานสถิติแห่งชาติ,1315,หญิง,ร้อยละ,ภาคตะวันออกเฉียงเหนือ,2564
15-19,7.7,ไตรมาส 4,สำนักงานสถิติแห่งชาติ,1316,หญิง,ร้อยละ,ภาคตะวันออกเฉียงเหนือ,2564
20-24,50.7,ไตรมาส 4,สำนักงานสถิติแห่งชาติ,1317,หญิง,ร้อยละ,ภาคตะวันออกเฉียงเหนือ,2564
25-29,73.9,ไตรมาส 4,สำนักงานสถิติแห่งชาติ,1318,หญิง,ร้อยละ,ภาคตะวันออกเฉียงเหนือ,2564
30-34,75.9,ไตรมาส 4,สำนักงานสถิติแห่งชาติ,1319,หญิง,ร้อยละ,ภาคตะวันออกเฉียงเหนือ,2564
35-39,84.0,ไตรมาส 4,สำนักงานสถิติแห่งชาติ,1320,หญิง,ร้อยละ,ภาคตะวันออกเฉียงเหนือ,2564
40-49,83.8,ไตรมาส 4,สำนักงานสถิติแห่งชาติ,1321,หญิง,ร้อยละ,ภาคตะวันออกเฉียงเหนือ,2564
50-59,77.0,ไตรมาส 4,สำนักงานสถิติแห่งชาติ,1322,หญิง,ร้อยละ,ภาคตะวันออกเฉียงเหนือ,2564
60 ขึ้นไป,31.1,ไตรมาส 4,สำนักงานสถิติแห่งชาติ,1323,หญิง,ร้อยละ,ภาคตะวันออกเฉียงเหนือ,2564
ยอดรวม,68.9,ไตรมาส 4,สำนักงานสถิติแห่งชาติ,1324,ยอดรวม,ร้อยละ,ภาคใต้,2564
15-19,19.6,ไตรมาส 4,สำนักงานสถิติแห่งชาติ,1325,ยอดรวม,ร้อยละ,ภาคใต้,2564
20-24,64.4,ไตรมาส 4,สำนักงานสถิติแห่งชาติ,1326,ยอดรวม,ร้อยละ,ภาคใต้,2564
25-29,86.7,ไตรมาส 4,สำนักงานสถิติแห่งชาติ,1327,ยอดรวม,ร้อยละ,ภาคใต้,2564
30-34,86.1,ไตรมาส 4,สำนักงานสถิติแห่งชาติ,1328,ยอดรวม,ร้อยละ,ภาคใต้,2564
35-39,89.4,ไตรมาส 4,สำนักงานสถิติแห่งชาติ,1329,ยอดรวม,ร้อยละ,ภาคใต้,2564
40-49,88.2,ไตรมาส 4,สำนักงานสถิติแห่งชาติ,1330,ยอดรวม,ร้อยละ,ภาคใต้,2564
50-59,83.5,ไตรมาส 4,สำนักงานสถิติแห่งชาติ,1331,ยอดรวม,ร้อยละ,ภาคใต้,2564
60 ขึ้นไป,39.7,ไตรมาส 4,สำนักงานสถิติแห่งชาติ,1332,ยอดรวม,ร้อยละ,ภาคใต้,2564
ยอดรวม,79.1,ไตรมาส 4,สำนักงานสถิติแห่งชาติ,1333,ชาย,ร้อยละ,ภาคใต้,2564
15-19,27.8,ไตรมาส 4,สำนักงานสถิติแห่งชาติ,1334,ชาย,ร้อยละ,ภาคใต้,2564
20-24,76.0,ไตรมาส 4,สำนักงานสถิติแห่งชาติ,1335,ชาย,ร้อยละ,ภาคใต้,2564
25-29,95.1,ไตรมาส 4,สำนักงานสถิติแห่งชาติ,1336,ชาย,ร้อยละ,ภาคใต้,2564
30-34,96.7,ไตรมาส 4,สำนักงานสถิติแห่งชาติ,1337,ชาย,ร้อยละ,ภาคใต้,2564
35-39,97.9,ไตรมาส 4,สำนักงานสถิติแห่งชาติ,1338,ชาย,ร้อยละ,ภาคใต้,2564
40-49,95.9,ไตรมาส 4,สำนักงานสถิติแห่งชาติ,1339,ชาย,ร้อยละ,ภาคใต้,2564
50-59,93.5,ไตรมาส 4,สำนักงานสถิติแห่งชาติ,1340,ชาย,ร้อยละ,ภาคใต้,2564
60 ขึ้นไป,52.1,ไตรมาส 4,สำนักงานสถิติแห่งชาติ,1341,ชาย,ร้อยละ,ภาคใต้,2564
ยอดรวม,59.2,ไตรมาส 4,สำนักงานสถิติแห่งชาติ,1342,หญิง,ร้อยละ,ภาคใต้,2564
15-19,11.0,ไตรมาส 4,สำนักงานสถิติแห่งชาติ,1343,หญิง,ร้อยละ,ภาคใต้,2564
20-24,52.4,ไตรมาส 4,สำนักงานสถิติแห่งชาติ,1344,หญิง,ร้อยละ,ภาคใต้,2564
25-29,78.0,ไตรมาส 4,สำนักงานสถิติแห่งชาติ,1345,หญิง,ร้อยละ,ภาคใต้,2564
30-34,75.4,ไตรมาส 4,สำนักงานสถิติแห่งชาติ,1346,หญิง,ร้อยละ,ภาคใต้,2564
35-39,80.7,ไตรมาส 4,สำนักงานสถิติแห่งชาติ,1347,หญิง,ร้อยละ,ภาคใต้,2564
40-49,80.9,ไตรมาส 4,สำนักงานสถิติแห่งชาติ,1348,หญิง,ร้อยละ,ภาคใต้,2564
50-59,74.4,ไตรมาส 4,สำนักงานสถิติแห่งชาติ,1349,หญิง,ร้อยละ,ภาคใต้,2564
60 ขึ้นไป,29.7,ไตรมาส 4,สำนักงานสถิติแห่งชาติ,1350,หญิง,ร้อยละ,ภาคใต้,2564
ยอดรวม,67.7,ไตรมาส 1,สำนักงานสถิติแห่งชาติ,1351,ยอดรวม,ร้อยละ,ทั่วราชอาณาจักร,2565
15-19,12.7,ไตรมาส 1,สำนักงานสถิติแห่งชาติ,1352,ยอดรวม,ร้อยละ,ทั่วราชอาณาจักร,2565
20-24,60.9,ไตรมาส 1,สำนักงานสถิติแห่งชาติ,1353,ยอดรวม,ร้อยละ,ทั่วราชอาณาจักร,2565
25-29,86.7,ไตรมาส 1,สำนักงานสถิติแห่งชาติ,1354,ยอดรวม,ร้อยละ,ทั่วราชอาณาจักร,2565
30-34,89.5,ไตรมาส 1,สำนักงานสถิติแห่งชาติ,1355,ยอดรวม,ร้อยละ,ทั่วราชอาณาจักร,2565
35-39,89.6,ไตรมาส 1,สำนักงานสถิติแห่งชาติ,1356,ยอดรวม,ร้อยละ,ทั่วราชอาณาจักร,2565
40-49,88.4,ไตรมาส 1,สำนักงานสถิติแห่งชาติ,1357,ยอดรวม,ร้อยละ,ทั่วราชอาณาจักร,2565
50-59,81.5,ไตรมาส 1,สำนักงานสถิติแห่งชาติ,1358,ยอดรวม,ร้อยละ,ทั่วราชอาณาจักร,2565
60 ขึ้นไป,36.5,ไตรมาส 1,สำนักงานสถิติแห่งชาติ,1359,ยอดรวม,ร้อยละ,ทั่วราชอาณาจักร,2565
ยอดรวม,76.3,ไตรมาส 1,สำนักงานสถิติแห่งชาติ,1360,ชาย,ร้อยละ,ทั่วราชอาณาจักร,2565
15-19,17.4,ไตรมาส 1,สำนักงานสถิติแห่งชาติ,1361,ชาย,ร้อยละ,ทั่วราชอาณาจักร,2565
20-24,69.6,ไตรมาส 1,สำนักงานสถิติแห่งชาติ,1362,ชาย,ร้อยละ,ทั่วราชอาณาจักร,2565
25-29,92.4,ไตรมาส 1,สำนักงานสถิติแห่งชาติ,1363,ชาย,ร้อยละ,ทั่วราชอาณาจักร,2565
50-59,72.8,ไตรมาส 4,สำนักงานสถิติแห่งชาติ,1364,หญิง,ร้อยละ,ทั่วราชอาณาจักร,2564
60 ขึ้นไป,29.0,ไตรมาส 4,สำนักงานสถิติแห่งชาติ,1365,หญิง,ร้อยละ,ทั่วราชอาณาจักร,2564
ยอดรวม,71.7,ไตรมาส 4,สำนักงานสถิติแห่งชาติ,1366,ยอดรวม,ร้อยละ,กรุงเทพมหานคร,2564
15-19,7.9,ไตรมาส 4,สำนักงานสถิติแห่งชาติ,1367,ยอดรวม,ร้อยละ,กรุงเทพมหานคร,2564
20-24,57.4,ไตรมาส 4,สำนักงานสถิติแห่งชาติ,1368,ยอดรวม,ร้อยละ,กรุงเทพมหานคร,2564
25-29,91.8,ไตรมาส 4,สำนักงานสถิติแห่งชาติ,1369,ยอดรวม,ร้อยละ,กรุงเทพมหานคร,2564
30-34,91.4,ไตรมาส 4,สำนักงานสถิติแห่งชาติ,1370,ยอดรวม,ร้อยละ,กรุงเทพมหานคร,2564
35-39,90.3,ไตรมาส 4,สำนักงานสถิติแห่งชาติ,1371,ยอดรวม,ร้อยละ,กรุงเทพมหานคร,2564
40-49,89.9,ไตรมาส 4,สำนักงานสถิติแห่งชาติ,1372,ยอดรวม,ร้อยละ,กรุงเทพมหานคร,2564
50-59,80.4,ไตรมาส 4,สำนักงานสถิติแห่งชาติ,1373,ยอดรวม,ร้อยละ,กรุงเทพมหานคร,2564
60 ขึ้นไป,26.5,ไตรมาส 4,สำนักงานสถิติแห่งชาติ,1374,ยอดรวม,ร้อยละ,กรุงเทพมหานคร,2564
ยอดรวม,77.1,ไตรมาส 4,สำนักงานสถิติแห่งชาติ,1375,ชาย,ร้อยละ,กรุงเทพมหานคร,2564
15-19,10.2,ไตรมาส 4,สำนักงานสถิติแห่งชาติ,1376,ชาย,ร้อยละ,กรุงเทพมหานคร,2564
20-24,63.7,ไตรมาส 4,สำนักงานสถิติแห่งชาติ,1377,ชาย,ร้อยละ,กรุงเทพมหานคร,2564
25-29,93.9,ไตรมาส 4,สำนักงานสถิติแห่งชาติ,1378,ชาย,ร้อยละ,กรุงเทพมหานคร,2564
30-34,94.5,ไตรมาส 4,สำนักงานสถิติแห่งชาติ,1379,ชาย,ร้อยละ,กรุงเทพมหานคร,2564
35-39,95.8,ไตรมาส 4,สำนักงานสถิติแห่งชาติ,1380,ชาย,ร้อยละ,กรุงเทพมหานคร,2564
40-49,95.5,ไตรมาส 4,สำนักงานสถิติแห่งชาติ,1381,ชาย,ร้อยละ,กรุงเทพมหานคร,2564
50-59,86.0,ไตรมาส 4,สำนักงานสถิติแห่งชาติ,1382,ชาย,ร้อยละ,กรุงเทพมหานคร,2564
60 ขึ้นไป,31.6,ไตรมาส 4,สำนักงานสถิติแห่งชาติ,1383,ชาย,ร้อยละ,กรุงเทพมหานคร,2564
ยอดรวม,66.6,ไตรมาส 4,สำนักงานสถิติแห่งชาติ,1384,หญิง,ร้อยละ,กรุงเทพมหานคร,2564
15-19,5.5,ไตรมาส 4,สำนักงานสถิติแห่งชาติ,1385,หญิง,ร้อยละ,กรุงเทพมหานคร,2564
20-24,51.1,ไตรมาส 4,สำนักงานสถิติแห่งชาติ,1386,หญิง,ร้อยละ,กรุงเทพมหานคร,2564
25-29,89.7,ไตรมาส 4,สำนักงานสถิติแห่งชาติ,1387,หญิง,ร้อยละ,กรุงเทพมหานคร,2564
30-34,88.5,ไตรมาส 4,สำนักงานสถิติแห่งชาติ,1388,หญิง,ร้อยละ,กรุงเทพมหานคร,2564
35-39,85.3,ไตรมาส 4,สำนักงานสถิติแห่งชาติ,1389,หญิง,ร้อยละ,กรุงเทพมหานคร,2564
40-49,84.5,ไตรมาส 4,สำนักงานสถิติแห่งชาติ,1390,หญิง,ร้อยละ,กรุงเทพมหานคร,2564
50-59,75.2,ไตรมาส 4,สำนักงานสถิติแห่งชาติ,1391,หญิง,ร้อยละ,กรุงเทพมหานคร,2564
60 ขึ้นไป,22.5,ไตรมาส 4,สำนักงานสถิติแห่งชาติ,1392,หญิง,ร้อยละ,กรุงเทพมหานคร,2564
ยอดรวม,69.0,ไตรมาส 4,สำนักงานสถิติแห่งชาติ,1393,ยอดรวม,ร้อยละ,ภาคกลาง,2564
15-19,13.3,ไตรมาส 4,สำนักงานสถิติแห่งชาติ,1394,ยอดรวม,ร้อยละ,ภาคกลาง,2564
20-24,67.1,ไตรมาส 4,สำนักงานสถิติแห่งชาติ,1395,ยอดรวม,ร้อยละ,ภาคกลาง,2564
25-29,89.9,ไตรมาส 4,สำนักงานสถิติแห่งชาติ,1396,ยอดรวม,ร้อยละ,ภาคกลาง,2564
30-34,90.0,ไตรมาส 4,สำนักงานสถิติแห่งชาติ,1397,ยอดรวม,ร้อยละ,ภาคกลาง,2564
35-39,89.5,ไตรมาส 4,สำนักงานสถิติแห่งชาติ,1398,ยอดรวม,ร้อยละ,ภาคกลาง,2564
40-49,87.6,ไตรมาส 4,สำนักงานสถิติแห่งชาติ,1399,ยอดรวม,ร้อยละ,ภาคกลาง,2564
50-59,77.2,ไตรมาส 4,สำนักงานสถิติแห่งชาติ,1400,ยอดรวม,ร้อยละ,ภาคกลาง,2564
60 ขึ้นไป,32.7,ไตรมาส 4,สำนักงานสถิติแห่งชาติ,1401,ยอดรวม,ร้อยละ,ภาคกลาง,2564
ยอดรวม,77.8,ไตรมาส 4,สำนักงานสถิติแห่งชาติ,1402,ชาย,ร้อยละ,ภาคกลาง,2564
15-19,17.2,ไตรมาส 4,สำนักงานสถิติแห่งชาติ,1403,ชาย,ร้อยละ,ภาคกลาง,2564
20-24,75.0,ไตรมาส 4,สำนักงานสถิติแห่งชาติ,1404,ชาย,ร้อยละ,ภาคกลาง,2564
25-29,95.5,ไตรมาส 4,สำนักงานสถิติแห่งชาติ,1405,ชาย,ร้อยละ,ภาคกลาง,2564
30-34,96.3,ไตรมาส 4,สำนักงานสถิติแห่งชาติ,1406,ชาย,ร้อยละ,ภาคกลาง,2564
35-39,95.9,ไตรมาส 4,สำนักงานสถิติแห่งชาติ,1407,ชาย,ร้อยละ,ภาคกลาง,2564
40-49,95.9,ไตรมาส 4,สำนักงานสถิติแห่งชาติ,1408,ชาย,ร้อยละ,ภาคกลาง,2564
50-59,89.0,ไตรมาส 4,สำนักงานสถิติแห่งชาติ,1409,ชาย,ร้อยละ,ภาคกลาง,2564
60 ขึ้นไป,41.6,ไตรมาส 4,สำนักงานสถิติแห่งชาติ,1410,ชาย,ร้อยละ,ภาคกลาง,2564
ยอดรวม,60.7,ไตรมาส 4,สำนักงานสถิติแห่งชาติ,1411,หญิง,ร้อยละ,ภาคกลาง,2564
15-19,9.4,ไตรมาส 4,สำนักงานสถิติแห่งชาติ,1412,หญิง,ร้อยละ,ภาคกลาง,2564
20-24,58.9,ไตรมาส 4,สำนักงานสถิติแห่งชาติ,1413,หญิง,ร้อยละ,ภาคกลาง,2564
25-29,83.8,ไตรมาส 4,สำนักงานสถิติแห่งชาติ,1414,หญิง,ร้อยละ,ภาคกลาง,2564
30-34,83.4,ไตรมาส 4,สำนักงานสถิติแห่งชาติ,1415,หญิง,ร้อยละ,ภาคกลาง,2564
35-39,83.2,ไตรมาส 4,สำนักงานสถิติแห่งชาติ,1416,หญิง,ร้อยละ,ภาคกลาง,2564
40-49,79.7,ไตรมาส 4,สำนักงานสถิติแห่งชาติ,1417,หญิง,ร้อยละ,ภาคกลาง,2564
50-59,66.6,ไตรมาส 4,สำนักงานสถิติแห่งชาติ,1418,หญิง,ร้อยละ,ภาคกลาง,2564
60 ขึ้นไป,25.9,ไตรมาส 4,สำนักงานสถิติแห่งชาติ,1419,หญิง,ร้อยละ,ภาคกลาง,2564
ยอดรวม,65.6,ไตรมาส 4,สำนักงานสถิติแห่งชาติ,1420,ยอดรวม,ร้อยละ,ภาคเหนือ,2564
15-19,17.9,ไตรมาส 4,สำนักงานสถิติแห่งชาติ,1421,ยอดรวม,ร้อยละ,ภาคเหนือ,2564
20-24,67.9,ไตรมาส 4,สำนักงานสถิติแห่งชาติ,1422,ยอดรวม,ร้อยละ,ภาคเหนือ,2564
25-29,86.0,ไตรมาส 4,สำนักงานสถิติแห่งชาติ,1423,ยอดรวม,ร้อยละ,ภาคเหนือ,2564
30-34,86.4,ไตรมาส 4,สำนักงานสถิติแห่งชาติ,1424,ยอดรวม,ร้อยละ,ภาคเหนือ,2564
35-39,88.4,ไตรมาส 4,สำนักงานสถิติแห่งชาติ,1425,ยอดรวม,ร้อยละ,ภาคเหนือ,2564
40-49,87.7,ไตรมาส 4,สำนักงานสถิติแห่งชาติ,1426,ยอดรวม,ร้อยละ,ภาคเหนือ,2564
50-59,82.4,ไตรมาส 4,สำนักงานสถิติแห่งชาติ,1427,ยอดรวม,ร้อยละ,ภาคเหนือ,2564
60 ขึ้นไป,40.9,ไตรมาส 4,สำนักงานสถิติแห่งชาติ,1428,ยอดรวม,ร้อยละ,ภาคเหนือ,2564
ยอดรวม,74.0,ไตรมาส 4,สำนักงานสถิติแห่งชาติ,1429,ชาย,ร้อยละ,ภาคเหนือ,2564
15-19,25.2,ไตรมาส 4,สำนักงานสถิติแห่งชาติ,1430,ชาย,ร้อยละ,ภาคเหนือ,2564
20-24,74.3,ไตรมาส 4,สำนักงานสถิติแห่งชาติ,1431,ชาย,ร้อยละ,ภาคเหนือ,2564
25-29,94.0,ไตรมาส 4,สำนักงานสถิติแห่งชาติ,1432,ชาย,ร้อยละ,ภาคเหนือ,2564
30-34,93.5,ไตรมาส 4,สำนักงานสถิติแห่งชาติ,1433,ชาย,ร้อยละ,ภาคเหนือ,2564
35-39,94.5,ไตรมาส 4,สำนักงานสถิติแห่งชาติ,1434,ชาย,ร้อยละ,ภาคเหนือ,2564
40-49,92.6,ไตรมาส 4,สำนักงานสถิติแห่งชาติ,1435,ชาย,ร้อยละ,ภาคเหนือ,2564
50-59,92.1,ไตรมาส 4,สำนักงานสถิติแห่งชาติ,1436,ชาย,ร้อยละ,ภาคเหนือ,2564
60 ขึ้นไป,51.1,ไตรมาส 4,สำนักงานสถิติแห่งชาติ,1437,ชาย,ร้อยละ,ภาคเหนือ,2564
ยอดรวม,57.8,ไตรมาส 4,สำนักงานสถิติแห่งชาติ,1438,หญิง,ร้อยละ,ภาคเหนือ,2564
15-19,10.3,ไตรมาส 4,สำนักงานสถิติแห่งชาติ,1439,หญิง,ร้อยละ,ภาคเหนือ,2564
20-24,61.4,ไตรมาส 4,สำนักงานสถิติแห่งชาติ,1440,หญิง,ร้อยละ,ภาคเหนือ,2564
25-29,77.9,ไตรมาส 4,สำนักงานสถิติแห่งชาติ,1441,หญิง,ร้อยละ,ภาคเหนือ,2564
30-34,79.1,ไตรมาส 4,สำนักงานสถิติแห่งชาติ,1442,หญิง,ร้อยละ,ภาคเหนือ,2564
35-39,82.0,ไตรมาส 4,สำนักงานสถิติแห่งชาติ,1443,หญิง,ร้อยละ,ภาคเหนือ,2564
40-49,83.1,ไตรมาส 4,สำนักงานสถิติแห่งชาติ,1444,หญิง,ร้อยละ,ภาคเหนือ,2564
50-59,74.0,ไตรมาส 4,สำนักงานสถิติแห่งชาติ,1445,หญิง,ร้อยละ,ภาคเหนือ,2564
60 ขึ้นไป,32.5,ไตรมาส 4,สำนักงานสถิติแห่งชาติ,1446,หญิง,ร้อยละ,ภาคเหนือ,2564
ยอดรวม,64.3,ไตรมาส 4,สำนักงานสถิติแห่งชาติ,1447,ยอดรวม,ร้อยละ,ภาคตะวันออกเฉียงเหนือ,2564
30-34,95.6,ไตรมาส 1,สำนักงานสถิติแห่งชาติ,1448,ชาย,ร้อยละ,ทั่วราชอาณาจักร,2565
50-59,91.4,ไตรมาส 2,สำนักงานสถิติแห่งชาติ,1449,ชาย,ร้อยละ,ทั่วราชอาณาจักร,2565
60 ขึ้นไป,46.7,ไตรมาส 2,สำนักงานสถิติแห่งชาติ,1450,ชาย,ร้อยละ,ทั่วราชอาณาจักร,2565
ยอดรวม,60.1,ไตรมาส 2,สำนักงานสถิติแห่งชาติ,1451,หญิง,ร้อยละ,ทั่วราชอาณาจักร,2565
15-19,8.5,ไตรมาส 2,สำนักงานสถิติแห่งชาติ,1452,หญิง,ร้อยละ,ทั่วราชอาณาจักร,2565
20-24,53.9,ไตรมาส 2,สำนักงานสถิติแห่งชาติ,1453,หญิง,ร้อยละ,ทั่วราชอาณาจักร,2565
25-29,82.0,ไตรมาส 2,สำนักงานสถิติแห่งชาติ,1454,หญิง,ร้อยละ,ทั่วราชอาณาจักร,2565
30-34,83.3,ไตรมาส 2,สำนักงานสถิติแห่งชาติ,1455,หญิง,ร้อยละ,ทั่วราชอาณาจักร,2565
35-39,83.4,ไตรมาส 2,สำนักงานสถิติแห่งชาติ,1456,หญิง,ร้อยละ,ทั่วราชอาณาจักร,2565
40-49,82.5,ไตรมาส 2,สำนักงานสถิติแห่งชาติ,1457,หญิง,ร้อยละ,ทั่วราชอาณาจักร,2565
50-59,73.3,ไตรมาส 2,สำนักงานสถิติแห่งชาติ,1458,หญิง,ร้อยละ,ทั่วราชอาณาจักร,2565
60 ขึ้นไป,28.5,ไตรมาส 2,สำนักงานสถิติแห่งชาติ,1459,หญิง,ร้อยละ,ทั่วราชอาณาจักร,2565
ยอดรวม,72.7,ไตรมาส 2,สำนักงานสถิติแห่งชาติ,1460,ยอดรวม,ร้อยละ,กรุงเทพมหานคร,2565
15-19,12.5,ไตรมาส 2,สำนักงานสถิติแห่งชาติ,1461,ยอดรวม,ร้อยละ,กรุงเทพมหานคร,2565
20-24,62.2,ไตรมาส 2,สำนักงานสถิติแห่งชาติ,1462,ยอดรวม,ร้อยละ,กรุงเทพมหานคร,2565
25-29,90.0,ไตรมาส 2,สำนักงานสถิติแห่งชาติ,1463,ยอดรวม,ร้อยละ,กรุงเทพมหานคร,2565
30-34,93.7,ไตรมาส 2,สำนักงานสถิติแห่งชาติ,1464,ยอดรวม,ร้อยละ,กรุงเทพมหานคร,2565
35-39,91.5,ไตรมาส 2,สำนักงานสถิติแห่งชาติ,1465,ยอดรวม,ร้อยละ,กรุงเทพมหานคร,2565
40-49,90.7,ไตรมาส 2,สำนักงานสถิติแห่งชาติ,1466,ยอดรวม,ร้อยละ,กรุงเทพมหานคร,2565
50-59,79.1,ไตรมาส 2,สำนักงานสถิติแห่งชาติ,1467,ยอดรวม,ร้อยละ,กรุงเทพมหานคร,2565
60 ขึ้นไป,25.9,ไตรมาส 2,สำนักงานสถิติแห่งชาติ,1468,ยอดรวม,ร้อยละ,กรุงเทพมหานคร,2565
ยอดรวม,78.9,ไตรมาส 2,สำนักงานสถิติแห่งชาติ,1469,ชาย,ร้อยละ,กรุงเทพมหานคร,2565
15-19,15.5,ไตรมาส 2,สำนักงานสถิติแห่งชาติ,1470,ชาย,ร้อยละ,กรุงเทพมหานคร,2565
20-24,66.0,ไตรมาส 2,สำนักงานสถิติแห่งชาติ,1471,ชาย,ร้อยละ,กรุงเทพมหานคร,2565
25-29,93.2,ไตรมาส 2,สำนักงานสถิติแห่งชาติ,1472,ชาย,ร้อยละ,กรุงเทพมหานคร,2565
30-34,97.1,ไตรมาส 2,สำนักงานสถิติแห่งชาติ,1473,ชาย,ร้อยละ,กรุงเทพมหานคร,2565
35-39,95.4,ไตรมาส 2,สำนักงานสถิติแห่งชาติ,1474,ชาย,ร้อยละ,กรุงเทพมหานคร,2565
40-49,94.9,ไตรมาส 2,สำนักงานสถิติแห่งชาติ,1475,ชาย,ร้อยละ,กรุงเทพมหานคร,2565
50-59,87.7,ไตรมาส 2,สำนักงานสถิติแห่งชาติ,1476,ชาย,ร้อยละ,กรุงเทพมหานคร,2565
60 ขึ้นไป,32.2,ไตรมาส 2,สำนักงานสถิติแห่งชาติ,1477,ชาย,ร้อยละ,กรุงเทพมหานคร,2565
ยอดรวม,67.0,ไตรมาส 2,สำนักงานสถิติแห่งชาติ,1478,หญิง,ร้อยละ,กรุงเทพมหานคร,2565
15-19,9.6,ไตรมาส 2,สำนักงานสถิติแห่งชาติ,1479,หญิง,ร้อยละ,กรุงเทพมหานคร,2565
20-24,58.7,ไตรมาส 2,สำนักงานสถิติแห่งชาติ,1480,หญิง,ร้อยละ,กรุงเทพมหานคร,2565
25-29,86.9,ไตรมาส 2,สำนักงานสถิติแห่งชาติ,1481,หญิง,ร้อยละ,กรุงเทพมหานคร,2565
30-34,90.6,ไตรมาส 2,สำนักงานสถิติแห่งชาติ,1482,หญิง,ร้อยละ,กรุงเทพมหานคร,2565
35-39,87.9,ไตรมาส 2,สำนักงานสถิติแห่งชาติ,1483,หญิง,ร้อยละ,กรุงเทพมหานคร,2565
40-49,86.6,ไตรมาส 2,สำนักงานสถิติแห่งชาติ,1484,หญิง,ร้อยละ,กรุงเทพมหานคร,2565
50-59,71.1,ไตรมาส 2,สำนักงานสถิติแห่งชาติ,1485,หญิง,ร้อยละ,กรุงเทพมหานคร,2565
60 ขึ้นไป,21.5,ไตรมาส 2,สำนักงานสถิติแห่งชาติ,1486,หญิง,ร้อยละ,กรุงเทพมหานคร,2565
ยอดรวม,70.2,ไตรมาส 2,สำนักงานสถิติแห่งชาติ,1487,ยอดรวม,ร้อยละ,ภาคกลาง,2565
15-19,15.0,ไตรมาส 2,สำนักงานสถิติแห่งชาติ,1488,ยอดรวม,ร้อยละ,ภาคกลาง,2565
20-24,65.4,ไตรมาส 2,สำนักงานสถิติแห่งชาติ,1489,ยอดรวม,ร้อยละ,ภาคกลาง,2565
25-29,90.9,ไตรมาส 2,สำนักงานสถิติแห่งชาติ,1490,ยอดรวม,ร้อยละ,ภาคกลาง,2565
30-34,91.1,ไตรมาส 2,สำนักงานสถิติแห่งชาติ,1491,ยอดรวม,ร้อยละ,ภาคกลาง,2565
35-39,89.7,ไตรมาส 2,สำนักงานสถิติแห่งชาติ,1492,ยอดรวม,ร้อยละ,ภาคกลาง,2565
40-49,88.7,ไตรมาส 2,สำนักงานสถิติแห่งชาติ,1493,ยอดรวม,ร้อยละ,ภาคกลาง,2565
50-59,78.9,ไตรมาส 2,สำนักงานสถิติแห่งชาติ,1494,ยอดรวม,ร้อยละ,ภาคกลาง,2565
60 ขึ้นไป,31.7,ไตรมาส 2,สำนักงานสถิติแห่งชาติ,1495,ยอดรวม,ร้อยละ,ภาคกลาง,2565
ยอดรวม,78.3,ไตรมาส 2,สำนักงานสถิติแห่งชาติ,1496,ชาย,ร้อยละ,ภาคกลาง,2565
15-19,19.8,ไตรมาส 2,สำนักงานสถิติแห่งชาติ,1497,ชาย,ร้อยละ,ภาคกลาง,2565
20-24,68.3,ไตรมาส 2,สำนักงานสถิติแห่งชาติ,1498,ชาย,ร้อยละ,ภาคกลาง,2565
25-29,94.8,ไตรมาส 2,สำนักงานสถิติแห่งชาติ,1499,ชาย,ร้อยละ,ภาคกลาง,2565
30-34,97.0,ไตรมาส 2,สำนักงานสถิติแห่งชาติ,1500,ชาย,ร้อยละ,ภาคกลาง,2565
35-39,96.8,ไตรมาส 2,สำนักงานสถิติแห่งชาติ,1501,ชาย,ร้อยละ,ภาคกลาง,2565
40-49,95.6,ไตรมาส 2,สำนักงานสถิติแห่งชาติ,1502,ชาย,ร้อยละ,ภาคกลาง,2565
50-59,89.2,ไตรมาส 2,สำนักงานสถิติแห่งชาติ,1503,ชาย,ร้อยละ,ภาคกลาง,2565
60 ขึ้นไป,39.7,ไตรมาส 2,สำนักงานสถิติแห่งชาติ,1504,ชาย,ร้อยละ,ภาคกลาง,2565
ยอดรวม,62.8,ไตรมาส 2,สำนักงานสถิติแห่งชาติ,1505,หญิง,ร้อยละ,ภาคกลาง,2565
15-19,10.2,ไตรมาส 2,สำนักงานสถิติแห่งชาติ,1506,หญิง,ร้อยละ,ภาคกลาง,2565
20-24,62.7,ไตรมาส 2,สำนักงานสถิติแห่งชาติ,1507,หญิง,ร้อยละ,ภาคกลาง,2565
25-29,87.0,ไตรมาส 2,สำนักงานสถิติแห่งชาติ,1508,หญิง,ร้อยละ,ภาคกลาง,2565
30-34,85.0,ไตรมาส 2,สำนักงานสถิติแห่งชาติ,1509,หญิง,ร้อยละ,ภาคกลาง,2565
35-39,82.6,ไตรมาส 2,สำนักงานสถิติแห่งชาติ,1510,หญิง,ร้อยละ,ภาคกลาง,2565
40-49,81.9,ไตรมาส 2,สำนักงานสถิติแห่งชาติ,1511,หญิง,ร้อยละ,ภาคกลาง,2565
50-59,69.3,ไตรมาส 2,สำนักงานสถิติแห่งชาติ,1512,หญิง,ร้อยละ,ภาคกลาง,2565
60 ขึ้นไป,26.1,ไตรมาส 2,สำนักงานสถิติแห่งชาติ,1513,หญิง,ร้อยละ,ภาคกลาง,2565
ยอดรวม,65.2,ไตรมาส 2,สำนักงานสถิติแห่งชาติ,1514,ยอดรวม,ร้อยละ,ภาคเหนือ,2565
15-19,14.2,ไตรมาส 2,สำนักงานสถิติแห่งชาติ,1515,ยอดรวม,ร้อยละ,ภาคเหนือ,2565
20-24,59.0,ไตรมาส 2,สำนักงานสถิติแห่งชาติ,1516,ยอดรวม,ร้อยละ,ภาคเหนือ,2565
25-29,87.5,ไตรมาส 2,สำนักงานสถิติแห่งชาติ,1517,ยอดรวม,ร้อยละ,ภาคเหนือ,2565
30-34,86.4,ไตรมาส 2,สำนักงานสถิติแห่งชาติ,1518,ยอดรวม,ร้อยละ,ภาคเหนือ,2565
35-39,88.1,ไตรมาส 2,สำนักงานสถิติแห่งชาติ,1519,ยอดรวม,ร้อยละ,ภาคเหนือ,2565
40-49,88.5,ไตรมาส 2,สำนักงานสถิติแห่งชาติ,1520,ยอดรวม,ร้อยละ,ภาคเหนือ,2565
50-59,82.9,ไตรมาส 2,สำนักงานสถิติแห่งชาติ,1521,ยอดรวม,ร้อยละ,ภาคเหนือ,2565
60 ขึ้นไป,40.4,ไตรมาส 2,สำนักงานสถิติแห่งชาติ,1522,ยอดรวม,ร้อยละ,ภาคเหนือ,2565
ยอดรวม,74.0,ไตรมาส 2,สำนักงานสถิติแห่งชาติ,1523,ชาย,ร้อยละ,ภาคเหนือ,2565
15-19,18.5,ไตรมาส 2,สำนักงานสถิติแห่งชาติ,1524,ชาย,ร้อยละ,ภาคเหนือ,2565
20-24,68.9,ไตรมาส 2,สำนักงานสถิติแห่งชาติ,1525,ชาย,ร้อยละ,ภาคเหนือ,2565
25-29,93.7,ไตรมาส 2,สำนักงานสถิติแห่งชาติ,1526,ชาย,ร้อยละ,ภาคเหนือ,2565
30-34,94.4,ไตรมาส 2,สำนักงานสถิติแห่งชาติ,1527,ชาย,ร้อยละ,ภาคเหนือ,2565
35-39,94.8,ไตรมาส 2,สำนักงานสถิติแห่งชาติ,1528,ชาย,ร้อยละ,ภาคเหนือ,2565
40-49,94.3,ไตรมาส 2,สำนักงานสถิติแห่งชาติ,1529,ชาย,ร้อยละ,ภาคเหนือ,2565
50-59,91.6,ไตรมาส 2,สำนักงานสถิติแห่งชาติ,1530,ชาย,ร้อยละ,ภาคเหนือ,2565
60 ขึ้นไป,50.8,ไตรมาส 2,สำนักงานสถิติแห่งชาติ,1531,ชาย,ร้อยละ,ภาคเหนือ,2565
ยอดรวม,57.3,ไตรมาส 2,สำนักงานสถิติแห่งชาติ,1532,หญิง,ร้อยละ,ภาคเหนือ,2565
15-19,9.7,ไตรมาส 2,สำนักงานสถิติแห่งชาติ,1533,หญิง,ร้อยละ,ภาคเหนือ,2565
20-24,48.9,ไตรมาส 2,สำนักงานสถิติแห่งชาติ,1534,หญิง,ร้อยละ,ภาคเหนือ,2565
25-29,81.3,ไตรมาส 2,สำนักงานสถิติแห่งชาติ,1535,หญิง,ร้อยละ,ภาคเหนือ,2565
30-34,78.0,ไตรมาส 2,สำนักงานสถิติแห่งชาติ,1536,หญิง,ร้อยละ,ภาคเหนือ,2565
35-39,81.1,ไตรมาส 2,สำนักงานสถิติแห่งชาติ,1537,หญิง,ร้อยละ,ภาคเหนือ,2565
40-49,83.0,ไตรมาส 2,สำนักงานสถิติแห่งชาติ,1538,หญิง,ร้อยละ,ภาคเหนือ,2565
50-59,75.3,ไตรมาส 2,สำนักงานสถิติแห่งชาติ,1539,หญิง,ร้อยละ,ภาคเหนือ,2565
60 ขึ้นไป,32.6,ไตรมาส 2,สำนักงานสถิติแห่งชาติ,1540,หญิง,ร้อยละ,ภาคเหนือ,2565
ยอดรวม,63.4,ไตรมาส 2,สำนักงานสถิติแห่งชาติ,1541,ยอดรวม,ร้อยละ,ภาคตะวันออกเฉียงเหนือ,2565
15-19,12.0,ไตรมาส 2,สำนักงานสถิติแห่งชาติ,1542,ยอดรวม,ร้อยละ,ภาคตะวันออกเฉียงเหนือ,2565
20-24,58.6,ไตรมาส 2,สำนักงานสถิติแห่งชาติ,1543,ยอดรวม,ร้อยละ,ภาคตะวันออกเฉียงเหนือ,2565
25-29,82.7,ไตรมาส 2,สำนักงานสถิติแห่งชาติ,1544,ยอดรวม,ร้อยละ,ภาคตะวันออกเฉียงเหนือ,2565
30-34,84.5,ไตรมาส 2,สำนักงานสถิติแห่งชาติ,1545,ยอดรวม,ร้อยละ,ภาคตะวันออกเฉียงเหนือ,2565
35-39,88.0,ไตรมาส 2,สำนักงานสถิติแห่งชาติ,1546,ยอดรวม,ร้อยละ,ภาคตะวันออกเฉียงเหนือ,2565
40-49,86.6,ไตรมาส 2,สำนักงานสถิติแห่งชาติ,1547,ยอดรวม,ร้อยละ,ภาคตะวันออกเฉียงเหนือ,2565
50-59,84.1,ไตรมาส 2,สำนักงานสถิติแห่งชาติ,1548,ยอดรวม,ร้อยละ,ภาคตะวันออกเฉียงเหนือ,2565
60 ขึ้นไป,39.2,ไตรมาส 2,สำนักงานสถิติแห่งชาติ,1549,ยอดรวม,ร้อยละ,ภาคตะวันออกเฉียงเหนือ,2565
ยอดรวม,73.0,ไตรมาส 2,สำนักงานสถิติแห่งชาติ,1550,ชาย,ร้อยละ,ภาคตะวันออกเฉียงเหนือ,2565
15-19,18.4,ไตรมาส 2,สำนักงานสถิติแห่งชาติ,1551,ชาย,ร้อยละ,ภาคตะวันออกเฉียงเหนือ,2565
20-24,68.0,ไตรมาส 2,สำนักงานสถิติแห่งชาติ,1552,ชาย,ร้อยละ,ภาคตะวันออกเฉียงเหนือ,2565
25-29,90.0,ไตรมาส 2,สำนักงานสถิติแห่งชาติ,1553,ชาย,ร้อยละ,ภาคตะวันออกเฉียงเหนือ,2565
30-34,90.2,ไตรมาส 2,สำนักงานสถิติแห่งชาติ,1554,ชาย,ร้อยละ,ภาคตะวันออกเฉียงเหนือ,2565
35-39,92.4,ไตรมาส 2,สำนักงานสถิติแห่งชาติ,1555,ชาย,ร้อยละ,ภาคตะวันออกเฉียงเหนือ,2565
40-49,93.4,ไตรมาส 2,สำนักงานสถิติแห่งชาติ,1556,ชาย,ร้อยละ,ภาคตะวันออกเฉียงเหนือ,2565
50-59,93.9,ไตรมาส 2,สำนักงานสถิติแห่งชาติ,1557,ชาย,ร้อยละ,ภาคตะวันออกเฉียงเหนือ,2565
60 ขึ้นไป,52.8,ไตรมาส 2,สำนักงานสถิติแห่งชาติ,1558,ชาย,ร้อยละ,ภาคตะวันออกเฉียงเหนือ,2565
ยอดรวม,54.8,ไตรมาส 2,สำนักงานสถิติแห่งชาติ,1559,หญิง,ร้อยละ,ภาคตะวันออกเฉียงเหนือ,2565
15-19,5.3,ไตรมาส 2,สำนักงานสถิติแห่งชาติ,1560,หญิง,ร้อยละ,ภาคตะวันออกเฉียงเหนือ,2565
20-24,49.0,ไตรมาส 2,สำนักงานสถิติแห่งชาติ,1561,หญิง,ร้อยละ,ภาคตะวันออกเฉียงเหนือ,2565
25-29,75.6,ไตรมาส 2,สำนักงานสถิติแห่งชาติ,1562,หญิง,ร้อยละ,ภาคตะวันออกเฉียงเหนือ,2565
30-34,78.8,ไตรมาส 2,สำนักงานสถิติแห่งชาติ,1563,หญิง,ร้อยละ,ภาคตะวันออกเฉียงเหนือ,2565
35-39,83.4,ไตรมาส 2,สำนักงานสถิติแห่งชาติ,1564,หญิง,ร้อยละ,ภาคตะวันออกเฉียงเหนือ,2565
40-49,80.2,ไตรมาส 2,สำนักงานสถิติแห่งชาติ,1565,หญิง,ร้อยละ,ภาคตะวันออกเฉียงเหนือ,2565
50-59,75.3,ไตรมาส 2,สำนักงานสถิติแห่งชาติ,1566,หญิง,ร้อยละ,ภาคตะวันออกเฉียงเหนือ,2565
60 ขึ้นไป,29.0,ไตรมาส 2,สำนักงานสถิติแห่งชาติ,1567,หญิง,ร้อยละ,ภาคตะวันออกเฉียงเหนือ,2565
ยอดรวม,69.3,ไตรมาส 2,สำนักงานสถิติแห่งชาติ,1568,ยอดรวม,ร้อยละ,ภาคใต้,2565
15-19,15.5,ไตรมาส 2,สำนักงานสถิติแห่งชาติ,1569,ยอดรวม,ร้อยละ,ภาคใต้,2565
20-24,60.1,ไตรมาส 2,สำนักงานสถิติแห่งชาติ,1570,ยอดรวม,ร้อยละ,ภาคใต้,2565
25-29,85.8,ไตรมาส 2,สำนักงานสถิติแห่งชาติ,1571,ยอดรวม,ร้อยละ,ภาคใต้,2565
30-34,88.1,ไตรมาส 2,สำนักงานสถิติแห่งชาติ,1572,ยอดรวม,ร้อยละ,ภาคใต้,2565
35-39,89.2,ไตรมาส 2,สำนักงานสถิติแห่งชาติ,1573,ยอดรวม,ร้อยละ,ภาคใต้,2565
40-49,89.2,ไตรมาส 2,สำนักงานสถิติแห่งชาติ,1574,ยอดรวม,ร้อยละ,ภาคใต้,2565
50-59,86.1,ไตรมาส 2,สำนักงานสถิติแห่งชาติ,1575,ยอดรวม,ร้อยละ,ภาคใต้,2565
60 ขึ้นไป,39.7,ไตรมาส 2,สำนักงานสถิติแห่งชาติ,1576,ยอดรวม,ร้อยละ,ภาคใต้,2565
ยอดรวม,79.0,ไตรมาส 2,สำนักงานสถิติแห่งชาติ,1577,ชาย,ร้อยละ,ภาคใต้,2565
15-19,20.8,ไตรมาส 2,สำนักงานสถิติแห่งชาติ,1578,ชาย,ร้อยละ,ภาคใต้,2565
20-24,74.1,ไตรมาส 2,สำนักงานสถิติแห่งชาติ,1579,ชาย,ร้อยละ,ภาคใต้,2565
25-29,95.4,ไตรมาส 2,สำนักงานสถิติแห่งชาติ,1580,ชาย,ร้อยละ,ภาคใต้,2565
30-34,96.0,ไตรมาส 2,สำนักงานสถิติแห่งชาติ,1581,ชาย,ร้อยละ,ภาคใต้,2565
35-39,97.4,ไตรมาส 2,สำนักงานสถิติแห่งชาติ,1582,ชาย,ร้อยละ,ภาคใต้,2565
40-49,96.5,ไตรมาส 2,สำนักงานสถิติแห่งชาติ,1583,ชาย,ร้อยละ,ภาคใต้,2565
50-59,94.7,ไตรมาส 2,สำนักงานสถิติแห่งชาติ,1584,ชาย,ร้อยละ,ภาคใต้,2565
60 ขึ้นไป,50.8,ไตรมาส 2,สำนักงานสถิติแห่งชาติ,1585,ชาย,ร้อยละ,ภาคใต้,2565
ยอดรวม,60.2,ไตรมาส 2,สำนักงานสถิติแห่งชาติ,1586,หญิง,ร้อยละ,ภาคใต้,2565
15-19,10.0,ไตรมาส 2,สำนักงานสถิติแห่งชาติ,1587,หญิง,ร้อยละ,ภาคใต้,2565
20-24,46.0,ไตรมาส 2,สำนักงานสถิติแห่งชาติ,1588,หญิง,ร้อยละ,ภาคใต้,2565
25-29,76.1,ไตรมาส 2,สำนักงานสถิติแห่งชาติ,1589,หญิง,ร้อยละ,ภาคใต้,2565
30-34,80.1,ไตรมาส 2,สำนักงานสถิติแห่งชาติ,1590,หญิง,ร้อยละ,ภาคใต้,2565
35-39,80.9,ไตรมาส 2,สำนักงานสถิติแห่งชาติ,1591,หญิง,ร้อยละ,ภาคใต้,2565
40-49,82.2,ไตรมาส 2,สำนักงานสถิติแห่งชาติ,1592,หญิง,ร้อยละ,ภาคใต้,2565
50-59,78.0,ไตรมาส 2,สำนักงานสถิติแห่งชาติ,1593,หญิง,ร้อยละ,ภาคใต้,2565
60 ขึ้นไป,31.6,ไตรมาส 2,สำนักงานสถิติแห่งชาติ,1594,หญิง,ร้อยละ,ภาคใต้,2565
ยอดรวม,68.3,ไตรมาส 3,สำนักงานสถิติแห่งชาติ,1595,ยอดรวม,ร้อยละ,ทั่วราชอาณาจักร,2565
15-19,13.5,ไตรมาส 3,สำนักงานสถิติแห่งชาติ,1596,ยอดรวม,ร้อยละ,ทั่วราชอาณาจักร,2565
20-24,64.9,ไตรมาส 3,สำนักงานสถิติแห่งชาติ,1597,ยอดรวม,ร้อยละ,ทั่วราชอาณาจักร,2565
25-29,87.3,ไตรมาส 3,สำนักงานสถิติแห่งชาติ,1598,ยอดรวม,ร้อยละ,ทั่วราชอาณาจักร,2565
30-34,89.5,ไตรมาส 3,สำนักงานสถิติแห่งชาติ,1599,ยอดรวม,ร้อยละ,ทั่วราชอาณาจักร,2565
35-39,90.2,ไตรมาส 3,สำนักงานสถิติแห่งชาติ,1600,ยอดรวม,ร้อยละ,ทั่วราชอาณาจักร,2565
40-49,89.4,ไตรมาส 3,สำนักงานสถิติแห่งชาติ,1601,ยอดรวม,ร้อยละ,ทั่วราชอาณาจักร,2565
50-59,82.2,ไตรมาส 3,สำนักงานสถิติแห่งชาติ,1602,ยอดรวม,ร้อยละ,ทั่วราชอาณาจักร,2565
60 ขึ้นไป,36.2,ไตรมาส 3,สำนักงานสถิติแห่งชาติ,1603,ยอดรวม,ร้อยละ,ทั่วราชอาณาจักร,2565
ยอดรวม,76.7,ไตรมาส 3,สำนักงานสถิติแห่งชาติ,1604,ชาย,ร้อยละ,ทั่วราชอาณาจักร,2565
15-19,18.3,ไตรมาส 3,สำนักงานสถิติแห่งชาติ,1605,ชาย,ร้อยละ,ทั่วราชอาณาจักร,2565
20-24,72.1,ไตรมาส 3,สำนักงานสถิติแห่งชาติ,1606,ชาย,ร้อยละ,ทั่วราชอาณาจักร,2565
25-29,92.7,ไตรมาส 3,สำนักงานสถิติแห่งชาติ,1607,ชาย,ร้อยละ,ทั่วราชอาณาจักร,2565
30-34,95.4,ไตรมาส 3,สำนักงานสถิติแห่งชาติ,1608,ชาย,ร้อยละ,ทั่วราชอาณาจักร,2565
35-39,95.7,ไตรมาส 3,สำนักงานสถิติแห่งชาติ,1609,ชาย,ร้อยละ,ทั่วราชอาณาจักร,2565
40-49,95.4,ไตรมาส 3,สำนักงานสถิติแห่งชาติ,1610,ชาย,ร้อยละ,ทั่วราชอาณาจักร,2565
50-59,92.0,ไตรมาส 3,สำนักงานสถิติแห่งชาติ,1611,ชาย,ร้อยละ,ทั่วราชอาณาจักร,2565
60 ขึ้นไป,46.6,ไตรมาส 3,สำนักงานสถิติแห่งชาติ,1612,ชาย,ร้อยละ,ทั่วราชอาณาจักร,2565
ยอดรวม,60.7,ไตรมาส 3,สำนักงานสถิติแห่งชาติ,1613,หญิง,ร้อยละ,ทั่วราชอาณาจักร,2565
15-19,8.6,ไตรมาส 3,สำนักงานสถิติแห่งชาติ,1614,หญิง,ร้อยละ,ทั่วราชอาณาจักร,2565
20-24,57.7,ไตรมาส 3,สำนักงานสถิติแห่งชาติ,1615,หญิง,ร้อยละ,ทั่วราชอาณาจักร,2565
25-29,82.0,ไตรมาส 3,สำนักงานสถิติแห่งชาติ,1616,หญิง,ร้อยละ,ทั่วราชอาณาจักร,2565
30-34,83.5,ไตรมาส 3,สำนักงานสถิติแห่งชาติ,1617,หญิง,ร้อยละ,ทั่วราชอาณาจักร,2565
35-39,84.8,ไตรมาส 3,สำนักงานสถิติแห่งชาติ,1618,หญิง,ร้อยละ,ทั่วราชอาณาจักร,2565
40-49,83.6,ไตรมาส 3,สำนักงานสถิติแห่งชาติ,1619,หญิง,ร้อยละ,ทั่วราชอาณาจักร,2565
50-59,73.3,ไตรมาส 3,สำนักงานสถิติแห่งชาติ,1620,หญิง,ร้อยละ,ทั่วราชอาณาจักร,2565
60 ขึ้นไป,28.6,ไตรมาส 3,สำนักงานสถิติแห่งชาติ,1621,หญิง,ร้อยละ,ทั่วราชอาณาจักร,2565
ยอดรวม,72.5,ไตรมาส 3,สำนักงานสถิติแห่งชาติ,1622,ยอดรวม,ร้อยละ,กรุงเทพมหานคร,2565
15-19,12.1,ไตรมาส 3,สำนักงานสถิติแห่งชาติ,1623,ยอดรวม,ร้อยละ,กรุงเทพมหานคร,2565
20-24,64.6,ไตรมาส 3,สำนักงานสถิติแห่งชาติ,1624,ยอดรวม,ร้อยละ,กรุงเทพมหานคร,2565
25-29,90.2,ไตรมาส 3,สำนักงานสถิติแห่งชาติ,1625,ยอดรวม,ร้อยละ,กรุงเทพมหานคร,2565
30-34,92.4,ไตรมาส 3,สำนักงานสถิติแห่งชาติ,1626,ยอดรวม,ร้อยละ,กรุงเทพมหานคร,2565
35-39,92.1,ไตรมาส 3,สำนักงานสถิติแห่งชาติ,1627,ยอดรวม,ร้อยละ,กรุงเทพมหานคร,2565
40-49,91.8,ไตรมาส 3,สำนักงานสถิติแห่งชาติ,1628,ยอดรวม,ร้อยละ,กรุงเทพมหานคร,2565
50-59,77.6,ไตรมาส 3,สำนักงานสถิติแห่งชาติ,1629,ยอดรวม,ร้อยละ,กรุงเทพมหานคร,2565
60 ขึ้นไป,25.3,ไตรมาส 3,สำนักงานสถิติแห่งชาติ,1630,ยอดรวม,ร้อยละ,กรุงเทพมหานคร,2565
ยอดรวม,78.2,ไตรมาส 3,สำนักงานสถิติแห่งชาติ,1631,ชาย,ร้อยละ,กรุงเทพมหานคร,2565
15-19,15.2,ไตรมาส 3,สำนักงานสถิติแห่งชาติ,1632,ชาย,ร้อยละ,กรุงเทพมหานคร,2565
20-24,65.3,ไตรมาส 3,สำนักงานสถิติแห่งชาติ,1633,ชาย,ร้อยละ,กรุงเทพมหานคร,2565
25-29,89.8,ไตรมาส 3,สำนักงานสถิติแห่งชาติ,1634,ชาย,ร้อยละ,กรุงเทพมหานคร,2565
30-34,94.7,ไตรมาส 3,สำนักงานสถิติแห่งชาติ,1635,ชาย,ร้อยละ,กรุงเทพมหานคร,2565
35-39,96.1,ไตรมาส 3,สำนักงานสถิติแห่งชาติ,1636,ชาย,ร้อยละ,กรุงเทพมหานคร,2565
40-49,95.3,ไตรมาส 3,สำนักงานสถิติแห่งชาติ,1637,ชาย,ร้อยละ,กรุงเทพมหานคร,2565
50-59,87.5,ไตรมาส 3,สำนักงานสถิติแห่งชาติ,1638,ชาย,ร้อยละ,กรุงเทพมหานคร,2565
60 ขึ้นไป,31.3,ไตรมาส 3,สำนักงานสถิติแห่งชาติ,1639,ชาย,ร้อยละ,กรุงเทพมหานคร,2565
ยอดรวม,67.4,ไตรมาส 3,สำนักงานสถิติแห่งชาติ,1640,หญิง,ร้อยละ,กรุงเทพมหานคร,2565
15-19,9.1,ไตรมาส 3,สำนักงานสถิติแห่งชาติ,1641,หญิง,ร้อยละ,กรุงเทพมหานคร,2565
20-24,63.9,ไตรมาส 3,สำนักงานสถิติแห่งชาติ,1642,หญิง,ร้อยละ,กรุงเทพมหานคร,2565
25-29,90.7,ไตรมาส 3,สำนักงานสถิติแห่งชาติ,1643,หญิง,ร้อยละ,กรุงเทพมหานคร,2565
30-34,90.2,ไตรมาส 3,สำนักงานสถิติแห่งชาติ,1644,หญิง,ร้อยละ,กรุงเทพมหานคร,2565
35-39,88.5,ไตรมาส 3,สำนักงานสถิติแห่งชาติ,1645,หญิง,ร้อยละ,กรุงเทพมหานคร,2565
40-49,88.4,ไตรมาส 3,สำนักงานสถิติแห่งชาติ,1646,หญิง,ร้อยละ,กรุงเทพมหานคร,2565
50-59,68.3,ไตรมาส 3,สำนักงานสถิติแห่งชาติ,1647,หญิง,ร้อยละ,กรุงเทพมหานคร,2565
60 ขึ้นไป,21.1,ไตรมาส 3,สำนักงานสถิติแห่งชาติ,1648,หญิง,ร้อยละ,กรุงเทพมหานคร,2565
ยอดรวม,70.1,ไตรมาส 3,สำนักงานสถิติแห่งชาติ,1649,ยอดรวม,ร้อยละ,ภาคกลาง,2565
15-19,14.3,ไตรมาส 3,สำนักงานสถิติแห่งชาติ,1650,ยอดรวม,ร้อยละ,ภาคกลาง,2565
20-24,66.8,ไตรมาส 3,สำนักงานสถิติแห่งชาติ,1651,ยอดรวม,ร้อยละ,ภาคกลาง,2565
25-29,89.5,ไตรมาส 3,สำนักงานสถิติแห่งชาติ,1652,ยอดรวม,ร้อยละ,ภาคกลาง,2565
30-34,91.4,ไตรมาส 3,สำนักงานสถิติแห่งชาติ,1653,ยอดรวม,ร้อยละ,ภาคกลาง,2565
35-39,90.2,ไตรมาส 3,สำนักงานสถิติแห่งชาติ,1654,ยอดรวม,ร้อยละ,ภาคกลาง,2565
40-49,88.4,ไตรมาส 3,สำนักงานสถิติแห่งชาติ,1655,ยอดรวม,ร้อยละ,ภาคกลาง,2565
50-59,79.5,ไตรมาส 3,สำนักงานสถิติแห่งชาติ,1656,ยอดรวม,ร้อยละ,ภาคกลาง,2565
60 ขึ้นไป,31.1,ไตรมาส 3,สำนักงานสถิติแห่งชาติ,1657,ยอดรวม,ร้อยละ,ภาคกลาง,2565
ยอดรวม,78.5,ไตรมาส 3,สำนักงานสถิติแห่งชาติ,1658,ชาย,ร้อยละ,ภาคกลาง,2565
15-19,19.2,ไตรมาส 3,สำนักงานสถิติแห่งชาติ,1659,ชาย,ร้อยละ,ภาคกลาง,2565
20-24,71.6,ไตรมาส 3,สำนักงานสถิติแห่งชาติ,1660,ชาย,ร้อยละ,ภาคกลาง,2565
25-29,94.1,ไตรมาส 3,สำนักงานสถิติแห่งชาติ,1661,ชาย,ร้อยละ,ภาคกลาง,2565
30-34,97.2,ไตรมาส 3,สำนักงานสถิติแห่งชาติ,1662,ชาย,ร้อยละ,ภาคกลาง,2565
35-39,96.6,ไตรมาส 3,สำนักงานสถิติแห่งชาติ,1663,ชาย,ร้อยละ,ภาคกลาง,2565
40-49,95.7,ไตรมาส 3,สำนักงานสถิติแห่งชาติ,1664,ชาย,ร้อยละ,ภาคกลาง,2565
50-59,90.1,ไตรมาส 3,สำนักงานสถิติแห่งชาติ,1665,ชาย,ร้อยละ,ภาคกลาง,2565
60 ขึ้นไป,39.3,ไตรมาส 3,สำนักงานสถิติแห่งชาติ,1666,ชาย,ร้อยละ,ภาคกลาง,2565
ยอดรวม,62.4,ไตรมาส 3,สำนักงานสถิติแห่งชาติ,1667,หญิง,ร้อยละ,ภาคกลาง,2565
15-19,9.4,ไตรมาส 3,สำนักงานสถิติแห่งชาติ,1668,หญิง,ร้อยละ,ภาคกลาง,2565
20-24,62.1,ไตรมาส 3,สำนักงานสถิติแห่งชาติ,1669,หญิง,ร้อยละ,ภาคกลาง,2565
25-29,84.9,ไตรมาส 3,สำนักงานสถิติแห่งชาติ,1670,หญิง,ร้อยละ,ภาคกลาง,2565
30-34,85.4,ไตรมาส 3,สำนักงานสถิติแห่งชาติ,1671,หญิง,ร้อยละ,ภาคกลาง,2565
35-39,83.8,ไตรมาส 3,สำนักงานสถิติแห่งชาติ,1672,หญิง,ร้อยละ,ภาคกลาง,2565
40-49,81.2,ไตรมาส 3,สำนักงานสถิติแห่งชาติ,1673,หญิง,ร้อยละ,ภาคกลาง,2565
50-59,69.8,ไตรมาส 3,สำนักงานสถิติแห่งชาติ,1674,หญิง,ร้อยละ,ภาคกลาง,2565
60 ขึ้นไป,25.3,ไตรมาส 3,สำนักงานสถิติแห่งชาติ,1675,หญิง,ร้อยละ,ภาคกลาง,2565
ยอดรวม,66.1,ไตรมาส 3,สำนักงานสถิติแห่งชาติ,1676,ยอดรวม,ร้อยละ,ภาคเหนือ,2565
15-19,13.9,ไตรมาส 3,สำนักงานสถิติแห่งชาติ,1677,ยอดรวม,ร้อยละ,ภาคเหนือ,2565
20-24,66.0,ไตรมาส 3,สำนักงานสถิติแห่งชาติ,1678,ยอดรวม,ร้อยละ,ภาคเหนือ,2565
25-29,86.5,ไตรมาส 3,สำนักงานสถิติแห่งชาติ,1679,ยอดรวม,ร้อยละ,ภาคเหนือ,2565
30-34,89.6,ไตรมาส 3,สำนักงานสถิติแห่งชาติ,1680,ยอดรวม,ร้อยละ,ภาคเหนือ,2565
35-39,88.8,ไตรมาส 3,สำนักงานสถิติแห่งชาติ,1681,ยอดรวม,ร้อยละ,ภาคเหนือ,2565
40-49,89.2,ไตรมาส 3,สำนักงานสถิติแห่งชาติ,1682,ยอดรวม,ร้อยละ,ภาคเหนือ,2565
50-59,83.7,ไตรมาส 3,สำนักงานสถิติแห่งชาติ,1683,ยอดรวม,ร้อยละ,ภาคเหนือ,2565
60 ขึ้นไป,40.5,ไตรมาส 3,สำนักงานสถิติแห่งชาติ,1684,ยอดรวม,ร้อยละ,ภาคเหนือ,2565
ยอดรวม,74.7,ไตรมาส 3,สำนักงานสถิติแห่งชาติ,1685,ชาย,ร้อยละ,ภาคเหนือ,2565
15-19,17.8,ไตรมาส 3,สำนักงานสถิติแห่งชาติ,1686,ชาย,ร้อยละ,ภาคเหนือ,2565
20-24,74.0,ไตรมาส 3,สำนักงานสถิติแห่งชาติ,1687,ชาย,ร้อยละ,ภาคเหนือ,2565
25-29,93.1,ไตรมาส 3,สำนักงานสถิติแห่งชาติ,1688,ชาย,ร้อยละ,ภาคเหนือ,2565
30-34,96.4,ไตรมาส 3,สำนักงานสถิติแห่งชาติ,1689,ชาย,ร้อยละ,ภาคเหนือ,2565
35-39,95.2,ไตรมาส 3,สำนักงานสถิติแห่งชาติ,1690,ชาย,ร้อยละ,ภาคเหนือ,2565
40-49,94.9,ไตรมาส 3,สำนักงานสถิติแห่งชาติ,1691,ชาย,ร้อยละ,ภาคเหนือ,2565
50-59,92.2,ไตรมาส 3,สำนักงานสถิติแห่งชาติ,1692,ชาย,ร้อยละ,ภาคเหนือ,2565
60 ขึ้นไป,51.0,ไตรมาส 3,สำนักงานสถิติแห่งชาติ,1693,ชาย,ร้อยละ,ภาคเหนือ,2565
ยอดรวม,58.3,ไตรมาส 3,สำนักงานสถิติแห่งชาติ,1694,หญิง,ร้อยละ,ภาคเหนือ,2565
15-19,9.7,ไตรมาส 3,สำนักงานสถิติแห่งชาติ,1695,หญิง,ร้อยละ,ภาคเหนือ,2565
20-24,57.9,ไตรมาส 3,สำนักงานสถิติแห่งชาติ,1696,หญิง,ร้อยละ,ภาคเหนือ,2565
25-29,79.9,ไตรมาส 3,สำนักงานสถิติแห่งชาติ,1697,หญิง,ร้อยละ,ภาคเหนือ,2565
30-34,82.4,ไตรมาส 3,สำนักงานสถิติแห่งชาติ,1698,หญิง,ร้อยละ,ภาคเหนือ,2565
35-39,82.1,ไตรมาส 3,สำนักงานสถิติแห่งชาติ,1699,หญิง,ร้อยละ,ภาคเหนือ,2565
40-49,83.7,ไตรมาส 3,สำนักงานสถิติแห่งชาติ,1700,หญิง,ร้อยละ,ภาคเหนือ,2565
50-59,76.1,ไตรมาส 3,สำนักงานสถิติแห่งชาติ,1701,หญิง,ร้อยละ,ภาคเหนือ,2565
60 ขึ้นไป,32.6,ไตรมาส 3,สำนักงานสถิติแห่งชาติ,1702,หญิง,ร้อยละ,ภาคเหนือ,2565
ยอดรวม,65.2,ไตรมาส 3,สำนักงานสถิติแห่งชาติ,1703,ยอดรวม,ร้อยละ,ภาคตะวันออกเฉียงเหนือ,2565
15-19,12.5,ไตรมาส 3,สำนักงานสถิติแห่งชาติ,1704,ยอดรวม,ร้อยละ,ภาคตะวันออกเฉียงเหนือ,2565
20-24,63.8,ไตรมาส 3,สำนักงานสถิติแห่งชาติ,1705,ยอดรวม,ร้อยละ,ภาคตะวันออกเฉียงเหนือ,2565
25-29,83.9,ไตรมาส 3,สำนักงานสถิติแห่งชาติ,1706,ยอดรวม,ร้อยละ,ภาคตะวันออกเฉียงเหนือ,2565
30-34,84.7,ไตรมาส 3,สำนักงานสถิติแห่งชาติ,1707,ยอดรวม,ร้อยละ,ภาคตะวันออกเฉียงเหนือ,2565
35-39,90.1,ไตรมาส 3,สำนักงานสถิติแห่งชาติ,1708,ยอดรวม,ร้อยละ,ภาคตะวันออกเฉียงเหนือ,2565
40-49,89.7,ไตรมาส 3,สำนักงานสถิติแห่งชาติ,1709,ยอดรวม,ร้อยละ,ภาคตะวันออกเฉียงเหนือ,2565
50-59,85.1,ไตรมาส 3,สำนักงานสถิติแห่งชาติ,1710,ยอดรวม,ร้อยละ,ภาคตะวันออกเฉียงเหนือ,2565
60 ขึ้นไป,40.8,ไตรมาส 3,สำนักงานสถิติแห่งชาติ,1711,ยอดรวม,ร้อยละ,ภาคตะวันออกเฉียงเหนือ,2565
ยอดรวม,74.3,ไตรมาส 3,สำนักงานสถิติแห่งชาติ,1712,ชาย,ร้อยละ,ภาคตะวันออกเฉียงเหนือ,2565
15-19,17.7,ไตรมาส 3,สำนักงานสถิติแห่งชาติ,1713,ชาย,ร้อยละ,ภาคตะวันออกเฉียงเหนือ,2565
20-24,74.0,ไตรมาส 3,สำนักงานสถิติแห่งชาติ,1714,ชาย,ร้อยละ,ภาคตะวันออกเฉียงเหนือ,2565
25-29,90.8,ไตรมาส 3,สำนักงานสถิติแห่งชาติ,1715,ชาย,ร้อยละ,ภาคตะวันออกเฉียงเหนือ,2565
30-34,91.2,ไตรมาส 3,สำนักงานสถิติแห่งชาติ,1716,ชาย,ร้อยละ,ภาคตะวันออกเฉียงเหนือ,2565
35-39,92.6,ไตรมาส 3,สำนักงานสถิติแห่งชาติ,1717,ชาย,ร้อยละ,ภาคตะวันออกเฉียงเหนือ,2565
40-49,94.5,ไตรมาส 3,สำนักงานสถิติแห่งชาติ,1718,ชาย,ร้อยละ,ภาคตะวันออกเฉียงเหนือ,2565
50-59,94.7,ไตรมาส 3,สำนักงานสถิติแห่งชาติ,1719,ชาย,ร้อยละ,ภาคตะวันออกเฉียงเหนือ,2565
60 ขึ้นไป,53.9,ไตรมาส 3,สำนักงานสถิติแห่งชาติ,1720,ชาย,ร้อยละ,ภาคตะวันออกเฉียงเหนือ,2565
ยอดรวม,57.1,ไตรมาส 3,สำนักงานสถิติแห่งชาติ,1721,หญิง,ร้อยละ,ภาคตะวันออกเฉียงเหนือ,2565
15-19,7.0,ไตรมาส 3,สำนักงานสถิติแห่งชาติ,1722,หญิง,ร้อยละ,ภาคตะวันออกเฉียงเหนือ,2565
20-24,53.3,ไตรมาส 3,สำนักงานสถิติแห่งชาติ,1723,หญิง,ร้อยละ,ภาคตะวันออกเฉียงเหนือ,2565
25-29,77.1,ไตรมาส 3,สำนักงานสถิติแห่งชาติ,1724,หญิง,ร้อยละ,ภาคตะวันออกเฉียงเหนือ,2565
30-34,78.2,ไตรมาส 3,สำนักงานสถิติแห่งชาติ,1725,หญิง,ร้อยละ,ภาคตะวันออกเฉียงเหนือ,2565
35-39,87.6,ไตรมาส 3,สำนักงานสถิติแห่งชาติ,1726,หญิง,ร้อยละ,ภาคตะวันออกเฉียงเหนือ,2565
40-49,85.2,ไตรมาส 3,สำนักงานสถิติแห่งชาติ,1727,หญิง,ร้อยละ,ภาคตะวันออกเฉียงเหนือ,2565
50-59,76.4,ไตรมาส 3,สำนักงานสถิติแห่งชาติ,1728,หญิง,ร้อยละ,ภาคตะวันออกเฉียงเหนือ,2565
60 ขึ้นไป,30.9,ไตรมาส 3,สำนักงานสถิติแห่งชาติ,1729,หญิง,ร้อยละ,ภาคตะวันออกเฉียงเหนือ,2565
ยอดรวม,68.6,ไตรมาส 3,สำนักงานสถิติแห่งชาติ,1730,ยอดรวม,ร้อยละ,ภาคใต้,2565
15-19,14.8,ไตรมาส 3,สำนักงานสถิติแห่งชาติ,1731,ยอดรวม,ร้อยละ,ภาคใต้,2565
20-24,61.9,ไตรมาส 3,สำนักงานสถิติแห่งชาติ,1732,ยอดรวม,ร้อยละ,ภาคใต้,2565
25-29,85.6,ไตรมาส 3,สำนักงานสถิติแห่งชาติ,1733,ยอดรวม,ร้อยละ,ภาคใต้,2565
30-34,86.6,ไตรมาส 3,สำนักงานสถิติแห่งชาติ,1734,ยอดรวม,ร้อยละ,ภาคใต้,2565
35-39,89.0,ไตรมาส 3,สำนักงานสถิติแห่งชาติ,1735,ยอดรวม,ร้อยละ,ภาคใต้,2565
40-49,88.8,ไตรมาส 3,สำนักงานสถิติแห่งชาติ,1736,ยอดรวม,ร้อยละ,ภาคใต้,2565
50-59,85.3,ไตรมาส 3,สำนักงานสถิติแห่งชาติ,1737,ยอดรวม,ร้อยละ,ภาคใต้,2565
60 ขึ้นไป,37.9,ไตรมาส 3,สำนักงานสถิติแห่งชาติ,1738,ยอดรวม,ร้อยละ,ภาคใต้,2565
ยอดรวม,78.3,ไตรมาส 3,สำนักงานสถิติแห่งชาติ,1739,ชาย,ร้อยละ,ภาคใต้,2565
15-19,20.4,ไตรมาส 3,สำนักงานสถิติแห่งชาติ,1740,ชาย,ร้อยละ,ภาคใต้,2565
20-24,72.1,ไตรมาส 3,สำนักงานสถิติแห่งชาติ,1741,ชาย,ร้อยละ,ภาคใต้,2565
25-29,94.5,ไตรมาส 3,สำนักงานสถิติแห่งชาติ,1742,ชาย,ร้อยละ,ภาคใต้,2565
30-34,95.7,ไตรมาส 3,สำนักงานสถิติแห่งชาติ,1743,ชาย,ร้อยละ,ภาคใต้,2565
35-39,96.9,ไตรมาส 3,สำนักงานสถิติแห่งชาติ,1744,ชาย,ร้อยละ,ภาคใต้,2565
40-49,96.6,ไตรมาส 3,สำนักงานสถิติแห่งชาติ,1745,ชาย,ร้อยละ,ภาคใต้,2565
50-59,95.1,ไตรมาส 3,สำนักงานสถิติแห่งชาติ,1746,ชาย,ร้อยละ,ภาคใต้,2565
60 ขึ้นไป,48.7,ไตรมาส 3,สำนักงานสถิติแห่งชาติ,1747,ชาย,ร้อยละ,ภาคใต้,2565
ยอดรวม,59.7,ไตรมาส 3,สำนักงานสถิติแห่งชาติ,1748,หญิง,ร้อยละ,ภาคใต้,2565
15-19,9.1,ไตรมาส 3,สำนักงานสถิติแห่งชาติ,1749,หญิง,ร้อยละ,ภาคใต้,2565
20-24,51.7,ไตรมาส 3,สำนักงานสถิติแห่งชาติ,1750,หญิง,ร้อยละ,ภาคใต้,2565
25-29,76.7,ไตรมาส 3,สำนักงานสถิติแห่งชาติ,1751,หญิง,ร้อยละ,ภาคใต้,2565
30-34,77.4,ไตรมาส 3,สำนักงานสถิติแห่งชาติ,1752,หญิง,ร้อยละ,ภาคใต้,2565
35-39,81.0,ไตรมาส 3,สำนักงานสถิติแห่งชาติ,1753,หญิง,ร้อยละ,ภาคใต้,2565
40-49,81.4,ไตรมาส 3,สำนักงานสถิติแห่งชาติ,1754,หญิง,ร้อยละ,ภาคใต้,2565
50-59,76.2,ไตรมาส 3,สำนักงานสถิติแห่งชาติ,1755,หญิง,ร้อยละ,ภาคใต้,2565
60 ขึ้นไป,30.0,ไตรมาส 3,สำนักงานสถิติแห่งชาติ,1756,หญิง,ร้อยละ,ภาคใต้,2565
ยอดรวม,68.3,ไตรมาส 4,สำนักงานสถิติแห่งชาติ,1757,ยอดรวม,ร้อยละ,ทั่วราชอาณาจักร,2565
15-19,13.8,ไตรมาส 4,สำนักงานสถิติแห่งชาติ,1758,ยอดรวม,ร้อยละ,ทั่วราชอาณาจักร,2565
20-24,64.7,ไตรมาส 4,สำนักงานสถิติแห่งชาติ,1759,ยอดรวม,ร้อยละ,ทั่วราชอาณาจักร,2565
25-29,87.4,ไตรมาส 4,สำนักงานสถิติแห่งชาติ,1760,ยอดรวม,ร้อยละ,ทั่วราชอาณาจักร,2565
30-34,89.9,ไตรมาส 4,สำนักงานสถิติแห่งชาติ,1761,ยอดรวม,ร้อยละ,ทั่วราชอาณาจักร,2565
35-39,90.1,ไตรมาส 4,สำนักงานสถิติแห่งชาติ,1762,ยอดรวม,ร้อยละ,ทั่วราชอาณาจักร,2565
40-49,88.9,ไตรมาส 4,สำนักงานสถิติแห่งชาติ,1763,ยอดรวม,ร้อยละ,ทั่วราชอาณาจักร,2565
50-59,82.1,ไตรมาส 4,สำนักงานสถิติแห่งชาติ,1764,ยอดรวม,ร้อยละ,ทั่วราชอาณาจักร,2565
60 ขึ้นไป,36.8,ไตรมาส 4,สำนักงานสถิติแห่งชาติ,1765,ยอดรวม,ร้อยละ,ทั่วราชอาณาจักร,2565
ยอดรวม,77.0,ไตรมาส 4,สำนักงานสถิติแห่งชาติ,1766,ชาย,ร้อยละ,ทั่วราชอาณาจักร,2565
15-19,18.8,ไตรมาส 4,สำนักงานสถิติแห่งชาติ,1767,ชาย,ร้อยละ,ทั่วราชอาณาจักร,2565
20-24,72.7,ไตรมาส 4,สำนักงานสถิติแห่งชาติ,1768,ชาย,ร้อยละ,ทั่วราชอาณาจักร,2565
25-29,93.9,ไตรมาส 4,สำนักงานสถิติแห่งชาติ,1769,ชาย,ร้อยละ,ทั่วราชอาณาจักร,2565
30-34,95.6,ไตรมาส 4,สำนักงานสถิติแห่งชาติ,1770,ชาย,ร้อยละ,ทั่วราชอาณาจักร,2565
35-39,96.2,ไตรมาส 4,สำนักงานสถิติแห่งชาติ,1771,ชาย,ร้อยละ,ทั่วราชอาณาจักร,2565
40-49,95.1,ไตรมาส 4,สำนักงานสถิติแห่งชาติ,1772,ชาย,ร้อยละ,ทั่วราชอาณาจักร,2565
50-59,91.9,ไตรมาส 4,สำนักงานสถิติแห่งชาติ,1773,ชาย,ร้อยละ,ทั่วราชอาณาจักร,2565
60 ขึ้นไป,47.1,ไตรมาส 4,สำนักงานสถิติแห่งชาติ,1774,ชาย,ร้อยละ,ทั่วราชอาณาจักร,2565
ยอดรวม,60.5,ไตรมาส 4,สำนักงานสถิติแห่งชาติ,1775,หญิง,ร้อยละ,ทั่วราชอาณาจักร,2565
15-19,8.7,ไตรมาส 4,สำนักงานสถิติแห่งชาติ,1776,หญิง,ร้อยละ,ทั่วราชอาณาจักร,2565
20-24,56.8,ไตรมาส 4,สำนักงานสถิติแห่งชาติ,1777,หญิง,ร้อยละ,ทั่วราชอาณาจักร,2565
25-29,81.0,ไตรมาส 4,สำนักงานสถิติแห่งชาติ,1778,หญิง,ร้อยละ,ทั่วราชอาณาจักร,2565
30-34,84.3,ไตรมาส 4,สำนักงานสถิติแห่งชาติ,1779,หญิง,ร้อยละ,ทั่วราชอาณาจักร,2565
35-39,84.2,ไตรมาส 4,สำนักงานสถิติแห่งชาติ,1780,หญิง,ร้อยละ,ทั่วราชอาณาจักร,2565
40-49,83.0,ไตรมาส 4,สำนักงานสถิติแห่งชาติ,1781,หญิง,ร้อยละ,ทั่วราชอาณาจักร,2565
50-59,73.2,ไตรมาส 4,สำนักงานสถิติแห่งชาติ,1782,หญิง,ร้อยละ,ทั่วราชอาณาจักร,2565
60 ขึ้นไป,29.3,ไตรมาส 4,สำนักงานสถิติแห่งชาติ,1783,หญิง,ร้อยละ,ทั่วราชอาณาจักร,2565
ยอดรวม,73.3,ไตรมาส 4,สำนักงานสถิติแห่งชาติ,1784,ยอดรวม,ร้อยละ,กรุงเทพมหานคร,2565
15-19,11.9,ไตรมาส 4,สำนักงานสถิติแห่งชาติ,1785,ยอดรวม,ร้อยละ,กรุงเทพมหานคร,2565
20-24,61.4,ไตรมาส 4,สำนักงานสถิติแห่งชาติ,1786,ยอดรวม,ร้อยละ,กรุงเทพมหานคร,2565
25-29,91.4,ไตรมาส 4,สำนักงานสถิติแห่งชาติ,1787,ยอดรวม,ร้อยละ,กรุงเทพมหานคร,2565
30-34,94.3,ไตรมาส 4,สำนักงานสถิติแห่งชาติ,1788,ยอดรวม,ร้อยละ,กรุงเทพมหานคร,2565
35-39,91.8,ไตรมาส 4,สำนักงานสถิติแห่งชาติ,1789,ยอดรวม,ร้อยละ,กรุงเทพมหานคร,2565
40-49,91.8,ไตรมาส 4,สำนักงานสถิติแห่งชาติ,1790,ยอดรวม,ร้อยละ,กรุงเทพมหานคร,2565
50-59,79.7,ไตรมาส 4,สำนักงานสถิติแห่งชาติ,1791,ยอดรวม,ร้อยละ,กรุงเทพมหานคร,2565
60 ขึ้นไป,27.7,ไตรมาส 4,สำนักงานสถิติแห่งชาติ,1792,ยอดรวม,ร้อยละ,กรุงเทพมหานคร,2565
ยอดรวม,79.2,ไตรมาส 4,สำนักงานสถิติแห่งชาติ,1793,ชาย,ร้อยละ,กรุงเทพมหานคร,2565
15-19,14.4,ไตรมาส 4,สำนักงานสถิติแห่งชาติ,1794,ชาย,ร้อยละ,กรุงเทพมหานคร,2565
20-24,58.7,ไตรมาส 4,สำนักงานสถิติแห่งชาติ,1795,ชาย,ร้อยละ,กรุงเทพมหานคร,2565
25-29,91.8,ไตรมาส 4,สำนักงานสถิติแห่งชาติ,1796,ชาย,ร้อยละ,กรุงเทพมหานคร,2565
30-34,96.2,ไตรมาส 4,สำนักงานสถิติแห่งชาติ,1797,ชาย,ร้อยละ,กรุงเทพมหานคร,2565
35-39,97.1,ไตรมาส 4,สำนักงานสถิติแห่งชาติ,1798,ชาย,ร้อยละ,กรุงเทพมหานคร,2565
40-49,96.3,ไตรมาส 4,สำนักงานสถิติแห่งชาติ,1799,ชาย,ร้อยละ,กรุงเทพมหานคร,2565
50-59,89.5,ไตรมาส 4,สำนักงานสถิติแห่งชาติ,1800,ชาย,ร้อยละ,กรุงเทพมหานคร,2565
60 ขึ้นไป,35.1,ไตรมาส 4,สำนักงานสถิติแห่งชาติ,1801,ชาย,ร้อยละ,กรุงเทพมหานคร,2565
ยอดรวม,67.9,ไตรมาส 4,สำนักงานสถิติแห่งชาติ,1802,หญิง,ร้อยละ,กรุงเทพมหานคร,2565
15-19,9.5,ไตรมาส 4,สำนักงานสถิติแห่งชาติ,1803,หญิง,ร้อยละ,กรุงเทพมหานคร,2565
20-24,63.9,ไตรมาส 4,สำนักงานสถิติแห่งชาติ,1804,หญิง,ร้อยละ,กรุงเทพมหานคร,2565
25-29,90.9,ไตรมาส 4,สำนักงานสถิติแห่งชาติ,1805,หญิง,ร้อยละ,กรุงเทพมหานคร,2565
30-34,92.6,ไตรมาส 4,สำนักงานสถิติแห่งชาติ,1806,หญิง,ร้อยละ,กรุงเทพมหานคร,2565
35-39,87.0,ไตรมาส 4,สำนักงานสถิติแห่งชาติ,1807,หญิง,ร้อยละ,กรุงเทพมหานคร,2565
40-49,87.4,ไตรมาส 4,สำนักงานสถิติแห่งชาติ,1808,หญิง,ร้อยละ,กรุงเทพมหานคร,2565
50-59,70.6,ไตรมาส 4,สำนักงานสถิติแห่งชาติ,1809,หญิง,ร้อยละ,กรุงเทพมหานคร,2565
60 ขึ้นไป,22.6,ไตรมาส 4,สำนักงานสถิติแห่งชาติ,1810,หญิง,ร้อยละ,กรุงเทพมหานคร,2565
ยอดรวม,70.4,ไตรมาส 4,สำนักงานสถิติแห่งชาติ,1811,ยอดรวม,ร้อยละ,ภาคกลาง,2565
15-19,14.8,ไตรมาส 4,สำนักงานสถิติแห่งชาติ,1812,ยอดรวม,ร้อยละ,ภาคกลาง,2565
20-24,67.5,ไตรมาส 4,สำนักงานสถิติแห่งชาติ,1813,ยอดรวม,ร้อยละ,ภาคกลาง,2565
25-29,90.8,ไตรมาส 4,สำนักงานสถิติแห่งชาติ,1814,ยอดรวม,ร้อยละ,ภาคกลาง,2565
30-34,91.9,ไตรมาส 4,สำนักงานสถิติแห่งชาติ,1815,ยอดรวม,ร้อยละ,ภาคกลาง,2565
35-39,90.5,ไตรมาส 4,สำนักงานสถิติแห่งชาติ,1816,ยอดรวม,ร้อยละ,ภาคกลาง,2565
40-49,88.2,ไตรมาส 4,สำนักงานสถิติแห่งชาติ,1817,ยอดรวม,ร้อยละ,ภาคกลาง,2565
50-59,79.3,ไตรมาส 4,สำนักงานสถิติแห่งชาติ,1818,ยอดรวม,ร้อยละ,ภาคกลาง,2565
60 ขึ้นไป,31.9,ไตรมาส 4,สำนักงานสถิติแห่งชาติ,1819,ยอดรวม,ร้อยละ,ภาคกลาง,2565
ยอดรวม,78.6,ไตรมาส 4,สำนักงานสถิติแห่งชาติ,1820,ชาย,ร้อยละ,ภาคกลาง,2565
15-19,19.7,ไตรมาส 4,สำนักงานสถิติแห่งชาติ,1821,ชาย,ร้อยละ,ภาคกลาง,2565
20-24,72.7,ไตรมาส 4,สำนักงานสถิติแห่งชาติ,1822,ชาย,ร้อยละ,ภาคกลาง,2565
25-29,95.7,ไตรมาส 4,สำนักงานสถิติแห่งชาติ,1823,ชาย,ร้อยละ,ภาคกลาง,2565
30-34,97.3,ไตรมาส 4,สำนักงานสถิติแห่งชาติ,1824,ชาย,ร้อยละ,ภาคกลาง,2565
35-39,96.4,ไตรมาส 4,สำนักงานสถิติแห่งชาติ,1825,ชาย,ร้อยละ,ภาคกลาง,2565
40-49,95.0,ไตรมาส 4,สำนักงานสถิติแห่งชาติ,1826,ชาย,ร้อยละ,ภาคกลาง,2565
50-59,89.9,ไตรมาส 4,สำนักงานสถิติแห่งชาติ,1827,ชาย,ร้อยละ,ภาคกลาง,2565
60 ขึ้นไป,39.1,ไตรมาส 4,สำนักงานสถิติแห่งชาติ,1828,ชาย,ร้อยละ,ภาคกลาง,2565
ยอดรวม,62.9,ไตรมาส 4,สำนักงานสถิติแห่งชาติ,1829,หญิง,ร้อยละ,ภาคกลาง,2565
15-19,10.0,ไตรมาส 4,สำนักงานสถิติแห่งชาติ,1830,หญิง,ร้อยละ,ภาคกลาง,2565
20-24,62.4,ไตรมาส 4,สำนักงานสถิติแห่งชาติ,1831,หญิง,ร้อยละ,ภาคกลาง,2565
25-29,85.8,ไตรมาส 4,สำนักงานสถิติแห่งชาติ,1832,หญิง,ร้อยละ,ภาคกลาง,2565
30-34,86.3,ไตรมาส 4,สำนักงานสถิติแห่งชาติ,1833,หญิง,ร้อยละ,ภาคกลาง,2565
35-39,84.5,ไตรมาส 4,สำนักงานสถิติแห่งชาติ,1834,หญิง,ร้อยละ,ภาคกลาง,2565
40-49,81.5,ไตรมาส 4,สำนักงานสถิติแห่งชาติ,1835,หญิง,ร้อยละ,ภาคกลาง,2565
50-59,69.5,ไตรมาส 4,สำนักงานสถิติแห่งชาติ,1836,หญิง,ร้อยละ,ภาคกลาง,2565
60 ขึ้นไป,26.9,ไตรมาส 4,สำนักงานสถิติแห่งชาติ,1837,หญิง,ร้อยละ,ภาคกลาง,2565
ยอดรวม,66.2,ไตรมาส 4,สำนักงานสถิติแห่งชาติ,1838,ยอดรวม,ร้อยละ,ภาคเหนือ,2565
15-19,15.4,ไตรมาส 4,สำนักงานสถิติแห่งชาติ,1839,ยอดรวม,ร้อยละ,ภาคเหนือ,2565
20-24,67.0,ไตรมาส 4,สำนักงานสถิติแห่งชาติ,1840,ยอดรวม,ร้อยละ,ภาคเหนือ,2565
25-29,86.2,ไตรมาส 4,สำนักงานสถิติแห่งชาติ,1841,ยอดรวม,ร้อยละ,ภาคเหนือ,2565
30-34,88.6,ไตรมาส 4,สำนักงานสถิติแห่งชาติ,1842,ยอดรวม,ร้อยละ,ภาคเหนือ,2565
35-39,89.7,ไตรมาส 4,สำนักงานสถิติแห่งชาติ,1843,ยอดรวม,ร้อยละ,ภาคเหนือ,2565
40-49,88.5,ไตรมาส 4,สำนักงานสถิติแห่งชาติ,1844,ยอดรวม,ร้อยละ,ภาคเหนือ,2565
50-59,83.5,ไตรมาส 4,สำนักงานสถิติแห่งชาติ,1845,ยอดรวม,ร้อยละ,ภาคเหนือ,2565
60 ขึ้นไป,40.9,ไตรมาส 4,สำนักงานสถิติแห่งชาติ,1846,ยอดรวม,ร้อยละ,ภาคเหนือ,2565
ยอดรวม,75.1,ไตรมาส 4,สำนักงานสถิติแห่งชาติ,1847,ชาย,ร้อยละ,ภาคเหนือ,2565
15-19,20.1,ไตรมาส 4,สำนักงานสถิติแห่งชาติ,1848,ชาย,ร้อยละ,ภาคเหนือ,2565
20-24,75.3,ไตรมาส 4,สำนักงานสถิติแห่งชาติ,1849,ชาย,ร้อยละ,ภาคเหนือ,2565
25-29,92.1,ไตรมาส 4,สำนักงานสถิติแห่งชาติ,1850,ชาย,ร้อยละ,ภาคเหนือ,2565
30-34,95.5,ไตรมาส 4,สำนักงานสถิติแห่งชาติ,1851,ชาย,ร้อยละ,ภาคเหนือ,2565
35-39,97.1,ไตรมาส 4,สำนักงานสถิติแห่งชาติ,1852,ชาย,ร้อยละ,ภาคเหนือ,2565
40-49,94.0,ไตรมาส 4,สำนักงานสถิติแห่งชาติ,1853,ชาย,ร้อยละ,ภาคเหนือ,2565
50-59,92.4,ไตรมาส 4,สำนักงานสถิติแห่งชาติ,1854,ชาย,ร้อยละ,ภาคเหนือ,2565
60 ขึ้นไป,51.8,ไตรมาส 4,สำนักงานสถิติแห่งชาติ,1855,ชาย,ร้อยละ,ภาคเหนือ,2565
ยอดรวม,58.2,ไตรมาส 4,สำนักงานสถิติแห่งชาติ,1856,หญิง,ร้อยละ,ภาคเหนือ,2565
15-19,10.4,ไตรมาส 4,สำนักงานสถิติแห่งชาติ,1857,หญิง,ร้อยละ,ภาคเหนือ,2565
15-19 ปี,8.45,ไตรมาส 1,สำนักงานสถิติแห่งชาติ,1858,หญิง,ร้อยละ,ภาคกลาง,2568
15-19 ปี,17.89,ไตรมาส 1,สำนักงานสถิติแห่งชาติ,1859,ชาย,ร้อยละ,ภาคกลาง,2568
20-24 ปี,74.07,ไตรมาส 1,สำนักงานสถิติแห่งชาติ,1860,ชาย,ร้อยละ,ภาคกลาง,2568
20-24 ปี,61.96,ไตรมาส 1,สำนักงานสถิติแห่งชาติ,1861,หญิง,ร้อยละ,ภาคกลาง,2568
25-29 ปี,89.03,ไตรมาส 1,สำนักงานสถิติแห่งชาติ,1862,หญิง,ร้อยละ,ภาคกลาง,2568
25-29 ปี,95.56,ไตรมาส 1,สำนักงานสถิติแห่งชาติ,1863,ชาย,ร้อยละ,ภาคกลาง,2568
30-34 ปี,90.07,ไตรมาส 1,สำนักงานสถิติแห่งชาติ,1864,หญิง,ร้อยละ,ภาคกลาง,2568
30-34 ปี,95.2,ไตรมาส 1,สำนักงานสถิติแห่งชาติ,1865,ชาย,ร้อยละ,ภาคกลาง,2568
35-39 ปี,95.78,ไตรมาส 1,สำนักงานสถิติแห่งชาติ,1866,ชาย,ร้อยละ,ภาคกลาง,2568
35-39 ปี,86.44,ไตรมาส 1,สำนักงานสถิติแห่งชาติ,1867,หญิง,ร้อยละ,ภาคกลาง,2568
40-49 ปี,95.97,ไตรมาส 1,สำนักงานสถิติแห่งชาติ,1868,ชาย,ร้อยละ,ภาคกลาง,2568
40-49 ปี,84.5,ไตรมาส 1,สำนักงานสถิติแห่งชาติ,1869,หญิง,ร้อยละ,ภาคกลาง,2568
50-59 ปี,89.57,ไตรมาส 1,สำนักงานสถิติแห่งชาติ,1870,ชาย,ร้อยละ,ภาคกลาง,2568
50-59 ปี,72.94,ไตรมาส 1,สำนักงานสถิติแห่งชาติ,1871,หญิง,ร้อยละ,ภาคกลาง,2568
60 ปีขึ้นไป,27.14,ไตรมาส 1,สำนักงานสถิติแห่งชาติ,1872,หญิง,ร้อยละ,ภาคกลาง,2568
60 ปีขึ้นไป,42.06,ไตรมาส 1,สำนักงานสถิติแห่งชาติ,1873,ชาย,ร้อยละ,ภาคกลาง,2568
รวม,78.31,ไตรมาส 1,สำนักงานสถิติแห่งชาติ,1874,ชาย,ร้อยละ,ภาคกลาง,2568
รวม,63.79,ไตรมาส 1,สำนักงานสถิติแห่งชาติ,1875,หญิง,ร้อยละ,ภาคกลาง,2568
รวม,70.71,ไตรมาส 1,สำนักงานสถิติแห่งชาติ,1876,รวม,ร้อยละ,ภาคกลาง,2568
15-19 ปี,16.92,ไตรมาส 1,สำนักงานสถิติแห่งชาติ,1877,ชาย,ร้อยละ,ภาคใต้,2568
15-19 ปี,6.64,ไตรมาส 1,สำนักงานสถิติแห่งชาติ,1878,หญิง,ร้อยละ,ภาคใต้,2568
20-24 ปี,76.06,ไตรมาส 1,สำนักงานสถิติแห่งชาติ,1879,ชาย,ร้อยละ,ภาคใต้,2568
20-24 ปี,52.27,ไตรมาส 1,สำนักงานสถิติแห่งชาติ,1880,หญิง,ร้อยละ,ภาคใต้,2568
25-29 ปี,94.3,ไตรมาส 1,สำนักงานสถิติแห่งชาติ,1881,ชาย,ร้อยละ,ภาคใต้,2568
25-29 ปี,77.9,ไตรมาส 1,สำนักงานสถิติแห่งชาติ,1882,หญิง,ร้อยละ,ภาคใต้,2568
30-34 ปี,96.18,ไตรมาส 1,สำนักงานสถิติแห่งชาติ,1883,ชาย,ร้อยละ,ภาคใต้,2568
30-34 ปี,81.37,ไตรมาส 1,สำนักงานสถิติแห่งชาติ,1884,หญิง,ร้อยละ,ภาคใต้,2568
35-39 ปี,80.8,ไตรมาส 1,สำนักงานสถิติแห่งชาติ,1885,หญิง,ร้อยละ,ภาคใต้,2568
35-39 ปี,96.54,ไตรมาส 1,สำนักงานสถิติแห่งชาติ,1886,ชาย,ร้อยละ,ภาคใต้,2568
40-49 ปี,83.96,ไตรมาส 1,สำนักงานสถิติแห่งชาติ,1887,หญิง,ร้อยละ,ภาคใต้,2568
40-49 ปี,96.35,ไตรมาส 1,สำนักงานสถิติแห่งชาติ,1888,ชาย,ร้อยละ,ภาคใต้,2568
50-59 ปี,94.19,ไตรมาส 1,สำนักงานสถิติแห่งชาติ,1889,ชาย,ร้อยละ,ภาคใต้,2568
50-59 ปี,75.28,ไตรมาส 1,สำนักงานสถิติแห่งชาติ,1890,หญิง,ร้อยละ,ภาคใต้,2568
60 ปีขึ้นไป,53.52,ไตรมาส 1,สำนักงานสถิติแห่งชาติ,1891,ชาย,ร้อยละ,ภาคใต้,2568
60 ปีขึ้นไป,34.28,ไตรมาส 1,สำนักงานสถิติแห่งชาติ,1892,หญิง,ร้อยละ,ภาคใต้,2568
รวม,78.73,ไตรมาส 1,สำนักงานสถิติแห่งชาติ,1893,ชาย,ร้อยละ,ภาคใต้,2568
รวม,60.67,ไตรมาส 1,สำนักงานสถิติแห่งชาติ,1894,หญิง,ร้อยละ,ภาคใต้,2568
รวม,69.35,ไตรมาส 1,สำนักงานสถิติแห่งชาติ,1895,รวม,ร้อยละ,ภาคใต้,2568
15-19 ปี,17.26,ไตรมาส 1,สำนักงานสถิติแห่งชาติ,1896,ชาย,ร้อยละ,ภาคใต้ชายแดน,2568
15-19 ปี,4.73,ไตรมาส 1,สำนักงานสถิติแห่งชาติ,1897,หญิง,ร้อยละ,ภาคใต้ชายแดน,2568
20-24 ปี,76.43,ไตรมาส 1,สำนักงานสถิติแห่งชาติ,1898,ชาย,ร้อยละ,ภาคใต้ชายแดน,2568
20-24 ปี,42.16,ไตรมาส 1,สำนักงานสถิติแห่งชาติ,1899,หญิง,ร้อยละ,ภาคใต้ชายแดน,2568
25-29 ปี,95.5,ไตรมาส 1,สำนักงานสถิติแห่งชาติ,1900,ชาย,ร้อยละ,ภาคใต้ชายแดน,2568
25-29 ปี,65.21,ไตรมาส 1,สำนักงานสถิติแห่งชาติ,1901,หญิง,ร้อยละ,ภาคใต้ชายแดน,2568
30-34 ปี,95.01,ไตรมาส 1,สำนักงานสถิติแห่งชาติ,1902,ชาย,ร้อยละ,ภาคใต้ชายแดน,2568
30-34 ปี,69.13,ไตรมาส 1,สำนักงานสถิติแห่งชาติ,1903,หญิง,ร้อยละ,ภาคใต้ชายแดน,2568
35-39 ปี,70.97,ไตรมาส 1,สำนักงานสถิติแห่งชาติ,1904,หญิง,ร้อยละ,ภาคใต้ชายแดน,2568
35-39 ปี,95.95,ไตรมาส 1,สำนักงานสถิติแห่งชาติ,1905,ชาย,ร้อยละ,ภาคใต้ชายแดน,2568
40-49 ปี,77.36,ไตรมาส 1,สำนักงานสถิติแห่งชาติ,1906,หญิง,ร้อยละ,ภาคใต้ชายแดน,2568
40-49 ปี,96.92,ไตรมาส 1,สำนักงานสถิติแห่งชาติ,1907,ชาย,ร้อยละ,ภาคใต้ชายแดน,2568
50-59 ปี,92.96,ไตรมาส 1,สำนักงานสถิติแห่งชาติ,1908,ชาย,ร้อยละ,ภาคใต้ชายแดน,2568
50-59 ปี,76.31,ไตรมาส 1,สำนักงานสถิติแห่งชาติ,1909,หญิง,ร้อยละ,ภาคใต้ชายแดน,2568
60 ปีขึ้นไป,56.02,ไตรมาส 1,สำนักงานสถิติแห่งชาติ,1910,ชาย,ร้อยละ,ภาคใต้ชายแดน,2568
60 ปีขึ้นไป,29.55,ไตรมาส 1,สำนักงานสถิติแห่งชาติ,1911,หญิง,ร้อยละ,ภาคใต้ชายแดน,2568
รวม,78.8,ไตรมาส 1,สำนักงานสถิติแห่งชาติ,1912,ชาย,ร้อยละ,ภาคใต้ชายแดน,2568
รวม,54.44,ไตรมาส 1,สำนักงานสถิติแห่งชาติ,1913,หญิง,ร้อยละ,ภาคใต้ชายแดน,2568
รวม,66.13,ไตรมาส 1,สำนักงานสถิติแห่งชาติ,1914,รวม,ร้อยละ,ภาคใต้ชายแดน,2568
15-19 ปี,23.22,ไตรมาส 1,สำนักงานสถิติแห่งชาติ,1915,ชาย,ร้อยละ,ภาคตะวันออก,2568
15-19 ปี,12.36,ไตรมาส 1,สำนักงานสถิติแห่งชาติ,1916,หญิง,ร้อยละ,ภาคตะวันออก,2568
20-24 ปี,77.75,ไตรมาส 1,สำนักงานสถิติแห่งชาติ,1917,ชาย,ร้อยละ,ภาคตะวันออก,2568
20-24 ปี,60.63,ไตรมาส 1,สำนักงานสถิติแห่งชาติ,1918,หญิง,ร้อยละ,ภาคตะวันออก,2568
25-29 ปี,92.61,ไตรมาส 1,สำนักงานสถิติแห่งชาติ,1919,ชาย,ร้อยละ,ภาคตะวันออก,2568
25-29 ปี,86.8,ไตรมาส 1,สำนักงานสถิติแห่งชาติ,1920,หญิง,ร้อยละ,ภาคตะวันออก,2568
30-34 ปี,95.87,ไตรมาส 1,สำนักงานสถิติแห่งชาติ,1921,ชาย,ร้อยละ,ภาคตะวันออก,2568
30-34 ปี,87.43,ไตรมาส 1,สำนักงานสถิติแห่งชาติ,1922,หญิง,ร้อยละ,ภาคตะวันออก,2568
35-39 ปี,85.64,ไตรมาส 1,สำนักงานสถิติแห่งชาติ,1923,หญิง,ร้อยละ,ภาคตะวันออก,2568
35-39 ปี,96.15,ไตรมาส 1,สำนักงานสถิติแห่งชาติ,1924,ชาย,ร้อยละ,ภาคตะวันออก,2568
40-49 ปี,80.73,ไตรมาส 1,สำนักงานสถิติแห่งชาติ,1925,หญิง,ร้อยละ,ภาคตะวันออก,2568
40-49 ปี,94.68,ไตรมาส 1,สำนักงานสถิติแห่งชาติ,1926,ชาย,ร้อยละ,ภาคตะวันออก,2568
50-59 ปี,91.23,ไตรมาส 1,สำนักงานสถิติแห่งชาติ,1927,ชาย,ร้อยละ,ภาคตะวันออก,2568
50-59 ปี,68.37,ไตรมาส 1,สำนักงานสถิติแห่งชาติ,1928,หญิง,ร้อยละ,ภาคตะวันออก,2568
60 ปีขึ้นไป,49.87,ไตรมาส 1,สำนักงานสถิติแห่งชาติ,1929,ชาย,ร้อยละ,ภาคตะวันออก,2568
60 ปีขึ้นไป,30.08,ไตรมาส 1,สำนักงานสถิติแห่งชาติ,1930,หญิง,ร้อยละ,ภาคตะวันออก,2568
รวม,80.64,ไตรมาส 1,สำนักงานสถิติแห่งชาติ,1931,ชาย,ร้อยละ,ภาคตะวันออก,2568
รวม,63.72,ไตรมาส 1,สำนักงานสถิติแห่งชาติ,1932,หญิง,ร้อยละ,ภาคตะวันออก,2568
รวม,71.92,ไตรมาส 1,สำนักงานสถิติแห่งชาติ,1933,รวม,ร้อยละ,ภาคตะวันออก,2568
15-19 ปี,13.05,ไตรมาส 1,สำนักงานสถิติแห่งชาติ,1934,ชาย,ร้อยละ,ภาคตะวันออกเฉียงเหนือ,2568
15-19 ปี,4.81,ไตรมาส 1,สำนักงานสถิติแห่งชาติ,1935,หญิง,ร้อยละ,ภาคตะวันออกเฉียงเหนือ,2568
20-24 ปี,63.95,ไตรมาส 1,สำนักงานสถิติแห่งชาติ,1936,ชาย,ร้อยละ,ภาคตะวันออกเฉียงเหนือ,2568
20-24 ปี,48.75,ไตรมาส 1,สำนักงานสถิติแห่งชาติ,1937,หญิง,ร้อยละ,ภาคตะวันออกเฉียงเหนือ,2568
ยอดรวม,73.93,ไตรมาส 1,สำนักงานสถิติแห่งชาติ,1938,ยอดรวม,ร้อยละ,กรุงเทพมหานคร,2567
15-19 ปี,12.84,ไตรมาส 1,สำนักงานสถิติแห่งชาติ,1939,ยอดรวม,ร้อยละ,กรุงเทพมหานคร,2567
20-24 ปี,59.69,ไตรมาส 1,สำนักงานสถิติแห่งชาติ,1940,ยอดรวม,ร้อยละ,กรุงเทพมหานคร,2567
25-29 ปี,94.21,ไตรมาส 1,สำนักงานสถิติแห่งชาติ,1941,ยอดรวม,ร้อยละ,กรุงเทพมหานคร,2567
30-34 ปี,93.03,ไตรมาส 1,สำนักงานสถิติแห่งชาติ,1942,ยอดรวม,ร้อยละ,กรุงเทพมหานคร,2567
35-39 ปี,90.72,ไตรมาส 1,สำนักงานสถิติแห่งชาติ,1943,ยอดรวม,ร้อยละ,กรุงเทพมหานคร,2567
40-49 ปี,90.27,ไตรมาส 1,สำนักงานสถิติแห่งชาติ,1944,ยอดรวม,ร้อยละ,กรุงเทพมหานคร,2567
50-59 ปี,83.29,ไตรมาส 1,สำนักงานสถิติแห่งชาติ,1945,ยอดรวม,ร้อยละ,กรุงเทพมหานคร,2567
60 ปีขึ้นไป,32.97,ไตรมาส 1,สำนักงานสถิติแห่งชาติ,1946,ยอดรวม,ร้อยละ,กรุงเทพมหานคร,2567
ยอดรวม,81.4,ไตรมาส 1,สำนักงานสถิติแห่งชาติ,1947,ชาย,ร้อยละ,กรุงเทพมหานคร,2567
15-19 ปี,15.44,ไตรมาส 1,สำนักงานสถิติแห่งชาติ,1948,ชาย,ร้อยละ,กรุงเทพมหานคร,2567
20-24 ปี,65.69,ไตรมาส 1,สำนักงานสถิติแห่งชาติ,1949,ชาย,ร้อยละ,กรุงเทพมหานคร,2567
25-29 ปี,96.07,ไตรมาส 1,สำนักงานสถิติแห่งชาติ,1950,ชาย,ร้อยละ,กรุงเทพมหานคร,2567
30-34 ปี,97.93,ไตรมาส 1,สำนักงานสถิติแห่งชาติ,1951,ชาย,ร้อยละ,กรุงเทพมหานคร,2567
35-39 ปี,97.2,ไตรมาส 1,สำนักงานสถิติแห่งชาติ,1952,ชาย,ร้อยละ,กรุงเทพมหานคร,2567
40-49 ปี,97.42,ไตรมาส 1,สำนักงานสถิติแห่งชาติ,1953,ชาย,ร้อยละ,กรุงเทพมหานคร,2567
50-59 ปี,92.47,ไตรมาส 1,สำนักงานสถิติแห่งชาติ,1954,ชาย,ร้อยละ,กรุงเทพมหานคร,2567
60 ปีขึ้นไป,38.82,ไตรมาส 1,สำนักงานสถิติแห่งชาติ,1955,ชาย,ร้อยละ,กรุงเทพมหานคร,2567
ยอดรวม,67.2,ไตรมาส 1,สำนักงานสถิติแห่งชาติ,1956,หญิง,ร้อยละ,กรุงเทพมหานคร,2567
15-19 ปี,10.37,ไตรมาส 1,สำนักงานสถิติแห่งชาติ,1957,หญิง,ร้อยละ,กรุงเทพมหานคร,2567
20-24 ปี,53.99,ไตรมาส 1,สำนักงานสถิติแห่งชาติ,1958,หญิง,ร้อยละ,กรุงเทพมหานคร,2567
25-29 ปี,92.39,ไตรมาส 1,สำนักงานสถิติแห่งชาติ,1959,หญิง,ร้อยละ,กรุงเทพมหานคร,2567
30-34 ปี,88.24,ไตรมาส 1,สำนักงานสถิติแห่งชาติ,1960,หญิง,ร้อยละ,กรุงเทพมหานคร,2567
35-39 ปี,84.8,ไตรมาส 1,สำนักงานสถิติแห่งชาติ,1961,หญิง,ร้อยละ,กรุงเทพมหานคร,2567
40-49 ปี,83.39,ไตรมาส 1,สำนักงานสถิติแห่งชาติ,1962,หญิง,ร้อยละ,กรุงเทพมหานคร,2567
50-59 ปี,74.64,ไตรมาส 1,สำนักงานสถิติแห่งชาติ,1963,หญิง,ร้อยละ,กรุงเทพมหานคร,2567
60 ปีขึ้นไป,28.86,ไตรมาส 1,สำนักงานสถิติแห่งชาติ,1964,หญิง,ร้อยละ,กรุงเทพมหานคร,2567
ยอดรวม,71.4,ไตรมาส 1,สำนักงานสถิติแห่งชาติ,1965,ยอดรวม,ร้อยละ,ภาคกลาง,2567
15-19 ปี,14.32,ไตรมาส 1,สำนักงานสถิติแห่งชาติ,1966,ยอดรวม,ร้อยละ,ภาคกลาง,2567
20-24 ปี,66.86,ไตรมาส 1,สำนักงานสถิติแห่งชาติ,1967,ยอดรวม,ร้อยละ,ภาคกลาง,2567
25-29 ปี,90.56,ไตรมาส 1,สำนักงานสถิติแห่งชาติ,1968,ยอดรวม,ร้อยละ,ภาคกลาง,2567
30-34 ปี,92.53,ไตรมาส 1,สำนักงานสถิติแห่งชาติ,1969,ยอดรวม,ร้อยละ,ภาคกลาง,2567
35-39 ปี,91.99,ไตรมาส 1,สำนักงานสถิติแห่งชาติ,1970,ยอดรวม,ร้อยละ,ภาคกลาง,2567
40-49 ปี,89.49,ไตรมาส 1,สำนักงานสถิติแห่งชาติ,1971,ยอดรวม,ร้อยละ,ภาคกลาง,2567
50-59 ปี,80.21,ไตรมาส 1,สำนักงานสถิติแห่งชาติ,1972,ยอดรวม,ร้อยละ,ภาคกลาง,2567
60 ปีขึ้นไป,35.88,ไตรมาส 1,สำนักงานสถิติแห่งชาติ,1973,ยอดรวม,ร้อยละ,ภาคกลาง,2567
ยอดรวม,79.75,ไตรมาส 1,สำนักงานสถิติแห่งชาติ,1974,ชาย,ร้อยละ,ภาคกลาง,2567
15-19 ปี,17.65,ไตรมาส 1,สำนักงานสถิติแห่งชาติ,1975,ชาย,ร้อยละ,ภาคกลาง,2567
20-24 ปี,74.22,ไตรมาส 1,สำนักงานสถิติแห่งชาติ,1976,ชาย,ร้อยละ,ภาคกลาง,2567
25-29 ปี,94.72,ไตรมาส 1,สำนักงานสถิติแห่งชาติ,1977,ชาย,ร้อยละ,ภาคกลาง,2567
30-34 ปี,96.29,ไตรมาส 1,สำนักงานสถิติแห่งชาติ,1978,ชาย,ร้อยละ,ภาคกลาง,2567
35-39 ปี,97.01,ไตรมาส 1,สำนักงานสถิติแห่งชาติ,1979,ชาย,ร้อยละ,ภาคกลาง,2567
40-49 ปี,96.0,ไตรมาส 1,สำนักงานสถิติแห่งชาติ,1980,ชาย,ร้อยละ,ภาคกลาง,2567
50-59 ปี,90.41,ไตรมาส 1,สำนักงานสถิติแห่งชาติ,1981,ชาย,ร้อยละ,ภาคกลาง,2567
60 ปีขึ้นไป,46.66,ไตรมาส 1,สำนักงานสถิติแห่งชาติ,1982,ชาย,ร้อยละ,ภาคกลาง,2567
ยอดรวม,63.72,ไตรมาส 1,สำนักงานสถิติแห่งชาติ,1983,หญิง,ร้อยละ,ภาคกลาง,2567
15-19 ปี,11.06,ไตรมาส 1,สำนักงานสถิติแห่งชาติ,1984,หญิง,ร้อยละ,ภาคกลาง,2567
20-24 ปี,59.79,ไตรมาส 1,สำนักงานสถิติแห่งชาติ,1985,หญิง,ร้อยละ,ภาคกลาง,2567
25-29 ปี,86.34,ไตรมาส 1,สำนักงานสถิติแห่งชาติ,1986,หญิง,ร้อยละ,ภาคกลาง,2567
30-34 ปี,88.67,ไตรมาส 1,สำนักงานสถิติแห่งชาติ,1987,หญิง,ร้อยละ,ภาคกลาง,2567
35-39 ปี,86.95,ไตรมาส 1,สำนักงานสถิติแห่งชาติ,1988,หญิง,ร้อยละ,ภาคกลาง,2567
40-49 ปี,83.08,ไตรมาส 1,สำนักงานสถิติแห่งชาติ,1989,หญิง,ร้อยละ,ภาคกลาง,2567
50-59 ปี,70.73,ไตรมาส 1,สำนักงานสถิติแห่งชาติ,1990,หญิง,ร้อยละ,ภาคกลาง,2567
60 ปีขึ้นไป,28.28,ไตรมาส 1,สำนักงานสถิติแห่งชาติ,1991,หญิง,ร้อยละ,ภาคกลาง,2567
ยอดรวม,66.3,ไตรมาส 1,สำนักงานสถิติแห่งชาติ,1992,ยอดรวม,ร้อยละ,ภาคเหนือ,2567
15-19 ปี,15.19,ไตรมาส 1,สำนักงานสถิติแห่งชาติ,1993,ยอดรวม,ร้อยละ,ภาคเหนือ,2567
20-24 ปี,68.59,ไตรมาส 1,สำนักงานสถิติแห่งชาติ,1994,ยอดรวม,ร้อยละ,ภาคเหนือ,2567
25-29 ปี,85.11,ไตรมาส 1,สำนักงานสถิติแห่งชาติ,1995,ยอดรวม,ร้อยละ,ภาคเหนือ,2567
30-34 ปี,87.42,ไตรมาส 1,สำนักงานสถิติแห่งชาติ,1996,ยอดรวม,ร้อยละ,ภาคเหนือ,2567
35-39 ปี,91.12,ไตรมาส 1,สำนักงานสถิติแห่งชาติ,1997,ยอดรวม,ร้อยละ,ภาคเหนือ,2567
40-49 ปี,89.26,ไตรมาส 1,สำนักงานสถิติแห่งชาติ,1998,ยอดรวม,ร้อยละ,ภาคเหนือ,2567
50-59 ปี,83.4,ไตรมาส 1,สำนักงานสถิติแห่งชาติ,1999,ยอดรวม,ร้อยละ,ภาคเหนือ,2567
60 ปีขึ้นไป,42.21,ไตรมาส 1,สำนักงานสถิติแห่งชาติ,2000,ยอดรวม,ร้อยละ,ภาคเหนือ,2567
ยอดรวม,75.61,ไตรมาส 1,สำนักงานสถิติแห่งชาติ,2001,ชาย,ร้อยละ,ภาคเหนือ,2567
15-19 ปี,21.85,ไตรมาส 1,สำนักงานสถิติแห่งชาติ,2002,ชาย,ร้อยละ,ภาคเหนือ,2567
20-24 ปี,75.53,ไตรมาส 1,สำนักงานสถิติแห่งชาติ,2003,ชาย,ร้อยละ,ภาคเหนือ,2567
25-29 ปี,93.06,ไตรมาส 1,สำนักงานสถิติแห่งชาติ,2004,ชาย,ร้อยละ,ภาคเหนือ,2567
30-34 ปี,94.61,ไตรมาส 1,สำนักงานสถิติแห่งชาติ,2005,ชาย,ร้อยละ,ภาคเหนือ,2567
35-39 ปี,94.3,ไตรมาส 1,สำนักงานสถิติแห่งชาติ,2006,ชาย,ร้อยละ,ภาคเหนือ,2567
40-49 ปี,94.33,ไตรมาส 1,สำนักงานสถิติแห่งชาติ,2007,ชาย,ร้อยละ,ภาคเหนือ,2567
50-59 ปี,92.69,ไตรมาส 1,สำนักงานสถิติแห่งชาติ,2008,ชาย,ร้อยละ,ภาคเหนือ,2567
60 ปีขึ้นไป,54.57,ไตรมาส 1,สำนักงานสถิติแห่งชาติ,2009,ชาย,ร้อยละ,ภาคเหนือ,2567
ยอดรวม,57.93,ไตรมาส 1,สำนักงานสถิติแห่งชาติ,2010,หญิง,ร้อยละ,ภาคเหนือ,2567
15-19 ปี,8.24,ไตรมาส 1,สำนักงานสถิติแห่งชาติ,2011,หญิง,ร้อยละ,ภาคเหนือ,2567
20-24 ปี,61.5,ไตรมาส 1,สำนักงานสถิติแห่งชาติ,2012,หญิง,ร้อยละ,ภาคเหนือ,2567
25-29 ปี,77.04,ไตรมาส 1,สำนักงานสถิติแห่งชาติ,2013,หญิง,ร้อยละ,ภาคเหนือ,2567
30-34 ปี,80.04,ไตรมาส 1,สำนักงานสถิติแห่งชาติ,2014,หญิง,ร้อยละ,ภาคเหนือ,2567
35-39 ปี,87.79,ไตรมาส 1,สำนักงานสถิติแห่งชาติ,2015,หญิง,ร้อยละ,ภาคเหนือ,2567
40-49 ปี,84.33,ไตรมาส 1,สำนักงานสถิติแห่งชาติ,2016,หญิง,ร้อยละ,ภาคเหนือ,2567
50-59 ปี,75.15,ไตรมาส 1,สำนักงานสถิติแห่งชาติ,2017,หญิง,ร้อยละ,ภาคเหนือ,2567
60 ปีขึ้นไป,33.06,ไตรมาส 1,สำนักงานสถิติแห่งชาติ,2018,หญิง,ร้อยละ,ภาคเหนือ,2567
ยอดรวม,61.41,ไตรมาส 1,สำนักงานสถิติแห่งชาติ,2019,ยอดรวม,ร้อยละ,ภาคตะวันออกเฉียงเหนือ,2567
15-19 ปี,9.26,ไตรมาส 1,สำนักงานสถิติแห่งชาติ,2020,ยอดรวม,ร้อยละ,ภาคตะวันออกเฉียงเหนือ,2567
20-24 ปี,59.01,ไตรมาส 1,สำนักงานสถิติแห่งชาติ,2021,ยอดรวม,ร้อยละ,ภาคตะวันออกเฉียงเหนือ,2567
25-29 ปี,81.93,ไตรมาส 1,สำนักงานสถิติแห่งชาติ,2022,ยอดรวม,ร้อยละ,ภาคตะวันออกเฉียงเหนือ,2567
30-34 ปี,85.81,ไตรมาส 1,สำนักงานสถิติแห่งชาติ,2023,ยอดรวม,ร้อยละ,ภาคตะวันออกเฉียงเหนือ,2567
35-39 ปี,86.86,ไตรมาส 1,สำนักงานสถิติแห่งชาติ,2024,ยอดรวม,ร้อยละ,ภาคตะวันออกเฉียงเหนือ,2567
40-49 ปี,86.72,ไตรมาส 1,สำนักงานสถิติแห่งชาติ,2025,ยอดรวม,ร้อยละ,ภาคตะวันออกเฉียงเหนือ,2567
50-59 ปี,81.15,ไตรมาส 1,สำนักงานสถิติแห่งชาติ,2026,ยอดรวม,ร้อยละ,ภาคตะวันออกเฉียงเหนือ,2567
60 ปีขึ้นไป,36.28,ไตรมาส 1,สำนักงานสถิติแห่งชาติ,2027,ยอดรวม,ร้อยละ,ภาคตะวันออกเฉียงเหนือ,2567
ยอดรวม,71.72,ไตรมาส 1,สำนักงานสถิติแห่งชาติ,2028,ชาย,ร้อยละ,ภาคตะวันออกเฉียงเหนือ,2567
15-19 ปี,13.23,ไตรมาส 1,สำนักงานสถิติแห่งชาติ,2029,ชาย,ร้อยละ,ภาคตะวันออกเฉียงเหนือ,2567
20-24 ปี,68.92,ไตรมาส 1,สำนักงานสถิติแห่งชาติ,2030,ชาย,ร้อยละ,ภาคตะวันออกเฉียงเหนือ,2567
25-29 ปี,89.91,ไตรมาส 1,สำนักงานสถิติแห่งชาติ,2031,ชาย,ร้อยละ,ภาคตะวันออกเฉียงเหนือ,2567
30-34 ปี,93.57,ไตรมาส 1,สำนักงานสถิติแห่งชาติ,2032,ชาย,ร้อยละ,ภาคตะวันออกเฉียงเหนือ,2567
35-39 ปี,92.3,ไตรมาส 1,สำนักงานสถิติแห่งชาติ,2033,ชาย,ร้อยละ,ภาคตะวันออกเฉียงเหนือ,2567
40-49 ปี,93.19,ไตรมาส 1,สำนักงานสถิติแห่งชาติ,2034,ชาย,ร้อยละ,ภาคตะวันออกเฉียงเหนือ,2567
50-59 ปี,92.7,ไตรมาส 1,สำนักงานสถิติแห่งชาติ,2035,ชาย,ร้อยละ,ภาคตะวันออกเฉียงเหนือ,2567
60 ปีขึ้นไป,50.47,ไตรมาส 1,สำนักงานสถิติแห่งชาติ,2036,ชาย,ร้อยละ,ภาคตะวันออกเฉียงเหนือ,2567
ยอดรวม,52.12,ไตรมาส 1,สำนักงานสถิติแห่งชาติ,2037,หญิง,ร้อยละ,ภาคตะวันออกเฉียงเหนือ,2567
15-19 ปี,5.09,ไตรมาส 1,สำนักงานสถิติแห่งชาติ,2038,หญิง,ร้อยละ,ภาคตะวันออกเฉียงเหนือ,2567
20-24 ปี,48.82,ไตรมาส 1,สำนักงานสถิติแห่งชาติ,2039,หญิง,ร้อยละ,ภาคตะวันออกเฉียงเหนือ,2567
25-29 ปี,73.98,ไตรมาส 1,สำนักงานสถิติแห่งชาติ,2040,หญิง,ร้อยละ,ภาคตะวันออกเฉียงเหนือ,2567
30-34 ปี,78.14,ไตรมาส 1,สำนักงานสถิติแห่งชาติ,2041,หญิง,ร้อยละ,ภาคตะวันออกเฉียงเหนือ,2567
35-39 ปี,81.25,ไตรมาส 1,สำนักงานสถิติแห่งชาติ,2042,หญิง,ร้อยละ,ภาคตะวันออกเฉียงเหนือ,2567
40-49 ปี,80.65,ไตรมาส 1,สำนักงานสถิติแห่งชาติ,2043,หญิง,ร้อยละ,ภาคตะวันออกเฉียงเหนือ,2567
50-59 ปี,70.73,ไตรมาส 1,สำนักงานสถิติแห่งชาติ,2044,หญิง,ร้อยละ,ภาคตะวันออกเฉียงเหนือ,2567
60 ปีขึ้นไป,25.69,ไตรมาส 1,สำนักงานสถิติแห่งชาติ,2045,หญิง,ร้อยละ,ภาคตะวันออกเฉียงเหนือ,2567
ยอดรวม,69.01,ไตรมาส 1,สำนักงานสถิติแห่งชาติ,2046,ยอดรวม,ร้อยละ,ภาคใต้,2567
15-19 ปี,13.96,ไตรมาส 1,สำนักงานสถิติแห่งชาติ,2047,ยอดรวม,ร้อยละ,ภาคใต้,2567
20-24 ปี,63.16,ไตรมาส 1,สำนักงานสถิติแห่งชาติ,2048,ยอดรวม,ร้อยละ,ภาคใต้,2567
25-29 ปี,86.19,ไตรมาส 1,สำนักงานสถิติแห่งชาติ,2049,ยอดรวม,ร้อยละ,ภาคใต้,2567
30-34 ปี,87.64,ไตรมาส 1,สำนักงานสถิติแห่งชาติ,2050,ยอดรวม,ร้อยละ,ภาคใต้,2567
35-39 ปี,86.64,ไตรมาส 1,สำนักงานสถิติแห่งชาติ,2051,ยอดรวม,ร้อยละ,ภาคใต้,2567
40-49 ปี,88.98,ไตรมาส 1,สำนักงานสถิติแห่งชาติ,2052,ยอดรวม,ร้อยละ,ภาคใต้,2567
50-59 ปี,85.42,ไตรมาส 1,สำนักงานสถิติแห่งชาติ,2053,ยอดรวม,ร้อยละ,ภาคใต้,2567
60 ปีขึ้นไป,41.22,ไตรมาส 1,สำนักงานสถิติแห่งชาติ,2054,ยอดรวม,ร้อยละ,ภาคใต้,2567
ยอดรวม,78.78,ไตรมาส 1,สำนักงานสถิติแห่งชาติ,2055,ชาย,ร้อยละ,ภาคใต้,2567
15-19 ปี,21.3,ไตรมาส 1,สำนักงานสถิติแห่งชาติ,2056,ชาย,ร้อยละ,ภาคใต้,2567
20-24 ปี,75.41,ไตรมาส 1,สำนักงานสถิติแห่งชาติ,2057,ชาย,ร้อยละ,ภาคใต้,2567
25-29 ปี,94.62,ไตรมาส 1,สำนักงานสถิติแห่งชาติ,2058,ชาย,ร้อยละ,ภาคใต้,2567
30-34 ปี,96.31,ไตรมาส 1,สำนักงานสถิติแห่งชาติ,2059,ชาย,ร้อยละ,ภาคใต้,2567
35-39 ปี,95.76,ไตรมาส 1,สำนักงานสถิติแห่งชาติ,2060,ชาย,ร้อยละ,ภาคใต้,2567
40-49 ปี,95.68,ไตรมาส 1,สำนักงานสถิติแห่งชาติ,2061,ชาย,ร้อยละ,ภาคใต้,2567
50-59 ปี,94.27,ไตรมาส 1,สำนักงานสถิติแห่งชาติ,2062,ชาย,ร้อยละ,ภาคใต้,2567
60 ปีขึ้นไป,52.42,ไตรมาส 1,สำนักงานสถิติแห่งชาติ,2063,ชาย,ร้อยละ,ภาคใต้,2567
ยอดรวม,59.96,ไตรมาส 1,สำนักงานสถิติแห่งชาติ,2064,หญิง,ร้อยละ,ภาคใต้,2567
15-19 ปี,6.41,ไตรมาส 1,สำนักงานสถิติแห่งชาติ,2065,หญิง,ร้อยละ,ภาคใต้,2567
20-24 ปี,50.84,ไตรมาส 1,สำนักงานสถิติแห่งชาติ,2066,หญิง,ร้อยละ,ภาคใต้,2567
25-29 ปี,77.68,ไตรมาส 1,สำนักงานสถิติแห่งชาติ,2067,หญิง,ร้อยละ,ภาคใต้,2567
30-34 ปี,78.88,ไตรมาส 1,สำนักงานสถิติแห่งชาติ,2068,หญิง,ร้อยละ,ภาคใต้,2567
35-39 ปี,77.44,ไตรมาส 1,สำนักงานสถิติแห่งชาติ,2069,หญิง,ร้อยละ,ภาคใต้,2567
40-49 ปี,82.48,ไตรมาส 1,สำนักงานสถิติแห่งชาติ,2070,หญิง,ร้อยละ,ภาคใต้,2567
50-59 ปี,77.22,ไตรมาส 1,สำนักงานสถิติแห่งชาติ,2071,หญิง,ร้อยละ,ภาคใต้,2567
60 ปีขึ้นไป,33.01,ไตรมาส 1,สำนักงานสถิติแห่งชาติ,2072,หญิง,ร้อยละ,ภาคใต้,2567
ยอดรวม,67.9,ไตรมาส 2,สำนักงานสถิติแห่งชาติ,2073,ยอดรวม,ร้อยละ,ทั่วราชอาณาจักร,2567
15-19 ปี,12.71,ไตรมาส 2,สำนักงานสถิติแห่งชาติ,2074,ยอดรวม,ร้อยละ,ทั่วราชอาณาจักร,2567
20-24 ปี,64.27,ไตรมาส 2,สำนักงานสถิติแห่งชาติ,2075,ยอดรวม,ร้อยละ,ทั่วราชอาณาจักร,2567
25-29 ปี,87.69,ไตรมาส 2,สำนักงานสถิติแห่งชาติ,2076,ยอดรวม,ร้อยละ,ทั่วราชอาณาจักร,2567
30-34 ปี,89.31,ไตรมาส 2,สำนักงานสถิติแห่งชาติ,2077,ยอดรวม,ร้อยละ,ทั่วราชอาณาจักร,2567
35-39 ปี,90.91,ไตรมาส 2,สำนักงานสถิติแห่งชาติ,2078,ยอดรวม,ร้อยละ,ทั่วราชอาณาจักร,2567
40-49 ปี,89.08,ไตรมาส 2,สำนักงานสถิติแห่งชาติ,2079,ยอดรวม,ร้อยละ,ทั่วราชอาณาจักร,2567
50-59 ปี,82.2,ไตรมาส 2,สำนักงานสถิติแห่งชาติ,2080,ยอดรวม,ร้อยละ,ทั่วราชอาณาจักร,2567
60 ปีขึ้นไป,36.64,ไตรมาส 2,สำนักงานสถิติแห่งชาติ,2081,ยอดรวม,ร้อยละ,ทั่วราชอาณาจักร,2567
ยอดรวม,76.9,ไตรมาส 2,สำนักงานสถิติแห่งชาติ,2082,ชาย,ร้อยละ,ทั่วราชอาณาจักร,2567
15-19 ปี,17.01,ไตรมาส 2,สำนักงานสถิติแห่งชาติ,2083,ชาย,ร้อยละ,ทั่วราชอาณาจักร,2567
20-24 ปี,72.03,ไตรมาส 2,สำนักงานสถิติแห่งชาติ,2084,ชาย,ร้อยละ,ทั่วราชอาณาจักร,2567
25-29 ปี,93.21,ไตรมาส 2,สำนักงานสถิติแห่งชาติ,2085,ชาย,ร้อยละ,ทั่วราชอาณาจักร,2567
30-34 ปี,95.73,ไตรมาส 2,สำนักงานสถิติแห่งชาติ,2086,ชาย,ร้อยละ,ทั่วราชอาณาจักร,2567
35-39 ปี,96.29,ไตรมาส 2,สำนักงานสถิติแห่งชาติ,2087,ชาย,ร้อยละ,ทั่วราชอาณาจักร,2567
40-49 ปี,95.47,ไตรมาส 2,สำนักงานสถิติแห่งชาติ,2088,ชาย,ร้อยละ,ทั่วราชอาณาจักร,2567
50-59 ปี,92.18,ไตรมาส 2,สำนักงานสถิติแห่งชาติ,2089,ชาย,ร้อยละ,ทั่วราชอาณาจักร,2567
60 ปีขึ้นไป,48.45,ไตรมาส 2,สำนักงานสถิติแห่งชาติ,2090,ชาย,ร้อยละ,ทั่วราชอาณาจักร,2567
ยอดรวม,59.72,ไตรมาส 2,สำนักงานสถิติแห่งชาติ,2091,หญิง,ร้อยละ,ทั่วราชอาณาจักร,2567
15-19 ปี,8.34,ไตรมาส 2,สำนักงานสถิติแห่งชาติ,2092,หญิง,ร้อยละ,ทั่วราชอาณาจักร,2567
20-24 ปี,56.55,ไตรมาส 2,สำนักงานสถิติแห่งชาติ,2093,หญิง,ร้อยละ,ทั่วราชอาณาจักร,2567
25-29 ปี,82.14,ไตรมาส 2,สำนักงานสถิติแห่งชาติ,2094,หญิง,ร้อยละ,ทั่วราชอาณาจักร,2567
30-34 ปี,82.82,ไตรมาส 2,สำนักงานสถิติแห่งชาติ,2095,หญิง,ร้อยละ,ทั่วราชอาณาจักร,2567
35-39 ปี,85.54,ไตรมาส 2,สำนักงานสถิติแห่งชาติ,2096,หญิง,ร้อยละ,ทั่วราชอาณาจักร,2567
40-49 ปี,82.9,ไตรมาส 2,สำนักงานสถิติแห่งชาติ,2097,หญิง,ร้อยละ,ทั่วราชอาณาจักร,2567
50-59 ปี,73.05,ไตรมาส 2,สำนักงานสถิติแห่งชาติ,2098,หญิง,ร้อยละ,ทั่วราชอาณาจักร,2567
60 ปีขึ้นไป,28.06,ไตรมาส 2,สำนักงานสถิติแห่งชาติ,2099,หญิง,ร้อยละ,ทั่วราชอาณาจักร,2567
ยอดรวม,73.89,ไตรมาส 2,สำนักงานสถิติแห่งชาติ,2100,ยอดรวม,ร้อยละ,กรุงเทพมหานคร,2567
15-19 ปี,13.28,ไตรมาส 2,สำนักงานสถิติแห่งชาติ,2101,ยอดรวม,ร้อยละ,กรุงเทพมหานคร,2567
20-24 ปี,64.23,ไตรมาส 2,สำนักงานสถิติแห่งชาติ,2102,ยอดรวม,ร้อยละ,กรุงเทพมหานคร,2567
25-29 ปี,92.28,ไตรมาส 2,สำนักงานสถิติแห่งชาติ,2103,ยอดรวม,ร้อยละ,กรุงเทพมหานคร,2567
30-34 ปี,92.54,ไตรมาส 2,สำนักงานสถิติแห่งชาติ,2104,ยอดรวม,ร้อยละ,กรุงเทพมหานคร,2567
35-39 ปี,93.22,ไตรมาส 2,สำนักงานสถิติแห่งชาติ,2105,ยอดรวม,ร้อยละ,กรุงเทพมหานคร,2567
40-49 ปี,90.74,ไตรมาส 2,สำนักงานสถิติแห่งชาติ,2106,ยอดรวม,ร้อยละ,กรุงเทพมหานคร,2567
50-59 ปี,82.29,ไตรมาส 2,สำนักงานสถิติแห่งชาติ,2107,ยอดรวม,ร้อยละ,กรุงเทพมหานคร,2567
60 ปีขึ้นไป,31.58,ไตรมาส 2,สำนักงานสถิติแห่งชาติ,2108,ยอดรวม,ร้อยละ,กรุงเทพมหานคร,2567
ยอดรวม,81.05,ไตรมาส 2,สำนักงานสถิติแห่งชาติ,2109,ชาย,ร้อยละ,กรุงเทพมหานคร,2567
15-19 ปี,13.88,ไตรมาส 2,สำนักงานสถิติแห่งชาติ,2110,ชาย,ร้อยละ,กรุงเทพมหานคร,2567
20-24 ปี,68.76,ไตรมาส 2,สำนักงานสถิติแห่งชาติ,2111,ชาย,ร้อยละ,กรุงเทพมหานคร,2567
25-29 ปี,95.03,ไตรมาส 2,สำนักงานสถิติแห่งชาติ,2112,ชาย,ร้อยละ,กรุงเทพมหานคร,2567
30-34 ปี,97.4,ไตรมาส 2,สำนักงานสถิติแห่งชาติ,2113,ชาย,ร้อยละ,กรุงเทพมหานคร,2567
35-39 ปี,98.28,ไตรมาส 2,สำนักงานสถิติแห่งชาติ,2114,ชาย,ร้อยละ,กรุงเทพมหานคร,2567
40-49 ปี,96.74,ไตรมาส 2,สำนักงานสถิติแห่งชาติ,2115,ชาย,ร้อยละ,กรุงเทพมหานคร,2567
50-59 ปี,91.93,ไตรมาส 2,สำนักงานสถิติแห่งชาติ,2116,ชาย,ร้อยละ,กรุงเทพมหานคร,2567
60 ปีขึ้นไป,38.06,ไตรมาส 2,สำนักงานสถิติแห่งชาติ,2117,ชาย,ร้อยละ,กรุงเทพมหานคร,2567
ยอดรวม,67.44,ไตรมาส 2,สำนักงานสถิติแห่งชาติ,2118,หญิง,ร้อยละ,กรุงเทพมหานคร,2567
15-19 ปี,12.71,ไตรมาส 2,สำนักงานสถิติแห่งชาติ,2119,หญิง,ร้อยละ,กรุงเทพมหานคร,2567
20-24 ปี,59.92,ไตรมาส 2,สำนักงานสถิติแห่งชาติ,2120,หญิง,ร้อยละ,กรุงเทพมหานคร,2567
25-29 ปี,89.59,ไตรมาส 2,สำนักงานสถิติแห่งชาติ,2121,หญิง,ร้อยละ,กรุงเทพมหานคร,2567
30-34 ปี,87.76,ไตรมาส 2,สำนักงานสถิติแห่งชาติ,2122,หญิง,ร้อยละ,กรุงเทพมหานคร,2567
35-39 ปี,88.59,ไตรมาส 2,สำนักงานสถิติแห่งชาติ,2123,หญิง,ร้อยละ,กรุงเทพมหานคร,2567
40-49 ปี,84.99,ไตรมาส 2,สำนักงานสถิติแห่งชาติ,2124,หญิง,ร้อยละ,กรุงเทพมหานคร,2567
50-59 ปี,73.18,ไตรมาส 2,สำนักงานสถิติแห่งชาติ,2125,หญิง,ร้อยละ,กรุงเทพมหานคร,2567
60 ปีขึ้นไป,27.03,ไตรมาส 2,สำนักงานสถิติแห่งชาติ,2126,หญิง,ร้อยละ,กรุงเทพมหานคร,2567
ยอดรวม,71.32,ไตรมาส 2,สำนักงานสถิติแห่งชาติ,2127,ยอดรวม,ร้อยละ,ภาคกลาง,2567
15-19 ปี,14.94,ไตรมาส 2,สำนักงานสถิติแห่งชาติ,2128,ยอดรวม,ร้อยละ,ภาคกลาง,2567
20-24 ปี,66.97,ไตรมาส 2,สำนักงานสถิติแห่งชาติ,2129,ยอดรวม,ร้อยละ,ภาคกลาง,2567
25-29 ปี,91.22,ไตรมาส 2,สำนักงานสถิติแห่งชาติ,2130,ยอดรวม,ร้อยละ,ภาคกลาง,2567
30-34 ปี,92.34,ไตรมาส 2,สำนักงานสถิติแห่งชาติ,2131,ยอดรวม,ร้อยละ,ภาคกลาง,2567
35-39 ปี,92.56,ไตรมาส 2,สำนักงานสถิติแห่งชาติ,2132,ยอดรวม,ร้อยละ,ภาคกลาง,2567
40-49 ปี,89.62,ไตรมาส 2,สำนักงานสถิติแห่งชาติ,2133,ยอดรวม,ร้อยละ,ภาคกลาง,2567
50-59 ปี,80.43,ไตรมาส 2,สำนักงานสถิติแห่งชาติ,2134,ยอดรวม,ร้อยละ,ภาคกลาง,2567
60 ปีขึ้นไป,34.76,ไตรมาส 2,สำนักงานสถิติแห่งชาติ,2135,ยอดรวม,ร้อยละ,ภาคกลาง,2567
ยอดรวม,79.55,ไตรมาส 2,สำนักงานสถิติแห่งชาติ,2136,ชาย,ร้อยละ,ภาคกลาง,2567
15-19 ปี,20.05,ไตรมาส 2,สำนักงานสถิติแห่งชาติ,2137,ชาย,ร้อยละ,ภาคกลาง,2567
20-24 ปี,73.33,ไตรมาส 2,สำนักงานสถิติแห่งชาติ,2138,ชาย,ร้อยละ,ภาคกลาง,2567
25-29 ปี,95.85,ไตรมาส 2,สำนักงานสถิติแห่งชาติ,2139,ชาย,ร้อยละ,ภาคกลาง,2567
30-34 ปี,96.45,ไตรมาส 2,สำนักงานสถิติแห่งชาติ,2140,ชาย,ร้อยละ,ภาคกลาง,2567
35-39 ปี,96.99,ไตรมาส 2,สำนักงานสถิติแห่งชาติ,2141,ชาย,ร้อยละ,ภาคกลาง,2567
40-49 ปี,95.94,ไตรมาส 2,สำนักงานสถิติแห่งชาติ,2142,ชาย,ร้อยละ,ภาคกลาง,2567
50-59 ปี,89.93,ไตรมาส 2,สำนักงานสถิติแห่งชาติ,2143,ชาย,ร้อยละ,ภาคกลาง,2567
60 ปีขึ้นไป,45.1,ไตรมาส 2,สำนักงานสถิติแห่งชาติ,2144,ชาย,ร้อยละ,ภาคกลาง,2567
ยอดรวม,63.76,ไตรมาส 2,สำนักงานสถิติแห่งชาติ,2145,หญิง,ร้อยละ,ภาคกลาง,2567
15-19 ปี,9.94,ไตรมาส 2,สำนักงานสถิติแห่งชาติ,2146,หญิง,ร้อยละ,ภาคกลาง,2567
20-24 ปี,60.86,ไตรมาส 2,สำนักงานสถิติแห่งชาติ,2147,หญิง,ร้อยละ,ภาคกลาง,2567
25-29 ปี,86.53,ไตรมาส 2,สำนักงานสถิติแห่งชาติ,2148,หญิง,ร้อยละ,ภาคกลาง,2567
30-34 ปี,88.13,ไตรมาส 2,สำนักงานสถิติแห่งชาติ,2149,หญิง,ร้อยละ,ภาคกลาง,2567
35-39 ปี,88.09,ไตรมาส 2,สำนักงานสถิติแห่งชาติ,2150,หญิง,ร้อยละ,ภาคกลาง,2567
40-49 ปี,83.41,ไตรมาส 2,สำนักงานสถิติแห่งชาติ,2151,หญิง,ร้อยละ,ภาคกลาง,2567
50-59 ปี,71.58,ไตรมาส 2,สำนักงานสถิติแห่งชาติ,2152,หญิง,ร้อยละ,ภาคกลาง,2567
60 ปีขึ้นไป,27.47,ไตรมาส 2,สำนักงานสถิติแห่งชาติ,2153,หญิง,ร้อยละ,ภาคกลาง,2567
ยอดรวม,64.93,ไตรมาส 2,สำนักงานสถิติแห่งชาติ,2154,ยอดรวม,ร้อยละ,ภาคเหนือ,2567
15-19 ปี,13.98,ไตรมาส 2,สำนักงานสถิติแห่งชาติ,2155,ยอดรวม,ร้อยละ,ภาคเหนือ,2567
20-24 ปี,65.14,ไตรมาส 2,สำนักงานสถิติแห่งชาติ,2156,ยอดรวม,ร้อยละ,ภาคเหนือ,2567
25-29 ปี,86.22,ไตรมาส 2,สำนักงานสถิติแห่งชาติ,2157,ยอดรวม,ร้อยละ,ภาคเหนือ,2567
30-34 ปี,86.7,ไตรมาส 2,สำนักงานสถิติแห่งชาติ,2158,ยอดรวม,ร้อยละ,ภาคเหนือ,2567
35-39 ปี,90.8,ไตรมาส 2,สำนักงานสถิติแห่งชาติ,2159,ยอดรวม,ร้อยละ,ภาคเหนือ,2567
40-49 ปี,88.52,ไตรมาส 2,สำนักงานสถิติแห่งชาติ,2160,ยอดรวม,ร้อยละ,ภาคเหนือ,2567
50-59 ปี,82.83,ไตรมาส 2,สำนักงานสถิติแห่งชาติ,2161,ยอดรวม,ร้อยละ,ภาคเหนือ,2567
60 ปีขึ้นไป,39.81,ไตรมาส 2,สำนักงานสถิติแห่งชาติ,2162,ยอดรวม,ร้อยละ,ภาคเหนือ,2567
ยอดรวม,73.98,ไตรมาส 2,สำนักงานสถิติแห่งชาติ,2163,ชาย,ร้อยละ,ภาคเหนือ,2567
15-19 ปี,17.32,ไตรมาส 2,สำนักงานสถิติแห่งชาติ,2164,ชาย,ร้อยละ,ภาคเหนือ,2567
20-24 ปี,74.98,ไตรมาส 2,สำนักงานสถิติแห่งชาติ,2165,ชาย,ร้อยละ,ภาคเหนือ,2567
25-29 ปี,90.25,ไตรมาส 2,สำนักงานสถิติแห่งชาติ,2166,ชาย,ร้อยละ,ภาคเหนือ,2567
30-34 ปี,94.19,ไตรมาส 2,สำนักงานสถิติแห่งชาติ,2167,ชาย,ร้อยละ,ภาคเหนือ,2567
35-39 ปี,95.37,ไตรมาส 2,สำนักงานสถิติแห่งชาติ,2168,ชาย,ร้อยละ,ภาคเหนือ,2567
40-49 ปี,93.35,ไตรมาส 2,สำนักงานสถิติแห่งชาติ,2169,ชาย,ร้อยละ,ภาคเหนือ,2567
50-59 ปี,92.74,ไตรมาส 2,สำนักงานสถิติแห่งชาติ,2170,ชาย,ร้อยละ,ภาคเหนือ,2567
60 ปีขึ้นไป,51.57,ไตรมาส 2,สำนักงานสถิติแห่งชาติ,2171,ชาย,ร้อยละ,ภาคเหนือ,2567
ยอดรวม,56.78,ไตรมาส 2,สำนักงานสถิติแห่งชาติ,2172,หญิง,ร้อยละ,ภาคเหนือ,2567
15-19 ปี,10.49,ไตรมาส 2,สำนักงานสถิติแห่งชาติ,2173,หญิง,ร้อยละ,ภาคเหนือ,2567
20-24 ปี,55.11,ไตรมาส 2,สำนักงานสถิติแห่งชาติ,2174,หญิง,ร้อยละ,ภาคเหนือ,2567
25-29 ปี,82.13,ไตรมาส 2,สำนักงานสถิติแห่งชาติ,2175,หญิง,ร้อยละ,ภาคเหนือ,2567
30-34 ปี,79.0,ไตรมาส 2,สำนักงานสถิติแห่งชาติ,2176,หญิง,ร้อยละ,ภาคเหนือ,2567
35-39 ปี,86.0,ไตรมาส 2,สำนักงานสถิติแห่งชาติ,2177,หญิง,ร้อยละ,ภาคเหนือ,2567
40-49 ปี,83.82,ไตรมาส 2,สำนักงานสถิติแห่งชาติ,2178,หญิง,ร้อยละ,ภาคเหนือ,2567
50-59 ปี,74.02,ไตรมาส 2,สำนักงานสถิติแห่งชาติ,2179,หญิง,ร้อยละ,ภาคเหนือ,2567
60 ปีขึ้นไป,31.12,ไตรมาส 2,สำนักงานสถิติแห่งชาติ,2180,หญิง,ร้อยละ,ภาคเหนือ,2567
ยอดรวม,61.98,ไตรมาส 2,สำนักงานสถิติแห่งชาติ,2181,ยอดรวม,ร้อยละ,ภาคตะวันออกเฉียงเหนือ,2567
15-19 ปี,9.15,ไตรมาส 2,สำนักงานสถิติแห่งชาติ,2182,ยอดรวม,ร้อยละ,ภาคตะวันออกเฉียงเหนือ,2567
20-24 ปี,59.95,ไตรมาส 2,สำนักงานสถิติแห่งชาติ,2183,ยอดรวม,ร้อยละ,ภาคตะวันออกเฉียงเหนือ,2567
25-29 ปี,82.67,ไตรมาส 2,สำนักงานสถิติแห่งชาติ,2184,ยอดรวม,ร้อยละ,ภาคตะวันออกเฉียงเหนือ,2567
30-34 ปี,84.25,ไตรมาส 2,สำนักงานสถิติแห่งชาติ,2185,ยอดรวม,ร้อยละ,ภาคตะวันออกเฉียงเหนือ,2567
35-39 ปี,86.84,ไตรมาส 2,สำนักงานสถิติแห่งชาติ,2186,ยอดรวม,ร้อยละ,ภาคตะวันออกเฉียงเหนือ,2567
40-49 ปี,87.92,ไตรมาส 2,สำนักงานสถิติแห่งชาติ,2187,ยอดรวม,ร้อยละ,ภาคตะวันออกเฉียงเหนือ,2567
50-59 ปี,82.91,ไตรมาส 2,สำนักงานสถิติแห่งชาติ,2188,ยอดรวม,ร้อยละ,ภาคตะวันออกเฉียงเหนือ,2567
60 ปีขึ้นไป,36.57,ไตรมาส 2,สำนักงานสถิติแห่งชาติ,2189,ยอดรวม,ร้อยละ,ภาคตะวันออกเฉียงเหนือ,2567
ยอดรวม,72.01,ไตรมาส 2,สำนักงานสถิติแห่งชาติ,2190,ชาย,ร้อยละ,ภาคตะวันออกเฉียงเหนือ,2567
15-19 ปี,13.68,ไตรมาส 2,สำนักงานสถิติแห่งชาติ,2191,ชาย,ร้อยละ,ภาคตะวันออกเฉียงเหนือ,2567
20-24 ปี,68.05,ไตรมาส 2,สำนักงานสถิติแห่งชาติ,2192,ชาย,ร้อยละ,ภาคตะวันออกเฉียงเหนือ,2567
25-29 ปี,89.01,ไตรมาส 2,สำนักงานสถิติแห่งชาติ,2193,ชาย,ร้อยละ,ภาคตะวันออกเฉียงเหนือ,2567
30-34 ปี,93.38,ไตรมาส 2,สำนักงานสถิติแห่งชาติ,2194,ชาย,ร้อยละ,ภาคตะวันออกเฉียงเหนือ,2567
35-39 ปี,92.55,ไตรมาส 2,สำนักงานสถิติแห่งชาติ,2195,ชาย,ร้อยละ,ภาคตะวันออกเฉียงเหนือ,2567
40-49 ปี,93.89,ไตรมาส 2,สำนักงานสถิติแห่งชาติ,2196,ชาย,ร้อยละ,ภาคตะวันออกเฉียงเหนือ,2567
50-59 ปี,93.74,ไตรมาส 2,สำนักงานสถิติแห่งชาติ,2197,ชาย,ร้อยละ,ภาคตะวันออกเฉียงเหนือ,2567
60 ปีขึ้นไป,51.06,ไตรมาส 2,สำนักงานสถิติแห่งชาติ,2198,ชาย,ร้อยละ,ภาคตะวันออกเฉียงเหนือ,2567
ยอดรวม,52.94,ไตรมาส 2,สำนักงานสถิติแห่งชาติ,2199,หญิง,ร้อยละ,ภาคตะวันออกเฉียงเหนือ,2567
15-19 ปี,4.39,ไตรมาส 2,สำนักงานสถิติแห่งชาติ,2200,หญิง,ร้อยละ,ภาคตะวันออกเฉียงเหนือ,2567
20-24 ปี,51.62,ไตรมาส 2,สำนักงานสถิติแห่งชาติ,2201,หญิง,ร้อยละ,ภาคตะวันออกเฉียงเหนือ,2567
25-29 ปี,76.34,ไตรมาส 2,สำนักงานสถิติแห่งชาติ,2202,หญิง,ร้อยละ,ภาคตะวันออกเฉียงเหนือ,2567
30-34 ปี,75.25,ไตรมาส 2,สำนักงานสถิติแห่งชาติ,2203,หญิง,ร้อยละ,ภาคตะวันออกเฉียงเหนือ,2567
35-39 ปี,80.96,ไตรมาส 2,สำนักงานสถิติแห่งชาติ,2204,หญิง,ร้อยละ,ภาคตะวันออกเฉียงเหนือ,2567
40-49 ปี,82.3,ไตรมาส 2,สำนักงานสถิติแห่งชาติ,2205,หญิง,ร้อยละ,ภาคตะวันออกเฉียงเหนือ,2567
50-59 ปี,73.16,ไตรมาส 2,สำนักงานสถิติแห่งชาติ,2206,หญิง,ร้อยละ,ภาคตะวันออกเฉียงเหนือ,2567
60 ปีขึ้นไป,25.77,ไตรมาส 2,สำนักงานสถิติแห่งชาติ,2207,หญิง,ร้อยละ,ภาคตะวันออกเฉียงเหนือ,2567
ยอดรวม,68.52,ไตรมาส 2,สำนักงานสถิติแห่งชาติ,2208,ยอดรวม,ร้อยละ,ภาคใต้,2567
15-19 ปี,14.42,ไตรมาส 2,สำนักงานสถิติแห่งชาติ,2209,ยอดรวม,ร้อยละ,ภาคใต้,2567
20-24 ปี,65.86,ไตรมาส 2,สำนักงานสถิติแห่งชาติ,2210,ยอดรวม,ร้อยละ,ภาคใต้,2567
25-29 ปี,85.21,ไตรมาส 2,สำนักงานสถิติแห่งชาติ,2211,ยอดรวม,ร้อยละ,ภาคใต้,2567
30-34 ปี,87.27,ไตรมาส 2,สำนักงานสถิติแห่งชาติ,2212,ยอดรวม,ร้อยละ,ภาคใต้,2567
35-39 ปี,87.77,ไตรมาส 2,สำนักงานสถิติแห่งชาติ,2213,ยอดรวม,ร้อยละ,ภาคใต้,2567
40-49 ปี,87.75,ไตรมาส 2,สำนักงานสถิติแห่งชาติ,2214,ยอดรวม,ร้อยละ,ภาคใต้,2567
50-59 ปี,84.08,ไตรมาส 2,สำนักงานสถิติแห่งชาติ,2215,ยอดรวม,ร้อยละ,ภาคใต้,2567
60 ปีขึ้นไป,40.01,ไตรมาส 2,สำนักงานสถิติแห่งชาติ,2216,ยอดรวม,ร้อยละ,ภาคใต้,2567
ยอดรวม,79.08,ไตรมาส 2,สำนักงานสถิติแห่งชาติ,2217,ชาย,ร้อยละ,ภาคใต้,2567
15-19 ปี,19.84,ไตรมาส 2,สำนักงานสถิติแห่งชาติ,2218,ชาย,ร้อยละ,ภาคใต้,2567
20-24 ปี,76.07,ไตรมาส 2,สำนักงานสถิติแห่งชาติ,2219,ชาย,ร้อยละ,ภาคใต้,2567
25-29 ปี,95.5,ไตรมาส 2,สำนักงานสถิติแห่งชาติ,2220,ชาย,ร้อยละ,ภาคใต้,2567
30-34 ปี,96.74,ไตรมาส 2,สำนักงานสถิติแห่งชาติ,2221,ชาย,ร้อยละ,ภาคใต้,2567
35-39 ปี,96.77,ไตรมาส 2,สำนักงานสถิติแห่งชาติ,2222,ชาย,ร้อยละ,ภาคใต้,2567
40-49 ปี,96.93,ไตรมาส 2,สำนักงานสถิติแห่งชาติ,2223,ชาย,ร้อยละ,ภาคใต้,2567
50-59 ปี,93.9,ไตรมาส 2,สำนักงานสถิติแห่งชาติ,2224,ชาย,ร้อยละ,ภาคใต้,2567
60 ปีขึ้นไป,52.55,ไตรมาส 2,สำนักงานสถิติแห่งชาติ,2225,ชาย,ร้อยละ,ภาคใต้,2567
ยอดรวม,58.75,ไตรมาส 2,สำนักงานสถิติแห่งชาติ,2226,หญิง,ร้อยละ,ภาคใต้,2567
15-19 ปี,8.84,ไตรมาส 2,สำนักงานสถิติแห่งชาติ,2227,หญิง,ร้อยละ,ภาคใต้,2567
20-24 ปี,55.59,ไตรมาส 2,สำนักงานสถิติแห่งชาติ,2228,หญิง,ร้อยละ,ภาคใต้,2567
25-29 ปี,74.82,ไตรมาส 2,สำนักงานสถิติแห่งชาติ,2229,หญิง,ร้อยละ,ภาคใต้,2567
30-34 ปี,77.71,ไตรมาส 2,สำนักงานสถิติแห่งชาติ,2230,หญิง,ร้อยละ,ภาคใต้,2567
35-39 ปี,78.7,ไตรมาส 2,สำนักงานสถิติแห่งชาติ,2231,หญิง,ร้อยละ,ภาคใต้,2567
40-49 ปี,78.82,ไตรมาส 2,สำนักงานสถิติแห่งชาติ,2232,หญิง,ร้อยละ,ภาคใต้,2567
50-59 ปี,75.0,ไตรมาส 2,สำนักงานสถิติแห่งชาติ,2233,หญิง,ร้อยละ,ภาคใต้,2567
60 ปีขึ้นไป,30.81,ไตรมาส 2,สำนักงานสถิติแห่งชาติ,2234,หญิง,ร้อยละ,ภาคใต้,2567
ยอดรวม,68.34,ไตรมาส 3,สำนักงานสถิติแห่งชาติ,2235,ยอดรวม,ร้อยละ,ทั่วราชอาณาจักร,2567
15-19 ปี,11.62,ไตรมาส 3,สำนักงานสถิติแห่งชาติ,2236,ยอดรวม,ร้อยละ,ทั่วราชอาณาจักร,2567
20-24 ปี,64.58,ไตรมาส 3,สำนักงานสถิติแห่งชาติ,2237,ยอดรวม,ร้อยละ,ทั่วราชอาณาจักร,2567
25-29 ปี,87.81,ไตรมาส 3,สำนักงานสถิติแห่งชาติ,2238,ยอดรวม,ร้อยละ,ทั่วราชอาณาจักร,2567
30-34 ปี,90.27,ไตรมาส 3,สำนักงานสถิติแห่งชาติ,2239,ยอดรวม,ร้อยละ,ทั่วราชอาณาจักร,2567
35-39 ปี,91.06,ไตรมาส 3,สำนักงานสถิติแห่งชาติ,2240,ยอดรวม,ร้อยละ,ทั่วราชอาณาจักร,2567
40-49 ปี,89.82,ไตรมาส 3,สำนักงานสถิติแห่งชาติ,2241,ยอดรวม,ร้อยละ,ทั่วราชอาณาจักร,2567
50-59 ปี,83.17,ไตรมาส 3,สำนักงานสถิติแห่งชาติ,2242,ยอดรวม,ร้อยละ,ทั่วราชอาณาจักร,2567
60 ปีขึ้นไป,37.26,ไตรมาส 3,สำนักงานสถิติแห่งชาติ,2243,ยอดรวม,ร้อยละ,ทั่วราชอาณาจักร,2567
ยอดรวม,76.88,ไตรมาส 3,สำนักงานสถิติแห่งชาติ,2244,ชาย,ร้อยละ,ทั่วราชอาณาจักร,2567
15-19 ปี,16.01,ไตรมาส 3,สำนักงานสถิติแห่งชาติ,2245,ชาย,ร้อยละ,ทั่วราชอาณาจักร,2567
20-24 ปี,72.07,ไตรมาส 3,สำนักงานสถิติแห่งชาติ,2246,ชาย,ร้อยละ,ทั่วราชอาณาจักร,2567
25-29 ปี,94.04,ไตรมาส 3,สำนักงานสถิติแห่งชาติ,2247,ชาย,ร้อยละ,ทั่วราชอาณาจักร,2567
30-34 ปี,95.95,ไตรมาส 3,สำนักงานสถิติแห่งชาติ,2248,ชาย,ร้อยละ,ทั่วราชอาณาจักร,2567
35-39 ปี,96.24,ไตรมาส 3,สำนักงานสถิติแห่งชาติ,2249,ชาย,ร้อยละ,ทั่วราชอาณาจักร,2567
40-49 ปี,94.97,ไตรมาส 3,สำนักงานสถิติแห่งชาติ,2250,ชาย,ร้อยละ,ทั่วราชอาณาจักร,2567
50-59 ปี,92.34,ไตรมาส 3,สำนักงานสถิติแห่งชาติ,2251,ชาย,ร้อยละ,ทั่วราชอาณาจักร,2567
60 ปีขึ้นไป,48.69,ไตรมาส 3,สำนักงานสถิติแห่งชาติ,2252,ชาย,ร้อยละ,ทั่วราชอาณาจักร,2567
ยอดรวม,60.58,ไตรมาส 3,สำนักงานสถิติแห่งชาติ,2253,หญิง,ร้อยละ,ทั่วราชอาณาจักร,2567
15-19 ปี,7.14,ไตรมาส 3,สำนักงานสถิติแห่งชาติ,2254,หญิง,ร้อยละ,ทั่วราชอาณาจักร,2567
20-24 ปี,57.12,ไตรมาส 3,สำนักงานสถิติแห่งชาติ,2255,หญิง,ร้อยละ,ทั่วราชอาณาจักร,2567
25-29 ปี,81.55,ไตรมาส 3,สำนักงานสถิติแห่งชาติ,2256,หญิง,ร้อยละ,ทั่วราชอาณาจักร,2567
30-34 ปี,84.53,ไตรมาส 3,สำนักงานสถิติแห่งชาติ,2257,หญิง,ร้อยละ,ทั่วราชอาณาจักร,2567
35-39 ปี,85.9,ไตรมาส 3,สำนักงานสถิติแห่งชาติ,2258,หญิง,ร้อยละ,ทั่วราชอาณาจักร,2567
40-49 ปี,84.82,ไตรมาส 3,สำนักงานสถิติแห่งชาติ,2259,หญิง,ร้อยละ,ทั่วราชอาณาจักร,2567
50-59 ปี,74.74,ไตรมาส 3,สำนักงานสถิติแห่งชาติ,2260,หญิง,ร้อยละ,ทั่วราชอาณาจักร,2567
60 ปีขึ้นไป,28.95,ไตรมาส 3,สำนักงานสถิติแห่งชาติ,2261,หญิง,ร้อยละ,ทั่วราชอาณาจักร,2567
ยอดรวม,72.94,ไตรมาส 3,สำนักงานสถิติแห่งชาติ,2262,ยอดรวม,ร้อยละ,กรุงเทพมหานคร,2567
15-19 ปี,12.49,ไตรมาส 3,สำนักงานสถิติแห่งชาติ,2263,ยอดรวม,ร้อยละ,กรุงเทพมหานคร,2567
20-24 ปี,60.11,ไตรมาส 3,สำนักงานสถิติแห่งชาติ,2264,ยอดรวม,ร้อยละ,กรุงเทพมหานคร,2567
25-29 ปี,91.55,ไตรมาส 3,สำนักงานสถิติแห่งชาติ,2265,ยอดรวม,ร้อยละ,กรุงเทพมหานคร,2567
30-34 ปี,94.39,ไตรมาส 3,สำนักงานสถิติแห่งชาติ,2266,ยอดรวม,ร้อยละ,กรุงเทพมหานคร,2567
35-39 ปี,94.48,ไตรมาส 3,สำนักงานสถิติแห่งชาติ,2267,ยอดรวม,ร้อยละ,กรุงเทพมหานคร,2567
40-49 ปี,90.65,ไตรมาส 3,สำนักงานสถิติแห่งชาติ,2268,ยอดรวม,ร้อยละ,กรุงเทพมหานคร,2567
50-59 ปี,80.71,ไตรมาส 3,สำนักงานสถิติแห่งชาติ,2269,ยอดรวม,ร้อยละ,กรุงเทพมหานคร,2567
60 ปีขึ้นไป,28.73,ไตรมาส 3,สำนักงานสถิติแห่งชาติ,2270,ยอดรวม,ร้อยละ,กรุงเทพมหานคร,2567
ยอดรวม,79.62,ไตรมาส 3,สำนักงานสถิติแห่งชาติ,2271,ชาย,ร้อยละ,กรุงเทพมหานคร,2567
15-19 ปี,14.49,ไตรมาส 3,สำนักงานสถิติแห่งชาติ,2272,ชาย,ร้อยละ,กรุงเทพมหานคร,2567
20-24 ปี,65.24,ไตรมาส 3,สำนักงานสถิติแห่งชาติ,2273,ชาย,ร้อยละ,กรุงเทพมหานคร,2567
25-29 ปี,94.02,ไตรมาส 3,สำนักงานสถิติแห่งชาติ,2274,ชาย,ร้อยละ,กรุงเทพมหานคร,2567
30-34 ปี,97.76,ไตรมาส 3,สำนักงานสถิติแห่งชาติ,2275,ชาย,ร้อยละ,กรุงเทพมหานคร,2567
35-39 ปี,97.43,ไตรมาส 3,สำนักงานสถิติแห่งชาติ,2276,ชาย,ร้อยละ,กรุงเทพมหานคร,2567
40-49 ปี,95.83,ไตรมาส 3,สำนักงานสถิติแห่งชาติ,2277,ชาย,ร้อยละ,กรุงเทพมหานคร,2567
50-59 ปี,90.21,ไตรมาส 3,สำนักงานสถิติแห่งชาติ,2278,ชาย,ร้อยละ,กรุงเทพมหานคร,2567
60 ปีขึ้นไป,35.15,ไตรมาส 3,สำนักงานสถิติแห่งชาติ,2279,ชาย,ร้อยละ,กรุงเทพมหานคร,2567
ยอดรวม,66.92,ไตรมาส 3,สำนักงานสถิติแห่งชาติ,2280,หญิง,ร้อยละ,กรุงเทพมหานคร,2567
15-19 ปี,10.58,ไตรมาส 3,สำนักงานสถิติแห่งชาติ,2281,หญิง,ร้อยละ,กรุงเทพมหานคร,2567
20-24 ปี,55.23,ไตรมาส 3,สำนักงานสถิติแห่งชาติ,2282,หญิง,ร้อยละ,กรุงเทพมหานคร,2567
25-29 ปี,89.14,ไตรมาส 3,สำนักงานสถิติแห่งชาติ,2283,หญิง,ร้อยละ,กรุงเทพมหานคร,2567
30-34 ปี,91.06,ไตรมาส 3,สำนักงานสถิติแห่งชาติ,2284,หญิง,ร้อยละ,กรุงเทพมหานคร,2567
35-39 ปี,91.78,ไตรมาส 3,สำนักงานสถิติแห่งชาติ,2285,หญิง,ร้อยละ,กรุงเทพมหานคร,2567
40-49 ปี,85.69,ไตรมาส 3,สำนักงานสถิติแห่งชาติ,2286,หญิง,ร้อยละ,กรุงเทพมหานคร,2567
50-59 ปี,71.72,ไตรมาส 3,สำนักงานสถิติแห่งชาติ,2287,หญิง,ร้อยละ,กรุงเทพมหานคร,2567
60 ปีขึ้นไป,24.23,ไตรมาส 3,สำนักงานสถิติแห่งชาติ,2288,หญิง,ร้อยละ,กรุงเทพมหานคร,2567
ยอดรวม,70.9,ไตรมาส 3,สำนักงานสถิติแห่งชาติ,2289,ยอดรวม,ร้อยละ,ภาคกลาง,2567
15-19 ปี,13.24,ไตรมาส 3,สำนักงานสถิติแห่งชาติ,2290,ยอดรวม,ร้อยละ,ภาคกลาง,2567
20-24 ปี,66.1,ไตรมาส 3,สำนักงานสถิติแห่งชาติ,2291,ยอดรวม,ร้อยละ,ภาคกลาง,2567
25-29 ปี,90.17,ไตรมาส 3,สำนักงานสถิติแห่งชาติ,2292,ยอดรวม,ร้อยละ,ภาคกลาง,2567
30-34 ปี,92.99,ไตรมาส 3,สำนักงานสถิติแห่งชาติ,2293,ยอดรวม,ร้อยละ,ภาคกลาง,2567
35-39 ปี,92.4,ไตรมาส 3,สำนักงานสถิติแห่งชาติ,2294,ยอดรวม,ร้อยละ,ภาคกลาง,2567
40-49 ปี,89.84,ไตรมาส 3,สำนักงานสถิติแห่งชาติ,2295,ยอดรวม,ร้อยละ,ภาคกลาง,2567
50-59 ปี,81.27,ไตรมาส 3,สำนักงานสถิติแห่งชาติ,2296,ยอดรวม,ร้อยละ,ภาคกลาง,2567
60 ปีขึ้นไป,33.19,ไตรมาส 3,สำนักงานสถิติแห่งชาติ,2297,ยอดรวม,ร้อยละ,ภาคกลาง,2567
ยอดรวม,78.75,ไตรมาส 3,สำนักงานสถิติแห่งชาติ,2298,ชาย,ร้อยละ,ภาคกลาง,2567
15-19 ปี,17.49,ไตรมาส 3,สำนักงานสถิติแห่งชาติ,2299,ชาย,ร้อยละ,ภาคกลาง,2567
20-24 ปี,72.09,ไตรมาส 3,สำนักงานสถิติแห่งชาติ,2300,ชาย,ร้อยละ,ภาคกลาง,2567
25-29 ปี,95.28,ไตรมาส 3,สำนักงานสถิติแห่งชาติ,2301,ชาย,ร้อยละ,ภาคกลาง,2567
30-34 ปี,96.97,ไตรมาส 3,สำนักงานสถิติแห่งชาติ,2302,ชาย,ร้อยละ,ภาคกลาง,2567
35-39 ปี,96.72,ไตรมาส 3,สำนักงานสถิติแห่งชาติ,2303,ชาย,ร้อยละ,ภาคกลาง,2567
40-49 ปี,95.39,ไตรมาส 3,สำนักงานสถิติแห่งชาติ,2304,ชาย,ร้อยละ,ภาคกลาง,2567
50-59 ปี,90.98,ไตรมาส 3,สำนักงานสถิติแห่งชาติ,2305,ชาย,ร้อยละ,ภาคกลาง,2567
60 ปีขึ้นไป,42.04,ไตรมาส 3,สำนักงานสถิติแห่งชาติ,2306,ชาย,ร้อยละ,ภาคกลาง,2567
ยอดรวม,63.69,ไตรมาส 3,สำนักงานสถิติแห่งชาติ,2307,หญิง,ร้อยละ,ภาคกลาง,2567
15-19 ปี,9.08,ไตรมาส 3,สำนักงานสถิติแห่งชาติ,2308,หญิง,ร้อยละ,ภาคกลาง,2567
20-24 ปี,60.36,ไตรมาส 3,สำนักงานสถิติแห่งชาติ,2309,หญิง,ร้อยละ,ภาคกลาง,2567
25-29 ปี,84.99,ไตรมาส 3,สำนักงานสถิติแห่งชาติ,2310,หญิง,ร้อยละ,ภาคกลาง,2567
30-34 ปี,88.9,ไตรมาส 3,สำนักงานสถิติแห่งชาติ,2311,หญิง,ร้อยละ,ภาคกลาง,2567
35-39 ปี,88.04,ไตรมาส 3,สำนักงานสถิติแห่งชาติ,2312,หญิง,ร้อยละ,ภาคกลาง,2567
40-49 ปี,84.38,ไตรมาส 3,สำนักงานสถิติแห่งชาติ,2313,หญิง,ร้อยละ,ภาคกลาง,2567
50-59 ปี,72.22,ไตรมาส 3,สำนักงานสถิติแห่งชาติ,2314,หญิง,ร้อยละ,ภาคกลาง,2567
60 ปีขึ้นไป,26.95,ไตรมาส 3,สำนักงานสถิติแห่งชาติ,2315,หญิง,ร้อยละ,ภาคกลาง,2567
ยอดรวม,65.15,ไตรมาส 3,สำนักงานสถิติแห่งชาติ,2316,ยอดรวม,ร้อยละ,ภาคเหนือ,2567
15-19 ปี,13.89,ไตรมาส 3,สำนักงานสถิติแห่งชาติ,2317,ยอดรวม,ร้อยละ,ภาคเหนือ,2567
20-24 ปี,63.39,ไตรมาส 3,สำนักงานสถิติแห่งชาติ,2318,ยอดรวม,ร้อยละ,ภาคเหนือ,2567
25-29 ปี,84.2,ไตรมาส 3,สำนักงานสถิติแห่งชาติ,2319,ยอดรวม,ร้อยละ,ภาคเหนือ,2567
30-34 ปี,86.38,ไตรมาส 3,สำนักงานสถิติแห่งชาติ,2320,ยอดรวม,ร้อยละ,ภาคเหนือ,2567
35-39 ปี,91.38,ไตรมาส 3,สำนักงานสถิติแห่งชาติ,2321,ยอดรวม,ร้อยละ,ภาคเหนือ,2567
40-49 ปี,89.8,ไตรมาส 3,สำนักงานสถิติแห่งชาติ,2322,ยอดรวม,ร้อยละ,ภาคเหนือ,2567
50-59 ปี,83.15,ไตรมาส 3,สำนักงานสถิติแห่งชาติ,2323,ยอดรวม,ร้อยละ,ภาคเหนือ,2567
60 ปีขึ้นไป,41.0,ไตรมาส 3,สำนักงานสถิติแห่งชาติ,2324,ยอดรวม,ร้อยละ,ภาคเหนือ,2567
ยอดรวม,74.6,ไตรมาส 3,สำนักงานสถิติแห่งชาติ,2325,ชาย,ร้อยละ,ภาคเหนือ,2567
15-19 ปี,18.58,ไตรมาส 3,สำนักงานสถิติแห่งชาติ,2326,ชาย,ร้อยละ,ภาคเหนือ,2567
20-24 ปี,73.49,ไตรมาส 3,สำนักงานสถิติแห่งชาติ,2327,ชาย,ร้อยละ,ภาคเหนือ,2567
25-29 ปี,91.48,ไตรมาส 3,สำนักงานสถิติแห่งชาติ,2328,ชาย,ร้อยละ,ภาคเหนือ,2567
30-34 ปี,93.55,ไตรมาส 3,สำนักงานสถิติแห่งชาติ,2329,ชาย,ร้อยละ,ภาคเหนือ,2567
35-39 ปี,96.47,ไตรมาส 3,สำนักงานสถิติแห่งชาติ,2330,ชาย,ร้อยละ,ภาคเหนือ,2567
40-49 ปี,94.17,ไตรมาส 3,สำนักงานสถิติแห่งชาติ,2331,ชาย,ร้อยละ,ภาคเหนือ,2567
50-59 ปี,92.92,ไตรมาส 3,สำนักงานสถิติแห่งชาติ,2332,ชาย,ร้อยละ,ภาคเหนือ,2567
60 ปีขึ้นไป,53.1,ไตรมาส 3,สำนักงานสถิติแห่งชาติ,2333,ชาย,ร้อยละ,ภาคเหนือ,2567
ยอดรวม,56.65,ไตรมาส 3,สำนักงานสถิติแห่งชาติ,2334,หญิง,ร้อยละ,ภาคเหนือ,2567
15-19 ปี,8.99,ไตรมาส 3,สำนักงานสถิติแห่งชาติ,2335,หญิง,ร้อยละ,ภาคเหนือ,2567
20-24 ปี,53.06,ไตรมาส 3,สำนักงานสถิติแห่งชาติ,2336,หญิง,ร้อยละ,ภาคเหนือ,2567
25-29 ปี,76.82,ไตรมาส 3,สำนักงานสถิติแห่งชาติ,2337,หญิง,ร้อยละ,ภาคเหนือ,2567
30-34 ปี,79.04,ไตรมาส 3,สำนักงานสถิติแห่งชาติ,2338,หญิง,ร้อยละ,ภาคเหนือ,2567
35-39 ปี,86.03,ไตรมาส 3,สำนักงานสถิติแห่งชาติ,2339,หญิง,ร้อยละ,ภาคเหนือ,2567
40-49 ปี,85.54,ไตรมาส 3,สำนักงานสถิติแห่งชาติ,2340,หญิง,ร้อยละ,ภาคเหนือ,2567
50-59 ปี,74.44,ไตรมาส 3,สำนักงานสถิติแห่งชาติ,2341,หญิง,ร้อยละ,ภาคเหนือ,2567
60 ปีขึ้นไป,32.08,ไตรมาส 3,สำนักงานสถิติแห่งชาติ,2342,หญิง,ร้อยละ,ภาคเหนือ,2567
ยอดรวม,64.59,ไตรมาส 3,สำนักงานสถิติแห่งชาติ,2343,ยอดรวม,ร้อยละ,ภาคตะวันออกเฉียงเหนือ,2567
15-19 ปี,8.61,ไตรมาส 3,สำนักงานสถิติแห่งชาติ,2344,ยอดรวม,ร้อยละ,ภาคตะวันออกเฉียงเหนือ,2567
20-24 ปี,63.88,ไตรมาส 3,สำนักงานสถิติแห่งชาติ,2345,ยอดรวม,ร้อยละ,ภาคตะวันออกเฉียงเหนือ,2567
25-29 ปี,85.21,ไตรมาส 3,สำนักงานสถิติแห่งชาติ,2346,ยอดรวม,ร้อยละ,ภาคตะวันออกเฉียงเหนือ,2567
30-34 ปี,87.2,ไตรมาส 3,สำนักงานสถิติแห่งชาติ,2347,ยอดรวม,ร้อยละ,ภาคตะวันออกเฉียงเหนือ,2567
35-39 ปี,87.52,ไตรมาส 3,สำนักงานสถิติแห่งชาติ,2348,ยอดรวม,ร้อยละ,ภาคตะวันออกเฉียงเหนือ,2567
40-49 ปี,89.8,ไตรมาส 3,สำนักงานสถิติแห่งชาติ,2349,ยอดรวม,ร้อยละ,ภาคตะวันออกเฉียงเหนือ,2567
50-59 ปี,86.12,ไตรมาส 3,สำนักงานสถิติแห่งชาติ,2350,ยอดรวม,ร้อยละ,ภาคตะวันออกเฉียงเหนือ,2567
60 ปีขึ้นไป,40.21,ไตรมาส 3,สำนักงานสถิติแห่งชาติ,2351,ยอดรวม,ร้อยละ,ภาคตะวันออกเฉียงเหนือ,2567
ยอดรวม,73.32,ไตรมาส 3,สำนักงานสถิติแห่งชาติ,2352,ชาย,ร้อยละ,ภาคตะวันออกเฉียงเหนือ,2567
15-19 ปี,13.11,ไตรมาส 3,สำนักงานสถิติแห่งชาติ,2353,ชาย,ร้อยละ,ภาคตะวันออกเฉียงเหนือ,2567
20-24 ปี,70.92,ไตรมาส 3,สำนักงานสถิติแห่งชาติ,2354,ชาย,ร้อยละ,ภาคตะวันออกเฉียงเหนือ,2567
25-29 ปี,92.18,ไตรมาส 3,สำนักงานสถิติแห่งชาติ,2355,ชาย,ร้อยละ,ภาคตะวันออกเฉียงเหนือ,2567
30-34 ปี,94.33,ไตรมาส 3,สำนักงานสถิติแห่งชาติ,2356,ชาย,ร้อยละ,ภาคตะวันออกเฉียงเหนือ,2567
35-39 ปี,93.77,ไตรมาส 3,สำนักงานสถิติแห่งชาติ,2357,ชาย,ร้อยละ,ภาคตะวันออกเฉียงเหนือ,2567
40-49 ปี,93.19,ไตรมาส 3,สำนักงานสถิติแห่งชาติ,2358,ชาย,ร้อยละ,ภาคตะวันออกเฉียงเหนือ,2567
50-59 ปี,93.95,ไตรมาส 3,สำนักงานสถิติแห่งชาติ,2359,ชาย,ร้อยละ,ภาคตะวันออกเฉียงเหนือ,2567
60 ปีขึ้นไป,54.04,ไตรมาส 3,สำนักงานสถิติแห่งชาติ,2360,ชาย,ร้อยละ,ภาคตะวันออกเฉียงเหนือ,2567
ยอดรวม,56.72,ไตรมาส 3,สำนักงานสถิติแห่งชาติ,2361,หญิง,ร้อยละ,ภาคตะวันออกเฉียงเหนือ,2567
15-19 ปี,3.88,ไตรมาส 3,สำนักงานสถิติแห่งชาติ,2362,หญิง,ร้อยละ,ภาคตะวันออกเฉียงเหนือ,2567
20-24 ปี,56.64,ไตรมาส 3,สำนักงานสถิติแห่งชาติ,2363,หญิง,ร้อยละ,ภาคตะวันออกเฉียงเหนือ,2567
25-29 ปี,78.24,ไตรมาส 3,สำนักงานสถิติแห่งชาติ,2364,หญิง,ร้อยละ,ภาคตะวันออกเฉียงเหนือ,2567
30-34 ปี,80.19,ไตรมาส 3,สำนักงานสถิติแห่งชาติ,2365,หญิง,ร้อยละ,ภาคตะวันออกเฉียงเหนือ,2567
35-39 ปี,81.1,ไตรมาส 3,สำนักงานสถิติแห่งชาติ,2366,หญิง,ร้อยละ,ภาคตะวันออกเฉียงเหนือ,2567
40-49 ปี,86.61,ไตรมาส 3,สำนักงานสถิติแห่งชาติ,2367,หญิง,ร้อยละ,ภาคตะวันออกเฉียงเหนือ,2567
50-59 ปี,79.07,ไตรมาส 3,สำนักงานสถิติแห่งชาติ,2368,หญิง,ร้อยละ,ภาคตะวันออกเฉียงเหนือ,2567
60 ปีขึ้นไป,29.92,ไตรมาส 3,สำนักงานสถิติแห่งชาติ,2369,หญิง,ร้อยละ,ภาคตะวันออกเฉียงเหนือ,2567
ยอดรวม,68.5,ไตรมาส 3,สำนักงานสถิติแห่งชาติ,2370,ยอดรวม,ร้อยละ,ภาคใต้,2567
15-19 ปี,12.03,ไตรมาส 3,สำนักงานสถิติแห่งชาติ,2371,ยอดรวม,ร้อยละ,ภาคใต้,2567
20-24 ปี,66.91,ไตรมาส 3,สำนักงานสถิติแห่งชาติ,2372,ยอดรวม,ร้อยละ,ภาคใต้,2567
25-29 ปี,87.07,ไตรมาส 3,สำนักงานสถิติแห่งชาติ,2373,ยอดรวม,ร้อยละ,ภาคใต้,2567
30-34 ปี,86.63,ไตรมาส 3,สำนักงานสถิติแห่งชาติ,2374,ยอดรวม,ร้อยละ,ภาคใต้,2567
35-39 ปี,86.29,ไตรมาส 3,สำนักงานสถิติแห่งชาติ,2375,ยอดรวม,ร้อยละ,ภาคใต้,2567
40-49 ปี,88.68,ไตรมาส 3,สำนักงานสถิติแห่งชาติ,2376,ยอดรวม,ร้อยละ,ภาคใต้,2567
50-59 ปี,84.04,ไตรมาส 3,สำนักงานสถิติแห่งชาติ,2377,ยอดรวม,ร้อยละ,ภาคใต้,2567
60 ปีขึ้นไป,39.97,ไตรมาส 3,สำนักงานสถิติแห่งชาติ,2378,ยอดรวม,ร้อยละ,ภาคใต้,2567
ยอดรวม,79.0,ไตรมาส 3,สำนักงานสถิติแห่งชาติ,2379,ชาย,ร้อยละ,ภาคใต้,2567
15-19 ปี,17.45,ไตรมาส 3,สำนักงานสถิติแห่งชาติ,2380,ชาย,ร้อยละ,ภาคใต้,2567
20-24 ปี,77.31,ไตรมาส 3,สำนักงานสถิติแห่งชาติ,2381,ชาย,ร้อยละ,ภาคใต้,2567
25-29 ปี,96.96,ไตรมาส 3,สำนักงานสถิติแห่งชาติ,2382,ชาย,ร้อยละ,ภาคใต้,2567
30-34 ปี,95.88,ไตรมาส 3,สำนักงานสถิติแห่งชาติ,2383,ชาย,ร้อยละ,ภาคใต้,2567
35-39 ปี,95.91,ไตรมาส 3,สำนักงานสถิติแห่งชาติ,2384,ชาย,ร้อยละ,ภาคใต้,2567
40-49 ปี,96.09,ไตรมาส 3,สำนักงานสถิติแห่งชาติ,2385,ชาย,ร้อยละ,ภาคใต้,2567
50-59 ปี,93.84,ไตรมาส 3,สำนักงานสถิติแห่งชาติ,2386,ชาย,ร้อยละ,ภาคใต้,2567
60 ปีขึ้นไป,53.69,ไตรมาส 3,สำนักงานสถิติแห่งชาติ,2387,ชาย,ร้อยละ,ภาคใต้,2567
ยอดรวม,58.8,ไตรมาส 3,สำนักงานสถิติแห่งชาติ,2388,หญิง,ร้อยละ,ภาคใต้,2567
15-19 ปี,6.45,ไตรมาส 3,สำนักงานสถิติแห่งชาติ,2389,หญิง,ร้อยละ,ภาคใต้,2567
20-24 ปี,56.45,ไตรมาส 3,สำนักงานสถิติแห่งชาติ,2390,หญิง,ร้อยละ,ภาคใต้,2567
25-29 ปี,77.08,ไตรมาส 3,สำนักงานสถิติแห่งชาติ,2391,หญิง,ร้อยละ,ภาคใต้,2567
30-34 ปี,77.3,ไตรมาส 3,สำนักงานสถิติแห่งชาติ,2392,หญิง,ร้อยละ,ภาคใต้,2567
35-39 ปี,76.6,ไตรมาส 3,สำนักงานสถิติแห่งชาติ,2393,หญิง,ร้อยละ,ภาคใต้,2567
40-49 ปี,81.46,ไตรมาส 3,สำนักงานสถิติแห่งชาติ,2394,หญิง,ร้อยละ,ภาคใต้,2567
50-59 ปี,74.96,ไตรมาส 3,สำนักงานสถิติแห่งชาติ,2395,หญิง,ร้อยละ,ภาคใต้,2567
60 ปีขึ้นไป,29.91,ไตรมาส 3,สำนักงานสถิติแห่งชาติ,2396,หญิง,ร้อยละ,ภาคใต้,2567
ยอดรวม,68.36,ไตรมาส 4,สำนักงานสถิติแห่งชาติ,2397,ยอดรวม,ร้อยละ,ทั่วราชอาณาจักร,2567
15-19 ปี,11.34,ไตรมาส 4,สำนักงานสถิติแห่งชาติ,2398,ยอดรวม,ร้อยละ,ทั่วราชอาณาจักร,2567
20-24 ปี,64.99,ไตรมาส 4,สำนักงานสถิติแห่งชาติ,2399,ยอดรวม,ร้อยละ,ทั่วราชอาณาจักร,2567
25-29 ปี,88.15,ไตรมาส 4,สำนักงานสถิติแห่งชาติ,2400,ยอดรวม,ร้อยละ,ทั่วราชอาณาจักร,2567
30-34 ปี,90.64,ไตรมาส 4,สำนักงานสถิติแห่งชาติ,2401,ยอดรวม,ร้อยละ,ทั่วราชอาณาจักร,2567
35-39 ปี,90.69,ไตรมาส 4,สำนักงานสถิติแห่งชาติ,2402,ยอดรวม,ร้อยละ,ทั่วราชอาณาจักร,2567
40-49 ปี,89.23,ไตรมาส 4,สำนักงานสถิติแห่งชาติ,2403,ยอดรวม,ร้อยละ,ทั่วราชอาณาจักร,2567
50-59 ปี,83.04,ไตรมาส 4,สำนักงานสถิติแห่งชาติ,2404,ยอดรวม,ร้อยละ,ทั่วราชอาณาจักร,2567
60 ปีขึ้นไป,37.92,ไตรมาส 4,สำนักงานสถิติแห่งชาติ,2405,ยอดรวม,ร้อยละ,ทั่วราชอาณาจักร,2567
ยอดรวม,77.15,ไตรมาส 4,สำนักงานสถิติแห่งชาติ,2406,ชาย,ร้อยละ,ทั่วราชอาณาจักร,2567
15-19 ปี,16.03,ไตรมาส 4,สำนักงานสถิติแห่งชาติ,2407,ชาย,ร้อยละ,ทั่วราชอาณาจักร,2567
20-24 ปี,72.74,ไตรมาส 4,สำนักงานสถิติแห่งชาติ,2408,ชาย,ร้อยละ,ทั่วราชอาณาจักร,2567
25-29 ปี,94.92,ไตรมาส 4,สำนักงานสถิติแห่งชาติ,2409,ชาย,ร้อยละ,ทั่วราชอาณาจักร,2567
30-34 ปี,95.81,ไตรมาส 4,สำนักงานสถิติแห่งชาติ,2410,ชาย,ร้อยละ,ทั่วราชอาณาจักร,2567
35-39 ปี,95.84,ไตรมาส 4,สำนักงานสถิติแห่งชาติ,2411,ชาย,ร้อยละ,ทั่วราชอาณาจักร,2567
40-49 ปี,95.02,ไตรมาส 4,สำนักงานสถิติแห่งชาติ,2412,ชาย,ร้อยละ,ทั่วราชอาณาจักร,2567
50-59 ปี,92.58,ไตรมาส 4,สำนักงานสถิติแห่งชาติ,2413,ชาย,ร้อยละ,ทั่วราชอาณาจักร,2567
60 ปีขึ้นไป,49.47,ไตรมาส 4,สำนักงานสถิติแห่งชาติ,2414,ชาย,ร้อยละ,ทั่วราชอาณาจักร,2567
ยอดรวม,60.37,ไตรมาส 4,สำนักงานสถิติแห่งชาติ,2415,หญิง,ร้อยละ,ทั่วราชอาณาจักร,2567
15-19 ปี,6.57,ไตรมาส 4,สำนักงานสถิติแห่งชาติ,2416,หญิง,ร้อยละ,ทั่วราชอาณาจักร,2567
20-24 ปี,57.28,ไตรมาส 4,สำนักงานสถิติแห่งชาติ,2417,หญิง,ร้อยละ,ทั่วราชอาณาจักร,2567
25-29 ปี,81.34,ไตรมาส 4,สำนักงานสถิติแห่งชาติ,2418,หญิง,ร้อยละ,ทั่วราชอาณาจักร,2567
30-34 ปี,85.41,ไตรมาส 4,สำนักงานสถิติแห่งชาติ,2419,หญิง,ร้อยละ,ทั่วราชอาณาจักร,2567
35-39 ปี,85.55,ไตรมาส 4,สำนักงานสถิติแห่งชาติ,2420,หญิง,ร้อยละ,ทั่วราชอาณาจักร,2567
40-49 ปี,83.61,ไตรมาส 4,สำนักงานสถิติแห่งชาติ,2421,หญิง,ร้อยละ,ทั่วราชอาณาจักร,2567
50-59 ปี,74.28,ไตรมาส 4,สำนักงานสถิติแห่งชาติ,2422,หญิง,ร้อยละ,ทั่วราชอาณาจักร,2567
60 ปีขึ้นไป,29.54,ไตรมาส 4,สำนักงานสถิติแห่งชาติ,2423,หญิง,ร้อยละ,ทั่วราชอาณาจักร,2567
ยอดรวม,73.08,ไตรมาส 4,สำนักงานสถิติแห่งชาติ,2424,ยอดรวม,ร้อยละ,กรุงเทพมหานคร,2567
15-19 ปี,11.0,ไตรมาส 4,สำนักงานสถิติแห่งชาติ,2425,ยอดรวม,ร้อยละ,กรุงเทพมหานคร,2567
20-24 ปี,57.9,ไตรมาส 4,สำนักงานสถิติแห่งชาติ,2426,ยอดรวม,ร้อยละ,กรุงเทพมหานคร,2567
25-29 ปี,94.15,ไตรมาส 4,สำนักงานสถิติแห่งชาติ,2427,ยอดรวม,ร้อยละ,กรุงเทพมหานคร,2567
30-34 ปี,94.0,ไตรมาส 4,สำนักงานสถิติแห่งชาติ,2428,ยอดรวม,ร้อยละ,กรุงเทพมหานคร,2567
35-39 ปี,92.58,ไตรมาส 4,สำนักงานสถิติแห่งชาติ,2429,ยอดรวม,ร้อยละ,กรุงเทพมหานคร,2567
40-49 ปี,89.78,ไตรมาส 4,สำนักงานสถิติแห่งชาติ,2430,ยอดรวม,ร้อยละ,กรุงเทพมหานคร,2567
50-59 ปี,81.82,ไตรมาส 4,สำนักงานสถิติแห่งชาติ,2431,ยอดรวม,ร้อยละ,กรุงเทพมหานคร,2567
60 ปีขึ้นไป,31.43,ไตรมาส 4,สำนักงานสถิติแห่งชาติ,2432,ยอดรวม,ร้อยละ,กรุงเทพมหานคร,2567
ยอดรวม,80.16,ไตรมาส 4,สำนักงานสถิติแห่งชาติ,2433,ชาย,ร้อยละ,กรุงเทพมหานคร,2567
15-19 ปี,14.17,ไตรมาส 4,สำนักงานสถิติแห่งชาติ,2434,ชาย,ร้อยละ,กรุงเทพมหานคร,2567
20-24 ปี,61.17,ไตรมาส 4,สำนักงานสถิติแห่งชาติ,2435,ชาย,ร้อยละ,กรุงเทพมหานคร,2567
25-29 ปี,96.25,ไตรมาส 4,สำนักงานสถิติแห่งชาติ,2436,ชาย,ร้อยละ,กรุงเทพมหานคร,2567
30-34 ปี,97.41,ไตรมาส 4,สำนักงานสถิติแห่งชาติ,2437,ชาย,ร้อยละ,กรุงเทพมหานคร,2567
35-39 ปี,95.48,ไตรมาส 4,สำนักงานสถิติแห่งชาติ,2438,ชาย,ร้อยละ,กรุงเทพมหานคร,2567
40-49 ปี,96.86,ไตรมาส 4,สำนักงานสถิติแห่งชาติ,2439,ชาย,ร้อยละ,กรุงเทพมหานคร,2567
50-59 ปี,90.74,ไตรมาส 4,สำนักงานสถิติแห่งชาติ,2440,ชาย,ร้อยละ,กรุงเทพมหานคร,2567
60 ปีขึ้นไป,39.06,ไตรมาส 4,สำนักงานสถิติแห่งชาติ,2441,ชาย,ร้อยละ,กรุงเทพมหานคร,2567
ยอดรวม,66.7,ไตรมาส 4,สำนักงานสถิติแห่งชาติ,2442,หญิง,ร้อยละ,กรุงเทพมหานคร,2567
15-19 ปี,7.96,ไตรมาส 4,สำนักงานสถิติแห่งชาติ,2443,หญิง,ร้อยละ,กรุงเทพมหานคร,2567
20-24 ปี,54.8,ไตรมาส 4,สำนักงานสถิติแห่งชาติ,2444,หญิง,ร้อยละ,กรุงเทพมหานคร,2567
25-29 ปี,92.11,ไตรมาส 4,สำนักงานสถิติแห่งชาติ,2445,หญิง,ร้อยละ,กรุงเทพมหานคร,2567
30-34 ปี,90.6,ไตรมาส 4,สำนักงานสถิติแห่งชาติ,2446,หญิง,ร้อยละ,กรุงเทพมหานคร,2567
35-39 ปี,89.92,ไตรมาส 4,สำนักงานสถิติแห่งชาติ,2447,หญิง,ร้อยละ,กรุงเทพมหานคร,2567
40-49 ปี,83.0,ไตรมาส 4,สำนักงานสถิติแห่งชาติ,2448,หญิง,ร้อยละ,กรุงเทพมหานคร,2567
50-59 ปี,73.37,ไตรมาส 4,สำนักงานสถิติแห่งชาติ,2449,หญิง,ร้อยละ,กรุงเทพมหานคร,2567
60 ปีขึ้นไป,26.08,ไตรมาส 4,สำนักงานสถิติแห่งชาติ,2450,หญิง,ร้อยละ,กรุงเทพมหานคร,2567
ยอดรวม,71.15,ไตรมาส 4,สำนักงานสถิติแห่งชาติ,2451,ยอดรวม,ร้อยละ,ภาคกลาง,2567
15-19 ปี,12.43,ไตรมาส 4,สำนักงานสถิติแห่งชาติ,2452,ยอดรวม,ร้อยละ,ภาคกลาง,2567
20-24 ปี,68.68,ไตรมาส 4,สำนักงานสถิติแห่งชาติ,2453,ยอดรวม,ร้อยละ,ภาคกลาง,2567
25-29 ปี,90.34,ไตรมาส 4,สำนักงานสถิติแห่งชาติ,2454,ยอดรวม,ร้อยละ,ภาคกลาง,2567
30-34 ปี,93.05,ไตรมาส 4,สำนักงานสถิติแห่งชาติ,2455,ยอดรวม,ร้อยละ,ภาคกลาง,2567
35-39 ปี,92.22,ไตรมาส 4,สำนักงานสถิติแห่งชาติ,2456,ยอดรวม,ร้อยละ,ภาคกลาง,2567
40-49 ปี,89.4,ไตรมาส 4,สำนักงานสถิติแห่งชาติ,2457,ยอดรวม,ร้อยละ,ภาคกลาง,2567
50-59 ปี,81.36,ไตรมาส 4,สำนักงานสถิติแห่งชาติ,2458,ยอดรวม,ร้อยละ,ภาคกลาง,2567
60 ปีขึ้นไป,34.29,ไตรมาส 4,สำนักงานสถิติแห่งชาติ,2459,ยอดรวม,ร้อยละ,ภาคกลาง,2567
ยอดรวม,79.3,ไตรมาส 4,สำนักงานสถิติแห่งชาติ,2460,ชาย,ร้อยละ,ภาคกลาง,2567
15-19 ปี,15.74,ไตรมาส 4,สำนักงานสถิติแห่งชาติ,2461,ชาย,ร้อยละ,ภาคกลาง,2567
20-24 ปี,76.07,ไตรมาส 4,สำนักงานสถิติแห่งชาติ,2462,ชาย,ร้อยละ,ภาคกลาง,2567
25-29 ปี,95.96,ไตรมาส 4,สำนักงานสถิติแห่งชาติ,2463,ชาย,ร้อยละ,ภาคกลาง,2567
30-34 ปี,96.85,ไตรมาส 4,สำนักงานสถิติแห่งชาติ,2464,ชาย,ร้อยละ,ภาคกลาง,2567
35-39 ปี,96.97,ไตรมาส 4,สำนักงานสถิติแห่งชาติ,2465,ชาย,ร้อยละ,ภาคกลาง,2567
40-49 ปี,95.42,ไตรมาส 4,สำนักงานสถิติแห่งชาติ,2466,ชาย,ร้อยละ,ภาคกลาง,2567
50-59 ปี,91.82,ไตรมาส 4,สำนักงานสถิติแห่งชาติ,2467,ชาย,ร้อยละ,ภาคกลาง,2567
60 ปีขึ้นไป,42.86,ไตรมาส 4,สำนักงานสถิติแห่งชาติ,2468,ชาย,ร้อยละ,ภาคกลาง,2567
ยอดรวม,63.67,ไตรมาส 4,สำนักงานสถิติแห่งชาติ,2469,หญิง,ร้อยละ,ภาคกลาง,2567
15-19 ปี,9.2,ไตรมาส 4,สำนักงานสถิติแห่งชาติ,2470,หญิง,ร้อยละ,ภาคกลาง,2567
20-24 ปี,61.6,ไตรมาส 4,สำนักงานสถิติแห่งชาติ,2471,หญิง,ร้อยละ,ภาคกลาง,2567
25-29 ปี,84.64,ไตรมาส 4,สำนักงานสถิติแห่งชาติ,2472,หญิง,ร้อยละ,ภาคกลาง,2567
30-34 ปี,89.15,ไตรมาส 4,สำนักงานสถิติแห่งชาติ,2473,หญิง,ร้อยละ,ภาคกลาง,2567
35-39 ปี,87.42,ไตรมาส 4,สำนักงานสถิติแห่งชาติ,2474,หญิง,ร้อยละ,ภาคกลาง,2567
40-49 ปี,83.46,ไตรมาส 4,สำนักงานสถิติแห่งชาติ,2475,หญิง,ร้อยละ,ภาคกลาง,2567
50-59 ปี,71.58,ไตรมาส 4,สำนักงานสถิติแห่งชาติ,2476,หญิง,ร้อยละ,ภาคกลาง,2567
60 ปีขึ้นไป,28.24,ไตรมาส 4,สำนักงานสถิติแห่งชาติ,2477,หญิง,ร้อยละ,ภาคกลาง,2567
ยอดรวม,66.14,ไตรมาส 4,สำนักงานสถิติแห่งชาติ,2478,ยอดรวม,ร้อยละ,ภาคเหนือ,2567
15-19 ปี,14.93,ไตรมาส 4,สำนักงานสถิติแห่งชาติ,2479,ยอดรวม,ร้อยละ,ภาคเหนือ,2567
20-24 ปี,68.48,ไตรมาส 4,สำนักงานสถิติแห่งชาติ,2480,ยอดรวม,ร้อยละ,ภาคเหนือ,2567
25-29 ปี,86.73,ไตรมาส 4,สำนักงานสถิติแห่งชาติ,2481,ยอดรวม,ร้อยละ,ภาคเหนือ,2567
30-34 ปี,88.42,ไตรมาส 4,สำนักงานสถิติแห่งชาติ,2482,ยอดรวม,ร้อยละ,ภาคเหนือ,2567
35-39 ปี,91.16,ไตรมาส 4,สำนักงานสถิติแห่งชาติ,2483,ยอดรวม,ร้อยละ,ภาคเหนือ,2567
40-49 ปี,89.58,ไตรมาส 4,สำนักงานสถิติแห่งชาติ,2484,ยอดรวม,ร้อยละ,ภาคเหนือ,2567
50-59 ปี,83.83,ไตรมาส 4,สำนักงานสถิติแห่งชาติ,2485,ยอดรวม,ร้อยละ,ภาคเหนือ,2567
60 ปีขึ้นไป,41.47,ไตรมาส 4,สำนักงานสถิติแห่งชาติ,2486,ยอดรวม,ร้อยละ,ภาคเหนือ,2567
ยอดรวม,75.74,ไตรมาส 4,สำนักงานสถิติแห่งชาติ,2487,ชาย,ร้อยละ,ภาคเหนือ,2567
15-19 ปี,21.65,ไตรมาส 4,สำนักงานสถิติแห่งชาติ,2488,ชาย,ร้อยละ,ภาคเหนือ,2567
20-24 ปี,77.18,ไตรมาส 4,สำนักงานสถิติแห่งชาติ,2489,ชาย,ร้อยละ,ภาคเหนือ,2567
25-29 ปี,94.51,ไตรมาส 4,สำนักงานสถิติแห่งชาติ,2490,ชาย,ร้อยละ,ภาคเหนือ,2567
30-34 ปี,95.04,ไตรมาส 4,สำนักงานสถิติแห่งชาติ,2491,ชาย,ร้อยละ,ภาคเหนือ,2567
35-39 ปี,95.98,ไตรมาส 4,สำนักงานสถิติแห่งชาติ,2492,ชาย,ร้อยละ,ภาคเหนือ,2567
40-49 ปี,94.27,ไตรมาส 4,สำนักงานสถิติแห่งชาติ,2493,ชาย,ร้อยละ,ภาคเหนือ,2567
50-59 ปี,92.85,ไตรมาส 4,สำนักงานสถิติแห่งชาติ,2494,ชาย,ร้อยละ,ภาคเหนือ,2567
60 ปีขึ้นไป,54.09,ไตรมาส 4,สำนักงานสถิติแห่งชาติ,2495,ชาย,ร้อยละ,ภาคเหนือ,2567
ยอดรวม,57.52,ไตรมาส 4,สำนักงานสถิติแห่งชาติ,2496,หญิง,ร้อยละ,ภาคเหนือ,2567
15-19 ปี,7.91,ไตรมาส 4,สำนักงานสถิติแห่งชาติ,2497,หญิง,ร้อยละ,ภาคเหนือ,2567
20-24 ปี,59.6,ไตรมาส 4,สำนักงานสถิติแห่งชาติ,2498,หญิง,ร้อยละ,ภาคเหนือ,2567
25-29 ปี,78.85,ไตรมาส 4,สำนักงานสถิติแห่งชาติ,2499,หญิง,ร้อยละ,ภาคเหนือ,2567
30-34 ปี,81.65,ไตรมาส 4,สำนักงานสถิติแห่งชาติ,2500,หญิง,ร้อยละ,ภาคเหนือ,2567
35-39 ปี,86.1,ไตรมาส 4,สำนักงานสถิติแห่งชาติ,2501,หญิง,ร้อยละ,ภาคเหนือ,2567
40-49 ปี,84.98,ไตรมาส 4,สำนักงานสถิติแห่งชาติ,2502,หญิง,ร้อยละ,ภาคเหนือ,2567
35-39,95.0,ไตรมาส 1,สำนักงานสถิติแห่งชาติ,2503,ชาย,ร้อยละ,ทั่วราชอาณาจักร,2565
40-49,94.9,ไตรมาส 1,สำนักงานสถิติแห่งชาติ,2504,ชาย,ร้อยละ,ทั่วราชอาณาจักร,2565
50-59,91.6,ไตรมาส 1,สำนักงานสถิติแห่งชาติ,2505,ชาย,ร้อยละ,ทั่วราชอาณาจักร,2565
60 ขึ้นไป,46.8,ไตรมาส 1,สำนักงานสถิติแห่งชาติ,2506,ชาย,ร้อยละ,ทั่วราชอาณาจักร,2565
ยอดรวม,59.9,ไตรมาส 1,สำนักงานสถิติแห่งชาติ,2507,หญิง,ร้อยละ,ทั่วราชอาณาจักร,2565
15-19,8.0,ไตรมาส 1,สำนักงานสถิติแห่งชาติ,2508,หญิง,ร้อยละ,ทั่วราชอาณาจักร,2565
20-24,52.2,ไตรมาส 1,สำนักงานสถิติแห่งชาติ,2509,หญิง,ร้อยละ,ทั่วราชอาณาจักร,2565
25-29,81.0,ไตรมาส 1,สำนักงานสถิติแห่งชาติ,2510,หญิง,ร้อยละ,ทั่วราชอาณาจักร,2565
30-34,83.5,ไตรมาส 1,สำนักงานสถิติแห่งชาติ,2511,หญิง,ร้อยละ,ทั่วราชอาณาจักร,2565
35-39,84.2,ไตรมาส 1,สำนักงานสถิติแห่งชาติ,2512,หญิง,ร้อยละ,ทั่วราชอาณาจักร,2565
40-49,82.2,ไตรมาส 1,สำนักงานสถิติแห่งชาติ,2513,หญิง,ร้อยละ,ทั่วราชอาณาจักร,2565
50-59,72.3,ไตรมาส 1,สำนักงานสถิติแห่งชาติ,2514,หญิง,ร้อยละ,ทั่วราชอาณาจักร,2565
60 ขึ้นไป,29.0,ไตรมาส 1,สำนักงานสถิติแห่งชาติ,2515,หญิง,ร้อยละ,ทั่วราชอาณาจักร,2565
ยอดรวม,72.9,ไตรมาส 1,สำนักงานสถิติแห่งชาติ,2516,ยอดรวม,ร้อยละ,กรุงเทพมหานคร,2565
15-19,10.2,ไตรมาส 1,สำนักงานสถิติแห่งชาติ,2517,ยอดรวม,ร้อยละ,กรุงเทพมหานคร,2565
20-24,59.8,ไตรมาส 1,สำนักงานสถิติแห่งชาติ,2518,ยอดรวม,ร้อยละ,กรุงเทพมหานคร,2565
25-29,90.0,ไตรมาส 1,สำนักงานสถิติแห่งชาติ,2519,ยอดรวม,ร้อยละ,กรุงเทพมหานคร,2565
30-34,95.1,ไตรมาส 1,สำนักงานสถิติแห่งชาติ,2520,ยอดรวม,ร้อยละ,กรุงเทพมหานคร,2565
35-39,91.4,ไตรมาส 1,สำนักงานสถิติแห่งชาติ,2521,ยอดรวม,ร้อยละ,กรุงเทพมหานคร,2565
40-49,89.6,ไตรมาส 1,สำนักงานสถิติแห่งชาติ,2522,ยอดรวม,ร้อยละ,กรุงเทพมหานคร,2565
50-59,80.5,ไตรมาส 1,สำนักงานสถิติแห่งชาติ,2523,ยอดรวม,ร้อยละ,กรุงเทพมหานคร,2565
60 ขึ้นไป,27.9,ไตรมาส 1,สำนักงานสถิติแห่งชาติ,2524,ยอดรวม,ร้อยละ,กรุงเทพมหานคร,2565
ยอดรวม,78.9,ไตรมาส 1,สำนักงานสถิติแห่งชาติ,2525,ชาย,ร้อยละ,กรุงเทพมหานคร,2565
15-19,11.4,ไตรมาส 1,สำนักงานสถิติแห่งชาติ,2526,ชาย,ร้อยละ,กรุงเทพมหานคร,2565
20-24,62.0,ไตรมาส 1,สำนักงานสถิติแห่งชาติ,2527,ชาย,ร้อยละ,กรุงเทพมหานคร,2565
25-29,93.6,ไตรมาส 1,สำนักงานสถิติแห่งชาติ,2528,ชาย,ร้อยละ,กรุงเทพมหานคร,2565
30-34,96.5,ไตรมาส 1,สำนักงานสถิติแห่งชาติ,2529,ชาย,ร้อยละ,กรุงเทพมหานคร,2565
35-39,96.5,ไตรมาส 1,สำนักงานสถิติแห่งชาติ,2530,ชาย,ร้อยละ,กรุงเทพมหานคร,2565
40-49,93.7,ไตรมาส 1,สำนักงานสถิติแห่งชาติ,2531,ชาย,ร้อยละ,กรุงเทพมหานคร,2565
50-59,90.0,ไตรมาส 1,สำนักงานสถิติแห่งชาติ,2532,ชาย,ร้อยละ,กรุงเทพมหานคร,2565
60 ขึ้นไป,33.9,ไตรมาส 1,สำนักงานสถิติแห่งชาติ,2533,ชาย,ร้อยละ,กรุงเทพมหานคร,2565
ยอดรวม,67.6,ไตรมาส 1,สำนักงานสถิติแห่งชาติ,2534,หญิง,ร้อยละ,กรุงเทพมหานคร,2565
15-19,9.0,ไตรมาส 1,สำนักงานสถิติแห่งชาติ,2535,หญิง,ร้อยละ,กรุงเทพมหานคร,2565
20-24,57.8,ไตรมาส 1,สำนักงานสถิติแห่งชาติ,2536,หญิง,ร้อยละ,กรุงเทพมหานคร,2565
25-29,86.3,ไตรมาส 1,สำนักงานสถิติแห่งชาติ,2537,หญิง,ร้อยละ,กรุงเทพมหานคร,2565
30-34,93.8,ไตรมาส 1,สำนักงานสถิติแห่งชาติ,2538,หญิง,ร้อยละ,กรุงเทพมหานคร,2565
35-39,86.6,ไตรมาส 1,สำนักงานสถิติแห่งชาติ,2539,หญิง,ร้อยละ,กรุงเทพมหานคร,2565
40-49,85.6,ไตรมาส 1,สำนักงานสถิติแห่งชาติ,2540,หญิง,ร้อยละ,กรุงเทพมหานคร,2565
50-59,71.8,ไตรมาส 1,สำนักงานสถิติแห่งชาติ,2541,หญิง,ร้อยละ,กรุงเทพมหานคร,2565
60 ขึ้นไป,23.7,ไตรมาส 1,สำนักงานสถิติแห่งชาติ,2542,หญิง,ร้อยละ,กรุงเทพมหานคร,2565
ยอดรวม,70.5,ไตรมาส 1,สำนักงานสถิติแห่งชาติ,2543,ยอดรวม,ร้อยละ,ภาคกลาง,2565
15-19,13.5,ไตรมาส 1,สำนักงานสถิติแห่งชาติ,2544,ยอดรวม,ร้อยละ,ภาคกลาง,2565
20-24,65.4,ไตรมาส 1,สำนักงานสถิติแห่งชาติ,2545,ยอดรวม,ร้อยละ,ภาคกลาง,2565
25-29,90.8,ไตรมาส 1,สำนักงานสถิติแห่งชาติ,2546,ยอดรวม,ร้อยละ,ภาคกลาง,2565
30-34,91.2,ไตรมาส 1,สำนักงานสถิติแห่งชาติ,2547,ยอดรวม,ร้อยละ,ภาคกลาง,2565
35-39,90.6,ไตรมาส 1,สำนักงานสถิติแห่งชาติ,2548,ยอดรวม,ร้อยละ,ภาคกลาง,2565
40-49,88.6,ไตรมาส 1,สำนักงานสถิติแห่งชาติ,2549,ยอดรวม,ร้อยละ,ภาคกลาง,2565
50-59,79.0,ไตรมาส 1,สำนักงานสถิติแห่งชาติ,2550,ยอดรวม,ร้อยละ,ภาคกลาง,2565
60 ขึ้นไป,32.9,ไตรมาส 1,สำนักงานสถิติแห่งชาติ,2551,ยอดรวม,ร้อยละ,ภาคกลาง,2565
ยอดรวม,78.3,ไตรมาส 1,สำนักงานสถิติแห่งชาติ,2552,ชาย,ร้อยละ,ภาคกลาง,2565
15-19,17.5,ไตรมาส 1,สำนักงานสถิติแห่งชาติ,2553,ชาย,ร้อยละ,ภาคกลาง,2565
20-24,70.6,ไตรมาส 1,สำนักงานสถิติแห่งชาติ,2554,ชาย,ร้อยละ,ภาคกลาง,2565
25-29,95.2,ไตรมาส 1,สำนักงานสถิติแห่งชาติ,2555,ชาย,ร้อยละ,ภาคกลาง,2565
30-34,97.0,ไตรมาส 1,สำนักงานสถิติแห่งชาติ,2556,ชาย,ร้อยละ,ภาคกลาง,2565
35-39,94.9,ไตรมาส 1,สำนักงานสถิติแห่งชาติ,2557,ชาย,ร้อยละ,ภาคกลาง,2565
40-49,95.6,ไตรมาส 1,สำนักงานสถิติแห่งชาติ,2558,ชาย,ร้อยละ,ภาคกลาง,2565
50-59,89.6,ไตรมาส 1,สำนักงานสถิติแห่งชาติ,2559,ชาย,ร้อยละ,ภาคกลาง,2565
60 ขึ้นไป,40.1,ไตรมาส 1,สำนักงานสถิติแห่งชาติ,2560,ชาย,ร้อยละ,ภาคกลาง,2565
ยอดรวม,63.2,ไตรมาส 1,สำนักงานสถิติแห่งชาติ,2561,หญิง,ร้อยละ,ภาคกลาง,2565
15-19,9.4,ไตรมาส 1,สำนักงานสถิติแห่งชาติ,2562,หญิง,ร้อยละ,ภาคกลาง,2565
20-24,60.3,ไตรมาส 1,สำนักงานสถิติแห่งชาติ,2563,หญิง,ร้อยละ,ภาคกลาง,2565
25-29,86.3,ไตรมาส 1,สำนักงานสถิติแห่งชาติ,2564,หญิง,ร้อยละ,ภาคกลาง,2565
30-34,85.3,ไตรมาส 1,สำนักงานสถิติแห่งชาติ,2565,หญิง,ร้อยละ,ภาคกลาง,2565
35-39,86.3,ไตรมาส 1,สำนักงานสถิติแห่งชาติ,2566,หญิง,ร้อยละ,ภาคกลาง,2565
40-49,81.7,ไตรมาส 1,สำนักงานสถิติแห่งชาติ,2567,หญิง,ร้อยละ,ภาคกลาง,2565
50-59,69.2,ไตรมาส 1,สำนักงานสถิติแห่งชาติ,2568,หญิง,ร้อยละ,ภาคกลาง,2565
60 ขึ้นไป,27.8,ไตรมาส 1,สำนักงานสถิติแห่งชาติ,2569,หญิง,ร้อยละ,ภาคกลาง,2565
ยอดรวม,65.6,ไตรมาส 1,สำนักงานสถิติแห่งชาติ,2570,ยอดรวม,ร้อยละ,ภาคเหนือ,2565
15-19,14.4,ไตรมาส 1,สำนักงานสถิติแห่งชาติ,2571,ยอดรวม,ร้อยละ,ภาคเหนือ,2565
20-24,62.8,ไตรมาส 1,สำนักงานสถิติแห่งชาติ,2572,ยอดรวม,ร้อยละ,ภาคเหนือ,2565
25-29,84.7,ไตรมาส 1,สำนักงานสถิติแห่งชาติ,2573,ยอดรวม,ร้อยละ,ภาคเหนือ,2565
30-34,87.0,ไตรมาส 1,สำนักงานสถิติแห่งชาติ,2574,ยอดรวม,ร้อยละ,ภาคเหนือ,2565
35-39,88.0,ไตรมาส 1,สำนักงานสถิติแห่งชาติ,2575,ยอดรวม,ร้อยละ,ภาคเหนือ,2565
40-49,88.6,ไตรมาส 1,สำนักงานสถิติแห่งชาติ,2576,ยอดรวม,ร้อยละ,ภาคเหนือ,2565
50-59,82.8,ไตรมาส 1,สำนักงานสถิติแห่งชาติ,2577,ยอดรวม,ร้อยละ,ภาคเหนือ,2565
60 ขึ้นไป,41.0,ไตรมาส 1,สำนักงานสถิติแห่งชาติ,2578,ยอดรวม,ร้อยละ,ภาคเหนือ,2565
ยอดรวม,74.3,ไตรมาส 1,สำนักงานสถิติแห่งชาติ,2579,ชาย,ร้อยละ,ภาคเหนือ,2565
15-19,19.5,ไตรมาส 1,สำนักงานสถิติแห่งชาติ,2580,ชาย,ร้อยละ,ภาคเหนือ,2565
20-24,72.0,ไตรมาส 1,สำนักงานสถิติแห่งชาติ,2581,ชาย,ร้อยละ,ภาคเหนือ,2565
25-29,90.2,ไตรมาส 1,สำนักงานสถิติแห่งชาติ,2582,ชาย,ร้อยละ,ภาคเหนือ,2565
30-34,95.0,ไตรมาส 1,สำนักงานสถิติแห่งชาติ,2583,ชาย,ร้อยละ,ภาคเหนือ,2565
35-39,94.7,ไตรมาส 1,สำนักงานสถิติแห่งชาติ,2584,ชาย,ร้อยละ,ภาคเหนือ,2565
40-49,94.9,ไตรมาส 1,สำนักงานสถิติแห่งชาติ,2585,ชาย,ร้อยละ,ภาคเหนือ,2565
20-24,65.0,ไตรมาส 1,สำนักงานสถิติแห่งชาติ,2586,ยอดรวม,ร้อยละ,ภาคเหนือ,2563
25-29,84.6,ไตรมาส 1,สำนักงานสถิติแห่งชาติ,2587,ยอดรวม,ร้อยละ,ภาคเหนือ,2563
30-34,87.3,ไตรมาส 1,สำนักงานสถิติแห่งชาติ,2588,ยอดรวม,ร้อยละ,ภาคเหนือ,2563
35-39,88.3,ไตรมาส 1,สำนักงานสถิติแห่งชาติ,2589,ยอดรวม,ร้อยละ,ภาคเหนือ,2563
40-49,88.0,ไตรมาส 1,สำนักงานสถิติแห่งชาติ,2590,ยอดรวม,ร้อยละ,ภาคเหนือ,2563
50-59,82.3,ไตรมาส 1,สำนักงานสถิติแห่งชาติ,2591,ยอดรวม,ร้อยละ,ภาคเหนือ,2563
60 ขึ้นไป,38.3,ไตรมาส 1,สำนักงานสถิติแห่งชาติ,2592,ยอดรวม,ร้อยละ,ภาคเหนือ,2563
ยอดรวม,73.0,ไตรมาส 1,สำนักงานสถิติแห่งชาติ,2593,ชาย,ร้อยละ,ภาคเหนือ,2563
15-19,20.9,ไตรมาส 1,สำนักงานสถิติแห่งชาติ,2594,ชาย,ร้อยละ,ภาคเหนือ,2563
20-24,69.8,ไตรมาส 1,สำนักงานสถิติแห่งชาติ,2595,ชาย,ร้อยละ,ภาคเหนือ,2563
25-29,93.7,ไตรมาส 1,สำนักงานสถิติแห่งชาติ,2596,ชาย,ร้อยละ,ภาคเหนือ,2563
30-34,94.6,ไตรมาส 1,สำนักงานสถิติแห่งชาติ,2597,ชาย,ร้อยละ,ภาคเหนือ,2563
35-39,95.1,ไตรมาส 1,สำนักงานสถิติแห่งชาติ,2598,ชาย,ร้อยละ,ภาคเหนือ,2563
40-49,93.8,ไตรมาส 1,สำนักงานสถิติแห่งชาติ,2599,ชาย,ร้อยละ,ภาคเหนือ,2563
50-59,91.7,ไตรมาส 1,สำนักงานสถิติแห่งชาติ,2600,ชาย,ร้อยละ,ภาคเหนือ,2563
60 ขึ้นไป,47.6,ไตรมาส 1,สำนักงานสถิติแห่งชาติ,2601,ชาย,ร้อยละ,ภาคเหนือ,2563
ยอดรวม,57.5,ไตรมาส 1,สำนักงานสถิติแห่งชาติ,2602,หญิง,ร้อยละ,ภาคเหนือ,2563
15-19,7.9,ไตรมาส 1,สำนักงานสถิติแห่งชาติ,2603,หญิง,ร้อยละ,ภาคเหนือ,2563
20-24,60.2,ไตรมาส 1,สำนักงานสถิติแห่งชาติ,2604,หญิง,ร้อยละ,ภาคเหนือ,2563
25-29,75.3,ไตรมาส 1,สำนักงานสถิติแห่งชาติ,2605,หญิง,ร้อยละ,ภาคเหนือ,2563
30-34,79.7,ไตรมาส 1,สำนักงานสถิติแห่งชาติ,2606,หญิง,ร้อยละ,ภาคเหนือ,2563
35-39,81.4,ไตรมาส 1,สำนักงานสถิติแห่งชาติ,2607,หญิง,ร้อยละ,ภาคเหนือ,2563
40-49,82.7,ไตรมาส 1,สำนักงานสถิติแห่งชาติ,2608,หญิง,ร้อยละ,ภาคเหนือ,2563
50-59,74.1,ไตรมาส 1,สำนักงานสถิติแห่งชาติ,2609,หญิง,ร้อยละ,ภาคเหนือ,2563
60 ขึ้นไป,30.5,ไตรมาส 1,สำนักงานสถิติแห่งชาติ,2610,หญิง,ร้อยละ,ภาคเหนือ,2563
ยอดรวม,62.3,ไตรมาส 1,สำนักงานสถิติแห่งชาติ,2611,ยอดรวม,ร้อยละ,ภาคตะวันออกเฉียงเหนือ,2563
15-19,13.4,ไตรมาส 1,สำนักงานสถิติแห่งชาติ,2612,ยอดรวม,ร้อยละ,ภาคตะวันออกเฉียงเหนือ,2563
20-24,61.0,ไตรมาส 1,สำนักงานสถิติแห่งชาติ,2613,ยอดรวม,ร้อยละ,ภาคตะวันออกเฉียงเหนือ,2563
25-29,82.2,ไตรมาส 1,สำนักงานสถิติแห่งชาติ,2614,ยอดรวม,ร้อยละ,ภาคตะวันออกเฉียงเหนือ,2563
30-34,85.5,ไตรมาส 1,สำนักงานสถิติแห่งชาติ,2615,ยอดรวม,ร้อยละ,ภาคตะวันออกเฉียงเหนือ,2563
35-39,86.8,ไตรมาส 1,สำนักงานสถิติแห่งชาติ,2616,ยอดรวม,ร้อยละ,ภาคตะวันออกเฉียงเหนือ,2563
40-49,86.5,ไตรมาส 1,สำนักงานสถิติแห่งชาติ,2617,ยอดรวม,ร้อยละ,ภาคตะวันออกเฉียงเหนือ,2563
50-59,80.8,ไตรมาส 1,สำนักงานสถิติแห่งชาติ,2618,ยอดรวม,ร้อยละ,ภาคตะวันออกเฉียงเหนือ,2563
60 ขึ้นไป,35.9,ไตรมาส 1,สำนักงานสถิติแห่งชาติ,2619,ยอดรวม,ร้อยละ,ภาคตะวันออกเฉียงเหนือ,2563
ยอดรวม,71.4,ไตรมาส 1,สำนักงานสถิติแห่งชาติ,2620,ชาย,ร้อยละ,ภาคตะวันออกเฉียงเหนือ,2563
15-19,17.9,ไตรมาส 1,สำนักงานสถิติแห่งชาติ,2621,ชาย,ร้อยละ,ภาคตะวันออกเฉียงเหนือ,2563
20-24,69.0,ไตรมาส 1,สำนักงานสถิติแห่งชาติ,2622,ชาย,ร้อยละ,ภาคตะวันออกเฉียงเหนือ,2563
25-29,88.1,ไตรมาส 1,สำนักงานสถิติแห่งชาติ,2623,ชาย,ร้อยละ,ภาคตะวันออกเฉียงเหนือ,2563
30-34,93.6,ไตรมาส 1,สำนักงานสถิติแห่งชาติ,2624,ชาย,ร้อยละ,ภาคตะวันออกเฉียงเหนือ,2563
35-39,92.1,ไตรมาส 1,สำนักงานสถิติแห่งชาติ,2625,ชาย,ร้อยละ,ภาคตะวันออกเฉียงเหนือ,2563
40-49,93.4,ไตรมาส 1,สำนักงานสถิติแห่งชาติ,2626,ชาย,ร้อยละ,ภาคตะวันออกเฉียงเหนือ,2563
50-59,92.5,ไตรมาส 1,สำนักงานสถิติแห่งชาติ,2627,ชาย,ร้อยละ,ภาคตะวันออกเฉียงเหนือ,2563
60 ขึ้นไป,48.4,ไตรมาส 1,สำนักงานสถิติแห่งชาติ,2628,ชาย,ร้อยละ,ภาคตะวันออกเฉียงเหนือ,2563
ยอดรวม,53.9,ไตรมาส 1,สำนักงานสถิติแห่งชาติ,2629,หญิง,ร้อยละ,ภาคตะวันออกเฉียงเหนือ,2563
15-19,8.6,ไตรมาส 1,สำนักงานสถิติแห่งชาติ,2630,หญิง,ร้อยละ,ภาคตะวันออกเฉียงเหนือ,2563
20-24,52.9,ไตรมาส 1,สำนักงานสถิติแห่งชาติ,2631,หญิง,ร้อยละ,ภาคตะวันออกเฉียงเหนือ,2563
25-29,76.4,ไตรมาส 1,สำนักงานสถิติแห่งชาติ,2632,หญิง,ร้อยละ,ภาคตะวันออกเฉียงเหนือ,2563
30-34,77.3,ไตรมาส 1,สำนักงานสถิติแห่งชาติ,2633,หญิง,ร้อยละ,ภาคตะวันออกเฉียงเหนือ,2563
35-39,81.6,ไตรมาส 1,สำนักงานสถิติแห่งชาติ,2634,หญิง,ร้อยละ,ภาคตะวันออกเฉียงเหนือ,2563
40-49,80.3,ไตรมาส 1,สำนักงานสถิติแห่งชาติ,2635,หญิง,ร้อยละ,ภาคตะวันออกเฉียงเหนือ,2563
50-59,70.3,ไตรมาส 1,สำนักงานสถิติแห่งชาติ,2636,หญิง,ร้อยละ,ภาคตะวันออกเฉียงเหนือ,2563
60 ขึ้นไป,25.5,ไตรมาส 1,สำนักงานสถิติแห่งชาติ,2637,หญิง,ร้อยละ,ภาคตะวันออกเฉียงเหนือ,2563
ยอดรวม,70.9,ไตรมาส 1,สำนักงานสถิติแห่งชาติ,2638,ยอดรวม,ร้อยละ,ภาคใต้,2563
15-19,16.8,ไตรมาส 1,สำนักงานสถิติแห่งชาติ,2639,ยอดรวม,ร้อยละ,ภาคใต้,2563
20-24,69.1,ไตรมาส 1,สำนักงานสถิติแห่งชาติ,2640,ยอดรวม,ร้อยละ,ภาคใต้,2563
25-29,85.4,ไตรมาส 1,สำนักงานสถิติแห่งชาติ,2641,ยอดรวม,ร้อยละ,ภาคใต้,2563
30-34,87.7,ไตรมาส 1,สำนักงานสถิติแห่งชาติ,2642,ยอดรวม,ร้อยละ,ภาคใต้,2563
35-39,89.6,ไตรมาส 1,สำนักงานสถิติแห่งชาติ,2643,ยอดรวม,ร้อยละ,ภาคใต้,2563
40-49,89.9,ไตรมาส 1,สำนักงานสถิติแห่งชาติ,2644,ยอดรวม,ร้อยละ,ภาคใต้,2563
50-59,84.9,ไตรมาส 1,สำนักงานสถิติแห่งชาติ,2645,ยอดรวม,ร้อยละ,ภาคใต้,2563
60 ขึ้นไป,44.4,ไตรมาส 1,สำนักงานสถิติแห่งชาติ,2646,ยอดรวม,ร้อยละ,ภาคใต้,2563
ยอดรวม,80.4,ไตรมาส 1,สำนักงานสถิติแห่งชาติ,2647,ชาย,ร้อยละ,ภาคใต้,2563
15-19,24.3,ไตรมาส 1,สำนักงานสถิติแห่งชาติ,2648,ชาย,ร้อยละ,ภาคใต้,2563
20-24,78.7,ไตรมาส 1,สำนักงานสถิติแห่งชาติ,2649,ชาย,ร้อยละ,ภาคใต้,2563
25-29,94.4,ไตรมาส 1,สำนักงานสถิติแห่งชาติ,2650,ชาย,ร้อยละ,ภาคใต้,2563
30-34,96.4,ไตรมาส 1,สำนักงานสถิติแห่งชาติ,2651,ชาย,ร้อยละ,ภาคใต้,2563
35-39,96.1,ไตรมาส 1,สำนักงานสถิติแห่งชาติ,2652,ชาย,ร้อยละ,ภาคใต้,2563
40-49,97.4,ไตรมาส 1,สำนักงานสถิติแห่งชาติ,2653,ชาย,ร้อยละ,ภาคใต้,2563
50-59,94.5,ไตรมาส 1,สำนักงานสถิติแห่งชาติ,2654,ชาย,ร้อยละ,ภาคใต้,2563
60 ขึ้นไป,56.9,ไตรมาส 1,สำนักงานสถิติแห่งชาติ,2655,ชาย,ร้อยละ,ภาคใต้,2563
ยอดรวม,62.0,ไตรมาส 1,สำนักงานสถิติแห่งชาติ,2656,หญิง,ร้อยละ,ภาคใต้,2563
15-19,9.1,ไตรมาส 1,สำนักงานสถิติแห่งชาติ,2657,หญิง,ร้อยละ,ภาคใต้,2563
20-24,59.1,ไตรมาส 1,สำนักงานสถิติแห่งชาติ,2658,หญิง,ร้อยละ,ภาคใต้,2563
25-29,76.1,ไตรมาส 1,สำนักงานสถิติแห่งชาติ,2659,หญิง,ร้อยละ,ภาคใต้,2563
30-34,78.8,ไตรมาส 1,สำนักงานสถิติแห่งชาติ,2660,หญิง,ร้อยละ,ภาคใต้,2563
35-39,83.0,ไตรมาส 1,สำนักงานสถิติแห่งชาติ,2661,หญิง,ร้อยละ,ภาคใต้,2563
40-49,82.9,ไตรมาส 1,สำนักงานสถิติแห่งชาติ,2662,หญิง,ร้อยละ,ภาคใต้,2563
50-59,75.9,ไตรมาส 1,สำนักงานสถิติแห่งชาติ,2663,หญิง,ร้อยละ,ภาคใต้,2563
60 ขึ้นไป,34.4,ไตรมาส 1,สำนักงานสถิติแห่งชาติ,2664,หญิง,ร้อยละ,ภาคใต้,2563
ยอดรวม,67.2,ไตรมาส 2,สำนักงานสถิติแห่งชาติ,2665,ยอดรวม,ร้อยละ,ทั่วราชอาณาจักร,2563
15-19,16.1,ไตรมาส 2,สำนักงานสถิติแห่งชาติ,2666,ยอดรวม,ร้อยละ,ทั่วราชอาณาจักร,2563
20-24,63.0,ไตรมาส 2,สำนักงานสถิติแห่งชาติ,2667,ยอดรวม,ร้อยละ,ทั่วราชอาณาจักร,2563
ยอดรวม,67.3,ไตรมาส 1,สำนักงานสถิติแห่งชาติ,2668,ยอดรวม,ร้อยละ,ทั่วราชอาณาจักร,2563
15-19,14.8,ไตรมาส 1,สำนักงานสถิติแห่งชาติ,2669,ยอดรวม,ร้อยละ,ทั่วราชอาณาจักร,2563
20-24,63.7,ไตรมาส 1,สำนักงานสถิติแห่งชาติ,2670,ยอดรวม,ร้อยละ,ทั่วราชอาณาจักร,2563
25-29,86.8,ไตรมาส 1,สำนักงานสถิติแห่งชาติ,2671,ยอดรวม,ร้อยละ,ทั่วราชอาณาจักร,2563
30-34,88.6,ไตรมาส 1,สำนักงานสถิติแห่งชาติ,2672,ยอดรวม,ร้อยละ,ทั่วราชอาณาจักร,2563
35-39,89.4,ไตรมาส 1,สำนักงานสถิติแห่งชาติ,2673,ยอดรวม,ร้อยละ,ทั่วราชอาณาจักร,2563
40-49,88.2,ไตรมาส 1,สำนักงานสถิติแห่งชาติ,2674,ยอดรวม,ร้อยละ,ทั่วราชอาณาจักร,2563
50-59,80.4,ไตรมาส 1,สำนักงานสถิติแห่งชาติ,2675,ยอดรวม,ร้อยละ,ทั่วราชอาณาจักร,2563
60 ขึ้นไป,35.2,ไตรมาส 1,สำนักงานสถิติแห่งชาติ,2676,ยอดรวม,ร้อยละ,ทั่วราชอาณาจักร,2563
ยอดรวม,75.7,ไตรมาส 1,สำนักงานสถิติแห่งชาติ,2677,ชาย,ร้อยละ,ทั่วราชอาณาจักร,2563
15-19,20.3,ไตรมาส 1,สำนักงานสถิติแห่งชาติ,2678,ชาย,ร้อยละ,ทั่วราชอาณาจักร,2563
20-24,70.6,ไตรมาส 1,สำนักงานสถิติแห่งชาติ,2679,ชาย,ร้อยละ,ทั่วราชอาณาจักร,2563
25-29,92.8,ไตรมาส 1,สำนักงานสถิติแห่งชาติ,2680,ชาย,ร้อยละ,ทั่วราชอาณาจักร,2563
30-34,95.7,ไตรมาส 1,สำนักงานสถิติแห่งชาติ,2681,ชาย,ร้อยละ,ทั่วราชอาณาจักร,2563
35-39,95.3,ไตรมาส 1,สำนักงานสถิติแห่งชาติ,2682,ชาย,ร้อยละ,ทั่วราชอาณาจักร,2563
40-49,94.9,ไตรมาส 1,สำนักงานสถิติแห่งชาติ,2683,ชาย,ร้อยละ,ทั่วราชอาณาจักร,2563
50-59,91.1,ไตรมาส 1,สำนักงานสถิติแห่งชาติ,2684,ชาย,ร้อยละ,ทั่วราชอาณาจักร,2563
60 ขึ้นไป,45.3,ไตรมาส 1,สำนักงานสถิติแห่งชาติ,2685,ชาย,ร้อยละ,ทั่วราชอาณาจักร,2563
ยอดรวม,59.5,ไตรมาส 1,สำนักงานสถิติแห่งชาติ,2686,หญิง,ร้อยละ,ทั่วราชอาณาจักร,2563
15-19,9.2,ไตรมาส 1,สำนักงานสถิติแห่งชาติ,2687,หญิง,ร้อยละ,ทั่วราชอาณาจักร,2563
20-24,56.6,ไตรมาส 1,สำนักงานสถิติแห่งชาติ,2688,หญิง,ร้อยละ,ทั่วราชอาณาจักร,2563
25-29,80.6,ไตรมาส 1,สำนักงานสถิติแห่งชาติ,2689,หญิง,ร้อยละ,ทั่วราชอาณาจักร,2563
30-34,81.4,ไตรมาส 1,สำนักงานสถิติแห่งชาติ,2690,หญิง,ร้อยละ,ทั่วราชอาณาจักร,2563
35-39,83.7,ไตรมาส 1,สำนักงานสถิติแห่งชาติ,2691,หญิง,ร้อยละ,ทั่วราชอาณาจักร,2563
40-49,81.8,ไตรมาส 1,สำนักงานสถิติแห่งชาติ,2692,หญิง,ร้อยละ,ทั่วราชอาณาจักร,2563
50-59,70.6,ไตรมาส 1,สำนักงานสถิติแห่งชาติ,2693,หญิง,ร้อยละ,ทั่วราชอาณาจักร,2563
60 ขึ้นไป,26.9,ไตรมาส 1,สำนักงานสถิติแห่งชาติ,2694,หญิง,ร้อยละ,ทั่วราชอาณาจักร,2563
ยอดรวม,69.9,ไตรมาส 1,สำนักงานสถิติแห่งชาติ,2695,ยอดรวม,ร้อยละ,กรุงเทพมหานคร,2563
15-19,10.6,ไตรมาส 1,สำนักงานสถิติแห่งชาติ,2696,ยอดรวม,ร้อยละ,กรุงเทพมหานคร,2563
20-24,51.0,ไตรมาส 1,สำนักงานสถิติแห่งชาติ,2697,ยอดรวม,ร้อยละ,กรุงเทพมหานคร,2563
25-29,89.4,ไตรมาส 1,สำนักงานสถิติแห่งชาติ,2698,ยอดรวม,ร้อยละ,กรุงเทพมหานคร,2563
30-34,90.2,ไตรมาส 1,สำนักงานสถิติแห่งชาติ,2699,ยอดรวม,ร้อยละ,กรุงเทพมหานคร,2563
35-39,90.2,ไตรมาส 1,สำนักงานสถิติแห่งชาติ,2700,ยอดรวม,ร้อยละ,กรุงเทพมหานคร,2563
40-49,89.6,ไตรมาส 1,สำนักงานสถิติแห่งชาติ,2701,ยอดรวม,ร้อยละ,กรุงเทพมหานคร,2563
50-59,75.2,ไตรมาส 1,สำนักงานสถิติแห่งชาติ,2702,ยอดรวม,ร้อยละ,กรุงเทพมหานคร,2563
60 ขึ้นไป,21.8,ไตรมาส 1,สำนักงานสถิติแห่งชาติ,2703,ยอดรวม,ร้อยละ,กรุงเทพมหานคร,2563
ยอดรวม,76.4,ไตรมาส 1,สำนักงานสถิติแห่งชาติ,2704,ชาย,ร้อยละ,กรุงเทพมหานคร,2563
15-19,12.0,ไตรมาส 1,สำนักงานสถิติแห่งชาติ,2705,ชาย,ร้อยละ,กรุงเทพมหานคร,2563
20-24,56.0,ไตรมาส 1,สำนักงานสถิติแห่งชาติ,2706,ชาย,ร้อยละ,กรุงเทพมหานคร,2563
25-29,90.8,ไตรมาส 1,สำนักงานสถิติแห่งชาติ,2707,ชาย,ร้อยละ,กรุงเทพมหานคร,2563
30-34,96.0,ไตรมาส 1,สำนักงานสถิติแห่งชาติ,2708,ชาย,ร้อยละ,กรุงเทพมหานคร,2563
35-39,94.2,ไตรมาส 1,สำนักงานสถิติแห่งชาติ,2709,ชาย,ร้อยละ,กรุงเทพมหานคร,2563
40-49,95.8,ไตรมาส 1,สำนักงานสถิติแห่งชาติ,2710,ชาย,ร้อยละ,กรุงเทพมหานคร,2563
50-59,87.4,ไตรมาส 1,สำนักงานสถิติแห่งชาติ,2711,ชาย,ร้อยละ,กรุงเทพมหานคร,2563
60 ขึ้นไป,26.5,ไตรมาส 1,สำนักงานสถิติแห่งชาติ,2712,ชาย,ร้อยละ,กรุงเทพมหานคร,2563
ยอดรวม,63.9,ไตรมาส 1,สำนักงานสถิติแห่งชาติ,2713,หญิง,ร้อยละ,กรุงเทพมหานคร,2563
15-19,9.2,ไตรมาส 1,สำนักงานสถิติแห่งชาติ,2714,หญิง,ร้อยละ,กรุงเทพมหานคร,2563
20-24,46.0,ไตรมาส 1,สำนักงานสถิติแห่งชาติ,2715,หญิง,ร้อยละ,กรุงเทพมหานคร,2563
25-29,88.0,ไตรมาส 1,สำนักงานสถิติแห่งชาติ,2716,หญิง,ร้อยละ,กรุงเทพมหานคร,2563
30-34,85.1,ไตรมาส 1,สำนักงานสถิติแห่งชาติ,2717,หญิง,ร้อยละ,กรุงเทพมหานคร,2563
35-39,86.6,ไตรมาส 1,สำนักงานสถิติแห่งชาติ,2718,หญิง,ร้อยละ,กรุงเทพมหานคร,2563
40-49,83.5,ไตรมาส 1,สำนักงานสถิติแห่งชาติ,2719,หญิง,ร้อยละ,กรุงเทพมหานคร,2563
50-59,64.0,ไตรมาส 1,สำนักงานสถิติแห่งชาติ,2720,หญิง,ร้อยละ,กรุงเทพมหานคร,2563
60 ขึ้นไป,18.1,ไตรมาส 1,สำนักงานสถิติแห่งชาติ,2721,หญิง,ร้อยละ,กรุงเทพมหานคร,2563
ยอดรวม,70.3,ไตรมาส 1,สำนักงานสถิติแห่งชาติ,2722,ยอดรวม,ร้อยละ,ภาคกลาง,2563
15-19,17.1,ไตรมาส 1,สำนักงานสถิติแห่งชาติ,2723,ยอดรวม,ร้อยละ,ภาคกลาง,2563
20-24,67.9,ไตรมาส 1,สำนักงานสถิติแห่งชาติ,2724,ยอดรวม,ร้อยละ,ภาคกลาง,2563
25-29,90.2,ไตรมาส 1,สำนักงานสถิติแห่งชาติ,2725,ยอดรวม,ร้อยละ,ภาคกลาง,2563
30-34,89.9,ไตรมาส 1,สำนักงานสถิติแห่งชาติ,2726,ยอดรวม,ร้อยละ,ภาคกลาง,2563
35-39,90.5,ไตรมาส 1,สำนักงานสถิติแห่งชาติ,2727,ยอดรวม,ร้อยละ,ภาคกลาง,2563
40-49,88.1,ไตรมาส 1,สำนักงานสถิติแห่งชาติ,2728,ยอดรวม,ร้อยละ,ภาคกลาง,2563
50-59,78.9,ไตรมาส 1,สำนักงานสถิติแห่งชาติ,2729,ยอดรวม,ร้อยละ,ภาคกลาง,2563
60 ขึ้นไป,32.6,ไตรมาส 1,สำนักงานสถิติแห่งชาติ,2730,ยอดรวม,ร้อยละ,ภาคกลาง,2563
ยอดรวม,78.6,ไตรมาส 1,สำนักงานสถิติแห่งชาติ,2731,ชาย,ร้อยละ,ภาคกลาง,2563
15-19,23.1,ไตรมาส 1,สำนักงานสถิติแห่งชาติ,2732,ชาย,ร้อยละ,ภาคกลาง,2563
20-24,74.3,ไตรมาส 1,สำนักงานสถิติแห่งชาติ,2733,ชาย,ร้อยละ,ภาคกลาง,2563
25-29,95.7,ไตรมาส 1,สำนักงานสถิติแห่งชาติ,2734,ชาย,ร้อยละ,ภาคกลาง,2563
30-34,96.6,ไตรมาส 1,สำนักงานสถิติแห่งชาติ,2735,ชาย,ร้อยละ,ภาคกลาง,2563
35-39,97.1,ไตรมาส 1,สำนักงานสถิติแห่งชาติ,2736,ชาย,ร้อยละ,ภาคกลาง,2563
40-49,95.1,ไตรมาส 1,สำนักงานสถิติแห่งชาติ,2737,ชาย,ร้อยละ,ภาคกลาง,2563
50-59,89.6,ไตรมาส 1,สำนักงานสถิติแห่งชาติ,2738,ชาย,ร้อยละ,ภาคกลาง,2563
60 ขึ้นไป,41.2,ไตรมาส 1,สำนักงานสถิติแห่งชาติ,2739,ชาย,ร้อยละ,ภาคกลาง,2563
ยอดรวม,62.4,ไตรมาส 1,สำนักงานสถิติแห่งชาติ,2740,หญิง,ร้อยละ,ภาคกลาง,2563
15-19,11.0,ไตรมาส 1,สำนักงานสถิติแห่งชาติ,2741,หญิง,ร้อยละ,ภาคกลาง,2563
20-24,61.2,ไตรมาส 1,สำนักงานสถิติแห่งชาติ,2742,หญิง,ร้อยละ,ภาคกลาง,2563
25-29,84.4,ไตรมาส 1,สำนักงานสถิติแห่งชาติ,2743,หญิง,ร้อยละ,ภาคกลาง,2563
30-34,82.9,ไตรมาส 1,สำนักงานสถิติแห่งชาติ,2744,หญิง,ร้อยละ,ภาคกลาง,2563
35-39,84.2,ไตรมาส 1,สำนักงานสถิติแห่งชาติ,2745,หญิง,ร้อยละ,ภาคกลาง,2563
40-49,81.4,ไตรมาส 1,สำนักงานสถิติแห่งชาติ,2746,หญิง,ร้อยละ,ภาคกลาง,2563
50-59,69.2,ไตรมาส 1,สำนักงานสถิติแห่งชาติ,2747,หญิง,ร้อยละ,ภาคกลาง,2563
60 ขึ้นไป,25.8,ไตรมาส 1,สำนักงานสถิติแห่งชาติ,2748,หญิง,ร้อยละ,ภาคกลาง,2563
ยอดรวม,65.0,ไตรมาส 1,สำนักงานสถิติแห่งชาติ,2749,ยอดรวม,ร้อยละ,ภาคเหนือ,2563
50-59,91.8,ไตรมาส 1,สำนักงานสถิติแห่งชาติ,2750,ชาย,ร้อยละ,ภาคเหนือ,2565
60 ขึ้นไป,51.0,ไตรมาส 1,สำนักงานสถิติแห่งชาติ,2751,ชาย,ร้อยละ,ภาคเหนือ,2565
ยอดรวม,57.6,ไตรมาส 1,สำนักงานสถิติแห่งชาติ,2752,หญิง,ร้อยละ,ภาคเหนือ,2565
15-19,9.0,ไตรมาส 1,สำนักงานสถิติแห่งชาติ,2753,หญิง,ร้อยละ,ภาคเหนือ,2565
20-24,53.5,ไตรมาส 1,สำนักงานสถิติแห่งชาติ,2754,หญิง,ร้อยละ,ภาคเหนือ,2565
25-29,79.2,ไตรมาส 1,สำนักงานสถิติแห่งชาติ,2755,หญิง,ร้อยละ,ภาคเหนือ,2565
30-34,78.7,ไตรมาส 1,สำนักงานสถิติแห่งชาติ,2756,หญิง,ร้อยละ,ภาคเหนือ,2565
35-39,81.0,ไตรมาส 1,สำนักงานสถิติแห่งชาติ,2757,หญิง,ร้อยละ,ภาคเหนือ,2565
40-49,82.5,ไตรมาส 1,สำนักงานสถิติแห่งชาติ,2758,หญิง,ร้อยละ,ภาคเหนือ,2565
50-59,74.9,ไตรมาส 1,สำนักงานสถิติแห่งชาติ,2759,หญิง,ร้อยละ,ภาคเหนือ,2565
60 ขึ้นไป,33.4,ไตรมาส 1,สำนักงานสถิติแห่งชาติ,2760,หญิง,ร้อยละ,ภาคเหนือ,2565
ยอดรวม,62.2,ไตรมาส 1,สำนักงานสถิติแห่งชาติ,2761,ยอดรวม,ร้อยละ,ภาคตะวันออกเฉียงเหนือ,2565
15-19,11.5,ไตรมาส 1,สำนักงานสถิติแห่งชาติ,2762,ยอดรวม,ร้อยละ,ภาคตะวันออกเฉียงเหนือ,2565
20-24,56.0,ไตรมาส 1,สำนักงานสถิติแห่งชาติ,2763,ยอดรวม,ร้อยละ,ภาคตะวันออกเฉียงเหนือ,2565
25-29,80.1,ไตรมาส 1,สำนักงานสถิติแห่งชาติ,2764,ยอดรวม,ร้อยละ,ภาคตะวันออกเฉียงเหนือ,2565
30-34,84.8,ไตรมาส 1,สำนักงานสถิติแห่งชาติ,2765,ยอดรวม,ร้อยละ,ภาคตะวันออกเฉียงเหนือ,2565
35-39,86.1,ไตรมาส 1,สำนักงานสถิติแห่งชาติ,2766,ยอดรวม,ร้อยละ,ภาคตะวันออกเฉียงเหนือ,2565
40-49,86.8,ไตรมาส 1,สำนักงานสถิติแห่งชาติ,2767,ยอดรวม,ร้อยละ,ภาคตะวันออกเฉียงเหนือ,2565
50-59,82.1,ไตรมาส 1,สำนักงานสถิติแห่งชาติ,2768,ยอดรวม,ร้อยละ,ภาคตะวันออกเฉียงเหนือ,2565
60 ขึ้นไป,37.9,ไตรมาส 1,สำนักงานสถิติแห่งชาติ,2769,ยอดรวม,ร้อยละ,ภาคตะวันออกเฉียงเหนือ,2565
ยอดรวม,72.3,ไตรมาส 1,สำนักงานสถิติแห่งชาติ,2770,ชาย,ร้อยละ,ภาคตะวันออกเฉียงเหนือ,2565
15-19,16.5,ไตรมาส 1,สำนักงานสถิติแห่งชาติ,2771,ชาย,ร้อยละ,ภาคตะวันออกเฉียงเหนือ,2565
20-24,67.7,ไตรมาส 1,สำนักงานสถิติแห่งชาติ,2772,ชาย,ร้อยละ,ภาคตะวันออกเฉียงเหนือ,2565
25-29,87.2,ไตรมาส 1,สำนักงานสถิติแห่งชาติ,2773,ชาย,ร้อยละ,ภาคตะวันออกเฉียงเหนือ,2565
30-34,91.9,ไตรมาส 1,สำนักงานสถิติแห่งชาติ,2774,ชาย,ร้อยละ,ภาคตะวันออกเฉียงเหนือ,2565
35-39,91.6,ไตรมาส 1,สำนักงานสถิติแห่งชาติ,2775,ชาย,ร้อยละ,ภาคตะวันออกเฉียงเหนือ,2565
40-49,93.9,ไตรมาส 1,สำนักงานสถิติแห่งชาติ,2776,ชาย,ร้อยละ,ภาคตะวันออกเฉียงเหนือ,2565
50-59,93.3,ไตรมาส 1,สำนักงานสถิติแห่งชาติ,2777,ชาย,ร้อยละ,ภาคตะวันออกเฉียงเหนือ,2565
60 ขึ้นไป,51.5,ไตรมาส 1,สำนักงานสถิติแห่งชาติ,2778,ชาย,ร้อยละ,ภาคตะวันออกเฉียงเหนือ,2565
ยอดรวม,53.1,ไตรมาส 1,สำนักงานสถิติแห่งชาติ,2779,หญิง,ร้อยละ,ภาคตะวันออกเฉียงเหนือ,2565
15-19,6.3,ไตรมาส 1,สำนักงานสถิติแห่งชาติ,2780,หญิง,ร้อยละ,ภาคตะวันออกเฉียงเหนือ,2565
20-24,44.1,ไตรมาส 1,สำนักงานสถิติแห่งชาติ,2781,หญิง,ร้อยละ,ภาคตะวันออกเฉียงเหนือ,2565
25-29,73.0,ไตรมาส 1,สำนักงานสถิติแห่งชาติ,2782,หญิง,ร้อยละ,ภาคตะวันออกเฉียงเหนือ,2565
30-34,77.6,ไตรมาส 1,สำนักงานสถิติแห่งชาติ,2783,หญิง,ร้อยละ,ภาคตะวันออกเฉียงเหนือ,2565
35-39,80.5,ไตรมาส 1,สำนักงานสถิติแห่งชาติ,2784,หญิง,ร้อยละ,ภาคตะวันออกเฉียงเหนือ,2565
40-49,80.2,ไตรมาส 1,สำนักงานสถิติแห่งชาติ,2785,หญิง,ร้อยละ,ภาคตะวันออกเฉียงเหนือ,2565
50-59,71.9,ไตรมาส 1,สำนักงานสถิติแห่งชาติ,2786,หญิง,ร้อยละ,ภาคตะวันออกเฉียงเหนือ,2565
60 ขึ้นไป,27.8,ไตรมาส 1,สำนักงานสถิติแห่งชาติ,2787,หญิง,ร้อยละ,ภาคตะวันออกเฉียงเหนือ,2565
ยอดรวม,69.1,ไตรมาส 1,สำนักงานสถิติแห่งชาติ,2788,ยอดรวม,ร้อยละ,ภาคใต้,2565
15-19,13.7,ไตรมาส 1,สำนักงานสถิติแห่งชาติ,2789,ยอดรวม,ร้อยละ,ภาคใต้,2565
20-24,59.8,ไตรมาส 1,สำนักงานสถิติแห่งชาติ,2790,ยอดรวม,ร้อยละ,ภาคใต้,2565
25-29,86.5,ไตรมาส 1,สำนักงานสถิติแห่งชาติ,2791,ยอดรวม,ร้อยละ,ภาคใต้,2565
30-34,86.3,ไตรมาส 1,สำนักงานสถิติแห่งชาติ,2792,ยอดรวม,ร้อยละ,ภาคใต้,2565
35-39,89.8,ไตรมาส 1,สำนักงานสถิติแห่งชาติ,2793,ยอดรวม,ร้อยละ,ภาคใต้,2565
40-49,89.3,ไตรมาส 1,สำนักงานสถิติแห่งชาติ,2794,ยอดรวม,ร้อยละ,ภาคใต้,2565
50-59,85.2,ไตรมาส 1,สำนักงานสถิติแห่งชาติ,2795,ยอดรวม,ร้อยละ,ภาคใต้,2565
60 ขึ้นไป,40.8,ไตรมาส 1,สำนักงานสถิติแห่งชาติ,2796,ยอดรวม,ร้อยละ,ภาคใต้,2565
ยอดรวม,79.1,ไตรมาส 1,สำนักงานสถิติแห่งชาติ,2797,ชาย,ร้อยละ,ภาคใต้,2565
15-19,19.9,ไตรมาส 1,สำนักงานสถิติแห่งชาติ,2798,ชาย,ร้อยละ,ภาคใต้,2565
20-24,74.2,ไตรมาส 1,สำนักงานสถิติแห่งชาติ,2799,ชาย,ร้อยละ,ภาคใต้,2565
25-29,95.3,ไตรมาส 1,สำนักงานสถิติแห่งชาติ,2800,ชาย,ร้อยละ,ภาคใต้,2565
30-34,95.9,ไตรมาส 1,สำนักงานสถิติแห่งชาติ,2801,ชาย,ร้อยละ,ภาคใต้,2565
35-39,97.4,ไตรมาส 1,สำนักงานสถิติแห่งชาติ,2802,ชาย,ร้อยละ,ภาคใต้,2565
40-49,96.5,ไตรมาส 1,สำนักงานสถิติแห่งชาติ,2803,ชาย,ร้อยละ,ภาคใต้,2565
50-59,93.8,ไตรมาส 1,สำนักงานสถิติแห่งชาติ,2804,ชาย,ร้อยละ,ภาคใต้,2565
60 ขึ้นไป,52.7,ไตรมาส 1,สำนักงานสถิติแห่งชาติ,2805,ชาย,ร้อยละ,ภาคใต้,2565
ยอดรวม,59.9,ไตรมาส 1,สำนักงานสถิติแห่งชาติ,2806,หญิง,ร้อยละ,ภาคใต้,2565
15-19,7.2,ไตรมาส 1,สำนักงานสถิติแห่งชาติ,2807,หญิง,ร้อยละ,ภาคใต้,2565
20-24,45.2,ไตรมาส 1,สำนักงานสถิติแห่งชาติ,2808,หญิง,ร้อยละ,ภาคใต้,2565
25-29,77.6,ไตรมาส 1,สำนักงานสถิติแห่งชาติ,2809,หญิง,ร้อยละ,ภาคใต้,2565
30-34,76.7,ไตรมาส 1,สำนักงานสถิติแห่งชาติ,2810,หญิง,ร้อยละ,ภาคใต้,2565
35-39,82.1,ไตรมาส 1,สำนักงานสถิติแห่งชาติ,2811,หญิง,ร้อยละ,ภาคใต้,2565
40-49,82.5,ไตรมาส 1,สำนักงานสถิติแห่งชาติ,2812,หญิง,ร้อยละ,ภาคใต้,2565
50-59,77.2,ไตรมาส 1,สำนักงานสถิติแห่งชาติ,2813,หญิง,ร้อยละ,ภาคใต้,2565
60 ขึ้นไป,32.0,ไตรมาส 1,สำนักงานสถิติแห่งชาติ,2814,หญิง,ร้อยละ,ภาคใต้,2565
ยอดรวม,67.9,ไตรมาส 2,สำนักงานสถิติแห่งชาติ,2815,ยอดรวม,ร้อยละ,ทั่วราชอาณาจักร,2565
15-19,13.7,ไตรมาส 2,สำนักงานสถิติแห่งชาติ,2816,ยอดรวม,ร้อยละ,ทั่วราชอาณาจักร,2565
20-24,61.4,ไตรมาส 2,สำนักงานสถิติแห่งชาติ,2817,ยอดรวม,ร้อยละ,ทั่วราชอาณาจักร,2565
25-29,87.7,ไตรมาส 2,สำนักงานสถิติแห่งชาติ,2818,ยอดรวม,ร้อยละ,ทั่วราชอาณาจักร,2565
30-34,89.3,ไตรมาส 2,สำนักงานสถิติแห่งชาติ,2819,ยอดรวม,ร้อยละ,ทั่วราชอาณาจักร,2565
35-39,89.5,ไตรมาส 2,สำนักงานสถิติแห่งชาติ,2820,ยอดรวม,ร้อยละ,ทั่วราชอาณาจักร,2565
40-49,88.6,ไตรมาส 2,สำนักงานสถิติแห่งชาติ,2821,ยอดรวม,ร้อยละ,ทั่วราชอาณาจักร,2565
50-59,82.0,ไตรมาส 2,สำนักงานสถิติแห่งชาติ,2822,ยอดรวม,ร้อยละ,ทั่วราชอาณาจักร,2565
60 ขึ้นไป,36.2,ไตรมาส 2,สำนักงานสถิติแห่งชาติ,2823,ยอดรวม,ร้อยละ,ทั่วราชอาณาจักร,2565
ยอดรวม,76.4,ไตรมาส 2,สำนักงานสถิติแห่งชาติ,2824,ชาย,ร้อยละ,ทั่วราชอาณาจักร,2565
15-19,18.9,ไตรมาส 2,สำนักงานสถิติแห่งชาติ,2825,ชาย,ร้อยละ,ทั่วราชอาณาจักร,2565
20-24,68.9,ไตรมาส 2,สำนักงานสถิติแห่งชาติ,2826,ชาย,ร้อยละ,ทั่วราชอาณาจักร,2565
25-29,93.4,ไตรมาส 2,สำนักงานสถิติแห่งชาติ,2827,ชาย,ร้อยละ,ทั่วราชอาณาจักร,2565
30-34,95.3,ไตรมาส 2,สำนักงานสถิติแห่งชาติ,2828,ชาย,ร้อยละ,ทั่วราชอาณาจักร,2565
35-39,95.7,ไตรมาส 2,สำนักงานสถิติแห่งชาติ,2829,ชาย,ร้อยละ,ทั่วราชอาณาจักร,2565
40-49,95.0,ไตรมาส 2,สำนักงานสถิติแห่งชาติ,2830,ชาย,ร้อยละ,ทั่วราชอาณาจักร,2565
30-34,87.8,ไตรมาส 2,สำนักงานสถิติแห่งชาติ,2831,ยอดรวม,ร้อยละ,ทั่วราชอาณาจักร,2563
35-39,88.8,ไตรมาส 2,สำนักงานสถิติแห่งชาติ,2832,ยอดรวม,ร้อยละ,ทั่วราชอาณาจักร,2563
40-49,87.3,ไตรมาส 2,สำนักงานสถิติแห่งชาติ,2833,ยอดรวม,ร้อยละ,ทั่วราชอาณาจักร,2563
50-59,80.9,ไตรมาส 2,สำนักงานสถิติแห่งชาติ,2834,ยอดรวม,ร้อยละ,ทั่วราชอาณาจักร,2563
60 ขึ้นไป,36.3,ไตรมาส 2,สำนักงานสถิติแห่งชาติ,2835,ยอดรวม,ร้อยละ,ทั่วราชอาณาจักร,2563
ยอดรวม,76.2,ไตรมาส 2,สำนักงานสถิติแห่งชาติ,2836,ชาย,ร้อยละ,ทั่วราชอาณาจักร,2563
15-19,21.7,ไตรมาส 2,สำนักงานสถิติแห่งชาติ,2837,ชาย,ร้อยละ,ทั่วราชอาณาจักร,2563
20-24,72.8,ไตรมาส 2,สำนักงานสถิติแห่งชาติ,2838,ชาย,ร้อยละ,ทั่วราชอาณาจักร,2563
25-29,92.7,ไตรมาส 2,สำนักงานสถิติแห่งชาติ,2839,ชาย,ร้อยละ,ทั่วราชอาณาจักร,2563
30-34,94.8,ไตรมาส 2,สำนักงานสถิติแห่งชาติ,2840,ชาย,ร้อยละ,ทั่วราชอาณาจักร,2563
35-39,95.3,ไตรมาส 2,สำนักงานสถิติแห่งชาติ,2841,ชาย,ร้อยละ,ทั่วราชอาณาจักร,2563
40-49,94.6,ไตรมาส 2,สำนักงานสถิติแห่งชาติ,2842,ชาย,ร้อยละ,ทั่วราชอาณาจักร,2563
50-59,91.5,ไตรมาส 2,สำนักงานสถิติแห่งชาติ,2843,ชาย,ร้อยละ,ทั่วราชอาณาจักร,2563
60 ขึ้นไป,46.6,ไตรมาส 2,สำนักงานสถิติแห่งชาติ,2844,ชาย,ร้อยละ,ทั่วราชอาณาจักร,2563
ยอดรวม,58.8,ไตรมาส 2,สำนักงานสถิติแห่งชาติ,2845,หญิง,ร้อยละ,ทั่วราชอาณาจักร,2563
15-19,10.3,ไตรมาส 2,สำนักงานสถิติแห่งชาติ,2846,หญิง,ร้อยละ,ทั่วราชอาณาจักร,2563
20-24,52.9,ไตรมาส 2,สำนักงานสถิติแห่งชาติ,2847,หญิง,ร้อยละ,ทั่วราชอาณาจักร,2563
25-29,77.4,ไตรมาส 2,สำนักงานสถิติแห่งชาติ,2848,หญิง,ร้อยละ,ทั่วราชอาณาจักร,2563
30-34,80.7,ไตรมาส 2,สำนักงานสถิติแห่งชาติ,2849,หญิง,ร้อยละ,ทั่วราชอาณาจักร,2563
35-39,82.4,ไตรมาส 2,สำนักงานสถิติแห่งชาติ,2850,หญิง,ร้อยละ,ทั่วราชอาณาจักร,2563
40-49,80.4,ไตรมาส 2,สำนักงานสถิติแห่งชาติ,2851,หญิง,ร้อยละ,ทั่วราชอาณาจักร,2563
50-59,71.2,ไตรมาส 2,สำนักงานสถิติแห่งชาติ,2852,หญิง,ร้อยละ,ทั่วราชอาณาจักร,2563
60 ขึ้นไป,27.9,ไตรมาส 2,สำนักงานสถิติแห่งชาติ,2853,หญิง,ร้อยละ,ทั่วราชอาณาจักร,2563
ยอดรวม,69.6,ไตรมาส 2,สำนักงานสถิติแห่งชาติ,2854,ยอดรวม,ร้อยละ,กรุงเทพมหานคร,2563
15-19,11.4,ไตรมาส 2,สำนักงานสถิติแห่งชาติ,2855,ยอดรวม,ร้อยละ,กรุงเทพมหานคร,2563
20-24,52.9,ไตรมาส 2,สำนักงานสถิติแห่งชาติ,2856,ยอดรวม,ร้อยละ,กรุงเทพมหานคร,2563
25-29,87.4,ไตรมาส 2,สำนักงานสถิติแห่งชาติ,2857,ยอดรวม,ร้อยละ,กรุงเทพมหานคร,2563
30-34,91.1,ไตรมาส 2,สำนักงานสถิติแห่งชาติ,2858,ยอดรวม,ร้อยละ,กรุงเทพมหานคร,2563
35-39,89.5,ไตรมาส 2,สำนักงานสถิติแห่งชาติ,2859,ยอดรวม,ร้อยละ,กรุงเทพมหานคร,2563
40-49,87.0,ไตรมาส 2,สำนักงานสถิติแห่งชาติ,2860,ยอดรวม,ร้อยละ,กรุงเทพมหานคร,2563
50-59,76.7,ไตรมาส 2,สำนักงานสถิติแห่งชาติ,2861,ยอดรวม,ร้อยละ,กรุงเทพมหานคร,2563
60 ขึ้นไป,22.8,ไตรมาส 2,สำนักงานสถิติแห่งชาติ,2862,ยอดรวม,ร้อยละ,กรุงเทพมหานคร,2563
ยอดรวม,76.5,ไตรมาส 2,สำนักงานสถิติแห่งชาติ,2863,ชาย,ร้อยละ,กรุงเทพมหานคร,2563
15-19,15.3,ไตรมาส 2,สำนักงานสถิติแห่งชาติ,2864,ชาย,ร้อยละ,กรุงเทพมหานคร,2563
20-24,58.0,ไตรมาส 2,สำนักงานสถิติแห่งชาติ,2865,ชาย,ร้อยละ,กรุงเทพมหานคร,2563
25-29,90.7,ไตรมาส 2,สำนักงานสถิติแห่งชาติ,2866,ชาย,ร้อยละ,กรุงเทพมหานคร,2563
30-34,95.7,ไตรมาส 2,สำนักงานสถิติแห่งชาติ,2867,ชาย,ร้อยละ,กรุงเทพมหานคร,2563
35-39,93.9,ไตรมาส 2,สำนักงานสถิติแห่งชาติ,2868,ชาย,ร้อยละ,กรุงเทพมหานคร,2563
40-49,93.9,ไตรมาส 2,สำนักงานสถิติแห่งชาติ,2869,ชาย,ร้อยละ,กรุงเทพมหานคร,2563
50-59,87.7,ไตรมาส 2,สำนักงานสถิติแห่งชาติ,2870,ชาย,ร้อยละ,กรุงเทพมหานคร,2563
60 ขึ้นไป,28.5,ไตรมาส 2,สำนักงานสถิติแห่งชาติ,2871,ชาย,ร้อยละ,กรุงเทพมหานคร,2563
ยอดรวม,63.3,ไตรมาส 2,สำนักงานสถิติแห่งชาติ,2872,หญิง,ร้อยละ,กรุงเทพมหานคร,2563
15-19,7.6,ไตรมาส 2,สำนักงานสถิติแห่งชาติ,2873,หญิง,ร้อยละ,กรุงเทพมหานคร,2563
20-24,47.7,ไตรมาส 2,สำนักงานสถิติแห่งชาติ,2874,หญิง,ร้อยละ,กรุงเทพมหานคร,2563
25-29,84.1,ไตรมาส 2,สำนักงานสถิติแห่งชาติ,2875,หญิง,ร้อยละ,กรุงเทพมหานคร,2563
30-34,86.9,ไตรมาส 2,สำนักงานสถิติแห่งชาติ,2876,หญิง,ร้อยละ,กรุงเทพมหานคร,2563
35-39,85.4,ไตรมาส 2,สำนักงานสถิติแห่งชาติ,2877,หญิง,ร้อยละ,กรุงเทพมหานคร,2563
40-49,80.3,ไตรมาส 2,สำนักงานสถิติแห่งชาติ,2878,หญิง,ร้อยละ,กรุงเทพมหานคร,2563
50-59,66.5,ไตรมาส 2,สำนักงานสถิติแห่งชาติ,2879,หญิง,ร้อยละ,กรุงเทพมหานคร,2563
60 ขึ้นไป,18.4,ไตรมาส 2,สำนักงานสถิติแห่งชาติ,2880,หญิง,ร้อยละ,กรุงเทพมหานคร,2563
ยอดรวม,69.7,ไตรมาส 2,สำนักงานสถิติแห่งชาติ,2881,ยอดรวม,ร้อยละ,ภาคกลาง,2563
15-19,16.2,ไตรมาส 2,สำนักงานสถิติแห่งชาติ,2882,ยอดรวม,ร้อยละ,ภาคกลาง,2563
20-24,67.3,ไตรมาส 2,สำนักงานสถิติแห่งชาติ,2883,ยอดรวม,ร้อยละ,ภาคกลาง,2563
25-29,89.1,ไตรมาส 2,สำนักงานสถิติแห่งชาติ,2884,ยอดรวม,ร้อยละ,ภาคกลาง,2563
30-34,89.2,ไตรมาส 2,สำนักงานสถิติแห่งชาติ,2885,ยอดรวม,ร้อยละ,ภาคกลาง,2563
35-39,90.4,ไตรมาส 2,สำนักงานสถิติแห่งชาติ,2886,ยอดรวม,ร้อยละ,ภาคกลาง,2563
40-49,87.7,ไตรมาส 2,สำนักงานสถิติแห่งชาติ,2887,ยอดรวม,ร้อยละ,ภาคกลาง,2563
50-59,79.2,ไตรมาส 2,สำนักงานสถิติแห่งชาติ,2888,ยอดรวม,ร้อยละ,ภาคกลาง,2563
60 ขึ้นไป,31.8,ไตรมาส 2,สำนักงานสถิติแห่งชาติ,2889,ยอดรวม,ร้อยละ,ภาคกลาง,2563
ยอดรวม,78.2,ไตรมาส 2,สำนักงานสถิติแห่งชาติ,2890,ชาย,ร้อยละ,ภาคกลาง,2563
15-19,20.7,ไตรมาส 2,สำนักงานสถิติแห่งชาติ,2891,ชาย,ร้อยละ,ภาคกลาง,2563
20-24,75.7,ไตรมาส 2,สำนักงานสถิติแห่งชาติ,2892,ชาย,ร้อยละ,ภาคกลาง,2563
25-29,93.8,ไตรมาส 2,สำนักงานสถิติแห่งชาติ,2893,ชาย,ร้อยละ,ภาคกลาง,2563
30-34,95.6,ไตรมาส 2,สำนักงานสถิติแห่งชาติ,2894,ชาย,ร้อยละ,ภาคกลาง,2563
35-39,97.5,ไตรมาส 2,สำนักงานสถิติแห่งชาติ,2895,ชาย,ร้อยละ,ภาคกลาง,2563
40-49,94.9,ไตรมาส 2,สำนักงานสถิติแห่งชาติ,2896,ชาย,ร้อยละ,ภาคกลาง,2563
50-59,90.7,ไตรมาส 2,สำนักงานสถิติแห่งชาติ,2897,ชาย,ร้อยละ,ภาคกลาง,2563
60 ขึ้นไป,39.8,ไตรมาส 2,สำนักงานสถิติแห่งชาติ,2898,ชาย,ร้อยละ,ภาคกลาง,2563
ยอดรวม,61.8,ไตรมาส 2,สำนักงานสถิติแห่งชาติ,2899,หญิง,ร้อยละ,ภาคกลาง,2563
15-19,11.6,ไตรมาส 2,สำนักงานสถิติแห่งชาติ,2900,หญิง,ร้อยละ,ภาคกลาง,2563
20-24,58.6,ไตรมาส 2,สำนักงานสถิติแห่งชาติ,2901,หญิง,ร้อยละ,ภาคกลาง,2563
25-29,84.0,ไตรมาส 2,สำนักงานสถิติแห่งชาติ,2902,หญิง,ร้อยละ,ภาคกลาง,2563
30-34,82.4,ไตรมาส 2,สำนักงานสถิติแห่งชาติ,2903,หญิง,ร้อยละ,ภาคกลาง,2563
35-39,83.5,ไตรมาส 2,สำนักงานสถิติแห่งชาติ,2904,หญิง,ร้อยละ,ภาคกลาง,2563
40-49,80.8,ไตรมาส 2,สำนักงานสถิติแห่งชาติ,2905,หญิง,ร้อยละ,ภาคกลาง,2563
50-59,68.8,ไตรมาส 2,สำนักงานสถิติแห่งชาติ,2906,หญิง,ร้อยละ,ภาคกลาง,2563
60 ขึ้นไป,25.5,ไตรมาส 2,สำนักงานสถิติแห่งชาติ,2907,หญิง,ร้อยละ,ภาคกลาง,2563
ยอดรวม,64.4,ไตรมาส 2,สำนักงานสถิติแห่งชาติ,2908,ยอดรวม,ร้อยละ,ภาคเหนือ,2563
15-19,15.0,ไตรมาส 2,สำนักงานสถิติแห่งชาติ,2909,ยอดรวม,ร้อยละ,ภาคเหนือ,2563
20-24,63.8,ไตรมาส 2,สำนักงานสถิติแห่งชาติ,2910,ยอดรวม,ร้อยละ,ภาคเหนือ,2563
25-29,83.1,ไตรมาส 2,สำนักงานสถิติแห่งชาติ,2911,ยอดรวม,ร้อยละ,ภาคเหนือ,2563
30-34,85.9,ไตรมาส 2,สำนักงานสถิติแห่งชาติ,2912,ยอดรวม,ร้อยละ,ภาคเหนือ,2563
40-49,86.4,ไตรมาส 2,สำนักงานสถิติแห่งชาติ,2913,ยอดรวม,ร้อยละ,ภาคเหนือ,2563
50-59,81.5,ไตรมาส 2,สำนักงานสถิติแห่งชาติ,2914,ยอดรวม,ร้อยละ,ภาคเหนือ,2563
60 ขึ้นไป,39.2,ไตรมาส 2,สำนักงานสถิติแห่งชาติ,2915,ยอดรวม,ร้อยละ,ภาคเหนือ,2563
ยอดรวม,73.5,ไตรมาส 2,สำนักงานสถิติแห่งชาติ,2916,ชาย,ร้อยละ,ภาคเหนือ,2563
15-19,20.7,ไตรมาส 2,สำนักงานสถิติแห่งชาติ,2917,ชาย,ร้อยละ,ภาคเหนือ,2563
20-24,73.9,ไตรมาส 2,สำนักงานสถิติแห่งชาติ,2918,ชาย,ร้อยละ,ภาคเหนือ,2563
25-29,92.8,ไตรมาส 2,สำนักงานสถิติแห่งชาติ,2919,ชาย,ร้อยละ,ภาคเหนือ,2563
30-34,94.6,ไตรมาส 2,สำนักงานสถิติแห่งชาติ,2920,ชาย,ร้อยละ,ภาคเหนือ,2563
35-39,94.7,ไตรมาส 2,สำนักงานสถิติแห่งชาติ,2921,ชาย,ร้อยละ,ภาคเหนือ,2563
40-49,93.4,ไตรมาส 2,สำนักงานสถิติแห่งชาติ,2922,ชาย,ร้อยละ,ภาคเหนือ,2563
50-59,91.8,ไตรมาส 2,สำนักงานสถิติแห่งชาติ,2923,ชาย,ร้อยละ,ภาคเหนือ,2563
60 ขึ้นไป,49.0,ไตรมาส 2,สำนักงานสถิติแห่งชาติ,2924,ชาย,ร้อยละ,ภาคเหนือ,2563
ยอดรวม,55.9,ไตรมาส 2,สำนักงานสถิติแห่งชาติ,2925,หญิง,ร้อยละ,ภาคเหนือ,2563
15-19,9.1,ไตรมาส 2,สำนักงานสถิติแห่งชาติ,2926,หญิง,ร้อยละ,ภาคเหนือ,2563
20-24,53.5,ไตรมาส 2,สำนักงานสถิติแห่งชาติ,2927,หญิง,ร้อยละ,ภาคเหนือ,2563
25-29,73.2,ไตรมาส 2,สำนักงานสถิติแห่งชาติ,2928,หญิง,ร้อยละ,ภาคเหนือ,2563
30-34,76.7,ไตรมาส 2,สำนักงานสถิติแห่งชาติ,2929,หญิง,ร้อยละ,ภาคเหนือ,2563
35-39,81.1,ไตรมาส 2,สำนักงานสถิติแห่งชาติ,2930,หญิง,ร้อยละ,ภาคเหนือ,2563
40-49,79.9,ไตรมาส 2,สำนักงานสถิติแห่งชาติ,2931,หญิง,ร้อยละ,ภาคเหนือ,2563
50-59,72.4,ไตรมาส 2,สำนักงานสถิติแห่งชาติ,2932,หญิง,ร้อยละ,ภาคเหนือ,2563
60 ขึ้นไป,30.9,ไตรมาส 2,สำนักงานสถิติแห่งชาติ,2933,หญิง,ร้อยละ,ภาคเหนือ,2563
ยอดรวม,63.3,ไตรมาส 2,สำนักงานสถิติแห่งชาติ,2934,ยอดรวม,ร้อยละ,ภาคตะวันออกเฉียงเหนือ,2563
15-19,15.9,ไตรมาส 2,สำนักงานสถิติแห่งชาติ,2935,ยอดรวม,ร้อยละ,ภาคตะวันออกเฉียงเหนือ,2563
20-24,60.7,ไตรมาส 2,สำนักงานสถิติแห่งชาติ,2936,ยอดรวม,ร้อยละ,ภาคตะวันออกเฉียงเหนือ,2563
25-29,80.2,ไตรมาส 2,สำนักงานสถิติแห่งชาติ,2937,ยอดรวม,ร้อยละ,ภาคตะวันออกเฉียงเหนือ,2563
30-34,82.3,ไตรมาส 2,สำนักงานสถิติแห่งชาติ,2938,ยอดรวม,ร้อยละ,ภาคตะวันออกเฉียงเหนือ,2563
35-39,85.7,ไตรมาส 2,สำนักงานสถิติแห่งชาติ,2939,ยอดรวม,ร้อยละ,ภาคตะวันออกเฉียงเหนือ,2563
40-49,86.4,ไตรมาส 2,สำนักงานสถิติแห่งชาติ,2940,ยอดรวม,ร้อยละ,ภาคตะวันออกเฉียงเหนือ,2563
50-59,82.2,ไตรมาส 2,สำนักงานสถิติแห่งชาติ,2941,ยอดรวม,ร้อยละ,ภาคตะวันออกเฉียงเหนือ,2563
60 ขึ้นไป,39.8,ไตรมาส 2,สำนักงานสถิติแห่งชาติ,2942,ยอดรวม,ร้อยละ,ภาคตะวันออกเฉียงเหนือ,2563
ยอดรวม,73.4,ไตรมาส 2,สำนักงานสถิติแห่งชาติ,2943,ชาย,ร้อยละ,ภาคตะวันออกเฉียงเหนือ,2563
15-19,21.9,ไตรมาส 2,สำนักงานสถิติแห่งชาติ,2944,ชาย,ร้อยละ,ภาคตะวันออกเฉียงเหนือ,2563
20-24,71.3,ไตรมาส 2,สำนักงานสถิติแห่งชาติ,2945,ชาย,ร้อยละ,ภาคตะวันออกเฉียงเหนือ,2563
25-29,90.9,ไตรมาส 2,สำนักงานสถิติแห่งชาติ,2946,ชาย,ร้อยละ,ภาคตะวันออกเฉียงเหนือ,2563
30-34,90.3,ไตรมาส 2,สำนักงานสถิติแห่งชาติ,2947,ชาย,ร้อยละ,ภาคตะวันออกเฉียงเหนือ,2563
35-39,92.5,ไตรมาส 2,สำนักงานสถิติแห่งชาติ,2948,ชาย,ร้อยละ,ภาคตะวันออกเฉียงเหนือ,2563
40-49,93.9,ไตรมาส 2,สำนักงานสถิติแห่งชาติ,2949,ชาย,ร้อยละ,ภาคตะวันออกเฉียงเหนือ,2563
50-59,93.1,ไตรมาส 2,สำนักงานสถิติแห่งชาติ,2950,ชาย,ร้อยละ,ภาคตะวันออกเฉียงเหนือ,2563
60 ขึ้นไป,53.1,ไตรมาส 2,สำนักงานสถิติแห่งชาติ,2951,ชาย,ร้อยละ,ภาคตะวันออกเฉียงเหนือ,2563
ยอดรวม,54.1,ไตรมาส 2,สำนักงานสถิติแห่งชาติ,2952,หญิง,ร้อยละ,ภาคตะวันออกเฉียงเหนือ,2563
15-19,9.6,ไตรมาส 2,สำนักงานสถิติแห่งชาติ,2953,หญิง,ร้อยละ,ภาคตะวันออกเฉียงเหนือ,2563
20-24,49.9,ไตรมาส 2,สำนักงานสถิติแห่งชาติ,2954,หญิง,ร้อยละ,ภาคตะวันออกเฉียงเหนือ,2563
25-29,69.8,ไตรมาส 2,สำนักงานสถิติแห่งชาติ,2955,หญิง,ร้อยละ,ภาคตะวันออกเฉียงเหนือ,2563
30-34,74.2,ไตรมาส 2,สำนักงานสถิติแห่งชาติ,2956,หญิง,ร้อยละ,ภาคตะวันออกเฉียงเหนือ,2563
35-39,79.1,ไตรมาส 2,สำนักงานสถิติแห่งชาติ,2957,หญิง,ร้อยละ,ภาคตะวันออกเฉียงเหนือ,2563
40-49,79.7,ไตรมาส 2,สำนักงานสถิติแห่งชาติ,2958,หญิง,ร้อยละ,ภาคตะวันออกเฉียงเหนือ,2563
50-59,72.3,ไตรมาส 2,สำนักงานสถิติแห่งชาติ,2959,หญิง,ร้อยละ,ภาคตะวันออกเฉียงเหนือ,2563
60 ขึ้นไป,28.8,ไตรมาส 2,สำนักงานสถิติแห่งชาติ,2960,หญิง,ร้อยละ,ภาคตะวันออกเฉียงเหนือ,2563
ยอดรวม,70.1,ไตรมาส 2,สำนักงานสถิติแห่งชาติ,2961,ยอดรวม,ร้อยละ,ภาคใต้,2563
15-19,19.9,ไตรมาส 2,สำนักงานสถิติแห่งชาติ,2962,ยอดรวม,ร้อยละ,ภาคใต้,2563
20-24,66.2,ไตรมาส 2,สำนักงานสถิติแห่งชาติ,2963,ยอดรวม,ร้อยละ,ภาคใต้,2563
25-29,83.5,ไตรมาส 2,สำนักงานสถิติแห่งชาติ,2964,ยอดรวม,ร้อยละ,ภาคใต้,2563
30-34,88.0,ไตรมาส 2,สำนักงานสถิติแห่งชาติ,2965,ยอดรวม,ร้อยละ,ภาคใต้,2563
35-39,88.1,ไตรมาส 2,สำนักงานสถิติแห่งชาติ,2966,ยอดรวม,ร้อยละ,ภาคใต้,2563
40-49,89.1,ไตรมาส 2,สำนักงานสถิติแห่งชาติ,2967,ยอดรวม,ร้อยละ,ภาคใต้,2563
50-59,84.8,ไตรมาส 2,สำนักงานสถิติแห่งชาติ,2968,ยอดรวม,ร้อยละ,ภาคใต้,2563
60 ขึ้นไป,42.7,ไตรมาส 2,สำนักงานสถิติแห่งชาติ,2969,ยอดรวม,ร้อยละ,ภาคใต้,2563
ยอดรวม,80.1,ไตรมาส 2,สำนักงานสถิติแห่งชาติ,2970,ชาย,ร้อยละ,ภาคใต้,2563
15-19,27.3,ไตรมาส 2,สำนักงานสถิติแห่งชาติ,2971,ชาย,ร้อยละ,ภาคใต้,2563
20-24,80.4,ไตรมาส 2,สำนักงานสถิติแห่งชาติ,2972,ชาย,ร้อยละ,ภาคใต้,2563
25-29,94.5,ไตรมาส 2,สำนักงานสถิติแห่งชาติ,2973,ชาย,ร้อยละ,ภาคใต้,2563
30-34,96.9,ไตรมาส 2,สำนักงานสถิติแห่งชาติ,2974,ชาย,ร้อยละ,ภาคใต้,2563
35-39,95.7,ไตรมาส 2,สำนักงานสถิติแห่งชาติ,2975,ชาย,ร้อยละ,ภาคใต้,2563
40-49,97.1,ไตรมาส 2,สำนักงานสถิติแห่งชาติ,2976,ชาย,ร้อยละ,ภาคใต้,2563
50-59,93.2,ไตรมาส 2,สำนักงานสถิติแห่งชาติ,2977,ชาย,ร้อยละ,ภาคใต้,2563
60 ขึ้นไป,54.4,ไตรมาส 2,สำนักงานสถิติแห่งชาติ,2978,ชาย,ร้อยละ,ภาคใต้,2563
ยอดรวม,60.7,ไตรมาส 2,สำนักงานสถิติแห่งชาติ,2979,หญิง,ร้อยละ,ภาคใต้,2563
15-19,12.3,ไตรมาส 2,สำนักงานสถิติแห่งชาติ,2980,หญิง,ร้อยละ,ภาคใต้,2563
20-24,51.4,ไตรมาส 2,สำนักงานสถิติแห่งชาติ,2981,หญิง,ร้อยละ,ภาคใต้,2563
25-29,72.1,ไตรมาส 2,สำนักงานสถิติแห่งชาติ,2982,หญิง,ร้อยละ,ภาคใต้,2563
30-34,78.9,ไตรมาส 2,สำนักงานสถิติแห่งชาติ,2983,หญิง,ร้อยละ,ภาคใต้,2563
35-39,80.3,ไตรมาส 2,สำนักงานสถิติแห่งชาติ,2984,หญิง,ร้อยละ,ภาคใต้,2563
40-49,81.6,ไตรมาส 2,สำนักงานสถิติแห่งชาติ,2985,หญิง,ร้อยละ,ภาคใต้,2563
50-59,77.2,ไตรมาส 2,สำนักงานสถิติแห่งชาติ,2986,หญิง,ร้อยละ,ภาคใต้,2563
60 ขึ้นไป,33.4,ไตรมาส 2,สำนักงานสถิติแห่งชาติ,2987,หญิง,ร้อยละ,ภาคใต้,2563
ยอดรวม,68.1,ไตรมาส 3,สำนักงานสถิติแห่งชาติ,2988,ยอดรวม,ร้อยละ,ทั่วราชอาณาจักร,2563
15-19,15.5,ไตรมาส 3,สำนักงานสถิติแห่งชาติ,2989,ยอดรวม,ร้อยละ,ทั่วราชอาณาจักร,2563
20-24,64.1,ไตรมาส 3,สำนักงานสถิติแห่งชาติ,2990,ยอดรวม,ร้อยละ,ทั่วราชอาณาจักร,2563
25-29,86.2,ไตรมาส 3,สำนักงานสถิติแห่งชาติ,2991,ยอดรวม,ร้อยละ,ทั่วราชอาณาจักร,2563
30-34,88.9,ไตรมาส 3,สำนักงานสถิติแห่งชาติ,2992,ยอดรวม,ร้อยละ,ทั่วราชอาณาจักร,2563
35-39,89.3,ไตรมาส 3,สำนักงานสถิติแห่งชาติ,2993,ยอดรวม,ร้อยละ,ทั่วราชอาณาจักร,2563
50-59,82.2,ไตรมาส 3,สำนักงานสถิติแห่งชาติ,2994,ยอดรวม,ร้อยละ,ทั่วราชอาณาจักร,2563
60 ขึ้นไป,37.1,ไตรมาส 3,สำนักงานสถิติแห่งชาติ,2995,ยอดรวม,ร้อยละ,ทั่วราชอาณาจักร,2563
ยอดรวม,76.6,ไตรมาส 3,สำนักงานสถิติแห่งชาติ,2996,ชาย,ร้อยละ,ทั่วราชอาณาจักร,2563
15-19,21.4,ไตรมาส 3,สำนักงานสถิติแห่งชาติ,2997,ชาย,ร้อยละ,ทั่วราชอาณาจักร,2563
20-24,72.3,ไตรมาส 3,สำนักงานสถิติแห่งชาติ,2998,ชาย,ร้อยละ,ทั่วราชอาณาจักร,2563
25-29,93.8,ไตรมาส 3,สำนักงานสถิติแห่งชาติ,2999,ชาย,ร้อยละ,ทั่วราชอาณาจักร,2563
30-34,95.3,ไตรมาส 3,สำนักงานสถิติแห่งชาติ,3000,ชาย,ร้อยละ,ทั่วราชอาณาจักร,2563
35-39,95.6,ไตรมาส 3,สำนักงานสถิติแห่งชาติ,3001,ชาย,ร้อยละ,ทั่วราชอาณาจักร,2563
40-49,95.7,ไตรมาส 3,สำนักงานสถิติแห่งชาติ,3002,ชาย,ร้อยละ,ทั่วราชอาณาจักร,2563
50-59,91.6,ไตรมาส 3,สำนักงานสถิติแห่งชาติ,3003,ชาย,ร้อยละ,ทั่วราชอาณาจักร,2563
60 ขึ้นไป,47.3,ไตรมาส 3,สำนักงานสถิติแห่งชาติ,3004,ชาย,ร้อยละ,ทั่วราชอาณาจักร,2563
ยอดรวม,60.2,ไตรมาส 3,สำนักงานสถิติแห่งชาติ,3005,หญิง,ร้อยละ,ทั่วราชอาณาจักร,2563
15-19,9.5,ไตรมาส 3,สำนักงานสถิติแห่งชาติ,3006,หญิง,ร้อยละ,ทั่วราชอาณาจักร,2563
20-24,55.6,ไตรมาส 3,สำนักงานสถิติแห่งชาติ,3007,หญิง,ร้อยละ,ทั่วราชอาณาจักร,2563
25-29,78.4,ไตรมาส 3,สำนักงานสถิติแห่งชาติ,3008,หญิง,ร้อยละ,ทั่วราชอาณาจักร,2563
30-34,82.6,ไตรมาส 3,สำนักงานสถิติแห่งชาติ,3009,หญิง,ร้อยละ,ทั่วราชอาณาจักร,2563
35-39,83.0,ไตรมาส 3,สำนักงานสถิติแห่งชาติ,3010,หญิง,ร้อยละ,ทั่วราชอาณาจักร,2563
40-49,82.1,ไตรมาส 3,สำนักงานสถิติแห่งชาติ,3011,หญิง,ร้อยละ,ทั่วราชอาณาจักร,2563
50-59,73.7,ไตรมาส 3,สำนักงานสถิติแห่งชาติ,3012,หญิง,ร้อยละ,ทั่วราชอาณาจักร,2563
60 ขึ้นไป,28.8,ไตรมาส 3,สำนักงานสถิติแห่งชาติ,3013,หญิง,ร้อยละ,ทั่วราชอาณาจักร,2563
ยอดรวม,70.6,ไตรมาส 3,สำนักงานสถิติแห่งชาติ,3014,ยอดรวม,ร้อยละ,กรุงเทพมหานคร,2563
15-19,11.8,ไตรมาส 3,สำนักงานสถิติแห่งชาติ,3015,ยอดรวม,ร้อยละ,กรุงเทพมหานคร,2563
20-24,54.5,ไตรมาส 3,สำนักงานสถิติแห่งชาติ,3016,ยอดรวม,ร้อยละ,กรุงเทพมหานคร,2563
25-29,90.2,ไตรมาส 3,สำนักงานสถิติแห่งชาติ,3017,ยอดรวม,ร้อยละ,กรุงเทพมหานคร,2563
30-34,90.3,ไตรมาส 3,สำนักงานสถิติแห่งชาติ,3018,ยอดรวม,ร้อยละ,กรุงเทพมหานคร,2563
35-39,90.5,ไตรมาส 3,สำนักงานสถิติแห่งชาติ,3019,ยอดรวม,ร้อยละ,กรุงเทพมหานคร,2563
40-49,89.5,ไตรมาส 3,สำนักงานสถิติแห่งชาติ,3020,ยอดรวม,ร้อยละ,กรุงเทพมหานคร,2563
50-59,78.2,ไตรมาส 3,สำนักงานสถิติแห่งชาติ,3021,ยอดรวม,ร้อยละ,กรุงเทพมหานคร,2563
60 ขึ้นไป,22.2,ไตรมาส 3,สำนักงานสถิติแห่งชาติ,3022,ยอดรวม,ร้อยละ,กรุงเทพมหานคร,2563
ยอดรวม,77.4,ไตรมาส 3,สำนักงานสถิติแห่งชาติ,3023,ชาย,ร้อยละ,กรุงเทพมหานคร,2563
15-19,15.5,ไตรมาส 3,สำนักงานสถิติแห่งชาติ,3024,ชาย,ร้อยละ,กรุงเทพมหานคร,2563
20-24,57.7,ไตรมาส 3,สำนักงานสถิติแห่งชาติ,3025,ชาย,ร้อยละ,กรุงเทพมหานคร,2563
25-29,93.3,ไตรมาส 3,สำนักงานสถิติแห่งชาติ,3026,ชาย,ร้อยละ,กรุงเทพมหานคร,2563
30-34,96.4,ไตรมาส 3,สำนักงานสถิติแห่งชาติ,3027,ชาย,ร้อยละ,กรุงเทพมหานคร,2563
35-39,95.7,ไตรมาส 3,สำนักงานสถิติแห่งชาติ,3028,ชาย,ร้อยละ,กรุงเทพมหานคร,2563
40-49,96.6,ไตรมาส 3,สำนักงานสถิติแห่งชาติ,3029,ชาย,ร้อยละ,กรุงเทพมหานคร,2563
50-59,87.8,ไตรมาส 3,สำนักงานสถิติแห่งชาติ,3030,ชาย,ร้อยละ,กรุงเทพมหานคร,2563
60 ขึ้นไป,27.9,ไตรมาส 3,สำนักงานสถิติแห่งชาติ,3031,ชาย,ร้อยละ,กรุงเทพมหานคร,2563
ยอดรวม,64.4,ไตรมาส 3,สำนักงานสถิติแห่งชาติ,3032,หญิง,ร้อยละ,กรุงเทพมหานคร,2563
15-19,8.1,ไตรมาส 3,สำนักงานสถิติแห่งชาติ,3033,หญิง,ร้อยละ,กรุงเทพมหานคร,2563
20-24,51.2,ไตรมาส 3,สำนักงานสถิติแห่งชาติ,3034,หญิง,ร้อยละ,กรุงเทพมหานคร,2563
25-29,87.1,ไตรมาส 3,สำนักงานสถิติแห่งชาติ,3035,หญิง,ร้อยละ,กรุงเทพมหานคร,2563
30-34,84.9,ไตรมาส 3,สำนักงานสถิติแห่งชาติ,3036,หญิง,ร้อยละ,กรุงเทพมหานคร,2563
35-39,85.6,ไตรมาส 3,สำนักงานสถิติแห่งชาติ,3037,หญิง,ร้อยละ,กรุงเทพมหานคร,2563
40-49,82.6,ไตรมาส 3,สำนักงานสถิติแห่งชาติ,3038,หญิง,ร้อยละ,กรุงเทพมหานคร,2563
50-59,69.5,ไตรมาส 3,สำนักงานสถิติแห่งชาติ,3039,หญิง,ร้อยละ,กรุงเทพมหานคร,2563
60 ขึ้นไป,17.8,ไตรมาส 3,สำนักงานสถิติแห่งชาติ,3040,หญิง,ร้อยละ,กรุงเทพมหานคร,2563
ยอดรวม,69.7,ไตรมาส 3,สำนักงานสถิติแห่งชาติ,3041,ยอดรวม,ร้อยละ,ภาคกลาง,2563
15-19,16.0,ไตรมาส 3,สำนักงานสถิติแห่งชาติ,3042,ยอดรวม,ร้อยละ,ภาคกลาง,2563
20-24,66.3,ไตรมาส 3,สำนักงานสถิติแห่งชาติ,3043,ยอดรวม,ร้อยละ,ภาคกลาง,2563
25-29,89.0,ไตรมาส 3,สำนักงานสถิติแห่งชาติ,3044,ยอดรวม,ร้อยละ,ภาคกลาง,2563
30-34,91.0,ไตรมาส 3,สำนักงานสถิติแห่งชาติ,3045,ยอดรวม,ร้อยละ,ภาคกลาง,2563
35-39,89.4,ไตรมาส 3,สำนักงานสถิติแห่งชาติ,3046,ยอดรวม,ร้อยละ,ภาคกลาง,2563
40-49,87.7,ไตรมาส 3,สำนักงานสถิติแห่งชาติ,3047,ยอดรวม,ร้อยละ,ภาคกลาง,2563
50-59,79.3,ไตรมาส 3,สำนักงานสถิติแห่งชาติ,3048,ยอดรวม,ร้อยละ,ภาคกลาง,2563
60 ขึ้นไป,32.2,ไตรมาส 3,สำนักงานสถิติแห่งชาติ,3049,ยอดรวม,ร้อยละ,ภาคกลาง,2563
ยอดรวม,78.1,ไตรมาส 3,สำนักงานสถิติแห่งชาติ,3050,ชาย,ร้อยละ,ภาคกลาง,2563
15-19,21.1,ไตรมาส 3,สำนักงานสถิติแห่งชาติ,3051,ชาย,ร้อยละ,ภาคกลาง,2563
20-24,73.1,ไตรมาส 3,สำนักงานสถิติแห่งชาติ,3052,ชาย,ร้อยละ,ภาคกลาง,2563
25-29,95.3,ไตรมาส 3,สำนักงานสถิติแห่งชาติ,3053,ชาย,ร้อยละ,ภาคกลาง,2563
30-34,95.9,ไตรมาส 3,สำนักงานสถิติแห่งชาติ,3054,ชาย,ร้อยละ,ภาคกลาง,2563
35-39,96.5,ไตรมาส 3,สำนักงานสถิติแห่งชาติ,3055,ชาย,ร้อยละ,ภาคกลาง,2563
40-49,95.7,ไตรมาส 3,สำนักงานสถิติแห่งชาติ,3056,ชาย,ร้อยละ,ภาคกลาง,2563
50-59,89.9,ไตรมาส 3,สำนักงานสถิติแห่งชาติ,3057,ชาย,ร้อยละ,ภาคกลาง,2563
60 ขึ้นไป,40.4,ไตรมาส 3,สำนักงานสถิติแห่งชาติ,3058,ชาย,ร้อยละ,ภาคกลาง,2563
ยอดรวม,61.9,ไตรมาส 3,สำนักงานสถิติแห่งชาติ,3059,หญิง,ร้อยละ,ภาคกลาง,2563
15-19,10.8,ไตรมาส 3,สำนักงานสถิติแห่งชาติ,3060,หญิง,ร้อยละ,ภาคกลาง,2563
20-24,59.3,ไตรมาส 3,สำนักงานสถิติแห่งชาติ,3061,หญิง,ร้อยละ,ภาคกลาง,2563
25-29,82.3,ไตรมาส 3,สำนักงานสถิติแห่งชาติ,3062,หญิง,ร้อยละ,ภาคกลาง,2563
30-34,85.8,ไตรมาส 3,สำนักงานสถิติแห่งชาติ,3063,หญิง,ร้อยละ,ภาคกลาง,2563
35-39,82.5,ไตรมาส 3,สำนักงานสถิติแห่งชาติ,3064,หญิง,ร้อยละ,ภาคกลาง,2563
40-49,80.1,ไตรมาส 3,สำนักงานสถิติแห่งชาติ,3065,หญิง,ร้อยละ,ภาคกลาง,2563
50-59,69.6,ไตรมาส 3,สำนักงานสถิติแห่งชาติ,3066,หญิง,ร้อยละ,ภาคกลาง,2563
60 ขึ้นไป,25.8,ไตรมาส 3,สำนักงานสถิติแห่งชาติ,3067,หญิง,ร้อยละ,ภาคกลาง,2563
ยอดรวม,66.5,ไตรมาส 3,สำนักงานสถิติแห่งชาติ,3068,ยอดรวม,ร้อยละ,ภาคเหนือ,2563
15-19,15.7,ไตรมาส 3,สำนักงานสถิติแห่งชาติ,3069,ยอดรวม,ร้อยละ,ภาคเหนือ,2563
20-24,66.1,ไตรมาส 3,สำนักงานสถิติแห่งชาติ,3070,ยอดรวม,ร้อยละ,ภาคเหนือ,2563
25-29,83.0,ไตรมาส 3,สำนักงานสถิติแห่งชาติ,3071,ยอดรวม,ร้อยละ,ภาคเหนือ,2563
30-34,86.4,ไตรมาส 3,สำนักงานสถิติแห่งชาติ,3072,ยอดรวม,ร้อยละ,ภาคเหนือ,2563
35-39,90.5,ไตรมาส 3,สำนักงานสถิติแห่งชาติ,3073,ยอดรวม,ร้อยละ,ภาคเหนือ,2563
40-49,89.0,ไตรมาส 3,สำนักงานสถิติแห่งชาติ,3074,ยอดรวม,ร้อยละ,ภาคเหนือ,2563
50-59,84.1,ไตรมาส 3,สำนักงานสถิติแห่งชาติ,3075,ยอดรวม,ร้อยละ,ภาคเหนือ,2563
ยอดรวม,75.0,ไตรมาส 3,สำนักงานสถิติแห่งชาติ,3076,ชาย,ร้อยละ,ภาคเหนือ,2563
15-19,20.9,ไตรมาส 3,สำนักงานสถิติแห่งชาติ,3077,ชาย,ร้อยละ,ภาคเหนือ,2563
20-24,77.4,ไตรมาส 3,สำนักงานสถิติแห่งชาติ,3078,ชาย,ร้อยละ,ภาคเหนือ,2563
25-29,92.5,ไตรมาส 3,สำนักงานสถิติแห่งชาติ,3079,ชาย,ร้อยละ,ภาคเหนือ,2563
30-34,94.7,ไตรมาส 3,สำนักงานสถิติแห่งชาติ,3080,ชาย,ร้อยละ,ภาคเหนือ,2563
35-39,96.3,ไตรมาส 3,สำนักงานสถิติแห่งชาติ,3081,ชาย,ร้อยละ,ภาคเหนือ,2563
40-49,94.5,ไตรมาส 3,สำนักงานสถิติแห่งชาติ,3082,ชาย,ร้อยละ,ภาคเหนือ,2563
50-59,92.0,ไตรมาส 3,สำนักงานสถิติแห่งชาติ,3083,ชาย,ร้อยละ,ภาคเหนือ,2563
60 ขึ้นไป,52.3,ไตรมาส 3,สำนักงานสถิติแห่งชาติ,3084,ชาย,ร้อยละ,ภาคเหนือ,2563
ยอดรวม,58.7,ไตรมาส 3,สำนักงานสถิติแห่งชาติ,3085,หญิง,ร้อยละ,ภาคเหนือ,2563
15-19,10.3,ไตรมาส 3,สำนักงานสถิติแห่งชาติ,3086,หญิง,ร้อยละ,ภาคเหนือ,2563
20-24,54.5,ไตรมาส 3,สำนักงานสถิติแห่งชาติ,3087,หญิง,ร้อยละ,ภาคเหนือ,2563
25-29,73.3,ไตรมาส 3,สำนักงานสถิติแห่งชาติ,3088,หญิง,ร้อยละ,ภาคเหนือ,2563
30-34,77.8,ไตรมาส 3,สำนักงานสถิติแห่งชาติ,3089,หญิง,ร้อยละ,ภาคเหนือ,2563
35-39,84.7,ไตรมาส 3,สำนักงานสถิติแห่งชาติ,3090,หญิง,ร้อยละ,ภาคเหนือ,2563
40-49,83.9,ไตรมาส 3,สำนักงานสถิติแห่งชาติ,3091,หญิง,ร้อยละ,ภาคเหนือ,2563
50-59,77.2,ไตรมาส 3,สำนักงานสถิติแห่งชาติ,3092,หญิง,ร้อยละ,ภาคเหนือ,2563
60 ขึ้นไป,33.6,ไตรมาส 3,สำนักงานสถิติแห่งชาติ,3093,หญิง,ร้อยละ,ภาคเหนือ,2563
ยอดรวม,65.1,ไตรมาส 3,สำนักงานสถิติแห่งชาติ,3094,ยอดรวม,ร้อยละ,ภาคตะวันออกเฉียงเหนือ,2563
15-19,15.1,ไตรมาส 3,สำนักงานสถิติแห่งชาติ,3095,ยอดรวม,ร้อยละ,ภาคตะวันออกเฉียงเหนือ,2563
20-24,63.1,ไตรมาส 3,สำนักงานสถิติแห่งชาติ,3096,ยอดรวม,ร้อยละ,ภาคตะวันออกเฉียงเหนือ,2563
25-29,81.8,ไตรมาส 3,สำนักงานสถิติแห่งชาติ,3097,ยอดรวม,ร้อยละ,ภาคตะวันออกเฉียงเหนือ,2563
30-34,85.5,ไตรมาส 3,สำนักงานสถิติแห่งชาติ,3098,ยอดรวม,ร้อยละ,ภาคตะวันออกเฉียงเหนือ,2563
35-39,87.3,ไตรมาส 3,สำนักงานสถิติแห่งชาติ,3099,ยอดรวม,ร้อยละ,ภาคตะวันออกเฉียงเหนือ,2563
40-49,88.8,ไตรมาส 3,สำนักงานสถิติแห่งชาติ,3100,ยอดรวม,ร้อยละ,ภาคตะวันออกเฉียงเหนือ,2563
50-59,85.1,ไตรมาส 3,สำนักงานสถิติแห่งชาติ,3101,ยอดรวม,ร้อยละ,ภาคตะวันออกเฉียงเหนือ,2563
60 ขึ้นไป,41.0,ไตรมาส 3,สำนักงานสถิติแห่งชาติ,3102,ยอดรวม,ร้อยละ,ภาคตะวันออกเฉียงเหนือ,2563
ยอดรวม,74.1,ไตรมาส 3,สำนักงานสถิติแห่งชาติ,3103,ชาย,ร้อยละ,ภาคตะวันออกเฉียงเหนือ,2563
15-19,21.3,ไตรมาส 3,สำนักงานสถิติแห่งชาติ,3104,ชาย,ร้อยละ,ภาคตะวันออกเฉียงเหนือ,2563
20-24,71.6,ไตรมาส 3,สำนักงานสถิติแห่งชาติ,3105,ชาย,ร้อยละ,ภาคตะวันออกเฉียงเหนือ,2563
25-29,92.6,ไตรมาส 3,สำนักงานสถิติแห่งชาติ,3106,ชาย,ร้อยละ,ภาคตะวันออกเฉียงเหนือ,2563
30-34,92.3,ไตรมาส 3,สำนักงานสถิติแห่งชาติ,3107,ชาย,ร้อยละ,ภาคตะวันออกเฉียงเหนือ,2563
35-39,92.9,ไตรมาส 3,สำนักงานสถิติแห่งชาติ,3108,ชาย,ร้อยละ,ภาคตะวันออกเฉียงเหนือ,2563
40-49,94.9,ไตรมาส 3,สำนักงานสถิติแห่งชาติ,3109,ชาย,ร้อยละ,ภาคตะวันออกเฉียงเหนือ,2563
50-59,94.1,ไตรมาส 3,สำนักงานสถิติแห่งชาติ,3110,ชาย,ร้อยละ,ภาคตะวันออกเฉียงเหนือ,2563
60 ขึ้นไป,53.8,ไตรมาส 3,สำนักงานสถิติแห่งชาติ,3111,ชาย,ร้อยละ,ภาคตะวันออกเฉียงเหนือ,2563
ยอดรวม,56.8,ไตรมาส 3,สำนักงานสถิติแห่งชาติ,3112,หญิง,ร้อยละ,ภาคตะวันออกเฉียงเหนือ,2563
15-19,8.7,ไตรมาส 3,สำนักงานสถิติแห่งชาติ,3113,หญิง,ร้อยละ,ภาคตะวันออกเฉียงเหนือ,2563
20-24,54.5,ไตรมาส 3,สำนักงานสถิติแห่งชาติ,3114,หญิง,ร้อยละ,ภาคตะวันออกเฉียงเหนือ,2563
25-29,71.5,ไตรมาส 3,สำนักงานสถิติแห่งชาติ,3115,หญิง,ร้อยละ,ภาคตะวันออกเฉียงเหนือ,2563
30-34,78.6,ไตรมาส 3,สำนักงานสถิติแห่งชาติ,3116,หญิง,ร้อยละ,ภาคตะวันออกเฉียงเหนือ,2563
35-39,81.8,ไตรมาส 3,สำนักงานสถิติแห่งชาติ,3117,หญิง,ร้อยละ,ภาคตะวันออกเฉียงเหนือ,2563
40-49,83.4,ไตรมาส 3,สำนักงานสถิติแห่งชาติ,3118,หญิง,ร้อยละ,ภาคตะวันออกเฉียงเหนือ,2563
50-59,77.0,ไตรมาส 3,สำนักงานสถิติแห่งชาติ,3119,หญิง,ร้อยละ,ภาคตะวันออกเฉียงเหนือ,2563
60 ขึ้นไป,30.3,ไตรมาส 3,สำนักงานสถิติแห่งชาติ,3120,หญิง,ร้อยละ,ภาคตะวันออกเฉียงเหนือ,2563
ยอดรวม,69.7,ไตรมาส 3,สำนักงานสถิติแห่งชาติ,3121,ยอดรวม,ร้อยละ,ภาคใต้,2563
15-19,17.5,ไตรมาส 3,สำนักงานสถิติแห่งชาติ,3122,ยอดรวม,ร้อยละ,ภาคใต้,2563
20-24,66.6,ไตรมาส 3,สำนักงานสถิติแห่งชาติ,3123,ยอดรวม,ร้อยละ,ภาคใต้,2563
25-29,85.6,ไตรมาส 3,สำนักงานสถิติแห่งชาติ,3124,ยอดรวม,ร้อยละ,ภาคใต้,2563
30-34,88.3,ไตรมาส 3,สำนักงานสถิติแห่งชาติ,3125,ยอดรวม,ร้อยละ,ภาคใต้,2563
35-39,88.6,ไตรมาส 3,สำนักงานสถิติแห่งชาติ,3126,ยอดรวม,ร้อยละ,ภาคใต้,2563
40-49,89.4,ไตรมาส 3,สำนักงานสถิติแห่งชาติ,3127,ยอดรวม,ร้อยละ,ภาคใต้,2563
50-59,83.7,ไตรมาส 3,สำนักงานสถิติแห่งชาติ,3128,ยอดรวม,ร้อยละ,ภาคใต้,2563
60 ขึ้นไป,41.0,ไตรมาส 3,สำนักงานสถิติแห่งชาติ,3129,ยอดรวม,ร้อยละ,ภาคใต้,2563
ยอดรวม,79.0,ไตรมาส 3,สำนักงานสถิติแห่งชาติ,3130,ชาย,ร้อยละ,ภาคใต้,2563
15-19,25.5,ไตรมาส 3,สำนักงานสถิติแห่งชาติ,3131,ชาย,ร้อยละ,ภาคใต้,2563
20-24,77.5,ไตรมาส 3,สำนักงานสถิติแห่งชาติ,3132,ชาย,ร้อยละ,ภาคใต้,2563
25-29,94.0,ไตรมาส 3,สำนักงานสถิติแห่งชาติ,3133,ชาย,ร้อยละ,ภาคใต้,2563
30-34,96.2,ไตรมาส 3,สำนักงานสถิติแห่งชาติ,3134,ชาย,ร้อยละ,ภาคใต้,2563
35-39,96.4,ไตรมาส 3,สำนักงานสถิติแห่งชาติ,3135,ชาย,ร้อยละ,ภาคใต้,2563
40-49,97.2,ไตรมาส 3,สำนักงานสถิติแห่งชาติ,3136,ชาย,ร้อยละ,ภาคใต้,2563
50-59,93.0,ไตรมาส 3,สำนักงานสถิติแห่งชาติ,3137,ชาย,ร้อยละ,ภาคใต้,2563
60 ขึ้นไป,51.6,ไตรมาส 3,สำนักงานสถิติแห่งชาติ,3138,ชาย,ร้อยละ,ภาคใต้,2563
ยอดรวม,60.8,ไตรมาส 3,สำนักงานสถิติแห่งชาติ,3139,หญิง,ร้อยละ,ภาคใต้,2563
15-19,9.1,ไตรมาส 3,สำนักงานสถิติแห่งชาติ,3140,หญิง,ร้อยละ,ภาคใต้,2563
20-24,55.2,ไตรมาส 3,สำนักงานสถิติแห่งชาติ,3141,หญิง,ร้อยละ,ภาคใต้,2563
25-29,77.0,ไตรมาส 3,สำนักงานสถิติแห่งชาติ,3142,หญิง,ร้อยละ,ภาคใต้,2563
30-34,80.1,ไตรมาส 3,สำนักงานสถิติแห่งชาติ,3143,หญิง,ร้อยละ,ภาคใต้,2563
35-39,80.7,ไตรมาส 3,สำนักงานสถิติแห่งชาติ,3144,หญิง,ร้อยละ,ภาคใต้,2563
40-49,82.0,ไตรมาส 3,สำนักงานสถิติแห่งชาติ,3145,หญิง,ร้อยละ,ภาคใต้,2563
50-59,75.1,ไตรมาส 3,สำนักงานสถิติแห่งชาติ,3146,หญิง,ร้อยละ,ภาคใต้,2563
60 ขึ้นไป,32.5,ไตรมาส 3,สำนักงานสถิติแห่งชาติ,3147,หญิง,ร้อยละ,ภาคใต้,2563
ยอดรวม,68.6,ไตรมาส 4,สำนักงานสถิติแห่งชาติ,3148,ยอดรวม,ร้อยละ,ทั่วราชอาณาจักร,2563
15-19,16.0,ไตรมาส 4,สำนักงานสถิติแห่งชาติ,3149,ยอดรวม,ร้อยละ,ทั่วราชอาณาจักร,2563
20-24,67.6,ไตรมาส 4,สำนักงานสถิติแห่งชาติ,3150,ยอดรวม,ร้อยละ,ทั่วราชอาณาจักร,2563
25-29,87.1,ไตรมาส 4,สำนักงานสถิติแห่งชาติ,3151,ยอดรวม,ร้อยละ,ทั่วราชอาณาจักร,2563
30-34,89.6,ไตรมาส 4,สำนักงานสถิติแห่งชาติ,3152,ยอดรวม,ร้อยละ,ทั่วราชอาณาจักร,2563
35-39,89.4,ไตรมาส 4,สำนักงานสถิติแห่งชาติ,3153,ยอดรวม,ร้อยละ,ทั่วราชอาณาจักร,2563
40-49,89.2,ไตรมาส 4,สำนักงานสถิติแห่งชาติ,3154,ยอดรวม,ร้อยละ,ทั่วราชอาณาจักร,2563
50-59,82.1,ไตรมาส 4,สำนักงานสถิติแห่งชาติ,3155,ยอดรวม,ร้อยละ,ทั่วราชอาณาจักร,2563
60 ขึ้นไป,37.4,ไตรมาส 4,สำนักงานสถิติแห่งชาติ,3156,ยอดรวม,ร้อยละ,ทั่วราชอาณาจักร,2563
15-19,22.1,ไตรมาส 4,สำนักงานสถิติแห่งชาติ,3157,ชาย,ร้อยละ,ทั่วราชอาณาจักร,2563
20-24,76.2,ไตรมาส 4,สำนักงานสถิติแห่งชาติ,3158,ชาย,ร้อยละ,ทั่วราชอาณาจักร,2563
25-29,94.4,ไตรมาส 4,สำนักงานสถิติแห่งชาติ,3159,ชาย,ร้อยละ,ทั่วราชอาณาจักร,2563
30-34,95.6,ไตรมาส 4,สำนักงานสถิติแห่งชาติ,3160,ชาย,ร้อยละ,ทั่วราชอาณาจักร,2563
35-39,95.7,ไตรมาส 4,สำนักงานสถิติแห่งชาติ,3161,ชาย,ร้อยละ,ทั่วราชอาณาจักร,2563
40-49,95.6,ไตรมาส 4,สำนักงานสถิติแห่งชาติ,3162,ชาย,ร้อยละ,ทั่วราชอาณาจักร,2563
50-59,91.2,ไตรมาส 4,สำนักงานสถิติแห่งชาติ,3163,ชาย,ร้อยละ,ทั่วราชอาณาจักร,2563
60 ขึ้นไป,47.9,ไตรมาส 4,สำนักงานสถิติแห่งชาติ,3164,ชาย,ร้อยละ,ทั่วราชอาณาจักร,2563
ยอดรวม,60.8,ไตรมาส 4,สำนักงานสถิติแห่งชาติ,3165,หญิง,ร้อยละ,ทั่วราชอาณาจักร,2563
15-19,9.7,ไตรมาส 4,สำนักงานสถิติแห่งชาติ,3166,หญิง,ร้อยละ,ทั่วราชอาณาจักร,2563
20-24,58.9,ไตรมาส 4,สำนักงานสถิติแห่งชาติ,3167,หญิง,ร้อยละ,ทั่วราชอาณาจักร,2563
25-29,79.7,ไตรมาส 4,สำนักงานสถิติแห่งชาติ,3168,หญิง,ร้อยละ,ทั่วราชอาณาจักร,2563
30-34,83.4,ไตรมาส 4,สำนักงานสถิติแห่งชาติ,3169,หญิง,ร้อยละ,ทั่วราชอาณาจักร,2563
35-39,83.3,ไตรมาส 4,สำนักงานสถิติแห่งชาติ,3170,หญิง,ร้อยละ,ทั่วราชอาณาจักร,2563
40-49,83.1,ไตรมาส 4,สำนักงานสถิติแห่งชาติ,3171,หญิง,ร้อยละ,ทั่วราชอาณาจักร,2563
50-59,73.8,ไตรมาส 4,สำนักงานสถิติแห่งชาติ,3172,หญิง,ร้อยละ,ทั่วราชอาณาจักร,2563
60 ขึ้นไป,28.8,ไตรมาส 4,สำนักงานสถิติแห่งชาติ,3173,หญิง,ร้อยละ,ทั่วราชอาณาจักร,2563
ยอดรวม,71.6,ไตรมาส 4,สำนักงานสถิติแห่งชาติ,3174,ยอดรวม,ร้อยละ,กรุงเทพมหานคร,2563
15-19,11.5,ไตรมาส 4,สำนักงานสถิติแห่งชาติ,3175,ยอดรวม,ร้อยละ,กรุงเทพมหานคร,2563
20-24,57.9,ไตรมาส 4,สำนักงานสถิติแห่งชาติ,3176,ยอดรวม,ร้อยละ,กรุงเทพมหานคร,2563
25-29,91.8,ไตรมาส 4,สำนักงานสถิติแห่งชาติ,3177,ยอดรวม,ร้อยละ,กรุงเทพมหานคร,2563
30-34,92.8,ไตรมาส 4,สำนักงานสถิติแห่งชาติ,3178,ยอดรวม,ร้อยละ,กรุงเทพมหานคร,2563
35-39,90.1,ไตรมาส 4,สำนักงานสถิติแห่งชาติ,3179,ยอดรวม,ร้อยละ,กรุงเทพมหานคร,2563
40-49,90.6,ไตรมาส 4,สำนักงานสถิติแห่งชาติ,3180,ยอดรวม,ร้อยละ,กรุงเทพมหานคร,2563
50-59,77.4,ไตรมาส 4,สำนักงานสถิติแห่งชาติ,3181,ยอดรวม,ร้อยละ,กรุงเทพมหานคร,2563
60 ขึ้นไป,24.3,ไตรมาส 4,สำนักงานสถิติแห่งชาติ,3182,ยอดรวม,ร้อยละ,กรุงเทพมหานคร,2563
ยอดรวม,77.9,ไตรมาส 4,สำนักงานสถิติแห่งชาติ,3183,ชาย,ร้อยละ,กรุงเทพมหานคร,2563
15-19,16.1,ไตรมาส 4,สำนักงานสถิติแห่งชาติ,3184,ชาย,ร้อยละ,กรุงเทพมหานคร,2563
20-24,58.0,ไตรมาส 4,สำนักงานสถิติแห่งชาติ,3185,ชาย,ร้อยละ,กรุงเทพมหานคร,2563
25-29,93.7,ไตรมาส 4,สำนักงานสถิติแห่งชาติ,3186,ชาย,ร้อยละ,กรุงเทพมหานคร,2563
30-34,97.9,ไตรมาส 4,สำนักงานสถิติแห่งชาติ,3187,ชาย,ร้อยละ,กรุงเทพมหานคร,2563
35-39,96.4,ไตรมาส 4,สำนักงานสถิติแห่งชาติ,3188,ชาย,ร้อยละ,กรุงเทพมหานคร,2563
40-49,97.3,ไตรมาส 4,สำนักงานสถิติแห่งชาติ,3189,ชาย,ร้อยละ,กรุงเทพมหานคร,2563
50-59,86.2,ไตรมาส 4,สำนักงานสถิติแห่งชาติ,3190,ชาย,ร้อยละ,กรุงเทพมหานคร,2563
60 ขึ้นไป,29.6,ไตรมาส 4,สำนักงานสถิติแห่งชาติ,3191,ชาย,ร้อยละ,กรุงเทพมหานคร,2563
ยอดรวม,65.9,ไตรมาส 4,สำนักงานสถิติแห่งชาติ,3192,หญิง,ร้อยละ,กรุงเทพมหานคร,2563
15-19,6.9,ไตรมาส 4,สำนักงานสถิติแห่งชาติ,3193,หญิง,ร้อยละ,กรุงเทพมหานคร,2563
20-24,57.7,ไตรมาส 4,สำนักงานสถิติแห่งชาติ,3194,หญิง,ร้อยละ,กรุงเทพมหานคร,2563
25-29,89.9,ไตรมาส 4,สำนักงานสถิติแห่งชาติ,3195,หญิง,ร้อยละ,กรุงเทพมหานคร,2563
30-34,88.1,ไตรมาส 4,สำนักงานสถิติแห่งชาติ,3196,หญิง,ร้อยละ,กรุงเทพมหานคร,2563
35-39,84.3,ไตรมาส 4,สำนักงานสถิติแห่งชาติ,3197,หญิง,ร้อยละ,กรุงเทพมหานคร,2563
40-49,84.2,ไตรมาส 4,สำนักงานสถิติแห่งชาติ,3198,หญิง,ร้อยละ,กรุงเทพมหานคร,2563
50-59,69.3,ไตรมาส 4,สำนักงานสถิติแห่งชาติ,3199,หญิง,ร้อยละ,กรุงเทพมหานคร,2563
60 ขึ้นไป,20.1,ไตรมาส 4,สำนักงานสถิติแห่งชาติ,3200,หญิง,ร้อยละ,กรุงเทพมหานคร,2563
ยอดรวม,70.7,ไตรมาส 4,สำนักงานสถิติแห่งชาติ,3201,ยอดรวม,ร้อยละ,ภาคกลาง,2563
15-19,19.1,ไตรมาส 4,สำนักงานสถิติแห่งชาติ,3202,ยอดรวม,ร้อยละ,ภาคกลาง,2563
20-24,70.9,ไตรมาส 4,สำนักงานสถิติแห่งชาติ,3203,ยอดรวม,ร้อยละ,ภาคกลาง,2563
25-29,89.7,ไตรมาส 4,สำนักงานสถิติแห่งชาติ,3204,ยอดรวม,ร้อยละ,ภาคกลาง,2563
30-34,90.3,ไตรมาส 4,สำนักงานสถิติแห่งชาติ,3205,ยอดรวม,ร้อยละ,ภาคกลาง,2563
35-39,89.6,ไตรมาส 4,สำนักงานสถิติแห่งชาติ,3206,ยอดรวม,ร้อยละ,ภาคกลาง,2563
40-49,87.9,ไตรมาส 4,สำนักงานสถิติแห่งชาติ,3207,ยอดรวม,ร้อยละ,ภาคกลาง,2563
50-59,79.7,ไตรมาส 4,สำนักงานสถิติแห่งชาติ,3208,ยอดรวม,ร้อยละ,ภาคกลาง,2563
60 ขึ้นไป,34.0,ไตรมาส 4,สำนักงานสถิติแห่งชาติ,3209,ยอดรวม,ร้อยละ,ภาคกลาง,2563
ยอดรวม,79.1,ไตรมาส 4,สำนักงานสถิติแห่งชาติ,3210,ชาย,ร้อยละ,ภาคกลาง,2563
15-19,24.5,ไตรมาส 4,สำนักงานสถิติแห่งชาติ,3211,ชาย,ร้อยละ,ภาคกลาง,2563
20-24,78.1,ไตรมาส 4,สำนักงานสถิติแห่งชาติ,3212,ชาย,ร้อยละ,ภาคกลาง,2563
25-29,96.0,ไตรมาส 4,สำนักงานสถิติแห่งชาติ,3213,ชาย,ร้อยละ,ภาคกลาง,2563
30-34,95.6,ไตรมาส 4,สำนักงานสถิติแห่งชาติ,3214,ชาย,ร้อยละ,ภาคกลาง,2563
35-39,96.5,ไตรมาส 4,สำนักงานสถิติแห่งชาติ,3215,ชาย,ร้อยละ,ภาคกลาง,2563
40-49,95.5,ไตรมาส 4,สำนักงานสถิติแห่งชาติ,3216,ชาย,ร้อยละ,ภาคกลาง,2563
50-59,89.0,ไตรมาส 4,สำนักงานสถิติแห่งชาติ,3217,ชาย,ร้อยละ,ภาคกลาง,2563
60 ขึ้นไป,43.3,ไตรมาส 4,สำนักงานสถิติแห่งชาติ,3218,ชาย,ร้อยละ,ภาคกลาง,2563
ยอดรวม,62.9,ไตรมาส 4,สำนักงานสถิติแห่งชาติ,3219,หญิง,ร้อยละ,ภาคกลาง,2563
15-19,13.5,ไตรมาส 4,สำนักงานสถิติแห่งชาติ,3220,หญิง,ร้อยละ,ภาคกลาง,2563
20-24,63.4,ไตรมาส 4,สำนักงานสถิติแห่งชาติ,3221,หญิง,ร้อยละ,ภาคกลาง,2563
25-29,83.1,ไตรมาส 4,สำนักงานสถิติแห่งชาติ,3222,หญิง,ร้อยละ,ภาคกลาง,2563
30-34,84.7,ไตรมาส 4,สำนักงานสถิติแห่งชาติ,3223,หญิง,ร้อยละ,ภาคกลาง,2563
35-39,83.0,ไตรมาส 4,สำนักงานสถิติแห่งชาติ,3224,หญิง,ร้อยละ,ภาคกลาง,2563
40-49,80.6,ไตรมาส 4,สำนักงานสถิติแห่งชาติ,3225,หญิง,ร้อยละ,ภาคกลาง,2563
50-59,71.3,ไตรมาส 4,สำนักงานสถิติแห่งชาติ,3226,หญิง,ร้อยละ,ภาคกลาง,2563
60 ขึ้นไป,26.8,ไตรมาส 4,สำนักงานสถิติแห่งชาติ,3227,หญิง,ร้อยละ,ภาคกลาง,2563
ยอดรวม,66.5,ไตรมาส 4,สำนักงานสถิติแห่งชาติ,3228,ยอดรวม,ร้อยละ,ภาคเหนือ,2563
15-19,14.8,ไตรมาส 4,สำนักงานสถิติแห่งชาติ,3229,ยอดรวม,ร้อยละ,ภาคเหนือ,2563
20-24,71.0,ไตรมาส 4,สำนักงานสถิติแห่งชาติ,3230,ยอดรวม,ร้อยละ,ภาคเหนือ,2563
25-29,83.9,ไตรมาส 4,สำนักงานสถิติแห่งชาติ,3231,ยอดรวม,ร้อยละ,ภาคเหนือ,2563
30-34,87.7,ไตรมาส 4,สำนักงานสถิติแห่งชาติ,3232,ยอดรวม,ร้อยละ,ภาคเหนือ,2563
35-39,89.3,ไตรมาส 4,สำนักงานสถิติแห่งชาติ,3233,ยอดรวม,ร้อยละ,ภาคเหนือ,2563
40-49,89.5,ไตรมาส 4,สำนักงานสถิติแห่งชาติ,3234,ยอดรวม,ร้อยละ,ภาคเหนือ,2563
50-59,83.4,ไตรมาส 4,สำนักงานสถิติแห่งชาติ,3235,ยอดรวม,ร้อยละ,ภาคเหนือ,2563
60 ขึ้นไป,41.4,ไตรมาส 4,สำนักงานสถิติแห่งชาติ,3236,ยอดรวม,ร้อยละ,ภาคเหนือ,2563
ยอดรวม,74.8,ไตรมาส 4,สำนักงานสถิติแห่งชาติ,3237,ชาย,ร้อยละ,ภาคเหนือ,2563
15-19,20.6,ไตรมาส 4,สำนักงานสถิติแห่งชาติ,3238,ชาย,ร้อยละ,ภาคเหนือ,2563
20-24,79.1,ไตรมาส 4,สำนักงานสถิติแห่งชาติ,3239,ชาย,ร้อยละ,ภาคเหนือ,2563
30-34,94.6,ไตรมาส 4,สำนักงานสถิติแห่งชาติ,3240,ชาย,ร้อยละ,ภาคเหนือ,2563
35-39,94.4,ไตรมาส 4,สำนักงานสถิติแห่งชาติ,3241,ชาย,ร้อยละ,ภาคเหนือ,2563
40-49,93.8,ไตรมาส 4,สำนักงานสถิติแห่งชาติ,3242,ชาย,ร้อยละ,ภาคเหนือ,2563
50-59,92.2,ไตรมาส 4,สำนักงานสถิติแห่งชาติ,3243,ชาย,ร้อยละ,ภาคเหนือ,2563
60 ขึ้นไป,51.9,ไตรมาส 4,สำนักงานสถิติแห่งชาติ,3244,ชาย,ร้อยละ,ภาคเหนือ,2563
ยอดรวม,58.9,ไตรมาส 4,สำนักงานสถิติแห่งชาติ,3245,หญิง,ร้อยละ,ภาคเหนือ,2563
15-19,8.8,ไตรมาส 4,สำนักงานสถิติแห่งชาติ,3246,หญิง,ร้อยละ,ภาคเหนือ,2563
20-24,62.9,ไตรมาส 4,สำนักงานสถิติแห่งชาติ,3247,หญิง,ร้อยละ,ภาคเหนือ,2563
25-29,73.8,ไตรมาส 4,สำนักงานสถิติแห่งชาติ,3248,หญิง,ร้อยละ,ภาคเหนือ,2563
30-34,80.5,ไตรมาส 4,สำนักงานสถิติแห่งชาติ,3249,หญิง,ร้อยละ,ภาคเหนือ,2563
35-39,84.1,ไตรมาส 4,สำนักงานสถิติแห่งชาติ,3250,หญิง,ร้อยละ,ภาคเหนือ,2563
40-49,85.5,ไตรมาส 4,สำนักงานสถิติแห่งชาติ,3251,หญิง,ร้อยละ,ภาคเหนือ,2563
50-59,75.7,ไตรมาส 4,สำนักงานสถิติแห่งชาติ,3252,หญิง,ร้อยละ,ภาคเหนือ,2563
60 ขึ้นไป,32.7,ไตรมาส 4,สำนักงานสถิติแห่งชาติ,3253,หญิง,ร้อยละ,ภาคเหนือ,2563
ยอดรวม,65.4,ไตรมาส 4,สำนักงานสถิติแห่งชาติ,3254,ยอดรวม,ร้อยละ,ภาคตะวันออกเฉียงเหนือ,2563
15-19,14.1,ไตรมาส 4,สำนักงานสถิติแห่งชาติ,3255,ยอดรวม,ร้อยละ,ภาคตะวันออกเฉียงเหนือ,2563
20-24,66.3,ไตรมาส 4,สำนักงานสถิติแห่งชาติ,3256,ยอดรวม,ร้อยละ,ภาคตะวันออกเฉียงเหนือ,2563
25-29,83.3,ไตรมาส 4,สำนักงานสถิติแห่งชาติ,3257,ยอดรวม,ร้อยละ,ภาคตะวันออกเฉียงเหนือ,2563
30-34,87.4,ไตรมาส 4,สำนักงานสถิติแห่งชาติ,3258,ยอดรวม,ร้อยละ,ภาคตะวันออกเฉียงเหนือ,2563
35-39,88.8,ไตรมาส 4,สำนักงานสถิติแห่งชาติ,3259,ยอดรวม,ร้อยละ,ภาคตะวันออกเฉียงเหนือ,2563
40-49,90.0,ไตรมาส 4,สำนักงานสถิติแห่งชาติ,3260,ยอดรวม,ร้อยละ,ภาคตะวันออกเฉียงเหนือ,2563
50-59,85.4,ไตรมาส 4,สำนักงานสถิติแห่งชาติ,3261,ยอดรวม,ร้อยละ,ภาคตะวันออกเฉียงเหนือ,2563
60 ขึ้นไป,39.7,ไตรมาส 4,สำนักงานสถิติแห่งชาติ,3262,ยอดรวม,ร้อยละ,ภาคตะวันออกเฉียงเหนือ,2563
ยอดรวม,74.3,ไตรมาส 4,สำนักงานสถิติแห่งชาติ,3263,ชาย,ร้อยละ,ภาคตะวันออกเฉียงเหนือ,2563
15-19,20.3,ไตรมาส 4,สำนักงานสถิติแห่งชาติ,3264,ชาย,ร้อยละ,ภาคตะวันออกเฉียงเหนือ,2563
20-24,76.7,ไตรมาส 4,สำนักงานสถิติแห่งชาติ,3265,ชาย,ร้อยละ,ภาคตะวันออกเฉียงเหนือ,2563
25-29,93.4,ไตรมาส 4,สำนักงานสถิติแห่งชาติ,3266,ชาย,ร้อยละ,ภาคตะวันออกเฉียงเหนือ,2563
30-34,93.6,ไตรมาส 4,สำนักงานสถิติแห่งชาติ,3267,ชาย,ร้อยละ,ภาคตะวันออกเฉียงเหนือ,2563
35-39,93.9,ไตรมาส 4,สำนักงานสถิติแห่งชาติ,3268,ชาย,ร้อยละ,ภาคตะวันออกเฉียงเหนือ,2563
40-49,95.1,ไตรมาส 4,สำนักงานสถิติแห่งชาติ,3269,ชาย,ร้อยละ,ภาคตะวันออกเฉียงเหนือ,2563
50-59,94.3,ไตรมาส 4,สำนักงานสถิติแห่งชาติ,3270,ชาย,ร้อยละ,ภาคตะวันออกเฉียงเหนือ,2563
60 ขึ้นไป,52.2,ไตรมาส 4,สำนักงานสถิติแห่งชาติ,3271,ชาย,ร้อยละ,ภาคตะวันออกเฉียงเหนือ,2563
ยอดรวม,57.2,ไตรมาส 4,สำนักงานสถิติแห่งชาติ,3272,หญิง,ร้อยละ,ภาคตะวันออกเฉียงเหนือ,2563
15-19,7.7,ไตรมาส 4,สำนักงานสถิติแห่งชาติ,3273,หญิง,ร้อยละ,ภาคตะวันออกเฉียงเหนือ,2563
20-24,55.7,ไตรมาส 4,สำนักงานสถิติแห่งชาติ,3274,หญิง,ร้อยละ,ภาคตะวันออกเฉียงเหนือ,2563
25-29,73.4,ไตรมาส 4,สำนักงานสถิติแห่งชาติ,3275,หญิง,ร้อยละ,ภาคตะวันออกเฉียงเหนือ,2563
30-34,81.2,ไตรมาส 4,สำนักงานสถิติแห่งชาติ,3276,หญิง,ร้อยละ,ภาคตะวันออกเฉียงเหนือ,2563
35-39,83.8,ไตรมาส 4,สำนักงานสถิติแห่งชาติ,3277,หญิง,ร้อยละ,ภาคตะวันออกเฉียงเหนือ,2563
40-49,85.3,ไตรมาส 4,สำนักงานสถิติแห่งชาติ,3278,หญิง,ร้อยละ,ภาคตะวันออกเฉียงเหนือ,2563
50-59,77.3,ไตรมาส 4,สำนักงานสถิติแห่งชาติ,3279,หญิง,ร้อยละ,ภาคตะวันออกเฉียงเหนือ,2563
60 ขึ้นไป,29.4,ไตรมาส 4,สำนักงานสถิติแห่งชาติ,3280,หญิง,ร้อยละ,ภาคตะวันออกเฉียงเหนือ,2563
ยอดรวม,69.9,ไตรมาส 4,สำนักงานสถิติแห่งชาติ,3281,ยอดรวม,ร้อยละ,ภาคใต้,2563
15-19,18.7,ไตรมาส 4,สำนักงานสถิติแห่งชาติ,3282,ยอดรวม,ร้อยละ,ภาคใต้,2563
20-24,67.6,ไตรมาส 4,สำนักงานสถิติแห่งชาติ,3283,ยอดรวม,ร้อยละ,ภาคใต้,2563
25-29,86.0,ไตรมาส 4,สำนักงานสถิติแห่งชาติ,3284,ยอดรวม,ร้อยละ,ภาคใต้,2563
30-34,87.4,ไตรมาส 4,สำนักงานสถิติแห่งชาติ,3285,ยอดรวม,ร้อยละ,ภาคใต้,2563
35-39,88.8,ไตรมาส 4,สำนักงานสถิติแห่งชาติ,3286,ยอดรวม,ร้อยละ,ภาคใต้,2563
40-49,88.9,ไตรมาส 4,สำนักงานสถิติแห่งชาติ,3287,ยอดรวม,ร้อยละ,ภาคใต้,2563
50-59,83.1,ไตรมาส 4,สำนักงานสถิติแห่งชาติ,3288,ยอดรวม,ร้อยละ,ภาคใต้,2563
60 ขึ้นไป,42.4,ไตรมาส 4,สำนักงานสถิติแห่งชาติ,3289,ยอดรวม,ร้อยละ,ภาคใต้,2563
ยอดรวม,80.0,ไตรมาส 4,สำนักงานสถิติแห่งชาติ,3290,ชาย,ร้อยละ,ภาคใต้,2563
15-19,27.0,ไตรมาส 4,สำนักงานสถิติแห่งชาติ,3291,ชาย,ร้อยละ,ภาคใต้,2563
20-24,81.8,ไตรมาส 4,สำนักงานสถิติแห่งชาติ,3292,ชาย,ร้อยละ,ภาคใต้,2563
25-29,93.9,ไตรมาส 4,สำนักงานสถิติแห่งชาติ,3293,ชาย,ร้อยละ,ภาคใต้,2563
30-34,96.0,ไตรมาส 4,สำนักงานสถิติแห่งชาติ,3294,ชาย,ร้อยละ,ภาคใต้,2563
35-39,96.0,ไตรมาส 4,สำนักงานสถิติแห่งชาติ,3295,ชาย,ร้อยละ,ภาคใต้,2563
40-49,96.6,ไตรมาส 4,สำนักงานสถิติแห่งชาติ,3296,ชาย,ร้อยละ,ภาคใต้,2563
50-59,93.2,ไตรมาส 4,สำนักงานสถิติแห่งชาติ,3297,ชาย,ร้อยละ,ภาคใต้,2563
60 ขึ้นไป,54.7,ไตรมาส 4,สำนักงานสถิติแห่งชาติ,3298,ชาย,ร้อยละ,ภาคใต้,2563
ยอดรวม,60.4,ไตรมาส 4,สำนักงานสถิติแห่งชาติ,3299,หญิง,ร้อยละ,ภาคใต้,2563
15-19,10.1,ไตรมาส 4,สำนักงานสถิติแห่งชาติ,3300,หญิง,ร้อยละ,ภาคใต้,2563
20-24,52.8,ไตรมาส 4,สำนักงานสถิติแห่งชาติ,3301,หญิง,ร้อยละ,ภาคใต้,2563
25-29,77.9,ไตรมาส 4,สำนักงานสถิติแห่งชาติ,3302,หญิง,ร้อยละ,ภาคใต้,2563
30-34,78.7,ไตรมาส 4,สำนักงานสถิติแห่งชาติ,3303,หญิง,ร้อยละ,ภาคใต้,2563
35-39,81.5,ไตรมาส 4,สำนักงานสถิติแห่งชาติ,3304,หญิง,ร้อยละ,ภาคใต้,2563
40-49,81.6,ไตรมาส 4,สำนักงานสถิติแห่งชาติ,3305,หญิง,ร้อยละ,ภาคใต้,2563
50-59,73.8,ไตรมาส 4,สำนักงานสถิติแห่งชาติ,3306,หญิง,ร้อยละ,ภาคใต้,2563
60 ขึ้นไป,32.6,ไตรมาส 4,สำนักงานสถิติแห่งชาติ,3307,หญิง,ร้อยละ,ภาคใต้,2563
ยอดรวม,68.0,ไตรมาส 1,สำนักงานสถิติแห่งชาติ,3308,ยอดรวม,ร้อยละ,ทั่วราชอาณาจักร,2564
15-19,15.2,ไตรมาส 1,สำนักงานสถิติแห่งชาติ,3309,ยอดรวม,ร้อยละ,ทั่วราชอาณาจักร,2564
20-24,64.3,ไตรมาส 1,สำนักงานสถิติแห่งชาติ,3310,ยอดรวม,ร้อยละ,ทั่วราชอาณาจักร,2564
25-29,87.2,ไตรมาส 1,สำนักงานสถิติแห่งชาติ,3311,ยอดรวม,ร้อยละ,ทั่วราชอาณาจักร,2564
30-34,89.6,ไตรมาส 1,สำนักงานสถิติแห่งชาติ,3312,ยอดรวม,ร้อยละ,ทั่วราชอาณาจักร,2564
35-39,89.9,ไตรมาส 1,สำนักงานสถิติแห่งชาติ,3313,ยอดรวม,ร้อยละ,ทั่วราชอาณาจักร,2564
40-49,88.7,ไตรมาส 1,สำนักงานสถิติแห่งชาติ,3314,ยอดรวม,ร้อยละ,ทั่วราชอาณาจักร,2564
50-59,81.4,ไตรมาส 1,สำนักงานสถิติแห่งชาติ,3315,ยอดรวม,ร้อยละ,ทั่วราชอาณาจักร,2564
60 ขึ้นไป,36.9,ไตรมาส 1,สำนักงานสถิติแห่งชาติ,3316,ยอดรวม,ร้อยละ,ทั่วราชอาณาจักร,2564
ยอดรวม,76.4,ไตรมาส 1,สำนักงานสถิติแห่งชาติ,3317,ชาย,ร้อยละ,ทั่วราชอาณาจักร,2564
15-19,21.2,ไตรมาส 1,สำนักงานสถิติแห่งชาติ,3318,ชาย,ร้อยละ,ทั่วราชอาณาจักร,2564
20-24,72.6,ไตรมาส 1,สำนักงานสถิติแห่งชาติ,3319,ชาย,ร้อยละ,ทั่วราชอาณาจักร,2564
25-29,93.4,ไตรมาส 1,สำนักงานสถิติแห่งชาติ,3320,ชาย,ร้อยละ,ทั่วราชอาณาจักร,2564
35-39,95.7,ไตรมาส 1,สำนักงานสถิติแห่งชาติ,3321,ชาย,ร้อยละ,ทั่วราชอาณาจักร,2564
40-49,95.2,ไตรมาส 1,สำนักงานสถิติแห่งชาติ,3322,ชาย,ร้อยละ,ทั่วราชอาณาจักร,2564
50-59,91.6,ไตรมาส 1,สำนักงานสถิติแห่งชาติ,3323,ชาย,ร้อยละ,ทั่วราชอาณาจักร,2564
60 ขึ้นไป,47.1,ไตรมาส 1,สำนักงานสถิติแห่งชาติ,3324,ชาย,ร้อยละ,ทั่วราชอาณาจักร,2564
ยอดรวม,60.2,ไตรมาส 1,สำนักงานสถิติแห่งชาติ,3325,หญิง,ร้อยละ,ทั่วราชอาณาจักร,2564
15-19,9.1,ไตรมาส 1,สำนักงานสถิติแห่งชาติ,3326,หญิง,ร้อยละ,ทั่วราชอาณาจักร,2564
20-24,55.8,ไตรมาส 1,สำนักงานสถิติแห่งชาติ,3327,หญิง,ร้อยละ,ทั่วราชอาณาจักร,2564
25-29,80.9,ไตรมาส 1,สำนักงานสถิติแห่งชาติ,3328,หญิง,ร้อยละ,ทั่วราชอาณาจักร,2564
30-34,83.1,ไตรมาส 1,สำนักงานสถิติแห่งชาติ,3329,หญิง,ร้อยละ,ทั่วราชอาณาจักร,2564
35-39,84.3,ไตรมาส 1,สำนักงานสถิติแห่งชาติ,3330,หญิง,ร้อยละ,ทั่วราชอาณาจักร,2564
40-49,82.5,ไตรมาส 1,สำนักงานสถิติแห่งชาติ,3331,หญิง,ร้อยละ,ทั่วราชอาณาจักร,2564
50-59,72.3,ไตรมาส 1,สำนักงานสถิติแห่งชาติ,3332,หญิง,ร้อยละ,ทั่วราชอาณาจักร,2564
60 ขึ้นไป,28.7,ไตรมาส 1,สำนักงานสถิติแห่งชาติ,3333,หญิง,ร้อยละ,ทั่วราชอาณาจักร,2564
ยอดรวม,72.8,ไตรมาส 1,สำนักงานสถิติแห่งชาติ,3334,ยอดรวม,ร้อยละ,กรุงเทพมหานคร,2564
15-19,13.0,ไตรมาส 1,สำนักงานสถิติแห่งชาติ,3335,ยอดรวม,ร้อยละ,กรุงเทพมหานคร,2564
20-24,59.9,ไตรมาส 1,สำนักงานสถิติแห่งชาติ,3336,ยอดรวม,ร้อยละ,กรุงเทพมหานคร,2564
25-29,91.9,ไตรมาส 1,สำนักงานสถิติแห่งชาติ,3337,ยอดรวม,ร้อยละ,กรุงเทพมหานคร,2564
30-34,92.3,ไตรมาส 1,สำนักงานสถิติแห่งชาติ,3338,ยอดรวม,ร้อยละ,กรุงเทพมหานคร,2564
35-39,91.8,ไตรมาส 1,สำนักงานสถิติแห่งชาติ,3339,ยอดรวม,ร้อยละ,กรุงเทพมหานคร,2564
40-49,90.2,ไตรมาส 1,สำนักงานสถิติแห่งชาติ,3340,ยอดรวม,ร้อยละ,กรุงเทพมหานคร,2564
50-59,79.6,ไตรมาส 1,สำนักงานสถิติแห่งชาติ,3341,ยอดรวม,ร้อยละ,กรุงเทพมหานคร,2564
60 ขึ้นไป,27.7,ไตรมาส 1,สำนักงานสถิติแห่งชาติ,3342,ยอดรวม,ร้อยละ,กรุงเทพมหานคร,2564
ยอดรวม,78.8,ไตรมาส 1,สำนักงานสถิติแห่งชาติ,3343,ชาย,ร้อยละ,กรุงเทพมหานคร,2564
15-19,14.6,ไตรมาส 1,สำนักงานสถิติแห่งชาติ,3344,ชาย,ร้อยละ,กรุงเทพมหานคร,2564
20-24,63.1,ไตรมาส 1,สำนักงานสถิติแห่งชาติ,3345,ชาย,ร้อยละ,กรุงเทพมหานคร,2564
25-29,93.1,ไตรมาส 1,สำนักงานสถิติแห่งชาติ,3346,ชาย,ร้อยละ,กรุงเทพมหานคร,2564
30-34,96.8,ไตรมาส 1,สำนักงานสถิติแห่งชาติ,3347,ชาย,ร้อยละ,กรุงเทพมหานคร,2564
35-39,97.0,ไตรมาส 1,สำนักงานสถิติแห่งชาติ,3348,ชาย,ร้อยละ,กรุงเทพมหานคร,2564
40-49,97.0,ไตรมาส 1,สำนักงานสถิติแห่งชาติ,3349,ชาย,ร้อยละ,กรุงเทพมหานคร,2564
50-59,88.1,ไตรมาส 1,สำนักงานสถิติแห่งชาติ,3350,ชาย,ร้อยละ,กรุงเทพมหานคร,2564
60 ขึ้นไป,33.3,ไตรมาส 1,สำนักงานสถิติแห่งชาติ,3351,ชาย,ร้อยละ,กรุงเทพมหานคร,2564
ยอดรวม,67.2,ไตรมาส 1,สำนักงานสถิติแห่งชาติ,3352,หญิง,ร้อยละ,กรุงเทพมหานคร,2564
15-19,11.5,ไตรมาส 1,สำนักงานสถิติแห่งชาติ,3353,หญิง,ร้อยละ,กรุงเทพมหานคร,2564
20-24,56.7,ไตรมาส 1,สำนักงานสถิติแห่งชาติ,3354,หญิง,ร้อยละ,กรุงเทพมหานคร,2564
25-29,90.7,ไตรมาส 1,สำนักงานสถิติแห่งชาติ,3355,หญิง,ร้อยละ,กรุงเทพมหานคร,2564
30-34,88.3,ไตรมาส 1,สำนักงานสถิติแห่งชาติ,3356,หญิง,ร้อยละ,กรุงเทพมหานคร,2564
35-39,87.0,ไตรมาส 1,สำนักงานสถิติแห่งชาติ,3357,หญิง,ร้อยละ,กรุงเทพมหานคร,2564
40-49,83.5,ไตรมาส 1,สำนักงานสถิติแห่งชาติ,3358,หญิง,ร้อยละ,กรุงเทพมหานคร,2564
50-59,71.8,ไตรมาส 1,สำนักงานสถิติแห่งชาติ,3359,หญิง,ร้อยละ,กรุงเทพมหานคร,2564
60 ขึ้นไป,23.3,ไตรมาส 1,สำนักงานสถิติแห่งชาติ,3360,หญิง,ร้อยละ,กรุงเทพมหานคร,2564
ยอดรวม,70.6,ไตรมาส 1,สำนักงานสถิติแห่งชาติ,3361,ยอดรวม,ร้อยละ,ภาคกลาง,2564
15-19,15.4,ไตรมาส 1,สำนักงานสถิติแห่งชาติ,3362,ยอดรวม,ร้อยละ,ภาคกลาง,2564
20-24,67.6,ไตรมาส 1,สำนักงานสถิติแห่งชาติ,3363,ยอดรวม,ร้อยละ,ภาคกลาง,2564
25-29,90.7,ไตรมาส 1,สำนักงานสถิติแห่งชาติ,3364,ยอดรวม,ร้อยละ,ภาคกลาง,2564
30-34,91.1,ไตรมาส 1,สำนักงานสถิติแห่งชาติ,3365,ยอดรวม,ร้อยละ,ภาคกลาง,2564
35-39,90.5,ไตรมาส 1,สำนักงานสถิติแห่งชาติ,3366,ยอดรวม,ร้อยละ,ภาคกลาง,2564
40-49,88.9,ไตรมาส 1,สำนักงานสถิติแห่งชาติ,3367,ยอดรวม,ร้อยละ,ภาคกลาง,2564
50-59,79.3,ไตรมาส 1,สำนักงานสถิติแห่งชาติ,3368,ยอดรวม,ร้อยละ,ภาคกลาง,2564
60 ขึ้นไป,34.2,ไตรมาส 1,สำนักงานสถิติแห่งชาติ,3369,ยอดรวม,ร้อยละ,ภาคกลาง,2564
ยอดรวม,78.6,ไตรมาส 1,สำนักงานสถิติแห่งชาติ,3370,ชาย,ร้อยละ,ภาคกลาง,2564
15-19,19.8,ไตรมาส 1,สำนักงานสถิติแห่งชาติ,3371,ชาย,ร้อยละ,ภาคกลาง,2564
20-24,74.6,ไตรมาส 1,สำนักงานสถิติแห่งชาติ,3372,ชาย,ร้อยละ,ภาคกลาง,2564
25-29,95.6,ไตรมาส 1,สำนักงานสถิติแห่งชาติ,3373,ชาย,ร้อยละ,ภาคกลาง,2564
30-34,96.4,ไตรมาส 1,สำนักงานสถิติแห่งชาติ,3374,ชาย,ร้อยละ,ภาคกลาง,2564
35-39,96.7,ไตรมาส 1,สำนักงานสถิติแห่งชาติ,3375,ชาย,ร้อยละ,ภาคกลาง,2564
40-49,95.8,ไตรมาส 1,สำนักงานสถิติแห่งชาติ,3376,ชาย,ร้อยละ,ภาคกลาง,2564
50-59,89.9,ไตรมาส 1,สำนักงานสถิติแห่งชาติ,3377,ชาย,ร้อยละ,ภาคกลาง,2564
60 ขึ้นไป,42.7,ไตรมาส 1,สำนักงานสถิติแห่งชาติ,3378,ชาย,ร้อยละ,ภาคกลาง,2564
ยอดรวม,63.1,ไตรมาส 1,สำนักงานสถิติแห่งชาติ,3379,หญิง,ร้อยละ,ภาคกลาง,2564
15-19,10.9,ไตรมาส 1,สำนักงานสถิติแห่งชาติ,3380,หญิง,ร้อยละ,ภาคกลาง,2564
20-24,60.3,ไตรมาส 1,สำนักงานสถิติแห่งชาติ,3381,หญิง,ร้อยละ,ภาคกลาง,2564
25-29,85.6,ไตรมาส 1,สำนักงานสถิติแห่งชาติ,3382,หญิง,ร้อยละ,ภาคกลาง,2564
30-34,85.5,ไตรมาส 1,สำนักงานสถิติแห่งชาติ,3383,หญิง,ร้อยละ,ภาคกลาง,2564
35-39,84.4,ไตรมาส 1,สำนักงานสถิติแห่งชาติ,3384,หญิง,ร้อยละ,ภาคกลาง,2564
40-49,82.3,ไตรมาส 1,สำนักงานสถิติแห่งชาติ,3385,หญิง,ร้อยละ,ภาคกลาง,2564
50-59,69.8,ไตรมาส 1,สำนักงานสถิติแห่งชาติ,3386,หญิง,ร้อยละ,ภาคกลาง,2564
60 ขึ้นไป,27.5,ไตรมาส 1,สำนักงานสถิติแห่งชาติ,3387,หญิง,ร้อยละ,ภาคกลาง,2564
ยอดรวม,66.4,ไตรมาส 1,สำนักงานสถิติแห่งชาติ,3388,ยอดรวม,ร้อยละ,ภาคเหนือ,2564
15-19,16.9,ไตรมาส 1,สำนักงานสถิติแห่งชาติ,3389,ยอดรวม,ร้อยละ,ภาคเหนือ,2564
20-24,67.1,ไตรมาส 1,สำนักงานสถิติแห่งชาติ,3390,ยอดรวม,ร้อยละ,ภาคเหนือ,2564
25-29,85.8,ไตรมาส 1,สำนักงานสถิติแห่งชาติ,3391,ยอดรวม,ร้อยละ,ภาคเหนือ,2564
30-34,87.3,ไตรมาส 1,สำนักงานสถิติแห่งชาติ,3392,ยอดรวม,ร้อยละ,ภาคเหนือ,2564
35-39,88.6,ไตรมาส 1,สำนักงานสถิติแห่งชาติ,3393,ยอดรวม,ร้อยละ,ภาคเหนือ,2564
40-49,88.6,ไตรมาส 1,สำนักงานสถิติแห่งชาติ,3394,ยอดรวม,ร้อยละ,ภาคเหนือ,2564
50-59,83.7,ไตรมาส 1,สำนักงานสถิติแห่งชาติ,3395,ยอดรวม,ร้อยละ,ภาคเหนือ,2564
60 ขึ้นไป,41.8,ไตรมาส 1,สำนักงานสถิติแห่งชาติ,3396,ยอดรวม,ร้อยละ,ภาคเหนือ,2564
ยอดรวม,75.1,ไตรมาส 1,สำนักงานสถิติแห่งชาติ,3397,ชาย,ร้อยละ,ภาคเหนือ,2564
15-19,24.4,ไตรมาส 1,สำนักงานสถิติแห่งชาติ,3398,ชาย,ร้อยละ,ภาคเหนือ,2564
20-24,74.7,ไตรมาส 1,สำนักงานสถิติแห่งชาติ,3399,ชาย,ร้อยละ,ภาคเหนือ,2564
25-29,94.8,ไตรมาส 1,สำนักงานสถิติแห่งชาติ,3400,ชาย,ร้อยละ,ภาคเหนือ,2564
30-34,95.9,ไตรมาส 1,สำนักงานสถิติแห่งชาติ,3401,ชาย,ร้อยละ,ภาคเหนือ,2564
35-39,93.8,ไตรมาส 1,สำนักงานสถิติแห่งชาติ,3402,ชาย,ร้อยละ,ภาคเหนือ,2564
40-49,94.2,ไตรมาส 1,สำนักงานสถิติแห่งชาติ,3403,ชาย,ร้อยละ,ภาคเหนือ,2564
60 ขึ้นไป,52.2,ไตรมาส 1,สำนักงานสถิติแห่งชาติ,3404,ชาย,ร้อยละ,ภาคเหนือ,2564
ยอดรวม,58.4,ไตรมาส 1,สำนักงานสถิติแห่งชาติ,3405,หญิง,ร้อยละ,ภาคเหนือ,2564
15-19,9.1,ไตรมาส 1,สำนักงานสถิติแห่งชาติ,3406,หญิง,ร้อยละ,ภาคเหนือ,2564
20-24,59.3,ไตรมาส 1,สำนักงานสถิติแห่งชาติ,3407,หญิง,ร้อยละ,ภาคเหนือ,2564
25-29,76.7,ไตรมาส 1,สำนักงานสถิติแห่งชาติ,3408,หญิง,ร้อยละ,ภาคเหนือ,2564
30-34,78.3,ไตรมาส 1,สำนักงานสถิติแห่งชาติ,3409,หญิง,ร้อยละ,ภาคเหนือ,2564
35-39,83.2,ไตรมาส 1,สำนักงานสถิติแห่งชาติ,3410,หญิง,ร้อยละ,ภาคเหนือ,2564
40-49,83.4,ไตรมาส 1,สำนักงานสถิติแห่งชาติ,3411,หญิง,ร้อยละ,ภาคเหนือ,2564
50-59,75.6,ไตรมาส 1,สำนักงานสถิติแห่งชาติ,3412,หญิง,ร้อยละ,ภาคเหนือ,2564
60 ขึ้นไป,33.2,ไตรมาส 1,สำนักงานสถิติแห่งชาติ,3413,หญิง,ร้อยละ,ภาคเหนือ,2564
ยอดรวม,62.4,ไตรมาส 1,สำนักงานสถิติแห่งชาติ,3414,ยอดรวม,ร้อยละ,ภาคตะวันออกเฉียงเหนือ,2564
15-19,13.3,ไตรมาส 1,สำนักงานสถิติแห่งชาติ,3415,ยอดรวม,ร้อยละ,ภาคตะวันออกเฉียงเหนือ,2564
20-24,62.0,ไตรมาส 1,สำนักงานสถิติแห่งชาติ,3416,ยอดรวม,ร้อยละ,ภาคตะวันออกเฉียงเหนือ,2564
25-29,80.5,ไตรมาส 1,สำนักงานสถิติแห่งชาติ,3417,ยอดรวม,ร้อยละ,ภาคตะวันออกเฉียงเหนือ,2564
30-34,86.2,ไตรมาส 1,สำนักงานสถิติแห่งชาติ,3418,ยอดรวม,ร้อยละ,ภาคตะวันออกเฉียงเหนือ,2564
35-39,88.0,ไตรมาส 1,สำนักงานสถิติแห่งชาติ,3419,ยอดรวม,ร้อยละ,ภาคตะวันออกเฉียงเหนือ,2564
40-49,86.7,ไตรมาส 1,สำนักงานสถิติแห่งชาติ,3420,ยอดรวม,ร้อยละ,ภาคตะวันออกเฉียงเหนือ,2564
50-59,81.3,ไตรมาส 1,สำนักงานสถิติแห่งชาติ,3421,ยอดรวม,ร้อยละ,ภาคตะวันออกเฉียงเหนือ,2564
60 ขึ้นไป,36.6,ไตรมาส 1,สำนักงานสถิติแห่งชาติ,3422,ยอดรวม,ร้อยละ,ภาคตะวันออกเฉียงเหนือ,2564
ยอดรวม,71.9,ไตรมาส 1,สำนักงานสถิติแห่งชาติ,3423,ชาย,ร้อยละ,ภาคตะวันออกเฉียงเหนือ,2564
15-19,19.3,ไตรมาส 1,สำนักงานสถิติแห่งชาติ,3424,ชาย,ร้อยละ,ภาคตะวันออกเฉียงเหนือ,2564
20-24,72.4,ไตรมาส 1,สำนักงานสถิติแห่งชาติ,3425,ชาย,ร้อยละ,ภาคตะวันออกเฉียงเหนือ,2564
25-29,89.5,ไตรมาส 1,สำนักงานสถิติแห่งชาติ,3426,ชาย,ร้อยละ,ภาคตะวันออกเฉียงเหนือ,2564
30-34,93.3,ไตรมาส 1,สำนักงานสถิติแห่งชาติ,3427,ชาย,ร้อยละ,ภาคตะวันออกเฉียงเหนือ,2564
35-39,93.3,ไตรมาส 1,สำนักงานสถิติแห่งชาติ,3428,ชาย,ร้อยละ,ภาคตะวันออกเฉียงเหนือ,2564
40-49,92.9,ไตรมาส 1,สำนักงานสถิติแห่งชาติ,3429,ชาย,ร้อยละ,ภาคตะวันออกเฉียงเหนือ,2564
50-59,92.8,ไตรมาส 1,สำนักงานสถิติแห่งชาติ,3430,ชาย,ร้อยละ,ภาคตะวันออกเฉียงเหนือ,2564
60 ขึ้นไป,48.7,ไตรมาส 1,สำนักงานสถิติแห่งชาติ,3431,ชาย,ร้อยละ,ภาคตะวันออกเฉียงเหนือ,2564
ยอดรวม,53.6,ไตรมาส 1,สำนักงานสถิติแห่งชาติ,3432,หญิง,ร้อยละ,ภาคตะวันออกเฉียงเหนือ,2564
15-19,7.0,ไตรมาส 1,สำนักงานสถิติแห่งชาติ,3433,หญิง,ร้อยละ,ภาคตะวันออกเฉียงเหนือ,2564
20-24,51.5,ไตรมาส 1,สำนักงานสถิติแห่งชาติ,3434,หญิง,ร้อยละ,ภาคตะวันออกเฉียงเหนือ,2564
25-29,71.8,ไตรมาส 1,สำนักงานสถิติแห่งชาติ,3435,หญิง,ร้อยละ,ภาคตะวันออกเฉียงเหนือ,2564
30-34,79.1,ไตรมาส 1,สำนักงานสถิติแห่งชาติ,3436,หญิง,ร้อยละ,ภาคตะวันออกเฉียงเหนือ,2564
35-39,82.6,ไตรมาส 1,สำนักงานสถิติแห่งชาติ,3437,หญิง,ร้อยละ,ภาคตะวันออกเฉียงเหนือ,2564
40-49,81.1,ไตรมาส 1,สำนักงานสถิติแห่งชาติ,3438,หญิง,ร้อยละ,ภาคตะวันออกเฉียงเหนือ,2564
50-59,70.8,ไตรมาส 1,สำนักงานสถิติแห่งชาติ,3439,หญิง,ร้อยละ,ภาคตะวันออกเฉียงเหนือ,2564
60 ขึ้นไป,26.6,ไตรมาส 1,สำนักงานสถิติแห่งชาติ,3440,หญิง,ร้อยละ,ภาคตะวันออกเฉียงเหนือ,2564
ยอดรวม,70.2,ไตรมาส 1,สำนักงานสถิติแห่งชาติ,3441,ยอดรวม,ร้อยละ,ภาคใต้,2564
15-19,18.3,ไตรมาส 1,สำนักงานสถิติแห่งชาติ,3442,ยอดรวม,ร้อยละ,ภาคใต้,2564
20-24,62.6,ไตรมาส 1,สำนักงานสถิติแห่งชาติ,3443,ยอดรวม,ร้อยละ,ภาคใต้,2564
25-29,87.0,ไตรมาส 1,สำนักงานสถิติแห่งชาติ,3444,ยอดรวม,ร้อยละ,ภาคใต้,2564
30-34,88.0,ไตรมาส 1,สำนักงานสถิติแห่งชาติ,3445,ยอดรวม,ร้อยละ,ภาคใต้,2564
35-39,89.6,ไตรมาส 1,สำนักงานสถิติแห่งชาติ,3446,ยอดรวม,ร้อยละ,ภาคใต้,2564
40-49,89.7,ไตรมาส 1,สำนักงานสถิติแห่งชาติ,3447,ยอดรวม,ร้อยละ,ภาคใต้,2564
50-59,85.5,ไตรมาส 1,สำนักงานสถิติแห่งชาติ,3448,ยอดรวม,ร้อยละ,ภาคใต้,2564
60 ขึ้นไป,43.0,ไตรมาส 1,สำนักงานสถิติแห่งชาติ,3449,ยอดรวม,ร้อยละ,ภาคใต้,2564
ยอดรวม,79.3,ไตรมาส 1,สำนักงานสถิติแห่งชาติ,3450,ชาย,ร้อยละ,ภาคใต้,2564
15-19,27.1,ไตรมาส 1,สำนักงานสถิติแห่งชาติ,3451,ชาย,ร้อยละ,ภาคใต้,2564
20-24,73.6,ไตรมาส 1,สำนักงานสถิติแห่งชาติ,3452,ชาย,ร้อยละ,ภาคใต้,2564
25-29,93.6,ไตรมาส 1,สำนักงานสถิติแห่งชาติ,3453,ชาย,ร้อยละ,ภาคใต้,2564
30-34,97.1,ไตรมาส 1,สำนักงานสถิติแห่งชาติ,3454,ชาย,ร้อยละ,ภาคใต้,2564
35-39,95.8,ไตรมาส 1,สำนักงานสถิติแห่งชาติ,3455,ชาย,ร้อยละ,ภาคใต้,2564
40-49,96.2,ไตรมาส 1,สำนักงานสถิติแห่งชาติ,3456,ชาย,ร้อยละ,ภาคใต้,2564
50-59,94.3,ไตรมาส 1,สำนักงานสถิติแห่งชาติ,3457,ชาย,ร้อยละ,ภาคใต้,2564
60 ขึ้นไป,54.6,ไตรมาส 1,สำนักงานสถิติแห่งชาติ,3458,ชาย,ร้อยละ,ภาคใต้,2564
ยอดรวม,61.7,ไตรมาส 1,สำนักงานสถิติแห่งชาติ,3459,หญิง,ร้อยละ,ภาคใต้,2564
15-19,9.1,ไตรมาส 1,สำนักงานสถิติแห่งชาติ,3460,หญิง,ร้อยละ,ภาคใต้,2564
20-24,51.1,ไตรมาส 1,สำนักงานสถิติแห่งชาติ,3461,หญิง,ร้อยละ,ภาคใต้,2564
25-29,80.3,ไตรมาส 1,สำนักงานสถิติแห่งชาติ,3462,หญิง,ร้อยละ,ภาคใต้,2564
30-34,78.6,ไตรมาส 1,สำนักงานสถิติแห่งชาติ,3463,หญิง,ร้อยละ,ภาคใต้,2564
35-39,83.2,ไตรมาส 1,สำนักงานสถิติแห่งชาติ,3464,หญิง,ร้อยละ,ภาคใต้,2564
40-49,83.5,ไตรมาส 1,สำนักงานสถิติแห่งชาติ,3465,หญิง,ร้อยละ,ภาคใต้,2564
50-59,77.4,ไตรมาส 1,สำนักงานสถิติแห่งชาติ,3466,หญิง,ร้อยละ,ภาคใต้,2564
60 ขึ้นไป,33.8,ไตรมาส 1,สำนักงานสถิติแห่งชาติ,3467,หญิง,ร้อยละ,ภาคใต้,2564
ยอดรวม,68.0,ไตรมาส 2,สำนักงานสถิติแห่งชาติ,3468,ยอดรวม,ร้อยละ,ทั่วราชอาณาจักร,2564
15-19,15.4,ไตรมาส 2,สำนักงานสถิติแห่งชาติ,3469,ยอดรวม,ร้อยละ,ทั่วราชอาณาจักร,2564
20-24,63.5,ไตรมาส 2,สำนักงานสถิติแห่งชาติ,3470,ยอดรวม,ร้อยละ,ทั่วราชอาณาจักร,2564
25-29,87.1,ไตรมาส 2,สำนักงานสถิติแห่งชาติ,3471,ยอดรวม,ร้อยละ,ทั่วราชอาณาจักร,2564
30-34,89.4,ไตรมาส 2,สำนักงานสถิติแห่งชาติ,3472,ยอดรวม,ร้อยละ,ทั่วราชอาณาจักร,2564
35-39,89.8,ไตรมาส 2,สำนักงานสถิติแห่งชาติ,3473,ยอดรวม,ร้อยละ,ทั่วราชอาณาจักร,2564
40-49,88.6,ไตรมาส 2,สำนักงานสถิติแห่งชาติ,3474,ยอดรวม,ร้อยละ,ทั่วราชอาณาจักร,2564
50-59,81.8,ไตรมาส 2,สำนักงานสถิติแห่งชาติ,3475,ยอดรวม,ร้อยละ,ทั่วราชอาณาจักร,2564
60 ขึ้นไป,37.2,ไตรมาส 2,สำนักงานสถิติแห่งชาติ,3476,ยอดรวม,ร้อยละ,ทั่วราชอาณาจักร,2564
ยอดรวม,76.4,ไตรมาส 2,สำนักงานสถิติแห่งชาติ,3477,ชาย,ร้อยละ,ทั่วราชอาณาจักร,2564
15-19,20.5,ไตรมาส 2,สำนักงานสถิติแห่งชาติ,3478,ชาย,ร้อยละ,ทั่วราชอาณาจักร,2564
20-24,72.0,ไตรมาส 2,สำนักงานสถิติแห่งชาติ,3479,ชาย,ร้อยละ,ทั่วราชอาณาจักร,2564
25-29,93.6,ไตรมาส 2,สำนักงานสถิติแห่งชาติ,3480,ชาย,ร้อยละ,ทั่วราชอาณาจักร,2564
30-34,95.1,ไตรมาส 2,สำนักงานสถิติแห่งชาติ,3481,ชาย,ร้อยละ,ทั่วราชอาณาจักร,2564
35-39,96.0,ไตรมาส 2,สำนักงานสถิติแห่งชาติ,3482,ชาย,ร้อยละ,ทั่วราชอาณาจักร,2564
40-49,95.2,ไตรมาส 2,สำนักงานสถิติแห่งชาติ,3483,ชาย,ร้อยละ,ทั่วราชอาณาจักร,2564
50-59,92.0,ไตรมาส 2,สำนักงานสถิติแห่งชาติ,3484,ชาย,ร้อยละ,ทั่วราชอาณาจักร,2564
ยอดรวม,60.1,ไตรมาส 2,สำนักงานสถิติแห่งชาติ,3485,หญิง,ร้อยละ,ทั่วราชอาณาจักร,2564
15-19,10.2,ไตรมาส 2,สำนักงานสถิติแห่งชาติ,3486,หญิง,ร้อยละ,ทั่วราชอาณาจักร,2564
20-24,54.9,ไตรมาส 2,สำนักงานสถิติแห่งชาติ,3487,หญิง,ร้อยละ,ทั่วราชอาณาจักร,2564
25-29,80.6,ไตรมาส 2,สำนักงานสถิติแห่งชาติ,3488,หญิง,ร้อยละ,ทั่วราชอาณาจักร,2564
30-34,83.6,ไตรมาส 2,สำนักงานสถิติแห่งชาติ,3489,หญิง,ร้อยละ,ทั่วราชอาณาจักร,2564
35-39,83.7,ไตรมาส 2,สำนักงานสถิติแห่งชาติ,3490,หญิง,ร้อยละ,ทั่วราชอาณาจักร,2564
40-49,82.4,ไตรมาส 2,สำนักงานสถิติแห่งชาติ,3491,หญิง,ร้อยละ,ทั่วราชอาณาจักร,2564
50-59,72.6,ไตรมาส 2,สำนักงานสถิติแห่งชาติ,3492,หญิง,ร้อยละ,ทั่วราชอาณาจักร,2564
60 ขึ้นไป,28.7,ไตรมาส 2,สำนักงานสถิติแห่งชาติ,3493,หญิง,ร้อยละ,ทั่วราชอาณาจักร,2564
ยอดรวม,72.0,ไตรมาส 2,สำนักงานสถิติแห่งชาติ,3494,ยอดรวม,ร้อยละ,กรุงเทพมหานคร,2564
15-19,12.2,ไตรมาส 2,สำนักงานสถิติแห่งชาติ,3495,ยอดรวม,ร้อยละ,กรุงเทพมหานคร,2564
20-24,58.4,ไตรมาส 2,สำนักงานสถิติแห่งชาติ,3496,ยอดรวม,ร้อยละ,กรุงเทพมหานคร,2564
25-29,91.7,ไตรมาส 2,สำนักงานสถิติแห่งชาติ,3497,ยอดรวม,ร้อยละ,กรุงเทพมหานคร,2564
30-34,92.4,ไตรมาส 2,สำนักงานสถิติแห่งชาติ,3498,ยอดรวม,ร้อยละ,กรุงเทพมหานคร,2564
35-39,93.3,ไตรมาส 2,สำนักงานสถิติแห่งชาติ,3499,ยอดรวม,ร้อยละ,กรุงเทพมหานคร,2564
40-49,89.4,ไตรมาส 2,สำนักงานสถิติแห่งชาติ,3500,ยอดรวม,ร้อยละ,กรุงเทพมหานคร,2564
50-59,79.6,ไตรมาส 2,สำนักงานสถิติแห่งชาติ,3501,ยอดรวม,ร้อยละ,กรุงเทพมหานคร,2564
60 ขึ้นไป,24.3,ไตรมาส 2,สำนักงานสถิติแห่งชาติ,3502,ยอดรวม,ร้อยละ,กรุงเทพมหานคร,2564
ยอดรวม,78.4,ไตรมาส 2,สำนักงานสถิติแห่งชาติ,3503,ชาย,ร้อยละ,กรุงเทพมหานคร,2564
15-19,13.9,ไตรมาส 2,สำนักงานสถิติแห่งชาติ,3504,ชาย,ร้อยละ,กรุงเทพมหานคร,2564
20-24,63.9,ไตรมาส 2,สำนักงานสถิติแห่งชาติ,3505,ชาย,ร้อยละ,กรุงเทพมหานคร,2564
25-29,93.9,ไตรมาส 2,สำนักงานสถิติแห่งชาติ,3506,ชาย,ร้อยละ,กรุงเทพมหานคร,2564
30-34,96.8,ไตรมาส 2,สำนักงานสถิติแห่งชาติ,3507,ชาย,ร้อยละ,กรุงเทพมหานคร,2564
35-39,97.7,ไตรมาส 2,สำนักงานสถิติแห่งชาติ,3508,ชาย,ร้อยละ,กรุงเทพมหานคร,2564
40-49,96.2,ไตรมาส 2,สำนักงานสถิติแห่งชาติ,3509,ชาย,ร้อยละ,กรุงเทพมหานคร,2564
50-59,89.7,ไตรมาส 2,สำนักงานสถิติแห่งชาติ,3510,ชาย,ร้อยละ,กรุงเทพมหานคร,2564
60 ขึ้นไป,29.2,ไตรมาส 2,สำนักงานสถิติแห่งชาติ,3511,ชาย,ร้อยละ,กรุงเทพมหานคร,2564
ยอดรวม,66.0,ไตรมาส 2,สำนักงานสถิติแห่งชาติ,3512,หญิง,ร้อยละ,กรุงเทพมหานคร,2564
15-19,10.5,ไตรมาส 2,สำนักงานสถิติแห่งชาติ,3513,หญิง,ร้อยละ,กรุงเทพมหานคร,2564
20-24,52.9,ไตรมาส 2,สำนักงานสถิติแห่งชาติ,3514,หญิง,ร้อยละ,กรุงเทพมหานคร,2564
25-29,89.4,ไตรมาส 2,สำนักงานสถิติแห่งชาติ,3515,หญิง,ร้อยละ,กรุงเทพมหานคร,2564
30-34,88.4,ไตรมาส 2,สำนักงานสถิติแห่งชาติ,3516,หญิง,ร้อยละ,กรุงเทพมหานคร,2564
35-39,89.2,ไตรมาส 2,สำนักงานสถิติแห่งชาติ,3517,หญิง,ร้อยละ,กรุงเทพมหานคร,2564
40-49,82.9,ไตรมาส 2,สำนักงานสถิติแห่งชาติ,3518,หญิง,ร้อยละ,กรุงเทพมหานคร,2564
50-59,70.4,ไตรมาส 2,สำนักงานสถิติแห่งชาติ,3519,หญิง,ร้อยละ,กรุงเทพมหานคร,2564
60 ขึ้นไป,20.5,ไตรมาส 2,สำนักงานสถิติแห่งชาติ,3520,หญิง,ร้อยละ,กรุงเทพมหานคร,2564
ยอดรวม,70.2,ไตรมาส 2,สำนักงานสถิติแห่งชาติ,3521,ยอดรวม,ร้อยละ,ภาคกลาง,2564
15-19,16.5,ไตรมาส 2,สำนักงานสถิติแห่งชาติ,3522,ยอดรวม,ร้อยละ,ภาคกลาง,2564
20-24,67.4,ไตรมาส 2,สำนักงานสถิติแห่งชาติ,3523,ยอดรวม,ร้อยละ,ภาคกลาง,2564
25-29,89.5,ไตรมาส 2,สำนักงานสถิติแห่งชาติ,3524,ยอดรวม,ร้อยละ,ภาคกลาง,2564
30-34,90.5,ไตรมาส 2,สำนักงานสถิติแห่งชาติ,3525,ยอดรวม,ร้อยละ,ภาคกลาง,2564
35-39,90.2,ไตรมาส 2,สำนักงานสถิติแห่งชาติ,3526,ยอดรวม,ร้อยละ,ภาคกลาง,2564
40-49,88.5,ไตรมาส 2,สำนักงานสถิติแห่งชาติ,3527,ยอดรวม,ร้อยละ,ภาคกลาง,2564
50-59,79.7,ไตรมาส 2,สำนักงานสถิติแห่งชาติ,3528,ยอดรวม,ร้อยละ,ภาคกลาง,2564
60 ขึ้นไป,33.5,ไตรมาส 2,สำนักงานสถิติแห่งชาติ,3529,ยอดรวม,ร้อยละ,ภาคกลาง,2564
ยอดรวม,78.2,ไตรมาส 2,สำนักงานสถิติแห่งชาติ,3530,ชาย,ร้อยละ,ภาคกลาง,2564
15-19,20.8,ไตรมาส 2,สำนักงานสถิติแห่งชาติ,3531,ชาย,ร้อยละ,ภาคกลาง,2564
20-24,71.9,ไตรมาส 2,สำนักงานสถิติแห่งชาติ,3532,ชาย,ร้อยละ,ภาคกลาง,2564
25-29,94.6,ไตรมาส 2,สำนักงานสถิติแห่งชาติ,3533,ชาย,ร้อยละ,ภาคกลาง,2564
30-34,94.8,ไตรมาส 2,สำนักงานสถิติแห่งชาติ,3534,ชาย,ร้อยละ,ภาคกลาง,2564
35-39,96.8,ไตรมาส 2,สำนักงานสถิติแห่งชาติ,3535,ชาย,ร้อยละ,ภาคกลาง,2564
40-49,95.1,ไตรมาส 2,สำนักงานสถิติแห่งชาติ,3536,ชาย,ร้อยละ,ภาคกลาง,2564
50-59,91.2,ไตรมาส 2,สำนักงานสถิติแห่งชาติ,3537,ชาย,ร้อยละ,ภาคกลาง,2564
60 ขึ้นไป,42.9,ไตรมาส 2,สำนักงานสถิติแห่งชาติ,3538,ชาย,ร้อยละ,ภาคกลาง,2564
ยอดรวม,62.7,ไตรมาส 2,สำนักงานสถิติแห่งชาติ,3539,หญิง,ร้อยละ,ภาคกลาง,2564
15-19,12.0,ไตรมาส 2,สำนักงานสถิติแห่งชาติ,3540,หญิง,ร้อยละ,ภาคกลาง,2564
20-24,62.6,ไตรมาส 2,สำนักงานสถิติแห่งชาติ,3541,หญิง,ร้อยละ,ภาคกลาง,2564
25-29,84.1,ไตรมาส 2,สำนักงานสถิติแห่งชาติ,3542,หญิง,ร้อยละ,ภาคกลาง,2564
30-34,85.9,ไตรมาส 2,สำนักงานสถิติแห่งชาติ,3543,หญิง,ร้อยละ,ภาคกลาง,2564
35-39,83.8,ไตรมาส 2,สำนักงานสถิติแห่งชาติ,3544,หญิง,ร้อยละ,ภาคกลาง,2564
40-49,82.2,ไตรมาส 2,สำนักงานสถิติแห่งชาติ,3545,หญิง,ร้อยละ,ภาคกลาง,2564
50-59,69.3,ไตรมาส 2,สำนักงานสถิติแห่งชาติ,3546,หญิง,ร้อยละ,ภาคกลาง,2564
60 ขึ้นไป,26.1,ไตรมาส 2,สำนักงานสถิติแห่งชาติ,3547,หญิง,ร้อยละ,ภาคกลาง,2564
ยอดรวม,65.6,ไตรมาส 2,สำนักงานสถิติแห่งชาติ,3548,ยอดรวม,ร้อยละ,ภาคเหนือ,2564
15-19,16.2,ไตรมาส 2,สำนักงานสถิติแห่งชาติ,3549,ยอดรวม,ร้อยละ,ภาคเหนือ,2564
20-24,62.2,ไตรมาส 2,สำนักงานสถิติแห่งชาติ,3550,ยอดรวม,ร้อยละ,ภาคเหนือ,2564
25-29,86.7,ไตรมาส 2,สำนักงานสถิติแห่งชาติ,3551,ยอดรวม,ร้อยละ,ภาคเหนือ,2564
30-34,88.7,ไตรมาส 2,สำนักงานสถิติแห่งชาติ,3552,ยอดรวม,ร้อยละ,ภาคเหนือ,2564
35-39,89.0,ไตรมาส 2,สำนักงานสถิติแห่งชาติ,3553,ยอดรวม,ร้อยละ,ภาคเหนือ,2564
40-49,89.0,ไตรมาส 2,สำนักงานสถิติแห่งชาติ,3554,ยอดรวม,ร้อยละ,ภาคเหนือ,2564
50-59,82.2,ไตรมาส 2,สำนักงานสถิติแห่งชาติ,3555,ยอดรวม,ร้อยละ,ภาคเหนือ,2564
60 ขึ้นไป,41.2,ไตรมาส 2,สำนักงานสถิติแห่งชาติ,3556,ยอดรวม,ร้อยละ,ภาคเหนือ,2564
ยอดรวม,74.5,ไตรมาส 2,สำนักงานสถิติแห่งชาติ,3557,ชาย,ร้อยละ,ภาคเหนือ,2564
15-19,22.3,ไตรมาส 2,สำนักงานสถิติแห่งชาติ,3558,ชาย,ร้อยละ,ภาคเหนือ,2564
20-24,71.7,ไตรมาส 2,สำนักงานสถิติแห่งชาติ,3559,ชาย,ร้อยละ,ภาคเหนือ,2564
25-29,96.0,ไตรมาส 2,สำนักงานสถิติแห่งชาติ,3560,ชาย,ร้อยละ,ภาคเหนือ,2564
30-34,95.2,ไตรมาส 2,สำนักงานสถิติแห่งชาติ,3561,ชาย,ร้อยละ,ภาคเหนือ,2564
35-39,95.8,ไตรมาส 2,สำนักงานสถิติแห่งชาติ,3562,ชาย,ร้อยละ,ภาคเหนือ,2564
40-49,94.8,ไตรมาส 2,สำนักงานสถิติแห่งชาติ,3563,ชาย,ร้อยละ,ภาคเหนือ,2564
50-59,91.9,ไตรมาส 2,สำนักงานสถิติแห่งชาติ,3564,ชาย,ร้อยละ,ภาคเหนือ,2564
60 ขึ้นไป,51.6,ไตรมาส 2,สำนักงานสถิติแห่งชาติ,3565,ชาย,ร้อยละ,ภาคเหนือ,2564
ยอดรวม,57.4,ไตรมาส 2,สำนักงานสถิติแห่งชาติ,3566,หญิง,ร้อยละ,ภาคเหนือ,2564
15-19,9.9,ไตรมาส 2,สำนักงานสถิติแห่งชาติ,3567,หญิง,ร้อยละ,ภาคเหนือ,2564
25-29,77.4,ไตรมาส 2,สำนักงานสถิติแห่งชาติ,3568,หญิง,ร้อยละ,ภาคเหนือ,2564
30-34,81.9,ไตรมาส 2,สำนักงานสถิติแห่งชาติ,3569,หญิง,ร้อยละ,ภาคเหนือ,2564
35-39,82.1,ไตรมาส 2,สำนักงานสถิติแห่งชาติ,3570,หญิง,ร้อยละ,ภาคเหนือ,2564
40-49,83.6,ไตรมาส 2,สำนักงานสถิติแห่งชาติ,3571,หญิง,ร้อยละ,ภาคเหนือ,2564
50-59,73.7,ไตรมาส 2,สำนักงานสถิติแห่งชาติ,3572,หญิง,ร้อยละ,ภาคเหนือ,2564
60 ขึ้นไป,32.5,ไตรมาส 2,สำนักงานสถิติแห่งชาติ,3573,หญิง,ร้อยละ,ภาคเหนือ,2564
ยอดรวม,63.6,ไตรมาส 2,สำนักงานสถิติแห่งชาติ,3574,ยอดรวม,ร้อยละ,ภาคตะวันออกเฉียงเหนือ,2564
15-19,13.5,ไตรมาส 2,สำนักงานสถิติแห่งชาติ,3575,ยอดรวม,ร้อยละ,ภาคตะวันออกเฉียงเหนือ,2564
20-24,61.4,ไตรมาส 2,สำนักงานสถิติแห่งชาติ,3576,ยอดรวม,ร้อยละ,ภาคตะวันออกเฉียงเหนือ,2564
25-29,82.4,ไตรมาส 2,สำนักงานสถิติแห่งชาติ,3577,ยอดรวม,ร้อยละ,ภาคตะวันออกเฉียงเหนือ,2564
30-34,85.0,ไตรมาส 2,สำนักงานสถิติแห่งชาติ,3578,ยอดรวม,ร้อยละ,ภาคตะวันออกเฉียงเหนือ,2564
35-39,86.8,ไตรมาส 2,สำนักงานสถิติแห่งชาติ,3579,ยอดรวม,ร้อยละ,ภาคตะวันออกเฉียงเหนือ,2564
40-49,87.3,ไตรมาส 2,สำนักงานสถิติแห่งชาติ,3580,ยอดรวม,ร้อยละ,ภาคตะวันออกเฉียงเหนือ,2564
50-59,83.0,ไตรมาส 2,สำนักงานสถิติแห่งชาติ,3581,ยอดรวม,ร้อยละ,ภาคตะวันออกเฉียงเหนือ,2564
60 ขึ้นไป,39.8,ไตรมาส 2,สำนักงานสถิติแห่งชาติ,3582,ยอดรวม,ร้อยละ,ภาคตะวันออกเฉียงเหนือ,2564
ยอดรวม,72.9,ไตรมาส 2,สำนักงานสถิติแห่งชาติ,3583,ชาย,ร้อยละ,ภาคตะวันออกเฉียงเหนือ,2564
15-19,18.5,ไตรมาส 2,สำนักงานสถิติแห่งชาติ,3584,ชาย,ร้อยละ,ภาคตะวันออกเฉียงเหนือ,2564
20-24,72.7,ไตรมาส 2,สำนักงานสถิติแห่งชาติ,3585,ชาย,ร้อยละ,ภาคตะวันออกเฉียงเหนือ,2564
25-29,89.7,ไตรมาส 2,สำนักงานสถิติแห่งชาติ,3586,ชาย,ร้อยละ,ภาคตะวันออกเฉียงเหนือ,2564
30-34,93.0,ไตรมาส 2,สำนักงานสถิติแห่งชาติ,3587,ชาย,ร้อยละ,ภาคตะวันออกเฉียงเหนือ,2564
35-39,92.9,ไตรมาส 2,สำนักงานสถิติแห่งชาติ,3588,ชาย,ร้อยละ,ภาคตะวันออกเฉียงเหนือ,2564
40-49,94.0,ไตรมาส 2,สำนักงานสถิติแห่งชาติ,3589,ชาย,ร้อยละ,ภาคตะวันออกเฉียงเหนือ,2564
50-59,92.8,ไตรมาส 2,สำนักงานสถิติแห่งชาติ,3590,ชาย,ร้อยละ,ภาคตะวันออกเฉียงเหนือ,2564
60 ขึ้นไป,52.6,ไตรมาส 2,สำนักงานสถิติแห่งชาติ,3591,ชาย,ร้อยละ,ภาคตะวันออกเฉียงเหนือ,2564
ยอดรวม,55.0,ไตรมาส 2,สำนักงานสถิติแห่งชาติ,3592,หญิง,ร้อยละ,ภาคตะวันออกเฉียงเหนือ,2564
15-19,8.3,ไตรมาส 2,สำนักงานสถิติแห่งชาติ,3593,หญิง,ร้อยละ,ภาคตะวันออกเฉียงเหนือ,2564
20-24,50.0,ไตรมาส 2,สำนักงานสถิติแห่งชาติ,3594,หญิง,ร้อยละ,ภาคตะวันออกเฉียงเหนือ,2564
25-29,75.5,ไตรมาส 2,สำนักงานสถิติแห่งชาติ,3595,หญิง,ร้อยละ,ภาคตะวันออกเฉียงเหนือ,2564
30-34,76.8,ไตรมาส 2,สำนักงานสถิติแห่งชาติ,3596,หญิง,ร้อยละ,ภาคตะวันออกเฉียงเหนือ,2564
35-39,80.6,ไตรมาส 2,สำนักงานสถิติแห่งชาติ,3597,หญิง,ร้อยละ,ภาคตะวันออกเฉียงเหนือ,2564
40-49,81.3,ไตรมาส 2,สำนักงานสถิติแห่งชาติ,3598,หญิง,ร้อยละ,ภาคตะวันออกเฉียงเหนือ,2564
50-59,74.2,ไตรมาส 2,สำนักงานสถิติแห่งชาติ,3599,หญิง,ร้อยละ,ภาคตะวันออกเฉียงเหนือ,2564
60 ขึ้นไป,29.2,ไตรมาส 2,สำนักงานสถิติแห่งชาติ,3600,หญิง,ร้อยละ,ภาคตะวันออกเฉียงเหนือ,2564
ยอดรวม,70.2,ไตรมาส 2,สำนักงานสถิติแห่งชาติ,3601,ยอดรวม,ร้อยละ,ภาคใต้,2564
15-19,18.4,ไตรมาส 2,สำนักงานสถิติแห่งชาติ,3602,ยอดรวม,ร้อยละ,ภาคใต้,2564
20-24,65.5,ไตรมาส 2,สำนักงานสถิติแห่งชาติ,3603,ยอดรวม,ร้อยละ,ภาคใต้,2564
25-29,85.4,ไตรมาส 2,สำนักงานสถิติแห่งชาติ,3604,ยอดรวม,ร้อยละ,ภาคใต้,2564
30-34,88.7,ไตรมาส 2,สำนักงานสถิติแห่งชาติ,3605,ยอดรวม,ร้อยละ,ภาคใต้,2564
35-39,88.6,ไตรมาส 2,สำนักงานสถิติแห่งชาติ,3606,ยอดรวม,ร้อยละ,ภาคใต้,2564
40-49,89.9,ไตรมาส 2,สำนักงานสถิติแห่งชาติ,3607,ยอดรวม,ร้อยละ,ภาคใต้,2564
50-59,85.9,ไตรมาส 2,สำนักงานสถิติแห่งชาติ,3608,ยอดรวม,ร้อยละ,ภาคใต้,2564
60 ขึ้นไป,42.1,ไตรมาส 2,สำนักงานสถิติแห่งชาติ,3609,ยอดรวม,ร้อยละ,ภาคใต้,2564
ยอดรวม,79.4,ไตรมาส 2,สำนักงานสถิติแห่งชาติ,3610,ชาย,ร้อยละ,ภาคใต้,2564
15-19,25.4,ไตรมาส 2,สำนักงานสถิติแห่งชาติ,3611,ชาย,ร้อยละ,ภาคใต้,2564
20-24,76.6,ไตรมาส 2,สำนักงานสถิติแห่งชาติ,3612,ชาย,ร้อยละ,ภาคใต้,2564
25-29,94.5,ไตรมาส 2,สำนักงานสถิติแห่งชาติ,3613,ชาย,ร้อยละ,ภาคใต้,2564
30-34,96.1,ไตรมาส 2,สำนักงานสถิติแห่งชาติ,3614,ชาย,ร้อยละ,ภาคใต้,2564
35-39,96.1,ไตรมาส 2,สำนักงานสถิติแห่งชาติ,3615,ชาย,ร้อยละ,ภาคใต้,2564
40-49,97.0,ไตรมาส 2,สำนักงานสถิติแห่งชาติ,3616,ชาย,ร้อยละ,ภาคใต้,2564
50-59,94.8,ไตรมาส 2,สำนักงานสถิติแห่งชาติ,3617,ชาย,ร้อยละ,ภาคใต้,2564
60 ขึ้นไป,53.3,ไตรมาส 2,สำนักงานสถิติแห่งชาติ,3618,ชาย,ร้อยละ,ภาคใต้,2564
ยอดรวม,61.5,ไตรมาส 2,สำนักงานสถิติแห่งชาติ,3619,หญิง,ร้อยละ,ภาคใต้,2564
15-19,11.1,ไตรมาส 2,สำนักงานสถิติแห่งชาติ,3620,หญิง,ร้อยละ,ภาคใต้,2564
20-24,53.9,ไตรมาส 2,สำนักงานสถิติแห่งชาติ,3621,หญิง,ร้อยละ,ภาคใต้,2564
25-29,75.9,ไตรมาส 2,สำนักงานสถิติแห่งชาติ,3622,หญิง,ร้อยละ,ภาคใต้,2564
30-34,81.1,ไตรมาส 2,สำนักงานสถิติแห่งชาติ,3623,หญิง,ร้อยละ,ภาคใต้,2564
35-39,80.9,ไตรมาส 2,สำนักงานสถิติแห่งชาติ,3624,หญิง,ร้อยละ,ภาคใต้,2564
40-49,83.2,ไตรมาส 2,สำนักงานสถิติแห่งชาติ,3625,หญิง,ร้อยละ,ภาคใต้,2564
50-59,77.7,ไตรมาส 2,สำนักงานสถิติแห่งชาติ,3626,หญิง,ร้อยละ,ภาคใต้,2564
60 ขึ้นไป,33.2,ไตรมาส 2,สำนักงานสถิติแห่งชาติ,3627,หญิง,ร้อยละ,ภาคใต้,2564
ยอดรวม,67.6,ไตรมาส 3,สำนักงานสถิติแห่งชาติ,3628,ยอดรวม,ร้อยละ,ทั่วราชอาณาจักร,2564
15-19,14.6,ไตรมาส 3,สำนักงานสถิติแห่งชาติ,3629,ยอดรวม,ร้อยละ,ทั่วราชอาณาจักร,2564
20-24,63.3,ไตรมาส 3,สำนักงานสถิติแห่งชาติ,3630,ยอดรวม,ร้อยละ,ทั่วราชอาณาจักร,2564
25-29,86.4,ไตรมาส 3,สำนักงานสถิติแห่งชาติ,3631,ยอดรวม,ร้อยละ,ทั่วราชอาณาจักร,2564
30-34,88.3,ไตรมาส 3,สำนักงานสถิติแห่งชาติ,3632,ยอดรวม,ร้อยละ,ทั่วราชอาณาจักร,2564
35-39,88.7,ไตรมาส 3,สำนักงานสถิติแห่งชาติ,3633,ยอดรวม,ร้อยละ,ทั่วราชอาณาจักร,2564
40-49,88.6,ไตรมาส 3,สำนักงานสถิติแห่งชาติ,3634,ยอดรวม,ร้อยละ,ทั่วราชอาณาจักร,2564
50-59,82.2,ไตรมาส 3,สำนักงานสถิติแห่งชาติ,3635,ยอดรวม,ร้อยละ,ทั่วราชอาณาจักร,2564
60 ขึ้นไป,37.2,ไตรมาส 3,สำนักงานสถิติแห่งชาติ,3636,ยอดรวม,ร้อยละ,ทั่วราชอาณาจักร,2564
ยอดรวม,76.2,ไตรมาส 3,สำนักงานสถิติแห่งชาติ,3637,ชาย,ร้อยละ,ทั่วราชอาณาจักร,2564
15-19,19.1,ไตรมาส 3,สำนักงานสถิติแห่งชาติ,3638,ชาย,ร้อยละ,ทั่วราชอาณาจักร,2564
20-24,73.3,ไตรมาส 3,สำนักงานสถิติแห่งชาติ,3639,ชาย,ร้อยละ,ทั่วราชอาณาจักร,2564
25-29,93.4,ไตรมาส 3,สำนักงานสถิติแห่งชาติ,3640,ชาย,ร้อยละ,ทั่วราชอาณาจักร,2564
30-34,95.4,ไตรมาส 3,สำนักงานสถิติแห่งชาติ,3641,ชาย,ร้อยละ,ทั่วราชอาณาจักร,2564
35-39,95.6,ไตรมาส 3,สำนักงานสถิติแห่งชาติ,3642,ชาย,ร้อยละ,ทั่วราชอาณาจักร,2564
40-49,95.2,ไตรมาส 3,สำนักงานสถิติแห่งชาติ,3643,ชาย,ร้อยละ,ทั่วราชอาณาจักร,2564
50-59,91.7,ไตรมาส 3,สำนักงานสถิติแห่งชาติ,3644,ชาย,ร้อยละ,ทั่วราชอาณาจักร,2564
60 ขึ้นไป,47.4,ไตรมาส 3,สำนักงานสถิติแห่งชาติ,3645,ชาย,ร้อยละ,ทั่วราชอาณาจักร,2564
ยอดรวม,59.7,ไตรมาส 3,สำนักงานสถิติแห่งชาติ,3646,หญิง,ร้อยละ,ทั่วราชอาณาจักร,2564
15-19,9.8,ไตรมาส 3,สำนักงานสถิติแห่งชาติ,3647,หญิง,ร้อยละ,ทั่วราชอาณาจักร,2564
25-29,79.3,ไตรมาส 3,สำนักงานสถิติแห่งชาติ,3648,หญิง,ร้อยละ,ทั่วราชอาณาจักร,2564
30-34,81.2,ไตรมาส 3,สำนักงานสถิติแห่งชาติ,3649,หญิง,ร้อยละ,ทั่วราชอาณาจักร,2564
35-39,81.9,ไตรมาส 3,สำนักงานสถิติแห่งชาติ,3650,หญิง,ร้อยละ,ทั่วราชอาณาจักร,2564
40-49,82.5,ไตรมาส 3,สำนักงานสถิติแห่งชาติ,3651,หญิง,ร้อยละ,ทั่วราชอาณาจักร,2564
50-59,73.7,ไตรมาส 3,สำนักงานสถิติแห่งชาติ,3652,หญิง,ร้อยละ,ทั่วราชอาณาจักร,2564
60 ขึ้นไป,28.9,ไตรมาส 3,สำนักงานสถิติแห่งชาติ,3653,หญิง,ร้อยละ,ทั่วราชอาณาจักร,2564
ยอดรวม,70.2,ไตรมาส 3,สำนักงานสถิติแห่งชาติ,3654,ยอดรวม,ร้อยละ,กรุงเทพมหานคร,2564
15-19,8.9,ไตรมาส 3,สำนักงานสถิติแห่งชาติ,3655,ยอดรวม,ร้อยละ,กรุงเทพมหานคร,2564
20-24,55.0,ไตรมาส 3,สำนักงานสถิติแห่งชาติ,3656,ยอดรวม,ร้อยละ,กรุงเทพมหานคร,2564
25-29,87.4,ไตรมาส 3,สำนักงานสถิติแห่งชาติ,3657,ยอดรวม,ร้อยละ,กรุงเทพมหานคร,2564
30-34,90.2,ไตรมาส 3,สำนักงานสถิติแห่งชาติ,3658,ยอดรวม,ร้อยละ,กรุงเทพมหานคร,2564
35-39,88.1,ไตรมาส 3,สำนักงานสถิติแห่งชาติ,3659,ยอดรวม,ร้อยละ,กรุงเทพมหานคร,2564
40-49,90.5,ไตรมาส 3,สำนักงานสถิติแห่งชาติ,3660,ยอดรวม,ร้อยละ,กรุงเทพมหานคร,2564
50-59,79.7,ไตรมาส 3,สำนักงานสถิติแห่งชาติ,3661,ยอดรวม,ร้อยละ,กรุงเทพมหานคร,2564
60 ขึ้นไป,22.9,ไตรมาส 3,สำนักงานสถิติแห่งชาติ,3662,ยอดรวม,ร้อยละ,กรุงเทพมหานคร,2564
ยอดรวม,76.5,ไตรมาส 3,สำนักงานสถิติแห่งชาติ,3663,ชาย,ร้อยละ,กรุงเทพมหานคร,2564
15-19,11.2,ไตรมาส 3,สำนักงานสถิติแห่งชาติ,3664,ชาย,ร้อยละ,กรุงเทพมหานคร,2564
20-24,60.9,ไตรมาส 3,สำนักงานสถิติแห่งชาติ,3665,ชาย,ร้อยละ,กรุงเทพมหานคร,2564
25-29,89.9,ไตรมาส 3,สำนักงานสถิติแห่งชาติ,3666,ชาย,ร้อยละ,กรุงเทพมหานคร,2564
30-34,96.4,ไตรมาส 3,สำนักงานสถิติแห่งชาติ,3667,ชาย,ร้อยละ,กรุงเทพมหานคร,2564
35-39,95.1,ไตรมาส 3,สำนักงานสถิติแห่งชาติ,3668,ชาย,ร้อยละ,กรุงเทพมหานคร,2564
40-49,95.8,ไตรมาส 3,สำนักงานสถิติแห่งชาติ,3669,ชาย,ร้อยละ,กรุงเทพมหานคร,2564
50-59,87.5,ไตรมาส 3,สำนักงานสถิติแห่งชาติ,3670,ชาย,ร้อยละ,กรุงเทพมหานคร,2564
60 ขึ้นไป,27.6,ไตรมาส 3,สำนักงานสถิติแห่งชาติ,3671,ชาย,ร้อยละ,กรุงเทพมหานคร,2564
ยอดรวม,64.4,ไตรมาส 3,สำนักงานสถิติแห่งชาติ,3672,หญิง,ร้อยละ,กรุงเทพมหานคร,2564
15-19,6.7,ไตรมาส 3,สำนักงานสถิติแห่งชาติ,3673,หญิง,ร้อยละ,กรุงเทพมหานคร,2564
20-24,49.1,ไตรมาส 3,สำนักงานสถิติแห่งชาติ,3674,หญิง,ร้อยละ,กรุงเทพมหานคร,2564
25-29,84.9,ไตรมาส 3,สำนักงานสถิติแห่งชาติ,3675,หญิง,ร้อยละ,กรุงเทพมหานคร,2564
30-34,84.4,ไตรมาส 3,สำนักงานสถิติแห่งชาติ,3676,หญิง,ร้อยละ,กรุงเทพมหานคร,2564
35-39,81.7,ไตรมาส 3,สำนักงานสถิติแห่งชาติ,3677,หญิง,ร้อยละ,กรุงเทพมหานคร,2564
40-49,85.3,ไตรมาส 3,สำนักงานสถิติแห่งชาติ,3678,หญิง,ร้อยละ,กรุงเทพมหานคร,2564
50-59,72.5,ไตรมาส 3,สำนักงานสถิติแห่งชาติ,3679,หญิง,ร้อยละ,กรุงเทพมหานคร,2564
60 ขึ้นไป,19.3,ไตรมาส 3,สำนักงานสถิติแห่งชาติ,3680,หญิง,ร้อยละ,กรุงเทพมหานคร,2564
ยอดรวม,69.1,ไตรมาส 3,สำนักงานสถิติแห่งชาติ,3681,ยอดรวม,ร้อยละ,ภาคกลาง,2564
15-19,15.5,ไตรมาส 3,สำนักงานสถิติแห่งชาติ,3682,ยอดรวม,ร้อยละ,ภาคกลาง,2564
20-24,65.3,ไตรมาส 3,สำนักงานสถิติแห่งชาติ,3683,ยอดรวม,ร้อยละ,ภาคกลาง,2564
25-29,90.0,ไตรมาส 3,สำนักงานสถิติแห่งชาติ,3684,ยอดรวม,ร้อยละ,ภาคกลาง,2564
30-34,89.9,ไตรมาส 3,สำนักงานสถิติแห่งชาติ,3685,ยอดรวม,ร้อยละ,ภาคกลาง,2564
35-39,89.1,ไตรมาส 3,สำนักงานสถิติแห่งชาติ,3686,ยอดรวม,ร้อยละ,ภาคกลาง,2564
40-49,87.2,ไตรมาส 3,สำนักงานสถิติแห่งชาติ,3687,ยอดรวม,ร้อยละ,ภาคกลาง,2564
50-59,78.7,ไตรมาส 3,สำนักงานสถิติแห่งชาติ,3688,ยอดรวม,ร้อยละ,ภาคกลาง,2564
60 ขึ้นไป,32.0,ไตรมาส 3,สำนักงานสถิติแห่งชาติ,3689,ยอดรวม,ร้อยละ,ภาคกลาง,2564
ยอดรวม,77.9,ไตรมาส 3,สำนักงานสถิติแห่งชาติ,3690,ชาย,ร้อยละ,ภาคกลาง,2564
15-19,19.6,ไตรมาส 3,สำนักงานสถิติแห่งชาติ,3691,ชาย,ร้อยละ,ภาคกลาง,2564
20-24,73.2,ไตรมาส 3,สำนักงานสถิติแห่งชาติ,3692,ชาย,ร้อยละ,ภาคกลาง,2564
25-29,95.2,ไตรมาส 3,สำนักงานสถิติแห่งชาติ,3693,ชาย,ร้อยละ,ภาคกลาง,2564
30-34,96.0,ไตรมาส 3,สำนักงานสถิติแห่งชาติ,3694,ชาย,ร้อยละ,ภาคกลาง,2564
35-39,97.2,ไตรมาส 3,สำนักงานสถิติแห่งชาติ,3695,ชาย,ร้อยละ,ภาคกลาง,2564
40-49,95.5,ไตรมาส 3,สำนักงานสถิติแห่งชาติ,3696,ชาย,ร้อยละ,ภาคกลาง,2564
50-59,89.9,ไตรมาส 3,สำนักงานสถิติแห่งชาติ,3697,ชาย,ร้อยละ,ภาคกลาง,2564
60 ขึ้นไป,40.7,ไตรมาส 3,สำนักงานสถิติแห่งชาติ,3698,ชาย,ร้อยละ,ภาคกลาง,2564
ยอดรวม,60.8,ไตรมาส 3,สำนักงานสถิติแห่งชาติ,3699,หญิง,ร้อยละ,ภาคกลาง,2564
15-19,11.4,ไตรมาส 3,สำนักงานสถิติแห่งชาติ,3700,หญิง,ร้อยละ,ภาคกลาง,2564
20-24,57.1,ไตรมาส 3,สำนักงานสถิติแห่งชาติ,3701,หญิง,ร้อยละ,ภาคกลาง,2564
25-29,84.5,ไตรมาส 3,สำนักงานสถิติแห่งชาติ,3702,หญิง,ร้อยละ,ภาคกลาง,2564
30-34,83.6,ไตรมาส 3,สำนักงานสถิติแห่งชาติ,3703,หญิง,ร้อยละ,ภาคกลาง,2564
35-39,81.2,ไตรมาส 3,สำนักงานสถิติแห่งชาติ,3704,หญิง,ร้อยละ,ภาคกลาง,2564
40-49,79.1,ไตรมาส 3,สำนักงานสถิติแห่งชาติ,3705,หญิง,ร้อยละ,ภาคกลาง,2564
50-59,68.5,ไตรมาส 3,สำนักงานสถิติแห่งชาติ,3706,หญิง,ร้อยละ,ภาคกลาง,2564
60 ขึ้นไป,25.2,ไตรมาส 3,สำนักงานสถิติแห่งชาติ,3707,หญิง,ร้อยละ,ภาคกลาง,2564
ยอดรวม,65.8,ไตรมาส 3,สำนักงานสถิติแห่งชาติ,3708,ยอดรวม,ร้อยละ,ภาคเหนือ,2564
15-19,14.6,ไตรมาส 3,สำนักงานสถิติแห่งชาติ,3709,ยอดรวม,ร้อยละ,ภาคเหนือ,2564
20-24,67.7,ไตรมาส 3,สำนักงานสถิติแห่งชาติ,3710,ยอดรวม,ร้อยละ,ภาคเหนือ,2564
25-29,85.4,ไตรมาส 3,สำนักงานสถิติแห่งชาติ,3711,ยอดรวม,ร้อยละ,ภาคเหนือ,2564
30-34,88.6,ไตรมาส 3,สำนักงานสถิติแห่งชาติ,3712,ยอดรวม,ร้อยละ,ภาคเหนือ,2564
35-39,88.5,ไตรมาส 3,สำนักงานสถิติแห่งชาติ,3713,ยอดรวม,ร้อยละ,ภาคเหนือ,2564
40-49,89.0,ไตรมาส 3,สำนักงานสถิติแห่งชาติ,3714,ยอดรวม,ร้อยละ,ภาคเหนือ,2564
50-59,83.0,ไตรมาส 3,สำนักงานสถิติแห่งชาติ,3715,ยอดรวม,ร้อยละ,ภาคเหนือ,2564
60 ขึ้นไป,40.8,ไตรมาส 3,สำนักงานสถิติแห่งชาติ,3716,ยอดรวม,ร้อยละ,ภาคเหนือ,2564
ยอดรวม,74.5,ไตรมาส 3,สำนักงานสถิติแห่งชาติ,3717,ชาย,ร้อยละ,ภาคเหนือ,2564
15-19,20.7,ไตรมาส 3,สำนักงานสถิติแห่งชาติ,3718,ชาย,ร้อยละ,ภาคเหนือ,2564
20-24,77.3,ไตรมาส 3,สำนักงานสถิติแห่งชาติ,3719,ชาย,ร้อยละ,ภาคเหนือ,2564
25-29,92.9,ไตรมาส 3,สำนักงานสถิติแห่งชาติ,3720,ชาย,ร้อยละ,ภาคเหนือ,2564
30-34,95.1,ไตรมาส 3,สำนักงานสถิติแห่งชาติ,3721,ชาย,ร้อยละ,ภาคเหนือ,2564
35-39,94.9,ไตรมาส 3,สำนักงานสถิติแห่งชาติ,3722,ชาย,ร้อยละ,ภาคเหนือ,2564
40-49,94.3,ไตรมาส 3,สำนักงานสถิติแห่งชาติ,3723,ชาย,ร้อยละ,ภาคเหนือ,2564
50-59,92.5,ไตรมาส 3,สำนักงานสถิติแห่งชาติ,3724,ชาย,ร้อยละ,ภาคเหนือ,2564
60 ขึ้นไป,51.6,ไตรมาส 3,สำนักงานสถิติแห่งชาติ,3725,ชาย,ร้อยละ,ภาคเหนือ,2564
ยอดรวม,57.7,ไตรมาส 3,สำนักงานสถิติแห่งชาติ,3726,หญิง,ร้อยละ,ภาคเหนือ,2564
15-19,8.4,ไตรมาส 3,สำนักงานสถิติแห่งชาติ,3727,หญิง,ร้อยละ,ภาคเหนือ,2564
20-24,58.0,ไตรมาส 3,สำนักงานสถิติแห่งชาติ,3728,หญิง,ร้อยละ,ภาคเหนือ,2564
25-29,77.8,ไตรมาส 3,สำนักงานสถิติแห่งชาติ,3729,หญิง,ร้อยละ,ภาคเหนือ,2564
30-34,81.7,ไตรมาส 3,สำนักงานสถิติแห่งชาติ,3730,หญิง,ร้อยละ,ภาคเหนือ,2564
35-39,82.0,ไตรมาส 3,สำนักงานสถิติแห่งชาติ,3731,หญิง,ร้อยละ,ภาคเหนือ,2564
50-59,74.7,ไตรมาส 3,สำนักงานสถิติแห่งชาติ,3732,หญิง,ร้อยละ,ภาคเหนือ,2564
60 ขึ้นไป,31.9,ไตรมาส 3,สำนักงานสถิติแห่งชาติ,3733,หญิง,ร้อยละ,ภาคเหนือ,2564
ยอดรวม,65.0,ไตรมาส 3,สำนักงานสถิติแห่งชาติ,3734,ยอดรวม,ร้อยละ,ภาคตะวันออกเฉียงเหนือ,2564
15-19,14.0,ไตรมาส 3,สำนักงานสถิติแห่งชาติ,3735,ยอดรวม,ร้อยละ,ภาคตะวันออกเฉียงเหนือ,2564
20-24,61.7,ไตรมาส 3,สำนักงานสถิติแห่งชาติ,3736,ยอดรวม,ร้อยละ,ภาคตะวันออกเฉียงเหนือ,2564
25-29,82.3,ไตรมาส 3,สำนักงานสถิติแห่งชาติ,3737,ยอดรวม,ร้อยละ,ภาคตะวันออกเฉียงเหนือ,2564
30-34,84.1,ไตรมาส 3,สำนักงานสถิติแห่งชาติ,3738,ยอดรวม,ร้อยละ,ภาคตะวันออกเฉียงเหนือ,2564
35-39,88.3,ไตรมาส 3,สำนักงานสถิติแห่งชาติ,3739,ยอดรวม,ร้อยละ,ภาคตะวันออกเฉียงเหนือ,2564
40-49,89.1,ไตรมาส 3,สำนักงานสถิติแห่งชาติ,3740,ยอดรวม,ร้อยละ,ภาคตะวันออกเฉียงเหนือ,2564
50-59,85.2,ไตรมาส 3,สำนักงานสถิติแห่งชาติ,3741,ยอดรวม,ร้อยละ,ภาคตะวันออกเฉียงเหนือ,2564
60 ขึ้นไป,42.3,ไตรมาส 3,สำนักงานสถิติแห่งชาติ,3742,ยอดรวม,ร้อยละ,ภาคตะวันออกเฉียงเหนือ,2564
ยอดรวม,73.7,ไตรมาส 3,สำนักงานสถิติแห่งชาติ,3743,ชาย,ร้อยละ,ภาคตะวันออกเฉียงเหนือ,2564
15-19,18.5,ไตรมาส 3,สำนักงานสถิติแห่งชาติ,3744,ชาย,ร้อยละ,ภาคตะวันออกเฉียงเหนือ,2564
20-24,73.6,ไตรมาส 3,สำนักงานสถิติแห่งชาติ,3745,ชาย,ร้อยละ,ภาคตะวันออกเฉียงเหนือ,2564
25-29,91.9,ไตรมาส 3,สำนักงานสถิติแห่งชาติ,3746,ชาย,ร้อยละ,ภาคตะวันออกเฉียงเหนือ,2564
30-34,92.2,ไตรมาส 3,สำนักงานสถิติแห่งชาติ,3747,ชาย,ร้อยละ,ภาคตะวันออกเฉียงเหนือ,2564
35-39,92.6,ไตรมาส 3,สำนักงานสถิติแห่งชาติ,3748,ชาย,ร้อยละ,ภาคตะวันออกเฉียงเหนือ,2564
40-49,93.8,ไตรมาส 3,สำนักงานสถิติแห่งชาติ,3749,ชาย,ร้อยละ,ภาคตะวันออกเฉียงเหนือ,2564
50-59,93.6,ไตรมาส 3,สำนักงานสถิติแห่งชาติ,3750,ชาย,ร้อยละ,ภาคตะวันออกเฉียงเหนือ,2564
60 ขึ้นไป,54.3,ไตรมาส 3,สำนักงานสถิติแห่งชาติ,3751,ชาย,ร้อยละ,ภาคตะวันออกเฉียงเหนือ,2564
ยอดรวม,57.1,ไตรมาส 3,สำนักงานสถิติแห่งชาติ,3752,หญิง,ร้อยละ,ภาคตะวันออกเฉียงเหนือ,2564
15-19,9.3,ไตรมาส 3,สำนักงานสถิติแห่งชาติ,3753,หญิง,ร้อยละ,ภาคตะวันออกเฉียงเหนือ,2564
20-24,49.7,ไตรมาส 3,สำนักงานสถิติแห่งชาติ,3754,หญิง,ร้อยละ,ภาคตะวันออกเฉียงเหนือ,2564
25-29,73.1,ไตรมาส 3,สำนักงานสถิติแห่งชาติ,3755,หญิง,ร้อยละ,ภาคตะวันออกเฉียงเหนือ,2564
30-34,76.0,ไตรมาส 3,สำนักงานสถิติแห่งชาติ,3756,หญิง,ร้อยละ,ภาคตะวันออกเฉียงเหนือ,2564
35-39,84.0,ไตรมาส 3,สำนักงานสถิติแห่งชาติ,3757,หญิง,ร้อยละ,ภาคตะวันออกเฉียงเหนือ,2564
40-49,84.8,ไตรมาส 3,สำนักงานสถิติแห่งชาติ,3758,หญิง,ร้อยละ,ภาคตะวันออกเฉียงเหนือ,2564
50-59,77.7,ไตรมาส 3,สำนักงานสถิติแห่งชาติ,3759,หญิง,ร้อยละ,ภาคตะวันออกเฉียงเหนือ,2564
60 ขึ้นไป,32.3,ไตรมาส 3,สำนักงานสถิติแห่งชาติ,3760,หญิง,ร้อยละ,ภาคตะวันออกเฉียงเหนือ,2564
ยอดรวม,69.3,ไตรมาส 3,สำนักงานสถิติแห่งชาติ,3761,ยอดรวม,ร้อยละ,ภาคใต้,2564
15-19,16.9,ไตรมาส 3,สำนักงานสถิติแห่งชาติ,3762,ยอดรวม,ร้อยละ,ภาคใต้,2564
20-24,63.9,ไตรมาส 3,สำนักงานสถิติแห่งชาติ,3763,ยอดรวม,ร้อยละ,ภาคใต้,2564
25-29,85.4,ไตรมาส 3,สำนักงานสถิติแห่งชาติ,3764,ยอดรวม,ร้อยละ,ภาคใต้,2564
30-34,86.6,ไตรมาส 3,สำนักงานสถิติแห่งชาติ,3765,ยอดรวม,ร้อยละ,ภาคใต้,2564
35-39,89.1,ไตรมาส 3,สำนักงานสถิติแห่งชาติ,3766,ยอดรวม,ร้อยละ,ภาคใต้,2564
40-49,89.0,ไตรมาส 3,สำนักงานสถิติแห่งชาติ,3767,ยอดรวม,ร้อยละ,ภาคใต้,2564
50-59,85.3,ไตรมาส 3,สำนักงานสถิติแห่งชาติ,3768,ยอดรวม,ร้อยละ,ภาคใต้,2564
60 ขึ้นไป,41.0,ไตรมาส 3,สำนักงานสถิติแห่งชาติ,3769,ยอดรวม,ร้อยละ,ภาคใต้,2564
ยอดรวม,79.0,ไตรมาส 3,สำนักงานสถิติแห่งชาติ,3770,ชาย,ร้อยละ,ภาคใต้,2564
15-19,21.9,ไตรมาส 3,สำนักงานสถิติแห่งชาติ,3771,ชาย,ร้อยละ,ภาคใต้,2564
20-24,77.2,ไตรมาส 3,สำนักงานสถิติแห่งชาติ,3772,ชาย,ร้อยละ,ภาคใต้,2564
25-29,95.7,ไตรมาส 3,สำนักงานสถิติแห่งชาติ,3773,ชาย,ร้อยละ,ภาคใต้,2564
30-34,96.4,ไตรมาส 3,สำนักงานสถิติแห่งชาติ,3774,ชาย,ร้อยละ,ภาคใต้,2564
35-39,96.8,ไตรมาส 3,สำนักงานสถิติแห่งชาติ,3775,ชาย,ร้อยละ,ภาคใต้,2564
40-49,96.7,ไตรมาส 3,สำนักงานสถิติแห่งชาติ,3776,ชาย,ร้อยละ,ภาคใต้,2564
50-59,94.5,ไตรมาส 3,สำนักงานสถิติแห่งชาติ,3777,ชาย,ร้อยละ,ภาคใต้,2564
60 ขึ้นไป,52.3,ไตรมาส 3,สำนักงานสถิติแห่งชาติ,3778,ชาย,ร้อยละ,ภาคใต้,2564
ยอดรวม,60.0,ไตรมาส 3,สำนักงานสถิติแห่งชาติ,3779,หญิง,ร้อยละ,ภาคใต้,2564
15-19,11.6,ไตรมาส 3,สำนักงานสถิติแห่งชาติ,3780,หญิง,ร้อยละ,ภาคใต้,2564
20-24,50.1,ไตรมาส 3,สำนักงานสถิติแห่งชาติ,3781,หญิง,ร้อยละ,ภาคใต้,2564
25-29,74.8,ไตรมาส 3,สำนักงานสถิติแห่งชาติ,3782,หญิง,ร้อยละ,ภาคใต้,2564
30-34,76.6,ไตรมาส 3,สำนักงานสถิติแห่งชาติ,3783,หญิง,ร้อยละ,ภาคใต้,2564
35-39,81.2,ไตรมาส 3,สำนักงานสถิติแห่งชาติ,3784,หญิง,ร้อยละ,ภาคใต้,2564
40-49,81.6,ไตรมาส 3,สำนักงานสถิติแห่งชาติ,3785,หญิง,ร้อยละ,ภาคใต้,2564
50-59,76.9,ไตรมาส 3,สำนักงานสถิติแห่งชาติ,3786,หญิง,ร้อยละ,ภาคใต้,2564
60 ขึ้นไป,31.9,ไตรมาส 3,สำนักงานสถิติแห่งชาติ,3787,หญิง,ร้อยละ,ภาคใต้,2564
ยอดรวม,67.6,ไตรมาส 4,สำนักงานสถิติแห่งชาติ,3788,ยอดรวม,ร้อยละ,ทั่วราชอาณาจักร,2564
15-19,14.1,ไตรมาส 4,สำนักงานสถิติแห่งชาติ,3789,ยอดรวม,ร้อยละ,ทั่วราชอาณาจักร,2564
20-24,63.8,ไตรมาส 4,สำนักงานสถิติแห่งชาติ,3790,ยอดรวม,ร้อยละ,ทั่วราชอาณาจักร,2564
25-29,87.3,ไตรมาส 4,สำนักงานสถิติแห่งชาติ,3791,ยอดรวม,ร้อยละ,ทั่วราชอาณาจักร,2564
30-34,88.4,ไตรมาส 4,สำนักงานสถิติแห่งชาติ,3792,ยอดรวม,ร้อยละ,ทั่วราชอาณาจักร,2564
35-39,89.4,ไตรมาส 4,สำนักงานสถิติแห่งชาติ,3793,ยอดรวม,ร้อยละ,ทั่วราชอาณาจักร,2564
40-49,88.4,ไตรมาส 4,สำนักงานสถิติแห่งชาติ,3794,ยอดรวม,ร้อยละ,ทั่วราชอาณาจักร,2564
50-59,81.5,ไตรมาส 4,สำนักงานสถิติแห่งชาติ,3795,ยอดรวม,ร้อยละ,ทั่วราชอาณาจักร,2564
60 ขึ้นไป,37.3,ไตรมาส 4,สำนักงานสถิติแห่งชาติ,3796,ยอดรวม,ร้อยละ,ทั่วราชอาณาจักร,2564
ยอดรวม,76.0,ไตรมาส 4,สำนักงานสถิติแห่งชาติ,3797,ชาย,ร้อยละ,ทั่วราชอาณาจักร,2564
15-19,19.1,ไตรมาส 4,สำนักงานสถิติแห่งชาติ,3798,ชาย,ร้อยละ,ทั่วราชอาณาจักร,2564
20-24,72.4,ไตรมาส 4,สำนักงานสถิติแห่งชาติ,3799,ชาย,ร้อยละ,ทั่วราชอาณาจักร,2564
25-29,94.0,ไตรมาส 4,สำนักงานสถิติแห่งชาติ,3800,ชาย,ร้อยละ,ทั่วราชอาณาจักร,2564
30-34,95.2,ไตรมาส 4,สำนักงานสถิติแห่งชาติ,3801,ชาย,ร้อยละ,ทั่วราชอาณาจักร,2564
35-39,95.5,ไตรมาส 4,สำนักงานสถิติแห่งชาติ,3802,ชาย,ร้อยละ,ทั่วราชอาณาจักร,2564
40-49,95.0,ไตรมาส 4,สำนักงานสถิติแห่งชาติ,3803,ชาย,ร้อยละ,ทั่วราชอาณาจักร,2564
50-59,91.1,ไตรมาส 4,สำนักงานสถิติแห่งชาติ,3804,ชาย,ร้อยละ,ทั่วราชอาณาจักร,2564
60 ขึ้นไป,47.6,ไตรมาส 4,สำนักงานสถิติแห่งชาติ,3805,ชาย,ร้อยละ,ทั่วราชอาณาจักร,2564
ยอดรวม,59.7,ไตรมาส 4,สำนักงานสถิติแห่งชาติ,3806,หญิง,ร้อยละ,ทั่วราชอาณาจักร,2564
15-19,8.9,ไตรมาส 4,สำนักงานสถิติแห่งชาติ,3807,หญิง,ร้อยละ,ทั่วราชอาณาจักร,2564
20-24,55.0,ไตรมาส 4,สำนักงานสถิติแห่งชาติ,3808,หญิง,ร้อยละ,ทั่วราชอาณาจักร,2564
25-29,80.4,ไตรมาส 4,สำนักงานสถิติแห่งชาติ,3809,หญิง,ร้อยละ,ทั่วราชอาณาจักร,2564
30-34,81.5,ไตรมาส 4,สำนักงานสถิติแห่งชาติ,3810,หญิง,ร้อยละ,ทั่วราชอาณาจักร,2564
35-39,83.3,ไตรมาส 4,สำนักงานสถิติแห่งชาติ,3811,หญิง,ร้อยละ,ทั่วราชอาณาจักร,2564
20-24,58.5,ไตรมาส 4,สำนักงานสถิติแห่งชาติ,3812,หญิง,ร้อยละ,ภาคเหนือ,2565
25-29,80.2,ไตรมาส 4,สำนักงานสถิติแห่งชาติ,3813,หญิง,ร้อยละ,ภาคเหนือ,2565
30-34,81.4,ไตรมาส 4,สำนักงานสถิติแห่งชาติ,3814,หญิง,ร้อยละ,ภาคเหนือ,2565
35-39,81.9,ไตรมาส 4,สำนักงานสถิติแห่งชาติ,3815,หญิง,ร้อยละ,ภาคเหนือ,2565
40-49,83.2,ไตรมาส 4,สำนักงานสถิติแห่งชาติ,3816,หญิง,ร้อยละ,ภาคเหนือ,2565
50-59,75.7,ไตรมาส 4,สำนักงานสถิติแห่งชาติ,3817,หญิง,ร้อยละ,ภาคเหนือ,2565
60 ขึ้นไป,32.8,ไตรมาส 4,สำนักงานสถิติแห่งชาติ,3818,หญิง,ร้อยละ,ภาคเหนือ,2565
ยอดรวม,64.0,ไตรมาส 4,สำนักงานสถิติแห่งชาติ,3819,ยอดรวม,ร้อยละ,ภาคตะวันออกเฉียงเหนือ,2565
15-19,11.3,ไตรมาส 4,สำนักงานสถิติแห่งชาติ,3820,ยอดรวม,ร้อยละ,ภาคตะวันออกเฉียงเหนือ,2565
20-24,60.4,ไตรมาส 4,สำนักงานสถิติแห่งชาติ,3821,ยอดรวม,ร้อยละ,ภาคตะวันออกเฉียงเหนือ,2565
25-29,82.5,ไตรมาส 4,สำนักงานสถิติแห่งชาติ,3822,ยอดรวม,ร้อยละ,ภาคตะวันออกเฉียงเหนือ,2565
30-34,85.3,ไตรมาส 4,สำนักงานสถิติแห่งชาติ,3823,ยอดรวม,ร้อยละ,ภาคตะวันออกเฉียงเหนือ,2565
35-39,88.2,ไตรมาส 4,สำนักงานสถิติแห่งชาติ,3824,ยอดรวม,ร้อยละ,ภาคตะวันออกเฉียงเหนือ,2565
40-49,87.9,ไตรมาส 4,สำนักงานสถิติแห่งชาติ,3825,ยอดรวม,ร้อยละ,ภาคตะวันออกเฉียงเหนือ,2565
50-59,84.3,ไตรมาส 4,สำนักงานสถิติแห่งชาติ,3826,ยอดรวม,ร้อยละ,ภาคตะวันออกเฉียงเหนือ,2565
60 ขึ้นไป,40.3,ไตรมาส 4,สำนักงานสถิติแห่งชาติ,3827,ยอดรวม,ร้อยละ,ภาคตะวันออกเฉียงเหนือ,2565
ยอดรวม,73.7,ไตรมาส 4,สำนักงานสถิติแห่งชาติ,3828,ชาย,ร้อยละ,ภาคตะวันออกเฉียงเหนือ,2565
15-19,16.2,ไตรมาส 4,สำนักงานสถิติแห่งชาติ,3829,ชาย,ร้อยละ,ภาคตะวันออกเฉียงเหนือ,2565
20-24,72.2,ไตรมาส 4,สำนักงานสถิติแห่งชาติ,3830,ชาย,ร้อยละ,ภาคตะวันออกเฉียงเหนือ,2565
25-29,92.5,ไตรมาส 4,สำนักงานสถิติแห่งชาติ,3831,ชาย,ร้อยละ,ภาคตะวันออกเฉียงเหนือ,2565
30-34,91.6,ไตรมาส 4,สำนักงานสถิติแห่งชาติ,3832,ชาย,ร้อยละ,ภาคตะวันออกเฉียงเหนือ,2565
35-39,93.6,ไตรมาส 4,สำนักงานสถิติแห่งชาติ,3833,ชาย,ร้อยละ,ภาคตะวันออกเฉียงเหนือ,2565
40-49,94.0,ไตรมาส 4,สำนักงานสถิติแห่งชาติ,3834,ชาย,ร้อยละ,ภาคตะวันออกเฉียงเหนือ,2565
50-59,94.2,ไตรมาส 4,สำนักงานสถิติแห่งชาติ,3835,ชาย,ร้อยละ,ภาคตะวันออกเฉียงเหนือ,2565
60 ขึ้นไป,52.8,ไตรมาส 4,สำนักงานสถิติแห่งชาติ,3836,ชาย,ร้อยละ,ภาคตะวันออกเฉียงเหนือ,2565
ยอดรวม,55.3,ไตรมาส 4,สำนักงานสถิติแห่งชาติ,3837,หญิง,ร้อยละ,ภาคตะวันออกเฉียงเหนือ,2565
15-19,6.1,ไตรมาส 4,สำนักงานสถิติแห่งชาติ,3838,หญิง,ร้อยละ,ภาคตะวันออกเฉียงเหนือ,2565
20-24,48.3,ไตรมาส 4,สำนักงานสถิติแห่งชาติ,3839,หญิง,ร้อยละ,ภาคตะวันออกเฉียงเหนือ,2565
25-29,72.6,ไตรมาส 4,สำนักงานสถิติแห่งชาติ,3840,หญิง,ร้อยละ,ภาคตะวันออกเฉียงเหนือ,2565
30-34,78.9,ไตรมาส 4,สำนักงานสถิติแห่งชาติ,3841,หญิง,ร้อยละ,ภาคตะวันออกเฉียงเหนือ,2565
35-39,82.6,ไตรมาส 4,สำนักงานสถิติแห่งชาติ,3842,หญิง,ร้อยละ,ภาคตะวันออกเฉียงเหนือ,2565
40-49,82.3,ไตรมาส 4,สำนักงานสถิติแห่งชาติ,3843,หญิง,ร้อยละ,ภาคตะวันออกเฉียงเหนือ,2565
50-59,75.3,ไตรมาส 4,สำนักงานสถิติแห่งชาติ,3844,หญิง,ร้อยละ,ภาคตะวันออกเฉียงเหนือ,2565
60 ขึ้นไป,31.0,ไตรมาส 4,สำนักงานสถิติแห่งชาติ,3845,หญิง,ร้อยละ,ภาคตะวันออกเฉียงเหนือ,2565
ยอดรวม,69.4,ไตรมาส 4,สำนักงานสถิติแห่งชาติ,3846,ยอดรวม,ร้อยละ,ภาคใต้,2565
15-19,16.4,ไตรมาส 4,สำนักงานสถิติแห่งชาติ,3847,ยอดรวม,ร้อยละ,ภาคใต้,2565
20-24,67.2,ไตรมาส 4,สำนักงานสถิติแห่งชาติ,3848,ยอดรวม,ร้อยละ,ภาคใต้,2565
25-29,85.1,ไตรมาส 4,สำนักงานสถิติแห่งชาติ,3849,ยอดรวม,ร้อยละ,ภาคใต้,2565
30-34,86.6,ไตรมาส 4,สำนักงานสถิติแห่งชาติ,3850,ยอดรวม,ร้อยละ,ภาคใต้,2565
35-39,89.6,ไตรมาส 4,สำนักงานสถิติแห่งชาติ,3851,ยอดรวม,ร้อยละ,ภาคใต้,2565
40-49,89.1,ไตรมาส 4,สำนักงานสถิติแห่งชาติ,3852,ยอดรวม,ร้อยละ,ภาคใต้,2565
50-59,84.6,ไตรมาส 4,สำนักงานสถิติแห่งชาติ,3853,ยอดรวม,ร้อยละ,ภาคใต้,2565
60 ขึ้นไป,39.3,ไตรมาส 4,สำนักงานสถิติแห่งชาติ,3854,ยอดรวม,ร้อยละ,ภาคใต้,2565
ยอดรวม,79.5,ไตรมาส 4,สำนักงานสถิติแห่งชาติ,3855,ชาย,ร้อยละ,ภาคใต้,2565
15-19,23.5,ไตรมาส 4,สำนักงานสถิติแห่งชาติ,3856,ชาย,ร้อยละ,ภาคใต้,2565
20-24,80.2,ไตรมาส 4,สำนักงานสถิติแห่งชาติ,3857,ชาย,ร้อยละ,ภาคใต้,2565
25-29,95.4,ไตรมาส 4,สำนักงานสถิติแห่งชาติ,3858,ชาย,ร้อยละ,ภาคใต้,2565
30-34,95.4,ไตรมาส 4,สำนักงานสถิติแห่งชาติ,3859,ชาย,ร้อยละ,ภาคใต้,2565
35-39,96.3,ไตรมาส 4,สำนักงานสถิติแห่งชาติ,3860,ชาย,ร้อยละ,ภาคใต้,2565
40-49,96.5,ไตรมาส 4,สำนักงานสถิติแห่งชาติ,3861,ชาย,ร้อยละ,ภาคใต้,2565
50-59,93.5,ไตรมาส 4,สำนักงานสถิติแห่งชาติ,3862,ชาย,ร้อยละ,ภาคใต้,2565
60 ขึ้นไป,51.2,ไตรมาส 4,สำนักงานสถิติแห่งชาติ,3863,ชาย,ร้อยละ,ภาคใต้,2565
ยอดรวม,60.0,ไตรมาส 4,สำนักงานสถิติแห่งชาติ,3864,หญิง,ร้อยละ,ภาคใต้,2565
15-19,9.1,ไตรมาส 4,สำนักงานสถิติแห่งชาติ,3865,หญิง,ร้อยละ,ภาคใต้,2565
20-24,54.1,ไตรมาส 4,สำนักงานสถิติแห่งชาติ,3866,หญิง,ร้อยละ,ภาคใต้,2565
25-29,74.8,ไตรมาส 4,สำนักงานสถิติแห่งชาติ,3867,หญิง,ร้อยละ,ภาคใต้,2565
30-34,77.7,ไตรมาส 4,สำนักงานสถิติแห่งชาติ,3868,หญิง,ร้อยละ,ภาคใต้,2565
35-39,82.7,ไตรมาส 4,สำนักงานสถิติแห่งชาติ,3869,หญิง,ร้อยละ,ภาคใต้,2565
40-49,82.0,ไตรมาส 4,สำนักงานสถิติแห่งชาติ,3870,หญิง,ร้อยละ,ภาคใต้,2565
50-59,76.3,ไตรมาส 4,สำนักงานสถิติแห่งชาติ,3871,หญิง,ร้อยละ,ภาคใต้,2565
60 ขึ้นไป,30.6,ไตรมาส 4,สำนักงานสถิติแห่งชาติ,3872,หญิง,ร้อยละ,ภาคใต้,2565
ยอดรวม,68.5,ไตรมาส 1,สำนักงานสถิติแห่งชาติ,3873,ยอดรวม,ร้อยละ,ทั่วราชอาณาจักร,2566
15-19,13.6,ไตรมาส 1,สำนักงานสถิติแห่งชาติ,3874,ยอดรวม,ร้อยละ,ทั่วราชอาณาจักร,2566
20-24,63.9,ไตรมาส 1,สำนักงานสถิติแห่งชาติ,3875,ยอดรวม,ร้อยละ,ทั่วราชอาณาจักร,2566
25-29,87.0,ไตรมาส 1,สำนักงานสถิติแห่งชาติ,3876,ยอดรวม,ร้อยละ,ทั่วราชอาณาจักร,2566
30-34,90.1,ไตรมาส 1,สำนักงานสถิติแห่งชาติ,3877,ยอดรวม,ร้อยละ,ทั่วราชอาณาจักร,2566
35-39,89.9,ไตรมาส 1,สำนักงานสถิติแห่งชาติ,3878,ยอดรวม,ร้อยละ,ทั่วราชอาณาจักร,2566
40-49,89.0,ไตรมาส 1,สำนักงานสถิติแห่งชาติ,3879,ยอดรวม,ร้อยละ,ทั่วราชอาณาจักร,2566
50-59,82.7,ไตรมาส 1,สำนักงานสถิติแห่งชาติ,3880,ยอดรวม,ร้อยละ,ทั่วราชอาณาจักร,2566
60 ขึ้นไป,37.8,ไตรมาส 1,สำนักงานสถิติแห่งชาติ,3881,ยอดรวม,ร้อยละ,ทั่วราชอาณาจักร,2566
ยอดรวม,76.8,ไตรมาส 1,สำนักงานสถิติแห่งชาติ,3882,ชาย,ร้อยละ,ทั่วราชอาณาจักร,2566
15-19,18.1,ไตรมาส 1,สำนักงานสถิติแห่งชาติ,3883,ชาย,ร้อยละ,ทั่วราชอาณาจักร,2566
20-24,70.4,ไตรมาส 1,สำนักงานสถิติแห่งชาติ,3884,ชาย,ร้อยละ,ทั่วราชอาณาจักร,2566
25-29,93.2,ไตรมาส 1,สำนักงานสถิติแห่งชาติ,3885,ชาย,ร้อยละ,ทั่วราชอาณาจักร,2566
30-34,95.8,ไตรมาส 1,สำนักงานสถิติแห่งชาติ,3886,ชาย,ร้อยละ,ทั่วราชอาณาจักร,2566
35-39,96.3,ไตรมาส 1,สำนักงานสถิติแห่งชาติ,3887,ชาย,ร้อยละ,ทั่วราชอาณาจักร,2566
40-49,95.1,ไตรมาส 1,สำนักงานสถิติแห่งชาติ,3888,ชาย,ร้อยละ,ทั่วราชอาณาจักร,2566
50-59,92.4,ไตรมาส 1,สำนักงานสถิติแห่งชาติ,3889,ชาย,ร้อยละ,ทั่วราชอาณาจักร,2566
60 ขึ้นไป,47.7,ไตรมาส 1,สำนักงานสถิติแห่งชาติ,3890,ชาย,ร้อยละ,ทั่วราชอาณาจักร,2566
ยอดรวม,60.9,ไตรมาส 1,สำนักงานสถิติแห่งชาติ,3891,หญิง,ร้อยละ,ทั่วราชอาณาจักร,2566
15-19 ปี,17.88,ไตรมาส 1,สำนักงานสถิติแห่งชาติ,3892,ชาย,ร้อยละ,ภาคเหนือ,2569
15-19 ปี,7.43,ไตรมาส 1,สำนักงานสถิติแห่งชาติ,3893,หญิง,ร้อยละ,ภาคเหนือ,2569
20-24 ปี,73.31,ไตรมาส 1,สำนักงานสถิติแห่งชาติ,3894,ชาย,ร้อยละ,ภาคเหนือ,2569
20-24 ปี,55.9,ไตรมาส 1,สำนักงานสถิติแห่งชาติ,3895,หญิง,ร้อยละ,ภาคเหนือ,2569
25-29 ปี,95.14,ไตรมาส 1,สำนักงานสถิติแห่งชาติ,3896,ชาย,ร้อยละ,ภาคเหนือ,2569
25-29 ปี,80.07,ไตรมาส 1,สำนักงานสถิติแห่งชาติ,3897,หญิง,ร้อยละ,ภาคเหนือ,2569
30-34 ปี,93.89,ไตรมาส 1,สำนักงานสถิติแห่งชาติ,3898,ชาย,ร้อยละ,ภาคเหนือ,2569
30-34 ปี,88.1,ไตรมาส 1,สำนักงานสถิติแห่งชาติ,3899,หญิง,ร้อยละ,ภาคเหนือ,2569
35-39 ปี,87.36,ไตรมาส 1,สำนักงานสถิติแห่งชาติ,3900,หญิง,ร้อยละ,ภาคเหนือ,2569
35-39 ปี,93.44,ไตรมาส 1,สำนักงานสถิติแห่งชาติ,3901,ชาย,ร้อยละ,ภาคเหนือ,2569
40-49 ปี,88.77,ไตรมาส 1,สำนักงานสถิติแห่งชาติ,3902,หญิง,ร้อยละ,ภาคเหนือ,2569
40-49 ปี,93.94,ไตรมาส 1,สำนักงานสถิติแห่งชาติ,3903,ชาย,ร้อยละ,ภาคเหนือ,2569
50-59 ปี,92.1,ไตรมาส 1,สำนักงานสถิติแห่งชาติ,3904,ชาย,ร้อยละ,ภาคเหนือ,2569
50-59 ปี,80.89,ไตรมาส 1,สำนักงานสถิติแห่งชาติ,3905,หญิง,ร้อยละ,ภาคเหนือ,2569
60 ปีขึ้นไป,56.41,ไตรมาส 1,สำนักงานสถิติแห่งชาติ,3906,ชาย,ร้อยละ,ภาคเหนือ,2569
60 ปีขึ้นไป,37.85,ไตรมาส 1,สำนักงานสถิติแห่งชาติ,3907,หญิง,ร้อยละ,ภาคเหนือ,2569
รวม,75.23,ไตรมาส 1,สำนักงานสถิติแห่งชาติ,3908,ชาย,ร้อยละ,ภาคเหนือ,2569
รวม,60.78,ไตรมาส 1,สำนักงานสถิติแห่งชาติ,3909,หญิง,ร้อยละ,ภาคเหนือ,2569
รวม,67.61,ไตรมาส 1,สำนักงานสถิติแห่งชาติ,3910,รวม,ร้อยละ,ภาคเหนือ,2569
