จำนวน,_id,ปี,สถานภาพการทำงาน,เพศ,จังหวัด,ประเภทแรงงาน,หน่วย
3385,1,2561,นายจ้าง,ชาย,เชียงใหม่,แรงงานในระบบ,คน
17055,2,2561,ประกอบธุรกิจส่วนตัว,ชาย,เชียงใหม่,แรงงานในระบบ,คน
4645,3,2561,ช่วยธุรกิจครัวเรือน,ชาย,เชียงใหม่,แรงงานในระบบ,คน
61943,4,2561,ลูกจ้างรัฐบาล,ชาย,เชียงใหม่,แรงงานในระบบ,คน
132032,5,2561,ลูกจ้างเอกชน,ชาย,เชียงใหม่,แรงงานในระบบ,คน
11659,6,2561,ประกอบธุรกิจส่วนตัว,หญิง,เชียงใหม่,แรงงานในระบบ,คน
7851,7,2561,ช่วยธุรกิจครัวเรือน,หญิง,เชียงใหม่,แรงงานในระบบ,คน
43643,8,2561,ลูกจ้างรัฐบาล,หญิง,เชียงใหม่,แรงงานในระบบ,คน
131154,9,2561,ลูกจ้างเอกชน,หญิง,เชียงใหม่,แรงงานในระบบ,คน
17733,10,2561,นายจ้าง,ชาย,เชียงใหม่,แรงงานนอกระบบ,คน
187637,11,2561,ประกอบธุรกิจส่วนตัว,ชาย,เชียงใหม่,แรงงานนอกระบบ,คน
77213,12,2561,ช่วยธุรกิจครัวเรือน,ชาย,เชียงใหม่,แรงงานนอกระบบ,คน
2523,13,2561,ลูกจ้างรัฐบาล,ชาย,เชียงใหม่,แรงงานนอกระบบ,คน
58348,14,2561,ลูกจ้างเอกชน,ชาย,เชียงใหม่,แรงงานนอกระบบ,คน
2471,15,2561,นายจ้าง,หญิง,เชียงใหม่,แรงงานนอกระบบ,คน
98848,16,2561,ประกอบธุรกิจส่วนตัว,หญิง,เชียงใหม่,แรงงานนอกระบบ,คน
130047,17,2561,ช่วยธุรกิจครัวเรือน,หญิง,เชียงใหม่,แรงงานนอกระบบ,คน
326,18,2561,ลูกจ้างรัฐบาล,หญิง,เชียงใหม่,แรงงานนอกระบบ,คน
49471,19,2561,ลูกจ้างเอกชน,หญิง,เชียงใหม่,แรงงานนอกระบบ,คน
511,20,2561,นายจ้าง,ชาย,ลำพูน,แรงงานในระบบ,คน
2199,21,2561,ประกอบธุรกิจส่วนตัว,ชาย,ลำพูน,แรงงานในระบบ,คน
640,22,2561,ช่วยธุรกิจครัวเรือน,ชาย,ลำพูน,แรงงานในระบบ,คน
8915,23,2561,ลูกจ้างรัฐบาล,ชาย,ลำพูน,แรงงานในระบบ,คน
32929,24,2561,ลูกจ้างเอกชน,ชาย,ลำพูน,แรงงานในระบบ,คน
146,25,2561,นายจ้าง,หญิง,ลำพูน,แรงงานในระบบ,คน
1471,26,2561,ประกอบธุรกิจส่วนตัว,หญิง,ลำพูน,แรงงานในระบบ,คน
1093,27,2561,ช่วยธุรกิจครัวเรือน,หญิง,ลำพูน,แรงงานในระบบ,คน
10220,28,2561,ลูกจ้างรัฐบาล,หญิง,ลำพูน,แรงงานในระบบ,คน
36409,29,2561,ลูกจ้างเอกชน,หญิง,ลำพูน,แรงงานในระบบ,คน
3409,30,2561,นายจ้าง,ชาย,ลำพูน,แรงงานนอกระบบ,คน
48041,31,2561,ประกอบธุรกิจส่วนตัว,ชาย,ลำพูน,แรงงานนอกระบบ,คน
14097,32,2561,ช่วยธุรกิจครัวเรือน,ชาย,ลำพูน,แรงงานนอกระบบ,คน
78,33,2561,ลูกจ้างรัฐบาล,ชาย,ลำพูน,แรงงานนอกระบบ,คน
21893,34,2561,ลูกจ้างเอกชน,ชาย,ลำพูน,แรงงานนอกระบบ,คน
700,35,2561,นายจ้าง,หญิง,ลำพูน,แรงงานนอกระบบ,คน
29967,36,2561,ประกอบธุรกิจส่วนตัว,หญิง,ลำพูน,แรงงานนอกระบบ,คน
29137,37,2561,ช่วยธุรกิจครัวเรือน,หญิง,ลำพูน,แรงงานนอกระบบ,คน
13486,38,2561,ลูกจ้างเอกชน,หญิง,ลำพูน,แรงงานนอกระบบ,คน
1361,39,2561,นายจ้าง,ชาย,ลำปาง,แรงงานในระบบ,คน
3862,40,2561,ประกอบธุรกิจส่วนตัว,ชาย,ลำปาง,แรงงานในระบบ,คน
1599,41,2561,ช่วยธุรกิจครัวเรือน,ชาย,ลำปาง,แรงงานในระบบ,คน
23758,42,2561,ลูกจ้างรัฐบาล,ชาย,ลำปาง,แรงงานในระบบ,คน
48743,43,2561,ลูกจ้างเอกชน,ชาย,ลำปาง,แรงงานในระบบ,คน
144,44,2561,นายจ้าง,หญิง,ลำปาง,แรงงานในระบบ,คน
2896,45,2561,ประกอบธุรกิจส่วนตัว,หญิง,ลำปาง,แรงงานในระบบ,คน
2899,46,2561,ช่วยธุรกิจครัวเรือน,หญิง,ลำปาง,แรงงานในระบบ,คน
21252,47,2561,ลูกจ้างรัฐบาล,หญิง,ลำปาง,แรงงานในระบบ,คน
41269,48,2561,ลูกจ้างเอกชน,หญิง,ลำปาง,แรงงานในระบบ,คน
3403,49,2561,นายจ้าง,ชาย,ลำปาง,แรงงานนอกระบบ,คน
90963,50,2561,ประกอบธุรกิจส่วนตัว,ชาย,ลำปาง,แรงงานนอกระบบ,คน
31659,51,2561,ช่วยธุรกิจครัวเรือน,ชาย,ลำปาง,แรงงานนอกระบบ,คน
203,52,2561,ลูกจ้างรัฐบาล,ชาย,ลำปาง,แรงงานนอกระบบ,คน
16258,53,2561,ลูกจ้างเอกชน,ชาย,ลำปาง,แรงงานนอกระบบ,คน
1341,54,2561,นายจ้าง,หญิง,ลำปาง,แรงงานนอกระบบ,คน
50542,55,2561,ประกอบธุรกิจส่วนตัว,หญิง,ลำปาง,แรงงานนอกระบบ,คน
53253,56,2561,ช่วยธุรกิจครัวเรือน,หญิง,ลำปาง,แรงงานนอกระบบ,คน
920,57,2561,ลูกจ้างรัฐบาล,หญิง,ลำปาง,แรงงานนอกระบบ,คน
9044,58,2561,ลูกจ้างเอกชน,หญิง,ลำปาง,แรงงานนอกระบบ,คน
665,59,2561,การรวมกลุ่ม,หญิง,ลำปาง,แรงงานนอกระบบ,คน
1580,60,2561,ประกอบธุรกิจส่วนตัว,ชาย,อุตรดิตถ์,แรงงานในระบบ,คน
126,61,2561,ช่วยธุรกิจครัวเรือน,ชาย,อุตรดิตถ์,แรงงานในระบบ,คน
10972,62,2561,ลูกจ้างรัฐบาล,ชาย,อุตรดิตถ์,แรงงานในระบบ,คน
17266,63,2561,ลูกจ้างเอกชน,ชาย,อุตรดิตถ์,แรงงานในระบบ,คน
1621,64,2561,ประกอบธุรกิจส่วนตัว,หญิง,อุตรดิตถ์,แรงงานในระบบ,คน
745,65,2561,ช่วยธุรกิจครัวเรือน,หญิง,อุตรดิตถ์,แรงงานในระบบ,คน
14789,66,2561,ลูกจ้างรัฐบาล,หญิง,อุตรดิตถ์,แรงงานในระบบ,คน
10815,67,2561,ลูกจ้างเอกชน,หญิง,อุตรดิตถ์,แรงงานในระบบ,คน
2235,68,2561,นายจ้าง,ชาย,อุตรดิตถ์,แรงงานนอกระบบ,คน
55821,69,2561,ประกอบธุรกิจส่วนตัว,ชาย,อุตรดิตถ์,แรงงานนอกระบบ,คน
17768,70,2561,ช่วยธุรกิจครัวเรือน,ชาย,อุตรดิตถ์,แรงงานนอกระบบ,คน
133,71,2561,ลูกจ้างรัฐบาล,ชาย,อุตรดิตถ์,แรงงานนอกระบบ,คน
19272,72,2561,ลูกจ้างเอกชน,ชาย,อุตรดิตถ์,แรงงานนอกระบบ,คน
185,73,2561,การรวมกลุ่ม,ชาย,อุตรดิตถ์,แรงงานนอกระบบ,คน
784,74,2561,นายจ้าง,หญิง,อุตรดิตถ์,แรงงานนอกระบบ,คน
30910,75,2561,ประกอบธุรกิจส่วนตัว,หญิง,อุตรดิตถ์,แรงงานนอกระบบ,คน
26873,76,2561,ช่วยธุรกิจครัวเรือน,หญิง,อุตรดิตถ์,แรงงานนอกระบบ,คน
498,77,2561,ลูกจ้างรัฐบาล,หญิง,อุตรดิตถ์,แรงงานนอกระบบ,คน
11220,78,2561,ลูกจ้างเอกชน,หญิง,อุตรดิตถ์,แรงงานนอกระบบ,คน
207,79,2561,การรวมกลุ่ม,หญิง,อุตรดิตถ์,แรงงานนอกระบบ,คน
1587,80,2561,นายจ้าง,ชาย,แพร่,แรงงานในระบบ,คน
1698,81,2561,ประกอบธุรกิจส่วนตัว,ชาย,แพร่,แรงงานในระบบ,คน
655,82,2561,ช่วยธุรกิจครัวเรือน,ชาย,แพร่,แรงงานในระบบ,คน
16825,83,2561,ลูกจ้างรัฐบาล,ชาย,แพร่,แรงงานในระบบ,คน
19519,84,2561,ลูกจ้างเอกชน,ชาย,แพร่,แรงงานในระบบ,คน
94,85,2561,นายจ้าง,หญิง,แพร่,แรงงานในระบบ,คน
1718,86,2561,ประกอบธุรกิจส่วนตัว,หญิง,แพร่,แรงงานในระบบ,คน
1074,87,2561,ช่วยธุรกิจครัวเรือน,หญิง,แพร่,แรงงานในระบบ,คน
15059,88,2561,ลูกจ้างรัฐบาล,หญิง,แพร่,แรงงานในระบบ,คน
23264,89,2561,ลูกจ้างเอกชน,หญิง,แพร่,แรงงานในระบบ,คน
3635,90,2561,นายจ้าง,ชาย,แพร่,แรงงานนอกระบบ,คน
58956,91,2561,ประกอบธุรกิจส่วนตัว,ชาย,แพร่,แรงงานนอกระบบ,คน
16076,92,2561,ช่วยธุรกิจครัวเรือน,ชาย,แพร่,แรงงานนอกระบบ,คน
1669,93,2561,ลูกจ้างรัฐบาล,ชาย,แพร่,แรงงานนอกระบบ,คน
6106,94,2561,ลูกจ้างเอกชน,ชาย,แพร่,แรงงานนอกระบบ,คน
1663,95,2561,นายจ้าง,หญิง,แพร่,แรงงานนอกระบบ,คน
31669,96,2561,ประกอบธุรกิจส่วนตัว,หญิง,แพร่,แรงงานนอกระบบ,คน
36515,97,2561,ช่วยธุรกิจครัวเรือน,หญิง,แพร่,แรงงานนอกระบบ,คน
853,98,2561,ลูกจ้างรัฐบาล,หญิง,แพร่,แรงงานนอกระบบ,คน
4455,99,2561,ลูกจ้างเอกชน,หญิง,แพร่,แรงงานนอกระบบ,คน
69,100,2561,นายจ้าง,ชาย,น่าน,แรงงานในระบบ,คน
855,101,2561,ประกอบธุรกิจส่วนตัว,ชาย,น่าน,แรงงานในระบบ,คน
420,102,2561,ช่วยธุรกิจครัวเรือน,ชาย,น่าน,แรงงานในระบบ,คน
14675,103,2561,ลูกจ้างรัฐบาล,ชาย,น่าน,แรงงานในระบบ,คน
14523,104,2561,ลูกจ้างเอกชน,ชาย,น่าน,แรงงานในระบบ,คน
51,105,2561,นายจ้าง,หญิง,น่าน,แรงงานในระบบ,คน
158,106,2561,ประกอบธุรกิจส่วนตัว,หญิง,น่าน,แรงงานในระบบ,คน
329,107,2561,ช่วยธุรกิจครัวเรือน,หญิง,น่าน,แรงงานในระบบ,คน
14653,108,2561,ลูกจ้างรัฐบาล,หญิง,น่าน,แรงงานในระบบ,คน
9001,109,2561,ลูกจ้างเอกชน,หญิง,น่าน,แรงงานในระบบ,คน
477,110,2561,นายจ้าง,ชาย,น่าน,แรงงานนอกระบบ,คน
74778,111,2561,ประกอบธุรกิจส่วนตัว,ชาย,น่าน,แรงงานนอกระบบ,คน
18806,112,2561,ช่วยธุรกิจครัวเรือน,ชาย,น่าน,แรงงานนอกระบบ,คน
360,113,2561,ลูกจ้างรัฐบาล,ชาย,น่าน,แรงงานนอกระบบ,คน
13550,114,2561,ลูกจ้างเอกชน,ชาย,น่าน,แรงงานนอกระบบ,คน
821,115,2561,นายจ้าง,หญิง,น่าน,แรงงานนอกระบบ,คน
30401,116,2561,ประกอบธุรกิจส่วนตัว,หญิง,น่าน,แรงงานนอกระบบ,คน
47126,117,2561,ช่วยธุรกิจครัวเรือน,หญิง,น่าน,แรงงานนอกระบบ,คน
606,118,2561,ลูกจ้างรัฐบาล,หญิง,น่าน,แรงงานนอกระบบ,คน
4894,119,2561,ลูกจ้างเอกชน,หญิง,น่าน,แรงงานนอกระบบ,คน
357,120,2561,การรวมกลุ่ม,หญิง,น่าน,แรงงานนอกระบบ,คน
273,121,2561,นายจ้าง,ชาย,พะเยา,แรงงานในระบบ,คน
1022,122,2561,ประกอบธุรกิจส่วนตัว,ชาย,พะเยา,แรงงานในระบบ,คน
550,123,2561,ช่วยธุรกิจครัวเรือน,ชาย,พะเยา,แรงงานในระบบ,คน
13224,124,2561,ลูกจ้างรัฐบาล,ชาย,พะเยา,แรงงานในระบบ,คน
17160,125,2561,ลูกจ้างเอกชน,ชาย,พะเยา,แรงงานในระบบ,คน
1422,126,2561,ประกอบธุรกิจส่วนตัว,หญิง,พะเยา,แรงงานในระบบ,คน
367,127,2561,ช่วยธุรกิจครัวเรือน,หญิง,พะเยา,แรงงานในระบบ,คน
10907,128,2561,ลูกจ้างรัฐบาล,หญิง,พะเยา,แรงงานในระบบ,คน
12914,129,2561,ลูกจ้างเอกชน,หญิง,พะเยา,แรงงานในระบบ,คน
2987,130,2561,นายจ้าง,ชาย,พะเยา,แรงงานนอกระบบ,คน
63408,131,2561,ประกอบธุรกิจส่วนตัว,ชาย,พะเยา,แรงงานนอกระบบ,คน
16368,132,2561,ช่วยธุรกิจครัวเรือน,ชาย,พะเยา,แรงงานนอกระบบ,คน
143,133,2561,ลูกจ้างรัฐบาล,ชาย,พะเยา,แรงงานนอกระบบ,คน
7792,134,2561,ลูกจ้างเอกชน,ชาย,พะเยา,แรงงานนอกระบบ,คน
505,135,2561,นายจ้าง,หญิง,พะเยา,แรงงานนอกระบบ,คน
31007,136,2561,ประกอบธุรกิจส่วนตัว,หญิง,พะเยา,แรงงานนอกระบบ,คน
41212,137,2561,ช่วยธุรกิจครัวเรือน,หญิง,พะเยา,แรงงานนอกระบบ,คน
123,138,2561,ลูกจ้างรัฐบาล,หญิง,พะเยา,แรงงานนอกระบบ,คน
4631,139,2561,ลูกจ้างเอกชน,หญิง,พะเยา,แรงงานนอกระบบ,คน
568,140,2561,นายจ้าง,ชาย,เชียงราย,แรงงานในระบบ,คน
1041,141,2561,ประกอบธุรกิจส่วนตัว,ชาย,เชียงราย,แรงงานในระบบ,คน
498,142,2561,ช่วยธุรกิจครัวเรือน,ชาย,เชียงราย,แรงงานในระบบ,คน
27102,143,2561,ลูกจ้างรัฐบาล,ชาย,เชียงราย,แรงงานในระบบ,คน
52802,144,2561,ลูกจ้างเอกชน,ชาย,เชียงราย,แรงงานในระบบ,คน
2078,145,2561,ประกอบธุรกิจส่วนตัว,หญิง,เชียงราย,แรงงานในระบบ,คน
1442,146,2561,ช่วยธุรกิจครัวเรือน,หญิง,เชียงราย,แรงงานในระบบ,คน
21890,147,2561,ลูกจ้างรัฐบาล,หญิง,เชียงราย,แรงงานในระบบ,คน
46485,148,2561,ลูกจ้างเอกชน,หญิง,เชียงราย,แรงงานในระบบ,คน
18697,149,2561,นายจ้าง,ชาย,เชียงราย,แรงงานนอกระบบ,คน
155797,150,2561,ประกอบธุรกิจส่วนตัว,ชาย,เชียงราย,แรงงานนอกระบบ,คน
50602,151,2561,ช่วยธุรกิจครัวเรือน,ชาย,เชียงราย,แรงงานนอกระบบ,คน
248,152,2561,ลูกจ้างรัฐบาล,ชาย,เชียงราย,แรงงานนอกระบบ,คน
50479,153,2561,ลูกจ้างเอกชน,ชาย,เชียงราย,แรงงานนอกระบบ,คน
2710,154,2561,นายจ้าง,หญิง,เชียงราย,แรงงานนอกระบบ,คน
62457,155,2561,ประกอบธุรกิจส่วนตัว,หญิง,เชียงราย,แรงงานนอกระบบ,คน
121173,156,2561,ช่วยธุรกิจครัวเรือน,หญิง,เชียงราย,แรงงานนอกระบบ,คน
204,157,2561,ลูกจ้างรัฐบาล,หญิง,เชียงราย,แรงงานนอกระบบ,คน
21768,158,2561,ลูกจ้างเอกชน,หญิง,เชียงราย,แรงงานนอกระบบ,คน
10,159,2561,นายจ้าง,ชาย,แม่ฮ่องสอน,แรงงานในระบบ,คน
123,160,2561,ประกอบธุรกิจส่วนตัว,ชาย,แม่ฮ่องสอน,แรงงานในระบบ,คน
198,161,2561,ช่วยธุรกิจครัวเรือน,ชาย,แม่ฮ่องสอน,แรงงานในระบบ,คน
7972,162,2561,ลูกจ้างรัฐบาล,ชาย,แม่ฮ่องสอน,แรงงานในระบบ,คน
2651,163,2561,ลูกจ้างเอกชน,ชาย,แม่ฮ่องสอน,แรงงานในระบบ,คน
31,164,2561,นายจ้าง,หญิง,แม่ฮ่องสอน,แรงงานในระบบ,คน
85,165,2561,ประกอบธุรกิจส่วนตัว,หญิง,แม่ฮ่องสอน,แรงงานในระบบ,คน
52,166,2561,ช่วยธุรกิจครัวเรือน,หญิง,แม่ฮ่องสอน,แรงงานในระบบ,คน
5962,167,2561,ลูกจ้างรัฐบาล,หญิง,แม่ฮ่องสอน,แรงงานในระบบ,คน
3030,168,2561,ลูกจ้างเอกชน,หญิง,แม่ฮ่องสอน,แรงงานในระบบ,คน
349,169,2561,นายจ้าง,ชาย,แม่ฮ่องสอน,แรงงานนอกระบบ,คน
29177,170,2561,ประกอบธุรกิจส่วนตัว,ชาย,แม่ฮ่องสอน,แรงงานนอกระบบ,คน
15329,171,2561,ช่วยธุรกิจครัวเรือน,ชาย,แม่ฮ่องสอน,แรงงานนอกระบบ,คน
131,172,2561,ลูกจ้างรัฐบาล,ชาย,แม่ฮ่องสอน,แรงงานนอกระบบ,คน
6589,173,2561,ลูกจ้างเอกชน,ชาย,แม่ฮ่องสอน,แรงงานนอกระบบ,คน
213,174,2561,นายจ้าง,หญิง,แม่ฮ่องสอน,แรงงานนอกระบบ,คน
9489,175,2561,ประกอบธุรกิจส่วนตัว,หญิง,แม่ฮ่องสอน,แรงงานนอกระบบ,คน
28251,176,2561,ช่วยธุรกิจครัวเรือน,หญิง,แม่ฮ่องสอน,แรงงานนอกระบบ,คน
487,177,2561,ลูกจ้างรัฐบาล,หญิง,แม่ฮ่องสอน,แรงงานนอกระบบ,คน
1974,178,2561,ลูกจ้างเอกชน,หญิง,แม่ฮ่องสอน,แรงงานนอกระบบ,คน
535,179,2561,นายจ้าง,ชาย,นครสวรรค์,แรงงานในระบบ,คน
2426,180,2561,ประกอบธุรกิจส่วนตัว,ชาย,นครสวรรค์,แรงงานในระบบ,คน
24116,181,2561,ลูกจ้างรัฐบาล,ชาย,นครสวรรค์,แรงงานในระบบ,คน
45911,182,2561,ลูกจ้างเอกชน,ชาย,นครสวรรค์,แรงงานในระบบ,คน
334,183,2561,นายจ้าง,หญิง,นครสวรรค์,แรงงานในระบบ,คน
546,184,2561,ประกอบธุรกิจส่วนตัว,หญิง,นครสวรรค์,แรงงานในระบบ,คน
1091,185,2561,ช่วยธุรกิจครัวเรือน,หญิง,นครสวรรค์,แรงงานในระบบ,คน
22885,186,2561,ลูกจ้างรัฐบาล,หญิง,นครสวรรค์,แรงงานในระบบ,คน
37341,187,2561,ลูกจ้างเอกชน,หญิง,นครสวรรค์,แรงงานในระบบ,คน
5443,188,2561,นายจ้าง,ชาย,นครสวรรค์,แรงงานนอกระบบ,คน
98207,189,2561,ประกอบธุรกิจส่วนตัว,ชาย,นครสวรรค์,แรงงานนอกระบบ,คน
46461,190,2561,ช่วยธุรกิจครัวเรือน,ชาย,นครสวรรค์,แรงงานนอกระบบ,คน
1300,191,2561,ลูกจ้างรัฐบาล,ชาย,นครสวรรค์,แรงงานนอกระบบ,คน
50251,192,2561,ลูกจ้างเอกชน,ชาย,นครสวรรค์,แรงงานนอกระบบ,คน
974,193,2561,นายจ้าง,หญิง,นครสวรรค์,แรงงานนอกระบบ,คน
73460,194,2561,ประกอบธุรกิจส่วนตัว,หญิง,นครสวรรค์,แรงงานนอกระบบ,คน
72747,195,2561,ช่วยธุรกิจครัวเรือน,หญิง,นครสวรรค์,แรงงานนอกระบบ,คน
782,196,2561,ลูกจ้างรัฐบาล,หญิง,นครสวรรค์,แรงงานนอกระบบ,คน
32456,197,2561,ลูกจ้างเอกชน,หญิง,นครสวรรค์,แรงงานนอกระบบ,คน
293,198,2561,การรวมกลุ่ม,หญิง,นครสวรรค์,แรงงานนอกระบบ,คน
93,199,2561,นายจ้าง,ชาย,อุทัยธานี,แรงงานในระบบ,คน
951,200,2561,ประกอบธุรกิจส่วนตัว,ชาย,อุทัยธานี,แรงงานในระบบ,คน
34,201,2561,ช่วยธุรกิจครัวเรือน,ชาย,อุทัยธานี,แรงงานในระบบ,คน
8335,202,2561,ลูกจ้างรัฐบาล,ชาย,อุทัยธานี,แรงงานในระบบ,คน
10881,203,2561,ลูกจ้างเอกชน,ชาย,อุทัยธานี,แรงงานในระบบ,คน
495,204,2561,ประกอบธุรกิจส่วนตัว,หญิง,อุทัยธานี,แรงงานในระบบ,คน
465,205,2561,ช่วยธุรกิจครัวเรือน,หญิง,อุทัยธานี,แรงงานในระบบ,คน
9090,206,2561,ลูกจ้างรัฐบาล,หญิง,อุทัยธานี,แรงงานในระบบ,คน
6566,207,2561,ลูกจ้างเอกชน,หญิง,อุทัยธานี,แรงงานในระบบ,คน
804,208,2561,นายจ้าง,ชาย,อุทัยธานี,แรงงานนอกระบบ,คน
43063,209,2561,ประกอบธุรกิจส่วนตัว,ชาย,อุทัยธานี,แรงงานนอกระบบ,คน
12533,210,2561,ช่วยธุรกิจครัวเรือน,ชาย,อุทัยธานี,แรงงานนอกระบบ,คน
420,211,2561,ลูกจ้างรัฐบาล,ชาย,อุทัยธานี,แรงงานนอกระบบ,คน
7654,212,2561,ลูกจ้างเอกชน,ชาย,อุทัยธานี,แรงงานนอกระบบ,คน
279,213,2561,นายจ้าง,หญิง,อุทัยธานี,แรงงานนอกระบบ,คน
23734,214,2561,ประกอบธุรกิจส่วนตัว,หญิง,อุทัยธานี,แรงงานนอกระบบ,คน
28389,215,2561,ช่วยธุรกิจครัวเรือน,หญิง,อุทัยธานี,แรงงานนอกระบบ,คน
403,216,2561,ลูกจ้างรัฐบาล,หญิง,อุทัยธานี,แรงงานนอกระบบ,คน
4964,217,2561,ลูกจ้างเอกชน,หญิง,อุทัยธานี,แรงงานนอกระบบ,คน
112,218,2561,นายจ้าง,ชาย,กำแพงเพชร,แรงงานในระบบ,คน
1159,219,2561,ประกอบธุรกิจส่วนตัว,ชาย,กำแพงเพชร,แรงงานในระบบ,คน
1071,220,2561,ช่วยธุรกิจครัวเรือน,ชาย,กำแพงเพชร,แรงงานในระบบ,คน
14082,221,2561,ลูกจ้างรัฐบาล,ชาย,กำแพงเพชร,แรงงานในระบบ,คน
31133,222,2561,ลูกจ้างเอกชน,ชาย,กำแพงเพชร,แรงงานในระบบ,คน
114,223,2561,การรวมกลุ่ม,ชาย,กำแพงเพชร,แรงงานในระบบ,คน
2116,224,2561,ประกอบธุรกิจส่วนตัว,หญิง,กำแพงเพชร,แรงงานในระบบ,คน
1166,225,2561,ช่วยธุรกิจครัวเรือน,หญิง,กำแพงเพชร,แรงงานในระบบ,คน
17434,226,2561,ลูกจ้างรัฐบาล,หญิง,กำแพงเพชร,แรงงานในระบบ,คน
16679,227,2561,ลูกจ้างเอกชน,หญิง,กำแพงเพชร,แรงงานในระบบ,คน
5077,228,2561,นายจ้าง,ชาย,กำแพงเพชร,แรงงานนอกระบบ,คน
96079,229,2561,ประกอบธุรกิจส่วนตัว,ชาย,กำแพงเพชร,แรงงานนอกระบบ,คน
41359,230,2561,ช่วยธุรกิจครัวเรือน,ชาย,กำแพงเพชร,แรงงานนอกระบบ,คน
1497,231,2561,ลูกจ้างรัฐบาล,ชาย,กำแพงเพชร,แรงงานนอกระบบ,คน
32691,232,2561,ลูกจ้างเอกชน,ชาย,กำแพงเพชร,แรงงานนอกระบบ,คน
1750,233,2561,นายจ้าง,หญิง,กำแพงเพชร,แรงงานนอกระบบ,คน
56218,234,2561,ประกอบธุรกิจส่วนตัว,หญิง,กำแพงเพชร,แรงงานนอกระบบ,คน
72579,235,2561,ช่วยธุรกิจครัวเรือน,หญิง,กำแพงเพชร,แรงงานนอกระบบ,คน
3623,236,2561,ลูกจ้างรัฐบาล,หญิง,กำแพงเพชร,แรงงานนอกระบบ,คน
14851,237,2561,ลูกจ้างเอกชน,หญิง,กำแพงเพชร,แรงงานนอกระบบ,คน
218,238,2561,การรวมกลุ่ม,หญิง,กำแพงเพชร,แรงงานนอกระบบ,คน
355,239,2561,นายจ้าง,ชาย,ตาก,แรงงานในระบบ,คน
2213,240,2561,ประกอบธุรกิจส่วนตัว,ชาย,ตาก,แรงงานในระบบ,คน
743,241,2561,ช่วยธุรกิจครัวเรือน,ชาย,ตาก,แรงงานในระบบ,คน
13791,242,2561,ลูกจ้างรัฐบาล,ชาย,ตาก,แรงงานในระบบ,คน
23201,243,2561,ลูกจ้างเอกชน,ชาย,ตาก,แรงงานในระบบ,คน
307,244,2561,นายจ้าง,หญิง,ตาก,แรงงานในระบบ,คน
867,245,2561,ประกอบธุรกิจส่วนตัว,หญิง,ตาก,แรงงานในระบบ,คน
923,246,2561,ช่วยธุรกิจครัวเรือน,หญิง,ตาก,แรงงานในระบบ,คน
12228,247,2561,ลูกจ้างรัฐบาล,หญิง,ตาก,แรงงานในระบบ,คน
17165,248,2561,ลูกจ้างเอกชน,หญิง,ตาก,แรงงานในระบบ,คน
4148,249,2561,นายจ้าง,ชาย,ตาก,แรงงานนอกระบบ,คน
53518,250,2561,ประกอบธุรกิจส่วนตัว,ชาย,ตาก,แรงงานนอกระบบ,คน
27057,251,2561,ช่วยธุรกิจครัวเรือน,ชาย,ตาก,แรงงานนอกระบบ,คน
906,252,2561,ลูกจ้างรัฐบาล,ชาย,ตาก,แรงงานนอกระบบ,คน
17191,253,2561,ลูกจ้างเอกชน,ชาย,ตาก,แรงงานนอกระบบ,คน
1805,254,2561,นายจ้าง,หญิง,ตาก,แรงงานนอกระบบ,คน
36124,255,2561,ประกอบธุรกิจส่วนตัว,หญิง,ตาก,แรงงานนอกระบบ,คน
34078,256,2561,ช่วยธุรกิจครัวเรือน,หญิง,ตาก,แรงงานนอกระบบ,คน
591,257,2561,ลูกจ้างรัฐบาล,หญิง,ตาก,แรงงานนอกระบบ,คน
8546,258,2561,ลูกจ้างเอกชน,หญิง,ตาก,แรงงานนอกระบบ,คน
250,259,2561,การรวมกลุ่ม,หญิง,ตาก,แรงงานนอกระบบ,คน
901,260,2561,นายจ้าง,ชาย,สุโขทัย,แรงงานในระบบ,คน
3027,261,2561,ประกอบธุรกิจส่วนตัว,ชาย,สุโขทัย,แรงงานในระบบ,คน
400,262,2561,ช่วยธุรกิจครัวเรือน,ชาย,สุโขทัย,แรงงานในระบบ,คน
18555,263,2561,ลูกจ้างรัฐบาล,ชาย,สุโขทัย,แรงงานในระบบ,คน
29397,264,2561,ลูกจ้างเอกชน,ชาย,สุโขทัย,แรงงานในระบบ,คน
208,265,2561,นายจ้าง,หญิง,สุโขทัย,แรงงานในระบบ,คน
1865,266,2561,ประกอบธุรกิจส่วนตัว,หญิง,สุโขทัย,แรงงานในระบบ,คน
581,267,2561,ช่วยธุรกิจครัวเรือน,หญิง,สุโขทัย,แรงงานในระบบ,คน
15091,268,2561,ลูกจ้างรัฐบาล,หญิง,สุโขทัย,แรงงานในระบบ,คน
25957,269,2561,ลูกจ้างเอกชน,หญิง,สุโขทัย,แรงงานในระบบ,คน
4411,270,2561,นายจ้าง,ชาย,สุโขทัย,แรงงานนอกระบบ,คน
75045,271,2561,ประกอบธุรกิจส่วนตัว,ชาย,สุโขทัย,แรงงานนอกระบบ,คน
26434,272,2561,ช่วยธุรกิจครัวเรือน,ชาย,สุโขทัย,แรงงานนอกระบบ,คน
958,273,2561,ลูกจ้างรัฐบาล,ชาย,สุโขทัย,แรงงานนอกระบบ,คน
19124,274,2561,ลูกจ้างเอกชน,ชาย,สุโขทัย,แรงงานนอกระบบ,คน
2748,275,2561,นายจ้าง,หญิง,สุโขทัย,แรงงานนอกระบบ,คน
52118,276,2561,ประกอบธุรกิจส่วนตัว,หญิง,สุโขทัย,แรงงานนอกระบบ,คน
43186,277,2561,ช่วยธุรกิจครัวเรือน,หญิง,สุโขทัย,แรงงานนอกระบบ,คน
617,278,2561,ลูกจ้างรัฐบาล,หญิง,สุโขทัย,แรงงานนอกระบบ,คน
11172,279,2561,ลูกจ้างเอกชน,หญิง,สุโขทัย,แรงงานนอกระบบ,คน
405,280,2561,นายจ้าง,ชาย,พิษณุโลก,แรงงานในระบบ,คน
1888,281,2561,ประกอบธุรกิจส่วนตัว,ชาย,พิษณุโลก,แรงงานในระบบ,คน
1377,282,2561,ช่วยธุรกิจครัวเรือน,ชาย,พิษณุโลก,แรงงานในระบบ,คน
29055,283,2561,ลูกจ้างรัฐบาล,ชาย,พิษณุโลก,แรงงานในระบบ,คน
50639,284,2561,ลูกจ้างเอกชน,ชาย,พิษณุโลก,แรงงานในระบบ,คน
327,285,2561,นายจ้าง,หญิง,พิษณุโลก,แรงงานในระบบ,คน
2879,286,2561,ประกอบธุรกิจส่วนตัว,หญิง,พิษณุโลก,แรงงานในระบบ,คน
2365,287,2561,ช่วยธุรกิจครัวเรือน,หญิง,พิษณุโลก,แรงงานในระบบ,คน
27592,288,2561,ลูกจ้างรัฐบาล,หญิง,พิษณุโลก,แรงงานในระบบ,คน
46367,289,2561,ลูกจ้างเอกชน,หญิง,พิษณุโลก,แรงงานในระบบ,คน
8572,290,2561,นายจ้าง,ชาย,พิษณุโลก,แรงงานนอกระบบ,คน
105859,291,2561,ประกอบธุรกิจส่วนตัว,ชาย,พิษณุโลก,แรงงานนอกระบบ,คน
27427,292,2561,ช่วยธุรกิจครัวเรือน,ชาย,พิษณุโลก,แรงงานนอกระบบ,คน
25907,293,2561,ลูกจ้างเอกชน,ชาย,พิษณุโลก,แรงงานนอกระบบ,คน
1631,294,2561,นายจ้าง,หญิง,พิษณุโลก,แรงงานนอกระบบ,คน
63502,295,2561,ประกอบธุรกิจส่วนตัว,หญิง,พิษณุโลก,แรงงานนอกระบบ,คน
58268,296,2561,ช่วยธุรกิจครัวเรือน,หญิง,พิษณุโลก,แรงงานนอกระบบ,คน
3099,297,2561,ลูกจ้างรัฐบาล,หญิง,พิษณุโลก,แรงงานนอกระบบ,คน
21978,298,2561,ลูกจ้างเอกชน,หญิง,พิษณุโลก,แรงงานนอกระบบ,คน
94,299,2561,นายจ้าง,ชาย,พิจิตร,แรงงานในระบบ,คน
1622,300,2561,ประกอบธุรกิจส่วนตัว,ชาย,พิจิตร,แรงงานในระบบ,คน
77,301,2561,ช่วยธุรกิจครัวเรือน,ชาย,พิจิตร,แรงงานในระบบ,คน
14692,302,2561,ลูกจ้างรัฐบาล,ชาย,พิจิตร,แรงงานในระบบ,คน
23895,303,2561,ลูกจ้างเอกชน,ชาย,พิจิตร,แรงงานในระบบ,คน
1488,304,2561,ประกอบธุรกิจส่วนตัว,หญิง,พิจิตร,แรงงานในระบบ,คน
634,305,2561,ช่วยธุรกิจครัวเรือน,หญิง,พิจิตร,แรงงานในระบบ,คน
14704,306,2561,ลูกจ้างรัฐบาล,หญิง,พิจิตร,แรงงานในระบบ,คน
21287,307,2561,ลูกจ้างเอกชน,หญิง,พิจิตร,แรงงานในระบบ,คน
1925,308,2561,นายจ้าง,ชาย,พิจิตร,แรงงานนอกระบบ,คน
69675,309,2561,ประกอบธุรกิจส่วนตัว,ชาย,พิจิตร,แรงงานนอกระบบ,คน
22743,310,2561,ช่วยธุรกิจครัวเรือน,ชาย,พิจิตร,แรงงานนอกระบบ,คน
353,311,2561,ลูกจ้างรัฐบาล,ชาย,พิจิตร,แรงงานนอกระบบ,คน
12622,312,2561,ลูกจ้างเอกชน,ชาย,พิจิตร,แรงงานนอกระบบ,คน
452,313,2561,การรวมกลุ่ม,ชาย,พิจิตร,แรงงานนอกระบบ,คน
726,314,2561,นายจ้าง,หญิง,พิจิตร,แรงงานนอกระบบ,คน
38917,315,2561,ประกอบธุรกิจส่วนตัว,หญิง,พิจิตร,แรงงานนอกระบบ,คน
42894,316,2561,ช่วยธุรกิจครัวเรือน,หญิง,พิจิตร,แรงงานนอกระบบ,คน
1564,317,2561,ลูกจ้างรัฐบาล,หญิง,พิจิตร,แรงงานนอกระบบ,คน
7687,318,2561,ลูกจ้างเอกชน,หญิง,พิจิตร,แรงงานนอกระบบ,คน
79,319,2561,การรวมกลุ่ม,หญิง,พิจิตร,แรงงานนอกระบบ,คน
3584,320,2561,ประกอบธุรกิจส่วนตัว,ชาย,เพชรบูรณ์,แรงงานในระบบ,คน
2730,321,2561,ช่วยธุรกิจครัวเรือน,ชาย,เพชรบูรณ์,แรงงานในระบบ,คน
22788,322,2561,ลูกจ้างรัฐบาล,ชาย,เพชรบูรณ์,แรงงานในระบบ,คน
48110,323,2561,ลูกจ้างเอกชน,ชาย,เพชรบูรณ์,แรงงานในระบบ,คน
4368,324,2561,ประกอบธุรกิจส่วนตัว,หญิง,เพชรบูรณ์,แรงงานในระบบ,คน
2223,325,2561,ช่วยธุรกิจครัวเรือน,หญิง,เพชรบูรณ์,แรงงานในระบบ,คน
20283,326,2561,ลูกจ้างรัฐบาล,หญิง,เพชรบูรณ์,แรงงานในระบบ,คน
35608,327,2561,ลูกจ้างเอกชน,หญิง,เพชรบูรณ์,แรงงานในระบบ,คน
3363,328,2561,นายจ้าง,ชาย,เพชรบูรณ์,แรงงานนอกระบบ,คน
117957,329,2561,ประกอบธุรกิจส่วนตัว,ชาย,เพชรบูรณ์,แรงงานนอกระบบ,คน
47101,330,2561,ช่วยธุรกิจครัวเรือน,ชาย,เพชรบูรณ์,แรงงานนอกระบบ,คน
1601,331,2561,ลูกจ้างรัฐบาล,ชาย,เพชรบูรณ์,แรงงานนอกระบบ,คน
25761,332,2561,ลูกจ้างเอกชน,ชาย,เพชรบูรณ์,แรงงานนอกระบบ,คน
644,333,2561,นายจ้าง,หญิง,เพชรบูรณ์,แรงงานนอกระบบ,คน
58664,334,2561,ประกอบธุรกิจส่วนตัว,หญิง,เพชรบูรณ์,แรงงานนอกระบบ,คน
75956,335,2561,ช่วยธุรกิจครัวเรือน,หญิง,เพชรบูรณ์,แรงงานนอกระบบ,คน
469,336,2561,ลูกจ้างรัฐบาล,หญิง,เพชรบูรณ์,แรงงานนอกระบบ,คน
11284,337,2561,ลูกจ้างเอกชน,หญิง,เพชรบูรณ์,แรงงานนอกระบบ,คน
4845,338,2562,นายจ้าง,ชาย,เชียงใหม่,แรงงานในระบบ,คน
8918,339,2562,ประกอบธุรกิจส่วนตัว,ชาย,เชียงใหม่,แรงงานในระบบ,คน
3882,340,2562,ช่วยธุรกิจครัวเรือน,ชาย,เชียงใหม่,แรงงานในระบบ,คน
38247,341,2562,ลูกจ้างรัฐบาล,ชาย,เชียงใหม่,แรงงานในระบบ,คน
124708,342,2562,ลูกจ้างเอกชน,ชาย,เชียงใหม่,แรงงานในระบบ,คน
2335,343,2562,นายจ้าง,หญิง,เชียงใหม่,แรงงานในระบบ,คน
14484,344,2562,ประกอบธุรกิจส่วนตัว,หญิง,เชียงใหม่,แรงงานในระบบ,คน
6458,345,2562,ช่วยธุรกิจครัวเรือน,หญิง,เชียงใหม่,แรงงานในระบบ,คน
36649,346,2562,ลูกจ้างรัฐบาล,หญิง,เชียงใหม่,แรงงานในระบบ,คน
123248,347,2562,ลูกจ้างเอกชน,หญิง,เชียงใหม่,แรงงานในระบบ,คน
14510,348,2562,นายจ้าง,ชาย,เชียงใหม่,แรงงานนอกระบบ,คน
184041,349,2562,ประกอบธุรกิจส่วนตัว,ชาย,เชียงใหม่,แรงงานนอกระบบ,คน
83352,350,2562,ช่วยธุรกิจครัวเรือน,ชาย,เชียงใหม่,แรงงานนอกระบบ,คน
416,351,2562,ลูกจ้างรัฐบาล,ชาย,เชียงใหม่,แรงงานนอกระบบ,คน
60528,352,2562,ลูกจ้างเอกชน,ชาย,เชียงใหม่,แรงงานนอกระบบ,คน
6542,353,2562,นายจ้าง,หญิง,เชียงใหม่,แรงงานนอกระบบ,คน
108518,354,2562,ประกอบธุรกิจส่วนตัว,หญิง,เชียงใหม่,แรงงานนอกระบบ,คน
147946,355,2562,ช่วยธุรกิจครัวเรือน,หญิง,เชียงใหม่,แรงงานนอกระบบ,คน
24748,356,2562,ลูกจ้างเอกชน,หญิง,เชียงใหม่,แรงงานนอกระบบ,คน
160,357,2562,นายจ้าง,ชาย,ลำพูน,แรงงานในระบบ,คน
3290,358,2562,ประกอบธุรกิจส่วนตัว,ชาย,ลำพูน,แรงงานในระบบ,คน
1288,359,2562,ช่วยธุรกิจครัวเรือน,ชาย,ลำพูน,แรงงานในระบบ,คน
7828,360,2562,ลูกจ้างรัฐบาล,ชาย,ลำพูน,แรงงานในระบบ,คน
37531,361,2562,ลูกจ้างเอกชน,ชาย,ลำพูน,แรงงานในระบบ,คน
2971,362,2562,ประกอบธุรกิจส่วนตัว,หญิง,ลำพูน,แรงงานในระบบ,คน
1821,363,2562,ช่วยธุรกิจครัวเรือน,หญิง,ลำพูน,แรงงานในระบบ,คน
11113,364,2562,ลูกจ้างรัฐบาล,หญิง,ลำพูน,แรงงานในระบบ,คน
39109,365,2562,ลูกจ้างเอกชน,หญิง,ลำพูน,แรงงานในระบบ,คน
2776,366,2562,นายจ้าง,ชาย,ลำพูน,แรงงานนอกระบบ,คน
46876,367,2562,ประกอบธุรกิจส่วนตัว,ชาย,ลำพูน,แรงงานนอกระบบ,คน
14702,368,2562,ช่วยธุรกิจครัวเรือน,ชาย,ลำพูน,แรงงานนอกระบบ,คน
336,369,2562,ลูกจ้างรัฐบาล,ชาย,ลำพูน,แรงงานนอกระบบ,คน
21418,370,2562,ลูกจ้างเอกชน,ชาย,ลำพูน,แรงงานนอกระบบ,คน
219,371,2562,การรวมกลุ่ม,ชาย,ลำพูน,แรงงานนอกระบบ,คน
658,372,2562,นายจ้าง,หญิง,ลำพูน,แรงงานนอกระบบ,คน
30352,373,2562,ประกอบธุรกิจส่วนตัว,หญิง,ลำพูน,แรงงานนอกระบบ,คน
23736,374,2562,ช่วยธุรกิจครัวเรือน,หญิง,ลำพูน,แรงงานนอกระบบ,คน
12607,375,2562,ลูกจ้างเอกชน,หญิง,ลำพูน,แรงงานนอกระบบ,คน
1312,376,2562,นายจ้าง,ชาย,ลำปาง,แรงงานในระบบ,คน
2816,377,2562,ประกอบธุรกิจส่วนตัว,ชาย,ลำปาง,แรงงานในระบบ,คน
1853,378,2562,ช่วยธุรกิจครัวเรือน,ชาย,ลำปาง,แรงงานในระบบ,คน
21132,379,2562,ลูกจ้างรัฐบาล,ชาย,ลำปาง,แรงงานในระบบ,คน
45750,380,2562,ลูกจ้างเอกชน,ชาย,ลำปาง,แรงงานในระบบ,คน
191,381,2562,นายจ้าง,หญิง,ลำปาง,แรงงานในระบบ,คน
2028,382,2562,ประกอบธุรกิจส่วนตัว,หญิง,ลำปาง,แรงงานในระบบ,คน
1362,383,2562,ช่วยธุรกิจครัวเรือน,หญิง,ลำปาง,แรงงานในระบบ,คน
20325,384,2562,ลูกจ้างรัฐบาล,หญิง,ลำปาง,แรงงานในระบบ,คน
34153,385,2562,ลูกจ้างเอกชน,หญิง,ลำปาง,แรงงานในระบบ,คน
499,386,2562,การรวมกลุ่ม,หญิง,ลำปาง,แรงงานในระบบ,คน
3679,387,2562,นายจ้าง,ชาย,ลำปาง,แรงงานนอกระบบ,คน
94156,388,2562,ประกอบธุรกิจส่วนตัว,ชาย,ลำปาง,แรงงานนอกระบบ,คน
28406,389,2562,ช่วยธุรกิจครัวเรือน,ชาย,ลำปาง,แรงงานนอกระบบ,คน
688,390,2562,ลูกจ้างรัฐบาล,ชาย,ลำปาง,แรงงานนอกระบบ,คน
13333,391,2562,ลูกจ้างเอกชน,ชาย,ลำปาง,แรงงานนอกระบบ,คน
948,392,2562,นายจ้าง,หญิง,ลำปาง,แรงงานนอกระบบ,คน
48707,393,2562,ประกอบธุรกิจส่วนตัว,หญิง,ลำปาง,แรงงานนอกระบบ,คน
52155,394,2562,ช่วยธุรกิจครัวเรือน,หญิง,ลำปาง,แรงงานนอกระบบ,คน
930,395,2562,ลูกจ้างรัฐบาล,หญิง,ลำปาง,แรงงานนอกระบบ,คน
6991,396,2562,ลูกจ้างเอกชน,หญิง,ลำปาง,แรงงานนอกระบบ,คน
94,397,2562,นายจ้าง,ชาย,อุตรดิตถ์,แรงงานในระบบ,คน
1688,398,2562,ประกอบธุรกิจส่วนตัว,ชาย,อุตรดิตถ์,แรงงานในระบบ,คน
128,399,2562,ช่วยธุรกิจครัวเรือน,ชาย,อุตรดิตถ์,แรงงานในระบบ,คน
10749,400,2562,ลูกจ้างรัฐบาล,ชาย,อุตรดิตถ์,แรงงานในระบบ,คน
17662,401,2562,ลูกจ้างเอกชน,ชาย,อุตรดิตถ์,แรงงานในระบบ,คน
829,402,2562,ประกอบธุรกิจส่วนตัว,หญิง,อุตรดิตถ์,แรงงานในระบบ,คน
1276,403,2562,ช่วยธุรกิจครัวเรือน,หญิง,อุตรดิตถ์,แรงงานในระบบ,คน
12778,404,2562,ลูกจ้างรัฐบาล,หญิง,อุตรดิตถ์,แรงงานในระบบ,คน
13612,405,2562,ลูกจ้างเอกชน,หญิง,อุตรดิตถ์,แรงงานในระบบ,คน
1904,406,2562,นายจ้าง,ชาย,อุตรดิตถ์,แรงงานนอกระบบ,คน
57219,407,2562,ประกอบธุรกิจส่วนตัว,ชาย,อุตรดิตถ์,แรงงานนอกระบบ,คน
12341,408,2562,ช่วยธุรกิจครัวเรือน,ชาย,อุตรดิตถ์,แรงงานนอกระบบ,คน
373,409,2562,ลูกจ้างรัฐบาล,ชาย,อุตรดิตถ์,แรงงานนอกระบบ,คน
14690,410,2562,ลูกจ้างเอกชน,ชาย,อุตรดิตถ์,แรงงานนอกระบบ,คน
181,411,2562,การรวมกลุ่ม,ชาย,อุตรดิตถ์,แรงงานนอกระบบ,คน
294,412,2562,นายจ้าง,หญิง,อุตรดิตถ์,แรงงานนอกระบบ,คน
28696,413,2562,ประกอบธุรกิจส่วนตัว,หญิง,อุตรดิตถ์,แรงงานนอกระบบ,คน
28825,414,2562,ช่วยธุรกิจครัวเรือน,หญิง,อุตรดิตถ์,แรงงานนอกระบบ,คน
207,415,2562,ลูกจ้างรัฐบาล,หญิง,อุตรดิตถ์,แรงงานนอกระบบ,คน
7438,416,2562,ลูกจ้างเอกชน,หญิง,อุตรดิตถ์,แรงงานนอกระบบ,คน
398,417,2562,การรวมกลุ่ม,หญิง,อุตรดิตถ์,แรงงานนอกระบบ,คน
667,418,2562,นายจ้าง,ชาย,แพร่,แรงงานในระบบ,คน
2889,419,2562,ประกอบธุรกิจส่วนตัว,ชาย,แพร่,แรงงานในระบบ,คน
1641,420,2562,ช่วยธุรกิจครัวเรือน,ชาย,แพร่,แรงงานในระบบ,คน
17544,421,2562,ลูกจ้างรัฐบาล,ชาย,แพร่,แรงงานในระบบ,คน
21937,422,2562,ลูกจ้างเอกชน,ชาย,แพร่,แรงงานในระบบ,คน
2718,423,2562,ประกอบธุรกิจส่วนตัว,หญิง,แพร่,แรงงานในระบบ,คน
2159,424,2562,ช่วยธุรกิจครัวเรือน,หญิง,แพร่,แรงงานในระบบ,คน
16111,425,2562,ลูกจ้างรัฐบาล,หญิง,แพร่,แรงงานในระบบ,คน
21326,426,2562,ลูกจ้างเอกชน,หญิง,แพร่,แรงงานในระบบ,คน
4343,427,2562,นายจ้าง,ชาย,แพร่,แรงงานนอกระบบ,คน
53729,428,2562,ประกอบธุรกิจส่วนตัว,ชาย,แพร่,แรงงานนอกระบบ,คน
12984,429,2562,ช่วยธุรกิจครัวเรือน,ชาย,แพร่,แรงงานนอกระบบ,คน
1929,430,2562,ลูกจ้างรัฐบาล,ชาย,แพร่,แรงงานนอกระบบ,คน
6652,431,2562,ลูกจ้างเอกชน,ชาย,แพร่,แรงงานนอกระบบ,คน
1683,432,2562,นายจ้าง,หญิง,แพร่,แรงงานนอกระบบ,คน
29744,433,2562,ประกอบธุรกิจส่วนตัว,หญิง,แพร่,แรงงานนอกระบบ,คน
31318,434,2562,ช่วยธุรกิจครัวเรือน,หญิง,แพร่,แรงงานนอกระบบ,คน
2295,435,2562,ลูกจ้างรัฐบาล,หญิง,แพร่,แรงงานนอกระบบ,คน
4590,436,2562,ลูกจ้างเอกชน,หญิง,แพร่,แรงงานนอกระบบ,คน
250,437,2562,นายจ้าง,ชาย,น่าน,แรงงานในระบบ,คน
2437,438,2562,ประกอบธุรกิจส่วนตัว,ชาย,น่าน,แรงงานในระบบ,คน
279,439,2562,ช่วยธุรกิจครัวเรือน,ชาย,น่าน,แรงงานในระบบ,คน
16108,440,2562,ลูกจ้างรัฐบาล,ชาย,น่าน,แรงงานในระบบ,คน
13143,441,2562,ลูกจ้างเอกชน,ชาย,น่าน,แรงงานในระบบ,คน
994,442,2562,ประกอบธุรกิจส่วนตัว,หญิง,น่าน,แรงงานในระบบ,คน
919,443,2562,ช่วยธุรกิจครัวเรือน,หญิง,น่าน,แรงงานในระบบ,คน
14179,444,2562,ลูกจ้างรัฐบาล,หญิง,น่าน,แรงงานในระบบ,คน
10699,445,2562,ลูกจ้างเอกชน,หญิง,น่าน,แรงงานในระบบ,คน
607,446,2562,นายจ้าง,ชาย,น่าน,แรงงานนอกระบบ,คน
64985,447,2562,ประกอบธุรกิจส่วนตัว,ชาย,น่าน,แรงงานนอกระบบ,คน
24611,448,2562,ช่วยธุรกิจครัวเรือน,ชาย,น่าน,แรงงานนอกระบบ,คน
1264,449,2562,ลูกจ้างรัฐบาล,ชาย,น่าน,แรงงานนอกระบบ,คน
13585,450,2562,ลูกจ้างเอกชน,ชาย,น่าน,แรงงานนอกระบบ,คน
465,451,2562,นายจ้าง,หญิง,น่าน,แรงงานนอกระบบ,คน
28781,452,2562,ประกอบธุรกิจส่วนตัว,หญิง,น่าน,แรงงานนอกระบบ,คน
45267,453,2562,ช่วยธุรกิจครัวเรือน,หญิง,น่าน,แรงงานนอกระบบ,คน
481,454,2562,ลูกจ้างรัฐบาล,หญิง,น่าน,แรงงานนอกระบบ,คน
6484,455,2562,ลูกจ้างเอกชน,หญิง,น่าน,แรงงานนอกระบบ,คน
104,456,2562,การรวมกลุ่ม,หญิง,น่าน,แรงงานนอกระบบ,คน
113,457,2562,นายจ้าง,ชาย,พะเยา,แรงงานในระบบ,คน
501,458,2562,ประกอบธุรกิจส่วนตัว,ชาย,พะเยา,แรงงานในระบบ,คน
13086,459,2562,ลูกจ้างรัฐบาล,ชาย,พะเยา,แรงงานในระบบ,คน
15569,460,2562,ลูกจ้างเอกชน,ชาย,พะเยา,แรงงานในระบบ,คน
645,461,2562,ประกอบธุรกิจส่วนตัว,หญิง,พะเยา,แรงงานในระบบ,คน
317,462,2562,ช่วยธุรกิจครัวเรือน,หญิง,พะเยา,แรงงานในระบบ,คน
14263,463,2562,ลูกจ้างรัฐบาล,หญิง,พะเยา,แรงงานในระบบ,คน
14310,464,2562,ลูกจ้างเอกชน,หญิง,พะเยา,แรงงานในระบบ,คน
2230,465,2562,นายจ้าง,ชาย,พะเยา,แรงงานนอกระบบ,คน
60826,466,2562,ประกอบธุรกิจส่วนตัว,ชาย,พะเยา,แรงงานนอกระบบ,คน
20416,467,2562,ช่วยธุรกิจครัวเรือน,ชาย,พะเยา,แรงงานนอกระบบ,คน
914,468,2562,ลูกจ้างรัฐบาล,ชาย,พะเยา,แรงงานนอกระบบ,คน
8013,469,2562,ลูกจ้างเอกชน,ชาย,พะเยา,แรงงานนอกระบบ,คน
595,470,2562,นายจ้าง,หญิง,พะเยา,แรงงานนอกระบบ,คน
24169,471,2562,ประกอบธุรกิจส่วนตัว,หญิง,พะเยา,แรงงานนอกระบบ,คน
42583,472,2562,ช่วยธุรกิจครัวเรือน,หญิง,พะเยา,แรงงานนอกระบบ,คน
3387,473,2562,ลูกจ้างเอกชน,หญิง,พะเยา,แรงงานนอกระบบ,คน
1082,474,2562,ประกอบธุรกิจส่วนตัว,ชาย,เชียงราย,แรงงานในระบบ,คน
581,475,2562,ช่วยธุรกิจครัวเรือน,ชาย,เชียงราย,แรงงานในระบบ,คน
28360,476,2562,ลูกจ้างรัฐบาล,ชาย,เชียงราย,แรงงานในระบบ,คน
47242,477,2562,ลูกจ้างเอกชน,ชาย,เชียงราย,แรงงานในระบบ,คน
387,478,2562,นายจ้าง,หญิง,เชียงราย,แรงงานในระบบ,คน
1419,479,2562,ประกอบธุรกิจส่วนตัว,หญิง,เชียงราย,แรงงานในระบบ,คน
217,480,2562,ช่วยธุรกิจครัวเรือน,หญิง,เชียงราย,แรงงานในระบบ,คน
21158,481,2562,ลูกจ้างรัฐบาล,หญิง,เชียงราย,แรงงานในระบบ,คน
31340,482,2562,ลูกจ้างเอกชน,หญิง,เชียงราย,แรงงานในระบบ,คน
13059,483,2562,นายจ้าง,ชาย,เชียงราย,แรงงานนอกระบบ,คน
153502,484,2562,ประกอบธุรกิจส่วนตัว,ชาย,เชียงราย,แรงงานนอกระบบ,คน
62780,485,2562,ช่วยธุรกิจครัวเรือน,ชาย,เชียงราย,แรงงานนอกระบบ,คน
30134,486,2562,ลูกจ้างเอกชน,ชาย,เชียงราย,แรงงานนอกระบบ,คน
1599,487,2562,นายจ้าง,หญิง,เชียงราย,แรงงานนอกระบบ,คน
77302,488,2562,ประกอบธุรกิจส่วนตัว,หญิง,เชียงราย,แรงงานนอกระบบ,คน
114998,489,2562,ช่วยธุรกิจครัวเรือน,หญิง,เชียงราย,แรงงานนอกระบบ,คน
1019,490,2562,ลูกจ้างรัฐบาล,หญิง,เชียงราย,แรงงานนอกระบบ,คน
16429,491,2562,ลูกจ้างเอกชน,หญิง,เชียงราย,แรงงานนอกระบบ,คน
2383,492,2562,การรวมกลุ่ม,หญิง,เชียงราย,แรงงานนอกระบบ,คน
52,493,2562,นายจ้าง,ชาย,แม่ฮ่องสอน,แรงงานในระบบ,คน
586,494,2562,ประกอบธุรกิจส่วนตัว,ชาย,แม่ฮ่องสอน,แรงงานในระบบ,คน
262,495,2562,ช่วยธุรกิจครัวเรือน,ชาย,แม่ฮ่องสอน,แรงงานในระบบ,คน
7286,496,2562,ลูกจ้างรัฐบาล,ชาย,แม่ฮ่องสอน,แรงงานในระบบ,คน
6111,497,2562,ลูกจ้างเอกชน,ชาย,แม่ฮ่องสอน,แรงงานในระบบ,คน
72,498,2562,นายจ้าง,หญิง,แม่ฮ่องสอน,แรงงานในระบบ,คน
458,499,2562,ประกอบธุรกิจส่วนตัว,หญิง,แม่ฮ่องสอน,แรงงานในระบบ,คน
304,500,2562,ช่วยธุรกิจครัวเรือน,หญิง,แม่ฮ่องสอน,แรงงานในระบบ,คน
6455,501,2562,ลูกจ้างรัฐบาล,หญิง,แม่ฮ่องสอน,แรงงานในระบบ,คน
3502,502,2562,ลูกจ้างเอกชน,หญิง,แม่ฮ่องสอน,แรงงานในระบบ,คน
885,503,2562,นายจ้าง,ชาย,แม่ฮ่องสอน,แรงงานนอกระบบ,คน
27424,504,2562,ประกอบธุรกิจส่วนตัว,ชาย,แม่ฮ่องสอน,แรงงานนอกระบบ,คน
13938,505,2562,ช่วยธุรกิจครัวเรือน,ชาย,แม่ฮ่องสอน,แรงงานนอกระบบ,คน
422,506,2562,ลูกจ้างรัฐบาล,ชาย,แม่ฮ่องสอน,แรงงานนอกระบบ,คน
3202,507,2562,ลูกจ้างเอกชน,ชาย,แม่ฮ่องสอน,แรงงานนอกระบบ,คน
283,508,2562,นายจ้าง,หญิง,แม่ฮ่องสอน,แรงงานนอกระบบ,คน
9638,509,2562,ประกอบธุรกิจส่วนตัว,หญิง,แม่ฮ่องสอน,แรงงานนอกระบบ,คน
25993,510,2562,ช่วยธุรกิจครัวเรือน,หญิง,แม่ฮ่องสอน,แรงงานนอกระบบ,คน
263,511,2562,ลูกจ้างรัฐบาล,หญิง,แม่ฮ่องสอน,แรงงานนอกระบบ,คน
1540,512,2562,ลูกจ้างเอกชน,หญิง,แม่ฮ่องสอน,แรงงานนอกระบบ,คน
564,513,2562,นายจ้าง,ชาย,นครสวรรค์,แรงงานในระบบ,คน
493,514,2562,ประกอบธุรกิจส่วนตัว,ชาย,นครสวรรค์,แรงงานในระบบ,คน
21107,515,2562,ลูกจ้างรัฐบาล,ชาย,นครสวรรค์,แรงงานในระบบ,คน
52449,516,2562,ลูกจ้างเอกชน,ชาย,นครสวรรค์,แรงงานในระบบ,คน
598,517,2562,ประกอบธุรกิจส่วนตัว,หญิง,นครสวรรค์,แรงงานในระบบ,คน
779,518,2562,ช่วยธุรกิจครัวเรือน,หญิง,นครสวรรค์,แรงงานในระบบ,คน
20892,519,2562,ลูกจ้างรัฐบาล,หญิง,นครสวรรค์,แรงงานในระบบ,คน
42266,520,2562,ลูกจ้างเอกชน,หญิง,นครสวรรค์,แรงงานในระบบ,คน
431,521,2562,การรวมกลุ่ม,หญิง,นครสวรรค์,แรงงานในระบบ,คน
4893,522,2562,นายจ้าง,ชาย,นครสวรรค์,แรงงานนอกระบบ,คน
120803,523,2562,ประกอบธุรกิจส่วนตัว,ชาย,นครสวรรค์,แรงงานนอกระบบ,คน
40746,524,2562,ช่วยธุรกิจครัวเรือน,ชาย,นครสวรรค์,แรงงานนอกระบบ,คน
187,525,2562,ลูกจ้างรัฐบาล,ชาย,นครสวรรค์,แรงงานนอกระบบ,คน
25489,526,2562,ลูกจ้างเอกชน,ชาย,นครสวรรค์,แรงงานนอกระบบ,คน
2056,527,2562,นายจ้าง,หญิง,นครสวรรค์,แรงงานนอกระบบ,คน
75463,528,2562,ประกอบธุรกิจส่วนตัว,หญิง,นครสวรรค์,แรงงานนอกระบบ,คน
78972,529,2562,ช่วยธุรกิจครัวเรือน,หญิง,นครสวรรค์,แรงงานนอกระบบ,คน
1113,530,2562,ลูกจ้างรัฐบาล,หญิง,นครสวรรค์,แรงงานนอกระบบ,คน
18965,531,2562,ลูกจ้างเอกชน,หญิง,นครสวรรค์,แรงงานนอกระบบ,คน
600,532,2562,ประกอบธุรกิจส่วนตัว,ชาย,อุทัยธานี,แรงงานในระบบ,คน
325,533,2562,ช่วยธุรกิจครัวเรือน,ชาย,อุทัยธานี,แรงงานในระบบ,คน
8927,534,2562,ลูกจ้างรัฐบาล,ชาย,อุทัยธานี,แรงงานในระบบ,คน
10490,535,2562,ลูกจ้างเอกชน,ชาย,อุทัยธานี,แรงงานในระบบ,คน
199,536,2562,ประกอบธุรกิจส่วนตัว,หญิง,อุทัยธานี,แรงงานในระบบ,คน
341,537,2562,ช่วยธุรกิจครัวเรือน,หญิง,อุทัยธานี,แรงงานในระบบ,คน
10620,538,2562,ลูกจ้างรัฐบาล,หญิง,อุทัยธานี,แรงงานในระบบ,คน
8385,539,2562,ลูกจ้างเอกชน,หญิง,อุทัยธานี,แรงงานในระบบ,คน
1931,540,2562,นายจ้าง,ชาย,อุทัยธานี,แรงงานนอกระบบ,คน
44470,541,2562,ประกอบธุรกิจส่วนตัว,ชาย,อุทัยธานี,แรงงานนอกระบบ,คน
10340,542,2562,ช่วยธุรกิจครัวเรือน,ชาย,อุทัยธานี,แรงงานนอกระบบ,คน
357,543,2562,ลูกจ้างรัฐบาล,ชาย,อุทัยธานี,แรงงานนอกระบบ,คน
3771,544,2562,ลูกจ้างเอกชน,ชาย,อุทัยธานี,แรงงานนอกระบบ,คน
183,545,2562,นายจ้าง,หญิง,อุทัยธานี,แรงงานนอกระบบ,คน
21758,546,2562,ประกอบธุรกิจส่วนตัว,หญิง,อุทัยธานี,แรงงานนอกระบบ,คน
26350,547,2562,ช่วยธุรกิจครัวเรือน,หญิง,อุทัยธานี,แรงงานนอกระบบ,คน
1142,548,2562,ลูกจ้างรัฐบาล,หญิง,อุทัยธานี,แรงงานนอกระบบ,คน
3173,549,2562,ลูกจ้างเอกชน,หญิง,อุทัยธานี,แรงงานนอกระบบ,คน
2401,550,2562,ประกอบธุรกิจส่วนตัว,ชาย,กำแพงเพชร,แรงงานในระบบ,คน
1406,551,2562,ช่วยธุรกิจครัวเรือน,ชาย,กำแพงเพชร,แรงงานในระบบ,คน
15989,552,2562,ลูกจ้างรัฐบาล,ชาย,กำแพงเพชร,แรงงานในระบบ,คน
39035,553,2562,ลูกจ้างเอกชน,ชาย,กำแพงเพชร,แรงงานในระบบ,คน
6218,554,2562,ประกอบธุรกิจส่วนตัว,หญิง,กำแพงเพชร,แรงงานในระบบ,คน
1644,555,2562,ช่วยธุรกิจครัวเรือน,หญิง,กำแพงเพชร,แรงงานในระบบ,คน
23188,556,2562,ลูกจ้างรัฐบาล,หญิง,กำแพงเพชร,แรงงานในระบบ,คน
22297,557,2562,ลูกจ้างเอกชน,หญิง,กำแพงเพชร,แรงงานในระบบ,คน
4181,558,2562,นายจ้าง,ชาย,กำแพงเพชร,แรงงานนอกระบบ,คน
94956,559,2562,ประกอบธุรกิจส่วนตัว,ชาย,กำแพงเพชร,แรงงานนอกระบบ,คน
40377,560,2562,ช่วยธุรกิจครัวเรือน,ชาย,กำแพงเพชร,แรงงานนอกระบบ,คน
143,561,2562,ลูกจ้างรัฐบาล,ชาย,กำแพงเพชร,แรงงานนอกระบบ,คน
23739,562,2562,ลูกจ้างเอกชน,ชาย,กำแพงเพชร,แรงงานนอกระบบ,คน
709,563,2562,นายจ้าง,หญิง,กำแพงเพชร,แรงงานนอกระบบ,คน
57995,564,2562,ประกอบธุรกิจส่วนตัว,หญิง,กำแพงเพชร,แรงงานนอกระบบ,คน
59506,565,2562,ช่วยธุรกิจครัวเรือน,หญิง,กำแพงเพชร,แรงงานนอกระบบ,คน
11351,566,2562,ลูกจ้างเอกชน,หญิง,กำแพงเพชร,แรงงานนอกระบบ,คน
387,567,2562,การรวมกลุ่ม,หญิง,กำแพงเพชร,แรงงานนอกระบบ,คน
183,568,2562,นายจ้าง,ชาย,ตาก,แรงงานในระบบ,คน
966,569,2562,ประกอบธุรกิจส่วนตัว,ชาย,ตาก,แรงงานในระบบ,คน
784,570,2562,ช่วยธุรกิจครัวเรือน,ชาย,ตาก,แรงงานในระบบ,คน
15300,571,2562,ลูกจ้างรัฐบาล,ชาย,ตาก,แรงงานในระบบ,คน
31171,572,2562,ลูกจ้างเอกชน,ชาย,ตาก,แรงงานในระบบ,คน
1317,573,2562,ประกอบธุรกิจส่วนตัว,หญิง,ตาก,แรงงานในระบบ,คน
135,574,2562,ช่วยธุรกิจครัวเรือน,หญิง,ตาก,แรงงานในระบบ,คน
10189,575,2562,ลูกจ้างรัฐบาล,หญิง,ตาก,แรงงานในระบบ,คน
14784,576,2562,ลูกจ้างเอกชน,หญิง,ตาก,แรงงานในระบบ,คน
4080,577,2562,นายจ้าง,ชาย,ตาก,แรงงานนอกระบบ,คน
50953,578,2562,ประกอบธุรกิจส่วนตัว,ชาย,ตาก,แรงงานนอกระบบ,คน
19413,579,2562,ช่วยธุรกิจครัวเรือน,ชาย,ตาก,แรงงานนอกระบบ,คน
1134,580,2562,ลูกจ้างรัฐบาล,ชาย,ตาก,แรงงานนอกระบบ,คน
12781,581,2562,ลูกจ้างเอกชน,ชาย,ตาก,แรงงานนอกระบบ,คน
1562,582,2562,นายจ้าง,หญิง,ตาก,แรงงานนอกระบบ,คน
32249,583,2562,ประกอบธุรกิจส่วนตัว,หญิง,ตาก,แรงงานนอกระบบ,คน
34748,584,2562,ช่วยธุรกิจครัวเรือน,หญิง,ตาก,แรงงานนอกระบบ,คน
416,585,2562,ลูกจ้างรัฐบาล,หญิง,ตาก,แรงงานนอกระบบ,คน
6271,586,2562,ลูกจ้างเอกชน,หญิง,ตาก,แรงงานนอกระบบ,คน
743,587,2562,นายจ้าง,ชาย,สุโขทัย,แรงงานในระบบ,คน
4619,588,2562,ประกอบธุรกิจส่วนตัว,ชาย,สุโขทัย,แรงงานในระบบ,คน
2756,589,2562,ช่วยธุรกิจครัวเรือน,ชาย,สุโขทัย,แรงงานในระบบ,คน
13586,590,2562,ลูกจ้างรัฐบาล,ชาย,สุโขทัย,แรงงานในระบบ,คน
25629,591,2562,ลูกจ้างเอกชน,ชาย,สุโขทัย,แรงงานในระบบ,คน
4472,592,2562,ประกอบธุรกิจส่วนตัว,หญิง,สุโขทัย,แรงงานในระบบ,คน
2501,593,2562,ช่วยธุรกิจครัวเรือน,หญิง,สุโขทัย,แรงงานในระบบ,คน
15206,594,2562,ลูกจ้างรัฐบาล,หญิง,สุโขทัย,แรงงานในระบบ,คน
27067,595,2562,ลูกจ้างเอกชน,หญิง,สุโขทัย,แรงงานในระบบ,คน
4192,596,2562,นายจ้าง,ชาย,สุโขทัย,แรงงานนอกระบบ,คน
84022,597,2562,ประกอบธุรกิจส่วนตัว,ชาย,สุโขทัย,แรงงานนอกระบบ,คน
28731,598,2562,ช่วยธุรกิจครัวเรือน,ชาย,สุโขทัย,แรงงานนอกระบบ,คน
616,599,2562,ลูกจ้างรัฐบาล,ชาย,สุโขทัย,แรงงานนอกระบบ,คน
10548,600,2562,ลูกจ้างเอกชน,ชาย,สุโขทัย,แรงงานนอกระบบ,คน
3857,601,2562,นายจ้าง,หญิง,สุโขทัย,แรงงานนอกระบบ,คน
49567,602,2562,ประกอบธุรกิจส่วนตัว,หญิง,สุโขทัย,แรงงานนอกระบบ,คน
46645,603,2562,ช่วยธุรกิจครัวเรือน,หญิง,สุโขทัย,แรงงานนอกระบบ,คน
1781,604,2562,ลูกจ้างรัฐบาล,หญิง,สุโขทัย,แรงงานนอกระบบ,คน
10053,605,2562,ลูกจ้างเอกชน,หญิง,สุโขทัย,แรงงานนอกระบบ,คน
114,606,2562,นายจ้าง,ชาย,พิษณุโลก,แรงงานในระบบ,คน
5621,607,2562,ประกอบธุรกิจส่วนตัว,ชาย,พิษณุโลก,แรงงานในระบบ,คน
2372,608,2562,ช่วยธุรกิจครัวเรือน,ชาย,พิษณุโลก,แรงงานในระบบ,คน
25452,609,2562,ลูกจ้างรัฐบาล,ชาย,พิษณุโลก,แรงงานในระบบ,คน
57643,610,2562,ลูกจ้างเอกชน,ชาย,พิษณุโลก,แรงงานในระบบ,คน
129,611,2562,นายจ้าง,หญิง,พิษณุโลก,แรงงานในระบบ,คน
5624,612,2562,ประกอบธุรกิจส่วนตัว,หญิง,พิษณุโลก,แรงงานในระบบ,คน
3414,613,2562,ช่วยธุรกิจครัวเรือน,หญิง,พิษณุโลก,แรงงานในระบบ,คน
30134,614,2562,ลูกจ้างรัฐบาล,หญิง,พิษณุโลก,แรงงานในระบบ,คน
46934,615,2562,ลูกจ้างเอกชน,หญิง,พิษณุโลก,แรงงานในระบบ,คน
5389,616,2562,นายจ้าง,ชาย,พิษณุโลก,แรงงานนอกระบบ,คน
100049,617,2562,ประกอบธุรกิจส่วนตัว,ชาย,พิษณุโลก,แรงงานนอกระบบ,คน
30749,618,2562,ช่วยธุรกิจครัวเรือน,ชาย,พิษณุโลก,แรงงานนอกระบบ,คน
2683,619,2562,ลูกจ้างรัฐบาล,ชาย,พิษณุโลก,แรงงานนอกระบบ,คน
18520,620,2562,ลูกจ้างเอกชน,ชาย,พิษณุโลก,แรงงานนอกระบบ,คน
1054,621,2562,นายจ้าง,หญิง,พิษณุโลก,แรงงานนอกระบบ,คน
56770,622,2562,ประกอบธุรกิจส่วนตัว,หญิง,พิษณุโลก,แรงงานนอกระบบ,คน
55206,623,2562,ช่วยธุรกิจครัวเรือน,หญิง,พิษณุโลก,แรงงานนอกระบบ,คน
912,624,2562,ลูกจ้างรัฐบาล,หญิง,พิษณุโลก,แรงงานนอกระบบ,คน
10643,625,2562,ลูกจ้างเอกชน,หญิง,พิษณุโลก,แรงงานนอกระบบ,คน
379,626,2562,การรวมกลุ่ม,หญิง,พิษณุโลก,แรงงานนอกระบบ,คน
220,627,2562,นายจ้าง,ชาย,พิจิตร,แรงงานในระบบ,คน
1121,628,2562,ประกอบธุรกิจส่วนตัว,ชาย,พิจิตร,แรงงานในระบบ,คน
132,629,2562,ช่วยธุรกิจครัวเรือน,ชาย,พิจิตร,แรงงานในระบบ,คน
13106,630,2562,ลูกจ้างรัฐบาล,ชาย,พิจิตร,แรงงานในระบบ,คน
22692,631,2562,ลูกจ้างเอกชน,ชาย,พิจิตร,แรงงานในระบบ,คน
381,632,2562,ประกอบธุรกิจส่วนตัว,หญิง,พิจิตร,แรงงานในระบบ,คน
393,633,2562,ช่วยธุรกิจครัวเรือน,หญิง,พิจิตร,แรงงานในระบบ,คน
16755,634,2562,ลูกจ้างรัฐบาล,หญิง,พิจิตร,แรงงานในระบบ,คน
20501,635,2562,ลูกจ้างเอกชน,หญิง,พิจิตร,แรงงานในระบบ,คน
2751,636,2562,นายจ้าง,ชาย,พิจิตร,แรงงานนอกระบบ,คน
78481,637,2562,ประกอบธุรกิจส่วนตัว,ชาย,พิจิตร,แรงงานนอกระบบ,คน
24963,638,2562,ช่วยธุรกิจครัวเรือน,ชาย,พิจิตร,แรงงานนอกระบบ,คน
779,639,2562,ลูกจ้างรัฐบาล,ชาย,พิจิตร,แรงงานนอกระบบ,คน
9524,640,2562,ลูกจ้างเอกชน,ชาย,พิจิตร,แรงงานนอกระบบ,คน
346,641,2562,นายจ้าง,หญิง,พิจิตร,แรงงานนอกระบบ,คน
42591,642,2562,ประกอบธุรกิจส่วนตัว,หญิง,พิจิตร,แรงงานนอกระบบ,คน
46156,643,2562,ช่วยธุรกิจครัวเรือน,หญิง,พิจิตร,แรงงานนอกระบบ,คน
519,644,2562,ลูกจ้างรัฐบาล,หญิง,พิจิตร,แรงงานนอกระบบ,คน
3782,645,2562,ลูกจ้างเอกชน,หญิง,พิจิตร,แรงงานนอกระบบ,คน
73,646,2562,การรวมกลุ่ม,หญิง,พิจิตร,แรงงานนอกระบบ,คน
555,647,2562,นายจ้าง,ชาย,เพชรบูรณ์,แรงงานในระบบ,คน
4034,648,2562,ประกอบธุรกิจส่วนตัว,ชาย,เพชรบูรณ์,แรงงานในระบบ,คน
613,649,2562,ช่วยธุรกิจครัวเรือน,ชาย,เพชรบูรณ์,แรงงานในระบบ,คน
19641,650,2562,ลูกจ้างรัฐบาล,ชาย,เพชรบูรณ์,แรงงานในระบบ,คน
37806,651,2562,ลูกจ้างเอกชน,ชาย,เพชรบูรณ์,แรงงานในระบบ,คน
102,652,2562,นายจ้าง,หญิง,เพชรบูรณ์,แรงงานในระบบ,คน
3409,653,2562,ประกอบธุรกิจส่วนตัว,หญิง,เพชรบูรณ์,แรงงานในระบบ,คน
3899,654,2562,ช่วยธุรกิจครัวเรือน,หญิง,เพชรบูรณ์,แรงงานในระบบ,คน
16045,655,2562,ลูกจ้างรัฐบาล,หญิง,เพชรบูรณ์,แรงงานในระบบ,คน
26439,656,2562,ลูกจ้างเอกชน,หญิง,เพชรบูรณ์,แรงงานในระบบ,คน
5618,657,2562,นายจ้าง,ชาย,เพชรบูรณ์,แรงงานนอกระบบ,คน
112058,658,2562,ประกอบธุรกิจส่วนตัว,ชาย,เพชรบูรณ์,แรงงานนอกระบบ,คน
52617,659,2562,ช่วยธุรกิจครัวเรือน,ชาย,เพชรบูรณ์,แรงงานนอกระบบ,คน
401,660,2562,ลูกจ้างรัฐบาล,ชาย,เพชรบูรณ์,แรงงานนอกระบบ,คน
26620,661,2562,ลูกจ้างเอกชน,ชาย,เพชรบูรณ์,แรงงานนอกระบบ,คน
1255,662,2562,นายจ้าง,หญิง,เพชรบูรณ์,แรงงานนอกระบบ,คน
54852,663,2562,ประกอบธุรกิจส่วนตัว,หญิง,เพชรบูรณ์,แรงงานนอกระบบ,คน
77641,664,2562,ช่วยธุรกิจครัวเรือน,หญิง,เพชรบูรณ์,แรงงานนอกระบบ,คน
74,665,2562,ลูกจ้างรัฐบาล,หญิง,เพชรบูรณ์,แรงงานนอกระบบ,คน
16438,666,2562,ลูกจ้างเอกชน,หญิง,เพชรบูรณ์,แรงงานนอกระบบ,คน
2320,667,2563,นายจ้าง,ชาย,เชียงใหม่,แรงงานในระบบ,คน
10654,668,2563,ประกอบธุรกิจส่วนตัว,ชาย,เชียงใหม่,แรงงานในระบบ,คน
4674,669,2563,ช่วยธุรกิจครัวเรือน,ชาย,เชียงใหม่,แรงงานในระบบ,คน
41209,670,2563,ลูกจ้างรัฐบาล,ชาย,เชียงใหม่,แรงงานในระบบ,คน
124905,671,2563,ลูกจ้างเอกชน,ชาย,เชียงใหม่,แรงงานในระบบ,คน
783,672,2563,นายจ้าง,หญิง,เชียงใหม่,แรงงานในระบบ,คน
15910,673,2563,ประกอบธุรกิจส่วนตัว,หญิง,เชียงใหม่,แรงงานในระบบ,คน
6038,674,2563,ช่วยธุรกิจครัวเรือน,หญิง,เชียงใหม่,แรงงานในระบบ,คน
37918,675,2563,ลูกจ้างรัฐบาล,หญิง,เชียงใหม่,แรงงานในระบบ,คน
121983,676,2563,ลูกจ้างเอกชน,หญิง,เชียงใหม่,แรงงานในระบบ,คน
14576,677,2563,นายจ้าง,ชาย,เชียงใหม่,แรงงานนอกระบบ,คน
187259,678,2563,ประกอบธุรกิจส่วนตัว,ชาย,เชียงใหม่,แรงงานนอกระบบ,คน
76113,679,2563,ช่วยธุรกิจครัวเรือน,ชาย,เชียงใหม่,แรงงานนอกระบบ,คน
464,680,2563,ลูกจ้างรัฐบาล,ชาย,เชียงใหม่,แรงงานนอกระบบ,คน
66749,681,2563,ลูกจ้างเอกชน,ชาย,เชียงใหม่,แรงงานนอกระบบ,คน
4818,682,2563,นายจ้าง,หญิง,เชียงใหม่,แรงงานนอกระบบ,คน
100793,683,2563,ประกอบธุรกิจส่วนตัว,หญิง,เชียงใหม่,แรงงานนอกระบบ,คน
129249,684,2563,ช่วยธุรกิจครัวเรือน,หญิง,เชียงใหม่,แรงงานนอกระบบ,คน
1137,685,2563,ลูกจ้างรัฐบาล,หญิง,เชียงใหม่,แรงงานนอกระบบ,คน
41479,686,2563,ลูกจ้างเอกชน,หญิง,เชียงใหม่,แรงงานนอกระบบ,คน
315,687,2563,การรวมกลุ่ม,หญิง,เชียงใหม่,แรงงานนอกระบบ,คน
894,688,2563,นายจ้าง,ชาย,ลำพูน,แรงงานในระบบ,คน
3689,689,2563,ประกอบธุรกิจส่วนตัว,ชาย,ลำพูน,แรงงานในระบบ,คน
2262,690,2563,ช่วยธุรกิจครัวเรือน,ชาย,ลำพูน,แรงงานในระบบ,คน
8109,691,2563,ลูกจ้างรัฐบาล,ชาย,ลำพูน,แรงงานในระบบ,คน
32273,692,2563,ลูกจ้างเอกชน,ชาย,ลำพูน,แรงงานในระบบ,คน
770,693,2563,นายจ้าง,หญิง,ลำพูน,แรงงานในระบบ,คน
3082,694,2563,ประกอบธุรกิจส่วนตัว,หญิง,ลำพูน,แรงงานในระบบ,คน
3124,695,2563,ช่วยธุรกิจครัวเรือน,หญิง,ลำพูน,แรงงานในระบบ,คน
9785,696,2563,ลูกจ้างรัฐบาล,หญิง,ลำพูน,แรงงานในระบบ,คน
34342,697,2563,ลูกจ้างเอกชน,หญิง,ลำพูน,แรงงานในระบบ,คน
1532,698,2563,นายจ้าง,ชาย,ลำพูน,แรงงานนอกระบบ,คน
54131,699,2563,ประกอบธุรกิจส่วนตัว,ชาย,ลำพูน,แรงงานนอกระบบ,คน
18545,700,2563,ช่วยธุรกิจครัวเรือน,ชาย,ลำพูน,แรงงานนอกระบบ,คน
89,701,2563,ลูกจ้างรัฐบาล,ชาย,ลำพูน,แรงงานนอกระบบ,คน
13868,702,2563,ลูกจ้างเอกชน,ชาย,ลำพูน,แรงงานนอกระบบ,คน
998,703,2563,นายจ้าง,หญิง,ลำพูน,แรงงานนอกระบบ,คน
30503,704,2563,ประกอบธุรกิจส่วนตัว,หญิง,ลำพูน,แรงงานนอกระบบ,คน
32998,705,2563,ช่วยธุรกิจครัวเรือน,หญิง,ลำพูน,แรงงานนอกระบบ,คน
406,706,2563,ลูกจ้างรัฐบาล,หญิง,ลำพูน,แรงงานนอกระบบ,คน
11169,707,2563,ลูกจ้างเอกชน,หญิง,ลำพูน,แรงงานนอกระบบ,คน
4799,708,2563,ประกอบธุรกิจส่วนตัว,ชาย,ลำปาง,แรงงานในระบบ,คน
873,709,2563,ช่วยธุรกิจครัวเรือน,ชาย,ลำปาง,แรงงานในระบบ,คน
21680,710,2563,ลูกจ้างรัฐบาล,ชาย,ลำปาง,แรงงานในระบบ,คน
43725,711,2563,ลูกจ้างเอกชน,ชาย,ลำปาง,แรงงานในระบบ,คน
277,712,2563,นายจ้าง,หญิง,ลำปาง,แรงงานในระบบ,คน
3648,713,2563,ประกอบธุรกิจส่วนตัว,หญิง,ลำปาง,แรงงานในระบบ,คน
1599,714,2563,ช่วยธุรกิจครัวเรือน,หญิง,ลำปาง,แรงงานในระบบ,คน
22969,715,2563,ลูกจ้างรัฐบาล,หญิง,ลำปาง,แรงงานในระบบ,คน
38885,716,2563,ลูกจ้างเอกชน,หญิง,ลำปาง,แรงงานในระบบ,คน
4034,717,2563,นายจ้าง,ชาย,ลำปาง,แรงงานนอกระบบ,คน
95680,718,2563,ประกอบธุรกิจส่วนตัว,ชาย,ลำปาง,แรงงานนอกระบบ,คน
31477,719,2563,ช่วยธุรกิจครัวเรือน,ชาย,ลำปาง,แรงงานนอกระบบ,คน
1069,720,2563,ลูกจ้างรัฐบาล,ชาย,ลำปาง,แรงงานนอกระบบ,คน
15960,721,2563,ลูกจ้างเอกชน,ชาย,ลำปาง,แรงงานนอกระบบ,คน
1080,722,2563,นายจ้าง,หญิง,ลำปาง,แรงงานนอกระบบ,คน
50723,723,2563,ประกอบธุรกิจส่วนตัว,หญิง,ลำปาง,แรงงานนอกระบบ,คน
57317,724,2563,ช่วยธุรกิจครัวเรือน,หญิง,ลำปาง,แรงงานนอกระบบ,คน
246,725,2563,ลูกจ้างรัฐบาล,หญิง,ลำปาง,แรงงานนอกระบบ,คน
7806,726,2563,ลูกจ้างเอกชน,หญิง,ลำปาง,แรงงานนอกระบบ,คน
2974,727,2563,ประกอบธุรกิจส่วนตัว,ชาย,อุตรดิตถ์,แรงงานในระบบ,คน
690,728,2563,ช่วยธุรกิจครัวเรือน,ชาย,อุตรดิตถ์,แรงงานในระบบ,คน
14526,729,2563,ลูกจ้างรัฐบาล,ชาย,อุตรดิตถ์,แรงงานในระบบ,คน
13802,730,2563,ลูกจ้างเอกชน,ชาย,อุตรดิตถ์,แรงงานในระบบ,คน
2702,731,2563,ประกอบธุรกิจส่วนตัว,หญิง,อุตรดิตถ์,แรงงานในระบบ,คน
1787,732,2563,ช่วยธุรกิจครัวเรือน,หญิง,อุตรดิตถ์,แรงงานในระบบ,คน
12543,733,2563,ลูกจ้างรัฐบาล,หญิง,อุตรดิตถ์,แรงงานในระบบ,คน
13970,734,2563,ลูกจ้างเอกชน,หญิง,อุตรดิตถ์,แรงงานในระบบ,คน
852,735,2563,นายจ้าง,ชาย,อุตรดิตถ์,แรงงานนอกระบบ,คน
54773,736,2563,ประกอบธุรกิจส่วนตัว,ชาย,อุตรดิตถ์,แรงงานนอกระบบ,คน
14911,737,2563,ช่วยธุรกิจครัวเรือน,ชาย,อุตรดิตถ์,แรงงานนอกระบบ,คน
418,738,2563,ลูกจ้างรัฐบาล,ชาย,อุตรดิตถ์,แรงงานนอกระบบ,คน
14794,739,2563,ลูกจ้างเอกชน,ชาย,อุตรดิตถ์,แรงงานนอกระบบ,คน
576,740,2563,นายจ้าง,หญิง,อุตรดิตถ์,แรงงานนอกระบบ,คน
33972,741,2563,ประกอบธุรกิจส่วนตัว,หญิง,อุตรดิตถ์,แรงงานนอกระบบ,คน
26079,742,2563,ช่วยธุรกิจครัวเรือน,หญิง,อุตรดิตถ์,แรงงานนอกระบบ,คน
248,743,2563,ลูกจ้างรัฐบาล,หญิง,อุตรดิตถ์,แรงงานนอกระบบ,คน
5263,744,2563,ลูกจ้างเอกชน,หญิง,อุตรดิตถ์,แรงงานนอกระบบ,คน
196,745,2563,นายจ้าง,ชาย,แพร่,แรงงานในระบบ,คน
4553,746,2563,ประกอบธุรกิจส่วนตัว,ชาย,แพร่,แรงงานในระบบ,คน
1663,747,2563,ช่วยธุรกิจครัวเรือน,ชาย,แพร่,แรงงานในระบบ,คน
13952,748,2563,ลูกจ้างรัฐบาล,ชาย,แพร่,แรงงานในระบบ,คน
18563,749,2563,ลูกจ้างเอกชน,ชาย,แพร่,แรงงานในระบบ,คน
84,750,2563,นายจ้าง,หญิง,แพร่,แรงงานในระบบ,คน
3545,751,2563,ประกอบธุรกิจส่วนตัว,หญิง,แพร่,แรงงานในระบบ,คน
2160,752,2563,ช่วยธุรกิจครัวเรือน,หญิง,แพร่,แรงงานในระบบ,คน
13061,753,2563,ลูกจ้างรัฐบาล,หญิง,แพร่,แรงงานในระบบ,คน
18558,754,2563,ลูกจ้างเอกชน,หญิง,แพร่,แรงงานในระบบ,คน
3162,755,2563,นายจ้าง,ชาย,แพร่,แรงงานนอกระบบ,คน
59624,756,2563,ประกอบธุรกิจส่วนตัว,ชาย,แพร่,แรงงานนอกระบบ,คน
14287,757,2563,ช่วยธุรกิจครัวเรือน,ชาย,แพร่,แรงงานนอกระบบ,คน
1391,758,2563,ลูกจ้างรัฐบาล,ชาย,แพร่,แรงงานนอกระบบ,คน
5674,759,2563,ลูกจ้างเอกชน,ชาย,แพร่,แรงงานนอกระบบ,คน
1349,760,2563,นายจ้าง,หญิง,แพร่,แรงงานนอกระบบ,คน
32741,761,2563,ประกอบธุรกิจส่วนตัว,หญิง,แพร่,แรงงานนอกระบบ,คน
33078,762,2563,ช่วยธุรกิจครัวเรือน,หญิง,แพร่,แรงงานนอกระบบ,คน
1577,763,2563,ลูกจ้างรัฐบาล,หญิง,แพร่,แรงงานนอกระบบ,คน
2938,764,2563,ลูกจ้างเอกชน,หญิง,แพร่,แรงงานนอกระบบ,คน
177,765,2563,การรวมกลุ่ม,หญิง,แพร่,แรงงานนอกระบบ,คน
395,766,2563,นายจ้าง,ชาย,น่าน,แรงงานในระบบ,คน
1596,767,2563,ประกอบธุรกิจส่วนตัว,ชาย,น่าน,แรงงานในระบบ,คน
253,768,2563,ช่วยธุรกิจครัวเรือน,ชาย,น่าน,แรงงานในระบบ,คน
15906,769,2563,ลูกจ้างรัฐบาล,ชาย,น่าน,แรงงานในระบบ,คน
16273,770,2563,ลูกจ้างเอกชน,ชาย,น่าน,แรงงานในระบบ,คน
1100,771,2563,ประกอบธุรกิจส่วนตัว,หญิง,น่าน,แรงงานในระบบ,คน
825,772,2563,ช่วยธุรกิจครัวเรือน,หญิง,น่าน,แรงงานในระบบ,คน
18007,773,2563,ลูกจ้างรัฐบาล,หญิง,น่าน,แรงงานในระบบ,คน
10863,774,2563,ลูกจ้างเอกชน,หญิง,น่าน,แรงงานในระบบ,คน
2167,775,2563,นายจ้าง,ชาย,น่าน,แรงงานนอกระบบ,คน
60435,776,2563,ประกอบธุรกิจส่วนตัว,ชาย,น่าน,แรงงานนอกระบบ,คน
28260,777,2563,ช่วยธุรกิจครัวเรือน,ชาย,น่าน,แรงงานนอกระบบ,คน
147,778,2563,ลูกจ้างรัฐบาล,ชาย,น่าน,แรงงานนอกระบบ,คน
6666,779,2563,ลูกจ้างเอกชน,ชาย,น่าน,แรงงานนอกระบบ,คน
418,780,2563,นายจ้าง,หญิง,น่าน,แรงงานนอกระบบ,คน
25355,781,2563,ประกอบธุรกิจส่วนตัว,หญิง,น่าน,แรงงานนอกระบบ,คน
46214,782,2563,ช่วยธุรกิจครัวเรือน,หญิง,น่าน,แรงงานนอกระบบ,คน
340,783,2563,ลูกจ้างรัฐบาล,หญิง,น่าน,แรงงานนอกระบบ,คน
3625,784,2563,ลูกจ้างเอกชน,หญิง,น่าน,แรงงานนอกระบบ,คน
40,785,2563,การรวมกลุ่ม,หญิง,น่าน,แรงงานนอกระบบ,คน
881,786,2563,ประกอบธุรกิจส่วนตัว,ชาย,พะเยา,แรงงานในระบบ,คน
210,787,2563,ช่วยธุรกิจครัวเรือน,ชาย,พะเยา,แรงงานในระบบ,คน
14437,788,2563,ลูกจ้างรัฐบาล,ชาย,พะเยา,แรงงานในระบบ,คน
13431,789,2563,ลูกจ้างเอกชน,ชาย,พะเยา,แรงงานในระบบ,คน
1587,790,2563,ประกอบธุรกิจส่วนตัว,หญิง,พะเยา,แรงงานในระบบ,คน
501,791,2563,ช่วยธุรกิจครัวเรือน,หญิง,พะเยา,แรงงานในระบบ,คน
12351,792,2563,ลูกจ้างรัฐบาล,หญิง,พะเยา,แรงงานในระบบ,คน
12513,793,2563,ลูกจ้างเอกชน,หญิง,พะเยา,แรงงานในระบบ,คน
844,794,2563,นายจ้าง,ชาย,พะเยา,แรงงานนอกระบบ,คน
61859,795,2563,ประกอบธุรกิจส่วนตัว,ชาย,พะเยา,แรงงานนอกระบบ,คน
17409,796,2563,ช่วยธุรกิจครัวเรือน,ชาย,พะเยา,แรงงานนอกระบบ,คน
135,797,2563,ลูกจ้างรัฐบาล,ชาย,พะเยา,แรงงานนอกระบบ,คน
8307,798,2563,ลูกจ้างเอกชน,ชาย,พะเยา,แรงงานนอกระบบ,คน
127,799,2563,นายจ้าง,หญิง,พะเยา,แรงงานนอกระบบ,คน
31141,800,2563,ประกอบธุรกิจส่วนตัว,หญิง,พะเยา,แรงงานนอกระบบ,คน
34032,801,2563,ช่วยธุรกิจครัวเรือน,หญิง,พะเยา,แรงงานนอกระบบ,คน
441,802,2563,ลูกจ้างรัฐบาล,หญิง,พะเยา,แรงงานนอกระบบ,คน
2843,803,2563,ลูกจ้างเอกชน,หญิง,พะเยา,แรงงานนอกระบบ,คน
3824,804,2563,ประกอบธุรกิจส่วนตัว,ชาย,เชียงราย,แรงงานในระบบ,คน
1903,805,2563,ช่วยธุรกิจครัวเรือน,ชาย,เชียงราย,แรงงานในระบบ,คน
23362,806,2563,ลูกจ้างรัฐบาล,ชาย,เชียงราย,แรงงานในระบบ,คน
51171,807,2563,ลูกจ้างเอกชน,ชาย,เชียงราย,แรงงานในระบบ,คน
563,808,2563,นายจ้าง,หญิง,เชียงราย,แรงงานในระบบ,คน
3253,809,2563,ประกอบธุรกิจส่วนตัว,หญิง,เชียงราย,แรงงานในระบบ,คน
1393,810,2563,ช่วยธุรกิจครัวเรือน,หญิง,เชียงราย,แรงงานในระบบ,คน
22286,811,2563,ลูกจ้างรัฐบาล,หญิง,เชียงราย,แรงงานในระบบ,คน
34964,812,2563,ลูกจ้างเอกชน,หญิง,เชียงราย,แรงงานในระบบ,คน
8106,813,2563,นายจ้าง,ชาย,เชียงราย,แรงงานนอกระบบ,คน
165720,814,2563,ประกอบธุรกิจส่วนตัว,ชาย,เชียงราย,แรงงานนอกระบบ,คน
49422,815,2563,ช่วยธุรกิจครัวเรือน,ชาย,เชียงราย,แรงงานนอกระบบ,คน
28132,816,2563,ลูกจ้างเอกชน,ชาย,เชียงราย,แรงงานนอกระบบ,คน
2250,817,2563,นายจ้าง,หญิง,เชียงราย,แรงงานนอกระบบ,คน
80738,818,2563,ประกอบธุรกิจส่วนตัว,หญิง,เชียงราย,แรงงานนอกระบบ,คน
95759,819,2563,ช่วยธุรกิจครัวเรือน,หญิง,เชียงราย,แรงงานนอกระบบ,คน
20111,820,2563,ลูกจ้างเอกชน,หญิง,เชียงราย,แรงงานนอกระบบ,คน
786,821,2563,ประกอบธุรกิจส่วนตัว,ชาย,แม่ฮ่องสอน,แรงงานในระบบ,คน
136,822,2563,ช่วยธุรกิจครัวเรือน,ชาย,แม่ฮ่องสอน,แรงงานในระบบ,คน
6408,823,2563,ลูกจ้างรัฐบาล,ชาย,แม่ฮ่องสอน,แรงงานในระบบ,คน
3950,824,2563,ลูกจ้างเอกชน,ชาย,แม่ฮ่องสอน,แรงงานในระบบ,คน
116,825,2563,นายจ้าง,หญิง,แม่ฮ่องสอน,แรงงานในระบบ,คน
541,826,2563,ประกอบธุรกิจส่วนตัว,หญิง,แม่ฮ่องสอน,แรงงานในระบบ,คน
246,827,2563,ช่วยธุรกิจครัวเรือน,หญิง,แม่ฮ่องสอน,แรงงานในระบบ,คน
5189,828,2563,ลูกจ้างรัฐบาล,หญิง,แม่ฮ่องสอน,แรงงานในระบบ,คน
2673,829,2563,ลูกจ้างเอกชน,หญิง,แม่ฮ่องสอน,แรงงานในระบบ,คน
533,830,2563,นายจ้าง,ชาย,แม่ฮ่องสอน,แรงงานนอกระบบ,คน
26913,831,2563,ประกอบธุรกิจส่วนตัว,ชาย,แม่ฮ่องสอน,แรงงานนอกระบบ,คน
17117,832,2563,ช่วยธุรกิจครัวเรือน,ชาย,แม่ฮ่องสอน,แรงงานนอกระบบ,คน
681,833,2563,ลูกจ้างรัฐบาล,ชาย,แม่ฮ่องสอน,แรงงานนอกระบบ,คน
3666,834,2563,ลูกจ้างเอกชน,ชาย,แม่ฮ่องสอน,แรงงานนอกระบบ,คน
106,835,2563,นายจ้าง,หญิง,แม่ฮ่องสอน,แรงงานนอกระบบ,คน
9316,836,2563,ประกอบธุรกิจส่วนตัว,หญิง,แม่ฮ่องสอน,แรงงานนอกระบบ,คน
26509,837,2563,ช่วยธุรกิจครัวเรือน,หญิง,แม่ฮ่องสอน,แรงงานนอกระบบ,คน
193,838,2563,ลูกจ้างรัฐบาล,หญิง,แม่ฮ่องสอน,แรงงานนอกระบบ,คน
1395,839,2563,ลูกจ้างเอกชน,หญิง,แม่ฮ่องสอน,แรงงานนอกระบบ,คน
519,840,2563,นายจ้าง,ชาย,นครสวรรค์,แรงงานในระบบ,คน
2756,841,2563,ประกอบธุรกิจส่วนตัว,ชาย,นครสวรรค์,แรงงานในระบบ,คน
333,842,2563,ช่วยธุรกิจครัวเรือน,ชาย,นครสวรรค์,แรงงานในระบบ,คน
17055,843,2563,ลูกจ้างรัฐบาล,ชาย,นครสวรรค์,แรงงานในระบบ,คน
77393,844,2563,ลูกจ้างเอกชน,ชาย,นครสวรรค์,แรงงานในระบบ,คน
157,845,2563,นายจ้าง,หญิง,นครสวรรค์,แรงงานในระบบ,คน
553,846,2563,ประกอบธุรกิจส่วนตัว,หญิง,นครสวรรค์,แรงงานในระบบ,คน
443,847,2563,ช่วยธุรกิจครัวเรือน,หญิง,นครสวรรค์,แรงงานในระบบ,คน
33144,848,2563,ลูกจ้างรัฐบาล,หญิง,นครสวรรค์,แรงงานในระบบ,คน
45726,849,2563,ลูกจ้างเอกชน,หญิง,นครสวรรค์,แรงงานในระบบ,คน
3388,850,2563,นายจ้าง,ชาย,นครสวรรค์,แรงงานนอกระบบ,คน
116444,851,2563,ประกอบธุรกิจส่วนตัว,ชาย,นครสวรรค์,แรงงานนอกระบบ,คน
47659,852,2563,ช่วยธุรกิจครัวเรือน,ชาย,นครสวรรค์,แรงงานนอกระบบ,คน
1342,853,2563,ลูกจ้างรัฐบาล,ชาย,นครสวรรค์,แรงงานนอกระบบ,คน
21932,854,2563,ลูกจ้างเอกชน,ชาย,นครสวรรค์,แรงงานนอกระบบ,คน
384,855,2563,นายจ้าง,หญิง,นครสวรรค์,แรงงานนอกระบบ,คน
77827,856,2563,ประกอบธุรกิจส่วนตัว,หญิง,นครสวรรค์,แรงงานนอกระบบ,คน
77764,857,2563,ช่วยธุรกิจครัวเรือน,หญิง,นครสวรรค์,แรงงานนอกระบบ,คน
564,858,2563,ลูกจ้างรัฐบาล,หญิง,นครสวรรค์,แรงงานนอกระบบ,คน
18374,859,2563,ลูกจ้างเอกชน,หญิง,นครสวรรค์,แรงงานนอกระบบ,คน
119,860,2563,นายจ้าง,ชาย,อุทัยธานี,แรงงานในระบบ,คน
1118,861,2563,ประกอบธุรกิจส่วนตัว,ชาย,อุทัยธานี,แรงงานในระบบ,คน
653,862,2563,ช่วยธุรกิจครัวเรือน,ชาย,อุทัยธานี,แรงงานในระบบ,คน
9909,863,2563,ลูกจ้างรัฐบาล,ชาย,อุทัยธานี,แรงงานในระบบ,คน
10764,864,2563,ลูกจ้างเอกชน,ชาย,อุทัยธานี,แรงงานในระบบ,คน
53,865,2563,นายจ้าง,หญิง,อุทัยธานี,แรงงานในระบบ,คน
751,866,2563,ประกอบธุรกิจส่วนตัว,หญิง,อุทัยธานี,แรงงานในระบบ,คน
572,867,2563,ช่วยธุรกิจครัวเรือน,หญิง,อุทัยธานี,แรงงานในระบบ,คน
11148,868,2563,ลูกจ้างรัฐบาล,หญิง,อุทัยธานี,แรงงานในระบบ,คน
6420,869,2563,ลูกจ้างเอกชน,หญิง,อุทัยธานี,แรงงานในระบบ,คน
1969,870,2563,นายจ้าง,ชาย,อุทัยธานี,แรงงานนอกระบบ,คน
39867,871,2563,ประกอบธุรกิจส่วนตัว,ชาย,อุทัยธานี,แรงงานนอกระบบ,คน
12154,872,2563,ช่วยธุรกิจครัวเรือน,ชาย,อุทัยธานี,แรงงานนอกระบบ,คน
254,873,2563,ลูกจ้างรัฐบาล,ชาย,อุทัยธานี,แรงงานนอกระบบ,คน
7066,874,2563,ลูกจ้างเอกชน,ชาย,อุทัยธานี,แรงงานนอกระบบ,คน
111,875,2563,นายจ้าง,หญิง,อุทัยธานี,แรงงานนอกระบบ,คน
22369,876,2563,ประกอบธุรกิจส่วนตัว,หญิง,อุทัยธานี,แรงงานนอกระบบ,คน
22834,877,2563,ช่วยธุรกิจครัวเรือน,หญิง,อุทัยธานี,แรงงานนอกระบบ,คน
503,878,2563,ลูกจ้างรัฐบาล,หญิง,อุทัยธานี,แรงงานนอกระบบ,คน
3542,879,2563,ลูกจ้างเอกชน,หญิง,อุทัยธานี,แรงงานนอกระบบ,คน
5205,880,2563,ประกอบธุรกิจส่วนตัว,ชาย,กำแพงเพชร,แรงงานในระบบ,คน
1415,881,2563,ช่วยธุรกิจครัวเรือน,ชาย,กำแพงเพชร,แรงงานในระบบ,คน
15768,882,2563,ลูกจ้างรัฐบาล,ชาย,กำแพงเพชร,แรงงานในระบบ,คน
35990,883,2563,ลูกจ้างเอกชน,ชาย,กำแพงเพชร,แรงงานในระบบ,คน
3858,884,2563,ประกอบธุรกิจส่วนตัว,หญิง,กำแพงเพชร,แรงงานในระบบ,คน
3140,885,2563,ช่วยธุรกิจครัวเรือน,หญิง,กำแพงเพชร,แรงงานในระบบ,คน
18658,886,2563,ลูกจ้างรัฐบาล,หญิง,กำแพงเพชร,แรงงานในระบบ,คน
21713,887,2563,ลูกจ้างเอกชน,หญิง,กำแพงเพชร,แรงงานในระบบ,คน
1480,888,2563,นายจ้าง,ชาย,กำแพงเพชร,แรงงานนอกระบบ,คน
94505,889,2563,ประกอบธุรกิจส่วนตัว,ชาย,กำแพงเพชร,แรงงานนอกระบบ,คน
40109,890,2563,ช่วยธุรกิจครัวเรือน,ชาย,กำแพงเพชร,แรงงานนอกระบบ,คน
569,891,2563,ลูกจ้างรัฐบาล,ชาย,กำแพงเพชร,แรงงานนอกระบบ,คน
32058,892,2563,ลูกจ้างเอกชน,ชาย,กำแพงเพชร,แรงงานนอกระบบ,คน
261,893,2563,นายจ้าง,หญิง,กำแพงเพชร,แรงงานนอกระบบ,คน
58700,894,2563,ประกอบธุรกิจส่วนตัว,หญิง,กำแพงเพชร,แรงงานนอกระบบ,คน
64467,895,2563,ช่วยธุรกิจครัวเรือน,หญิง,กำแพงเพชร,แรงงานนอกระบบ,คน
307,896,2563,ลูกจ้างรัฐบาล,หญิง,กำแพงเพชร,แรงงานนอกระบบ,คน
18342,897,2563,ลูกจ้างเอกชน,หญิง,กำแพงเพชร,แรงงานนอกระบบ,คน
62,898,2563,นายจ้าง,ชาย,ตาก,แรงงานในระบบ,คน
1518,899,2563,ประกอบธุรกิจส่วนตัว,ชาย,ตาก,แรงงานในระบบ,คน
15639,900,2563,ลูกจ้างรัฐบาล,ชาย,ตาก,แรงงานในระบบ,คน
36375,901,2563,ลูกจ้างเอกชน,ชาย,ตาก,แรงงานในระบบ,คน
268,902,2563,นายจ้าง,หญิง,ตาก,แรงงานในระบบ,คน
2687,903,2563,ประกอบธุรกิจส่วนตัว,หญิง,ตาก,แรงงานในระบบ,คน
1705,904,2563,ช่วยธุรกิจครัวเรือน,หญิง,ตาก,แรงงานในระบบ,คน
11827,905,2563,ลูกจ้างรัฐบาล,หญิง,ตาก,แรงงานในระบบ,คน
18168,906,2563,ลูกจ้างเอกชน,หญิง,ตาก,แรงงานในระบบ,คน
6013,907,2563,นายจ้าง,ชาย,ตาก,แรงงานนอกระบบ,คน
44657,908,2563,ประกอบธุรกิจส่วนตัว,ชาย,ตาก,แรงงานนอกระบบ,คน
20977,909,2563,ช่วยธุรกิจครัวเรือน,ชาย,ตาก,แรงงานนอกระบบ,คน
897,910,2563,ลูกจ้างรัฐบาล,ชาย,ตาก,แรงงานนอกระบบ,คน
12966,911,2563,ลูกจ้างเอกชน,ชาย,ตาก,แรงงานนอกระบบ,คน
2090,912,2563,นายจ้าง,หญิง,ตาก,แรงงานนอกระบบ,คน
27357,913,2563,ประกอบธุรกิจส่วนตัว,หญิง,ตาก,แรงงานนอกระบบ,คน
27100,914,2563,ช่วยธุรกิจครัวเรือน,หญิง,ตาก,แรงงานนอกระบบ,คน
374,915,2563,ลูกจ้างรัฐบาล,หญิง,ตาก,แรงงานนอกระบบ,คน
5661,916,2563,ลูกจ้างเอกชน,หญิง,ตาก,แรงงานนอกระบบ,คน
605,917,2563,นายจ้าง,ชาย,สุโขทัย,แรงงานในระบบ,คน
3475,918,2563,ประกอบธุรกิจส่วนตัว,ชาย,สุโขทัย,แรงงานในระบบ,คน
3336,919,2563,ช่วยธุรกิจครัวเรือน,ชาย,สุโขทัย,แรงงานในระบบ,คน
16008,920,2563,ลูกจ้างรัฐบาล,ชาย,สุโขทัย,แรงงานในระบบ,คน
29177,921,2563,ลูกจ้างเอกชน,ชาย,สุโขทัย,แรงงานในระบบ,คน
2849,922,2563,ประกอบธุรกิจส่วนตัว,หญิง,สุโขทัย,แรงงานในระบบ,คน
2714,923,2563,ช่วยธุรกิจครัวเรือน,หญิง,สุโขทัย,แรงงานในระบบ,คน
15486,924,2563,ลูกจ้างรัฐบาล,หญิง,สุโขทัย,แรงงานในระบบ,คน
25389,925,2563,ลูกจ้างเอกชน,หญิง,สุโขทัย,แรงงานในระบบ,คน
4557,926,2563,นายจ้าง,ชาย,สุโขทัย,แรงงานนอกระบบ,คน
75452,927,2563,ประกอบธุรกิจส่วนตัว,ชาย,สุโขทัย,แรงงานนอกระบบ,คน
22556,928,2563,ช่วยธุรกิจครัวเรือน,ชาย,สุโขทัย,แรงงานนอกระบบ,คน
1488,929,2563,ลูกจ้างรัฐบาล,ชาย,สุโขทัย,แรงงานนอกระบบ,คน
13855,930,2563,ลูกจ้างเอกชน,ชาย,สุโขทัย,แรงงานนอกระบบ,คน
2698,931,2563,นายจ้าง,หญิง,สุโขทัย,แรงงานนอกระบบ,คน
54754,932,2563,ประกอบธุรกิจส่วนตัว,หญิง,สุโขทัย,แรงงานนอกระบบ,คน
44502,933,2563,ช่วยธุรกิจครัวเรือน,หญิง,สุโขทัย,แรงงานนอกระบบ,คน
1478,934,2563,ลูกจ้างรัฐบาล,หญิง,สุโขทัย,แรงงานนอกระบบ,คน
10135,935,2563,ลูกจ้างเอกชน,หญิง,สุโขทัย,แรงงานนอกระบบ,คน
251,936,2563,นายจ้าง,ชาย,พิษณุโลก,แรงงานในระบบ,คน
6577,937,2563,ประกอบธุรกิจส่วนตัว,ชาย,พิษณุโลก,แรงงานในระบบ,คน
1955,938,2563,ช่วยธุรกิจครัวเรือน,ชาย,พิษณุโลก,แรงงานในระบบ,คน
28320,939,2563,ลูกจ้างรัฐบาล,ชาย,พิษณุโลก,แรงงานในระบบ,คน
53323,940,2563,ลูกจ้างเอกชน,ชาย,พิษณุโลก,แรงงานในระบบ,คน
99,941,2563,นายจ้าง,หญิง,พิษณุโลก,แรงงานในระบบ,คน
3952,942,2563,ประกอบธุรกิจส่วนตัว,หญิง,พิษณุโลก,แรงงานในระบบ,คน
4366,943,2563,ช่วยธุรกิจครัวเรือน,หญิง,พิษณุโลก,แรงงานในระบบ,คน
28763,944,2563,ลูกจ้างรัฐบาล,หญิง,พิษณุโลก,แรงงานในระบบ,คน
47170,945,2563,ลูกจ้างเอกชน,หญิง,พิษณุโลก,แรงงานในระบบ,คน
3370,946,2563,นายจ้าง,ชาย,พิษณุโลก,แรงงานนอกระบบ,คน
107360,947,2563,ประกอบธุรกิจส่วนตัว,ชาย,พิษณุโลก,แรงงานนอกระบบ,คน
39277,948,2563,ช่วยธุรกิจครัวเรือน,ชาย,พิษณุโลก,แรงงานนอกระบบ,คน
456,949,2563,ลูกจ้างรัฐบาล,ชาย,พิษณุโลก,แรงงานนอกระบบ,คน
15498,950,2563,ลูกจ้างเอกชน,ชาย,พิษณุโลก,แรงงานนอกระบบ,คน
1948,951,2563,นายจ้าง,หญิง,พิษณุโลก,แรงงานนอกระบบ,คน
72298,952,2563,ประกอบธุรกิจส่วนตัว,หญิง,พิษณุโลก,แรงงานนอกระบบ,คน
58959,953,2563,ช่วยธุรกิจครัวเรือน,หญิง,พิษณุโลก,แรงงานนอกระบบ,คน
623,954,2563,ลูกจ้างรัฐบาล,หญิง,พิษณุโลก,แรงงานนอกระบบ,คน
8068,955,2563,ลูกจ้างเอกชน,หญิง,พิษณุโลก,แรงงานนอกระบบ,คน
148,956,2563,นายจ้าง,ชาย,พิจิตร,แรงงานในระบบ,คน
3518,957,2563,ประกอบธุรกิจส่วนตัว,ชาย,พิจิตร,แรงงานในระบบ,คน
458,958,2563,ช่วยธุรกิจครัวเรือน,ชาย,พิจิตร,แรงงานในระบบ,คน
15489,959,2563,ลูกจ้างรัฐบาล,ชาย,พิจิตร,แรงงานในระบบ,คน
20174,960,2563,ลูกจ้างเอกชน,ชาย,พิจิตร,แรงงานในระบบ,คน
54,961,2563,นายจ้าง,หญิง,พิจิตร,แรงงานในระบบ,คน
2392,962,2563,ประกอบธุรกิจส่วนตัว,หญิง,พิจิตร,แรงงานในระบบ,คน
2783,963,2563,ช่วยธุรกิจครัวเรือน,หญิง,พิจิตร,แรงงานในระบบ,คน
20314,964,2563,ลูกจ้างรัฐบาล,หญิง,พิจิตร,แรงงานในระบบ,คน
16936,965,2563,ลูกจ้างเอกชน,หญิง,พิจิตร,แรงงานในระบบ,คน
2656,966,2563,นายจ้าง,ชาย,พิจิตร,แรงงานนอกระบบ,คน
74813,967,2563,ประกอบธุรกิจส่วนตัว,ชาย,พิจิตร,แรงงานนอกระบบ,คน
24879,968,2563,ช่วยธุรกิจครัวเรือน,ชาย,พิจิตร,แรงงานนอกระบบ,คน
291,969,2563,ลูกจ้างรัฐบาล,ชาย,พิจิตร,แรงงานนอกระบบ,คน
13620,970,2563,ลูกจ้างเอกชน,ชาย,พิจิตร,แรงงานนอกระบบ,คน
994,971,2563,นายจ้าง,หญิง,พิจิตร,แรงงานนอกระบบ,คน
45586,972,2563,ประกอบธุรกิจส่วนตัว,หญิง,พิจิตร,แรงงานนอกระบบ,คน
39288,973,2563,ช่วยธุรกิจครัวเรือน,หญิง,พิจิตร,แรงงานนอกระบบ,คน
864,974,2563,ลูกจ้างรัฐบาล,หญิง,พิจิตร,แรงงานนอกระบบ,คน
5727,975,2563,ลูกจ้างเอกชน,หญิง,พิจิตร,แรงงานนอกระบบ,คน
5137,976,2563,ประกอบธุรกิจส่วนตัว,ชาย,เพชรบูรณ์,แรงงานในระบบ,คน
810,977,2563,ช่วยธุรกิจครัวเรือน,ชาย,เพชรบูรณ์,แรงงานในระบบ,คน
19708,978,2563,ลูกจ้างรัฐบาล,ชาย,เพชรบูรณ์,แรงงานในระบบ,คน
29933,979,2563,ลูกจ้างเอกชน,ชาย,เพชรบูรณ์,แรงงานในระบบ,คน
234,980,2563,นายจ้าง,หญิง,เพชรบูรณ์,แรงงานในระบบ,คน
2848,981,2563,ประกอบธุรกิจส่วนตัว,หญิง,เพชรบูรณ์,แรงงานในระบบ,คน
1913,982,2563,ช่วยธุรกิจครัวเรือน,หญิง,เพชรบูรณ์,แรงงานในระบบ,คน
17731,983,2563,ลูกจ้างรัฐบาล,หญิง,เพชรบูรณ์,แรงงานในระบบ,คน
25169,984,2563,ลูกจ้างเอกชน,หญิง,เพชรบูรณ์,แรงงานในระบบ,คน
4108,985,2563,นายจ้าง,ชาย,เพชรบูรณ์,แรงงานนอกระบบ,คน
128712,986,2563,ประกอบธุรกิจส่วนตัว,ชาย,เพชรบูรณ์,แรงงานนอกระบบ,คน
43968,987,2563,ช่วยธุรกิจครัวเรือน,ชาย,เพชรบูรณ์,แรงงานนอกระบบ,คน
29105,988,2563,ลูกจ้างเอกชน,ชาย,เพชรบูรณ์,แรงงานนอกระบบ,คน
577,989,2563,นายจ้าง,หญิง,เพชรบูรณ์,แรงงานนอกระบบ,คน
61980,990,2563,ประกอบธุรกิจส่วนตัว,หญิง,เพชรบูรณ์,แรงงานนอกระบบ,คน
92051,991,2563,ช่วยธุรกิจครัวเรือน,หญิง,เพชรบูรณ์,แรงงานนอกระบบ,คน
844,992,2563,ลูกจ้างรัฐบาล,หญิง,เพชรบูรณ์,แรงงานนอกระบบ,คน
17251,993,2563,ลูกจ้างเอกชน,หญิง,เพชรบูรณ์,แรงงานนอกระบบ,คน
917,994,2564,นายจ้าง,ชาย,เชียงใหม่,แรงงานในระบบ,คน
17796,995,2564,ประกอบธุรกิจส่วนตัว,ชาย,เชียงใหม่,แรงงานในระบบ,คน
4020,996,2564,ช่วยธุรกิจครัวเรือน,ชาย,เชียงใหม่,แรงงานในระบบ,คน
48061,997,2564,ลูกจ้างรัฐบาล,ชาย,เชียงใหม่,แรงงานในระบบ,คน
119789,998,2564,ลูกจ้างเอกชน,ชาย,เชียงใหม่,แรงงานในระบบ,คน
2232,999,2564,นายจ้าง,หญิง,เชียงใหม่,แรงงานในระบบ,คน
18695,1000,2564,ประกอบธุรกิจส่วนตัว,หญิง,เชียงใหม่,แรงงานในระบบ,คน
7935,1001,2564,ช่วยธุรกิจครัวเรือน,หญิง,เชียงใหม่,แรงงานในระบบ,คน
49660,1002,2564,ลูกจ้างรัฐบาล,หญิง,เชียงใหม่,แรงงานในระบบ,คน
111523,1003,2564,ลูกจ้างเอกชน,หญิง,เชียงใหม่,แรงงานในระบบ,คน
11337,1004,2564,นายจ้าง,ชาย,เชียงใหม่,แรงงานนอกระบบ,คน
244696,1005,2564,ประกอบธุรกิจส่วนตัว,ชาย,เชียงใหม่,แรงงานนอกระบบ,คน
83460,1006,2564,ช่วยธุรกิจครัวเรือน,ชาย,เชียงใหม่,แรงงานนอกระบบ,คน
1801,1007,2564,ลูกจ้างรัฐบาล,ชาย,เชียงใหม่,แรงงานนอกระบบ,คน
10924,1008,2564,ลูกจ้างเอกชน,ชาย,เชียงใหม่,แรงงานนอกระบบ,คน
957,1009,2564,การรวมกลุ่ม,ชาย,เชียงใหม่,แรงงานนอกระบบ,คน
3591,1010,2564,นายจ้าง,หญิง,เชียงใหม่,แรงงานนอกระบบ,คน
117972,1011,2564,ประกอบธุรกิจส่วนตัว,หญิง,เชียงใหม่,แรงงานนอกระบบ,คน
134646,1012,2564,ช่วยธุรกิจครัวเรือน,หญิง,เชียงใหม่,แรงงานนอกระบบ,คน
2844,1013,2564,ลูกจ้างรัฐบาล,หญิง,เชียงใหม่,แรงงานนอกระบบ,คน
10819,1014,2564,ลูกจ้างเอกชน,หญิง,เชียงใหม่,แรงงานนอกระบบ,คน
537,1015,2564,นายจ้าง,ชาย,ลำพูน,แรงงานในระบบ,คน
1712,1016,2564,ประกอบธุรกิจส่วนตัว,ชาย,ลำพูน,แรงงานในระบบ,คน
1237,1017,2564,ช่วยธุรกิจครัวเรือน,ชาย,ลำพูน,แรงงานในระบบ,คน
8117,1018,2564,ลูกจ้างรัฐบาล,ชาย,ลำพูน,แรงงานในระบบ,คน
31023,1019,2564,ลูกจ้างเอกชน,ชาย,ลำพูน,แรงงานในระบบ,คน
137,1020,2564,นายจ้าง,หญิง,ลำพูน,แรงงานในระบบ,คน
4385,1021,2564,ประกอบธุรกิจส่วนตัว,หญิง,ลำพูน,แรงงานในระบบ,คน
1655,1022,2564,ช่วยธุรกิจครัวเรือน,หญิง,ลำพูน,แรงงานในระบบ,คน
8148,1023,2564,ลูกจ้างรัฐบาล,หญิง,ลำพูน,แรงงานในระบบ,คน
36147,1024,2564,ลูกจ้างเอกชน,หญิง,ลำพูน,แรงงานในระบบ,คน
2337,1025,2564,นายจ้าง,ชาย,ลำพูน,แรงงานนอกระบบ,คน
67597,1026,2564,ประกอบธุรกิจส่วนตัว,ชาย,ลำพูน,แรงงานนอกระบบ,คน
15846,1027,2564,ช่วยธุรกิจครัวเรือน,ชาย,ลำพูน,แรงงานนอกระบบ,คน
887,1028,2564,ลูกจ้างรัฐบาล,ชาย,ลำพูน,แรงงานนอกระบบ,คน
3167,1029,2564,ลูกจ้างเอกชน,ชาย,ลำพูน,แรงงานนอกระบบ,คน
954,1030,2564,นายจ้าง,หญิง,ลำพูน,แรงงานนอกระบบ,คน
30747,1031,2564,ประกอบธุรกิจส่วนตัว,หญิง,ลำพูน,แรงงานนอกระบบ,คน
34819,1032,2564,ช่วยธุรกิจครัวเรือน,หญิง,ลำพูน,แรงงานนอกระบบ,คน
244,1033,2564,ลูกจ้างรัฐบาล,หญิง,ลำพูน,แรงงานนอกระบบ,คน
2606,1034,2564,ลูกจ้างเอกชน,หญิง,ลำพูน,แรงงานนอกระบบ,คน
114,1035,2564,การรวมกลุ่ม,หญิง,ลำพูน,แรงงานนอกระบบ,คน
1058,1036,2564,นายจ้าง,ชาย,ลำปาง,แรงงานในระบบ,คน
2585,1037,2564,ประกอบธุรกิจส่วนตัว,ชาย,ลำปาง,แรงงานในระบบ,คน
1706,1038,2564,ช่วยธุรกิจครัวเรือน,ชาย,ลำปาง,แรงงานในระบบ,คน
26931,1039,2564,ลูกจ้างรัฐบาล,ชาย,ลำปาง,แรงงานในระบบ,คน
45173,1040,2564,ลูกจ้างเอกชน,ชาย,ลำปาง,แรงงานในระบบ,คน
398,1041,2564,นายจ้าง,หญิง,ลำปาง,แรงงานในระบบ,คน
4918,1042,2564,ประกอบธุรกิจส่วนตัว,หญิง,ลำปาง,แรงงานในระบบ,คน
255,1043,2564,ช่วยธุรกิจครัวเรือน,หญิง,ลำปาง,แรงงานในระบบ,คน
21814,1044,2564,ลูกจ้างรัฐบาล,หญิง,ลำปาง,แรงงานในระบบ,คน
35885,1045,2564,ลูกจ้างเอกชน,หญิง,ลำปาง,แรงงานในระบบ,คน
3347,1046,2564,นายจ้าง,ชาย,ลำปาง,แรงงานนอกระบบ,คน
93517,1047,2564,ประกอบธุรกิจส่วนตัว,ชาย,ลำปาง,แรงงานนอกระบบ,คน
25277,1048,2564,ช่วยธุรกิจครัวเรือน,ชาย,ลำปาง,แรงงานนอกระบบ,คน
2087,1049,2564,ลูกจ้างรัฐบาล,ชาย,ลำปาง,แรงงานนอกระบบ,คน
12199,1050,2564,ลูกจ้างเอกชน,ชาย,ลำปาง,แรงงานนอกระบบ,คน
917,1051,2564,นายจ้าง,หญิง,ลำปาง,แรงงานนอกระบบ,คน
56266,1052,2564,ประกอบธุรกิจส่วนตัว,หญิง,ลำปาง,แรงงานนอกระบบ,คน
54227,1053,2564,ช่วยธุรกิจครัวเรือน,หญิง,ลำปาง,แรงงานนอกระบบ,คน
1605,1054,2564,ลูกจ้างรัฐบาล,หญิง,ลำปาง,แรงงานนอกระบบ,คน
4974,1055,2564,ลูกจ้างเอกชน,หญิง,ลำปาง,แรงงานนอกระบบ,คน
76,1056,2564,นายจ้าง,ชาย,อุตรดิตถ์,แรงงานในระบบ,คน
1533,1057,2564,ประกอบธุรกิจส่วนตัว,ชาย,อุตรดิตถ์,แรงงานในระบบ,คน
663,1058,2564,ช่วยธุรกิจครัวเรือน,ชาย,อุตรดิตถ์,แรงงานในระบบ,คน
12266,1059,2564,ลูกจ้างรัฐบาล,ชาย,อุตรดิตถ์,แรงงานในระบบ,คน
11347,1060,2564,ลูกจ้างเอกชน,ชาย,อุตรดิตถ์,แรงงานในระบบ,คน
1940,1061,2564,ประกอบธุรกิจส่วนตัว,หญิง,อุตรดิตถ์,แรงงานในระบบ,คน
821,1062,2564,ช่วยธุรกิจครัวเรือน,หญิง,อุตรดิตถ์,แรงงานในระบบ,คน
12765,1063,2564,ลูกจ้างรัฐบาล,หญิง,อุตรดิตถ์,แรงงานในระบบ,คน
10103,1064,2564,ลูกจ้างเอกชน,หญิง,อุตรดิตถ์,แรงงานในระบบ,คน
1632,1065,2564,นายจ้าง,ชาย,อุตรดิตถ์,แรงงานนอกระบบ,คน
75374,1066,2564,ประกอบธุรกิจส่วนตัว,ชาย,อุตรดิตถ์,แรงงานนอกระบบ,คน
15902,1067,2564,ช่วยธุรกิจครัวเรือน,ชาย,อุตรดิตถ์,แรงงานนอกระบบ,คน
279,1068,2564,ลูกจ้างรัฐบาล,ชาย,อุตรดิตถ์,แรงงานนอกระบบ,คน
788,1069,2564,ลูกจ้างเอกชน,ชาย,อุตรดิตถ์,แรงงานนอกระบบ,คน
291,1070,2564,นายจ้าง,หญิง,อุตรดิตถ์,แรงงานนอกระบบ,คน
34477,1071,2564,ประกอบธุรกิจส่วนตัว,หญิง,อุตรดิตถ์,แรงงานนอกระบบ,คน
30298,1072,2564,ช่วยธุรกิจครัวเรือน,หญิง,อุตรดิตถ์,แรงงานนอกระบบ,คน
503,1073,2564,ลูกจ้างรัฐบาล,หญิง,อุตรดิตถ์,แรงงานนอกระบบ,คน
147,1074,2564,ลูกจ้างเอกชน,หญิง,อุตรดิตถ์,แรงงานนอกระบบ,คน
572,1075,2564,นายจ้าง,ชาย,แพร่,แรงงานในระบบ,คน
2278,1076,2564,ประกอบธุรกิจส่วนตัว,ชาย,แพร่,แรงงานในระบบ,คน
665,1077,2564,ช่วยธุรกิจครัวเรือน,ชาย,แพร่,แรงงานในระบบ,คน
11478,1078,2564,ลูกจ้างรัฐบาล,ชาย,แพร่,แรงงานในระบบ,คน
20296,1079,2564,ลูกจ้างเอกชน,ชาย,แพร่,แรงงานในระบบ,คน
2003,1080,2564,ประกอบธุรกิจส่วนตัว,หญิง,แพร่,แรงงานในระบบ,คน
840,1081,2564,ช่วยธุรกิจครัวเรือน,หญิง,แพร่,แรงงานในระบบ,คน
12771,1082,2564,ลูกจ้างรัฐบาล,หญิง,แพร่,แรงงานในระบบ,คน
18365,1083,2564,ลูกจ้างเอกชน,หญิง,แพร่,แรงงานในระบบ,คน
2387,1084,2564,นายจ้าง,ชาย,แพร่,แรงงานนอกระบบ,คน
62199,1085,2564,ประกอบธุรกิจส่วนตัว,ชาย,แพร่,แรงงานนอกระบบ,คน
17093,1086,2564,ช่วยธุรกิจครัวเรือน,ชาย,แพร่,แรงงานนอกระบบ,คน
463,1087,2564,ลูกจ้างรัฐบาล,ชาย,แพร่,แรงงานนอกระบบ,คน
6389,1088,2564,ลูกจ้างเอกชน,ชาย,แพร่,แรงงานนอกระบบ,คน
807,1089,2564,นายจ้าง,หญิง,แพร่,แรงงานนอกระบบ,คน
32331,1090,2564,ประกอบธุรกิจส่วนตัว,หญิง,แพร่,แรงงานนอกระบบ,คน
35597,1091,2564,ช่วยธุรกิจครัวเรือน,หญิง,แพร่,แรงงานนอกระบบ,คน
307,1092,2564,ลูกจ้างรัฐบาล,หญิง,แพร่,แรงงานนอกระบบ,คน
3020,1093,2564,ลูกจ้างเอกชน,หญิง,แพร่,แรงงานนอกระบบ,คน
450,1094,2564,นายจ้าง,ชาย,น่าน,แรงงานในระบบ,คน
1162,1095,2564,ประกอบธุรกิจส่วนตัว,ชาย,น่าน,แรงงานในระบบ,คน
1086,1096,2564,ช่วยธุรกิจครัวเรือน,ชาย,น่าน,แรงงานในระบบ,คน
16596,1097,2564,ลูกจ้างรัฐบาล,ชาย,น่าน,แรงงานในระบบ,คน
13834,1098,2564,ลูกจ้างเอกชน,ชาย,น่าน,แรงงานในระบบ,คน
44,1099,2564,ประกอบธุรกิจส่วนตัว,หญิง,น่าน,แรงงานในระบบ,คน
926,1100,2564,ช่วยธุรกิจครัวเรือน,หญิง,น่าน,แรงงานในระบบ,คน
18282,1101,2564,ลูกจ้างรัฐบาล,หญิง,น่าน,แรงงานในระบบ,คน
11147,1102,2564,ลูกจ้างเอกชน,หญิง,น่าน,แรงงานในระบบ,คน
1398,1103,2564,นายจ้าง,ชาย,น่าน,แรงงานนอกระบบ,คน
76095,1104,2564,ประกอบธุรกิจส่วนตัว,ชาย,น่าน,แรงงานนอกระบบ,คน
24124,1105,2564,ช่วยธุรกิจครัวเรือน,ชาย,น่าน,แรงงานนอกระบบ,คน
350,1106,2564,ลูกจ้างรัฐบาล,ชาย,น่าน,แรงงานนอกระบบ,คน
3219,1107,2564,ลูกจ้างเอกชน,ชาย,น่าน,แรงงานนอกระบบ,คน
87,1108,2564,นายจ้าง,หญิง,น่าน,แรงงานนอกระบบ,คน
29245,1109,2564,ประกอบธุรกิจส่วนตัว,หญิง,น่าน,แรงงานนอกระบบ,คน
56759,1110,2564,ช่วยธุรกิจครัวเรือน,หญิง,น่าน,แรงงานนอกระบบ,คน
773,1111,2564,ลูกจ้างรัฐบาล,หญิง,น่าน,แรงงานนอกระบบ,คน
921,1112,2564,ลูกจ้างเอกชน,หญิง,น่าน,แรงงานนอกระบบ,คน
130,1113,2564,นายจ้าง,ชาย,พะเยา,แรงงานในระบบ,คน
2677,1114,2564,ประกอบธุรกิจส่วนตัว,ชาย,พะเยา,แรงงานในระบบ,คน
1011,1115,2564,ช่วยธุรกิจครัวเรือน,ชาย,พะเยา,แรงงานในระบบ,คน
10758,1116,2564,ลูกจ้างรัฐบาล,ชาย,พะเยา,แรงงานในระบบ,คน
12600,1117,2564,ลูกจ้างเอกชน,ชาย,พะเยา,แรงงานในระบบ,คน
1304,1118,2564,ประกอบธุรกิจส่วนตัว,หญิง,พะเยา,แรงงานในระบบ,คน
1384,1119,2564,ช่วยธุรกิจครัวเรือน,หญิง,พะเยา,แรงงานในระบบ,คน
9147,1120,2564,ลูกจ้างรัฐบาล,หญิง,พะเยา,แรงงานในระบบ,คน
10232,1121,2564,ลูกจ้างเอกชน,หญิง,พะเยา,แรงงานในระบบ,คน
1304,1122,2564,นายจ้าง,ชาย,พะเยา,แรงงานนอกระบบ,คน
62502,1123,2564,ประกอบธุรกิจส่วนตัว,ชาย,พะเยา,แรงงานนอกระบบ,คน
23840,1124,2564,ช่วยธุรกิจครัวเรือน,ชาย,พะเยา,แรงงานนอกระบบ,คน
447,1125,2564,ลูกจ้างรัฐบาล,ชาย,พะเยา,แรงงานนอกระบบ,คน
4354,1126,2564,ลูกจ้างเอกชน,ชาย,พะเยา,แรงงานนอกระบบ,คน
173,1127,2564,การรวมกลุ่ม,ชาย,พะเยา,แรงงานนอกระบบ,คน
46,1128,2564,นายจ้าง,หญิง,พะเยา,แรงงานนอกระบบ,คน
29368,1129,2564,ประกอบธุรกิจส่วนตัว,หญิง,พะเยา,แรงงานนอกระบบ,คน
42422,1130,2564,ช่วยธุรกิจครัวเรือน,หญิง,พะเยา,แรงงานนอกระบบ,คน
637,1131,2564,ลูกจ้างรัฐบาล,หญิง,พะเยา,แรงงานนอกระบบ,คน
1409,1132,2564,ลูกจ้างเอกชน,หญิง,พะเยา,แรงงานนอกระบบ,คน
2085,1133,2564,นายจ้าง,ชาย,เชียงราย,แรงงานในระบบ,คน
3831,1134,2564,ประกอบธุรกิจส่วนตัว,ชาย,เชียงราย,แรงงานในระบบ,คน
4585,1135,2564,ช่วยธุรกิจครัวเรือน,ชาย,เชียงราย,แรงงานในระบบ,คน
19250,1136,2564,ลูกจ้างรัฐบาล,ชาย,เชียงราย,แรงงานในระบบ,คน
58184,1137,2564,ลูกจ้างเอกชน,ชาย,เชียงราย,แรงงานในระบบ,คน
554,1138,2564,นายจ้าง,หญิง,เชียงราย,แรงงานในระบบ,คน
541,1139,2564,ประกอบธุรกิจส่วนตัว,หญิง,เชียงราย,แรงงานในระบบ,คน
552,1140,2564,ช่วยธุรกิจครัวเรือน,หญิง,เชียงราย,แรงงานในระบบ,คน
20361,1141,2564,ลูกจ้างรัฐบาล,หญิง,เชียงราย,แรงงานในระบบ,คน
37295,1142,2564,ลูกจ้างเอกชน,หญิง,เชียงราย,แรงงานในระบบ,คน
7448,1143,2564,นายจ้าง,ชาย,เชียงราย,แรงงานนอกระบบ,คน
171408,1144,2564,ประกอบธุรกิจส่วนตัว,ชาย,เชียงราย,แรงงานนอกระบบ,คน
39764,1145,2564,ช่วยธุรกิจครัวเรือน,ชาย,เชียงราย,แรงงานนอกระบบ,คน
23446,1146,2564,ลูกจ้างเอกชน,ชาย,เชียงราย,แรงงานนอกระบบ,คน
1880,1147,2564,นายจ้าง,หญิง,เชียงราย,แรงงานนอกระบบ,คน
77453,1148,2564,ประกอบธุรกิจส่วนตัว,หญิง,เชียงราย,แรงงานนอกระบบ,คน
83904,1149,2564,ช่วยธุรกิจครัวเรือน,หญิง,เชียงราย,แรงงานนอกระบบ,คน
11538,1150,2564,ลูกจ้างเอกชน,หญิง,เชียงราย,แรงงานนอกระบบ,คน
239,1151,2564,การรวมกลุ่ม,หญิง,เชียงราย,แรงงานนอกระบบ,คน
19,1152,2564,นายจ้าง,ชาย,แม่ฮ่องสอน,แรงงานในระบบ,คน
707,1153,2564,ประกอบธุรกิจส่วนตัว,ชาย,แม่ฮ่องสอน,แรงงานในระบบ,คน
212,1154,2564,ช่วยธุรกิจครัวเรือน,ชาย,แม่ฮ่องสอน,แรงงานในระบบ,คน
6382,1155,2564,ลูกจ้างรัฐบาล,ชาย,แม่ฮ่องสอน,แรงงานในระบบ,คน
2424,1156,2564,ลูกจ้างเอกชน,ชาย,แม่ฮ่องสอน,แรงงานในระบบ,คน
30,1157,2564,นายจ้าง,หญิง,แม่ฮ่องสอน,แรงงานในระบบ,คน
519,1158,2564,ประกอบธุรกิจส่วนตัว,หญิง,แม่ฮ่องสอน,แรงงานในระบบ,คน
548,1159,2564,ช่วยธุรกิจครัวเรือน,หญิง,แม่ฮ่องสอน,แรงงานในระบบ,คน
4963,1160,2564,ลูกจ้างรัฐบาล,หญิง,แม่ฮ่องสอน,แรงงานในระบบ,คน
2677,1161,2564,ลูกจ้างเอกชน,หญิง,แม่ฮ่องสอน,แรงงานในระบบ,คน
312,1162,2564,นายจ้าง,ชาย,แม่ฮ่องสอน,แรงงานนอกระบบ,คน
28132,1163,2564,ประกอบธุรกิจส่วนตัว,ชาย,แม่ฮ่องสอน,แรงงานนอกระบบ,คน
17913,1164,2564,ช่วยธุรกิจครัวเรือน,ชาย,แม่ฮ่องสอน,แรงงานนอกระบบ,คน
2201,1165,2564,ลูกจ้างรัฐบาล,ชาย,แม่ฮ่องสอน,แรงงานนอกระบบ,คน
1982,1166,2564,ลูกจ้างเอกชน,ชาย,แม่ฮ่องสอน,แรงงานนอกระบบ,คน
44,1167,2564,นายจ้าง,หญิง,แม่ฮ่องสอน,แรงงานนอกระบบ,คน
9838,1168,2564,ประกอบธุรกิจส่วนตัว,หญิง,แม่ฮ่องสอน,แรงงานนอกระบบ,คน
27984,1169,2564,ช่วยธุรกิจครัวเรือน,หญิง,แม่ฮ่องสอน,แรงงานนอกระบบ,คน
516,1170,2564,ลูกจ้างรัฐบาล,หญิง,แม่ฮ่องสอน,แรงงานนอกระบบ,คน
1543,1171,2564,ลูกจ้างเอกชน,หญิง,แม่ฮ่องสอน,แรงงานนอกระบบ,คน
1108,1172,2564,นายจ้าง,ชาย,นครสวรรค์,แรงงานในระบบ,คน
1738,1173,2564,ประกอบธุรกิจส่วนตัว,ชาย,นครสวรรค์,แรงงานในระบบ,คน
2535,1174,2564,ช่วยธุรกิจครัวเรือน,ชาย,นครสวรรค์,แรงงานในระบบ,คน
22013,1175,2564,ลูกจ้างรัฐบาล,ชาย,นครสวรรค์,แรงงานในระบบ,คน
64236,1176,2564,ลูกจ้างเอกชน,ชาย,นครสวรรค์,แรงงานในระบบ,คน
2441,1177,2564,ประกอบธุรกิจส่วนตัว,หญิง,นครสวรรค์,แรงงานในระบบ,คน
701,1178,2564,ช่วยธุรกิจครัวเรือน,หญิง,นครสวรรค์,แรงงานในระบบ,คน
33455,1179,2564,ลูกจ้างรัฐบาล,หญิง,นครสวรรค์,แรงงานในระบบ,คน
48231,1180,2564,ลูกจ้างเอกชน,หญิง,นครสวรรค์,แรงงานในระบบ,คน
4722,1181,2564,นายจ้าง,ชาย,นครสวรรค์,แรงงานนอกระบบ,คน
126738,1182,2564,ประกอบธุรกิจส่วนตัว,ชาย,นครสวรรค์,แรงงานนอกระบบ,คน
47424,1183,2564,ช่วยธุรกิจครัวเรือน,ชาย,นครสวรรค์,แรงงานนอกระบบ,คน
754,1184,2564,ลูกจ้างรัฐบาล,ชาย,นครสวรรค์,แรงงานนอกระบบ,คน
10265,1185,2564,ลูกจ้างเอกชน,ชาย,นครสวรรค์,แรงงานนอกระบบ,คน
885,1186,2564,นายจ้าง,หญิง,นครสวรรค์,แรงงานนอกระบบ,คน
89187,1187,2564,ประกอบธุรกิจส่วนตัว,หญิง,นครสวรรค์,แรงงานนอกระบบ,คน
68553,1188,2564,ช่วยธุรกิจครัวเรือน,หญิง,นครสวรรค์,แรงงานนอกระบบ,คน
971,1189,2564,ลูกจ้างรัฐบาล,หญิง,นครสวรรค์,แรงงานนอกระบบ,คน
2748,1190,2564,ลูกจ้างเอกชน,หญิง,นครสวรรค์,แรงงานนอกระบบ,คน
772,1191,2564,ประกอบธุรกิจส่วนตัว,ชาย,อุทัยธานี,แรงงานในระบบ,คน
88,1192,2564,ช่วยธุรกิจครัวเรือน,ชาย,อุทัยธานี,แรงงานในระบบ,คน
7509,1193,2564,ลูกจ้างรัฐบาล,ชาย,อุทัยธานี,แรงงานในระบบ,คน
9770,1194,2564,ลูกจ้างเอกชน,ชาย,อุทัยธานี,แรงงานในระบบ,คน
25,1195,2564,นายจ้าง,หญิง,อุทัยธานี,แรงงานในระบบ,คน
1050,1196,2564,ประกอบธุรกิจส่วนตัว,หญิง,อุทัยธานี,แรงงานในระบบ,คน
534,1197,2564,ช่วยธุรกิจครัวเรือน,หญิง,อุทัยธานี,แรงงานในระบบ,คน
10758,1198,2564,ลูกจ้างรัฐบาล,หญิง,อุทัยธานี,แรงงานในระบบ,คน
8366,1199,2564,ลูกจ้างเอกชน,หญิง,อุทัยธานี,แรงงานในระบบ,คน
1557,1200,2564,นายจ้าง,ชาย,อุทัยธานี,แรงงานนอกระบบ,คน
45420,1201,2564,ประกอบธุรกิจส่วนตัว,ชาย,อุทัยธานี,แรงงานนอกระบบ,คน
10339,1202,2564,ช่วยธุรกิจครัวเรือน,ชาย,อุทัยธานี,แรงงานนอกระบบ,คน
1107,1203,2564,ลูกจ้างรัฐบาล,ชาย,อุทัยธานี,แรงงานนอกระบบ,คน
1611,1204,2564,ลูกจ้างเอกชน,ชาย,อุทัยธานี,แรงงานนอกระบบ,คน
200,1205,2564,นายจ้าง,หญิง,อุทัยธานี,แรงงานนอกระบบ,คน
22341,1206,2564,ประกอบธุรกิจส่วนตัว,หญิง,อุทัยธานี,แรงงานนอกระบบ,คน
24020,1207,2564,ช่วยธุรกิจครัวเรือน,หญิง,อุทัยธานี,แรงงานนอกระบบ,คน
1194,1208,2564,ลูกจ้างรัฐบาล,หญิง,อุทัยธานี,แรงงานนอกระบบ,คน
662,1209,2564,ลูกจ้างเอกชน,หญิง,อุทัยธานี,แรงงานนอกระบบ,คน
196,1210,2564,นายจ้าง,ชาย,กำแพงเพชร,แรงงานในระบบ,คน
4109,1211,2564,ประกอบธุรกิจส่วนตัว,ชาย,กำแพงเพชร,แรงงานในระบบ,คน
342,1212,2564,ช่วยธุรกิจครัวเรือน,ชาย,กำแพงเพชร,แรงงานในระบบ,คน
13572,1213,2564,ลูกจ้างรัฐบาล,ชาย,กำแพงเพชร,แรงงานในระบบ,คน
43264,1214,2564,ลูกจ้างเอกชน,ชาย,กำแพงเพชร,แรงงานในระบบ,คน
2514,1215,2564,ประกอบธุรกิจส่วนตัว,หญิง,กำแพงเพชร,แรงงานในระบบ,คน
348,1216,2564,ช่วยธุรกิจครัวเรือน,หญิง,กำแพงเพชร,แรงงานในระบบ,คน
19377,1217,2564,ลูกจ้างรัฐบาล,หญิง,กำแพงเพชร,แรงงานในระบบ,คน
22476,1218,2564,ลูกจ้างเอกชน,หญิง,กำแพงเพชร,แรงงานในระบบ,คน
3664,1219,2564,นายจ้าง,ชาย,กำแพงเพชร,แรงงานนอกระบบ,คน
104471,1220,2564,ประกอบธุรกิจส่วนตัว,ชาย,กำแพงเพชร,แรงงานนอกระบบ,คน
37491,1221,2564,ช่วยธุรกิจครัวเรือน,ชาย,กำแพงเพชร,แรงงานนอกระบบ,คน
609,1222,2564,ลูกจ้างรัฐบาล,ชาย,กำแพงเพชร,แรงงานนอกระบบ,คน
10164,1223,2564,ลูกจ้างเอกชน,ชาย,กำแพงเพชร,แรงงานนอกระบบ,คน
1991,1224,2564,นายจ้าง,หญิง,กำแพงเพชร,แรงงานนอกระบบ,คน
66334,1225,2564,ประกอบธุรกิจส่วนตัว,หญิง,กำแพงเพชร,แรงงานนอกระบบ,คน
63405,1226,2564,ช่วยธุรกิจครัวเรือน,หญิง,กำแพงเพชร,แรงงานนอกระบบ,คน
1457,1227,2564,ลูกจ้างรัฐบาล,หญิง,กำแพงเพชร,แรงงานนอกระบบ,คน
5657,1228,2564,ลูกจ้างเอกชน,หญิง,กำแพงเพชร,แรงงานนอกระบบ,คน
515,1229,2564,นายจ้าง,ชาย,ตาก,แรงงานในระบบ,คน
7280,1230,2564,ประกอบธุรกิจส่วนตัว,ชาย,ตาก,แรงงานในระบบ,คน
1931,1231,2564,ช่วยธุรกิจครัวเรือน,ชาย,ตาก,แรงงานในระบบ,คน
15997,1232,2564,ลูกจ้างรัฐบาล,ชาย,ตาก,แรงงานในระบบ,คน
24448,1233,2564,ลูกจ้างเอกชน,ชาย,ตาก,แรงงานในระบบ,คน
5284,1234,2564,ประกอบธุรกิจส่วนตัว,หญิง,ตาก,แรงงานในระบบ,คน
5558,1235,2564,ช่วยธุรกิจครัวเรือน,หญิง,ตาก,แรงงานในระบบ,คน
16295,1236,2564,ลูกจ้างรัฐบาล,หญิง,ตาก,แรงงานในระบบ,คน
17723,1237,2564,ลูกจ้างเอกชน,หญิง,ตาก,แรงงานในระบบ,คน
2756,1238,2564,นายจ้าง,ชาย,ตาก,แรงงานนอกระบบ,คน
49086,1239,2564,ประกอบธุรกิจส่วนตัว,ชาย,ตาก,แรงงานนอกระบบ,คน
17408,1240,2564,ช่วยธุรกิจครัวเรือน,ชาย,ตาก,แรงงานนอกระบบ,คน
696,1241,2564,ลูกจ้างรัฐบาล,ชาย,ตาก,แรงงานนอกระบบ,คน
7224,1242,2564,ลูกจ้างเอกชน,ชาย,ตาก,แรงงานนอกระบบ,คน
676,1243,2564,นายจ้าง,หญิง,ตาก,แรงงานนอกระบบ,คน
22552,1244,2564,ประกอบธุรกิจส่วนตัว,หญิง,ตาก,แรงงานนอกระบบ,คน
25854,1245,2564,ช่วยธุรกิจครัวเรือน,หญิง,ตาก,แรงงานนอกระบบ,คน
506,1246,2564,ลูกจ้างรัฐบาล,หญิง,ตาก,แรงงานนอกระบบ,คน
5848,1247,2564,ลูกจ้างเอกชน,หญิง,ตาก,แรงงานนอกระบบ,คน
3059,1248,2564,ประกอบธุรกิจส่วนตัว,ชาย,สุโขทัย,แรงงานในระบบ,คน
618,1249,2564,ช่วยธุรกิจครัวเรือน,ชาย,สุโขทัย,แรงงานในระบบ,คน
15912,1250,2564,ลูกจ้างรัฐบาล,ชาย,สุโขทัย,แรงงานในระบบ,คน
30201,1251,2564,ลูกจ้างเอกชน,ชาย,สุโขทัย,แรงงานในระบบ,คน
2378,1252,2564,ประกอบธุรกิจส่วนตัว,หญิง,สุโขทัย,แรงงานในระบบ,คน
1473,1253,2564,ช่วยธุรกิจครัวเรือน,หญิง,สุโขทัย,แรงงานในระบบ,คน
13180,1254,2564,ลูกจ้างรัฐบาล,หญิง,สุโขทัย,แรงงานในระบบ,คน
22905,1255,2564,ลูกจ้างเอกชน,หญิง,สุโขทัย,แรงงานในระบบ,คน
328,1256,2564,การรวมกลุ่ม,หญิง,สุโขทัย,แรงงานในระบบ,คน
2229,1257,2564,นายจ้าง,ชาย,สุโขทัย,แรงงานนอกระบบ,คน
87252,1258,2564,ประกอบธุรกิจส่วนตัว,ชาย,สุโขทัย,แรงงานนอกระบบ,คน
28903,1259,2564,ช่วยธุรกิจครัวเรือน,ชาย,สุโขทัย,แรงงานนอกระบบ,คน
1050,1260,2564,ลูกจ้างรัฐบาล,ชาย,สุโขทัย,แรงงานนอกระบบ,คน
5760,1261,2564,ลูกจ้างเอกชน,ชาย,สุโขทัย,แรงงานนอกระบบ,คน
1176,1262,2564,นายจ้าง,หญิง,สุโขทัย,แรงงานนอกระบบ,คน
53408,1263,2564,ประกอบธุรกิจส่วนตัว,หญิง,สุโขทัย,แรงงานนอกระบบ,คน
54500,1264,2564,ช่วยธุรกิจครัวเรือน,หญิง,สุโขทัย,แรงงานนอกระบบ,คน
1938,1265,2564,ลูกจ้างรัฐบาล,หญิง,สุโขทัย,แรงงานนอกระบบ,คน
4208,1266,2564,ลูกจ้างเอกชน,หญิง,สุโขทัย,แรงงานนอกระบบ,คน
391,1267,2564,นายจ้าง,ชาย,พิษณุโลก,แรงงานในระบบ,คน
6934,1268,2564,ประกอบธุรกิจส่วนตัว,ชาย,พิษณุโลก,แรงงานในระบบ,คน
1587,1269,2564,ช่วยธุรกิจครัวเรือน,ชาย,พิษณุโลก,แรงงานในระบบ,คน
24674,1270,2564,ลูกจ้างรัฐบาล,ชาย,พิษณุโลก,แรงงานในระบบ,คน
53605,1271,2564,ลูกจ้างเอกชน,ชาย,พิษณุโลก,แรงงานในระบบ,คน
5520,1272,2564,ประกอบธุรกิจส่วนตัว,หญิง,พิษณุโลก,แรงงานในระบบ,คน
1073,1273,2564,ช่วยธุรกิจครัวเรือน,หญิง,พิษณุโลก,แรงงานในระบบ,คน
23310,1274,2564,ลูกจ้างรัฐบาล,หญิง,พิษณุโลก,แรงงานในระบบ,คน
45186,1275,2564,ลูกจ้างเอกชน,หญิง,พิษณุโลก,แรงงานในระบบ,คน
3081,1276,2564,นายจ้าง,ชาย,พิษณุโลก,แรงงานนอกระบบ,คน
121599,1277,2564,ประกอบธุรกิจส่วนตัว,ชาย,พิษณุโลก,แรงงานนอกระบบ,คน
37216,1278,2564,ช่วยธุรกิจครัวเรือน,ชาย,พิษณุโลก,แรงงานนอกระบบ,คน
666,1279,2564,ลูกจ้างรัฐบาล,ชาย,พิษณุโลก,แรงงานนอกระบบ,คน
1551,1280,2564,ลูกจ้างเอกชน,ชาย,พิษณุโลก,แรงงานนอกระบบ,คน
1331,1281,2564,นายจ้าง,หญิง,พิษณุโลก,แรงงานนอกระบบ,คน
75539,1282,2564,ประกอบธุรกิจส่วนตัว,หญิง,พิษณุโลก,แรงงานนอกระบบ,คน
64083,1283,2564,ช่วยธุรกิจครัวเรือน,หญิง,พิษณุโลก,แรงงานนอกระบบ,คน
1103,1284,2564,ลูกจ้างรัฐบาล,หญิง,พิษณุโลก,แรงงานนอกระบบ,คน
1352,1285,2564,ลูกจ้างเอกชน,หญิง,พิษณุโลก,แรงงานนอกระบบ,คน
252,1286,2564,นายจ้าง,ชาย,พิจิตร,แรงงานในระบบ,คน
1697,1287,2564,ประกอบธุรกิจส่วนตัว,ชาย,พิจิตร,แรงงานในระบบ,คน
641,1288,2564,ช่วยธุรกิจครัวเรือน,ชาย,พิจิตร,แรงงานในระบบ,คน
13355,1289,2564,ลูกจ้างรัฐบาล,ชาย,พิจิตร,แรงงานในระบบ,คน
16819,1290,2564,ลูกจ้างเอกชน,ชาย,พิจิตร,แรงงานในระบบ,คน
2153,1291,2564,ประกอบธุรกิจส่วนตัว,หญิง,พิจิตร,แรงงานในระบบ,คน
1237,1292,2564,ช่วยธุรกิจครัวเรือน,หญิง,พิจิตร,แรงงานในระบบ,คน
16613,1293,2564,ลูกจ้างรัฐบาล,หญิง,พิจิตร,แรงงานในระบบ,คน
14049,1294,2564,ลูกจ้างเอกชน,หญิง,พิจิตร,แรงงานในระบบ,คน
2649,1295,2564,นายจ้าง,ชาย,พิจิตร,แรงงานนอกระบบ,คน
90485,1296,2564,ประกอบธุรกิจส่วนตัว,ชาย,พิจิตร,แรงงานนอกระบบ,คน
25428,1297,2564,ช่วยธุรกิจครัวเรือน,ชาย,พิจิตร,แรงงานนอกระบบ,คน
679,1298,2564,ลูกจ้างรัฐบาล,ชาย,พิจิตร,แรงงานนอกระบบ,คน
1964,1299,2564,ลูกจ้างเอกชน,ชาย,พิจิตร,แรงงานนอกระบบ,คน
525,1300,2564,นายจ้าง,หญิง,พิจิตร,แรงงานนอกระบบ,คน
48712,1301,2564,ประกอบธุรกิจส่วนตัว,หญิง,พิจิตร,แรงงานนอกระบบ,คน
48600,1302,2564,ช่วยธุรกิจครัวเรือน,หญิง,พิจิตร,แรงงานนอกระบบ,คน
922,1303,2564,ลูกจ้างรัฐบาล,หญิง,พิจิตร,แรงงานนอกระบบ,คน
2087,1304,2564,ลูกจ้างเอกชน,หญิง,พิจิตร,แรงงานนอกระบบ,คน
24077,1305,2564,ประกอบธุรกิจส่วนตัว,ชาย,เพชรบูรณ์,แรงงานในระบบ,คน
10537,1306,2564,ช่วยธุรกิจครัวเรือน,ชาย,เพชรบูรณ์,แรงงานในระบบ,คน
18590,1307,2564,ลูกจ้างรัฐบาล,ชาย,เพชรบูรณ์,แรงงานในระบบ,คน
35864,1308,2564,ลูกจ้างเอกชน,ชาย,เพชรบูรณ์,แรงงานในระบบ,คน
204,1309,2564,นายจ้าง,หญิง,เพชรบูรณ์,แรงงานในระบบ,คน
11408,1310,2564,ประกอบธุรกิจส่วนตัว,หญิง,เพชรบูรณ์,แรงงานในระบบ,คน
19850,1311,2564,ช่วยธุรกิจครัวเรือน,หญิง,เพชรบูรณ์,แรงงานในระบบ,คน
26183,1312,2564,ลูกจ้างรัฐบาล,หญิง,เพชรบูรณ์,แรงงานในระบบ,คน
23535,1313,2564,ลูกจ้างเอกชน,หญิง,เพชรบูรณ์,แรงงานในระบบ,คน
83,1314,2564,การรวมกลุ่ม,หญิง,เพชรบูรณ์,แรงงานในระบบ,คน
5172,1315,2564,นายจ้าง,ชาย,เพชรบูรณ์,แรงงานนอกระบบ,คน
107550,1316,2564,ประกอบธุรกิจส่วนตัว,ชาย,เพชรบูรณ์,แรงงานนอกระบบ,คน
42106,1317,2564,ช่วยธุรกิจครัวเรือน,ชาย,เพชรบูรณ์,แรงงานนอกระบบ,คน
926,1318,2564,ลูกจ้างรัฐบาล,ชาย,เพชรบูรณ์,แรงงานนอกระบบ,คน
2144,1319,2564,ลูกจ้างเอกชน,ชาย,เพชรบูรณ์,แรงงานนอกระบบ,คน
327,1320,2564,นายจ้าง,หญิง,เพชรบูรณ์,แรงงานนอกระบบ,คน
55456,1321,2564,ประกอบธุรกิจส่วนตัว,หญิง,เพชรบูรณ์,แรงงานนอกระบบ,คน
68378,1322,2564,ช่วยธุรกิจครัวเรือน,หญิง,เพชรบูรณ์,แรงงานนอกระบบ,คน
311,1323,2564,ลูกจ้างรัฐบาล,หญิง,เพชรบูรณ์,แรงงานนอกระบบ,คน
1563,1324,2564,ลูกจ้างเอกชน,หญิง,เพชรบูรณ์,แรงงานนอกระบบ,คน
641,1325,2565,นายจ้าง,ชาย,เชียงใหม่,แรงงานในระบบ,คน
17130,1326,2565,ประกอบธุรกิจส่วนตัว,ชาย,เชียงใหม่,แรงงานในระบบ,คน
4949,1327,2565,ช่วยธุรกิจครัวเรือน,ชาย,เชียงใหม่,แรงงานในระบบ,คน
48495,1328,2565,ลูกจ้างรัฐบาล,ชาย,เชียงใหม่,แรงงานในระบบ,คน
127760,1329,2565,ลูกจ้างเอกชน,ชาย,เชียงใหม่,แรงงานในระบบ,คน
15678,1330,2565,ประกอบธุรกิจส่วนตัว,หญิง,เชียงใหม่,แรงงานในระบบ,คน
10580,1331,2565,ช่วยธุรกิจครัวเรือน,หญิง,เชียงใหม่,แรงงานในระบบ,คน
50688,1332,2565,ลูกจ้างรัฐบาล,หญิง,เชียงใหม่,แรงงานในระบบ,คน
117353,1333,2565,ลูกจ้างเอกชน,หญิง,เชียงใหม่,แรงงานในระบบ,คน
15726,1334,2565,นายจ้าง,ชาย,เชียงใหม่,แรงงานนอกระบบ,คน
256211,1335,2565,ประกอบธุรกิจส่วนตัว,ชาย,เชียงใหม่,แรงงานนอกระบบ,คน
60755,1336,2565,ช่วยธุรกิจครัวเรือน,ชาย,เชียงใหม่,แรงงานนอกระบบ,คน
2408,1337,2565,ลูกจ้างรัฐบาล,ชาย,เชียงใหม่,แรงงานนอกระบบ,คน
5643,1338,2565,ลูกจ้างเอกชน,ชาย,เชียงใหม่,แรงงานนอกระบบ,คน
6252,1339,2565,นายจ้าง,หญิง,เชียงใหม่,แรงงานนอกระบบ,คน
159852,1340,2565,ประกอบธุรกิจส่วนตัว,หญิง,เชียงใหม่,แรงงานนอกระบบ,คน
119054,1341,2565,ช่วยธุรกิจครัวเรือน,หญิง,เชียงใหม่,แรงงานนอกระบบ,คน
1644,1342,2565,ลูกจ้างรัฐบาล,หญิง,เชียงใหม่,แรงงานนอกระบบ,คน
2359,1343,2565,ลูกจ้างเอกชน,หญิง,เชียงใหม่,แรงงานนอกระบบ,คน
231,1344,2565,นายจ้าง,ชาย,ลำพูน,แรงงานในระบบ,คน
5459,1345,2565,ประกอบธุรกิจส่วนตัว,ชาย,ลำพูน,แรงงานในระบบ,คน
743,1346,2565,ช่วยธุรกิจครัวเรือน,ชาย,ลำพูน,แรงงานในระบบ,คน
9654,1347,2565,ลูกจ้างรัฐบาล,ชาย,ลำพูน,แรงงานในระบบ,คน
29150,1348,2565,ลูกจ้างเอกชน,ชาย,ลำพูน,แรงงานในระบบ,คน
3073,1349,2565,ประกอบธุรกิจส่วนตัว,หญิง,ลำพูน,แรงงานในระบบ,คน
2440,1350,2565,ช่วยธุรกิจครัวเรือน,หญิง,ลำพูน,แรงงานในระบบ,คน
7951,1351,2565,ลูกจ้างรัฐบาล,หญิง,ลำพูน,แรงงานในระบบ,คน
34979,1352,2565,ลูกจ้างเอกชน,หญิง,ลำพูน,แรงงานในระบบ,คน
2065,1353,2565,นายจ้าง,ชาย,ลำพูน,แรงงานนอกระบบ,คน
57356,1354,2565,ประกอบธุรกิจส่วนตัว,ชาย,ลำพูน,แรงงานนอกระบบ,คน
10218,1355,2565,ช่วยธุรกิจครัวเรือน,ชาย,ลำพูน,แรงงานนอกระบบ,คน
5993,1356,2565,ลูกจ้างเอกชน,ชาย,ลำพูน,แรงงานนอกระบบ,คน
612,1357,2565,นายจ้าง,หญิง,ลำพูน,แรงงานนอกระบบ,คน
34702,1358,2565,ประกอบธุรกิจส่วนตัว,หญิง,ลำพูน,แรงงานนอกระบบ,คน
23104,1359,2565,ช่วยธุรกิจครัวเรือน,หญิง,ลำพูน,แรงงานนอกระบบ,คน
370,1360,2565,ลูกจ้างรัฐบาล,หญิง,ลำพูน,แรงงานนอกระบบ,คน
4093,1361,2565,ลูกจ้างเอกชน,หญิง,ลำพูน,แรงงานนอกระบบ,คน
182,1362,2565,นายจ้าง,ชาย,ลำปาง,แรงงานในระบบ,คน
4957,1363,2565,ประกอบธุรกิจส่วนตัว,ชาย,ลำปาง,แรงงานในระบบ,คน
570,1364,2565,ช่วยธุรกิจครัวเรือน,ชาย,ลำปาง,แรงงานในระบบ,คน
21054,1365,2565,ลูกจ้างรัฐบาล,ชาย,ลำปาง,แรงงานในระบบ,คน
47915,1366,2565,ลูกจ้างเอกชน,ชาย,ลำปาง,แรงงานในระบบ,คน
3222,1367,2565,ประกอบธุรกิจส่วนตัว,หญิง,ลำปาง,แรงงานในระบบ,คน
1758,1368,2565,ช่วยธุรกิจครัวเรือน,หญิง,ลำปาง,แรงงานในระบบ,คน
21853,1369,2565,ลูกจ้างรัฐบาล,หญิง,ลำปาง,แรงงานในระบบ,คน
39131,1370,2565,ลูกจ้างเอกชน,หญิง,ลำปาง,แรงงานในระบบ,คน
3740,1371,2565,นายจ้าง,ชาย,ลำปาง,แรงงานนอกระบบ,คน
92840,1372,2565,ประกอบธุรกิจส่วนตัว,ชาย,ลำปาง,แรงงานนอกระบบ,คน
24007,1373,2565,ช่วยธุรกิจครัวเรือน,ชาย,ลำปาง,แรงงานนอกระบบ,คน
1301,1374,2565,ลูกจ้างรัฐบาล,ชาย,ลำปาง,แรงงานนอกระบบ,คน
4526,1375,2565,ลูกจ้างเอกชน,ชาย,ลำปาง,แรงงานนอกระบบ,คน
1242,1376,2565,นายจ้าง,หญิง,ลำปาง,แรงงานนอกระบบ,คน
49699,1377,2565,ประกอบธุรกิจส่วนตัว,หญิง,ลำปาง,แรงงานนอกระบบ,คน
49681,1378,2565,ช่วยธุรกิจครัวเรือน,หญิง,ลำปาง,แรงงานนอกระบบ,คน
1052,1379,2565,ลูกจ้างรัฐบาล,หญิง,ลำปาง,แรงงานนอกระบบ,คน
2412,1380,2565,ลูกจ้างเอกชน,หญิง,ลำปาง,แรงงานนอกระบบ,คน
1512,1381,2565,ประกอบธุรกิจส่วนตัว,ชาย,อุตรดิตถ์,แรงงานในระบบ,คน
681,1382,2565,ช่วยธุรกิจครัวเรือน,ชาย,อุตรดิตถ์,แรงงานในระบบ,คน
15014,1383,2565,ลูกจ้างรัฐบาล,ชาย,อุตรดิตถ์,แรงงานในระบบ,คน
16715,1384,2565,ลูกจ้างเอกชน,ชาย,อุตรดิตถ์,แรงงานในระบบ,คน
45,1385,2565,นายจ้าง,หญิง,อุตรดิตถ์,แรงงานในระบบ,คน
1744,1386,2565,ประกอบธุรกิจส่วนตัว,หญิง,อุตรดิตถ์,แรงงานในระบบ,คน
721,1387,2565,ช่วยธุรกิจครัวเรือน,หญิง,อุตรดิตถ์,แรงงานในระบบ,คน
16658,1388,2565,ลูกจ้างรัฐบาล,หญิง,อุตรดิตถ์,แรงงานในระบบ,คน
14666,1389,2565,ลูกจ้างเอกชน,หญิง,อุตรดิตถ์,แรงงานในระบบ,คน
2135,1390,2565,นายจ้าง,ชาย,อุตรดิตถ์,แรงงานนอกระบบ,คน
66637,1391,2565,ประกอบธุรกิจส่วนตัว,ชาย,อุตรดิตถ์,แรงงานนอกระบบ,คน
13184,1392,2565,ช่วยธุรกิจครัวเรือน,ชาย,อุตรดิตถ์,แรงงานนอกระบบ,คน
66,1393,2565,ลูกจ้างรัฐบาล,ชาย,อุตรดิตถ์,แรงงานนอกระบบ,คน
1308,1394,2565,ลูกจ้างเอกชน,ชาย,อุตรดิตถ์,แรงงานนอกระบบ,คน
500,1395,2565,นายจ้าง,หญิง,อุตรดิตถ์,แรงงานนอกระบบ,คน
33995,1396,2565,ประกอบธุรกิจส่วนตัว,หญิง,อุตรดิตถ์,แรงงานนอกระบบ,คน
23716,1397,2565,ช่วยธุรกิจครัวเรือน,หญิง,อุตรดิตถ์,แรงงานนอกระบบ,คน
1029,1398,2565,ลูกจ้างรัฐบาล,หญิง,อุตรดิตถ์,แรงงานนอกระบบ,คน
716,1399,2565,ลูกจ้างเอกชน,หญิง,อุตรดิตถ์,แรงงานนอกระบบ,คน
657,1400,2565,นายจ้าง,ชาย,แพร่,แรงงานในระบบ,คน
2570,1401,2565,ประกอบธุรกิจส่วนตัว,ชาย,แพร่,แรงงานในระบบ,คน
874,1402,2565,ช่วยธุรกิจครัวเรือน,ชาย,แพร่,แรงงานในระบบ,คน
9697,1403,2565,ลูกจ้างรัฐบาล,ชาย,แพร่,แรงงานในระบบ,คน
24331,1404,2565,ลูกจ้างเอกชน,ชาย,แพร่,แรงงานในระบบ,คน
374,1405,2565,นายจ้าง,หญิง,แพร่,แรงงานในระบบ,คน
2000,1406,2565,ประกอบธุรกิจส่วนตัว,หญิง,แพร่,แรงงานในระบบ,คน
1986,1407,2565,ช่วยธุรกิจครัวเรือน,หญิง,แพร่,แรงงานในระบบ,คน
12177,1408,2565,ลูกจ้างรัฐบาล,หญิง,แพร่,แรงงานในระบบ,คน
21430,1409,2565,ลูกจ้างเอกชน,หญิง,แพร่,แรงงานในระบบ,คน
4045,1410,2565,นายจ้าง,ชาย,แพร่,แรงงานนอกระบบ,คน
46720,1411,2565,ประกอบธุรกิจส่วนตัว,ชาย,แพร่,แรงงานนอกระบบ,คน
12265,1412,2565,ช่วยธุรกิจครัวเรือน,ชาย,แพร่,แรงงานนอกระบบ,คน
1027,1413,2565,ลูกจ้างรัฐบาล,ชาย,แพร่,แรงงานนอกระบบ,คน
5914,1414,2565,ลูกจ้างเอกชน,ชาย,แพร่,แรงงานนอกระบบ,คน
909,1415,2565,นายจ้าง,หญิง,แพร่,แรงงานนอกระบบ,คน
21118,1416,2565,ประกอบธุรกิจส่วนตัว,หญิง,แพร่,แรงงานนอกระบบ,คน
23882,1417,2565,ช่วยธุรกิจครัวเรือน,หญิง,แพร่,แรงงานนอกระบบ,คน
813,1418,2565,ลูกจ้างรัฐบาล,หญิง,แพร่,แรงงานนอกระบบ,คน
3156,1419,2565,ลูกจ้างเอกชน,หญิง,แพร่,แรงงานนอกระบบ,คน
103,1420,2565,นายจ้าง,ชาย,น่าน,แรงงานในระบบ,คน
4756,1421,2565,ประกอบธุรกิจส่วนตัว,ชาย,น่าน,แรงงานในระบบ,คน
15596,1422,2565,ลูกจ้างรัฐบาล,ชาย,น่าน,แรงงานในระบบ,คน
17453,1423,2565,ลูกจ้างเอกชน,ชาย,น่าน,แรงงานในระบบ,คน
2373,1424,2565,ประกอบธุรกิจส่วนตัว,หญิง,น่าน,แรงงานในระบบ,คน
1173,1425,2565,ช่วยธุรกิจครัวเรือน,หญิง,น่าน,แรงงานในระบบ,คน
20289,1426,2565,ลูกจ้างรัฐบาล,หญิง,น่าน,แรงงานในระบบ,คน
11829,1427,2565,ลูกจ้างเอกชน,หญิง,น่าน,แรงงานในระบบ,คน
817,1428,2565,นายจ้าง,ชาย,น่าน,แรงงานนอกระบบ,คน
70965,1429,2565,ประกอบธุรกิจส่วนตัว,ชาย,น่าน,แรงงานนอกระบบ,คน
21909,1430,2565,ช่วยธุรกิจครัวเรือน,ชาย,น่าน,แรงงานนอกระบบ,คน
92,1431,2565,ลูกจ้างรัฐบาล,ชาย,น่าน,แรงงานนอกระบบ,คน
2060,1432,2565,ลูกจ้างเอกชน,ชาย,น่าน,แรงงานนอกระบบ,คน
35073,1433,2565,ประกอบธุรกิจส่วนตัว,หญิง,น่าน,แรงงานนอกระบบ,คน
51467,1434,2565,ช่วยธุรกิจครัวเรือน,หญิง,น่าน,แรงงานนอกระบบ,คน
687,1435,2565,ลูกจ้างเอกชน,หญิง,น่าน,แรงงานนอกระบบ,คน
53,1436,2565,นายจ้าง,ชาย,พะเยา,แรงงานในระบบ,คน
1915,1437,2565,ประกอบธุรกิจส่วนตัว,ชาย,พะเยา,แรงงานในระบบ,คน
1770,1438,2565,ช่วยธุรกิจครัวเรือน,ชาย,พะเยา,แรงงานในระบบ,คน
11134,1439,2565,ลูกจ้างรัฐบาล,ชาย,พะเยา,แรงงานในระบบ,คน
14023,1440,2565,ลูกจ้างเอกชน,ชาย,พะเยา,แรงงานในระบบ,คน
1668,1441,2565,ประกอบธุรกิจส่วนตัว,หญิง,พะเยา,แรงงานในระบบ,คน
1588,1442,2565,ช่วยธุรกิจครัวเรือน,หญิง,พะเยา,แรงงานในระบบ,คน
10276,1443,2565,ลูกจ้างรัฐบาล,หญิง,พะเยา,แรงงานในระบบ,คน
11836,1444,2565,ลูกจ้างเอกชน,หญิง,พะเยา,แรงงานในระบบ,คน
457,1445,2565,นายจ้าง,ชาย,พะเยา,แรงงานนอกระบบ,คน
45038,1446,2565,ประกอบธุรกิจส่วนตัว,ชาย,พะเยา,แรงงานนอกระบบ,คน
19170,1447,2565,ช่วยธุรกิจครัวเรือน,ชาย,พะเยา,แรงงานนอกระบบ,คน
335,1448,2565,ลูกจ้างรัฐบาล,ชาย,พะเยา,แรงงานนอกระบบ,คน
9546,1449,2565,ลูกจ้างเอกชน,ชาย,พะเยา,แรงงานนอกระบบ,คน
181,1450,2565,นายจ้าง,หญิง,พะเยา,แรงงานนอกระบบ,คน
23446,1451,2565,ประกอบธุรกิจส่วนตัว,หญิง,พะเยา,แรงงานนอกระบบ,คน
29467,1452,2565,ช่วยธุรกิจครัวเรือน,หญิง,พะเยา,แรงงานนอกระบบ,คน
88,1453,2565,ลูกจ้างรัฐบาล,หญิง,พะเยา,แรงงานนอกระบบ,คน
4622,1454,2565,ลูกจ้างเอกชน,หญิง,พะเยา,แรงงานนอกระบบ,คน
1889,1455,2565,นายจ้าง,ชาย,เชียงราย,แรงงานในระบบ,คน
4857,1456,2565,ประกอบธุรกิจส่วนตัว,ชาย,เชียงราย,แรงงานในระบบ,คน
133,1457,2565,ช่วยธุรกิจครัวเรือน,ชาย,เชียงราย,แรงงานในระบบ,คน
21740,1458,2565,ลูกจ้างรัฐบาล,ชาย,เชียงราย,แรงงานในระบบ,คน
62327,1459,2565,ลูกจ้างเอกชน,ชาย,เชียงราย,แรงงานในระบบ,คน
1106,1460,2565,นายจ้าง,หญิง,เชียงราย,แรงงานในระบบ,คน
6143,1461,2565,ประกอบธุรกิจส่วนตัว,หญิง,เชียงราย,แรงงานในระบบ,คน
4384,1462,2565,ช่วยธุรกิจครัวเรือน,หญิง,เชียงราย,แรงงานในระบบ,คน
31311,1463,2565,ลูกจ้างรัฐบาล,หญิง,เชียงราย,แรงงานในระบบ,คน
32041,1464,2565,ลูกจ้างเอกชน,หญิง,เชียงราย,แรงงานในระบบ,คน
9806,1465,2565,นายจ้าง,ชาย,เชียงราย,แรงงานนอกระบบ,คน
178939,1466,2565,ประกอบธุรกิจส่วนตัว,ชาย,เชียงราย,แรงงานนอกระบบ,คน
29689,1467,2565,ช่วยธุรกิจครัวเรือน,ชาย,เชียงราย,แรงงานนอกระบบ,คน
827,1468,2565,ลูกจ้างรัฐบาล,ชาย,เชียงราย,แรงงานนอกระบบ,คน
21396,1469,2565,ลูกจ้างเอกชน,ชาย,เชียงราย,แรงงานนอกระบบ,คน
912,1470,2565,นายจ้าง,หญิง,เชียงราย,แรงงานนอกระบบ,คน
89068,1471,2565,ประกอบธุรกิจส่วนตัว,หญิง,เชียงราย,แรงงานนอกระบบ,คน
100168,1472,2565,ช่วยธุรกิจครัวเรือน,หญิง,เชียงราย,แรงงานนอกระบบ,คน
1140,1473,2565,ลูกจ้างรัฐบาล,หญิง,เชียงราย,แรงงานนอกระบบ,คน
9949,1474,2565,ลูกจ้างเอกชน,หญิง,เชียงราย,แรงงานนอกระบบ,คน
184,1475,2565,นายจ้าง,ชาย,แม่ฮ่องสอน,แรงงานในระบบ,คน
611,1476,2565,ประกอบธุรกิจส่วนตัว,ชาย,แม่ฮ่องสอน,แรงงานในระบบ,คน
464,1477,2565,ช่วยธุรกิจครัวเรือน,ชาย,แม่ฮ่องสอน,แรงงานในระบบ,คน
8879,1478,2565,ลูกจ้างรัฐบาล,ชาย,แม่ฮ่องสอน,แรงงานในระบบ,คน
3017,1479,2565,ลูกจ้างเอกชน,ชาย,แม่ฮ่องสอน,แรงงานในระบบ,คน
159,1480,2565,นายจ้าง,หญิง,แม่ฮ่องสอน,แรงงานในระบบ,คน
1028,1481,2565,ประกอบธุรกิจส่วนตัว,หญิง,แม่ฮ่องสอน,แรงงานในระบบ,คน
452,1482,2565,ช่วยธุรกิจครัวเรือน,หญิง,แม่ฮ่องสอน,แรงงานในระบบ,คน
5283,1483,2565,ลูกจ้างรัฐบาล,หญิง,แม่ฮ่องสอน,แรงงานในระบบ,คน
3722,1484,2565,ลูกจ้างเอกชน,หญิง,แม่ฮ่องสอน,แรงงานในระบบ,คน
696,1485,2565,นายจ้าง,ชาย,แม่ฮ่องสอน,แรงงานนอกระบบ,คน
37570,1486,2565,ประกอบธุรกิจส่วนตัว,ชาย,แม่ฮ่องสอน,แรงงานนอกระบบ,คน
19784,1487,2565,ช่วยธุรกิจครัวเรือน,ชาย,แม่ฮ่องสอน,แรงงานนอกระบบ,คน
585,1488,2565,ลูกจ้างรัฐบาล,ชาย,แม่ฮ่องสอน,แรงงานนอกระบบ,คน
4605,1489,2565,ลูกจ้างเอกชน,ชาย,แม่ฮ่องสอน,แรงงานนอกระบบ,คน
143,1490,2565,นายจ้าง,หญิง,แม่ฮ่องสอน,แรงงานนอกระบบ,คน
17733,1491,2565,ประกอบธุรกิจส่วนตัว,หญิง,แม่ฮ่องสอน,แรงงานนอกระบบ,คน
36328,1492,2565,ช่วยธุรกิจครัวเรือน,หญิง,แม่ฮ่องสอน,แรงงานนอกระบบ,คน
307,1493,2565,ลูกจ้างรัฐบาล,หญิง,แม่ฮ่องสอน,แรงงานนอกระบบ,คน
3552,1494,2565,ลูกจ้างเอกชน,หญิง,แม่ฮ่องสอน,แรงงานนอกระบบ,คน
126,1495,2565,นายจ้าง,ชาย,นครสวรรค์,แรงงานในระบบ,คน
1834,1496,2565,ประกอบธุรกิจส่วนตัว,ชาย,นครสวรรค์,แรงงานในระบบ,คน
833,1497,2565,ช่วยธุรกิจครัวเรือน,ชาย,นครสวรรค์,แรงงานในระบบ,คน
18010,1498,2565,ลูกจ้างรัฐบาล,ชาย,นครสวรรค์,แรงงานในระบบ,คน
62594,1499,2565,ลูกจ้างเอกชน,ชาย,นครสวรรค์,แรงงานในระบบ,คน
321,1500,2565,นายจ้าง,หญิง,นครสวรรค์,แรงงานในระบบ,คน
5073,1501,2565,ประกอบธุรกิจส่วนตัว,หญิง,นครสวรรค์,แรงงานในระบบ,คน
659,1502,2565,ช่วยธุรกิจครัวเรือน,หญิง,นครสวรรค์,แรงงานในระบบ,คน
28537,1503,2565,ลูกจ้างรัฐบาล,หญิง,นครสวรรค์,แรงงานในระบบ,คน
41360,1504,2565,ลูกจ้างเอกชน,หญิง,นครสวรรค์,แรงงานในระบบ,คน
6287,1505,2565,นายจ้าง,ชาย,นครสวรรค์,แรงงานนอกระบบ,คน
122858,1506,2565,ประกอบธุรกิจส่วนตัว,ชาย,นครสวรรค์,แรงงานนอกระบบ,คน
47647,1507,2565,ช่วยธุรกิจครัวเรือน,ชาย,นครสวรรค์,แรงงานนอกระบบ,คน
14444,1508,2565,ลูกจ้างเอกชน,ชาย,นครสวรรค์,แรงงานนอกระบบ,คน
1451,1509,2565,นายจ้าง,หญิง,นครสวรรค์,แรงงานนอกระบบ,คน
90247,1510,2565,ประกอบธุรกิจส่วนตัว,หญิง,นครสวรรค์,แรงงานนอกระบบ,คน
60030,1511,2565,ช่วยธุรกิจครัวเรือน,หญิง,นครสวรรค์,แรงงานนอกระบบ,คน
7174,1512,2565,ลูกจ้างเอกชน,หญิง,นครสวรรค์,แรงงานนอกระบบ,คน
1118,1513,2565,ประกอบธุรกิจส่วนตัว,ชาย,อุทัยธานี,แรงงานในระบบ,คน
35,1514,2565,ช่วยธุรกิจครัวเรือน,ชาย,อุทัยธานี,แรงงานในระบบ,คน
8787,1515,2565,ลูกจ้างรัฐบาล,ชาย,อุทัยธานี,แรงงานในระบบ,คน
8527,1516,2565,ลูกจ้างเอกชน,ชาย,อุทัยธานี,แรงงานในระบบ,คน
69,1517,2565,นายจ้าง,หญิง,อุทัยธานี,แรงงานในระบบ,คน
971,1518,2565,ประกอบธุรกิจส่วนตัว,หญิง,อุทัยธานี,แรงงานในระบบ,คน
531,1519,2565,ช่วยธุรกิจครัวเรือน,หญิง,อุทัยธานี,แรงงานในระบบ,คน
12259,1520,2565,ลูกจ้างรัฐบาล,หญิง,อุทัยธานี,แรงงานในระบบ,คน
4976,1521,2565,ลูกจ้างเอกชน,หญิง,อุทัยธานี,แรงงานในระบบ,คน
1208,1522,2565,นายจ้าง,ชาย,อุทัยธานี,แรงงานนอกระบบ,คน
44278,1523,2565,ประกอบธุรกิจส่วนตัว,ชาย,อุทัยธานี,แรงงานนอกระบบ,คน
15014,1524,2565,ช่วยธุรกิจครัวเรือน,ชาย,อุทัยธานี,แรงงานนอกระบบ,คน
672,1525,2565,ลูกจ้างรัฐบาล,ชาย,อุทัยธานี,แรงงานนอกระบบ,คน
734,1526,2565,ลูกจ้างเอกชน,ชาย,อุทัยธานี,แรงงานนอกระบบ,คน
497,1527,2565,นายจ้าง,หญิง,อุทัยธานี,แรงงานนอกระบบ,คน
25012,1528,2565,ประกอบธุรกิจส่วนตัว,หญิง,อุทัยธานี,แรงงานนอกระบบ,คน
24263,1529,2565,ช่วยธุรกิจครัวเรือน,หญิง,อุทัยธานี,แรงงานนอกระบบ,คน
587,1530,2565,ลูกจ้างรัฐบาล,หญิง,อุทัยธานี,แรงงานนอกระบบ,คน
620,1531,2565,ลูกจ้างเอกชน,หญิง,อุทัยธานี,แรงงานนอกระบบ,คน
2349,1532,2565,ประกอบธุรกิจส่วนตัว,ชาย,กำแพงเพชร,แรงงานในระบบ,คน
1251,1533,2565,ช่วยธุรกิจครัวเรือน,ชาย,กำแพงเพชร,แรงงานในระบบ,คน
9661,1534,2565,ลูกจ้างรัฐบาล,ชาย,กำแพงเพชร,แรงงานในระบบ,คน
40850,1535,2565,ลูกจ้างเอกชน,ชาย,กำแพงเพชร,แรงงานในระบบ,คน
129,1536,2565,การรวมกลุ่ม,ชาย,กำแพงเพชร,แรงงานในระบบ,คน
3011,1537,2565,ประกอบธุรกิจส่วนตัว,หญิง,กำแพงเพชร,แรงงานในระบบ,คน
1941,1538,2565,ช่วยธุรกิจครัวเรือน,หญิง,กำแพงเพชร,แรงงานในระบบ,คน
19898,1539,2565,ลูกจ้างรัฐบาล,หญิง,กำแพงเพชร,แรงงานในระบบ,คน
16865,1540,2565,ลูกจ้างเอกชน,หญิง,กำแพงเพชร,แรงงานในระบบ,คน
108,1541,2565,การรวมกลุ่ม,หญิง,กำแพงเพชร,แรงงานในระบบ,คน
1911,1542,2565,นายจ้าง,ชาย,กำแพงเพชร,แรงงานนอกระบบ,คน
123543,1543,2565,ประกอบธุรกิจส่วนตัว,ชาย,กำแพงเพชร,แรงงานนอกระบบ,คน
34752,1544,2565,ช่วยธุรกิจครัวเรือน,ชาย,กำแพงเพชร,แรงงานนอกระบบ,คน
103,1545,2565,ลูกจ้างรัฐบาล,ชาย,กำแพงเพชร,แรงงานนอกระบบ,คน
20789,1546,2565,ลูกจ้างเอกชน,ชาย,กำแพงเพชร,แรงงานนอกระบบ,คน
393,1547,2565,นายจ้าง,หญิง,กำแพงเพชร,แรงงานนอกระบบ,คน
68807,1548,2565,ประกอบธุรกิจส่วนตัว,หญิง,กำแพงเพชร,แรงงานนอกระบบ,คน
58605,1549,2565,ช่วยธุรกิจครัวเรือน,หญิง,กำแพงเพชร,แรงงานนอกระบบ,คน
1109,1550,2565,ลูกจ้างรัฐบาล,หญิง,กำแพงเพชร,แรงงานนอกระบบ,คน
11599,1551,2565,ลูกจ้างเอกชน,หญิง,กำแพงเพชร,แรงงานนอกระบบ,คน
94,1552,2565,การรวมกลุ่ม,หญิง,กำแพงเพชร,แรงงานนอกระบบ,คน
670,1553,2565,นายจ้าง,ชาย,ตาก,แรงงานในระบบ,คน
7917,1554,2565,ประกอบธุรกิจส่วนตัว,ชาย,ตาก,แรงงานในระบบ,คน
619,1555,2565,ช่วยธุรกิจครัวเรือน,ชาย,ตาก,แรงงานในระบบ,คน
17790,1556,2565,ลูกจ้างรัฐบาล,ชาย,ตาก,แรงงานในระบบ,คน
21490,1557,2565,ลูกจ้างเอกชน,ชาย,ตาก,แรงงานในระบบ,คน
903,1558,2565,นายจ้าง,หญิง,ตาก,แรงงานในระบบ,คน
4030,1559,2565,ประกอบธุรกิจส่วนตัว,หญิง,ตาก,แรงงานในระบบ,คน
3451,1560,2565,ช่วยธุรกิจครัวเรือน,หญิง,ตาก,แรงงานในระบบ,คน
16016,1561,2565,ลูกจ้างรัฐบาล,หญิง,ตาก,แรงงานในระบบ,คน
13248,1562,2565,ลูกจ้างเอกชน,หญิง,ตาก,แรงงานในระบบ,คน
7439,1563,2565,นายจ้าง,ชาย,ตาก,แรงงานนอกระบบ,คน
58430,1564,2565,ประกอบธุรกิจส่วนตัว,ชาย,ตาก,แรงงานนอกระบบ,คน
27149,1565,2565,ช่วยธุรกิจครัวเรือน,ชาย,ตาก,แรงงานนอกระบบ,คน
642,1566,2565,ลูกจ้างรัฐบาล,ชาย,ตาก,แรงงานนอกระบบ,คน
8740,1567,2565,ลูกจ้างเอกชน,ชาย,ตาก,แรงงานนอกระบบ,คน
2691,1568,2565,นายจ้าง,หญิง,ตาก,แรงงานนอกระบบ,คน
37595,1569,2565,ประกอบธุรกิจส่วนตัว,หญิง,ตาก,แรงงานนอกระบบ,คน
37858,1570,2565,ช่วยธุรกิจครัวเรือน,หญิง,ตาก,แรงงานนอกระบบ,คน
529,1571,2565,ลูกจ้างรัฐบาล,หญิง,ตาก,แรงงานนอกระบบ,คน
4567,1572,2565,ลูกจ้างเอกชน,หญิง,ตาก,แรงงานนอกระบบ,คน
3618,1573,2565,ประกอบธุรกิจส่วนตัว,ชาย,สุโขทัย,แรงงานในระบบ,คน
1739,1574,2565,ช่วยธุรกิจครัวเรือน,ชาย,สุโขทัย,แรงงานในระบบ,คน
10119,1575,2565,ลูกจ้างรัฐบาล,ชาย,สุโขทัย,แรงงานในระบบ,คน
23203,1576,2565,ลูกจ้างเอกชน,ชาย,สุโขทัย,แรงงานในระบบ,คน
168,1577,2565,นายจ้าง,หญิง,สุโขทัย,แรงงานในระบบ,คน
4782,1578,2565,ประกอบธุรกิจส่วนตัว,หญิง,สุโขทัย,แรงงานในระบบ,คน
6239,1579,2565,ช่วยธุรกิจครัวเรือน,หญิง,สุโขทัย,แรงงานในระบบ,คน
22304,1580,2565,ลูกจ้างรัฐบาล,หญิง,สุโขทัย,แรงงานในระบบ,คน
24254,1581,2565,ลูกจ้างเอกชน,หญิง,สุโขทัย,แรงงานในระบบ,คน
2151,1582,2565,นายจ้าง,ชาย,สุโขทัย,แรงงานนอกระบบ,คน
103938,1583,2565,ประกอบธุรกิจส่วนตัว,ชาย,สุโขทัย,แรงงานนอกระบบ,คน
33279,1584,2565,ช่วยธุรกิจครัวเรือน,ชาย,สุโขทัย,แรงงานนอกระบบ,คน
135,1585,2565,ลูกจ้างรัฐบาล,ชาย,สุโขทัย,แรงงานนอกระบบ,คน
8477,1586,2565,ลูกจ้างเอกชน,ชาย,สุโขทัย,แรงงานนอกระบบ,คน
704,1587,2565,นายจ้าง,หญิง,สุโขทัย,แรงงานนอกระบบ,คน
51930,1588,2565,ประกอบธุรกิจส่วนตัว,หญิง,สุโขทัย,แรงงานนอกระบบ,คน
50820,1589,2565,ช่วยธุรกิจครัวเรือน,หญิง,สุโขทัย,แรงงานนอกระบบ,คน
1371,1590,2565,ลูกจ้างรัฐบาล,หญิง,สุโขทัย,แรงงานนอกระบบ,คน
4392,1591,2565,ลูกจ้างเอกชน,หญิง,สุโขทัย,แรงงานนอกระบบ,คน
180,1592,2565,นายจ้าง,ชาย,พิษณุโลก,แรงงานในระบบ,คน
4093,1593,2565,ประกอบธุรกิจส่วนตัว,ชาย,พิษณุโลก,แรงงานในระบบ,คน
2777,1594,2565,ช่วยธุรกิจครัวเรือน,ชาย,พิษณุโลก,แรงงานในระบบ,คน
20049,1595,2565,ลูกจ้างรัฐบาล,ชาย,พิษณุโลก,แรงงานในระบบ,คน
51726,1596,2565,ลูกจ้างเอกชน,ชาย,พิษณุโลก,แรงงานในระบบ,คน
329,1597,2565,นายจ้าง,หญิง,พิษณุโลก,แรงงานในระบบ,คน
5192,1598,2565,ประกอบธุรกิจส่วนตัว,หญิง,พิษณุโลก,แรงงานในระบบ,คน
2873,1599,2565,ช่วยธุรกิจครัวเรือน,หญิง,พิษณุโลก,แรงงานในระบบ,คน
27292,1600,2565,ลูกจ้างรัฐบาล,หญิง,พิษณุโลก,แรงงานในระบบ,คน
40658,1601,2565,ลูกจ้างเอกชน,หญิง,พิษณุโลก,แรงงานในระบบ,คน
7343,1602,2565,นายจ้าง,ชาย,พิษณุโลก,แรงงานนอกระบบ,คน
139149,1603,2565,ประกอบธุรกิจส่วนตัว,ชาย,พิษณุโลก,แรงงานนอกระบบ,คน
32230,1604,2565,ช่วยธุรกิจครัวเรือน,ชาย,พิษณุโลก,แรงงานนอกระบบ,คน
908,1605,2565,ลูกจ้างรัฐบาล,ชาย,พิษณุโลก,แรงงานนอกระบบ,คน
7010,1606,2565,ลูกจ้างเอกชน,ชาย,พิษณุโลก,แรงงานนอกระบบ,คน
3183,1607,2565,นายจ้าง,หญิง,พิษณุโลก,แรงงานนอกระบบ,คน
90621,1608,2565,ประกอบธุรกิจส่วนตัว,หญิง,พิษณุโลก,แรงงานนอกระบบ,คน
64835,1609,2565,ช่วยธุรกิจครัวเรือน,หญิง,พิษณุโลก,แรงงานนอกระบบ,คน
673,1610,2565,ลูกจ้างรัฐบาล,หญิง,พิษณุโลก,แรงงานนอกระบบ,คน
2979,1611,2565,ลูกจ้างเอกชน,หญิง,พิษณุโลก,แรงงานนอกระบบ,คน
882,1612,2565,ประกอบธุรกิจส่วนตัว,ชาย,พิจิตร,แรงงานในระบบ,คน
1265,1613,2565,ช่วยธุรกิจครัวเรือน,ชาย,พิจิตร,แรงงานในระบบ,คน
14844,1614,2565,ลูกจ้างรัฐบาล,ชาย,พิจิตร,แรงงานในระบบ,คน
12436,1615,2565,ลูกจ้างเอกชน,ชาย,พิจิตร,แรงงานในระบบ,คน
1720,1616,2565,ประกอบธุรกิจส่วนตัว,หญิง,พิจิตร,แรงงานในระบบ,คน
870,1617,2565,ช่วยธุรกิจครัวเรือน,หญิง,พิจิตร,แรงงานในระบบ,คน
16710,1618,2565,ลูกจ้างรัฐบาล,หญิง,พิจิตร,แรงงานในระบบ,คน
15525,1619,2565,ลูกจ้างเอกชน,หญิง,พิจิตร,แรงงานในระบบ,คน
3516,1620,2565,นายจ้าง,ชาย,พิจิตร,แรงงานนอกระบบ,คน
80514,1621,2565,ประกอบธุรกิจส่วนตัว,ชาย,พิจิตร,แรงงานนอกระบบ,คน
27477,1622,2565,ช่วยธุรกิจครัวเรือน,ชาย,พิจิตร,แรงงานนอกระบบ,คน
411,1623,2565,ลูกจ้างรัฐบาล,ชาย,พิจิตร,แรงงานนอกระบบ,คน
4209,1624,2565,ลูกจ้างเอกชน,ชาย,พิจิตร,แรงงานนอกระบบ,คน
939,1625,2565,นายจ้าง,หญิง,พิจิตร,แรงงานนอกระบบ,คน
47271,1626,2565,ประกอบธุรกิจส่วนตัว,หญิง,พิจิตร,แรงงานนอกระบบ,คน
43036,1627,2565,ช่วยธุรกิจครัวเรือน,หญิง,พิจิตร,แรงงานนอกระบบ,คน
1320,1628,2565,ลูกจ้างรัฐบาล,หญิง,พิจิตร,แรงงานนอกระบบ,คน
1787,1629,2565,ลูกจ้างเอกชน,หญิง,พิจิตร,แรงงานนอกระบบ,คน
247,1630,2565,นายจ้าง,ชาย,เพชรบูรณ์,แรงงานในระบบ,คน
23949,1631,2565,ประกอบธุรกิจส่วนตัว,ชาย,เพชรบูรณ์,แรงงานในระบบ,คน
7855,1632,2565,ช่วยธุรกิจครัวเรือน,ชาย,เพชรบูรณ์,แรงงานในระบบ,คน
17194,1633,2565,ลูกจ้างรัฐบาล,ชาย,เพชรบูรณ์,แรงงานในระบบ,คน
38496,1634,2565,ลูกจ้างเอกชน,ชาย,เพชรบูรณ์,แรงงานในระบบ,คน
52,1635,2565,นายจ้าง,หญิง,เพชรบูรณ์,แรงงานในระบบ,คน
17452,1636,2565,ประกอบธุรกิจส่วนตัว,หญิง,เพชรบูรณ์,แรงงานในระบบ,คน
15575,1637,2565,ช่วยธุรกิจครัวเรือน,หญิง,เพชรบูรณ์,แรงงานในระบบ,คน
27596,1638,2565,ลูกจ้างรัฐบาล,หญิง,เพชรบูรณ์,แรงงานในระบบ,คน
37135,1639,2565,ลูกจ้างเอกชน,หญิง,เพชรบูรณ์,แรงงานในระบบ,คน
5744,1640,2565,นายจ้าง,ชาย,เพชรบูรณ์,แรงงานนอกระบบ,คน
116301,1641,2565,ประกอบธุรกิจส่วนตัว,ชาย,เพชรบูรณ์,แรงงานนอกระบบ,คน
42473,1642,2565,ช่วยธุรกิจครัวเรือน,ชาย,เพชรบูรณ์,แรงงานนอกระบบ,คน
654,1643,2565,ลูกจ้างรัฐบาล,ชาย,เพชรบูรณ์,แรงงานนอกระบบ,คน
3489,1644,2565,ลูกจ้างเอกชน,ชาย,เพชรบูรณ์,แรงงานนอกระบบ,คน
1116,1645,2565,นายจ้าง,หญิง,เพชรบูรณ์,แรงงานนอกระบบ,คน
73998,1646,2565,ประกอบธุรกิจส่วนตัว,หญิง,เพชรบูรณ์,แรงงานนอกระบบ,คน
48311,1647,2565,ช่วยธุรกิจครัวเรือน,หญิง,เพชรบูรณ์,แรงงานนอกระบบ,คน
848,1648,2565,ลูกจ้างรัฐบาล,หญิง,เพชรบูรณ์,แรงงานนอกระบบ,คน
1290,1649,2565,ลูกจ้างเอกชน,หญิง,เพชรบูรณ์,แรงงานนอกระบบ,คน
91,1650,2565,การรวมกลุ่ม,หญิง,เพชรบูรณ์,แรงงานนอกระบบ,คน
496,1651,2561,นายจ้าง,ชาย,นครศรีธรรมราช,แรงงานในระบบ,คน
3451,1652,2561,ประกอบธุรกิจส่วนตัว,ชาย,นครศรีธรรมราช,แรงงานในระบบ,คน
754,1653,2561,ช่วยธุรกิจครัวเรือน,ชาย,นครศรีธรรมราช,แรงงานในระบบ,คน
35464,1654,2561,ลูกจ้างรัฐบาล,ชาย,นครศรีธรรมราช,แรงงานในระบบ,คน
157819,1655,2561,ลูกจ้างเอกชน,ชาย,นครศรีธรรมราช,แรงงานในระบบ,คน
1484,1656,2561,นายจ้าง,หญิง,นครศรีธรรมราช,แรงงานในระบบ,คน
2927,1657,2561,ประกอบธุรกิจส่วนตัว,หญิง,นครศรีธรรมราช,แรงงานในระบบ,คน
1705,1658,2561,ช่วยธุรกิจครัวเรือน,หญิง,นครศรีธรรมราช,แรงงานในระบบ,คน
32219,1659,2561,ลูกจ้างรัฐบาล,หญิง,นครศรีธรรมราช,แรงงานในระบบ,คน
108851,1660,2561,ลูกจ้างเอกชน,หญิง,นครศรีธรรมราช,แรงงานในระบบ,คน
20902,1661,2561,นายจ้าง,ชาย,นครศรีธรรมราช,แรงงานนอกระบบ,คน
186415,1662,2561,ประกอบธุรกิจส่วนตัว,ชาย,นครศรีธรรมราช,แรงงานนอกระบบ,คน
59997,1663,2561,ช่วยธุรกิจครัวเรือน,ชาย,นครศรีธรรมราช,แรงงานนอกระบบ,คน
2115,1664,2561,ลูกจ้างรัฐบาล,ชาย,นครศรีธรรมราช,แรงงานนอกระบบ,คน
33502,1665,2561,ลูกจ้างเอกชน,ชาย,นครศรีธรรมราช,แรงงานนอกระบบ,คน
8556,1666,2561,นายจ้าง,หญิง,นครศรีธรรมราช,แรงงานนอกระบบ,คน
133302,1667,2561,ประกอบธุรกิจส่วนตัว,หญิง,นครศรีธรรมราช,แรงงานนอกระบบ,คน
81970,1668,2561,ช่วยธุรกิจครัวเรือน,หญิง,นครศรีธรรมราช,แรงงานนอกระบบ,คน
1214,1669,2561,ลูกจ้างรัฐบาล,หญิง,นครศรีธรรมราช,แรงงานนอกระบบ,คน
10685,1670,2561,ลูกจ้างเอกชน,หญิง,นครศรีธรรมราช,แรงงานนอกระบบ,คน
333,1671,2561,นายจ้าง,ชาย,กระบี่,แรงงานในระบบ,คน
1554,1672,2561,ประกอบธุรกิจส่วนตัว,ชาย,กระบี่,แรงงานในระบบ,คน
496,1673,2561,ช่วยธุรกิจครัวเรือน,ชาย,กระบี่,แรงงานในระบบ,คน
7629,1674,2561,ลูกจ้างรัฐบาล,ชาย,กระบี่,แรงงานในระบบ,คน
39521,1675,2561,ลูกจ้างเอกชน,ชาย,กระบี่,แรงงานในระบบ,คน
425,1676,2561,นายจ้าง,หญิง,กระบี่,แรงงานในระบบ,คน
1085,1677,2561,ประกอบธุรกิจส่วนตัว,หญิง,กระบี่,แรงงานในระบบ,คน
522,1678,2561,ช่วยธุรกิจครัวเรือน,หญิง,กระบี่,แรงงานในระบบ,คน
8407,1679,2561,ลูกจ้างรัฐบาล,หญิง,กระบี่,แรงงานในระบบ,คน
30251,1680,2561,ลูกจ้างเอกชน,หญิง,กระบี่,แรงงานในระบบ,คน
9949,1681,2561,นายจ้าง,ชาย,กระบี่,แรงงานนอกระบบ,คน
35095,1682,2561,ประกอบธุรกิจส่วนตัว,ชาย,กระบี่,แรงงานนอกระบบ,คน
12300,1683,2561,ช่วยธุรกิจครัวเรือน,ชาย,กระบี่,แรงงานนอกระบบ,คน
34,1684,2561,ลูกจ้างรัฐบาล,ชาย,กระบี่,แรงงานนอกระบบ,คน
12991,1685,2561,ลูกจ้างเอกชน,ชาย,กระบี่,แรงงานนอกระบบ,คน
4685,1686,2561,นายจ้าง,หญิง,กระบี่,แรงงานนอกระบบ,คน
29097,1687,2561,ประกอบธุรกิจส่วนตัว,หญิง,กระบี่,แรงงานนอกระบบ,คน
17368,1688,2561,ช่วยธุรกิจครัวเรือน,หญิง,กระบี่,แรงงานนอกระบบ,คน
467,1689,2561,ลูกจ้างรัฐบาล,หญิง,กระบี่,แรงงานนอกระบบ,คน
3177,1690,2561,ลูกจ้างเอกชน,หญิง,กระบี่,แรงงานนอกระบบ,คน
284,1691,2561,การรวมกลุ่ม,หญิง,กระบี่,แรงงานนอกระบบ,คน
1190,1692,2561,ประกอบธุรกิจส่วนตัว,ชาย,พังงา,แรงงานในระบบ,คน
33,1693,2561,ช่วยธุรกิจครัวเรือน,ชาย,พังงา,แรงงานในระบบ,คน
8261,1694,2561,ลูกจ้างรัฐบาล,ชาย,พังงา,แรงงานในระบบ,คน
33565,1695,2561,ลูกจ้างเอกชน,ชาย,พังงา,แรงงานในระบบ,คน
84,1696,2561,นายจ้าง,หญิง,พังงา,แรงงานในระบบ,คน
775,1697,2561,ประกอบธุรกิจส่วนตัว,หญิง,พังงา,แรงงานในระบบ,คน
271,1698,2561,ช่วยธุรกิจครัวเรือน,หญิง,พังงา,แรงงานในระบบ,คน
9239,1699,2561,ลูกจ้างรัฐบาล,หญิง,พังงา,แรงงานในระบบ,คน
23589,1700,2561,ลูกจ้างเอกชน,หญิง,พังงา,แรงงานในระบบ,คน
4699,1701,2561,นายจ้าง,ชาย,พังงา,แรงงานนอกระบบ,คน
28252,1702,2561,ประกอบธุรกิจส่วนตัว,ชาย,พังงา,แรงงานนอกระบบ,คน
7212,1703,2561,ช่วยธุรกิจครัวเรือน,ชาย,พังงา,แรงงานนอกระบบ,คน
237,1704,2561,ลูกจ้างรัฐบาล,ชาย,พังงา,แรงงานนอกระบบ,คน
3074,1705,2561,ลูกจ้างเอกชน,ชาย,พังงา,แรงงานนอกระบบ,คน
20,1706,2561,การรวมกลุ่ม,ชาย,พังงา,แรงงานนอกระบบ,คน
1141,1707,2561,นายจ้าง,หญิง,พังงา,แรงงานนอกระบบ,คน
12203,1708,2561,ประกอบธุรกิจส่วนตัว,หญิง,พังงา,แรงงานนอกระบบ,คน
8232,1709,2561,ช่วยธุรกิจครัวเรือน,หญิง,พังงา,แรงงานนอกระบบ,คน
578,1710,2561,ลูกจ้างรัฐบาล,หญิง,พังงา,แรงงานนอกระบบ,คน
583,1711,2561,ลูกจ้างเอกชน,หญิง,พังงา,แรงงานนอกระบบ,คน
178,1712,2561,การรวมกลุ่ม,หญิง,พังงา,แรงงานนอกระบบ,คน
2043,1713,2561,นายจ้าง,ชาย,ภูเก็ต,แรงงานในระบบ,คน
4408,1714,2561,ประกอบธุรกิจส่วนตัว,ชาย,ภูเก็ต,แรงงานในระบบ,คน
880,1715,2561,ช่วยธุรกิจครัวเรือน,ชาย,ภูเก็ต,แรงงานในระบบ,คน
10532,1716,2561,ลูกจ้างรัฐบาล,ชาย,ภูเก็ต,แรงงานในระบบ,คน
97536,1717,2561,ลูกจ้างเอกชน,ชาย,ภูเก็ต,แรงงานในระบบ,คน
1364,1718,2561,นายจ้าง,หญิง,ภูเก็ต,แรงงานในระบบ,คน
3302,1719,2561,ประกอบธุรกิจส่วนตัว,หญิง,ภูเก็ต,แรงงานในระบบ,คน
2783,1720,2561,ช่วยธุรกิจครัวเรือน,หญิง,ภูเก็ต,แรงงานในระบบ,คน
7727,1721,2561,ลูกจ้างรัฐบาล,หญิง,ภูเก็ต,แรงงานในระบบ,คน
87419,1722,2561,ลูกจ้างเอกชน,หญิง,ภูเก็ต,แรงงานในระบบ,คน
180,1723,2561,การรวมกลุ่ม,หญิง,ภูเก็ต,แรงงานในระบบ,คน
8957,1724,2561,นายจ้าง,ชาย,ภูเก็ต,แรงงานนอกระบบ,คน
43266,1725,2561,ประกอบธุรกิจส่วนตัว,ชาย,ภูเก็ต,แรงงานนอกระบบ,คน
4771,1726,2561,ช่วยธุรกิจครัวเรือน,ชาย,ภูเก็ต,แรงงานนอกระบบ,คน
3083,1727,2561,ลูกจ้างเอกชน,ชาย,ภูเก็ต,แรงงานนอกระบบ,คน
2852,1728,2561,นายจ้าง,หญิง,ภูเก็ต,แรงงานนอกระบบ,คน
22119,1729,2561,ประกอบธุรกิจส่วนตัว,หญิง,ภูเก็ต,แรงงานนอกระบบ,คน
12351,1730,2561,ช่วยธุรกิจครัวเรือน,หญิง,ภูเก็ต,แรงงานนอกระบบ,คน
1116,1731,2561,ลูกจ้างเอกชน,หญิง,ภูเก็ต,แรงงานนอกระบบ,คน
332,1732,2561,การรวมกลุ่ม,หญิง,ภูเก็ต,แรงงานนอกระบบ,คน
339,1733,2561,ประกอบธุรกิจส่วนตัว,ชาย,สุราษฏร์ธานี,แรงงานในระบบ,คน
19237,1734,2561,ลูกจ้างรัฐบาล,ชาย,สุราษฏร์ธานี,แรงงานในระบบ,คน
111793,1735,2561,ลูกจ้างเอกชน,ชาย,สุราษฏร์ธานี,แรงงานในระบบ,คน
415,1736,2561,นายจ้าง,หญิง,สุราษฏร์ธานี,แรงงานในระบบ,คน
5579,1737,2561,ประกอบธุรกิจส่วนตัว,หญิง,สุราษฏร์ธานี,แรงงานในระบบ,คน
30320,1738,2561,ลูกจ้างรัฐบาล,หญิง,สุราษฏร์ธานี,แรงงานในระบบ,คน
82141,1739,2561,ลูกจ้างเอกชน,หญิง,สุราษฏร์ธานี,แรงงานในระบบ,คน
15279,1740,2561,นายจ้าง,ชาย,สุราษฏร์ธานี,แรงงานนอกระบบ,คน
133885,1741,2561,ประกอบธุรกิจส่วนตัว,ชาย,สุราษฏร์ธานี,แรงงานนอกระบบ,คน
45338,1742,2561,ช่วยธุรกิจครัวเรือน,ชาย,สุราษฏร์ธานี,แรงงานนอกระบบ,คน
9080,1743,2561,ลูกจ้างเอกชน,ชาย,สุราษฏร์ธานี,แรงงานนอกระบบ,คน
5856,1744,2561,นายจ้าง,หญิง,สุราษฏร์ธานี,แรงงานนอกระบบ,คน
66604,1745,2561,ประกอบธุรกิจส่วนตัว,หญิง,สุราษฏร์ธานี,แรงงานนอกระบบ,คน
49073,1746,2561,ช่วยธุรกิจครัวเรือน,หญิง,สุราษฏร์ธานี,แรงงานนอกระบบ,คน
686,1747,2561,ลูกจ้างรัฐบาล,หญิง,สุราษฏร์ธานี,แรงงานนอกระบบ,คน
4981,1748,2561,ลูกจ้างเอกชน,หญิง,สุราษฏร์ธานี,แรงงานนอกระบบ,คน
213,1749,2561,นายจ้าง,ชาย,ระนอง,แรงงานในระบบ,คน
478,1750,2561,ประกอบธุรกิจส่วนตัว,ชาย,ระนอง,แรงงานในระบบ,คน
7288,1751,2561,ลูกจ้างรัฐบาล,ชาย,ระนอง,แรงงานในระบบ,คน
29887,1752,2561,ลูกจ้างเอกชน,ชาย,ระนอง,แรงงานในระบบ,คน
89,1753,2561,ประกอบธุรกิจส่วนตัว,หญิง,ระนอง,แรงงานในระบบ,คน
442,1754,2561,ช่วยธุรกิจครัวเรือน,หญิง,ระนอง,แรงงานในระบบ,คน
5413,1755,2561,ลูกจ้างรัฐบาล,หญิง,ระนอง,แรงงานในระบบ,คน
15293,1756,2561,ลูกจ้างเอกชน,หญิง,ระนอง,แรงงานในระบบ,คน
4711,1757,2561,นายจ้าง,ชาย,ระนอง,แรงงานนอกระบบ,คน
30097,1758,2561,ประกอบธุรกิจส่วนตัว,ชาย,ระนอง,แรงงานนอกระบบ,คน
9245,1759,2561,ช่วยธุรกิจครัวเรือน,ชาย,ระนอง,แรงงานนอกระบบ,คน
121,1760,2561,ลูกจ้างรัฐบาล,ชาย,ระนอง,แรงงานนอกระบบ,คน
2898,1761,2561,ลูกจ้างเอกชน,ชาย,ระนอง,แรงงานนอกระบบ,คน
2118,1762,2561,นายจ้าง,หญิง,ระนอง,แรงงานนอกระบบ,คน
14032,1763,2561,ประกอบธุรกิจส่วนตัว,หญิง,ระนอง,แรงงานนอกระบบ,คน
11104,1764,2561,ช่วยธุรกิจครัวเรือน,หญิง,ระนอง,แรงงานนอกระบบ,คน
270,1765,2561,ลูกจ้างรัฐบาล,หญิง,ระนอง,แรงงานนอกระบบ,คน
1125,1766,2561,ลูกจ้างเอกชน,หญิง,ระนอง,แรงงานนอกระบบ,คน
483,1767,2561,ประกอบธุรกิจส่วนตัว,ชาย,ชุมพร,แรงงานในระบบ,คน
313,1768,2561,ช่วยธุรกิจครัวเรือน,ชาย,ชุมพร,แรงงานในระบบ,คน
11125,1769,2561,ลูกจ้างรัฐบาล,ชาย,ชุมพร,แรงงานในระบบ,คน
36939,1770,2561,ลูกจ้างเอกชน,ชาย,ชุมพร,แรงงานในระบบ,คน
782,1771,2561,ประกอบธุรกิจส่วนตัว,หญิง,ชุมพร,แรงงานในระบบ,คน
274,1772,2561,ช่วยธุรกิจครัวเรือน,หญิง,ชุมพร,แรงงานในระบบ,คน
11461,1773,2561,ลูกจ้างรัฐบาล,หญิง,ชุมพร,แรงงานในระบบ,คน
23067,1774,2561,ลูกจ้างเอกชน,หญิง,ชุมพร,แรงงานในระบบ,คน
6315,1775,2561,นายจ้าง,ชาย,ชุมพร,แรงงานนอกระบบ,คน
70992,1776,2561,ประกอบธุรกิจส่วนตัว,ชาย,ชุมพร,แรงงานนอกระบบ,คน
35185,1777,2561,ช่วยธุรกิจครัวเรือน,ชาย,ชุมพร,แรงงานนอกระบบ,คน
441,1778,2561,ลูกจ้างรัฐบาล,ชาย,ชุมพร,แรงงานนอกระบบ,คน
5941,1779,2561,ลูกจ้างเอกชน,ชาย,ชุมพร,แรงงานนอกระบบ,คน
4141,1780,2561,นายจ้าง,หญิง,ชุมพร,แรงงานนอกระบบ,คน
37117,1781,2561,ประกอบธุรกิจส่วนตัว,หญิง,ชุมพร,แรงงานนอกระบบ,คน
27155,1782,2561,ช่วยธุรกิจครัวเรือน,หญิง,ชุมพร,แรงงานนอกระบบ,คน
198,1783,2561,ลูกจ้างรัฐบาล,หญิง,ชุมพร,แรงงานนอกระบบ,คน
2882,1784,2561,ลูกจ้างเอกชน,หญิง,ชุมพร,แรงงานนอกระบบ,คน
2960,1785,2561,นายจ้าง,ชาย,สงขลา,แรงงานในระบบ,คน
5061,1786,2561,ประกอบธุรกิจส่วนตัว,ชาย,สงขลา,แรงงานในระบบ,คน
666,1787,2561,ช่วยธุรกิจครัวเรือน,ชาย,สงขลา,แรงงานในระบบ,คน
44804,1788,2561,ลูกจ้างรัฐบาล,ชาย,สงขลา,แรงงานในระบบ,คน
180519,1789,2561,ลูกจ้างเอกชน,ชาย,สงขลา,แรงงานในระบบ,คน
763,1790,2561,นายจ้าง,หญิง,สงขลา,แรงงานในระบบ,คน
1987,1791,2561,ประกอบธุรกิจส่วนตัว,หญิง,สงขลา,แรงงานในระบบ,คน
4521,1792,2561,ช่วยธุรกิจครัวเรือน,หญิง,สงขลา,แรงงานในระบบ,คน
39054,1793,2561,ลูกจ้างรัฐบาล,หญิง,สงขลา,แรงงานในระบบ,คน
144965,1794,2561,ลูกจ้างเอกชน,หญิง,สงขลา,แรงงานในระบบ,คน
14292,1795,2561,นายจ้าง,ชาย,สงขลา,แรงงานนอกระบบ,คน
146651,1796,2561,ประกอบธุรกิจส่วนตัว,ชาย,สงขลา,แรงงานนอกระบบ,คน
58328,1797,2561,ช่วยธุรกิจครัวเรือน,ชาย,สงขลา,แรงงานนอกระบบ,คน
775,1798,2561,ลูกจ้างรัฐบาล,ชาย,สงขลา,แรงงานนอกระบบ,คน
13281,1799,2561,ลูกจ้างเอกชน,ชาย,สงขลา,แรงงานนอกระบบ,คน
1664,1800,2561,นายจ้าง,หญิง,สงขลา,แรงงานนอกระบบ,คน
108945,1801,2561,ประกอบธุรกิจส่วนตัว,หญิง,สงขลา,แรงงานนอกระบบ,คน
103049,1802,2561,ช่วยธุรกิจครัวเรือน,หญิง,สงขลา,แรงงานนอกระบบ,คน
2564,1803,2561,ลูกจ้างเอกชน,หญิง,สงขลา,แรงงานนอกระบบ,คน
77,1804,2561,นายจ้าง,ชาย,สตูล,แรงงานในระบบ,คน
398,1805,2561,ประกอบธุรกิจส่วนตัว,ชาย,สตูล,แรงงานในระบบ,คน
390,1806,2561,ช่วยธุรกิจครัวเรือน,ชาย,สตูล,แรงงานในระบบ,คน
8429,1807,2561,ลูกจ้างรัฐบาล,ชาย,สตูล,แรงงานในระบบ,คน
28450,1808,2561,ลูกจ้างเอกชน,ชาย,สตูล,แรงงานในระบบ,คน
283,1809,2561,นายจ้าง,หญิง,สตูล,แรงงานในระบบ,คน
608,1810,2561,ประกอบธุรกิจส่วนตัว,หญิง,สตูล,แรงงานในระบบ,คน
522,1811,2561,ช่วยธุรกิจครัวเรือน,หญิง,สตูล,แรงงานในระบบ,คน
8216,1812,2561,ลูกจ้างรัฐบาล,หญิง,สตูล,แรงงานในระบบ,คน
19108,1813,2561,ลูกจ้างเอกชน,หญิง,สตูล,แรงงานในระบบ,คน
4190,1814,2561,นายจ้าง,ชาย,สตูล,แรงงานนอกระบบ,คน
33497,1815,2561,ประกอบธุรกิจส่วนตัว,ชาย,สตูล,แรงงานนอกระบบ,คน
7983,1816,2561,ช่วยธุรกิจครัวเรือน,ชาย,สตูล,แรงงานนอกระบบ,คน
26,1817,2561,ลูกจ้างรัฐบาล,ชาย,สตูล,แรงงานนอกระบบ,คน
2016,1818,2561,ลูกจ้างเอกชน,ชาย,สตูล,แรงงานนอกระบบ,คน
785,1819,2561,นายจ้าง,หญิง,สตูล,แรงงานนอกระบบ,คน
16839,1820,2561,ประกอบธุรกิจส่วนตัว,หญิง,สตูล,แรงงานนอกระบบ,คน
14404,1821,2561,ช่วยธุรกิจครัวเรือน,หญิง,สตูล,แรงงานนอกระบบ,คน
1062,1822,2561,ลูกจ้างรัฐบาล,หญิง,สตูล,แรงงานนอกระบบ,คน
759,1823,2561,ลูกจ้างเอกชน,หญิง,สตูล,แรงงานนอกระบบ,คน
980,1824,2561,นายจ้าง,ชาย,ตรัง,แรงงานในระบบ,คน
951,1825,2561,ประกอบธุรกิจส่วนตัว,ชาย,ตรัง,แรงงานในระบบ,คน
306,1826,2561,ช่วยธุรกิจครัวเรือน,ชาย,ตรัง,แรงงานในระบบ,คน
15275,1827,2561,ลูกจ้างรัฐบาล,ชาย,ตรัง,แรงงานในระบบ,คน
75013,1828,2561,ลูกจ้างเอกชน,ชาย,ตรัง,แรงงานในระบบ,คน
786,1829,2561,ประกอบธุรกิจส่วนตัว,หญิง,ตรัง,แรงงานในระบบ,คน
714,1830,2561,ช่วยธุรกิจครัวเรือน,หญิง,ตรัง,แรงงานในระบบ,คน
16926,1831,2561,ลูกจ้างรัฐบาล,หญิง,ตรัง,แรงงานในระบบ,คน
61801,1832,2561,ลูกจ้างเอกชน,หญิง,ตรัง,แรงงานในระบบ,คน
12379,1833,2561,นายจ้าง,ชาย,ตรัง,แรงงานนอกระบบ,คน
64287,1834,2561,ประกอบธุรกิจส่วนตัว,ชาย,ตรัง,แรงงานนอกระบบ,คน
27217,1835,2561,ช่วยธุรกิจครัวเรือน,ชาย,ตรัง,แรงงานนอกระบบ,คน
347,1836,2561,ลูกจ้างรัฐบาล,ชาย,ตรัง,แรงงานนอกระบบ,คน
6946,1837,2561,ลูกจ้างเอกชน,ชาย,ตรัง,แรงงานนอกระบบ,คน
6763,1838,2561,นายจ้าง,หญิง,ตรัง,แรงงานนอกระบบ,คน
47252,1839,2561,ประกอบธุรกิจส่วนตัว,หญิง,ตรัง,แรงงานนอกระบบ,คน
34785,1840,2561,ช่วยธุรกิจครัวเรือน,หญิง,ตรัง,แรงงานนอกระบบ,คน
628,1841,2561,ลูกจ้างรัฐบาล,หญิง,ตรัง,แรงงานนอกระบบ,คน
4352,1842,2561,ลูกจ้างเอกชน,หญิง,ตรัง,แรงงานนอกระบบ,คน
291,1843,2561,นายจ้าง,ชาย,พัทลุง,แรงงานในระบบ,คน
1855,1844,2561,ประกอบธุรกิจส่วนตัว,ชาย,พัทลุง,แรงงานในระบบ,คน
608,1845,2561,ช่วยธุรกิจครัวเรือน,ชาย,พัทลุง,แรงงานในระบบ,คน
14652,1846,2561,ลูกจ้างรัฐบาล,ชาย,พัทลุง,แรงงานในระบบ,คน
42144,1847,2561,ลูกจ้างเอกชน,ชาย,พัทลุง,แรงงานในระบบ,คน
2866,1848,2561,ประกอบธุรกิจส่วนตัว,หญิง,พัทลุง,แรงงานในระบบ,คน
1170,1849,2561,ช่วยธุรกิจครัวเรือน,หญิง,พัทลุง,แรงงานในระบบ,คน
14637,1850,2561,ลูกจ้างรัฐบาล,หญิง,พัทลุง,แรงงานในระบบ,คน
31574,1851,2561,ลูกจ้างเอกชน,หญิง,พัทลุง,แรงงานในระบบ,คน
6482,1852,2561,นายจ้าง,ชาย,พัทลุง,แรงงานนอกระบบ,คน
71262,1853,2561,ประกอบธุรกิจส่วนตัว,ชาย,พัทลุง,แรงงานนอกระบบ,คน
17165,1854,2561,ช่วยธุรกิจครัวเรือน,ชาย,พัทลุง,แรงงานนอกระบบ,คน
491,1855,2561,ลูกจ้างรัฐบาล,ชาย,พัทลุง,แรงงานนอกระบบ,คน
5194,1856,2561,ลูกจ้างเอกชน,ชาย,พัทลุง,แรงงานนอกระบบ,คน
2320,1857,2561,นายจ้าง,หญิง,พัทลุง,แรงงานนอกระบบ,คน
48931,1858,2561,ประกอบธุรกิจส่วนตัว,หญิง,พัทลุง,แรงงานนอกระบบ,คน
37415,1859,2561,ช่วยธุรกิจครัวเรือน,หญิง,พัทลุง,แรงงานนอกระบบ,คน
1076,1860,2561,ลูกจ้างรัฐบาล,หญิง,พัทลุง,แรงงานนอกระบบ,คน
2083,1861,2561,ลูกจ้างเอกชน,หญิง,พัทลุง,แรงงานนอกระบบ,คน
141,1862,2561,การรวมกลุ่ม,หญิง,พัทลุง,แรงงานนอกระบบ,คน
766,1863,2561,นายจ้าง,ชาย,ปัตตานี,แรงงานในระบบ,คน
1167,1864,2561,ประกอบธุรกิจส่วนตัว,ชาย,ปัตตานี,แรงงานในระบบ,คน
173,1865,2561,ช่วยธุรกิจครัวเรือน,ชาย,ปัตตานี,แรงงานในระบบ,คน
18798,1866,2561,ลูกจ้างรัฐบาล,ชาย,ปัตตานี,แรงงานในระบบ,คน
57149,1867,2561,ลูกจ้างเอกชน,ชาย,ปัตตานี,แรงงานในระบบ,คน
1152,1868,2561,ประกอบธุรกิจส่วนตัว,หญิง,ปัตตานี,แรงงานในระบบ,คน
584,1869,2561,ช่วยธุรกิจครัวเรือน,หญิง,ปัตตานี,แรงงานในระบบ,คน
14585,1870,2561,ลูกจ้างรัฐบาล,หญิง,ปัตตานี,แรงงานในระบบ,คน
33375,1871,2561,ลูกจ้างเอกชน,หญิง,ปัตตานี,แรงงานในระบบ,คน
4758,1872,2561,นายจ้าง,ชาย,ปัตตานี,แรงงานนอกระบบ,คน
54889,1873,2561,ประกอบธุรกิจส่วนตัว,ชาย,ปัตตานี,แรงงานนอกระบบ,คน
22300,1874,2561,ช่วยธุรกิจครัวเรือน,ชาย,ปัตตานี,แรงงานนอกระบบ,คน
1378,1875,2561,ลูกจ้างรัฐบาล,ชาย,ปัตตานี,แรงงานนอกระบบ,คน
10784,1876,2561,ลูกจ้างเอกชน,ชาย,ปัตตานี,แรงงานนอกระบบ,คน
1218,1877,2561,นายจ้าง,หญิง,ปัตตานี,แรงงานนอกระบบ,คน
53203,1878,2561,ประกอบธุรกิจส่วนตัว,หญิง,ปัตตานี,แรงงานนอกระบบ,คน
22964,1879,2561,ช่วยธุรกิจครัวเรือน,หญิง,ปัตตานี,แรงงานนอกระบบ,คน
4474,1880,2561,ลูกจ้างรัฐบาล,หญิง,ปัตตานี,แรงงานนอกระบบ,คน
4828,1881,2561,ลูกจ้างเอกชน,หญิง,ปัตตานี,แรงงานนอกระบบ,คน
218,1882,2561,นายจ้าง,ชาย,ยะลา,แรงงานในระบบ,คน
6137,1883,2561,ลูกจ้างรัฐบาล,ชาย,ยะลา,แรงงานในระบบ,คน
25550,1884,2561,ลูกจ้างเอกชน,ชาย,ยะลา,แรงงานในระบบ,คน
82,1885,2561,ประกอบธุรกิจส่วนตัว,หญิง,ยะลา,แรงงานในระบบ,คน
6418,1886,2561,ลูกจ้างรัฐบาล,หญิง,ยะลา,แรงงานในระบบ,คน
15152,1887,2561,ลูกจ้างเอกชน,หญิง,ยะลา,แรงงานในระบบ,คน
2481,1888,2561,นายจ้าง,ชาย,ยะลา,แรงงานนอกระบบ,คน
59081,1889,2561,ประกอบธุรกิจส่วนตัว,ชาย,ยะลา,แรงงานนอกระบบ,คน
33520,1890,2561,ช่วยธุรกิจครัวเรือน,ชาย,ยะลา,แรงงานนอกระบบ,คน
903,1891,2561,ลูกจ้างเอกชน,ชาย,ยะลา,แรงงานนอกระบบ,คน
1216,1892,2561,นายจ้าง,หญิง,ยะลา,แรงงานนอกระบบ,คน
34511,1893,2561,ประกอบธุรกิจส่วนตัว,หญิง,ยะลา,แรงงานนอกระบบ,คน
45190,1894,2561,ช่วยธุรกิจครัวเรือน,หญิง,ยะลา,แรงงานนอกระบบ,คน
962,1895,2561,ลูกจ้างเอกชน,หญิง,ยะลา,แรงงานนอกระบบ,คน
590,1896,2561,นายจ้าง,ชาย,นราธิวาส,แรงงานในระบบ,คน
427,1897,2561,ประกอบธุรกิจส่วนตัว,ชาย,นราธิวาส,แรงงานในระบบ,คน
82,1898,2561,ช่วยธุรกิจครัวเรือน,ชาย,นราธิวาส,แรงงานในระบบ,คน
28874,1899,2561,ลูกจ้างรัฐบาล,ชาย,นราธิวาส,แรงงานในระบบ,คน
85146,1900,2561,ลูกจ้างเอกชน,ชาย,นราธิวาส,แรงงานในระบบ,คน
75,1901,2561,ประกอบธุรกิจส่วนตัว,หญิง,นราธิวาส,แรงงานในระบบ,คน
111,1902,2561,ช่วยธุรกิจครัวเรือน,หญิง,นราธิวาส,แรงงานในระบบ,คน
21107,1903,2561,ลูกจ้างรัฐบาล,หญิง,นราธิวาส,แรงงานในระบบ,คน
54163,1904,2561,ลูกจ้างเอกชน,หญิง,นราธิวาส,แรงงานในระบบ,คน
1822,1905,2561,นายจ้าง,ชาย,นราธิวาส,แรงงานนอกระบบ,คน
45755,1906,2561,ประกอบธุรกิจส่วนตัว,ชาย,นราธิวาส,แรงงานนอกระบบ,คน
16757,1907,2561,ช่วยธุรกิจครัวเรือน,ชาย,นราธิวาส,แรงงานนอกระบบ,คน
1007,1908,2561,ลูกจ้างรัฐบาล,ชาย,นราธิวาส,แรงงานนอกระบบ,คน
3362,1909,2561,ลูกจ้างเอกชน,ชาย,นราธิวาส,แรงงานนอกระบบ,คน
137,1910,2561,นายจ้าง,หญิง,นราธิวาส,แรงงานนอกระบบ,คน
40469,1911,2561,ประกอบธุรกิจส่วนตัว,หญิง,นราธิวาส,แรงงานนอกระบบ,คน
19844,1912,2561,ช่วยธุรกิจครัวเรือน,หญิง,นราธิวาส,แรงงานนอกระบบ,คน
518,1913,2561,ลูกจ้างรัฐบาล,หญิง,นราธิวาส,แรงงานนอกระบบ,คน
1520,1914,2561,ลูกจ้างเอกชน,หญิง,นราธิวาส,แรงงานนอกระบบ,คน
1167,1915,2562,นายจ้าง,ชาย,นครศรีธรรมราช,แรงงานในระบบ,คน
3564,1916,2562,ประกอบธุรกิจส่วนตัว,ชาย,นครศรีธรรมราช,แรงงานในระบบ,คน
147,1917,2562,ช่วยธุรกิจครัวเรือน,ชาย,นครศรีธรรมราช,แรงงานในระบบ,คน
31267,1918,2562,ลูกจ้างรัฐบาล,ชาย,นครศรีธรรมราช,แรงงานในระบบ,คน
124966,1919,2562,ลูกจ้างเอกชน,ชาย,นครศรีธรรมราช,แรงงานในระบบ,คน
3946,1920,2562,ประกอบธุรกิจส่วนตัว,หญิง,นครศรีธรรมราช,แรงงานในระบบ,คน
1718,1921,2562,ช่วยธุรกิจครัวเรือน,หญิง,นครศรีธรรมราช,แรงงานในระบบ,คน
38907,1922,2562,ลูกจ้างรัฐบาล,หญิง,นครศรีธรรมราช,แรงงานในระบบ,คน
88507,1923,2562,ลูกจ้างเอกชน,หญิง,นครศรีธรรมราช,แรงงานในระบบ,คน
16952,1924,2562,นายจ้าง,ชาย,นครศรีธรรมราช,แรงงานนอกระบบ,คน
199057,1925,2562,ประกอบธุรกิจส่วนตัว,ชาย,นครศรีธรรมราช,แรงงานนอกระบบ,คน
48981,1926,2562,ช่วยธุรกิจครัวเรือน,ชาย,นครศรีธรรมราช,แรงงานนอกระบบ,คน
154,1927,2562,ลูกจ้างรัฐบาล,ชาย,นครศรีธรรมราช,แรงงานนอกระบบ,คน
35692,1928,2562,ลูกจ้างเอกชน,ชาย,นครศรีธรรมราช,แรงงานนอกระบบ,คน
182,1929,2562,การรวมกลุ่ม,ชาย,นครศรีธรรมราช,แรงงานนอกระบบ,คน
11935,1930,2562,นายจ้าง,หญิง,นครศรีธรรมราช,แรงงานนอกระบบ,คน
116839,1931,2562,ประกอบธุรกิจส่วนตัว,หญิง,นครศรีธรรมราช,แรงงานนอกระบบ,คน
90693,1932,2562,ช่วยธุรกิจครัวเรือน,หญิง,นครศรีธรรมราช,แรงงานนอกระบบ,คน
891,1933,2562,ลูกจ้างรัฐบาล,หญิง,นครศรีธรรมราช,แรงงานนอกระบบ,คน
11520,1934,2562,ลูกจ้างเอกชน,หญิง,นครศรีธรรมราช,แรงงานนอกระบบ,คน
258,1935,2562,การรวมกลุ่ม,หญิง,นครศรีธรรมราช,แรงงานนอกระบบ,คน
629,1936,2562,นายจ้าง,ชาย,กระบี่,แรงงานในระบบ,คน
605,1937,2562,ประกอบธุรกิจส่วนตัว,ชาย,กระบี่,แรงงานในระบบ,คน
387,1938,2562,ช่วยธุรกิจครัวเรือน,ชาย,กระบี่,แรงงานในระบบ,คน
6680,1939,2562,ลูกจ้างรัฐบาล,ชาย,กระบี่,แรงงานในระบบ,คน
35935,1940,2562,ลูกจ้างเอกชน,ชาย,กระบี่,แรงงานในระบบ,คน
30,1941,2562,นายจ้าง,หญิง,กระบี่,แรงงานในระบบ,คน
1938,1942,2562,ประกอบธุรกิจส่วนตัว,หญิง,กระบี่,แรงงานในระบบ,คน
14872.16667,1943,2562,นายจ้าง,ชาย,นครศรีธรรมราช,แรงงานในระบบ,คน
9343,1944,2562,ลูกจ้างรัฐบาล,หญิง,กระบี่,แรงงานในระบบ,คน
29209,1945,2562,ลูกจ้างเอกชน,หญิง,กระบี่,แรงงานในระบบ,คน
10118,1946,2562,นายจ้าง,ชาย,กระบี่,แรงงานนอกระบบ,คน
40612,1947,2562,ประกอบธุรกิจส่วนตัว,ชาย,กระบี่,แรงงานนอกระบบ,คน
10629,1948,2562,ช่วยธุรกิจครัวเรือน,ชาย,กระบี่,แรงงานนอกระบบ,คน
130,1949,2562,ลูกจ้างรัฐบาล,ชาย,กระบี่,แรงงานนอกระบบ,คน
11751,1950,2562,ลูกจ้างเอกชน,ชาย,กระบี่,แรงงานนอกระบบ,คน
3733,1951,2562,นายจ้าง,หญิง,กระบี่,แรงงานนอกระบบ,คน
25433,1952,2562,ประกอบธุรกิจส่วนตัว,หญิง,กระบี่,แรงงานนอกระบบ,คน
19188,1953,2562,ช่วยธุรกิจครัวเรือน,หญิง,กระบี่,แรงงานนอกระบบ,คน
316,1954,2562,ลูกจ้างรัฐบาล,หญิง,กระบี่,แรงงานนอกระบบ,คน
4893,1955,2562,ลูกจ้างเอกชน,หญิง,กระบี่,แรงงานนอกระบบ,คน
265,1956,2562,การรวมกลุ่ม,หญิง,กระบี่,แรงงานนอกระบบ,คน
375,1957,2562,นายจ้าง,ชาย,พังงา,แรงงานในระบบ,คน
1848,1958,2562,ประกอบธุรกิจส่วนตัว,ชาย,พังงา,แรงงานในระบบ,คน
72,1959,2562,ช่วยธุรกิจครัวเรือน,ชาย,พังงา,แรงงานในระบบ,คน
6767,1960,2562,ลูกจ้างรัฐบาล,ชาย,พังงา,แรงงานในระบบ,คน
27412,1961,2562,ลูกจ้างเอกชน,ชาย,พังงา,แรงงานในระบบ,คน
26,1962,2562,นายจ้าง,หญิง,พังงา,แรงงานในระบบ,คน
981,1963,2562,ประกอบธุรกิจส่วนตัว,หญิง,พังงา,แรงงานในระบบ,คน
1640,1964,2562,ช่วยธุรกิจครัวเรือน,หญิง,พังงา,แรงงานในระบบ,คน
7520,1965,2562,ลูกจ้างรัฐบาล,หญิง,พังงา,แรงงานในระบบ,คน
17693,1966,2562,ลูกจ้างเอกชน,หญิง,พังงา,แรงงานในระบบ,คน
5883,1967,2562,นายจ้าง,ชาย,พังงา,แรงงานนอกระบบ,คน
32164,1968,2562,ประกอบธุรกิจส่วนตัว,ชาย,พังงา,แรงงานนอกระบบ,คน
7127,1969,2562,ช่วยธุรกิจครัวเรือน,ชาย,พังงา,แรงงานนอกระบบ,คน
219,1970,2562,ลูกจ้างรัฐบาล,ชาย,พังงา,แรงงานนอกระบบ,คน
7860,1971,2562,ลูกจ้างเอกชน,ชาย,พังงา,แรงงานนอกระบบ,คน
1619,1972,2562,นายจ้าง,หญิง,พังงา,แรงงานนอกระบบ,คน
12848,1973,2562,ประกอบธุรกิจส่วนตัว,หญิง,พังงา,แรงงานนอกระบบ,คน
7319,1974,2562,ช่วยธุรกิจครัวเรือน,หญิง,พังงา,แรงงานนอกระบบ,คน
423,1975,2562,ลูกจ้างรัฐบาล,หญิง,พังงา,แรงงานนอกระบบ,คน
818,1976,2562,ลูกจ้างเอกชน,หญิง,พังงา,แรงงานนอกระบบ,คน
2228,1977,2562,นายจ้าง,ชาย,ภูเก็ต,แรงงานในระบบ,คน
2486,1978,2562,ประกอบธุรกิจส่วนตัว,ชาย,ภูเก็ต,แรงงานในระบบ,คน
159,1979,2562,ช่วยธุรกิจครัวเรือน,ชาย,ภูเก็ต,แรงงานในระบบ,คน
15158,1980,2562,ลูกจ้างรัฐบาล,ชาย,ภูเก็ต,แรงงานในระบบ,คน
96675,1981,2562,ลูกจ้างเอกชน,ชาย,ภูเก็ต,แรงงานในระบบ,คน
2451,1982,2562,นายจ้าง,หญิง,ภูเก็ต,แรงงานในระบบ,คน
1936,1983,2562,ประกอบธุรกิจส่วนตัว,หญิง,ภูเก็ต,แรงงานในระบบ,คน
699,1984,2562,ช่วยธุรกิจครัวเรือน,หญิง,ภูเก็ต,แรงงานในระบบ,คน
9208,1985,2562,ลูกจ้างรัฐบาล,หญิง,ภูเก็ต,แรงงานในระบบ,คน
87194,1986,2562,ลูกจ้างเอกชน,หญิง,ภูเก็ต,แรงงานในระบบ,คน
10379,1987,2562,นายจ้าง,ชาย,ภูเก็ต,แรงงานนอกระบบ,คน
40291,1988,2562,ประกอบธุรกิจส่วนตัว,ชาย,ภูเก็ต,แรงงานนอกระบบ,คน
7351,1989,2562,ช่วยธุรกิจครัวเรือน,ชาย,ภูเก็ต,แรงงานนอกระบบ,คน
2835,1990,2562,ลูกจ้างเอกชน,ชาย,ภูเก็ต,แรงงานนอกระบบ,คน
2808,1991,2562,นายจ้าง,หญิง,ภูเก็ต,แรงงานนอกระบบ,คน
23907,1992,2562,ประกอบธุรกิจส่วนตัว,หญิง,ภูเก็ต,แรงงานนอกระบบ,คน
12229,1993,2562,ช่วยธุรกิจครัวเรือน,หญิง,ภูเก็ต,แรงงานนอกระบบ,คน
254,1994,2562,ลูกจ้างรัฐบาล,หญิง,ภูเก็ต,แรงงานนอกระบบ,คน
794,1995,2562,ลูกจ้างเอกชน,หญิง,ภูเก็ต,แรงงานนอกระบบ,คน
90,1996,2562,การรวมกลุ่ม,หญิง,ภูเก็ต,แรงงานนอกระบบ,คน
502,1997,2562,นายจ้าง,ชาย,สุราษฏร์ธานี,แรงงานในระบบ,คน
1872,1998,2562,ประกอบธุรกิจส่วนตัว,ชาย,สุราษฏร์ธานี,แรงงานในระบบ,คน
365,1999,2562,ช่วยธุรกิจครัวเรือน,ชาย,สุราษฏร์ธานี,แรงงานในระบบ,คน
22635,2000,2562,ลูกจ้างรัฐบาล,ชาย,สุราษฏร์ธานี,แรงงานในระบบ,คน
107477,2001,2562,ลูกจ้างเอกชน,ชาย,สุราษฏร์ธานี,แรงงานในระบบ,คน
342,2002,2562,นายจ้าง,หญิง,สุราษฏร์ธานี,แรงงานในระบบ,คน
3010,2003,2562,ประกอบธุรกิจส่วนตัว,หญิง,สุราษฏร์ธานี,แรงงานในระบบ,คน
27895,2004,2562,ลูกจ้างรัฐบาล,หญิง,สุราษฏร์ธานี,แรงงานในระบบ,คน
78505,2005,2562,ลูกจ้างเอกชน,หญิง,สุราษฏร์ธานี,แรงงานในระบบ,คน
15351,2006,2562,นายจ้าง,ชาย,สุราษฏร์ธานี,แรงงานนอกระบบ,คน
137415,2007,2562,ประกอบธุรกิจส่วนตัว,ชาย,สุราษฏร์ธานี,แรงงานนอกระบบ,คน
35188,2008,2562,ช่วยธุรกิจครัวเรือน,ชาย,สุราษฏร์ธานี,แรงงานนอกระบบ,คน
9296,2009,2562,ลูกจ้างเอกชน,ชาย,สุราษฏร์ธานี,แรงงานนอกระบบ,คน
6628,2010,2562,นายจ้าง,หญิง,สุราษฏร์ธานี,แรงงานนอกระบบ,คน
72153,2011,2562,ประกอบธุรกิจส่วนตัว,หญิง,สุราษฏร์ธานี,แรงงานนอกระบบ,คน
51812,2012,2562,ช่วยธุรกิจครัวเรือน,หญิง,สุราษฏร์ธานี,แรงงานนอกระบบ,คน
509,2013,2562,ลูกจ้างรัฐบาล,หญิง,สุราษฏร์ธานี,แรงงานนอกระบบ,คน
5853,2014,2562,ลูกจ้างเอกชน,หญิง,สุราษฏร์ธานี,แรงงานนอกระบบ,คน
110,2015,2562,นายจ้าง,ชาย,ระนอง,แรงงานในระบบ,คน
360,2016,2562,ประกอบธุรกิจส่วนตัว,ชาย,ระนอง,แรงงานในระบบ,คน
191,2017,2562,ช่วยธุรกิจครัวเรือน,ชาย,ระนอง,แรงงานในระบบ,คน
7241,2018,2562,ลูกจ้างรัฐบาล,ชาย,ระนอง,แรงงานในระบบ,คน
30311,2019,2562,ลูกจ้างเอกชน,ชาย,ระนอง,แรงงานในระบบ,คน
75,2020,2562,นายจ้าง,หญิง,ระนอง,แรงงานในระบบ,คน
329,2021,2562,ประกอบธุรกิจส่วนตัว,หญิง,ระนอง,แรงงานในระบบ,คน
193,2022,2562,ช่วยธุรกิจครัวเรือน,หญิง,ระนอง,แรงงานในระบบ,คน
7265,2023,2562,ลูกจ้างรัฐบาล,หญิง,ระนอง,แรงงานในระบบ,คน
18253,2024,2562,ลูกจ้างเอกชน,หญิง,ระนอง,แรงงานในระบบ,คน
4876,2025,2562,นายจ้าง,ชาย,ระนอง,แรงงานนอกระบบ,คน
28598,2026,2562,ประกอบธุรกิจส่วนตัว,ชาย,ระนอง,แรงงานนอกระบบ,คน
9059,2027,2562,ช่วยธุรกิจครัวเรือน,ชาย,ระนอง,แรงงานนอกระบบ,คน
88,2028,2562,ลูกจ้างรัฐบาล,ชาย,ระนอง,แรงงานนอกระบบ,คน
1921,2029,2562,ลูกจ้างเอกชน,ชาย,ระนอง,แรงงานนอกระบบ,คน
1185,2030,2562,นายจ้าง,หญิง,ระนอง,แรงงานนอกระบบ,คน
10261,2031,2562,ประกอบธุรกิจส่วนตัว,หญิง,ระนอง,แรงงานนอกระบบ,คน
9345,2032,2562,ช่วยธุรกิจครัวเรือน,หญิง,ระนอง,แรงงานนอกระบบ,คน
223,2033,2562,ลูกจ้างรัฐบาล,หญิง,ระนอง,แรงงานนอกระบบ,คน
863,2034,2562,ลูกจ้างเอกชน,หญิง,ระนอง,แรงงานนอกระบบ,คน
418,2035,2562,นายจ้าง,ชาย,ชุมพร,แรงงานในระบบ,คน
571,2036,2562,ประกอบธุรกิจส่วนตัว,ชาย,ชุมพร,แรงงานในระบบ,คน
256,2037,2562,ช่วยธุรกิจครัวเรือน,ชาย,ชุมพร,แรงงานในระบบ,คน
10280,2038,2562,ลูกจ้างรัฐบาล,ชาย,ชุมพร,แรงงานในระบบ,คน
39996,2039,2562,ลูกจ้างเอกชน,ชาย,ชุมพร,แรงงานในระบบ,คน
157,2040,2562,นายจ้าง,หญิง,ชุมพร,แรงงานในระบบ,คน
1528,2041,2562,ประกอบธุรกิจส่วนตัว,หญิง,ชุมพร,แรงงานในระบบ,คน
13633,2042,2562,ลูกจ้างรัฐบาล,หญิง,ชุมพร,แรงงานในระบบ,คน
23464,2043,2562,ลูกจ้างเอกชน,หญิง,ชุมพร,แรงงานในระบบ,คน
215,2044,2562,การรวมกลุ่ม,หญิง,ชุมพร,แรงงานในระบบ,คน
3277,2045,2562,นายจ้าง,ชาย,ชุมพร,แรงงานนอกระบบ,คน
78163,2046,2562,ประกอบธุรกิจส่วนตัว,ชาย,ชุมพร,แรงงานนอกระบบ,คน
29227,2047,2562,ช่วยธุรกิจครัวเรือน,ชาย,ชุมพร,แรงงานนอกระบบ,คน
8661,2048,2562,ลูกจ้างเอกชน,ชาย,ชุมพร,แรงงานนอกระบบ,คน
1799,2049,2562,นายจ้าง,หญิง,ชุมพร,แรงงานนอกระบบ,คน
37418,2050,2562,ประกอบธุรกิจส่วนตัว,หญิง,ชุมพร,แรงงานนอกระบบ,คน
32524,2051,2562,ช่วยธุรกิจครัวเรือน,หญิง,ชุมพร,แรงงานนอกระบบ,คน
270,2052,2562,ลูกจ้างรัฐบาล,หญิง,ชุมพร,แรงงานนอกระบบ,คน
4330,2053,2562,ลูกจ้างเอกชน,หญิง,ชุมพร,แรงงานนอกระบบ,คน
947,2054,2562,นายจ้าง,ชาย,สงขลา,แรงงานในระบบ,คน
2630,2055,2562,ประกอบธุรกิจส่วนตัว,ชาย,สงขลา,แรงงานในระบบ,คน
2134,2056,2562,ช่วยธุรกิจครัวเรือน,ชาย,สงขลา,แรงงานในระบบ,คน
28588,2057,2562,ลูกจ้างรัฐบาล,ชาย,สงขลา,แรงงานในระบบ,คน
187962,2058,2562,ลูกจ้างเอกชน,ชาย,สงขลา,แรงงานในระบบ,คน
864,2059,2562,นายจ้าง,หญิง,สงขลา,แรงงานในระบบ,คน
3853,2060,2562,ประกอบธุรกิจส่วนตัว,หญิง,สงขลา,แรงงานในระบบ,คน
1626,2061,2562,ช่วยธุรกิจครัวเรือน,หญิง,สงขลา,แรงงานในระบบ,คน
38287,2062,2562,ลูกจ้างรัฐบาล,หญิง,สงขลา,แรงงานในระบบ,คน
141695,2063,2562,ลูกจ้างเอกชน,หญิง,สงขลา,แรงงานในระบบ,คน
16687,2064,2562,นายจ้าง,ชาย,สงขลา,แรงงานนอกระบบ,คน
144831,2065,2562,ประกอบธุรกิจส่วนตัว,ชาย,สงขลา,แรงงานนอกระบบ,คน
56154,2066,2562,ช่วยธุรกิจครัวเรือน,ชาย,สงขลา,แรงงานนอกระบบ,คน
8039,2067,2562,ลูกจ้างเอกชน,ชาย,สงขลา,แรงงานนอกระบบ,คน
397,2068,2562,การรวมกลุ่ม,ชาย,สงขลา,แรงงานนอกระบบ,คน
6997,2069,2562,นายจ้าง,หญิง,สงขลา,แรงงานนอกระบบ,คน
112682,2070,2562,ประกอบธุรกิจส่วนตัว,หญิง,สงขลา,แรงงานนอกระบบ,คน
86457,2071,2562,ช่วยธุรกิจครัวเรือน,หญิง,สงขลา,แรงงานนอกระบบ,คน
1111,2072,2562,ลูกจ้างรัฐบาล,หญิง,สงขลา,แรงงานนอกระบบ,คน
5836,2073,2562,ลูกจ้างเอกชน,หญิง,สงขลา,แรงงานนอกระบบ,คน
629,2074,2562,นายจ้าง,ชาย,สตูล,แรงงานในระบบ,คน
1118,2075,2562,ประกอบธุรกิจส่วนตัว,ชาย,สตูล,แรงงานในระบบ,คน
350,2076,2562,ช่วยธุรกิจครัวเรือน,ชาย,สตูล,แรงงานในระบบ,คน
8572,2077,2562,ลูกจ้างรัฐบาล,ชาย,สตูล,แรงงานในระบบ,คน
30340,2078,2562,ลูกจ้างเอกชน,ชาย,สตูล,แรงงานในระบบ,คน
310,2079,2562,นายจ้าง,หญิง,สตูล,แรงงานในระบบ,คน
964,2080,2562,ประกอบธุรกิจส่วนตัว,หญิง,สตูล,แรงงานในระบบ,คน
210,2081,2562,ช่วยธุรกิจครัวเรือน,หญิง,สตูล,แรงงานในระบบ,คน
8328,2082,2562,ลูกจ้างรัฐบาล,หญิง,สตูล,แรงงานในระบบ,คน
16800,2083,2562,ลูกจ้างเอกชน,หญิง,สตูล,แรงงานในระบบ,คน
4443,2084,2562,นายจ้าง,ชาย,สตูล,แรงงานนอกระบบ,คน
31387,2085,2562,ประกอบธุรกิจส่วนตัว,ชาย,สตูล,แรงงานนอกระบบ,คน
7682,2086,2562,ช่วยธุรกิจครัวเรือน,ชาย,สตูล,แรงงานนอกระบบ,คน
254,2087,2562,ลูกจ้างรัฐบาล,ชาย,สตูล,แรงงานนอกระบบ,คน
3218,2088,2562,ลูกจ้างเอกชน,ชาย,สตูล,แรงงานนอกระบบ,คน
1180,2089,2562,นายจ้าง,หญิง,สตูล,แรงงานนอกระบบ,คน
17900,2090,2562,ประกอบธุรกิจส่วนตัว,หญิง,สตูล,แรงงานนอกระบบ,คน
12469,2091,2562,ช่วยธุรกิจครัวเรือน,หญิง,สตูล,แรงงานนอกระบบ,คน
597,2092,2562,ลูกจ้างรัฐบาล,หญิง,สตูล,แรงงานนอกระบบ,คน
1690,2093,2562,ลูกจ้างเอกชน,หญิง,สตูล,แรงงานนอกระบบ,คน
76,2094,2562,นายจ้าง,ชาย,ตรัง,แรงงานในระบบ,คน
1366,2095,2562,ประกอบธุรกิจส่วนตัว,ชาย,ตรัง,แรงงานในระบบ,คน
13430,2096,2562,ลูกจ้างรัฐบาล,ชาย,ตรัง,แรงงานในระบบ,คน
80036,2097,2562,ลูกจ้างเอกชน,ชาย,ตรัง,แรงงานในระบบ,คน
130,2098,2562,นายจ้าง,หญิง,ตรัง,แรงงานในระบบ,คน
983,2099,2562,ประกอบธุรกิจส่วนตัว,หญิง,ตรัง,แรงงานในระบบ,คน
643,2100,2562,ช่วยธุรกิจครัวเรือน,หญิง,ตรัง,แรงงานในระบบ,คน
17376,2101,2562,ลูกจ้างรัฐบาล,หญิง,ตรัง,แรงงานในระบบ,คน
60647,2102,2562,ลูกจ้างเอกชน,หญิง,ตรัง,แรงงานในระบบ,คน
11596,2103,2562,นายจ้าง,ชาย,ตรัง,แรงงานนอกระบบ,คน
61948,2104,2562,ประกอบธุรกิจส่วนตัว,ชาย,ตรัง,แรงงานนอกระบบ,คน
26051,2105,2562,ช่วยธุรกิจครัวเรือน,ชาย,ตรัง,แรงงานนอกระบบ,คน
6061,2106,2562,ลูกจ้างเอกชน,ชาย,ตรัง,แรงงานนอกระบบ,คน
5126,2107,2562,นายจ้าง,หญิง,ตรัง,แรงงานนอกระบบ,คน
44504,2108,2562,ประกอบธุรกิจส่วนตัว,หญิง,ตรัง,แรงงานนอกระบบ,คน
34764,2109,2562,ช่วยธุรกิจครัวเรือน,หญิง,ตรัง,แรงงานนอกระบบ,คน
1517,2110,2562,ลูกจ้างรัฐบาล,หญิง,ตรัง,แรงงานนอกระบบ,คน
4374,2111,2562,ลูกจ้างเอกชน,หญิง,ตรัง,แรงงานนอกระบบ,คน
420,2112,2562,นายจ้าง,ชาย,พัทลุง,แรงงานในระบบ,คน
2810,2113,2562,ประกอบธุรกิจส่วนตัว,ชาย,พัทลุง,แรงงานในระบบ,คน
11124,2114,2562,ลูกจ้างรัฐบาล,ชาย,พัทลุง,แรงงานในระบบ,คน
35062,2115,2562,ลูกจ้างเอกชน,ชาย,พัทลุง,แรงงานในระบบ,คน
169,2116,2562,นายจ้าง,หญิง,พัทลุง,แรงงานในระบบ,คน
2028,2117,2562,ประกอบธุรกิจส่วนตัว,หญิง,พัทลุง,แรงงานในระบบ,คน
1835,2118,2562,ช่วยธุรกิจครัวเรือน,หญิง,พัทลุง,แรงงานในระบบ,คน
14384,2119,2562,ลูกจ้างรัฐบาล,หญิง,พัทลุง,แรงงานในระบบ,คน
33796,2120,2562,ลูกจ้างเอกชน,หญิง,พัทลุง,แรงงานในระบบ,คน
6678,2121,2562,นายจ้าง,ชาย,พัทลุง,แรงงานนอกระบบ,คน
74610,2122,2562,ประกอบธุรกิจส่วนตัว,ชาย,พัทลุง,แรงงานนอกระบบ,คน
20580,2123,2562,ช่วยธุรกิจครัวเรือน,ชาย,พัทลุง,แรงงานนอกระบบ,คน
5651,2124,2562,ลูกจ้างเอกชน,ชาย,พัทลุง,แรงงานนอกระบบ,คน
1696,2125,2562,นายจ้าง,หญิง,พัทลุง,แรงงานนอกระบบ,คน
48973,2126,2562,ประกอบธุรกิจส่วนตัว,หญิง,พัทลุง,แรงงานนอกระบบ,คน
35755,2127,2562,ช่วยธุรกิจครัวเรือน,หญิง,พัทลุง,แรงงานนอกระบบ,คน
1798,2128,2562,ลูกจ้างเอกชน,หญิง,พัทลุง,แรงงานนอกระบบ,คน
313,2129,2562,การรวมกลุ่ม,หญิง,พัทลุง,แรงงานนอกระบบ,คน
146,2130,2562,นายจ้าง,ชาย,ปัตตานี,แรงงานในระบบ,คน
230,2131,2562,ประกอบธุรกิจส่วนตัว,ชาย,ปัตตานี,แรงงานในระบบ,คน
14686,2132,2562,ลูกจ้างรัฐบาล,ชาย,ปัตตานี,แรงงานในระบบ,คน
46517,2133,2562,ลูกจ้างเอกชน,ชาย,ปัตตานี,แรงงานในระบบ,คน
267,2134,2562,ประกอบธุรกิจส่วนตัว,หญิง,ปัตตานี,แรงงานในระบบ,คน
579,2135,2562,ช่วยธุรกิจครัวเรือน,หญิง,ปัตตานี,แรงงานในระบบ,คน
17202,2136,2562,ลูกจ้างรัฐบาล,หญิง,ปัตตานี,แรงงานในระบบ,คน
26648,2137,2562,ลูกจ้างเอกชน,หญิง,ปัตตานี,แรงงานในระบบ,คน
5993,2138,2562,นายจ้าง,ชาย,ปัตตานี,แรงงานนอกระบบ,คน
62078,2139,2562,ประกอบธุรกิจส่วนตัว,ชาย,ปัตตานี,แรงงานนอกระบบ,คน
28082,2140,2562,ช่วยธุรกิจครัวเรือน,ชาย,ปัตตานี,แรงงานนอกระบบ,คน
1102,2141,2562,ลูกจ้างรัฐบาล,ชาย,ปัตตานี,แรงงานนอกระบบ,คน
13332,2142,2562,ลูกจ้างเอกชน,ชาย,ปัตตานี,แรงงานนอกระบบ,คน
1351,2143,2562,นายจ้าง,หญิง,ปัตตานี,แรงงานนอกระบบ,คน
52329,2144,2562,ประกอบธุรกิจส่วนตัว,หญิง,ปัตตานี,แรงงานนอกระบบ,คน
22744,2145,2562,ช่วยธุรกิจครัวเรือน,หญิง,ปัตตานี,แรงงานนอกระบบ,คน
3645,2146,2562,ลูกจ้างรัฐบาล,หญิง,ปัตตานี,แรงงานนอกระบบ,คน
4573,2147,2562,ลูกจ้างเอกชน,หญิง,ปัตตานี,แรงงานนอกระบบ,คน
280,2148,2562,การรวมกลุ่ม,หญิง,ปัตตานี,แรงงานนอกระบบ,คน
155,2149,2562,นายจ้าง,ชาย,ยะลา,แรงงานในระบบ,คน
163,2150,2562,ประกอบธุรกิจส่วนตัว,ชาย,ยะลา,แรงงานในระบบ,คน
6481,2151,2562,ลูกจ้างรัฐบาล,ชาย,ยะลา,แรงงานในระบบ,คน
22186,2152,2562,ลูกจ้างเอกชน,ชาย,ยะลา,แรงงานในระบบ,คน
5947,2153,2562,ลูกจ้างรัฐบาล,หญิง,ยะลา,แรงงานในระบบ,คน
16874,2154,2562,ลูกจ้างเอกชน,หญิง,ยะลา,แรงงานในระบบ,คน
2483,2155,2562,นายจ้าง,ชาย,ยะลา,แรงงานนอกระบบ,คน
59914,2156,2562,ประกอบธุรกิจส่วนตัว,ชาย,ยะลา,แรงงานนอกระบบ,คน
28560,2157,2562,ช่วยธุรกิจครัวเรือน,ชาย,ยะลา,แรงงานนอกระบบ,คน
1037,2158,2562,ลูกจ้างเอกชน,ชาย,ยะลา,แรงงานนอกระบบ,คน
248,2159,2562,นายจ้าง,หญิง,ยะลา,แรงงานนอกระบบ,คน
33143,2160,2562,ประกอบธุรกิจส่วนตัว,หญิง,ยะลา,แรงงานนอกระบบ,คน
41670,2161,2562,ช่วยธุรกิจครัวเรือน,หญิง,ยะลา,แรงงานนอกระบบ,คน
365,2162,2562,ลูกจ้างรัฐบาล,หญิง,ยะลา,แรงงานนอกระบบ,คน
961,2163,2562,ลูกจ้างเอกชน,หญิง,ยะลา,แรงงานนอกระบบ,คน
177,2164,2562,นายจ้าง,ชาย,นราธิวาส,แรงงานในระบบ,คน
525,2165,2562,ประกอบธุรกิจส่วนตัว,ชาย,นราธิวาส,แรงงานในระบบ,คน
137,2166,2562,ช่วยธุรกิจครัวเรือน,ชาย,นราธิวาส,แรงงานในระบบ,คน
22971,2167,2562,ลูกจ้างรัฐบาล,ชาย,นราธิวาส,แรงงานในระบบ,คน
87537,2168,2562,ลูกจ้างเอกชน,ชาย,นราธิวาส,แรงงานในระบบ,คน
540,2169,2562,ประกอบธุรกิจส่วนตัว,หญิง,นราธิวาส,แรงงานในระบบ,คน
208,2170,2562,ช่วยธุรกิจครัวเรือน,หญิง,นราธิวาส,แรงงานในระบบ,คน
22155,2171,2562,ลูกจ้างรัฐบาล,หญิง,นราธิวาส,แรงงานในระบบ,คน
54340,2172,2562,ลูกจ้างเอกชน,หญิง,นราธิวาส,แรงงานในระบบ,คน
4029,2173,2562,นายจ้าง,ชาย,นราธิวาส,แรงงานนอกระบบ,คน
49515,2174,2562,ประกอบธุรกิจส่วนตัว,ชาย,นราธิวาส,แรงงานนอกระบบ,คน
17302,2175,2562,ช่วยธุรกิจครัวเรือน,ชาย,นราธิวาส,แรงงานนอกระบบ,คน
2136,2176,2562,ลูกจ้างรัฐบาล,ชาย,นราธิวาส,แรงงานนอกระบบ,คน
1571,2177,2562,ลูกจ้างเอกชน,ชาย,นราธิวาส,แรงงานนอกระบบ,คน
600,2178,2562,นายจ้าง,หญิง,นราธิวาส,แรงงานนอกระบบ,คน
33159,2179,2562,ประกอบธุรกิจส่วนตัว,หญิง,นราธิวาส,แรงงานนอกระบบ,คน
22622,2180,2562,ช่วยธุรกิจครัวเรือน,หญิง,นราธิวาส,แรงงานนอกระบบ,คน
257,2181,2562,ลูกจ้างรัฐบาล,หญิง,นราธิวาส,แรงงานนอกระบบ,คน
872,2182,2562,ลูกจ้างเอกชน,หญิง,นราธิวาส,แรงงานนอกระบบ,คน
352,2183,2562,การรวมกลุ่ม,หญิง,นราธิวาส,แรงงานนอกระบบ,คน
5142,2184,2563,ประกอบธุรกิจส่วนตัว,ชาย,นครศรีธรรมราช,แรงงานในระบบ,คน
1890,2185,2563,ช่วยธุรกิจครัวเรือน,ชาย,นครศรีธรรมราช,แรงงานในระบบ,คน
36990,2186,2563,ลูกจ้างรัฐบาล,ชาย,นครศรีธรรมราช,แรงงานในระบบ,คน
144330,2187,2563,ลูกจ้างเอกชน,ชาย,นครศรีธรรมราช,แรงงานในระบบ,คน
1259,2188,2563,นายจ้าง,หญิง,นครศรีธรรมราช,แรงงานในระบบ,คน
9361,2189,2563,ประกอบธุรกิจส่วนตัว,หญิง,นครศรีธรรมราช,แรงงานในระบบ,คน
1784,2190,2563,ช่วยธุรกิจครัวเรือน,หญิง,นครศรีธรรมราช,แรงงานในระบบ,คน
42567,2191,2563,ลูกจ้างรัฐบาล,หญิง,นครศรีธรรมราช,แรงงานในระบบ,คน
104617,2192,2563,ลูกจ้างเอกชน,หญิง,นครศรีธรรมราช,แรงงานในระบบ,คน
23945,2193,2563,นายจ้าง,ชาย,นครศรีธรรมราช,แรงงานนอกระบบ,คน
176261,2194,2563,ประกอบธุรกิจส่วนตัว,ชาย,นครศรีธรรมราช,แรงงานนอกระบบ,คน
64610,2195,2563,ช่วยธุรกิจครัวเรือน,ชาย,นครศรีธรรมราช,แรงงานนอกระบบ,คน
1373,2196,2563,ลูกจ้างรัฐบาล,ชาย,นครศรีธรรมราช,แรงงานนอกระบบ,คน
33704,2197,2563,ลูกจ้างเอกชน,ชาย,นครศรีธรรมราช,แรงงานนอกระบบ,คน
2548,2198,2563,การรวมกลุ่ม,ชาย,นครศรีธรรมราช,แรงงานนอกระบบ,คน
11829,2199,2563,นายจ้าง,หญิง,นครศรีธรรมราช,แรงงานนอกระบบ,คน
152085,2200,2563,ประกอบธุรกิจส่วนตัว,หญิง,นครศรีธรรมราช,แรงงานนอกระบบ,คน
69782,2201,2563,ช่วยธุรกิจครัวเรือน,หญิง,นครศรีธรรมราช,แรงงานนอกระบบ,คน
1071,2202,2563,ลูกจ้างรัฐบาล,หญิง,นครศรีธรรมราช,แรงงานนอกระบบ,คน
10047,2203,2563,ลูกจ้างเอกชน,หญิง,นครศรีธรรมราช,แรงงานนอกระบบ,คน
559,2204,2563,นายจ้าง,ชาย,กระบี่,แรงงานในระบบ,คน
904,2205,2563,ประกอบธุรกิจส่วนตัว,ชาย,กระบี่,แรงงานในระบบ,คน
864,2206,2563,ช่วยธุรกิจครัวเรือน,ชาย,กระบี่,แรงงานในระบบ,คน
6104,2207,2563,ลูกจ้างรัฐบาล,ชาย,กระบี่,แรงงานในระบบ,คน
40433,2208,2563,ลูกจ้างเอกชน,ชาย,กระบี่,แรงงานในระบบ,คน
356,2209,2563,นายจ้าง,หญิง,กระบี่,แรงงานในระบบ,คน
2442,2210,2563,ประกอบธุรกิจส่วนตัว,หญิง,กระบี่,แรงงานในระบบ,คน
770,2211,2563,ช่วยธุรกิจครัวเรือน,หญิง,กระบี่,แรงงานในระบบ,คน
7993,2212,2563,ลูกจ้างรัฐบาล,หญิง,กระบี่,แรงงานในระบบ,คน
27193,2213,2563,ลูกจ้างเอกชน,หญิง,กระบี่,แรงงานในระบบ,คน
14595,2214,2563,นายจ้าง,ชาย,กระบี่,แรงงานนอกระบบ,คน
35966,2215,2563,ประกอบธุรกิจส่วนตัว,ชาย,กระบี่,แรงงานนอกระบบ,คน
10828,2216,2563,ช่วยธุรกิจครัวเรือน,ชาย,กระบี่,แรงงานนอกระบบ,คน
280,2217,2563,ลูกจ้างรัฐบาล,ชาย,กระบี่,แรงงานนอกระบบ,คน
5825,2218,2563,ลูกจ้างเอกชน,ชาย,กระบี่,แรงงานนอกระบบ,คน
5265,2219,2563,นายจ้าง,หญิง,กระบี่,แรงงานนอกระบบ,คน
28664,2220,2563,ประกอบธุรกิจส่วนตัว,หญิง,กระบี่,แรงงานนอกระบบ,คน
14112,2221,2563,ช่วยธุรกิจครัวเรือน,หญิง,กระบี่,แรงงานนอกระบบ,คน
694,2222,2563,ลูกจ้างรัฐบาล,หญิง,กระบี่,แรงงานนอกระบบ,คน
2975,2223,2563,ลูกจ้างเอกชน,หญิง,กระบี่,แรงงานนอกระบบ,คน
94,2224,2563,นายจ้าง,ชาย,พังงา,แรงงานในระบบ,คน
2122,2225,2563,ประกอบธุรกิจส่วนตัว,ชาย,พังงา,แรงงานในระบบ,คน
476,2226,2563,ช่วยธุรกิจครัวเรือน,ชาย,พังงา,แรงงานในระบบ,คน
4690,2227,2563,ลูกจ้างรัฐบาล,ชาย,พังงา,แรงงานในระบบ,คน
30439,2228,2563,ลูกจ้างเอกชน,ชาย,พังงา,แรงงานในระบบ,คน
518,2229,2563,นายจ้าง,หญิง,พังงา,แรงงานในระบบ,คน
1197,2230,2563,ประกอบธุรกิจส่วนตัว,หญิง,พังงา,แรงงานในระบบ,คน
1026,2231,2563,ช่วยธุรกิจครัวเรือน,หญิง,พังงา,แรงงานในระบบ,คน
5731,2232,2563,ลูกจ้างรัฐบาล,หญิง,พังงา,แรงงานในระบบ,คน
18578,2233,2563,ลูกจ้างเอกชน,หญิง,พังงา,แรงงานในระบบ,คน
3683,2234,2563,นายจ้าง,ชาย,พังงา,แรงงานนอกระบบ,คน
29853,2235,2563,ประกอบธุรกิจส่วนตัว,ชาย,พังงา,แรงงานนอกระบบ,คน
10059,2236,2563,ช่วยธุรกิจครัวเรือน,ชาย,พังงา,แรงงานนอกระบบ,คน
100,2237,2563,ลูกจ้างรัฐบาล,ชาย,พังงา,แรงงานนอกระบบ,คน
5693,2238,2563,ลูกจ้างเอกชน,ชาย,พังงา,แรงงานนอกระบบ,คน
219,2239,2563,การรวมกลุ่ม,ชาย,พังงา,แรงงานนอกระบบ,คน
1235,2240,2563,นายจ้าง,หญิง,พังงา,แรงงานนอกระบบ,คน
19067,2241,2563,ประกอบธุรกิจส่วนตัว,หญิง,พังงา,แรงงานนอกระบบ,คน
7525,2242,2563,ช่วยธุรกิจครัวเรือน,หญิง,พังงา,แรงงานนอกระบบ,คน
107,2243,2563,ลูกจ้างรัฐบาล,หญิง,พังงา,แรงงานนอกระบบ,คน
635,2244,2563,ลูกจ้างเอกชน,หญิง,พังงา,แรงงานนอกระบบ,คน
2098,2245,2563,นายจ้าง,ชาย,ภูเก็ต,แรงงานในระบบ,คน
5202,2246,2563,ประกอบธุรกิจส่วนตัว,ชาย,ภูเก็ต,แรงงานในระบบ,คน
412,2247,2563,ช่วยธุรกิจครัวเรือน,ชาย,ภูเก็ต,แรงงานในระบบ,คน
14018,2248,2563,ลูกจ้างรัฐบาล,ชาย,ภูเก็ต,แรงงานในระบบ,คน
93163,2249,2563,ลูกจ้างเอกชน,ชาย,ภูเก็ต,แรงงานในระบบ,คน
360,2250,2563,นายจ้าง,หญิง,ภูเก็ต,แรงงานในระบบ,คน
4080,2251,2563,ประกอบธุรกิจส่วนตัว,หญิง,ภูเก็ต,แรงงานในระบบ,คน
1166,2252,2563,ช่วยธุรกิจครัวเรือน,หญิง,ภูเก็ต,แรงงานในระบบ,คน
9105,2253,2563,ลูกจ้างรัฐบาล,หญิง,ภูเก็ต,แรงงานในระบบ,คน
72842,2254,2563,ลูกจ้างเอกชน,หญิง,ภูเก็ต,แรงงานในระบบ,คน
7724,2255,2563,นายจ้าง,ชาย,ภูเก็ต,แรงงานนอกระบบ,คน
31924,2256,2563,ประกอบธุรกิจส่วนตัว,ชาย,ภูเก็ต,แรงงานนอกระบบ,คน
6017,2257,2563,ช่วยธุรกิจครัวเรือน,ชาย,ภูเก็ต,แรงงานนอกระบบ,คน
401,2258,2563,ลูกจ้างรัฐบาล,ชาย,ภูเก็ต,แรงงานนอกระบบ,คน
5179,2259,2563,ลูกจ้างเอกชน,ชาย,ภูเก็ต,แรงงานนอกระบบ,คน
683,2260,2563,นายจ้าง,หญิง,ภูเก็ต,แรงงานนอกระบบ,คน
24408,2261,2563,ประกอบธุรกิจส่วนตัว,หญิง,ภูเก็ต,แรงงานนอกระบบ,คน
8008,2262,2563,ช่วยธุรกิจครัวเรือน,หญิง,ภูเก็ต,แรงงานนอกระบบ,คน
159,2263,2563,ลูกจ้างรัฐบาล,หญิง,ภูเก็ต,แรงงานนอกระบบ,คน
2709,2264,2563,ลูกจ้างเอกชน,หญิง,ภูเก็ต,แรงงานนอกระบบ,คน
2809,2265,2563,นายจ้าง,ชาย,สุราษฏร์ธานี,แรงงานในระบบ,คน
3135,2266,2563,ประกอบธุรกิจส่วนตัว,ชาย,สุราษฏร์ธานี,แรงงานในระบบ,คน
1287,2267,2563,ช่วยธุรกิจครัวเรือน,ชาย,สุราษฏร์ธานี,แรงงานในระบบ,คน
32269,2268,2563,ลูกจ้างรัฐบาล,ชาย,สุราษฏร์ธานี,แรงงานในระบบ,คน
114470,2269,2563,ลูกจ้างเอกชน,ชาย,สุราษฏร์ธานี,แรงงานในระบบ,คน
2750,2270,2563,ประกอบธุรกิจส่วนตัว,หญิง,สุราษฏร์ธานี,แรงงานในระบบ,คน
2320,2271,2563,ช่วยธุรกิจครัวเรือน,หญิง,สุราษฏร์ธานี,แรงงานในระบบ,คน
28993,2272,2563,ลูกจ้างรัฐบาล,หญิง,สุราษฏร์ธานี,แรงงานในระบบ,คน
84667,2273,2563,ลูกจ้างเอกชน,หญิง,สุราษฏร์ธานี,แรงงานในระบบ,คน
16123,2274,2563,นายจ้าง,ชาย,สุราษฏร์ธานี,แรงงานนอกระบบ,คน
122413,2275,2563,ประกอบธุรกิจส่วนตัว,ชาย,สุราษฏร์ธานี,แรงงานนอกระบบ,คน
38388,2276,2563,ช่วยธุรกิจครัวเรือน,ชาย,สุราษฏร์ธานี,แรงงานนอกระบบ,คน
363,2277,2563,ลูกจ้างรัฐบาล,ชาย,สุราษฏร์ธานี,แรงงานนอกระบบ,คน
8091,2278,2563,ลูกจ้างเอกชน,ชาย,สุราษฏร์ธานี,แรงงานนอกระบบ,คน
6811,2279,2563,นายจ้าง,หญิง,สุราษฏร์ธานี,แรงงานนอกระบบ,คน
81653,2280,2563,ประกอบธุรกิจส่วนตัว,หญิง,สุราษฏร์ธานี,แรงงานนอกระบบ,คน
60377,2281,2563,ช่วยธุรกิจครัวเรือน,หญิง,สุราษฏร์ธานี,แรงงานนอกระบบ,คน
567,2282,2563,ลูกจ้างรัฐบาล,หญิง,สุราษฏร์ธานี,แรงงานนอกระบบ,คน
2679,2283,2563,ลูกจ้างเอกชน,หญิง,สุราษฏร์ธานี,แรงงานนอกระบบ,คน
339,2284,2563,การรวมกลุ่ม,หญิง,สุราษฏร์ธานี,แรงงานนอกระบบ,คน
195,2285,2563,นายจ้าง,ชาย,ระนอง,แรงงานในระบบ,คน
511,2286,2563,ประกอบธุรกิจส่วนตัว,ชาย,ระนอง,แรงงานในระบบ,คน
239,2287,2563,ช่วยธุรกิจครัวเรือน,ชาย,ระนอง,แรงงานในระบบ,คน
7728,2288,2563,ลูกจ้างรัฐบาล,ชาย,ระนอง,แรงงานในระบบ,คน
29333,2289,2563,ลูกจ้างเอกชน,ชาย,ระนอง,แรงงานในระบบ,คน
553,2290,2563,ประกอบธุรกิจส่วนตัว,หญิง,ระนอง,แรงงานในระบบ,คน
212,2291,2563,ช่วยธุรกิจครัวเรือน,หญิง,ระนอง,แรงงานในระบบ,คน
7970,2292,2563,ลูกจ้างรัฐบาล,หญิง,ระนอง,แรงงานในระบบ,คน
16323,2293,2563,ลูกจ้างเอกชน,หญิง,ระนอง,แรงงานในระบบ,คน
4357,2294,2563,นายจ้าง,ชาย,ระนอง,แรงงานนอกระบบ,คน
28402,2295,2563,ประกอบธุรกิจส่วนตัว,ชาย,ระนอง,แรงงานนอกระบบ,คน
7758,2296,2563,ช่วยธุรกิจครัวเรือน,ชาย,ระนอง,แรงงานนอกระบบ,คน
613,2297,2563,ลูกจ้างรัฐบาล,ชาย,ระนอง,แรงงานนอกระบบ,คน
2292,2298,2563,ลูกจ้างเอกชน,ชาย,ระนอง,แรงงานนอกระบบ,คน
1277,2299,2563,นายจ้าง,หญิง,ระนอง,แรงงานนอกระบบ,คน
12982,2300,2563,ประกอบธุรกิจส่วนตัว,หญิง,ระนอง,แรงงานนอกระบบ,คน
8748,2301,2563,ช่วยธุรกิจครัวเรือน,หญิง,ระนอง,แรงงานนอกระบบ,คน
176,2302,2563,ลูกจ้างรัฐบาล,หญิง,ระนอง,แรงงานนอกระบบ,คน
705,2303,2563,ลูกจ้างเอกชน,หญิง,ระนอง,แรงงานนอกระบบ,คน
140,2304,2563,นายจ้าง,ชาย,ชุมพร,แรงงานในระบบ,คน
827,2305,2563,ประกอบธุรกิจส่วนตัว,ชาย,ชุมพร,แรงงานในระบบ,คน
591,2306,2563,ช่วยธุรกิจครัวเรือน,ชาย,ชุมพร,แรงงานในระบบ,คน
6530,2307,2563,ลูกจ้างรัฐบาล,ชาย,ชุมพร,แรงงานในระบบ,คน
47646,2308,2563,ลูกจ้างเอกชน,ชาย,ชุมพร,แรงงานในระบบ,คน
72,2309,2563,นายจ้าง,หญิง,ชุมพร,แรงงานในระบบ,คน
1462,2310,2563,ประกอบธุรกิจส่วนตัว,หญิง,ชุมพร,แรงงานในระบบ,คน
233,2311,2563,ช่วยธุรกิจครัวเรือน,หญิง,ชุมพร,แรงงานในระบบ,คน
9315,2312,2563,ลูกจ้างรัฐบาล,หญิง,ชุมพร,แรงงานในระบบ,คน
27186,2313,2563,ลูกจ้างเอกชน,หญิง,ชุมพร,แรงงานในระบบ,คน
3787,2314,2563,นายจ้าง,ชาย,ชุมพร,แรงงานนอกระบบ,คน
73554,2315,2563,ประกอบธุรกิจส่วนตัว,ชาย,ชุมพร,แรงงานนอกระบบ,คน
25403,2316,2563,ช่วยธุรกิจครัวเรือน,ชาย,ชุมพร,แรงงานนอกระบบ,คน
11210,2317,2563,ลูกจ้างเอกชน,ชาย,ชุมพร,แรงงานนอกระบบ,คน
2377,2318,2563,นายจ้าง,หญิง,ชุมพร,แรงงานนอกระบบ,คน
42074,2319,2563,ประกอบธุรกิจส่วนตัว,หญิง,ชุมพร,แรงงานนอกระบบ,คน
28649,2320,2563,ช่วยธุรกิจครัวเรือน,หญิง,ชุมพร,แรงงานนอกระบบ,คน
4162,2321,2563,ลูกจ้างเอกชน,หญิง,ชุมพร,แรงงานนอกระบบ,คน
3549,2322,2563,นายจ้าง,ชาย,สงขลา,แรงงานในระบบ,คน
1638,2323,2563,ประกอบธุรกิจส่วนตัว,ชาย,สงขลา,แรงงานในระบบ,คน
36407,2324,2563,ลูกจ้างรัฐบาล,ชาย,สงขลา,แรงงานในระบบ,คน
180306,2325,2563,ลูกจ้างเอกชน,ชาย,สงขลา,แรงงานในระบบ,คน
3725,2326,2563,ประกอบธุรกิจส่วนตัว,หญิง,สงขลา,แรงงานในระบบ,คน
3079,2327,2563,ช่วยธุรกิจครัวเรือน,หญิง,สงขลา,แรงงานในระบบ,คน
40392,2328,2563,ลูกจ้างรัฐบาล,หญิง,สงขลา,แรงงานในระบบ,คน
147228,2329,2563,ลูกจ้างเอกชน,หญิง,สงขลา,แรงงานในระบบ,คน
14444,2330,2563,นายจ้าง,ชาย,สงขลา,แรงงานนอกระบบ,คน
146565,2331,2563,ประกอบธุรกิจส่วนตัว,ชาย,สงขลา,แรงงานนอกระบบ,คน
48713,2332,2563,ช่วยธุรกิจครัวเรือน,ชาย,สงขลา,แรงงานนอกระบบ,คน
412,2333,2563,ลูกจ้างรัฐบาล,ชาย,สงขลา,แรงงานนอกระบบ,คน
8109,2334,2563,ลูกจ้างเอกชน,ชาย,สงขลา,แรงงานนอกระบบ,คน
747,2335,2563,การรวมกลุ่ม,ชาย,สงขลา,แรงงานนอกระบบ,คน
2836,2336,2563,นายจ้าง,หญิง,สงขลา,แรงงานนอกระบบ,คน
113305,2337,2563,ประกอบธุรกิจส่วนตัว,หญิง,สงขลา,แรงงานนอกระบบ,คน
86204,2338,2563,ช่วยธุรกิจครัวเรือน,หญิง,สงขลา,แรงงานนอกระบบ,คน
364,2339,2563,ลูกจ้างรัฐบาล,หญิง,สงขลา,แรงงานนอกระบบ,คน
4954,2340,2563,ลูกจ้างเอกชน,หญิง,สงขลา,แรงงานนอกระบบ,คน
807,2341,2563,การรวมกลุ่ม,หญิง,สงขลา,แรงงานนอกระบบ,คน
446,2342,2563,นายจ้าง,ชาย,สตูล,แรงงานในระบบ,คน
1846,2343,2563,ประกอบธุรกิจส่วนตัว,ชาย,สตูล,แรงงานในระบบ,คน
237,2344,2563,ช่วยธุรกิจครัวเรือน,ชาย,สตูล,แรงงานในระบบ,คน
7087,2345,2563,ลูกจ้างรัฐบาล,ชาย,สตูล,แรงงานในระบบ,คน
24453,2346,2563,ลูกจ้างเอกชน,ชาย,สตูล,แรงงานในระบบ,คน
181,2347,2563,นายจ้าง,หญิง,สตูล,แรงงานในระบบ,คน
1095,2348,2563,ประกอบธุรกิจส่วนตัว,หญิง,สตูล,แรงงานในระบบ,คน
435,2349,2563,ช่วยธุรกิจครัวเรือน,หญิง,สตูล,แรงงานในระบบ,คน
7402,2350,2563,ลูกจ้างรัฐบาล,หญิง,สตูล,แรงงานในระบบ,คน
17332,2351,2563,ลูกจ้างเอกชน,หญิง,สตูล,แรงงานในระบบ,คน
2994,2352,2563,นายจ้าง,ชาย,สตูล,แรงงานนอกระบบ,คน
35190,2353,2563,ประกอบธุรกิจส่วนตัว,ชาย,สตูล,แรงงานนอกระบบ,คน
5787,2354,2563,ช่วยธุรกิจครัวเรือน,ชาย,สตูล,แรงงานนอกระบบ,คน
487,2355,2563,ลูกจ้างรัฐบาล,ชาย,สตูล,แรงงานนอกระบบ,คน
3748,2356,2563,ลูกจ้างเอกชน,ชาย,สตูล,แรงงานนอกระบบ,คน
1285,2357,2563,นายจ้าง,หญิง,สตูล,แรงงานนอกระบบ,คน
17790,2358,2563,ประกอบธุรกิจส่วนตัว,หญิง,สตูล,แรงงานนอกระบบ,คน
10748,2359,2563,ช่วยธุรกิจครัวเรือน,หญิง,สตูล,แรงงานนอกระบบ,คน
967,2360,2563,ลูกจ้างรัฐบาล,หญิง,สตูล,แรงงานนอกระบบ,คน
2857,2361,2563,ลูกจ้างเอกชน,หญิง,สตูล,แรงงานนอกระบบ,คน
48,2362,2563,นายจ้าง,ชาย,ตรัง,แรงงานในระบบ,คน
1561,2363,2563,ประกอบธุรกิจส่วนตัว,ชาย,ตรัง,แรงงานในระบบ,คน
344,2364,2563,ช่วยธุรกิจครัวเรือน,ชาย,ตรัง,แรงงานในระบบ,คน
11423,2365,2563,ลูกจ้างรัฐบาล,ชาย,ตรัง,แรงงานในระบบ,คน
75110,2366,2563,ลูกจ้างเอกชน,ชาย,ตรัง,แรงงานในระบบ,คน
3326,2367,2563,ประกอบธุรกิจส่วนตัว,หญิง,ตรัง,แรงงานในระบบ,คน
423,2368,2563,ช่วยธุรกิจครัวเรือน,หญิง,ตรัง,แรงงานในระบบ,คน
14877,2369,2563,ลูกจ้างรัฐบาล,หญิง,ตรัง,แรงงานในระบบ,คน
58710,2370,2563,ลูกจ้างเอกชน,หญิง,ตรัง,แรงงานในระบบ,คน
386,2371,2563,การรวมกลุ่ม,หญิง,ตรัง,แรงงานในระบบ,คน
11356,2372,2563,นายจ้าง,ชาย,ตรัง,แรงงานนอกระบบ,คน
64449,2373,2563,ประกอบธุรกิจส่วนตัว,ชาย,ตรัง,แรงงานนอกระบบ,คน
25351,2374,2563,ช่วยธุรกิจครัวเรือน,ชาย,ตรัง,แรงงานนอกระบบ,คน
763,2375,2563,ลูกจ้างรัฐบาล,ชาย,ตรัง,แรงงานนอกระบบ,คน
5804,2376,2563,ลูกจ้างเอกชน,ชาย,ตรัง,แรงงานนอกระบบ,คน
6389,2377,2563,นายจ้าง,หญิง,ตรัง,แรงงานนอกระบบ,คน
53506,2378,2563,ประกอบธุรกิจส่วนตัว,หญิง,ตรัง,แรงงานนอกระบบ,คน
33293,2379,2563,ช่วยธุรกิจครัวเรือน,หญิง,ตรัง,แรงงานนอกระบบ,คน
1197,2380,2563,ลูกจ้างรัฐบาล,หญิง,ตรัง,แรงงานนอกระบบ,คน
3837,2381,2563,ลูกจ้างเอกชน,หญิง,ตรัง,แรงงานนอกระบบ,คน
283,2382,2563,นายจ้าง,ชาย,พัทลุง,แรงงานในระบบ,คน
2137,2383,2563,ประกอบธุรกิจส่วนตัว,ชาย,พัทลุง,แรงงานในระบบ,คน
12788,2384,2563,ลูกจ้างรัฐบาล,ชาย,พัทลุง,แรงงานในระบบ,คน
40526,2385,2563,ลูกจ้างเอกชน,ชาย,พัทลุง,แรงงานในระบบ,คน
2786,2386,2563,ประกอบธุรกิจส่วนตัว,หญิง,พัทลุง,แรงงานในระบบ,คน
1403,2387,2563,ช่วยธุรกิจครัวเรือน,หญิง,พัทลุง,แรงงานในระบบ,คน
17894,2388,2563,ลูกจ้างรัฐบาล,หญิง,พัทลุง,แรงงานในระบบ,คน
28295,2389,2563,ลูกจ้างเอกชน,หญิง,พัทลุง,แรงงานในระบบ,คน
172,2390,2563,การรวมกลุ่ม,หญิง,พัทลุง,แรงงานในระบบ,คน
6216,2391,2563,นายจ้าง,ชาย,พัทลุง,แรงงานนอกระบบ,คน
79191,2392,2563,ประกอบธุรกิจส่วนตัว,ชาย,พัทลุง,แรงงานนอกระบบ,คน
14108,2393,2563,ช่วยธุรกิจครัวเรือน,ชาย,พัทลุง,แรงงานนอกระบบ,คน
328,2394,2563,ลูกจ้างรัฐบาล,ชาย,พัทลุง,แรงงานนอกระบบ,คน
3880,2395,2563,ลูกจ้างเอกชน,ชาย,พัทลุง,แรงงานนอกระบบ,คน
2637,2396,2563,นายจ้าง,หญิง,พัทลุง,แรงงานนอกระบบ,คน
55558,2397,2563,ประกอบธุรกิจส่วนตัว,หญิง,พัทลุง,แรงงานนอกระบบ,คน
36096,2398,2563,ช่วยธุรกิจครัวเรือน,หญิง,พัทลุง,แรงงานนอกระบบ,คน
2273,2399,2563,ลูกจ้างเอกชน,หญิง,พัทลุง,แรงงานนอกระบบ,คน
203,2400,2563,การรวมกลุ่ม,หญิง,พัทลุง,แรงงานนอกระบบ,คน
647,2401,2563,นายจ้าง,ชาย,ปัตตานี,แรงงานในระบบ,คน
1151,2402,2563,ประกอบธุรกิจส่วนตัว,ชาย,ปัตตานี,แรงงานในระบบ,คน
14248,2403,2563,ลูกจ้างรัฐบาล,ชาย,ปัตตานี,แรงงานในระบบ,คน
41983,2404,2563,ลูกจ้างเอกชน,ชาย,ปัตตานี,แรงงานในระบบ,คน
489,2405,2563,นายจ้าง,หญิง,ปัตตานี,แรงงานในระบบ,คน
799,2406,2563,ประกอบธุรกิจส่วนตัว,หญิง,ปัตตานี,แรงงานในระบบ,คน
542,2407,2563,ช่วยธุรกิจครัวเรือน,หญิง,ปัตตานี,แรงงานในระบบ,คน
14872,2408,2563,ลูกจ้างรัฐบาล,หญิง,ปัตตานี,แรงงานในระบบ,คน
32332,2409,2563,ลูกจ้างเอกชน,หญิง,ปัตตานี,แรงงานในระบบ,คน
6739,2410,2563,นายจ้าง,ชาย,ปัตตานี,แรงงานนอกระบบ,คน
61910,2411,2563,ประกอบธุรกิจส่วนตัว,ชาย,ปัตตานี,แรงงานนอกระบบ,คน
22559,2412,2563,ช่วยธุรกิจครัวเรือน,ชาย,ปัตตานี,แรงงานนอกระบบ,คน
1334,2413,2563,ลูกจ้างรัฐบาล,ชาย,ปัตตานี,แรงงานนอกระบบ,คน
15028,2414,2563,ลูกจ้างเอกชน,ชาย,ปัตตานี,แรงงานนอกระบบ,คน
1065,2415,2563,นายจ้าง,หญิง,ปัตตานี,แรงงานนอกระบบ,คน
58046,2416,2563,ประกอบธุรกิจส่วนตัว,หญิง,ปัตตานี,แรงงานนอกระบบ,คน
19141,2417,2563,ช่วยธุรกิจครัวเรือน,หญิง,ปัตตานี,แรงงานนอกระบบ,คน
2643,2418,2563,ลูกจ้างรัฐบาล,หญิง,ปัตตานี,แรงงานนอกระบบ,คน
5346,2419,2563,ลูกจ้างเอกชน,หญิง,ปัตตานี,แรงงานนอกระบบ,คน
71,2420,2563,ประกอบธุรกิจส่วนตัว,ชาย,ยะลา,แรงงานในระบบ,คน
500,2421,2563,ช่วยธุรกิจครัวเรือน,ชาย,ยะลา,แรงงานในระบบ,คน
7087,2422,2563,ลูกจ้างรัฐบาล,ชาย,ยะลา,แรงงานในระบบ,คน
25449,2423,2563,ลูกจ้างเอกชน,ชาย,ยะลา,แรงงานในระบบ,คน
81,2424,2563,นายจ้าง,หญิง,ยะลา,แรงงานในระบบ,คน
111,2425,2563,ประกอบธุรกิจส่วนตัว,หญิง,ยะลา,แรงงานในระบบ,คน
158,2426,2563,ช่วยธุรกิจครัวเรือน,หญิง,ยะลา,แรงงานในระบบ,คน
4629,2427,2563,ลูกจ้างรัฐบาล,หญิง,ยะลา,แรงงานในระบบ,คน
17855,2428,2563,ลูกจ้างเอกชน,หญิง,ยะลา,แรงงานในระบบ,คน
1141,2429,2563,นายจ้าง,ชาย,ยะลา,แรงงานนอกระบบ,คน
59233,2430,2563,ประกอบธุรกิจส่วนตัว,ชาย,ยะลา,แรงงานนอกระบบ,คน
28818,2431,2563,ช่วยธุรกิจครัวเรือน,ชาย,ยะลา,แรงงานนอกระบบ,คน
302,2432,2563,ลูกจ้างรัฐบาล,ชาย,ยะลา,แรงงานนอกระบบ,คน
1008,2433,2563,ลูกจ้างเอกชน,ชาย,ยะลา,แรงงานนอกระบบ,คน
734,2434,2563,นายจ้าง,หญิง,ยะลา,แรงงานนอกระบบ,คน
34107,2435,2563,ประกอบธุรกิจส่วนตัว,หญิง,ยะลา,แรงงานนอกระบบ,คน
41490,2436,2563,ช่วยธุรกิจครัวเรือน,หญิง,ยะลา,แรงงานนอกระบบ,คน
441,2437,2563,ลูกจ้างรัฐบาล,หญิง,ยะลา,แรงงานนอกระบบ,คน
311,2438,2563,ลูกจ้างเอกชน,หญิง,ยะลา,แรงงานนอกระบบ,คน
195,2439,2563,นายจ้าง,ชาย,นราธิวาส,แรงงานในระบบ,คน
950,2440,2563,ประกอบธุรกิจส่วนตัว,ชาย,นราธิวาส,แรงงานในระบบ,คน
141,2441,2563,ช่วยธุรกิจครัวเรือน,ชาย,นราธิวาส,แรงงานในระบบ,คน
22034,2442,2563,ลูกจ้างรัฐบาล,ชาย,นราธิวาส,แรงงานในระบบ,คน
86141,2443,2563,ลูกจ้างเอกชน,ชาย,นราธิวาส,แรงงานในระบบ,คน
98,2444,2563,นายจ้าง,หญิง,นราธิวาส,แรงงานในระบบ,คน
382,2445,2563,ประกอบธุรกิจส่วนตัว,หญิง,นราธิวาส,แรงงานในระบบ,คน
361,2446,2563,ช่วยธุรกิจครัวเรือน,หญิง,นราธิวาส,แรงงานในระบบ,คน
17775,2447,2563,ลูกจ้างรัฐบาล,หญิง,นราธิวาส,แรงงานในระบบ,คน
49116,2448,2563,ลูกจ้างเอกชน,หญิง,นราธิวาส,แรงงานในระบบ,คน
5845,2449,2563,นายจ้าง,ชาย,นราธิวาส,แรงงานนอกระบบ,คน
48051,2450,2563,ประกอบธุรกิจส่วนตัว,ชาย,นราธิวาส,แรงงานนอกระบบ,คน
16441,2451,2563,ช่วยธุรกิจครัวเรือน,ชาย,นราธิวาส,แรงงานนอกระบบ,คน
650,2452,2563,ลูกจ้างรัฐบาล,ชาย,นราธิวาส,แรงงานนอกระบบ,คน
7109,2453,2563,ลูกจ้างเอกชน,ชาย,นราธิวาส,แรงงานนอกระบบ,คน
203,2454,2563,การรวมกลุ่ม,ชาย,นราธิวาส,แรงงานนอกระบบ,คน
2924,2455,2563,นายจ้าง,หญิง,นราธิวาส,แรงงานนอกระบบ,คน
35513,2456,2563,ประกอบธุรกิจส่วนตัว,หญิง,นราธิวาส,แรงงานนอกระบบ,คน
24440,2457,2563,ช่วยธุรกิจครัวเรือน,หญิง,นราธิวาส,แรงงานนอกระบบ,คน
920,2458,2563,ลูกจ้างรัฐบาล,หญิง,นราธิวาส,แรงงานนอกระบบ,คน
2676,2459,2563,ลูกจ้างเอกชน,หญิง,นราธิวาส,แรงงานนอกระบบ,คน
859,2460,2564,นายจ้าง,ชาย,นครศรีธรรมราช,แรงงานในระบบ,คน
3736,2461,2564,ประกอบธุรกิจส่วนตัว,ชาย,นครศรีธรรมราช,แรงงานในระบบ,คน
360,2462,2564,ช่วยธุรกิจครัวเรือน,ชาย,นครศรีธรรมราช,แรงงานในระบบ,คน
35306,2463,2564,ลูกจ้างรัฐบาล,ชาย,นครศรีธรรมราช,แรงงานในระบบ,คน
166252,2464,2564,ลูกจ้างเอกชน,ชาย,นครศรีธรรมราช,แรงงานในระบบ,คน
5853,2465,2564,ประกอบธุรกิจส่วนตัว,หญิง,นครศรีธรรมราช,แรงงานในระบบ,คน
3163,2466,2564,ช่วยธุรกิจครัวเรือน,หญิง,นครศรีธรรมราช,แรงงานในระบบ,คน
42117,2467,2564,ลูกจ้างรัฐบาล,หญิง,นครศรีธรรมราช,แรงงานในระบบ,คน
105861,2468,2564,ลูกจ้างเอกชน,หญิง,นครศรีธรรมราช,แรงงานในระบบ,คน
19530,2469,2564,นายจ้าง,ชาย,นครศรีธรรมราช,แรงงานนอกระบบ,คน
178397,2470,2564,ประกอบธุรกิจส่วนตัว,ชาย,นครศรีธรรมราช,แรงงานนอกระบบ,คน
60226,2471,2564,ช่วยธุรกิจครัวเรือน,ชาย,นครศรีธรรมราช,แรงงานนอกระบบ,คน
2128,2472,2564,ลูกจ้างรัฐบาล,ชาย,นครศรีธรรมราช,แรงงานนอกระบบ,คน
19884,2473,2564,ลูกจ้างเอกชน,ชาย,นครศรีธรรมราช,แรงงานนอกระบบ,คน
278,2474,2564,การรวมกลุ่ม,ชาย,นครศรีธรรมราช,แรงงานนอกระบบ,คน
9161,2475,2564,นายจ้าง,หญิง,นครศรีธรรมราช,แรงงานนอกระบบ,คน
151850,2476,2564,ประกอบธุรกิจส่วนตัว,หญิง,นครศรีธรรมราช,แรงงานนอกระบบ,คน
76426,2477,2564,ช่วยธุรกิจครัวเรือน,หญิง,นครศรีธรรมราช,แรงงานนอกระบบ,คน
287,2478,2564,ลูกจ้างรัฐบาล,หญิง,นครศรีธรรมราช,แรงงานนอกระบบ,คน
5622,2479,2564,ลูกจ้างเอกชน,หญิง,นครศรีธรรมราช,แรงงานนอกระบบ,คน
107,2480,2564,การรวมกลุ่ม,หญิง,นครศรีธรรมราช,แรงงานนอกระบบ,คน
85,2481,2564,นายจ้าง,ชาย,กระบี่,แรงงานในระบบ,คน
977,2482,2564,ประกอบธุรกิจส่วนตัว,ชาย,กระบี่,แรงงานในระบบ,คน
382,2483,2564,ช่วยธุรกิจครัวเรือน,ชาย,กระบี่,แรงงานในระบบ,คน
9312,2484,2564,ลูกจ้างรัฐบาล,ชาย,กระบี่,แรงงานในระบบ,คน
43524,2485,2564,ลูกจ้างเอกชน,ชาย,กระบี่,แรงงานในระบบ,คน
23,2486,2564,นายจ้าง,หญิง,กระบี่,แรงงานในระบบ,คน
1066,2487,2564,ประกอบธุรกิจส่วนตัว,หญิง,กระบี่,แรงงานในระบบ,คน
453,2488,2564,ช่วยธุรกิจครัวเรือน,หญิง,กระบี่,แรงงานในระบบ,คน
7277,2489,2564,ลูกจ้างรัฐบาล,หญิง,กระบี่,แรงงานในระบบ,คน
29046,2490,2564,ลูกจ้างเอกชน,หญิง,กระบี่,แรงงานในระบบ,คน
13557,2491,2564,นายจ้าง,ชาย,กระบี่,แรงงานนอกระบบ,คน
34423,2492,2564,ประกอบธุรกิจส่วนตัว,ชาย,กระบี่,แรงงานนอกระบบ,คน
10992,2493,2564,ช่วยธุรกิจครัวเรือน,ชาย,กระบี่,แรงงานนอกระบบ,คน
51,2494,2564,ลูกจ้างรัฐบาล,ชาย,กระบี่,แรงงานนอกระบบ,คน
5867,2495,2564,ลูกจ้างเอกชน,ชาย,กระบี่,แรงงานนอกระบบ,คน
6017,2496,2564,นายจ้าง,หญิง,กระบี่,แรงงานนอกระบบ,คน
27214,2497,2564,ประกอบธุรกิจส่วนตัว,หญิง,กระบี่,แรงงานนอกระบบ,คน
15787,2498,2564,ช่วยธุรกิจครัวเรือน,หญิง,กระบี่,แรงงานนอกระบบ,คน
533,2499,2564,ลูกจ้างรัฐบาล,หญิง,กระบี่,แรงงานนอกระบบ,คน
3853,2500,2564,ลูกจ้างเอกชน,หญิง,กระบี่,แรงงานนอกระบบ,คน
34,2501,2564,การรวมกลุ่ม,หญิง,กระบี่,แรงงานนอกระบบ,คน
2895,2502,2564,ประกอบธุรกิจส่วนตัว,ชาย,พังงา,แรงงานในระบบ,คน
242,2503,2564,ช่วยธุรกิจครัวเรือน,ชาย,พังงา,แรงงานในระบบ,คน
7045,2504,2564,ลูกจ้างรัฐบาล,ชาย,พังงา,แรงงานในระบบ,คน
29142,2505,2564,ลูกจ้างเอกชน,ชาย,พังงา,แรงงานในระบบ,คน
17,2506,2564,นายจ้าง,หญิง,พังงา,แรงงานในระบบ,คน
2018,2507,2564,ประกอบธุรกิจส่วนตัว,หญิง,พังงา,แรงงานในระบบ,คน
1622,2508,2564,ช่วยธุรกิจครัวเรือน,หญิง,พังงา,แรงงานในระบบ,คน
8856,2509,2564,ลูกจ้างรัฐบาล,หญิง,พังงา,แรงงานในระบบ,คน
14409,2510,2564,ลูกจ้างเอกชน,หญิง,พังงา,แรงงานในระบบ,คน
4179,2511,2564,นายจ้าง,ชาย,พังงา,แรงงานนอกระบบ,คน
30903,2512,2564,ประกอบธุรกิจส่วนตัว,ชาย,พังงา,แรงงานนอกระบบ,คน
8470,2513,2564,ช่วยธุรกิจครัวเรือน,ชาย,พังงา,แรงงานนอกระบบ,คน
554,2514,2564,ลูกจ้างรัฐบาล,ชาย,พังงา,แรงงานนอกระบบ,คน
3252,2515,2564,ลูกจ้างเอกชน,ชาย,พังงา,แรงงานนอกระบบ,คน
1617,2516,2564,นายจ้าง,หญิง,พังงา,แรงงานนอกระบบ,คน
15216,2517,2564,ประกอบธุรกิจส่วนตัว,หญิง,พังงา,แรงงานนอกระบบ,คน
10086,2518,2564,ช่วยธุรกิจครัวเรือน,หญิง,พังงา,แรงงานนอกระบบ,คน
26,2519,2564,ลูกจ้างรัฐบาล,หญิง,พังงา,แรงงานนอกระบบ,คน
685,2520,2564,ลูกจ้างเอกชน,หญิง,พังงา,แรงงานนอกระบบ,คน
3736,2521,2564,นายจ้าง,ชาย,ภูเก็ต,แรงงานในระบบ,คน
4509,2522,2564,ประกอบธุรกิจส่วนตัว,ชาย,ภูเก็ต,แรงงานในระบบ,คน
1288,2523,2564,ช่วยธุรกิจครัวเรือน,ชาย,ภูเก็ต,แรงงานในระบบ,คน
13417,2524,2564,ลูกจ้างรัฐบาล,ชาย,ภูเก็ต,แรงงานในระบบ,คน
73680,2525,2564,ลูกจ้างเอกชน,ชาย,ภูเก็ต,แรงงานในระบบ,คน
297,2526,2564,การรวมกลุ่ม,ชาย,ภูเก็ต,แรงงานในระบบ,คน
1149,2527,2564,นายจ้าง,หญิง,ภูเก็ต,แรงงานในระบบ,คน
6002,2528,2564,ประกอบธุรกิจส่วนตัว,หญิง,ภูเก็ต,แรงงานในระบบ,คน
3410,2529,2564,ช่วยธุรกิจครัวเรือน,หญิง,ภูเก็ต,แรงงานในระบบ,คน
10344,2530,2564,ลูกจ้างรัฐบาล,หญิง,ภูเก็ต,แรงงานในระบบ,คน
67782,2531,2564,ลูกจ้างเอกชน,หญิง,ภูเก็ต,แรงงานในระบบ,คน
10991,2532,2564,นายจ้าง,ชาย,ภูเก็ต,แรงงานนอกระบบ,คน
34497,2533,2564,ประกอบธุรกิจส่วนตัว,ชาย,ภูเก็ต,แรงงานนอกระบบ,คน
6332,2534,2564,ช่วยธุรกิจครัวเรือน,ชาย,ภูเก็ต,แรงงานนอกระบบ,คน
301,2535,2564,ลูกจ้างรัฐบาล,ชาย,ภูเก็ต,แรงงานนอกระบบ,คน
5042,2536,2564,ลูกจ้างเอกชน,ชาย,ภูเก็ต,แรงงานนอกระบบ,คน
4312,2537,2564,นายจ้าง,หญิง,ภูเก็ต,แรงงานนอกระบบ,คน
24864,2538,2564,ประกอบธุรกิจส่วนตัว,หญิง,ภูเก็ต,แรงงานนอกระบบ,คน
9536,2539,2564,ช่วยธุรกิจครัวเรือน,หญิง,ภูเก็ต,แรงงานนอกระบบ,คน
2321,2540,2564,ลูกจ้างเอกชน,หญิง,ภูเก็ต,แรงงานนอกระบบ,คน
362,2541,2564,นายจ้าง,ชาย,สุราษฏร์ธานี,แรงงานในระบบ,คน
2089,2542,2564,ประกอบธุรกิจส่วนตัว,ชาย,สุราษฏร์ธานี,แรงงานในระบบ,คน
306,2543,2564,ช่วยธุรกิจครัวเรือน,ชาย,สุราษฏร์ธานี,แรงงานในระบบ,คน
16920,2544,2564,ลูกจ้างรัฐบาล,ชาย,สุราษฏร์ธานี,แรงงานในระบบ,คน
131465,2545,2564,ลูกจ้างเอกชน,ชาย,สุราษฏร์ธานี,แรงงานในระบบ,คน
729,2546,2564,ประกอบธุรกิจส่วนตัว,หญิง,สุราษฏร์ธานี,แรงงานในระบบ,คน
369,2547,2564,ช่วยธุรกิจครัวเรือน,หญิง,สุราษฏร์ธานี,แรงงานในระบบ,คน
22725,2548,2564,ลูกจ้างรัฐบาล,หญิง,สุราษฏร์ธานี,แรงงานในระบบ,คน
87452,2549,2564,ลูกจ้างเอกชน,หญิง,สุราษฏร์ธานี,แรงงานในระบบ,คน
16850,2550,2564,นายจ้าง,ชาย,สุราษฏร์ธานี,แรงงานนอกระบบ,คน
123262,2551,2564,ประกอบธุรกิจส่วนตัว,ชาย,สุราษฏร์ธานี,แรงงานนอกระบบ,คน
52461,2552,2564,ช่วยธุรกิจครัวเรือน,ชาย,สุราษฏร์ธานี,แรงงานนอกระบบ,คน
273,2553,2564,ลูกจ้างรัฐบาล,ชาย,สุราษฏร์ธานี,แรงงานนอกระบบ,คน
3611,2554,2564,ลูกจ้างเอกชน,ชาย,สุราษฏร์ธานี,แรงงานนอกระบบ,คน
6933,2555,2564,นายจ้าง,หญิง,สุราษฏร์ธานี,แรงงานนอกระบบ,คน
73784,2556,2564,ประกอบธุรกิจส่วนตัว,หญิง,สุราษฏร์ธานี,แรงงานนอกระบบ,คน
63920,2557,2564,ช่วยธุรกิจครัวเรือน,หญิง,สุราษฏร์ธานี,แรงงานนอกระบบ,คน
2052,2558,2564,ลูกจ้างเอกชน,หญิง,สุราษฏร์ธานี,แรงงานนอกระบบ,คน
91,2559,2564,นายจ้าง,ชาย,ระนอง,แรงงานในระบบ,คน
575,2560,2564,ประกอบธุรกิจส่วนตัว,ชาย,ระนอง,แรงงานในระบบ,คน
86,2561,2564,ช่วยธุรกิจครัวเรือน,ชาย,ระนอง,แรงงานในระบบ,คน
6281,2562,2564,ลูกจ้างรัฐบาล,ชาย,ระนอง,แรงงานในระบบ,คน
30116,2563,2564,ลูกจ้างเอกชน,ชาย,ระนอง,แรงงานในระบบ,คน
128,2564,2564,นายจ้าง,หญิง,ระนอง,แรงงานในระบบ,คน
495,2565,2564,ประกอบธุรกิจส่วนตัว,หญิง,ระนอง,แรงงานในระบบ,คน
338,2566,2564,ช่วยธุรกิจครัวเรือน,หญิง,ระนอง,แรงงานในระบบ,คน
6126,2567,2564,ลูกจ้างรัฐบาล,หญิง,ระนอง,แรงงานในระบบ,คน
18087,2568,2564,ลูกจ้างเอกชน,หญิง,ระนอง,แรงงานในระบบ,คน
4521,2569,2564,นายจ้าง,ชาย,ระนอง,แรงงานนอกระบบ,คน
30374,2570,2564,ประกอบธุรกิจส่วนตัว,ชาย,ระนอง,แรงงานนอกระบบ,คน
10865,2571,2564,ช่วยธุรกิจครัวเรือน,ชาย,ระนอง,แรงงานนอกระบบ,คน
1172,2572,2564,ลูกจ้างเอกชน,ชาย,ระนอง,แรงงานนอกระบบ,คน
1576,2573,2564,นายจ้าง,หญิง,ระนอง,แรงงานนอกระบบ,คน
11425,2574,2564,ประกอบธุรกิจส่วนตัว,หญิง,ระนอง,แรงงานนอกระบบ,คน
12799,2575,2564,ช่วยธุรกิจครัวเรือน,หญิง,ระนอง,แรงงานนอกระบบ,คน
221,2576,2564,ลูกจ้างรัฐบาล,หญิง,ระนอง,แรงงานนอกระบบ,คน
264,2577,2564,ลูกจ้างเอกชน,หญิง,ระนอง,แรงงานนอกระบบ,คน
169,2578,2564,นายจ้าง,ชาย,ชุมพร,แรงงานในระบบ,คน
1433,2579,2564,ประกอบธุรกิจส่วนตัว,ชาย,ชุมพร,แรงงานในระบบ,คน
717,2580,2564,ช่วยธุรกิจครัวเรือน,ชาย,ชุมพร,แรงงานในระบบ,คน
12799,2581,2564,ลูกจ้างรัฐบาล,ชาย,ชุมพร,แรงงานในระบบ,คน
45158,2582,2564,ลูกจ้างเอกชน,ชาย,ชุมพร,แรงงานในระบบ,คน
1386,2583,2564,ประกอบธุรกิจส่วนตัว,หญิง,ชุมพร,แรงงานในระบบ,คน
523,2584,2564,ช่วยธุรกิจครัวเรือน,หญิง,ชุมพร,แรงงานในระบบ,คน
11883,2585,2564,ลูกจ้างรัฐบาล,หญิง,ชุมพร,แรงงานในระบบ,คน
27180,2586,2564,ลูกจ้างเอกชน,หญิง,ชุมพร,แรงงานในระบบ,คน
5585,2587,2564,นายจ้าง,ชาย,ชุมพร,แรงงานนอกระบบ,คน
74111,2588,2564,ประกอบธุรกิจส่วนตัว,ชาย,ชุมพร,แรงงานนอกระบบ,คน
23759,2589,2564,ช่วยธุรกิจครัวเรือน,ชาย,ชุมพร,แรงงานนอกระบบ,คน
179,2590,2564,ลูกจ้างรัฐบาล,ชาย,ชุมพร,แรงงานนอกระบบ,คน
4584,2591,2564,ลูกจ้างเอกชน,ชาย,ชุมพร,แรงงานนอกระบบ,คน
1464,2592,2564,นายจ้าง,หญิง,ชุมพร,แรงงานนอกระบบ,คน
41665,2593,2564,ประกอบธุรกิจส่วนตัว,หญิง,ชุมพร,แรงงานนอกระบบ,คน
25055,2594,2564,ช่วยธุรกิจครัวเรือน,หญิง,ชุมพร,แรงงานนอกระบบ,คน
2688,2595,2564,ลูกจ้างเอกชน,หญิง,ชุมพร,แรงงานนอกระบบ,คน
3774,2596,2564,นายจ้าง,ชาย,สงขลา,แรงงานในระบบ,คน
17463,2597,2564,ประกอบธุรกิจส่วนตัว,ชาย,สงขลา,แรงงานในระบบ,คน
7404,2598,2564,ช่วยธุรกิจครัวเรือน,ชาย,สงขลา,แรงงานในระบบ,คน
38046,2599,2564,ลูกจ้างรัฐบาล,ชาย,สงขลา,แรงงานในระบบ,คน
159742,2600,2564,ลูกจ้างเอกชน,ชาย,สงขลา,แรงงานในระบบ,คน
533,2601,2564,นายจ้าง,หญิง,สงขลา,แรงงานในระบบ,คน
24781,2602,2564,ประกอบธุรกิจส่วนตัว,หญิง,สงขลา,แรงงานในระบบ,คน
10651,2603,2564,ช่วยธุรกิจครัวเรือน,หญิง,สงขลา,แรงงานในระบบ,คน
42519,2604,2564,ลูกจ้างรัฐบาล,หญิง,สงขลา,แรงงานในระบบ,คน
119909,2605,2564,ลูกจ้างเอกชน,หญิง,สงขลา,แรงงานในระบบ,คน
9817,2606,2564,นายจ้าง,ชาย,สงขลา,แรงงานนอกระบบ,คน
152594,2607,2564,ประกอบธุรกิจส่วนตัว,ชาย,สงขลา,แรงงานนอกระบบ,คน
45472,2608,2564,ช่วยธุรกิจครัวเรือน,ชาย,สงขลา,แรงงานนอกระบบ,คน
1889,2609,2564,ลูกจ้างรัฐบาล,ชาย,สงขลา,แรงงานนอกระบบ,คน
6627,2610,2564,ลูกจ้างเอกชน,ชาย,สงขลา,แรงงานนอกระบบ,คน
1282,2611,2564,นายจ้าง,หญิง,สงขลา,แรงงานนอกระบบ,คน
110616,2612,2564,ประกอบธุรกิจส่วนตัว,หญิง,สงขลา,แรงงานนอกระบบ,คน
77768,2613,2564,ช่วยธุรกิจครัวเรือน,หญิง,สงขลา,แรงงานนอกระบบ,คน
1354,2614,2564,ลูกจ้างรัฐบาล,หญิง,สงขลา,แรงงานนอกระบบ,คน
2082,2615,2564,ลูกจ้างเอกชน,หญิง,สงขลา,แรงงานนอกระบบ,คน
128,2616,2564,นายจ้าง,ชาย,สตูล,แรงงานในระบบ,คน
1335,2617,2564,ประกอบธุรกิจส่วนตัว,ชาย,สตูล,แรงงานในระบบ,คน
351,2618,2564,ช่วยธุรกิจครัวเรือน,ชาย,สตูล,แรงงานในระบบ,คน
7490,2619,2564,ลูกจ้างรัฐบาล,ชาย,สตูล,แรงงานในระบบ,คน
25841,2620,2564,ลูกจ้างเอกชน,ชาย,สตูล,แรงงานในระบบ,คน
582,2621,2564,ประกอบธุรกิจส่วนตัว,หญิง,สตูล,แรงงานในระบบ,คน
247,2622,2564,ช่วยธุรกิจครัวเรือน,หญิง,สตูล,แรงงานในระบบ,คน
8496,2623,2564,ลูกจ้างรัฐบาล,หญิง,สตูล,แรงงานในระบบ,คน
17798,2624,2564,ลูกจ้างเอกชน,หญิง,สตูล,แรงงานในระบบ,คน
2930,2625,2564,นายจ้าง,ชาย,สตูล,แรงงานนอกระบบ,คน
36552,2626,2564,ประกอบธุรกิจส่วนตัว,ชาย,สตูล,แรงงานนอกระบบ,คน
7077,2627,2564,ช่วยธุรกิจครัวเรือน,ชาย,สตูล,แรงงานนอกระบบ,คน
664,2628,2564,ลูกจ้างรัฐบาล,ชาย,สตูล,แรงงานนอกระบบ,คน
1801,2629,2564,ลูกจ้างเอกชน,ชาย,สตูล,แรงงานนอกระบบ,คน
1057,2630,2564,นายจ้าง,หญิง,สตูล,แรงงานนอกระบบ,คน
17683,2631,2564,ประกอบธุรกิจส่วนตัว,หญิง,สตูล,แรงงานนอกระบบ,คน
12250,2632,2564,ช่วยธุรกิจครัวเรือน,หญิง,สตูล,แรงงานนอกระบบ,คน
127,2633,2564,ลูกจ้างรัฐบาล,หญิง,สตูล,แรงงานนอกระบบ,คน
1083,2634,2564,ลูกจ้างเอกชน,หญิง,สตูล,แรงงานนอกระบบ,คน
518,2635,2564,นายจ้าง,ชาย,ตรัง,แรงงานในระบบ,คน
655,2636,2564,ประกอบธุรกิจส่วนตัว,ชาย,ตรัง,แรงงานในระบบ,คน
156,2637,2564,ช่วยธุรกิจครัวเรือน,ชาย,ตรัง,แรงงานในระบบ,คน
15129,2638,2564,ลูกจ้างรัฐบาล,ชาย,ตรัง,แรงงานในระบบ,คน
75533,2639,2564,ลูกจ้างเอกชน,ชาย,ตรัง,แรงงานในระบบ,คน
337,2640,2564,นายจ้าง,หญิง,ตรัง,แรงงานในระบบ,คน
701,2641,2564,ประกอบธุรกิจส่วนตัว,หญิง,ตรัง,แรงงานในระบบ,คน
572,2642,2564,ช่วยธุรกิจครัวเรือน,หญิง,ตรัง,แรงงานในระบบ,คน
18056,2643,2564,ลูกจ้างรัฐบาล,หญิง,ตรัง,แรงงานในระบบ,คน
55028,2644,2564,ลูกจ้างเอกชน,หญิง,ตรัง,แรงงานในระบบ,คน
12479,2645,2564,นายจ้าง,ชาย,ตรัง,แรงงานนอกระบบ,คน
66376,2646,2564,ประกอบธุรกิจส่วนตัว,ชาย,ตรัง,แรงงานนอกระบบ,คน
26017,2647,2564,ช่วยธุรกิจครัวเรือน,ชาย,ตรัง,แรงงานนอกระบบ,คน
317,2648,2564,ลูกจ้างรัฐบาล,ชาย,ตรัง,แรงงานนอกระบบ,คน
4134,2649,2564,ลูกจ้างเอกชน,ชาย,ตรัง,แรงงานนอกระบบ,คน
4332,2650,2564,นายจ้าง,หญิง,ตรัง,แรงงานนอกระบบ,คน
55622,2651,2564,ประกอบธุรกิจส่วนตัว,หญิง,ตรัง,แรงงานนอกระบบ,คน
39666,2652,2564,ช่วยธุรกิจครัวเรือน,หญิง,ตรัง,แรงงานนอกระบบ,คน
567,2653,2564,ลูกจ้างรัฐบาล,หญิง,ตรัง,แรงงานนอกระบบ,คน
209,2654,2564,ลูกจ้างเอกชน,หญิง,ตรัง,แรงงานนอกระบบ,คน
2447,2655,2564,ประกอบธุรกิจส่วนตัว,ชาย,พัทลุง,แรงงานในระบบ,คน
604,2656,2564,ช่วยธุรกิจครัวเรือน,ชาย,พัทลุง,แรงงานในระบบ,คน
15276,2657,2564,ลูกจ้างรัฐบาล,ชาย,พัทลุง,แรงงานในระบบ,คน
42104,2658,2564,ลูกจ้างเอกชน,ชาย,พัทลุง,แรงงานในระบบ,คน
176,2659,2564,นายจ้าง,หญิง,พัทลุง,แรงงานในระบบ,คน
2544,2660,2564,ประกอบธุรกิจส่วนตัว,หญิง,พัทลุง,แรงงานในระบบ,คน
1074,2661,2564,ช่วยธุรกิจครัวเรือน,หญิง,พัทลุง,แรงงานในระบบ,คน
18637,2662,2564,ลูกจ้างรัฐบาล,หญิง,พัทลุง,แรงงานในระบบ,คน
33682,2663,2564,ลูกจ้างเอกชน,หญิง,พัทลุง,แรงงานในระบบ,คน
4649,2664,2564,นายจ้าง,ชาย,พัทลุง,แรงงานนอกระบบ,คน
75091,2665,2564,ประกอบธุรกิจส่วนตัว,ชาย,พัทลุง,แรงงานนอกระบบ,คน
16355,2666,2564,ช่วยธุรกิจครัวเรือน,ชาย,พัทลุง,แรงงานนอกระบบ,คน
498,2667,2564,ลูกจ้างรัฐบาล,ชาย,พัทลุง,แรงงานนอกระบบ,คน
855,2668,2564,ลูกจ้างเอกชน,ชาย,พัทลุง,แรงงานนอกระบบ,คน
3188,2669,2564,นายจ้าง,หญิง,พัทลุง,แรงงานนอกระบบ,คน
54466,2670,2564,ประกอบธุรกิจส่วนตัว,หญิง,พัทลุง,แรงงานนอกระบบ,คน
37606,2671,2564,ช่วยธุรกิจครัวเรือน,หญิง,พัทลุง,แรงงานนอกระบบ,คน
1087,2672,2564,ลูกจ้างเอกชน,หญิง,พัทลุง,แรงงานนอกระบบ,คน
1771,2673,2564,นายจ้าง,ชาย,ปัตตานี,แรงงานในระบบ,คน
33174,2674,2564,ประกอบธุรกิจส่วนตัว,ชาย,ปัตตานี,แรงงานในระบบ,คน
15629,2675,2564,ช่วยธุรกิจครัวเรือน,ชาย,ปัตตานี,แรงงานในระบบ,คน
14596,2676,2564,ลูกจ้างรัฐบาล,ชาย,ปัตตานี,แรงงานในระบบ,คน
57534,2677,2564,ลูกจ้างเอกชน,ชาย,ปัตตานี,แรงงานในระบบ,คน
311,2678,2564,นายจ้าง,หญิง,ปัตตานี,แรงงานในระบบ,คน
39390,2679,2564,ประกอบธุรกิจส่วนตัว,หญิง,ปัตตานี,แรงงานในระบบ,คน
17345,2680,2564,ช่วยธุรกิจครัวเรือน,หญิง,ปัตตานี,แรงงานในระบบ,คน
15515,2681,2564,ลูกจ้างรัฐบาล,หญิง,ปัตตานี,แรงงานในระบบ,คน
29915,2682,2564,ลูกจ้างเอกชน,หญิง,ปัตตานี,แรงงานในระบบ,คน
2570,2683,2564,นายจ้าง,ชาย,ปัตตานี,แรงงานนอกระบบ,คน
29221,2684,2564,ประกอบธุรกิจส่วนตัว,ชาย,ปัตตานี,แรงงานนอกระบบ,คน
5854,2685,2564,ช่วยธุรกิจครัวเรือน,ชาย,ปัตตานี,แรงงานนอกระบบ,คน
75,2686,2564,ลูกจ้างรัฐบาล,ชาย,ปัตตานี,แรงงานนอกระบบ,คน
3411,2687,2564,ลูกจ้างเอกชน,ชาย,ปัตตานี,แรงงานนอกระบบ,คน
623,2688,2564,นายจ้าง,หญิง,ปัตตานี,แรงงานนอกระบบ,คน
21513,2689,2564,ประกอบธุรกิจส่วนตัว,หญิง,ปัตตานี,แรงงานนอกระบบ,คน
10874,2690,2564,ช่วยธุรกิจครัวเรือน,หญิง,ปัตตานี,แรงงานนอกระบบ,คน
334,2691,2564,ลูกจ้างรัฐบาล,หญิง,ปัตตานี,แรงงานนอกระบบ,คน
1806,2692,2564,ลูกจ้างเอกชน,หญิง,ปัตตานี,แรงงานนอกระบบ,คน
188,2693,2564,นายจ้าง,ชาย,ยะลา,แรงงานในระบบ,คน
15851,2694,2564,ประกอบธุรกิจส่วนตัว,ชาย,ยะลา,แรงงานในระบบ,คน
10339,2695,2564,ช่วยธุรกิจครัวเรือน,ชาย,ยะลา,แรงงานในระบบ,คน
7874,2696,2564,ลูกจ้างรัฐบาล,ชาย,ยะลา,แรงงานในระบบ,คน
25067,2697,2564,ลูกจ้างเอกชน,ชาย,ยะลา,แรงงานในระบบ,คน
67,2698,2564,นายจ้าง,หญิง,ยะลา,แรงงานในระบบ,คน
11170,2699,2564,ประกอบธุรกิจส่วนตัว,หญิง,ยะลา,แรงงานในระบบ,คน
13368,2700,2564,ช่วยธุรกิจครัวเรือน,หญิง,ยะลา,แรงงานในระบบ,คน
7363,2701,2564,ลูกจ้างรัฐบาล,หญิง,ยะลา,แรงงานในระบบ,คน
19149,2702,2564,ลูกจ้างเอกชน,หญิง,ยะลา,แรงงานในระบบ,คน
1641,2703,2564,นายจ้าง,ชาย,ยะลา,แรงงานนอกระบบ,คน
42320,2704,2564,ประกอบธุรกิจส่วนตัว,ชาย,ยะลา,แรงงานนอกระบบ,คน
19393,2705,2564,ช่วยธุรกิจครัวเรือน,ชาย,ยะลา,แรงงานนอกระบบ,คน
272,2706,2564,ลูกจ้างรัฐบาล,ชาย,ยะลา,แรงงานนอกระบบ,คน
839,2707,2564,ลูกจ้างเอกชน,ชาย,ยะลา,แรงงานนอกระบบ,คน
417,2708,2564,นายจ้าง,หญิง,ยะลา,แรงงานนอกระบบ,คน
17378,2709,2564,ประกอบธุรกิจส่วนตัว,หญิง,ยะลา,แรงงานนอกระบบ,คน
30195,2710,2564,ช่วยธุรกิจครัวเรือน,หญิง,ยะลา,แรงงานนอกระบบ,คน
65,2711,2564,ลูกจ้างรัฐบาล,หญิง,ยะลา,แรงงานนอกระบบ,คน
530,2712,2564,ลูกจ้างเอกชน,หญิง,ยะลา,แรงงานนอกระบบ,คน
2504,2713,2564,นายจ้าง,ชาย,นราธิวาส,แรงงานในระบบ,คน
11792,2714,2564,ประกอบธุรกิจส่วนตัว,ชาย,นราธิวาส,แรงงานในระบบ,คน
5902,2715,2564,ช่วยธุรกิจครัวเรือน,ชาย,นราธิวาส,แรงงานในระบบ,คน
20095,2716,2564,ลูกจ้างรัฐบาล,ชาย,นราธิวาส,แรงงานในระบบ,คน
64991,2717,2564,ลูกจ้างเอกชน,ชาย,นราธิวาส,แรงงานในระบบ,คน
698,2718,2564,นายจ้าง,หญิง,นราธิวาส,แรงงานในระบบ,คน
11569,2719,2564,ประกอบธุรกิจส่วนตัว,หญิง,นราธิวาส,แรงงานในระบบ,คน
10569,2720,2564,ช่วยธุรกิจครัวเรือน,หญิง,นราธิวาส,แรงงานในระบบ,คน
15639,2721,2564,ลูกจ้างรัฐบาล,หญิง,นราธิวาส,แรงงานในระบบ,คน
21447,2722,2564,ลูกจ้างเอกชน,หญิง,นราธิวาส,แรงงานในระบบ,คน
1946,2723,2564,นายจ้าง,ชาย,นราธิวาส,แรงงานนอกระบบ,คน
57682,2724,2564,ประกอบธุรกิจส่วนตัว,ชาย,นราธิวาส,แรงงานนอกระบบ,คน
13616,2725,2564,ช่วยธุรกิจครัวเรือน,ชาย,นราธิวาส,แรงงานนอกระบบ,คน
431,2726,2564,ลูกจ้างรัฐบาล,ชาย,นราธิวาส,แรงงานนอกระบบ,คน
3384,2727,2564,ลูกจ้างเอกชน,ชาย,นราธิวาส,แรงงานนอกระบบ,คน
211,2728,2564,นายจ้าง,หญิง,นราธิวาส,แรงงานนอกระบบ,คน
38777,2729,2564,ประกอบธุรกิจส่วนตัว,หญิง,นราธิวาส,แรงงานนอกระบบ,คน
28863,2730,2564,ช่วยธุรกิจครัวเรือน,หญิง,นราธิวาส,แรงงานนอกระบบ,คน
578,2731,2564,ลูกจ้างรัฐบาล,หญิง,นราธิวาส,แรงงานนอกระบบ,คน
939,2732,2564,ลูกจ้างเอกชน,หญิง,นราธิวาส,แรงงานนอกระบบ,คน
5613,2733,2565,ประกอบธุรกิจส่วนตัว,ชาย,นครศรีธรรมราช,แรงงานในระบบ,คน
3648,2734,2565,ช่วยธุรกิจครัวเรือน,ชาย,นครศรีธรรมราช,แรงงานในระบบ,คน
33813,2735,2565,ลูกจ้างรัฐบาล,ชาย,นครศรีธรรมราช,แรงงานในระบบ,คน
144225,2736,2565,ลูกจ้างเอกชน,ชาย,นครศรีธรรมราช,แรงงานในระบบ,คน
1675,2737,2565,นายจ้าง,หญิง,นครศรีธรรมราช,แรงงานในระบบ,คน
6455,2738,2565,ประกอบธุรกิจส่วนตัว,หญิง,นครศรีธรรมราช,แรงงานในระบบ,คน
2781,2739,2565,ช่วยธุรกิจครัวเรือน,หญิง,นครศรีธรรมราช,แรงงานในระบบ,คน
48895,2740,2565,ลูกจ้างรัฐบาล,หญิง,นครศรีธรรมราช,แรงงานในระบบ,คน
107414,2741,2565,ลูกจ้างเอกชน,หญิง,นครศรีธรรมราช,แรงงานในระบบ,คน
13589,2742,2565,นายจ้าง,ชาย,นครศรีธรรมราช,แรงงานนอกระบบ,คน
185844,2743,2565,ประกอบธุรกิจส่วนตัว,ชาย,นครศรีธรรมราช,แรงงานนอกระบบ,คน
40737,2744,2565,ช่วยธุรกิจครัวเรือน,ชาย,นครศรีธรรมราช,แรงงานนอกระบบ,คน
204,2745,2565,ลูกจ้างรัฐบาล,ชาย,นครศรีธรรมราช,แรงงานนอกระบบ,คน
19382,2746,2565,ลูกจ้างเอกชน,ชาย,นครศรีธรรมราช,แรงงานนอกระบบ,คน
568,2747,2565,การรวมกลุ่ม,ชาย,นครศรีธรรมราช,แรงงานนอกระบบ,คน
7809,2748,2565,นายจ้าง,หญิง,นครศรีธรรมราช,แรงงานนอกระบบ,คน
118089,2749,2565,ประกอบธุรกิจส่วนตัว,หญิง,นครศรีธรรมราช,แรงงานนอกระบบ,คน
66436,2750,2565,ช่วยธุรกิจครัวเรือน,หญิง,นครศรีธรรมราช,แรงงานนอกระบบ,คน
1649,2751,2565,ลูกจ้างรัฐบาล,หญิง,นครศรีธรรมราช,แรงงานนอกระบบ,คน
8843,2752,2565,ลูกจ้างเอกชน,หญิง,นครศรีธรรมราช,แรงงานนอกระบบ,คน
671,2753,2565,นายจ้าง,ชาย,กระบี่,แรงงานในระบบ,คน
1311,2754,2565,ประกอบธุรกิจส่วนตัว,ชาย,กระบี่,แรงงานในระบบ,คน
523,2755,2565,ช่วยธุรกิจครัวเรือน,ชาย,กระบี่,แรงงานในระบบ,คน
8344,2756,2565,ลูกจ้างรัฐบาล,ชาย,กระบี่,แรงงานในระบบ,คน
45375,2757,2565,ลูกจ้างเอกชน,ชาย,กระบี่,แรงงานในระบบ,คน
110,2758,2565,นายจ้าง,หญิง,กระบี่,แรงงานในระบบ,คน
3784,2759,2565,ประกอบธุรกิจส่วนตัว,หญิง,กระบี่,แรงงานในระบบ,คน
856,2760,2565,ช่วยธุรกิจครัวเรือน,หญิง,กระบี่,แรงงานในระบบ,คน
9622,2761,2565,ลูกจ้างรัฐบาล,หญิง,กระบี่,แรงงานในระบบ,คน
30527,2762,2565,ลูกจ้างเอกชน,หญิง,กระบี่,แรงงานในระบบ,คน
18180,2763,2565,นายจ้าง,ชาย,กระบี่,แรงงานนอกระบบ,คน
43235,2764,2565,ประกอบธุรกิจส่วนตัว,ชาย,กระบี่,แรงงานนอกระบบ,คน
12650,2765,2565,ช่วยธุรกิจครัวเรือน,ชาย,กระบี่,แรงงานนอกระบบ,คน
1123,2766,2565,ลูกจ้างรัฐบาล,ชาย,กระบี่,แรงงานนอกระบบ,คน
3413,2767,2565,ลูกจ้างเอกชน,ชาย,กระบี่,แรงงานนอกระบบ,คน
3856,2768,2565,นายจ้าง,หญิง,กระบี่,แรงงานนอกระบบ,คน
32079,2769,2565,ประกอบธุรกิจส่วนตัว,หญิง,กระบี่,แรงงานนอกระบบ,คน
19506,2770,2565,ช่วยธุรกิจครัวเรือน,หญิง,กระบี่,แรงงานนอกระบบ,คน
1105,2771,2565,ลูกจ้างรัฐบาล,หญิง,กระบี่,แรงงานนอกระบบ,คน
3087,2772,2565,ลูกจ้างเอกชน,หญิง,กระบี่,แรงงานนอกระบบ,คน
186,2773,2565,การรวมกลุ่ม,หญิง,กระบี่,แรงงานนอกระบบ,คน
400,2774,2565,นายจ้าง,ชาย,พังงา,แรงงานในระบบ,คน
1389,2775,2565,ประกอบธุรกิจส่วนตัว,ชาย,พังงา,แรงงานในระบบ,คน
31,2776,2565,ช่วยธุรกิจครัวเรือน,ชาย,พังงา,แรงงานในระบบ,คน
7548,2777,2565,ลูกจ้างรัฐบาล,ชาย,พังงา,แรงงานในระบบ,คน
24633,2778,2565,ลูกจ้างเอกชน,ชาย,พังงา,แรงงานในระบบ,คน
282,2779,2565,นายจ้าง,หญิง,พังงา,แรงงานในระบบ,คน
585,2780,2565,ประกอบธุรกิจส่วนตัว,หญิง,พังงา,แรงงานในระบบ,คน
187,2781,2565,ช่วยธุรกิจครัวเรือน,หญิง,พังงา,แรงงานในระบบ,คน
7446,2782,2565,ลูกจ้างรัฐบาล,หญิง,พังงา,แรงงานในระบบ,คน
19657,2783,2565,ลูกจ้างเอกชน,หญิง,พังงา,แรงงานในระบบ,คน
2489,2784,2565,นายจ้าง,ชาย,พังงา,แรงงานนอกระบบ,คน
25235,2785,2565,ประกอบธุรกิจส่วนตัว,ชาย,พังงา,แรงงานนอกระบบ,คน
7734,2786,2565,ช่วยธุรกิจครัวเรือน,ชาย,พังงา,แรงงานนอกระบบ,คน
419,2787,2565,ลูกจ้างรัฐบาล,ชาย,พังงา,แรงงานนอกระบบ,คน
3328,2788,2565,ลูกจ้างเอกชน,ชาย,พังงา,แรงงานนอกระบบ,คน
1604,2789,2565,นายจ้าง,หญิง,พังงา,แรงงานนอกระบบ,คน
13499,2790,2565,ประกอบธุรกิจส่วนตัว,หญิง,พังงา,แรงงานนอกระบบ,คน
5417,2791,2565,ช่วยธุรกิจครัวเรือน,หญิง,พังงา,แรงงานนอกระบบ,คน
228,2792,2565,ลูกจ้างรัฐบาล,หญิง,พังงา,แรงงานนอกระบบ,คน
723,2793,2565,ลูกจ้างเอกชน,หญิง,พังงา,แรงงานนอกระบบ,คน
2153,2794,2565,นายจ้าง,ชาย,ภูเก็ต,แรงงานในระบบ,คน
8210,2795,2565,ประกอบธุรกิจส่วนตัว,ชาย,ภูเก็ต,แรงงานในระบบ,คน
576,2796,2565,ช่วยธุรกิจครัวเรือน,ชาย,ภูเก็ต,แรงงานในระบบ,คน
19580,2797,2565,ลูกจ้างรัฐบาล,ชาย,ภูเก็ต,แรงงานในระบบ,คน
87507,2798,2565,ลูกจ้างเอกชน,ชาย,ภูเก็ต,แรงงานในระบบ,คน
1069,2799,2565,นายจ้าง,หญิง,ภูเก็ต,แรงงานในระบบ,คน
7120,2800,2565,ประกอบธุรกิจส่วนตัว,หญิง,ภูเก็ต,แรงงานในระบบ,คน
3629,2801,2565,ช่วยธุรกิจครัวเรือน,หญิง,ภูเก็ต,แรงงานในระบบ,คน
12325,2802,2565,ลูกจ้างรัฐบาล,หญิง,ภูเก็ต,แรงงานในระบบ,คน
80768,2803,2565,ลูกจ้างเอกชน,หญิง,ภูเก็ต,แรงงานในระบบ,คน
140,2804,2565,การรวมกลุ่ม,หญิง,ภูเก็ต,แรงงานในระบบ,คน
11380,2805,2565,นายจ้าง,ชาย,ภูเก็ต,แรงงานนอกระบบ,คน
32676,2806,2565,ประกอบธุรกิจส่วนตัว,ชาย,ภูเก็ต,แรงงานนอกระบบ,คน
4758,2807,2565,ช่วยธุรกิจครัวเรือน,ชาย,ภูเก็ต,แรงงานนอกระบบ,คน
230,2808,2565,ลูกจ้างรัฐบาล,ชาย,ภูเก็ต,แรงงานนอกระบบ,คน
3710,2809,2565,ลูกจ้างเอกชน,ชาย,ภูเก็ต,แรงงานนอกระบบ,คน
2754,2810,2565,นายจ้าง,หญิง,ภูเก็ต,แรงงานนอกระบบ,คน
22028,2811,2565,ประกอบธุรกิจส่วนตัว,หญิง,ภูเก็ต,แรงงานนอกระบบ,คน
8008,2812,2565,ช่วยธุรกิจครัวเรือน,หญิง,ภูเก็ต,แรงงานนอกระบบ,คน
721,2813,2565,ลูกจ้างรัฐบาล,หญิง,ภูเก็ต,แรงงานนอกระบบ,คน
2946,2814,2565,ลูกจ้างเอกชน,หญิง,ภูเก็ต,แรงงานนอกระบบ,คน
578,2815,2565,นายจ้าง,ชาย,สุราษฏร์ธานี,แรงงานในระบบ,คน
2294,2816,2565,ประกอบธุรกิจส่วนตัว,ชาย,สุราษฏร์ธานี,แรงงานในระบบ,คน
1116,2817,2565,ช่วยธุรกิจครัวเรือน,ชาย,สุราษฏร์ธานี,แรงงานในระบบ,คน
18302,2818,2565,ลูกจ้างรัฐบาล,ชาย,สุราษฏร์ธานี,แรงงานในระบบ,คน
130462,2819,2565,ลูกจ้างเอกชน,ชาย,สุราษฏร์ธานี,แรงงานในระบบ,คน
444,2820,2565,นายจ้าง,หญิง,สุราษฏร์ธานี,แรงงานในระบบ,คน
2458,2821,2565,ประกอบธุรกิจส่วนตัว,หญิง,สุราษฏร์ธานี,แรงงานในระบบ,คน
358,2822,2565,ช่วยธุรกิจครัวเรือน,หญิง,สุราษฏร์ธานี,แรงงานในระบบ,คน
24079,2823,2565,ลูกจ้างรัฐบาล,หญิง,สุราษฏร์ธานี,แรงงานในระบบ,คน
88589,2824,2565,ลูกจ้างเอกชน,หญิง,สุราษฏร์ธานี,แรงงานในระบบ,คน
18879,2825,2565,นายจ้าง,ชาย,สุราษฏร์ธานี,แรงงานนอกระบบ,คน
132772,2826,2565,ประกอบธุรกิจส่วนตัว,ชาย,สุราษฏร์ธานี,แรงงานนอกระบบ,คน
47197,2827,2565,ช่วยธุรกิจครัวเรือน,ชาย,สุราษฏร์ธานี,แรงงานนอกระบบ,คน
4715,2828,2565,ลูกจ้างเอกชน,ชาย,สุราษฏร์ธานี,แรงงานนอกระบบ,คน
16333,2829,2565,นายจ้าง,หญิง,สุราษฏร์ธานี,แรงงานนอกระบบ,คน
84929,2830,2565,ประกอบธุรกิจส่วนตัว,หญิง,สุราษฏร์ธานี,แรงงานนอกระบบ,คน
57673,2831,2565,ช่วยธุรกิจครัวเรือน,หญิง,สุราษฏร์ธานี,แรงงานนอกระบบ,คน
1713,2832,2565,ลูกจ้างรัฐบาล,หญิง,สุราษฏร์ธานี,แรงงานนอกระบบ,คน
1388,2833,2565,ลูกจ้างเอกชน,หญิง,สุราษฏร์ธานี,แรงงานนอกระบบ,คน
644,2834,2565,ประกอบธุรกิจส่วนตัว,ชาย,ระนอง,แรงงานในระบบ,คน
350,2835,2565,ช่วยธุรกิจครัวเรือน,ชาย,ระนอง,แรงงานในระบบ,คน
6805,2836,2565,ลูกจ้างรัฐบาล,ชาย,ระนอง,แรงงานในระบบ,คน
32361,2837,2565,ลูกจ้างเอกชน,ชาย,ระนอง,แรงงานในระบบ,คน
405,2838,2565,นายจ้าง,หญิง,ระนอง,แรงงานในระบบ,คน
1024,2839,2565,ประกอบธุรกิจส่วนตัว,หญิง,ระนอง,แรงงานในระบบ,คน
630,2840,2565,ช่วยธุรกิจครัวเรือน,หญิง,ระนอง,แรงงานในระบบ,คน
6696,2841,2565,ลูกจ้างรัฐบาล,หญิง,ระนอง,แรงงานในระบบ,คน
17085,2842,2565,ลูกจ้างเอกชน,หญิง,ระนอง,แรงงานในระบบ,คน
6803,2843,2565,นายจ้าง,ชาย,ระนอง,แรงงานนอกระบบ,คน
31012,2844,2565,ประกอบธุรกิจส่วนตัว,ชาย,ระนอง,แรงงานนอกระบบ,คน
11082,2845,2565,ช่วยธุรกิจครัวเรือน,ชาย,ระนอง,แรงงานนอกระบบ,คน
1691,2846,2565,ลูกจ้างเอกชน,ชาย,ระนอง,แรงงานนอกระบบ,คน
1126,2847,2565,นายจ้าง,หญิง,ระนอง,แรงงานนอกระบบ,คน
15321,2848,2565,ประกอบธุรกิจส่วนตัว,หญิง,ระนอง,แรงงานนอกระบบ,คน
12383,2849,2565,ช่วยธุรกิจครัวเรือน,หญิง,ระนอง,แรงงานนอกระบบ,คน
222,2850,2565,ลูกจ้างรัฐบาล,หญิง,ระนอง,แรงงานนอกระบบ,คน
983,2851,2565,ลูกจ้างเอกชน,หญิง,ระนอง,แรงงานนอกระบบ,คน
211,2852,2565,นายจ้าง,ชาย,ชุมพร,แรงงานในระบบ,คน
1718,2853,2565,ประกอบธุรกิจส่วนตัว,ชาย,ชุมพร,แรงงานในระบบ,คน
1074,2854,2565,ช่วยธุรกิจครัวเรือน,ชาย,ชุมพร,แรงงานในระบบ,คน
9081,2855,2565,ลูกจ้างรัฐบาล,ชาย,ชุมพร,แรงงานในระบบ,คน
44485,2856,2565,ลูกจ้างเอกชน,ชาย,ชุมพร,แรงงานในระบบ,คน
136,2857,2565,นายจ้าง,หญิง,ชุมพร,แรงงานในระบบ,คน
1798,2858,2565,ประกอบธุรกิจส่วนตัว,หญิง,ชุมพร,แรงงานในระบบ,คน
1148,2859,2565,ช่วยธุรกิจครัวเรือน,หญิง,ชุมพร,แรงงานในระบบ,คน
14213,2860,2565,ลูกจ้างรัฐบาล,หญิง,ชุมพร,แรงงานในระบบ,คน
26678,2861,2565,ลูกจ้างเอกชน,หญิง,ชุมพร,แรงงานในระบบ,คน
4541,2862,2565,นายจ้าง,ชาย,ชุมพร,แรงงานนอกระบบ,คน
71788,2863,2565,ประกอบธุรกิจส่วนตัว,ชาย,ชุมพร,แรงงานนอกระบบ,คน
23618,2864,2565,ช่วยธุรกิจครัวเรือน,ชาย,ชุมพร,แรงงานนอกระบบ,คน
49,2865,2565,ลูกจ้างรัฐบาล,ชาย,ชุมพร,แรงงานนอกระบบ,คน
3054,2866,2565,ลูกจ้างเอกชน,ชาย,ชุมพร,แรงงานนอกระบบ,คน
105,2867,2565,การรวมกลุ่ม,ชาย,ชุมพร,แรงงานนอกระบบ,คน
1851,2868,2565,นายจ้าง,หญิง,ชุมพร,แรงงานนอกระบบ,คน
33862,2869,2565,ประกอบธุรกิจส่วนตัว,หญิง,ชุมพร,แรงงานนอกระบบ,คน
32344,2870,2565,ช่วยธุรกิจครัวเรือน,หญิง,ชุมพร,แรงงานนอกระบบ,คน
126,2871,2565,ลูกจ้างรัฐบาล,หญิง,ชุมพร,แรงงานนอกระบบ,คน
4838,2872,2565,ลูกจ้างเอกชน,หญิง,ชุมพร,แรงงานนอกระบบ,คน
4095,2873,2565,นายจ้าง,ชาย,สงขลา,แรงงานในระบบ,คน
31015,2874,2565,ประกอบธุรกิจส่วนตัว,ชาย,สงขลา,แรงงานในระบบ,คน
6490,2875,2565,ช่วยธุรกิจครัวเรือน,ชาย,สงขลา,แรงงานในระบบ,คน
47081,2876,2565,ลูกจ้างรัฐบาล,ชาย,สงขลา,แรงงานในระบบ,คน
166474,2877,2565,ลูกจ้างเอกชน,ชาย,สงขลา,แรงงานในระบบ,คน
4263,2878,2565,นายจ้าง,หญิง,สงขลา,แรงงานในระบบ,คน
26897,2879,2565,ประกอบธุรกิจส่วนตัว,หญิง,สงขลา,แรงงานในระบบ,คน
13982,2880,2565,ช่วยธุรกิจครัวเรือน,หญิง,สงขลา,แรงงานในระบบ,คน
69054,2881,2565,ลูกจ้างรัฐบาล,หญิง,สงขลา,แรงงานในระบบ,คน
137855,2882,2565,ลูกจ้างเอกชน,หญิง,สงขลา,แรงงานในระบบ,คน
10342,2883,2565,นายจ้าง,ชาย,สงขลา,แรงงานนอกระบบ,คน
141556,2884,2565,ประกอบธุรกิจส่วนตัว,ชาย,สงขลา,แรงงานนอกระบบ,คน
53184,2885,2565,ช่วยธุรกิจครัวเรือน,ชาย,สงขลา,แรงงานนอกระบบ,คน
576,2886,2565,ลูกจ้างรัฐบาล,ชาย,สงขลา,แรงงานนอกระบบ,คน
8155,2887,2565,ลูกจ้างเอกชน,ชาย,สงขลา,แรงงานนอกระบบ,คน
5932,2888,2565,นายจ้าง,หญิง,สงขลา,แรงงานนอกระบบ,คน
98724,2889,2565,ประกอบธุรกิจส่วนตัว,หญิง,สงขลา,แรงงานนอกระบบ,คน
74943,2890,2565,ช่วยธุรกิจครัวเรือน,หญิง,สงขลา,แรงงานนอกระบบ,คน
917,2891,2565,ลูกจ้างรัฐบาล,หญิง,สงขลา,แรงงานนอกระบบ,คน
497,2892,2565,ลูกจ้างเอกชน,หญิง,สงขลา,แรงงานนอกระบบ,คน
125,2893,2565,นายจ้าง,ชาย,สตูล,แรงงานในระบบ,คน
1349,2894,2565,ประกอบธุรกิจส่วนตัว,ชาย,สตูล,แรงงานในระบบ,คน
187,2895,2565,ช่วยธุรกิจครัวเรือน,ชาย,สตูล,แรงงานในระบบ,คน
8206,2896,2565,ลูกจ้างรัฐบาล,ชาย,สตูล,แรงงานในระบบ,คน
28039,2897,2565,ลูกจ้างเอกชน,ชาย,สตูล,แรงงานในระบบ,คน
65,2898,2565,การรวมกลุ่ม,ชาย,สตูล,แรงงานในระบบ,คน
1736,2899,2565,ประกอบธุรกิจส่วนตัว,หญิง,สตูล,แรงงานในระบบ,คน
813,2900,2565,ช่วยธุรกิจครัวเรือน,หญิง,สตูล,แรงงานในระบบ,คน
10262,2901,2565,ลูกจ้างรัฐบาล,หญิง,สตูล,แรงงานในระบบ,คน
19633,2902,2565,ลูกจ้างเอกชน,หญิง,สตูล,แรงงานในระบบ,คน
4259,2903,2565,นายจ้าง,ชาย,สตูล,แรงงานนอกระบบ,คน
33789,2904,2565,ประกอบธุรกิจส่วนตัว,ชาย,สตูล,แรงงานนอกระบบ,คน
10520,2905,2565,ช่วยธุรกิจครัวเรือน,ชาย,สตูล,แรงงานนอกระบบ,คน
748,2906,2565,ลูกจ้างรัฐบาล,ชาย,สตูล,แรงงานนอกระบบ,คน
2826,2907,2565,ลูกจ้างเอกชน,ชาย,สตูล,แรงงานนอกระบบ,คน
3065,2908,2565,นายจ้าง,หญิง,สตูล,แรงงานนอกระบบ,คน
20525,2909,2565,ประกอบธุรกิจส่วนตัว,หญิง,สตูล,แรงงานนอกระบบ,คน
13158,2910,2565,ช่วยธุรกิจครัวเรือน,หญิง,สตูล,แรงงานนอกระบบ,คน
1050,2911,2565,ลูกจ้างรัฐบาล,หญิง,สตูล,แรงงานนอกระบบ,คน
1057,2912,2565,ลูกจ้างเอกชน,หญิง,สตูล,แรงงานนอกระบบ,คน
289,2913,2565,การรวมกลุ่ม,หญิง,สตูล,แรงงานนอกระบบ,คน
340,2914,2565,นายจ้าง,ชาย,ตรัง,แรงงานในระบบ,คน
934,2915,2565,ประกอบธุรกิจส่วนตัว,ชาย,ตรัง,แรงงานในระบบ,คน
795,2916,2565,ช่วยธุรกิจครัวเรือน,ชาย,ตรัง,แรงงานในระบบ,คน
12340,2917,2565,ลูกจ้างรัฐบาล,ชาย,ตรัง,แรงงานในระบบ,คน
66433,2918,2565,ลูกจ้างเอกชน,ชาย,ตรัง,แรงงานในระบบ,คน
84,2919,2565,นายจ้าง,หญิง,ตรัง,แรงงานในระบบ,คน
1906,2920,2565,ประกอบธุรกิจส่วนตัว,หญิง,ตรัง,แรงงานในระบบ,คน
318,2921,2565,ช่วยธุรกิจครัวเรือน,หญิง,ตรัง,แรงงานในระบบ,คน
15699,2922,2565,ลูกจ้างรัฐบาล,หญิง,ตรัง,แรงงานในระบบ,คน
45920,2923,2565,ลูกจ้างเอกชน,หญิง,ตรัง,แรงงานในระบบ,คน
10647,2924,2565,นายจ้าง,ชาย,ตรัง,แรงงานนอกระบบ,คน
71739,2925,2565,ประกอบธุรกิจส่วนตัว,ชาย,ตรัง,แรงงานนอกระบบ,คน
25383,2926,2565,ช่วยธุรกิจครัวเรือน,ชาย,ตรัง,แรงงานนอกระบบ,คน
665,2927,2565,ลูกจ้างรัฐบาล,ชาย,ตรัง,แรงงานนอกระบบ,คน
5847,2928,2565,ลูกจ้างเอกชน,ชาย,ตรัง,แรงงานนอกระบบ,คน
5416,2929,2565,นายจ้าง,หญิง,ตรัง,แรงงานนอกระบบ,คน
61955,2930,2565,ประกอบธุรกิจส่วนตัว,หญิง,ตรัง,แรงงานนอกระบบ,คน
34910,2931,2565,ช่วยธุรกิจครัวเรือน,หญิง,ตรัง,แรงงานนอกระบบ,คน
1400,2932,2565,ลูกจ้างรัฐบาล,หญิง,ตรัง,แรงงานนอกระบบ,คน
6127,2933,2565,ลูกจ้างเอกชน,หญิง,ตรัง,แรงงานนอกระบบ,คน
90,2934,2565,การรวมกลุ่ม,หญิง,ตรัง,แรงงานนอกระบบ,คน
1942,2935,2565,ประกอบธุรกิจส่วนตัว,ชาย,พัทลุง,แรงงานในระบบ,คน
1433,2936,2565,ช่วยธุรกิจครัวเรือน,ชาย,พัทลุง,แรงงานในระบบ,คน
11201,2937,2565,ลูกจ้างรัฐบาล,ชาย,พัทลุง,แรงงานในระบบ,คน
35480,2938,2565,ลูกจ้างเอกชน,ชาย,พัทลุง,แรงงานในระบบ,คน
3394,2939,2565,ประกอบธุรกิจส่วนตัว,หญิง,พัทลุง,แรงงานในระบบ,คน
523,2940,2565,ช่วยธุรกิจครัวเรือน,หญิง,พัทลุง,แรงงานในระบบ,คน
15982,2941,2565,ลูกจ้างรัฐบาล,หญิง,พัทลุง,แรงงานในระบบ,คน
28745,2942,2565,ลูกจ้างเอกชน,หญิง,พัทลุง,แรงงานในระบบ,คน
7372,2943,2565,นายจ้าง,ชาย,พัทลุง,แรงงานนอกระบบ,คน
70944,2944,2565,ประกอบธุรกิจส่วนตัว,ชาย,พัทลุง,แรงงานนอกระบบ,คน
17214,2945,2565,ช่วยธุรกิจครัวเรือน,ชาย,พัทลุง,แรงงานนอกระบบ,คน
887,2946,2565,ลูกจ้างรัฐบาล,ชาย,พัทลุง,แรงงานนอกระบบ,คน
1991,2947,2565,ลูกจ้างเอกชน,ชาย,พัทลุง,แรงงานนอกระบบ,คน
171,2948,2565,การรวมกลุ่ม,ชาย,พัทลุง,แรงงานนอกระบบ,คน
2170,2949,2565,นายจ้าง,หญิง,พัทลุง,แรงงานนอกระบบ,คน
44884,2950,2565,ประกอบธุรกิจส่วนตัว,หญิง,พัทลุง,แรงงานนอกระบบ,คน
33211,2951,2565,ช่วยธุรกิจครัวเรือน,หญิง,พัทลุง,แรงงานนอกระบบ,คน
1082,2952,2565,ลูกจ้างรัฐบาล,หญิง,พัทลุง,แรงงานนอกระบบ,คน
1690,2953,2565,ลูกจ้างเอกชน,หญิง,พัทลุง,แรงงานนอกระบบ,คน
1690,2954,2565,นายจ้าง,ชาย,พัทลุง,แรงงานในระบบ,คน
22699,2955,2565,ประกอบธุรกิจส่วนตัว,ชาย,พัทลุง,แรงงานในระบบ,คน
7367,2956,2565,ช่วยธุรกิจครัวเรือน,ชาย,พัทลุง,แรงงานในระบบ,คน
23853,2957,2565,ลูกจ้างรัฐบาล,ชาย,พัทลุง,แรงงานในระบบ,คน
51006,2958,2565,ลูกจ้างเอกชน,ชาย,พัทลุง,แรงงานในระบบ,คน
294,2959,2565,นายจ้าง,หญิง,พัทลุง,แรงงานในระบบ,คน
26174,2960,2565,ประกอบธุรกิจส่วนตัว,หญิง,พัทลุง,แรงงานในระบบ,คน
8355,2961,2565,ช่วยธุรกิจครัวเรือน,หญิง,พัทลุง,แรงงานในระบบ,คน
19132,2962,2565,ลูกจ้างรัฐบาล,หญิง,พัทลุง,แรงงานในระบบ,คน
32433,2963,2565,ลูกจ้างเอกชน,หญิง,พัทลุง,แรงงานในระบบ,คน
4301,2964,2565,นายจ้าง,ชาย,พัทลุง,แรงงานนอกระบบ,คน
43696,2965,2565,ประกอบธุรกิจส่วนตัว,ชาย,พัทลุง,แรงงานนอกระบบ,คน
13746,2966,2565,ช่วยธุรกิจครัวเรือน,ชาย,พัทลุง,แรงงานนอกระบบ,คน
861,2967,2565,ลูกจ้างรัฐบาล,ชาย,พัทลุง,แรงงานนอกระบบ,คน
18328,2968,2565,ลูกจ้างเอกชน,ชาย,พัทลุง,แรงงานนอกระบบ,คน
1105,2969,2565,นายจ้าง,หญิง,พัทลุง,แรงงานนอกระบบ,คน
41401,2970,2565,ประกอบธุรกิจส่วนตัว,หญิง,พัทลุง,แรงงานนอกระบบ,คน
14975,2971,2565,ช่วยธุรกิจครัวเรือน,หญิง,พัทลุง,แรงงานนอกระบบ,คน
603,2972,2565,ลูกจ้างรัฐบาล,หญิง,พัทลุง,แรงงานนอกระบบ,คน
5313,2973,2565,ลูกจ้างเอกชน,หญิง,พัทลุง,แรงงานนอกระบบ,คน
230,2974,2565,นายจ้าง,ชาย,ยะลา,แรงงานในระบบ,คน
17191,2975,2565,ประกอบธุรกิจส่วนตัว,ชาย,ยะลา,แรงงานในระบบ,คน
16288,2976,2565,ช่วยธุรกิจครัวเรือน,ชาย,ยะลา,แรงงานในระบบ,คน
9226,2977,2565,ลูกจ้างรัฐบาล,ชาย,ยะลา,แรงงานในระบบ,คน
31079,2978,2565,ลูกจ้างเอกชน,ชาย,ยะลา,แรงงานในระบบ,คน
16200,2979,2565,ประกอบธุรกิจส่วนตัว,หญิง,ยะลา,แรงงานในระบบ,คน
13764,2980,2565,ช่วยธุรกิจครัวเรือน,หญิง,ยะลา,แรงงานในระบบ,คน
7844,2981,2565,ลูกจ้างรัฐบาล,หญิง,ยะลา,แรงงานในระบบ,คน
19868,2982,2565,ลูกจ้างเอกชน,หญิง,ยะลา,แรงงานในระบบ,คน
1990,2983,2565,นายจ้าง,ชาย,ยะลา,แรงงานนอกระบบ,คน
51013,2984,2565,ประกอบธุรกิจส่วนตัว,ชาย,ยะลา,แรงงานนอกระบบ,คน
16720,2985,2565,ช่วยธุรกิจครัวเรือน,ชาย,ยะลา,แรงงานนอกระบบ,คน
742,2986,2565,ลูกจ้างเอกชน,ชาย,ยะลา,แรงงานนอกระบบ,คน
1288,2987,2565,นายจ้าง,หญิง,ยะลา,แรงงานนอกระบบ,คน
29416,2988,2565,ประกอบธุรกิจส่วนตัว,หญิง,ยะลา,แรงงานนอกระบบ,คน
31612,2989,2565,ช่วยธุรกิจครัวเรือน,หญิง,ยะลา,แรงงานนอกระบบ,คน
376,2990,2565,ลูกจ้างรัฐบาล,หญิง,ยะลา,แรงงานนอกระบบ,คน
276,2991,2565,ลูกจ้างเอกชน,หญิง,ยะลา,แรงงานนอกระบบ,คน
1198,2992,2565,นายจ้าง,ชาย,นราธิวาส,แรงงานในระบบ,คน
11779,2993,2565,ประกอบธุรกิจส่วนตัว,ชาย,นราธิวาส,แรงงานในระบบ,คน
6459,2994,2565,ช่วยธุรกิจครัวเรือน,ชาย,นราธิวาส,แรงงานในระบบ,คน
26554,2995,2565,ลูกจ้างรัฐบาล,ชาย,นราธิวาส,แรงงานในระบบ,คน
62502,2996,2565,ลูกจ้างเอกชน,ชาย,นราธิวาส,แรงงานในระบบ,คน
495,2997,2565,นายจ้าง,หญิง,นราธิวาส,แรงงานในระบบ,คน
13932,2998,2565,ประกอบธุรกิจส่วนตัว,หญิง,นราธิวาส,แรงงานในระบบ,คน
3738,2999,2565,ช่วยธุรกิจครัวเรือน,หญิง,นราธิวาส,แรงงานในระบบ,คน
21981,3000,2565,ลูกจ้างรัฐบาล,หญิง,นราธิวาส,แรงงานในระบบ,คน
30740,3001,2565,ลูกจ้างเอกชน,หญิง,นราธิวาส,แรงงานในระบบ,คน
4578,3002,2565,นายจ้าง,ชาย,นราธิวาส,แรงงานนอกระบบ,คน
63516,3003,2565,ประกอบธุรกิจส่วนตัว,ชาย,นราธิวาส,แรงงานนอกระบบ,คน
19037,3004,2565,ช่วยธุรกิจครัวเรือน,ชาย,นราธิวาส,แรงงานนอกระบบ,คน
1396,3005,2565,ลูกจ้างรัฐบาล,ชาย,นราธิวาส,แรงงานนอกระบบ,คน
5651,3006,2565,ลูกจ้างเอกชน,ชาย,นราธิวาส,แรงงานนอกระบบ,คน
211,3007,2565,นายจ้าง,หญิง,นราธิวาส,แรงงานนอกระบบ,คน
39651,3008,2565,ประกอบธุรกิจส่วนตัว,หญิง,นราธิวาส,แรงงานนอกระบบ,คน
34080,3009,2565,ช่วยธุรกิจครัวเรือน,หญิง,นราธิวาส,แรงงานนอกระบบ,คน
484,3010,2565,ลูกจ้างรัฐบาล,หญิง,นราธิวาส,แรงงานนอกระบบ,คน
2734,3011,2565,ลูกจ้างเอกชน,หญิง,นราธิวาส,แรงงานนอกระบบ,คน
22202,3012,2561,นายจ้าง,ชาย,สมุทรปราการ,แรงงานในระบบ,คน
60530,3013,2561,ประกอบธุรกิจส่วนตัว,ชาย,สมุทรปราการ,แรงงานในระบบ,คน
7097,3014,2561,ช่วยธุรกิจครัวเรือน,ชาย,สมุทรปราการ,แรงงานในระบบ,คน
33155,3015,2561,ลูกจ้างรัฐบาล,ชาย,สมุทรปราการ,แรงงานในระบบ,คน
451700,3016,2561,ลูกจ้างเอกชน,ชาย,สมุทรปราการ,แรงงานในระบบ,คน
8775,3017,2561,นายจ้าง,หญิง,สมุทรปราการ,แรงงานในระบบ,คน
27931,3018,2561,ประกอบธุรกิจส่วนตัว,หญิง,สมุทรปราการ,แรงงานในระบบ,คน
20152,3019,2561,ช่วยธุรกิจครัวเรือน,หญิง,สมุทรปราการ,แรงงานในระบบ,คน
29107,3020,2561,ลูกจ้างรัฐบาล,หญิง,สมุทรปราการ,แรงงานในระบบ,คน
413992,3021,2561,ลูกจ้างเอกชน,หญิง,สมุทรปราการ,แรงงานในระบบ,คน
13045,3022,2561,นายจ้าง,ชาย,สมุทรปราการ,แรงงานนอกระบบ,คน
100610,3023,2561,ประกอบธุรกิจส่วนตัว,ชาย,สมุทรปราการ,แรงงานนอกระบบ,คน
18521,3024,2561,ช่วยธุรกิจครัวเรือน,ชาย,สมุทรปราการ,แรงงานนอกระบบ,คน
1417,3025,2561,ลูกจ้างเอกชน,ชาย,สมุทรปราการ,แรงงานนอกระบบ,คน
2153,3026,2561,นายจ้าง,หญิง,สมุทรปราการ,แรงงานนอกระบบ,คน
72409,3027,2561,ประกอบธุรกิจส่วนตัว,หญิง,สมุทรปราการ,แรงงานนอกระบบ,คน
47568,3028,2561,ช่วยธุรกิจครัวเรือน,หญิง,สมุทรปราการ,แรงงานนอกระบบ,คน
1786,3029,2561,ลูกจ้างเอกชน,หญิง,สมุทรปราการ,แรงงานนอกระบบ,คน
9151,3030,2561,นายจ้าง,ชาย,นนทบุรี,แรงงานในระบบ,คน
8320,3031,2561,ประกอบธุรกิจส่วนตัว,ชาย,นนทบุรี,แรงงานในระบบ,คน
1925,3032,2561,ช่วยธุรกิจครัวเรือน,ชาย,นนทบุรี,แรงงานในระบบ,คน
64281,3033,2561,ลูกจ้างรัฐบาล,ชาย,นนทบุรี,แรงงานในระบบ,คน
263284,3034,2561,ลูกจ้างเอกชน,ชาย,นนทบุรี,แรงงานในระบบ,คน
3754,3035,2561,นายจ้าง,หญิง,นนทบุรี,แรงงานในระบบ,คน
7425,3036,2561,ประกอบธุรกิจส่วนตัว,หญิง,นนทบุรี,แรงงานในระบบ,คน
4597,3037,2561,ช่วยธุรกิจครัวเรือน,หญิง,นนทบุรี,แรงงานในระบบ,คน
66142,3038,2561,ลูกจ้างรัฐบาล,หญิง,นนทบุรี,แรงงานในระบบ,คน
233724,3039,2561,ลูกจ้างเอกชน,หญิง,นนทบุรี,แรงงานในระบบ,คน
15430,3040,2561,นายจ้าง,ชาย,นนทบุรี,แรงงานนอกระบบ,คน
120353,3041,2561,ประกอบธุรกิจส่วนตัว,ชาย,นนทบุรี,แรงงานนอกระบบ,คน
15115,3042,2561,ช่วยธุรกิจครัวเรือน,ชาย,นนทบุรี,แรงงานนอกระบบ,คน
6451,3043,2561,ลูกจ้างเอกชน,ชาย,นนทบุรี,แรงงานนอกระบบ,คน
3447,3044,2561,นายจ้าง,หญิง,นนทบุรี,แรงงานนอกระบบ,คน
71351,3045,2561,ประกอบธุรกิจส่วนตัว,หญิง,นนทบุรี,แรงงานนอกระบบ,คน
35143,3046,2561,ช่วยธุรกิจครัวเรือน,หญิง,นนทบุรี,แรงงานนอกระบบ,คน
383,3047,2561,ลูกจ้างรัฐบาล,หญิง,นนทบุรี,แรงงานนอกระบบ,คน
5702,3048,2561,ลูกจ้างเอกชน,หญิง,นนทบุรี,แรงงานนอกระบบ,คน
14693,3049,2561,นายจ้าง,ชาย,ปทุมธานี,แรงงานในระบบ,คน
15480,3050,2561,ประกอบธุรกิจส่วนตัว,ชาย,ปทุมธานี,แรงงานในระบบ,คน
1960,3051,2561,ช่วยธุรกิจครัวเรือน,ชาย,ปทุมธานี,แรงงานในระบบ,คน
38748,3052,2561,ลูกจ้างรัฐบาล,ชาย,ปทุมธานี,แรงงานในระบบ,คน
241835,3053,2561,ลูกจ้างเอกชน,ชาย,ปทุมธานี,แรงงานในระบบ,คน
1109,3054,2561,นายจ้าง,หญิง,ปทุมธานี,แรงงานในระบบ,คน
13792,3055,2561,ประกอบธุรกิจส่วนตัว,หญิง,ปทุมธานี,แรงงานในระบบ,คน
6714,3056,2561,ช่วยธุรกิจครัวเรือน,หญิง,ปทุมธานี,แรงงานในระบบ,คน
34691,3057,2561,ลูกจ้างรัฐบาล,หญิง,ปทุมธานี,แรงงานในระบบ,คน
241564,3058,2561,ลูกจ้างเอกชน,หญิง,ปทุมธานี,แรงงานในระบบ,คน
21584,3059,2561,นายจ้าง,ชาย,ปทุมธานี,แรงงานนอกระบบ,คน
88595,3060,2561,ประกอบธุรกิจส่วนตัว,ชาย,ปทุมธานี,แรงงานนอกระบบ,คน
46974,3061,2561,ช่วยธุรกิจครัวเรือน,ชาย,ปทุมธานี,แรงงานนอกระบบ,คน
21039,3062,2561,ลูกจ้างเอกชน,ชาย,ปทุมธานี,แรงงานนอกระบบ,คน
3933,3063,2561,นายจ้าง,หญิง,ปทุมธานี,แรงงานนอกระบบ,คน
67326,3064,2561,ประกอบธุรกิจส่วนตัว,หญิง,ปทุมธานี,แรงงานนอกระบบ,คน
51275,3065,2561,ช่วยธุรกิจครัวเรือน,หญิง,ปทุมธานี,แรงงานนอกระบบ,คน
3782,3066,2561,ลูกจ้างเอกชน,หญิง,ปทุมธานี,แรงงานนอกระบบ,คน
2749,3067,2561,นายจ้าง,ชาย,พระนครศรีอยุธยา,แรงงานในระบบ,คน
5587,3068,2561,ประกอบธุรกิจส่วนตัว,ชาย,พระนครศรีอยุธยา,แรงงานในระบบ,คน
28107,3069,2561,ลูกจ้างรัฐบาล,ชาย,พระนครศรีอยุธยา,แรงงานในระบบ,คน
129935,3070,2561,ลูกจ้างเอกชน,ชาย,พระนครศรีอยุธยา,แรงงานในระบบ,คน
227,3071,2561,นายจ้าง,หญิง,พระนครศรีอยุธยา,แรงงานในระบบ,คน
3777,3072,2561,ประกอบธุรกิจส่วนตัว,หญิง,พระนครศรีอยุธยา,แรงงานในระบบ,คน
1252,3073,2561,ช่วยธุรกิจครัวเรือน,หญิง,พระนครศรีอยุธยา,แรงงานในระบบ,คน
35296,3074,2561,ลูกจ้างรัฐบาล,หญิง,พระนครศรีอยุธยา,แรงงานในระบบ,คน
113488,3075,2561,ลูกจ้างเอกชน,หญิง,พระนครศรีอยุธยา,แรงงานในระบบ,คน
5357,3076,2561,นายจ้าง,ชาย,พระนครศรีอยุธยา,แรงงานนอกระบบ,คน
55537,3077,2561,ประกอบธุรกิจส่วนตัว,ชาย,พระนครศรีอยุธยา,แรงงานนอกระบบ,คน
20806,3078,2561,ช่วยธุรกิจครัวเรือน,ชาย,พระนครศรีอยุธยา,แรงงานนอกระบบ,คน
17229,3079,2561,ลูกจ้างเอกชน,ชาย,พระนครศรีอยุธยา,แรงงานนอกระบบ,คน
3975,3080,2561,นายจ้าง,หญิง,พระนครศรีอยุธยา,แรงงานนอกระบบ,คน
34124,3081,2561,ประกอบธุรกิจส่วนตัว,หญิง,พระนครศรีอยุธยา,แรงงานนอกระบบ,คน
20782,3082,2561,ช่วยธุรกิจครัวเรือน,หญิง,พระนครศรีอยุธยา,แรงงานนอกระบบ,คน
390,3083,2561,ลูกจ้างรัฐบาล,หญิง,พระนครศรีอยุธยา,แรงงานนอกระบบ,คน
7061,3084,2561,ลูกจ้างเอกชน,หญิง,พระนครศรีอยุธยา,แรงงานนอกระบบ,คน
154,3085,2561,นายจ้าง,ชาย,อ่างทอง,แรงงานในระบบ,คน
611,3086,2561,ประกอบธุรกิจส่วนตัว,ชาย,อ่างทอง,แรงงานในระบบ,คน
194,3087,2561,ช่วยธุรกิจครัวเรือน,ชาย,อ่างทอง,แรงงานในระบบ,คน
8459,3088,2561,ลูกจ้างรัฐบาล,ชาย,อ่างทอง,แรงงานในระบบ,คน
25859,3089,2561,ลูกจ้างเอกชน,ชาย,อ่างทอง,แรงงานในระบบ,คน
1936,3090,2561,ประกอบธุรกิจส่วนตัว,หญิง,อ่างทอง,แรงงานในระบบ,คน
464,3091,2561,ช่วยธุรกิจครัวเรือน,หญิง,อ่างทอง,แรงงานในระบบ,คน
8561,3092,2561,ลูกจ้างรัฐบาล,หญิง,อ่างทอง,แรงงานในระบบ,คน
24228,3093,2561,ลูกจ้างเอกชน,หญิง,อ่างทอง,แรงงานในระบบ,คน
1429,3094,2561,นายจ้าง,ชาย,อ่างทอง,แรงงานนอกระบบ,คน
18911,3095,2561,ประกอบธุรกิจส่วนตัว,ชาย,อ่างทอง,แรงงานนอกระบบ,คน
9170,3096,2561,ช่วยธุรกิจครัวเรือน,ชาย,อ่างทอง,แรงงานนอกระบบ,คน
332,3097,2561,ลูกจ้างรัฐบาล,ชาย,อ่างทอง,แรงงานนอกระบบ,คน
7725,3098,2561,ลูกจ้างเอกชน,ชาย,อ่างทอง,แรงงานนอกระบบ,คน
470,3099,2561,นายจ้าง,หญิง,อ่างทอง,แรงงานนอกระบบ,คน
17948,3100,2561,ประกอบธุรกิจส่วนตัว,หญิง,อ่างทอง,แรงงานนอกระบบ,คน
9226,3101,2561,ช่วยธุรกิจครัวเรือน,หญิง,อ่างทอง,แรงงานนอกระบบ,คน
483,3102,2561,ลูกจ้างรัฐบาล,หญิง,อ่างทอง,แรงงานนอกระบบ,คน
3873,3103,2561,ลูกจ้างเอกชน,หญิง,อ่างทอง,แรงงานนอกระบบ,คน
220,3104,2561,นายจ้าง,ชาย,ลพบุรี,แรงงานในระบบ,คน
806,3105,2561,ประกอบธุรกิจส่วนตัว,ชาย,ลพบุรี,แรงงานในระบบ,คน
184,3106,2561,ช่วยธุรกิจครัวเรือน,ชาย,ลพบุรี,แรงงานในระบบ,คน
17755,3107,2561,ลูกจ้างรัฐบาล,ชาย,ลพบุรี,แรงงานในระบบ,คน
59528,3108,2561,ลูกจ้างเอกชน,ชาย,ลพบุรี,แรงงานในระบบ,คน
1218,3109,2561,ช่วยธุรกิจครัวเรือน,หญิง,ลพบุรี,แรงงานในระบบ,คน
17711,3110,2561,ลูกจ้างรัฐบาล,หญิง,ลพบุรี,แรงงานในระบบ,คน
48133,3111,2561,ลูกจ้างเอกชน,หญิง,ลพบุรี,แรงงานในระบบ,คน
3487,3112,2561,นายจ้าง,ชาย,ลพบุรี,แรงงานนอกระบบ,คน
80849,3113,2561,ประกอบธุรกิจส่วนตัว,ชาย,ลพบุรี,แรงงานนอกระบบ,คน
37890,3114,2561,ช่วยธุรกิจครัวเรือน,ชาย,ลพบุรี,แรงงานนอกระบบ,คน
564,3115,2561,ลูกจ้างรัฐบาล,ชาย,ลพบุรี,แรงงานนอกระบบ,คน
33199,3116,2561,ลูกจ้างเอกชน,ชาย,ลพบุรี,แรงงานนอกระบบ,คน
791,3117,2561,นายจ้าง,หญิง,ลพบุรี,แรงงานนอกระบบ,คน
51692,3118,2561,ประกอบธุรกิจส่วนตัว,หญิง,ลพบุรี,แรงงานนอกระบบ,คน
57277,3119,2561,ช่วยธุรกิจครัวเรือน,หญิง,ลพบุรี,แรงงานนอกระบบ,คน
522,3120,2561,ลูกจ้างรัฐบาล,หญิง,ลพบุรี,แรงงานนอกระบบ,คน
21038,3121,2561,ลูกจ้างเอกชน,หญิง,ลพบุรี,แรงงานนอกระบบ,คน
377,3122,2561,นายจ้าง,ชาย,สิงห์บุรี,แรงงานในระบบ,คน
731,3123,2561,ประกอบธุรกิจส่วนตัว,ชาย,สิงห์บุรี,แรงงานในระบบ,คน
173,3124,2561,ช่วยธุรกิจครัวเรือน,ชาย,สิงห์บุรี,แรงงานในระบบ,คน
6310,3125,2561,ลูกจ้างรัฐบาล,ชาย,สิงห์บุรี,แรงงานในระบบ,คน
19434,3126,2561,ลูกจ้างเอกชน,ชาย,สิงห์บุรี,แรงงานในระบบ,คน
1254,3127,2561,ประกอบธุรกิจส่วนตัว,หญิง,สิงห์บุรี,แรงงานในระบบ,คน
298,3128,2561,ช่วยธุรกิจครัวเรือน,หญิง,สิงห์บุรี,แรงงานในระบบ,คน
8479,3129,2561,ลูกจ้างรัฐบาล,หญิง,สิงห์บุรี,แรงงานในระบบ,คน
16309,3130,2561,ลูกจ้างเอกชน,หญิง,สิงห์บุรี,แรงงานในระบบ,คน
2021,3131,2561,นายจ้าง,ชาย,สิงห์บุรี,แรงงานนอกระบบ,คน
17355,3132,2561,ประกอบธุรกิจส่วนตัว,ชาย,สิงห์บุรี,แรงงานนอกระบบ,คน
7033,3133,2561,ช่วยธุรกิจครัวเรือน,ชาย,สิงห์บุรี,แรงงานนอกระบบ,คน
4831,3134,2561,ลูกจ้างเอกชน,ชาย,สิงห์บุรี,แรงงานนอกระบบ,คน
790,3135,2561,นายจ้าง,หญิง,สิงห์บุรี,แรงงานนอกระบบ,คน
15407,3136,2561,ประกอบธุรกิจส่วนตัว,หญิง,สิงห์บุรี,แรงงานนอกระบบ,คน
7192,3137,2561,ช่วยธุรกิจครัวเรือน,หญิง,สิงห์บุรี,แรงงานนอกระบบ,คน
1990,3138,2561,ลูกจ้างเอกชน,หญิง,สิงห์บุรี,แรงงานนอกระบบ,คน
529,3139,2561,นายจ้าง,ชาย,ชัยนาท,แรงงานในระบบ,คน
1065,3140,2561,ประกอบธุรกิจส่วนตัว,ชาย,ชัยนาท,แรงงานในระบบ,คน
778,3141,2561,ช่วยธุรกิจครัวเรือน,ชาย,ชัยนาท,แรงงานในระบบ,คน
8254,3142,2561,ลูกจ้างรัฐบาล,ชาย,ชัยนาท,แรงงานในระบบ,คน
16608,3143,2561,ลูกจ้างเอกชน,ชาย,ชัยนาท,แรงงานในระบบ,คน
1205,3144,2561,ประกอบธุรกิจส่วนตัว,หญิง,ชัยนาท,แรงงานในระบบ,คน
376,3145,2561,ช่วยธุรกิจครัวเรือน,หญิง,ชัยนาท,แรงงานในระบบ,คน
10562,3146,2561,ลูกจ้างรัฐบาล,หญิง,ชัยนาท,แรงงานในระบบ,คน
14980,3147,2561,ลูกจ้างเอกชน,หญิง,ชัยนาท,แรงงานในระบบ,คน
1276,3148,2561,นายจ้าง,ชาย,ชัยนาท,แรงงานนอกระบบ,คน
38305,3149,2561,ประกอบธุรกิจส่วนตัว,ชาย,ชัยนาท,แรงงานนอกระบบ,คน
12144,3150,2561,ช่วยธุรกิจครัวเรือน,ชาย,ชัยนาท,แรงงานนอกระบบ,คน
538,3151,2561,ลูกจ้างรัฐบาล,ชาย,ชัยนาท,แรงงานนอกระบบ,คน
10976,3152,2561,ลูกจ้างเอกชน,ชาย,ชัยนาท,แรงงานนอกระบบ,คน
998,3153,2561,นายจ้าง,หญิง,ชัยนาท,แรงงานนอกระบบ,คน
23590,3154,2561,ประกอบธุรกิจส่วนตัว,หญิง,ชัยนาท,แรงงานนอกระบบ,คน
20931,3155,2561,ช่วยธุรกิจครัวเรือน,หญิง,ชัยนาท,แรงงานนอกระบบ,คน
1430,3156,2561,ลูกจ้างรัฐบาล,หญิง,ชัยนาท,แรงงานนอกระบบ,คน
5486,3157,2561,ลูกจ้างเอกชน,หญิง,ชัยนาท,แรงงานนอกระบบ,คน
123,3158,2561,การรวมกลุ่ม,หญิง,ชัยนาท,แรงงานนอกระบบ,คน
1721,3159,2561,นายจ้าง,ชาย,สระบุรี,แรงงานในระบบ,คน
1355,3160,2561,ประกอบธุรกิจส่วนตัว,ชาย,สระบุรี,แรงงานในระบบ,คน
560,3161,2561,ช่วยธุรกิจครัวเรือน,ชาย,สระบุรี,แรงงานในระบบ,คน
13698,3162,2561,ลูกจ้างรัฐบาล,ชาย,สระบุรี,แรงงานในระบบ,คน
135659,3163,2561,ลูกจ้างเอกชน,ชาย,สระบุรี,แรงงานในระบบ,คน
510,3164,2561,นายจ้าง,หญิง,สระบุรี,แรงงานในระบบ,คน
3015,3165,2561,ประกอบธุรกิจส่วนตัว,หญิง,สระบุรี,แรงงานในระบบ,คน
1292,3166,2561,ช่วยธุรกิจครัวเรือน,หญิง,สระบุรี,แรงงานในระบบ,คน
16344,3167,2561,ลูกจ้างรัฐบาล,หญิง,สระบุรี,แรงงานในระบบ,คน
86292,3168,2561,ลูกจ้างเอกชน,หญิง,สระบุรี,แรงงานในระบบ,คน
4156,3169,2561,นายจ้าง,ชาย,สระบุรี,แรงงานนอกระบบ,คน
33175,3170,2561,ประกอบธุรกิจส่วนตัว,ชาย,สระบุรี,แรงงานนอกระบบ,คน
17675,3171,2561,ช่วยธุรกิจครัวเรือน,ชาย,สระบุรี,แรงงานนอกระบบ,คน
631,3172,2561,ลูกจ้างรัฐบาล,ชาย,สระบุรี,แรงงานนอกระบบ,คน
9159,3173,2561,ลูกจ้างเอกชน,ชาย,สระบุรี,แรงงานนอกระบบ,คน
1956,3174,2561,นายจ้าง,หญิง,สระบุรี,แรงงานนอกระบบ,คน
41299,3175,2561,ประกอบธุรกิจส่วนตัว,หญิง,สระบุรี,แรงงานนอกระบบ,คน
21375,3176,2561,ช่วยธุรกิจครัวเรือน,หญิง,สระบุรี,แรงงานนอกระบบ,คน
536,3177,2561,ลูกจ้างรัฐบาล,หญิง,สระบุรี,แรงงานนอกระบบ,คน
2847,3178,2561,ลูกจ้างเอกชน,หญิง,สระบุรี,แรงงานนอกระบบ,คน
2673,3179,2561,นายจ้าง,ชาย,ชลบุรี,แรงงานในระบบ,คน
10253,3180,2561,ประกอบธุรกิจส่วนตัว,ชาย,ชลบุรี,แรงงานในระบบ,คน
16636,3181,2561,ลูกจ้างรัฐบาล,ชาย,ชลบุรี,แรงงานในระบบ,คน
381374,3182,2561,ลูกจ้างเอกชน,ชาย,ชลบุรี,แรงงานในระบบ,คน
4724,3183,2561,ประกอบธุรกิจส่วนตัว,หญิง,ชลบุรี,แรงงานในระบบ,คน
4168,3184,2561,ช่วยธุรกิจครัวเรือน,หญิง,ชลบุรี,แรงงานในระบบ,คน
32369,3185,2561,ลูกจ้างรัฐบาล,หญิง,ชลบุรี,แรงงานในระบบ,คน
265507,3186,2561,ลูกจ้างเอกชน,หญิง,ชลบุรี,แรงงานในระบบ,คน
19313,3187,2561,นายจ้าง,ชาย,ชลบุรี,แรงงานนอกระบบ,คน
114067,3188,2561,ประกอบธุรกิจส่วนตัว,ชาย,ชลบุรี,แรงงานนอกระบบ,คน
32115,3189,2561,ช่วยธุรกิจครัวเรือน,ชาย,ชลบุรี,แรงงานนอกระบบ,คน
8744,3190,2561,ลูกจ้างเอกชน,ชาย,ชลบุรี,แรงงานนอกระบบ,คน
10457,3191,2561,นายจ้าง,หญิง,ชลบุรี,แรงงานนอกระบบ,คน
92116,3192,2561,ประกอบธุรกิจส่วนตัว,หญิง,ชลบุรี,แรงงานนอกระบบ,คน
47678,3193,2561,ช่วยธุรกิจครัวเรือน,หญิง,ชลบุรี,แรงงานนอกระบบ,คน
3328,3194,2561,ลูกจ้างเอกชน,หญิง,ชลบุรี,แรงงานนอกระบบ,คน
1184,3195,2561,นายจ้าง,ชาย,ระยอง,แรงงานในระบบ,คน
372,3196,2561,ช่วยธุรกิจครัวเรือน,ชาย,ระยอง,แรงงานในระบบ,คน
15935,3197,2561,ลูกจ้างรัฐบาล,ชาย,ระยอง,แรงงานในระบบ,คน
182255,3198,2561,ลูกจ้างเอกชน,ชาย,ระยอง,แรงงานในระบบ,คน
683,3199,2561,ประกอบธุรกิจส่วนตัว,หญิง,ระยอง,แรงงานในระบบ,คน
705,3200,2561,ช่วยธุรกิจครัวเรือน,หญิง,ระยอง,แรงงานในระบบ,คน
17723,3201,2561,ลูกจ้างรัฐบาล,หญิง,ระยอง,แรงงานในระบบ,คน
112186,3202,2561,ลูกจ้างเอกชน,หญิง,ระยอง,แรงงานในระบบ,คน
13409,3203,2561,นายจ้าง,ชาย,ระยอง,แรงงานนอกระบบ,คน
67332,3204,2561,ประกอบธุรกิจส่วนตัว,ชาย,ระยอง,แรงงานนอกระบบ,คน
26737,3205,2561,ช่วยธุรกิจครัวเรือน,ชาย,ระยอง,แรงงานนอกระบบ,คน
9218,3206,2561,ลูกจ้างเอกชน,ชาย,ระยอง,แรงงานนอกระบบ,คน
361,3207,2561,การรวมกลุ่ม,ชาย,ระยอง,แรงงานนอกระบบ,คน
3584,3208,2561,นายจ้าง,หญิง,ระยอง,แรงงานนอกระบบ,คน
59159,3209,2561,ประกอบธุรกิจส่วนตัว,หญิง,ระยอง,แรงงานนอกระบบ,คน
41869,3210,2561,ช่วยธุรกิจครัวเรือน,หญิง,ระยอง,แรงงานนอกระบบ,คน
333,3211,2561,ลูกจ้างรัฐบาล,หญิง,ระยอง,แรงงานนอกระบบ,คน
6912,3212,2561,ลูกจ้างเอกชน,หญิง,ระยอง,แรงงานนอกระบบ,คน
531,3213,2561,นายจ้าง,ชาย,จันทบุรี,แรงงานในระบบ,คน
447,3214,2561,ประกอบธุรกิจส่วนตัว,ชาย,จันทบุรี,แรงงานในระบบ,คน
253,3215,2561,ช่วยธุรกิจครัวเรือน,ชาย,จันทบุรี,แรงงานในระบบ,คน
11658,3216,2561,ลูกจ้างรัฐบาล,ชาย,จันทบุรี,แรงงานในระบบ,คน
49114,3217,2561,ลูกจ้างเอกชน,ชาย,จันทบุรี,แรงงานในระบบ,คน
763,3218,2561,ประกอบธุรกิจส่วนตัว,หญิง,จันทบุรี,แรงงานในระบบ,คน
621,3219,2561,ช่วยธุรกิจครัวเรือน,หญิง,จันทบุรี,แรงงานในระบบ,คน
16591,3220,2561,ลูกจ้างรัฐบาล,หญิง,จันทบุรี,แรงงานในระบบ,คน
39354,3221,2561,ลูกจ้างเอกชน,หญิง,จันทบุรี,แรงงานในระบบ,คน
12114,3222,2561,นายจ้าง,ชาย,จันทบุรี,แรงงานนอกระบบ,คน
62176,3223,2561,ประกอบธุรกิจส่วนตัว,ชาย,จันทบุรี,แรงงานนอกระบบ,คน
38114,3224,2561,ช่วยธุรกิจครัวเรือน,ชาย,จันทบุรี,แรงงานนอกระบบ,คน
156,3225,2561,ลูกจ้างรัฐบาล,ชาย,จันทบุรี,แรงงานนอกระบบ,คน
7830,3226,2561,ลูกจ้างเอกชน,ชาย,จันทบุรี,แรงงานนอกระบบ,คน
6531,3227,2561,นายจ้าง,หญิง,จันทบุรี,แรงงานนอกระบบ,คน
44483,3228,2561,ประกอบธุรกิจส่วนตัว,หญิง,จันทบุรี,แรงงานนอกระบบ,คน
50860,3229,2561,ช่วยธุรกิจครัวเรือน,หญิง,จันทบุรี,แรงงานนอกระบบ,คน
1095,3230,2561,ลูกจ้างรัฐบาล,หญิง,จันทบุรี,แรงงานนอกระบบ,คน
5799,3231,2561,ลูกจ้างเอกชน,หญิง,จันทบุรี,แรงงานนอกระบบ,คน
492,3232,2561,การรวมกลุ่ม,หญิง,จันทบุรี,แรงงานนอกระบบ,คน
247,3233,2561,นายจ้าง,ชาย,ตราด,แรงงานในระบบ,คน
1359,3234,2561,ประกอบธุรกิจส่วนตัว,ชาย,ตราด,แรงงานในระบบ,คน
752,3235,2561,ช่วยธุรกิจครัวเรือน,ชาย,ตราด,แรงงานในระบบ,คน
8565,3236,2561,ลูกจ้างรัฐบาล,ชาย,ตราด,แรงงานในระบบ,คน
30156,3237,2561,ลูกจ้างเอกชน,ชาย,ตราด,แรงงานในระบบ,คน
1048,3238,2561,ประกอบธุรกิจส่วนตัว,หญิง,ตราด,แรงงานในระบบ,คน
1190,3239,2561,ช่วยธุรกิจครัวเรือน,หญิง,ตราด,แรงงานในระบบ,คน
10494,3240,2561,ลูกจ้างรัฐบาล,หญิง,ตราด,แรงงานในระบบ,คน
18675,3241,2561,ลูกจ้างเอกชน,หญิง,ตราด,แรงงานในระบบ,คน
3919,3242,2561,นายจ้าง,ชาย,ตราด,แรงงานนอกระบบ,คน
35033,3243,2561,ประกอบธุรกิจส่วนตัว,ชาย,ตราด,แรงงานนอกระบบ,คน
10072,3244,2561,ช่วยธุรกิจครัวเรือน,ชาย,ตราด,แรงงานนอกระบบ,คน
660,3245,2561,ลูกจ้างรัฐบาล,ชาย,ตราด,แรงงานนอกระบบ,คน
7708,3246,2561,ลูกจ้างเอกชน,ชาย,ตราด,แรงงานนอกระบบ,คน
1091,3247,2561,นายจ้าง,หญิง,ตราด,แรงงานนอกระบบ,คน
15479,3248,2561,ประกอบธุรกิจส่วนตัว,หญิง,ตราด,แรงงานนอกระบบ,คน
20356,3249,2561,ช่วยธุรกิจครัวเรือน,หญิง,ตราด,แรงงานนอกระบบ,คน
738,3250,2561,ลูกจ้างรัฐบาล,หญิง,ตราด,แรงงานนอกระบบ,คน
5187,3251,2561,ลูกจ้างเอกชน,หญิง,ตราด,แรงงานนอกระบบ,คน
1753,3252,2561,นายจ้าง,ชาย,ฉะเชิงเทรา,แรงงานในระบบ,คน
847,3253,2561,ประกอบธุรกิจส่วนตัว,ชาย,ฉะเชิงเทรา,แรงงานในระบบ,คน
672,3254,2561,ช่วยธุรกิจครัวเรือน,ชาย,ฉะเชิงเทรา,แรงงานในระบบ,คน
16818,3255,2561,ลูกจ้างรัฐบาล,ชาย,ฉะเชิงเทรา,แรงงานในระบบ,คน
113833,3256,2561,ลูกจ้างเอกชน,ชาย,ฉะเชิงเทรา,แรงงานในระบบ,คน
1052,3257,2561,นายจ้าง,หญิง,ฉะเชิงเทรา,แรงงานในระบบ,คน
1251,3258,2561,ประกอบธุรกิจส่วนตัว,หญิง,ฉะเชิงเทรา,แรงงานในระบบ,คน
1222,3259,2561,ช่วยธุรกิจครัวเรือน,หญิง,ฉะเชิงเทรา,แรงงานในระบบ,คน
15060,3260,2561,ลูกจ้างรัฐบาล,หญิง,ฉะเชิงเทรา,แรงงานในระบบ,คน
87595,3261,2561,ลูกจ้างเอกชน,หญิง,ฉะเชิงเทรา,แรงงานในระบบ,คน
10189,3262,2561,นายจ้าง,ชาย,ฉะเชิงเทรา,แรงงานนอกระบบ,คน
65401,3263,2561,ประกอบธุรกิจส่วนตัว,ชาย,ฉะเชิงเทรา,แรงงานนอกระบบ,คน
20830,3264,2561,ช่วยธุรกิจครัวเรือน,ชาย,ฉะเชิงเทรา,แรงงานนอกระบบ,คน
19807,3265,2561,ลูกจ้างเอกชน,ชาย,ฉะเชิงเทรา,แรงงานนอกระบบ,คน
654,3266,2561,นายจ้าง,หญิง,ฉะเชิงเทรา,แรงงานนอกระบบ,คน
41245,3267,2561,ประกอบธุรกิจส่วนตัว,หญิง,ฉะเชิงเทรา,แรงงานนอกระบบ,คน
26110,3268,2561,ช่วยธุรกิจครัวเรือน,หญิง,ฉะเชิงเทรา,แรงงานนอกระบบ,คน
5176,3269,2561,ลูกจ้างเอกชน,หญิง,ฉะเชิงเทรา,แรงงานนอกระบบ,คน
448,3270,2561,นายจ้าง,ชาย,ปราจีนบุรี,แรงงานในระบบ,คน
1277,3271,2561,ประกอบธุรกิจส่วนตัว,ชาย,ปราจีนบุรี,แรงงานในระบบ,คน
1369,3272,2561,ช่วยธุรกิจครัวเรือน,ชาย,ปราจีนบุรี,แรงงานในระบบ,คน
17237,3273,2561,ลูกจ้างรัฐบาล,ชาย,ปราจีนบุรี,แรงงานในระบบ,คน
94328,3274,2561,ลูกจ้างเอกชน,ชาย,ปราจีนบุรี,แรงงานในระบบ,คน
370,3275,2561,นายจ้าง,หญิง,ปราจีนบุรี,แรงงานในระบบ,คน
1364,3276,2561,ประกอบธุรกิจส่วนตัว,หญิง,ปราจีนบุรี,แรงงานในระบบ,คน
452,3277,2561,ช่วยธุรกิจครัวเรือน,หญิง,ปราจีนบุรี,แรงงานในระบบ,คน
14338,3278,2561,ลูกจ้างรัฐบาล,หญิง,ปราจีนบุรี,แรงงานในระบบ,คน
79079,3279,2561,ลูกจ้างเอกชน,หญิง,ปราจีนบุรี,แรงงานในระบบ,คน
21121,3280,2561,นายจ้าง,ชาย,ปราจีนบุรี,แรงงานนอกระบบ,คน
31856,3281,2561,ประกอบธุรกิจส่วนตัว,ชาย,ปราจีนบุรี,แรงงานนอกระบบ,คน
16383,3282,2561,ช่วยธุรกิจครัวเรือน,ชาย,ปราจีนบุรี,แรงงานนอกระบบ,คน
94,3283,2561,ลูกจ้างรัฐบาล,ชาย,ปราจีนบุรี,แรงงานนอกระบบ,คน
8453,3284,2561,ลูกจ้างเอกชน,ชาย,ปราจีนบุรี,แรงงานนอกระบบ,คน
7254,3285,2561,นายจ้าง,หญิง,ปราจีนบุรี,แรงงานนอกระบบ,คน
31916,3286,2561,ประกอบธุรกิจส่วนตัว,หญิง,ปราจีนบุรี,แรงงานนอกระบบ,คน
23814,3287,2561,ช่วยธุรกิจครัวเรือน,หญิง,ปราจีนบุรี,แรงงานนอกระบบ,คน
4343,3288,2561,ลูกจ้างเอกชน,หญิง,ปราจีนบุรี,แรงงานนอกระบบ,คน
745,3289,2561,นายจ้าง,ชาย,นครนายก,แรงงานในระบบ,คน
181,3290,2561,ประกอบธุรกิจส่วนตัว,ชาย,นครนายก,แรงงานในระบบ,คน
174,3291,2561,ช่วยธุรกิจครัวเรือน,ชาย,นครนายก,แรงงานในระบบ,คน
5351,3292,2561,ลูกจ้างรัฐบาล,ชาย,นครนายก,แรงงานในระบบ,คน
25640,3293,2561,ลูกจ้างเอกชน,ชาย,นครนายก,แรงงานในระบบ,คน
68,3294,2561,นายจ้าง,หญิง,นครนายก,แรงงานในระบบ,คน
708,3295,2561,ช่วยธุรกิจครัวเรือน,หญิง,นครนายก,แรงงานในระบบ,คน
7369,3296,2561,ลูกจ้างรัฐบาล,หญิง,นครนายก,แรงงานในระบบ,คน
21284,3297,2561,ลูกจ้างเอกชน,หญิง,นครนายก,แรงงานในระบบ,คน
1696,3298,2561,นายจ้าง,ชาย,นครนายก,แรงงานนอกระบบ,คน
25646,3299,2561,ประกอบธุรกิจส่วนตัว,ชาย,นครนายก,แรงงานนอกระบบ,คน
12688,3300,2561,ช่วยธุรกิจครัวเรือน,ชาย,นครนายก,แรงงานนอกระบบ,คน
437,3301,2561,ลูกจ้างรัฐบาล,ชาย,นครนายก,แรงงานนอกระบบ,คน
12369,3302,2561,ลูกจ้างเอกชน,ชาย,นครนายก,แรงงานนอกระบบ,คน
402,3303,2561,นายจ้าง,หญิง,นครนายก,แรงงานนอกระบบ,คน
20767,3304,2561,ประกอบธุรกิจส่วนตัว,หญิง,นครนายก,แรงงานนอกระบบ,คน
10735,3305,2561,ช่วยธุรกิจครัวเรือน,หญิง,นครนายก,แรงงานนอกระบบ,คน
5098,3306,2561,ลูกจ้างเอกชน,หญิง,นครนายก,แรงงานนอกระบบ,คน
256,3307,2561,นายจ้าง,ชาย,สระแก้ว,แรงงานในระบบ,คน
7708,3308,2561,ประกอบธุรกิจส่วนตัว,ชาย,สระแก้ว,แรงงานในระบบ,คน
3376,3309,2561,ช่วยธุรกิจครัวเรือน,ชาย,สระแก้ว,แรงงานในระบบ,คน
17849,3310,2561,ลูกจ้างรัฐบาล,ชาย,สระแก้ว,แรงงานในระบบ,คน
28699,3311,2561,ลูกจ้างเอกชน,ชาย,สระแก้ว,แรงงานในระบบ,คน
5408,3312,2561,ประกอบธุรกิจส่วนตัว,หญิง,สระแก้ว,แรงงานในระบบ,คน
4341,3313,2561,ช่วยธุรกิจครัวเรือน,หญิง,สระแก้ว,แรงงานในระบบ,คน
17287,3314,2561,ลูกจ้างรัฐบาล,หญิง,สระแก้ว,แรงงานในระบบ,คน
17942,3315,2561,ลูกจ้างเอกชน,หญิง,สระแก้ว,แรงงานในระบบ,คน
3477,3316,2561,นายจ้าง,ชาย,สระแก้ว,แรงงานนอกระบบ,คน
72630,3317,2561,ประกอบธุรกิจส่วนตัว,ชาย,สระแก้ว,แรงงานนอกระบบ,คน
19683,3318,2561,ช่วยธุรกิจครัวเรือน,ชาย,สระแก้ว,แรงงานนอกระบบ,คน
1474,3319,2561,ลูกจ้างรัฐบาล,ชาย,สระแก้ว,แรงงานนอกระบบ,คน
14641,3320,2561,ลูกจ้างเอกชน,ชาย,สระแก้ว,แรงงานนอกระบบ,คน
524,3321,2561,นายจ้าง,หญิง,สระแก้ว,แรงงานนอกระบบ,คน
37055,3322,2561,ประกอบธุรกิจส่วนตัว,หญิง,สระแก้ว,แรงงานนอกระบบ,คน
31874,3323,2561,ช่วยธุรกิจครัวเรือน,หญิง,สระแก้ว,แรงงานนอกระบบ,คน
904,3324,2561,ลูกจ้างรัฐบาล,หญิง,สระแก้ว,แรงงานนอกระบบ,คน
8925,3325,2561,ลูกจ้างเอกชน,หญิง,สระแก้ว,แรงงานนอกระบบ,คน
646,3326,2561,นายจ้าง,ชาย,ราชบุรี,แรงงานในระบบ,คน
6704,3327,2561,ประกอบธุรกิจส่วนตัว,ชาย,ราชบุรี,แรงงานในระบบ,คน
1801,3328,2561,ช่วยธุรกิจครัวเรือน,ชาย,ราชบุรี,แรงงานในระบบ,คน
16484,3329,2561,ลูกจ้างรัฐบาล,ชาย,ราชบุรี,แรงงานในระบบ,คน
100559,3330,2561,ลูกจ้างเอกชน,ชาย,ราชบุรี,แรงงานในระบบ,คน
795,3331,2561,นายจ้าง,หญิง,ราชบุรี,แรงงานในระบบ,คน
7933,3332,2561,ประกอบธุรกิจส่วนตัว,หญิง,ราชบุรี,แรงงานในระบบ,คน
4084,3333,2561,ช่วยธุรกิจครัวเรือน,หญิง,ราชบุรี,แรงงานในระบบ,คน
17321,3334,2561,ลูกจ้างรัฐบาล,หญิง,ราชบุรี,แรงงานในระบบ,คน
73934,3335,2561,ลูกจ้างเอกชน,หญิง,ราชบุรี,แรงงานในระบบ,คน
10577,3336,2561,นายจ้าง,ชาย,ราชบุรี,แรงงานนอกระบบ,คน
62469,3337,2561,ประกอบธุรกิจส่วนตัว,ชาย,ราชบุรี,แรงงานนอกระบบ,คน
24435,3338,2561,ช่วยธุรกิจครัวเรือน,ชาย,ราชบุรี,แรงงานนอกระบบ,คน
522,3339,2561,ลูกจ้างรัฐบาล,ชาย,ราชบุรี,แรงงานนอกระบบ,คน
18342,3340,2561,ลูกจ้างเอกชน,ชาย,ราชบุรี,แรงงานนอกระบบ,คน
1916,3341,2561,นายจ้าง,หญิง,ราชบุรี,แรงงานนอกระบบ,คน
53772,3342,2561,ประกอบธุรกิจส่วนตัว,หญิง,ราชบุรี,แรงงานนอกระบบ,คน
34220,3343,2561,ช่วยธุรกิจครัวเรือน,หญิง,ราชบุรี,แรงงานนอกระบบ,คน
854,3344,2561,ลูกจ้างรัฐบาล,หญิง,ราชบุรี,แรงงานนอกระบบ,คน
11641,3345,2561,ลูกจ้างเอกชน,หญิง,ราชบุรี,แรงงานนอกระบบ,คน
1086,3346,2561,นายจ้าง,ชาย,กาญจนบุรี,แรงงานในระบบ,คน
1091,3347,2561,ประกอบธุรกิจส่วนตัว,ชาย,กาญจนบุรี,แรงงานในระบบ,คน
331,3348,2561,ช่วยธุรกิจครัวเรือน,ชาย,กาญจนบุรี,แรงงานในระบบ,คน
17287,3349,2561,ลูกจ้างรัฐบาล,ชาย,กาญจนบุรี,แรงงานในระบบ,คน
62993,3350,2561,ลูกจ้างเอกชน,ชาย,กาญจนบุรี,แรงงานในระบบ,คน
164,3351,2561,นายจ้าง,หญิง,กาญจนบุรี,แรงงานในระบบ,คน
1010,3352,2561,ประกอบธุรกิจส่วนตัว,หญิง,กาญจนบุรี,แรงงานในระบบ,คน
672,3353,2561,ช่วยธุรกิจครัวเรือน,หญิง,กาญจนบุรี,แรงงานในระบบ,คน
21043,3354,2561,ลูกจ้างรัฐบาล,หญิง,กาญจนบุรี,แรงงานในระบบ,คน
44577,3355,2561,ลูกจ้างเอกชน,หญิง,กาญจนบุรี,แรงงานในระบบ,คน
5932,3356,2561,นายจ้าง,ชาย,กาญจนบุรี,แรงงานนอกระบบ,คน
90153,3357,2561,ประกอบธุรกิจส่วนตัว,ชาย,กาญจนบุรี,แรงงานนอกระบบ,คน
37982,3358,2561,ช่วยธุรกิจครัวเรือน,ชาย,กาญจนบุรี,แรงงานนอกระบบ,คน
601,3359,2561,ลูกจ้างรัฐบาล,ชาย,กาญจนบุรี,แรงงานนอกระบบ,คน
38737,3360,2561,ลูกจ้างเอกชน,ชาย,กาญจนบุรี,แรงงานนอกระบบ,คน
1924,3361,2561,นายจ้าง,หญิง,กาญจนบุรี,แรงงานนอกระบบ,คน
58628,3362,2561,ประกอบธุรกิจส่วนตัว,หญิง,กาญจนบุรี,แรงงานนอกระบบ,คน
52777,3363,2561,ช่วยธุรกิจครัวเรือน,หญิง,กาญจนบุรี,แรงงานนอกระบบ,คน
561,3364,2561,ลูกจ้างรัฐบาล,หญิง,กาญจนบุรี,แรงงานนอกระบบ,คน
24501,3365,2561,ลูกจ้างเอกชน,หญิง,กาญจนบุรี,แรงงานนอกระบบ,คน
381,3366,2561,การรวมกลุ่ม,หญิง,กาญจนบุรี,แรงงานนอกระบบ,คน
281,3367,2561,นายจ้าง,ชาย,สุพรรณบุรี,แรงงานในระบบ,คน
1412,3368,2561,ประกอบธุรกิจส่วนตัว,ชาย,สุพรรณบุรี,แรงงานในระบบ,คน
1103,3369,2561,ช่วยธุรกิจครัวเรือน,ชาย,สุพรรณบุรี,แรงงานในระบบ,คน
15784,3370,2561,ลูกจ้างรัฐบาล,ชาย,สุพรรณบุรี,แรงงานในระบบ,คน
42515,3371,2561,ลูกจ้างเอกชน,ชาย,สุพรรณบุรี,แรงงานในระบบ,คน
2686,3372,2561,ประกอบธุรกิจส่วนตัว,หญิง,สุพรรณบุรี,แรงงานในระบบ,คน
789,3373,2561,ช่วยธุรกิจครัวเรือน,หญิง,สุพรรณบุรี,แรงงานในระบบ,คน
19826,3374,2561,ลูกจ้างรัฐบาล,หญิง,สุพรรณบุรี,แรงงานในระบบ,คน
39745,3375,2561,ลูกจ้างเอกชน,หญิง,สุพรรณบุรี,แรงงานในระบบ,คน
244,3376,2561,การรวมกลุ่ม,หญิง,สุพรรณบุรี,แรงงานในระบบ,คน
3288,3377,2561,นายจ้าง,ชาย,สุพรรณบุรี,แรงงานนอกระบบ,คน
110927,3378,2561,ประกอบธุรกิจส่วนตัว,ชาย,สุพรรณบุรี,แรงงานนอกระบบ,คน
53006,3379,2561,ช่วยธุรกิจครัวเรือน,ชาย,สุพรรณบุรี,แรงงานนอกระบบ,คน
97,3380,2561,ลูกจ้างรัฐบาล,ชาย,สุพรรณบุรี,แรงงานนอกระบบ,คน
32771,3381,2561,ลูกจ้างเอกชน,ชาย,สุพรรณบุรี,แรงงานนอกระบบ,คน
802,3382,2561,การรวมกลุ่ม,ชาย,สุพรรณบุรี,แรงงานนอกระบบ,คน
386,3383,2561,นายจ้าง,หญิง,สุพรรณบุรี,แรงงานนอกระบบ,คน
68268,3384,2561,ประกอบธุรกิจส่วนตัว,หญิง,สุพรรณบุรี,แรงงานนอกระบบ,คน
67842,3385,2561,ช่วยธุรกิจครัวเรือน,หญิง,สุพรรณบุรี,แรงงานนอกระบบ,คน
410,3386,2561,ลูกจ้างรัฐบาล,หญิง,สุพรรณบุรี,แรงงานนอกระบบ,คน
19189,3387,2561,ลูกจ้างเอกชน,หญิง,สุพรรณบุรี,แรงงานนอกระบบ,คน
1996,3388,2561,การรวมกลุ่ม,หญิง,สุพรรณบุรี,แรงงานนอกระบบ,คน
894,3389,2561,นายจ้าง,ชาย,นครปฐม,แรงงานในระบบ,คน
2556,3390,2561,ประกอบธุรกิจส่วนตัว,ชาย,นครปฐม,แรงงานในระบบ,คน
33119,3391,2561,ลูกจ้างรัฐบาล,ชาย,นครปฐม,แรงงานในระบบ,คน
170091,3392,2561,ลูกจ้างเอกชน,ชาย,นครปฐม,แรงงานในระบบ,คน
2115,3393,2561,ประกอบธุรกิจส่วนตัว,หญิง,นครปฐม,แรงงานในระบบ,คน
876,3394,2561,ช่วยธุรกิจครัวเรือน,หญิง,นครปฐม,แรงงานในระบบ,คน
32403,3395,2561,ลูกจ้างรัฐบาล,หญิง,นครปฐม,แรงงานในระบบ,คน
151101,3396,2561,ลูกจ้างเอกชน,หญิง,นครปฐม,แรงงานในระบบ,คน
12859,3397,2561,นายจ้าง,ชาย,นครปฐม,แรงงานนอกระบบ,คน
77499,3398,2561,ประกอบธุรกิจส่วนตัว,ชาย,นครปฐม,แรงงานนอกระบบ,คน
34026,3399,2561,ช่วยธุรกิจครัวเรือน,ชาย,นครปฐม,แรงงานนอกระบบ,คน
11811,3400,2561,ลูกจ้างเอกชน,ชาย,นครปฐม,แรงงานนอกระบบ,คน
799,3401,2561,นายจ้าง,หญิง,นครปฐม,แรงงานนอกระบบ,คน
63658,3402,2561,ประกอบธุรกิจส่วนตัว,หญิง,นครปฐม,แรงงานนอกระบบ,คน
42824,3403,2561,ช่วยธุรกิจครัวเรือน,หญิง,นครปฐม,แรงงานนอกระบบ,คน
8548,3404,2561,ลูกจ้างเอกชน,หญิง,นครปฐม,แรงงานนอกระบบ,คน
2534,3405,2561,นายจ้าง,ชาย,สมุทรสาคร,แรงงานในระบบ,คน
8390,3406,2561,ประกอบธุรกิจส่วนตัว,ชาย,สมุทรสาคร,แรงงานในระบบ,คน
2013,3407,2561,ช่วยธุรกิจครัวเรือน,ชาย,สมุทรสาคร,แรงงานในระบบ,คน
10479,3408,2561,ลูกจ้างรัฐบาล,ชาย,สมุทรสาคร,แรงงานในระบบ,คน
256265,3409,2561,ลูกจ้างเอกชน,ชาย,สมุทรสาคร,แรงงานในระบบ,คน
1266,3410,2561,การรวมกลุ่ม,ชาย,สมุทรสาคร,แรงงานในระบบ,คน
169,3411,2561,นายจ้าง,หญิง,สมุทรสาคร,แรงงานในระบบ,คน
3675,3412,2561,ประกอบธุรกิจส่วนตัว,หญิง,สมุทรสาคร,แรงงานในระบบ,คน
2618,3413,2561,ช่วยธุรกิจครัวเรือน,หญิง,สมุทรสาคร,แรงงานในระบบ,คน
16024,3414,2561,ลูกจ้างรัฐบาล,หญิง,สมุทรสาคร,แรงงานในระบบ,คน
237948,3415,2561,ลูกจ้างเอกชน,หญิง,สมุทรสาคร,แรงงานในระบบ,คน
6939,3416,2561,นายจ้าง,ชาย,สมุทรสาคร,แรงงานนอกระบบ,คน
50232,3417,2561,ประกอบธุรกิจส่วนตัว,ชาย,สมุทรสาคร,แรงงานนอกระบบ,คน
16990,3418,2561,ช่วยธุรกิจครัวเรือน,ชาย,สมุทรสาคร,แรงงานนอกระบบ,คน
6795,3419,2561,ลูกจ้างเอกชน,ชาย,สมุทรสาคร,แรงงานนอกระบบ,คน
646,3420,2561,นายจ้าง,หญิง,สมุทรสาคร,แรงงานนอกระบบ,คน
42017,3421,2561,ประกอบธุรกิจส่วนตัว,หญิง,สมุทรสาคร,แรงงานนอกระบบ,คน
31214,3422,2561,ช่วยธุรกิจครัวเรือน,หญิง,สมุทรสาคร,แรงงานนอกระบบ,คน
5985,3423,2561,ลูกจ้างเอกชน,หญิง,สมุทรสาคร,แรงงานนอกระบบ,คน
544,3424,2561,นายจ้าง,ชาย,สมุทรสงคราม,แรงงานในระบบ,คน
1024,3425,2561,ประกอบธุรกิจส่วนตัว,ชาย,สมุทรสงคราม,แรงงานในระบบ,คน
479,3426,2561,ช่วยธุรกิจครัวเรือน,ชาย,สมุทรสงคราม,แรงงานในระบบ,คน
3744,3427,2561,ลูกจ้างรัฐบาล,ชาย,สมุทรสงคราม,แรงงานในระบบ,คน
22369,3428,2561,ลูกจ้างเอกชน,ชาย,สมุทรสงคราม,แรงงานในระบบ,คน
154,3429,2561,นายจ้าง,หญิง,สมุทรสงคราม,แรงงานในระบบ,คน
840,3430,2561,ประกอบธุรกิจส่วนตัว,หญิง,สมุทรสงคราม,แรงงานในระบบ,คน
490,3431,2561,ช่วยธุรกิจครัวเรือน,หญิง,สมุทรสงคราม,แรงงานในระบบ,คน
5982,3432,2561,ลูกจ้างรัฐบาล,หญิง,สมุทรสงคราม,แรงงานในระบบ,คน
17652,3433,2561,ลูกจ้างเอกชน,หญิง,สมุทรสงคราม,แรงงานในระบบ,คน
2816,3434,2561,นายจ้าง,ชาย,สมุทรสงคราม,แรงงานนอกระบบ,คน
14747,3435,2561,ประกอบธุรกิจส่วนตัว,ชาย,สมุทรสงคราม,แรงงานนอกระบบ,คน
7384,3436,2561,ช่วยธุรกิจครัวเรือน,ชาย,สมุทรสงคราม,แรงงานนอกระบบ,คน
305,3437,2561,ลูกจ้างรัฐบาล,ชาย,สมุทรสงคราม,แรงงานนอกระบบ,คน
7181,3438,2561,ลูกจ้างเอกชน,ชาย,สมุทรสงคราม,แรงงานนอกระบบ,คน
858,3439,2561,นายจ้าง,หญิง,สมุทรสงคราม,แรงงานนอกระบบ,คน
14270,3440,2561,ประกอบธุรกิจส่วนตัว,หญิง,สมุทรสงคราม,แรงงานนอกระบบ,คน
8215,3441,2561,ช่วยธุรกิจครัวเรือน,หญิง,สมุทรสงคราม,แรงงานนอกระบบ,คน
32,3442,2561,ลูกจ้างรัฐบาล,หญิง,สมุทรสงคราม,แรงงานนอกระบบ,คน
3364,3443,2561,ลูกจ้างเอกชน,หญิง,สมุทรสงคราม,แรงงานนอกระบบ,คน
214,3444,2561,นายจ้าง,ชาย,เพชรบุรี,แรงงานในระบบ,คน
1500,3445,2561,ประกอบธุรกิจส่วนตัว,ชาย,เพชรบุรี,แรงงานในระบบ,คน
1094,3446,2561,ช่วยธุรกิจครัวเรือน,ชาย,เพชรบุรี,แรงงานในระบบ,คน
14507,3447,2561,ลูกจ้างรัฐบาล,ชาย,เพชรบุรี,แรงงานในระบบ,คน
56029,3448,2561,ลูกจ้างเอกชน,ชาย,เพชรบุรี,แรงงานในระบบ,คน
513,3449,2561,นายจ้าง,หญิง,เพชรบุรี,แรงงานในระบบ,คน
614,3450,2561,ประกอบธุรกิจส่วนตัว,หญิง,เพชรบุรี,แรงงานในระบบ,คน
923,3451,2561,ช่วยธุรกิจครัวเรือน,หญิง,เพชรบุรี,แรงงานในระบบ,คน
14144,3452,2561,ลูกจ้างรัฐบาล,หญิง,เพชรบุรี,แรงงานในระบบ,คน
46023,3453,2561,ลูกจ้างเอกชน,หญิง,เพชรบุรี,แรงงานในระบบ,คน
3360,3454,2561,นายจ้าง,ชาย,เพชรบุรี,แรงงานนอกระบบ,คน
45686,3455,2561,ประกอบธุรกิจส่วนตัว,ชาย,เพชรบุรี,แรงงานนอกระบบ,คน
16599,3456,2561,ช่วยธุรกิจครัวเรือน,ชาย,เพชรบุรี,แรงงานนอกระบบ,คน
509,3457,2561,ลูกจ้างรัฐบาล,ชาย,เพชรบุรี,แรงงานนอกระบบ,คน
5774,3458,2561,ลูกจ้างเอกชน,ชาย,เพชรบุรี,แรงงานนอกระบบ,คน
1270,3459,2561,นายจ้าง,หญิง,เพชรบุรี,แรงงานนอกระบบ,คน
36474,3460,2561,ประกอบธุรกิจส่วนตัว,หญิง,เพชรบุรี,แรงงานนอกระบบ,คน
21678,3461,2561,ช่วยธุรกิจครัวเรือน,หญิง,เพชรบุรี,แรงงานนอกระบบ,คน
361,3462,2561,ลูกจ้างรัฐบาล,หญิง,เพชรบุรี,แรงงานนอกระบบ,คน
4680,3463,2561,ลูกจ้างเอกชน,หญิง,เพชรบุรี,แรงงานนอกระบบ,คน
576,3464,2561,นายจ้าง,ชาย,ประจวบคีรีขันธ์,แรงงานในระบบ,คน
605,3465,2561,ประกอบธุรกิจส่วนตัว,ชาย,ประจวบคีรีขันธ์,แรงงานในระบบ,คน
11760,3466,2561,ลูกจ้างรัฐบาล,ชาย,ประจวบคีรีขันธ์,แรงงานในระบบ,คน
58036,3467,2561,ลูกจ้างเอกชน,ชาย,ประจวบคีรีขันธ์,แรงงานในระบบ,คน
689,3468,2561,ประกอบธุรกิจส่วนตัว,หญิง,ประจวบคีรีขันธ์,แรงงานในระบบ,คน
195,3469,2561,ช่วยธุรกิจครัวเรือน,หญิง,ประจวบคีรีขันธ์,แรงงานในระบบ,คน
10214,3470,2561,ลูกจ้างรัฐบาล,หญิง,ประจวบคีรีขันธ์,แรงงานในระบบ,คน
41748,3471,2561,ลูกจ้างเอกชน,หญิง,ประจวบคีรีขันธ์,แรงงานในระบบ,คน
79,3472,2561,การรวมกลุ่ม,หญิง,ประจวบคีรีขันธ์,แรงงานในระบบ,คน
8003,3473,2561,นายจ้าง,ชาย,ประจวบคีรีขันธ์,แรงงานนอกระบบ,คน
47700,3474,2561,ประกอบธุรกิจส่วนตัว,ชาย,ประจวบคีรีขันธ์,แรงงานนอกระบบ,คน
16512,3475,2561,ช่วยธุรกิจครัวเรือน,ชาย,ประจวบคีรีขันธ์,แรงงานนอกระบบ,คน
10097,3476,2561,ลูกจ้างเอกชน,ชาย,ประจวบคีรีขันธ์,แรงงานนอกระบบ,คน
3655,3477,2561,นายจ้าง,หญิง,ประจวบคีรีขันธ์,แรงงานนอกระบบ,คน
34726,3478,2561,ประกอบธุรกิจส่วนตัว,หญิง,ประจวบคีรีขันธ์,แรงงานนอกระบบ,คน
19790,3479,2561,ช่วยธุรกิจครัวเรือน,หญิง,ประจวบคีรีขันธ์,แรงงานนอกระบบ,คน
497,3480,2561,ลูกจ้างรัฐบาล,หญิง,ประจวบคีรีขันธ์,แรงงานนอกระบบ,คน
5956,3481,2561,ลูกจ้างเอกชน,หญิง,ประจวบคีรีขันธ์,แรงงานนอกระบบ,คน
74,3482,2561,การรวมกลุ่ม,หญิง,ประจวบคีรีขันธ์,แรงงานนอกระบบ,คน
7765,3483,2562,นายจ้าง,ชาย,สมุทรปราการ,แรงงานในระบบ,คน
28459,3484,2562,ประกอบธุรกิจส่วนตัว,ชาย,สมุทรปราการ,แรงงานในระบบ,คน
29357,3485,2562,ลูกจ้างรัฐบาล,ชาย,สมุทรปราการ,แรงงานในระบบ,คน
518540,3486,2562,ลูกจ้างเอกชน,ชาย,สมุทรปราการ,แรงงานในระบบ,คน
6785,3487,2562,นายจ้าง,หญิง,สมุทรปราการ,แรงงานในระบบ,คน
26350,3488,2562,ประกอบธุรกิจส่วนตัว,หญิง,สมุทรปราการ,แรงงานในระบบ,คน
7453,3489,2562,ช่วยธุรกิจครัวเรือน,หญิง,สมุทรปราการ,แรงงานในระบบ,คน
28949,3490,2562,ลูกจ้างรัฐบาล,หญิง,สมุทรปราการ,แรงงานในระบบ,คน
420229,3491,2562,ลูกจ้างเอกชน,หญิง,สมุทรปราการ,แรงงานในระบบ,คน
18519,3492,2562,นายจ้าง,ชาย,สมุทรปราการ,แรงงานนอกระบบ,คน
110776,3493,2562,ประกอบธุรกิจส่วนตัว,ชาย,สมุทรปราการ,แรงงานนอกระบบ,คน
14096,3494,2562,ช่วยธุรกิจครัวเรือน,ชาย,สมุทรปราการ,แรงงานนอกระบบ,คน
3043,3495,2562,ลูกจ้างเอกชน,ชาย,สมุทรปราการ,แรงงานนอกระบบ,คน
1233,3496,2562,การรวมกลุ่ม,ชาย,สมุทรปราการ,แรงงานนอกระบบ,คน
6460,3497,2562,นายจ้าง,หญิง,สมุทรปราการ,แรงงานนอกระบบ,คน
83962,3498,2562,ประกอบธุรกิจส่วนตัว,หญิง,สมุทรปราการ,แรงงานนอกระบบ,คน
35183,3499,2562,ช่วยธุรกิจครัวเรือน,หญิง,สมุทรปราการ,แรงงานนอกระบบ,คน
6451,3500,2562,ลูกจ้างเอกชน,หญิง,สมุทรปราการ,แรงงานนอกระบบ,คน
7560,3501,2562,นายจ้าง,ชาย,นนทบุรี,แรงงานในระบบ,คน
12351,3502,2562,ประกอบธุรกิจส่วนตัว,ชาย,นนทบุรี,แรงงานในระบบ,คน
843,3503,2562,ช่วยธุรกิจครัวเรือน,ชาย,นนทบุรี,แรงงานในระบบ,คน
56750,3504,2562,ลูกจ้างรัฐบาล,ชาย,นนทบุรี,แรงงานในระบบ,คน
262138,3505,2562,ลูกจ้างเอกชน,ชาย,นนทบุรี,แรงงานในระบบ,คน
1798,3506,2562,นายจ้าง,หญิง,นนทบุรี,แรงงานในระบบ,คน
7887,3507,2562,ประกอบธุรกิจส่วนตัว,หญิง,นนทบุรี,แรงงานในระบบ,คน
3276,3508,2562,ช่วยธุรกิจครัวเรือน,หญิง,นนทบุรี,แรงงานในระบบ,คน
77470,3509,2562,ลูกจ้างรัฐบาล,หญิง,นนทบุรี,แรงงานในระบบ,คน
238872,3510,2562,ลูกจ้างเอกชน,หญิง,นนทบุรี,แรงงานในระบบ,คน
15051,3511,2562,นายจ้าง,ชาย,นนทบุรี,แรงงานนอกระบบ,คน
120033,3512,2562,ประกอบธุรกิจส่วนตัว,ชาย,นนทบุรี,แรงงานนอกระบบ,คน
18798,3513,2562,ช่วยธุรกิจครัวเรือน,ชาย,นนทบุรี,แรงงานนอกระบบ,คน
7709,3514,2562,ลูกจ้างเอกชน,ชาย,นนทบุรี,แรงงานนอกระบบ,คน
5592,3515,2562,นายจ้าง,หญิง,นนทบุรี,แรงงานนอกระบบ,คน
77154,3516,2562,ประกอบธุรกิจส่วนตัว,หญิง,นนทบุรี,แรงงานนอกระบบ,คน
28216,3517,2562,ช่วยธุรกิจครัวเรือน,หญิง,นนทบุรี,แรงงานนอกระบบ,คน
3334,3518,2562,ลูกจ้างเอกชน,หญิง,นนทบุรี,แรงงานนอกระบบ,คน
9661,3519,2562,นายจ้าง,ชาย,ปทุมธานี,แรงงานในระบบ,คน
12324,3520,2562,ประกอบธุรกิจส่วนตัว,ชาย,ปทุมธานี,แรงงานในระบบ,คน
930,3521,2562,ช่วยธุรกิจครัวเรือน,ชาย,ปทุมธานี,แรงงานในระบบ,คน
34871,3522,2562,ลูกจ้างรัฐบาล,ชาย,ปทุมธานี,แรงงานในระบบ,คน
255668,3523,2562,ลูกจ้างเอกชน,ชาย,ปทุมธานี,แรงงานในระบบ,คน
2626,3524,2562,นายจ้าง,หญิง,ปทุมธานี,แรงงานในระบบ,คน
10882,3525,2562,ประกอบธุรกิจส่วนตัว,หญิง,ปทุมธานี,แรงงานในระบบ,คน
6466,3526,2562,ช่วยธุรกิจครัวเรือน,หญิง,ปทุมธานี,แรงงานในระบบ,คน
38129,3527,2562,ลูกจ้างรัฐบาล,หญิง,ปทุมธานี,แรงงานในระบบ,คน
237116,3528,2562,ลูกจ้างเอกชน,หญิง,ปทุมธานี,แรงงานในระบบ,คน
18970,3529,2562,นายจ้าง,ชาย,ปทุมธานี,แรงงานนอกระบบ,คน
101396,3530,2562,ประกอบธุรกิจส่วนตัว,ชาย,ปทุมธานี,แรงงานนอกระบบ,คน
41790,3531,2562,ช่วยธุรกิจครัวเรือน,ชาย,ปทุมธานี,แรงงานนอกระบบ,คน
1365,3532,2562,ลูกจ้างรัฐบาล,ชาย,ปทุมธานี,แรงงานนอกระบบ,คน
17503,3533,2562,ลูกจ้างเอกชน,ชาย,ปทุมธานี,แรงงานนอกระบบ,คน
7119,3534,2562,นายจ้าง,หญิง,ปทุมธานี,แรงงานนอกระบบ,คน
73362,3535,2562,ประกอบธุรกิจส่วนตัว,หญิง,ปทุมธานี,แรงงานนอกระบบ,คน
40637,3536,2562,ช่วยธุรกิจครัวเรือน,หญิง,ปทุมธานี,แรงงานนอกระบบ,คน
1369,3537,2562,ลูกจ้างรัฐบาล,หญิง,ปทุมธานี,แรงงานนอกระบบ,คน
4618,3538,2562,ลูกจ้างเอกชน,หญิง,ปทุมธานี,แรงงานนอกระบบ,คน
1228,3539,2562,นายจ้าง,ชาย,พระนครศรีอยุธยา,แรงงานในระบบ,คน
4130,3540,2562,ประกอบธุรกิจส่วนตัว,ชาย,พระนครศรีอยุธยา,แรงงานในระบบ,คน
767,3541,2562,ช่วยธุรกิจครัวเรือน,ชาย,พระนครศรีอยุธยา,แรงงานในระบบ,คน
26616,3542,2562,ลูกจ้างรัฐบาล,ชาย,พระนครศรีอยุธยา,แรงงานในระบบ,คน
150634,3543,2562,ลูกจ้างเอกชน,ชาย,พระนครศรีอยุธยา,แรงงานในระบบ,คน
495,3544,2562,นายจ้าง,หญิง,พระนครศรีอยุธยา,แรงงานในระบบ,คน
2393,3545,2562,ประกอบธุรกิจส่วนตัว,หญิง,พระนครศรีอยุธยา,แรงงานในระบบ,คน
2335,3546,2562,ช่วยธุรกิจครัวเรือน,หญิง,พระนครศรีอยุธยา,แรงงานในระบบ,คน
29147,3547,2562,ลูกจ้างรัฐบาล,หญิง,พระนครศรีอยุธยา,แรงงานในระบบ,คน
128690,3548,2562,ลูกจ้างเอกชน,หญิง,พระนครศรีอยุธยา,แรงงานในระบบ,คน
7197,3549,2562,นายจ้าง,ชาย,พระนครศรีอยุธยา,แรงงานนอกระบบ,คน
58765,3550,2562,ประกอบธุรกิจส่วนตัว,ชาย,พระนครศรีอยุธยา,แรงงานนอกระบบ,คน
17948,3551,2562,ช่วยธุรกิจครัวเรือน,ชาย,พระนครศรีอยุธยา,แรงงานนอกระบบ,คน
6484,3552,2562,ลูกจ้างเอกชน,ชาย,พระนครศรีอยุธยา,แรงงานนอกระบบ,คน
1791,3553,2562,นายจ้าง,หญิง,พระนครศรีอยุธยา,แรงงานนอกระบบ,คน
32333,3554,2562,ประกอบธุรกิจส่วนตัว,หญิง,พระนครศรีอยุธยา,แรงงานนอกระบบ,คน
20470,3555,2562,ช่วยธุรกิจครัวเรือน,หญิง,พระนครศรีอยุธยา,แรงงานนอกระบบ,คน
218,3556,2562,ลูกจ้างรัฐบาล,หญิง,พระนครศรีอยุธยา,แรงงานนอกระบบ,คน
2490,3557,2562,ลูกจ้างเอกชน,หญิง,พระนครศรีอยุธยา,แรงงานนอกระบบ,คน
1448,3558,2562,ประกอบธุรกิจส่วนตัว,ชาย,อ่างทอง,แรงงานในระบบ,คน
566,3559,2562,ช่วยธุรกิจครัวเรือน,ชาย,อ่างทอง,แรงงานในระบบ,คน
6196,3560,2562,ลูกจ้างรัฐบาล,ชาย,อ่างทอง,แรงงานในระบบ,คน
22684,3561,2562,ลูกจ้างเอกชน,ชาย,อ่างทอง,แรงงานในระบบ,คน
113,3562,2562,นายจ้าง,หญิง,อ่างทอง,แรงงานในระบบ,คน
1899,3563,2562,ประกอบธุรกิจส่วนตัว,หญิง,อ่างทอง,แรงงานในระบบ,คน
558,3564,2562,ช่วยธุรกิจครัวเรือน,หญิง,อ่างทอง,แรงงานในระบบ,คน
9677,3565,2562,ลูกจ้างรัฐบาล,หญิง,อ่างทอง,แรงงานในระบบ,คน
22348,3566,2562,ลูกจ้างเอกชน,หญิง,อ่างทอง,แรงงานในระบบ,คน
1558,3567,2562,นายจ้าง,ชาย,อ่างทอง,แรงงานนอกระบบ,คน
22374,3568,2562,ประกอบธุรกิจส่วนตัว,ชาย,อ่างทอง,แรงงานนอกระบบ,คน
10192,3569,2562,ช่วยธุรกิจครัวเรือน,ชาย,อ่างทอง,แรงงานนอกระบบ,คน
450,3570,2562,ลูกจ้างรัฐบาล,ชาย,อ่างทอง,แรงงานนอกระบบ,คน
6811,3571,2562,ลูกจ้างเอกชน,ชาย,อ่างทอง,แรงงานนอกระบบ,คน
871,3572,2562,นายจ้าง,หญิง,อ่างทอง,แรงงานนอกระบบ,คน
20280,3573,2562,ประกอบธุรกิจส่วนตัว,หญิง,อ่างทอง,แรงงานนอกระบบ,คน
8855,3574,2562,ช่วยธุรกิจครัวเรือน,หญิง,อ่างทอง,แรงงานนอกระบบ,คน
691,3575,2562,ลูกจ้างรัฐบาล,หญิง,อ่างทอง,แรงงานนอกระบบ,คน
2816,3576,2562,ลูกจ้างเอกชน,หญิง,อ่างทอง,แรงงานนอกระบบ,คน
1416,3577,2562,ประกอบธุรกิจส่วนตัว,ชาย,ลพบุรี,แรงงานในระบบ,คน
23737,3578,2562,ลูกจ้างรัฐบาล,ชาย,ลพบุรี,แรงงานในระบบ,คน
60493,3579,2562,ลูกจ้างเอกชน,ชาย,ลพบุรี,แรงงานในระบบ,คน
147,3580,2562,ประกอบธุรกิจส่วนตัว,หญิง,ลพบุรี,แรงงานในระบบ,คน
23600,3581,2562,ลูกจ้างรัฐบาล,หญิง,ลพบุรี,แรงงานในระบบ,คน
51709,3582,2562,ลูกจ้างเอกชน,หญิง,ลพบุรี,แรงงานในระบบ,คน
4554,3583,2562,นายจ้าง,ชาย,ลพบุรี,แรงงานนอกระบบ,คน
74614,3584,2562,ประกอบธุรกิจส่วนตัว,ชาย,ลพบุรี,แรงงานนอกระบบ,คน
36003,3585,2562,ช่วยธุรกิจครัวเรือน,ชาย,ลพบุรี,แรงงานนอกระบบ,คน
107,3586,2562,ลูกจ้างรัฐบาล,ชาย,ลพบุรี,แรงงานนอกระบบ,คน
35058,3587,2562,ลูกจ้างเอกชน,ชาย,ลพบุรี,แรงงานนอกระบบ,คน
980,3588,2562,นายจ้าง,หญิง,ลพบุรี,แรงงานนอกระบบ,คน
47836,3589,2562,ประกอบธุรกิจส่วนตัว,หญิง,ลพบุรี,แรงงานนอกระบบ,คน
53387,3590,2562,ช่วยธุรกิจครัวเรือน,หญิง,ลพบุรี,แรงงานนอกระบบ,คน
196,3591,2562,ลูกจ้างรัฐบาล,หญิง,ลพบุรี,แรงงานนอกระบบ,คน
18984,3592,2562,ลูกจ้างเอกชน,หญิง,ลพบุรี,แรงงานนอกระบบ,คน
219,3593,2562,นายจ้าง,ชาย,สิงห์บุรี,แรงงานในระบบ,คน
483,3594,2562,ประกอบธุรกิจส่วนตัว,ชาย,สิงห์บุรี,แรงงานในระบบ,คน
923,3595,2562,ช่วยธุรกิจครัวเรือน,ชาย,สิงห์บุรี,แรงงานในระบบ,คน
6484,3596,2562,ลูกจ้างรัฐบาล,ชาย,สิงห์บุรี,แรงงานในระบบ,คน
18606,3597,2562,ลูกจ้างเอกชน,ชาย,สิงห์บุรี,แรงงานในระบบ,คน
197,3598,2562,นายจ้าง,หญิง,สิงห์บุรี,แรงงานในระบบ,คน
1558,3599,2562,ประกอบธุรกิจส่วนตัว,หญิง,สิงห์บุรี,แรงงานในระบบ,คน
88,3600,2562,ช่วยธุรกิจครัวเรือน,หญิง,สิงห์บุรี,แรงงานในระบบ,คน
7451,3601,2562,ลูกจ้างรัฐบาล,หญิง,สิงห์บุรี,แรงงานในระบบ,คน
15296,3602,2562,ลูกจ้างเอกชน,หญิง,สิงห์บุรี,แรงงานในระบบ,คน
1838,3603,2562,นายจ้าง,ชาย,สิงห์บุรี,แรงงานนอกระบบ,คน
16331,3604,2562,ประกอบธุรกิจส่วนตัว,ชาย,สิงห์บุรี,แรงงานนอกระบบ,คน
8020,3605,2562,ช่วยธุรกิจครัวเรือน,ชาย,สิงห์บุรี,แรงงานนอกระบบ,คน
5389,3606,2562,ลูกจ้างเอกชน,ชาย,สิงห์บุรี,แรงงานนอกระบบ,คน
706,3607,2562,นายจ้าง,หญิง,สิงห์บุรี,แรงงานนอกระบบ,คน
15038,3608,2562,ประกอบธุรกิจส่วนตัว,หญิง,สิงห์บุรี,แรงงานนอกระบบ,คน
9050,3609,2562,ช่วยธุรกิจครัวเรือน,หญิง,สิงห์บุรี,แรงงานนอกระบบ,คน
93,3610,2562,ลูกจ้างรัฐบาล,หญิง,สิงห์บุรี,แรงงานนอกระบบ,คน
2806,3611,2562,ลูกจ้างเอกชน,หญิง,สิงห์บุรี,แรงงานนอกระบบ,คน
215,3612,2562,นายจ้าง,ชาย,ชัยนาท,แรงงานในระบบ,คน
2100,3613,2562,ประกอบธุรกิจส่วนตัว,ชาย,ชัยนาท,แรงงานในระบบ,คน
353,3614,2562,ช่วยธุรกิจครัวเรือน,ชาย,ชัยนาท,แรงงานในระบบ,คน
10896,3615,2562,ลูกจ้างรัฐบาล,ชาย,ชัยนาท,แรงงานในระบบ,คน
18640,3616,2562,ลูกจ้างเอกชน,ชาย,ชัยนาท,แรงงานในระบบ,คน
818,3617,2562,ประกอบธุรกิจส่วนตัว,หญิง,ชัยนาท,แรงงานในระบบ,คน
766,3618,2562,ช่วยธุรกิจครัวเรือน,หญิง,ชัยนาท,แรงงานในระบบ,คน
10788,3619,2562,ลูกจ้างรัฐบาล,หญิง,ชัยนาท,แรงงานในระบบ,คน
17674,3620,2562,ลูกจ้างเอกชน,หญิง,ชัยนาท,แรงงานในระบบ,คน
1893,3621,2562,นายจ้าง,ชาย,ชัยนาท,แรงงานนอกระบบ,คน
34799,3622,2562,ประกอบธุรกิจส่วนตัว,ชาย,ชัยนาท,แรงงานนอกระบบ,คน
11346,3623,2562,ช่วยธุรกิจครัวเรือน,ชาย,ชัยนาท,แรงงานนอกระบบ,คน
552,3624,2562,ลูกจ้างรัฐบาล,ชาย,ชัยนาท,แรงงานนอกระบบ,คน
9551,3625,2562,ลูกจ้างเอกชน,ชาย,ชัยนาท,แรงงานนอกระบบ,คน
809,3626,2562,นายจ้าง,หญิง,ชัยนาท,แรงงานนอกระบบ,คน
22990,3627,2562,ประกอบธุรกิจส่วนตัว,หญิง,ชัยนาท,แรงงานนอกระบบ,คน
16919,3628,2562,ช่วยธุรกิจครัวเรือน,หญิง,ชัยนาท,แรงงานนอกระบบ,คน
1345,3629,2562,ลูกจ้างรัฐบาล,หญิง,ชัยนาท,แรงงานนอกระบบ,คน
6846,3630,2562,ลูกจ้างเอกชน,หญิง,ชัยนาท,แรงงานนอกระบบ,คน
274,3631,2562,นายจ้าง,ชาย,สระบุรี,แรงงานในระบบ,คน
1694,3632,2562,ประกอบธุรกิจส่วนตัว,ชาย,สระบุรี,แรงงานในระบบ,คน
1888,3633,2562,ช่วยธุรกิจครัวเรือน,ชาย,สระบุรี,แรงงานในระบบ,คน
19993,3634,2562,ลูกจ้างรัฐบาล,ชาย,สระบุรี,แรงงานในระบบ,คน
124660,3635,2562,ลูกจ้างเอกชน,ชาย,สระบุรี,แรงงานในระบบ,คน
246,3636,2562,นายจ้าง,หญิง,สระบุรี,แรงงานในระบบ,คน
3706,3637,2562,ประกอบธุรกิจส่วนตัว,หญิง,สระบุรี,แรงงานในระบบ,คน
1916,3638,2562,ช่วยธุรกิจครัวเรือน,หญิง,สระบุรี,แรงงานในระบบ,คน
20437,3639,2562,ลูกจ้างรัฐบาล,หญิง,สระบุรี,แรงงานในระบบ,คน
75525,3640,2562,ลูกจ้างเอกชน,หญิง,สระบุรี,แรงงานในระบบ,คน
4214,3641,2562,นายจ้าง,ชาย,สระบุรี,แรงงานนอกระบบ,คน
34812,3642,2562,ประกอบธุรกิจส่วนตัว,ชาย,สระบุรี,แรงงานนอกระบบ,คน
16496,3643,2562,ช่วยธุรกิจครัวเรือน,ชาย,สระบุรี,แรงงานนอกระบบ,คน
1012,3644,2562,ลูกจ้างรัฐบาล,ชาย,สระบุรี,แรงงานนอกระบบ,คน
10645,3645,2562,ลูกจ้างเอกชน,ชาย,สระบุรี,แรงงานนอกระบบ,คน
2302,3646,2562,นายจ้าง,หญิง,สระบุรี,แรงงานนอกระบบ,คน
38970,3647,2562,ประกอบธุรกิจส่วนตัว,หญิง,สระบุรี,แรงงานนอกระบบ,คน
17243,3648,2562,ช่วยธุรกิจครัวเรือน,หญิง,สระบุรี,แรงงานนอกระบบ,คน
564,3649,2562,ลูกจ้างรัฐบาล,หญิง,สระบุรี,แรงงานนอกระบบ,คน
5074,3650,2562,ลูกจ้างเอกชน,หญิง,สระบุรี,แรงงานนอกระบบ,คน
300,3651,2562,นายจ้าง,ชาย,ชลบุรี,แรงงานในระบบ,คน
884,3652,2562,ประกอบธุรกิจส่วนตัว,ชาย,ชลบุรี,แรงงานในระบบ,คน
2449,3653,2562,ช่วยธุรกิจครัวเรือน,ชาย,ชลบุรี,แรงงานในระบบ,คน
24256,3654,2562,ลูกจ้างรัฐบาล,ชาย,ชลบุรี,แรงงานในระบบ,คน
377204,3655,2562,ลูกจ้างเอกชน,ชาย,ชลบุรี,แรงงานในระบบ,คน
7556,3656,2562,ประกอบธุรกิจส่วนตัว,หญิง,ชลบุรี,แรงงานในระบบ,คน
527,3657,2562,ช่วยธุรกิจครัวเรือน,หญิง,ชลบุรี,แรงงานในระบบ,คน
28734,3658,2562,ลูกจ้างรัฐบาล,หญิง,ชลบุรี,แรงงานในระบบ,คน
281426,3659,2562,ลูกจ้างเอกชน,หญิง,ชลบุรี,แรงงานในระบบ,คน
15738,3660,2562,นายจ้าง,ชาย,ชลบุรี,แรงงานนอกระบบ,คน
124008,3661,2562,ประกอบธุรกิจส่วนตัว,ชาย,ชลบุรี,แรงงานนอกระบบ,คน
21848,3662,2562,ช่วยธุรกิจครัวเรือน,ชาย,ชลบุรี,แรงงานนอกระบบ,คน
4763,3663,2562,ลูกจ้างเอกชน,ชาย,ชลบุรี,แรงงานนอกระบบ,คน
9506,3664,2562,นายจ้าง,หญิง,ชลบุรี,แรงงานนอกระบบ,คน
92180,3665,2562,ประกอบธุรกิจส่วนตัว,หญิง,ชลบุรี,แรงงานนอกระบบ,คน
45278,3666,2562,ช่วยธุรกิจครัวเรือน,หญิง,ชลบุรี,แรงงานนอกระบบ,คน
6266,3667,2562,ลูกจ้างเอกชน,หญิง,ชลบุรี,แรงงานนอกระบบ,คน
1398,3668,2562,นายจ้าง,ชาย,ระยอง,แรงงานในระบบ,คน
693,3669,2562,ประกอบธุรกิจส่วนตัว,ชาย,ระยอง,แรงงานในระบบ,คน
1096,3670,2562,ช่วยธุรกิจครัวเรือน,ชาย,ระยอง,แรงงานในระบบ,คน
13129,3671,2562,ลูกจ้างรัฐบาล,ชาย,ระยอง,แรงงานในระบบ,คน
184933,3672,2562,ลูกจ้างเอกชน,ชาย,ระยอง,แรงงานในระบบ,คน
2036,3673,2562,ประกอบธุรกิจส่วนตัว,หญิง,ระยอง,แรงงานในระบบ,คน
1284,3674,2562,ช่วยธุรกิจครัวเรือน,หญิง,ระยอง,แรงงานในระบบ,คน
15448,3675,2562,ลูกจ้างรัฐบาล,หญิง,ระยอง,แรงงานในระบบ,คน
123608,3676,2562,ลูกจ้างเอกชน,หญิง,ระยอง,แรงงานในระบบ,คน
10947,3677,2562,นายจ้าง,ชาย,ระยอง,แรงงานนอกระบบ,คน
74530,3678,2562,ประกอบธุรกิจส่วนตัว,ชาย,ระยอง,แรงงานนอกระบบ,คน
22696,3679,2562,ช่วยธุรกิจครัวเรือน,ชาย,ระยอง,แรงงานนอกระบบ,คน
15707,3680,2562,ลูกจ้างเอกชน,ชาย,ระยอง,แรงงานนอกระบบ,คน
4853,3681,2562,นายจ้าง,หญิง,ระยอง,แรงงานนอกระบบ,คน
51038,3682,2562,ประกอบธุรกิจส่วนตัว,หญิง,ระยอง,แรงงานนอกระบบ,คน
38863,3683,2562,ช่วยธุรกิจครัวเรือน,หญิง,ระยอง,แรงงานนอกระบบ,คน
7939,3684,2562,ลูกจ้างเอกชน,หญิง,ระยอง,แรงงานนอกระบบ,คน
714,3685,2562,นายจ้าง,ชาย,จันทบุรี,แรงงานในระบบ,คน
1728,3686,2562,ประกอบธุรกิจส่วนตัว,ชาย,จันทบุรี,แรงงานในระบบ,คน
1334,3687,2562,ช่วยธุรกิจครัวเรือน,ชาย,จันทบุรี,แรงงานในระบบ,คน
14605,3688,2562,ลูกจ้างรัฐบาล,ชาย,จันทบุรี,แรงงานในระบบ,คน
43120,3689,2562,ลูกจ้างเอกชน,ชาย,จันทบุรี,แรงงานในระบบ,คน
1480,3690,2562,ประกอบธุรกิจส่วนตัว,หญิง,จันทบุรี,แรงงานในระบบ,คน
1805,3691,2562,ช่วยธุรกิจครัวเรือน,หญิง,จันทบุรี,แรงงานในระบบ,คน
16464,3692,2562,ลูกจ้างรัฐบาล,หญิง,จันทบุรี,แรงงานในระบบ,คน
37103,3693,2562,ลูกจ้างเอกชน,หญิง,จันทบุรี,แรงงานในระบบ,คน
11282,3694,2562,นายจ้าง,ชาย,จันทบุรี,แรงงานนอกระบบ,คน
62635,3695,2562,ประกอบธุรกิจส่วนตัว,ชาย,จันทบุรี,แรงงานนอกระบบ,คน
36072,3696,2562,ช่วยธุรกิจครัวเรือน,ชาย,จันทบุรี,แรงงานนอกระบบ,คน
786,3697,2562,ลูกจ้างรัฐบาล,ชาย,จันทบุรี,แรงงานนอกระบบ,คน
10004,3698,2562,ลูกจ้างเอกชน,ชาย,จันทบุรี,แรงงานนอกระบบ,คน
7296,3699,2562,นายจ้าง,หญิง,จันทบุรี,แรงงานนอกระบบ,คน
43527,3700,2562,ประกอบธุรกิจส่วนตัว,หญิง,จันทบุรี,แรงงานนอกระบบ,คน
47877,3701,2562,ช่วยธุรกิจครัวเรือน,หญิง,จันทบุรี,แรงงานนอกระบบ,คน
1414,3702,2562,ลูกจ้างรัฐบาล,หญิง,จันทบุรี,แรงงานนอกระบบ,คน
5173,3703,2562,ลูกจ้างเอกชน,หญิง,จันทบุรี,แรงงานนอกระบบ,คน
164,3704,2562,นายจ้าง,ชาย,ตราด,แรงงานในระบบ,คน
1039,3705,2562,ประกอบธุรกิจส่วนตัว,ชาย,ตราด,แรงงานในระบบ,คน
634,3706,2562,ช่วยธุรกิจครัวเรือน,ชาย,ตราด,แรงงานในระบบ,คน
10550,3707,2562,ลูกจ้างรัฐบาล,ชาย,ตราด,แรงงานในระบบ,คน
31939,3708,2562,ลูกจ้างเอกชน,ชาย,ตราด,แรงงานในระบบ,คน
45,3709,2562,นายจ้าง,หญิง,ตราด,แรงงานในระบบ,คน
1076,3710,2562,ประกอบธุรกิจส่วนตัว,หญิง,ตราด,แรงงานในระบบ,คน
758,3711,2562,ช่วยธุรกิจครัวเรือน,หญิง,ตราด,แรงงานในระบบ,คน
10242,3712,2562,ลูกจ้างรัฐบาล,หญิง,ตราด,แรงงานในระบบ,คน
21429,3713,2562,ลูกจ้างเอกชน,หญิง,ตราด,แรงงานในระบบ,คน
5048,3714,2562,นายจ้าง,ชาย,ตราด,แรงงานนอกระบบ,คน
30269,3715,2562,ประกอบธุรกิจส่วนตัว,ชาย,ตราด,แรงงานนอกระบบ,คน
8739,3716,2562,ช่วยธุรกิจครัวเรือน,ชาย,ตราด,แรงงานนอกระบบ,คน
84,3717,2562,ลูกจ้างรัฐบาล,ชาย,ตราด,แรงงานนอกระบบ,คน
8512,3718,2562,ลูกจ้างเอกชน,ชาย,ตราด,แรงงานนอกระบบ,คน
504,3719,2562,นายจ้าง,หญิง,ตราด,แรงงานนอกระบบ,คน
15313,3720,2562,ประกอบธุรกิจส่วนตัว,หญิง,ตราด,แรงงานนอกระบบ,คน
17658,3721,2562,ช่วยธุรกิจครัวเรือน,หญิง,ตราด,แรงงานนอกระบบ,คน
685,3722,2562,ลูกจ้างรัฐบาล,หญิง,ตราด,แรงงานนอกระบบ,คน
4650,3723,2562,ลูกจ้างเอกชน,หญิง,ตราด,แรงงานนอกระบบ,คน
245,3724,2562,นายจ้าง,ชาย,ฉะเชิงเทรา,แรงงานในระบบ,คน
2221,3725,2562,ประกอบธุรกิจส่วนตัว,ชาย,ฉะเชิงเทรา,แรงงานในระบบ,คน
623,3726,2562,ช่วยธุรกิจครัวเรือน,ชาย,ฉะเชิงเทรา,แรงงานในระบบ,คน
16458,3727,2562,ลูกจ้างรัฐบาล,ชาย,ฉะเชิงเทรา,แรงงานในระบบ,คน
114982,3728,2562,ลูกจ้างเอกชน,ชาย,ฉะเชิงเทรา,แรงงานในระบบ,คน
540,3729,2562,นายจ้าง,หญิง,ฉะเชิงเทรา,แรงงานในระบบ,คน
2331,3730,2562,ประกอบธุรกิจส่วนตัว,หญิง,ฉะเชิงเทรา,แรงงานในระบบ,คน
1034,3731,2562,ช่วยธุรกิจครัวเรือน,หญิง,ฉะเชิงเทรา,แรงงานในระบบ,คน
16934,3732,2562,ลูกจ้างรัฐบาล,หญิง,ฉะเชิงเทรา,แรงงานในระบบ,คน
87646,3733,2562,ลูกจ้างเอกชน,หญิง,ฉะเชิงเทรา,แรงงานในระบบ,คน
8203,3734,2562,นายจ้าง,ชาย,ฉะเชิงเทรา,แรงงานนอกระบบ,คน
66263,3735,2562,ประกอบธุรกิจส่วนตัว,ชาย,ฉะเชิงเทรา,แรงงานนอกระบบ,คน
16854,3736,2562,ช่วยธุรกิจครัวเรือน,ชาย,ฉะเชิงเทรา,แรงงานนอกระบบ,คน
16994,3737,2562,ลูกจ้างเอกชน,ชาย,ฉะเชิงเทรา,แรงงานนอกระบบ,คน
858,3738,2562,การรวมกลุ่ม,ชาย,ฉะเชิงเทรา,แรงงานนอกระบบ,คน
724,3739,2562,นายจ้าง,หญิง,ฉะเชิงเทรา,แรงงานนอกระบบ,คน
42607,3740,2562,ประกอบธุรกิจส่วนตัว,หญิง,ฉะเชิงเทรา,แรงงานนอกระบบ,คน
23106,3741,2562,ช่วยธุรกิจครัวเรือน,หญิง,ฉะเชิงเทรา,แรงงานนอกระบบ,คน
3530,3742,2562,ลูกจ้างเอกชน,หญิง,ฉะเชิงเทรา,แรงงานนอกระบบ,คน
564,3743,2562,การรวมกลุ่ม,หญิง,ฉะเชิงเทรา,แรงงานนอกระบบ,คน
1491,3744,2562,นายจ้าง,ชาย,ปราจีนบุรี,แรงงานในระบบ,คน
200,3745,2562,ประกอบธุรกิจส่วนตัว,ชาย,ปราจีนบุรี,แรงงานในระบบ,คน
182,3746,2562,ช่วยธุรกิจครัวเรือน,ชาย,ปราจีนบุรี,แรงงานในระบบ,คน
12370,3747,2562,ลูกจ้างรัฐบาล,ชาย,ปราจีนบุรี,แรงงานในระบบ,คน
99514,3748,2562,ลูกจ้างเอกชน,ชาย,ปราจีนบุรี,แรงงานในระบบ,คน
584,3749,2562,นายจ้าง,หญิง,ปราจีนบุรี,แรงงานในระบบ,คน
1271,3750,2562,ประกอบธุรกิจส่วนตัว,หญิง,ปราจีนบุรี,แรงงานในระบบ,คน
82,3751,2562,ช่วยธุรกิจครัวเรือน,หญิง,ปราจีนบุรี,แรงงานในระบบ,คน
14484,3752,2562,ลูกจ้างรัฐบาล,หญิง,ปราจีนบุรี,แรงงานในระบบ,คน
88935,3753,2562,ลูกจ้างเอกชน,หญิง,ปราจีนบุรี,แรงงานในระบบ,คน
18937,3754,2562,นายจ้าง,ชาย,ปราจีนบุรี,แรงงานนอกระบบ,คน
39005,3755,2562,ประกอบธุรกิจส่วนตัว,ชาย,ปราจีนบุรี,แรงงานนอกระบบ,คน
8026,3756,2562,ช่วยธุรกิจครัวเรือน,ชาย,ปราจีนบุรี,แรงงานนอกระบบ,คน
699,3757,2562,ลูกจ้างรัฐบาล,ชาย,ปราจีนบุรี,แรงงานนอกระบบ,คน
11377,3758,2562,ลูกจ้างเอกชน,ชาย,ปราจีนบุรี,แรงงานนอกระบบ,คน
7268,3759,2562,นายจ้าง,หญิง,ปราจีนบุรี,แรงงานนอกระบบ,คน
33724,3760,2562,ประกอบธุรกิจส่วนตัว,หญิง,ปราจีนบุรี,แรงงานนอกระบบ,คน
17298,3761,2562,ช่วยธุรกิจครัวเรือน,หญิง,ปราจีนบุรี,แรงงานนอกระบบ,คน
61,3762,2562,ลูกจ้างรัฐบาล,หญิง,ปราจีนบุรี,แรงงานนอกระบบ,คน
7136,3763,2562,ลูกจ้างเอกชน,หญิง,ปราจีนบุรี,แรงงานนอกระบบ,คน
571,3764,2562,นายจ้าง,ชาย,นครนายก,แรงงานในระบบ,คน
130,3765,2562,ประกอบธุรกิจส่วนตัว,ชาย,นครนายก,แรงงานในระบบ,คน
67,3766,2562,ช่วยธุรกิจครัวเรือน,ชาย,นครนายก,แรงงานในระบบ,คน
8150,3767,2562,ลูกจ้างรัฐบาล,ชาย,นครนายก,แรงงานในระบบ,คน
22213,3768,2562,ลูกจ้างเอกชน,ชาย,นครนายก,แรงงานในระบบ,คน
71,3769,2562,นายจ้าง,หญิง,นครนายก,แรงงานในระบบ,คน
361,3770,2562,ประกอบธุรกิจส่วนตัว,หญิง,นครนายก,แรงงานในระบบ,คน
436,3771,2562,ช่วยธุรกิจครัวเรือน,หญิง,นครนายก,แรงงานในระบบ,คน
9129,3772,2562,ลูกจ้างรัฐบาล,หญิง,นครนายก,แรงงานในระบบ,คน
23753,3773,2562,ลูกจ้างเอกชน,หญิง,นครนายก,แรงงานในระบบ,คน
2277,3774,2562,นายจ้าง,ชาย,นครนายก,แรงงานนอกระบบ,คน
26206,3775,2562,ประกอบธุรกิจส่วนตัว,ชาย,นครนายก,แรงงานนอกระบบ,คน
10865,3776,2562,ช่วยธุรกิจครัวเรือน,ชาย,นครนายก,แรงงานนอกระบบ,คน
388,3777,2562,ลูกจ้างรัฐบาล,ชาย,นครนายก,แรงงานนอกระบบ,คน
14139,3778,2562,ลูกจ้างเอกชน,ชาย,นครนายก,แรงงานนอกระบบ,คน
448,3779,2562,นายจ้าง,หญิง,นครนายก,แรงงานนอกระบบ,คน
17214,3780,2562,ประกอบธุรกิจส่วนตัว,หญิง,นครนายก,แรงงานนอกระบบ,คน
8177,3781,2562,ช่วยธุรกิจครัวเรือน,หญิง,นครนายก,แรงงานนอกระบบ,คน
175,3782,2562,ลูกจ้างรัฐบาล,หญิง,นครนายก,แรงงานนอกระบบ,คน
6397,3783,2562,ลูกจ้างเอกชน,หญิง,นครนายก,แรงงานนอกระบบ,คน
130,3784,2562,การรวมกลุ่ม,หญิง,นครนายก,แรงงานนอกระบบ,คน
1005,3785,2562,นายจ้าง,ชาย,สระแก้ว,แรงงานในระบบ,คน
5074,3786,2562,ประกอบธุรกิจส่วนตัว,ชาย,สระแก้ว,แรงงานในระบบ,คน
1934,3787,2562,ช่วยธุรกิจครัวเรือน,ชาย,สระแก้ว,แรงงานในระบบ,คน
15878,3788,2562,ลูกจ้างรัฐบาล,ชาย,สระแก้ว,แรงงานในระบบ,คน
32208,3789,2562,ลูกจ้างเอกชน,ชาย,สระแก้ว,แรงงานในระบบ,คน
4762,3790,2562,ประกอบธุรกิจส่วนตัว,หญิง,สระแก้ว,แรงงานในระบบ,คน
2393,3791,2562,ช่วยธุรกิจครัวเรือน,หญิง,สระแก้ว,แรงงานในระบบ,คน
15842,3792,2562,ลูกจ้างรัฐบาล,หญิง,สระแก้ว,แรงงานในระบบ,คน
16121,3793,2562,ลูกจ้างเอกชน,หญิง,สระแก้ว,แรงงานในระบบ,คน
5000,3794,2562,นายจ้าง,ชาย,สระแก้ว,แรงงานนอกระบบ,คน
67505,3795,2562,ประกอบธุรกิจส่วนตัว,ชาย,สระแก้ว,แรงงานนอกระบบ,คน
27481,3796,2562,ช่วยธุรกิจครัวเรือน,ชาย,สระแก้ว,แรงงานนอกระบบ,คน
2637,3797,2562,ลูกจ้างรัฐบาล,ชาย,สระแก้ว,แรงงานนอกระบบ,คน
13635,3798,2562,ลูกจ้างเอกชน,ชาย,สระแก้ว,แรงงานนอกระบบ,คน
885,3799,2562,นายจ้าง,หญิง,สระแก้ว,แรงงานนอกระบบ,คน
44372,3800,2562,ประกอบธุรกิจส่วนตัว,หญิง,สระแก้ว,แรงงานนอกระบบ,คน
35572,3801,2562,ช่วยธุรกิจครัวเรือน,หญิง,สระแก้ว,แรงงานนอกระบบ,คน
1534,3802,2562,ลูกจ้างรัฐบาล,หญิง,สระแก้ว,แรงงานนอกระบบ,คน
6759,3803,2562,ลูกจ้างเอกชน,หญิง,สระแก้ว,แรงงานนอกระบบ,คน
404,3804,2562,นายจ้าง,ชาย,ราชบุรี,แรงงานในระบบ,คน
2963,3805,2562,ประกอบธุรกิจส่วนตัว,ชาย,ราชบุรี,แรงงานในระบบ,คน
2341,3806,2562,ช่วยธุรกิจครัวเรือน,ชาย,ราชบุรี,แรงงานในระบบ,คน
16445,3807,2562,ลูกจ้างรัฐบาล,ชาย,ราชบุรี,แรงงานในระบบ,คน
101362,3808,2562,ลูกจ้างเอกชน,ชาย,ราชบุรี,แรงงานในระบบ,คน
815,3809,2562,นายจ้าง,หญิง,ราชบุรี,แรงงานในระบบ,คน
5489,3810,2562,ประกอบธุรกิจส่วนตัว,หญิง,ราชบุรี,แรงงานในระบบ,คน
712,3811,2562,ช่วยธุรกิจครัวเรือน,หญิง,ราชบุรี,แรงงานในระบบ,คน
18719,3812,2562,ลูกจ้างรัฐบาล,หญิง,ราชบุรี,แรงงานในระบบ,คน
79794,3813,2562,ลูกจ้างเอกชน,หญิง,ราชบุรี,แรงงานในระบบ,คน
10100,3814,2562,นายจ้าง,ชาย,ราชบุรี,แรงงานนอกระบบ,คน
60263,3815,2562,ประกอบธุรกิจส่วนตัว,ชาย,ราชบุรี,แรงงานนอกระบบ,คน
25646,3816,2562,ช่วยธุรกิจครัวเรือน,ชาย,ราชบุรี,แรงงานนอกระบบ,คน
767,3817,2562,ลูกจ้างรัฐบาล,ชาย,ราชบุรี,แรงงานนอกระบบ,คน
17056,3818,2562,ลูกจ้างเอกชน,ชาย,ราชบุรี,แรงงานนอกระบบ,คน
3363,3819,2562,นายจ้าง,หญิง,ราชบุรี,แรงงานนอกระบบ,คน
58652,3820,2562,ประกอบธุรกิจส่วนตัว,หญิง,ราชบุรี,แรงงานนอกระบบ,คน
36982,3821,2562,ช่วยธุรกิจครัวเรือน,หญิง,ราชบุรี,แรงงานนอกระบบ,คน
950,3822,2562,ลูกจ้างรัฐบาล,หญิง,ราชบุรี,แรงงานนอกระบบ,คน
6322,3823,2562,ลูกจ้างเอกชน,หญิง,ราชบุรี,แรงงานนอกระบบ,คน
183,3824,2562,นายจ้าง,ชาย,กาญจนบุรี,แรงงานในระบบ,คน
2115,3825,2562,ประกอบธุรกิจส่วนตัว,ชาย,กาญจนบุรี,แรงงานในระบบ,คน
17961,3826,2562,ลูกจ้างรัฐบาล,ชาย,กาญจนบุรี,แรงงานในระบบ,คน
75954,3827,2562,ลูกจ้างเอกชน,ชาย,กาญจนบุรี,แรงงานในระบบ,คน
578,3828,2562,ประกอบธุรกิจส่วนตัว,หญิง,กาญจนบุรี,แรงงานในระบบ,คน
1235,3829,2562,ช่วยธุรกิจครัวเรือน,หญิง,กาญจนบุรี,แรงงานในระบบ,คน
18405,3830,2562,ลูกจ้างรัฐบาล,หญิง,กาญจนบุรี,แรงงานในระบบ,คน
52371,3831,2562,ลูกจ้างเอกชน,หญิง,กาญจนบุรี,แรงงานในระบบ,คน
9197,3832,2562,นายจ้าง,ชาย,กาญจนบุรี,แรงงานนอกระบบ,คน
76023,3833,2562,ประกอบธุรกิจส่วนตัว,ชาย,กาญจนบุรี,แรงงานนอกระบบ,คน
42265,3834,2562,ช่วยธุรกิจครัวเรือน,ชาย,กาญจนบุรี,แรงงานนอกระบบ,คน
335,3835,2562,ลูกจ้างรัฐบาล,ชาย,กาญจนบุรี,แรงงานนอกระบบ,คน
27950,3836,2562,ลูกจ้างเอกชน,ชาย,กาญจนบุรี,แรงงานนอกระบบ,คน
3070,3837,2562,นายจ้าง,หญิง,กาญจนบุรี,แรงงานนอกระบบ,คน
59446,3838,2562,ประกอบธุรกิจส่วนตัว,หญิง,กาญจนบุรี,แรงงานนอกระบบ,คน
49899,3839,2562,ช่วยธุรกิจครัวเรือน,หญิง,กาญจนบุรี,แรงงานนอกระบบ,คน
317,3840,2562,ลูกจ้างรัฐบาล,หญิง,กาญจนบุรี,แรงงานนอกระบบ,คน
21808,3841,2562,ลูกจ้างเอกชน,หญิง,กาญจนบุรี,แรงงานนอกระบบ,คน
653,3842,2562,การรวมกลุ่ม,หญิง,กาญจนบุรี,แรงงานนอกระบบ,คน
1201,3843,2562,ประกอบธุรกิจส่วนตัว,ชาย,สุพรรณบุรี,แรงงานในระบบ,คน
868,3844,2562,ช่วยธุรกิจครัวเรือน,ชาย,สุพรรณบุรี,แรงงานในระบบ,คน
17816,3845,2562,ลูกจ้างรัฐบาล,ชาย,สุพรรณบุรี,แรงงานในระบบ,คน
40520,3846,2562,ลูกจ้างเอกชน,ชาย,สุพรรณบุรี,แรงงานในระบบ,คน
494,3847,2562,ประกอบธุรกิจส่วนตัว,หญิง,สุพรรณบุรี,แรงงานในระบบ,คน
167,3848,2562,ช่วยธุรกิจครัวเรือน,หญิง,สุพรรณบุรี,แรงงานในระบบ,คน
23783,3849,2562,ลูกจ้างรัฐบาล,หญิง,สุพรรณบุรี,แรงงานในระบบ,คน
36087,3850,2562,ลูกจ้างเอกชน,หญิง,สุพรรณบุรี,แรงงานในระบบ,คน
2432,3851,2562,นายจ้าง,ชาย,สุพรรณบุรี,แรงงานนอกระบบ,คน
107498,3852,2562,ประกอบธุรกิจส่วนตัว,ชาย,สุพรรณบุรี,แรงงานนอกระบบ,คน
51008,3853,2562,ช่วยธุรกิจครัวเรือน,ชาย,สุพรรณบุรี,แรงงานนอกระบบ,คน
36865,3854,2562,ลูกจ้างเอกชน,ชาย,สุพรรณบุรี,แรงงานนอกระบบ,คน
643,3855,2562,นายจ้าง,หญิง,สุพรรณบุรี,แรงงานนอกระบบ,คน
64872,3856,2562,ประกอบธุรกิจส่วนตัว,หญิง,สุพรรณบุรี,แรงงานนอกระบบ,คน
58598,3857,2562,ช่วยธุรกิจครัวเรือน,หญิง,สุพรรณบุรี,แรงงานนอกระบบ,คน
577,3858,2562,ลูกจ้างรัฐบาล,หญิง,สุพรรณบุรี,แรงงานนอกระบบ,คน
16524,3859,2562,ลูกจ้างเอกชน,หญิง,สุพรรณบุรี,แรงงานนอกระบบ,คน
245,3860,2562,การรวมกลุ่ม,หญิง,สุพรรณบุรี,แรงงานนอกระบบ,คน
753,3861,2562,นายจ้าง,ชาย,นครปฐม,แรงงานในระบบ,คน
2291,3862,2562,ประกอบธุรกิจส่วนตัว,ชาย,นครปฐม,แรงงานในระบบ,คน
517,3863,2562,ช่วยธุรกิจครัวเรือน,ชาย,นครปฐม,แรงงานในระบบ,คน
22387,3864,2562,ลูกจ้างรัฐบาล,ชาย,นครปฐม,แรงงานในระบบ,คน
187886,3865,2562,ลูกจ้างเอกชน,ชาย,นครปฐม,แรงงานในระบบ,คน
2082,3866,2562,ประกอบธุรกิจส่วนตัว,หญิง,นครปฐม,แรงงานในระบบ,คน
2535,3867,2562,ช่วยธุรกิจครัวเรือน,หญิง,นครปฐม,แรงงานในระบบ,คน
23474,3868,2562,ลูกจ้างรัฐบาล,หญิง,นครปฐม,แรงงานในระบบ,คน
166268,3869,2562,ลูกจ้างเอกชน,หญิง,นครปฐม,แรงงานในระบบ,คน
6863,3870,2562,นายจ้าง,ชาย,นครปฐม,แรงงานนอกระบบ,คน
87213,3871,2562,ประกอบธุรกิจส่วนตัว,ชาย,นครปฐม,แรงงานนอกระบบ,คน
36945,3872,2562,ช่วยธุรกิจครัวเรือน,ชาย,นครปฐม,แรงงานนอกระบบ,คน
9376,3873,2562,ลูกจ้างเอกชน,ชาย,นครปฐม,แรงงานนอกระบบ,คน
1291,3874,2562,นายจ้าง,หญิง,นครปฐม,แรงงานนอกระบบ,คน
70308,3875,2562,ประกอบธุรกิจส่วนตัว,หญิง,นครปฐม,แรงงานนอกระบบ,คน
46753,3876,2562,ช่วยธุรกิจครัวเรือน,หญิง,นครปฐม,แรงงานนอกระบบ,คน
5643,3877,2562,ลูกจ้างเอกชน,หญิง,นครปฐม,แรงงานนอกระบบ,คน
1618,3878,2562,นายจ้าง,ชาย,สมุทรสาคร,แรงงานในระบบ,คน
1763,3879,2562,ประกอบธุรกิจส่วนตัว,ชาย,สมุทรสาคร,แรงงานในระบบ,คน
1039,3880,2562,ช่วยธุรกิจครัวเรือน,ชาย,สมุทรสาคร,แรงงานในระบบ,คน
8777,3881,2562,ลูกจ้างรัฐบาล,ชาย,สมุทรสาคร,แรงงานในระบบ,คน
252437,3882,2562,ลูกจ้างเอกชน,ชาย,สมุทรสาคร,แรงงานในระบบ,คน
3074,3883,2562,ประกอบธุรกิจส่วนตัว,หญิง,สมุทรสาคร,แรงงานในระบบ,คน
4981,3884,2562,ช่วยธุรกิจครัวเรือน,หญิง,สมุทรสาคร,แรงงานในระบบ,คน
18408,3885,2562,ลูกจ้างรัฐบาล,หญิง,สมุทรสาคร,แรงงานในระบบ,คน
222669,3886,2562,ลูกจ้างเอกชน,หญิง,สมุทรสาคร,แรงงานในระบบ,คน
8097,3887,2562,นายจ้าง,ชาย,สมุทรสาคร,แรงงานนอกระบบ,คน
57305,3888,2562,ประกอบธุรกิจส่วนตัว,ชาย,สมุทรสาคร,แรงงานนอกระบบ,คน
32646,3889,2562,ช่วยธุรกิจครัวเรือน,ชาย,สมุทรสาคร,แรงงานนอกระบบ,คน
4761,3890,2562,ลูกจ้างเอกชน,ชาย,สมุทรสาคร,แรงงานนอกระบบ,คน
1727,3891,2562,นายจ้าง,หญิง,สมุทรสาคร,แรงงานนอกระบบ,คน
39440,3892,2562,ประกอบธุรกิจส่วนตัว,หญิง,สมุทรสาคร,แรงงานนอกระบบ,คน
37367,3893,2562,ช่วยธุรกิจครัวเรือน,หญิง,สมุทรสาคร,แรงงานนอกระบบ,คน
242,3894,2562,ลูกจ้างรัฐบาล,หญิง,สมุทรสาคร,แรงงานนอกระบบ,คน
6641,3895,2562,ลูกจ้างเอกชน,หญิง,สมุทรสาคร,แรงงานนอกระบบ,คน
317,3896,2562,นายจ้าง,ชาย,สมุทรสงคราม,แรงงานในระบบ,คน
407,3897,2562,ประกอบธุรกิจส่วนตัว,ชาย,สมุทรสงคราม,แรงงานในระบบ,คน
430,3898,2562,ช่วยธุรกิจครัวเรือน,ชาย,สมุทรสงคราม,แรงงานในระบบ,คน
4055,3899,2562,ลูกจ้างรัฐบาล,ชาย,สมุทรสงคราม,แรงงานในระบบ,คน
21282,3900,2562,ลูกจ้างเอกชน,ชาย,สมุทรสงคราม,แรงงานในระบบ,คน
124,3901,2562,นายจ้าง,หญิง,สมุทรสงคราม,แรงงานในระบบ,คน
503,3902,2562,ประกอบธุรกิจส่วนตัว,หญิง,สมุทรสงคราม,แรงงานในระบบ,คน
520,3903,2562,ช่วยธุรกิจครัวเรือน,หญิง,สมุทรสงคราม,แรงงานในระบบ,คน
6141,3904,2562,ลูกจ้างรัฐบาล,หญิง,สมุทรสงคราม,แรงงานในระบบ,คน
15738,3905,2562,ลูกจ้างเอกชน,หญิง,สมุทรสงคราม,แรงงานในระบบ,คน
2978,3906,2562,นายจ้าง,ชาย,สมุทรสงคราม,แรงงานนอกระบบ,คน
16223,3907,2562,ประกอบธุรกิจส่วนตัว,ชาย,สมุทรสงคราม,แรงงานนอกระบบ,คน
6901,3908,2562,ช่วยธุรกิจครัวเรือน,ชาย,สมุทรสงคราม,แรงงานนอกระบบ,คน
98,3909,2562,ลูกจ้างรัฐบาล,ชาย,สมุทรสงคราม,แรงงานนอกระบบ,คน
6451,3910,2562,ลูกจ้างเอกชน,ชาย,สมุทรสงคราม,แรงงานนอกระบบ,คน
31,3911,2562,การรวมกลุ่ม,ชาย,สมุทรสงคราม,แรงงานนอกระบบ,คน
1087,3912,2562,นายจ้าง,หญิง,สมุทรสงคราม,แรงงานนอกระบบ,คน
12563,3913,2562,ประกอบธุรกิจส่วนตัว,หญิง,สมุทรสงคราม,แรงงานนอกระบบ,คน
8550,3914,2562,ช่วยธุรกิจครัวเรือน,หญิง,สมุทรสงคราม,แรงงานนอกระบบ,คน
208,3915,2562,ลูกจ้างรัฐบาล,หญิง,สมุทรสงคราม,แรงงานนอกระบบ,คน
3333,3916,2562,ลูกจ้างเอกชน,หญิง,สมุทรสงคราม,แรงงานนอกระบบ,คน
30,3917,2562,การรวมกลุ่ม,หญิง,สมุทรสงคราม,แรงงานนอกระบบ,คน
250,3918,2562,นายจ้าง,ชาย,เพชรบุรี,แรงงานในระบบ,คน
571,3919,2562,ประกอบธุรกิจส่วนตัว,ชาย,เพชรบุรี,แรงงานในระบบ,คน
545,3920,2562,ช่วยธุรกิจครัวเรือน,ชาย,เพชรบุรี,แรงงานในระบบ,คน
14657,3921,2562,ลูกจ้างรัฐบาล,ชาย,เพชรบุรี,แรงงานในระบบ,คน
53734,3922,2562,ลูกจ้างเอกชน,ชาย,เพชรบุรี,แรงงานในระบบ,คน
212,3923,2562,การรวมกลุ่ม,ชาย,เพชรบุรี,แรงงานในระบบ,คน
1288,3924,2562,ประกอบธุรกิจส่วนตัว,หญิง,เพชรบุรี,แรงงานในระบบ,คน
1111,3925,2562,ช่วยธุรกิจครัวเรือน,หญิง,เพชรบุรี,แรงงานในระบบ,คน
14049,3926,2562,ลูกจ้างรัฐบาล,หญิง,เพชรบุรี,แรงงานในระบบ,คน
43369,3927,2562,ลูกจ้างเอกชน,หญิง,เพชรบุรี,แรงงานในระบบ,คน
4751,3928,2562,นายจ้าง,ชาย,เพชรบุรี,แรงงานนอกระบบ,คน
44659,3929,2562,ประกอบธุรกิจส่วนตัว,ชาย,เพชรบุรี,แรงงานนอกระบบ,คน
17893,3930,2562,ช่วยธุรกิจครัวเรือน,ชาย,เพชรบุรี,แรงงานนอกระบบ,คน
671,3931,2562,ลูกจ้างรัฐบาล,ชาย,เพชรบุรี,แรงงานนอกระบบ,คน
6079,3932,2562,ลูกจ้างเอกชน,ชาย,เพชรบุรี,แรงงานนอกระบบ,คน
1968,3933,2562,นายจ้าง,หญิง,เพชรบุรี,แรงงานนอกระบบ,คน
34803,3934,2562,ประกอบธุรกิจส่วนตัว,หญิง,เพชรบุรี,แรงงานนอกระบบ,คน
20674,3935,2562,ช่วยธุรกิจครัวเรือน,หญิง,เพชรบุรี,แรงงานนอกระบบ,คน
1491,3936,2562,ลูกจ้างรัฐบาล,หญิง,เพชรบุรี,แรงงานนอกระบบ,คน
5608,3937,2562,ลูกจ้างเอกชน,หญิง,เพชรบุรี,แรงงานนอกระบบ,คน
124,3938,2562,นายจ้าง,ชาย,ประจวบคีรีขันธ์,แรงงานในระบบ,คน
1052,3939,2562,ประกอบธุรกิจส่วนตัว,ชาย,ประจวบคีรีขันธ์,แรงงานในระบบ,คน
384,3940,2562,ช่วยธุรกิจครัวเรือน,ชาย,ประจวบคีรีขันธ์,แรงงานในระบบ,คน
10039,3941,2562,ลูกจ้างรัฐบาล,ชาย,ประจวบคีรีขันธ์,แรงงานในระบบ,คน
59307,3942,2562,ลูกจ้างเอกชน,ชาย,ประจวบคีรีขันธ์,แรงงานในระบบ,คน
252,3943,2562,นายจ้าง,หญิง,ประจวบคีรีขันธ์,แรงงานในระบบ,คน
845,3944,2562,ประกอบธุรกิจส่วนตัว,หญิง,ประจวบคีรีขันธ์,แรงงานในระบบ,คน
337,3945,2562,ช่วยธุรกิจครัวเรือน,หญิง,ประจวบคีรีขันธ์,แรงงานในระบบ,คน
9568,3946,2562,ลูกจ้างรัฐบาล,หญิง,ประจวบคีรีขันธ์,แรงงานในระบบ,คน
40867,3947,2562,ลูกจ้างเอกชน,หญิง,ประจวบคีรีขันธ์,แรงงานในระบบ,คน
245,3948,2562,การรวมกลุ่ม,หญิง,ประจวบคีรีขันธ์,แรงงานในระบบ,คน
4919,3949,2562,นายจ้าง,ชาย,ประจวบคีรีขันธ์,แรงงานนอกระบบ,คน
45052,3950,2562,ประกอบธุรกิจส่วนตัว,ชาย,ประจวบคีรีขันธ์,แรงงานนอกระบบ,คน
18153,3951,2562,ช่วยธุรกิจครัวเรือน,ชาย,ประจวบคีรีขันธ์,แรงงานนอกระบบ,คน
533,3952,2562,ลูกจ้างรัฐบาล,ชาย,ประจวบคีรีขันธ์,แรงงานนอกระบบ,คน
7783,3953,2562,ลูกจ้างเอกชน,ชาย,ประจวบคีรีขันธ์,แรงงานนอกระบบ,คน
2942,3954,2562,นายจ้าง,หญิง,ประจวบคีรีขันธ์,แรงงานนอกระบบ,คน
28787,3955,2562,ประกอบธุรกิจส่วนตัว,หญิง,ประจวบคีรีขันธ์,แรงงานนอกระบบ,คน
20303,3956,2562,ช่วยธุรกิจครัวเรือน,หญิง,ประจวบคีรีขันธ์,แรงงานนอกระบบ,คน
1363,3957,2562,ลูกจ้างรัฐบาล,หญิง,ประจวบคีรีขันธ์,แรงงานนอกระบบ,คน
4429,3958,2562,ลูกจ้างเอกชน,หญิง,ประจวบคีรีขันธ์,แรงงานนอกระบบ,คน
85,3959,2562,การรวมกลุ่ม,หญิง,ประจวบคีรีขันธ์,แรงงานนอกระบบ,คน
10562,3960,2563,นายจ้าง,ชาย,สมุทรปราการ,แรงงานในระบบ,คน
57607,3961,2563,ประกอบธุรกิจส่วนตัว,ชาย,สมุทรปราการ,แรงงานในระบบ,คน
6743,3962,2563,ช่วยธุรกิจครัวเรือน,ชาย,สมุทรปราการ,แรงงานในระบบ,คน
31991,3963,2563,ลูกจ้างรัฐบาล,ชาย,สมุทรปราการ,แรงงานในระบบ,คน
475710,3964,2563,ลูกจ้างเอกชน,ชาย,สมุทรปราการ,แรงงานในระบบ,คน
4279,3965,2563,นายจ้าง,หญิง,สมุทรปราการ,แรงงานในระบบ,คน
38153,3966,2563,ประกอบธุรกิจส่วนตัว,หญิง,สมุทรปราการ,แรงงานในระบบ,คน
11760,3967,2563,ช่วยธุรกิจครัวเรือน,หญิง,สมุทรปราการ,แรงงานในระบบ,คน
31780,3968,2563,ลูกจ้างรัฐบาล,หญิง,สมุทรปราการ,แรงงานในระบบ,คน
448025,3969,2563,ลูกจ้างเอกชน,หญิง,สมุทรปราการ,แรงงานในระบบ,คน
10168,3970,2563,นายจ้าง,ชาย,สมุทรปราการ,แรงงานนอกระบบ,คน
99978,3971,2563,ประกอบธุรกิจส่วนตัว,ชาย,สมุทรปราการ,แรงงานนอกระบบ,คน
13869,3972,2563,ช่วยธุรกิจครัวเรือน,ชาย,สมุทรปราการ,แรงงานนอกระบบ,คน
3874,3973,2563,ลูกจ้างเอกชน,ชาย,สมุทรปราการ,แรงงานนอกระบบ,คน
719,3974,2563,นายจ้าง,หญิง,สมุทรปราการ,แรงงานนอกระบบ,คน
74698,3975,2563,ประกอบธุรกิจส่วนตัว,หญิง,สมุทรปราการ,แรงงานนอกระบบ,คน
27957,3976,2563,ช่วยธุรกิจครัวเรือน,หญิง,สมุทรปราการ,แรงงานนอกระบบ,คน
2136,3977,2563,ลูกจ้างเอกชน,หญิง,สมุทรปราการ,แรงงานนอกระบบ,คน
11000,3978,2563,นายจ้าง,ชาย,นนทบุรี,แรงงานในระบบ,คน
9699,3979,2563,ประกอบธุรกิจส่วนตัว,ชาย,นนทบุรี,แรงงานในระบบ,คน
1701,3980,2563,ช่วยธุรกิจครัวเรือน,ชาย,นนทบุรี,แรงงานในระบบ,คน
57196,3981,2563,ลูกจ้างรัฐบาล,ชาย,นนทบุรี,แรงงานในระบบ,คน
264904,3982,2563,ลูกจ้างเอกชน,ชาย,นนทบุรี,แรงงานในระบบ,คน
3729,3983,2563,นายจ้าง,หญิง,นนทบุรี,แรงงานในระบบ,คน
7635,3984,2563,ประกอบธุรกิจส่วนตัว,หญิง,นนทบุรี,แรงงานในระบบ,คน
2501,3985,2563,ช่วยธุรกิจครัวเรือน,หญิง,นนทบุรี,แรงงานในระบบ,คน
79796,3986,2563,ลูกจ้างรัฐบาล,หญิง,นนทบุรี,แรงงานในระบบ,คน
242700,3987,2563,ลูกจ้างเอกชน,หญิง,นนทบุรี,แรงงานในระบบ,คน
21225,3988,2563,นายจ้าง,ชาย,นนทบุรี,แรงงานนอกระบบ,คน
112140,3989,2563,ประกอบธุรกิจส่วนตัว,ชาย,นนทบุรี,แรงงานนอกระบบ,คน
14725,3990,2563,ช่วยธุรกิจครัวเรือน,ชาย,นนทบุรี,แรงงานนอกระบบ,คน
7140,3991,2563,ลูกจ้างเอกชน,ชาย,นนทบุรี,แรงงานนอกระบบ,คน
8964,3992,2563,นายจ้าง,หญิง,นนทบุรี,แรงงานนอกระบบ,คน
76515,3993,2563,ประกอบธุรกิจส่วนตัว,หญิง,นนทบุรี,แรงงานนอกระบบ,คน
31600,3994,2563,ช่วยธุรกิจครัวเรือน,หญิง,นนทบุรี,แรงงานนอกระบบ,คน
5383,3995,2563,ลูกจ้างเอกชน,หญิง,นนทบุรี,แรงงานนอกระบบ,คน
8509,3996,2563,นายจ้าง,ชาย,ปทุมธานี,แรงงานในระบบ,คน
14896,3997,2563,ประกอบธุรกิจส่วนตัว,ชาย,ปทุมธานี,แรงงานในระบบ,คน
5460,3998,2563,ช่วยธุรกิจครัวเรือน,ชาย,ปทุมธานี,แรงงานในระบบ,คน
29444,3999,2563,ลูกจ้างรัฐบาล,ชาย,ปทุมธานี,แรงงานในระบบ,คน
290027,4000,2563,ลูกจ้างเอกชน,ชาย,ปทุมธานี,แรงงานในระบบ,คน
1054,4001,2563,นายจ้าง,หญิง,ปทุมธานี,แรงงานในระบบ,คน
13467,4002,2563,ประกอบธุรกิจส่วนตัว,หญิง,ปทุมธานี,แรงงานในระบบ,คน
9031,4003,2563,ช่วยธุรกิจครัวเรือน,หญิง,ปทุมธานี,แรงงานในระบบ,คน
39203,4004,2563,ลูกจ้างรัฐบาล,หญิง,ปทุมธานี,แรงงานในระบบ,คน
259895,4005,2563,ลูกจ้างเอกชน,หญิง,ปทุมธานี,แรงงานในระบบ,คน
6526,4006,2563,นายจ้าง,ชาย,ปทุมธานี,แรงงานนอกระบบ,คน
116936,4007,2563,ประกอบธุรกิจส่วนตัว,ชาย,ปทุมธานี,แรงงานนอกระบบ,คน
31897,4008,2563,ช่วยธุรกิจครัวเรือน,ชาย,ปทุมธานี,แรงงานนอกระบบ,คน
781,4009,2563,ลูกจ้างรัฐบาล,ชาย,ปทุมธานี,แรงงานนอกระบบ,คน
9848,4010,2563,ลูกจ้างเอกชน,ชาย,ปทุมธานี,แรงงานนอกระบบ,คน
2312,4011,2563,นายจ้าง,หญิง,ปทุมธานี,แรงงานนอกระบบ,คน
68833,4012,2563,ประกอบธุรกิจส่วนตัว,หญิง,ปทุมธานี,แรงงานนอกระบบ,คน
37315,4013,2563,ช่วยธุรกิจครัวเรือน,หญิง,ปทุมธานี,แรงงานนอกระบบ,คน
951,4014,2563,ลูกจ้างเอกชน,หญิง,ปทุมธานี,แรงงานนอกระบบ,คน
1635,4015,2563,นายจ้าง,ชาย,พระนครศรีอยุธยา,แรงงานในระบบ,คน
5210,4016,2563,ประกอบธุรกิจส่วนตัว,ชาย,พระนครศรีอยุธยา,แรงงานในระบบ,คน
1302,4017,2563,ช่วยธุรกิจครัวเรือน,ชาย,พระนครศรีอยุธยา,แรงงานในระบบ,คน
29229,4018,2563,ลูกจ้างรัฐบาล,ชาย,พระนครศรีอยุธยา,แรงงานในระบบ,คน
140127,4019,2563,ลูกจ้างเอกชน,ชาย,พระนครศรีอยุธยา,แรงงานในระบบ,คน
4387,4020,2563,ประกอบธุรกิจส่วนตัว,หญิง,พระนครศรีอยุธยา,แรงงานในระบบ,คน
2254,4021,2563,ช่วยธุรกิจครัวเรือน,หญิง,พระนครศรีอยุธยา,แรงงานในระบบ,คน
26699,4022,2563,ลูกจ้างรัฐบาล,หญิง,พระนครศรีอยุธยา,แรงงานในระบบ,คน
133706,4023,2563,ลูกจ้างเอกชน,หญิง,พระนครศรีอยุธยา,แรงงานในระบบ,คน
4353,4024,2563,นายจ้าง,ชาย,พระนครศรีอยุธยา,แรงงานนอกระบบ,คน
52147,4025,2563,ประกอบธุรกิจส่วนตัว,ชาย,พระนครศรีอยุธยา,แรงงานนอกระบบ,คน
20889,4026,2563,ช่วยธุรกิจครัวเรือน,ชาย,พระนครศรีอยุธยา,แรงงานนอกระบบ,คน
218,4027,2563,ลูกจ้างรัฐบาล,ชาย,พระนครศรีอยุธยา,แรงงานนอกระบบ,คน
8124,4028,2563,ลูกจ้างเอกชน,ชาย,พระนครศรีอยุธยา,แรงงานนอกระบบ,คน
3228,4029,2563,นายจ้าง,หญิง,พระนครศรีอยุธยา,แรงงานนอกระบบ,คน
37620,4030,2563,ประกอบธุรกิจส่วนตัว,หญิง,พระนครศรีอยุธยา,แรงงานนอกระบบ,คน
16176,4031,2563,ช่วยธุรกิจครัวเรือน,หญิง,พระนครศรีอยุธยา,แรงงานนอกระบบ,คน
711,4032,2563,ลูกจ้างรัฐบาล,หญิง,พระนครศรีอยุธยา,แรงงานนอกระบบ,คน
2371,4033,2563,ลูกจ้างเอกชน,หญิง,พระนครศรีอยุธยา,แรงงานนอกระบบ,คน
282,4034,2563,การรวมกลุ่ม,หญิง,พระนครศรีอยุธยา,แรงงานนอกระบบ,คน
221,4035,2563,นายจ้าง,ชาย,อ่างทอง,แรงงานในระบบ,คน
1388,4036,2563,ประกอบธุรกิจส่วนตัว,ชาย,อ่างทอง,แรงงานในระบบ,คน
403,4037,2563,ช่วยธุรกิจครัวเรือน,ชาย,อ่างทอง,แรงงานในระบบ,คน
6319,4038,2563,ลูกจ้างรัฐบาล,ชาย,อ่างทอง,แรงงานในระบบ,คน
22319,4039,2563,ลูกจ้างเอกชน,ชาย,อ่างทอง,แรงงานในระบบ,คน
165,4040,2563,นายจ้าง,หญิง,อ่างทอง,แรงงานในระบบ,คน
2903,4041,2563,ประกอบธุรกิจส่วนตัว,หญิง,อ่างทอง,แรงงานในระบบ,คน
849,4042,2563,ช่วยธุรกิจครัวเรือน,หญิง,อ่างทอง,แรงงานในระบบ,คน
11284,4043,2563,ลูกจ้างรัฐบาล,หญิง,อ่างทอง,แรงงานในระบบ,คน
19483,4044,2563,ลูกจ้างเอกชน,หญิง,อ่างทอง,แรงงานในระบบ,คน
2002,4045,2563,นายจ้าง,ชาย,อ่างทอง,แรงงานนอกระบบ,คน
21549,4046,2563,ประกอบธุรกิจส่วนตัว,ชาย,อ่างทอง,แรงงานนอกระบบ,คน
8171,4047,2563,ช่วยธุรกิจครัวเรือน,ชาย,อ่างทอง,แรงงานนอกระบบ,คน
362,4048,2563,ลูกจ้างรัฐบาล,ชาย,อ่างทอง,แรงงานนอกระบบ,คน
6390,4049,2563,ลูกจ้างเอกชน,ชาย,อ่างทอง,แรงงานนอกระบบ,คน
461,4050,2563,นายจ้าง,หญิง,อ่างทอง,แรงงานนอกระบบ,คน
17938,4051,2563,ประกอบธุรกิจส่วนตัว,หญิง,อ่างทอง,แรงงานนอกระบบ,คน
7665,4052,2563,ช่วยธุรกิจครัวเรือน,หญิง,อ่างทอง,แรงงานนอกระบบ,คน
591,4053,2563,ลูกจ้างรัฐบาล,หญิง,อ่างทอง,แรงงานนอกระบบ,คน
2251,4054,2563,ลูกจ้างเอกชน,หญิง,อ่างทอง,แรงงานนอกระบบ,คน
1205,4055,2563,นายจ้าง,ชาย,ลพบุรี,แรงงานในระบบ,คน
1427,4056,2563,ประกอบธุรกิจส่วนตัว,ชาย,ลพบุรี,แรงงานในระบบ,คน
410,4057,2563,ช่วยธุรกิจครัวเรือน,ชาย,ลพบุรี,แรงงานในระบบ,คน
24401,4058,2563,ลูกจ้างรัฐบาล,ชาย,ลพบุรี,แรงงานในระบบ,คน
68185,4059,2563,ลูกจ้างเอกชน,ชาย,ลพบุรี,แรงงานในระบบ,คน
173,4060,2563,นายจ้าง,หญิง,ลพบุรี,แรงงานในระบบ,คน
1659,4061,2563,ประกอบธุรกิจส่วนตัว,หญิง,ลพบุรี,แรงงานในระบบ,คน
1360,4062,2563,ช่วยธุรกิจครัวเรือน,หญิง,ลพบุรี,แรงงานในระบบ,คน
19508,4063,2563,ลูกจ้างรัฐบาล,หญิง,ลพบุรี,แรงงานในระบบ,คน
54545,4064,2563,ลูกจ้างเอกชน,หญิง,ลพบุรี,แรงงานในระบบ,คน
3673,4065,2563,นายจ้าง,ชาย,ลพบุรี,แรงงานนอกระบบ,คน
78033,4066,2563,ประกอบธุรกิจส่วนตัว,ชาย,ลพบุรี,แรงงานนอกระบบ,คน
32770,4067,2563,ช่วยธุรกิจครัวเรือน,ชาย,ลพบุรี,แรงงานนอกระบบ,คน
1593,4068,2563,ลูกจ้างรัฐบาล,ชาย,ลพบุรี,แรงงานนอกระบบ,คน
24953,4069,2563,ลูกจ้างเอกชน,ชาย,ลพบุรี,แรงงานนอกระบบ,คน
845,4070,2563,นายจ้าง,หญิง,ลพบุรี,แรงงานนอกระบบ,คน
55906,4071,2563,ประกอบธุรกิจส่วนตัว,หญิง,ลพบุรี,แรงงานนอกระบบ,คน
50250,4072,2563,ช่วยธุรกิจครัวเรือน,หญิง,ลพบุรี,แรงงานนอกระบบ,คน
400,4073,2563,ลูกจ้างรัฐบาล,หญิง,ลพบุรี,แรงงานนอกระบบ,คน
10704,4074,2563,ลูกจ้างเอกชน,หญิง,ลพบุรี,แรงงานนอกระบบ,คน
374,4075,2563,นายจ้าง,ชาย,สิงห์บุรี,แรงงานในระบบ,คน
451,4076,2563,ประกอบธุรกิจส่วนตัว,ชาย,สิงห์บุรี,แรงงานในระบบ,คน
442,4077,2563,ช่วยธุรกิจครัวเรือน,ชาย,สิงห์บุรี,แรงงานในระบบ,คน
6438,4078,2563,ลูกจ้างรัฐบาล,ชาย,สิงห์บุรี,แรงงานในระบบ,คน
19333,4079,2563,ลูกจ้างเอกชน,ชาย,สิงห์บุรี,แรงงานในระบบ,คน
80,4080,2563,นายจ้าง,หญิง,สิงห์บุรี,แรงงานในระบบ,คน
862,4081,2563,ประกอบธุรกิจส่วนตัว,หญิง,สิงห์บุรี,แรงงานในระบบ,คน
419,4082,2563,ช่วยธุรกิจครัวเรือน,หญิง,สิงห์บุรี,แรงงานในระบบ,คน
8201,4083,2563,ลูกจ้างรัฐบาล,หญิง,สิงห์บุรี,แรงงานในระบบ,คน
15744,4084,2563,ลูกจ้างเอกชน,หญิง,สิงห์บุรี,แรงงานในระบบ,คน
784,4085,2563,นายจ้าง,ชาย,สิงห์บุรี,แรงงานนอกระบบ,คน
17299,4086,2563,ประกอบธุรกิจส่วนตัว,ชาย,สิงห์บุรี,แรงงานนอกระบบ,คน
6489,4087,2563,ช่วยธุรกิจครัวเรือน,ชาย,สิงห์บุรี,แรงงานนอกระบบ,คน
45,4088,2563,ลูกจ้างรัฐบาล,ชาย,สิงห์บุรี,แรงงานนอกระบบ,คน
7063,4089,2563,ลูกจ้างเอกชน,ชาย,สิงห์บุรี,แรงงานนอกระบบ,คน
393,4090,2563,นายจ้าง,หญิง,สิงห์บุรี,แรงงานนอกระบบ,คน
15120,4091,2563,ประกอบธุรกิจส่วนตัว,หญิง,สิงห์บุรี,แรงงานนอกระบบ,คน
7572,4092,2563,ช่วยธุรกิจครัวเรือน,หญิง,สิงห์บุรี,แรงงานนอกระบบ,คน
160,4093,2563,ลูกจ้างรัฐบาล,หญิง,สิงห์บุรี,แรงงานนอกระบบ,คน
2597,4094,2563,ลูกจ้างเอกชน,หญิง,สิงห์บุรี,แรงงานนอกระบบ,คน
91,4095,2563,นายจ้าง,ชาย,ชัยนาท,แรงงานในระบบ,คน
1475,4096,2563,ประกอบธุรกิจส่วนตัว,ชาย,ชัยนาท,แรงงานในระบบ,คน
659,4097,2563,ช่วยธุรกิจครัวเรือน,ชาย,ชัยนาท,แรงงานในระบบ,คน
11415,4098,2563,ลูกจ้างรัฐบาล,ชาย,ชัยนาท,แรงงานในระบบ,คน
20068,4099,2563,ลูกจ้างเอกชน,ชาย,ชัยนาท,แรงงานในระบบ,คน
90,4100,2563,นายจ้าง,หญิง,ชัยนาท,แรงงานในระบบ,คน
1180,4101,2563,ประกอบธุรกิจส่วนตัว,หญิง,ชัยนาท,แรงงานในระบบ,คน
560,4102,2563,ช่วยธุรกิจครัวเรือน,หญิง,ชัยนาท,แรงงานในระบบ,คน
12736,4103,2563,ลูกจ้างรัฐบาล,หญิง,ชัยนาท,แรงงานในระบบ,คน
16130,4104,2563,ลูกจ้างเอกชน,หญิง,ชัยนาท,แรงงานในระบบ,คน
3113,4105,2563,นายจ้าง,ชาย,ชัยนาท,แรงงานนอกระบบ,คน
35435,4106,2563,ประกอบธุรกิจส่วนตัว,ชาย,ชัยนาท,แรงงานนอกระบบ,คน
7689,4107,2563,ช่วยธุรกิจครัวเรือน,ชาย,ชัยนาท,แรงงานนอกระบบ,คน
1322,4108,2563,ลูกจ้างรัฐบาล,ชาย,ชัยนาท,แรงงานนอกระบบ,คน
11475,4109,2563,ลูกจ้างเอกชน,ชาย,ชัยนาท,แรงงานนอกระบบ,คน
1551,4110,2563,นายจ้าง,หญิง,ชัยนาท,แรงงานนอกระบบ,คน
28524,4111,2563,ประกอบธุรกิจส่วนตัว,หญิง,ชัยนาท,แรงงานนอกระบบ,คน
16706,4112,2563,ช่วยธุรกิจครัวเรือน,หญิง,ชัยนาท,แรงงานนอกระบบ,คน
1944,4113,2563,ลูกจ้างรัฐบาล,หญิง,ชัยนาท,แรงงานนอกระบบ,คน
8282,4114,2563,ลูกจ้างเอกชน,หญิง,ชัยนาท,แรงงานนอกระบบ,คน
119,4115,2563,การรวมกลุ่ม,หญิง,ชัยนาท,แรงงานนอกระบบ,คน
2598,4116,2563,นายจ้าง,ชาย,สระบุรี,แรงงานในระบบ,คน
6937,4117,2563,ประกอบธุรกิจส่วนตัว,ชาย,สระบุรี,แรงงานในระบบ,คน
3007,4118,2563,ช่วยธุรกิจครัวเรือน,ชาย,สระบุรี,แรงงานในระบบ,คน
15400,4119,2563,ลูกจ้างรัฐบาล,ชาย,สระบุรี,แรงงานในระบบ,คน
112572,4120,2563,ลูกจ้างเอกชน,ชาย,สระบุรี,แรงงานในระบบ,คน
1299,4121,2563,นายจ้าง,หญิง,สระบุรี,แรงงานในระบบ,คน
4814,4122,2563,ประกอบธุรกิจส่วนตัว,หญิง,สระบุรี,แรงงานในระบบ,คน
1365,4123,2563,ช่วยธุรกิจครัวเรือน,หญิง,สระบุรี,แรงงานในระบบ,คน
16996,4124,2563,ลูกจ้างรัฐบาล,หญิง,สระบุรี,แรงงานในระบบ,คน
78563,4125,2563,ลูกจ้างเอกชน,หญิง,สระบุรี,แรงงานในระบบ,คน
3514,4126,2563,นายจ้าง,ชาย,สระบุรี,แรงงานนอกระบบ,คน
43124,4127,2563,ประกอบธุรกิจส่วนตัว,ชาย,สระบุรี,แรงงานนอกระบบ,คน
25194,4128,2563,ช่วยธุรกิจครัวเรือน,ชาย,สระบุรี,แรงงานนอกระบบ,คน
253,4129,2563,ลูกจ้างรัฐบาล,ชาย,สระบุรี,แรงงานนอกระบบ,คน
6042,4130,2563,ลูกจ้างเอกชน,ชาย,สระบุรี,แรงงานนอกระบบ,คน
489,4131,2563,การรวมกลุ่ม,ชาย,สระบุรี,แรงงานนอกระบบ,คน
1244,4132,2563,นายจ้าง,หญิง,สระบุรี,แรงงานนอกระบบ,คน
42042,4133,2563,ประกอบธุรกิจส่วนตัว,หญิง,สระบุรี,แรงงานนอกระบบ,คน
23002,4134,2563,ช่วยธุรกิจครัวเรือน,หญิง,สระบุรี,แรงงานนอกระบบ,คน
627,4135,2563,ลูกจ้างรัฐบาล,หญิง,สระบุรี,แรงงานนอกระบบ,คน
1614,4136,2563,ลูกจ้างเอกชน,หญิง,สระบุรี,แรงงานนอกระบบ,คน
523,4137,2563,การรวมกลุ่ม,หญิง,สระบุรี,แรงงานนอกระบบ,คน
2595,4138,2563,นายจ้าง,ชาย,ชลบุรี,แรงงานในระบบ,คน
3000,4139,2563,ประกอบธุรกิจส่วนตัว,ชาย,ชลบุรี,แรงงานในระบบ,คน
326,4140,2563,ช่วยธุรกิจครัวเรือน,ชาย,ชลบุรี,แรงงานในระบบ,คน
30649,4141,2563,ลูกจ้างรัฐบาล,ชาย,ชลบุรี,แรงงานในระบบ,คน
352347,4142,2563,ลูกจ้างเอกชน,ชาย,ชลบุรี,แรงงานในระบบ,คน
655,4143,2563,นายจ้าง,หญิง,ชลบุรี,แรงงานในระบบ,คน
3791,4144,2563,ประกอบธุรกิจส่วนตัว,หญิง,ชลบุรี,แรงงานในระบบ,คน
2550,4145,2563,ช่วยธุรกิจครัวเรือน,หญิง,ชลบุรี,แรงงานในระบบ,คน
41839,4146,2563,ลูกจ้างรัฐบาล,หญิง,ชลบุรี,แรงงานในระบบ,คน
248553,4147,2563,ลูกจ้างเอกชน,หญิง,ชลบุรี,แรงงานในระบบ,คน
22173,4148,2563,นายจ้าง,ชาย,ชลบุรี,แรงงานนอกระบบ,คน
122374,4149,2563,ประกอบธุรกิจส่วนตัว,ชาย,ชลบุรี,แรงงานนอกระบบ,คน
39085,4150,2563,ช่วยธุรกิจครัวเรือน,ชาย,ชลบุรี,แรงงานนอกระบบ,คน
7854,4151,2563,ลูกจ้างเอกชน,ชาย,ชลบุรี,แรงงานนอกระบบ,คน
7971,4152,2563,นายจ้าง,หญิง,ชลบุรี,แรงงานนอกระบบ,คน
80336,4153,2563,ประกอบธุรกิจส่วนตัว,หญิง,ชลบุรี,แรงงานนอกระบบ,คน
47919,4154,2563,ช่วยธุรกิจครัวเรือน,หญิง,ชลบุรี,แรงงานนอกระบบ,คน
5497,4155,2563,ลูกจ้างเอกชน,หญิง,ชลบุรี,แรงงานนอกระบบ,คน
1200,4156,2563,นายจ้าง,ชาย,ระยอง,แรงงานในระบบ,คน
2052,4157,2563,ประกอบธุรกิจส่วนตัว,ชาย,ระยอง,แรงงานในระบบ,คน
764,4158,2563,ช่วยธุรกิจครัวเรือน,ชาย,ระยอง,แรงงานในระบบ,คน
11182,4159,2563,ลูกจ้างรัฐบาล,ชาย,ระยอง,แรงงานในระบบ,คน
206323,4160,2563,ลูกจ้างเอกชน,ชาย,ระยอง,แรงงานในระบบ,คน
2230,4161,2563,ประกอบธุรกิจส่วนตัว,หญิง,ระยอง,แรงงานในระบบ,คน
1956,4162,2563,ช่วยธุรกิจครัวเรือน,หญิง,ระยอง,แรงงานในระบบ,คน
18633,4163,2563,ลูกจ้างรัฐบาล,หญิง,ระยอง,แรงงานในระบบ,คน
133228,4164,2563,ลูกจ้างเอกชน,หญิง,ระยอง,แรงงานในระบบ,คน
9182,4165,2563,นายจ้าง,ชาย,ระยอง,แรงงานนอกระบบ,คน
61220,4166,2563,ประกอบธุรกิจส่วนตัว,ชาย,ระยอง,แรงงานนอกระบบ,คน
21787,4167,2563,ช่วยธุรกิจครัวเรือน,ชาย,ระยอง,แรงงานนอกระบบ,คน
10195,4168,2563,ลูกจ้างเอกชน,ชาย,ระยอง,แรงงานนอกระบบ,คน
5889,4169,2563,นายจ้าง,หญิง,ระยอง,แรงงานนอกระบบ,คน
54877,4170,2563,ประกอบธุรกิจส่วนตัว,หญิง,ระยอง,แรงงานนอกระบบ,คน
36616,4171,2563,ช่วยธุรกิจครัวเรือน,หญิง,ระยอง,แรงงานนอกระบบ,คน
9943,4172,2563,ลูกจ้างเอกชน,หญิง,ระยอง,แรงงานนอกระบบ,คน
140,4173,2563,นายจ้าง,ชาย,จันทบุรี,แรงงานในระบบ,คน
2311,4174,2563,ประกอบธุรกิจส่วนตัว,ชาย,จันทบุรี,แรงงานในระบบ,คน
1685,4175,2563,ช่วยธุรกิจครัวเรือน,ชาย,จันทบุรี,แรงงานในระบบ,คน
13776,4176,2563,ลูกจ้างรัฐบาล,ชาย,จันทบุรี,แรงงานในระบบ,คน
51787,4177,2563,ลูกจ้างเอกชน,ชาย,จันทบุรี,แรงงานในระบบ,คน
151,4178,2563,นายจ้าง,หญิง,จันทบุรี,แรงงานในระบบ,คน
3530,4179,2563,ประกอบธุรกิจส่วนตัว,หญิง,จันทบุรี,แรงงานในระบบ,คน
2124,4180,2563,ช่วยธุรกิจครัวเรือน,หญิง,จันทบุรี,แรงงานในระบบ,คน
17389,4181,2563,ลูกจ้างรัฐบาล,หญิง,จันทบุรี,แรงงานในระบบ,คน
42765,4182,2563,ลูกจ้างเอกชน,หญิง,จันทบุรี,แรงงานในระบบ,คน
9600,4183,2563,นายจ้าง,ชาย,จันทบุรี,แรงงานนอกระบบ,คน
66692,4184,2563,ประกอบธุรกิจส่วนตัว,ชาย,จันทบุรี,แรงงานนอกระบบ,คน
29668,4185,2563,ช่วยธุรกิจครัวเรือน,ชาย,จันทบุรี,แรงงานนอกระบบ,คน
331,4186,2563,ลูกจ้างรัฐบาล,ชาย,จันทบุรี,แรงงานนอกระบบ,คน
14978,4187,2563,ลูกจ้างเอกชน,ชาย,จันทบุรี,แรงงานนอกระบบ,คน
4468,4188,2563,นายจ้าง,หญิง,จันทบุรี,แรงงานนอกระบบ,คน
43966,4189,2563,ประกอบธุรกิจส่วนตัว,หญิง,จันทบุรี,แรงงานนอกระบบ,คน
48120,4190,2563,ช่วยธุรกิจครัวเรือน,หญิง,จันทบุรี,แรงงานนอกระบบ,คน
422,4191,2563,ลูกจ้างรัฐบาล,หญิง,จันทบุรี,แรงงานนอกระบบ,คน
9314,4192,2563,ลูกจ้างเอกชน,หญิง,จันทบุรี,แรงงานนอกระบบ,คน
351,4193,2563,นายจ้าง,ชาย,ตราด,แรงงานในระบบ,คน
2558,4194,2563,ประกอบธุรกิจส่วนตัว,ชาย,ตราด,แรงงานในระบบ,คน
980,4195,2563,ช่วยธุรกิจครัวเรือน,ชาย,ตราด,แรงงานในระบบ,คน
10427,4196,2563,ลูกจ้างรัฐบาล,ชาย,ตราด,แรงงานในระบบ,คน
32372,4197,2563,ลูกจ้างเอกชน,ชาย,ตราด,แรงงานในระบบ,คน
44,4198,2563,นายจ้าง,หญิง,ตราด,แรงงานในระบบ,คน
2347,4199,2563,ประกอบธุรกิจส่วนตัว,หญิง,ตราด,แรงงานในระบบ,คน
1730,4200,2563,ช่วยธุรกิจครัวเรือน,หญิง,ตราด,แรงงานในระบบ,คน
9285,4201,2563,ลูกจ้างรัฐบาล,หญิง,ตราด,แรงงานในระบบ,คน
22262,4202,2563,ลูกจ้างเอกชน,หญิง,ตราด,แรงงานในระบบ,คน
3494,4203,2563,นายจ้าง,ชาย,ตราด,แรงงานนอกระบบ,คน
30613,4204,2563,ประกอบธุรกิจส่วนตัว,ชาย,ตราด,แรงงานนอกระบบ,คน
10891,4205,2563,ช่วยธุรกิจครัวเรือน,ชาย,ตราด,แรงงานนอกระบบ,คน
46,4206,2563,ลูกจ้างรัฐบาล,ชาย,ตราด,แรงงานนอกระบบ,คน
6754,4207,2563,ลูกจ้างเอกชน,ชาย,ตราด,แรงงานนอกระบบ,คน
1112,4208,2563,นายจ้าง,หญิง,ตราด,แรงงานนอกระบบ,คน
17962,4209,2563,ประกอบธุรกิจส่วนตัว,หญิง,ตราด,แรงงานนอกระบบ,คน
13904,4210,2563,ช่วยธุรกิจครัวเรือน,หญิง,ตราด,แรงงานนอกระบบ,คน
1130,4211,2563,ลูกจ้างรัฐบาล,หญิง,ตราด,แรงงานนอกระบบ,คน
3649,4212,2563,ลูกจ้างเอกชน,หญิง,ตราด,แรงงานนอกระบบ,คน
2029,4213,2563,ประกอบธุรกิจส่วนตัว,ชาย,ฉะเชิงเทรา,แรงงานในระบบ,คน
15977,4214,2563,ลูกจ้างรัฐบาล,ชาย,ฉะเชิงเทรา,แรงงานในระบบ,คน
128855,4215,2563,ลูกจ้างเอกชน,ชาย,ฉะเชิงเทรา,แรงงานในระบบ,คน
668,4216,2563,ประกอบธุรกิจส่วนตัว,หญิง,ฉะเชิงเทรา,แรงงานในระบบ,คน
21189,4217,2563,ลูกจ้างรัฐบาล,หญิง,ฉะเชิงเทรา,แรงงานในระบบ,คน
87696,4218,2563,ลูกจ้างเอกชน,หญิง,ฉะเชิงเทรา,แรงงานในระบบ,คน
4918,4219,2563,นายจ้าง,ชาย,ฉะเชิงเทรา,แรงงานนอกระบบ,คน
71723,4220,2563,ประกอบธุรกิจส่วนตัว,ชาย,ฉะเชิงเทรา,แรงงานนอกระบบ,คน
18426,4221,2563,ช่วยธุรกิจครัวเรือน,ชาย,ฉะเชิงเทรา,แรงงานนอกระบบ,คน
6325,4222,2563,ลูกจ้างเอกชน,ชาย,ฉะเชิงเทรา,แรงงานนอกระบบ,คน
1202,4223,2563,นายจ้าง,หญิง,ฉะเชิงเทรา,แรงงานนอกระบบ,คน
49372,4224,2563,ประกอบธุรกิจส่วนตัว,หญิง,ฉะเชิงเทรา,แรงงานนอกระบบ,คน
26709,4225,2563,ช่วยธุรกิจครัวเรือน,หญิง,ฉะเชิงเทรา,แรงงานนอกระบบ,คน
6162,4226,2563,ลูกจ้างเอกชน,หญิง,ฉะเชิงเทรา,แรงงานนอกระบบ,คน
530,4227,2563,การรวมกลุ่ม,หญิง,ฉะเชิงเทรา,แรงงานนอกระบบ,คน
405,4228,2563,นายจ้าง,ชาย,ปราจีนบุรี,แรงงานในระบบ,คน
988,4229,2563,ประกอบธุรกิจส่วนตัว,ชาย,ปราจีนบุรี,แรงงานในระบบ,คน
891,4230,2563,ช่วยธุรกิจครัวเรือน,ชาย,ปราจีนบุรี,แรงงานในระบบ,คน
11453,4231,2563,ลูกจ้างรัฐบาล,ชาย,ปราจีนบุรี,แรงงานในระบบ,คน
83620,4232,2563,ลูกจ้างเอกชน,ชาย,ปราจีนบุรี,แรงงานในระบบ,คน
83,4233,2563,นายจ้าง,หญิง,ปราจีนบุรี,แรงงานในระบบ,คน
370,4234,2563,ประกอบธุรกิจส่วนตัว,หญิง,ปราจีนบุรี,แรงงานในระบบ,คน
193,4235,2563,ช่วยธุรกิจครัวเรือน,หญิง,ปราจีนบุรี,แรงงานในระบบ,คน
11995,4236,2563,ลูกจ้างรัฐบาล,หญิง,ปราจีนบุรี,แรงงานในระบบ,คน
77790,4237,2563,ลูกจ้างเอกชน,หญิง,ปราจีนบุรี,แรงงานในระบบ,คน
20178,4238,2563,นายจ้าง,ชาย,ปราจีนบุรี,แรงงานนอกระบบ,คน
36592,4239,2563,ประกอบธุรกิจส่วนตัว,ชาย,ปราจีนบุรี,แรงงานนอกระบบ,คน
18576,4240,2563,ช่วยธุรกิจครัวเรือน,ชาย,ปราจีนบุรี,แรงงานนอกระบบ,คน
53,4241,2563,ลูกจ้างรัฐบาล,ชาย,ปราจีนบุรี,แรงงานนอกระบบ,คน
19211,4242,2563,ลูกจ้างเอกชน,ชาย,ปราจีนบุรี,แรงงานนอกระบบ,คน
8608,4243,2563,นายจ้าง,หญิง,ปราจีนบุรี,แรงงานนอกระบบ,คน
45360,4244,2563,ประกอบธุรกิจส่วนตัว,หญิง,ปราจีนบุรี,แรงงานนอกระบบ,คน
13622,4245,2563,ช่วยธุรกิจครัวเรือน,หญิง,ปราจีนบุรี,แรงงานนอกระบบ,คน
37,4246,2563,ลูกจ้างรัฐบาล,หญิง,ปราจีนบุรี,แรงงานนอกระบบ,คน
3494,4247,2563,ลูกจ้างเอกชน,หญิง,ปราจีนบุรี,แรงงานนอกระบบ,คน
282,4248,2563,นายจ้าง,ชาย,นครนายก,แรงงานในระบบ,คน
1300,4249,2563,ประกอบธุรกิจส่วนตัว,ชาย,นครนายก,แรงงานในระบบ,คน
281,4250,2563,ช่วยธุรกิจครัวเรือน,ชาย,นครนายก,แรงงานในระบบ,คน
10793,4251,2563,ลูกจ้างรัฐบาล,ชาย,นครนายก,แรงงานในระบบ,คน
23291,4252,2563,ลูกจ้างเอกชน,ชาย,นครนายก,แรงงานในระบบ,คน
25,4253,2563,นายจ้าง,หญิง,นครนายก,แรงงานในระบบ,คน
1050,4254,2563,ประกอบธุรกิจส่วนตัว,หญิง,นครนายก,แรงงานในระบบ,คน
159,4255,2563,ช่วยธุรกิจครัวเรือน,หญิง,นครนายก,แรงงานในระบบ,คน
11862,4256,2563,ลูกจ้างรัฐบาล,หญิง,นครนายก,แรงงานในระบบ,คน
20574,4257,2563,ลูกจ้างเอกชน,หญิง,นครนายก,แรงงานในระบบ,คน
2433,4258,2563,นายจ้าง,ชาย,นครนายก,แรงงานนอกระบบ,คน
23750,4259,2563,ประกอบธุรกิจส่วนตัว,ชาย,นครนายก,แรงงานนอกระบบ,คน
11461,4260,2563,ช่วยธุรกิจครัวเรือน,ชาย,นครนายก,แรงงานนอกระบบ,คน
351,4261,2563,ลูกจ้างรัฐบาล,ชาย,นครนายก,แรงงานนอกระบบ,คน
11721,4262,2563,ลูกจ้างเอกชน,ชาย,นครนายก,แรงงานนอกระบบ,คน
814,4263,2563,นายจ้าง,หญิง,นครนายก,แรงงานนอกระบบ,คน
20534,4264,2563,ประกอบธุรกิจส่วนตัว,หญิง,นครนายก,แรงงานนอกระบบ,คน
9012,4265,2563,ช่วยธุรกิจครัวเรือน,หญิง,นครนายก,แรงงานนอกระบบ,คน
3080,4266,2563,ลูกจ้างเอกชน,หญิง,นครนายก,แรงงานนอกระบบ,คน
115,4267,2563,การรวมกลุ่ม,หญิง,นครนายก,แรงงานนอกระบบ,คน
1842,4268,2563,นายจ้าง,ชาย,สระแก้ว,แรงงานในระบบ,คน
3561,4269,2563,ประกอบธุรกิจส่วนตัว,ชาย,สระแก้ว,แรงงานในระบบ,คน
3510,4270,2563,ช่วยธุรกิจครัวเรือน,ชาย,สระแก้ว,แรงงานในระบบ,คน
16709,4271,2563,ลูกจ้างรัฐบาล,ชาย,สระแก้ว,แรงงานในระบบ,คน
29783,4272,2563,ลูกจ้างเอกชน,ชาย,สระแก้ว,แรงงานในระบบ,คน
4382,4273,2563,ประกอบธุรกิจส่วนตัว,หญิง,สระแก้ว,แรงงานในระบบ,คน
2716,4274,2563,ช่วยธุรกิจครัวเรือน,หญิง,สระแก้ว,แรงงานในระบบ,คน
16621,4275,2563,ลูกจ้างรัฐบาล,หญิง,สระแก้ว,แรงงานในระบบ,คน
27205,4276,2563,ลูกจ้างเอกชน,หญิง,สระแก้ว,แรงงานในระบบ,คน
4794,4277,2563,นายจ้าง,ชาย,สระแก้ว,แรงงานนอกระบบ,คน
71377,4278,2563,ประกอบธุรกิจส่วนตัว,ชาย,สระแก้ว,แรงงานนอกระบบ,คน
23296,4279,2563,ช่วยธุรกิจครัวเรือน,ชาย,สระแก้ว,แรงงานนอกระบบ,คน
1159,4280,2563,ลูกจ้างรัฐบาล,ชาย,สระแก้ว,แรงงานนอกระบบ,คน
20299,4281,2563,ลูกจ้างเอกชน,ชาย,สระแก้ว,แรงงานนอกระบบ,คน
886,4282,2563,นายจ้าง,หญิง,สระแก้ว,แรงงานนอกระบบ,คน
46375,4283,2563,ประกอบธุรกิจส่วนตัว,หญิง,สระแก้ว,แรงงานนอกระบบ,คน
28298,4284,2563,ช่วยธุรกิจครัวเรือน,หญิง,สระแก้ว,แรงงานนอกระบบ,คน
1405,4285,2563,ลูกจ้างรัฐบาล,หญิง,สระแก้ว,แรงงานนอกระบบ,คน
4864,4286,2563,ลูกจ้างเอกชน,หญิง,สระแก้ว,แรงงานนอกระบบ,คน
114,4287,2563,นายจ้าง,ชาย,ราชบุรี,แรงงานในระบบ,คน
2661,4288,2563,ประกอบธุรกิจส่วนตัว,ชาย,ราชบุรี,แรงงานในระบบ,คน
432,4289,2563,ช่วยธุรกิจครัวเรือน,ชาย,ราชบุรี,แรงงานในระบบ,คน
11960,4290,2563,ลูกจ้างรัฐบาล,ชาย,ราชบุรี,แรงงานในระบบ,คน
100932,4291,2563,ลูกจ้างเอกชน,ชาย,ราชบุรี,แรงงานในระบบ,คน
470,4292,2563,นายจ้าง,หญิง,ราชบุรี,แรงงานในระบบ,คน
5450,4293,2563,ประกอบธุรกิจส่วนตัว,หญิง,ราชบุรี,แรงงานในระบบ,คน
1282,4294,2563,ช่วยธุรกิจครัวเรือน,หญิง,ราชบุรี,แรงงานในระบบ,คน
15172,4295,2563,ลูกจ้างรัฐบาล,หญิง,ราชบุรี,แรงงานในระบบ,คน
82251,4296,2563,ลูกจ้างเอกชน,หญิง,ราชบุรี,แรงงานในระบบ,คน
7970,4297,2563,นายจ้าง,ชาย,ราชบุรี,แรงงานนอกระบบ,คน
59194,4298,2563,ประกอบธุรกิจส่วนตัว,ชาย,ราชบุรี,แรงงานนอกระบบ,คน
26499,4299,2563,ช่วยธุรกิจครัวเรือน,ชาย,ราชบุรี,แรงงานนอกระบบ,คน
1547,4300,2563,ลูกจ้างรัฐบาล,ชาย,ราชบุรี,แรงงานนอกระบบ,คน
24455,4301,2563,ลูกจ้างเอกชน,ชาย,ราชบุรี,แรงงานนอกระบบ,คน
2556,4302,2563,นายจ้าง,หญิง,ราชบุรี,แรงงานนอกระบบ,คน
54348,4303,2563,ประกอบธุรกิจส่วนตัว,หญิง,ราชบุรี,แรงงานนอกระบบ,คน
36214,4304,2563,ช่วยธุรกิจครัวเรือน,หญิง,ราชบุรี,แรงงานนอกระบบ,คน
860,4305,2563,ลูกจ้างรัฐบาล,หญิง,ราชบุรี,แรงงานนอกระบบ,คน
12821,4306,2563,ลูกจ้างเอกชน,หญิง,ราชบุรี,แรงงานนอกระบบ,คน
241,4307,2563,นายจ้าง,ชาย,กาญจนบุรี,แรงงานในระบบ,คน
2628,4308,2563,ประกอบธุรกิจส่วนตัว,ชาย,กาญจนบุรี,แรงงานในระบบ,คน
22707,4309,2563,ลูกจ้างรัฐบาล,ชาย,กาญจนบุรี,แรงงานในระบบ,คน
69594,4310,2563,ลูกจ้างเอกชน,ชาย,กาญจนบุรี,แรงงานในระบบ,คน
162,4311,2563,นายจ้าง,หญิง,กาญจนบุรี,แรงงานในระบบ,คน
845,4312,2563,ประกอบธุรกิจส่วนตัว,หญิง,กาญจนบุรี,แรงงานในระบบ,คน
1612,4313,2563,ช่วยธุรกิจครัวเรือน,หญิง,กาญจนบุรี,แรงงานในระบบ,คน
21283,4314,2563,ลูกจ้างรัฐบาล,หญิง,กาญจนบุรี,แรงงานในระบบ,คน
48998,4315,2563,ลูกจ้างเอกชน,หญิง,กาญจนบุรี,แรงงานในระบบ,คน
6699,4316,2563,นายจ้าง,ชาย,กาญจนบุรี,แรงงานนอกระบบ,คน
80259,4317,2563,ประกอบธุรกิจส่วนตัว,ชาย,กาญจนบุรี,แรงงานนอกระบบ,คน
44108,4318,2563,ช่วยธุรกิจครัวเรือน,ชาย,กาญจนบุรี,แรงงานนอกระบบ,คน
405,4319,2563,ลูกจ้างรัฐบาล,ชาย,กาญจนบุรี,แรงงานนอกระบบ,คน
24840,4320,2563,ลูกจ้างเอกชน,ชาย,กาญจนบุรี,แรงงานนอกระบบ,คน
1841,4321,2563,นายจ้าง,หญิง,กาญจนบุรี,แรงงานนอกระบบ,คน
59228,4322,2563,ประกอบธุรกิจส่วนตัว,หญิง,กาญจนบุรี,แรงงานนอกระบบ,คน
40211,4323,2563,ช่วยธุรกิจครัวเรือน,หญิง,กาญจนบุรี,แรงงานนอกระบบ,คน
272,4324,2563,ลูกจ้างรัฐบาล,หญิง,กาญจนบุรี,แรงงานนอกระบบ,คน
23115,4325,2563,ลูกจ้างเอกชน,หญิง,กาญจนบุรี,แรงงานนอกระบบ,คน
311,4326,2563,นายจ้าง,ชาย,สุพรรณบุรี,แรงงานในระบบ,คน
896,4327,2563,ประกอบธุรกิจส่วนตัว,ชาย,สุพรรณบุรี,แรงงานในระบบ,คน
1253,4328,2563,ช่วยธุรกิจครัวเรือน,ชาย,สุพรรณบุรี,แรงงานในระบบ,คน
12153,4329,2563,ลูกจ้างรัฐบาล,ชาย,สุพรรณบุรี,แรงงานในระบบ,คน
52424,4330,2563,ลูกจ้างเอกชน,ชาย,สุพรรณบุรี,แรงงานในระบบ,คน
2007,4331,2563,ประกอบธุรกิจส่วนตัว,หญิง,สุพรรณบุรี,แรงงานในระบบ,คน
560,4332,2563,ช่วยธุรกิจครัวเรือน,หญิง,สุพรรณบุรี,แรงงานในระบบ,คน
19966,4333,2563,ลูกจ้างรัฐบาล,หญิง,สุพรรณบุรี,แรงงานในระบบ,คน
41769,4334,2563,ลูกจ้างเอกชน,หญิง,สุพรรณบุรี,แรงงานในระบบ,คน
6316,4335,2563,นายจ้าง,ชาย,สุพรรณบุรี,แรงงานนอกระบบ,คน
93018,4336,2563,ประกอบธุรกิจส่วนตัว,ชาย,สุพรรณบุรี,แรงงานนอกระบบ,คน
45744,4337,2563,ช่วยธุรกิจครัวเรือน,ชาย,สุพรรณบุรี,แรงงานนอกระบบ,คน
35679,4338,2563,ลูกจ้างเอกชน,ชาย,สุพรรณบุรี,แรงงานนอกระบบ,คน
1612,4339,2563,นายจ้าง,หญิง,สุพรรณบุรี,แรงงานนอกระบบ,คน
59878,4340,2563,ประกอบธุรกิจส่วนตัว,หญิง,สุพรรณบุรี,แรงงานนอกระบบ,คน
53436,4341,2563,ช่วยธุรกิจครัวเรือน,หญิง,สุพรรณบุรี,แรงงานนอกระบบ,คน
639,4342,2563,ลูกจ้างรัฐบาล,หญิง,สุพรรณบุรี,แรงงานนอกระบบ,คน
20155,4343,2563,ลูกจ้างเอกชน,หญิง,สุพรรณบุรี,แรงงานนอกระบบ,คน
1866,4344,2563,นายจ้าง,ชาย,นครปฐม,แรงงานในระบบ,คน
4459,4345,2563,ประกอบธุรกิจส่วนตัว,ชาย,นครปฐม,แรงงานในระบบ,คน
1432,4346,2563,ช่วยธุรกิจครัวเรือน,ชาย,นครปฐม,แรงงานในระบบ,คน
24071,4347,2563,ลูกจ้างรัฐบาล,ชาย,นครปฐม,แรงงานในระบบ,คน
185185,4348,2563,ลูกจ้างเอกชน,ชาย,นครปฐม,แรงงานในระบบ,คน
1839,4349,2563,ประกอบธุรกิจส่วนตัว,หญิง,นครปฐม,แรงงานในระบบ,คน
1133,4350,2563,ช่วยธุรกิจครัวเรือน,หญิง,นครปฐม,แรงงานในระบบ,คน
31417,4351,2563,ลูกจ้างรัฐบาล,หญิง,นครปฐม,แรงงานในระบบ,คน
161577,4352,2563,ลูกจ้างเอกชน,หญิง,นครปฐม,แรงงานในระบบ,คน
6444,4353,2563,นายจ้าง,ชาย,นครปฐม,แรงงานนอกระบบ,คน
91482,4354,2563,ประกอบธุรกิจส่วนตัว,ชาย,นครปฐม,แรงงานนอกระบบ,คน
36107,4355,2563,ช่วยธุรกิจครัวเรือน,ชาย,นครปฐม,แรงงานนอกระบบ,คน
6814,4356,2563,ลูกจ้างเอกชน,ชาย,นครปฐม,แรงงานนอกระบบ,คน
2378,4357,2563,นายจ้าง,หญิง,นครปฐม,แรงงานนอกระบบ,คน
77189,4358,2563,ประกอบธุรกิจส่วนตัว,หญิง,นครปฐม,แรงงานนอกระบบ,คน
45697,4359,2563,ช่วยธุรกิจครัวเรือน,หญิง,นครปฐม,แรงงานนอกระบบ,คน
3855,4360,2563,ลูกจ้างเอกชน,หญิง,นครปฐม,แรงงานนอกระบบ,คน
2980,4361,2563,นายจ้าง,ชาย,สมุทรสาคร,แรงงานในระบบ,คน
9162,4362,2563,ประกอบธุรกิจส่วนตัว,ชาย,สมุทรสาคร,แรงงานในระบบ,คน
3753,4363,2563,ช่วยธุรกิจครัวเรือน,ชาย,สมุทรสาคร,แรงงานในระบบ,คน
10464,4364,2563,ลูกจ้างรัฐบาล,ชาย,สมุทรสาคร,แรงงานในระบบ,คน
260151,4365,2563,ลูกจ้างเอกชน,ชาย,สมุทรสาคร,แรงงานในระบบ,คน
199,4366,2563,นายจ้าง,หญิง,สมุทรสาคร,แรงงานในระบบ,คน
8676,4367,2563,ประกอบธุรกิจส่วนตัว,หญิง,สมุทรสาคร,แรงงานในระบบ,คน
6580,4368,2563,ช่วยธุรกิจครัวเรือน,หญิง,สมุทรสาคร,แรงงานในระบบ,คน
22521,4369,2563,ลูกจ้างรัฐบาล,หญิง,สมุทรสาคร,แรงงานในระบบ,คน
218469,4370,2563,ลูกจ้างเอกชน,หญิง,สมุทรสาคร,แรงงานในระบบ,คน
7878,4371,2563,นายจ้าง,ชาย,สมุทรสาคร,แรงงานนอกระบบ,คน
49210,4372,2563,ประกอบธุรกิจส่วนตัว,ชาย,สมุทรสาคร,แรงงานนอกระบบ,คน
26062,4373,2563,ช่วยธุรกิจครัวเรือน,ชาย,สมุทรสาคร,แรงงานนอกระบบ,คน
7586,4374,2563,ลูกจ้างเอกชน,ชาย,สมุทรสาคร,แรงงานนอกระบบ,คน
1375,4375,2563,นายจ้าง,หญิง,สมุทรสาคร,แรงงานนอกระบบ,คน
38125,4376,2563,ประกอบธุรกิจส่วนตัว,หญิง,สมุทรสาคร,แรงงานนอกระบบ,คน
33251,4377,2563,ช่วยธุรกิจครัวเรือน,หญิง,สมุทรสาคร,แรงงานนอกระบบ,คน
3177,4378,2563,ลูกจ้างเอกชน,หญิง,สมุทรสาคร,แรงงานนอกระบบ,คน
579,4379,2563,ประกอบธุรกิจส่วนตัว,ชาย,สมุทรสงคราม,แรงงานในระบบ,คน
252,4380,2563,ช่วยธุรกิจครัวเรือน,ชาย,สมุทรสงคราม,แรงงานในระบบ,คน
5381,4381,2563,ลูกจ้างรัฐบาล,ชาย,สมุทรสงคราม,แรงงานในระบบ,คน
22387,4382,2563,ลูกจ้างเอกชน,ชาย,สมุทรสงคราม,แรงงานในระบบ,คน
117,4383,2563,นายจ้าง,หญิง,สมุทรสงคราม,แรงงานในระบบ,คน
660,4384,2563,ประกอบธุรกิจส่วนตัว,หญิง,สมุทรสงคราม,แรงงานในระบบ,คน
554,4385,2563,ช่วยธุรกิจครัวเรือน,หญิง,สมุทรสงคราม,แรงงานในระบบ,คน
4869,4386,2563,ลูกจ้างรัฐบาล,หญิง,สมุทรสงคราม,แรงงานในระบบ,คน
18936,4387,2563,ลูกจ้างเอกชน,หญิง,สมุทรสงคราม,แรงงานในระบบ,คน
1874,4388,2563,นายจ้าง,ชาย,สมุทรสงคราม,แรงงานนอกระบบ,คน
15517,4389,2563,ประกอบธุรกิจส่วนตัว,ชาย,สมุทรสงคราม,แรงงานนอกระบบ,คน
7641,4390,2563,ช่วยธุรกิจครัวเรือน,ชาย,สมุทรสงคราม,แรงงานนอกระบบ,คน
120,4391,2563,ลูกจ้างรัฐบาล,ชาย,สมุทรสงคราม,แรงงานนอกระบบ,คน
6345,4392,2563,ลูกจ้างเอกชน,ชาย,สมุทรสงคราม,แรงงานนอกระบบ,คน
1039,4393,2563,นายจ้าง,หญิง,สมุทรสงคราม,แรงงานนอกระบบ,คน
13566,4394,2563,ประกอบธุรกิจส่วนตัว,หญิง,สมุทรสงคราม,แรงงานนอกระบบ,คน
7300,4395,2563,ช่วยธุรกิจครัวเรือน,หญิง,สมุทรสงคราม,แรงงานนอกระบบ,คน
67,4396,2563,ลูกจ้างรัฐบาล,หญิง,สมุทรสงคราม,แรงงานนอกระบบ,คน
3010,4397,2563,ลูกจ้างเอกชน,หญิง,สมุทรสงคราม,แรงงานนอกระบบ,คน
196,4398,2563,นายจ้าง,ชาย,เพชรบุรี,แรงงานในระบบ,คน
2031,4399,2563,ประกอบธุรกิจส่วนตัว,ชาย,เพชรบุรี,แรงงานในระบบ,คน
339,4400,2563,ช่วยธุรกิจครัวเรือน,ชาย,เพชรบุรี,แรงงานในระบบ,คน
15610,4401,2563,ลูกจ้างรัฐบาล,ชาย,เพชรบุรี,แรงงานในระบบ,คน
51605,4402,2563,ลูกจ้างเอกชน,ชาย,เพชรบุรี,แรงงานในระบบ,คน
100,4403,2563,นายจ้าง,หญิง,เพชรบุรี,แรงงานในระบบ,คน
1714,4404,2563,ประกอบธุรกิจส่วนตัว,หญิง,เพชรบุรี,แรงงานในระบบ,คน
1022,4405,2563,ช่วยธุรกิจครัวเรือน,หญิง,เพชรบุรี,แรงงานในระบบ,คน
14018,4406,2563,ลูกจ้างรัฐบาล,หญิง,เพชรบุรี,แรงงานในระบบ,คน
41648,4407,2563,ลูกจ้างเอกชน,หญิง,เพชรบุรี,แรงงานในระบบ,คน
96,4408,2563,การรวมกลุ่ม,หญิง,เพชรบุรี,แรงงานในระบบ,คน
4542,4409,2563,นายจ้าง,ชาย,เพชรบุรี,แรงงานนอกระบบ,คน
45060,4410,2563,ประกอบธุรกิจส่วนตัว,ชาย,เพชรบุรี,แรงงานนอกระบบ,คน
15444,4411,2563,ช่วยธุรกิจครัวเรือน,ชาย,เพชรบุรี,แรงงานนอกระบบ,คน
56,4412,2563,ลูกจ้างรัฐบาล,ชาย,เพชรบุรี,แรงงานนอกระบบ,คน
13466,4413,2563,ลูกจ้างเอกชน,ชาย,เพชรบุรี,แรงงานนอกระบบ,คน
2171,4414,2563,นายจ้าง,หญิง,เพชรบุรี,แรงงานนอกระบบ,คน
39836,4415,2563,ประกอบธุรกิจส่วนตัว,หญิง,เพชรบุรี,แรงงานนอกระบบ,คน
22997,4416,2563,ช่วยธุรกิจครัวเรือน,หญิง,เพชรบุรี,แรงงานนอกระบบ,คน
1125,4417,2563,ลูกจ้างรัฐบาล,หญิง,เพชรบุรี,แรงงานนอกระบบ,คน
5921,4418,2563,ลูกจ้างเอกชน,หญิง,เพชรบุรี,แรงงานนอกระบบ,คน
433,4419,2563,นายจ้าง,ชาย,ประจวบคีรีขันธ์,แรงงานในระบบ,คน
1185,4420,2563,ประกอบธุรกิจส่วนตัว,ชาย,ประจวบคีรีขันธ์,แรงงานในระบบ,คน
285,4421,2563,ช่วยธุรกิจครัวเรือน,ชาย,ประจวบคีรีขันธ์,แรงงานในระบบ,คน
7810,4422,2563,ลูกจ้างรัฐบาล,ชาย,ประจวบคีรีขันธ์,แรงงานในระบบ,คน
59276,4423,2563,ลูกจ้างเอกชน,ชาย,ประจวบคีรีขันธ์,แรงงานในระบบ,คน
1742,4424,2563,ประกอบธุรกิจส่วนตัว,หญิง,ประจวบคีรีขันธ์,แรงงานในระบบ,คน
210,4425,2563,ช่วยธุรกิจครัวเรือน,หญิง,ประจวบคีรีขันธ์,แรงงานในระบบ,คน
11501,4426,2563,ลูกจ้างรัฐบาล,หญิง,ประจวบคีรีขันธ์,แรงงานในระบบ,คน
38169,4427,2563,ลูกจ้างเอกชน,หญิง,ประจวบคีรีขันธ์,แรงงานในระบบ,คน
4914,4428,2563,นายจ้าง,ชาย,ประจวบคีรีขันธ์,แรงงานนอกระบบ,คน
44401,4429,2563,ประกอบธุรกิจส่วนตัว,ชาย,ประจวบคีรีขันธ์,แรงงานนอกระบบ,คน
17963,4430,2563,ช่วยธุรกิจครัวเรือน,ชาย,ประจวบคีรีขันธ์,แรงงานนอกระบบ,คน
310,4431,2563,ลูกจ้างรัฐบาล,ชาย,ประจวบคีรีขันธ์,แรงงานนอกระบบ,คน
12227,4432,2563,ลูกจ้างเอกชน,ชาย,ประจวบคีรีขันธ์,แรงงานนอกระบบ,คน
2334,4433,2563,นายจ้าง,หญิง,ประจวบคีรีขันธ์,แรงงานนอกระบบ,คน
35889,4434,2563,ประกอบธุรกิจส่วนตัว,หญิง,ประจวบคีรีขันธ์,แรงงานนอกระบบ,คน
19168,4435,2563,ช่วยธุรกิจครัวเรือน,หญิง,ประจวบคีรีขันธ์,แรงงานนอกระบบ,คน
458,4436,2563,ลูกจ้างรัฐบาล,หญิง,ประจวบคีรีขันธ์,แรงงานนอกระบบ,คน
3800,4437,2563,ลูกจ้างเอกชน,หญิง,ประจวบคีรีขันธ์,แรงงานนอกระบบ,คน
1803,4438,2564,นายจ้าง,ชาย,สมุทรปราการ,แรงงานในระบบ,คน
65113,4439,2564,ประกอบธุรกิจส่วนตัว,ชาย,สมุทรปราการ,แรงงานในระบบ,คน
8010,4440,2564,ช่วยธุรกิจครัวเรือน,ชาย,สมุทรปราการ,แรงงานในระบบ,คน
29726,4441,2564,ลูกจ้างรัฐบาล,ชาย,สมุทรปราการ,แรงงานในระบบ,คน
491458,4442,2564,ลูกจ้างเอกชน,ชาย,สมุทรปราการ,แรงงานในระบบ,คน
2544,4443,2564,นายจ้าง,หญิง,สมุทรปราการ,แรงงานในระบบ,คน
24946,4444,2564,ประกอบธุรกิจส่วนตัว,หญิง,สมุทรปราการ,แรงงานในระบบ,คน
7140,4445,2564,ช่วยธุรกิจครัวเรือน,หญิง,สมุทรปราการ,แรงงานในระบบ,คน
29660,4446,2564,ลูกจ้างรัฐบาล,หญิง,สมุทรปราการ,แรงงานในระบบ,คน
442295,4447,2564,ลูกจ้างเอกชน,หญิง,สมุทรปราการ,แรงงานในระบบ,คน
21340,4448,2564,นายจ้าง,ชาย,สมุทรปราการ,แรงงานนอกระบบ,คน
93157,4449,2564,ประกอบธุรกิจส่วนตัว,ชาย,สมุทรปราการ,แรงงานนอกระบบ,คน
20288,4450,2564,ช่วยธุรกิจครัวเรือน,ชาย,สมุทรปราการ,แรงงานนอกระบบ,คน
3350,4451,2564,ลูกจ้างเอกชน,ชาย,สมุทรปราการ,แรงงานนอกระบบ,คน
4088,4452,2564,นายจ้าง,หญิง,สมุทรปราการ,แรงงานนอกระบบ,คน
73841,4453,2564,ประกอบธุรกิจส่วนตัว,หญิง,สมุทรปราการ,แรงงานนอกระบบ,คน
40734,4454,2564,ช่วยธุรกิจครัวเรือน,หญิง,สมุทรปราการ,แรงงานนอกระบบ,คน
2542,4455,2564,ลูกจ้างเอกชน,หญิง,สมุทรปราการ,แรงงานนอกระบบ,คน
2867,4456,2564,นายจ้าง,ชาย,นนทบุรี,แรงงานในระบบ,คน
20522,4457,2564,ประกอบธุรกิจส่วนตัว,ชาย,นนทบุรี,แรงงานในระบบ,คน
11360,4458,2564,ช่วยธุรกิจครัวเรือน,ชาย,นนทบุรี,แรงงานในระบบ,คน
69465,4459,2564,ลูกจ้างรัฐบาล,ชาย,นนทบุรี,แรงงานในระบบ,คน
252616,4460,2564,ลูกจ้างเอกชน,ชาย,นนทบุรี,แรงงานในระบบ,คน
1991,4461,2564,นายจ้าง,หญิง,นนทบุรี,แรงงานในระบบ,คน
16564,4462,2564,ประกอบธุรกิจส่วนตัว,หญิง,นนทบุรี,แรงงานในระบบ,คน
4915,4463,2564,ช่วยธุรกิจครัวเรือน,หญิง,นนทบุรี,แรงงานในระบบ,คน
83016,4464,2564,ลูกจ้างรัฐบาล,หญิง,นนทบุรี,แรงงานในระบบ,คน
236721,4465,2564,ลูกจ้างเอกชน,หญิง,นนทบุรี,แรงงานในระบบ,คน
25905,4466,2564,นายจ้าง,ชาย,นนทบุรี,แรงงานนอกระบบ,คน
98633,4467,2564,ประกอบธุรกิจส่วนตัว,ชาย,นนทบุรี,แรงงานนอกระบบ,คน
23452,4468,2564,ช่วยธุรกิจครัวเรือน,ชาย,นนทบุรี,แรงงานนอกระบบ,คน
412,4469,2564,ลูกจ้างรัฐบาล,ชาย,นนทบุรี,แรงงานนอกระบบ,คน
3260,4470,2564,ลูกจ้างเอกชน,ชาย,นนทบุรี,แรงงานนอกระบบ,คน
10519,4471,2564,นายจ้าง,หญิง,นนทบุรี,แรงงานนอกระบบ,คน
69526,4472,2564,ประกอบธุรกิจส่วนตัว,หญิง,นนทบุรี,แรงงานนอกระบบ,คน
25063,4473,2564,ช่วยธุรกิจครัวเรือน,หญิง,นนทบุรี,แรงงานนอกระบบ,คน
2901,4474,2564,ลูกจ้างเอกชน,หญิง,นนทบุรี,แรงงานนอกระบบ,คน
7606,4475,2564,นายจ้าง,ชาย,ปทุมธานี,แรงงานในระบบ,คน
41689,4476,2564,ประกอบธุรกิจส่วนตัว,ชาย,ปทุมธานี,แรงงานในระบบ,คน
3358,4477,2564,ช่วยธุรกิจครัวเรือน,ชาย,ปทุมธานี,แรงงานในระบบ,คน
35088,4478,2564,ลูกจ้างรัฐบาล,ชาย,ปทุมธานี,แรงงานในระบบ,คน
301904,4479,2564,ลูกจ้างเอกชน,ชาย,ปทุมธานี,แรงงานในระบบ,คน
1721,4480,2564,นายจ้าง,หญิง,ปทุมธานี,แรงงานในระบบ,คน
31133,4481,2564,ประกอบธุรกิจส่วนตัว,หญิง,ปทุมธานี,แรงงานในระบบ,คน
8950,4482,2564,ช่วยธุรกิจครัวเรือน,หญิง,ปทุมธานี,แรงงานในระบบ,คน
37415,4483,2564,ลูกจ้างรัฐบาล,หญิง,ปทุมธานี,แรงงานในระบบ,คน
286701,4484,2564,ลูกจ้างเอกชน,หญิง,ปทุมธานี,แรงงานในระบบ,คน
23128,4485,2564,นายจ้าง,ชาย,ปทุมธานี,แรงงานนอกระบบ,คน
69629,4486,2564,ประกอบธุรกิจส่วนตัว,ชาย,ปทุมธานี,แรงงานนอกระบบ,คน
14049,4487,2564,ช่วยธุรกิจครัวเรือน,ชาย,ปทุมธานี,แรงงานนอกระบบ,คน
4282,4488,2564,ลูกจ้างเอกชน,ชาย,ปทุมธานี,แรงงานนอกระบบ,คน
1878,4489,2564,นายจ้าง,หญิง,ปทุมธานี,แรงงานนอกระบบ,คน
44640,4490,2564,ประกอบธุรกิจส่วนตัว,หญิง,ปทุมธานี,แรงงานนอกระบบ,คน
28670,4491,2564,ช่วยธุรกิจครัวเรือน,หญิง,ปทุมธานี,แรงงานนอกระบบ,คน
1083,4492,2564,ลูกจ้างเอกชน,หญิง,ปทุมธานี,แรงงานนอกระบบ,คน
452,4493,2564,การรวมกลุ่ม,หญิง,ปทุมธานี,แรงงานนอกระบบ,คน
529,4494,2564,นายจ้าง,ชาย,พระนครศรีอยุธยา,แรงงานในระบบ,คน
8720,4495,2564,ประกอบธุรกิจส่วนตัว,ชาย,พระนครศรีอยุธยา,แรงงานในระบบ,คน
1574,4496,2564,ช่วยธุรกิจครัวเรือน,ชาย,พระนครศรีอยุธยา,แรงงานในระบบ,คน
23759,4497,2564,ลูกจ้างรัฐบาล,ชาย,พระนครศรีอยุธยา,แรงงานในระบบ,คน
142596,4498,2564,ลูกจ้างเอกชน,ชาย,พระนครศรีอยุธยา,แรงงานในระบบ,คน
7563,4499,2564,ประกอบธุรกิจส่วนตัว,หญิง,พระนครศรีอยุธยา,แรงงานในระบบ,คน
2554,4500,2564,ช่วยธุรกิจครัวเรือน,หญิง,พระนครศรีอยุธยา,แรงงานในระบบ,คน
25364,4501,2564,ลูกจ้างรัฐบาล,หญิง,พระนครศรีอยุธยา,แรงงานในระบบ,คน
129500,4502,2564,ลูกจ้างเอกชน,หญิง,พระนครศรีอยุธยา,แรงงานในระบบ,คน
4982,4503,2564,นายจ้าง,ชาย,พระนครศรีอยุธยา,แรงงานนอกระบบ,คน
58563,4504,2564,ประกอบธุรกิจส่วนตัว,ชาย,พระนครศรีอยุธยา,แรงงานนอกระบบ,คน
14339,4505,2564,ช่วยธุรกิจครัวเรือน,ชาย,พระนครศรีอยุธยา,แรงงานนอกระบบ,คน
910,4506,2564,ลูกจ้างรัฐบาล,ชาย,พระนครศรีอยุธยา,แรงงานนอกระบบ,คน
2118,4507,2564,ลูกจ้างเอกชน,ชาย,พระนครศรีอยุธยา,แรงงานนอกระบบ,คน
4174,4508,2564,นายจ้าง,หญิง,พระนครศรีอยุธยา,แรงงานนอกระบบ,คน
37183,4509,2564,ประกอบธุรกิจส่วนตัว,หญิง,พระนครศรีอยุธยา,แรงงานนอกระบบ,คน
16891,4510,2564,ช่วยธุรกิจครัวเรือน,หญิง,พระนครศรีอยุธยา,แรงงานนอกระบบ,คน
915,4511,2564,ลูกจ้างรัฐบาล,หญิง,พระนครศรีอยุธยา,แรงงานนอกระบบ,คน
55,4512,2564,นายจ้าง,ชาย,อ่างทอง,แรงงานในระบบ,คน
2956,4513,2564,ประกอบธุรกิจส่วนตัว,ชาย,อ่างทอง,แรงงานในระบบ,คน
1601,4514,2564,ช่วยธุรกิจครัวเรือน,ชาย,อ่างทอง,แรงงานในระบบ,คน
7764,4515,2564,ลูกจ้างรัฐบาล,ชาย,อ่างทอง,แรงงานในระบบ,คน
23032,4516,2564,ลูกจ้างเอกชน,ชาย,อ่างทอง,แรงงานในระบบ,คน
96,4517,2564,นายจ้าง,หญิง,อ่างทอง,แรงงานในระบบ,คน
3038,4518,2564,ประกอบธุรกิจส่วนตัว,หญิง,อ่างทอง,แรงงานในระบบ,คน
819,4519,2564,ช่วยธุรกิจครัวเรือน,หญิง,อ่างทอง,แรงงานในระบบ,คน
10650,4520,2564,ลูกจ้างรัฐบาล,หญิง,อ่างทอง,แรงงานในระบบ,คน
21096,4521,2564,ลูกจ้างเอกชน,หญิง,อ่างทอง,แรงงานในระบบ,คน
1083,4522,2564,นายจ้าง,ชาย,อ่างทอง,แรงงานนอกระบบ,คน
16891,4523,2564,ประกอบธุรกิจส่วนตัว,ชาย,อ่างทอง,แรงงานนอกระบบ,คน
8498,4524,2564,ช่วยธุรกิจครัวเรือน,ชาย,อ่างทอง,แรงงานนอกระบบ,คน
381,4525,2564,ลูกจ้างรัฐบาล,ชาย,อ่างทอง,แรงงานนอกระบบ,คน
4021,4526,2564,ลูกจ้างเอกชน,ชาย,อ่างทอง,แรงงานนอกระบบ,คน
735,4527,2564,นายจ้าง,หญิง,อ่างทอง,แรงงานนอกระบบ,คน
17306,4528,2564,ประกอบธุรกิจส่วนตัว,หญิง,อ่างทอง,แรงงานนอกระบบ,คน
6546,4529,2564,ช่วยธุรกิจครัวเรือน,หญิง,อ่างทอง,แรงงานนอกระบบ,คน
172,4530,2564,ลูกจ้างรัฐบาล,หญิง,อ่างทอง,แรงงานนอกระบบ,คน
1902,4531,2564,ลูกจ้างเอกชน,หญิง,อ่างทอง,แรงงานนอกระบบ,คน
732,4532,2564,นายจ้าง,ชาย,ลพบุรี,แรงงานในระบบ,คน
3748,4533,2564,ประกอบธุรกิจส่วนตัว,ชาย,ลพบุรี,แรงงานในระบบ,คน
729,4534,2564,ช่วยธุรกิจครัวเรือน,ชาย,ลพบุรี,แรงงานในระบบ,คน
19125,4535,2564,ลูกจ้างรัฐบาล,ชาย,ลพบุรี,แรงงานในระบบ,คน
73944,4536,2564,ลูกจ้างเอกชน,ชาย,ลพบุรี,แรงงานในระบบ,คน
527,4537,2564,นายจ้าง,หญิง,ลพบุรี,แรงงานในระบบ,คน
2189,4538,2564,ประกอบธุรกิจส่วนตัว,หญิง,ลพบุรี,แรงงานในระบบ,คน
1009,4539,2564,ช่วยธุรกิจครัวเรือน,หญิง,ลพบุรี,แรงงานในระบบ,คน
15966,4540,2564,ลูกจ้างรัฐบาล,หญิง,ลพบุรี,แรงงานในระบบ,คน
54927,4541,2564,ลูกจ้างเอกชน,หญิง,ลพบุรี,แรงงานในระบบ,คน
3490,4542,2564,นายจ้าง,ชาย,ลพบุรี,แรงงานนอกระบบ,คน
69777,4543,2564,ประกอบธุรกิจส่วนตัว,ชาย,ลพบุรี,แรงงานนอกระบบ,คน
36618,4544,2564,ช่วยธุรกิจครัวเรือน,ชาย,ลพบุรี,แรงงานนอกระบบ,คน
466,4545,2564,ลูกจ้างรัฐบาล,ชาย,ลพบุรี,แรงงานนอกระบบ,คน
30202,4546,2564,ลูกจ้างเอกชน,ชาย,ลพบุรี,แรงงานนอกระบบ,คน
2389,4547,2564,นายจ้าง,หญิง,ลพบุรี,แรงงานนอกระบบ,คน
51642,4548,2564,ประกอบธุรกิจส่วนตัว,หญิง,ลพบุรี,แรงงานนอกระบบ,คน
46186,4549,2564,ช่วยธุรกิจครัวเรือน,หญิง,ลพบุรี,แรงงานนอกระบบ,คน
665,4550,2564,ลูกจ้างรัฐบาล,หญิง,ลพบุรี,แรงงานนอกระบบ,คน
14442,4551,2564,ลูกจ้างเอกชน,หญิง,ลพบุรี,แรงงานนอกระบบ,คน
212,4552,2564,นายจ้าง,ชาย,สิงห์บุรี,แรงงานในระบบ,คน
3339,4553,2564,ประกอบธุรกิจส่วนตัว,ชาย,สิงห์บุรี,แรงงานในระบบ,คน
677,4554,2564,ช่วยธุรกิจครัวเรือน,ชาย,สิงห์บุรี,แรงงานในระบบ,คน
8113,4555,2564,ลูกจ้างรัฐบาล,ชาย,สิงห์บุรี,แรงงานในระบบ,คน
18736,4556,2564,ลูกจ้างเอกชน,ชาย,สิงห์บุรี,แรงงานในระบบ,คน
83,4557,2564,นายจ้าง,หญิง,สิงห์บุรี,แรงงานในระบบ,คน
2111,4558,2564,ประกอบธุรกิจส่วนตัว,หญิง,สิงห์บุรี,แรงงานในระบบ,คน
1182,4559,2564,ช่วยธุรกิจครัวเรือน,หญิง,สิงห์บุรี,แรงงานในระบบ,คน
7602,4560,2564,ลูกจ้างรัฐบาล,หญิง,สิงห์บุรี,แรงงานในระบบ,คน
16116,4561,2564,ลูกจ้างเอกชน,หญิง,สิงห์บุรี,แรงงานในระบบ,คน
1201,4562,2564,นายจ้าง,ชาย,สิงห์บุรี,แรงงานนอกระบบ,คน
14610,4563,2564,ประกอบธุรกิจส่วนตัว,ชาย,สิงห์บุรี,แรงงานนอกระบบ,คน
3970,4564,2564,ช่วยธุรกิจครัวเรือน,ชาย,สิงห์บุรี,แรงงานนอกระบบ,คน
235,4565,2564,ลูกจ้างรัฐบาล,ชาย,สิงห์บุรี,แรงงานนอกระบบ,คน
2122,4566,2564,ลูกจ้างเอกชน,ชาย,สิงห์บุรี,แรงงานนอกระบบ,คน
492,4567,2564,นายจ้าง,หญิง,สิงห์บุรี,แรงงานนอกระบบ,คน
14863,4568,2564,ประกอบธุรกิจส่วนตัว,หญิง,สิงห์บุรี,แรงงานนอกระบบ,คน
6195,4569,2564,ช่วยธุรกิจครัวเรือน,หญิง,สิงห์บุรี,แรงงานนอกระบบ,คน
180,4570,2564,ลูกจ้างรัฐบาล,หญิง,สิงห์บุรี,แรงงานนอกระบบ,คน
781,4571,2564,ลูกจ้างเอกชน,หญิง,สิงห์บุรี,แรงงานนอกระบบ,คน
97,4572,2564,นายจ้าง,ชาย,ชัยนาท,แรงงานในระบบ,คน
803,4573,2564,ประกอบธุรกิจส่วนตัว,ชาย,ชัยนาท,แรงงานในระบบ,คน
81,4574,2564,ช่วยธุรกิจครัวเรือน,ชาย,ชัยนาท,แรงงานในระบบ,คน
8035,4575,2564,ลูกจ้างรัฐบาล,ชาย,ชัยนาท,แรงงานในระบบ,คน
22735,4576,2564,ลูกจ้างเอกชน,ชาย,ชัยนาท,แรงงานในระบบ,คน
1211,4577,2564,ประกอบธุรกิจส่วนตัว,หญิง,ชัยนาท,แรงงานในระบบ,คน
246,4578,2564,ช่วยธุรกิจครัวเรือน,หญิง,ชัยนาท,แรงงานในระบบ,คน
12323,4579,2564,ลูกจ้างรัฐบาล,หญิง,ชัยนาท,แรงงานในระบบ,คน
16966,4580,2564,ลูกจ้างเอกชน,หญิง,ชัยนาท,แรงงานในระบบ,คน
3421,4581,2564,นายจ้าง,ชาย,ชัยนาท,แรงงานนอกระบบ,คน
38713,4582,2564,ประกอบธุรกิจส่วนตัว,ชาย,ชัยนาท,แรงงานนอกระบบ,คน
12285,4583,2564,ช่วยธุรกิจครัวเรือน,ชาย,ชัยนาท,แรงงานนอกระบบ,คน
585,4584,2564,ลูกจ้างรัฐบาล,ชาย,ชัยนาท,แรงงานนอกระบบ,คน
6040,4585,2564,ลูกจ้างเอกชน,ชาย,ชัยนาท,แรงงานนอกระบบ,คน
551,4586,2564,นายจ้าง,หญิง,ชัยนาท,แรงงานนอกระบบ,คน
32006,4587,2564,ประกอบธุรกิจส่วนตัว,หญิง,ชัยนาท,แรงงานนอกระบบ,คน
17604,4588,2564,ช่วยธุรกิจครัวเรือน,หญิง,ชัยนาท,แรงงานนอกระบบ,คน
1277,4589,2564,ลูกจ้างรัฐบาล,หญิง,ชัยนาท,แรงงานนอกระบบ,คน
2362,4590,2564,ลูกจ้างเอกชน,หญิง,ชัยนาท,แรงงานนอกระบบ,คน
265,4591,2564,การรวมกลุ่ม,หญิง,ชัยนาท,แรงงานนอกระบบ,คน
3014,4592,2564,ประกอบธุรกิจส่วนตัว,ชาย,สระบุรี,แรงงานในระบบ,คน
383,4593,2564,ช่วยธุรกิจครัวเรือน,ชาย,สระบุรี,แรงงานในระบบ,คน
13961,4594,2564,ลูกจ้างรัฐบาล,ชาย,สระบุรี,แรงงานในระบบ,คน
120575,4595,2564,ลูกจ้างเอกชน,ชาย,สระบุรี,แรงงานในระบบ,คน
2662,4596,2564,ประกอบธุรกิจส่วนตัว,หญิง,สระบุรี,แรงงานในระบบ,คน
326,4597,2564,ช่วยธุรกิจครัวเรือน,หญิง,สระบุรี,แรงงานในระบบ,คน
17403,4598,2564,ลูกจ้างรัฐบาล,หญิง,สระบุรี,แรงงานในระบบ,คน
75884,4599,2564,ลูกจ้างเอกชน,หญิง,สระบุรี,แรงงานในระบบ,คน
2769,4600,2564,นายจ้าง,ชาย,สระบุรี,แรงงานนอกระบบ,คน
52781,4601,2564,ประกอบธุรกิจส่วนตัว,ชาย,สระบุรี,แรงงานนอกระบบ,คน
17569,4602,2564,ช่วยธุรกิจครัวเรือน,ชาย,สระบุรี,แรงงานนอกระบบ,คน
389,4603,2564,ลูกจ้างรัฐบาล,ชาย,สระบุรี,แรงงานนอกระบบ,คน
1631,4604,2564,ลูกจ้างเอกชน,ชาย,สระบุรี,แรงงานนอกระบบ,คน
424,4605,2564,การรวมกลุ่ม,ชาย,สระบุรี,แรงงานนอกระบบ,คน
1426,4606,2564,นายจ้าง,หญิง,สระบุรี,แรงงานนอกระบบ,คน
35815,4607,2564,ประกอบธุรกิจส่วนตัว,หญิง,สระบุรี,แรงงานนอกระบบ,คน
26828,4608,2564,ช่วยธุรกิจครัวเรือน,หญิง,สระบุรี,แรงงานนอกระบบ,คน
1411,4609,2564,ลูกจ้างรัฐบาล,หญิง,สระบุรี,แรงงานนอกระบบ,คน
1940,4610,2564,ลูกจ้างเอกชน,หญิง,สระบุรี,แรงงานนอกระบบ,คน
206,4611,2564,การรวมกลุ่ม,หญิง,สระบุรี,แรงงานนอกระบบ,คน
5312,4612,2564,นายจ้าง,ชาย,ชลบุรี,แรงงานในระบบ,คน
28600,4613,2564,ประกอบธุรกิจส่วนตัว,ชาย,ชลบุรี,แรงงานในระบบ,คน
12573,4614,2564,ช่วยธุรกิจครัวเรือน,ชาย,ชลบุรี,แรงงานในระบบ,คน
24613,4615,2564,ลูกจ้างรัฐบาล,ชาย,ชลบุรี,แรงงานในระบบ,คน
355640,4616,2564,ลูกจ้างเอกชน,ชาย,ชลบุรี,แรงงานในระบบ,คน
584,4617,2564,นายจ้าง,หญิง,ชลบุรี,แรงงานในระบบ,คน
21267,4618,2564,ประกอบธุรกิจส่วนตัว,หญิง,ชลบุรี,แรงงานในระบบ,คน
16512,4619,2564,ช่วยธุรกิจครัวเรือน,หญิง,ชลบุรี,แรงงานในระบบ,คน
42829,4620,2564,ลูกจ้างรัฐบาล,หญิง,ชลบุรี,แรงงานในระบบ,คน
262569,4621,2564,ลูกจ้างเอกชน,หญิง,ชลบุรี,แรงงานในระบบ,คน
15768,4622,2564,นายจ้าง,ชาย,ชลบุรี,แรงงานนอกระบบ,คน
108552,4623,2564,ประกอบธุรกิจส่วนตัว,ชาย,ชลบุรี,แรงงานนอกระบบ,คน
29661,4624,2564,ช่วยธุรกิจครัวเรือน,ชาย,ชลบุรี,แรงงานนอกระบบ,คน
314,4625,2564,ลูกจ้างรัฐบาล,ชาย,ชลบุรี,แรงงานนอกระบบ,คน
6071,4626,2564,ลูกจ้างเอกชน,ชาย,ชลบุรี,แรงงานนอกระบบ,คน
7015,4627,2564,นายจ้าง,หญิง,ชลบุรี,แรงงานนอกระบบ,คน
69813,4628,2564,ประกอบธุรกิจส่วนตัว,หญิง,ชลบุรี,แรงงานนอกระบบ,คน
51256,4629,2564,ช่วยธุรกิจครัวเรือน,หญิง,ชลบุรี,แรงงานนอกระบบ,คน
296,4630,2564,ลูกจ้างรัฐบาล,หญิง,ชลบุรี,แรงงานนอกระบบ,คน
275,4631,2564,ลูกจ้างเอกชน,หญิง,ชลบุรี,แรงงานนอกระบบ,คน
1464,4632,2564,นายจ้าง,ชาย,ระยอง,แรงงานในระบบ,คน
2767,4633,2564,ประกอบธุรกิจส่วนตัว,ชาย,ระยอง,แรงงานในระบบ,คน
240,4634,2564,ช่วยธุรกิจครัวเรือน,ชาย,ระยอง,แรงงานในระบบ,คน
8058,4635,2564,ลูกจ้างรัฐบาล,ชาย,ระยอง,แรงงานในระบบ,คน
213819,4636,2564,ลูกจ้างเอกชน,ชาย,ระยอง,แรงงานในระบบ,คน
1354,4637,2564,ประกอบธุรกิจส่วนตัว,หญิง,ระยอง,แรงงานในระบบ,คน
309,4638,2564,ช่วยธุรกิจครัวเรือน,หญิง,ระยอง,แรงงานในระบบ,คน
11588,4639,2564,ลูกจ้างรัฐบาล,หญิง,ระยอง,แรงงานในระบบ,คน
124713,4640,2564,ลูกจ้างเอกชน,หญิง,ระยอง,แรงงานในระบบ,คน
9752,4641,2564,นายจ้าง,ชาย,ระยอง,แรงงานนอกระบบ,คน
69976,4642,2564,ประกอบธุรกิจส่วนตัว,ชาย,ระยอง,แรงงานนอกระบบ,คน
16210,4643,2564,ช่วยธุรกิจครัวเรือน,ชาย,ระยอง,แรงงานนอกระบบ,คน
8201,4644,2564,ลูกจ้างเอกชน,ชาย,ระยอง,แรงงานนอกระบบ,คน
4408,4645,2564,นายจ้าง,หญิง,ระยอง,แรงงานนอกระบบ,คน
61819,4646,2564,ประกอบธุรกิจส่วนตัว,หญิง,ระยอง,แรงงานนอกระบบ,คน
31083,4647,2564,ช่วยธุรกิจครัวเรือน,หญิง,ระยอง,แรงงานนอกระบบ,คน
1119,4648,2564,ลูกจ้างเอกชน,หญิง,ระยอง,แรงงานนอกระบบ,คน
254,4649,2564,นายจ้าง,ชาย,จันทบุรี,แรงงานในระบบ,คน
938,4650,2564,ประกอบธุรกิจส่วนตัว,ชาย,จันทบุรี,แรงงานในระบบ,คน
1471,4651,2564,ช่วยธุรกิจครัวเรือน,ชาย,จันทบุรี,แรงงานในระบบ,คน
9122,4652,2564,ลูกจ้างรัฐบาล,ชาย,จันทบุรี,แรงงานในระบบ,คน
48358,4653,2564,ลูกจ้างเอกชน,ชาย,จันทบุรี,แรงงานในระบบ,คน
123,4654,2564,นายจ้าง,หญิง,จันทบุรี,แรงงานในระบบ,คน
1570,4655,2564,ประกอบธุรกิจส่วนตัว,หญิง,จันทบุรี,แรงงานในระบบ,คน
742,4656,2564,ช่วยธุรกิจครัวเรือน,หญิง,จันทบุรี,แรงงานในระบบ,คน
13777,4657,2564,ลูกจ้างรัฐบาล,หญิง,จันทบุรี,แรงงานในระบบ,คน
40465,4658,2564,ลูกจ้างเอกชน,หญิง,จันทบุรี,แรงงานในระบบ,คน
9071,4659,2564,นายจ้าง,ชาย,จันทบุรี,แรงงานนอกระบบ,คน
79444,4660,2564,ประกอบธุรกิจส่วนตัว,ชาย,จันทบุรี,แรงงานนอกระบบ,คน
39979,4661,2564,ช่วยธุรกิจครัวเรือน,ชาย,จันทบุรี,แรงงานนอกระบบ,คน
1388,4662,2564,ลูกจ้างรัฐบาล,ชาย,จันทบุรี,แรงงานนอกระบบ,คน
5436,4663,2564,ลูกจ้างเอกชน,ชาย,จันทบุรี,แรงงานนอกระบบ,คน
2439,4664,2564,นายจ้าง,หญิง,จันทบุรี,แรงงานนอกระบบ,คน
52750,4665,2564,ประกอบธุรกิจส่วนตัว,หญิง,จันทบุรี,แรงงานนอกระบบ,คน
54344,4666,2564,ช่วยธุรกิจครัวเรือน,หญิง,จันทบุรี,แรงงานนอกระบบ,คน
1166,4667,2564,ลูกจ้างรัฐบาล,หญิง,จันทบุรี,แรงงานนอกระบบ,คน
3511,4668,2564,ลูกจ้างเอกชน,หญิง,จันทบุรี,แรงงานนอกระบบ,คน
291,4669,2564,นายจ้าง,ชาย,ตราด,แรงงานในระบบ,คน
1950,4670,2564,ประกอบธุรกิจส่วนตัว,ชาย,ตราด,แรงงานในระบบ,คน
281,4671,2564,ช่วยธุรกิจครัวเรือน,ชาย,ตราด,แรงงานในระบบ,คน
9301,4672,2564,ลูกจ้างรัฐบาล,ชาย,ตราด,แรงงานในระบบ,คน
30970,4673,2564,ลูกจ้างเอกชน,ชาย,ตราด,แรงงานในระบบ,คน
45,4674,2564,นายจ้าง,หญิง,ตราด,แรงงานในระบบ,คน
2550,4675,2564,ประกอบธุรกิจส่วนตัว,หญิง,ตราด,แรงงานในระบบ,คน
833,4676,2564,ช่วยธุรกิจครัวเรือน,หญิง,ตราด,แรงงานในระบบ,คน
11830,4677,2564,ลูกจ้างรัฐบาล,หญิง,ตราด,แรงงานในระบบ,คน
16317,4678,2564,ลูกจ้างเอกชน,หญิง,ตราด,แรงงานในระบบ,คน
4743,4679,2564,นายจ้าง,ชาย,ตราด,แรงงานนอกระบบ,คน
32345,4680,2564,ประกอบธุรกิจส่วนตัว,ชาย,ตราด,แรงงานนอกระบบ,คน
10193,4681,2564,ช่วยธุรกิจครัวเรือน,ชาย,ตราด,แรงงานนอกระบบ,คน
659,4682,2564,ลูกจ้างรัฐบาล,ชาย,ตราด,แรงงานนอกระบบ,คน
7008,4683,2564,ลูกจ้างเอกชน,ชาย,ตราด,แรงงานนอกระบบ,คน
78,4684,2564,การรวมกลุ่ม,ชาย,ตราด,แรงงานนอกระบบ,คน
1615,4685,2564,นายจ้าง,หญิง,ตราด,แรงงานนอกระบบ,คน
15936,4686,2564,ประกอบธุรกิจส่วนตัว,หญิง,ตราด,แรงงานนอกระบบ,คน
18110,4687,2564,ช่วยธุรกิจครัวเรือน,หญิง,ตราด,แรงงานนอกระบบ,คน
1073,4688,2564,ลูกจ้างรัฐบาล,หญิง,ตราด,แรงงานนอกระบบ,คน
2686,4689,2564,ลูกจ้างเอกชน,หญิง,ตราด,แรงงานนอกระบบ,คน
861,4690,2564,นายจ้าง,ชาย,ฉะเชิงเทรา,แรงงานในระบบ,คน
9517,4691,2564,ประกอบธุรกิจส่วนตัว,ชาย,ฉะเชิงเทรา,แรงงานในระบบ,คน
2074,4692,2564,ช่วยธุรกิจครัวเรือน,ชาย,ฉะเชิงเทรา,แรงงานในระบบ,คน
14345,4693,2564,ลูกจ้างรัฐบาล,ชาย,ฉะเชิงเทรา,แรงงานในระบบ,คน
131440,4694,2564,ลูกจ้างเอกชน,ชาย,ฉะเชิงเทรา,แรงงานในระบบ,คน
4067,4695,2564,ประกอบธุรกิจส่วนตัว,หญิง,ฉะเชิงเทรา,แรงงานในระบบ,คน
989,4696,2564,ช่วยธุรกิจครัวเรือน,หญิง,ฉะเชิงเทรา,แรงงานในระบบ,คน
19323,4697,2564,ลูกจ้างรัฐบาล,หญิง,ฉะเชิงเทรา,แรงงานในระบบ,คน
97036,4698,2564,ลูกจ้างเอกชน,หญิง,ฉะเชิงเทรา,แรงงานในระบบ,คน
7946,4699,2564,นายจ้าง,ชาย,ฉะเชิงเทรา,แรงงานนอกระบบ,คน
64191,4700,2564,ประกอบธุรกิจส่วนตัว,ชาย,ฉะเชิงเทรา,แรงงานนอกระบบ,คน
20283,4701,2564,ช่วยธุรกิจครัวเรือน,ชาย,ฉะเชิงเทรา,แรงงานนอกระบบ,คน
9838,4702,2564,ลูกจ้างเอกชน,ชาย,ฉะเชิงเทรา,แรงงานนอกระบบ,คน
1077,4703,2564,การรวมกลุ่ม,ชาย,ฉะเชิงเทรา,แรงงานนอกระบบ,คน
1615,4704,2564,นายจ้าง,หญิง,ฉะเชิงเทรา,แรงงานนอกระบบ,คน
46204,4705,2564,ประกอบธุรกิจส่วนตัว,หญิง,ฉะเชิงเทรา,แรงงานนอกระบบ,คน
31765,4706,2564,ช่วยธุรกิจครัวเรือน,หญิง,ฉะเชิงเทรา,แรงงานนอกระบบ,คน
173,4707,2564,ลูกจ้างรัฐบาล,หญิง,ฉะเชิงเทรา,แรงงานนอกระบบ,คน
3393,4708,2564,ลูกจ้างเอกชน,หญิง,ฉะเชิงเทรา,แรงงานนอกระบบ,คน
276,4709,2564,การรวมกลุ่ม,หญิง,ฉะเชิงเทรา,แรงงานนอกระบบ,คน
929,4710,2564,นายจ้าง,ชาย,ปราจีนบุรี,แรงงานในระบบ,คน
4570,4711,2564,ประกอบธุรกิจส่วนตัว,ชาย,ปราจีนบุรี,แรงงานในระบบ,คน
4421,4712,2564,ช่วยธุรกิจครัวเรือน,ชาย,ปราจีนบุรี,แรงงานในระบบ,คน
9910,4713,2564,ลูกจ้างรัฐบาล,ชาย,ปราจีนบุรี,แรงงานในระบบ,คน
111703,4714,2564,ลูกจ้างเอกชน,ชาย,ปราจีนบุรี,แรงงานในระบบ,คน
1433,4715,2564,นายจ้าง,หญิง,ปราจีนบุรี,แรงงานในระบบ,คน
5434,4716,2564,ประกอบธุรกิจส่วนตัว,หญิง,ปราจีนบุรี,แรงงานในระบบ,คน
2118,4717,2564,ช่วยธุรกิจครัวเรือน,หญิง,ปราจีนบุรี,แรงงานในระบบ,คน
9032,4718,2564,ลูกจ้างรัฐบาล,หญิง,ปราจีนบุรี,แรงงานในระบบ,คน
97149,4719,2564,ลูกจ้างเอกชน,หญิง,ปราจีนบุรี,แรงงานในระบบ,คน
21368,4720,2564,นายจ้าง,ชาย,ปราจีนบุรี,แรงงานนอกระบบ,คน
34073,4721,2564,ประกอบธุรกิจส่วนตัว,ชาย,ปราจีนบุรี,แรงงานนอกระบบ,คน
11399,4722,2564,ช่วยธุรกิจครัวเรือน,ชาย,ปราจีนบุรี,แรงงานนอกระบบ,คน
5977,4723,2564,ลูกจ้างเอกชน,ชาย,ปราจีนบุรี,แรงงานนอกระบบ,คน
6792,4724,2564,นายจ้าง,หญิง,ปราจีนบุรี,แรงงานนอกระบบ,คน
35824,4725,2564,ประกอบธุรกิจส่วนตัว,หญิง,ปราจีนบุรี,แรงงานนอกระบบ,คน
19975,4726,2564,ช่วยธุรกิจครัวเรือน,หญิง,ปราจีนบุรี,แรงงานนอกระบบ,คน
1566,4727,2564,ลูกจ้างรัฐบาล,หญิง,ปราจีนบุรี,แรงงานนอกระบบ,คน
3912,4728,2564,ลูกจ้างเอกชน,หญิง,ปราจีนบุรี,แรงงานนอกระบบ,คน
4060,4729,2564,ประกอบธุรกิจส่วนตัว,ชาย,นครนายก,แรงงานในระบบ,คน
760,4730,2564,ช่วยธุรกิจครัวเรือน,ชาย,นครนายก,แรงงานในระบบ,คน
7795,4731,2564,ลูกจ้างรัฐบาล,ชาย,นครนายก,แรงงานในระบบ,คน
23555,4732,2564,ลูกจ้างเอกชน,ชาย,นครนายก,แรงงานในระบบ,คน
18,4733,2564,นายจ้าง,หญิง,นครนายก,แรงงานในระบบ,คน
4557,4734,2564,ประกอบธุรกิจส่วนตัว,หญิง,นครนายก,แรงงานในระบบ,คน
1253,4735,2564,ช่วยธุรกิจครัวเรือน,หญิง,นครนายก,แรงงานในระบบ,คน
12033,4736,2564,ลูกจ้างรัฐบาล,หญิง,นครนายก,แรงงานในระบบ,คน
17261,4737,2564,ลูกจ้างเอกชน,หญิง,นครนายก,แรงงานในระบบ,คน
1862,4738,2564,นายจ้าง,ชาย,นครนายก,แรงงานนอกระบบ,คน
25223,4739,2564,ประกอบธุรกิจส่วนตัว,ชาย,นครนายก,แรงงานนอกระบบ,คน
11915,4740,2564,ช่วยธุรกิจครัวเรือน,ชาย,นครนายก,แรงงานนอกระบบ,คน
304,4741,2564,ลูกจ้างรัฐบาล,ชาย,นครนายก,แรงงานนอกระบบ,คน
8332,4742,2564,ลูกจ้างเอกชน,ชาย,นครนายก,แรงงานนอกระบบ,คน
340,4743,2564,นายจ้าง,หญิง,นครนายก,แรงงานนอกระบบ,คน
15815,4744,2564,ประกอบธุรกิจส่วนตัว,หญิง,นครนายก,แรงงานนอกระบบ,คน
10339,4745,2564,ช่วยธุรกิจครัวเรือน,หญิง,นครนายก,แรงงานนอกระบบ,คน
42,4746,2564,ลูกจ้างรัฐบาล,หญิง,นครนายก,แรงงานนอกระบบ,คน
2410,4747,2564,ลูกจ้างเอกชน,หญิง,นครนายก,แรงงานนอกระบบ,คน
342,4748,2564,นายจ้าง,ชาย,สระแก้ว,แรงงานในระบบ,คน
4769,4749,2564,ประกอบธุรกิจส่วนตัว,ชาย,สระแก้ว,แรงงานในระบบ,คน
2135,4750,2564,ช่วยธุรกิจครัวเรือน,ชาย,สระแก้ว,แรงงานในระบบ,คน
19698,4751,2564,ลูกจ้างรัฐบาล,ชาย,สระแก้ว,แรงงานในระบบ,คน
31202,4752,2564,ลูกจ้างเอกชน,ชาย,สระแก้ว,แรงงานในระบบ,คน
276,4753,2564,นายจ้าง,หญิง,สระแก้ว,แรงงานในระบบ,คน
6648,4754,2564,ประกอบธุรกิจส่วนตัว,หญิง,สระแก้ว,แรงงานในระบบ,คน
3708,4755,2564,ช่วยธุรกิจครัวเรือน,หญิง,สระแก้ว,แรงงานในระบบ,คน
18883,4756,2564,ลูกจ้างรัฐบาล,หญิง,สระแก้ว,แรงงานในระบบ,คน
27155,4757,2564,ลูกจ้างเอกชน,หญิง,สระแก้ว,แรงงานในระบบ,คน
3808,4758,2564,นายจ้าง,ชาย,สระแก้ว,แรงงานนอกระบบ,คน
97128,4759,2564,ประกอบธุรกิจส่วนตัว,ชาย,สระแก้ว,แรงงานนอกระบบ,คน
30294,4760,2564,ช่วยธุรกิจครัวเรือน,ชาย,สระแก้ว,แรงงานนอกระบบ,คน
864,4761,2564,ลูกจ้างรัฐบาล,ชาย,สระแก้ว,แรงงานนอกระบบ,คน
7263,4762,2564,ลูกจ้างเอกชน,ชาย,สระแก้ว,แรงงานนอกระบบ,คน
1841,4763,2564,นายจ้าง,หญิง,สระแก้ว,แรงงานนอกระบบ,คน
52802,4764,2564,ประกอบธุรกิจส่วนตัว,หญิง,สระแก้ว,แรงงานนอกระบบ,คน
35779,4765,2564,ช่วยธุรกิจครัวเรือน,หญิง,สระแก้ว,แรงงานนอกระบบ,คน
238,4766,2564,ลูกจ้างรัฐบาล,หญิง,สระแก้ว,แรงงานนอกระบบ,คน
3220,4767,2564,ลูกจ้างเอกชน,หญิง,สระแก้ว,แรงงานนอกระบบ,คน
1391,4768,2564,นายจ้าง,ชาย,ราชบุรี,แรงงานในระบบ,คน
16254,4769,2564,ประกอบธุรกิจส่วนตัว,ชาย,ราชบุรี,แรงงานในระบบ,คน
6196,4770,2564,ช่วยธุรกิจครัวเรือน,ชาย,ราชบุรี,แรงงานในระบบ,คน
16891,4771,2564,ลูกจ้างรัฐบาล,ชาย,ราชบุรี,แรงงานในระบบ,คน
92492,4772,2564,ลูกจ้างเอกชน,ชาย,ราชบุรี,แรงงานในระบบ,คน
825,4773,2564,นายจ้าง,หญิง,ราชบุรี,แรงงานในระบบ,คน
16463,4774,2564,ประกอบธุรกิจส่วนตัว,หญิง,ราชบุรี,แรงงานในระบบ,คน
10098,4775,2564,ช่วยธุรกิจครัวเรือน,หญิง,ราชบุรี,แรงงานในระบบ,คน
18230,4776,2564,ลูกจ้างรัฐบาล,หญิง,ราชบุรี,แรงงานในระบบ,คน
68672,4777,2564,ลูกจ้างเอกชน,หญิง,ราชบุรี,แรงงานในระบบ,คน
4705,4778,2564,นายจ้าง,ชาย,ราชบุรี,แรงงานนอกระบบ,คน
64453,4779,2564,ประกอบธุรกิจส่วนตัว,ชาย,ราชบุรี,แรงงานนอกระบบ,คน
30735,4780,2564,ช่วยธุรกิจครัวเรือน,ชาย,ราชบุรี,แรงงานนอกระบบ,คน
938,4781,2564,ลูกจ้างรัฐบาล,ชาย,ราชบุรี,แรงงานนอกระบบ,คน
5592,4782,2564,ลูกจ้างเอกชน,ชาย,ราชบุรี,แรงงานนอกระบบ,คน
1211,4783,2564,นายจ้าง,หญิง,ราชบุรี,แรงงานนอกระบบ,คน
43817,4784,2564,ประกอบธุรกิจส่วนตัว,หญิง,ราชบุรี,แรงงานนอกระบบ,คน
28792,4785,2564,ช่วยธุรกิจครัวเรือน,หญิง,ราชบุรี,แรงงานนอกระบบ,คน
1951,4786,2564,ลูกจ้างรัฐบาล,หญิง,ราชบุรี,แรงงานนอกระบบ,คน
3406,4787,2564,ลูกจ้างเอกชน,หญิง,ราชบุรี,แรงงานนอกระบบ,คน
204,4788,2564,นายจ้าง,ชาย,กาญจนบุรี,แรงงานในระบบ,คน
8915,4789,2564,ประกอบธุรกิจส่วนตัว,ชาย,กาญจนบุรี,แรงงานในระบบ,คน
8366,4790,2564,ช่วยธุรกิจครัวเรือน,ชาย,กาญจนบุรี,แรงงานในระบบ,คน
21429,4791,2564,ลูกจ้างรัฐบาล,ชาย,กาญจนบุรี,แรงงานในระบบ,คน
53705,4792,2564,ลูกจ้างเอกชน,ชาย,กาญจนบุรี,แรงงานในระบบ,คน
256,4793,2564,นายจ้าง,หญิง,กาญจนบุรี,แรงงานในระบบ,คน
9427,4794,2564,ประกอบธุรกิจส่วนตัว,หญิง,กาญจนบุรี,แรงงานในระบบ,คน
3136,4795,2564,ช่วยธุรกิจครัวเรือน,หญิง,กาญจนบุรี,แรงงานในระบบ,คน
21400,4796,2564,ลูกจ้างรัฐบาล,หญิง,กาญจนบุรี,แรงงานในระบบ,คน
41049,4797,2564,ลูกจ้างเอกชน,หญิง,กาญจนบุรี,แรงงานในระบบ,คน
5476,4798,2564,นายจ้าง,ชาย,กาญจนบุรี,แรงงานนอกระบบ,คน
72346,4799,2564,ประกอบธุรกิจส่วนตัว,ชาย,กาญจนบุรี,แรงงานนอกระบบ,คน
40024,4800,2564,ช่วยธุรกิจครัวเรือน,ชาย,กาญจนบุรี,แรงงานนอกระบบ,คน
809,4801,2564,ลูกจ้างรัฐบาล,ชาย,กาญจนบุรี,แรงงานนอกระบบ,คน
31919,4802,2564,ลูกจ้างเอกชน,ชาย,กาญจนบุรี,แรงงานนอกระบบ,คน
1849,4803,2564,นายจ้าง,หญิง,กาญจนบุรี,แรงงานนอกระบบ,คน
50788,4804,2564,ประกอบธุรกิจส่วนตัว,หญิง,กาญจนบุรี,แรงงานนอกระบบ,คน
38804,4805,2564,ช่วยธุรกิจครัวเรือน,หญิง,กาญจนบุรี,แรงงานนอกระบบ,คน
834,4806,2564,ลูกจ้างรัฐบาล,หญิง,กาญจนบุรี,แรงงานนอกระบบ,คน
21243,4807,2564,ลูกจ้างเอกชน,หญิง,กาญจนบุรี,แรงงานนอกระบบ,คน
1151,4808,2564,นายจ้าง,ชาย,สุพรรณบุรี,แรงงานในระบบ,คน
3825,4809,2564,ประกอบธุรกิจส่วนตัว,ชาย,สุพรรณบุรี,แรงงานในระบบ,คน
5294,4810,2564,ช่วยธุรกิจครัวเรือน,ชาย,สุพรรณบุรี,แรงงานในระบบ,คน
11165,4811,2564,ลูกจ้างรัฐบาล,ชาย,สุพรรณบุรี,แรงงานในระบบ,คน
49507,4812,2564,ลูกจ้างเอกชน,ชาย,สุพรรณบุรี,แรงงานในระบบ,คน
1179,4813,2564,นายจ้าง,หญิง,สุพรรณบุรี,แรงงานในระบบ,คน
3117,4814,2564,ประกอบธุรกิจส่วนตัว,หญิง,สุพรรณบุรี,แรงงานในระบบ,คน
5376,4815,2564,ช่วยธุรกิจครัวเรือน,หญิง,สุพรรณบุรี,แรงงานในระบบ,คน
15270,4816,2564,ลูกจ้างรัฐบาล,หญิง,สุพรรณบุรี,แรงงานในระบบ,คน
41631,4817,2564,ลูกจ้างเอกชน,หญิง,สุพรรณบุรี,แรงงานในระบบ,คน
5248,4818,2564,นายจ้าง,ชาย,สุพรรณบุรี,แรงงานนอกระบบ,คน
101950,4819,2564,ประกอบธุรกิจส่วนตัว,ชาย,สุพรรณบุรี,แรงงานนอกระบบ,คน
41458,4820,2564,ช่วยธุรกิจครัวเรือน,ชาย,สุพรรณบุรี,แรงงานนอกระบบ,คน
34691,4821,2564,ลูกจ้างเอกชน,ชาย,สุพรรณบุรี,แรงงานนอกระบบ,คน
1319,4822,2564,นายจ้าง,หญิง,สุพรรณบุรี,แรงงานนอกระบบ,คน
57885,4823,2564,ประกอบธุรกิจส่วนตัว,หญิง,สุพรรณบุรี,แรงงานนอกระบบ,คน
56470,4824,2564,ช่วยธุรกิจครัวเรือน,หญิง,สุพรรณบุรี,แรงงานนอกระบบ,คน
17160,4825,2564,ลูกจ้างเอกชน,หญิง,สุพรรณบุรี,แรงงานนอกระบบ,คน
238,4826,2564,นายจ้าง,ชาย,นครปฐม,แรงงานในระบบ,คน
20892,4827,2564,ประกอบธุรกิจส่วนตัว,ชาย,นครปฐม,แรงงานในระบบ,คน
7223,4828,2564,ช่วยธุรกิจครัวเรือน,ชาย,นครปฐม,แรงงานในระบบ,คน
26551,4829,2564,ลูกจ้างรัฐบาล,ชาย,นครปฐม,แรงงานในระบบ,คน
170813,4830,2564,ลูกจ้างเอกชน,ชาย,นครปฐม,แรงงานในระบบ,คน
18900,4831,2564,ประกอบธุรกิจส่วนตัว,หญิง,นครปฐม,แรงงานในระบบ,คน
11601,4832,2564,ช่วยธุรกิจครัวเรือน,หญิง,นครปฐม,แรงงานในระบบ,คน
33521,4833,2564,ลูกจ้างรัฐบาล,หญิง,นครปฐม,แรงงานในระบบ,คน
141597,4834,2564,ลูกจ้างเอกชน,หญิง,นครปฐม,แรงงานในระบบ,คน
7493,4835,2564,นายจ้าง,ชาย,นครปฐม,แรงงานนอกระบบ,คน
90137,4836,2564,ประกอบธุรกิจส่วนตัว,ชาย,นครปฐม,แรงงานนอกระบบ,คน
31954,4837,2564,ช่วยธุรกิจครัวเรือน,ชาย,นครปฐม,แรงงานนอกระบบ,คน
4199,4838,2564,ลูกจ้างเอกชน,ชาย,นครปฐม,แรงงานนอกระบบ,คน
909,4839,2564,นายจ้าง,หญิง,นครปฐม,แรงงานนอกระบบ,คน
65560,4840,2564,ประกอบธุรกิจส่วนตัว,หญิง,นครปฐม,แรงงานนอกระบบ,คน
43210,4841,2564,ช่วยธุรกิจครัวเรือน,หญิง,นครปฐม,แรงงานนอกระบบ,คน
726,4842,2564,ลูกจ้างเอกชน,หญิง,นครปฐม,แรงงานนอกระบบ,คน
211,4843,2564,นายจ้าง,ชาย,สมุทรสาคร,แรงงานในระบบ,คน
3000,4844,2564,ประกอบธุรกิจส่วนตัว,ชาย,สมุทรสาคร,แรงงานในระบบ,คน
3949,4845,2564,ช่วยธุรกิจครัวเรือน,ชาย,สมุทรสาคร,แรงงานในระบบ,คน
14339,4846,2564,ลูกจ้างรัฐบาล,ชาย,สมุทรสาคร,แรงงานในระบบ,คน
238153,4847,2564,ลูกจ้างเอกชน,ชาย,สมุทรสาคร,แรงงานในระบบ,คน
5154,4848,2564,นายจ้าง,หญิง,สมุทรสาคร,แรงงานในระบบ,คน
114901,4849,2564,ประกอบธุรกิจส่วนตัว,หญิง,สมุทรสาคร,แรงงานในระบบ,คน
56175,4850,2564,ช่วยธุรกิจครัวเรือน,หญิง,สมุทรสาคร,แรงงานในระบบ,คน
427,4851,2564,ลูกจ้างรัฐบาล,หญิง,สมุทรสาคร,แรงงานในระบบ,คน
4796,4852,2564,ลูกจ้างเอกชน,หญิง,สมุทรสาคร,แรงงานในระบบ,คน
1370,4853,2564,นายจ้าง,ชาย,สมุทรสาคร,แรงงานนอกระบบ,คน
43626,4854,2564,ประกอบธุรกิจส่วนตัว,ชาย,สมุทรสาคร,แรงงานนอกระบบ,คน
27990,4855,2564,ช่วยธุรกิจครัวเรือน,ชาย,สมุทรสาคร,แรงงานนอกระบบ,คน
427,4856,2564,ลูกจ้างรัฐบาล,ชาย,สมุทรสาคร,แรงงานนอกระบบ,คน
417,4857,2564,ลูกจ้างเอกชน,ชาย,สมุทรสาคร,แรงงานนอกระบบ,คน
3626,4858,2564,นายจ้าง,หญิง,สมุทรสาคร,แรงงานนอกระบบ,คน
29631,4859,2564,ประกอบธุรกิจส่วนตัว,หญิง,สมุทรสาคร,แรงงานนอกระบบ,คน
13211,4860,2564,ช่วยธุรกิจครัวเรือน,หญิง,สมุทรสาคร,แรงงานนอกระบบ,คน
12555,4861,2564,ลูกจ้างรัฐบาล,หญิง,สมุทรสาคร,แรงงานนอกระบบ,คน
44489,4862,2564,ลูกจ้างเอกชน,หญิง,สมุทรสาคร,แรงงานนอกระบบ,คน
225,4863,2564,นายจ้าง,ชาย,สมุทรสงคราม,แรงงานในระบบ,คน
1656,4864,2564,ประกอบธุรกิจส่วนตัว,ชาย,สมุทรสงคราม,แรงงานในระบบ,คน
428,4865,2564,ช่วยธุรกิจครัวเรือน,ชาย,สมุทรสงคราม,แรงงานในระบบ,คน
6163,4866,2564,ลูกจ้างรัฐบาล,ชาย,สมุทรสงคราม,แรงงานในระบบ,คน
17571,4867,2564,ลูกจ้างเอกชน,ชาย,สมุทรสงคราม,แรงงานในระบบ,คน
3291,4868,2564,นายจ้าง,หญิง,สมุทรสงคราม,แรงงานในระบบ,คน
27264,4869,2564,ประกอบธุรกิจส่วนตัว,หญิง,สมุทรสงคราม,แรงงานในระบบ,คน
12536,4870,2564,ช่วยธุรกิจครัวเรือน,หญิง,สมุทรสงคราม,แรงงานในระบบ,คน
486,4871,2564,ลูกจ้างรัฐบาล,หญิง,สมุทรสงคราม,แรงงานในระบบ,คน
5698,4872,2564,ลูกจ้างเอกชน,หญิง,สมุทรสงคราม,แรงงานในระบบ,คน
1032,4873,2564,นายจ้าง,ชาย,สมุทรสงคราม,แรงงานนอกระบบ,คน
12323,4874,2564,ประกอบธุรกิจส่วนตัว,ชาย,สมุทรสงคราม,แรงงานนอกระบบ,คน
5510,4875,2564,ช่วยธุรกิจครัวเรือน,ชาย,สมุทรสงคราม,แรงงานนอกระบบ,คน
147,4876,2564,ลูกจ้างรัฐบาล,ชาย,สมุทรสงคราม,แรงงานนอกระบบ,คน
1700,4877,2564,ลูกจ้างเอกชน,ชาย,สมุทรสงคราม,แรงงานนอกระบบ,คน
6432,4878,2564,นายจ้าง,หญิง,สมุทรสงคราม,แรงงานนอกระบบ,คน
93524,4879,2564,ประกอบธุรกิจส่วนตัว,หญิง,สมุทรสงคราม,แรงงานนอกระบบ,คน
37580,4880,2564,ช่วยธุรกิจครัวเรือน,หญิง,สมุทรสงคราม,แรงงานนอกระบบ,คน
39043,4881,2564,ลูกจ้างรัฐบาล,หญิง,สมุทรสงคราม,แรงงานนอกระบบ,คน
99325,4882,2564,ลูกจ้างเอกชน,หญิง,สมุทรสงคราม,แรงงานนอกระบบ,คน
246,4883,2564,การรวมกลุ่ม,หญิง,สมุทรสงคราม,แรงงานนอกระบบ,คน
2779,4884,2564,ประกอบธุรกิจส่วนตัว,ชาย,เพชรบุรี,แรงงานในระบบ,คน
1473,4885,2564,ช่วยธุรกิจครัวเรือน,ชาย,เพชรบุรี,แรงงานในระบบ,คน
18241,4886,2564,ลูกจ้างรัฐบาล,ชาย,เพชรบุรี,แรงงานในระบบ,คน
51022,4887,2564,ลูกจ้างเอกชน,ชาย,เพชรบุรี,แรงงานในระบบ,คน
106,4888,2564,นายจ้าง,หญิง,เพชรบุรี,แรงงานในระบบ,คน
2962,4889,2564,ประกอบธุรกิจส่วนตัว,หญิง,เพชรบุรี,แรงงานในระบบ,คน
1632,4890,2564,ช่วยธุรกิจครัวเรือน,หญิง,เพชรบุรี,แรงงานในระบบ,คน
19739,4891,2564,ลูกจ้างรัฐบาล,หญิง,เพชรบุรี,แรงงานในระบบ,คน
40127,4892,2564,ลูกจ้างเอกชน,หญิง,เพชรบุรี,แรงงานในระบบ,คน
5101,4893,2564,นายจ้าง,ชาย,เพชรบุรี,แรงงานนอกระบบ,คน
48886,4894,2564,ประกอบธุรกิจส่วนตัว,ชาย,เพชรบุรี,แรงงานนอกระบบ,คน
13700,4895,2564,ช่วยธุรกิจครัวเรือน,ชาย,เพชรบุรี,แรงงานนอกระบบ,คน
736,4896,2564,ลูกจ้างรัฐบาล,ชาย,เพชรบุรี,แรงงานนอกระบบ,คน
4931,4897,2564,ลูกจ้างเอกชน,ชาย,เพชรบุรี,แรงงานนอกระบบ,คน
1225,4898,2564,นายจ้าง,หญิง,เพชรบุรี,แรงงานนอกระบบ,คน
38897,4899,2564,ประกอบธุรกิจส่วนตัว,หญิง,เพชรบุรี,แรงงานนอกระบบ,คน
20775,4900,2564,ช่วยธุรกิจครัวเรือน,หญิง,เพชรบุรี,แรงงานนอกระบบ,คน
327,4901,2564,ลูกจ้างรัฐบาล,หญิง,เพชรบุรี,แรงงานนอกระบบ,คน
3246,4902,2564,ลูกจ้างเอกชน,หญิง,เพชรบุรี,แรงงานนอกระบบ,คน
246,4903,2564,การรวมกลุ่ม,หญิง,เพชรบุรี,แรงงานนอกระบบ,คน
362,4904,2564,นายจ้าง,ชาย,ประจวบคีรีขันธ์,แรงงานในระบบ,คน
4750,4905,2564,ประกอบธุรกิจส่วนตัว,ชาย,ประจวบคีรีขันธ์,แรงงานในระบบ,คน
749,4906,2564,ช่วยธุรกิจครัวเรือน,ชาย,ประจวบคีรีขันธ์,แรงงานในระบบ,คน
7492,4907,2564,ลูกจ้างรัฐบาล,ชาย,ประจวบคีรีขันธ์,แรงงานในระบบ,คน
53461,4908,2564,ลูกจ้างเอกชน,ชาย,ประจวบคีรีขันธ์,แรงงานในระบบ,คน
2592,4909,2564,ประกอบธุรกิจส่วนตัว,หญิง,ประจวบคีรีขันธ์,แรงงานในระบบ,คน
1930,4910,2564,ช่วยธุรกิจครัวเรือน,หญิง,ประจวบคีรีขันธ์,แรงงานในระบบ,คน
9882,4911,2564,ลูกจ้างรัฐบาล,หญิง,ประจวบคีรีขันธ์,แรงงานในระบบ,คน
32478,4912,2564,ลูกจ้างเอกชน,หญิง,ประจวบคีรีขันธ์,แรงงานในระบบ,คน
8010,4913,2564,นายจ้าง,ชาย,ประจวบคีรีขันธ์,แรงงานนอกระบบ,คน
46066,4914,2564,ประกอบธุรกิจส่วนตัว,ชาย,ประจวบคีรีขันธ์,แรงงานนอกระบบ,คน
18372,4915,2564,ช่วยธุรกิจครัวเรือน,ชาย,ประจวบคีรีขันธ์,แรงงานนอกระบบ,คน
96,4916,2564,ลูกจ้างรัฐบาล,ชาย,ประจวบคีรีขันธ์,แรงงานนอกระบบ,คน
7650,4917,2564,ลูกจ้างเอกชน,ชาย,ประจวบคีรีขันธ์,แรงงานนอกระบบ,คน
1614,4918,2564,นายจ้าง,หญิง,ประจวบคีรีขันธ์,แรงงานนอกระบบ,คน
39950,4919,2564,ประกอบธุรกิจส่วนตัว,หญิง,ประจวบคีรีขันธ์,แรงงานนอกระบบ,คน
16816,4920,2564,ช่วยธุรกิจครัวเรือน,หญิง,ประจวบคีรีขันธ์,แรงงานนอกระบบ,คน
385,4921,2564,ลูกจ้างรัฐบาล,หญิง,ประจวบคีรีขันธ์,แรงงานนอกระบบ,คน
2419,4922,2564,ลูกจ้างเอกชน,หญิง,ประจวบคีรีขันธ์,แรงงานนอกระบบ,คน
18624,4923,2565,นายจ้าง,ชาย,สมุทรปราการ,แรงงานในระบบ,คน
70358,4924,2565,ประกอบธุรกิจส่วนตัว,ชาย,สมุทรปราการ,แรงงานในระบบ,คน
5989,4925,2565,ช่วยธุรกิจครัวเรือน,ชาย,สมุทรปราการ,แรงงานในระบบ,คน
23835,4926,2565,ลูกจ้างรัฐบาล,ชาย,สมุทรปราการ,แรงงานในระบบ,คน
561115,4927,2565,ลูกจ้างเอกชน,ชาย,สมุทรปราการ,แรงงานในระบบ,คน
3723,4928,2565,นายจ้าง,หญิง,สมุทรปราการ,แรงงานในระบบ,คน
48975,4929,2565,ประกอบธุรกิจส่วนตัว,หญิง,สมุทรปราการ,แรงงานในระบบ,คน
23180,4930,2565,ช่วยธุรกิจครัวเรือน,หญิง,สมุทรปราการ,แรงงานในระบบ,คน
36123,4931,2565,ลูกจ้างรัฐบาล,หญิง,สมุทรปราการ,แรงงานในระบบ,คน
485402,4932,2565,ลูกจ้างเอกชน,หญิง,สมุทรปราการ,แรงงานในระบบ,คน
7205,4933,2565,นายจ้าง,ชาย,สมุทรปราการ,แรงงานนอกระบบ,คน
55766,4934,2565,ประกอบธุรกิจส่วนตัว,ชาย,สมุทรปราการ,แรงงานนอกระบบ,คน
12126,4935,2565,ช่วยธุรกิจครัวเรือน,ชาย,สมุทรปราการ,แรงงานนอกระบบ,คน
3429,4936,2565,ลูกจ้างเอกชน,ชาย,สมุทรปราการ,แรงงานนอกระบบ,คน
5247,4937,2565,นายจ้าง,หญิง,สมุทรปราการ,แรงงานนอกระบบ,คน
33841,4938,2565,ประกอบธุรกิจส่วนตัว,หญิง,สมุทรปราการ,แรงงานนอกระบบ,คน
14261,4939,2565,ช่วยธุรกิจครัวเรือน,หญิง,สมุทรปราการ,แรงงานนอกระบบ,คน
1207,4940,2565,นายจ้าง,ชาย,นนทบุรี,แรงงานในระบบ,คน
23719,4941,2565,ประกอบธุรกิจส่วนตัว,ชาย,นนทบุรี,แรงงานในระบบ,คน
4905,4942,2565,ช่วยธุรกิจครัวเรือน,ชาย,นนทบุรี,แรงงานในระบบ,คน
68625,4943,2565,ลูกจ้างรัฐบาล,ชาย,นนทบุรี,แรงงานในระบบ,คน
315662,4944,2565,ลูกจ้างเอกชน,ชาย,นนทบุรี,แรงงานในระบบ,คน
1233,4945,2565,นายจ้าง,หญิง,นนทบุรี,แรงงานในระบบ,คน
15494,4946,2565,ประกอบธุรกิจส่วนตัว,หญิง,นนทบุรี,แรงงานในระบบ,คน
8054,4947,2565,ช่วยธุรกิจครัวเรือน,หญิง,นนทบุรี,แรงงานในระบบ,คน
73545,4948,2565,ลูกจ้างรัฐบาล,หญิง,นนทบุรี,แรงงานในระบบ,คน
308985,4949,2565,ลูกจ้างเอกชน,หญิง,นนทบุรี,แรงงานในระบบ,คน
18455,4950,2565,นายจ้าง,ชาย,นนทบุรี,แรงงานนอกระบบ,คน
136421,4951,2565,ประกอบธุรกิจส่วนตัว,ชาย,นนทบุรี,แรงงานนอกระบบ,คน
31883,4952,2565,ช่วยธุรกิจครัวเรือน,ชาย,นนทบุรี,แรงงานนอกระบบ,คน
4320,4953,2565,ลูกจ้างเอกชน,ชาย,นนทบุรี,แรงงานนอกระบบ,คน
1351,4954,2565,การรวมกลุ่ม,ชาย,นนทบุรี,แรงงานนอกระบบ,คน
5836,4955,2565,นายจ้าง,หญิง,นนทบุรี,แรงงานนอกระบบ,คน
92738,4956,2565,ประกอบธุรกิจส่วนตัว,หญิง,นนทบุรี,แรงงานนอกระบบ,คน
39991,4957,2565,ช่วยธุรกิจครัวเรือน,หญิง,นนทบุรี,แรงงานนอกระบบ,คน
1172,4958,2565,ลูกจ้างรัฐบาล,หญิง,นนทบุรี,แรงงานนอกระบบ,คน
3664,4959,2565,ลูกจ้างเอกชน,หญิง,นนทบุรี,แรงงานนอกระบบ,คน
6435,4960,2565,นายจ้าง,ชาย,ปทุมธานี,แรงงานในระบบ,คน
51781,4961,2565,ประกอบธุรกิจส่วนตัว,ชาย,ปทุมธานี,แรงงานในระบบ,คน
11172,4962,2565,ช่วยธุรกิจครัวเรือน,ชาย,ปทุมธานี,แรงงานในระบบ,คน
43232,4963,2565,ลูกจ้างรัฐบาล,ชาย,ปทุมธานี,แรงงานในระบบ,คน
324095,4964,2565,ลูกจ้างเอกชน,ชาย,ปทุมธานี,แรงงานในระบบ,คน
3351,4965,2565,นายจ้าง,หญิง,ปทุมธานี,แรงงานในระบบ,คน
48734,4966,2565,ประกอบธุรกิจส่วนตัว,หญิง,ปทุมธานี,แรงงานในระบบ,คน
16427,4967,2565,ช่วยธุรกิจครัวเรือน,หญิง,ปทุมธานี,แรงงานในระบบ,คน
60670,4968,2565,ลูกจ้างรัฐบาล,หญิง,ปทุมธานี,แรงงานในระบบ,คน
296145,4969,2565,ลูกจ้างเอกชน,หญิง,ปทุมธานี,แรงงานในระบบ,คน
28842,4970,2565,นายจ้าง,ชาย,ปทุมธานี,แรงงานนอกระบบ,คน
80762,4971,2565,ประกอบธุรกิจส่วนตัว,ชาย,ปทุมธานี,แรงงานนอกระบบ,คน
18368,4972,2565,ช่วยธุรกิจครัวเรือน,ชาย,ปทุมธานี,แรงงานนอกระบบ,คน
578,4973,2565,ลูกจ้างรัฐบาล,ชาย,ปทุมธานี,แรงงานนอกระบบ,คน
10663,4974,2565,ลูกจ้างเอกชน,ชาย,ปทุมธานี,แรงงานนอกระบบ,คน
3805,4975,2565,นายจ้าง,หญิง,ปทุมธานี,แรงงานนอกระบบ,คน
46165,4976,2565,ประกอบธุรกิจส่วนตัว,หญิง,ปทุมธานี,แรงงานนอกระบบ,คน
26592,4977,2565,ช่วยธุรกิจครัวเรือน,หญิง,ปทุมธานี,แรงงานนอกระบบ,คน
1288,4978,2565,ลูกจ้างเอกชน,หญิง,ปทุมธานี,แรงงานนอกระบบ,คน
3623,4979,2565,การรวมกลุ่ม,หญิง,ปทุมธานี,แรงงานนอกระบบ,คน
2379,4980,2565,นายจ้าง,ชาย,พระนครศรีอยุธยา,แรงงานในระบบ,คน
12523,4981,2565,ประกอบธุรกิจส่วนตัว,ชาย,พระนครศรีอยุธยา,แรงงานในระบบ,คน
6375,4982,2565,ช่วยธุรกิจครัวเรือน,ชาย,พระนครศรีอยุธยา,แรงงานในระบบ,คน
23435,4983,2565,ลูกจ้างรัฐบาล,ชาย,พระนครศรีอยุธยา,แรงงานในระบบ,คน
158905,4984,2565,ลูกจ้างเอกชน,ชาย,พระนครศรีอยุธยา,แรงงานในระบบ,คน
1136,4985,2565,นายจ้าง,หญิง,พระนครศรีอยุธยา,แรงงานในระบบ,คน
14971,4986,2565,ประกอบธุรกิจส่วนตัว,หญิง,พระนครศรีอยุธยา,แรงงานในระบบ,คน
3541,4987,2565,ช่วยธุรกิจครัวเรือน,หญิง,พระนครศรีอยุธยา,แรงงานในระบบ,คน
22559,4988,2565,ลูกจ้างรัฐบาล,หญิง,พระนครศรีอยุธยา,แรงงานในระบบ,คน
140713,4989,2565,ลูกจ้างเอกชน,หญิง,พระนครศรีอยุธยา,แรงงานในระบบ,คน
3396,4990,2565,นายจ้าง,ชาย,พระนครศรีอยุธยา,แรงงานนอกระบบ,คน
53075,4991,2565,ประกอบธุรกิจส่วนตัว,ชาย,พระนครศรีอยุธยา,แรงงานนอกระบบ,คน
12410,4992,2565,ช่วยธุรกิจครัวเรือน,ชาย,พระนครศรีอยุธยา,แรงงานนอกระบบ,คน
715,4993,2565,ลูกจ้างรัฐบาล,ชาย,พระนครศรีอยุธยา,แรงงานนอกระบบ,คน
8481,4994,2565,ลูกจ้างเอกชน,ชาย,พระนครศรีอยุธยา,แรงงานนอกระบบ,คน
2470,4995,2565,นายจ้าง,หญิง,พระนครศรีอยุธยา,แรงงานนอกระบบ,คน
37253,4996,2565,ประกอบธุรกิจส่วนตัว,หญิง,พระนครศรีอยุธยา,แรงงานนอกระบบ,คน
14229,4997,2565,ช่วยธุรกิจครัวเรือน,หญิง,พระนครศรีอยุธยา,แรงงานนอกระบบ,คน
141,4998,2565,ลูกจ้างรัฐบาล,หญิง,พระนครศรีอยุธยา,แรงงานนอกระบบ,คน
1684,4999,2565,ลูกจ้างเอกชน,หญิง,พระนครศรีอยุธยา,แรงงานนอกระบบ,คน
620,5000,2565,นายจ้าง,ชาย,อ่างทอง,แรงงานในระบบ,คน
4830,5001,2565,ประกอบธุรกิจส่วนตัว,ชาย,อ่างทอง,แรงงานในระบบ,คน
1255,5002,2565,ช่วยธุรกิจครัวเรือน,ชาย,อ่างทอง,แรงงานในระบบ,คน
11019,5003,2565,ลูกจ้างรัฐบาล,ชาย,อ่างทอง,แรงงานในระบบ,คน
24103,5004,2565,ลูกจ้างเอกชน,ชาย,อ่างทอง,แรงงานในระบบ,คน
175,5005,2565,นายจ้าง,หญิง,อ่างทอง,แรงงานในระบบ,คน
4093,5006,2565,ประกอบธุรกิจส่วนตัว,หญิง,อ่างทอง,แรงงานในระบบ,คน
1803,5007,2565,ช่วยธุรกิจครัวเรือน,หญิง,อ่างทอง,แรงงานในระบบ,คน
12208,5008,2565,ลูกจ้างรัฐบาล,หญิง,อ่างทอง,แรงงานในระบบ,คน
18927,5009,2565,ลูกจ้างเอกชน,หญิง,อ่างทอง,แรงงานในระบบ,คน
1056,5010,2565,นายจ้าง,ชาย,อ่างทอง,แรงงานนอกระบบ,คน
15356,5011,2565,ประกอบธุรกิจส่วนตัว,ชาย,อ่างทอง,แรงงานนอกระบบ,คน
5672,5012,2565,ช่วยธุรกิจครัวเรือน,ชาย,อ่างทอง,แรงงานนอกระบบ,คน
358,5013,2565,ลูกจ้างรัฐบาล,ชาย,อ่างทอง,แรงงานนอกระบบ,คน
4870,5014,2565,ลูกจ้างเอกชน,ชาย,อ่างทอง,แรงงานนอกระบบ,คน
253,5015,2565,นายจ้าง,หญิง,อ่างทอง,แรงงานนอกระบบ,คน
10302,5016,2565,ประกอบธุรกิจส่วนตัว,หญิง,อ่างทอง,แรงงานนอกระบบ,คน
7139,5017,2565,ช่วยธุรกิจครัวเรือน,หญิง,อ่างทอง,แรงงานนอกระบบ,คน
188,5018,2565,ลูกจ้างรัฐบาล,หญิง,อ่างทอง,แรงงานนอกระบบ,คน
2137,5019,2565,ลูกจ้างเอกชน,หญิง,อ่างทอง,แรงงานนอกระบบ,คน
3561,5020,2565,ประกอบธุรกิจส่วนตัว,ชาย,ลพบุรี,แรงงานในระบบ,คน
3261,5021,2565,ช่วยธุรกิจครัวเรือน,ชาย,ลพบุรี,แรงงานในระบบ,คน
20531,5022,2565,ลูกจ้างรัฐบาล,ชาย,ลพบุรี,แรงงานในระบบ,คน
72473,5023,2565,ลูกจ้างเอกชน,ชาย,ลพบุรี,แรงงานในระบบ,คน
6485,5024,2565,ประกอบธุรกิจส่วนตัว,หญิง,ลพบุรี,แรงงานในระบบ,คน
4535,5025,2565,ช่วยธุรกิจครัวเรือน,หญิง,ลพบุรี,แรงงานในระบบ,คน
23082,5026,2565,ลูกจ้างรัฐบาล,หญิง,ลพบุรี,แรงงานในระบบ,คน
56502,5027,2565,ลูกจ้างเอกชน,หญิง,ลพบุรี,แรงงานในระบบ,คน
8935,5028,2565,นายจ้าง,ชาย,ลพบุรี,แรงงานนอกระบบ,คน
79429,5029,2565,ประกอบธุรกิจส่วนตัว,ชาย,ลพบุรี,แรงงานนอกระบบ,คน
35889,5030,2565,ช่วยธุรกิจครัวเรือน,ชาย,ลพบุรี,แรงงานนอกระบบ,คน
16117,5031,2565,ลูกจ้างเอกชน,ชาย,ลพบุรี,แรงงานนอกระบบ,คน
921,5032,2565,นายจ้าง,หญิง,ลพบุรี,แรงงานนอกระบบ,คน
52854,5033,2565,ประกอบธุรกิจส่วนตัว,หญิง,ลพบุรี,แรงงานนอกระบบ,คน
47422,5034,2565,ช่วยธุรกิจครัวเรือน,หญิง,ลพบุรี,แรงงานนอกระบบ,คน
9874,5035,2565,ลูกจ้างเอกชน,หญิง,ลพบุรี,แรงงานนอกระบบ,คน
462,5036,2565,นายจ้าง,ชาย,สิงห์บุรี,แรงงานในระบบ,คน
3276,5037,2565,ประกอบธุรกิจส่วนตัว,ชาย,สิงห์บุรี,แรงงานในระบบ,คน
2020,5038,2565,ช่วยธุรกิจครัวเรือน,ชาย,สิงห์บุรี,แรงงานในระบบ,คน
7697,5039,2565,ลูกจ้างรัฐบาล,ชาย,สิงห์บุรี,แรงงานในระบบ,คน
17272,5040,2565,ลูกจ้างเอกชน,ชาย,สิงห์บุรี,แรงงานในระบบ,คน
145,5041,2565,นายจ้าง,หญิง,สิงห์บุรี,แรงงานในระบบ,คน
5644,5042,2565,ประกอบธุรกิจส่วนตัว,หญิง,สิงห์บุรี,แรงงานในระบบ,คน
943,5043,2565,ช่วยธุรกิจครัวเรือน,หญิง,สิงห์บุรี,แรงงานในระบบ,คน
10619,5044,2565,ลูกจ้างรัฐบาล,หญิง,สิงห์บุรี,แรงงานในระบบ,คน
12973,5045,2565,ลูกจ้างเอกชน,หญิง,สิงห์บุรี,แรงงานในระบบ,คน
170,5046,2565,การรวมกลุ่ม,หญิง,สิงห์บุรี,แรงงานในระบบ,คน
1255,5047,2565,นายจ้าง,ชาย,สิงห์บุรี,แรงงานนอกระบบ,คน
15000,5048,2565,ประกอบธุรกิจส่วนตัว,ชาย,สิงห์บุรี,แรงงานนอกระบบ,คน
4106,5049,2565,ช่วยธุรกิจครัวเรือน,ชาย,สิงห์บุรี,แรงงานนอกระบบ,คน
564,5050,2565,ลูกจ้างรัฐบาล,ชาย,สิงห์บุรี,แรงงานนอกระบบ,คน
640,5051,2565,ลูกจ้างเอกชน,ชาย,สิงห์บุรี,แรงงานนอกระบบ,คน
381,5052,2565,นายจ้าง,หญิง,สิงห์บุรี,แรงงานนอกระบบ,คน
10050,5053,2565,ประกอบธุรกิจส่วนตัว,หญิง,สิงห์บุรี,แรงงานนอกระบบ,คน
3099,5054,2565,ช่วยธุรกิจครัวเรือน,หญิง,สิงห์บุรี,แรงงานนอกระบบ,คน
277,5055,2565,ลูกจ้างรัฐบาล,หญิง,สิงห์บุรี,แรงงานนอกระบบ,คน
482,5056,2565,ลูกจ้างเอกชน,หญิง,สิงห์บุรี,แรงงานนอกระบบ,คน
286,5057,2565,นายจ้าง,ชาย,ชัยนาท,แรงงานในระบบ,คน
1447,5058,2565,ประกอบธุรกิจส่วนตัว,ชาย,ชัยนาท,แรงงานในระบบ,คน
563,5059,2565,ช่วยธุรกิจครัวเรือน,ชาย,ชัยนาท,แรงงานในระบบ,คน
8588,5060,2565,ลูกจ้างรัฐบาล,ชาย,ชัยนาท,แรงงานในระบบ,คน
22620,5061,2565,ลูกจ้างเอกชน,ชาย,ชัยนาท,แรงงานในระบบ,คน
132,5062,2565,นายจ้าง,หญิง,ชัยนาท,แรงงานในระบบ,คน
1870,5063,2565,ประกอบธุรกิจส่วนตัว,หญิง,ชัยนาท,แรงงานในระบบ,คน
113,5064,2565,ช่วยธุรกิจครัวเรือน,หญิง,ชัยนาท,แรงงานในระบบ,คน
12355,5065,2565,ลูกจ้างรัฐบาล,หญิง,ชัยนาท,แรงงานในระบบ,คน
16806,5066,2565,ลูกจ้างเอกชน,หญิง,ชัยนาท,แรงงานในระบบ,คน
2778,5067,2565,นายจ้าง,ชาย,ชัยนาท,แรงงานนอกระบบ,คน
36534,5068,2565,ประกอบธุรกิจส่วนตัว,ชาย,ชัยนาท,แรงงานนอกระบบ,คน
9972,5069,2565,ช่วยธุรกิจครัวเรือน,ชาย,ชัยนาท,แรงงานนอกระบบ,คน
1132,5070,2565,ลูกจ้างรัฐบาล,ชาย,ชัยนาท,แรงงานนอกระบบ,คน
2345,5071,2565,ลูกจ้างเอกชน,ชาย,ชัยนาท,แรงงานนอกระบบ,คน
1328,5072,2565,นายจ้าง,หญิง,ชัยนาท,แรงงานนอกระบบ,คน
28327,5073,2565,ประกอบธุรกิจส่วนตัว,หญิง,ชัยนาท,แรงงานนอกระบบ,คน
14431,5074,2565,ช่วยธุรกิจครัวเรือน,หญิง,ชัยนาท,แรงงานนอกระบบ,คน
710,5075,2565,ลูกจ้างรัฐบาล,หญิง,ชัยนาท,แรงงานนอกระบบ,คน
1616,5076,2565,ลูกจ้างเอกชน,หญิง,ชัยนาท,แรงงานนอกระบบ,คน
379,5077,2565,การรวมกลุ่ม,หญิง,ชัยนาท,แรงงานนอกระบบ,คน
1639,5078,2565,นายจ้าง,ชาย,สระบุรี,แรงงานในระบบ,คน
6142,5079,2565,ประกอบธุรกิจส่วนตัว,ชาย,สระบุรี,แรงงานในระบบ,คน
1588,5080,2565,ช่วยธุรกิจครัวเรือน,ชาย,สระบุรี,แรงงานในระบบ,คน
11383,5081,2565,ลูกจ้างรัฐบาล,ชาย,สระบุรี,แรงงานในระบบ,คน
132000,5082,2565,ลูกจ้างเอกชน,ชาย,สระบุรี,แรงงานในระบบ,คน
10177,5083,2565,ประกอบธุรกิจส่วนตัว,หญิง,สระบุรี,แรงงานในระบบ,คน
3468,5084,2565,ช่วยธุรกิจครัวเรือน,หญิง,สระบุรี,แรงงานในระบบ,คน
14340,5085,2565,ลูกจ้างรัฐบาล,หญิง,สระบุรี,แรงงานในระบบ,คน
92232,5086,2565,ลูกจ้างเอกชน,หญิง,สระบุรี,แรงงานในระบบ,คน
3204,5087,2565,นายจ้าง,ชาย,สระบุรี,แรงงานนอกระบบ,คน
57282,5088,2565,ประกอบธุรกิจส่วนตัว,ชาย,สระบุรี,แรงงานนอกระบบ,คน
17870,5089,2565,ช่วยธุรกิจครัวเรือน,ชาย,สระบุรี,แรงงานนอกระบบ,คน
408,5090,2565,ลูกจ้างรัฐบาล,ชาย,สระบุรี,แรงงานนอกระบบ,คน
3693,5091,2565,ลูกจ้างเอกชน,ชาย,สระบุรี,แรงงานนอกระบบ,คน
2518,5092,2565,นายจ้าง,หญิง,สระบุรี,แรงงานนอกระบบ,คน
43840,5093,2565,ประกอบธุรกิจส่วนตัว,หญิง,สระบุรี,แรงงานนอกระบบ,คน
26519,5094,2565,ช่วยธุรกิจครัวเรือน,หญิง,สระบุรี,แรงงานนอกระบบ,คน
1161,5095,2565,ลูกจ้างรัฐบาล,หญิง,สระบุรี,แรงงานนอกระบบ,คน
2241,5096,2565,ลูกจ้างเอกชน,หญิง,สระบุรี,แรงงานนอกระบบ,คน
2236,5097,2565,นายจ้าง,ชาย,ชลบุรี,แรงงานในระบบ,คน
9097,5098,2565,ประกอบธุรกิจส่วนตัว,ชาย,ชลบุรี,แรงงานในระบบ,คน
1557,5099,2565,ช่วยธุรกิจครัวเรือน,ชาย,ชลบุรี,แรงงานในระบบ,คน
48846,5100,2565,ลูกจ้างรัฐบาล,ชาย,ชลบุรี,แรงงานในระบบ,คน
383593,5101,2565,ลูกจ้างเอกชน,ชาย,ชลบุรี,แรงงานในระบบ,คน
618,5102,2565,นายจ้าง,หญิง,ชลบุรี,แรงงานในระบบ,คน
9606,5103,2565,ประกอบธุรกิจส่วนตัว,หญิง,ชลบุรี,แรงงานในระบบ,คน
2713,5104,2565,ช่วยธุรกิจครัวเรือน,หญิง,ชลบุรี,แรงงานในระบบ,คน
45174,5105,2565,ลูกจ้างรัฐบาล,หญิง,ชลบุรี,แรงงานในระบบ,คน
306021,5106,2565,ลูกจ้างเอกชน,หญิง,ชลบุรี,แรงงานในระบบ,คน
22303,5107,2565,นายจ้าง,ชาย,ชลบุรี,แรงงานนอกระบบ,คน
103830,5108,2565,ประกอบธุรกิจส่วนตัว,ชาย,ชลบุรี,แรงงานนอกระบบ,คน
10953,5109,2565,ช่วยธุรกิจครัวเรือน,ชาย,ชลบุรี,แรงงานนอกระบบ,คน
19920,5110,2565,ลูกจ้างเอกชน,ชาย,ชลบุรี,แรงงานนอกระบบ,คน
2382,5111,2565,นายจ้าง,หญิง,ชลบุรี,แรงงานนอกระบบ,คน
87818,5112,2565,ประกอบธุรกิจส่วนตัว,หญิง,ชลบุรี,แรงงานนอกระบบ,คน
24970,5113,2565,ช่วยธุรกิจครัวเรือน,หญิง,ชลบุรี,แรงงานนอกระบบ,คน
16497,5114,2565,ลูกจ้างเอกชน,หญิง,ชลบุรี,แรงงานนอกระบบ,คน
1040,5115,2565,นายจ้าง,ชาย,ระยอง,แรงงานในระบบ,คน
7205,5116,2565,ประกอบธุรกิจส่วนตัว,ชาย,ระยอง,แรงงานในระบบ,คน
8371,5117,2565,ลูกจ้างรัฐบาล,ชาย,ระยอง,แรงงานในระบบ,คน
227999,5118,2565,ลูกจ้างเอกชน,ชาย,ระยอง,แรงงานในระบบ,คน
910,5119,2565,นายจ้าง,หญิง,ระยอง,แรงงานในระบบ,คน
3012,5120,2565,ประกอบธุรกิจส่วนตัว,หญิง,ระยอง,แรงงานในระบบ,คน
1082,5121,2565,ช่วยธุรกิจครัวเรือน,หญิง,ระยอง,แรงงานในระบบ,คน
15896,5122,2565,ลูกจ้างรัฐบาล,หญิง,ระยอง,แรงงานในระบบ,คน
157321,5123,2565,ลูกจ้างเอกชน,หญิง,ระยอง,แรงงานในระบบ,คน
8210,5124,2565,นายจ้าง,ชาย,ระยอง,แรงงานนอกระบบ,คน
89816,5125,2565,ประกอบธุรกิจส่วนตัว,ชาย,ระยอง,แรงงานนอกระบบ,คน
25507,5126,2565,ช่วยธุรกิจครัวเรือน,ชาย,ระยอง,แรงงานนอกระบบ,คน
3769,5127,2565,ลูกจ้างเอกชน,ชาย,ระยอง,แรงงานนอกระบบ,คน
5157,5128,2565,นายจ้าง,หญิง,ระยอง,แรงงานนอกระบบ,คน
78998,5129,2565,ประกอบธุรกิจส่วนตัว,หญิง,ระยอง,แรงงานนอกระบบ,คน
40901,5130,2565,ช่วยธุรกิจครัวเรือน,หญิง,ระยอง,แรงงานนอกระบบ,คน
363,5131,2565,ลูกจ้างเอกชน,หญิง,ระยอง,แรงงานนอกระบบ,คน
587,5132,2565,นายจ้าง,ชาย,จันทบุรี,แรงงานในระบบ,คน
1689,5133,2565,ประกอบธุรกิจส่วนตัว,ชาย,จันทบุรี,แรงงานในระบบ,คน
377,5134,2565,ช่วยธุรกิจครัวเรือน,ชาย,จันทบุรี,แรงงานในระบบ,คน
16166,5135,2565,ลูกจ้างรัฐบาล,ชาย,จันทบุรี,แรงงานในระบบ,คน
55217,5136,2565,ลูกจ้างเอกชน,ชาย,จันทบุรี,แรงงานในระบบ,คน
2521,5137,2565,ประกอบธุรกิจส่วนตัว,หญิง,จันทบุรี,แรงงานในระบบ,คน
1593,5138,2565,ช่วยธุรกิจครัวเรือน,หญิง,จันทบุรี,แรงงานในระบบ,คน
17537,5139,2565,ลูกจ้างรัฐบาล,หญิง,จันทบุรี,แรงงานในระบบ,คน
44311,5140,2565,ลูกจ้างเอกชน,หญิง,จันทบุรี,แรงงานในระบบ,คน
9624,5141,2565,นายจ้าง,ชาย,จันทบุรี,แรงงานนอกระบบ,คน
68213,5142,2565,ประกอบธุรกิจส่วนตัว,ชาย,จันทบุรี,แรงงานนอกระบบ,คน
35740,5143,2565,ช่วยธุรกิจครัวเรือน,ชาย,จันทบุรี,แรงงานนอกระบบ,คน
284,5144,2565,ลูกจ้างรัฐบาล,ชาย,จันทบุรี,แรงงานนอกระบบ,คน
9409,5145,2565,ลูกจ้างเอกชน,ชาย,จันทบุรี,แรงงานนอกระบบ,คน
3940,5146,2565,นายจ้าง,หญิง,จันทบุรี,แรงงานนอกระบบ,คน
43051,5147,2565,ประกอบธุรกิจส่วนตัว,หญิง,จันทบุรี,แรงงานนอกระบบ,คน
49012,5148,2565,ช่วยธุรกิจครัวเรือน,หญิง,จันทบุรี,แรงงานนอกระบบ,คน
280,5149,2565,ลูกจ้างรัฐบาล,หญิง,จันทบุรี,แรงงานนอกระบบ,คน
8453,5150,2565,ลูกจ้างเอกชน,หญิง,จันทบุรี,แรงงานนอกระบบ,คน
36,5151,2565,นายจ้าง,ชาย,ตราด,แรงงานในระบบ,คน
3520,5152,2565,ประกอบธุรกิจส่วนตัว,ชาย,ตราด,แรงงานในระบบ,คน
519,5153,2565,ช่วยธุรกิจครัวเรือน,ชาย,ตราด,แรงงานในระบบ,คน
10269,5154,2565,ลูกจ้างรัฐบาล,ชาย,ตราด,แรงงานในระบบ,คน
28790,5155,2565,ลูกจ้างเอกชน,ชาย,ตราด,แรงงานในระบบ,คน
118,5156,2565,นายจ้าง,หญิง,ตราด,แรงงานในระบบ,คน
2137,5157,2565,ประกอบธุรกิจส่วนตัว,หญิง,ตราด,แรงงานในระบบ,คน
1067,5158,2565,ช่วยธุรกิจครัวเรือน,หญิง,ตราด,แรงงานในระบบ,คน
11849,5159,2565,ลูกจ้างรัฐบาล,หญิง,ตราด,แรงงานในระบบ,คน
21943,5160,2565,ลูกจ้างเอกชน,หญิง,ตราด,แรงงานในระบบ,คน
3341,5161,2565,นายจ้าง,ชาย,ตราด,แรงงานนอกระบบ,คน
29430,5162,2565,ประกอบธุรกิจส่วนตัว,ชาย,ตราด,แรงงานนอกระบบ,คน
8562,5163,2565,ช่วยธุรกิจครัวเรือน,ชาย,ตราด,แรงงานนอกระบบ,คน
545,5164,2565,ลูกจ้างรัฐบาล,ชาย,ตราด,แรงงานนอกระบบ,คน
6306,5165,2565,ลูกจ้างเอกชน,ชาย,ตราด,แรงงานนอกระบบ,คน
99,5166,2565,การรวมกลุ่ม,ชาย,ตราด,แรงงานนอกระบบ,คน
1621,5167,2565,นายจ้าง,หญิง,ตราด,แรงงานนอกระบบ,คน
17681,5168,2565,ประกอบธุรกิจส่วนตัว,หญิง,ตราด,แรงงานนอกระบบ,คน
17655,5169,2565,ช่วยธุรกิจครัวเรือน,หญิง,ตราด,แรงงานนอกระบบ,คน
666,5170,2565,ลูกจ้างรัฐบาล,หญิง,ตราด,แรงงานนอกระบบ,คน
2964,5171,2565,ลูกจ้างเอกชน,หญิง,ตราด,แรงงานนอกระบบ,คน
2317,5172,2565,นายจ้าง,ชาย,ฉะเชิงเทรา,แรงงานในระบบ,คน
6824,5173,2565,ประกอบธุรกิจส่วนตัว,ชาย,ฉะเชิงเทรา,แรงงานในระบบ,คน
2391,5174,2565,ช่วยธุรกิจครัวเรือน,ชาย,ฉะเชิงเทรา,แรงงานในระบบ,คน
14800,5175,2565,ลูกจ้างรัฐบาล,ชาย,ฉะเชิงเทรา,แรงงานในระบบ,คน
161453,5176,2565,ลูกจ้างเอกชน,ชาย,ฉะเชิงเทรา,แรงงานในระบบ,คน
1839,5177,2565,นายจ้าง,หญิง,ฉะเชิงเทรา,แรงงานในระบบ,คน
10426,5178,2565,ประกอบธุรกิจส่วนตัว,หญิง,ฉะเชิงเทรา,แรงงานในระบบ,คน
2024,5179,2565,ช่วยธุรกิจครัวเรือน,หญิง,ฉะเชิงเทรา,แรงงานในระบบ,คน
14677,5180,2565,ลูกจ้างรัฐบาล,หญิง,ฉะเชิงเทรา,แรงงานในระบบ,คน
129243,5181,2565,ลูกจ้างเอกชน,หญิง,ฉะเชิงเทรา,แรงงานในระบบ,คน
3092,5182,2565,นายจ้าง,ชาย,ฉะเชิงเทรา,แรงงานนอกระบบ,คน
62734,5183,2565,ประกอบธุรกิจส่วนตัว,ชาย,ฉะเชิงเทรา,แรงงานนอกระบบ,คน
17607,5184,2565,ช่วยธุรกิจครัวเรือน,ชาย,ฉะเชิงเทรา,แรงงานนอกระบบ,คน
14004,5185,2565,ลูกจ้างเอกชน,ชาย,ฉะเชิงเทรา,แรงงานนอกระบบ,คน
2484,5186,2565,นายจ้าง,หญิง,ฉะเชิงเทรา,แรงงานนอกระบบ,คน
49024,5187,2565,ประกอบธุรกิจส่วนตัว,หญิง,ฉะเชิงเทรา,แรงงานนอกระบบ,คน
23643,5188,2565,ช่วยธุรกิจครัวเรือน,หญิง,ฉะเชิงเทรา,แรงงานนอกระบบ,คน
4366,5189,2565,ลูกจ้างเอกชน,หญิง,ฉะเชิงเทรา,แรงงานนอกระบบ,คน
101,5190,2565,นายจ้าง,ชาย,ปราจีนบุรี,แรงงานในระบบ,คน
1417,5191,2565,ประกอบธุรกิจส่วนตัว,ชาย,ปราจีนบุรี,แรงงานในระบบ,คน
60,5192,2565,ช่วยธุรกิจครัวเรือน,ชาย,ปราจีนบุรี,แรงงานในระบบ,คน
14776,5193,2565,ลูกจ้างรัฐบาล,ชาย,ปราจีนบุรี,แรงงานในระบบ,คน
109822,5194,2565,ลูกจ้างเอกชน,ชาย,ปราจีนบุรี,แรงงานในระบบ,คน
66,5195,2565,นายจ้าง,หญิง,ปราจีนบุรี,แรงงานในระบบ,คน
1835,5196,2565,ประกอบธุรกิจส่วนตัว,หญิง,ปราจีนบุรี,แรงงานในระบบ,คน
827,5197,2565,ช่วยธุรกิจครัวเรือน,หญิง,ปราจีนบุรี,แรงงานในระบบ,คน
14733,5198,2565,ลูกจ้างรัฐบาล,หญิง,ปราจีนบุรี,แรงงานในระบบ,คน
102339,5199,2565,ลูกจ้างเอกชน,หญิง,ปราจีนบุรี,แรงงานในระบบ,คน
19941,5200,2565,นายจ้าง,ชาย,ปราจีนบุรี,แรงงานนอกระบบ,คน
46121,5201,2565,ประกอบธุรกิจส่วนตัว,ชาย,ปราจีนบุรี,แรงงานนอกระบบ,คน
12055,5202,2565,ช่วยธุรกิจครัวเรือน,ชาย,ปราจีนบุรี,แรงงานนอกระบบ,คน
548,5203,2565,ลูกจ้างรัฐบาล,ชาย,ปราจีนบุรี,แรงงานนอกระบบ,คน
2077,5204,2565,ลูกจ้างเอกชน,ชาย,ปราจีนบุรี,แรงงานนอกระบบ,คน
4177,5205,2565,นายจ้าง,หญิง,ปราจีนบุรี,แรงงานนอกระบบ,คน
35878,5206,2565,ประกอบธุรกิจส่วนตัว,หญิง,ปราจีนบุรี,แรงงานนอกระบบ,คน
19593,5207,2565,ช่วยธุรกิจครัวเรือน,หญิง,ปราจีนบุรี,แรงงานนอกระบบ,คน
1421,5208,2565,ลูกจ้างรัฐบาล,หญิง,ปราจีนบุรี,แรงงานนอกระบบ,คน
1263,5209,2565,ลูกจ้างเอกชน,หญิง,ปราจีนบุรี,แรงงานนอกระบบ,คน
816,5210,2565,นายจ้าง,ชาย,นครนายก,แรงงานในระบบ,คน
1493,5211,2565,ประกอบธุรกิจส่วนตัว,ชาย,นครนายก,แรงงานในระบบ,คน
1865,5212,2565,ช่วยธุรกิจครัวเรือน,ชาย,นครนายก,แรงงานในระบบ,คน
8231,5213,2565,ลูกจ้างรัฐบาล,ชาย,นครนายก,แรงงานในระบบ,คน
25043,5214,2565,ลูกจ้างเอกชน,ชาย,นครนายก,แรงงานในระบบ,คน
20,5215,2565,นายจ้าง,หญิง,นครนายก,แรงงานในระบบ,คน
2964,5216,2565,ประกอบธุรกิจส่วนตัว,หญิง,นครนายก,แรงงานในระบบ,คน
816,5217,2565,ช่วยธุรกิจครัวเรือน,หญิง,นครนายก,แรงงานในระบบ,คน
12763,5218,2565,ลูกจ้างรัฐบาล,หญิง,นครนายก,แรงงานในระบบ,คน
20251,5219,2565,ลูกจ้างเอกชน,หญิง,นครนายก,แรงงานในระบบ,คน
1899,5220,2565,นายจ้าง,ชาย,นครนายก,แรงงานนอกระบบ,คน
20856,5221,2565,ประกอบธุรกิจส่วนตัว,ชาย,นครนายก,แรงงานนอกระบบ,คน
11330,5222,2565,ช่วยธุรกิจครัวเรือน,ชาย,นครนายก,แรงงานนอกระบบ,คน
7585,5223,2565,ลูกจ้างเอกชน,ชาย,นครนายก,แรงงานนอกระบบ,คน
929,5224,2565,นายจ้าง,หญิง,นครนายก,แรงงานนอกระบบ,คน
17533,5225,2565,ประกอบธุรกิจส่วนตัว,หญิง,นครนายก,แรงงานนอกระบบ,คน
12568,5226,2565,ช่วยธุรกิจครัวเรือน,หญิง,นครนายก,แรงงานนอกระบบ,คน
2032,5227,2565,ลูกจ้างเอกชน,หญิง,นครนายก,แรงงานนอกระบบ,คน
7630,5228,2565,ประกอบธุรกิจส่วนตัว,ชาย,สระแก้ว,แรงงานในระบบ,คน
1668,5229,2565,ช่วยธุรกิจครัวเรือน,ชาย,สระแก้ว,แรงงานในระบบ,คน
20312,5230,2565,ลูกจ้างรัฐบาล,ชาย,สระแก้ว,แรงงานในระบบ,คน
40366,5231,2565,ลูกจ้างเอกชน,ชาย,สระแก้ว,แรงงานในระบบ,คน
174,5232,2565,นายจ้าง,หญิง,สระแก้ว,แรงงานในระบบ,คน
6603,5233,2565,ประกอบธุรกิจส่วนตัว,หญิง,สระแก้ว,แรงงานในระบบ,คน
3910,5234,2565,ช่วยธุรกิจครัวเรือน,หญิง,สระแก้ว,แรงงานในระบบ,คน
23073,5235,2565,ลูกจ้างรัฐบาล,หญิง,สระแก้ว,แรงงานในระบบ,คน
34026,5236,2565,ลูกจ้างเอกชน,หญิง,สระแก้ว,แรงงานในระบบ,คน
3173,5237,2565,นายจ้าง,ชาย,สระแก้ว,แรงงานนอกระบบ,คน
95441,5238,2565,ประกอบธุรกิจส่วนตัว,ชาย,สระแก้ว,แรงงานนอกระบบ,คน
26593,5239,2565,ช่วยธุรกิจครัวเรือน,ชาย,สระแก้ว,แรงงานนอกระบบ,คน
609,5240,2565,ลูกจ้างรัฐบาล,ชาย,สระแก้ว,แรงงานนอกระบบ,คน
5623,5241,2565,ลูกจ้างเอกชน,ชาย,สระแก้ว,แรงงานนอกระบบ,คน
1535,5242,2565,นายจ้าง,หญิง,สระแก้ว,แรงงานนอกระบบ,คน
64797,5243,2565,ประกอบธุรกิจส่วนตัว,หญิง,สระแก้ว,แรงงานนอกระบบ,คน
28767,5244,2565,ช่วยธุรกิจครัวเรือน,หญิง,สระแก้ว,แรงงานนอกระบบ,คน
1114,5245,2565,ลูกจ้างรัฐบาล,หญิง,สระแก้ว,แรงงานนอกระบบ,คน
3465,5246,2565,ลูกจ้างเอกชน,หญิง,สระแก้ว,แรงงานนอกระบบ,คน
1000,5247,2565,นายจ้าง,ชาย,ราชบุรี,แรงงานในระบบ,คน
6893,5248,2565,ประกอบธุรกิจส่วนตัว,ชาย,ราชบุรี,แรงงานในระบบ,คน
2362,5249,2565,ช่วยธุรกิจครัวเรือน,ชาย,ราชบุรี,แรงงานในระบบ,คน
17115,5250,2565,ลูกจ้างรัฐบาล,ชาย,ราชบุรี,แรงงานในระบบ,คน
99863,5251,2565,ลูกจ้างเอกชน,ชาย,ราชบุรี,แรงงานในระบบ,คน
6570,5252,2565,ประกอบธุรกิจส่วนตัว,หญิง,ราชบุรี,แรงงานในระบบ,คน
2170,5253,2565,ช่วยธุรกิจครัวเรือน,หญิง,ราชบุรี,แรงงานในระบบ,คน
21281,5254,2565,ลูกจ้างรัฐบาล,หญิง,ราชบุรี,แรงงานในระบบ,คน
81973,5255,2565,ลูกจ้างเอกชน,หญิง,ราชบุรี,แรงงานในระบบ,คน
9185,5256,2565,นายจ้าง,ชาย,ราชบุรี,แรงงานนอกระบบ,คน
76249,5257,2565,ประกอบธุรกิจส่วนตัว,ชาย,ราชบุรี,แรงงานนอกระบบ,คน
29338,5258,2565,ช่วยธุรกิจครัวเรือน,ชาย,ราชบุรี,แรงงานนอกระบบ,คน
229,5259,2565,ลูกจ้างรัฐบาล,ชาย,ราชบุรี,แรงงานนอกระบบ,คน
13311,5260,2565,ลูกจ้างเอกชน,ชาย,ราชบุรี,แรงงานนอกระบบ,คน
5732,5261,2565,นายจ้าง,หญิง,ราชบุรี,แรงงานนอกระบบ,คน
58777,5262,2565,ประกอบธุรกิจส่วนตัว,หญิง,ราชบุรี,แรงงานนอกระบบ,คน
29667,5263,2565,ช่วยธุรกิจครัวเรือน,หญิง,ราชบุรี,แรงงานนอกระบบ,คน
339,5264,2565,ลูกจ้างรัฐบาล,หญิง,ราชบุรี,แรงงานนอกระบบ,คน
7206,5265,2565,ลูกจ้างเอกชน,หญิง,ราชบุรี,แรงงานนอกระบบ,คน
2583,5266,2565,นายจ้าง,ชาย,กาญจนบุรี,แรงงานในระบบ,คน
17104,5267,2565,ประกอบธุรกิจส่วนตัว,ชาย,กาญจนบุรี,แรงงานในระบบ,คน
5606,5268,2565,ช่วยธุรกิจครัวเรือน,ชาย,กาญจนบุรี,แรงงานในระบบ,คน
18308,5269,2565,ลูกจ้างรัฐบาล,ชาย,กาญจนบุรี,แรงงานในระบบ,คน
74931,5270,2565,ลูกจ้างเอกชน,ชาย,กาญจนบุรี,แรงงานในระบบ,คน
175,5271,2565,นายจ้าง,หญิง,กาญจนบุรี,แรงงานในระบบ,คน
12408,5272,2565,ประกอบธุรกิจส่วนตัว,หญิง,กาญจนบุรี,แรงงานในระบบ,คน
8573,5273,2565,ช่วยธุรกิจครัวเรือน,หญิง,กาญจนบุรี,แรงงานในระบบ,คน
17683,5274,2565,ลูกจ้างรัฐบาล,หญิง,กาญจนบุรี,แรงงานในระบบ,คน
60016,5275,2565,ลูกจ้างเอกชน,หญิง,กาญจนบุรี,แรงงานในระบบ,คน
4075,5276,2565,นายจ้าง,ชาย,กาญจนบุรี,แรงงานนอกระบบ,คน
80211,5277,2565,ประกอบธุรกิจส่วนตัว,ชาย,กาญจนบุรี,แรงงานนอกระบบ,คน
35241,5278,2565,ช่วยธุรกิจครัวเรือน,ชาย,กาญจนบุรี,แรงงานนอกระบบ,คน
557,5279,2565,ลูกจ้างรัฐบาล,ชาย,กาญจนบุรี,แรงงานนอกระบบ,คน
26910,5280,2565,ลูกจ้างเอกชน,ชาย,กาญจนบุรี,แรงงานนอกระบบ,คน
2538,5281,2565,นายจ้าง,หญิง,กาญจนบุรี,แรงงานนอกระบบ,คน
49998,5282,2565,ประกอบธุรกิจส่วนตัว,หญิง,กาญจนบุรี,แรงงานนอกระบบ,คน
43124,5283,2565,ช่วยธุรกิจครัวเรือน,หญิง,กาญจนบุรี,แรงงานนอกระบบ,คน
1357,5284,2565,ลูกจ้างรัฐบาล,หญิง,กาญจนบุรี,แรงงานนอกระบบ,คน
21340,5285,2565,ลูกจ้างเอกชน,หญิง,กาญจนบุรี,แรงงานนอกระบบ,คน
13878,5286,2565,ประกอบธุรกิจส่วนตัว,ชาย,สุพรรณบุรี,แรงงานในระบบ,คน
10510,5287,2565,ช่วยธุรกิจครัวเรือน,ชาย,สุพรรณบุรี,แรงงานในระบบ,คน
10278,5288,2565,ลูกจ้างรัฐบาล,ชาย,สุพรรณบุรี,แรงงานในระบบ,คน
41317,5289,2565,ลูกจ้างเอกชน,ชาย,สุพรรณบุรี,แรงงานในระบบ,คน
332,5290,2565,นายจ้าง,หญิง,สุพรรณบุรี,แรงงานในระบบ,คน
11353,5291,2565,ประกอบธุรกิจส่วนตัว,หญิง,สุพรรณบุรี,แรงงานในระบบ,คน
9614,5292,2565,ช่วยธุรกิจครัวเรือน,หญิง,สุพรรณบุรี,แรงงานในระบบ,คน
17508,5293,2565,ลูกจ้างรัฐบาล,หญิง,สุพรรณบุรี,แรงงานในระบบ,คน
39805,5294,2565,ลูกจ้างเอกชน,หญิง,สุพรรณบุรี,แรงงานในระบบ,คน
3845,5295,2565,นายจ้าง,ชาย,สุพรรณบุรี,แรงงานนอกระบบ,คน
95494,5296,2565,ประกอบธุรกิจส่วนตัว,ชาย,สุพรรณบุรี,แรงงานนอกระบบ,คน
65345,5297,2565,ช่วยธุรกิจครัวเรือน,ชาย,สุพรรณบุรี,แรงงานนอกระบบ,คน
219,5298,2565,ลูกจ้างรัฐบาล,ชาย,สุพรรณบุรี,แรงงานนอกระบบ,คน
29350,5299,2565,ลูกจ้างเอกชน,ชาย,สุพรรณบุรี,แรงงานนอกระบบ,คน
1355,5300,2565,นายจ้าง,หญิง,สุพรรณบุรี,แรงงานนอกระบบ,คน
60529,5301,2565,ประกอบธุรกิจส่วนตัว,หญิง,สุพรรณบุรี,แรงงานนอกระบบ,คน
60139,5302,2565,ช่วยธุรกิจครัวเรือน,หญิง,สุพรรณบุรี,แรงงานนอกระบบ,คน
200,5303,2565,ลูกจ้างรัฐบาล,หญิง,สุพรรณบุรี,แรงงานนอกระบบ,คน
11568,5304,2565,ลูกจ้างเอกชน,หญิง,สุพรรณบุรี,แรงงานนอกระบบ,คน
637,5305,2565,นายจ้าง,ชาย,นครปฐม,แรงงานในระบบ,คน
15095,5306,2565,ประกอบธุรกิจส่วนตัว,ชาย,นครปฐม,แรงงานในระบบ,คน
1852,5307,2565,ช่วยธุรกิจครัวเรือน,ชาย,นครปฐม,แรงงานในระบบ,คน
34454,5308,2565,ลูกจ้างรัฐบาล,ชาย,นครปฐม,แรงงานในระบบ,คน
196721,5309,2565,ลูกจ้างเอกชน,ชาย,นครปฐม,แรงงานในระบบ,คน
495,5310,2565,นายจ้าง,หญิง,นครปฐม,แรงงานในระบบ,คน
10434,5311,2565,ประกอบธุรกิจส่วนตัว,หญิง,นครปฐม,แรงงานในระบบ,คน
5193,5312,2565,ช่วยธุรกิจครัวเรือน,หญิง,นครปฐม,แรงงานในระบบ,คน
38343,5313,2565,ลูกจ้างรัฐบาล,หญิง,นครปฐม,แรงงานในระบบ,คน
179910,5314,2565,ลูกจ้างเอกชน,หญิง,นครปฐม,แรงงานในระบบ,คน
12833,5315,2565,นายจ้าง,ชาย,นครปฐม,แรงงานนอกระบบ,คน
115304,5316,2565,ประกอบธุรกิจส่วนตัว,ชาย,นครปฐม,แรงงานนอกระบบ,คน
42352,5317,2565,ช่วยธุรกิจครัวเรือน,ชาย,นครปฐม,แรงงานนอกระบบ,คน
4468,5318,2565,ลูกจ้างเอกชน,ชาย,นครปฐม,แรงงานนอกระบบ,คน
7539,5319,2565,นายจ้าง,หญิง,นครปฐม,แรงงานนอกระบบ,คน
74026,5320,2565,ประกอบธุรกิจส่วนตัว,หญิง,นครปฐม,แรงงานนอกระบบ,คน
75007,5321,2565,ช่วยธุรกิจครัวเรือน,หญิง,นครปฐม,แรงงานนอกระบบ,คน
5016,5322,2565,ลูกจ้างเอกชน,หญิง,นครปฐม,แรงงานนอกระบบ,คน
285,5323,2565,การรวมกลุ่ม,หญิง,นครปฐม,แรงงานนอกระบบ,คน
1945,5324,2565,นายจ้าง,ชาย,สมุทรสาคร,แรงงานในระบบ,คน
8628,5325,2565,ประกอบธุรกิจส่วนตัว,ชาย,สมุทรสาคร,แรงงานในระบบ,คน
1019,5326,2565,ช่วยธุรกิจครัวเรือน,ชาย,สมุทรสาคร,แรงงานในระบบ,คน
15984,5327,2565,ลูกจ้างรัฐบาล,ชาย,สมุทรสาคร,แรงงานในระบบ,คน
273399,5328,2565,ลูกจ้างเอกชน,ชาย,สมุทรสาคร,แรงงานในระบบ,คน
10683,5329,2565,ประกอบธุรกิจส่วนตัว,หญิง,สมุทรสาคร,แรงงานในระบบ,คน
3018,5330,2565,ช่วยธุรกิจครัวเรือน,หญิง,สมุทรสาคร,แรงงานในระบบ,คน
23340,5331,2565,ลูกจ้างรัฐบาล,หญิง,สมุทรสาคร,แรงงานในระบบ,คน
261935,5332,2565,ลูกจ้างเอกชน,หญิง,สมุทรสาคร,แรงงานในระบบ,คน
9223,5333,2565,นายจ้าง,ชาย,สมุทรสาคร,แรงงานนอกระบบ,คน
54775,5334,2565,ประกอบธุรกิจส่วนตัว,ชาย,สมุทรสาคร,แรงงานนอกระบบ,คน
9613,5335,2565,ช่วยธุรกิจครัวเรือน,ชาย,สมุทรสาคร,แรงงานนอกระบบ,คน
1223,5336,2565,ลูกจ้างรัฐบาล,ชาย,สมุทรสาคร,แรงงานนอกระบบ,คน
2770,5337,2565,ลูกจ้างเอกชน,ชาย,สมุทรสาคร,แรงงานนอกระบบ,คน
4727,5338,2565,นายจ้าง,หญิง,สมุทรสาคร,แรงงานนอกระบบ,คน
36171,5339,2565,ประกอบธุรกิจส่วนตัว,หญิง,สมุทรสาคร,แรงงานนอกระบบ,คน
20620,5340,2565,ช่วยธุรกิจครัวเรือน,หญิง,สมุทรสาคร,แรงงานนอกระบบ,คน
10432,5341,2565,ลูกจ้างเอกชน,หญิง,สมุทรสาคร,แรงงานนอกระบบ,คน
158,5342,2565,นายจ้าง,ชาย,สมุทรสงคราม,แรงงานในระบบ,คน
2690,5343,2565,ประกอบธุรกิจส่วนตัว,ชาย,สมุทรสงคราม,แรงงานในระบบ,คน
523,5344,2565,ช่วยธุรกิจครัวเรือน,ชาย,สมุทรสงคราม,แรงงานในระบบ,คน
4965,5345,2565,ลูกจ้างรัฐบาล,ชาย,สมุทรสงคราม,แรงงานในระบบ,คน
23318,5346,2565,ลูกจ้างเอกชน,ชาย,สมุทรสงคราม,แรงงานในระบบ,คน
156,5347,2565,นายจ้าง,หญิง,สมุทรสงคราม,แรงงานในระบบ,คน
2221,5348,2565,ประกอบธุรกิจส่วนตัว,หญิง,สมุทรสงคราม,แรงงานในระบบ,คน
1156,5349,2565,ช่วยธุรกิจครัวเรือน,หญิง,สมุทรสงคราม,แรงงานในระบบ,คน
6458,5350,2565,ลูกจ้างรัฐบาล,หญิง,สมุทรสงคราม,แรงงานในระบบ,คน
19070,5351,2565,ลูกจ้างเอกชน,หญิง,สมุทรสงคราม,แรงงานในระบบ,คน
2156,5352,2565,นายจ้าง,ชาย,สมุทรสงคราม,แรงงานนอกระบบ,คน
12500,5353,2565,ประกอบธุรกิจส่วนตัว,ชาย,สมุทรสงคราม,แรงงานนอกระบบ,คน
5110,5354,2565,ช่วยธุรกิจครัวเรือน,ชาย,สมุทรสงคราม,แรงงานนอกระบบ,คน
211,5355,2565,ลูกจ้างรัฐบาล,ชาย,สมุทรสงคราม,แรงงานนอกระบบ,คน
4164,5356,2565,ลูกจ้างเอกชน,ชาย,สมุทรสงคราม,แรงงานนอกระบบ,คน
1109,5357,2565,นายจ้าง,หญิง,สมุทรสงคราม,แรงงานนอกระบบ,คน
9423,5358,2565,ประกอบธุรกิจส่วนตัว,หญิง,สมุทรสงคราม,แรงงานนอกระบบ,คน
4923,5359,2565,ช่วยธุรกิจครัวเรือน,หญิง,สมุทรสงคราม,แรงงานนอกระบบ,คน
255,5360,2565,ลูกจ้างรัฐบาล,หญิง,สมุทรสงคราม,แรงงานนอกระบบ,คน
1375,5361,2565,ลูกจ้างเอกชน,หญิง,สมุทรสงคราม,แรงงานนอกระบบ,คน
323,5362,2565,นายจ้าง,ชาย,เพชรบุรี,แรงงานในระบบ,คน
5369,5363,2565,ประกอบธุรกิจส่วนตัว,ชาย,เพชรบุรี,แรงงานในระบบ,คน
1824,5364,2565,ช่วยธุรกิจครัวเรือน,ชาย,เพชรบุรี,แรงงานในระบบ,คน
13134,5365,2565,ลูกจ้างรัฐบาล,ชาย,เพชรบุรี,แรงงานในระบบ,คน
61460,5366,2565,ลูกจ้างเอกชน,ชาย,เพชรบุรี,แรงงานในระบบ,คน
298,5367,2565,นายจ้าง,หญิง,เพชรบุรี,แรงงานในระบบ,คน
4492,5368,2565,ประกอบธุรกิจส่วนตัว,หญิง,เพชรบุรี,แรงงานในระบบ,คน
1276,5369,2565,ช่วยธุรกิจครัวเรือน,หญิง,เพชรบุรี,แรงงานในระบบ,คน
16551,5370,2565,ลูกจ้างรัฐบาล,หญิง,เพชรบุรี,แรงงานในระบบ,คน
50701,5371,2565,ลูกจ้างเอกชน,หญิง,เพชรบุรี,แรงงานในระบบ,คน
4850,5372,2565,นายจ้าง,ชาย,เพชรบุรี,แรงงานนอกระบบ,คน
44378,5373,2565,ประกอบธุรกิจส่วนตัว,ชาย,เพชรบุรี,แรงงานนอกระบบ,คน
14900,5374,2565,ช่วยธุรกิจครัวเรือน,ชาย,เพชรบุรี,แรงงานนอกระบบ,คน
465,5375,2565,ลูกจ้างรัฐบาล,ชาย,เพชรบุรี,แรงงานนอกระบบ,คน
6582,5376,2565,ลูกจ้างเอกชน,ชาย,เพชรบุรี,แรงงานนอกระบบ,คน
1765,5377,2565,นายจ้าง,หญิง,เพชรบุรี,แรงงานนอกระบบ,คน
41802,5378,2565,ประกอบธุรกิจส่วนตัว,หญิง,เพชรบุรี,แรงงานนอกระบบ,คน
19408,5379,2565,ช่วยธุรกิจครัวเรือน,หญิง,เพชรบุรี,แรงงานนอกระบบ,คน
275,5380,2565,ลูกจ้างรัฐบาล,หญิง,เพชรบุรี,แรงงานนอกระบบ,คน
2995,5381,2565,ลูกจ้างเอกชน,หญิง,เพชรบุรี,แรงงานนอกระบบ,คน
365,5382,2565,นายจ้าง,ชาย,ประจวบคีรีขันธ์,แรงงานในระบบ,คน
2986,5383,2565,ประกอบธุรกิจส่วนตัว,ชาย,ประจวบคีรีขันธ์,แรงงานในระบบ,คน
1400,5384,2565,ช่วยธุรกิจครัวเรือน,ชาย,ประจวบคีรีขันธ์,แรงงานในระบบ,คน
15857,5385,2565,ลูกจ้างรัฐบาล,ชาย,ประจวบคีรีขันธ์,แรงงานในระบบ,คน
51131,5386,2565,ลูกจ้างเอกชน,ชาย,ประจวบคีรีขันธ์,แรงงานในระบบ,คน
174,5387,2565,นายจ้าง,หญิง,ประจวบคีรีขันธ์,แรงงานในระบบ,คน
6012,5388,2565,ประกอบธุรกิจส่วนตัว,หญิง,ประจวบคีรีขันธ์,แรงงานในระบบ,คน
2479,5389,2565,ช่วยธุรกิจครัวเรือน,หญิง,ประจวบคีรีขันธ์,แรงงานในระบบ,คน
13217,5390,2565,ลูกจ้างรัฐบาล,หญิง,ประจวบคีรีขันธ์,แรงงานในระบบ,คน
35212,5391,2565,ลูกจ้างเอกชน,หญิง,ประจวบคีรีขันธ์,แรงงานในระบบ,คน
6024,5392,2565,นายจ้าง,ชาย,ประจวบคีรีขันธ์,แรงงานนอกระบบ,คน
44471,5393,2565,ประกอบธุรกิจส่วนตัว,ชาย,ประจวบคีรีขันธ์,แรงงานนอกระบบ,คน
16805,5394,2565,ช่วยธุรกิจครัวเรือน,ชาย,ประจวบคีรีขันธ์,แรงงานนอกระบบ,คน
654,5395,2565,ลูกจ้างรัฐบาล,ชาย,ประจวบคีรีขันธ์,แรงงานนอกระบบ,คน
8376,5396,2565,ลูกจ้างเอกชน,ชาย,ประจวบคีรีขันธ์,แรงงานนอกระบบ,คน
1857,5397,2565,นายจ้าง,หญิง,ประจวบคีรีขันธ์,แรงงานนอกระบบ,คน
36262,5398,2565,ประกอบธุรกิจส่วนตัว,หญิง,ประจวบคีรีขันธ์,แรงงานนอกระบบ,คน
18471,5399,2565,ช่วยธุรกิจครัวเรือน,หญิง,ประจวบคีรีขันธ์,แรงงานนอกระบบ,คน
469,5400,2565,ลูกจ้างรัฐบาล,หญิง,ประจวบคีรีขันธ์,แรงงานนอกระบบ,คน
6171,5401,2565,ลูกจ้างเอกชน,หญิง,ประจวบคีรีขันธ์,แรงงานนอกระบบ,คน
458,5402,2565,การรวมกลุ่ม,หญิง,ประจวบคีรีขันธ์,แรงงานนอกระบบ,คน
1895,5403,2561,นายจ้าง,ชาย,นครราชสีมา,แรงงานในระบบ,คน
2790,5404,2561,ประกอบธุรกิจส่วนตัว,ชาย,นครราชสีมา,แรงงานในระบบ,คน
1029,5405,2561,ช่วยธุรกิจครัวเรือน,ชาย,นครราชสีมา,แรงงานในระบบ,คน
44036,5406,2561,ลูกจ้างรัฐบาล,ชาย,นครราชสีมา,แรงงานในระบบ,คน
202118,5407,2561,ลูกจ้างเอกชน,ชาย,นครราชสีมา,แรงงานในระบบ,คน
867,5408,2561,นายจ้าง,หญิง,นครราชสีมา,แรงงานในระบบ,คน
4696,5409,2561,ประกอบธุรกิจส่วนตัว,หญิง,นครราชสีมา,แรงงานในระบบ,คน
2767,5410,2561,ช่วยธุรกิจครัวเรือน,หญิง,นครราชสีมา,แรงงานในระบบ,คน
56731,5411,2561,ลูกจ้างรัฐบาล,หญิง,นครราชสีมา,แรงงานในระบบ,คน
185095,5412,2561,ลูกจ้างเอกชน,หญิง,นครราชสีมา,แรงงานในระบบ,คน
19264,5413,2561,นายจ้าง,ชาย,นครราชสีมา,แรงงานนอกระบบ,คน
291850,5414,2561,ประกอบธุรกิจส่วนตัว,ชาย,นครราชสีมา,แรงงานนอกระบบ,คน
98456,5415,2561,ช่วยธุรกิจครัวเรือน,ชาย,นครราชสีมา,แรงงานนอกระบบ,คน
3602,5416,2561,ลูกจ้างรัฐบาล,ชาย,นครราชสีมา,แรงงานนอกระบบ,คน
51695,5417,2561,ลูกจ้างเอกชน,ชาย,นครราชสีมา,แรงงานนอกระบบ,คน
452,5418,2561,การรวมกลุ่ม,ชาย,นครราชสีมา,แรงงานนอกระบบ,คน
3046,5419,2561,นายจ้าง,หญิง,นครราชสีมา,แรงงานนอกระบบ,คน
162295,5420,2561,ประกอบธุรกิจส่วนตัว,หญิง,นครราชสีมา,แรงงานนอกระบบ,คน
125703,5421,2561,ช่วยธุรกิจครัวเรือน,หญิง,นครราชสีมา,แรงงานนอกระบบ,คน
3975,5422,2561,ลูกจ้างรัฐบาล,หญิง,นครราชสีมา,แรงงานนอกระบบ,คน
37148,5423,2561,ลูกจ้างเอกชน,หญิง,นครราชสีมา,แรงงานนอกระบบ,คน
300,5424,2561,การรวมกลุ่ม,หญิง,นครราชสีมา,แรงงานนอกระบบ,คน
484,5425,2561,ประกอบธุรกิจส่วนตัว,ชาย,บุรีรัมย์,แรงงานในระบบ,คน
349,5426,2561,ช่วยธุรกิจครัวเรือน,ชาย,บุรีรัมย์,แรงงานในระบบ,คน
27735,5427,2561,ลูกจ้างรัฐบาล,ชาย,บุรีรัมย์,แรงงานในระบบ,คน
68273,5428,2561,ลูกจ้างเอกชน,ชาย,บุรีรัมย์,แรงงานในระบบ,คน
255,5429,2561,ประกอบธุรกิจส่วนตัว,หญิง,บุรีรัมย์,แรงงานในระบบ,คน
23350,5430,2561,ลูกจ้างรัฐบาล,หญิง,บุรีรัมย์,แรงงานในระบบ,คน
49921,5431,2561,ลูกจ้างเอกชน,หญิง,บุรีรัมย์,แรงงานในระบบ,คน
548,5432,2561,การรวมกลุ่ม,หญิง,บุรีรัมย์,แรงงานในระบบ,คน
4769,5433,2561,นายจ้าง,ชาย,บุรีรัมย์,แรงงานนอกระบบ,คน
178122,5434,2561,ประกอบธุรกิจส่วนตัว,ชาย,บุรีรัมย์,แรงงานนอกระบบ,คน
62923,5435,2561,ช่วยธุรกิจครัวเรือน,ชาย,บุรีรัมย์,แรงงานนอกระบบ,คน
3183,5436,2561,ลูกจ้างรัฐบาล,ชาย,บุรีรัมย์,แรงงานนอกระบบ,คน
22955,5437,2561,ลูกจ้างเอกชน,ชาย,บุรีรัมย์,แรงงานนอกระบบ,คน
2198,5438,2561,นายจ้าง,หญิง,บุรีรัมย์,แรงงานนอกระบบ,คน
130746,5439,2561,ประกอบธุรกิจส่วนตัว,หญิง,บุรีรัมย์,แรงงานนอกระบบ,คน
106221,5440,2561,ช่วยธุรกิจครัวเรือน,หญิง,บุรีรัมย์,แรงงานนอกระบบ,คน
190,5441,2561,ลูกจ้างรัฐบาล,หญิง,บุรีรัมย์,แรงงานนอกระบบ,คน
10785,5442,2561,ลูกจ้างเอกชน,หญิง,บุรีรัมย์,แรงงานนอกระบบ,คน
600,5443,2561,การรวมกลุ่ม,หญิง,บุรีรัมย์,แรงงานนอกระบบ,คน
594,5444,2561,นายจ้าง,ชาย,สุรินทร์,แรงงานในระบบ,คน
6223,5445,2561,ประกอบธุรกิจส่วนตัว,ชาย,สุรินทร์,แรงงานในระบบ,คน
52,5446,2561,ช่วยธุรกิจครัวเรือน,ชาย,สุรินทร์,แรงงานในระบบ,คน
25778,5447,2561,ลูกจ้างรัฐบาล,ชาย,สุรินทร์,แรงงานในระบบ,คน
38732,5448,2561,ลูกจ้างเอกชน,ชาย,สุรินทร์,แรงงานในระบบ,คน
2615,5449,2561,ประกอบธุรกิจส่วนตัว,หญิง,สุรินทร์,แรงงานในระบบ,คน
995,5450,2561,ช่วยธุรกิจครัวเรือน,หญิง,สุรินทร์,แรงงานในระบบ,คน
28050,5451,2561,ลูกจ้างรัฐบาล,หญิง,สุรินทร์,แรงงานในระบบ,คน
30835,5452,2561,ลูกจ้างเอกชน,หญิง,สุรินทร์,แรงงานในระบบ,คน
9922,5453,2561,นายจ้าง,ชาย,สุรินทร์,แรงงานนอกระบบ,คน
157058,5454,2561,ประกอบธุรกิจส่วนตัว,ชาย,สุรินทร์,แรงงานนอกระบบ,คน
30339,5455,2561,ช่วยธุรกิจครัวเรือน,ชาย,สุรินทร์,แรงงานนอกระบบ,คน
856,5456,2561,ลูกจ้างรัฐบาล,ชาย,สุรินทร์,แรงงานนอกระบบ,คน
26209,5457,2561,ลูกจ้างเอกชน,ชาย,สุรินทร์,แรงงานนอกระบบ,คน
1550,5458,2561,นายจ้าง,หญิง,สุรินทร์,แรงงานนอกระบบ,คน
108625,5459,2561,ประกอบธุรกิจส่วนตัว,หญิง,สุรินทร์,แรงงานนอกระบบ,คน
52180,5460,2561,ช่วยธุรกิจครัวเรือน,หญิง,สุรินทร์,แรงงานนอกระบบ,คน
1000,5461,2561,ลูกจ้างรัฐบาล,หญิง,สุรินทร์,แรงงานนอกระบบ,คน
11927,5462,2561,ลูกจ้างเอกชน,หญิง,สุรินทร์,แรงงานนอกระบบ,คน
189,5463,2561,การรวมกลุ่ม,หญิง,สุรินทร์,แรงงานนอกระบบ,คน
1594,5464,2561,ประกอบธุรกิจส่วนตัว,ชาย,ศรีสะเกษ,แรงงานในระบบ,คน
738,5465,2561,ช่วยธุรกิจครัวเรือน,ชาย,ศรีสะเกษ,แรงงานในระบบ,คน
17794,5466,2561,ลูกจ้างรัฐบาล,ชาย,ศรีสะเกษ,แรงงานในระบบ,คน
15304,5467,2561,ลูกจ้างเอกชน,ชาย,ศรีสะเกษ,แรงงานในระบบ,คน
606,5468,2561,นายจ้าง,หญิง,ศรีสะเกษ,แรงงานในระบบ,คน
866,5469,2561,ประกอบธุรกิจส่วนตัว,หญิง,ศรีสะเกษ,แรงงานในระบบ,คน
2216,5470,2561,ช่วยธุรกิจครัวเรือน,หญิง,ศรีสะเกษ,แรงงานในระบบ,คน
20791,5471,2561,ลูกจ้างรัฐบาล,หญิง,ศรีสะเกษ,แรงงานในระบบ,คน
9176,5472,2561,ลูกจ้างเอกชน,หญิง,ศรีสะเกษ,แรงงานในระบบ,คน
774,5473,2561,นายจ้าง,ชาย,ศรีสะเกษ,แรงงานนอกระบบ,คน
172642,5474,2561,ประกอบธุรกิจส่วนตัว,ชาย,ศรีสะเกษ,แรงงานนอกระบบ,คน
91509,5475,2561,ช่วยธุรกิจครัวเรือน,ชาย,ศรีสะเกษ,แรงงานนอกระบบ,คน
7517,5476,2561,ลูกจ้างเอกชน,ชาย,ศรีสะเกษ,แรงงานนอกระบบ,คน
60,5477,2561,นายจ้าง,หญิง,ศรีสะเกษ,แรงงานนอกระบบ,คน
120701,5478,2561,ประกอบธุรกิจส่วนตัว,หญิง,ศรีสะเกษ,แรงงานนอกระบบ,คน
134384,5479,2561,ช่วยธุรกิจครัวเรือน,หญิง,ศรีสะเกษ,แรงงานนอกระบบ,คน
599,5480,2561,ลูกจ้างรัฐบาล,หญิง,ศรีสะเกษ,แรงงานนอกระบบ,คน
4696,5481,2561,ลูกจ้างเอกชน,หญิง,ศรีสะเกษ,แรงงานนอกระบบ,คน
531,5482,2561,นายจ้าง,ชาย,อุบลราชธานี,แรงงานในระบบ,คน
1653,5483,2561,ประกอบธุรกิจส่วนตัว,ชาย,อุบลราชธานี,แรงงานในระบบ,คน
1629,5484,2561,ช่วยธุรกิจครัวเรือน,ชาย,อุบลราชธานี,แรงงานในระบบ,คน
46076,5485,2561,ลูกจ้างรัฐบาล,ชาย,อุบลราชธานี,แรงงานในระบบ,คน
52558,5486,2561,ลูกจ้างเอกชน,ชาย,อุบลราชธานี,แรงงานในระบบ,คน
204,5487,2561,นายจ้าง,หญิง,อุบลราชธานี,แรงงานในระบบ,คน
1202,5488,2561,ประกอบธุรกิจส่วนตัว,หญิง,อุบลราชธานี,แรงงานในระบบ,คน
1050,5489,2561,ช่วยธุรกิจครัวเรือน,หญิง,อุบลราชธานี,แรงงานในระบบ,คน
33331,5490,2561,ลูกจ้างรัฐบาล,หญิง,อุบลราชธานี,แรงงานในระบบ,คน
34096,5491,2561,ลูกจ้างเอกชน,หญิง,อุบลราชธานี,แรงงานในระบบ,คน
4207,5492,2561,นายจ้าง,ชาย,อุบลราชธานี,แรงงานนอกระบบ,คน
275666,5493,2561,ประกอบธุรกิจส่วนตัว,ชาย,อุบลราชธานี,แรงงานนอกระบบ,คน
82103,5494,2561,ช่วยธุรกิจครัวเรือน,ชาย,อุบลราชธานี,แรงงานนอกระบบ,คน
379,5495,2561,ลูกจ้างรัฐบาล,ชาย,อุบลราชธานี,แรงงานนอกระบบ,คน
28499,5496,2561,ลูกจ้างเอกชน,ชาย,อุบลราชธานี,แรงงานนอกระบบ,คน
8793,5497,2561,การรวมกลุ่ม,ชาย,อุบลราชธานี,แรงงานนอกระบบ,คน
2086,5498,2561,นายจ้าง,หญิง,อุบลราชธานี,แรงงานนอกระบบ,คน
102315,5499,2561,ประกอบธุรกิจส่วนตัว,หญิง,อุบลราชธานี,แรงงานนอกระบบ,คน
208509,5500,2561,ช่วยธุรกิจครัวเรือน,หญิง,อุบลราชธานี,แรงงานนอกระบบ,คน
1764,5501,2561,ลูกจ้างรัฐบาล,หญิง,อุบลราชธานี,แรงงานนอกระบบ,คน
23063,5502,2561,ลูกจ้างเอกชน,หญิง,อุบลราชธานี,แรงงานนอกระบบ,คน
1090,5503,2561,การรวมกลุ่ม,หญิง,อุบลราชธานี,แรงงานนอกระบบ,คน
164,5504,2561,นายจ้าง,ชาย,ยโสธร,แรงงานในระบบ,คน
546,5505,2561,ประกอบธุรกิจส่วนตัว,ชาย,ยโสธร,แรงงานในระบบ,คน
357,5506,2561,ช่วยธุรกิจครัวเรือน,ชาย,ยโสธร,แรงงานในระบบ,คน
14113,5507,2561,ลูกจ้างรัฐบาล,ชาย,ยโสธร,แรงงานในระบบ,คน
9874,5508,2561,ลูกจ้างเอกชน,ชาย,ยโสธร,แรงงานในระบบ,คน
86,5509,2561,นายจ้าง,หญิง,ยโสธร,แรงงานในระบบ,คน
540,5510,2561,ประกอบธุรกิจส่วนตัว,หญิง,ยโสธร,แรงงานในระบบ,คน
566,5511,2561,ช่วยธุรกิจครัวเรือน,หญิง,ยโสธร,แรงงานในระบบ,คน
10708,5512,2561,ลูกจ้างรัฐบาล,หญิง,ยโสธร,แรงงานในระบบ,คน
7189,5513,2561,ลูกจ้างเอกชน,หญิง,ยโสธร,แรงงานในระบบ,คน
1756,5514,2561,นายจ้าง,ชาย,ยโสธร,แรงงานนอกระบบ,คน
88948,5515,2561,ประกอบธุรกิจส่วนตัว,ชาย,ยโสธร,แรงงานนอกระบบ,คน
33619,5516,2561,ช่วยธุรกิจครัวเรือน,ชาย,ยโสธร,แรงงานนอกระบบ,คน
3189,5517,2561,ลูกจ้างเอกชน,ชาย,ยโสธร,แรงงานนอกระบบ,คน
719,5518,2561,นายจ้าง,หญิง,ยโสธร,แรงงานนอกระบบ,คน
42841,5519,2561,ประกอบธุรกิจส่วนตัว,หญิง,ยโสธร,แรงงานนอกระบบ,คน
77308,5520,2561,ช่วยธุรกิจครัวเรือน,หญิง,ยโสธร,แรงงานนอกระบบ,คน
91,5521,2561,ลูกจ้างรัฐบาล,หญิง,ยโสธร,แรงงานนอกระบบ,คน
1104,5522,2561,ลูกจ้างเอกชน,หญิง,ยโสธร,แรงงานนอกระบบ,คน
234,5523,2561,การรวมกลุ่ม,หญิง,ยโสธร,แรงงานนอกระบบ,คน
202,5524,2561,นายจ้าง,ชาย,ชัยภูมิ,แรงงานในระบบ,คน
358,5525,2561,ประกอบธุรกิจส่วนตัว,ชาย,ชัยภูมิ,แรงงานในระบบ,คน
18376,5526,2561,ลูกจ้างรัฐบาล,ชาย,ชัยภูมิ,แรงงานในระบบ,คน
33244,5527,2561,ลูกจ้างเอกชน,ชาย,ชัยภูมิ,แรงงานในระบบ,คน
494,5528,2561,ประกอบธุรกิจส่วนตัว,หญิง,ชัยภูมิ,แรงงานในระบบ,คน
234,5529,2561,ช่วยธุรกิจครัวเรือน,หญิง,ชัยภูมิ,แรงงานในระบบ,คน
18983,5530,2561,ลูกจ้างรัฐบาล,หญิง,ชัยภูมิ,แรงงานในระบบ,คน
21130,5531,2561,ลูกจ้างเอกชน,หญิง,ชัยภูมิ,แรงงานในระบบ,คน
1225,5532,2561,นายจ้าง,ชาย,ชัยภูมิ,แรงงานนอกระบบ,คน
125163,5533,2561,ประกอบธุรกิจส่วนตัว,ชาย,ชัยภูมิ,แรงงานนอกระบบ,คน
58672,5534,2561,ช่วยธุรกิจครัวเรือน,ชาย,ชัยภูมิ,แรงงานนอกระบบ,คน
97,5535,2561,ลูกจ้างรัฐบาล,ชาย,ชัยภูมิ,แรงงานนอกระบบ,คน
32925,5536,2561,ลูกจ้างเอกชน,ชาย,ชัยภูมิ,แรงงานนอกระบบ,คน
1788,5537,2561,นายจ้าง,หญิง,ชัยภูมิ,แรงงานนอกระบบ,คน
62495,5538,2561,ประกอบธุรกิจส่วนตัว,หญิง,ชัยภูมิ,แรงงานนอกระบบ,คน
96396,5539,2561,ช่วยธุรกิจครัวเรือน,หญิง,ชัยภูมิ,แรงงานนอกระบบ,คน
18622,5540,2561,ลูกจ้างเอกชน,หญิง,ชัยภูมิ,แรงงานนอกระบบ,คน
1958,5541,2561,ประกอบธุรกิจส่วนตัว,ชาย,อำนาจเจริญ,แรงงานในระบบ,คน
405,5542,2561,ช่วยธุรกิจครัวเรือน,ชาย,อำนาจเจริญ,แรงงานในระบบ,คน
10058,5543,2561,ลูกจ้างรัฐบาล,ชาย,อำนาจเจริญ,แรงงานในระบบ,คน
6372,5544,2561,ลูกจ้างเอกชน,ชาย,อำนาจเจริญ,แรงงานในระบบ,คน
1935,5545,2561,ประกอบธุรกิจส่วนตัว,หญิง,อำนาจเจริญ,แรงงานในระบบ,คน
827,5546,2561,ช่วยธุรกิจครัวเรือน,หญิง,อำนาจเจริญ,แรงงานในระบบ,คน
8362,5547,2561,ลูกจ้างรัฐบาล,หญิง,อำนาจเจริญ,แรงงานในระบบ,คน
3571,5548,2561,ลูกจ้างเอกชน,หญิง,อำนาจเจริญ,แรงงานในระบบ,คน
1253,5549,2561,นายจ้าง,ชาย,อำนาจเจริญ,แรงงานนอกระบบ,คน
41866,5550,2561,ประกอบธุรกิจส่วนตัว,ชาย,อำนาจเจริญ,แรงงานนอกระบบ,คน
16097,5551,2561,ช่วยธุรกิจครัวเรือน,ชาย,อำนาจเจริญ,แรงงานนอกระบบ,คน
634,5552,2561,ลูกจ้างรัฐบาล,ชาย,อำนาจเจริญ,แรงงานนอกระบบ,คน
3793,5553,2561,ลูกจ้างเอกชน,ชาย,อำนาจเจริญ,แรงงานนอกระบบ,คน
334,5554,2561,นายจ้าง,หญิง,อำนาจเจริญ,แรงงานนอกระบบ,คน
22835,5555,2561,ประกอบธุรกิจส่วนตัว,หญิง,อำนาจเจริญ,แรงงานนอกระบบ,คน
29129,5556,2561,ช่วยธุรกิจครัวเรือน,หญิง,อำนาจเจริญ,แรงงานนอกระบบ,คน
413,5557,2561,ลูกจ้างรัฐบาล,หญิง,อำนาจเจริญ,แรงงานนอกระบบ,คน
1434,5558,2561,ลูกจ้างเอกชน,หญิง,อำนาจเจริญ,แรงงานนอกระบบ,คน
262,5559,2561,การรวมกลุ่ม,หญิง,อำนาจเจริญ,แรงงานนอกระบบ,คน
251,5560,2561,ประกอบธุรกิจส่วนตัว,ชาย,บึงกาฬ,แรงงานในระบบ,คน
386,5561,2561,ช่วยธุรกิจครัวเรือน,ชาย,บึงกาฬ,แรงงานในระบบ,คน
9135,5562,2561,ลูกจ้างรัฐบาล,ชาย,บึงกาฬ,แรงงานในระบบ,คน
12141,5563,2561,ลูกจ้างเอกชน,ชาย,บึงกาฬ,แรงงานในระบบ,คน
548,5564,2561,ประกอบธุรกิจส่วนตัว,หญิง,บึงกาฬ,แรงงานในระบบ,คน
489,5565,2561,ช่วยธุรกิจครัวเรือน,หญิง,บึงกาฬ,แรงงานในระบบ,คน
5834,5566,2561,ลูกจ้างรัฐบาล,หญิง,บึงกาฬ,แรงงานในระบบ,คน
10152,5567,2561,ลูกจ้างเอกชน,หญิง,บึงกาฬ,แรงงานในระบบ,คน
690,5568,2561,นายจ้าง,ชาย,บึงกาฬ,แรงงานนอกระบบ,คน
43029,5569,2561,ประกอบธุรกิจส่วนตัว,ชาย,บึงกาฬ,แรงงานนอกระบบ,คน
23396,5570,2561,ช่วยธุรกิจครัวเรือน,ชาย,บึงกาฬ,แรงงานนอกระบบ,คน
105,5571,2561,ลูกจ้างรัฐบาล,ชาย,บึงกาฬ,แรงงานนอกระบบ,คน
5698,5572,2561,ลูกจ้างเอกชน,ชาย,บึงกาฬ,แรงงานนอกระบบ,คน
945,5573,2561,นายจ้าง,หญิง,บึงกาฬ,แรงงานนอกระบบ,คน
20802,5574,2561,ประกอบธุรกิจส่วนตัว,หญิง,บึงกาฬ,แรงงานนอกระบบ,คน
33912,5575,2561,ช่วยธุรกิจครัวเรือน,หญิง,บึงกาฬ,แรงงานนอกระบบ,คน
4694,5576,2561,ลูกจ้างเอกชน,หญิง,บึงกาฬ,แรงงานนอกระบบ,คน
185,5577,2561,นายจ้าง,ชาย,หนองบัวลำภู,แรงงานในระบบ,คน
1562,5578,2561,ประกอบธุรกิจส่วนตัว,ชาย,หนองบัวลำภู,แรงงานในระบบ,คน
202,5579,2561,ช่วยธุรกิจครัวเรือน,ชาย,หนองบัวลำภู,แรงงานในระบบ,คน
10294,5580,2561,ลูกจ้างรัฐบาล,ชาย,หนองบัวลำภู,แรงงานในระบบ,คน
10358,5581,2561,ลูกจ้างเอกชน,ชาย,หนองบัวลำภู,แรงงานในระบบ,คน
793,5582,2561,ประกอบธุรกิจส่วนตัว,หญิง,หนองบัวลำภู,แรงงานในระบบ,คน
424,5583,2561,ช่วยธุรกิจครัวเรือน,หญิง,หนองบัวลำภู,แรงงานในระบบ,คน
13820,5584,2561,ลูกจ้างรัฐบาล,หญิง,หนองบัวลำภู,แรงงานในระบบ,คน
10320,5585,2561,ลูกจ้างเอกชน,หญิง,หนองบัวลำภู,แรงงานในระบบ,คน
930,5586,2561,นายจ้าง,ชาย,หนองบัวลำภู,แรงงานนอกระบบ,คน
66851,5587,2561,ประกอบธุรกิจส่วนตัว,ชาย,หนองบัวลำภู,แรงงานนอกระบบ,คน
26963,5588,2561,ช่วยธุรกิจครัวเรือน,ชาย,หนองบัวลำภู,แรงงานนอกระบบ,คน
9782,5589,2561,ลูกจ้างเอกชน,ชาย,หนองบัวลำภู,แรงงานนอกระบบ,คน
77,5590,2561,การรวมกลุ่ม,ชาย,หนองบัวลำภู,แรงงานนอกระบบ,คน
103,5591,2561,นายจ้าง,หญิง,หนองบัวลำภู,แรงงานนอกระบบ,คน
33964,5592,2561,ประกอบธุรกิจส่วนตัว,หญิง,หนองบัวลำภู,แรงงานนอกระบบ,คน
36385,5593,2561,ช่วยธุรกิจครัวเรือน,หญิง,หนองบัวลำภู,แรงงานนอกระบบ,คน
3122,5594,2561,ลูกจ้างเอกชน,หญิง,หนองบัวลำภู,แรงงานนอกระบบ,คน
384,5595,2561,นายจ้าง,ชาย,ขอนแก่น,แรงงานในระบบ,คน
257,5596,2561,ประกอบธุรกิจส่วนตัว,ชาย,ขอนแก่น,แรงงานในระบบ,คน
1255,5597,2561,ช่วยธุรกิจครัวเรือน,ชาย,ขอนแก่น,แรงงานในระบบ,คน
46517,5598,2561,ลูกจ้างรัฐบาล,ชาย,ขอนแก่น,แรงงานในระบบ,คน
106523,5599,2561,ลูกจ้างเอกชน,ชาย,ขอนแก่น,แรงงานในระบบ,คน
1188,5600,2561,ประกอบธุรกิจส่วนตัว,หญิง,ขอนแก่น,แรงงานในระบบ,คน
660,5601,2561,ช่วยธุรกิจครัวเรือน,หญิง,ขอนแก่น,แรงงานในระบบ,คน
45335,5602,2561,ลูกจ้างรัฐบาล,หญิง,ขอนแก่น,แรงงานในระบบ,คน
95533,5603,2561,ลูกจ้างเอกชน,หญิง,ขอนแก่น,แรงงานในระบบ,คน
5795,5604,2561,นายจ้าง,ชาย,ขอนแก่น,แรงงานนอกระบบ,คน
247479,5605,2561,ประกอบธุรกิจส่วนตัว,ชาย,ขอนแก่น,แรงงานนอกระบบ,คน
82947,5606,2561,ช่วยธุรกิจครัวเรือน,ชาย,ขอนแก่น,แรงงานนอกระบบ,คน
39509,5607,2561,ลูกจ้างเอกชน,ชาย,ขอนแก่น,แรงงานนอกระบบ,คน
3943,5608,2561,การรวมกลุ่ม,ชาย,ขอนแก่น,แรงงานนอกระบบ,คน
1077,5609,2561,นายจ้าง,หญิง,ขอนแก่น,แรงงานนอกระบบ,คน
114650,5610,2561,ประกอบธุรกิจส่วนตัว,หญิง,ขอนแก่น,แรงงานนอกระบบ,คน
171025,5611,2561,ช่วยธุรกิจครัวเรือน,หญิง,ขอนแก่น,แรงงานนอกระบบ,คน
20187,5612,2561,ลูกจ้างเอกชน,หญิง,ขอนแก่น,แรงงานนอกระบบ,คน
312,5613,2561,นายจ้าง,ชาย,อุดรธานี,แรงงานในระบบ,คน
801,5614,2561,ประกอบธุรกิจส่วนตัว,ชาย,อุดรธานี,แรงงานในระบบ,คน
1604,5615,2561,ช่วยธุรกิจครัวเรือน,ชาย,อุดรธานี,แรงงานในระบบ,คน
27911,5616,2561,ลูกจ้างรัฐบาล,ชาย,อุดรธานี,แรงงานในระบบ,คน
41322,5617,2561,ลูกจ้างเอกชน,ชาย,อุดรธานี,แรงงานในระบบ,คน
1182,5618,2561,ประกอบธุรกิจส่วนตัว,หญิง,อุดรธานี,แรงงานในระบบ,คน
339,5619,2561,ช่วยธุรกิจครัวเรือน,หญิง,อุดรธานี,แรงงานในระบบ,คน
28831,5620,2561,ลูกจ้างรัฐบาล,หญิง,อุดรธานี,แรงงานในระบบ,คน
27432,5621,2561,ลูกจ้างเอกชน,หญิง,อุดรธานี,แรงงานในระบบ,คน
4109,5622,2561,นายจ้าง,ชาย,อุดรธานี,แรงงานนอกระบบ,คน
162184,5623,2561,ประกอบธุรกิจส่วนตัว,ชาย,อุดรธานี,แรงงานนอกระบบ,คน
72908,5624,2561,ช่วยธุรกิจครัวเรือน,ชาย,อุดรธานี,แรงงานนอกระบบ,คน
606,5625,2561,ลูกจ้างรัฐบาล,ชาย,อุดรธานี,แรงงานนอกระบบ,คน
45868,5626,2561,ลูกจ้างเอกชน,ชาย,อุดรธานี,แรงงานนอกระบบ,คน
1248,5627,2561,นายจ้าง,หญิง,อุดรธานี,แรงงานนอกระบบ,คน
97221,5628,2561,ประกอบธุรกิจส่วนตัว,หญิง,อุดรธานี,แรงงานนอกระบบ,คน
124240,5629,2561,ช่วยธุรกิจครัวเรือน,หญิง,อุดรธานี,แรงงานนอกระบบ,คน
1345,5630,2561,ลูกจ้างรัฐบาล,หญิง,อุดรธานี,แรงงานนอกระบบ,คน
21337,5631,2561,ลูกจ้างเอกชน,หญิง,อุดรธานี,แรงงานนอกระบบ,คน
131,5632,2561,ช่วยธุรกิจครัวเรือน,ชาย,เลย,แรงงานในระบบ,คน
11388,5633,2561,ลูกจ้างรัฐบาล,ชาย,เลย,แรงงานในระบบ,คน
8291,5634,2561,ลูกจ้างเอกชน,ชาย,เลย,แรงงานในระบบ,คน
212,5635,2561,ประกอบธุรกิจส่วนตัว,หญิง,เลย,แรงงานในระบบ,คน
12435,5636,2561,ลูกจ้างรัฐบาล,หญิง,เลย,แรงงานในระบบ,คน
8477,5637,2561,ลูกจ้างเอกชน,หญิง,เลย,แรงงานในระบบ,คน
95,5638,2561,การรวมกลุ่ม,หญิง,เลย,แรงงานในระบบ,คน
2248,5639,2561,นายจ้าง,ชาย,เลย,แรงงานนอกระบบ,คน
80996,5640,2561,ประกอบธุรกิจส่วนตัว,ชาย,เลย,แรงงานนอกระบบ,คน
55900,5641,2561,ช่วยธุรกิจครัวเรือน,ชาย,เลย,แรงงานนอกระบบ,คน
734,5642,2561,ลูกจ้างรัฐบาล,ชาย,เลย,แรงงานนอกระบบ,คน
6648,5643,2561,ลูกจ้างเอกชน,ชาย,เลย,แรงงานนอกระบบ,คน
501,5644,2561,นายจ้าง,หญิง,เลย,แรงงานนอกระบบ,คน
41123,5645,2561,ประกอบธุรกิจส่วนตัว,หญิง,เลย,แรงงานนอกระบบ,คน
70360,5646,2561,ช่วยธุรกิจครัวเรือน,หญิง,เลย,แรงงานนอกระบบ,คน
71,5647,2561,ลูกจ้างรัฐบาล,หญิง,เลย,แรงงานนอกระบบ,คน
3135,5648,2561,ลูกจ้างเอกชน,หญิง,เลย,แรงงานนอกระบบ,คน
306,5649,2561,การรวมกลุ่ม,หญิง,เลย,แรงงานนอกระบบ,คน
75,5650,2561,นายจ้าง,ชาย,หนองคาย,แรงงานในระบบ,คน
1075,5651,2561,ประกอบธุรกิจส่วนตัว,ชาย,หนองคาย,แรงงานในระบบ,คน
193,5652,2561,ช่วยธุรกิจครัวเรือน,ชาย,หนองคาย,แรงงานในระบบ,คน
13957,5653,2561,ลูกจ้างรัฐบาล,ชาย,หนองคาย,แรงงานในระบบ,คน
19312,5654,2561,ลูกจ้างเอกชน,ชาย,หนองคาย,แรงงานในระบบ,คน
137,5655,2561,ประกอบธุรกิจส่วนตัว,หญิง,หนองคาย,แรงงานในระบบ,คน
290,5656,2561,ช่วยธุรกิจครัวเรือน,หญิง,หนองคาย,แรงงานในระบบ,คน
11266,5657,2561,ลูกจ้างรัฐบาล,หญิง,หนองคาย,แรงงานในระบบ,คน
16498,5658,2561,ลูกจ้างเอกชน,หญิง,หนองคาย,แรงงานในระบบ,คน
2149,5659,2561,นายจ้าง,ชาย,หนองคาย,แรงงานนอกระบบ,คน
47945,5660,2561,ประกอบธุรกิจส่วนตัว,ชาย,หนองคาย,แรงงานนอกระบบ,คน
21806,5661,2561,ช่วยธุรกิจครัวเรือน,ชาย,หนองคาย,แรงงานนอกระบบ,คน
209,5662,2561,ลูกจ้างรัฐบาล,ชาย,หนองคาย,แรงงานนอกระบบ,คน
8251,5663,2561,ลูกจ้างเอกชน,ชาย,หนองคาย,แรงงานนอกระบบ,คน
379,5664,2561,นายจ้าง,หญิง,หนองคาย,แรงงานนอกระบบ,คน
33744,5665,2561,ประกอบธุรกิจส่วนตัว,หญิง,หนองคาย,แรงงานนอกระบบ,คน
30120,5666,2561,ช่วยธุรกิจครัวเรือน,หญิง,หนองคาย,แรงงานนอกระบบ,คน
424,5667,2561,ลูกจ้างรัฐบาล,หญิง,หนองคาย,แรงงานนอกระบบ,คน
4269,5668,2561,ลูกจ้างเอกชน,หญิง,หนองคาย,แรงงานนอกระบบ,คน
221,5669,2561,การรวมกลุ่ม,หญิง,หนองคาย,แรงงานนอกระบบ,คน
907,5670,2561,ประกอบธุรกิจส่วนตัว,ชาย,มหาสารคาม,แรงงานในระบบ,คน
521,5671,2561,ช่วยธุรกิจครัวเรือน,ชาย,มหาสารคาม,แรงงานในระบบ,คน
25983,5672,2561,ลูกจ้างรัฐบาล,ชาย,มหาสารคาม,แรงงานในระบบ,คน
32991,5673,2561,ลูกจ้างเอกชน,ชาย,มหาสารคาม,แรงงานในระบบ,คน
107,5674,2561,นายจ้าง,หญิง,มหาสารคาม,แรงงานในระบบ,คน
460,5675,2561,ประกอบธุรกิจส่วนตัว,หญิง,มหาสารคาม,แรงงานในระบบ,คน
263,5676,2561,ช่วยธุรกิจครัวเรือน,หญิง,มหาสารคาม,แรงงานในระบบ,คน
27098,5677,2561,ลูกจ้างรัฐบาล,หญิง,มหาสารคาม,แรงงานในระบบ,คน
29197,5678,2561,ลูกจ้างเอกชน,หญิง,มหาสารคาม,แรงงานในระบบ,คน
1905,5679,2561,นายจ้าง,ชาย,มหาสารคาม,แรงงานนอกระบบ,คน
135052,5680,2561,ประกอบธุรกิจส่วนตัว,ชาย,มหาสารคาม,แรงงานนอกระบบ,คน
29911,5681,2561,ช่วยธุรกิจครัวเรือน,ชาย,มหาสารคาม,แรงงานนอกระบบ,คน
257,5682,2561,ลูกจ้างรัฐบาล,ชาย,มหาสารคาม,แรงงานนอกระบบ,คน
20482,5683,2561,ลูกจ้างเอกชน,ชาย,มหาสารคาม,แรงงานนอกระบบ,คน
951,5684,2561,นายจ้าง,หญิง,มหาสารคาม,แรงงานนอกระบบ,คน
79432,5685,2561,ประกอบธุรกิจส่วนตัว,หญิง,มหาสารคาม,แรงงานนอกระบบ,คน
79830,5686,2561,ช่วยธุรกิจครัวเรือน,หญิง,มหาสารคาม,แรงงานนอกระบบ,คน
88,5687,2561,ลูกจ้างรัฐบาล,หญิง,มหาสารคาม,แรงงานนอกระบบ,คน
7945,5688,2561,ลูกจ้างเอกชน,หญิง,มหาสารคาม,แรงงานนอกระบบ,คน
73,5689,2561,การรวมกลุ่ม,หญิง,มหาสารคาม,แรงงานนอกระบบ,คน
917,5690,2561,นายจ้าง,ชาย,ร้อยเอ็ด,แรงงานในระบบ,คน
1608,5691,2561,ประกอบธุรกิจส่วนตัว,ชาย,ร้อยเอ็ด,แรงงานในระบบ,คน
280,5692,2561,ช่วยธุรกิจครัวเรือน,ชาย,ร้อยเอ็ด,แรงงานในระบบ,คน
32906,5693,2561,ลูกจ้างรัฐบาล,ชาย,ร้อยเอ็ด,แรงงานในระบบ,คน
29784,5694,2561,ลูกจ้างเอกชน,ชาย,ร้อยเอ็ด,แรงงานในระบบ,คน
1799,5695,2561,ประกอบธุรกิจส่วนตัว,หญิง,ร้อยเอ็ด,แรงงานในระบบ,คน
725,5696,2561,ช่วยธุรกิจครัวเรือน,หญิง,ร้อยเอ็ด,แรงงานในระบบ,คน
22430,5697,2561,ลูกจ้างรัฐบาล,หญิง,ร้อยเอ็ด,แรงงานในระบบ,คน
19086,5698,2561,ลูกจ้างเอกชน,หญิง,ร้อยเอ็ด,แรงงานในระบบ,คน
2550,5699,2561,นายจ้าง,ชาย,ร้อยเอ็ด,แรงงานนอกระบบ,คน
161811,5700,2561,ประกอบธุรกิจส่วนตัว,ชาย,ร้อยเอ็ด,แรงงานนอกระบบ,คน
58091,5701,2561,ช่วยธุรกิจครัวเรือน,ชาย,ร้อยเอ็ด,แรงงานนอกระบบ,คน
1288,5702,2561,ลูกจ้างรัฐบาล,ชาย,ร้อยเอ็ด,แรงงานนอกระบบ,คน
24747,5703,2561,ลูกจ้างเอกชน,ชาย,ร้อยเอ็ด,แรงงานนอกระบบ,คน
994,5704,2561,การรวมกลุ่ม,ชาย,ร้อยเอ็ด,แรงงานนอกระบบ,คน
216,5705,2561,นายจ้าง,หญิง,ร้อยเอ็ด,แรงงานนอกระบบ,คน
122266,5706,2561,ประกอบธุรกิจส่วนตัว,หญิง,ร้อยเอ็ด,แรงงานนอกระบบ,คน
86199,5707,2561,ช่วยธุรกิจครัวเรือน,หญิง,ร้อยเอ็ด,แรงงานนอกระบบ,คน
1235,5708,2561,ลูกจ้างรัฐบาล,หญิง,ร้อยเอ็ด,แรงงานนอกระบบ,คน
7490,5709,2561,ลูกจ้างเอกชน,หญิง,ร้อยเอ็ด,แรงงานนอกระบบ,คน
175,5710,2561,การรวมกลุ่ม,หญิง,ร้อยเอ็ด,แรงงานนอกระบบ,คน
403,5711,2561,ประกอบธุรกิจส่วนตัว,ชาย,กาฬสินธุ์,แรงงานในระบบ,คน
25399,5712,2561,ลูกจ้างรัฐบาล,ชาย,กาฬสินธุ์,แรงงานในระบบ,คน
14292,5713,2561,ลูกจ้างเอกชน,ชาย,กาฬสินธุ์,แรงงานในระบบ,คน
401,5714,2561,ประกอบธุรกิจส่วนตัว,หญิง,กาฬสินธุ์,แรงงานในระบบ,คน
23297,5715,2561,ลูกจ้างรัฐบาล,หญิง,กาฬสินธุ์,แรงงานในระบบ,คน
17756,5716,2561,ลูกจ้างเอกชน,หญิง,กาฬสินธุ์,แรงงานในระบบ,คน
1657,5717,2561,นายจ้าง,ชาย,กาฬสินธุ์,แรงงานนอกระบบ,คน
129895,5718,2561,ประกอบธุรกิจส่วนตัว,ชาย,กาฬสินธุ์,แรงงานนอกระบบ,คน
52821,5719,2561,ช่วยธุรกิจครัวเรือน,ชาย,กาฬสินธุ์,แรงงานนอกระบบ,คน
10250,5720,2561,ลูกจ้างเอกชน,ชาย,กาฬสินธุ์,แรงงานนอกระบบ,คน
5528,5721,2561,การรวมกลุ่ม,ชาย,กาฬสินธุ์,แรงงานนอกระบบ,คน
453,5722,2561,นายจ้าง,หญิง,กาฬสินธุ์,แรงงานนอกระบบ,คน
58200,5723,2561,ประกอบธุรกิจส่วนตัว,หญิง,กาฬสินธุ์,แรงงานนอกระบบ,คน
91776,5724,2561,ช่วยธุรกิจครัวเรือน,หญิง,กาฬสินธุ์,แรงงานนอกระบบ,คน
217,5725,2561,ลูกจ้างรัฐบาล,หญิง,กาฬสินธุ์,แรงงานนอกระบบ,คน
5327,5726,2561,ลูกจ้างเอกชน,หญิง,กาฬสินธุ์,แรงงานนอกระบบ,คน
685,5727,2561,การรวมกลุ่ม,หญิง,กาฬสินธุ์,แรงงานนอกระบบ,คน
2246,5728,2561,ประกอบธุรกิจส่วนตัว,ชาย,สกลนคร,แรงงานในระบบ,คน
173,5729,2561,ช่วยธุรกิจครัวเรือน,ชาย,สกลนคร,แรงงานในระบบ,คน
28613,5730,2561,ลูกจ้างรัฐบาล,ชาย,สกลนคร,แรงงานในระบบ,คน
15699,5731,2561,ลูกจ้างเอกชน,ชาย,สกลนคร,แรงงานในระบบ,คน
660,5732,2561,ประกอบธุรกิจส่วนตัว,หญิง,สกลนคร,แรงงานในระบบ,คน
422,5733,2561,ช่วยธุรกิจครัวเรือน,หญิง,สกลนคร,แรงงานในระบบ,คน
13554,5734,2561,ลูกจ้างรัฐบาล,หญิง,สกลนคร,แรงงานในระบบ,คน
13373,5735,2561,ลูกจ้างเอกชน,หญิง,สกลนคร,แรงงานในระบบ,คน
884,5736,2561,นายจ้าง,ชาย,สกลนคร,แรงงานนอกระบบ,คน
140951,5737,2561,ประกอบธุรกิจส่วนตัว,ชาย,สกลนคร,แรงงานนอกระบบ,คน
54641,5738,2561,ช่วยธุรกิจครัวเรือน,ชาย,สกลนคร,แรงงานนอกระบบ,คน
1069,5739,2561,ลูกจ้างรัฐบาล,ชาย,สกลนคร,แรงงานนอกระบบ,คน
4547,5740,2561,ลูกจ้างเอกชน,ชาย,สกลนคร,แรงงานนอกระบบ,คน
58550,5741,2561,ประกอบธุรกิจส่วนตัว,หญิง,สกลนคร,แรงงานนอกระบบ,คน
95263,5742,2561,ช่วยธุรกิจครัวเรือน,หญิง,สกลนคร,แรงงานนอกระบบ,คน
2669,5743,2561,ลูกจ้างเอกชน,หญิง,สกลนคร,แรงงานนอกระบบ,คน
2839,5744,2561,ประกอบธุรกิจส่วนตัว,ชาย,นครพนม,แรงงานในระบบ,คน
522,5745,2561,ช่วยธุรกิจครัวเรือน,ชาย,นครพนม,แรงงานในระบบ,คน
15433,5746,2561,ลูกจ้างรัฐบาล,ชาย,นครพนม,แรงงานในระบบ,คน
18130,5747,2561,ลูกจ้างเอกชน,ชาย,นครพนม,แรงงานในระบบ,คน
1219,5748,2561,ประกอบธุรกิจส่วนตัว,หญิง,นครพนม,แรงงานในระบบ,คน
292,5749,2561,ช่วยธุรกิจครัวเรือน,หญิง,นครพนม,แรงงานในระบบ,คน
12792,5750,2561,ลูกจ้างรัฐบาล,หญิง,นครพนม,แรงงานในระบบ,คน
14686,5751,2561,ลูกจ้างเอกชน,หญิง,นครพนม,แรงงานในระบบ,คน
413,5752,2561,การรวมกลุ่ม,หญิง,นครพนม,แรงงานในระบบ,คน
1740,5753,2561,นายจ้าง,ชาย,นครพนม,แรงงานนอกระบบ,คน
75693,5754,2561,ประกอบธุรกิจส่วนตัว,ชาย,นครพนม,แรงงานนอกระบบ,คน
24917,5755,2561,ช่วยธุรกิจครัวเรือน,ชาย,นครพนม,แรงงานนอกระบบ,คน
318,5756,2561,ลูกจ้างรัฐบาล,ชาย,นครพนม,แรงงานนอกระบบ,คน
12399,5757,2561,ลูกจ้างเอกชน,ชาย,นครพนม,แรงงานนอกระบบ,คน
659,5758,2561,นายจ้าง,หญิง,นครพนม,แรงงานนอกระบบ,คน
49399,5759,2561,ประกอบธุรกิจส่วนตัว,หญิง,นครพนม,แรงงานนอกระบบ,คน
41136,5760,2561,ช่วยธุรกิจครัวเรือน,หญิง,นครพนม,แรงงานนอกระบบ,คน
810,5761,2561,ลูกจ้างรัฐบาล,หญิง,นครพนม,แรงงานนอกระบบ,คน
5110,5762,2561,ลูกจ้างเอกชน,หญิง,นครพนม,แรงงานนอกระบบ,คน
351,5763,2561,นายจ้าง,ชาย,มุกดาหาร,แรงงานในระบบ,คน
2086,5764,2561,ประกอบธุรกิจส่วนตัว,ชาย,มุกดาหาร,แรงงานในระบบ,คน
316,5765,2561,ช่วยธุรกิจครัวเรือน,ชาย,มุกดาหาร,แรงงานในระบบ,คน
11037,5766,2561,ลูกจ้างรัฐบาล,ชาย,มุกดาหาร,แรงงานในระบบ,คน
10823,5767,2561,ลูกจ้างเอกชน,ชาย,มุกดาหาร,แรงงานในระบบ,คน
111,5768,2561,นายจ้าง,หญิง,มุกดาหาร,แรงงานในระบบ,คน
1417,5769,2561,ประกอบธุรกิจส่วนตัว,หญิง,มุกดาหาร,แรงงานในระบบ,คน
784,5770,2561,ช่วยธุรกิจครัวเรือน,หญิง,มุกดาหาร,แรงงานในระบบ,คน
7915,5771,2561,ลูกจ้างรัฐบาล,หญิง,มุกดาหาร,แรงงานในระบบ,คน
8706,5772,2561,ลูกจ้างเอกชน,หญิง,มุกดาหาร,แรงงานในระบบ,คน
849,5773,2561,นายจ้าง,ชาย,มุกดาหาร,แรงงานนอกระบบ,คน
53792,5774,2561,ประกอบธุรกิจส่วนตัว,ชาย,มุกดาหาร,แรงงานนอกระบบ,คน
26960,5775,2561,ช่วยธุรกิจครัวเรือน,ชาย,มุกดาหาร,แรงงานนอกระบบ,คน
217,5776,2561,ลูกจ้างรัฐบาล,ชาย,มุกดาหาร,แรงงานนอกระบบ,คน
2368,5777,2561,ลูกจ้างเอกชน,ชาย,มุกดาหาร,แรงงานนอกระบบ,คน
328,5778,2561,นายจ้าง,หญิง,มุกดาหาร,แรงงานนอกระบบ,คน
27957,5779,2561,ประกอบธุรกิจส่วนตัว,หญิง,มุกดาหาร,แรงงานนอกระบบ,คน
48286,5780,2561,ช่วยธุรกิจครัวเรือน,หญิง,มุกดาหาร,แรงงานนอกระบบ,คน
1129,5781,2561,ลูกจ้างเอกชน,หญิง,มุกดาหาร,แรงงานนอกระบบ,คน
835,5782,2562,นายจ้าง,ชาย,นครราชสีมา,แรงงานในระบบ,คน
639,5783,2562,ประกอบธุรกิจส่วนตัว,ชาย,นครราชสีมา,แรงงานในระบบ,คน
522,5784,2562,ช่วยธุรกิจครัวเรือน,ชาย,นครราชสีมา,แรงงานในระบบ,คน
53711,5785,2562,ลูกจ้างรัฐบาล,ชาย,นครราชสีมา,แรงงานในระบบ,คน
204657,5786,2562,ลูกจ้างเอกชน,ชาย,นครราชสีมา,แรงงานในระบบ,คน
192,5787,2562,นายจ้าง,หญิง,นครราชสีมา,แรงงานในระบบ,คน
5622,5788,2562,ประกอบธุรกิจส่วนตัว,หญิง,นครราชสีมา,แรงงานในระบบ,คน
2547,5789,2562,ช่วยธุรกิจครัวเรือน,หญิง,นครราชสีมา,แรงงานในระบบ,คน
65261,5790,2562,ลูกจ้างรัฐบาล,หญิง,นครราชสีมา,แรงงานในระบบ,คน
169184,5791,2562,ลูกจ้างเอกชน,หญิง,นครราชสีมา,แรงงานในระบบ,คน
10308,5792,2562,นายจ้าง,ชาย,นครราชสีมา,แรงงานนอกระบบ,คน
261156,5793,2562,ประกอบธุรกิจส่วนตัว,ชาย,นครราชสีมา,แรงงานนอกระบบ,คน
85166,5794,2562,ช่วยธุรกิจครัวเรือน,ชาย,นครราชสีมา,แรงงานนอกระบบ,คน
2559,5795,2562,ลูกจ้างรัฐบาล,ชาย,นครราชสีมา,แรงงานนอกระบบ,คน
36022,5796,2562,ลูกจ้างเอกชน,ชาย,นครราชสีมา,แรงงานนอกระบบ,คน
5286,5797,2562,นายจ้าง,หญิง,นครราชสีมา,แรงงานนอกระบบ,คน
148585,5798,2562,ประกอบธุรกิจส่วนตัว,หญิง,นครราชสีมา,แรงงานนอกระบบ,คน
93334,5799,2562,ช่วยธุรกิจครัวเรือน,หญิง,นครราชสีมา,แรงงานนอกระบบ,คน
799,5800,2562,ลูกจ้างรัฐบาล,หญิง,นครราชสีมา,แรงงานนอกระบบ,คน
13430,5801,2562,ลูกจ้างเอกชน,หญิง,นครราชสีมา,แรงงานนอกระบบ,คน
4531,5802,2562,การรวมกลุ่ม,หญิง,นครราชสีมา,แรงงานนอกระบบ,คน
8363,5803,2562,ประกอบธุรกิจส่วนตัว,ชาย,บุรีรัมย์,แรงงานในระบบ,คน
2556,5804,2562,ช่วยธุรกิจครัวเรือน,ชาย,บุรีรัมย์,แรงงานในระบบ,คน
24408,5805,2562,ลูกจ้างรัฐบาล,ชาย,บุรีรัมย์,แรงงานในระบบ,คน
64208,5806,2562,ลูกจ้างเอกชน,ชาย,บุรีรัมย์,แรงงานในระบบ,คน
3149,5807,2562,ประกอบธุรกิจส่วนตัว,หญิง,บุรีรัมย์,แรงงานในระบบ,คน
2676,5808,2562,ช่วยธุรกิจครัวเรือน,หญิง,บุรีรัมย์,แรงงานในระบบ,คน
29515,5809,2562,ลูกจ้างรัฐบาล,หญิง,บุรีรัมย์,แรงงานในระบบ,คน
33152,5810,2562,ลูกจ้างเอกชน,หญิง,บุรีรัมย์,แรงงานในระบบ,คน
4160,5811,2562,นายจ้าง,ชาย,บุรีรัมย์,แรงงานนอกระบบ,คน
171852,5812,2562,ประกอบธุรกิจส่วนตัว,ชาย,บุรีรัมย์,แรงงานนอกระบบ,คน
54119,5813,2562,ช่วยธุรกิจครัวเรือน,ชาย,บุรีรัมย์,แรงงานนอกระบบ,คน
935,5814,2562,ลูกจ้างรัฐบาล,ชาย,บุรีรัมย์,แรงงานนอกระบบ,คน
26513,5815,2562,ลูกจ้างเอกชน,ชาย,บุรีรัมย์,แรงงานนอกระบบ,คน
1252,5816,2562,นายจ้าง,หญิง,บุรีรัมย์,แรงงานนอกระบบ,คน
117537,5817,2562,ประกอบธุรกิจส่วนตัว,หญิง,บุรีรัมย์,แรงงานนอกระบบ,คน
96736,5818,2562,ช่วยธุรกิจครัวเรือน,หญิง,บุรีรัมย์,แรงงานนอกระบบ,คน
6933,5819,2562,ลูกจ้างเอกชน,หญิง,บุรีรัมย์,แรงงานนอกระบบ,คน
191,5820,2562,การรวมกลุ่ม,หญิง,บุรีรัมย์,แรงงานนอกระบบ,คน
789,5821,2562,นายจ้าง,ชาย,สุรินทร์,แรงงานในระบบ,คน
6784,5822,2562,ประกอบธุรกิจส่วนตัว,ชาย,สุรินทร์,แรงงานในระบบ,คน
700,5823,2562,ช่วยธุรกิจครัวเรือน,ชาย,สุรินทร์,แรงงานในระบบ,คน
24398,5824,2562,ลูกจ้างรัฐบาล,ชาย,สุรินทร์,แรงงานในระบบ,คน
50657,5825,2562,ลูกจ้างเอกชน,ชาย,สุรินทร์,แรงงานในระบบ,คน
5347,5826,2562,ประกอบธุรกิจส่วนตัว,หญิง,สุรินทร์,แรงงานในระบบ,คน
3354,5827,2562,ช่วยธุรกิจครัวเรือน,หญิง,สุรินทร์,แรงงานในระบบ,คน
25895,5828,2562,ลูกจ้างรัฐบาล,หญิง,สุรินทร์,แรงงานในระบบ,คน
41282,5829,2562,ลูกจ้างเอกชน,หญิง,สุรินทร์,แรงงานในระบบ,คน
8998,5830,2562,นายจ้าง,ชาย,สุรินทร์,แรงงานนอกระบบ,คน
159364,5831,2562,ประกอบธุรกิจส่วนตัว,ชาย,สุรินทร์,แรงงานนอกระบบ,คน
21373,5832,2562,ช่วยธุรกิจครัวเรือน,ชาย,สุรินทร์,แรงงานนอกระบบ,คน
1129,5833,2562,ลูกจ้างรัฐบาล,ชาย,สุรินทร์,แรงงานนอกระบบ,คน
18481,5834,2562,ลูกจ้างเอกชน,ชาย,สุรินทร์,แรงงานนอกระบบ,คน
3897,5835,2562,นายจ้าง,หญิง,สุรินทร์,แรงงานนอกระบบ,คน
109992,5836,2562,ประกอบธุรกิจส่วนตัว,หญิง,สุรินทร์,แรงงานนอกระบบ,คน
40071,5837,2562,ช่วยธุรกิจครัวเรือน,หญิง,สุรินทร์,แรงงานนอกระบบ,คน
2005,5838,2562,ลูกจ้างรัฐบาล,หญิง,สุรินทร์,แรงงานนอกระบบ,คน
5244,5839,2562,ลูกจ้างเอกชน,หญิง,สุรินทร์,แรงงานนอกระบบ,คน
244,5840,2562,นายจ้าง,ชาย,ศรีสะเกษ,แรงงานในระบบ,คน
4489,5841,2562,ประกอบธุรกิจส่วนตัว,ชาย,ศรีสะเกษ,แรงงานในระบบ,คน
2270,5842,2562,ช่วยธุรกิจครัวเรือน,ชาย,ศรีสะเกษ,แรงงานในระบบ,คน
20886,5843,2562,ลูกจ้างรัฐบาล,ชาย,ศรีสะเกษ,แรงงานในระบบ,คน
23455,5844,2562,ลูกจ้างเอกชน,ชาย,ศรีสะเกษ,แรงงานในระบบ,คน
3806,5845,2562,ประกอบธุรกิจส่วนตัว,หญิง,ศรีสะเกษ,แรงงานในระบบ,คน
3717,5846,2562,ช่วยธุรกิจครัวเรือน,หญิง,ศรีสะเกษ,แรงงานในระบบ,คน
16416,5847,2562,ลูกจ้างรัฐบาล,หญิง,ศรีสะเกษ,แรงงานในระบบ,คน
16907,5848,2562,ลูกจ้างเอกชน,หญิง,ศรีสะเกษ,แรงงานในระบบ,คน
2572,5849,2562,นายจ้าง,ชาย,ศรีสะเกษ,แรงงานนอกระบบ,คน
147497,5850,2562,ประกอบธุรกิจส่วนตัว,ชาย,ศรีสะเกษ,แรงงานนอกระบบ,คน
86784,5851,2562,ช่วยธุรกิจครัวเรือน,ชาย,ศรีสะเกษ,แรงงานนอกระบบ,คน
4128,5852,2562,ลูกจ้างเอกชน,ชาย,ศรีสะเกษ,แรงงานนอกระบบ,คน
1677,5853,2562,นายจ้าง,หญิง,ศรีสะเกษ,แรงงานนอกระบบ,คน
113283,5854,2562,ประกอบธุรกิจส่วนตัว,หญิง,ศรีสะเกษ,แรงงานนอกระบบ,คน
104664,5855,2562,ช่วยธุรกิจครัวเรือน,หญิง,ศรีสะเกษ,แรงงานนอกระบบ,คน
512,5856,2562,ลูกจ้างรัฐบาล,หญิง,ศรีสะเกษ,แรงงานนอกระบบ,คน
1649,5857,2562,ลูกจ้างเอกชน,หญิง,ศรีสะเกษ,แรงงานนอกระบบ,คน
471,5858,2562,นายจ้าง,ชาย,อุบลราชธานี,แรงงานในระบบ,คน
1108,5859,2562,ประกอบธุรกิจส่วนตัว,ชาย,อุบลราชธานี,แรงงานในระบบ,คน
39540,5860,2562,ลูกจ้างรัฐบาล,ชาย,อุบลราชธานี,แรงงานในระบบ,คน
40029,5861,2562,ลูกจ้างเอกชน,ชาย,อุบลราชธานี,แรงงานในระบบ,คน
1255,5862,2562,ประกอบธุรกิจส่วนตัว,หญิง,อุบลราชธานี,แรงงานในระบบ,คน
983,5863,2562,ช่วยธุรกิจครัวเรือน,หญิง,อุบลราชธานี,แรงงานในระบบ,คน
31434,5864,2562,ลูกจ้างรัฐบาล,หญิง,อุบลราชธานี,แรงงานในระบบ,คน
24782,5865,2562,ลูกจ้างเอกชน,หญิง,อุบลราชธานี,แรงงานในระบบ,คน
2254,5866,2562,นายจ้าง,ชาย,อุบลราชธานี,แรงงานนอกระบบ,คน
305764,5867,2562,ประกอบธุรกิจส่วนตัว,ชาย,อุบลราชธานี,แรงงานนอกระบบ,คน
99176,5868,2562,ช่วยธุรกิจครัวเรือน,ชาย,อุบลราชธานี,แรงงานนอกระบบ,คน
1539,5869,2562,ลูกจ้างรัฐบาล,ชาย,อุบลราชธานี,แรงงานนอกระบบ,คน
16440,5870,2562,ลูกจ้างเอกชน,ชาย,อุบลราชธานี,แรงงานนอกระบบ,คน
5709,5871,2562,การรวมกลุ่ม,ชาย,อุบลราชธานี,แรงงานนอกระบบ,คน
710,5872,2562,นายจ้าง,หญิง,อุบลราชธานี,แรงงานนอกระบบ,คน
80637,5873,2562,ประกอบธุรกิจส่วนตัว,หญิง,อุบลราชธานี,แรงงานนอกระบบ,คน
242189,5874,2562,ช่วยธุรกิจครัวเรือน,หญิง,อุบลราชธานี,แรงงานนอกระบบ,คน
2990,5875,2562,ลูกจ้างรัฐบาล,หญิง,อุบลราชธานี,แรงงานนอกระบบ,คน
9048,5876,2562,ลูกจ้างเอกชน,หญิง,อุบลราชธานี,แรงงานนอกระบบ,คน
1050,5877,2562,การรวมกลุ่ม,หญิง,อุบลราชธานี,แรงงานนอกระบบ,คน
65,5878,2562,นายจ้าง,ชาย,ยโสธร,แรงงานในระบบ,คน
202,5879,2562,ประกอบธุรกิจส่วนตัว,ชาย,ยโสธร,แรงงานในระบบ,คน
112,5880,2562,ช่วยธุรกิจครัวเรือน,ชาย,ยโสธร,แรงงานในระบบ,คน
14096,5881,2562,ลูกจ้างรัฐบาล,ชาย,ยโสธร,แรงงานในระบบ,คน
7785,5882,2562,ลูกจ้างเอกชน,ชาย,ยโสธร,แรงงานในระบบ,คน
353,5883,2562,ช่วยธุรกิจครัวเรือน,หญิง,ยโสธร,แรงงานในระบบ,คน
8646,5884,2562,ลูกจ้างรัฐบาล,หญิง,ยโสธร,แรงงานในระบบ,คน
6044,5885,2562,ลูกจ้างเอกชน,หญิง,ยโสธร,แรงงานในระบบ,คน
2263,5886,2562,นายจ้าง,ชาย,ยโสธร,แรงงานนอกระบบ,คน
89919,5887,2562,ประกอบธุรกิจส่วนตัว,ชาย,ยโสธร,แรงงานนอกระบบ,คน
36682,5888,2562,ช่วยธุรกิจครัวเรือน,ชาย,ยโสธร,แรงงานนอกระบบ,คน
239,5889,2562,ลูกจ้างรัฐบาล,ชาย,ยโสธร,แรงงานนอกระบบ,คน
1106,5890,2562,ลูกจ้างเอกชน,ชาย,ยโสธร,แรงงานนอกระบบ,คน
568,5891,2562,นายจ้าง,หญิง,ยโสธร,แรงงานนอกระบบ,คน
37514,5892,2562,ประกอบธุรกิจส่วนตัว,หญิง,ยโสธร,แรงงานนอกระบบ,คน
86026,5893,2562,ช่วยธุรกิจครัวเรือน,หญิง,ยโสธร,แรงงานนอกระบบ,คน
785,5894,2562,ลูกจ้างเอกชน,หญิง,ยโสธร,แรงงานนอกระบบ,คน
83,5895,2562,การรวมกลุ่ม,หญิง,ยโสธร,แรงงานนอกระบบ,คน
592,5896,2562,นายจ้าง,ชาย,ชัยภูมิ,แรงงานในระบบ,คน
1417,5897,2562,ประกอบธุรกิจส่วนตัว,ชาย,ชัยภูมิ,แรงงานในระบบ,คน
1219,5898,2562,ช่วยธุรกิจครัวเรือน,ชาย,ชัยภูมิ,แรงงานในระบบ,คน
24428,5899,2562,ลูกจ้างรัฐบาล,ชาย,ชัยภูมิ,แรงงานในระบบ,คน
32184,5900,2562,ลูกจ้างเอกชน,ชาย,ชัยภูมิ,แรงงานในระบบ,คน
2055,5901,2562,ประกอบธุรกิจส่วนตัว,หญิง,ชัยภูมิ,แรงงานในระบบ,คน
769,5902,2562,ช่วยธุรกิจครัวเรือน,หญิง,ชัยภูมิ,แรงงานในระบบ,คน
26045,5903,2562,ลูกจ้างรัฐบาล,หญิง,ชัยภูมิ,แรงงานในระบบ,คน
29567,5904,2562,ลูกจ้างเอกชน,หญิง,ชัยภูมิ,แรงงานในระบบ,คน
4807,5905,2562,นายจ้าง,ชาย,ชัยภูมิ,แรงงานนอกระบบ,คน
140549,5906,2562,ประกอบธุรกิจส่วนตัว,ชาย,ชัยภูมิ,แรงงานนอกระบบ,คน
49634,5907,2562,ช่วยธุรกิจครัวเรือน,ชาย,ชัยภูมิ,แรงงานนอกระบบ,คน
521,5908,2562,ลูกจ้างรัฐบาล,ชาย,ชัยภูมิ,แรงงานนอกระบบ,คน
22071,5909,2562,ลูกจ้างเอกชน,ชาย,ชัยภูมิ,แรงงานนอกระบบ,คน
2113,5910,2562,นายจ้าง,หญิง,ชัยภูมิ,แรงงานนอกระบบ,คน
53731,5911,2562,ประกอบธุรกิจส่วนตัว,หญิง,ชัยภูมิ,แรงงานนอกระบบ,คน
94969,5912,2562,ช่วยธุรกิจครัวเรือน,หญิง,ชัยภูมิ,แรงงานนอกระบบ,คน
11087,5913,2562,ลูกจ้างเอกชน,หญิง,ชัยภูมิ,แรงงานนอกระบบ,คน
1939,5914,2562,ประกอบธุรกิจส่วนตัว,ชาย,อำนาจเจริญ,แรงงานในระบบ,คน
9296,5915,2562,ลูกจ้างรัฐบาล,ชาย,อำนาจเจริญ,แรงงานในระบบ,คน
4803,5916,2562,ลูกจ้างเอกชน,ชาย,อำนาจเจริญ,แรงงานในระบบ,คน
1975,5917,2562,ประกอบธุรกิจส่วนตัว,หญิง,อำนาจเจริญ,แรงงานในระบบ,คน
1644,5918,2562,ช่วยธุรกิจครัวเรือน,หญิง,อำนาจเจริญ,แรงงานในระบบ,คน
7186,5919,2562,ลูกจ้างรัฐบาล,หญิง,อำนาจเจริญ,แรงงานในระบบ,คน
2961,5920,2562,ลูกจ้างเอกชน,หญิง,อำนาจเจริญ,แรงงานในระบบ,คน
1039,5921,2562,นายจ้าง,ชาย,อำนาจเจริญ,แรงงานนอกระบบ,คน
40306,5922,2562,ประกอบธุรกิจส่วนตัว,ชาย,อำนาจเจริญ,แรงงานนอกระบบ,คน
17557,5923,2562,ช่วยธุรกิจครัวเรือน,ชาย,อำนาจเจริญ,แรงงานนอกระบบ,คน
457,5924,2562,ลูกจ้างรัฐบาล,ชาย,อำนาจเจริญ,แรงงานนอกระบบ,คน
6276,5925,2562,ลูกจ้างเอกชน,ชาย,อำนาจเจริญ,แรงงานนอกระบบ,คน
240,5926,2562,การรวมกลุ่ม,ชาย,อำนาจเจริญ,แรงงานนอกระบบ,คน
116,5927,2562,นายจ้าง,หญิง,อำนาจเจริญ,แรงงานนอกระบบ,คน
22747,5928,2562,ประกอบธุรกิจส่วนตัว,หญิง,อำนาจเจริญ,แรงงานนอกระบบ,คน
24368,5929,2562,ช่วยธุรกิจครัวเรือน,หญิง,อำนาจเจริญ,แรงงานนอกระบบ,คน
563,5930,2562,ลูกจ้างรัฐบาล,หญิง,อำนาจเจริญ,แรงงานนอกระบบ,คน
2375,5931,2562,ลูกจ้างเอกชน,หญิง,อำนาจเจริญ,แรงงานนอกระบบ,คน
967,5932,2562,ประกอบธุรกิจส่วนตัว,ชาย,บึงกาฬ,แรงงานในระบบ,คน
643,5933,2562,ช่วยธุรกิจครัวเรือน,ชาย,บึงกาฬ,แรงงานในระบบ,คน
6166,5934,2562,ลูกจ้างรัฐบาล,ชาย,บึงกาฬ,แรงงานในระบบ,คน
9740,5935,2562,ลูกจ้างเอกชน,ชาย,บึงกาฬ,แรงงานในระบบ,คน
516,5936,2562,ประกอบธุรกิจส่วนตัว,หญิง,บึงกาฬ,แรงงานในระบบ,คน
776,5937,2562,ช่วยธุรกิจครัวเรือน,หญิง,บึงกาฬ,แรงงานในระบบ,คน
4833,5938,2562,ลูกจ้างรัฐบาล,หญิง,บึงกาฬ,แรงงานในระบบ,คน
6311,5939,2562,ลูกจ้างเอกชน,หญิง,บึงกาฬ,แรงงานในระบบ,คน
699,5940,2562,นายจ้าง,ชาย,บึงกาฬ,แรงงานนอกระบบ,คน
45616,5941,2562,ประกอบธุรกิจส่วนตัว,ชาย,บึงกาฬ,แรงงานนอกระบบ,คน
27423,5942,2562,ช่วยธุรกิจครัวเรือน,ชาย,บึงกาฬ,แรงงานนอกระบบ,คน
655,5943,2562,ลูกจ้างรัฐบาล,ชาย,บึงกาฬ,แรงงานนอกระบบ,คน
3744,5944,2562,ลูกจ้างเอกชน,ชาย,บึงกาฬ,แรงงานนอกระบบ,คน
21856,5945,2562,ประกอบธุรกิจส่วนตัว,หญิง,บึงกาฬ,แรงงานนอกระบบ,คน
45577,5946,2562,ช่วยธุรกิจครัวเรือน,หญิง,บึงกาฬ,แรงงานนอกระบบ,คน
33,5947,2562,ลูกจ้างรัฐบาล,หญิง,บึงกาฬ,แรงงานนอกระบบ,คน
1183,5948,2562,ลูกจ้างเอกชน,หญิง,บึงกาฬ,แรงงานนอกระบบ,คน
198,5949,2562,นายจ้าง,ชาย,หนองบัวลำภู,แรงงานในระบบ,คน
571,5950,2562,ประกอบธุรกิจส่วนตัว,ชาย,หนองบัวลำภู,แรงงานในระบบ,คน
291,5951,2562,ช่วยธุรกิจครัวเรือน,ชาย,หนองบัวลำภู,แรงงานในระบบ,คน
10739,5952,2562,ลูกจ้างรัฐบาล,ชาย,หนองบัวลำภู,แรงงานในระบบ,คน
11761,5953,2562,ลูกจ้างเอกชน,ชาย,หนองบัวลำภู,แรงงานในระบบ,คน
1479,5954,2562,ประกอบธุรกิจส่วนตัว,หญิง,หนองบัวลำภู,แรงงานในระบบ,คน
543,5955,2562,ช่วยธุรกิจครัวเรือน,หญิง,หนองบัวลำภู,แรงงานในระบบ,คน
12803,5956,2562,ลูกจ้างรัฐบาล,หญิง,หนองบัวลำภู,แรงงานในระบบ,คน
11753,5957,2562,ลูกจ้างเอกชน,หญิง,หนองบัวลำภู,แรงงานในระบบ,คน
884,5958,2562,นายจ้าง,ชาย,หนองบัวลำภู,แรงงานนอกระบบ,คน
70594,5959,2562,ประกอบธุรกิจส่วนตัว,ชาย,หนองบัวลำภู,แรงงานนอกระบบ,คน
21927,5960,2562,ช่วยธุรกิจครัวเรือน,ชาย,หนองบัวลำภู,แรงงานนอกระบบ,คน
105,5961,2562,ลูกจ้างรัฐบาล,ชาย,หนองบัวลำภู,แรงงานนอกระบบ,คน
7039,5962,2562,ลูกจ้างเอกชน,ชาย,หนองบัวลำภู,แรงงานนอกระบบ,คน
967,5963,2562,การรวมกลุ่ม,ชาย,หนองบัวลำภู,แรงงานนอกระบบ,คน
125,5964,2562,นายจ้าง,หญิง,หนองบัวลำภู,แรงงานนอกระบบ,คน
27310,5965,2562,ประกอบธุรกิจส่วนตัว,หญิง,หนองบัวลำภู,แรงงานนอกระบบ,คน
34023,5966,2562,ช่วยธุรกิจครัวเรือน,หญิง,หนองบัวลำภู,แรงงานนอกระบบ,คน
161,5967,2562,ลูกจ้างรัฐบาล,หญิง,หนองบัวลำภู,แรงงานนอกระบบ,คน
2833,5968,2562,ลูกจ้างเอกชน,หญิง,หนองบัวลำภู,แรงงานนอกระบบ,คน
232,5969,2562,การรวมกลุ่ม,หญิง,หนองบัวลำภู,แรงงานนอกระบบ,คน
1413,5970,2562,นายจ้าง,ชาย,ขอนแก่น,แรงงานในระบบ,คน
2091,5971,2562,ประกอบธุรกิจส่วนตัว,ชาย,ขอนแก่น,แรงงานในระบบ,คน
51751,5972,2562,ลูกจ้างรัฐบาล,ชาย,ขอนแก่น,แรงงานในระบบ,คน
110241,5973,2562,ลูกจ้างเอกชน,ชาย,ขอนแก่น,แรงงานในระบบ,คน
780,5974,2562,การรวมกลุ่ม,ชาย,ขอนแก่น,แรงงานในระบบ,คน
2429,5975,2562,ประกอบธุรกิจส่วนตัว,หญิง,ขอนแก่น,แรงงานในระบบ,คน
1238,5976,2562,ช่วยธุรกิจครัวเรือน,หญิง,ขอนแก่น,แรงงานในระบบ,คน
41001,5977,2562,ลูกจ้างรัฐบาล,หญิง,ขอนแก่น,แรงงานในระบบ,คน
80402,5978,2562,ลูกจ้างเอกชน,หญิง,ขอนแก่น,แรงงานในระบบ,คน
10255,5979,2562,นายจ้าง,ชาย,ขอนแก่น,แรงงานนอกระบบ,คน
217204,5980,2562,ประกอบธุรกิจส่วนตัว,ชาย,ขอนแก่น,แรงงานนอกระบบ,คน
73728,5981,2562,ช่วยธุรกิจครัวเรือน,ชาย,ขอนแก่น,แรงงานนอกระบบ,คน
576,5982,2562,ลูกจ้างรัฐบาล,ชาย,ขอนแก่น,แรงงานนอกระบบ,คน
36175,5983,2562,ลูกจ้างเอกชน,ชาย,ขอนแก่น,แรงงานนอกระบบ,คน
421,5984,2562,การรวมกลุ่ม,ชาย,ขอนแก่น,แรงงานนอกระบบ,คน
1316,5985,2562,นายจ้าง,หญิง,ขอนแก่น,แรงงานนอกระบบ,คน
105395,5986,2562,ประกอบธุรกิจส่วนตัว,หญิง,ขอนแก่น,แรงงานนอกระบบ,คน
156756,5987,2562,ช่วยธุรกิจครัวเรือน,หญิง,ขอนแก่น,แรงงานนอกระบบ,คน
19805,5988,2562,ลูกจ้างเอกชน,หญิง,ขอนแก่น,แรงงานนอกระบบ,คน
11408,5989,2562,ประกอบธุรกิจส่วนตัว,ชาย,อุดรธานี,แรงงานในระบบ,คน
11753,5990,2562,ช่วยธุรกิจครัวเรือน,ชาย,อุดรธานี,แรงงานในระบบ,คน
33698,5991,2562,ลูกจ้างรัฐบาล,ชาย,อุดรธานี,แรงงานในระบบ,คน
41745,5992,2562,ลูกจ้างเอกชน,ชาย,อุดรธานี,แรงงานในระบบ,คน
7415,5993,2562,ประกอบธุรกิจส่วนตัว,หญิง,อุดรธานี,แรงงานในระบบ,คน
7002,5994,2562,ช่วยธุรกิจครัวเรือน,หญิง,อุดรธานี,แรงงานในระบบ,คน
28473,5995,2562,ลูกจ้างรัฐบาล,หญิง,อุดรธานี,แรงงานในระบบ,คน
36352,5996,2562,ลูกจ้างเอกชน,หญิง,อุดรธานี,แรงงานในระบบ,คน
1223,5997,2562,นายจ้าง,ชาย,อุดรธานี,แรงงานนอกระบบ,คน
148781,5998,2562,ประกอบธุรกิจส่วนตัว,ชาย,อุดรธานี,แรงงานนอกระบบ,คน
63360,5999,2562,ช่วยธุรกิจครัวเรือน,ชาย,อุดรธานี,แรงงานนอกระบบ,คน
460,6000,2562,ลูกจ้างรัฐบาล,ชาย,อุดรธานี,แรงงานนอกระบบ,คน
32872,6001,2562,ลูกจ้างเอกชน,ชาย,อุดรธานี,แรงงานนอกระบบ,คน
813,6002,2562,นายจ้าง,หญิง,อุดรธานี,แรงงานนอกระบบ,คน
82943,6003,2562,ประกอบธุรกิจส่วนตัว,หญิง,อุดรธานี,แรงงานนอกระบบ,คน
112577,6004,2562,ช่วยธุรกิจครัวเรือน,หญิง,อุดรธานี,แรงงานนอกระบบ,คน
13868,6005,2562,ลูกจ้างเอกชน,หญิง,อุดรธานี,แรงงานนอกระบบ,คน
77,6006,2562,นายจ้าง,ชาย,เลย,แรงงานในระบบ,คน
319,6007,2562,ประกอบธุรกิจส่วนตัว,ชาย,เลย,แรงงานในระบบ,คน
279,6008,2562,ช่วยธุรกิจครัวเรือน,ชาย,เลย,แรงงานในระบบ,คน
11878,6009,2562,ลูกจ้างรัฐบาล,ชาย,เลย,แรงงานในระบบ,คน
9737,6010,2562,ลูกจ้างเอกชน,ชาย,เลย,แรงงานในระบบ,คน
135,6011,2562,ประกอบธุรกิจส่วนตัว,หญิง,เลย,แรงงานในระบบ,คน
637,6012,2562,ช่วยธุรกิจครัวเรือน,หญิง,เลย,แรงงานในระบบ,คน
12936,6013,2562,ลูกจ้างรัฐบาล,หญิง,เลย,แรงงานในระบบ,คน
7557,6014,2562,ลูกจ้างเอกชน,หญิง,เลย,แรงงานในระบบ,คน
67,6015,2562,การรวมกลุ่ม,หญิง,เลย,แรงงานในระบบ,คน
587,6016,2562,นายจ้าง,ชาย,เลย,แรงงานนอกระบบ,คน
79629,6017,2562,ประกอบธุรกิจส่วนตัว,ชาย,เลย,แรงงานนอกระบบ,คน
53170,6018,2562,ช่วยธุรกิจครัวเรือน,ชาย,เลย,แรงงานนอกระบบ,คน
777,6019,2562,ลูกจ้างรัฐบาล,ชาย,เลย,แรงงานนอกระบบ,คน
8206,6020,2562,ลูกจ้างเอกชน,ชาย,เลย,แรงงานนอกระบบ,คน
484,6021,2562,นายจ้าง,หญิง,เลย,แรงงานนอกระบบ,คน
41270,6022,2562,ประกอบธุรกิจส่วนตัว,หญิง,เลย,แรงงานนอกระบบ,คน
66299,6023,2562,ช่วยธุรกิจครัวเรือน,หญิง,เลย,แรงงานนอกระบบ,คน
290,6024,2562,ลูกจ้างรัฐบาล,หญิง,เลย,แรงงานนอกระบบ,คน
3665,6025,2562,ลูกจ้างเอกชน,หญิง,เลย,แรงงานนอกระบบ,คน
176,6026,2562,นายจ้าง,ชาย,หนองคาย,แรงงานในระบบ,คน
889,6027,2562,ประกอบธุรกิจส่วนตัว,ชาย,หนองคาย,แรงงานในระบบ,คน
13834,6028,2562,ลูกจ้างรัฐบาล,ชาย,หนองคาย,แรงงานในระบบ,คน
21654,6029,2562,ลูกจ้างเอกชน,ชาย,หนองคาย,แรงงานในระบบ,คน
492,6030,2562,ประกอบธุรกิจส่วนตัว,หญิง,หนองคาย,แรงงานในระบบ,คน
153,6031,2562,ช่วยธุรกิจครัวเรือน,หญิง,หนองคาย,แรงงานในระบบ,คน
12930,6032,2562,ลูกจ้างรัฐบาล,หญิง,หนองคาย,แรงงานในระบบ,คน
13901,6033,2562,ลูกจ้างเอกชน,หญิง,หนองคาย,แรงงานในระบบ,คน
1750,6034,2562,นายจ้าง,ชาย,หนองคาย,แรงงานนอกระบบ,คน
49009,6035,2562,ประกอบธุรกิจส่วนตัว,ชาย,หนองคาย,แรงงานนอกระบบ,คน
21227,6036,2562,ช่วยธุรกิจครัวเรือน,ชาย,หนองคาย,แรงงานนอกระบบ,คน
1497,6037,2562,ลูกจ้างรัฐบาล,ชาย,หนองคาย,แรงงานนอกระบบ,คน
6075,6038,2562,ลูกจ้างเอกชน,ชาย,หนองคาย,แรงงานนอกระบบ,คน
246,6039,2562,นายจ้าง,หญิง,หนองคาย,แรงงานนอกระบบ,คน
34872,6040,2562,ประกอบธุรกิจส่วนตัว,หญิง,หนองคาย,แรงงานนอกระบบ,คน
31579,6041,2562,ช่วยธุรกิจครัวเรือน,หญิง,หนองคาย,แรงงานนอกระบบ,คน
84,6042,2562,ลูกจ้างรัฐบาล,หญิง,หนองคาย,แรงงานนอกระบบ,คน
2895,6043,2562,ลูกจ้างเอกชน,หญิง,หนองคาย,แรงงานนอกระบบ,คน
255,6044,2562,นายจ้าง,ชาย,มหาสารคาม,แรงงานในระบบ,คน
1442,6045,2562,ประกอบธุรกิจส่วนตัว,ชาย,มหาสารคาม,แรงงานในระบบ,คน
1070,6046,2562,ช่วยธุรกิจครัวเรือน,ชาย,มหาสารคาม,แรงงานในระบบ,คน
18069,6047,2562,ลูกจ้างรัฐบาล,ชาย,มหาสารคาม,แรงงานในระบบ,คน
22461,6048,2562,ลูกจ้างเอกชน,ชาย,มหาสารคาม,แรงงานในระบบ,คน
2329,6049,2562,ประกอบธุรกิจส่วนตัว,หญิง,มหาสารคาม,แรงงานในระบบ,คน
235,6050,2562,ช่วยธุรกิจครัวเรือน,หญิง,มหาสารคาม,แรงงานในระบบ,คน
22959,6051,2562,ลูกจ้างรัฐบาล,หญิง,มหาสารคาม,แรงงานในระบบ,คน
21045,6052,2562,ลูกจ้างเอกชน,หญิง,มหาสารคาม,แรงงานในระบบ,คน
2594,6053,2562,นายจ้าง,ชาย,มหาสารคาม,แรงงานนอกระบบ,คน
124413,6054,2562,ประกอบธุรกิจส่วนตัว,ชาย,มหาสารคาม,แรงงานนอกระบบ,คน
32649,6055,2562,ช่วยธุรกิจครัวเรือน,ชาย,มหาสารคาม,แรงงานนอกระบบ,คน
1596,6056,2562,ลูกจ้างรัฐบาล,ชาย,มหาสารคาม,แรงงานนอกระบบ,คน
12871,6057,2562,ลูกจ้างเอกชน,ชาย,มหาสารคาม,แรงงานนอกระบบ,คน
1040,6058,2562,การรวมกลุ่ม,ชาย,มหาสารคาม,แรงงานนอกระบบ,คน
329,6059,2562,นายจ้าง,หญิง,มหาสารคาม,แรงงานนอกระบบ,คน
71980,6060,2562,ประกอบธุรกิจส่วนตัว,หญิง,มหาสารคาม,แรงงานนอกระบบ,คน
66167,6061,2562,ช่วยธุรกิจครัวเรือน,หญิง,มหาสารคาม,แรงงานนอกระบบ,คน
81,6062,2562,ลูกจ้างรัฐบาล,หญิง,มหาสารคาม,แรงงานนอกระบบ,คน
3136,6063,2562,ลูกจ้างเอกชน,หญิง,มหาสารคาม,แรงงานนอกระบบ,คน
536,6064,2562,นายจ้าง,ชาย,ร้อยเอ็ด,แรงงานในระบบ,คน
3037,6065,2562,ประกอบธุรกิจส่วนตัว,ชาย,ร้อยเอ็ด,แรงงานในระบบ,คน
35295,6066,2562,ลูกจ้างรัฐบาล,ชาย,ร้อยเอ็ด,แรงงานในระบบ,คน
28292,6067,2562,ลูกจ้างเอกชน,ชาย,ร้อยเอ็ด,แรงงานในระบบ,คน
2994,6068,2562,ประกอบธุรกิจส่วนตัว,หญิง,ร้อยเอ็ด,แรงงานในระบบ,คน
2644,6069,2562,ช่วยธุรกิจครัวเรือน,หญิง,ร้อยเอ็ด,แรงงานในระบบ,คน
26130,6070,2562,ลูกจ้างรัฐบาล,หญิง,ร้อยเอ็ด,แรงงานในระบบ,คน
25707,6071,2562,ลูกจ้างเอกชน,หญิง,ร้อยเอ็ด,แรงงานในระบบ,คน
370,6072,2562,นายจ้าง,ชาย,ร้อยเอ็ด,แรงงานนอกระบบ,คน
156337,6073,2562,ประกอบธุรกิจส่วนตัว,ชาย,ร้อยเอ็ด,แรงงานนอกระบบ,คน
55185,6074,2562,ช่วยธุรกิจครัวเรือน,ชาย,ร้อยเอ็ด,แรงงานนอกระบบ,คน
15252,6075,2562,ลูกจ้างเอกชน,ชาย,ร้อยเอ็ด,แรงงานนอกระบบ,คน
169,6076,2562,การรวมกลุ่ม,ชาย,ร้อยเอ็ด,แรงงานนอกระบบ,คน
596,6077,2562,นายจ้าง,หญิง,ร้อยเอ็ด,แรงงานนอกระบบ,คน
100315,6078,2562,ประกอบธุรกิจส่วนตัว,หญิง,ร้อยเอ็ด,แรงงานนอกระบบ,คน
82202,6079,2562,ช่วยธุรกิจครัวเรือน,หญิง,ร้อยเอ็ด,แรงงานนอกระบบ,คน
5762,6080,2562,ลูกจ้างเอกชน,หญิง,ร้อยเอ็ด,แรงงานนอกระบบ,คน
441,6081,2562,การรวมกลุ่ม,หญิง,ร้อยเอ็ด,แรงงานนอกระบบ,คน
24535,6082,2562,ลูกจ้างรัฐบาล,ชาย,กาฬสินธุ์,แรงงานในระบบ,คน
16253,6083,2562,ลูกจ้างเอกชน,ชาย,กาฬสินธุ์,แรงงานในระบบ,คน
653,6084,2562,ประกอบธุรกิจส่วนตัว,หญิง,กาฬสินธุ์,แรงงานในระบบ,คน
186,6085,2562,ช่วยธุรกิจครัวเรือน,หญิง,กาฬสินธุ์,แรงงานในระบบ,คน
21078,6086,2562,ลูกจ้างรัฐบาล,หญิง,กาฬสินธุ์,แรงงานในระบบ,คน
14588,6087,2562,ลูกจ้างเอกชน,หญิง,กาฬสินธุ์,แรงงานในระบบ,คน
873,6088,2562,นายจ้าง,ชาย,กาฬสินธุ์,แรงงานนอกระบบ,คน
130607,6089,2562,ประกอบธุรกิจส่วนตัว,ชาย,กาฬสินธุ์,แรงงานนอกระบบ,คน
48894,6090,2562,ช่วยธุรกิจครัวเรือน,ชาย,กาฬสินธุ์,แรงงานนอกระบบ,คน
11366,6091,2562,ลูกจ้างเอกชน,ชาย,กาฬสินธุ์,แรงงานนอกระบบ,คน
2963,6092,2562,การรวมกลุ่ม,ชาย,กาฬสินธุ์,แรงงานนอกระบบ,คน
161,6093,2562,นายจ้าง,หญิง,กาฬสินธุ์,แรงงานนอกระบบ,คน
59967,6094,2562,ประกอบธุรกิจส่วนตัว,หญิง,กาฬสินธุ์,แรงงานนอกระบบ,คน
84428,6095,2562,ช่วยธุรกิจครัวเรือน,หญิง,กาฬสินธุ์,แรงงานนอกระบบ,คน
5402,6096,2562,ลูกจ้างเอกชน,หญิง,กาฬสินธุ์,แรงงานนอกระบบ,คน
1223,6097,2562,การรวมกลุ่ม,หญิง,กาฬสินธุ์,แรงงานนอกระบบ,คน
1309,6098,2562,ประกอบธุรกิจส่วนตัว,ชาย,สกลนคร,แรงงานในระบบ,คน
388,6099,2562,ช่วยธุรกิจครัวเรือน,ชาย,สกลนคร,แรงงานในระบบ,คน
19735,6100,2562,ลูกจ้างรัฐบาล,ชาย,สกลนคร,แรงงานในระบบ,คน
12036,6101,2562,ลูกจ้างเอกชน,ชาย,สกลนคร,แรงงานในระบบ,คน
430,6102,2562,ประกอบธุรกิจส่วนตัว,หญิง,สกลนคร,แรงงานในระบบ,คน
463,6103,2562,ช่วยธุรกิจครัวเรือน,หญิง,สกลนคร,แรงงานในระบบ,คน
9128,6104,2562,ลูกจ้างรัฐบาล,หญิง,สกลนคร,แรงงานในระบบ,คน
12414,6105,2562,ลูกจ้างเอกชน,หญิง,สกลนคร,แรงงานในระบบ,คน
1205,6106,2562,นายจ้าง,ชาย,สกลนคร,แรงงานนอกระบบ,คน
146597,6107,2562,ประกอบธุรกิจส่วนตัว,ชาย,สกลนคร,แรงงานนอกระบบ,คน
49709,6108,2562,ช่วยธุรกิจครัวเรือน,ชาย,สกลนคร,แรงงานนอกระบบ,คน
941,6109,2562,ลูกจ้างรัฐบาล,ชาย,สกลนคร,แรงงานนอกระบบ,คน
4231,6110,2562,ลูกจ้างเอกชน,ชาย,สกลนคร,แรงงานนอกระบบ,คน
240,6111,2562,การรวมกลุ่ม,ชาย,สกลนคร,แรงงานนอกระบบ,คน
60377,6112,2562,ประกอบธุรกิจส่วนตัว,หญิง,สกลนคร,แรงงานนอกระบบ,คน
83289,6113,2562,ช่วยธุรกิจครัวเรือน,หญิง,สกลนคร,แรงงานนอกระบบ,คน
1361,6114,2562,ลูกจ้างรัฐบาล,หญิง,สกลนคร,แรงงานนอกระบบ,คน
1396,6115,2562,ลูกจ้างเอกชน,หญิง,สกลนคร,แรงงานนอกระบบ,คน
311,6116,2562,นายจ้าง,ชาย,นครพนม,แรงงานในระบบ,คน
770,6117,2562,ประกอบธุรกิจส่วนตัว,ชาย,นครพนม,แรงงานในระบบ,คน
883,6118,2562,ช่วยธุรกิจครัวเรือน,ชาย,นครพนม,แรงงานในระบบ,คน
16793,6119,2562,ลูกจ้างรัฐบาล,ชาย,นครพนม,แรงงานในระบบ,คน
17641,6120,2562,ลูกจ้างเอกชน,ชาย,นครพนม,แรงงานในระบบ,คน
2374,6121,2562,ประกอบธุรกิจส่วนตัว,หญิง,นครพนม,แรงงานในระบบ,คน
566,6122,2562,ช่วยธุรกิจครัวเรือน,หญิง,นครพนม,แรงงานในระบบ,คน
10379,6123,2562,ลูกจ้างรัฐบาล,หญิง,นครพนม,แรงงานในระบบ,คน
13844,6124,2562,ลูกจ้างเอกชน,หญิง,นครพนม,แรงงานในระบบ,คน
1746,6125,2562,นายจ้าง,ชาย,นครพนม,แรงงานนอกระบบ,คน
79823,6126,2562,ประกอบธุรกิจส่วนตัว,ชาย,นครพนม,แรงงานนอกระบบ,คน
27433,6127,2562,ช่วยธุรกิจครัวเรือน,ชาย,นครพนม,แรงงานนอกระบบ,คน
806,6128,2562,ลูกจ้างรัฐบาล,ชาย,นครพนม,แรงงานนอกระบบ,คน
7526,6129,2562,ลูกจ้างเอกชน,ชาย,นครพนม,แรงงานนอกระบบ,คน
423,6130,2562,นายจ้าง,หญิง,นครพนม,แรงงานนอกระบบ,คน
43624,6131,2562,ประกอบธุรกิจส่วนตัว,หญิง,นครพนม,แรงงานนอกระบบ,คน
43775,6132,2562,ช่วยธุรกิจครัวเรือน,หญิง,นครพนม,แรงงานนอกระบบ,คน
1118,6133,2562,ลูกจ้างรัฐบาล,หญิง,นครพนม,แรงงานนอกระบบ,คน
3655,6134,2562,ลูกจ้างเอกชน,หญิง,นครพนม,แรงงานนอกระบบ,คน
63,6135,2562,นายจ้าง,ชาย,มุกดาหาร,แรงงานในระบบ,คน
2753,6136,2562,ประกอบธุรกิจส่วนตัว,ชาย,มุกดาหาร,แรงงานในระบบ,คน
374,6137,2562,ช่วยธุรกิจครัวเรือน,ชาย,มุกดาหาร,แรงงานในระบบ,คน
6424,6138,2562,ลูกจ้างรัฐบาล,ชาย,มุกดาหาร,แรงงานในระบบ,คน
9056,6139,2562,ลูกจ้างเอกชน,ชาย,มุกดาหาร,แรงงานในระบบ,คน
2537,6140,2562,ประกอบธุรกิจส่วนตัว,หญิง,มุกดาหาร,แรงงานในระบบ,คน
1556,6141,2562,ช่วยธุรกิจครัวเรือน,หญิง,มุกดาหาร,แรงงานในระบบ,คน
4893,6142,2562,ลูกจ้างรัฐบาล,หญิง,มุกดาหาร,แรงงานในระบบ,คน
6108,6143,2562,ลูกจ้างเอกชน,หญิง,มุกดาหาร,แรงงานในระบบ,คน
687,6144,2562,นายจ้าง,ชาย,มุกดาหาร,แรงงานนอกระบบ,คน
55029,6145,2562,ประกอบธุรกิจส่วนตัว,ชาย,มุกดาหาร,แรงงานนอกระบบ,คน
28398,6146,2562,ช่วยธุรกิจครัวเรือน,ชาย,มุกดาหาร,แรงงานนอกระบบ,คน
115,6147,2562,ลูกจ้างรัฐบาล,ชาย,มุกดาหาร,แรงงานนอกระบบ,คน
3057,6148,2562,ลูกจ้างเอกชน,ชาย,มุกดาหาร,แรงงานนอกระบบ,คน
865,6149,2562,นายจ้าง,หญิง,มุกดาหาร,แรงงานนอกระบบ,คน
29103,6150,2562,ประกอบธุรกิจส่วนตัว,หญิง,มุกดาหาร,แรงงานนอกระบบ,คน
44726,6151,2562,ช่วยธุรกิจครัวเรือน,หญิง,มุกดาหาร,แรงงานนอกระบบ,คน
177,6152,2562,ลูกจ้างรัฐบาล,หญิง,มุกดาหาร,แรงงานนอกระบบ,คน
3896,6153,2562,ลูกจ้างเอกชน,หญิง,มุกดาหาร,แรงงานนอกระบบ,คน
305,6154,2563,นายจ้าง,ชาย,นครราชสีมา,แรงงานในระบบ,คน
6860,6155,2563,ประกอบธุรกิจส่วนตัว,ชาย,นครราชสีมา,แรงงานในระบบ,คน
2915,6156,2563,ช่วยธุรกิจครัวเรือน,ชาย,นครราชสีมา,แรงงานในระบบ,คน
54387,6157,2563,ลูกจ้างรัฐบาล,ชาย,นครราชสีมา,แรงงานในระบบ,คน
192854,6158,2563,ลูกจ้างเอกชน,ชาย,นครราชสีมา,แรงงานในระบบ,คน
909,6159,2563,นายจ้าง,หญิง,นครราชสีมา,แรงงานในระบบ,คน
6255,6160,2563,ประกอบธุรกิจส่วนตัว,หญิง,นครราชสีมา,แรงงานในระบบ,คน
2262,6161,2563,ช่วยธุรกิจครัวเรือน,หญิง,นครราชสีมา,แรงงานในระบบ,คน
50981,6162,2563,ลูกจ้างรัฐบาล,หญิง,นครราชสีมา,แรงงานในระบบ,คน
150154,6163,2563,ลูกจ้างเอกชน,หญิง,นครราชสีมา,แรงงานในระบบ,คน
14531,6164,2563,นายจ้าง,ชาย,นครราชสีมา,แรงงานนอกระบบ,คน
277752,6165,2563,ประกอบธุรกิจส่วนตัว,ชาย,นครราชสีมา,แรงงานนอกระบบ,คน
94938,6166,2563,ช่วยธุรกิจครัวเรือน,ชาย,นครราชสีมา,แรงงานนอกระบบ,คน
1357,6167,2563,ลูกจ้างรัฐบาล,ชาย,นครราชสีมา,แรงงานนอกระบบ,คน
79566,6168,2563,ลูกจ้างเอกชน,ชาย,นครราชสีมา,แรงงานนอกระบบ,คน
324,6169,2563,การรวมกลุ่ม,ชาย,นครราชสีมา,แรงงานนอกระบบ,คน
7346,6170,2563,นายจ้าง,หญิง,นครราชสีมา,แรงงานนอกระบบ,คน
177588,6171,2563,ประกอบธุรกิจส่วนตัว,หญิง,นครราชสีมา,แรงงานนอกระบบ,คน
135856,6172,2563,ช่วยธุรกิจครัวเรือน,หญิง,นครราชสีมา,แรงงานนอกระบบ,คน
5460,6173,2563,ลูกจ้างรัฐบาล,หญิง,นครราชสีมา,แรงงานนอกระบบ,คน
26706,6174,2563,ลูกจ้างเอกชน,หญิง,นครราชสีมา,แรงงานนอกระบบ,คน
201,6175,2563,นายจ้าง,ชาย,บุรีรัมย์,แรงงานในระบบ,คน
2463,6176,2563,ประกอบธุรกิจส่วนตัว,ชาย,บุรีรัมย์,แรงงานในระบบ,คน
1208,6177,2563,ช่วยธุรกิจครัวเรือน,ชาย,บุรีรัมย์,แรงงานในระบบ,คน
34560,6178,2563,ลูกจ้างรัฐบาล,ชาย,บุรีรัมย์,แรงงานในระบบ,คน
58962,6179,2563,ลูกจ้างเอกชน,ชาย,บุรีรัมย์,แรงงานในระบบ,คน
613,6180,2563,นายจ้าง,หญิง,บุรีรัมย์,แรงงานในระบบ,คน
802,6181,2563,ประกอบธุรกิจส่วนตัว,หญิง,บุรีรัมย์,แรงงานในระบบ,คน
1572,6182,2563,ช่วยธุรกิจครัวเรือน,หญิง,บุรีรัมย์,แรงงานในระบบ,คน
34549,6183,2563,ลูกจ้างรัฐบาล,หญิง,บุรีรัมย์,แรงงานในระบบ,คน
32624,6184,2563,ลูกจ้างเอกชน,หญิง,บุรีรัมย์,แรงงานในระบบ,คน
4229,6185,2563,นายจ้าง,ชาย,บุรีรัมย์,แรงงานนอกระบบ,คน
179250,6186,2563,ประกอบธุรกิจส่วนตัว,ชาย,บุรีรัมย์,แรงงานนอกระบบ,คน
67489,6187,2563,ช่วยธุรกิจครัวเรือน,ชาย,บุรีรัมย์,แรงงานนอกระบบ,คน
1408,6188,2563,ลูกจ้างรัฐบาล,ชาย,บุรีรัมย์,แรงงานนอกระบบ,คน
12048,6189,2563,ลูกจ้างเอกชน,ชาย,บุรีรัมย์,แรงงานนอกระบบ,คน
1237,6190,2563,นายจ้าง,หญิง,บุรีรัมย์,แรงงานนอกระบบ,คน
140238,6191,2563,ประกอบธุรกิจส่วนตัว,หญิง,บุรีรัมย์,แรงงานนอกระบบ,คน
75963,6192,2563,ช่วยธุรกิจครัวเรือน,หญิง,บุรีรัมย์,แรงงานนอกระบบ,คน
1730,6193,2563,ลูกจ้างรัฐบาล,หญิง,บุรีรัมย์,แรงงานนอกระบบ,คน
4667,6194,2563,ลูกจ้างเอกชน,หญิง,บุรีรัมย์,แรงงานนอกระบบ,คน
217,6195,2563,นายจ้าง,ชาย,สุรินทร์,แรงงานในระบบ,คน
8322,6196,2563,ประกอบธุรกิจส่วนตัว,ชาย,สุรินทร์,แรงงานในระบบ,คน
200,6197,2563,ช่วยธุรกิจครัวเรือน,ชาย,สุรินทร์,แรงงานในระบบ,คน
31639,6198,2563,ลูกจ้างรัฐบาล,ชาย,สุรินทร์,แรงงานในระบบ,คน
42319,6199,2563,ลูกจ้างเอกชน,ชาย,สุรินทร์,แรงงานในระบบ,คน
10274,6200,2563,ประกอบธุรกิจส่วนตัว,หญิง,สุรินทร์,แรงงานในระบบ,คน
4437,6201,2563,ช่วยธุรกิจครัวเรือน,หญิง,สุรินทร์,แรงงานในระบบ,คน
24517,6202,2563,ลูกจ้างรัฐบาล,หญิง,สุรินทร์,แรงงานในระบบ,คน
37418,6203,2563,ลูกจ้างเอกชน,หญิง,สุรินทร์,แรงงานในระบบ,คน
5934,6204,2563,นายจ้าง,ชาย,สุรินทร์,แรงงานนอกระบบ,คน
163134,6205,2563,ประกอบธุรกิจส่วนตัว,ชาย,สุรินทร์,แรงงานนอกระบบ,คน
34369,6206,2563,ช่วยธุรกิจครัวเรือน,ชาย,สุรินทร์,แรงงานนอกระบบ,คน
532,6207,2563,ลูกจ้างรัฐบาล,ชาย,สุรินทร์,แรงงานนอกระบบ,คน
9662,6208,2563,ลูกจ้างเอกชน,ชาย,สุรินทร์,แรงงานนอกระบบ,คน
1101,6209,2563,นายจ้าง,หญิง,สุรินทร์,แรงงานนอกระบบ,คน
112821,6210,2563,ประกอบธุรกิจส่วนตัว,หญิง,สุรินทร์,แรงงานนอกระบบ,คน
45054,6211,2563,ช่วยธุรกิจครัวเรือน,หญิง,สุรินทร์,แรงงานนอกระบบ,คน
738,6212,2563,ลูกจ้างรัฐบาล,หญิง,สุรินทร์,แรงงานนอกระบบ,คน
8922,6213,2563,ลูกจ้างเอกชน,หญิง,สุรินทร์,แรงงานนอกระบบ,คน
1687,6214,2563,นายจ้าง,ชาย,ศรีสะเกษ,แรงงานในระบบ,คน
4266,6215,2563,ประกอบธุรกิจส่วนตัว,ชาย,ศรีสะเกษ,แรงงานในระบบ,คน
1253,6216,2563,ช่วยธุรกิจครัวเรือน,ชาย,ศรีสะเกษ,แรงงานในระบบ,คน
23246,6217,2563,ลูกจ้างรัฐบาล,ชาย,ศรีสะเกษ,แรงงานในระบบ,คน
13389,6218,2563,ลูกจ้างเอกชน,ชาย,ศรีสะเกษ,แรงงานในระบบ,คน
83,6219,2563,นายจ้าง,หญิง,ศรีสะเกษ,แรงงานในระบบ,คน
2021,6220,2563,ประกอบธุรกิจส่วนตัว,หญิง,ศรีสะเกษ,แรงงานในระบบ,คน
3461,6221,2563,ช่วยธุรกิจครัวเรือน,หญิง,ศรีสะเกษ,แรงงานในระบบ,คน
19636,6222,2563,ลูกจ้างรัฐบาล,หญิง,ศรีสะเกษ,แรงงานในระบบ,คน
9382,6223,2563,ลูกจ้างเอกชน,หญิง,ศรีสะเกษ,แรงงานในระบบ,คน
3386,6224,2563,นายจ้าง,ชาย,ศรีสะเกษ,แรงงานนอกระบบ,คน
147050,6225,2563,ประกอบธุรกิจส่วนตัว,ชาย,ศรีสะเกษ,แรงงานนอกระบบ,คน
102865,6226,2563,ช่วยธุรกิจครัวเรือน,ชาย,ศรีสะเกษ,แรงงานนอกระบบ,คน
3160,6227,2563,ลูกจ้างเอกชน,ชาย,ศรีสะเกษ,แรงงานนอกระบบ,คน
1126,6228,2563,นายจ้าง,หญิง,ศรีสะเกษ,แรงงานนอกระบบ,คน
116952,6229,2563,ประกอบธุรกิจส่วนตัว,หญิง,ศรีสะเกษ,แรงงานนอกระบบ,คน
122331,6230,2563,ช่วยธุรกิจครัวเรือน,หญิง,ศรีสะเกษ,แรงงานนอกระบบ,คน
3989,6231,2563,ลูกจ้างเอกชน,หญิง,ศรีสะเกษ,แรงงานนอกระบบ,คน
202,6232,2563,นายจ้าง,ชาย,อุบลราชธานี,แรงงานในระบบ,คน
1458,6233,2563,ประกอบธุรกิจส่วนตัว,ชาย,อุบลราชธานี,แรงงานในระบบ,คน
1924,6234,2563,ช่วยธุรกิจครัวเรือน,ชาย,อุบลราชธานี,แรงงานในระบบ,คน
41258,6235,2563,ลูกจ้างรัฐบาล,ชาย,อุบลราชธานี,แรงงานในระบบ,คน
42146,6236,2563,ลูกจ้างเอกชน,ชาย,อุบลราชธานี,แรงงานในระบบ,คน
3126,6237,2563,ช่วยธุรกิจครัวเรือน,หญิง,อุบลราชธานี,แรงงานในระบบ,คน
32690,6238,2563,ลูกจ้างรัฐบาล,หญิง,อุบลราชธานี,แรงงานในระบบ,คน
26026,6239,2563,ลูกจ้างเอกชน,หญิง,อุบลราชธานี,แรงงานในระบบ,คน
2266,6240,2563,นายจ้าง,ชาย,อุบลราชธานี,แรงงานนอกระบบ,คน
265727,6241,2563,ประกอบธุรกิจส่วนตัว,ชาย,อุบลราชธานี,แรงงานนอกระบบ,คน
115074,6242,2563,ช่วยธุรกิจครัวเรือน,ชาย,อุบลราชธานี,แรงงานนอกระบบ,คน
538,6243,2563,ลูกจ้างรัฐบาล,ชาย,อุบลราชธานี,แรงงานนอกระบบ,คน
16261,6244,2563,ลูกจ้างเอกชน,ชาย,อุบลราชธานี,แรงงานนอกระบบ,คน
11358,6245,2563,การรวมกลุ่ม,ชาย,อุบลราชธานี,แรงงานนอกระบบ,คน
164,6246,2563,นายจ้าง,หญิง,อุบลราชธานี,แรงงานนอกระบบ,คน
74133,6247,2563,ประกอบธุรกิจส่วนตัว,หญิง,อุบลราชธานี,แรงงานนอกระบบ,คน
233956,6248,2563,ช่วยธุรกิจครัวเรือน,หญิง,อุบลราชธานี,แรงงานนอกระบบ,คน
2080,6249,2563,ลูกจ้างรัฐบาล,หญิง,อุบลราชธานี,แรงงานนอกระบบ,คน
6395,6250,2563,ลูกจ้างเอกชน,หญิง,อุบลราชธานี,แรงงานนอกระบบ,คน
2794,6251,2563,การรวมกลุ่ม,หญิง,อุบลราชธานี,แรงงานนอกระบบ,คน
315,6252,2563,นายจ้าง,ชาย,ยโสธร,แรงงานในระบบ,คน
1556,6253,2563,ประกอบธุรกิจส่วนตัว,ชาย,ยโสธร,แรงงานในระบบ,คน
616,6254,2563,ช่วยธุรกิจครัวเรือน,ชาย,ยโสธร,แรงงานในระบบ,คน
12257,6255,2563,ลูกจ้างรัฐบาล,ชาย,ยโสธร,แรงงานในระบบ,คน
9536,6256,2563,ลูกจ้างเอกชน,ชาย,ยโสธร,แรงงานในระบบ,คน
1304,6257,2563,ประกอบธุรกิจส่วนตัว,หญิง,ยโสธร,แรงงานในระบบ,คน
403,6258,2563,ช่วยธุรกิจครัวเรือน,หญิง,ยโสธร,แรงงานในระบบ,คน
10707,6259,2563,ลูกจ้างรัฐบาล,หญิง,ยโสธร,แรงงานในระบบ,คน
7141,6260,2563,ลูกจ้างเอกชน,หญิง,ยโสธร,แรงงานในระบบ,คน
1018,6261,2563,นายจ้าง,ชาย,ยโสธร,แรงงานนอกระบบ,คน
83623,6262,2563,ประกอบธุรกิจส่วนตัว,ชาย,ยโสธร,แรงงานนอกระบบ,คน
34509,6263,2563,ช่วยธุรกิจครัวเรือน,ชาย,ยโสธร,แรงงานนอกระบบ,คน
220,6264,2563,ลูกจ้างรัฐบาล,ชาย,ยโสธร,แรงงานนอกระบบ,คน
3170,6265,2563,ลูกจ้างเอกชน,ชาย,ยโสธร,แรงงานนอกระบบ,คน
89,6266,2563,นายจ้าง,หญิง,ยโสธร,แรงงานนอกระบบ,คน
39931,6267,2563,ประกอบธุรกิจส่วนตัว,หญิง,ยโสธร,แรงงานนอกระบบ,คน
73974,6268,2563,ช่วยธุรกิจครัวเรือน,หญิง,ยโสธร,แรงงานนอกระบบ,คน
76,6269,2563,ลูกจ้างรัฐบาล,หญิง,ยโสธร,แรงงานนอกระบบ,คน
1190,6270,2563,ลูกจ้างเอกชน,หญิง,ยโสธร,แรงงานนอกระบบ,คน
88,6271,2563,การรวมกลุ่ม,หญิง,ยโสธร,แรงงานนอกระบบ,คน
1329,6272,2563,ประกอบธุรกิจส่วนตัว,ชาย,ชัยภูมิ,แรงงานในระบบ,คน
22543,6273,2563,ลูกจ้างรัฐบาล,ชาย,ชัยภูมิ,แรงงานในระบบ,คน
40482,6274,2563,ลูกจ้างเอกชน,ชาย,ชัยภูมิ,แรงงานในระบบ,คน
1379,6275,2563,ประกอบธุรกิจส่วนตัว,หญิง,ชัยภูมิ,แรงงานในระบบ,คน
502,6276,2563,ช่วยธุรกิจครัวเรือน,หญิง,ชัยภูมิ,แรงงานในระบบ,คน
21880,6277,2563,ลูกจ้างรัฐบาล,หญิง,ชัยภูมิ,แรงงานในระบบ,คน
24604,6278,2563,ลูกจ้างเอกชน,หญิง,ชัยภูมิ,แรงงานในระบบ,คน
3506,6279,2563,นายจ้าง,ชาย,ชัยภูมิ,แรงงานนอกระบบ,คน
140773,6280,2563,ประกอบธุรกิจส่วนตัว,ชาย,ชัยภูมิ,แรงงานนอกระบบ,คน
34336,6281,2563,ช่วยธุรกิจครัวเรือน,ชาย,ชัยภูมิ,แรงงานนอกระบบ,คน
21111,6282,2563,ลูกจ้างเอกชน,ชาย,ชัยภูมิ,แรงงานนอกระบบ,คน
163,6283,2563,การรวมกลุ่ม,ชาย,ชัยภูมิ,แรงงานนอกระบบ,คน
1904,6284,2563,นายจ้าง,หญิง,ชัยภูมิ,แรงงานนอกระบบ,คน
60773,6285,2563,ประกอบธุรกิจส่วนตัว,หญิง,ชัยภูมิ,แรงงานนอกระบบ,คน
81011,6286,2563,ช่วยธุรกิจครัวเรือน,หญิง,ชัยภูมิ,แรงงานนอกระบบ,คน
156,6287,2563,ลูกจ้างรัฐบาล,หญิง,ชัยภูมิ,แรงงานนอกระบบ,คน
17087,6288,2563,ลูกจ้างเอกชน,หญิง,ชัยภูมิ,แรงงานนอกระบบ,คน
1661,6289,2563,ประกอบธุรกิจส่วนตัว,ชาย,อำนาจเจริญ,แรงงานในระบบ,คน
939,6290,2563,ช่วยธุรกิจครัวเรือน,ชาย,อำนาจเจริญ,แรงงานในระบบ,คน
8156,6291,2563,ลูกจ้างรัฐบาล,ชาย,อำนาจเจริญ,แรงงานในระบบ,คน
5709,6292,2563,ลูกจ้างเอกชน,ชาย,อำนาจเจริญ,แรงงานในระบบ,คน
118,6293,2563,การรวมกลุ่ม,ชาย,อำนาจเจริญ,แรงงานในระบบ,คน
1380,6294,2563,ประกอบธุรกิจส่วนตัว,หญิง,อำนาจเจริญ,แรงงานในระบบ,คน
904,6295,2563,ช่วยธุรกิจครัวเรือน,หญิง,อำนาจเจริญ,แรงงานในระบบ,คน
6213,6296,2563,ลูกจ้างรัฐบาล,หญิง,อำนาจเจริญ,แรงงานในระบบ,คน
3513,6297,2563,ลูกจ้างเอกชน,หญิง,อำนาจเจริญ,แรงงานในระบบ,คน
1191,6298,2563,นายจ้าง,ชาย,อำนาจเจริญ,แรงงานนอกระบบ,คน
36109,6299,2563,ประกอบธุรกิจส่วนตัว,ชาย,อำนาจเจริญ,แรงงานนอกระบบ,คน
13657,6300,2563,ช่วยธุรกิจครัวเรือน,ชาย,อำนาจเจริญ,แรงงานนอกระบบ,คน
305,6301,2563,ลูกจ้างรัฐบาล,ชาย,อำนาจเจริญ,แรงงานนอกระบบ,คน
5596,6302,2563,ลูกจ้างเอกชน,ชาย,อำนาจเจริญ,แรงงานนอกระบบ,คน
518,6303,2563,การรวมกลุ่ม,ชาย,อำนาจเจริญ,แรงงานนอกระบบ,คน
51,6304,2563,นายจ้าง,หญิง,อำนาจเจริญ,แรงงานนอกระบบ,คน
23929,6305,2563,ประกอบธุรกิจส่วนตัว,หญิง,อำนาจเจริญ,แรงงานนอกระบบ,คน
21890,6306,2563,ช่วยธุรกิจครัวเรือน,หญิง,อำนาจเจริญ,แรงงานนอกระบบ,คน
177,6307,2563,ลูกจ้างรัฐบาล,หญิง,อำนาจเจริญ,แรงงานนอกระบบ,คน
2284,6308,2563,ลูกจ้างเอกชน,หญิง,อำนาจเจริญ,แรงงานนอกระบบ,คน
282,6309,2563,นายจ้าง,ชาย,บึงกาฬ,แรงงานในระบบ,คน
978,6310,2563,ประกอบธุรกิจส่วนตัว,ชาย,บึงกาฬ,แรงงานในระบบ,คน
865,6311,2563,ช่วยธุรกิจครัวเรือน,ชาย,บึงกาฬ,แรงงานในระบบ,คน
8473,6312,2563,ลูกจ้างรัฐบาล,ชาย,บึงกาฬ,แรงงานในระบบ,คน
14787,6313,2563,ลูกจ้างเอกชน,ชาย,บึงกาฬ,แรงงานในระบบ,คน
833,6314,2563,ประกอบธุรกิจส่วนตัว,หญิง,บึงกาฬ,แรงงานในระบบ,คน
560,6315,2563,ช่วยธุรกิจครัวเรือน,หญิง,บึงกาฬ,แรงงานในระบบ,คน
7086,6316,2563,ลูกจ้างรัฐบาล,หญิง,บึงกาฬ,แรงงานในระบบ,คน
8935,6317,2563,ลูกจ้างเอกชน,หญิง,บึงกาฬ,แรงงานในระบบ,คน
1228,6318,2563,นายจ้าง,ชาย,บึงกาฬ,แรงงานนอกระบบ,คน
40693,6319,2563,ประกอบธุรกิจส่วนตัว,ชาย,บึงกาฬ,แรงงานนอกระบบ,คน
24713,6320,2563,ช่วยธุรกิจครัวเรือน,ชาย,บึงกาฬ,แรงงานนอกระบบ,คน
2610,6321,2563,ลูกจ้างเอกชน,ชาย,บึงกาฬ,แรงงานนอกระบบ,คน
315,6322,2563,นายจ้าง,หญิง,บึงกาฬ,แรงงานนอกระบบ,คน
23785,6323,2563,ประกอบธุรกิจส่วนตัว,หญิง,บึงกาฬ,แรงงานนอกระบบ,คน
34885,6324,2563,ช่วยธุรกิจครัวเรือน,หญิง,บึงกาฬ,แรงงานนอกระบบ,คน
1624,6325,2563,ลูกจ้างเอกชน,หญิง,บึงกาฬ,แรงงานนอกระบบ,คน
35,6326,2563,การรวมกลุ่ม,หญิง,บึงกาฬ,แรงงานนอกระบบ,คน
109,6327,2563,นายจ้าง,ชาย,หนองบัวลำภู,แรงงานในระบบ,คน
1201,6328,2563,ประกอบธุรกิจส่วนตัว,ชาย,หนองบัวลำภู,แรงงานในระบบ,คน
562,6329,2563,ช่วยธุรกิจครัวเรือน,ชาย,หนองบัวลำภู,แรงงานในระบบ,คน
12900,6330,2563,ลูกจ้างรัฐบาล,ชาย,หนองบัวลำภู,แรงงานในระบบ,คน
15843,6331,2563,ลูกจ้างเอกชน,ชาย,หนองบัวลำภู,แรงงานในระบบ,คน
898,6332,2563,ประกอบธุรกิจส่วนตัว,หญิง,หนองบัวลำภู,แรงงานในระบบ,คน
670,6333,2563,ช่วยธุรกิจครัวเรือน,หญิง,หนองบัวลำภู,แรงงานในระบบ,คน
12783,6334,2563,ลูกจ้างรัฐบาล,หญิง,หนองบัวลำภู,แรงงานในระบบ,คน
11844,6335,2563,ลูกจ้างเอกชน,หญิง,หนองบัวลำภู,แรงงานในระบบ,คน
944,6336,2563,นายจ้าง,ชาย,หนองบัวลำภู,แรงงานนอกระบบ,คน
64791,6337,2563,ประกอบธุรกิจส่วนตัว,ชาย,หนองบัวลำภู,แรงงานนอกระบบ,คน
24261,6338,2563,ช่วยธุรกิจครัวเรือน,ชาย,หนองบัวลำภู,แรงงานนอกระบบ,คน
312,6339,2563,ลูกจ้างรัฐบาล,ชาย,หนองบัวลำภู,แรงงานนอกระบบ,คน
4498,6340,2563,ลูกจ้างเอกชน,ชาย,หนองบัวลำภู,แรงงานนอกระบบ,คน
1039,6341,2563,การรวมกลุ่ม,ชาย,หนองบัวลำภู,แรงงานนอกระบบ,คน
241,6342,2563,นายจ้าง,หญิง,หนองบัวลำภู,แรงงานนอกระบบ,คน
34869,6343,2563,ประกอบธุรกิจส่วนตัว,หญิง,หนองบัวลำภู,แรงงานนอกระบบ,คน
36852,6344,2563,ช่วยธุรกิจครัวเรือน,หญิง,หนองบัวลำภู,แรงงานนอกระบบ,คน
419,6345,2563,ลูกจ้างรัฐบาล,หญิง,หนองบัวลำภู,แรงงานนอกระบบ,คน
1793,6346,2563,ลูกจ้างเอกชน,หญิง,หนองบัวลำภู,แรงงานนอกระบบ,คน
121,6347,2563,การรวมกลุ่ม,หญิง,หนองบัวลำภู,แรงงานนอกระบบ,คน
822,6348,2563,นายจ้าง,ชาย,ขอนแก่น,แรงงานในระบบ,คน
2511,6349,2563,ประกอบธุรกิจส่วนตัว,ชาย,ขอนแก่น,แรงงานในระบบ,คน
474,6350,2563,ช่วยธุรกิจครัวเรือน,ชาย,ขอนแก่น,แรงงานในระบบ,คน
46878,6351,2563,ลูกจ้างรัฐบาล,ชาย,ขอนแก่น,แรงงานในระบบ,คน
104496,6352,2563,ลูกจ้างเอกชน,ชาย,ขอนแก่น,แรงงานในระบบ,คน
675,6353,2563,การรวมกลุ่ม,ชาย,ขอนแก่น,แรงงานในระบบ,คน
3022,6354,2563,ประกอบธุรกิจส่วนตัว,หญิง,ขอนแก่น,แรงงานในระบบ,คน
1192,6355,2563,ช่วยธุรกิจครัวเรือน,หญิง,ขอนแก่น,แรงงานในระบบ,คน
42365,6356,2563,ลูกจ้างรัฐบาล,หญิง,ขอนแก่น,แรงงานในระบบ,คน
98184,6357,2563,ลูกจ้างเอกชน,หญิง,ขอนแก่น,แรงงานในระบบ,คน
9421,6358,2563,นายจ้าง,ชาย,ขอนแก่น,แรงงานนอกระบบ,คน
212599,6359,2563,ประกอบธุรกิจส่วนตัว,ชาย,ขอนแก่น,แรงงานนอกระบบ,คน
51684,6360,2563,ช่วยธุรกิจครัวเรือน,ชาย,ขอนแก่น,แรงงานนอกระบบ,คน
27583,6361,2563,ลูกจ้างเอกชน,ชาย,ขอนแก่น,แรงงานนอกระบบ,คน
1542,6362,2563,การรวมกลุ่ม,ชาย,ขอนแก่น,แรงงานนอกระบบ,คน
2252,6363,2563,นายจ้าง,หญิง,ขอนแก่น,แรงงานนอกระบบ,คน
106144,6364,2563,ประกอบธุรกิจส่วนตัว,หญิง,ขอนแก่น,แรงงานนอกระบบ,คน
175781,6365,2563,ช่วยธุรกิจครัวเรือน,หญิง,ขอนแก่น,แรงงานนอกระบบ,คน
1314,6366,2563,ลูกจ้างรัฐบาล,หญิง,ขอนแก่น,แรงงานนอกระบบ,คน
16924,6367,2563,ลูกจ้างเอกชน,หญิง,ขอนแก่น,แรงงานนอกระบบ,คน
26651,6368,2563,ประกอบธุรกิจส่วนตัว,ชาย,อุดรธานี,แรงงานในระบบ,คน
12095,6369,2563,ช่วยธุรกิจครัวเรือน,ชาย,อุดรธานี,แรงงานในระบบ,คน
26681,6370,2563,ลูกจ้างรัฐบาล,ชาย,อุดรธานี,แรงงานในระบบ,คน
49017,6371,2563,ลูกจ้างเอกชน,ชาย,อุดรธานี,แรงงานในระบบ,คน
339,6372,2563,นายจ้าง,หญิง,อุดรธานี,แรงงานในระบบ,คน
6554,6373,2563,ประกอบธุรกิจส่วนตัว,หญิง,อุดรธานี,แรงงานในระบบ,คน
21161,6374,2563,ช่วยธุรกิจครัวเรือน,หญิง,อุดรธานี,แรงงานในระบบ,คน
24423,6375,2563,ลูกจ้างรัฐบาล,หญิง,อุดรธานี,แรงงานในระบบ,คน
36126,6376,2563,ลูกจ้างเอกชน,หญิง,อุดรธานี,แรงงานในระบบ,คน
4132,6377,2563,นายจ้าง,ชาย,อุดรธานี,แรงงานนอกระบบ,คน
157101,6378,2563,ประกอบธุรกิจส่วนตัว,ชาย,อุดรธานี,แรงงานนอกระบบ,คน
45168,6379,2563,ช่วยธุรกิจครัวเรือน,ชาย,อุดรธานี,แรงงานนอกระบบ,คน
1659,6380,2563,ลูกจ้างรัฐบาล,ชาย,อุดรธานี,แรงงานนอกระบบ,คน
25017,6381,2563,ลูกจ้างเอกชน,ชาย,อุดรธานี,แรงงานนอกระบบ,คน
756,6382,2563,นายจ้าง,หญิง,อุดรธานี,แรงงานนอกระบบ,คน
75608,6383,2563,ประกอบธุรกิจส่วนตัว,หญิง,อุดรธานี,แรงงานนอกระบบ,คน
110195,6384,2563,ช่วยธุรกิจครัวเรือน,หญิง,อุดรธานี,แรงงานนอกระบบ,คน
218,6385,2563,ลูกจ้างรัฐบาล,หญิง,อุดรธานี,แรงงานนอกระบบ,คน
8973,6386,2563,ลูกจ้างเอกชน,หญิง,อุดรธานี,แรงงานนอกระบบ,คน
71,6387,2563,นายจ้าง,ชาย,เลย,แรงงานในระบบ,คน
76,6388,2563,ประกอบธุรกิจส่วนตัว,ชาย,เลย,แรงงานในระบบ,คน
500,6389,2563,ช่วยธุรกิจครัวเรือน,ชาย,เลย,แรงงานในระบบ,คน
13564,6390,2563,ลูกจ้างรัฐบาล,ชาย,เลย,แรงงานในระบบ,คน
12378,6391,2563,ลูกจ้างเอกชน,ชาย,เลย,แรงงานในระบบ,คน
859,6392,2563,ประกอบธุรกิจส่วนตัว,หญิง,เลย,แรงงานในระบบ,คน
460,6393,2563,ช่วยธุรกิจครัวเรือน,หญิง,เลย,แรงงานในระบบ,คน
11054,6394,2563,ลูกจ้างรัฐบาล,หญิง,เลย,แรงงานในระบบ,คน
7931,6395,2563,ลูกจ้างเอกชน,หญิง,เลย,แรงงานในระบบ,คน
81,6396,2563,การรวมกลุ่ม,หญิง,เลย,แรงงานในระบบ,คน
768,6397,2563,นายจ้าง,ชาย,เลย,แรงงานนอกระบบ,คน
77142,6398,2563,ประกอบธุรกิจส่วนตัว,ชาย,เลย,แรงงานนอกระบบ,คน
55910,6399,2563,ช่วยธุรกิจครัวเรือน,ชาย,เลย,แรงงานนอกระบบ,คน
8535,6400,2563,ลูกจ้างเอกชน,ชาย,เลย,แรงงานนอกระบบ,คน
472,6401,2563,นายจ้าง,หญิง,เลย,แรงงานนอกระบบ,คน
44574,6402,2563,ประกอบธุรกิจส่วนตัว,หญิง,เลย,แรงงานนอกระบบ,คน
73258,6403,2563,ช่วยธุรกิจครัวเรือน,หญิง,เลย,แรงงานนอกระบบ,คน
253,6404,2563,ลูกจ้างรัฐบาล,หญิง,เลย,แรงงานนอกระบบ,คน
3089,6405,2563,ลูกจ้างเอกชน,หญิง,เลย,แรงงานนอกระบบ,คน
64,6406,2563,การรวมกลุ่ม,หญิง,เลย,แรงงานนอกระบบ,คน
141,6407,2563,นายจ้าง,ชาย,หนองคาย,แรงงานในระบบ,คน
1830,6408,2563,ประกอบธุรกิจส่วนตัว,ชาย,หนองคาย,แรงงานในระบบ,คน
1413,6409,2563,ช่วยธุรกิจครัวเรือน,ชาย,หนองคาย,แรงงานในระบบ,คน
13898,6410,2563,ลูกจ้างรัฐบาล,ชาย,หนองคาย,แรงงานในระบบ,คน
17327,6411,2563,ลูกจ้างเอกชน,ชาย,หนองคาย,แรงงานในระบบ,คน
51,6412,2563,นายจ้าง,หญิง,หนองคาย,แรงงานในระบบ,คน
1913,6413,2563,ประกอบธุรกิจส่วนตัว,หญิง,หนองคาย,แรงงานในระบบ,คน
778,6414,2563,ช่วยธุรกิจครัวเรือน,หญิง,หนองคาย,แรงงานในระบบ,คน
11067,6415,2563,ลูกจ้างรัฐบาล,หญิง,หนองคาย,แรงงานในระบบ,คน
14771,6416,2563,ลูกจ้างเอกชน,หญิง,หนองคาย,แรงงานในระบบ,คน
1462,6417,2563,นายจ้าง,ชาย,หนองคาย,แรงงานนอกระบบ,คน
49352,6418,2563,ประกอบธุรกิจส่วนตัว,ชาย,หนองคาย,แรงงานนอกระบบ,คน
21992,6419,2563,ช่วยธุรกิจครัวเรือน,ชาย,หนองคาย,แรงงานนอกระบบ,คน
825,6420,2563,ลูกจ้างรัฐบาล,ชาย,หนองคาย,แรงงานนอกระบบ,คน
8765,6421,2563,ลูกจ้างเอกชน,ชาย,หนองคาย,แรงงานนอกระบบ,คน
218,6422,2563,การรวมกลุ่ม,ชาย,หนองคาย,แรงงานนอกระบบ,คน
315,6423,2563,นายจ้าง,หญิง,หนองคาย,แรงงานนอกระบบ,คน
35603,6424,2563,ประกอบธุรกิจส่วนตัว,หญิง,หนองคาย,แรงงานนอกระบบ,คน
29983,6425,2563,ช่วยธุรกิจครัวเรือน,หญิง,หนองคาย,แรงงานนอกระบบ,คน
387,6426,2563,ลูกจ้างรัฐบาล,หญิง,หนองคาย,แรงงานนอกระบบ,คน
2450,6427,2563,ลูกจ้างเอกชน,หญิง,หนองคาย,แรงงานนอกระบบ,คน
540,6428,2563,นายจ้าง,ชาย,มหาสารคาม,แรงงานในระบบ,คน
3421,6429,2563,ประกอบธุรกิจส่วนตัว,ชาย,มหาสารคาม,แรงงานในระบบ,คน
96,6430,2563,ช่วยธุรกิจครัวเรือน,ชาย,มหาสารคาม,แรงงานในระบบ,คน
26257,6431,2563,ลูกจ้างรัฐบาล,ชาย,มหาสารคาม,แรงงานในระบบ,คน
30270,6432,2563,ลูกจ้างเอกชน,ชาย,มหาสารคาม,แรงงานในระบบ,คน
168,6433,2563,ประกอบธุรกิจส่วนตัว,หญิง,มหาสารคาม,แรงงานในระบบ,คน
1675,6434,2563,ช่วยธุรกิจครัวเรือน,หญิง,มหาสารคาม,แรงงานในระบบ,คน
27072,6435,2563,ลูกจ้างรัฐบาล,หญิง,มหาสารคาม,แรงงานในระบบ,คน
18360,6436,2563,ลูกจ้างเอกชน,หญิง,มหาสารคาม,แรงงานในระบบ,คน
2601,6437,2563,นายจ้าง,ชาย,มหาสารคาม,แรงงานนอกระบบ,คน
125414,6438,2563,ประกอบธุรกิจส่วนตัว,ชาย,มหาสารคาม,แรงงานนอกระบบ,คน
31644,6439,2563,ช่วยธุรกิจครัวเรือน,ชาย,มหาสารคาม,แรงงานนอกระบบ,คน
731,6440,2563,ลูกจ้างรัฐบาล,ชาย,มหาสารคาม,แรงงานนอกระบบ,คน
11602,6441,2563,ลูกจ้างเอกชน,ชาย,มหาสารคาม,แรงงานนอกระบบ,คน
60,6442,2563,นายจ้าง,หญิง,มหาสารคาม,แรงงานนอกระบบ,คน
78224,6443,2563,ประกอบธุรกิจส่วนตัว,หญิง,มหาสารคาม,แรงงานนอกระบบ,คน
59065,6444,2563,ช่วยธุรกิจครัวเรือน,หญิง,มหาสารคาม,แรงงานนอกระบบ,คน
1827,6445,2563,ลูกจ้างรัฐบาล,หญิง,มหาสารคาม,แรงงานนอกระบบ,คน
3358,6446,2563,ลูกจ้างเอกชน,หญิง,มหาสารคาม,แรงงานนอกระบบ,คน
476,6447,2563,การรวมกลุ่ม,หญิง,มหาสารคาม,แรงงานนอกระบบ,คน
432,6448,2563,นายจ้าง,ชาย,ร้อยเอ็ด,แรงงานในระบบ,คน
5814,6449,2563,ประกอบธุรกิจส่วนตัว,ชาย,ร้อยเอ็ด,แรงงานในระบบ,คน
2522,6450,2563,ช่วยธุรกิจครัวเรือน,ชาย,ร้อยเอ็ด,แรงงานในระบบ,คน
26715,6451,2563,ลูกจ้างรัฐบาล,ชาย,ร้อยเอ็ด,แรงงานในระบบ,คน
28562,6452,2563,ลูกจ้างเอกชน,ชาย,ร้อยเอ็ด,แรงงานในระบบ,คน
144,6453,2563,นายจ้าง,หญิง,ร้อยเอ็ด,แรงงานในระบบ,คน
5078,6454,2563,ประกอบธุรกิจส่วนตัว,หญิง,ร้อยเอ็ด,แรงงานในระบบ,คน
3051,6455,2563,ช่วยธุรกิจครัวเรือน,หญิง,ร้อยเอ็ด,แรงงานในระบบ,คน
27301,6456,2563,ลูกจ้างรัฐบาล,หญิง,ร้อยเอ็ด,แรงงานในระบบ,คน
25896,6457,2563,ลูกจ้างเอกชน,หญิง,ร้อยเอ็ด,แรงงานในระบบ,คน
3866,6458,2563,นายจ้าง,ชาย,ร้อยเอ็ด,แรงงานนอกระบบ,คน
159554,6459,2563,ประกอบธุรกิจส่วนตัว,ชาย,ร้อยเอ็ด,แรงงานนอกระบบ,คน
53977,6460,2563,ช่วยธุรกิจครัวเรือน,ชาย,ร้อยเอ็ด,แรงงานนอกระบบ,คน
1193,6461,2563,ลูกจ้างรัฐบาล,ชาย,ร้อยเอ็ด,แรงงานนอกระบบ,คน
23721,6462,2563,ลูกจ้างเอกชน,ชาย,ร้อยเอ็ด,แรงงานนอกระบบ,คน
664,6463,2563,การรวมกลุ่ม,ชาย,ร้อยเอ็ด,แรงงานนอกระบบ,คน
1091,6464,2563,นายจ้าง,หญิง,ร้อยเอ็ด,แรงงานนอกระบบ,คน
97971,6465,2563,ประกอบธุรกิจส่วนตัว,หญิง,ร้อยเอ็ด,แรงงานนอกระบบ,คน
84389,6466,2563,ช่วยธุรกิจครัวเรือน,หญิง,ร้อยเอ็ด,แรงงานนอกระบบ,คน
990,6467,2563,ลูกจ้างรัฐบาล,หญิง,ร้อยเอ็ด,แรงงานนอกระบบ,คน
12047,6468,2563,ลูกจ้างเอกชน,หญิง,ร้อยเอ็ด,แรงงานนอกระบบ,คน
207,6469,2563,การรวมกลุ่ม,หญิง,ร้อยเอ็ด,แรงงานนอกระบบ,คน
204,6470,2563,ประกอบธุรกิจส่วนตัว,ชาย,กาฬสินธุ์,แรงงานในระบบ,คน
190,6471,2563,ช่วยธุรกิจครัวเรือน,ชาย,กาฬสินธุ์,แรงงานในระบบ,คน
21868,6472,2563,ลูกจ้างรัฐบาล,ชาย,กาฬสินธุ์,แรงงานในระบบ,คน
18756,6473,2563,ลูกจ้างเอกชน,ชาย,กาฬสินธุ์,แรงงานในระบบ,คน
249,6474,2563,ประกอบธุรกิจส่วนตัว,หญิง,กาฬสินธุ์,แรงงานในระบบ,คน
293,6475,2563,ช่วยธุรกิจครัวเรือน,หญิง,กาฬสินธุ์,แรงงานในระบบ,คน
17756,6476,2563,ลูกจ้างรัฐบาล,หญิง,กาฬสินธุ์,แรงงานในระบบ,คน
16971,6477,2563,ลูกจ้างเอกชน,หญิง,กาฬสินธุ์,แรงงานในระบบ,คน
941,6478,2563,นายจ้าง,ชาย,กาฬสินธุ์,แรงงานนอกระบบ,คน
120987,6479,2563,ประกอบธุรกิจส่วนตัว,ชาย,กาฬสินธุ์,แรงงานนอกระบบ,คน
51257,6480,2563,ช่วยธุรกิจครัวเรือน,ชาย,กาฬสินธุ์,แรงงานนอกระบบ,คน
407,6481,2563,ลูกจ้างรัฐบาล,ชาย,กาฬสินธุ์,แรงงานนอกระบบ,คน
9348,6482,2563,ลูกจ้างเอกชน,ชาย,กาฬสินธุ์,แรงงานนอกระบบ,คน
1776,6483,2563,การรวมกลุ่ม,ชาย,กาฬสินธุ์,แรงงานนอกระบบ,คน
699,6484,2563,นายจ้าง,หญิง,กาฬสินธุ์,แรงงานนอกระบบ,คน
61584,6485,2563,ประกอบธุรกิจส่วนตัว,หญิง,กาฬสินธุ์,แรงงานนอกระบบ,คน
67577,6486,2563,ช่วยธุรกิจครัวเรือน,หญิง,กาฬสินธุ์,แรงงานนอกระบบ,คน
510,6487,2563,ลูกจ้างรัฐบาล,หญิง,กาฬสินธุ์,แรงงานนอกระบบ,คน
4378,6488,2563,ลูกจ้างเอกชน,หญิง,กาฬสินธุ์,แรงงานนอกระบบ,คน
167,6489,2563,การรวมกลุ่ม,หญิง,กาฬสินธุ์,แรงงานนอกระบบ,คน
529,6490,2563,ประกอบธุรกิจส่วนตัว,ชาย,สกลนคร,แรงงานในระบบ,คน
146,6491,2563,ช่วยธุรกิจครัวเรือน,ชาย,สกลนคร,แรงงานในระบบ,คน
18473,6492,2563,ลูกจ้างรัฐบาล,ชาย,สกลนคร,แรงงานในระบบ,คน
17770,6493,2563,ลูกจ้างเอกชน,ชาย,สกลนคร,แรงงานในระบบ,คน
1896,6494,2563,ประกอบธุรกิจส่วนตัว,หญิง,สกลนคร,แรงงานในระบบ,คน
405,6495,2563,ช่วยธุรกิจครัวเรือน,หญิง,สกลนคร,แรงงานในระบบ,คน
19096,6496,2563,ลูกจ้างรัฐบาล,หญิง,สกลนคร,แรงงานในระบบ,คน
17612,6497,2563,ลูกจ้างเอกชน,หญิง,สกลนคร,แรงงานในระบบ,คน
1449,6498,2563,นายจ้าง,ชาย,สกลนคร,แรงงานนอกระบบ,คน
127745,6499,2563,ประกอบธุรกิจส่วนตัว,ชาย,สกลนคร,แรงงานนอกระบบ,คน
57119,6500,2563,ช่วยธุรกิจครัวเรือน,ชาย,สกลนคร,แรงงานนอกระบบ,คน
178,6501,2563,ลูกจ้างรัฐบาล,ชาย,สกลนคร,แรงงานนอกระบบ,คน
12994,6502,2563,ลูกจ้างเอกชน,ชาย,สกลนคร,แรงงานนอกระบบ,คน
58830,6503,2563,ประกอบธุรกิจส่วนตัว,หญิง,สกลนคร,แรงงานนอกระบบ,คน
82948,6504,2563,ช่วยธุรกิจครัวเรือน,หญิง,สกลนคร,แรงงานนอกระบบ,คน
383,6505,2563,ลูกจ้างรัฐบาล,หญิง,สกลนคร,แรงงานนอกระบบ,คน
6046,6506,2563,ลูกจ้างเอกชน,หญิง,สกลนคร,แรงงานนอกระบบ,คน
316,6507,2563,นายจ้าง,ชาย,นครพนม,แรงงานในระบบ,คน
1394,6508,2563,ประกอบธุรกิจส่วนตัว,ชาย,นครพนม,แรงงานในระบบ,คน
329,6509,2563,ช่วยธุรกิจครัวเรือน,ชาย,นครพนม,แรงงานในระบบ,คน
20278,6510,2563,ลูกจ้างรัฐบาล,ชาย,นครพนม,แรงงานในระบบ,คน
16303,6511,2563,ลูกจ้างเอกชน,ชาย,นครพนม,แรงงานในระบบ,คน
380,6512,2563,นายจ้าง,หญิง,นครพนม,แรงงานในระบบ,คน
1478,6513,2563,ประกอบธุรกิจส่วนตัว,หญิง,นครพนม,แรงงานในระบบ,คน
1800,6514,2563,ช่วยธุรกิจครัวเรือน,หญิง,นครพนม,แรงงานในระบบ,คน
20644,6515,2563,ลูกจ้างรัฐบาล,หญิง,นครพนม,แรงงานในระบบ,คน
15148,6516,2563,ลูกจ้างเอกชน,หญิง,นครพนม,แรงงานในระบบ,คน
2325,6517,2563,นายจ้าง,ชาย,นครพนม,แรงงานนอกระบบ,คน
76974,6518,2563,ประกอบธุรกิจส่วนตัว,ชาย,นครพนม,แรงงานนอกระบบ,คน
27533,6519,2563,ช่วยธุรกิจครัวเรือน,ชาย,นครพนม,แรงงานนอกระบบ,คน
467,6520,2563,ลูกจ้างรัฐบาล,ชาย,นครพนม,แรงงานนอกระบบ,คน
8403,6521,2563,ลูกจ้างเอกชน,ชาย,นครพนม,แรงงานนอกระบบ,คน
354,6522,2563,การรวมกลุ่ม,ชาย,นครพนม,แรงงานนอกระบบ,คน
664,6523,2563,นายจ้าง,หญิง,นครพนม,แรงงานนอกระบบ,คน
53772,6524,2563,ประกอบธุรกิจส่วนตัว,หญิง,นครพนม,แรงงานนอกระบบ,คน
39009,6525,2563,ช่วยธุรกิจครัวเรือน,หญิง,นครพนม,แรงงานนอกระบบ,คน
325,6526,2563,ลูกจ้างรัฐบาล,หญิง,นครพนม,แรงงานนอกระบบ,คน
3454,6527,2563,ลูกจ้างเอกชน,หญิง,นครพนม,แรงงานนอกระบบ,คน
1791,6528,2563,การรวมกลุ่ม,หญิง,นครพนม,แรงงานนอกระบบ,คน
1134,6529,2563,ประกอบธุรกิจส่วนตัว,ชาย,มุกดาหาร,แรงงานในระบบ,คน
461,6530,2563,ช่วยธุรกิจครัวเรือน,ชาย,มุกดาหาร,แรงงานในระบบ,คน
7670,6531,2563,ลูกจ้างรัฐบาล,ชาย,มุกดาหาร,แรงงานในระบบ,คน
7185,6532,2563,ลูกจ้างเอกชน,ชาย,มุกดาหาร,แรงงานในระบบ,คน
1253,6533,2563,ประกอบธุรกิจส่วนตัว,หญิง,มุกดาหาร,แรงงานในระบบ,คน
764,6534,2563,ช่วยธุรกิจครัวเรือน,หญิง,มุกดาหาร,แรงงานในระบบ,คน
10278,6535,2563,ลูกจ้างรัฐบาล,หญิง,มุกดาหาร,แรงงานในระบบ,คน
6940,6536,2563,ลูกจ้างเอกชน,หญิง,มุกดาหาร,แรงงานในระบบ,คน
1002,6537,2563,นายจ้าง,ชาย,มุกดาหาร,แรงงานนอกระบบ,คน
54278,6538,2563,ประกอบธุรกิจส่วนตัว,ชาย,มุกดาหาร,แรงงานนอกระบบ,คน
28879,6539,2563,ช่วยธุรกิจครัวเรือน,ชาย,มุกดาหาร,แรงงานนอกระบบ,คน
3787,6540,2563,ลูกจ้างเอกชน,ชาย,มุกดาหาร,แรงงานนอกระบบ,คน
706,6541,2563,นายจ้าง,หญิง,มุกดาหาร,แรงงานนอกระบบ,คน
30765,6542,2563,ประกอบธุรกิจส่วนตัว,หญิง,มุกดาหาร,แรงงานนอกระบบ,คน
42911,6543,2563,ช่วยธุรกิจครัวเรือน,หญิง,มุกดาหาร,แรงงานนอกระบบ,คน
1775,6544,2563,ลูกจ้างเอกชน,หญิง,มุกดาหาร,แรงงานนอกระบบ,คน
1055,6545,2564,นายจ้าง,ชาย,นครราชสีมา,แรงงานในระบบ,คน
12127,6546,2564,ประกอบธุรกิจส่วนตัว,ชาย,นครราชสีมา,แรงงานในระบบ,คน
7284,6547,2564,ช่วยธุรกิจครัวเรือน,ชาย,นครราชสีมา,แรงงานในระบบ,คน
65508,6548,2564,ลูกจ้างรัฐบาล,ชาย,นครราชสีมา,แรงงานในระบบ,คน
187288,6549,2564,ลูกจ้างเอกชน,ชาย,นครราชสีมา,แรงงานในระบบ,คน
16277,6550,2564,ประกอบธุรกิจส่วนตัว,หญิง,นครราชสีมา,แรงงานในระบบ,คน
3849,6551,2564,ช่วยธุรกิจครัวเรือน,หญิง,นครราชสีมา,แรงงานในระบบ,คน
53577,6552,2564,ลูกจ้างรัฐบาล,หญิง,นครราชสีมา,แรงงานในระบบ,คน
175796,6553,2564,ลูกจ้างเอกชน,หญิง,นครราชสีมา,แรงงานในระบบ,คน
11220,6554,2564,นายจ้าง,ชาย,นครราชสีมา,แรงงานนอกระบบ,คน
259951,6555,2564,ประกอบธุรกิจส่วนตัว,ชาย,นครราชสีมา,แรงงานนอกระบบ,คน
105522,6556,2564,ช่วยธุรกิจครัวเรือน,ชาย,นครราชสีมา,แรงงานนอกระบบ,คน
764,6557,2564,ลูกจ้างรัฐบาล,ชาย,นครราชสีมา,แรงงานนอกระบบ,คน
49903,6558,2564,ลูกจ้างเอกชน,ชาย,นครราชสีมา,แรงงานนอกระบบ,คน
1864,6559,2564,นายจ้าง,หญิง,นครราชสีมา,แรงงานนอกระบบ,คน
152932,6560,2564,ประกอบธุรกิจส่วนตัว,หญิง,นครราชสีมา,แรงงานนอกระบบ,คน
127475,6561,2564,ช่วยธุรกิจครัวเรือน,หญิง,นครราชสีมา,แรงงานนอกระบบ,คน
5507,6562,2564,ลูกจ้างรัฐบาล,หญิง,นครราชสีมา,แรงงานนอกระบบ,คน
21423,6563,2564,ลูกจ้างเอกชน,หญิง,นครราชสีมา,แรงงานนอกระบบ,คน
421,6564,2564,ประกอบธุรกิจส่วนตัว,ชาย,บุรีรัมย์,แรงงานในระบบ,คน
266,6565,2564,ช่วยธุรกิจครัวเรือน,ชาย,บุรีรัมย์,แรงงานในระบบ,คน
26505,6566,2564,ลูกจ้างรัฐบาล,ชาย,บุรีรัมย์,แรงงานในระบบ,คน
47161,6567,2564,ลูกจ้างเอกชน,ชาย,บุรีรัมย์,แรงงานในระบบ,คน
192,6568,2564,ประกอบธุรกิจส่วนตัว,หญิง,บุรีรัมย์,แรงงานในระบบ,คน
808,6569,2564,ช่วยธุรกิจครัวเรือน,หญิง,บุรีรัมย์,แรงงานในระบบ,คน
29176,6570,2564,ลูกจ้างรัฐบาล,หญิง,บุรีรัมย์,แรงงานในระบบ,คน
30816,6571,2564,ลูกจ้างเอกชน,หญิง,บุรีรัมย์,แรงงานในระบบ,คน
2867,6572,2564,นายจ้าง,ชาย,บุรีรัมย์,แรงงานนอกระบบ,คน
210971,6573,2564,ประกอบธุรกิจส่วนตัว,ชาย,บุรีรัมย์,แรงงานนอกระบบ,คน
64398,6574,2564,ช่วยธุรกิจครัวเรือน,ชาย,บุรีรัมย์,แรงงานนอกระบบ,คน
1324,6575,2564,ลูกจ้างรัฐบาล,ชาย,บุรีรัมย์,แรงงานนอกระบบ,คน
4041,6576,2564,ลูกจ้างเอกชน,ชาย,บุรีรัมย์,แรงงานนอกระบบ,คน
858,6577,2564,นายจ้าง,หญิง,บุรีรัมย์,แรงงานนอกระบบ,คน
138260,6578,2564,ประกอบธุรกิจส่วนตัว,หญิง,บุรีรัมย์,แรงงานนอกระบบ,คน
88538,6579,2564,ช่วยธุรกิจครัวเรือน,หญิง,บุรีรัมย์,แรงงานนอกระบบ,คน
1666,6580,2564,ลูกจ้างรัฐบาล,หญิง,บุรีรัมย์,แรงงานนอกระบบ,คน
1098,6581,2564,ลูกจ้างเอกชน,หญิง,บุรีรัมย์,แรงงานนอกระบบ,คน
55,6582,2564,นายจ้าง,ชาย,สุรินทร์,แรงงานในระบบ,คน
3172,6583,2564,ประกอบธุรกิจส่วนตัว,ชาย,สุรินทร์,แรงงานในระบบ,คน
1165,6584,2564,ช่วยธุรกิจครัวเรือน,ชาย,สุรินทร์,แรงงานในระบบ,คน
22976,6585,2564,ลูกจ้างรัฐบาล,ชาย,สุรินทร์,แรงงานในระบบ,คน
36342,6586,2564,ลูกจ้างเอกชน,ชาย,สุรินทร์,แรงงานในระบบ,คน
6330,6587,2564,ประกอบธุรกิจส่วนตัว,หญิง,สุรินทร์,แรงงานในระบบ,คน
2002,6588,2564,ช่วยธุรกิจครัวเรือน,หญิง,สุรินทร์,แรงงานในระบบ,คน
27887,6589,2564,ลูกจ้างรัฐบาล,หญิง,สุรินทร์,แรงงานในระบบ,คน
29684,6590,2564,ลูกจ้างเอกชน,หญิง,สุรินทร์,แรงงานในระบบ,คน
3588,6591,2564,นายจ้าง,ชาย,สุรินทร์,แรงงานนอกระบบ,คน
172721,6592,2564,ประกอบธุรกิจส่วนตัว,ชาย,สุรินทร์,แรงงานนอกระบบ,คน
41856,6593,2564,ช่วยธุรกิจครัวเรือน,ชาย,สุรินทร์,แรงงานนอกระบบ,คน
1263,6594,2564,ลูกจ้างรัฐบาล,ชาย,สุรินทร์,แรงงานนอกระบบ,คน
7583,6595,2564,ลูกจ้างเอกชน,ชาย,สุรินทร์,แรงงานนอกระบบ,คน
923,6596,2564,นายจ้าง,หญิง,สุรินทร์,แรงงานนอกระบบ,คน
126823,6597,2564,ประกอบธุรกิจส่วนตัว,หญิง,สุรินทร์,แรงงานนอกระบบ,คน
57000,6598,2564,ช่วยธุรกิจครัวเรือน,หญิง,สุรินทร์,แรงงานนอกระบบ,คน
968,6599,2564,ลูกจ้างรัฐบาล,หญิง,สุรินทร์,แรงงานนอกระบบ,คน
3352,6600,2564,ลูกจ้างเอกชน,หญิง,สุรินทร์,แรงงานนอกระบบ,คน
243,6601,2564,นายจ้าง,ชาย,ศรีสะเกษ,แรงงานในระบบ,คน
4313,6602,2564,ประกอบธุรกิจส่วนตัว,ชาย,ศรีสะเกษ,แรงงานในระบบ,คน
662,6603,2564,ช่วยธุรกิจครัวเรือน,ชาย,ศรีสะเกษ,แรงงานในระบบ,คน
21695,6604,2564,ลูกจ้างรัฐบาล,ชาย,ศรีสะเกษ,แรงงานในระบบ,คน
17173,6605,2564,ลูกจ้างเอกชน,ชาย,ศรีสะเกษ,แรงงานในระบบ,คน
317,6606,2564,นายจ้าง,หญิง,ศรีสะเกษ,แรงงานในระบบ,คน
5316,6607,2564,ประกอบธุรกิจส่วนตัว,หญิง,ศรีสะเกษ,แรงงานในระบบ,คน
2195,6608,2564,ช่วยธุรกิจครัวเรือน,หญิง,ศรีสะเกษ,แรงงานในระบบ,คน
23260,6609,2564,ลูกจ้างรัฐบาล,หญิง,ศรีสะเกษ,แรงงานในระบบ,คน
17605,6610,2564,ลูกจ้างเอกชน,หญิง,ศรีสะเกษ,แรงงานในระบบ,คน
1401,6611,2564,นายจ้าง,ชาย,ศรีสะเกษ,แรงงานนอกระบบ,คน
150137,6612,2564,ประกอบธุรกิจส่วนตัว,ชาย,ศรีสะเกษ,แรงงานนอกระบบ,คน
106200,6613,2564,ช่วยธุรกิจครัวเรือน,ชาย,ศรีสะเกษ,แรงงานนอกระบบ,คน
60,6614,2564,ลูกจ้างรัฐบาล,ชาย,ศรีสะเกษ,แรงงานนอกระบบ,คน
3285,6615,2564,ลูกจ้างเอกชน,ชาย,ศรีสะเกษ,แรงงานนอกระบบ,คน
1892,6616,2564,นายจ้าง,หญิง,ศรีสะเกษ,แรงงานนอกระบบ,คน
106466,6617,2564,ประกอบธุรกิจส่วนตัว,หญิง,ศรีสะเกษ,แรงงานนอกระบบ,คน
120371,6618,2564,ช่วยธุรกิจครัวเรือน,หญิง,ศรีสะเกษ,แรงงานนอกระบบ,คน
772,6619,2564,ลูกจ้างรัฐบาล,หญิง,ศรีสะเกษ,แรงงานนอกระบบ,คน
4204,6620,2564,ลูกจ้างเอกชน,หญิง,ศรีสะเกษ,แรงงานนอกระบบ,คน
100,6621,2564,การรวมกลุ่ม,หญิง,ศรีสะเกษ,แรงงานนอกระบบ,คน
1007,6622,2564,นายจ้าง,ชาย,อุบลราชธานี,แรงงานในระบบ,คน
7600,6623,2564,ประกอบธุรกิจส่วนตัว,ชาย,อุบลราชธานี,แรงงานในระบบ,คน
6665,6624,2564,ช่วยธุรกิจครัวเรือน,ชาย,อุบลราชธานี,แรงงานในระบบ,คน
42639,6625,2564,ลูกจ้างรัฐบาล,ชาย,อุบลราชธานี,แรงงานในระบบ,คน
56780,6626,2564,ลูกจ้างเอกชน,ชาย,อุบลราชธานี,แรงงานในระบบ,คน
836,6627,2564,การรวมกลุ่ม,ชาย,อุบลราชธานี,แรงงานในระบบ,คน
185,6628,2564,นายจ้าง,หญิง,อุบลราชธานี,แรงงานในระบบ,คน
4088,6629,2564,ประกอบธุรกิจส่วนตัว,หญิง,อุบลราชธานี,แรงงานในระบบ,คน
5883,6630,2564,ช่วยธุรกิจครัวเรือน,หญิง,อุบลราชธานี,แรงงานในระบบ,คน
39739,6631,2564,ลูกจ้างรัฐบาล,หญิง,อุบลราชธานี,แรงงานในระบบ,คน
28031,6632,2564,ลูกจ้างเอกชน,หญิง,อุบลราชธานี,แรงงานในระบบ,คน
5069,6633,2564,นายจ้าง,ชาย,อุบลราชธานี,แรงงานนอกระบบ,คน
255962,6634,2564,ประกอบธุรกิจส่วนตัว,ชาย,อุบลราชธานี,แรงงานนอกระบบ,คน
89553,6635,2564,ช่วยธุรกิจครัวเรือน,ชาย,อุบลราชธานี,แรงงานนอกระบบ,คน
939,6636,2564,ลูกจ้างรัฐบาล,ชาย,อุบลราชธานี,แรงงานนอกระบบ,คน
11342,6637,2564,ลูกจ้างเอกชน,ชาย,อุบลราชธานี,แรงงานนอกระบบ,คน
15062,6638,2564,การรวมกลุ่ม,ชาย,อุบลราชธานี,แรงงานนอกระบบ,คน
240,6639,2564,นายจ้าง,หญิง,อุบลราชธานี,แรงงานนอกระบบ,คน
109398,6640,2564,ประกอบธุรกิจส่วนตัว,หญิง,อุบลราชธานี,แรงงานนอกระบบ,คน
205571,6641,2564,ช่วยธุรกิจครัวเรือน,หญิง,อุบลราชธานี,แรงงานนอกระบบ,คน
5688,6642,2564,ลูกจ้างเอกชน,หญิง,อุบลราชธานี,แรงงานนอกระบบ,คน
3489,6643,2564,การรวมกลุ่ม,หญิง,อุบลราชธานี,แรงงานนอกระบบ,คน
55,6644,2564,นายจ้าง,ชาย,ยโสธร,แรงงานในระบบ,คน
1921,6645,2564,ประกอบธุรกิจส่วนตัว,ชาย,ยโสธร,แรงงานในระบบ,คน
491,6646,2564,ช่วยธุรกิจครัวเรือน,ชาย,ยโสธร,แรงงานในระบบ,คน
11889,6647,2564,ลูกจ้างรัฐบาล,ชาย,ยโสธร,แรงงานในระบบ,คน
8194,6648,2564,ลูกจ้างเอกชน,ชาย,ยโสธร,แรงงานในระบบ,คน
460,6649,2564,ประกอบธุรกิจส่วนตัว,หญิง,ยโสธร,แรงงานในระบบ,คน
1863,6650,2564,ช่วยธุรกิจครัวเรือน,หญิง,ยโสธร,แรงงานในระบบ,คน
11207,6651,2564,ลูกจ้างรัฐบาล,หญิง,ยโสธร,แรงงานในระบบ,คน
6797,6652,2564,ลูกจ้างเอกชน,หญิง,ยโสธร,แรงงานในระบบ,คน
1453,6653,2564,นายจ้าง,ชาย,ยโสธร,แรงงานนอกระบบ,คน
80504,6654,2564,ประกอบธุรกิจส่วนตัว,ชาย,ยโสธร,แรงงานนอกระบบ,คน
36344,6655,2564,ช่วยธุรกิจครัวเรือน,ชาย,ยโสธร,แรงงานนอกระบบ,คน
310,6656,2564,ลูกจ้างรัฐบาล,ชาย,ยโสธร,แรงงานนอกระบบ,คน
3196,6657,2564,ลูกจ้างเอกชน,ชาย,ยโสธร,แรงงานนอกระบบ,คน
315,6658,2564,นายจ้าง,หญิง,ยโสธร,แรงงานนอกระบบ,คน
48158,6659,2564,ประกอบธุรกิจส่วนตัว,หญิง,ยโสธร,แรงงานนอกระบบ,คน
68656,6660,2564,ช่วยธุรกิจครัวเรือน,หญิง,ยโสธร,แรงงานนอกระบบ,คน
63,6661,2564,ลูกจ้างรัฐบาล,หญิง,ยโสธร,แรงงานนอกระบบ,คน
1354,6662,2564,ลูกจ้างเอกชน,หญิง,ยโสธร,แรงงานนอกระบบ,คน
67,6663,2564,การรวมกลุ่ม,หญิง,ยโสธร,แรงงานนอกระบบ,คน
247,6664,2564,นายจ้าง,ชาย,ชัยภูมิ,แรงงานในระบบ,คน
641,6665,2564,ประกอบธุรกิจส่วนตัว,ชาย,ชัยภูมิ,แรงงานในระบบ,คน
163,6666,2564,ช่วยธุรกิจครัวเรือน,ชาย,ชัยภูมิ,แรงงานในระบบ,คน
27260,6667,2564,ลูกจ้างรัฐบาล,ชาย,ชัยภูมิ,แรงงานในระบบ,คน
33383,6668,2564,ลูกจ้างเอกชน,ชาย,ชัยภูมิ,แรงงานในระบบ,คน
32841,6669,2564,ลูกจ้างรัฐบาล,หญิง,ชัยภูมิ,แรงงานในระบบ,คน
24535,6670,2564,ลูกจ้างเอกชน,หญิง,ชัยภูมิ,แรงงานในระบบ,คน
3530,6671,2564,นายจ้าง,ชาย,ชัยภูมิ,แรงงานนอกระบบ,คน
132336,6672,2564,ประกอบธุรกิจส่วนตัว,ชาย,ชัยภูมิ,แรงงานนอกระบบ,คน
42521,6673,2564,ช่วยธุรกิจครัวเรือน,ชาย,ชัยภูมิ,แรงงานนอกระบบ,คน
28572,6674,2564,ลูกจ้างเอกชน,ชาย,ชัยภูมิ,แรงงานนอกระบบ,คน
1159,6675,2564,นายจ้าง,หญิง,ชัยภูมิ,แรงงานนอกระบบ,คน
65921,6676,2564,ประกอบธุรกิจส่วนตัว,หญิง,ชัยภูมิ,แรงงานนอกระบบ,คน
75958,6677,2564,ช่วยธุรกิจครัวเรือน,หญิง,ชัยภูมิ,แรงงานนอกระบบ,คน
649,6678,2564,ลูกจ้างรัฐบาล,หญิง,ชัยภูมิ,แรงงานนอกระบบ,คน
13788,6679,2564,ลูกจ้างเอกชน,หญิง,ชัยภูมิ,แรงงานนอกระบบ,คน
1666,6680,2564,ประกอบธุรกิจส่วนตัว,ชาย,อำนาจเจริญ,แรงงานในระบบ,คน
731,6681,2564,ช่วยธุรกิจครัวเรือน,ชาย,อำนาจเจริญ,แรงงานในระบบ,คน
7070,6682,2564,ลูกจ้างรัฐบาล,ชาย,อำนาจเจริญ,แรงงานในระบบ,คน
7438,6683,2564,ลูกจ้างเอกชน,ชาย,อำนาจเจริญ,แรงงานในระบบ,คน
1659,6684,2564,ประกอบธุรกิจส่วนตัว,หญิง,อำนาจเจริญ,แรงงานในระบบ,คน
628,6685,2564,ช่วยธุรกิจครัวเรือน,หญิง,อำนาจเจริญ,แรงงานในระบบ,คน
7166,6686,2564,ลูกจ้างรัฐบาล,หญิง,อำนาจเจริญ,แรงงานในระบบ,คน
5577,6687,2564,ลูกจ้างเอกชน,หญิง,อำนาจเจริญ,แรงงานในระบบ,คน
433,6688,2564,นายจ้าง,ชาย,อำนาจเจริญ,แรงงานนอกระบบ,คน
39939,6689,2564,ประกอบธุรกิจส่วนตัว,ชาย,อำนาจเจริญ,แรงงานนอกระบบ,คน
11777,6690,2564,ช่วยธุรกิจครัวเรือน,ชาย,อำนาจเจริญ,แรงงานนอกระบบ,คน
1115,6691,2564,ลูกจ้างรัฐบาล,ชาย,อำนาจเจริญ,แรงงานนอกระบบ,คน
3427,6692,2564,ลูกจ้างเอกชน,ชาย,อำนาจเจริญ,แรงงานนอกระบบ,คน
173,6693,2564,การรวมกลุ่ม,ชาย,อำนาจเจริญ,แรงงานนอกระบบ,คน
194,6694,2564,นายจ้าง,หญิง,อำนาจเจริญ,แรงงานนอกระบบ,คน
22735,6695,2564,ประกอบธุรกิจส่วนตัว,หญิง,อำนาจเจริญ,แรงงานนอกระบบ,คน
19764,6696,2564,ช่วยธุรกิจครัวเรือน,หญิง,อำนาจเจริญ,แรงงานนอกระบบ,คน
701,6697,2564,ลูกจ้างรัฐบาล,หญิง,อำนาจเจริญ,แรงงานนอกระบบ,คน
1975,6698,2564,ลูกจ้างเอกชน,หญิง,อำนาจเจริญ,แรงงานนอกระบบ,คน
153,6699,2564,การรวมกลุ่ม,หญิง,อำนาจเจริญ,แรงงานนอกระบบ,คน
57,6700,2564,นายจ้าง,ชาย,บึงกาฬ,แรงงานในระบบ,คน
445,6701,2564,ประกอบธุรกิจส่วนตัว,ชาย,บึงกาฬ,แรงงานในระบบ,คน
119,6702,2564,ช่วยธุรกิจครัวเรือน,ชาย,บึงกาฬ,แรงงานในระบบ,คน
6364,6703,2564,ลูกจ้างรัฐบาล,ชาย,บึงกาฬ,แรงงานในระบบ,คน
7876,6704,2564,ลูกจ้างเอกชน,ชาย,บึงกาฬ,แรงงานในระบบ,คน
239,6705,2564,ประกอบธุรกิจส่วนตัว,หญิง,บึงกาฬ,แรงงานในระบบ,คน
735,6706,2564,ช่วยธุรกิจครัวเรือน,หญิง,บึงกาฬ,แรงงานในระบบ,คน
4143,6707,2564,ลูกจ้างรัฐบาล,หญิง,บึงกาฬ,แรงงานในระบบ,คน
7224,6708,2564,ลูกจ้างเอกชน,หญิง,บึงกาฬ,แรงงานในระบบ,คน
1415,6709,2564,นายจ้าง,ชาย,บึงกาฬ,แรงงานนอกระบบ,คน
44375,6710,2564,ประกอบธุรกิจส่วนตัว,ชาย,บึงกาฬ,แรงงานนอกระบบ,คน
26827,6711,2564,ช่วยธุรกิจครัวเรือน,ชาย,บึงกาฬ,แรงงานนอกระบบ,คน
730,6712,2564,ลูกจ้างรัฐบาล,ชาย,บึงกาฬ,แรงงานนอกระบบ,คน
4662,6713,2564,ลูกจ้างเอกชน,ชาย,บึงกาฬ,แรงงานนอกระบบ,คน
683,6714,2564,นายจ้าง,หญิง,บึงกาฬ,แรงงานนอกระบบ,คน
22626,6715,2564,ประกอบธุรกิจส่วนตัว,หญิง,บึงกาฬ,แรงงานนอกระบบ,คน
42153,6716,2564,ช่วยธุรกิจครัวเรือน,หญิง,บึงกาฬ,แรงงานนอกระบบ,คน
682,6717,2564,ลูกจ้างรัฐบาล,หญิง,บึงกาฬ,แรงงานนอกระบบ,คน
2062,6718,2564,ลูกจ้างเอกชน,หญิง,บึงกาฬ,แรงงานนอกระบบ,คน
367,6719,2564,นายจ้าง,ชาย,หนองบัวลำภู,แรงงานในระบบ,คน
1755,6720,2564,ประกอบธุรกิจส่วนตัว,ชาย,หนองบัวลำภู,แรงงานในระบบ,คน
804,6721,2564,ช่วยธุรกิจครัวเรือน,ชาย,หนองบัวลำภู,แรงงานในระบบ,คน
11790,6722,2564,ลูกจ้างรัฐบาล,ชาย,หนองบัวลำภู,แรงงานในระบบ,คน
14039,6723,2564,ลูกจ้างเอกชน,ชาย,หนองบัวลำภู,แรงงานในระบบ,คน
1880,6724,2564,ประกอบธุรกิจส่วนตัว,หญิง,หนองบัวลำภู,แรงงานในระบบ,คน
1066,6725,2564,ช่วยธุรกิจครัวเรือน,หญิง,หนองบัวลำภู,แรงงานในระบบ,คน
13622,6726,2564,ลูกจ้างรัฐบาล,หญิง,หนองบัวลำภู,แรงงานในระบบ,คน
8457,6727,2564,ลูกจ้างเอกชน,หญิง,หนองบัวลำภู,แรงงานในระบบ,คน
1036,6728,2564,นายจ้าง,ชาย,หนองบัวลำภู,แรงงานนอกระบบ,คน
67084,6729,2564,ประกอบธุรกิจส่วนตัว,ชาย,หนองบัวลำภู,แรงงานนอกระบบ,คน
21487,6730,2564,ช่วยธุรกิจครัวเรือน,ชาย,หนองบัวลำภู,แรงงานนอกระบบ,คน
625,6731,2564,ลูกจ้างรัฐบาล,ชาย,หนองบัวลำภู,แรงงานนอกระบบ,คน
7694,6732,2564,ลูกจ้างเอกชน,ชาย,หนองบัวลำภู,แรงงานนอกระบบ,คน
441,6733,2564,การรวมกลุ่ม,ชาย,หนองบัวลำภู,แรงงานนอกระบบ,คน
33821,6734,2564,ประกอบธุรกิจส่วนตัว,หญิง,หนองบัวลำภู,แรงงานนอกระบบ,คน
32043,6735,2564,ช่วยธุรกิจครัวเรือน,หญิง,หนองบัวลำภู,แรงงานนอกระบบ,คน
868,6736,2564,ลูกจ้างรัฐบาล,หญิง,หนองบัวลำภู,แรงงานนอกระบบ,คน
4308,6737,2564,ลูกจ้างเอกชน,หญิง,หนองบัวลำภู,แรงงานนอกระบบ,คน
2411,6738,2564,นายจ้าง,ชาย,ขอนแก่น,แรงงานในระบบ,คน
4251,6739,2564,ประกอบธุรกิจส่วนตัว,ชาย,ขอนแก่น,แรงงานในระบบ,คน
2855,6740,2564,ช่วยธุรกิจครัวเรือน,ชาย,ขอนแก่น,แรงงานในระบบ,คน
38629,6741,2564,ลูกจ้างรัฐบาล,ชาย,ขอนแก่น,แรงงานในระบบ,คน
111676,6742,2564,ลูกจ้างเอกชน,ชาย,ขอนแก่น,แรงงานในระบบ,คน
688,6743,2564,นายจ้าง,หญิง,ขอนแก่น,แรงงานในระบบ,คน
2980,6744,2564,ประกอบธุรกิจส่วนตัว,หญิง,ขอนแก่น,แรงงานในระบบ,คน
1707,6745,2564,ช่วยธุรกิจครัวเรือน,หญิง,ขอนแก่น,แรงงานในระบบ,คน
36513,6746,2564,ลูกจ้างรัฐบาล,หญิง,ขอนแก่น,แรงงานในระบบ,คน
112431,6747,2564,ลูกจ้างเอกชน,หญิง,ขอนแก่น,แรงงานในระบบ,คน
13374,6748,2564,นายจ้าง,ชาย,ขอนแก่น,แรงงานนอกระบบ,คน
223545,6749,2564,ประกอบธุรกิจส่วนตัว,ชาย,ขอนแก่น,แรงงานนอกระบบ,คน
66164,6750,2564,ช่วยธุรกิจครัวเรือน,ชาย,ขอนแก่น,แรงงานนอกระบบ,คน
13837,6751,2564,ลูกจ้างเอกชน,ชาย,ขอนแก่น,แรงงานนอกระบบ,คน
974,6752,2564,การรวมกลุ่ม,ชาย,ขอนแก่น,แรงงานนอกระบบ,คน
2244,6753,2564,นายจ้าง,หญิง,ขอนแก่น,แรงงานนอกระบบ,คน
126193,6754,2564,ประกอบธุรกิจส่วนตัว,หญิง,ขอนแก่น,แรงงานนอกระบบ,คน
139959,6755,2564,ช่วยธุรกิจครัวเรือน,หญิง,ขอนแก่น,แรงงานนอกระบบ,คน
350,6756,2564,ลูกจ้างรัฐบาล,หญิง,ขอนแก่น,แรงงานนอกระบบ,คน
6076,6757,2564,ลูกจ้างเอกชน,หญิง,ขอนแก่น,แรงงานนอกระบบ,คน
299,6758,2564,การรวมกลุ่ม,หญิง,ขอนแก่น,แรงงานนอกระบบ,คน
473,6759,2564,นายจ้าง,ชาย,อุดรธานี,แรงงานในระบบ,คน
5168,6760,2564,ประกอบธุรกิจส่วนตัว,ชาย,อุดรธานี,แรงงานในระบบ,คน
4472,6761,2564,ช่วยธุรกิจครัวเรือน,ชาย,อุดรธานี,แรงงานในระบบ,คน
19345,6762,2564,ลูกจ้างรัฐบาล,ชาย,อุดรธานี,แรงงานในระบบ,คน
49305,6763,2564,ลูกจ้างเอกชน,ชาย,อุดรธานี,แรงงานในระบบ,คน
1117,6764,2564,นายจ้าง,หญิง,อุดรธานี,แรงงานในระบบ,คน
3249,6765,2564,ประกอบธุรกิจส่วนตัว,หญิง,อุดรธานี,แรงงานในระบบ,คน
3164,6766,2564,ช่วยธุรกิจครัวเรือน,หญิง,อุดรธานี,แรงงานในระบบ,คน
25515,6767,2564,ลูกจ้างรัฐบาล,หญิง,อุดรธานี,แรงงานในระบบ,คน
33315,6768,2564,ลูกจ้างเอกชน,หญิง,อุดรธานี,แรงงานในระบบ,คน
2545,6769,2564,นายจ้าง,ชาย,อุดรธานี,แรงงานนอกระบบ,คน
157472,6770,2564,ประกอบธุรกิจส่วนตัว,ชาย,อุดรธานี,แรงงานนอกระบบ,คน
70910,6771,2564,ช่วยธุรกิจครัวเรือน,ชาย,อุดรธานี,แรงงานนอกระบบ,คน
23597,6772,2564,ลูกจ้างเอกชน,ชาย,อุดรธานี,แรงงานนอกระบบ,คน
842,6773,2564,นายจ้าง,หญิง,อุดรธานี,แรงงานนอกระบบ,คน
87154,6774,2564,ประกอบธุรกิจส่วนตัว,หญิง,อุดรธานี,แรงงานนอกระบบ,คน
117410,6775,2564,ช่วยธุรกิจครัวเรือน,หญิง,อุดรธานี,แรงงานนอกระบบ,คน
1147,6776,2564,ลูกจ้างรัฐบาล,หญิง,อุดรธานี,แรงงานนอกระบบ,คน
11743,6777,2564,ลูกจ้างเอกชน,หญิง,อุดรธานี,แรงงานนอกระบบ,คน
740,6778,2564,การรวมกลุ่ม,หญิง,อุดรธานี,แรงงานนอกระบบ,คน
245,6779,2564,นายจ้าง,ชาย,เลย,แรงงานในระบบ,คน
76,6780,2564,ประกอบธุรกิจส่วนตัว,ชาย,เลย,แรงงานในระบบ,คน
326,6781,2564,ช่วยธุรกิจครัวเรือน,ชาย,เลย,แรงงานในระบบ,คน
9201,6782,2564,ลูกจ้างรัฐบาล,ชาย,เลย,แรงงานในระบบ,คน
10662,6783,2564,ลูกจ้างเอกชน,ชาย,เลย,แรงงานในระบบ,คน
266,6784,2564,ประกอบธุรกิจส่วนตัว,หญิง,เลย,แรงงานในระบบ,คน
81,6785,2564,ช่วยธุรกิจครัวเรือน,หญิง,เลย,แรงงานในระบบ,คน
10313,6786,2564,ลูกจ้างรัฐบาล,หญิง,เลย,แรงงานในระบบ,คน
6109,6787,2564,ลูกจ้างเอกชน,หญิง,เลย,แรงงานในระบบ,คน
1384,6788,2564,นายจ้าง,ชาย,เลย,แรงงานนอกระบบ,คน
84916,6789,2564,ประกอบธุรกิจส่วนตัว,ชาย,เลย,แรงงานนอกระบบ,คน
57888,6790,2564,ช่วยธุรกิจครัวเรือน,ชาย,เลย,แรงงานนอกระบบ,คน
99,6791,2564,ลูกจ้างรัฐบาล,ชาย,เลย,แรงงานนอกระบบ,คน
1776,6792,2564,ลูกจ้างเอกชน,ชาย,เลย,แรงงานนอกระบบ,คน
426,6793,2564,การรวมกลุ่ม,ชาย,เลย,แรงงานนอกระบบ,คน
812,6794,2564,นายจ้าง,หญิง,เลย,แรงงานนอกระบบ,คน
43736,6795,2564,ประกอบธุรกิจส่วนตัว,หญิง,เลย,แรงงานนอกระบบ,คน
75243,6796,2564,ช่วยธุรกิจครัวเรือน,หญิง,เลย,แรงงานนอกระบบ,คน
1327,6797,2564,ลูกจ้างเอกชน,หญิง,เลย,แรงงานนอกระบบ,คน
374,6798,2564,การรวมกลุ่ม,หญิง,เลย,แรงงานนอกระบบ,คน
840,6799,2564,ประกอบธุรกิจส่วนตัว,ชาย,หนองคาย,แรงงานในระบบ,คน
90,6800,2564,ช่วยธุรกิจครัวเรือน,ชาย,หนองคาย,แรงงานในระบบ,คน
13921,6801,2564,ลูกจ้างรัฐบาล,ชาย,หนองคาย,แรงงานในระบบ,คน
15685,6802,2564,ลูกจ้างเอกชน,ชาย,หนองคาย,แรงงานในระบบ,คน
856,6803,2564,ประกอบธุรกิจส่วนตัว,หญิง,หนองคาย,แรงงานในระบบ,คน
601,6804,2564,ช่วยธุรกิจครัวเรือน,หญิง,หนองคาย,แรงงานในระบบ,คน
11408,6805,2564,ลูกจ้างรัฐบาล,หญิง,หนองคาย,แรงงานในระบบ,คน
14865,6806,2564,ลูกจ้างเอกชน,หญิง,หนองคาย,แรงงานในระบบ,คน
2650,6807,2564,นายจ้าง,ชาย,หนองคาย,แรงงานนอกระบบ,คน
45301,6808,2564,ประกอบธุรกิจส่วนตัว,ชาย,หนองคาย,แรงงานนอกระบบ,คน
19631,6809,2564,ช่วยธุรกิจครัวเรือน,ชาย,หนองคาย,แรงงานนอกระบบ,คน
557,6810,2564,ลูกจ้างรัฐบาล,ชาย,หนองคาย,แรงงานนอกระบบ,คน
11929,6811,2564,ลูกจ้างเอกชน,ชาย,หนองคาย,แรงงานนอกระบบ,คน
601,6812,2564,นายจ้าง,หญิง,หนองคาย,แรงงานนอกระบบ,คน
35817,6813,2564,ประกอบธุรกิจส่วนตัว,หญิง,หนองคาย,แรงงานนอกระบบ,คน
26421,6814,2564,ช่วยธุรกิจครัวเรือน,หญิง,หนองคาย,แรงงานนอกระบบ,คน
1257,6815,2564,ลูกจ้างรัฐบาล,หญิง,หนองคาย,แรงงานนอกระบบ,คน
2842,6816,2564,ลูกจ้างเอกชน,หญิง,หนองคาย,แรงงานนอกระบบ,คน
1654,6817,2564,ประกอบธุรกิจส่วนตัว,ชาย,มหาสารคาม,แรงงานในระบบ,คน
924,6818,2564,ช่วยธุรกิจครัวเรือน,ชาย,มหาสารคาม,แรงงานในระบบ,คน
20623,6819,2564,ลูกจ้างรัฐบาล,ชาย,มหาสารคาม,แรงงานในระบบ,คน
31223,6820,2564,ลูกจ้างเอกชน,ชาย,มหาสารคาม,แรงงานในระบบ,คน
68,6821,2564,นายจ้าง,หญิง,มหาสารคาม,แรงงานในระบบ,คน
1457,6822,2564,ประกอบธุรกิจส่วนตัว,หญิง,มหาสารคาม,แรงงานในระบบ,คน
978,6823,2564,ช่วยธุรกิจครัวเรือน,หญิง,มหาสารคาม,แรงงานในระบบ,คน
25974,6824,2564,ลูกจ้างรัฐบาล,หญิง,มหาสารคาม,แรงงานในระบบ,คน
21666,6825,2564,ลูกจ้างเอกชน,หญิง,มหาสารคาม,แรงงานในระบบ,คน
3333,6826,2564,นายจ้าง,ชาย,มหาสารคาม,แรงงานนอกระบบ,คน
122894,6827,2564,ประกอบธุรกิจส่วนตัว,ชาย,มหาสารคาม,แรงงานนอกระบบ,คน
42204,6828,2564,ช่วยธุรกิจครัวเรือน,ชาย,มหาสารคาม,แรงงานนอกระบบ,คน
105,6829,2564,ลูกจ้างรัฐบาล,ชาย,มหาสารคาม,แรงงานนอกระบบ,คน
4710,6830,2564,ลูกจ้างเอกชน,ชาย,มหาสารคาม,แรงงานนอกระบบ,คน
1104,6831,2564,นายจ้าง,หญิง,มหาสารคาม,แรงงานนอกระบบ,คน
58237,6832,2564,ประกอบธุรกิจส่วนตัว,หญิง,มหาสารคาม,แรงงานนอกระบบ,คน
74975,6833,2564,ช่วยธุรกิจครัวเรือน,หญิง,มหาสารคาม,แรงงานนอกระบบ,คน
708,6834,2564,ลูกจ้างรัฐบาล,หญิง,มหาสารคาม,แรงงานนอกระบบ,คน
3336,6835,2564,ลูกจ้างเอกชน,หญิง,มหาสารคาม,แรงงานนอกระบบ,คน
484,6836,2564,นายจ้าง,ชาย,ร้อยเอ็ด,แรงงานในระบบ,คน
840,6837,2564,ประกอบธุรกิจส่วนตัว,ชาย,ร้อยเอ็ด,แรงงานในระบบ,คน
545,6838,2564,ช่วยธุรกิจครัวเรือน,ชาย,ร้อยเอ็ด,แรงงานในระบบ,คน
24636,6839,2564,ลูกจ้างรัฐบาล,ชาย,ร้อยเอ็ด,แรงงานในระบบ,คน
32808,6840,2564,ลูกจ้างเอกชน,ชาย,ร้อยเอ็ด,แรงงานในระบบ,คน
825,6841,2564,ประกอบธุรกิจส่วนตัว,หญิง,ร้อยเอ็ด,แรงงานในระบบ,คน
643,6842,2564,ช่วยธุรกิจครัวเรือน,หญิง,ร้อยเอ็ด,แรงงานในระบบ,คน
21459,6843,2564,ลูกจ้างรัฐบาล,หญิง,ร้อยเอ็ด,แรงงานในระบบ,คน
24022,6844,2564,ลูกจ้างเอกชน,หญิง,ร้อยเอ็ด,แรงงานในระบบ,คน
3646,6845,2564,นายจ้าง,ชาย,ร้อยเอ็ด,แรงงานนอกระบบ,คน
161148,6846,2564,ประกอบธุรกิจส่วนตัว,ชาย,ร้อยเอ็ด,แรงงานนอกระบบ,คน
53954,6847,2564,ช่วยธุรกิจครัวเรือน,ชาย,ร้อยเอ็ด,แรงงานนอกระบบ,คน
1693,6848,2564,ลูกจ้างรัฐบาล,ชาย,ร้อยเอ็ด,แรงงานนอกระบบ,คน
23642,6849,2564,ลูกจ้างเอกชน,ชาย,ร้อยเอ็ด,แรงงานนอกระบบ,คน
216,6850,2564,การรวมกลุ่ม,ชาย,ร้อยเอ็ด,แรงงานนอกระบบ,คน
1724,6851,2564,นายจ้าง,หญิง,ร้อยเอ็ด,แรงงานนอกระบบ,คน
115486,6852,2564,ประกอบธุรกิจส่วนตัว,หญิง,ร้อยเอ็ด,แรงงานนอกระบบ,คน
93497,6853,2564,ช่วยธุรกิจครัวเรือน,หญิง,ร้อยเอ็ด,แรงงานนอกระบบ,คน
1360,6854,2564,ลูกจ้างรัฐบาล,หญิง,ร้อยเอ็ด,แรงงานนอกระบบ,คน
7455,6855,2564,ลูกจ้างเอกชน,หญิง,ร้อยเอ็ด,แรงงานนอกระบบ,คน
609,6856,2564,การรวมกลุ่ม,หญิง,ร้อยเอ็ด,แรงงานนอกระบบ,คน
609,6857,2564,ประกอบธุรกิจส่วนตัว,ชาย,กาฬสินธุ์,แรงงานในระบบ,คน
772,6858,2564,ช่วยธุรกิจครัวเรือน,ชาย,กาฬสินธุ์,แรงงานในระบบ,คน
20142,6859,2564,ลูกจ้างรัฐบาล,ชาย,กาฬสินธุ์,แรงงานในระบบ,คน
17736,6860,2564,ลูกจ้างเอกชน,ชาย,กาฬสินธุ์,แรงงานในระบบ,คน
474,6861,2564,ประกอบธุรกิจส่วนตัว,หญิง,กาฬสินธุ์,แรงงานในระบบ,คน
554,6862,2564,ช่วยธุรกิจครัวเรือน,หญิง,กาฬสินธุ์,แรงงานในระบบ,คน
21646,6863,2564,ลูกจ้างรัฐบาล,หญิง,กาฬสินธุ์,แรงงานในระบบ,คน
18385,6864,2564,ลูกจ้างเอกชน,หญิง,กาฬสินธุ์,แรงงานในระบบ,คน
204,6865,2564,นายจ้าง,ชาย,กาฬสินธุ์,แรงงานนอกระบบ,คน
133868,6866,2564,ประกอบธุรกิจส่วนตัว,ชาย,กาฬสินธุ์,แรงงานนอกระบบ,คน
47155,6867,2564,ช่วยธุรกิจครัวเรือน,ชาย,กาฬสินธุ์,แรงงานนอกระบบ,คน
672,6868,2564,ลูกจ้างรัฐบาล,ชาย,กาฬสินธุ์,แรงงานนอกระบบ,คน
3367,6869,2564,ลูกจ้างเอกชน,ชาย,กาฬสินธุ์,แรงงานนอกระบบ,คน
1789,6870,2564,การรวมกลุ่ม,ชาย,กาฬสินธุ์,แรงงานนอกระบบ,คน
1449,6871,2564,นายจ้าง,หญิง,กาฬสินธุ์,แรงงานนอกระบบ,คน
58047,6872,2564,ประกอบธุรกิจส่วนตัว,หญิง,กาฬสินธุ์,แรงงานนอกระบบ,คน
78018,6873,2564,ช่วยธุรกิจครัวเรือน,หญิง,กาฬสินธุ์,แรงงานนอกระบบ,คน
452,6874,2564,ลูกจ้างรัฐบาล,หญิง,กาฬสินธุ์,แรงงานนอกระบบ,คน
684,6875,2564,ลูกจ้างเอกชน,หญิง,กาฬสินธุ์,แรงงานนอกระบบ,คน
621,6876,2564,การรวมกลุ่ม,หญิง,กาฬสินธุ์,แรงงานนอกระบบ,คน
408,6877,2564,นายจ้าง,ชาย,สกลนคร,แรงงานในระบบ,คน
374,6878,2564,ประกอบธุรกิจส่วนตัว,ชาย,สกลนคร,แรงงานในระบบ,คน
1127,6879,2564,ช่วยธุรกิจครัวเรือน,ชาย,สกลนคร,แรงงานในระบบ,คน
16855,6880,2564,ลูกจ้างรัฐบาล,ชาย,สกลนคร,แรงงานในระบบ,คน
23568,6881,2564,ลูกจ้างเอกชน,ชาย,สกลนคร,แรงงานในระบบ,คน
729,6882,2564,ประกอบธุรกิจส่วนตัว,หญิง,สกลนคร,แรงงานในระบบ,คน
17306,6883,2564,ลูกจ้างรัฐบาล,หญิง,สกลนคร,แรงงานในระบบ,คน
16957,6884,2564,ลูกจ้างเอกชน,หญิง,สกลนคร,แรงงานในระบบ,คน
2416,6885,2564,นายจ้าง,ชาย,สกลนคร,แรงงานนอกระบบ,คน
123124,6886,2564,ประกอบธุรกิจส่วนตัว,ชาย,สกลนคร,แรงงานนอกระบบ,คน
52139,6887,2564,ช่วยธุรกิจครัวเรือน,ชาย,สกลนคร,แรงงานนอกระบบ,คน
790,6888,2564,ลูกจ้างรัฐบาล,ชาย,สกลนคร,แรงงานนอกระบบ,คน
13390,6889,2564,ลูกจ้างเอกชน,ชาย,สกลนคร,แรงงานนอกระบบ,คน
828,6890,2564,นายจ้าง,หญิง,สกลนคร,แรงงานนอกระบบ,คน
65844,6891,2564,ประกอบธุรกิจส่วนตัว,หญิง,สกลนคร,แรงงานนอกระบบ,คน
83618,6892,2564,ช่วยธุรกิจครัวเรือน,หญิง,สกลนคร,แรงงานนอกระบบ,คน
411,6893,2564,ลูกจ้างรัฐบาล,หญิง,สกลนคร,แรงงานนอกระบบ,คน
6104,6894,2564,ลูกจ้างเอกชน,หญิง,สกลนคร,แรงงานนอกระบบ,คน
35,6895,2564,นายจ้าง,ชาย,นครพนม,แรงงานในระบบ,คน
1055,6896,2564,ประกอบธุรกิจส่วนตัว,ชาย,นครพนม,แรงงานในระบบ,คน
373,6897,2564,ช่วยธุรกิจครัวเรือน,ชาย,นครพนม,แรงงานในระบบ,คน
16504,6898,2564,ลูกจ้างรัฐบาล,ชาย,นครพนม,แรงงานในระบบ,คน
13591,6899,2564,ลูกจ้างเอกชน,ชาย,นครพนม,แรงงานในระบบ,คน
843,6900,2564,ประกอบธุรกิจส่วนตัว,หญิง,นครพนม,แรงงานในระบบ,คน
1321,6901,2564,ช่วยธุรกิจครัวเรือน,หญิง,นครพนม,แรงงานในระบบ,คน
19445,6902,2564,ลูกจ้างรัฐบาล,หญิง,นครพนม,แรงงานในระบบ,คน
9092,6903,2564,ลูกจ้างเอกชน,หญิง,นครพนม,แรงงานในระบบ,คน
2299,6904,2564,นายจ้าง,ชาย,นครพนม,แรงงานนอกระบบ,คน
81634,6905,2564,ประกอบธุรกิจส่วนตัว,ชาย,นครพนม,แรงงานนอกระบบ,คน
29366,6906,2564,ช่วยธุรกิจครัวเรือน,ชาย,นครพนม,แรงงานนอกระบบ,คน
993,6907,2564,ลูกจ้างรัฐบาล,ชาย,นครพนม,แรงงานนอกระบบ,คน
8258,6908,2564,ลูกจ้างเอกชน,ชาย,นครพนม,แรงงานนอกระบบ,คน
386,6909,2564,นายจ้าง,หญิง,นครพนม,แรงงานนอกระบบ,คน
46895,6910,2564,ประกอบธุรกิจส่วนตัว,หญิง,นครพนม,แรงงานนอกระบบ,คน
49957,6911,2564,ช่วยธุรกิจครัวเรือน,หญิง,นครพนม,แรงงานนอกระบบ,คน
1686,6912,2564,ลูกจ้างรัฐบาล,หญิง,นครพนม,แรงงานนอกระบบ,คน
3308,6913,2564,ลูกจ้างเอกชน,หญิง,นครพนม,แรงงานนอกระบบ,คน
98,6914,2564,นายจ้าง,ชาย,มุกดาหาร,แรงงานในระบบ,คน
549,6915,2564,ประกอบธุรกิจส่วนตัว,ชาย,มุกดาหาร,แรงงานในระบบ,คน
183,6916,2564,ช่วยธุรกิจครัวเรือน,ชาย,มุกดาหาร,แรงงานในระบบ,คน
10455,6917,2564,ลูกจ้างรัฐบาล,ชาย,มุกดาหาร,แรงงานในระบบ,คน
8644,6918,2564,ลูกจ้างเอกชน,ชาย,มุกดาหาร,แรงงานในระบบ,คน
1539,6919,2564,ประกอบธุรกิจส่วนตัว,หญิง,มุกดาหาร,แรงงานในระบบ,คน
31,6920,2564,ช่วยธุรกิจครัวเรือน,หญิง,มุกดาหาร,แรงงานในระบบ,คน
11267,6921,2564,ลูกจ้างรัฐบาล,หญิง,มุกดาหาร,แรงงานในระบบ,คน
6833,6922,2564,ลูกจ้างเอกชน,หญิง,มุกดาหาร,แรงงานในระบบ,คน
1016,6923,2564,นายจ้าง,ชาย,มุกดาหาร,แรงงานนอกระบบ,คน
54958,6924,2564,ประกอบธุรกิจส่วนตัว,ชาย,มุกดาหาร,แรงงานนอกระบบ,คน
26478,6925,2564,ช่วยธุรกิจครัวเรือน,ชาย,มุกดาหาร,แรงงานนอกระบบ,คน
496,6926,2564,ลูกจ้างรัฐบาล,ชาย,มุกดาหาร,แรงงานนอกระบบ,คน
644,6927,2564,ลูกจ้างเอกชน,ชาย,มุกดาหาร,แรงงานนอกระบบ,คน
339,6928,2564,นายจ้าง,หญิง,มุกดาหาร,แรงงานนอกระบบ,คน
34958,6929,2564,ประกอบธุรกิจส่วนตัว,หญิง,มุกดาหาร,แรงงานนอกระบบ,คน
36536,6930,2564,ช่วยธุรกิจครัวเรือน,หญิง,มุกดาหาร,แรงงานนอกระบบ,คน
506,6931,2564,ลูกจ้างรัฐบาล,หญิง,มุกดาหาร,แรงงานนอกระบบ,คน
470,6932,2564,ลูกจ้างเอกชน,หญิง,มุกดาหาร,แรงงานนอกระบบ,คน
69,6933,2564,การรวมกลุ่ม,หญิง,มุกดาหาร,แรงงานนอกระบบ,คน
1481,6934,2565,นายจ้าง,ชาย,นครราชสีมา,แรงงานในระบบ,คน
18757,6935,2565,ประกอบธุรกิจส่วนตัว,ชาย,นครราชสีมา,แรงงานในระบบ,คน
10240,6936,2565,ช่วยธุรกิจครัวเรือน,ชาย,นครราชสีมา,แรงงานในระบบ,คน
49599,6937,2565,ลูกจ้างรัฐบาล,ชาย,นครราชสีมา,แรงงานในระบบ,คน
170997,6938,2565,ลูกจ้างเอกชน,ชาย,นครราชสีมา,แรงงานในระบบ,คน
1309,6939,2565,นายจ้าง,หญิง,นครราชสีมา,แรงงานในระบบ,คน
25496,6940,2565,ประกอบธุรกิจส่วนตัว,หญิง,นครราชสีมา,แรงงานในระบบ,คน
13544,6941,2565,ช่วยธุรกิจครัวเรือน,หญิง,นครราชสีมา,แรงงานในระบบ,คน
78775,6942,2565,ลูกจ้างรัฐบาล,หญิง,นครราชสีมา,แรงงานในระบบ,คน
150091,6943,2565,ลูกจ้างเอกชน,หญิง,นครราชสีมา,แรงงานในระบบ,คน
7853,6944,2565,นายจ้าง,ชาย,นครราชสีมา,แรงงานนอกระบบ,คน
272834,6945,2565,ประกอบธุรกิจส่วนตัว,ชาย,นครราชสีมา,แรงงานนอกระบบ,คน
105105,6946,2565,ช่วยธุรกิจครัวเรือน,ชาย,นครราชสีมา,แรงงานนอกระบบ,คน
68087,6947,2565,ลูกจ้างเอกชน,ชาย,นครราชสีมา,แรงงานนอกระบบ,คน
5940,6948,2565,นายจ้าง,หญิง,นครราชสีมา,แรงงานนอกระบบ,คน
149321,6949,2565,ประกอบธุรกิจส่วนตัว,หญิง,นครราชสีมา,แรงงานนอกระบบ,คน
118269,6950,2565,ช่วยธุรกิจครัวเรือน,หญิง,นครราชสีมา,แรงงานนอกระบบ,คน
2969,6951,2565,ลูกจ้างรัฐบาล,หญิง,นครราชสีมา,แรงงานนอกระบบ,คน
19171,6952,2565,ลูกจ้างเอกชน,หญิง,นครราชสีมา,แรงงานนอกระบบ,คน
353,6953,2565,นายจ้าง,ชาย,บุรีรัมย์,แรงงานในระบบ,คน
4652,6954,2565,ประกอบธุรกิจส่วนตัว,ชาย,บุรีรัมย์,แรงงานในระบบ,คน
399,6955,2565,ช่วยธุรกิจครัวเรือน,ชาย,บุรีรัมย์,แรงงานในระบบ,คน
27811,6956,2565,ลูกจ้างรัฐบาล,ชาย,บุรีรัมย์,แรงงานในระบบ,คน
58954,6957,2565,ลูกจ้างเอกชน,ชาย,บุรีรัมย์,แรงงานในระบบ,คน
3986,6958,2565,ประกอบธุรกิจส่วนตัว,หญิง,บุรีรัมย์,แรงงานในระบบ,คน
1998,6959,2565,ช่วยธุรกิจครัวเรือน,หญิง,บุรีรัมย์,แรงงานในระบบ,คน
46230,6960,2565,ลูกจ้างรัฐบาล,หญิง,บุรีรัมย์,แรงงานในระบบ,คน
40552,6961,2565,ลูกจ้างเอกชน,หญิง,บุรีรัมย์,แรงงานในระบบ,คน
3084,6962,2565,นายจ้าง,ชาย,บุรีรัมย์,แรงงานนอกระบบ,คน
180784,6963,2565,ประกอบธุรกิจส่วนตัว,ชาย,บุรีรัมย์,แรงงานนอกระบบ,คน
59152,6964,2565,ช่วยธุรกิจครัวเรือน,ชาย,บุรีรัมย์,แรงงานนอกระบบ,คน
571,6965,2565,ลูกจ้างรัฐบาล,ชาย,บุรีรัมย์,แรงงานนอกระบบ,คน
30123,6966,2565,ลูกจ้างเอกชน,ชาย,บุรีรัมย์,แรงงานนอกระบบ,คน
662,6967,2565,นายจ้าง,หญิง,บุรีรัมย์,แรงงานนอกระบบ,คน
123274,6968,2565,ประกอบธุรกิจส่วนตัว,หญิง,บุรีรัมย์,แรงงานนอกระบบ,คน
88221,6969,2565,ช่วยธุรกิจครัวเรือน,หญิง,บุรีรัมย์,แรงงานนอกระบบ,คน
205,6970,2565,ลูกจ้างรัฐบาล,หญิง,บุรีรัมย์,แรงงานนอกระบบ,คน
3704,6971,2565,ลูกจ้างเอกชน,หญิง,บุรีรัมย์,แรงงานนอกระบบ,คน
346,6972,2565,นายจ้าง,ชาย,สุรินทร์,แรงงานในระบบ,คน
4262,6973,2565,ประกอบธุรกิจส่วนตัว,ชาย,สุรินทร์,แรงงานในระบบ,คน
356,6974,2565,ช่วยธุรกิจครัวเรือน,ชาย,สุรินทร์,แรงงานในระบบ,คน
18292,6975,2565,ลูกจ้างรัฐบาล,ชาย,สุรินทร์,แรงงานในระบบ,คน
29139,6976,2565,ลูกจ้างเอกชน,ชาย,สุรินทร์,แรงงานในระบบ,คน
2575,6977,2565,ประกอบธุรกิจส่วนตัว,หญิง,สุรินทร์,แรงงานในระบบ,คน
1960,6978,2565,ช่วยธุรกิจครัวเรือน,หญิง,สุรินทร์,แรงงานในระบบ,คน
23974,6979,2565,ลูกจ้างรัฐบาล,หญิง,สุรินทร์,แรงงานในระบบ,คน
29970,6980,2565,ลูกจ้างเอกชน,หญิง,สุรินทร์,แรงงานในระบบ,คน
5703,6981,2565,นายจ้าง,ชาย,สุรินทร์,แรงงานนอกระบบ,คน
179314,6982,2565,ประกอบธุรกิจส่วนตัว,ชาย,สุรินทร์,แรงงานนอกระบบ,คน
35425,6983,2565,ช่วยธุรกิจครัวเรือน,ชาย,สุรินทร์,แรงงานนอกระบบ,คน
1042,6984,2565,ลูกจ้างรัฐบาล,ชาย,สุรินทร์,แรงงานนอกระบบ,คน
12163,6985,2565,ลูกจ้างเอกชน,ชาย,สุรินทร์,แรงงานนอกระบบ,คน
387,6986,2565,การรวมกลุ่ม,ชาย,สุรินทร์,แรงงานนอกระบบ,คน
1375,6987,2565,นายจ้าง,หญิง,สุรินทร์,แรงงานนอกระบบ,คน
113122,6988,2565,ประกอบธุรกิจส่วนตัว,หญิง,สุรินทร์,แรงงานนอกระบบ,คน
65232,6989,2565,ช่วยธุรกิจครัวเรือน,หญิง,สุรินทร์,แรงงานนอกระบบ,คน
5228,6990,2565,ลูกจ้างรัฐบาล,หญิง,สุรินทร์,แรงงานนอกระบบ,คน
7575,6991,2565,ลูกจ้างเอกชน,หญิง,สุรินทร์,แรงงานนอกระบบ,คน
796,6992,2565,การรวมกลุ่ม,หญิง,สุรินทร์,แรงงานนอกระบบ,คน
95,6993,2565,นายจ้าง,ชาย,ศรีสะเกษ,แรงงานในระบบ,คน
204,6994,2565,ประกอบธุรกิจส่วนตัว,ชาย,ศรีสะเกษ,แรงงานในระบบ,คน
95,6995,2565,ช่วยธุรกิจครัวเรือน,ชาย,ศรีสะเกษ,แรงงานในระบบ,คน
19624,6996,2565,ลูกจ้างรัฐบาล,ชาย,ศรีสะเกษ,แรงงานในระบบ,คน
18728,6997,2565,ลูกจ้างเอกชน,ชาย,ศรีสะเกษ,แรงงานในระบบ,คน
294,6998,2565,ประกอบธุรกิจส่วนตัว,หญิง,ศรีสะเกษ,แรงงานในระบบ,คน
195,6999,2565,ช่วยธุรกิจครัวเรือน,หญิง,ศรีสะเกษ,แรงงานในระบบ,คน
19580,7000,2565,ลูกจ้างรัฐบาล,หญิง,ศรีสะเกษ,แรงงานในระบบ,คน
16516,7001,2565,ลูกจ้างเอกชน,หญิง,ศรีสะเกษ,แรงงานในระบบ,คน
2135,7002,2565,นายจ้าง,ชาย,ศรีสะเกษ,แรงงานนอกระบบ,คน
139345,7003,2565,ประกอบธุรกิจส่วนตัว,ชาย,ศรีสะเกษ,แรงงานนอกระบบ,คน
93038,7004,2565,ช่วยธุรกิจครัวเรือน,ชาย,ศรีสะเกษ,แรงงานนอกระบบ,คน
1090,7005,2565,ลูกจ้างรัฐบาล,ชาย,ศรีสะเกษ,แรงงานนอกระบบ,คน
17631,7006,2565,ลูกจ้างเอกชน,ชาย,ศรีสะเกษ,แรงงานนอกระบบ,คน
125763,7007,2565,ประกอบธุรกิจส่วนตัว,หญิง,ศรีสะเกษ,แรงงานนอกระบบ,คน
97035,7008,2565,ช่วยธุรกิจครัวเรือน,หญิง,ศรีสะเกษ,แรงงานนอกระบบ,คน
2513,7009,2565,ลูกจ้างรัฐบาล,หญิง,ศรีสะเกษ,แรงงานนอกระบบ,คน
2331,7010,2565,ลูกจ้างเอกชน,หญิง,ศรีสะเกษ,แรงงานนอกระบบ,คน
762,7011,2565,นายจ้าง,ชาย,อุบลราชธานี,แรงงานในระบบ,คน
1079,7012,2565,ประกอบธุรกิจส่วนตัว,ชาย,อุบลราชธานี,แรงงานในระบบ,คน
35304,7013,2565,ลูกจ้างรัฐบาล,ชาย,อุบลราชธานี,แรงงานในระบบ,คน
48981,7014,2565,ลูกจ้างเอกชน,ชาย,อุบลราชธานี,แรงงานในระบบ,คน
867,7015,2565,ประกอบธุรกิจส่วนตัว,หญิง,อุบลราชธานี,แรงงานในระบบ,คน
165,7016,2565,ช่วยธุรกิจครัวเรือน,หญิง,อุบลราชธานี,แรงงานในระบบ,คน
36606,7017,2565,ลูกจ้างรัฐบาล,หญิง,อุบลราชธานี,แรงงานในระบบ,คน
35939,7018,2565,ลูกจ้างเอกชน,หญิง,อุบลราชธานี,แรงงานในระบบ,คน
5275,7019,2565,นายจ้าง,ชาย,อุบลราชธานี,แรงงานนอกระบบ,คน
285930,7020,2565,ประกอบธุรกิจส่วนตัว,ชาย,อุบลราชธานี,แรงงานนอกระบบ,คน
78650,7021,2565,ช่วยธุรกิจครัวเรือน,ชาย,อุบลราชธานี,แรงงานนอกระบบ,คน
1484,7022,2565,ลูกจ้างรัฐบาล,ชาย,อุบลราชธานี,แรงงานนอกระบบ,คน
15955,7023,2565,ลูกจ้างเอกชน,ชาย,อุบลราชธานี,แรงงานนอกระบบ,คน
21639,7024,2565,การรวมกลุ่ม,ชาย,อุบลราชธานี,แรงงานนอกระบบ,คน
1906,7025,2565,นายจ้าง,หญิง,อุบลราชธานี,แรงงานนอกระบบ,คน
111156,7026,2565,ประกอบธุรกิจส่วนตัว,หญิง,อุบลราชธานี,แรงงานนอกระบบ,คน
168392,7027,2565,ช่วยธุรกิจครัวเรือน,หญิง,อุบลราชธานี,แรงงานนอกระบบ,คน
1769,7028,2565,ลูกจ้างรัฐบาล,หญิง,อุบลราชธานี,แรงงานนอกระบบ,คน
4137,7029,2565,ลูกจ้างเอกชน,หญิง,อุบลราชธานี,แรงงานนอกระบบ,คน
2828,7030,2565,การรวมกลุ่ม,หญิง,อุบลราชธานี,แรงงานนอกระบบ,คน
214,7031,2565,นายจ้าง,ชาย,ยโสธร,แรงงานในระบบ,คน
55,7032,2565,ประกอบธุรกิจส่วนตัว,ชาย,ยโสธร,แรงงานในระบบ,คน
9398,7033,2565,ลูกจ้างรัฐบาล,ชาย,ยโสธร,แรงงานในระบบ,คน
9962,7034,2565,ลูกจ้างเอกชน,ชาย,ยโสธร,แรงงานในระบบ,คน
64,7035,2565,นายจ้าง,หญิง,ยโสธร,แรงงานในระบบ,คน
202,7036,2565,ช่วยธุรกิจครัวเรือน,หญิง,ยโสธร,แรงงานในระบบ,คน
12965,7037,2565,ลูกจ้างรัฐบาล,หญิง,ยโสธร,แรงงานในระบบ,คน
5347,7038,2565,ลูกจ้างเอกชน,หญิง,ยโสธร,แรงงานในระบบ,คน
1156,7039,2565,นายจ้าง,ชาย,ยโสธร,แรงงานนอกระบบ,คน
85491,7040,2565,ประกอบธุรกิจส่วนตัว,ชาย,ยโสธร,แรงงานนอกระบบ,คน
32800,7041,2565,ช่วยธุรกิจครัวเรือน,ชาย,ยโสธร,แรงงานนอกระบบ,คน
1486,7042,2565,ลูกจ้างเอกชน,ชาย,ยโสธร,แรงงานนอกระบบ,คน
567,7043,2565,นายจ้าง,หญิง,ยโสธร,แรงงานนอกระบบ,คน
48042,7044,2565,ประกอบธุรกิจส่วนตัว,หญิง,ยโสธร,แรงงานนอกระบบ,คน
71734,7045,2565,ช่วยธุรกิจครัวเรือน,หญิง,ยโสธร,แรงงานนอกระบบ,คน
191,7046,2565,ลูกจ้างรัฐบาล,หญิง,ยโสธร,แรงงานนอกระบบ,คน
558,7047,2565,ลูกจ้างเอกชน,หญิง,ยโสธร,แรงงานนอกระบบ,คน
1144,7048,2565,ประกอบธุรกิจส่วนตัว,ชาย,ชัยภูมิ,แรงงานในระบบ,คน
21206,7049,2565,ลูกจ้างรัฐบาล,ชาย,ชัยภูมิ,แรงงานในระบบ,คน
30585,7050,2565,ลูกจ้างเอกชน,ชาย,ชัยภูมิ,แรงงานในระบบ,คน
488,7051,2565,ประกอบธุรกิจส่วนตัว,หญิง,ชัยภูมิ,แรงงานในระบบ,คน
1351,7052,2565,ช่วยธุรกิจครัวเรือน,หญิง,ชัยภูมิ,แรงงานในระบบ,คน
25218,7053,2565,ลูกจ้างรัฐบาล,หญิง,ชัยภูมิ,แรงงานในระบบ,คน
27538,7054,2565,ลูกจ้างเอกชน,หญิง,ชัยภูมิ,แรงงานในระบบ,คน
3665,7055,2565,นายจ้าง,ชาย,ชัยภูมิ,แรงงานนอกระบบ,คน
112821,7056,2565,ประกอบธุรกิจส่วนตัว,ชาย,ชัยภูมิ,แรงงานนอกระบบ,คน
47086,7057,2565,ช่วยธุรกิจครัวเรือน,ชาย,ชัยภูมิ,แรงงานนอกระบบ,คน
1231,7058,2565,ลูกจ้างรัฐบาล,ชาย,ชัยภูมิ,แรงงานนอกระบบ,คน
49481,7059,2565,ลูกจ้างเอกชน,ชาย,ชัยภูมิ,แรงงานนอกระบบ,คน
284,7060,2565,การรวมกลุ่ม,ชาย,ชัยภูมิ,แรงงานนอกระบบ,คน
380,7061,2565,นายจ้าง,หญิง,ชัยภูมิ,แรงงานนอกระบบ,คน
90234,7062,2565,ประกอบธุรกิจส่วนตัว,หญิง,ชัยภูมิ,แรงงานนอกระบบ,คน
78791,7063,2565,ช่วยธุรกิจครัวเรือน,หญิง,ชัยภูมิ,แรงงานนอกระบบ,คน
1100,7064,2565,ลูกจ้างรัฐบาล,หญิง,ชัยภูมิ,แรงงานนอกระบบ,คน
18069,7065,2565,ลูกจ้างเอกชน,หญิง,ชัยภูมิ,แรงงานนอกระบบ,คน
461,7066,2565,การรวมกลุ่ม,หญิง,ชัยภูมิ,แรงงานนอกระบบ,คน
375,7067,2565,ประกอบธุรกิจส่วนตัว,ชาย,อำนาจเจริญ,แรงงานในระบบ,คน
295,7068,2565,ช่วยธุรกิจครัวเรือน,ชาย,อำนาจเจริญ,แรงงานในระบบ,คน
8990,7069,2565,ลูกจ้างรัฐบาล,ชาย,อำนาจเจริญ,แรงงานในระบบ,คน
6326,7070,2565,ลูกจ้างเอกชน,ชาย,อำนาจเจริญ,แรงงานในระบบ,คน
787,7071,2565,ประกอบธุรกิจส่วนตัว,หญิง,อำนาจเจริญ,แรงงานในระบบ,คน
422,7072,2565,ช่วยธุรกิจครัวเรือน,หญิง,อำนาจเจริญ,แรงงานในระบบ,คน
7732,7073,2565,ลูกจ้างรัฐบาล,หญิง,อำนาจเจริญ,แรงงานในระบบ,คน
6013,7074,2565,ลูกจ้างเอกชน,หญิง,อำนาจเจริญ,แรงงานในระบบ,คน
718,7075,2565,นายจ้าง,ชาย,อำนาจเจริญ,แรงงานนอกระบบ,คน
41735,7076,2565,ประกอบธุรกิจส่วนตัว,ชาย,อำนาจเจริญ,แรงงานนอกระบบ,คน
13223,7077,2565,ช่วยธุรกิจครัวเรือน,ชาย,อำนาจเจริญ,แรงงานนอกระบบ,คน
690,7078,2565,ลูกจ้างรัฐบาล,ชาย,อำนาจเจริญ,แรงงานนอกระบบ,คน
4706,7079,2565,ลูกจ้างเอกชน,ชาย,อำนาจเจริญ,แรงงานนอกระบบ,คน
630,7080,2565,นายจ้าง,หญิง,อำนาจเจริญ,แรงงานนอกระบบ,คน
25348,7081,2565,ประกอบธุรกิจส่วนตัว,หญิง,อำนาจเจริญ,แรงงานนอกระบบ,คน
16981,7082,2565,ช่วยธุรกิจครัวเรือน,หญิง,อำนาจเจริญ,แรงงานนอกระบบ,คน
794,7083,2565,ลูกจ้างรัฐบาล,หญิง,อำนาจเจริญ,แรงงานนอกระบบ,คน
2168,7084,2565,ลูกจ้างเอกชน,หญิง,อำนาจเจริญ,แรงงานนอกระบบ,คน
49,7085,2565,การรวมกลุ่ม,หญิง,อำนาจเจริญ,แรงงานนอกระบบ,คน
63,7086,2565,นายจ้าง,ชาย,บึงกาฬ,แรงงานในระบบ,คน
803,7087,2565,ประกอบธุรกิจส่วนตัว,ชาย,บึงกาฬ,แรงงานในระบบ,คน
555,7088,2565,ช่วยธุรกิจครัวเรือน,ชาย,บึงกาฬ,แรงงานในระบบ,คน
4780,7089,2565,ลูกจ้างรัฐบาล,ชาย,บึงกาฬ,แรงงานในระบบ,คน
5986,7090,2565,ลูกจ้างเอกชน,ชาย,บึงกาฬ,แรงงานในระบบ,คน
454,7091,2565,ประกอบธุรกิจส่วนตัว,หญิง,บึงกาฬ,แรงงานในระบบ,คน
757,7092,2565,ช่วยธุรกิจครัวเรือน,หญิง,บึงกาฬ,แรงงานในระบบ,คน
7597,7093,2565,ลูกจ้างรัฐบาล,หญิง,บึงกาฬ,แรงงานในระบบ,คน
6840,7094,2565,ลูกจ้างเอกชน,หญิง,บึงกาฬ,แรงงานในระบบ,คน
786,7095,2565,นายจ้าง,ชาย,บึงกาฬ,แรงงานนอกระบบ,คน
53144,7096,2565,ประกอบธุรกิจส่วนตัว,ชาย,บึงกาฬ,แรงงานนอกระบบ,คน
34589,7097,2565,ช่วยธุรกิจครัวเรือน,ชาย,บึงกาฬ,แรงงานนอกระบบ,คน
3022,7098,2565,ลูกจ้างเอกชน,ชาย,บึงกาฬ,แรงงานนอกระบบ,คน
943,7099,2565,นายจ้าง,หญิง,บึงกาฬ,แรงงานนอกระบบ,คน
28339,7100,2565,ประกอบธุรกิจส่วนตัว,หญิง,บึงกาฬ,แรงงานนอกระบบ,คน
49220,7101,2565,ช่วยธุรกิจครัวเรือน,หญิง,บึงกาฬ,แรงงานนอกระบบ,คน
189,7102,2565,ลูกจ้างรัฐบาล,หญิง,บึงกาฬ,แรงงานนอกระบบ,คน
1352,7103,2565,ลูกจ้างเอกชน,หญิง,บึงกาฬ,แรงงานนอกระบบ,คน
1496,7104,2565,ประกอบธุรกิจส่วนตัว,ชาย,หนองบัวลำภู,แรงงานในระบบ,คน
252,7105,2565,ช่วยธุรกิจครัวเรือน,ชาย,หนองบัวลำภู,แรงงานในระบบ,คน
10532,7106,2565,ลูกจ้างรัฐบาล,ชาย,หนองบัวลำภู,แรงงานในระบบ,คน
13848,7107,2565,ลูกจ้างเอกชน,ชาย,หนองบัวลำภู,แรงงานในระบบ,คน
1241,7108,2565,ประกอบธุรกิจส่วนตัว,หญิง,หนองบัวลำภู,แรงงานในระบบ,คน
1231,7109,2565,ช่วยธุรกิจครัวเรือน,หญิง,หนองบัวลำภู,แรงงานในระบบ,คน
11560,7110,2565,ลูกจ้างรัฐบาล,หญิง,หนองบัวลำภู,แรงงานในระบบ,คน
14321,7111,2565,ลูกจ้างเอกชน,หญิง,หนองบัวลำภู,แรงงานในระบบ,คน
1073,7112,2565,นายจ้าง,ชาย,หนองบัวลำภู,แรงงานนอกระบบ,คน
72064,7113,2565,ประกอบธุรกิจส่วนตัว,ชาย,หนองบัวลำภู,แรงงานนอกระบบ,คน
22549,7114,2565,ช่วยธุรกิจครัวเรือน,ชาย,หนองบัวลำภู,แรงงานนอกระบบ,คน
165,7115,2565,ลูกจ้างรัฐบาล,ชาย,หนองบัวลำภู,แรงงานนอกระบบ,คน
10322,7116,2565,ลูกจ้างเอกชน,ชาย,หนองบัวลำภู,แรงงานนอกระบบ,คน
499,7117,2565,การรวมกลุ่ม,ชาย,หนองบัวลำภู,แรงงานนอกระบบ,คน
433,7118,2565,นายจ้าง,หญิง,หนองบัวลำภู,แรงงานนอกระบบ,คน
39284,7119,2565,ประกอบธุรกิจส่วนตัว,หญิง,หนองบัวลำภู,แรงงานนอกระบบ,คน
30000,7120,2565,ช่วยธุรกิจครัวเรือน,หญิง,หนองบัวลำภู,แรงงานนอกระบบ,คน
238,7121,2565,ลูกจ้างรัฐบาล,หญิง,หนองบัวลำภู,แรงงานนอกระบบ,คน
4817,7122,2565,ลูกจ้างเอกชน,หญิง,หนองบัวลำภู,แรงงานนอกระบบ,คน
94,7123,2565,การรวมกลุ่ม,หญิง,หนองบัวลำภู,แรงงานนอกระบบ,คน
1011,7124,2565,นายจ้าง,ชาย,ขอนแก่น,แรงงานในระบบ,คน
4638,7125,2565,ประกอบธุรกิจส่วนตัว,ชาย,ขอนแก่น,แรงงานในระบบ,คน
45214,7126,2565,ลูกจ้างรัฐบาล,ชาย,ขอนแก่น,แรงงานในระบบ,คน
110160,7127,2565,ลูกจ้างเอกชน,ชาย,ขอนแก่น,แรงงานในระบบ,คน
6022,7128,2565,ประกอบธุรกิจส่วนตัว,หญิง,ขอนแก่น,แรงงานในระบบ,คน
3117,7129,2565,ช่วยธุรกิจครัวเรือน,หญิง,ขอนแก่น,แรงงานในระบบ,คน
36840,7130,2565,ลูกจ้างรัฐบาล,หญิง,ขอนแก่น,แรงงานในระบบ,คน
94050,7131,2565,ลูกจ้างเอกชน,หญิง,ขอนแก่น,แรงงานในระบบ,คน
7750,7132,2565,นายจ้าง,ชาย,ขอนแก่น,แรงงานนอกระบบ,คน
229109,7133,2565,ประกอบธุรกิจส่วนตัว,ชาย,ขอนแก่น,แรงงานนอกระบบ,คน
41307,7134,2565,ช่วยธุรกิจครัวเรือน,ชาย,ขอนแก่น,แรงงานนอกระบบ,คน
24391,7135,2565,ลูกจ้างเอกชน,ชาย,ขอนแก่น,แรงงานนอกระบบ,คน
1908,7136,2565,การรวมกลุ่ม,ชาย,ขอนแก่น,แรงงานนอกระบบ,คน
1217,7137,2565,นายจ้าง,หญิง,ขอนแก่น,แรงงานนอกระบบ,คน
142577,7138,2565,ประกอบธุรกิจส่วนตัว,หญิง,ขอนแก่น,แรงงานนอกระบบ,คน
111301,7139,2565,ช่วยธุรกิจครัวเรือน,หญิง,ขอนแก่น,แรงงานนอกระบบ,คน
2209,7140,2565,ลูกจ้างรัฐบาล,หญิง,ขอนแก่น,แรงงานนอกระบบ,คน
13170,7141,2565,ลูกจ้างเอกชน,หญิง,ขอนแก่น,แรงงานนอกระบบ,คน
304,7142,2565,นายจ้าง,ชาย,อุดรธานี,แรงงานในระบบ,คน
4679,7143,2565,ประกอบธุรกิจส่วนตัว,ชาย,อุดรธานี,แรงงานในระบบ,คน
32152,7144,2565,ลูกจ้างรัฐบาล,ชาย,อุดรธานี,แรงงานในระบบ,คน
43226,7145,2565,ลูกจ้างเอกชน,ชาย,อุดรธานี,แรงงานในระบบ,คน
201,7146,2565,นายจ้าง,หญิง,อุดรธานี,แรงงานในระบบ,คน
2918,7147,2565,ประกอบธุรกิจส่วนตัว,หญิง,อุดรธานี,แรงงานในระบบ,คน
3817,7148,2565,ช่วยธุรกิจครัวเรือน,หญิง,อุดรธานี,แรงงานในระบบ,คน
32383,7149,2565,ลูกจ้างรัฐบาล,หญิง,อุดรธานี,แรงงานในระบบ,คน
37985,7150,2565,ลูกจ้างเอกชน,หญิง,อุดรธานี,แรงงานในระบบ,คน
4276,7151,2565,นายจ้าง,ชาย,อุดรธานี,แรงงานนอกระบบ,คน
174453,7152,2565,ประกอบธุรกิจส่วนตัว,ชาย,อุดรธานี,แรงงานนอกระบบ,คน
49580,7153,2565,ช่วยธุรกิจครัวเรือน,ชาย,อุดรธานี,แรงงานนอกระบบ,คน
525,7154,2565,ลูกจ้างรัฐบาล,ชาย,อุดรธานี,แรงงานนอกระบบ,คน
35873,7155,2565,ลูกจ้างเอกชน,ชาย,อุดรธานี,แรงงานนอกระบบ,คน
828,7156,2565,นายจ้าง,หญิง,อุดรธานี,แรงงานนอกระบบ,คน
104528,7157,2565,ประกอบธุรกิจส่วนตัว,หญิง,อุดรธานี,แรงงานนอกระบบ,คน
106340,7158,2565,ช่วยธุรกิจครัวเรือน,หญิง,อุดรธานี,แรงงานนอกระบบ,คน
2525,7159,2565,ลูกจ้างรัฐบาล,หญิง,อุดรธานี,แรงงานนอกระบบ,คน
13851,7160,2565,ลูกจ้างเอกชน,หญิง,อุดรธานี,แรงงานนอกระบบ,คน
326,7161,2565,นายจ้าง,ชาย,เลย,แรงงานในระบบ,คน
540,7162,2565,ประกอบธุรกิจส่วนตัว,ชาย,เลย,แรงงานในระบบ,คน
736,7163,2565,ช่วยธุรกิจครัวเรือน,ชาย,เลย,แรงงานในระบบ,คน
8317,7164,2565,ลูกจ้างรัฐบาล,ชาย,เลย,แรงงานในระบบ,คน
7480,7165,2565,ลูกจ้างเอกชน,ชาย,เลย,แรงงานในระบบ,คน
65,7166,2565,นายจ้าง,หญิง,เลย,แรงงานในระบบ,คน
1816,7167,2565,ประกอบธุรกิจส่วนตัว,หญิง,เลย,แรงงานในระบบ,คน
347,7168,2565,ช่วยธุรกิจครัวเรือน,หญิง,เลย,แรงงานในระบบ,คน
15368,7169,2565,ลูกจ้างรัฐบาล,หญิง,เลย,แรงงานในระบบ,คน
5005,7170,2565,ลูกจ้างเอกชน,หญิง,เลย,แรงงานในระบบ,คน
1962,7171,2565,นายจ้าง,ชาย,เลย,แรงงานนอกระบบ,คน
76579,7172,2565,ประกอบธุรกิจส่วนตัว,ชาย,เลย,แรงงานนอกระบบ,คน
53223,7173,2565,ช่วยธุรกิจครัวเรือน,ชาย,เลย,แรงงานนอกระบบ,คน
9898,7174,2565,ลูกจ้างเอกชน,ชาย,เลย,แรงงานนอกระบบ,คน
87,7175,2565,การรวมกลุ่ม,ชาย,เลย,แรงงานนอกระบบ,คน
510,7176,2565,นายจ้าง,หญิง,เลย,แรงงานนอกระบบ,คน
43412,7177,2565,ประกอบธุรกิจส่วนตัว,หญิง,เลย,แรงงานนอกระบบ,คน
76239,7178,2565,ช่วยธุรกิจครัวเรือน,หญิง,เลย,แรงงานนอกระบบ,คน
4254,7179,2565,ลูกจ้างเอกชน,หญิง,เลย,แรงงานนอกระบบ,คน
280,7180,2565,นายจ้าง,ชาย,หนองคาย,แรงงานในระบบ,คน
366,7181,2565,ประกอบธุรกิจส่วนตัว,ชาย,หนองคาย,แรงงานในระบบ,คน
719,7182,2565,ช่วยธุรกิจครัวเรือน,ชาย,หนองคาย,แรงงานในระบบ,คน
12005,7183,2565,ลูกจ้างรัฐบาล,ชาย,หนองคาย,แรงงานในระบบ,คน
17978,7184,2565,ลูกจ้างเอกชน,ชาย,หนองคาย,แรงงานในระบบ,คน
599,7185,2565,ประกอบธุรกิจส่วนตัว,หญิง,หนองคาย,แรงงานในระบบ,คน
410,7186,2565,ช่วยธุรกิจครัวเรือน,หญิง,หนองคาย,แรงงานในระบบ,คน
14585,7187,2565,ลูกจ้างรัฐบาล,หญิง,หนองคาย,แรงงานในระบบ,คน
13926,7188,2565,ลูกจ้างเอกชน,หญิง,หนองคาย,แรงงานในระบบ,คน
1494,7189,2565,นายจ้าง,ชาย,หนองคาย,แรงงานนอกระบบ,คน
57930,7190,2565,ประกอบธุรกิจส่วนตัว,ชาย,หนองคาย,แรงงานนอกระบบ,คน
21682,7191,2565,ช่วยธุรกิจครัวเรือน,ชาย,หนองคาย,แรงงานนอกระบบ,คน
1132,7192,2565,ลูกจ้างรัฐบาล,ชาย,หนองคาย,แรงงานนอกระบบ,คน
13458,7193,2565,ลูกจ้างเอกชน,ชาย,หนองคาย,แรงงานนอกระบบ,คน
35956,7194,2565,ประกอบธุรกิจส่วนตัว,หญิง,หนองคาย,แรงงานนอกระบบ,คน
33802,7195,2565,ช่วยธุรกิจครัวเรือน,หญิง,หนองคาย,แรงงานนอกระบบ,คน
612,7196,2565,ลูกจ้างรัฐบาล,หญิง,หนองคาย,แรงงานนอกระบบ,คน
6290,7197,2565,ลูกจ้างเอกชน,หญิง,หนองคาย,แรงงานนอกระบบ,คน
492,7198,2565,นายจ้าง,ชาย,มหาสารคาม,แรงงานในระบบ,คน
253,7199,2565,ประกอบธุรกิจส่วนตัว,ชาย,มหาสารคาม,แรงงานในระบบ,คน
19328,7200,2565,ลูกจ้างรัฐบาล,ชาย,มหาสารคาม,แรงงานในระบบ,คน
30579,7201,2565,ลูกจ้างเอกชน,ชาย,มหาสารคาม,แรงงานในระบบ,คน
163,7202,2565,นายจ้าง,หญิง,มหาสารคาม,แรงงานในระบบ,คน
1108,7203,2565,ประกอบธุรกิจส่วนตัว,หญิง,มหาสารคาม,แรงงานในระบบ,คน
434,7204,2565,ช่วยธุรกิจครัวเรือน,หญิง,มหาสารคาม,แรงงานในระบบ,คน
24957,7205,2565,ลูกจ้างรัฐบาล,หญิง,มหาสารคาม,แรงงานในระบบ,คน
22021,7206,2565,ลูกจ้างเอกชน,หญิง,มหาสารคาม,แรงงานในระบบ,คน
5009,7207,2565,นายจ้าง,ชาย,มหาสารคาม,แรงงานนอกระบบ,คน
116844,7208,2565,ประกอบธุรกิจส่วนตัว,ชาย,มหาสารคาม,แรงงานนอกระบบ,คน
37927,7209,2565,ช่วยธุรกิจครัวเรือน,ชาย,มหาสารคาม,แรงงานนอกระบบ,คน
1415,7210,2565,ลูกจ้างรัฐบาล,ชาย,มหาสารคาม,แรงงานนอกระบบ,คน
8040,7211,2565,ลูกจ้างเอกชน,ชาย,มหาสารคาม,แรงงานนอกระบบ,คน
1001,7212,2565,นายจ้าง,หญิง,มหาสารคาม,แรงงานนอกระบบ,คน
73492,7213,2565,ประกอบธุรกิจส่วนตัว,หญิง,มหาสารคาม,แรงงานนอกระบบ,คน
60982,7214,2565,ช่วยธุรกิจครัวเรือน,หญิง,มหาสารคาม,แรงงานนอกระบบ,คน
495,7215,2565,ลูกจ้างรัฐบาล,หญิง,มหาสารคาม,แรงงานนอกระบบ,คน
1414,7216,2565,ลูกจ้างเอกชน,หญิง,มหาสารคาม,แรงงานนอกระบบ,คน
261,7217,2565,นายจ้าง,ชาย,ร้อยเอ็ด,แรงงานในระบบ,คน
170,7218,2565,ประกอบธุรกิจส่วนตัว,ชาย,ร้อยเอ็ด,แรงงานในระบบ,คน
24548,7219,2565,ลูกจ้างรัฐบาล,ชาย,ร้อยเอ็ด,แรงงานในระบบ,คน
31104,7220,2565,ลูกจ้างเอกชน,ชาย,ร้อยเอ็ด,แรงงานในระบบ,คน
650,7221,2565,ประกอบธุรกิจส่วนตัว,หญิง,ร้อยเอ็ด,แรงงานในระบบ,คน
1115,7222,2565,ช่วยธุรกิจครัวเรือน,หญิง,ร้อยเอ็ด,แรงงานในระบบ,คน
27224,7223,2565,ลูกจ้างรัฐบาล,หญิง,ร้อยเอ็ด,แรงงานในระบบ,คน
29168,7224,2565,ลูกจ้างเอกชน,หญิง,ร้อยเอ็ด,แรงงานในระบบ,คน
2459,7225,2565,นายจ้าง,ชาย,ร้อยเอ็ด,แรงงานนอกระบบ,คน
155679,7226,2565,ประกอบธุรกิจส่วนตัว,ชาย,ร้อยเอ็ด,แรงงานนอกระบบ,คน
68667,7227,2565,ช่วยธุรกิจครัวเรือน,ชาย,ร้อยเอ็ด,แรงงานนอกระบบ,คน
222,7228,2565,ลูกจ้างรัฐบาล,ชาย,ร้อยเอ็ด,แรงงานนอกระบบ,คน
25107,7229,2565,ลูกจ้างเอกชน,ชาย,ร้อยเอ็ด,แรงงานนอกระบบ,คน
2656,7230,2565,การรวมกลุ่ม,ชาย,ร้อยเอ็ด,แรงงานนอกระบบ,คน
946,7231,2565,นายจ้าง,หญิง,ร้อยเอ็ด,แรงงานนอกระบบ,คน
110033,7232,2565,ประกอบธุรกิจส่วนตัว,หญิง,ร้อยเอ็ด,แรงงานนอกระบบ,คน
98024,7233,2565,ช่วยธุรกิจครัวเรือน,หญิง,ร้อยเอ็ด,แรงงานนอกระบบ,คน
1272,7234,2565,ลูกจ้างรัฐบาล,หญิง,ร้อยเอ็ด,แรงงานนอกระบบ,คน
8543,7235,2565,ลูกจ้างเอกชน,หญิง,ร้อยเอ็ด,แรงงานนอกระบบ,คน
373,7236,2565,การรวมกลุ่ม,หญิง,ร้อยเอ็ด,แรงงานนอกระบบ,คน
178,7237,2565,ประกอบธุรกิจส่วนตัว,ชาย,กาฬสินธุ์,แรงงานในระบบ,คน
567,7238,2565,ช่วยธุรกิจครัวเรือน,ชาย,กาฬสินธุ์,แรงงานในระบบ,คน
20436,7239,2565,ลูกจ้างรัฐบาล,ชาย,กาฬสินธุ์,แรงงานในระบบ,คน
22895,7240,2565,ลูกจ้างเอกชน,ชาย,กาฬสินธุ์,แรงงานในระบบ,คน
396,7241,2565,ประกอบธุรกิจส่วนตัว,หญิง,กาฬสินธุ์,แรงงานในระบบ,คน
25838,7242,2565,ลูกจ้างรัฐบาล,หญิง,กาฬสินธุ์,แรงงานในระบบ,คน
24968,7243,2565,ลูกจ้างเอกชน,หญิง,กาฬสินธุ์,แรงงานในระบบ,คน
1341,7244,2565,นายจ้าง,ชาย,กาฬสินธุ์,แรงงานนอกระบบ,คน
117284,7245,2565,ประกอบธุรกิจส่วนตัว,ชาย,กาฬสินธุ์,แรงงานนอกระบบ,คน
35182,7246,2565,ช่วยธุรกิจครัวเรือน,ชาย,กาฬสินธุ์,แรงงานนอกระบบ,คน
209,7247,2565,ลูกจ้างรัฐบาล,ชาย,กาฬสินธุ์,แรงงานนอกระบบ,คน
7678,7248,2565,ลูกจ้างเอกชน,ชาย,กาฬสินธุ์,แรงงานนอกระบบ,คน
3952,7249,2565,การรวมกลุ่ม,ชาย,กาฬสินธุ์,แรงงานนอกระบบ,คน
940,7250,2565,นายจ้าง,หญิง,กาฬสินธุ์,แรงงานนอกระบบ,คน
65978,7251,2565,ประกอบธุรกิจส่วนตัว,หญิง,กาฬสินธุ์,แรงงานนอกระบบ,คน
58646,7252,2565,ช่วยธุรกิจครัวเรือน,หญิง,กาฬสินธุ์,แรงงานนอกระบบ,คน
141,7253,2565,ลูกจ้างรัฐบาล,หญิง,กาฬสินธุ์,แรงงานนอกระบบ,คน
4165,7254,2565,ลูกจ้างเอกชน,หญิง,กาฬสินธุ์,แรงงานนอกระบบ,คน
689,7255,2565,การรวมกลุ่ม,หญิง,กาฬสินธุ์,แรงงานนอกระบบ,คน
2627,7256,2565,ประกอบธุรกิจส่วนตัว,ชาย,สกลนคร,แรงงานในระบบ,คน
330,7257,2565,ช่วยธุรกิจครัวเรือน,ชาย,สกลนคร,แรงงานในระบบ,คน
19870,7258,2565,ลูกจ้างรัฐบาล,ชาย,สกลนคร,แรงงานในระบบ,คน
23788,7259,2565,ลูกจ้างเอกชน,ชาย,สกลนคร,แรงงานในระบบ,คน
914,7260,2565,ประกอบธุรกิจส่วนตัว,หญิง,สกลนคร,แรงงานในระบบ,คน
1376,7261,2565,ช่วยธุรกิจครัวเรือน,หญิง,สกลนคร,แรงงานในระบบ,คน
14145,7262,2565,ลูกจ้างรัฐบาล,หญิง,สกลนคร,แรงงานในระบบ,คน
16258,7263,2565,ลูกจ้างเอกชน,หญิง,สกลนคร,แรงงานในระบบ,คน
2070,7264,2565,นายจ้าง,ชาย,สกลนคร,แรงงานนอกระบบ,คน
135454,7265,2565,ประกอบธุรกิจส่วนตัว,ชาย,สกลนคร,แรงงานนอกระบบ,คน
55602,7266,2565,ช่วยธุรกิจครัวเรือน,ชาย,สกลนคร,แรงงานนอกระบบ,คน
127,7267,2565,ลูกจ้างรัฐบาล,ชาย,สกลนคร,แรงงานนอกระบบ,คน
17221,7268,2565,ลูกจ้างเอกชน,ชาย,สกลนคร,แรงงานนอกระบบ,คน
233,7269,2565,นายจ้าง,หญิง,สกลนคร,แรงงานนอกระบบ,คน
67573,7270,2565,ประกอบธุรกิจส่วนตัว,หญิง,สกลนคร,แรงงานนอกระบบ,คน
82618,7271,2565,ช่วยธุรกิจครัวเรือน,หญิง,สกลนคร,แรงงานนอกระบบ,คน
379,7272,2565,ลูกจ้างรัฐบาล,หญิง,สกลนคร,แรงงานนอกระบบ,คน
5010,7273,2565,ลูกจ้างเอกชน,หญิง,สกลนคร,แรงงานนอกระบบ,คน
1014,7274,2565,ประกอบธุรกิจส่วนตัว,ชาย,นครพนม,แรงงานในระบบ,คน
14220,7275,2565,ลูกจ้างรัฐบาล,ชาย,นครพนม,แรงงานในระบบ,คน
11445,7276,2565,ลูกจ้างเอกชน,ชาย,นครพนม,แรงงานในระบบ,คน
1148,7277,2565,ประกอบธุรกิจส่วนตัว,หญิง,นครพนม,แรงงานในระบบ,คน
372,7278,2565,ช่วยธุรกิจครัวเรือน,หญิง,นครพนม,แรงงานในระบบ,คน
14865,7279,2565,ลูกจ้างรัฐบาล,หญิง,นครพนม,แรงงานในระบบ,คน
9079,7280,2565,ลูกจ้างเอกชน,หญิง,นครพนม,แรงงานในระบบ,คน
1253,7281,2565,นายจ้าง,ชาย,นครพนม,แรงงานนอกระบบ,คน
80608,7282,2565,ประกอบธุรกิจส่วนตัว,ชาย,นครพนม,แรงงานนอกระบบ,คน
29648,7283,2565,ช่วยธุรกิจครัวเรือน,ชาย,นครพนม,แรงงานนอกระบบ,คน
873,7284,2565,ลูกจ้างรัฐบาล,ชาย,นครพนม,แรงงานนอกระบบ,คน
15597,7285,2565,ลูกจ้างเอกชน,ชาย,นครพนม,แรงงานนอกระบบ,คน
234,7286,2565,นายจ้าง,หญิง,นครพนม,แรงงานนอกระบบ,คน
59650,7287,2565,ประกอบธุรกิจส่วนตัว,หญิง,นครพนม,แรงงานนอกระบบ,คน
35825,7288,2565,ช่วยธุรกิจครัวเรือน,หญิง,นครพนม,แรงงานนอกระบบ,คน
901,7289,2565,ลูกจ้างรัฐบาล,หญิง,นครพนม,แรงงานนอกระบบ,คน
6113,7290,2565,ลูกจ้างเอกชน,หญิง,นครพนม,แรงงานนอกระบบ,คน
135,7291,2565,นายจ้าง,ชาย,มุกดาหาร,แรงงานในระบบ,คน
1761,7292,2565,ประกอบธุรกิจส่วนตัว,ชาย,มุกดาหาร,แรงงานในระบบ,คน
761,7293,2565,ช่วยธุรกิจครัวเรือน,ชาย,มุกดาหาร,แรงงานในระบบ,คน
10675,7294,2565,ลูกจ้างรัฐบาล,ชาย,มุกดาหาร,แรงงานในระบบ,คน
11869,7295,2565,ลูกจ้างเอกชน,ชาย,มุกดาหาร,แรงงานในระบบ,คน
197,7296,2565,นายจ้าง,หญิง,มุกดาหาร,แรงงานในระบบ,คน
671,7297,2565,ประกอบธุรกิจส่วนตัว,หญิง,มุกดาหาร,แรงงานในระบบ,คน
1906,7298,2565,ช่วยธุรกิจครัวเรือน,หญิง,มุกดาหาร,แรงงานในระบบ,คน
8010,7299,2565,ลูกจ้างรัฐบาล,หญิง,มุกดาหาร,แรงงานในระบบ,คน
10640,7300,2565,ลูกจ้างเอกชน,หญิง,มุกดาหาร,แรงงานในระบบ,คน
1293,7301,2565,นายจ้าง,ชาย,มุกดาหาร,แรงงานนอกระบบ,คน
66040,7302,2565,ประกอบธุรกิจส่วนตัว,ชาย,มุกดาหาร,แรงงานนอกระบบ,คน
32481,7303,2565,ช่วยธุรกิจครัวเรือน,ชาย,มุกดาหาร,แรงงานนอกระบบ,คน
793,7304,2565,ลูกจ้างรัฐบาล,ชาย,มุกดาหาร,แรงงานนอกระบบ,คน
1611,7305,2565,ลูกจ้างเอกชน,ชาย,มุกดาหาร,แรงงานนอกระบบ,คน
152,7306,2565,นายจ้าง,หญิง,มุกดาหาร,แรงงานนอกระบบ,คน
42237,7307,2565,ประกอบธุรกิจส่วนตัว,หญิง,มุกดาหาร,แรงงานนอกระบบ,คน
49493,7308,2565,ช่วยธุรกิจครัวเรือน,หญิง,มุกดาหาร,แรงงานนอกระบบ,คน
830,7309,2565,ลูกจ้างรัฐบาล,หญิง,มุกดาหาร,แรงงานนอกระบบ,คน
352,7310,2565,ลูกจ้างเอกชน,หญิง,มุกดาหาร,แรงงานนอกระบบ,คน
5313,7311,2566,นายจ้าง,ชาย,สมุทรปราการ,แรงงานในระบบ,คน
48113,7312,2566,ประกอบธุรกิจส่วนตัว,ชาย,สมุทรปราการ,แรงงานในระบบ,คน
12229,7313,2566,ช่วยธุรกิจครัวเรือน,ชาย,สมุทรปราการ,แรงงานในระบบ,คน
22500,7314,2566,ลูกจ้างรัฐบาล,ชาย,สมุทรปราการ,แรงงานในระบบ,คน
587090,7315,2566,ลูกจ้างเอกชน,ชาย,สมุทรปราการ,แรงงานในระบบ,คน
57134,7316,2566,ประกอบธุรกิจส่วนตัว,หญิง,สมุทรปราการ,แรงงานในระบบ,คน
9656,7317,2566,ช่วยธุรกิจครัวเรือน,หญิง,สมุทรปราการ,แรงงานในระบบ,คน
28871,7318,2566,ลูกจ้างรัฐบาล,หญิง,สมุทรปราการ,แรงงานในระบบ,คน
523596,7319,2566,ลูกจ้างเอกชน,หญิง,สมุทรปราการ,แรงงานในระบบ,คน
11360,7320,2566,นายจ้าง,ชาย,สมุทรปราการ,แรงงานนอกระบบ,คน
83141,7321,2566,ประกอบธุรกิจส่วนตัว,ชาย,สมุทรปราการ,แรงงานนอกระบบ,คน
11282,7322,2566,ช่วยธุรกิจครัวเรือน,ชาย,สมุทรปราการ,แรงงานนอกระบบ,คน
233,7323,2566,ลูกจ้างเอกชน,ชาย,สมุทรปราการ,แรงงานนอกระบบ,คน
1843,7324,2566,นายจ้าง,หญิง,สมุทรปราการ,แรงงานนอกระบบ,คน
86572,7325,2566,ประกอบธุรกิจส่วนตัว,หญิง,สมุทรปราการ,แรงงานนอกระบบ,คน
12686,7326,2566,ช่วยธุรกิจครัวเรือน,หญิง,สมุทรปราการ,แรงงานนอกระบบ,คน
851,7327,2566,ลูกจ้างรัฐบาล,หญิง,สมุทรปราการ,แรงงานนอกระบบ,คน
4011,7328,2566,ลูกจ้างเอกชน,หญิง,สมุทรปราการ,แรงงานนอกระบบ,คน
5709,7329,2566,นายจ้าง,ชาย,นนทบุรี,แรงงานในระบบ,คน
20286,7330,2566,ประกอบธุรกิจส่วนตัว,ชาย,นนทบุรี,แรงงานในระบบ,คน
1915,7331,2566,ช่วยธุรกิจครัวเรือน,ชาย,นนทบุรี,แรงงานในระบบ,คน
71748,7332,2566,ลูกจ้างรัฐบาล,ชาย,นนทบุรี,แรงงานในระบบ,คน
337200,7333,2566,ลูกจ้างเอกชน,ชาย,นนทบุรี,แรงงานในระบบ,คน
1730,7334,2566,นายจ้าง,หญิง,นนทบุรี,แรงงานในระบบ,คน
16450,7335,2566,ประกอบธุรกิจส่วนตัว,หญิง,นนทบุรี,แรงงานในระบบ,คน
2489,7336,2566,ช่วยธุรกิจครัวเรือน,หญิง,นนทบุรี,แรงงานในระบบ,คน
60976,7337,2566,ลูกจ้างรัฐบาล,หญิง,นนทบุรี,แรงงานในระบบ,คน
340759,7338,2566,ลูกจ้างเอกชน,หญิง,นนทบุรี,แรงงานในระบบ,คน
15548,7339,2566,นายจ้าง,ชาย,นนทบุรี,แรงงานนอกระบบ,คน
134279,7340,2566,ประกอบธุรกิจส่วนตัว,ชาย,นนทบุรี,แรงงานนอกระบบ,คน
23713,7341,2566,ช่วยธุรกิจครัวเรือน,ชาย,นนทบุรี,แรงงานนอกระบบ,คน
677,7342,2566,ลูกจ้างรัฐบาล,ชาย,นนทบุรี,แรงงานนอกระบบ,คน
3694,7343,2566,ลูกจ้างเอกชน,ชาย,นนทบุรี,แรงงานนอกระบบ,คน
5159,7344,2566,นายจ้าง,หญิง,นนทบุรี,แรงงานนอกระบบ,คน
96680,7345,2566,ประกอบธุรกิจส่วนตัว,หญิง,นนทบุรี,แรงงานนอกระบบ,คน
28442,7346,2566,ช่วยธุรกิจครัวเรือน,หญิง,นนทบุรี,แรงงานนอกระบบ,คน
2824,7347,2566,ลูกจ้างเอกชน,หญิง,นนทบุรี,แรงงานนอกระบบ,คน
6408,7348,2566,นายจ้าง,ชาย,ปทุมธานี,แรงงานในระบบ,คน
31460,7349,2566,ประกอบธุรกิจส่วนตัว,ชาย,ปทุมธานี,แรงงานในระบบ,คน
11009,7350,2566,ช่วยธุรกิจครัวเรือน,ชาย,ปทุมธานี,แรงงานในระบบ,คน
34817,7351,2566,ลูกจ้างรัฐบาล,ชาย,ปทุมธานี,แรงงานในระบบ,คน
342190,7352,2566,ลูกจ้างเอกชน,ชาย,ปทุมธานี,แรงงานในระบบ,คน
4046,7353,2566,นายจ้าง,หญิง,ปทุมธานี,แรงงานในระบบ,คน
36036,7354,2566,ประกอบธุรกิจส่วนตัว,หญิง,ปทุมธานี,แรงงานในระบบ,คน
4934,7355,2566,ช่วยธุรกิจครัวเรือน,หญิง,ปทุมธานี,แรงงานในระบบ,คน
54379,7356,2566,ลูกจ้างรัฐบาล,หญิง,ปทุมธานี,แรงงานในระบบ,คน
293380,7357,2566,ลูกจ้างเอกชน,หญิง,ปทุมธานี,แรงงานในระบบ,คน
27590,7358,2566,นายจ้าง,ชาย,ปทุมธานี,แรงงานนอกระบบ,คน
117457,7359,2566,ประกอบธุรกิจส่วนตัว,ชาย,ปทุมธานี,แรงงานนอกระบบ,คน
21761,7360,2566,ช่วยธุรกิจครัวเรือน,ชาย,ปทุมธานี,แรงงานนอกระบบ,คน
8860,7361,2566,ลูกจ้างเอกชน,ชาย,ปทุมธานี,แรงงานนอกระบบ,คน
7111,7362,2566,นายจ้าง,หญิง,ปทุมธานี,แรงงานนอกระบบ,คน
81823,7363,2566,ประกอบธุรกิจส่วนตัว,หญิง,ปทุมธานี,แรงงานนอกระบบ,คน
45600,7364,2566,ช่วยธุรกิจครัวเรือน,หญิง,ปทุมธานี,แรงงานนอกระบบ,คน
3654,7365,2566,ลูกจ้างรัฐบาล,หญิง,ปทุมธานี,แรงงานนอกระบบ,คน
3958,7366,2566,ลูกจ้างเอกชน,หญิง,ปทุมธานี,แรงงานนอกระบบ,คน
645,7367,2566,นายจ้าง,ชาย,พระนครศรีอยุธยา,แรงงานในระบบ,คน
14756,7368,2566,ประกอบธุรกิจส่วนตัว,ชาย,พระนครศรีอยุธยา,แรงงานในระบบ,คน
2357,7369,2566,ช่วยธุรกิจครัวเรือน,ชาย,พระนครศรีอยุธยา,แรงงานในระบบ,คน
24741,7370,2566,ลูกจ้างรัฐบาล,ชาย,พระนครศรีอยุธยา,แรงงานในระบบ,คน
158910,7371,2566,ลูกจ้างเอกชน,ชาย,พระนครศรีอยุธยา,แรงงานในระบบ,คน
313,7372,2566,นายจ้าง,หญิง,พระนครศรีอยุธยา,แรงงานในระบบ,คน
12943,7373,2566,ประกอบธุรกิจส่วนตัว,หญิง,พระนครศรีอยุธยา,แรงงานในระบบ,คน
2699,7374,2566,ช่วยธุรกิจครัวเรือน,หญิง,พระนครศรีอยุธยา,แรงงานในระบบ,คน
20789,7375,2566,ลูกจ้างรัฐบาล,หญิง,พระนครศรีอยุธยา,แรงงานในระบบ,คน
144396,7376,2566,ลูกจ้างเอกชน,หญิง,พระนครศรีอยุธยา,แรงงานในระบบ,คน
4660,7377,2566,นายจ้าง,ชาย,พระนครศรีอยุธยา,แรงงานนอกระบบ,คน
56465,7378,2566,ประกอบธุรกิจส่วนตัว,ชาย,พระนครศรีอยุธยา,แรงงานนอกระบบ,คน
10250,7379,2566,ช่วยธุรกิจครัวเรือน,ชาย,พระนครศรีอยุธยา,แรงงานนอกระบบ,คน
431,7380,2566,ลูกจ้างรัฐบาล,ชาย,พระนครศรีอยุธยา,แรงงานนอกระบบ,คน
4466,7381,2566,ลูกจ้างเอกชน,ชาย,พระนครศรีอยุธยา,แรงงานนอกระบบ,คน
232,7382,2566,นายจ้าง,หญิง,พระนครศรีอยุธยา,แรงงานนอกระบบ,คน
39339,7383,2566,ประกอบธุรกิจส่วนตัว,หญิง,พระนครศรีอยุธยา,แรงงานนอกระบบ,คน
12586,7384,2566,ช่วยธุรกิจครัวเรือน,หญิง,พระนครศรีอยุธยา,แรงงานนอกระบบ,คน
1729,7385,2566,ลูกจ้างรัฐบาล,หญิง,พระนครศรีอยุธยา,แรงงานนอกระบบ,คน
2187,7386,2566,ลูกจ้างเอกชน,หญิง,พระนครศรีอยุธยา,แรงงานนอกระบบ,คน
119,7387,2566,นายจ้าง,ชาย,อ่างทอง,แรงงานในระบบ,คน
1317,7388,2566,ประกอบธุรกิจส่วนตัว,ชาย,อ่างทอง,แรงงานในระบบ,คน
181,7389,2566,ช่วยธุรกิจครัวเรือน,ชาย,อ่างทอง,แรงงานในระบบ,คน
10208,7390,2566,ลูกจ้างรัฐบาล,ชาย,อ่างทอง,แรงงานในระบบ,คน
23538,7391,2566,ลูกจ้างเอกชน,ชาย,อ่างทอง,แรงงานในระบบ,คน
1850,7392,2566,ประกอบธุรกิจส่วนตัว,หญิง,อ่างทอง,แรงงานในระบบ,คน
1232,7393,2566,ช่วยธุรกิจครัวเรือน,หญิง,อ่างทอง,แรงงานในระบบ,คน
9657,7394,2566,ลูกจ้างรัฐบาล,หญิง,อ่างทอง,แรงงานในระบบ,คน
18188,7395,2566,ลูกจ้างเอกชน,หญิง,อ่างทอง,แรงงานในระบบ,คน
1304,7396,2566,นายจ้าง,ชาย,อ่างทอง,แรงงานนอกระบบ,คน
19355,7397,2566,ประกอบธุรกิจส่วนตัว,ชาย,อ่างทอง,แรงงานนอกระบบ,คน
6201,7398,2566,ช่วยธุรกิจครัวเรือน,ชาย,อ่างทอง,แรงงานนอกระบบ,คน
1049,7399,2566,ลูกจ้างรัฐบาล,ชาย,อ่างทอง,แรงงานนอกระบบ,คน
6267,7400,2566,ลูกจ้างเอกชน,ชาย,อ่างทอง,แรงงานนอกระบบ,คน
785,7401,2566,นายจ้าง,หญิง,อ่างทอง,แรงงานนอกระบบ,คน
13908,7402,2566,ประกอบธุรกิจส่วนตัว,หญิง,อ่างทอง,แรงงานนอกระบบ,คน
8870,7403,2566,ช่วยธุรกิจครัวเรือน,หญิง,อ่างทอง,แรงงานนอกระบบ,คน
776,7404,2566,ลูกจ้างรัฐบาล,หญิง,อ่างทอง,แรงงานนอกระบบ,คน
2130,7405,2566,ลูกจ้างเอกชน,หญิง,อ่างทอง,แรงงานนอกระบบ,คน
1421,7406,2566,นายจ้าง,ชาย,ลพบุรี,แรงงานในระบบ,คน
5329,7407,2566,ประกอบธุรกิจส่วนตัว,ชาย,ลพบุรี,แรงงานในระบบ,คน
1223,7408,2566,ช่วยธุรกิจครัวเรือน,ชาย,ลพบุรี,แรงงานในระบบ,คน
25057,7409,2566,ลูกจ้างรัฐบาล,ชาย,ลพบุรี,แรงงานในระบบ,คน
78858,7410,2566,ลูกจ้างเอกชน,ชาย,ลพบุรี,แรงงานในระบบ,คน
523,7411,2566,นายจ้าง,หญิง,ลพบุรี,แรงงานในระบบ,คน
2697,7412,2566,ประกอบธุรกิจส่วนตัว,หญิง,ลพบุรี,แรงงานในระบบ,คน
1223,7413,2566,ช่วยธุรกิจครัวเรือน,หญิง,ลพบุรี,แรงงานในระบบ,คน
20028,7414,2566,ลูกจ้างรัฐบาล,หญิง,ลพบุรี,แรงงานในระบบ,คน
73252,7415,2566,ลูกจ้างเอกชน,หญิง,ลพบุรี,แรงงานในระบบ,คน
6224,7416,2566,นายจ้าง,ชาย,ลพบุรี,แรงงานนอกระบบ,คน
85668,7417,2566,ประกอบธุรกิจส่วนตัว,ชาย,ลพบุรี,แรงงานนอกระบบ,คน
31045,7418,2566,ช่วยธุรกิจครัวเรือน,ชาย,ลพบุรี,แรงงานนอกระบบ,คน
9286,7419,2566,ลูกจ้างเอกชน,ชาย,ลพบุรี,แรงงานนอกระบบ,คน
793,7420,2566,นายจ้าง,หญิง,ลพบุรี,แรงงานนอกระบบ,คน
70561,7421,2566,ประกอบธุรกิจส่วนตัว,หญิง,ลพบุรี,แรงงานนอกระบบ,คน
37499,7422,2566,ช่วยธุรกิจครัวเรือน,หญิง,ลพบุรี,แรงงานนอกระบบ,คน
2678,7423,2566,ลูกจ้างเอกชน,หญิง,ลพบุรี,แรงงานนอกระบบ,คน
248,7424,2566,นายจ้าง,ชาย,สิงห์บุรี,แรงงานในระบบ,คน
1659,7425,2566,ประกอบธุรกิจส่วนตัว,ชาย,สิงห์บุรี,แรงงานในระบบ,คน
1120,7426,2566,ช่วยธุรกิจครัวเรือน,ชาย,สิงห์บุรี,แรงงานในระบบ,คน
6707,7427,2566,ลูกจ้างรัฐบาล,ชาย,สิงห์บุรี,แรงงานในระบบ,คน
19362,7428,2566,ลูกจ้างเอกชน,ชาย,สิงห์บุรี,แรงงานในระบบ,คน
47,7429,2566,นายจ้าง,หญิง,สิงห์บุรี,แรงงานในระบบ,คน
3689,7430,2566,ประกอบธุรกิจส่วนตัว,หญิง,สิงห์บุรี,แรงงานในระบบ,คน
787,7431,2566,ช่วยธุรกิจครัวเรือน,หญิง,สิงห์บุรี,แรงงานในระบบ,คน
9567,7432,2566,ลูกจ้างรัฐบาล,หญิง,สิงห์บุรี,แรงงานในระบบ,คน
13620,7433,2566,ลูกจ้างเอกชน,หญิง,สิงห์บุรี,แรงงานในระบบ,คน
1985,7434,2566,นายจ้าง,ชาย,สิงห์บุรี,แรงงานนอกระบบ,คน
19698,7435,2566,ประกอบธุรกิจส่วนตัว,ชาย,สิงห์บุรี,แรงงานนอกระบบ,คน
4799,7436,2566,ช่วยธุรกิจครัวเรือน,ชาย,สิงห์บุรี,แรงงานนอกระบบ,คน
807,7437,2566,ลูกจ้างรัฐบาล,ชาย,สิงห์บุรี,แรงงานนอกระบบ,คน
76,7438,2566,ลูกจ้างเอกชน,ชาย,สิงห์บุรี,แรงงานนอกระบบ,คน
258,7439,2566,นายจ้าง,หญิง,สิงห์บุรี,แรงงานนอกระบบ,คน
14303,7440,2566,ประกอบธุรกิจส่วนตัว,หญิง,สิงห์บุรี,แรงงานนอกระบบ,คน
5409,7441,2566,ช่วยธุรกิจครัวเรือน,หญิง,สิงห์บุรี,แรงงานนอกระบบ,คน
537,7442,2566,ลูกจ้างรัฐบาล,หญิง,สิงห์บุรี,แรงงานนอกระบบ,คน
226,7443,2566,ลูกจ้างเอกชน,หญิง,สิงห์บุรี,แรงงานนอกระบบ,คน
1196,7444,2566,ประกอบธุรกิจส่วนตัว,ชาย,ชัยนาท,แรงงานในระบบ,คน
62,7445,2566,ช่วยธุรกิจครัวเรือน,ชาย,ชัยนาท,แรงงานในระบบ,คน
10011,7446,2566,ลูกจ้างรัฐบาล,ชาย,ชัยนาท,แรงงานในระบบ,คน
24611,7447,2566,ลูกจ้างเอกชน,ชาย,ชัยนาท,แรงงานในระบบ,คน
174,7448,2566,นายจ้าง,หญิง,ชัยนาท,แรงงานในระบบ,คน
1650,7449,2566,ประกอบธุรกิจส่วนตัว,หญิง,ชัยนาท,แรงงานในระบบ,คน
388,7450,2566,ช่วยธุรกิจครัวเรือน,หญิง,ชัยนาท,แรงงานในระบบ,คน
12468,7451,2566,ลูกจ้างรัฐบาล,หญิง,ชัยนาท,แรงงานในระบบ,คน
16218,7452,2566,ลูกจ้างเอกชน,หญิง,ชัยนาท,แรงงานในระบบ,คน
1089,7453,2566,นายจ้าง,ชาย,ชัยนาท,แรงงานนอกระบบ,คน
34735,7454,2566,ประกอบธุรกิจส่วนตัว,ชาย,ชัยนาท,แรงงานนอกระบบ,คน
11670,7455,2566,ช่วยธุรกิจครัวเรือน,ชาย,ชัยนาท,แรงงานนอกระบบ,คน
1002,7456,2566,ลูกจ้างรัฐบาล,ชาย,ชัยนาท,แรงงานนอกระบบ,คน
3997,7457,2566,ลูกจ้างเอกชน,ชาย,ชัยนาท,แรงงานนอกระบบ,คน
1021,7458,2566,นายจ้าง,หญิง,ชัยนาท,แรงงานนอกระบบ,คน
30347,7459,2566,ประกอบธุรกิจส่วนตัว,หญิง,ชัยนาท,แรงงานนอกระบบ,คน
14558,7460,2566,ช่วยธุรกิจครัวเรือน,หญิง,ชัยนาท,แรงงานนอกระบบ,คน
666,7461,2566,ลูกจ้างรัฐบาล,หญิง,ชัยนาท,แรงงานนอกระบบ,คน
1422,7462,2566,ลูกจ้างเอกชน,หญิง,ชัยนาท,แรงงานนอกระบบ,คน
1688,7463,2566,นายจ้าง,ชาย,สระบุรี,แรงงานในระบบ,คน
4868,7464,2566,ประกอบธุรกิจส่วนตัว,ชาย,สระบุรี,แรงงานในระบบ,คน
1456,7465,2566,ช่วยธุรกิจครัวเรือน,ชาย,สระบุรี,แรงงานในระบบ,คน
13854,7466,2566,ลูกจ้างรัฐบาล,ชาย,สระบุรี,แรงงานในระบบ,คน
131004,7467,2566,ลูกจ้างเอกชน,ชาย,สระบุรี,แรงงานในระบบ,คน
555,7468,2566,นายจ้าง,หญิง,สระบุรี,แรงงานในระบบ,คน
5512,7469,2566,ประกอบธุรกิจส่วนตัว,หญิง,สระบุรี,แรงงานในระบบ,คน
2617,7470,2566,ช่วยธุรกิจครัวเรือน,หญิง,สระบุรี,แรงงานในระบบ,คน
20847,7471,2566,ลูกจ้างรัฐบาล,หญิง,สระบุรี,แรงงานในระบบ,คน
81555,7472,2566,ลูกจ้างเอกชน,หญิง,สระบุรี,แรงงานในระบบ,คน
3372,7473,2566,นายจ้าง,ชาย,สระบุรี,แรงงานนอกระบบ,คน
56093,7474,2566,ประกอบธุรกิจส่วนตัว,ชาย,สระบุรี,แรงงานนอกระบบ,คน
19432,7475,2566,ช่วยธุรกิจครัวเรือน,ชาย,สระบุรี,แรงงานนอกระบบ,คน
1079,7476,2566,ลูกจ้างรัฐบาล,ชาย,สระบุรี,แรงงานนอกระบบ,คน
3029,7477,2566,ลูกจ้างเอกชน,ชาย,สระบุรี,แรงงานนอกระบบ,คน
3542,7478,2566,นายจ้าง,หญิง,สระบุรี,แรงงานนอกระบบ,คน
43271,7479,2566,ประกอบธุรกิจส่วนตัว,หญิง,สระบุรี,แรงงานนอกระบบ,คน
24711,7480,2566,ช่วยธุรกิจครัวเรือน,หญิง,สระบุรี,แรงงานนอกระบบ,คน
475,7481,2566,ลูกจ้างรัฐบาล,หญิง,สระบุรี,แรงงานนอกระบบ,คน
1226,7482,2566,ลูกจ้างเอกชน,หญิง,สระบุรี,แรงงานนอกระบบ,คน
2486,7483,2566,นายจ้าง,ชาย,ชลบุรี,แรงงานในระบบ,คน
23026,7484,2566,ประกอบธุรกิจส่วนตัว,ชาย,ชลบุรี,แรงงานในระบบ,คน
2001,7485,2566,ช่วยธุรกิจครัวเรือน,ชาย,ชลบุรี,แรงงานในระบบ,คน
38894,7486,2566,ลูกจ้างรัฐบาล,ชาย,ชลบุรี,แรงงานในระบบ,คน
390594,7487,2566,ลูกจ้างเอกชน,ชาย,ชลบุรี,แรงงานในระบบ,คน
4372,7488,2566,นายจ้าง,หญิง,ชลบุรี,แรงงานในระบบ,คน
10841,7489,2566,ประกอบธุรกิจส่วนตัว,หญิง,ชลบุรี,แรงงานในระบบ,คน
2005,7490,2566,ช่วยธุรกิจครัวเรือน,หญิง,ชลบุรี,แรงงานในระบบ,คน
38458,7491,2566,ลูกจ้างรัฐบาล,หญิง,ชลบุรี,แรงงานในระบบ,คน
347991,7492,2566,ลูกจ้างเอกชน,หญิง,ชลบุรี,แรงงานในระบบ,คน
18567,7493,2566,นายจ้าง,ชาย,ชลบุรี,แรงงานนอกระบบ,คน
123852,7494,2566,ประกอบธุรกิจส่วนตัว,ชาย,ชลบุรี,แรงงานนอกระบบ,คน
25085,7495,2566,ช่วยธุรกิจครัวเรือน,ชาย,ชลบุรี,แรงงานนอกระบบ,คน
12491,7496,2566,ลูกจ้างเอกชน,ชาย,ชลบุรี,แรงงานนอกระบบ,คน
4958,7497,2566,นายจ้าง,หญิง,ชลบุรี,แรงงานนอกระบบ,คน
89202,7498,2566,ประกอบธุรกิจส่วนตัว,หญิง,ชลบุรี,แรงงานนอกระบบ,คน
43896,7499,2566,ช่วยธุรกิจครัวเรือน,หญิง,ชลบุรี,แรงงานนอกระบบ,คน
8992,7500,2566,ลูกจ้างเอกชน,หญิง,ชลบุรี,แรงงานนอกระบบ,คน
750,7501,2566,นายจ้าง,ชาย,ระยอง,แรงงานในระบบ,คน
1338,7502,2566,ประกอบธุรกิจส่วนตัว,ชาย,ระยอง,แรงงานในระบบ,คน
10548,7503,2566,ลูกจ้างรัฐบาล,ชาย,ระยอง,แรงงานในระบบ,คน
266719,7504,2566,ลูกจ้างเอกชน,ชาย,ระยอง,แรงงานในระบบ,คน
3368,7505,2566,ประกอบธุรกิจส่วนตัว,หญิง,ระยอง,แรงงานในระบบ,คน
224,7506,2566,ช่วยธุรกิจครัวเรือน,หญิง,ระยอง,แรงงานในระบบ,คน
16012,7507,2566,ลูกจ้างรัฐบาล,หญิง,ระยอง,แรงงานในระบบ,คน
151387,7508,2566,ลูกจ้างเอกชน,หญิง,ระยอง,แรงงานในระบบ,คน
14414,7509,2566,นายจ้าง,ชาย,ระยอง,แรงงานนอกระบบ,คน
81511,7510,2566,ประกอบธุรกิจส่วนตัว,ชาย,ระยอง,แรงงานนอกระบบ,คน
8961,7511,2566,ช่วยธุรกิจครัวเรือน,ชาย,ระยอง,แรงงานนอกระบบ,คน
812,7512,2566,ลูกจ้างรัฐบาล,ชาย,ระยอง,แรงงานนอกระบบ,คน
2089,7513,2566,ลูกจ้างเอกชน,ชาย,ระยอง,แรงงานนอกระบบ,คน
5842,7514,2566,นายจ้าง,หญิง,ระยอง,แรงงานนอกระบบ,คน
85926,7515,2566,ประกอบธุรกิจส่วนตัว,หญิง,ระยอง,แรงงานนอกระบบ,คน
35847,7516,2566,ช่วยธุรกิจครัวเรือน,หญิง,ระยอง,แรงงานนอกระบบ,คน
746,7517,2566,ลูกจ้างรัฐบาล,หญิง,ระยอง,แรงงานนอกระบบ,คน
543,7518,2566,ลูกจ้างเอกชน,หญิง,ระยอง,แรงงานนอกระบบ,คน
1545,7519,2566,ประกอบธุรกิจส่วนตัว,ชาย,จันทบุรี,แรงงานในระบบ,คน
580,7520,2566,ช่วยธุรกิจครัวเรือน,ชาย,จันทบุรี,แรงงานในระบบ,คน
16342,7521,2566,ลูกจ้างรัฐบาล,ชาย,จันทบุรี,แรงงานในระบบ,คน
53365,7522,2566,ลูกจ้างเอกชน,ชาย,จันทบุรี,แรงงานในระบบ,คน
2769,7523,2566,ประกอบธุรกิจส่วนตัว,หญิง,จันทบุรี,แรงงานในระบบ,คน
1978,7524,2566,ช่วยธุรกิจครัวเรือน,หญิง,จันทบุรี,แรงงานในระบบ,คน
18547,7525,2566,ลูกจ้างรัฐบาล,หญิง,จันทบุรี,แรงงานในระบบ,คน
44864,7526,2566,ลูกจ้างเอกชน,หญิง,จันทบุรี,แรงงานในระบบ,คน
5500,7527,2566,นายจ้าง,ชาย,จันทบุรี,แรงงานนอกระบบ,คน
64598,7528,2566,ประกอบธุรกิจส่วนตัว,ชาย,จันทบุรี,แรงงานนอกระบบ,คน
39229,7529,2566,ช่วยธุรกิจครัวเรือน,ชาย,จันทบุรี,แรงงานนอกระบบ,คน
9074,7530,2566,ลูกจ้างเอกชน,ชาย,จันทบุรี,แรงงานนอกระบบ,คน
167,7531,2566,การรวมกลุ่ม,ชาย,จันทบุรี,แรงงานนอกระบบ,คน
3589,7532,2566,นายจ้าง,หญิง,จันทบุรี,แรงงานนอกระบบ,คน
42013,7533,2566,ประกอบธุรกิจส่วนตัว,หญิง,จันทบุรี,แรงงานนอกระบบ,คน
49829,7534,2566,ช่วยธุรกิจครัวเรือน,หญิง,จันทบุรี,แรงงานนอกระบบ,คน
621,7535,2566,ลูกจ้างรัฐบาล,หญิง,จันทบุรี,แรงงานนอกระบบ,คน
6457,7536,2566,ลูกจ้างเอกชน,หญิง,จันทบุรี,แรงงานนอกระบบ,คน
179,7537,2566,การรวมกลุ่ม,หญิง,จันทบุรี,แรงงานนอกระบบ,คน
176,7538,2566,นายจ้าง,ชาย,ตราด,แรงงานในระบบ,คน
3208,7539,2566,ประกอบธุรกิจส่วนตัว,ชาย,ตราด,แรงงานในระบบ,คน
572,7540,2566,ช่วยธุรกิจครัวเรือน,ชาย,ตราด,แรงงานในระบบ,คน
7710,7541,2566,ลูกจ้างรัฐบาล,ชาย,ตราด,แรงงานในระบบ,คน
29313,7542,2566,ลูกจ้างเอกชน,ชาย,ตราด,แรงงานในระบบ,คน
380,7543,2566,นายจ้าง,หญิง,ตราด,แรงงานในระบบ,คน
2146,7544,2566,ประกอบธุรกิจส่วนตัว,หญิง,ตราด,แรงงานในระบบ,คน
833,7545,2566,ช่วยธุรกิจครัวเรือน,หญิง,ตราด,แรงงานในระบบ,คน
11035,7546,2566,ลูกจ้างรัฐบาล,หญิง,ตราด,แรงงานในระบบ,คน
22917,7547,2566,ลูกจ้างเอกชน,หญิง,ตราด,แรงงานในระบบ,คน
3942,7548,2566,นายจ้าง,ชาย,ตราด,แรงงานนอกระบบ,คน
29901,7549,2566,ประกอบธุรกิจส่วนตัว,ชาย,ตราด,แรงงานนอกระบบ,คน
9015,7550,2566,ช่วยธุรกิจครัวเรือน,ชาย,ตราด,แรงงานนอกระบบ,คน
831,7551,2566,ลูกจ้างรัฐบาล,ชาย,ตราด,แรงงานนอกระบบ,คน
10430,7552,2566,ลูกจ้างเอกชน,ชาย,ตราด,แรงงานนอกระบบ,คน
1622,7553,2566,นายจ้าง,หญิง,ตราด,แรงงานนอกระบบ,คน
18257,7554,2566,ประกอบธุรกิจส่วนตัว,หญิง,ตราด,แรงงานนอกระบบ,คน
14482,7555,2566,ช่วยธุรกิจครัวเรือน,หญิง,ตราด,แรงงานนอกระบบ,คน
1496,7556,2566,ลูกจ้างรัฐบาล,หญิง,ตราด,แรงงานนอกระบบ,คน
4344,7557,2566,ลูกจ้างเอกชน,หญิง,ตราด,แรงงานนอกระบบ,คน
407,7558,2566,นายจ้าง,ชาย,ฉะเชิงเทรา,แรงงานในระบบ,คน
7462,7559,2566,ประกอบธุรกิจส่วนตัว,ชาย,ฉะเชิงเทรา,แรงงานในระบบ,คน
1460,7560,2566,ช่วยธุรกิจครัวเรือน,ชาย,ฉะเชิงเทรา,แรงงานในระบบ,คน
11272,7561,2566,ลูกจ้างรัฐบาล,ชาย,ฉะเชิงเทรา,แรงงานในระบบ,คน
155877,7562,2566,ลูกจ้างเอกชน,ชาย,ฉะเชิงเทรา,แรงงานในระบบ,คน
701,7563,2566,นายจ้าง,หญิง,ฉะเชิงเทรา,แรงงานในระบบ,คน
4878,7564,2566,ประกอบธุรกิจส่วนตัว,หญิง,ฉะเชิงเทรา,แรงงานในระบบ,คน
12234,7565,2566,ลูกจ้างรัฐบาล,หญิง,ฉะเชิงเทรา,แรงงานในระบบ,คน
138212,7566,2566,ลูกจ้างเอกชน,หญิง,ฉะเชิงเทรา,แรงงานในระบบ,คน
7907,7567,2566,นายจ้าง,ชาย,ฉะเชิงเทรา,แรงงานนอกระบบ,คน
72160,7568,2566,ประกอบธุรกิจส่วนตัว,ชาย,ฉะเชิงเทรา,แรงงานนอกระบบ,คน
26982,7569,2566,ช่วยธุรกิจครัวเรือน,ชาย,ฉะเชิงเทรา,แรงงานนอกระบบ,คน
16360,7570,2566,ลูกจ้างเอกชน,ชาย,ฉะเชิงเทรา,แรงงานนอกระบบ,คน
1529,7571,2566,นายจ้าง,หญิง,ฉะเชิงเทรา,แรงงานนอกระบบ,คน
62094,7572,2566,ประกอบธุรกิจส่วนตัว,หญิง,ฉะเชิงเทรา,แรงงานนอกระบบ,คน
30198,7573,2566,ช่วยธุรกิจครัวเรือน,หญิง,ฉะเชิงเทรา,แรงงานนอกระบบ,คน
4006,7574,2566,ลูกจ้างเอกชน,หญิง,ฉะเชิงเทรา,แรงงานนอกระบบ,คน
108,7575,2566,นายจ้าง,ชาย,ปราจีนบุรี,แรงงานในระบบ,คน
1089,7576,2566,ประกอบธุรกิจส่วนตัว,ชาย,ปราจีนบุรี,แรงงานในระบบ,คน
197,7577,2566,ช่วยธุรกิจครัวเรือน,ชาย,ปราจีนบุรี,แรงงานในระบบ,คน
13162,7578,2566,ลูกจ้างรัฐบาล,ชาย,ปราจีนบุรี,แรงงานในระบบ,คน
114878,7579,2566,ลูกจ้างเอกชน,ชาย,ปราจีนบุรี,แรงงานในระบบ,คน
608,7580,2566,นายจ้าง,หญิง,ปราจีนบุรี,แรงงานในระบบ,คน
2194,7581,2566,ประกอบธุรกิจส่วนตัว,หญิง,ปราจีนบุรี,แรงงานในระบบ,คน
1235,7582,2566,ช่วยธุรกิจครัวเรือน,หญิง,ปราจีนบุรี,แรงงานในระบบ,คน
17669,7583,2566,ลูกจ้างรัฐบาล,หญิง,ปราจีนบุรี,แรงงานในระบบ,คน
100620,7584,2566,ลูกจ้างเอกชน,หญิง,ปราจีนบุรี,แรงงานในระบบ,คน
19459,7585,2566,นายจ้าง,ชาย,ปราจีนบุรี,แรงงานนอกระบบ,คน
41664,7586,2566,ประกอบธุรกิจส่วนตัว,ชาย,ปราจีนบุรี,แรงงานนอกระบบ,คน
15469,7587,2566,ช่วยธุรกิจครัวเรือน,ชาย,ปราจีนบุรี,แรงงานนอกระบบ,คน
331,7588,2566,ลูกจ้างรัฐบาล,ชาย,ปราจีนบุรี,แรงงานนอกระบบ,คน
3568,7589,2566,ลูกจ้างเอกชน,ชาย,ปราจีนบุรี,แรงงานนอกระบบ,คน
7385,7590,2566,นายจ้าง,หญิง,ปราจีนบุรี,แรงงานนอกระบบ,คน
33954,7591,2566,ประกอบธุรกิจส่วนตัว,หญิง,ปราจีนบุรี,แรงงานนอกระบบ,คน
16453,7592,2566,ช่วยธุรกิจครัวเรือน,หญิง,ปราจีนบุรี,แรงงานนอกระบบ,คน
350,7593,2566,ลูกจ้างรัฐบาล,หญิง,ปราจีนบุรี,แรงงานนอกระบบ,คน
1493,7594,2566,ลูกจ้างเอกชน,หญิง,ปราจีนบุรี,แรงงานนอกระบบ,คน
230,7595,2566,นายจ้าง,ชาย,นครนายก,แรงงานในระบบ,คน
56,7596,2566,ประกอบธุรกิจส่วนตัว,ชาย,นครนายก,แรงงานในระบบ,คน
1144,7597,2566,ช่วยธุรกิจครัวเรือน,ชาย,นครนายก,แรงงานในระบบ,คน
6415,7598,2566,ลูกจ้างรัฐบาล,ชาย,นครนายก,แรงงานในระบบ,คน
29828,7599,2566,ลูกจ้างเอกชน,ชาย,นครนายก,แรงงานในระบบ,คน
28,7600,2566,นายจ้าง,หญิง,นครนายก,แรงงานในระบบ,คน
1663,7601,2566,ประกอบธุรกิจส่วนตัว,หญิง,นครนายก,แรงงานในระบบ,คน
47,7602,2566,ช่วยธุรกิจครัวเรือน,หญิง,นครนายก,แรงงานในระบบ,คน
10604,7603,2566,ลูกจ้างรัฐบาล,หญิง,นครนายก,แรงงานในระบบ,คน
24007,7604,2566,ลูกจ้างเอกชน,หญิง,นครนายก,แรงงานในระบบ,คน
2608,7605,2566,นายจ้าง,ชาย,นครนายก,แรงงานนอกระบบ,คน
24409,7606,2566,ประกอบธุรกิจส่วนตัว,ชาย,นครนายก,แรงงานนอกระบบ,คน
9567,7607,2566,ช่วยธุรกิจครัวเรือน,ชาย,นครนายก,แรงงานนอกระบบ,คน
602,7608,2566,ลูกจ้างรัฐบาล,ชาย,นครนายก,แรงงานนอกระบบ,คน
6804,7609,2566,ลูกจ้างเอกชน,ชาย,นครนายก,แรงงานนอกระบบ,คน
48,7610,2566,การรวมกลุ่ม,ชาย,นครนายก,แรงงานนอกระบบ,คน
509,7611,2566,นายจ้าง,หญิง,นครนายก,แรงงานนอกระบบ,คน
18360,7612,2566,ประกอบธุรกิจส่วนตัว,หญิง,นครนายก,แรงงานนอกระบบ,คน
9184,7613,2566,ช่วยธุรกิจครัวเรือน,หญิง,นครนายก,แรงงานนอกระบบ,คน
295,7614,2566,ลูกจ้างรัฐบาล,หญิง,นครนายก,แรงงานนอกระบบ,คน
1389,7615,2566,ลูกจ้างเอกชน,หญิง,นครนายก,แรงงานนอกระบบ,คน
244,7616,2566,นายจ้าง,ชาย,สระแก้ว,แรงงานในระบบ,คน
4384,7617,2566,ประกอบธุรกิจส่วนตัว,ชาย,สระแก้ว,แรงงานในระบบ,คน
3113,7618,2566,ช่วยธุรกิจครัวเรือน,ชาย,สระแก้ว,แรงงานในระบบ,คน
14034,7619,2566,ลูกจ้างรัฐบาล,ชาย,สระแก้ว,แรงงานในระบบ,คน
41873,7620,2566,ลูกจ้างเอกชน,ชาย,สระแก้ว,แรงงานในระบบ,คน
6279,7621,2566,ประกอบธุรกิจส่วนตัว,หญิง,สระแก้ว,แรงงานในระบบ,คน
560,7622,2566,ช่วยธุรกิจครัวเรือน,หญิง,สระแก้ว,แรงงานในระบบ,คน
19484,7623,2566,ลูกจ้างรัฐบาล,หญิง,สระแก้ว,แรงงานในระบบ,คน
34401,7624,2566,ลูกจ้างเอกชน,หญิง,สระแก้ว,แรงงานในระบบ,คน
2220,7625,2566,นายจ้าง,ชาย,สระแก้ว,แรงงานนอกระบบ,คน
107629,7626,2566,ประกอบธุรกิจส่วนตัว,ชาย,สระแก้ว,แรงงานนอกระบบ,คน
27086,7627,2566,ช่วยธุรกิจครัวเรือน,ชาย,สระแก้ว,แรงงานนอกระบบ,คน
1013,7628,2566,ลูกจ้างรัฐบาล,ชาย,สระแก้ว,แรงงานนอกระบบ,คน
5996,7629,2566,ลูกจ้างเอกชน,ชาย,สระแก้ว,แรงงานนอกระบบ,คน
1872,7630,2566,นายจ้าง,หญิง,สระแก้ว,แรงงานนอกระบบ,คน
68990,7631,2566,ประกอบธุรกิจส่วนตัว,หญิง,สระแก้ว,แรงงานนอกระบบ,คน
25908,7632,2566,ช่วยธุรกิจครัวเรือน,หญิง,สระแก้ว,แรงงานนอกระบบ,คน
915,7633,2566,ลูกจ้างรัฐบาล,หญิง,สระแก้ว,แรงงานนอกระบบ,คน
1567,7634,2566,ลูกจ้างเอกชน,หญิง,สระแก้ว,แรงงานนอกระบบ,คน
703,7635,2566,นายจ้าง,ชาย,ราชบุรี,แรงงานในระบบ,คน
5371,7636,2566,ประกอบธุรกิจส่วนตัว,ชาย,ราชบุรี,แรงงานในระบบ,คน
2550,7637,2566,ช่วยธุรกิจครัวเรือน,ชาย,ราชบุรี,แรงงานในระบบ,คน
19059,7638,2566,ลูกจ้างรัฐบาล,ชาย,ราชบุรี,แรงงานในระบบ,คน
101087,7639,2566,ลูกจ้างเอกชน,ชาย,ราชบุรี,แรงงานในระบบ,คน
964,7640,2566,นายจ้าง,หญิง,ราชบุรี,แรงงานในระบบ,คน
5671,7641,2566,ประกอบธุรกิจส่วนตัว,หญิง,ราชบุรี,แรงงานในระบบ,คน
2573,7642,2566,ช่วยธุรกิจครัวเรือน,หญิง,ราชบุรี,แรงงานในระบบ,คน
23494,7643,2566,ลูกจ้างรัฐบาล,หญิง,ราชบุรี,แรงงานในระบบ,คน
77031,7644,2566,ลูกจ้างเอกชน,หญิง,ราชบุรี,แรงงานในระบบ,คน
7625,7645,2566,นายจ้าง,ชาย,ราชบุรี,แรงงานนอกระบบ,คน
82645,7646,2566,ประกอบธุรกิจส่วนตัว,ชาย,ราชบุรี,แรงงานนอกระบบ,คน
30416,7647,2566,ช่วยธุรกิจครัวเรือน,ชาย,ราชบุรี,แรงงานนอกระบบ,คน
729,7648,2566,ลูกจ้างรัฐบาล,ชาย,ราชบุรี,แรงงานนอกระบบ,คน
5979,7649,2566,ลูกจ้างเอกชน,ชาย,ราชบุรี,แรงงานนอกระบบ,คน
4000,7650,2566,นายจ้าง,หญิง,ราชบุรี,แรงงานนอกระบบ,คน
62305,7651,2566,ประกอบธุรกิจส่วนตัว,หญิง,ราชบุรี,แรงงานนอกระบบ,คน
36252,7652,2566,ช่วยธุรกิจครัวเรือน,หญิง,ราชบุรี,แรงงานนอกระบบ,คน
343,7653,2566,ลูกจ้างรัฐบาล,หญิง,ราชบุรี,แรงงานนอกระบบ,คน
7035,7654,2566,ลูกจ้างเอกชน,หญิง,ราชบุรี,แรงงานนอกระบบ,คน
239,7655,2566,นายจ้าง,ชาย,กาญจนบุรี,แรงงานในระบบ,คน
5665,7656,2566,ประกอบธุรกิจส่วนตัว,ชาย,กาญจนบุรี,แรงงานในระบบ,คน
2425,7657,2566,ช่วยธุรกิจครัวเรือน,ชาย,กาญจนบุรี,แรงงานในระบบ,คน
25453,7658,2566,ลูกจ้างรัฐบาล,ชาย,กาญจนบุรี,แรงงานในระบบ,คน
61632,7659,2566,ลูกจ้างเอกชน,ชาย,กาญจนบุรี,แรงงานในระบบ,คน
651,7660,2566,นายจ้าง,หญิง,กาญจนบุรี,แรงงานในระบบ,คน
5450,7661,2566,ประกอบธุรกิจส่วนตัว,หญิง,กาญจนบุรี,แรงงานในระบบ,คน
2750,7662,2566,ช่วยธุรกิจครัวเรือน,หญิง,กาญจนบุรี,แรงงานในระบบ,คน
20309,7663,2566,ลูกจ้างรัฐบาล,หญิง,กาญจนบุรี,แรงงานในระบบ,คน
51818,7664,2566,ลูกจ้างเอกชน,หญิง,กาญจนบุรี,แรงงานในระบบ,คน
5346,7665,2566,นายจ้าง,ชาย,กาญจนบุรี,แรงงานนอกระบบ,คน
87211,7666,2566,ประกอบธุรกิจส่วนตัว,ชาย,กาญจนบุรี,แรงงานนอกระบบ,คน
41004,7667,2566,ช่วยธุรกิจครัวเรือน,ชาย,กาญจนบุรี,แรงงานนอกระบบ,คน
156,7668,2566,ลูกจ้างรัฐบาล,ชาย,กาญจนบุรี,แรงงานนอกระบบ,คน
28367,7669,2566,ลูกจ้างเอกชน,ชาย,กาญจนบุรี,แรงงานนอกระบบ,คน
634,7670,2566,นายจ้าง,หญิง,กาญจนบุรี,แรงงานนอกระบบ,คน
59458,7671,2566,ประกอบธุรกิจส่วนตัว,หญิง,กาญจนบุรี,แรงงานนอกระบบ,คน
44845,7672,2566,ช่วยธุรกิจครัวเรือน,หญิง,กาญจนบุรี,แรงงานนอกระบบ,คน
1236,7673,2566,ลูกจ้างรัฐบาล,หญิง,กาญจนบุรี,แรงงานนอกระบบ,คน
27309,7674,2566,ลูกจ้างเอกชน,หญิง,กาญจนบุรี,แรงงานนอกระบบ,คน
626,7675,2566,นายจ้าง,ชาย,สุพรรณบุรี,แรงงานในระบบ,คน
5542,7676,2566,ประกอบธุรกิจส่วนตัว,ชาย,สุพรรณบุรี,แรงงานในระบบ,คน
489,7677,2566,ช่วยธุรกิจครัวเรือน,ชาย,สุพรรณบุรี,แรงงานในระบบ,คน
12174,7678,2566,ลูกจ้างรัฐบาล,ชาย,สุพรรณบุรี,แรงงานในระบบ,คน
39339,7679,2566,ลูกจ้างเอกชน,ชาย,สุพรรณบุรี,แรงงานในระบบ,คน
61,7680,2566,นายจ้าง,หญิง,สุพรรณบุรี,แรงงานในระบบ,คน
4237,7681,2566,ประกอบธุรกิจส่วนตัว,หญิง,สุพรรณบุรี,แรงงานในระบบ,คน
3673,7682,2566,ช่วยธุรกิจครัวเรือน,หญิง,สุพรรณบุรี,แรงงานในระบบ,คน
15427,7683,2566,ลูกจ้างรัฐบาล,หญิง,สุพรรณบุรี,แรงงานในระบบ,คน
44497,7684,2566,ลูกจ้างเอกชน,หญิง,สุพรรณบุรี,แรงงานในระบบ,คน
3555,7685,2566,นายจ้าง,ชาย,สุพรรณบุรี,แรงงานนอกระบบ,คน
99524,7686,2566,ประกอบธุรกิจส่วนตัว,ชาย,สุพรรณบุรี,แรงงานนอกระบบ,คน
69387,7687,2566,ช่วยธุรกิจครัวเรือน,ชาย,สุพรรณบุรี,แรงงานนอกระบบ,คน
332,7688,2566,ลูกจ้างรัฐบาล,ชาย,สุพรรณบุรี,แรงงานนอกระบบ,คน
33563,7689,2566,ลูกจ้างเอกชน,ชาย,สุพรรณบุรี,แรงงานนอกระบบ,คน
1214,7690,2566,นายจ้าง,หญิง,สุพรรณบุรี,แรงงานนอกระบบ,คน
62127,7691,2566,ประกอบธุรกิจส่วนตัว,หญิง,สุพรรณบุรี,แรงงานนอกระบบ,คน
67493,7692,2566,ช่วยธุรกิจครัวเรือน,หญิง,สุพรรณบุรี,แรงงานนอกระบบ,คน
16540,7693,2566,ลูกจ้างเอกชน,หญิง,สุพรรณบุรี,แรงงานนอกระบบ,คน
184,7694,2566,การรวมกลุ่ม,หญิง,สุพรรณบุรี,แรงงานนอกระบบ,คน
1394,7695,2566,นายจ้าง,ชาย,นครปฐม,แรงงานในระบบ,คน
19665,7696,2566,ประกอบธุรกิจส่วนตัว,ชาย,นครปฐม,แรงงานในระบบ,คน
3998,7697,2566,ช่วยธุรกิจครัวเรือน,ชาย,นครปฐม,แรงงานในระบบ,คน
37334,7698,2566,ลูกจ้างรัฐบาล,ชาย,นครปฐม,แรงงานในระบบ,คน
182399,7699,2566,ลูกจ้างเอกชน,ชาย,นครปฐม,แรงงานในระบบ,คน
17862,7700,2566,ประกอบธุรกิจส่วนตัว,หญิง,นครปฐม,แรงงานในระบบ,คน
9139,7701,2566,ช่วยธุรกิจครัวเรือน,หญิง,นครปฐม,แรงงานในระบบ,คน
49074,7702,2566,ลูกจ้างรัฐบาล,หญิง,นครปฐม,แรงงานในระบบ,คน
169932,7703,2566,ลูกจ้างเอกชน,หญิง,นครปฐม,แรงงานในระบบ,คน
13862,7704,2566,นายจ้าง,ชาย,นครปฐม,แรงงานนอกระบบ,คน
115073,7705,2566,ประกอบธุรกิจส่วนตัว,ชาย,นครปฐม,แรงงานนอกระบบ,คน
51911,7706,2566,ช่วยธุรกิจครัวเรือน,ชาย,นครปฐม,แรงงานนอกระบบ,คน
8082,7707,2566,ลูกจ้างเอกชน,ชาย,นครปฐม,แรงงานนอกระบบ,คน
899,7708,2566,การรวมกลุ่ม,ชาย,นครปฐม,แรงงานนอกระบบ,คน
7086,7709,2566,นายจ้าง,หญิง,นครปฐม,แรงงานนอกระบบ,คน
93514,7710,2566,ประกอบธุรกิจส่วนตัว,หญิง,นครปฐม,แรงงานนอกระบบ,คน
73315,7711,2566,ช่วยธุรกิจครัวเรือน,หญิง,นครปฐม,แรงงานนอกระบบ,คน
3669,7712,2566,ลูกจ้างเอกชน,หญิง,นครปฐม,แรงงานนอกระบบ,คน
1744,7713,2566,นายจ้าง,ชาย,สมุทรสาคร,แรงงานในระบบ,คน
2293,7714,2566,ประกอบธุรกิจส่วนตัว,ชาย,สมุทรสาคร,แรงงานในระบบ,คน
6617,7715,2566,ลูกจ้างรัฐบาล,ชาย,สมุทรสาคร,แรงงานในระบบ,คน
292223,7716,2566,ลูกจ้างเอกชน,ชาย,สมุทรสาคร,แรงงานในระบบ,คน
4286,7717,2566,ประกอบธุรกิจส่วนตัว,หญิง,สมุทรสาคร,แรงงานในระบบ,คน
1327,7718,2566,ช่วยธุรกิจครัวเรือน,หญิง,สมุทรสาคร,แรงงานในระบบ,คน
30823,7719,2566,ลูกจ้างรัฐบาล,หญิง,สมุทรสาคร,แรงงานในระบบ,คน
263127,7720,2566,ลูกจ้างเอกชน,หญิง,สมุทรสาคร,แรงงานในระบบ,คน
12101,7721,2566,นายจ้าง,ชาย,สมุทรสาคร,แรงงานนอกระบบ,คน
60907,7722,2566,ประกอบธุรกิจส่วนตัว,ชาย,สมุทรสาคร,แรงงานนอกระบบ,คน
17359,7723,2566,ช่วยธุรกิจครัวเรือน,ชาย,สมุทรสาคร,แรงงานนอกระบบ,คน
4887,7724,2566,ลูกจ้างเอกชน,ชาย,สมุทรสาคร,แรงงานนอกระบบ,คน
2580,7725,2566,นายจ้าง,หญิง,สมุทรสาคร,แรงงานนอกระบบ,คน
39130,7726,2566,ประกอบธุรกิจส่วนตัว,หญิง,สมุทรสาคร,แรงงานนอกระบบ,คน
28936,7727,2566,ช่วยธุรกิจครัวเรือน,หญิง,สมุทรสาคร,แรงงานนอกระบบ,คน
432,7728,2566,ลูกจ้างรัฐบาล,หญิง,สมุทรสาคร,แรงงานนอกระบบ,คน
7435,7729,2566,ลูกจ้างเอกชน,หญิง,สมุทรสาคร,แรงงานนอกระบบ,คน
97,7730,2566,นายจ้าง,ชาย,สมุทรสงคราม,แรงงานในระบบ,คน
1309,7731,2566,ประกอบธุรกิจส่วนตัว,ชาย,สมุทรสงคราม,แรงงานในระบบ,คน
560,7732,2566,ช่วยธุรกิจครัวเรือน,ชาย,สมุทรสงคราม,แรงงานในระบบ,คน
5258,7733,2566,ลูกจ้างรัฐบาล,ชาย,สมุทรสงคราม,แรงงานในระบบ,คน
21489,7734,2566,ลูกจ้างเอกชน,ชาย,สมุทรสงคราม,แรงงานในระบบ,คน
14,7735,2566,นายจ้าง,หญิง,สมุทรสงคราม,แรงงานในระบบ,คน
1776,7736,2566,ประกอบธุรกิจส่วนตัว,หญิง,สมุทรสงคราม,แรงงานในระบบ,คน
405,7737,2566,ช่วยธุรกิจครัวเรือน,หญิง,สมุทรสงคราม,แรงงานในระบบ,คน
6080,7738,2566,ลูกจ้างรัฐบาล,หญิง,สมุทรสงคราม,แรงงานในระบบ,คน
18861,7739,2566,ลูกจ้างเอกชน,หญิง,สมุทรสงคราม,แรงงานในระบบ,คน
2750,7740,2566,นายจ้าง,ชาย,สมุทรสงคราม,แรงงานนอกระบบ,คน
13501,7741,2566,ประกอบธุรกิจส่วนตัว,ชาย,สมุทรสงคราม,แรงงานนอกระบบ,คน
6392,7742,2566,ช่วยธุรกิจครัวเรือน,ชาย,สมุทรสงคราม,แรงงานนอกระบบ,คน
119,7743,2566,ลูกจ้างรัฐบาล,ชาย,สมุทรสงคราม,แรงงานนอกระบบ,คน
4204,7744,2566,ลูกจ้างเอกชน,ชาย,สมุทรสงคราม,แรงงานนอกระบบ,คน
47,7745,2566,การรวมกลุ่ม,ชาย,สมุทรสงคราม,แรงงานนอกระบบ,คน
812,7746,2566,นายจ้าง,หญิง,สมุทรสงคราม,แรงงานนอกระบบ,คน
10468,7747,2566,ประกอบธุรกิจส่วนตัว,หญิง,สมุทรสงคราม,แรงงานนอกระบบ,คน
4772,7748,2566,ช่วยธุรกิจครัวเรือน,หญิง,สมุทรสงคราม,แรงงานนอกระบบ,คน
242,7749,2566,ลูกจ้างรัฐบาล,หญิง,สมุทรสงคราม,แรงงานนอกระบบ,คน
1904,7750,2566,ลูกจ้างเอกชน,หญิง,สมุทรสงคราม,แรงงานนอกระบบ,คน
1013,7751,2566,ประกอบธุรกิจส่วนตัว,ชาย,เพชรบุรี,แรงงานในระบบ,คน
418,7752,2566,ช่วยธุรกิจครัวเรือน,ชาย,เพชรบุรี,แรงงานในระบบ,คน
11493,7753,2566,ลูกจ้างรัฐบาล,ชาย,เพชรบุรี,แรงงานในระบบ,คน
57933,7754,2566,ลูกจ้างเอกชน,ชาย,เพชรบุรี,แรงงานในระบบ,คน
1529,7755,2566,ประกอบธุรกิจส่วนตัว,หญิง,เพชรบุรี,แรงงานในระบบ,คน
139,7756,2566,ช่วยธุรกิจครัวเรือน,หญิง,เพชรบุรี,แรงงานในระบบ,คน
16639,7757,2566,ลูกจ้างรัฐบาล,หญิง,เพชรบุรี,แรงงานในระบบ,คน
45620,7758,2566,ลูกจ้างเอกชน,หญิง,เพชรบุรี,แรงงานในระบบ,คน
7311,7759,2566,นายจ้าง,ชาย,เพชรบุรี,แรงงานนอกระบบ,คน
54934,7760,2566,ประกอบธุรกิจส่วนตัว,ชาย,เพชรบุรี,แรงงานนอกระบบ,คน
16217,7761,2566,ช่วยธุรกิจครัวเรือน,ชาย,เพชรบุรี,แรงงานนอกระบบ,คน
9110,7762,2566,ลูกจ้างเอกชน,ชาย,เพชรบุรี,แรงงานนอกระบบ,คน
1606,7763,2566,นายจ้าง,หญิง,เพชรบุรี,แรงงานนอกระบบ,คน
42275,7764,2566,ประกอบธุรกิจส่วนตัว,หญิง,เพชรบุรี,แรงงานนอกระบบ,คน
20982,7765,2566,ช่วยธุรกิจครัวเรือน,หญิง,เพชรบุรี,แรงงานนอกระบบ,คน
994,7766,2566,ลูกจ้างรัฐบาล,หญิง,เพชรบุรี,แรงงานนอกระบบ,คน
5056,7767,2566,ลูกจ้างเอกชน,หญิง,เพชรบุรี,แรงงานนอกระบบ,คน
755,7768,2566,นายจ้าง,ชาย,ประจวบคีรีขันธ์,แรงงานในระบบ,คน
3381,7769,2566,ประกอบธุรกิจส่วนตัว,ชาย,ประจวบคีรีขันธ์,แรงงานในระบบ,คน
1527,7770,2566,ช่วยธุรกิจครัวเรือน,ชาย,ประจวบคีรีขันธ์,แรงงานในระบบ,คน
11331,7771,2566,ลูกจ้างรัฐบาล,ชาย,ประจวบคีรีขันธ์,แรงงานในระบบ,คน
53586,7772,2566,ลูกจ้างเอกชน,ชาย,ประจวบคีรีขันธ์,แรงงานในระบบ,คน
435,7773,2566,นายจ้าง,หญิง,ประจวบคีรีขันธ์,แรงงานในระบบ,คน
4231,7774,2566,ประกอบธุรกิจส่วนตัว,หญิง,ประจวบคีรีขันธ์,แรงงานในระบบ,คน
1726,7775,2566,ช่วยธุรกิจครัวเรือน,หญิง,ประจวบคีรีขันธ์,แรงงานในระบบ,คน
14374,7776,2566,ลูกจ้างรัฐบาล,หญิง,ประจวบคีรีขันธ์,แรงงานในระบบ,คน
43749,7777,2566,ลูกจ้างเอกชน,หญิง,ประจวบคีรีขันธ์,แรงงานในระบบ,คน
6895,7778,2566,นายจ้าง,ชาย,ประจวบคีรีขันธ์,แรงงานนอกระบบ,คน
48782,7779,2566,ประกอบธุรกิจส่วนตัว,ชาย,ประจวบคีรีขันธ์,แรงงานนอกระบบ,คน
12887,7780,2566,ช่วยธุรกิจครัวเรือน,ชาย,ประจวบคีรีขันธ์,แรงงานนอกระบบ,คน
488,7781,2566,ลูกจ้างรัฐบาล,ชาย,ประจวบคีรีขันธ์,แรงงานนอกระบบ,คน
9807,7782,2566,ลูกจ้างเอกชน,ชาย,ประจวบคีรีขันธ์,แรงงานนอกระบบ,คน
3435,7783,2566,นายจ้าง,หญิง,ประจวบคีรีขันธ์,แรงงานนอกระบบ,คน
36504,7784,2566,ประกอบธุรกิจส่วนตัว,หญิง,ประจวบคีรีขันธ์,แรงงานนอกระบบ,คน
20066,7785,2566,ช่วยธุรกิจครัวเรือน,หญิง,ประจวบคีรีขันธ์,แรงงานนอกระบบ,คน
854,7786,2566,ลูกจ้างรัฐบาล,หญิง,ประจวบคีรีขันธ์,แรงงานนอกระบบ,คน
6516,7787,2566,ลูกจ้างเอกชน,หญิง,ประจวบคีรีขันธ์,แรงงานนอกระบบ,คน
243,7788,2566,การรวมกลุ่ม,หญิง,ประจวบคีรีขันธ์,แรงงานนอกระบบ,คน
429,7789,2566,นายจ้าง,ชาย,นครราชสีมา,แรงงานในระบบ,คน
16348,7790,2566,ประกอบธุรกิจส่วนตัว,ชาย,นครราชสีมา,แรงงานในระบบ,คน
10489,7791,2566,ช่วยธุรกิจครัวเรือน,ชาย,นครราชสีมา,แรงงานในระบบ,คน
38969,7792,2566,ลูกจ้างรัฐบาล,ชาย,นครราชสีมา,แรงงานในระบบ,คน
180429,7793,2566,ลูกจ้างเอกชน,ชาย,นครราชสีมา,แรงงานในระบบ,คน
89,7794,2566,นายจ้าง,หญิง,นครราชสีมา,แรงงานในระบบ,คน
23842,7795,2566,ประกอบธุรกิจส่วนตัว,หญิง,นครราชสีมา,แรงงานในระบบ,คน
10481,7796,2566,ช่วยธุรกิจครัวเรือน,หญิง,นครราชสีมา,แรงงานในระบบ,คน
78578,7797,2566,ลูกจ้างรัฐบาล,หญิง,นครราชสีมา,แรงงานในระบบ,คน
145944,7798,2566,ลูกจ้างเอกชน,หญิง,นครราชสีมา,แรงงานในระบบ,คน
198,7799,2566,การรวมกลุ่ม,หญิง,นครราชสีมา,แรงงานในระบบ,คน
8821,7800,2566,นายจ้าง,ชาย,นครราชสีมา,แรงงานนอกระบบ,คน
303814,7801,2566,ประกอบธุรกิจส่วนตัว,ชาย,นครราชสีมา,แรงงานนอกระบบ,คน
91247,7802,2566,ช่วยธุรกิจครัวเรือน,ชาย,นครราชสีมา,แรงงานนอกระบบ,คน
14621,7803,2566,ลูกจ้างเอกชน,ชาย,นครราชสีมา,แรงงานนอกระบบ,คน
5167,7804,2566,นายจ้าง,หญิง,นครราชสีมา,แรงงานนอกระบบ,คน
181134,7805,2566,ประกอบธุรกิจส่วนตัว,หญิง,นครราชสีมา,แรงงานนอกระบบ,คน
142819,7806,2566,ช่วยธุรกิจครัวเรือน,หญิง,นครราชสีมา,แรงงานนอกระบบ,คน
1323,7807,2566,ลูกจ้างรัฐบาล,หญิง,นครราชสีมา,แรงงานนอกระบบ,คน
2677,7808,2566,ลูกจ้างเอกชน,หญิง,นครราชสีมา,แรงงานนอกระบบ,คน
296,7809,2566,นายจ้าง,ชาย,บุรีรัมย์,แรงงานในระบบ,คน
7439,7810,2566,ประกอบธุรกิจส่วนตัว,ชาย,บุรีรัมย์,แรงงานในระบบ,คน
4403,7811,2566,ช่วยธุรกิจครัวเรือน,ชาย,บุรีรัมย์,แรงงานในระบบ,คน
34010,7812,2566,ลูกจ้างรัฐบาล,ชาย,บุรีรัมย์,แรงงานในระบบ,คน
38232,7813,2566,ลูกจ้างเอกชน,ชาย,บุรีรัมย์,แรงงานในระบบ,คน
595,7814,2566,นายจ้าง,หญิง,บุรีรัมย์,แรงงานในระบบ,คน
6086,7815,2566,ประกอบธุรกิจส่วนตัว,หญิง,บุรีรัมย์,แรงงานในระบบ,คน
5345,7816,2566,ช่วยธุรกิจครัวเรือน,หญิง,บุรีรัมย์,แรงงานในระบบ,คน
30042,7817,2566,ลูกจ้างรัฐบาล,หญิง,บุรีรัมย์,แรงงานในระบบ,คน
37965,7818,2566,ลูกจ้างเอกชน,หญิง,บุรีรัมย์,แรงงานในระบบ,คน
5636,7819,2566,นายจ้าง,ชาย,บุรีรัมย์,แรงงานนอกระบบ,คน
207354,7820,2566,ประกอบธุรกิจส่วนตัว,ชาย,บุรีรัมย์,แรงงานนอกระบบ,คน
54748,7821,2566,ช่วยธุรกิจครัวเรือน,ชาย,บุรีรัมย์,แรงงานนอกระบบ,คน
562,7822,2566,ลูกจ้างรัฐบาล,ชาย,บุรีรัมย์,แรงงานนอกระบบ,คน
9331,7823,2566,ลูกจ้างเอกชน,ชาย,บุรีรัมย์,แรงงานนอกระบบ,คน
451,7824,2566,นายจ้าง,หญิง,บุรีรัมย์,แรงงานนอกระบบ,คน
126349,7825,2566,ประกอบธุรกิจส่วนตัว,หญิง,บุรีรัมย์,แรงงานนอกระบบ,คน
85228,7826,2566,ช่วยธุรกิจครัวเรือน,หญิง,บุรีรัมย์,แรงงานนอกระบบ,คน
755,7827,2566,ลูกจ้างรัฐบาล,หญิง,บุรีรัมย์,แรงงานนอกระบบ,คน
5095,7828,2566,ลูกจ้างเอกชน,หญิง,บุรีรัมย์,แรงงานนอกระบบ,คน
5317,7829,2566,ประกอบธุรกิจส่วนตัว,ชาย,สุรินทร์,แรงงานในระบบ,คน
1099,7830,2566,ช่วยธุรกิจครัวเรือน,ชาย,สุรินทร์,แรงงานในระบบ,คน
25995,7831,2566,ลูกจ้างรัฐบาล,ชาย,สุรินทร์,แรงงานในระบบ,คน
31704,7832,2566,ลูกจ้างเอกชน,ชาย,สุรินทร์,แรงงานในระบบ,คน
1969,7833,2566,ประกอบธุรกิจส่วนตัว,หญิง,สุรินทร์,แรงงานในระบบ,คน
803,7834,2566,ช่วยธุรกิจครัวเรือน,หญิง,สุรินทร์,แรงงานในระบบ,คน
26489,7835,2566,ลูกจ้างรัฐบาล,หญิง,สุรินทร์,แรงงานในระบบ,คน
30907,7836,2566,ลูกจ้างเอกชน,หญิง,สุรินทร์,แรงงานในระบบ,คน
484,7837,2566,นายจ้าง,ชาย,สุรินทร์,แรงงานนอกระบบ,คน
153927,7838,2566,ประกอบธุรกิจส่วนตัว,ชาย,สุรินทร์,แรงงานนอกระบบ,คน
42343,7839,2566,ช่วยธุรกิจครัวเรือน,ชาย,สุรินทร์,แรงงานนอกระบบ,คน
2794,7840,2566,ลูกจ้างรัฐบาล,ชาย,สุรินทร์,แรงงานนอกระบบ,คน
7183,7841,2566,ลูกจ้างเอกชน,ชาย,สุรินทร์,แรงงานนอกระบบ,คน
441,7842,2566,นายจ้าง,หญิง,สุรินทร์,แรงงานนอกระบบ,คน
110280,7843,2566,ประกอบธุรกิจส่วนตัว,หญิง,สุรินทร์,แรงงานนอกระบบ,คน
55445,7844,2566,ช่วยธุรกิจครัวเรือน,หญิง,สุรินทร์,แรงงานนอกระบบ,คน
1199,7845,2566,ลูกจ้างรัฐบาล,หญิง,สุรินทร์,แรงงานนอกระบบ,คน
7554,7846,2566,ลูกจ้างเอกชน,หญิง,สุรินทร์,แรงงานนอกระบบ,คน
551,7847,2566,การรวมกลุ่ม,หญิง,สุรินทร์,แรงงานนอกระบบ,คน
769,7848,2566,นายจ้าง,ชาย,ศรีสะเกษ,แรงงานในระบบ,คน
5837,7849,2566,ประกอบธุรกิจส่วนตัว,ชาย,ศรีสะเกษ,แรงงานในระบบ,คน
1956,7850,2566,ช่วยธุรกิจครัวเรือน,ชาย,ศรีสะเกษ,แรงงานในระบบ,คน
18443,7851,2566,ลูกจ้างรัฐบาล,ชาย,ศรีสะเกษ,แรงงานในระบบ,คน
28629,7852,2566,ลูกจ้างเอกชน,ชาย,ศรีสะเกษ,แรงงานในระบบ,คน
4553,7853,2566,ประกอบธุรกิจส่วนตัว,หญิง,ศรีสะเกษ,แรงงานในระบบ,คน
1804,7854,2566,ช่วยธุรกิจครัวเรือน,หญิง,ศรีสะเกษ,แรงงานในระบบ,คน
21700,7855,2566,ลูกจ้างรัฐบาล,หญิง,ศรีสะเกษ,แรงงานในระบบ,คน
15858,7856,2566,ลูกจ้างเอกชน,หญิง,ศรีสะเกษ,แรงงานในระบบ,คน
916,7857,2566,นายจ้าง,ชาย,ศรีสะเกษ,แรงงานนอกระบบ,คน
137727,7858,2566,ประกอบธุรกิจส่วนตัว,ชาย,ศรีสะเกษ,แรงงานนอกระบบ,คน
94429,7859,2566,ช่วยธุรกิจครัวเรือน,ชาย,ศรีสะเกษ,แรงงานนอกระบบ,คน
3371,7860,2566,ลูกจ้างรัฐบาล,ชาย,ศรีสะเกษ,แรงงานนอกระบบ,คน
688,7861,2566,ลูกจ้างเอกชน,ชาย,ศรีสะเกษ,แรงงานนอกระบบ,คน
80,7862,2566,นายจ้าง,หญิง,ศรีสะเกษ,แรงงานนอกระบบ,คน
121657,7863,2566,ประกอบธุรกิจส่วนตัว,หญิง,ศรีสะเกษ,แรงงานนอกระบบ,คน
98679,7864,2566,ช่วยธุรกิจครัวเรือน,หญิง,ศรีสะเกษ,แรงงานนอกระบบ,คน
83,7865,2566,ลูกจ้างรัฐบาล,หญิง,ศรีสะเกษ,แรงงานนอกระบบ,คน
1252,7866,2566,ลูกจ้างเอกชน,หญิง,ศรีสะเกษ,แรงงานนอกระบบ,คน
636,7867,2566,นายจ้าง,ชาย,อุบลราชธานี,แรงงานในระบบ,คน
3047,7868,2566,ประกอบธุรกิจส่วนตัว,ชาย,อุบลราชธานี,แรงงานในระบบ,คน
258,7869,2566,ช่วยธุรกิจครัวเรือน,ชาย,อุบลราชธานี,แรงงานในระบบ,คน
29179,7870,2566,ลูกจ้างรัฐบาล,ชาย,อุบลราชธานี,แรงงานในระบบ,คน
48590,7871,2566,ลูกจ้างเอกชน,ชาย,อุบลราชธานี,แรงงานในระบบ,คน
1033,7872,2566,ประกอบธุรกิจส่วนตัว,หญิง,อุบลราชธานี,แรงงานในระบบ,คน
34271,7873,2566,ลูกจ้างรัฐบาล,หญิง,อุบลราชธานี,แรงงานในระบบ,คน
38926,7874,2566,ลูกจ้างเอกชน,หญิง,อุบลราชธานี,แรงงานในระบบ,คน
5871,7875,2566,นายจ้าง,ชาย,อุบลราชธานี,แรงงานนอกระบบ,คน
305447,7876,2566,ประกอบธุรกิจส่วนตัว,ชาย,อุบลราชธานี,แรงงานนอกระบบ,คน
92530,7877,2566,ช่วยธุรกิจครัวเรือน,ชาย,อุบลราชธานี,แรงงานนอกระบบ,คน
2083,7878,2566,ลูกจ้างรัฐบาล,ชาย,อุบลราชธานี,แรงงานนอกระบบ,คน
18277,7879,2566,ลูกจ้างเอกชน,ชาย,อุบลราชธานี,แรงงานนอกระบบ,คน
1692,7880,2566,การรวมกลุ่ม,ชาย,อุบลราชธานี,แรงงานนอกระบบ,คน
1019,7881,2566,นายจ้าง,หญิง,อุบลราชธานี,แรงงานนอกระบบ,คน
103418,7882,2566,ประกอบธุรกิจส่วนตัว,หญิง,อุบลราชธานี,แรงงานนอกระบบ,คน
206724,7883,2566,ช่วยธุรกิจครัวเรือน,หญิง,อุบลราชธานี,แรงงานนอกระบบ,คน
870,7884,2566,ลูกจ้างรัฐบาล,หญิง,อุบลราชธานี,แรงงานนอกระบบ,คน
6462,7885,2566,ลูกจ้างเอกชน,หญิง,อุบลราชธานี,แรงงานนอกระบบ,คน
,7886,2566,ประกอบธุรกิจส่วนตัว,ชาย,ยโสธร,แรงงานในระบบ,คน
8231,7887,2566,ลูกจ้างรัฐบาล,ชาย,ยโสธร,แรงงานในระบบ,คน
8788,7888,2566,ลูกจ้างเอกชน,ชาย,ยโสธร,แรงงานในระบบ,คน
63,7889,2566,นายจ้าง,หญิง,ยโสธร,แรงงานในระบบ,คน
,7890,2566,ประกอบธุรกิจส่วนตัว,หญิง,ยโสธร,แรงงานในระบบ,คน
10868,7891,2566,ลูกจ้างรัฐบาล,หญิง,ยโสธร,แรงงานในระบบ,คน
6391,7892,2566,ลูกจ้างเอกชน,หญิง,ยโสธร,แรงงานในระบบ,คน
856,7893,2566,นายจ้าง,ชาย,ยโสธร,แรงงานนอกระบบ,คน
85476,7894,2566,ประกอบธุรกิจส่วนตัว,ชาย,ยโสธร,แรงงานนอกระบบ,คน
31363,7895,2566,ช่วยธุรกิจครัวเรือน,ชาย,ยโสธร,แรงงานนอกระบบ,คน
201,7896,2566,ลูกจ้างรัฐบาล,ชาย,ยโสธร,แรงงานนอกระบบ,คน
2772,7897,2566,ลูกจ้างเอกชน,ชาย,ยโสธร,แรงงานนอกระบบ,คน
317,7898,2566,นายจ้าง,หญิง,ยโสธร,แรงงานนอกระบบ,คน
40456,7899,2566,ประกอบธุรกิจส่วนตัว,หญิง,ยโสธร,แรงงานนอกระบบ,คน
82158,7900,2566,ช่วยธุรกิจครัวเรือน,หญิง,ยโสธร,แรงงานนอกระบบ,คน
667,7901,2566,ลูกจ้างรัฐบาล,หญิง,ยโสธร,แรงงานนอกระบบ,คน
1133,7902,2566,ลูกจ้างเอกชน,หญิง,ยโสธร,แรงงานนอกระบบ,คน
2321,7903,2566,นายจ้าง,ชาย,ชัยภูมิ,แรงงานในระบบ,คน
106,7904,2566,ประกอบธุรกิจส่วนตัว,ชาย,ชัยภูมิ,แรงงานในระบบ,คน
158,7905,2566,ช่วยธุรกิจครัวเรือน,ชาย,ชัยภูมิ,แรงงานในระบบ,คน
19635,7906,2566,ลูกจ้างรัฐบาล,ชาย,ชัยภูมิ,แรงงานในระบบ,คน
27805,7907,2566,ลูกจ้างเอกชน,ชาย,ชัยภูมิ,แรงงานในระบบ,คน
1542,7908,2566,นายจ้าง,หญิง,ชัยภูมิ,แรงงานในระบบ,คน
720,7909,2566,ประกอบธุรกิจส่วนตัว,หญิง,ชัยภูมิ,แรงงานในระบบ,คน
902,7910,2566,ช่วยธุรกิจครัวเรือน,หญิง,ชัยภูมิ,แรงงานในระบบ,คน
26761,7911,2566,ลูกจ้างรัฐบาล,หญิง,ชัยภูมิ,แรงงานในระบบ,คน
26021,7912,2566,ลูกจ้างเอกชน,หญิง,ชัยภูมิ,แรงงานในระบบ,คน
2760,7913,2566,นายจ้าง,ชาย,ชัยภูมิ,แรงงานนอกระบบ,คน
110567,7914,2566,ประกอบธุรกิจส่วนตัว,ชาย,ชัยภูมิ,แรงงานนอกระบบ,คน
55664,7915,2566,ช่วยธุรกิจครัวเรือน,ชาย,ชัยภูมิ,แรงงานนอกระบบ,คน
2073,7916,2566,ลูกจ้างรัฐบาล,ชาย,ชัยภูมิ,แรงงานนอกระบบ,คน
36355,7917,2566,ลูกจ้างเอกชน,ชาย,ชัยภูมิ,แรงงานนอกระบบ,คน
1125,7918,2566,นายจ้าง,หญิง,ชัยภูมิ,แรงงานนอกระบบ,คน
86119,7919,2566,ประกอบธุรกิจส่วนตัว,หญิง,ชัยภูมิ,แรงงานนอกระบบ,คน
68509,7920,2566,ช่วยธุรกิจครัวเรือน,หญิง,ชัยภูมิ,แรงงานนอกระบบ,คน
1815,7921,2566,ลูกจ้างรัฐบาล,หญิง,ชัยภูมิ,แรงงานนอกระบบ,คน
16881,7922,2566,ลูกจ้างเอกชน,หญิง,ชัยภูมิ,แรงงานนอกระบบ,คน
21,7923,2566,นายจ้าง,ชาย,อำนาจเจริญ,แรงงานในระบบ,คน
1076,7924,2566,ประกอบธุรกิจส่วนตัว,ชาย,อำนาจเจริญ,แรงงานในระบบ,คน
88,7925,2566,ช่วยธุรกิจครัวเรือน,ชาย,อำนาจเจริญ,แรงงานในระบบ,คน
6914,7926,2566,ลูกจ้างรัฐบาล,ชาย,อำนาจเจริญ,แรงงานในระบบ,คน
4144,7927,2566,ลูกจ้างเอกชน,ชาย,อำนาจเจริญ,แรงงานในระบบ,คน
933,7928,2566,ประกอบธุรกิจส่วนตัว,หญิง,อำนาจเจริญ,แรงงานในระบบ,คน
350,7929,2566,ช่วยธุรกิจครัวเรือน,หญิง,อำนาจเจริญ,แรงงานในระบบ,คน
7446,7930,2566,ลูกจ้างรัฐบาล,หญิง,อำนาจเจริญ,แรงงานในระบบ,คน
5232,7931,2566,ลูกจ้างเอกชน,หญิง,อำนาจเจริญ,แรงงานในระบบ,คน
810,7932,2566,นายจ้าง,ชาย,อำนาจเจริญ,แรงงานนอกระบบ,คน
48880,7933,2566,ประกอบธุรกิจส่วนตัว,ชาย,อำนาจเจริญ,แรงงานนอกระบบ,คน
15575,7934,2566,ช่วยธุรกิจครัวเรือน,ชาย,อำนาจเจริญ,แรงงานนอกระบบ,คน
844,7935,2566,ลูกจ้างรัฐบาล,ชาย,อำนาจเจริญ,แรงงานนอกระบบ,คน
2015,7936,2566,ลูกจ้างเอกชน,ชาย,อำนาจเจริญ,แรงงานนอกระบบ,คน
254,7937,2566,นายจ้าง,หญิง,อำนาจเจริญ,แรงงานนอกระบบ,คน
35131,7938,2566,ประกอบธุรกิจส่วนตัว,หญิง,อำนาจเจริญ,แรงงานนอกระบบ,คน
18967,7939,2566,ช่วยธุรกิจครัวเรือน,หญิง,อำนาจเจริญ,แรงงานนอกระบบ,คน
588,7940,2566,ลูกจ้างรัฐบาล,หญิง,อำนาจเจริญ,แรงงานนอกระบบ,คน
1202,7941,2566,ลูกจ้างเอกชน,หญิง,อำนาจเจริญ,แรงงานนอกระบบ,คน
29,7942,2566,นายจ้าง,ชาย,บึงกาฬ,แรงงานในระบบ,คน
568,7943,2566,ประกอบธุรกิจส่วนตัว,ชาย,บึงกาฬ,แรงงานในระบบ,คน
53,7944,2566,ช่วยธุรกิจครัวเรือน,ชาย,บึงกาฬ,แรงงานในระบบ,คน
3964,7945,2566,ลูกจ้างรัฐบาล,ชาย,บึงกาฬ,แรงงานในระบบ,คน
14487,7946,2566,ลูกจ้างเอกชน,ชาย,บึงกาฬ,แรงงานในระบบ,คน
916,7947,2566,ประกอบธุรกิจส่วนตัว,หญิง,บึงกาฬ,แรงงานในระบบ,คน
464,7948,2566,ช่วยธุรกิจครัวเรือน,หญิง,บึงกาฬ,แรงงานในระบบ,คน
6532,7949,2566,ลูกจ้างรัฐบาล,หญิง,บึงกาฬ,แรงงานในระบบ,คน
8562,7950,2566,ลูกจ้างเอกชน,หญิง,บึงกาฬ,แรงงานในระบบ,คน
1693,7951,2566,นายจ้าง,ชาย,บึงกาฬ,แรงงานนอกระบบ,คน
46903,7952,2566,ประกอบธุรกิจส่วนตัว,ชาย,บึงกาฬ,แรงงานนอกระบบ,คน
27100,7953,2566,ช่วยธุรกิจครัวเรือน,ชาย,บึงกาฬ,แรงงานนอกระบบ,คน
220,7954,2566,ลูกจ้างรัฐบาล,ชาย,บึงกาฬ,แรงงานนอกระบบ,คน
2579,7955,2566,ลูกจ้างเอกชน,ชาย,บึงกาฬ,แรงงานนอกระบบ,คน
1143,7956,2566,นายจ้าง,หญิง,บึงกาฬ,แรงงานนอกระบบ,คน
26817,7957,2566,ประกอบธุรกิจส่วนตัว,หญิง,บึงกาฬ,แรงงานนอกระบบ,คน
35305,7958,2566,ช่วยธุรกิจครัวเรือน,หญิง,บึงกาฬ,แรงงานนอกระบบ,คน
77,7959,2566,ลูกจ้างรัฐบาล,หญิง,บึงกาฬ,แรงงานนอกระบบ,คน
575,7960,2566,ลูกจ้างเอกชน,หญิง,บึงกาฬ,แรงงานนอกระบบ,คน
752,7961,2566,ประกอบธุรกิจส่วนตัว,ชาย,หนองบัวลำภู,แรงงานในระบบ,คน
674,7962,2566,ช่วยธุรกิจครัวเรือน,ชาย,หนองบัวลำภู,แรงงานในระบบ,คน
12169,7963,2566,ลูกจ้างรัฐบาล,ชาย,หนองบัวลำภู,แรงงานในระบบ,คน
15430,7964,2566,ลูกจ้างเอกชน,ชาย,หนองบัวลำภู,แรงงานในระบบ,คน
1111,7965,2566,ประกอบธุรกิจส่วนตัว,หญิง,หนองบัวลำภู,แรงงานในระบบ,คน
675,7966,2566,ช่วยธุรกิจครัวเรือน,หญิง,หนองบัวลำภู,แรงงานในระบบ,คน
8675,7967,2566,ลูกจ้างรัฐบาล,หญิง,หนองบัวลำภู,แรงงานในระบบ,คน
12596,7968,2566,ลูกจ้างเอกชน,หญิง,หนองบัวลำภู,แรงงานในระบบ,คน
1138,7969,2566,นายจ้าง,ชาย,หนองบัวลำภู,แรงงานนอกระบบ,คน
67880,7970,2566,ประกอบธุรกิจส่วนตัว,ชาย,หนองบัวลำภู,แรงงานนอกระบบ,คน
30936,7971,2566,ช่วยธุรกิจครัวเรือน,ชาย,หนองบัวลำภู,แรงงานนอกระบบ,คน
230,7972,2566,ลูกจ้างรัฐบาล,ชาย,หนองบัวลำภู,แรงงานนอกระบบ,คน
10398,7973,2566,ลูกจ้างเอกชน,ชาย,หนองบัวลำภู,แรงงานนอกระบบ,คน
447,7974,2566,การรวมกลุ่ม,ชาย,หนองบัวลำภู,แรงงานนอกระบบ,คน
527,7975,2566,นายจ้าง,หญิง,หนองบัวลำภู,แรงงานนอกระบบ,คน
43981,7976,2566,ประกอบธุรกิจส่วนตัว,หญิง,หนองบัวลำภู,แรงงานนอกระบบ,คน
50497,7977,2566,ช่วยธุรกิจครัวเรือน,หญิง,หนองบัวลำภู,แรงงานนอกระบบ,คน
124,7978,2566,ลูกจ้างรัฐบาล,หญิง,หนองบัวลำภู,แรงงานนอกระบบ,คน
4809,7979,2566,ลูกจ้างเอกชน,หญิง,หนองบัวลำภู,แรงงานนอกระบบ,คน
2213,7980,2566,นายจ้าง,ชาย,ขอนแก่น,แรงงานในระบบ,คน
3810,7981,2566,ประกอบธุรกิจส่วนตัว,ชาย,ขอนแก่น,แรงงานในระบบ,คน
22801,7982,2566,ลูกจ้างรัฐบาล,ชาย,ขอนแก่น,แรงงานในระบบ,คน
95264,7983,2566,ลูกจ้างเอกชน,ชาย,ขอนแก่น,แรงงานในระบบ,คน
3506,7984,2566,ประกอบธุรกิจส่วนตัว,หญิง,ขอนแก่น,แรงงานในระบบ,คน
2754,7985,2566,ช่วยธุรกิจครัวเรือน,หญิง,ขอนแก่น,แรงงานในระบบ,คน
26096,7986,2566,ลูกจ้างรัฐบาล,หญิง,ขอนแก่น,แรงงานในระบบ,คน
103417,7987,2566,ลูกจ้างเอกชน,หญิง,ขอนแก่น,แรงงานในระบบ,คน
11273,7988,2566,นายจ้าง,ชาย,ขอนแก่น,แรงงานนอกระบบ,คน
270979,7989,2566,ประกอบธุรกิจส่วนตัว,ชาย,ขอนแก่น,แรงงานนอกระบบ,คน
58023,7990,2566,ช่วยธุรกิจครัวเรือน,ชาย,ขอนแก่น,แรงงานนอกระบบ,คน
34489,7991,2566,ลูกจ้างเอกชน,ชาย,ขอนแก่น,แรงงานนอกระบบ,คน
3550,7992,2566,การรวมกลุ่ม,ชาย,ขอนแก่น,แรงงานนอกระบบ,คน
1667,7993,2566,นายจ้าง,หญิง,ขอนแก่น,แรงงานนอกระบบ,คน
141455,7994,2566,ประกอบธุรกิจส่วนตัว,หญิง,ขอนแก่น,แรงงานนอกระบบ,คน
160927,7995,2566,ช่วยธุรกิจครัวเรือน,หญิง,ขอนแก่น,แรงงานนอกระบบ,คน
17725,7996,2566,ลูกจ้างเอกชน,หญิง,ขอนแก่น,แรงงานนอกระบบ,คน
1256,7997,2566,การรวมกลุ่ม,หญิง,ขอนแก่น,แรงงานนอกระบบ,คน
6860,7998,2566,ประกอบธุรกิจส่วนตัว,ชาย,อุดรธานี,แรงงานในระบบ,คน
971,7999,2566,ช่วยธุรกิจครัวเรือน,ชาย,อุดรธานี,แรงงานในระบบ,คน
29848,8000,2566,ลูกจ้างรัฐบาล,ชาย,อุดรธานี,แรงงานในระบบ,คน
43888,8001,2566,ลูกจ้างเอกชน,ชาย,อุดรธานี,แรงงานในระบบ,คน
1420,8002,2566,นายจ้าง,หญิง,อุดรธานี,แรงงานในระบบ,คน
4108,8003,2566,ประกอบธุรกิจส่วนตัว,หญิง,อุดรธานี,แรงงานในระบบ,คน
2485,8004,2566,ช่วยธุรกิจครัวเรือน,หญิง,อุดรธานี,แรงงานในระบบ,คน
30162,8005,2566,ลูกจ้างรัฐบาล,หญิง,อุดรธานี,แรงงานในระบบ,คน
33450,8006,2566,ลูกจ้างเอกชน,หญิง,อุดรธานี,แรงงานในระบบ,คน
1254,8007,2566,นายจ้าง,ชาย,อุดรธานี,แรงงานนอกระบบ,คน
182516,8008,2566,ประกอบธุรกิจส่วนตัว,ชาย,อุดรธานี,แรงงานนอกระบบ,คน
47564,8009,2566,ช่วยธุรกิจครัวเรือน,ชาย,อุดรธานี,แรงงานนอกระบบ,คน
2268,8010,2566,ลูกจ้างรัฐบาล,ชาย,อุดรธานี,แรงงานนอกระบบ,คน
38307,8011,2566,ลูกจ้างเอกชน,ชาย,อุดรธานี,แรงงานนอกระบบ,คน
503,8012,2566,นายจ้าง,หญิง,อุดรธานี,แรงงานนอกระบบ,คน
94312,8013,2566,ประกอบธุรกิจส่วนตัว,หญิง,อุดรธานี,แรงงานนอกระบบ,คน
116027,8014,2566,ช่วยธุรกิจครัวเรือน,หญิง,อุดรธานี,แรงงานนอกระบบ,คน
1326,8015,2566,ลูกจ้างรัฐบาล,หญิง,อุดรธานี,แรงงานนอกระบบ,คน
6814,8016,2566,ลูกจ้างเอกชน,หญิง,อุดรธานี,แรงงานนอกระบบ,คน
457,8017,2566,การรวมกลุ่ม,หญิง,อุดรธานี,แรงงานนอกระบบ,คน
297,8018,2566,นายจ้าง,ชาย,เลย,แรงงานในระบบ,คน
985,8019,2566,ประกอบธุรกิจส่วนตัว,ชาย,เลย,แรงงานในระบบ,คน
130,8020,2566,ช่วยธุรกิจครัวเรือน,ชาย,เลย,แรงงานในระบบ,คน
11007,8021,2566,ลูกจ้างรัฐบาล,ชาย,เลย,แรงงานในระบบ,คน
12107,8022,2566,ลูกจ้างเอกชน,ชาย,เลย,แรงงานในระบบ,คน
1458,8023,2566,ประกอบธุรกิจส่วนตัว,หญิง,เลย,แรงงานในระบบ,คน
1127,8024,2566,ช่วยธุรกิจครัวเรือน,หญิง,เลย,แรงงานในระบบ,คน
19889,8025,2566,ลูกจ้างรัฐบาล,หญิง,เลย,แรงงานในระบบ,คน
10190,8026,2566,ลูกจ้างเอกชน,หญิง,เลย,แรงงานในระบบ,คน
1000,8027,2566,นายจ้าง,ชาย,เลย,แรงงานนอกระบบ,คน
62003,8028,2566,ประกอบธุรกิจส่วนตัว,ชาย,เลย,แรงงานนอกระบบ,คน
47190,8029,2566,ช่วยธุรกิจครัวเรือน,ชาย,เลย,แรงงานนอกระบบ,คน
322,8030,2566,ลูกจ้างรัฐบาล,ชาย,เลย,แรงงานนอกระบบ,คน
6436,8031,2566,ลูกจ้างเอกชน,ชาย,เลย,แรงงานนอกระบบ,คน
523,8032,2566,นายจ้าง,หญิง,เลย,แรงงานนอกระบบ,คน
46383,8033,2566,ประกอบธุรกิจส่วนตัว,หญิง,เลย,แรงงานนอกระบบ,คน
47064,8034,2566,ช่วยธุรกิจครัวเรือน,หญิง,เลย,แรงงานนอกระบบ,คน
94,8035,2566,ลูกจ้างรัฐบาล,หญิง,เลย,แรงงานนอกระบบ,คน
2476,8036,2566,ลูกจ้างเอกชน,หญิง,เลย,แรงงานนอกระบบ,คน
92,8037,2566,นายจ้าง,ชาย,หนองคาย,แรงงานในระบบ,คน
324,8038,2566,ประกอบธุรกิจส่วนตัว,ชาย,หนองคาย,แรงงานในระบบ,คน
90,8039,2566,ช่วยธุรกิจครัวเรือน,ชาย,หนองคาย,แรงงานในระบบ,คน
11335,8040,2566,ลูกจ้างรัฐบาล,ชาย,หนองคาย,แรงงานในระบบ,คน
13152,8041,2566,ลูกจ้างเอกชน,ชาย,หนองคาย,แรงงานในระบบ,คน
100,8042,2566,ประกอบธุรกิจส่วนตัว,หญิง,หนองคาย,แรงงานในระบบ,คน
324,8043,2566,ช่วยธุรกิจครัวเรือน,หญิง,หนองคาย,แรงงานในระบบ,คน
15437,8044,2566,ลูกจ้างรัฐบาล,หญิง,หนองคาย,แรงงานในระบบ,คน
13579,8045,2566,ลูกจ้างเอกชน,หญิง,หนองคาย,แรงงานในระบบ,คน
1954,8046,2566,นายจ้าง,ชาย,หนองคาย,แรงงานนอกระบบ,คน
55751,8047,2566,ประกอบธุรกิจส่วนตัว,ชาย,หนองคาย,แรงงานนอกระบบ,คน
26128,8048,2566,ช่วยธุรกิจครัวเรือน,ชาย,หนองคาย,แรงงานนอกระบบ,คน
932,8049,2566,ลูกจ้างรัฐบาล,ชาย,หนองคาย,แรงงานนอกระบบ,คน
13215,8050,2566,ลูกจ้างเอกชน,ชาย,หนองคาย,แรงงานนอกระบบ,คน
72,8051,2566,การรวมกลุ่ม,ชาย,หนองคาย,แรงงานนอกระบบ,คน
501,8052,2566,นายจ้าง,หญิง,หนองคาย,แรงงานนอกระบบ,คน
32567,8053,2566,ประกอบธุรกิจส่วนตัว,หญิง,หนองคาย,แรงงานนอกระบบ,คน
32181,8054,2566,ช่วยธุรกิจครัวเรือน,หญิง,หนองคาย,แรงงานนอกระบบ,คน
1663,8055,2566,ลูกจ้างรัฐบาล,หญิง,หนองคาย,แรงงานนอกระบบ,คน
1678,8056,2566,ลูกจ้างเอกชน,หญิง,หนองคาย,แรงงานนอกระบบ,คน
351,8057,2566,นายจ้าง,ชาย,มหาสารคาม,แรงงานในระบบ,คน
1127,8058,2566,ประกอบธุรกิจส่วนตัว,ชาย,มหาสารคาม,แรงงานในระบบ,คน
14860,8059,2566,ลูกจ้างรัฐบาล,ชาย,มหาสารคาม,แรงงานในระบบ,คน
21820,8060,2566,ลูกจ้างเอกชน,ชาย,มหาสารคาม,แรงงานในระบบ,คน
2007,8061,2566,ประกอบธุรกิจส่วนตัว,หญิง,มหาสารคาม,แรงงานในระบบ,คน
1014,8062,2566,ช่วยธุรกิจครัวเรือน,หญิง,มหาสารคาม,แรงงานในระบบ,คน
20481,8063,2566,ลูกจ้างรัฐบาล,หญิง,มหาสารคาม,แรงงานในระบบ,คน
24676,8064,2566,ลูกจ้างเอกชน,หญิง,มหาสารคาม,แรงงานในระบบ,คน
4244,8065,2566,นายจ้าง,ชาย,มหาสารคาม,แรงงานนอกระบบ,คน
120136,8066,2566,ประกอบธุรกิจส่วนตัว,ชาย,มหาสารคาม,แรงงานนอกระบบ,คน
48163,8067,2566,ช่วยธุรกิจครัวเรือน,ชาย,มหาสารคาม,แรงงานนอกระบบ,คน
7380,8068,2566,ลูกจ้างเอกชน,ชาย,มหาสารคาม,แรงงานนอกระบบ,คน
572,8069,2566,นายจ้าง,หญิง,มหาสารคาม,แรงงานนอกระบบ,คน
80852,8070,2566,ประกอบธุรกิจส่วนตัว,หญิง,มหาสารคาม,แรงงานนอกระบบ,คน
65980,8071,2566,ช่วยธุรกิจครัวเรือน,หญิง,มหาสารคาม,แรงงานนอกระบบ,คน
1719,8072,2566,ลูกจ้างเอกชน,หญิง,มหาสารคาม,แรงงานนอกระบบ,คน
353,8073,2566,การรวมกลุ่ม,หญิง,มหาสารคาม,แรงงานนอกระบบ,คน
312,8074,2566,นายจ้าง,ชาย,ร้อยเอ็ด,แรงงานในระบบ,คน
1485,8075,2566,ประกอบธุรกิจส่วนตัว,ชาย,ร้อยเอ็ด,แรงงานในระบบ,คน
21968,8076,2566,ลูกจ้างรัฐบาล,ชาย,ร้อยเอ็ด,แรงงานในระบบ,คน
32047,8077,2566,ลูกจ้างเอกชน,ชาย,ร้อยเอ็ด,แรงงานในระบบ,คน
199,8078,2566,นายจ้าง,หญิง,ร้อยเอ็ด,แรงงานในระบบ,คน
186,8079,2566,ประกอบธุรกิจส่วนตัว,หญิง,ร้อยเอ็ด,แรงงานในระบบ,คน
130,8080,2566,ช่วยธุรกิจครัวเรือน,หญิง,ร้อยเอ็ด,แรงงานในระบบ,คน
33937,8081,2566,ลูกจ้างรัฐบาล,หญิง,ร้อยเอ็ด,แรงงานในระบบ,คน
33784,8082,2566,ลูกจ้างเอกชน,หญิง,ร้อยเอ็ด,แรงงานในระบบ,คน
6892,8083,2566,นายจ้าง,ชาย,ร้อยเอ็ด,แรงงานนอกระบบ,คน
160034,8084,2566,ประกอบธุรกิจส่วนตัว,ชาย,ร้อยเอ็ด,แรงงานนอกระบบ,คน
73217,8085,2566,ช่วยธุรกิจครัวเรือน,ชาย,ร้อยเอ็ด,แรงงานนอกระบบ,คน
911,8086,2566,ลูกจ้างรัฐบาล,ชาย,ร้อยเอ็ด,แรงงานนอกระบบ,คน
12571,8087,2566,ลูกจ้างเอกชน,ชาย,ร้อยเอ็ด,แรงงานนอกระบบ,คน
573,8088,2566,นายจ้าง,หญิง,ร้อยเอ็ด,แรงงานนอกระบบ,คน
108177,8089,2566,ประกอบธุรกิจส่วนตัว,หญิง,ร้อยเอ็ด,แรงงานนอกระบบ,คน
90923,8090,2566,ช่วยธุรกิจครัวเรือน,หญิง,ร้อยเอ็ด,แรงงานนอกระบบ,คน
1270,8091,2566,ลูกจ้างรัฐบาล,หญิง,ร้อยเอ็ด,แรงงานนอกระบบ,คน
3799,8092,2566,ลูกจ้างเอกชน,หญิง,ร้อยเอ็ด,แรงงานนอกระบบ,คน
451,8093,2566,ประกอบธุรกิจส่วนตัว,ชาย,กาฬสินธุ์,แรงงานในระบบ,คน
310,8094,2566,ช่วยธุรกิจครัวเรือน,ชาย,กาฬสินธุ์,แรงงานในระบบ,คน
18123,8095,2566,ลูกจ้างรัฐบาล,ชาย,กาฬสินธุ์,แรงงานในระบบ,คน
18959,8096,2566,ลูกจ้างเอกชน,ชาย,กาฬสินธุ์,แรงงานในระบบ,คน
712,8097,2566,ประกอบธุรกิจส่วนตัว,หญิง,กาฬสินธุ์,แรงงานในระบบ,คน
27959,8098,2566,ลูกจ้างรัฐบาล,หญิง,กาฬสินธุ์,แรงงานในระบบ,คน
16243,8099,2566,ลูกจ้างเอกชน,หญิง,กาฬสินธุ์,แรงงานในระบบ,คน
1715,8100,2566,นายจ้าง,ชาย,กาฬสินธุ์,แรงงานนอกระบบ,คน
129879,8101,2566,ประกอบธุรกิจส่วนตัว,ชาย,กาฬสินธุ์,แรงงานนอกระบบ,คน
38845,8102,2566,ช่วยธุรกิจครัวเรือน,ชาย,กาฬสินธุ์,แรงงานนอกระบบ,คน
3565,8103,2566,ลูกจ้างเอกชน,ชาย,กาฬสินธุ์,แรงงานนอกระบบ,คน
6911,8104,2566,การรวมกลุ่ม,ชาย,กาฬสินธุ์,แรงงานนอกระบบ,คน
803,8105,2566,นายจ้าง,หญิง,กาฬสินธุ์,แรงงานนอกระบบ,คน
63281,8106,2566,ประกอบธุรกิจส่วนตัว,หญิง,กาฬสินธุ์,แรงงานนอกระบบ,คน
71638,8107,2566,ช่วยธุรกิจครัวเรือน,หญิง,กาฬสินธุ์,แรงงานนอกระบบ,คน
1479,8108,2566,ลูกจ้างเอกชน,หญิง,กาฬสินธุ์,แรงงานนอกระบบ,คน
401,8109,2566,การรวมกลุ่ม,หญิง,กาฬสินธุ์,แรงงานนอกระบบ,คน
212,8110,2566,นายจ้าง,ชาย,สกลนคร,แรงงานในระบบ,คน
298,8111,2566,ประกอบธุรกิจส่วนตัว,ชาย,สกลนคร,แรงงานในระบบ,คน
460,8112,2566,ช่วยธุรกิจครัวเรือน,ชาย,สกลนคร,แรงงานในระบบ,คน
19516,8113,2566,ลูกจ้างรัฐบาล,ชาย,สกลนคร,แรงงานในระบบ,คน
22087,8114,2566,ลูกจ้างเอกชน,ชาย,สกลนคร,แรงงานในระบบ,คน
595,8115,2566,นายจ้าง,หญิง,สกลนคร,แรงงานในระบบ,คน
508,8116,2566,ประกอบธุรกิจส่วนตัว,หญิง,สกลนคร,แรงงานในระบบ,คน
193,8117,2566,ช่วยธุรกิจครัวเรือน,หญิง,สกลนคร,แรงงานในระบบ,คน
16317,8118,2566,ลูกจ้างรัฐบาล,หญิง,สกลนคร,แรงงานในระบบ,คน
13821,8119,2566,ลูกจ้างเอกชน,หญิง,สกลนคร,แรงงานในระบบ,คน
2544,8120,2566,นายจ้าง,ชาย,สกลนคร,แรงงานนอกระบบ,คน
149951,8121,2566,ประกอบธุรกิจส่วนตัว,ชาย,สกลนคร,แรงงานนอกระบบ,คน
52301,8122,2566,ช่วยธุรกิจครัวเรือน,ชาย,สกลนคร,แรงงานนอกระบบ,คน
571,8123,2566,ลูกจ้างรัฐบาล,ชาย,สกลนคร,แรงงานนอกระบบ,คน
5097,8124,2566,ลูกจ้างเอกชน,ชาย,สกลนคร,แรงงานนอกระบบ,คน
835,8125,2566,นายจ้าง,หญิง,สกลนคร,แรงงานนอกระบบ,คน
81019,8126,2566,ประกอบธุรกิจส่วนตัว,หญิง,สกลนคร,แรงงานนอกระบบ,คน
80657,8127,2566,ช่วยธุรกิจครัวเรือน,หญิง,สกลนคร,แรงงานนอกระบบ,คน
650,8128,2566,ลูกจ้างเอกชน,หญิง,สกลนคร,แรงงานนอกระบบ,คน
55,8129,2566,นายจ้าง,ชาย,นครพนม,แรงงานในระบบ,คน
463,8130,2566,ประกอบธุรกิจส่วนตัว,ชาย,นครพนม,แรงงานในระบบ,คน
289,8131,2566,ช่วยธุรกิจครัวเรือน,ชาย,นครพนม,แรงงานในระบบ,คน
12125,8132,2566,ลูกจ้างรัฐบาล,ชาย,นครพนม,แรงงานในระบบ,คน
14219,8133,2566,ลูกจ้างเอกชน,ชาย,นครพนม,แรงงานในระบบ,คน
615,8134,2566,ประกอบธุรกิจส่วนตัว,หญิง,นครพนม,แรงงานในระบบ,คน
329,8135,2566,ช่วยธุรกิจครัวเรือน,หญิง,นครพนม,แรงงานในระบบ,คน
11442,8136,2566,ลูกจ้างรัฐบาล,หญิง,นครพนม,แรงงานในระบบ,คน
11884,8137,2566,ลูกจ้างเอกชน,หญิง,นครพนม,แรงงานในระบบ,คน
596,8138,2566,นายจ้าง,ชาย,นครพนม,แรงงานนอกระบบ,คน
92226,8139,2566,ประกอบธุรกิจส่วนตัว,ชาย,นครพนม,แรงงานนอกระบบ,คน
30747,8140,2566,ช่วยธุรกิจครัวเรือน,ชาย,นครพนม,แรงงานนอกระบบ,คน
745,8141,2566,ลูกจ้างรัฐบาล,ชาย,นครพนม,แรงงานนอกระบบ,คน
5648,8142,2566,ลูกจ้างเอกชน,ชาย,นครพนม,แรงงานนอกระบบ,คน
443,8143,2566,นายจ้าง,หญิง,นครพนม,แรงงานนอกระบบ,คน
58514,8144,2566,ประกอบธุรกิจส่วนตัว,หญิง,นครพนม,แรงงานนอกระบบ,คน
44574,8145,2566,ช่วยธุรกิจครัวเรือน,หญิง,นครพนม,แรงงานนอกระบบ,คน
70,8146,2566,ลูกจ้างรัฐบาล,หญิง,นครพนม,แรงงานนอกระบบ,คน
3102,8147,2566,ลูกจ้างเอกชน,หญิง,นครพนม,แรงงานนอกระบบ,คน
295,8148,2566,นายจ้าง,ชาย,มุกดาหาร,แรงงานในระบบ,คน
1107,8149,2566,ประกอบธุรกิจส่วนตัว,ชาย,มุกดาหาร,แรงงานในระบบ,คน
541,8150,2566,ช่วยธุรกิจครัวเรือน,ชาย,มุกดาหาร,แรงงานในระบบ,คน
10458,8151,2566,ลูกจ้างรัฐบาล,ชาย,มุกดาหาร,แรงงานในระบบ,คน
11325,8152,2566,ลูกจ้างเอกชน,ชาย,มุกดาหาร,แรงงานในระบบ,คน
118,8153,2566,นายจ้าง,หญิง,มุกดาหาร,แรงงานในระบบ,คน
855,8154,2566,ประกอบธุรกิจส่วนตัว,หญิง,มุกดาหาร,แรงงานในระบบ,คน
726,8155,2566,ช่วยธุรกิจครัวเรือน,หญิง,มุกดาหาร,แรงงานในระบบ,คน
7806,8156,2566,ลูกจ้างรัฐบาล,หญิง,มุกดาหาร,แรงงานในระบบ,คน
10234,8157,2566,ลูกจ้างเอกชน,หญิง,มุกดาหาร,แรงงานในระบบ,คน
1324,8158,2566,นายจ้าง,ชาย,มุกดาหาร,แรงงานนอกระบบ,คน
72014,8159,2566,ประกอบธุรกิจส่วนตัว,ชาย,มุกดาหาร,แรงงานนอกระบบ,คน
26248,8160,2566,ช่วยธุรกิจครัวเรือน,ชาย,มุกดาหาร,แรงงานนอกระบบ,คน
263,8161,2566,ลูกจ้างรัฐบาล,ชาย,มุกดาหาร,แรงงานนอกระบบ,คน
1744,8162,2566,ลูกจ้างเอกชน,ชาย,มุกดาหาร,แรงงานนอกระบบ,คน
346,8163,2566,นายจ้าง,หญิง,มุกดาหาร,แรงงานนอกระบบ,คน
41028,8164,2566,ประกอบธุรกิจส่วนตัว,หญิง,มุกดาหาร,แรงงานนอกระบบ,คน
50665,8165,2566,ช่วยธุรกิจครัวเรือน,หญิง,มุกดาหาร,แรงงานนอกระบบ,คน
431,8166,2566,ลูกจ้างรัฐบาล,หญิง,มุกดาหาร,แรงงานนอกระบบ,คน
418,8167,2566,ลูกจ้างเอกชน,หญิง,มุกดาหาร,แรงงานนอกระบบ,คน
271,8168,2566,นายจ้าง,ชาย,นครศรีธรรมราช,แรงงานในระบบ,คน
1825,8169,2566,ประกอบธุรกิจส่วนตัว,ชาย,นครศรีธรรมราช,แรงงานในระบบ,คน
877,8170,2566,ช่วยธุรกิจครัวเรือน,ชาย,นครศรีธรรมราช,แรงงานในระบบ,คน
35214,8171,2566,ลูกจ้างรัฐบาล,ชาย,นครศรีธรรมราช,แรงงานในระบบ,คน
124941,8172,2566,ลูกจ้างเอกชน,ชาย,นครศรีธรรมราช,แรงงานในระบบ,คน
2533,8173,2566,นายจ้าง,หญิง,นครศรีธรรมราช,แรงงานในระบบ,คน
2157,8174,2566,ประกอบธุรกิจส่วนตัว,หญิง,นครศรีธรรมราช,แรงงานในระบบ,คน
1898,8175,2566,ช่วยธุรกิจครัวเรือน,หญิง,นครศรีธรรมราช,แรงงานในระบบ,คน
45060,8176,2566,ลูกจ้างรัฐบาล,หญิง,นครศรีธรรมราช,แรงงานในระบบ,คน
99380,8177,2566,ลูกจ้างเอกชน,หญิง,นครศรีธรรมราช,แรงงานในระบบ,คน
29810,8178,2566,นายจ้าง,ชาย,นครศรีธรรมราช,แรงงานนอกระบบ,คน
195663,8179,2566,ประกอบธุรกิจส่วนตัว,ชาย,นครศรีธรรมราช,แรงงานนอกระบบ,คน
55601,8180,2566,ช่วยธุรกิจครัวเรือน,ชาย,นครศรีธรรมราช,แรงงานนอกระบบ,คน
12917,8181,2566,ลูกจ้างเอกชน,ชาย,นครศรีธรรมราช,แรงงานนอกระบบ,คน
1309,8182,2566,การรวมกลุ่ม,ชาย,นครศรีธรรมราช,แรงงานนอกระบบ,คน
10051,8183,2566,นายจ้าง,หญิง,นครศรีธรรมราช,แรงงานนอกระบบ,คน
121123,8184,2566,ประกอบธุรกิจส่วนตัว,หญิง,นครศรีธรรมราช,แรงงานนอกระบบ,คน
82785,8185,2566,ช่วยธุรกิจครัวเรือน,หญิง,นครศรีธรรมราช,แรงงานนอกระบบ,คน
2242,8186,2566,ลูกจ้างรัฐบาล,หญิง,นครศรีธรรมราช,แรงงานนอกระบบ,คน
8513,8187,2566,ลูกจ้างเอกชน,หญิง,นครศรีธรรมราช,แรงงานนอกระบบ,คน
431,8188,2566,นายจ้าง,ชาย,กระบี่,แรงงานในระบบ,คน
1506,8189,2566,ประกอบธุรกิจส่วนตัว,ชาย,กระบี่,แรงงานในระบบ,คน
517,8190,2566,ช่วยธุรกิจครัวเรือน,ชาย,กระบี่,แรงงานในระบบ,คน
6920,8191,2566,ลูกจ้างรัฐบาล,ชาย,กระบี่,แรงงานในระบบ,คน
50964,8192,2566,ลูกจ้างเอกชน,ชาย,กระบี่,แรงงานในระบบ,คน
1282,8193,2566,ประกอบธุรกิจส่วนตัว,หญิง,กระบี่,แรงงานในระบบ,คน
141,8194,2566,ช่วยธุรกิจครัวเรือน,หญิง,กระบี่,แรงงานในระบบ,คน
11259,8195,2566,ลูกจ้างรัฐบาล,หญิง,กระบี่,แรงงานในระบบ,คน
37768,8196,2566,ลูกจ้างเอกชน,หญิง,กระบี่,แรงงานในระบบ,คน
18737,8197,2566,นายจ้าง,ชาย,กระบี่,แรงงานนอกระบบ,คน
42462,8198,2566,ประกอบธุรกิจส่วนตัว,ชาย,กระบี่,แรงงานนอกระบบ,คน
7501,8199,2566,ช่วยธุรกิจครัวเรือน,ชาย,กระบี่,แรงงานนอกระบบ,คน
494,8200,2566,ลูกจ้างรัฐบาล,ชาย,กระบี่,แรงงานนอกระบบ,คน
6914,8201,2566,ลูกจ้างเอกชน,ชาย,กระบี่,แรงงานนอกระบบ,คน
5853,8202,2566,นายจ้าง,หญิง,กระบี่,แรงงานนอกระบบ,คน
33902,8203,2566,ประกอบธุรกิจส่วนตัว,หญิง,กระบี่,แรงงานนอกระบบ,คน
17271,8204,2566,ช่วยธุรกิจครัวเรือน,หญิง,กระบี่,แรงงานนอกระบบ,คน
1956,8205,2566,ลูกจ้างรัฐบาล,หญิง,กระบี่,แรงงานนอกระบบ,คน
4480,8206,2566,ลูกจ้างเอกชน,หญิง,กระบี่,แรงงานนอกระบบ,คน
36,8207,2566,นายจ้าง,ชาย,พังงา,แรงงานในระบบ,คน
1647,8208,2566,ประกอบธุรกิจส่วนตัว,ชาย,พังงา,แรงงานในระบบ,คน
544,8209,2566,ช่วยธุรกิจครัวเรือน,ชาย,พังงา,แรงงานในระบบ,คน
6026,8210,2566,ลูกจ้างรัฐบาล,ชาย,พังงา,แรงงานในระบบ,คน
28773,8211,2566,ลูกจ้างเอกชน,ชาย,พังงา,แรงงานในระบบ,คน
201,8212,2566,นายจ้าง,หญิง,พังงา,แรงงานในระบบ,คน
1187,8213,2566,ประกอบธุรกิจส่วนตัว,หญิง,พังงา,แรงงานในระบบ,คน
213,8214,2566,ช่วยธุรกิจครัวเรือน,หญิง,พังงา,แรงงานในระบบ,คน
7932,8215,2566,ลูกจ้างรัฐบาล,หญิง,พังงา,แรงงานในระบบ,คน
19741,8216,2566,ลูกจ้างเอกชน,หญิง,พังงา,แรงงานในระบบ,คน
4843,8217,2566,นายจ้าง,ชาย,พังงา,แรงงานนอกระบบ,คน
26249,8218,2566,ประกอบธุรกิจส่วนตัว,ชาย,พังงา,แรงงานนอกระบบ,คน
5435,8219,2566,ช่วยธุรกิจครัวเรือน,ชาย,พังงา,แรงงานนอกระบบ,คน
131,8220,2566,ลูกจ้างรัฐบาล,ชาย,พังงา,แรงงานนอกระบบ,คน
1221,8221,2566,ลูกจ้างเอกชน,ชาย,พังงา,แรงงานนอกระบบ,คน
26,8222,2566,การรวมกลุ่ม,ชาย,พังงา,แรงงานนอกระบบ,คน
1846,8223,2566,นายจ้าง,หญิง,พังงา,แรงงานนอกระบบ,คน
13657,8224,2566,ประกอบธุรกิจส่วนตัว,หญิง,พังงา,แรงงานนอกระบบ,คน
4284,8225,2566,ช่วยธุรกิจครัวเรือน,หญิง,พังงา,แรงงานนอกระบบ,คน
65,8226,2566,ลูกจ้างรัฐบาล,หญิง,พังงา,แรงงานนอกระบบ,คน
511,8227,2566,ลูกจ้างเอกชน,หญิง,พังงา,แรงงานนอกระบบ,คน
33,8228,2566,การรวมกลุ่ม,หญิง,พังงา,แรงงานนอกระบบ,คน
1975,8229,2566,นายจ้าง,ชาย,ภูเก็ต,แรงงานในระบบ,คน
6041,8230,2566,ประกอบธุรกิจส่วนตัว,ชาย,ภูเก็ต,แรงงานในระบบ,คน
745,8231,2566,ช่วยธุรกิจครัวเรือน,ชาย,ภูเก็ต,แรงงานในระบบ,คน
15795,8232,2566,ลูกจ้างรัฐบาล,ชาย,ภูเก็ต,แรงงานในระบบ,คน
91563,8233,2566,ลูกจ้างเอกชน,ชาย,ภูเก็ต,แรงงานในระบบ,คน
842,8234,2566,นายจ้าง,หญิง,ภูเก็ต,แรงงานในระบบ,คน
5365,8235,2566,ประกอบธุรกิจส่วนตัว,หญิง,ภูเก็ต,แรงงานในระบบ,คน
2851,8236,2566,ช่วยธุรกิจครัวเรือน,หญิง,ภูเก็ต,แรงงานในระบบ,คน
9342,8237,2566,ลูกจ้างรัฐบาล,หญิง,ภูเก็ต,แรงงานในระบบ,คน
95563,8238,2566,ลูกจ้างเอกชน,หญิง,ภูเก็ต,แรงงานในระบบ,คน
10536,8239,2566,นายจ้าง,ชาย,ภูเก็ต,แรงงานนอกระบบ,คน
39996,8240,2566,ประกอบธุรกิจส่วนตัว,ชาย,ภูเก็ต,แรงงานนอกระบบ,คน
10066,8241,2566,ช่วยธุรกิจครัวเรือน,ชาย,ภูเก็ต,แรงงานนอกระบบ,คน
6532,8242,2566,ลูกจ้างเอกชน,ชาย,ภูเก็ต,แรงงานนอกระบบ,คน
325,8243,2566,การรวมกลุ่ม,ชาย,ภูเก็ต,แรงงานนอกระบบ,คน
3315,8244,2566,นายจ้าง,หญิง,ภูเก็ต,แรงงานนอกระบบ,คน
32189,8245,2566,ประกอบธุรกิจส่วนตัว,หญิง,ภูเก็ต,แรงงานนอกระบบ,คน
10506,8246,2566,ช่วยธุรกิจครัวเรือน,หญิง,ภูเก็ต,แรงงานนอกระบบ,คน
3539,8247,2566,ลูกจ้างเอกชน,หญิง,ภูเก็ต,แรงงานนอกระบบ,คน
384,8248,2566,การรวมกลุ่ม,หญิง,ภูเก็ต,แรงงานนอกระบบ,คน
785,8249,2566,นายจ้าง,ชาย,สุราษฏร์ธานี,แรงงานในระบบ,คน
1557,8250,2566,ประกอบธุรกิจส่วนตัว,ชาย,สุราษฏร์ธานี,แรงงานในระบบ,คน
17490,8251,2566,ลูกจ้างรัฐบาล,ชาย,สุราษฏร์ธานี,แรงงานในระบบ,คน
122430,8252,2566,ลูกจ้างเอกชน,ชาย,สุราษฏร์ธานี,แรงงานในระบบ,คน
749,8253,2566,นายจ้าง,หญิง,สุราษฏร์ธานี,แรงงานในระบบ,คน
870,8254,2566,ประกอบธุรกิจส่วนตัว,หญิง,สุราษฏร์ธานี,แรงงานในระบบ,คน
939,8255,2566,ช่วยธุรกิจครัวเรือน,หญิง,สุราษฏร์ธานี,แรงงานในระบบ,คน
26971,8256,2566,ลูกจ้างรัฐบาล,หญิง,สุราษฏร์ธานี,แรงงานในระบบ,คน
93843,8257,2566,ลูกจ้างเอกชน,หญิง,สุราษฏร์ธานี,แรงงานในระบบ,คน
21550,8258,2566,นายจ้าง,ชาย,สุราษฏร์ธานี,แรงงานนอกระบบ,คน
149992,8259,2566,ประกอบธุรกิจส่วนตัว,ชาย,สุราษฏร์ธานี,แรงงานนอกระบบ,คน
34961,8260,2566,ช่วยธุรกิจครัวเรือน,ชาย,สุราษฏร์ธานี,แรงงานนอกระบบ,คน
1131,8261,2566,ลูกจ้างรัฐบาล,ชาย,สุราษฏร์ธานี,แรงงานนอกระบบ,คน
10341,8262,2566,ลูกจ้างเอกชน,ชาย,สุราษฏร์ธานี,แรงงานนอกระบบ,คน
9873,8263,2566,นายจ้าง,หญิง,สุราษฏร์ธานี,แรงงานนอกระบบ,คน
76512,8264,2566,ประกอบธุรกิจส่วนตัว,หญิง,สุราษฏร์ธานี,แรงงานนอกระบบ,คน
61163,8265,2566,ช่วยธุรกิจครัวเรือน,หญิง,สุราษฏร์ธานี,แรงงานนอกระบบ,คน
814,8266,2566,ลูกจ้างรัฐบาล,หญิง,สุราษฏร์ธานี,แรงงานนอกระบบ,คน
8212,8267,2566,ลูกจ้างเอกชน,หญิง,สุราษฏร์ธานี,แรงงานนอกระบบ,คน
471,8268,2566,นายจ้าง,ชาย,ระนอง,แรงงานในระบบ,คน
860,8269,2566,ประกอบธุรกิจส่วนตัว,ชาย,ระนอง,แรงงานในระบบ,คน
303,8270,2566,ช่วยธุรกิจครัวเรือน,ชาย,ระนอง,แรงงานในระบบ,คน
5233,8271,2566,ลูกจ้างรัฐบาล,ชาย,ระนอง,แรงงานในระบบ,คน
31342,8272,2566,ลูกจ้างเอกชน,ชาย,ระนอง,แรงงานในระบบ,คน
208,8273,2566,นายจ้าง,หญิง,ระนอง,แรงงานในระบบ,คน
988,8274,2566,ประกอบธุรกิจส่วนตัว,หญิง,ระนอง,แรงงานในระบบ,คน
763,8275,2566,ช่วยธุรกิจครัวเรือน,หญิง,ระนอง,แรงงานในระบบ,คน
5869,8276,2566,ลูกจ้างรัฐบาล,หญิง,ระนอง,แรงงานในระบบ,คน
19662,8277,2566,ลูกจ้างเอกชน,หญิง,ระนอง,แรงงานในระบบ,คน
4089,8278,2566,นายจ้าง,ชาย,ระนอง,แรงงานนอกระบบ,คน
30902,8279,2566,ประกอบธุรกิจส่วนตัว,ชาย,ระนอง,แรงงานนอกระบบ,คน
10348,8280,2566,ช่วยธุรกิจครัวเรือน,ชาย,ระนอง,แรงงานนอกระบบ,คน
535,8281,2566,ลูกจ้างรัฐบาล,ชาย,ระนอง,แรงงานนอกระบบ,คน
3143,8282,2566,ลูกจ้างเอกชน,ชาย,ระนอง,แรงงานนอกระบบ,คน
1690,8283,2566,นายจ้าง,หญิง,ระนอง,แรงงานนอกระบบ,คน
15536,8284,2566,ประกอบธุรกิจส่วนตัว,หญิง,ระนอง,แรงงานนอกระบบ,คน
14657,8285,2566,ช่วยธุรกิจครัวเรือน,หญิง,ระนอง,แรงงานนอกระบบ,คน
81,8286,2566,ลูกจ้างรัฐบาล,หญิง,ระนอง,แรงงานนอกระบบ,คน
463,8287,2566,ลูกจ้างเอกชน,หญิง,ระนอง,แรงงานนอกระบบ,คน
1373,8288,2566,ประกอบธุรกิจส่วนตัว,ชาย,ชุมพร,แรงงานในระบบ,คน
1469,8289,2566,ช่วยธุรกิจครัวเรือน,ชาย,ชุมพร,แรงงานในระบบ,คน
8838,8290,2566,ลูกจ้างรัฐบาล,ชาย,ชุมพร,แรงงานในระบบ,คน
46355,8291,2566,ลูกจ้างเอกชน,ชาย,ชุมพร,แรงงานในระบบ,คน
69,8292,2566,นายจ้าง,หญิง,ชุมพร,แรงงานในระบบ,คน
1283,8293,2566,ประกอบธุรกิจส่วนตัว,หญิง,ชุมพร,แรงงานในระบบ,คน
904,8294,2566,ช่วยธุรกิจครัวเรือน,หญิง,ชุมพร,แรงงานในระบบ,คน
13797,8295,2566,ลูกจ้างรัฐบาล,หญิง,ชุมพร,แรงงานในระบบ,คน
30663,8296,2566,ลูกจ้างเอกชน,หญิง,ชุมพร,แรงงานในระบบ,คน
4538,8297,2566,นายจ้าง,ชาย,ชุมพร,แรงงานนอกระบบ,คน
66947,8298,2566,ประกอบธุรกิจส่วนตัว,ชาย,ชุมพร,แรงงานนอกระบบ,คน
27922,8299,2566,ช่วยธุรกิจครัวเรือน,ชาย,ชุมพร,แรงงานนอกระบบ,คน
5435,8300,2566,ลูกจ้างเอกชน,ชาย,ชุมพร,แรงงานนอกระบบ,คน
1646,8301,2566,นายจ้าง,หญิง,ชุมพร,แรงงานนอกระบบ,คน
41676,8302,2566,ประกอบธุรกิจส่วนตัว,หญิง,ชุมพร,แรงงานนอกระบบ,คน
30143,8303,2566,ช่วยธุรกิจครัวเรือน,หญิง,ชุมพร,แรงงานนอกระบบ,คน
4094,8304,2566,ลูกจ้างเอกชน,หญิง,ชุมพร,แรงงานนอกระบบ,คน
4669,8305,2566,นายจ้าง,ชาย,สงขลา,แรงงานในระบบ,คน
5453,8306,2566,ประกอบธุรกิจส่วนตัว,ชาย,สงขลา,แรงงานในระบบ,คน
1882,8307,2566,ช่วยธุรกิจครัวเรือน,ชาย,สงขลา,แรงงานในระบบ,คน
49951,8308,2566,ลูกจ้างรัฐบาล,ชาย,สงขลา,แรงงานในระบบ,คน
182178,8309,2566,ลูกจ้างเอกชน,ชาย,สงขลา,แรงงานในระบบ,คน
1016,8310,2566,นายจ้าง,หญิง,สงขลา,แรงงานในระบบ,คน
5169,8311,2566,ประกอบธุรกิจส่วนตัว,หญิง,สงขลา,แรงงานในระบบ,คน
3758,8312,2566,ช่วยธุรกิจครัวเรือน,หญิง,สงขลา,แรงงานในระบบ,คน
57782,8313,2566,ลูกจ้างรัฐบาล,หญิง,สงขลา,แรงงานในระบบ,คน
146339,8314,2566,ลูกจ้างเอกชน,หญิง,สงขลา,แรงงานในระบบ,คน
16965,8315,2566,นายจ้าง,ชาย,สงขลา,แรงงานนอกระบบ,คน
154245,8316,2566,ประกอบธุรกิจส่วนตัว,ชาย,สงขลา,แรงงานนอกระบบ,คน
62552,8317,2566,ช่วยธุรกิจครัวเรือน,ชาย,สงขลา,แรงงานนอกระบบ,คน
5558,8318,2566,ลูกจ้างเอกชน,ชาย,สงขลา,แรงงานนอกระบบ,คน
5054,8319,2566,นายจ้าง,หญิง,สงขลา,แรงงานนอกระบบ,คน
123221,8320,2566,ประกอบธุรกิจส่วนตัว,หญิง,สงขลา,แรงงานนอกระบบ,คน
77527,8321,2566,ช่วยธุรกิจครัวเรือน,หญิง,สงขลา,แรงงานนอกระบบ,คน
535,8322,2566,ลูกจ้างรัฐบาล,หญิง,สงขลา,แรงงานนอกระบบ,คน
3626,8323,2566,ลูกจ้างเอกชน,หญิง,สงขลา,แรงงานนอกระบบ,คน
287,8324,2566,นายจ้าง,ชาย,สตูล,แรงงานในระบบ,คน
1098,8325,2566,ประกอบธุรกิจส่วนตัว,ชาย,สตูล,แรงงานในระบบ,คน
430,8326,2566,ช่วยธุรกิจครัวเรือน,ชาย,สตูล,แรงงานในระบบ,คน
7050,8327,2566,ลูกจ้างรัฐบาล,ชาย,สตูล,แรงงานในระบบ,คน
27822,8328,2566,ลูกจ้างเอกชน,ชาย,สตูล,แรงงานในระบบ,คน
38,8329,2566,นายจ้าง,หญิง,สตูล,แรงงานในระบบ,คน
1413,8330,2566,ประกอบธุรกิจส่วนตัว,หญิง,สตูล,แรงงานในระบบ,คน
786,8331,2566,ช่วยธุรกิจครัวเรือน,หญิง,สตูล,แรงงานในระบบ,คน
8137,8332,2566,ลูกจ้างรัฐบาล,หญิง,สตูล,แรงงานในระบบ,คน
20088,8333,2566,ลูกจ้างเอกชน,หญิง,สตูล,แรงงานในระบบ,คน
3617,8334,2566,นายจ้าง,ชาย,สตูล,แรงงานนอกระบบ,คน
35687,8335,2566,ประกอบธุรกิจส่วนตัว,ชาย,สตูล,แรงงานนอกระบบ,คน
9642,8336,2566,ช่วยธุรกิจครัวเรือน,ชาย,สตูล,แรงงานนอกระบบ,คน
487,8337,2566,ลูกจ้างรัฐบาล,ชาย,สตูล,แรงงานนอกระบบ,คน
1580,8338,2566,ลูกจ้างเอกชน,ชาย,สตูล,แรงงานนอกระบบ,คน
2205,8339,2566,นายจ้าง,หญิง,สตูล,แรงงานนอกระบบ,คน
19563,8340,2566,ประกอบธุรกิจส่วนตัว,หญิง,สตูล,แรงงานนอกระบบ,คน
11402,8341,2566,ช่วยธุรกิจครัวเรือน,หญิง,สตูล,แรงงานนอกระบบ,คน
718,8342,2566,ลูกจ้างรัฐบาล,หญิง,สตูล,แรงงานนอกระบบ,คน
1197,8343,2566,ลูกจ้างเอกชน,หญิง,สตูล,แรงงานนอกระบบ,คน
461,8344,2566,การรวมกลุ่ม,หญิง,สตูล,แรงงานนอกระบบ,คน
506,8345,2566,นายจ้าง,ชาย,ตรัง,แรงงานในระบบ,คน
3024,8346,2566,ประกอบธุรกิจส่วนตัว,ชาย,ตรัง,แรงงานในระบบ,คน
498,8347,2566,ช่วยธุรกิจครัวเรือน,ชาย,ตรัง,แรงงานในระบบ,คน
11412,8348,2566,ลูกจ้างรัฐบาล,ชาย,ตรัง,แรงงานในระบบ,คน
75868,8349,2566,ลูกจ้างเอกชน,ชาย,ตรัง,แรงงานในระบบ,คน
357,8350,2566,นายจ้าง,หญิง,ตรัง,แรงงานในระบบ,คน
2002,8351,2566,ประกอบธุรกิจส่วนตัว,หญิง,ตรัง,แรงงานในระบบ,คน
780,8352,2566,ช่วยธุรกิจครัวเรือน,หญิง,ตรัง,แรงงานในระบบ,คน
19219,8353,2566,ลูกจ้างรัฐบาล,หญิง,ตรัง,แรงงานในระบบ,คน
57380,8354,2566,ลูกจ้างเอกชน,หญิง,ตรัง,แรงงานในระบบ,คน
11982,8355,2566,นายจ้าง,ชาย,ตรัง,แรงงานนอกระบบ,คน
71966,8356,2566,ประกอบธุรกิจส่วนตัว,ชาย,ตรัง,แรงงานนอกระบบ,คน
19067,8357,2566,ช่วยธุรกิจครัวเรือน,ชาย,ตรัง,แรงงานนอกระบบ,คน
379,8358,2566,ลูกจ้างรัฐบาล,ชาย,ตรัง,แรงงานนอกระบบ,คน
6544,8359,2566,ลูกจ้างเอกชน,ชาย,ตรัง,แรงงานนอกระบบ,คน
7130,8360,2566,นายจ้าง,หญิง,ตรัง,แรงงานนอกระบบ,คน
47324,8361,2566,ประกอบธุรกิจส่วนตัว,หญิง,ตรัง,แรงงานนอกระบบ,คน
33313,8362,2566,ช่วยธุรกิจครัวเรือน,หญิง,ตรัง,แรงงานนอกระบบ,คน
1785,8363,2566,ลูกจ้างรัฐบาล,หญิง,ตรัง,แรงงานนอกระบบ,คน
1768,8364,2566,ลูกจ้างเอกชน,หญิง,ตรัง,แรงงานนอกระบบ,คน
186,8365,2566,การรวมกลุ่ม,หญิง,ตรัง,แรงงานนอกระบบ,คน
90,8366,2566,นายจ้าง,ชาย,พัทลุง,แรงงานในระบบ,คน
2093,8367,2566,ประกอบธุรกิจส่วนตัว,ชาย,พัทลุง,แรงงานในระบบ,คน
164,8368,2566,ช่วยธุรกิจครัวเรือน,ชาย,พัทลุง,แรงงานในระบบ,คน
10483,8369,2566,ลูกจ้างรัฐบาล,ชาย,พัทลุง,แรงงานในระบบ,คน
33457,8370,2566,ลูกจ้างเอกชน,ชาย,พัทลุง,แรงงานในระบบ,คน
134,8371,2566,นายจ้าง,หญิง,พัทลุง,แรงงานในระบบ,คน
2778,8372,2566,ประกอบธุรกิจส่วนตัว,หญิง,พัทลุง,แรงงานในระบบ,คน
729,8373,2566,ช่วยธุรกิจครัวเรือน,หญิง,พัทลุง,แรงงานในระบบ,คน
15026,8374,2566,ลูกจ้างรัฐบาล,หญิง,พัทลุง,แรงงานในระบบ,คน
28953,8375,2566,ลูกจ้างเอกชน,หญิง,พัทลุง,แรงงานในระบบ,คน
5883,8376,2566,นายจ้าง,ชาย,พัทลุง,แรงงานนอกระบบ,คน
74373,8377,2566,ประกอบธุรกิจส่วนตัว,ชาย,พัทลุง,แรงงานนอกระบบ,คน
15860,8378,2566,ช่วยธุรกิจครัวเรือน,ชาย,พัทลุง,แรงงานนอกระบบ,คน
907,8379,2566,ลูกจ้างรัฐบาล,ชาย,พัทลุง,แรงงานนอกระบบ,คน
3138,8380,2566,ลูกจ้างเอกชน,ชาย,พัทลุง,แรงงานนอกระบบ,คน
2609,8381,2566,นายจ้าง,หญิง,พัทลุง,แรงงานนอกระบบ,คน
48595,8382,2566,ประกอบธุรกิจส่วนตัว,หญิง,พัทลุง,แรงงานนอกระบบ,คน
32381,8383,2566,ช่วยธุรกิจครัวเรือน,หญิง,พัทลุง,แรงงานนอกระบบ,คน
179,8384,2566,ลูกจ้างรัฐบาล,หญิง,พัทลุง,แรงงานนอกระบบ,คน
1648,8385,2566,ลูกจ้างเอกชน,หญิง,พัทลุง,แรงงานนอกระบบ,คน
203,8386,2566,การรวมกลุ่ม,หญิง,พัทลุง,แรงงานนอกระบบ,คน
294,8387,2566,นายจ้าง,ชาย,ปัตตานี,แรงงานในระบบ,คน
5856,8388,2566,ประกอบธุรกิจส่วนตัว,ชาย,ปัตตานี,แรงงานในระบบ,คน
1781,8389,2566,ช่วยธุรกิจครัวเรือน,ชาย,ปัตตานี,แรงงานในระบบ,คน
18634,8390,2566,ลูกจ้างรัฐบาล,ชาย,ปัตตานี,แรงงานในระบบ,คน
56852,8391,2566,ลูกจ้างเอกชน,ชาย,ปัตตานี,แรงงานในระบบ,คน
498,8392,2566,นายจ้าง,หญิง,ปัตตานี,แรงงานในระบบ,คน
7450,8393,2566,ประกอบธุรกิจส่วนตัว,หญิง,ปัตตานี,แรงงานในระบบ,คน
2419,8394,2566,ช่วยธุรกิจครัวเรือน,หญิง,ปัตตานี,แรงงานในระบบ,คน
15605,8395,2566,ลูกจ้างรัฐบาล,หญิง,ปัตตานี,แรงงานในระบบ,คน
39281,8396,2566,ลูกจ้างเอกชน,หญิง,ปัตตานี,แรงงานในระบบ,คน
4184,8397,2566,นายจ้าง,ชาย,ปัตตานี,แรงงานนอกระบบ,คน
52301,8398,2566,ประกอบธุรกิจส่วนตัว,ชาย,ปัตตานี,แรงงานนอกระบบ,คน
19781,8399,2566,ช่วยธุรกิจครัวเรือน,ชาย,ปัตตานี,แรงงานนอกระบบ,คน
2194,8400,2566,ลูกจ้างรัฐบาล,ชาย,ปัตตานี,แรงงานนอกระบบ,คน
28427,8401,2566,ลูกจ้างเอกชน,ชาย,ปัตตานี,แรงงานนอกระบบ,คน
446,8402,2566,นายจ้าง,หญิง,ปัตตานี,แรงงานนอกระบบ,คน
58808,8403,2566,ประกอบธุรกิจส่วนตัว,หญิง,ปัตตานี,แรงงานนอกระบบ,คน
17243,8404,2566,ช่วยธุรกิจครัวเรือน,หญิง,ปัตตานี,แรงงานนอกระบบ,คน
1043,8405,2566,ลูกจ้างรัฐบาล,หญิง,ปัตตานี,แรงงานนอกระบบ,คน
4919,8406,2566,ลูกจ้างเอกชน,หญิง,ปัตตานี,แรงงานนอกระบบ,คน
392,8407,2566,นายจ้าง,ชาย,ยะลา,แรงงานในระบบ,คน
3748,8408,2566,ประกอบธุรกิจส่วนตัว,ชาย,ยะลา,แรงงานในระบบ,คน
2487,8409,2566,ช่วยธุรกิจครัวเรือน,ชาย,ยะลา,แรงงานในระบบ,คน
8517,8410,2566,ลูกจ้างรัฐบาล,ชาย,ยะลา,แรงงานในระบบ,คน
30885,8411,2566,ลูกจ้างเอกชน,ชาย,ยะลา,แรงงานในระบบ,คน
3324,8412,2566,ประกอบธุรกิจส่วนตัว,หญิง,ยะลา,แรงงานในระบบ,คน
1814,8413,2566,ช่วยธุรกิจครัวเรือน,หญิง,ยะลา,แรงงานในระบบ,คน
8023,8414,2566,ลูกจ้างรัฐบาล,หญิง,ยะลา,แรงงานในระบบ,คน
22969,8415,2566,ลูกจ้างเอกชน,หญิง,ยะลา,แรงงานในระบบ,คน
3125,8416,2566,นายจ้าง,ชาย,ยะลา,แรงงานนอกระบบ,คน
65781,8417,2566,ประกอบธุรกิจส่วนตัว,ชาย,ยะลา,แรงงานนอกระบบ,คน
29908,8418,2566,ช่วยธุรกิจครัวเรือน,ชาย,ยะลา,แรงงานนอกระบบ,คน
723,8419,2566,ลูกจ้างรัฐบาล,ชาย,ยะลา,แรงงานนอกระบบ,คน
644,8420,2566,ลูกจ้างเอกชน,ชาย,ยะลา,แรงงานนอกระบบ,คน
1341,8421,2566,นายจ้าง,หญิง,ยะลา,แรงงานนอกระบบ,คน
40282,8422,2566,ประกอบธุรกิจส่วนตัว,หญิง,ยะลา,แรงงานนอกระบบ,คน
38821,8423,2566,ช่วยธุรกิจครัวเรือน,หญิง,ยะลา,แรงงานนอกระบบ,คน
583,8424,2566,ลูกจ้างรัฐบาล,หญิง,ยะลา,แรงงานนอกระบบ,คน
1031,8425,2566,ลูกจ้างเอกชน,หญิง,ยะลา,แรงงานนอกระบบ,คน
352,8426,2566,นายจ้าง,ชาย,นราธิวาส,แรงงานในระบบ,คน
1345,8427,2566,ประกอบธุรกิจส่วนตัว,ชาย,นราธิวาส,แรงงานในระบบ,คน
720,8428,2566,ช่วยธุรกิจครัวเรือน,ชาย,นราธิวาส,แรงงานในระบบ,คน
20974,8429,2566,ลูกจ้างรัฐบาล,ชาย,นราธิวาส,แรงงานในระบบ,คน
85010,8430,2566,ลูกจ้างเอกชน,ชาย,นราธิวาส,แรงงานในระบบ,คน
137,8431,2566,นายจ้าง,หญิง,นราธิวาส,แรงงานในระบบ,คน
1472,8432,2566,ประกอบธุรกิจส่วนตัว,หญิง,นราธิวาส,แรงงานในระบบ,คน
423,8433,2566,ช่วยธุรกิจครัวเรือน,หญิง,นราธิวาส,แรงงานในระบบ,คน
19499,8434,2566,ลูกจ้างรัฐบาล,หญิง,นราธิวาส,แรงงานในระบบ,คน
50584,8435,2566,ลูกจ้างเอกชน,หญิง,นราธิวาส,แรงงานในระบบ,คน
2834,8436,2566,นายจ้าง,ชาย,นราธิวาส,แรงงานนอกระบบ,คน
63591,8437,2566,ประกอบธุรกิจส่วนตัว,ชาย,นราธิวาส,แรงงานนอกระบบ,คน
15072,8438,2566,ช่วยธุรกิจครัวเรือน,ชาย,นราธิวาส,แรงงานนอกระบบ,คน
2248,8439,2566,ลูกจ้างรัฐบาล,ชาย,นราธิวาส,แรงงานนอกระบบ,คน
13645,8440,2566,ลูกจ้างเอกชน,ชาย,นราธิวาส,แรงงานนอกระบบ,คน
813,8441,2566,นายจ้าง,หญิง,นราธิวาส,แรงงานนอกระบบ,คน
38766,8442,2566,ประกอบธุรกิจส่วนตัว,หญิง,นราธิวาส,แรงงานนอกระบบ,คน
26356,8443,2566,ช่วยธุรกิจครัวเรือน,หญิง,นราธิวาส,แรงงานนอกระบบ,คน
2682,8444,2566,ลูกจ้างรัฐบาล,หญิง,นราธิวาส,แรงงานนอกระบบ,คน
3126,8445,2566,ลูกจ้างเอกชน,หญิง,นราธิวาส,แรงงานนอกระบบ,คน
4167,8446,2567,นายจ้าง,ชาย,เชียงใหม่,แรงงานในระบบ,คน
12220,8447,2567,ประกอบธุรกิจส่วนตัว,ชาย,เชียงใหม่,แรงงานในระบบ,คน
366,8448,2567,ช่วยธุรกิจครัวเรือน,ชาย,เชียงใหม่,แรงงานในระบบ,คน
78720,8449,2567,ลูกจ้างรัฐบาล,ชาย,เชียงใหม่,แรงงานในระบบ,คน
111894,8450,2567,ลูกจ้างเอกชน,ชาย,เชียงใหม่,แรงงานในระบบ,คน
3230,8451,2567,นายจ้าง,หญิง,เชียงใหม่,แรงงานในระบบ,คน
10389,8452,2567,ประกอบธุรกิจส่วนตัว,หญิง,เชียงใหม่,แรงงานในระบบ,คน
5117,8453,2567,ช่วยธุรกิจครัวเรือน,หญิง,เชียงใหม่,แรงงานในระบบ,คน
42805,8454,2567,ลูกจ้างรัฐบาล,หญิง,เชียงใหม่,แรงงานในระบบ,คน
120827,8455,2567,ลูกจ้างเอกชน,หญิง,เชียงใหม่,แรงงานในระบบ,คน
6804,8456,2567,นายจ้าง,ชาย,เชียงใหม่,แรงงานนอกระบบ,คน
238358,8457,2567,ประกอบธุรกิจส่วนตัว,ชาย,เชียงใหม่,แรงงานนอกระบบ,คน
87625,8458,2567,ช่วยธุรกิจครัวเรือน,ชาย,เชียงใหม่,แรงงานนอกระบบ,คน
1707,8459,2567,ลูกจ้างรัฐบาล,ชาย,เชียงใหม่,แรงงานนอกระบบ,คน
8690,8460,2567,ลูกจ้างเอกชน,ชาย,เชียงใหม่,แรงงานนอกระบบ,คน
1600,8461,2567,นายจ้าง,หญิง,เชียงใหม่,แรงงานนอกระบบ,คน
169129,8462,2567,ประกอบธุรกิจส่วนตัว,หญิง,เชียงใหม่,แรงงานนอกระบบ,คน
119009,8463,2567,ช่วยธุรกิจครัวเรือน,หญิง,เชียงใหม่,แรงงานนอกระบบ,คน
1233,8464,2567,ลูกจ้างรัฐบาล,หญิง,เชียงใหม่,แรงงานนอกระบบ,คน
9826,8465,2567,ลูกจ้างเอกชน,หญิง,เชียงใหม่,แรงงานนอกระบบ,คน
173,8466,2567,นายจ้าง,ชาย,ลำพูน,แรงงานในระบบ,คน
3614,8467,2567,ประกอบธุรกิจส่วนตัว,ชาย,ลำพูน,แรงงานในระบบ,คน
1693,8468,2567,ช่วยธุรกิจครัวเรือน,ชาย,ลำพูน,แรงงานในระบบ,คน
7143,8469,2567,ลูกจ้างรัฐบาล,ชาย,ลำพูน,แรงงานในระบบ,คน
27130,8470,2567,ลูกจ้างเอกชน,ชาย,ลำพูน,แรงงานในระบบ,คน
93,8471,2567,นายจ้าง,หญิง,ลำพูน,แรงงานในระบบ,คน
2933,8472,2567,ประกอบธุรกิจส่วนตัว,หญิง,ลำพูน,แรงงานในระบบ,คน
448,8473,2567,ช่วยธุรกิจครัวเรือน,หญิง,ลำพูน,แรงงานในระบบ,คน
5970,8474,2567,ลูกจ้างรัฐบาล,หญิง,ลำพูน,แรงงานในระบบ,คน
34006,8475,2567,ลูกจ้างเอกชน,หญิง,ลำพูน,แรงงานในระบบ,คน
3138,8476,2567,นายจ้าง,ชาย,ลำพูน,แรงงานนอกระบบ,คน
55681,8477,2567,ประกอบธุรกิจส่วนตัว,ชาย,ลำพูน,แรงงานนอกระบบ,คน
11536,8478,2567,ช่วยธุรกิจครัวเรือน,ชาย,ลำพูน,แรงงานนอกระบบ,คน
983,8479,2567,ลูกจ้างรัฐบาล,ชาย,ลำพูน,แรงงานนอกระบบ,คน
4069,8480,2567,ลูกจ้างเอกชน,ชาย,ลำพูน,แรงงานนอกระบบ,คน
1434,8481,2567,นายจ้าง,หญิง,ลำพูน,แรงงานนอกระบบ,คน
33213,8482,2567,ประกอบธุรกิจส่วนตัว,หญิง,ลำพูน,แรงงานนอกระบบ,คน
26636,8483,2567,ช่วยธุรกิจครัวเรือน,หญิง,ลำพูน,แรงงานนอกระบบ,คน
643,8484,2567,ลูกจ้างรัฐบาล,หญิง,ลำพูน,แรงงานนอกระบบ,คน
3606,8485,2567,ลูกจ้างเอกชน,หญิง,ลำพูน,แรงงานนอกระบบ,คน
422,8486,2567,นายจ้าง,ชาย,ลำปาง,แรงงานในระบบ,คน
5713,8487,2567,ประกอบธุรกิจส่วนตัว,ชาย,ลำปาง,แรงงานในระบบ,คน
825,8488,2567,ช่วยธุรกิจครัวเรือน,ชาย,ลำปาง,แรงงานในระบบ,คน
20671,8489,2567,ลูกจ้างรัฐบาล,ชาย,ลำปาง,แรงงานในระบบ,คน
55179,8490,2567,ลูกจ้างเอกชน,ชาย,ลำปาง,แรงงานในระบบ,คน
223,8491,2567,นายจ้าง,หญิง,ลำปาง,แรงงานในระบบ,คน
4215,8492,2567,ประกอบธุรกิจส่วนตัว,หญิง,ลำปาง,แรงงานในระบบ,คน
1019,8493,2567,ช่วยธุรกิจครัวเรือน,หญิง,ลำปาง,แรงงานในระบบ,คน
23070,8494,2567,ลูกจ้างรัฐบาล,หญิง,ลำปาง,แรงงานในระบบ,คน
41858,8495,2567,ลูกจ้างเอกชน,หญิง,ลำปาง,แรงงานในระบบ,คน
4594,8496,2567,นายจ้าง,ชาย,ลำปาง,แรงงานนอกระบบ,คน
67642,8497,2567,ประกอบธุรกิจส่วนตัว,ชาย,ลำปาง,แรงงานนอกระบบ,คน
21493,8498,2567,ช่วยธุรกิจครัวเรือน,ชาย,ลำปาง,แรงงานนอกระบบ,คน
5115,8499,2567,ลูกจ้างรัฐบาล,ชาย,ลำปาง,แรงงานนอกระบบ,คน
8449,8500,2567,ลูกจ้างเอกชน,ชาย,ลำปาง,แรงงานนอกระบบ,คน
825,8501,2567,นายจ้าง,หญิง,ลำปาง,แรงงานนอกระบบ,คน
48737,8502,2567,ประกอบธุรกิจส่วนตัว,หญิง,ลำปาง,แรงงานนอกระบบ,คน
34337,8503,2567,ช่วยธุรกิจครัวเรือน,หญิง,ลำปาง,แรงงานนอกระบบ,คน
2704,8504,2567,ลูกจ้างรัฐบาล,หญิง,ลำปาง,แรงงานนอกระบบ,คน
2366,8505,2567,ลูกจ้างเอกชน,หญิง,ลำปาง,แรงงานนอกระบบ,คน
213,8506,2567,นายจ้าง,ชาย,อุตรดิตถ์,แรงงานในระบบ,คน
1101,8507,2567,ประกอบธุรกิจส่วนตัว,ชาย,อุตรดิตถ์,แรงงานในระบบ,คน
382,8508,2567,ช่วยธุรกิจครัวเรือน,ชาย,อุตรดิตถ์,แรงงานในระบบ,คน
13989,8509,2567,ลูกจ้างรัฐบาล,ชาย,อุตรดิตถ์,แรงงานในระบบ,คน
15530,8510,2567,ลูกจ้างเอกชน,ชาย,อุตรดิตถ์,แรงงานในระบบ,คน
238,8511,2567,นายจ้าง,หญิง,อุตรดิตถ์,แรงงานในระบบ,คน
2548,8512,2567,ประกอบธุรกิจส่วนตัว,หญิง,อุตรดิตถ์,แรงงานในระบบ,คน
1026,8513,2567,ช่วยธุรกิจครัวเรือน,หญิง,อุตรดิตถ์,แรงงานในระบบ,คน
14854,8514,2567,ลูกจ้างรัฐบาล,หญิง,อุตรดิตถ์,แรงงานในระบบ,คน
15838,8515,2567,ลูกจ้างเอกชน,หญิง,อุตรดิตถ์,แรงงานในระบบ,คน
728,8516,2567,นายจ้าง,ชาย,อุตรดิตถ์,แรงงานนอกระบบ,คน
66145,8517,2567,ประกอบธุรกิจส่วนตัว,ชาย,อุตรดิตถ์,แรงงานนอกระบบ,คน
13207,8518,2567,ช่วยธุรกิจครัวเรือน,ชาย,อุตรดิตถ์,แรงงานนอกระบบ,คน
1681,8519,2567,ลูกจ้างรัฐบาล,ชาย,อุตรดิตถ์,แรงงานนอกระบบ,คน
994,8520,2567,ลูกจ้างเอกชน,ชาย,อุตรดิตถ์,แรงงานนอกระบบ,คน
294,8521,2567,นายจ้าง,หญิง,อุตรดิตถ์,แรงงานนอกระบบ,คน
34134,8522,2567,ประกอบธุรกิจส่วนตัว,หญิง,อุตรดิตถ์,แรงงานนอกระบบ,คน
21248,8523,2567,ช่วยธุรกิจครัวเรือน,หญิง,อุตรดิตถ์,แรงงานนอกระบบ,คน
809,8524,2567,ลูกจ้างรัฐบาล,หญิง,อุตรดิตถ์,แรงงานนอกระบบ,คน
648,8525,2567,ลูกจ้างเอกชน,หญิง,อุตรดิตถ์,แรงงานนอกระบบ,คน
459,8526,2567,นายจ้าง,ชาย,แพร่,แรงงานในระบบ,คน
2108,8527,2567,ประกอบธุรกิจส่วนตัว,ชาย,แพร่,แรงงานในระบบ,คน
594,8528,2567,ช่วยธุรกิจครัวเรือน,ชาย,แพร่,แรงงานในระบบ,คน
16597,8529,2567,ลูกจ้างรัฐบาล,ชาย,แพร่,แรงงานในระบบ,คน
21007,8530,2567,ลูกจ้างเอกชน,ชาย,แพร่,แรงงานในระบบ,คน
2118,8531,2567,ประกอบธุรกิจส่วนตัว,หญิง,แพร่,แรงงานในระบบ,คน
1134,8532,2567,ช่วยธุรกิจครัวเรือน,หญิง,แพร่,แรงงานในระบบ,คน
11546,8533,2567,ลูกจ้างรัฐบาล,หญิง,แพร่,แรงงานในระบบ,คน
23751,8534,2567,ลูกจ้างเอกชน,หญิง,แพร่,แรงงานในระบบ,คน
2185,8535,2567,นายจ้าง,ชาย,แพร่,แรงงานนอกระบบ,คน
45641,8536,2567,ประกอบธุรกิจส่วนตัว,ชาย,แพร่,แรงงานนอกระบบ,คน
11744,8537,2567,ช่วยธุรกิจครัวเรือน,ชาย,แพร่,แรงงานนอกระบบ,คน
1065,8538,2567,ลูกจ้างรัฐบาล,ชาย,แพร่,แรงงานนอกระบบ,คน
3086,8539,2567,ลูกจ้างเอกชน,ชาย,แพร่,แรงงานนอกระบบ,คน
1520,8540,2567,นายจ้าง,หญิง,แพร่,แรงงานนอกระบบ,คน
27850,8541,2567,ประกอบธุรกิจส่วนตัว,หญิง,แพร่,แรงงานนอกระบบ,คน
18903,8542,2567,ช่วยธุรกิจครัวเรือน,หญิง,แพร่,แรงงานนอกระบบ,คน
2737,8543,2567,ลูกจ้างรัฐบาล,หญิง,แพร่,แรงงานนอกระบบ,คน
1488,8544,2567,ลูกจ้างเอกชน,หญิง,แพร่,แรงงานนอกระบบ,คน
768,8545,2567,ประกอบธุรกิจส่วนตัว,ชาย,น่าน,แรงงานในระบบ,คน
10275,8546,2567,ลูกจ้างรัฐบาล,ชาย,น่าน,แรงงานในระบบ,คน
8604,8547,2567,ลูกจ้างเอกชน,ชาย,น่าน,แรงงานในระบบ,คน
318,8548,2567,ประกอบธุรกิจส่วนตัว,หญิง,น่าน,แรงงานในระบบ,คน
708,8549,2567,ช่วยธุรกิจครัวเรือน,หญิง,น่าน,แรงงานในระบบ,คน
13117,8550,2567,ลูกจ้างรัฐบาล,หญิง,น่าน,แรงงานในระบบ,คน
8940,8551,2567,ลูกจ้างเอกชน,หญิง,น่าน,แรงงานในระบบ,คน
783,8552,2567,นายจ้าง,ชาย,น่าน,แรงงานนอกระบบ,คน
76560,8553,2567,ประกอบธุรกิจส่วนตัว,ชาย,น่าน,แรงงานนอกระบบ,คน
27741,8554,2567,ช่วยธุรกิจครัวเรือน,ชาย,น่าน,แรงงานนอกระบบ,คน
2382,8555,2567,ลูกจ้างรัฐบาล,ชาย,น่าน,แรงงานนอกระบบ,คน
3880,8556,2567,ลูกจ้างเอกชน,ชาย,น่าน,แรงงานนอกระบบ,คน
175,8557,2567,นายจ้าง,หญิง,น่าน,แรงงานนอกระบบ,คน
29583,8558,2567,ประกอบธุรกิจส่วนตัว,หญิง,น่าน,แรงงานนอกระบบ,คน
61644,8559,2567,ช่วยธุรกิจครัวเรือน,หญิง,น่าน,แรงงานนอกระบบ,คน
2735,8560,2567,ลูกจ้างรัฐบาล,หญิง,น่าน,แรงงานนอกระบบ,คน
538,8561,2567,ลูกจ้างเอกชน,หญิง,น่าน,แรงงานนอกระบบ,คน
232,8562,2567,การรวมกลุ่ม,หญิง,น่าน,แรงงานนอกระบบ,คน
2250,8563,2567,ประกอบธุรกิจส่วนตัว,ชาย,พะเยา,แรงงานในระบบ,คน
13114,8564,2567,ลูกจ้างรัฐบาล,ชาย,พะเยา,แรงงานในระบบ,คน
14763,8565,2567,ลูกจ้างเอกชน,ชาย,พะเยา,แรงงานในระบบ,คน
1437,8566,2567,ประกอบธุรกิจส่วนตัว,หญิง,พะเยา,แรงงานในระบบ,คน
1182,8567,2567,ช่วยธุรกิจครัวเรือน,หญิง,พะเยา,แรงงานในระบบ,คน
15104,8568,2567,ลูกจ้างรัฐบาล,หญิง,พะเยา,แรงงานในระบบ,คน
11633,8569,2567,ลูกจ้างเอกชน,หญิง,พะเยา,แรงงานในระบบ,คน
737,8570,2567,นายจ้าง,ชาย,พะเยา,แรงงานนอกระบบ,คน
45889,8571,2567,ประกอบธุรกิจส่วนตัว,ชาย,พะเยา,แรงงานนอกระบบ,คน
16153,8572,2567,ช่วยธุรกิจครัวเรือน,ชาย,พะเยา,แรงงานนอกระบบ,คน
8336,8573,2567,ลูกจ้างเอกชน,ชาย,พะเยา,แรงงานนอกระบบ,คน
378,8574,2567,นายจ้าง,หญิง,พะเยา,แรงงานนอกระบบ,คน
19222,8575,2567,ประกอบธุรกิจส่วนตัว,หญิง,พะเยา,แรงงานนอกระบบ,คน
26645,8576,2567,ช่วยธุรกิจครัวเรือน,หญิง,พะเยา,แรงงานนอกระบบ,คน
368,8577,2567,ลูกจ้างรัฐบาล,หญิง,พะเยา,แรงงานนอกระบบ,คน
1369,8578,2567,ลูกจ้างเอกชน,หญิง,พะเยา,แรงงานนอกระบบ,คน
89,8579,2567,การรวมกลุ่ม,หญิง,พะเยา,แรงงานนอกระบบ,คน
1026,8580,2567,ประกอบธุรกิจส่วนตัว,ชาย,เชียงราย,แรงงานในระบบ,คน
11619,8581,2567,ลูกจ้างรัฐบาล,ชาย,เชียงราย,แรงงานในระบบ,คน
32651,8582,2567,ลูกจ้างเอกชน,ชาย,เชียงราย,แรงงานในระบบ,คน
,8583,2567,ประกอบธุรกิจส่วนตัว,หญิง,เชียงราย,แรงงานในระบบ,คน
482,8584,2567,ช่วยธุรกิจครัวเรือน,หญิง,เชียงราย,แรงงานในระบบ,คน
10356,8585,2567,ลูกจ้างรัฐบาล,หญิง,เชียงราย,แรงงานในระบบ,คน
24720,8586,2567,ลูกจ้างเอกชน,หญิง,เชียงราย,แรงงานในระบบ,คน
2338,8587,2567,นายจ้าง,ชาย,เชียงราย,แรงงานนอกระบบ,คน
212414,8588,2567,ประกอบธุรกิจส่วนตัว,ชาย,เชียงราย,แรงงานนอกระบบ,คน
51318,8589,2567,ช่วยธุรกิจครัวเรือน,ชาย,เชียงราย,แรงงานนอกระบบ,คน
21712,8590,2567,ลูกจ้างเอกชน,ชาย,เชียงราย,แรงงานนอกระบบ,คน
4316,8591,2567,นายจ้าง,หญิง,เชียงราย,แรงงานนอกระบบ,คน
73894,8592,2567,ประกอบธุรกิจส่วนตัว,หญิง,เชียงราย,แรงงานนอกระบบ,คน
128622,8593,2567,ช่วยธุรกิจครัวเรือน,หญิง,เชียงราย,แรงงานนอกระบบ,คน
115,8594,2567,ลูกจ้างรัฐบาล,หญิง,เชียงราย,แรงงานนอกระบบ,คน
12643,8595,2567,ลูกจ้างเอกชน,หญิง,เชียงราย,แรงงานนอกระบบ,คน
66,8596,2567,นายจ้าง,ชาย,แม่ฮ่องสอน,แรงงานในระบบ,คน
889,8597,2567,ประกอบธุรกิจส่วนตัว,ชาย,แม่ฮ่องสอน,แรงงานในระบบ,คน
144,8598,2567,ช่วยธุรกิจครัวเรือน,ชาย,แม่ฮ่องสอน,แรงงานในระบบ,คน
7155,8599,2567,ลูกจ้างรัฐบาล,ชาย,แม่ฮ่องสอน,แรงงานในระบบ,คน
3991,8600,2567,ลูกจ้างเอกชน,ชาย,แม่ฮ่องสอน,แรงงานในระบบ,คน
23,8601,2567,นายจ้าง,หญิง,แม่ฮ่องสอน,แรงงานในระบบ,คน
476,8602,2567,ประกอบธุรกิจส่วนตัว,หญิง,แม่ฮ่องสอน,แรงงานในระบบ,คน
794,8603,2567,ช่วยธุรกิจครัวเรือน,หญิง,แม่ฮ่องสอน,แรงงานในระบบ,คน
4572,8604,2567,ลูกจ้างรัฐบาล,หญิง,แม่ฮ่องสอน,แรงงานในระบบ,คน
3004,8605,2567,ลูกจ้างเอกชน,หญิง,แม่ฮ่องสอน,แรงงานในระบบ,คน
312,8606,2567,นายจ้าง,ชาย,แม่ฮ่องสอน,แรงงานนอกระบบ,คน
34036,8607,2567,ประกอบธุรกิจส่วนตัว,ชาย,แม่ฮ่องสอน,แรงงานนอกระบบ,คน
21104,8608,2567,ช่วยธุรกิจครัวเรือน,ชาย,แม่ฮ่องสอน,แรงงานนอกระบบ,คน
492,8609,2567,ลูกจ้างรัฐบาล,ชาย,แม่ฮ่องสอน,แรงงานนอกระบบ,คน
8828,8610,2567,ลูกจ้างเอกชน,ชาย,แม่ฮ่องสอน,แรงงานนอกระบบ,คน
352,8611,2567,นายจ้าง,หญิง,แม่ฮ่องสอน,แรงงานนอกระบบ,คน
17657,8612,2567,ประกอบธุรกิจส่วนตัว,หญิง,แม่ฮ่องสอน,แรงงานนอกระบบ,คน
32673,8613,2567,ช่วยธุรกิจครัวเรือน,หญิง,แม่ฮ่องสอน,แรงงานนอกระบบ,คน
1343,8614,2567,ลูกจ้างรัฐบาล,หญิง,แม่ฮ่องสอน,แรงงานนอกระบบ,คน
4552,8615,2567,ลูกจ้างเอกชน,หญิง,แม่ฮ่องสอน,แรงงานนอกระบบ,คน
403,8616,2567,นายจ้าง,ชาย,นครสวรรค์,แรงงานในระบบ,คน
3638,8617,2567,ประกอบธุรกิจส่วนตัว,ชาย,นครสวรรค์,แรงงานในระบบ,คน
1783,8618,2567,ช่วยธุรกิจครัวเรือน,ชาย,นครสวรรค์,แรงงานในระบบ,คน
25299,8619,2567,ลูกจ้างรัฐบาล,ชาย,นครสวรรค์,แรงงานในระบบ,คน
53712,8620,2567,ลูกจ้างเอกชน,ชาย,นครสวรรค์,แรงงานในระบบ,คน
2004,8621,2567,ประกอบธุรกิจส่วนตัว,หญิง,นครสวรรค์,แรงงานในระบบ,คน
1992,8622,2567,ช่วยธุรกิจครัวเรือน,หญิง,นครสวรรค์,แรงงานในระบบ,คน
27133,8623,2567,ลูกจ้างรัฐบาล,หญิง,นครสวรรค์,แรงงานในระบบ,คน
43347,8624,2567,ลูกจ้างเอกชน,หญิง,นครสวรรค์,แรงงานในระบบ,คน
3487,8625,2567,นายจ้าง,ชาย,นครสวรรค์,แรงงานนอกระบบ,คน
111149,8626,2567,ประกอบธุรกิจส่วนตัว,ชาย,นครสวรรค์,แรงงานนอกระบบ,คน
54120,8627,2567,ช่วยธุรกิจครัวเรือน,ชาย,นครสวรรค์,แรงงานนอกระบบ,คน
1712,8628,2567,ลูกจ้างรัฐบาล,ชาย,นครสวรรค์,แรงงานนอกระบบ,คน
8925,8629,2567,ลูกจ้างเอกชน,ชาย,นครสวรรค์,แรงงานนอกระบบ,คน
812,8630,2567,นายจ้าง,หญิง,นครสวรรค์,แรงงานนอกระบบ,คน
94734,8631,2567,ประกอบธุรกิจส่วนตัว,หญิง,นครสวรรค์,แรงงานนอกระบบ,คน
53105,8632,2567,ช่วยธุรกิจครัวเรือน,หญิง,นครสวรรค์,แรงงานนอกระบบ,คน
1030,8633,2567,ลูกจ้างรัฐบาล,หญิง,นครสวรรค์,แรงงานนอกระบบ,คน
4076,8634,2567,ลูกจ้างเอกชน,หญิง,นครสวรรค์,แรงงานนอกระบบ,คน
147,8635,2567,นายจ้าง,ชาย,อุทัยธานี,แรงงานในระบบ,คน
384,8636,2567,ประกอบธุรกิจส่วนตัว,ชาย,อุทัยธานี,แรงงานในระบบ,คน
8365,8637,2567,ลูกจ้างรัฐบาล,ชาย,อุทัยธานี,แรงงานในระบบ,คน
9909,8638,2567,ลูกจ้างเอกชน,ชาย,อุทัยธานี,แรงงานในระบบ,คน
287,8639,2567,ประกอบธุรกิจส่วนตัว,หญิง,อุทัยธานี,แรงงานในระบบ,คน
248,8640,2567,ช่วยธุรกิจครัวเรือน,หญิง,อุทัยธานี,แรงงานในระบบ,คน
9901,8641,2567,ลูกจ้างรัฐบาล,หญิง,อุทัยธานี,แรงงานในระบบ,คน
8628,8642,2567,ลูกจ้างเอกชน,หญิง,อุทัยธานี,แรงงานในระบบ,คน
1210,8643,2567,นายจ้าง,ชาย,อุทัยธานี,แรงงานนอกระบบ,คน
43085,8644,2567,ประกอบธุรกิจส่วนตัว,ชาย,อุทัยธานี,แรงงานนอกระบบ,คน
13208,8645,2567,ช่วยธุรกิจครัวเรือน,ชาย,อุทัยธานี,แรงงานนอกระบบ,คน
378,8646,2567,ลูกจ้างรัฐบาล,ชาย,อุทัยธานี,แรงงานนอกระบบ,คน
1919,8647,2567,ลูกจ้างเอกชน,ชาย,อุทัยธานี,แรงงานนอกระบบ,คน
621,8648,2567,นายจ้าง,หญิง,อุทัยธานี,แรงงานนอกระบบ,คน
23105,8649,2567,ประกอบธุรกิจส่วนตัว,หญิง,อุทัยธานี,แรงงานนอกระบบ,คน
24224,8650,2567,ช่วยธุรกิจครัวเรือน,หญิง,อุทัยธานี,แรงงานนอกระบบ,คน
318,8651,2567,ลูกจ้างรัฐบาล,หญิง,อุทัยธานี,แรงงานนอกระบบ,คน
1859,8652,2567,ลูกจ้างเอกชน,หญิง,อุทัยธานี,แรงงานนอกระบบ,คน
248,8653,2567,นายจ้าง,ชาย,กำแพงเพชร,แรงงานในระบบ,คน
889,8654,2567,ประกอบธุรกิจส่วนตัว,ชาย,กำแพงเพชร,แรงงานในระบบ,คน
297,8655,2567,ช่วยธุรกิจครัวเรือน,ชาย,กำแพงเพชร,แรงงานในระบบ,คน
11099,8656,2567,ลูกจ้างรัฐบาล,ชาย,กำแพงเพชร,แรงงานในระบบ,คน
42451,8657,2567,ลูกจ้างเอกชน,ชาย,กำแพงเพชร,แรงงานในระบบ,คน
1208,8658,2567,ประกอบธุรกิจส่วนตัว,หญิง,กำแพงเพชร,แรงงานในระบบ,คน
1093,8659,2567,ช่วยธุรกิจครัวเรือน,หญิง,กำแพงเพชร,แรงงานในระบบ,คน
16978,8660,2567,ลูกจ้างรัฐบาล,หญิง,กำแพงเพชร,แรงงานในระบบ,คน
22934,8661,2567,ลูกจ้างเอกชน,หญิง,กำแพงเพชร,แรงงานในระบบ,คน
8545,8662,2567,นายจ้าง,ชาย,กำแพงเพชร,แรงงานนอกระบบ,คน
117618,8663,2567,ประกอบธุรกิจส่วนตัว,ชาย,กำแพงเพชร,แรงงานนอกระบบ,คน
37188,8664,2567,ช่วยธุรกิจครัวเรือน,ชาย,กำแพงเพชร,แรงงานนอกระบบ,คน
1190,8665,2567,ลูกจ้างรัฐบาล,ชาย,กำแพงเพชร,แรงงานนอกระบบ,คน
13500,8666,2567,ลูกจ้างเอกชน,ชาย,กำแพงเพชร,แรงงานนอกระบบ,คน
3256,8667,2567,นายจ้าง,หญิง,กำแพงเพชร,แรงงานนอกระบบ,คน
79400,8668,2567,ประกอบธุรกิจส่วนตัว,หญิง,กำแพงเพชร,แรงงานนอกระบบ,คน
73781,8669,2567,ช่วยธุรกิจครัวเรือน,หญิง,กำแพงเพชร,แรงงานนอกระบบ,คน
1889,8670,2567,ลูกจ้างรัฐบาล,หญิง,กำแพงเพชร,แรงงานนอกระบบ,คน
6089,8671,2567,ลูกจ้างเอกชน,หญิง,กำแพงเพชร,แรงงานนอกระบบ,คน
870,8672,2567,นายจ้าง,ชาย,ตาก,แรงงานในระบบ,คน
6214,8673,2567,ประกอบธุรกิจส่วนตัว,ชาย,ตาก,แรงงานในระบบ,คน
227,8674,2567,ช่วยธุรกิจครัวเรือน,ชาย,ตาก,แรงงานในระบบ,คน
12187,8675,2567,ลูกจ้างรัฐบาล,ชาย,ตาก,แรงงานในระบบ,คน
31305,8676,2567,ลูกจ้างเอกชน,ชาย,ตาก,แรงงานในระบบ,คน
117,8677,2567,นายจ้าง,หญิง,ตาก,แรงงานในระบบ,คน
5447,8678,2567,ประกอบธุรกิจส่วนตัว,หญิง,ตาก,แรงงานในระบบ,คน
2586,8679,2567,ช่วยธุรกิจครัวเรือน,หญิง,ตาก,แรงงานในระบบ,คน
10706,8680,2567,ลูกจ้างรัฐบาล,หญิง,ตาก,แรงงานในระบบ,คน
22158,8681,2567,ลูกจ้างเอกชน,หญิง,ตาก,แรงงานในระบบ,คน
6134,8682,2567,นายจ้าง,ชาย,ตาก,แรงงานนอกระบบ,คน
71650,8683,2567,ประกอบธุรกิจส่วนตัว,ชาย,ตาก,แรงงานนอกระบบ,คน
25086,8684,2567,ช่วยธุรกิจครัวเรือน,ชาย,ตาก,แรงงานนอกระบบ,คน
487,8685,2567,ลูกจ้างรัฐบาล,ชาย,ตาก,แรงงานนอกระบบ,คน
8071,8686,2567,ลูกจ้างเอกชน,ชาย,ตาก,แรงงานนอกระบบ,คน
2321,8687,2567,นายจ้าง,หญิง,ตาก,แรงงานนอกระบบ,คน
39991,8688,2567,ประกอบธุรกิจส่วนตัว,หญิง,ตาก,แรงงานนอกระบบ,คน
40348,8689,2567,ช่วยธุรกิจครัวเรือน,หญิง,ตาก,แรงงานนอกระบบ,คน
851,8690,2567,ลูกจ้างรัฐบาล,หญิง,ตาก,แรงงานนอกระบบ,คน
4561,8691,2567,ลูกจ้างเอกชน,หญิง,ตาก,แรงงานนอกระบบ,คน
355,8692,2567,นายจ้าง,ชาย,สุโขทัย,แรงงานในระบบ,คน
4460,8693,2567,ประกอบธุรกิจส่วนตัว,ชาย,สุโขทัย,แรงงานในระบบ,คน
1894,8694,2567,ช่วยธุรกิจครัวเรือน,ชาย,สุโขทัย,แรงงานในระบบ,คน
14331,8695,2567,ลูกจ้างรัฐบาล,ชาย,สุโขทัย,แรงงานในระบบ,คน
25338,8696,2567,ลูกจ้างเอกชน,ชาย,สุโขทัย,แรงงานในระบบ,คน
270,8697,2567,นายจ้าง,หญิง,สุโขทัย,แรงงานในระบบ,คน
3549,8698,2567,ประกอบธุรกิจส่วนตัว,หญิง,สุโขทัย,แรงงานในระบบ,คน
3730,8699,2567,ช่วยธุรกิจครัวเรือน,หญิง,สุโขทัย,แรงงานในระบบ,คน
17162,8700,2567,ลูกจ้างรัฐบาล,หญิง,สุโขทัย,แรงงานในระบบ,คน
24500,8701,2567,ลูกจ้างเอกชน,หญิง,สุโขทัย,แรงงานในระบบ,คน
2670,8702,2567,นายจ้าง,ชาย,สุโขทัย,แรงงานนอกระบบ,คน
95769,8703,2567,ประกอบธุรกิจส่วนตัว,ชาย,สุโขทัย,แรงงานนอกระบบ,คน
25010,8704,2567,ช่วยธุรกิจครัวเรือน,ชาย,สุโขทัย,แรงงานนอกระบบ,คน
2337,8705,2567,ลูกจ้างรัฐบาล,ชาย,สุโขทัย,แรงงานนอกระบบ,คน
13793,8706,2567,ลูกจ้างเอกชน,ชาย,สุโขทัย,แรงงานนอกระบบ,คน
1634,8707,2567,นายจ้าง,หญิง,สุโขทัย,แรงงานนอกระบบ,คน
62287,8708,2567,ประกอบธุรกิจส่วนตัว,หญิง,สุโขทัย,แรงงานนอกระบบ,คน
44294,8709,2567,ช่วยธุรกิจครัวเรือน,หญิง,สุโขทัย,แรงงานนอกระบบ,คน
989,8710,2567,ลูกจ้างรัฐบาล,หญิง,สุโขทัย,แรงงานนอกระบบ,คน
6330,8711,2567,ลูกจ้างเอกชน,หญิง,สุโขทัย,แรงงานนอกระบบ,คน
176,8712,2567,นายจ้าง,ชาย,พิษณุโลก,แรงงานในระบบ,คน
2925,8713,2567,ประกอบธุรกิจส่วนตัว,ชาย,พิษณุโลก,แรงงานในระบบ,คน
637,8714,2567,ช่วยธุรกิจครัวเรือน,ชาย,พิษณุโลก,แรงงานในระบบ,คน
27520,8715,2567,ลูกจ้างรัฐบาล,ชาย,พิษณุโลก,แรงงานในระบบ,คน
48724,8716,2567,ลูกจ้างเอกชน,ชาย,พิษณุโลก,แรงงานในระบบ,คน
78,8717,2567,นายจ้าง,หญิง,พิษณุโลก,แรงงานในระบบ,คน
3055,8718,2567,ประกอบธุรกิจส่วนตัว,หญิง,พิษณุโลก,แรงงานในระบบ,คน
3437,8719,2567,ช่วยธุรกิจครัวเรือน,หญิง,พิษณุโลก,แรงงานในระบบ,คน
26768,8720,2567,ลูกจ้างรัฐบาล,หญิง,พิษณุโลก,แรงงานในระบบ,คน
38013,8721,2567,ลูกจ้างเอกชน,หญิง,พิษณุโลก,แรงงานในระบบ,คน
3771,8722,2567,นายจ้าง,ชาย,พิษณุโลก,แรงงานนอกระบบ,คน
136254,8723,2567,ประกอบธุรกิจส่วนตัว,ชาย,พิษณุโลก,แรงงานนอกระบบ,คน
32812,8724,2567,ช่วยธุรกิจครัวเรือน,ชาย,พิษณุโลก,แรงงานนอกระบบ,คน
2987,8725,2567,ลูกจ้างรัฐบาล,ชาย,พิษณุโลก,แรงงานนอกระบบ,คน
4317,8726,2567,ลูกจ้างเอกชน,ชาย,พิษณุโลก,แรงงานนอกระบบ,คน
1242,8727,2567,นายจ้าง,หญิง,พิษณุโลก,แรงงานนอกระบบ,คน
82022,8728,2567,ประกอบธุรกิจส่วนตัว,หญิง,พิษณุโลก,แรงงานนอกระบบ,คน
62731,8729,2567,ช่วยธุรกิจครัวเรือน,หญิง,พิษณุโลก,แรงงานนอกระบบ,คน
380,8730,2567,ลูกจ้างรัฐบาล,หญิง,พิษณุโลก,แรงงานนอกระบบ,คน
3767,8731,2567,ลูกจ้างเอกชน,หญิง,พิษณุโลก,แรงงานนอกระบบ,คน
1847,8732,2567,ประกอบธุรกิจส่วนตัว,ชาย,พิจิตร,แรงงานในระบบ,คน
12198,8733,2567,ลูกจ้างรัฐบาล,ชาย,พิจิตร,แรงงานในระบบ,คน
22584,8734,2567,ลูกจ้างเอกชน,ชาย,พิจิตร,แรงงานในระบบ,คน
957,8735,2567,ประกอบธุรกิจส่วนตัว,หญิง,พิจิตร,แรงงานในระบบ,คน
1274,8736,2567,ช่วยธุรกิจครัวเรือน,หญิง,พิจิตร,แรงงานในระบบ,คน
14571,8737,2567,ลูกจ้างรัฐบาล,หญิง,พิจิตร,แรงงานในระบบ,คน
22842,8738,2567,ลูกจ้างเอกชน,หญิง,พิจิตร,แรงงานในระบบ,คน
1661,8739,2567,นายจ้าง,ชาย,พิจิตร,แรงงานนอกระบบ,คน
83970,8740,2567,ประกอบธุรกิจส่วนตัว,ชาย,พิจิตร,แรงงานนอกระบบ,คน
22927,8741,2567,ช่วยธุรกิจครัวเรือน,ชาย,พิจิตร,แรงงานนอกระบบ,คน
1260,8742,2567,ลูกจ้างรัฐบาล,ชาย,พิจิตร,แรงงานนอกระบบ,คน
3087,8743,2567,ลูกจ้างเอกชน,ชาย,พิจิตร,แรงงานนอกระบบ,คน
869,8744,2567,นายจ้าง,หญิง,พิจิตร,แรงงานนอกระบบ,คน
46138,8745,2567,ประกอบธุรกิจส่วนตัว,หญิง,พิจิตร,แรงงานนอกระบบ,คน
38230,8746,2567,ช่วยธุรกิจครัวเรือน,หญิง,พิจิตร,แรงงานนอกระบบ,คน
1868,8747,2567,ลูกจ้างรัฐบาล,หญิง,พิจิตร,แรงงานนอกระบบ,คน
1018,8748,2567,ลูกจ้างเอกชน,หญิง,พิจิตร,แรงงานนอกระบบ,คน
7462,8749,2567,ประกอบธุรกิจส่วนตัว,ชาย,เพชรบูรณ์,แรงงานในระบบ,คน
1788,8750,2567,ช่วยธุรกิจครัวเรือน,ชาย,เพชรบูรณ์,แรงงานในระบบ,คน
28898,8751,2567,ลูกจ้างรัฐบาล,ชาย,เพชรบูรณ์,แรงงานในระบบ,คน
48758,8752,2567,ลูกจ้างเอกชน,ชาย,เพชรบูรณ์,แรงงานในระบบ,คน
192,8753,2567,นายจ้าง,หญิง,เพชรบูรณ์,แรงงานในระบบ,คน
5759,8754,2567,ประกอบธุรกิจส่วนตัว,หญิง,เพชรบูรณ์,แรงงานในระบบ,คน
6033,8755,2567,ช่วยธุรกิจครัวเรือน,หญิง,เพชรบูรณ์,แรงงานในระบบ,คน
27304,8756,2567,ลูกจ้างรัฐบาล,หญิง,เพชรบูรณ์,แรงงานในระบบ,คน
34498,8757,2567,ลูกจ้างเอกชน,หญิง,เพชรบูรณ์,แรงงานในระบบ,คน
113,8758,2567,การรวมกลุ่ม,หญิง,เพชรบูรณ์,แรงงานในระบบ,คน
3706,8759,2567,นายจ้าง,ชาย,เพชรบูรณ์,แรงงานนอกระบบ,คน
121871,8760,2567,ประกอบธุรกิจส่วนตัว,ชาย,เพชรบูรณ์,แรงงานนอกระบบ,คน
38848,8761,2567,ช่วยธุรกิจครัวเรือน,ชาย,เพชรบูรณ์,แรงงานนอกระบบ,คน
1442,8762,2567,ลูกจ้างรัฐบาล,ชาย,เพชรบูรณ์,แรงงานนอกระบบ,คน
2832,8763,2567,ลูกจ้างเอกชน,ชาย,เพชรบูรณ์,แรงงานนอกระบบ,คน
679,8764,2567,นายจ้าง,หญิง,เพชรบูรณ์,แรงงานนอกระบบ,คน
63881,8765,2567,ประกอบธุรกิจส่วนตัว,หญิง,เพชรบูรณ์,แรงงานนอกระบบ,คน
62908,8766,2567,ช่วยธุรกิจครัวเรือน,หญิง,เพชรบูรณ์,แรงงานนอกระบบ,คน
1308,8767,2567,ลูกจ้างรัฐบาล,หญิง,เพชรบูรณ์,แรงงานนอกระบบ,คน
1892,8768,2567,ลูกจ้างเอกชน,หญิง,เพชรบูรณ์,แรงงานนอกระบบ,คน
6266,8769,2567,นายจ้าง,ชาย,สมุทรปราการ,แรงงานในระบบ,คน
27546,8770,2567,ประกอบธุรกิจส่วนตัว,ชาย,สมุทรปราการ,แรงงานในระบบ,คน
1224,8771,2567,ช่วยธุรกิจครัวเรือน,ชาย,สมุทรปราการ,แรงงานในระบบ,คน
41207,8772,2567,ลูกจ้างรัฐบาล,ชาย,สมุทรปราการ,แรงงานในระบบ,คน
538078,8773,2567,ลูกจ้างเอกชน,ชาย,สมุทรปราการ,แรงงานในระบบ,คน
20945,8774,2567,ประกอบธุรกิจส่วนตัว,หญิง,สมุทรปราการ,แรงงานในระบบ,คน
282,8775,2567,ช่วยธุรกิจครัวเรือน,หญิง,สมุทรปราการ,แรงงานในระบบ,คน
43148,8776,2567,ลูกจ้างรัฐบาล,หญิง,สมุทรปราการ,แรงงานในระบบ,คน
516183,8777,2567,ลูกจ้างเอกชน,หญิง,สมุทรปราการ,แรงงานในระบบ,คน
15174,8778,2567,นายจ้าง,ชาย,สมุทรปราการ,แรงงานนอกระบบ,คน
131719,8779,2567,ประกอบธุรกิจส่วนตัว,ชาย,สมุทรปราการ,แรงงานนอกระบบ,คน
13359,8780,2567,ช่วยธุรกิจครัวเรือน,ชาย,สมุทรปราการ,แรงงานนอกระบบ,คน
8747,8781,2567,ลูกจ้างเอกชน,ชาย,สมุทรปราการ,แรงงานนอกระบบ,คน
1723,8782,2567,การรวมกลุ่ม,ชาย,สมุทรปราการ,แรงงานนอกระบบ,คน
7991,8783,2567,นายจ้าง,หญิง,สมุทรปราการ,แรงงานนอกระบบ,คน
83396,8784,2567,ประกอบธุรกิจส่วนตัว,หญิง,สมุทรปราการ,แรงงานนอกระบบ,คน
33670,8785,2567,ช่วยธุรกิจครัวเรือน,หญิง,สมุทรปราการ,แรงงานนอกระบบ,คน
5229,8786,2567,ลูกจ้างเอกชน,หญิง,สมุทรปราการ,แรงงานนอกระบบ,คน
4979,8787,2567,นายจ้าง,ชาย,นนทบุรี,แรงงานในระบบ,คน
15562,8788,2567,ประกอบธุรกิจส่วนตัว,ชาย,นนทบุรี,แรงงานในระบบ,คน
736,8789,2567,ช่วยธุรกิจครัวเรือน,ชาย,นนทบุรี,แรงงานในระบบ,คน
43562,8790,2567,ลูกจ้างรัฐบาล,ชาย,นนทบุรี,แรงงานในระบบ,คน
385198,8791,2567,ลูกจ้างเอกชน,ชาย,นนทบุรี,แรงงานในระบบ,คน
13617,8792,2567,ประกอบธุรกิจส่วนตัว,หญิง,นนทบุรี,แรงงานในระบบ,คน
460,8793,2567,ช่วยธุรกิจครัวเรือน,หญิง,นนทบุรี,แรงงานในระบบ,คน
45600,8794,2567,ลูกจ้างรัฐบาล,หญิง,นนทบุรี,แรงงานในระบบ,คน
377197,8795,2567,ลูกจ้างเอกชน,หญิง,นนทบุรี,แรงงานในระบบ,คน
21620,8796,2567,นายจ้าง,ชาย,นนทบุรี,แรงงานนอกระบบ,คน
125878,8797,2567,ประกอบธุรกิจส่วนตัว,ชาย,นนทบุรี,แรงงานนอกระบบ,คน
22917,8798,2567,ช่วยธุรกิจครัวเรือน,ชาย,นนทบุรี,แรงงานนอกระบบ,คน
4416,8799,2567,ลูกจ้างเอกชน,ชาย,นนทบุรี,แรงงานนอกระบบ,คน
2180,8800,2567,นายจ้าง,หญิง,นนทบุรี,แรงงานนอกระบบ,คน
107543,8801,2567,ประกอบธุรกิจส่วนตัว,หญิง,นนทบุรี,แรงงานนอกระบบ,คน
29585,8802,2567,ช่วยธุรกิจครัวเรือน,หญิง,นนทบุรี,แรงงานนอกระบบ,คน
2960,8803,2567,ลูกจ้างเอกชน,หญิง,นนทบุรี,แรงงานนอกระบบ,คน
8507,8804,2567,นายจ้าง,ชาย,ปทุมธานี,แรงงานในระบบ,คน
7897,8805,2567,ประกอบธุรกิจส่วนตัว,ชาย,ปทุมธานี,แรงงานในระบบ,คน
2113,8806,2567,ช่วยธุรกิจครัวเรือน,ชาย,ปทุมธานี,แรงงานในระบบ,คน
28862,8807,2567,ลูกจ้างรัฐบาล,ชาย,ปทุมธานี,แรงงานในระบบ,คน
376998,8808,2567,ลูกจ้างเอกชน,ชาย,ปทุมธานี,แรงงานในระบบ,คน
13380,8809,2567,ประกอบธุรกิจส่วนตัว,หญิง,ปทุมธานี,แรงงานในระบบ,คน
5562,8810,2567,ช่วยธุรกิจครัวเรือน,หญิง,ปทุมธานี,แรงงานในระบบ,คน
47563,8811,2567,ลูกจ้างรัฐบาล,หญิง,ปทุมธานี,แรงงานในระบบ,คน
346129,8812,2567,ลูกจ้างเอกชน,หญิง,ปทุมธานี,แรงงานในระบบ,คน
19381,8813,2567,นายจ้าง,ชาย,ปทุมธานี,แรงงานนอกระบบ,คน
138522,8814,2567,ประกอบธุรกิจส่วนตัว,ชาย,ปทุมธานี,แรงงานนอกระบบ,คน
27494,8815,2567,ช่วยธุรกิจครัวเรือน,ชาย,ปทุมธานี,แรงงานนอกระบบ,คน
9158,8816,2567,ลูกจ้างเอกชน,ชาย,ปทุมธานี,แรงงานนอกระบบ,คน
4427,8817,2567,นายจ้าง,หญิง,ปทุมธานี,แรงงานนอกระบบ,คน
108331,8818,2567,ประกอบธุรกิจส่วนตัว,หญิง,ปทุมธานี,แรงงานนอกระบบ,คน
38602,8819,2567,ช่วยธุรกิจครัวเรือน,หญิง,ปทุมธานี,แรงงานนอกระบบ,คน
3684,8820,2567,ลูกจ้างรัฐบาล,หญิง,ปทุมธานี,แรงงานนอกระบบ,คน
1877,8821,2567,ลูกจ้างเอกชน,หญิง,ปทุมธานี,แรงงานนอกระบบ,คน
9288,8822,2567,ประกอบธุรกิจส่วนตัว,ชาย,พระนครศรีอยุธยา,แรงงานในระบบ,คน
1136,8823,2567,ช่วยธุรกิจครัวเรือน,ชาย,พระนครศรีอยุธยา,แรงงานในระบบ,คน
23277,8824,2567,ลูกจ้างรัฐบาล,ชาย,พระนครศรีอยุธยา,แรงงานในระบบ,คน
157630,8825,2567,ลูกจ้างเอกชน,ชาย,พระนครศรีอยุธยา,แรงงานในระบบ,คน
5326,8826,2567,ประกอบธุรกิจส่วนตัว,หญิง,พระนครศรีอยุธยา,แรงงานในระบบ,คน
3712,8827,2567,ช่วยธุรกิจครัวเรือน,หญิง,พระนครศรีอยุธยา,แรงงานในระบบ,คน
21706,8828,2567,ลูกจ้างรัฐบาล,หญิง,พระนครศรีอยุธยา,แรงงานในระบบ,คน
144473,8829,2567,ลูกจ้างเอกชน,หญิง,พระนครศรีอยุธยา,แรงงานในระบบ,คน
6313,8830,2567,นายจ้าง,ชาย,พระนครศรีอยุธยา,แรงงานนอกระบบ,คน
58087,8831,2567,ประกอบธุรกิจส่วนตัว,ชาย,พระนครศรีอยุธยา,แรงงานนอกระบบ,คน
13607,8832,2567,ช่วยธุรกิจครัวเรือน,ชาย,พระนครศรีอยุธยา,แรงงานนอกระบบ,คน
1185,8833,2567,ลูกจ้างรัฐบาล,ชาย,พระนครศรีอยุธยา,แรงงานนอกระบบ,คน
5738,8834,2567,ลูกจ้างเอกชน,ชาย,พระนครศรีอยุธยา,แรงงานนอกระบบ,คน
3038,8835,2567,นายจ้าง,หญิง,พระนครศรีอยุธยา,แรงงานนอกระบบ,คน
43964,8836,2567,ประกอบธุรกิจส่วนตัว,หญิง,พระนครศรีอยุธยา,แรงงานนอกระบบ,คน
17235,8837,2567,ช่วยธุรกิจครัวเรือน,หญิง,พระนครศรีอยุธยา,แรงงานนอกระบบ,คน
1744,8838,2567,ลูกจ้างรัฐบาล,หญิง,พระนครศรีอยุธยา,แรงงานนอกระบบ,คน
3543,8839,2567,ลูกจ้างเอกชน,หญิง,พระนครศรีอยุธยา,แรงงานนอกระบบ,คน
966,8840,2567,ประกอบธุรกิจส่วนตัว,ชาย,อ่างทอง,แรงงานในระบบ,คน
614,8841,2567,ช่วยธุรกิจครัวเรือน,ชาย,อ่างทอง,แรงงานในระบบ,คน
9131,8842,2567,ลูกจ้างรัฐบาล,ชาย,อ่างทอง,แรงงานในระบบ,คน
22611,8843,2567,ลูกจ้างเอกชน,ชาย,อ่างทอง,แรงงานในระบบ,คน
1126,8844,2567,ประกอบธุรกิจส่วนตัว,หญิง,อ่างทอง,แรงงานในระบบ,คน
370,8845,2567,ช่วยธุรกิจครัวเรือน,หญิง,อ่างทอง,แรงงานในระบบ,คน
10144,8846,2567,ลูกจ้างรัฐบาล,หญิง,อ่างทอง,แรงงานในระบบ,คน
20474,8847,2567,ลูกจ้างเอกชน,หญิง,อ่างทอง,แรงงานในระบบ,คน
1623,8848,2567,นายจ้าง,ชาย,อ่างทอง,แรงงานนอกระบบ,คน
20751,8849,2567,ประกอบธุรกิจส่วนตัว,ชาย,อ่างทอง,แรงงานนอกระบบ,คน
6855,8850,2567,ช่วยธุรกิจครัวเรือน,ชาย,อ่างทอง,แรงงานนอกระบบ,คน
855,8851,2567,ลูกจ้างรัฐบาล,ชาย,อ่างทอง,แรงงานนอกระบบ,คน
4892,8852,2567,ลูกจ้างเอกชน,ชาย,อ่างทอง,แรงงานนอกระบบ,คน
683,8853,2567,นายจ้าง,หญิง,อ่างทอง,แรงงานนอกระบบ,คน
15624,8854,2567,ประกอบธุรกิจส่วนตัว,หญิง,อ่างทอง,แรงงานนอกระบบ,คน
8434,8855,2567,ช่วยธุรกิจครัวเรือน,หญิง,อ่างทอง,แรงงานนอกระบบ,คน
398,8856,2567,ลูกจ้างรัฐบาล,หญิง,อ่างทอง,แรงงานนอกระบบ,คน
957,8857,2567,ลูกจ้างเอกชน,หญิง,อ่างทอง,แรงงานนอกระบบ,คน
942,8858,2567,นายจ้าง,ชาย,ลพบุรี,แรงงานในระบบ,คน
1202,8859,2567,ประกอบธุรกิจส่วนตัว,ชาย,ลพบุรี,แรงงานในระบบ,คน
874,8860,2567,ช่วยธุรกิจครัวเรือน,ชาย,ลพบุรี,แรงงานในระบบ,คน
28714,8861,2567,ลูกจ้างรัฐบาล,ชาย,ลพบุรี,แรงงานในระบบ,คน
76947,8862,2567,ลูกจ้างเอกชน,ชาย,ลพบุรี,แรงงานในระบบ,คน
692,8863,2567,ประกอบธุรกิจส่วนตัว,หญิง,ลพบุรี,แรงงานในระบบ,คน
2553,8864,2567,ช่วยธุรกิจครัวเรือน,หญิง,ลพบุรี,แรงงานในระบบ,คน
23865,8865,2567,ลูกจ้างรัฐบาล,หญิง,ลพบุรี,แรงงานในระบบ,คน
61526,8866,2567,ลูกจ้างเอกชน,หญิง,ลพบุรี,แรงงานในระบบ,คน
5822,8867,2567,นายจ้าง,ชาย,ลพบุรี,แรงงานนอกระบบ,คน
82923,8868,2567,ประกอบธุรกิจส่วนตัว,ชาย,ลพบุรี,แรงงานนอกระบบ,คน
33521,8869,2567,ช่วยธุรกิจครัวเรือน,ชาย,ลพบุรี,แรงงานนอกระบบ,คน
352,8870,2567,ลูกจ้างรัฐบาล,ชาย,ลพบุรี,แรงงานนอกระบบ,คน
7863,8871,2567,ลูกจ้างเอกชน,ชาย,ลพบุรี,แรงงานนอกระบบ,คน
1157,8872,2567,นายจ้าง,หญิง,ลพบุรี,แรงงานนอกระบบ,คน
67256,8873,2567,ประกอบธุรกิจส่วนตัว,หญิง,ลพบุรี,แรงงานนอกระบบ,คน
43771,8874,2567,ช่วยธุรกิจครัวเรือน,หญิง,ลพบุรี,แรงงานนอกระบบ,คน
2012,8875,2567,ลูกจ้างเอกชน,หญิง,ลพบุรี,แรงงานนอกระบบ,คน
181,8876,2567,นายจ้าง,ชาย,สิงห์บุรี,แรงงานในระบบ,คน
1489,8877,2567,ประกอบธุรกิจส่วนตัว,ชาย,สิงห์บุรี,แรงงานในระบบ,คน
595,8878,2567,ช่วยธุรกิจครัวเรือน,ชาย,สิงห์บุรี,แรงงานในระบบ,คน
5943,8879,2567,ลูกจ้างรัฐบาล,ชาย,สิงห์บุรี,แรงงานในระบบ,คน
20783,8880,2567,ลูกจ้างเอกชน,ชาย,สิงห์บุรี,แรงงานในระบบ,คน
3173,8881,2567,ประกอบธุรกิจส่วนตัว,หญิง,สิงห์บุรี,แรงงานในระบบ,คน
727,8882,2567,ช่วยธุรกิจครัวเรือน,หญิง,สิงห์บุรี,แรงงานในระบบ,คน
7280,8883,2567,ลูกจ้างรัฐบาล,หญิง,สิงห์บุรี,แรงงานในระบบ,คน
16263,8884,2567,ลูกจ้างเอกชน,หญิง,สิงห์บุรี,แรงงานในระบบ,คน
1041,8885,2567,นายจ้าง,ชาย,สิงห์บุรี,แรงงานนอกระบบ,คน
17680,8886,2567,ประกอบธุรกิจส่วนตัว,ชาย,สิงห์บุรี,แรงงานนอกระบบ,คน
5465,8887,2567,ช่วยธุรกิจครัวเรือน,ชาย,สิงห์บุรี,แรงงานนอกระบบ,คน
1054,8888,2567,ลูกจ้างรัฐบาล,ชาย,สิงห์บุรี,แรงงานนอกระบบ,คน
1201,8889,2567,ลูกจ้างเอกชน,ชาย,สิงห์บุรี,แรงงานนอกระบบ,คน
1121,8890,2567,นายจ้าง,หญิง,สิงห์บุรี,แรงงานนอกระบบ,คน
12395,8891,2567,ประกอบธุรกิจส่วนตัว,หญิง,สิงห์บุรี,แรงงานนอกระบบ,คน
4787,8892,2567,ช่วยธุรกิจครัวเรือน,หญิง,สิงห์บุรี,แรงงานนอกระบบ,คน
390,8893,2567,ลูกจ้างรัฐบาล,หญิง,สิงห์บุรี,แรงงานนอกระบบ,คน
631,8894,2567,ลูกจ้างเอกชน,หญิง,สิงห์บุรี,แรงงานนอกระบบ,คน
1167,8895,2567,ประกอบธุรกิจส่วนตัว,ชาย,ชัยนาท,แรงงานในระบบ,คน
837,8896,2567,ช่วยธุรกิจครัวเรือน,ชาย,ชัยนาท,แรงงานในระบบ,คน
9887,8897,2567,ลูกจ้างรัฐบาล,ชาย,ชัยนาท,แรงงานในระบบ,คน
22440,8898,2567,ลูกจ้างเอกชน,ชาย,ชัยนาท,แรงงานในระบบ,คน
3170,8899,2567,ประกอบธุรกิจส่วนตัว,หญิง,ชัยนาท,แรงงานในระบบ,คน
1196,8900,2567,ช่วยธุรกิจครัวเรือน,หญิง,ชัยนาท,แรงงานในระบบ,คน
11429,8901,2567,ลูกจ้างรัฐบาล,หญิง,ชัยนาท,แรงงานในระบบ,คน
16218,8902,2567,ลูกจ้างเอกชน,หญิง,ชัยนาท,แรงงานในระบบ,คน
2297,8903,2567,นายจ้าง,ชาย,ชัยนาท,แรงงานนอกระบบ,คน
38118,8904,2567,ประกอบธุรกิจส่วนตัว,ชาย,ชัยนาท,แรงงานนอกระบบ,คน
13088,8905,2567,ช่วยธุรกิจครัวเรือน,ชาย,ชัยนาท,แรงงานนอกระบบ,คน
1581,8906,2567,ลูกจ้างรัฐบาล,ชาย,ชัยนาท,แรงงานนอกระบบ,คน
3134,8907,2567,ลูกจ้างเอกชน,ชาย,ชัยนาท,แรงงานนอกระบบ,คน
552,8908,2567,นายจ้าง,หญิง,ชัยนาท,แรงงานนอกระบบ,คน
28036,8909,2567,ประกอบธุรกิจส่วนตัว,หญิง,ชัยนาท,แรงงานนอกระบบ,คน
13194,8910,2567,ช่วยธุรกิจครัวเรือน,หญิง,ชัยนาท,แรงงานนอกระบบ,คน
2136,8911,2567,ลูกจ้างรัฐบาล,หญิง,ชัยนาท,แรงงานนอกระบบ,คน
2449,8912,2567,ลูกจ้างเอกชน,หญิง,ชัยนาท,แรงงานนอกระบบ,คน
319,8913,2567,นายจ้าง,ชาย,สระบุรี,แรงงานในระบบ,คน
5423,8914,2567,ประกอบธุรกิจส่วนตัว,ชาย,สระบุรี,แรงงานในระบบ,คน
208,8915,2567,ช่วยธุรกิจครัวเรือน,ชาย,สระบุรี,แรงงานในระบบ,คน
11885,8916,2567,ลูกจ้างรัฐบาล,ชาย,สระบุรี,แรงงานในระบบ,คน
137140,8917,2567,ลูกจ้างเอกชน,ชาย,สระบุรี,แรงงานในระบบ,คน
231,8918,2567,นายจ้าง,หญิง,สระบุรี,แรงงานในระบบ,คน
4731,8919,2567,ประกอบธุรกิจส่วนตัว,หญิง,สระบุรี,แรงงานในระบบ,คน
1002,8920,2567,ช่วยธุรกิจครัวเรือน,หญิง,สระบุรี,แรงงานในระบบ,คน
19061,8921,2567,ลูกจ้างรัฐบาล,หญิง,สระบุรี,แรงงานในระบบ,คน
83156,8922,2567,ลูกจ้างเอกชน,หญิง,สระบุรี,แรงงานในระบบ,คน
3886,8923,2567,นายจ้าง,ชาย,สระบุรี,แรงงานนอกระบบ,คน
44903,8924,2567,ประกอบธุรกิจส่วนตัว,ชาย,สระบุรี,แรงงานนอกระบบ,คน
25310,8925,2567,ช่วยธุรกิจครัวเรือน,ชาย,สระบุรี,แรงงานนอกระบบ,คน
1621,8926,2567,ลูกจ้างรัฐบาล,ชาย,สระบุรี,แรงงานนอกระบบ,คน
6871,8927,2567,ลูกจ้างเอกชน,ชาย,สระบุรี,แรงงานนอกระบบ,คน
2639,8928,2567,นายจ้าง,หญิง,สระบุรี,แรงงานนอกระบบ,คน
43695,8929,2567,ประกอบธุรกิจส่วนตัว,หญิง,สระบุรี,แรงงานนอกระบบ,คน
18553,8930,2567,ช่วยธุรกิจครัวเรือน,หญิง,สระบุรี,แรงงานนอกระบบ,คน
1113,8931,2567,ลูกจ้างรัฐบาล,หญิง,สระบุรี,แรงงานนอกระบบ,คน
1556,8932,2567,ลูกจ้างเอกชน,หญิง,สระบุรี,แรงงานนอกระบบ,คน
1810,8933,2567,นายจ้าง,ชาย,ชลบุรี,แรงงานในระบบ,คน
16291,8934,2567,ประกอบธุรกิจส่วนตัว,ชาย,ชลบุรี,แรงงานในระบบ,คน
1104,8935,2567,ช่วยธุรกิจครัวเรือน,ชาย,ชลบุรี,แรงงานในระบบ,คน
28235,8936,2567,ลูกจ้างรัฐบาล,ชาย,ชลบุรี,แรงงานในระบบ,คน
426226,8937,2567,ลูกจ้างเอกชน,ชาย,ชลบุรี,แรงงานในระบบ,คน
9983,8938,2567,ประกอบธุรกิจส่วนตัว,หญิง,ชลบุรี,แรงงานในระบบ,คน
6834,8939,2567,ช่วยธุรกิจครัวเรือน,หญิง,ชลบุรี,แรงงานในระบบ,คน
22052,8940,2567,ลูกจ้างรัฐบาล,หญิง,ชลบุรี,แรงงานในระบบ,คน
332288,8941,2567,ลูกจ้างเอกชน,หญิง,ชลบุรี,แรงงานในระบบ,คน
24494,8942,2567,นายจ้าง,ชาย,ชลบุรี,แรงงานนอกระบบ,คน
100076,8943,2567,ประกอบธุรกิจส่วนตัว,ชาย,ชลบุรี,แรงงานนอกระบบ,คน
26788,8944,2567,ช่วยธุรกิจครัวเรือน,ชาย,ชลบุรี,แรงงานนอกระบบ,คน
1723,8945,2567,ลูกจ้างรัฐบาล,ชาย,ชลบุรี,แรงงานนอกระบบ,คน
19382,8946,2567,ลูกจ้างเอกชน,ชาย,ชลบุรี,แรงงานนอกระบบ,คน
8929,8947,2567,นายจ้าง,หญิง,ชลบุรี,แรงงานนอกระบบ,คน
112731,8948,2567,ประกอบธุรกิจส่วนตัว,หญิง,ชลบุรี,แรงงานนอกระบบ,คน
42110,8949,2567,ช่วยธุรกิจครัวเรือน,หญิง,ชลบุรี,แรงงานนอกระบบ,คน
2334,8950,2567,ลูกจ้างรัฐบาล,หญิง,ชลบุรี,แรงงานนอกระบบ,คน
23165,8951,2567,ลูกจ้างเอกชน,หญิง,ชลบุรี,แรงงานนอกระบบ,คน
742,8952,2567,การรวมกลุ่ม,หญิง,ชลบุรี,แรงงานนอกระบบ,คน
1650,8953,2567,นายจ้าง,ชาย,ระยอง,แรงงานในระบบ,คน
1117,8954,2567,ประกอบธุรกิจส่วนตัว,ชาย,ระยอง,แรงงานในระบบ,คน
11041,8955,2567,ลูกจ้างรัฐบาล,ชาย,ระยอง,แรงงานในระบบ,คน
271733,8956,2567,ลูกจ้างเอกชน,ชาย,ระยอง,แรงงานในระบบ,คน
1383,8957,2567,นายจ้าง,หญิง,ระยอง,แรงงานในระบบ,คน
4081,8958,2567,ประกอบธุรกิจส่วนตัว,หญิง,ระยอง,แรงงานในระบบ,คน
1442,8959,2567,ช่วยธุรกิจครัวเรือน,หญิง,ระยอง,แรงงานในระบบ,คน
16166,8960,2567,ลูกจ้างรัฐบาล,หญิง,ระยอง,แรงงานในระบบ,คน
158000,8961,2567,ลูกจ้างเอกชน,หญิง,ระยอง,แรงงานในระบบ,คน
13850,8962,2567,นายจ้าง,ชาย,ระยอง,แรงงานนอกระบบ,คน
66497,8963,2567,ประกอบธุรกิจส่วนตัว,ชาย,ระยอง,แรงงานนอกระบบ,คน
17899,8964,2567,ช่วยธุรกิจครัวเรือน,ชาย,ระยอง,แรงงานนอกระบบ,คน
1216,8965,2567,ลูกจ้างรัฐบาล,ชาย,ระยอง,แรงงานนอกระบบ,คน
1234,8966,2567,ลูกจ้างเอกชน,ชาย,ระยอง,แรงงานนอกระบบ,คน
4507,8967,2567,นายจ้าง,หญิง,ระยอง,แรงงานนอกระบบ,คน
82450,8968,2567,ประกอบธุรกิจส่วนตัว,หญิง,ระยอง,แรงงานนอกระบบ,คน
25297,8969,2567,ช่วยธุรกิจครัวเรือน,หญิง,ระยอง,แรงงานนอกระบบ,คน
1951,8970,2567,ลูกจ้างรัฐบาล,หญิง,ระยอง,แรงงานนอกระบบ,คน
3234,8971,2567,ลูกจ้างเอกชน,หญิง,ระยอง,แรงงานนอกระบบ,คน
272,8972,2567,นายจ้าง,ชาย,จันทบุรี,แรงงานในระบบ,คน
1493,8973,2567,ประกอบธุรกิจส่วนตัว,ชาย,จันทบุรี,แรงงานในระบบ,คน
834,8974,2567,ช่วยธุรกิจครัวเรือน,ชาย,จันทบุรี,แรงงานในระบบ,คน
12403,8975,2567,ลูกจ้างรัฐบาล,ชาย,จันทบุรี,แรงงานในระบบ,คน
49999,8976,2567,ลูกจ้างเอกชน,ชาย,จันทบุรี,แรงงานในระบบ,คน
426,8977,2567,นายจ้าง,หญิง,จันทบุรี,แรงงานในระบบ,คน
1711,8978,2567,ประกอบธุรกิจส่วนตัว,หญิง,จันทบุรี,แรงงานในระบบ,คน
1193,8979,2567,ช่วยธุรกิจครัวเรือน,หญิง,จันทบุรี,แรงงานในระบบ,คน
16616,8980,2567,ลูกจ้างรัฐบาล,หญิง,จันทบุรี,แรงงานในระบบ,คน
44532,8981,2567,ลูกจ้างเอกชน,หญิง,จันทบุรี,แรงงานในระบบ,คน
10824,8982,2567,นายจ้าง,ชาย,จันทบุรี,แรงงานนอกระบบ,คน
76607,8983,2567,ประกอบธุรกิจส่วนตัว,ชาย,จันทบุรี,แรงงานนอกระบบ,คน
34225,8984,2567,ช่วยธุรกิจครัวเรือน,ชาย,จันทบุรี,แรงงานนอกระบบ,คน
292,8985,2567,ลูกจ้างรัฐบาล,ชาย,จันทบุรี,แรงงานนอกระบบ,คน
4451,8986,2567,ลูกจ้างเอกชน,ชาย,จันทบุรี,แรงงานนอกระบบ,คน
5517,8987,2567,นายจ้าง,หญิง,จันทบุรี,แรงงานนอกระบบ,คน
51993,8988,2567,ประกอบธุรกิจส่วนตัว,หญิง,จันทบุรี,แรงงานนอกระบบ,คน
53888,8989,2567,ช่วยธุรกิจครัวเรือน,หญิง,จันทบุรี,แรงงานนอกระบบ,คน
1074,8990,2567,ลูกจ้างรัฐบาล,หญิง,จันทบุรี,แรงงานนอกระบบ,คน
2180,8991,2567,ลูกจ้างเอกชน,หญิง,จันทบุรี,แรงงานนอกระบบ,คน
171,8992,2567,นายจ้าง,ชาย,ตราด,แรงงานในระบบ,คน
1185,8993,2567,ประกอบธุรกิจส่วนตัว,ชาย,ตราด,แรงงานในระบบ,คน
638,8994,2567,ช่วยธุรกิจครัวเรือน,ชาย,ตราด,แรงงานในระบบ,คน
8246,8995,2567,ลูกจ้างรัฐบาล,ชาย,ตราด,แรงงานในระบบ,คน
28761,8996,2567,ลูกจ้างเอกชน,ชาย,ตราด,แรงงานในระบบ,คน
346,8997,2567,นายจ้าง,หญิง,ตราด,แรงงานในระบบ,คน
2504,8998,2567,ประกอบธุรกิจส่วนตัว,หญิง,ตราด,แรงงานในระบบ,คน
820,8999,2567,ช่วยธุรกิจครัวเรือน,หญิง,ตราด,แรงงานในระบบ,คน
9850,9000,2567,ลูกจ้างรัฐบาล,หญิง,ตราด,แรงงานในระบบ,คน
20056,9001,2567,ลูกจ้างเอกชน,หญิง,ตราด,แรงงานในระบบ,คน
5095,9002,2567,นายจ้าง,ชาย,ตราด,แรงงานนอกระบบ,คน
34507,9003,2567,ประกอบธุรกิจส่วนตัว,ชาย,ตราด,แรงงานนอกระบบ,คน
12465,9004,2567,ช่วยธุรกิจครัวเรือน,ชาย,ตราด,แรงงานนอกระบบ,คน
864,9005,2567,ลูกจ้างรัฐบาล,ชาย,ตราด,แรงงานนอกระบบ,คน
2543,9006,2567,ลูกจ้างเอกชน,ชาย,ตราด,แรงงานนอกระบบ,คน
2102,9007,2567,นายจ้าง,หญิง,ตราด,แรงงานนอกระบบ,คน
23863,9008,2567,ประกอบธุรกิจส่วนตัว,หญิง,ตราด,แรงงานนอกระบบ,คน
14429,9009,2567,ช่วยธุรกิจครัวเรือน,หญิง,ตราด,แรงงานนอกระบบ,คน
495,9010,2567,ลูกจ้างรัฐบาล,หญิง,ตราด,แรงงานนอกระบบ,คน
1440,9011,2567,ลูกจ้างเอกชน,หญิง,ตราด,แรงงานนอกระบบ,คน
2499,9012,2567,ประกอบธุรกิจส่วนตัว,ชาย,ฉะเชิงเทรา,แรงงานในระบบ,คน
270,9013,2567,ช่วยธุรกิจครัวเรือน,ชาย,ฉะเชิงเทรา,แรงงานในระบบ,คน
19030,9014,2567,ลูกจ้างรัฐบาล,ชาย,ฉะเชิงเทรา,แรงงานในระบบ,คน
174933,9015,2567,ลูกจ้างเอกชน,ชาย,ฉะเชิงเทรา,แรงงานในระบบ,คน
898,9016,2567,ประกอบธุรกิจส่วนตัว,หญิง,ฉะเชิงเทรา,แรงงานในระบบ,คน
387,9017,2567,ช่วยธุรกิจครัวเรือน,หญิง,ฉะเชิงเทรา,แรงงานในระบบ,คน
15603,9018,2567,ลูกจ้างรัฐบาล,หญิง,ฉะเชิงเทรา,แรงงานในระบบ,คน
153060,9019,2567,ลูกจ้างเอกชน,หญิง,ฉะเชิงเทรา,แรงงานในระบบ,คน
9065,9020,2567,นายจ้าง,ชาย,ฉะเชิงเทรา,แรงงานนอกระบบ,คน
63807,9021,2567,ประกอบธุรกิจส่วนตัว,ชาย,ฉะเชิงเทรา,แรงงานนอกระบบ,คน
27226,9022,2567,ช่วยธุรกิจครัวเรือน,ชาย,ฉะเชิงเทรา,แรงงานนอกระบบ,คน
8083,9023,2567,ลูกจ้างเอกชน,ชาย,ฉะเชิงเทรา,แรงงานนอกระบบ,คน
4894,9024,2567,นายจ้าง,หญิง,ฉะเชิงเทรา,แรงงานนอกระบบ,คน
57645,9025,2567,ประกอบธุรกิจส่วนตัว,หญิง,ฉะเชิงเทรา,แรงงานนอกระบบ,คน
28577,9026,2567,ช่วยธุรกิจครัวเรือน,หญิง,ฉะเชิงเทรา,แรงงานนอกระบบ,คน
4831,9027,2567,ลูกจ้างเอกชน,หญิง,ฉะเชิงเทรา,แรงงานนอกระบบ,คน
58,9028,2567,นายจ้าง,ชาย,ปราจีนบุรี,แรงงานในระบบ,คน
1751,9029,2567,ประกอบธุรกิจส่วนตัว,ชาย,ปราจีนบุรี,แรงงานในระบบ,คน
1104,9030,2567,ช่วยธุรกิจครัวเรือน,ชาย,ปราจีนบุรี,แรงงานในระบบ,คน
20351,9031,2567,ลูกจ้างรัฐบาล,ชาย,ปราจีนบุรี,แรงงานในระบบ,คน
111374,9032,2567,ลูกจ้างเอกชน,ชาย,ปราจีนบุรี,แรงงานในระบบ,คน
118,9033,2567,นายจ้าง,หญิง,ปราจีนบุรี,แรงงานในระบบ,คน
1478,9034,2567,ประกอบธุรกิจส่วนตัว,หญิง,ปราจีนบุรี,แรงงานในระบบ,คน
19556,9035,2567,ลูกจ้างรัฐบาล,หญิง,ปราจีนบุรี,แรงงานในระบบ,คน
97135,9036,2567,ลูกจ้างเอกชน,หญิง,ปราจีนบุรี,แรงงานในระบบ,คน
8650,9037,2567,นายจ้าง,ชาย,ปราจีนบุรี,แรงงานนอกระบบ,คน
52637,9038,2567,ประกอบธุรกิจส่วนตัว,ชาย,ปราจีนบุรี,แรงงานนอกระบบ,คน
13525,9039,2567,ช่วยธุรกิจครัวเรือน,ชาย,ปราจีนบุรี,แรงงานนอกระบบ,คน
440,9040,2567,ลูกจ้างรัฐบาล,ชาย,ปราจีนบุรี,แรงงานนอกระบบ,คน
3370,9041,2567,ลูกจ้างเอกชน,ชาย,ปราจีนบุรี,แรงงานนอกระบบ,คน
1282,9042,2567,นายจ้าง,หญิง,ปราจีนบุรี,แรงงานนอกระบบ,คน
46318,9043,2567,ประกอบธุรกิจส่วนตัว,หญิง,ปราจีนบุรี,แรงงานนอกระบบ,คน
12199,9044,2567,ช่วยธุรกิจครัวเรือน,หญิง,ปราจีนบุรี,แรงงานนอกระบบ,คน
35,9045,2567,ลูกจ้างรัฐบาล,หญิง,ปราจีนบุรี,แรงงานนอกระบบ,คน
2780,9046,2567,ลูกจ้างเอกชน,หญิง,ปราจีนบุรี,แรงงานนอกระบบ,คน
114,9047,2567,นายจ้าง,ชาย,นครนายก,แรงงานในระบบ,คน
584,9048,2567,ประกอบธุรกิจส่วนตัว,ชาย,นครนายก,แรงงานในระบบ,คน
475,9049,2567,ช่วยธุรกิจครัวเรือน,ชาย,นครนายก,แรงงานในระบบ,คน
8266,9050,2567,ลูกจ้างรัฐบาล,ชาย,นครนายก,แรงงานในระบบ,คน
34130,9051,2567,ลูกจ้างเอกชน,ชาย,นครนายก,แรงงานในระบบ,คน
1337,9052,2567,ประกอบธุรกิจส่วนตัว,หญิง,นครนายก,แรงงานในระบบ,คน
39,9053,2567,ช่วยธุรกิจครัวเรือน,หญิง,นครนายก,แรงงานในระบบ,คน
10839,9054,2567,ลูกจ้างรัฐบาล,หญิง,นครนายก,แรงงานในระบบ,คน
27148,9055,2567,ลูกจ้างเอกชน,หญิง,นครนายก,แรงงานในระบบ,คน
4891,9056,2567,นายจ้าง,ชาย,นครนายก,แรงงานนอกระบบ,คน
25588,9057,2567,ประกอบธุรกิจส่วนตัว,ชาย,นครนายก,แรงงานนอกระบบ,คน
6482,9058,2567,ช่วยธุรกิจครัวเรือน,ชาย,นครนายก,แรงงานนอกระบบ,คน
611,9059,2567,ลูกจ้างรัฐบาล,ชาย,นครนายก,แรงงานนอกระบบ,คน
2405,9060,2567,ลูกจ้างเอกชน,ชาย,นครนายก,แรงงานนอกระบบ,คน
2025,9061,2567,นายจ้าง,หญิง,นครนายก,แรงงานนอกระบบ,คน
16072,9062,2567,ประกอบธุรกิจส่วนตัว,หญิง,นครนายก,แรงงานนอกระบบ,คน
8064,9063,2567,ช่วยธุรกิจครัวเรือน,หญิง,นครนายก,แรงงานนอกระบบ,คน
246,9064,2567,ลูกจ้างรัฐบาล,หญิง,นครนายก,แรงงานนอกระบบ,คน
986,9065,2567,ลูกจ้างเอกชน,หญิง,นครนายก,แรงงานนอกระบบ,คน
288,9066,2567,นายจ้าง,ชาย,สระแก้ว,แรงงานในระบบ,คน
6336,9067,2567,ประกอบธุรกิจส่วนตัว,ชาย,สระแก้ว,แรงงานในระบบ,คน
11826,9068,2567,ลูกจ้างรัฐบาล,ชาย,สระแก้ว,แรงงานในระบบ,คน
44182,9069,2567,ลูกจ้างเอกชน,ชาย,สระแก้ว,แรงงานในระบบ,คน
3609,9070,2567,ประกอบธุรกิจส่วนตัว,หญิง,สระแก้ว,แรงงานในระบบ,คน
1475,9071,2567,ช่วยธุรกิจครัวเรือน,หญิง,สระแก้ว,แรงงานในระบบ,คน
22539,9072,2567,ลูกจ้างรัฐบาล,หญิง,สระแก้ว,แรงงานในระบบ,คน
38225,9073,2567,ลูกจ้างเอกชน,หญิง,สระแก้ว,แรงงานในระบบ,คน
4468,9074,2567,นายจ้าง,ชาย,สระแก้ว,แรงงานนอกระบบ,คน
104306,9075,2567,ประกอบธุรกิจส่วนตัว,ชาย,สระแก้ว,แรงงานนอกระบบ,คน
31593,9076,2567,ช่วยธุรกิจครัวเรือน,ชาย,สระแก้ว,แรงงานนอกระบบ,คน
613,9077,2567,ลูกจ้างรัฐบาล,ชาย,สระแก้ว,แรงงานนอกระบบ,คน
1521,9078,2567,ลูกจ้างเอกชน,ชาย,สระแก้ว,แรงงานนอกระบบ,คน
923,9079,2567,การรวมกลุ่ม,ชาย,สระแก้ว,แรงงานนอกระบบ,คน
2127,9080,2567,นายจ้าง,หญิง,สระแก้ว,แรงงานนอกระบบ,คน
63378,9081,2567,ประกอบธุรกิจส่วนตัว,หญิง,สระแก้ว,แรงงานนอกระบบ,คน
33745,9082,2567,ช่วยธุรกิจครัวเรือน,หญิง,สระแก้ว,แรงงานนอกระบบ,คน
424,9083,2567,ลูกจ้างรัฐบาล,หญิง,สระแก้ว,แรงงานนอกระบบ,คน
3060,9084,2567,ลูกจ้างเอกชน,หญิง,สระแก้ว,แรงงานนอกระบบ,คน
281,9085,2567,นายจ้าง,ชาย,ราชบุรี,แรงงานในระบบ,คน
3928,9086,2567,ประกอบธุรกิจส่วนตัว,ชาย,ราชบุรี,แรงงานในระบบ,คน
450,9087,2567,ช่วยธุรกิจครัวเรือน,ชาย,ราชบุรี,แรงงานในระบบ,คน
18925,9088,2567,ลูกจ้างรัฐบาล,ชาย,ราชบุรี,แรงงานในระบบ,คน
96931,9089,2567,ลูกจ้างเอกชน,ชาย,ราชบุรี,แรงงานในระบบ,คน
4187,9090,2567,ประกอบธุรกิจส่วนตัว,หญิง,ราชบุรี,แรงงานในระบบ,คน
2548,9091,2567,ช่วยธุรกิจครัวเรือน,หญิง,ราชบุรี,แรงงานในระบบ,คน
21956,9092,2567,ลูกจ้างรัฐบาล,หญิง,ราชบุรี,แรงงานในระบบ,คน
80045,9093,2567,ลูกจ้างเอกชน,หญิง,ราชบุรี,แรงงานในระบบ,คน
6689,9094,2567,นายจ้าง,ชาย,ราชบุรี,แรงงานนอกระบบ,คน
83661,9095,2567,ประกอบธุรกิจส่วนตัว,ชาย,ราชบุรี,แรงงานนอกระบบ,คน
24538,9096,2567,ช่วยธุรกิจครัวเรือน,ชาย,ราชบุรี,แรงงานนอกระบบ,คน
3899,9097,2567,ลูกจ้างรัฐบาล,ชาย,ราชบุรี,แรงงานนอกระบบ,คน
10780,9098,2567,ลูกจ้างเอกชน,ชาย,ราชบุรี,แรงงานนอกระบบ,คน
5126,9099,2567,นายจ้าง,หญิง,ราชบุรี,แรงงานนอกระบบ,คน
54353,9100,2567,ประกอบธุรกิจส่วนตัว,หญิง,ราชบุรี,แรงงานนอกระบบ,คน
40177,9101,2567,ช่วยธุรกิจครัวเรือน,หญิง,ราชบุรี,แรงงานนอกระบบ,คน
2541,9102,2567,ลูกจ้างรัฐบาล,หญิง,ราชบุรี,แรงงานนอกระบบ,คน
4275,9103,2567,ลูกจ้างเอกชน,หญิง,ราชบุรี,แรงงานนอกระบบ,คน
270,9104,2567,นายจ้าง,ชาย,กาญจนบุรี,แรงงานในระบบ,คน
3018,9105,2567,ประกอบธุรกิจส่วนตัว,ชาย,กาญจนบุรี,แรงงานในระบบ,คน
1820,9106,2567,ช่วยธุรกิจครัวเรือน,ชาย,กาญจนบุรี,แรงงานในระบบ,คน
33087,9107,2567,ลูกจ้างรัฐบาล,ชาย,กาญจนบุรี,แรงงานในระบบ,คน
69124,9108,2567,ลูกจ้างเอกชน,ชาย,กาญจนบุรี,แรงงานในระบบ,คน
4120,9109,2567,ประกอบธุรกิจส่วนตัว,หญิง,กาญจนบุรี,แรงงานในระบบ,คน
2065,9110,2567,ช่วยธุรกิจครัวเรือน,หญิง,กาญจนบุรี,แรงงานในระบบ,คน
23362,9111,2567,ลูกจ้างรัฐบาล,หญิง,กาญจนบุรี,แรงงานในระบบ,คน
64039,9112,2567,ลูกจ้างเอกชน,หญิง,กาญจนบุรี,แรงงานในระบบ,คน
8156,9113,2567,นายจ้าง,ชาย,กาญจนบุรี,แรงงานนอกระบบ,คน
78183,9114,2567,ประกอบธุรกิจส่วนตัว,ชาย,กาญจนบุรี,แรงงานนอกระบบ,คน
34926,9115,2567,ช่วยธุรกิจครัวเรือน,ชาย,กาญจนบุรี,แรงงานนอกระบบ,คน
746,9116,2567,ลูกจ้างรัฐบาล,ชาย,กาญจนบุรี,แรงงานนอกระบบ,คน
29207,9117,2567,ลูกจ้างเอกชน,ชาย,กาญจนบุรี,แรงงานนอกระบบ,คน
1167,9118,2567,นายจ้าง,หญิง,กาญจนบุรี,แรงงานนอกระบบ,คน
62185,9119,2567,ประกอบธุรกิจส่วนตัว,หญิง,กาญจนบุรี,แรงงานนอกระบบ,คน
39894,9120,2567,ช่วยธุรกิจครัวเรือน,หญิง,กาญจนบุรี,แรงงานนอกระบบ,คน
2458,9121,2567,ลูกจ้างรัฐบาล,หญิง,กาญจนบุรี,แรงงานนอกระบบ,คน
17404,9122,2567,ลูกจ้างเอกชน,หญิง,กาญจนบุรี,แรงงานนอกระบบ,คน
238,9123,2567,นายจ้าง,ชาย,สุพรรณบุรี,แรงงานในระบบ,คน
4650,9124,2567,ประกอบธุรกิจส่วนตัว,ชาย,สุพรรณบุรี,แรงงานในระบบ,คน
2622,9125,2567,ช่วยธุรกิจครัวเรือน,ชาย,สุพรรณบุรี,แรงงานในระบบ,คน
19331,9126,2567,ลูกจ้างรัฐบาล,ชาย,สุพรรณบุรี,แรงงานในระบบ,คน
58242,9127,2567,ลูกจ้างเอกชน,ชาย,สุพรรณบุรี,แรงงานในระบบ,คน
75,9128,2567,นายจ้าง,หญิง,สุพรรณบุรี,แรงงานในระบบ,คน
9709,9129,2567,ประกอบธุรกิจส่วนตัว,หญิง,สุพรรณบุรี,แรงงานในระบบ,คน
4174,9130,2567,ช่วยธุรกิจครัวเรือน,หญิง,สุพรรณบุรี,แรงงานในระบบ,คน
19896,9131,2567,ลูกจ้างรัฐบาล,หญิง,สุพรรณบุรี,แรงงานในระบบ,คน
39655,9132,2567,ลูกจ้างเอกชน,หญิง,สุพรรณบุรี,แรงงานในระบบ,คน
2110,9133,2567,นายจ้าง,ชาย,สุพรรณบุรี,แรงงานนอกระบบ,คน
99110,9134,2567,ประกอบธุรกิจส่วนตัว,ชาย,สุพรรณบุรี,แรงงานนอกระบบ,คน
57753,9135,2567,ช่วยธุรกิจครัวเรือน,ชาย,สุพรรณบุรี,แรงงานนอกระบบ,คน
15931,9136,2567,ลูกจ้างเอกชน,ชาย,สุพรรณบุรี,แรงงานนอกระบบ,คน
769,9137,2567,การรวมกลุ่ม,ชาย,สุพรรณบุรี,แรงงานนอกระบบ,คน
1941,9138,2567,นายจ้าง,หญิง,สุพรรณบุรี,แรงงานนอกระบบ,คน
65890,9139,2567,ประกอบธุรกิจส่วนตัว,หญิง,สุพรรณบุรี,แรงงานนอกระบบ,คน
64758,9140,2567,ช่วยธุรกิจครัวเรือน,หญิง,สุพรรณบุรี,แรงงานนอกระบบ,คน
1643,9141,2567,ลูกจ้างรัฐบาล,หญิง,สุพรรณบุรี,แรงงานนอกระบบ,คน
10845,9142,2567,ลูกจ้างเอกชน,หญิง,สุพรรณบุรี,แรงงานนอกระบบ,คน
1460,9143,2567,นายจ้าง,ชาย,นครปฐม,แรงงานในระบบ,คน
16305,9144,2567,ประกอบธุรกิจส่วนตัว,ชาย,นครปฐม,แรงงานในระบบ,คน
4378,9145,2567,ช่วยธุรกิจครัวเรือน,ชาย,นครปฐม,แรงงานในระบบ,คน
37385,9146,2567,ลูกจ้างรัฐบาล,ชาย,นครปฐม,แรงงานในระบบ,คน
198817,9147,2567,ลูกจ้างเอกชน,ชาย,นครปฐม,แรงงานในระบบ,คน
20250,9148,2567,ประกอบธุรกิจส่วนตัว,หญิง,นครปฐม,แรงงานในระบบ,คน
10519,9149,2567,ช่วยธุรกิจครัวเรือน,หญิง,นครปฐม,แรงงานในระบบ,คน
44522,9150,2567,ลูกจ้างรัฐบาล,หญิง,นครปฐม,แรงงานในระบบ,คน
179975,9151,2567,ลูกจ้างเอกชน,หญิง,นครปฐม,แรงงานในระบบ,คน
15243,9152,2567,นายจ้าง,ชาย,นครปฐม,แรงงานนอกระบบ,คน
110354,9153,2567,ประกอบธุรกิจส่วนตัว,ชาย,นครปฐม,แรงงานนอกระบบ,คน
53744,9154,2567,ช่วยธุรกิจครัวเรือน,ชาย,นครปฐม,แรงงานนอกระบบ,คน
3466,9155,2567,ลูกจ้างเอกชน,ชาย,นครปฐม,แรงงานนอกระบบ,คน
7181,9156,2567,นายจ้าง,หญิง,นครปฐม,แรงงานนอกระบบ,คน
90060,9157,2567,ประกอบธุรกิจส่วนตัว,หญิง,นครปฐม,แรงงานนอกระบบ,คน
82817,9158,2567,ช่วยธุรกิจครัวเรือน,หญิง,นครปฐม,แรงงานนอกระบบ,คน
771,9159,2567,ลูกจ้างรัฐบาล,หญิง,นครปฐม,แรงงานนอกระบบ,คน
460,9160,2567,ลูกจ้างเอกชน,หญิง,นครปฐม,แรงงานนอกระบบ,คน
1560,9161,2567,นายจ้าง,ชาย,สมุทรสาคร,แรงงานในระบบ,คน
1420,9162,2567,ประกอบธุรกิจส่วนตัว,ชาย,สมุทรสาคร,แรงงานในระบบ,คน
4219,9163,2567,ลูกจ้างรัฐบาล,ชาย,สมุทรสาคร,แรงงานในระบบ,คน
304333,9164,2567,ลูกจ้างเอกชน,ชาย,สมุทรสาคร,แรงงานในระบบ,คน
2419,9165,2567,ประกอบธุรกิจส่วนตัว,หญิง,สมุทรสาคร,แรงงานในระบบ,คน
1264,9166,2567,ช่วยธุรกิจครัวเรือน,หญิง,สมุทรสาคร,แรงงานในระบบ,คน
14509,9167,2567,ลูกจ้างรัฐบาล,หญิง,สมุทรสาคร,แรงงานในระบบ,คน
298792,9168,2567,ลูกจ้างเอกชน,หญิง,สมุทรสาคร,แรงงานในระบบ,คน
9549,9169,2567,นายจ้าง,ชาย,สมุทรสาคร,แรงงานนอกระบบ,คน
60826,9170,2567,ประกอบธุรกิจส่วนตัว,ชาย,สมุทรสาคร,แรงงานนอกระบบ,คน
16252,9171,2567,ช่วยธุรกิจครัวเรือน,ชาย,สมุทรสาคร,แรงงานนอกระบบ,คน
3409,9172,2567,ลูกจ้างเอกชน,ชาย,สมุทรสาคร,แรงงานนอกระบบ,คน
3243,9173,2567,นายจ้าง,หญิง,สมุทรสาคร,แรงงานนอกระบบ,คน
55606,9174,2567,ประกอบธุรกิจส่วนตัว,หญิง,สมุทรสาคร,แรงงานนอกระบบ,คน
20159,9175,2567,ช่วยธุรกิจครัวเรือน,หญิง,สมุทรสาคร,แรงงานนอกระบบ,คน
5785,9176,2567,ลูกจ้างเอกชน,หญิง,สมุทรสาคร,แรงงานนอกระบบ,คน
291,9177,2567,นายจ้าง,ชาย,สมุทรสงคราม,แรงงานในระบบ,คน
1345,9178,2567,ประกอบธุรกิจส่วนตัว,ชาย,สมุทรสงคราม,แรงงานในระบบ,คน
790,9179,2567,ช่วยธุรกิจครัวเรือน,ชาย,สมุทรสงคราม,แรงงานในระบบ,คน
5263,9180,2567,ลูกจ้างรัฐบาล,ชาย,สมุทรสงคราม,แรงงานในระบบ,คน
20307,9181,2567,ลูกจ้างเอกชน,ชาย,สมุทรสงคราม,แรงงานในระบบ,คน
1156,9182,2567,ประกอบธุรกิจส่วนตัว,หญิง,สมุทรสงคราม,แรงงานในระบบ,คน
487,9183,2567,ช่วยธุรกิจครัวเรือน,หญิง,สมุทรสงคราม,แรงงานในระบบ,คน
5308,9184,2567,ลูกจ้างรัฐบาล,หญิง,สมุทรสงคราม,แรงงานในระบบ,คน
17167,9185,2567,ลูกจ้างเอกชน,หญิง,สมุทรสงคราม,แรงงานในระบบ,คน
3505,9186,2567,นายจ้าง,ชาย,สมุทรสงคราม,แรงงานนอกระบบ,คน
13824,9187,2567,ประกอบธุรกิจส่วนตัว,ชาย,สมุทรสงคราม,แรงงานนอกระบบ,คน
6662,9188,2567,ช่วยธุรกิจครัวเรือน,ชาย,สมุทรสงคราม,แรงงานนอกระบบ,คน
222,9189,2567,ลูกจ้างรัฐบาล,ชาย,สมุทรสงคราม,แรงงานนอกระบบ,คน
4052,9190,2567,ลูกจ้างเอกชน,ชาย,สมุทรสงคราม,แรงงานนอกระบบ,คน
871,9191,2567,นายจ้าง,หญิง,สมุทรสงคราม,แรงงานนอกระบบ,คน
12272,9192,2567,ประกอบธุรกิจส่วนตัว,หญิง,สมุทรสงคราม,แรงงานนอกระบบ,คน
5839,9193,2567,ช่วยธุรกิจครัวเรือน,หญิง,สมุทรสงคราม,แรงงานนอกระบบ,คน
153,9194,2567,ลูกจ้างรัฐบาล,หญิง,สมุทรสงคราม,แรงงานนอกระบบ,คน
2877,9195,2567,ลูกจ้างเอกชน,หญิง,สมุทรสงคราม,แรงงานนอกระบบ,คน
294,9196,2567,นายจ้าง,ชาย,เพชรบุรี,แรงงานในระบบ,คน
987,9197,2567,ประกอบธุรกิจส่วนตัว,ชาย,เพชรบุรี,แรงงานในระบบ,คน
173,9198,2567,ช่วยธุรกิจครัวเรือน,ชาย,เพชรบุรี,แรงงานในระบบ,คน
11899,9199,2567,ลูกจ้างรัฐบาล,ชาย,เพชรบุรี,แรงงานในระบบ,คน
55913,9200,2567,ลูกจ้างเอกชน,ชาย,เพชรบุรี,แรงงานในระบบ,คน
1215,9201,2567,ประกอบธุรกิจส่วนตัว,หญิง,เพชรบุรี,แรงงานในระบบ,คน
94,9202,2567,ช่วยธุรกิจครัวเรือน,หญิง,เพชรบุรี,แรงงานในระบบ,คน
16091,9203,2567,ลูกจ้างรัฐบาล,หญิง,เพชรบุรี,แรงงานในระบบ,คน
43744,9204,2567,ลูกจ้างเอกชน,หญิง,เพชรบุรี,แรงงานในระบบ,คน
143,9205,2567,การรวมกลุ่ม,หญิง,เพชรบุรี,แรงงานในระบบ,คน
5184,9206,2567,นายจ้าง,ชาย,เพชรบุรี,แรงงานนอกระบบ,คน
56872,9207,2567,ประกอบธุรกิจส่วนตัว,ชาย,เพชรบุรี,แรงงานนอกระบบ,คน
18833,9208,2567,ช่วยธุรกิจครัวเรือน,ชาย,เพชรบุรี,แรงงานนอกระบบ,คน
510,9209,2567,ลูกจ้างรัฐบาล,ชาย,เพชรบุรี,แรงงานนอกระบบ,คน
7106,9210,2567,ลูกจ้างเอกชน,ชาย,เพชรบุรี,แรงงานนอกระบบ,คน
2291,9211,2567,นายจ้าง,หญิง,เพชรบุรี,แรงงานนอกระบบ,คน
46199,9212,2567,ประกอบธุรกิจส่วนตัว,หญิง,เพชรบุรี,แรงงานนอกระบบ,คน
21684,9213,2567,ช่วยธุรกิจครัวเรือน,หญิง,เพชรบุรี,แรงงานนอกระบบ,คน
407,9214,2567,ลูกจ้างรัฐบาล,หญิง,เพชรบุรี,แรงงานนอกระบบ,คน
3478,9215,2567,ลูกจ้างเอกชน,หญิง,เพชรบุรี,แรงงานนอกระบบ,คน
737,9216,2567,นายจ้าง,ชาย,ประจวบคีรีขันธ์,แรงงานในระบบ,คน
2429,9217,2567,ประกอบธุรกิจส่วนตัว,ชาย,ประจวบคีรีขันธ์,แรงงานในระบบ,คน
304,9218,2567,ช่วยธุรกิจครัวเรือน,ชาย,ประจวบคีรีขันธ์,แรงงานในระบบ,คน
10127,9219,2567,ลูกจ้างรัฐบาล,ชาย,ประจวบคีรีขันธ์,แรงงานในระบบ,คน
61635,9220,2567,ลูกจ้างเอกชน,ชาย,ประจวบคีรีขันธ์,แรงงานในระบบ,คน
72,9221,2567,นายจ้าง,หญิง,ประจวบคีรีขันธ์,แรงงานในระบบ,คน
2677,9222,2567,ประกอบธุรกิจส่วนตัว,หญิง,ประจวบคีรีขันธ์,แรงงานในระบบ,คน
777,9223,2567,ช่วยธุรกิจครัวเรือน,หญิง,ประจวบคีรีขันธ์,แรงงานในระบบ,คน
11306,9224,2567,ลูกจ้างรัฐบาล,หญิง,ประจวบคีรีขันธ์,แรงงานในระบบ,คน
49745,9225,2567,ลูกจ้างเอกชน,หญิง,ประจวบคีรีขันธ์,แรงงานในระบบ,คน
2605,9226,2567,นายจ้าง,ชาย,ประจวบคีรีขันธ์,แรงงานนอกระบบ,คน
51474,9227,2567,ประกอบธุรกิจส่วนตัว,ชาย,ประจวบคีรีขันธ์,แรงงานนอกระบบ,คน
14132,9228,2567,ช่วยธุรกิจครัวเรือน,ชาย,ประจวบคีรีขันธ์,แรงงานนอกระบบ,คน
701,9229,2567,ลูกจ้างรัฐบาล,ชาย,ประจวบคีรีขันธ์,แรงงานนอกระบบ,คน
5889,9230,2567,ลูกจ้างเอกชน,ชาย,ประจวบคีรีขันธ์,แรงงานนอกระบบ,คน
2266,9231,2567,นายจ้าง,หญิง,ประจวบคีรีขันธ์,แรงงานนอกระบบ,คน
37391,9232,2567,ประกอบธุรกิจส่วนตัว,หญิง,ประจวบคีรีขันธ์,แรงงานนอกระบบ,คน
18458,9233,2567,ช่วยธุรกิจครัวเรือน,หญิง,ประจวบคีรีขันธ์,แรงงานนอกระบบ,คน
1660,9234,2567,ลูกจ้างรัฐบาล,หญิง,ประจวบคีรีขันธ์,แรงงานนอกระบบ,คน
2280,9235,2567,ลูกจ้างเอกชน,หญิง,ประจวบคีรีขันธ์,แรงงานนอกระบบ,คน
496,9236,2567,นายจ้าง,ชาย,นครราชสีมา,แรงงานในระบบ,คน
8665,9237,2567,ประกอบธุรกิจส่วนตัว,ชาย,นครราชสีมา,แรงงานในระบบ,คน
2192,9238,2567,ช่วยธุรกิจครัวเรือน,ชาย,นครราชสีมา,แรงงานในระบบ,คน
33360,9239,2567,ลูกจ้างรัฐบาล,ชาย,นครราชสีมา,แรงงานในระบบ,คน
209706,9240,2567,ลูกจ้างเอกชน,ชาย,นครราชสีมา,แรงงานในระบบ,คน
5436,9241,2567,ประกอบธุรกิจส่วนตัว,หญิง,นครราชสีมา,แรงงานในระบบ,คน
3416,9242,2567,ช่วยธุรกิจครัวเรือน,หญิง,นครราชสีมา,แรงงานในระบบ,คน
54829,9243,2567,ลูกจ้างรัฐบาล,หญิง,นครราชสีมา,แรงงานในระบบ,คน
203144,9244,2567,ลูกจ้างเอกชน,หญิง,นครราชสีมา,แรงงานในระบบ,คน
17612,9245,2567,นายจ้าง,ชาย,นครราชสีมา,แรงงานนอกระบบ,คน
282648,9246,2567,ประกอบธุรกิจส่วนตัว,ชาย,นครราชสีมา,แรงงานนอกระบบ,คน
104364,9247,2567,ช่วยธุรกิจครัวเรือน,ชาย,นครราชสีมา,แรงงานนอกระบบ,คน
2713,9248,2567,ลูกจ้างรัฐบาล,ชาย,นครราชสีมา,แรงงานนอกระบบ,คน
20942,9249,2567,ลูกจ้างเอกชน,ชาย,นครราชสีมา,แรงงานนอกระบบ,คน
3542,9250,2567,นายจ้าง,หญิง,นครราชสีมา,แรงงานนอกระบบ,คน
196653,9251,2567,ประกอบธุรกิจส่วนตัว,หญิง,นครราชสีมา,แรงงานนอกระบบ,คน
104186,9252,2567,ช่วยธุรกิจครัวเรือน,หญิง,นครราชสีมา,แรงงานนอกระบบ,คน
1675,9253,2567,ลูกจ้างรัฐบาล,หญิง,นครราชสีมา,แรงงานนอกระบบ,คน
6902,9254,2567,ลูกจ้างเอกชน,หญิง,นครราชสีมา,แรงงานนอกระบบ,คน
955,9255,2567,การรวมกลุ่ม,หญิง,นครราชสีมา,แรงงานนอกระบบ,คน
255,9256,2567,นายจ้าง,ชาย,บุรีรัมย์,แรงงานในระบบ,คน
2895,9257,2567,ประกอบธุรกิจส่วนตัว,ชาย,บุรีรัมย์,แรงงานในระบบ,คน
809,9258,2567,ช่วยธุรกิจครัวเรือน,ชาย,บุรีรัมย์,แรงงานในระบบ,คน
26922,9259,2567,ลูกจ้างรัฐบาล,ชาย,บุรีรัมย์,แรงงานในระบบ,คน
42824,9260,2567,ลูกจ้างเอกชน,ชาย,บุรีรัมย์,แรงงานในระบบ,คน
2188,9261,2567,ประกอบธุรกิจส่วนตัว,หญิง,บุรีรัมย์,แรงงานในระบบ,คน
840,9262,2567,ช่วยธุรกิจครัวเรือน,หญิง,บุรีรัมย์,แรงงานในระบบ,คน
26350,9263,2567,ลูกจ้างรัฐบาล,หญิง,บุรีรัมย์,แรงงานในระบบ,คน
34149,9264,2567,ลูกจ้างเอกชน,หญิง,บุรีรัมย์,แรงงานในระบบ,คน
4769,9265,2567,นายจ้าง,ชาย,บุรีรัมย์,แรงงานนอกระบบ,คน
201113,9266,2567,ประกอบธุรกิจส่วนตัว,ชาย,บุรีรัมย์,แรงงานนอกระบบ,คน
66491,9267,2567,ช่วยธุรกิจครัวเรือน,ชาย,บุรีรัมย์,แรงงานนอกระบบ,คน
1127,9268,2567,ลูกจ้างรัฐบาล,ชาย,บุรีรัมย์,แรงงานนอกระบบ,คน
4065,9269,2567,ลูกจ้างเอกชน,ชาย,บุรีรัมย์,แรงงานนอกระบบ,คน
1649,9270,2567,นายจ้าง,หญิง,บุรีรัมย์,แรงงานนอกระบบ,คน
135430,9271,2567,ประกอบธุรกิจส่วนตัว,หญิง,บุรีรัมย์,แรงงานนอกระบบ,คน
79725,9272,2567,ช่วยธุรกิจครัวเรือน,หญิง,บุรีรัมย์,แรงงานนอกระบบ,คน
709,9273,2567,ลูกจ้างรัฐบาล,หญิง,บุรีรัมย์,แรงงานนอกระบบ,คน
6480,9274,2567,ลูกจ้างเอกชน,หญิง,บุรีรัมย์,แรงงานนอกระบบ,คน
432,9275,2567,นายจ้าง,ชาย,สุรินทร์,แรงงานในระบบ,คน
3797,9276,2567,ประกอบธุรกิจส่วนตัว,ชาย,สุรินทร์,แรงงานในระบบ,คน
27868,9277,2567,ลูกจ้างรัฐบาล,ชาย,สุรินทร์,แรงงานในระบบ,คน
43631,9278,2567,ลูกจ้างเอกชน,ชาย,สุรินทร์,แรงงานในระบบ,คน
2290,9279,2567,ประกอบธุรกิจส่วนตัว,หญิง,สุรินทร์,แรงงานในระบบ,คน
1118,9280,2567,ช่วยธุรกิจครัวเรือน,หญิง,สุรินทร์,แรงงานในระบบ,คน
35122,9281,2567,ลูกจ้างรัฐบาล,หญิง,สุรินทร์,แรงงานในระบบ,คน
52711,9282,2567,ลูกจ้างเอกชน,หญิง,สุรินทร์,แรงงานในระบบ,คน
978,9283,2567,นายจ้าง,ชาย,สุรินทร์,แรงงานนอกระบบ,คน
161435,9284,2567,ประกอบธุรกิจส่วนตัว,ชาย,สุรินทร์,แรงงานนอกระบบ,คน
37499,9285,2567,ช่วยธุรกิจครัวเรือน,ชาย,สุรินทร์,แรงงานนอกระบบ,คน
1913,9286,2567,ลูกจ้างรัฐบาล,ชาย,สุรินทร์,แรงงานนอกระบบ,คน
10247,9287,2567,ลูกจ้างเอกชน,ชาย,สุรินทร์,แรงงานนอกระบบ,คน
2551,9288,2567,นายจ้าง,หญิง,สุรินทร์,แรงงานนอกระบบ,คน
107982,9289,2567,ประกอบธุรกิจส่วนตัว,หญิง,สุรินทร์,แรงงานนอกระบบ,คน
44636,9290,2567,ช่วยธุรกิจครัวเรือน,หญิง,สุรินทร์,แรงงานนอกระบบ,คน
4844,9291,2567,ลูกจ้างรัฐบาล,หญิง,สุรินทร์,แรงงานนอกระบบ,คน
1994,9292,2567,ลูกจ้างเอกชน,หญิง,สุรินทร์,แรงงานนอกระบบ,คน
219,9293,2567,ประกอบธุรกิจส่วนตัว,ชาย,ศรีสะเกษ,แรงงานในระบบ,คน
28253,9294,2567,ลูกจ้างรัฐบาล,ชาย,ศรีสะเกษ,แรงงานในระบบ,คน
30397,9295,2567,ลูกจ้างเอกชน,ชาย,ศรีสะเกษ,แรงงานในระบบ,คน
,9296,2567,ประกอบธุรกิจส่วนตัว,หญิง,ศรีสะเกษ,แรงงานในระบบ,คน
67,9297,2567,ช่วยธุรกิจครัวเรือน,หญิง,ศรีสะเกษ,แรงงานในระบบ,คน
26338,9298,2567,ลูกจ้างรัฐบาล,หญิง,ศรีสะเกษ,แรงงานในระบบ,คน
22392,9299,2567,ลูกจ้างเอกชน,หญิง,ศรีสะเกษ,แรงงานในระบบ,คน
1547,9300,2567,นายจ้าง,ชาย,ศรีสะเกษ,แรงงานนอกระบบ,คน
129167,9301,2567,ประกอบธุรกิจส่วนตัว,ชาย,ศรีสะเกษ,แรงงานนอกระบบ,คน
92774,9302,2567,ช่วยธุรกิจครัวเรือน,ชาย,ศรีสะเกษ,แรงงานนอกระบบ,คน
86,9303,2567,ลูกจ้างรัฐบาล,ชาย,ศรีสะเกษ,แรงงานนอกระบบ,คน
13265,9304,2567,ลูกจ้างเอกชน,ชาย,ศรีสะเกษ,แรงงานนอกระบบ,คน
495,9305,2567,นายจ้าง,หญิง,ศรีสะเกษ,แรงงานนอกระบบ,คน
120412,9306,2567,ประกอบธุรกิจส่วนตัว,หญิง,ศรีสะเกษ,แรงงานนอกระบบ,คน
105568,9307,2567,ช่วยธุรกิจครัวเรือน,หญิง,ศรีสะเกษ,แรงงานนอกระบบ,คน
532,9308,2567,ลูกจ้างรัฐบาล,หญิง,ศรีสะเกษ,แรงงานนอกระบบ,คน
2175,9309,2567,ลูกจ้างเอกชน,หญิง,ศรีสะเกษ,แรงงานนอกระบบ,คน
288,9310,2567,นายจ้าง,ชาย,อุบลราชธานี,แรงงานในระบบ,คน
1174,9311,2567,ประกอบธุรกิจส่วนตัว,ชาย,อุบลราชธานี,แรงงานในระบบ,คน
43483,9312,2567,ลูกจ้างรัฐบาล,ชาย,อุบลราชธานี,แรงงานในระบบ,คน
59451,9313,2567,ลูกจ้างเอกชน,ชาย,อุบลราชธานี,แรงงานในระบบ,คน
1188,9314,2567,ประกอบธุรกิจส่วนตัว,หญิง,อุบลราชธานี,แรงงานในระบบ,คน
38715,9315,2567,ลูกจ้างรัฐบาล,หญิง,อุบลราชธานี,แรงงานในระบบ,คน
50531,9316,2567,ลูกจ้างเอกชน,หญิง,อุบลราชธานี,แรงงานในระบบ,คน
6034,9317,2567,นายจ้าง,ชาย,อุบลราชธานี,แรงงานนอกระบบ,คน
268002,9318,2567,ประกอบธุรกิจส่วนตัว,ชาย,อุบลราชธานี,แรงงานนอกระบบ,คน
76707,9319,2567,ช่วยธุรกิจครัวเรือน,ชาย,อุบลราชธานี,แรงงานนอกระบบ,คน
598,9320,2567,ลูกจ้างรัฐบาล,ชาย,อุบลราชธานี,แรงงานนอกระบบ,คน
24962,9321,2567,ลูกจ้างเอกชน,ชาย,อุบลราชธานี,แรงงานนอกระบบ,คน
3168,9322,2567,การรวมกลุ่ม,ชาย,อุบลราชธานี,แรงงานนอกระบบ,คน
446,9323,2567,นายจ้าง,หญิง,อุบลราชธานี,แรงงานนอกระบบ,คน
101194,9324,2567,ประกอบธุรกิจส่วนตัว,หญิง,อุบลราชธานี,แรงงานนอกระบบ,คน
197265,9325,2567,ช่วยธุรกิจครัวเรือน,หญิง,อุบลราชธานี,แรงงานนอกระบบ,คน
2780,9326,2567,ลูกจ้างรัฐบาล,หญิง,อุบลราชธานี,แรงงานนอกระบบ,คน
5184,9327,2567,ลูกจ้างเอกชน,หญิง,อุบลราชธานี,แรงงานนอกระบบ,คน
164,9328,2567,การรวมกลุ่ม,หญิง,อุบลราชธานี,แรงงานนอกระบบ,คน
745,9329,2567,ประกอบธุรกิจส่วนตัว,ชาย,ยโสธร,แรงงานในระบบ,คน
8934,9330,2567,ลูกจ้างรัฐบาล,ชาย,ยโสธร,แรงงานในระบบ,คน
17054,9331,2567,ลูกจ้างเอกชน,ชาย,ยโสธร,แรงงานในระบบ,คน
583,9332,2567,ประกอบธุรกิจส่วนตัว,หญิง,ยโสธร,แรงงานในระบบ,คน
498,9333,2567,ช่วยธุรกิจครัวเรือน,หญิง,ยโสธร,แรงงานในระบบ,คน
13395,9334,2567,ลูกจ้างรัฐบาล,หญิง,ยโสธร,แรงงานในระบบ,คน
10227,9335,2567,ลูกจ้างเอกชน,หญิง,ยโสธร,แรงงานในระบบ,คน
264,9336,2567,นายจ้าง,ชาย,ยโสธร,แรงงานนอกระบบ,คน
76723,9337,2567,ประกอบธุรกิจส่วนตัว,ชาย,ยโสธร,แรงงานนอกระบบ,คน
28376,9338,2567,ช่วยธุรกิจครัวเรือน,ชาย,ยโสธร,แรงงานนอกระบบ,คน
74,9339,2567,ลูกจ้างรัฐบาล,ชาย,ยโสธร,แรงงานนอกระบบ,คน
6104,9340,2567,ลูกจ้างเอกชน,ชาย,ยโสธร,แรงงานนอกระบบ,คน
247,9341,2567,นายจ้าง,หญิง,ยโสธร,แรงงานนอกระบบ,คน
50555,9342,2567,ประกอบธุรกิจส่วนตัว,หญิง,ยโสธร,แรงงานนอกระบบ,คน
56703,9343,2567,ช่วยธุรกิจครัวเรือน,หญิง,ยโสธร,แรงงานนอกระบบ,คน
164,9344,2567,ลูกจ้างรัฐบาล,หญิง,ยโสธร,แรงงานนอกระบบ,คน
4026,9345,2567,ลูกจ้างเอกชน,หญิง,ยโสธร,แรงงานนอกระบบ,คน
515,9346,2567,นายจ้าง,ชาย,ชัยภูมิ,แรงงานในระบบ,คน
359,9347,2567,ประกอบธุรกิจส่วนตัว,ชาย,ชัยภูมิ,แรงงานในระบบ,คน
80,9348,2567,ช่วยธุรกิจครัวเรือน,ชาย,ชัยภูมิ,แรงงานในระบบ,คน
23533,9349,2567,ลูกจ้างรัฐบาล,ชาย,ชัยภูมิ,แรงงานในระบบ,คน
24986,9350,2567,ลูกจ้างเอกชน,ชาย,ชัยภูมิ,แรงงานในระบบ,คน
995,9351,2567,นายจ้าง,หญิง,ชัยภูมิ,แรงงานในระบบ,คน
3197,9352,2567,ประกอบธุรกิจส่วนตัว,หญิง,ชัยภูมิ,แรงงานในระบบ,คน
504,9353,2567,ช่วยธุรกิจครัวเรือน,หญิง,ชัยภูมิ,แรงงานในระบบ,คน
30248,9354,2567,ลูกจ้างรัฐบาล,หญิง,ชัยภูมิ,แรงงานในระบบ,คน
21306,9355,2567,ลูกจ้างเอกชน,หญิง,ชัยภูมิ,แรงงานในระบบ,คน
4648,9356,2567,นายจ้าง,ชาย,ชัยภูมิ,แรงงานนอกระบบ,คน
110811,9357,2567,ประกอบธุรกิจส่วนตัว,ชาย,ชัยภูมิ,แรงงานนอกระบบ,คน
47242,9358,2567,ช่วยธุรกิจครัวเรือน,ชาย,ชัยภูมิ,แรงงานนอกระบบ,คน
873,9359,2567,ลูกจ้างรัฐบาล,ชาย,ชัยภูมิ,แรงงานนอกระบบ,คน
46721,9360,2567,ลูกจ้างเอกชน,ชาย,ชัยภูมิ,แรงงานนอกระบบ,คน
2672,9361,2567,นายจ้าง,หญิง,ชัยภูมิ,แรงงานนอกระบบ,คน
73614,9362,2567,ประกอบธุรกิจส่วนตัว,หญิง,ชัยภูมิ,แรงงานนอกระบบ,คน
65129,9363,2567,ช่วยธุรกิจครัวเรือน,หญิง,ชัยภูมิ,แรงงานนอกระบบ,คน
3518,9364,2567,ลูกจ้างรัฐบาล,หญิง,ชัยภูมิ,แรงงานนอกระบบ,คน
20327,9365,2567,ลูกจ้างเอกชน,หญิง,ชัยภูมิ,แรงงานนอกระบบ,คน
440,9366,2567,การรวมกลุ่ม,หญิง,ชัยภูมิ,แรงงานนอกระบบ,คน
1156,9367,2567,ประกอบธุรกิจส่วนตัว,ชาย,อำนาจเจริญ,แรงงานในระบบ,คน
960,9368,2567,ช่วยธุรกิจครัวเรือน,ชาย,อำนาจเจริญ,แรงงานในระบบ,คน
7538,9369,2567,ลูกจ้างรัฐบาล,ชาย,อำนาจเจริญ,แรงงานในระบบ,คน
4866,9370,2567,ลูกจ้างเอกชน,ชาย,อำนาจเจริญ,แรงงานในระบบ,คน
2511,9371,2567,ประกอบธุรกิจส่วนตัว,หญิง,อำนาจเจริญ,แรงงานในระบบ,คน
617,9372,2567,ช่วยธุรกิจครัวเรือน,หญิง,อำนาจเจริญ,แรงงานในระบบ,คน
9898,9373,2567,ลูกจ้างรัฐบาล,หญิง,อำนาจเจริญ,แรงงานในระบบ,คน
5959,9374,2567,ลูกจ้างเอกชน,หญิง,อำนาจเจริญ,แรงงานในระบบ,คน
1530,9375,2567,นายจ้าง,ชาย,อำนาจเจริญ,แรงงานนอกระบบ,คน
46155,9376,2567,ประกอบธุรกิจส่วนตัว,ชาย,อำนาจเจริญ,แรงงานนอกระบบ,คน
14310,9377,2567,ช่วยธุรกิจครัวเรือน,ชาย,อำนาจเจริญ,แรงงานนอกระบบ,คน
1619,9378,2567,ลูกจ้างรัฐบาล,ชาย,อำนาจเจริญ,แรงงานนอกระบบ,คน
2029,9379,2567,ลูกจ้างเอกชน,ชาย,อำนาจเจริญ,แรงงานนอกระบบ,คน
650,9380,2567,นายจ้าง,หญิง,อำนาจเจริญ,แรงงานนอกระบบ,คน
34669,9381,2567,ประกอบธุรกิจส่วนตัว,หญิง,อำนาจเจริญ,แรงงานนอกระบบ,คน
13686,9382,2567,ช่วยธุรกิจครัวเรือน,หญิง,อำนาจเจริญ,แรงงานนอกระบบ,คน
860,9383,2567,ลูกจ้างรัฐบาล,หญิง,อำนาจเจริญ,แรงงานนอกระบบ,คน
1005,9384,2567,ลูกจ้างเอกชน,หญิง,อำนาจเจริญ,แรงงานนอกระบบ,คน
57,9385,2567,การรวมกลุ่ม,หญิง,อำนาจเจริญ,แรงงานนอกระบบ,คน
124,9386,2567,ประกอบธุรกิจส่วนตัว,ชาย,บึงกาฬ,แรงงานในระบบ,คน
4139,9387,2567,ลูกจ้างรัฐบาล,ชาย,บึงกาฬ,แรงงานในระบบ,คน
11034,9388,2567,ลูกจ้างเอกชน,ชาย,บึงกาฬ,แรงงานในระบบ,คน
156,9389,2567,นายจ้าง,หญิง,บึงกาฬ,แรงงานในระบบ,คน
,9390,2567,ประกอบธุรกิจส่วนตัว,หญิง,บึงกาฬ,แรงงานในระบบ,คน
70,9391,2567,ช่วยธุรกิจครัวเรือน,หญิง,บึงกาฬ,แรงงานในระบบ,คน
6986,9392,2567,ลูกจ้างรัฐบาล,หญิง,บึงกาฬ,แรงงานในระบบ,คน
9170,9393,2567,ลูกจ้างเอกชน,หญิง,บึงกาฬ,แรงงานในระบบ,คน
1186,9394,2567,นายจ้าง,ชาย,บึงกาฬ,แรงงานนอกระบบ,คน
49577,9395,2567,ประกอบธุรกิจส่วนตัว,ชาย,บึงกาฬ,แรงงานนอกระบบ,คน
25532,9396,2567,ช่วยธุรกิจครัวเรือน,ชาย,บึงกาฬ,แรงงานนอกระบบ,คน
2101,9397,2567,ลูกจ้างเอกชน,ชาย,บึงกาฬ,แรงงานนอกระบบ,คน
401,9398,2567,การรวมกลุ่ม,ชาย,บึงกาฬ,แรงงานนอกระบบ,คน
1866,9399,2567,นายจ้าง,หญิง,บึงกาฬ,แรงงานนอกระบบ,คน
25493,9400,2567,ประกอบธุรกิจส่วนตัว,หญิง,บึงกาฬ,แรงงานนอกระบบ,คน
38943,9401,2567,ช่วยธุรกิจครัวเรือน,หญิง,บึงกาฬ,แรงงานนอกระบบ,คน
308,9402,2567,ลูกจ้างรัฐบาล,หญิง,บึงกาฬ,แรงงานนอกระบบ,คน
1279,9403,2567,ลูกจ้างเอกชน,หญิง,บึงกาฬ,แรงงานนอกระบบ,คน
50,9404,2567,นายจ้าง,ชาย,หนองบัวลำภู,แรงงานในระบบ,คน
205,9405,2567,ประกอบธุรกิจส่วนตัว,ชาย,หนองบัวลำภู,แรงงานในระบบ,คน
355,9406,2567,ช่วยธุรกิจครัวเรือน,ชาย,หนองบัวลำภู,แรงงานในระบบ,คน
11627,9407,2567,ลูกจ้างรัฐบาล,ชาย,หนองบัวลำภู,แรงงานในระบบ,คน
11618,9408,2567,ลูกจ้างเอกชน,ชาย,หนองบัวลำภู,แรงงานในระบบ,คน
84,9409,2567,นายจ้าง,หญิง,หนองบัวลำภู,แรงงานในระบบ,คน
805,9410,2567,ประกอบธุรกิจส่วนตัว,หญิง,หนองบัวลำภู,แรงงานในระบบ,คน
383,9411,2567,ช่วยธุรกิจครัวเรือน,หญิง,หนองบัวลำภู,แรงงานในระบบ,คน
9600,9412,2567,ลูกจ้างรัฐบาล,หญิง,หนองบัวลำภู,แรงงานในระบบ,คน
13980,9413,2567,ลูกจ้างเอกชน,หญิง,หนองบัวลำภู,แรงงานในระบบ,คน
477,9414,2567,นายจ้าง,ชาย,หนองบัวลำภู,แรงงานนอกระบบ,คน
67086,9415,2567,ประกอบธุรกิจส่วนตัว,ชาย,หนองบัวลำภู,แรงงานนอกระบบ,คน
24769,9416,2567,ช่วยธุรกิจครัวเรือน,ชาย,หนองบัวลำภู,แรงงานนอกระบบ,คน
623,9417,2567,ลูกจ้างรัฐบาล,ชาย,หนองบัวลำภู,แรงงานนอกระบบ,คน
3461,9418,2567,ลูกจ้างเอกชน,ชาย,หนองบัวลำภู,แรงงานนอกระบบ,คน
194,9419,2567,การรวมกลุ่ม,ชาย,หนองบัวลำภู,แรงงานนอกระบบ,คน
37361,9420,2567,ประกอบธุรกิจส่วนตัว,หญิง,หนองบัวลำภู,แรงงานนอกระบบ,คน
26182,9421,2567,ช่วยธุรกิจครัวเรือน,หญิง,หนองบัวลำภู,แรงงานนอกระบบ,คน
264,9422,2567,ลูกจ้างรัฐบาล,หญิง,หนองบัวลำภู,แรงงานนอกระบบ,คน
2049,9423,2567,ลูกจ้างเอกชน,หญิง,หนองบัวลำภู,แรงงานนอกระบบ,คน
717,9424,2567,นายจ้าง,ชาย,ขอนแก่น,แรงงานในระบบ,คน
3116,9425,2567,ประกอบธุรกิจส่วนตัว,ชาย,ขอนแก่น,แรงงานในระบบ,คน
12132,9426,2567,ลูกจ้างรัฐบาล,ชาย,ขอนแก่น,แรงงานในระบบ,คน
96064,9427,2567,ลูกจ้างเอกชน,ชาย,ขอนแก่น,แรงงานในระบบ,คน
2041,9428,2567,ประกอบธุรกิจส่วนตัว,หญิง,ขอนแก่น,แรงงานในระบบ,คน
2623,9429,2567,ช่วยธุรกิจครัวเรือน,หญิง,ขอนแก่น,แรงงานในระบบ,คน
18763,9430,2567,ลูกจ้างรัฐบาล,หญิง,ขอนแก่น,แรงงานในระบบ,คน
95710,9431,2567,ลูกจ้างเอกชน,หญิง,ขอนแก่น,แรงงานในระบบ,คน
31815,9432,2567,นายจ้าง,ชาย,ขอนแก่น,แรงงานนอกระบบ,คน
229106,9433,2567,ประกอบธุรกิจส่วนตัว,ชาย,ขอนแก่น,แรงงานนอกระบบ,คน
71212,9434,2567,ช่วยธุรกิจครัวเรือน,ชาย,ขอนแก่น,แรงงานนอกระบบ,คน
2883,9435,2567,ลูกจ้างรัฐบาล,ชาย,ขอนแก่น,แรงงานนอกระบบ,คน
33794,9436,2567,ลูกจ้างเอกชน,ชาย,ขอนแก่น,แรงงานนอกระบบ,คน
3818,9437,2567,การรวมกลุ่ม,ชาย,ขอนแก่น,แรงงานนอกระบบ,คน
5611,9438,2567,นายจ้าง,หญิง,ขอนแก่น,แรงงานนอกระบบ,คน
134119,9439,2567,ประกอบธุรกิจส่วนตัว,หญิง,ขอนแก่น,แรงงานนอกระบบ,คน
182037,9440,2567,ช่วยธุรกิจครัวเรือน,หญิง,ขอนแก่น,แรงงานนอกระบบ,คน
17453,9441,2567,ลูกจ้างเอกชน,หญิง,ขอนแก่น,แรงงานนอกระบบ,คน
711,9442,2567,นายจ้าง,ชาย,อุดรธานี,แรงงานในระบบ,คน
857,9443,2567,ประกอบธุรกิจส่วนตัว,ชาย,อุดรธานี,แรงงานในระบบ,คน
27720,9444,2567,ลูกจ้างรัฐบาล,ชาย,อุดรธานี,แรงงานในระบบ,คน
48335,9445,2567,ลูกจ้างเอกชน,ชาย,อุดรธานี,แรงงานในระบบ,คน
107,9446,2567,นายจ้าง,หญิง,อุดรธานี,แรงงานในระบบ,คน
539,9447,2567,ประกอบธุรกิจส่วนตัว,หญิง,อุดรธานี,แรงงานในระบบ,คน
25785,9448,2567,ลูกจ้างรัฐบาล,หญิง,อุดรธานี,แรงงานในระบบ,คน
47781,9449,2567,ลูกจ้างเอกชน,หญิง,อุดรธานี,แรงงานในระบบ,คน
1221,9450,2567,นายจ้าง,ชาย,อุดรธานี,แรงงานนอกระบบ,คน
171709,9451,2567,ประกอบธุรกิจส่วนตัว,ชาย,อุดรธานี,แรงงานนอกระบบ,คน
57051,9452,2567,ช่วยธุรกิจครัวเรือน,ชาย,อุดรธานี,แรงงานนอกระบบ,คน
958,9453,2567,ลูกจ้างรัฐบาล,ชาย,อุดรธานี,แรงงานนอกระบบ,คน
42183,9454,2567,ลูกจ้างเอกชน,ชาย,อุดรธานี,แรงงานนอกระบบ,คน
2375,9455,2567,นายจ้าง,หญิง,อุดรธานี,แรงงานนอกระบบ,คน
106308,9456,2567,ประกอบธุรกิจส่วนตัว,หญิง,อุดรธานี,แรงงานนอกระบบ,คน
99127,9457,2567,ช่วยธุรกิจครัวเรือน,หญิง,อุดรธานี,แรงงานนอกระบบ,คน
24968,9458,2567,ลูกจ้างเอกชน,หญิง,อุดรธานี,แรงงานนอกระบบ,คน
132,9459,2567,นายจ้าง,ชาย,เลย,แรงงานในระบบ,คน
94,9460,2567,ประกอบธุรกิจส่วนตัว,ชาย,เลย,แรงงานในระบบ,คน
11016,9461,2567,ลูกจ้างรัฐบาล,ชาย,เลย,แรงงานในระบบ,คน
13459,9462,2567,ลูกจ้างเอกชน,ชาย,เลย,แรงงานในระบบ,คน
54,9463,2567,ประกอบธุรกิจส่วนตัว,หญิง,เลย,แรงงานในระบบ,คน
15843,9464,2567,ลูกจ้างรัฐบาล,หญิง,เลย,แรงงานในระบบ,คน
13207,9465,2567,ลูกจ้างเอกชน,หญิง,เลย,แรงงานในระบบ,คน
842,9466,2567,นายจ้าง,ชาย,เลย,แรงงานนอกระบบ,คน
62694,9467,2567,ประกอบธุรกิจส่วนตัว,ชาย,เลย,แรงงานนอกระบบ,คน
48622,9468,2567,ช่วยธุรกิจครัวเรือน,ชาย,เลย,แรงงานนอกระบบ,คน
682,9469,2567,ลูกจ้างรัฐบาล,ชาย,เลย,แรงงานนอกระบบ,คน
5160,9470,2567,ลูกจ้างเอกชน,ชาย,เลย,แรงงานนอกระบบ,คน
237,9471,2567,นายจ้าง,หญิง,เลย,แรงงานนอกระบบ,คน
47297,9472,2567,ประกอบธุรกิจส่วนตัว,หญิง,เลย,แรงงานนอกระบบ,คน
43763,9473,2567,ช่วยธุรกิจครัวเรือน,หญิง,เลย,แรงงานนอกระบบ,คน
2539,9474,2567,ลูกจ้างรัฐบาล,หญิง,เลย,แรงงานนอกระบบ,คน
6570,9475,2567,ลูกจ้างเอกชน,หญิง,เลย,แรงงานนอกระบบ,คน
186,9476,2567,นายจ้าง,ชาย,หนองคาย,แรงงานในระบบ,คน
57,9477,2567,ประกอบธุรกิจส่วนตัว,ชาย,หนองคาย,แรงงานในระบบ,คน
10742,9478,2567,ลูกจ้างรัฐบาล,ชาย,หนองคาย,แรงงานในระบบ,คน
23135,9479,2567,ลูกจ้างเอกชน,ชาย,หนองคาย,แรงงานในระบบ,คน
327,9480,2567,ประกอบธุรกิจส่วนตัว,หญิง,หนองคาย,แรงงานในระบบ,คน
10877,9481,2567,ลูกจ้างรัฐบาล,หญิง,หนองคาย,แรงงานในระบบ,คน
17765,9482,2567,ลูกจ้างเอกชน,หญิง,หนองคาย,แรงงานในระบบ,คน
1687,9483,2567,นายจ้าง,ชาย,หนองคาย,แรงงานนอกระบบ,คน
41457,9484,2567,ประกอบธุรกิจส่วนตัว,ชาย,หนองคาย,แรงงานนอกระบบ,คน
21702,9485,2567,ช่วยธุรกิจครัวเรือน,ชาย,หนองคาย,แรงงานนอกระบบ,คน
950,9486,2567,ลูกจ้างรัฐบาล,ชาย,หนองคาย,แรงงานนอกระบบ,คน
16063,9487,2567,ลูกจ้างเอกชน,ชาย,หนองคาย,แรงงานนอกระบบ,คน
143,9488,2567,นายจ้าง,หญิง,หนองคาย,แรงงานนอกระบบ,คน
33516,9489,2567,ประกอบธุรกิจส่วนตัว,หญิง,หนองคาย,แรงงานนอกระบบ,คน
24024,9490,2567,ช่วยธุรกิจครัวเรือน,หญิง,หนองคาย,แรงงานนอกระบบ,คน
233,9491,2567,ลูกจ้างรัฐบาล,หญิง,หนองคาย,แรงงานนอกระบบ,คน
4892,9492,2567,ลูกจ้างเอกชน,หญิง,หนองคาย,แรงงานนอกระบบ,คน
321,9493,2567,นายจ้าง,ชาย,มหาสารคาม,แรงงานในระบบ,คน
999,9494,2567,ประกอบธุรกิจส่วนตัว,ชาย,มหาสารคาม,แรงงานในระบบ,คน
590,9495,2567,ช่วยธุรกิจครัวเรือน,ชาย,มหาสารคาม,แรงงานในระบบ,คน
16205,9496,2567,ลูกจ้างรัฐบาล,ชาย,มหาสารคาม,แรงงานในระบบ,คน
25313,9497,2567,ลูกจ้างเอกชน,ชาย,มหาสารคาม,แรงงานในระบบ,คน
132,9498,2567,นายจ้าง,หญิง,มหาสารคาม,แรงงานในระบบ,คน
977,9499,2567,ประกอบธุรกิจส่วนตัว,หญิง,มหาสารคาม,แรงงานในระบบ,คน
114,9500,2567,ช่วยธุรกิจครัวเรือน,หญิง,มหาสารคาม,แรงงานในระบบ,คน
27452,9501,2567,ลูกจ้างรัฐบาล,หญิง,มหาสารคาม,แรงงานในระบบ,คน
24910,9502,2567,ลูกจ้างเอกชน,หญิง,มหาสารคาม,แรงงานในระบบ,คน
2961,9503,2567,นายจ้าง,ชาย,มหาสารคาม,แรงงานนอกระบบ,คน
124793,9504,2567,ประกอบธุรกิจส่วนตัว,ชาย,มหาสารคาม,แรงงานนอกระบบ,คน
43358,9505,2567,ช่วยธุรกิจครัวเรือน,ชาย,มหาสารคาม,แรงงานนอกระบบ,คน
3895,9506,2567,ลูกจ้างเอกชน,ชาย,มหาสารคาม,แรงงานนอกระบบ,คน
732,9507,2567,นายจ้าง,หญิง,มหาสารคาม,แรงงานนอกระบบ,คน
77444,9508,2567,ประกอบธุรกิจส่วนตัว,หญิง,มหาสารคาม,แรงงานนอกระบบ,คน
65619,9509,2567,ช่วยธุรกิจครัวเรือน,หญิง,มหาสารคาม,แรงงานนอกระบบ,คน
3538,9510,2567,ลูกจ้างเอกชน,หญิง,มหาสารคาม,แรงงานนอกระบบ,คน
,9511,2567,ประกอบธุรกิจส่วนตัว,ชาย,ร้อยเอ็ด,แรงงานในระบบ,คน
26818,9512,2567,ลูกจ้างรัฐบาล,ชาย,ร้อยเอ็ด,แรงงานในระบบ,คน
34042,9513,2567,ลูกจ้างเอกชน,ชาย,ร้อยเอ็ด,แรงงานในระบบ,คน
198,9514,2567,นายจ้าง,หญิง,ร้อยเอ็ด,แรงงานในระบบ,คน
351,9515,2567,ประกอบธุรกิจส่วนตัว,หญิง,ร้อยเอ็ด,แรงงานในระบบ,คน
528,9516,2567,ช่วยธุรกิจครัวเรือน,หญิง,ร้อยเอ็ด,แรงงานในระบบ,คน
32792,9517,2567,ลูกจ้างรัฐบาล,หญิง,ร้อยเอ็ด,แรงงานในระบบ,คน
35834,9518,2567,ลูกจ้างเอกชน,หญิง,ร้อยเอ็ด,แรงงานในระบบ,คน
4906,9519,2567,นายจ้าง,ชาย,ร้อยเอ็ด,แรงงานนอกระบบ,คน
164487,9520,2567,ประกอบธุรกิจส่วนตัว,ชาย,ร้อยเอ็ด,แรงงานนอกระบบ,คน
62861,9521,2567,ช่วยธุรกิจครัวเรือน,ชาย,ร้อยเอ็ด,แรงงานนอกระบบ,คน
454,9522,2567,ลูกจ้างรัฐบาล,ชาย,ร้อยเอ็ด,แรงงานนอกระบบ,คน
5792,9523,2567,ลูกจ้างเอกชน,ชาย,ร้อยเอ็ด,แรงงานนอกระบบ,คน
206,9524,2567,การรวมกลุ่ม,ชาย,ร้อยเอ็ด,แรงงานนอกระบบ,คน
374,9525,2567,นายจ้าง,หญิง,ร้อยเอ็ด,แรงงานนอกระบบ,คน
92967,9526,2567,ประกอบธุรกิจส่วนตัว,หญิง,ร้อยเอ็ด,แรงงานนอกระบบ,คน
94851,9527,2567,ช่วยธุรกิจครัวเรือน,หญิง,ร้อยเอ็ด,แรงงานนอกระบบ,คน
645,9528,2567,ลูกจ้างรัฐบาล,หญิง,ร้อยเอ็ด,แรงงานนอกระบบ,คน
2367,9529,2567,ลูกจ้างเอกชน,หญิง,ร้อยเอ็ด,แรงงานนอกระบบ,คน
251,9530,2567,ประกอบธุรกิจส่วนตัว,ชาย,กาฬสินธุ์,แรงงานในระบบ,คน
16610,9531,2567,ลูกจ้างรัฐบาล,ชาย,กาฬสินธุ์,แรงงานในระบบ,คน
21089,9532,2567,ลูกจ้างเอกชน,ชาย,กาฬสินธุ์,แรงงานในระบบ,คน
1107,9533,2567,ประกอบธุรกิจส่วนตัว,หญิง,กาฬสินธุ์,แรงงานในระบบ,คน
18037,9534,2567,ลูกจ้างรัฐบาล,หญิง,กาฬสินธุ์,แรงงานในระบบ,คน
19597,9535,2567,ลูกจ้างเอกชน,หญิง,กาฬสินธุ์,แรงงานในระบบ,คน
2903,9536,2567,นายจ้าง,ชาย,กาฬสินธุ์,แรงงานนอกระบบ,คน
120581,9537,2567,ประกอบธุรกิจส่วนตัว,ชาย,กาฬสินธุ์,แรงงานนอกระบบ,คน
41938,9538,2567,ช่วยธุรกิจครัวเรือน,ชาย,กาฬสินธุ์,แรงงานนอกระบบ,คน
3675,9539,2567,ลูกจ้างรัฐบาล,ชาย,กาฬสินธุ์,แรงงานนอกระบบ,คน
8207,9540,2567,ลูกจ้างเอกชน,ชาย,กาฬสินธุ์,แรงงานนอกระบบ,คน
4609,9541,2567,การรวมกลุ่ม,ชาย,กาฬสินธุ์,แรงงานนอกระบบ,คน
1312,9542,2567,นายจ้าง,หญิง,กาฬสินธุ์,แรงงานนอกระบบ,คน
57429,9543,2567,ประกอบธุรกิจส่วนตัว,หญิง,กาฬสินธุ์,แรงงานนอกระบบ,คน
66830,9544,2567,ช่วยธุรกิจครัวเรือน,หญิง,กาฬสินธุ์,แรงงานนอกระบบ,คน
934,9545,2567,ลูกจ้างรัฐบาล,หญิง,กาฬสินธุ์,แรงงานนอกระบบ,คน
1657,9546,2567,ลูกจ้างเอกชน,หญิง,กาฬสินธุ์,แรงงานนอกระบบ,คน
280,9547,2567,การรวมกลุ่ม,หญิง,กาฬสินธุ์,แรงงานนอกระบบ,คน
271,9548,2567,นายจ้าง,ชาย,สกลนคร,แรงงานในระบบ,คน
1228,9549,2567,ประกอบธุรกิจส่วนตัว,ชาย,สกลนคร,แรงงานในระบบ,คน
570,9550,2567,ช่วยธุรกิจครัวเรือน,ชาย,สกลนคร,แรงงานในระบบ,คน
16207,9551,2567,ลูกจ้างรัฐบาล,ชาย,สกลนคร,แรงงานในระบบ,คน
15212,9552,2567,ลูกจ้างเอกชน,ชาย,สกลนคร,แรงงานในระบบ,คน
802,9553,2567,ประกอบธุรกิจส่วนตัว,หญิง,สกลนคร,แรงงานในระบบ,คน
496,9554,2567,ช่วยธุรกิจครัวเรือน,หญิง,สกลนคร,แรงงานในระบบ,คน
16873,9555,2567,ลูกจ้างรัฐบาล,หญิง,สกลนคร,แรงงานในระบบ,คน
14931,9556,2567,ลูกจ้างเอกชน,หญิง,สกลนคร,แรงงานในระบบ,คน
1418,9557,2567,นายจ้าง,ชาย,สกลนคร,แรงงานนอกระบบ,คน
150214,9558,2567,ประกอบธุรกิจส่วนตัว,ชาย,สกลนคร,แรงงานนอกระบบ,คน
47711,9559,2567,ช่วยธุรกิจครัวเรือน,ชาย,สกลนคร,แรงงานนอกระบบ,คน
1379,9560,2567,ลูกจ้างเอกชน,ชาย,สกลนคร,แรงงานนอกระบบ,คน
1043,9561,2567,นายจ้าง,หญิง,สกลนคร,แรงงานนอกระบบ,คน
79701,9562,2567,ประกอบธุรกิจส่วนตัว,หญิง,สกลนคร,แรงงานนอกระบบ,คน
65177,9563,2567,ช่วยธุรกิจครัวเรือน,หญิง,สกลนคร,แรงงานนอกระบบ,คน
496,9564,2567,ลูกจ้างรัฐบาล,หญิง,สกลนคร,แรงงานนอกระบบ,คน
390,9565,2567,ลูกจ้างเอกชน,หญิง,สกลนคร,แรงงานนอกระบบ,คน
880,9566,2567,ประกอบธุรกิจส่วนตัว,ชาย,นครพนม,แรงงานในระบบ,คน
73,9567,2567,ช่วยธุรกิจครัวเรือน,ชาย,นครพนม,แรงงานในระบบ,คน
10953,9568,2567,ลูกจ้างรัฐบาล,ชาย,นครพนม,แรงงานในระบบ,คน
17927,9569,2567,ลูกจ้างเอกชน,ชาย,นครพนม,แรงงานในระบบ,คน
1566,9570,2567,ประกอบธุรกิจส่วนตัว,หญิง,นครพนม,แรงงานในระบบ,คน
272,9571,2567,ช่วยธุรกิจครัวเรือน,หญิง,นครพนม,แรงงานในระบบ,คน
11478,9572,2567,ลูกจ้างรัฐบาล,หญิง,นครพนม,แรงงานในระบบ,คน
14419,9573,2567,ลูกจ้างเอกชน,หญิง,นครพนม,แรงงานในระบบ,คน
2732,9574,2567,นายจ้าง,ชาย,นครพนม,แรงงานนอกระบบ,คน
72832,9575,2567,ประกอบธุรกิจส่วนตัว,ชาย,นครพนม,แรงงานนอกระบบ,คน
36087,9576,2567,ช่วยธุรกิจครัวเรือน,ชาย,นครพนม,แรงงานนอกระบบ,คน
245,9577,2567,ลูกจ้างรัฐบาล,ชาย,นครพนม,แรงงานนอกระบบ,คน
9062,9578,2567,ลูกจ้างเอกชน,ชาย,นครพนม,แรงงานนอกระบบ,คน
234,9579,2567,นายจ้าง,หญิง,นครพนม,แรงงานนอกระบบ,คน
46895,9580,2567,ประกอบธุรกิจส่วนตัว,หญิง,นครพนม,แรงงานนอกระบบ,คน
37262,9581,2567,ช่วยธุรกิจครัวเรือน,หญิง,นครพนม,แรงงานนอกระบบ,คน
138,9582,2567,ลูกจ้างรัฐบาล,หญิง,นครพนม,แรงงานนอกระบบ,คน
5237,9583,2567,ลูกจ้างเอกชน,หญิง,นครพนม,แรงงานนอกระบบ,คน
157,9584,2567,นายจ้าง,ชาย,มุกดาหาร,แรงงานในระบบ,คน
903,9585,2567,ประกอบธุรกิจส่วนตัว,ชาย,มุกดาหาร,แรงงานในระบบ,คน
83,9586,2567,ช่วยธุรกิจครัวเรือน,ชาย,มุกดาหาร,แรงงานในระบบ,คน
11181,9587,2567,ลูกจ้างรัฐบาล,ชาย,มุกดาหาร,แรงงานในระบบ,คน
13225,9588,2567,ลูกจ้างเอกชน,ชาย,มุกดาหาร,แรงงานในระบบ,คน
249,9589,2567,นายจ้าง,หญิง,มุกดาหาร,แรงงานในระบบ,คน
262,9590,2567,ประกอบธุรกิจส่วนตัว,หญิง,มุกดาหาร,แรงงานในระบบ,คน
399,9591,2567,ช่วยธุรกิจครัวเรือน,หญิง,มุกดาหาร,แรงงานในระบบ,คน
12185,9592,2567,ลูกจ้างรัฐบาล,หญิง,มุกดาหาร,แรงงานในระบบ,คน
10347,9593,2567,ลูกจ้างเอกชน,หญิง,มุกดาหาร,แรงงานในระบบ,คน
1826,9594,2567,นายจ้าง,ชาย,มุกดาหาร,แรงงานนอกระบบ,คน
65822,9595,2567,ประกอบธุรกิจส่วนตัว,ชาย,มุกดาหาร,แรงงานนอกระบบ,คน
34090,9596,2567,ช่วยธุรกิจครัวเรือน,ชาย,มุกดาหาร,แรงงานนอกระบบ,คน
548,9597,2567,ลูกจ้างรัฐบาล,ชาย,มุกดาหาร,แรงงานนอกระบบ,คน
2886,9598,2567,ลูกจ้างเอกชน,ชาย,มุกดาหาร,แรงงานนอกระบบ,คน
49,9599,2567,การรวมกลุ่ม,ชาย,มุกดาหาร,แรงงานนอกระบบ,คน
805,9600,2567,นายจ้าง,หญิง,มุกดาหาร,แรงงานนอกระบบ,คน
43037,9601,2567,ประกอบธุรกิจส่วนตัว,หญิง,มุกดาหาร,แรงงานนอกระบบ,คน
40818,9602,2567,ช่วยธุรกิจครัวเรือน,หญิง,มุกดาหาร,แรงงานนอกระบบ,คน
760,9603,2567,ลูกจ้างรัฐบาล,หญิง,มุกดาหาร,แรงงานนอกระบบ,คน
2007,9604,2567,ลูกจ้างเอกชน,หญิง,มุกดาหาร,แรงงานนอกระบบ,คน
4431,9605,2567,ประกอบธุรกิจส่วนตัว,ชาย,นครศรีธรรมราช,แรงงานในระบบ,คน
700,9606,2567,ช่วยธุรกิจครัวเรือน,ชาย,นครศรีธรรมราช,แรงงานในระบบ,คน
28728,9607,2567,ลูกจ้างรัฐบาล,ชาย,นครศรีธรรมราช,แรงงานในระบบ,คน
110788,9608,2567,ลูกจ้างเอกชน,ชาย,นครศรีธรรมราช,แรงงานในระบบ,คน
100,9609,2567,นายจ้าง,หญิง,นครศรีธรรมราช,แรงงานในระบบ,คน
3848,9610,2567,ประกอบธุรกิจส่วนตัว,หญิง,นครศรีธรรมราช,แรงงานในระบบ,คน
2314,9611,2567,ช่วยธุรกิจครัวเรือน,หญิง,นครศรีธรรมราช,แรงงานในระบบ,คน
44119,9612,2567,ลูกจ้างรัฐบาล,หญิง,นครศรีธรรมราช,แรงงานในระบบ,คน
87057,9613,2567,ลูกจ้างเอกชน,หญิง,นครศรีธรรมราช,แรงงานในระบบ,คน
48690,9614,2567,นายจ้าง,ชาย,นครศรีธรรมราช,แรงงานนอกระบบ,คน
191864,9615,2567,ประกอบธุรกิจส่วนตัว,ชาย,นครศรีธรรมราช,แรงงานนอกระบบ,คน
42068,9616,2567,ช่วยธุรกิจครัวเรือน,ชาย,นครศรีธรรมราช,แรงงานนอกระบบ,คน
2033,9617,2567,ลูกจ้างรัฐบาล,ชาย,นครศรีธรรมราช,แรงงานนอกระบบ,คน
25522,9618,2567,ลูกจ้างเอกชน,ชาย,นครศรีธรรมราช,แรงงานนอกระบบ,คน
1768,9619,2567,การรวมกลุ่ม,ชาย,นครศรีธรรมราช,แรงงานนอกระบบ,คน
17822,9620,2567,นายจ้าง,หญิง,นครศรีธรรมราช,แรงงานนอกระบบ,คน
131167,9621,2567,ประกอบธุรกิจส่วนตัว,หญิง,นครศรีธรรมราช,แรงงานนอกระบบ,คน
92385,9622,2567,ช่วยธุรกิจครัวเรือน,หญิง,นครศรีธรรมราช,แรงงานนอกระบบ,คน
658,9623,2567,ลูกจ้างรัฐบาล,หญิง,นครศรีธรรมราช,แรงงานนอกระบบ,คน
11770,9624,2567,ลูกจ้างเอกชน,หญิง,นครศรีธรรมราช,แรงงานนอกระบบ,คน
342,9625,2567,การรวมกลุ่ม,หญิง,นครศรีธรรมราช,แรงงานนอกระบบ,คน
305,9626,2567,นายจ้าง,ชาย,กระบี่,แรงงานในระบบ,คน
2418,9627,2567,ประกอบธุรกิจส่วนตัว,ชาย,กระบี่,แรงงานในระบบ,คน
825,9628,2567,ช่วยธุรกิจครัวเรือน,ชาย,กระบี่,แรงงานในระบบ,คน
5321,9629,2567,ลูกจ้างรัฐบาล,ชาย,กระบี่,แรงงานในระบบ,คน
38163,9630,2567,ลูกจ้างเอกชน,ชาย,กระบี่,แรงงานในระบบ,คน
46,9631,2567,นายจ้าง,หญิง,กระบี่,แรงงานในระบบ,คน
1830,9632,2567,ประกอบธุรกิจส่วนตัว,หญิง,กระบี่,แรงงานในระบบ,คน
525,9633,2567,ช่วยธุรกิจครัวเรือน,หญิง,กระบี่,แรงงานในระบบ,คน
8427,9634,2567,ลูกจ้างรัฐบาล,หญิง,กระบี่,แรงงานในระบบ,คน
34825,9635,2567,ลูกจ้างเอกชน,หญิง,กระบี่,แรงงานในระบบ,คน
13979,9636,2567,นายจ้าง,ชาย,กระบี่,แรงงานนอกระบบ,คน
52353,9637,2567,ประกอบธุรกิจส่วนตัว,ชาย,กระบี่,แรงงานนอกระบบ,คน
14530,9638,2567,ช่วยธุรกิจครัวเรือน,ชาย,กระบี่,แรงงานนอกระบบ,คน
1654,9639,2567,ลูกจ้างรัฐบาล,ชาย,กระบี่,แรงงานนอกระบบ,คน
3381,9640,2567,ลูกจ้างเอกชน,ชาย,กระบี่,แรงงานนอกระบบ,คน
7838,9641,2567,นายจ้าง,หญิง,กระบี่,แรงงานนอกระบบ,คน
37716,9642,2567,ประกอบธุรกิจส่วนตัว,หญิง,กระบี่,แรงงานนอกระบบ,คน
14887,9643,2567,ช่วยธุรกิจครัวเรือน,หญิง,กระบี่,แรงงานนอกระบบ,คน
645,9644,2567,ลูกจ้างรัฐบาล,หญิง,กระบี่,แรงงานนอกระบบ,คน
1492,9645,2567,ลูกจ้างเอกชน,หญิง,กระบี่,แรงงานนอกระบบ,คน
256,9646,2567,การรวมกลุ่ม,หญิง,กระบี่,แรงงานนอกระบบ,คน
213,9647,2567,นายจ้าง,ชาย,พังงา,แรงงานในระบบ,คน
1883,9648,2567,ประกอบธุรกิจส่วนตัว,ชาย,พังงา,แรงงานในระบบ,คน
336,9649,2567,ช่วยธุรกิจครัวเรือน,ชาย,พังงา,แรงงานในระบบ,คน
5647,9650,2567,ลูกจ้างรัฐบาล,ชาย,พังงา,แรงงานในระบบ,คน
24770,9651,2567,ลูกจ้างเอกชน,ชาย,พังงา,แรงงานในระบบ,คน
26,9652,2567,นายจ้าง,หญิง,พังงา,แรงงานในระบบ,คน
1412,9653,2567,ประกอบธุรกิจส่วนตัว,หญิง,พังงา,แรงงานในระบบ,คน
713,9654,2567,ช่วยธุรกิจครัวเรือน,หญิง,พังงา,แรงงานในระบบ,คน
7794,9655,2567,ลูกจ้างรัฐบาล,หญิง,พังงา,แรงงานในระบบ,คน
17001,9656,2567,ลูกจ้างเอกชน,หญิง,พังงา,แรงงานในระบบ,คน
4849,9657,2567,นายจ้าง,ชาย,พังงา,แรงงานนอกระบบ,คน
25891,9658,2567,ประกอบธุรกิจส่วนตัว,ชาย,พังงา,แรงงานนอกระบบ,คน
7527,9659,2567,ช่วยธุรกิจครัวเรือน,ชาย,พังงา,แรงงานนอกระบบ,คน
421,9660,2567,ลูกจ้างรัฐบาล,ชาย,พังงา,แรงงานนอกระบบ,คน
3027,9661,2567,ลูกจ้างเอกชน,ชาย,พังงา,แรงงานนอกระบบ,คน
154,9662,2567,การรวมกลุ่ม,ชาย,พังงา,แรงงานนอกระบบ,คน
1711,9663,2567,นายจ้าง,หญิง,พังงา,แรงงานนอกระบบ,คน
13719,9664,2567,ประกอบธุรกิจส่วนตัว,หญิง,พังงา,แรงงานนอกระบบ,คน
4245,9665,2567,ช่วยธุรกิจครัวเรือน,หญิง,พังงา,แรงงานนอกระบบ,คน
616,9666,2567,ลูกจ้างรัฐบาล,หญิง,พังงา,แรงงานนอกระบบ,คน
3735,9667,2567,ลูกจ้างเอกชน,หญิง,พังงา,แรงงานนอกระบบ,คน
27,9668,2567,การรวมกลุ่ม,หญิง,พังงา,แรงงานนอกระบบ,คน
1247,9669,2567,นายจ้าง,ชาย,ภูเก็ต,แรงงานในระบบ,คน
2251,9670,2567,ประกอบธุรกิจส่วนตัว,ชาย,ภูเก็ต,แรงงานในระบบ,คน
315,9671,2567,ช่วยธุรกิจครัวเรือน,ชาย,ภูเก็ต,แรงงานในระบบ,คน
8245,9672,2567,ลูกจ้างรัฐบาล,ชาย,ภูเก็ต,แรงงานในระบบ,คน
106622,9673,2567,ลูกจ้างเอกชน,ชาย,ภูเก็ต,แรงงานในระบบ,คน
477,9674,2567,นายจ้าง,หญิง,ภูเก็ต,แรงงานในระบบ,คน
4766,9675,2567,ประกอบธุรกิจส่วนตัว,หญิง,ภูเก็ต,แรงงานในระบบ,คน
554,9676,2567,ช่วยธุรกิจครัวเรือน,หญิง,ภูเก็ต,แรงงานในระบบ,คน
8528,9677,2567,ลูกจ้างรัฐบาล,หญิง,ภูเก็ต,แรงงานในระบบ,คน
98935,9678,2567,ลูกจ้างเอกชน,หญิง,ภูเก็ต,แรงงานในระบบ,คน
13148,9679,2567,นายจ้าง,ชาย,ภูเก็ต,แรงงานนอกระบบ,คน
48947,9680,2567,ประกอบธุรกิจส่วนตัว,ชาย,ภูเก็ต,แรงงานนอกระบบ,คน
8222,9681,2567,ช่วยธุรกิจครัวเรือน,ชาย,ภูเก็ต,แรงงานนอกระบบ,คน
1559,9682,2567,ลูกจ้างรัฐบาล,ชาย,ภูเก็ต,แรงงานนอกระบบ,คน
304,9683,2567,ลูกจ้างเอกชน,ชาย,ภูเก็ต,แรงงานนอกระบบ,คน
264,9684,2567,การรวมกลุ่ม,ชาย,ภูเก็ต,แรงงานนอกระบบ,คน
4842,9685,2567,นายจ้าง,หญิง,ภูเก็ต,แรงงานนอกระบบ,คน
29380,9686,2567,ประกอบธุรกิจส่วนตัว,หญิง,ภูเก็ต,แรงงานนอกระบบ,คน
10389,9687,2567,ช่วยธุรกิจครัวเรือน,หญิง,ภูเก็ต,แรงงานนอกระบบ,คน
2221,9688,2567,ลูกจ้างเอกชน,หญิง,ภูเก็ต,แรงงานนอกระบบ,คน
1071,9689,2567,การรวมกลุ่ม,หญิง,ภูเก็ต,แรงงานนอกระบบ,คน
327,9690,2567,ประกอบธุรกิจส่วนตัว,ชาย,สุราษฏร์ธานี,แรงงานในระบบ,คน
17971,9691,2567,ลูกจ้างรัฐบาล,ชาย,สุราษฏร์ธานี,แรงงานในระบบ,คน
124030,9692,2567,ลูกจ้างเอกชน,ชาย,สุราษฏร์ธานี,แรงงานในระบบ,คน
,9693,2567,ประกอบธุรกิจส่วนตัว,หญิง,สุราษฏร์ธานี,แรงงานในระบบ,คน
592,9694,2567,ช่วยธุรกิจครัวเรือน,หญิง,สุราษฏร์ธานี,แรงงานในระบบ,คน
25780,9695,2567,ลูกจ้างรัฐบาล,หญิง,สุราษฏร์ธานี,แรงงานในระบบ,คน
89633,9696,2567,ลูกจ้างเอกชน,หญิง,สุราษฏร์ธานี,แรงงานในระบบ,คน
47683,9697,2567,นายจ้าง,ชาย,สุราษฏร์ธานี,แรงงานนอกระบบ,คน
138312,9698,2567,ประกอบธุรกิจส่วนตัว,ชาย,สุราษฏร์ธานี,แรงงานนอกระบบ,คน
35435,9699,2567,ช่วยธุรกิจครัวเรือน,ชาย,สุราษฏร์ธานี,แรงงานนอกระบบ,คน
444,9700,2567,ลูกจ้างรัฐบาล,ชาย,สุราษฏร์ธานี,แรงงานนอกระบบ,คน
5583,9701,2567,ลูกจ้างเอกชน,ชาย,สุราษฏร์ธานี,แรงงานนอกระบบ,คน
14697,9702,2567,นายจ้าง,หญิง,สุราษฏร์ธานี,แรงงานนอกระบบ,คน
88271,9703,2567,ประกอบธุรกิจส่วนตัว,หญิง,สุราษฏร์ธานี,แรงงานนอกระบบ,คน
55819,9704,2567,ช่วยธุรกิจครัวเรือน,หญิง,สุราษฏร์ธานี,แรงงานนอกระบบ,คน
1758,9705,2567,ลูกจ้างรัฐบาล,หญิง,สุราษฏร์ธานี,แรงงานนอกระบบ,คน
6404,9706,2567,ลูกจ้างเอกชน,หญิง,สุราษฏร์ธานี,แรงงานนอกระบบ,คน
138,9707,2567,นายจ้าง,ชาย,ระนอง,แรงงานในระบบ,คน
728,9708,2567,ประกอบธุรกิจส่วนตัว,ชาย,ระนอง,แรงงานในระบบ,คน
91,9709,2567,ช่วยธุรกิจครัวเรือน,ชาย,ระนอง,แรงงานในระบบ,คน
4090,9710,2567,ลูกจ้างรัฐบาล,ชาย,ระนอง,แรงงานในระบบ,คน
25209,9711,2567,ลูกจ้างเอกชน,ชาย,ระนอง,แรงงานในระบบ,คน
115,9712,2567,นายจ้าง,หญิง,ระนอง,แรงงานในระบบ,คน
434,9713,2567,ประกอบธุรกิจส่วนตัว,หญิง,ระนอง,แรงงานในระบบ,คน
151,9714,2567,ช่วยธุรกิจครัวเรือน,หญิง,ระนอง,แรงงานในระบบ,คน
6109,9715,2567,ลูกจ้างรัฐบาล,หญิง,ระนอง,แรงงานในระบบ,คน
18714,9716,2567,ลูกจ้างเอกชน,หญิง,ระนอง,แรงงานในระบบ,คน
3844,9717,2567,นายจ้าง,ชาย,ระนอง,แรงงานนอกระบบ,คน
41785,9718,2567,ประกอบธุรกิจส่วนตัว,ชาย,ระนอง,แรงงานนอกระบบ,คน
12925,9719,2567,ช่วยธุรกิจครัวเรือน,ชาย,ระนอง,แรงงานนอกระบบ,คน
512,9720,2567,ลูกจ้างรัฐบาล,ชาย,ระนอง,แรงงานนอกระบบ,คน
2058,9721,2567,ลูกจ้างเอกชน,ชาย,ระนอง,แรงงานนอกระบบ,คน
1693,9722,2567,นายจ้าง,หญิง,ระนอง,แรงงานนอกระบบ,คน
15726,9723,2567,ประกอบธุรกิจส่วนตัว,หญิง,ระนอง,แรงงานนอกระบบ,คน
16585,9724,2567,ช่วยธุรกิจครัวเรือน,หญิง,ระนอง,แรงงานนอกระบบ,คน
961,9725,2567,ลูกจ้างรัฐบาล,หญิง,ระนอง,แรงงานนอกระบบ,คน
766,9726,2567,ลูกจ้างเอกชน,หญิง,ระนอง,แรงงานนอกระบบ,คน
982,9727,2567,ประกอบธุรกิจส่วนตัว,ชาย,ชุมพร,แรงงานในระบบ,คน
793,9728,2567,ช่วยธุรกิจครัวเรือน,ชาย,ชุมพร,แรงงานในระบบ,คน
8467,9729,2567,ลูกจ้างรัฐบาล,ชาย,ชุมพร,แรงงานในระบบ,คน
40896,9730,2567,ลูกจ้างเอกชน,ชาย,ชุมพร,แรงงานในระบบ,คน
1135,9731,2567,ประกอบธุรกิจส่วนตัว,หญิง,ชุมพร,แรงงานในระบบ,คน
228,9732,2567,ช่วยธุรกิจครัวเรือน,หญิง,ชุมพร,แรงงานในระบบ,คน
11041,9733,2567,ลูกจ้างรัฐบาล,หญิง,ชุมพร,แรงงานในระบบ,คน
28287,9734,2567,ลูกจ้างเอกชน,หญิง,ชุมพร,แรงงานในระบบ,คน
4394,9735,2567,นายจ้าง,ชาย,ชุมพร,แรงงานนอกระบบ,คน
70707,9736,2567,ประกอบธุรกิจส่วนตัว,ชาย,ชุมพร,แรงงานนอกระบบ,คน
30378,9737,2567,ช่วยธุรกิจครัวเรือน,ชาย,ชุมพร,แรงงานนอกระบบ,คน
399,9738,2567,ลูกจ้างรัฐบาล,ชาย,ชุมพร,แรงงานนอกระบบ,คน
2047,9739,2567,ลูกจ้างเอกชน,ชาย,ชุมพร,แรงงานนอกระบบ,คน
1333,9740,2567,นายจ้าง,หญิง,ชุมพร,แรงงานนอกระบบ,คน
41602,9741,2567,ประกอบธุรกิจส่วนตัว,หญิง,ชุมพร,แรงงานนอกระบบ,คน
39512,9742,2567,ช่วยธุรกิจครัวเรือน,หญิง,ชุมพร,แรงงานนอกระบบ,คน
318,9743,2567,ลูกจ้างรัฐบาล,หญิง,ชุมพร,แรงงานนอกระบบ,คน
680,9744,2567,ลูกจ้างเอกชน,หญิง,ชุมพร,แรงงานนอกระบบ,คน
1109,9745,2567,นายจ้าง,ชาย,สงขลา,แรงงานในระบบ,คน
3953,9746,2567,ประกอบธุรกิจส่วนตัว,ชาย,สงขลา,แรงงานในระบบ,คน
643,9747,2567,ช่วยธุรกิจครัวเรือน,ชาย,สงขลา,แรงงานในระบบ,คน
56957,9748,2567,ลูกจ้างรัฐบาล,ชาย,สงขลา,แรงงานในระบบ,คน
181314,9749,2567,ลูกจ้างเอกชน,ชาย,สงขลา,แรงงานในระบบ,คน
2010,9750,2567,ประกอบธุรกิจส่วนตัว,หญิง,สงขลา,แรงงานในระบบ,คน
1450,9751,2567,ช่วยธุรกิจครัวเรือน,หญิง,สงขลา,แรงงานในระบบ,คน
45483,9752,2567,ลูกจ้างรัฐบาล,หญิง,สงขลา,แรงงานในระบบ,คน
133741,9753,2567,ลูกจ้างเอกชน,หญิง,สงขลา,แรงงานในระบบ,คน
25050,9754,2567,นายจ้าง,ชาย,สงขลา,แรงงานนอกระบบ,คน
160695,9755,2567,ประกอบธุรกิจส่วนตัว,ชาย,สงขลา,แรงงานนอกระบบ,คน
56939,9756,2567,ช่วยธุรกิจครัวเรือน,ชาย,สงขลา,แรงงานนอกระบบ,คน
931,9757,2567,ลูกจ้างรัฐบาล,ชาย,สงขลา,แรงงานนอกระบบ,คน
2364,9758,2567,ลูกจ้างเอกชน,ชาย,สงขลา,แรงงานนอกระบบ,คน
6384,9759,2567,นายจ้าง,หญิง,สงขลา,แรงงานนอกระบบ,คน
144810,9760,2567,ประกอบธุรกิจส่วนตัว,หญิง,สงขลา,แรงงานนอกระบบ,คน
82791,9761,2567,ช่วยธุรกิจครัวเรือน,หญิง,สงขลา,แรงงานนอกระบบ,คน
2108,9762,2567,ลูกจ้างเอกชน,หญิง,สงขลา,แรงงานนอกระบบ,คน
108,9763,2567,นายจ้าง,ชาย,สตูล,แรงงานในระบบ,คน
969,9764,2567,ประกอบธุรกิจส่วนตัว,ชาย,สตูล,แรงงานในระบบ,คน
46,9765,2567,ช่วยธุรกิจครัวเรือน,ชาย,สตูล,แรงงานในระบบ,คน
8441,9766,2567,ลูกจ้างรัฐบาล,ชาย,สตูล,แรงงานในระบบ,คน
18475,9767,2567,ลูกจ้างเอกชน,ชาย,สตูล,แรงงานในระบบ,คน
247,9768,2567,นายจ้าง,หญิง,สตูล,แรงงานในระบบ,คน
473,9769,2567,ประกอบธุรกิจส่วนตัว,หญิง,สตูล,แรงงานในระบบ,คน
578,9770,2567,ช่วยธุรกิจครัวเรือน,หญิง,สตูล,แรงงานในระบบ,คน
9578,9771,2567,ลูกจ้างรัฐบาล,หญิง,สตูล,แรงงานในระบบ,คน
16046,9772,2567,ลูกจ้างเอกชน,หญิง,สตูล,แรงงานในระบบ,คน
2945,9773,2567,นายจ้าง,ชาย,สตูล,แรงงานนอกระบบ,คน
46422,9774,2567,ประกอบธุรกิจส่วนตัว,ชาย,สตูล,แรงงานนอกระบบ,คน
9594,9775,2567,ช่วยธุรกิจครัวเรือน,ชาย,สตูล,แรงงานนอกระบบ,คน
427,9776,2567,ลูกจ้างรัฐบาล,ชาย,สตูล,แรงงานนอกระบบ,คน
1423,9777,2567,ลูกจ้างเอกชน,ชาย,สตูล,แรงงานนอกระบบ,คน
780,9778,2567,นายจ้าง,หญิง,สตูล,แรงงานนอกระบบ,คน
20935,9779,2567,ประกอบธุรกิจส่วนตัว,หญิง,สตูล,แรงงานนอกระบบ,คน
14044,9780,2567,ช่วยธุรกิจครัวเรือน,หญิง,สตูล,แรงงานนอกระบบ,คน
800,9781,2567,ลูกจ้างรัฐบาล,หญิง,สตูล,แรงงานนอกระบบ,คน
606,9782,2567,ลูกจ้างเอกชน,หญิง,สตูล,แรงงานนอกระบบ,คน
1439,9783,2567,นายจ้าง,ชาย,ตรัง,แรงงานในระบบ,คน
648,9784,2567,ประกอบธุรกิจส่วนตัว,ชาย,ตรัง,แรงงานในระบบ,คน
10809,9785,2567,ลูกจ้างรัฐบาล,ชาย,ตรัง,แรงงานในระบบ,คน
61047,9786,2567,ลูกจ้างเอกชน,ชาย,ตรัง,แรงงานในระบบ,คน
381,9787,2567,นายจ้าง,หญิง,ตรัง,แรงงานในระบบ,คน
960,9788,2567,ประกอบธุรกิจส่วนตัว,หญิง,ตรัง,แรงงานในระบบ,คน
1500,9789,2567,ช่วยธุรกิจครัวเรือน,หญิง,ตรัง,แรงงานในระบบ,คน
15349,9790,2567,ลูกจ้างรัฐบาล,หญิง,ตรัง,แรงงานในระบบ,คน
38141,9791,2567,ลูกจ้างเอกชน,หญิง,ตรัง,แรงงานในระบบ,คน
11571,9792,2567,นายจ้าง,ชาย,ตรัง,แรงงานนอกระบบ,คน
82978,9793,2567,ประกอบธุรกิจส่วนตัว,ชาย,ตรัง,แรงงานนอกระบบ,คน
28885,9794,2567,ช่วยธุรกิจครัวเรือน,ชาย,ตรัง,แรงงานนอกระบบ,คน
793,9795,2567,ลูกจ้างรัฐบาล,ชาย,ตรัง,แรงงานนอกระบบ,คน
2294,9796,2567,ลูกจ้างเอกชน,ชาย,ตรัง,แรงงานนอกระบบ,คน
6079,9797,2567,นายจ้าง,หญิง,ตรัง,แรงงานนอกระบบ,คน
62277,9798,2567,ประกอบธุรกิจส่วนตัว,หญิง,ตรัง,แรงงานนอกระบบ,คน
44942,9799,2567,ช่วยธุรกิจครัวเรือน,หญิง,ตรัง,แรงงานนอกระบบ,คน
1386,9800,2567,ลูกจ้างรัฐบาล,หญิง,ตรัง,แรงงานนอกระบบ,คน
210,9801,2567,ลูกจ้างเอกชน,หญิง,ตรัง,แรงงานนอกระบบ,คน
2469,9802,2567,ประกอบธุรกิจส่วนตัว,ชาย,พัทลุง,แรงงานในระบบ,คน
9536,9803,2567,ลูกจ้างรัฐบาล,ชาย,พัทลุง,แรงงานในระบบ,คน
29159,9804,2567,ลูกจ้างเอกชน,ชาย,พัทลุง,แรงงานในระบบ,คน
283,9805,2567,นายจ้าง,หญิง,พัทลุง,แรงงานในระบบ,คน
3207,9806,2567,ประกอบธุรกิจส่วนตัว,หญิง,พัทลุง,แรงงานในระบบ,คน
1015,9807,2567,ช่วยธุรกิจครัวเรือน,หญิง,พัทลุง,แรงงานในระบบ,คน
14812,9808,2567,ลูกจ้างรัฐบาล,หญิง,พัทลุง,แรงงานในระบบ,คน
29191,9809,2567,ลูกจ้างเอกชน,หญิง,พัทลุง,แรงงานในระบบ,คน
7342,9810,2567,นายจ้าง,ชาย,พัทลุง,แรงงานนอกระบบ,คน
73842,9811,2567,ประกอบธุรกิจส่วนตัว,ชาย,พัทลุง,แรงงานนอกระบบ,คน
19603,9812,2567,ช่วยธุรกิจครัวเรือน,ชาย,พัทลุง,แรงงานนอกระบบ,คน
477,9813,2567,ลูกจ้างรัฐบาล,ชาย,พัทลุง,แรงงานนอกระบบ,คน
3236,9814,2567,ลูกจ้างเอกชน,ชาย,พัทลุง,แรงงานนอกระบบ,คน
2937,9815,2567,นายจ้าง,หญิง,พัทลุง,แรงงานนอกระบบ,คน
46938,9816,2567,ประกอบธุรกิจส่วนตัว,หญิง,พัทลุง,แรงงานนอกระบบ,คน
31592,9817,2567,ช่วยธุรกิจครัวเรือน,หญิง,พัทลุง,แรงงานนอกระบบ,คน
1223,9818,2567,ลูกจ้างรัฐบาล,หญิง,พัทลุง,แรงงานนอกระบบ,คน
572,9819,2567,ลูกจ้างเอกชน,หญิง,พัทลุง,แรงงานนอกระบบ,คน
199,9820,2567,การรวมกลุ่ม,หญิง,พัทลุง,แรงงานนอกระบบ,คน
718,9821,2567,นายจ้าง,ชาย,ปัตตานี,แรงงานในระบบ,คน
9865,9822,2567,ประกอบธุรกิจส่วนตัว,ชาย,ปัตตานี,แรงงานในระบบ,คน
2311,9823,2567,ช่วยธุรกิจครัวเรือน,ชาย,ปัตตานี,แรงงานในระบบ,คน
22072,9824,2567,ลูกจ้างรัฐบาล,ชาย,ปัตตานี,แรงงานในระบบ,คน
66202,9825,2567,ลูกจ้างเอกชน,ชาย,ปัตตานี,แรงงานในระบบ,คน
616,9826,2567,นายจ้าง,หญิง,ปัตตานี,แรงงานในระบบ,คน
13232,9827,2567,ประกอบธุรกิจส่วนตัว,หญิง,ปัตตานี,แรงงานในระบบ,คน
5738,9828,2567,ช่วยธุรกิจครัวเรือน,หญิง,ปัตตานี,แรงงานในระบบ,คน
21377,9829,2567,ลูกจ้างรัฐบาล,หญิง,ปัตตานี,แรงงานในระบบ,คน
39961,9830,2567,ลูกจ้างเอกชน,หญิง,ปัตตานี,แรงงานในระบบ,คน
4122,9831,2567,นายจ้าง,ชาย,ปัตตานี,แรงงานนอกระบบ,คน
48071,9832,2567,ประกอบธุรกิจส่วนตัว,ชาย,ปัตตานี,แรงงานนอกระบบ,คน
16223,9833,2567,ช่วยธุรกิจครัวเรือน,ชาย,ปัตตานี,แรงงานนอกระบบ,คน
3193,9834,2567,ลูกจ้างรัฐบาล,ชาย,ปัตตานี,แรงงานนอกระบบ,คน
19394,9835,2567,ลูกจ้างเอกชน,ชาย,ปัตตานี,แรงงานนอกระบบ,คน
1779,9836,2567,นายจ้าง,หญิง,ปัตตานี,แรงงานนอกระบบ,คน
42071,9837,2567,ประกอบธุรกิจส่วนตัว,หญิง,ปัตตานี,แรงงานนอกระบบ,คน
17786,9838,2567,ช่วยธุรกิจครัวเรือน,หญิง,ปัตตานี,แรงงานนอกระบบ,คน
2440,9839,2567,ลูกจ้างรัฐบาล,หญิง,ปัตตานี,แรงงานนอกระบบ,คน
2805,9840,2567,ลูกจ้างเอกชน,หญิง,ปัตตานี,แรงงานนอกระบบ,คน
2832,9841,2567,ประกอบธุรกิจส่วนตัว,ชาย,ยะลา,แรงงานในระบบ,คน
2402,9842,2567,ช่วยธุรกิจครัวเรือน,ชาย,ยะลา,แรงงานในระบบ,คน
10263,9843,2567,ลูกจ้างรัฐบาล,ชาย,ยะลา,แรงงานในระบบ,คน
19673,9844,2567,ลูกจ้างเอกชน,ชาย,ยะลา,แรงงานในระบบ,คน
1414,9845,2567,ประกอบธุรกิจส่วนตัว,หญิง,ยะลา,แรงงานในระบบ,คน
1446,9846,2567,ช่วยธุรกิจครัวเรือน,หญิง,ยะลา,แรงงานในระบบ,คน
8544,9847,2567,ลูกจ้างรัฐบาล,หญิง,ยะลา,แรงงานในระบบ,คน
16774,9848,2567,ลูกจ้างเอกชน,หญิง,ยะลา,แรงงานในระบบ,คน
2091,9849,2567,นายจ้าง,ชาย,ยะลา,แรงงานนอกระบบ,คน
71047,9850,2567,ประกอบธุรกิจส่วนตัว,ชาย,ยะลา,แรงงานนอกระบบ,คน
34186,9851,2567,ช่วยธุรกิจครัวเรือน,ชาย,ยะลา,แรงงานนอกระบบ,คน
1138,9852,2567,ลูกจ้างรัฐบาล,ชาย,ยะลา,แรงงานนอกระบบ,คน
1764,9853,2567,ลูกจ้างเอกชน,ชาย,ยะลา,แรงงานนอกระบบ,คน
1648,9854,2567,นายจ้าง,หญิง,ยะลา,แรงงานนอกระบบ,คน
45537,9855,2567,ประกอบธุรกิจส่วนตัว,หญิง,ยะลา,แรงงานนอกระบบ,คน
38109,9856,2567,ช่วยธุรกิจครัวเรือน,หญิง,ยะลา,แรงงานนอกระบบ,คน
1774,9857,2567,ลูกจ้างรัฐบาล,หญิง,ยะลา,แรงงานนอกระบบ,คน
855,9858,2567,ลูกจ้างเอกชน,หญิง,ยะลา,แรงงานนอกระบบ,คน
198,9859,2567,นายจ้าง,ชาย,นราธิวาส,แรงงานในระบบ,คน
2319,9860,2567,ประกอบธุรกิจส่วนตัว,ชาย,นราธิวาส,แรงงานในระบบ,คน
108,9861,2567,ช่วยธุรกิจครัวเรือน,ชาย,นราธิวาส,แรงงานในระบบ,คน
24506,9862,2567,ลูกจ้างรัฐบาล,ชาย,นราธิวาส,แรงงานในระบบ,คน
91216,9863,2567,ลูกจ้างเอกชน,ชาย,นราธิวาส,แรงงานในระบบ,คน
1186,9864,2567,ประกอบธุรกิจส่วนตัว,หญิง,นราธิวาส,แรงงานในระบบ,คน
1798,9865,2567,ช่วยธุรกิจครัวเรือน,หญิง,นราธิวาส,แรงงานในระบบ,คน
19965,9866,2567,ลูกจ้างรัฐบาล,หญิง,นราธิวาส,แรงงานในระบบ,คน
50688,9867,2567,ลูกจ้างเอกชน,หญิง,นราธิวาส,แรงงานในระบบ,คน
4534,9868,2567,นายจ้าง,ชาย,นราธิวาส,แรงงานนอกระบบ,คน
55788,9869,2567,ประกอบธุรกิจส่วนตัว,ชาย,นราธิวาส,แรงงานนอกระบบ,คน
11795,9870,2567,ช่วยธุรกิจครัวเรือน,ชาย,นราธิวาส,แรงงานนอกระบบ,คน
1363,9871,2567,ลูกจ้างรัฐบาล,ชาย,นราธิวาส,แรงงานนอกระบบ,คน
16502,9872,2567,ลูกจ้างเอกชน,ชาย,นราธิวาส,แรงงานนอกระบบ,คน
2218,9873,2567,นายจ้าง,หญิง,นราธิวาส,แรงงานนอกระบบ,คน
33143,9874,2567,ประกอบธุรกิจส่วนตัว,หญิง,นราธิวาส,แรงงานนอกระบบ,คน
20206,9875,2567,ช่วยธุรกิจครัวเรือน,หญิง,นราธิวาส,แรงงานนอกระบบ,คน
2479,9876,2567,ลูกจ้างรัฐบาล,หญิง,นราธิวาส,แรงงานนอกระบบ,คน
6643,9877,2567,ลูกจ้างเอกชน,หญิง,นราธิวาส,แรงงานนอกระบบ,คน
