PROVINCE,VALUE,QUARTER,SOURCE,_id,SEX,UNIT,REGION,YEAR
แพร่,123.6,ไตรมาสที่ 1,สำนักงานสถิติแห่งชาติ,1,ชาย,พันคน,ภาคเหนือ,2563
ฉะเชิงเทรา,245.6,ไตรมาสที่ 2,สำนักงานสถิติแห่งชาติ,2,ชาย,พันคน,ภาคกลาง,2563
ขอนแก่น,402.9,ไตรมาสที่ 2,สำนักงานสถิติแห่งชาติ,3,หญิง,พันคน,ภาคตะวันออกเฉียงเหนือ,2563
นครนายก,85.7,ไตรมาสที่ 3,สำนักงานสถิติแห่งชาติ,4,ชาย,พันคน,ภาคกลาง,2563
บึงกาฬ,94.6,ไตรมาสที่ 3,สำนักงานสถิติแห่งชาติ,5,ชาย,พันคน,ภาคตะวันออกเฉียงเหนือ,2563
ประจวบคีรีขันธ์,150.4,ไตรมาสที่ 4,สำนักงานสถิติแห่งชาติ,6,ชาย,พันคน,ภาคกลาง,2563
มุกดาหาร,88.9,ไตรมาสที่ 4,สำนักงานสถิติแห่งชาติ,7,หญิง,พันคน,ภาคตะวันออกเฉียงเหนือ,2563
ราชบุรี,246.4,ไตรมาสที่ 1,สำนักงานสถิติแห่งชาติ,8,ชาย,พันคน,ภาคกลาง,2564
สกลนคร,225.5,ไตรมาสที่ 1,สำนักงานสถิติแห่งชาติ,9,ชาย,พันคน,ภาคตะวันออกเฉียงเหนือ,2564
สมุทรสาคร,375.3,ไตรมาสที่ 2,สำนักงานสถิติแห่งชาติ,10,ชาย,พันคน,ภาคกลาง,2564
หนองบัวลำภู,97.0,ไตรมาสที่ 2,สำนักงานสถิติแห่งชาติ,11,หญิง,พันคน,ภาคตะวันออกเฉียงเหนือ,2564
สุพรรณบุรี,254.3,ไตรมาสที่ 3,สำนักงานสถิติแห่งชาติ,12,ชาย,พันคน,ภาคกลาง,2564
เลย,167.0,ไตรมาสที่ 3,สำนักงานสถิติแห่งชาติ,13,ชาย,พันคน,ภาคตะวันออกเฉียงเหนือ,2564
ตาก,131.2,ไตรมาสที่ 4,สำนักงานสถิติแห่งชาติ,14,ชาย,พันคน,ภาคเหนือ,2564
นครศรีธรรมราช,484.7,ไตรมาสที่ 4,สำนักงานสถิติแห่งชาติ,15,ชาย,พันคน,ภาคใต้,2564
พิจิตร,149.7,ไตรมาสที่ 1,สำนักงานสถิติแห่งชาติ,16,ชาย,พันคน,ภาคเหนือ,2565
พัทลุง,145.4,ไตรมาสที่ 1,สำนักงานสถิติแห่งชาติ,17,ชาย,พันคน,ภาคใต้,2565
สุโขทัย,190.0,ไตรมาสที่ 2,สำนักงานสถิติแห่งชาติ,18,ชาย,พันคน,ภาคเหนือ,2565
สุโขทัย,156.5,ไตรมาสที่ 2,สำนักงานสถิติแห่งชาติ,19,หญิง,พันคน,ภาคเหนือ,2565
อุตรดิตถ์,113.1,ไตรมาสที่ 2,สำนักงานสถิติแห่งชาติ,20,ชาย,พันคน,ภาคเหนือ,2565
อุตรดิตถ์,87.4,ไตรมาสที่ 2,สำนักงานสถิติแห่งชาติ,21,หญิง,พันคน,ภาคเหนือ,2565
อุทัยธานี,80.0,ไตรมาสที่ 2,สำนักงานสถิติแห่งชาติ,22,ชาย,พันคน,ภาคเหนือ,2565
อุทัยธานี,69.7,ไตรมาสที่ 2,สำนักงานสถิติแห่งชาติ,23,หญิง,พันคน,ภาคเหนือ,2565
เชียงราย,332.9,ไตรมาสที่ 2,สำนักงานสถิติแห่งชาติ,24,ชาย,พันคน,ภาคเหนือ,2565
เชียงราย,273.9,ไตรมาสที่ 2,สำนักงานสถิติแห่งชาติ,25,หญิง,พันคน,ภาคเหนือ,2565
เชียงใหม่,514.7,ไตรมาสที่ 2,สำนักงานสถิติแห่งชาติ,26,ชาย,พันคน,ภาคเหนือ,2565
เชียงใหม่,469.6,ไตรมาสที่ 2,สำนักงานสถิติแห่งชาติ,27,หญิง,พันคน,ภาคเหนือ,2565
เพชรบูรณ์,263.8,ไตรมาสที่ 2,สำนักงานสถิติแห่งชาติ,28,ชาย,พันคน,ภาคเหนือ,2565
เพชรบูรณ์,219.5,ไตรมาสที่ 2,สำนักงานสถิติแห่งชาติ,29,หญิง,พันคน,ภาคเหนือ,2565
แพร่,104.6,ไตรมาสที่ 2,สำนักงานสถิติแห่งชาติ,30,ชาย,พันคน,ภาคเหนือ,2565
แพร่,84.5,ไตรมาสที่ 2,สำนักงานสถิติแห่งชาติ,31,หญิง,พันคน,ภาคเหนือ,2565
แม่ฮ่องสอน,71.1,ไตรมาสที่ 2,สำนักงานสถิติแห่งชาติ,32,ชาย,พันคน,ภาคเหนือ,2565
แม่ฮ่องสอน,62.6,ไตรมาสที่ 2,สำนักงานสถิติแห่งชาติ,33,หญิง,พันคน,ภาคเหนือ,2565
กาฬสินธุ์,213.5,ไตรมาสที่ 2,สำนักงานสถิติแห่งชาติ,34,ชาย,พันคน,ภาคตะวันออกเฉียงเหนือ,2565
กาฬสินธุ์,171.8,ไตรมาสที่ 2,สำนักงานสถิติแห่งชาติ,35,หญิง,พันคน,ภาคตะวันออกเฉียงเหนือ,2565
ขอนแก่น,463.3,ไตรมาสที่ 2,สำนักงานสถิติแห่งชาติ,36,ชาย,พันคน,ภาคตะวันออกเฉียงเหนือ,2565
ขอนแก่น,392.2,ไตรมาสที่ 2,สำนักงานสถิติแห่งชาติ,37,หญิง,พันคน,ภาคตะวันออกเฉียงเหนือ,2565
ชัยภูมิ,255.9,ไตรมาสที่ 2,สำนักงานสถิติแห่งชาติ,38,ชาย,พันคน,ภาคตะวันออกเฉียงเหนือ,2565
ชัยภูมิ,214.0,ไตรมาสที่ 2,สำนักงานสถิติแห่งชาติ,39,หญิง,พันคน,ภาคตะวันออกเฉียงเหนือ,2565
นครพนม,151.5,ไตรมาสที่ 2,สำนักงานสถิติแห่งชาติ,40,ชาย,พันคน,ภาคตะวันออกเฉียงเหนือ,2565
นครพนม,120.0,ไตรมาสที่ 2,สำนักงานสถิติแห่งชาติ,41,หญิง,พันคน,ภาคตะวันออกเฉียงเหนือ,2565
นครราชสีมา,672.5,ไตรมาสที่ 2,สำนักงานสถิติแห่งชาติ,42,ชาย,พันคน,ภาคตะวันออกเฉียงเหนือ,2565
นครราชสีมา,536.2,ไตรมาสที่ 2,สำนักงานสถิติแห่งชาติ,43,หญิง,พันคน,ภาคตะวันออกเฉียงเหนือ,2565
บึงกาฬ,99.4,ไตรมาสที่ 2,สำนักงานสถิติแห่งชาติ,44,ชาย,พันคน,ภาคตะวันออกเฉียงเหนือ,2565
บึงกาฬ,92.1,ไตรมาสที่ 2,สำนักงานสถิติแห่งชาติ,45,หญิง,พันคน,ภาคตะวันออกเฉียงเหนือ,2565
บุรีรัมย์,348.4,ไตรมาสที่ 2,สำนักงานสถิติแห่งชาติ,46,ชาย,พันคน,ภาคตะวันออกเฉียงเหนือ,2565
บุรีรัมย์,303.1,ไตรมาสที่ 2,สำนักงานสถิติแห่งชาติ,47,หญิง,พันคน,ภาคตะวันออกเฉียงเหนือ,2565
มหาสารคาม,208.7,ไตรมาสที่ 2,สำนักงานสถิติแห่งชาติ,48,ชาย,พันคน,ภาคตะวันออกเฉียงเหนือ,2565
มหาสารคาม,160.9,ไตรมาสที่ 2,สำนักงานสถิติแห่งชาติ,49,หญิง,พันคน,ภาคตะวันออกเฉียงเหนือ,2565
มุกดาหาร,122.3,ไตรมาสที่ 2,สำนักงานสถิติแห่งชาติ,50,ชาย,พันคน,ภาคตะวันออกเฉียงเหนือ,2565
มุกดาหาร,107.4,ไตรมาสที่ 2,สำนักงานสถิติแห่งชาติ,51,หญิง,พันคน,ภาคตะวันออกเฉียงเหนือ,2565
ยโสธร,134.4,ไตรมาสที่ 2,สำนักงานสถิติแห่งชาติ,52,ชาย,พันคน,ภาคตะวันออกเฉียงเหนือ,2565
ยโสธร,139.0,ไตรมาสที่ 2,สำนักงานสถิติแห่งชาติ,53,หญิง,พันคน,ภาคตะวันออกเฉียงเหนือ,2565
ร้อยเอ็ด,294.7,ไตรมาสที่ 2,สำนักงานสถิติแห่งชาติ,54,ชาย,พันคน,ภาคตะวันออกเฉียงเหนือ,2565
ร้อยเอ็ด,258.2,ไตรมาสที่ 2,สำนักงานสถิติแห่งชาติ,55,หญิง,พันคน,ภาคตะวันออกเฉียงเหนือ,2565
ศรีสะเกษ,296.1,ไตรมาสที่ 2,สำนักงานสถิติแห่งชาติ,56,ชาย,พันคน,ภาคตะวันออกเฉียงเหนือ,2565
ศรีสะเกษ,268.0,ไตรมาสที่ 2,สำนักงานสถิติแห่งชาติ,57,หญิง,พันคน,ภาคตะวันออกเฉียงเหนือ,2565
สกลนคร,234.0,ไตรมาสที่ 2,สำนักงานสถิติแห่งชาติ,58,ชาย,พันคน,ภาคตะวันออกเฉียงเหนือ,2565
สกลนคร,171.2,ไตรมาสที่ 2,สำนักงานสถิติแห่งชาติ,59,หญิง,พันคน,ภาคตะวันออกเฉียงเหนือ,2565
สุรินทร์,271.9,ไตรมาสที่ 2,สำนักงานสถิติแห่งชาติ,60,ชาย,พันคน,ภาคตะวันออกเฉียงเหนือ,2565
สุรินทร์,221.1,ไตรมาสที่ 2,สำนักงานสถิติแห่งชาติ,61,หญิง,พันคน,ภาคตะวันออกเฉียงเหนือ,2565
หนองคาย,115.6,ไตรมาสที่ 2,สำนักงานสถิติแห่งชาติ,62,ชาย,พันคน,ภาคตะวันออกเฉียงเหนือ,2565
หนองคาย,101.2,ไตรมาสที่ 2,สำนักงานสถิติแห่งชาติ,63,หญิง,พันคน,ภาคตะวันออกเฉียงเหนือ,2565
หนองบัวลำภู,126.3,ไตรมาสที่ 2,สำนักงานสถิติแห่งชาติ,64,ชาย,พันคน,ภาคตะวันออกเฉียงเหนือ,2565
หนองบัวลำภู,96.2,ไตรมาสที่ 2,สำนักงานสถิติแห่งชาติ,65,หญิง,พันคน,ภาคตะวันออกเฉียงเหนือ,2565
อำนาจเจริญ,69.0,ไตรมาสที่ 2,สำนักงานสถิติแห่งชาติ,66,ชาย,พันคน,ภาคตะวันออกเฉียงเหนือ,2565
อำนาจเจริญ,57.6,ไตรมาสที่ 2,สำนักงานสถิติแห่งชาติ,67,หญิง,พันคน,ภาคตะวันออกเฉียงเหนือ,2565
อุดรธานี,327.9,ไตรมาสที่ 2,สำนักงานสถิติแห่งชาติ,68,ชาย,พันคน,ภาคตะวันออกเฉียงเหนือ,2565
อุดรธานี,278.3,ไตรมาสที่ 2,สำนักงานสถิติแห่งชาติ,69,หญิง,พันคน,ภาคตะวันออกเฉียงเหนือ,2565
อุบลราชธานี,485.4,ไตรมาสที่ 2,สำนักงานสถิติแห่งชาติ,70,ชาย,พันคน,ภาคตะวันออกเฉียงเหนือ,2565
อุบลราชธานี,369.7,ไตรมาสที่ 2,สำนักงานสถิติแห่งชาติ,71,หญิง,พันคน,ภาคตะวันออกเฉียงเหนือ,2565
เลย,162.0,ไตรมาสที่ 2,สำนักงานสถิติแห่งชาติ,72,ชาย,พันคน,ภาคตะวันออกเฉียงเหนือ,2565
เลย,149.2,ไตรมาสที่ 2,สำนักงานสถิติแห่งชาติ,73,หญิง,พันคน,ภาคตะวันออกเฉียงเหนือ,2565
กระบี่,135.8,ไตรมาสที่ 2,สำนักงานสถิติแห่งชาติ,74,ชาย,พันคน,ภาคใต้,2565
กระบี่,106.1,ไตรมาสที่ 2,สำนักงานสถิติแห่งชาติ,75,หญิง,พันคน,ภาคใต้,2565
ชุมพร,156.7,ไตรมาสที่ 2,สำนักงานสถิติแห่งชาติ,76,ชาย,พันคน,ภาคใต้,2565
พัทลุง,129.2,ไตรมาสที่ 1,สำนักงานสถิติแห่งชาติ,77,หญิง,พันคน,ภาคใต้,2565
ภูเก็ต,166.1,ไตรมาสที่ 1,สำนักงานสถิติแห่งชาติ,78,ชาย,พันคน,ภาคใต้,2565
ภูเก็ต,138.3,ไตรมาสที่ 1,สำนักงานสถิติแห่งชาติ,79,หญิง,พันคน,ภาคใต้,2565
ยะลา,143.4,ไตรมาสที่ 1,สำนักงานสถิติแห่งชาติ,80,ชาย,พันคน,ภาคใต้,2565
ยะลา,112.9,ไตรมาสที่ 1,สำนักงานสถิติแห่งชาติ,81,หญิง,พันคน,ภาคใต้,2565
ระนอง,88.9,ไตรมาสที่ 1,สำนักงานสถิติแห่งชาติ,82,ชาย,พันคน,ภาคใต้,2565
ระนอง,60.3,ไตรมาสที่ 1,สำนักงานสถิติแห่งชาติ,83,หญิง,พันคน,ภาคใต้,2565
สงขลา,483.7,ไตรมาสที่ 1,สำนักงานสถิติแห่งชาติ,84,ชาย,พันคน,ภาคใต้,2565
สงขลา,438.6,ไตรมาสที่ 1,สำนักงานสถิติแห่งชาติ,85,หญิง,พันคน,ภาคใต้,2565
สตูล,89.6,ไตรมาสที่ 1,สำนักงานสถิติแห่งชาติ,86,ชาย,พันคน,ภาคใต้,2565
สตูล,70.7,ไตรมาสที่ 1,สำนักงานสถิติแห่งชาติ,87,หญิง,พันคน,ภาคใต้,2565
สุราษฎร์ธานี,357.4,ไตรมาสที่ 1,สำนักงานสถิติแห่งชาติ,88,ชาย,พันคน,ภาคใต้,2565
สุราษฎร์ธานี,285.4,ไตรมาสที่ 1,สำนักงานสถิติแห่งชาติ,89,หญิง,พันคน,ภาคใต้,2565
กรุงเทพมหานคร,2890.4,ไตรมาสที่ 2,สำนักงานสถิติแห่งชาติ,90,ชาย,พันคน,กรุงเทพมหานคร,2565
กรุงเทพมหานคร,2735.0,ไตรมาสที่ 2,สำนักงานสถิติแห่งชาติ,91,หญิง,พันคน,กรุงเทพมหานคร,2565
กาญจนบุรี,263.0,ไตรมาสที่ 2,สำนักงานสถิติแห่งชาติ,92,ชาย,พันคน,ภาคกลาง,2565
กาญจนบุรี,219.6,ไตรมาสที่ 2,สำนักงานสถิติแห่งชาติ,93,หญิง,พันคน,ภาคกลาง,2565
จันทบุรี,198.1,ไตรมาสที่ 2,สำนักงานสถิติแห่งชาติ,94,ชาย,พันคน,ภาคกลาง,2565
จันทบุรี,177.9,ไตรมาสที่ 2,สำนักงานสถิติแห่งชาติ,95,หญิง,พันคน,ภาคกลาง,2565
ฉะเชิงเทรา,282.9,ไตรมาสที่ 2,สำนักงานสถิติแห่งชาติ,96,ชาย,พันคน,ภาคกลาง,2565
ฉะเชิงเทรา,230.4,ไตรมาสที่ 2,สำนักงานสถิติแห่งชาติ,97,หญิง,พันคน,ภาคกลาง,2565
ชลบุรี,577.5,ไตรมาสที่ 2,สำนักงานสถิติแห่งชาติ,98,ชาย,พันคน,ภาคกลาง,2565
ชลบุรี,511.1,ไตรมาสที่ 2,สำนักงานสถิติแห่งชาติ,99,หญิง,พันคน,ภาคกลาง,2565
ชัยนาท,89.5,ไตรมาสที่ 2,สำนักงานสถิติแห่งชาติ,100,ชาย,พันคน,ภาคกลาง,2565
ชัยนาท,75.8,ไตรมาสที่ 2,สำนักงานสถิติแห่งชาติ,101,หญิง,พันคน,ภาคกลาง,2565
ตราด,92.9,ไตรมาสที่ 2,สำนักงานสถิติแห่งชาติ,102,ชาย,พันคน,ภาคกลาง,2565
ตราด,77.5,ไตรมาสที่ 2,สำนักงานสถิติแห่งชาติ,103,หญิง,พันคน,ภาคกลาง,2565
นครนายก,78.5,ไตรมาสที่ 2,สำนักงานสถิติแห่งชาติ,104,ชาย,พันคน,ภาคกลาง,2565
นครนายก,72.4,ไตรมาสที่ 2,สำนักงานสถิติแห่งชาติ,105,หญิง,พันคน,ภาคกลาง,2565
นครปฐม,421.8,ไตรมาสที่ 2,สำนักงานสถิติแห่งชาติ,106,ชาย,พันคน,ภาคกลาง,2565
นครปฐม,396.9,ไตรมาสที่ 2,สำนักงานสถิติแห่งชาติ,107,หญิง,พันคน,ภาคกลาง,2565
นนทบุรี,595.5,ไตรมาสที่ 2,สำนักงานสถิติแห่งชาติ,108,ชาย,พันคน,ภาคกลาง,2565
นนทบุรี,543.2,ไตรมาสที่ 2,สำนักงานสถิติแห่งชาติ,109,หญิง,พันคน,ภาคกลาง,2565
ปทุมธานี,574.3,ไตรมาสที่ 2,สำนักงานสถิติแห่งชาติ,110,ชาย,พันคน,ภาคกลาง,2565
ปทุมธานี,522.9,ไตรมาสที่ 2,สำนักงานสถิติแห่งชาติ,111,หญิง,พันคน,ภาคกลาง,2565
ประจวบคีรีขันธ์,148.5,ไตรมาสที่ 2,สำนักงานสถิติแห่งชาติ,112,ชาย,พันคน,ภาคกลาง,2565
ประจวบคีรีขันธ์,126.4,ไตรมาสที่ 2,สำนักงานสถิติแห่งชาติ,113,หญิง,พันคน,ภาคกลาง,2565
ปราจีนบุรี,206.3,ไตรมาสที่ 2,สำนักงานสถิติแห่งชาติ,114,ชาย,พันคน,ภาคกลาง,2565
ปราจีนบุรี,189.3,ไตรมาสที่ 2,สำนักงานสถิติแห่งชาติ,115,หญิง,พันคน,ภาคกลาง,2565
พระนครศรีอยุธยา,284.3,ไตรมาสที่ 2,สำนักงานสถิติแห่งชาติ,116,ชาย,พันคน,ภาคกลาง,2565
พระนครศรีอยุธยา,242.9,ไตรมาสที่ 2,สำนักงานสถิติแห่งชาติ,117,หญิง,พันคน,ภาคกลาง,2565
ระยอง,359.8,ไตรมาสที่ 2,สำนักงานสถิติแห่งชาติ,118,ชาย,พันคน,ภาคกลาง,2565
ระยอง,301.2,ไตรมาสที่ 2,สำนักงานสถิติแห่งชาติ,119,หญิง,พันคน,ภาคกลาง,2565
ราชบุรี,254.6,ไตรมาสที่ 2,สำนักงานสถิติแห่งชาติ,120,ชาย,พันคน,ภาคกลาง,2565
ราชบุรี,209.9,ไตรมาสที่ 2,สำนักงานสถิติแห่งชาติ,121,หญิง,พันคน,ภาคกลาง,2565
ลพบุรี,243.1,ไตรมาสที่ 2,สำนักงานสถิติแห่งชาติ,122,ชาย,พันคน,ภาคกลาง,2565
ลพบุรี,211.2,ไตรมาสที่ 2,สำนักงานสถิติแห่งชาติ,123,หญิง,พันคน,ภาคกลาง,2565
สมุทรปราการ,769.4,ไตรมาสที่ 2,สำนักงานสถิติแห่งชาติ,124,ชาย,พันคน,ภาคกลาง,2565
สมุทรปราการ,642.2,ไตรมาสที่ 2,สำนักงานสถิติแห่งชาติ,125,หญิง,พันคน,ภาคกลาง,2565
สมุทรสงคราม,55.3,ไตรมาสที่ 2,สำนักงานสถิติแห่งชาติ,126,ชาย,พันคน,ภาคกลาง,2565
สมุทรสงคราม,45.7,ไตรมาสที่ 2,สำนักงานสถิติแห่งชาติ,127,หญิง,พันคน,ภาคกลาง,2565
สมุทรสาคร,385.2,ไตรมาสที่ 2,สำนักงานสถิติแห่งชาติ,128,ชาย,พันคน,ภาคกลาง,2565
สมุทรสาคร,369.0,ไตรมาสที่ 2,สำนักงานสถิติแห่งชาติ,129,หญิง,พันคน,ภาคกลาง,2565
สระบุรี,234.7,ไตรมาสที่ 2,สำนักงานสถิติแห่งชาติ,130,ชาย,พันคน,ภาคกลาง,2565
สระบุรี,192.5,ไตรมาสที่ 2,สำนักงานสถิติแห่งชาติ,131,หญิง,พันคน,ภาคกลาง,2565
สระแก้ว,190.1,ไตรมาสที่ 2,สำนักงานสถิติแห่งชาติ,132,ชาย,พันคน,ภาคกลาง,2565
สระแก้ว,158.3,ไตรมาสที่ 2,สำนักงานสถิติแห่งชาติ,133,หญิง,พันคน,ภาคกลาง,2565
สิงห์บุรี,55.1,ไตรมาสที่ 2,สำนักงานสถิติแห่งชาติ,134,ชาย,พันคน,ภาคกลาง,2565
สิงห์บุรี,47.0,ไตรมาสที่ 2,สำนักงานสถิติแห่งชาติ,135,หญิง,พันคน,ภาคกลาง,2565
สุพรรณบุรี,260.4,ไตรมาสที่ 2,สำนักงานสถิติแห่งชาติ,136,ชาย,พันคน,ภาคกลาง,2565
สุพรรณบุรี,208.7,ไตรมาสที่ 2,สำนักงานสถิติแห่งชาติ,137,หญิง,พันคน,ภาคกลาง,2565
อ่างทอง,72.6,ไตรมาสที่ 2,สำนักงานสถิติแห่งชาติ,138,ชาย,พันคน,ภาคกลาง,2565
อ่างทอง,59.0,ไตรมาสที่ 2,สำนักงานสถิติแห่งชาติ,139,หญิง,พันคน,ภาคกลาง,2565
เพชรบุรี,147.4,ไตรมาสที่ 2,สำนักงานสถิติแห่งชาติ,140,ชาย,พันคน,ภาคกลาง,2565
เพชรบุรี,140.2,ไตรมาสที่ 2,สำนักงานสถิติแห่งชาติ,141,หญิง,พันคน,ภาคกลาง,2565
กำแพงเพชร,233.9,ไตรมาสที่ 2,สำนักงานสถิติแห่งชาติ,142,ชาย,พันคน,ภาคเหนือ,2565
กำแพงเพชร,196.6,ไตรมาสที่ 2,สำนักงานสถิติแห่งชาติ,143,หญิง,พันคน,ภาคเหนือ,2565
ตาก,154.8,ไตรมาสที่ 2,สำนักงานสถิติแห่งชาติ,144,ชาย,พันคน,ภาคเหนือ,2565
ตาก,126.6,ไตรมาสที่ 2,สำนักงานสถิติแห่งชาติ,145,หญิง,พันคน,ภาคเหนือ,2565
นครสวรรค์,272.2,ไตรมาสที่ 2,สำนักงานสถิติแห่งชาติ,146,ชาย,พันคน,ภาคเหนือ,2565
นครสวรรค์,242.4,ไตรมาสที่ 2,สำนักงานสถิติแห่งชาติ,147,หญิง,พันคน,ภาคเหนือ,2565
น่าน,130.7,ไตรมาสที่ 2,สำนักงานสถิติแห่งชาติ,148,ชาย,พันคน,ภาคเหนือ,2565
น่าน,109.5,ไตรมาสที่ 2,สำนักงานสถิติแห่งชาติ,149,หญิง,พันคน,ภาคเหนือ,2565
พะเยา,101.2,ไตรมาสที่ 2,สำนักงานสถิติแห่งชาติ,150,ชาย,พันคน,ภาคเหนือ,2565
พะเยา,72.9,ไตรมาสที่ 2,สำนักงานสถิติแห่งชาติ,151,หญิง,พันคน,ภาคเหนือ,2565
พิจิตร,144.6,ไตรมาสที่ 2,สำนักงานสถิติแห่งชาติ,152,ชาย,พันคน,ภาคเหนือ,2565
พิจิตร,132.7,ไตรมาสที่ 2,สำนักงานสถิติแห่งชาติ,153,หญิง,พันคน,ภาคเหนือ,2565
พิษณุโลก,257.8,ไตรมาสที่ 2,สำนักงานสถิติแห่งชาติ,154,ชาย,พันคน,ภาคเหนือ,2565
พิษณุโลก,224.8,ไตรมาสที่ 2,สำนักงานสถิติแห่งชาติ,155,หญิง,พันคน,ภาคเหนือ,2565
ลำปาง,196.0,ไตรมาสที่ 2,สำนักงานสถิติแห่งชาติ,156,ชาย,พันคน,ภาคเหนือ,2565
ลำปาง,162.3,ไตรมาสที่ 2,สำนักงานสถิติแห่งชาติ,157,หญิง,พันคน,ภาคเหนือ,2565
ลำพูน,116.9,ไตรมาสที่ 2,สำนักงานสถิติแห่งชาติ,158,ชาย,พันคน,ภาคเหนือ,2565
ลำพูน,107.7,ไตรมาสที่ 2,สำนักงานสถิติแห่งชาติ,159,หญิง,พันคน,ภาคเหนือ,2565
ชุมพร,118.6,ไตรมาสที่ 2,สำนักงานสถิติแห่งชาติ,160,หญิง,พันคน,ภาคใต้,2565
ภูเก็ต,174.2,ไตรมาสที่ 4,สำนักงานสถิติแห่งชาติ,161,ชาย,พันคน,ภาคใต้,2565
ภูเก็ต,147.1,ไตรมาสที่ 4,สำนักงานสถิติแห่งชาติ,162,หญิง,พันคน,ภาคใต้,2565
ยะลา,146.1,ไตรมาสที่ 4,สำนักงานสถิติแห่งชาติ,163,ชาย,พันคน,ภาคใต้,2565
ยะลา,119.1,ไตรมาสที่ 4,สำนักงานสถิติแห่งชาติ,164,หญิง,พันคน,ภาคใต้,2565
ระนอง,92.4,ไตรมาสที่ 4,สำนักงานสถิติแห่งชาติ,165,ชาย,พันคน,ภาคใต้,2565
ระนอง,61.6,ไตรมาสที่ 4,สำนักงานสถิติแห่งชาติ,166,หญิง,พันคน,ภาคใต้,2565
สงขลา,479.0,ไตรมาสที่ 4,สำนักงานสถิติแห่งชาติ,167,ชาย,พันคน,ภาคใต้,2565
สงขลา,430.7,ไตรมาสที่ 4,สำนักงานสถิติแห่งชาติ,168,หญิง,พันคน,ภาคใต้,2565
สตูล,92.3,ไตรมาสที่ 4,สำนักงานสถิติแห่งชาติ,169,ชาย,พันคน,ภาคใต้,2565
สตูล,67.5,ไตรมาสที่ 4,สำนักงานสถิติแห่งชาติ,170,หญิง,พันคน,ภาคใต้,2565
สุราษฎร์ธานี,361.1,ไตรมาสที่ 4,สำนักงานสถิติแห่งชาติ,171,ชาย,พันคน,ภาคใต้,2565
สุราษฎร์ธานี,302.2,ไตรมาสที่ 4,สำนักงานสถิติแห่งชาติ,172,หญิง,พันคน,ภาคใต้,2565
กรุงเทพมหานคร,2966.0,ไตรมาสที่ 1,สำนักงานสถิติแห่งชาติ,173,ชาย,พันคน,กรุงเทพมหานคร,2566
กรุงเทพมหานคร,2789.8,ไตรมาสที่ 1,สำนักงานสถิติแห่งชาติ,174,หญิง,พันคน,กรุงเทพมหานคร,2566
สมุทรปราการ,792.8,ไตรมาสที่ 1,สำนักงานสถิติแห่งชาติ,175,ชาย,พันคน,ภาคกลาง,2566
สมุทรปราการ,686.1,ไตรมาสที่ 1,สำนักงานสถิติแห่งชาติ,176,หญิง,พันคน,ภาคกลาง,2566
นนทบุรี,605.1,ไตรมาสที่ 1,สำนักงานสถิติแห่งชาติ,177,ชาย,พันคน,ภาคกลาง,2566
นนทบุรี,539.9,ไตรมาสที่ 1,สำนักงานสถิติแห่งชาติ,178,หญิง,พันคน,ภาคกลาง,2566
ปทุมธานี,598.4,ไตรมาสที่ 1,สำนักงานสถิติแห่งชาติ,179,ชาย,พันคน,ภาคกลาง,2566
ปทุมธานี,559.1,ไตรมาสที่ 1,สำนักงานสถิติแห่งชาติ,180,หญิง,พันคน,ภาคกลาง,2566
พระนครศรีอยุธยา,282.8,ไตรมาสที่ 1,สำนักงานสถิติแห่งชาติ,181,ชาย,พันคน,ภาคกลาง,2566
พระนครศรีอยุธยา,250.6,ไตรมาสที่ 1,สำนักงานสถิติแห่งชาติ,182,หญิง,พันคน,ภาคกลาง,2566
อ่างทอง,68.5,ไตรมาสที่ 1,สำนักงานสถิติแห่งชาติ,183,ชาย,พันคน,ภาคกลาง,2566
อ่างทอง,58.8,ไตรมาสที่ 1,สำนักงานสถิติแห่งชาติ,184,หญิง,พันคน,ภาคกลาง,2566
ลพบุรี,233.2,ไตรมาสที่ 1,สำนักงานสถิติแห่งชาติ,185,ชาย,พันคน,ภาคกลาง,2566
ลพบุรี,189.7,ไตรมาสที่ 1,สำนักงานสถิติแห่งชาติ,186,หญิง,พันคน,ภาคกลาง,2566
สิงห์บุรี,54.4,ไตรมาสที่ 1,สำนักงานสถิติแห่งชาติ,187,ชาย,พันคน,ภาคกลาง,2566
สิงห์บุรี,51.1,ไตรมาสที่ 1,สำนักงานสถิติแห่งชาติ,188,หญิง,พันคน,ภาคกลาง,2566
ชัยนาท,86.1,ไตรมาสที่ 1,สำนักงานสถิติแห่งชาติ,189,ชาย,พันคน,ภาคกลาง,2566
ชัยนาท,75.2,ไตรมาสที่ 1,สำนักงานสถิติแห่งชาติ,190,หญิง,พันคน,ภาคกลาง,2566
สระบุรี,231.3,ไตรมาสที่ 1,สำนักงานสถิติแห่งชาติ,191,ชาย,พันคน,ภาคกลาง,2566
สระบุรี,186.7,ไตรมาสที่ 1,สำนักงานสถิติแห่งชาติ,192,หญิง,พันคน,ภาคกลาง,2566
ชลบุรี,614.8,ไตรมาสที่ 1,สำนักงานสถิติแห่งชาติ,193,ชาย,พันคน,ภาคกลาง,2566
ชลบุรี,531.2,ไตรมาสที่ 1,สำนักงานสถิติแห่งชาติ,194,หญิง,พันคน,ภาคกลาง,2566
ระยอง,367.3,ไตรมาสที่ 1,สำนักงานสถิติแห่งชาติ,195,ชาย,พันคน,ภาคกลาง,2566
ระยอง,332.2,ไตรมาสที่ 1,สำนักงานสถิติแห่งชาติ,196,หญิง,พันคน,ภาคกลาง,2566
จันทบุรี,193.8,ไตรมาสที่ 1,สำนักงานสถิติแห่งชาติ,197,ชาย,พันคน,ภาคกลาง,2566
จันทบุรี,168.8,ไตรมาสที่ 1,สำนักงานสถิติแห่งชาติ,198,หญิง,พันคน,ภาคกลาง,2566
ตราด,93.5,ไตรมาสที่ 1,สำนักงานสถิติแห่งชาติ,199,ชาย,พันคน,ภาคกลาง,2566
ตราด,79.9,ไตรมาสที่ 1,สำนักงานสถิติแห่งชาติ,200,หญิง,พันคน,ภาคกลาง,2566
ฉะเชิงเทรา,299.8,ไตรมาสที่ 1,สำนักงานสถิติแห่งชาติ,201,ชาย,พันคน,ภาคกลาง,2566
ฉะเชิงเทรา,252.1,ไตรมาสที่ 1,สำนักงานสถิติแห่งชาติ,202,หญิง,พันคน,ภาคกลาง,2566
ปราจีนบุรี,198.0,ไตรมาสที่ 1,สำนักงานสถิติแห่งชาติ,203,ชาย,พันคน,ภาคกลาง,2566
ปราจีนบุรี,187.6,ไตรมาสที่ 1,สำนักงานสถิติแห่งชาติ,204,หญิง,พันคน,ภาคกลาง,2566
นครนายก,81.9,ไตรมาสที่ 1,สำนักงานสถิติแห่งชาติ,205,ชาย,พันคน,ภาคกลาง,2566
นครนายก,72.7,ไตรมาสที่ 1,สำนักงานสถิติแห่งชาติ,206,หญิง,พันคน,ภาคกลาง,2566
สระแก้ว,198.1,ไตรมาสที่ 1,สำนักงานสถิติแห่งชาติ,207,ชาย,พันคน,ภาคกลาง,2566
สระแก้ว,168.0,ไตรมาสที่ 1,สำนักงานสถิติแห่งชาติ,208,หญิง,พันคน,ภาคกลาง,2566
ราชบุรี,256.5,ไตรมาสที่ 1,สำนักงานสถิติแห่งชาติ,209,ชาย,พันคน,ภาคกลาง,2566
ราชบุรี,219.4,ไตรมาสที่ 1,สำนักงานสถิติแห่งชาติ,210,หญิง,พันคน,ภาคกลาง,2566
กาญจนบุรี,266.7,ไตรมาสที่ 1,สำนักงานสถิติแห่งชาติ,211,ชาย,พันคน,ภาคกลาง,2566
กาญจนบุรี,225.1,ไตรมาสที่ 1,สำนักงานสถิติแห่งชาติ,212,หญิง,พันคน,ภาคกลาง,2566
สุพรรณบุรี,267.9,ไตรมาสที่ 1,สำนักงานสถิติแห่งชาติ,213,ชาย,พันคน,ภาคกลาง,2566
สุพรรณบุรี,220.1,ไตรมาสที่ 1,สำนักงานสถิติแห่งชาติ,214,หญิง,พันคน,ภาคกลาง,2566
นครปฐม,435.9,ไตรมาสที่ 1,สำนักงานสถิติแห่งชาติ,215,ชาย,พันคน,ภาคกลาง,2566
นครปฐม,410.4,ไตรมาสที่ 1,สำนักงานสถิติแห่งชาติ,216,หญิง,พันคน,ภาคกลาง,2566
สมุทรสาคร,397.8,ไตรมาสที่ 1,สำนักงานสถิติแห่งชาติ,217,ชาย,พันคน,ภาคกลาง,2566
สมุทรสาคร,378.9,ไตรมาสที่ 1,สำนักงานสถิติแห่งชาติ,218,หญิง,พันคน,ภาคกลาง,2566
สมุทรสงคราม,55.9,ไตรมาสที่ 1,สำนักงานสถิติแห่งชาติ,219,ชาย,พันคน,ภาคกลาง,2566
สมุทรสงคราม,45.8,ไตรมาสที่ 1,สำนักงานสถิติแห่งชาติ,220,หญิง,พันคน,ภาคกลาง,2566
เพชรบุรี,155.2,ไตรมาสที่ 1,สำนักงานสถิติแห่งชาติ,221,ชาย,พันคน,ภาคกลาง,2566
เพชรบุรี,131.8,ไตรมาสที่ 1,สำนักงานสถิติแห่งชาติ,222,หญิง,พันคน,ภาคกลาง,2566
ประจวบคีรีขันธ์,149.5,ไตรมาสที่ 1,สำนักงานสถิติแห่งชาติ,223,ชาย,พันคน,ภาคกลาง,2566
ประจวบคีรีขันธ์,127.2,ไตรมาสที่ 1,สำนักงานสถิติแห่งชาติ,224,หญิง,พันคน,ภาคกลาง,2566
เชียงใหม่,557.9,ไตรมาสที่ 1,สำนักงานสถิติแห่งชาติ,225,ชาย,พันคน,ภาคเหนือ,2566
เชียงใหม่,498.1,ไตรมาสที่ 1,สำนักงานสถิติแห่งชาติ,226,หญิง,พันคน,ภาคเหนือ,2566
ลำพูน,119.1,ไตรมาสที่ 1,สำนักงานสถิติแห่งชาติ,227,ชาย,พันคน,ภาคเหนือ,2566
ลำพูน,110.2,ไตรมาสที่ 1,สำนักงานสถิติแห่งชาติ,228,หญิง,พันคน,ภาคเหนือ,2566
ลำปาง,191.0,ไตรมาสที่ 1,สำนักงานสถิติแห่งชาติ,229,ชาย,พันคน,ภาคเหนือ,2566
ลำปาง,159.4,ไตรมาสที่ 1,สำนักงานสถิติแห่งชาติ,230,หญิง,พันคน,ภาคเหนือ,2566
อุตรดิตถ์,113.6,ไตรมาสที่ 1,สำนักงานสถิติแห่งชาติ,231,ชาย,พันคน,ภาคเหนือ,2566
อุตรดิตถ์,91.1,ไตรมาสที่ 1,สำนักงานสถิติแห่งชาติ,232,หญิง,พันคน,ภาคเหนือ,2566
แพร่,101.4,ไตรมาสที่ 1,สำนักงานสถิติแห่งชาติ,233,ชาย,พันคน,ภาคเหนือ,2566
แพร่,88.8,ไตรมาสที่ 1,สำนักงานสถิติแห่งชาติ,234,หญิง,พันคน,ภาคเหนือ,2566
น่าน,129.0,ไตรมาสที่ 1,สำนักงานสถิติแห่งชาติ,235,ชาย,พันคน,ภาคเหนือ,2566
น่าน,112.4,ไตรมาสที่ 1,สำนักงานสถิติแห่งชาติ,236,หญิง,พันคน,ภาคเหนือ,2566
พะเยา,98.5,ไตรมาสที่ 1,สำนักงานสถิติแห่งชาติ,237,ชาย,พันคน,ภาคเหนือ,2566
พะเยา,79.5,ไตรมาสที่ 1,สำนักงานสถิติแห่งชาติ,238,หญิง,พันคน,ภาคเหนือ,2566
เชียงราย,351.3,ไตรมาสที่ 1,สำนักงานสถิติแห่งชาติ,239,ชาย,พันคน,ภาคเหนือ,2566
เชียงราย,289.7,ไตรมาสที่ 1,สำนักงานสถิติแห่งชาติ,240,หญิง,พันคน,ภาคเหนือ,2566
แม่ฮ่องสอน,74.9,ไตรมาสที่ 1,สำนักงานสถิติแห่งชาติ,241,ชาย,พันคน,ภาคเหนือ,2566
แม่ฮ่องสอน,65.5,ไตรมาสที่ 1,สำนักงานสถิติแห่งชาติ,242,หญิง,พันคน,ภาคเหนือ,2566
นครสวรรค์,265.3,ไตรมาสที่ 1,สำนักงานสถิติแห่งชาติ,243,ชาย,พันคน,ภาคเหนือ,2566
นครสวรรค์,242.7,ไตรมาสที่ 1,สำนักงานสถิติแห่งชาติ,244,หญิง,พันคน,ภาคเหนือ,2566
อุทัยธานี,82.8,ไตรมาสที่ 1,สำนักงานสถิติแห่งชาติ,245,ชาย,พันคน,ภาคเหนือ,2566
อุทัยธานี,70.0,ไตรมาสที่ 1,สำนักงานสถิติแห่งชาติ,246,หญิง,พันคน,ภาคเหนือ,2566
กำแพงเพชร,230.7,ไตรมาสที่ 1,สำนักงานสถิติแห่งชาติ,247,ชาย,พันคน,ภาคเหนือ,2566
กำแพงเพชร,206.0,ไตรมาสที่ 1,สำนักงานสถิติแห่งชาติ,248,หญิง,พันคน,ภาคเหนือ,2566
ตาก,161.7,ไตรมาสที่ 1,สำนักงานสถิติแห่งชาติ,249,ชาย,พันคน,ภาคเหนือ,2566
ตาก,123.5,ไตรมาสที่ 1,สำนักงานสถิติแห่งชาติ,250,หญิง,พันคน,ภาคเหนือ,2566
สุโขทัย,181.2,ไตรมาสที่ 1,สำนักงานสถิติแห่งชาติ,251,ชาย,พันคน,ภาคเหนือ,2566
สุโขทัย,167.6,ไตรมาสที่ 1,สำนักงานสถิติแห่งชาติ,252,หญิง,พันคน,ภาคเหนือ,2566
พิษณุโลก,269.2,ไตรมาสที่ 1,สำนักงานสถิติแห่งชาติ,253,ชาย,พันคน,ภาคเหนือ,2566
พิษณุโลก,235.2,ไตรมาสที่ 1,สำนักงานสถิติแห่งชาติ,254,หญิง,พันคน,ภาคเหนือ,2566
พิจิตร,149.2,ไตรมาสที่ 1,สำนักงานสถิติแห่งชาติ,255,ชาย,พันคน,ภาคเหนือ,2566
พิจิตร,132.4,ไตรมาสที่ 1,สำนักงานสถิติแห่งชาติ,256,หญิง,พันคน,ภาคเหนือ,2566
เพชรบูรณ์,258.8,ไตรมาสที่ 1,สำนักงานสถิติแห่งชาติ,257,ชาย,พันคน,ภาคเหนือ,2566
เพชรบูรณ์,235.1,ไตรมาสที่ 1,สำนักงานสถิติแห่งชาติ,258,หญิง,พันคน,ภาคเหนือ,2566
นครราชสีมา,649.4,ไตรมาสที่ 1,สำนักงานสถิติแห่งชาติ,259,ชาย,พันคน,ภาคตะวันออกเฉียงเหนือ,2566
นครราชสีมา,533.2,ไตรมาสที่ 1,สำนักงานสถิติแห่งชาติ,260,หญิง,พันคน,ภาคตะวันออกเฉียงเหนือ,2566
บุรีรัมย์,345.6,ไตรมาสที่ 1,สำนักงานสถิติแห่งชาติ,261,ชาย,พันคน,ภาคตะวันออกเฉียงเหนือ,2566
บุรีรัมย์,294.7,ไตรมาสที่ 1,สำนักงานสถิติแห่งชาติ,262,หญิง,พันคน,ภาคตะวันออกเฉียงเหนือ,2566
สุรินทร์,237.1,ไตรมาสที่ 1,สำนักงานสถิติแห่งชาติ,263,ชาย,พันคน,ภาคตะวันออกเฉียงเหนือ,2566
สุรินทร์,213.2,ไตรมาสที่ 1,สำนักงานสถิติแห่งชาติ,264,หญิง,พันคน,ภาคตะวันออกเฉียงเหนือ,2566
ศรีสะเกษ,280.2,ไตรมาสที่ 1,สำนักงานสถิติแห่งชาติ,265,ชาย,พันคน,ภาคตะวันออกเฉียงเหนือ,2566
ศรีสะเกษ,245.0,ไตรมาสที่ 1,สำนักงานสถิติแห่งชาติ,266,หญิง,พันคน,ภาคตะวันออกเฉียงเหนือ,2566
อุบลราชธานี,479.4,ไตรมาสที่ 1,สำนักงานสถิติแห่งชาติ,267,ชาย,พันคน,ภาคตะวันออกเฉียงเหนือ,2566
อุบลราชธานี,368.1,ไตรมาสที่ 1,สำนักงานสถิติแห่งชาติ,268,หญิง,พันคน,ภาคตะวันออกเฉียงเหนือ,2566
ยโสธร,132.0,ไตรมาสที่ 1,สำนักงานสถิติแห่งชาติ,269,ชาย,พันคน,ภาคตะวันออกเฉียงเหนือ,2566
ยโสธร,126.9,ไตรมาสที่ 1,สำนักงานสถิติแห่งชาติ,270,หญิง,พันคน,ภาคตะวันออกเฉียงเหนือ,2566
ชัยภูมิ,245.9,ไตรมาสที่ 1,สำนักงานสถิติแห่งชาติ,271,ชาย,พันคน,ภาคตะวันออกเฉียงเหนือ,2566
ชัยภูมิ,207.2,ไตรมาสที่ 1,สำนักงานสถิติแห่งชาติ,272,หญิง,พันคน,ภาคตะวันออกเฉียงเหนือ,2566
อำนาจเจริญ,74.7,ไตรมาสที่ 1,สำนักงานสถิติแห่งชาติ,273,ชาย,พันคน,ภาคตะวันออกเฉียงเหนือ,2566
อำนาจเจริญ,59.2,ไตรมาสที่ 1,สำนักงานสถิติแห่งชาติ,274,หญิง,พันคน,ภาคตะวันออกเฉียงเหนือ,2566
บึงกาฬ,100.1,ไตรมาสที่ 1,สำนักงานสถิติแห่งชาติ,275,ชาย,พันคน,ภาคตะวันออกเฉียงเหนือ,2566
บึงกาฬ,89.5,ไตรมาสที่ 1,สำนักงานสถิติแห่งชาติ,276,หญิง,พันคน,ภาคตะวันออกเฉียงเหนือ,2566
หนองบัวลำภู,133.5,ไตรมาสที่ 1,สำนักงานสถิติแห่งชาติ,277,ชาย,พันคน,ภาคตะวันออกเฉียงเหนือ,2566
หนองบัวลำภู,112.1,ไตรมาสที่ 1,สำนักงานสถิติแห่งชาติ,278,หญิง,พันคน,ภาคตะวันออกเฉียงเหนือ,2566
ขอนแก่น,471.2,ไตรมาสที่ 1,สำนักงานสถิติแห่งชาติ,279,ชาย,พันคน,ภาคตะวันออกเฉียงเหนือ,2566
ขอนแก่น,442.8,ไตรมาสที่ 1,สำนักงานสถิติแห่งชาติ,280,หญิง,พันคน,ภาคตะวันออกเฉียงเหนือ,2566
อุดรธานี,322.6,ไตรมาสที่ 1,สำนักงานสถิติแห่งชาติ,281,ชาย,พันคน,ภาคตะวันออกเฉียงเหนือ,2566
อุดรธานี,253.4,ไตรมาสที่ 1,สำนักงานสถิติแห่งชาติ,282,หญิง,พันคน,ภาคตะวันออกเฉียงเหนือ,2566
เลย,157.6,ไตรมาสที่ 1,สำนักงานสถิติแห่งชาติ,283,ชาย,พันคน,ภาคตะวันออกเฉียงเหนือ,2566
เลย,144.3,ไตรมาสที่ 1,สำนักงานสถิติแห่งชาติ,284,หญิง,พันคน,ภาคตะวันออกเฉียงเหนือ,2566
หนองคาย,119.5,ไตรมาสที่ 1,สำนักงานสถิติแห่งชาติ,285,ชาย,พันคน,ภาคตะวันออกเฉียงเหนือ,2566
หนองคาย,103.4,ไตรมาสที่ 1,สำนักงานสถิติแห่งชาติ,286,หญิง,พันคน,ภาคตะวันออกเฉียงเหนือ,2566
มหาสารคาม,207.6,ไตรมาสที่ 1,สำนักงานสถิติแห่งชาติ,287,ชาย,พันคน,ภาคตะวันออกเฉียงเหนือ,2566
มหาสารคาม,181.0,ไตรมาสที่ 1,สำนักงานสถิติแห่งชาติ,288,หญิง,พันคน,ภาคตะวันออกเฉียงเหนือ,2566
ร้อยเอ็ด,285.6,ไตรมาสที่ 1,สำนักงานสถิติแห่งชาติ,289,ชาย,พันคน,ภาคตะวันออกเฉียงเหนือ,2566
ร้อยเอ็ด,242.5,ไตรมาสที่ 1,สำนักงานสถิติแห่งชาติ,290,หญิง,พันคน,ภาคตะวันออกเฉียงเหนือ,2566
กาฬสินธุ์,216.2,ไตรมาสที่ 1,สำนักงานสถิติแห่งชาติ,291,ชาย,พันคน,ภาคตะวันออกเฉียงเหนือ,2566
กาฬสินธุ์,159.5,ไตรมาสที่ 1,สำนักงานสถิติแห่งชาติ,292,หญิง,พันคน,ภาคตะวันออกเฉียงเหนือ,2566
สกลนคร,229.2,ไตรมาสที่ 1,สำนักงานสถิติแห่งชาติ,293,ชาย,พันคน,ภาคตะวันออกเฉียงเหนือ,2566
สกลนคร,154.8,ไตรมาสที่ 1,สำนักงานสถิติแห่งชาติ,294,หญิง,พันคน,ภาคตะวันออกเฉียงเหนือ,2566
นครพนม,142.3,ไตรมาสที่ 1,สำนักงานสถิติแห่งชาติ,295,ชาย,พันคน,ภาคตะวันออกเฉียงเหนือ,2566
นครพนม,112.3,ไตรมาสที่ 1,สำนักงานสถิติแห่งชาติ,296,หญิง,พันคน,ภาคตะวันออกเฉียงเหนือ,2566
มุกดาหาร,120.6,ไตรมาสที่ 1,สำนักงานสถิติแห่งชาติ,297,ชาย,พันคน,ภาคตะวันออกเฉียงเหนือ,2566
มุกดาหาร,102.9,ไตรมาสที่ 1,สำนักงานสถิติแห่งชาติ,298,หญิง,พันคน,ภาคตะวันออกเฉียงเหนือ,2566
นครศรีธรรมราช,473.9,ไตรมาสที่ 1,สำนักงานสถิติแห่งชาติ,299,ชาย,พันคน,ภาคใต้,2566
นครศรีธรรมราช,397.4,ไตรมาสที่ 1,สำนักงานสถิติแห่งชาติ,300,หญิง,พันคน,ภาคใต้,2566
กระบี่,139.8,ไตรมาสที่ 1,สำนักงานสถิติแห่งชาติ,301,ชาย,พันคน,ภาคใต้,2566
กระบี่,114.8,ไตรมาสที่ 1,สำนักงานสถิติแห่งชาติ,302,หญิง,พันคน,ภาคใต้,2566
พังงา,71.6,ไตรมาสที่ 1,สำนักงานสถิติแห่งชาติ,303,ชาย,พันคน,ภาคใต้,2566
พังงา,52.9,ไตรมาสที่ 1,สำนักงานสถิติแห่งชาติ,304,หญิง,พันคน,ภาคใต้,2566
ภูเก็ต,177.1,ไตรมาสที่ 1,สำนักงานสถิติแห่งชาติ,305,ชาย,พันคน,ภาคใต้,2566
ภูเก็ต,154.5,ไตรมาสที่ 1,สำนักงานสถิติแห่งชาติ,306,หญิง,พันคน,ภาคใต้,2566
สุราษฏร์ธานี,361.8,ไตรมาสที่ 1,สำนักงานสถิติแห่งชาติ,307,ชาย,พันคน,ภาคใต้,2566
สุราษฏร์ธานี,303.3,ไตรมาสที่ 1,สำนักงานสถิติแห่งชาติ,308,หญิง,พันคน,ภาคใต้,2566
ระนอง,93.4,ไตรมาสที่ 1,สำนักงานสถิติแห่งชาติ,309,ชาย,พันคน,ภาคใต้,2566
ระนอง,66.4,ไตรมาสที่ 1,สำนักงานสถิติแห่งชาติ,310,หญิง,พันคน,ภาคใต้,2566
ชุมพร,161.4,ไตรมาสที่ 1,สำนักงานสถิติแห่งชาติ,311,ชาย,พันคน,ภาคใต้,2566
ชุมพร,123.8,ไตรมาสที่ 1,สำนักงานสถิติแห่งชาติ,312,หญิง,พันคน,ภาคใต้,2566
สงขลา,484.0,ไตรมาสที่ 1,สำนักงานสถิติแห่งชาติ,313,ชาย,พันคน,ภาคใต้,2566
สงขลา,440.3,ไตรมาสที่ 1,สำนักงานสถิติแห่งชาติ,314,หญิง,พันคน,ภาคใต้,2566
สตูล,91.0,ไตรมาสที่ 1,สำนักงานสถิติแห่งชาติ,315,ชาย,พันคน,ภาคใต้,2566
สตูล,70.1,ไตรมาสที่ 1,สำนักงานสถิติแห่งชาติ,316,หญิง,พันคน,ภาคใต้,2566
ตรัง,196.9,ไตรมาสที่ 1,สำนักงานสถิติแห่งชาติ,317,ชาย,พันคน,ภาคใต้,2566
ตรัง,169.7,ไตรมาสที่ 1,สำนักงานสถิติแห่งชาติ,318,หญิง,พันคน,ภาคใต้,2566
พัทลุง,148.6,ไตรมาสที่ 1,สำนักงานสถิติแห่งชาติ,319,ชาย,พันคน,ภาคใต้,2566
พัทลุง,136.1,ไตรมาสที่ 1,สำนักงานสถิติแห่งชาติ,320,หญิง,พันคน,ภาคใต้,2566
ปัตตานี,194.0,ไตรมาสที่ 1,สำนักงานสถิติแห่งชาติ,321,ชาย,พันคน,ภาคใต้,2566
ปัตตานี,155.2,ไตรมาสที่ 1,สำนักงานสถิติแห่งชาติ,322,หญิง,พันคน,ภาคใต้,2566
ยะลา,142.9,ไตรมาสที่ 1,สำนักงานสถิติแห่งชาติ,323,ชาย,พันคน,ภาคใต้,2566
ยะลา,115.5,ไตรมาสที่ 1,สำนักงานสถิติแห่งชาติ,324,หญิง,พันคน,ภาคใต้,2566
นราธิวาส,208.4,ไตรมาสที่ 1,สำนักงานสถิติแห่งชาติ,325,ชาย,พันคน,ภาคใต้,2566
นราธิวาส,156.2,ไตรมาสที่ 1,สำนักงานสถิติแห่งชาติ,326,หญิง,พันคน,ภาคใต้,2566
กรุงเทพมหานคร,2963.3,ไตรมาสที่ 2,สำนักงานสถิติแห่งชาติ,327,ชาย,พันคน,กรุงเทพมหานคร,2566
กรุงเทพมหานคร,2774.2,ไตรมาสที่ 2,สำนักงานสถิติแห่งชาติ,328,หญิง,พันคน,กรุงเทพมหานคร,2566
สมุทรปราการ,825.0,ไตรมาสที่ 2,สำนักงานสถิติแห่งชาติ,329,ชาย,พันคน,ภาคกลาง,2566
สมุทรปราการ,705.9,ไตรมาสที่ 2,สำนักงานสถิติแห่งชาติ,330,หญิง,พันคน,ภาคกลาง,2566
นนทบุรี,606.8,ไตรมาสที่ 2,สำนักงานสถิติแห่งชาติ,331,ชาย,พันคน,ภาคกลาง,2566
นนทบุรี,553.0,ไตรมาสที่ 2,สำนักงานสถิติแห่งชาติ,332,หญิง,พันคน,ภาคกลาง,2566
ปทุมธานี,608.2,ไตรมาสที่ 2,สำนักงานสถิติแห่งชาติ,333,ชาย,พันคน,ภาคกลาง,2566
ปทุมธานี,538.6,ไตรมาสที่ 2,สำนักงานสถิติแห่งชาติ,334,หญิง,พันคน,ภาคกลาง,2566
พระนครศรีอยุธยา,282.1,ไตรมาสที่ 2,สำนักงานสถิติแห่งชาติ,335,ชาย,พันคน,ภาคกลาง,2566
พระนครศรีอยุธยา,245.9,ไตรมาสที่ 2,สำนักงานสถิติแห่งชาติ,336,หญิง,พันคน,ภาคกลาง,2566
อ่างทอง,69.9,ไตรมาสที่ 2,สำนักงานสถิติแห่งชาติ,337,ชาย,พันคน,ภาคกลาง,2566
อ่างทอง,57.4,ไตรมาสที่ 2,สำนักงานสถิติแห่งชาติ,338,หญิง,พันคน,ภาคกลาง,2566
ลพบุรี,237.0,ไตรมาสที่ 2,สำนักงานสถิติแห่งชาติ,339,ชาย,พันคน,ภาคกลาง,2566
ลพบุรี,206.5,ไตรมาสที่ 2,สำนักงานสถิติแห่งชาติ,340,หญิง,พันคน,ภาคกลาง,2566
สิงห์บุรี,55.2,ไตรมาสที่ 2,สำนักงานสถิติแห่งชาติ,341,ชาย,พันคน,ภาคกลาง,2566
สิงห์บุรี,50.0,ไตรมาสที่ 2,สำนักงานสถิติแห่งชาติ,342,หญิง,พันคน,ภาคกลาง,2566
ชัยนาท,87.5,ไตรมาสที่ 2,สำนักงานสถิติแห่งชาติ,343,ชาย,พันคน,ภาคกลาง,2566
ชัยนาท,74.1,ไตรมาสที่ 2,สำนักงานสถิติแห่งชาติ,344,หญิง,พันคน,ภาคกลาง,2566
สระบุรี,235.9,ไตรมาสที่ 2,สำนักงานสถิติแห่งชาติ,345,ชาย,พันคน,ภาคกลาง,2566
สระบุรี,178.3,ไตรมาสที่ 2,สำนักงานสถิติแห่งชาติ,346,หญิง,พันคน,ภาคกลาง,2566
ชลบุรี,603.2,ไตรมาสที่ 2,สำนักงานสถิติแห่งชาติ,347,ชาย,พันคน,ภาคกลาง,2566
ชลบุรี,548.5,ไตรมาสที่ 2,สำนักงานสถิติแห่งชาติ,348,หญิง,พันคน,ภาคกลาง,2566
ระยอง,377.2,ไตรมาสที่ 2,สำนักงานสถิติแห่งชาติ,349,ชาย,พันคน,ภาคกลาง,2566
ระยอง,308.3,ไตรมาสที่ 2,สำนักงานสถิติแห่งชาติ,350,หญิง,พันคน,ภาคกลาง,2566
จันทบุรี,196.1,ไตรมาสที่ 2,สำนักงานสถิติแห่งชาติ,351,ชาย,พันคน,ภาคกลาง,2566
จันทบุรี,182.0,ไตรมาสที่ 2,สำนักงานสถิติแห่งชาติ,352,หญิง,พันคน,ภาคกลาง,2566
ตราด,94.9,ไตรมาสที่ 2,สำนักงานสถิติแห่งชาติ,353,ชาย,พันคน,ภาคกลาง,2566
ตราด,77.9,ไตรมาสที่ 2,สำนักงานสถิติแห่งชาติ,354,หญิง,พันคน,ภาคกลาง,2566
ฉะเชิงเทรา,300.9,ไตรมาสที่ 2,สำนักงานสถิติแห่งชาติ,355,ชาย,พันคน,ภาคกลาง,2566
ฉะเชิงเทรา,253.3,ไตรมาสที่ 2,สำนักงานสถิติแห่งชาติ,356,หญิง,พันคน,ภาคกลาง,2566
ปราจีนบุรี,210.9,ไตรมาสที่ 2,สำนักงานสถิติแห่งชาติ,357,ชาย,พันคน,ภาคกลาง,2566
ปราจีนบุรี,181.9,ไตรมาสที่ 2,สำนักงานสถิติแห่งชาติ,358,หญิง,พันคน,ภาคกลาง,2566
นครนายก,82.6,ไตรมาสที่ 2,สำนักงานสถิติแห่งชาติ,359,ชาย,พันคน,ภาคกลาง,2566
นครนายก,68.6,ไตรมาสที่ 2,สำนักงานสถิติแห่งชาติ,360,หญิง,พันคน,ภาคกลาง,2566
สระแก้ว,197.4,ไตรมาสที่ 2,สำนักงานสถิติแห่งชาติ,361,ชาย,พันคน,ภาคกลาง,2566
สระแก้ว,152.6,ไตรมาสที่ 2,สำนักงานสถิติแห่งชาติ,362,หญิง,พันคน,ภาคกลาง,2566
ราชบุรี,248.2,ไตรมาสที่ 2,สำนักงานสถิติแห่งชาติ,363,ชาย,พันคน,ภาคกลาง,2566
ราชบุรี,219.2,ไตรมาสที่ 2,สำนักงานสถิติแห่งชาติ,364,หญิง,พันคน,ภาคกลาง,2566
กาญจนบุรี,260.7,ไตรมาสที่ 2,สำนักงานสถิติแห่งชาติ,365,ชาย,พันคน,ภาคกลาง,2566
กาญจนบุรี,213.8,ไตรมาสที่ 2,สำนักงานสถิติแห่งชาติ,366,หญิง,พันคน,ภาคกลาง,2566
สุพรรณบุรี,265.4,ไตรมาสที่ 2,สำนักงานสถิติแห่งชาติ,367,ชาย,พันคน,ภาคกลาง,2566
สุพรรณบุรี,216.3,ไตรมาสที่ 2,สำนักงานสถิติแห่งชาติ,368,หญิง,พันคน,ภาคกลาง,2566
นครปฐม,439.6,ไตรมาสที่ 2,สำนักงานสถิติแห่งชาติ,369,ชาย,พันคน,ภาคกลาง,2566
นครปฐม,415.2,ไตรมาสที่ 2,สำนักงานสถิติแห่งชาติ,370,หญิง,พันคน,ภาคกลาง,2566
สมุทรสาคร,395.6,ไตรมาสที่ 2,สำนักงานสถิติแห่งชาติ,371,ชาย,พันคน,ภาคกลาง,2566
สมุทรสาคร,392.5,ไตรมาสที่ 2,สำนักงานสถิติแห่งชาติ,372,หญิง,พันคน,ภาคกลาง,2566
สมุทรสงคราม,55.1,ไตรมาสที่ 2,สำนักงานสถิติแห่งชาติ,373,ชาย,พันคน,ภาคกลาง,2566
สมุทรสงคราม,46.0,ไตรมาสที่ 2,สำนักงานสถิติแห่งชาติ,374,หญิง,พันคน,ภาคกลาง,2566
เพชรบุรี,154.6,ไตรมาสที่ 2,สำนักงานสถิติแห่งชาติ,375,ชาย,พันคน,ภาคกลาง,2566
เพชรบุรี,135.3,ไตรมาสที่ 2,สำนักงานสถิติแห่งชาติ,376,หญิง,พันคน,ภาคกลาง,2566
ประจวบคีรีขันธ์,148.4,ไตรมาสที่ 2,สำนักงานสถิติแห่งชาติ,377,ชาย,พันคน,ภาคกลาง,2566
ประจวบคีรีขันธ์,124.0,ไตรมาสที่ 2,สำนักงานสถิติแห่งชาติ,378,หญิง,พันคน,ภาคกลาง,2566
เชียงใหม่,535.1,ไตรมาสที่ 2,สำนักงานสถิติแห่งชาติ,379,ชาย,พันคน,ภาคเหนือ,2566
เชียงใหม่,492.1,ไตรมาสที่ 2,สำนักงานสถิติแห่งชาติ,380,หญิง,พันคน,ภาคเหนือ,2566
ลำพูน,123.8,ไตรมาสที่ 2,สำนักงานสถิติแห่งชาติ,381,ชาย,พันคน,ภาคเหนือ,2566
ลำพูน,108.4,ไตรมาสที่ 2,สำนักงานสถิติแห่งชาติ,382,หญิง,พันคน,ภาคเหนือ,2566
ลำปาง,193.7,ไตรมาสที่ 2,สำนักงานสถิติแห่งชาติ,383,ชาย,พันคน,ภาคเหนือ,2566
ลำปาง,163.8,ไตรมาสที่ 2,สำนักงานสถิติแห่งชาติ,384,หญิง,พันคน,ภาคเหนือ,2566
อุตรดิตถ์,117.2,ไตรมาสที่ 2,สำนักงานสถิติแห่งชาติ,385,ชาย,พันคน,ภาคเหนือ,2566
อุตรดิตถ์,92.9,ไตรมาสที่ 2,สำนักงานสถิติแห่งชาติ,386,หญิง,พันคน,ภาคเหนือ,2566
แพร่,104.0,ไตรมาสที่ 2,สำนักงานสถิติแห่งชาติ,387,ชาย,พันคน,ภาคเหนือ,2566
แพร่,83.5,ไตรมาสที่ 2,สำนักงานสถิติแห่งชาติ,388,หญิง,พันคน,ภาคเหนือ,2566
น่าน,129.8,ไตรมาสที่ 2,สำนักงานสถิติแห่งชาติ,389,ชาย,พันคน,ภาคเหนือ,2566
น่าน,115.0,ไตรมาสที่ 2,สำนักงานสถิติแห่งชาติ,390,หญิง,พันคน,ภาคเหนือ,2566
พะเยา,99.7,ไตรมาสที่ 2,สำนักงานสถิติแห่งชาติ,391,ชาย,พันคน,ภาคเหนือ,2566
พะเยา,79.9,ไตรมาสที่ 2,สำนักงานสถิติแห่งชาติ,392,หญิง,พันคน,ภาคเหนือ,2566
เชียงราย,337.2,ไตรมาสที่ 2,สำนักงานสถิติแห่งชาติ,393,ชาย,พันคน,ภาคเหนือ,2566
เชียงราย,277.8,ไตรมาสที่ 2,สำนักงานสถิติแห่งชาติ,394,หญิง,พันคน,ภาคเหนือ,2566
แม่ฮ่องสอน,74.1,ไตรมาสที่ 2,สำนักงานสถิติแห่งชาติ,395,ชาย,พันคน,ภาคเหนือ,2566
แม่ฮ่องสอน,66.7,ไตรมาสที่ 2,สำนักงานสถิติแห่งชาติ,396,หญิง,พันคน,ภาคเหนือ,2566
นครสวรรค์,255.0,ไตรมาสที่ 2,สำนักงานสถิติแห่งชาติ,397,ชาย,พันคน,ภาคเหนือ,2566
นครสวรรค์,242.6,ไตรมาสที่ 2,สำนักงานสถิติแห่งชาติ,398,หญิง,พันคน,ภาคเหนือ,2566
อุทัยธานี,81.6,ไตรมาสที่ 2,สำนักงานสถิติแห่งชาติ,399,ชาย,พันคน,ภาคเหนือ,2566
อุทัยธานี,67.8,ไตรมาสที่ 2,สำนักงานสถิติแห่งชาติ,400,หญิง,พันคน,ภาคเหนือ,2566
กำแพงเพชร,234.8,ไตรมาสที่ 2,สำนักงานสถิติแห่งชาติ,401,ชาย,พันคน,ภาคเหนือ,2566
กำแพงเพชร,200.3,ไตรมาสที่ 2,สำนักงานสถิติแห่งชาติ,402,หญิง,พันคน,ภาคเหนือ,2566
ตรัง,196.0,ไตรมาสที่ 2,สำนักงานสถิติแห่งชาติ,403,ชาย,พันคน,ภาคใต้,2565
ตรัง,163.4,ไตรมาสที่ 2,สำนักงานสถิติแห่งชาติ,404,หญิง,พันคน,ภาคใต้,2565
นครศรีธรรมราช,457.1,ไตรมาสที่ 2,สำนักงานสถิติแห่งชาติ,405,ชาย,พันคน,ภาคใต้,2565
นครศรีธรรมราช,384.1,ไตรมาสที่ 2,สำนักงานสถิติแห่งชาติ,406,หญิง,พันคน,ภาคใต้,2565
นราธิวาส,204.9,ไตรมาสที่ 2,สำนักงานสถิติแห่งชาติ,407,ชาย,พันคน,ภาคใต้,2565
นราธิวาส,143.4,ไตรมาสที่ 2,สำนักงานสถิติแห่งชาติ,408,หญิง,พันคน,ภาคใต้,2565
ปัตตานี,189.8,ไตรมาสที่ 2,สำนักงานสถิติแห่งชาติ,409,ชาย,พันคน,ภาคใต้,2565
ปัตตานี,150.6,ไตรมาสที่ 2,สำนักงานสถิติแห่งชาติ,410,หญิง,พันคน,ภาคใต้,2565
พังงา,72.5,ไตรมาสที่ 2,สำนักงานสถิติแห่งชาติ,411,ชาย,พันคน,ภาคใต้,2565
พังงา,52.8,ไตรมาสที่ 2,สำนักงานสถิติแห่งชาติ,412,หญิง,พันคน,ภาคใต้,2565
พัทลุง,147.5,ไตรมาสที่ 2,สำนักงานสถิติแห่งชาติ,413,ชาย,พันคน,ภาคใต้,2565
พัทลุง,132.6,ไตรมาสที่ 2,สำนักงานสถิติแห่งชาติ,414,หญิง,พันคน,ภาคใต้,2565
ภูเก็ต,166.2,ไตรมาสที่ 2,สำนักงานสถิติแห่งชาติ,415,ชาย,พันคน,ภาคใต้,2565
ภูเก็ต,146.2,ไตรมาสที่ 2,สำนักงานสถิติแห่งชาติ,416,หญิง,พันคน,ภาคใต้,2565
ยะลา,141.8,ไตรมาสที่ 2,สำนักงานสถิติแห่งชาติ,417,ชาย,พันคน,ภาคใต้,2565
ยะลา,115.7,ไตรมาสที่ 2,สำนักงานสถิติแห่งชาติ,418,หญิง,พันคน,ภาคใต้,2565
ระนอง,88.7,ไตรมาสที่ 2,สำนักงานสถิติแห่งชาติ,419,ชาย,พันคน,ภาคใต้,2565
ระนอง,58.3,ไตรมาสที่ 2,สำนักงานสถิติแห่งชาติ,420,หญิง,พันคน,ภาคใต้,2565
สงขลา,483.1,ไตรมาสที่ 2,สำนักงานสถิติแห่งชาติ,421,ชาย,พันคน,ภาคใต้,2565
สงขลา,428.3,ไตรมาสที่ 2,สำนักงานสถิติแห่งชาติ,422,หญิง,พันคน,ภาคใต้,2565
สตูล,88.1,ไตรมาสที่ 2,สำนักงานสถิติแห่งชาติ,423,ชาย,พันคน,ภาคใต้,2565
สตูล,69.8,ไตรมาสที่ 2,สำนักงานสถิติแห่งชาติ,424,หญิง,พันคน,ภาคใต้,2565
สุราษฎร์ธานี,349.2,ไตรมาสที่ 2,สำนักงานสถิติแห่งชาติ,425,ชาย,พันคน,ภาคใต้,2565
สุราษฎร์ธานี,288.5,ไตรมาสที่ 2,สำนักงานสถิติแห่งชาติ,426,หญิง,พันคน,ภาคใต้,2565
กรุงเทพมหานคร,2870.1,ไตรมาสที่ 3,สำนักงานสถิติแห่งชาติ,427,ชาย,พันคน,กรุงเทพมหานคร,2565
กรุงเทพมหานคร,2764.8,ไตรมาสที่ 3,สำนักงานสถิติแห่งชาติ,428,หญิง,พันคน,กรุงเทพมหานคร,2565
กาญจนบุรี,265.5,ไตรมาสที่ 3,สำนักงานสถิติแห่งชาติ,429,ชาย,พันคน,ภาคกลาง,2565
กาญจนบุรี,217.2,ไตรมาสที่ 3,สำนักงานสถิติแห่งชาติ,430,หญิง,พันคน,ภาคกลาง,2565
จันทบุรี,197.3,ไตรมาสที่ 3,สำนักงานสถิติแห่งชาติ,431,ชาย,พันคน,ภาคกลาง,2565
จันทบุรี,170.7,ไตรมาสที่ 3,สำนักงานสถิติแห่งชาติ,432,หญิง,พันคน,ภาคกลาง,2565
ฉะเชิงเทรา,285.2,ไตรมาสที่ 3,สำนักงานสถิติแห่งชาติ,433,ชาย,พันคน,ภาคกลาง,2565
ฉะเชิงเทรา,237.7,ไตรมาสที่ 3,สำนักงานสถิติแห่งชาติ,434,หญิง,พันคน,ภาคกลาง,2565
ชลบุรี,602.3,ไตรมาสที่ 3,สำนักงานสถิติแห่งชาติ,435,ชาย,พันคน,ภาคกลาง,2565
ชลบุรี,495.8,ไตรมาสที่ 3,สำนักงานสถิติแห่งชาติ,436,หญิง,พันคน,ภาคกลาง,2565
ชัยนาท,86.3,ไตรมาสที่ 3,สำนักงานสถิติแห่งชาติ,437,ชาย,พันคน,ภาคกลาง,2565
ชัยนาท,78.1,ไตรมาสที่ 3,สำนักงานสถิติแห่งชาติ,438,หญิง,พันคน,ภาคกลาง,2565
ตราด,91.4,ไตรมาสที่ 3,สำนักงานสถิติแห่งชาติ,439,ชาย,พันคน,ภาคกลาง,2565
ตราด,77.7,ไตรมาสที่ 3,สำนักงานสถิติแห่งชาติ,440,หญิง,พันคน,ภาคกลาง,2565
นครนายก,79.1,ไตรมาสที่ 3,สำนักงานสถิติแห่งชาติ,441,ชาย,พันคน,ภาคกลาง,2565
นครนายก,69.9,ไตรมาสที่ 3,สำนักงานสถิติแห่งชาติ,442,หญิง,พันคน,ภาคกลาง,2565
นครปฐม,423.7,ไตรมาสที่ 3,สำนักงานสถิติแห่งชาติ,443,ชาย,พันคน,ภาคกลาง,2565
นครปฐม,396.2,ไตรมาสที่ 3,สำนักงานสถิติแห่งชาติ,444,หญิง,พันคน,ภาคกลาง,2565
นนทบุรี,606.6,ไตรมาสที่ 3,สำนักงานสถิติแห่งชาติ,445,ชาย,พันคน,ภาคกลาง,2565
นนทบุรี,550.7,ไตรมาสที่ 3,สำนักงานสถิติแห่งชาติ,446,หญิง,พันคน,ภาคกลาง,2565
ปทุมธานี,575.9,ไตรมาสที่ 3,สำนักงานสถิติแห่งชาติ,447,ชาย,พันคน,ภาคกลาง,2565
ปทุมธานี,506.8,ไตรมาสที่ 3,สำนักงานสถิติแห่งชาติ,448,หญิง,พันคน,ภาคกลาง,2565
ประจวบคีรีขันธ์,148.1,ไตรมาสที่ 3,สำนักงานสถิติแห่งชาติ,449,ชาย,พันคน,ภาคกลาง,2565
ประจวบคีรีขันธ์,120.8,ไตรมาสที่ 3,สำนักงานสถิติแห่งชาติ,450,หญิง,พันคน,ภาคกลาง,2565
ปราจีนบุรี,206.9,ไตรมาสที่ 3,สำนักงานสถิติแห่งชาติ,451,ชาย,พันคน,ภาคกลาง,2565
ปราจีนบุรี,182.1,ไตรมาสที่ 3,สำนักงานสถิติแห่งชาติ,452,หญิง,พันคน,ภาคกลาง,2565
พระนครศรีอยุธยา,281.7,ไตรมาสที่ 3,สำนักงานสถิติแห่งชาติ,453,ชาย,พันคน,ภาคกลาง,2565
พระนครศรีอยุธยา,238.7,ไตรมาสที่ 3,สำนักงานสถิติแห่งชาติ,454,หญิง,พันคน,ภาคกลาง,2565
ระยอง,371.9,ไตรมาสที่ 3,สำนักงานสถิติแห่งชาติ,455,ชาย,พันคน,ภาคกลาง,2565
ระยอง,303.6,ไตรมาสที่ 3,สำนักงานสถิติแห่งชาติ,456,หญิง,พันคน,ภาคกลาง,2565
ราชบุรี,255.5,ไตรมาสที่ 3,สำนักงานสถิติแห่งชาติ,457,ชาย,พันคน,ภาคกลาง,2565
ราชบุรี,213.7,ไตรมาสที่ 3,สำนักงานสถิติแห่งชาติ,458,หญิง,พันคน,ภาคกลาง,2565
ลพบุรี,240.2,ไตรมาสที่ 3,สำนักงานสถิติแห่งชาติ,459,ชาย,พันคน,ภาคกลาง,2565
ลพบุรี,201.7,ไตรมาสที่ 3,สำนักงานสถิติแห่งชาติ,460,หญิง,พันคน,ภาคกลาง,2565
สมุทรปราการ,758.4,ไตรมาสที่ 3,สำนักงานสถิติแห่งชาติ,461,ชาย,พันคน,ภาคกลาง,2565
สมุทรปราการ,650.8,ไตรมาสที่ 3,สำนักงานสถิติแห่งชาติ,462,หญิง,พันคน,ภาคกลาง,2565
สมุทรสงคราม,55.8,ไตรมาสที่ 3,สำนักงานสถิติแห่งชาติ,463,ชาย,พันคน,ภาคกลาง,2565
สมุทรสงคราม,46.1,ไตรมาสที่ 3,สำนักงานสถิติแห่งชาติ,464,หญิง,พันคน,ภาคกลาง,2565
สมุทรสาคร,378.6,ไตรมาสที่ 3,สำนักงานสถิติแห่งชาติ,465,ชาย,พันคน,ภาคกลาง,2565
สมุทรสาคร,370.9,ไตรมาสที่ 3,สำนักงานสถิติแห่งชาติ,466,หญิง,พันคน,ภาคกลาง,2565
สระบุรี,235.2,ไตรมาสที่ 3,สำนักงานสถิติแห่งชาติ,467,ชาย,พันคน,ภาคกลาง,2565
สระบุรี,196.5,ไตรมาสที่ 3,สำนักงานสถิติแห่งชาติ,468,หญิง,พันคน,ภาคกลาง,2565
สระแก้ว,201.4,ไตรมาสที่ 3,สำนักงานสถิติแห่งชาติ,469,ชาย,พันคน,ภาคกลาง,2565
สระแก้ว,167.5,ไตรมาสที่ 3,สำนักงานสถิติแห่งชาติ,470,หญิง,พันคน,ภาคกลาง,2565
สิงห์บุรี,52.3,ไตรมาสที่ 3,สำนักงานสถิติแห่งชาติ,471,ชาย,พันคน,ภาคกลาง,2565
สิงห์บุรี,44.8,ไตรมาสที่ 3,สำนักงานสถิติแห่งชาติ,472,หญิง,พันคน,ภาคกลาง,2565
สุพรรณบุรี,270.2,ไตรมาสที่ 3,สำนักงานสถิติแห่งชาติ,473,ชาย,พันคน,ภาคกลาง,2565
สุพรรณบุรี,212.4,ไตรมาสที่ 3,สำนักงานสถิติแห่งชาติ,474,หญิง,พันคน,ภาคกลาง,2565
อ่างทอง,69.1,ไตรมาสที่ 3,สำนักงานสถิติแห่งชาติ,475,ชาย,พันคน,ภาคกลาง,2565
อ่างทอง,57.2,ไตรมาสที่ 3,สำนักงานสถิติแห่งชาติ,476,หญิง,พันคน,ภาคกลาง,2565
เพชรบุรี,153.3,ไตรมาสที่ 3,สำนักงานสถิติแห่งชาติ,477,ชาย,พันคน,ภาคกลาง,2565
เพชรบุรี,139.6,ไตรมาสที่ 3,สำนักงานสถิติแห่งชาติ,478,หญิง,พันคน,ภาคกลาง,2565
กำแพงเพชร,235.3,ไตรมาสที่ 3,สำนักงานสถิติแห่งชาติ,479,ชาย,พันคน,ภาคเหนือ,2565
กำแพงเพชร,182.4,ไตรมาสที่ 3,สำนักงานสถิติแห่งชาติ,480,หญิง,พันคน,ภาคเหนือ,2565
ตาก,150.9,ไตรมาสที่ 3,สำนักงานสถิติแห่งชาติ,481,ชาย,พันคน,ภาคเหนือ,2565
ตาก,120.9,ไตรมาสที่ 3,สำนักงานสถิติแห่งชาติ,482,หญิง,พันคน,ภาคเหนือ,2565
นครสวรรค์,274.6,ไตรมาสที่ 3,สำนักงานสถิติแห่งชาติ,483,ชาย,พันคน,ภาคเหนือ,2565
นครสวรรค์,234.9,ไตรมาสที่ 3,สำนักงานสถิติแห่งชาติ,484,หญิง,พันคน,ภาคเหนือ,2565
น่าน,133.7,ไตรมาสที่ 3,สำนักงานสถิติแห่งชาติ,485,ชาย,พันคน,ภาคเหนือ,2565
น่าน,122.9,ไตรมาสที่ 3,สำนักงานสถิติแห่งชาติ,486,หญิง,พันคน,ภาคเหนือ,2565
พะเยา,103.4,ไตรมาสที่ 3,สำนักงานสถิติแห่งชาติ,487,ชาย,พันคน,ภาคเหนือ,2565
พะเยา,83.2,ไตรมาสที่ 3,สำนักงานสถิติแห่งชาติ,488,หญิง,พันคน,ภาคเหนือ,2565
พิจิตร,145.6,ไตรมาสที่ 3,สำนักงานสถิติแห่งชาติ,489,ชาย,พันคน,ภาคเหนือ,2565
พิจิตร,129.2,ไตรมาสที่ 3,สำนักงานสถิติแห่งชาติ,490,หญิง,พันคน,ภาคเหนือ,2565
พิษณุโลก,265.5,ไตรมาสที่ 3,สำนักงานสถิติแห่งชาติ,491,ชาย,พันคน,ภาคเหนือ,2565
พิษณุโลก,238.6,ไตรมาสที่ 3,สำนักงานสถิติแห่งชาติ,492,หญิง,พันคน,ภาคเหนือ,2565
ลำปาง,201.1,ไตรมาสที่ 3,สำนักงานสถิติแห่งชาติ,493,ชาย,พันคน,ภาคเหนือ,2565
ลำปาง,170.1,ไตรมาสที่ 3,สำนักงานสถิติแห่งชาติ,494,หญิง,พันคน,ภาคเหนือ,2565
ลำพูน,120.9,ไตรมาสที่ 3,สำนักงานสถิติแห่งชาติ,495,ชาย,พันคน,ภาคเหนือ,2565
ลำพูน,111.3,ไตรมาสที่ 3,สำนักงานสถิติแห่งชาติ,496,หญิง,พันคน,ภาคเหนือ,2565
สุโขทัย,186.7,ไตรมาสที่ 3,สำนักงานสถิติแห่งชาติ,497,ชาย,พันคน,ภาคเหนือ,2565
สุโขทัย,167.0,ไตรมาสที่ 3,สำนักงานสถิติแห่งชาติ,498,หญิง,พันคน,ภาคเหนือ,2565
อุตรดิตถ์,117.3,ไตรมาสที่ 3,สำนักงานสถิติแห่งชาติ,499,ชาย,พันคน,ภาคเหนือ,2565
อุตรดิตถ์,93.8,ไตรมาสที่ 3,สำนักงานสถิติแห่งชาติ,500,หญิง,พันคน,ภาคเหนือ,2565
อุทัยธานี,80.4,ไตรมาสที่ 3,สำนักงานสถิติแห่งชาติ,501,ชาย,พันคน,ภาคเหนือ,2565
อุทัยธานี,69.8,ไตรมาสที่ 3,สำนักงานสถิติแห่งชาติ,502,หญิง,พันคน,ภาคเหนือ,2565
เชียงราย,331.6,ไตรมาสที่ 3,สำนักงานสถิติแห่งชาติ,503,ชาย,พันคน,ภาคเหนือ,2565
เชียงราย,276.2,ไตรมาสที่ 3,สำนักงานสถิติแห่งชาติ,504,หญิง,พันคน,ภาคเหนือ,2565
เชียงใหม่,539.7,ไตรมาสที่ 3,สำนักงานสถิติแห่งชาติ,505,ชาย,พันคน,ภาคเหนือ,2565
เชียงใหม่,483.5,ไตรมาสที่ 3,สำนักงานสถิติแห่งชาติ,506,หญิง,พันคน,ภาคเหนือ,2565
เพชรบูรณ์,256.4,ไตรมาสที่ 3,สำนักงานสถิติแห่งชาติ,507,ชาย,พันคน,ภาคเหนือ,2565
เพชรบูรณ์,223.5,ไตรมาสที่ 3,สำนักงานสถิติแห่งชาติ,508,หญิง,พันคน,ภาคเหนือ,2565
แพร่,108.1,ไตรมาสที่ 3,สำนักงานสถิติแห่งชาติ,509,ชาย,พันคน,ภาคเหนือ,2565
แพร่,87.8,ไตรมาสที่ 3,สำนักงานสถิติแห่งชาติ,510,หญิง,พันคน,ภาคเหนือ,2565
แม่ฮ่องสอน,76.4,ไตรมาสที่ 3,สำนักงานสถิติแห่งชาติ,511,ชาย,พันคน,ภาคเหนือ,2565
แม่ฮ่องสอน,68.7,ไตรมาสที่ 3,สำนักงานสถิติแห่งชาติ,512,หญิง,พันคน,ภาคเหนือ,2565
กาฬสินธุ์,209.7,ไตรมาสที่ 3,สำนักงานสถิติแห่งชาติ,513,ชาย,พันคน,ภาคตะวันออกเฉียงเหนือ,2565
กาฬสินธุ์,181.8,ไตรมาสที่ 3,สำนักงานสถิติแห่งชาติ,514,หญิง,พันคน,ภาคตะวันออกเฉียงเหนือ,2565
ขอนแก่น,465.5,ไตรมาสที่ 3,สำนักงานสถิติแห่งชาติ,515,ชาย,พันคน,ภาคตะวันออกเฉียงเหนือ,2565
ขอนแก่น,410.5,ไตรมาสที่ 3,สำนักงานสถิติแห่งชาติ,516,หญิง,พันคน,ภาคตะวันออกเฉียงเหนือ,2565
ชัยภูมิ,267.5,ไตรมาสที่ 3,สำนักงานสถิติแห่งชาติ,517,ชาย,พันคน,ภาคตะวันออกเฉียงเหนือ,2565
ชัยภูมิ,243.6,ไตรมาสที่ 3,สำนักงานสถิติแห่งชาติ,518,หญิง,พันคน,ภาคตะวันออกเฉียงเหนือ,2565
นครพนม,154.7,ไตรมาสที่ 3,สำนักงานสถิติแห่งชาติ,519,ชาย,พันคน,ภาคตะวันออกเฉียงเหนือ,2565
นครพนม,128.2,ไตรมาสที่ 3,สำนักงานสถิติแห่งชาติ,520,หญิง,พันคน,ภาคตะวันออกเฉียงเหนือ,2565
นครราชสีมา,705.0,ไตรมาสที่ 3,สำนักงานสถิติแห่งชาติ,521,ชาย,พันคน,ภาคตะวันออกเฉียงเหนือ,2565
นครราชสีมา,564.9,ไตรมาสที่ 3,สำนักงานสถิติแห่งชาติ,522,หญิง,พันคน,ภาคตะวันออกเฉียงเหนือ,2565
บึงกาฬ,103.7,ไตรมาสที่ 3,สำนักงานสถิติแห่งชาติ,523,ชาย,พันคน,ภาคตะวันออกเฉียงเหนือ,2565
บึงกาฬ,95.7,ไตรมาสที่ 3,สำนักงานสถิติแห่งชาติ,524,หญิง,พันคน,ภาคตะวันออกเฉียงเหนือ,2565
บุรีรัมย์,365.9,ไตรมาสที่ 3,สำนักงานสถิติแห่งชาติ,525,ชาย,พันคน,ภาคตะวันออกเฉียงเหนือ,2565
บุรีรัมย์,308.8,ไตรมาสที่ 3,สำนักงานสถิติแห่งชาติ,526,หญิง,พันคน,ภาคตะวันออกเฉียงเหนือ,2565
มหาสารคาม,219.9,ไตรมาสที่ 3,สำนักงานสถิติแห่งชาติ,527,ชาย,พันคน,ภาคตะวันออกเฉียงเหนือ,2565
มหาสารคาม,186.1,ไตรมาสที่ 3,สำนักงานสถิติแห่งชาติ,528,หญิง,พันคน,ภาคตะวันออกเฉียงเหนือ,2565
มุกดาหาร,127.4,ไตรมาสที่ 3,สำนักงานสถิติแห่งชาติ,529,ชาย,พันคน,ภาคตะวันออกเฉียงเหนือ,2565
มุกดาหาร,114.5,ไตรมาสที่ 3,สำนักงานสถิติแห่งชาติ,530,หญิง,พันคน,ภาคตะวันออกเฉียงเหนือ,2565
ยโสธร,140.6,ไตรมาสที่ 3,สำนักงานสถิติแห่งชาติ,531,ชาย,พันคน,ภาคตะวันออกเฉียงเหนือ,2565
ยโสธร,139.7,ไตรมาสที่ 3,สำนักงานสถิติแห่งชาติ,532,หญิง,พันคน,ภาคตะวันออกเฉียงเหนือ,2565
ร้อยเอ็ด,310.9,ไตรมาสที่ 3,สำนักงานสถิติแห่งชาติ,533,ชาย,พันคน,ภาคตะวันออกเฉียงเหนือ,2565
ร้อยเอ็ด,277.3,ไตรมาสที่ 3,สำนักงานสถิติแห่งชาติ,534,หญิง,พันคน,ภาคตะวันออกเฉียงเหนือ,2565
ศรีสะเกษ,292.0,ไตรมาสที่ 3,สำนักงานสถิติแห่งชาติ,535,ชาย,พันคน,ภาคตะวันออกเฉียงเหนือ,2565
ศรีสะเกษ,264.2,ไตรมาสที่ 3,สำนักงานสถิติแห่งชาติ,536,หญิง,พันคน,ภาคตะวันออกเฉียงเหนือ,2565
สกลนคร,257.1,ไตรมาสที่ 3,สำนักงานสถิติแห่งชาติ,537,ชาย,พันคน,ภาคตะวันออกเฉียงเหนือ,2565
สกลนคร,188.5,ไตรมาสที่ 3,สำนักงานสถิติแห่งชาติ,538,หญิง,พันคน,ภาคตะวันออกเฉียงเหนือ,2565
สุรินทร์,286.4,ไตรมาสที่ 3,สำนักงานสถิติแห่งชาติ,539,ชาย,พันคน,ภาคตะวันออกเฉียงเหนือ,2565
สุรินทร์,251.8,ไตรมาสที่ 3,สำนักงานสถิติแห่งชาติ,540,หญิง,พันคน,ภาคตะวันออกเฉียงเหนือ,2565
หนองคาย,127.0,ไตรมาสที่ 3,สำนักงานสถิติแห่งชาติ,541,ชาย,พันคน,ภาคตะวันออกเฉียงเหนือ,2565
หนองคาย,106.2,ไตรมาสที่ 3,สำนักงานสถิติแห่งชาติ,542,หญิง,พันคน,ภาคตะวันออกเฉียงเหนือ,2565
หนองบัวลำภู,132.8,ไตรมาสที่ 3,สำนักงานสถิติแห่งชาติ,543,ชาย,พันคน,ภาคตะวันออกเฉียงเหนือ,2565
หนองบัวลำภู,103.2,ไตรมาสที่ 3,สำนักงานสถิติแห่งชาติ,544,หญิง,พันคน,ภาคตะวันออกเฉียงเหนือ,2565
อำนาจเจริญ,77.1,ไตรมาสที่ 3,สำนักงานสถิติแห่งชาติ,545,ชาย,พันคน,ภาคตะวันออกเฉียงเหนือ,2565
อำนาจเจริญ,60.9,ไตรมาสที่ 3,สำนักงานสถิติแห่งชาติ,546,หญิง,พันคน,ภาคตะวันออกเฉียงเหนือ,2565
อุดรธานี,345.1,ไตรมาสที่ 3,สำนักงานสถิติแห่งชาติ,547,ชาย,พันคน,ภาคตะวันออกเฉียงเหนือ,2565
อุดรธานี,305.4,ไตรมาสที่ 3,สำนักงานสถิติแห่งชาติ,548,หญิง,พันคน,ภาคตะวันออกเฉียงเหนือ,2565
อุบลราชธานี,495.1,ไตรมาสที่ 3,สำนักงานสถิติแห่งชาติ,549,ชาย,พันคน,ภาคตะวันออกเฉียงเหนือ,2565
อุบลราชธานี,363.8,ไตรมาสที่ 3,สำนักงานสถิติแห่งชาติ,550,หญิง,พันคน,ภาคตะวันออกเฉียงเหนือ,2565
เลย,159.1,ไตรมาสที่ 3,สำนักงานสถิติแห่งชาติ,551,ชาย,พันคน,ภาคตะวันออกเฉียงเหนือ,2565
เลย,147.0,ไตรมาสที่ 3,สำนักงานสถิติแห่งชาติ,552,หญิง,พันคน,ภาคตะวันออกเฉียงเหนือ,2565
กระบี่,134.8,ไตรมาสที่ 3,สำนักงานสถิติแห่งชาติ,553,ชาย,พันคน,ภาคใต้,2565
กระบี่,104.7,ไตรมาสที่ 3,สำนักงานสถิติแห่งชาติ,554,หญิง,พันคน,ภาคใต้,2565
ชุมพร,159.7,ไตรมาสที่ 3,สำนักงานสถิติแห่งชาติ,555,ชาย,พันคน,ภาคใต้,2565
ชุมพร,117.0,ไตรมาสที่ 3,สำนักงานสถิติแห่งชาติ,556,หญิง,พันคน,ภาคใต้,2565
ตรัง,195.1,ไตรมาสที่ 3,สำนักงานสถิติแห่งชาติ,557,ชาย,พันคน,ภาคใต้,2565
ตรัง,173.8,ไตรมาสที่ 3,สำนักงานสถิติแห่งชาติ,558,หญิง,พันคน,ภาคใต้,2565
นครศรีธรรมราช,447.6,ไตรมาสที่ 3,สำนักงานสถิติแห่งชาติ,559,ชาย,พันคน,ภาคใต้,2565
นครศรีธรรมราช,370.0,ไตรมาสที่ 3,สำนักงานสถิติแห่งชาติ,560,หญิง,พันคน,ภาคใต้,2565
นราธิวาส,202.7,ไตรมาสที่ 3,สำนักงานสถิติแห่งชาติ,561,ชาย,พันคน,ภาคใต้,2565
นราธิวาส,148.0,ไตรมาสที่ 3,สำนักงานสถิติแห่งชาติ,562,หญิง,พันคน,ภาคใต้,2565
ปัตตานี,187.5,ไตรมาสที่ 3,สำนักงานสถิติแห่งชาติ,563,ชาย,พันคน,ภาคใต้,2565
ปัตตานี,149.8,ไตรมาสที่ 3,สำนักงานสถิติแห่งชาติ,564,หญิง,พันคน,ภาคใต้,2565
พังงา,73.2,ไตรมาสที่ 3,สำนักงานสถิติแห่งชาติ,565,ชาย,พันคน,ภาคใต้,2565
พังงา,49.6,ไตรมาสที่ 3,สำนักงานสถิติแห่งชาติ,566,หญิง,พันคน,ภาคใต้,2565
พัทลุง,148.6,ไตรมาสที่ 3,สำนักงานสถิติแห่งชาติ,567,ชาย,พันคน,ภาคใต้,2565
พัทลุง,131.7,ไตรมาสที่ 3,สำนักงานสถิติแห่งชาติ,568,หญิง,พันคน,ภาคใต้,2565
ภูเก็ต,170.8,ไตรมาสที่ 3,สำนักงานสถิติแห่งชาติ,569,ชาย,พันคน,ภาคใต้,2565
ภูเก็ต,141.5,ไตรมาสที่ 3,สำนักงานสถิติแห่งชาติ,570,หญิง,พันคน,ภาคใต้,2565
ยะลา,144.5,ไตรมาสที่ 3,สำนักงานสถิติแห่งชาติ,571,ชาย,พันคน,ภาคใต้,2565
ยะลา,120.6,ไตรมาสที่ 3,สำนักงานสถิติแห่งชาติ,572,หญิง,พันคน,ภาคใต้,2565
ระนอง,90.7,ไตรมาสที่ 3,สำนักงานสถิติแห่งชาติ,573,ชาย,พันคน,ภาคใต้,2565
ระนอง,55.9,ไตรมาสที่ 3,สำนักงานสถิติแห่งชาติ,574,หญิง,พันคน,ภาคใต้,2565
สงขลา,469.0,ไตรมาสที่ 3,สำนักงานสถิติแห่งชาติ,575,ชาย,พันคน,ภาคใต้,2565
สงขลา,433.1,ไตรมาสที่ 3,สำนักงานสถิติแห่งชาติ,576,หญิง,พันคน,ภาคใต้,2565
สตูล,90.1,ไตรมาสที่ 3,สำนักงานสถิติแห่งชาติ,577,ชาย,พันคน,ภาคใต้,2565
สตูล,71.6,ไตรมาสที่ 3,สำนักงานสถิติแห่งชาติ,578,หญิง,พันคน,ภาคใต้,2565
สุราษฎร์ธานี,356.3,ไตรมาสที่ 3,สำนักงานสถิติแห่งชาติ,579,ชาย,พันคน,ภาคใต้,2565
สุราษฎร์ธานี,278.0,ไตรมาสที่ 3,สำนักงานสถิติแห่งชาติ,580,หญิง,พันคน,ภาคใต้,2565
กรุงเทพมหานคร,2918.6,ไตรมาสที่ 4,สำนักงานสถิติแห่งชาติ,581,ชาย,พันคน,กรุงเทพมหานคร,2565
กรุงเทพมหานคร,2774.2,ไตรมาสที่ 4,สำนักงานสถิติแห่งชาติ,582,หญิง,พันคน,กรุงเทพมหานคร,2565
กาญจนบุรี,260.6,ไตรมาสที่ 4,สำนักงานสถิติแห่งชาติ,583,ชาย,พันคน,ภาคกลาง,2565
กาญจนบุรี,229.9,ไตรมาสที่ 4,สำนักงานสถิติแห่งชาติ,584,หญิง,พันคน,ภาคกลาง,2565
จันทบุรี,194.3,ไตรมาสที่ 4,สำนักงานสถิติแห่งชาติ,585,ชาย,พันคน,ภาคกลาง,2565
จันทบุรี,171.0,ไตรมาสที่ 4,สำนักงานสถิติแห่งชาติ,586,หญิง,พันคน,ภาคกลาง,2565
ฉะเชิงเทรา,294.3,ไตรมาสที่ 4,สำนักงานสถิติแห่งชาติ,587,ชาย,พันคน,ภาคกลาง,2565
ฉะเชิงเทรา,251.3,ไตรมาสที่ 4,สำนักงานสถิติแห่งชาติ,588,หญิง,พันคน,ภาคกลาง,2565
ชลบุรี,582.2,ไตรมาสที่ 4,สำนักงานสถิติแห่งชาติ,589,ชาย,พันคน,ภาคกลาง,2565
ชลบุรี,487.1,ไตรมาสที่ 4,สำนักงานสถิติแห่งชาติ,590,หญิง,พันคน,ภาคกลาง,2565
ชัยนาท,86.3,ไตรมาสที่ 4,สำนักงานสถิติแห่งชาติ,591,ชาย,พันคน,ภาคกลาง,2565
ชัยนาท,76.5,ไตรมาสที่ 4,สำนักงานสถิติแห่งชาติ,592,หญิง,พันคน,ภาคกลาง,2565
ตราด,91.7,ไตรมาสที่ 4,สำนักงานสถิติแห่งชาติ,593,ชาย,พันคน,ภาคกลาง,2565
ตราด,77.3,ไตรมาสที่ 4,สำนักงานสถิติแห่งชาติ,594,หญิง,พันคน,ภาคกลาง,2565
นครนายก,78.7,ไตรมาสที่ 4,สำนักงานสถิติแห่งชาติ,595,ชาย,พันคน,ภาคกลาง,2565
นครนายก,68.8,ไตรมาสที่ 4,สำนักงานสถิติแห่งชาติ,596,หญิง,พันคน,ภาคกลาง,2565
นครปฐม,427.2,ไตรมาสที่ 4,สำนักงานสถิติแห่งชาติ,597,ชาย,พันคน,ภาคกลาง,2565
นครปฐม,407.8,ไตรมาสที่ 4,สำนักงานสถิติแห่งชาติ,598,หญิง,พันคน,ภาคกลาง,2565
นนทบุรี,607.7,ไตรมาสที่ 4,สำนักงานสถิติแห่งชาติ,599,ชาย,พันคน,ภาคกลาง,2565
นนทบุรี,532.9,ไตรมาสที่ 4,สำนักงานสถิติแห่งชาติ,600,หญิง,พันคน,ภาคกลาง,2565
ปทุมธานี,592.5,ไตรมาสที่ 4,สำนักงานสถิติแห่งชาติ,601,ชาย,พันคน,ภาคกลาง,2565
ปทุมธานี,521.8,ไตรมาสที่ 4,สำนักงานสถิติแห่งชาติ,602,หญิง,พันคน,ภาคกลาง,2565
ประจวบคีรีขันธ์,150.8,ไตรมาสที่ 4,สำนักงานสถิติแห่งชาติ,603,ชาย,พันคน,ภาคกลาง,2565
ประจวบคีรีขันธ์,127.5,ไตรมาสที่ 4,สำนักงานสถิติแห่งชาติ,604,หญิง,พันคน,ภาคกลาง,2565
ปราจีนบุรี,212.4,ไตรมาสที่ 4,สำนักงานสถิติแห่งชาติ,605,ชาย,พันคน,ภาคกลาง,2565
ปราจีนบุรี,186.8,ไตรมาสที่ 4,สำนักงานสถิติแห่งชาติ,606,หญิง,พันคน,ภาคกลาง,2565
พระนครศรีอยุธยา,274.5,ไตรมาสที่ 4,สำนักงานสถิติแห่งชาติ,607,ชาย,พันคน,ภาคกลาง,2565
พระนครศรีอยุธยา,236.2,ไตรมาสที่ 4,สำนักงานสถิติแห่งชาติ,608,หญิง,พันคน,ภาคกลาง,2565
ระยอง,376.0,ไตรมาสที่ 4,สำนักงานสถิติแห่งชาติ,609,ชาย,พันคน,ภาคกลาง,2565
ระยอง,301.2,ไตรมาสที่ 4,สำนักงานสถิติแห่งชาติ,610,หญิง,พันคน,ภาคกลาง,2565
ราชบุรี,254.6,ไตรมาสที่ 4,สำนักงานสถิติแห่งชาติ,611,ชาย,พันคน,ภาคกลาง,2565
ราชบุรี,215.7,ไตรมาสที่ 4,สำนักงานสถิติแห่งชาติ,612,หญิง,พันคน,ภาคกลาง,2565
ลพบุรี,242.6,ไตรมาสที่ 4,สำนักงานสถิติแห่งชาติ,613,ชาย,พันคน,ภาคกลาง,2565
ลพบุรี,205.0,ไตรมาสที่ 4,สำนักงานสถิติแห่งชาติ,614,หญิง,พันคน,ภาคกลาง,2565
สมุทรปราการ,774.9,ไตรมาสที่ 4,สำนักงานสถิติแห่งชาติ,615,ชาย,พันคน,ภาคกลาง,2565
สมุทรปราการ,677.9,ไตรมาสที่ 4,สำนักงานสถิติแห่งชาติ,616,หญิง,พันคน,ภาคกลาง,2565
สมุทรสงคราม,54.1,ไตรมาสที่ 4,สำนักงานสถิติแห่งชาติ,617,ชาย,พันคน,ภาคกลาง,2565
สมุทรสงคราม,44.7,ไตรมาสที่ 4,สำนักงานสถิติแห่งชาติ,618,หญิง,พันคน,ภาคกลาง,2565
สมุทรสาคร,379.5,ไตรมาสที่ 4,สำนักงานสถิติแห่งชาติ,619,ชาย,พันคน,ภาคกลาง,2565
สมุทรสาคร,368.4,ไตรมาสที่ 4,สำนักงานสถิติแห่งชาติ,620,หญิง,พันคน,ภาคกลาง,2565
สระบุรี,232.6,ไตรมาสที่ 4,สำนักงานสถิติแห่งชาติ,621,ชาย,พันคน,ภาคกลาง,2565
สระบุรี,190.0,ไตรมาสที่ 4,สำนักงานสถิติแห่งชาติ,622,หญิง,พันคน,ภาคกลาง,2565
สระแก้ว,194.0,ไตรมาสที่ 4,สำนักงานสถิติแห่งชาติ,623,ชาย,พันคน,ภาคกลาง,2565
สระแก้ว,161.1,ไตรมาสที่ 4,สำนักงานสถิติแห่งชาติ,624,หญิง,พันคน,ภาคกลาง,2565
สิงห์บุรี,54.4,ไตรมาสที่ 4,สำนักงานสถิติแห่งชาติ,625,ชาย,พันคน,ภาคกลาง,2565
สิงห์บุรี,45.7,ไตรมาสที่ 4,สำนักงานสถิติแห่งชาติ,626,หญิง,พันคน,ภาคกลาง,2565
สุพรรณบุรี,272.1,ไตรมาสที่ 4,สำนักงานสถิติแห่งชาติ,627,ชาย,พันคน,ภาคกลาง,2565
สุพรรณบุรี,224.5,ไตรมาสที่ 4,สำนักงานสถิติแห่งชาติ,628,หญิง,พันคน,ภาคกลาง,2565
อ่างทอง,66.7,ไตรมาสที่ 4,สำนักงานสถิติแห่งชาติ,629,ชาย,พันคน,ภาคกลาง,2565
อ่างทอง,58.6,ไตรมาสที่ 4,สำนักงานสถิติแห่งชาติ,630,หญิง,พันคน,ภาคกลาง,2565
เพชรบุรี,155.3,ไตรมาสที่ 4,สำนักงานสถิติแห่งชาติ,631,ชาย,พันคน,ภาคกลาง,2565
เพชรบุรี,138.0,ไตรมาสที่ 4,สำนักงานสถิติแห่งชาติ,632,หญิง,พันคน,ภาคกลาง,2565
กำแพงเพชร,233.2,ไตรมาสที่ 4,สำนักงานสถิติแห่งชาติ,633,ชาย,พันคน,ภาคเหนือ,2565
กำแพงเพชร,201.1,ไตรมาสที่ 4,สำนักงานสถิติแห่งชาติ,634,หญิง,พันคน,ภาคเหนือ,2565
ตาก,158.6,ไตรมาสที่ 4,สำนักงานสถิติแห่งชาติ,635,ชาย,พันคน,ภาคเหนือ,2565
ตาก,124.9,ไตรมาสที่ 4,สำนักงานสถิติแห่งชาติ,636,หญิง,พันคน,ภาคเหนือ,2565
นครสวรรค์,268.7,ไตรมาสที่ 4,สำนักงานสถิติแห่งชาติ,637,ชาย,พันคน,ภาคเหนือ,2565
นครสวรรค์,244.0,ไตรมาสที่ 4,สำนักงานสถิติแห่งชาติ,638,หญิง,พันคน,ภาคเหนือ,2565
น่าน,134.9,ไตรมาสที่ 4,สำนักงานสถิติแห่งชาติ,639,ชาย,พันคน,ภาคเหนือ,2565
น่าน,125.9,ไตรมาสที่ 4,สำนักงานสถิติแห่งชาติ,640,หญิง,พันคน,ภาคเหนือ,2565
พะเยา,97.4,ไตรมาสที่ 4,สำนักงานสถิติแห่งชาติ,641,ชาย,พันคน,ภาคเหนือ,2565
พะเยา,73.2,ไตรมาสที่ 4,สำนักงานสถิติแห่งชาติ,642,หญิง,พันคน,ภาคเหนือ,2565
พิจิตร,151.2,ไตรมาสที่ 4,สำนักงานสถิติแห่งชาติ,643,ชาย,พันคน,ภาคเหนือ,2565
พิจิตร,119.6,ไตรมาสที่ 4,สำนักงานสถิติแห่งชาติ,644,หญิง,พันคน,ภาคเหนือ,2565
พิษณุโลก,262.8,ไตรมาสที่ 4,สำนักงานสถิติแห่งชาติ,645,ชาย,พันคน,ภาคเหนือ,2565
พิษณุโลก,237.3,ไตรมาสที่ 4,สำนักงานสถิติแห่งชาติ,646,หญิง,พันคน,ภาคเหนือ,2565
ลำปาง,201.7,ไตรมาสที่ 4,สำนักงานสถิติแห่งชาติ,647,ชาย,พันคน,ภาคเหนือ,2565
ลำปาง,167.7,ไตรมาสที่ 4,สำนักงานสถิติแห่งชาติ,648,หญิง,พันคน,ภาคเหนือ,2565
ลำพูน,119.4,ไตรมาสที่ 4,สำนักงานสถิติแห่งชาติ,649,ชาย,พันคน,ภาคเหนือ,2565
ลำพูน,106.2,ไตรมาสที่ 4,สำนักงานสถิติแห่งชาติ,650,หญิง,พันคน,ภาคเหนือ,2565
สุโขทัย,181.5,ไตรมาสที่ 4,สำนักงานสถิติแห่งชาติ,651,ชาย,พันคน,ภาคเหนือ,2565
สุโขทัย,172.7,ไตรมาสที่ 4,สำนักงานสถิติแห่งชาติ,652,หญิง,พันคน,ภาคเหนือ,2565
อุตรดิตถ์,118.0,ไตรมาสที่ 4,สำนักงานสถิติแห่งชาติ,653,ชาย,พันคน,ภาคเหนือ,2565
อุตรดิตถ์,92.8,ไตรมาสที่ 4,สำนักงานสถิติแห่งชาติ,654,หญิง,พันคน,ภาคเหนือ,2565
อุทัยธานี,81.3,ไตรมาสที่ 4,สำนักงานสถิติแห่งชาติ,655,ชาย,พันคน,ภาคเหนือ,2565
อุทัยธานี,66.7,ไตรมาสที่ 4,สำนักงานสถิติแห่งชาติ,656,หญิง,พันคน,ภาคเหนือ,2565
เชียงราย,346.5,ไตรมาสที่ 4,สำนักงานสถิติแห่งชาติ,657,ชาย,พันคน,ภาคเหนือ,2565
เชียงราย,281.5,ไตรมาสที่ 4,สำนักงานสถิติแห่งชาติ,658,หญิง,พันคน,ภาคเหนือ,2565
เชียงใหม่,552.9,ไตรมาสที่ 4,สำนักงานสถิติแห่งชาติ,659,ชาย,พันคน,ภาคเหนือ,2565
เชียงใหม่,470.2,ไตรมาสที่ 4,สำนักงานสถิติแห่งชาติ,660,หญิง,พันคน,ภาคเหนือ,2565
เพชรบูรณ์,254.5,ไตรมาสที่ 4,สำนักงานสถิติแห่งชาติ,661,ชาย,พันคน,ภาคเหนือ,2565
เพชรบูรณ์,224.6,ไตรมาสที่ 4,สำนักงานสถิติแห่งชาติ,662,หญิง,พันคน,ภาคเหนือ,2565
แพร่,110.3,ไตรมาสที่ 4,สำนักงานสถิติแห่งชาติ,663,ชาย,พันคน,ภาคเหนือ,2565
แพร่,92.0,ไตรมาสที่ 4,สำนักงานสถิติแห่งชาติ,664,หญิง,พันคน,ภาคเหนือ,2565
แม่ฮ่องสอน,77.0,ไตรมาสที่ 4,สำนักงานสถิติแห่งชาติ,665,ชาย,พันคน,ภาคเหนือ,2565
แม่ฮ่องสอน,71.5,ไตรมาสที่ 4,สำนักงานสถิติแห่งชาติ,666,หญิง,พันคน,ภาคเหนือ,2565
กาฬสินธุ์,218.7,ไตรมาสที่ 4,สำนักงานสถิติแห่งชาติ,667,ชาย,พันคน,ภาคตะวันออกเฉียงเหนือ,2565
กาฬสินธุ์,172.0,ไตรมาสที่ 4,สำนักงานสถิติแห่งชาติ,668,หญิง,พันคน,ภาคตะวันออกเฉียงเหนือ,2565
ขอนแก่น,465.0,ไตรมาสที่ 4,สำนักงานสถิติแห่งชาติ,669,ชาย,พันคน,ภาคตะวันออกเฉียงเหนือ,2565
ขอนแก่น,414.7,ไตรมาสที่ 4,สำนักงานสถิติแห่งชาติ,670,หญิง,พันคน,ภาคตะวันออกเฉียงเหนือ,2565
ชัยภูมิ,266.1,ไตรมาสที่ 4,สำนักงานสถิติแห่งชาติ,671,ชาย,พันคน,ภาคตะวันออกเฉียงเหนือ,2565
ชัยภูมิ,223.7,ไตรมาสที่ 4,สำนักงานสถิติแห่งชาติ,672,หญิง,พันคน,ภาคตะวันออกเฉียงเหนือ,2565
นครพนม,151.2,ไตรมาสที่ 4,สำนักงานสถิติแห่งชาติ,673,ชาย,พันคน,ภาคตะวันออกเฉียงเหนือ,2565
นครพนม,127.5,ไตรมาสที่ 4,สำนักงานสถิติแห่งชาติ,674,หญิง,พันคน,ภาคตะวันออกเฉียงเหนือ,2565
นครราชสีมา,657.9,ไตรมาสที่ 4,สำนักงานสถิติแห่งชาติ,675,ชาย,พันคน,ภาคตะวันออกเฉียงเหนือ,2565
นครราชสีมา,508.3,ไตรมาสที่ 4,สำนักงานสถิติแห่งชาติ,676,หญิง,พันคน,ภาคตะวันออกเฉียงเหนือ,2565
บึงกาฬ,101.9,ไตรมาสที่ 4,สำนักงานสถิติแห่งชาติ,677,ชาย,พันคน,ภาคตะวันออกเฉียงเหนือ,2565
บึงกาฬ,93.9,ไตรมาสที่ 4,สำนักงานสถิติแห่งชาติ,678,หญิง,พันคน,ภาคตะวันออกเฉียงเหนือ,2565
บุรีรัมย์,366.0,ไตรมาสที่ 4,สำนักงานสถิติแห่งชาติ,679,ชาย,พันคน,ภาคตะวันออกเฉียงเหนือ,2565
บุรีรัมย์,299.9,ไตรมาสที่ 4,สำนักงานสถิติแห่งชาติ,680,หญิง,พันคน,ภาคตะวันออกเฉียงเหนือ,2565
มหาสารคาม,211.9,ไตรมาสที่ 4,สำนักงานสถิติแห่งชาติ,681,ชาย,พันคน,ภาคตะวันออกเฉียงเหนือ,2565
มหาสารคาม,176.9,ไตรมาสที่ 4,สำนักงานสถิติแห่งชาติ,682,หญิง,พันคน,ภาคตะวันออกเฉียงเหนือ,2565
มุกดาหาร,125.7,ไตรมาสที่ 4,สำนักงานสถิติแห่งชาติ,683,ชาย,พันคน,ภาคตะวันออกเฉียงเหนือ,2565
มุกดาหาร,113.8,ไตรมาสที่ 4,สำนักงานสถิติแห่งชาติ,684,หญิง,พันคน,ภาคตะวันออกเฉียงเหนือ,2565
ยโสธร,142.4,ไตรมาสที่ 4,สำนักงานสถิติแห่งชาติ,685,ชาย,พันคน,ภาคตะวันออกเฉียงเหนือ,2565
ยโสธร,137.2,ไตรมาสที่ 4,สำนักงานสถิติแห่งชาติ,686,หญิง,พันคน,ภาคตะวันออกเฉียงเหนือ,2565
ร้อยเอ็ด,311.9,ไตรมาสที่ 4,สำนักงานสถิติแห่งชาติ,687,ชาย,พันคน,ภาคตะวันออกเฉียงเหนือ,2565
ร้อยเอ็ด,272.6,ไตรมาสที่ 4,สำนักงานสถิติแห่งชาติ,688,หญิง,พันคน,ภาคตะวันออกเฉียงเหนือ,2565
ศรีสะเกษ,297.2,ไตรมาสที่ 4,สำนักงานสถิติแห่งชาติ,689,ชาย,พันคน,ภาคตะวันออกเฉียงเหนือ,2565
ศรีสะเกษ,254.4,ไตรมาสที่ 4,สำนักงานสถิติแห่งชาติ,690,หญิง,พันคน,ภาคตะวันออกเฉียงเหนือ,2565
สกลนคร,253.8,ไตรมาสที่ 4,สำนักงานสถิติแห่งชาติ,691,ชาย,พันคน,ภาคตะวันออกเฉียงเหนือ,2565
สกลนคร,182.2,ไตรมาสที่ 4,สำนักงานสถิติแห่งชาติ,692,หญิง,พันคน,ภาคตะวันออกเฉียงเหนือ,2565
สุรินทร์,266.4,ไตรมาสที่ 4,สำนักงานสถิติแห่งชาติ,693,ชาย,พันคน,ภาคตะวันออกเฉียงเหนือ,2565
สุรินทร์,238.7,ไตรมาสที่ 4,สำนักงานสถิติแห่งชาติ,694,หญิง,พันคน,ภาคตะวันออกเฉียงเหนือ,2565
หนองคาย,120.2,ไตรมาสที่ 4,สำนักงานสถิติแห่งชาติ,695,ชาย,พันคน,ภาคตะวันออกเฉียงเหนือ,2565
หนองคาย,104.0,ไตรมาสที่ 4,สำนักงานสถิติแห่งชาติ,696,หญิง,พันคน,ภาคตะวันออกเฉียงเหนือ,2565
หนองบัวลำภู,132.4,ไตรมาสที่ 4,สำนักงานสถิติแห่งชาติ,697,ชาย,พันคน,ภาคตะวันออกเฉียงเหนือ,2565
หนองบัวลำภู,109.1,ไตรมาสที่ 4,สำนักงานสถิติแห่งชาติ,698,หญิง,พันคน,ภาคตะวันออกเฉียงเหนือ,2565
อำนาจเจริญ,82.9,ไตรมาสที่ 4,สำนักงานสถิติแห่งชาติ,699,ชาย,พันคน,ภาคตะวันออกเฉียงเหนือ,2565
อำนาจเจริญ,71.6,ไตรมาสที่ 4,สำนักงานสถิติแห่งชาติ,700,หญิง,พันคน,ภาคตะวันออกเฉียงเหนือ,2565
อุดรธานี,353.0,ไตรมาสที่ 4,สำนักงานสถิติแห่งชาติ,701,ชาย,พันคน,ภาคตะวันออกเฉียงเหนือ,2565
อุดรธานี,288.6,ไตรมาสที่ 4,สำนักงานสถิติแห่งชาติ,702,หญิง,พันคน,ภาคตะวันออกเฉียงเหนือ,2565
อุบลราชธานี,494.6,ไตรมาสที่ 4,สำนักงานสถิติแห่งชาติ,703,ชาย,พันคน,ภาคตะวันออกเฉียงเหนือ,2565
อุบลราชธานี,364.5,ไตรมาสที่ 4,สำนักงานสถิติแห่งชาติ,704,หญิง,พันคน,ภาคตะวันออกเฉียงเหนือ,2565
เลย,154.7,ไตรมาสที่ 4,สำนักงานสถิติแห่งชาติ,705,ชาย,พันคน,ภาคตะวันออกเฉียงเหนือ,2565
เลย,142.5,ไตรมาสที่ 4,สำนักงานสถิติแห่งชาติ,706,หญิง,พันคน,ภาคตะวันออกเฉียงเหนือ,2565
กระบี่,137.2,ไตรมาสที่ 4,สำนักงานสถิติแห่งชาติ,707,ชาย,พันคน,ภาคใต้,2565
กระบี่,107.4,ไตรมาสที่ 4,สำนักงานสถิติแห่งชาติ,708,หญิง,พันคน,ภาคใต้,2565
ชุมพร,160.8,ไตรมาสที่ 4,สำนักงานสถิติแห่งชาติ,709,ชาย,พันคน,ภาคใต้,2565
ชุมพร,123.7,ไตรมาสที่ 4,สำนักงานสถิติแห่งชาติ,710,หญิง,พันคน,ภาคใต้,2565
ตรัง,198.4,ไตรมาสที่ 4,สำนักงานสถิติแห่งชาติ,711,ชาย,พันคน,ภาคใต้,2565
ตรัง,171.1,ไตรมาสที่ 4,สำนักงานสถิติแห่งชาติ,712,หญิง,พันคน,ภาคใต้,2565
นครศรีธรรมราช,456.6,ไตรมาสที่ 4,สำนักงานสถิติแห่งชาติ,713,ชาย,พันคน,ภาคใต้,2565
นครศรีธรรมราช,369.6,ไตรมาสที่ 4,สำนักงานสถิติแห่งชาติ,714,หญิง,พันคน,ภาคใต้,2565
นราธิวาส,205.3,ไตรมาสที่ 4,สำนักงานสถิติแห่งชาติ,715,ชาย,พันคน,ภาคใต้,2565
นราธิวาส,150.0,ไตรมาสที่ 4,สำนักงานสถิติแห่งชาติ,716,หญิง,พันคน,ภาคใต้,2565
ปัตตานี,194.8,ไตรมาสที่ 4,สำนักงานสถิติแห่งชาติ,717,ชาย,พันคน,ภาคใต้,2565
ปัตตานี,148.3,ไตรมาสที่ 4,สำนักงานสถิติแห่งชาติ,718,หญิง,พันคน,ภาคใต้,2565
พังงา,75.2,ไตรมาสที่ 4,สำนักงานสถิติแห่งชาติ,719,ชาย,พันคน,ภาคใต้,2565
พังงา,50.8,ไตรมาสที่ 4,สำนักงานสถิติแห่งชาติ,720,หญิง,พันคน,ภาคใต้,2565
พัทลุง,147.6,ไตรมาสที่ 4,สำนักงานสถิติแห่งชาติ,721,ชาย,พันคน,ภาคใต้,2565
พัทลุง,121.3,ไตรมาสที่ 4,สำนักงานสถิติแห่งชาติ,722,หญิง,พันคน,ภาคใต้,2565
ฉะเชิงเทรา,192.8,ไตรมาสที่ 2,สำนักงานสถิติแห่งชาติ,723,หญิง,พันคน,ภาคกลาง,2563
ชลบุรี,550.5,ไตรมาสที่ 2,สำนักงานสถิติแห่งชาติ,724,ชาย,พันคน,ภาคกลาง,2563
ชลบุรี,445.4,ไตรมาสที่ 2,สำนักงานสถิติแห่งชาติ,725,หญิง,พันคน,ภาคกลาง,2563
ชัยนาท,91.0,ไตรมาสที่ 2,สำนักงานสถิติแห่งชาติ,726,ชาย,พันคน,ภาคกลาง,2563
ชัยนาท,75.1,ไตรมาสที่ 2,สำนักงานสถิติแห่งชาติ,727,หญิง,พันคน,ภาคกลาง,2563
ตราด,100.3,ไตรมาสที่ 2,สำนักงานสถิติแห่งชาติ,728,ชาย,พันคน,ภาคกลาง,2563
ตราด,71.7,ไตรมาสที่ 2,สำนักงานสถิติแห่งชาติ,729,หญิง,พันคน,ภาคกลาง,2563
นครนายก,82.1,ไตรมาสที่ 2,สำนักงานสถิติแห่งชาติ,730,ชาย,พันคน,ภาคกลาง,2563
นครนายก,68.3,ไตรมาสที่ 2,สำนักงานสถิติแห่งชาติ,731,หญิง,พันคน,ภาคกลาง,2563
นครปฐม,352.1,ไตรมาสที่ 2,สำนักงานสถิติแห่งชาติ,732,ชาย,พันคน,ภาคกลาง,2563
นครปฐม,325.4,ไตรมาสที่ 2,สำนักงานสถิติแห่งชาติ,733,หญิง,พันคน,ภาคกลาง,2563
นนทบุรี,515.1,ไตรมาสที่ 2,สำนักงานสถิติแห่งชาติ,734,ชาย,พันคน,ภาคกลาง,2563
นนทบุรี,427.2,ไตรมาสที่ 2,สำนักงานสถิติแห่งชาติ,735,หญิง,พันคน,ภาคกลาง,2563
ปทุมธานี,510.1,ไตรมาสที่ 2,สำนักงานสถิติแห่งชาติ,736,ชาย,พันคน,ภาคกลาง,2563
ปทุมธานี,457.0,ไตรมาสที่ 2,สำนักงานสถิติแห่งชาติ,737,หญิง,พันคน,ภาคกลาง,2563
ประจวบคีรีขันธ์,145.3,ไตรมาสที่ 2,สำนักงานสถิติแห่งชาติ,738,ชาย,พันคน,ภาคกลาง,2563
ประจวบคีรีขันธ์,108.3,ไตรมาสที่ 2,สำนักงานสถิติแห่งชาติ,739,หญิง,พันคน,ภาคกลาง,2563
ปราจีนบุรี,193.6,ไตรมาสที่ 2,สำนักงานสถิติแห่งชาติ,740,ชาย,พันคน,ภาคกลาง,2563
ปราจีนบุรี,159.0,ไตรมาสที่ 2,สำนักงานสถิติแห่งชาติ,741,หญิง,พันคน,ภาคกลาง,2563
พระนครศรีอยุธยา,271.8,ไตรมาสที่ 2,สำนักงานสถิติแห่งชาติ,742,ชาย,พันคน,ภาคกลาง,2563
พระนครศรีอยุธยา,231.3,ไตรมาสที่ 2,สำนักงานสถิติแห่งชาติ,743,หญิง,พันคน,ภาคกลาง,2563
ระยอง,318.8,ไตรมาสที่ 2,สำนักงานสถิติแห่งชาติ,744,ชาย,พันคน,ภาคกลาง,2563
ระยอง,256.4,ไตรมาสที่ 2,สำนักงานสถิติแห่งชาติ,745,หญิง,พันคน,ภาคกลาง,2563
ราชบุรี,242.8,ไตรมาสที่ 2,สำนักงานสถิติแห่งชาติ,746,ชาย,พันคน,ภาคกลาง,2563
ราชบุรี,209.0,ไตรมาสที่ 2,สำนักงานสถิติแห่งชาติ,747,หญิง,พันคน,ภาคกลาง,2563
ลพบุรี,226.3,ไตรมาสที่ 2,สำนักงานสถิติแห่งชาติ,748,ชาย,พันคน,ภาคกลาง,2563
ลพบุรี,186.2,ไตรมาสที่ 2,สำนักงานสถิติแห่งชาติ,749,หญิง,พันคน,ภาคกลาง,2563
สมุทรปราการ,720.1,ไตรมาสที่ 2,สำนักงานสถิติแห่งชาติ,750,ชาย,พันคน,ภาคกลาง,2563
สมุทรปราการ,638.8,ไตรมาสที่ 2,สำนักงานสถิติแห่งชาติ,751,หญิง,พันคน,ภาคกลาง,2563
สมุทรสงคราม,60.7,ไตรมาสที่ 2,สำนักงานสถิติแห่งชาติ,752,ชาย,พันคน,ภาคกลาง,2563
สมุทรสงคราม,50.4,ไตรมาสที่ 2,สำนักงานสถิติแห่งชาติ,753,หญิง,พันคน,ภาคกลาง,2563
สมุทรสาคร,377.5,ไตรมาสที่ 2,สำนักงานสถิติแห่งชาติ,754,ชาย,พันคน,ภาคกลาง,2563
สมุทรสาคร,329.3,ไตรมาสที่ 2,สำนักงานสถิติแห่งชาติ,755,หญิง,พันคน,ภาคกลาง,2563
สระบุรี,213.8,ไตรมาสที่ 2,สำนักงานสถิติแห่งชาติ,756,ชาย,พันคน,ภาคกลาง,2563
สระบุรี,166.4,ไตรมาสที่ 2,สำนักงานสถิติแห่งชาติ,757,หญิง,พันคน,ภาคกลาง,2563
สระแก้ว,178.5,ไตรมาสที่ 2,สำนักงานสถิติแห่งชาติ,758,ชาย,พันคน,ภาคกลาง,2563
สระแก้ว,136.7,ไตรมาสที่ 2,สำนักงานสถิติแห่งชาติ,759,หญิง,พันคน,ภาคกลาง,2563
สิงห์บุรี,56.3,ไตรมาสที่ 2,สำนักงานสถิติแห่งชาติ,760,ชาย,พันคน,ภาคกลาง,2563
สิงห์บุรี,47.1,ไตรมาสที่ 2,สำนักงานสถิติแห่งชาติ,761,หญิง,พันคน,ภาคกลาง,2563
สุพรรณบุรี,241.7,ไตรมาสที่ 2,สำนักงานสถิติแห่งชาติ,762,ชาย,พันคน,ภาคกลาง,2563
สุพรรณบุรี,193.8,ไตรมาสที่ 2,สำนักงานสถิติแห่งชาติ,763,หญิง,พันคน,ภาคกลาง,2563
อ่างทอง,68.4,ไตรมาสที่ 2,สำนักงานสถิติแห่งชาติ,764,ชาย,พันคน,ภาคกลาง,2563
อ่างทอง,63.2,ไตรมาสที่ 2,สำนักงานสถิติแห่งชาติ,765,หญิง,พันคน,ภาคกลาง,2563
เพชรบุรี,147.4,ไตรมาสที่ 2,สำนักงานสถิติแห่งชาติ,766,ชาย,พันคน,ภาคกลาง,2563
เพชรบุรี,128.9,ไตรมาสที่ 2,สำนักงานสถิติแห่งชาติ,767,หญิง,พันคน,ภาคกลาง,2563
กำแพงเพชร,216.1,ไตรมาสที่ 2,สำนักงานสถิติแห่งชาติ,768,ชาย,พันคน,ภาคเหนือ,2563
กำแพงเพชร,173.0,ไตรมาสที่ 2,สำนักงานสถิติแห่งชาติ,769,หญิง,พันคน,ภาคเหนือ,2563
ตาก,133.7,ไตรมาสที่ 2,สำนักงานสถิติแห่งชาติ,770,ชาย,พันคน,ภาคเหนือ,2563
ตาก,105.2,ไตรมาสที่ 2,สำนักงานสถิติแห่งชาติ,771,หญิง,พันคน,ภาคเหนือ,2563
นครสวรรค์,280.4,ไตรมาสที่ 2,สำนักงานสถิติแห่งชาติ,772,ชาย,พันคน,ภาคเหนือ,2563
นครสวรรค์,234.5,ไตรมาสที่ 2,สำนักงานสถิติแห่งชาติ,773,หญิง,พันคน,ภาคเหนือ,2563
น่าน,132.2,ไตรมาสที่ 2,สำนักงานสถิติแห่งชาติ,774,ชาย,พันคน,ภาคเหนือ,2563
น่าน,100.2,ไตรมาสที่ 2,สำนักงานสถิติแห่งชาติ,775,หญิง,พันคน,ภาคเหนือ,2563
พะเยา,116.9,ไตรมาสที่ 2,สำนักงานสถิติแห่งชาติ,776,ชาย,พันคน,ภาคเหนือ,2563
พะเยา,84.8,ไตรมาสที่ 2,สำนักงานสถิติแห่งชาติ,777,หญิง,พันคน,ภาคเหนือ,2563
พิจิตร,147.1,ไตรมาสที่ 2,สำนักงานสถิติแห่งชาติ,778,ชาย,พันคน,ภาคเหนือ,2563
พิจิตร,121.6,ไตรมาสที่ 2,สำนักงานสถิติแห่งชาติ,779,หญิง,พันคน,ภาคเหนือ,2563
พิษณุโลก,248.2,ไตรมาสที่ 2,สำนักงานสถิติแห่งชาติ,780,ชาย,พันคน,ภาคเหนือ,2563
พิษณุโลก,220.1,ไตรมาสที่ 2,สำนักงานสถิติแห่งชาติ,781,หญิง,พันคน,ภาคเหนือ,2563
ลำปาง,203.2,ไตรมาสที่ 2,สำนักงานสถิติแห่งชาติ,782,ชาย,พันคน,ภาคเหนือ,2563
ลำปาง,161.9,ไตรมาสที่ 2,สำนักงานสถิติแห่งชาติ,783,หญิง,พันคน,ภาคเหนือ,2563
ลำพูน,131.2,ไตรมาสที่ 2,สำนักงานสถิติแห่งชาติ,784,ชาย,พันคน,ภาคเหนือ,2563
ลำพูน,117.9,ไตรมาสที่ 2,สำนักงานสถิติแห่งชาติ,785,หญิง,พันคน,ภาคเหนือ,2563
สุโขทัย,164.4,ไตรมาสที่ 2,สำนักงานสถิติแห่งชาติ,786,ชาย,พันคน,ภาคเหนือ,2563
สุโขทัย,147.5,ไตรมาสที่ 2,สำนักงานสถิติแห่งชาติ,787,หญิง,พันคน,ภาคเหนือ,2563
อุตรดิตถ์,108.4,ไตรมาสที่ 2,สำนักงานสถิติแห่งชาติ,788,ชาย,พันคน,ภาคเหนือ,2563
อุตรดิตถ์,83.9,ไตรมาสที่ 2,สำนักงานสถิติแห่งชาติ,789,หญิง,พันคน,ภาคเหนือ,2563
อุทัยธานี,78.2,ไตรมาสที่ 2,สำนักงานสถิติแห่งชาติ,790,ชาย,พันคน,ภาคเหนือ,2563
อุทัยธานี,64.5,ไตรมาสที่ 2,สำนักงานสถิติแห่งชาติ,791,หญิง,พันคน,ภาคเหนือ,2563
เชียงราย,331.9,ไตรมาสที่ 2,สำนักงานสถิติแห่งชาติ,792,ชาย,พันคน,ภาคเหนือ,2563
เชียงราย,247.1,ไตรมาสที่ 2,สำนักงานสถิติแห่งชาติ,793,หญิง,พันคน,ภาคเหนือ,2563
เชียงใหม่,499.6,ไตรมาสที่ 2,สำนักงานสถิติแห่งชาติ,794,ชาย,พันคน,ภาคเหนือ,2563
เชียงใหม่,428.0,ไตรมาสที่ 2,สำนักงานสถิติแห่งชาติ,795,หญิง,พันคน,ภาคเหนือ,2563
เพชรบูรณ์,239.8,ไตรมาสที่ 2,สำนักงานสถิติแห่งชาติ,796,ชาย,พันคน,ภาคเหนือ,2563
เพชรบูรณ์,201.1,ไตรมาสที่ 2,สำนักงานสถิติแห่งชาติ,797,หญิง,พันคน,ภาคเหนือ,2563
แพร่,116.3,ไตรมาสที่ 2,สำนักงานสถิติแห่งชาติ,798,ชาย,พันคน,ภาคเหนือ,2563
แพร่,103.6,ไตรมาสที่ 2,สำนักงานสถิติแห่งชาติ,799,หญิง,พันคน,ภาคเหนือ,2563
แม่ฮ่องสอน,55.4,ไตรมาสที่ 2,สำนักงานสถิติแห่งชาติ,800,ชาย,พันคน,ภาคเหนือ,2563
แม่ฮ่องสอน,42.7,ไตรมาสที่ 2,สำนักงานสถิติแห่งชาติ,801,หญิง,พันคน,ภาคเหนือ,2563
กาฬสินธุ์,220.0,ไตรมาสที่ 2,สำนักงานสถิติแห่งชาติ,802,ชาย,พันคน,ภาคตะวันออกเฉียงเหนือ,2563
กาฬสินธุ์,162.4,ไตรมาสที่ 2,สำนักงานสถิติแห่งชาติ,803,หญิง,พันคน,ภาคตะวันออกเฉียงเหนือ,2563
ขอนแก่น,456.4,ไตรมาสที่ 2,สำนักงานสถิติแห่งชาติ,804,ชาย,พันคน,ภาคตะวันออกเฉียงเหนือ,2563
ชัยภูมิ,253.8,ไตรมาสที่ 2,สำนักงานสถิติแห่งชาติ,805,ชาย,พันคน,ภาคตะวันออกเฉียงเหนือ,2563
ชัยภูมิ,205.0,ไตรมาสที่ 2,สำนักงานสถิติแห่งชาติ,806,หญิง,พันคน,ภาคตะวันออกเฉียงเหนือ,2563
นครพนม,159.3,ไตรมาสที่ 2,สำนักงานสถิติแห่งชาติ,807,ชาย,พันคน,ภาคตะวันออกเฉียงเหนือ,2563
นครพนม,136.9,ไตรมาสที่ 2,สำนักงานสถิติแห่งชาติ,808,หญิง,พันคน,ภาคตะวันออกเฉียงเหนือ,2563
นครราชสีมา,689.8,ไตรมาสที่ 2,สำนักงานสถิติแห่งชาติ,809,ชาย,พันคน,ภาคตะวันออกเฉียงเหนือ,2563
นครราชสีมา,545.3,ไตรมาสที่ 2,สำนักงานสถิติแห่งชาติ,810,หญิง,พันคน,ภาคตะวันออกเฉียงเหนือ,2563
บึงกาฬ,88.6,ไตรมาสที่ 2,สำนักงานสถิติแห่งชาติ,811,ชาย,พันคน,ภาคตะวันออกเฉียงเหนือ,2563
บึงกาฬ,70.2,ไตรมาสที่ 2,สำนักงานสถิติแห่งชาติ,812,หญิง,พันคน,ภาคตะวันออกเฉียงเหนือ,2563
บุรีรัมย์,358.5,ไตรมาสที่ 2,สำนักงานสถิติแห่งชาติ,813,ชาย,พันคน,ภาคตะวันออกเฉียงเหนือ,2563
บุรีรัมย์,293.7,ไตรมาสที่ 2,สำนักงานสถิติแห่งชาติ,814,หญิง,พันคน,ภาคตะวันออกเฉียงเหนือ,2563
มหาสารคาม,224.1,ไตรมาสที่ 2,สำนักงานสถิติแห่งชาติ,815,ชาย,พันคน,ภาคตะวันออกเฉียงเหนือ,2563
มหาสารคาม,147.4,ไตรมาสที่ 2,สำนักงานสถิติแห่งชาติ,816,หญิง,พันคน,ภาคตะวันออกเฉียงเหนือ,2563
มุกดาหาร,105.8,ไตรมาสที่ 2,สำนักงานสถิติแห่งชาติ,817,ชาย,พันคน,ภาคตะวันออกเฉียงเหนือ,2563
มุกดาหาร,83.0,ไตรมาสที่ 2,สำนักงานสถิติแห่งชาติ,818,หญิง,พันคน,ภาคตะวันออกเฉียงเหนือ,2563
ยโสธร,143.8,ไตรมาสที่ 2,สำนักงานสถิติแห่งชาติ,819,ชาย,พันคน,ภาคตะวันออกเฉียงเหนือ,2563
ยโสธร,127.6,ไตรมาสที่ 2,สำนักงานสถิติแห่งชาติ,820,หญิง,พันคน,ภาคตะวันออกเฉียงเหนือ,2563
ร้อยเอ็ด,299.4,ไตรมาสที่ 2,สำนักงานสถิติแห่งชาติ,821,ชาย,พันคน,ภาคตะวันออกเฉียงเหนือ,2563
ร้อยเอ็ด,253.4,ไตรมาสที่ 2,สำนักงานสถิติแห่งชาติ,822,หญิง,พันคน,ภาคตะวันออกเฉียงเหนือ,2563
ศรีสะเกษ,300.5,ไตรมาสที่ 2,สำนักงานสถิติแห่งชาติ,823,ชาย,พันคน,ภาคตะวันออกเฉียงเหนือ,2563
ศรีสะเกษ,246.1,ไตรมาสที่ 2,สำนักงานสถิติแห่งชาติ,824,หญิง,พันคน,ภาคตะวันออกเฉียงเหนือ,2563
สกลนคร,227.0,ไตรมาสที่ 2,สำนักงานสถิติแห่งชาติ,825,ชาย,พันคน,ภาคตะวันออกเฉียงเหนือ,2563
สกลนคร,166.9,ไตรมาสที่ 2,สำนักงานสถิติแห่งชาติ,826,หญิง,พันคน,ภาคตะวันออกเฉียงเหนือ,2563
สุรินทร์,279.5,ไตรมาสที่ 2,สำนักงานสถิติแห่งชาติ,827,ชาย,พันคน,ภาคตะวันออกเฉียงเหนือ,2563
สุรินทร์,224.8,ไตรมาสที่ 2,สำนักงานสถิติแห่งชาติ,828,หญิง,พันคน,ภาคตะวันออกเฉียงเหนือ,2563
หนองคาย,114.5,ไตรมาสที่ 2,สำนักงานสถิติแห่งชาติ,829,ชาย,พันคน,ภาคตะวันออกเฉียงเหนือ,2563
หนองคาย,90.5,ไตรมาสที่ 2,สำนักงานสถิติแห่งชาติ,830,หญิง,พันคน,ภาคตะวันออกเฉียงเหนือ,2563
หนองบัวลำภู,120.8,ไตรมาสที่ 2,สำนักงานสถิติแห่งชาติ,831,ชาย,พันคน,ภาคตะวันออกเฉียงเหนือ,2563
หนองบัวลำภู,92.2,ไตรมาสที่ 2,สำนักงานสถิติแห่งชาติ,832,หญิง,พันคน,ภาคตะวันออกเฉียงเหนือ,2563
อำนาจเจริญ,78.0,ไตรมาสที่ 2,สำนักงานสถิติแห่งชาติ,833,ชาย,พันคน,ภาคตะวันออกเฉียงเหนือ,2563
อำนาจเจริญ,64.6,ไตรมาสที่ 2,สำนักงานสถิติแห่งชาติ,834,หญิง,พันคน,ภาคตะวันออกเฉียงเหนือ,2563
อุดรธานี,332.2,ไตรมาสที่ 2,สำนักงานสถิติแห่งชาติ,835,ชาย,พันคน,ภาคตะวันออกเฉียงเหนือ,2563
อุดรธานี,228.3,ไตรมาสที่ 2,สำนักงานสถิติแห่งชาติ,836,หญิง,พันคน,ภาคตะวันออกเฉียงเหนือ,2563
อุบลราชธานี,501.9,ไตรมาสที่ 2,สำนักงานสถิติแห่งชาติ,837,ชาย,พันคน,ภาคตะวันออกเฉียงเหนือ,2563
อุบลราชธานี,388.4,ไตรมาสที่ 2,สำนักงานสถิติแห่งชาติ,838,หญิง,พันคน,ภาคตะวันออกเฉียงเหนือ,2563
เลย,165.6,ไตรมาสที่ 2,สำนักงานสถิติแห่งชาติ,839,ชาย,พันคน,ภาคตะวันออกเฉียงเหนือ,2563
เลย,140.4,ไตรมาสที่ 2,สำนักงานสถิติแห่งชาติ,840,หญิง,พันคน,ภาคตะวันออกเฉียงเหนือ,2563
กระบี่,118.2,ไตรมาสที่ 2,สำนักงานสถิติแห่งชาติ,841,ชาย,พันคน,ภาคใต้,2563
กระบี่,95.8,ไตรมาสที่ 2,สำนักงานสถิติแห่งชาติ,842,หญิง,พันคน,ภาคใต้,2563
ชุมพร,172.0,ไตรมาสที่ 2,สำนักงานสถิติแห่งชาติ,843,ชาย,พันคน,ภาคใต้,2563
ชุมพร,118.3,ไตรมาสที่ 2,สำนักงานสถิติแห่งชาติ,844,หญิง,พันคน,ภาคใต้,2563
ตรัง,198.7,ไตรมาสที่ 2,สำนักงานสถิติแห่งชาติ,845,ชาย,พันคน,ภาคใต้,2563
ตรัง,174.3,ไตรมาสที่ 2,สำนักงานสถิติแห่งชาติ,846,หญิง,พันคน,ภาคใต้,2563
นครศรีธรรมราช,493.0,ไตรมาสที่ 2,สำนักงานสถิติแห่งชาติ,847,ชาย,พันคน,ภาคใต้,2563
นครศรีธรรมราช,383.6,ไตรมาสที่ 2,สำนักงานสถิติแห่งชาติ,848,หญิง,พันคน,ภาคใต้,2563
นราธิวาส,188.9,ไตรมาสที่ 2,สำนักงานสถิติแห่งชาติ,849,ชาย,พันคน,ภาคใต้,2563
นราธิวาส,131.8,ไตรมาสที่ 2,สำนักงานสถิติแห่งชาติ,850,หญิง,พันคน,ภาคใต้,2563
ปัตตานี,158.5,ไตรมาสที่ 2,สำนักงานสถิติแห่งชาติ,851,ชาย,พันคน,ภาคใต้,2563
ปัตตานี,135.7,ไตรมาสที่ 2,สำนักงานสถิติแห่งชาติ,852,หญิง,พันคน,ภาคใต้,2563
พังงา,88.3,ไตรมาสที่ 2,สำนักงานสถิติแห่งชาติ,853,ชาย,พันคน,ภาคใต้,2563
พังงา,59.1,ไตรมาสที่ 2,สำนักงานสถิติแห่งชาติ,854,หญิง,พันคน,ภาคใต้,2563
พัทลุง,162.5,ไตรมาสที่ 2,สำนักงานสถิติแห่งชาติ,855,ชาย,พันคน,ภาคใต้,2563
พัทลุง,146.3,ไตรมาสที่ 2,สำนักงานสถิติแห่งชาติ,856,หญิง,พันคน,ภาคใต้,2563
ภูเก็ต,172.4,ไตรมาสที่ 2,สำนักงานสถิติแห่งชาติ,857,ชาย,พันคน,ภาคใต้,2563
ภูเก็ต,136.9,ไตรมาสที่ 2,สำนักงานสถิติแห่งชาติ,858,หญิง,พันคน,ภาคใต้,2563
ยะลา,120.3,ไตรมาสที่ 2,สำนักงานสถิติแห่งชาติ,859,ชาย,พันคน,ภาคใต้,2563
ยะลา,100.1,ไตรมาสที่ 2,สำนักงานสถิติแห่งชาติ,860,หญิง,พันคน,ภาคใต้,2563
ระนอง,81.7,ไตรมาสที่ 2,สำนักงานสถิติแห่งชาติ,861,ชาย,พันคน,ภาคใต้,2563
ระนอง,51.3,ไตรมาสที่ 2,สำนักงานสถิติแห่งชาติ,862,หญิง,พันคน,ภาคใต้,2563
สงขลา,456.8,ไตรมาสที่ 2,สำนักงานสถิติแห่งชาติ,863,ชาย,พันคน,ภาคใต้,2563
สงขลา,414.0,ไตรมาสที่ 2,สำนักงานสถิติแห่งชาติ,864,หญิง,พันคน,ภาคใต้,2563
สตูล,85.1,ไตรมาสที่ 2,สำนักงานสถิติแห่งชาติ,865,ชาย,พันคน,ภาคใต้,2563
สตูล,59.3,ไตรมาสที่ 2,สำนักงานสถิติแห่งชาติ,866,หญิง,พันคน,ภาคใต้,2563
สุราษฎร์ธานี,345.7,ไตรมาสที่ 2,สำนักงานสถิติแห่งชาติ,867,ชาย,พันคน,ภาคใต้,2563
สุราษฎร์ธานี,281.3,ไตรมาสที่ 2,สำนักงานสถิติแห่งชาติ,868,หญิง,พันคน,ภาคใต้,2563
กรุงเทพมหานคร,2775.2,ไตรมาสที่ 3,สำนักงานสถิติแห่งชาติ,869,ชาย,พันคน,กรุงเทพมหานคร,2563
กรุงเทพมหานคร,2512.5,ไตรมาสที่ 3,สำนักงานสถิติแห่งชาติ,870,หญิง,พันคน,กรุงเทพมหานคร,2563
กาญจนบุรี,251.5,ไตรมาสที่ 3,สำนักงานสถิติแห่งชาติ,871,ชาย,พันคน,ภาคกลาง,2563
กาญจนบุรี,197.6,ไตรมาสที่ 3,สำนักงานสถิติแห่งชาติ,872,หญิง,พันคน,ภาคกลาง,2563
จันทบุรี,191.0,ไตรมาสที่ 3,สำนักงานสถิติแห่งชาติ,873,ชาย,พันคน,ภาคกลาง,2563
จันทบุรี,172.2,ไตรมาสที่ 3,สำนักงานสถิติแห่งชาติ,874,หญิง,พันคน,ภาคกลาง,2563
ฉะเชิงเทรา,248.3,ไตรมาสที่ 3,สำนักงานสถิติแห่งชาติ,875,ชาย,พันคน,ภาคกลาง,2563
ฉะเชิงเทรา,193.5,ไตรมาสที่ 3,สำนักงานสถิติแห่งชาติ,876,หญิง,พันคน,ภาคกลาง,2563
ชลบุรี,580.4,ไตรมาสที่ 3,สำนักงานสถิติแห่งชาติ,877,ชาย,พันคน,ภาคกลาง,2563
ชลบุรี,439.1,ไตรมาสที่ 3,สำนักงานสถิติแห่งชาติ,878,หญิง,พันคน,ภาคกลาง,2563
ชัยนาท,92.7,ไตรมาสที่ 3,สำนักงานสถิติแห่งชาติ,879,ชาย,พันคน,ภาคกลาง,2563
ชัยนาท,87.8,ไตรมาสที่ 3,สำนักงานสถิติแห่งชาติ,880,หญิง,พันคน,ภาคกลาง,2563
ตราด,98.5,ไตรมาสที่ 3,สำนักงานสถิติแห่งชาติ,881,ชาย,พันคน,ภาคกลาง,2563
ตราด,73.4,ไตรมาสที่ 3,สำนักงานสถิติแห่งชาติ,882,หญิง,พันคน,ภาคกลาง,2563
นครนายก,67.2,ไตรมาสที่ 3,สำนักงานสถิติแห่งชาติ,883,หญิง,พันคน,ภาคกลาง,2563
นครปฐม,357.9,ไตรมาสที่ 3,สำนักงานสถิติแห่งชาติ,884,ชาย,พันคน,ภาคกลาง,2563
นครปฐม,325.1,ไตรมาสที่ 3,สำนักงานสถิติแห่งชาติ,885,หญิง,พันคน,ภาคกลาง,2563
นนทบุรี,499.7,ไตรมาสที่ 3,สำนักงานสถิติแห่งชาติ,886,ชาย,พันคน,ภาคกลาง,2563
นนทบุรี,458.8,ไตรมาสที่ 3,สำนักงานสถิติแห่งชาติ,887,หญิง,พันคน,ภาคกลาง,2563
ปทุมธานี,514.3,ไตรมาสที่ 3,สำนักงานสถิติแห่งชาติ,888,ชาย,พันคน,ภาคกลาง,2563
ปทุมธานี,432.1,ไตรมาสที่ 3,สำนักงานสถิติแห่งชาติ,889,หญิง,พันคน,ภาคกลาง,2563
ประจวบคีรีขันธ์,148.8,ไตรมาสที่ 3,สำนักงานสถิติแห่งชาติ,890,ชาย,พันคน,ภาคกลาง,2563
ประจวบคีรีขันธ์,113.3,ไตรมาสที่ 3,สำนักงานสถิติแห่งชาติ,891,หญิง,พันคน,ภาคกลาง,2563
ปราจีนบุรี,192.0,ไตรมาสที่ 3,สำนักงานสถิติแห่งชาติ,892,ชาย,พันคน,ภาคกลาง,2563
ปราจีนบุรี,161.6,ไตรมาสที่ 3,สำนักงานสถิติแห่งชาติ,893,หญิง,พันคน,ภาคกลาง,2563
พระนครศรีอยุธยา,263.2,ไตรมาสที่ 3,สำนักงานสถิติแห่งชาติ,894,ชาย,พันคน,ภาคกลาง,2563
พระนครศรีอยุธยา,227.4,ไตรมาสที่ 3,สำนักงานสถิติแห่งชาติ,895,หญิง,พันคน,ภาคกลาง,2563
ระยอง,323.9,ไตรมาสที่ 3,สำนักงานสถิติแห่งชาติ,896,ชาย,พันคน,ภาคกลาง,2563
ระยอง,263.4,ไตรมาสที่ 3,สำนักงานสถิติแห่งชาติ,897,หญิง,พันคน,ภาคกลาง,2563
ราชบุรี,235.8,ไตรมาสที่ 3,สำนักงานสถิติแห่งชาติ,898,ชาย,พันคน,ภาคกลาง,2563
ราชบุรี,211.4,ไตรมาสที่ 3,สำนักงานสถิติแห่งชาติ,899,หญิง,พันคน,ภาคกลาง,2563
ลพบุรี,236.6,ไตรมาสที่ 3,สำนักงานสถิติแห่งชาติ,900,ชาย,พันคน,ภาคกลาง,2563
ลพบุรี,195.4,ไตรมาสที่ 3,สำนักงานสถิติแห่งชาติ,901,หญิง,พันคน,ภาคกลาง,2563
สมุทรปราการ,710.5,ไตรมาสที่ 3,สำนักงานสถิติแห่งชาติ,902,ชาย,พันคน,ภาคกลาง,2563
สมุทรปราการ,639.5,ไตรมาสที่ 3,สำนักงานสถิติแห่งชาติ,903,หญิง,พันคน,ภาคกลาง,2563
สมุทรสงคราม,60.1,ไตรมาสที่ 3,สำนักงานสถิติแห่งชาติ,904,ชาย,พันคน,ภาคกลาง,2563
สมุทรสงคราม,50.1,ไตรมาสที่ 3,สำนักงานสถิติแห่งชาติ,905,หญิง,พันคน,ภาคกลาง,2563
สมุทรสาคร,377.2,ไตรมาสที่ 3,สำนักงานสถิติแห่งชาติ,906,ชาย,พันคน,ภาคกลาง,2563
สมุทรสาคร,332.4,ไตรมาสที่ 3,สำนักงานสถิติแห่งชาติ,907,หญิง,พันคน,ภาคกลาง,2563
สระบุรี,219.1,ไตรมาสที่ 3,สำนักงานสถิติแห่งชาติ,908,ชาย,พันคน,ภาคกลาง,2563
สระบุรี,172.1,ไตรมาสที่ 3,สำนักงานสถิติแห่งชาติ,909,หญิง,พันคน,ภาคกลาง,2563
สระแก้ว,176.3,ไตรมาสที่ 3,สำนักงานสถิติแห่งชาติ,910,ชาย,พันคน,ภาคกลาง,2563
สระแก้ว,132.8,ไตรมาสที่ 3,สำนักงานสถิติแห่งชาติ,911,หญิง,พันคน,ภาคกลาง,2563
สิงห์บุรี,58.7,ไตรมาสที่ 3,สำนักงานสถิติแห่งชาติ,912,ชาย,พันคน,ภาคกลาง,2563
สิงห์บุรี,51.1,ไตรมาสที่ 3,สำนักงานสถิติแห่งชาติ,913,หญิง,พันคน,ภาคกลาง,2563
สุพรรณบุรี,247.8,ไตรมาสที่ 3,สำนักงานสถิติแห่งชาติ,914,ชาย,พันคน,ภาคกลาง,2563
สุพรรณบุรี,200.0,ไตรมาสที่ 3,สำนักงานสถิติแห่งชาติ,915,หญิง,พันคน,ภาคกลาง,2563
อ่างทอง,69.1,ไตรมาสที่ 3,สำนักงานสถิติแห่งชาติ,916,ชาย,พันคน,ภาคกลาง,2563
อ่างทอง,63.6,ไตรมาสที่ 3,สำนักงานสถิติแห่งชาติ,917,หญิง,พันคน,ภาคกลาง,2563
เพชรบุรี,148.3,ไตรมาสที่ 3,สำนักงานสถิติแห่งชาติ,918,ชาย,พันคน,ภาคกลาง,2563
เพชรบุรี,130.6,ไตรมาสที่ 3,สำนักงานสถิติแห่งชาติ,919,หญิง,พันคน,ภาคกลาง,2563
กำแพงเพชร,227.1,ไตรมาสที่ 3,สำนักงานสถิติแห่งชาติ,920,ชาย,พันคน,ภาคเหนือ,2563
กำแพงเพชร,189.4,ไตรมาสที่ 3,สำนักงานสถิติแห่งชาติ,921,หญิง,พันคน,ภาคเหนือ,2563
ตาก,139.1,ไตรมาสที่ 3,สำนักงานสถิติแห่งชาติ,922,ชาย,พันคน,ภาคเหนือ,2563
ตาก,97.2,ไตรมาสที่ 3,สำนักงานสถิติแห่งชาติ,923,หญิง,พันคน,ภาคเหนือ,2563
นครสวรรค์,288.8,ไตรมาสที่ 3,สำนักงานสถิติแห่งชาติ,924,ชาย,พันคน,ภาคเหนือ,2563
นครสวรรค์,254.9,ไตรมาสที่ 3,สำนักงานสถิติแห่งชาติ,925,หญิง,พันคน,ภาคเหนือ,2563
น่าน,132.1,ไตรมาสที่ 3,สำนักงานสถิติแห่งชาติ,926,ชาย,พันคน,ภาคเหนือ,2563
น่าน,106.8,ไตรมาสที่ 3,สำนักงานสถิติแห่งชาติ,927,หญิง,พันคน,ภาคเหนือ,2563
พะเยา,117.5,ไตรมาสที่ 3,สำนักงานสถิติแห่งชาติ,928,ชาย,พันคน,ภาคเหนือ,2563
พะเยา,95.5,ไตรมาสที่ 3,สำนักงานสถิติแห่งชาติ,929,หญิง,พันคน,ภาคเหนือ,2563
พิจิตร,156.0,ไตรมาสที่ 3,สำนักงานสถิติแห่งชาติ,930,ชาย,พันคน,ภาคเหนือ,2563
พิจิตร,134.9,ไตรมาสที่ 3,สำนักงานสถิติแห่งชาติ,931,หญิง,พันคน,ภาคเหนือ,2563
พิษณุโลก,256.4,ไตรมาสที่ 3,สำนักงานสถิติแห่งชาติ,932,ชาย,พันคน,ภาคเหนือ,2563
พิษณุโลก,226.2,ไตรมาสที่ 3,สำนักงานสถิติแห่งชาติ,933,หญิง,พันคน,ภาคเหนือ,2563
ลำปาง,219.3,ไตรมาสที่ 3,สำนักงานสถิติแห่งชาติ,934,ชาย,พันคน,ภาคเหนือ,2563
ลำปาง,184.5,ไตรมาสที่ 3,สำนักงานสถิติแห่งชาติ,935,หญิง,พันคน,ภาคเหนือ,2563
ลำพูน,135.4,ไตรมาสที่ 3,สำนักงานสถิติแห่งชาติ,936,ชาย,พันคน,ภาคเหนือ,2563
ลำพูน,127.2,ไตรมาสที่ 3,สำนักงานสถิติแห่งชาติ,937,หญิง,พันคน,ภาคเหนือ,2563
สุโขทัย,170.5,ไตรมาสที่ 3,สำนักงานสถิติแห่งชาติ,938,ชาย,พันคน,ภาคเหนือ,2563
สุโขทัย,160.0,ไตรมาสที่ 3,สำนักงานสถิติแห่งชาติ,939,หญิง,พันคน,ภาคเหนือ,2563
อุตรดิตถ์,117.7,ไตรมาสที่ 3,สำนักงานสถิติแห่งชาติ,940,ชาย,พันคน,ภาคเหนือ,2563
อุตรดิตถ์,97.1,ไตรมาสที่ 3,สำนักงานสถิติแห่งชาติ,941,หญิง,พันคน,ภาคเหนือ,2563
อุทัยธานี,83.9,ไตรมาสที่ 3,สำนักงานสถิติแห่งชาติ,942,ชาย,พันคน,ภาคเหนือ,2563
อุทัยธานี,68.3,ไตรมาสที่ 3,สำนักงานสถิติแห่งชาติ,943,หญิง,พันคน,ภาคเหนือ,2563
เชียงราย,331.6,ไตรมาสที่ 3,สำนักงานสถิติแห่งชาติ,944,ชาย,พันคน,ภาคเหนือ,2563
เชียงราย,261.3,ไตรมาสที่ 3,สำนักงานสถิติแห่งชาติ,945,หญิง,พันคน,ภาคเหนือ,2563
เชียงใหม่,528.9,ไตรมาสที่ 3,สำนักงานสถิติแห่งชาติ,946,ชาย,พันคน,ภาคเหนือ,2563
เชียงใหม่,460.4,ไตรมาสที่ 3,สำนักงานสถิติแห่งชาติ,947,หญิง,พันคน,ภาคเหนือ,2563
เพชรบูรณ์,261.5,ไตรมาสที่ 3,สำนักงานสถิติแห่งชาติ,948,ชาย,พันคน,ภาคเหนือ,2563
เพชรบูรณ์,220.6,ไตรมาสที่ 3,สำนักงานสถิติแห่งชาติ,949,หญิง,พันคน,ภาคเหนือ,2563
แพร่,123.1,ไตรมาสที่ 3,สำนักงานสถิติแห่งชาติ,950,ชาย,พันคน,ภาคเหนือ,2563
แพร่,109.3,ไตรมาสที่ 3,สำนักงานสถิติแห่งชาติ,951,หญิง,พันคน,ภาคเหนือ,2563
แม่ฮ่องสอน,60.2,ไตรมาสที่ 3,สำนักงานสถิติแห่งชาติ,952,ชาย,พันคน,ภาคเหนือ,2563
แม่ฮ่องสอน,46.3,ไตรมาสที่ 3,สำนักงานสถิติแห่งชาติ,953,หญิง,พันคน,ภาคเหนือ,2563
กาฬสินธุ์,225.7,ไตรมาสที่ 3,สำนักงานสถิติแห่งชาติ,954,ชาย,พันคน,ภาคตะวันออกเฉียงเหนือ,2563
กาฬสินธุ์,170.2,ไตรมาสที่ 3,สำนักงานสถิติแห่งชาติ,955,หญิง,พันคน,ภาคตะวันออกเฉียงเหนือ,2563
ขอนแก่น,458.7,ไตรมาสที่ 3,สำนักงานสถิติแห่งชาติ,956,ชาย,พันคน,ภาคตะวันออกเฉียงเหนือ,2563
ขอนแก่น,447.2,ไตรมาสที่ 3,สำนักงานสถิติแห่งชาติ,957,หญิง,พันคน,ภาคตะวันออกเฉียงเหนือ,2563
ชัยภูมิ,264.2,ไตรมาสที่ 3,สำนักงานสถิติแห่งชาติ,958,ชาย,พันคน,ภาคตะวันออกเฉียงเหนือ,2563
ชัยภูมิ,209.3,ไตรมาสที่ 3,สำนักงานสถิติแห่งชาติ,959,หญิง,พันคน,ภาคตะวันออกเฉียงเหนือ,2563
นครพนม,154.7,ไตรมาสที่ 3,สำนักงานสถิติแห่งชาติ,960,ชาย,พันคน,ภาคตะวันออกเฉียงเหนือ,2563
นครพนม,138.5,ไตรมาสที่ 3,สำนักงานสถิติแห่งชาติ,961,หญิง,พันคน,ภาคตะวันออกเฉียงเหนือ,2563
นครราชสีมา,725.8,ไตรมาสที่ 3,สำนักงานสถิติแห่งชาติ,962,ชาย,พันคน,ภาคตะวันออกเฉียงเหนือ,2563
นครราชสีมา,563.5,ไตรมาสที่ 3,สำนักงานสถิติแห่งชาติ,963,หญิง,พันคน,ภาคตะวันออกเฉียงเหนือ,2563
บึงกาฬ,78.1,ไตรมาสที่ 3,สำนักงานสถิติแห่งชาติ,964,หญิง,พันคน,ภาคตะวันออกเฉียงเหนือ,2563
บุรีรัมย์,361.8,ไตรมาสที่ 3,สำนักงานสถิติแห่งชาติ,965,ชาย,พันคน,ภาคตะวันออกเฉียงเหนือ,2563
บุรีรัมย์,294.0,ไตรมาสที่ 3,สำนักงานสถิติแห่งชาติ,966,หญิง,พันคน,ภาคตะวันออกเฉียงเหนือ,2563
มหาสารคาม,232.6,ไตรมาสที่ 3,สำนักงานสถิติแห่งชาติ,967,ชาย,พันคน,ภาคตะวันออกเฉียงเหนือ,2563
มหาสารคาม,190.3,ไตรมาสที่ 3,สำนักงานสถิติแห่งชาติ,968,หญิง,พันคน,ภาคตะวันออกเฉียงเหนือ,2563
มุกดาหาร,104.4,ไตรมาสที่ 3,สำนักงานสถิติแห่งชาติ,969,ชาย,พันคน,ภาคตะวันออกเฉียงเหนือ,2563
มุกดาหาร,95.4,ไตรมาสที่ 3,สำนักงานสถิติแห่งชาติ,970,หญิง,พันคน,ภาคตะวันออกเฉียงเหนือ,2563
ยโสธร,146.8,ไตรมาสที่ 3,สำนักงานสถิติแห่งชาติ,971,ชาย,พันคน,ภาคตะวันออกเฉียงเหนือ,2563
ยโสธร,134.9,ไตรมาสที่ 3,สำนักงานสถิติแห่งชาติ,972,หญิง,พันคน,ภาคตะวันออกเฉียงเหนือ,2563
ร้อยเอ็ด,307.0,ไตรมาสที่ 3,สำนักงานสถิติแห่งชาติ,973,ชาย,พันคน,ภาคตะวันออกเฉียงเหนือ,2563
ร้อยเอ็ด,258.2,ไตรมาสที่ 3,สำนักงานสถิติแห่งชาติ,974,หญิง,พันคน,ภาคตะวันออกเฉียงเหนือ,2563
ศรีสะเกษ,300.3,ไตรมาสที่ 3,สำนักงานสถิติแห่งชาติ,975,ชาย,พันคน,ภาคตะวันออกเฉียงเหนือ,2563
ศรีสะเกษ,279.0,ไตรมาสที่ 3,สำนักงานสถิติแห่งชาติ,976,หญิง,พันคน,ภาคตะวันออกเฉียงเหนือ,2563
สกลนคร,236.4,ไตรมาสที่ 3,สำนักงานสถิติแห่งชาติ,977,ชาย,พันคน,ภาคตะวันออกเฉียงเหนือ,2563
สกลนคร,187.2,ไตรมาสที่ 3,สำนักงานสถิติแห่งชาติ,978,หญิง,พันคน,ภาคตะวันออกเฉียงเหนือ,2563
สุรินทร์,296.3,ไตรมาสที่ 3,สำนักงานสถิติแห่งชาติ,979,ชาย,พันคน,ภาคตะวันออกเฉียงเหนือ,2563
สุรินทร์,245.3,ไตรมาสที่ 3,สำนักงานสถิติแห่งชาติ,980,หญิง,พันคน,ภาคตะวันออกเฉียงเหนือ,2563
หนองคาย,117.2,ไตรมาสที่ 3,สำนักงานสถิติแห่งชาติ,981,ชาย,พันคน,ภาคตะวันออกเฉียงเหนือ,2563
หนองคาย,97.3,ไตรมาสที่ 3,สำนักงานสถิติแห่งชาติ,982,หญิง,พันคน,ภาคตะวันออกเฉียงเหนือ,2563
หนองบัวลำภู,126.5,ไตรมาสที่ 3,สำนักงานสถิติแห่งชาติ,983,ชาย,พันคน,ภาคตะวันออกเฉียงเหนือ,2563
หนองบัวลำภู,100.5,ไตรมาสที่ 3,สำนักงานสถิติแห่งชาติ,984,หญิง,พันคน,ภาคตะวันออกเฉียงเหนือ,2563
อำนาจเจริญ,74.0,ไตรมาสที่ 3,สำนักงานสถิติแห่งชาติ,985,ชาย,พันคน,ภาคตะวันออกเฉียงเหนือ,2563
อำนาจเจริญ,60.3,ไตรมาสที่ 3,สำนักงานสถิติแห่งชาติ,986,หญิง,พันคน,ภาคตะวันออกเฉียงเหนือ,2563
อุดรธานี,347.5,ไตรมาสที่ 3,สำนักงานสถิติแห่งชาติ,987,ชาย,พันคน,ภาคตะวันออกเฉียงเหนือ,2563
อุดรธานี,284.4,ไตรมาสที่ 3,สำนักงานสถิติแห่งชาติ,988,หญิง,พันคน,ภาคตะวันออกเฉียงเหนือ,2563
อุบลราชธานี,498.2,ไตรมาสที่ 3,สำนักงานสถิติแห่งชาติ,989,ชาย,พันคน,ภาคตะวันออกเฉียงเหนือ,2563
อุบลราชธานี,381.4,ไตรมาสที่ 3,สำนักงานสถิติแห่งชาติ,990,หญิง,พันคน,ภาคตะวันออกเฉียงเหนือ,2563
เลย,168.9,ไตรมาสที่ 3,สำนักงานสถิติแห่งชาติ,991,ชาย,พันคน,ภาคตะวันออกเฉียงเหนือ,2563
เลย,142.1,ไตรมาสที่ 3,สำนักงานสถิติแห่งชาติ,992,หญิง,พันคน,ภาคตะวันออกเฉียงเหนือ,2563
กระบี่,116.4,ไตรมาสที่ 3,สำนักงานสถิติแห่งชาติ,993,ชาย,พันคน,ภาคใต้,2563
กระบี่,90.5,ไตรมาสที่ 3,สำนักงานสถิติแห่งชาติ,994,หญิง,พันคน,ภาคใต้,2563
ชุมพร,169.7,ไตรมาสที่ 3,สำนักงานสถิติแห่งชาติ,995,ชาย,พันคน,ภาคใต้,2563
ชุมพร,115.5,ไตรมาสที่ 3,สำนักงานสถิติแห่งชาติ,996,หญิง,พันคน,ภาคใต้,2563
ตรัง,196.2,ไตรมาสที่ 3,สำนักงานสถิติแห่งชาติ,997,ชาย,พันคน,ภาคใต้,2563
ตรัง,175.9,ไตรมาสที่ 3,สำนักงานสถิติแห่งชาติ,998,หญิง,พันคน,ภาคใต้,2563
นครศรีธรรมราช,490.8,ไตรมาสที่ 3,สำนักงานสถิติแห่งชาติ,999,ชาย,พันคน,ภาคใต้,2563
นครศรีธรรมราช,404.4,ไตรมาสที่ 3,สำนักงานสถิติแห่งชาติ,1000,หญิง,พันคน,ภาคใต้,2563
นราธิวาส,187.8,ไตรมาสที่ 3,สำนักงานสถิติแห่งชาติ,1001,ชาย,พันคน,ภาคใต้,2563
นราธิวาส,134.2,ไตรมาสที่ 3,สำนักงานสถิติแห่งชาติ,1002,หญิง,พันคน,ภาคใต้,2563
ปัตตานี,165.6,ไตรมาสที่ 3,สำนักงานสถิติแห่งชาติ,1003,ชาย,พันคน,ภาคใต้,2563
ปัตตานี,135.3,ไตรมาสที่ 3,สำนักงานสถิติแห่งชาติ,1004,หญิง,พันคน,ภาคใต้,2563
พังงา,87.4,ไตรมาสที่ 3,สำนักงานสถิติแห่งชาติ,1005,ชาย,พันคน,ภาคใต้,2563
พังงา,55.6,ไตรมาสที่ 3,สำนักงานสถิติแห่งชาติ,1006,หญิง,พันคน,ภาคใต้,2563
พัทลุง,159.5,ไตรมาสที่ 3,สำนักงานสถิติแห่งชาติ,1007,ชาย,พันคน,ภาคใต้,2563
พัทลุง,147.3,ไตรมาสที่ 3,สำนักงานสถิติแห่งชาติ,1008,หญิง,พันคน,ภาคใต้,2563
ภูเก็ต,166.1,ไตรมาสที่ 3,สำนักงานสถิติแห่งชาติ,1009,ชาย,พันคน,ภาคใต้,2563
ภูเก็ต,123.5,ไตรมาสที่ 3,สำนักงานสถิติแห่งชาติ,1010,หญิง,พันคน,ภาคใต้,2563
ยะลา,123.6,ไตรมาสที่ 3,สำนักงานสถิติแห่งชาติ,1011,ชาย,พันคน,ภาคใต้,2563
ยะลา,99.9,ไตรมาสที่ 3,สำนักงานสถิติแห่งชาติ,1012,หญิง,พันคน,ภาคใต้,2563
ระนอง,81.4,ไตรมาสที่ 3,สำนักงานสถิติแห่งชาติ,1013,ชาย,พันคน,ภาคใต้,2563
ระนอง,48.9,ไตรมาสที่ 3,สำนักงานสถิติแห่งชาติ,1014,หญิง,พันคน,ภาคใต้,2563
สงขลา,440.9,ไตรมาสที่ 3,สำนักงานสถิติแห่งชาติ,1015,ชาย,พันคน,ภาคใต้,2563
สงขลา,402.9,ไตรมาสที่ 3,สำนักงานสถิติแห่งชาติ,1016,หญิง,พันคน,ภาคใต้,2563
สตูล,82.3,ไตรมาสที่ 3,สำนักงานสถิติแห่งชาติ,1017,ชาย,พันคน,ภาคใต้,2563
สตูล,60.1,ไตรมาสที่ 3,สำนักงานสถิติแห่งชาติ,1018,หญิง,พันคน,ภาคใต้,2563
สุราษฎร์ธานี,339.3,ไตรมาสที่ 3,สำนักงานสถิติแห่งชาติ,1019,ชาย,พันคน,ภาคใต้,2563
สุราษฎร์ธานี,271.2,ไตรมาสที่ 3,สำนักงานสถิติแห่งชาติ,1020,หญิง,พันคน,ภาคใต้,2563
กรุงเทพมหานคร,2789.1,ไตรมาสที่ 4,สำนักงานสถิติแห่งชาติ,1021,ชาย,พันคน,กรุงเทพมหานคร,2563
กรุงเทพมหานคร,2560.9,ไตรมาสที่ 4,สำนักงานสถิติแห่งชาติ,1022,หญิง,พันคน,กรุงเทพมหานคร,2563
กาญจนบุรี,252.5,ไตรมาสที่ 4,สำนักงานสถิติแห่งชาติ,1023,ชาย,พันคน,ภาคกลาง,2563
กาญจนบุรี,196.1,ไตรมาสที่ 4,สำนักงานสถิติแห่งชาติ,1024,หญิง,พันคน,ภาคกลาง,2563
จันทบุรี,192.8,ไตรมาสที่ 4,สำนักงานสถิติแห่งชาติ,1025,ชาย,พันคน,ภาคกลาง,2563
จันทบุรี,175.5,ไตรมาสที่ 4,สำนักงานสถิติแห่งชาติ,1026,หญิง,พันคน,ภาคกลาง,2563
ฉะเชิงเทรา,254.0,ไตรมาสที่ 4,สำนักงานสถิติแห่งชาติ,1027,ชาย,พันคน,ภาคกลาง,2563
ฉะเชิงเทรา,189.7,ไตรมาสที่ 4,สำนักงานสถิติแห่งชาติ,1028,หญิง,พันคน,ภาคกลาง,2563
ชลบุรี,597.4,ไตรมาสที่ 4,สำนักงานสถิติแห่งชาติ,1029,ชาย,พันคน,ภาคกลาง,2563
ชลบุรี,449.7,ไตรมาสที่ 4,สำนักงานสถิติแห่งชาติ,1030,หญิง,พันคน,ภาคกลาง,2563
ชัยนาท,90.7,ไตรมาสที่ 4,สำนักงานสถิติแห่งชาติ,1031,ชาย,พันคน,ภาคกลาง,2563
ชัยนาท,85.9,ไตรมาสที่ 4,สำนักงานสถิติแห่งชาติ,1032,หญิง,พันคน,ภาคกลาง,2563
ตราด,98.2,ไตรมาสที่ 4,สำนักงานสถิติแห่งชาติ,1033,ชาย,พันคน,ภาคกลาง,2563
ตราด,75.5,ไตรมาสที่ 4,สำนักงานสถิติแห่งชาติ,1034,หญิง,พันคน,ภาคกลาง,2563
นครนายก,86.2,ไตรมาสที่ 4,สำนักงานสถิติแห่งชาติ,1035,ชาย,พันคน,ภาคกลาง,2563
นครนายก,68.4,ไตรมาสที่ 4,สำนักงานสถิติแห่งชาติ,1036,หญิง,พันคน,ภาคกลาง,2563
นครปฐม,364.1,ไตรมาสที่ 4,สำนักงานสถิติแห่งชาติ,1037,ชาย,พันคน,ภาคกลาง,2563
นครปฐม,336.8,ไตรมาสที่ 4,สำนักงานสถิติแห่งชาติ,1038,หญิง,พันคน,ภาคกลาง,2563
นนทบุรี,515.3,ไตรมาสที่ 4,สำนักงานสถิติแห่งชาติ,1039,ชาย,พันคน,ภาคกลาง,2563
นนทบุรี,457.7,ไตรมาสที่ 4,สำนักงานสถิติแห่งชาติ,1040,หญิง,พันคน,ภาคกลาง,2563
ปทุมธานี,508.3,ไตรมาสที่ 4,สำนักงานสถิติแห่งชาติ,1041,ชาย,พันคน,ภาคกลาง,2563
ปทุมธานี,433.3,ไตรมาสที่ 4,สำนักงานสถิติแห่งชาติ,1042,หญิง,พันคน,ภาคกลาง,2563
ประจวบคีรีขันธ์,116.6,ไตรมาสที่ 4,สำนักงานสถิติแห่งชาติ,1043,หญิง,พันคน,ภาคกลาง,2563
ปราจีนบุรี,193.4,ไตรมาสที่ 4,สำนักงานสถิติแห่งชาติ,1044,ชาย,พันคน,ภาคกลาง,2563
ปราจีนบุรี,171.2,ไตรมาสที่ 4,สำนักงานสถิติแห่งชาติ,1045,หญิง,พันคน,ภาคกลาง,2563
พระนครศรีอยุธยา,275.5,ไตรมาสที่ 4,สำนักงานสถิติแห่งชาติ,1046,ชาย,พันคน,ภาคกลาง,2563
พระนครศรีอยุธยา,231.5,ไตรมาสที่ 4,สำนักงานสถิติแห่งชาติ,1047,หญิง,พันคน,ภาคกลาง,2563
ระยอง,325.4,ไตรมาสที่ 4,สำนักงานสถิติแห่งชาติ,1048,ชาย,พันคน,ภาคกลาง,2563
ระยอง,257.8,ไตรมาสที่ 4,สำนักงานสถิติแห่งชาติ,1049,หญิง,พันคน,ภาคกลาง,2563
ราชบุรี,243.8,ไตรมาสที่ 4,สำนักงานสถิติแห่งชาติ,1050,ชาย,พันคน,ภาคกลาง,2563
ราชบุรี,205.5,ไตรมาสที่ 4,สำนักงานสถิติแห่งชาติ,1051,หญิง,พันคน,ภาคกลาง,2563
ลพบุรี,243.2,ไตรมาสที่ 4,สำนักงานสถิติแห่งชาติ,1052,ชาย,พันคน,ภาคกลาง,2563
ลพบุรี,215.0,ไตรมาสที่ 4,สำนักงานสถิติแห่งชาติ,1053,หญิง,พันคน,ภาคกลาง,2563
สมุทรปราการ,732.7,ไตรมาสที่ 4,สำนักงานสถิติแห่งชาติ,1054,ชาย,พันคน,ภาคกลาง,2563
สมุทรปราการ,639.1,ไตรมาสที่ 4,สำนักงานสถิติแห่งชาติ,1055,หญิง,พันคน,ภาคกลาง,2563
สมุทรสงคราม,58.7,ไตรมาสที่ 4,สำนักงานสถิติแห่งชาติ,1056,ชาย,พันคน,ภาคกลาง,2563
สมุทรสงคราม,52.6,ไตรมาสที่ 4,สำนักงานสถิติแห่งชาติ,1057,หญิง,พันคน,ภาคกลาง,2563
สมุทรสาคร,373.4,ไตรมาสที่ 4,สำนักงานสถิติแห่งชาติ,1058,ชาย,พันคน,ภาคกลาง,2563
สมุทรสาคร,347.4,ไตรมาสที่ 4,สำนักงานสถิติแห่งชาติ,1059,หญิง,พันคน,ภาคกลาง,2563
สระบุรี,217.9,ไตรมาสที่ 4,สำนักงานสถิติแห่งชาติ,1060,ชาย,พันคน,ภาคกลาง,2563
สระบุรี,176.8,ไตรมาสที่ 4,สำนักงานสถิติแห่งชาติ,1061,หญิง,พันคน,ภาคกลาง,2563
สระแก้ว,181.8,ไตรมาสที่ 4,สำนักงานสถิติแห่งชาติ,1062,ชาย,พันคน,ภาคกลาง,2563
สระแก้ว,151.2,ไตรมาสที่ 4,สำนักงานสถิติแห่งชาติ,1063,หญิง,พันคน,ภาคกลาง,2563
สิงห์บุรี,58.2,ไตรมาสที่ 4,สำนักงานสถิติแห่งชาติ,1064,ชาย,พันคน,ภาคกลาง,2563
สิงห์บุรี,53.9,ไตรมาสที่ 4,สำนักงานสถิติแห่งชาติ,1065,หญิง,พันคน,ภาคกลาง,2563
สุพรรณบุรี,258.7,ไตรมาสที่ 4,สำนักงานสถิติแห่งชาติ,1066,ชาย,พันคน,ภาคกลาง,2563
สุพรรณบุรี,208.7,ไตรมาสที่ 4,สำนักงานสถิติแห่งชาติ,1067,หญิง,พันคน,ภาคกลาง,2563
อ่างทอง,72.4,ไตรมาสที่ 4,สำนักงานสถิติแห่งชาติ,1068,ชาย,พันคน,ภาคกลาง,2563
อ่างทอง,68.6,ไตรมาสที่ 4,สำนักงานสถิติแห่งชาติ,1069,หญิง,พันคน,ภาคกลาง,2563
เพชรบุรี,152.3,ไตรมาสที่ 4,สำนักงานสถิติแห่งชาติ,1070,ชาย,พันคน,ภาคกลาง,2563
เพชรบุรี,137.0,ไตรมาสที่ 4,สำนักงานสถิติแห่งชาติ,1071,หญิง,พันคน,ภาคกลาง,2563
กำแพงเพชร,221.2,ไตรมาสที่ 4,สำนักงานสถิติแห่งชาติ,1072,ชาย,พันคน,ภาคเหนือ,2563
กำแพงเพชร,197.4,ไตรมาสที่ 4,สำนักงานสถิติแห่งชาติ,1073,หญิง,พันคน,ภาคเหนือ,2563
ตาก,140.4,ไตรมาสที่ 4,สำนักงานสถิติแห่งชาติ,1074,ชาย,พันคน,ภาคเหนือ,2563
ตาก,108.3,ไตรมาสที่ 4,สำนักงานสถิติแห่งชาติ,1075,หญิง,พันคน,ภาคเหนือ,2563
นครสวรรค์,269.6,ไตรมาสที่ 4,สำนักงานสถิติแห่งชาติ,1076,ชาย,พันคน,ภาคเหนือ,2563
นครสวรรค์,253.1,ไตรมาสที่ 4,สำนักงานสถิติแห่งชาติ,1077,หญิง,พันคน,ภาคเหนือ,2563
น่าน,137.3,ไตรมาสที่ 4,สำนักงานสถิติแห่งชาติ,1078,ชาย,พันคน,ภาคเหนือ,2563
น่าน,116.4,ไตรมาสที่ 4,สำนักงานสถิติแห่งชาติ,1079,หญิง,พันคน,ภาคเหนือ,2563
พะเยา,115.7,ไตรมาสที่ 4,สำนักงานสถิติแห่งชาติ,1080,ชาย,พันคน,ภาคเหนือ,2563
พะเยา,90.9,ไตรมาสที่ 4,สำนักงานสถิติแห่งชาติ,1081,หญิง,พันคน,ภาคเหนือ,2563
พิจิตร,156.5,ไตรมาสที่ 4,สำนักงานสถิติแห่งชาติ,1082,ชาย,พันคน,ภาคเหนือ,2563
พิจิตร,136.1,ไตรมาสที่ 4,สำนักงานสถิติแห่งชาติ,1083,หญิง,พันคน,ภาคเหนือ,2563
พิษณุโลก,252.5,ไตรมาสที่ 4,สำนักงานสถิติแห่งชาติ,1084,ชาย,พันคน,ภาคเหนือ,2563
พิษณุโลก,221.1,ไตรมาสที่ 4,สำนักงานสถิติแห่งชาติ,1085,หญิง,พันคน,ภาคเหนือ,2563
ลำปาง,221.7,ไตรมาสที่ 4,สำนักงานสถิติแห่งชาติ,1086,ชาย,พันคน,ภาคเหนือ,2563
ลำปาง,185.0,ไตรมาสที่ 4,สำนักงานสถิติแห่งชาติ,1087,หญิง,พันคน,ภาคเหนือ,2563
ลำพูน,133.7,ไตรมาสที่ 4,สำนักงานสถิติแห่งชาติ,1088,ชาย,พันคน,ภาคเหนือ,2563
ลำพูน,124.7,ไตรมาสที่ 4,สำนักงานสถิติแห่งชาติ,1089,หญิง,พันคน,ภาคเหนือ,2563
สุโขทัย,172.4,ไตรมาสที่ 4,สำนักงานสถิติแห่งชาติ,1090,ชาย,พันคน,ภาคเหนือ,2563
สุโขทัย,161.5,ไตรมาสที่ 4,สำนักงานสถิติแห่งชาติ,1091,หญิง,พันคน,ภาคเหนือ,2563
อุตรดิตถ์,121.1,ไตรมาสที่ 4,สำนักงานสถิติแห่งชาติ,1092,ชาย,พันคน,ภาคเหนือ,2563
อุตรดิตถ์,100.2,ไตรมาสที่ 4,สำนักงานสถิติแห่งชาติ,1093,หญิง,พันคน,ภาคเหนือ,2563
อุทัยธานี,83.4,ไตรมาสที่ 4,สำนักงานสถิติแห่งชาติ,1094,ชาย,พันคน,ภาคเหนือ,2563
อุทัยธานี,67.4,ไตรมาสที่ 4,สำนักงานสถิติแห่งชาติ,1095,หญิง,พันคน,ภาคเหนือ,2563
เชียงราย,332.4,ไตรมาสที่ 4,สำนักงานสถิติแห่งชาติ,1096,ชาย,พันคน,ภาคเหนือ,2563
เชียงราย,248.2,ไตรมาสที่ 4,สำนักงานสถิติแห่งชาติ,1097,หญิง,พันคน,ภาคเหนือ,2563
เชียงใหม่,549.1,ไตรมาสที่ 4,สำนักงานสถิติแห่งชาติ,1098,ชาย,พันคน,ภาคเหนือ,2563
เชียงใหม่,484.6,ไตรมาสที่ 4,สำนักงานสถิติแห่งชาติ,1099,หญิง,พันคน,ภาคเหนือ,2563
เพชรบูรณ์,261.2,ไตรมาสที่ 4,สำนักงานสถิติแห่งชาติ,1100,ชาย,พันคน,ภาคเหนือ,2563
เพชรบูรณ์,205.4,ไตรมาสที่ 4,สำนักงานสถิติแห่งชาติ,1101,หญิง,พันคน,ภาคเหนือ,2563
แพร่,125.2,ไตรมาสที่ 4,สำนักงานสถิติแห่งชาติ,1102,ชาย,พันคน,ภาคเหนือ,2563
แพร่,111.1,ไตรมาสที่ 4,สำนักงานสถิติแห่งชาติ,1103,หญิง,พันคน,ภาคเหนือ,2563
แม่ฮ่องสอน,59.4,ไตรมาสที่ 4,สำนักงานสถิติแห่งชาติ,1104,ชาย,พันคน,ภาคเหนือ,2563
แม่ฮ่องสอน,44.1,ไตรมาสที่ 4,สำนักงานสถิติแห่งชาติ,1105,หญิง,พันคน,ภาคเหนือ,2563
กาฬสินธุ์,225.2,ไตรมาสที่ 4,สำนักงานสถิติแห่งชาติ,1106,ชาย,พันคน,ภาคตะวันออกเฉียงเหนือ,2563
กาฬสินธุ์,181.8,ไตรมาสที่ 4,สำนักงานสถิติแห่งชาติ,1107,หญิง,พันคน,ภาคตะวันออกเฉียงเหนือ,2563
ขอนแก่น,459.4,ไตรมาสที่ 4,สำนักงานสถิติแห่งชาติ,1108,ชาย,พันคน,ภาคตะวันออกเฉียงเหนือ,2563
ขอนแก่น,437.1,ไตรมาสที่ 4,สำนักงานสถิติแห่งชาติ,1109,หญิง,พันคน,ภาคตะวันออกเฉียงเหนือ,2563
ชัยภูมิ,259.9,ไตรมาสที่ 4,สำนักงานสถิติแห่งชาติ,1110,ชาย,พันคน,ภาคตะวันออกเฉียงเหนือ,2563
ชัยภูมิ,197.0,ไตรมาสที่ 4,สำนักงานสถิติแห่งชาติ,1111,หญิง,พันคน,ภาคตะวันออกเฉียงเหนือ,2563
นครพนม,152.6,ไตรมาสที่ 4,สำนักงานสถิติแห่งชาติ,1112,ชาย,พันคน,ภาคตะวันออกเฉียงเหนือ,2563
นครพนม,136.4,ไตรมาสที่ 4,สำนักงานสถิติแห่งชาติ,1113,หญิง,พันคน,ภาคตะวันออกเฉียงเหนือ,2563
นครราชสีมา,741.2,ไตรมาสที่ 4,สำนักงานสถิติแห่งชาติ,1114,ชาย,พันคน,ภาคตะวันออกเฉียงเหนือ,2563
นครราชสีมา,606.4,ไตรมาสที่ 4,สำนักงานสถิติแห่งชาติ,1115,หญิง,พันคน,ภาคตะวันออกเฉียงเหนือ,2563
บึงกาฬ,95.7,ไตรมาสที่ 4,สำนักงานสถิติแห่งชาติ,1116,ชาย,พันคน,ภาคตะวันออกเฉียงเหนือ,2563
บึงกาฬ,79.5,ไตรมาสที่ 4,สำนักงานสถิติแห่งชาติ,1117,หญิง,พันคน,ภาคตะวันออกเฉียงเหนือ,2563
บุรีรัมย์,351.5,ไตรมาสที่ 4,สำนักงานสถิติแห่งชาติ,1118,ชาย,พันคน,ภาคตะวันออกเฉียงเหนือ,2563
บุรีรัมย์,303.5,ไตรมาสที่ 4,สำนักงานสถิติแห่งชาติ,1119,หญิง,พันคน,ภาคตะวันออกเฉียงเหนือ,2563
มหาสารคาม,229.8,ไตรมาสที่ 4,สำนักงานสถิติแห่งชาติ,1120,ชาย,พันคน,ภาคตะวันออกเฉียงเหนือ,2563
มหาสารคาม,180.7,ไตรมาสที่ 4,สำนักงานสถิติแห่งชาติ,1121,หญิง,พันคน,ภาคตะวันออกเฉียงเหนือ,2563
มุกดาหาร,103.1,ไตรมาสที่ 4,สำนักงานสถิติแห่งชาติ,1122,ชาย,พันคน,ภาคตะวันออกเฉียงเหนือ,2563
ยโสธร,142.8,ไตรมาสที่ 4,สำนักงานสถิติแห่งชาติ,1123,ชาย,พันคน,ภาคตะวันออกเฉียงเหนือ,2563
ยโสธร,134.0,ไตรมาสที่ 4,สำนักงานสถิติแห่งชาติ,1124,หญิง,พันคน,ภาคตะวันออกเฉียงเหนือ,2563
ร้อยเอ็ด,305.9,ไตรมาสที่ 4,สำนักงานสถิติแห่งชาติ,1125,ชาย,พันคน,ภาคตะวันออกเฉียงเหนือ,2563
ร้อยเอ็ด,264.4,ไตรมาสที่ 4,สำนักงานสถิติแห่งชาติ,1126,หญิง,พันคน,ภาคตะวันออกเฉียงเหนือ,2563
ศรีสะเกษ,304.5,ไตรมาสที่ 4,สำนักงานสถิติแห่งชาติ,1127,ชาย,พันคน,ภาคตะวันออกเฉียงเหนือ,2563
ศรีสะเกษ,264.0,ไตรมาสที่ 4,สำนักงานสถิติแห่งชาติ,1128,หญิง,พันคน,ภาคตะวันออกเฉียงเหนือ,2563
สกลนคร,248.2,ไตรมาสที่ 4,สำนักงานสถิติแห่งชาติ,1129,ชาย,พันคน,ภาคตะวันออกเฉียงเหนือ,2563
สกลนคร,193.0,ไตรมาสที่ 4,สำนักงานสถิติแห่งชาติ,1130,หญิง,พันคน,ภาคตะวันออกเฉียงเหนือ,2563
สุรินทร์,301.9,ไตรมาสที่ 4,สำนักงานสถิติแห่งชาติ,1131,ชาย,พันคน,ภาคตะวันออกเฉียงเหนือ,2563
สุรินทร์,247.0,ไตรมาสที่ 4,สำนักงานสถิติแห่งชาติ,1132,หญิง,พันคน,ภาคตะวันออกเฉียงเหนือ,2563
หนองคาย,112.2,ไตรมาสที่ 4,สำนักงานสถิติแห่งชาติ,1133,ชาย,พันคน,ภาคตะวันออกเฉียงเหนือ,2563
หนองคาย,89.2,ไตรมาสที่ 4,สำนักงานสถิติแห่งชาติ,1134,หญิง,พันคน,ภาคตะวันออกเฉียงเหนือ,2563
หนองบัวลำภู,130.5,ไตรมาสที่ 4,สำนักงานสถิติแห่งชาติ,1135,ชาย,พันคน,ภาคตะวันออกเฉียงเหนือ,2563
หนองบัวลำภู,97.1,ไตรมาสที่ 4,สำนักงานสถิติแห่งชาติ,1136,หญิง,พันคน,ภาคตะวันออกเฉียงเหนือ,2563
อำนาจเจริญ,71.6,ไตรมาสที่ 4,สำนักงานสถิติแห่งชาติ,1137,ชาย,พันคน,ภาคตะวันออกเฉียงเหนือ,2563
อำนาจเจริญ,61.2,ไตรมาสที่ 4,สำนักงานสถิติแห่งชาติ,1138,หญิง,พันคน,ภาคตะวันออกเฉียงเหนือ,2563
อุดรธานี,348.6,ไตรมาสที่ 4,สำนักงานสถิติแห่งชาติ,1139,ชาย,พันคน,ภาคตะวันออกเฉียงเหนือ,2563
อุดรธานี,291.8,ไตรมาสที่ 4,สำนักงานสถิติแห่งชาติ,1140,หญิง,พันคน,ภาคตะวันออกเฉียงเหนือ,2563
อุบลราชธานี,496.0,ไตรมาสที่ 4,สำนักงานสถิติแห่งชาติ,1141,ชาย,พันคน,ภาคตะวันออกเฉียงเหนือ,2563
อุบลราชธานี,396.8,ไตรมาสที่ 4,สำนักงานสถิติแห่งชาติ,1142,หญิง,พันคน,ภาคตะวันออกเฉียงเหนือ,2563
เลย,169.5,ไตรมาสที่ 4,สำนักงานสถิติแห่งชาติ,1143,ชาย,พันคน,ภาคตะวันออกเฉียงเหนือ,2563
เลย,147.2,ไตรมาสที่ 4,สำนักงานสถิติแห่งชาติ,1144,หญิง,พันคน,ภาคตะวันออกเฉียงเหนือ,2563
กระบี่,120.3,ไตรมาสที่ 4,สำนักงานสถิติแห่งชาติ,1145,ชาย,พันคน,ภาคใต้,2563
กระบี่,93.4,ไตรมาสที่ 4,สำนักงานสถิติแห่งชาติ,1146,หญิง,พันคน,ภาคใต้,2563
ชุมพร,176.0,ไตรมาสที่ 4,สำนักงานสถิติแห่งชาติ,1147,ชาย,พันคน,ภาคใต้,2563
ชุมพร,120.8,ไตรมาสที่ 4,สำนักงานสถิติแห่งชาติ,1148,หญิง,พันคน,ภาคใต้,2563
ตรัง,204.4,ไตรมาสที่ 4,สำนักงานสถิติแห่งชาติ,1149,ชาย,พันคน,ภาคใต้,2563
ตรัง,176.8,ไตรมาสที่ 4,สำนักงานสถิติแห่งชาติ,1150,หญิง,พันคน,ภาคใต้,2563
นครศรีธรรมราช,488.2,ไตรมาสที่ 4,สำนักงานสถิติแห่งชาติ,1151,ชาย,พันคน,ภาคใต้,2563
นครศรีธรรมราช,390.2,ไตรมาสที่ 4,สำนักงานสถิติแห่งชาติ,1152,หญิง,พันคน,ภาคใต้,2563
นราธิวาส,187.9,ไตรมาสที่ 4,สำนักงานสถิติแห่งชาติ,1153,ชาย,พันคน,ภาคใต้,2563
นราธิวาส,124.5,ไตรมาสที่ 4,สำนักงานสถิติแห่งชาติ,1154,หญิง,พันคน,ภาคใต้,2563
ปัตตานี,176.1,ไตรมาสที่ 4,สำนักงานสถิติแห่งชาติ,1155,ชาย,พันคน,ภาคใต้,2563
ปัตตานี,135.8,ไตรมาสที่ 4,สำนักงานสถิติแห่งชาติ,1156,หญิง,พันคน,ภาคใต้,2563
พังงา,87.0,ไตรมาสที่ 4,สำนักงานสถิติแห่งชาติ,1157,ชาย,พันคน,ภาคใต้,2563
พังงา,54.0,ไตรมาสที่ 4,สำนักงานสถิติแห่งชาติ,1158,หญิง,พันคน,ภาคใต้,2563
พัทลุง,156.4,ไตรมาสที่ 4,สำนักงานสถิติแห่งชาติ,1159,ชาย,พันคน,ภาคใต้,2563
พัทลุง,145.0,ไตรมาสที่ 4,สำนักงานสถิติแห่งชาติ,1160,หญิง,พันคน,ภาคใต้,2563
ภูเก็ต,162.5,ไตรมาสที่ 4,สำนักงานสถิติแห่งชาติ,1161,ชาย,พันคน,ภาคใต้,2563
ภูเก็ต,133.6,ไตรมาสที่ 4,สำนักงานสถิติแห่งชาติ,1162,หญิง,พันคน,ภาคใต้,2563
ยะลา,122.2,ไตรมาสที่ 4,สำนักงานสถิติแห่งชาติ,1163,ชาย,พันคน,ภาคใต้,2563
ยะลา,95.7,ไตรมาสที่ 4,สำนักงานสถิติแห่งชาติ,1164,หญิง,พันคน,ภาคใต้,2563
ระนอง,82.0,ไตรมาสที่ 4,สำนักงานสถิติแห่งชาติ,1165,ชาย,พันคน,ภาคใต้,2563
ระนอง,47.9,ไตรมาสที่ 4,สำนักงานสถิติแห่งชาติ,1166,หญิง,พันคน,ภาคใต้,2563
สงขลา,455.0,ไตรมาสที่ 4,สำนักงานสถิติแห่งชาติ,1167,ชาย,พันคน,ภาคใต้,2563
สงขลา,398.9,ไตรมาสที่ 4,สำนักงานสถิติแห่งชาติ,1168,หญิง,พันคน,ภาคใต้,2563
สตูล,82.5,ไตรมาสที่ 4,สำนักงานสถิติแห่งชาติ,1169,ชาย,พันคน,ภาคใต้,2563
สตูล,64.6,ไตรมาสที่ 4,สำนักงานสถิติแห่งชาติ,1170,หญิง,พันคน,ภาคใต้,2563
สุราษฎร์ธานี,335.7,ไตรมาสที่ 4,สำนักงานสถิติแห่งชาติ,1171,ชาย,พันคน,ภาคใต้,2563
สุราษฎร์ธานี,267.5,ไตรมาสที่ 4,สำนักงานสถิติแห่งชาติ,1172,หญิง,พันคน,ภาคใต้,2563
กรุงเทพมหานคร,2816.5,ไตรมาสที่ 1,สำนักงานสถิติแห่งชาติ,1173,ชาย,พันคน,กรุงเทพมหานคร,2564
กรุงเทพมหานคร,2628.8,ไตรมาสที่ 1,สำนักงานสถิติแห่งชาติ,1174,หญิง,พันคน,กรุงเทพมหานคร,2564
กาญจนบุรี,243.8,ไตรมาสที่ 1,สำนักงานสถิติแห่งชาติ,1175,ชาย,พันคน,ภาคกลาง,2564
กาญจนบุรี,195.1,ไตรมาสที่ 1,สำนักงานสถิติแห่งชาติ,1176,หญิง,พันคน,ภาคกลาง,2564
จันทบุรี,193.9,ไตรมาสที่ 1,สำนักงานสถิติแห่งชาติ,1177,ชาย,พันคน,ภาคกลาง,2564
จันทบุรี,175.9,ไตรมาสที่ 1,สำนักงานสถิติแห่งชาติ,1178,หญิง,พันคน,ภาคกลาง,2564
ฉะเชิงเทรา,260.5,ไตรมาสที่ 1,สำนักงานสถิติแห่งชาติ,1179,ชาย,พันคน,ภาคกลาง,2564
ฉะเชิงเทรา,199.9,ไตรมาสที่ 1,สำนักงานสถิติแห่งชาติ,1180,หญิง,พันคน,ภาคกลาง,2564
ชลบุรี,588.1,ไตรมาสที่ 1,สำนักงานสถิติแห่งชาติ,1181,ชาย,พันคน,ภาคกลาง,2564
ชลบุรี,474.0,ไตรมาสที่ 1,สำนักงานสถิติแห่งชาติ,1182,หญิง,พันคน,ภาคกลาง,2564
ชัยนาท,92.7,ไตรมาสที่ 1,สำนักงานสถิติแห่งชาติ,1183,ชาย,พันคน,ภาคกลาง,2564
ชัยนาท,80.2,ไตรมาสที่ 1,สำนักงานสถิติแห่งชาติ,1184,หญิง,พันคน,ภาคกลาง,2564
ตราด,98.4,ไตรมาสที่ 1,สำนักงานสถิติแห่งชาติ,1185,ชาย,พันคน,ภาคกลาง,2564
ตราด,75.1,ไตรมาสที่ 1,สำนักงานสถิติแห่งชาติ,1186,หญิง,พันคน,ภาคกลาง,2564
นครนายก,82.9,ไตรมาสที่ 1,สำนักงานสถิติแห่งชาติ,1187,ชาย,พันคน,ภาคกลาง,2564
นครนายก,71.9,ไตรมาสที่ 1,สำนักงานสถิติแห่งชาติ,1188,หญิง,พันคน,ภาคกลาง,2564
นครปฐม,361.8,ไตรมาสที่ 1,สำนักงานสถิติแห่งชาติ,1189,ชาย,พันคน,ภาคกลาง,2564
นครปฐม,344.6,ไตรมาสที่ 1,สำนักงานสถิติแห่งชาติ,1190,หญิง,พันคน,ภาคกลาง,2564
นนทบุรี,514.6,ไตรมาสที่ 1,สำนักงานสถิติแห่งชาติ,1191,ชาย,พันคน,ภาคกลาง,2564
นนทบุรี,445.5,ไตรมาสที่ 1,สำนักงานสถิติแห่งชาติ,1192,หญิง,พันคน,ภาคกลาง,2564
ปทุมธานี,522.0,ไตรมาสที่ 1,สำนักงานสถิติแห่งชาติ,1193,ชาย,พันคน,ภาคกลาง,2564
ปทุมธานี,459.6,ไตรมาสที่ 1,สำนักงานสถิติแห่งชาติ,1194,หญิง,พันคน,ภาคกลาง,2564
ประจวบคีรีขันธ์,144.5,ไตรมาสที่ 1,สำนักงานสถิติแห่งชาติ,1195,ชาย,พันคน,ภาคกลาง,2564
ประจวบคีรีขันธ์,114.1,ไตรมาสที่ 1,สำนักงานสถิติแห่งชาติ,1196,หญิง,พันคน,ภาคกลาง,2564
ปราจีนบุรี,196.8,ไตรมาสที่ 1,สำนักงานสถิติแห่งชาติ,1197,ชาย,พันคน,ภาคกลาง,2564
ปราจีนบุรี,178.8,ไตรมาสที่ 1,สำนักงานสถิติแห่งชาติ,1198,หญิง,พันคน,ภาคกลาง,2564
พระนครศรีอยุธยา,264.1,ไตรมาสที่ 1,สำนักงานสถิติแห่งชาติ,1199,ชาย,พันคน,ภาคกลาง,2564
พระนครศรีอยุธยา,233.6,ไตรมาสที่ 1,สำนักงานสถิติแห่งชาติ,1200,หญิง,พันคน,ภาคกลาง,2564
ระยอง,320.9,ไตรมาสที่ 1,สำนักงานสถิติแห่งชาติ,1201,ชาย,พันคน,ภาคกลาง,2564
ระยอง,250.2,ไตรมาสที่ 1,สำนักงานสถิติแห่งชาติ,1202,หญิง,พันคน,ภาคกลาง,2564
ราชบุรี,213.4,ไตรมาสที่ 1,สำนักงานสถิติแห่งชาติ,1203,หญิง,พันคน,ภาคกลาง,2564
ลพบุรี,230.6,ไตรมาสที่ 1,สำนักงานสถิติแห่งชาติ,1204,ชาย,พันคน,ภาคกลาง,2564
ลพบุรี,187.4,ไตรมาสที่ 1,สำนักงานสถิติแห่งชาติ,1205,หญิง,พันคน,ภาคกลาง,2564
สมุทรปราการ,731.9,ไตรมาสที่ 1,สำนักงานสถิติแห่งชาติ,1206,ชาย,พันคน,ภาคกลาง,2564
สมุทรปราการ,636.8,ไตรมาสที่ 1,สำนักงานสถิติแห่งชาติ,1207,หญิง,พันคน,ภาคกลาง,2564
สมุทรสงคราม,60.6,ไตรมาสที่ 1,สำนักงานสถิติแห่งชาติ,1208,ชาย,พันคน,ภาคกลาง,2564
สมุทรสงคราม,51.3,ไตรมาสที่ 1,สำนักงานสถิติแห่งชาติ,1209,หญิง,พันคน,ภาคกลาง,2564
สมุทรสาคร,376.5,ไตรมาสที่ 1,สำนักงานสถิติแห่งชาติ,1210,ชาย,พันคน,ภาคกลาง,2564
สมุทรสาคร,334.2,ไตรมาสที่ 1,สำนักงานสถิติแห่งชาติ,1211,หญิง,พันคน,ภาคกลาง,2564
สระบุรี,215.9,ไตรมาสที่ 1,สำนักงานสถิติแห่งชาติ,1212,ชาย,พันคน,ภาคกลาง,2564
สระบุรี,184.6,ไตรมาสที่ 1,สำนักงานสถิติแห่งชาติ,1213,หญิง,พันคน,ภาคกลาง,2564
สระแก้ว,192.1,ไตรมาสที่ 1,สำนักงานสถิติแห่งชาติ,1214,ชาย,พันคน,ภาคกลาง,2564
สระแก้ว,155.5,ไตรมาสที่ 1,สำนักงานสถิติแห่งชาติ,1215,หญิง,พันคน,ภาคกลาง,2564
สิงห์บุรี,55.0,ไตรมาสที่ 1,สำนักงานสถิติแห่งชาติ,1216,ชาย,พันคน,ภาคกลาง,2564
สิงห์บุรี,53.7,ไตรมาสที่ 1,สำนักงานสถิติแห่งชาติ,1217,หญิง,พันคน,ภาคกลาง,2564
สุพรรณบุรี,266.2,ไตรมาสที่ 1,สำนักงานสถิติแห่งชาติ,1218,ชาย,พันคน,ภาคกลาง,2564
สุพรรณบุรี,209.4,ไตรมาสที่ 1,สำนักงานสถิติแห่งชาติ,1219,หญิง,พันคน,ภาคกลาง,2564
อ่างทอง,73.4,ไตรมาสที่ 1,สำนักงานสถิติแห่งชาติ,1220,ชาย,พันคน,ภาคกลาง,2564
อ่างทอง,68.7,ไตรมาสที่ 1,สำนักงานสถิติแห่งชาติ,1221,หญิง,พันคน,ภาคกลาง,2564
เพชรบุรี,147.8,ไตรมาสที่ 1,สำนักงานสถิติแห่งชาติ,1222,ชาย,พันคน,ภาคกลาง,2564
เพชรบุรี,137.1,ไตรมาสที่ 1,สำนักงานสถิติแห่งชาติ,1223,หญิง,พันคน,ภาคกลาง,2564
กำแพงเพชร,222.2,ไตรมาสที่ 1,สำนักงานสถิติแห่งชาติ,1224,ชาย,พันคน,ภาคเหนือ,2564
กำแพงเพชร,188.6,ไตรมาสที่ 1,สำนักงานสถิติแห่งชาติ,1225,หญิง,พันคน,ภาคเหนือ,2564
ตาก,126.7,ไตรมาสที่ 1,สำนักงานสถิติแห่งชาติ,1226,ชาย,พันคน,ภาคเหนือ,2564
ตาก,102.9,ไตรมาสที่ 1,สำนักงานสถิติแห่งชาติ,1227,หญิง,พันคน,ภาคเหนือ,2564
นครสวรรค์,269.5,ไตรมาสที่ 1,สำนักงานสถิติแห่งชาติ,1228,ชาย,พันคน,ภาคเหนือ,2564
นครสวรรค์,219.2,ไตรมาสที่ 1,สำนักงานสถิติแห่งชาติ,1229,หญิง,พันคน,ภาคเหนือ,2564
น่าน,132.7,ไตรมาสที่ 1,สำนักงานสถิติแห่งชาติ,1230,ชาย,พันคน,ภาคเหนือ,2564
น่าน,115.0,ไตรมาสที่ 1,สำนักงานสถิติแห่งชาติ,1231,หญิง,พันคน,ภาคเหนือ,2564
พะเยา,110.4,ไตรมาสที่ 1,สำนักงานสถิติแห่งชาติ,1232,ชาย,พันคน,ภาคเหนือ,2564
พะเยา,85.7,ไตรมาสที่ 1,สำนักงานสถิติแห่งชาติ,1233,หญิง,พันคน,ภาคเหนือ,2564
พิจิตร,151.1,ไตรมาสที่ 1,สำนักงานสถิติแห่งชาติ,1234,ชาย,พันคน,ภาคเหนือ,2564
พิจิตร,130.4,ไตรมาสที่ 1,สำนักงานสถิติแห่งชาติ,1235,หญิง,พันคน,ภาคเหนือ,2564
พิษณุโลก,252.9,ไตรมาสที่ 1,สำนักงานสถิติแห่งชาติ,1236,ชาย,พันคน,ภาคเหนือ,2564
พิษณุโลก,217.1,ไตรมาสที่ 1,สำนักงานสถิติแห่งชาติ,1237,หญิง,พันคน,ภาคเหนือ,2564
ลำปาง,216.5,ไตรมาสที่ 1,สำนักงานสถิติแห่งชาติ,1238,ชาย,พันคน,ภาคเหนือ,2564
ลำปาง,179.4,ไตรมาสที่ 1,สำนักงานสถิติแห่งชาติ,1239,หญิง,พันคน,ภาคเหนือ,2564
ลำพูน,133.4,ไตรมาสที่ 1,สำนักงานสถิติแห่งชาติ,1240,ชาย,พันคน,ภาคเหนือ,2564
ลำพูน,119.8,ไตรมาสที่ 1,สำนักงานสถิติแห่งชาติ,1241,หญิง,พันคน,ภาคเหนือ,2564
สุโขทัย,177.7,ไตรมาสที่ 1,สำนักงานสถิติแห่งชาติ,1242,ชาย,พันคน,ภาคเหนือ,2564
สุโขทัย,158.5,ไตรมาสที่ 1,สำนักงานสถิติแห่งชาติ,1243,หญิง,พันคน,ภาคเหนือ,2564
อุตรดิตถ์,113.6,ไตรมาสที่ 1,สำนักงานสถิติแห่งชาติ,1244,ชาย,พันคน,ภาคเหนือ,2564
อุตรดิตถ์,94.6,ไตรมาสที่ 1,สำนักงานสถิติแห่งชาติ,1245,หญิง,พันคน,ภาคเหนือ,2564
อุทัยธานี,78.1,ไตรมาสที่ 1,สำนักงานสถิติแห่งชาติ,1246,ชาย,พันคน,ภาคเหนือ,2564
อุทัยธานี,71.0,ไตรมาสที่ 1,สำนักงานสถิติแห่งชาติ,1247,หญิง,พันคน,ภาคเหนือ,2564
เชียงราย,355.5,ไตรมาสที่ 1,สำนักงานสถิติแห่งชาติ,1248,ชาย,พันคน,ภาคเหนือ,2564
เชียงราย,264.7,ไตรมาสที่ 1,สำนักงานสถิติแห่งชาติ,1249,หญิง,พันคน,ภาคเหนือ,2564
เชียงใหม่,536.6,ไตรมาสที่ 1,สำนักงานสถิติแห่งชาติ,1250,ชาย,พันคน,ภาคเหนือ,2564
เชียงใหม่,482.0,ไตรมาสที่ 1,สำนักงานสถิติแห่งชาติ,1251,หญิง,พันคน,ภาคเหนือ,2564
เพชรบูรณ์,247.5,ไตรมาสที่ 1,สำนักงานสถิติแห่งชาติ,1252,ชาย,พันคน,ภาคเหนือ,2564
เพชรบูรณ์,207.3,ไตรมาสที่ 1,สำนักงานสถิติแห่งชาติ,1253,หญิง,พันคน,ภาคเหนือ,2564
แพร่,124.9,ไตรมาสที่ 1,สำนักงานสถิติแห่งชาติ,1254,ชาย,พันคน,ภาคเหนือ,2564
แพร่,107.4,ไตรมาสที่ 1,สำนักงานสถิติแห่งชาติ,1255,หญิง,พันคน,ภาคเหนือ,2564
แม่ฮ่องสอน,57.3,ไตรมาสที่ 1,สำนักงานสถิติแห่งชาติ,1256,ชาย,พันคน,ภาคเหนือ,2564
แม่ฮ่องสอน,46.2,ไตรมาสที่ 1,สำนักงานสถิติแห่งชาติ,1257,หญิง,พันคน,ภาคเหนือ,2564
กาฬสินธุ์,224.7,ไตรมาสที่ 1,สำนักงานสถิติแห่งชาติ,1258,ชาย,พันคน,ภาคตะวันออกเฉียงเหนือ,2564
กาฬสินธุ์,169.7,ไตรมาสที่ 1,สำนักงานสถิติแห่งชาติ,1259,หญิง,พันคน,ภาคตะวันออกเฉียงเหนือ,2564
ขอนแก่น,452.5,ไตรมาสที่ 1,สำนักงานสถิติแห่งชาติ,1260,ชาย,พันคน,ภาคตะวันออกเฉียงเหนือ,2564
ขอนแก่น,373.5,ไตรมาสที่ 1,สำนักงานสถิติแห่งชาติ,1261,หญิง,พันคน,ภาคตะวันออกเฉียงเหนือ,2564
ชัยภูมิ,253.5,ไตรมาสที่ 1,สำนักงานสถิติแห่งชาติ,1262,ชาย,พันคน,ภาคตะวันออกเฉียงเหนือ,2564
ชัยภูมิ,199.3,ไตรมาสที่ 1,สำนักงานสถิติแห่งชาติ,1263,หญิง,พันคน,ภาคตะวันออกเฉียงเหนือ,2564
นครพนม,145.4,ไตรมาสที่ 1,สำนักงานสถิติแห่งชาติ,1264,ชาย,พันคน,ภาคตะวันออกเฉียงเหนือ,2564
นครพนม,134.3,ไตรมาสที่ 1,สำนักงานสถิติแห่งชาติ,1265,หญิง,พันคน,ภาคตะวันออกเฉียงเหนือ,2564
นครราชสีมา,607.3,ไตรมาสที่ 1,สำนักงานสถิติแห่งชาติ,1266,ชาย,พันคน,ภาคตะวันออกเฉียงเหนือ,2564
นครราชสีมา,490.8,ไตรมาสที่ 1,สำนักงานสถิติแห่งชาติ,1267,หญิง,พันคน,ภาคตะวันออกเฉียงเหนือ,2564
บึงกาฬ,92.0,ไตรมาสที่ 1,สำนักงานสถิติแห่งชาติ,1268,ชาย,พันคน,ภาคตะวันออกเฉียงเหนือ,2564
บึงกาฬ,76.0,ไตรมาสที่ 1,สำนักงานสถิติแห่งชาติ,1269,หญิง,พันคน,ภาคตะวันออกเฉียงเหนือ,2564
บุรีรัมย์,342.9,ไตรมาสที่ 1,สำนักงานสถิติแห่งชาติ,1270,ชาย,พันคน,ภาคตะวันออกเฉียงเหนือ,2564
บุรีรัมย์,296.6,ไตรมาสที่ 1,สำนักงานสถิติแห่งชาติ,1271,หญิง,พันคน,ภาคตะวันออกเฉียงเหนือ,2564
มหาสารคาม,212.0,ไตรมาสที่ 1,สำนักงานสถิติแห่งชาติ,1272,ชาย,พันคน,ภาคตะวันออกเฉียงเหนือ,2564
มหาสารคาม,175.3,ไตรมาสที่ 1,สำนักงานสถิติแห่งชาติ,1273,หญิง,พันคน,ภาคตะวันออกเฉียงเหนือ,2564
มุกดาหาร,101.4,ไตรมาสที่ 1,สำนักงานสถิติแห่งชาติ,1274,ชาย,พันคน,ภาคตะวันออกเฉียงเหนือ,2564
มุกดาหาร,84.8,ไตรมาสที่ 1,สำนักงานสถิติแห่งชาติ,1275,หญิง,พันคน,ภาคตะวันออกเฉียงเหนือ,2564
ยโสธร,133.6,ไตรมาสที่ 1,สำนักงานสถิติแห่งชาติ,1276,ชาย,พันคน,ภาคตะวันออกเฉียงเหนือ,2564
ยโสธร,123.0,ไตรมาสที่ 1,สำนักงานสถิติแห่งชาติ,1277,หญิง,พันคน,ภาคตะวันออกเฉียงเหนือ,2564
ร้อยเอ็ด,304.1,ไตรมาสที่ 1,สำนักงานสถิติแห่งชาติ,1278,ชาย,พันคน,ภาคตะวันออกเฉียงเหนือ,2564
ร้อยเอ็ด,251.0,ไตรมาสที่ 1,สำนักงานสถิติแห่งชาติ,1279,หญิง,พันคน,ภาคตะวันออกเฉียงเหนือ,2564
ศรีสะเกษ,284.4,ไตรมาสที่ 1,สำนักงานสถิติแห่งชาติ,1280,ชาย,พันคน,ภาคตะวันออกเฉียงเหนือ,2564
ศรีสะเกษ,232.2,ไตรมาสที่ 1,สำนักงานสถิติแห่งชาติ,1281,หญิง,พันคน,ภาคตะวันออกเฉียงเหนือ,2564
สกลนคร,164.1,ไตรมาสที่ 1,สำนักงานสถิติแห่งชาติ,1282,หญิง,พันคน,ภาคตะวันออกเฉียงเหนือ,2564
สุรินทร์,276.5,ไตรมาสที่ 1,สำนักงานสถิติแห่งชาติ,1283,ชาย,พันคน,ภาคตะวันออกเฉียงเหนือ,2564
สุรินทร์,233.8,ไตรมาสที่ 1,สำนักงานสถิติแห่งชาติ,1284,หญิง,พันคน,ภาคตะวันออกเฉียงเหนือ,2564
หนองคาย,111.5,ไตรมาสที่ 1,สำนักงานสถิติแห่งชาติ,1285,ชาย,พันคน,ภาคตะวันออกเฉียงเหนือ,2564
หนองคาย,90.5,ไตรมาสที่ 1,สำนักงานสถิติแห่งชาติ,1286,หญิง,พันคน,ภาคตะวันออกเฉียงเหนือ,2564
หนองบัวลำภู,118.5,ไตรมาสที่ 1,สำนักงานสถิติแห่งชาติ,1287,ชาย,พันคน,ภาคตะวันออกเฉียงเหนือ,2564
หนองบัวลำภู,89.5,ไตรมาสที่ 1,สำนักงานสถิติแห่งชาติ,1288,หญิง,พันคน,ภาคตะวันออกเฉียงเหนือ,2564
อำนาจเจริญ,60.9,ไตรมาสที่ 1,สำนักงานสถิติแห่งชาติ,1289,ชาย,พันคน,ภาคตะวันออกเฉียงเหนือ,2564
อำนาจเจริญ,48.3,ไตรมาสที่ 1,สำนักงานสถิติแห่งชาติ,1290,หญิง,พันคน,ภาคตะวันออกเฉียงเหนือ,2564
อุดรธานี,333.6,ไตรมาสที่ 1,สำนักงานสถิติแห่งชาติ,1291,ชาย,พันคน,ภาคตะวันออกเฉียงเหนือ,2564
อุดรธานี,249.7,ไตรมาสที่ 1,สำนักงานสถิติแห่งชาติ,1292,หญิง,พันคน,ภาคตะวันออกเฉียงเหนือ,2564
อุบลราชธานี,462.1,ไตรมาสที่ 1,สำนักงานสถิติแห่งชาติ,1293,ชาย,พันคน,ภาคตะวันออกเฉียงเหนือ,2564
อุบลราชธานี,379.5,ไตรมาสที่ 1,สำนักงานสถิติแห่งชาติ,1294,หญิง,พันคน,ภาคตะวันออกเฉียงเหนือ,2564
เลย,163.6,ไตรมาสที่ 1,สำนักงานสถิติแห่งชาติ,1295,ชาย,พันคน,ภาคตะวันออกเฉียงเหนือ,2564
เลย,140.1,ไตรมาสที่ 1,สำนักงานสถิติแห่งชาติ,1296,หญิง,พันคน,ภาคตะวันออกเฉียงเหนือ,2564
กระบี่,120.0,ไตรมาสที่ 1,สำนักงานสถิติแห่งชาติ,1297,ชาย,พันคน,ภาคใต้,2564
กระบี่,88.0,ไตรมาสที่ 1,สำนักงานสถิติแห่งชาติ,1298,หญิง,พันคน,ภาคใต้,2564
ชุมพร,165.0,ไตรมาสที่ 1,สำนักงานสถิติแห่งชาติ,1299,ชาย,พันคน,ภาคใต้,2564
ชุมพร,121.4,ไตรมาสที่ 1,สำนักงานสถิติแห่งชาติ,1300,หญิง,พันคน,ภาคใต้,2564
ตรัง,201.0,ไตรมาสที่ 1,สำนักงานสถิติแห่งชาติ,1301,ชาย,พันคน,ภาคใต้,2564
ตรัง,178.7,ไตรมาสที่ 1,สำนักงานสถิติแห่งชาติ,1302,หญิง,พันคน,ภาคใต้,2564
นครศรีธรรมราช,495.9,ไตรมาสที่ 1,สำนักงานสถิติแห่งชาติ,1303,ชาย,พันคน,ภาคใต้,2564
นครศรีธรรมราช,421.7,ไตรมาสที่ 1,สำนักงานสถิติแห่งชาติ,1304,หญิง,พันคน,ภาคใต้,2564
นราธิวาส,174.2,ไตรมาสที่ 1,สำนักงานสถิติแห่งชาติ,1305,ชาย,พันคน,ภาคใต้,2564
นราธิวาส,126.9,ไตรมาสที่ 1,สำนักงานสถิติแห่งชาติ,1306,หญิง,พันคน,ภาคใต้,2564
ปัตตานี,169.3,ไตรมาสที่ 1,สำนักงานสถิติแห่งชาติ,1307,ชาย,พันคน,ภาคใต้,2564
ปัตตานี,139.7,ไตรมาสที่ 1,สำนักงานสถิติแห่งชาติ,1308,หญิง,พันคน,ภาคใต้,2564
พังงา,87.7,ไตรมาสที่ 1,สำนักงานสถิติแห่งชาติ,1309,ชาย,พันคน,ภาคใต้,2564
พังงา,62.9,ไตรมาสที่ 1,สำนักงานสถิติแห่งชาติ,1310,หญิง,พันคน,ภาคใต้,2564
พัทลุง,158.9,ไตรมาสที่ 1,สำนักงานสถิติแห่งชาติ,1311,ชาย,พันคน,ภาคใต้,2564
พัทลุง,146.0,ไตรมาสที่ 1,สำนักงานสถิติแห่งชาติ,1312,หญิง,พันคน,ภาคใต้,2564
ภูเก็ต,159.2,ไตรมาสที่ 1,สำนักงานสถิติแห่งชาติ,1313,ชาย,พันคน,ภาคใต้,2564
ภูเก็ต,126.8,ไตรมาสที่ 1,สำนักงานสถิติแห่งชาติ,1314,หญิง,พันคน,ภาคใต้,2564
ยะลา,123.5,ไตรมาสที่ 1,สำนักงานสถิติแห่งชาติ,1315,ชาย,พันคน,ภาคใต้,2564
ยะลา,101.7,ไตรมาสที่ 1,สำนักงานสถิติแห่งชาติ,1316,หญิง,พันคน,ภาคใต้,2564
ระนอง,84.0,ไตรมาสที่ 1,สำนักงานสถิติแห่งชาติ,1317,ชาย,พันคน,ภาคใต้,2564
ระนอง,52.9,ไตรมาสที่ 1,สำนักงานสถิติแห่งชาติ,1318,หญิง,พันคน,ภาคใต้,2564
สงขลา,446.0,ไตรมาสที่ 1,สำนักงานสถิติแห่งชาติ,1319,ชาย,พันคน,ภาคใต้,2564
สงขลา,394.0,ไตรมาสที่ 1,สำนักงานสถิติแห่งชาติ,1320,หญิง,พันคน,ภาคใต้,2564
สตูล,82.2,ไตรมาสที่ 1,สำนักงานสถิติแห่งชาติ,1321,ชาย,พันคน,ภาคใต้,2564
สตูล,62.5,ไตรมาสที่ 1,สำนักงานสถิติแห่งชาติ,1322,หญิง,พันคน,ภาคใต้,2564
สุราษฎร์ธานี,340.7,ไตรมาสที่ 1,สำนักงานสถิติแห่งชาติ,1323,ชาย,พันคน,ภาคใต้,2564
สุราษฎร์ธานี,286.9,ไตรมาสที่ 1,สำนักงานสถิติแห่งชาติ,1324,หญิง,พันคน,ภาคใต้,2564
กรุงเทพมหานคร,2803.0,ไตรมาสที่ 2,สำนักงานสถิติแห่งชาติ,1325,ชาย,พันคน,กรุงเทพมหานคร,2564
กรุงเทพมหานคร,2571.2,ไตรมาสที่ 2,สำนักงานสถิติแห่งชาติ,1326,หญิง,พันคน,กรุงเทพมหานคร,2564
กาญจนบุรี,248.6,ไตรมาสที่ 2,สำนักงานสถิติแห่งชาติ,1327,ชาย,พันคน,ภาคกลาง,2564
กาญจนบุรี,191.7,ไตรมาสที่ 2,สำนักงานสถิติแห่งชาติ,1328,หญิง,พันคน,ภาคกลาง,2564
จันทบุรี,198.4,ไตรมาสที่ 2,สำนักงานสถิติแห่งชาติ,1329,ชาย,พันคน,ภาคกลาง,2564
จันทบุรี,175.3,ไตรมาสที่ 2,สำนักงานสถิติแห่งชาติ,1330,หญิง,พันคน,ภาคกลาง,2564
ฉะเชิงเทรา,259.2,ไตรมาสที่ 2,สำนักงานสถิติแห่งชาติ,1331,ชาย,พันคน,ภาคกลาง,2564
ฉะเชิงเทรา,213.2,ไตรมาสที่ 2,สำนักงานสถิติแห่งชาติ,1332,หญิง,พันคน,ภาคกลาง,2564
ชลบุรี,582.5,ไตรมาสที่ 2,สำนักงานสถิติแห่งชาติ,1333,ชาย,พันคน,ภาคกลาง,2564
ชลบุรี,486.0,ไตรมาสที่ 2,สำนักงานสถิติแห่งชาติ,1334,หญิง,พันคน,ภาคกลาง,2564
ชัยนาท,95.2,ไตรมาสที่ 2,สำนักงานสถิติแห่งชาติ,1335,ชาย,พันคน,ภาคกลาง,2564
ชัยนาท,80.9,ไตรมาสที่ 2,สำนักงานสถิติแห่งชาติ,1336,หญิง,พันคน,ภาคกลาง,2564
ตราด,99.3,ไตรมาสที่ 2,สำนักงานสถิติแห่งชาติ,1337,ชาย,พันคน,ภาคกลาง,2564
ตราด,74.9,ไตรมาสที่ 2,สำนักงานสถิติแห่งชาติ,1338,หญิง,พันคน,ภาคกลาง,2564
นครนายก,85.2,ไตรมาสที่ 2,สำนักงานสถิติแห่งชาติ,1339,ชาย,พันคน,ภาคกลาง,2564
นครนายก,70.3,ไตรมาสที่ 2,สำนักงานสถิติแห่งชาติ,1340,หญิง,พันคน,ภาคกลาง,2564
นครปฐม,367.5,ไตรมาสที่ 2,สำนักงานสถิติแห่งชาติ,1341,ชาย,พันคน,ภาคกลาง,2564
นครปฐม,333.7,ไตรมาสที่ 2,สำนักงานสถิติแห่งชาติ,1342,หญิง,พันคน,ภาคกลาง,2564
นนทบุรี,510.4,ไตรมาสที่ 2,สำนักงานสถิติแห่งชาติ,1343,ชาย,พันคน,ภาคกลาง,2564
นนทบุรี,445.6,ไตรมาสที่ 2,สำนักงานสถิติแห่งชาติ,1344,หญิง,พันคน,ภาคกลาง,2564
ปทุมธานี,518.3,ไตรมาสที่ 2,สำนักงานสถิติแห่งชาติ,1345,ชาย,พันคน,ภาคกลาง,2564
ปทุมธานี,462.8,ไตรมาสที่ 2,สำนักงานสถิติแห่งชาติ,1346,หญิง,พันคน,ภาคกลาง,2564
ประจวบคีรีขันธ์,145.3,ไตรมาสที่ 2,สำนักงานสถิติแห่งชาติ,1347,ชาย,พันคน,ภาคกลาง,2564
ประจวบคีรีขันธ์,111.2,ไตรมาสที่ 2,สำนักงานสถิติแห่งชาติ,1348,หญิง,พันคน,ภาคกลาง,2564
ปราจีนบุรี,202.2,ไตรมาสที่ 2,สำนักงานสถิติแห่งชาติ,1349,ชาย,พันคน,ภาคกลาง,2564
ปราจีนบุรี,175.5,ไตรมาสที่ 2,สำนักงานสถิติแห่งชาติ,1350,หญิง,พันคน,ภาคกลาง,2564
พระนครศรีอยุธยา,253.3,ไตรมาสที่ 2,สำนักงานสถิติแห่งชาติ,1351,ชาย,พันคน,ภาคกลาง,2564
พระนครศรีอยุธยา,235.8,ไตรมาสที่ 2,สำนักงานสถิติแห่งชาติ,1352,หญิง,พันคน,ภาคกลาง,2564
ระยอง,324.6,ไตรมาสที่ 2,สำนักงานสถิติแห่งชาติ,1353,ชาย,พันคน,ภาคกลาง,2564
ระยอง,248.0,ไตรมาสที่ 2,สำนักงานสถิติแห่งชาติ,1354,หญิง,พันคน,ภาคกลาง,2564
ราชบุรี,244.4,ไตรมาสที่ 2,สำนักงานสถิติแห่งชาติ,1355,ชาย,พันคน,ภาคกลาง,2564
ราชบุรี,206.9,ไตรมาสที่ 2,สำนักงานสถิติแห่งชาติ,1356,หญิง,พันคน,ภาคกลาง,2564
ลพบุรี,230.1,ไตรมาสที่ 2,สำนักงานสถิติแห่งชาติ,1357,ชาย,พันคน,ภาคกลาง,2564
ลพบุรี,181.7,ไตรมาสที่ 2,สำนักงานสถิติแห่งชาติ,1358,หญิง,พันคน,ภาคกลาง,2564
สมุทรปราการ,744.1,ไตรมาสที่ 2,สำนักงานสถิติแห่งชาติ,1359,ชาย,พันคน,ภาคกลาง,2564
สมุทรปราการ,651.7,ไตรมาสที่ 2,สำนักงานสถิติแห่งชาติ,1360,หญิง,พันคน,ภาคกลาง,2564
สมุทรสงคราม,60.4,ไตรมาสที่ 2,สำนักงานสถิติแห่งชาติ,1361,ชาย,พันคน,ภาคกลาง,2564
สมุทรสงคราม,49.3,ไตรมาสที่ 2,สำนักงานสถิติแห่งชาติ,1362,หญิง,พันคน,ภาคกลาง,2564
สมุทรสาคร,336.6,ไตรมาสที่ 2,สำนักงานสถิติแห่งชาติ,1363,หญิง,พันคน,ภาคกลาง,2564
สระบุรี,215.4,ไตรมาสที่ 2,สำนักงานสถิติแห่งชาติ,1364,ชาย,พันคน,ภาคกลาง,2564
สระบุรี,180.5,ไตรมาสที่ 2,สำนักงานสถิติแห่งชาติ,1365,หญิง,พันคน,ภาคกลาง,2564
สระแก้ว,193.2,ไตรมาสที่ 2,สำนักงานสถิติแห่งชาติ,1366,ชาย,พันคน,ภาคกลาง,2564
สระแก้ว,156.0,ไตรมาสที่ 2,สำนักงานสถิติแห่งชาติ,1367,หญิง,พันคน,ภาคกลาง,2564
สิงห์บุรี,57.0,ไตรมาสที่ 2,สำนักงานสถิติแห่งชาติ,1368,ชาย,พันคน,ภาคกลาง,2564
สิงห์บุรี,52.7,ไตรมาสที่ 2,สำนักงานสถิติแห่งชาติ,1369,หญิง,พันคน,ภาคกลาง,2564
สุพรรณบุรี,262.2,ไตรมาสที่ 2,สำนักงานสถิติแห่งชาติ,1370,ชาย,พันคน,ภาคกลาง,2564
สุพรรณบุรี,213.4,ไตรมาสที่ 2,สำนักงานสถิติแห่งชาติ,1371,หญิง,พันคน,ภาคกลาง,2564
อ่างทอง,70.6,ไตรมาสที่ 2,สำนักงานสถิติแห่งชาติ,1372,ชาย,พันคน,ภาคกลาง,2564
อ่างทอง,65.9,ไตรมาสที่ 2,สำนักงานสถิติแห่งชาติ,1373,หญิง,พันคน,ภาคกลาง,2564
เพชรบุรี,148.0,ไตรมาสที่ 2,สำนักงานสถิติแห่งชาติ,1374,ชาย,พันคน,ภาคกลาง,2564
เพชรบุรี,129.7,ไตรมาสที่ 2,สำนักงานสถิติแห่งชาติ,1375,หญิง,พันคน,ภาคกลาง,2564
กำแพงเพชร,222.8,ไตรมาสที่ 2,สำนักงานสถิติแห่งชาติ,1376,ชาย,พันคน,ภาคเหนือ,2564
กำแพงเพชร,186.0,ไตรมาสที่ 2,สำนักงานสถิติแห่งชาติ,1377,หญิง,พันคน,ภาคเหนือ,2564
ตาก,136.3,ไตรมาสที่ 2,สำนักงานสถิติแห่งชาติ,1378,ชาย,พันคน,ภาคเหนือ,2564
ตาก,108.3,ไตรมาสที่ 2,สำนักงานสถิติแห่งชาติ,1379,หญิง,พันคน,ภาคเหนือ,2564
นครสวรรค์,275.4,ไตรมาสที่ 2,สำนักงานสถิติแห่งชาติ,1380,ชาย,พันคน,ภาคเหนือ,2564
นครสวรรค์,249.9,ไตรมาสที่ 2,สำนักงานสถิติแห่งชาติ,1381,หญิง,พันคน,ภาคเหนือ,2564
น่าน,131.9,ไตรมาสที่ 2,สำนักงานสถิติแห่งชาติ,1382,ชาย,พันคน,ภาคเหนือ,2564
น่าน,105.6,ไตรมาสที่ 2,สำนักงานสถิติแห่งชาติ,1383,หญิง,พันคน,ภาคเหนือ,2564
พะเยา,118.7,ไตรมาสที่ 2,สำนักงานสถิติแห่งชาติ,1384,ชาย,พันคน,ภาคเหนือ,2564
พะเยา,92.8,ไตรมาสที่ 2,สำนักงานสถิติแห่งชาติ,1385,หญิง,พันคน,ภาคเหนือ,2564
พิจิตร,151.6,ไตรมาสที่ 2,สำนักงานสถิติแห่งชาติ,1386,ชาย,พันคน,ภาคเหนือ,2564
พิจิตร,126.9,ไตรมาสที่ 2,สำนักงานสถิติแห่งชาติ,1387,หญิง,พันคน,ภาคเหนือ,2564
พิษณุโลก,252.1,ไตรมาสที่ 2,สำนักงานสถิติแห่งชาติ,1388,ชาย,พันคน,ภาคเหนือ,2564
พิษณุโลก,217.1,ไตรมาสที่ 2,สำนักงานสถิติแห่งชาติ,1389,หญิง,พันคน,ภาคเหนือ,2564
ลำปาง,197.5,ไตรมาสที่ 2,สำนักงานสถิติแห่งชาติ,1390,ชาย,พันคน,ภาคเหนือ,2564
ลำปาง,161.3,ไตรมาสที่ 2,สำนักงานสถิติแห่งชาติ,1391,หญิง,พันคน,ภาคเหนือ,2564
ลำพูน,133.8,ไตรมาสที่ 2,สำนักงานสถิติแห่งชาติ,1392,ชาย,พันคน,ภาคเหนือ,2564
ลำพูน,116.3,ไตรมาสที่ 2,สำนักงานสถิติแห่งชาติ,1393,หญิง,พันคน,ภาคเหนือ,2564
สุโขทัย,176.6,ไตรมาสที่ 2,สำนักงานสถิติแห่งชาติ,1394,ชาย,พันคน,ภาคเหนือ,2564
สุโขทัย,156.4,ไตรมาสที่ 2,สำนักงานสถิติแห่งชาติ,1395,หญิง,พันคน,ภาคเหนือ,2564
อุตรดิตถ์,116.5,ไตรมาสที่ 2,สำนักงานสถิติแห่งชาติ,1396,ชาย,พันคน,ภาคเหนือ,2564
อุตรดิตถ์,92.7,ไตรมาสที่ 2,สำนักงานสถิติแห่งชาติ,1397,หญิง,พันคน,ภาคเหนือ,2564
อุทัยธานี,81.4,ไตรมาสที่ 2,สำนักงานสถิติแห่งชาติ,1398,ชาย,พันคน,ภาคเหนือ,2564
อุทัยธานี,69.1,ไตรมาสที่ 2,สำนักงานสถิติแห่งชาติ,1399,หญิง,พันคน,ภาคเหนือ,2564
เชียงราย,333.0,ไตรมาสที่ 2,สำนักงานสถิติแห่งชาติ,1400,ชาย,พันคน,ภาคเหนือ,2564
เชียงราย,227.1,ไตรมาสที่ 2,สำนักงานสถิติแห่งชาติ,1401,หญิง,พันคน,ภาคเหนือ,2564
เชียงใหม่,545.2,ไตรมาสที่ 2,สำนักงานสถิติแห่งชาติ,1402,ชาย,พันคน,ภาคเหนือ,2564
เชียงใหม่,483.5,ไตรมาสที่ 2,สำนักงานสถิติแห่งชาติ,1403,หญิง,พันคน,ภาคเหนือ,2564
เพชรบูรณ์,239.6,ไตรมาสที่ 2,สำนักงานสถิติแห่งชาติ,1404,ชาย,พันคน,ภาคเหนือ,2564
เพชรบูรณ์,208.2,ไตรมาสที่ 2,สำนักงานสถิติแห่งชาติ,1405,หญิง,พันคน,ภาคเหนือ,2564
แพร่,119.6,ไตรมาสที่ 2,สำนักงานสถิติแห่งชาติ,1406,ชาย,พันคน,ภาคเหนือ,2564
แพร่,102.8,ไตรมาสที่ 2,สำนักงานสถิติแห่งชาติ,1407,หญิง,พันคน,ภาคเหนือ,2564
แม่ฮ่องสอน,57.6,ไตรมาสที่ 2,สำนักงานสถิติแห่งชาติ,1408,ชาย,พันคน,ภาคเหนือ,2564
แม่ฮ่องสอน,48.4,ไตรมาสที่ 2,สำนักงานสถิติแห่งชาติ,1409,หญิง,พันคน,ภาคเหนือ,2564
กาฬสินธุ์,227.9,ไตรมาสที่ 2,สำนักงานสถิติแห่งชาติ,1410,ชาย,พันคน,ภาคตะวันออกเฉียงเหนือ,2564
กาฬสินธุ์,171.9,ไตรมาสที่ 2,สำนักงานสถิติแห่งชาติ,1411,หญิง,พันคน,ภาคตะวันออกเฉียงเหนือ,2564
ขอนแก่น,454.2,ไตรมาสที่ 2,สำนักงานสถิติแห่งชาติ,1412,ชาย,พันคน,ภาคตะวันออกเฉียงเหนือ,2564
ขอนแก่น,406.1,ไตรมาสที่ 2,สำนักงานสถิติแห่งชาติ,1413,หญิง,พันคน,ภาคตะวันออกเฉียงเหนือ,2564
ชัยภูมิ,258.5,ไตรมาสที่ 2,สำนักงานสถิติแห่งชาติ,1414,ชาย,พันคน,ภาคตะวันออกเฉียงเหนือ,2564
ชัยภูมิ,199.9,ไตรมาสที่ 2,สำนักงานสถิติแห่งชาติ,1415,หญิง,พันคน,ภาคตะวันออกเฉียงเหนือ,2564
นครพนม,158.3,ไตรมาสที่ 2,สำนักงานสถิติแห่งชาติ,1416,ชาย,พันคน,ภาคตะวันออกเฉียงเหนือ,2564
นครพนม,144.2,ไตรมาสที่ 2,สำนักงานสถิติแห่งชาติ,1417,หญิง,พันคน,ภาคตะวันออกเฉียงเหนือ,2564
นครราชสีมา,656.5,ไตรมาสที่ 2,สำนักงานสถิติแห่งชาติ,1418,ชาย,พันคน,ภาคตะวันออกเฉียงเหนือ,2564
นครราชสีมา,517.3,ไตรมาสที่ 2,สำนักงานสถิติแห่งชาติ,1419,หญิง,พันคน,ภาคตะวันออกเฉียงเหนือ,2564
บึงกาฬ,93.2,ไตรมาสที่ 2,สำนักงานสถิติแห่งชาติ,1420,ชาย,พันคน,ภาคตะวันออกเฉียงเหนือ,2564
บึงกาฬ,79.6,ไตรมาสที่ 2,สำนักงานสถิติแห่งชาติ,1421,หญิง,พันคน,ภาคตะวันออกเฉียงเหนือ,2564
บุรีรัมย์,349.1,ไตรมาสที่ 2,สำนักงานสถิติแห่งชาติ,1422,ชาย,พันคน,ภาคตะวันออกเฉียงเหนือ,2564
บุรีรัมย์,278.7,ไตรมาสที่ 2,สำนักงานสถิติแห่งชาติ,1423,หญิง,พันคน,ภาคตะวันออกเฉียงเหนือ,2564
มหาสารคาม,217.8,ไตรมาสที่ 2,สำนักงานสถิติแห่งชาติ,1424,ชาย,พันคน,ภาคตะวันออกเฉียงเหนือ,2564
มหาสารคาม,188.4,ไตรมาสที่ 2,สำนักงานสถิติแห่งชาติ,1425,หญิง,พันคน,ภาคตะวันออกเฉียงเหนือ,2564
มุกดาหาร,104.6,ไตรมาสที่ 2,สำนักงานสถิติแห่งชาติ,1426,ชาย,พันคน,ภาคตะวันออกเฉียงเหนือ,2564
มุกดาหาร,91.7,ไตรมาสที่ 2,สำนักงานสถิติแห่งชาติ,1427,หญิง,พันคน,ภาคตะวันออกเฉียงเหนือ,2564
ยโสธร,144.7,ไตรมาสที่ 2,สำนักงานสถิติแห่งชาติ,1428,ชาย,พันคน,ภาคตะวันออกเฉียงเหนือ,2564
ยโสธร,136.5,ไตรมาสที่ 2,สำนักงานสถิติแห่งชาติ,1429,หญิง,พันคน,ภาคตะวันออกเฉียงเหนือ,2564
ร้อยเอ็ด,301.5,ไตรมาสที่ 2,สำนักงานสถิติแห่งชาติ,1430,ชาย,พันคน,ภาคตะวันออกเฉียงเหนือ,2564
ร้อยเอ็ด,254.0,ไตรมาสที่ 2,สำนักงานสถิติแห่งชาติ,1431,หญิง,พันคน,ภาคตะวันออกเฉียงเหนือ,2564
ศรีสะเกษ,304.1,ไตรมาสที่ 2,สำนักงานสถิติแห่งชาติ,1432,ชาย,พันคน,ภาคตะวันออกเฉียงเหนือ,2564
ศรีสะเกษ,264.1,ไตรมาสที่ 2,สำนักงานสถิติแห่งชาติ,1433,หญิง,พันคน,ภาคตะวันออกเฉียงเหนือ,2564
สกลนคร,230.9,ไตรมาสที่ 2,สำนักงานสถิติแห่งชาติ,1434,ชาย,พันคน,ภาคตะวันออกเฉียงเหนือ,2564
สกลนคร,182.6,ไตรมาสที่ 2,สำนักงานสถิติแห่งชาติ,1435,หญิง,พันคน,ภาคตะวันออกเฉียงเหนือ,2564
สุรินทร์,280.6,ไตรมาสที่ 2,สำนักงานสถิติแห่งชาติ,1436,ชาย,พันคน,ภาคตะวันออกเฉียงเหนือ,2564
สุรินทร์,234.9,ไตรมาสที่ 2,สำนักงานสถิติแห่งชาติ,1437,หญิง,พันคน,ภาคตะวันออกเฉียงเหนือ,2564
หนองคาย,110.3,ไตรมาสที่ 2,สำนักงานสถิติแห่งชาติ,1438,ชาย,พันคน,ภาคตะวันออกเฉียงเหนือ,2564
หนองคาย,88.2,ไตรมาสที่ 2,สำนักงานสถิติแห่งชาติ,1439,หญิง,พันคน,ภาคตะวันออกเฉียงเหนือ,2564
หนองบัวลำภู,127.3,ไตรมาสที่ 2,สำนักงานสถิติแห่งชาติ,1440,ชาย,พันคน,ภาคตะวันออกเฉียงเหนือ,2564
อำนาจเจริญ,67.3,ไตรมาสที่ 2,สำนักงานสถิติแห่งชาติ,1441,ชาย,พันคน,ภาคตะวันออกเฉียงเหนือ,2564
อำนาจเจริญ,55.4,ไตรมาสที่ 2,สำนักงานสถิติแห่งชาติ,1442,หญิง,พันคน,ภาคตะวันออกเฉียงเหนือ,2564
อุดรธานี,350.8,ไตรมาสที่ 2,สำนักงานสถิติแห่งชาติ,1443,ชาย,พันคน,ภาคตะวันออกเฉียงเหนือ,2564
อุดรธานี,253.0,ไตรมาสที่ 2,สำนักงานสถิติแห่งชาติ,1444,หญิง,พันคน,ภาคตะวันออกเฉียงเหนือ,2564
อุบลราชธานี,486.3,ไตรมาสที่ 2,สำนักงานสถิติแห่งชาติ,1445,ชาย,พันคน,ภาคตะวันออกเฉียงเหนือ,2564
อุบลราชธานี,385.2,ไตรมาสที่ 2,สำนักงานสถิติแห่งชาติ,1446,หญิง,พันคน,ภาคตะวันออกเฉียงเหนือ,2564
เลย,160.5,ไตรมาสที่ 2,สำนักงานสถิติแห่งชาติ,1447,ชาย,พันคน,ภาคตะวันออกเฉียงเหนือ,2564
เลย,138.6,ไตรมาสที่ 2,สำนักงานสถิติแห่งชาติ,1448,หญิง,พันคน,ภาคตะวันออกเฉียงเหนือ,2564
กระบี่,118.2,ไตรมาสที่ 2,สำนักงานสถิติแห่งชาติ,1449,ชาย,พันคน,ภาคใต้,2564
กระบี่,89.0,ไตรมาสที่ 2,สำนักงานสถิติแห่งชาติ,1450,หญิง,พันคน,ภาคใต้,2564
ชุมพร,171.4,ไตรมาสที่ 2,สำนักงานสถิติแห่งชาติ,1451,ชาย,พันคน,ภาคใต้,2564
ชุมพร,117.3,ไตรมาสที่ 2,สำนักงานสถิติแห่งชาติ,1452,หญิง,พันคน,ภาคใต้,2564
ตรัง,199.8,ไตรมาสที่ 2,สำนักงานสถิติแห่งชาติ,1453,ชาย,พันคน,ภาคใต้,2564
ตรัง,171.4,ไตรมาสที่ 2,สำนักงานสถิติแห่งชาติ,1454,หญิง,พันคน,ภาคใต้,2564
นครศรีธรรมราช,487.3,ไตรมาสที่ 2,สำนักงานสถิติแห่งชาติ,1455,ชาย,พันคน,ภาคใต้,2564
นครศรีธรรมราช,412.4,ไตรมาสที่ 2,สำนักงานสถิติแห่งชาติ,1456,หญิง,พันคน,ภาคใต้,2564
นราธิวาส,184.4,ไตรมาสที่ 2,สำนักงานสถิติแห่งชาติ,1457,ชาย,พันคน,ภาคใต้,2564
นราธิวาส,132.6,ไตรมาสที่ 2,สำนักงานสถิติแห่งชาติ,1458,หญิง,พันคน,ภาคใต้,2564
ปัตตานี,169.3,ไตรมาสที่ 2,สำนักงานสถิติแห่งชาติ,1459,ชาย,พันคน,ภาคใต้,2564
ปัตตานี,147.1,ไตรมาสที่ 2,สำนักงานสถิติแห่งชาติ,1460,หญิง,พันคน,ภาคใต้,2564
พังงา,89.6,ไตรมาสที่ 2,สำนักงานสถิติแห่งชาติ,1461,ชาย,พันคน,ภาคใต้,2564
พังงา,58.8,ไตรมาสที่ 2,สำนักงานสถิติแห่งชาติ,1462,หญิง,พันคน,ภาคใต้,2564
พัทลุง,159.6,ไตรมาสที่ 2,สำนักงานสถิติแห่งชาติ,1463,ชาย,พันคน,ภาคใต้,2564
พัทลุง,153.5,ไตรมาสที่ 2,สำนักงานสถิติแห่งชาติ,1464,หญิง,พันคน,ภาคใต้,2564
ภูเก็ต,159.7,ไตรมาสที่ 2,สำนักงานสถิติแห่งชาติ,1465,ชาย,พันคน,ภาคใต้,2564
ภูเก็ต,127.1,ไตรมาสที่ 2,สำนักงานสถิติแห่งชาติ,1466,หญิง,พันคน,ภาคใต้,2564
ยะลา,123.4,ไตรมาสที่ 2,สำนักงานสถิติแห่งชาติ,1467,ชาย,พันคน,ภาคใต้,2564
ยะลา,101.0,ไตรมาสที่ 2,สำนักงานสถิติแห่งชาติ,1468,หญิง,พันคน,ภาคใต้,2564
ระนอง,86.7,ไตรมาสที่ 2,สำนักงานสถิติแห่งชาติ,1469,ชาย,พันคน,ภาคใต้,2564
ระนอง,53.3,ไตรมาสที่ 2,สำนักงานสถิติแห่งชาติ,1470,หญิง,พันคน,ภาคใต้,2564
สงขลา,444.5,ไตรมาสที่ 2,สำนักงานสถิติแห่งชาติ,1471,ชาย,พันคน,ภาคใต้,2564
สงขลา,408.2,ไตรมาสที่ 2,สำนักงานสถิติแห่งชาติ,1472,หญิง,พันคน,ภาคใต้,2564
สตูล,86.4,ไตรมาสที่ 2,สำนักงานสถิติแห่งชาติ,1473,ชาย,พันคน,ภาคใต้,2564
สตูล,59.9,ไตรมาสที่ 2,สำนักงานสถิติแห่งชาติ,1474,หญิง,พันคน,ภาคใต้,2564
สุราษฎร์ธานี,348.2,ไตรมาสที่ 2,สำนักงานสถิติแห่งชาติ,1475,ชาย,พันคน,ภาคใต้,2564
สุราษฎร์ธานี,273.7,ไตรมาสที่ 2,สำนักงานสถิติแห่งชาติ,1476,หญิง,พันคน,ภาคใต้,2564
กรุงเทพมหานคร,2689.6,ไตรมาสที่ 3,สำนักงานสถิติแห่งชาติ,1477,ชาย,พันคน,กรุงเทพมหานคร,2564
กรุงเทพมหานคร,2490.7,ไตรมาสที่ 3,สำนักงานสถิติแห่งชาติ,1478,หญิง,พันคน,กรุงเทพมหานคร,2564
กาญจนบุรี,243.2,ไตรมาสที่ 3,สำนักงานสถิติแห่งชาติ,1479,ชาย,พันคน,ภาคกลาง,2564
กาญจนบุรี,188.8,ไตรมาสที่ 3,สำนักงานสถิติแห่งชาติ,1480,หญิง,พันคน,ภาคกลาง,2564
จันทบุรี,195.5,ไตรมาสที่ 3,สำนักงานสถิติแห่งชาติ,1481,ชาย,พันคน,ภาคกลาง,2564
จันทบุรี,170.9,ไตรมาสที่ 3,สำนักงานสถิติแห่งชาติ,1482,หญิง,พันคน,ภาคกลาง,2564
ฉะเชิงเทรา,261.6,ไตรมาสที่ 3,สำนักงานสถิติแห่งชาติ,1483,ชาย,พันคน,ภาคกลาง,2564
ฉะเชิงเทรา,204.8,ไตรมาสที่ 3,สำนักงานสถิติแห่งชาติ,1484,หญิง,พันคน,ภาคกลาง,2564
ชลบุรี,587.1,ไตรมาสที่ 3,สำนักงานสถิติแห่งชาติ,1485,ชาย,พันคน,ภาคกลาง,2564
ชลบุรี,472.4,ไตรมาสที่ 3,สำนักงานสถิติแห่งชาติ,1486,หญิง,พันคน,ภาคกลาง,2564
ชัยนาท,92.8,ไตรมาสที่ 3,สำนักงานสถิติแห่งชาติ,1487,ชาย,พันคน,ภาคกลาง,2564
ชัยนาท,84.8,ไตรมาสที่ 3,สำนักงานสถิติแห่งชาติ,1488,หญิง,พันคน,ภาคกลาง,2564
ตราด,97.8,ไตรมาสที่ 3,สำนักงานสถิติแห่งชาติ,1489,ชาย,พันคน,ภาคกลาง,2564
ตราด,71.0,ไตรมาสที่ 3,สำนักงานสถิติแห่งชาติ,1490,หญิง,พันคน,ภาคกลาง,2564
นครนายก,83.8,ไตรมาสที่ 3,สำนักงานสถิติแห่งชาติ,1491,ชาย,พันคน,ภาคกลาง,2564
นครนายก,64.1,ไตรมาสที่ 3,สำนักงานสถิติแห่งชาติ,1492,หญิง,พันคน,ภาคกลาง,2564
นครปฐม,359.5,ไตรมาสที่ 3,สำนักงานสถิติแห่งชาติ,1493,ชาย,พันคน,ภาคกลาง,2564
นครปฐม,316.0,ไตรมาสที่ 3,สำนักงานสถิติแห่งชาติ,1494,หญิง,พันคน,ภาคกลาง,2564
นนทบุรี,508.5,ไตรมาสที่ 3,สำนักงานสถิติแห่งชาติ,1495,ชาย,พันคน,ภาคกลาง,2564
นนทบุรี,451.2,ไตรมาสที่ 3,สำนักงานสถิติแห่งชาติ,1496,หญิง,พันคน,ภาคกลาง,2564
ปทุมธานี,500.7,ไตรมาสที่ 3,สำนักงานสถิติแห่งชาติ,1497,ชาย,พันคน,ภาคกลาง,2564
ปทุมธานี,442.6,ไตรมาสที่ 3,สำนักงานสถิติแห่งชาติ,1498,หญิง,พันคน,ภาคกลาง,2564
ประจวบคีรีขันธ์,147.0,ไตรมาสที่ 3,สำนักงานสถิติแห่งชาติ,1499,ชาย,พันคน,ภาคกลาง,2564
ประจวบคีรีขันธ์,108.1,ไตรมาสที่ 3,สำนักงานสถิติแห่งชาติ,1500,หญิง,พันคน,ภาคกลาง,2564
ปราจีนบุรี,204.4,ไตรมาสที่ 3,สำนักงานสถิติแห่งชาติ,1501,ชาย,พันคน,ภาคกลาง,2564
ปราจีนบุรี,183.2,ไตรมาสที่ 3,สำนักงานสถิติแห่งชาติ,1502,หญิง,พันคน,ภาคกลาง,2564
พระนครศรีอยุธยา,258.1,ไตรมาสที่ 3,สำนักงานสถิติแห่งชาติ,1503,ชาย,พันคน,ภาคกลาง,2564
พระนครศรีอยุธยา,224.1,ไตรมาสที่ 3,สำนักงานสถิติแห่งชาติ,1504,หญิง,พันคน,ภาคกลาง,2564
ระยอง,330.5,ไตรมาสที่ 3,สำนักงานสถิติแห่งชาติ,1505,ชาย,พันคน,ภาคกลาง,2564
ระยอง,236.4,ไตรมาสที่ 3,สำนักงานสถิติแห่งชาติ,1506,หญิง,พันคน,ภาคกลาง,2564
ราชบุรี,239.6,ไตรมาสที่ 3,สำนักงานสถิติแห่งชาติ,1507,ชาย,พันคน,ภาคกลาง,2564
ราชบุรี,193.5,ไตรมาสที่ 3,สำนักงานสถิติแห่งชาติ,1508,หญิง,พันคน,ภาคกลาง,2564
ลพบุรี,238.8,ไตรมาสที่ 3,สำนักงานสถิติแห่งชาติ,1509,ชาย,พันคน,ภาคกลาง,2564
ลพบุรี,189.9,ไตรมาสที่ 3,สำนักงานสถิติแห่งชาติ,1510,หญิง,พันคน,ภาคกลาง,2564
สมุทรปราการ,734.2,ไตรมาสที่ 3,สำนักงานสถิติแห่งชาติ,1511,ชาย,พันคน,ภาคกลาง,2564
สมุทรปราการ,627.8,ไตรมาสที่ 3,สำนักงานสถิติแห่งชาติ,1512,หญิง,พันคน,ภาคกลาง,2564
สมุทรสงคราม,56.8,ไตรมาสที่ 3,สำนักงานสถิติแห่งชาติ,1513,ชาย,พันคน,ภาคกลาง,2564
สมุทรสงคราม,46.8,ไตรมาสที่ 3,สำนักงานสถิติแห่งชาติ,1514,หญิง,พันคน,ภาคกลาง,2564
สมุทรสาคร,382.5,ไตรมาสที่ 3,สำนักงานสถิติแห่งชาติ,1515,ชาย,พันคน,ภาคกลาง,2564
สมุทรสาคร,333.5,ไตรมาสที่ 3,สำนักงานสถิติแห่งชาติ,1516,หญิง,พันคน,ภาคกลาง,2564
สระบุรี,213.5,ไตรมาสที่ 3,สำนักงานสถิติแห่งชาติ,1517,ชาย,พันคน,ภาคกลาง,2564
สระบุรี,163.9,ไตรมาสที่ 3,สำนักงานสถิติแห่งชาติ,1518,หญิง,พันคน,ภาคกลาง,2564
สระแก้ว,197.5,ไตรมาสที่ 3,สำนักงานสถิติแห่งชาติ,1519,ชาย,พันคน,ภาคกลาง,2564
สระแก้ว,150.5,ไตรมาสที่ 3,สำนักงานสถิติแห่งชาติ,1520,หญิง,พันคน,ภาคกลาง,2564
สิงห์บุรี,53.2,ไตรมาสที่ 3,สำนักงานสถิติแห่งชาติ,1521,ชาย,พันคน,ภาคกลาง,2564
สิงห์บุรี,49.6,ไตรมาสที่ 3,สำนักงานสถิติแห่งชาติ,1522,หญิง,พันคน,ภาคกลาง,2564
สุพรรณบุรี,199.4,ไตรมาสที่ 3,สำนักงานสถิติแห่งชาติ,1523,หญิง,พันคน,ภาคกลาง,2564
อ่างทอง,66.3,ไตรมาสที่ 3,สำนักงานสถิติแห่งชาติ,1524,ชาย,พันคน,ภาคกลาง,2564
อ่างทอง,62.4,ไตรมาสที่ 3,สำนักงานสถิติแห่งชาติ,1525,หญิง,พันคน,ภาคกลาง,2564
เพชรบุรี,146.9,ไตรมาสที่ 3,สำนักงานสถิติแห่งชาติ,1526,ชาย,พันคน,ภาคกลาง,2564
เพชรบุรี,129.3,ไตรมาสที่ 3,สำนักงานสถิติแห่งชาติ,1527,หญิง,พันคน,ภาคกลาง,2564
กำแพงเพชร,217.9,ไตรมาสที่ 3,สำนักงานสถิติแห่งชาติ,1528,ชาย,พันคน,ภาคเหนือ,2564
กำแพงเพชร,183.6,ไตรมาสที่ 3,สำนักงานสถิติแห่งชาติ,1529,หญิง,พันคน,ภาคเหนือ,2564
ตาก,127.3,ไตรมาสที่ 3,สำนักงานสถิติแห่งชาติ,1530,ชาย,พันคน,ภาคเหนือ,2564
ตาก,100.3,ไตรมาสที่ 3,สำนักงานสถิติแห่งชาติ,1531,หญิง,พันคน,ภาคเหนือ,2564
นครสวรรค์,281.5,ไตรมาสที่ 3,สำนักงานสถิติแห่งชาติ,1532,ชาย,พันคน,ภาคเหนือ,2564
นครสวรรค์,247.2,ไตรมาสที่ 3,สำนักงานสถิติแห่งชาติ,1533,หญิง,พันคน,ภาคเหนือ,2564
น่าน,138.3,ไตรมาสที่ 3,สำนักงานสถิติแห่งชาติ,1534,ชาย,พันคน,ภาคเหนือ,2564
น่าน,118.2,ไตรมาสที่ 3,สำนักงานสถิติแห่งชาติ,1535,หญิง,พันคน,ภาคเหนือ,2564
พะเยา,119.8,ไตรมาสที่ 3,สำนักงานสถิติแห่งชาติ,1536,ชาย,พันคน,ภาคเหนือ,2564
พะเยา,95.9,ไตรมาสที่ 3,สำนักงานสถิติแห่งชาติ,1537,หญิง,พันคน,ภาคเหนือ,2564
พิจิตร,154.0,ไตรมาสที่ 3,สำนักงานสถิติแห่งชาติ,1538,ชาย,พันคน,ภาคเหนือ,2564
พิจิตร,134.9,ไตรมาสที่ 3,สำนักงานสถิติแห่งชาติ,1539,หญิง,พันคน,ภาคเหนือ,2564
พิษณุโลก,251.3,ไตรมาสที่ 3,สำนักงานสถิติแห่งชาติ,1540,ชาย,พันคน,ภาคเหนือ,2564
พิษณุโลก,218.5,ไตรมาสที่ 3,สำนักงานสถิติแห่งชาติ,1541,หญิง,พันคน,ภาคเหนือ,2564
ลำปาง,213.9,ไตรมาสที่ 3,สำนักงานสถิติแห่งชาติ,1542,ชาย,พันคน,ภาคเหนือ,2564
ลำปาง,181.3,ไตรมาสที่ 3,สำนักงานสถิติแห่งชาติ,1543,หญิง,พันคน,ภาคเหนือ,2564
ลำพูน,132.5,ไตรมาสที่ 3,สำนักงานสถิติแห่งชาติ,1544,ชาย,พันคน,ภาคเหนือ,2564
ลำพูน,120.0,ไตรมาสที่ 3,สำนักงานสถิติแห่งชาติ,1545,หญิง,พันคน,ภาคเหนือ,2564
สุโขทัย,175.0,ไตรมาสที่ 3,สำนักงานสถิติแห่งชาติ,1546,ชาย,พันคน,ภาคเหนือ,2564
สุโขทัย,155.5,ไตรมาสที่ 3,สำนักงานสถิติแห่งชาติ,1547,หญิง,พันคน,ภาคเหนือ,2564
อุตรดิตถ์,119.9,ไตรมาสที่ 3,สำนักงานสถิติแห่งชาติ,1548,ชาย,พันคน,ภาคเหนือ,2564
อุตรดิตถ์,91.3,ไตรมาสที่ 3,สำนักงานสถิติแห่งชาติ,1549,หญิง,พันคน,ภาคเหนือ,2564
อุทัยธานี,78.2,ไตรมาสที่ 3,สำนักงานสถิติแห่งชาติ,1550,ชาย,พันคน,ภาคเหนือ,2564
อุทัยธานี,69.2,ไตรมาสที่ 3,สำนักงานสถิติแห่งชาติ,1551,หญิง,พันคน,ภาคเหนือ,2564
เชียงราย,330.0,ไตรมาสที่ 3,สำนักงานสถิติแห่งชาติ,1552,ชาย,พันคน,ภาคเหนือ,2564
เชียงราย,234.3,ไตรมาสที่ 3,สำนักงานสถิติแห่งชาติ,1553,หญิง,พันคน,ภาคเหนือ,2564
เชียงใหม่,543.8,ไตรมาสที่ 3,สำนักงานสถิติแห่งชาติ,1554,ชาย,พันคน,ภาคเหนือ,2564
เชียงใหม่,459.9,ไตรมาสที่ 3,สำนักงานสถิติแห่งชาติ,1555,หญิง,พันคน,ภาคเหนือ,2564
เพชรบูรณ์,247.0,ไตรมาสที่ 3,สำนักงานสถิติแห่งชาติ,1556,ชาย,พันคน,ภาคเหนือ,2564
เพชรบูรณ์,207.3,ไตรมาสที่ 3,สำนักงานสถิติแห่งชาติ,1557,หญิง,พันคน,ภาคเหนือ,2564
แพร่,123.8,ไตรมาสที่ 3,สำนักงานสถิติแห่งชาติ,1558,ชาย,พันคน,ภาคเหนือ,2564
แพร่,106.0,ไตรมาสที่ 3,สำนักงานสถิติแห่งชาติ,1559,หญิง,พันคน,ภาคเหนือ,2564
แม่ฮ่องสอน,60.3,ไตรมาสที่ 3,สำนักงานสถิติแห่งชาติ,1560,ชาย,พันคน,ภาคเหนือ,2564
แม่ฮ่องสอน,48.7,ไตรมาสที่ 3,สำนักงานสถิติแห่งชาติ,1561,หญิง,พันคน,ภาคเหนือ,2564
กาฬสินธุ์,226.3,ไตรมาสที่ 3,สำนักงานสถิติแห่งชาติ,1562,ชาย,พันคน,ภาคตะวันออกเฉียงเหนือ,2564
กาฬสินธุ์,180.3,ไตรมาสที่ 3,สำนักงานสถิติแห่งชาติ,1563,หญิง,พันคน,ภาคตะวันออกเฉียงเหนือ,2564
ขอนแก่น,477.7,ไตรมาสที่ 3,สำนักงานสถิติแห่งชาติ,1564,ชาย,พันคน,ภาคตะวันออกเฉียงเหนือ,2564
ขอนแก่น,429.4,ไตรมาสที่ 3,สำนักงานสถิติแห่งชาติ,1565,หญิง,พันคน,ภาคตะวันออกเฉียงเหนือ,2564
ชัยภูมิ,268.7,ไตรมาสที่ 3,สำนักงานสถิติแห่งชาติ,1566,ชาย,พันคน,ภาคตะวันออกเฉียงเหนือ,2564
ชัยภูมิ,214.9,ไตรมาสที่ 3,สำนักงานสถิติแห่งชาติ,1567,หญิง,พันคน,ภาคตะวันออกเฉียงเหนือ,2564
นครพนม,154.1,ไตรมาสที่ 3,สำนักงานสถิติแห่งชาติ,1568,ชาย,พันคน,ภาคตะวันออกเฉียงเหนือ,2564
นครพนม,132.9,ไตรมาสที่ 3,สำนักงานสถิติแห่งชาติ,1569,หญิง,พันคน,ภาคตะวันออกเฉียงเหนือ,2564
นครราชสีมา,700.6,ไตรมาสที่ 3,สำนักงานสถิติแห่งชาติ,1570,ชาย,พันคน,ภาคตะวันออกเฉียงเหนือ,2564
นครราชสีมา,558.7,ไตรมาสที่ 3,สำนักงานสถิติแห่งชาติ,1571,หญิง,พันคน,ภาคตะวันออกเฉียงเหนือ,2564
บึงกาฬ,92.9,ไตรมาสที่ 3,สำนักงานสถิติแห่งชาติ,1572,ชาย,พันคน,ภาคตะวันออกเฉียงเหนือ,2564
บึงกาฬ,80.5,ไตรมาสที่ 3,สำนักงานสถิติแห่งชาติ,1573,หญิง,พันคน,ภาคตะวันออกเฉียงเหนือ,2564
บุรีรัมย์,358.0,ไตรมาสที่ 3,สำนักงานสถิติแห่งชาติ,1574,ชาย,พันคน,ภาคตะวันออกเฉียงเหนือ,2564
บุรีรัมย์,291.4,ไตรมาสที่ 3,สำนักงานสถิติแห่งชาติ,1575,หญิง,พันคน,ภาคตะวันออกเฉียงเหนือ,2564
มหาสารคาม,227.7,ไตรมาสที่ 3,สำนักงานสถิติแห่งชาติ,1576,ชาย,พันคน,ภาคตะวันออกเฉียงเหนือ,2564
มหาสารคาม,188.5,ไตรมาสที่ 3,สำนักงานสถิติแห่งชาติ,1577,หญิง,พันคน,ภาคตะวันออกเฉียงเหนือ,2564
มุกดาหาร,103.5,ไตรมาสที่ 3,สำนักงานสถิติแห่งชาติ,1578,ชาย,พันคน,ภาคตะวันออกเฉียงเหนือ,2564
มุกดาหาร,92.5,ไตรมาสที่ 3,สำนักงานสถิติแห่งชาติ,1579,หญิง,พันคน,ภาคตะวันออกเฉียงเหนือ,2564
ยโสธร,144.4,ไตรมาสที่ 3,สำนักงานสถิติแห่งชาติ,1580,ชาย,พันคน,ภาคตะวันออกเฉียงเหนือ,2564
ยโสธร,138.9,ไตรมาสที่ 3,สำนักงานสถิติแห่งชาติ,1581,หญิง,พันคน,ภาคตะวันออกเฉียงเหนือ,2564
ร้อยเอ็ด,303.6,ไตรมาสที่ 3,สำนักงานสถิติแห่งชาติ,1582,ชาย,พันคน,ภาคตะวันออกเฉียงเหนือ,2564
ร้อยเอ็ด,267.1,ไตรมาสที่ 3,สำนักงานสถิติแห่งชาติ,1583,หญิง,พันคน,ภาคตะวันออกเฉียงเหนือ,2564
ศรีสะเกษ,305.2,ไตรมาสที่ 3,สำนักงานสถิติแห่งชาติ,1584,ชาย,พันคน,ภาคตะวันออกเฉียงเหนือ,2564
ศรีสะเกษ,282.5,ไตรมาสที่ 3,สำนักงานสถิติแห่งชาติ,1585,หญิง,พันคน,ภาคตะวันออกเฉียงเหนือ,2564
สกลนคร,234.2,ไตรมาสที่ 3,สำนักงานสถิติแห่งชาติ,1586,ชาย,พันคน,ภาคตะวันออกเฉียงเหนือ,2564
สกลนคร,191.8,ไตรมาสที่ 3,สำนักงานสถิติแห่งชาติ,1587,หญิง,พันคน,ภาคตะวันออกเฉียงเหนือ,2564
สุรินทร์,290.7,ไตรมาสที่ 3,สำนักงานสถิติแห่งชาติ,1588,ชาย,พันคน,ภาคตะวันออกเฉียงเหนือ,2564
สุรินทร์,255.0,ไตรมาสที่ 3,สำนักงานสถิติแห่งชาติ,1589,หญิง,พันคน,ภาคตะวันออกเฉียงเหนือ,2564
หนองคาย,110.6,ไตรมาสที่ 3,สำนักงานสถิติแห่งชาติ,1590,ชาย,พันคน,ภาคตะวันออกเฉียงเหนือ,2564
หนองคาย,94.7,ไตรมาสที่ 3,สำนักงานสถิติแห่งชาติ,1591,หญิง,พันคน,ภาคตะวันออกเฉียงเหนือ,2564
หนองบัวลำภู,127.1,ไตรมาสที่ 3,สำนักงานสถิติแห่งชาติ,1592,ชาย,พันคน,ภาคตะวันออกเฉียงเหนือ,2564
หนองบัวลำภู,96.1,ไตรมาสที่ 3,สำนักงานสถิติแห่งชาติ,1593,หญิง,พันคน,ภาคตะวันออกเฉียงเหนือ,2564
อำนาจเจริญ,73.8,ไตรมาสที่ 3,สำนักงานสถิติแห่งชาติ,1594,ชาย,พันคน,ภาคตะวันออกเฉียงเหนือ,2564
อำนาจเจริญ,60.6,ไตรมาสที่ 3,สำนักงานสถิติแห่งชาติ,1595,หญิง,พันคน,ภาคตะวันออกเฉียงเหนือ,2564
อุดรธานี,333.3,ไตรมาสที่ 3,สำนักงานสถิติแห่งชาติ,1596,ชาย,พันคน,ภาคตะวันออกเฉียงเหนือ,2564
อุดรธานี,285.4,ไตรมาสที่ 3,สำนักงานสถิติแห่งชาติ,1597,หญิง,พันคน,ภาคตะวันออกเฉียงเหนือ,2564
อุบลราชธานี,493.5,ไตรมาสที่ 3,สำนักงานสถิติแห่งชาติ,1598,ชาย,พันคน,ภาคตะวันออกเฉียงเหนือ,2564
อุบลราชธานี,402.3,ไตรมาสที่ 3,สำนักงานสถิติแห่งชาติ,1599,หญิง,พันคน,ภาคตะวันออกเฉียงเหนือ,2564
กรุงเทพมหานคร,2770.5,ไตรมาสที่ 1,สำนักงานสถิติแห่งชาติ,1600,ชาย,พันคน,กรุงเทพมหานคร,2563
กรุงเทพมหานคร,2517.0,ไตรมาสที่ 1,สำนักงานสถิติแห่งชาติ,1601,หญิง,พันคน,กรุงเทพมหานคร,2563
กาญจนบุรี,248.8,ไตรมาสที่ 1,สำนักงานสถิติแห่งชาติ,1602,ชาย,พันคน,ภาคกลาง,2563
กาญจนบุรี,204.0,ไตรมาสที่ 1,สำนักงานสถิติแห่งชาติ,1603,หญิง,พันคน,ภาคกลาง,2563
จันทบุรี,191.1,ไตรมาสที่ 1,สำนักงานสถิติแห่งชาติ,1604,ชาย,พันคน,ภาคกลาง,2563
จันทบุรี,166.1,ไตรมาสที่ 1,สำนักงานสถิติแห่งชาติ,1605,หญิง,พันคน,ภาคกลาง,2563
ฉะเชิงเทรา,248.5,ไตรมาสที่ 1,สำนักงานสถิติแห่งชาติ,1606,ชาย,พันคน,ภาคกลาง,2563
ฉะเชิงเทรา,198.4,ไตรมาสที่ 1,สำนักงานสถิติแห่งชาติ,1607,หญิง,พันคน,ภาคกลาง,2563
ชลบุรี,575.1,ไตรมาสที่ 1,สำนักงานสถิติแห่งชาติ,1608,ชาย,พันคน,ภาคกลาง,2563
ชลบุรี,456.2,ไตรมาสที่ 1,สำนักงานสถิติแห่งชาติ,1609,หญิง,พันคน,ภาคกลาง,2563
ชัยนาท,87.8,ไตรมาสที่ 1,สำนักงานสถิติแห่งชาติ,1610,ชาย,พันคน,ภาคกลาง,2563
ชัยนาท,77.2,ไตรมาสที่ 1,สำนักงานสถิติแห่งชาติ,1611,หญิง,พันคน,ภาคกลาง,2563
ตราด,98.6,ไตรมาสที่ 1,สำนักงานสถิติแห่งชาติ,1612,ชาย,พันคน,ภาคกลาง,2563
ตราด,72.8,ไตรมาสที่ 1,สำนักงานสถิติแห่งชาติ,1613,หญิง,พันคน,ภาคกลาง,2563
นครนายก,82.8,ไตรมาสที่ 1,สำนักงานสถิติแห่งชาติ,1614,ชาย,พันคน,ภาคกลาง,2563
นครนายก,67.9,ไตรมาสที่ 1,สำนักงานสถิติแห่งชาติ,1615,หญิง,พันคน,ภาคกลาง,2563
นครปฐม,360.6,ไตรมาสที่ 1,สำนักงานสถิติแห่งชาติ,1616,ชาย,พันคน,ภาคกลาง,2563
นครปฐม,333.2,ไตรมาสที่ 1,สำนักงานสถิติแห่งชาติ,1617,หญิง,พันคน,ภาคกลาง,2563
นนทบุรี,521.9,ไตรมาสที่ 1,สำนักงานสถิติแห่งชาติ,1618,ชาย,พันคน,ภาคกลาง,2563
นนทบุรี,444.0,ไตรมาสที่ 1,สำนักงานสถิติแห่งชาติ,1619,หญิง,พันคน,ภาคกลาง,2563
ปทุมธานี,511.9,ไตรมาสที่ 1,สำนักงานสถิติแห่งชาติ,1620,ชาย,พันคน,ภาคกลาง,2563
ปทุมธานี,453.4,ไตรมาสที่ 1,สำนักงานสถิติแห่งชาติ,1621,หญิง,พันคน,ภาคกลาง,2563
ประจวบคีรีขันธ์,149.1,ไตรมาสที่ 1,สำนักงานสถิติแห่งชาติ,1622,ชาย,พันคน,ภาคกลาง,2563
ประจวบคีรีขันธ์,111.3,ไตรมาสที่ 1,สำนักงานสถิติแห่งชาติ,1623,หญิง,พันคน,ภาคกลาง,2563
ปราจีนบุรี,189.4,ไตรมาสที่ 1,สำนักงานสถิติแห่งชาติ,1624,ชาย,พันคน,ภาคกลาง,2563
ปราจีนบุรี,168.7,ไตรมาสที่ 1,สำนักงานสถิติแห่งชาติ,1625,หญิง,พันคน,ภาคกลาง,2563
พระนครศรีอยุธยา,281.0,ไตรมาสที่ 1,สำนักงานสถิติแห่งชาติ,1626,ชาย,พันคน,ภาคกลาง,2563
พระนครศรีอยุธยา,232.1,ไตรมาสที่ 1,สำนักงานสถิติแห่งชาติ,1627,หญิง,พันคน,ภาคกลาง,2563
ระยอง,324.9,ไตรมาสที่ 1,สำนักงานสถิติแห่งชาติ,1628,ชาย,พันคน,ภาคกลาง,2563
ระยอง,257.6,ไตรมาสที่ 1,สำนักงานสถิติแห่งชาติ,1629,หญิง,พันคน,ภาคกลาง,2563
ราชบุรี,249.0,ไตรมาสที่ 1,สำนักงานสถิติแห่งชาติ,1630,ชาย,พันคน,ภาคกลาง,2563
ราชบุรี,215.0,ไตรมาสที่ 1,สำนักงานสถิติแห่งชาติ,1631,หญิง,พันคน,ภาคกลาง,2563
ลพบุรี,225.0,ไตรมาสที่ 1,สำนักงานสถิติแห่งชาติ,1632,ชาย,พันคน,ภาคกลาง,2563
ลพบุรี,185.8,ไตรมาสที่ 1,สำนักงานสถิติแห่งชาติ,1633,หญิง,พันคน,ภาคกลาง,2563
สมุทรปราการ,728.7,ไตรมาสที่ 1,สำนักงานสถิติแห่งชาติ,1634,ชาย,พันคน,ภาคกลาง,2563
สมุทรปราการ,640.8,ไตรมาสที่ 1,สำนักงานสถิติแห่งชาติ,1635,หญิง,พันคน,ภาคกลาง,2563
สมุทรสงคราม,58.9,ไตรมาสที่ 1,สำนักงานสถิติแห่งชาติ,1636,ชาย,พันคน,ภาคกลาง,2563
สมุทรสงคราม,52.1,ไตรมาสที่ 1,สำนักงานสถิติแห่งชาติ,1637,หญิง,พันคน,ภาคกลาง,2563
สมุทรสาคร,377.1,ไตรมาสที่ 1,สำนักงานสถิติแห่งชาติ,1638,ชาย,พันคน,ภาคกลาง,2563
สมุทรสาคร,334.6,ไตรมาสที่ 1,สำนักงานสถิติแห่งชาติ,1639,หญิง,พันคน,ภาคกลาง,2563
สระบุรี,218.6,ไตรมาสที่ 1,สำนักงานสถิติแห่งชาติ,1640,ชาย,พันคน,ภาคกลาง,2563
สระบุรี,178.9,ไตรมาสที่ 1,สำนักงานสถิติแห่งชาติ,1641,หญิง,พันคน,ภาคกลาง,2563
สระแก้ว,174.8,ไตรมาสที่ 1,สำนักงานสถิติแห่งชาติ,1642,ชาย,พันคน,ภาคกลาง,2563
สระแก้ว,138.1,ไตรมาสที่ 1,สำนักงานสถิติแห่งชาติ,1643,หญิง,พันคน,ภาคกลาง,2563
สิงห์บุรี,57.8,ไตรมาสที่ 1,สำนักงานสถิติแห่งชาติ,1644,ชาย,พันคน,ภาคกลาง,2563
สิงห์บุรี,50.1,ไตรมาสที่ 1,สำนักงานสถิติแห่งชาติ,1645,หญิง,พันคน,ภาคกลาง,2563
สุพรรณบุรี,259.1,ไตรมาสที่ 1,สำนักงานสถิติแห่งชาติ,1646,ชาย,พันคน,ภาคกลาง,2563
สุพรรณบุรี,213.1,ไตรมาสที่ 1,สำนักงานสถิติแห่งชาติ,1647,หญิง,พันคน,ภาคกลาง,2563
อ่างทอง,68.0,ไตรมาสที่ 1,สำนักงานสถิติแห่งชาติ,1648,ชาย,พันคน,ภาคกลาง,2563
อ่างทอง,68.0,ไตรมาสที่ 1,สำนักงานสถิติแห่งชาติ,1649,หญิง,พันคน,ภาคกลาง,2563
เพชรบุรี,147.1,ไตรมาสที่ 1,สำนักงานสถิติแห่งชาติ,1650,ชาย,พันคน,ภาคกลาง,2563
เพชรบุรี,132.9,ไตรมาสที่ 1,สำนักงานสถิติแห่งชาติ,1651,หญิง,พันคน,ภาคกลาง,2563
กำแพงเพชร,221.5,ไตรมาสที่ 1,สำนักงานสถิติแห่งชาติ,1652,ชาย,พันคน,ภาคเหนือ,2563
กำแพงเพชร,179.6,ไตรมาสที่ 1,สำนักงานสถิติแห่งชาติ,1653,หญิง,พันคน,ภาคเหนือ,2563
ตาก,135.2,ไตรมาสที่ 1,สำนักงานสถิติแห่งชาติ,1654,ชาย,พันคน,ภาคเหนือ,2563
ตาก,99.9,ไตรมาสที่ 1,สำนักงานสถิติแห่งชาติ,1655,หญิง,พันคน,ภาคเหนือ,2563
นครสวรรค์,268.1,ไตรมาสที่ 1,สำนักงานสถิติแห่งชาติ,1656,ชาย,พันคน,ภาคเหนือ,2563
นครสวรรค์,233.3,ไตรมาสที่ 1,สำนักงานสถิติแห่งชาติ,1657,หญิง,พันคน,ภาคเหนือ,2563
น่าน,132.7,ไตรมาสที่ 1,สำนักงานสถิติแห่งชาติ,1658,ชาย,พันคน,ภาคเหนือ,2563
น่าน,109.5,ไตรมาสที่ 1,สำนักงานสถิติแห่งชาติ,1659,หญิง,พันคน,ภาคเหนือ,2563
พะเยา,114.1,ไตรมาสที่ 1,สำนักงานสถิติแห่งชาติ,1660,ชาย,พันคน,ภาคเหนือ,2563
พะเยา,91.1,ไตรมาสที่ 1,สำนักงานสถิติแห่งชาติ,1661,หญิง,พันคน,ภาคเหนือ,2563
พิจิตร,151.2,ไตรมาสที่ 1,สำนักงานสถิติแห่งชาติ,1662,ชาย,พันคน,ภาคเหนือ,2563
พิจิตร,140.2,ไตรมาสที่ 1,สำนักงานสถิติแห่งชาติ,1663,หญิง,พันคน,ภาคเหนือ,2563
พิษณุโลก,246.6,ไตรมาสที่ 1,สำนักงานสถิติแห่งชาติ,1664,ชาย,พันคน,ภาคเหนือ,2563
พิษณุโลก,218.0,ไตรมาสที่ 1,สำนักงานสถิติแห่งชาติ,1665,หญิง,พันคน,ภาคเหนือ,2563
ลำปาง,210.6,ไตรมาสที่ 1,สำนักงานสถิติแห่งชาติ,1666,ชาย,พันคน,ภาคเหนือ,2563
ลำปาง,180.2,ไตรมาสที่ 1,สำนักงานสถิติแห่งชาติ,1667,หญิง,พันคน,ภาคเหนือ,2563
ลำพูน,132.6,ไตรมาสที่ 1,สำนักงานสถิติแห่งชาติ,1668,ชาย,พันคน,ภาคเหนือ,2563
ลำพูน,119.7,ไตรมาสที่ 1,สำนักงานสถิติแห่งชาติ,1669,หญิง,พันคน,ภาคเหนือ,2563
สุโขทัย,167.3,ไตรมาสที่ 1,สำนักงานสถิติแห่งชาติ,1670,ชาย,พันคน,ภาคเหนือ,2563
สุโขทัย,161.4,ไตรมาสที่ 1,สำนักงานสถิติแห่งชาติ,1671,หญิง,พันคน,ภาคเหนือ,2563
อุตรดิตถ์,114.7,ไตรมาสที่ 1,สำนักงานสถิติแห่งชาติ,1672,ชาย,พันคน,ภาคเหนือ,2563
อุตรดิตถ์,86.2,ไตรมาสที่ 1,สำนักงานสถิติแห่งชาติ,1673,หญิง,พันคน,ภาคเหนือ,2563
อุทัยธานี,78.2,ไตรมาสที่ 1,สำนักงานสถิติแห่งชาติ,1674,ชาย,พันคน,ภาคเหนือ,2563
อุทัยธานี,65.7,ไตรมาสที่ 1,สำนักงานสถิติแห่งชาติ,1675,หญิง,พันคน,ภาคเหนือ,2563
เชียงราย,327.6,ไตรมาสที่ 1,สำนักงานสถิติแห่งชาติ,1676,ชาย,พันคน,ภาคเหนือ,2563
เชียงราย,263.0,ไตรมาสที่ 1,สำนักงานสถิติแห่งชาติ,1677,หญิง,พันคน,ภาคเหนือ,2563
เชียงใหม่,521.2,ไตรมาสที่ 1,สำนักงานสถิติแห่งชาติ,1678,ชาย,พันคน,ภาคเหนือ,2563
เชียงใหม่,473.4,ไตรมาสที่ 1,สำนักงานสถิติแห่งชาติ,1679,หญิง,พันคน,ภาคเหนือ,2563
เพชรบูรณ์,249.3,ไตรมาสที่ 1,สำนักงานสถิติแห่งชาติ,1680,ชาย,พันคน,ภาคเหนือ,2563
เพชรบูรณ์,208.8,ไตรมาสที่ 1,สำนักงานสถิติแห่งชาติ,1681,หญิง,พันคน,ภาคเหนือ,2563
เลย,138.3,ไตรมาสที่ 3,สำนักงานสถิติแห่งชาติ,1682,หญิง,พันคน,ภาคตะวันออกเฉียงเหนือ,2564
กระบี่,119.2,ไตรมาสที่ 3,สำนักงานสถิติแห่งชาติ,1683,ชาย,พันคน,ภาคใต้,2564
กระบี่,91.3,ไตรมาสที่ 3,สำนักงานสถิติแห่งชาติ,1684,หญิง,พันคน,ภาคใต้,2564
ชุมพร,168.5,ไตรมาสที่ 3,สำนักงานสถิติแห่งชาติ,1685,ชาย,พันคน,ภาคใต้,2564
ชุมพร,111.8,ไตรมาสที่ 3,สำนักงานสถิติแห่งชาติ,1686,หญิง,พันคน,ภาคใต้,2564
ตรัง,201.3,ไตรมาสที่ 3,สำนักงานสถิติแห่งชาติ,1687,ชาย,พันคน,ภาคใต้,2564
ตรัง,175.1,ไตรมาสที่ 3,สำนักงานสถิติแห่งชาติ,1688,หญิง,พันคน,ภาคใต้,2564
นครศรีธรรมราช,487.0,ไตรมาสที่ 3,สำนักงานสถิติแห่งชาติ,1689,ชาย,พันคน,ภาคใต้,2564
นครศรีธรรมราช,400.4,ไตรมาสที่ 3,สำนักงานสถิติแห่งชาติ,1690,หญิง,พันคน,ภาคใต้,2564
นราธิวาส,182.3,ไตรมาสที่ 3,สำนักงานสถิติแห่งชาติ,1691,ชาย,พันคน,ภาคใต้,2564
นราธิวาส,129.3,ไตรมาสที่ 3,สำนักงานสถิติแห่งชาติ,1692,หญิง,พันคน,ภาคใต้,2564
ปัตตานี,163.8,ไตรมาสที่ 3,สำนักงานสถิติแห่งชาติ,1693,ชาย,พันคน,ภาคใต้,2564
ปัตตานี,137.6,ไตรมาสที่ 3,สำนักงานสถิติแห่งชาติ,1694,หญิง,พันคน,ภาคใต้,2564
พังงา,86.7,ไตรมาสที่ 3,สำนักงานสถิติแห่งชาติ,1695,ชาย,พันคน,ภาคใต้,2564
พังงา,54.6,ไตรมาสที่ 3,สำนักงานสถิติแห่งชาติ,1696,หญิง,พันคน,ภาคใต้,2564
พัทลุง,157.9,ไตรมาสที่ 3,สำนักงานสถิติแห่งชาติ,1697,ชาย,พันคน,ภาคใต้,2564
พัทลุง,152.5,ไตรมาสที่ 3,สำนักงานสถิติแห่งชาติ,1698,หญิง,พันคน,ภาคใต้,2564
ภูเก็ต,154.1,ไตรมาสที่ 3,สำนักงานสถิติแห่งชาติ,1699,ชาย,พันคน,ภาคใต้,2564
ภูเก็ต,129.7,ไตรมาสที่ 3,สำนักงานสถิติแห่งชาติ,1700,หญิง,พันคน,ภาคใต้,2564
ยะลา,123.8,ไตรมาสที่ 3,สำนักงานสถิติแห่งชาติ,1701,ชาย,พันคน,ภาคใต้,2564
ยะลา,99.7,ไตรมาสที่ 3,สำนักงานสถิติแห่งชาติ,1702,หญิง,พันคน,ภาคใต้,2564
ระนอง,84.1,ไตรมาสที่ 3,สำนักงานสถิติแห่งชาติ,1703,ชาย,พันคน,ภาคใต้,2564
ระนอง,51.5,ไตรมาสที่ 3,สำนักงานสถิติแห่งชาติ,1704,หญิง,พันคน,ภาคใต้,2564
สงขลา,442.8,ไตรมาสที่ 3,สำนักงานสถิติแห่งชาติ,1705,ชาย,พันคน,ภาคใต้,2564
สงขลา,391.5,ไตรมาสที่ 3,สำนักงานสถิติแห่งชาติ,1706,หญิง,พันคน,ภาคใต้,2564
สตูล,84.2,ไตรมาสที่ 3,สำนักงานสถิติแห่งชาติ,1707,ชาย,พันคน,ภาคใต้,2564
สตูล,59.3,ไตรมาสที่ 3,สำนักงานสถิติแห่งชาติ,1708,หญิง,พันคน,ภาคใต้,2564
สุราษฎร์ธานี,347.6,ไตรมาสที่ 3,สำนักงานสถิติแห่งชาติ,1709,ชาย,พันคน,ภาคใต้,2564
สุราษฎร์ธานี,258.0,ไตรมาสที่ 3,สำนักงานสถิติแห่งชาติ,1710,หญิง,พันคน,ภาคใต้,2564
กรุงเทพมหานคร,2777.1,ไตรมาสที่ 4,สำนักงานสถิติแห่งชาติ,1711,ชาย,พันคน,กรุงเทพมหานคร,2564
กรุงเทพมหานคร,2601.0,ไตรมาสที่ 4,สำนักงานสถิติแห่งชาติ,1712,หญิง,พันคน,กรุงเทพมหานคร,2564
กาญจนบุรี,243.5,ไตรมาสที่ 4,สำนักงานสถิติแห่งชาติ,1713,ชาย,พันคน,ภาคกลาง,2564
กาญจนบุรี,191.7,ไตรมาสที่ 4,สำนักงานสถิติแห่งชาติ,1714,หญิง,พันคน,ภาคกลาง,2564
จันทบุรี,198.0,ไตรมาสที่ 4,สำนักงานสถิติแห่งชาติ,1715,ชาย,พันคน,ภาคกลาง,2564
จันทบุรี,174.0,ไตรมาสที่ 4,สำนักงานสถิติแห่งชาติ,1716,หญิง,พันคน,ภาคกลาง,2564
ฉะเชิงเทรา,267.5,ไตรมาสที่ 4,สำนักงานสถิติแห่งชาติ,1717,ชาย,พันคน,ภาคกลาง,2564
ฉะเชิงเทรา,194.3,ไตรมาสที่ 4,สำนักงานสถิติแห่งชาติ,1718,หญิง,พันคน,ภาคกลาง,2564
ชลบุรี,582.4,ไตรมาสที่ 4,สำนักงานสถิติแห่งชาติ,1719,ชาย,พันคน,ภาคกลาง,2564
ชลบุรี,456.3,ไตรมาสที่ 4,สำนักงานสถิติแห่งชาติ,1720,หญิง,พันคน,ภาคกลาง,2564
ชัยนาท,91.9,ไตรมาสที่ 4,สำนักงานสถิติแห่งชาติ,1721,ชาย,พันคน,ภาคกลาง,2564
ชัยนาท,84.4,ไตรมาสที่ 4,สำนักงานสถิติแห่งชาติ,1722,หญิง,พันคน,ภาคกลาง,2564
ตราด,99.4,ไตรมาสที่ 4,สำนักงานสถิติแห่งชาติ,1723,ชาย,พันคน,ภาคกลาง,2564
ตราด,70.9,ไตรมาสที่ 4,สำนักงานสถิติแห่งชาติ,1724,หญิง,พันคน,ภาคกลาง,2564
นครนายก,83.7,ไตรมาสที่ 4,สำนักงานสถิติแห่งชาติ,1725,ชาย,พันคน,ภาคกลาง,2564
นครนายก,69.9,ไตรมาสที่ 4,สำนักงานสถิติแห่งชาติ,1726,หญิง,พันคน,ภาคกลาง,2564
นครปฐม,362.4,ไตรมาสที่ 4,สำนักงานสถิติแห่งชาติ,1727,ชาย,พันคน,ภาคกลาง,2564
นครปฐม,337.3,ไตรมาสที่ 4,สำนักงานสถิติแห่งชาติ,1728,หญิง,พันคน,ภาคกลาง,2564
นนทบุรี,518.0,ไตรมาสที่ 4,สำนักงานสถิติแห่งชาติ,1729,ชาย,พันคน,ภาคกลาง,2564
นนทบุรี,452.1,ไตรมาสที่ 4,สำนักงานสถิติแห่งชาติ,1730,หญิง,พันคน,ภาคกลาง,2564
ปทุมธานี,516.0,ไตรมาสที่ 4,สำนักงานสถิติแห่งชาติ,1731,ชาย,พันคน,ภาคกลาง,2564
ปทุมธานี,438.1,ไตรมาสที่ 4,สำนักงานสถิติแห่งชาติ,1732,หญิง,พันคน,ภาคกลาง,2564
ประจวบคีรีขันธ์,144.0,ไตรมาสที่ 4,สำนักงานสถิติแห่งชาติ,1733,ชาย,พันคน,ภาคกลาง,2564
ประจวบคีรีขันธ์,106.4,ไตรมาสที่ 4,สำนักงานสถิติแห่งชาติ,1734,หญิง,พันคน,ภาคกลาง,2564
ปราจีนบุรี,201.5,ไตรมาสที่ 4,สำนักงานสถิติแห่งชาติ,1735,ชาย,พันคน,ภาคกลาง,2564
ปราจีนบุรี,177.0,ไตรมาสที่ 4,สำนักงานสถิติแห่งชาติ,1736,หญิง,พันคน,ภาคกลาง,2564
พระนครศรีอยุธยา,266.7,ไตรมาสที่ 4,สำนักงานสถิติแห่งชาติ,1737,ชาย,พันคน,ภาคกลาง,2564
พระนครศรีอยุธยา,219.7,ไตรมาสที่ 4,สำนักงานสถิติแห่งชาติ,1738,หญิง,พันคน,ภาคกลาง,2564
ระยอง,328.6,ไตรมาสที่ 4,สำนักงานสถิติแห่งชาติ,1739,ชาย,พันคน,ภาคกลาง,2564
ระยอง,250.5,ไตรมาสที่ 4,สำนักงานสถิติแห่งชาติ,1740,หญิง,พันคน,ภาคกลาง,2564
ราชบุรี,246.8,ไตรมาสที่ 4,สำนักงานสถิติแห่งชาติ,1741,ชาย,พันคน,ภาคกลาง,2564
ราชบุรี,196.0,ไตรมาสที่ 4,สำนักงานสถิติแห่งชาติ,1742,หญิง,พันคน,ภาคกลาง,2564
ลพบุรี,243.1,ไตรมาสที่ 4,สำนักงานสถิติแห่งชาติ,1743,ชาย,พันคน,ภาคกลาง,2564
ลพบุรี,193.5,ไตรมาสที่ 4,สำนักงานสถิติแห่งชาติ,1744,หญิง,พันคน,ภาคกลาง,2564
สมุทรปราการ,739.5,ไตรมาสที่ 4,สำนักงานสถิติแห่งชาติ,1745,ชาย,พันคน,ภาคกลาง,2564
สมุทรปราการ,631.3,ไตรมาสที่ 4,สำนักงานสถิติแห่งชาติ,1746,หญิง,พันคน,ภาคกลาง,2564
สมุทรสงคราม,59.6,ไตรมาสที่ 4,สำนักงานสถิติแห่งชาติ,1747,ชาย,พันคน,ภาคกลาง,2564
สมุทรสงคราม,49.6,ไตรมาสที่ 4,สำนักงานสถิติแห่งชาติ,1748,หญิง,พันคน,ภาคกลาง,2564
สมุทรสาคร,384.8,ไตรมาสที่ 4,สำนักงานสถิติแห่งชาติ,1749,ชาย,พันคน,ภาคกลาง,2564
สมุทรสาคร,339.0,ไตรมาสที่ 4,สำนักงานสถิติแห่งชาติ,1750,หญิง,พันคน,ภาคกลาง,2564
สระบุรี,219.0,ไตรมาสที่ 4,สำนักงานสถิติแห่งชาติ,1751,ชาย,พันคน,ภาคกลาง,2564
สระบุรี,169.1,ไตรมาสที่ 4,สำนักงานสถิติแห่งชาติ,1752,หญิง,พันคน,ภาคกลาง,2564
สระแก้ว,190.5,ไตรมาสที่ 4,สำนักงานสถิติแห่งชาติ,1753,ชาย,พันคน,ภาคกลาง,2564
สระแก้ว,148.1,ไตรมาสที่ 4,สำนักงานสถิติแห่งชาติ,1754,หญิง,พันคน,ภาคกลาง,2564
สิงห์บุรี,52.9,ไตรมาสที่ 4,สำนักงานสถิติแห่งชาติ,1755,ชาย,พันคน,ภาคกลาง,2564
สิงห์บุรี,50.0,ไตรมาสที่ 4,สำนักงานสถิติแห่งชาติ,1756,หญิง,พันคน,ภาคกลาง,2564
สุพรรณบุรี,253.1,ไตรมาสที่ 4,สำนักงานสถิติแห่งชาติ,1757,ชาย,พันคน,ภาคกลาง,2564
สุพรรณบุรี,194.8,ไตรมาสที่ 4,สำนักงานสถิติแห่งชาติ,1758,หญิง,พันคน,ภาคกลาง,2564
อ่างทอง,68.4,ไตรมาสที่ 4,สำนักงานสถิติแห่งชาติ,1759,ชาย,พันคน,ภาคกลาง,2564
อ่างทอง,62.9,ไตรมาสที่ 4,สำนักงานสถิติแห่งชาติ,1760,หญิง,พันคน,ภาคกลาง,2564
เพชรบุรี,150.3,ไตรมาสที่ 4,สำนักงานสถิติแห่งชาติ,1761,ชาย,พันคน,ภาคกลาง,2564
เพชรบุรี,133.1,ไตรมาสที่ 4,สำนักงานสถิติแห่งชาติ,1762,หญิง,พันคน,ภาคกลาง,2564
กำแพงเพชร,221.9,ไตรมาสที่ 4,สำนักงานสถิติแห่งชาติ,1763,ชาย,พันคน,ภาคเหนือ,2564
กำแพงเพชร,188.7,ไตรมาสที่ 4,สำนักงานสถิติแห่งชาติ,1764,หญิง,พันคน,ภาคเหนือ,2564
ตาก,103.0,ไตรมาสที่ 4,สำนักงานสถิติแห่งชาติ,1765,หญิง,พันคน,ภาคเหนือ,2564
นครสวรรค์,268.3,ไตรมาสที่ 4,สำนักงานสถิติแห่งชาติ,1766,ชาย,พันคน,ภาคเหนือ,2564
นครสวรรค์,239.6,ไตรมาสที่ 4,สำนักงานสถิติแห่งชาติ,1767,หญิง,พันคน,ภาคเหนือ,2564
น่าน,134.4,ไตรมาสที่ 4,สำนักงานสถิติแห่งชาติ,1768,ชาย,พันคน,ภาคเหนือ,2564
น่าน,118.8,ไตรมาสที่ 4,สำนักงานสถิติแห่งชาติ,1769,หญิง,พันคน,ภาคเหนือ,2564
พะเยา,117.8,ไตรมาสที่ 4,สำนักงานสถิติแห่งชาติ,1770,ชาย,พันคน,ภาคเหนือ,2564
พะเยา,88.1,ไตรมาสที่ 4,สำนักงานสถิติแห่งชาติ,1771,หญิง,พันคน,ภาคเหนือ,2564
พิจิตร,154.8,ไตรมาสที่ 4,สำนักงานสถิติแห่งชาติ,1772,ชาย,พันคน,ภาคเหนือ,2564
พิจิตร,140.1,ไตรมาสที่ 4,สำนักงานสถิติแห่งชาติ,1773,หญิง,พันคน,ภาคเหนือ,2564
พิษณุโลก,253.6,ไตรมาสที่ 4,สำนักงานสถิติแห่งชาติ,1774,ชาย,พันคน,ภาคเหนือ,2564
พิษณุโลก,211.7,ไตรมาสที่ 4,สำนักงานสถิติแห่งชาติ,1775,หญิง,พันคน,ภาคเหนือ,2564
ลำปาง,216.1,ไตรมาสที่ 4,สำนักงานสถิติแห่งชาติ,1776,ชาย,พันคน,ภาคเหนือ,2564
ลำปาง,182.0,ไตรมาสที่ 4,สำนักงานสถิติแห่งชาติ,1777,หญิง,พันคน,ภาคเหนือ,2564
ลำพูน,130.8,ไตรมาสที่ 4,สำนักงานสถิติแห่งชาติ,1778,ชาย,พันคน,ภาคเหนือ,2564
ลำพูน,120.8,ไตรมาสที่ 4,สำนักงานสถิติแห่งชาติ,1779,หญิง,พันคน,ภาคเหนือ,2564
สุโขทัย,177.6,ไตรมาสที่ 4,สำนักงานสถิติแห่งชาติ,1780,ชาย,พันคน,ภาคเหนือ,2564
สุโขทัย,160.4,ไตรมาสที่ 4,สำนักงานสถิติแห่งชาติ,1781,หญิง,พันคน,ภาคเหนือ,2564
อุตรดิตถ์,116.7,ไตรมาสที่ 4,สำนักงานสถิติแห่งชาติ,1782,ชาย,พันคน,ภาคเหนือ,2564
อุตรดิตถ์,91.6,ไตรมาสที่ 4,สำนักงานสถิติแห่งชาติ,1783,หญิง,พันคน,ภาคเหนือ,2564
อุทัยธานี,79.2,ไตรมาสที่ 4,สำนักงานสถิติแห่งชาติ,1784,ชาย,พันคน,ภาคเหนือ,2564
อุทัยธานี,65.8,ไตรมาสที่ 4,สำนักงานสถิติแห่งชาติ,1785,หญิง,พันคน,ภาคเหนือ,2564
เชียงราย,341.6,ไตรมาสที่ 4,สำนักงานสถิติแห่งชาติ,1786,ชาย,พันคน,ภาคเหนือ,2564
เชียงราย,247.2,ไตรมาสที่ 4,สำนักงานสถิติแห่งชาติ,1787,หญิง,พันคน,ภาคเหนือ,2564
เชียงใหม่,533.6,ไตรมาสที่ 4,สำนักงานสถิติแห่งชาติ,1788,ชาย,พันคน,ภาคเหนือ,2564
เชียงใหม่,473.3,ไตรมาสที่ 4,สำนักงานสถิติแห่งชาติ,1789,หญิง,พันคน,ภาคเหนือ,2564
เพชรบูรณ์,249.9,ไตรมาสที่ 4,สำนักงานสถิติแห่งชาติ,1790,ชาย,พันคน,ภาคเหนือ,2564
เพชรบูรณ์,202.9,ไตรมาสที่ 4,สำนักงานสถิติแห่งชาติ,1791,หญิง,พันคน,ภาคเหนือ,2564
แพร่,118.7,ไตรมาสที่ 4,สำนักงานสถิติแห่งชาติ,1792,ชาย,พันคน,ภาคเหนือ,2564
แพร่,104.8,ไตรมาสที่ 4,สำนักงานสถิติแห่งชาติ,1793,หญิง,พันคน,ภาคเหนือ,2564
แม่ฮ่องสอน,60.4,ไตรมาสที่ 4,สำนักงานสถิติแห่งชาติ,1794,ชาย,พันคน,ภาคเหนือ,2564
แม่ฮ่องสอน,49.2,ไตรมาสที่ 4,สำนักงานสถิติแห่งชาติ,1795,หญิง,พันคน,ภาคเหนือ,2564
กาฬสินธุ์,226.9,ไตรมาสที่ 4,สำนักงานสถิติแห่งชาติ,1796,ชาย,พันคน,ภาคตะวันออกเฉียงเหนือ,2564
กาฬสินธุ์,169.5,ไตรมาสที่ 4,สำนักงานสถิติแห่งชาติ,1797,หญิง,พันคน,ภาคตะวันออกเฉียงเหนือ,2564
ขอนแก่น,487.6,ไตรมาสที่ 4,สำนักงานสถิติแห่งชาติ,1798,ชาย,พันคน,ภาคตะวันออกเฉียงเหนือ,2564
ขอนแก่น,447.8,ไตรมาสที่ 4,สำนักงานสถิติแห่งชาติ,1799,หญิง,พันคน,ภาคตะวันออกเฉียงเหนือ,2564
ชัยภูมิ,270.9,ไตรมาสที่ 4,สำนักงานสถิติแห่งชาติ,1800,ชาย,พันคน,ภาคตะวันออกเฉียงเหนือ,2564
ชัยภูมิ,231.7,ไตรมาสที่ 4,สำนักงานสถิติแห่งชาติ,1801,หญิง,พันคน,ภาคตะวันออกเฉียงเหนือ,2564
นครพนม,161.6,ไตรมาสที่ 4,สำนักงานสถิติแห่งชาติ,1802,ชาย,พันคน,ภาคตะวันออกเฉียงเหนือ,2564
นครพนม,136.5,ไตรมาสที่ 4,สำนักงานสถิติแห่งชาติ,1803,หญิง,พันคน,ภาคตะวันออกเฉียงเหนือ,2564
นครราชสีมา,659.9,ไตรมาสที่ 4,สำนักงานสถิติแห่งชาติ,1804,ชาย,พันคน,ภาคตะวันออกเฉียงเหนือ,2564
นครราชสีมา,493.3,ไตรมาสที่ 4,สำนักงานสถิติแห่งชาติ,1805,หญิง,พันคน,ภาคตะวันออกเฉียงเหนือ,2564
บึงกาฬ,94.2,ไตรมาสที่ 4,สำนักงานสถิติแห่งชาติ,1806,ชาย,พันคน,ภาคตะวันออกเฉียงเหนือ,2564
บึงกาฬ,80.7,ไตรมาสที่ 4,สำนักงานสถิติแห่งชาติ,1807,หญิง,พันคน,ภาคตะวันออกเฉียงเหนือ,2564
บุรีรัมย์,353.0,ไตรมาสที่ 4,สำนักงานสถิติแห่งชาติ,1808,ชาย,พันคน,ภาคตะวันออกเฉียงเหนือ,2564
บุรีรัมย์,302.4,ไตรมาสที่ 4,สำนักงานสถิติแห่งชาติ,1809,หญิง,พันคน,ภาคตะวันออกเฉียงเหนือ,2564
มหาสารคาม,220.2,ไตรมาสที่ 4,สำนักงานสถิติแห่งชาติ,1810,ชาย,พันคน,ภาคตะวันออกเฉียงเหนือ,2564
มหาสารคาม,191.2,ไตรมาสที่ 4,สำนักงานสถิติแห่งชาติ,1811,หญิง,พันคน,ภาคตะวันออกเฉียงเหนือ,2564
มุกดาหาร,101.8,ไตรมาสที่ 4,สำนักงานสถิติแห่งชาติ,1812,ชาย,พันคน,ภาคตะวันออกเฉียงเหนือ,2564
มุกดาหาร,89.5,ไตรมาสที่ 4,สำนักงานสถิติแห่งชาติ,1813,หญิง,พันคน,ภาคตะวันออกเฉียงเหนือ,2564
ยโสธร,144.8,ไตรมาสที่ 4,สำนักงานสถิติแห่งชาติ,1814,ชาย,พันคน,ภาคตะวันออกเฉียงเหนือ,2564
ยโสธร,145.7,ไตรมาสที่ 4,สำนักงานสถิติแห่งชาติ,1815,หญิง,พันคน,ภาคตะวันออกเฉียงเหนือ,2564
ร้อยเอ็ด,311.7,ไตรมาสที่ 4,สำนักงานสถิติแห่งชาติ,1816,ชาย,พันคน,ภาคตะวันออกเฉียงเหนือ,2564
ร้อยเอ็ด,259.1,ไตรมาสที่ 4,สำนักงานสถิติแห่งชาติ,1817,หญิง,พันคน,ภาคตะวันออกเฉียงเหนือ,2564
ศรีสะเกษ,297.6,ไตรมาสที่ 4,สำนักงานสถิติแห่งชาติ,1818,ชาย,พันคน,ภาคตะวันออกเฉียงเหนือ,2564
ศรีสะเกษ,278.8,ไตรมาสที่ 4,สำนักงานสถิติแห่งชาติ,1819,หญิง,พันคน,ภาคตะวันออกเฉียงเหนือ,2564
สกลนคร,237.3,ไตรมาสที่ 4,สำนักงานสถิติแห่งชาติ,1820,ชาย,พันคน,ภาคตะวันออกเฉียงเหนือ,2564
สกลนคร,177.4,ไตรมาสที่ 4,สำนักงานสถิติแห่งชาติ,1821,หญิง,พันคน,ภาคตะวันออกเฉียงเหนือ,2564
สุรินทร์,283.7,ไตรมาสที่ 4,สำนักงานสถิติแห่งชาติ,1822,ชาย,พันคน,ภาคตะวันออกเฉียงเหนือ,2564
สุรินทร์,244.3,ไตรมาสที่ 4,สำนักงานสถิติแห่งชาติ,1823,หญิง,พันคน,ภาคตะวันออกเฉียงเหนือ,2564
หนองคาย,115.4,ไตรมาสที่ 4,สำนักงานสถิติแห่งชาติ,1824,ชาย,พันคน,ภาคตะวันออกเฉียงเหนือ,2564
หนองคาย,95.7,ไตรมาสที่ 4,สำนักงานสถิติแห่งชาติ,1825,หญิง,พันคน,ภาคตะวันออกเฉียงเหนือ,2564
หนองบัวลำภู,126.7,ไตรมาสที่ 4,สำนักงานสถิติแห่งชาติ,1826,ชาย,พันคน,ภาคตะวันออกเฉียงเหนือ,2564
หนองบัวลำภู,94.6,ไตรมาสที่ 4,สำนักงานสถิติแห่งชาติ,1827,หญิง,พันคน,ภาคตะวันออกเฉียงเหนือ,2564
อำนาจเจริญ,73.7,ไตรมาสที่ 4,สำนักงานสถิติแห่งชาติ,1828,ชาย,พันคน,ภาคตะวันออกเฉียงเหนือ,2564
อำนาจเจริญ,62.8,ไตรมาสที่ 4,สำนักงานสถิติแห่งชาติ,1829,หญิง,พันคน,ภาคตะวันออกเฉียงเหนือ,2564
อุดรธานี,346.4,ไตรมาสที่ 4,สำนักงานสถิติแห่งชาติ,1830,ชาย,พันคน,ภาคตะวันออกเฉียงเหนือ,2564
อุดรธานี,301.5,ไตรมาสที่ 4,สำนักงานสถิติแห่งชาติ,1831,หญิง,พันคน,ภาคตะวันออกเฉียงเหนือ,2564
อุบลราชธานี,461.9,ไตรมาสที่ 4,สำนักงานสถิติแห่งชาติ,1832,ชาย,พันคน,ภาคตะวันออกเฉียงเหนือ,2564
อุบลราชธานี,375.2,ไตรมาสที่ 4,สำนักงานสถิติแห่งชาติ,1833,หญิง,พันคน,ภาคตะวันออกเฉียงเหนือ,2564
เลย,165.9,ไตรมาสที่ 4,สำนักงานสถิติแห่งชาติ,1834,ชาย,พันคน,ภาคตะวันออกเฉียงเหนือ,2564
เลย,140.1,ไตรมาสที่ 4,สำนักงานสถิติแห่งชาติ,1835,หญิง,พันคน,ภาคตะวันออกเฉียงเหนือ,2564
กระบี่,122.0,ไตรมาสที่ 4,สำนักงานสถิติแห่งชาติ,1836,ชาย,พันคน,ภาคใต้,2564
กระบี่,92.3,ไตรมาสที่ 4,สำนักงานสถิติแห่งชาติ,1837,หญิง,พันคน,ภาคใต้,2564
ชุมพร,167.4,ไตรมาสที่ 4,สำนักงานสถิติแห่งชาติ,1838,ชาย,พันคน,ภาคใต้,2564
ชุมพร,114.1,ไตรมาสที่ 4,สำนักงานสถิติแห่งชาติ,1839,หญิง,พันคน,ภาคใต้,2564
ตรัง,201.2,ไตรมาสที่ 4,สำนักงานสถิติแห่งชาติ,1840,ชาย,พันคน,ภาคใต้,2564
ตรัง,176.3,ไตรมาสที่ 4,สำนักงานสถิติแห่งชาติ,1841,หญิง,พันคน,ภาคใต้,2564
นครศรีธรรมราช,382.0,ไตรมาสที่ 4,สำนักงานสถิติแห่งชาติ,1842,หญิง,พันคน,ภาคใต้,2564
นราธิวาส,179.6,ไตรมาสที่ 4,สำนักงานสถิติแห่งชาติ,1843,ชาย,พันคน,ภาคใต้,2564
นราธิวาส,128.6,ไตรมาสที่ 4,สำนักงานสถิติแห่งชาติ,1844,หญิง,พันคน,ภาคใต้,2564
ปัตตานี,173.1,ไตรมาสที่ 4,สำนักงานสถิติแห่งชาติ,1845,ชาย,พันคน,ภาคใต้,2564
ปัตตานี,138.0,ไตรมาสที่ 4,สำนักงานสถิติแห่งชาติ,1846,หญิง,พันคน,ภาคใต้,2564
พังงา,87.0,ไตรมาสที่ 4,สำนักงานสถิติแห่งชาติ,1847,ชาย,พันคน,ภาคใต้,2564
พังงา,56.4,ไตรมาสที่ 4,สำนักงานสถิติแห่งชาติ,1848,หญิง,พันคน,ภาคใต้,2564
พัทลุง,155.8,ไตรมาสที่ 4,สำนักงานสถิติแห่งชาติ,1849,ชาย,พันคน,ภาคใต้,2564
พัทลุง,141.3,ไตรมาสที่ 4,สำนักงานสถิติแห่งชาติ,1850,หญิง,พันคน,ภาคใต้,2564
ภูเก็ต,165.3,ไตรมาสที่ 4,สำนักงานสถิติแห่งชาติ,1851,ชาย,พันคน,ภาคใต้,2564
ภูเก็ต,131.5,ไตรมาสที่ 4,สำนักงานสถิติแห่งชาติ,1852,หญิง,พันคน,ภาคใต้,2564
ยะลา,123.4,ไตรมาสที่ 4,สำนักงานสถิติแห่งชาติ,1853,ชาย,พันคน,ภาคใต้,2564
ยะลา,100.2,ไตรมาสที่ 4,สำนักงานสถิติแห่งชาติ,1854,หญิง,พันคน,ภาคใต้,2564
ระนอง,82.8,ไตรมาสที่ 4,สำนักงานสถิติแห่งชาติ,1855,ชาย,พันคน,ภาคใต้,2564
ระนอง,47.7,ไตรมาสที่ 4,สำนักงานสถิติแห่งชาติ,1856,หญิง,พันคน,ภาคใต้,2564
สงขลา,457.4,ไตรมาสที่ 4,สำนักงานสถิติแห่งชาติ,1857,ชาย,พันคน,ภาคใต้,2564
สงขลา,393.5,ไตรมาสที่ 4,สำนักงานสถิติแห่งชาติ,1858,หญิง,พันคน,ภาคใต้,2564
สตูล,84.4,ไตรมาสที่ 4,สำนักงานสถิติแห่งชาติ,1859,ชาย,พันคน,ภาคใต้,2564
สตูล,61.6,ไตรมาสที่ 4,สำนักงานสถิติแห่งชาติ,1860,หญิง,พันคน,ภาคใต้,2564
สุราษฎร์ธานี,348.7,ไตรมาสที่ 4,สำนักงานสถิติแห่งชาติ,1861,ชาย,พันคน,ภาคใต้,2564
สุราษฎร์ธานี,268.7,ไตรมาสที่ 4,สำนักงานสถิติแห่งชาติ,1862,หญิง,พันคน,ภาคใต้,2564
กรุงเทพมหานคร,2884.9,ไตรมาสที่ 1,สำนักงานสถิติแห่งชาติ,1863,ชาย,พันคน,กรุงเทพมหานคร,2565
กรุงเทพมหานคร,2733.0,ไตรมาสที่ 1,สำนักงานสถิติแห่งชาติ,1864,หญิง,พันคน,กรุงเทพมหานคร,2565
กาญจนบุรี,256.7,ไตรมาสที่ 1,สำนักงานสถิติแห่งชาติ,1865,ชาย,พันคน,ภาคกลาง,2565
กาญจนบุรี,222.2,ไตรมาสที่ 1,สำนักงานสถิติแห่งชาติ,1866,หญิง,พันคน,ภาคกลาง,2565
จันทบุรี,195.7,ไตรมาสที่ 1,สำนักงานสถิติแห่งชาติ,1867,ชาย,พันคน,ภาคกลาง,2565
จันทบุรี,170.9,ไตรมาสที่ 1,สำนักงานสถิติแห่งชาติ,1868,หญิง,พันคน,ภาคกลาง,2565
ฉะเชิงเทรา,279.5,ไตรมาสที่ 1,สำนักงานสถิติแห่งชาติ,1869,ชาย,พันคน,ภาคกลาง,2565
ฉะเชิงเทรา,237.1,ไตรมาสที่ 1,สำนักงานสถิติแห่งชาติ,1870,หญิง,พันคน,ภาคกลาง,2565
ชลบุรี,572.5,ไตรมาสที่ 1,สำนักงานสถิติแห่งชาติ,1871,ชาย,พันคน,ภาคกลาง,2565
ชลบุรี,495.8,ไตรมาสที่ 1,สำนักงานสถิติแห่งชาติ,1872,หญิง,พันคน,ภาคกลาง,2565
ชัยนาท,88.2,ไตรมาสที่ 1,สำนักงานสถิติแห่งชาติ,1873,ชาย,พันคน,ภาคกลาง,2565
ชัยนาท,76.3,ไตรมาสที่ 1,สำนักงานสถิติแห่งชาติ,1874,หญิง,พันคน,ภาคกลาง,2565
ตราด,91.6,ไตรมาสที่ 1,สำนักงานสถิติแห่งชาติ,1875,ชาย,พันคน,ภาคกลาง,2565
ตราด,75.3,ไตรมาสที่ 1,สำนักงานสถิติแห่งชาติ,1876,หญิง,พันคน,ภาคกลาง,2565
นครนายก,80.9,ไตรมาสที่ 1,สำนักงานสถิติแห่งชาติ,1877,ชาย,พันคน,ภาคกลาง,2565
นครนายก,70.8,ไตรมาสที่ 1,สำนักงานสถิติแห่งชาติ,1878,หญิง,พันคน,ภาคกลาง,2565
นครปฐม,421.0,ไตรมาสที่ 1,สำนักงานสถิติแห่งชาติ,1879,ชาย,พันคน,ภาคกลาง,2565
นครปฐม,381.1,ไตรมาสที่ 1,สำนักงานสถิติแห่งชาติ,1880,หญิง,พันคน,ภาคกลาง,2565
นนทบุรี,588.2,ไตรมาสที่ 1,สำนักงานสถิติแห่งชาติ,1881,ชาย,พันคน,ภาคกลาง,2565
นนทบุรี,530.9,ไตรมาสที่ 1,สำนักงานสถิติแห่งชาติ,1882,หญิง,พันคน,ภาคกลาง,2565
ปทุมธานี,596.4,ไตรมาสที่ 1,สำนักงานสถิติแห่งชาติ,1883,ชาย,พันคน,ภาคกลาง,2565
ปทุมธานี,537.9,ไตรมาสที่ 1,สำนักงานสถิติแห่งชาติ,1884,หญิง,พันคน,ภาคกลาง,2565
ประจวบคีรีขันธ์,148.9,ไตรมาสที่ 1,สำนักงานสถิติแห่งชาติ,1885,ชาย,พันคน,ภาคกลาง,2565
ประจวบคีรีขันธ์,123.0,ไตรมาสที่ 1,สำนักงานสถิติแห่งชาติ,1886,หญิง,พันคน,ภาคกลาง,2565
ปราจีนบุรี,205.5,ไตรมาสที่ 1,สำนักงานสถิติแห่งชาติ,1887,ชาย,พันคน,ภาคกลาง,2565
ปราจีนบุรี,179.6,ไตรมาสที่ 1,สำนักงานสถิติแห่งชาติ,1888,หญิง,พันคน,ภาคกลาง,2565
พระนครศรีอยุธยา,280.1,ไตรมาสที่ 1,สำนักงานสถิติแห่งชาติ,1889,ชาย,พันคน,ภาคกลาง,2565
พระนครศรีอยุธยา,243.8,ไตรมาสที่ 1,สำนักงานสถิติแห่งชาติ,1890,หญิง,พันคน,ภาคกลาง,2565
ระยอง,357.7,ไตรมาสที่ 1,สำนักงานสถิติแห่งชาติ,1891,ชาย,พันคน,ภาคกลาง,2565
ระยอง,305.6,ไตรมาสที่ 1,สำนักงานสถิติแห่งชาติ,1892,หญิง,พันคน,ภาคกลาง,2565
ราชบุรี,249.5,ไตรมาสที่ 1,สำนักงานสถิติแห่งชาติ,1893,ชาย,พันคน,ภาคกลาง,2565
ราชบุรี,206.0,ไตรมาสที่ 1,สำนักงานสถิติแห่งชาติ,1894,หญิง,พันคน,ภาคกลาง,2565
ลพบุรี,246.8,ไตรมาสที่ 1,สำนักงานสถิติแห่งชาติ,1895,ชาย,พันคน,ภาคกลาง,2565
ลพบุรี,209.5,ไตรมาสที่ 1,สำนักงานสถิติแห่งชาติ,1896,หญิง,พันคน,ภาคกลาง,2565
สมุทรปราการ,760.5,ไตรมาสที่ 1,สำนักงานสถิติแห่งชาติ,1897,ชาย,พันคน,ภาคกลาง,2565
สมุทรปราการ,700.3,ไตรมาสที่ 1,สำนักงานสถิติแห่งชาติ,1898,หญิง,พันคน,ภาคกลาง,2565
สมุทรสงคราม,53.9,ไตรมาสที่ 1,สำนักงานสถิติแห่งชาติ,1899,ชาย,พันคน,ภาคกลาง,2565
สมุทรสงคราม,44.9,ไตรมาสที่ 1,สำนักงานสถิติแห่งชาติ,1900,หญิง,พันคน,ภาคกลาง,2565
สมุทรสาคร,388.8,ไตรมาสที่ 1,สำนักงานสถิติแห่งชาติ,1901,ชาย,พันคน,ภาคกลาง,2565
สมุทรสาคร,364.3,ไตรมาสที่ 1,สำนักงานสถิติแห่งชาติ,1902,หญิง,พันคน,ภาคกลาง,2565
สระบุรี,226.5,ไตรมาสที่ 1,สำนักงานสถิติแห่งชาติ,1903,ชาย,พันคน,ภาคกลาง,2565
สระบุรี,188.1,ไตรมาสที่ 1,สำนักงานสถิติแห่งชาติ,1904,หญิง,พันคน,ภาคกลาง,2565
สระแก้ว,198.8,ไตรมาสที่ 1,สำนักงานสถิติแห่งชาติ,1905,ชาย,พันคน,ภาคกลาง,2565
สระแก้ว,161.4,ไตรมาสที่ 1,สำนักงานสถิติแห่งชาติ,1906,หญิง,พันคน,ภาคกลาง,2565
สิงห์บุรี,51.8,ไตรมาสที่ 1,สำนักงานสถิติแห่งชาติ,1907,ชาย,พันคน,ภาคกลาง,2565
สิงห์บุรี,48.4,ไตรมาสที่ 1,สำนักงานสถิติแห่งชาติ,1908,หญิง,พันคน,ภาคกลาง,2565
สุพรรณบุรี,264.5,ไตรมาสที่ 1,สำนักงานสถิติแห่งชาติ,1909,ชาย,พันคน,ภาคกลาง,2565
สุพรรณบุรี,220.0,ไตรมาสที่ 1,สำนักงานสถิติแห่งชาติ,1910,หญิง,พันคน,ภาคกลาง,2565
อ่างทอง,68.4,ไตรมาสที่ 1,สำนักงานสถิติแห่งชาติ,1911,ชาย,พันคน,ภาคกลาง,2565
อ่างทอง,59.9,ไตรมาสที่ 1,สำนักงานสถิติแห่งชาติ,1912,หญิง,พันคน,ภาคกลาง,2565
เพชรบุรี,147.0,ไตรมาสที่ 1,สำนักงานสถิติแห่งชาติ,1913,ชาย,พันคน,ภาคกลาง,2565
เพชรบุรี,134.1,ไตรมาสที่ 1,สำนักงานสถิติแห่งชาติ,1914,หญิง,พันคน,ภาคกลาง,2565
กำแพงเพชร,226.5,ไตรมาสที่ 1,สำนักงานสถิติแห่งชาติ,1915,ชาย,พันคน,ภาคเหนือ,2565
กำแพงเพชร,200.7,ไตรมาสที่ 1,สำนักงานสถิติแห่งชาติ,1916,หญิง,พันคน,ภาคเหนือ,2565
ตาก,145.9,ไตรมาสที่ 1,สำนักงานสถิติแห่งชาติ,1917,ชาย,พันคน,ภาคเหนือ,2565
ตาก,114.0,ไตรมาสที่ 1,สำนักงานสถิติแห่งชาติ,1918,หญิง,พันคน,ภาคเหนือ,2565
นครสวรรค์,273.3,ไตรมาสที่ 1,สำนักงานสถิติแห่งชาติ,1919,ชาย,พันคน,ภาคเหนือ,2565
นครสวรรค์,235.4,ไตรมาสที่ 1,สำนักงานสถิติแห่งชาติ,1920,หญิง,พันคน,ภาคเหนือ,2565
น่าน,133.5,ไตรมาสที่ 1,สำนักงานสถิติแห่งชาติ,1921,ชาย,พันคน,ภาคเหนือ,2565
น่าน,111.3,ไตรมาสที่ 1,สำนักงานสถิติแห่งชาติ,1922,หญิง,พันคน,ภาคเหนือ,2565
พะเยา,98.6,ไตรมาสที่ 1,สำนักงานสถิติแห่งชาติ,1923,ชาย,พันคน,ภาคเหนือ,2565
พะเยา,78.6,ไตรมาสที่ 1,สำนักงานสถิติแห่งชาติ,1924,หญิง,พันคน,ภาคเหนือ,2565
พิจิตร,128.0,ไตรมาสที่ 1,สำนักงานสถิติแห่งชาติ,1925,หญิง,พันคน,ภาคเหนือ,2565
พิษณุโลก,257.8,ไตรมาสที่ 1,สำนักงานสถิติแห่งชาติ,1926,ชาย,พันคน,ภาคเหนือ,2565
พิษณุโลก,225.9,ไตรมาสที่ 1,สำนักงานสถิติแห่งชาติ,1927,หญิง,พันคน,ภาคเหนือ,2565
ลำปาง,191.1,ไตรมาสที่ 1,สำนักงานสถิติแห่งชาติ,1928,ชาย,พันคน,ภาคเหนือ,2565
ลำปาง,161.4,ไตรมาสที่ 1,สำนักงานสถิติแห่งชาติ,1929,หญิง,พันคน,ภาคเหนือ,2565
ลำพูน,118.0,ไตรมาสที่ 1,สำนักงานสถิติแห่งชาติ,1930,ชาย,พันคน,ภาคเหนือ,2565
ลำพูน,109.4,ไตรมาสที่ 1,สำนักงานสถิติแห่งชาติ,1931,หญิง,พันคน,ภาคเหนือ,2565
สุโขทัย,186.6,ไตรมาสที่ 1,สำนักงานสถิติแห่งชาติ,1932,ชาย,พันคน,ภาคเหนือ,2565
สุโขทัย,160.7,ไตรมาสที่ 1,สำนักงานสถิติแห่งชาติ,1933,หญิง,พันคน,ภาคเหนือ,2565
อุตรดิตถ์,111.6,ไตรมาสที่ 1,สำนักงานสถิติแห่งชาติ,1934,ชาย,พันคน,ภาคเหนือ,2565
อุตรดิตถ์,91.7,ไตรมาสที่ 1,สำนักงานสถิติแห่งชาติ,1935,หญิง,พันคน,ภาคเหนือ,2565
อุทัยธานี,81.6,ไตรมาสที่ 1,สำนักงานสถิติแห่งชาติ,1936,ชาย,พันคน,ภาคเหนือ,2565
อุทัยธานี,71.1,ไตรมาสที่ 1,สำนักงานสถิติแห่งชาติ,1937,หญิง,พันคน,ภาคเหนือ,2565
เชียงราย,327.7,ไตรมาสที่ 1,สำนักงานสถิติแห่งชาติ,1938,ชาย,พันคน,ภาคเหนือ,2565
เชียงราย,256.6,ไตรมาสที่ 1,สำนักงานสถิติแห่งชาติ,1939,หญิง,พันคน,ภาคเหนือ,2565
เชียงใหม่,524.7,ไตรมาสที่ 1,สำนักงานสถิติแห่งชาติ,1940,ชาย,พันคน,ภาคเหนือ,2565
เชียงใหม่,485.8,ไตรมาสที่ 1,สำนักงานสถิติแห่งชาติ,1941,หญิง,พันคน,ภาคเหนือ,2565
เพชรบูรณ์,262.1,ไตรมาสที่ 1,สำนักงานสถิติแห่งชาติ,1942,ชาย,พันคน,ภาคเหนือ,2565
เพชรบูรณ์,230.6,ไตรมาสที่ 1,สำนักงานสถิติแห่งชาติ,1943,หญิง,พันคน,ภาคเหนือ,2565
แพร่,103.5,ไตรมาสที่ 1,สำนักงานสถิติแห่งชาติ,1944,ชาย,พันคน,ภาคเหนือ,2565
แพร่,90.4,ไตรมาสที่ 1,สำนักงานสถิติแห่งชาติ,1945,หญิง,พันคน,ภาคเหนือ,2565
แม่ฮ่องสอน,75.6,ไตรมาสที่ 1,สำนักงานสถิติแห่งชาติ,1946,ชาย,พันคน,ภาคเหนือ,2565
แม่ฮ่องสอน,65.9,ไตรมาสที่ 1,สำนักงานสถิติแห่งชาติ,1947,หญิง,พันคน,ภาคเหนือ,2565
กาฬสินธุ์,213.9,ไตรมาสที่ 1,สำนักงานสถิติแห่งชาติ,1948,ชาย,พันคน,ภาคตะวันออกเฉียงเหนือ,2565
กาฬสินธุ์,164.8,ไตรมาสที่ 1,สำนักงานสถิติแห่งชาติ,1949,หญิง,พันคน,ภาคตะวันออกเฉียงเหนือ,2565
ขอนแก่น,445.6,ไตรมาสที่ 1,สำนักงานสถิติแห่งชาติ,1950,ชาย,พันคน,ภาคตะวันออกเฉียงเหนือ,2565
ขอนแก่น,366.6,ไตรมาสที่ 1,สำนักงานสถิติแห่งชาติ,1951,หญิง,พันคน,ภาคตะวันออกเฉียงเหนือ,2565
ชัยภูมิ,239.9,ไตรมาสที่ 1,สำนักงานสถิติแห่งชาติ,1952,ชาย,พันคน,ภาคตะวันออกเฉียงเหนือ,2565
ชัยภูมิ,199.7,ไตรมาสที่ 1,สำนักงานสถิติแห่งชาติ,1953,หญิง,พันคน,ภาคตะวันออกเฉียงเหนือ,2565
นครพนม,140.3,ไตรมาสที่ 1,สำนักงานสถิติแห่งชาติ,1954,ชาย,พันคน,ภาคตะวันออกเฉียงเหนือ,2565
นครพนม,115.2,ไตรมาสที่ 1,สำนักงานสถิติแห่งชาติ,1955,หญิง,พันคน,ภาคตะวันออกเฉียงเหนือ,2565
นครราชสีมา,682.2,ไตรมาสที่ 1,สำนักงานสถิติแห่งชาติ,1956,ชาย,พันคน,ภาคตะวันออกเฉียงเหนือ,2565
นครราชสีมา,544.3,ไตรมาสที่ 1,สำนักงานสถิติแห่งชาติ,1957,หญิง,พันคน,ภาคตะวันออกเฉียงเหนือ,2565
บึงกาฬ,100.8,ไตรมาสที่ 1,สำนักงานสถิติแห่งชาติ,1958,ชาย,พันคน,ภาคตะวันออกเฉียงเหนือ,2565
บึงกาฬ,84.8,ไตรมาสที่ 1,สำนักงานสถิติแห่งชาติ,1959,หญิง,พันคน,ภาคตะวันออกเฉียงเหนือ,2565
บุรีรัมย์,351.5,ไตรมาสที่ 1,สำนักงานสถิติแห่งชาติ,1960,ชาย,พันคน,ภาคตะวันออกเฉียงเหนือ,2565
บุรีรัมย์,280.4,ไตรมาสที่ 1,สำนักงานสถิติแห่งชาติ,1961,หญิง,พันคน,ภาคตะวันออกเฉียงเหนือ,2565
มหาสารคาม,204.5,ไตรมาสที่ 1,สำนักงานสถิติแห่งชาติ,1962,ชาย,พันคน,ภาคตะวันออกเฉียงเหนือ,2565
มหาสารคาม,159.6,ไตรมาสที่ 1,สำนักงานสถิติแห่งชาติ,1963,หญิง,พันคน,ภาคตะวันออกเฉียงเหนือ,2565
มุกดาหาร,119.2,ไตรมาสที่ 1,สำนักงานสถิติแห่งชาติ,1964,ชาย,พันคน,ภาคตะวันออกเฉียงเหนือ,2565
มุกดาหาร,103.7,ไตรมาสที่ 1,สำนักงานสถิติแห่งชาติ,1965,หญิง,พันคน,ภาคตะวันออกเฉียงเหนือ,2565
ยโสธร,136.9,ไตรมาสที่ 1,สำนักงานสถิติแห่งชาติ,1966,ชาย,พันคน,ภาคตะวันออกเฉียงเหนือ,2565
ยโสธร,126.4,ไตรมาสที่ 1,สำนักงานสถิติแห่งชาติ,1967,หญิง,พันคน,ภาคตะวันออกเฉียงเหนือ,2565
ร้อยเอ็ด,297.2,ไตรมาสที่ 1,สำนักงานสถิติแห่งชาติ,1968,ชาย,พันคน,ภาคตะวันออกเฉียงเหนือ,2565
ร้อยเอ็ด,256.7,ไตรมาสที่ 1,สำนักงานสถิติแห่งชาติ,1969,หญิง,พันคน,ภาคตะวันออกเฉียงเหนือ,2565
ศรีสะเกษ,288.3,ไตรมาสที่ 1,สำนักงานสถิติแห่งชาติ,1970,ชาย,พันคน,ภาคตะวันออกเฉียงเหนือ,2565
ศรีสะเกษ,237.0,ไตรมาสที่ 1,สำนักงานสถิติแห่งชาติ,1971,หญิง,พันคน,ภาคตะวันออกเฉียงเหนือ,2565
สกลนคร,218.2,ไตรมาสที่ 1,สำนักงานสถิติแห่งชาติ,1972,ชาย,พันคน,ภาคตะวันออกเฉียงเหนือ,2565
สกลนคร,143.4,ไตรมาสที่ 1,สำนักงานสถิติแห่งชาติ,1973,หญิง,พันคน,ภาคตะวันออกเฉียงเหนือ,2565
สุรินทร์,245.0,ไตรมาสที่ 1,สำนักงานสถิติแห่งชาติ,1974,ชาย,พันคน,ภาคตะวันออกเฉียงเหนือ,2565
สุรินทร์,203.9,ไตรมาสที่ 1,สำนักงานสถิติแห่งชาติ,1975,หญิง,พันคน,ภาคตะวันออกเฉียงเหนือ,2565
หนองคาย,119.8,ไตรมาสที่ 1,สำนักงานสถิติแห่งชาติ,1976,ชาย,พันคน,ภาคตะวันออกเฉียงเหนือ,2565
หนองคาย,100.4,ไตรมาสที่ 1,สำนักงานสถิติแห่งชาติ,1977,หญิง,พันคน,ภาคตะวันออกเฉียงเหนือ,2565
หนองบัวลำภู,127.8,ไตรมาสที่ 1,สำนักงานสถิติแห่งชาติ,1978,ชาย,พันคน,ภาคตะวันออกเฉียงเหนือ,2565
หนองบัวลำภู,94.9,ไตรมาสที่ 1,สำนักงานสถิติแห่งชาติ,1979,หญิง,พันคน,ภาคตะวันออกเฉียงเหนือ,2565
อำนาจเจริญ,64.0,ไตรมาสที่ 1,สำนักงานสถิติแห่งชาติ,1980,ชาย,พันคน,ภาคตะวันออกเฉียงเหนือ,2565
อำนาจเจริญ,52.5,ไตรมาสที่ 1,สำนักงานสถิติแห่งชาติ,1981,หญิง,พันคน,ภาคตะวันออกเฉียงเหนือ,2565
อุดรธานี,325.7,ไตรมาสที่ 1,สำนักงานสถิติแห่งชาติ,1982,ชาย,พันคน,ภาคตะวันออกเฉียงเหนือ,2565
อุดรธานี,255.7,ไตรมาสที่ 1,สำนักงานสถิติแห่งชาติ,1983,หญิง,พันคน,ภาคตะวันออกเฉียงเหนือ,2565
อุบลราชธานี,491.3,ไตรมาสที่ 1,สำนักงานสถิติแห่งชาติ,1984,ชาย,พันคน,ภาคตะวันออกเฉียงเหนือ,2565
อุบลราชธานี,384.4,ไตรมาสที่ 1,สำนักงานสถิติแห่งชาติ,1985,หญิง,พันคน,ภาคตะวันออกเฉียงเหนือ,2565
เลย,157.2,ไตรมาสที่ 1,สำนักงานสถิติแห่งชาติ,1986,ชาย,พันคน,ภาคตะวันออกเฉียงเหนือ,2565
เลย,147.5,ไตรมาสที่ 1,สำนักงานสถิติแห่งชาติ,1987,หญิง,พันคน,ภาคตะวันออกเฉียงเหนือ,2565
กระบี่,134.7,ไตรมาสที่ 1,สำนักงานสถิติแห่งชาติ,1988,ชาย,พันคน,ภาคใต้,2565
กระบี่,107.2,ไตรมาสที่ 1,สำนักงานสถิติแห่งชาติ,1989,หญิง,พันคน,ภาคใต้,2565
ชุมพร,156.4,ไตรมาสที่ 1,สำนักงานสถิติแห่งชาติ,1990,ชาย,พันคน,ภาคใต้,2565
ชุมพร,114.5,ไตรมาสที่ 1,สำนักงานสถิติแห่งชาติ,1991,หญิง,พันคน,ภาคใต้,2565
ตรัง,198.3,ไตรมาสที่ 1,สำนักงานสถิติแห่งชาติ,1992,ชาย,พันคน,ภาคใต้,2565
ตรัง,173.5,ไตรมาสที่ 1,สำนักงานสถิติแห่งชาติ,1993,หญิง,พันคน,ภาคใต้,2565
นครศรีธรรมราช,448.6,ไตรมาสที่ 1,สำนักงานสถิติแห่งชาติ,1994,ชาย,พันคน,ภาคใต้,2565
นครศรีธรรมราช,360.6,ไตรมาสที่ 1,สำนักงานสถิติแห่งชาติ,1995,หญิง,พันคน,ภาคใต้,2565
นราธิวาส,203.3,ไตรมาสที่ 1,สำนักงานสถิติแห่งชาติ,1996,ชาย,พันคน,ภาคใต้,2565
นราธิวาส,145.0,ไตรมาสที่ 1,สำนักงานสถิติแห่งชาติ,1997,หญิง,พันคน,ภาคใต้,2565
ปัตตานี,184.8,ไตรมาสที่ 1,สำนักงานสถิติแห่งชาติ,1998,ชาย,พันคน,ภาคใต้,2565
ปัตตานี,149.3,ไตรมาสที่ 1,สำนักงานสถิติแห่งชาติ,1999,หญิง,พันคน,ภาคใต้,2565
พังงา,74.2,ไตรมาสที่ 1,สำนักงานสถิติแห่งชาติ,2000,ชาย,พันคน,ภาคใต้,2565
พังงา,54.1,ไตรมาสที่ 1,สำนักงานสถิติแห่งชาติ,2001,หญิง,พันคน,ภาคใต้,2565
แพร่,109.3,ไตรมาสที่ 1,สำนักงานสถิติแห่งชาติ,2002,หญิง,พันคน,ภาคเหนือ,2563
แม่ฮ่องสอน,58.8,ไตรมาสที่ 1,สำนักงานสถิติแห่งชาติ,2003,ชาย,พันคน,ภาคเหนือ,2563
แม่ฮ่องสอน,45.1,ไตรมาสที่ 1,สำนักงานสถิติแห่งชาติ,2004,หญิง,พันคน,ภาคเหนือ,2563
กาฬสินธุ์,218.8,ไตรมาสที่ 1,สำนักงานสถิติแห่งชาติ,2005,ชาย,พันคน,ภาคตะวันออกเฉียงเหนือ,2563
กาฬสินธุ์,169.7,ไตรมาสที่ 1,สำนักงานสถิติแห่งชาติ,2006,หญิง,พันคน,ภาคตะวันออกเฉียงเหนือ,2563
ขอนแก่น,478.3,ไตรมาสที่ 1,สำนักงานสถิติแห่งชาติ,2007,ชาย,พันคน,ภาคตะวันออกเฉียงเหนือ,2563
ขอนแก่น,422.8,ไตรมาสที่ 1,สำนักงานสถิติแห่งชาติ,2008,หญิง,พันคน,ภาคตะวันออกเฉียงเหนือ,2563
ชัยภูมิ,255.9,ไตรมาสที่ 1,สำนักงานสถิติแห่งชาติ,2009,ชาย,พันคน,ภาคตะวันออกเฉียงเหนือ,2563
ชัยภูมิ,199.8,ไตรมาสที่ 1,สำนักงานสถิติแห่งชาติ,2010,หญิง,พันคน,ภาคตะวันออกเฉียงเหนือ,2563
นครพนม,144.2,ไตรมาสที่ 1,สำนักงานสถิติแห่งชาติ,2011,ชาย,พันคน,ภาคตะวันออกเฉียงเหนือ,2563
นครพนม,120.8,ไตรมาสที่ 1,สำนักงานสถิติแห่งชาติ,2012,หญิง,พันคน,ภาคตะวันออกเฉียงเหนือ,2563
นครราชสีมา,615.8,ไตรมาสที่ 1,สำนักงานสถิติแห่งชาติ,2013,ชาย,พันคน,ภาคตะวันออกเฉียงเหนือ,2563
นครราชสีมา,507.2,ไตรมาสที่ 1,สำนักงานสถิติแห่งชาติ,2014,หญิง,พันคน,ภาคตะวันออกเฉียงเหนือ,2563
บึงกาฬ,96.2,ไตรมาสที่ 1,สำนักงานสถิติแห่งชาติ,2015,ชาย,พันคน,ภาคตะวันออกเฉียงเหนือ,2563
บึงกาฬ,80.5,ไตรมาสที่ 1,สำนักงานสถิติแห่งชาติ,2016,หญิง,พันคน,ภาคตะวันออกเฉียงเหนือ,2563
บุรีรัมย์,356.6,ไตรมาสที่ 1,สำนักงานสถิติแห่งชาติ,2017,ชาย,พันคน,ภาคตะวันออกเฉียงเหนือ,2563
บุรีรัมย์,304.1,ไตรมาสที่ 1,สำนักงานสถิติแห่งชาติ,2018,หญิง,พันคน,ภาคตะวันออกเฉียงเหนือ,2563
มหาสารคาม,206.3,ไตรมาสที่ 1,สำนักงานสถิติแห่งชาติ,2019,ชาย,พันคน,ภาคตะวันออกเฉียงเหนือ,2563
มหาสารคาม,162.3,ไตรมาสที่ 1,สำนักงานสถิติแห่งชาติ,2020,หญิง,พันคน,ภาคตะวันออกเฉียงเหนือ,2563
มุกดาหาร,100.8,ไตรมาสที่ 1,สำนักงานสถิติแห่งชาติ,2021,ชาย,พันคน,ภาคตะวันออกเฉียงเหนือ,2563
มุกดาหาร,83.1,ไตรมาสที่ 1,สำนักงานสถิติแห่งชาติ,2022,หญิง,พันคน,ภาคตะวันออกเฉียงเหนือ,2563
ยโสธร,139.7,ไตรมาสที่ 1,สำนักงานสถิติแห่งชาติ,2023,ชาย,พันคน,ภาคตะวันออกเฉียงเหนือ,2563
ยโสธร,120.9,ไตรมาสที่ 1,สำนักงานสถิติแห่งชาติ,2024,หญิง,พันคน,ภาคตะวันออกเฉียงเหนือ,2563
ร้อยเอ็ด,290.2,ไตรมาสที่ 1,สำนักงานสถิติแห่งชาติ,2025,ชาย,พันคน,ภาคตะวันออกเฉียงเหนือ,2563
ร้อยเอ็ด,257.0,ไตรมาสที่ 1,สำนักงานสถิติแห่งชาติ,2026,หญิง,พันคน,ภาคตะวันออกเฉียงเหนือ,2563
ศรีสะเกษ,265.8,ไตรมาสที่ 1,สำนักงานสถิติแห่งชาติ,2027,ชาย,พันคน,ภาคตะวันออกเฉียงเหนือ,2563
ศรีสะเกษ,220.2,ไตรมาสที่ 1,สำนักงานสถิติแห่งชาติ,2028,หญิง,พันคน,ภาคตะวันออกเฉียงเหนือ,2563
สกลนคร,221.0,ไตรมาสที่ 1,สำนักงานสถิติแห่งชาติ,2029,ชาย,พันคน,ภาคตะวันออกเฉียงเหนือ,2563
สกลนคร,157.4,ไตรมาสที่ 1,สำนักงานสถิติแห่งชาติ,2030,หญิง,พันคน,ภาคตะวันออกเฉียงเหนือ,2563
สุรินทร์,254.3,ไตรมาสที่ 1,สำนักงานสถิติแห่งชาติ,2031,ชาย,พันคน,ภาคตะวันออกเฉียงเหนือ,2563
สุรินทร์,221.4,ไตรมาสที่ 1,สำนักงานสถิติแห่งชาติ,2032,หญิง,พันคน,ภาคตะวันออกเฉียงเหนือ,2563
หนองคาย,117.3,ไตรมาสที่ 1,สำนักงานสถิติแห่งชาติ,2033,ชาย,พันคน,ภาคตะวันออกเฉียงเหนือ,2563
หนองคาย,88.6,ไตรมาสที่ 1,สำนักงานสถิติแห่งชาติ,2034,หญิง,พันคน,ภาคตะวันออกเฉียงเหนือ,2563
หนองบัวลำภู,116.7,ไตรมาสที่ 1,สำนักงานสถิติแห่งชาติ,2035,ชาย,พันคน,ภาคตะวันออกเฉียงเหนือ,2563
หนองบัวลำภู,92.7,ไตรมาสที่ 1,สำนักงานสถิติแห่งชาติ,2036,หญิง,พันคน,ภาคตะวันออกเฉียงเหนือ,2563
อำนาจเจริญ,64.8,ไตรมาสที่ 1,สำนักงานสถิติแห่งชาติ,2037,ชาย,พันคน,ภาคตะวันออกเฉียงเหนือ,2563
อำนาจเจริญ,50.0,ไตรมาสที่ 1,สำนักงานสถิติแห่งชาติ,2038,หญิง,พันคน,ภาคตะวันออกเฉียงเหนือ,2563
อุดรธานี,341.6,ไตรมาสที่ 1,สำนักงานสถิติแห่งชาติ,2039,ชาย,พันคน,ภาคตะวันออกเฉียงเหนือ,2563
อุดรธานี,261.6,ไตรมาสที่ 1,สำนักงานสถิติแห่งชาติ,2040,หญิง,พันคน,ภาคตะวันออกเฉียงเหนือ,2563
อุบลราชธานี,487.9,ไตรมาสที่ 1,สำนักงานสถิติแห่งชาติ,2041,ชาย,พันคน,ภาคตะวันออกเฉียงเหนือ,2563
อุบลราชธานี,397.1,ไตรมาสที่ 1,สำนักงานสถิติแห่งชาติ,2042,หญิง,พันคน,ภาคตะวันออกเฉียงเหนือ,2563
เลย,162.1,ไตรมาสที่ 1,สำนักงานสถิติแห่งชาติ,2043,ชาย,พันคน,ภาคตะวันออกเฉียงเหนือ,2563
เลย,144.6,ไตรมาสที่ 1,สำนักงานสถิติแห่งชาติ,2044,หญิง,พันคน,ภาคตะวันออกเฉียงเหนือ,2563
กระบี่,121.5,ไตรมาสที่ 1,สำนักงานสถิติแห่งชาติ,2045,ชาย,พันคน,ภาคใต้,2563
กระบี่,95.1,ไตรมาสที่ 1,สำนักงานสถิติแห่งชาติ,2046,หญิง,พันคน,ภาคใต้,2563
ชุมพร,169.7,ไตรมาสที่ 1,สำนักงานสถิติแห่งชาติ,2047,ชาย,พันคน,ภาคใต้,2563
ชุมพร,121.0,ไตรมาสที่ 1,สำนักงานสถิติแห่งชาติ,2048,หญิง,พันคน,ภาคใต้,2563
ตรัง,200.7,ไตรมาสที่ 1,สำนักงานสถิติแห่งชาติ,2049,ชาย,พันคน,ภาคใต้,2563
ตรัง,181.0,ไตรมาสที่ 1,สำนักงานสถิติแห่งชาติ,2050,หญิง,พันคน,ภาคใต้,2563
นครศรีธรรมราช,488.5,ไตรมาสที่ 1,สำนักงานสถิติแห่งชาติ,2051,ชาย,พันคน,ภาคใต้,2563
นครศรีธรรมราช,416.0,ไตรมาสที่ 1,สำนักงานสถิติแห่งชาติ,2052,หญิง,พันคน,ภาคใต้,2563
นราธิวาส,193.6,ไตรมาสที่ 1,สำนักงานสถิติแห่งชาติ,2053,ชาย,พันคน,ภาคใต้,2563
นราธิวาส,136.0,ไตรมาสที่ 1,สำนักงานสถิติแห่งชาติ,2054,หญิง,พันคน,ภาคใต้,2563
ปัตตานี,170.2,ไตรมาสที่ 1,สำนักงานสถิติแห่งชาติ,2055,ชาย,พันคน,ภาคใต้,2563
ปัตตานี,138.8,ไตรมาสที่ 1,สำนักงานสถิติแห่งชาติ,2056,หญิง,พันคน,ภาคใต้,2563
พังงา,89.3,ไตรมาสที่ 1,สำนักงานสถิติแห่งชาติ,2057,ชาย,พันคน,ภาคใต้,2563
พังงา,59.7,ไตรมาสที่ 1,สำนักงานสถิติแห่งชาติ,2058,หญิง,พันคน,ภาคใต้,2563
พัทลุง,158.4,ไตรมาสที่ 1,สำนักงานสถิติแห่งชาติ,2059,ชาย,พันคน,ภาคใต้,2563
พัทลุง,147.9,ไตรมาสที่ 1,สำนักงานสถิติแห่งชาติ,2060,หญิง,พันคน,ภาคใต้,2563
ภูเก็ต,179.4,ไตรมาสที่ 1,สำนักงานสถิติแห่งชาติ,2061,ชาย,พันคน,ภาคใต้,2563
ภูเก็ต,151.1,ไตรมาสที่ 1,สำนักงานสถิติแห่งชาติ,2062,หญิง,พันคน,ภาคใต้,2563
ยะลา,121.3,ไตรมาสที่ 1,สำนักงานสถิติแห่งชาติ,2063,ชาย,พันคน,ภาคใต้,2563
ยะลา,101.6,ไตรมาสที่ 1,สำนักงานสถิติแห่งชาติ,2064,หญิง,พันคน,ภาคใต้,2563
ระนอง,80.5,ไตรมาสที่ 1,สำนักงานสถิติแห่งชาติ,2065,ชาย,พันคน,ภาคใต้,2563
ระนอง,49.6,ไตรมาสที่ 1,สำนักงานสถิติแห่งชาติ,2066,หญิง,พันคน,ภาคใต้,2563
สงขลา,472.6,ไตรมาสที่ 1,สำนักงานสถิติแห่งชาติ,2067,ชาย,พันคน,ภาคใต้,2563
สงขลา,413.0,ไตรมาสที่ 1,สำนักงานสถิติแห่งชาติ,2068,หญิง,พันคน,ภาคใต้,2563
สตูล,83.0,ไตรมาสที่ 1,สำนักงานสถิติแห่งชาติ,2069,ชาย,พันคน,ภาคใต้,2563
สตูล,61.4,ไตรมาสที่ 1,สำนักงานสถิติแห่งชาติ,2070,หญิง,พันคน,ภาคใต้,2563
สุราษฎร์ธานี,342.1,ไตรมาสที่ 1,สำนักงานสถิติแห่งชาติ,2071,ชาย,พันคน,ภาคใต้,2563
สุราษฎร์ธานี,272.5,ไตรมาสที่ 1,สำนักงานสถิติแห่งชาติ,2072,หญิง,พันคน,ภาคใต้,2563
กรุงเทพมหานคร,2741.2,ไตรมาสที่ 2,สำนักงานสถิติแห่งชาติ,2073,ชาย,พันคน,กรุงเทพมหานคร,2563
กรุงเทพมหานคร,2479.9,ไตรมาสที่ 2,สำนักงานสถิติแห่งชาติ,2074,หญิง,พันคน,กรุงเทพมหานคร,2563
กาญจนบุรี,248.4,ไตรมาสที่ 2,สำนักงานสถิติแห่งชาติ,2075,ชาย,พันคน,ภาคกลาง,2563
กาญจนบุรี,198.6,ไตรมาสที่ 2,สำนักงานสถิติแห่งชาติ,2076,หญิง,พันคน,ภาคกลาง,2563
จันทบุรี,195.5,ไตรมาสที่ 2,สำนักงานสถิติแห่งชาติ,2077,ชาย,พันคน,ภาคกลาง,2563
จันทบุรี,180.0,ไตรมาสที่ 2,สำนักงานสถิติแห่งชาติ,2078,หญิง,พันคน,ภาคกลาง,2563
ตาก,155.5,ไตรมาสที่ 2,สำนักงานสถิติแห่งชาติ,2079,ชาย,พันคน,ภาคเหนือ,2566
ตาก,120.2,ไตรมาสที่ 2,สำนักงานสถิติแห่งชาติ,2080,หญิง,พันคน,ภาคเหนือ,2566
สุโขทัย,186.5,ไตรมาสที่ 2,สำนักงานสถิติแห่งชาติ,2081,ชาย,พันคน,ภาคเหนือ,2566
สุโขทัย,164.5,ไตรมาสที่ 2,สำนักงานสถิติแห่งชาติ,2082,หญิง,พันคน,ภาคเหนือ,2566
พิษณุโลก,264.0,ไตรมาสที่ 2,สำนักงานสถิติแห่งชาติ,2083,ชาย,พันคน,ภาคเหนือ,2566
พิษณุโลก,227.7,ไตรมาสที่ 2,สำนักงานสถิติแห่งชาติ,2084,หญิง,พันคน,ภาคเหนือ,2566
พิจิตร,149.6,ไตรมาสที่ 2,สำนักงานสถิติแห่งชาติ,2085,ชาย,พันคน,ภาคเหนือ,2566
พิจิตร,128.3,ไตรมาสที่ 2,สำนักงานสถิติแห่งชาติ,2086,หญิง,พันคน,ภาคเหนือ,2566
เพชรบูรณ์,245.5,ไตรมาสที่ 2,สำนักงานสถิติแห่งชาติ,2087,ชาย,พันคน,ภาคเหนือ,2566
เพชรบูรณ์,217.5,ไตรมาสที่ 2,สำนักงานสถิติแห่งชาติ,2088,หญิง,พันคน,ภาคเหนือ,2566
นครราชสีมา,643.2,ไตรมาสที่ 2,สำนักงานสถิติแห่งชาติ,2089,ชาย,พันคน,ภาคตะวันออกเฉียงเหนือ,2566
นครราชสีมา,541.6,ไตรมาสที่ 2,สำนักงานสถิติแห่งชาติ,2090,หญิง,พันคน,ภาคตะวันออกเฉียงเหนือ,2566
บุรีรัมย์,342.0,ไตรมาสที่ 2,สำนักงานสถิติแห่งชาติ,2091,ชาย,พันคน,ภาคตะวันออกเฉียงเหนือ,2566
บุรีรัมย์,288.5,ไตรมาสที่ 2,สำนักงานสถิติแห่งชาติ,2092,หญิง,พันคน,ภาคตะวันออกเฉียงเหนือ,2566
สุรินทร์,250.3,ไตรมาสที่ 2,สำนักงานสถิติแห่งชาติ,2093,ชาย,พันคน,ภาคตะวันออกเฉียงเหนือ,2566
สุรินทร์,219.9,ไตรมาสที่ 2,สำนักงานสถิติแห่งชาติ,2094,หญิง,พันคน,ภาคตะวันออกเฉียงเหนือ,2566
ศรีสะเกษ,301.7,ไตรมาสที่ 2,สำนักงานสถิติแห่งชาติ,2095,ชาย,พันคน,ภาคตะวันออกเฉียงเหนือ,2566
ศรีสะเกษ,271.2,ไตรมาสที่ 2,สำนักงานสถิติแห่งชาติ,2096,หญิง,พันคน,ภาคตะวันออกเฉียงเหนือ,2566
อุบลราชธานี,480.7,ไตรมาสที่ 2,สำนักงานสถิติแห่งชาติ,2097,ชาย,พันคน,ภาคตะวันออกเฉียงเหนือ,2566
อุบลราชธานี,362.9,ไตรมาสที่ 2,สำนักงานสถิติแห่งชาติ,2098,หญิง,พันคน,ภาคตะวันออกเฉียงเหนือ,2566
ยโสธร,133.9,ไตรมาสที่ 2,สำนักงานสถิติแห่งชาติ,2099,ชาย,พันคน,ภาคตะวันออกเฉียงเหนือ,2566
ยโสธร,132.6,ไตรมาสที่ 2,สำนักงานสถิติแห่งชาติ,2100,หญิง,พันคน,ภาคตะวันออกเฉียงเหนือ,2566
ชัยภูมิ,255.9,ไตรมาสที่ 2,สำนักงานสถิติแห่งชาติ,2101,ชาย,พันคน,ภาคตะวันออกเฉียงเหนือ,2566
ชัยภูมิ,219.8,ไตรมาสที่ 2,สำนักงานสถิติแห่งชาติ,2102,หญิง,พันคน,ภาคตะวันออกเฉียงเหนือ,2566
อำนาจเจริญ,75.0,ไตรมาสที่ 2,สำนักงานสถิติแห่งชาติ,2103,ชาย,พันคน,ภาคตะวันออกเฉียงเหนือ,2566
อำนาจเจริญ,62.0,ไตรมาสที่ 2,สำนักงานสถิติแห่งชาติ,2104,หญิง,พันคน,ภาคตะวันออกเฉียงเหนือ,2566
บึงกาฬ,98.3,ไตรมาสที่ 2,สำนักงานสถิติแห่งชาติ,2105,ชาย,พันคน,ภาคตะวันออกเฉียงเหนือ,2566
บึงกาฬ,83.7,ไตรมาสที่ 2,สำนักงานสถิติแห่งชาติ,2106,หญิง,พันคน,ภาคตะวันออกเฉียงเหนือ,2566
หนองบัวลำภู,140.5,ไตรมาสที่ 2,สำนักงานสถิติแห่งชาติ,2107,ชาย,พันคน,ภาคตะวันออกเฉียงเหนือ,2566
หนองบัวลำภู,122.1,ไตรมาสที่ 2,สำนักงานสถิติแห่งชาติ,2108,หญิง,พันคน,ภาคตะวันออกเฉียงเหนือ,2566
ขอนแก่น,492.5,ไตรมาสที่ 2,สำนักงานสถิติแห่งชาติ,2109,ชาย,พันคน,ภาคตะวันออกเฉียงเหนือ,2566
ขอนแก่น,449.5,ไตรมาสที่ 2,สำนักงานสถิติแห่งชาติ,2110,หญิง,พันคน,ภาคตะวันออกเฉียงเหนือ,2566
อุดรธานี,324.7,ไตรมาสที่ 2,สำนักงานสถิติแห่งชาติ,2111,ชาย,พันคน,ภาคตะวันออกเฉียงเหนือ,2566
อุดรธานี,260.8,ไตรมาสที่ 2,สำนักงานสถิติแห่งชาติ,2112,หญิง,พันคน,ภาคตะวันออกเฉียงเหนือ,2566
เลย,154.1,ไตรมาสที่ 2,สำนักงานสถิติแห่งชาติ,2113,ชาย,พันคน,ภาคตะวันออกเฉียงเหนือ,2566
เลย,142.9,ไตรมาสที่ 2,สำนักงานสถิติแห่งชาติ,2114,หญิง,พันคน,ภาคตะวันออกเฉียงเหนือ,2566
หนองคาย,116.6,ไตรมาสที่ 2,สำนักงานสถิติแห่งชาติ,2115,ชาย,พันคน,ภาคตะวันออกเฉียงเหนือ,2566
หนองคาย,103.2,ไตรมาสที่ 2,สำนักงานสถิติแห่งชาติ,2116,หญิง,พันคน,ภาคตะวันออกเฉียงเหนือ,2566
มหาสารคาม,214.9,ไตรมาสที่ 2,สำนักงานสถิติแห่งชาติ,2117,ชาย,พันคน,ภาคตะวันออกเฉียงเหนือ,2566
มหาสารคาม,176.8,ไตรมาสที่ 2,สำนักงานสถิติแห่งชาติ,2118,หญิง,พันคน,ภาคตะวันออกเฉียงเหนือ,2566
ร้อยเอ็ด,293.1,ไตรมาสที่ 2,สำนักงานสถิติแห่งชาติ,2119,ชาย,พันคน,ภาคตะวันออกเฉียงเหนือ,2566
ร้อยเอ็ด,238.7,ไตรมาสที่ 2,สำนักงานสถิติแห่งชาติ,2120,หญิง,พันคน,ภาคตะวันออกเฉียงเหนือ,2566
กาฬสินธุ์,213.9,ไตรมาสที่ 2,สำนักงานสถิติแห่งชาติ,2121,ชาย,พันคน,ภาคตะวันออกเฉียงเหนือ,2566
กาฬสินธุ์,158.2,ไตรมาสที่ 2,สำนักงานสถิติแห่งชาติ,2122,หญิง,พันคน,ภาคตะวันออกเฉียงเหนือ,2566
สกลนคร,254.0,ไตรมาสที่ 2,สำนักงานสถิติแห่งชาติ,2123,ชาย,พันคน,ภาคตะวันออกเฉียงเหนือ,2566
สกลนคร,195.7,ไตรมาสที่ 2,สำนักงานสถิติแห่งชาติ,2124,หญิง,พันคน,ภาคตะวันออกเฉียงเหนือ,2566
นครพนม,151.3,ไตรมาสที่ 2,สำนักงานสถิติแห่งชาติ,2125,ชาย,พันคน,ภาคตะวันออกเฉียงเหนือ,2566
นครพนม,120.8,ไตรมาสที่ 2,สำนักงานสถิติแห่งชาติ,2126,หญิง,พันคน,ภาคตะวันออกเฉียงเหนือ,2566
มุกดาหาร,120.2,ไตรมาสที่ 2,สำนักงานสถิติแห่งชาติ,2127,ชาย,พันคน,ภาคตะวันออกเฉียงเหนือ,2566
มุกดาหาร,100.9,ไตรมาสที่ 2,สำนักงานสถิติแห่งชาติ,2128,หญิง,พันคน,ภาคตะวันออกเฉียงเหนือ,2566
นครศรีธรรมราช,471.8,ไตรมาสที่ 2,สำนักงานสถิติแห่งชาติ,2129,ชาย,พันคน,ภาคใต้,2566
นครศรีธรรมราช,394.7,ไตรมาสที่ 2,สำนักงานสถิติแห่งชาติ,2130,หญิง,พันคน,ภาคใต้,2566
กระบี่,139.4,ไตรมาสที่ 2,สำนักงานสถิติแห่งชาติ,2131,ชาย,พันคน,ภาคใต้,2566
กระบี่,111.3,ไตรมาสที่ 2,สำนักงานสถิติแห่งชาติ,2132,หญิง,พันคน,ภาคใต้,2566
พังงา,73.8,ไตรมาสที่ 2,สำนักงานสถิติแห่งชาติ,2133,ชาย,พันคน,ภาคใต้,2566
พังงา,50.6,ไตรมาสที่ 2,สำนักงานสถิติแห่งชาติ,2134,หญิง,พันคน,ภาคใต้,2566
ภูเก็ต,178.8,ไตรมาสที่ 2,สำนักงานสถิติแห่งชาติ,2135,ชาย,พันคน,ภาคใต้,2566
ภูเก็ต,161.6,ไตรมาสที่ 2,สำนักงานสถิติแห่งชาติ,2136,หญิง,พันคน,ภาคใต้,2566
สุราษฏร์ธานี,352.9,ไตรมาสที่ 2,สำนักงานสถิติแห่งชาติ,2137,ชาย,พันคน,ภาคใต้,2566
สุราษฏร์ธานี,281.4,ไตรมาสที่ 2,สำนักงานสถิติแห่งชาติ,2138,หญิง,พันคน,ภาคใต้,2566
ระนอง,89.8,ไตรมาสที่ 2,สำนักงานสถิติแห่งชาติ,2139,ชาย,พันคน,ภาคใต้,2566
ระนอง,61.6,ไตรมาสที่ 2,สำนักงานสถิติแห่งชาติ,2140,หญิง,พันคน,ภาคใต้,2566
ชุมพร,162.9,ไตรมาสที่ 2,สำนักงานสถิติแห่งชาติ,2141,ชาย,พันคน,ภาคใต้,2566
ชุมพร,116.0,ไตรมาสที่ 2,สำนักงานสถิติแห่งชาติ,2142,หญิง,พันคน,ภาคใต้,2566
สงขลา,471.7,ไตรมาสที่ 2,สำนักงานสถิติแห่งชาติ,2143,ชาย,พันคน,ภาคใต้,2566
สงขลา,434.3,ไตรมาสที่ 2,สำนักงานสถิติแห่งชาติ,2144,หญิง,พันคน,ภาคใต้,2566
สตูล,88.7,ไตรมาสที่ 2,สำนักงานสถิติแห่งชาติ,2145,ชาย,พันคน,ภาคใต้,2566
สตูล,67.1,ไตรมาสที่ 2,สำนักงานสถิติแห่งชาติ,2146,หญิง,พันคน,ภาคใต้,2566
ตรัง,197.1,ไตรมาสที่ 2,สำนักงานสถิติแห่งชาติ,2147,ชาย,พันคน,ภาคใต้,2566
ตรัง,168.7,ไตรมาสที่ 2,สำนักงานสถิติแห่งชาติ,2148,หญิง,พันคน,ภาคใต้,2566
พัทลุง,148.3,ไตรมาสที่ 2,สำนักงานสถิติแห่งชาติ,2149,ชาย,พันคน,ภาคใต้,2566
พัทลุง,135.9,ไตรมาสที่ 2,สำนักงานสถิติแห่งชาติ,2150,หญิง,พันคน,ภาคใต้,2566
ปัตตานี,192.7,ไตรมาสที่ 2,สำนักงานสถิติแห่งชาติ,2151,ชาย,พันคน,ภาคใต้,2566
ปัตตานี,150.4,ไตรมาสที่ 2,สำนักงานสถิติแห่งชาติ,2152,หญิง,พันคน,ภาคใต้,2566
ยะลา,143.9,ไตรมาสที่ 2,สำนักงานสถิติแห่งชาติ,2153,ชาย,พันคน,ภาคใต้,2566
ยะลา,113.8,ไตรมาสที่ 2,สำนักงานสถิติแห่งชาติ,2154,หญิง,พันคน,ภาคใต้,2566
นราธิวาส,205.4,ไตรมาสที่ 2,สำนักงานสถิติแห่งชาติ,2155,ชาย,พันคน,ภาคใต้,2566
นราธิวาส,147.4,ไตรมาสที่ 2,สำนักงานสถิติแห่งชาติ,2156,หญิง,พันคน,ภาคใต้,2566
กรุงเทพมหานคร,2933.6,ไตรมาสที่ 3,สำนักงานสถิติแห่งชาติ,2157,ชาย,พันคน,กรุงเทพมหานคร,2566
กรุงเทพมหานคร,2718.7,ไตรมาสที่ 3,สำนักงานสถิติแห่งชาติ,2158,หญิง,พันคน,กรุงเทพมหานคร,2566
สมุทรปราการ,781.3,ไตรมาสที่ 3,สำนักงานสถิติแห่งชาติ,2159,ชาย,พันคน,ภาคกลาง,2566
สมุทรปราการ,725.2,ไตรมาสที่ 3,สำนักงานสถิติแห่งชาติ,2160,หญิง,พันคน,ภาคกลาง,2566
นนทบุรี,614.8,ไตรมาสที่ 3,สำนักงานสถิติแห่งชาติ,2161,ชาย,พันคน,ภาคกลาง,2566
นนทบุรี,555.5,ไตรมาสที่ 3,สำนักงานสถิติแห่งชาติ,2162,หญิง,พันคน,ภาคกลาง,2566
ปทุมธานี,601.6,ไตรมาสที่ 3,สำนักงานสถิติแห่งชาติ,2163,ชาย,พันคน,ภาคกลาง,2566
ปทุมธานี,534.9,ไตรมาสที่ 3,สำนักงานสถิติแห่งชาติ,2164,หญิง,พันคน,ภาคกลาง,2566
พระนครศรีอยุธยา,277.7,ไตรมาสที่ 3,สำนักงานสถิติแห่งชาติ,2165,ชาย,พันคน,ภาคกลาง,2566
พระนครศรีอยุธยา,237.2,ไตรมาสที่ 3,สำนักงานสถิติแห่งชาติ,2166,หญิง,พันคน,ภาคกลาง,2566
อ่างทอง,69.5,ไตรมาสที่ 3,สำนักงานสถิติแห่งชาติ,2167,ชาย,พันคน,ภาคกลาง,2566
อ่างทอง,57.4,ไตรมาสที่ 3,สำนักงานสถิติแห่งชาติ,2168,หญิง,พันคน,ภาคกลาง,2566
ลพบุรี,244.1,ไตรมาสที่ 3,สำนักงานสถิติแห่งชาติ,2169,ชาย,พันคน,ภาคกลาง,2566
ลพบุรี,209.3,ไตรมาสที่ 3,สำนักงานสถิติแห่งชาติ,2170,หญิง,พันคน,ภาคกลาง,2566
สิงห์บุรี,56.5,ไตรมาสที่ 3,สำนักงานสถิติแห่งชาติ,2171,ชาย,พันคน,ภาคกลาง,2566
สิงห์บุรี,48.4,ไตรมาสที่ 3,สำนักงานสถิติแห่งชาติ,2172,หญิง,พันคน,ภาคกลาง,2566
ชัยนาท,88.4,ไตรมาสที่ 3,สำนักงานสถิติแห่งชาติ,2173,ชาย,พันคน,ภาคกลาง,2566
ชัยนาท,78.9,ไตรมาสที่ 3,สำนักงานสถิติแห่งชาติ,2174,หญิง,พันคน,ภาคกลาง,2566
สระบุรี,235.9,ไตรมาสที่ 3,สำนักงานสถิติแห่งชาติ,2175,ชาย,พันคน,ภาคกลาง,2566
สระบุรี,184.3,ไตรมาสที่ 3,สำนักงานสถิติแห่งชาติ,2176,หญิง,พันคน,ภาคกลาง,2566
ชลบุรี,637.0,ไตรมาสที่ 3,สำนักงานสถิติแห่งชาติ,2177,ชาย,พันคน,ภาคกลาง,2566
ชลบุรี,550.7,ไตรมาสที่ 3,สำนักงานสถิติแห่งชาติ,2178,หญิง,พันคน,ภาคกลาง,2566
ระยอง,387.1,ไตรมาสที่ 3,สำนักงานสถิติแห่งชาติ,2179,ชาย,พันคน,ภาคกลาง,2566
ระยอง,299.9,ไตรมาสที่ 3,สำนักงานสถิติแห่งชาติ,2180,หญิง,พันคน,ภาคกลาง,2566
จันทบุรี,190.4,ไตรมาสที่ 3,สำนักงานสถิติแห่งชาติ,2181,ชาย,พันคน,ภาคกลาง,2566
จันทบุรี,170.8,ไตรมาสที่ 3,สำนักงานสถิติแห่งชาติ,2182,หญิง,พันคน,ภาคกลาง,2566
ตราด,95.1,ไตรมาสที่ 3,สำนักงานสถิติแห่งชาติ,2183,ชาย,พันคน,ภาคกลาง,2566
ตราด,77.5,ไตรมาสที่ 3,สำนักงานสถิติแห่งชาติ,2184,หญิง,พันคน,ภาคกลาง,2566
ฉะเชิงเทรา,299.9,ไตรมาสที่ 3,สำนักงานสถิติแห่งชาติ,2185,ชาย,พันคน,ภาคกลาง,2566
ฉะเชิงเทรา,253.9,ไตรมาสที่ 3,สำนักงานสถิติแห่งชาติ,2186,หญิง,พันคน,ภาคกลาง,2566
ปราจีนบุรี,209.9,ไตรมาสที่ 3,สำนักงานสถิติแห่งชาติ,2187,ชาย,พันคน,ภาคกลาง,2566
ปราจีนบุรี,182.0,ไตรมาสที่ 3,สำนักงานสถิติแห่งชาติ,2188,หญิง,พันคน,ภาคกลาง,2566
นครนายก,81.7,ไตรมาสที่ 3,สำนักงานสถิติแห่งชาติ,2189,ชาย,พันคน,ภาคกลาง,2566
นครนายก,66.1,ไตรมาสที่ 3,สำนักงานสถิติแห่งชาติ,2190,หญิง,พันคน,ภาคกลาง,2566
สระแก้ว,207.6,ไตรมาสที่ 3,สำนักงานสถิติแห่งชาติ,2191,ชาย,พันคน,ภาคกลาง,2566
สระแก้ว,160.0,ไตรมาสที่ 3,สำนักงานสถิติแห่งชาติ,2192,หญิง,พันคน,ภาคกลาง,2566
ราชบุรี,256.2,ไตรมาสที่ 3,สำนักงานสถิติแห่งชาติ,2193,ชาย,พันคน,ภาคกลาง,2566
ราชบุรี,219.7,ไตรมาสที่ 3,สำนักงานสถิติแห่งชาติ,2194,หญิง,พันคน,ภาคกลาง,2566
กาญจนบุรี,257.5,ไตรมาสที่ 3,สำนักงานสถิติแห่งชาติ,2195,ชาย,พันคน,ภาคกลาง,2566
กาญจนบุรี,214.5,ไตรมาสที่ 3,สำนักงานสถิติแห่งชาติ,2196,หญิง,พันคน,ภาคกลาง,2566
สุพรรณบุรี,264.5,ไตรมาสที่ 3,สำนักงานสถิติแห่งชาติ,2197,ชาย,พันคน,ภาคกลาง,2566
สุพรรณบุรี,215.5,ไตรมาสที่ 3,สำนักงานสถิติแห่งชาติ,2198,หญิง,พันคน,ภาคกลาง,2566
นครปฐม,434.6,ไตรมาสที่ 3,สำนักงานสถิติแห่งชาติ,2199,ชาย,พันคน,ภาคกลาง,2566
นครปฐม,423.6,ไตรมาสที่ 3,สำนักงานสถิติแห่งชาติ,2200,หญิง,พันคน,ภาคกลาง,2566
สมุทรสาคร,398.1,ไตรมาสที่ 3,สำนักงานสถิติแห่งชาติ,2201,ชาย,พันคน,ภาคกลาง,2566
สมุทรสาคร,378.1,ไตรมาสที่ 3,สำนักงานสถิติแห่งชาติ,2202,หญิง,พันคน,ภาคกลาง,2566
สมุทรสงคราม,55.7,ไตรมาสที่ 3,สำนักงานสถิติแห่งชาติ,2203,ชาย,พันคน,ภาคกลาง,2566
สมุทรสงคราม,45.3,ไตรมาสที่ 3,สำนักงานสถิติแห่งชาติ,2204,หญิง,พันคน,ภาคกลาง,2566
เพชรบุรี,158.4,ไตรมาสที่ 3,สำนักงานสถิติแห่งชาติ,2205,ชาย,พันคน,ภาคกลาง,2566
เพชรบุรี,134.8,ไตรมาสที่ 3,สำนักงานสถิติแห่งชาติ,2206,หญิง,พันคน,ภาคกลาง,2566
ประจวบคีรีขันธ์,149.4,ไตรมาสที่ 3,สำนักงานสถิติแห่งชาติ,2207,ชาย,พันคน,ภาคกลาง,2566
ประจวบคีรีขันธ์,132.1,ไตรมาสที่ 3,สำนักงานสถิติแห่งชาติ,2208,หญิง,พันคน,ภาคกลาง,2566
เชียงใหม่,551.2,ไตรมาสที่ 3,สำนักงานสถิติแห่งชาติ,2209,ชาย,พันคน,ภาคเหนือ,2566
เชียงใหม่,484.5,ไตรมาสที่ 3,สำนักงานสถิติแห่งชาติ,2210,หญิง,พันคน,ภาคเหนือ,2566
ลำพูน,118.7,ไตรมาสที่ 3,สำนักงานสถิติแห่งชาติ,2211,ชาย,พันคน,ภาคเหนือ,2566
ลำพูน,113.9,ไตรมาสที่ 3,สำนักงานสถิติแห่งชาติ,2212,หญิง,พันคน,ภาคเหนือ,2566
ลำปาง,201.8,ไตรมาสที่ 3,สำนักงานสถิติแห่งชาติ,2213,ชาย,พันคน,ภาคเหนือ,2566
ลำปาง,168.4,ไตรมาสที่ 3,สำนักงานสถิติแห่งชาติ,2214,หญิง,พันคน,ภาคเหนือ,2566
อุตรดิตถ์,119.3,ไตรมาสที่ 3,สำนักงานสถิติแห่งชาติ,2215,ชาย,พันคน,ภาคเหนือ,2566
อุตรดิตถ์,93.8,ไตรมาสที่ 3,สำนักงานสถิติแห่งชาติ,2216,หญิง,พันคน,ภาคเหนือ,2566
แพร่,108.6,ไตรมาสที่ 3,สำนักงานสถิติแห่งชาติ,2217,ชาย,พันคน,ภาคเหนือ,2566
แพร่,93.1,ไตรมาสที่ 3,สำนักงานสถิติแห่งชาติ,2218,หญิง,พันคน,ภาคเหนือ,2566
น่าน,135.6,ไตรมาสที่ 3,สำนักงานสถิติแห่งชาติ,2219,ชาย,พันคน,ภาคเหนือ,2566
น่าน,118.2,ไตรมาสที่ 3,สำนักงานสถิติแห่งชาติ,2220,หญิง,พันคน,ภาคเหนือ,2566
พะเยา,98.4,ไตรมาสที่ 3,สำนักงานสถิติแห่งชาติ,2221,ชาย,พันคน,ภาคเหนือ,2566
พะเยา,78.2,ไตรมาสที่ 3,สำนักงานสถิติแห่งชาติ,2222,หญิง,พันคน,ภาคเหนือ,2566
เชียงราย,328.7,ไตรมาสที่ 3,สำนักงานสถิติแห่งชาติ,2223,ชาย,พันคน,ภาคเหนือ,2566
เชียงราย,271.1,ไตรมาสที่ 3,สำนักงานสถิติแห่งชาติ,2224,หญิง,พันคน,ภาคเหนือ,2566
แม่ฮ่องสอน,75.7,ไตรมาสที่ 3,สำนักงานสถิติแห่งชาติ,2225,ชาย,พันคน,ภาคเหนือ,2566
แม่ฮ่องสอน,70.2,ไตรมาสที่ 3,สำนักงานสถิติแห่งชาติ,2226,หญิง,พันคน,ภาคเหนือ,2566
นครสวรรค์,267.6,ไตรมาสที่ 3,สำนักงานสถิติแห่งชาติ,2227,ชาย,พันคน,ภาคเหนือ,2566
นครสวรรค์,236.5,ไตรมาสที่ 3,สำนักงานสถิติแห่งชาติ,2228,หญิง,พันคน,ภาคเหนือ,2566
อุทัยธานี,79.3,ไตรมาสที่ 3,สำนักงานสถิติแห่งชาติ,2229,ชาย,พันคน,ภาคเหนือ,2566
อุทัยธานี,66.2,ไตรมาสที่ 3,สำนักงานสถิติแห่งชาติ,2230,หญิง,พันคน,ภาคเหนือ,2566
กำแพงเพชร,226.2,ไตรมาสที่ 3,สำนักงานสถิติแห่งชาติ,2231,ชาย,พันคน,ภาคเหนือ,2566
กำแพงเพชร,208.3,ไตรมาสที่ 3,สำนักงานสถิติแห่งชาติ,2232,หญิง,พันคน,ภาคเหนือ,2566
ตาก,158.6,ไตรมาสที่ 3,สำนักงานสถิติแห่งชาติ,2233,ชาย,พันคน,ภาคเหนือ,2566
ตาก,129.4,ไตรมาสที่ 3,สำนักงานสถิติแห่งชาติ,2234,หญิง,พันคน,ภาคเหนือ,2566
สุโขทัย,184.4,ไตรมาสที่ 3,สำนักงานสถิติแห่งชาติ,2235,ชาย,พันคน,ภาคเหนือ,2566
สุโขทัย,166.1,ไตรมาสที่ 3,สำนักงานสถิติแห่งชาติ,2236,หญิง,พันคน,ภาคเหนือ,2566
พิษณุโลก,272.4,ไตรมาสที่ 3,สำนักงานสถิติแห่งชาติ,2237,ชาย,พันคน,ภาคเหนือ,2566
พิษณุโลก,236.3,ไตรมาสที่ 3,สำนักงานสถิติแห่งชาติ,2238,หญิง,พันคน,ภาคเหนือ,2566
พิจิตร,152.9,ไตรมาสที่ 3,สำนักงานสถิติแห่งชาติ,2239,ชาย,พันคน,ภาคเหนือ,2566
พิจิตร,127.3,ไตรมาสที่ 3,สำนักงานสถิติแห่งชาติ,2240,หญิง,พันคน,ภาคเหนือ,2566
เพชรบูรณ์,265.9,ไตรมาสที่ 3,สำนักงานสถิติแห่งชาติ,2241,ชาย,พันคน,ภาคเหนือ,2566
เพชรบูรณ์,215.1,ไตรมาสที่ 3,สำนักงานสถิติแห่งชาติ,2242,หญิง,พันคน,ภาคเหนือ,2566
นครราชสีมา,665.2,ไตรมาสที่ 3,สำนักงานสถิติแห่งชาติ,2243,ชาย,พันคน,ภาคตะวันออกเฉียงเหนือ,2566
นครราชสีมา,592.3,ไตรมาสที่ 3,สำนักงานสถิติแห่งชาติ,2244,หญิง,พันคน,ภาคตะวันออกเฉียงเหนือ,2566
บุรีรัมย์,362.0,ไตรมาสที่ 3,สำนักงานสถิติแห่งชาติ,2245,ชาย,พันคน,ภาคตะวันออกเฉียงเหนือ,2566
บุรีรัมย์,297.9,ไตรมาสที่ 3,สำนักงานสถิติแห่งชาติ,2246,หญิง,พันคน,ภาคตะวันออกเฉียงเหนือ,2566
สุรินทร์,270.8,ไตรมาสที่ 3,สำนักงานสถิติแห่งชาติ,2247,ชาย,พันคน,ภาคตะวันออกเฉียงเหนือ,2566
สุรินทร์,235.6,ไตรมาสที่ 3,สำนักงานสถิติแห่งชาติ,2248,หญิง,พันคน,ภาคตะวันออกเฉียงเหนือ,2566
ศรีสะเกษ,292.8,ไตรมาสที่ 3,สำนักงานสถิติแห่งชาติ,2249,ชาย,พันคน,ภาคตะวันออกเฉียงเหนือ,2566
ศรีสะเกษ,265.7,ไตรมาสที่ 3,สำนักงานสถิติแห่งชาติ,2250,หญิง,พันคน,ภาคตะวันออกเฉียงเหนือ,2566
อุบลราชธานี,507.6,ไตรมาสที่ 3,สำนักงานสถิติแห่งชาติ,2251,ชาย,พันคน,ภาคตะวันออกเฉียงเหนือ,2566
อุบลราชธานี,392.7,ไตรมาสที่ 3,สำนักงานสถิติแห่งชาติ,2252,หญิง,พันคน,ภาคตะวันออกเฉียงเหนือ,2566
ยโสธร,137.7,ไตรมาสที่ 3,สำนักงานสถิติแห่งชาติ,2253,ชาย,พันคน,ภาคตะวันออกเฉียงเหนือ,2566
ยโสธร,142.1,ไตรมาสที่ 3,สำนักงานสถิติแห่งชาติ,2254,หญิง,พันคน,ภาคตะวันออกเฉียงเหนือ,2566
ชัยภูมิ,257.4,ไตรมาสที่ 3,สำนักงานสถิติแห่งชาติ,2255,ชาย,พันคน,ภาคตะวันออกเฉียงเหนือ,2566
ชัยภูมิ,230.4,ไตรมาสที่ 3,สำนักงานสถิติแห่งชาติ,2256,หญิง,พันคน,ภาคตะวันออกเฉียงเหนือ,2566
อำนาจเจริญ,80.4,ไตรมาสที่ 3,สำนักงานสถิติแห่งชาติ,2257,ชาย,พันคน,ภาคตะวันออกเฉียงเหนือ,2566
อำนาจเจริญ,70.1,ไตรมาสที่ 3,สำนักงานสถิติแห่งชาติ,2258,หญิง,พันคน,ภาคตะวันออกเฉียงเหนือ,2566
บึงกาฬ,97.6,ไตรมาสที่ 3,สำนักงานสถิติแห่งชาติ,2259,ชาย,พันคน,ภาคตะวันออกเฉียงเหนือ,2566
บึงกาฬ,80.4,ไตรมาสที่ 3,สำนักงานสถิติแห่งชาติ,2260,หญิง,พันคน,ภาคตะวันออกเฉียงเหนือ,2566
หนองบัวลำภู,140.1,ไตรมาสที่ 3,สำนักงานสถิติแห่งชาติ,2261,ชาย,พันคน,ภาคตะวันออกเฉียงเหนือ,2566
หนองบัวลำภู,123.0,ไตรมาสที่ 3,สำนักงานสถิติแห่งชาติ,2262,หญิง,พันคน,ภาคตะวันออกเฉียงเหนือ,2566
ขอนแก่น,502.4,ไตรมาสที่ 3,สำนักงานสถิติแห่งชาติ,2263,ชาย,พันคน,ภาคตะวันออกเฉียงเหนือ,2566
ขอนแก่น,458.8,ไตรมาสที่ 3,สำนักงานสถิติแห่งชาติ,2264,หญิง,พันคน,ภาคตะวันออกเฉียงเหนือ,2566
อุดรธานี,353.5,ไตรมาสที่ 3,สำนักงานสถิติแห่งชาติ,2265,ชาย,พันคน,ภาคตะวันออกเฉียงเหนือ,2566
อุดรธานี,291.1,ไตรมาสที่ 3,สำนักงานสถิติแห่งชาติ,2266,หญิง,พันคน,ภาคตะวันออกเฉียงเหนือ,2566
เลย,141.5,ไตรมาสที่ 3,สำนักงานสถิติแห่งชาติ,2267,ชาย,พันคน,ภาคตะวันออกเฉียงเหนือ,2566
เลย,129.2,ไตรมาสที่ 3,สำนักงานสถิติแห่งชาติ,2268,หญิง,พันคน,ภาคตะวันออกเฉียงเหนือ,2566
หนองคาย,123.0,ไตรมาสที่ 3,สำนักงานสถิติแห่งชาติ,2269,ชาย,พันคน,ภาคตะวันออกเฉียงเหนือ,2566
หนองคาย,98.0,ไตรมาสที่ 3,สำนักงานสถิติแห่งชาติ,2270,หญิง,พันคน,ภาคตะวันออกเฉียงเหนือ,2566
มหาสารคาม,218.1,ไตรมาสที่ 3,สำนักงานสถิติแห่งชาติ,2271,ชาย,พันคน,ภาคตะวันออกเฉียงเหนือ,2566
มหาสารคาม,197.7,ไตรมาสที่ 3,สำนักงานสถิติแห่งชาติ,2272,หญิง,พันคน,ภาคตะวันออกเฉียงเหนือ,2566
ร้อยเอ็ด,309.4,ไตรมาสที่ 3,สำนักงานสถิติแห่งชาติ,2273,ชาย,พันคน,ภาคตะวันออกเฉียงเหนือ,2566
ร้อยเอ็ด,273.0,ไตรมาสที่ 3,สำนักงานสถิติแห่งชาติ,2274,หญิง,พันคน,ภาคตะวันออกเฉียงเหนือ,2566
กาฬสินธุ์,218.8,ไตรมาสที่ 3,สำนักงานสถิติแห่งชาติ,2275,ชาย,พันคน,ภาคตะวันออกเฉียงเหนือ,2566
กาฬสินธุ์,182.5,ไตรมาสที่ 3,สำนักงานสถิติแห่งชาติ,2276,หญิง,พันคน,ภาคตะวันออกเฉียงเหนือ,2566
สกลนคร,253.0,ไตรมาสที่ 3,สำนักงานสถิติแห่งชาติ,2277,ชาย,พันคน,ภาคตะวันออกเฉียงเหนือ,2566
สกลนคร,194.6,ไตรมาสที่ 3,สำนักงานสถิติแห่งชาติ,2278,หญิง,พันคน,ภาคตะวันออกเฉียงเหนือ,2566
นครพนม,157.1,ไตรมาสที่ 3,สำนักงานสถิติแห่งชาติ,2279,ชาย,พันคน,ภาคตะวันออกเฉียงเหนือ,2566
นครพนม,131.0,ไตรมาสที่ 3,สำนักงานสถิติแห่งชาติ,2280,หญิง,พันคน,ภาคตะวันออกเฉียงเหนือ,2566
มุกดาหาร,125.3,ไตรมาสที่ 3,สำนักงานสถิติแห่งชาติ,2281,ชาย,พันคน,ภาคตะวันออกเฉียงเหนือ,2566
มุกดาหาร,112.6,ไตรมาสที่ 3,สำนักงานสถิติแห่งชาติ,2282,หญิง,พันคน,ภาคตะวันออกเฉียงเหนือ,2566
นครศรีธรรมราช,458.4,ไตรมาสที่ 3,สำนักงานสถิติแห่งชาติ,2283,ชาย,พันคน,ภาคใต้,2566
นครศรีธรรมราช,375.7,ไตรมาสที่ 3,สำนักงานสถิติแห่งชาติ,2284,หญิง,พันคน,ภาคใต้,2566
กระบี่,136.4,ไตรมาสที่ 3,สำนักงานสถิติแห่งชาติ,2285,ชาย,พันคน,ภาคใต้,2566
กระบี่,113.9,ไตรมาสที่ 3,สำนักงานสถิติแห่งชาติ,2286,หญิง,พันคน,ภาคใต้,2566
พังงา,74.9,ไตรมาสที่ 3,สำนักงานสถิติแห่งชาติ,2287,ชาย,พันคน,ภาคใต้,2566
พังงา,49.7,ไตรมาสที่ 3,สำนักงานสถิติแห่งชาติ,2288,หญิง,พันคน,ภาคใต้,2566
ภูเก็ต,183.6,ไตรมาสที่ 3,สำนักงานสถิติแห่งชาติ,2289,ชาย,พันคน,ภาคใต้,2566
ภูเก็ต,163.9,ไตรมาสที่ 3,สำนักงานสถิติแห่งชาติ,2290,หญิง,พันคน,ภาคใต้,2566
สุราษฏร์ธานี,360.2,ไตรมาสที่ 3,สำนักงานสถิติแห่งชาติ,2291,ชาย,พันคน,ภาคใต้,2566
สุราษฏร์ธานี,279.9,ไตรมาสที่ 3,สำนักงานสถิติแห่งชาติ,2292,หญิง,พันคน,ภาคใต้,2566
ระนอง,87.2,ไตรมาสที่ 3,สำนักงานสถิติแห่งชาติ,2293,ชาย,พันคน,ภาคใต้,2566
ระนอง,59.9,ไตรมาสที่ 3,สำนักงานสถิติแห่งชาติ,2294,หญิง,พันคน,ภาคใต้,2566
ชุมพร,162.9,ไตรมาสที่ 3,สำนักงานสถิติแห่งชาติ,2295,ชาย,พันคน,ภาคใต้,2566
ชุมพร,124.3,ไตรมาสที่ 3,สำนักงานสถิติแห่งชาติ,2296,หญิง,พันคน,ภาคใต้,2566
สงขลา,483.5,ไตรมาสที่ 3,สำนักงานสถิติแห่งชาติ,2297,ชาย,พันคน,ภาคใต้,2566
สงขลา,424.0,ไตรมาสที่ 3,สำนักงานสถิติแห่งชาติ,2298,หญิง,พันคน,ภาคใต้,2566
สตูล,87.7,ไตรมาสที่ 3,สำนักงานสถิติแห่งชาติ,2299,ชาย,พันคน,ภาคใต้,2566
สตูล,66.0,ไตรมาสที่ 3,สำนักงานสถิติแห่งชาติ,2300,หญิง,พันคน,ภาคใต้,2566
ตรัง,201.2,ไตรมาสที่ 3,สำนักงานสถิติแห่งชาติ,2301,ชาย,พันคน,ภาคใต้,2566
ตรัง,171.2,ไตรมาสที่ 3,สำนักงานสถิติแห่งชาติ,2302,หญิง,พันคน,ภาคใต้,2566
พัทลุง,146.4,ไตรมาสที่ 3,สำนักงานสถิติแห่งชาติ,2303,ชาย,พันคน,ภาคใต้,2566
พัทลุง,133.2,ไตรมาสที่ 3,สำนักงานสถิติแห่งชาติ,2304,หญิง,พันคน,ภาคใต้,2566
ปัตตานี,190.3,ไตรมาสที่ 3,สำนักงานสถิติแห่งชาติ,2305,ชาย,พันคน,ภาคใต้,2566
ปัตตานี,147.7,ไตรมาสที่ 3,สำนักงานสถิติแห่งชาติ,2306,หญิง,พันคน,ภาคใต้,2566
ยะลา,146.2,ไตรมาสที่ 3,สำนักงานสถิติแห่งชาติ,2307,ชาย,พันคน,ภาคใต้,2566
ยะลา,118.2,ไตรมาสที่ 3,สำนักงานสถิติแห่งชาติ,2308,หญิง,พันคน,ภาคใต้,2566
นราธิวาส,205.8,ไตรมาสที่ 3,สำนักงานสถิติแห่งชาติ,2309,ชาย,พันคน,ภาคใต้,2566
นราธิวาส,143.9,ไตรมาสที่ 3,สำนักงานสถิติแห่งชาติ,2310,หญิง,พันคน,ภาคใต้,2566
กรุงเทพมหานคร,2967.8,ไตรมาสที่ 4,สำนักงานสถิติแห่งชาติ,2311,ชาย,พันคน,กรุงเทพมหานคร,2566
กรุงเทพมหานคร,2753.4,ไตรมาสที่ 4,สำนักงานสถิติแห่งชาติ,2312,หญิง,พันคน,กรุงเทพมหานคร,2566
สมุทรปราการ,790.8,ไตรมาสที่ 4,สำนักงานสถิติแห่งชาติ,2313,ชาย,พันคน,ภาคกลาง,2566
สมุทรปราการ,735.5,ไตรมาสที่ 4,สำนักงานสถิติแห่งชาติ,2314,หญิง,พันคน,ภาคกลาง,2566
นนทบุรี,622.6,ไตรมาสที่ 4,สำนักงานสถิติแห่งชาติ,2315,ชาย,พันคน,ภาคกลาง,2566
นนทบุรี,540.1,ไตรมาสที่ 4,สำนักงานสถิติแห่งชาติ,2316,หญิง,พันคน,ภาคกลาง,2566
ปทุมธานี,599.3,ไตรมาสที่ 4,สำนักงานสถิติแห่งชาติ,2317,ชาย,พันคน,ภาคกลาง,2566
ปทุมธานี,525.8,ไตรมาสที่ 4,สำนักงานสถิติแห่งชาติ,2318,หญิง,พันคน,ภาคกลาง,2566
พระนครศรีอยุธยา,274.3,ไตรมาสที่ 4,สำนักงานสถิติแห่งชาติ,2319,ชาย,พันคน,ภาคกลาง,2566
พระนครศรีอยุธยา,247.7,ไตรมาสที่ 4,สำนักงานสถิติแห่งชาติ,2320,หญิง,พันคน,ภาคกลาง,2566
อ่างทอง,65.5,ไตรมาสที่ 4,สำนักงานสถิติแห่งชาติ,2321,ชาย,พันคน,ภาคกลาง,2566
อ่างทอง,55.8,ไตรมาสที่ 4,สำนักงานสถิติแห่งชาติ,2322,หญิง,พันคน,ภาคกลาง,2566
ลพบุรี,237.8,ไตรมาสที่ 4,สำนักงานสถิติแห่งชาติ,2323,ชาย,พันคน,ภาคกลาง,2566
ลพบุรี,196.6,ไตรมาสที่ 4,สำนักงานสถิติแห่งชาติ,2324,หญิง,พันคน,ภาคกลาง,2566
สิงห์บุรี,56.8,ไตรมาสที่ 4,สำนักงานสถิติแห่งชาติ,2325,ชาย,พันคน,ภาคกลาง,2566
สิงห์บุรี,47.7,ไตรมาสที่ 4,สำนักงานสถิติแห่งชาติ,2326,หญิง,พันคน,ภาคกลาง,2566
ชัยนาท,89.9,ไตรมาสที่ 4,สำนักงานสถิติแห่งชาติ,2327,ชาย,พันคน,ภาคกลาง,2566
ชัยนาท,79.7,ไตรมาสที่ 4,สำนักงานสถิติแห่งชาติ,2328,หญิง,พันคน,ภาคกลาง,2566
สระบุรี,234.1,ไตรมาสที่ 4,สำนักงานสถิติแห่งชาติ,2329,ชาย,พันคน,ภาคกลาง,2566
สระบุรี,185.0,ไตรมาสที่ 4,สำนักงานสถิติแห่งชาติ,2330,หญิง,พันคน,ภาคกลาง,2566
ชลบุรี,662.5,ไตรมาสที่ 4,สำนักงานสถิติแห่งชาติ,2331,ชาย,พันคน,ภาคกลาง,2566
ชลบุรี,567.5,ไตรมาสที่ 4,สำนักงานสถิติแห่งชาติ,2332,หญิง,พันคน,ภาคกลาง,2566
ระยอง,379.8,ไตรมาสที่ 4,สำนักงานสถิติแห่งชาติ,2333,ชาย,พันคน,ภาคกลาง,2566
ระยอง,332.5,ไตรมาสที่ 4,สำนักงานสถิติแห่งชาติ,2334,หญิง,พันคน,ภาคกลาง,2566
จันทบุรี,194.0,ไตรมาสที่ 4,สำนักงานสถิติแห่งชาติ,2335,ชาย,พันคน,ภาคกลาง,2566
จันทบุรี,168.3,ไตรมาสที่ 4,สำนักงานสถิติแห่งชาติ,2336,หญิง,พันคน,ภาคกลาง,2566
ตราด,92.9,ไตรมาสที่ 4,สำนักงานสถิติแห่งชาติ,2337,ชาย,พันคน,ภาคกลาง,2566
ตราด,78.6,ไตรมาสที่ 4,สำนักงานสถิติแห่งชาติ,2338,หญิง,พันคน,ภาคกลาง,2566
ฉะเชิงเทรา,306.0,ไตรมาสที่ 4,สำนักงานสถิติแห่งชาติ,2339,ชาย,พันคน,ภาคกลาง,2566
ฉะเชิงเทรา,258.4,ไตรมาสที่ 4,สำนักงานสถิติแห่งชาติ,2340,หญิง,พันคน,ภาคกลาง,2566
ปราจีนบุรี,207.4,ไตรมาสที่ 4,สำนักงานสถิติแห่งชาติ,2341,ชาย,พันคน,ภาคกลาง,2566
ปราจีนบุรี,184.5,ไตรมาสที่ 4,สำนักงานสถิติแห่งชาติ,2342,หญิง,พันคน,ภาคกลาง,2566
นครนายก,82.4,ไตรมาสที่ 4,สำนักงานสถิติแห่งชาติ,2343,ชาย,พันคน,ภาคกลาง,2566
นครนายก,69.8,ไตรมาสที่ 4,สำนักงานสถิติแห่งชาติ,2344,หญิง,พันคน,ภาคกลาง,2566
สระแก้ว,208.4,ไตรมาสที่ 4,สำนักงานสถิติแห่งชาติ,2345,ชาย,พันคน,ภาคกลาง,2566
สระแก้ว,169.9,ไตรมาสที่ 4,สำนักงานสถิติแห่งชาติ,2346,หญิง,พันคน,ภาคกลาง,2566
ราชบุรี,260.4,ไตรมาสที่ 4,สำนักงานสถิติแห่งชาติ,2347,ชาย,พันคน,ภาคกลาง,2566
ราชบุรี,222.6,ไตรมาสที่ 4,สำนักงานสถิติแห่งชาติ,2348,หญิง,พันคน,ภาคกลาง,2566
กาญจนบุรี,265.3,ไตรมาสที่ 4,สำนักงานสถิติแห่งชาติ,2349,ชาย,พันคน,ภาคกลาง,2566
กาญจนบุรี,228.8,ไตรมาสที่ 4,สำนักงานสถิติแห่งชาติ,2350,หญิง,พันคน,ภาคกลาง,2566
สุพรรณบุรี,271.1,ไตรมาสที่ 4,สำนักงานสถิติแห่งชาติ,2351,ชาย,พันคน,ภาคกลาง,2566
สุพรรณบุรี,218.1,ไตรมาสที่ 4,สำนักงานสถิติแห่งชาติ,2352,หญิง,พันคน,ภาคกลาง,2566
นครปฐม,439.4,ไตรมาสที่ 4,สำนักงานสถิติแห่งชาติ,2353,ชาย,พันคน,ภาคกลาง,2566
นครปฐม,426.8,ไตรมาสที่ 4,สำนักงานสถิติแห่งชาติ,2354,หญิง,พันคน,ภาคกลาง,2566
สมุทรสาคร,400.9,ไตรมาสที่ 4,สำนักงานสถิติแห่งชาติ,2355,ชาย,พันคน,ภาคกลาง,2566
สมุทรสาคร,383.3,ไตรมาสที่ 4,สำนักงานสถิติแห่งชาติ,2356,หญิง,พันคน,ภาคกลาง,2566
สมุทรสงคราม,56.4,ไตรมาสที่ 4,สำนักงานสถิติแห่งชาติ,2357,ชาย,พันคน,ภาคกลาง,2566
สมุทรสงคราม,46.3,ไตรมาสที่ 4,สำนักงานสถิติแห่งชาติ,2358,หญิง,พันคน,ภาคกลาง,2566
เพชรบุรี,160.0,ไตรมาสที่ 4,สำนักงานสถิติแห่งชาติ,2359,ชาย,พันคน,ภาคกลาง,2566
เพชรบุรี,132.0,ไตรมาสที่ 4,สำนักงานสถิติแห่งชาติ,2360,หญิง,พันคน,ภาคกลาง,2566
ประจวบคีรีขันธ์,148.3,ไตรมาสที่ 4,สำนักงานสถิติแห่งชาติ,2361,ชาย,พันคน,ภาคกลาง,2566
ประจวบคีรีขันธ์,122.3,ไตรมาสที่ 4,สำนักงานสถิติแห่งชาติ,2362,หญิง,พันคน,ภาคกลาง,2566
เชียงใหม่,531.6,ไตรมาสที่ 4,สำนักงานสถิติแห่งชาติ,2363,ชาย,พันคน,ภาคเหนือ,2566
เชียงใหม่,485.1,ไตรมาสที่ 4,สำนักงานสถิติแห่งชาติ,2364,หญิง,พันคน,ภาคเหนือ,2566
ลำพูน,118.3,ไตรมาสที่ 4,สำนักงานสถิติแห่งชาติ,2365,ชาย,พันคน,ภาคเหนือ,2566
ลำพูน,113.6,ไตรมาสที่ 4,สำนักงานสถิติแห่งชาติ,2366,หญิง,พันคน,ภาคเหนือ,2566
ลำปาง,198.0,ไตรมาสที่ 4,สำนักงานสถิติแห่งชาติ,2367,ชาย,พันคน,ภาคเหนือ,2566
ลำปาง,164.7,ไตรมาสที่ 4,สำนักงานสถิติแห่งชาติ,2368,หญิง,พันคน,ภาคเหนือ,2566
อุตรดิตถ์,117.4,ไตรมาสที่ 4,สำนักงานสถิติแห่งชาติ,2369,ชาย,พันคน,ภาคเหนือ,2566
อุตรดิตถ์,92.3,ไตรมาสที่ 4,สำนักงานสถิติแห่งชาติ,2370,หญิง,พันคน,ภาคเหนือ,2566
แพร่,104.1,ไตรมาสที่ 4,สำนักงานสถิติแห่งชาติ,2371,ชาย,พันคน,ภาคเหนือ,2566
แพร่,91.6,ไตรมาสที่ 4,สำนักงานสถิติแห่งชาติ,2372,หญิง,พันคน,ภาคเหนือ,2566
น่าน,133.0,ไตรมาสที่ 4,สำนักงานสถิติแห่งชาติ,2373,ชาย,พันคน,ภาคเหนือ,2566
น่าน,123.8,ไตรมาสที่ 4,สำนักงานสถิติแห่งชาติ,2374,หญิง,พันคน,ภาคเหนือ,2566
พะเยา,96.8,ไตรมาสที่ 4,สำนักงานสถิติแห่งชาติ,2375,ชาย,พันคน,ภาคเหนือ,2566
พะเยา,74.2,ไตรมาสที่ 4,สำนักงานสถิติแห่งชาติ,2376,หญิง,พันคน,ภาคเหนือ,2566
เชียงราย,349.3,ไตรมาสที่ 4,สำนักงานสถิติแห่งชาติ,2377,ชาย,พันคน,ภาคเหนือ,2566
เชียงราย,265.2,ไตรมาสที่ 4,สำนักงานสถิติแห่งชาติ,2378,หญิง,พันคน,ภาคเหนือ,2566
แม่ฮ่องสอน,77.6,ไตรมาสที่ 4,สำนักงานสถิติแห่งชาติ,2379,ชาย,พันคน,ภาคเหนือ,2566
แม่ฮ่องสอน,70.7,ไตรมาสที่ 4,สำนักงานสถิติแห่งชาติ,2380,หญิง,พันคน,ภาคเหนือ,2566
นครสวรรค์,257.3,ไตรมาสที่ 4,สำนักงานสถิติแห่งชาติ,2381,ชาย,พันคน,ภาคเหนือ,2566
นครสวรรค์,234.8,ไตรมาสที่ 4,สำนักงานสถิติแห่งชาติ,2382,หญิง,พันคน,ภาคเหนือ,2566
อุทัยธานี,83.0,ไตรมาสที่ 4,สำนักงานสถิติแห่งชาติ,2383,ชาย,พันคน,ภาคเหนือ,2566
อุทัยธานี,73.2,ไตรมาสที่ 4,สำนักงานสถิติแห่งชาติ,2384,หญิง,พันคน,ภาคเหนือ,2566
กำแพงเพชร,231.8,ไตรมาสที่ 4,สำนักงานสถิติแห่งชาติ,2385,ชาย,พันคน,ภาคเหนือ,2566
กำแพงเพชร,205.3,ไตรมาสที่ 4,สำนักงานสถิติแห่งชาติ,2386,หญิง,พันคน,ภาคเหนือ,2566
ตาก,158.9,ไตรมาสที่ 4,สำนักงานสถิติแห่งชาติ,2387,ชาย,พันคน,ภาคเหนือ,2566
ตาก,130.6,ไตรมาสที่ 4,สำนักงานสถิติแห่งชาติ,2388,หญิง,พันคน,ภาคเหนือ,2566
สุโขทัย,187.8,ไตรมาสที่ 4,สำนักงานสถิติแห่งชาติ,2389,ชาย,พันคน,ภาคเหนือ,2566
สุโขทัย,175.8,ไตรมาสที่ 4,สำนักงานสถิติแห่งชาติ,2390,หญิง,พันคน,ภาคเหนือ,2566
พิษณุโลก,272.4,ไตรมาสที่ 4,สำนักงานสถิติแห่งชาติ,2391,ชาย,พันคน,ภาคเหนือ,2566
พิษณุโลก,238.2,ไตรมาสที่ 4,สำนักงานสถิติแห่งชาติ,2392,หญิง,พันคน,ภาคเหนือ,2566
พิจิตร,149.6,ไตรมาสที่ 4,สำนักงานสถิติแห่งชาติ,2393,ชาย,พันคน,ภาคเหนือ,2566
พิจิตร,125.6,ไตรมาสที่ 4,สำนักงานสถิติแห่งชาติ,2394,หญิง,พันคน,ภาคเหนือ,2566
เพชรบูรณ์,256.4,ไตรมาสที่ 4,สำนักงานสถิติแห่งชาติ,2395,ชาย,พันคน,ภาคเหนือ,2566
เพชรบูรณ์,220.6,ไตรมาสที่ 4,สำนักงานสถิติแห่งชาติ,2396,หญิง,พันคน,ภาคเหนือ,2566
นครราชสีมา,694.0,ไตรมาสที่ 4,สำนักงานสถิติแห่งชาติ,2397,ชาย,พันคน,ภาคตะวันออกเฉียงเหนือ,2566
นครราชสีมา,610.9,ไตรมาสที่ 4,สำนักงานสถิติแห่งชาติ,2398,หญิง,พันคน,ภาคตะวันออกเฉียงเหนือ,2566
บุรีรัมย์,357.9,ไตรมาสที่ 4,สำนักงานสถิติแห่งชาติ,2399,ชาย,พันคน,ภาคตะวันออกเฉียงเหนือ,2566
บุรีรัมย์,295.7,ไตรมาสที่ 4,สำนักงานสถิติแห่งชาติ,2400,หญิง,พันคน,ภาคตะวันออกเฉียงเหนือ,2566
สุรินทร์,281.9,ไตรมาสที่ 4,สำนักงานสถิติแห่งชาติ,2401,ชาย,พันคน,ภาคตะวันออกเฉียงเหนือ,2566
สุรินทร์,237.7,ไตรมาสที่ 4,สำนักงานสถิติแห่งชาติ,2402,หญิง,พันคน,ภาคตะวันออกเฉียงเหนือ,2566
ศรีสะเกษ,286.0,ไตรมาสที่ 4,สำนักงานสถิติแห่งชาติ,2403,ชาย,พันคน,ภาคตะวันออกเฉียงเหนือ,2566
ศรีสะเกษ,258.7,ไตรมาสที่ 4,สำนักงานสถิติแห่งชาติ,2404,หญิง,พันคน,ภาคตะวันออกเฉียงเหนือ,2566
อุบลราชธานี,497.6,ไตรมาสที่ 4,สำนักงานสถิติแห่งชาติ,2405,ชาย,พันคน,ภาคตะวันออกเฉียงเหนือ,2566
อุบลราชธานี,374.8,ไตรมาสที่ 4,สำนักงานสถิติแห่งชาติ,2406,หญิง,พันคน,ภาคตะวันออกเฉียงเหนือ,2566
ยโสธร,137.1,ไตรมาสที่ 4,สำนักงานสถิติแห่งชาติ,2407,ชาย,พันคน,ภาคตะวันออกเฉียงเหนือ,2566
ยโสธร,134.7,ไตรมาสที่ 4,สำนักงานสถิติแห่งชาติ,2408,หญิง,พันคน,ภาคตะวันออกเฉียงเหนือ,2566
ชัยภูมิ,264.2,ไตรมาสที่ 4,สำนักงานสถิติแห่งชาติ,2409,ชาย,พันคน,ภาคตะวันออกเฉียงเหนือ,2566
ชัยภูมิ,239.0,ไตรมาสที่ 4,สำนักงานสถิติแห่งชาติ,2410,หญิง,พันคน,ภาคตะวันออกเฉียงเหนือ,2566
อำนาจเจริญ,80.1,ไตรมาสที่ 4,สำนักงานสถิติแห่งชาติ,2411,ชาย,พันคน,ภาคตะวันออกเฉียงเหนือ,2566
อำนาจเจริญ,66.5,ไตรมาสที่ 4,สำนักงานสถิติแห่งชาติ,2412,หญิง,พันคน,ภาคตะวันออกเฉียงเหนือ,2566
บึงกาฬ,103.9,ไตรมาสที่ 4,สำนักงานสถิติแห่งชาติ,2413,ชาย,พันคน,ภาคตะวันออกเฉียงเหนือ,2566
บึงกาฬ,92.9,ไตรมาสที่ 4,สำนักงานสถิติแห่งชาติ,2414,หญิง,พันคน,ภาคตะวันออกเฉียงเหนือ,2566
หนองบัวลำภู,137.5,ไตรมาสที่ 4,สำนักงานสถิติแห่งชาติ,2415,ชาย,พันคน,ภาคตะวันออกเฉียงเหนือ,2566
หนองบัวลำภู,124.7,ไตรมาสที่ 4,สำนักงานสถิติแห่งชาติ,2416,หญิง,พันคน,ภาคตะวันออกเฉียงเหนือ,2566
ขอนแก่น,493.0,ไตรมาสที่ 4,สำนักงานสถิติแห่งชาติ,2417,ชาย,พันคน,ภาคตะวันออกเฉียงเหนือ,2566
ขอนแก่น,452.6,ไตรมาสที่ 4,สำนักงานสถิติแห่งชาติ,2418,หญิง,พันคน,ภาคตะวันออกเฉียงเหนือ,2566
อุดรธานี,347.6,ไตรมาสที่ 4,สำนักงานสถิติแห่งชาติ,2419,ชาย,พันคน,ภาคตะวันออกเฉียงเหนือ,2566
อุดรธานี,275.0,ไตรมาสที่ 4,สำนักงานสถิติแห่งชาติ,2420,หญิง,พันคน,ภาคตะวันออกเฉียงเหนือ,2566
เลย,141.1,ไตรมาสที่ 4,สำนักงานสถิติแห่งชาติ,2421,ชาย,พันคน,ภาคตะวันออกเฉียงเหนือ,2566
เลย,122.7,ไตรมาสที่ 4,สำนักงานสถิติแห่งชาติ,2422,หญิง,พันคน,ภาคตะวันออกเฉียงเหนือ,2566
หนองคาย,122.9,ไตรมาสที่ 4,สำนักงานสถิติแห่งชาติ,2423,ชาย,พันคน,ภาคตะวันออกเฉียงเหนือ,2566
หนองคาย,105.5,ไตรมาสที่ 4,สำนักงานสถิติแห่งชาติ,2424,หญิง,พันคน,ภาคตะวันออกเฉียงเหนือ,2566
มหาสารคาม,220.4,ไตรมาสที่ 4,สำนักงานสถิติแห่งชาติ,2425,ชาย,พันคน,ภาคตะวันออกเฉียงเหนือ,2566
มหาสารคาม,186.2,ไตรมาสที่ 4,สำนักงานสถิติแห่งชาติ,2426,หญิง,พันคน,ภาคตะวันออกเฉียงเหนือ,2566
ร้อยเอ็ด,309.6,ไตรมาสที่ 4,สำนักงานสถิติแห่งชาติ,2427,ชาย,พันคน,ภาคตะวันออกเฉียงเหนือ,2566
ร้อยเอ็ด,256.0,ไตรมาสที่ 4,สำนักงานสถิติแห่งชาติ,2428,หญิง,พันคน,ภาคตะวันออกเฉียงเหนือ,2566
กาฬสินธุ์,218.5,ไตรมาสที่ 4,สำนักงานสถิติแห่งชาติ,2429,ชาย,พันคน,ภาคตะวันออกเฉียงเหนือ,2566
กาฬสินธุ์,171.8,ไตรมาสที่ 4,สำนักงานสถิติแห่งชาติ,2430,หญิง,พันคน,ภาคตะวันออกเฉียงเหนือ,2566
สกลนคร,242.6,ไตรมาสที่ 4,สำนักงานสถิติแห่งชาติ,2431,ชาย,พันคน,ภาคตะวันออกเฉียงเหนือ,2566
สกลนคร,182.4,ไตรมาสที่ 4,สำนักงานสถิติแห่งชาติ,2432,หญิง,พันคน,ภาคตะวันออกเฉียงเหนือ,2566
นครพนม,146.7,ไตรมาสที่ 4,สำนักงานสถิติแห่งชาติ,2433,ชาย,พันคน,ภาคตะวันออกเฉียงเหนือ,2566
นครพนม,130.8,ไตรมาสที่ 4,สำนักงานสถิติแห่งชาติ,2434,หญิง,พันคน,ภาคตะวันออกเฉียงเหนือ,2566
มุกดาหาร,129.5,ไตรมาสที่ 4,สำนักงานสถิติแห่งชาติ,2435,ชาย,พันคน,ภาคตะวันออกเฉียงเหนือ,2566
มุกดาหาร,115.4,ไตรมาสที่ 4,สำนักงานสถิติแห่งชาติ,2436,หญิง,พันคน,ภาคตะวันออกเฉียงเหนือ,2566
นครศรีธรรมราช,460.2,ไตรมาสที่ 4,สำนักงานสถิติแห่งชาติ,2437,ชาย,พันคน,ภาคใต้,2566
นครศรีธรรมราช,348.7,ไตรมาสที่ 4,สำนักงานสถิติแห่งชาติ,2438,หญิง,พันคน,ภาคใต้,2566
กระบี่,135.7,ไตรมาสที่ 4,สำนักงานสถิติแห่งชาติ,2439,ชาย,พันคน,ภาคใต้,2566
กระบี่,112.8,ไตรมาสที่ 4,สำนักงานสถิติแห่งชาติ,2440,หญิง,พันคน,ภาคใต้,2566
พังงา,73.7,ไตรมาสที่ 4,สำนักงานสถิติแห่งชาติ,2441,ชาย,พันคน,ภาคใต้,2566
พังงา,55.9,ไตรมาสที่ 4,สำนักงานสถิติแห่งชาติ,2442,หญิง,พันคน,ภาคใต้,2566
ภูเก็ต,181.2,ไตรมาสที่ 4,สำนักงานสถิติแห่งชาติ,2443,ชาย,พันคน,ภาคใต้,2566
ภูเก็ต,159.2,ไตรมาสที่ 4,สำนักงานสถิติแห่งชาติ,2444,หญิง,พันคน,ภาคใต้,2566
สุราษฏร์ธานี,375.5,ไตรมาสที่ 4,สำนักงานสถิติแห่งชาติ,2445,ชาย,พันคน,ภาคใต้,2566
สุราษฏร์ธานี,296.6,ไตรมาสที่ 4,สำนักงานสถิติแห่งชาติ,2446,หญิง,พันคน,ภาคใต้,2566
ระนอง,94.2,ไตรมาสที่ 4,สำนักงานสถิติแห่งชาติ,2447,ชาย,พันคน,ภาคใต้,2566
ระนอง,62.5,ไตรมาสที่ 4,สำนักงานสถิติแห่งชาติ,2448,หญิง,พันคน,ภาคใต้,2566
ชุมพร,162.1,ไตรมาสที่ 4,สำนักงานสถิติแห่งชาติ,2449,ชาย,พันคน,ภาคใต้,2566
ชุมพร,135.7,ไตรมาสที่ 4,สำนักงานสถิติแห่งชาติ,2450,หญิง,พันคน,ภาคใต้,2566
สงขลา,488.2,ไตรมาสที่ 4,สำนักงานสถิติแห่งชาติ,2451,ชาย,พันคน,ภาคใต้,2566
สงขลา,422.4,ไตรมาสที่ 4,สำนักงานสถิติแห่งชาติ,2452,หญิง,พันคน,ภาคใต้,2566
สตูล,91.6,ไตรมาสที่ 4,สำนักงานสถิติแห่งชาติ,2453,ชาย,พันคน,ภาคใต้,2566
สตูล,68.0,ไตรมาสที่ 4,สำนักงานสถิติแห่งชาติ,2454,หญิง,พันคน,ภาคใต้,2566
ตรัง,193.1,ไตรมาสที่ 4,สำนักงานสถิติแห่งชาติ,2455,ชาย,พันคน,ภาคใต้,2566
ตรัง,172.2,ไตรมาสที่ 4,สำนักงานสถิติแห่งชาติ,2456,หญิง,พันคน,ภาคใต้,2566
พัทลุง,147.2,ไตรมาสที่ 4,สำนักงานสถิติแห่งชาติ,2457,ชาย,พันคน,ภาคใต้,2566
พัทลุง,127.8,ไตรมาสที่ 4,สำนักงานสถิติแห่งชาติ,2458,หญิง,พันคน,ภาคใต้,2566
ปัตตานี,197.7,ไตรมาสที่ 4,สำนักงานสถิติแห่งชาติ,2459,ชาย,พันคน,ภาคใต้,2566
ปัตตานี,154.6,ไตรมาสที่ 4,สำนักงานสถิติแห่งชาติ,2460,หญิง,พันคน,ภาคใต้,2566
ยะลา,147.6,ไตรมาสที่ 4,สำนักงานสถิติแห่งชาติ,2461,ชาย,พันคน,ภาคใต้,2566
ยะลา,118.2,ไตรมาสที่ 4,สำนักงานสถิติแห่งชาติ,2462,หญิง,พันคน,ภาคใต้,2566
นราธิวาส,210.8,ไตรมาสที่ 4,สำนักงานสถิติแห่งชาติ,2463,ชาย,พันคน,ภาคใต้,2566
นราธิวาส,151.2,ไตรมาสที่ 4,สำนักงานสถิติแห่งชาติ,2464,หญิง,พันคน,ภาคใต้,2566
