﻿year,work_status,quarter,_id,region,value,unit,source
2565,นายจ้าง,ไตรมาสที่ 3,1,ภาคใต้,194.8,พันคน,สำนักงานสถิติแห่งชาติ
2565,ลูกจ้างรัฐบาล,ไตรมาสที่ 3,2,ภาคใต้,544.0,พันคน,สำนักงานสถิติแห่งชาติ
2565,ลูกจ้างเอกชน,ไตรมาสที่ 3,3,ภาคใต้,1759.3,พันคน,สำนักงานสถิติแห่งชาติ
2565,ทำงานส่วนตัว,ไตรมาสที่ 3,4,ภาคใต้,1876.7,พันคน,สำนักงานสถิติแห่งชาติ
2565,ช่วยธุรกิจครอบครัว,ไตรมาสที่ 3,5,ภาคใต้,839.7,พันคน,สำนักงานสถิติแห่งชาติ
2565,การรวมกลุ่ม,ไตรมาสที่ 3,6,ภาคใต้,1.6,พันคน,สำนักงานสถิติแห่งชาติ
2565,นายจ้าง,ไตรมาสที่ 4,7,กรุงเทพมหานคร,152.5,พันคน,สำนักงานสถิติแห่งชาติ
2565,ลูกจ้างรัฐบาล,ไตรมาสที่ 4,8,กรุงเทพมหานคร,544.9,พันคน,สำนักงานสถิติแห่งชาติ
2565,ลูกจ้างเอกชน,ไตรมาสที่ 4,9,กรุงเทพมหานคร,3366.5,พันคน,สำนักงานสถิติแห่งชาติ
2565,ทำงานส่วนตัว,ไตรมาสที่ 4,10,กรุงเทพมหานคร,1298.5,พันคน,สำนักงานสถิติแห่งชาติ
2565,ช่วยธุรกิจครอบครัว,ไตรมาสที่ 4,11,กรุงเทพมหานคร,328.4,พันคน,สำนักงานสถิติแห่งชาติ
2565,การรวมกลุ่ม,ไตรมาสที่ 4,12,กรุงเทพมหานคร,1.9,พันคน,สำนักงานสถิติแห่งชาติ
2565,นายจ้าง,ไตรมาสที่ 4,13,ภาคกลาง,334.7,พันคน,สำนักงานสถิติแห่งชาติ
2565,ลูกจ้างรัฐบาล,ไตรมาสที่ 4,14,ภาคกลาง,1095.4,พันคน,สำนักงานสถิติแห่งชาติ
2565,ลูกจ้างเอกชน,ไตรมาสที่ 4,15,ภาคกลาง,6827.5,พันคน,สำนักงานสถิติแห่งชาติ
2565,ทำงานส่วนตัว,ไตรมาสที่ 4,16,ภาคกลาง,3303.3,พันคน,สำนักงานสถิติแห่งชาติ
2565,ช่วยธุรกิจครอบครัว,ไตรมาสที่ 4,17,ภาคกลาง,1351.2,พันคน,สำนักงานสถิติแห่งชาติ
2565,การรวมกลุ่ม,ไตรมาสที่ 4,18,ภาคกลาง,3.7,พันคน,สำนักงานสถิติแห่งชาติ
2565,นายจ้าง,ไตรมาสที่ 4,19,ภาคเหนือ,95.7,พันคน,สำนักงานสถิติแห่งชาติ
2565,ลูกจ้างรัฐบาล,ไตรมาสที่ 4,20,ภาคเหนือ,647.6,พันคน,สำนักงานสถิติแห่งชาติ
2565,ลูกจ้างเอกชน,ไตรมาสที่ 4,21,ภาคเหนือ,1298.7,พันคน,สำนักงานสถิติแห่งชาติ
2565,ทำงานส่วนตัว,ไตรมาสที่ 4,22,ภาคเหนือ,2762.5,พันคน,สำนักงานสถิติแห่งชาติ
2565,ช่วยธุรกิจครอบครัว,ไตรมาสที่ 4,23,ภาคเหนือ,1416.9,พันคน,สำนักงานสถิติแห่งชาติ
2565,การรวมกลุ่ม,ไตรมาสที่ 4,24,ภาคเหนือ,0.4,พันคน,สำนักงานสถิติแห่งชาติ
2565,นายจ้าง,ไตรมาสที่ 4,25,ภาคตะวันออกเฉียงเหนือ,95.6,พันคน,สำนักงานสถิติแห่งชาติ
2565,ลูกจ้างรัฐบาล,ไตรมาสที่ 4,26,ภาคตะวันออกเฉียงเหนือ,943.0,พันคน,สำนักงานสถิติแห่งชาติ
2565,ลูกจ้างเอกชน,ไตรมาสที่ 4,27,ภาคตะวันออกเฉียงเหนือ,1748.9,พันคน,สำนักงานสถิติแห่งชาติ
2565,ทำงานส่วนตัว,ไตรมาสที่ 4,28,ภาคตะวันออกเฉียงเหนือ,4235.3,พันคน,สำนักงานสถิติแห่งชาติ
2565,ช่วยธุรกิจครอบครัว,ไตรมาสที่ 4,29,ภาคตะวันออกเฉียงเหนือ,2417.5,พันคน,สำนักงานสถิติแห่งชาติ
2565,การรวมกลุ่ม,ไตรมาสที่ 4,30,ภาคตะวันออกเฉียงเหนือ,29.6,พันคน,สำนักงานสถิติแห่งชาติ
2565,นายจ้าง,ไตรมาสที่ 4,31,ภาคใต้,197.8,พันคน,สำนักงานสถิติแห่งชาติ
2565,ลูกจ้างรัฐบาล,ไตรมาสที่ 4,32,ภาคใต้,547.2,พันคน,สำนักงานสถิติแห่งชาติ
2565,ลูกจ้างเอกชน,ไตรมาสที่ 4,33,ภาคใต้,1882.3,พันคน,สำนักงานสถิติแห่งชาติ
2565,ทำงานส่วนตัว,ไตรมาสที่ 4,34,ภาคใต้,1873.7,พันคน,สำนักงานสถิติแห่งชาติ
2565,ช่วยธุรกิจครอบครัว,ไตรมาสที่ 4,35,ภาคใต้,776.9,พันคน,สำนักงานสถิติแห่งชาติ
2565,การรวมกลุ่ม,ไตรมาสที่ 4,36,ภาคใต้,13.5,พันคน,สำนักงานสถิติแห่งชาติ
2566,นายจ้าง,ไตรมาสที่ 1,37,กรุงเทพมหานคร,196.8,พันคน,สำนักงานสถิติแห่งชาติ
2566,ลูกจ้างรัฐบาล,ไตรมาสที่ 1,38,กรุงเทพมหานคร,545.0,พันคน,สำนักงานสถิติแห่งชาติ
2566,ลูกจ้างเอกชน,ไตรมาสที่ 1,39,กรุงเทพมหานคร,3435.8,พันคน,สำนักงานสถิติแห่งชาติ
2566,ทำงานส่วนตัว,ไตรมาสที่ 1,40,กรุงเทพมหานคร,1258.4,พันคน,สำนักงานสถิติแห่งชาติ
2566,ช่วยธุรกิจครอบครัว,ไตรมาสที่ 1,41,กรุงเทพมหานคร,318.6,พันคน,สำนักงานสถิติแห่งชาติ
2566,การรวมกลุ่ม,ไตรมาสที่ 1,42,กรุงเทพมหานคร,1.2,พันคน,สำนักงานสถิติแห่งชาติ
2566,นายจ้าง,ไตรมาสที่ 1,43,ภาคกลาง,367.5,พันคน,สำนักงานสถิติแห่งชาติ
2566,ลูกจ้างรัฐบาล,ไตรมาสที่ 1,44,ภาคกลาง,1148.8,พันคน,สำนักงานสถิติแห่งชาติ
2566,ลูกจ้างเอกชน,ไตรมาสที่ 1,45,ภาคกลาง,6728.3,พันคน,สำนักงานสถิติแห่งชาติ
2566,ทำงานส่วนตัว,ไตรมาสที่ 1,46,ภาคกลาง,3495.5,พันคน,สำนักงานสถิติแห่งชาติ
2566,ช่วยธุรกิจครอบครัว,ไตรมาสที่ 1,47,ภาคกลาง,1391.7,พันคน,สำนักงานสถิติแห่งชาติ
2566,การรวมกลุ่ม,ไตรมาสที่ 1,48,ภาคกลาง,1.6,พันคน,สำนักงานสถิติแห่งชาติ
2566,นายจ้าง,ไตรมาสที่ 1,49,ภาคเหนือ,103.1,พันคน,สำนักงานสถิติแห่งชาติ
2566,ลูกจ้างรัฐบาล,ไตรมาสที่ 1,50,ภาคเหนือ,630.2,พันคน,สำนักงานสถิติแห่งชาติ
2566,ลูกจ้างเอกชน,ไตรมาสที่ 1,51,ภาคเหนือ,1340.9,พันคน,สำนักงานสถิติแห่งชาติ
2566,ทำงานส่วนตัว,ไตรมาสที่ 1,52,ภาคเหนือ,2823.0,พันคน,สำนักงานสถิติแห่งชาติ
2566,ช่วยธุรกิจครอบครัว,ไตรมาสที่ 1,53,ภาคเหนือ,1344.5,พันคน,สำนักงานสถิติแห่งชาติ
2566,การรวมกลุ่ม,ไตรมาสที่ 1,54,ภาคเหนือ,1.3,พันคน,สำนักงานสถิติแห่งชาติ
2566,นายจ้าง,ไตรมาสที่ 1,55,ภาคตะวันออกเฉียงเหนือ,130.2,พันคน,สำนักงานสถิติแห่งชาติ
2566,ลูกจ้างรัฐบาล,ไตรมาสที่ 1,56,ภาคตะวันออกเฉียงเหนือ,935.6,พันคน,สำนักงานสถิติแห่งชาติ
2566,ลูกจ้างเอกชน,ไตรมาสที่ 1,57,ภาคตะวันออกเฉียงเหนือ,2032.5,พันคน,สำนักงานสถิติแห่งชาติ
2566,ทำงานส่วนตัว,ไตรมาสที่ 1,58,ภาคตะวันออกเฉียงเหนือ,4025.1,พันคน,สำนักงานสถิติแห่งชาติ
2566,ช่วยธุรกิจครอบครัว,ไตรมาสที่ 1,59,ภาคตะวันออกเฉียงเหนือ,1935.0,พันคน,สำนักงานสถิติแห่งชาติ
2566,การรวมกลุ่ม,ไตรมาสที่ 1,60,ภาคตะวันออกเฉียงเหนือ,37.7,พันคน,สำนักงานสถิติแห่งชาติ
2566,นายจ้าง,ไตรมาสที่ 1,61,ภาคใต้,231.2,พันคน,สำนักงานสถิติแห่งชาติ
2566,ลูกจ้างรัฐบาล,ไตรมาสที่ 1,62,ภาคใต้,512.8,พันคน,สำนักงานสถิติแห่งชาติ
2566,ลูกจ้างเอกชน,ไตรมาสที่ 1,63,ภาคใต้,1980.4,พันคน,สำนักงานสถิติแห่งชาติ
2566,ทำงานส่วนตัว,ไตรมาสที่ 1,64,ภาคใต้,1863.0,พันคน,สำนักงานสถิติแห่งชาติ
2566,ช่วยธุรกิจครอบครัว,ไตรมาสที่ 1,65,ภาคใต้,805.1,พันคน,สำนักงานสถิติแห่งชาติ
2566,การรวมกลุ่ม,ไตรมาสที่ 1,66,ภาคใต้,8.3,พันคน,สำนักงานสถิติแห่งชาติ
2566,นายจ้าง,ไตรมาสที่ 2,67,กรุงเทพมหานคร,180.6,พันคน,สำนักงานสถิติแห่งชาติ
2566,ลูกจ้างรัฐบาล,ไตรมาสที่ 2,68,กรุงเทพมหานคร,550.9,พันคน,สำนักงานสถิติแห่งชาติ
2566,ลูกจ้างเอกชน,ไตรมาสที่ 2,69,กรุงเทพมหานคร,3467.3,พันคน,สำนักงานสถิติแห่งชาติ
2566,ทำงานส่วนตัว,ไตรมาสที่ 2,70,กรุงเทพมหานคร,1244.8,พันคน,สำนักงานสถิติแห่งชาติ
2566,ช่วยธุรกิจครอบครัว,ไตรมาสที่ 2,71,กรุงเทพมหานคร,293.9,พันคน,สำนักงานสถิติแห่งชาติ
2566,การรวมกลุ่ม,ไตรมาสที่ 2,72,กรุงเทพมหานคร,0.0,พันคน,สำนักงานสถิติแห่งชาติ
2566,นายจ้าง,ไตรมาสที่ 2,73,ภาคกลาง,356.6,พันคน,สำนักงานสถิติแห่งชาติ
2566,ลูกจ้างรัฐบาล,ไตรมาสที่ 2,74,ภาคกลาง,1103.8,พันคน,สำนักงานสถิติแห่งชาติ
2566,ลูกจ้างเอกชน,ไตรมาสที่ 2,75,ภาคกลาง,6826.9,พันคน,สำนักงานสถิติแห่งชาติ
2566,ทำงานส่วนตัว,ไตรมาสที่ 2,76,ภาคกลาง,3438.0,พันคน,สำนักงานสถิติแห่งชาติ
2566,ช่วยธุรกิจครอบครัว,ไตรมาสที่ 2,77,ภาคกลาง,1457.5,พันคน,สำนักงานสถิติแห่งชาติ
2566,การรวมกลุ่ม,ไตรมาสที่ 2,78,ภาคกลาง,0.2,พันคน,สำนักงานสถิติแห่งชาติ
2566,นายจ้าง,ไตรมาสที่ 2,79,ภาคเหนือ,94.9,พันคน,สำนักงานสถิติแห่งชาติ
2566,ลูกจ้างรัฐบาล,ไตรมาสที่ 2,80,ภาคเหนือ,605.8,พันคน,สำนักงานสถิติแห่งชาติ
2566,ลูกจ้างเอกชน,ไตรมาสที่ 2,81,ภาคเหนือ,1372.9,พันคน,สำนักงานสถิติแห่งชาติ
2566,ทำงานส่วนตัว,ไตรมาสที่ 2,82,ภาคเหนือ,2718.5,พันคน,สำนักงานสถิติแห่งชาติ
2566,ช่วยธุรกิจครอบครัว,ไตรมาสที่ 2,83,ภาคเหนือ,1341.9,พันคน,สำนักงานสถิติแห่งชาติ
2566,การรวมกลุ่ม,ไตรมาสที่ 2,84,ภาคเหนือ,2.1,พันคน,สำนักงานสถิติแห่งชาติ
2566,นายจ้าง,ไตรมาสที่ 2,85,ภาคตะวันออกเฉียงเหนือ,106.0,พันคน,สำนักงานสถิติแห่งชาติ
2566,ลูกจ้างรัฐบาล,ไตรมาสที่ 2,86,ภาคตะวันออกเฉียงเหนือ,932.0,พันคน,สำนักงานสถิติแห่งชาติ
2566,ลูกจ้างเอกชน,ไตรมาสที่ 2,87,ภาคตะวันออกเฉียงเหนือ,1806.5,พันคน,สำนักงานสถิติแห่งชาติ
2566,ทำงานส่วนตัว,ไตรมาสที่ 2,88,ภาคตะวันออกเฉียงเหนือ,4221.2,พันคน,สำนักงานสถิติแห่งชาติ
2566,ช่วยธุรกิจครอบครัว,ไตรมาสที่ 2,89,ภาคตะวันออกเฉียงเหนือ,2205.5,พันคน,สำนักงานสถิติแห่งชาติ
2566,การรวมกลุ่ม,ไตรมาสที่ 2,90,ภาคตะวันออกเฉียงเหนือ,37.7,พันคน,สำนักงานสถิติแห่งชาติ
2566,นายจ้าง,ไตรมาสที่ 2,91,ภาคใต้,198.4,พันคน,สำนักงานสถิติแห่งชาติ
2566,ลูกจ้างรัฐบาล,ไตรมาสที่ 2,92,ภาคใต้,521.0,พันคน,สำนักงานสถิติแห่งชาติ
2566,ลูกจ้างเอกชน,ไตรมาสที่ 2,93,ภาคใต้,1909.9,พันคน,สำนักงานสถิติแห่งชาติ
2566,ทำงานส่วนตัว,ไตรมาสที่ 2,94,ภาคใต้,1876.4,พันคน,สำนักงานสถิติแห่งชาติ
2566,ช่วยธุรกิจครอบครัว,ไตรมาสที่ 2,95,ภาคใต้,801.6,พันคน,สำนักงานสถิติแห่งชาติ
2566,การรวมกลุ่ม,ไตรมาสที่ 2,96,ภาคใต้,4.5,พันคน,สำนักงานสถิติแห่งชาติ
2566,นายจ้าง,ไตรมาสที่ 3,97,กรุงเทพมหานคร,172.7,พันคน,สำนักงานสถิติแห่งชาติ
2566,ลูกจ้างรัฐบาล,ไตรมาสที่ 3,98,กรุงเทพมหานคร,487.7,พันคน,สำนักงานสถิติแห่งชาติ
2566,ลูกจ้างเอกชน,ไตรมาสที่ 3,99,กรุงเทพมหานคร,3427.3,พันคน,สำนักงานสถิติแห่งชาติ
2566,ทำงานส่วนตัว,ไตรมาสที่ 3,100,กรุงเทพมหานคร,1271.4,พันคน,สำนักงานสถิติแห่งชาติ
2566,ช่วยธุรกิจครอบครัว,ไตรมาสที่ 3,101,กรุงเทพมหานคร,293.1,พันคน,สำนักงานสถิติแห่งชาติ
2566,การรวมกลุ่ม,ไตรมาสที่ 3,102,กรุงเทพมหานคร,0.0,พันคน,สำนักงานสถิติแห่งชาติ
2566,นายจ้าง,ไตรมาสที่ 3,103,ภาคกลาง,323.7,พันคน,สำนักงานสถิติแห่งชาติ
2566,ลูกจ้างรัฐบาล,ไตรมาสที่ 3,104,ภาคกลาง,1052.3,พันคน,สำนักงานสถิติแห่งชาติ
2566,ลูกจ้างเอกชน,ไตรมาสที่ 3,105,ภาคกลาง,7014.5,พันคน,สำนักงานสถิติแห่งชาติ
2566,ทำงานส่วนตัว,ไตรมาสที่ 3,106,ภาคกลาง,3449.0,พันคน,สำนักงานสถิติแห่งชาติ
2566,ช่วยธุรกิจครอบครัว,ไตรมาสที่ 3,107,ภาคกลาง,1367.2,พันคน,สำนักงานสถิติแห่งชาติ
2566,การรวมกลุ่ม,ไตรมาสที่ 3,108,ภาคกลาง,1.8,พันคน,สำนักงานสถิติแห่งชาติ
2566,นายจ้าง,ไตรมาสที่ 3,109,ภาคเหนือ,102.3,พันคน,สำนักงานสถิติแห่งชาติ
2566,ลูกจ้างรัฐบาล,ไตรมาสที่ 3,110,ภาคเหนือ,624.3,พันคน,สำนักงานสถิติแห่งชาติ
2566,ลูกจ้างเอกชน,ไตรมาสที่ 3,111,ภาคเหนือ,1332.0,พันคน,สำนักงานสถิติแห่งชาติ
2566,ทำงานส่วนตัว,ไตรมาสที่ 3,112,ภาคเหนือ,2764.8,พันคน,สำนักงานสถิติแห่งชาติ
2566,ช่วยธุรกิจครอบครัว,ไตรมาสที่ 3,113,ภาคเหนือ,1397.1,พันคน,สำนักงานสถิติแห่งชาติ
2566,การรวมกลุ่ม,ไตรมาสที่ 3,114,ภาคเหนือ,1.4,พันคน,สำนักงานสถิติแห่งชาติ
2566,นายจ้าง,ไตรมาสที่ 3,115,ภาคตะวันออกเฉียงเหนือ,92.0,พันคน,สำนักงานสถิติแห่งชาติ
2566,ลูกจ้างรัฐบาล,ไตรมาสที่ 3,116,ภาคตะวันออกเฉียงเหนือ,861.2,พันคน,สำนักงานสถิติแห่งชาติ
2566,ลูกจ้างเอกชน,ไตรมาสที่ 3,117,ภาคตะวันออกเฉียงเหนือ,1603.0,พันคน,สำนักงานสถิติแห่งชาติ
2566,ทำงานส่วนตัว,ไตรมาสที่ 3,118,ภาคตะวันออกเฉียงเหนือ,4499.0,พันคน,สำนักงานสถิติแห่งชาติ
2566,ช่วยธุรกิจครอบครัว,ไตรมาสที่ 3,119,ภาคตะวันออกเฉียงเหนือ,2641.2,พันคน,สำนักงานสถิติแห่งชาติ
2566,การรวมกลุ่ม,ไตรมาสที่ 3,120,ภาคตะวันออกเฉียงเหนือ,15.9,พันคน,สำนักงานสถิติแห่งชาติ
2566,นายจ้าง,ไตรมาสที่ 3,121,ภาคใต้,213.9,พันคน,สำนักงานสถิติแห่งชาติ
2566,ลูกจ้างรัฐบาล,ไตรมาสที่ 3,122,ภาคใต้,508.0,พันคน,สำนักงานสถิติแห่งชาติ
2566,ลูกจ้างเอกชน,ไตรมาสที่ 3,123,ภาคใต้,1903.8,พันคน,สำนักงานสถิติแห่งชาติ
2566,ทำงานส่วนตัว,ไตรมาสที่ 3,124,ภาคใต้,1855.5,พันคน,สำนักงานสถิติแห่งชาติ
2566,ช่วยธุรกิจครอบครัว,ไตรมาสที่ 3,125,ภาคใต้,812.4,พันคน,สำนักงานสถิติแห่งชาติ
2566,การรวมกลุ่ม,ไตรมาสที่ 3,126,ภาคใต้,2.9,พันคน,สำนักงานสถิติแห่งชาติ
2566,นายจ้าง,ไตรมาสที่ 4,127,กรุงเทพมหานคร,184.5,พันคน,สำนักงานสถิติแห่งชาติ
2566,ลูกจ้างรัฐบาล,ไตรมาสที่ 4,128,กรุงเทพมหานคร,510.6,พันคน,สำนักงานสถิติแห่งชาติ
2566,ลูกจ้างเอกชน,ไตรมาสที่ 4,129,กรุงเทพมหานคร,3485.3,พันคน,สำนักงานสถิติแห่งชาติ
2566,ทำงานส่วนตัว,ไตรมาสที่ 4,130,กรุงเทพมหานคร,1255.0,พันคน,สำนักงานสถิติแห่งชาติ
2566,ช่วยธุรกิจครอบครัว,ไตรมาสที่ 4,131,กรุงเทพมหานคร,284.6,พันคน,สำนักงานสถิติแห่งชาติ
2566,การรวมกลุ่ม,ไตรมาสที่ 4,132,กรุงเทพมหานคร,1.2,พันคน,สำนักงานสถิติแห่งชาติ
2566,นายจ้าง,ไตรมาสที่ 4,133,ภาคกลาง,332.4,พันคน,สำนักงานสถิติแห่งชาติ
2566,ลูกจ้างรัฐบาล,ไตรมาสที่ 4,134,ภาคกลาง,1115.7,พันคน,สำนักงานสถิติแห่งชาติ
2566,ลูกจ้างเอกชน,ไตรมาสที่ 4,135,ภาคกลาง,6915.6,พันคน,สำนักงานสถิติแห่งชาติ
2566,ทำงานส่วนตัว,ไตรมาสที่ 4,136,ภาคกลาง,3535.4,พันคน,สำนักงานสถิติแห่งชาติ
2566,ช่วยธุรกิจครอบครัว,ไตรมาสที่ 4,137,ภาคกลาง,1430.6,พันคน,สำนักงานสถิติแห่งชาติ
2566,การรวมกลุ่ม,ไตรมาสที่ 4,138,ภาคกลาง,0.2,พันคน,สำนักงานสถิติแห่งชาติ
2566,นายจ้าง,ไตรมาสที่ 4,139,ภาคเหนือ,110.7,พันคน,สำนักงานสถิติแห่งชาติ
2566,ลูกจ้างรัฐบาล,ไตรมาสที่ 4,140,ภาคเหนือ,627.5,พันคน,สำนักงานสถิติแห่งชาติ
2566,ลูกจ้างเอกชน,ไตรมาสที่ 4,141,ภาคเหนือ,1313.8,พันคน,สำนักงานสถิติแห่งชาติ
2566,ทำงานส่วนตัว,ไตรมาสที่ 4,142,ภาคเหนือ,2754.0,พันคน,สำนักงานสถิติแห่งชาติ
2566,ช่วยธุรกิจครอบครัว,ไตรมาสที่ 4,143,ภาคเหนือ,1401.2,พันคน,สำนักงานสถิติแห่งชาติ
2566,การรวมกลุ่ม,ไตรมาสที่ 4,144,ภาคเหนือ,1.2,พันคน,สำนักงานสถิติแห่งชาติ
2566,นายจ้าง,ไตรมาสที่ 4,145,ภาคตะวันออกเฉียงเหนือ,107.3,พันคน,สำนักงานสถิติแห่งชาติ
2566,ลูกจ้างรัฐบาล,ไตรมาสที่ 4,146,ภาคตะวันออกเฉียงเหนือ,915.7,พันคน,สำนักงานสถิติแห่งชาติ
2566,ลูกจ้างเอกชน,ไตรมาสที่ 4,147,ภาคตะวันออกเฉียงเหนือ,1781.9,พันคน,สำนักงานสถิติแห่งชาติ
2566,ทำงานส่วนตัว,ไตรมาสที่ 4,148,ภาคตะวันออกเฉียงเหนือ,4347.0,พันคน,สำนักงานสถิติแห่งชาติ
2566,ช่วยธุรกิจครอบครัว,ไตรมาสที่ 4,149,ภาคตะวันออกเฉียงเหนือ,2474.7,พันคน,สำนักงานสถิติแห่งชาติ
2566,การรวมกลุ่ม,ไตรมาสที่ 4,150,ภาคตะวันออกเฉียงเหนือ,19.3,พันคน,สำนักงานสถิติแห่งชาติ
2566,นายจ้าง,ไตรมาสที่ 4,151,ภาคใต้,194.8,พันคน,สำนักงานสถิติแห่งชาติ
2566,ลูกจ้างรัฐบาล,ไตรมาสที่ 4,152,ภาคใต้,524.7,พันคน,สำนักงานสถิติแห่งชาติ
2566,ลูกจ้างเอกชน,ไตรมาสที่ 4,153,ภาคใต้,1937.8,พันคน,สำนักงานสถิติแห่งชาติ
2566,ทำงานส่วนตัว,ไตรมาสที่ 4,154,ภาคใต้,1893.3,พันคน,สำนักงานสถิติแห่งชาติ
2566,ช่วยธุรกิจครอบครัว,ไตรมาสที่ 4,155,ภาคใต้,791.4,พันคน,สำนักงานสถิติแห่งชาติ
2566,การรวมกลุ่ม,ไตรมาสที่ 4,156,ภาคใต้,2.6,พันคน,สำนักงานสถิติแห่งชาติ
2568,1. นายจ้าง,ไตรมาสที่ 1/2568,157,1) กรุงเทพมหานคร,201.0,พันคน,สำนักงานสถิติแห่งชาติ
2568,2. ลูกจ้างรัฐบาล,ไตรมาสที่ 1/2568,158,1) กรุงเทพมหานคร,474.1,พันคน,สำนักงานสถิติแห่งชาติ
2568,3. ลูกจ้างเอกชน,ไตรมาสที่ 1/2568,159,1) กรุงเทพมหานคร,3414.4,พันคน,สำนักงานสถิติแห่งชาติ
2568,4. ทำงานส่วนตัว,ไตรมาสที่ 1/2568,160,1) กรุงเทพมหานคร,1341.8,พันคน,สำนักงานสถิติแห่งชาติ
2568,5. ช่วยธุรกิจครอบครัว,ไตรมาสที่ 1/2568,161,1) กรุงเทพมหานคร,310.2,พันคน,สำนักงานสถิติแห่งชาติ
2568,1. นายจ้าง,ไตรมาสที่ 1/2568,162,2) กลาง,230.2,พันคน,สำนักงานสถิติแห่งชาติ
2568,2. ลูกจ้างรัฐบาล,ไตรมาสที่ 1/2568,163,2) กลาง,808.3,พันคน,สำนักงานสถิติแห่งชาติ
2568,3. ลูกจ้างเอกชน,ไตรมาสที่ 1/2568,164,2) กลาง,5249.1,พันคน,สำนักงานสถิติแห่งชาติ
2568,4. ทำงานส่วนตัว,ไตรมาสที่ 1/2568,165,2) กลาง,2314.5,พันคน,สำนักงานสถิติแห่งชาติ
2568,5. ช่วยธุรกิจครอบครัว,ไตรมาสที่ 1/2568,166,2) กลาง,879.1,พันคน,สำนักงานสถิติแห่งชาติ
2568,1. นายจ้าง,ไตรมาสที่ 1/2568,167,3) ใต้,198.5,พันคน,สำนักงานสถิติแห่งชาติ
2568,2. ลูกจ้างรัฐบาล,ไตรมาสที่ 1/2568,168,3) ใต้,415.0,พันคน,สำนักงานสถิติแห่งชาติ
2568,3. ลูกจ้างเอกชน,ไตรมาสที่ 1/2568,169,3) ใต้,1355.1,พันคน,สำนักงานสถิติแห่งชาติ
2568,4. ทำงานส่วนตัว,ไตรมาสที่ 1/2568,170,3) ใต้,1708.3,พันคน,สำนักงานสถิติแห่งชาติ
2568,5. ช่วยธุรกิจครอบครัว,ไตรมาสที่ 1/2568,171,3) ใต้,705.0,พันคน,สำนักงานสถิติแห่งชาติ
2568,6. การรวมกลุ่ม,ไตรมาสที่ 1/2568,172,3) ใต้,1.6,พันคน,สำนักงานสถิติแห่งชาติ
2568,1. นายจ้าง,ไตรมาสที่ 1/2568,173,4) ใต้ชายแดน,17.4,พันคน,สำนักงานสถิติแห่งชาติ
2568,2. ลูกจ้างรัฐบาล,ไตรมาสที่ 1/2568,174,4) ใต้ชายแดน,145.4,พันคน,สำนักงานสถิติแห่งชาติ
2568,3. ลูกจ้างเอกชน,ไตรมาสที่ 1/2568,175,4) ใต้ชายแดน,328.1,พันคน,สำนักงานสถิติแห่งชาติ
2568,4. ทำงานส่วนตัว,ไตรมาสที่ 1/2568,176,4) ใต้ชายแดน,332.3,พันคน,สำนักงานสถิติแห่งชาติ
2568,5. ช่วยธุรกิจครอบครัว,ไตรมาสที่ 1/2568,177,4) ใต้ชายแดน,150.2,พันคน,สำนักงานสถิติแห่งชาติ
2568,1. นายจ้าง,ไตรมาสที่ 1/2568,178,5) ตะวันออก,119.4,พันคน,สำนักงานสถิติแห่งชาติ
2568,2. ลูกจ้างรัฐบาล,ไตรมาสที่ 1/2568,179,5) ตะวันออก,302.9,พันคน,สำนักงานสถิติแห่งชาติ
2568,3. ลูกจ้างเอกชน,ไตรมาสที่ 1/2568,180,5) ตะวันออก,2136.4,พันคน,สำนักงานสถิติแห่งชาติ
2568,4. ทำงานส่วนตัว,ไตรมาสที่ 1/2568,181,5) ตะวันออก,1039.5,พันคน,สำนักงานสถิติแห่งชาติ
2568,5. ช่วยธุรกิจครอบครัว,ไตรมาสที่ 1/2568,182,5) ตะวันออก,386.9,พันคน,สำนักงานสถิติแห่งชาติ
2568,1. นายจ้าง,ไตรมาสที่ 1/2568,183,6) ตะวันออกเฉียงเหนือ,138.2,พันคน,สำนักงานสถิติแห่งชาติ
2568,2. ลูกจ้างรัฐบาล,ไตรมาสที่ 1/2568,184,6) ตะวันออกเฉียงเหนือ,926.4,พันคน,สำนักงานสถิติแห่งชาติ
2568,3. ลูกจ้างเอกชน,ไตรมาสที่ 1/2568,185,6) ตะวันออกเฉียงเหนือ,2135.0,พันคน,สำนักงานสถิติแห่งชาติ
2568,4. ทำงานส่วนตัว,ไตรมาสที่ 1/2568,186,6) ตะวันออกเฉียงเหนือ,3845.7,พันคน,สำนักงานสถิติแห่งชาติ
2568,5. ช่วยธุรกิจครอบครัว,ไตรมาสที่ 1/2568,187,6) ตะวันออกเฉียงเหนือ,1729.6,พันคน,สำนักงานสถิติแห่งชาติ
2568,6. การรวมกลุ่ม,ไตรมาสที่ 1/2568,188,6) ตะวันออกเฉียงเหนือ,15.8,พันคน,สำนักงานสถิติแห่งชาติ
2568,1. นายจ้าง,ไตรมาสที่ 1/2568,189,7) เหนือ,116.7,พันคน,สำนักงานสถิติแห่งชาติ
2568,2. ลูกจ้างรัฐบาล,ไตรมาสที่ 1/2568,190,7) เหนือ,696.8,พันคน,สำนักงานสถิติแห่งชาติ
2556,ลูกจ้างรัฐบาล,ไตรมาสที่ 2,191,ภาคตะวันออกเฉียงเหนือ,1142.3,พันคน,สำนักงานสถิติแห่งชาติ
2556,ลูกจ้างเอกชน,ไตรมาสที่ 4,192,ภาคกลาง,,พันคน,สำนักงานสถิติแห่งชาติ
2557,ทำงานส่วนตัว,ไตรมาสที่ 1,193,ภาคใต้,1759.71,พันคน,สำนักงานสถิติแห่งชาติ
2557,การรวมกลุ่ม,ไตรมาสที่ 3,194,ภาคเหนือ,1.47,พันคน,สำนักงานสถิติแห่งชาติ
2558,นายจ้าง,ไตรมาสที่ 1,195,ภาคกลาง,332.88,พันคน,สำนักงานสถิติแห่งชาติ
2558,ลูกจ้างรัฐบาล,ไตรมาสที่ 2,196,ภาคใต้,508.15,พันคน,สำนักงานสถิติแห่งชาติ
2558,ทำงานส่วนตัว,ไตรมาสที่ 4,197,ภาคเหนือ,2445.62,พันคน,สำนักงานสถิติแห่งชาติ
2559,ช่วยธุรกิจครอบครัว,ไตรมาสที่ 2,198,กรุงเทพมหานคร,344.87,พันคน,สำนักงานสถิติแห่งชาติ
2559,การรวมกลุ่ม,ไตรมาสที่ 3,199,ภาคตะวันออกเฉียงเหนือ,24.79,พันคน,สำนักงานสถิติแห่งชาติ
2560,ลูกจ้างรัฐบาล,ไตรมาสที่ 1,200,ภาคเหนือ,681.9,พันคน,สำนักงานสถิติแห่งชาติ
2560,ลูกจ้างเอกชน,ไตรมาสที่ 3,201,กรุงเทพมหานคร,3101.6,พันคน,สำนักงานสถิติแห่งชาติ
2560,ช่วยธุรกิจครอบครัว,ไตรมาสที่ 4,202,ภาคตะวันออกเฉียงเหนือ,2466.4,พันคน,สำนักงานสถิติแห่งชาติ
2561,นายจ้าง,ไตรมาสที่ 2,203,ภาคเหนือ,116.37,พันคน,สำนักงานสถิติแห่งชาติ
2561,ลูกจ้างรัฐบาล,ไตรมาสที่ 4,204,กรุงเทพมหานคร,468.22,พันคน,สำนักงานสถิติแห่งชาติ
2561,ลูกจ้างเอกชน,ไตรมาสที่ 4,205,กรุงเทพมหานคร,3112.86,พันคน,สำนักงานสถิติแห่งชาติ
2561,ทำงานส่วนตัว,ไตรมาสที่ 4,206,กรุงเทพมหานคร,1078.09,พันคน,สำนักงานสถิติแห่งชาติ
2561,ช่วยธุรกิจครอบครัว,ไตรมาสที่ 4,207,กรุงเทพมหานคร,374.67,พันคน,สำนักงานสถิติแห่งชาติ
2561,การรวมกลุ่ม,ไตรมาสที่ 4,208,กรุงเทพมหานคร,0.0,พันคน,สำนักงานสถิติแห่งชาติ
2561,นายจ้าง,ไตรมาสที่ 4,209,ภาคกลาง,338.58,พันคน,สำนักงานสถิติแห่งชาติ
2561,ลูกจ้างรัฐบาล,ไตรมาสที่ 4,210,ภาคกลาง,974.47,พันคน,สำนักงานสถิติแห่งชาติ
2561,ลูกจ้างเอกชน,ไตรมาสที่ 4,211,ภาคกลาง,6226.3,พันคน,สำนักงานสถิติแห่งชาติ
2561,ทำงานส่วนตัว,ไตรมาสที่ 4,212,ภาคกลาง,2823.44,พันคน,สำนักงานสถิติแห่งชาติ
2561,ช่วยธุรกิจครอบครัว,ไตรมาสที่ 4,213,ภาคกลาง,1378.24,พันคน,สำนักงานสถิติแห่งชาติ
2561,การรวมกลุ่ม,ไตรมาสที่ 4,214,ภาคกลาง,3.4,พันคน,สำนักงานสถิติแห่งชาติ
2561,นายจ้าง,ไตรมาสที่ 4,215,ภาคเหนือ,102.31,พันคน,สำนักงานสถิติแห่งชาติ
2561,ลูกจ้างรัฐบาล,ไตรมาสที่ 4,216,ภาคเหนือ,659.86,พันคน,สำนักงานสถิติแห่งชาติ
2561,ลูกจ้างเอกชน,ไตรมาสที่ 4,217,ภาคเหนือ,1724.97,พันคน,สำนักงานสถิติแห่งชาติ
2561,ทำงานส่วนตัว,ไตรมาสที่ 4,218,ภาคเหนือ,2297.27,พันคน,สำนักงานสถิติแห่งชาติ
2561,ช่วยธุรกิจครอบครัว,ไตรมาสที่ 4,219,ภาคเหนือ,1448.78,พันคน,สำนักงานสถิติแห่งชาติ
2561,การรวมกลุ่ม,ไตรมาสที่ 4,220,ภาคเหนือ,4.81,พันคน,สำนักงานสถิติแห่งชาติ
2561,นายจ้าง,ไตรมาสที่ 4,221,ภาคตะวันออกเฉียงเหนือ,104.74,พันคน,สำนักงานสถิติแห่งชาติ
2561,ลูกจ้างรัฐบาล,ไตรมาสที่ 4,222,ภาคตะวันออกเฉียงเหนือ,923.84,พันคน,สำนักงานสถิติแห่งชาติ
2561,ลูกจ้างเอกชน,ไตรมาสที่ 4,223,ภาคตะวันออกเฉียงเหนือ,1982.33,พันคน,สำนักงานสถิติแห่งชาติ
2561,ทำงานส่วนตัว,ไตรมาสที่ 4,224,ภาคตะวันออกเฉียงเหนือ,4015.9,พันคน,สำนักงานสถิติแห่งชาติ
2561,ช่วยธุรกิจครอบครัว,ไตรมาสที่ 4,225,ภาคตะวันออกเฉียงเหนือ,2535.09,พันคน,สำนักงานสถิติแห่งชาติ
2561,การรวมกลุ่ม,ไตรมาสที่ 4,226,ภาคตะวันออกเฉียงเหนือ,19.29,พันคน,สำนักงานสถิติแห่งชาติ
2561,นายจ้าง,ไตรมาสที่ 4,227,ภาคใต้,163.6,พันคน,สำนักงานสถิติแห่งชาติ
2561,ลูกจ้างรัฐบาล,ไตรมาสที่ 4,228,ภาคใต้,460.37,พันคน,สำนักงานสถิติแห่งชาติ
2561,ลูกจ้างเอกชน,ไตรมาสที่ 4,229,ภาคใต้,1914.52,พันคน,สำนักงานสถิติแห่งชาติ
2561,ทำงานส่วนตัว,ไตรมาสที่ 4,230,ภาคใต้,1735.88,พันคน,สำนักงานสถิติแห่งชาติ
2561,ช่วยธุรกิจครอบครัว,ไตรมาสที่ 4,231,ภาคใต้,800.17,พันคน,สำนักงานสถิติแห่งชาติ
2561,การรวมกลุ่ม,ไตรมาสที่ 4,232,ภาคใต้,1.62,พันคน,สำนักงานสถิติแห่งชาติ
2562,นายจ้าง,ไตรมาสที่ 1,233,กรุงเทพมหานคร,220.3,พันคน,สำนักงานสถิติแห่งชาติ
2562,ลูกจ้างรัฐบาล,ไตรมาสที่ 1,234,กรุงเทพมหานคร,488.22,พันคน,สำนักงานสถิติแห่งชาติ
2562,ลูกจ้างเอกชน,ไตรมาสที่ 1,235,กรุงเทพมหานคร,3276.1,พันคน,สำนักงานสถิติแห่งชาติ
2562,ทำงานส่วนตัว,ไตรมาสที่ 1,236,กรุงเทพมหานคร,1035.1,พันคน,สำนักงานสถิติแห่งชาติ
2562,ช่วยธุรกิจครอบครัว,ไตรมาสที่ 1,237,กรุงเทพมหานคร,247.18,พันคน,สำนักงานสถิติแห่งชาติ
2562,การรวมกลุ่ม,ไตรมาสที่ 1,238,กรุงเทพมหานคร,1.69,พันคน,สำนักงานสถิติแห่งชาติ
2561,ลูกจ้างรัฐบาล,ไตรมาสที่ 2,239,ภาคเหนือ,671.63,พันคน,สำนักงานสถิติแห่งชาติ
2561,ลูกจ้างเอกชน,ไตรมาสที่ 2,240,ภาคเหนือ,1850.41,พันคน,สำนักงานสถิติแห่งชาติ
2561,ทำงานส่วนตัว,ไตรมาสที่ 2,241,ภาคเหนือ,2282.71,พันคน,สำนักงานสถิติแห่งชาติ
2561,ช่วยธุรกิจครอบครัว,ไตรมาสที่ 2,242,ภาคเหนือ,1356.07,พันคน,สำนักงานสถิติแห่งชาติ
2561,การรวมกลุ่ม,ไตรมาสที่ 2,243,ภาคเหนือ,4.01,พันคน,สำนักงานสถิติแห่งชาติ
2561,นายจ้าง,ไตรมาสที่ 2,244,ภาคตะวันออกเฉียงเหนือ,113.52,พันคน,สำนักงานสถิติแห่งชาติ
2561,ลูกจ้างรัฐบาล,ไตรมาสที่ 2,245,ภาคตะวันออกเฉียงเหนือ,949.19,พันคน,สำนักงานสถิติแห่งชาติ
2561,ลูกจ้างเอกชน,ไตรมาสที่ 2,246,ภาคตะวันออกเฉียงเหนือ,2045.19,พันคน,สำนักงานสถิติแห่งชาติ
2561,ทำงานส่วนตัว,ไตรมาสที่ 2,247,ภาคตะวันออกเฉียงเหนือ,4039.4,พันคน,สำนักงานสถิติแห่งชาติ
2561,ช่วยธุรกิจครอบครัว,ไตรมาสที่ 2,248,ภาคตะวันออกเฉียงเหนือ,2372.62,พันคน,สำนักงานสถิติแห่งชาติ
2561,การรวมกลุ่ม,ไตรมาสที่ 2,249,ภาคตะวันออกเฉียงเหนือ,30.65,พันคน,สำนักงานสถิติแห่งชาติ
2561,นายจ้าง,ไตรมาสที่ 2,250,ภาคใต้,199.16,พันคน,สำนักงานสถิติแห่งชาติ
2561,ลูกจ้างรัฐบาล,ไตรมาสที่ 2,251,ภาคใต้,486.33,พันคน,สำนักงานสถิติแห่งชาติ
2561,ลูกจ้างเอกชน,ไตรมาสที่ 2,252,ภาคใต้,1866.7,พันคน,สำนักงานสถิติแห่งชาติ
2561,ทำงานส่วนตัว,ไตรมาสที่ 2,253,ภาคใต้,1744.74,พันคน,สำนักงานสถิติแห่งชาติ
2561,ช่วยธุรกิจครอบครัว,ไตรมาสที่ 2,254,ภาคใต้,809.38,พันคน,สำนักงานสถิติแห่งชาติ
2561,การรวมกลุ่ม,ไตรมาสที่ 2,255,ภาคใต้,8.82,พันคน,สำนักงานสถิติแห่งชาติ
2561,นายจ้าง,ไตรมาสที่ 3,256,กรุงเทพมหานคร,288.13,พันคน,สำนักงานสถิติแห่งชาติ
2561,ลูกจ้างรัฐบาล,ไตรมาสที่ 3,257,กรุงเทพมหานคร,476.06,พันคน,สำนักงานสถิติแห่งชาติ
2561,ลูกจ้างเอกชน,ไตรมาสที่ 3,258,กรุงเทพมหานคร,3088.4,พันคน,สำนักงานสถิติแห่งชาติ
2561,ทำงานส่วนตัว,ไตรมาสที่ 3,259,กรุงเทพมหานคร,1079.66,พันคน,สำนักงานสถิติแห่งชาติ
2561,ช่วยธุรกิจครอบครัว,ไตรมาสที่ 3,260,กรุงเทพมหานคร,338.73,พันคน,สำนักงานสถิติแห่งชาติ
2561,การรวมกลุ่ม,ไตรมาสที่ 3,261,กรุงเทพมหานคร,0.0,พันคน,สำนักงานสถิติแห่งชาติ
2561,นายจ้าง,ไตรมาสที่ 3,262,ภาคกลาง,351.33,พันคน,สำนักงานสถิติแห่งชาติ
2561,ลูกจ้างรัฐบาล,ไตรมาสที่ 3,263,ภาคกลาง,963.51,พันคน,สำนักงานสถิติแห่งชาติ
2561,ลูกจ้างเอกชน,ไตรมาสที่ 3,264,ภาคกลาง,6019.66,พันคน,สำนักงานสถิติแห่งชาติ
2561,ทำงานส่วนตัว,ไตรมาสที่ 3,265,ภาคกลาง,2871.4,พันคน,สำนักงานสถิติแห่งชาติ
2561,ช่วยธุรกิจครอบครัว,ไตรมาสที่ 3,266,ภาคกลาง,1458.58,พันคน,สำนักงานสถิติแห่งชาติ
2561,การรวมกลุ่ม,ไตรมาสที่ 3,267,ภาคกลาง,5.82,พันคน,สำนักงานสถิติแห่งชาติ
2561,นายจ้าง,ไตรมาสที่ 3,268,ภาคเหนือ,120.33,พันคน,สำนักงานสถิติแห่งชาติ
2561,ลูกจ้างรัฐบาล,ไตรมาสที่ 3,269,ภาคเหนือ,656.17,พันคน,สำนักงานสถิติแห่งชาติ
2561,ลูกจ้างเอกชน,ไตรมาสที่ 3,270,ภาคเหนือ,1747.47,พันคน,สำนักงานสถิติแห่งชาติ
2561,ทำงานส่วนตัว,ไตรมาสที่ 3,271,ภาคเหนือ,2286.04,พันคน,สำนักงานสถิติแห่งชาติ
2561,ช่วยธุรกิจครอบครัว,ไตรมาสที่ 3,272,ภาคเหนือ,1491.78,พันคน,สำนักงานสถิติแห่งชาติ
2561,การรวมกลุ่ม,ไตรมาสที่ 3,273,ภาคเหนือ,2.82,พันคน,สำนักงานสถิติแห่งชาติ
2561,นายจ้าง,ไตรมาสที่ 3,274,ภาคตะวันออกเฉียงเหนือ,94.91,พันคน,สำนักงานสถิติแห่งชาติ
2561,ลูกจ้างรัฐบาล,ไตรมาสที่ 3,275,ภาคตะวันออกเฉียงเหนือ,913.23,พันคน,สำนักงานสถิติแห่งชาติ
2561,ลูกจ้างเอกชน,ไตรมาสที่ 3,276,ภาคตะวันออกเฉียงเหนือ,1920.9,พันคน,สำนักงานสถิติแห่งชาติ
2561,ทำงานส่วนตัว,ไตรมาสที่ 3,277,ภาคตะวันออกเฉียงเหนือ,4219.41,พันคน,สำนักงานสถิติแห่งชาติ
2561,ช่วยธุรกิจครอบครัว,ไตรมาสที่ 3,278,ภาคตะวันออกเฉียงเหนือ,2766.83,พันคน,สำนักงานสถิติแห่งชาติ
2561,การรวมกลุ่ม,ไตรมาสที่ 3,279,ภาคตะวันออกเฉียงเหนือ,24.98,พันคน,สำนักงานสถิติแห่งชาติ
2561,นายจ้าง,ไตรมาสที่ 3,280,ภาคใต้,174.45,พันคน,สำนักงานสถิติแห่งชาติ
2561,ลูกจ้างรัฐบาล,ไตรมาสที่ 3,281,ภาคใต้,480.37,พันคน,สำนักงานสถิติแห่งชาติ
2561,ลูกจ้างเอกชน,ไตรมาสที่ 3,282,ภาคใต้,1886.45,พันคน,สำนักงานสถิติแห่งชาติ
2561,ทำงานส่วนตัว,ไตรมาสที่ 3,283,ภาคใต้,1711.9,พันคน,สำนักงานสถิติแห่งชาติ
2561,ช่วยธุรกิจครอบครัว,ไตรมาสที่ 3,284,ภาคใต้,860.54,พันคน,สำนักงานสถิติแห่งชาติ
2561,การรวมกลุ่ม,ไตรมาสที่ 3,285,ภาคใต้,1.14,พันคน,สำนักงานสถิติแห่งชาติ
2561,นายจ้าง,ไตรมาสที่ 4,286,กรุงเทพมหานคร,237.61,พันคน,สำนักงานสถิติแห่งชาติ
2562,นายจ้าง,ไตรมาสที่ 1,287,ภาคกลาง,342.12,พันคน,สำนักงานสถิติแห่งชาติ
2568,3. ลูกจ้างเอกชน,ไตรมาสที่ 1/2568,288,7) เหนือ,1458.7,พันคน,สำนักงานสถิติแห่งชาติ
2568,4. ทำงานส่วนตัว,ไตรมาสที่ 1/2568,289,7) เหนือ,2567.1,พันคน,สำนักงานสถิติแห่งชาติ
2568,5. ช่วยธุรกิจครอบครัว,ไตรมาสที่ 1/2568,290,7) เหนือ,1188.7,พันคน,สำนักงานสถิติแห่งชาติ
2568,1. นายจ้าง,ไตรมาสที่ 2/2568,291,1) กรุงเทพมหานคร,187.4,พันคน,สำนักงานสถิติแห่งชาติ
2568,2. ลูกจ้างรัฐบาล,ไตรมาสที่ 2/2568,292,1) กรุงเทพมหานคร,510.3,พันคน,สำนักงานสถิติแห่งชาติ
2568,3. ลูกจ้างเอกชน,ไตรมาสที่ 2/2568,293,1) กรุงเทพมหานคร,3396.0,พันคน,สำนักงานสถิติแห่งชาติ
2568,4. ทำงานส่วนตัว,ไตรมาสที่ 2/2568,294,1) กรุงเทพมหานคร,1335.5,พันคน,สำนักงานสถิติแห่งชาติ
2568,5. ช่วยธุรกิจครอบครัว,ไตรมาสที่ 2/2568,295,1) กรุงเทพมหานคร,301.0,พันคน,สำนักงานสถิติแห่งชาติ
2568,1. นายจ้าง,ไตรมาสที่ 2/2568,296,2) กลาง,237.9,พันคน,สำนักงานสถิติแห่งชาติ
2568,2. ลูกจ้างรัฐบาล,ไตรมาสที่ 2/2568,297,2) กลาง,783.8,พันคน,สำนักงานสถิติแห่งชาติ
2568,3. ลูกจ้างเอกชน,ไตรมาสที่ 2/2568,298,2) กลาง,5307.1,พันคน,สำนักงานสถิติแห่งชาติ
2568,4. ทำงานส่วนตัว,ไตรมาสที่ 2/2568,299,2) กลาง,2239.0,พันคน,สำนักงานสถิติแห่งชาติ
2568,5. ช่วยธุรกิจครอบครัว,ไตรมาสที่ 2/2568,300,2) กลาง,921.9,พันคน,สำนักงานสถิติแห่งชาติ
2568,1. นายจ้าง,ไตรมาสที่ 2/2568,301,3) ใต้,209.8,พันคน,สำนักงานสถิติแห่งชาติ
2568,2. ลูกจ้างรัฐบาล,ไตรมาสที่ 2/2568,302,3) ใต้,384.2,พันคน,สำนักงานสถิติแห่งชาติ
2568,3. ลูกจ้างเอกชน,ไตรมาสที่ 2/2568,303,3) ใต้,1409.5,พันคน,สำนักงานสถิติแห่งชาติ
2568,4. ทำงานส่วนตัว,ไตรมาสที่ 2/2568,304,3) ใต้,1654.0,พันคน,สำนักงานสถิติแห่งชาติ
2568,5. ช่วยธุรกิจครอบครัว,ไตรมาสที่ 2/2568,305,3) ใต้,683.3,พันคน,สำนักงานสถิติแห่งชาติ
2568,6. การรวมกลุ่ม,ไตรมาสที่ 2/2568,306,3) ใต้,4.3,พันคน,สำนักงานสถิติแห่งชาติ
2568,1. นายจ้าง,ไตรมาสที่ 2/2568,307,4) ใต้ชายแดน,18.5,พันคน,สำนักงานสถิติแห่งชาติ
2568,2. ลูกจ้างรัฐบาล,ไตรมาสที่ 2/2568,308,4) ใต้ชายแดน,137.8,พันคน,สำนักงานสถิติแห่งชาติ
2568,3. ลูกจ้างเอกชน,ไตรมาสที่ 2/2568,309,4) ใต้ชายแดน,326.9,พันคน,สำนักงานสถิติแห่งชาติ
2568,4. ทำงานส่วนตัว,ไตรมาสที่ 2/2568,310,4) ใต้ชายแดน,337.3,พันคน,สำนักงานสถิติแห่งชาติ
2568,5. ช่วยธุรกิจครอบครัว,ไตรมาสที่ 2/2568,311,4) ใต้ชายแดน,146.8,พันคน,สำนักงานสถิติแห่งชาติ
2568,1. นายจ้าง,ไตรมาสที่ 2/2568,312,5) ตะวันออก,111.1,พันคน,สำนักงานสถิติแห่งชาติ
2568,2. ลูกจ้างรัฐบาล,ไตรมาสที่ 2/2568,313,5) ตะวันออก,289.7,พันคน,สำนักงานสถิติแห่งชาติ
2568,3. ลูกจ้างเอกชน,ไตรมาสที่ 2/2568,314,5) ตะวันออก,2195.4,พันคน,สำนักงานสถิติแห่งชาติ
2568,4. ทำงานส่วนตัว,ไตรมาสที่ 2/2568,315,5) ตะวันออก,995.7,พันคน,สำนักงานสถิติแห่งชาติ
2568,5. ช่วยธุรกิจครอบครัว,ไตรมาสที่ 2/2568,316,5) ตะวันออก,408.1,พันคน,สำนักงานสถิติแห่งชาติ
2568,1. นายจ้าง,ไตรมาสที่ 2/2568,317,6) ตะวันออกเฉียงเหนือ,107.6,พันคน,สำนักงานสถิติแห่งชาติ
2568,2. ลูกจ้างรัฐบาล,ไตรมาสที่ 2/2568,318,6) ตะวันออกเฉียงเหนือ,893.8,พันคน,สำนักงานสถิติแห่งชาติ
2568,3. ลูกจ้างเอกชน,ไตรมาสที่ 2/2568,319,6) ตะวันออกเฉียงเหนือ,2010.9,พันคน,สำนักงานสถิติแห่งชาติ
2568,4. ทำงานส่วนตัว,ไตรมาสที่ 2/2568,320,6) ตะวันออกเฉียงเหนือ,3905.2,พันคน,สำนักงานสถิติแห่งชาติ
2568,5. ช่วยธุรกิจครอบครัว,ไตรมาสที่ 2/2568,321,6) ตะวันออกเฉียงเหนือ,2063.7,พันคน,สำนักงานสถิติแห่งชาติ
2568,6. การรวมกลุ่ม,ไตรมาสที่ 2/2568,322,6) ตะวันออกเฉียงเหนือ,13.9,พันคน,สำนักงานสถิติแห่งชาติ
2568,1. นายจ้าง,ไตรมาสที่ 2/2568,323,7) เหนือ,105.4,พันคน,สำนักงานสถิติแห่งชาติ
2568,2. ลูกจ้างรัฐบาล,ไตรมาสที่ 2/2568,324,7) เหนือ,714.0,พันคน,สำนักงานสถิติแห่งชาติ
2568,3. ลูกจ้างเอกชน,ไตรมาสที่ 2/2568,325,7) เหนือ,1393.1,พันคน,สำนักงานสถิติแห่งชาติ
2568,4. ทำงานส่วนตัว,ไตรมาสที่ 2/2568,326,7) เหนือ,2518.0,พันคน,สำนักงานสถิติแห่งชาติ
2568,5. ช่วยธุรกิจครอบครัว,ไตรมาสที่ 2/2568,327,7) เหนือ,1251.9,พันคน,สำนักงานสถิติแห่งชาติ
2568,6. การรวมกลุ่ม,ไตรมาสที่ 2/2568,328,7) เหนือ,0.2,พันคน,สำนักงานสถิติแห่งชาติ
2568,1. นายจ้าง,ไตรมาสที่ 3/2568,329,1) กรุงเทพมหานคร,186.0,พันคน,สำนักงานสถิติแห่งชาติ
2568,2. ลูกจ้างรัฐบาล,ไตรมาสที่ 3/2568,330,1) กรุงเทพมหานคร,502.5,พันคน,สำนักงานสถิติแห่งชาติ
2568,3. ลูกจ้างเอกชน,ไตรมาสที่ 3/2568,331,1) กรุงเทพมหานคร,3401.4,พันคน,สำนักงานสถิติแห่งชาติ
2568,4. ทำงานส่วนตัว,ไตรมาสที่ 3/2568,332,1) กรุงเทพมหานคร,1272.0,พันคน,สำนักงานสถิติแห่งชาติ
2568,5. ช่วยธุรกิจครอบครัว,ไตรมาสที่ 3/2568,333,1) กรุงเทพมหานคร,296.1,พันคน,สำนักงานสถิติแห่งชาติ
2568,1. นายจ้าง,ไตรมาสที่ 3/2568,334,2) กลาง,218.1,พันคน,สำนักงานสถิติแห่งชาติ
2568,2. ลูกจ้างรัฐบาล,ไตรมาสที่ 3/2568,335,2) กลาง,727.1,พันคน,สำนักงานสถิติแห่งชาติ
2568,3. ลูกจ้างเอกชน,ไตรมาสที่ 3/2568,336,2) กลาง,5258.4,พันคน,สำนักงานสถิติแห่งชาติ
2568,4. ทำงานส่วนตัว,ไตรมาสที่ 3/2568,337,2) กลาง,2253.9,พันคน,สำนักงานสถิติแห่งชาติ
2568,5. ช่วยธุรกิจครอบครัว,ไตรมาสที่ 3/2568,338,2) กลาง,941.4,พันคน,สำนักงานสถิติแห่งชาติ
2568,6. การรวมกลุ่ม,ไตรมาสที่ 3/2568,339,2) กลาง,0.1,พันคน,สำนักงานสถิติแห่งชาติ
2568,1. นายจ้าง,ไตรมาสที่ 3/2568,340,3) ใต้,210.5,พันคน,สำนักงานสถิติแห่งชาติ
2568,2. ลูกจ้างรัฐบาล,ไตรมาสที่ 3/2568,341,3) ใต้,372.9,พันคน,สำนักงานสถิติแห่งชาติ
2568,3. ลูกจ้างเอกชน,ไตรมาสที่ 3/2568,342,3) ใต้,1423.6,พันคน,สำนักงานสถิติแห่งชาติ
2568,4. ทำงานส่วนตัว,ไตรมาสที่ 3/2568,343,3) ใต้,1659.2,พันคน,สำนักงานสถิติแห่งชาติ
2568,5. ช่วยธุรกิจครอบครัว,ไตรมาสที่ 3/2568,344,3) ใต้,708.9,พันคน,สำนักงานสถิติแห่งชาติ
2568,6. การรวมกลุ่ม,ไตรมาสที่ 3/2568,345,3) ใต้,4.0,พันคน,สำนักงานสถิติแห่งชาติ
2568,1. นายจ้าง,ไตรมาสที่ 3/2568,346,4) ใต้ชายแดน,20.9,พันคน,สำนักงานสถิติแห่งชาติ
2568,2. ลูกจ้างรัฐบาล,ไตรมาสที่ 3/2568,347,4) ใต้ชายแดน,127.7,พันคน,สำนักงานสถิติแห่งชาติ
2568,3. ลูกจ้างเอกชน,ไตรมาสที่ 3/2568,348,4) ใต้ชายแดน,326.4,พันคน,สำนักงานสถิติแห่งชาติ
2568,4. ทำงานส่วนตัว,ไตรมาสที่ 3/2568,349,4) ใต้ชายแดน,335.2,พันคน,สำนักงานสถิติแห่งชาติ
2568,5. ช่วยธุรกิจครอบครัว,ไตรมาสที่ 3/2568,350,4) ใต้ชายแดน,148.8,พันคน,สำนักงานสถิติแห่งชาติ
2568,1. นายจ้าง,ไตรมาสที่ 3/2568,351,5) ตะวันออก,91.3,พันคน,สำนักงานสถิติแห่งชาติ
2568,2. ลูกจ้างรัฐบาล,ไตรมาสที่ 3/2568,352,5) ตะวันออก,293.6,พันคน,สำนักงานสถิติแห่งชาติ
2568,3. ลูกจ้างเอกชน,ไตรมาสที่ 3/2568,353,5) ตะวันออก,2189.5,พันคน,สำนักงานสถิติแห่งชาติ
2568,4. ทำงานส่วนตัว,ไตรมาสที่ 3/2568,354,5) ตะวันออก,1072.5,พันคน,สำนักงานสถิติแห่งชาติ
2568,5. ช่วยธุรกิจครอบครัว,ไตรมาสที่ 3/2568,355,5) ตะวันออก,400.5,พันคน,สำนักงานสถิติแห่งชาติ
2568,1. นายจ้าง,ไตรมาสที่ 3/2568,356,6) ตะวันออกเฉียงเหนือ,106.0,พันคน,สำนักงานสถิติแห่งชาติ
2568,2. ลูกจ้างรัฐบาล,ไตรมาสที่ 3/2568,357,6) ตะวันออกเฉียงเหนือ,858.2,พันคน,สำนักงานสถิติแห่งชาติ
2568,3. ลูกจ้างเอกชน,ไตรมาสที่ 3/2568,358,6) ตะวันออกเฉียงเหนือ,1894.0,พันคน,สำนักงานสถิติแห่งชาติ
2568,4. ทำงานส่วนตัว,ไตรมาสที่ 3/2568,359,6) ตะวันออกเฉียงเหนือ,4127.3,พันคน,สำนักงานสถิติแห่งชาติ
2568,5. ช่วยธุรกิจครอบครัว,ไตรมาสที่ 3/2568,360,6) ตะวันออกเฉียงเหนือ,2338.5,พันคน,สำนักงานสถิติแห่งชาติ
2568,6. การรวมกลุ่ม,ไตรมาสที่ 3/2568,361,6) ตะวันออกเฉียงเหนือ,2.9,พันคน,สำนักงานสถิติแห่งชาติ
2568,1. นายจ้าง,ไตรมาสที่ 3/2568,362,7) เหนือ,111.8,พันคน,สำนักงานสถิติแห่งชาติ
2568,2. ลูกจ้างรัฐบาล,ไตรมาสที่ 3/2568,363,7) เหนือ,686.0,พันคน,สำนักงานสถิติแห่งชาติ
2568,3. ลูกจ้างเอกชน,ไตรมาสที่ 3/2568,364,7) เหนือ,1293.5,พันคน,สำนักงานสถิติแห่งชาติ
2568,4. ทำงานส่วนตัว,ไตรมาสที่ 3/2568,365,7) เหนือ,2621.4,พันคน,สำนักงานสถิติแห่งชาติ
2568,5. ช่วยธุรกิจครอบครัว,ไตรมาสที่ 3/2568,366,7) เหนือ,1369.6,พันคน,สำนักงานสถิติแห่งชาติ
2568,6. การรวมกลุ่ม,ไตรมาสที่ 3/2568,367,7) เหนือ,0.3,พันคน,สำนักงานสถิติแห่งชาติ
2562,ลูกจ้างรัฐบาล,ไตรมาสที่ 1,368,ภาคกลาง,995.15,พันคน,สำนักงานสถิติแห่งชาติ
2562,ลูกจ้างเอกชน,ไตรมาสที่ 1,369,ภาคกลาง,6315.94,พันคน,สำนักงานสถิติแห่งชาติ
2562,ทำงานส่วนตัว,ไตรมาสที่ 1,370,ภาคกลาง,2913.2,พันคน,สำนักงานสถิติแห่งชาติ
2562,ช่วยธุรกิจครอบครัว,ไตรมาสที่ 1,371,ภาคกลาง,1296.53,พันคน,สำนักงานสถิติแห่งชาติ
2562,การรวมกลุ่ม,ไตรมาสที่ 1,372,ภาคกลาง,1.5,พันคน,สำนักงานสถิติแห่งชาติ
2562,นายจ้าง,ไตรมาสที่ 1,373,ภาคเหนือ,119.33,พันคน,สำนักงานสถิติแห่งชาติ
2562,ลูกจ้างรัฐบาล,ไตรมาสที่ 1,374,ภาคเหนือ,650.04,พันคน,สำนักงานสถิติแห่งชาติ
2562,ลูกจ้างเอกชน,ไตรมาสที่ 1,375,ภาคเหนือ,1960.05,พันคน,สำนักงานสถิติแห่งชาติ
2562,ทำงานส่วนตัว,ไตรมาสที่ 1,376,ภาคเหนือ,2234.82,พันคน,สำนักงานสถิติแห่งชาติ
2562,ช่วยธุรกิจครอบครัว,ไตรมาสที่ 1,377,ภาคเหนือ,1283.97,พันคน,สำนักงานสถิติแห่งชาติ
2562,การรวมกลุ่ม,ไตรมาสที่ 1,378,ภาคเหนือ,1.3,พันคน,สำนักงานสถิติแห่งชาติ
2562,นายจ้าง,ไตรมาสที่ 1,379,ภาคตะวันออกเฉียงเหนือ,123.25,พันคน,สำนักงานสถิติแห่งชาติ
2562,ลูกจ้างรัฐบาล,ไตรมาสที่ 1,380,ภาคตะวันออกเฉียงเหนือ,967.26,พันคน,สำนักงานสถิติแห่งชาติ
2562,ลูกจ้างเอกชน,ไตรมาสที่ 1,381,ภาคตะวันออกเฉียงเหนือ,2438.72,พันคน,สำนักงานสถิติแห่งชาติ
2562,ทำงานส่วนตัว,ไตรมาสที่ 1,382,ภาคตะวันออกเฉียงเหนือ,3670.31,พันคน,สำนักงานสถิติแห่งชาติ
2562,ช่วยธุรกิจครอบครัว,ไตรมาสที่ 1,383,ภาคตะวันออกเฉียงเหนือ,1933.73,พันคน,สำนักงานสถิติแห่งชาติ
2562,การรวมกลุ่ม,ไตรมาสที่ 1,384,ภาคตะวันออกเฉียงเหนือ,34.04,พันคน,สำนักงานสถิติแห่งชาติ
2562,นายจ้าง,ไตรมาสที่ 1,385,ภาคใต้,187.03,พันคน,สำนักงานสถิติแห่งชาติ
2562,ลูกจ้างรัฐบาล,ไตรมาสที่ 1,386,ภาคใต้,473.76,พันคน,สำนักงานสถิติแห่งชาติ
2562,ลูกจ้างเอกชน,ไตรมาสที่ 1,387,ภาคใต้,2019.66,พันคน,สำนักงานสถิติแห่งชาติ
2562,ทำงานส่วนตัว,ไตรมาสที่ 1,388,ภาคใต้,1704.46,พันคน,สำนักงานสถิติแห่งชาติ
2562,ช่วยธุรกิจครอบครัว,ไตรมาสที่ 1,389,ภาคใต้,764.55,พันคน,สำนักงานสถิติแห่งชาติ
2562,การรวมกลุ่ม,ไตรมาสที่ 1,390,ภาคใต้,3.4,พันคน,สำนักงานสถิติแห่งชาติ
2562,นายจ้าง,ไตรมาสที่ 2,391,กรุงเทพมหานคร,232.0,พันคน,สำนักงานสถิติแห่งชาติ
2562,ลูกจ้างรัฐบาล,ไตรมาสที่ 2,392,กรุงเทพมหานคร,509.53,พันคน,สำนักงานสถิติแห่งชาติ
2562,ลูกจ้างเอกชน,ไตรมาสที่ 2,393,กรุงเทพมหานคร,3241.35,พันคน,สำนักงานสถิติแห่งชาติ
2562,ทำงานส่วนตัว,ไตรมาสที่ 2,394,กรุงเทพมหานคร,1048.05,พันคน,สำนักงานสถิติแห่งชาติ
2562,ช่วยธุรกิจครอบครัว,ไตรมาสที่ 2,395,กรุงเทพมหานคร,270.98,พันคน,สำนักงานสถิติแห่งชาติ
2562,การรวมกลุ่ม,ไตรมาสที่ 2,396,กรุงเทพมหานคร,0.62,พันคน,สำนักงานสถิติแห่งชาติ
2562,นายจ้าง,ไตรมาสที่ 2,397,ภาคกลาง,362.42,พันคน,สำนักงานสถิติแห่งชาติ
2562,ลูกจ้างรัฐบาล,ไตรมาสที่ 2,398,ภาคกลาง,977.44,พันคน,สำนักงานสถิติแห่งชาติ
2562,ลูกจ้างเอกชน,ไตรมาสที่ 2,399,ภาคกลาง,6343.09,พันคน,สำนักงานสถิติแห่งชาติ
2562,ทำงานส่วนตัว,ไตรมาสที่ 2,400,ภาคกลาง,2821.97,พันคน,สำนักงานสถิติแห่งชาติ
2562,ช่วยธุรกิจครอบครัว,ไตรมาสที่ 2,401,ภาคกลาง,1315.35,พันคน,สำนักงานสถิติแห่งชาติ
2562,การรวมกลุ่ม,ไตรมาสที่ 2,402,ภาคกลาง,1.38,พันคน,สำนักงานสถิติแห่งชาติ
2562,นายจ้าง,ไตรมาสที่ 2,403,ภาคเหนือ,111.76,พันคน,สำนักงานสถิติแห่งชาติ
2562,ลูกจ้างรัฐบาล,ไตรมาสที่ 2,404,ภาคเหนือ,654.18,พันคน,สำนักงานสถิติแห่งชาติ
2562,ลูกจ้างเอกชน,ไตรมาสที่ 2,405,ภาคเหนือ,1755.19,พันคน,สำนักงานสถิติแห่งชาติ
2562,ทำงานส่วนตัว,ไตรมาสที่ 2,406,ภาคเหนือ,2255.26,พันคน,สำนักงานสถิติแห่งชาติ
2562,ช่วยธุรกิจครอบครัว,ไตรมาสที่ 2,407,ภาคเหนือ,1359.55,พันคน,สำนักงานสถิติแห่งชาติ
2562,การรวมกลุ่ม,ไตรมาสที่ 2,408,ภาคเหนือ,3.75,พันคน,สำนักงานสถิติแห่งชาติ
2562,นายจ้าง,ไตรมาสที่ 2,409,ภาคตะวันออกเฉียงเหนือ,98.45,พันคน,สำนักงานสถิติแห่งชาติ
2562,ลูกจ้างรัฐบาล,ไตรมาสที่ 2,410,ภาคตะวันออกเฉียงเหนือ,948.28,พันคน,สำนักงานสถิติแห่งชาติ
2562,ลูกจ้างเอกชน,ไตรมาสที่ 2,411,ภาคตะวันออกเฉียงเหนือ,2073.39,พันคน,สำนักงานสถิติแห่งชาติ
2562,ทำงานส่วนตัว,ไตรมาสที่ 2,412,ภาคตะวันออกเฉียงเหนือ,3880.32,พันคน,สำนักงานสถิติแห่งชาติ
2562,ช่วยธุรกิจครอบครัว,ไตรมาสที่ 2,413,ภาคตะวันออกเฉียงเหนือ,2319.58,พันคน,สำนักงานสถิติแห่งชาติ
2562,การรวมกลุ่ม,ไตรมาสที่ 2,414,ภาคตะวันออกเฉียงเหนือ,38.65,พันคน,สำนักงานสถิติแห่งชาติ
2562,นายจ้าง,ไตรมาสที่ 2,415,ภาคใต้,182.96,พันคน,สำนักงานสถิติแห่งชาติ
2562,ลูกจ้างรัฐบาล,ไตรมาสที่ 2,416,ภาคใต้,457.14,พันคน,สำนักงานสถิติแห่งชาติ
2562,ลูกจ้างเอกชน,ไตรมาสที่ 2,417,ภาคใต้,1934.29,พันคน,สำนักงานสถิติแห่งชาติ
2562,ทำงานส่วนตัว,ไตรมาสที่ 2,418,ภาคใต้,1766.34,พันคน,สำนักงานสถิติแห่งชาติ
2562,ช่วยธุรกิจครอบครัว,ไตรมาสที่ 2,419,ภาคใต้,815.64,พันคน,สำนักงานสถิติแห่งชาติ
2562,การรวมกลุ่ม,ไตรมาสที่ 2,420,ภาคใต้,2.92,พันคน,สำนักงานสถิติแห่งชาติ
2562,นายจ้าง,ไตรมาสที่ 3,421,กรุงเทพมหานคร,239.89,พันคน,สำนักงานสถิติแห่งชาติ
2562,ลูกจ้างรัฐบาล,ไตรมาสที่ 3,422,กรุงเทพมหานคร,492.57,พันคน,สำนักงานสถิติแห่งชาติ
2562,ลูกจ้างเอกชน,ไตรมาสที่ 3,423,กรุงเทพมหานคร,3146.16,พันคน,สำนักงานสถิติแห่งชาติ
2562,ทำงานส่วนตัว,ไตรมาสที่ 3,424,กรุงเทพมหานคร,1047.63,พันคน,สำนักงานสถิติแห่งชาติ
2562,ช่วยธุรกิจครอบครัว,ไตรมาสที่ 3,425,กรุงเทพมหานคร,319.25,พันคน,สำนักงานสถิติแห่งชาติ
2562,การรวมกลุ่ม,ไตรมาสที่ 3,426,กรุงเทพมหานคร,0.6,พันคน,สำนักงานสถิติแห่งชาติ
2562,นายจ้าง,ไตรมาสที่ 3,427,ภาคกลาง,325.9,พันคน,สำนักงานสถิติแห่งชาติ
2562,ลูกจ้างรัฐบาล,ไตรมาสที่ 3,428,ภาคกลาง,971.9,พันคน,สำนักงานสถิติแห่งชาติ
2562,ลูกจ้างเอกชน,ไตรมาสที่ 3,429,ภาคกลาง,6160.5,พันคน,สำนักงานสถิติแห่งชาติ
2562,ทำงานส่วนตัว,ไตรมาสที่ 3,430,ภาคกลาง,2858.9,พันคน,สำนักงานสถิติแห่งชาติ
2562,ช่วยธุรกิจครอบครัว,ไตรมาสที่ 3,431,ภาคกลาง,1365.1,พันคน,สำนักงานสถิติแห่งชาติ
2562,การรวมกลุ่ม,ไตรมาสที่ 3,432,ภาคกลาง,4.3,พันคน,สำนักงานสถิติแห่งชาติ
2562,นายจ้าง,ไตรมาสที่ 3,433,ภาคเหนือ,114.21,พันคน,สำนักงานสถิติแห่งชาติ
2562,ลูกจ้างรัฐบาล,ไตรมาสที่ 3,434,ภาคเหนือ,613.3,พันคน,สำนักงานสถิติแห่งชาติ
2562,ลูกจ้างเอกชน,ไตรมาสที่ 3,435,ภาคเหนือ,1573.97,พันคน,สำนักงานสถิติแห่งชาติ
2562,ทำงานส่วนตัว,ไตรมาสที่ 3,436,ภาคเหนือ,2298.53,พันคน,สำนักงานสถิติแห่งชาติ
2562,ช่วยธุรกิจครอบครัว,ไตรมาสที่ 3,437,ภาคเหนือ,1505.75,พันคน,สำนักงานสถิติแห่งชาติ
2562,การรวมกลุ่ม,ไตรมาสที่ 3,438,ภาคเหนือ,5.05,พันคน,สำนักงานสถิติแห่งชาติ
2562,นายจ้าง,ไตรมาสที่ 3,439,ภาคตะวันออกเฉียงเหนือ,86.47,พันคน,สำนักงานสถิติแห่งชาติ
2562,ลูกจ้างรัฐบาล,ไตรมาสที่ 3,440,ภาคตะวันออกเฉียงเหนือ,902.7,พันคน,สำนักงานสถิติแห่งชาติ
2562,ลูกจ้างเอกชน,ไตรมาสที่ 3,441,ภาคตะวันออกเฉียงเหนือ,1709.75,พันคน,สำนักงานสถิติแห่งชาติ
2562,ทำงานส่วนตัว,ไตรมาสที่ 3,442,ภาคตะวันออกเฉียงเหนือ,4080.57,พันคน,สำนักงานสถิติแห่งชาติ
2562,ช่วยธุรกิจครอบครัว,ไตรมาสที่ 3,443,ภาคตะวันออกเฉียงเหนือ,2642.45,พันคน,สำนักงานสถิติแห่งชาติ
2562,การรวมกลุ่ม,ไตรมาสที่ 3,444,ภาคตะวันออกเฉียงเหนือ,20.35,พันคน,สำนักงานสถิติแห่งชาติ
2562,นายจ้าง,ไตรมาสที่ 3,445,ภาคใต้,178.18,พันคน,สำนักงานสถิติแห่งชาติ
2562,ลูกจ้างรัฐบาล,ไตรมาสที่ 3,446,ภาคใต้,457.79,พันคน,สำนักงานสถิติแห่งชาติ
2562,ลูกจ้างเอกชน,ไตรมาสที่ 3,447,ภาคใต้,1812.14,พันคน,สำนักงานสถิติแห่งชาติ
2562,ทำงานส่วนตัว,ไตรมาสที่ 3,448,ภาคใต้,1724.58,พันคน,สำนักงานสถิติแห่งชาติ
2562,ช่วยธุรกิจครอบครัว,ไตรมาสที่ 3,449,ภาคใต้,825.41,พันคน,สำนักงานสถิติแห่งชาติ
2562,การรวมกลุ่ม,ไตรมาสที่ 3,450,ภาคใต้,2.35,พันคน,สำนักงานสถิติแห่งชาติ
2562,นายจ้าง,ไตรมาสที่ 4,451,กรุงเทพมหานคร,254.07,พันคน,สำนักงานสถิติแห่งชาติ
2562,ลูกจ้างรัฐบาล,ไตรมาสที่ 4,452,กรุงเทพมหานคร,467.09,พันคน,สำนักงานสถิติแห่งชาติ
2562,ลูกจ้างเอกชน,ไตรมาสที่ 4,453,กรุงเทพมหานคร,3193.4,พันคน,สำนักงานสถิติแห่งชาติ
2562,ทำงานส่วนตัว,ไตรมาสที่ 4,454,กรุงเทพมหานคร,1032.78,พันคน,สำนักงานสถิติแห่งชาติ
2562,ช่วยธุรกิจครอบครัว,ไตรมาสที่ 4,455,กรุงเทพมหานคร,316.95,พันคน,สำนักงานสถิติแห่งชาติ
2562,การรวมกลุ่ม,ไตรมาสที่ 4,456,กรุงเทพมหานคร,0.0,พันคน,สำนักงานสถิติแห่งชาติ
2562,นายจ้าง,ไตรมาสที่ 4,457,ภาคกลาง,301.36,พันคน,สำนักงานสถิติแห่งชาติ
2562,ลูกจ้างรัฐบาล,ไตรมาสที่ 4,458,ภาคกลาง,974.72,พันคน,สำนักงานสถิติแห่งชาติ
2562,ลูกจ้างเอกชน,ไตรมาสที่ 4,459,ภาคกลาง,6194.84,พันคน,สำนักงานสถิติแห่งชาติ
2562,ทำงานส่วนตัว,ไตรมาสที่ 4,460,ภาคกลาง,2954.03,พันคน,สำนักงานสถิติแห่งชาติ
2562,ช่วยธุรกิจครอบครัว,ไตรมาสที่ 4,461,ภาคกลาง,1377.43,พันคน,สำนักงานสถิติแห่งชาติ
2562,การรวมกลุ่ม,ไตรมาสที่ 4,462,ภาคกลาง,1.43,พันคน,สำนักงานสถิติแห่งชาติ
2562,นายจ้าง,ไตรมาสที่ 4,463,ภาคเหนือ,81.6,พันคน,สำนักงานสถิติแห่งชาติ
2562,ลูกจ้างรัฐบาล,ไตรมาสที่ 4,464,ภาคเหนือ,598.23,พันคน,สำนักงานสถิติแห่งชาติ
2562,ลูกจ้างเอกชน,ไตรมาสที่ 4,465,ภาคเหนือ,1712.4,พันคน,สำนักงานสถิติแห่งชาติ
2562,ทำงานส่วนตัว,ไตรมาสที่ 4,466,ภาคเหนือ,2281.01,พันคน,สำนักงานสถิติแห่งชาติ
2562,ช่วยธุรกิจครอบครัว,ไตรมาสที่ 4,467,ภาคเหนือ,1427.2,พันคน,สำนักงานสถิติแห่งชาติ
2562,การรวมกลุ่ม,ไตรมาสที่ 4,468,ภาคเหนือ,3.61,พันคน,สำนักงานสถิติแห่งชาติ
2562,นายจ้าง,ไตรมาสที่ 4,469,ภาคตะวันออกเฉียงเหนือ,93.28,พันคน,สำนักงานสถิติแห่งชาติ
2562,ลูกจ้างรัฐบาล,ไตรมาสที่ 4,470,ภาคตะวันออกเฉียงเหนือ,907.12,พันคน,สำนักงานสถิติแห่งชาติ
2562,ลูกจ้างเอกชน,ไตรมาสที่ 4,471,ภาคตะวันออกเฉียงเหนือ,1954.53,พันคน,สำนักงานสถิติแห่งชาติ
2562,ทำงานส่วนตัว,ไตรมาสที่ 4,472,ภาคตะวันออกเฉียงเหนือ,3874.47,พันคน,สำนักงานสถิติแห่งชาติ
2562,ช่วยธุรกิจครอบครัว,ไตรมาสที่ 4,473,ภาคตะวันออกเฉียงเหนือ,2439.5,พันคน,สำนักงานสถิติแห่งชาติ
2562,การรวมกลุ่ม,ไตรมาสที่ 4,474,ภาคตะวันออกเฉียงเหนือ,32.1,พันคน,สำนักงานสถิติแห่งชาติ
2562,นายจ้าง,ไตรมาสที่ 4,475,ภาคใต้,168.7,พันคน,สำนักงานสถิติแห่งชาติ
2562,ลูกจ้างรัฐบาล,ไตรมาสที่ 4,476,ภาคใต้,425.17,พันคน,สำนักงานสถิติแห่งชาติ
2562,ลูกจ้างเอกชน,ไตรมาสที่ 4,477,ภาคใต้,1893.79,พันคน,สำนักงานสถิติแห่งชาติ
2562,ทำงานส่วนตัว,ไตรมาสที่ 4,478,ภาคใต้,1750.48,พันคน,สำนักงานสถิติแห่งชาติ
2562,ช่วยธุรกิจครอบครัว,ไตรมาสที่ 4,479,ภาคใต้,770.53,พันคน,สำนักงานสถิติแห่งชาติ
2562,การรวมกลุ่ม,ไตรมาสที่ 4,480,ภาคใต้,1.1,พันคน,สำนักงานสถิติแห่งชาติ
2563,นายจ้าง,ไตรมาสที่ 1,481,กรุงเทพมหานคร,239.7,พันคน,สำนักงานสถิติแห่งชาติ
2563,ลูกจ้างรัฐบาล,ไตรมาสที่ 1,482,กรุงเทพมหานคร,469.7,พันคน,สำนักงานสถิติแห่งชาติ
2563,ลูกจ้างเอกชน,ไตรมาสที่ 1,483,กรุงเทพมหานคร,3259.3,พันคน,สำนักงานสถิติแห่งชาติ
2563,ทำงานส่วนตัว,ไตรมาสที่ 1,484,กรุงเทพมหานคร,1043.8,พันคน,สำนักงานสถิติแห่งชาติ
2563,ช่วยธุรกิจครอบครัว,ไตรมาสที่ 1,485,กรุงเทพมหานคร,274.6,พันคน,สำนักงานสถิติแห่งชาติ
2563,การรวมกลุ่ม,ไตรมาสที่ 1,486,กรุงเทพมหานคร,0.5,พันคน,สำนักงานสถิติแห่งชาติ
2563,นายจ้าง,ไตรมาสที่ 1,487,ภาคกลาง,320.1,พันคน,สำนักงานสถิติแห่งชาติ
2563,ลูกจ้างรัฐบาล,ไตรมาสที่ 1,488,ภาคกลาง,1035.1,พันคน,สำนักงานสถิติแห่งชาติ
2563,ลูกจ้างเอกชน,ไตรมาสที่ 1,489,ภาคกลาง,6401.1,พันคน,สำนักงานสถิติแห่งชาติ
2563,ทำงานส่วนตัว,ไตรมาสที่ 1,490,ภาคกลาง,2921.0,พันคน,สำนักงานสถิติแห่งชาติ
2563,ช่วยธุรกิจครอบครัว,ไตรมาสที่ 1,491,ภาคกลาง,1207.5,พันคน,สำนักงานสถิติแห่งชาติ
2563,การรวมกลุ่ม,ไตรมาสที่ 1,492,ภาคกลาง,2.9,พันคน,สำนักงานสถิติแห่งชาติ
2563,นายจ้าง,ไตรมาสที่ 1,493,ภาคเหนือ,101.9,พันคน,สำนักงานสถิติแห่งชาติ
2563,ลูกจ้างรัฐบาล,ไตรมาสที่ 1,494,ภาคเหนือ,662.1,พันคน,สำนักงานสถิติแห่งชาติ
2563,ลูกจ้างเอกชน,ไตรมาสที่ 1,495,ภาคเหนือ,1879.4,พันคน,สำนักงานสถิติแห่งชาติ
2563,ทำงานส่วนตัว,ไตรมาสที่ 1,496,ภาคเหนือ,2190.8,พันคน,สำนักงานสถิติแห่งชาติ
2563,ช่วยธุรกิจครอบครัว,ไตรมาสที่ 1,497,ภาคเหนือ,1202.3,พันคน,สำนักงานสถิติแห่งชาติ
2563,การรวมกลุ่ม,ไตรมาสที่ 1,498,ภาคเหนือ,0.6,พันคน,สำนักงานสถิติแห่งชาติ
2563,นายจ้าง,ไตรมาสที่ 1,499,ภาคตะวันออกเฉียงเหนือ,107.4,พันคน,สำนักงานสถิติแห่งชาติ
2563,ลูกจ้างรัฐบาล,ไตรมาสที่ 1,500,ภาคตะวันออกเฉียงเหนือ,1005.1,พันคน,สำนักงานสถิติแห่งชาติ
2563,ลูกจ้างเอกชน,ไตรมาสที่ 1,501,ภาคตะวันออกเฉียงเหนือ,2249.2,พันคน,สำนักงานสถิติแห่งชาติ
2563,ทำงานส่วนตัว,ไตรมาสที่ 1,502,ภาคตะวันออกเฉียงเหนือ,3633.2,พันคน,สำนักงานสถิติแห่งชาติ
2563,ช่วยธุรกิจครอบครัว,ไตรมาสที่ 1,503,ภาคตะวันออกเฉียงเหนือ,1966.8,พันคน,สำนักงานสถิติแห่งชาติ
2563,การรวมกลุ่ม,ไตรมาสที่ 1,504,ภาคตะวันออกเฉียงเหนือ,34.5,พันคน,สำนักงานสถิติแห่งชาติ
2563,นายจ้าง,ไตรมาสที่ 1,505,ภาคใต้,185.1,พันคน,สำนักงานสถิติแห่งชาติ
2563,ลูกจ้างรัฐบาล,ไตรมาสที่ 1,506,ภาคใต้,488.7,พันคน,สำนักงานสถิติแห่งชาติ
2563,ลูกจ้างเอกชน,ไตรมาสที่ 1,507,ภาคใต้,1975.1,พันคน,สำนักงานสถิติแห่งชาติ
2563,ทำงานส่วนตัว,ไตรมาสที่ 1,508,ภาคใต้,1777.3,พันคน,สำนักงานสถิติแห่งชาติ
2563,ช่วยธุรกิจครอบครัว,ไตรมาสที่ 1,509,ภาคใต้,787.6,พันคน,สำนักงานสถิติแห่งชาติ
2563,การรวมกลุ่ม,ไตรมาสที่ 1,510,ภาคใต้,1.7,พันคน,สำนักงานสถิติแห่งชาติ
2563,นายจ้าง,ไตรมาสที่ 2,511,กรุงเทพมหานคร,198.7,พันคน,สำนักงานสถิติแห่งชาติ
2563,ลูกจ้างรัฐบาล,ไตรมาสที่ 2,512,กรุงเทพมหานคร,497.5,พันคน,สำนักงานสถิติแห่งชาติ
2563,ลูกจ้างเอกชน,ไตรมาสที่ 2,513,กรุงเทพมหานคร,3175.4,พันคน,สำนักงานสถิติแห่งชาติ
2563,ทำงานส่วนตัว,ไตรมาสที่ 2,514,กรุงเทพมหานคร,1061.7,พันคน,สำนักงานสถิติแห่งชาติ
2563,ช่วยธุรกิจครอบครัว,ไตรมาสที่ 2,515,กรุงเทพมหานคร,287.8,พันคน,สำนักงานสถิติแห่งชาติ
2563,การรวมกลุ่ม,ไตรมาสที่ 2,516,กรุงเทพมหานคร,0.0,พันคน,สำนักงานสถิติแห่งชาติ
2563,นายจ้าง,ไตรมาสที่ 2,517,ภาคกลาง,318.9,พันคน,สำนักงานสถิติแห่งชาติ
2563,ลูกจ้างรัฐบาล,ไตรมาสที่ 2,518,ภาคกลาง,1003.7,พันคน,สำนักงานสถิติแห่งชาติ
2563,ลูกจ้างเอกชน,ไตรมาสที่ 2,519,ภาคกลาง,6233.1,พันคน,สำนักงานสถิติแห่งชาติ
2563,ทำงานส่วนตัว,ไตรมาสที่ 2,520,ภาคกลาง,2925.4,พันคน,สำนักงานสถิติแห่งชาติ
2563,ช่วยธุรกิจครอบครัว,ไตรมาสที่ 2,521,ภาคกลาง,1216.9,พันคน,สำนักงานสถิติแห่งชาติ
2563,การรวมกลุ่ม,ไตรมาสที่ 2,522,ภาคกลาง,2.0,พันคน,สำนักงานสถิติแห่งชาติ
2563,นายจ้าง,ไตรมาสที่ 2,523,ภาคเหนือ,95.9,พันคน,สำนักงานสถิติแห่งชาติ
2563,ลูกจ้างรัฐบาล,ไตรมาสที่ 2,524,ภาคเหนือ,670.2,พันคน,สำนักงานสถิติแห่งชาติ
2563,ลูกจ้างเอกชน,ไตรมาสที่ 2,525,ภาคเหนือ,1588.4,พันคน,สำนักงานสถิติแห่งชาติ
2563,ทำงานส่วนตัว,ไตรมาสที่ 2,526,ภาคเหนือ,2243.1,พันคน,สำนักงานสถิติแห่งชาติ
2563,ช่วยธุรกิจครอบครัว,ไตรมาสที่ 2,527,ภาคเหนือ,1240.2,พันคน,สำนักงานสถิติแห่งชาติ
2563,การรวมกลุ่ม,ไตรมาสที่ 2,528,ภาคเหนือ,2.6,พันคน,สำนักงานสถิติแห่งชาติ
2563,นายจ้าง,ไตรมาสที่ 2,529,ภาคตะวันออกเฉียงเหนือ,114.7,พันคน,สำนักงานสถิติแห่งชาติ
2563,ลูกจ้างรัฐบาล,ไตรมาสที่ 2,530,ภาคตะวันออกเฉียงเหนือ,927.6,พันคน,สำนักงานสถิติแห่งชาติ
2563,ลูกจ้างเอกชน,ไตรมาสที่ 2,531,ภาคตะวันออกเฉียงเหนือ,1877.6,พันคน,สำนักงานสถิติแห่งชาติ
2563,ทำงานส่วนตัว,ไตรมาสที่ 2,532,ภาคตะวันออกเฉียงเหนือ,3936.2,พันคน,สำนักงานสถิติแห่งชาติ
2563,ช่วยธุรกิจครอบครัว,ไตรมาสที่ 2,533,ภาคตะวันออกเฉียงเหนือ,2300.4,พันคน,สำนักงานสถิติแห่งชาติ
2563,การรวมกลุ่ม,ไตรมาสที่ 2,534,ภาคตะวันออกเฉียงเหนือ,33.0,พันคน,สำนักงานสถิติแห่งชาติ
2563,นายจ้าง,ไตรมาสที่ 2,535,ภาคใต้,156.1,พันคน,สำนักงานสถิติแห่งชาติ
2563,ลูกจ้างรัฐบาล,ไตรมาสที่ 2,536,ภาคใต้,472.8,พันคน,สำนักงานสถิติแห่งชาติ
2563,ลูกจ้างเอกชน,ไตรมาสที่ 2,537,ภาคใต้,1961.5,พันคน,สำนักงานสถิติแห่งชาติ
2563,ทำงานส่วนตัว,ไตรมาสที่ 2,538,ภาคใต้,1793.8,พันคน,สำนักงานสถิติแห่งชาติ
2563,ช่วยธุรกิจครอบครัว,ไตรมาสที่ 2,539,ภาคใต้,742.4,พันคน,สำนักงานสถิติแห่งชาติ
2563,การรวมกลุ่ม,ไตรมาสที่ 2,540,ภาคใต้,3.3,พันคน,สำนักงานสถิติแห่งชาติ
2563,นายจ้าง,ไตรมาสที่ 3,541,กรุงเทพมหานคร,214.1,พันคน,สำนักงานสถิติแห่งชาติ
2563,ลูกจ้างรัฐบาล,ไตรมาสที่ 3,542,กรุงเทพมหานคร,496.6,พันคน,สำนักงานสถิติแห่งชาติ
2563,ลูกจ้างเอกชน,ไตรมาสที่ 3,543,กรุงเทพมหานคร,3189.3,พันคน,สำนักงานสถิติแห่งชาติ
2563,ทำงานส่วนตัว,ไตรมาสที่ 3,544,กรุงเทพมหานคร,1069.6,พันคน,สำนักงานสถิติแห่งชาติ
2563,ช่วยธุรกิจครอบครัว,ไตรมาสที่ 3,545,กรุงเทพมหานคร,318.1,พันคน,สำนักงานสถิติแห่งชาติ
2563,การรวมกลุ่ม,ไตรมาสที่ 3,546,กรุงเทพมหานคร,0.0,พันคน,สำนักงานสถิติแห่งชาติ
2563,นายจ้าง,ไตรมาสที่ 3,547,ภาคกลาง,306.8,พันคน,สำนักงานสถิติแห่งชาติ
2563,ลูกจ้างรัฐบาล,ไตรมาสที่ 3,548,ภาคกลาง,998.5,พันคน,สำนักงานสถิติแห่งชาติ
2563,ลูกจ้างเอกชน,ไตรมาสที่ 3,549,ภาคกลาง,6175.7,พันคน,สำนักงานสถิติแห่งชาติ
2563,ทำงานส่วนตัว,ไตรมาสที่ 3,550,ภาคกลาง,2950.0,พันคน,สำนักงานสถิติแห่งชาติ
2563,ช่วยธุรกิจครอบครัว,ไตรมาสที่ 3,551,ภาคกลาง,1346.0,พันคน,สำนักงานสถิติแห่งชาติ
2563,การรวมกลุ่ม,ไตรมาสที่ 3,552,ภาคกลาง,2.2,พันคน,สำนักงานสถิติแห่งชาติ
2563,นายจ้าง,ไตรมาสที่ 3,553,ภาคเหนือ,93.1,พันคน,สำนักงานสถิติแห่งชาติ
2563,ลูกจ้างรัฐบาล,ไตรมาสที่ 3,554,ภาคเหนือ,628.5,พันคน,สำนักงานสถิติแห่งชาติ
2563,ลูกจ้างเอกชน,ไตรมาสที่ 3,555,ภาคเหนือ,1600.3,พันคน,สำนักงานสถิติแห่งชาติ
2563,ทำงานส่วนตัว,ไตรมาสที่ 3,556,ภาคเหนือ,2382.7,พันคน,สำนักงานสถิติแห่งชาติ
2563,ช่วยธุรกิจครอบครัว,ไตรมาสที่ 3,557,ภาคเหนือ,1484.3,พันคน,สำนักงานสถิติแห่งชาติ
2563,การรวมกลุ่ม,ไตรมาสที่ 3,558,ภาคเหนือ,0.5,พันคน,สำนักงานสถิติแห่งชาติ
2563,นายจ้าง,ไตรมาสที่ 3,559,ภาคตะวันออกเฉียงเหนือ,94.9,พันคน,สำนักงานสถิติแห่งชาติ
2563,ลูกจ้างรัฐบาล,ไตรมาสที่ 3,560,ภาคตะวันออกเฉียงเหนือ,931.0,พันคน,สำนักงานสถิติแห่งชาติ
2563,ลูกจ้างเอกชน,ไตรมาสที่ 3,561,ภาคตะวันออกเฉียงเหนือ,1742.3,พันคน,สำนักงานสถิติแห่งชาติ
2556,นายจ้าง,ไตรมาสที่ 1,562,กรุงเทพมหานคร,200.33,พันคน,สำนักงานสถิติแห่งชาติ
2556,ลูกจ้างรัฐบาล,ไตรมาสที่ 1,563,กรุงเทพมหานคร,373.3,พันคน,สำนักงานสถิติแห่งชาติ
2556,ลูกจ้างเอกชน,ไตรมาสที่ 1,564,กรุงเทพมหานคร,2101.95,พันคน,สำนักงานสถิติแห่งชาติ
2556,ทำงานส่วนตัว,ไตรมาสที่ 1,565,กรุงเทพมหานคร,927.2,พันคน,สำนักงานสถิติแห่งชาติ
2556,ช่วยธุรกิจครอบครัว,ไตรมาสที่ 1,566,กรุงเทพมหานคร,322.32,พันคน,สำนักงานสถิติแห่งชาติ
2556,การรวมกลุ่ม,ไตรมาสที่ 1,567,กรุงเทพมหานคร,1.46,พันคน,สำนักงานสถิติแห่งชาติ
2556,นายจ้าง,ไตรมาสที่ 1,568,ภาคกลาง,293.62,พันคน,สำนักงานสถิติแห่งชาติ
2556,ลูกจ้างรัฐบาล,ไตรมาสที่ 1,569,ภาคกลาง,782.36,พันคน,สำนักงานสถิติแห่งชาติ
2556,ลูกจ้างเอกชน,ไตรมาสที่ 1,570,ภาคกลาง,4661.8,พันคน,สำนักงานสถิติแห่งชาติ
2556,ทำงานส่วนตัว,ไตรมาสที่ 1,571,ภาคกลาง,2432.27,พันคน,สำนักงานสถิติแห่งชาติ
2556,ช่วยธุรกิจครอบครัว,ไตรมาสที่ 1,572,ภาคกลาง,1465.94,พันคน,สำนักงานสถิติแห่งชาติ
2556,การรวมกลุ่ม,ไตรมาสที่ 1,573,ภาคกลาง,1.99,พันคน,สำนักงานสถิติแห่งชาติ
2556,นายจ้าง,ไตรมาสที่ 1,574,ภาคเหนือ,145.81,พันคน,สำนักงานสถิติแห่งชาติ
2556,ลูกจ้างรัฐบาล,ไตรมาสที่ 1,575,ภาคเหนือ,707.72,พันคน,สำนักงานสถิติแห่งชาติ
2556,ลูกจ้างเอกชน,ไตรมาสที่ 1,576,ภาคเหนือ,2112.66,พันคน,สำนักงานสถิติแห่งชาติ
2556,ทำงานส่วนตัว,ไตรมาสที่ 1,577,ภาคเหนือ,2434.98,พันคน,สำนักงานสถิติแห่งชาติ
2556,ช่วยธุรกิจครอบครัว,ไตรมาสที่ 1,578,ภาคเหนือ,1790.36,พันคน,สำนักงานสถิติแห่งชาติ
2556,การรวมกลุ่ม,ไตรมาสที่ 1,579,ภาคเหนือ,5.42,พันคน,สำนักงานสถิติแห่งชาติ
2556,นายจ้าง,ไตรมาสที่ 1,580,ภาคตะวันออกเฉียงเหนือ,145.81,พันคน,สำนักงานสถิติแห่งชาติ
2556,ลูกจ้างรัฐบาล,ไตรมาสที่ 1,581,ภาคตะวันออกเฉียงเหนือ,707.72,พันคน,สำนักงานสถิติแห่งชาติ
2556,ลูกจ้างเอกชน,ไตรมาสที่ 1,582,ภาคตะวันออกเฉียงเหนือ,2112.66,พันคน,สำนักงานสถิติแห่งชาติ
2556,ทำงานส่วนตัว,ไตรมาสที่ 1,583,ภาคตะวันออกเฉียงเหนือ,2434.98,พันคน,สำนักงานสถิติแห่งชาติ
2556,ช่วยธุรกิจครอบครัว,ไตรมาสที่ 1,584,ภาคตะวันออกเฉียงเหนือ,1790.36,พันคน,สำนักงานสถิติแห่งชาติ
2556,การรวมกลุ่ม,ไตรมาสที่ 1,585,ภาคตะวันออกเฉียงเหนือ,5.42,พันคน,สำนักงานสถิติแห่งชาติ
2556,นายจ้าง,ไตรมาสที่ 1,586,ภาคใต้,204.37,พันคน,สำนักงานสถิติแห่งชาติ
2556,ลูกจ้างรัฐบาล,ไตรมาสที่ 1,587,ภาคใต้,499.29,พันคน,สำนักงานสถิติแห่งชาติ
2556,ลูกจ้างเอกชน,ไตรมาสที่ 1,588,ภาคใต้,1798.67,พันคน,สำนักงานสถิติแห่งชาติ
2556,ทำงานส่วนตัว,ไตรมาสที่ 1,589,ภาคใต้,1848.54,พันคน,สำนักงานสถิติแห่งชาติ
2556,ช่วยธุรกิจครอบครัว,ไตรมาสที่ 1,590,ภาคใต้,1137.84,พันคน,สำนักงานสถิติแห่งชาติ
2556,การรวมกลุ่ม,ไตรมาสที่ 1,591,ภาคใต้,3.02,พันคน,สำนักงานสถิติแห่งชาติ
2556,นายจ้าง,ไตรมาสที่ 2,592,กรุงเทพมหานคร,197.72,พันคน,สำนักงานสถิติแห่งชาติ
2556,ลูกจ้างรัฐบาล,ไตรมาสที่ 2,593,กรุงเทพมหานคร,370.12,พันคน,สำนักงานสถิติแห่งชาติ
2556,ลูกจ้างเอกชน,ไตรมาสที่ 2,594,กรุงเทพมหานคร,2161.18,พันคน,สำนักงานสถิติแห่งชาติ
2556,ทำงานส่วนตัว,ไตรมาสที่ 2,595,กรุงเทพมหานคร,877.91,พันคน,สำนักงานสถิติแห่งชาติ
2556,ช่วยธุรกิจครอบครัว,ไตรมาสที่ 2,596,กรุงเทพมหานคร,308.79,พันคน,สำนักงานสถิติแห่งชาติ
2556,การรวมกลุ่ม,ไตรมาสที่ 2,597,กรุงเทพมหานคร,0.34,พันคน,สำนักงานสถิติแห่งชาติ
2556,นายจ้าง,ไตรมาสที่ 2,598,ภาคกลาง,276.6,พันคน,สำนักงานสถิติแห่งชาติ
2556,ลูกจ้างรัฐบาล,ไตรมาสที่ 2,599,ภาคกลาง,757.3,พันคน,สำนักงานสถิติแห่งชาติ
2556,ลูกจ้างเอกชน,ไตรมาสที่ 2,600,ภาคกลาง,4635.78,พันคน,สำนักงานสถิติแห่งชาติ
2556,ทำงานส่วนตัว,ไตรมาสที่ 2,601,ภาคกลาง,2425.82,พันคน,สำนักงานสถิติแห่งชาติ
2556,ช่วยธุรกิจครอบครัว,ไตรมาสที่ 2,602,ภาคกลาง,1511.02,พันคน,สำนักงานสถิติแห่งชาติ
2556,การรวมกลุ่ม,ไตรมาสที่ 2,603,ภาคกลาง,2.54,พันคน,สำนักงานสถิติแห่งชาติ
2556,นายจ้าง,ไตรมาสที่ 2,604,ภาคเหนือ,150.66,พันคน,สำนักงานสถิติแห่งชาติ
2556,ลูกจ้างรัฐบาล,ไตรมาสที่ 2,605,ภาคเหนือ,716.93,พันคน,สำนักงานสถิติแห่งชาติ
2556,ลูกจ้างเอกชน,ไตรมาสที่ 2,606,ภาคเหนือ,2002.06,พันคน,สำนักงานสถิติแห่งชาติ
2556,ทำงานส่วนตัว,ไตรมาสที่ 2,607,ภาคเหนือ,2432.26,พันคน,สำนักงานสถิติแห่งชาติ
2556,ช่วยธุรกิจครอบครัว,ไตรมาสที่ 2,608,ภาคเหนือ,1946.77,พันคน,สำนักงานสถิติแห่งชาติ
2556,การรวมกลุ่ม,ไตรมาสที่ 2,609,ภาคเหนือ,10.17,พันคน,สำนักงานสถิติแห่งชาติ
2556,นายจ้าง,ไตรมาสที่ 2,610,ภาคตะวันออกเฉียงเหนือ,176.32,พันคน,สำนักงานสถิติแห่งชาติ
2563,ทำงานส่วนตัว,ไตรมาสที่ 3,611,ภาคตะวันออกเฉียงเหนือ,4129.4,พันคน,สำนักงานสถิติแห่งชาติ
2563,ช่วยธุรกิจครอบครัว,ไตรมาสที่ 3,612,ภาคตะวันออกเฉียงเหนือ,2676.4,พันคน,สำนักงานสถิติแห่งชาติ
2563,การรวมกลุ่ม,ไตรมาสที่ 3,613,ภาคตะวันออกเฉียงเหนือ,24.6,พันคน,สำนักงานสถิติแห่งชาติ
2563,นายจ้าง,ไตรมาสที่ 3,614,ภาคใต้,184.8,พันคน,สำนักงานสถิติแห่งชาติ
2563,ลูกจ้างรัฐบาล,ไตรมาสที่ 3,615,ภาคใต้,465.6,พันคน,สำนักงานสถิติแห่งชาติ
2563,ลูกจ้างเอกชน,ไตรมาสที่ 3,616,ภาคใต้,1838.9,พันคน,สำนักงานสถิติแห่งชาติ
2563,ทำงานส่วนตัว,ไตรมาสที่ 3,617,ภาคใต้,1783.0,พันคน,สำนักงานสถิติแห่งชาติ
2563,ช่วยธุรกิจครอบครัว,ไตรมาสที่ 3,618,ภาคใต้,794.3,พันคน,สำนักงานสถิติแห่งชาติ
2563,การรวมกลุ่ม,ไตรมาสที่ 3,619,ภาคใต้,5.6,พันคน,สำนักงานสถิติแห่งชาติ
2563,นายจ้าง,ไตรมาสที่ 4,620,กรุงเทพมหานคร,221.9,พันคน,สำนักงานสถิติแห่งชาติ
2563,ลูกจ้างรัฐบาล,ไตรมาสที่ 4,621,กรุงเทพมหานคร,473.9,พันคน,สำนักงานสถิติแห่งชาติ
2563,ลูกจ้างเอกชน,ไตรมาสที่ 4,622,กรุงเทพมหานคร,3204.6,พันคน,สำนักงานสถิติแห่งชาติ
2563,ทำงานส่วนตัว,ไตรมาสที่ 4,623,กรุงเทพมหานคร,1074.3,พันคน,สำนักงานสถิติแห่งชาติ
2563,ช่วยธุรกิจครอบครัว,ไตรมาสที่ 4,624,กรุงเทพมหานคร,375.3,พันคน,สำนักงานสถิติแห่งชาติ
2563,การรวมกลุ่ม,ไตรมาสที่ 4,625,กรุงเทพมหานคร,0.0,พันคน,สำนักงานสถิติแห่งชาติ
2563,นายจ้าง,ไตรมาสที่ 4,626,ภาคกลาง,332.1,พันคน,สำนักงานสถิติแห่งชาติ
2563,ลูกจ้างรัฐบาล,ไตรมาสที่ 4,627,ภาคกลาง,993.0,พันคน,สำนักงานสถิติแห่งชาติ
2563,ลูกจ้างเอกชน,ไตรมาสที่ 4,628,ภาคกลาง,6287.4,พันคน,สำนักงานสถิติแห่งชาติ
2563,ทำงานส่วนตัว,ไตรมาสที่ 4,629,ภาคกลาง,3049.3,พันคน,สำนักงานสถิติแห่งชาติ
2563,ช่วยธุรกิจครอบครัว,ไตรมาสที่ 4,630,ภาคกลาง,1332.3,พันคน,สำนักงานสถิติแห่งชาติ
2563,การรวมกลุ่ม,ไตรมาสที่ 4,631,ภาคกลาง,4.6,พันคน,สำนักงานสถิติแห่งชาติ
2563,นายจ้าง,ไตรมาสที่ 4,632,ภาคเหนือ,98.1,พันคน,สำนักงานสถิติแห่งชาติ
2563,ลูกจ้างรัฐบาล,ไตรมาสที่ 4,633,ภาคเหนือ,632.2,พันคน,สำนักงานสถิติแห่งชาติ
2563,ลูกจ้างเอกชน,ไตรมาสที่ 4,634,ภาคเหนือ,1737.8,พันคน,สำนักงานสถิติแห่งชาติ
2563,ทำงานส่วนตัว,ไตรมาสที่ 4,635,ภาคเหนือ,2361.3,พันคน,สำนักงานสถิติแห่งชาติ
2563,ช่วยธุรกิจครอบครัว,ไตรมาสที่ 4,636,ภาคเหนือ,1374.3,พันคน,สำนักงานสถิติแห่งชาติ
2563,การรวมกลุ่ม,ไตรมาสที่ 4,637,ภาคเหนือ,4.2,พันคน,สำนักงานสถิติแห่งชาติ
2563,นายจ้าง,ไตรมาสที่ 4,638,ภาคตะวันออกเฉียงเหนือ,106.4,พันคน,สำนักงานสถิติแห่งชาติ
2563,ลูกจ้างรัฐบาล,ไตรมาสที่ 4,639,ภาคตะวันออกเฉียงเหนือ,988.7,พันคน,สำนักงานสถิติแห่งชาติ
2563,ลูกจ้างเอกชน,ไตรมาสที่ 4,640,ภาคตะวันออกเฉียงเหนือ,1869.6,พันคน,สำนักงานสถิติแห่งชาติ
2563,ทำงานส่วนตัว,ไตรมาสที่ 4,641,ภาคตะวันออกเฉียงเหนือ,4114.3,พันคน,สำนักงานสถิติแห่งชาติ
2563,ช่วยธุรกิจครอบครัว,ไตรมาสที่ 4,642,ภาคตะวันออกเฉียงเหนือ,2548.2,พันคน,สำนักงานสถิติแห่งชาติ
2563,การรวมกลุ่ม,ไตรมาสที่ 4,643,ภาคตะวันออกเฉียงเหนือ,20.1,พันคน,สำนักงานสถิติแห่งชาติ
2563,นายจ้าง,ไตรมาสที่ 4,644,ภาคใต้,172.5,พันคน,สำนักงานสถิติแห่งชาติ
2563,ลูกจ้างรัฐบาล,ไตรมาสที่ 4,645,ภาคใต้,458.3,พันคน,สำนักงานสถิติแห่งชาติ
2563,ลูกจ้างเอกชน,ไตรมาสที่ 4,646,ภาคใต้,1882.4,พันคน,สำนักงานสถิติแห่งชาติ
2563,ทำงานส่วนตัว,ไตรมาสที่ 4,647,ภาคใต้,1827.4,พันคน,สำนักงานสถิติแห่งชาติ
2563,ช่วยธุรกิจครอบครัว,ไตรมาสที่ 4,648,ภาคใต้,742.8,พันคน,สำนักงานสถิติแห่งชาติ
2563,การรวมกลุ่ม,ไตรมาสที่ 4,649,ภาคใต้,1.4,พันคน,สำนักงานสถิติแห่งชาติ
2564,นายจ้าง,ไตรมาสที่ 1,650,กรุงเทพมหานคร,197.2,พันคน,สำนักงานสถิติแห่งชาติ
2564,ลูกจ้างรัฐบาล,ไตรมาสที่ 1,651,กรุงเทพมหานคร,465.1,พันคน,สำนักงานสถิติแห่งชาติ
2564,ลูกจ้างเอกชน,ไตรมาสที่ 1,652,กรุงเทพมหานคร,3191.8,พันคน,สำนักงานสถิติแห่งชาติ
2564,ทำงานส่วนตัว,ไตรมาสที่ 1,653,กรุงเทพมหานคร,1194.6,พันคน,สำนักงานสถิติแห่งชาติ
2564,ช่วยธุรกิจครอบครัว,ไตรมาสที่ 1,654,กรุงเทพมหานคร,387.8,พันคน,สำนักงานสถิติแห่งชาติ
2564,การรวมกลุ่ม,ไตรมาสที่ 1,655,กรุงเทพมหานคร,8.9,พันคน,สำนักงานสถิติแห่งชาติ
2564,นายจ้าง,ไตรมาสที่ 1,656,ภาคกลาง,304.8,พันคน,สำนักงานสถิติแห่งชาติ
2564,ลูกจ้างรัฐบาล,ไตรมาสที่ 1,657,ภาคกลาง,1085.3,พันคน,สำนักงานสถิติแห่งชาติ
2564,ลูกจ้างเอกชน,ไตรมาสที่ 1,658,ภาคกลาง,6266.0,พันคน,สำนักงานสถิติแห่งชาติ
2564,ทำงานส่วนตัว,ไตรมาสที่ 1,659,ภาคกลาง,3130.1,พันคน,สำนักงานสถิติแห่งชาติ
2564,ช่วยธุรกิจครอบครัว,ไตรมาสที่ 1,660,ภาคกลาง,1223.7,พันคน,สำนักงานสถิติแห่งชาติ
2564,การรวมกลุ่ม,ไตรมาสที่ 1,661,ภาคกลาง,2.1,พันคน,สำนักงานสถิติแห่งชาติ
2564,นายจ้าง,ไตรมาสที่ 1,662,ภาคเหนือ,111.2,พันคน,สำนักงานสถิติแห่งชาติ
2564,ลูกจ้างรัฐบาล,ไตรมาสที่ 1,663,ภาคเหนือ,703.5,พันคน,สำนักงานสถิติแห่งชาติ
2564,ลูกจ้างเอกชน,ไตรมาสที่ 1,664,ภาคเหนือ,1475.7,พันคน,สำนักงานสถิติแห่งชาติ
2564,ทำงานส่วนตัว,ไตรมาสที่ 1,665,ภาคเหนือ,2563.2,พันคน,สำนักงานสถิติแห่งชาติ
2564,ช่วยธุรกิจครอบครัว,ไตรมาสที่ 1,666,ภาคเหนือ,1236.7,พันคน,สำนักงานสถิติแห่งชาติ
2564,การรวมกลุ่ม,ไตรมาสที่ 1,667,ภาคเหนือ,5.9,พันคน,สำนักงานสถิติแห่งชาติ
2564,นายจ้าง,ไตรมาสที่ 1,668,ภาคตะวันออกเฉียงเหนือ,107.0,พันคน,สำนักงานสถิติแห่งชาติ
2564,ลูกจ้างรัฐบาล,ไตรมาสที่ 1,669,ภาคตะวันออกเฉียงเหนือ,963.5,พันคน,สำนักงานสถิติแห่งชาติ
2564,ลูกจ้างเอกชน,ไตรมาสที่ 1,670,ภาคตะวันออกเฉียงเหนือ,2134.1,พันคน,สำนักงานสถิติแห่งชาติ
2564,ทำงานส่วนตัว,ไตรมาสที่ 1,671,ภาคตะวันออกเฉียงเหนือ,3803.2,พันคน,สำนักงานสถิติแห่งชาติ
2564,ช่วยธุรกิจครอบครัว,ไตรมาสที่ 1,672,ภาคตะวันออกเฉียงเหนือ,1846.0,พันคน,สำนักงานสถิติแห่งชาติ
2564,การรวมกลุ่ม,ไตรมาสที่ 1,673,ภาคตะวันออกเฉียงเหนือ,54.2,พันคน,สำนักงานสถิติแห่งชาติ
2564,นายจ้าง,ไตรมาสที่ 1,674,ภาคใต้,185.8,พันคน,สำนักงานสถิติแห่งชาติ
2564,ลูกจ้างรัฐบาล,ไตรมาสที่ 1,675,ภาคใต้,490.8,พันคน,สำนักงานสถิติแห่งชาติ
2564,ลูกจ้างเอกชน,ไตรมาสที่ 1,676,ภาคใต้,1807.1,พันคน,สำนักงานสถิติแห่งชาติ
2564,ทำงานส่วนตัว,ไตรมาสที่ 1,677,ภาคใต้,1849.8,พันคน,สำนักงานสถิติแห่งชาติ
2564,ช่วยธุรกิจครอบครัว,ไตรมาสที่ 1,678,ภาคใต้,783.3,พันคน,สำนักงานสถิติแห่งชาติ
2564,การรวมกลุ่ม,ไตรมาสที่ 1,679,ภาคใต้,0.6,พันคน,สำนักงานสถิติแห่งชาติ
2564,นายจ้าง,ไตรมาสที่ 2,680,กรุงเทพมหานคร,187.8,พันคน,สำนักงานสถิติแห่งชาติ
2564,ลูกจ้างรัฐบาล,ไตรมาสที่ 2,681,กรุงเทพมหานคร,486.4,พันคน,สำนักงานสถิติแห่งชาติ
2564,ลูกจ้างเอกชน,ไตรมาสที่ 2,682,กรุงเทพมหานคร,3158.2,พันคน,สำนักงานสถิติแห่งชาติ
2564,ทำงานส่วนตัว,ไตรมาสที่ 2,683,กรุงเทพมหานคร,1184.9,พันคน,สำนักงานสถิติแห่งชาติ
2564,ช่วยธุรกิจครอบครัว,ไตรมาสที่ 2,684,กรุงเทพมหานคร,355.9,พันคน,สำนักงานสถิติแห่งชาติ
2564,การรวมกลุ่ม,ไตรมาสที่ 2,685,กรุงเทพมหานคร,1.1,พันคน,สำนักงานสถิติแห่งชาติ
2564,นายจ้าง,ไตรมาสที่ 2,686,ภาคกลาง,339.3,พันคน,สำนักงานสถิติแห่งชาติ
2564,ลูกจ้างรัฐบาล,ไตรมาสที่ 2,687,ภาคกลาง,1106.8,พันคน,สำนักงานสถิติแห่งชาติ
2564,ลูกจ้างเอกชน,ไตรมาสที่ 2,688,ภาคกลาง,6185.7,พันคน,สำนักงานสถิติแห่งชาติ
2564,ทำงานส่วนตัว,ไตรมาสที่ 2,689,ภาคกลาง,3076.3,พันคน,สำนักงานสถิติแห่งชาติ
2564,ช่วยธุรกิจครอบครัว,ไตรมาสที่ 2,690,ภาคกลาง,1308.7,พันคน,สำนักงานสถิติแห่งชาติ
2564,การรวมกลุ่ม,ไตรมาสที่ 2,691,ภาคกลาง,3.2,พันคน,สำนักงานสถิติแห่งชาติ
2564,นายจ้าง,ไตรมาสที่ 2,692,ภาคเหนือ,98.1,พันคน,สำนักงานสถิติแห่งชาติ
2564,ลูกจ้างรัฐบาล,ไตรมาสที่ 2,693,ภาคเหนือ,657.8,พันคน,สำนักงานสถิติแห่งชาติ
2564,ลูกจ้างเอกชน,ไตรมาสที่ 2,694,ภาคเหนือ,1331.3,พันคน,สำนักงานสถิติแห่งชาติ
2564,ทำงานส่วนตัว,ไตรมาสที่ 2,695,ภาคเหนือ,2626.7,พันคน,สำนักงานสถิติแห่งชาติ
2564,ช่วยธุรกิจครอบครัว,ไตรมาสที่ 2,696,ภาคเหนือ,1323.9,พันคน,สำนักงานสถิติแห่งชาติ
2564,การรวมกลุ่ม,ไตรมาสที่ 2,697,ภาคเหนือ,4.1,พันคน,สำนักงานสถิติแห่งชาติ
2564,นายจ้าง,ไตรมาสที่ 2,698,ภาคตะวันออกเฉียงเหนือ,105.1,พันคน,สำนักงานสถิติแห่งชาติ
2564,ลูกจ้างรัฐบาล,ไตรมาสที่ 2,699,ภาคตะวันออกเฉียงเหนือ,953.3,พันคน,สำนักงานสถิติแห่งชาติ
2564,ลูกจ้างเอกชน,ไตรมาสที่ 2,700,ภาคตะวันออกเฉียงเหนือ,1909.8,พันคน,สำนักงานสถิติแห่งชาติ
2564,ทำงานส่วนตัว,ไตรมาสที่ 2,701,ภาคตะวันออกเฉียงเหนือ,4051.5,พันคน,สำนักงานสถิติแห่งชาติ
2564,ช่วยธุรกิจครอบครัว,ไตรมาสที่ 2,702,ภาคตะวันออกเฉียงเหนือ,2198.5,พันคน,สำนักงานสถิติแห่งชาติ
2564,การรวมกลุ่ม,ไตรมาสที่ 2,703,ภาคตะวันออกเฉียงเหนือ,33.6,พันคน,สำนักงานสถิติแห่งชาติ
2564,นายจ้าง,ไตรมาสที่ 2,704,ภาคใต้,175.0,พันคน,สำนักงานสถิติแห่งชาติ
2564,ลูกจ้างรัฐบาล,ไตรมาสที่ 2,705,ภาคใต้,509.4,พันคน,สำนักงานสถิติแห่งชาติ
2564,ลูกจ้างเอกชน,ไตรมาสที่ 2,706,ภาคใต้,1756.8,พันคน,สำนักงานสถิติแห่งชาติ
2556,ลูกจ้างเอกชน,ไตรมาสที่ 2,707,ภาคตะวันออกเฉียงเหนือ,3022.81,พันคน,สำนักงานสถิติแห่งชาติ
2556,ทำงานส่วนตัว,ไตรมาสที่ 2,708,ภาคตะวันออกเฉียงเหนือ,4755.74,พันคน,สำนักงานสถิติแห่งชาติ
2556,ช่วยธุรกิจครอบครัว,ไตรมาสที่ 2,709,ภาคตะวันออกเฉียงเหนือ,3497.38,พันคน,สำนักงานสถิติแห่งชาติ
2556,การรวมกลุ่ม,ไตรมาสที่ 2,710,ภาคตะวันออกเฉียงเหนือ,60.17,พันคน,สำนักงานสถิติแห่งชาติ
2556,นายจ้าง,ไตรมาสที่ 2,711,ภาคใต้,189.71,พันคน,สำนักงานสถิติแห่งชาติ
2556,ลูกจ้างรัฐบาล,ไตรมาสที่ 2,712,ภาคใต้,498.67,พันคน,สำนักงานสถิติแห่งชาติ
2556,ลูกจ้างเอกชน,ไตรมาสที่ 2,713,ภาคใต้,1761.8,พันคน,สำนักงานสถิติแห่งชาติ
2556,ทำงานส่วนตัว,ไตรมาสที่ 2,714,ภาคใต้,1838.64,พันคน,สำนักงานสถิติแห่งชาติ
2556,ช่วยธุรกิจครอบครัว,ไตรมาสที่ 2,715,ภาคใต้,1181.62,พันคน,สำนักงานสถิติแห่งชาติ
2556,การรวมกลุ่ม,ไตรมาสที่ 2,716,ภาคใต้,2.62,พันคน,สำนักงานสถิติแห่งชาติ
2556,นายจ้าง,ไตรมาสที่ 3,717,กรุงเทพมหานคร,191.37,พันคน,สำนักงานสถิติแห่งชาติ
2556,ลูกจ้างรัฐบาล,ไตรมาสที่ 3,718,กรุงเทพมหานคร,349.24,พันคน,สำนักงานสถิติแห่งชาติ
2556,ลูกจ้างเอกชน,ไตรมาสที่ 3,719,กรุงเทพมหานคร,2075.37,พันคน,สำนักงานสถิติแห่งชาติ
2556,ทำงานส่วนตัว,ไตรมาสที่ 3,720,กรุงเทพมหานคร,940.25,พันคน,สำนักงานสถิติแห่งชาติ
2556,ช่วยธุรกิจครอบครัว,ไตรมาสที่ 3,721,กรุงเทพมหานคร,302.6,พันคน,สำนักงานสถิติแห่งชาติ
2556,การรวมกลุ่ม,ไตรมาสที่ 3,722,กรุงเทพมหานคร,1.19,พันคน,สำนักงานสถิติแห่งชาติ
2556,นายจ้าง,ไตรมาสที่ 3,723,ภาคกลาง,267.38,พันคน,สำนักงานสถิติแห่งชาติ
2556,ลูกจ้างรัฐบาล,ไตรมาสที่ 3,724,ภาคกลาง,800.0,พันคน,สำนักงานสถิติแห่งชาติ
2556,ลูกจ้างเอกชน,ไตรมาสที่ 3,725,ภาคกลาง,4409.56,พันคน,สำนักงานสถิติแห่งชาติ
2556,ทำงานส่วนตัว,ไตรมาสที่ 3,726,ภาคกลาง,2534.75,พันคน,สำนักงานสถิติแห่งชาติ
2556,ช่วยธุรกิจครอบครัว,ไตรมาสที่ 3,727,ภาคกลาง,1439.85,พันคน,สำนักงานสถิติแห่งชาติ
2556,การรวมกลุ่ม,ไตรมาสที่ 3,728,ภาคกลาง,3.68,พันคน,สำนักงานสถิติแห่งชาติ
2556,นายจ้าง,ไตรมาสที่ 3,729,ภาคเหนือ,152.53,พันคน,สำนักงานสถิติแห่งชาติ
2556,ลูกจ้างรัฐบาล,ไตรมาสที่ 3,730,ภาคเหนือ,701.67,พันคน,สำนักงานสถิติแห่งชาติ
2556,ลูกจ้างเอกชน,ไตรมาสที่ 3,731,ภาคเหนือ,1839.37,พันคน,สำนักงานสถิติแห่งชาติ
2556,ทำงานส่วนตัว,ไตรมาสที่ 3,732,ภาคเหนือ,2569.27,พันคน,สำนักงานสถิติแห่งชาติ
2556,ช่วยธุรกิจครอบครัว,ไตรมาสที่ 3,733,ภาคเหนือ,2052.63,พันคน,สำนักงานสถิติแห่งชาติ
2556,การรวมกลุ่ม,ไตรมาสที่ 3,734,ภาคเหนือ,9.29,พันคน,สำนักงานสถิติแห่งชาติ
2556,นายจ้าง,ไตรมาสที่ 3,735,ภาคตะวันออกเฉียงเหนือ,159.26,พันคน,สำนักงานสถิติแห่งชาติ
2556,ลูกจ้างรัฐบาล,ไตรมาสที่ 3,736,ภาคตะวันออกเฉียงเหนือ,1178.19,พันคน,สำนักงานสถิติแห่งชาติ
2556,ลูกจ้างเอกชน,ไตรมาสที่ 3,737,ภาคตะวันออกเฉียงเหนือ,2574.19,พันคน,สำนักงานสถิติแห่งชาติ
2556,ทำงานส่วนตัว,ไตรมาสที่ 3,738,ภาคตะวันออกเฉียงเหนือ,5164.97,พันคน,สำนักงานสถิติแห่งชาติ
2556,ช่วยธุรกิจครอบครัว,ไตรมาสที่ 3,739,ภาคตะวันออกเฉียงเหนือ,3961.49,พันคน,สำนักงานสถิติแห่งชาติ
2556,การรวมกลุ่ม,ไตรมาสที่ 3,740,ภาคตะวันออกเฉียงเหนือ,23.22,พันคน,สำนักงานสถิติแห่งชาติ
2556,นายจ้าง,ไตรมาสที่ 3,741,ภาคใต้,224.72,พันคน,สำนักงานสถิติแห่งชาติ
2556,ลูกจ้างรัฐบาล,ไตรมาสที่ 3,742,ภาคใต้,487.59,พันคน,สำนักงานสถิติแห่งชาติ
2556,ลูกจ้างเอกชน,ไตรมาสที่ 3,743,ภาคใต้,1780.76,พันคน,สำนักงานสถิติแห่งชาติ
2556,ทำงานส่วนตัว,ไตรมาสที่ 3,744,ภาคใต้,1843.7,พันคน,สำนักงานสถิติแห่งชาติ
2556,ช่วยธุรกิจครอบครัว,ไตรมาสที่ 3,745,ภาคใต้,1073.52,พันคน,สำนักงานสถิติแห่งชาติ
2556,การรวมกลุ่ม,ไตรมาสที่ 3,746,ภาคใต้,0.81,พันคน,สำนักงานสถิติแห่งชาติ
2556,นายจ้าง,ไตรมาสที่ 4,747,กรุงเทพมหานคร,225.98,พันคน,สำนักงานสถิติแห่งชาติ
2556,ลูกจ้างรัฐบาล,ไตรมาสที่ 4,748,กรุงเทพมหานคร,343.23,พันคน,สำนักงานสถิติแห่งชาติ
2556,ลูกจ้างเอกชน,ไตรมาสที่ 4,749,กรุงเทพมหานคร,2060.23,พันคน,สำนักงานสถิติแห่งชาติ
2556,ทำงานส่วนตัว,ไตรมาสที่ 4,750,กรุงเทพมหานคร,874.89,พันคน,สำนักงานสถิติแห่งชาติ
2556,ช่วยธุรกิจครอบครัว,ไตรมาสที่ 4,751,กรุงเทพมหานคร,301.86,พันคน,สำนักงานสถิติแห่งชาติ
2556,การรวมกลุ่ม,ไตรมาสที่ 4,752,กรุงเทพมหานคร,0.0,พันคน,สำนักงานสถิติแห่งชาติ
2556,นายจ้าง,ไตรมาสที่ 4,753,ภาคกลาง,,พันคน,สำนักงานสถิติแห่งชาติ
2556,ลูกจ้างรัฐบาล,ไตรมาสที่ 4,754,ภาคกลาง,,พันคน,สำนักงานสถิติแห่งชาติ
2564,ทำงานส่วนตัว,ไตรมาสที่ 2,755,ภาคใต้,1851.1,พันคน,สำนักงานสถิติแห่งชาติ
2564,ช่วยธุรกิจครอบครัว,ไตรมาสที่ 2,756,ภาคใต้,839.0,พันคน,สำนักงานสถิติแห่งชาติ
2564,การรวมกลุ่ม,ไตรมาสที่ 2,757,ภาคใต้,2.6,พันคน,สำนักงานสถิติแห่งชาติ
2564,นายจ้าง,ไตรมาสที่ 3,758,กรุงเทพมหานคร,177.3,พันคน,สำนักงานสถิติแห่งชาติ
2564,ลูกจ้างรัฐบาล,ไตรมาสที่ 3,759,กรุงเทพมหานคร,528.0,พันคน,สำนักงานสถิติแห่งชาติ
2564,ลูกจ้างเอกชน,ไตรมาสที่ 3,760,กรุงเทพมหานคร,2986.7,พันคน,สำนักงานสถิติแห่งชาติ
2564,ทำงานส่วนตัว,ไตรมาสที่ 3,761,กรุงเทพมหานคร,1161.0,พันคน,สำนักงานสถิติแห่งชาติ
2564,ช่วยธุรกิจครอบครัว,ไตรมาสที่ 3,762,กรุงเทพมหานคร,327.3,พันคน,สำนักงานสถิติแห่งชาติ
2564,นายจ้าง,ไตรมาสที่ 3,763,ภาคกลาง,306.8,พันคน,สำนักงานสถิติแห่งชาติ
2564,ลูกจ้างรัฐบาล,ไตรมาสที่ 3,764,ภาคกลาง,975.9,พันคน,สำนักงานสถิติแห่งชาติ
2564,ลูกจ้างเอกชน,ไตรมาสที่ 3,765,ภาคกลาง,6040.1,พันคน,สำนักงานสถิติแห่งชาติ
2564,ทำงานส่วนตัว,ไตรมาสที่ 3,766,ภาคกลาง,3080.3,พันคน,สำนักงานสถิติแห่งชาติ
2564,ช่วยธุรกิจครอบครัว,ไตรมาสที่ 3,767,ภาคกลาง,1412.8,พันคน,สำนักงานสถิติแห่งชาติ
2564,การรวมกลุ่ม,ไตรมาสที่ 3,768,ภาคกลาง,3.0,พันคน,สำนักงานสถิติแห่งชาติ
2564,นายจ้าง,ไตรมาสที่ 3,769,ภาคเหนือ,84.9,พันคน,สำนักงานสถิติแห่งชาติ
2564,ลูกจ้างรัฐบาล,ไตรมาสที่ 3,770,ภาคเหนือ,639.4,พันคน,สำนักงานสถิติแห่งชาติ
2564,ลูกจ้างเอกชน,ไตรมาสที่ 3,771,ภาคเหนือ,1237.0,พันคน,สำนักงานสถิติแห่งชาติ
2564,ทำงานส่วนตัว,ไตรมาสที่ 3,772,ภาคเหนือ,2616.4,พันคน,สำนักงานสถิติแห่งชาติ
2564,ช่วยธุรกิจครอบครัว,ไตรมาสที่ 3,773,ภาคเหนือ,1506.7,พันคน,สำนักงานสถิติแห่งชาติ
2564,การรวมกลุ่ม,ไตรมาสที่ 3,774,ภาคเหนือ,1.9,พันคน,สำนักงานสถิติแห่งชาติ
2564,นายจ้าง,ไตรมาสที่ 3,775,ภาคตะวันออกเฉียงเหนือ,93.0,พันคน,สำนักงานสถิติแห่งชาติ
2564,ลูกจ้างรัฐบาล,ไตรมาสที่ 3,776,ภาคตะวันออกเฉียงเหนือ,909.8,พันคน,สำนักงานสถิติแห่งชาติ
2564,ลูกจ้างเอกชน,ไตรมาสที่ 3,777,ภาคตะวันออกเฉียงเหนือ,1660.2,พันคน,สำนักงานสถิติแห่งชาติ
2564,ทำงานส่วนตัว,ไตรมาสที่ 3,778,ภาคตะวันออกเฉียงเหนือ,4201.5,พันคน,สำนักงานสถิติแห่งชาติ
2564,ช่วยธุรกิจครอบครัว,ไตรมาสที่ 3,779,ภาคตะวันออกเฉียงเหนือ,2683.7,พันคน,สำนักงานสถิติแห่งชาติ
2564,การรวมกลุ่ม,ไตรมาสที่ 3,780,ภาคตะวันออกเฉียงเหนือ,26.4,พันคน,สำนักงานสถิติแห่งชาติ
2564,นายจ้าง,ไตรมาสที่ 3,781,ภาคใต้,171.1,พันคน,สำนักงานสถิติแห่งชาติ
2564,ลูกจ้างรัฐบาล,ไตรมาสที่ 3,782,ภาคใต้,466.9,พันคน,สำนักงานสถิติแห่งชาติ
2564,ลูกจ้างเอกชน,ไตรมาสที่ 3,783,ภาคใต้,1706.6,พันคน,สำนักงานสถิติแห่งชาติ
2564,ทำงานส่วนตัว,ไตรมาสที่ 3,784,ภาคใต้,1835.1,พันคน,สำนักงานสถิติแห่งชาติ
2564,ช่วยธุรกิจครอบครัว,ไตรมาสที่ 3,785,ภาคใต้,865.2,พันคน,สำนักงานสถิติแห่งชาติ
2564,การรวมกลุ่ม,ไตรมาสที่ 3,786,ภาคใต้,0.7,พันคน,สำนักงานสถิติแห่งชาติ
2564,นายจ้าง,ไตรมาสที่ 4,787,กรุงเทพมหานคร,194.6,พันคน,สำนักงานสถิติแห่งชาติ
2564,ลูกจ้างรัฐบาล,ไตรมาสที่ 4,788,กรุงเทพมหานคร,509.8,พันคน,สำนักงานสถิติแห่งชาติ
2564,ลูกจ้างเอกชน,ไตรมาสที่ 4,789,กรุงเทพมหานคร,3070.6,พันคน,สำนักงานสถิติแห่งชาติ
2564,ทำงานส่วนตัว,ไตรมาสที่ 4,790,กรุงเทพมหานคร,1208.5,พันคน,สำนักงานสถิติแห่งชาติ
2564,ช่วยธุรกิจครอบครัว,ไตรมาสที่ 4,791,กรุงเทพมหานคร,393.9,พันคน,สำนักงานสถิติแห่งชาติ
2564,การรวมกลุ่ม,ไตรมาสที่ 4,792,กรุงเทพมหานคร,0.6,พันคน,สำนักงานสถิติแห่งชาติ
2564,นายจ้าง,ไตรมาสที่ 4,793,ภาคกลาง,299.2,พันคน,สำนักงานสถิติแห่งชาติ
2564,ลูกจ้างรัฐบาล,ไตรมาสที่ 4,794,ภาคกลาง,1022.9,พันคน,สำนักงานสถิติแห่งชาติ
2564,ลูกจ้างเอกชน,ไตรมาสที่ 4,795,ภาคกลาง,6132.2,พันคน,สำนักงานสถิติแห่งชาติ
2564,ทำงานส่วนตัว,ไตรมาสที่ 4,796,ภาคกลาง,3084.5,พันคน,สำนักงานสถิติแห่งชาติ
2564,ช่วยธุรกิจครอบครัว,ไตรมาสที่ 4,797,ภาคกลาง,1356.2,พันคน,สำนักงานสถิติแห่งชาติ
2564,การรวมกลุ่ม,ไตรมาสที่ 4,798,ภาคกลาง,6.7,พันคน,สำนักงานสถิติแห่งชาติ
2564,นายจ้าง,ไตรมาสที่ 4,799,ภาคเหนือ,94.1,พันคน,สำนักงานสถิติแห่งชาติ
2564,ลูกจ้างรัฐบาล,ไตรมาสที่ 4,800,ภาคเหนือ,642.4,พันคน,สำนักงานสถิติแห่งชาติ
2564,ลูกจ้างเอกชน,ไตรมาสที่ 4,801,ภาคเหนือ,1240.5,พันคน,สำนักงานสถิติแห่งชาติ
2564,ทำงานส่วนตัว,ไตรมาสที่ 4,802,ภาคเหนือ,2646.0,พันคน,สำนักงานสถิติแห่งชาติ
2564,ช่วยธุรกิจครอบครัว,ไตรมาสที่ 4,803,ภาคเหนือ,1471.7,พันคน,สำนักงานสถิติแห่งชาติ
2556,ทำงานส่วนตัว,ไตรมาสที่ 4,804,ภาคกลาง,,พันคน,สำนักงานสถิติแห่งชาติ
2556,ช่วยธุรกิจครอบครัว,ไตรมาสที่ 4,805,ภาคกลาง,,พันคน,สำนักงานสถิติแห่งชาติ
2556,การรวมกลุ่ม,ไตรมาสที่ 4,806,ภาคกลาง,,พันคน,สำนักงานสถิติแห่งชาติ
2556,นายจ้าง,ไตรมาสที่ 4,807,ภาคเหนือ,,พันคน,สำนักงานสถิติแห่งชาติ
2556,ลูกจ้างรัฐบาล,ไตรมาสที่ 4,808,ภาคเหนือ,,พันคน,สำนักงานสถิติแห่งชาติ
2556,ลูกจ้างเอกชน,ไตรมาสที่ 4,809,ภาคเหนือ,,พันคน,สำนักงานสถิติแห่งชาติ
2556,ทำงานส่วนตัว,ไตรมาสที่ 4,810,ภาคเหนือ,,พันคน,สำนักงานสถิติแห่งชาติ
2556,ช่วยธุรกิจครอบครัว,ไตรมาสที่ 4,811,ภาคเหนือ,,พันคน,สำนักงานสถิติแห่งชาติ
2556,การรวมกลุ่ม,ไตรมาสที่ 4,812,ภาคเหนือ,,พันคน,สำนักงานสถิติแห่งชาติ
2556,นายจ้าง,ไตรมาสที่ 4,813,ภาคตะวันออกเฉียงเหนือ,,พันคน,สำนักงานสถิติแห่งชาติ
2556,ลูกจ้างรัฐบาล,ไตรมาสที่ 4,814,ภาคตะวันออกเฉียงเหนือ,,พันคน,สำนักงานสถิติแห่งชาติ
2556,ลูกจ้างเอกชน,ไตรมาสที่ 4,815,ภาคตะวันออกเฉียงเหนือ,,พันคน,สำนักงานสถิติแห่งชาติ
2556,ทำงานส่วนตัว,ไตรมาสที่ 4,816,ภาคตะวันออกเฉียงเหนือ,,พันคน,สำนักงานสถิติแห่งชาติ
2556,ช่วยธุรกิจครอบครัว,ไตรมาสที่ 4,817,ภาคตะวันออกเฉียงเหนือ,,พันคน,สำนักงานสถิติแห่งชาติ
2556,การรวมกลุ่ม,ไตรมาสที่ 4,818,ภาคตะวันออกเฉียงเหนือ,,พันคน,สำนักงานสถิติแห่งชาติ
2556,นายจ้าง,ไตรมาสที่ 4,819,ภาคใต้,,พันคน,สำนักงานสถิติแห่งชาติ
2556,ลูกจ้างรัฐบาล,ไตรมาสที่ 4,820,ภาคใต้,,พันคน,สำนักงานสถิติแห่งชาติ
2556,ลูกจ้างเอกชน,ไตรมาสที่ 4,821,ภาคใต้,,พันคน,สำนักงานสถิติแห่งชาติ
2556,ทำงานส่วนตัว,ไตรมาสที่ 4,822,ภาคใต้,,พันคน,สำนักงานสถิติแห่งชาติ
2556,ช่วยธุรกิจครอบครัว,ไตรมาสที่ 4,823,ภาคใต้,,พันคน,สำนักงานสถิติแห่งชาติ
2556,การรวมกลุ่ม,ไตรมาสที่ 4,824,ภาคใต้,,พันคน,สำนักงานสถิติแห่งชาติ
2557,นายจ้าง,ไตรมาสที่ 1,825,กรุงเทพมหานคร,237.13,พันคน,สำนักงานสถิติแห่งชาติ
2557,ลูกจ้างรัฐบาล,ไตรมาสที่ 1,826,กรุงเทพมหานคร,485.68,พันคน,สำนักงานสถิติแห่งชาติ
2557,ลูกจ้างเอกชน,ไตรมาสที่ 1,827,กรุงเทพมหานคร,3095.06,พันคน,สำนักงานสถิติแห่งชาติ
2557,ทำงานส่วนตัว,ไตรมาสที่ 1,828,กรุงเทพมหานคร,1102.81,พันคน,สำนักงานสถิติแห่งชาติ
2557,ช่วยธุรกิจครอบครัว,ไตรมาสที่ 1,829,กรุงเทพมหานคร,306.37,พันคน,สำนักงานสถิติแห่งชาติ
2557,การรวมกลุ่ม,ไตรมาสที่ 1,830,กรุงเทพมหานคร,0.0,พันคน,สำนักงานสถิติแห่งชาติ
2557,นายจ้าง,ไตรมาสที่ 1,831,ภาคกลาง,333.99,พันคน,สำนักงานสถิติแห่งชาติ
2557,ลูกจ้างรัฐบาล,ไตรมาสที่ 1,832,ภาคกลาง,956.21,พันคน,สำนักงานสถิติแห่งชาติ
2557,ลูกจ้างเอกชน,ไตรมาสที่ 1,833,ภาคกลาง,5833.46,พันคน,สำนักงานสถิติแห่งชาติ
2557,ทำงานส่วนตัว,ไตรมาสที่ 1,834,ภาคกลาง,2840.74,พันคน,สำนักงานสถิติแห่งชาติ
2557,ช่วยธุรกิจครอบครัว,ไตรมาสที่ 1,835,ภาคกลาง,1508.74,พันคน,สำนักงานสถิติแห่งชาติ
2557,การรวมกลุ่ม,ไตรมาสที่ 1,836,ภาคกลาง,2.89,พันคน,สำนักงานสถิติแห่งชาติ
2557,นายจ้าง,ไตรมาสที่ 1,837,ภาคเหนือ,154.01,พันคน,สำนักงานสถิติแห่งชาติ
2557,ลูกจ้างรัฐบาล,ไตรมาสที่ 1,838,ภาคเหนือ,614.01,พันคน,สำนักงานสถิติแห่งชาติ
2557,ลูกจ้างเอกชน,ไตรมาสที่ 1,839,ภาคเหนือ,1859.93,พันคน,สำนักงานสถิติแห่งชาติ
2557,ทำงานส่วนตัว,ไตรมาสที่ 1,840,ภาคเหนือ,2326.46,พันคน,สำนักงานสถิติแห่งชาติ
2557,ช่วยธุรกิจครอบครัว,ไตรมาสที่ 1,841,ภาคเหนือ,1526.74,พันคน,สำนักงานสถิติแห่งชาติ
2557,การรวมกลุ่ม,ไตรมาสที่ 1,842,ภาคเหนือ,1.66,พันคน,สำนักงานสถิติแห่งชาติ
2557,นายจ้าง,ไตรมาสที่ 1,843,ภาคตะวันออกเฉียงเหนือ,159.93,พันคน,สำนักงานสถิติแห่งชาติ
2557,ลูกจ้างรัฐบาล,ไตรมาสที่ 1,844,ภาคตะวันออกเฉียงเหนือ,1017.49,พันคน,สำนักงานสถิติแห่งชาติ
2557,ลูกจ้างเอกชน,ไตรมาสที่ 1,845,ภาคตะวันออกเฉียงเหนือ,2452.65,พันคน,สำนักงานสถิติแห่งชาติ
2557,ทำงานส่วนตัว,ไตรมาสที่ 1,846,ภาคตะวันออกเฉียงเหนือ,3740.68,พันคน,สำนักงานสถิติแห่งชาติ
2557,ช่วยธุรกิจครอบครัว,ไตรมาสที่ 1,847,ภาคตะวันออกเฉียงเหนือ,2100.68,พันคน,สำนักงานสถิติแห่งชาติ
2557,การรวมกลุ่ม,ไตรมาสที่ 1,848,ภาคตะวันออกเฉียงเหนือ,49.27,พันคน,สำนักงานสถิติแห่งชาติ
2557,นายจ้าง,ไตรมาสที่ 1,849,ภาคใต้,230.93,พันคน,สำนักงานสถิติแห่งชาติ
2557,ลูกจ้างรัฐบาล,ไตรมาสที่ 1,850,ภาคใต้,478.84,พันคน,สำนักงานสถิติแห่งชาติ
2557,ลูกจ้างเอกชน,ไตรมาสที่ 1,851,ภาคใต้,1705.29,พันคน,สำนักงานสถิติแห่งชาติ
2557,ช่วยธุรกิจครอบครัว,ไตรมาสที่ 1,852,ภาคใต้,926.21,พันคน,สำนักงานสถิติแห่งชาติ
2557,การรวมกลุ่ม,ไตรมาสที่ 1,853,ภาคใต้,4.09,พันคน,สำนักงานสถิติแห่งชาติ
2557,นายจ้าง,ไตรมาสที่ 2,854,กรุงเทพมหานคร,250.87,พันคน,สำนักงานสถิติแห่งชาติ
2557,ลูกจ้างรัฐบาล,ไตรมาสที่ 2,855,กรุงเทพมหานคร,486.46,พันคน,สำนักงานสถิติแห่งชาติ
2557,ลูกจ้างเอกชน,ไตรมาสที่ 2,856,กรุงเทพมหานคร,3081.3,พันคน,สำนักงานสถิติแห่งชาติ
2557,ทำงานส่วนตัว,ไตรมาสที่ 2,857,กรุงเทพมหานคร,1074.4,พันคน,สำนักงานสถิติแห่งชาติ
2557,ช่วยธุรกิจครอบครัว,ไตรมาสที่ 2,858,กรุงเทพมหานคร,346.21,พันคน,สำนักงานสถิติแห่งชาติ
2557,การรวมกลุ่ม,ไตรมาสที่ 2,859,กรุงเทพมหานคร,3.91,พันคน,สำนักงานสถิติแห่งชาติ
2557,นายจ้าง,ไตรมาสที่ 2,860,ภาคกลาง,338.95,พันคน,สำนักงานสถิติแห่งชาติ
2557,ลูกจ้างรัฐบาล,ไตรมาสที่ 2,861,ภาคกลาง,982.3,พันคน,สำนักงานสถิติแห่งชาติ
2557,ลูกจ้างเอกชน,ไตรมาสที่ 2,862,ภาคกลาง,5807.96,พันคน,สำนักงานสถิติแห่งชาติ
2557,ทำงานส่วนตัว,ไตรมาสที่ 2,863,ภาคกลาง,2797.02,พันคน,สำนักงานสถิติแห่งชาติ
2557,ช่วยธุรกิจครอบครัว,ไตรมาสที่ 2,864,ภาคกลาง,1474.71,พันคน,สำนักงานสถิติแห่งชาติ
2557,การรวมกลุ่ม,ไตรมาสที่ 2,865,ภาคกลาง,5.42,พันคน,สำนักงานสถิติแห่งชาติ
2557,นายจ้าง,ไตรมาสที่ 2,866,ภาคเหนือ,141.8,พันคน,สำนักงานสถิติแห่งชาติ
2557,ลูกจ้างรัฐบาล,ไตรมาสที่ 2,867,ภาคเหนือ,608.51,พันคน,สำนักงานสถิติแห่งชาติ
2557,ลูกจ้างเอกชน,ไตรมาสที่ 2,868,ภาคเหนือ,1806.98,พันคน,สำนักงานสถิติแห่งชาติ
2557,ทำงานส่วนตัว,ไตรมาสที่ 2,869,ภาคเหนือ,2318.88,พันคน,สำนักงานสถิติแห่งชาติ
2557,ช่วยธุรกิจครอบครัว,ไตรมาสที่ 2,870,ภาคเหนือ,1559.35,พันคน,สำนักงานสถิติแห่งชาติ
2557,การรวมกลุ่ม,ไตรมาสที่ 2,871,ภาคเหนือ,2.09,พันคน,สำนักงานสถิติแห่งชาติ
2557,นายจ้าง,ไตรมาสที่ 2,872,ภาคตะวันออกเฉียงเหนือ,178.9,พันคน,สำนักงานสถิติแห่งชาติ
2557,ลูกจ้างรัฐบาล,ไตรมาสที่ 2,873,ภาคตะวันออกเฉียงเหนือ,1010.57,พันคน,สำนักงานสถิติแห่งชาติ
2557,ลูกจ้างเอกชน,ไตรมาสที่ 2,874,ภาคตะวันออกเฉียงเหนือ,2076.56,พันคน,สำนักงานสถิติแห่งชาติ
2557,ทำงานส่วนตัว,ไตรมาสที่ 2,875,ภาคตะวันออกเฉียงเหนือ,4018.84,พันคน,สำนักงานสถิติแห่งชาติ
2557,ช่วยธุรกิจครอบครัว,ไตรมาสที่ 2,876,ภาคตะวันออกเฉียงเหนือ,2378.9,พันคน,สำนักงานสถิติแห่งชาติ
2557,การรวมกลุ่ม,ไตรมาสที่ 2,877,ภาคตะวันออกเฉียงเหนือ,42.92,พันคน,สำนักงานสถิติแห่งชาติ
2557,นายจ้าง,ไตรมาสที่ 2,878,ภาคใต้,220.64,พันคน,สำนักงานสถิติแห่งชาติ
2557,ลูกจ้างรัฐบาล,ไตรมาสที่ 2,879,ภาคใต้,482.17,พันคน,สำนักงานสถิติแห่งชาติ
2557,ลูกจ้างเอกชน,ไตรมาสที่ 2,880,ภาคใต้,1676.29,พันคน,สำนักงานสถิติแห่งชาติ
2557,ทำงานส่วนตัว,ไตรมาสที่ 2,881,ภาคใต้,1731.05,พันคน,สำนักงานสถิติแห่งชาติ
2557,ช่วยธุรกิจครอบครัว,ไตรมาสที่ 2,882,ภาคใต้,907.36,พันคน,สำนักงานสถิติแห่งชาติ
2557,การรวมกลุ่ม,ไตรมาสที่ 2,883,ภาคใต้,3.68,พันคน,สำนักงานสถิติแห่งชาติ
2557,นายจ้าง,ไตรมาสที่ 3,884,กรุงเทพมหานคร,278.54,พันคน,สำนักงานสถิติแห่งชาติ
2557,ลูกจ้างรัฐบาล,ไตรมาสที่ 3,885,กรุงเทพมหานคร,447.68,พันคน,สำนักงานสถิติแห่งชาติ
2557,ลูกจ้างเอกชน,ไตรมาสที่ 3,886,กรุงเทพมหานคร,3101.94,พันคน,สำนักงานสถิติแห่งชาติ
2557,ทำงานส่วนตัว,ไตรมาสที่ 3,887,กรุงเทพมหานคร,1043.68,พันคน,สำนักงานสถิติแห่งชาติ
2557,ช่วยธุรกิจครอบครัว,ไตรมาสที่ 3,888,กรุงเทพมหานคร,372.59,พันคน,สำนักงานสถิติแห่งชาติ
2557,การรวมกลุ่ม,ไตรมาสที่ 3,889,กรุงเทพมหานคร,2.98,พันคน,สำนักงานสถิติแห่งชาติ
2557,นายจ้าง,ไตรมาสที่ 3,890,ภาคกลาง,349.0,พันคน,สำนักงานสถิติแห่งชาติ
2557,ลูกจ้างรัฐบาล,ไตรมาสที่ 3,891,ภาคกลาง,947.06,พันคน,สำนักงานสถิติแห่งชาติ
2557,ลูกจ้างเอกชน,ไตรมาสที่ 3,892,ภาคกลาง,5770.69,พันคน,สำนักงานสถิติแห่งชาติ
2557,ทำงานส่วนตัว,ไตรมาสที่ 3,893,ภาคกลาง,2875.6,พันคน,สำนักงานสถิติแห่งชาติ
2557,ช่วยธุรกิจครอบครัว,ไตรมาสที่ 3,894,ภาคกลาง,1539.18,พันคน,สำนักงานสถิติแห่งชาติ
2557,การรวมกลุ่ม,ไตรมาสที่ 3,895,ภาคกลาง,4.87,พันคน,สำนักงานสถิติแห่งชาติ
2557,นายจ้าง,ไตรมาสที่ 3,896,ภาคเหนือ,132.49,พันคน,สำนักงานสถิติแห่งชาติ
2557,ลูกจ้างรัฐบาล,ไตรมาสที่ 3,897,ภาคเหนือ,592.53,พันคน,สำนักงานสถิติแห่งชาติ
2557,ลูกจ้างเอกชน,ไตรมาสที่ 3,898,ภาคเหนือ,1675.97,พันคน,สำนักงานสถิติแห่งชาติ
2557,ทำงานส่วนตัว,ไตรมาสที่ 3,899,ภาคเหนือ,2452.9,พันคน,สำนักงานสถิติแห่งชาติ
2557,ช่วยธุรกิจครอบครัว,ไตรมาสที่ 3,900,ภาคเหนือ,1693.59,พันคน,สำนักงานสถิติแห่งชาติ
2557,นายจ้าง,ไตรมาสที่ 3,901,ภาคตะวันออกเฉียงเหนือ,136.42,พันคน,สำนักงานสถิติแห่งชาติ
2557,ลูกจ้างรัฐบาล,ไตรมาสที่ 3,902,ภาคตะวันออกเฉียงเหนือ,945.07,พันคน,สำนักงานสถิติแห่งชาติ
2557,ลูกจ้างเอกชน,ไตรมาสที่ 3,903,ภาคตะวันออกเฉียงเหนือ,1876.84,พันคน,สำนักงานสถิติแห่งชาติ
2557,ทำงานส่วนตัว,ไตรมาสที่ 3,904,ภาคตะวันออกเฉียงเหนือ,4284.86,พันคน,สำนักงานสถิติแห่งชาติ
2557,ช่วยธุรกิจครอบครัว,ไตรมาสที่ 3,905,ภาคตะวันออกเฉียงเหนือ,2767.84,พันคน,สำนักงานสถิติแห่งชาติ
2557,การรวมกลุ่ม,ไตรมาสที่ 3,906,ภาคตะวันออกเฉียงเหนือ,35.43,พันคน,สำนักงานสถิติแห่งชาติ
2557,นายจ้าง,ไตรมาสที่ 3,907,ภาคใต้,222.68,พันคน,สำนักงานสถิติแห่งชาติ
2557,ลูกจ้างรัฐบาล,ไตรมาสที่ 3,908,ภาคใต้,475.02,พันคน,สำนักงานสถิติแห่งชาติ
2557,ลูกจ้างเอกชน,ไตรมาสที่ 3,909,ภาคใต้,1692.83,พันคน,สำนักงานสถิติแห่งชาติ
2557,ทำงานส่วนตัว,ไตรมาสที่ 3,910,ภาคใต้,1741.61,พันคน,สำนักงานสถิติแห่งชาติ
2557,ช่วยธุรกิจครอบครัว,ไตรมาสที่ 3,911,ภาคใต้,957.66,พันคน,สำนักงานสถิติแห่งชาติ
2557,การรวมกลุ่ม,ไตรมาสที่ 3,912,ภาคใต้,1.97,พันคน,สำนักงานสถิติแห่งชาติ
2557,นายจ้าง,ไตรมาสที่ 4,913,กรุงเทพมหานคร,273.46,พันคน,สำนักงานสถิติแห่งชาติ
2557,ลูกจ้างรัฐบาล,ไตรมาสที่ 4,914,กรุงเทพมหานคร,488.96,พันคน,สำนักงานสถิติแห่งชาติ
2557,ลูกจ้างเอกชน,ไตรมาสที่ 4,915,กรุงเทพมหานคร,3152.5,พันคน,สำนักงานสถิติแห่งชาติ
2557,ทำงานส่วนตัว,ไตรมาสที่ 4,916,กรุงเทพมหานคร,1030.4,พันคน,สำนักงานสถิติแห่งชาติ
2557,ช่วยธุรกิจครอบครัว,ไตรมาสที่ 4,917,กรุงเทพมหานคร,299.4,พันคน,สำนักงานสถิติแห่งชาติ
2557,การรวมกลุ่ม,ไตรมาสที่ 4,918,กรุงเทพมหานคร,0.0,พันคน,สำนักงานสถิติแห่งชาติ
2557,นายจ้าง,ไตรมาสที่ 4,919,ภาคกลาง,345.92,พันคน,สำนักงานสถิติแห่งชาติ
2557,ลูกจ้างรัฐบาล,ไตรมาสที่ 4,920,ภาคกลาง,966.24,พันคน,สำนักงานสถิติแห่งชาติ
2557,ลูกจ้างเอกชน,ไตรมาสที่ 4,921,ภาคกลาง,5891.97,พันคน,สำนักงานสถิติแห่งชาติ
2557,ทำงานส่วนตัว,ไตรมาสที่ 4,922,ภาคกลาง,2855.07,พันคน,สำนักงานสถิติแห่งชาติ
2557,ช่วยธุรกิจครอบครัว,ไตรมาสที่ 4,923,ภาคกลาง,1491.57,พันคน,สำนักงานสถิติแห่งชาติ
2557,การรวมกลุ่ม,ไตรมาสที่ 4,924,ภาคกลาง,5.33,พันคน,สำนักงานสถิติแห่งชาติ
2557,นายจ้าง,ไตรมาสที่ 4,925,ภาคเหนือ,133.89,พันคน,สำนักงานสถิติแห่งชาติ
2557,ลูกจ้างรัฐบาล,ไตรมาสที่ 4,926,ภาคเหนือ,608.73,พันคน,สำนักงานสถิติแห่งชาติ
2557,ลูกจ้างเอกชน,ไตรมาสที่ 4,927,ภาคเหนือ,1659.24,พันคน,สำนักงานสถิติแห่งชาติ
2557,ทำงานส่วนตัว,ไตรมาสที่ 4,928,ภาคเหนือ,2458.7,พันคน,สำนักงานสถิติแห่งชาติ
2557,ช่วยธุรกิจครอบครัว,ไตรมาสที่ 4,929,ภาคเหนือ,1622.68,พันคน,สำนักงานสถิติแห่งชาติ
2557,การรวมกลุ่ม,ไตรมาสที่ 4,930,ภาคเหนือ,2.21,พันคน,สำนักงานสถิติแห่งชาติ
2557,นายจ้าง,ไตรมาสที่ 4,931,ภาคตะวันออกเฉียงเหนือ,167.23,พันคน,สำนักงานสถิติแห่งชาติ
2557,ลูกจ้างรัฐบาล,ไตรมาสที่ 4,932,ภาคตะวันออกเฉียงเหนือ,978.75,พันคน,สำนักงานสถิติแห่งชาติ
2557,ลูกจ้างเอกชน,ไตรมาสที่ 4,933,ภาคตะวันออกเฉียงเหนือ,1906.15,พันคน,สำนักงานสถิติแห่งชาติ
2557,ทำงานส่วนตัว,ไตรมาสที่ 4,934,ภาคตะวันออกเฉียงเหนือ,4151.8,พันคน,สำนักงานสถิติแห่งชาติ
2557,ช่วยธุรกิจครอบครัว,ไตรมาสที่ 4,935,ภาคตะวันออกเฉียงเหนือ,2629.03,พันคน,สำนักงานสถิติแห่งชาติ
2557,การรวมกลุ่ม,ไตรมาสที่ 4,936,ภาคตะวันออกเฉียงเหนือ,42.41,พันคน,สำนักงานสถิติแห่งชาติ
2557,นายจ้าง,ไตรมาสที่ 4,937,ภาคใต้,229.74,พันคน,สำนักงานสถิติแห่งชาติ
2557,ลูกจ้างรัฐบาล,ไตรมาสที่ 4,938,ภาคใต้,499.07,พันคน,สำนักงานสถิติแห่งชาติ
2557,ลูกจ้างเอกชน,ไตรมาสที่ 4,939,ภาคใต้,1719.17,พันคน,สำนักงานสถิติแห่งชาติ
2557,ทำงานส่วนตัว,ไตรมาสที่ 4,940,ภาคใต้,1745.24,พันคน,สำนักงานสถิติแห่งชาติ
2557,ช่วยธุรกิจครอบครัว,ไตรมาสที่ 4,941,ภาคใต้,903.36,พันคน,สำนักงานสถิติแห่งชาติ
2557,การรวมกลุ่ม,ไตรมาสที่ 4,942,ภาคใต้,3.83,พันคน,สำนักงานสถิติแห่งชาติ
2558,นายจ้าง,ไตรมาสที่ 1,943,กรุงเทพมหานคร,225.78,พันคน,สำนักงานสถิติแห่งชาติ
2558,ลูกจ้างรัฐบาล,ไตรมาสที่ 1,944,กรุงเทพมหานคร,500.02,พันคน,สำนักงานสถิติแห่งชาติ
2558,ลูกจ้างเอกชน,ไตรมาสที่ 1,945,กรุงเทพมหานคร,3343.81,พันคน,สำนักงานสถิติแห่งชาติ
2558,ทำงานส่วนตัว,ไตรมาสที่ 1,946,กรุงเทพมหานคร,1014.6,พันคน,สำนักงานสถิติแห่งชาติ
2558,ช่วยธุรกิจครอบครัว,ไตรมาสที่ 1,947,กรุงเทพมหานคร,265.38,พันคน,สำนักงานสถิติแห่งชาติ
2558,การรวมกลุ่ม,ไตรมาสที่ 1,948,กรุงเทพมหานคร,0.0,พันคน,สำนักงานสถิติแห่งชาติ
2558,ลูกจ้างรัฐบาล,ไตรมาสที่ 1,949,ภาคกลาง,1037.76,พันคน,สำนักงานสถิติแห่งชาติ
2558,ลูกจ้างเอกชน,ไตรมาสที่ 1,950,ภาคกลาง,5982.18,พันคน,สำนักงานสถิติแห่งชาติ
2558,ทำงานส่วนตัว,ไตรมาสที่ 1,951,ภาคกลาง,2753.28,พันคน,สำนักงานสถิติแห่งชาติ
2558,ช่วยธุรกิจครอบครัว,ไตรมาสที่ 1,952,ภาคกลาง,1360.37,พันคน,สำนักงานสถิติแห่งชาติ
2558,การรวมกลุ่ม,ไตรมาสที่ 1,953,ภาคกลาง,2.7,พันคน,สำนักงานสถิติแห่งชาติ
2558,นายจ้าง,ไตรมาสที่ 1,954,ภาคเหนือ,144.39,พันคน,สำนักงานสถิติแห่งชาติ
2558,ลูกจ้างรัฐบาล,ไตรมาสที่ 1,955,ภาคเหนือ,623.39,พันคน,สำนักงานสถิติแห่งชาติ
2558,ลูกจ้างเอกชน,ไตรมาสที่ 1,956,ภาคเหนือ,1892.25,พันคน,สำนักงานสถิติแห่งชาติ
2558,ทำงานส่วนตัว,ไตรมาสที่ 1,957,ภาคเหนือ,2277.56,พันคน,สำนักงานสถิติแห่งชาติ
2558,ช่วยธุรกิจครอบครัว,ไตรมาสที่ 1,958,ภาคเหนือ,1366.33,พันคน,สำนักงานสถิติแห่งชาติ
2558,การรวมกลุ่ม,ไตรมาสที่ 1,959,ภาคเหนือ,3.26,พันคน,สำนักงานสถิติแห่งชาติ
2558,นายจ้าง,ไตรมาสที่ 1,960,ภาคตะวันออกเฉียงเหนือ,159.72,พันคน,สำนักงานสถิติแห่งชาติ
2558,ลูกจ้างรัฐบาล,ไตรมาสที่ 1,961,ภาคตะวันออกเฉียงเหนือ,991.16,พันคน,สำนักงานสถิติแห่งชาติ
2558,ลูกจ้างเอกชน,ไตรมาสที่ 1,962,ภาคตะวันออกเฉียงเหนือ,2367.84,พันคน,สำนักงานสถิติแห่งชาติ
2558,ทำงานส่วนตัว,ไตรมาสที่ 1,963,ภาคตะวันออกเฉียงเหนือ,3877.1,พันคน,สำนักงานสถิติแห่งชาติ
2558,ช่วยธุรกิจครอบครัว,ไตรมาสที่ 1,964,ภาคตะวันออกเฉียงเหนือ,1960.01,พันคน,สำนักงานสถิติแห่งชาติ
2558,การรวมกลุ่ม,ไตรมาสที่ 1,965,ภาคตะวันออกเฉียงเหนือ,55.47,พันคน,สำนักงานสถิติแห่งชาติ
2558,นายจ้าง,ไตรมาสที่ 1,966,ภาคใต้,209.68,พันคน,สำนักงานสถิติแห่งชาติ
2558,ลูกจ้างรัฐบาล,ไตรมาสที่ 1,967,ภาคใต้,479.01,พันคน,สำนักงานสถิติแห่งชาติ
2558,ลูกจ้างเอกชน,ไตรมาสที่ 1,968,ภาคใต้,1751.33,พันคน,สำนักงานสถิติแห่งชาติ
2558,ทำงานส่วนตัว,ไตรมาสที่ 1,969,ภาคใต้,1774.84,พันคน,สำนักงานสถิติแห่งชาติ
2558,ช่วยธุรกิจครอบครัว,ไตรมาสที่ 1,970,ภาคใต้,856.1,พันคน,สำนักงานสถิติแห่งชาติ
2558,การรวมกลุ่ม,ไตรมาสที่ 1,971,ภาคใต้,3.32,พันคน,สำนักงานสถิติแห่งชาติ
2558,นายจ้าง,ไตรมาสที่ 2,972,กรุงเทพมหานคร,237.13,พันคน,สำนักงานสถิติแห่งชาติ
2558,ลูกจ้างรัฐบาล,ไตรมาสที่ 2,973,กรุงเทพมหานคร,493.73,พันคน,สำนักงานสถิติแห่งชาติ
2558,ลูกจ้างเอกชน,ไตรมาสที่ 2,974,กรุงเทพมหานคร,3239.07,พันคน,สำนักงานสถิติแห่งชาติ
2558,ทำงานส่วนตัว,ไตรมาสที่ 2,975,กรุงเทพมหานคร,1021.83,พันคน,สำนักงานสถิติแห่งชาติ
2558,ช่วยธุรกิจครอบครัว,ไตรมาสที่ 2,976,กรุงเทพมหานคร,301.33,พันคน,สำนักงานสถิติแห่งชาติ
2558,การรวมกลุ่ม,ไตรมาสที่ 2,977,กรุงเทพมหานคร,3.0,พันคน,สำนักงานสถิติแห่งชาติ
2558,นายจ้าง,ไตรมาสที่ 2,978,ภาคกลาง,347.17,พันคน,สำนักงานสถิติแห่งชาติ
2558,ลูกจ้างรัฐบาล,ไตรมาสที่ 2,979,ภาคกลาง,1001.12,พันคน,สำนักงานสถิติแห่งชาติ
2558,ลูกจ้างเอกชน,ไตรมาสที่ 2,980,ภาคกลาง,5951.46,พันคน,สำนักงานสถิติแห่งชาติ
2558,ทำงานส่วนตัว,ไตรมาสที่ 2,981,ภาคกลาง,2823.33,พันคน,สำนักงานสถิติแห่งชาติ
2558,ช่วยธุรกิจครอบครัว,ไตรมาสที่ 2,982,ภาคกลาง,1423.14,พันคน,สำนักงานสถิติแห่งชาติ
2558,การรวมกลุ่ม,ไตรมาสที่ 2,983,ภาคกลาง,3.02,พันคน,สำนักงานสถิติแห่งชาติ
2558,นายจ้าง,ไตรมาสที่ 2,984,ภาคเหนือ,135.34,พันคน,สำนักงานสถิติแห่งชาติ
2558,ลูกจ้างรัฐบาล,ไตรมาสที่ 2,985,ภาคเหนือ,607.8,พันคน,สำนักงานสถิติแห่งชาติ
2558,ลูกจ้างเอกชน,ไตรมาสที่ 2,986,ภาคเหนือ,1827.45,พันคน,สำนักงานสถิติแห่งชาติ
2558,ทำงานส่วนตัว,ไตรมาสที่ 2,987,ภาคเหนือ,2355.97,พันคน,สำนักงานสถิติแห่งชาติ
2558,ช่วยธุรกิจครอบครัว,ไตรมาสที่ 2,988,ภาคเหนือ,1404.13,พันคน,สำนักงานสถิติแห่งชาติ
2558,การรวมกลุ่ม,ไตรมาสที่ 2,989,ภาคเหนือ,0.76,พันคน,สำนักงานสถิติแห่งชาติ
2558,นายจ้าง,ไตรมาสที่ 2,990,ภาคตะวันออกเฉียงเหนือ,155.16,พันคน,สำนักงานสถิติแห่งชาติ
2558,ลูกจ้างรัฐบาล,ไตรมาสที่ 2,991,ภาคตะวันออกเฉียงเหนือ,953.24,พันคน,สำนักงานสถิติแห่งชาติ
2558,ลูกจ้างเอกชน,ไตรมาสที่ 2,992,ภาคตะวันออกเฉียงเหนือ,2210.46,พันคน,สำนักงานสถิติแห่งชาติ
2558,ทำงานส่วนตัว,ไตรมาสที่ 2,993,ภาคตะวันออกเฉียงเหนือ,3996.45,พันคน,สำนักงานสถิติแห่งชาติ
2558,ช่วยธุรกิจครอบครัว,ไตรมาสที่ 2,994,ภาคตะวันออกเฉียงเหนือ,2209.1,พันคน,สำนักงานสถิติแห่งชาติ
2558,การรวมกลุ่ม,ไตรมาสที่ 2,995,ภาคตะวันออกเฉียงเหนือ,48.26,พันคน,สำนักงานสถิติแห่งชาติ
2558,นายจ้าง,ไตรมาสที่ 2,996,ภาคใต้,210.29,พันคน,สำนักงานสถิติแห่งชาติ
2558,ลูกจ้างเอกชน,ไตรมาสที่ 2,997,ภาคใต้,1701.89,พันคน,สำนักงานสถิติแห่งชาติ
2558,ทำงานส่วนตัว,ไตรมาสที่ 2,998,ภาคใต้,1747.11,พันคน,สำนักงานสถิติแห่งชาติ
2558,ช่วยธุรกิจครอบครัว,ไตรมาสที่ 2,999,ภาคใต้,833.21,พันคน,สำนักงานสถิติแห่งชาติ
2558,การรวมกลุ่ม,ไตรมาสที่ 2,1000,ภาคใต้,1.67,พันคน,สำนักงานสถิติแห่งชาติ
2558,นายจ้าง,ไตรมาสที่ 3,1001,กรุงเทพมหานคร,248.38,พันคน,สำนักงานสถิติแห่งชาติ
2558,ลูกจ้างรัฐบาล,ไตรมาสที่ 3,1002,กรุงเทพมหานคร,463.69,พันคน,สำนักงานสถิติแห่งชาติ
2558,ลูกจ้างเอกชน,ไตรมาสที่ 3,1003,กรุงเทพมหานคร,3184.42,พันคน,สำนักงานสถิติแห่งชาติ
2558,ทำงานส่วนตัว,ไตรมาสที่ 3,1004,กรุงเทพมหานคร,1024.89,พันคน,สำนักงานสถิติแห่งชาติ
2558,ช่วยธุรกิจครอบครัว,ไตรมาสที่ 3,1005,กรุงเทพมหานคร,338.21,พันคน,สำนักงานสถิติแห่งชาติ
2558,การรวมกลุ่ม,ไตรมาสที่ 3,1006,กรุงเทพมหานคร,2.92,พันคน,สำนักงานสถิติแห่งชาติ
2558,นายจ้าง,ไตรมาสที่ 3,1007,ภาคกลาง,366.08,พันคน,สำนักงานสถิติแห่งชาติ
2558,ลูกจ้างรัฐบาล,ไตรมาสที่ 3,1008,ภาคกลาง,1010.63,พันคน,สำนักงานสถิติแห่งชาติ
2558,ลูกจ้างเอกชน,ไตรมาสที่ 3,1009,ภาคกลาง,5870.64,พันคน,สำนักงานสถิติแห่งชาติ
2558,ทำงานส่วนตัว,ไตรมาสที่ 3,1010,ภาคกลาง,2860.11,พันคน,สำนักงานสถิติแห่งชาติ
2558,ช่วยธุรกิจครอบครัว,ไตรมาสที่ 3,1011,ภาคกลาง,1471.98,พันคน,สำนักงานสถิติแห่งชาติ
2558,การรวมกลุ่ม,ไตรมาสที่ 3,1012,ภาคกลาง,1.49,พันคน,สำนักงานสถิติแห่งชาติ
2558,นายจ้าง,ไตรมาสที่ 3,1013,ภาคเหนือ,134.38,พันคน,สำนักงานสถิติแห่งชาติ
2558,ลูกจ้างรัฐบาล,ไตรมาสที่ 3,1014,ภาคเหนือ,597.88,พันคน,สำนักงานสถิติแห่งชาติ
2558,ลูกจ้างเอกชน,ไตรมาสที่ 3,1015,ภาคเหนือ,1717.49,พันคน,สำนักงานสถิติแห่งชาติ
2558,ทำงานส่วนตัว,ไตรมาสที่ 3,1016,ภาคเหนือ,2437.25,พันคน,สำนักงานสถิติแห่งชาติ
2558,ช่วยธุรกิจครอบครัว,ไตรมาสที่ 3,1017,ภาคเหนือ,1568.44,พันคน,สำนักงานสถิติแห่งชาติ
2558,การรวมกลุ่ม,ไตรมาสที่ 3,1018,ภาคเหนือ,2.33,พันคน,สำนักงานสถิติแห่งชาติ
2558,นายจ้าง,ไตรมาสที่ 3,1019,ภาคตะวันออกเฉียงเหนือ,139.16,พันคน,สำนักงานสถิติแห่งชาติ
2558,ลูกจ้างรัฐบาล,ไตรมาสที่ 3,1020,ภาคตะวันออกเฉียงเหนือ,954.15,พันคน,สำนักงานสถิติแห่งชาติ
2558,ลูกจ้างเอกชน,ไตรมาสที่ 3,1021,ภาคตะวันออกเฉียงเหนือ,1846.33,พันคน,สำนักงานสถิติแห่งชาติ
2558,ทำงานส่วนตัว,ไตรมาสที่ 3,1022,ภาคตะวันออกเฉียงเหนือ,4204.45,พันคน,สำนักงานสถิติแห่งชาติ
2558,ช่วยธุรกิจครอบครัว,ไตรมาสที่ 3,1023,ภาคตะวันออกเฉียงเหนือ,2799.97,พันคน,สำนักงานสถิติแห่งชาติ
2558,การรวมกลุ่ม,ไตรมาสที่ 3,1024,ภาคตะวันออกเฉียงเหนือ,39.85,พันคน,สำนักงานสถิติแห่งชาติ
2558,นายจ้าง,ไตรมาสที่ 3,1025,ภาคใต้,202.81,พันคน,สำนักงานสถิติแห่งชาติ
2558,ลูกจ้างรัฐบาล,ไตรมาสที่ 3,1026,ภาคใต้,482.33,พันคน,สำนักงานสถิติแห่งชาติ
2558,ลูกจ้างเอกชน,ไตรมาสที่ 3,1027,ภาคใต้,1695.5,พันคน,สำนักงานสถิติแห่งชาติ
2558,ทำงานส่วนตัว,ไตรมาสที่ 3,1028,ภาคใต้,1766.93,พันคน,สำนักงานสถิติแห่งชาติ
2558,ช่วยธุรกิจครอบครัว,ไตรมาสที่ 3,1029,ภาคใต้,895.4,พันคน,สำนักงานสถิติแห่งชาติ
2558,การรวมกลุ่ม,ไตรมาสที่ 3,1030,ภาคใต้,2.28,พันคน,สำนักงานสถิติแห่งชาติ
2558,นายจ้าง,ไตรมาสที่ 4,1031,กรุงเทพมหานคร,244.42,พันคน,สำนักงานสถิติแห่งชาติ
2558,ลูกจ้างรัฐบาล,ไตรมาสที่ 4,1032,กรุงเทพมหานคร,525.35,พันคน,สำนักงานสถิติแห่งชาติ
2558,ลูกจ้างเอกชน,ไตรมาสที่ 4,1033,กรุงเทพมหานคร,3205.67,พันคน,สำนักงานสถิติแห่งชาติ
2558,ทำงานส่วนตัว,ไตรมาสที่ 4,1034,กรุงเทพมหานคร,1026.88,พันคน,สำนักงานสถิติแห่งชาติ
2558,ช่วยธุรกิจครอบครัว,ไตรมาสที่ 4,1035,กรุงเทพมหานคร,280.56,พันคน,สำนักงานสถิติแห่งชาติ
2558,การรวมกลุ่ม,ไตรมาสที่ 4,1036,กรุงเทพมหานคร,1.3,พันคน,สำนักงานสถิติแห่งชาติ
2558,นายจ้าง,ไตรมาสที่ 4,1037,ภาคกลาง,346.8,พันคน,สำนักงานสถิติแห่งชาติ
2558,ลูกจ้างรัฐบาล,ไตรมาสที่ 4,1038,ภาคกลาง,988.58,พันคน,สำนักงานสถิติแห่งชาติ
2558,ลูกจ้างเอกชน,ไตรมาสที่ 4,1039,ภาคกลาง,6007.82,พันคน,สำนักงานสถิติแห่งชาติ
2558,ทำงานส่วนตัว,ไตรมาสที่ 4,1040,ภาคกลาง,2840.62,พันคน,สำนักงานสถิติแห่งชาติ
2558,ช่วยธุรกิจครอบครัว,ไตรมาสที่ 4,1041,ภาคกลาง,1453.39,พันคน,สำนักงานสถิติแห่งชาติ
2558,การรวมกลุ่ม,ไตรมาสที่ 4,1042,ภาคกลาง,4.14,พันคน,สำนักงานสถิติแห่งชาติ
2558,นายจ้าง,ไตรมาสที่ 4,1043,ภาคเหนือ,133.24,พันคน,สำนักงานสถิติแห่งชาติ
2558,ลูกจ้างรัฐบาล,ไตรมาสที่ 4,1044,ภาคเหนือ,628.37,พันคน,สำนักงานสถิติแห่งชาติ
2558,ลูกจ้างเอกชน,ไตรมาสที่ 4,1045,ภาคเหนือ,1726.0,พันคน,สำนักงานสถิติแห่งชาติ
2558,ช่วยธุรกิจครอบครัว,ไตรมาสที่ 4,1046,ภาคเหนือ,1554.17,พันคน,สำนักงานสถิติแห่งชาติ
2558,การรวมกลุ่ม,ไตรมาสที่ 4,1047,ภาคเหนือ,4.08,พันคน,สำนักงานสถิติแห่งชาติ
2558,นายจ้าง,ไตรมาสที่ 4,1048,ภาคตะวันออกเฉียงเหนือ,141.31,พันคน,สำนักงานสถิติแห่งชาติ
2558,ลูกจ้างรัฐบาล,ไตรมาสที่ 4,1049,ภาคตะวันออกเฉียงเหนือ,963.84,พันคน,สำนักงานสถิติแห่งชาติ
2558,ลูกจ้างเอกชน,ไตรมาสที่ 4,1050,ภาคตะวันออกเฉียงเหนือ,1922.34,พันคน,สำนักงานสถิติแห่งชาติ
2558,ทำงานส่วนตัว,ไตรมาสที่ 4,1051,ภาคตะวันออกเฉียงเหนือ,4124.69,พันคน,สำนักงานสถิติแห่งชาติ
2558,ช่วยธุรกิจครอบครัว,ไตรมาสที่ 4,1052,ภาคตะวันออกเฉียงเหนือ,2722.44,พันคน,สำนักงานสถิติแห่งชาติ
2558,การรวมกลุ่ม,ไตรมาสที่ 4,1053,ภาคตะวันออกเฉียงเหนือ,28.88,พันคน,สำนักงานสถิติแห่งชาติ
2558,นายจ้าง,ไตรมาสที่ 4,1054,ภาคใต้,212.4,พันคน,สำนักงานสถิติแห่งชาติ
2558,ลูกจ้างรัฐบาล,ไตรมาสที่ 4,1055,ภาคใต้,496.42,พันคน,สำนักงานสถิติแห่งชาติ
2558,ลูกจ้างเอกชน,ไตรมาสที่ 4,1056,ภาคใต้,1670.72,พันคน,สำนักงานสถิติแห่งชาติ
2558,ทำงานส่วนตัว,ไตรมาสที่ 4,1057,ภาคใต้,1790.4,พันคน,สำนักงานสถิติแห่งชาติ
2558,ช่วยธุรกิจครอบครัว,ไตรมาสที่ 4,1058,ภาคใต้,876.6,พันคน,สำนักงานสถิติแห่งชาติ
2558,การรวมกลุ่ม,ไตรมาสที่ 4,1059,ภาคใต้,3.95,พันคน,สำนักงานสถิติแห่งชาติ
2559,นายจ้าง,ไตรมาสที่ 1,1060,กรุงเทพมหานคร,236.49,พันคน,สำนักงานสถิติแห่งชาติ
2559,ลูกจ้างรัฐบาล,ไตรมาสที่ 1,1061,กรุงเทพมหานคร,475.11,พันคน,สำนักงานสถิติแห่งชาติ
2559,ลูกจ้างเอกชน,ไตรมาสที่ 1,1062,กรุงเทพมหานคร,3199.72,พันคน,สำนักงานสถิติแห่งชาติ
2559,ทำงานส่วนตัว,ไตรมาสที่ 1,1063,กรุงเทพมหานคร,1014.97,พันคน,สำนักงานสถิติแห่งชาติ
2559,ช่วยธุรกิจครอบครัว,ไตรมาสที่ 1,1064,กรุงเทพมหานคร,317.59,พันคน,สำนักงานสถิติแห่งชาติ
2559,การรวมกลุ่ม,ไตรมาสที่ 1,1065,กรุงเทพมหานคร,0.0,พันคน,สำนักงานสถิติแห่งชาติ
2559,นายจ้าง,ไตรมาสที่ 1,1066,ภาคกลาง,393.04,พันคน,สำนักงานสถิติแห่งชาติ
2559,ลูกจ้างรัฐบาล,ไตรมาสที่ 1,1067,ภาคกลาง,1018.54,พันคน,สำนักงานสถิติแห่งชาติ
2559,ลูกจ้างเอกชน,ไตรมาสที่ 1,1068,ภาคกลาง,6104.16,พันคน,สำนักงานสถิติแห่งชาติ
2559,ทำงานส่วนตัว,ไตรมาสที่ 1,1069,ภาคกลาง,2789.06,พันคน,สำนักงานสถิติแห่งชาติ
2559,ช่วยธุรกิจครอบครัว,ไตรมาสที่ 1,1070,ภาคกลาง,1314.11,พันคน,สำนักงานสถิติแห่งชาติ
2559,การรวมกลุ่ม,ไตรมาสที่ 1,1071,ภาคกลาง,2.14,พันคน,สำนักงานสถิติแห่งชาติ
2559,นายจ้าง,ไตรมาสที่ 1,1072,ภาคเหนือ,130.48,พันคน,สำนักงานสถิติแห่งชาติ
2559,ลูกจ้างรัฐบาล,ไตรมาสที่ 1,1073,ภาคเหนือ,679.08,พันคน,สำนักงานสถิติแห่งชาติ
2559,ลูกจ้างเอกชน,ไตรมาสที่ 1,1074,ภาคเหนือ,1941.78,พันคน,สำนักงานสถิติแห่งชาติ
2559,ทำงานส่วนตัว,ไตรมาสที่ 1,1075,ภาคเหนือ,2292.97,พันคน,สำนักงานสถิติแห่งชาติ
2559,ช่วยธุรกิจครอบครัว,ไตรมาสที่ 1,1076,ภาคเหนือ,1318.31,พันคน,สำนักงานสถิติแห่งชาติ
2559,การรวมกลุ่ม,ไตรมาสที่ 1,1077,ภาคเหนือ,2.62,พันคน,สำนักงานสถิติแห่งชาติ
2559,นายจ้าง,ไตรมาสที่ 1,1078,ภาคตะวันออกเฉียงเหนือ,130.48,พันคน,สำนักงานสถิติแห่งชาติ
2559,ลูกจ้างรัฐบาล,ไตรมาสที่ 1,1079,ภาคตะวันออกเฉียงเหนือ,679.08,พันคน,สำนักงานสถิติแห่งชาติ
2559,ลูกจ้างเอกชน,ไตรมาสที่ 1,1080,ภาคตะวันออกเฉียงเหนือ,1941.78,พันคน,สำนักงานสถิติแห่งชาติ
2559,ทำงานส่วนตัว,ไตรมาสที่ 1,1081,ภาคตะวันออกเฉียงเหนือ,2292.97,พันคน,สำนักงานสถิติแห่งชาติ
2559,ช่วยธุรกิจครอบครัว,ไตรมาสที่ 1,1082,ภาคตะวันออกเฉียงเหนือ,1318.31,พันคน,สำนักงานสถิติแห่งชาติ
2559,การรวมกลุ่ม,ไตรมาสที่ 1,1083,ภาคตะวันออกเฉียงเหนือ,2.62,พันคน,สำนักงานสถิติแห่งชาติ
2559,นายจ้าง,ไตรมาสที่ 1,1084,ภาคใต้,219.03,พันคน,สำนักงานสถิติแห่งชาติ
2559,ลูกจ้างรัฐบาล,ไตรมาสที่ 1,1085,ภาคใต้,480.42,พันคน,สำนักงานสถิติแห่งชาติ
2559,ลูกจ้างเอกชน,ไตรมาสที่ 1,1086,ภาคใต้,1806.44,พันคน,สำนักงานสถิติแห่งชาติ
2559,ทำงานส่วนตัว,ไตรมาสที่ 1,1087,ภาคใต้,1743.68,พันคน,สำนักงานสถิติแห่งชาติ
2559,ช่วยธุรกิจครอบครัว,ไตรมาสที่ 1,1088,ภาคใต้,859.89,พันคน,สำนักงานสถิติแห่งชาติ
2559,การรวมกลุ่ม,ไตรมาสที่ 1,1089,ภาคใต้,1.5,พันคน,สำนักงานสถิติแห่งชาติ
2559,นายจ้าง,ไตรมาสที่ 2,1090,กรุงเทพมหานคร,279.69,พันคน,สำนักงานสถิติแห่งชาติ
2559,ลูกจ้างรัฐบาล,ไตรมาสที่ 2,1091,กรุงเทพมหานคร,506.44,พันคน,สำนักงานสถิติแห่งชาติ
2559,ลูกจ้างเอกชน,ไตรมาสที่ 2,1092,กรุงเทพมหานคร,3090.34,พันคน,สำนักงานสถิติแห่งชาติ
2559,ทำงานส่วนตัว,ไตรมาสที่ 2,1093,กรุงเทพมหานคร,1030.08,พันคน,สำนักงานสถิติแห่งชาติ
2559,การรวมกลุ่ม,ไตรมาสที่ 2,1094,กรุงเทพมหานคร,0.0,พันคน,สำนักงานสถิติแห่งชาติ
2559,นายจ้าง,ไตรมาสที่ 2,1095,ภาคกลาง,342.32,พันคน,สำนักงานสถิติแห่งชาติ
2559,ลูกจ้างรัฐบาล,ไตรมาสที่ 2,1096,ภาคกลาง,1013.71,พันคน,สำนักงานสถิติแห่งชาติ
2559,ลูกจ้างเอกชน,ไตรมาสที่ 2,1097,ภาคกลาง,6035.22,พันคน,สำนักงานสถิติแห่งชาติ
2559,ทำงานส่วนตัว,ไตรมาสที่ 2,1098,ภาคกลาง,2828.0,พันคน,สำนักงานสถิติแห่งชาติ
2559,ช่วยธุรกิจครอบครัว,ไตรมาสที่ 2,1099,ภาคกลาง,1355.12,พันคน,สำนักงานสถิติแห่งชาติ
2559,การรวมกลุ่ม,ไตรมาสที่ 2,1100,ภาคกลาง,2.94,พันคน,สำนักงานสถิติแห่งชาติ
2559,นายจ้าง,ไตรมาสที่ 2,1101,ภาคเหนือ,146.85,พันคน,สำนักงานสถิติแห่งชาติ
2559,ลูกจ้างรัฐบาล,ไตรมาสที่ 2,1102,ภาคเหนือ,652.34,พันคน,สำนักงานสถิติแห่งชาติ
2559,ลูกจ้างเอกชน,ไตรมาสที่ 2,1103,ภาคเหนือ,1888.39,พันคน,สำนักงานสถิติแห่งชาติ
2559,ทำงานส่วนตัว,ไตรมาสที่ 2,1104,ภาคเหนือ,2249.77,พันคน,สำนักงานสถิติแห่งชาติ
2559,ช่วยธุรกิจครอบครัว,ไตรมาสที่ 2,1105,ภาคเหนือ,1268.23,พันคน,สำนักงานสถิติแห่งชาติ
2559,การรวมกลุ่ม,ไตรมาสที่ 2,1106,ภาคเหนือ,2.67,พันคน,สำนักงานสถิติแห่งชาติ
2559,นายจ้าง,ไตรมาสที่ 2,1107,ภาคตะวันออกเฉียงเหนือ,159.79,พันคน,สำนักงานสถิติแห่งชาติ
2559,ลูกจ้างรัฐบาล,ไตรมาสที่ 2,1108,ภาคตะวันออกเฉียงเหนือ,957.71,พันคน,สำนักงานสถิติแห่งชาติ
2559,ลูกจ้างเอกชน,ไตรมาสที่ 2,1109,ภาคตะวันออกเฉียงเหนือ,2165.51,พันคน,สำนักงานสถิติแห่งชาติ
2559,ทำงานส่วนตัว,ไตรมาสที่ 2,1110,ภาคตะวันออกเฉียงเหนือ,3858.4,พันคน,สำนักงานสถิติแห่งชาติ
2559,ช่วยธุรกิจครอบครัว,ไตรมาสที่ 2,1111,ภาคตะวันออกเฉียงเหนือ,2093.78,พันคน,สำนักงานสถิติแห่งชาติ
2559,การรวมกลุ่ม,ไตรมาสที่ 2,1112,ภาคตะวันออกเฉียงเหนือ,53.42,พันคน,สำนักงานสถิติแห่งชาติ
2559,นายจ้าง,ไตรมาสที่ 2,1113,ภาคใต้,209.41,พันคน,สำนักงานสถิติแห่งชาติ
2559,ลูกจ้างรัฐบาล,ไตรมาสที่ 2,1114,ภาคใต้,496.75,พันคน,สำนักงานสถิติแห่งชาติ
2559,ลูกจ้างเอกชน,ไตรมาสที่ 2,1115,ภาคใต้,1748.29,พันคน,สำนักงานสถิติแห่งชาติ
2559,ทำงานส่วนตัว,ไตรมาสที่ 2,1116,ภาคใต้,1763.74,พันคน,สำนักงานสถิติแห่งชาติ
2559,ช่วยธุรกิจครอบครัว,ไตรมาสที่ 2,1117,ภาคใต้,849.13,พันคน,สำนักงานสถิติแห่งชาติ
2559,การรวมกลุ่ม,ไตรมาสที่ 2,1118,ภาคใต้,0.59,พันคน,สำนักงานสถิติแห่งชาติ
2559,นายจ้าง,ไตรมาสที่ 3,1119,กรุงเทพมหานคร,253.59,พันคน,สำนักงานสถิติแห่งชาติ
2559,ลูกจ้างรัฐบาล,ไตรมาสที่ 3,1120,กรุงเทพมหานคร,470.6,พันคน,สำนักงานสถิติแห่งชาติ
2559,ลูกจ้างเอกชน,ไตรมาสที่ 3,1121,กรุงเทพมหานคร,3086.54,พันคน,สำนักงานสถิติแห่งชาติ
2559,ทำงานส่วนตัว,ไตรมาสที่ 3,1122,กรุงเทพมหานคร,1045.52,พันคน,สำนักงานสถิติแห่งชาติ
2559,ช่วยธุรกิจครอบครัว,ไตรมาสที่ 3,1123,กรุงเทพมหานคร,355.94,พันคน,สำนักงานสถิติแห่งชาติ
2559,การรวมกลุ่ม,ไตรมาสที่ 3,1124,กรุงเทพมหานคร,2.17,พันคน,สำนักงานสถิติแห่งชาติ
2559,นายจ้าง,ไตรมาสที่ 3,1125,ภาคกลาง,322.76,พันคน,สำนักงานสถิติแห่งชาติ
2559,ลูกจ้างรัฐบาล,ไตรมาสที่ 3,1126,ภาคกลาง,1017.33,พันคน,สำนักงานสถิติแห่งชาติ
2559,ลูกจ้างเอกชน,ไตรมาสที่ 3,1127,ภาคกลาง,6024.86,พันคน,สำนักงานสถิติแห่งชาติ
2559,ทำงานส่วนตัว,ไตรมาสที่ 3,1128,ภาคกลาง,2818.0,พันคน,สำนักงานสถิติแห่งชาติ
2559,ช่วยธุรกิจครอบครัว,ไตรมาสที่ 3,1129,ภาคกลาง,1445.33,พันคน,สำนักงานสถิติแห่งชาติ
2559,การรวมกลุ่ม,ไตรมาสที่ 3,1130,ภาคกลาง,5.03,พันคน,สำนักงานสถิติแห่งชาติ
2559,นายจ้าง,ไตรมาสที่ 3,1131,ภาคเหนือ,125.45,พันคน,สำนักงานสถิติแห่งชาติ
2559,ลูกจ้างรัฐบาล,ไตรมาสที่ 3,1132,ภาคเหนือ,636.13,พันคน,สำนักงานสถิติแห่งชาติ
2559,ลูกจ้างเอกชน,ไตรมาสที่ 3,1133,ภาคเหนือ,1682.81,พันคน,สำนักงานสถิติแห่งชาติ
2559,ทำงานส่วนตัว,ไตรมาสที่ 3,1134,ภาคเหนือ,2392.51,พันคน,สำนักงานสถิติแห่งชาติ
2559,ช่วยธุรกิจครอบครัว,ไตรมาสที่ 3,1135,ภาคเหนือ,1532.0,พันคน,สำนักงานสถิติแห่งชาติ
2559,การรวมกลุ่ม,ไตรมาสที่ 3,1136,ภาคเหนือ,2.39,พันคน,สำนักงานสถิติแห่งชาติ
2559,นายจ้าง,ไตรมาสที่ 3,1137,ภาคตะวันออกเฉียงเหนือ,123.61,พันคน,สำนักงานสถิติแห่งชาติ
2559,ลูกจ้างรัฐบาล,ไตรมาสที่ 3,1138,ภาคตะวันออกเฉียงเหนือ,928.59,พันคน,สำนักงานสถิติแห่งชาติ
2559,ลูกจ้างเอกชน,ไตรมาสที่ 3,1139,ภาคตะวันออกเฉียงเหนือ,1869.16,พันคน,สำนักงานสถิติแห่งชาติ
2559,ทำงานส่วนตัว,ไตรมาสที่ 3,1140,ภาคตะวันออกเฉียงเหนือ,4221.11,พันคน,สำนักงานสถิติแห่งชาติ
2559,ช่วยธุรกิจครอบครัว,ไตรมาสที่ 3,1141,ภาคตะวันออกเฉียงเหนือ,2747.94,พันคน,สำนักงานสถิติแห่งชาติ
2559,นายจ้าง,ไตรมาสที่ 3,1142,ภาคใต้,194.27,พันคน,สำนักงานสถิติแห่งชาติ
2559,ลูกจ้างรัฐบาล,ไตรมาสที่ 3,1143,ภาคใต้,453.43,พันคน,สำนักงานสถิติแห่งชาติ
2559,ลูกจ้างเอกชน,ไตรมาสที่ 3,1144,ภาคใต้,1815.79,พันคน,สำนักงานสถิติแห่งชาติ
2559,ทำงานส่วนตัว,ไตรมาสที่ 3,1145,ภาคใต้,1765.64,พันคน,สำนักงานสถิติแห่งชาติ
2559,ช่วยธุรกิจครอบครัว,ไตรมาสที่ 3,1146,ภาคใต้,897.16,พันคน,สำนักงานสถิติแห่งชาติ
2559,การรวมกลุ่ม,ไตรมาสที่ 3,1147,ภาคใต้,2.71,พันคน,สำนักงานสถิติแห่งชาติ
2559,นายจ้าง,ไตรมาสที่ 4,1148,กรุงเทพมหานคร,226.49,พันคน,สำนักงานสถิติแห่งชาติ
2559,ลูกจ้างรัฐบาล,ไตรมาสที่ 4,1149,กรุงเทพมหานคร,448.68,พันคน,สำนักงานสถิติแห่งชาติ
2559,ลูกจ้างเอกชน,ไตรมาสที่ 4,1150,กรุงเทพมหานคร,3196.97,พันคน,สำนักงานสถิติแห่งชาติ
2559,ทำงานส่วนตัว,ไตรมาสที่ 4,1151,กรุงเทพมหานคร,1002.27,พันคน,สำนักงานสถิติแห่งชาติ
2559,ช่วยธุรกิจครอบครัว,ไตรมาสที่ 4,1152,กรุงเทพมหานคร,301.75,พันคน,สำนักงานสถิติแห่งชาติ
2559,การรวมกลุ่ม,ไตรมาสที่ 4,1153,กรุงเทพมหานคร,0.0,พันคน,สำนักงานสถิติแห่งชาติ
2559,นายจ้าง,ไตรมาสที่ 4,1154,ภาคกลาง,315.05,พันคน,สำนักงานสถิติแห่งชาติ
2559,ลูกจ้างรัฐบาล,ไตรมาสที่ 4,1155,ภาคกลาง,998.83,พันคน,สำนักงานสถิติแห่งชาติ
2559,ลูกจ้างเอกชน,ไตรมาสที่ 4,1156,ภาคกลาง,6035.55,พันคน,สำนักงานสถิติแห่งชาติ
2559,ทำงานส่วนตัว,ไตรมาสที่ 4,1157,ภาคกลาง,2831.09,พันคน,สำนักงานสถิติแห่งชาติ
2559,ช่วยธุรกิจครอบครัว,ไตรมาสที่ 4,1158,ภาคกลาง,1330.01,พันคน,สำนักงานสถิติแห่งชาติ
2559,การรวมกลุ่ม,ไตรมาสที่ 4,1159,ภาคกลาง,2.6,พันคน,สำนักงานสถิติแห่งชาติ
2559,นายจ้าง,ไตรมาสที่ 4,1160,ภาคเหนือ,118.5,พันคน,สำนักงานสถิติแห่งชาติ
2559,ลูกจ้างรัฐบาล,ไตรมาสที่ 4,1161,ภาคเหนือ,634.75,พันคน,สำนักงานสถิติแห่งชาติ
2559,ลูกจ้างเอกชน,ไตรมาสที่ 4,1162,ภาคเหนือ,1731.89,พันคน,สำนักงานสถิติแห่งชาติ
2559,ทำงานส่วนตัว,ไตรมาสที่ 4,1163,ภาคเหนือ,2375.96,พันคน,สำนักงานสถิติแห่งชาติ
2559,ช่วยธุรกิจครอบครัว,ไตรมาสที่ 4,1164,ภาคเหนือ,1435.17,พันคน,สำนักงานสถิติแห่งชาติ
2559,การรวมกลุ่ม,ไตรมาสที่ 4,1165,ภาคเหนือ,2.64,พันคน,สำนักงานสถิติแห่งชาติ
2559,นายจ้าง,ไตรมาสที่ 4,1166,ภาคตะวันออกเฉียงเหนือ,121.55,พันคน,สำนักงานสถิติแห่งชาติ
2559,ลูกจ้างรัฐบาล,ไตรมาสที่ 4,1167,ภาคตะวันออกเฉียงเหนือ,944.97,พันคน,สำนักงานสถิติแห่งชาติ
2559,ลูกจ้างเอกชน,ไตรมาสที่ 4,1168,ภาคตะวันออกเฉียงเหนือ,1842.91,พันคน,สำนักงานสถิติแห่งชาติ
2559,ทำงานส่วนตัว,ไตรมาสที่ 4,1169,ภาคตะวันออกเฉียงเหนือ,4047.81,พันคน,สำนักงานสถิติแห่งชาติ
2559,ช่วยธุรกิจครอบครัว,ไตรมาสที่ 4,1170,ภาคตะวันออกเฉียงเหนือ,2460.84,พันคน,สำนักงานสถิติแห่งชาติ
2559,การรวมกลุ่ม,ไตรมาสที่ 4,1171,ภาคตะวันออกเฉียงเหนือ,21.06,พันคน,สำนักงานสถิติแห่งชาติ
2559,นายจ้าง,ไตรมาสที่ 4,1172,ภาคใต้,181.94,พันคน,สำนักงานสถิติแห่งชาติ
2559,ลูกจ้างรัฐบาล,ไตรมาสที่ 4,1173,ภาคใต้,463.0,พันคน,สำนักงานสถิติแห่งชาติ
2559,ลูกจ้างเอกชน,ไตรมาสที่ 4,1174,ภาคใต้,1842.77,พันคน,สำนักงานสถิติแห่งชาติ
2559,ทำงานส่วนตัว,ไตรมาสที่ 4,1175,ภาคใต้,1711.49,พันคน,สำนักงานสถิติแห่งชาติ
2559,ช่วยธุรกิจครอบครัว,ไตรมาสที่ 4,1176,ภาคใต้,801.35,พันคน,สำนักงานสถิติแห่งชาติ
2559,การรวมกลุ่ม,ไตรมาสที่ 4,1177,ภาคใต้,1.82,พันคน,สำนักงานสถิติแห่งชาติ
2560,นายจ้าง,ไตรมาสที่ 1,1178,กรุงเทพมหานคร,252.3,พันคน,สำนักงานสถิติแห่งชาติ
2560,ลูกจ้างรัฐบาล,ไตรมาสที่ 1,1179,กรุงเทพมหานคร,456.2,พันคน,สำนักงานสถิติแห่งชาติ
2560,ลูกจ้างเอกชน,ไตรมาสที่ 1,1180,กรุงเทพมหานคร,3098.3,พันคน,สำนักงานสถิติแห่งชาติ
2560,ทำงานส่วนตัว,ไตรมาสที่ 1,1181,กรุงเทพมหานคร,1081.4,พันคน,สำนักงานสถิติแห่งชาติ
2560,ช่วยธุรกิจครอบครัว,ไตรมาสที่ 1,1182,กรุงเทพมหานคร,351.0,พันคน,สำนักงานสถิติแห่งชาติ
2560,การรวมกลุ่ม,ไตรมาสที่ 1,1183,กรุงเทพมหานคร,0.0,พันคน,สำนักงานสถิติแห่งชาติ
2560,นายจ้าง,ไตรมาสที่ 1,1184,ภาคกลาง,340.2,พันคน,สำนักงานสถิติแห่งชาติ
2560,ลูกจ้างรัฐบาล,ไตรมาสที่ 1,1185,ภาคกลาง,1034.1,พันคน,สำนักงานสถิติแห่งชาติ
2560,ลูกจ้างเอกชน,ไตรมาสที่ 1,1186,ภาคกลาง,6154.6,พันคน,สำนักงานสถิติแห่งชาติ
2560,ทำงานส่วนตัว,ไตรมาสที่ 1,1187,ภาคกลาง,2832.9,พันคน,สำนักงานสถิติแห่งชาติ
2560,ช่วยธุรกิจครอบครัว,ไตรมาสที่ 1,1188,ภาคกลาง,1330.1,พันคน,สำนักงานสถิติแห่งชาติ
2560,การรวมกลุ่ม,ไตรมาสที่ 1,1189,ภาคกลาง,1.9,พันคน,สำนักงานสถิติแห่งชาติ
2560,นายจ้าง,ไตรมาสที่ 1,1190,ภาคเหนือ,113.9,พันคน,สำนักงานสถิติแห่งชาติ
2560,ลูกจ้างเอกชน,ไตรมาสที่ 1,1191,ภาคเหนือ,1944.6,พันคน,สำนักงานสถิติแห่งชาติ
2560,ทำงานส่วนตัว,ไตรมาสที่ 1,1192,ภาคเหนือ,2234.3,พันคน,สำนักงานสถิติแห่งชาติ
2560,ช่วยธุรกิจครอบครัว,ไตรมาสที่ 1,1193,ภาคเหนือ,1272.5,พันคน,สำนักงานสถิติแห่งชาติ
2560,การรวมกลุ่ม,ไตรมาสที่ 1,1194,ภาคเหนือ,5.4,พันคน,สำนักงานสถิติแห่งชาติ
2560,นายจ้าง,ไตรมาสที่ 1,1195,ภาคตะวันออกเฉียงเหนือ,128.1,พันคน,สำนักงานสถิติแห่งชาติ
2560,ลูกจ้างรัฐบาล,ไตรมาสที่ 1,1196,ภาคตะวันออกเฉียงเหนือ,992.0,พันคน,สำนักงานสถิติแห่งชาติ
2560,ลูกจ้างเอกชน,ไตรมาสที่ 1,1197,ภาคตะวันออกเฉียงเหนือ,2365.7,พันคน,สำนักงานสถิติแห่งชาติ
2560,ทำงานส่วนตัว,ไตรมาสที่ 1,1198,ภาคตะวันออกเฉียงเหนือ,3720.5,พันคน,สำนักงานสถิติแห่งชาติ
2560,ช่วยธุรกิจครอบครัว,ไตรมาสที่ 1,1199,ภาคตะวันออกเฉียงเหนือ,1902.9,พันคน,สำนักงานสถิติแห่งชาติ
2560,การรวมกลุ่ม,ไตรมาสที่ 1,1200,ภาคตะวันออกเฉียงเหนือ,37.6,พันคน,สำนักงานสถิติแห่งชาติ
2560,นายจ้าง,ไตรมาสที่ 1,1201,ภาคใต้,194.0,พันคน,สำนักงานสถิติแห่งชาติ
2560,ลูกจ้างรัฐบาล,ไตรมาสที่ 1,1202,ภาคใต้,515.2,พันคน,สำนักงานสถิติแห่งชาติ
2560,ลูกจ้างเอกชน,ไตรมาสที่ 1,1203,ภาคใต้,1848.6,พันคน,สำนักงานสถิติแห่งชาติ
2560,ทำงานส่วนตัว,ไตรมาสที่ 1,1204,ภาคใต้,1771.8,พันคน,สำนักงานสถิติแห่งชาติ
2560,ช่วยธุรกิจครอบครัว,ไตรมาสที่ 1,1205,ภาคใต้,780.8,พันคน,สำนักงานสถิติแห่งชาติ
2560,การรวมกลุ่ม,ไตรมาสที่ 1,1206,ภาคใต้,0.5,พันคน,สำนักงานสถิติแห่งชาติ
2560,นายจ้าง,ไตรมาสที่ 2,1207,กรุงเทพมหานคร,240.2,พันคน,สำนักงานสถิติแห่งชาติ
2560,ลูกจ้างรัฐบาล,ไตรมาสที่ 2,1208,กรุงเทพมหานคร,474.1,พันคน,สำนักงานสถิติแห่งชาติ
2560,ลูกจ้างเอกชน,ไตรมาสที่ 2,1209,กรุงเทพมหานคร,3143.5,พันคน,สำนักงานสถิติแห่งชาติ
2560,ทำงานส่วนตัว,ไตรมาสที่ 2,1210,กรุงเทพมหานคร,1033.3,พันคน,สำนักงานสถิติแห่งชาติ
2560,ช่วยธุรกิจครอบครัว,ไตรมาสที่ 2,1211,กรุงเทพมหานคร,346.5,พันคน,สำนักงานสถิติแห่งชาติ
2560,การรวมกลุ่ม,ไตรมาสที่ 2,1212,กรุงเทพมหานคร,0.0,พันคน,สำนักงานสถิติแห่งชาติ
2560,นายจ้าง,ไตรมาสที่ 2,1213,ภาคกลาง,328.0,พันคน,สำนักงานสถิติแห่งชาติ
2560,ลูกจ้างรัฐบาล,ไตรมาสที่ 2,1214,ภาคกลาง,1022.6,พันคน,สำนักงานสถิติแห่งชาติ
2560,ลูกจ้างเอกชน,ไตรมาสที่ 2,1215,ภาคกลาง,6143.0,พันคน,สำนักงานสถิติแห่งชาติ
2560,ทำงานส่วนตัว,ไตรมาสที่ 2,1216,ภาคกลาง,2777.8,พันคน,สำนักงานสถิติแห่งชาติ
2560,ช่วยธุรกิจครอบครัว,ไตรมาสที่ 2,1217,ภาคกลาง,1371.3,พันคน,สำนักงานสถิติแห่งชาติ
2560,การรวมกลุ่ม,ไตรมาสที่ 2,1218,ภาคกลาง,2.7,พันคน,สำนักงานสถิติแห่งชาติ
2560,นายจ้าง,ไตรมาสที่ 2,1219,ภาคเหนือ,123.3,พันคน,สำนักงานสถิติแห่งชาติ
2560,ลูกจ้างรัฐบาล,ไตรมาสที่ 2,1220,ภาคเหนือ,682.5,พันคน,สำนักงานสถิติแห่งชาติ
2560,ลูกจ้างเอกชน,ไตรมาสที่ 2,1221,ภาคเหนือ,1820.0,พันคน,สำนักงานสถิติแห่งชาติ
2560,ทำงานส่วนตัว,ไตรมาสที่ 2,1222,ภาคเหนือ,2264.7,พันคน,สำนักงานสถิติแห่งชาติ
2560,ช่วยธุรกิจครอบครัว,ไตรมาสที่ 2,1223,ภาคเหนือ,1315.8,พันคน,สำนักงานสถิติแห่งชาติ
2560,การรวมกลุ่ม,ไตรมาสที่ 2,1224,ภาคเหนือ,2.8,พันคน,สำนักงานสถิติแห่งชาติ
2560,นายจ้าง,ไตรมาสที่ 2,1225,ภาคตะวันออกเฉียงเหนือ,136.3,พันคน,สำนักงานสถิติแห่งชาติ
2560,ลูกจ้างรัฐบาล,ไตรมาสที่ 2,1226,ภาคตะวันออกเฉียงเหนือ,960.2,พันคน,สำนักงานสถิติแห่งชาติ
2560,ลูกจ้างเอกชน,ไตรมาสที่ 2,1227,ภาคตะวันออกเฉียงเหนือ,2120.1,พันคน,สำนักงานสถิติแห่งชาติ
2560,ทำงานส่วนตัว,ไตรมาสที่ 2,1228,ภาคตะวันออกเฉียงเหนือ,3897.4,พันคน,สำนักงานสถิติแห่งชาติ
2560,ช่วยธุรกิจครอบครัว,ไตรมาสที่ 2,1229,ภาคตะวันออกเฉียงเหนือ,2232.0,พันคน,สำนักงานสถิติแห่งชาติ
2560,การรวมกลุ่ม,ไตรมาสที่ 2,1230,ภาคตะวันออกเฉียงเหนือ,39.3,พันคน,สำนักงานสถิติแห่งชาติ
2560,นายจ้าง,ไตรมาสที่ 2,1231,ภาคใต้,195.7,พันคน,สำนักงานสถิติแห่งชาติ
2560,ลูกจ้างรัฐบาล,ไตรมาสที่ 2,1232,ภาคใต้,500.1,พันคน,สำนักงานสถิติแห่งชาติ
2560,ลูกจ้างเอกชน,ไตรมาสที่ 2,1233,ภาคใต้,1816.5,พันคน,สำนักงานสถิติแห่งชาติ
2560,ทำงานส่วนตัว,ไตรมาสที่ 2,1234,ภาคใต้,1720.3,พันคน,สำนักงานสถิติแห่งชาติ
2560,ช่วยธุรกิจครอบครัว,ไตรมาสที่ 2,1235,ภาคใต้,821.3,พันคน,สำนักงานสถิติแห่งชาติ
2560,การรวมกลุ่ม,ไตรมาสที่ 2,1236,ภาคใต้,7.3,พันคน,สำนักงานสถิติแห่งชาติ
2560,นายจ้าง,ไตรมาสที่ 3,1237,กรุงเทพมหานคร,252.7,พันคน,สำนักงานสถิติแห่งชาติ
2560,ลูกจ้างรัฐบาล,ไตรมาสที่ 3,1238,กรุงเทพมหานคร,451.1,พันคน,สำนักงานสถิติแห่งชาติ
2560,ทำงานส่วนตัว,ไตรมาสที่ 3,1239,กรุงเทพมหานคร,1049.6,พันคน,สำนักงานสถิติแห่งชาติ
2560,ช่วยธุรกิจครอบครัว,ไตรมาสที่ 3,1240,กรุงเทพมหานคร,362.0,พันคน,สำนักงานสถิติแห่งชาติ
2560,การรวมกลุ่ม,ไตรมาสที่ 3,1241,กรุงเทพมหานคร,2.2,พันคน,สำนักงานสถิติแห่งชาติ
2560,นายจ้าง,ไตรมาสที่ 3,1242,ภาคกลาง,362.0,พันคน,สำนักงานสถิติแห่งชาติ
2560,ลูกจ้างรัฐบาล,ไตรมาสที่ 3,1243,ภาคกลาง,1012.1,พันคน,สำนักงานสถิติแห่งชาติ
2560,ลูกจ้างเอกชน,ไตรมาสที่ 3,1244,ภาคกลาง,5986.5,พันคน,สำนักงานสถิติแห่งชาติ
2560,ทำงานส่วนตัว,ไตรมาสที่ 3,1245,ภาคกลาง,2716.7,พันคน,สำนักงานสถิติแห่งชาติ
2560,ช่วยธุรกิจครอบครัว,ไตรมาสที่ 3,1246,ภาคกลาง,1386.8,พันคน,สำนักงานสถิติแห่งชาติ
2560,การรวมกลุ่ม,ไตรมาสที่ 3,1247,ภาคกลาง,6.2,พันคน,สำนักงานสถิติแห่งชาติ
2560,นายจ้าง,ไตรมาสที่ 3,1248,ภาคเหนือ,115.0,พันคน,สำนักงานสถิติแห่งชาติ
2560,ลูกจ้างรัฐบาล,ไตรมาสที่ 3,1249,ภาคเหนือ,659.5,พันคน,สำนักงานสถิติแห่งชาติ
2560,ลูกจ้างเอกชน,ไตรมาสที่ 3,1250,ภาคเหนือ,1618.5,พันคน,สำนักงานสถิติแห่งชาติ
2560,ทำงานส่วนตัว,ไตรมาสที่ 3,1251,ภาคเหนือ,2331.6,พันคน,สำนักงานสถิติแห่งชาติ
2560,ช่วยธุรกิจครอบครัว,ไตรมาสที่ 3,1252,ภาคเหนือ,1504.4,พันคน,สำนักงานสถิติแห่งชาติ
2560,การรวมกลุ่ม,ไตรมาสที่ 3,1253,ภาคเหนือ,15.6,พันคน,สำนักงานสถิติแห่งชาติ
2560,นายจ้าง,ไตรมาสที่ 3,1254,ภาคตะวันออกเฉียงเหนือ,111.6,พันคน,สำนักงานสถิติแห่งชาติ
2560,ลูกจ้างรัฐบาล,ไตรมาสที่ 3,1255,ภาคตะวันออกเฉียงเหนือ,904.8,พันคน,สำนักงานสถิติแห่งชาติ
2560,ลูกจ้างเอกชน,ไตรมาสที่ 3,1256,ภาคตะวันออกเฉียงเหนือ,1898.6,พันคน,สำนักงานสถิติแห่งชาติ
2560,ทำงานส่วนตัว,ไตรมาสที่ 3,1257,ภาคตะวันออกเฉียงเหนือ,4089.9,พันคน,สำนักงานสถิติแห่งชาติ
2560,ช่วยธุรกิจครอบครัว,ไตรมาสที่ 3,1258,ภาคตะวันออกเฉียงเหนือ,2633.1,พันคน,สำนักงานสถิติแห่งชาติ
2560,การรวมกลุ่ม,ไตรมาสที่ 3,1259,ภาคตะวันออกเฉียงเหนือ,36.9,พันคน,สำนักงานสถิติแห่งชาติ
2560,นายจ้าง,ไตรมาสที่ 3,1260,ภาคใต้,169.8,พันคน,สำนักงานสถิติแห่งชาติ
2560,ลูกจ้างรัฐบาล,ไตรมาสที่ 3,1261,ภาคใต้,483.3,พันคน,สำนักงานสถิติแห่งชาติ
2560,ลูกจ้างเอกชน,ไตรมาสที่ 3,1262,ภาคใต้,1863.0,พันคน,สำนักงานสถิติแห่งชาติ
2560,ทำงานส่วนตัว,ไตรมาสที่ 3,1263,ภาคใต้,1702.6,พันคน,สำนักงานสถิติแห่งชาติ
2560,ช่วยธุรกิจครอบครัว,ไตรมาสที่ 3,1264,ภาคใต้,814.7,พันคน,สำนักงานสถิติแห่งชาติ
2560,การรวมกลุ่ม,ไตรมาสที่ 3,1265,ภาคใต้,4.7,พันคน,สำนักงานสถิติแห่งชาติ
2560,นายจ้าง,ไตรมาสที่ 4,1266,กรุงเทพมหานคร,224.8,พันคน,สำนักงานสถิติแห่งชาติ
2560,ลูกจ้างรัฐบาล,ไตรมาสที่ 4,1267,กรุงเทพมหานคร,444.7,พันคน,สำนักงานสถิติแห่งชาติ
2560,ลูกจ้างเอกชน,ไตรมาสที่ 4,1268,กรุงเทพมหานคร,3123.2,พันคน,สำนักงานสถิติแห่งชาติ
2560,ทำงานส่วนตัว,ไตรมาสที่ 4,1269,กรุงเทพมหานคร,1074.3,พันคน,สำนักงานสถิติแห่งชาติ
2560,ช่วยธุรกิจครอบครัว,ไตรมาสที่ 4,1270,กรุงเทพมหานคร,365.9,พันคน,สำนักงานสถิติแห่งชาติ
2560,การรวมกลุ่ม,ไตรมาสที่ 4,1271,กรุงเทพมหานคร,0.0,พันคน,สำนักงานสถิติแห่งชาติ
2560,นายจ้าง,ไตรมาสที่ 4,1272,ภาคกลาง,998.9,พันคน,สำนักงานสถิติแห่งชาติ
2560,ลูกจ้างรัฐบาล,ไตรมาสที่ 4,1273,ภาคกลาง,5942.7,พันคน,สำนักงานสถิติแห่งชาติ
2560,ลูกจ้างเอกชน,ไตรมาสที่ 4,1274,ภาคกลาง,2833.6,พันคน,สำนักงานสถิติแห่งชาติ
2560,ทำงานส่วนตัว,ไตรมาสที่ 4,1275,ภาคกลาง,1298.7,พันคน,สำนักงานสถิติแห่งชาติ
2560,ช่วยธุรกิจครอบครัว,ไตรมาสที่ 4,1276,ภาคกลาง,3.4,พันคน,สำนักงานสถิติแห่งชาติ
2560,การรวมกลุ่ม,ไตรมาสที่ 4,1277,ภาคกลาง,0.0,พันคน,สำนักงานสถิติแห่งชาติ
2560,นายจ้าง,ไตรมาสที่ 4,1278,ภาคเหนือ,670.7,พันคน,สำนักงานสถิติแห่งชาติ
2560,ลูกจ้างรัฐบาล,ไตรมาสที่ 4,1279,ภาคเหนือ,1715.4,พันคน,สำนักงานสถิติแห่งชาติ
2560,ลูกจ้างเอกชน,ไตรมาสที่ 4,1280,ภาคเหนือ,2305.8,พันคน,สำนักงานสถิติแห่งชาติ
2560,ทำงานส่วนตัว,ไตรมาสที่ 4,1281,ภาคเหนือ,1363.0,พันคน,สำนักงานสถิติแห่งชาติ
2560,ช่วยธุรกิจครอบครัว,ไตรมาสที่ 4,1282,ภาคเหนือ,2.1,พันคน,สำนักงานสถิติแห่งชาติ
2560,การรวมกลุ่ม,ไตรมาสที่ 4,1283,ภาคเหนือ,0.0,พันคน,สำนักงานสถิติแห่งชาติ
2560,นายจ้าง,ไตรมาสที่ 4,1284,ภาคตะวันออกเฉียงเหนือ,121.9,พันคน,สำนักงานสถิติแห่งชาติ
2560,ลูกจ้างรัฐบาล,ไตรมาสที่ 4,1285,ภาคตะวันออกเฉียงเหนือ,931.2,พันคน,สำนักงานสถิติแห่งชาติ
2560,ลูกจ้างเอกชน,ไตรมาสที่ 4,1286,ภาคตะวันออกเฉียงเหนือ,1872.0,พันคน,สำนักงานสถิติแห่งชาติ
2560,ทำงานส่วนตัว,ไตรมาสที่ 4,1287,ภาคตะวันออกเฉียงเหนือ,3984.1,พันคน,สำนักงานสถิติแห่งชาติ
2560,การรวมกลุ่ม,ไตรมาสที่ 4,1288,ภาคตะวันออกเฉียงเหนือ,19.0,พันคน,สำนักงานสถิติแห่งชาติ
2560,นายจ้าง,ไตรมาสที่ 4,1289,ภาคใต้,170.4,พันคน,สำนักงานสถิติแห่งชาติ
2560,ลูกจ้างรัฐบาล,ไตรมาสที่ 4,1290,ภาคใต้,477.4,พันคน,สำนักงานสถิติแห่งชาติ
2560,ลูกจ้างเอกชน,ไตรมาสที่ 4,1291,ภาคใต้,1902.5,พันคน,สำนักงานสถิติแห่งชาติ
2560,ทำงานส่วนตัว,ไตรมาสที่ 4,1292,ภาคใต้,1672.3,พันคน,สำนักงานสถิติแห่งชาติ
2560,ช่วยธุรกิจครอบครัว,ไตรมาสที่ 4,1293,ภาคใต้,751.8,พันคน,สำนักงานสถิติแห่งชาติ
2560,การรวมกลุ่ม,ไตรมาสที่ 4,1294,ภาคใต้,3.9,พันคน,สำนักงานสถิติแห่งชาติ
2561,นายจ้าง,ไตรมาสที่ 1,1295,กรุงเทพมหานคร,239.38,พันคน,สำนักงานสถิติแห่งชาติ
2561,ลูกจ้างรัฐบาล,ไตรมาสที่ 1,1296,กรุงเทพมหานคร,472.78,พันคน,สำนักงานสถิติแห่งชาติ
2561,ลูกจ้างเอกชน,ไตรมาสที่ 1,1297,กรุงเทพมหานคร,3086.63,พันคน,สำนักงานสถิติแห่งชาติ
2561,ทำงานส่วนตัว,ไตรมาสที่ 1,1298,กรุงเทพมหานคร,1127.3,พันคน,สำนักงานสถิติแห่งชาติ
2561,ช่วยธุรกิจครอบครัว,ไตรมาสที่ 1,1299,กรุงเทพมหานคร,310.32,พันคน,สำนักงานสถิติแห่งชาติ
2561,การรวมกลุ่ม,ไตรมาสที่ 1,1300,กรุงเทพมหานคร,1.04,พันคน,สำนักงานสถิติแห่งชาติ
2561,นายจ้าง,ไตรมาสที่ 1,1301,ภาคกลาง,343.69,พันคน,สำนักงานสถิติแห่งชาติ
2561,ลูกจ้างรัฐบาล,ไตรมาสที่ 1,1302,ภาคกลาง,985.94,พันคน,สำนักงานสถิติแห่งชาติ
2561,ลูกจ้างเอกชน,ไตรมาสที่ 1,1303,ภาคกลาง,5932.13,พันคน,สำนักงานสถิติแห่งชาติ
2561,ทำงานส่วนตัว,ไตรมาสที่ 1,1304,ภาคกลาง,3045.77,พันคน,สำนักงานสถิติแห่งชาติ
2561,ช่วยธุรกิจครอบครัว,ไตรมาสที่ 1,1305,ภาคกลาง,1351.02,พันคน,สำนักงานสถิติแห่งชาติ
2561,การรวมกลุ่ม,ไตรมาสที่ 1,1306,ภาคกลาง,5.38,พันคน,สำนักงานสถิติแห่งชาติ
2561,นายจ้าง,ไตรมาสที่ 1,1307,ภาคเหนือ,120.06,พันคน,สำนักงานสถิติแห่งชาติ
2561,ลูกจ้างรัฐบาล,ไตรมาสที่ 1,1308,ภาคเหนือ,647.77,พันคน,สำนักงานสถิติแห่งชาติ
2561,ลูกจ้างเอกชน,ไตรมาสที่ 1,1309,ภาคเหนือ,1770.13,พันคน,สำนักงานสถิติแห่งชาติ
2561,ทำงานส่วนตัว,ไตรมาสที่ 1,1310,ภาคเหนือ,2347.57,พันคน,สำนักงานสถิติแห่งชาติ
2561,ช่วยธุรกิจครอบครัว,ไตรมาสที่ 1,1311,ภาคเหนือ,1370.39,พันคน,สำนักงานสถิติแห่งชาติ
2561,การรวมกลุ่ม,ไตรมาสที่ 1,1312,ภาคเหนือ,3.25,พันคน,สำนักงานสถิติแห่งชาติ
2561,นายจ้าง,ไตรมาสที่ 1,1313,ภาคตะวันออกเฉียงเหนือ,120.73,พันคน,สำนักงานสถิติแห่งชาติ
2561,ลูกจ้างรัฐบาล,ไตรมาสที่ 1,1314,ภาคตะวันออกเฉียงเหนือ,936.1,พันคน,สำนักงานสถิติแห่งชาติ
2561,ลูกจ้างเอกชน,ไตรมาสที่ 1,1315,ภาคตะวันออกเฉียงเหนือ,2089.64,พันคน,สำนักงานสถิติแห่งชาติ
2561,ทำงานส่วนตัว,ไตรมาสที่ 1,1316,ภาคตะวันออกเฉียงเหนือ,3877.69,พันคน,สำนักงานสถิติแห่งชาติ
2561,ช่วยธุรกิจครอบครัว,ไตรมาสที่ 1,1317,ภาคตะวันออกเฉียงเหนือ,2043.36,พันคน,สำนักงานสถิติแห่งชาติ
2561,การรวมกลุ่ม,ไตรมาสที่ 1,1318,ภาคตะวันออกเฉียงเหนือ,44.48,พันคน,สำนักงานสถิติแห่งชาติ
2561,นายจ้าง,ไตรมาสที่ 1,1319,ภาคใต้,193.37,พันคน,สำนักงานสถิติแห่งชาติ
2561,ลูกจ้างรัฐบาล,ไตรมาสที่ 1,1320,ภาคใต้,487.19,พันคน,สำนักงานสถิติแห่งชาติ
2561,ลูกจ้างเอกชน,ไตรมาสที่ 1,1321,ภาคใต้,1808.98,พันคน,สำนักงานสถิติแห่งชาติ
2561,ทำงานส่วนตัว,ไตรมาสที่ 1,1322,ภาคใต้,1765.07,พันคน,สำนักงานสถิติแห่งชาติ
2561,ช่วยธุรกิจครอบครัว,ไตรมาสที่ 1,1323,ภาคใต้,827.66,พันคน,สำนักงานสถิติแห่งชาติ
2561,การรวมกลุ่ม,ไตรมาสที่ 1,1324,ภาคใต้,6.65,พันคน,สำนักงานสถิติแห่งชาติ
2561,นายจ้าง,ไตรมาสที่ 2,1325,กรุงเทพมหานคร,271.51,พันคน,สำนักงานสถิติแห่งชาติ
2561,ลูกจ้างรัฐบาล,ไตรมาสที่ 2,1326,กรุงเทพมหานคร,472.71,พันคน,สำนักงานสถิติแห่งชาติ
2561,ลูกจ้างเอกชน,ไตรมาสที่ 2,1327,กรุงเทพมหานคร,3103.71,พันคน,สำนักงานสถิติแห่งชาติ
2561,ทำงานส่วนตัว,ไตรมาสที่ 2,1328,กรุงเทพมหานคร,1080.39,พันคน,สำนักงานสถิติแห่งชาติ
2561,ช่วยธุรกิจครอบครัว,ไตรมาสที่ 2,1329,กรุงเทพมหานคร,326.45,พันคน,สำนักงานสถิติแห่งชาติ
2561,การรวมกลุ่ม,ไตรมาสที่ 2,1330,กรุงเทพมหานคร,0.0,พันคน,สำนักงานสถิติแห่งชาติ
2561,นายจ้าง,ไตรมาสที่ 2,1331,ภาคกลาง,371.26,พันคน,สำนักงานสถิติแห่งชาติ
2561,ลูกจ้างรัฐบาล,ไตรมาสที่ 2,1332,ภาคกลาง,970.77,พันคน,สำนักงานสถิติแห่งชาติ
2561,ลูกจ้างเอกชน,ไตรมาสที่ 2,1333,ภาคกลาง,6102.88,พันคน,สำนักงานสถิติแห่งชาติ
2561,ทำงานส่วนตัว,ไตรมาสที่ 2,1334,ภาคกลาง,2862.76,พันคน,สำนักงานสถิติแห่งชาติ
2561,ช่วยธุรกิจครอบครัว,ไตรมาสที่ 2,1335,ภาคกลาง,1370.96,พันคน,สำนักงานสถิติแห่งชาติ
2561,การรวมกลุ่ม,ไตรมาสที่ 2,1336,ภาคกลาง,4.16,พันคน,สำนักงานสถิติแห่งชาติ
2564,การรวมกลุ่ม,ไตรมาสที่ 4,1337,ภาคเหนือ,0.3,พันคน,สำนักงานสถิติแห่งชาติ
2564,นายจ้าง,ไตรมาสที่ 4,1338,ภาคตะวันออกเฉียงเหนือ,108.2,พันคน,สำนักงานสถิติแห่งชาติ
2564,ลูกจ้างรัฐบาล,ไตรมาสที่ 4,1339,ภาคตะวันออกเฉียงเหนือ,847.9,พันคน,สำนักงานสถิติแห่งชาติ
2564,ลูกจ้างเอกชน,ไตรมาสที่ 4,1340,ภาคตะวันออกเฉียงเหนือ,1818.4,พันคน,สำนักงานสถิติแห่งชาติ
2564,ทำงานส่วนตัว,ไตรมาสที่ 4,1341,ภาคตะวันออกเฉียงเหนือ,4106.4,พันคน,สำนักงานสถิติแห่งชาติ
2564,ช่วยธุรกิจครอบครัว,ไตรมาสที่ 4,1342,ภาคตะวันออกเฉียงเหนือ,2554.6,พันคน,สำนักงานสถิติแห่งชาติ
2564,การรวมกลุ่ม,ไตรมาสที่ 4,1343,ภาคตะวันออกเฉียงเหนือ,23.3,พันคน,สำนักงานสถิติแห่งชาติ
2564,นายจ้าง,ไตรมาสที่ 4,1344,ภาคใต้,180.4,พันคน,สำนักงานสถิติแห่งชาติ
2564,ลูกจ้างรัฐบาล,ไตรมาสที่ 4,1345,ภาคใต้,463.3,พันคน,สำนักงานสถิติแห่งชาติ
2564,ลูกจ้างเอกชน,ไตรมาสที่ 4,1346,ภาคใต้,1707.8,พันคน,สำนักงานสถิติแห่งชาติ
2564,ทำงานส่วนตัว,ไตรมาสที่ 4,1347,ภาคใต้,1858.7,พันคน,สำนักงานสถิติแห่งชาติ
2564,ช่วยธุรกิจครอบครัว,ไตรมาสที่ 4,1348,ภาคใต้,852.5,พันคน,สำนักงานสถิติแห่งชาติ
2564,การรวมกลุ่ม,ไตรมาสที่ 4,1349,ภาคใต้,2.5,พันคน,สำนักงานสถิติแห่งชาติ
2565,นายจ้าง,ไตรมาสที่ 1,1350,กรุงเทพมหานคร,165.1,พันคน,สำนักงานสถิติแห่งชาติ
2565,ลูกจ้างรัฐบาล,ไตรมาสที่ 1,1351,กรุงเทพมหานคร,576.5,พันคน,สำนักงานสถิติแห่งชาติ
2565,ลูกจ้างเอกชน,ไตรมาสที่ 1,1352,กรุงเทพมหานคร,3324.6,พันคน,สำนักงานสถิติแห่งชาติ
2565,ทำงานส่วนตัว,ไตรมาสที่ 1,1353,กรุงเทพมหานคร,1277.1,พันคน,สำนักงานสถิติแห่งชาติ
2565,ช่วยธุรกิจครอบครัว,ไตรมาสที่ 1,1354,กรุงเทพมหานคร,274.7,พันคน,สำนักงานสถิติแห่งชาติ
2565,นายจ้าง,ไตรมาสที่ 1,1355,ภาคกลาง,364.3,พันคน,สำนักงานสถิติแห่งชาติ
2565,ลูกจ้างรัฐบาล,ไตรมาสที่ 1,1356,ภาคกลาง,1056.6,พันคน,สำนักงานสถิติแห่งชาติ
2565,ลูกจ้างเอกชน,ไตรมาสที่ 1,1357,ภาคกลาง,6497.6,พันคน,สำนักงานสถิติแห่งชาติ
2565,ทำงานส่วนตัว,ไตรมาสที่ 1,1358,ภาคกลาง,3454.0,พันคน,สำนักงานสถิติแห่งชาติ
2565,ช่วยธุรกิจครอบครัว,ไตรมาสที่ 1,1359,ภาคกลาง,1432.5,พันคน,สำนักงานสถิติแห่งชาติ
2565,การรวมกลุ่ม,ไตรมาสที่ 1,1360,ภาคกลาง,1.5,พันคน,สำนักงานสถิติแห่งชาติ
2565,นายจ้าง,ไตรมาสที่ 1,1361,ภาคเหนือ,113.5,พันคน,สำนักงานสถิติแห่งชาติ
2565,ลูกจ้างรัฐบาล,ไตรมาสที่ 1,1362,ภาคเหนือ,632.3,พันคน,สำนักงานสถิติแห่งชาติ
2565,ลูกจ้างเอกชน,ไตรมาสที่ 1,1363,ภาคเหนือ,1328.7,พันคน,สำนักงานสถิติแห่งชาติ
2565,ทำงานส่วนตัว,ไตรมาสที่ 1,1364,ภาคเหนือ,2695.3,พันคน,สำนักงานสถิติแห่งชาติ
2565,ช่วยธุรกิจครอบครัว,ไตรมาสที่ 1,1365,ภาคเหนือ,1313.3,พันคน,สำนักงานสถิติแห่งชาติ
2565,การรวมกลุ่ม,ไตรมาสที่ 1,1366,ภาคเหนือ,2.3,พันคน,สำนักงานสถิติแห่งชาติ
2565,นายจ้าง,ไตรมาสที่ 1,1367,ภาคตะวันออกเฉียงเหนือ,135.8,พันคน,สำนักงานสถิติแห่งชาติ
2565,ลูกจ้างรัฐบาล,ไตรมาสที่ 1,1368,ภาคตะวันออกเฉียงเหนือ,933.6,พันคน,สำนักงานสถิติแห่งชาติ
2565,ลูกจ้างเอกชน,ไตรมาสที่ 1,1369,ภาคตะวันออกเฉียงเหนือ,2111.5,พันคน,สำนักงานสถิติแห่งชาติ
2565,ทำงานส่วนตัว,ไตรมาสที่ 1,1370,ภาคตะวันออกเฉียงเหนือ,3816.0,พันคน,สำนักงานสถิติแห่งชาติ
2565,ช่วยธุรกิจครอบครัว,ไตรมาสที่ 1,1371,ภาคตะวันออกเฉียงเหนือ,1954.2,พันคน,สำนักงานสถิติแห่งชาติ
2565,การรวมกลุ่ม,ไตรมาสที่ 1,1372,ภาคตะวันออกเฉียงเหนือ,40.2,พันคน,สำนักงานสถิติแห่งชาติ
2565,นายจ้าง,ไตรมาสที่ 1,1373,ภาคใต้,187.7,พันคน,สำนักงานสถิติแห่งชาติ
2565,ลูกจ้างรัฐบาล,ไตรมาสที่ 1,1374,ภาคใต้,507.3,พันคน,สำนักงานสถิติแห่งชาติ
2565,ลูกจ้างเอกชน,ไตรมาสที่ 1,1375,ภาคใต้,1816.6,พันคน,สำนักงานสถิติแห่งชาติ
2565,ทำงานส่วนตัว,ไตรมาสที่ 1,1376,ภาคใต้,1900.6,พันคน,สำนักงานสถิติแห่งชาติ
2565,ช่วยธุรกิจครอบครัว,ไตรมาสที่ 1,1377,ภาคใต้,798.8,พันคน,สำนักงานสถิติแห่งชาติ
2565,การรวมกลุ่ม,ไตรมาสที่ 1,1378,ภาคใต้,3.3,พันคน,สำนักงานสถิติแห่งชาติ
2565,นายจ้าง,ไตรมาสที่ 2,1379,กรุงเทพมหานคร,155.6,พันคน,สำนักงานสถิติแห่งชาติ
2565,ลูกจ้างรัฐบาล,ไตรมาสที่ 2,1380,กรุงเทพมหานคร,574.5,พันคน,สำนักงานสถิติแห่งชาติ
2565,ลูกจ้างเอกชน,ไตรมาสที่ 2,1381,กรุงเทพมหานคร,3303.7,พันคน,สำนักงานสถิติแห่งชาติ
2565,ทำงานส่วนตัว,ไตรมาสที่ 2,1382,กรุงเทพมหานคร,1299.2,พันคน,สำนักงานสถิติแห่งชาติ
2565,ช่วยธุรกิจครอบครัว,ไตรมาสที่ 2,1383,กรุงเทพมหานคร,292.4,พันคน,สำนักงานสถิติแห่งชาติ
2565,การรวมกลุ่ม,ไตรมาสที่ 2,1384,กรุงเทพมหานคร,0.0,พันคน,สำนักงานสถิติแห่งชาติ
2565,นายจ้าง,ไตรมาสที่ 2,1385,ภาคกลาง,324.4,พันคน,สำนักงานสถิติแห่งชาติ
2565,ลูกจ้างรัฐบาล,ไตรมาสที่ 2,1386,ภาคกลาง,1091.6,พันคน,สำนักงานสถิติแห่งชาติ
2565,ลูกจ้างเอกชน,ไตรมาสที่ 2,1387,ภาคกลาง,6586.1,พันคน,สำนักงานสถิติแห่งชาติ
2565,ทำงานส่วนตัว,ไตรมาสที่ 2,1388,ภาคกลาง,3375.7,พันคน,สำนักงานสถิติแห่งชาติ
2565,ช่วยธุรกิจครอบครัว,ไตรมาสที่ 2,1389,ภาคกลาง,1433.4,พันคน,สำนักงานสถิติแห่งชาติ
2565,การรวมกลุ่ม,ไตรมาสที่ 2,1390,ภาคกลาง,0.9,พันคน,สำนักงานสถิติแห่งชาติ
2565,นายจ้าง,ไตรมาสที่ 2,1391,ภาคเหนือ,111.3,พันคน,สำนักงานสถิติแห่งชาติ
2565,ลูกจ้างรัฐบาล,ไตรมาสที่ 2,1392,ภาคเหนือ,633.9,พันคน,สำนักงานสถิติแห่งชาติ
2565,ลูกจ้างเอกชน,ไตรมาสที่ 2,1393,ภาคเหนือ,1296.6,พันคน,สำนักงานสถิติแห่งชาติ
2565,ทำงานส่วนตัว,ไตรมาสที่ 2,1394,ภาคเหนือ,2709.3,พันคน,สำนักงานสถิติแห่งชาติ
2565,ช่วยธุรกิจครอบครัว,ไตรมาสที่ 2,1395,ภาคเหนือ,1325.8,พันคน,สำนักงานสถิติแห่งชาติ
2565,การรวมกลุ่ม,ไตรมาสที่ 2,1396,ภาคเหนือ,0.7,พันคน,สำนักงานสถิติแห่งชาติ
2565,นายจ้าง,ไตรมาสที่ 2,1397,ภาคตะวันออกเฉียงเหนือ,118.7,พันคน,สำนักงานสถิติแห่งชาติ
2565,ลูกจ้างรัฐบาล,ไตรมาสที่ 2,1398,ภาคตะวันออกเฉียงเหนือ,955.4,พันคน,สำนักงานสถิติแห่งชาติ
2565,ลูกจ้างเอกชน,ไตรมาสที่ 2,1399,ภาคตะวันออกเฉียงเหนือ,1919.5,พันคน,สำนักงานสถิติแห่งชาติ
2565,ทำงานส่วนตัว,ไตรมาสที่ 2,1400,ภาคตะวันออกเฉียงเหนือ,4102.0,พันคน,สำนักงานสถิติแห่งชาติ
2565,ช่วยธุรกิจครอบครัว,ไตรมาสที่ 2,1401,ภาคตะวันออกเฉียงเหนือ,2135.8,พันคน,สำนักงานสถิติแห่งชาติ
2565,การรวมกลุ่ม,ไตรมาสที่ 2,1402,ภาคตะวันออกเฉียงเหนือ,28.7,พันคน,สำนักงานสถิติแห่งชาติ
2565,นายจ้าง,ไตรมาสที่ 2,1403,ภาคใต้,207.5,พันคน,สำนักงานสถิติแห่งชาติ
2565,ลูกจ้างรัฐบาล,ไตรมาสที่ 2,1404,ภาคใต้,532.5,พันคน,สำนักงานสถิติแห่งชาติ
2565,ลูกจ้างเอกชน,ไตรมาสที่ 2,1405,ภาคใต้,1770.5,พันคน,สำนักงานสถิติแห่งชาติ
2565,ทำงานส่วนตัว,ไตรมาสที่ 2,1406,ภาคใต้,1878.3,พันคน,สำนักงานสถิติแห่งชาติ
2565,ช่วยธุรกิจครอบครัว,ไตรมาสที่ 2,1407,ภาคใต้,838.9,พันคน,สำนักงานสถิติแห่งชาติ
2565,การรวมกลุ่ม,ไตรมาสที่ 2,1408,ภาคใต้,8.0,พันคน,สำนักงานสถิติแห่งชาติ
2565,นายจ้าง,ไตรมาสที่ 3,1409,กรุงเทพมหานคร,140.1,พันคน,สำนักงานสถิติแห่งชาติ
2565,ลูกจ้างรัฐบาล,ไตรมาสที่ 3,1410,กรุงเทพมหานคร,539.2,พันคน,สำนักงานสถิติแห่งชาติ
2565,ลูกจ้างเอกชน,ไตรมาสที่ 3,1411,กรุงเทพมหานคร,3326.5,พันคน,สำนักงานสถิติแห่งชาติ
2565,ทำงานส่วนตัว,ไตรมาสที่ 3,1412,กรุงเทพมหานคร,1305.6,พันคน,สำนักงานสถิติแห่งชาติ
2565,ช่วยธุรกิจครอบครัว,ไตรมาสที่ 3,1413,กรุงเทพมหานคร,323.5,พันคน,สำนักงานสถิติแห่งชาติ
2565,การรวมกลุ่ม,ไตรมาสที่ 3,1414,กรุงเทพมหานคร,0.0,พันคน,สำนักงานสถิติแห่งชาติ
2565,นายจ้าง,ไตรมาสที่ 3,1415,ภาคกลาง,331.6,พันคน,สำนักงานสถิติแห่งชาติ
2565,ลูกจ้างรัฐบาล,ไตรมาสที่ 3,1416,ภาคกลาง,1085.1,พันคน,สำนักงานสถิติแห่งชาติ
2565,ลูกจ้างเอกชน,ไตรมาสที่ 3,1417,ภาคกลาง,6803.1,พันคน,สำนักงานสถิติแห่งชาติ
2565,ทำงานส่วนตัว,ไตรมาสที่ 3,1418,ภาคกลาง,3235.5,พันคน,สำนักงานสถิติแห่งชาติ
2565,ช่วยธุรกิจครอบครัว,ไตรมาสที่ 3,1419,ภาคกลาง,1377.7,พันคน,สำนักงานสถิติแห่งชาติ
2565,การรวมกลุ่ม,ไตรมาสที่ 3,1420,ภาคกลาง,6.4,พันคน,สำนักงานสถิติแห่งชาติ
2565,นายจ้าง,ไตรมาสที่ 3,1421,ภาคเหนือ,105.5,พันคน,สำนักงานสถิติแห่งชาติ
2565,ลูกจ้างรัฐบาล,ไตรมาสที่ 3,1422,ภาคเหนือ,647.9,พันคน,สำนักงานสถิติแห่งชาติ
2565,ลูกจ้างเอกชน,ไตรมาสที่ 3,1423,ภาคเหนือ,1277.9,พันคน,สำนักงานสถิติแห่งชาติ
2565,ทำงานส่วนตัว,ไตรมาสที่ 3,1424,ภาคเหนือ,2760.1,พันคน,สำนักงานสถิติแห่งชาติ
2565,ช่วยธุรกิจครอบครัว,ไตรมาสที่ 3,1425,ภาคเหนือ,1399.4,พันคน,สำนักงานสถิติแห่งชาติ
2565,การรวมกลุ่ม,ไตรมาสที่ 3,1426,ภาคเหนือ,0.4,พันคน,สำนักงานสถิติแห่งชาติ
2565,นายจ้าง,ไตรมาสที่ 3,1427,ภาคตะวันออกเฉียงเหนือ,87.4,พันคน,สำนักงานสถิติแห่งชาติ
2565,ลูกจ้างรัฐบาล,ไตรมาสที่ 3,1428,ภาคตะวันออกเฉียงเหนือ,932.9,พันคน,สำนักงานสถิติแห่งชาติ
2565,ลูกจ้างเอกชน,ไตรมาสที่ 3,1429,ภาคตะวันออกเฉียงเหนือ,1799.2,พันคน,สำนักงานสถิติแห่งชาติ
2565,ทำงานส่วนตัว,ไตรมาสที่ 3,1430,ภาคตะวันออกเฉียงเหนือ,4334.2,พันคน,สำนักงานสถิติแห่งชาติ
2565,ช่วยธุรกิจครอบครัว,ไตรมาสที่ 3,1431,ภาคตะวันออกเฉียงเหนือ,2494.1,พันคน,สำนักงานสถิติแห่งชาติ
2565,การรวมกลุ่ม,ไตรมาสที่ 3,1432,ภาคตะวันออกเฉียงเหนือ,36.7,พันคน,สำนักงานสถิติแห่งชาติ
2567,1. นายจ้าง,ไตรมาสที่ 1/2567,1433,1) กรุงเทพมหานคร,212.28,พันคน,สำนักงานสถิติแห่งชาติ
2567,2. ลูกจ้างรัฐบาล,ไตรมาสที่ 1/2567,1434,1) กรุงเทพมหานคร,509.76,พันคน,สำนักงานสถิติแห่งชาติ
2567,3. ลูกจ้างเอกชน,ไตรมาสที่ 1/2567,1435,1) กรุงเทพมหานคร,3452.22,พันคน,สำนักงานสถิติแห่งชาติ
2567,4. ทำงานส่วนตัว,ไตรมาสที่ 1/2567,1436,1) กรุงเทพมหานคร,1276.49,พันคน,สำนักงานสถิติแห่งชาติ
2567,5. ช่วยธุรกิจครอบครัว,ไตรมาสที่ 1/2567,1437,1) กรุงเทพมหานคร,323.56,พันคน,สำนักงานสถิติแห่งชาติ
2567,6. การรวมกลุ่ม,ไตรมาสที่ 1/2567,1438,1) กรุงเทพมหานคร,1.19,พันคน,สำนักงานสถิติแห่งชาติ
2567,1. นายจ้าง,ไตรมาสที่ 1/2567,1439,2) ภาคกลาง,366.17,พันคน,สำนักงานสถิติแห่งชาติ
2567,2. ลูกจ้างรัฐบาล,ไตรมาสที่ 1/2567,1440,2) ภาคกลาง,1045.52,พันคน,สำนักงานสถิติแห่งชาติ
2567,3. ลูกจ้างเอกชน,ไตรมาสที่ 1/2567,1441,2) ภาคกลาง,7247.74,พันคน,สำนักงานสถิติแห่งชาติ
2567,4. ทำงานส่วนตัว,ไตรมาสที่ 1/2567,1442,2) ภาคกลาง,3383.54,พันคน,สำนักงานสถิติแห่งชาติ
2567,5. ช่วยธุรกิจครอบครัว,ไตรมาสที่ 1/2567,1443,2) ภาคกลาง,1314.45,พันคน,สำนักงานสถิติแห่งชาติ
2567,6. การรวมกลุ่ม,ไตรมาสที่ 1/2567,1444,2) ภาคกลาง,0.68,พันคน,สำนักงานสถิติแห่งชาติ
2567,1. นายจ้าง,ไตรมาสที่ 1/2567,1445,3) ภาคเหนือ,141.59,พันคน,สำนักงานสถิติแห่งชาติ
2567,2. ลูกจ้างรัฐบาล,ไตรมาสที่ 1/2567,1446,3) ภาคเหนือ,627.98,พันคน,สำนักงานสถิติแห่งชาติ
2567,3. ลูกจ้างเอกชน,ไตรมาสที่ 1/2567,1447,3) ภาคเหนือ,1456.2,พันคน,สำนักงานสถิติแห่งชาติ
2567,4. ทำงานส่วนตัว,ไตรมาสที่ 1/2567,1448,3) ภาคเหนือ,2654.2,พันคน,สำนักงานสถิติแห่งชาติ
2567,5. ช่วยธุรกิจครอบครัว,ไตรมาสที่ 1/2567,1449,3) ภาคเหนือ,1294.01,พันคน,สำนักงานสถิติแห่งชาติ
2567,6. การรวมกลุ่ม,ไตรมาสที่ 1/2567,1450,3) ภาคเหนือ,2.21,พันคน,สำนักงานสถิติแห่งชาติ
2567,1. นายจ้าง,ไตรมาสที่ 1/2567,1451,4) ภาคตะวันออกเฉียงเหนือ,159.97,พันคน,สำนักงานสถิติแห่งชาติ
2567,2. ลูกจ้างรัฐบาล,ไตรมาสที่ 1/2567,1452,4) ภาคตะวันออกเฉียงเหนือ,916.12,พันคน,สำนักงานสถิติแห่งชาติ
2567,3. ลูกจ้างเอกชน,ไตรมาสที่ 1/2567,1453,4) ภาคตะวันออกเฉียงเหนือ,2246.55,พันคน,สำนักงานสถิติแห่งชาติ
2567,4. ทำงานส่วนตัว,ไตรมาสที่ 1/2567,1454,4) ภาคตะวันออกเฉียงเหนือ,3812.54,พันคน,สำนักงานสถิติแห่งชาติ
2567,5. ช่วยธุรกิจครอบครัว,ไตรมาสที่ 1/2567,1455,4) ภาคตะวันออกเฉียงเหนือ,1772.65,พันคน,สำนักงานสถิติแห่งชาติ
2567,6. การรวมกลุ่ม,ไตรมาสที่ 1/2567,1456,4) ภาคตะวันออกเฉียงเหนือ,25.62,พันคน,สำนักงานสถิติแห่งชาติ
2567,1. นายจ้าง,ไตรมาสที่ 1/2567,1457,5) ภาคใต้,258.23,พันคน,สำนักงานสถิติแห่งชาติ
2567,2. ลูกจ้างรัฐบาล,ไตรมาสที่ 1/2567,1458,5) ภาคใต้,537.38,พันคน,สำนักงานสถิติแห่งชาติ
2567,3. ลูกจ้างเอกชน,ไตรมาสที่ 1/2567,1459,5) ภาคใต้,1964.92,พันคน,สำนักงานสถิติแห่งชาติ
2567,4. ทำงานส่วนตัว,ไตรมาสที่ 1/2567,1460,5) ภาคใต้,1778.14,พันคน,สำนักงานสถิติแห่งชาติ
2567,5. ช่วยธุรกิจครอบครัว,ไตรมาสที่ 1/2567,1461,5) ภาคใต้,795.09,พันคน,สำนักงานสถิติแห่งชาติ
2567,6. การรวมกลุ่ม,ไตรมาสที่ 1/2567,1462,5) ภาคใต้,2.0,พันคน,สำนักงานสถิติแห่งชาติ
2567,1. นายจ้าง,ไตรมาสที่ 2/2567,1463,1) กรุงเทพมหานคร,215.0,พันคน,สำนักงานสถิติแห่งชาติ
2567,2. ลูกจ้างรัฐบาล,ไตรมาสที่ 2/2567,1464,1) กรุงเทพมหานคร,533.6,พันคน,สำนักงานสถิติแห่งชาติ
2567,3. ลูกจ้างเอกชน,ไตรมาสที่ 2/2567,1465,1) กรุงเทพมหานคร,3455.9,พันคน,สำนักงานสถิติแห่งชาติ
2567,4. ทำงานส่วนตัว,ไตรมาสที่ 2/2567,1466,1) กรุงเทพมหานคร,1260.9,พันคน,สำนักงานสถิติแห่งชาติ
2567,5. ช่วยธุรกิจครอบครัว,ไตรมาสที่ 2/2567,1467,1) กรุงเทพมหานคร,296.0,พันคน,สำนักงานสถิติแห่งชาติ
2567,1. นายจ้าง,ไตรมาสที่ 2/2567,1468,2) ภาคกลาง,391.0,พันคน,สำนักงานสถิติแห่งชาติ
2567,2. ลูกจ้างรัฐบาล,ไตรมาสที่ 2/2567,1469,2) ภาคกลาง,1084.4,พันคน,สำนักงานสถิติแห่งชาติ
2567,3. ลูกจ้างเอกชน,ไตรมาสที่ 2/2567,1470,2) ภาคกลาง,7253.1,พันคน,สำนักงานสถิติแห่งชาติ
2567,4. ทำงานส่วนตัว,ไตรมาสที่ 2/2567,1471,2) ภาคกลาง,3329.2,พันคน,สำนักงานสถิติแห่งชาติ
2567,5. ช่วยธุรกิจครอบครัว,ไตรมาสที่ 2/2567,1472,2) ภาคกลาง,1320.6,พันคน,สำนักงานสถิติแห่งชาติ
2567,6. การรวมกลุ่ม,ไตรมาสที่ 2/2567,1473,2) ภาคกลาง,0.1,พันคน,สำนักงานสถิติแห่งชาติ
2567,1. นายจ้าง,ไตรมาสที่ 2/2567,1474,3) ภาคเหนือ,104.1,พันคน,สำนักงานสถิติแห่งชาติ
2567,2. ลูกจ้างรัฐบาล,ไตรมาสที่ 2/2567,1475,3) ภาคเหนือ,649.7,พันคน,สำนักงานสถิติแห่งชาติ
2567,3. ลูกจ้างเอกชน,ไตรมาสที่ 2/2567,1476,3) ภาคเหนือ,1424.2,พันคน,สำนักงานสถิติแห่งชาติ
2567,4. ทำงานส่วนตัว,ไตรมาสที่ 2/2567,1477,3) ภาคเหนือ,2554.6,พันคน,สำนักงานสถิติแห่งชาติ
2567,5. ช่วยธุรกิจครอบครัว,ไตรมาสที่ 2/2567,1478,3) ภาคเหนือ,1269.5,พันคน,สำนักงานสถิติแห่งชาติ
2567,6. การรวมกลุ่ม,ไตรมาสที่ 2/2567,1479,3) ภาคเหนือ,0.8,พันคน,สำนักงานสถิติแห่งชาติ
2567,1. นายจ้าง,ไตรมาสที่ 2/2567,1480,4) ภาคตะวันออกเฉียงเหนือ,131.0,พันคน,สำนักงานสถิติแห่งชาติ
2567,2. ลูกจ้างรัฐบาล,ไตรมาสที่ 2/2567,1481,4) ภาคตะวันออกเฉียงเหนือ,905.9,พันคน,สำนักงานสถิติแห่งชาติ
2567,3. ลูกจ้างเอกชน,ไตรมาสที่ 2/2567,1482,4) ภาคตะวันออกเฉียงเหนือ,2010.2,พันคน,สำนักงานสถิติแห่งชาติ
2567,4. ทำงานส่วนตัว,ไตรมาสที่ 2/2567,1483,4) ภาคตะวันออกเฉียงเหนือ,3943.1,พันคน,สำนักงานสถิติแห่งชาติ
2567,5. ช่วยธุรกิจครอบครัว,ไตรมาสที่ 2/2567,1484,4) ภาคตะวันออกเฉียงเหนือ,2040.3,พันคน,สำนักงานสถิติแห่งชาติ
2567,6. การรวมกลุ่ม,ไตรมาสที่ 2/2567,1485,4) ภาคตะวันออกเฉียงเหนือ,21.5,พันคน,สำนักงานสถิติแห่งชาติ
2567,1. นายจ้าง,ไตรมาสที่ 2/2567,1486,5) ภาคใต้,233.5,พันคน,สำนักงานสถิติแห่งชาติ
2567,2. ลูกจ้างรัฐบาล,ไตรมาสที่ 2/2567,1487,5) ภาคใต้,518.9,พันคน,สำนักงานสถิติแห่งชาติ
2567,3. ลูกจ้างเอกชน,ไตรมาสที่ 2/2567,1488,5) ภาคใต้,1991.1,พันคน,สำนักงานสถิติแห่งชาติ
2567,4. ทำงานส่วนตัว,ไตรมาสที่ 2/2567,1489,5) ภาคใต้,1770.3,พันคน,สำนักงานสถิติแห่งชาติ
2567,5. ช่วยธุรกิจครอบครัว,ไตรมาสที่ 2/2567,1490,5) ภาคใต้,789.8,พันคน,สำนักงานสถิติแห่งชาติ
2567,6. การรวมกลุ่ม,ไตรมาสที่ 2/2567,1491,5) ภาคใต้,2.5,พันคน,สำนักงานสถิติแห่งชาติ
2567,1. นายจ้าง,ไตรมาสที่ 3/2567,1492,1) กรุงเทพมหานคร,197.1,พันคน,สำนักงานสถิติแห่งชาติ
2567,2. ลูกจ้างรัฐบาล,ไตรมาสที่ 3/2567,1493,1) กรุงเทพมหานคร,522.3,พันคน,สำนักงานสถิติแห่งชาติ
2567,3. ลูกจ้างเอกชน,ไตรมาสที่ 3/2567,1494,1) กรุงเทพมหานคร,3444.9,พันคน,สำนักงานสถิติแห่งชาติ
2567,4. ทำงานส่วนตัว,ไตรมาสที่ 3/2567,1495,1) กรุงเทพมหานคร,1260.3,พันคน,สำนักงานสถิติแห่งชาติ
2567,5. ช่วยธุรกิจครอบครัว,ไตรมาสที่ 3/2567,1496,1) กรุงเทพมหานคร,265.7,พันคน,สำนักงานสถิติแห่งชาติ
2567,1. นายจ้าง,ไตรมาสที่ 3/2567,1497,2) ภาคกลาง,324.1,พันคน,สำนักงานสถิติแห่งชาติ
2567,2. ลูกจ้างรัฐบาล,ไตรมาสที่ 3/2567,1498,2) ภาคกลาง,1026.2,พันคน,สำนักงานสถิติแห่งชาติ
2567,3. ลูกจ้างเอกชน,ไตรมาสที่ 3/2567,1499,2) ภาคกลาง,7254.8,พันคน,สำนักงานสถิติแห่งชาติ
2567,4. ทำงานส่วนตัว,ไตรมาสที่ 3/2567,1500,2) ภาคกลาง,3398.9,พันคน,สำนักงานสถิติแห่งชาติ
2567,5. ช่วยธุรกิจครอบครัว,ไตรมาสที่ 3/2567,1501,2) ภาคกลาง,1351.9,พันคน,สำนักงานสถิติแห่งชาติ
2567,6. การรวมกลุ่ม,ไตรมาสที่ 3/2567,1502,2) ภาคกลาง,4.3,พันคน,สำนักงานสถิติแห่งชาติ
2567,1. นายจ้าง,ไตรมาสที่ 3/2567,1503,3) ภาคเหนือ,87.3,พันคน,สำนักงานสถิติแห่งชาติ
2567,2. ลูกจ้างรัฐบาล,ไตรมาสที่ 3/2567,1504,3) ภาคเหนือ,657.6,พันคน,สำนักงานสถิติแห่งชาติ
2567,3. ลูกจ้างเอกชน,ไตรมาสที่ 3/2567,1505,3) ภาคเหนือ,1266.1,พันคน,สำนักงานสถิติแห่งชาติ
2567,4. ทำงานส่วนตัว,ไตรมาสที่ 3/2567,1506,3) ภาคเหนือ,2672.9,พันคน,สำนักงานสถิติแห่งชาติ
2567,5. ช่วยธุรกิจครอบครัว,ไตรมาสที่ 3/2567,1507,3) ภาคเหนือ,1423.4,พันคน,สำนักงานสถิติแห่งชาติ
2567,6. การรวมกลุ่ม,ไตรมาสที่ 3/2567,1508,3) ภาคเหนือ,0.4,พันคน,สำนักงานสถิติแห่งชาติ
2567,1. นายจ้าง,ไตรมาสที่ 3/2567,1509,4) ภาคตะวันออกเฉียงเหนือ,124.8,พันคน,สำนักงานสถิติแห่งชาติ
2567,2. ลูกจ้างรัฐบาล,ไตรมาสที่ 3/2567,1510,4) ภาคตะวันออกเฉียงเหนือ,858.2,พันคน,สำนักงานสถิติแห่งชาติ
2567,3. ลูกจ้างเอกชน,ไตรมาสที่ 3/2567,1511,4) ภาคตะวันออกเฉียงเหนือ,1864.3,พันคน,สำนักงานสถิติแห่งชาติ
2567,4. ทำงานส่วนตัว,ไตรมาสที่ 3/2567,1512,4) ภาคตะวันออกเฉียงเหนือ,4252.4,พันคน,สำนักงานสถิติแห่งชาติ
2567,5. ช่วยธุรกิจครอบครัว,ไตรมาสที่ 3/2567,1513,4) ภาคตะวันออกเฉียงเหนือ,2451.9,พันคน,สำนักงานสถิติแห่งชาติ
2567,6. การรวมกลุ่ม,ไตรมาสที่ 3/2567,1514,4) ภาคตะวันออกเฉียงเหนือ,14.3,พันคน,สำนักงานสถิติแห่งชาติ
2567,1. นายจ้าง,ไตรมาสที่ 3/2567,1515,5) ภาคใต้,273.8,พันคน,สำนักงานสถิติแห่งชาติ
2567,2. ลูกจ้างรัฐบาล,ไตรมาสที่ 3/2567,1516,5) ภาคใต้,498.4,พันคน,สำนักงานสถิติแห่งชาติ
2567,3. ลูกจ้างเอกชน,ไตรมาสที่ 3/2567,1517,5) ภาคใต้,1766.3,พันคน,สำนักงานสถิติแห่งชาติ
2567,4. ทำงานส่วนตัว,ไตรมาสที่ 3/2567,1518,5) ภาคใต้,1934.0,พันคน,สำนักงานสถิติแห่งชาติ
2567,5. ช่วยธุรกิจครอบครัว,ไตรมาสที่ 3/2567,1519,5) ภาคใต้,838.8,พันคน,สำนักงานสถิติแห่งชาติ
2567,6. การรวมกลุ่ม,ไตรมาสที่ 3/2567,1520,5) ภาคใต้,4.1,พันคน,สำนักงานสถิติแห่งชาติ
2567,1. นายจ้าง,ไตรมาสที่ 4/2567,1521,1) กรุงเทพมหานคร,207.5,พันคน,สำนักงานสถิติแห่งชาติ
2567,2. ลูกจ้างรัฐบาล,ไตรมาสที่ 4/2567,1522,1) กรุงเทพมหานคร,499.0,พันคน,สำนักงานสถิติแห่งชาติ
2567,3. ลูกจ้างเอกชน,ไตรมาสที่ 4/2567,1523,1) กรุงเทพมหานคร,3457.5,พันคน,สำนักงานสถิติแห่งชาติ
2567,4. ทำงานส่วนตัว,ไตรมาสที่ 4/2567,1524,1) กรุงเทพมหานคร,1266.3,พันคน,สำนักงานสถิติแห่งชาติ
2567,5. ช่วยธุรกิจครอบครัว,ไตรมาสที่ 4/2567,1525,1) กรุงเทพมหานคร,288.7,พันคน,สำนักงานสถิติแห่งชาติ
2567,6. การรวมกลุ่ม,ไตรมาสที่ 4/2567,1526,1) กรุงเทพมหานคร,1.0,พันคน,สำนักงานสถิติแห่งชาติ
2567,1. นายจ้าง,ไตรมาสที่ 4/2567,1527,2) ภาคกลาง,354.2,พันคน,สำนักงานสถิติแห่งชาติ
2567,2. ลูกจ้างรัฐบาล,ไตรมาสที่ 4/2567,1528,2) ภาคกลาง,1026.3,พันคน,สำนักงานสถิติแห่งชาติ
2567,3. ลูกจ้างเอกชน,ไตรมาสที่ 4/2567,1529,2) ภาคกลาง,7220.0,พันคน,สำนักงานสถิติแห่งชาติ
2567,4. ทำงานส่วนตัว,ไตรมาสที่ 4/2567,1530,2) ภาคกลาง,3493.0,พันคน,สำนักงานสถิติแห่งชาติ
2567,5. ช่วยธุรกิจครอบครัว,ไตรมาสที่ 4/2567,1531,2) ภาคกลาง,1355.2,พันคน,สำนักงานสถิติแห่งชาติ
2567,6. การรวมกลุ่ม,ไตรมาสที่ 4/2567,1532,2) ภาคกลาง,0.9,พันคน,สำนักงานสถิติแห่งชาติ
2567,1. นายจ้าง,ไตรมาสที่ 4/2567,1533,3) ภาคเหนือ,114.6,พันคน,สำนักงานสถิติแห่งชาติ
2567,2. ลูกจ้างรัฐบาล,ไตรมาสที่ 4/2567,1534,3) ภาคเหนือ,613.6,พันคน,สำนักงานสถิติแห่งชาติ
2567,3. ลูกจ้างเอกชน,ไตรมาสที่ 4/2567,1535,3) ภาคเหนือ,1339.7,พันคน,สำนักงานสถิติแห่งชาติ
2567,4. ทำงานส่วนตัว,ไตรมาสที่ 4/2567,1536,3) ภาคเหนือ,2733.1,พันคน,สำนักงานสถิติแห่งชาติ
2567,5. ช่วยธุรกิจครอบครัว,ไตรมาสที่ 4/2567,1537,3) ภาคเหนือ,1385.3,พันคน,สำนักงานสถิติแห่งชาติ
2567,6. การรวมกลุ่ม,ไตรมาสที่ 4/2567,1538,3) ภาคเหนือ,0.9,พันคน,สำนักงานสถิติแห่งชาติ
2567,1. นายจ้าง,ไตรมาสที่ 4/2567,1539,4) ภาคตะวันออกเฉียงเหนือ,132.4,พันคน,สำนักงานสถิติแห่งชาติ
2567,2. ลูกจ้างรัฐบาล,ไตรมาสที่ 4/2567,1540,4) ภาคตะวันออกเฉียงเหนือ,860.0,พันคน,สำนักงานสถิติแห่งชาติ
2567,3. ลูกจ้างเอกชน,ไตรมาสที่ 4/2567,1541,4) ภาคตะวันออกเฉียงเหนือ,1934.1,พันคน,สำนักงานสถิติแห่งชาติ
2567,4. ทำงานส่วนตัว,ไตรมาสที่ 4/2567,1542,4) ภาคตะวันออกเฉียงเหนือ,4215.1,พันคน,สำนักงานสถิติแห่งชาติ
2567,5. ช่วยธุรกิจครอบครัว,ไตรมาสที่ 4/2567,1543,4) ภาคตะวันออกเฉียงเหนือ,2312.4,พันคน,สำนักงานสถิติแห่งชาติ
2567,6. การรวมกลุ่ม,ไตรมาสที่ 4/2567,1544,4) ภาคตะวันออกเฉียงเหนือ,13.5,พันคน,สำนักงานสถิติแห่งชาติ
2567,1. นายจ้าง,ไตรมาสที่ 4/2567,1545,5) ภาคใต้,256.5,พันคน,สำนักงานสถิติแห่งชาติ
2567,2. ลูกจ้างรัฐบาล,ไตรมาสที่ 4/2567,1546,5) ภาคใต้,511.4,พันคน,สำนักงานสถิติแห่งชาติ
2567,3. ลูกจ้างเอกชน,ไตรมาสที่ 4/2567,1547,5) ภาคใต้,1735.2,พันคน,สำนักงานสถิติแห่งชาติ
2567,4. ทำงานส่วนตัว,ไตรมาสที่ 4/2567,1548,5) ภาคใต้,1945.1,พันคน,สำนักงานสถิติแห่งชาติ
2567,5. ช่วยธุรกิจครอบครัว,ไตรมาสที่ 4/2567,1549,5) ภาคใต้,831.9,พันคน,สำนักงานสถิติแห่งชาติ
2567,6. การรวมกลุ่ม,ไตรมาสที่ 4/2567,1550,5) ภาคใต้,1.7,พันคน,สำนักงานสถิติแห่งชาติ
