จำนวน,_id,ปี,แหล่งที่มา,เพศ,หน่วยงาน,รายการ,จังหวัด,ช่วงเวลา,ตัวชี้วัด,หน่วย
126254.0,1,2561,การสำรวจภาวะการทำงานของประชากร ระดับจังหวัด,ชาย,สำนักงานสถิติจังหวัดหนองบัวลำภู,รวมยอด,หนองบัวลำภู,ไตรมาสที่ 1,ระดับการศึกษาที่สำเร็จ,คน
593.0,2,2561,การสำรวจภาวะการทำงานของประชากร ระดับจังหวัด,ชาย,สำนักงานสถิติจังหวัดหนองบัวลำภู,ไม่มีการศึกษา,หนองบัวลำภู,ไตรมาสที่ 1,ระดับการศึกษาที่สำเร็จ,คน
33813.0,3,2561,การสำรวจภาวะการทำงานของประชากร ระดับจังหวัด,ชาย,สำนักงานสถิติจังหวัดหนองบัวลำภู,ต่ำกว่าประถมศึกษา,หนองบัวลำภู,ไตรมาสที่ 1,ระดับการศึกษาที่สำเร็จ,คน
38762.0,4,2561,การสำรวจภาวะการทำงานของประชากร ระดับจังหวัด,ชาย,สำนักงานสถิติจังหวัดหนองบัวลำภู,ประถมศึกษา,หนองบัวลำภู,ไตรมาสที่ 1,ระดับการศึกษาที่สำเร็จ,คน
19431.0,5,2561,การสำรวจภาวะการทำงานของประชากร ระดับจังหวัด,ชาย,สำนักงานสถิติจังหวัดหนองบัวลำภู,มัธยมศึกษาตอนต้น,หนองบัวลำภู,ไตรมาสที่ 1,ระดับการศึกษาที่สำเร็จ,คน
18982.0,6,2561,การสำรวจภาวะการทำงานของประชากร ระดับจังหวัด,ชาย,สำนักงานสถิติจังหวัดหนองบัวลำภู,มัธยมศึกษาตอนปลาย,หนองบัวลำภู,ไตรมาสที่ 1,ระดับการศึกษาที่สำเร็จ,คน
15072.0,7,2561,การสำรวจภาวะการทำงานของประชากร ระดับจังหวัด,ชาย,สำนักงานสถิติจังหวัดหนองบัวลำภู,สายสามัญ,หนองบัวลำภู,ไตรมาสที่ 1,ระดับการศึกษาที่สำเร็จ,คน
3910.0,8,2561,การสำรวจภาวะการทำงานของประชากร ระดับจังหวัด,ชาย,สำนักงานสถิติจังหวัดหนองบัวลำภู,สายอาชีวศึกษา,หนองบัวลำภู,ไตรมาสที่ 1,ระดับการศึกษาที่สำเร็จ,คน
 -   ,9,2561,การสำรวจภาวะการทำงานของประชากร ระดับจังหวัด,ชาย,สำนักงานสถิติจังหวัดหนองบัวลำภู,สายวิชาการศึกษา,หนองบัวลำภู,ไตรมาสที่ 1,ระดับการศึกษาที่สำเร็จ,คน
14672.0,10,2561,การสำรวจภาวะการทำงานของประชากร ระดับจังหวัด,ชาย,สำนักงานสถิติจังหวัดหนองบัวลำภู,อุดมศึกษา,หนองบัวลำภู,ไตรมาสที่ 1,ระดับการศึกษาที่สำเร็จ,คน
7523.0,11,2561,การสำรวจภาวะการทำงานของประชากร ระดับจังหวัด,ชาย,สำนักงานสถิติจังหวัดหนองบัวลำภู,สายวิชาการ,หนองบัวลำภู,ไตรมาสที่ 1,ระดับการศึกษาที่สำเร็จ,คน
4755.0,12,2561,การสำรวจภาวะการทำงานของประชากร ระดับจังหวัด,ชาย,สำนักงานสถิติจังหวัดหนองบัวลำภู,สายวิชาชีพ,หนองบัวลำภู,ไตรมาสที่ 1,ระดับการศึกษาที่สำเร็จ,คน
2394.0,13,2561,การสำรวจภาวะการทำงานของประชากร ระดับจังหวัด,ชาย,สำนักงานสถิติจังหวัดหนองบัวลำภู,สายวิชาการศึกษา,หนองบัวลำภู,ไตรมาสที่ 1,ระดับการศึกษาที่สำเร็จ,คน
 -   ,14,2561,การสำรวจภาวะการทำงานของประชากร ระดับจังหวัด,ชาย,สำนักงานสถิติจังหวัดหนองบัวลำภู,อื่น ๆ,หนองบัวลำภู,ไตรมาสที่ 1,ระดับการศึกษาที่สำเร็จ,คน
 -   ,15,2561,การสำรวจภาวะการทำงานของประชากร ระดับจังหวัด,ชาย,สำนักงานสถิติจังหวัดหนองบัวลำภู,ไม่ทราบ,หนองบัวลำภู,ไตรมาสที่ 1,ระดับการศึกษาที่สำเร็จ,คน
92257.0,16,2561,การสำรวจภาวะการทำงานของประชากร ระดับจังหวัด,หญิง,สำนักงานสถิติจังหวัดหนองบัวลำภู,รวมยอด,หนองบัวลำภู,ไตรมาสที่ 1,ระดับการศึกษาที่สำเร็จ,คน
297.0,17,2561,การสำรวจภาวะการทำงานของประชากร ระดับจังหวัด,หญิง,สำนักงานสถิติจังหวัดหนองบัวลำภู,ไม่มีการศึกษา,หนองบัวลำภู,ไตรมาสที่ 1,ระดับการศึกษาที่สำเร็จ,คน
25749.0,18,2561,การสำรวจภาวะการทำงานของประชากร ระดับจังหวัด,หญิง,สำนักงานสถิติจังหวัดหนองบัวลำภู,ต่ำกว่าประถมศึกษา,หนองบัวลำภู,ไตรมาสที่ 1,ระดับการศึกษาที่สำเร็จ,คน
28431.0,19,2561,การสำรวจภาวะการทำงานของประชากร ระดับจังหวัด,หญิง,สำนักงานสถิติจังหวัดหนองบัวลำภู,ประถมศึกษา,หนองบัวลำภู,ไตรมาสที่ 1,ระดับการศึกษาที่สำเร็จ,คน
11591.0,20,2561,การสำรวจภาวะการทำงานของประชากร ระดับจังหวัด,หญิง,สำนักงานสถิติจังหวัดหนองบัวลำภู,มัธยมศึกษาตอนต้น,หนองบัวลำภู,ไตรมาสที่ 1,ระดับการศึกษาที่สำเร็จ,คน
12786.0,21,2561,การสำรวจภาวะการทำงานของประชากร ระดับจังหวัด,หญิง,สำนักงานสถิติจังหวัดหนองบัวลำภู,มัธยมศึกษาตอนปลาย,หนองบัวลำภู,ไตรมาสที่ 1,ระดับการศึกษาที่สำเร็จ,คน
10965.0,22,2561,การสำรวจภาวะการทำงานของประชากร ระดับจังหวัด,หญิง,สำนักงานสถิติจังหวัดหนองบัวลำภู,สายสามัญ,หนองบัวลำภู,ไตรมาสที่ 1,ระดับการศึกษาที่สำเร็จ,คน
1821.0,23,2561,การสำรวจภาวะการทำงานของประชากร ระดับจังหวัด,หญิง,สำนักงานสถิติจังหวัดหนองบัวลำภู,สายอาชีวศึกษา,หนองบัวลำภู,ไตรมาสที่ 1,ระดับการศึกษาที่สำเร็จ,คน
 -   ,24,2561,การสำรวจภาวะการทำงานของประชากร ระดับจังหวัด,หญิง,สำนักงานสถิติจังหวัดหนองบัวลำภู,สายวิชาการศึกษา,หนองบัวลำภู,ไตรมาสที่ 1,ระดับการศึกษาที่สำเร็จ,คน
13403.0,25,2561,การสำรวจภาวะการทำงานของประชากร ระดับจังหวัด,หญิง,สำนักงานสถิติจังหวัดหนองบัวลำภู,อุดมศึกษา,หนองบัวลำภู,ไตรมาสที่ 1,ระดับการศึกษาที่สำเร็จ,คน
7007.0,26,2561,การสำรวจภาวะการทำงานของประชากร ระดับจังหวัด,หญิง,สำนักงานสถิติจังหวัดหนองบัวลำภู,สายวิชาการ,หนองบัวลำภู,ไตรมาสที่ 1,ระดับการศึกษาที่สำเร็จ,คน
3080.0,27,2561,การสำรวจภาวะการทำงานของประชากร ระดับจังหวัด,หญิง,สำนักงานสถิติจังหวัดหนองบัวลำภู,สายวิชาชีพ,หนองบัวลำภู,ไตรมาสที่ 1,ระดับการศึกษาที่สำเร็จ,คน
3316.0,28,2561,การสำรวจภาวะการทำงานของประชากร ระดับจังหวัด,หญิง,สำนักงานสถิติจังหวัดหนองบัวลำภู,สายวิชาการศึกษา,หนองบัวลำภู,ไตรมาสที่ 1,ระดับการศึกษาที่สำเร็จ,คน
 -   ,29,2561,การสำรวจภาวะการทำงานของประชากร ระดับจังหวัด,หญิง,สำนักงานสถิติจังหวัดหนองบัวลำภู,อื่น ๆ,หนองบัวลำภู,ไตรมาสที่ 1,ระดับการศึกษาที่สำเร็จ,คน
 -   ,30,2561,การสำรวจภาวะการทำงานของประชากร ระดับจังหวัด,หญิง,สำนักงานสถิติจังหวัดหนองบัวลำภู,ไม่ทราบ,หนองบัวลำภู,ไตรมาสที่ 1,ระดับการศึกษาที่สำเร็จ,คน
129762.0,31,2561,การสำรวจภาวะการทำงานของประชากร ระดับจังหวัด,ชาย,สำนักงานสถิติจังหวัดหนองบัวลำภู,รวมยอด,หนองบัวลำภู,ไตรมาสที่ 2,ระดับการศึกษาที่สำเร็จ,คน
112.0,32,2561,การสำรวจภาวะการทำงานของประชากร ระดับจังหวัด,ชาย,สำนักงานสถิติจังหวัดหนองบัวลำภู,ไม่มีการศึกษา,หนองบัวลำภู,ไตรมาสที่ 2,ระดับการศึกษาที่สำเร็จ,คน
35524.0,33,2561,การสำรวจภาวะการทำงานของประชากร ระดับจังหวัด,ชาย,สำนักงานสถิติจังหวัดหนองบัวลำภู,ต่ำกว่าประถมศึกษา,หนองบัวลำภู,ไตรมาสที่ 2,ระดับการศึกษาที่สำเร็จ,คน
43197.0,34,2561,การสำรวจภาวะการทำงานของประชากร ระดับจังหวัด,ชาย,สำนักงานสถิติจังหวัดหนองบัวลำภู,ประถมศึกษา,หนองบัวลำภู,ไตรมาสที่ 2,ระดับการศึกษาที่สำเร็จ,คน
21496.0,35,2561,การสำรวจภาวะการทำงานของประชากร ระดับจังหวัด,ชาย,สำนักงานสถิติจังหวัดหนองบัวลำภู,มัธยมศึกษาตอนต้น,หนองบัวลำภู,ไตรมาสที่ 2,ระดับการศึกษาที่สำเร็จ,คน
18386.0,36,2561,การสำรวจภาวะการทำงานของประชากร ระดับจังหวัด,ชาย,สำนักงานสถิติจังหวัดหนองบัวลำภู,มัธยมศึกษาตอนปลาย,หนองบัวลำภู,ไตรมาสที่ 2,ระดับการศึกษาที่สำเร็จ,คน
15485.0,37,2561,การสำรวจภาวะการทำงานของประชากร ระดับจังหวัด,ชาย,สำนักงานสถิติจังหวัดหนองบัวลำภู,สายสามัญ,หนองบัวลำภู,ไตรมาสที่ 2,ระดับการศึกษาที่สำเร็จ,คน
2901.0,38,2561,การสำรวจภาวะการทำงานของประชากร ระดับจังหวัด,ชาย,สำนักงานสถิติจังหวัดหนองบัวลำภู,สายอาชีวศึกษา,หนองบัวลำภู,ไตรมาสที่ 2,ระดับการศึกษาที่สำเร็จ,คน
 -   ,39,2561,การสำรวจภาวะการทำงานของประชากร ระดับจังหวัด,ชาย,สำนักงานสถิติจังหวัดหนองบัวลำภู,สายวิชาการศึกษา,หนองบัวลำภู,ไตรมาสที่ 2,ระดับการศึกษาที่สำเร็จ,คน
10665.0,40,2561,การสำรวจภาวะการทำงานของประชากร ระดับจังหวัด,ชาย,สำนักงานสถิติจังหวัดหนองบัวลำภู,อุดมศึกษา,หนองบัวลำภู,ไตรมาสที่ 2,ระดับการศึกษาที่สำเร็จ,คน
5242.0,41,2561,การสำรวจภาวะการทำงานของประชากร ระดับจังหวัด,ชาย,สำนักงานสถิติจังหวัดหนองบัวลำภู,สายวิชาการ,หนองบัวลำภู,ไตรมาสที่ 2,ระดับการศึกษาที่สำเร็จ,คน
3888.0,42,2561,การสำรวจภาวะการทำงานของประชากร ระดับจังหวัด,ชาย,สำนักงานสถิติจังหวัดหนองบัวลำภู,สายวิชาชีพ,หนองบัวลำภู,ไตรมาสที่ 2,ระดับการศึกษาที่สำเร็จ,คน
1534.0,43,2561,การสำรวจภาวะการทำงานของประชากร ระดับจังหวัด,ชาย,สำนักงานสถิติจังหวัดหนองบัวลำภู,สายวิชาการศึกษา,หนองบัวลำภู,ไตรมาสที่ 2,ระดับการศึกษาที่สำเร็จ,คน
230.0,44,2561,การสำรวจภาวะการทำงานของประชากร ระดับจังหวัด,ชาย,สำนักงานสถิติจังหวัดหนองบัวลำภู,อื่น ๆ,หนองบัวลำภู,ไตรมาสที่ 2,ระดับการศึกษาที่สำเร็จ,คน
152.0,45,2561,การสำรวจภาวะการทำงานของประชากร ระดับจังหวัด,ชาย,สำนักงานสถิติจังหวัดหนองบัวลำภู,ไม่ทราบ,หนองบัวลำภู,ไตรมาสที่ 2,ระดับการศึกษาที่สำเร็จ,คน
98475.0,46,2561,การสำรวจภาวะการทำงานของประชากร ระดับจังหวัด,หญิง,สำนักงานสถิติจังหวัดหนองบัวลำภู,รวมยอด,หนองบัวลำภู,ไตรมาสที่ 2,ระดับการศึกษาที่สำเร็จ,คน
 -   ,47,2561,การสำรวจภาวะการทำงานของประชากร ระดับจังหวัด,หญิง,สำนักงานสถิติจังหวัดหนองบัวลำภู,ไม่มีการศึกษา,หนองบัวลำภู,ไตรมาสที่ 2,ระดับการศึกษาที่สำเร็จ,คน
26209.0,48,2561,การสำรวจภาวะการทำงานของประชากร ระดับจังหวัด,หญิง,สำนักงานสถิติจังหวัดหนองบัวลำภู,ต่ำกว่าประถมศึกษา,หนองบัวลำภู,ไตรมาสที่ 2,ระดับการศึกษาที่สำเร็จ,คน
32090.0,49,2561,การสำรวจภาวะการทำงานของประชากร ระดับจังหวัด,หญิง,สำนักงานสถิติจังหวัดหนองบัวลำภู,ประถมศึกษา,หนองบัวลำภู,ไตรมาสที่ 2,ระดับการศึกษาที่สำเร็จ,คน
11471.0,50,2561,การสำรวจภาวะการทำงานของประชากร ระดับจังหวัด,หญิง,สำนักงานสถิติจังหวัดหนองบัวลำภู,มัธยมศึกษาตอนต้น,หนองบัวลำภู,ไตรมาสที่ 2,ระดับการศึกษาที่สำเร็จ,คน
12933.0,51,2561,การสำรวจภาวะการทำงานของประชากร ระดับจังหวัด,หญิง,สำนักงานสถิติจังหวัดหนองบัวลำภู,มัธยมศึกษาตอนปลาย,หนองบัวลำภู,ไตรมาสที่ 2,ระดับการศึกษาที่สำเร็จ,คน
10256.0,52,2561,การสำรวจภาวะการทำงานของประชากร ระดับจังหวัด,หญิง,สำนักงานสถิติจังหวัดหนองบัวลำภู,สายสามัญ,หนองบัวลำภู,ไตรมาสที่ 2,ระดับการศึกษาที่สำเร็จ,คน
2496.0,53,2561,การสำรวจภาวะการทำงานของประชากร ระดับจังหวัด,หญิง,สำนักงานสถิติจังหวัดหนองบัวลำภู,สายอาชีวศึกษา,หนองบัวลำภู,ไตรมาสที่ 2,ระดับการศึกษาที่สำเร็จ,คน
182.0,54,2561,การสำรวจภาวะการทำงานของประชากร ระดับจังหวัด,หญิง,สำนักงานสถิติจังหวัดหนองบัวลำภู,สายวิชาการศึกษา,หนองบัวลำภู,ไตรมาสที่ 2,ระดับการศึกษาที่สำเร็จ,คน
15249.0,55,2561,การสำรวจภาวะการทำงานของประชากร ระดับจังหวัด,หญิง,สำนักงานสถิติจังหวัดหนองบัวลำภู,อุดมศึกษา,หนองบัวลำภู,ไตรมาสที่ 2,ระดับการศึกษาที่สำเร็จ,คน
6171.0,56,2561,การสำรวจภาวะการทำงานของประชากร ระดับจังหวัด,หญิง,สำนักงานสถิติจังหวัดหนองบัวลำภู,สายวิชาการ,หนองบัวลำภู,ไตรมาสที่ 2,ระดับการศึกษาที่สำเร็จ,คน
4878.0,57,2561,การสำรวจภาวะการทำงานของประชากร ระดับจังหวัด,หญิง,สำนักงานสถิติจังหวัดหนองบัวลำภู,สายวิชาชีพ,หนองบัวลำภู,ไตรมาสที่ 2,ระดับการศึกษาที่สำเร็จ,คน
4200.0,58,2561,การสำรวจภาวะการทำงานของประชากร ระดับจังหวัด,หญิง,สำนักงานสถิติจังหวัดหนองบัวลำภู,สายวิชาการศึกษา,หนองบัวลำภู,ไตรมาสที่ 2,ระดับการศึกษาที่สำเร็จ,คน
 -   ,59,2561,การสำรวจภาวะการทำงานของประชากร ระดับจังหวัด,หญิง,สำนักงานสถิติจังหวัดหนองบัวลำภู,อื่น ๆ,หนองบัวลำภู,ไตรมาสที่ 2,ระดับการศึกษาที่สำเร็จ,คน
522.0,60,2561,การสำรวจภาวะการทำงานของประชากร ระดับจังหวัด,หญิง,สำนักงานสถิติจังหวัดหนองบัวลำภู,ไม่ทราบ,หนองบัวลำภู,ไตรมาสที่ 2,ระดับการศึกษาที่สำเร็จ,คน
127205.0,61,2561,การสำรวจภาวะการทำงานของประชากร ระดับจังหวัด,ชาย,สำนักงานสถิติจังหวัดหนองบัวลำภู,รวมยอด,หนองบัวลำภู,ไตรมาสที่ 3,ระดับการศึกษาที่สำเร็จ,คน
475.0,62,2561,การสำรวจภาวะการทำงานของประชากร ระดับจังหวัด,ชาย,สำนักงานสถิติจังหวัดหนองบัวลำภู,ไม่มีการศึกษา,หนองบัวลำภู,ไตรมาสที่ 3,ระดับการศึกษาที่สำเร็จ,คน
33849.0,63,2561,การสำรวจภาวะการทำงานของประชากร ระดับจังหวัด,ชาย,สำนักงานสถิติจังหวัดหนองบัวลำภู,ต่ำกว่าประถมศึกษา,หนองบัวลำภู,ไตรมาสที่ 3,ระดับการศึกษาที่สำเร็จ,คน
40595.0,64,2561,การสำรวจภาวะการทำงานของประชากร ระดับจังหวัด,ชาย,สำนักงานสถิติจังหวัดหนองบัวลำภู,ประถมศึกษา,หนองบัวลำภู,ไตรมาสที่ 3,ระดับการศึกษาที่สำเร็จ,คน
23409.0,65,2561,การสำรวจภาวะการทำงานของประชากร ระดับจังหวัด,ชาย,สำนักงานสถิติจังหวัดหนองบัวลำภู,มัธยมศึกษาตอนต้น,หนองบัวลำภู,ไตรมาสที่ 3,ระดับการศึกษาที่สำเร็จ,คน
16789.0,66,2561,การสำรวจภาวะการทำงานของประชากร ระดับจังหวัด,ชาย,สำนักงานสถิติจังหวัดหนองบัวลำภู,มัธยมศึกษาตอนปลาย,หนองบัวลำภู,ไตรมาสที่ 3,ระดับการศึกษาที่สำเร็จ,คน
14461.0,67,2561,การสำรวจภาวะการทำงานของประชากร ระดับจังหวัด,ชาย,สำนักงานสถิติจังหวัดหนองบัวลำภู,สายสามัญ,หนองบัวลำภู,ไตรมาสที่ 3,ระดับการศึกษาที่สำเร็จ,คน
2328.0,68,2561,การสำรวจภาวะการทำงานของประชากร ระดับจังหวัด,ชาย,สำนักงานสถิติจังหวัดหนองบัวลำภู,สายอาชีวศึกษา,หนองบัวลำภู,ไตรมาสที่ 3,ระดับการศึกษาที่สำเร็จ,คน
 -   ,69,2561,การสำรวจภาวะการทำงานของประชากร ระดับจังหวัด,ชาย,สำนักงานสถิติจังหวัดหนองบัวลำภู,สายวิชาการศึกษา,หนองบัวลำภู,ไตรมาสที่ 3,ระดับการศึกษาที่สำเร็จ,คน
11871.0,70,2561,การสำรวจภาวะการทำงานของประชากร ระดับจังหวัด,ชาย,สำนักงานสถิติจังหวัดหนองบัวลำภู,อุดมศึกษา,หนองบัวลำภู,ไตรมาสที่ 3,ระดับการศึกษาที่สำเร็จ,คน
5848.0,71,2561,การสำรวจภาวะการทำงานของประชากร ระดับจังหวัด,ชาย,สำนักงานสถิติจังหวัดหนองบัวลำภู,สายวิชาการ,หนองบัวลำภู,ไตรมาสที่ 3,ระดับการศึกษาที่สำเร็จ,คน
4596.0,72,2561,การสำรวจภาวะการทำงานของประชากร ระดับจังหวัด,ชาย,สำนักงานสถิติจังหวัดหนองบัวลำภู,สายวิชาชีพ,หนองบัวลำภู,ไตรมาสที่ 3,ระดับการศึกษาที่สำเร็จ,คน
1427.0,73,2561,การสำรวจภาวะการทำงานของประชากร ระดับจังหวัด,ชาย,สำนักงานสถิติจังหวัดหนองบัวลำภู,สายวิชาการศึกษา,หนองบัวลำภู,ไตรมาสที่ 3,ระดับการศึกษาที่สำเร็จ,คน
 -   ,74,2561,การสำรวจภาวะการทำงานของประชากร ระดับจังหวัด,ชาย,สำนักงานสถิติจังหวัดหนองบัวลำภู,อื่น ๆ,หนองบัวลำภู,ไตรมาสที่ 3,ระดับการศึกษาที่สำเร็จ,คน
217.0,75,2561,การสำรวจภาวะการทำงานของประชากร ระดับจังหวัด,ชาย,สำนักงานสถิติจังหวัดหนองบัวลำภู,ไม่ทราบ,หนองบัวลำภู,ไตรมาสที่ 3,ระดับการศึกษาที่สำเร็จ,คน
98931.0,76,2561,การสำรวจภาวะการทำงานของประชากร ระดับจังหวัด,หญิง,สำนักงานสถิติจังหวัดหนองบัวลำภู,รวมยอด,หนองบัวลำภู,ไตรมาสที่ 3,ระดับการศึกษาที่สำเร็จ,คน
726.0,77,2561,การสำรวจภาวะการทำงานของประชากร ระดับจังหวัด,หญิง,สำนักงานสถิติจังหวัดหนองบัวลำภู,ไม่มีการศึกษา,หนองบัวลำภู,ไตรมาสที่ 3,ระดับการศึกษาที่สำเร็จ,คน
24766.0,78,2561,การสำรวจภาวะการทำงานของประชากร ระดับจังหวัด,หญิง,สำนักงานสถิติจังหวัดหนองบัวลำภู,ต่ำกว่าประถมศึกษา,หนองบัวลำภู,ไตรมาสที่ 3,ระดับการศึกษาที่สำเร็จ,คน
30766.0,79,2561,การสำรวจภาวะการทำงานของประชากร ระดับจังหวัด,หญิง,สำนักงานสถิติจังหวัดหนองบัวลำภู,ประถมศึกษา,หนองบัวลำภู,ไตรมาสที่ 3,ระดับการศึกษาที่สำเร็จ,คน
10270.0,80,2561,การสำรวจภาวะการทำงานของประชากร ระดับจังหวัด,หญิง,สำนักงานสถิติจังหวัดหนองบัวลำภู,มัธยมศึกษาตอนต้น,หนองบัวลำภู,ไตรมาสที่ 3,ระดับการศึกษาที่สำเร็จ,คน
14474.0,81,2561,การสำรวจภาวะการทำงานของประชากร ระดับจังหวัด,หญิง,สำนักงานสถิติจังหวัดหนองบัวลำภู,มัธยมศึกษาตอนปลาย,หนองบัวลำภู,ไตรมาสที่ 3,ระดับการศึกษาที่สำเร็จ,คน
11726.0,82,2561,การสำรวจภาวะการทำงานของประชากร ระดับจังหวัด,หญิง,สำนักงานสถิติจังหวัดหนองบัวลำภู,สายสามัญ,หนองบัวลำภู,ไตรมาสที่ 3,ระดับการศึกษาที่สำเร็จ,คน
2748.0,83,2561,การสำรวจภาวะการทำงานของประชากร ระดับจังหวัด,หญิง,สำนักงานสถิติจังหวัดหนองบัวลำภู,สายอาชีวศึกษา,หนองบัวลำภู,ไตรมาสที่ 3,ระดับการศึกษาที่สำเร็จ,คน
 -   ,84,2561,การสำรวจภาวะการทำงานของประชากร ระดับจังหวัด,หญิง,สำนักงานสถิติจังหวัดหนองบัวลำภู,สายวิชาการศึกษา,หนองบัวลำภู,ไตรมาสที่ 3,ระดับการศึกษาที่สำเร็จ,คน
17680.0,85,2561,การสำรวจภาวะการทำงานของประชากร ระดับจังหวัด,หญิง,สำนักงานสถิติจังหวัดหนองบัวลำภู,อุดมศึกษา,หนองบัวลำภู,ไตรมาสที่ 3,ระดับการศึกษาที่สำเร็จ,คน
6008.0,86,2561,การสำรวจภาวะการทำงานของประชากร ระดับจังหวัด,หญิง,สำนักงานสถิติจังหวัดหนองบัวลำภู,สายวิชาการ,หนองบัวลำภู,ไตรมาสที่ 3,ระดับการศึกษาที่สำเร็จ,คน
5161.0,87,2561,การสำรวจภาวะการทำงานของประชากร ระดับจังหวัด,หญิง,สำนักงานสถิติจังหวัดหนองบัวลำภู,สายวิชาชีพ,หนองบัวลำภู,ไตรมาสที่ 3,ระดับการศึกษาที่สำเร็จ,คน
6511.0,88,2561,การสำรวจภาวะการทำงานของประชากร ระดับจังหวัด,หญิง,สำนักงานสถิติจังหวัดหนองบัวลำภู,สายวิชาการศึกษา,หนองบัวลำภู,ไตรมาสที่ 3,ระดับการศึกษาที่สำเร็จ,คน
 -   ,89,2561,การสำรวจภาวะการทำงานของประชากร ระดับจังหวัด,หญิง,สำนักงานสถิติจังหวัดหนองบัวลำภู,อื่น ๆ,หนองบัวลำภู,ไตรมาสที่ 3,ระดับการศึกษาที่สำเร็จ,คน
248.0,90,2561,การสำรวจภาวะการทำงานของประชากร ระดับจังหวัด,หญิง,สำนักงานสถิติจังหวัดหนองบัวลำภู,ไม่ทราบ,หนองบัวลำภู,ไตรมาสที่ 3,ระดับการศึกษาที่สำเร็จ,คน
128603.0,91,2561,การสำรวจภาวะการทำงานของประชากร ระดับจังหวัด,ชาย,สำนักงานสถิติจังหวัดหนองบัวลำภู,รวมยอด,หนองบัวลำภู,ไตรมาสที่ 4,ระดับการศึกษาที่สำเร็จ,คน
770.0,92,2561,การสำรวจภาวะการทำงานของประชากร ระดับจังหวัด,ชาย,สำนักงานสถิติจังหวัดหนองบัวลำภู,ไม่มีการศึกษา,หนองบัวลำภู,ไตรมาสที่ 4,ระดับการศึกษาที่สำเร็จ,คน
30671.0,93,2561,การสำรวจภาวะการทำงานของประชากร ระดับจังหวัด,ชาย,สำนักงานสถิติจังหวัดหนองบัวลำภู,ต่ำกว่าประถมศึกษา,หนองบัวลำภู,ไตรมาสที่ 4,ระดับการศึกษาที่สำเร็จ,คน
43682.0,94,2561,การสำรวจภาวะการทำงานของประชากร ระดับจังหวัด,ชาย,สำนักงานสถิติจังหวัดหนองบัวลำภู,ประถมศึกษา,หนองบัวลำภู,ไตรมาสที่ 4,ระดับการศึกษาที่สำเร็จ,คน
22735.0,95,2561,การสำรวจภาวะการทำงานของประชากร ระดับจังหวัด,ชาย,สำนักงานสถิติจังหวัดหนองบัวลำภู,มัธยมศึกษาตอนต้น,หนองบัวลำภู,ไตรมาสที่ 4,ระดับการศึกษาที่สำเร็จ,คน
16330.0,96,2561,การสำรวจภาวะการทำงานของประชากร ระดับจังหวัด,ชาย,สำนักงานสถิติจังหวัดหนองบัวลำภู,มัธยมศึกษาตอนปลาย,หนองบัวลำภู,ไตรมาสที่ 4,ระดับการศึกษาที่สำเร็จ,คน
14101.0,97,2561,การสำรวจภาวะการทำงานของประชากร ระดับจังหวัด,ชาย,สำนักงานสถิติจังหวัดหนองบัวลำภู,สายสามัญ,หนองบัวลำภู,ไตรมาสที่ 4,ระดับการศึกษาที่สำเร็จ,คน
2229.0,98,2561,การสำรวจภาวะการทำงานของประชากร ระดับจังหวัด,ชาย,สำนักงานสถิติจังหวัดหนองบัวลำภู,สายอาชีวศึกษา,หนองบัวลำภู,ไตรมาสที่ 4,ระดับการศึกษาที่สำเร็จ,คน
 -   ,99,2561,การสำรวจภาวะการทำงานของประชากร ระดับจังหวัด,ชาย,สำนักงานสถิติจังหวัดหนองบัวลำภู,สายวิชาการศึกษา,หนองบัวลำภู,ไตรมาสที่ 4,ระดับการศึกษาที่สำเร็จ,คน
14161.0,100,2561,การสำรวจภาวะการทำงานของประชากร ระดับจังหวัด,ชาย,สำนักงานสถิติจังหวัดหนองบัวลำภู,อุดมศึกษา,หนองบัวลำภู,ไตรมาสที่ 4,ระดับการศึกษาที่สำเร็จ,คน
5047.0,101,2561,การสำรวจภาวะการทำงานของประชากร ระดับจังหวัด,ชาย,สำนักงานสถิติจังหวัดหนองบัวลำภู,สายวิชาการ,หนองบัวลำภู,ไตรมาสที่ 4,ระดับการศึกษาที่สำเร็จ,คน
6685.0,102,2561,การสำรวจภาวะการทำงานของประชากร ระดับจังหวัด,ชาย,สำนักงานสถิติจังหวัดหนองบัวลำภู,สายวิชาชีพ,หนองบัวลำภู,ไตรมาสที่ 4,ระดับการศึกษาที่สำเร็จ,คน
2429.0,103,2561,การสำรวจภาวะการทำงานของประชากร ระดับจังหวัด,ชาย,สำนักงานสถิติจังหวัดหนองบัวลำภู,สายวิชาการศึกษา,หนองบัวลำภู,ไตรมาสที่ 4,ระดับการศึกษาที่สำเร็จ,คน
 -   ,104,2561,การสำรวจภาวะการทำงานของประชากร ระดับจังหวัด,ชาย,สำนักงานสถิติจังหวัดหนองบัวลำภู,อื่น ๆ,หนองบัวลำภู,ไตรมาสที่ 4,ระดับการศึกษาที่สำเร็จ,คน
254.0,105,2561,การสำรวจภาวะการทำงานของประชากร ระดับจังหวัด,ชาย,สำนักงานสถิติจังหวัดหนองบัวลำภู,ไม่ทราบ,หนองบัวลำภู,ไตรมาสที่ 4,ระดับการศึกษาที่สำเร็จ,คน
102754.0,106,2561,การสำรวจภาวะการทำงานของประชากร ระดับจังหวัด,หญิง,สำนักงานสถิติจังหวัดหนองบัวลำภู,รวมยอด,หนองบัวลำภู,ไตรมาสที่ 4,ระดับการศึกษาที่สำเร็จ,คน
396.0,107,2561,การสำรวจภาวะการทำงานของประชากร ระดับจังหวัด,หญิง,สำนักงานสถิติจังหวัดหนองบัวลำภู,ไม่มีการศึกษา,หนองบัวลำภู,ไตรมาสที่ 4,ระดับการศึกษาที่สำเร็จ,คน
26414.0,108,2561,การสำรวจภาวะการทำงานของประชากร ระดับจังหวัด,หญิง,สำนักงานสถิติจังหวัดหนองบัวลำภู,ต่ำกว่าประถมศึกษา,หนองบัวลำภู,ไตรมาสที่ 4,ระดับการศึกษาที่สำเร็จ,คน
30875.0,109,2561,การสำรวจภาวะการทำงานของประชากร ระดับจังหวัด,หญิง,สำนักงานสถิติจังหวัดหนองบัวลำภู,ประถมศึกษา,หนองบัวลำภู,ไตรมาสที่ 4,ระดับการศึกษาที่สำเร็จ,คน
13236.0,110,2561,การสำรวจภาวะการทำงานของประชากร ระดับจังหวัด,หญิง,สำนักงานสถิติจังหวัดหนองบัวลำภู,มัธยมศึกษาตอนต้น,หนองบัวลำภู,ไตรมาสที่ 4,ระดับการศึกษาที่สำเร็จ,คน
16087.0,111,2561,การสำรวจภาวะการทำงานของประชากร ระดับจังหวัด,หญิง,สำนักงานสถิติจังหวัดหนองบัวลำภู,มัธยมศึกษาตอนปลาย,หนองบัวลำภู,ไตรมาสที่ 4,ระดับการศึกษาที่สำเร็จ,คน
14082.0,112,2561,การสำรวจภาวะการทำงานของประชากร ระดับจังหวัด,หญิง,สำนักงานสถิติจังหวัดหนองบัวลำภู,สายสามัญ,หนองบัวลำภู,ไตรมาสที่ 4,ระดับการศึกษาที่สำเร็จ,คน
2005.0,113,2561,การสำรวจภาวะการทำงานของประชากร ระดับจังหวัด,หญิง,สำนักงานสถิติจังหวัดหนองบัวลำภู,สายอาชีวศึกษา,หนองบัวลำภู,ไตรมาสที่ 4,ระดับการศึกษาที่สำเร็จ,คน
 -   ,114,2561,การสำรวจภาวะการทำงานของประชากร ระดับจังหวัด,หญิง,สำนักงานสถิติจังหวัดหนองบัวลำภู,สายวิชาการศึกษา,หนองบัวลำภู,ไตรมาสที่ 4,ระดับการศึกษาที่สำเร็จ,คน
15745.0,115,2561,การสำรวจภาวะการทำงานของประชากร ระดับจังหวัด,หญิง,สำนักงานสถิติจังหวัดหนองบัวลำภู,อุดมศึกษา,หนองบัวลำภู,ไตรมาสที่ 4,ระดับการศึกษาที่สำเร็จ,คน
4453.0,116,2561,การสำรวจภาวะการทำงานของประชากร ระดับจังหวัด,หญิง,สำนักงานสถิติจังหวัดหนองบัวลำภู,สายวิชาการ,หนองบัวลำภู,ไตรมาสที่ 4,ระดับการศึกษาที่สำเร็จ,คน
5860.0,117,2561,การสำรวจภาวะการทำงานของประชากร ระดับจังหวัด,หญิง,สำนักงานสถิติจังหวัดหนองบัวลำภู,สายวิชาชีพ,หนองบัวลำภู,ไตรมาสที่ 4,ระดับการศึกษาที่สำเร็จ,คน
5433.0,118,2561,การสำรวจภาวะการทำงานของประชากร ระดับจังหวัด,หญิง,สำนักงานสถิติจังหวัดหนองบัวลำภู,สายวิชาการศึกษา,หนองบัวลำภู,ไตรมาสที่ 4,ระดับการศึกษาที่สำเร็จ,คน
 -   ,119,2561,การสำรวจภาวะการทำงานของประชากร ระดับจังหวัด,หญิง,สำนักงานสถิติจังหวัดหนองบัวลำภู,อื่น ๆ,หนองบัวลำภู,ไตรมาสที่ 4,ระดับการศึกษาที่สำเร็จ,คน
 -   ,120,2561,การสำรวจภาวะการทำงานของประชากร ระดับจังหวัด,หญิง,สำนักงานสถิติจังหวัดหนองบัวลำภู,ไม่ทราบ,หนองบัวลำภู,ไตรมาสที่ 4,ระดับการศึกษาที่สำเร็จ,คน
131166.0,121,2562,การสำรวจภาวะการทำงานของประชากร ระดับจังหวัด,ชาย,สำนักงานสถิติจังหวัดหนองบัวลำภู,รวมยอด,หนองบัวลำภู,ไตรมาสที่ 1,ระดับการศึกษาที่สำเร็จ,คน
778.0,122,2562,การสำรวจภาวะการทำงานของประชากร ระดับจังหวัด,ชาย,สำนักงานสถิติจังหวัดหนองบัวลำภู,ไม่มีการศึกษา,หนองบัวลำภู,ไตรมาสที่ 1,ระดับการศึกษาที่สำเร็จ,คน
35395.0,123,2562,การสำรวจภาวะการทำงานของประชากร ระดับจังหวัด,ชาย,สำนักงานสถิติจังหวัดหนองบัวลำภู,ต่ำกว่าประถมศึกษา,หนองบัวลำภู,ไตรมาสที่ 1,ระดับการศึกษาที่สำเร็จ,คน
38726.0,124,2562,การสำรวจภาวะการทำงานของประชากร ระดับจังหวัด,ชาย,สำนักงานสถิติจังหวัดหนองบัวลำภู,ประถมศึกษา,หนองบัวลำภู,ไตรมาสที่ 1,ระดับการศึกษาที่สำเร็จ,คน
24927.0,125,2562,การสำรวจภาวะการทำงานของประชากร ระดับจังหวัด,ชาย,สำนักงานสถิติจังหวัดหนองบัวลำภู,มัธยมศึกษาตอนต้น,หนองบัวลำภู,ไตรมาสที่ 1,ระดับการศึกษาที่สำเร็จ,คน
18557.0,126,2562,การสำรวจภาวะการทำงานของประชากร ระดับจังหวัด,ชาย,สำนักงานสถิติจังหวัดหนองบัวลำภู,มัธยมศึกษาตอนปลาย,หนองบัวลำภู,ไตรมาสที่ 1,ระดับการศึกษาที่สำเร็จ,คน
16231.0,127,2562,การสำรวจภาวะการทำงานของประชากร ระดับจังหวัด,ชาย,สำนักงานสถิติจังหวัดหนองบัวลำภู,สายสามัญ,หนองบัวลำภู,ไตรมาสที่ 1,ระดับการศึกษาที่สำเร็จ,คน
2326.0,128,2562,การสำรวจภาวะการทำงานของประชากร ระดับจังหวัด,ชาย,สำนักงานสถิติจังหวัดหนองบัวลำภู,สายอาชีวศึกษา,หนองบัวลำภู,ไตรมาสที่ 1,ระดับการศึกษาที่สำเร็จ,คน
 -   ,129,2562,การสำรวจภาวะการทำงานของประชากร ระดับจังหวัด,ชาย,สำนักงานสถิติจังหวัดหนองบัวลำภู,สายวิชาการศึกษา,หนองบัวลำภู,ไตรมาสที่ 1,ระดับการศึกษาที่สำเร็จ,คน
12782.0,130,2562,การสำรวจภาวะการทำงานของประชากร ระดับจังหวัด,ชาย,สำนักงานสถิติจังหวัดหนองบัวลำภู,อุดมศึกษา,หนองบัวลำภู,ไตรมาสที่ 1,ระดับการศึกษาที่สำเร็จ,คน
5811.0,131,2562,การสำรวจภาวะการทำงานของประชากร ระดับจังหวัด,ชาย,สำนักงานสถิติจังหวัดหนองบัวลำภู,สายวิชาการ,หนองบัวลำภู,ไตรมาสที่ 1,ระดับการศึกษาที่สำเร็จ,คน
3631.0,132,2562,การสำรวจภาวะการทำงานของประชากร ระดับจังหวัด,ชาย,สำนักงานสถิติจังหวัดหนองบัวลำภู,สายวิชาชีพ,หนองบัวลำภู,ไตรมาสที่ 1,ระดับการศึกษาที่สำเร็จ,คน
3340.0,133,2562,การสำรวจภาวะการทำงานของประชากร ระดับจังหวัด,ชาย,สำนักงานสถิติจังหวัดหนองบัวลำภู,สายวิชาการศึกษา,หนองบัวลำภู,ไตรมาสที่ 1,ระดับการศึกษาที่สำเร็จ,คน
 -   ,134,2562,การสำรวจภาวะการทำงานของประชากร ระดับจังหวัด,ชาย,สำนักงานสถิติจังหวัดหนองบัวลำภู,อื่น ๆ,หนองบัวลำภู,ไตรมาสที่ 1,ระดับการศึกษาที่สำเร็จ,คน
 -   ,135,2562,การสำรวจภาวะการทำงานของประชากร ระดับจังหวัด,ชาย,สำนักงานสถิติจังหวัดหนองบัวลำภู,ไม่ทราบ,หนองบัวลำภู,ไตรมาสที่ 1,ระดับการศึกษาที่สำเร็จ,คน
95986.0,136,2562,การสำรวจภาวะการทำงานของประชากร ระดับจังหวัด,หญิง,สำนักงานสถิติจังหวัดหนองบัวลำภู,รวมยอด,หนองบัวลำภู,ไตรมาสที่ 1,ระดับการศึกษาที่สำเร็จ,คน
1087.0,137,2562,การสำรวจภาวะการทำงานของประชากร ระดับจังหวัด,หญิง,สำนักงานสถิติจังหวัดหนองบัวลำภู,ไม่มีการศึกษา,หนองบัวลำภู,ไตรมาสที่ 1,ระดับการศึกษาที่สำเร็จ,คน
25092.0,138,2562,การสำรวจภาวะการทำงานของประชากร ระดับจังหวัด,หญิง,สำนักงานสถิติจังหวัดหนองบัวลำภู,ต่ำกว่าประถมศึกษา,หนองบัวลำภู,ไตรมาสที่ 1,ระดับการศึกษาที่สำเร็จ,คน
27478.0,139,2562,การสำรวจภาวะการทำงานของประชากร ระดับจังหวัด,หญิง,สำนักงานสถิติจังหวัดหนองบัวลำภู,ประถมศึกษา,หนองบัวลำภู,ไตรมาสที่ 1,ระดับการศึกษาที่สำเร็จ,คน
11333.0,140,2562,การสำรวจภาวะการทำงานของประชากร ระดับจังหวัด,หญิง,สำนักงานสถิติจังหวัดหนองบัวลำภู,มัธยมศึกษาตอนต้น,หนองบัวลำภู,ไตรมาสที่ 1,ระดับการศึกษาที่สำเร็จ,คน
12009.0,141,2562,การสำรวจภาวะการทำงานของประชากร ระดับจังหวัด,หญิง,สำนักงานสถิติจังหวัดหนองบัวลำภู,มัธยมศึกษาตอนปลาย,หนองบัวลำภู,ไตรมาสที่ 1,ระดับการศึกษาที่สำเร็จ,คน
11079.0,142,2562,การสำรวจภาวะการทำงานของประชากร ระดับจังหวัด,หญิง,สำนักงานสถิติจังหวัดหนองบัวลำภู,สายสามัญ,หนองบัวลำภู,ไตรมาสที่ 1,ระดับการศึกษาที่สำเร็จ,คน
930.0,143,2562,การสำรวจภาวะการทำงานของประชากร ระดับจังหวัด,หญิง,สำนักงานสถิติจังหวัดหนองบัวลำภู,สายอาชีวศึกษา,หนองบัวลำภู,ไตรมาสที่ 1,ระดับการศึกษาที่สำเร็จ,คน
 -   ,144,2562,การสำรวจภาวะการทำงานของประชากร ระดับจังหวัด,หญิง,สำนักงานสถิติจังหวัดหนองบัวลำภู,สายวิชาการศึกษา,หนองบัวลำภู,ไตรมาสที่ 1,ระดับการศึกษาที่สำเร็จ,คน
18500.0,145,2562,การสำรวจภาวะการทำงานของประชากร ระดับจังหวัด,หญิง,สำนักงานสถิติจังหวัดหนองบัวลำภู,อุดมศึกษา,หนองบัวลำภู,ไตรมาสที่ 1,ระดับการศึกษาที่สำเร็จ,คน
9063.0,146,2562,การสำรวจภาวะการทำงานของประชากร ระดับจังหวัด,หญิง,สำนักงานสถิติจังหวัดหนองบัวลำภู,สายวิชาการ,หนองบัวลำภู,ไตรมาสที่ 1,ระดับการศึกษาที่สำเร็จ,คน
4008.0,147,2562,การสำรวจภาวะการทำงานของประชากร ระดับจังหวัด,หญิง,สำนักงานสถิติจังหวัดหนองบัวลำภู,สายวิชาชีพ,หนองบัวลำภู,ไตรมาสที่ 1,ระดับการศึกษาที่สำเร็จ,คน
5430.0,148,2562,การสำรวจภาวะการทำงานของประชากร ระดับจังหวัด,หญิง,สำนักงานสถิติจังหวัดหนองบัวลำภู,สายวิชาการศึกษา,หนองบัวลำภู,ไตรมาสที่ 1,ระดับการศึกษาที่สำเร็จ,คน
 -   ,149,2562,การสำรวจภาวะการทำงานของประชากร ระดับจังหวัด,หญิง,สำนักงานสถิติจังหวัดหนองบัวลำภู,อื่น ๆ,หนองบัวลำภู,ไตรมาสที่ 1,ระดับการศึกษาที่สำเร็จ,คน
486.0,150,2562,การสำรวจภาวะการทำงานของประชากร ระดับจังหวัด,หญิง,สำนักงานสถิติจังหวัดหนองบัวลำภู,ไม่ทราบ,หนองบัวลำภู,ไตรมาสที่ 1,ระดับการศึกษาที่สำเร็จ,คน
123714.0,151,2562,การสำรวจภาวะการทำงานของประชากร ระดับจังหวัด,ชาย,สำนักงานสถิติจังหวัดหนองบัวลำภู,รวมยอด,หนองบัวลำภู,ไตรมาสที่ 2,ระดับการศึกษาที่สำเร็จ,คน
454.0,152,2562,การสำรวจภาวะการทำงานของประชากร ระดับจังหวัด,ชาย,สำนักงานสถิติจังหวัดหนองบัวลำภู,ไม่มีการศึกษา,หนองบัวลำภู,ไตรมาสที่ 2,ระดับการศึกษาที่สำเร็จ,คน
34823.0,153,2562,การสำรวจภาวะการทำงานของประชากร ระดับจังหวัด,ชาย,สำนักงานสถิติจังหวัดหนองบัวลำภู,ต่ำกว่าประถมศึกษา,หนองบัวลำภู,ไตรมาสที่ 2,ระดับการศึกษาที่สำเร็จ,คน
36750.0,154,2562,การสำรวจภาวะการทำงานของประชากร ระดับจังหวัด,ชาย,สำนักงานสถิติจังหวัดหนองบัวลำภู,ประถมศึกษา,หนองบัวลำภู,ไตรมาสที่ 2,ระดับการศึกษาที่สำเร็จ,คน
18710.0,155,2562,การสำรวจภาวะการทำงานของประชากร ระดับจังหวัด,ชาย,สำนักงานสถิติจังหวัดหนองบัวลำภู,มัธยมศึกษาตอนต้น,หนองบัวลำภู,ไตรมาสที่ 2,ระดับการศึกษาที่สำเร็จ,คน
19344.0,156,2562,การสำรวจภาวะการทำงานของประชากร ระดับจังหวัด,ชาย,สำนักงานสถิติจังหวัดหนองบัวลำภู,มัธยมศึกษาตอนปลาย,หนองบัวลำภู,ไตรมาสที่ 2,ระดับการศึกษาที่สำเร็จ,คน
17370.0,157,2562,การสำรวจภาวะการทำงานของประชากร ระดับจังหวัด,ชาย,สำนักงานสถิติจังหวัดหนองบัวลำภู,สายสามัญ,หนองบัวลำภู,ไตรมาสที่ 2,ระดับการศึกษาที่สำเร็จ,คน
1974.0,158,2562,การสำรวจภาวะการทำงานของประชากร ระดับจังหวัด,ชาย,สำนักงานสถิติจังหวัดหนองบัวลำภู,สายอาชีวศึกษา,หนองบัวลำภู,ไตรมาสที่ 2,ระดับการศึกษาที่สำเร็จ,คน
 -   ,159,2562,การสำรวจภาวะการทำงานของประชากร ระดับจังหวัด,ชาย,สำนักงานสถิติจังหวัดหนองบัวลำภู,สายวิชาการศึกษา,หนองบัวลำภู,ไตรมาสที่ 2,ระดับการศึกษาที่สำเร็จ,คน
13634.0,160,2562,การสำรวจภาวะการทำงานของประชากร ระดับจังหวัด,ชาย,สำนักงานสถิติจังหวัดหนองบัวลำภู,อุดมศึกษา,หนองบัวลำภู,ไตรมาสที่ 2,ระดับการศึกษาที่สำเร็จ,คน
4583.0,161,2562,การสำรวจภาวะการทำงานของประชากร ระดับจังหวัด,ชาย,สำนักงานสถิติจังหวัดหนองบัวลำภู,สายวิชาการ,หนองบัวลำภู,ไตรมาสที่ 2,ระดับการศึกษาที่สำเร็จ,คน
6436.0,162,2562,การสำรวจภาวะการทำงานของประชากร ระดับจังหวัด,ชาย,สำนักงานสถิติจังหวัดหนองบัวลำภู,สายวิชาชีพ,หนองบัวลำภู,ไตรมาสที่ 2,ระดับการศึกษาที่สำเร็จ,คน
2616.0,163,2562,การสำรวจภาวะการทำงานของประชากร ระดับจังหวัด,ชาย,สำนักงานสถิติจังหวัดหนองบัวลำภู,สายวิชาการศึกษา,หนองบัวลำภู,ไตรมาสที่ 2,ระดับการศึกษาที่สำเร็จ,คน
 -   ,164,2562,การสำรวจภาวะการทำงานของประชากร ระดับจังหวัด,ชาย,สำนักงานสถิติจังหวัดหนองบัวลำภู,อื่น ๆ,หนองบัวลำภู,ไตรมาสที่ 2,ระดับการศึกษาที่สำเร็จ,คน
 -   ,165,2562,การสำรวจภาวะการทำงานของประชากร ระดับจังหวัด,ชาย,สำนักงานสถิติจังหวัดหนองบัวลำภู,ไม่ทราบ,หนองบัวลำภู,ไตรมาสที่ 2,ระดับการศึกษาที่สำเร็จ,คน
95441.0,166,2562,การสำรวจภาวะการทำงานของประชากร ระดับจังหวัด,หญิง,สำนักงานสถิติจังหวัดหนองบัวลำภู,รวมยอด,หนองบัวลำภู,ไตรมาสที่ 2,ระดับการศึกษาที่สำเร็จ,คน
884.0,167,2562,การสำรวจภาวะการทำงานของประชากร ระดับจังหวัด,หญิง,สำนักงานสถิติจังหวัดหนองบัวลำภู,ไม่มีการศึกษา,หนองบัวลำภู,ไตรมาสที่ 2,ระดับการศึกษาที่สำเร็จ,คน
23363.0,168,2562,การสำรวจภาวะการทำงานของประชากร ระดับจังหวัด,หญิง,สำนักงานสถิติจังหวัดหนองบัวลำภู,ต่ำกว่าประถมศึกษา,หนองบัวลำภู,ไตรมาสที่ 2,ระดับการศึกษาที่สำเร็จ,คน
27848.0,169,2562,การสำรวจภาวะการทำงานของประชากร ระดับจังหวัด,หญิง,สำนักงานสถิติจังหวัดหนองบัวลำภู,ประถมศึกษา,หนองบัวลำภู,ไตรมาสที่ 2,ระดับการศึกษาที่สำเร็จ,คน
11355.0,170,2562,การสำรวจภาวะการทำงานของประชากร ระดับจังหวัด,หญิง,สำนักงานสถิติจังหวัดหนองบัวลำภู,มัธยมศึกษาตอนต้น,หนองบัวลำภู,ไตรมาสที่ 2,ระดับการศึกษาที่สำเร็จ,คน
12252.0,171,2562,การสำรวจภาวะการทำงานของประชากร ระดับจังหวัด,หญิง,สำนักงานสถิติจังหวัดหนองบัวลำภู,มัธยมศึกษาตอนปลาย,หนองบัวลำภู,ไตรมาสที่ 2,ระดับการศึกษาที่สำเร็จ,คน
11334.0,172,2562,การสำรวจภาวะการทำงานของประชากร ระดับจังหวัด,หญิง,สำนักงานสถิติจังหวัดหนองบัวลำภู,สายสามัญ,หนองบัวลำภู,ไตรมาสที่ 2,ระดับการศึกษาที่สำเร็จ,คน
918.0,173,2562,การสำรวจภาวะการทำงานของประชากร ระดับจังหวัด,หญิง,สำนักงานสถิติจังหวัดหนองบัวลำภู,สายอาชีวศึกษา,หนองบัวลำภู,ไตรมาสที่ 2,ระดับการศึกษาที่สำเร็จ,คน
 -   ,174,2562,การสำรวจภาวะการทำงานของประชากร ระดับจังหวัด,หญิง,สำนักงานสถิติจังหวัดหนองบัวลำภู,สายวิชาการศึกษา,หนองบัวลำภู,ไตรมาสที่ 2,ระดับการศึกษาที่สำเร็จ,คน
18894.0,175,2562,การสำรวจภาวะการทำงานของประชากร ระดับจังหวัด,หญิง,สำนักงานสถิติจังหวัดหนองบัวลำภู,อุดมศึกษา,หนองบัวลำภู,ไตรมาสที่ 2,ระดับการศึกษาที่สำเร็จ,คน
8334.0,176,2562,การสำรวจภาวะการทำงานของประชากร ระดับจังหวัด,หญิง,สำนักงานสถิติจังหวัดหนองบัวลำภู,สายวิชาการ,หนองบัวลำภู,ไตรมาสที่ 2,ระดับการศึกษาที่สำเร็จ,คน
6023.0,177,2562,การสำรวจภาวะการทำงานของประชากร ระดับจังหวัด,หญิง,สำนักงานสถิติจังหวัดหนองบัวลำภู,สายวิชาชีพ,หนองบัวลำภู,ไตรมาสที่ 2,ระดับการศึกษาที่สำเร็จ,คน
4536.0,178,2562,การสำรวจภาวะการทำงานของประชากร ระดับจังหวัด,หญิง,สำนักงานสถิติจังหวัดหนองบัวลำภู,สายวิชาการศึกษา,หนองบัวลำภู,ไตรมาสที่ 2,ระดับการศึกษาที่สำเร็จ,คน
845.0,179,2562,การสำรวจภาวะการทำงานของประชากร ระดับจังหวัด,หญิง,สำนักงานสถิติจังหวัดหนองบัวลำภู,อื่น ๆ,หนองบัวลำภู,ไตรมาสที่ 2,ระดับการศึกษาที่สำเร็จ,คน
 -   ,180,2562,การสำรวจภาวะการทำงานของประชากร ระดับจังหวัด,หญิง,สำนักงานสถิติจังหวัดหนองบัวลำภู,ไม่ทราบ,หนองบัวลำภู,ไตรมาสที่ 2,ระดับการศึกษาที่สำเร็จ,คน
125076.0,181,2562,การสำรวจภาวะการทำงานของประชากร ระดับจังหวัด,ชาย,สำนักงานสถิติจังหวัดหนองบัวลำภู,รวมยอด,หนองบัวลำภู,ไตรมาสที่ 3,ระดับการศึกษาที่สำเร็จ,คน
346.0,182,2562,การสำรวจภาวะการทำงานของประชากร ระดับจังหวัด,ชาย,สำนักงานสถิติจังหวัดหนองบัวลำภู,ไม่มีการศึกษา,หนองบัวลำภู,ไตรมาสที่ 3,ระดับการศึกษาที่สำเร็จ,คน
30718.0,183,2562,การสำรวจภาวะการทำงานของประชากร ระดับจังหวัด,ชาย,สำนักงานสถิติจังหวัดหนองบัวลำภู,ต่ำกว่าประถมศึกษา,หนองบัวลำภู,ไตรมาสที่ 3,ระดับการศึกษาที่สำเร็จ,คน
41195.0,184,2562,การสำรวจภาวะการทำงานของประชากร ระดับจังหวัด,ชาย,สำนักงานสถิติจังหวัดหนองบัวลำภู,ประถมศึกษา,หนองบัวลำภู,ไตรมาสที่ 3,ระดับการศึกษาที่สำเร็จ,คน
23790.0,185,2562,การสำรวจภาวะการทำงานของประชากร ระดับจังหวัด,ชาย,สำนักงานสถิติจังหวัดหนองบัวลำภู,มัธยมศึกษาตอนต้น,หนองบัวลำภู,ไตรมาสที่ 3,ระดับการศึกษาที่สำเร็จ,คน
20621.0,186,2562,การสำรวจภาวะการทำงานของประชากร ระดับจังหวัด,ชาย,สำนักงานสถิติจังหวัดหนองบัวลำภู,มัธยมศึกษาตอนปลาย,หนองบัวลำภู,ไตรมาสที่ 3,ระดับการศึกษาที่สำเร็จ,คน
16034.0,187,2562,การสำรวจภาวะการทำงานของประชากร ระดับจังหวัด,ชาย,สำนักงานสถิติจังหวัดหนองบัวลำภู,สายสามัญ,หนองบัวลำภู,ไตรมาสที่ 3,ระดับการศึกษาที่สำเร็จ,คน
4587.0,188,2562,การสำรวจภาวะการทำงานของประชากร ระดับจังหวัด,ชาย,สำนักงานสถิติจังหวัดหนองบัวลำภู,สายอาชีวศึกษา,หนองบัวลำภู,ไตรมาสที่ 3,ระดับการศึกษาที่สำเร็จ,คน
 -   ,189,2562,การสำรวจภาวะการทำงานของประชากร ระดับจังหวัด,ชาย,สำนักงานสถิติจังหวัดหนองบัวลำภู,สายวิชาการศึกษา,หนองบัวลำภู,ไตรมาสที่ 3,ระดับการศึกษาที่สำเร็จ,คน
8407.0,190,2562,การสำรวจภาวะการทำงานของประชากร ระดับจังหวัด,ชาย,สำนักงานสถิติจังหวัดหนองบัวลำภู,อุดมศึกษา,หนองบัวลำภู,ไตรมาสที่ 3,ระดับการศึกษาที่สำเร็จ,คน
3193.0,191,2562,การสำรวจภาวะการทำงานของประชากร ระดับจังหวัด,ชาย,สำนักงานสถิติจังหวัดหนองบัวลำภู,สายวิชาการ,หนองบัวลำภู,ไตรมาสที่ 3,ระดับการศึกษาที่สำเร็จ,คน
3250.0,192,2562,การสำรวจภาวะการทำงานของประชากร ระดับจังหวัด,ชาย,สำนักงานสถิติจังหวัดหนองบัวลำภู,สายวิชาชีพ,หนองบัวลำภู,ไตรมาสที่ 3,ระดับการศึกษาที่สำเร็จ,คน
1964.0,193,2562,การสำรวจภาวะการทำงานของประชากร ระดับจังหวัด,ชาย,สำนักงานสถิติจังหวัดหนองบัวลำภู,สายวิชาการศึกษา,หนองบัวลำภู,ไตรมาสที่ 3,ระดับการศึกษาที่สำเร็จ,คน
 -   ,194,2562,การสำรวจภาวะการทำงานของประชากร ระดับจังหวัด,ชาย,สำนักงานสถิติจังหวัดหนองบัวลำภู,อื่น ๆ,หนองบัวลำภู,ไตรมาสที่ 3,ระดับการศึกษาที่สำเร็จ,คน
 -   ,195,2562,การสำรวจภาวะการทำงานของประชากร ระดับจังหวัด,ชาย,สำนักงานสถิติจังหวัดหนองบัวลำภู,ไม่ทราบ,หนองบัวลำภู,ไตรมาสที่ 3,ระดับการศึกษาที่สำเร็จ,คน
91263.0,196,2562,การสำรวจภาวะการทำงานของประชากร ระดับจังหวัด,หญิง,สำนักงานสถิติจังหวัดหนองบัวลำภู,รวมยอด,หนองบัวลำภู,ไตรมาสที่ 3,ระดับการศึกษาที่สำเร็จ,คน
 -   ,197,2562,การสำรวจภาวะการทำงานของประชากร ระดับจังหวัด,หญิง,สำนักงานสถิติจังหวัดหนองบัวลำภู,ไม่มีการศึกษา,หนองบัวลำภู,ไตรมาสที่ 3,ระดับการศึกษาที่สำเร็จ,คน
22343.0,198,2562,การสำรวจภาวะการทำงานของประชากร ระดับจังหวัด,หญิง,สำนักงานสถิติจังหวัดหนองบัวลำภู,ต่ำกว่าประถมศึกษา,หนองบัวลำภู,ไตรมาสที่ 3,ระดับการศึกษาที่สำเร็จ,คน
29277.0,199,2562,การสำรวจภาวะการทำงานของประชากร ระดับจังหวัด,หญิง,สำนักงานสถิติจังหวัดหนองบัวลำภู,ประถมศึกษา,หนองบัวลำภู,ไตรมาสที่ 3,ระดับการศึกษาที่สำเร็จ,คน
13107.0,200,2562,การสำรวจภาวะการทำงานของประชากร ระดับจังหวัด,หญิง,สำนักงานสถิติจังหวัดหนองบัวลำภู,มัธยมศึกษาตอนต้น,หนองบัวลำภู,ไตรมาสที่ 3,ระดับการศึกษาที่สำเร็จ,คน
10594.0,201,2562,การสำรวจภาวะการทำงานของประชากร ระดับจังหวัด,หญิง,สำนักงานสถิติจังหวัดหนองบัวลำภู,มัธยมศึกษาตอนปลาย,หนองบัวลำภู,ไตรมาสที่ 3,ระดับการศึกษาที่สำเร็จ,คน
9589.0,202,2562,การสำรวจภาวะการทำงานของประชากร ระดับจังหวัด,หญิง,สำนักงานสถิติจังหวัดหนองบัวลำภู,สายสามัญ,หนองบัวลำภู,ไตรมาสที่ 3,ระดับการศึกษาที่สำเร็จ,คน
1005.0,203,2562,การสำรวจภาวะการทำงานของประชากร ระดับจังหวัด,หญิง,สำนักงานสถิติจังหวัดหนองบัวลำภู,สายอาชีวศึกษา,หนองบัวลำภู,ไตรมาสที่ 3,ระดับการศึกษาที่สำเร็จ,คน
 -   ,204,2562,การสำรวจภาวะการทำงานของประชากร ระดับจังหวัด,หญิง,สำนักงานสถิติจังหวัดหนองบัวลำภู,สายวิชาการศึกษา,หนองบัวลำภู,ไตรมาสที่ 3,ระดับการศึกษาที่สำเร็จ,คน
15327.0,205,2562,การสำรวจภาวะการทำงานของประชากร ระดับจังหวัด,หญิง,สำนักงานสถิติจังหวัดหนองบัวลำภู,อุดมศึกษา,หนองบัวลำภู,ไตรมาสที่ 3,ระดับการศึกษาที่สำเร็จ,คน
6558.0,206,2562,การสำรวจภาวะการทำงานของประชากร ระดับจังหวัด,หญิง,สำนักงานสถิติจังหวัดหนองบัวลำภู,สายวิชาการ,หนองบัวลำภู,ไตรมาสที่ 3,ระดับการศึกษาที่สำเร็จ,คน
5240.0,207,2562,การสำรวจภาวะการทำงานของประชากร ระดับจังหวัด,หญิง,สำนักงานสถิติจังหวัดหนองบัวลำภู,สายวิชาชีพ,หนองบัวลำภู,ไตรมาสที่ 3,ระดับการศึกษาที่สำเร็จ,คน
3529.0,208,2562,การสำรวจภาวะการทำงานของประชากร ระดับจังหวัด,หญิง,สำนักงานสถิติจังหวัดหนองบัวลำภู,สายวิชาการศึกษา,หนองบัวลำภู,ไตรมาสที่ 3,ระดับการศึกษาที่สำเร็จ,คน
181.0,209,2562,การสำรวจภาวะการทำงานของประชากร ระดับจังหวัด,หญิง,สำนักงานสถิติจังหวัดหนองบัวลำภู,อื่น ๆ,หนองบัวลำภู,ไตรมาสที่ 3,ระดับการศึกษาที่สำเร็จ,คน
433.0,210,2562,การสำรวจภาวะการทำงานของประชากร ระดับจังหวัด,หญิง,สำนักงานสถิติจังหวัดหนองบัวลำภู,ไม่ทราบ,หนองบัวลำภู,ไตรมาสที่ 3,ระดับการศึกษาที่สำเร็จ,คน
128451.0,211,2562,การสำรวจภาวะการทำงานของประชากร ระดับจังหวัด,ชาย,สำนักงานสถิติจังหวัดหนองบัวลำภู,รวมยอด,หนองบัวลำภู,ไตรมาสที่ 4,ระดับการศึกษาที่สำเร็จ,คน
398.0,212,2562,การสำรวจภาวะการทำงานของประชากร ระดับจังหวัด,ชาย,สำนักงานสถิติจังหวัดหนองบัวลำภู,ไม่มีการศึกษา,หนองบัวลำภู,ไตรมาสที่ 4,ระดับการศึกษาที่สำเร็จ,คน
32294.0,213,2562,การสำรวจภาวะการทำงานของประชากร ระดับจังหวัด,ชาย,สำนักงานสถิติจังหวัดหนองบัวลำภู,ต่ำกว่าประถมศึกษา,หนองบัวลำภู,ไตรมาสที่ 4,ระดับการศึกษาที่สำเร็จ,คน
42164.0,214,2562,การสำรวจภาวะการทำงานของประชากร ระดับจังหวัด,ชาย,สำนักงานสถิติจังหวัดหนองบัวลำภู,ประถมศึกษา,หนองบัวลำภู,ไตรมาสที่ 4,ระดับการศึกษาที่สำเร็จ,คน
19905.0,215,2562,การสำรวจภาวะการทำงานของประชากร ระดับจังหวัด,ชาย,สำนักงานสถิติจังหวัดหนองบัวลำภู,มัธยมศึกษาตอนต้น,หนองบัวลำภู,ไตรมาสที่ 4,ระดับการศึกษาที่สำเร็จ,คน
18409.0,216,2562,การสำรวจภาวะการทำงานของประชากร ระดับจังหวัด,ชาย,สำนักงานสถิติจังหวัดหนองบัวลำภู,มัธยมศึกษาตอนปลาย,หนองบัวลำภู,ไตรมาสที่ 4,ระดับการศึกษาที่สำเร็จ,คน
16225.0,217,2562,การสำรวจภาวะการทำงานของประชากร ระดับจังหวัด,ชาย,สำนักงานสถิติจังหวัดหนองบัวลำภู,สายสามัญ,หนองบัวลำภู,ไตรมาสที่ 4,ระดับการศึกษาที่สำเร็จ,คน
2184.0,218,2562,การสำรวจภาวะการทำงานของประชากร ระดับจังหวัด,ชาย,สำนักงานสถิติจังหวัดหนองบัวลำภู,สายอาชีวศึกษา,หนองบัวลำภู,ไตรมาสที่ 4,ระดับการศึกษาที่สำเร็จ,คน
 -   ,219,2562,การสำรวจภาวะการทำงานของประชากร ระดับจังหวัด,ชาย,สำนักงานสถิติจังหวัดหนองบัวลำภู,สายวิชาการศึกษา,หนองบัวลำภู,ไตรมาสที่ 4,ระดับการศึกษาที่สำเร็จ,คน
15169.0,220,2562,การสำรวจภาวะการทำงานของประชากร ระดับจังหวัด,ชาย,สำนักงานสถิติจังหวัดหนองบัวลำภู,อุดมศึกษา,หนองบัวลำภู,ไตรมาสที่ 4,ระดับการศึกษาที่สำเร็จ,คน
6455.0,221,2562,การสำรวจภาวะการทำงานของประชากร ระดับจังหวัด,ชาย,สำนักงานสถิติจังหวัดหนองบัวลำภู,สายวิชาการ,หนองบัวลำภู,ไตรมาสที่ 4,ระดับการศึกษาที่สำเร็จ,คน
6116.0,222,2562,การสำรวจภาวะการทำงานของประชากร ระดับจังหวัด,ชาย,สำนักงานสถิติจังหวัดหนองบัวลำภู,สายวิชาชีพ,หนองบัวลำภู,ไตรมาสที่ 4,ระดับการศึกษาที่สำเร็จ,คน
2598.0,223,2562,การสำรวจภาวะการทำงานของประชากร ระดับจังหวัด,ชาย,สำนักงานสถิติจังหวัดหนองบัวลำภู,สายวิชาการศึกษา,หนองบัวลำภู,ไตรมาสที่ 4,ระดับการศึกษาที่สำเร็จ,คน
 -   ,224,2562,การสำรวจภาวะการทำงานของประชากร ระดับจังหวัด,ชาย,สำนักงานสถิติจังหวัดหนองบัวลำภู,อื่น ๆ,หนองบัวลำภู,ไตรมาสที่ 4,ระดับการศึกษาที่สำเร็จ,คน
113.0,225,2562,การสำรวจภาวะการทำงานของประชากร ระดับจังหวัด,ชาย,สำนักงานสถิติจังหวัดหนองบัวลำภู,ไม่ทราบ,หนองบัวลำภู,ไตรมาสที่ 4,ระดับการศึกษาที่สำเร็จ,คน
101378.0,226,2562,การสำรวจภาวะการทำงานของประชากร ระดับจังหวัด,หญิง,สำนักงานสถิติจังหวัดหนองบัวลำภู,รวมยอด,หนองบัวลำภู,ไตรมาสที่ 4,ระดับการศึกษาที่สำเร็จ,คน
104.0,227,2562,การสำรวจภาวะการทำงานของประชากร ระดับจังหวัด,หญิง,สำนักงานสถิติจังหวัดหนองบัวลำภู,ไม่มีการศึกษา,หนองบัวลำภู,ไตรมาสที่ 4,ระดับการศึกษาที่สำเร็จ,คน
24202.0,228,2562,การสำรวจภาวะการทำงานของประชากร ระดับจังหวัด,หญิง,สำนักงานสถิติจังหวัดหนองบัวลำภู,ต่ำกว่าประถมศึกษา,หนองบัวลำภู,ไตรมาสที่ 4,ระดับการศึกษาที่สำเร็จ,คน
35102.0,229,2562,การสำรวจภาวะการทำงานของประชากร ระดับจังหวัด,หญิง,สำนักงานสถิติจังหวัดหนองบัวลำภู,ประถมศึกษา,หนองบัวลำภู,ไตรมาสที่ 4,ระดับการศึกษาที่สำเร็จ,คน
15360.0,230,2562,การสำรวจภาวะการทำงานของประชากร ระดับจังหวัด,หญิง,สำนักงานสถิติจังหวัดหนองบัวลำภู,มัธยมศึกษาตอนต้น,หนองบัวลำภู,ไตรมาสที่ 4,ระดับการศึกษาที่สำเร็จ,คน
10965.0,231,2562,การสำรวจภาวะการทำงานของประชากร ระดับจังหวัด,หญิง,สำนักงานสถิติจังหวัดหนองบัวลำภู,มัธยมศึกษาตอนปลาย,หนองบัวลำภู,ไตรมาสที่ 4,ระดับการศึกษาที่สำเร็จ,คน
9737.0,232,2562,การสำรวจภาวะการทำงานของประชากร ระดับจังหวัด,หญิง,สำนักงานสถิติจังหวัดหนองบัวลำภู,สายสามัญ,หนองบัวลำภู,ไตรมาสที่ 4,ระดับการศึกษาที่สำเร็จ,คน
1228.0,233,2562,การสำรวจภาวะการทำงานของประชากร ระดับจังหวัด,หญิง,สำนักงานสถิติจังหวัดหนองบัวลำภู,สายอาชีวศึกษา,หนองบัวลำภู,ไตรมาสที่ 4,ระดับการศึกษาที่สำเร็จ,คน
 -   ,234,2562,การสำรวจภาวะการทำงานของประชากร ระดับจังหวัด,หญิง,สำนักงานสถิติจังหวัดหนองบัวลำภู,สายวิชาการศึกษา,หนองบัวลำภู,ไตรมาสที่ 4,ระดับการศึกษาที่สำเร็จ,คน
15645.0,235,2562,การสำรวจภาวะการทำงานของประชากร ระดับจังหวัด,หญิง,สำนักงานสถิติจังหวัดหนองบัวลำภู,อุดมศึกษา,หนองบัวลำภู,ไตรมาสที่ 4,ระดับการศึกษาที่สำเร็จ,คน
9138.0,236,2562,การสำรวจภาวะการทำงานของประชากร ระดับจังหวัด,หญิง,สำนักงานสถิติจังหวัดหนองบัวลำภู,สายวิชาการ,หนองบัวลำภู,ไตรมาสที่ 4,ระดับการศึกษาที่สำเร็จ,คน
3089.0,237,2562,การสำรวจภาวะการทำงานของประชากร ระดับจังหวัด,หญิง,สำนักงานสถิติจังหวัดหนองบัวลำภู,สายวิชาชีพ,หนองบัวลำภู,ไตรมาสที่ 4,ระดับการศึกษาที่สำเร็จ,คน
3417.0,238,2562,การสำรวจภาวะการทำงานของประชากร ระดับจังหวัด,หญิง,สำนักงานสถิติจังหวัดหนองบัวลำภู,สายวิชาการศึกษา,หนองบัวลำภู,ไตรมาสที่ 4,ระดับการศึกษาที่สำเร็จ,คน
 -   ,239,2562,การสำรวจภาวะการทำงานของประชากร ระดับจังหวัด,หญิง,สำนักงานสถิติจังหวัดหนองบัวลำภู,อื่น ๆ,หนองบัวลำภู,ไตรมาสที่ 4,ระดับการศึกษาที่สำเร็จ,คน
 -   ,240,2562,การสำรวจภาวะการทำงานของประชากร ระดับจังหวัด,หญิง,สำนักงานสถิติจังหวัดหนองบัวลำภู,ไม่ทราบ,หนองบัวลำภู,ไตรมาสที่ 4,ระดับการศึกษาที่สำเร็จ,คน
116720.0,241,2563,การสำรวจภาวะการทำงานของประชากร ระดับจังหวัด,ชาย,สำนักงานสถิติจังหวัดหนองบัวลำภู,รวมยอด,หนองบัวลำภู,ไตรมาสที่ 1,ระดับการศึกษาที่สำเร็จ,คน
820.0,242,2563,การสำรวจภาวะการทำงานของประชากร ระดับจังหวัด,ชาย,สำนักงานสถิติจังหวัดหนองบัวลำภู,ไม่มีการศึกษา,หนองบัวลำภู,ไตรมาสที่ 1,ระดับการศึกษาที่สำเร็จ,คน
28137.0,243,2563,การสำรวจภาวะการทำงานของประชากร ระดับจังหวัด,ชาย,สำนักงานสถิติจังหวัดหนองบัวลำภู,ต่ำกว่าประถมศึกษา,หนองบัวลำภู,ไตรมาสที่ 1,ระดับการศึกษาที่สำเร็จ,คน
37660.0,244,2563,การสำรวจภาวะการทำงานของประชากร ระดับจังหวัด,ชาย,สำนักงานสถิติจังหวัดหนองบัวลำภู,ประถมศึกษา,หนองบัวลำภู,ไตรมาสที่ 1,ระดับการศึกษาที่สำเร็จ,คน
18517.0,245,2563,การสำรวจภาวะการทำงานของประชากร ระดับจังหวัด,ชาย,สำนักงานสถิติจังหวัดหนองบัวลำภู,มัธยมศึกษาตอนต้น,หนองบัวลำภู,ไตรมาสที่ 1,ระดับการศึกษาที่สำเร็จ,คน
16190.0,246,2563,การสำรวจภาวะการทำงานของประชากร ระดับจังหวัด,ชาย,สำนักงานสถิติจังหวัดหนองบัวลำภู,มัธยมศึกษาตอนปลาย,หนองบัวลำภู,ไตรมาสที่ 1,ระดับการศึกษาที่สำเร็จ,คน
14122.0,247,2563,การสำรวจภาวะการทำงานของประชากร ระดับจังหวัด,ชาย,สำนักงานสถิติจังหวัดหนองบัวลำภู,สายสามัญ,หนองบัวลำภู,ไตรมาสที่ 1,ระดับการศึกษาที่สำเร็จ,คน
2068.0,248,2563,การสำรวจภาวะการทำงานของประชากร ระดับจังหวัด,ชาย,สำนักงานสถิติจังหวัดหนองบัวลำภู,สายอาชีวศึกษา,หนองบัวลำภู,ไตรมาสที่ 1,ระดับการศึกษาที่สำเร็จ,คน
 -   ,249,2563,การสำรวจภาวะการทำงานของประชากร ระดับจังหวัด,ชาย,สำนักงานสถิติจังหวัดหนองบัวลำภู,สายวิชาการศึกษา,หนองบัวลำภู,ไตรมาสที่ 1,ระดับการศึกษาที่สำเร็จ,คน
15220.0,250,2563,การสำรวจภาวะการทำงานของประชากร ระดับจังหวัด,ชาย,สำนักงานสถิติจังหวัดหนองบัวลำภู,อุดมศึกษา,หนองบัวลำภู,ไตรมาสที่ 1,ระดับการศึกษาที่สำเร็จ,คน
7630.0,251,2563,การสำรวจภาวะการทำงานของประชากร ระดับจังหวัด,ชาย,สำนักงานสถิติจังหวัดหนองบัวลำภู,สายวิชาการ,หนองบัวลำภู,ไตรมาสที่ 1,ระดับการศึกษาที่สำเร็จ,คน
4639.0,252,2563,การสำรวจภาวะการทำงานของประชากร ระดับจังหวัด,ชาย,สำนักงานสถิติจังหวัดหนองบัวลำภู,สายวิชาชีพ,หนองบัวลำภู,ไตรมาสที่ 1,ระดับการศึกษาที่สำเร็จ,คน
2951.0,253,2563,การสำรวจภาวะการทำงานของประชากร ระดับจังหวัด,ชาย,สำนักงานสถิติจังหวัดหนองบัวลำภู,สายวิชาการศึกษา,หนองบัวลำภู,ไตรมาสที่ 1,ระดับการศึกษาที่สำเร็จ,คน
 -   ,254,2563,การสำรวจภาวะการทำงานของประชากร ระดับจังหวัด,ชาย,สำนักงานสถิติจังหวัดหนองบัวลำภู,อื่น ๆ,หนองบัวลำภู,ไตรมาสที่ 1,ระดับการศึกษาที่สำเร็จ,คน
176.0,255,2563,การสำรวจภาวะการทำงานของประชากร ระดับจังหวัด,ชาย,สำนักงานสถิติจังหวัดหนองบัวลำภู,ไม่ทราบ,หนองบัวลำภู,ไตรมาสที่ 1,ระดับการศึกษาที่สำเร็จ,คน
92746.0,256,2563,การสำรวจภาวะการทำงานของประชากร ระดับจังหวัด,หญิง,สำนักงานสถิติจังหวัดหนองบัวลำภู,รวมยอด,หนองบัวลำภู,ไตรมาสที่ 1,ระดับการศึกษาที่สำเร็จ,คน
820.0,257,2563,การสำรวจภาวะการทำงานของประชากร ระดับจังหวัด,หญิง,สำนักงานสถิติจังหวัดหนองบัวลำภู,ไม่มีการศึกษา,หนองบัวลำภู,ไตรมาสที่ 1,ระดับการศึกษาที่สำเร็จ,คน
21796.0,258,2563,การสำรวจภาวะการทำงานของประชากร ระดับจังหวัด,หญิง,สำนักงานสถิติจังหวัดหนองบัวลำภู,ต่ำกว่าประถมศึกษา,หนองบัวลำภู,ไตรมาสที่ 1,ระดับการศึกษาที่สำเร็จ,คน
24340.0,259,2563,การสำรวจภาวะการทำงานของประชากร ระดับจังหวัด,หญิง,สำนักงานสถิติจังหวัดหนองบัวลำภู,ประถมศึกษา,หนองบัวลำภู,ไตรมาสที่ 1,ระดับการศึกษาที่สำเร็จ,คน
11193.0,260,2563,การสำรวจภาวะการทำงานของประชากร ระดับจังหวัด,หญิง,สำนักงานสถิติจังหวัดหนองบัวลำภู,มัธยมศึกษาตอนต้น,หนองบัวลำภู,ไตรมาสที่ 1,ระดับการศึกษาที่สำเร็จ,คน
11464.0,261,2563,การสำรวจภาวะการทำงานของประชากร ระดับจังหวัด,หญิง,สำนักงานสถิติจังหวัดหนองบัวลำภู,มัธยมศึกษาตอนปลาย,หนองบัวลำภู,ไตรมาสที่ 1,ระดับการศึกษาที่สำเร็จ,คน
10546.0,262,2563,การสำรวจภาวะการทำงานของประชากร ระดับจังหวัด,หญิง,สำนักงานสถิติจังหวัดหนองบัวลำภู,สายสามัญ,หนองบัวลำภู,ไตรมาสที่ 1,ระดับการศึกษาที่สำเร็จ,คน
918.0,263,2563,การสำรวจภาวะการทำงานของประชากร ระดับจังหวัด,หญิง,สำนักงานสถิติจังหวัดหนองบัวลำภู,สายอาชีวศึกษา,หนองบัวลำภู,ไตรมาสที่ 1,ระดับการศึกษาที่สำเร็จ,คน
 -   ,264,2563,การสำรวจภาวะการทำงานของประชากร ระดับจังหวัด,หญิง,สำนักงานสถิติจังหวัดหนองบัวลำภู,สายวิชาการศึกษา,หนองบัวลำภู,ไตรมาสที่ 1,ระดับการศึกษาที่สำเร็จ,คน
23133.0,265,2563,การสำรวจภาวะการทำงานของประชากร ระดับจังหวัด,หญิง,สำนักงานสถิติจังหวัดหนองบัวลำภู,อุดมศึกษา,หนองบัวลำภู,ไตรมาสที่ 1,ระดับการศึกษาที่สำเร็จ,คน
12742.0,266,2563,การสำรวจภาวะการทำงานของประชากร ระดับจังหวัด,หญิง,สำนักงานสถิติจังหวัดหนองบัวลำภู,สายวิชาการ,หนองบัวลำภู,ไตรมาสที่ 1,ระดับการศึกษาที่สำเร็จ,คน
5209.0,267,2563,การสำรวจภาวะการทำงานของประชากร ระดับจังหวัด,หญิง,สำนักงานสถิติจังหวัดหนองบัวลำภู,สายวิชาชีพ,หนองบัวลำภู,ไตรมาสที่ 1,ระดับการศึกษาที่สำเร็จ,คน
5182.0,268,2563,การสำรวจภาวะการทำงานของประชากร ระดับจังหวัด,หญิง,สำนักงานสถิติจังหวัดหนองบัวลำภู,สายวิชาการศึกษา,หนองบัวลำภู,ไตรมาสที่ 1,ระดับการศึกษาที่สำเร็จ,คน
 -   ,269,2563,การสำรวจภาวะการทำงานของประชากร ระดับจังหวัด,หญิง,สำนักงานสถิติจังหวัดหนองบัวลำภู,อื่น ๆ,หนองบัวลำภู,ไตรมาสที่ 1,ระดับการศึกษาที่สำเร็จ,คน
 -   ,270,2563,การสำรวจภาวะการทำงานของประชากร ระดับจังหวัด,หญิง,สำนักงานสถิติจังหวัดหนองบัวลำภู,ไม่ทราบ,หนองบัวลำภู,ไตรมาสที่ 1,ระดับการศึกษาที่สำเร็จ,คน
120762.0,271,2563,การสำรวจภาวะการทำงานของประชากร ระดับจังหวัด,ชาย,สำนักงานสถิติจังหวัดหนองบัวลำภู,รวมยอด,หนองบัวลำภู,ไตรมาสที่ 2,ระดับการศึกษาที่สำเร็จ,คน
352.0,272,2563,การสำรวจภาวะการทำงานของประชากร ระดับจังหวัด,ชาย,สำนักงานสถิติจังหวัดหนองบัวลำภู,ไม่มีการศึกษา,หนองบัวลำภู,ไตรมาสที่ 2,ระดับการศึกษาที่สำเร็จ,คน
34462.0,273,2563,การสำรวจภาวะการทำงานของประชากร ระดับจังหวัด,ชาย,สำนักงานสถิติจังหวัดหนองบัวลำภู,ต่ำกว่าประถมศึกษา,หนองบัวลำภู,ไตรมาสที่ 2,ระดับการศึกษาที่สำเร็จ,คน
32160.0,274,2563,การสำรวจภาวะการทำงานของประชากร ระดับจังหวัด,ชาย,สำนักงานสถิติจังหวัดหนองบัวลำภู,ประถมศึกษา,หนองบัวลำภู,ไตรมาสที่ 2,ระดับการศึกษาที่สำเร็จ,คน
18793.0,275,2563,การสำรวจภาวะการทำงานของประชากร ระดับจังหวัด,ชาย,สำนักงานสถิติจังหวัดหนองบัวลำภู,มัธยมศึกษาตอนต้น,หนองบัวลำภู,ไตรมาสที่ 2,ระดับการศึกษาที่สำเร็จ,คน
17720.0,276,2563,การสำรวจภาวะการทำงานของประชากร ระดับจังหวัด,ชาย,สำนักงานสถิติจังหวัดหนองบัวลำภู,มัธยมศึกษาตอนปลาย,หนองบัวลำภู,ไตรมาสที่ 2,ระดับการศึกษาที่สำเร็จ,คน
16019.0,277,2563,การสำรวจภาวะการทำงานของประชากร ระดับจังหวัด,ชาย,สำนักงานสถิติจังหวัดหนองบัวลำภู,สายสามัญ,หนองบัวลำภู,ไตรมาสที่ 2,ระดับการศึกษาที่สำเร็จ,คน
1700.0,278,2563,การสำรวจภาวะการทำงานของประชากร ระดับจังหวัด,ชาย,สำนักงานสถิติจังหวัดหนองบัวลำภู,สายอาชีวศึกษา,หนองบัวลำภู,ไตรมาสที่ 2,ระดับการศึกษาที่สำเร็จ,คน
 -   ,279,2563,การสำรวจภาวะการทำงานของประชากร ระดับจังหวัด,ชาย,สำนักงานสถิติจังหวัดหนองบัวลำภู,สายวิชาการศึกษา,หนองบัวลำภู,ไตรมาสที่ 2,ระดับการศึกษาที่สำเร็จ,คน
16970.0,280,2563,การสำรวจภาวะการทำงานของประชากร ระดับจังหวัด,ชาย,สำนักงานสถิติจังหวัดหนองบัวลำภู,อุดมศึกษา,หนองบัวลำภู,ไตรมาสที่ 2,ระดับการศึกษาที่สำเร็จ,คน
7244.0,281,2563,การสำรวจภาวะการทำงานของประชากร ระดับจังหวัด,ชาย,สำนักงานสถิติจังหวัดหนองบัวลำภู,สายวิชาการ,หนองบัวลำภู,ไตรมาสที่ 2,ระดับการศึกษาที่สำเร็จ,คน
6179.0,282,2563,การสำรวจภาวะการทำงานของประชากร ระดับจังหวัด,ชาย,สำนักงานสถิติจังหวัดหนองบัวลำภู,สายวิชาชีพ,หนองบัวลำภู,ไตรมาสที่ 2,ระดับการศึกษาที่สำเร็จ,คน
3546.0,283,2563,การสำรวจภาวะการทำงานของประชากร ระดับจังหวัด,ชาย,สำนักงานสถิติจังหวัดหนองบัวลำภู,สายวิชาการศึกษา,หนองบัวลำภู,ไตรมาสที่ 2,ระดับการศึกษาที่สำเร็จ,คน
 -   ,284,2563,การสำรวจภาวะการทำงานของประชากร ระดับจังหวัด,ชาย,สำนักงานสถิติจังหวัดหนองบัวลำภู,อื่น ๆ,หนองบัวลำภู,ไตรมาสที่ 2,ระดับการศึกษาที่สำเร็จ,คน
306.0,285,2563,การสำรวจภาวะการทำงานของประชากร ระดับจังหวัด,ชาย,สำนักงานสถิติจังหวัดหนองบัวลำภู,ไม่ทราบ,หนองบัวลำภู,ไตรมาสที่ 2,ระดับการศึกษาที่สำเร็จ,คน
92183.0,286,2563,การสำรวจภาวะการทำงานของประชากร ระดับจังหวัด,หญิง,สำนักงานสถิติจังหวัดหนองบัวลำภู,รวมยอด,หนองบัวลำภู,ไตรมาสที่ 2,ระดับการศึกษาที่สำเร็จ,คน
408.0,287,2563,การสำรวจภาวะการทำงานของประชากร ระดับจังหวัด,หญิง,สำนักงานสถิติจังหวัดหนองบัวลำภู,ไม่มีการศึกษา,หนองบัวลำภู,ไตรมาสที่ 2,ระดับการศึกษาที่สำเร็จ,คน
22077.0,288,2563,การสำรวจภาวะการทำงานของประชากร ระดับจังหวัด,หญิง,สำนักงานสถิติจังหวัดหนองบัวลำภู,ต่ำกว่าประถมศึกษา,หนองบัวลำภู,ไตรมาสที่ 2,ระดับการศึกษาที่สำเร็จ,คน
23005.0,289,2563,การสำรวจภาวะการทำงานของประชากร ระดับจังหวัด,หญิง,สำนักงานสถิติจังหวัดหนองบัวลำภู,ประถมศึกษา,หนองบัวลำภู,ไตรมาสที่ 2,ระดับการศึกษาที่สำเร็จ,คน
12226.0,290,2563,การสำรวจภาวะการทำงานของประชากร ระดับจังหวัด,หญิง,สำนักงานสถิติจังหวัดหนองบัวลำภู,มัธยมศึกษาตอนต้น,หนองบัวลำภู,ไตรมาสที่ 2,ระดับการศึกษาที่สำเร็จ,คน
11914.0,291,2563,การสำรวจภาวะการทำงานของประชากร ระดับจังหวัด,หญิง,สำนักงานสถิติจังหวัดหนองบัวลำภู,มัธยมศึกษาตอนปลาย,หนองบัวลำภู,ไตรมาสที่ 2,ระดับการศึกษาที่สำเร็จ,คน
10445.0,292,2563,การสำรวจภาวะการทำงานของประชากร ระดับจังหวัด,หญิง,สำนักงานสถิติจังหวัดหนองบัวลำภู,สายสามัญ,หนองบัวลำภู,ไตรมาสที่ 2,ระดับการศึกษาที่สำเร็จ,คน
1468.0,293,2563,การสำรวจภาวะการทำงานของประชากร ระดับจังหวัด,หญิง,สำนักงานสถิติจังหวัดหนองบัวลำภู,สายอาชีวศึกษา,หนองบัวลำภู,ไตรมาสที่ 2,ระดับการศึกษาที่สำเร็จ,คน
 -   ,294,2563,การสำรวจภาวะการทำงานของประชากร ระดับจังหวัด,หญิง,สำนักงานสถิติจังหวัดหนองบัวลำภู,สายวิชาการศึกษา,หนองบัวลำภู,ไตรมาสที่ 2,ระดับการศึกษาที่สำเร็จ,คน
22553.0,295,2563,การสำรวจภาวะการทำงานของประชากร ระดับจังหวัด,หญิง,สำนักงานสถิติจังหวัดหนองบัวลำภู,อุดมศึกษา,หนองบัวลำภู,ไตรมาสที่ 2,ระดับการศึกษาที่สำเร็จ,คน
12616.0,296,2563,การสำรวจภาวะการทำงานของประชากร ระดับจังหวัด,หญิง,สำนักงานสถิติจังหวัดหนองบัวลำภู,สายวิชาการ,หนองบัวลำภู,ไตรมาสที่ 2,ระดับการศึกษาที่สำเร็จ,คน
5081.0,297,2563,การสำรวจภาวะการทำงานของประชากร ระดับจังหวัด,หญิง,สำนักงานสถิติจังหวัดหนองบัวลำภู,สายวิชาชีพ,หนองบัวลำภู,ไตรมาสที่ 2,ระดับการศึกษาที่สำเร็จ,คน
4856.0,298,2563,การสำรวจภาวะการทำงานของประชากร ระดับจังหวัด,หญิง,สำนักงานสถิติจังหวัดหนองบัวลำภู,สายวิชาการศึกษา,หนองบัวลำภู,ไตรมาสที่ 2,ระดับการศึกษาที่สำเร็จ,คน
 -   ,299,2563,การสำรวจภาวะการทำงานของประชากร ระดับจังหวัด,หญิง,สำนักงานสถิติจังหวัดหนองบัวลำภู,อื่น ๆ,หนองบัวลำภู,ไตรมาสที่ 2,ระดับการศึกษาที่สำเร็จ,คน
 -   ,300,2563,การสำรวจภาวะการทำงานของประชากร ระดับจังหวัด,หญิง,สำนักงานสถิติจังหวัดหนองบัวลำภู,ไม่ทราบ,หนองบัวลำภู,ไตรมาสที่ 2,ระดับการศึกษาที่สำเร็จ,คน
126461.0,301,2563,การสำรวจภาวะการทำงานของประชากร ระดับจังหวัด,ชาย,สำนักงานสถิติจังหวัดหนองบัวลำภู,รวมยอด,หนองบัวลำภู,ไตรมาสที่ 3,ระดับการศึกษาที่สำเร็จ,คน
321.0,302,2563,การสำรวจภาวะการทำงานของประชากร ระดับจังหวัด,ชาย,สำนักงานสถิติจังหวัดหนองบัวลำภู,ไม่มีการศึกษา,หนองบัวลำภู,ไตรมาสที่ 3,ระดับการศึกษาที่สำเร็จ,คน
37648.0,303,2563,การสำรวจภาวะการทำงานของประชากร ระดับจังหวัด,ชาย,สำนักงานสถิติจังหวัดหนองบัวลำภู,ต่ำกว่าประถมศึกษา,หนองบัวลำภู,ไตรมาสที่ 3,ระดับการศึกษาที่สำเร็จ,คน
35060.0,304,2563,การสำรวจภาวะการทำงานของประชากร ระดับจังหวัด,ชาย,สำนักงานสถิติจังหวัดหนองบัวลำภู,ประถมศึกษา,หนองบัวลำภู,ไตรมาสที่ 3,ระดับการศึกษาที่สำเร็จ,คน
20345.0,305,2563,การสำรวจภาวะการทำงานของประชากร ระดับจังหวัด,ชาย,สำนักงานสถิติจังหวัดหนองบัวลำภู,มัธยมศึกษาตอนต้น,หนองบัวลำภู,ไตรมาสที่ 3,ระดับการศึกษาที่สำเร็จ,คน
17986.0,306,2563,การสำรวจภาวะการทำงานของประชากร ระดับจังหวัด,ชาย,สำนักงานสถิติจังหวัดหนองบัวลำภู,มัธยมศึกษาตอนปลาย,หนองบัวลำภู,ไตรมาสที่ 3,ระดับการศึกษาที่สำเร็จ,คน
14997.0,307,2563,การสำรวจภาวะการทำงานของประชากร ระดับจังหวัด,ชาย,สำนักงานสถิติจังหวัดหนองบัวลำภู,สายสามัญ,หนองบัวลำภู,ไตรมาสที่ 3,ระดับการศึกษาที่สำเร็จ,คน
2312.0,308,2563,การสำรวจภาวะการทำงานของประชากร ระดับจังหวัด,ชาย,สำนักงานสถิติจังหวัดหนองบัวลำภู,สายอาชีวศึกษา,หนองบัวลำภู,ไตรมาสที่ 3,ระดับการศึกษาที่สำเร็จ,คน
677.0,309,2563,การสำรวจภาวะการทำงานของประชากร ระดับจังหวัด,ชาย,สำนักงานสถิติจังหวัดหนองบัวลำภู,สายวิชาการศึกษา,หนองบัวลำภู,ไตรมาสที่ 3,ระดับการศึกษาที่สำเร็จ,คน
15101.0,310,2563,การสำรวจภาวะการทำงานของประชากร ระดับจังหวัด,ชาย,สำนักงานสถิติจังหวัดหนองบัวลำภู,อุดมศึกษา,หนองบัวลำภู,ไตรมาสที่ 3,ระดับการศึกษาที่สำเร็จ,คน
7401.0,311,2563,การสำรวจภาวะการทำงานของประชากร ระดับจังหวัด,ชาย,สำนักงานสถิติจังหวัดหนองบัวลำภู,สายวิชาการ,หนองบัวลำภู,ไตรมาสที่ 3,ระดับการศึกษาที่สำเร็จ,คน
4874.0,312,2563,การสำรวจภาวะการทำงานของประชากร ระดับจังหวัด,ชาย,สำนักงานสถิติจังหวัดหนองบัวลำภู,สายวิชาชีพ,หนองบัวลำภู,ไตรมาสที่ 3,ระดับการศึกษาที่สำเร็จ,คน
2827.0,313,2563,การสำรวจภาวะการทำงานของประชากร ระดับจังหวัด,ชาย,สำนักงานสถิติจังหวัดหนองบัวลำภู,สายวิชาการศึกษา,หนองบัวลำภู,ไตรมาสที่ 3,ระดับการศึกษาที่สำเร็จ,คน
 -   ,314,2563,การสำรวจภาวะการทำงานของประชากร ระดับจังหวัด,ชาย,สำนักงานสถิติจังหวัดหนองบัวลำภู,อื่น ๆ,หนองบัวลำภู,ไตรมาสที่ 3,ระดับการศึกษาที่สำเร็จ,คน
 -   ,315,2563,การสำรวจภาวะการทำงานของประชากร ระดับจังหวัด,ชาย,สำนักงานสถิติจังหวัดหนองบัวลำภู,ไม่ทราบ,หนองบัวลำภู,ไตรมาสที่ 3,ระดับการศึกษาที่สำเร็จ,คน
100489.0,316,2563,การสำรวจภาวะการทำงานของประชากร ระดับจังหวัด,หญิง,สำนักงานสถิติจังหวัดหนองบัวลำภู,รวมยอด,หนองบัวลำภู,ไตรมาสที่ 3,ระดับการศึกษาที่สำเร็จ,คน
637.0,317,2563,การสำรวจภาวะการทำงานของประชากร ระดับจังหวัด,หญิง,สำนักงานสถิติจังหวัดหนองบัวลำภู,ไม่มีการศึกษา,หนองบัวลำภู,ไตรมาสที่ 3,ระดับการศึกษาที่สำเร็จ,คน
25528.0,318,2563,การสำรวจภาวะการทำงานของประชากร ระดับจังหวัด,หญิง,สำนักงานสถิติจังหวัดหนองบัวลำภู,ต่ำกว่าประถมศึกษา,หนองบัวลำภู,ไตรมาสที่ 3,ระดับการศึกษาที่สำเร็จ,คน
30015.0,319,2563,การสำรวจภาวะการทำงานของประชากร ระดับจังหวัด,หญิง,สำนักงานสถิติจังหวัดหนองบัวลำภู,ประถมศึกษา,หนองบัวลำภู,ไตรมาสที่ 3,ระดับการศึกษาที่สำเร็จ,คน
12986.0,320,2563,การสำรวจภาวะการทำงานของประชากร ระดับจังหวัด,หญิง,สำนักงานสถิติจังหวัดหนองบัวลำภู,มัธยมศึกษาตอนต้น,หนองบัวลำภู,ไตรมาสที่ 3,ระดับการศึกษาที่สำเร็จ,คน
11058.0,321,2563,การสำรวจภาวะการทำงานของประชากร ระดับจังหวัด,หญิง,สำนักงานสถิติจังหวัดหนองบัวลำภู,มัธยมศึกษาตอนปลาย,หนองบัวลำภู,ไตรมาสที่ 3,ระดับการศึกษาที่สำเร็จ,คน
10410.0,322,2563,การสำรวจภาวะการทำงานของประชากร ระดับจังหวัด,หญิง,สำนักงานสถิติจังหวัดหนองบัวลำภู,สายสามัญ,หนองบัวลำภู,ไตรมาสที่ 3,ระดับการศึกษาที่สำเร็จ,คน
648.0,323,2563,การสำรวจภาวะการทำงานของประชากร ระดับจังหวัด,หญิง,สำนักงานสถิติจังหวัดหนองบัวลำภู,สายอาชีวศึกษา,หนองบัวลำภู,ไตรมาสที่ 3,ระดับการศึกษาที่สำเร็จ,คน
 -   ,324,2563,การสำรวจภาวะการทำงานของประชากร ระดับจังหวัด,หญิง,สำนักงานสถิติจังหวัดหนองบัวลำภู,สายวิชาการศึกษา,หนองบัวลำภู,ไตรมาสที่ 3,ระดับการศึกษาที่สำเร็จ,คน
20266.0,325,2563,การสำรวจภาวะการทำงานของประชากร ระดับจังหวัด,หญิง,สำนักงานสถิติจังหวัดหนองบัวลำภู,อุดมศึกษา,หนองบัวลำภู,ไตรมาสที่ 3,ระดับการศึกษาที่สำเร็จ,คน
11046.0,326,2563,การสำรวจภาวะการทำงานของประชากร ระดับจังหวัด,หญิง,สำนักงานสถิติจังหวัดหนองบัวลำภู,สายวิชาการ,หนองบัวลำภู,ไตรมาสที่ 3,ระดับการศึกษาที่สำเร็จ,คน
4790.0,327,2563,การสำรวจภาวะการทำงานของประชากร ระดับจังหวัด,หญิง,สำนักงานสถิติจังหวัดหนองบัวลำภู,สายวิชาชีพ,หนองบัวลำภู,ไตรมาสที่ 3,ระดับการศึกษาที่สำเร็จ,คน
4430.0,328,2563,การสำรวจภาวะการทำงานของประชากร ระดับจังหวัด,หญิง,สำนักงานสถิติจังหวัดหนองบัวลำภู,สายวิชาการศึกษา,หนองบัวลำภู,ไตรมาสที่ 3,ระดับการศึกษาที่สำเร็จ,คน
 -   ,329,2563,การสำรวจภาวะการทำงานของประชากร ระดับจังหวัด,หญิง,สำนักงานสถิติจังหวัดหนองบัวลำภู,อื่น ๆ,หนองบัวลำภู,ไตรมาสที่ 3,ระดับการศึกษาที่สำเร็จ,คน
 -   ,330,2563,การสำรวจภาวะการทำงานของประชากร ระดับจังหวัด,หญิง,สำนักงานสถิติจังหวัดหนองบัวลำภู,ไม่ทราบ,หนองบัวลำภู,ไตรมาสที่ 3,ระดับการศึกษาที่สำเร็จ,คน
130546.0,331,2563,การสำรวจภาวะการทำงานของประชากร ระดับจังหวัด,ชาย,สำนักงานสถิติจังหวัดหนองบัวลำภู,รวมยอด,หนองบัวลำภู,ไตรมาสที่ 4,ระดับการศึกษาที่สำเร็จ,คน
447.0,332,2563,การสำรวจภาวะการทำงานของประชากร ระดับจังหวัด,ชาย,สำนักงานสถิติจังหวัดหนองบัวลำภู,ไม่มีการศึกษา,หนองบัวลำภู,ไตรมาสที่ 4,ระดับการศึกษาที่สำเร็จ,คน
31741.0,333,2563,การสำรวจภาวะการทำงานของประชากร ระดับจังหวัด,ชาย,สำนักงานสถิติจังหวัดหนองบัวลำภู,ต่ำกว่าประถมศึกษา,หนองบัวลำภู,ไตรมาสที่ 4,ระดับการศึกษาที่สำเร็จ,คน
43686.0,334,2563,การสำรวจภาวะการทำงานของประชากร ระดับจังหวัด,ชาย,สำนักงานสถิติจังหวัดหนองบัวลำภู,ประถมศึกษา,หนองบัวลำภู,ไตรมาสที่ 4,ระดับการศึกษาที่สำเร็จ,คน
19282.0,335,2563,การสำรวจภาวะการทำงานของประชากร ระดับจังหวัด,ชาย,สำนักงานสถิติจังหวัดหนองบัวลำภู,มัธยมศึกษาตอนต้น,หนองบัวลำภู,ไตรมาสที่ 4,ระดับการศึกษาที่สำเร็จ,คน
21506.0,336,2563,การสำรวจภาวะการทำงานของประชากร ระดับจังหวัด,ชาย,สำนักงานสถิติจังหวัดหนองบัวลำภู,มัธยมศึกษาตอนปลาย,หนองบัวลำภู,ไตรมาสที่ 4,ระดับการศึกษาที่สำเร็จ,คน
18859.0,337,2563,การสำรวจภาวะการทำงานของประชากร ระดับจังหวัด,ชาย,สำนักงานสถิติจังหวัดหนองบัวลำภู,สายสามัญ,หนองบัวลำภู,ไตรมาสที่ 4,ระดับการศึกษาที่สำเร็จ,คน
2647.0,338,2563,การสำรวจภาวะการทำงานของประชากร ระดับจังหวัด,ชาย,สำนักงานสถิติจังหวัดหนองบัวลำภู,สายอาชีวศึกษา,หนองบัวลำภู,ไตรมาสที่ 4,ระดับการศึกษาที่สำเร็จ,คน
 -   ,339,2563,การสำรวจภาวะการทำงานของประชากร ระดับจังหวัด,ชาย,สำนักงานสถิติจังหวัดหนองบัวลำภู,สายวิชาการศึกษา,หนองบัวลำภู,ไตรมาสที่ 4,ระดับการศึกษาที่สำเร็จ,คน
13884.0,340,2563,การสำรวจภาวะการทำงานของประชากร ระดับจังหวัด,ชาย,สำนักงานสถิติจังหวัดหนองบัวลำภู,อุดมศึกษา,หนองบัวลำภู,ไตรมาสที่ 4,ระดับการศึกษาที่สำเร็จ,คน
6277.0,341,2563,การสำรวจภาวะการทำงานของประชากร ระดับจังหวัด,ชาย,สำนักงานสถิติจังหวัดหนองบัวลำภู,สายวิชาการ,หนองบัวลำภู,ไตรมาสที่ 4,ระดับการศึกษาที่สำเร็จ,คน
5398.0,342,2563,การสำรวจภาวะการทำงานของประชากร ระดับจังหวัด,ชาย,สำนักงานสถิติจังหวัดหนองบัวลำภู,สายวิชาชีพ,หนองบัวลำภู,ไตรมาสที่ 4,ระดับการศึกษาที่สำเร็จ,คน
2210.0,343,2563,การสำรวจภาวะการทำงานของประชากร ระดับจังหวัด,ชาย,สำนักงานสถิติจังหวัดหนองบัวลำภู,สายวิชาการศึกษา,หนองบัวลำภู,ไตรมาสที่ 4,ระดับการศึกษาที่สำเร็จ,คน
 -   ,344,2563,การสำรวจภาวะการทำงานของประชากร ระดับจังหวัด,ชาย,สำนักงานสถิติจังหวัดหนองบัวลำภู,อื่น ๆ,หนองบัวลำภู,ไตรมาสที่ 4,ระดับการศึกษาที่สำเร็จ,คน
 -   ,345,2563,การสำรวจภาวะการทำงานของประชากร ระดับจังหวัด,ชาย,สำนักงานสถิติจังหวัดหนองบัวลำภู,ไม่ทราบ,หนองบัวลำภู,ไตรมาสที่ 4,ระดับการศึกษาที่สำเร็จ,คน
97050.0,346,2563,การสำรวจภาวะการทำงานของประชากร ระดับจังหวัด,หญิง,สำนักงานสถิติจังหวัดหนองบัวลำภู,รวมยอด,หนองบัวลำภู,ไตรมาสที่ 4,ระดับการศึกษาที่สำเร็จ,คน
1000.0,347,2563,การสำรวจภาวะการทำงานของประชากร ระดับจังหวัด,หญิง,สำนักงานสถิติจังหวัดหนองบัวลำภู,ไม่มีการศึกษา,หนองบัวลำภู,ไตรมาสที่ 4,ระดับการศึกษาที่สำเร็จ,คน
22671.0,348,2563,การสำรวจภาวะการทำงานของประชากร ระดับจังหวัด,หญิง,สำนักงานสถิติจังหวัดหนองบัวลำภู,ต่ำกว่าประถมศึกษา,หนองบัวลำภู,ไตรมาสที่ 4,ระดับการศึกษาที่สำเร็จ,คน
33521.0,349,2563,การสำรวจภาวะการทำงานของประชากร ระดับจังหวัด,หญิง,สำนักงานสถิติจังหวัดหนองบัวลำภู,ประถมศึกษา,หนองบัวลำภู,ไตรมาสที่ 4,ระดับการศึกษาที่สำเร็จ,คน
9398.0,350,2563,การสำรวจภาวะการทำงานของประชากร ระดับจังหวัด,หญิง,สำนักงานสถิติจังหวัดหนองบัวลำภู,มัธยมศึกษาตอนต้น,หนองบัวลำภู,ไตรมาสที่ 4,ระดับการศึกษาที่สำเร็จ,คน
13446.0,351,2563,การสำรวจภาวะการทำงานของประชากร ระดับจังหวัด,หญิง,สำนักงานสถิติจังหวัดหนองบัวลำภู,มัธยมศึกษาตอนปลาย,หนองบัวลำภู,ไตรมาสที่ 4,ระดับการศึกษาที่สำเร็จ,คน
12333.0,352,2563,การสำรวจภาวะการทำงานของประชากร ระดับจังหวัด,หญิง,สำนักงานสถิติจังหวัดหนองบัวลำภู,สายสามัญ,หนองบัวลำภู,ไตรมาสที่ 4,ระดับการศึกษาที่สำเร็จ,คน
1114.0,353,2563,การสำรวจภาวะการทำงานของประชากร ระดับจังหวัด,หญิง,สำนักงานสถิติจังหวัดหนองบัวลำภู,สายอาชีวศึกษา,หนองบัวลำภู,ไตรมาสที่ 4,ระดับการศึกษาที่สำเร็จ,คน
 -   ,354,2563,การสำรวจภาวะการทำงานของประชากร ระดับจังหวัด,หญิง,สำนักงานสถิติจังหวัดหนองบัวลำภู,สายวิชาการศึกษา,หนองบัวลำภู,ไตรมาสที่ 4,ระดับการศึกษาที่สำเร็จ,คน
16905.0,355,2563,การสำรวจภาวะการทำงานของประชากร ระดับจังหวัด,หญิง,สำนักงานสถิติจังหวัดหนองบัวลำภู,อุดมศึกษา,หนองบัวลำภู,ไตรมาสที่ 4,ระดับการศึกษาที่สำเร็จ,คน
9922.0,356,2563,การสำรวจภาวะการทำงานของประชากร ระดับจังหวัด,หญิง,สำนักงานสถิติจังหวัดหนองบัวลำภู,สายวิชาการ,หนองบัวลำภู,ไตรมาสที่ 4,ระดับการศึกษาที่สำเร็จ,คน
3944.0,357,2563,การสำรวจภาวะการทำงานของประชากร ระดับจังหวัด,หญิง,สำนักงานสถิติจังหวัดหนองบัวลำภู,สายวิชาชีพ,หนองบัวลำภู,ไตรมาสที่ 4,ระดับการศึกษาที่สำเร็จ,คน
3039.0,358,2563,การสำรวจภาวะการทำงานของประชากร ระดับจังหวัด,หญิง,สำนักงานสถิติจังหวัดหนองบัวลำภู,สายวิชาการศึกษา,หนองบัวลำภู,ไตรมาสที่ 4,ระดับการศึกษาที่สำเร็จ,คน
 -   ,359,2563,การสำรวจภาวะการทำงานของประชากร ระดับจังหวัด,หญิง,สำนักงานสถิติจังหวัดหนองบัวลำภู,อื่น ๆ,หนองบัวลำภู,ไตรมาสที่ 4,ระดับการศึกษาที่สำเร็จ,คน
110.0,360,2563,การสำรวจภาวะการทำงานของประชากร ระดับจังหวัด,หญิง,สำนักงานสถิติจังหวัดหนองบัวลำภู,ไม่ทราบ,หนองบัวลำภู,ไตรมาสที่ 4,ระดับการศึกษาที่สำเร็จ,คน
118461.0,361,2564,การสำรวจภาวะการทำงานของประชากร ระดับจังหวัด,ชาย,สำนักงานสถิติจังหวัดหนองบัวลำภู,รวมยอด,หนองบัวลำภู,ไตรมาสที่ 1,ระดับการศึกษาที่สำเร็จ,คน
349.0,362,2564,การสำรวจภาวะการทำงานของประชากร ระดับจังหวัด,ชาย,สำนักงานสถิติจังหวัดหนองบัวลำภู,ไม่มีการศึกษา,หนองบัวลำภู,ไตรมาสที่ 1,ระดับการศึกษาที่สำเร็จ,คน
28249.0,363,2564,การสำรวจภาวะการทำงานของประชากร ระดับจังหวัด,ชาย,สำนักงานสถิติจังหวัดหนองบัวลำภู,ต่ำกว่าประถมศึกษา,หนองบัวลำภู,ไตรมาสที่ 1,ระดับการศึกษาที่สำเร็จ,คน
38427.0,364,2564,การสำรวจภาวะการทำงานของประชากร ระดับจังหวัด,ชาย,สำนักงานสถิติจังหวัดหนองบัวลำภู,ประถมศึกษา,หนองบัวลำภู,ไตรมาสที่ 1,ระดับการศึกษาที่สำเร็จ,คน
18475.0,365,2564,การสำรวจภาวะการทำงานของประชากร ระดับจังหวัด,ชาย,สำนักงานสถิติจังหวัดหนองบัวลำภู,มัธยมศึกษาตอนต้น,หนองบัวลำภู,ไตรมาสที่ 1,ระดับการศึกษาที่สำเร็จ,คน
18281.0,366,2564,การสำรวจภาวะการทำงานของประชากร ระดับจังหวัด,ชาย,สำนักงานสถิติจังหวัดหนองบัวลำภู,มัธยมศึกษาตอนปลาย,หนองบัวลำภู,ไตรมาสที่ 1,ระดับการศึกษาที่สำเร็จ,คน
16011.0,367,2564,การสำรวจภาวะการทำงานของประชากร ระดับจังหวัด,ชาย,สำนักงานสถิติจังหวัดหนองบัวลำภู,สายสามัญ,หนองบัวลำภู,ไตรมาสที่ 1,ระดับการศึกษาที่สำเร็จ,คน
2271.0,368,2564,การสำรวจภาวะการทำงานของประชากร ระดับจังหวัด,ชาย,สำนักงานสถิติจังหวัดหนองบัวลำภู,สายอาชีวศึกษา,หนองบัวลำภู,ไตรมาสที่ 1,ระดับการศึกษาที่สำเร็จ,คน
 -   ,369,2564,การสำรวจภาวะการทำงานของประชากร ระดับจังหวัด,ชาย,สำนักงานสถิติจังหวัดหนองบัวลำภู,สายวิชาการศึกษา,หนองบัวลำภู,ไตรมาสที่ 1,ระดับการศึกษาที่สำเร็จ,คน
14392.0,370,2564,การสำรวจภาวะการทำงานของประชากร ระดับจังหวัด,ชาย,สำนักงานสถิติจังหวัดหนองบัวลำภู,อุดมศึกษา,หนองบัวลำภู,ไตรมาสที่ 1,ระดับการศึกษาที่สำเร็จ,คน
7031.0,371,2564,การสำรวจภาวะการทำงานของประชากร ระดับจังหวัด,ชาย,สำนักงานสถิติจังหวัดหนองบัวลำภู,สายวิชาการ,หนองบัวลำภู,ไตรมาสที่ 1,ระดับการศึกษาที่สำเร็จ,คน
6545.0,372,2564,การสำรวจภาวะการทำงานของประชากร ระดับจังหวัด,ชาย,สำนักงานสถิติจังหวัดหนองบัวลำภู,สายวิชาชีพ,หนองบัวลำภู,ไตรมาสที่ 1,ระดับการศึกษาที่สำเร็จ,คน
816.0,373,2564,การสำรวจภาวะการทำงานของประชากร ระดับจังหวัด,ชาย,สำนักงานสถิติจังหวัดหนองบัวลำภู,สายวิชาการศึกษา,หนองบัวลำภู,ไตรมาสที่ 1,ระดับการศึกษาที่สำเร็จ,คน
151.0,374,2564,การสำรวจภาวะการทำงานของประชากร ระดับจังหวัด,ชาย,สำนักงานสถิติจังหวัดหนองบัวลำภู,อื่น ๆ,หนองบัวลำภู,ไตรมาสที่ 1,ระดับการศึกษาที่สำเร็จ,คน
137.0,375,2564,การสำรวจภาวะการทำงานของประชากร ระดับจังหวัด,ชาย,สำนักงานสถิติจังหวัดหนองบัวลำภู,ไม่ทราบ,หนองบัวลำภู,ไตรมาสที่ 1,ระดับการศึกษาที่สำเร็จ,คน
89517.0,376,2564,การสำรวจภาวะการทำงานของประชากร ระดับจังหวัด,หญิง,สำนักงานสถิติจังหวัดหนองบัวลำภู,รวมยอด,หนองบัวลำภู,ไตรมาสที่ 1,ระดับการศึกษาที่สำเร็จ,คน
208.0,377,2564,การสำรวจภาวะการทำงานของประชากร ระดับจังหวัด,หญิง,สำนักงานสถิติจังหวัดหนองบัวลำภู,ไม่มีการศึกษา,หนองบัวลำภู,ไตรมาสที่ 1,ระดับการศึกษาที่สำเร็จ,คน
21942.0,378,2564,การสำรวจภาวะการทำงานของประชากร ระดับจังหวัด,หญิง,สำนักงานสถิติจังหวัดหนองบัวลำภู,ต่ำกว่าประถมศึกษา,หนองบัวลำภู,ไตรมาสที่ 1,ระดับการศึกษาที่สำเร็จ,คน
25263.0,379,2564,การสำรวจภาวะการทำงานของประชากร ระดับจังหวัด,หญิง,สำนักงานสถิติจังหวัดหนองบัวลำภู,ประถมศึกษา,หนองบัวลำภู,ไตรมาสที่ 1,ระดับการศึกษาที่สำเร็จ,คน
12392.0,380,2564,การสำรวจภาวะการทำงานของประชากร ระดับจังหวัด,หญิง,สำนักงานสถิติจังหวัดหนองบัวลำภู,มัธยมศึกษาตอนต้น,หนองบัวลำภู,ไตรมาสที่ 1,ระดับการศึกษาที่สำเร็จ,คน
13458.0,381,2564,การสำรวจภาวะการทำงานของประชากร ระดับจังหวัด,หญิง,สำนักงานสถิติจังหวัดหนองบัวลำภู,มัธยมศึกษาตอนปลาย,หนองบัวลำภู,ไตรมาสที่ 1,ระดับการศึกษาที่สำเร็จ,คน
11433.0,382,2564,การสำรวจภาวะการทำงานของประชากร ระดับจังหวัด,หญิง,สำนักงานสถิติจังหวัดหนองบัวลำภู,สายสามัญ,หนองบัวลำภู,ไตรมาสที่ 1,ระดับการศึกษาที่สำเร็จ,คน
2025.0,383,2564,การสำรวจภาวะการทำงานของประชากร ระดับจังหวัด,หญิง,สำนักงานสถิติจังหวัดหนองบัวลำภู,สายอาชีวศึกษา,หนองบัวลำภู,ไตรมาสที่ 1,ระดับการศึกษาที่สำเร็จ,คน
 -   ,384,2564,การสำรวจภาวะการทำงานของประชากร ระดับจังหวัด,หญิง,สำนักงานสถิติจังหวัดหนองบัวลำภู,สายวิชาการศึกษา,หนองบัวลำภู,ไตรมาสที่ 1,ระดับการศึกษาที่สำเร็จ,คน
16150.0,385,2564,การสำรวจภาวะการทำงานของประชากร ระดับจังหวัด,หญิง,สำนักงานสถิติจังหวัดหนองบัวลำภู,อุดมศึกษา,หนองบัวลำภู,ไตรมาสที่ 1,ระดับการศึกษาที่สำเร็จ,คน
9991.0,386,2564,การสำรวจภาวะการทำงานของประชากร ระดับจังหวัด,หญิง,สำนักงานสถิติจังหวัดหนองบัวลำภู,สายวิชาการ,หนองบัวลำภู,ไตรมาสที่ 1,ระดับการศึกษาที่สำเร็จ,คน
1224.0,387,2564,การสำรวจภาวะการทำงานของประชากร ระดับจังหวัด,หญิง,สำนักงานสถิติจังหวัดหนองบัวลำภู,สายวิชาชีพ,หนองบัวลำภู,ไตรมาสที่ 1,ระดับการศึกษาที่สำเร็จ,คน
4935.0,388,2564,การสำรวจภาวะการทำงานของประชากร ระดับจังหวัด,หญิง,สำนักงานสถิติจังหวัดหนองบัวลำภู,สายวิชาการศึกษา,หนองบัวลำภู,ไตรมาสที่ 1,ระดับการศึกษาที่สำเร็จ,คน
 -   ,389,2564,การสำรวจภาวะการทำงานของประชากร ระดับจังหวัด,หญิง,สำนักงานสถิติจังหวัดหนองบัวลำภู,อื่น ๆ,หนองบัวลำภู,ไตรมาสที่ 1,ระดับการศึกษาที่สำเร็จ,คน
105.0,390,2564,การสำรวจภาวะการทำงานของประชากร ระดับจังหวัด,หญิง,สำนักงานสถิติจังหวัดหนองบัวลำภู,ไม่ทราบ,หนองบัวลำภู,ไตรมาสที่ 1,ระดับการศึกษาที่สำเร็จ,คน
127305.0,391,2564,การสำรวจภาวะการทำงานของประชากร ระดับจังหวัด,ชาย,สำนักงานสถิติจังหวัดหนองบัวลำภู,รวมยอด,หนองบัวลำภู,ไตรมาสที่ 2,ระดับการศึกษาที่สำเร็จ,คน
435.0,392,2564,การสำรวจภาวะการทำงานของประชากร ระดับจังหวัด,ชาย,สำนักงานสถิติจังหวัดหนองบัวลำภู,ไม่มีการศึกษา,หนองบัวลำภู,ไตรมาสที่ 2,ระดับการศึกษาที่สำเร็จ,คน
34540.0,393,2564,การสำรวจภาวะการทำงานของประชากร ระดับจังหวัด,ชาย,สำนักงานสถิติจังหวัดหนองบัวลำภู,ต่ำกว่าประถมศึกษา,หนองบัวลำภู,ไตรมาสที่ 2,ระดับการศึกษาที่สำเร็จ,คน
37811.0,394,2564,การสำรวจภาวะการทำงานของประชากร ระดับจังหวัด,ชาย,สำนักงานสถิติจังหวัดหนองบัวลำภู,ประถมศึกษา,หนองบัวลำภู,ไตรมาสที่ 2,ระดับการศึกษาที่สำเร็จ,คน
23134.0,395,2564,การสำรวจภาวะการทำงานของประชากร ระดับจังหวัด,ชาย,สำนักงานสถิติจังหวัดหนองบัวลำภู,มัธยมศึกษาตอนต้น,หนองบัวลำภู,ไตรมาสที่ 2,ระดับการศึกษาที่สำเร็จ,คน
17804.0,396,2564,การสำรวจภาวะการทำงานของประชากร ระดับจังหวัด,ชาย,สำนักงานสถิติจังหวัดหนองบัวลำภู,มัธยมศึกษาตอนปลาย,หนองบัวลำภู,ไตรมาสที่ 2,ระดับการศึกษาที่สำเร็จ,คน
13568.0,397,2564,การสำรวจภาวะการทำงานของประชากร ระดับจังหวัด,ชาย,สำนักงานสถิติจังหวัดหนองบัวลำภู,สายสามัญ,หนองบัวลำภู,ไตรมาสที่ 2,ระดับการศึกษาที่สำเร็จ,คน
4236.0,398,2564,การสำรวจภาวะการทำงานของประชากร ระดับจังหวัด,ชาย,สำนักงานสถิติจังหวัดหนองบัวลำภู,สายอาชีวศึกษา,หนองบัวลำภู,ไตรมาสที่ 2,ระดับการศึกษาที่สำเร็จ,คน
 -   ,399,2564,การสำรวจภาวะการทำงานของประชากร ระดับจังหวัด,ชาย,สำนักงานสถิติจังหวัดหนองบัวลำภู,สายวิชาการศึกษา,หนองบัวลำภู,ไตรมาสที่ 2,ระดับการศึกษาที่สำเร็จ,คน
13345.0,400,2564,การสำรวจภาวะการทำงานของประชากร ระดับจังหวัด,ชาย,สำนักงานสถิติจังหวัดหนองบัวลำภู,อุดมศึกษา,หนองบัวลำภู,ไตรมาสที่ 2,ระดับการศึกษาที่สำเร็จ,คน
8591.0,401,2564,การสำรวจภาวะการทำงานของประชากร ระดับจังหวัด,ชาย,สำนักงานสถิติจังหวัดหนองบัวลำภู,สายวิชาการ,หนองบัวลำภู,ไตรมาสที่ 2,ระดับการศึกษาที่สำเร็จ,คน
3016.0,402,2564,การสำรวจภาวะการทำงานของประชากร ระดับจังหวัด,ชาย,สำนักงานสถิติจังหวัดหนองบัวลำภู,สายวิชาชีพ,หนองบัวลำภู,ไตรมาสที่ 2,ระดับการศึกษาที่สำเร็จ,คน
1738.0,403,2564,การสำรวจภาวะการทำงานของประชากร ระดับจังหวัด,ชาย,สำนักงานสถิติจังหวัดหนองบัวลำภู,สายวิชาการศึกษา,หนองบัวลำภู,ไตรมาสที่ 2,ระดับการศึกษาที่สำเร็จ,คน
94.0,404,2564,การสำรวจภาวะการทำงานของประชากร ระดับจังหวัด,ชาย,สำนักงานสถิติจังหวัดหนองบัวลำภู,อื่น ๆ,หนองบัวลำภู,ไตรมาสที่ 2,ระดับการศึกษาที่สำเร็จ,คน
142.0,405,2564,การสำรวจภาวะการทำงานของประชากร ระดับจังหวัด,ชาย,สำนักงานสถิติจังหวัดหนองบัวลำภู,ไม่ทราบ,หนองบัวลำภู,ไตรมาสที่ 2,ระดับการศึกษาที่สำเร็จ,คน
97029.0,406,2564,การสำรวจภาวะการทำงานของประชากร ระดับจังหวัด,หญิง,สำนักงานสถิติจังหวัดหนองบัวลำภู,รวมยอด,หนองบัวลำภู,ไตรมาสที่ 2,ระดับการศึกษาที่สำเร็จ,คน
185.0,407,2564,การสำรวจภาวะการทำงานของประชากร ระดับจังหวัด,หญิง,สำนักงานสถิติจังหวัดหนองบัวลำภู,ไม่มีการศึกษา,หนองบัวลำภู,ไตรมาสที่ 2,ระดับการศึกษาที่สำเร็จ,คน
24209.0,408,2564,การสำรวจภาวะการทำงานของประชากร ระดับจังหวัด,หญิง,สำนักงานสถิติจังหวัดหนองบัวลำภู,ต่ำกว่าประถมศึกษา,หนองบัวลำภู,ไตรมาสที่ 2,ระดับการศึกษาที่สำเร็จ,คน
25740.0,409,2564,การสำรวจภาวะการทำงานของประชากร ระดับจังหวัด,หญิง,สำนักงานสถิติจังหวัดหนองบัวลำภู,ประถมศึกษา,หนองบัวลำภู,ไตรมาสที่ 2,ระดับการศึกษาที่สำเร็จ,คน
11973.0,410,2564,การสำรวจภาวะการทำงานของประชากร ระดับจังหวัด,หญิง,สำนักงานสถิติจังหวัดหนองบัวลำภู,มัธยมศึกษาตอนต้น,หนองบัวลำภู,ไตรมาสที่ 2,ระดับการศึกษาที่สำเร็จ,คน
12863.0,411,2564,การสำรวจภาวะการทำงานของประชากร ระดับจังหวัด,หญิง,สำนักงานสถิติจังหวัดหนองบัวลำภู,มัธยมศึกษาตอนปลาย,หนองบัวลำภู,ไตรมาสที่ 2,ระดับการศึกษาที่สำเร็จ,คน
11902.0,412,2564,การสำรวจภาวะการทำงานของประชากร ระดับจังหวัด,หญิง,สำนักงานสถิติจังหวัดหนองบัวลำภู,สายสามัญ,หนองบัวลำภู,ไตรมาสที่ 2,ระดับการศึกษาที่สำเร็จ,คน
962.0,413,2564,การสำรวจภาวะการทำงานของประชากร ระดับจังหวัด,หญิง,สำนักงานสถิติจังหวัดหนองบัวลำภู,สายอาชีวศึกษา,หนองบัวลำภู,ไตรมาสที่ 2,ระดับการศึกษาที่สำเร็จ,คน
 -   ,414,2564,การสำรวจภาวะการทำงานของประชากร ระดับจังหวัด,หญิง,สำนักงานสถิติจังหวัดหนองบัวลำภู,สายวิชาการศึกษา,หนองบัวลำภู,ไตรมาสที่ 2,ระดับการศึกษาที่สำเร็จ,คน
21933.0,415,2564,การสำรวจภาวะการทำงานของประชากร ระดับจังหวัด,หญิง,สำนักงานสถิติจังหวัดหนองบัวลำภู,อุดมศึกษา,หนองบัวลำภู,ไตรมาสที่ 2,ระดับการศึกษาที่สำเร็จ,คน
13168.0,416,2564,การสำรวจภาวะการทำงานของประชากร ระดับจังหวัด,หญิง,สำนักงานสถิติจังหวัดหนองบัวลำภู,สายวิชาการ,หนองบัวลำภู,ไตรมาสที่ 2,ระดับการศึกษาที่สำเร็จ,คน
3747.0,417,2564,การสำรวจภาวะการทำงานของประชากร ระดับจังหวัด,หญิง,สำนักงานสถิติจังหวัดหนองบัวลำภู,สายวิชาชีพ,หนองบัวลำภู,ไตรมาสที่ 2,ระดับการศึกษาที่สำเร็จ,คน
5017.0,418,2564,การสำรวจภาวะการทำงานของประชากร ระดับจังหวัด,หญิง,สำนักงานสถิติจังหวัดหนองบัวลำภู,สายวิชาการศึกษา,หนองบัวลำภู,ไตรมาสที่ 2,ระดับการศึกษาที่สำเร็จ,คน
 -   ,419,2564,การสำรวจภาวะการทำงานของประชากร ระดับจังหวัด,หญิง,สำนักงานสถิติจังหวัดหนองบัวลำภู,อื่น ๆ,หนองบัวลำภู,ไตรมาสที่ 2,ระดับการศึกษาที่สำเร็จ,คน
127.0,420,2564,การสำรวจภาวะการทำงานของประชากร ระดับจังหวัด,หญิง,สำนักงานสถิติจังหวัดหนองบัวลำภู,ไม่ทราบ,หนองบัวลำภู,ไตรมาสที่ 2,ระดับการศึกษาที่สำเร็จ,คน
127123.0,421,2564,การสำรวจภาวะการทำงานของประชากร ระดับจังหวัด,ชาย,สำนักงานสถิติจังหวัดหนองบัวลำภู,รวมยอด,หนองบัวลำภู,ไตรมาสที่ 3,ระดับการศึกษาที่สำเร็จ,คน
151.0,422,2564,การสำรวจภาวะการทำงานของประชากร ระดับจังหวัด,ชาย,สำนักงานสถิติจังหวัดหนองบัวลำภู,ไม่มีการศึกษา,หนองบัวลำภู,ไตรมาสที่ 3,ระดับการศึกษาที่สำเร็จ,คน
33702.0,423,2564,การสำรวจภาวะการทำงานของประชากร ระดับจังหวัด,ชาย,สำนักงานสถิติจังหวัดหนองบัวลำภู,ต่ำกว่าประถมศึกษา,หนองบัวลำภู,ไตรมาสที่ 3,ระดับการศึกษาที่สำเร็จ,คน
36782.0,424,2564,การสำรวจภาวะการทำงานของประชากร ระดับจังหวัด,ชาย,สำนักงานสถิติจังหวัดหนองบัวลำภู,ประถมศึกษา,หนองบัวลำภู,ไตรมาสที่ 3,ระดับการศึกษาที่สำเร็จ,คน
24234.0,425,2564,การสำรวจภาวะการทำงานของประชากร ระดับจังหวัด,ชาย,สำนักงานสถิติจังหวัดหนองบัวลำภู,มัธยมศึกษาตอนต้น,หนองบัวลำภู,ไตรมาสที่ 3,ระดับการศึกษาที่สำเร็จ,คน
18085.0,426,2564,การสำรวจภาวะการทำงานของประชากร ระดับจังหวัด,ชาย,สำนักงานสถิติจังหวัดหนองบัวลำภู,มัธยมศึกษาตอนปลาย,หนองบัวลำภู,ไตรมาสที่ 3,ระดับการศึกษาที่สำเร็จ,คน
14570.0,427,2564,การสำรวจภาวะการทำงานของประชากร ระดับจังหวัด,ชาย,สำนักงานสถิติจังหวัดหนองบัวลำภู,สายสามัญ,หนองบัวลำภู,ไตรมาสที่ 3,ระดับการศึกษาที่สำเร็จ,คน
3516.0,428,2564,การสำรวจภาวะการทำงานของประชากร ระดับจังหวัด,ชาย,สำนักงานสถิติจังหวัดหนองบัวลำภู,สายอาชีวศึกษา,หนองบัวลำภู,ไตรมาสที่ 3,ระดับการศึกษาที่สำเร็จ,คน
 -   ,429,2564,การสำรวจภาวะการทำงานของประชากร ระดับจังหวัด,ชาย,สำนักงานสถิติจังหวัดหนองบัวลำภู,สายวิชาการศึกษา,หนองบัวลำภู,ไตรมาสที่ 3,ระดับการศึกษาที่สำเร็จ,คน
14092.0,430,2564,การสำรวจภาวะการทำงานของประชากร ระดับจังหวัด,ชาย,สำนักงานสถิติจังหวัดหนองบัวลำภู,อุดมศึกษา,หนองบัวลำภู,ไตรมาสที่ 3,ระดับการศึกษาที่สำเร็จ,คน
7388.0,431,2564,การสำรวจภาวะการทำงานของประชากร ระดับจังหวัด,ชาย,สำนักงานสถิติจังหวัดหนองบัวลำภู,สายวิชาการ,หนองบัวลำภู,ไตรมาสที่ 3,ระดับการศึกษาที่สำเร็จ,คน
4418.0,432,2564,การสำรวจภาวะการทำงานของประชากร ระดับจังหวัด,ชาย,สำนักงานสถิติจังหวัดหนองบัวลำภู,สายวิชาชีพ,หนองบัวลำภู,ไตรมาสที่ 3,ระดับการศึกษาที่สำเร็จ,คน
2287.0,433,2564,การสำรวจภาวะการทำงานของประชากร ระดับจังหวัด,ชาย,สำนักงานสถิติจังหวัดหนองบัวลำภู,สายวิชาการศึกษา,หนองบัวลำภู,ไตรมาสที่ 3,ระดับการศึกษาที่สำเร็จ,คน
 -   ,434,2564,การสำรวจภาวะการทำงานของประชากร ระดับจังหวัด,ชาย,สำนักงานสถิติจังหวัดหนองบัวลำภู,อื่น ๆ,หนองบัวลำภู,ไตรมาสที่ 3,ระดับการศึกษาที่สำเร็จ,คน
77.0,435,2564,การสำรวจภาวะการทำงานของประชากร ระดับจังหวัด,ชาย,สำนักงานสถิติจังหวัดหนองบัวลำภู,ไม่ทราบ,หนองบัวลำภู,ไตรมาสที่ 3,ระดับการศึกษาที่สำเร็จ,คน
96064.0,436,2564,การสำรวจภาวะการทำงานของประชากร ระดับจังหวัด,หญิง,สำนักงานสถิติจังหวัดหนองบัวลำภู,รวมยอด,หนองบัวลำภู,ไตรมาสที่ 3,ระดับการศึกษาที่สำเร็จ,คน
178.0,437,2564,การสำรวจภาวะการทำงานของประชากร ระดับจังหวัด,หญิง,สำนักงานสถิติจังหวัดหนองบัวลำภู,ไม่มีการศึกษา,หนองบัวลำภู,ไตรมาสที่ 3,ระดับการศึกษาที่สำเร็จ,คน
24293.0,438,2564,การสำรวจภาวะการทำงานของประชากร ระดับจังหวัด,หญิง,สำนักงานสถิติจังหวัดหนองบัวลำภู,ต่ำกว่าประถมศึกษา,หนองบัวลำภู,ไตรมาสที่ 3,ระดับการศึกษาที่สำเร็จ,คน
25928.0,439,2564,การสำรวจภาวะการทำงานของประชากร ระดับจังหวัด,หญิง,สำนักงานสถิติจังหวัดหนองบัวลำภู,ประถมศึกษา,หนองบัวลำภู,ไตรมาสที่ 3,ระดับการศึกษาที่สำเร็จ,คน
10986.0,440,2564,การสำรวจภาวะการทำงานของประชากร ระดับจังหวัด,หญิง,สำนักงานสถิติจังหวัดหนองบัวลำภู,มัธยมศึกษาตอนต้น,หนองบัวลำภู,ไตรมาสที่ 3,ระดับการศึกษาที่สำเร็จ,คน
11463.0,441,2564,การสำรวจภาวะการทำงานของประชากร ระดับจังหวัด,หญิง,สำนักงานสถิติจังหวัดหนองบัวลำภู,มัธยมศึกษาตอนปลาย,หนองบัวลำภู,ไตรมาสที่ 3,ระดับการศึกษาที่สำเร็จ,คน
10684.0,442,2564,การสำรวจภาวะการทำงานของประชากร ระดับจังหวัด,หญิง,สำนักงานสถิติจังหวัดหนองบัวลำภู,สายสามัญ,หนองบัวลำภู,ไตรมาสที่ 3,ระดับการศึกษาที่สำเร็จ,คน
778.0,443,2564,การสำรวจภาวะการทำงานของประชากร ระดับจังหวัด,หญิง,สำนักงานสถิติจังหวัดหนองบัวลำภู,สายอาชีวศึกษา,หนองบัวลำภู,ไตรมาสที่ 3,ระดับการศึกษาที่สำเร็จ,คน
 -   ,444,2564,การสำรวจภาวะการทำงานของประชากร ระดับจังหวัด,หญิง,สำนักงานสถิติจังหวัดหนองบัวลำภู,สายวิชาการศึกษา,หนองบัวลำภู,ไตรมาสที่ 3,ระดับการศึกษาที่สำเร็จ,คน
23216.0,445,2564,การสำรวจภาวะการทำงานของประชากร ระดับจังหวัด,หญิง,สำนักงานสถิติจังหวัดหนองบัวลำภู,อุดมศึกษา,หนองบัวลำภู,ไตรมาสที่ 3,ระดับการศึกษาที่สำเร็จ,คน
12940.0,446,2564,การสำรวจภาวะการทำงานของประชากร ระดับจังหวัด,หญิง,สำนักงานสถิติจังหวัดหนองบัวลำภู,สายวิชาการ,หนองบัวลำภู,ไตรมาสที่ 3,ระดับการศึกษาที่สำเร็จ,คน
5074.0,447,2564,การสำรวจภาวะการทำงานของประชากร ระดับจังหวัด,หญิง,สำนักงานสถิติจังหวัดหนองบัวลำภู,สายวิชาชีพ,หนองบัวลำภู,ไตรมาสที่ 3,ระดับการศึกษาที่สำเร็จ,คน
5203.0,448,2564,การสำรวจภาวะการทำงานของประชากร ระดับจังหวัด,หญิง,สำนักงานสถิติจังหวัดหนองบัวลำภู,สายวิชาการศึกษา,หนองบัวลำภู,ไตรมาสที่ 3,ระดับการศึกษาที่สำเร็จ,คน
 -   ,449,2564,การสำรวจภาวะการทำงานของประชากร ระดับจังหวัด,หญิง,สำนักงานสถิติจังหวัดหนองบัวลำภู,อื่น ๆ,หนองบัวลำภู,ไตรมาสที่ 3,ระดับการศึกษาที่สำเร็จ,คน
 -   ,450,2564,การสำรวจภาวะการทำงานของประชากร ระดับจังหวัด,หญิง,สำนักงานสถิติจังหวัดหนองบัวลำภู,ไม่ทราบ,หนองบัวลำภู,ไตรมาสที่ 3,ระดับการศึกษาที่สำเร็จ,คน
126686.0,451,2564,การสำรวจภาวะการทำงานของประชากร ระดับจังหวัด,ชาย,สำนักงานสถิติจังหวัดหนองบัวลำภู,รวมยอด,หนองบัวลำภู,ไตรมาสที่ 4,ระดับการศึกษาที่สำเร็จ,คน
210.0,452,2564,การสำรวจภาวะการทำงานของประชากร ระดับจังหวัด,ชาย,สำนักงานสถิติจังหวัดหนองบัวลำภู,ไม่มีการศึกษา,หนองบัวลำภู,ไตรมาสที่ 4,ระดับการศึกษาที่สำเร็จ,คน
29377.0,453,2564,การสำรวจภาวะการทำงานของประชากร ระดับจังหวัด,ชาย,สำนักงานสถิติจังหวัดหนองบัวลำภู,ต่ำกว่าประถมศึกษา,หนองบัวลำภู,ไตรมาสที่ 4,ระดับการศึกษาที่สำเร็จ,คน
43083.0,454,2564,การสำรวจภาวะการทำงานของประชากร ระดับจังหวัด,ชาย,สำนักงานสถิติจังหวัดหนองบัวลำภู,ประถมศึกษา,หนองบัวลำภู,ไตรมาสที่ 4,ระดับการศึกษาที่สำเร็จ,คน
21045.0,455,2564,การสำรวจภาวะการทำงานของประชากร ระดับจังหวัด,ชาย,สำนักงานสถิติจังหวัดหนองบัวลำภู,มัธยมศึกษาตอนต้น,หนองบัวลำภู,ไตรมาสที่ 4,ระดับการศึกษาที่สำเร็จ,คน
16240.0,456,2564,การสำรวจภาวะการทำงานของประชากร ระดับจังหวัด,ชาย,สำนักงานสถิติจังหวัดหนองบัวลำภู,มัธยมศึกษาตอนปลาย,หนองบัวลำภู,ไตรมาสที่ 4,ระดับการศึกษาที่สำเร็จ,คน
14226.0,457,2564,การสำรวจภาวะการทำงานของประชากร ระดับจังหวัด,ชาย,สำนักงานสถิติจังหวัดหนองบัวลำภู,สายสามัญ,หนองบัวลำภู,ไตรมาสที่ 4,ระดับการศึกษาที่สำเร็จ,คน
2014.0,458,2564,การสำรวจภาวะการทำงานของประชากร ระดับจังหวัด,ชาย,สำนักงานสถิติจังหวัดหนองบัวลำภู,สายอาชีวศึกษา,หนองบัวลำภู,ไตรมาสที่ 4,ระดับการศึกษาที่สำเร็จ,คน
 -   ,459,2564,การสำรวจภาวะการทำงานของประชากร ระดับจังหวัด,ชาย,สำนักงานสถิติจังหวัดหนองบัวลำภู,สายวิชาการศึกษา,หนองบัวลำภู,ไตรมาสที่ 4,ระดับการศึกษาที่สำเร็จ,คน
15926.0,460,2564,การสำรวจภาวะการทำงานของประชากร ระดับจังหวัด,ชาย,สำนักงานสถิติจังหวัดหนองบัวลำภู,อุดมศึกษา,หนองบัวลำภู,ไตรมาสที่ 4,ระดับการศึกษาที่สำเร็จ,คน
5509.0,461,2564,การสำรวจภาวะการทำงานของประชากร ระดับจังหวัด,ชาย,สำนักงานสถิติจังหวัดหนองบัวลำภู,สายวิชาการ,หนองบัวลำภู,ไตรมาสที่ 4,ระดับการศึกษาที่สำเร็จ,คน
8959.0,462,2564,การสำรวจภาวะการทำงานของประชากร ระดับจังหวัด,ชาย,สำนักงานสถิติจังหวัดหนองบัวลำภู,สายวิชาชีพ,หนองบัวลำภู,ไตรมาสที่ 4,ระดับการศึกษาที่สำเร็จ,คน
1458.0,463,2564,การสำรวจภาวะการทำงานของประชากร ระดับจังหวัด,ชาย,สำนักงานสถิติจังหวัดหนองบัวลำภู,สายวิชาการศึกษา,หนองบัวลำภู,ไตรมาสที่ 4,ระดับการศึกษาที่สำเร็จ,คน
 -   ,464,2564,การสำรวจภาวะการทำงานของประชากร ระดับจังหวัด,ชาย,สำนักงานสถิติจังหวัดหนองบัวลำภู,อื่น ๆ,หนองบัวลำภู,ไตรมาสที่ 4,ระดับการศึกษาที่สำเร็จ,คน
805.0,465,2564,การสำรวจภาวะการทำงานของประชากร ระดับจังหวัด,ชาย,สำนักงานสถิติจังหวัดหนองบัวลำภู,ไม่ทราบ,หนองบัวลำภู,ไตรมาสที่ 4,ระดับการศึกษาที่สำเร็จ,คน
94557.0,466,2564,การสำรวจภาวะการทำงานของประชากร ระดับจังหวัด,หญิง,สำนักงานสถิติจังหวัดหนองบัวลำภู,รวมยอด,หนองบัวลำภู,ไตรมาสที่ 4,ระดับการศึกษาที่สำเร็จ,คน
664.0,467,2564,การสำรวจภาวะการทำงานของประชากร ระดับจังหวัด,หญิง,สำนักงานสถิติจังหวัดหนองบัวลำภู,ไม่มีการศึกษา,หนองบัวลำภู,ไตรมาสที่ 4,ระดับการศึกษาที่สำเร็จ,คน
23935.0,468,2564,การสำรวจภาวะการทำงานของประชากร ระดับจังหวัด,หญิง,สำนักงานสถิติจังหวัดหนองบัวลำภู,ต่ำกว่าประถมศึกษา,หนองบัวลำภู,ไตรมาสที่ 4,ระดับการศึกษาที่สำเร็จ,คน
30110.0,469,2564,การสำรวจภาวะการทำงานของประชากร ระดับจังหวัด,หญิง,สำนักงานสถิติจังหวัดหนองบัวลำภู,ประถมศึกษา,หนองบัวลำภู,ไตรมาสที่ 4,ระดับการศึกษาที่สำเร็จ,คน
11219.0,470,2564,การสำรวจภาวะการทำงานของประชากร ระดับจังหวัด,หญิง,สำนักงานสถิติจังหวัดหนองบัวลำภู,มัธยมศึกษาตอนต้น,หนองบัวลำภู,ไตรมาสที่ 4,ระดับการศึกษาที่สำเร็จ,คน
13019.0,471,2564,การสำรวจภาวะการทำงานของประชากร ระดับจังหวัด,หญิง,สำนักงานสถิติจังหวัดหนองบัวลำภู,มัธยมศึกษาตอนปลาย,หนองบัวลำภู,ไตรมาสที่ 4,ระดับการศึกษาที่สำเร็จ,คน
11966.0,472,2564,การสำรวจภาวะการทำงานของประชากร ระดับจังหวัด,หญิง,สำนักงานสถิติจังหวัดหนองบัวลำภู,สายสามัญ,หนองบัวลำภู,ไตรมาสที่ 4,ระดับการศึกษาที่สำเร็จ,คน
1053.0,473,2564,การสำรวจภาวะการทำงานของประชากร ระดับจังหวัด,หญิง,สำนักงานสถิติจังหวัดหนองบัวลำภู,สายอาชีวศึกษา,หนองบัวลำภู,ไตรมาสที่ 4,ระดับการศึกษาที่สำเร็จ,คน
 -   ,474,2564,การสำรวจภาวะการทำงานของประชากร ระดับจังหวัด,หญิง,สำนักงานสถิติจังหวัดหนองบัวลำภู,สายวิชาการศึกษา,หนองบัวลำภู,ไตรมาสที่ 4,ระดับการศึกษาที่สำเร็จ,คน
14853.0,475,2564,การสำรวจภาวะการทำงานของประชากร ระดับจังหวัด,หญิง,สำนักงานสถิติจังหวัดหนองบัวลำภู,อุดมศึกษา,หนองบัวลำภู,ไตรมาสที่ 4,ระดับการศึกษาที่สำเร็จ,คน
7625.0,476,2564,การสำรวจภาวะการทำงานของประชากร ระดับจังหวัด,หญิง,สำนักงานสถิติจังหวัดหนองบัวลำภู,สายวิชาการ,หนองบัวลำภู,ไตรมาสที่ 4,ระดับการศึกษาที่สำเร็จ,คน
3238.0,477,2564,การสำรวจภาวะการทำงานของประชากร ระดับจังหวัด,หญิง,สำนักงานสถิติจังหวัดหนองบัวลำภู,สายวิชาชีพ,หนองบัวลำภู,ไตรมาสที่ 4,ระดับการศึกษาที่สำเร็จ,คน
3990.0,478,2564,การสำรวจภาวะการทำงานของประชากร ระดับจังหวัด,หญิง,สำนักงานสถิติจังหวัดหนองบัวลำภู,สายวิชาการศึกษา,หนองบัวลำภู,ไตรมาสที่ 4,ระดับการศึกษาที่สำเร็จ,คน
 -   ,479,2564,การสำรวจภาวะการทำงานของประชากร ระดับจังหวัด,หญิง,สำนักงานสถิติจังหวัดหนองบัวลำภู,อื่น ๆ,หนองบัวลำภู,ไตรมาสที่ 4,ระดับการศึกษาที่สำเร็จ,คน
756.0,480,2564,การสำรวจภาวะการทำงานของประชากร ระดับจังหวัด,หญิง,สำนักงานสถิติจังหวัดหนองบัวลำภู,ไม่ทราบ,หนองบัวลำภู,ไตรมาสที่ 4,ระดับการศึกษาที่สำเร็จ,คน
127809.0,481,2565,การสำรวจภาวะการทำงานของประชากร ระดับจังหวัด,ชาย,สำนักงานสถิติจังหวัดหนองบัวลำภู,รวมยอด,หนองบัวลำภู,ไตรมาสที่ 1,ระดับการศึกษาที่สำเร็จ,คน
416.0,482,2565,การสำรวจภาวะการทำงานของประชากร ระดับจังหวัด,ชาย,สำนักงานสถิติจังหวัดหนองบัวลำภู,ไม่มีการศึกษา,หนองบัวลำภู,ไตรมาสที่ 1,ระดับการศึกษาที่สำเร็จ,คน
28683.0,483,2565,การสำรวจภาวะการทำงานของประชากร ระดับจังหวัด,ชาย,สำนักงานสถิติจังหวัดหนองบัวลำภู,ต่ำกว่าประถมศึกษา,หนองบัวลำภู,ไตรมาสที่ 1,ระดับการศึกษาที่สำเร็จ,คน
43715.0,484,2565,การสำรวจภาวะการทำงานของประชากร ระดับจังหวัด,ชาย,สำนักงานสถิติจังหวัดหนองบัวลำภู,ประถมศึกษา,หนองบัวลำภู,ไตรมาสที่ 1,ระดับการศึกษาที่สำเร็จ,คน
20131.0,485,2565,การสำรวจภาวะการทำงานของประชากร ระดับจังหวัด,ชาย,สำนักงานสถิติจังหวัดหนองบัวลำภู,มัธยมศึกษาตอนต้น,หนองบัวลำภู,ไตรมาสที่ 1,ระดับการศึกษาที่สำเร็จ,คน
21114.0,486,2565,การสำรวจภาวะการทำงานของประชากร ระดับจังหวัด,ชาย,สำนักงานสถิติจังหวัดหนองบัวลำภู,มัธยมศึกษาตอนปลาย,หนองบัวลำภู,ไตรมาสที่ 1,ระดับการศึกษาที่สำเร็จ,คน
17270.0,487,2565,การสำรวจภาวะการทำงานของประชากร ระดับจังหวัด,ชาย,สำนักงานสถิติจังหวัดหนองบัวลำภู,สายสามัญ,หนองบัวลำภู,ไตรมาสที่ 1,ระดับการศึกษาที่สำเร็จ,คน
3844.0,488,2565,การสำรวจภาวะการทำงานของประชากร ระดับจังหวัด,ชาย,สำนักงานสถิติจังหวัดหนองบัวลำภู,สายอาชีวศึกษา,หนองบัวลำภู,ไตรมาสที่ 1,ระดับการศึกษาที่สำเร็จ,คน
 -   ,489,2565,การสำรวจภาวะการทำงานของประชากร ระดับจังหวัด,ชาย,สำนักงานสถิติจังหวัดหนองบัวลำภู,สายวิชาการศึกษา,หนองบัวลำภู,ไตรมาสที่ 1,ระดับการศึกษาที่สำเร็จ,คน
13750.0,490,2565,การสำรวจภาวะการทำงานของประชากร ระดับจังหวัด,ชาย,สำนักงานสถิติจังหวัดหนองบัวลำภู,อุดมศึกษา,หนองบัวลำภู,ไตรมาสที่ 1,ระดับการศึกษาที่สำเร็จ,คน
6670.0,491,2565,การสำรวจภาวะการทำงานของประชากร ระดับจังหวัด,ชาย,สำนักงานสถิติจังหวัดหนองบัวลำภู,สายวิชาการ,หนองบัวลำภู,ไตรมาสที่ 1,ระดับการศึกษาที่สำเร็จ,คน
5751.0,492,2565,การสำรวจภาวะการทำงานของประชากร ระดับจังหวัด,ชาย,สำนักงานสถิติจังหวัดหนองบัวลำภู,สายวิชาชีพ,หนองบัวลำภู,ไตรมาสที่ 1,ระดับการศึกษาที่สำเร็จ,คน
1328.0,493,2565,การสำรวจภาวะการทำงานของประชากร ระดับจังหวัด,ชาย,สำนักงานสถิติจังหวัดหนองบัวลำภู,สายวิชาการศึกษา,หนองบัวลำภู,ไตรมาสที่ 1,ระดับการศึกษาที่สำเร็จ,คน
 -   ,494,2565,การสำรวจภาวะการทำงานของประชากร ระดับจังหวัด,ชาย,สำนักงานสถิติจังหวัดหนองบัวลำภู,อื่น ๆ,หนองบัวลำภู,ไตรมาสที่ 1,ระดับการศึกษาที่สำเร็จ,คน
 -   ,495,2565,การสำรวจภาวะการทำงานของประชากร ระดับจังหวัด,ชาย,สำนักงานสถิติจังหวัดหนองบัวลำภู,ไม่ทราบ,หนองบัวลำภู,ไตรมาสที่ 1,ระดับการศึกษาที่สำเร็จ,คน
94946.0,496,2565,การสำรวจภาวะการทำงานของประชากร ระดับจังหวัด,หญิง,สำนักงานสถิติจังหวัดหนองบัวลำภู,รวมยอด,หนองบัวลำภู,ไตรมาสที่ 1,ระดับการศึกษาที่สำเร็จ,คน
1320.0,497,2565,การสำรวจภาวะการทำงานของประชากร ระดับจังหวัด,หญิง,สำนักงานสถิติจังหวัดหนองบัวลำภู,ไม่มีการศึกษา,หนองบัวลำภู,ไตรมาสที่ 1,ระดับการศึกษาที่สำเร็จ,คน
21429.0,498,2565,การสำรวจภาวะการทำงานของประชากร ระดับจังหวัด,หญิง,สำนักงานสถิติจังหวัดหนองบัวลำภู,ต่ำกว่าประถมศึกษา,หนองบัวลำภู,ไตรมาสที่ 1,ระดับการศึกษาที่สำเร็จ,คน
29099.0,499,2565,การสำรวจภาวะการทำงานของประชากร ระดับจังหวัด,หญิง,สำนักงานสถิติจังหวัดหนองบัวลำภู,ประถมศึกษา,หนองบัวลำภู,ไตรมาสที่ 1,ระดับการศึกษาที่สำเร็จ,คน
10799.0,500,2565,การสำรวจภาวะการทำงานของประชากร ระดับจังหวัด,หญิง,สำนักงานสถิติจังหวัดหนองบัวลำภู,มัธยมศึกษาตอนต้น,หนองบัวลำภู,ไตรมาสที่ 1,ระดับการศึกษาที่สำเร็จ,คน
15444.0,501,2565,การสำรวจภาวะการทำงานของประชากร ระดับจังหวัด,หญิง,สำนักงานสถิติจังหวัดหนองบัวลำภู,มัธยมศึกษาตอนปลาย,หนองบัวลำภู,ไตรมาสที่ 1,ระดับการศึกษาที่สำเร็จ,คน
14678.0,502,2565,การสำรวจภาวะการทำงานของประชากร ระดับจังหวัด,หญิง,สำนักงานสถิติจังหวัดหนองบัวลำภู,สายสามัญ,หนองบัวลำภู,ไตรมาสที่ 1,ระดับการศึกษาที่สำเร็จ,คน
766.0,503,2565,การสำรวจภาวะการทำงานของประชากร ระดับจังหวัด,หญิง,สำนักงานสถิติจังหวัดหนองบัวลำภู,สายอาชีวศึกษา,หนองบัวลำภู,ไตรมาสที่ 1,ระดับการศึกษาที่สำเร็จ,คน
 -   ,504,2565,การสำรวจภาวะการทำงานของประชากร ระดับจังหวัด,หญิง,สำนักงานสถิติจังหวัดหนองบัวลำภู,สายวิชาการศึกษา,หนองบัวลำภู,ไตรมาสที่ 1,ระดับการศึกษาที่สำเร็จ,คน
16855.0,505,2565,การสำรวจภาวะการทำงานของประชากร ระดับจังหวัด,หญิง,สำนักงานสถิติจังหวัดหนองบัวลำภู,อุดมศึกษา,หนองบัวลำภู,ไตรมาสที่ 1,ระดับการศึกษาที่สำเร็จ,คน
9632.0,506,2565,การสำรวจภาวะการทำงานของประชากร ระดับจังหวัด,หญิง,สำนักงานสถิติจังหวัดหนองบัวลำภู,สายวิชาการ,หนองบัวลำภู,ไตรมาสที่ 1,ระดับการศึกษาที่สำเร็จ,คน
3400.0,507,2565,การสำรวจภาวะการทำงานของประชากร ระดับจังหวัด,หญิง,สำนักงานสถิติจังหวัดหนองบัวลำภู,สายวิชาชีพ,หนองบัวลำภู,ไตรมาสที่ 1,ระดับการศึกษาที่สำเร็จ,คน
3823.0,508,2565,การสำรวจภาวะการทำงานของประชากร ระดับจังหวัด,หญิง,สำนักงานสถิติจังหวัดหนองบัวลำภู,สายวิชาการศึกษา,หนองบัวลำภู,ไตรมาสที่ 1,ระดับการศึกษาที่สำเร็จ,คน
 -   ,509,2565,การสำรวจภาวะการทำงานของประชากร ระดับจังหวัด,หญิง,สำนักงานสถิติจังหวัดหนองบัวลำภู,อื่น ๆ,หนองบัวลำภู,ไตรมาสที่ 1,ระดับการศึกษาที่สำเร็จ,คน
 -   ,510,2565,การสำรวจภาวะการทำงานของประชากร ระดับจังหวัด,หญิง,สำนักงานสถิติจังหวัดหนองบัวลำภู,ไม่ทราบ,หนองบัวลำภู,ไตรมาสที่ 1,ระดับการศึกษาที่สำเร็จ,คน
126317.0,511,2565,การสำรวจภาวะการทำงานของประชากร ระดับจังหวัด,ชาย,สำนักงานสถิติจังหวัดหนองบัวลำภู,รวมยอด,หนองบัวลำภู,ไตรมาสที่ 2,ระดับการศึกษาที่สำเร็จ,คน
370.0,512,2565,การสำรวจภาวะการทำงานของประชากร ระดับจังหวัด,ชาย,สำนักงานสถิติจังหวัดหนองบัวลำภู,ไม่มีการศึกษา,หนองบัวลำภู,ไตรมาสที่ 2,ระดับการศึกษาที่สำเร็จ,คน
26970.0,513,2565,การสำรวจภาวะการทำงานของประชากร ระดับจังหวัด,ชาย,สำนักงานสถิติจังหวัดหนองบัวลำภู,ต่ำกว่าประถมศึกษา,หนองบัวลำภู,ไตรมาสที่ 2,ระดับการศึกษาที่สำเร็จ,คน
42761.0,514,2565,การสำรวจภาวะการทำงานของประชากร ระดับจังหวัด,ชาย,สำนักงานสถิติจังหวัดหนองบัวลำภู,ประถมศึกษา,หนองบัวลำภู,ไตรมาสที่ 2,ระดับการศึกษาที่สำเร็จ,คน
24406.0,515,2565,การสำรวจภาวะการทำงานของประชากร ระดับจังหวัด,ชาย,สำนักงานสถิติจังหวัดหนองบัวลำภู,มัธยมศึกษาตอนต้น,หนองบัวลำภู,ไตรมาสที่ 2,ระดับการศึกษาที่สำเร็จ,คน
16187.0,516,2565,การสำรวจภาวะการทำงานของประชากร ระดับจังหวัด,ชาย,สำนักงานสถิติจังหวัดหนองบัวลำภู,มัธยมศึกษาตอนปลาย,หนองบัวลำภู,ไตรมาสที่ 2,ระดับการศึกษาที่สำเร็จ,คน
12411.0,517,2565,การสำรวจภาวะการทำงานของประชากร ระดับจังหวัด,ชาย,สำนักงานสถิติจังหวัดหนองบัวลำภู,สายสามัญ,หนองบัวลำภู,ไตรมาสที่ 2,ระดับการศึกษาที่สำเร็จ,คน
3776.0,518,2565,การสำรวจภาวะการทำงานของประชากร ระดับจังหวัด,ชาย,สำนักงานสถิติจังหวัดหนองบัวลำภู,สายอาชีวศึกษา,หนองบัวลำภู,ไตรมาสที่ 2,ระดับการศึกษาที่สำเร็จ,คน
 -   ,519,2565,การสำรวจภาวะการทำงานของประชากร ระดับจังหวัด,ชาย,สำนักงานสถิติจังหวัดหนองบัวลำภู,สายวิชาการศึกษา,หนองบัวลำภู,ไตรมาสที่ 2,ระดับการศึกษาที่สำเร็จ,คน
15515.0,520,2565,การสำรวจภาวะการทำงานของประชากร ระดับจังหวัด,ชาย,สำนักงานสถิติจังหวัดหนองบัวลำภู,อุดมศึกษา,หนองบัวลำภู,ไตรมาสที่ 2,ระดับการศึกษาที่สำเร็จ,คน
7445.0,521,2565,การสำรวจภาวะการทำงานของประชากร ระดับจังหวัด,ชาย,สำนักงานสถิติจังหวัดหนองบัวลำภู,สายวิชาการ,หนองบัวลำภู,ไตรมาสที่ 2,ระดับการศึกษาที่สำเร็จ,คน
6673.0,522,2565,การสำรวจภาวะการทำงานของประชากร ระดับจังหวัด,ชาย,สำนักงานสถิติจังหวัดหนองบัวลำภู,สายวิชาชีพ,หนองบัวลำภู,ไตรมาสที่ 2,ระดับการศึกษาที่สำเร็จ,คน
1396.0,523,2565,การสำรวจภาวะการทำงานของประชากร ระดับจังหวัด,ชาย,สำนักงานสถิติจังหวัดหนองบัวลำภู,สายวิชาการศึกษา,หนองบัวลำภู,ไตรมาสที่ 2,ระดับการศึกษาที่สำเร็จ,คน
 -   ,524,2565,การสำรวจภาวะการทำงานของประชากร ระดับจังหวัด,ชาย,สำนักงานสถิติจังหวัดหนองบัวลำภู,อื่น ๆ,หนองบัวลำภู,ไตรมาสที่ 2,ระดับการศึกษาที่สำเร็จ,คน
108.0,525,2565,การสำรวจภาวะการทำงานของประชากร ระดับจังหวัด,ชาย,สำนักงานสถิติจังหวัดหนองบัวลำภู,ไม่ทราบ,หนองบัวลำภู,ไตรมาสที่ 2,ระดับการศึกษาที่สำเร็จ,คน
96212.0,526,2565,การสำรวจภาวะการทำงานของประชากร ระดับจังหวัด,หญิง,สำนักงานสถิติจังหวัดหนองบัวลำภู,รวมยอด,หนองบัวลำภู,ไตรมาสที่ 2,ระดับการศึกษาที่สำเร็จ,คน
973.0,527,2565,การสำรวจภาวะการทำงานของประชากร ระดับจังหวัด,หญิง,สำนักงานสถิติจังหวัดหนองบัวลำภู,ไม่มีการศึกษา,หนองบัวลำภู,ไตรมาสที่ 2,ระดับการศึกษาที่สำเร็จ,คน
20217.0,528,2565,การสำรวจภาวะการทำงานของประชากร ระดับจังหวัด,หญิง,สำนักงานสถิติจังหวัดหนองบัวลำภู,ต่ำกว่าประถมศึกษา,หนองบัวลำภู,ไตรมาสที่ 2,ระดับการศึกษาที่สำเร็จ,คน
27101.0,529,2565,การสำรวจภาวะการทำงานของประชากร ระดับจังหวัด,หญิง,สำนักงานสถิติจังหวัดหนองบัวลำภู,ประถมศึกษา,หนองบัวลำภู,ไตรมาสที่ 2,ระดับการศึกษาที่สำเร็จ,คน
9453.0,530,2565,การสำรวจภาวะการทำงานของประชากร ระดับจังหวัด,หญิง,สำนักงานสถิติจังหวัดหนองบัวลำภู,มัธยมศึกษาตอนต้น,หนองบัวลำภู,ไตรมาสที่ 2,ระดับการศึกษาที่สำเร็จ,คน
17184.0,531,2565,การสำรวจภาวะการทำงานของประชากร ระดับจังหวัด,หญิง,สำนักงานสถิติจังหวัดหนองบัวลำภู,มัธยมศึกษาตอนปลาย,หนองบัวลำภู,ไตรมาสที่ 2,ระดับการศึกษาที่สำเร็จ,คน
15644.0,532,2565,การสำรวจภาวะการทำงานของประชากร ระดับจังหวัด,หญิง,สำนักงานสถิติจังหวัดหนองบัวลำภู,สายสามัญ,หนองบัวลำภู,ไตรมาสที่ 2,ระดับการศึกษาที่สำเร็จ,คน
1540.0,533,2565,การสำรวจภาวะการทำงานของประชากร ระดับจังหวัด,หญิง,สำนักงานสถิติจังหวัดหนองบัวลำภู,สายอาชีวศึกษา,หนองบัวลำภู,ไตรมาสที่ 2,ระดับการศึกษาที่สำเร็จ,คน
 -   ,534,2565,การสำรวจภาวะการทำงานของประชากร ระดับจังหวัด,หญิง,สำนักงานสถิติจังหวัดหนองบัวลำภู,สายวิชาการศึกษา,หนองบัวลำภู,ไตรมาสที่ 2,ระดับการศึกษาที่สำเร็จ,คน
21175.0,535,2565,การสำรวจภาวะการทำงานของประชากร ระดับจังหวัด,หญิง,สำนักงานสถิติจังหวัดหนองบัวลำภู,อุดมศึกษา,หนองบัวลำภู,ไตรมาสที่ 2,ระดับการศึกษาที่สำเร็จ,คน
12414.0,536,2565,การสำรวจภาวะการทำงานของประชากร ระดับจังหวัด,หญิง,สำนักงานสถิติจังหวัดหนองบัวลำภู,สายวิชาการ,หนองบัวลำภู,ไตรมาสที่ 2,ระดับการศึกษาที่สำเร็จ,คน
3135.0,537,2565,การสำรวจภาวะการทำงานของประชากร ระดับจังหวัด,หญิง,สำนักงานสถิติจังหวัดหนองบัวลำภู,สายวิชาชีพ,หนองบัวลำภู,ไตรมาสที่ 2,ระดับการศึกษาที่สำเร็จ,คน
5626.0,538,2565,การสำรวจภาวะการทำงานของประชากร ระดับจังหวัด,หญิง,สำนักงานสถิติจังหวัดหนองบัวลำภู,สายวิชาการศึกษา,หนองบัวลำภู,ไตรมาสที่ 2,ระดับการศึกษาที่สำเร็จ,คน
 -   ,539,2565,การสำรวจภาวะการทำงานของประชากร ระดับจังหวัด,หญิง,สำนักงานสถิติจังหวัดหนองบัวลำภู,อื่น ๆ,หนองบัวลำภู,ไตรมาสที่ 2,ระดับการศึกษาที่สำเร็จ,คน
108.0,540,2565,การสำรวจภาวะการทำงานของประชากร ระดับจังหวัด,หญิง,สำนักงานสถิติจังหวัดหนองบัวลำภู,ไม่ทราบ,หนองบัวลำภู,ไตรมาสที่ 2,ระดับการศึกษาที่สำเร็จ,คน
132798.0,541,2565,การสำรวจภาวะการทำงานของประชากร ระดับจังหวัด,ชาย,สำนักงานสถิติจังหวัดหนองบัวลำภู,รวมยอด,หนองบัวลำภู,ไตรมาสที่ 3,ระดับการศึกษาที่สำเร็จ,คน
273.0,542,2565,การสำรวจภาวะการทำงานของประชากร ระดับจังหวัด,ชาย,สำนักงานสถิติจังหวัดหนองบัวลำภู,ไม่มีการศึกษา,หนองบัวลำภู,ไตรมาสที่ 3,ระดับการศึกษาที่สำเร็จ,คน
27443.0,543,2565,การสำรวจภาวะการทำงานของประชากร ระดับจังหวัด,ชาย,สำนักงานสถิติจังหวัดหนองบัวลำภู,ต่ำกว่าประถมศึกษา,หนองบัวลำภู,ไตรมาสที่ 3,ระดับการศึกษาที่สำเร็จ,คน
43666.0,544,2565,การสำรวจภาวะการทำงานของประชากร ระดับจังหวัด,ชาย,สำนักงานสถิติจังหวัดหนองบัวลำภู,ประถมศึกษา,หนองบัวลำภู,ไตรมาสที่ 3,ระดับการศึกษาที่สำเร็จ,คน
24900.0,545,2565,การสำรวจภาวะการทำงานของประชากร ระดับจังหวัด,ชาย,สำนักงานสถิติจังหวัดหนองบัวลำภู,มัธยมศึกษาตอนต้น,หนองบัวลำภู,ไตรมาสที่ 3,ระดับการศึกษาที่สำเร็จ,คน
20349.0,546,2565,การสำรวจภาวะการทำงานของประชากร ระดับจังหวัด,ชาย,สำนักงานสถิติจังหวัดหนองบัวลำภู,มัธยมศึกษาตอนปลาย,หนองบัวลำภู,ไตรมาสที่ 3,ระดับการศึกษาที่สำเร็จ,คน
15111.0,547,2565,การสำรวจภาวะการทำงานของประชากร ระดับจังหวัด,ชาย,สำนักงานสถิติจังหวัดหนองบัวลำภู,สายสามัญ,หนองบัวลำภู,ไตรมาสที่ 3,ระดับการศึกษาที่สำเร็จ,คน
4568.0,548,2565,การสำรวจภาวะการทำงานของประชากร ระดับจังหวัด,ชาย,สำนักงานสถิติจังหวัดหนองบัวลำภู,สายอาชีวศึกษา,หนองบัวลำภู,ไตรมาสที่ 3,ระดับการศึกษาที่สำเร็จ,คน
670.0,549,2565,การสำรวจภาวะการทำงานของประชากร ระดับจังหวัด,ชาย,สำนักงานสถิติจังหวัดหนองบัวลำภู,สายวิชาการศึกษา,หนองบัวลำภู,ไตรมาสที่ 3,ระดับการศึกษาที่สำเร็จ,คน
16061.0,550,2565,การสำรวจภาวะการทำงานของประชากร ระดับจังหวัด,ชาย,สำนักงานสถิติจังหวัดหนองบัวลำภู,อุดมศึกษา,หนองบัวลำภู,ไตรมาสที่ 3,ระดับการศึกษาที่สำเร็จ,คน
8833.0,551,2565,การสำรวจภาวะการทำงานของประชากร ระดับจังหวัด,ชาย,สำนักงานสถิติจังหวัดหนองบัวลำภู,สายวิชาการ,หนองบัวลำภู,ไตรมาสที่ 3,ระดับการศึกษาที่สำเร็จ,คน
5539.0,552,2565,การสำรวจภาวะการทำงานของประชากร ระดับจังหวัด,ชาย,สำนักงานสถิติจังหวัดหนองบัวลำภู,สายวิชาชีพ,หนองบัวลำภู,ไตรมาสที่ 3,ระดับการศึกษาที่สำเร็จ,คน
1689.0,553,2565,การสำรวจภาวะการทำงานของประชากร ระดับจังหวัด,ชาย,สำนักงานสถิติจังหวัดหนองบัวลำภู,สายวิชาการศึกษา,หนองบัวลำภู,ไตรมาสที่ 3,ระดับการศึกษาที่สำเร็จ,คน
 -   ,554,2565,การสำรวจภาวะการทำงานของประชากร ระดับจังหวัด,ชาย,สำนักงานสถิติจังหวัดหนองบัวลำภู,อื่น ๆ,หนองบัวลำภู,ไตรมาสที่ 3,ระดับการศึกษาที่สำเร็จ,คน
108.0,555,2565,การสำรวจภาวะการทำงานของประชากร ระดับจังหวัด,ชาย,สำนักงานสถิติจังหวัดหนองบัวลำภู,ไม่ทราบ,หนองบัวลำภู,ไตรมาสที่ 3,ระดับการศึกษาที่สำเร็จ,คน
103220.0,556,2565,การสำรวจภาวะการทำงานของประชากร ระดับจังหวัด,หญิง,สำนักงานสถิติจังหวัดหนองบัวลำภู,รวมยอด,หนองบัวลำภู,ไตรมาสที่ 3,ระดับการศึกษาที่สำเร็จ,คน
1923.0,557,2565,การสำรวจภาวะการทำงานของประชากร ระดับจังหวัด,หญิง,สำนักงานสถิติจังหวัดหนองบัวลำภู,ไม่มีการศึกษา,หนองบัวลำภู,ไตรมาสที่ 3,ระดับการศึกษาที่สำเร็จ,คน
22178.0,558,2565,การสำรวจภาวะการทำงานของประชากร ระดับจังหวัด,หญิง,สำนักงานสถิติจังหวัดหนองบัวลำภู,ต่ำกว่าประถมศึกษา,หนองบัวลำภู,ไตรมาสที่ 3,ระดับการศึกษาที่สำเร็จ,คน
30113.0,559,2565,การสำรวจภาวะการทำงานของประชากร ระดับจังหวัด,หญิง,สำนักงานสถิติจังหวัดหนองบัวลำภู,ประถมศึกษา,หนองบัวลำภู,ไตรมาสที่ 3,ระดับการศึกษาที่สำเร็จ,คน
13982.0,560,2565,การสำรวจภาวะการทำงานของประชากร ระดับจังหวัด,หญิง,สำนักงานสถิติจังหวัดหนองบัวลำภู,มัธยมศึกษาตอนต้น,หนองบัวลำภู,ไตรมาสที่ 3,ระดับการศึกษาที่สำเร็จ,คน
15525.0,561,2565,การสำรวจภาวะการทำงานของประชากร ระดับจังหวัด,หญิง,สำนักงานสถิติจังหวัดหนองบัวลำภู,มัธยมศึกษาตอนปลาย,หนองบัวลำภู,ไตรมาสที่ 3,ระดับการศึกษาที่สำเร็จ,คน
13393.0,562,2565,การสำรวจภาวะการทำงานของประชากร ระดับจังหวัด,หญิง,สำนักงานสถิติจังหวัดหนองบัวลำภู,สายสามัญ,หนองบัวลำภู,ไตรมาสที่ 3,ระดับการศึกษาที่สำเร็จ,คน
2132.0,563,2565,การสำรวจภาวะการทำงานของประชากร ระดับจังหวัด,หญิง,สำนักงานสถิติจังหวัดหนองบัวลำภู,สายอาชีวศึกษา,หนองบัวลำภู,ไตรมาสที่ 3,ระดับการศึกษาที่สำเร็จ,คน
 -   ,564,2565,การสำรวจภาวะการทำงานของประชากร ระดับจังหวัด,หญิง,สำนักงานสถิติจังหวัดหนองบัวลำภู,สายวิชาการศึกษา,หนองบัวลำภู,ไตรมาสที่ 3,ระดับการศึกษาที่สำเร็จ,คน
19230.0,565,2565,การสำรวจภาวะการทำงานของประชากร ระดับจังหวัด,หญิง,สำนักงานสถิติจังหวัดหนองบัวลำภู,อุดมศึกษา,หนองบัวลำภู,ไตรมาสที่ 3,ระดับการศึกษาที่สำเร็จ,คน
10096.0,566,2565,การสำรวจภาวะการทำงานของประชากร ระดับจังหวัด,หญิง,สำนักงานสถิติจังหวัดหนองบัวลำภู,สายวิชาการ,หนองบัวลำภู,ไตรมาสที่ 3,ระดับการศึกษาที่สำเร็จ,คน
3299.0,567,2565,การสำรวจภาวะการทำงานของประชากร ระดับจังหวัด,หญิง,สำนักงานสถิติจังหวัดหนองบัวลำภู,สายวิชาชีพ,หนองบัวลำภู,ไตรมาสที่ 3,ระดับการศึกษาที่สำเร็จ,คน
5836.0,568,2565,การสำรวจภาวะการทำงานของประชากร ระดับจังหวัด,หญิง,สำนักงานสถิติจังหวัดหนองบัวลำภู,สายวิชาการศึกษา,หนองบัวลำภู,ไตรมาสที่ 3,ระดับการศึกษาที่สำเร็จ,คน
 -   ,569,2565,การสำรวจภาวะการทำงานของประชากร ระดับจังหวัด,หญิง,สำนักงานสถิติจังหวัดหนองบัวลำภู,อื่น ๆ,หนองบัวลำภู,ไตรมาสที่ 3,ระดับการศึกษาที่สำเร็จ,คน
269.0,570,2565,การสำรวจภาวะการทำงานของประชากร ระดับจังหวัด,หญิง,สำนักงานสถิติจังหวัดหนองบัวลำภู,ไม่ทราบ,หนองบัวลำภู,ไตรมาสที่ 3,ระดับการศึกษาที่สำเร็จ,คน
132412.0,571,2565,การสำรวจภาวะการทำงานของประชากร ระดับจังหวัด,ชาย,สำนักงานสถิติจังหวัดหนองบัวลำภู,รวมยอด,หนองบัวลำภู,ไตรมาสที่ 4,ระดับการศึกษาที่สำเร็จ,คน
819.0,572,2565,การสำรวจภาวะการทำงานของประชากร ระดับจังหวัด,ชาย,สำนักงานสถิติจังหวัดหนองบัวลำภู,ไม่มีการศึกษา,หนองบัวลำภู,ไตรมาสที่ 4,ระดับการศึกษาที่สำเร็จ,คน
26434.0,573,2565,การสำรวจภาวะการทำงานของประชากร ระดับจังหวัด,ชาย,สำนักงานสถิติจังหวัดหนองบัวลำภู,ต่ำกว่าประถมศึกษา,หนองบัวลำภู,ไตรมาสที่ 4,ระดับการศึกษาที่สำเร็จ,คน
44372.0,574,2565,การสำรวจภาวะการทำงานของประชากร ระดับจังหวัด,ชาย,สำนักงานสถิติจังหวัดหนองบัวลำภู,ประถมศึกษา,หนองบัวลำภู,ไตรมาสที่ 4,ระดับการศึกษาที่สำเร็จ,คน
23388.0,575,2565,การสำรวจภาวะการทำงานของประชากร ระดับจังหวัด,ชาย,สำนักงานสถิติจังหวัดหนองบัวลำภู,มัธยมศึกษาตอนต้น,หนองบัวลำภู,ไตรมาสที่ 4,ระดับการศึกษาที่สำเร็จ,คน
23344.0,576,2565,การสำรวจภาวะการทำงานของประชากร ระดับจังหวัด,ชาย,สำนักงานสถิติจังหวัดหนองบัวลำภู,มัธยมศึกษาตอนปลาย,หนองบัวลำภู,ไตรมาสที่ 4,ระดับการศึกษาที่สำเร็จ,คน
17663.0,577,2565,การสำรวจภาวะการทำงานของประชากร ระดับจังหวัด,ชาย,สำนักงานสถิติจังหวัดหนองบัวลำภู,สายสามัญ,หนองบัวลำภู,ไตรมาสที่ 4,ระดับการศึกษาที่สำเร็จ,คน
5681.0,578,2565,การสำรวจภาวะการทำงานของประชากร ระดับจังหวัด,ชาย,สำนักงานสถิติจังหวัดหนองบัวลำภู,สายอาชีวศึกษา,หนองบัวลำภู,ไตรมาสที่ 4,ระดับการศึกษาที่สำเร็จ,คน
 -   ,579,2565,การสำรวจภาวะการทำงานของประชากร ระดับจังหวัด,ชาย,สำนักงานสถิติจังหวัดหนองบัวลำภู,สายวิชาการศึกษา,หนองบัวลำภู,ไตรมาสที่ 4,ระดับการศึกษาที่สำเร็จ,คน
14054.0,580,2565,การสำรวจภาวะการทำงานของประชากร ระดับจังหวัด,ชาย,สำนักงานสถิติจังหวัดหนองบัวลำภู,อุดมศึกษา,หนองบัวลำภู,ไตรมาสที่ 4,ระดับการศึกษาที่สำเร็จ,คน
7599.0,581,2565,การสำรวจภาวะการทำงานของประชากร ระดับจังหวัด,ชาย,สำนักงานสถิติจังหวัดหนองบัวลำภู,สายวิชาการ,หนองบัวลำภู,ไตรมาสที่ 4,ระดับการศึกษาที่สำเร็จ,คน
5385.0,582,2565,การสำรวจภาวะการทำงานของประชากร ระดับจังหวัด,ชาย,สำนักงานสถิติจังหวัดหนองบัวลำภู,สายวิชาชีพ,หนองบัวลำภู,ไตรมาสที่ 4,ระดับการศึกษาที่สำเร็จ,คน
1069.0,583,2565,การสำรวจภาวะการทำงานของประชากร ระดับจังหวัด,ชาย,สำนักงานสถิติจังหวัดหนองบัวลำภู,สายวิชาการศึกษา,หนองบัวลำภู,ไตรมาสที่ 4,ระดับการศึกษาที่สำเร็จ,คน
 -   ,584,2565,การสำรวจภาวะการทำงานของประชากร ระดับจังหวัด,ชาย,สำนักงานสถิติจังหวัดหนองบัวลำภู,อื่น ๆ,หนองบัวลำภู,ไตรมาสที่ 4,ระดับการศึกษาที่สำเร็จ,คน
 -   ,585,2565,การสำรวจภาวะการทำงานของประชากร ระดับจังหวัด,ชาย,สำนักงานสถิติจังหวัดหนองบัวลำภู,ไม่ทราบ,หนองบัวลำภู,ไตรมาสที่ 4,ระดับการศึกษาที่สำเร็จ,คน
109114.0,586,2565,การสำรวจภาวะการทำงานของประชากร ระดับจังหวัด,หญิง,สำนักงานสถิติจังหวัดหนองบัวลำภู,รวมยอด,หนองบัวลำภู,ไตรมาสที่ 4,ระดับการศึกษาที่สำเร็จ,คน
1189.0,587,2565,การสำรวจภาวะการทำงานของประชากร ระดับจังหวัด,หญิง,สำนักงานสถิติจังหวัดหนองบัวลำภู,ไม่มีการศึกษา,หนองบัวลำภู,ไตรมาสที่ 4,ระดับการศึกษาที่สำเร็จ,คน
22718.0,588,2565,การสำรวจภาวะการทำงานของประชากร ระดับจังหวัด,หญิง,สำนักงานสถิติจังหวัดหนองบัวลำภู,ต่ำกว่าประถมศึกษา,หนองบัวลำภู,ไตรมาสที่ 4,ระดับการศึกษาที่สำเร็จ,คน
36157.0,589,2565,การสำรวจภาวะการทำงานของประชากร ระดับจังหวัด,หญิง,สำนักงานสถิติจังหวัดหนองบัวลำภู,ประถมศึกษา,หนองบัวลำภู,ไตรมาสที่ 4,ระดับการศึกษาที่สำเร็จ,คน
12630.0,590,2565,การสำรวจภาวะการทำงานของประชากร ระดับจังหวัด,หญิง,สำนักงานสถิติจังหวัดหนองบัวลำภู,มัธยมศึกษาตอนต้น,หนองบัวลำภู,ไตรมาสที่ 4,ระดับการศึกษาที่สำเร็จ,คน
15357.0,591,2565,การสำรวจภาวะการทำงานของประชากร ระดับจังหวัด,หญิง,สำนักงานสถิติจังหวัดหนองบัวลำภู,มัธยมศึกษาตอนปลาย,หนองบัวลำภู,ไตรมาสที่ 4,ระดับการศึกษาที่สำเร็จ,คน
12955.0,592,2565,การสำรวจภาวะการทำงานของประชากร ระดับจังหวัด,หญิง,สำนักงานสถิติจังหวัดหนองบัวลำภู,สายสามัญ,หนองบัวลำภู,ไตรมาสที่ 4,ระดับการศึกษาที่สำเร็จ,คน
2401.0,593,2565,การสำรวจภาวะการทำงานของประชากร ระดับจังหวัด,หญิง,สำนักงานสถิติจังหวัดหนองบัวลำภู,สายอาชีวศึกษา,หนองบัวลำภู,ไตรมาสที่ 4,ระดับการศึกษาที่สำเร็จ,คน
 -   ,594,2565,การสำรวจภาวะการทำงานของประชากร ระดับจังหวัด,หญิง,สำนักงานสถิติจังหวัดหนองบัวลำภู,สายวิชาการศึกษา,หนองบัวลำภู,ไตรมาสที่ 4,ระดับการศึกษาที่สำเร็จ,คน
20885.0,595,2565,การสำรวจภาวะการทำงานของประชากร ระดับจังหวัด,หญิง,สำนักงานสถิติจังหวัดหนองบัวลำภู,อุดมศึกษา,หนองบัวลำภู,ไตรมาสที่ 4,ระดับการศึกษาที่สำเร็จ,คน
12100.0,596,2565,การสำรวจภาวะการทำงานของประชากร ระดับจังหวัด,หญิง,สำนักงานสถิติจังหวัดหนองบัวลำภู,สายวิชาการ,หนองบัวลำภู,ไตรมาสที่ 4,ระดับการศึกษาที่สำเร็จ,คน
3755.0,597,2565,การสำรวจภาวะการทำงานของประชากร ระดับจังหวัด,หญิง,สำนักงานสถิติจังหวัดหนองบัวลำภู,สายวิชาชีพ,หนองบัวลำภู,ไตรมาสที่ 4,ระดับการศึกษาที่สำเร็จ,คน
5031.0,598,2565,การสำรวจภาวะการทำงานของประชากร ระดับจังหวัด,หญิง,สำนักงานสถิติจังหวัดหนองบัวลำภู,สายวิชาการศึกษา,หนองบัวลำภู,ไตรมาสที่ 4,ระดับการศึกษาที่สำเร็จ,คน
 -   ,599,2565,การสำรวจภาวะการทำงานของประชากร ระดับจังหวัด,หญิง,สำนักงานสถิติจังหวัดหนองบัวลำภู,อื่น ๆ,หนองบัวลำภู,ไตรมาสที่ 4,ระดับการศึกษาที่สำเร็จ,คน
179.0,600,2565,การสำรวจภาวะการทำงานของประชากร ระดับจังหวัด,หญิง,สำนักงานสถิติจังหวัดหนองบัวลำภู,ไม่ทราบ,หนองบัวลำภู,ไตรมาสที่ 4,ระดับการศึกษาที่สำเร็จ,คน
133540.0,601,2566,การสำรวจภาวะการทำงานของประชากร ระดับจังหวัด,ชาย,สำนักงานสถิติจังหวัดหนองบัวลำภู,รวมยอด,หนองบัวลำภู,ไตรมาสที่ 1,ระดับการศึกษาที่สำเร็จ,คน
394.0,602,2566,การสำรวจภาวะการทำงานของประชากร ระดับจังหวัด,ชาย,สำนักงานสถิติจังหวัดหนองบัวลำภู,ไม่มีการศึกษา,หนองบัวลำภู,ไตรมาสที่ 1,ระดับการศึกษาที่สำเร็จ,คน
30096.0,603,2566,การสำรวจภาวะการทำงานของประชากร ระดับจังหวัด,ชาย,สำนักงานสถิติจังหวัดหนองบัวลำภู,ต่ำกว่าประถมศึกษา,หนองบัวลำภู,ไตรมาสที่ 1,ระดับการศึกษาที่สำเร็จ,คน
41269.0,604,2566,การสำรวจภาวะการทำงานของประชากร ระดับจังหวัด,ชาย,สำนักงานสถิติจังหวัดหนองบัวลำภู,ประถมศึกษา,หนองบัวลำภู,ไตรมาสที่ 1,ระดับการศึกษาที่สำเร็จ,คน
21745.0,605,2566,การสำรวจภาวะการทำงานของประชากร ระดับจังหวัด,ชาย,สำนักงานสถิติจังหวัดหนองบัวลำภู,มัธยมศึกษาตอนต้น,หนองบัวลำภู,ไตรมาสที่ 1,ระดับการศึกษาที่สำเร็จ,คน
21422.0,606,2566,การสำรวจภาวะการทำงานของประชากร ระดับจังหวัด,ชาย,สำนักงานสถิติจังหวัดหนองบัวลำภู,มัธยมศึกษาตอนปลาย,หนองบัวลำภู,ไตรมาสที่ 1,ระดับการศึกษาที่สำเร็จ,คน
17310.0,607,2566,การสำรวจภาวะการทำงานของประชากร ระดับจังหวัด,ชาย,สำนักงานสถิติจังหวัดหนองบัวลำภู,สายสามัญ,หนองบัวลำภู,ไตรมาสที่ 1,ระดับการศึกษาที่สำเร็จ,คน
4111.0,608,2566,การสำรวจภาวะการทำงานของประชากร ระดับจังหวัด,ชาย,สำนักงานสถิติจังหวัดหนองบัวลำภู,สายอาชีวศึกษา,หนองบัวลำภู,ไตรมาสที่ 1,ระดับการศึกษาที่สำเร็จ,คน
 -   ,609,2566,การสำรวจภาวะการทำงานของประชากร ระดับจังหวัด,ชาย,สำนักงานสถิติจังหวัดหนองบัวลำภู,สายวิชาการศึกษา,หนองบัวลำภู,ไตรมาสที่ 1,ระดับการศึกษาที่สำเร็จ,คน
18614.0,610,2566,การสำรวจภาวะการทำงานของประชากร ระดับจังหวัด,ชาย,สำนักงานสถิติจังหวัดหนองบัวลำภู,อุดมศึกษา,หนองบัวลำภู,ไตรมาสที่ 1,ระดับการศึกษาที่สำเร็จ,คน
8140.0,611,2566,การสำรวจภาวะการทำงานของประชากร ระดับจังหวัด,ชาย,สำนักงานสถิติจังหวัดหนองบัวลำภู,สายวิชาการ,หนองบัวลำภู,ไตรมาสที่ 1,ระดับการศึกษาที่สำเร็จ,คน
7572.0,612,2566,การสำรวจภาวะการทำงานของประชากร ระดับจังหวัด,ชาย,สำนักงานสถิติจังหวัดหนองบัวลำภู,สายวิชาชีพ,หนองบัวลำภู,ไตรมาสที่ 1,ระดับการศึกษาที่สำเร็จ,คน
2903.0,613,2566,การสำรวจภาวะการทำงานของประชากร ระดับจังหวัด,ชาย,สำนักงานสถิติจังหวัดหนองบัวลำภู,สายวิชาการศึกษา,หนองบัวลำภู,ไตรมาสที่ 1,ระดับการศึกษาที่สำเร็จ,คน
 -   ,614,2566,การสำรวจภาวะการทำงานของประชากร ระดับจังหวัด,ชาย,สำนักงานสถิติจังหวัดหนองบัวลำภู,อื่น ๆ,หนองบัวลำภู,ไตรมาสที่ 1,ระดับการศึกษาที่สำเร็จ,คน
 -   ,615,2566,การสำรวจภาวะการทำงานของประชากร ระดับจังหวัด,ชาย,สำนักงานสถิติจังหวัดหนองบัวลำภู,ไม่ทราบ,หนองบัวลำภู,ไตรมาสที่ 1,ระดับการศึกษาที่สำเร็จ,คน
112065.0,616,2566,การสำรวจภาวะการทำงานของประชากร ระดับจังหวัด,หญิง,สำนักงานสถิติจังหวัดหนองบัวลำภู,รวมยอด,หนองบัวลำภู,ไตรมาสที่ 1,ระดับการศึกษาที่สำเร็จ,คน
1013.0,617,2566,การสำรวจภาวะการทำงานของประชากร ระดับจังหวัด,หญิง,สำนักงานสถิติจังหวัดหนองบัวลำภู,ไม่มีการศึกษา,หนองบัวลำภู,ไตรมาสที่ 1,ระดับการศึกษาที่สำเร็จ,คน
27372.0,618,2566,การสำรวจภาวะการทำงานของประชากร ระดับจังหวัด,หญิง,สำนักงานสถิติจังหวัดหนองบัวลำภู,ต่ำกว่าประถมศึกษา,หนองบัวลำภู,ไตรมาสที่ 1,ระดับการศึกษาที่สำเร็จ,คน
29541.0,619,2566,การสำรวจภาวะการทำงานของประชากร ระดับจังหวัด,หญิง,สำนักงานสถิติจังหวัดหนองบัวลำภู,ประถมศึกษา,หนองบัวลำภู,ไตรมาสที่ 1,ระดับการศึกษาที่สำเร็จ,คน
13918.0,620,2566,การสำรวจภาวะการทำงานของประชากร ระดับจังหวัด,หญิง,สำนักงานสถิติจังหวัดหนองบัวลำภู,มัธยมศึกษาตอนต้น,หนองบัวลำภู,ไตรมาสที่ 1,ระดับการศึกษาที่สำเร็จ,คน
19291.0,621,2566,การสำรวจภาวะการทำงานของประชากร ระดับจังหวัด,หญิง,สำนักงานสถิติจังหวัดหนองบัวลำภู,มัธยมศึกษาตอนปลาย,หนองบัวลำภู,ไตรมาสที่ 1,ระดับการศึกษาที่สำเร็จ,คน
15320.0,622,2566,การสำรวจภาวะการทำงานของประชากร ระดับจังหวัด,หญิง,สำนักงานสถิติจังหวัดหนองบัวลำภู,สายสามัญ,หนองบัวลำภู,ไตรมาสที่ 1,ระดับการศึกษาที่สำเร็จ,คน
3971.0,623,2566,การสำรวจภาวะการทำงานของประชากร ระดับจังหวัด,หญิง,สำนักงานสถิติจังหวัดหนองบัวลำภู,สายอาชีวศึกษา,หนองบัวลำภู,ไตรมาสที่ 1,ระดับการศึกษาที่สำเร็จ,คน
 -   ,624,2566,การสำรวจภาวะการทำงานของประชากร ระดับจังหวัด,หญิง,สำนักงานสถิติจังหวัดหนองบัวลำภู,สายวิชาการศึกษา,หนองบัวลำภู,ไตรมาสที่ 1,ระดับการศึกษาที่สำเร็จ,คน
20719.0,625,2566,การสำรวจภาวะการทำงานของประชากร ระดับจังหวัด,หญิง,สำนักงานสถิติจังหวัดหนองบัวลำภู,อุดมศึกษา,หนองบัวลำภู,ไตรมาสที่ 1,ระดับการศึกษาที่สำเร็จ,คน
11226.0,626,2566,การสำรวจภาวะการทำงานของประชากร ระดับจังหวัด,หญิง,สำนักงานสถิติจังหวัดหนองบัวลำภู,สายวิชาการ,หนองบัวลำภู,ไตรมาสที่ 1,ระดับการศึกษาที่สำเร็จ,คน
3927.0,627,2566,การสำรวจภาวะการทำงานของประชากร ระดับจังหวัด,หญิง,สำนักงานสถิติจังหวัดหนองบัวลำภู,สายวิชาชีพ,หนองบัวลำภู,ไตรมาสที่ 1,ระดับการศึกษาที่สำเร็จ,คน
5566.0,628,2566,การสำรวจภาวะการทำงานของประชากร ระดับจังหวัด,หญิง,สำนักงานสถิติจังหวัดหนองบัวลำภู,สายวิชาการศึกษา,หนองบัวลำภู,ไตรมาสที่ 1,ระดับการศึกษาที่สำเร็จ,คน
 -   ,629,2566,การสำรวจภาวะการทำงานของประชากร ระดับจังหวัด,หญิง,สำนักงานสถิติจังหวัดหนองบัวลำภู,อื่น ๆ,หนองบัวลำภู,ไตรมาสที่ 1,ระดับการศึกษาที่สำเร็จ,คน
209.0,630,2566,การสำรวจภาวะการทำงานของประชากร ระดับจังหวัด,หญิง,สำนักงานสถิติจังหวัดหนองบัวลำภู,ไม่ทราบ,หนองบัวลำภู,ไตรมาสที่ 1,ระดับการศึกษาที่สำเร็จ,คน
140473.0,631,2566,การสำรวจภาวะการทำงานของประชากร ระดับจังหวัด,ชาย,สำนักงานสถิติจังหวัดหนองบัวลำภู,รวมยอด,หนองบัวลำภู,ไตรมาสที่ 2,ระดับการศึกษาที่สำเร็จ,คน
574.0,632,2566,การสำรวจภาวะการทำงานของประชากร ระดับจังหวัด,ชาย,สำนักงานสถิติจังหวัดหนองบัวลำภู,ไม่มีการศึกษา,หนองบัวลำภู,ไตรมาสที่ 2,ระดับการศึกษาที่สำเร็จ,คน
26747.0,633,2566,การสำรวจภาวะการทำงานของประชากร ระดับจังหวัด,ชาย,สำนักงานสถิติจังหวัดหนองบัวลำภู,ต่ำกว่าประถมศึกษา,หนองบัวลำภู,ไตรมาสที่ 2,ระดับการศึกษาที่สำเร็จ,คน
44889.0,634,2566,การสำรวจภาวะการทำงานของประชากร ระดับจังหวัด,ชาย,สำนักงานสถิติจังหวัดหนองบัวลำภู,ประถมศึกษา,หนองบัวลำภู,ไตรมาสที่ 2,ระดับการศึกษาที่สำเร็จ,คน
28966.0,635,2566,การสำรวจภาวะการทำงานของประชากร ระดับจังหวัด,ชาย,สำนักงานสถิติจังหวัดหนองบัวลำภู,มัธยมศึกษาตอนต้น,หนองบัวลำภู,ไตรมาสที่ 2,ระดับการศึกษาที่สำเร็จ,คน
22908.0,636,2566,การสำรวจภาวะการทำงานของประชากร ระดับจังหวัด,ชาย,สำนักงานสถิติจังหวัดหนองบัวลำภู,มัธยมศึกษาตอนปลาย,หนองบัวลำภู,ไตรมาสที่ 2,ระดับการศึกษาที่สำเร็จ,คน
18323.0,637,2566,การสำรวจภาวะการทำงานของประชากร ระดับจังหวัด,ชาย,สำนักงานสถิติจังหวัดหนองบัวลำภู,สายสามัญ,หนองบัวลำภู,ไตรมาสที่ 2,ระดับการศึกษาที่สำเร็จ,คน
4352.0,638,2566,การสำรวจภาวะการทำงานของประชากร ระดับจังหวัด,ชาย,สำนักงานสถิติจังหวัดหนองบัวลำภู,สายอาชีวศึกษา,หนองบัวลำภู,ไตรมาสที่ 2,ระดับการศึกษาที่สำเร็จ,คน
232.0,639,2566,การสำรวจภาวะการทำงานของประชากร ระดับจังหวัด,ชาย,สำนักงานสถิติจังหวัดหนองบัวลำภู,สายวิชาการศึกษา,หนองบัวลำภู,ไตรมาสที่ 2,ระดับการศึกษาที่สำเร็จ,คน
16390.0,640,2566,การสำรวจภาวะการทำงานของประชากร ระดับจังหวัด,ชาย,สำนักงานสถิติจังหวัดหนองบัวลำภู,อุดมศึกษา,หนองบัวลำภู,ไตรมาสที่ 2,ระดับการศึกษาที่สำเร็จ,คน
8134.0,641,2566,การสำรวจภาวะการทำงานของประชากร ระดับจังหวัด,ชาย,สำนักงานสถิติจังหวัดหนองบัวลำภู,สายวิชาการ,หนองบัวลำภู,ไตรมาสที่ 2,ระดับการศึกษาที่สำเร็จ,คน
7446.0,642,2566,การสำรวจภาวะการทำงานของประชากร ระดับจังหวัด,ชาย,สำนักงานสถิติจังหวัดหนองบัวลำภู,สายวิชาชีพ,หนองบัวลำภู,ไตรมาสที่ 2,ระดับการศึกษาที่สำเร็จ,คน
809.0,643,2566,การสำรวจภาวะการทำงานของประชากร ระดับจังหวัด,ชาย,สำนักงานสถิติจังหวัดหนองบัวลำภู,สายวิชาการศึกษา,หนองบัวลำภู,ไตรมาสที่ 2,ระดับการศึกษาที่สำเร็จ,คน
 -   ,644,2566,การสำรวจภาวะการทำงานของประชากร ระดับจังหวัด,ชาย,สำนักงานสถิติจังหวัดหนองบัวลำภู,อื่น ๆ,หนองบัวลำภู,ไตรมาสที่ 2,ระดับการศึกษาที่สำเร็จ,คน
 -   ,645,2566,การสำรวจภาวะการทำงานของประชากร ระดับจังหวัด,ชาย,สำนักงานสถิติจังหวัดหนองบัวลำภู,ไม่ทราบ,หนองบัวลำภู,ไตรมาสที่ 2,ระดับการศึกษาที่สำเร็จ,คน
122061.0,646,2566,การสำรวจภาวะการทำงานของประชากร ระดับจังหวัด,หญิง,สำนักงานสถิติจังหวัดหนองบัวลำภู,รวมยอด,หนองบัวลำภู,ไตรมาสที่ 2,ระดับการศึกษาที่สำเร็จ,คน
1240.0,647,2566,การสำรวจภาวะการทำงานของประชากร ระดับจังหวัด,หญิง,สำนักงานสถิติจังหวัดหนองบัวลำภู,ไม่มีการศึกษา,หนองบัวลำภู,ไตรมาสที่ 2,ระดับการศึกษาที่สำเร็จ,คน
27477.0,648,2566,การสำรวจภาวะการทำงานของประชากร ระดับจังหวัด,หญิง,สำนักงานสถิติจังหวัดหนองบัวลำภู,ต่ำกว่าประถมศึกษา,หนองบัวลำภู,ไตรมาสที่ 2,ระดับการศึกษาที่สำเร็จ,คน
37998.0,649,2566,การสำรวจภาวะการทำงานของประชากร ระดับจังหวัด,หญิง,สำนักงานสถิติจังหวัดหนองบัวลำภู,ประถมศึกษา,หนองบัวลำภู,ไตรมาสที่ 2,ระดับการศึกษาที่สำเร็จ,คน
13019.0,650,2566,การสำรวจภาวะการทำงานของประชากร ระดับจังหวัด,หญิง,สำนักงานสถิติจังหวัดหนองบัวลำภู,มัธยมศึกษาตอนต้น,หนองบัวลำภู,ไตรมาสที่ 2,ระดับการศึกษาที่สำเร็จ,คน
20595.0,651,2566,การสำรวจภาวะการทำงานของประชากร ระดับจังหวัด,หญิง,สำนักงานสถิติจังหวัดหนองบัวลำภู,มัธยมศึกษาตอนปลาย,หนองบัวลำภู,ไตรมาสที่ 2,ระดับการศึกษาที่สำเร็จ,คน
18847.0,652,2566,การสำรวจภาวะการทำงานของประชากร ระดับจังหวัด,หญิง,สำนักงานสถิติจังหวัดหนองบัวลำภู,สายสามัญ,หนองบัวลำภู,ไตรมาสที่ 2,ระดับการศึกษาที่สำเร็จ,คน
1748.0,653,2566,การสำรวจภาวะการทำงานของประชากร ระดับจังหวัด,หญิง,สำนักงานสถิติจังหวัดหนองบัวลำภู,สายอาชีวศึกษา,หนองบัวลำภู,ไตรมาสที่ 2,ระดับการศึกษาที่สำเร็จ,คน
 -   ,654,2566,การสำรวจภาวะการทำงานของประชากร ระดับจังหวัด,หญิง,สำนักงานสถิติจังหวัดหนองบัวลำภู,สายวิชาการศึกษา,หนองบัวลำภู,ไตรมาสที่ 2,ระดับการศึกษาที่สำเร็จ,คน
21732.0,655,2566,การสำรวจภาวะการทำงานของประชากร ระดับจังหวัด,หญิง,สำนักงานสถิติจังหวัดหนองบัวลำภู,อุดมศึกษา,หนองบัวลำภู,ไตรมาสที่ 2,ระดับการศึกษาที่สำเร็จ,คน
10046.0,656,2566,การสำรวจภาวะการทำงานของประชากร ระดับจังหวัด,หญิง,สำนักงานสถิติจังหวัดหนองบัวลำภู,สายวิชาการ,หนองบัวลำภู,ไตรมาสที่ 2,ระดับการศึกษาที่สำเร็จ,คน
7066.0,657,2566,การสำรวจภาวะการทำงานของประชากร ระดับจังหวัด,หญิง,สำนักงานสถิติจังหวัดหนองบัวลำภู,สายวิชาชีพ,หนองบัวลำภู,ไตรมาสที่ 2,ระดับการศึกษาที่สำเร็จ,คน
4620.0,658,2566,การสำรวจภาวะการทำงานของประชากร ระดับจังหวัด,หญิง,สำนักงานสถิติจังหวัดหนองบัวลำภู,สายวิชาการศึกษา,หนองบัวลำภู,ไตรมาสที่ 2,ระดับการศึกษาที่สำเร็จ,คน
 -   ,659,2566,การสำรวจภาวะการทำงานของประชากร ระดับจังหวัด,หญิง,สำนักงานสถิติจังหวัดหนองบัวลำภู,อื่น ๆ,หนองบัวลำภู,ไตรมาสที่ 2,ระดับการศึกษาที่สำเร็จ,คน
 -   ,660,2566,การสำรวจภาวะการทำงานของประชากร ระดับจังหวัด,หญิง,สำนักงานสถิติจังหวัดหนองบัวลำภู,ไม่ทราบ,หนองบัวลำภู,ไตรมาสที่ 2,ระดับการศึกษาที่สำเร็จ,คน
140055.0,661,2566,การสำรวจภาวะการทำงานของประชากร ระดับจังหวัด,ชาย,สำนักงานสถิติจังหวัดหนองบัวลำภู,รวมยอด,หนองบัวลำภู,ไตรมาสที่ 3,ระดับการศึกษาที่สำเร็จ,คน
460.0,662,2566,การสำรวจภาวะการทำงานของประชากร ระดับจังหวัด,ชาย,สำนักงานสถิติจังหวัดหนองบัวลำภู,ไม่มีการศึกษา,หนองบัวลำภู,ไตรมาสที่ 3,ระดับการศึกษาที่สำเร็จ,คน
28196.0,663,2566,การสำรวจภาวะการทำงานของประชากร ระดับจังหวัด,ชาย,สำนักงานสถิติจังหวัดหนองบัวลำภู,ต่ำกว่าประถมศึกษา,หนองบัวลำภู,ไตรมาสที่ 3,ระดับการศึกษาที่สำเร็จ,คน
51561.0,664,2566,การสำรวจภาวะการทำงานของประชากร ระดับจังหวัด,ชาย,สำนักงานสถิติจังหวัดหนองบัวลำภู,ประถมศึกษา,หนองบัวลำภู,ไตรมาสที่ 3,ระดับการศึกษาที่สำเร็จ,คน
21660.0,665,2566,การสำรวจภาวะการทำงานของประชากร ระดับจังหวัด,ชาย,สำนักงานสถิติจังหวัดหนองบัวลำภู,มัธยมศึกษาตอนต้น,หนองบัวลำภู,ไตรมาสที่ 3,ระดับการศึกษาที่สำเร็จ,คน
22606.0,666,2566,การสำรวจภาวะการทำงานของประชากร ระดับจังหวัด,ชาย,สำนักงานสถิติจังหวัดหนองบัวลำภู,มัธยมศึกษาตอนปลาย,หนองบัวลำภู,ไตรมาสที่ 3,ระดับการศึกษาที่สำเร็จ,คน
18261.0,667,2566,การสำรวจภาวะการทำงานของประชากร ระดับจังหวัด,ชาย,สำนักงานสถิติจังหวัดหนองบัวลำภู,สายสามัญ,หนองบัวลำภู,ไตรมาสที่ 3,ระดับการศึกษาที่สำเร็จ,คน
4345.0,668,2566,การสำรวจภาวะการทำงานของประชากร ระดับจังหวัด,ชาย,สำนักงานสถิติจังหวัดหนองบัวลำภู,สายอาชีวศึกษา,หนองบัวลำภู,ไตรมาสที่ 3,ระดับการศึกษาที่สำเร็จ,คน
 -   ,669,2566,การสำรวจภาวะการทำงานของประชากร ระดับจังหวัด,ชาย,สำนักงานสถิติจังหวัดหนองบัวลำภู,สายวิชาการศึกษา,หนองบัวลำภู,ไตรมาสที่ 3,ระดับการศึกษาที่สำเร็จ,คน
15478.0,670,2566,การสำรวจภาวะการทำงานของประชากร ระดับจังหวัด,ชาย,สำนักงานสถิติจังหวัดหนองบัวลำภู,อุดมศึกษา,หนองบัวลำภู,ไตรมาสที่ 3,ระดับการศึกษาที่สำเร็จ,คน
8390.0,671,2566,การสำรวจภาวะการทำงานของประชากร ระดับจังหวัด,ชาย,สำนักงานสถิติจังหวัดหนองบัวลำภู,สายวิชาการ,หนองบัวลำภู,ไตรมาสที่ 3,ระดับการศึกษาที่สำเร็จ,คน
5575.0,672,2566,การสำรวจภาวะการทำงานของประชากร ระดับจังหวัด,ชาย,สำนักงานสถิติจังหวัดหนองบัวลำภู,สายวิชาชีพ,หนองบัวลำภู,ไตรมาสที่ 3,ระดับการศึกษาที่สำเร็จ,คน
1514.0,673,2566,การสำรวจภาวะการทำงานของประชากร ระดับจังหวัด,ชาย,สำนักงานสถิติจังหวัดหนองบัวลำภู,สายวิชาการศึกษา,หนองบัวลำภู,ไตรมาสที่ 3,ระดับการศึกษาที่สำเร็จ,คน
 -   ,674,2566,การสำรวจภาวะการทำงานของประชากร ระดับจังหวัด,ชาย,สำนักงานสถิติจังหวัดหนองบัวลำภู,อื่น ๆ,หนองบัวลำภู,ไตรมาสที่ 3,ระดับการศึกษาที่สำเร็จ,คน
94.0,675,2566,การสำรวจภาวะการทำงานของประชากร ระดับจังหวัด,ชาย,สำนักงานสถิติจังหวัดหนองบัวลำภู,ไม่ทราบ,หนองบัวลำภู,ไตรมาสที่ 3,ระดับการศึกษาที่สำเร็จ,คน
122995.0,676,2566,การสำรวจภาวะการทำงานของประชากร ระดับจังหวัด,หญิง,สำนักงานสถิติจังหวัดหนองบัวลำภู,รวมยอด,หนองบัวลำภู,ไตรมาสที่ 3,ระดับการศึกษาที่สำเร็จ,คน
1233.0,677,2566,การสำรวจภาวะการทำงานของประชากร ระดับจังหวัด,หญิง,สำนักงานสถิติจังหวัดหนองบัวลำภู,ไม่มีการศึกษา,หนองบัวลำภู,ไตรมาสที่ 3,ระดับการศึกษาที่สำเร็จ,คน
27454.0,678,2566,การสำรวจภาวะการทำงานของประชากร ระดับจังหวัด,หญิง,สำนักงานสถิติจังหวัดหนองบัวลำภู,ต่ำกว่าประถมศึกษา,หนองบัวลำภู,ไตรมาสที่ 3,ระดับการศึกษาที่สำเร็จ,คน
43410.0,679,2566,การสำรวจภาวะการทำงานของประชากร ระดับจังหวัด,หญิง,สำนักงานสถิติจังหวัดหนองบัวลำภู,ประถมศึกษา,หนองบัวลำภู,ไตรมาสที่ 3,ระดับการศึกษาที่สำเร็จ,คน
15892.0,680,2566,การสำรวจภาวะการทำงานของประชากร ระดับจังหวัด,หญิง,สำนักงานสถิติจังหวัดหนองบัวลำภู,มัธยมศึกษาตอนต้น,หนองบัวลำภู,ไตรมาสที่ 3,ระดับการศึกษาที่สำเร็จ,คน
19929.0,681,2566,การสำรวจภาวะการทำงานของประชากร ระดับจังหวัด,หญิง,สำนักงานสถิติจังหวัดหนองบัวลำภู,มัธยมศึกษาตอนปลาย,หนองบัวลำภู,ไตรมาสที่ 3,ระดับการศึกษาที่สำเร็จ,คน
17712.0,682,2566,การสำรวจภาวะการทำงานของประชากร ระดับจังหวัด,หญิง,สำนักงานสถิติจังหวัดหนองบัวลำภู,สายสามัญ,หนองบัวลำภู,ไตรมาสที่ 3,ระดับการศึกษาที่สำเร็จ,คน
2217.0,683,2566,การสำรวจภาวะการทำงานของประชากร ระดับจังหวัด,หญิง,สำนักงานสถิติจังหวัดหนองบัวลำภู,สายอาชีวศึกษา,หนองบัวลำภู,ไตรมาสที่ 3,ระดับการศึกษาที่สำเร็จ,คน
 -   ,684,2566,การสำรวจภาวะการทำงานของประชากร ระดับจังหวัด,หญิง,สำนักงานสถิติจังหวัดหนองบัวลำภู,สายวิชาการศึกษา,หนองบัวลำภู,ไตรมาสที่ 3,ระดับการศึกษาที่สำเร็จ,คน
15077.0,685,2566,การสำรวจภาวะการทำงานของประชากร ระดับจังหวัด,หญิง,สำนักงานสถิติจังหวัดหนองบัวลำภู,อุดมศึกษา,หนองบัวลำภู,ไตรมาสที่ 3,ระดับการศึกษาที่สำเร็จ,คน
7016.0,686,2566,การสำรวจภาวะการทำงานของประชากร ระดับจังหวัด,หญิง,สำนักงานสถิติจังหวัดหนองบัวลำภู,สายวิชาการ,หนองบัวลำภู,ไตรมาสที่ 3,ระดับการศึกษาที่สำเร็จ,คน
4614.0,687,2566,การสำรวจภาวะการทำงานของประชากร ระดับจังหวัด,หญิง,สำนักงานสถิติจังหวัดหนองบัวลำภู,สายวิชาชีพ,หนองบัวลำภู,ไตรมาสที่ 3,ระดับการศึกษาที่สำเร็จ,คน
3447.0,688,2566,การสำรวจภาวะการทำงานของประชากร ระดับจังหวัด,หญิง,สำนักงานสถิติจังหวัดหนองบัวลำภู,สายวิชาการศึกษา,หนองบัวลำภู,ไตรมาสที่ 3,ระดับการศึกษาที่สำเร็จ,คน
 -   ,689,2566,การสำรวจภาวะการทำงานของประชากร ระดับจังหวัด,หญิง,สำนักงานสถิติจังหวัดหนองบัวลำภู,อื่น ๆ,หนองบัวลำภู,ไตรมาสที่ 3,ระดับการศึกษาที่สำเร็จ,คน
 -   ,690,2566,การสำรวจภาวะการทำงานของประชากร ระดับจังหวัด,หญิง,สำนักงานสถิติจังหวัดหนองบัวลำภู,ไม่ทราบ,หนองบัวลำภู,ไตรมาสที่ 3,ระดับการศึกษาที่สำเร็จ,คน
137536.0,691,2566,การสำรวจภาวะการทำงานของประชากร ระดับจังหวัด,ชาย,สำนักงานสถิติจังหวัดหนองบัวลำภู,รวมยอด,หนองบัวลำภู,ไตรมาสที่ 4,ระดับการศึกษาที่สำเร็จ,คน
104.0,692,2566,การสำรวจภาวะการทำงานของประชากร ระดับจังหวัด,ชาย,สำนักงานสถิติจังหวัดหนองบัวลำภู,ไม่มีการศึกษา,หนองบัวลำภู,ไตรมาสที่ 4,ระดับการศึกษาที่สำเร็จ,คน
28920.0,693,2566,การสำรวจภาวะการทำงานของประชากร ระดับจังหวัด,ชาย,สำนักงานสถิติจังหวัดหนองบัวลำภู,ต่ำกว่าประถมศึกษา,หนองบัวลำภู,ไตรมาสที่ 4,ระดับการศึกษาที่สำเร็จ,คน
46915.0,694,2566,การสำรวจภาวะการทำงานของประชากร ระดับจังหวัด,ชาย,สำนักงานสถิติจังหวัดหนองบัวลำภู,ประถมศึกษา,หนองบัวลำภู,ไตรมาสที่ 4,ระดับการศึกษาที่สำเร็จ,คน
23079.0,695,2566,การสำรวจภาวะการทำงานของประชากร ระดับจังหวัด,ชาย,สำนักงานสถิติจังหวัดหนองบัวลำภู,มัธยมศึกษาตอนต้น,หนองบัวลำภู,ไตรมาสที่ 4,ระดับการศึกษาที่สำเร็จ,คน
10037.0,696,2566,การสำรวจภาวะการทำงานของประชากร ระดับจังหวัด,ชาย,สำนักงานสถิติจังหวัดหนองบัวลำภู,มัธยมศึกษาตอนปลาย,หนองบัวลำภู,ไตรมาสที่ 4,ระดับการศึกษาที่สำเร็จ,คน
3179.0,697,2566,การสำรวจภาวะการทำงานของประชากร ระดับจังหวัด,ชาย,สำนักงานสถิติจังหวัดหนองบัวลำภู,สายสามัญ,หนองบัวลำภู,ไตรมาสที่ 4,ระดับการศึกษาที่สำเร็จ,คน
 -   ,698,2566,การสำรวจภาวะการทำงานของประชากร ระดับจังหวัด,ชาย,สำนักงานสถิติจังหวัดหนองบัวลำภู,สายอาชีวศึกษา,หนองบัวลำภู,ไตรมาสที่ 4,ระดับการศึกษาที่สำเร็จ,คน
6857.0,699,2566,การสำรวจภาวะการทำงานของประชากร ระดับจังหวัด,ชาย,สำนักงานสถิติจังหวัดหนองบัวลำภู,สายวิชาการศึกษา,หนองบัวลำภู,ไตรมาสที่ 4,ระดับการศึกษาที่สำเร็จ,คน
2705.0,700,2566,การสำรวจภาวะการทำงานของประชากร ระดับจังหวัด,ชาย,สำนักงานสถิติจังหวัดหนองบัวลำภู,อุดมศึกษา,หนองบัวลำภู,ไตรมาสที่ 4,ระดับการศึกษาที่สำเร็จ,คน
2538.0,701,2566,การสำรวจภาวะการทำงานของประชากร ระดับจังหวัด,ชาย,สำนักงานสถิติจังหวัดหนองบัวลำภู,สายวิชาการ,หนองบัวลำภู,ไตรมาสที่ 4,ระดับการศึกษาที่สำเร็จ,คน
 -   ,702,2566,การสำรวจภาวะการทำงานของประชากร ระดับจังหวัด,ชาย,สำนักงานสถิติจังหวัดหนองบัวลำภู,สายวิชาชีพ,หนองบัวลำภู,ไตรมาสที่ 4,ระดับการศึกษาที่สำเร็จ,คน
167.0,703,2566,การสำรวจภาวะการทำงานของประชากร ระดับจังหวัด,ชาย,สำนักงานสถิติจังหวัดหนองบัวลำภู,สายวิชาการศึกษา,หนองบัวลำภู,ไตรมาสที่ 4,ระดับการศึกษาที่สำเร็จ,คน
 -   ,704,2566,การสำรวจภาวะการทำงานของประชากร ระดับจังหวัด,ชาย,สำนักงานสถิติจังหวัดหนองบัวลำภู,อื่น ๆ,หนองบัวลำภู,ไตรมาสที่ 4,ระดับการศึกษาที่สำเร็จ,คน
 -   ,705,2566,การสำรวจภาวะการทำงานของประชากร ระดับจังหวัด,ชาย,สำนักงานสถิติจังหวัดหนองบัวลำภู,ไม่ทราบ,หนองบัวลำภู,ไตรมาสที่ 4,ระดับการศึกษาที่สำเร็จ,คน
124727.0,706,2566,การสำรวจภาวะการทำงานของประชากร ระดับจังหวัด,หญิง,สำนักงานสถิติจังหวัดหนองบัวลำภู,รวมยอด,หนองบัวลำภู,ไตรมาสที่ 4,ระดับการศึกษาที่สำเร็จ,คน
570.0,707,2566,การสำรวจภาวะการทำงานของประชากร ระดับจังหวัด,หญิง,สำนักงานสถิติจังหวัดหนองบัวลำภู,ไม่มีการศึกษา,หนองบัวลำภู,ไตรมาสที่ 4,ระดับการศึกษาที่สำเร็จ,คน
27198.0,708,2566,การสำรวจภาวะการทำงานของประชากร ระดับจังหวัด,หญิง,สำนักงานสถิติจังหวัดหนองบัวลำภู,ต่ำกว่าประถมศึกษา,หนองบัวลำภู,ไตรมาสที่ 4,ระดับการศึกษาที่สำเร็จ,คน
39347.0,709,2566,การสำรวจภาวะการทำงานของประชากร ระดับจังหวัด,หญิง,สำนักงานสถิติจังหวัดหนองบัวลำภู,ประถมศึกษา,หนองบัวลำภู,ไตรมาสที่ 4,ระดับการศึกษาที่สำเร็จ,คน
19179.0,710,2566,การสำรวจภาวะการทำงานของประชากร ระดับจังหวัด,หญิง,สำนักงานสถิติจังหวัดหนองบัวลำภู,มัธยมศึกษาตอนต้น,หนองบัวลำภู,ไตรมาสที่ 4,ระดับการศึกษาที่สำเร็จ,คน
12895.0,711,2566,การสำรวจภาวะการทำงานของประชากร ระดับจังหวัด,หญิง,สำนักงานสถิติจังหวัดหนองบัวลำภู,มัธยมศึกษาตอนปลาย,หนองบัวลำภู,ไตรมาสที่ 4,ระดับการศึกษาที่สำเร็จ,คน
3289.0,712,2566,การสำรวจภาวะการทำงานของประชากร ระดับจังหวัด,หญิง,สำนักงานสถิติจังหวัดหนองบัวลำภู,สายสามัญ,หนองบัวลำภู,ไตรมาสที่ 4,ระดับการศึกษาที่สำเร็จ,คน
 -   ,713,2566,การสำรวจภาวะการทำงานของประชากร ระดับจังหวัด,หญิง,สำนักงานสถิติจังหวัดหนองบัวลำภู,สายอาชีวศึกษา,หนองบัวลำภู,ไตรมาสที่ 4,ระดับการศึกษาที่สำเร็จ,คน
9606.0,714,2566,การสำรวจภาวะการทำงานของประชากร ระดับจังหวัด,หญิง,สำนักงานสถิติจังหวัดหนองบัวลำภู,สายวิชาการศึกษา,หนองบัวลำภู,ไตรมาสที่ 4,ระดับการศึกษาที่สำเร็จ,คน
4327.0,715,2566,การสำรวจภาวะการทำงานของประชากร ระดับจังหวัด,หญิง,สำนักงานสถิติจังหวัดหนองบัวลำภู,อุดมศึกษา,หนองบัวลำภู,ไตรมาสที่ 4,ระดับการศึกษาที่สำเร็จ,คน
3734.0,716,2566,การสำรวจภาวะการทำงานของประชากร ระดับจังหวัด,หญิง,สำนักงานสถิติจังหวัดหนองบัวลำภู,สายวิชาการ,หนองบัวลำภู,ไตรมาสที่ 4,ระดับการศึกษาที่สำเร็จ,คน
411.0,717,2566,การสำรวจภาวะการทำงานของประชากร ระดับจังหวัด,หญิง,สำนักงานสถิติจังหวัดหนองบัวลำภู,สายวิชาชีพ,หนองบัวลำภู,ไตรมาสที่ 4,ระดับการศึกษาที่สำเร็จ,คน
183.0,718,2566,การสำรวจภาวะการทำงานของประชากร ระดับจังหวัด,หญิง,สำนักงานสถิติจังหวัดหนองบัวลำภู,สายวิชาการศึกษา,หนองบัวลำภู,ไตรมาสที่ 4,ระดับการศึกษาที่สำเร็จ,คน
 -   ,719,2566,การสำรวจภาวะการทำงานของประชากร ระดับจังหวัด,หญิง,สำนักงานสถิติจังหวัดหนองบัวลำภู,อื่น ๆ,หนองบัวลำภู,ไตรมาสที่ 4,ระดับการศึกษาที่สำเร็จ,คน
 -   ,720,2566,การสำรวจภาวะการทำงานของประชากร ระดับจังหวัด,หญิง,สำนักงานสถิติจังหวัดหนองบัวลำภู,ไม่ทราบ,หนองบัวลำภู,ไตรมาสที่ 4,ระดับการศึกษาที่สำเร็จ,คน
121017.0,721,2567,การสำรวจภาวะการทำงานของประชากร ระดับจังหวัด,ชาย,สำนักงานสถิติจังหวัดหนองบัวลำภู,รวมยอด,หนองบัวลำภู,ไตรมาสที่ 1,ระดับการศึกษาที่สำเร็จ,คน
131.0,722,2567,การสำรวจภาวะการทำงานของประชากร ระดับจังหวัด,ชาย,สำนักงานสถิติจังหวัดหนองบัวลำภู,ไม่มีการศึกษา,หนองบัวลำภู,ไตรมาสที่ 1,ระดับการศึกษาที่สำเร็จ,คน
19391.0,723,2567,การสำรวจภาวะการทำงานของประชากร ระดับจังหวัด,ชาย,สำนักงานสถิติจังหวัดหนองบัวลำภู,ต่ำกว่าประถมศึกษา,หนองบัวลำภู,ไตรมาสที่ 1,ระดับการศึกษาที่สำเร็จ,คน
42341.0,724,2567,การสำรวจภาวะการทำงานของประชากร ระดับจังหวัด,ชาย,สำนักงานสถิติจังหวัดหนองบัวลำภู,ประถมศึกษา,หนองบัวลำภู,ไตรมาสที่ 1,ระดับการศึกษาที่สำเร็จ,คน
21199.0,725,2567,การสำรวจภาวะการทำงานของประชากร ระดับจังหวัด,ชาย,สำนักงานสถิติจังหวัดหนองบัวลำภู,มัธยมศึกษาตอนต้น,หนองบัวลำภู,ไตรมาสที่ 1,ระดับการศึกษาที่สำเร็จ,คน
21554.0,726,2567,การสำรวจภาวะการทำงานของประชากร ระดับจังหวัด,ชาย,สำนักงานสถิติจังหวัดหนองบัวลำภู,มัธยมศึกษาตอนปลาย,หนองบัวลำภู,ไตรมาสที่ 1,ระดับการศึกษาที่สำเร็จ,คน
15972.0,727,2567,การสำรวจภาวะการทำงานของประชากร ระดับจังหวัด,ชาย,สำนักงานสถิติจังหวัดหนองบัวลำภู,สายสามัญ,หนองบัวลำภู,ไตรมาสที่ 1,ระดับการศึกษาที่สำเร็จ,คน
5582.0,728,2567,การสำรวจภาวะการทำงานของประชากร ระดับจังหวัด,ชาย,สำนักงานสถิติจังหวัดหนองบัวลำภู,สายอาชีวศึกษา,หนองบัวลำภู,ไตรมาสที่ 1,ระดับการศึกษาที่สำเร็จ,คน
 -   ,729,2567,การสำรวจภาวะการทำงานของประชากร ระดับจังหวัด,ชาย,สำนักงานสถิติจังหวัดหนองบัวลำภู,สายวิชาการศึกษา,หนองบัวลำภู,ไตรมาสที่ 1,ระดับการศึกษาที่สำเร็จ,คน
16402.0,730,2567,การสำรวจภาวะการทำงานของประชากร ระดับจังหวัด,ชาย,สำนักงานสถิติจังหวัดหนองบัวลำภู,อุดมศึกษา,หนองบัวลำภู,ไตรมาสที่ 1,ระดับการศึกษาที่สำเร็จ,คน
8350.0,731,2567,การสำรวจภาวะการทำงานของประชากร ระดับจังหวัด,ชาย,สำนักงานสถิติจังหวัดหนองบัวลำภู,สายวิชาการ,หนองบัวลำภู,ไตรมาสที่ 1,ระดับการศึกษาที่สำเร็จ,คน
5662.0,732,2567,การสำรวจภาวะการทำงานของประชากร ระดับจังหวัด,ชาย,สำนักงานสถิติจังหวัดหนองบัวลำภู,สายวิชาชีพ,หนองบัวลำภู,ไตรมาสที่ 1,ระดับการศึกษาที่สำเร็จ,คน
2390.0,733,2567,การสำรวจภาวะการทำงานของประชากร ระดับจังหวัด,ชาย,สำนักงานสถิติจังหวัดหนองบัวลำภู,สายวิชาการศึกษา,หนองบัวลำภู,ไตรมาสที่ 1,ระดับการศึกษาที่สำเร็จ,คน
 -   ,734,2567,การสำรวจภาวะการทำงานของประชากร ระดับจังหวัด,ชาย,สำนักงานสถิติจังหวัดหนองบัวลำภู,อื่น ๆ,หนองบัวลำภู,ไตรมาสที่ 1,ระดับการศึกษาที่สำเร็จ,คน
 -   ,735,2567,การสำรวจภาวะการทำงานของประชากร ระดับจังหวัด,ชาย,สำนักงานสถิติจังหวัดหนองบัวลำภู,ไม่ทราบ,หนองบัวลำภู,ไตรมาสที่ 1,ระดับการศึกษาที่สำเร็จ,คน
102502.0,736,2567,การสำรวจภาวะการทำงานของประชากร ระดับจังหวัด,หญิง,สำนักงานสถิติจังหวัดหนองบัวลำภู,รวมยอด,หนองบัวลำภู,ไตรมาสที่ 1,ระดับการศึกษาที่สำเร็จ,คน
925.0,737,2567,การสำรวจภาวะการทำงานของประชากร ระดับจังหวัด,หญิง,สำนักงานสถิติจังหวัดหนองบัวลำภู,ไม่มีการศึกษา,หนองบัวลำภู,ไตรมาสที่ 1,ระดับการศึกษาที่สำเร็จ,คน
14808.0,738,2567,การสำรวจภาวะการทำงานของประชากร ระดับจังหวัด,หญิง,สำนักงานสถิติจังหวัดหนองบัวลำภู,ต่ำกว่าประถมศึกษา,หนองบัวลำภู,ไตรมาสที่ 1,ระดับการศึกษาที่สำเร็จ,คน
26598.0,739,2567,การสำรวจภาวะการทำงานของประชากร ระดับจังหวัด,หญิง,สำนักงานสถิติจังหวัดหนองบัวลำภู,ประถมศึกษา,หนองบัวลำภู,ไตรมาสที่ 1,ระดับการศึกษาที่สำเร็จ,คน
13161.0,740,2567,การสำรวจภาวะการทำงานของประชากร ระดับจังหวัด,หญิง,สำนักงานสถิติจังหวัดหนองบัวลำภู,มัธยมศึกษาตอนต้น,หนองบัวลำภู,ไตรมาสที่ 1,ระดับการศึกษาที่สำเร็จ,คน
24519.0,741,2567,การสำรวจภาวะการทำงานของประชากร ระดับจังหวัด,หญิง,สำนักงานสถิติจังหวัดหนองบัวลำภู,มัธยมศึกษาตอนปลาย,หนองบัวลำภู,ไตรมาสที่ 1,ระดับการศึกษาที่สำเร็จ,คน
20883.0,742,2567,การสำรวจภาวะการทำงานของประชากร ระดับจังหวัด,หญิง,สำนักงานสถิติจังหวัดหนองบัวลำภู,สายสามัญ,หนองบัวลำภู,ไตรมาสที่ 1,ระดับการศึกษาที่สำเร็จ,คน
3636.0,743,2567,การสำรวจภาวะการทำงานของประชากร ระดับจังหวัด,หญิง,สำนักงานสถิติจังหวัดหนองบัวลำภู,สายอาชีวศึกษา,หนองบัวลำภู,ไตรมาสที่ 1,ระดับการศึกษาที่สำเร็จ,คน
 -   ,744,2567,การสำรวจภาวะการทำงานของประชากร ระดับจังหวัด,หญิง,สำนักงานสถิติจังหวัดหนองบัวลำภู,สายวิชาการศึกษา,หนองบัวลำภู,ไตรมาสที่ 1,ระดับการศึกษาที่สำเร็จ,คน
22491.0,745,2567,การสำรวจภาวะการทำงานของประชากร ระดับจังหวัด,หญิง,สำนักงานสถิติจังหวัดหนองบัวลำภู,อุดมศึกษา,หนองบัวลำภู,ไตรมาสที่ 1,ระดับการศึกษาที่สำเร็จ,คน
11171.0,746,2567,การสำรวจภาวะการทำงานของประชากร ระดับจังหวัด,หญิง,สำนักงานสถิติจังหวัดหนองบัวลำภู,สายวิชาการ,หนองบัวลำภู,ไตรมาสที่ 1,ระดับการศึกษาที่สำเร็จ,คน
7022.0,747,2567,การสำรวจภาวะการทำงานของประชากร ระดับจังหวัด,หญิง,สำนักงานสถิติจังหวัดหนองบัวลำภู,สายวิชาชีพ,หนองบัวลำภู,ไตรมาสที่ 1,ระดับการศึกษาที่สำเร็จ,คน
4299.0,748,2567,การสำรวจภาวะการทำงานของประชากร ระดับจังหวัด,หญิง,สำนักงานสถิติจังหวัดหนองบัวลำภู,สายวิชาการศึกษา,หนองบัวลำภู,ไตรมาสที่ 1,ระดับการศึกษาที่สำเร็จ,คน
 -   ,749,2567,การสำรวจภาวะการทำงานของประชากร ระดับจังหวัด,หญิง,สำนักงานสถิติจังหวัดหนองบัวลำภู,อื่น ๆ,หนองบัวลำภู,ไตรมาสที่ 1,ระดับการศึกษาที่สำเร็จ,คน
 -   ,750,2567,การสำรวจภาวะการทำงานของประชากร ระดับจังหวัด,หญิง,สำนักงานสถิติจังหวัดหนองบัวลำภู,ไม่ทราบ,หนองบัวลำภู,ไตรมาสที่ 1,ระดับการศึกษาที่สำเร็จ,คน
117927.0,751,2567,การสำรวจภาวะการทำงานของประชากร ระดับจังหวัด,ชาย,สำนักงานสถิติจังหวัดหนองบัวลำภู,รวมยอด,หนองบัวลำภู,ไตรมาสที่ 2,ระดับการศึกษาที่สำเร็จ,คน
959.0,752,2567,การสำรวจภาวะการทำงานของประชากร ระดับจังหวัด,ชาย,สำนักงานสถิติจังหวัดหนองบัวลำภู,ไม่มีการศึกษา,หนองบัวลำภู,ไตรมาสที่ 2,ระดับการศึกษาที่สำเร็จ,คน
19566.0,753,2567,การสำรวจภาวะการทำงานของประชากร ระดับจังหวัด,ชาย,สำนักงานสถิติจังหวัดหนองบัวลำภู,ต่ำกว่าประถมศึกษา,หนองบัวลำภู,ไตรมาสที่ 2,ระดับการศึกษาที่สำเร็จ,คน
36376.0,754,2567,การสำรวจภาวะการทำงานของประชากร ระดับจังหวัด,ชาย,สำนักงานสถิติจังหวัดหนองบัวลำภู,ประถมศึกษา,หนองบัวลำภู,ไตรมาสที่ 2,ระดับการศึกษาที่สำเร็จ,คน
21958.0,755,2567,การสำรวจภาวะการทำงานของประชากร ระดับจังหวัด,ชาย,สำนักงานสถิติจังหวัดหนองบัวลำภู,มัธยมศึกษาตอนต้น,หนองบัวลำภู,ไตรมาสที่ 2,ระดับการศึกษาที่สำเร็จ,คน
21189.0,756,2567,การสำรวจภาวะการทำงานของประชากร ระดับจังหวัด,ชาย,สำนักงานสถิติจังหวัดหนองบัวลำภู,มัธยมศึกษาตอนปลาย,หนองบัวลำภู,ไตรมาสที่ 2,ระดับการศึกษาที่สำเร็จ,คน
17938.0,757,2567,การสำรวจภาวะการทำงานของประชากร ระดับจังหวัด,ชาย,สำนักงานสถิติจังหวัดหนองบัวลำภู,สายสามัญ,หนองบัวลำภู,ไตรมาสที่ 2,ระดับการศึกษาที่สำเร็จ,คน
3251.0,758,2567,การสำรวจภาวะการทำงานของประชากร ระดับจังหวัด,ชาย,สำนักงานสถิติจังหวัดหนองบัวลำภู,สายอาชีวศึกษา,หนองบัวลำภู,ไตรมาสที่ 2,ระดับการศึกษาที่สำเร็จ,คน
 -   ,759,2567,การสำรวจภาวะการทำงานของประชากร ระดับจังหวัด,ชาย,สำนักงานสถิติจังหวัดหนองบัวลำภู,สายวิชาการศึกษา,หนองบัวลำภู,ไตรมาสที่ 2,ระดับการศึกษาที่สำเร็จ,คน
17880.0,760,2567,การสำรวจภาวะการทำงานของประชากร ระดับจังหวัด,ชาย,สำนักงานสถิติจังหวัดหนองบัวลำภู,อุดมศึกษา,หนองบัวลำภู,ไตรมาสที่ 2,ระดับการศึกษาที่สำเร็จ,คน
9310.0,761,2567,การสำรวจภาวะการทำงานของประชากร ระดับจังหวัด,ชาย,สำนักงานสถิติจังหวัดหนองบัวลำภู,สายวิชาการ,หนองบัวลำภู,ไตรมาสที่ 2,ระดับการศึกษาที่สำเร็จ,คน
7106.0,762,2567,การสำรวจภาวะการทำงานของประชากร ระดับจังหวัด,ชาย,สำนักงานสถิติจังหวัดหนองบัวลำภู,สายวิชาชีพ,หนองบัวลำภู,ไตรมาสที่ 2,ระดับการศึกษาที่สำเร็จ,คน
1464.0,763,2567,การสำรวจภาวะการทำงานของประชากร ระดับจังหวัด,ชาย,สำนักงานสถิติจังหวัดหนองบัวลำภู,สายวิชาการศึกษา,หนองบัวลำภู,ไตรมาสที่ 2,ระดับการศึกษาที่สำเร็จ,คน
 -   ,764,2567,การสำรวจภาวะการทำงานของประชากร ระดับจังหวัด,ชาย,สำนักงานสถิติจังหวัดหนองบัวลำภู,อื่น ๆ,หนองบัวลำภู,ไตรมาสที่ 2,ระดับการศึกษาที่สำเร็จ,คน
 -   ,765,2567,การสำรวจภาวะการทำงานของประชากร ระดับจังหวัด,ชาย,สำนักงานสถิติจังหวัดหนองบัวลำภู,ไม่ทราบ,หนองบัวลำภู,ไตรมาสที่ 2,ระดับการศึกษาที่สำเร็จ,คน
90402.0,766,2567,การสำรวจภาวะการทำงานของประชากร ระดับจังหวัด,หญิง,สำนักงานสถิติจังหวัดหนองบัวลำภู,รวมยอด,หนองบัวลำภู,ไตรมาสที่ 2,ระดับการศึกษาที่สำเร็จ,คน
571.0,767,2567,การสำรวจภาวะการทำงานของประชากร ระดับจังหวัด,หญิง,สำนักงานสถิติจังหวัดหนองบัวลำภู,ไม่มีการศึกษา,หนองบัวลำภู,ไตรมาสที่ 2,ระดับการศึกษาที่สำเร็จ,คน
14994.0,768,2567,การสำรวจภาวะการทำงานของประชากร ระดับจังหวัด,หญิง,สำนักงานสถิติจังหวัดหนองบัวลำภู,ต่ำกว่าประถมศึกษา,หนองบัวลำภู,ไตรมาสที่ 2,ระดับการศึกษาที่สำเร็จ,คน
22644.0,769,2567,การสำรวจภาวะการทำงานของประชากร ระดับจังหวัด,หญิง,สำนักงานสถิติจังหวัดหนองบัวลำภู,ประถมศึกษา,หนองบัวลำภู,ไตรมาสที่ 2,ระดับการศึกษาที่สำเร็จ,คน
11515.0,770,2567,การสำรวจภาวะการทำงานของประชากร ระดับจังหวัด,หญิง,สำนักงานสถิติจังหวัดหนองบัวลำภู,มัธยมศึกษาตอนต้น,หนองบัวลำภู,ไตรมาสที่ 2,ระดับการศึกษาที่สำเร็จ,คน
19611.0,771,2567,การสำรวจภาวะการทำงานของประชากร ระดับจังหวัด,หญิง,สำนักงานสถิติจังหวัดหนองบัวลำภู,มัธยมศึกษาตอนปลาย,หนองบัวลำภู,ไตรมาสที่ 2,ระดับการศึกษาที่สำเร็จ,คน
16139.0,772,2567,การสำรวจภาวะการทำงานของประชากร ระดับจังหวัด,หญิง,สำนักงานสถิติจังหวัดหนองบัวลำภู,สายสามัญ,หนองบัวลำภู,ไตรมาสที่ 2,ระดับการศึกษาที่สำเร็จ,คน
3473.0,773,2567,การสำรวจภาวะการทำงานของประชากร ระดับจังหวัด,หญิง,สำนักงานสถิติจังหวัดหนองบัวลำภู,สายอาชีวศึกษา,หนองบัวลำภู,ไตรมาสที่ 2,ระดับการศึกษาที่สำเร็จ,คน
 -   ,774,2567,การสำรวจภาวะการทำงานของประชากร ระดับจังหวัด,หญิง,สำนักงานสถิติจังหวัดหนองบัวลำภู,สายวิชาการศึกษา,หนองบัวลำภู,ไตรมาสที่ 2,ระดับการศึกษาที่สำเร็จ,คน
21067.0,775,2567,การสำรวจภาวะการทำงานของประชากร ระดับจังหวัด,หญิง,สำนักงานสถิติจังหวัดหนองบัวลำภู,อุดมศึกษา,หนองบัวลำภู,ไตรมาสที่ 2,ระดับการศึกษาที่สำเร็จ,คน
13791.0,776,2567,การสำรวจภาวะการทำงานของประชากร ระดับจังหวัด,หญิง,สำนักงานสถิติจังหวัดหนองบัวลำภู,สายวิชาการ,หนองบัวลำภู,ไตรมาสที่ 2,ระดับการศึกษาที่สำเร็จ,คน
4186.0,777,2567,การสำรวจภาวะการทำงานของประชากร ระดับจังหวัด,หญิง,สำนักงานสถิติจังหวัดหนองบัวลำภู,สายวิชาชีพ,หนองบัวลำภู,ไตรมาสที่ 2,ระดับการศึกษาที่สำเร็จ,คน
3090.0,778,2567,การสำรวจภาวะการทำงานของประชากร ระดับจังหวัด,หญิง,สำนักงานสถิติจังหวัดหนองบัวลำภู,สายวิชาการศึกษา,หนองบัวลำภู,ไตรมาสที่ 2,ระดับการศึกษาที่สำเร็จ,คน
 -   ,779,2567,การสำรวจภาวะการทำงานของประชากร ระดับจังหวัด,หญิง,สำนักงานสถิติจังหวัดหนองบัวลำภู,อื่น ๆ,หนองบัวลำภู,ไตรมาสที่ 2,ระดับการศึกษาที่สำเร็จ,คน
 -   ,780,2567,การสำรวจภาวะการทำงานของประชากร ระดับจังหวัด,หญิง,สำนักงานสถิติจังหวัดหนองบัวลำภู,ไม่ทราบ,หนองบัวลำภู,ไตรมาสที่ 2,ระดับการศึกษาที่สำเร็จ,คน
120466.0,781,2567,การสำรวจภาวะการทำงานของประชากร ระดับจังหวัด,ชาย,สำนักงานสถิติจังหวัดหนองบัวลำภู,รวมยอด,หนองบัวลำภู,ไตรมาสที่ 3,ระดับการศึกษาที่สำเร็จ,คน
 -   ,782,2567,การสำรวจภาวะการทำงานของประชากร ระดับจังหวัด,ชาย,สำนักงานสถิติจังหวัดหนองบัวลำภู,ไม่มีการศึกษา,หนองบัวลำภู,ไตรมาสที่ 3,ระดับการศึกษาที่สำเร็จ,คน
21148.0,783,2567,การสำรวจภาวะการทำงานของประชากร ระดับจังหวัด,ชาย,สำนักงานสถิติจังหวัดหนองบัวลำภู,ต่ำกว่าประถมศึกษา,หนองบัวลำภู,ไตรมาสที่ 3,ระดับการศึกษาที่สำเร็จ,คน
38179.0,784,2567,การสำรวจภาวะการทำงานของประชากร ระดับจังหวัด,ชาย,สำนักงานสถิติจังหวัดหนองบัวลำภู,ประถมศึกษา,หนองบัวลำภู,ไตรมาสที่ 3,ระดับการศึกษาที่สำเร็จ,คน
23800.0,785,2567,การสำรวจภาวะการทำงานของประชากร ระดับจังหวัด,ชาย,สำนักงานสถิติจังหวัดหนองบัวลำภู,มัธยมศึกษาตอนต้น,หนองบัวลำภู,ไตรมาสที่ 3,ระดับการศึกษาที่สำเร็จ,คน
19694.0,786,2567,การสำรวจภาวะการทำงานของประชากร ระดับจังหวัด,ชาย,สำนักงานสถิติจังหวัดหนองบัวลำภู,มัธยมศึกษาตอนปลาย,หนองบัวลำภู,ไตรมาสที่ 3,ระดับการศึกษาที่สำเร็จ,คน
18377.0,787,2567,การสำรวจภาวะการทำงานของประชากร ระดับจังหวัด,ชาย,สำนักงานสถิติจังหวัดหนองบัวลำภู,สายสามัญ,หนองบัวลำภู,ไตรมาสที่ 3,ระดับการศึกษาที่สำเร็จ,คน
1194.0,788,2567,การสำรวจภาวะการทำงานของประชากร ระดับจังหวัด,ชาย,สำนักงานสถิติจังหวัดหนองบัวลำภู,สายอาชีวศึกษา,หนองบัวลำภู,ไตรมาสที่ 3,ระดับการศึกษาที่สำเร็จ,คน
122.0,789,2567,การสำรวจภาวะการทำงานของประชากร ระดับจังหวัด,ชาย,สำนักงานสถิติจังหวัดหนองบัวลำภู,สายวิชาการศึกษา,หนองบัวลำภู,ไตรมาสที่ 3,ระดับการศึกษาที่สำเร็จ,คน
17244.0,790,2567,การสำรวจภาวะการทำงานของประชากร ระดับจังหวัด,ชาย,สำนักงานสถิติจังหวัดหนองบัวลำภู,อุดมศึกษา,หนองบัวลำภู,ไตรมาสที่ 3,ระดับการศึกษาที่สำเร็จ,คน
7542.0,791,2567,การสำรวจภาวะการทำงานของประชากร ระดับจังหวัด,ชาย,สำนักงานสถิติจังหวัดหนองบัวลำภู,สายวิชาการ,หนองบัวลำภู,ไตรมาสที่ 3,ระดับการศึกษาที่สำเร็จ,คน
7358.0,792,2567,การสำรวจภาวะการทำงานของประชากร ระดับจังหวัด,ชาย,สำนักงานสถิติจังหวัดหนองบัวลำภู,สายวิชาชีพ,หนองบัวลำภู,ไตรมาสที่ 3,ระดับการศึกษาที่สำเร็จ,คน
2345.0,793,2567,การสำรวจภาวะการทำงานของประชากร ระดับจังหวัด,ชาย,สำนักงานสถิติจังหวัดหนองบัวลำภู,สายวิชาการศึกษา,หนองบัวลำภู,ไตรมาสที่ 3,ระดับการศึกษาที่สำเร็จ,คน
 -   ,794,2567,การสำรวจภาวะการทำงานของประชากร ระดับจังหวัด,ชาย,สำนักงานสถิติจังหวัดหนองบัวลำภู,อื่น ๆ,หนองบัวลำภู,ไตรมาสที่ 3,ระดับการศึกษาที่สำเร็จ,คน
402.0,795,2567,การสำรวจภาวะการทำงานของประชากร ระดับจังหวัด,ชาย,สำนักงานสถิติจังหวัดหนองบัวลำภู,ไม่ทราบ,หนองบัวลำภู,ไตรมาสที่ 3,ระดับการศึกษาที่สำเร็จ,คน
90708.0,796,2567,การสำรวจภาวะการทำงานของประชากร ระดับจังหวัด,หญิง,สำนักงานสถิติจังหวัดหนองบัวลำภู,รวมยอด,หนองบัวลำภู,ไตรมาสที่ 3,ระดับการศึกษาที่สำเร็จ,คน
549.0,797,2567,การสำรวจภาวะการทำงานของประชากร ระดับจังหวัด,หญิง,สำนักงานสถิติจังหวัดหนองบัวลำภู,ไม่มีการศึกษา,หนองบัวลำภู,ไตรมาสที่ 3,ระดับการศึกษาที่สำเร็จ,คน
16469.0,798,2567,การสำรวจภาวะการทำงานของประชากร ระดับจังหวัด,หญิง,สำนักงานสถิติจังหวัดหนองบัวลำภู,ต่ำกว่าประถมศึกษา,หนองบัวลำภู,ไตรมาสที่ 3,ระดับการศึกษาที่สำเร็จ,คน
24768.0,799,2567,การสำรวจภาวะการทำงานของประชากร ระดับจังหวัด,หญิง,สำนักงานสถิติจังหวัดหนองบัวลำภู,ประถมศึกษา,หนองบัวลำภู,ไตรมาสที่ 3,ระดับการศึกษาที่สำเร็จ,คน
9926.0,800,2567,การสำรวจภาวะการทำงานของประชากร ระดับจังหวัด,หญิง,สำนักงานสถิติจังหวัดหนองบัวลำภู,มัธยมศึกษาตอนต้น,หนองบัวลำภู,ไตรมาสที่ 3,ระดับการศึกษาที่สำเร็จ,คน
19857.0,801,2567,การสำรวจภาวะการทำงานของประชากร ระดับจังหวัด,หญิง,สำนักงานสถิติจังหวัดหนองบัวลำภู,มัธยมศึกษาตอนปลาย,หนองบัวลำภู,ไตรมาสที่ 3,ระดับการศึกษาที่สำเร็จ,คน
17522.0,802,2567,การสำรวจภาวะการทำงานของประชากร ระดับจังหวัด,หญิง,สำนักงานสถิติจังหวัดหนองบัวลำภู,สายสามัญ,หนองบัวลำภู,ไตรมาสที่ 3,ระดับการศึกษาที่สำเร็จ,คน
2335.0,803,2567,การสำรวจภาวะการทำงานของประชากร ระดับจังหวัด,หญิง,สำนักงานสถิติจังหวัดหนองบัวลำภู,สายอาชีวศึกษา,หนองบัวลำภู,ไตรมาสที่ 3,ระดับการศึกษาที่สำเร็จ,คน
 -   ,804,2567,การสำรวจภาวะการทำงานของประชากร ระดับจังหวัด,หญิง,สำนักงานสถิติจังหวัดหนองบัวลำภู,สายวิชาการศึกษา,หนองบัวลำภู,ไตรมาสที่ 3,ระดับการศึกษาที่สำเร็จ,คน
19140.0,805,2567,การสำรวจภาวะการทำงานของประชากร ระดับจังหวัด,หญิง,สำนักงานสถิติจังหวัดหนองบัวลำภู,อุดมศึกษา,หนองบัวลำภู,ไตรมาสที่ 3,ระดับการศึกษาที่สำเร็จ,คน
10510.0,806,2567,การสำรวจภาวะการทำงานของประชากร ระดับจังหวัด,หญิง,สำนักงานสถิติจังหวัดหนองบัวลำภู,สายวิชาการ,หนองบัวลำภู,ไตรมาสที่ 3,ระดับการศึกษาที่สำเร็จ,คน
4690.0,807,2567,การสำรวจภาวะการทำงานของประชากร ระดับจังหวัด,หญิง,สำนักงานสถิติจังหวัดหนองบัวลำภู,สายวิชาชีพ,หนองบัวลำภู,ไตรมาสที่ 3,ระดับการศึกษาที่สำเร็จ,คน
3940.0,808,2567,การสำรวจภาวะการทำงานของประชากร ระดับจังหวัด,หญิง,สำนักงานสถิติจังหวัดหนองบัวลำภู,สายวิชาการศึกษา,หนองบัวลำภู,ไตรมาสที่ 3,ระดับการศึกษาที่สำเร็จ,คน
 -   ,809,2567,การสำรวจภาวะการทำงานของประชากร ระดับจังหวัด,หญิง,สำนักงานสถิติจังหวัดหนองบัวลำภู,อื่น ๆ,หนองบัวลำภู,ไตรมาสที่ 3,ระดับการศึกษาที่สำเร็จ,คน
 -   ,810,2567,การสำรวจภาวะการทำงานของประชากร ระดับจังหวัด,หญิง,สำนักงานสถิติจังหวัดหนองบัวลำภู,ไม่ทราบ,หนองบัวลำภู,ไตรมาสที่ 3,ระดับการศึกษาที่สำเร็จ,คน
127000.0,811,2567,การสำรวจภาวะการทำงานของประชากร ระดับจังหวัด,ชาย,สำนักงานสถิติจังหวัดหนองบัวลำภู,รวมยอด,หนองบัวลำภู,ไตรมาสที่ 4,ระดับการศึกษาที่สำเร็จ,คน
 -   ,812,2567,การสำรวจภาวะการทำงานของประชากร ระดับจังหวัด,ชาย,สำนักงานสถิติจังหวัดหนองบัวลำภู,ไม่มีการศึกษา,หนองบัวลำภู,ไตรมาสที่ 4,ระดับการศึกษาที่สำเร็จ,คน
21214.0,813,2567,การสำรวจภาวะการทำงานของประชากร ระดับจังหวัด,ชาย,สำนักงานสถิติจังหวัดหนองบัวลำภู,ต่ำกว่าประถมศึกษา,หนองบัวลำภู,ไตรมาสที่ 4,ระดับการศึกษาที่สำเร็จ,คน
41667.0,814,2567,การสำรวจภาวะการทำงานของประชากร ระดับจังหวัด,ชาย,สำนักงานสถิติจังหวัดหนองบัวลำภู,ประถมศึกษา,หนองบัวลำภู,ไตรมาสที่ 4,ระดับการศึกษาที่สำเร็จ,คน
25696.0,815,2567,การสำรวจภาวะการทำงานของประชากร ระดับจังหวัด,ชาย,สำนักงานสถิติจังหวัดหนองบัวลำภู,มัธยมศึกษาตอนต้น,หนองบัวลำภู,ไตรมาสที่ 4,ระดับการศึกษาที่สำเร็จ,คน
19703.0,816,2567,การสำรวจภาวะการทำงานของประชากร ระดับจังหวัด,ชาย,สำนักงานสถิติจังหวัดหนองบัวลำภู,มัธยมศึกษาตอนปลาย,หนองบัวลำภู,ไตรมาสที่ 4,ระดับการศึกษาที่สำเร็จ,คน
17295.0,817,2567,การสำรวจภาวะการทำงานของประชากร ระดับจังหวัด,ชาย,สำนักงานสถิติจังหวัดหนองบัวลำภู,สายสามัญ,หนองบัวลำภู,ไตรมาสที่ 4,ระดับการศึกษาที่สำเร็จ,คน
2302.0,818,2567,การสำรวจภาวะการทำงานของประชากร ระดับจังหวัด,ชาย,สำนักงานสถิติจังหวัดหนองบัวลำภู,สายอาชีวศึกษา,หนองบัวลำภู,ไตรมาสที่ 4,ระดับการศึกษาที่สำเร็จ,คน
106.0,819,2567,การสำรวจภาวะการทำงานของประชากร ระดับจังหวัด,ชาย,สำนักงานสถิติจังหวัดหนองบัวลำภู,สายวิชาการศึกษา,หนองบัวลำภู,ไตรมาสที่ 4,ระดับการศึกษาที่สำเร็จ,คน
18522.0,820,2567,การสำรวจภาวะการทำงานของประชากร ระดับจังหวัด,ชาย,สำนักงานสถิติจังหวัดหนองบัวลำภู,อุดมศึกษา,หนองบัวลำภู,ไตรมาสที่ 4,ระดับการศึกษาที่สำเร็จ,คน
7429.0,821,2567,การสำรวจภาวะการทำงานของประชากร ระดับจังหวัด,ชาย,สำนักงานสถิติจังหวัดหนองบัวลำภู,สายวิชาการ,หนองบัวลำภู,ไตรมาสที่ 4,ระดับการศึกษาที่สำเร็จ,คน
8317.0,822,2567,การสำรวจภาวะการทำงานของประชากร ระดับจังหวัด,ชาย,สำนักงานสถิติจังหวัดหนองบัวลำภู,สายวิชาชีพ,หนองบัวลำภู,ไตรมาสที่ 4,ระดับการศึกษาที่สำเร็จ,คน
2777.0,823,2567,การสำรวจภาวะการทำงานของประชากร ระดับจังหวัด,ชาย,สำนักงานสถิติจังหวัดหนองบัวลำภู,สายวิชาการศึกษา,หนองบัวลำภู,ไตรมาสที่ 4,ระดับการศึกษาที่สำเร็จ,คน
 -   ,824,2567,การสำรวจภาวะการทำงานของประชากร ระดับจังหวัด,ชาย,สำนักงานสถิติจังหวัดหนองบัวลำภู,อื่น ๆ,หนองบัวลำภู,ไตรมาสที่ 4,ระดับการศึกษาที่สำเร็จ,คน
199.0,825,2567,การสำรวจภาวะการทำงานของประชากร ระดับจังหวัด,ชาย,สำนักงานสถิติจังหวัดหนองบัวลำภู,ไม่ทราบ,หนองบัวลำภู,ไตรมาสที่ 4,ระดับการศึกษาที่สำเร็จ,คน
101417.0,826,2567,การสำรวจภาวะการทำงานของประชากร ระดับจังหวัด,หญิง,สำนักงานสถิติจังหวัดหนองบัวลำภู,รวมยอด,หนองบัวลำภู,ไตรมาสที่ 4,ระดับการศึกษาที่สำเร็จ,คน
298.0,827,2567,การสำรวจภาวะการทำงานของประชากร ระดับจังหวัด,หญิง,สำนักงานสถิติจังหวัดหนองบัวลำภู,ไม่มีการศึกษา,หนองบัวลำภู,ไตรมาสที่ 4,ระดับการศึกษาที่สำเร็จ,คน
16209.0,828,2567,การสำรวจภาวะการทำงานของประชากร ระดับจังหวัด,หญิง,สำนักงานสถิติจังหวัดหนองบัวลำภู,ต่ำกว่าประถมศึกษา,หนองบัวลำภู,ไตรมาสที่ 4,ระดับการศึกษาที่สำเร็จ,คน
25969.0,829,2567,การสำรวจภาวะการทำงานของประชากร ระดับจังหวัด,หญิง,สำนักงานสถิติจังหวัดหนองบัวลำภู,ประถมศึกษา,หนองบัวลำภู,ไตรมาสที่ 4,ระดับการศึกษาที่สำเร็จ,คน
17983.0,830,2567,การสำรวจภาวะการทำงานของประชากร ระดับจังหวัด,หญิง,สำนักงานสถิติจังหวัดหนองบัวลำภู,มัธยมศึกษาตอนต้น,หนองบัวลำภู,ไตรมาสที่ 4,ระดับการศึกษาที่สำเร็จ,คน
22694.0,831,2567,การสำรวจภาวะการทำงานของประชากร ระดับจังหวัด,หญิง,สำนักงานสถิติจังหวัดหนองบัวลำภู,มัธยมศึกษาตอนปลาย,หนองบัวลำภู,ไตรมาสที่ 4,ระดับการศึกษาที่สำเร็จ,คน
17921.0,832,2567,การสำรวจภาวะการทำงานของประชากร ระดับจังหวัด,หญิง,สำนักงานสถิติจังหวัดหนองบัวลำภู,สายสามัญ,หนองบัวลำภู,ไตรมาสที่ 4,ระดับการศึกษาที่สำเร็จ,คน
4377.0,833,2567,การสำรวจภาวะการทำงานของประชากร ระดับจังหวัด,หญิง,สำนักงานสถิติจังหวัดหนองบัวลำภู,สายอาชีวศึกษา,หนองบัวลำภู,ไตรมาสที่ 4,ระดับการศึกษาที่สำเร็จ,คน
397.0,834,2567,การสำรวจภาวะการทำงานของประชากร ระดับจังหวัด,หญิง,สำนักงานสถิติจังหวัดหนองบัวลำภู,สายวิชาการศึกษา,หนองบัวลำภู,ไตรมาสที่ 4,ระดับการศึกษาที่สำเร็จ,คน
18264.0,835,2567,การสำรวจภาวะการทำงานของประชากร ระดับจังหวัด,หญิง,สำนักงานสถิติจังหวัดหนองบัวลำภู,อุดมศึกษา,หนองบัวลำภู,ไตรมาสที่ 4,ระดับการศึกษาที่สำเร็จ,คน
8501.0,836,2567,การสำรวจภาวะการทำงานของประชากร ระดับจังหวัด,หญิง,สำนักงานสถิติจังหวัดหนองบัวลำภู,สายวิชาการ,หนองบัวลำภู,ไตรมาสที่ 4,ระดับการศึกษาที่สำเร็จ,คน
5971.0,837,2567,การสำรวจภาวะการทำงานของประชากร ระดับจังหวัด,หญิง,สำนักงานสถิติจังหวัดหนองบัวลำภู,สายวิชาชีพ,หนองบัวลำภู,ไตรมาสที่ 4,ระดับการศึกษาที่สำเร็จ,คน
3792.0,838,2567,การสำรวจภาวะการทำงานของประชากร ระดับจังหวัด,หญิง,สำนักงานสถิติจังหวัดหนองบัวลำภู,สายวิชาการศึกษา,หนองบัวลำภู,ไตรมาสที่ 4,ระดับการศึกษาที่สำเร็จ,คน
 -   ,839,2567,การสำรวจภาวะการทำงานของประชากร ระดับจังหวัด,หญิง,สำนักงานสถิติจังหวัดหนองบัวลำภู,อื่น ๆ,หนองบัวลำภู,ไตรมาสที่ 4,ระดับการศึกษาที่สำเร็จ,คน
 -   ,840,2567,การสำรวจภาวะการทำงานของประชากร ระดับจังหวัด,หญิง,สำนักงานสถิติจังหวัดหนองบัวลำภู,ไม่ทราบ,หนองบัวลำภู,ไตรมาสที่ 4,ระดับการศึกษาที่สำเร็จ,คน
124431.0,841,2568,การสำรวจภาวะการทำงานของประชากร ระดับจังหวัด,ชาย,สำนักงานสถิติจังหวัดหนองบัวลำภู,รวมยอด,หนองบัวลำภู,ไตรมาสที่ 1,ระดับการศึกษาที่สำเร็จ,คน
21176.0,842,2568,การสำรวจภาวะการทำงานของประชากร ระดับจังหวัด,ชาย,สำนักงานสถิติจังหวัดหนองบัวลำภู,ไม่มีการศึกษาและต่ำกว่าประถมศึกษา,หนองบัวลำภู,ไตรมาสที่ 1,ระดับการศึกษาที่สำเร็จ,คน
36546.0,843,2568,การสำรวจภาวะการทำงานของประชากร ระดับจังหวัด,ชาย,สำนักงานสถิติจังหวัดหนองบัวลำภู,ประถมศึกษา,หนองบัวลำภู,ไตรมาสที่ 1,ระดับการศึกษาที่สำเร็จ,คน
27672.0,844,2568,การสำรวจภาวะการทำงานของประชากร ระดับจังหวัด,ชาย,สำนักงานสถิติจังหวัดหนองบัวลำภู,มัธยมศึกษาตอนต้น,หนองบัวลำภู,ไตรมาสที่ 1,ระดับการศึกษาที่สำเร็จ,คน
24024.0,845,2568,การสำรวจภาวะการทำงานของประชากร ระดับจังหวัด,ชาย,สำนักงานสถิติจังหวัดหนองบัวลำภู,มัธยมศึกษาตอนปลาย,หนองบัวลำภู,ไตรมาสที่ 1,ระดับการศึกษาที่สำเร็จ,คน
15014.0,846,2568,การสำรวจภาวะการทำงานของประชากร ระดับจังหวัด,ชาย,สำนักงานสถิติจังหวัดหนองบัวลำภู,อุดมศึกษา,หนองบัวลำภู,ไตรมาสที่ 1,ระดับการศึกษาที่สำเร็จ,คน
 -   ,847,2568,การสำรวจภาวะการทำงานของประชากร ระดับจังหวัด,ชาย,สำนักงานสถิติจังหวัดหนองบัวลำภู,การศึกษาอื่นๆ,หนองบัวลำภู,ไตรมาสที่ 1,ระดับการศึกษาที่สำเร็จ,คน
 -   ,848,2568,การสำรวจภาวะการทำงานของประชากร ระดับจังหวัด,ชาย,สำนักงานสถิติจังหวัดหนองบัวลำภู,ไม่ทราบ,หนองบัวลำภู,ไตรมาสที่ 1,ระดับการศึกษาที่สำเร็จ,คน
90137.0,849,2568,การสำรวจภาวะการทำงานของประชากร ระดับจังหวัด,หญิง,สำนักงานสถิติจังหวัดหนองบัวลำภู,รวมยอด,หนองบัวลำภู,ไตรมาสที่ 1,ระดับการศึกษาที่สำเร็จ,คน
11811.0,850,2568,การสำรวจภาวะการทำงานของประชากร ระดับจังหวัด,หญิง,สำนักงานสถิติจังหวัดหนองบัวลำภู,ไม่มีการศึกษาและต่ำกว่าประถมศึกษา,หนองบัวลำภู,ไตรมาสที่ 1,ระดับการศึกษาที่สำเร็จ,คน
27145.0,851,2568,การสำรวจภาวะการทำงานของประชากร ระดับจังหวัด,หญิง,สำนักงานสถิติจังหวัดหนองบัวลำภู,ประถมศึกษา,หนองบัวลำภู,ไตรมาสที่ 1,ระดับการศึกษาที่สำเร็จ,คน
10565.0,852,2568,การสำรวจภาวะการทำงานของประชากร ระดับจังหวัด,หญิง,สำนักงานสถิติจังหวัดหนองบัวลำภู,มัธยมศึกษาตอนต้น,หนองบัวลำภู,ไตรมาสที่ 1,ระดับการศึกษาที่สำเร็จ,คน
21550.0,853,2568,การสำรวจภาวะการทำงานของประชากร ระดับจังหวัด,หญิง,สำนักงานสถิติจังหวัดหนองบัวลำภู,มัธยมศึกษาตอนปลาย,หนองบัวลำภู,ไตรมาสที่ 1,ระดับการศึกษาที่สำเร็จ,คน
18935.0,854,2568,การสำรวจภาวะการทำงานของประชากร ระดับจังหวัด,หญิง,สำนักงานสถิติจังหวัดหนองบัวลำภู,อุดมศึกษา,หนองบัวลำภู,ไตรมาสที่ 1,ระดับการศึกษาที่สำเร็จ,คน
 -   ,855,2568,การสำรวจภาวะการทำงานของประชากร ระดับจังหวัด,หญิง,สำนักงานสถิติจังหวัดหนองบัวลำภู,การศึกษาอื่นๆ,หนองบัวลำภู,ไตรมาสที่ 1,ระดับการศึกษาที่สำเร็จ,คน
130.0,856,2568,การสำรวจภาวะการทำงานของประชากร ระดับจังหวัด,หญิง,สำนักงานสถิติจังหวัดหนองบัวลำภู,ไม่ทราบ,หนองบัวลำภู,ไตรมาสที่ 1,ระดับการศึกษาที่สำเร็จ,คน
115843.0,857,2568,การสำรวจภาวะการทำงานของประชากร ระดับจังหวัด,ชาย,สำนักงานสถิติจังหวัดหนองบัวลำภู,รวมยอด,หนองบัวลำภู,ไตรมาสที่ 2,ระดับการศึกษาที่สำเร็จ,คน
19309.0,858,2568,การสำรวจภาวะการทำงานของประชากร ระดับจังหวัด,ชาย,สำนักงานสถิติจังหวัดหนองบัวลำภู,ไม่มีการศึกษาและต่ำกว่าประถมศึกษา,หนองบัวลำภู,ไตรมาสที่ 2,ระดับการศึกษาที่สำเร็จ,คน
34993.0,859,2568,การสำรวจภาวะการทำงานของประชากร ระดับจังหวัด,ชาย,สำนักงานสถิติจังหวัดหนองบัวลำภู,ประถมศึกษา,หนองบัวลำภู,ไตรมาสที่ 2,ระดับการศึกษาที่สำเร็จ,คน
23470.0,860,2568,การสำรวจภาวะการทำงานของประชากร ระดับจังหวัด,ชาย,สำนักงานสถิติจังหวัดหนองบัวลำภู,มัธยมศึกษาตอนต้น,หนองบัวลำภู,ไตรมาสที่ 2,ระดับการศึกษาที่สำเร็จ,คน
23129.0,861,2568,การสำรวจภาวะการทำงานของประชากร ระดับจังหวัด,ชาย,สำนักงานสถิติจังหวัดหนองบัวลำภู,มัธยมศึกษาตอนปลาย,หนองบัวลำภู,ไตรมาสที่ 2,ระดับการศึกษาที่สำเร็จ,คน
14943.0,862,2568,การสำรวจภาวะการทำงานของประชากร ระดับจังหวัด,ชาย,สำนักงานสถิติจังหวัดหนองบัวลำภู,อุดมศึกษา,หนองบัวลำภู,ไตรมาสที่ 2,ระดับการศึกษาที่สำเร็จ,คน
 -   ,863,2568,การสำรวจภาวะการทำงานของประชากร ระดับจังหวัด,ชาย,สำนักงานสถิติจังหวัดหนองบัวลำภู,การศึกษาอื่นๆ,หนองบัวลำภู,ไตรมาสที่ 2,ระดับการศึกษาที่สำเร็จ,คน
 -   ,864,2568,การสำรวจภาวะการทำงานของประชากร ระดับจังหวัด,ชาย,สำนักงานสถิติจังหวัดหนองบัวลำภู,ไม่ทราบ,หนองบัวลำภู,ไตรมาสที่ 2,ระดับการศึกษาที่สำเร็จ,คน
85235.0,865,2568,การสำรวจภาวะการทำงานของประชากร ระดับจังหวัด,หญิง,สำนักงานสถิติจังหวัดหนองบัวลำภู,รวมยอด,หนองบัวลำภู,ไตรมาสที่ 2,ระดับการศึกษาที่สำเร็จ,คน
12386.0,866,2568,การสำรวจภาวะการทำงานของประชากร ระดับจังหวัด,หญิง,สำนักงานสถิติจังหวัดหนองบัวลำภู,ไม่มีการศึกษาและต่ำกว่าประถมศึกษา,หนองบัวลำภู,ไตรมาสที่ 2,ระดับการศึกษาที่สำเร็จ,คน
24917.0,867,2568,การสำรวจภาวะการทำงานของประชากร ระดับจังหวัด,หญิง,สำนักงานสถิติจังหวัดหนองบัวลำภู,ประถมศึกษา,หนองบัวลำภู,ไตรมาสที่ 2,ระดับการศึกษาที่สำเร็จ,คน
12502.0,868,2568,การสำรวจภาวะการทำงานของประชากร ระดับจังหวัด,หญิง,สำนักงานสถิติจังหวัดหนองบัวลำภู,มัธยมศึกษาตอนต้น,หนองบัวลำภู,ไตรมาสที่ 2,ระดับการศึกษาที่สำเร็จ,คน
19385.0,869,2568,การสำรวจภาวะการทำงานของประชากร ระดับจังหวัด,หญิง,สำนักงานสถิติจังหวัดหนองบัวลำภู,มัธยมศึกษาตอนปลาย,หนองบัวลำภู,ไตรมาสที่ 2,ระดับการศึกษาที่สำเร็จ,คน
16045.0,870,2568,การสำรวจภาวะการทำงานของประชากร ระดับจังหวัด,หญิง,สำนักงานสถิติจังหวัดหนองบัวลำภู,อุดมศึกษา,หนองบัวลำภู,ไตรมาสที่ 2,ระดับการศึกษาที่สำเร็จ,คน
 -   ,871,2568,การสำรวจภาวะการทำงานของประชากร ระดับจังหวัด,หญิง,สำนักงานสถิติจังหวัดหนองบัวลำภู,การศึกษาอื่นๆ,หนองบัวลำภู,ไตรมาสที่ 2,ระดับการศึกษาที่สำเร็จ,คน
 -   ,872,2568,การสำรวจภาวะการทำงานของประชากร ระดับจังหวัด,หญิง,สำนักงานสถิติจังหวัดหนองบัวลำภู,ไม่ทราบ,หนองบัวลำภู,ไตรมาสที่ 2,ระดับการศึกษาที่สำเร็จ,คน
123194.0,873,2568,การสำรวจภาวะการทำงานของประชากร ระดับจังหวัด,ชาย,สำนักงานสถิติจังหวัดหนองบัวลำภู,รวมยอด,หนองบัวลำภู,ไตรมาสที่ 3,ระดับการศึกษาที่สำเร็จ,คน
17486.0,874,2568,การสำรวจภาวะการทำงานของประชากร ระดับจังหวัด,ชาย,สำนักงานสถิติจังหวัดหนองบัวลำภู,ไม่มีการศึกษาและต่ำกว่าประถมศึกษา,หนองบัวลำภู,ไตรมาสที่ 3,ระดับการศึกษาที่สำเร็จ,คน
44949.0,875,2568,การสำรวจภาวะการทำงานของประชากร ระดับจังหวัด,ชาย,สำนักงานสถิติจังหวัดหนองบัวลำภู,ประถมศึกษา,หนองบัวลำภู,ไตรมาสที่ 3,ระดับการศึกษาที่สำเร็จ,คน
27098.0,876,2568,การสำรวจภาวะการทำงานของประชากร ระดับจังหวัด,ชาย,สำนักงานสถิติจังหวัดหนองบัวลำภู,มัธยมศึกษาตอนต้น,หนองบัวลำภู,ไตรมาสที่ 3,ระดับการศึกษาที่สำเร็จ,คน
19266.0,877,2568,การสำรวจภาวะการทำงานของประชากร ระดับจังหวัด,ชาย,สำนักงานสถิติจังหวัดหนองบัวลำภู,มัธยมศึกษาตอนปลาย,หนองบัวลำภู,ไตรมาสที่ 3,ระดับการศึกษาที่สำเร็จ,คน
14395.0,878,2568,การสำรวจภาวะการทำงานของประชากร ระดับจังหวัด,ชาย,สำนักงานสถิติจังหวัดหนองบัวลำภู,อุดมศึกษา,หนองบัวลำภู,ไตรมาสที่ 3,ระดับการศึกษาที่สำเร็จ,คน
 -   ,879,2568,การสำรวจภาวะการทำงานของประชากร ระดับจังหวัด,ชาย,สำนักงานสถิติจังหวัดหนองบัวลำภู,การศึกษาอื่นๆ,หนองบัวลำภู,ไตรมาสที่ 3,ระดับการศึกษาที่สำเร็จ,คน
 -   ,880,2568,การสำรวจภาวะการทำงานของประชากร ระดับจังหวัด,ชาย,สำนักงานสถิติจังหวัดหนองบัวลำภู,ไม่ทราบ,หนองบัวลำภู,ไตรมาสที่ 3,ระดับการศึกษาที่สำเร็จ,คน
101604.0,881,2568,การสำรวจภาวะการทำงานของประชากร ระดับจังหวัด,หญิง,สำนักงานสถิติจังหวัดหนองบัวลำภู,รวมยอด,หนองบัวลำภู,ไตรมาสที่ 3,ระดับการศึกษาที่สำเร็จ,คน
16529.0,882,2568,การสำรวจภาวะการทำงานของประชากร ระดับจังหวัด,หญิง,สำนักงานสถิติจังหวัดหนองบัวลำภู,ไม่มีการศึกษาและต่ำกว่าประถมศึกษา,หนองบัวลำภู,ไตรมาสที่ 3,ระดับการศึกษาที่สำเร็จ,คน
28094.0,883,2568,การสำรวจภาวะการทำงานของประชากร ระดับจังหวัด,หญิง,สำนักงานสถิติจังหวัดหนองบัวลำภู,ประถมศึกษา,หนองบัวลำภู,ไตรมาสที่ 3,ระดับการศึกษาที่สำเร็จ,คน
14181.0,884,2568,การสำรวจภาวะการทำงานของประชากร ระดับจังหวัด,หญิง,สำนักงานสถิติจังหวัดหนองบัวลำภู,มัธยมศึกษาตอนต้น,หนองบัวลำภู,ไตรมาสที่ 3,ระดับการศึกษาที่สำเร็จ,คน
22484.0,885,2568,การสำรวจภาวะการทำงานของประชากร ระดับจังหวัด,หญิง,สำนักงานสถิติจังหวัดหนองบัวลำภู,มัธยมศึกษาตอนปลาย,หนองบัวลำภู,ไตรมาสที่ 3,ระดับการศึกษาที่สำเร็จ,คน
20315.0,886,2568,การสำรวจภาวะการทำงานของประชากร ระดับจังหวัด,หญิง,สำนักงานสถิติจังหวัดหนองบัวลำภู,อุดมศึกษา,หนองบัวลำภู,ไตรมาสที่ 3,ระดับการศึกษาที่สำเร็จ,คน
 -   ,887,2568,การสำรวจภาวะการทำงานของประชากร ระดับจังหวัด,หญิง,สำนักงานสถิติจังหวัดหนองบัวลำภู,การศึกษาอื่นๆ,หนองบัวลำภู,ไตรมาสที่ 3,ระดับการศึกษาที่สำเร็จ,คน
 -   ,888,2568,การสำรวจภาวะการทำงานของประชากร ระดับจังหวัด,หญิง,สำนักงานสถิติจังหวัดหนองบัวลำภู,ไม่ทราบ,หนองบัวลำภู,ไตรมาสที่ 3,ระดับการศึกษาที่สำเร็จ,คน
