sex,_id,provice,Working status,year,Source,unit,Value
รวม,1, กรุงเทพมหานคร,ผู้มีงานทำทั้งหมด,2555,สำนักงานสถิติแห่งชาติ,คน,5121254
รวม,2,ภาคกลาง,ผู้มีงานทำทั้งหมด,2555,สำนักงานสถิติแห่งชาติ,คน,11292423
รวม,3, สมุทรปราการ,ผู้มีงานทำทั้งหมด,2555,สำนักงานสถิติแห่งชาติ,คน,1143032
รวม,4, นนทบุรี,ผู้มีงานทำทั้งหมด,2555,สำนักงานสถิติแห่งชาติ,คน,832535
รวม,5, ปทุมธานี,ผู้มีงานทำทั้งหมด,2555,สำนักงานสถิติแห่งชาติ,คน,846557
รวม,6, พระนครศรีอยุธยา,ผู้มีงานทำทั้งหมด,2555,สำนักงานสถิติแห่งชาติ,คน,511469
รวม,7, อ่างทอง,ผู้มีงานทำทั้งหมด,2555,สำนักงานสถิติแห่งชาติ,คน,141929
รวม,8, ลพบุรี,ผู้มีงานทำทั้งหมด,2555,สำนักงานสถิติแห่งชาติ,คน,457429
รวม,9, สิงห์บุรี,ผู้มีงานทำทั้งหมด,2555,สำนักงานสถิติแห่งชาติ,คน,114486
รวม,10, ชัยนาท,ผู้มีงานทำทั้งหมด,2555,สำนักงานสถิติแห่งชาติ,คน,172678
รวม,11,สระบุรี,ผู้มีงานทำทั้งหมด,2555,สำนักงานสถิติแห่งชาติ,คน,415962
รวม,12,ชลบุรี,ผู้มีงานทำทั้งหมด,2555,สำนักงานสถิติแห่งชาติ,คน,1059237
รวม,13, ระยอง,ผู้มีงานทำทั้งหมด,2555,สำนักงานสถิติแห่งชาติ,คน,528460
รวม,14,จันทบุรี,ผู้มีงานทำทั้งหมด,2555,สำนักงานสถิติแห่งชาติ,คน,301170
รวม,15, ตราด,ผู้มีงานทำทั้งหมด,2555,สำนักงานสถิติแห่งชาติ,คน,159880
รวม,16,ฉะเชิงเทรา,ผู้มีงานทำทั้งหมด,2555,สำนักงานสถิติแห่งชาติ,คน,431702
รวม,17, ปราจีนบุรี,ผู้มีงานทำทั้งหมด,2555,สำนักงานสถิติแห่งชาติ,คน,337035
รวม,18, นครนายก,ผู้มีงานทำทั้งหมด,2555,สำนักงานสถิติแห่งชาติ,คน,144547
รวม,19,สระแก้ว,ผู้มีงานทำทั้งหมด,2555,สำนักงานสถิติแห่งชาติ,คน,327982
รวม,20, ราชบุรี,ผู้มีงานทำทั้งหมด,2555,สำนักงานสถิติแห่งชาติ,คน,462493
รวม,21, กาญจนบุรี,ผู้มีงานทำทั้งหมด,2555,สำนักงานสถิติแห่งชาติ,คน,470915
รวม,22, สุพรรณบุรี,ผู้มีงานทำทั้งหมด,2555,สำนักงานสถิติแห่งชาติ,คน,500069
รวม,23, นครปฐม,ผู้มีงานทำทั้งหมด,2555,สำนักงานสถิติแห่งชาติ,คน,603245
รวม,24, สมุทรสาคร,ผู้มีงานทำทั้งหมด,2555,สำนักงานสถิติแห่งชาติ,คน,657675
รวม,25, สมุทรสงคราม,ผู้มีงานทำทั้งหมด,2555,สำนักงานสถิติแห่งชาติ,คน,111361
รวม,26, เพชรบุรี,ผู้มีงานทำทั้งหมด,2555,สำนักงานสถิติแห่งชาติ,คน,280484
รวม,27, ประจวบคีรีขันธ์,ผู้มีงานทำทั้งหมด,2555,สำนักงานสถิติแห่งชาติ,คน,280091
รวม,28,ภาคเหนือ,ผู้มีงานทำทั้งหมด,2555,สำนักงานสถิติแห่งชาติ,คน,6738908
รวม,29, เชียงใหม่,ผู้มีงานทำทั้งหมด,2555,สำนักงานสถิติแห่งชาติ,คน,1035053
รวม,30, ลำพูน,ผู้มีงานทำทั้งหมด,2555,สำนักงานสถิติแห่งชาติ,คน,268205
รวม,31, ลำปาง,ผู้มีงานทำทั้งหมด,2555,สำนักงานสถิติแห่งชาติ,คน,438188
รวม,32, อุตรดิตถ์,ผู้มีงานทำทั้งหมด,2555,สำนักงานสถิติแห่งชาติ,คน,241108
รวม,33, แพร่,ผู้มีงานทำทั้งหมด,2555,สำนักงานสถิติแห่งชาติ,คน,255212
รวม,34, น่าน,ผู้มีงานทำทั้งหมด,2555,สำนักงานสถิติแห่งชาติ,คน,267640
รวม,35, พะเยา,ผู้มีงานทำทั้งหมด,2555,สำนักงานสถิติแห่งชาติ,คน,241834
รวม,36, เชียงราย,ผู้มีงานทำทั้งหมด,2555,สำนักงานสถิติแห่งชาติ,คน,689749
รวม,37, แม่ฮ่องสอน,ผู้มีงานทำทั้งหมด,2555,สำนักงานสถิติแห่งชาติ,คน,124530
รวม,38, นครสวรรค์,ผู้มีงานทำทั้งหมด,2555,สำนักงานสถิติแห่งชาติ,คน,580412
รวม,39, อุทัยธานี,ผู้มีงานทำทั้งหมด,2555,สำนักงานสถิติแห่งชาติ,คน,169137
รวม,40, กำแพงเพชร,ผู้มีงานทำทั้งหมด,2555,สำนักงานสถิติแห่งชาติ,คน,448828
รวม,41, ตาก,ผู้มีงานทำทั้งหมด,2555,สำนักงานสถิติแห่งชาติ,คน,281239
รวม,42, สุโขทัย,ผู้มีงานทำทั้งหมด,2555,สำนักงานสถิติแห่งชาติ,คน,376359
รวม,43, พิษณุโลก,ผู้มีงานทำทั้งหมด,2555,สำนักงานสถิติแห่งชาติ,คน,501671
รวม,44, พิจิตร,ผู้มีงานทำทั้งหมด,2555,สำนักงานสถิติแห่งชาติ,คน,309744
รวม,45, เพชรบูรณ์,ผู้มีงานทำทั้งหมด,2555,สำนักงานสถิติแห่งชาติ,คน,510000
รวม,46,ภาคตะวันออกเฉียงเหนือ,ผู้มีงานทำทั้งหมด,2555,สำนักงานสถิติแห่งชาติ,คน,10430723
รวม,47,นครราชสีมา,ผู้มีงานทำทั้งหมด,2555,สำนักงานสถิติแห่งชาติ,คน,1407930
รวม,48, บุรีรัมย์,ผู้มีงานทำทั้งหมด,2555,สำนักงานสถิติแห่งชาติ,คน,602457
รวม,49, สุรินทร์,ผู้มีงานทำทั้งหมด,2555,สำนักงานสถิติแห่งชาติ,คน,588174
รวม,50, ศรีสะเกษ,ผู้มีงานทำทั้งหมด,2555,สำนักงานสถิติแห่งชาติ,คน,591097
รวม,51, อุบลราชธานี,ผู้มีงานทำทั้งหมด,2555,สำนักงานสถิติแห่งชาติ,คน,983186
รวม,52,ยโสธร,ผู้มีงานทำทั้งหมด,2555,สำนักงานสถิติแห่งชาติ,คน,293304
รวม,53,ชัยภูมิ,ผู้มีงานทำทั้งหมด,2555,สำนักงานสถิติแห่งชาติ,คน,549807
รวม,54, อำนาจเจริญ,ผู้มีงานทำทั้งหมด,2555,สำนักงานสถิติแห่งชาติ,คน,164933
รวม,55, บึงกาฬ,ผู้มีงานทำทั้งหมด,2555,สำนักงานสถิติแห่งชาติ,คน,188739
รวม,56, หนองบัวลำภู,ผู้มีงานทำทั้งหมด,2555,สำนักงานสถิติแห่งชาติ,คน,253542
รวม,57, ขอนแก่น,ผู้มีงานทำทั้งหมด,2555,สำนักงานสถิติแห่งชาติ,คน,954968
รวม,58, อุดรธานี,ผู้มีงานทำทั้งหมด,2555,สำนักงานสถิติแห่งชาติ,คน,692990
รวม,59,เลย,ผู้มีงานทำทั้งหมด,2555,สำนักงานสถิติแห่งชาติ,คน,333375
รวม,60, หนองคาย,ผู้มีงานทำทั้งหมด,2555,สำนักงานสถิติแห่งชาติ,คน,234275
รวม,61,มหาสารคาม,ผู้มีงานทำทั้งหมด,2555,สำนักงานสถิติแห่งชาติ,คน,469360
รวม,62, ร้อยเอ็ด,ผู้มีงานทำทั้งหมด,2555,สำนักงานสถิติแห่งชาติ,คน,609113
รวม,63, กาฬสินธุ์,ผู้มีงานทำทั้งหมด,2555,สำนักงานสถิติแห่งชาติ,คน,471032
รวม,64, สกลนคร,ผู้มีงานทำทั้งหมด,2555,สำนักงานสถิติแห่งชาติ,คน,500244
รวม,65, นครพนม,ผู้มีงานทำทั้งหมด,2555,สำนักงานสถิติแห่งชาติ,คน,326651
รวม,66, มุกดาหาร,ผู้มีงานทำทั้งหมด,2555,สำนักงานสถิติแห่งชาติ,คน,215545
รวม,67,ภาคใต้,ผู้มีงานทำทั้งหมด,2555,สำนักงานสถิติแห่งชาติ,คน,5198916
รวม,68, นครศรีธรรมราช,ผู้มีงานทำทั้งหมด,2555,สำนักงานสถิติแห่งชาติ,คน,892683
รวม,69, กระบี่,ผู้มีงานทำทั้งหมด,2555,สำนักงานสถิติแห่งชาติ,คน,223742
รวม,70, พังงา,ผู้มีงานทำทั้งหมด,2555,สำนักงานสถิติแห่งชาติ,คน,148375
รวม,71,ภูเก็ต,ผู้มีงานทำทั้งหมด,2555,สำนักงานสถิติแห่งชาติ,คน,312788
รวม,72,สุราษฎร์ธานี,ผู้มีงานทำทั้งหมด,2555,สำนักงานสถิติแห่งชาติ,คน,613387
รวม,73, ระนอง,ผู้มีงานทำทั้งหมด,2555,สำนักงานสถิติแห่งชาติ,คน,146901
รวม,74, ชุมพร,ผู้มีงานทำทั้งหมด,2555,สำนักงานสถิติแห่งชาติ,คน,296274
รวม,75,สงขลา,ผู้มีงานทำทั้งหมด,2555,สำนักงานสถิติแห่งชาติ,คน,858359
รวม,76, สตูล,ผู้มีงานทำทั้งหมด,2555,สำนักงานสถิติแห่งชาติ,คน,155975
รวม,77, ตรัง,ผู้มีงานทำทั้งหมด,2555,สำนักงานสถิติแห่งชาติ,คน,375129
รวม,78, พัทลุง,ผู้มีงานทำทั้งหมด,2555,สำนักงานสถิติแห่งชาติ,คน,310077
รวม,79, ปัตตานี,ผู้มีงานทำทั้งหมด,2555,สำนักงานสถิติแห่งชาติ,คน,293479
รวม,80, ยะลา,ผู้มีงานทำทั้งหมด,2555,สำนักงานสถิติแห่งชาติ,คน,223818
รวม,81, นราธิวาส,ผู้มีงานทำทั้งหมด,2555,สำนักงานสถิติแห่งชาติ,คน,347928
ชาย,82,จำนวน,ผู้มีงานทำทั้งหมด,2555,สำนักงานสถิติแห่งชาติ,คน,20805746
ชาย,83, กรุงเทพมหานคร,ผู้มีงานทำทั้งหมด,2555,สำนักงานสถิติแห่งชาติ,คน,2722558
ชาย,84,ภาคกลาง,ผู้มีงานทำทั้งหมด,2555,สำนักงานสถิติแห่งชาติ,คน,6050832
ชาย,85, สมุทรปราการ,ผู้มีงานทำทั้งหมด,2555,สำนักงานสถิติแห่งชาติ,คน,611911
ชาย,86, นนทบุรี,ผู้มีงานทำทั้งหมด,2555,สำนักงานสถิติแห่งชาติ,คน,445105
ชาย,87, ปทุมธานี,ผู้มีงานทำทั้งหมด,2555,สำนักงานสถิติแห่งชาติ,คน,445158
ชาย,88, พระนครศรีอยุธยา,ผู้มีงานทำทั้งหมด,2555,สำนักงานสถิติแห่งชาติ,คน,275210
ชาย,89, อ่างทอง,ผู้มีงานทำทั้งหมด,2555,สำนักงานสถิติแห่งชาติ,คน,71618
ชาย,90, ลพบุรี,ผู้มีงานทำทั้งหมด,2555,สำนักงานสถิติแห่งชาติ,คน,248912
ชาย,91, สิงห์บุรี,ผู้มีงานทำทั้งหมด,2555,สำนักงานสถิติแห่งชาติ,คน,58829
ชาย,92, ชัยนาท,ผู้มีงานทำทั้งหมด,2555,สำนักงานสถิติแห่งชาติ,คน,90654
ชาย,93,สระบุรี,ผู้มีงานทำทั้งหมด,2555,สำนักงานสถิติแห่งชาติ,คน,228567
ชาย,94,ชลบุรี,ผู้มีงานทำทั้งหมด,2555,สำนักงานสถิติแห่งชาติ,คน,574355
ชาย,95, ระยอง,ผู้มีงานทำทั้งหมด,2555,สำนักงานสถิติแห่งชาติ,คน,301094
ชาย,96,จันทบุรี,ผู้มีงานทำทั้งหมด,2555,สำนักงานสถิติแห่งชาติ,คน,162407
ชาย,97, ตราด,ผู้มีงานทำทั้งหมด,2555,สำนักงานสถิติแห่งชาติ,คน,91094
ชาย,98,ฉะเชิงเทรา,ผู้มีงานทำทั้งหมด,2555,สำนักงานสถิติแห่งชาติ,คน,234997
ชาย,99, ปราจีนบุรี,ผู้มีงานทำทั้งหมด,2555,สำนักงานสถิติแห่งชาติ,คน,174020
ชาย,100, นครนายก,ผู้มีงานทำทั้งหมด,2555,สำนักงานสถิติแห่งชาติ,คน,78716
ชาย,101,สระแก้ว,ผู้มีงานทำทั้งหมด,2555,สำนักงานสถิติแห่งชาติ,คน,177436
ชาย,102, ราชบุรี,ผู้มีงานทำทั้งหมด,2555,สำนักงานสถิติแห่งชาติ,คน,246519
ชาย,103, กาญจนบุรี,ผู้มีงานทำทั้งหมด,2555,สำนักงานสถิติแห่งชาติ,คน,256208
ชาย,104, สุพรรณบุรี,ผู้มีงานทำทั้งหมด,2555,สำนักงานสถิติแห่งชาติ,คน,260692
ชาย,105, นครปฐม,ผู้มีงานทำทั้งหมด,2555,สำนักงานสถิติแห่งชาติ,คน,311201
ชาย,106, สมุทรสาคร,ผู้มีงานทำทั้งหมด,2555,สำนักงานสถิติแห่งชาติ,คน,346039
ชาย,107, สมุทรสงคราม,ผู้มีงานทำทั้งหมด,2555,สำนักงานสถิติแห่งชาติ,คน,57960
ชาย,108, เพชรบุรี,ผู้มีงานทำทั้งหมด,2555,สำนักงานสถิติแห่งชาติ,คน,149151
ชาย,109, ประจวบคีรีขันธ์,ผู้มีงานทำทั้งหมด,2555,สำนักงานสถิติแห่งชาติ,คน,152979
ชาย,110,ภาคเหนือ,ผู้มีงานทำทั้งหมด,2555,สำนักงานสถิติแห่งชาติ,คน,3587434
ชาย,111, เชียงใหม่,ผู้มีงานทำทั้งหมด,2555,สำนักงานสถิติแห่งชาติ,คน,542764
ชาย,112, ลำพูน,ผู้มีงานทำทั้งหมด,2555,สำนักงานสถิติแห่งชาติ,คน,138803
ชาย,113, ลำปาง,ผู้มีงานทำทั้งหมด,2555,สำนักงานสถิติแห่งชาติ,คน,232646
ชาย,114, อุตรดิตถ์,ผู้มีงานทำทั้งหมด,2555,สำนักงานสถิติแห่งชาติ,คน,131873
ชาย,115, แพร่,ผู้มีงานทำทั้งหมด,2555,สำนักงานสถิติแห่งชาติ,คน,133609
ชาย,116, น่าน,ผู้มีงานทำทั้งหมด,2555,สำนักงานสถิติแห่งชาติ,คน,142833
ชาย,117, พะเยา,ผู้มีงานทำทั้งหมด,2555,สำนักงานสถิติแห่งชาติ,คน,129687
ชาย,118, เชียงราย,ผู้มีงานทำทั้งหมด,2555,สำนักงานสถิติแห่งชาติ,คน,375060
ชาย,119, แม่ฮ่องสอน,ผู้มีงานทำทั้งหมด,2555,สำนักงานสถิติแห่งชาติ,คน,65915
ชาย,120, นครสวรรค์,ผู้มีงานทำทั้งหมด,2555,สำนักงานสถิติแห่งชาติ,คน,303323
ชาย,121, อุทัยธานี,ผู้มีงานทำทั้งหมด,2555,สำนักงานสถิติแห่งชาติ,คน,89336
ชาย,122, กำแพงเพชร,ผู้มีงานทำทั้งหมด,2555,สำนักงานสถิติแห่งชาติ,คน,243594
ชาย,123, ตาก,ผู้มีงานทำทั้งหมด,2555,สำนักงานสถิติแห่งชาติ,คน,156669
ชาย,124, สุโขทัย,ผู้มีงานทำทั้งหมด,2555,สำนักงานสถิติแห่งชาติ,คน,197748
ชาย,125, พิษณุโลก,ผู้มีงานทำทั้งหมด,2555,สำนักงานสถิติแห่งชาติ,คน,262973
ชาย,126, พิจิตร,ผู้มีงานทำทั้งหมด,2555,สำนักงานสถิติแห่งชาติ,คน,162880
ชาย,127, เพชรบูรณ์,ผู้มีงานทำทั้งหมด,2555,สำนักงานสถิติแห่งชาติ,คน,277721
ชาย,128,ภาคตะวันออกเฉียงเหนือ,ผู้มีงานทำทั้งหมด,2555,สำนักงานสถิติแห่งชาติ,คน,5609066
ชาย,129,นครราชสีมา,ผู้มีงานทำทั้งหมด,2555,สำนักงานสถิติแห่งชาติ,คน,759204
ชาย,130, บุรีรัมย์,ผู้มีงานทำทั้งหมด,2555,สำนักงานสถิติแห่งชาติ,คน,326088
ชาย,131, สุรินทร์,ผู้มีงานทำทั้งหมด,2555,สำนักงานสถิติแห่งชาติ,คน,312165
ชาย,132, ศรีสะเกษ,ผู้มีงานทำทั้งหมด,2555,สำนักงานสถิติแห่งชาติ,คน,314580
ชาย,133, อุบลราชธานี,ผู้มีงานทำทั้งหมด,2555,สำนักงานสถิติแห่งชาติ,คน,538779
ชาย,134,ยโสธร,ผู้มีงานทำทั้งหมด,2555,สำนักงานสถิติแห่งชาติ,คน,149902
ชาย,135,ชัยภูมิ,ผู้มีงานทำทั้งหมด,2555,สำนักงานสถิติแห่งชาติ,คน,290737
ชาย,136, อำนาจเจริญ,ผู้มีงานทำทั้งหมด,2555,สำนักงานสถิติแห่งชาติ,คน,86562
ชาย,137, บึงกาฬ,ผู้มีงานทำทั้งหมด,2555,สำนักงานสถิติแห่งชาติ,คน,103153
ชาย,138, หนองบัวลำภู,ผู้มีงานทำทั้งหมด,2555,สำนักงานสถิติแห่งชาติ,คน,139518
ชาย,139, ขอนแก่น,ผู้มีงานทำทั้งหมด,2555,สำนักงานสถิติแห่งชาติ,คน,514482
ชาย,140, อุดรธานี,ผู้มีงานทำทั้งหมด,2555,สำนักงานสถิติแห่งชาติ,คน,374461
ชาย,141,เลย,ผู้มีงานทำทั้งหมด,2555,สำนักงานสถิติแห่งชาติ,คน,179520
ชาย,142, หนองคาย,ผู้มีงานทำทั้งหมด,2555,สำนักงานสถิติแห่งชาติ,คน,127972
ชาย,143,มหาสารคาม,ผู้มีงานทำทั้งหมด,2555,สำนักงานสถิติแห่งชาติ,คน,249439
ชาย,144, ร้อยเอ็ด,ผู้มีงานทำทั้งหมด,2555,สำนักงานสถิติแห่งชาติ,คน,327733
ชาย,145, กาฬสินธุ์,ผู้มีงานทำทั้งหมด,2555,สำนักงานสถิติแห่งชาติ,คน,249079
ชาย,146, สกลนคร,ผู้มีงานทำทั้งหมด,2555,สำนักงานสถิติแห่งชาติ,คน,277628
ชาย,147, นครพนม,ผู้มีงานทำทั้งหมด,2555,สำนักงานสถิติแห่งชาติ,คน,174236
ชาย,148, มุกดาหาร,ผู้มีงานทำทั้งหมด,2555,สำนักงานสถิติแห่งชาติ,คน,113829
ชาย,149,ภาคใต้,ผู้มีงานทำทั้งหมด,2555,สำนักงานสถิติแห่งชาติ,คน,2835856
ชาย,150, นครศรีธรรมราช,ผู้มีงานทำทั้งหมด,2555,สำนักงานสถิติแห่งชาติ,คน,475747
ชาย,151, กระบี่,ผู้มีงานทำทั้งหมด,2555,สำนักงานสถิติแห่งชาติ,คน,122961
ชาย,152, พังงา,ผู้มีงานทำทั้งหมด,2555,สำนักงานสถิติแห่งชาติ,คน,89579
ชาย,153,ภูเก็ต,ผู้มีงานทำทั้งหมด,2555,สำนักงานสถิติแห่งชาติ,คน,175534
ชาย,154,สุราษฎร์ธานี,ผู้มีงานทำทั้งหมด,2555,สำนักงานสถิติแห่งชาติ,คน,332748
ชาย,155, ระนอง,ผู้มีงานทำทั้งหมด,2555,สำนักงานสถิติแห่งชาติ,คน,86632
ชาย,156, ชุมพร,ผู้มีงานทำทั้งหมด,2555,สำนักงานสถิติแห่งชาติ,คน,166404
ชาย,157,สงขลา,ผู้มีงานทำทั้งหมด,2555,สำนักงานสถิติแห่งชาติ,คน,455010
ชาย,158, สตูล,ผู้มีงานทำทั้งหมด,2555,สำนักงานสถิติแห่งชาติ,คน,89638
ชาย,159, ตรัง,ผู้มีงานทำทั้งหมด,2555,สำนักงานสถิติแห่งชาติ,คน,196101
ชาย,160, พัทลุง,ผู้มีงานทำทั้งหมด,2555,สำนักงานสถิติแห่งชาติ,คน,158589
ชาย,161, ปัตตานี,ผู้มีงานทำทั้งหมด,2555,สำนักงานสถิติแห่งชาติ,คน,164873
ชาย,162, ยะลา,ผู้มีงานทำทั้งหมด,2555,สำนักงานสถิติแห่งชาติ,คน,124074
ชาย,163, นราธิวาส,ผู้มีงานทำทั้งหมด,2555,สำนักงานสถิติแห่งชาติ,คน,197964
หญิง,164,จำนวน,ผู้มีงานทำทั้งหมด,2555,สำนักงานสถิติแห่งชาติ,คน,17976478
หญิง,165, กรุงเทพมหานคร,ผู้มีงานทำทั้งหมด,2555,สำนักงานสถิติแห่งชาติ,คน,2398697
หญิง,166,ภาคกลาง,ผู้มีงานทำทั้งหมด,2555,สำนักงานสถิติแห่งชาติ,คน,5241592
หญิง,167, สมุทรปราการ,ผู้มีงานทำทั้งหมด,2555,สำนักงานสถิติแห่งชาติ,คน,531120
หญิง,168, นนทบุรี,ผู้มีงานทำทั้งหมด,2555,สำนักงานสถิติแห่งชาติ,คน,387430
หญิง,169, ปทุมธานี,ผู้มีงานทำทั้งหมด,2555,สำนักงานสถิติแห่งชาติ,คน,401398
หญิง,170, พระนครศรีอยุธยา,ผู้มีงานทำทั้งหมด,2555,สำนักงานสถิติแห่งชาติ,คน,236259
หญิง,171, อ่างทอง,ผู้มีงานทำทั้งหมด,2555,สำนักงานสถิติแห่งชาติ,คน,70312
หญิง,172, ลพบุรี,ผู้มีงานทำทั้งหมด,2555,สำนักงานสถิติแห่งชาติ,คน,208517
หญิง,173, สิงห์บุรี,ผู้มีงานทำทั้งหมด,2555,สำนักงานสถิติแห่งชาติ,คน,55657
หญิง,174, ชัยนาท,ผู้มีงานทำทั้งหมด,2555,สำนักงานสถิติแห่งชาติ,คน,82024
หญิง,175,สระบุรี,ผู้มีงานทำทั้งหมด,2555,สำนักงานสถิติแห่งชาติ,คน,187395
หญิง,176,ชลบุรี,ผู้มีงานทำทั้งหมด,2555,สำนักงานสถิติแห่งชาติ,คน,484882
หญิง,177, ระยอง,ผู้มีงานทำทั้งหมด,2555,สำนักงานสถิติแห่งชาติ,คน,227366
หญิง,178,จันทบุรี,ผู้มีงานทำทั้งหมด,2555,สำนักงานสถิติแห่งชาติ,คน,138763
หญิง,179, ตราด,ผู้มีงานทำทั้งหมด,2555,สำนักงานสถิติแห่งชาติ,คน,68786
หญิง,180,ฉะเชิงเทรา,ผู้มีงานทำทั้งหมด,2555,สำนักงานสถิติแห่งชาติ,คน,196706
หญิง,181, ปราจีนบุรี,ผู้มีงานทำทั้งหมด,2555,สำนักงานสถิติแห่งชาติ,คน,163015
หญิง,182, นครนายก,ผู้มีงานทำทั้งหมด,2555,สำนักงานสถิติแห่งชาติ,คน,65830
หญิง,183,สระแก้ว,ผู้มีงานทำทั้งหมด,2555,สำนักงานสถิติแห่งชาติ,คน,150546
หญิง,184, ราชบุรี,ผู้มีงานทำทั้งหมด,2555,สำนักงานสถิติแห่งชาติ,คน,215974
หญิง,185, กาญจนบุรี,ผู้มีงานทำทั้งหมด,2555,สำนักงานสถิติแห่งชาติ,คน,214708
หญิง,186, สุพรรณบุรี,ผู้มีงานทำทั้งหมด,2555,สำนักงานสถิติแห่งชาติ,คน,239377
หญิง,187, นครปฐม,ผู้มีงานทำทั้งหมด,2555,สำนักงานสถิติแห่งชาติ,คน,292044
หญิง,188, สมุทรสาคร,ผู้มีงานทำทั้งหมด,2555,สำนักงานสถิติแห่งชาติ,คน,311636
หญิง,189, สมุทรสงคราม,ผู้มีงานทำทั้งหมด,2555,สำนักงานสถิติแห่งชาติ,คน,53401
หญิง,190, เพชรบุรี,ผู้มีงานทำทั้งหมด,2555,สำนักงานสถิติแห่งชาติ,คน,131333
หญิง,191, ประจวบคีรีขันธ์,ผู้มีงานทำทั้งหมด,2555,สำนักงานสถิติแห่งชาติ,คน,127112
หญิง,192,ภาคเหนือ,ผู้มีงานทำทั้งหมด,2555,สำนักงานสถิติแห่งชาติ,คน,3151474
หญิง,193, เชียงใหม่,ผู้มีงานทำทั้งหมด,2555,สำนักงานสถิติแห่งชาติ,คน,492289
หญิง,194, ลำพูน,ผู้มีงานทำทั้งหมด,2555,สำนักงานสถิติแห่งชาติ,คน,129402
หญิง,195, ลำปาง,ผู้มีงานทำทั้งหมด,2555,สำนักงานสถิติแห่งชาติ,คน,205542
หญิง,196, อุตรดิตถ์,ผู้มีงานทำทั้งหมด,2555,สำนักงานสถิติแห่งชาติ,คน,109235
หญิง,197, แพร่,ผู้มีงานทำทั้งหมด,2555,สำนักงานสถิติแห่งชาติ,คน,121603
หญิง,198, น่าน,ผู้มีงานทำทั้งหมด,2555,สำนักงานสถิติแห่งชาติ,คน,124807
หญิง,199, พะเยา,ผู้มีงานทำทั้งหมด,2555,สำนักงานสถิติแห่งชาติ,คน,112146
หญิง,200, เชียงราย,ผู้มีงานทำทั้งหมด,2555,สำนักงานสถิติแห่งชาติ,คน,314690
หญิง,201, แม่ฮ่องสอน,ผู้มีงานทำทั้งหมด,2555,สำนักงานสถิติแห่งชาติ,คน,58614
หญิง,202, นครสวรรค์,ผู้มีงานทำทั้งหมด,2555,สำนักงานสถิติแห่งชาติ,คน,277089
หญิง,203, อุทัยธานี,ผู้มีงานทำทั้งหมด,2555,สำนักงานสถิติแห่งชาติ,คน,79801
หญิง,204, กำแพงเพชร,ผู้มีงานทำทั้งหมด,2555,สำนักงานสถิติแห่งชาติ,คน,205235
หญิง,205, ตาก,ผู้มีงานทำทั้งหมด,2555,สำนักงานสถิติแห่งชาติ,คน,124570
หญิง,206, สุโขทัย,ผู้มีงานทำทั้งหมด,2555,สำนักงานสถิติแห่งชาติ,คน,178612
หญิง,207, พิษณุโลก,ผู้มีงานทำทั้งหมด,2555,สำนักงานสถิติแห่งชาติ,คน,238698
หญิง,208, พิจิตร,ผู้มีงานทำทั้งหมด,2555,สำนักงานสถิติแห่งชาติ,คน,146863
หญิง,209, เพชรบูรณ์,ผู้มีงานทำทั้งหมด,2555,สำนักงานสถิติแห่งชาติ,คน,232279
หญิง,210,ภาคตะวันออกเฉียงเหนือ,ผู้มีงานทำทั้งหมด,2555,สำนักงานสถิติแห่งชาติ,คน,4821656
หญิง,211,นครราชสีมา,ผู้มีงานทำทั้งหมด,2555,สำนักงานสถิติแห่งชาติ,คน,648726
หญิง,212, บุรีรัมย์,ผู้มีงานทำทั้งหมด,2555,สำนักงานสถิติแห่งชาติ,คน,276369
หญิง,213, สุรินทร์,ผู้มีงานทำทั้งหมด,2555,สำนักงานสถิติแห่งชาติ,คน,276009
หญิง,214, ศรีสะเกษ,ผู้มีงานทำทั้งหมด,2555,สำนักงานสถิติแห่งชาติ,คน,276517
หญิง,215, อุบลราชธานี,ผู้มีงานทำทั้งหมด,2555,สำนักงานสถิติแห่งชาติ,คน,444407
หญิง,216,ยโสธร,ผู้มีงานทำทั้งหมด,2555,สำนักงานสถิติแห่งชาติ,คน,143402
หญิง,217,ชัยภูมิ,ผู้มีงานทำทั้งหมด,2555,สำนักงานสถิติแห่งชาติ,คน,259071
หญิง,218, อำนาจเจริญ,ผู้มีงานทำทั้งหมด,2555,สำนักงานสถิติแห่งชาติ,คน,78371
หญิง,219, บึงกาฬ,ผู้มีงานทำทั้งหมด,2555,สำนักงานสถิติแห่งชาติ,คน,85586
หญิง,220, หนองบัวลำภู,ผู้มีงานทำทั้งหมด,2555,สำนักงานสถิติแห่งชาติ,คน,114024
หญิง,221, ขอนแก่น,ผู้มีงานทำทั้งหมด,2555,สำนักงานสถิติแห่งชาติ,คน,440486
หญิง,222, อุดรธานี,ผู้มีงานทำทั้งหมด,2555,สำนักงานสถิติแห่งชาติ,คน,318529
หญิง,223,เลย,ผู้มีงานทำทั้งหมด,2555,สำนักงานสถิติแห่งชาติ,คน,153855
หญิง,224, หนองคาย,ผู้มีงานทำทั้งหมด,2555,สำนักงานสถิติแห่งชาติ,คน,106303
หญิง,225,มหาสารคาม,ผู้มีงานทำทั้งหมด,2555,สำนักงานสถิติแห่งชาติ,คน,219921
หญิง,226, ร้อยเอ็ด,ผู้มีงานทำทั้งหมด,2555,สำนักงานสถิติแห่งชาติ,คน,281381
หญิง,227, กาฬสินธุ์,ผู้มีงานทำทั้งหมด,2555,สำนักงานสถิติแห่งชาติ,คน,221953
หญิง,228, สกลนคร,ผู้มีงานทำทั้งหมด,2555,สำนักงานสถิติแห่งชาติ,คน,222616
หญิง,229, นครพนม,ผู้มีงานทำทั้งหมด,2555,สำนักงานสถิติแห่งชาติ,คน,152415
หญิง,230, มุกดาหาร,ผู้มีงานทำทั้งหมด,2555,สำนักงานสถิติแห่งชาติ,คน,101716
หญิง,231,ภาคใต้,ผู้มีงานทำทั้งหมด,2555,สำนักงานสถิติแห่งชาติ,คน,2363060
หญิง,232, นครศรีธรรมราช,ผู้มีงานทำทั้งหมด,2555,สำนักงานสถิติแห่งชาติ,คน,416936
หญิง,233, กระบี่,ผู้มีงานทำทั้งหมด,2555,สำนักงานสถิติแห่งชาติ,คน,100781
หญิง,234, พังงา,ผู้มีงานทำทั้งหมด,2555,สำนักงานสถิติแห่งชาติ,คน,58796
หญิง,235,ภูเก็ต,ผู้มีงานทำทั้งหมด,2555,สำนักงานสถิติแห่งชาติ,คน,137254
หญิง,236,สุราษฎร์ธานี,ผู้มีงานทำทั้งหมด,2555,สำนักงานสถิติแห่งชาติ,คน,280639
หญิง,237, ระนอง,ผู้มีงานทำทั้งหมด,2555,สำนักงานสถิติแห่งชาติ,คน,60269
หญิง,238, ชุมพร,ผู้มีงานทำทั้งหมด,2555,สำนักงานสถิติแห่งชาติ,คน,129870
หญิง,239,สงขลา,ผู้มีงานทำทั้งหมด,2555,สำนักงานสถิติแห่งชาติ,คน,403349
หญิง,240, สตูล,ผู้มีงานทำทั้งหมด,2555,สำนักงานสถิติแห่งชาติ,คน,66337
หญิง,241, ตรัง,ผู้มีงานทำทั้งหมด,2555,สำนักงานสถิติแห่งชาติ,คน,179028
หญิง,242, พัทลุง,ผู้มีงานทำทั้งหมด,2555,สำนักงานสถิติแห่งชาติ,คน,151488
หญิง,243, ปัตตานี,ผู้มีงานทำทั้งหมด,2555,สำนักงานสถิติแห่งชาติ,คน,128606
หญิง,244, ยะลา,ผู้มีงานทำทั้งหมด,2555,สำนักงานสถิติแห่งชาติ,คน,99744
หญิง,245, นราธิวาส,ผู้มีงานทำทั้งหมด,2555,สำนักงานสถิติแห่งชาติ,คน,149964
รวม,246,จำนวน,ผู้สูงอายุที่ทำงาน,2555,สำนักงานสถิติแห่งชาติ,คน,3587326
รวม,247, กรุงเทพมหานคร,ผู้สูงอายุที่ทำงาน,2555,สำนักงานสถิติแห่งชาติ,คน,206926
รวม,248,ภาคกลาง,ผู้สูงอายุที่ทำงาน,2555,สำนักงานสถิติแห่งชาติ,คน,800028
รวม,249, สมุทรปราการ,ผู้สูงอายุที่ทำงาน,2555,สำนักงานสถิติแห่งชาติ,คน,38477
รวม,250, นนทบุรี,ผู้สูงอายุที่ทำงาน,2555,สำนักงานสถิติแห่งชาติ,คน,31516
รวม,251, ปทุมธานี,ผู้สูงอายุที่ทำงาน,2555,สำนักงานสถิติแห่งชาติ,คน,20936
รวม,252, พระนครศรีอยุธยา,ผู้สูงอายุที่ทำงาน,2555,สำนักงานสถิติแห่งชาติ,คน,32842
รวม,253, อ่างทอง,ผู้สูงอายุที่ทำงาน,2555,สำนักงานสถิติแห่งชาติ,คน,18158
รวม,254, ลพบุรี,ผู้สูงอายุที่ทำงาน,2555,สำนักงานสถิติแห่งชาติ,คน,50721
รวม,255, สิงห์บุรี,ผู้สูงอายุที่ทำงาน,2555,สำนักงานสถิติแห่งชาติ,คน,13422
รวม,256, ชัยนาท,ผู้สูงอายุที่ทำงาน,2555,สำนักงานสถิติแห่งชาติ,คน,22937
รวม,257,สระบุรี,ผู้สูงอายุที่ทำงาน,2555,สำนักงานสถิติแห่งชาติ,คน,31444
รวม,258,ชลบุรี,ผู้สูงอายุที่ทำงาน,2555,สำนักงานสถิติแห่งชาติ,คน,56162
รวม,259, ระยอง,ผู้สูงอายุที่ทำงาน,2555,สำนักงานสถิติแห่งชาติ,คน,34958
รวม,260,จันทบุรี,ผู้สูงอายุที่ทำงาน,2555,สำนักงานสถิติแห่งชาติ,คน,28097
รวม,261, ตราด,ผู้สูงอายุที่ทำงาน,2555,สำนักงานสถิติแห่งชาติ,คน,15224
รวม,262,ฉะเชิงเทรา,ผู้สูงอายุที่ทำงาน,2555,สำนักงานสถิติแห่งชาติ,คน,34244
รวม,263, ปราจีนบุรี,ผู้สูงอายุที่ทำงาน,2555,สำนักงานสถิติแห่งชาติ,คน,32399
รวม,264, นครนายก,ผู้สูงอายุที่ทำงาน,2555,สำนักงานสถิติแห่งชาติ,คน,15657
รวม,265,สระแก้ว,ผู้สูงอายุที่ทำงาน,2555,สำนักงานสถิติแห่งชาติ,คน,40268
รวม,266, ราชบุรี,ผู้สูงอายุที่ทำงาน,2555,สำนักงานสถิติแห่งชาติ,คน,50908
รวม,267, กาญจนบุรี,ผู้สูงอายุที่ทำงาน,2555,สำนักงานสถิติแห่งชาติ,คน,43136
รวม,268, สุพรรณบุรี,ผู้สูงอายุที่ทำงาน,2555,สำนักงานสถิติแห่งชาติ,คน,49494
รวม,269, นครปฐม,ผู้สูงอายุที่ทำงาน,2555,สำนักงานสถิติแห่งชาติ,คน,46883
รวม,270, สมุทรสาคร,ผู้สูงอายุที่ทำงาน,2555,สำนักงานสถิติแห่งชาติ,คน,21367
รวม,271, สมุทรสงคราม,ผู้สูงอายุที่ทำงาน,2555,สำนักงานสถิติแห่งชาติ,คน,14584
รวม,272, เพชรบุรี,ผู้สูงอายุที่ทำงาน,2555,สำนักงานสถิติแห่งชาติ,คน,32217
รวม,273, ประจวบคีรีขันธ์,ผู้สูงอายุที่ทำงาน,2555,สำนักงานสถิติแห่งชาติ,คน,23978
รวม,274,ภาคเหนือ,ผู้สูงอายุที่ทำงาน,2555,สำนักงานสถิติแห่งชาติ,คน,793068
รวม,275, เชียงใหม่,ผู้สูงอายุที่ทำงาน,2555,สำนักงานสถิติแห่งชาติ,คน,100704
รวม,276, ลำพูน,ผู้สูงอายุที่ทำงาน,2555,สำนักงานสถิติแห่งชาติ,คน,29910
รวม,277, ลำปาง,ผู้สูงอายุที่ทำงาน,2555,สำนักงานสถิติแห่งชาติ,คน,55339
รวม,278, อุตรดิตถ์,ผู้สูงอายุที่ทำงาน,2555,สำนักงานสถิติแห่งชาติ,คน,31811
รวม,279, แพร่,ผู้สูงอายุที่ทำงาน,2555,สำนักงานสถิติแห่งชาติ,คน,37100
รวม,280, น่าน,ผู้สูงอายุที่ทำงาน,2555,สำนักงานสถิติแห่งชาติ,คน,31602
รวม,281, พะเยา,ผู้สูงอายุที่ทำงาน,2555,สำนักงานสถิติแห่งชาติ,คน,28564
รวม,282, เชียงราย,ผู้สูงอายุที่ทำงาน,2555,สำนักงานสถิติแห่งชาติ,คน,80331
รวม,283, แม่ฮ่องสอน,ผู้สูงอายุที่ทำงาน,2555,สำนักงานสถิติแห่งชาติ,คน,12121
รวม,284, นครสวรรค์,ผู้สูงอายุที่ทำงาน,2555,สำนักงานสถิติแห่งชาติ,คน,78033
รวม,285, อุทัยธานี,ผู้สูงอายุที่ทำงาน,2555,สำนักงานสถิติแห่งชาติ,คน,23584
รวม,286, กำแพงเพชร,ผู้สูงอายุที่ทำงาน,2555,สำนักงานสถิติแห่งชาติ,คน,53324
รวม,287, ตาก,ผู้สูงอายุที่ทำงาน,2555,สำนักงานสถิติแห่งชาติ,คน,24798
รวม,288, สุโขทัย,ผู้สูงอายุที่ทำงาน,2555,สำนักงานสถิติแห่งชาติ,คน,54723
รวม,289, พิษณุโลก,ผู้สูงอายุที่ทำงาน,2555,สำนักงานสถิติแห่งชาติ,คน,49362
รวม,290, พิจิตร,ผู้สูงอายุที่ทำงาน,2555,สำนักงานสถิติแห่งชาติ,คน,43752
รวม,291, เพชรบูรณ์,ผู้สูงอายุที่ทำงาน,2555,สำนักงานสถิติแห่งชาติ,คน,58011
รวม,292,ภาคตะวันออกเฉียงเหนือ,ผู้สูงอายุที่ทำงาน,2555,สำนักงานสถิติแห่งชาติ,คน,1273176
รวม,293,นครราชสีมา,ผู้สูงอายุที่ทำงาน,2555,สำนักงานสถิติแห่งชาติ,คน,155215
รวม,294, บุรีรัมย์,ผู้สูงอายุที่ทำงาน,2555,สำนักงานสถิติแห่งชาติ,คน,76698
รวม,295, สุรินทร์,ผู้สูงอายุที่ทำงาน,2555,สำนักงานสถิติแห่งชาติ,คน,96328
รวม,296, ศรีสะเกษ,ผู้สูงอายุที่ทำงาน,2555,สำนักงานสถิติแห่งชาติ,คน,89660
รวม,297, อุบลราชธานี,ผู้สูงอายุที่ทำงาน,2555,สำนักงานสถิติแห่งชาติ,คน,93512
รวม,298,ยโสธร,ผู้สูงอายุที่ทำงาน,2555,สำนักงานสถิติแห่งชาติ,คน,45961
รวม,299,ชัยภูมิ,ผู้สูงอายุที่ทำงาน,2555,สำนักงานสถิติแห่งชาติ,คน,81855
รวม,300, อำนาจเจริญ,ผู้สูงอายุที่ทำงาน,2555,สำนักงานสถิติแห่งชาติ,คน,20775
รวม,301, บึงกาฬ,ผู้สูงอายุที่ทำงาน,2555,สำนักงานสถิติแห่งชาติ,คน,11884
รวม,302, หนองบัวลำภู,ผู้สูงอายุที่ทำงาน,2555,สำนักงานสถิติแห่งชาติ,คน,27493
รวม,303, ขอนแก่น,ผู้สูงอายุที่ทำงาน,2555,สำนักงานสถิติแห่งชาติ,คน,96828
รวม,304, อุดรธานี,ผู้สูงอายุที่ทำงาน,2555,สำนักงานสถิติแห่งชาติ,คน,67351
รวม,305,เลย,ผู้สูงอายุที่ทำงาน,2555,สำนักงานสถิติแห่งชาติ,คน,37118
รวม,306, หนองคาย,ผู้สูงอายุที่ทำงาน,2555,สำนักงานสถิติแห่งชาติ,คน,22890
รวม,307,มหาสารคาม,ผู้สูงอายุที่ทำงาน,2555,สำนักงานสถิติแห่งชาติ,คน,69028
รวม,308, ร้อยเอ็ด,ผู้สูงอายุที่ทำงาน,2555,สำนักงานสถิติแห่งชาติ,คน,100879
รวม,309, กาฬสินธุ์,ผู้สูงอายุที่ทำงาน,2555,สำนักงานสถิติแห่งชาติ,คน,62253
รวม,310, สกลนคร,ผู้สูงอายุที่ทำงาน,2555,สำนักงานสถิติแห่งชาติ,คน,52090
รวม,311, นครพนม,ผู้สูงอายุที่ทำงาน,2555,สำนักงานสถิติแห่งชาติ,คน,39687
รวม,312, มุกดาหาร,ผู้สูงอายุที่ทำงาน,2555,สำนักงานสถิติแห่งชาติ,คน,25671
รวม,313,ภาคใต้,ผู้สูงอายุที่ทำงาน,2555,สำนักงานสถิติแห่งชาติ,คน,514129
รวม,314, นครศรีธรรมราช,ผู้สูงอายุที่ทำงาน,2555,สำนักงานสถิติแห่งชาติ,คน,138724
รวม,315, กระบี่,ผู้สูงอายุที่ทำงาน,2555,สำนักงานสถิติแห่งชาติ,คน,15768
รวม,316, พังงา,ผู้สูงอายุที่ทำงาน,2555,สำนักงานสถิติแห่งชาติ,คน,11402
รวม,317,ภูเก็ต,ผู้สูงอายุที่ทำงาน,2555,สำนักงานสถิติแห่งชาติ,คน,13458
รวม,318,สุราษฎร์ธานี,ผู้สูงอายุที่ทำงาน,2555,สำนักงานสถิติแห่งชาติ,คน,40884
รวม,319, ระนอง,ผู้สูงอายุที่ทำงาน,2555,สำนักงานสถิติแห่งชาติ,คน,10085
รวม,320, ชุมพร,ผู้สูงอายุที่ทำงาน,2555,สำนักงานสถิติแห่งชาติ,คน,30593
รวม,321,สงขลา,ผู้สูงอายุที่ทำงาน,2555,สำนักงานสถิติแห่งชาติ,คน,81174
รวม,322, สตูล,ผู้สูงอายุที่ทำงาน,2555,สำนักงานสถิติแห่งชาติ,คน,11914
รวม,323, ตรัง,ผู้สูงอายุที่ทำงาน,2555,สำนักงานสถิติแห่งชาติ,คน,35482
รวม,324, พัทลุง,ผู้สูงอายุที่ทำงาน,2555,สำนักงานสถิติแห่งชาติ,คน,48448
รวม,325, ปัตตานี,ผู้สูงอายุที่ทำงาน,2555,สำนักงานสถิติแห่งชาติ,คน,31382
รวม,326, ยะลา,ผู้สูงอายุที่ทำงาน,2555,สำนักงานสถิติแห่งชาติ,คน,17942
รวม,327, นราธิวาส,ผู้สูงอายุที่ทำงาน,2555,สำนักงานสถิติแห่งชาติ,คน,26871
ชาย,328,จำนวน,ผู้สูงอายุที่ทำงาน,2555,สำนักงานสถิติแห่งชาติ,คน,2074375
ชาย,329, กรุงเทพมหานคร,ผู้สูงอายุที่ทำงาน,2555,สำนักงานสถิติแห่งชาติ,คน,118469
ชาย,330,ภาคกลาง,ผู้สูงอายุที่ทำงาน,2555,สำนักงานสถิติแห่งชาติ,คน,455988
ชาย,331, สมุทรปราการ,ผู้สูงอายุที่ทำงาน,2555,สำนักงานสถิติแห่งชาติ,คน,22539
ชาย,332, นนทบุรี,ผู้สูงอายุที่ทำงาน,2555,สำนักงานสถิติแห่งชาติ,คน,22178
ชาย,333, ปทุมธานี,ผู้สูงอายุที่ทำงาน,2555,สำนักงานสถิติแห่งชาติ,คน,12821
ชาย,334, พระนครศรีอยุธยา,ผู้สูงอายุที่ทำงาน,2555,สำนักงานสถิติแห่งชาติ,คน,18639
ชาย,335, อ่างทอง,ผู้สูงอายุที่ทำงาน,2555,สำนักงานสถิติแห่งชาติ,คน,9377
ชาย,336, ลพบุรี,ผู้สูงอายุที่ทำงาน,2555,สำนักงานสถิติแห่งชาติ,คน,27762
ชาย,337, สิงห์บุรี,ผู้สูงอายุที่ทำงาน,2555,สำนักงานสถิติแห่งชาติ,คน,7847
ชาย,338, ชัยนาท,ผู้สูงอายุที่ทำงาน,2555,สำนักงานสถิติแห่งชาติ,คน,13199
ชาย,339,สระบุรี,ผู้สูงอายุที่ทำงาน,2555,สำนักงานสถิติแห่งชาติ,คน,18148
ชาย,340,ชลบุรี,ผู้สูงอายุที่ทำงาน,2555,สำนักงานสถิติแห่งชาติ,คน,35441
ชาย,341, ระยอง,ผู้สูงอายุที่ทำงาน,2555,สำนักงานสถิติแห่งชาติ,คน,21830
ชาย,342,จันทบุรี,ผู้สูงอายุที่ทำงาน,2555,สำนักงานสถิติแห่งชาติ,คน,16579
ชาย,343, ตราด,ผู้สูงอายุที่ทำงาน,2555,สำนักงานสถิติแห่งชาติ,คน,9487
ชาย,344,ฉะเชิงเทรา,ผู้สูงอายุที่ทำงาน,2555,สำนักงานสถิติแห่งชาติ,คน,20455
ชาย,345, ปราจีนบุรี,ผู้สูงอายุที่ทำงาน,2555,สำนักงานสถิติแห่งชาติ,คน,16393
ชาย,346, นครนายก,ผู้สูงอายุที่ทำงาน,2555,สำนักงานสถิติแห่งชาติ,คน,9136
ชาย,347,สระแก้ว,ผู้สูงอายุที่ทำงาน,2555,สำนักงานสถิติแห่งชาติ,คน,23032
ชาย,348, ราชบุรี,ผู้สูงอายุที่ทำงาน,2555,สำนักงานสถิติแห่งชาติ,คน,29784
ชาย,349, กาญจนบุรี,ผู้สูงอายุที่ทำงาน,2555,สำนักงานสถิติแห่งชาติ,คน,24301
ชาย,350, สุพรรณบุรี,ผู้สูงอายุที่ทำงาน,2555,สำนักงานสถิติแห่งชาติ,คน,25837
ชาย,351, นครปฐม,ผู้สูงอายุที่ทำงาน,2555,สำนักงานสถิติแห่งชาติ,คน,24728
ชาย,352, สมุทรสาคร,ผู้สูงอายุที่ทำงาน,2555,สำนักงานสถิติแห่งชาติ,คน,11382
ชาย,353, สมุทรสงคราม,ผู้สูงอายุที่ทำงาน,2555,สำนักงานสถิติแห่งชาติ,คน,6805
ชาย,354, เพชรบุรี,ผู้สูงอายุที่ทำงาน,2555,สำนักงานสถิติแห่งชาติ,คน,15926
ชาย,355, ประจวบคีรีขันธ์,ผู้สูงอายุที่ทำงาน,2555,สำนักงานสถิติแห่งชาติ,คน,12361
ชาย,356,ภาคเหนือ,ผู้สูงอายุที่ทำงาน,2555,สำนักงานสถิติแห่งชาติ,คน,461258
ชาย,357, เชียงใหม่,ผู้สูงอายุที่ทำงาน,2555,สำนักงานสถิติแห่งชาติ,คน,56356
ชาย,358, ลำพูน,ผู้สูงอายุที่ทำงาน,2555,สำนักงานสถิติแห่งชาติ,คน,17140
ชาย,359, ลำปาง,ผู้สูงอายุที่ทำงาน,2555,สำนักงานสถิติแห่งชาติ,คน,31533
ชาย,360, อุตรดิตถ์,ผู้สูงอายุที่ทำงาน,2555,สำนักงานสถิติแห่งชาติ,คน,19720
ชาย,361, แพร่,ผู้สูงอายุที่ทำงาน,2555,สำนักงานสถิติแห่งชาติ,คน,21369
ชาย,362, น่าน,ผู้สูงอายุที่ทำงาน,2555,สำนักงานสถิติแห่งชาติ,คน,19137
ชาย,363, พะเยา,ผู้สูงอายุที่ทำงาน,2555,สำนักงานสถิติแห่งชาติ,คน,18276
ชาย,364, เชียงราย,ผู้สูงอายุที่ทำงาน,2555,สำนักงานสถิติแห่งชาติ,คน,50117
ชาย,365, แม่ฮ่องสอน,ผู้สูงอายุที่ทำงาน,2555,สำนักงานสถิติแห่งชาติ,คน,7041
ชาย,366, นครสวรรค์,ผู้สูงอายุที่ทำงาน,2555,สำนักงานสถิติแห่งชาติ,คน,44065
ชาย,367, อุทัยธานี,ผู้สูงอายุที่ทำงาน,2555,สำนักงานสถิติแห่งชาติ,คน,13853
ชาย,368, กำแพงเพชร,ผู้สูงอายุที่ทำงาน,2555,สำนักงานสถิติแห่งชาติ,คน,31935
ชาย,369, ตาก,ผู้สูงอายุที่ทำงาน,2555,สำนักงานสถิติแห่งชาติ,คน,15515
ชาย,370, สุโขทัย,ผู้สูงอายุที่ทำงาน,2555,สำนักงานสถิติแห่งชาติ,คน,30849
ชาย,371, พิษณุโลก,ผู้สูงอายุที่ทำงาน,2555,สำนักงานสถิติแห่งชาติ,คน,27148
ชาย,372, พิจิตร,ผู้สูงอายุที่ทำงาน,2555,สำนักงานสถิติแห่งชาติ,คน,25453
ชาย,373, เพชรบูรณ์,ผู้สูงอายุที่ทำงาน,2555,สำนักงานสถิติแห่งชาติ,คน,31751
ชาย,374,ภาคตะวันออกเฉียงเหนือ,ผู้สูงอายุที่ทำงาน,2555,สำนักงานสถิติแห่งชาติ,คน,754090
ชาย,375,นครราชสีมา,ผู้สูงอายุที่ทำงาน,2555,สำนักงานสถิติแห่งชาติ,คน,95010
ชาย,376, บุรีรัมย์,ผู้สูงอายุที่ทำงาน,2555,สำนักงานสถิติแห่งชาติ,คน,46484
ชาย,377, สุรินทร์,ผู้สูงอายุที่ทำงาน,2555,สำนักงานสถิติแห่งชาติ,คน,52920
ชาย,378, ศรีสะเกษ,ผู้สูงอายุที่ทำงาน,2555,สำนักงานสถิติแห่งชาติ,คน,49872
ชาย,379, อุบลราชธานี,ผู้สูงอายุที่ทำงาน,2555,สำนักงานสถิติแห่งชาติ,คน,59661
ชาย,380,ยโสธร,ผู้สูงอายุที่ทำงาน,2555,สำนักงานสถิติแห่งชาติ,คน,25011
ชาย,381,ชัยภูมิ,ผู้สูงอายุที่ทำงาน,2555,สำนักงานสถิติแห่งชาติ,คน,48110
ชาย,382, อำนาจเจริญ,ผู้สูงอายุที่ทำงาน,2555,สำนักงานสถิติแห่งชาติ,คน,12074
ชาย,383, บึงกาฬ,ผู้สูงอายุที่ทำงาน,2555,สำนักงานสถิติแห่งชาติ,คน,8595
ชาย,384, หนองบัวลำภู,ผู้สูงอายุที่ทำงาน,2555,สำนักงานสถิติแห่งชาติ,คน,17115
ชาย,385, ขอนแก่น,ผู้สูงอายุที่ทำงาน,2555,สำนักงานสถิติแห่งชาติ,คน,57210
ชาย,386, อุดรธานี,ผู้สูงอายุที่ทำงาน,2555,สำนักงานสถิติแห่งชาติ,คน,41873
ชาย,387,เลย,ผู้สูงอายุที่ทำงาน,2555,สำนักงานสถิติแห่งชาติ,คน,23502
ชาย,388, หนองคาย,ผู้สูงอายุที่ทำงาน,2555,สำนักงานสถิติแห่งชาติ,คน,14621
ชาย,389,มหาสารคาม,ผู้สูงอายุที่ทำงาน,2555,สำนักงานสถิติแห่งชาติ,คน,40951
ชาย,390, ร้อยเอ็ด,ผู้สูงอายุที่ทำงาน,2555,สำนักงานสถิติแห่งชาติ,คน,57232
ชาย,391, กาฬสินธุ์,ผู้สูงอายุที่ทำงาน,2555,สำนักงานสถิติแห่งชาติ,คน,35628
ชาย,392, สกลนคร,ผู้สูงอายุที่ทำงาน,2555,สำนักงานสถิติแห่งชาติ,คน,31192
ชาย,393, นครพนม,ผู้สูงอายุที่ทำงาน,2555,สำนักงานสถิติแห่งชาติ,คน,23166
ชาย,394, มุกดาหาร,ผู้สูงอายุที่ทำงาน,2555,สำนักงานสถิติแห่งชาติ,คน,13862
ชาย,395,ภาคใต้,ผู้สูงอายุที่ทำงาน,2555,สำนักงานสถิติแห่งชาติ,คน,284570
ชาย,396, นครศรีธรรมราช,ผู้สูงอายุที่ทำงาน,2555,สำนักงานสถิติแห่งชาติ,คน,69678
ชาย,397, กระบี่,ผู้สูงอายุที่ทำงาน,2555,สำนักงานสถิติแห่งชาติ,คน,9471
ชาย,398, พังงา,ผู้สูงอายุที่ทำงาน,2555,สำนักงานสถิติแห่งชาติ,คน,7387
ชาย,399,ภูเก็ต,ผู้สูงอายุที่ทำงาน,2555,สำนักงานสถิติแห่งชาติ,คน,9373
ชาย,400,สุราษฎร์ธานี,ผู้สูงอายุที่ทำงาน,2555,สำนักงานสถิติแห่งชาติ,คน,23931
ชาย,401, ระนอง,ผู้สูงอายุที่ทำงาน,2555,สำนักงานสถิติแห่งชาติ,คน,6308
ชาย,402, ชุมพร,ผู้สูงอายุที่ทำงาน,2555,สำนักงานสถิติแห่งชาติ,คน,17691
ชาย,403,สงขลา,ผู้สูงอายุที่ทำงาน,2555,สำนักงานสถิติแห่งชาติ,คน,42396
ชาย,404, สตูล,ผู้สูงอายุที่ทำงาน,2555,สำนักงานสถิติแห่งชาติ,คน,7799
ชาย,405, ตรัง,ผู้สูงอายุที่ทำงาน,2555,สำนักงานสถิติแห่งชาติ,คน,20155
ชาย,406, พัทลุง,ผู้สูงอายุที่ทำงาน,2555,สำนักงานสถิติแห่งชาติ,คน,24763
ชาย,407, ปัตตานี,ผู้สูงอายุที่ทำงาน,2555,สำนักงานสถิติแห่งชาติ,คน,18529
ชาย,408, ยะลา,ผู้สูงอายุที่ทำงาน,2555,สำนักงานสถิติแห่งชาติ,คน,10500
ชาย,409, นราธิวาส,ผู้สูงอายุที่ทำงาน,2555,สำนักงานสถิติแห่งชาติ,คน,16588
หญิง,410,จำนวน,ผู้สูงอายุที่ทำงาน,2555,สำนักงานสถิติแห่งชาติ,คน,1512952
หญิง,411, กรุงเทพมหานคร,ผู้สูงอายุที่ทำงาน,2555,สำนักงานสถิติแห่งชาติ,คน,88456
หญิง,412,ภาคกลาง,ผู้สูงอายุที่ทำงาน,2555,สำนักงานสถิติแห่งชาติ,คน,344040
หญิง,413, สมุทรปราการ,ผู้สูงอายุที่ทำงาน,2555,สำนักงานสถิติแห่งชาติ,คน,15938
หญิง,414, นนทบุรี,ผู้สูงอายุที่ทำงาน,2555,สำนักงานสถิติแห่งชาติ,คน,9339
หญิง,415, ปทุมธานี,ผู้สูงอายุที่ทำงาน,2555,สำนักงานสถิติแห่งชาติ,คน,8115
หญิง,416, พระนครศรีอยุธยา,ผู้สูงอายุที่ทำงาน,2555,สำนักงานสถิติแห่งชาติ,คน,14202
หญิง,417, อ่างทอง,ผู้สูงอายุที่ทำงาน,2555,สำนักงานสถิติแห่งชาติ,คน,8781
หญิง,418, ลพบุรี,ผู้สูงอายุที่ทำงาน,2555,สำนักงานสถิติแห่งชาติ,คน,22959
หญิง,419, สิงห์บุรี,ผู้สูงอายุที่ทำงาน,2555,สำนักงานสถิติแห่งชาติ,คน,5575
หญิง,420, ชัยนาท,ผู้สูงอายุที่ทำงาน,2555,สำนักงานสถิติแห่งชาติ,คน,9738
หญิง,421,สระบุรี,ผู้สูงอายุที่ทำงาน,2555,สำนักงานสถิติแห่งชาติ,คน,13295
หญิง,422,ชลบุรี,ผู้สูงอายุที่ทำงาน,2555,สำนักงานสถิติแห่งชาติ,คน,20721
หญิง,423, ระยอง,ผู้สูงอายุที่ทำงาน,2555,สำนักงานสถิติแห่งชาติ,คน,13128
หญิง,424,จันทบุรี,ผู้สูงอายุที่ทำงาน,2555,สำนักงานสถิติแห่งชาติ,คน,11518
หญิง,425, ตราด,ผู้สูงอายุที่ทำงาน,2555,สำนักงานสถิติแห่งชาติ,คน,5737
หญิง,426,ฉะเชิงเทรา,ผู้สูงอายุที่ทำงาน,2555,สำนักงานสถิติแห่งชาติ,คน,13789
หญิง,427, ปราจีนบุรี,ผู้สูงอายุที่ทำงาน,2555,สำนักงานสถิติแห่งชาติ,คน,16006
หญิง,428, นครนายก,ผู้สูงอายุที่ทำงาน,2555,สำนักงานสถิติแห่งชาติ,คน,6521
หญิง,429,สระแก้ว,ผู้สูงอายุที่ทำงาน,2555,สำนักงานสถิติแห่งชาติ,คน,17236
หญิง,430, ราชบุรี,ผู้สูงอายุที่ทำงาน,2555,สำนักงานสถิติแห่งชาติ,คน,21124
หญิง,431, กาญจนบุรี,ผู้สูงอายุที่ทำงาน,2555,สำนักงานสถิติแห่งชาติ,คน,18834
หญิง,432, สุพรรณบุรี,ผู้สูงอายุที่ทำงาน,2555,สำนักงานสถิติแห่งชาติ,คน,23657
หญิง,433, นครปฐม,ผู้สูงอายุที่ทำงาน,2555,สำนักงานสถิติแห่งชาติ,คน,22155
หญิง,434, สมุทรสาคร,ผู้สูงอายุที่ทำงาน,2555,สำนักงานสถิติแห่งชาติ,คน,9985
หญิง,435, สมุทรสงคราม,ผู้สูงอายุที่ทำงาน,2555,สำนักงานสถิติแห่งชาติ,คน,7779
หญิง,436, เพชรบุรี,ผู้สูงอายุที่ทำงาน,2555,สำนักงานสถิติแห่งชาติ,คน,16291
หญิง,437, ประจวบคีรีขันธ์,ผู้สูงอายุที่ทำงาน,2555,สำนักงานสถิติแห่งชาติ,คน,11618
หญิง,438,ภาคเหนือ,ผู้สูงอายุที่ทำงาน,2555,สำนักงานสถิติแห่งชาติ,คน,331811
หญิง,439, เชียงใหม่,ผู้สูงอายุที่ทำงาน,2555,สำนักงานสถิติแห่งชาติ,คน,44348
หญิง,440, ลำพูน,ผู้สูงอายุที่ทำงาน,2555,สำนักงานสถิติแห่งชาติ,คน,12770
หญิง,441, ลำปาง,ผู้สูงอายุที่ทำงาน,2555,สำนักงานสถิติแห่งชาติ,คน,23806
หญิง,442, อุตรดิตถ์,ผู้สูงอายุที่ทำงาน,2555,สำนักงานสถิติแห่งชาติ,คน,12091
หญิง,443, แพร่,ผู้สูงอายุที่ทำงาน,2555,สำนักงานสถิติแห่งชาติ,คน,15731
หญิง,444, น่าน,ผู้สูงอายุที่ทำงาน,2555,สำนักงานสถิติแห่งชาติ,คน,12465
หญิง,445, พะเยา,ผู้สูงอายุที่ทำงาน,2555,สำนักงานสถิติแห่งชาติ,คน,10288
หญิง,446, เชียงราย,ผู้สูงอายุที่ทำงาน,2555,สำนักงานสถิติแห่งชาติ,คน,30214
หญิง,447, แม่ฮ่องสอน,ผู้สูงอายุที่ทำงาน,2555,สำนักงานสถิติแห่งชาติ,คน,5079
หญิง,448, นครสวรรค์,ผู้สูงอายุที่ทำงาน,2555,สำนักงานสถิติแห่งชาติ,คน,33968
หญิง,449, อุทัยธานี,ผู้สูงอายุที่ทำงาน,2555,สำนักงานสถิติแห่งชาติ,คน,9731
หญิง,450, กำแพงเพชร,ผู้สูงอายุที่ทำงาน,2555,สำนักงานสถิติแห่งชาติ,คน,21389
หญิง,451, ตาก,ผู้สูงอายุที่ทำงาน,2555,สำนักงานสถิติแห่งชาติ,คน,9283
หญิง,452, สุโขทัย,ผู้สูงอายุที่ทำงาน,2555,สำนักงานสถิติแห่งชาติ,คน,23874
หญิง,453, พิษณุโลก,ผู้สูงอายุที่ทำงาน,2555,สำนักงานสถิติแห่งชาติ,คน,22213
หญิง,454, พิจิตร,ผู้สูงอายุที่ทำงาน,2555,สำนักงานสถิติแห่งชาติ,คน,18300
หญิง,455, เพชรบูรณ์,ผู้สูงอายุที่ทำงาน,2555,สำนักงานสถิติแห่งชาติ,คน,26261
หญิง,456,ภาคตะวันออกเฉียงเหนือ,ผู้สูงอายุที่ทำงาน,2555,สำนักงานสถิติแห่งชาติ,คน,519086
หญิง,457,นครราชสีมา,ผู้สูงอายุที่ทำงาน,2555,สำนักงานสถิติแห่งชาติ,คน,60206
หญิง,458, บุรีรัมย์,ผู้สูงอายุที่ทำงาน,2555,สำนักงานสถิติแห่งชาติ,คน,30213
หญิง,459, สุรินทร์,ผู้สูงอายุที่ทำงาน,2555,สำนักงานสถิติแห่งชาติ,คน,43408
หญิง,460, ศรีสะเกษ,ผู้สูงอายุที่ทำงาน,2555,สำนักงานสถิติแห่งชาติ,คน,39788
หญิง,461, อุบลราชธานี,ผู้สูงอายุที่ทำงาน,2555,สำนักงานสถิติแห่งชาติ,คน,33850
หญิง,462,ยโสธร,ผู้สูงอายุที่ทำงาน,2555,สำนักงานสถิติแห่งชาติ,คน,20950
หญิง,463,ชัยภูมิ,ผู้สูงอายุที่ทำงาน,2555,สำนักงานสถิติแห่งชาติ,คน,33745
หญิง,464, อำนาจเจริญ,ผู้สูงอายุที่ทำงาน,2555,สำนักงานสถิติแห่งชาติ,คน,8701
หญิง,465, บึงกาฬ,ผู้สูงอายุที่ทำงาน,2555,สำนักงานสถิติแห่งชาติ,คน,3288
หญิง,466, หนองบัวลำภู,ผู้สูงอายุที่ทำงาน,2555,สำนักงานสถิติแห่งชาติ,คน,10378
หญิง,467, ขอนแก่น,ผู้สูงอายุที่ทำงาน,2555,สำนักงานสถิติแห่งชาติ,คน,39618
หญิง,468, อุดรธานี,ผู้สูงอายุที่ทำงาน,2555,สำนักงานสถิติแห่งชาติ,คน,25478
หญิง,469,เลย,ผู้สูงอายุที่ทำงาน,2555,สำนักงานสถิติแห่งชาติ,คน,13616
หญิง,470, หนองคาย,ผู้สูงอายุที่ทำงาน,2555,สำนักงานสถิติแห่งชาติ,คน,8269
หญิง,471,มหาสารคาม,ผู้สูงอายุที่ทำงาน,2555,สำนักงานสถิติแห่งชาติ,คน,28077
หญิง,472, ร้อยเอ็ด,ผู้สูงอายุที่ทำงาน,2555,สำนักงานสถิติแห่งชาติ,คน,43647
หญิง,473, กาฬสินธุ์,ผู้สูงอายุที่ทำงาน,2555,สำนักงานสถิติแห่งชาติ,คน,26625
หญิง,474, สกลนคร,ผู้สูงอายุที่ทำงาน,2555,สำนักงานสถิติแห่งชาติ,คน,20898
หญิง,475, นครพนม,ผู้สูงอายุที่ทำงาน,2555,สำนักงานสถิติแห่งชาติ,คน,16521
หญิง,476, มุกดาหาร,ผู้สูงอายุที่ทำงาน,2555,สำนักงานสถิติแห่งชาติ,คน,11809
หญิง,477,ภาคใต้,ผู้สูงอายุที่ทำงาน,2555,สำนักงานสถิติแห่งชาติ,คน,229559
หญิง,478, นครศรีธรรมราช,ผู้สูงอายุที่ทำงาน,2555,สำนักงานสถิติแห่งชาติ,คน,69046
หญิง,479, กระบี่,ผู้สูงอายุที่ทำงาน,2555,สำนักงานสถิติแห่งชาติ,คน,6297
หญิง,480, พังงา,ผู้สูงอายุที่ทำงาน,2555,สำนักงานสถิติแห่งชาติ,คน,4015
หญิง,481,ภูเก็ต,ผู้สูงอายุที่ทำงาน,2555,สำนักงานสถิติแห่งชาติ,คน,4085
หญิง,482,สุราษฎร์ธานี,ผู้สูงอายุที่ทำงาน,2555,สำนักงานสถิติแห่งชาติ,คน,16953
หญิง,483, ระนอง,ผู้สูงอายุที่ทำงาน,2555,สำนักงานสถิติแห่งชาติ,คน,3776
หญิง,484, ชุมพร,ผู้สูงอายุที่ทำงาน,2555,สำนักงานสถิติแห่งชาติ,คน,12903
หญิง,485,สงขลา,ผู้สูงอายุที่ทำงาน,2555,สำนักงานสถิติแห่งชาติ,คน,38778
หญิง,486, สตูล,ผู้สูงอายุที่ทำงาน,2555,สำนักงานสถิติแห่งชาติ,คน,4116
หญิง,487, ตรัง,ผู้สูงอายุที่ทำงาน,2555,สำนักงานสถิติแห่งชาติ,คน,15326
หญิง,488, พัทลุง,ผู้สูงอายุที่ทำงาน,2555,สำนักงานสถิติแห่งชาติ,คน,23685
หญิง,489, ปัตตานี,ผู้สูงอายุที่ทำงาน,2555,สำนักงานสถิติแห่งชาติ,คน,12854
หญิง,490, ยะลา,ผู้สูงอายุที่ทำงาน,2555,สำนักงานสถิติแห่งชาติ,คน,7442
หญิง,491, นราธิวาส,ผู้สูงอายุที่ทำงาน,2555,สำนักงานสถิติแห่งชาติ,คน,10283
รวม,492, กรุงเทพมหานคร,ผู้มีงานทำทั้งหมด,2556,สำนักงานสถิติแห่งชาติ,คน,5190912
รวม,493,ภาคกลาง,ผู้มีงานทำทั้งหมด,2556,สำนักงานสถิติแห่งชาติ,คน,11276824
รวม,494, สมุทรปราการ,ผู้มีงานทำทั้งหมด,2556,สำนักงานสถิติแห่งชาติ,คน,1221039
รวม,495, นนทบุรี,ผู้มีงานทำทั้งหมด,2556,สำนักงานสถิติแห่งชาติ,คน,847694
รวม,496, ปทุมธานี,ผู้มีงานทำทั้งหมด,2556,สำนักงานสถิติแห่งชาติ,คน,845006
รวม,497, พระนครศรีอยุธยา,ผู้มีงานทำทั้งหมด,2556,สำนักงานสถิติแห่งชาติ,คน,489068
รวม,498, อ่างทอง,ผู้มีงานทำทั้งหมด,2556,สำนักงานสถิติแห่งชาติ,คน,145381
รวม,499, ลพบุรี,ผู้มีงานทำทั้งหมด,2556,สำนักงานสถิติแห่งชาติ,คน,434957
รวม,500, สิงห์บุรี,ผู้มีงานทำทั้งหมด,2556,สำนักงานสถิติแห่งชาติ,คน,114081
รวม,501, ชัยนาท,ผู้มีงานทำทั้งหมด,2556,สำนักงานสถิติแห่งชาติ,คน,178930
รวม,502,สระบุรี,ผู้มีงานทำทั้งหมด,2556,สำนักงานสถิติแห่งชาติ,คน,409465
รวม,503,ชลบุรี,ผู้มีงานทำทั้งหมด,2556,สำนักงานสถิติแห่งชาติ,คน,1014539
รวม,504, ระยอง,ผู้มีงานทำทั้งหมด,2556,สำนักงานสถิติแห่งชาติ,คน,526471
รวม,505,จันทบุรี,ผู้มีงานทำทั้งหมด,2556,สำนักงานสถิติแห่งชาติ,คน,314993
รวม,506, ตราด,ผู้มีงานทำทั้งหมด,2556,สำนักงานสถิติแห่งชาติ,คน,160093
รวม,507,ฉะเชิงเทรา,ผู้มีงานทำทั้งหมด,2556,สำนักงานสถิติแห่งชาติ,คน,423003
รวม,508, ปราจีนบุรี,ผู้มีงานทำทั้งหมด,2556,สำนักงานสถิติแห่งชาติ,คน,336196
รวม,509, นครนายก,ผู้มีงานทำทั้งหมด,2556,สำนักงานสถิติแห่งชาติ,คน,142842
รวม,510,สระแก้ว,ผู้มีงานทำทั้งหมด,2556,สำนักงานสถิติแห่งชาติ,คน,318592
รวม,511, ราชบุรี,ผู้มีงานทำทั้งหมด,2556,สำนักงานสถิติแห่งชาติ,คน,463223
รวม,512, กาญจนบุรี,ผู้มีงานทำทั้งหมด,2556,สำนักงานสถิติแห่งชาติ,คน,476422
รวม,513, สุพรรณบุรี,ผู้มีงานทำทั้งหมด,2556,สำนักงานสถิติแห่งชาติ,คน,501382
รวม,514, นครปฐม,ผู้มีงานทำทั้งหมด,2556,สำนักงานสถิติแห่งชาติ,คน,594033
รวม,515, สมุทรสาคร,ผู้มีงานทำทั้งหมด,2556,สำนักงานสถิติแห่งชาติ,คน,647605
รวม,516, สมุทรสงคราม,ผู้มีงานทำทั้งหมด,2556,สำนักงานสถิติแห่งชาติ,คน,111767
รวม,517, เพชรบุรี,ผู้มีงานทำทั้งหมด,2556,สำนักงานสถิติแห่งชาติ,คน,279560
รวม,518, ประจวบคีรีขันธ์,ผู้มีงานทำทั้งหมด,2556,สำนักงานสถิติแห่งชาติ,คน,280481
รวม,519,ภาคเหนือ,ผู้มีงานทำทั้งหมด,2556,สำนักงานสถิติแห่งชาติ,คน,6608244
รวม,520, เชียงใหม่,ผู้มีงานทำทั้งหมด,2556,สำนักงานสถิติแห่งชาติ,คน,1002706
รวม,521, ลำพูน,ผู้มีงานทำทั้งหมด,2556,สำนักงานสถิติแห่งชาติ,คน,273648
รวม,522, ลำปาง,ผู้มีงานทำทั้งหมด,2556,สำนักงานสถิติแห่งชาติ,คน,437646
รวม,523, อุตรดิตถ์,ผู้มีงานทำทั้งหมด,2556,สำนักงานสถิติแห่งชาติ,คน,236864
รวม,524, แพร่,ผู้มีงานทำทั้งหมด,2556,สำนักงานสถิติแห่งชาติ,คน,254368
รวม,525, น่าน,ผู้มีงานทำทั้งหมด,2556,สำนักงานสถิติแห่งชาติ,คน,263823
รวม,526, พะเยา,ผู้มีงานทำทั้งหมด,2556,สำนักงานสถิติแห่งชาติ,คน,238426
รวม,527, เชียงราย,ผู้มีงานทำทั้งหมด,2556,สำนักงานสถิติแห่งชาติ,คน,691032
รวม,528, แม่ฮ่องสอน,ผู้มีงานทำทั้งหมด,2556,สำนักงานสถิติแห่งชาติ,คน,116340
รวม,529, นครสวรรค์,ผู้มีงานทำทั้งหมด,2556,สำนักงานสถิติแห่งชาติ,คน,550561
รวม,530, อุทัยธานี,ผู้มีงานทำทั้งหมด,2556,สำนักงานสถิติแห่งชาติ,คน,165978
รวม,531, กำแพงเพชร,ผู้มีงานทำทั้งหมด,2556,สำนักงานสถิติแห่งชาติ,คน,454401
รวม,532, ตาก,ผู้มีงานทำทั้งหมด,2556,สำนักงานสถิติแห่งชาติ,คน,262307
รวม,533, สุโขทัย,ผู้มีงานทำทั้งหมด,2556,สำนักงานสถิติแห่งชาติ,คน,375703
รวม,534, พิษณุโลก,ผู้มีงานทำทั้งหมด,2556,สำนักงานสถิติแห่งชาติ,คน,487969
รวม,535, พิจิตร,ผู้มีงานทำทั้งหมด,2556,สำนักงานสถิติแห่งชาติ,คน,298038
รวม,536, เพชรบูรณ์,ผู้มีงานทำทั้งหมด,2556,สำนักงานสถิติแห่งชาติ,คน,498435
รวม,537,ภาคตะวันออกเฉียงเหนือ,ผู้มีงานทำทั้งหมด,2556,สำนักงานสถิติแห่งชาติ,คน,10147862
รวม,538,นครราชสีมา,ผู้มีงานทำทั้งหมด,2556,สำนักงานสถิติแห่งชาติ,คน,1433766
รวม,539, บุรีรัมย์,ผู้มีงานทำทั้งหมด,2556,สำนักงานสถิติแห่งชาติ,คน,594071
รวม,540, สุรินทร์,ผู้มีงานทำทั้งหมด,2556,สำนักงานสถิติแห่งชาติ,คน,549469
รวม,541, ศรีสะเกษ,ผู้มีงานทำทั้งหมด,2556,สำนักงานสถิติแห่งชาติ,คน,606035
รวม,542, อุบลราชธานี,ผู้มีงานทำทั้งหมด,2556,สำนักงานสถิติแห่งชาติ,คน,929673
รวม,543,ยโสธร,ผู้มีงานทำทั้งหมด,2556,สำนักงานสถิติแห่งชาติ,คน,278939
รวม,544,ชัยภูมิ,ผู้มีงานทำทั้งหมด,2556,สำนักงานสถิติแห่งชาติ,คน,524226
รวม,545, อำนาจเจริญ,ผู้มีงานทำทั้งหมด,2556,สำนักงานสถิติแห่งชาติ,คน,160122
รวม,546, บึงกาฬ,ผู้มีงานทำทั้งหมด,2556,สำนักงานสถิติแห่งชาติ,คน,164767
รวม,547, หนองบัวลำภู,ผู้มีงานทำทั้งหมด,2556,สำนักงานสถิติแห่งชาติ,คน,245821
รวม,548, ขอนแก่น,ผู้มีงานทำทั้งหมด,2556,สำนักงานสถิติแห่งชาติ,คน,914732
รวม,549, อุดรธานี,ผู้มีงานทำทั้งหมด,2556,สำนักงานสถิติแห่งชาติ,คน,671017
รวม,550,เลย,ผู้มีงานทำทั้งหมด,2556,สำนักงานสถิติแห่งชาติ,คน,331374
รวม,551, หนองคาย,ผู้มีงานทำทั้งหมด,2556,สำนักงานสถิติแห่งชาติ,คน,231445
รวม,552,มหาสารคาม,ผู้มีงานทำทั้งหมด,2556,สำนักงานสถิติแห่งชาติ,คน,471987
รวม,553, ร้อยเอ็ด,ผู้มีงานทำทั้งหมด,2556,สำนักงานสถิติแห่งชาติ,คน,602475
รวม,554, กาฬสินธุ์,ผู้มีงานทำทั้งหมด,2556,สำนักงานสถิติแห่งชาติ,คน,451185
รวม,555, สกลนคร,ผู้มีงานทำทั้งหมด,2556,สำนักงานสถิติแห่งชาติ,คน,473772
รวม,556, นครพนม,ผู้มีงานทำทั้งหมด,2556,สำนักงานสถิติแห่งชาติ,คน,304996
รวม,557, มุกดาหาร,ผู้มีงานทำทั้งหมด,2556,สำนักงานสถิติแห่งชาติ,คน,207989
รวม,558,ภาคใต้,ผู้มีงานทำทั้งหมด,2556,สำนักงานสถิติแห่งชาติ,คน,5094561
รวม,559, นครศรีธรรมราช,ผู้มีงานทำทั้งหมด,2556,สำนักงานสถิติแห่งชาติ,คน,865798
รวม,560, กระบี่,ผู้มีงานทำทั้งหมด,2556,สำนักงานสถิติแห่งชาติ,คน,216802
รวม,561, พังงา,ผู้มีงานทำทั้งหมด,2556,สำนักงานสถิติแห่งชาติ,คน,145679
รวม,562,ภูเก็ต,ผู้มีงานทำทั้งหมด,2556,สำนักงานสถิติแห่งชาติ,คน,313827
รวม,563,สุราษฎร์ธานี,ผู้มีงานทำทั้งหมด,2556,สำนักงานสถิติแห่งชาติ,คน,606546
รวม,564, ระนอง,ผู้มีงานทำทั้งหมด,2556,สำนักงานสถิติแห่งชาติ,คน,144110
รวม,565, ชุมพร,ผู้มีงานทำทั้งหมด,2556,สำนักงานสถิติแห่งชาติ,คน,289270
รวม,566,สงขลา,ผู้มีงานทำทั้งหมด,2556,สำนักงานสถิติแห่งชาติ,คน,868704
รวม,567, สตูล,ผู้มีงานทำทั้งหมด,2556,สำนักงานสถิติแห่งชาติ,คน,147555
รวม,568, ตรัง,ผู้มีงานทำทั้งหมด,2556,สำนักงานสถิติแห่งชาติ,คน,360559
รวม,569, พัทลุง,ผู้มีงานทำทั้งหมด,2556,สำนักงานสถิติแห่งชาติ,คน,296242
รวม,570, ปัตตานี,ผู้มีงานทำทั้งหมด,2556,สำนักงานสถิติแห่งชาติ,คน,293288
รวม,571, ยะลา,ผู้มีงานทำทั้งหมด,2556,สำนักงานสถิติแห่งชาติ,คน,220235
รวม,572, นราธิวาส,ผู้มีงานทำทั้งหมด,2556,สำนักงานสถิติแห่งชาติ,คน,325947
ชาย,573,จำนวน,ผู้มีงานทำทั้งหมด,2556,สำนักงานสถิติแห่งชาติ,คน,20777121
ชาย,574, กรุงเทพมหานคร,ผู้มีงานทำทั้งหมด,2556,สำนักงานสถิติแห่งชาติ,คน,2742037
ชาย,575,ภาคกลาง,ผู้มีงานทำทั้งหมด,2556,สำนักงานสถิติแห่งชาติ,คน,6119692
ชาย,576, สมุทรปราการ,ผู้มีงานทำทั้งหมด,2556,สำนักงานสถิติแห่งชาติ,คน,654580
ชาย,577, นนทบุรี,ผู้มีงานทำทั้งหมด,2556,สำนักงานสถิติแห่งชาติ,คน,456008
ชาย,578, ปทุมธานี,ผู้มีงานทำทั้งหมด,2556,สำนักงานสถิติแห่งชาติ,คน,466496
ชาย,579, พระนครศรีอยุธยา,ผู้มีงานทำทั้งหมด,2556,สำนักงานสถิติแห่งชาติ,คน,267789
ชาย,580, อ่างทอง,ผู้มีงานทำทั้งหมด,2556,สำนักงานสถิติแห่งชาติ,คน,74443
ชาย,581, ลพบุรี,ผู้มีงานทำทั้งหมด,2556,สำนักงานสถิติแห่งชาติ,คน,236813
ชาย,582, สิงห์บุรี,ผู้มีงานทำทั้งหมด,2556,สำนักงานสถิติแห่งชาติ,คน,57775
ชาย,583, ชัยนาท,ผู้มีงานทำทั้งหมด,2556,สำนักงานสถิติแห่งชาติ,คน,92900
ชาย,584,สระบุรี,ผู้มีงานทำทั้งหมด,2556,สำนักงานสถิติแห่งชาติ,คน,222082
ชาย,585,ชลบุรี,ผู้มีงานทำทั้งหมด,2556,สำนักงานสถิติแห่งชาติ,คน,572108
ชาย,586, ระยอง,ผู้มีงานทำทั้งหมด,2556,สำนักงานสถิติแห่งชาติ,คน,304378
ชาย,587,จันทบุรี,ผู้มีงานทำทั้งหมด,2556,สำนักงานสถิติแห่งชาติ,คน,168827
ชาย,588, ตราด,ผู้มีงานทำทั้งหมด,2556,สำนักงานสถิติแห่งชาติ,คน,91269
ชาย,589,ฉะเชิงเทรา,ผู้มีงานทำทั้งหมด,2556,สำนักงานสถิติแห่งชาติ,คน,239247
ชาย,590, ปราจีนบุรี,ผู้มีงานทำทั้งหมด,2556,สำนักงานสถิติแห่งชาติ,คน,181987
ชาย,591, นครนายก,ผู้มีงานทำทั้งหมด,2556,สำนักงานสถิติแห่งชาติ,คน,77420
ชาย,592,สระแก้ว,ผู้มีงานทำทั้งหมด,2556,สำนักงานสถิติแห่งชาติ,คน,175040
ชาย,593, ราชบุรี,ผู้มีงานทำทั้งหมด,2556,สำนักงานสถิติแห่งชาติ,คน,241238
ชาย,594, กาญจนบุรี,ผู้มีงานทำทั้งหมด,2556,สำนักงานสถิติแห่งชาติ,คน,259888
ชาย,595, สุพรรณบุรี,ผู้มีงานทำทั้งหมด,2556,สำนักงานสถิติแห่งชาติ,คน,263390
ชาย,596, นครปฐม,ผู้มีงานทำทั้งหมด,2556,สำนักงานสถิติแห่งชาติ,คน,304721
ชาย,597, สมุทรสาคร,ผู้มีงานทำทั้งหมด,2556,สำนักงานสถิติแห่งชาติ,คน,351312
ชาย,598, สมุทรสงคราม,ผู้มีงานทำทั้งหมด,2556,สำนักงานสถิติแห่งชาติ,คน,57949
ชาย,599, เพชรบุรี,ผู้มีงานทำทั้งหมด,2556,สำนักงานสถิติแห่งชาติ,คน,146648
ชาย,600, ประจวบคีรีขันธ์,ผู้มีงานทำทั้งหมด,2556,สำนักงานสถิติแห่งชาติ,คน,155384
ชาย,601,ภาคเหนือ,ผู้มีงานทำทั้งหมด,2556,สำนักงานสถิติแห่งชาติ,คน,3544794
ชาย,602, เชียงใหม่,ผู้มีงานทำทั้งหมด,2556,สำนักงานสถิติแห่งชาติ,คน,528400
ชาย,603, ลำพูน,ผู้มีงานทำทั้งหมด,2556,สำนักงานสถิติแห่งชาติ,คน,140953
ชาย,604, ลำปาง,ผู้มีงานทำทั้งหมด,2556,สำนักงานสถิติแห่งชาติ,คน,229446
ชาย,605, อุตรดิตถ์,ผู้มีงานทำทั้งหมด,2556,สำนักงานสถิติแห่งชาติ,คน,129958
ชาย,606, แพร่,ผู้มีงานทำทั้งหมด,2556,สำนักงานสถิติแห่งชาติ,คน,134645
ชาย,607, น่าน,ผู้มีงานทำทั้งหมด,2556,สำนักงานสถิติแห่งชาติ,คน,139911
ชาย,608, พะเยา,ผู้มีงานทำทั้งหมด,2556,สำนักงานสถิติแห่งชาติ,คน,131173
ชาย,609, เชียงราย,ผู้มีงานทำทั้งหมด,2556,สำนักงานสถิติแห่งชาติ,คน,377753
ชาย,610, แม่ฮ่องสอน,ผู้มีงานทำทั้งหมด,2556,สำนักงานสถิติแห่งชาติ,คน,64486
ชาย,611, นครสวรรค์,ผู้มีงานทำทั้งหมด,2556,สำนักงานสถิติแห่งชาติ,คน,295849
ชาย,612, อุทัยธานี,ผู้มีงานทำทั้งหมด,2556,สำนักงานสถิติแห่งชาติ,คน,86981
ชาย,613, กำแพงเพชร,ผู้มีงานทำทั้งหมด,2556,สำนักงานสถิติแห่งชาติ,คน,249367
ชาย,614, ตาก,ผู้มีงานทำทั้งหมด,2556,สำนักงานสถิติแห่งชาติ,คน,144852
ชาย,615, สุโขทัย,ผู้มีงานทำทั้งหมด,2556,สำนักงานสถิติแห่งชาติ,คน,194200
ชาย,616, พิษณุโลก,ผู้มีงานทำทั้งหมด,2556,สำนักงานสถิติแห่งชาติ,คน,259976
ชาย,617, พิจิตร,ผู้มีงานทำทั้งหมด,2556,สำนักงานสถิติแห่งชาติ,คน,157779
ชาย,618, เพชรบูรณ์,ผู้มีงานทำทั้งหมด,2556,สำนักงานสถิติแห่งชาติ,คน,279064
ชาย,619,ภาคตะวันออกเฉียงเหนือ,ผู้มีงานทำทั้งหมด,2556,สำนักงานสถิติแห่งชาติ,คน,5529979
ชาย,620,นครราชสีมา,ผู้มีงานทำทั้งหมด,2556,สำนักงานสถิติแห่งชาติ,คน,774696
ชาย,621, บุรีรัมย์,ผู้มีงานทำทั้งหมด,2556,สำนักงานสถิติแห่งชาติ,คน,332518
ชาย,622, สุรินทร์,ผู้มีงานทำทั้งหมด,2556,สำนักงานสถิติแห่งชาติ,คน,289601
ชาย,623, ศรีสะเกษ,ผู้มีงานทำทั้งหมด,2556,สำนักงานสถิติแห่งชาติ,คน,317086
ชาย,624, อุบลราชธานี,ผู้มีงานทำทั้งหมด,2556,สำนักงานสถิติแห่งชาติ,คน,521826
ชาย,625,ยโสธร,ผู้มีงานทำทั้งหมด,2556,สำนักงานสถิติแห่งชาติ,คน,148971
ชาย,626,ชัยภูมิ,ผู้มีงานทำทั้งหมด,2556,สำนักงานสถิติแห่งชาติ,คน,282192
ชาย,627, อำนาจเจริญ,ผู้มีงานทำทั้งหมด,2556,สำนักงานสถิติแห่งชาติ,คน,84746
ชาย,628, บึงกาฬ,ผู้มีงานทำทั้งหมด,2556,สำนักงานสถิติแห่งชาติ,คน,93833
ชาย,629, หนองบัวลำภู,ผู้มีงานทำทั้งหมด,2556,สำนักงานสถิติแห่งชาติ,คน,138503
ชาย,630, ขอนแก่น,ผู้มีงานทำทั้งหมด,2556,สำนักงานสถิติแห่งชาติ,คน,507834
ชาย,631, อุดรธานี,ผู้มีงานทำทั้งหมด,2556,สำนักงานสถิติแห่งชาติ,คน,370377
ชาย,632,เลย,ผู้มีงานทำทั้งหมด,2556,สำนักงานสถิติแห่งชาติ,คน,180338
ชาย,633, หนองคาย,ผู้มีงานทำทั้งหมด,2556,สำนักงานสถิติแห่งชาติ,คน,125582
ชาย,634,มหาสารคาม,ผู้มีงานทำทั้งหมด,2556,สำนักงานสถิติแห่งชาติ,คน,249379
ชาย,635, ร้อยเอ็ด,ผู้มีงานทำทั้งหมด,2556,สำนักงานสถิติแห่งชาติ,คน,318052
ชาย,636, กาฬสินธุ์,ผู้มีงานทำทั้งหมด,2556,สำนักงานสถิติแห่งชาติ,คน,247097
ชาย,637, สกลนคร,ผู้มีงานทำทั้งหมด,2556,สำนักงานสถิติแห่งชาติ,คน,266819
ชาย,638, นครพนม,ผู้มีงานทำทั้งหมด,2556,สำนักงานสถิติแห่งชาติ,คน,169629
ชาย,639, มุกดาหาร,ผู้มีงานทำทั้งหมด,2556,สำนักงานสถิติแห่งชาติ,คน,110899
ชาย,640,ภาคใต้,ผู้มีงานทำทั้งหมด,2556,สำนักงานสถิติแห่งชาติ,คน,2840620
ชาย,641, นครศรีธรรมราช,ผู้มีงานทำทั้งหมด,2556,สำนักงานสถิติแห่งชาติ,คน,474360
ชาย,642, กระบี่,ผู้มีงานทำทั้งหมด,2556,สำนักงานสถิติแห่งชาติ,คน,119413
ชาย,643, พังงา,ผู้มีงานทำทั้งหมด,2556,สำนักงานสถิติแห่งชาติ,คน,88447
ชาย,644,ภูเก็ต,ผู้มีงานทำทั้งหมด,2556,สำนักงานสถิติแห่งชาติ,คน,180653
ชาย,645,สุราษฎร์ธานี,ผู้มีงานทำทั้งหมด,2556,สำนักงานสถิติแห่งชาติ,คน,332609
ชาย,646, ระนอง,ผู้มีงานทำทั้งหมด,2556,สำนักงานสถิติแห่งชาติ,คน,86447
ชาย,647, ชุมพร,ผู้มีงานทำทั้งหมด,2556,สำนักงานสถิติแห่งชาติ,คน,169078
ชาย,648,สงขลา,ผู้มีงานทำทั้งหมด,2556,สำนักงานสถิติแห่งชาติ,คน,468806
ชาย,649, สตูล,ผู้มีงานทำทั้งหมด,2556,สำนักงานสถิติแห่งชาติ,คน,88354
ชาย,650, ตรัง,ผู้มีงานทำทั้งหมด,2556,สำนักงานสถิติแห่งชาติ,คน,197413
ชาย,651, พัทลุง,ผู้มีงานทำทั้งหมด,2556,สำนักงานสถิติแห่งชาติ,คน,158740
ชาย,652, ปัตตานี,ผู้มีงานทำทั้งหมด,2556,สำนักงานสถิติแห่งชาติ,คน,162476
ชาย,653, ยะลา,ผู้มีงานทำทั้งหมด,2556,สำนักงานสถิติแห่งชาติ,คน,121576
ชาย,654, นราธิวาส,ผู้มีงานทำทั้งหมด,2556,สำนักงานสถิติแห่งชาติ,คน,192248
หญิง,655,จำนวน,ผู้มีงานทำทั้งหมด,2556,สำนักงานสถิติแห่งชาติ,คน,17541282
หญิง,656, กรุงเทพมหานคร,ผู้มีงานทำทั้งหมด,2556,สำนักงานสถิติแห่งชาติ,คน,2448876
หญิง,657,ภาคกลาง,ผู้มีงานทำทั้งหมด,2556,สำนักงานสถิติแห่งชาติ,คน,5157133
หญิง,658, สมุทรปราการ,ผู้มีงานทำทั้งหมด,2556,สำนักงานสถิติแห่งชาติ,คน,566458
หญิง,659, นนทบุรี,ผู้มีงานทำทั้งหมด,2556,สำนักงานสถิติแห่งชาติ,คน,391687
หญิง,660, ปทุมธานี,ผู้มีงานทำทั้งหมด,2556,สำนักงานสถิติแห่งชาติ,คน,378510
หญิง,661, พระนครศรีอยุธยา,ผู้มีงานทำทั้งหมด,2556,สำนักงานสถิติแห่งชาติ,คน,221279
หญิง,662, อ่างทอง,ผู้มีงานทำทั้งหมด,2556,สำนักงานสถิติแห่งชาติ,คน,70938
หญิง,663, ลพบุรี,ผู้มีงานทำทั้งหมด,2556,สำนักงานสถิติแห่งชาติ,คน,198144
หญิง,664, สิงห์บุรี,ผู้มีงานทำทั้งหมด,2556,สำนักงานสถิติแห่งชาติ,คน,56307
หญิง,665, ชัยนาท,ผู้มีงานทำทั้งหมด,2556,สำนักงานสถิติแห่งชาติ,คน,86030
หญิง,666,สระบุรี,ผู้มีงานทำทั้งหมด,2556,สำนักงานสถิติแห่งชาติ,คน,187383
หญิง,667,ชลบุรี,ผู้มีงานทำทั้งหมด,2556,สำนักงานสถิติแห่งชาติ,คน,442431
หญิง,668, ระยอง,ผู้มีงานทำทั้งหมด,2556,สำนักงานสถิติแห่งชาติ,คน,222093
หญิง,669,จันทบุรี,ผู้มีงานทำทั้งหมด,2556,สำนักงานสถิติแห่งชาติ,คน,146166
หญิง,670, ตราด,ผู้มีงานทำทั้งหมด,2556,สำนักงานสถิติแห่งชาติ,คน,68824
หญิง,671,ฉะเชิงเทรา,ผู้มีงานทำทั้งหมด,2556,สำนักงานสถิติแห่งชาติ,คน,183756
หญิง,672, ปราจีนบุรี,ผู้มีงานทำทั้งหมด,2556,สำนักงานสถิติแห่งชาติ,คน,154209
หญิง,673, นครนายก,ผู้มีงานทำทั้งหมด,2556,สำนักงานสถิติแห่งชาติ,คน,65422
หญิง,674,สระแก้ว,ผู้มีงานทำทั้งหมด,2556,สำนักงานสถิติแห่งชาติ,คน,143552
หญิง,675, ราชบุรี,ผู้มีงานทำทั้งหมด,2556,สำนักงานสถิติแห่งชาติ,คน,221985
หญิง,676, กาญจนบุรี,ผู้มีงานทำทั้งหมด,2556,สำนักงานสถิติแห่งชาติ,คน,216534
หญิง,677, สุพรรณบุรี,ผู้มีงานทำทั้งหมด,2556,สำนักงานสถิติแห่งชาติ,คน,237991
หญิง,678, นครปฐม,ผู้มีงานทำทั้งหมด,2556,สำนักงานสถิติแห่งชาติ,คน,289312
หญิง,679, สมุทรสาคร,ผู้มีงานทำทั้งหมด,2556,สำนักงานสถิติแห่งชาติ,คน,296292
หญิง,680, สมุทรสงคราม,ผู้มีงานทำทั้งหมด,2556,สำนักงานสถิติแห่งชาติ,คน,53818
หญิง,681, เพชรบุรี,ผู้มีงานทำทั้งหมด,2556,สำนักงานสถิติแห่งชาติ,คน,132912
หญิง,682, ประจวบคีรีขันธ์,ผู้มีงานทำทั้งหมด,2556,สำนักงานสถิติแห่งชาติ,คน,125097
หญิง,683,ภาคเหนือ,ผู้มีงานทำทั้งหมด,2556,สำนักงานสถิติแห่งชาติ,คน,3063449
หญิง,684, เชียงใหม่,ผู้มีงานทำทั้งหมด,2556,สำนักงานสถิติแห่งชาติ,คน,474307
หญิง,685, ลำพูน,ผู้มีงานทำทั้งหมด,2556,สำนักงานสถิติแห่งชาติ,คน,132695
หญิง,686, ลำปาง,ผู้มีงานทำทั้งหมด,2556,สำนักงานสถิติแห่งชาติ,คน,208200
หญิง,687, อุตรดิตถ์,ผู้มีงานทำทั้งหมด,2556,สำนักงานสถิติแห่งชาติ,คน,106905
หญิง,688, แพร่,ผู้มีงานทำทั้งหมด,2556,สำนักงานสถิติแห่งชาติ,คน,119722
หญิง,689, น่าน,ผู้มีงานทำทั้งหมด,2556,สำนักงานสถิติแห่งชาติ,คน,123911
หญิง,690, พะเยา,ผู้มีงานทำทั้งหมด,2556,สำนักงานสถิติแห่งชาติ,คน,107253
หญิง,691, เชียงราย,ผู้มีงานทำทั้งหมด,2556,สำนักงานสถิติแห่งชาติ,คน,313278
หญิง,692, แม่ฮ่องสอน,ผู้มีงานทำทั้งหมด,2556,สำนักงานสถิติแห่งชาติ,คน,51854
หญิง,693, นครสวรรค์,ผู้มีงานทำทั้งหมด,2556,สำนักงานสถิติแห่งชาติ,คน,254712
หญิง,694, อุทัยธานี,ผู้มีงานทำทั้งหมด,2556,สำนักงานสถิติแห่งชาติ,คน,78997
หญิง,695, กำแพงเพชร,ผู้มีงานทำทั้งหมด,2556,สำนักงานสถิติแห่งชาติ,คน,205034
หญิง,696, ตาก,ผู้มีงานทำทั้งหมด,2556,สำนักงานสถิติแห่งชาติ,คน,117455
หญิง,697, สุโขทัย,ผู้มีงานทำทั้งหมด,2556,สำนักงานสถิติแห่งชาติ,คน,181503
หญิง,698, พิษณุโลก,ผู้มีงานทำทั้งหมด,2556,สำนักงานสถิติแห่งชาติ,คน,227993
หญิง,699, พิจิตร,ผู้มีงานทำทั้งหมด,2556,สำนักงานสถิติแห่งชาติ,คน,140259
หญิง,700, เพชรบูรณ์,ผู้มีงานทำทั้งหมด,2556,สำนักงานสถิติแห่งชาติ,คน,219371
หญิง,701,ภาคตะวันออกเฉียงเหนือ,ผู้มีงานทำทั้งหมด,2556,สำนักงานสถิติแห่งชาติ,คน,4617884
หญิง,702,นครราชสีมา,ผู้มีงานทำทั้งหมด,2556,สำนักงานสถิติแห่งชาติ,คน,659070
หญิง,703, บุรีรัมย์,ผู้มีงานทำทั้งหมด,2556,สำนักงานสถิติแห่งชาติ,คน,261553
หญิง,704, สุรินทร์,ผู้มีงานทำทั้งหมด,2556,สำนักงานสถิติแห่งชาติ,คน,259869
หญิง,705, ศรีสะเกษ,ผู้มีงานทำทั้งหมด,2556,สำนักงานสถิติแห่งชาติ,คน,288949
หญิง,706, อุบลราชธานี,ผู้มีงานทำทั้งหมด,2556,สำนักงานสถิติแห่งชาติ,คน,407847
หญิง,707,ยโสธร,ผู้มีงานทำทั้งหมด,2556,สำนักงานสถิติแห่งชาติ,คน,129968
หญิง,708,ชัยภูมิ,ผู้มีงานทำทั้งหมด,2556,สำนักงานสถิติแห่งชาติ,คน,242034
หญิง,709, อำนาจเจริญ,ผู้มีงานทำทั้งหมด,2556,สำนักงานสถิติแห่งชาติ,คน,75376
หญิง,710, บึงกาฬ,ผู้มีงานทำทั้งหมด,2556,สำนักงานสถิติแห่งชาติ,คน,70934
หญิง,711, หนองบัวลำภู,ผู้มีงานทำทั้งหมด,2556,สำนักงานสถิติแห่งชาติ,คน,107318
หญิง,712, ขอนแก่น,ผู้มีงานทำทั้งหมด,2556,สำนักงานสถิติแห่งชาติ,คน,406899
หญิง,713, อุดรธานี,ผู้มีงานทำทั้งหมด,2556,สำนักงานสถิติแห่งชาติ,คน,300640
หญิง,714,เลย,ผู้มีงานทำทั้งหมด,2556,สำนักงานสถิติแห่งชาติ,คน,151036
หญิง,715, หนองคาย,ผู้มีงานทำทั้งหมด,2556,สำนักงานสถิติแห่งชาติ,คน,105863
หญิง,716,มหาสารคาม,ผู้มีงานทำทั้งหมด,2556,สำนักงานสถิติแห่งชาติ,คน,222608
หญิง,717, ร้อยเอ็ด,ผู้มีงานทำทั้งหมด,2556,สำนักงานสถิติแห่งชาติ,คน,284423
หญิง,718, กาฬสินธุ์,ผู้มีงานทำทั้งหมด,2556,สำนักงานสถิติแห่งชาติ,คน,204088
หญิง,719, สกลนคร,ผู้มีงานทำทั้งหมด,2556,สำนักงานสถิติแห่งชาติ,คน,206954
หญิง,720, นครพนม,ผู้มีงานทำทั้งหมด,2556,สำนักงานสถิติแห่งชาติ,คน,135368
หญิง,721, มุกดาหาร,ผู้มีงานทำทั้งหมด,2556,สำนักงานสถิติแห่งชาติ,คน,97090
หญิง,722,ภาคใต้,ผู้มีงานทำทั้งหมด,2556,สำนักงานสถิติแห่งชาติ,คน,2253941
หญิง,723, นครศรีธรรมราช,ผู้มีงานทำทั้งหมด,2556,สำนักงานสถิติแห่งชาติ,คน,391437
หญิง,724, กระบี่,ผู้มีงานทำทั้งหมด,2556,สำนักงานสถิติแห่งชาติ,คน,97390
หญิง,725, พังงา,ผู้มีงานทำทั้งหมด,2556,สำนักงานสถิติแห่งชาติ,คน,57232
หญิง,726,ภูเก็ต,ผู้มีงานทำทั้งหมด,2556,สำนักงานสถิติแห่งชาติ,คน,133173
หญิง,727,สุราษฎร์ธานี,ผู้มีงานทำทั้งหมด,2556,สำนักงานสถิติแห่งชาติ,คน,273937
หญิง,728, ระนอง,ผู้มีงานทำทั้งหมด,2556,สำนักงานสถิติแห่งชาติ,คน,57663
หญิง,729, ชุมพร,ผู้มีงานทำทั้งหมด,2556,สำนักงานสถิติแห่งชาติ,คน,120192
หญิง,730,สงขลา,ผู้มีงานทำทั้งหมด,2556,สำนักงานสถิติแห่งชาติ,คน,399898
หญิง,731, สตูล,ผู้มีงานทำทั้งหมด,2556,สำนักงานสถิติแห่งชาติ,คน,59201
หญิง,732, ตรัง,ผู้มีงานทำทั้งหมด,2556,สำนักงานสถิติแห่งชาติ,คน,163147
หญิง,733, พัทลุง,ผู้มีงานทำทั้งหมด,2556,สำนักงานสถิติแห่งชาติ,คน,137501
หญิง,734, ปัตตานี,ผู้มีงานทำทั้งหมด,2556,สำนักงานสถิติแห่งชาติ,คน,130812
หญิง,735, ยะลา,ผู้มีงานทำทั้งหมด,2556,สำนักงานสถิติแห่งชาติ,คน,98659
หญิง,736, นราธิวาส,ผู้มีงานทำทั้งหมด,2556,สำนักงานสถิติแห่งชาติ,คน,133699
รวม,737,จำนวน,ผู้สูงอายุที่ทำงาน,2556,สำนักงานสถิติแห่งชาติ,คน,3643884
รวม,738, กรุงเทพมหานคร,ผู้สูงอายุที่ทำงาน,2556,สำนักงานสถิติแห่งชาติ,คน,229569
รวม,739,ภาคกลาง,ผู้สูงอายุที่ทำงาน,2556,สำนักงานสถิติแห่งชาติ,คน,833575
รวม,740, สมุทรปราการ,ผู้สูงอายุที่ทำงาน,2556,สำนักงานสถิติแห่งชาติ,คน,47957
รวม,741, นนทบุรี,ผู้สูงอายุที่ทำงาน,2556,สำนักงานสถิติแห่งชาติ,คน,28344
รวม,742, ปทุมธานี,ผู้สูงอายุที่ทำงาน,2556,สำนักงานสถิติแห่งชาติ,คน,31132
รวม,743, พระนครศรีอยุธยา,ผู้สูงอายุที่ทำงาน,2556,สำนักงานสถิติแห่งชาติ,คน,31920
รวม,744, อ่างทอง,ผู้สูงอายุที่ทำงาน,2556,สำนักงานสถิติแห่งชาติ,คน,21262
รวม,745, ลพบุรี,ผู้สูงอายุที่ทำงาน,2556,สำนักงานสถิติแห่งชาติ,คน,48534
รวม,746, สิงห์บุรี,ผู้สูงอายุที่ทำงาน,2556,สำนักงานสถิติแห่งชาติ,คน,16430
รวม,747, ชัยนาท,ผู้สูงอายุที่ทำงาน,2556,สำนักงานสถิติแห่งชาติ,คน,27687
รวม,748,สระบุรี,ผู้สูงอายุที่ทำงาน,2556,สำนักงานสถิติแห่งชาติ,คน,31314
รวม,749,ชลบุรี,ผู้สูงอายุที่ทำงาน,2556,สำนักงานสถิติแห่งชาติ,คน,56075
รวม,750, ระยอง,ผู้สูงอายุที่ทำงาน,2556,สำนักงานสถิติแห่งชาติ,คน,28655
รวม,751,จันทบุรี,ผู้สูงอายุที่ทำงาน,2556,สำนักงานสถิติแห่งชาติ,คน,37347
รวม,752, ตราด,ผู้สูงอายุที่ทำงาน,2556,สำนักงานสถิติแห่งชาติ,คน,14337
รวม,753,ฉะเชิงเทรา,ผู้สูงอายุที่ทำงาน,2556,สำนักงานสถิติแห่งชาติ,คน,33095
รวม,754, ปราจีนบุรี,ผู้สูงอายุที่ทำงาน,2556,สำนักงานสถิติแห่งชาติ,คน,35092
รวม,755, นครนายก,ผู้สูงอายุที่ทำงาน,2556,สำนักงานสถิติแห่งชาติ,คน,12840
รวม,756,สระแก้ว,ผู้สูงอายุที่ทำงาน,2556,สำนักงานสถิติแห่งชาติ,คน,34904
รวม,757, ราชบุรี,ผู้สูงอายุที่ทำงาน,2556,สำนักงานสถิติแห่งชาติ,คน,52313
รวม,758, กาญจนบุรี,ผู้สูงอายุที่ทำงาน,2556,สำนักงานสถิติแห่งชาติ,คน,47617
รวม,759, สุพรรณบุรี,ผู้สูงอายุที่ทำงาน,2556,สำนักงานสถิติแห่งชาติ,คน,55960
รวม,760, นครปฐม,ผู้สูงอายุที่ทำงาน,2556,สำนักงานสถิติแห่งชาติ,คน,41710
รวม,761, สมุทรสาคร,ผู้สูงอายุที่ทำงาน,2556,สำนักงานสถิติแห่งชาติ,คน,23454
รวม,762, สมุทรสงคราม,ผู้สูงอายุที่ทำงาน,2556,สำนักงานสถิติแห่งชาติ,คน,16787
รวม,763, เพชรบุรี,ผู้สูงอายุที่ทำงาน,2556,สำนักงานสถิติแห่งชาติ,คน,33058
รวม,764, ประจวบคีรีขันธ์,ผู้สูงอายุที่ทำงาน,2556,สำนักงานสถิติแห่งชาติ,คน,25752
รวม,765,ภาคเหนือ,ผู้สูงอายุที่ทำงาน,2556,สำนักงานสถิติแห่งชาติ,คน,799389
รวม,766, เชียงใหม่,ผู้สูงอายุที่ทำงาน,2556,สำนักงานสถิติแห่งชาติ,คน,92141
รวม,767, ลำพูน,ผู้สูงอายุที่ทำงาน,2556,สำนักงานสถิติแห่งชาติ,คน,35963
รวม,768, ลำปาง,ผู้สูงอายุที่ทำงาน,2556,สำนักงานสถิติแห่งชาติ,คน,58315
รวม,769, อุตรดิตถ์,ผู้สูงอายุที่ทำงาน,2556,สำนักงานสถิติแห่งชาติ,คน,33358
รวม,770, แพร่,ผู้สูงอายุที่ทำงาน,2556,สำนักงานสถิติแห่งชาติ,คน,38106
รวม,771, น่าน,ผู้สูงอายุที่ทำงาน,2556,สำนักงานสถิติแห่งชาติ,คน,31639
รวม,772, พะเยา,ผู้สูงอายุที่ทำงาน,2556,สำนักงานสถิติแห่งชาติ,คน,31072
รวม,773, เชียงราย,ผู้สูงอายุที่ทำงาน,2556,สำนักงานสถิติแห่งชาติ,คน,85308
รวม,774, แม่ฮ่องสอน,ผู้สูงอายุที่ทำงาน,2556,สำนักงานสถิติแห่งชาติ,คน,10177
รวม,775, นครสวรรค์,ผู้สูงอายุที่ทำงาน,2556,สำนักงานสถิติแห่งชาติ,คน,64113
รวม,776, อุทัยธานี,ผู้สูงอายุที่ทำงาน,2556,สำนักงานสถิติแห่งชาติ,คน,23031
รวม,777, กำแพงเพชร,ผู้สูงอายุที่ทำงาน,2556,สำนักงานสถิติแห่งชาติ,คน,60336
รวม,778, ตาก,ผู้สูงอายุที่ทำงาน,2556,สำนักงานสถิติแห่งชาติ,คน,24027
รวม,779, สุโขทัย,ผู้สูงอายุที่ทำงาน,2556,สำนักงานสถิติแห่งชาติ,คน,57378
รวม,780, พิษณุโลก,ผู้สูงอายุที่ทำงาน,2556,สำนักงานสถิติแห่งชาติ,คน,55485
รวม,781, พิจิตร,ผู้สูงอายุที่ทำงาน,2556,สำนักงานสถิติแห่งชาติ,คน,38577
รวม,782, เพชรบูรณ์,ผู้สูงอายุที่ทำงาน,2556,สำนักงานสถิติแห่งชาติ,คน,60363
รวม,783,ภาคตะวันออกเฉียงเหนือ,ผู้สูงอายุที่ทำงาน,2556,สำนักงานสถิติแห่งชาติ,คน,1285400
รวม,784,นครราชสีมา,ผู้สูงอายุที่ทำงาน,2556,สำนักงานสถิติแห่งชาติ,คน,175471
รวม,785, บุรีรัมย์,ผู้สูงอายุที่ทำงาน,2556,สำนักงานสถิติแห่งชาติ,คน,78359
รวม,786, สุรินทร์,ผู้สูงอายุที่ทำงาน,2556,สำนักงานสถิติแห่งชาติ,คน,95337
รวม,787, ศรีสะเกษ,ผู้สูงอายุที่ทำงาน,2556,สำนักงานสถิติแห่งชาติ,คน,102057
รวม,788, อุบลราชธานี,ผู้สูงอายุที่ทำงาน,2556,สำนักงานสถิติแห่งชาติ,คน,97288
รวม,789,ยโสธร,ผู้สูงอายุที่ทำงาน,2556,สำนักงานสถิติแห่งชาติ,คน,46699
รวม,790,ชัยภูมิ,ผู้สูงอายุที่ทำงาน,2556,สำนักงานสถิติแห่งชาติ,คน,75140
รวม,791, อำนาจเจริญ,ผู้สูงอายุที่ทำงาน,2556,สำนักงานสถิติแห่งชาติ,คน,19938
รวม,792, บึงกาฬ,ผู้สูงอายุที่ทำงาน,2556,สำนักงานสถิติแห่งชาติ,คน,12622
รวม,793, หนองบัวลำภู,ผู้สูงอายุที่ทำงาน,2556,สำนักงานสถิติแห่งชาติ,คน,30649
รวม,794, ขอนแก่น,ผู้สูงอายุที่ทำงาน,2556,สำนักงานสถิติแห่งชาติ,คน,98783
รวม,795, อุดรธานี,ผู้สูงอายุที่ทำงาน,2556,สำนักงานสถิติแห่งชาติ,คน,59887
รวม,796,เลย,ผู้สูงอายุที่ทำงาน,2556,สำนักงานสถิติแห่งชาติ,คน,35491
รวม,797, หนองคาย,ผู้สูงอายุที่ทำงาน,2556,สำนักงานสถิติแห่งชาติ,คน,21995
รวม,798,มหาสารคาม,ผู้สูงอายุที่ทำงาน,2556,สำนักงานสถิติแห่งชาติ,คน,72379
รวม,799, ร้อยเอ็ด,ผู้สูงอายุที่ทำงาน,2556,สำนักงานสถิติแห่งชาติ,คน,106280
รวม,800, กาฬสินธุ์,ผู้สูงอายุที่ทำงาน,2556,สำนักงานสถิติแห่งชาติ,คน,53449
รวม,801, สกลนคร,ผู้สูงอายุที่ทำงาน,2556,สำนักงานสถิติแห่งชาติ,คน,45792
รวม,802, นครพนม,ผู้สูงอายุที่ทำงาน,2556,สำนักงานสถิติแห่งชาติ,คน,35838
รวม,803, มุกดาหาร,ผู้สูงอายุที่ทำงาน,2556,สำนักงานสถิติแห่งชาติ,คน,21946
รวม,804,ภาคใต้,ผู้สูงอายุที่ทำงาน,2556,สำนักงานสถิติแห่งชาติ,คน,495951
รวม,805, นครศรีธรรมราช,ผู้สูงอายุที่ทำงาน,2556,สำนักงานสถิติแห่งชาติ,คน,112393
รวม,806, กระบี่,ผู้สูงอายุที่ทำงาน,2556,สำนักงานสถิติแห่งชาติ,คน,16944
รวม,807, พังงา,ผู้สูงอายุที่ทำงาน,2556,สำนักงานสถิติแห่งชาติ,คน,11708
รวม,808,ภูเก็ต,ผู้สูงอายุที่ทำงาน,2556,สำนักงานสถิติแห่งชาติ,คน,14816
รวม,809,สุราษฎร์ธานี,ผู้สูงอายุที่ทำงาน,2556,สำนักงานสถิติแห่งชาติ,คน,46581
รวม,810, ระนอง,ผู้สูงอายุที่ทำงาน,2556,สำนักงานสถิติแห่งชาติ,คน,10495
รวม,811, ชุมพร,ผู้สูงอายุที่ทำงาน,2556,สำนักงานสถิติแห่งชาติ,คน,28863
รวม,812,สงขลา,ผู้สูงอายุที่ทำงาน,2556,สำนักงานสถิติแห่งชาติ,คน,83910
รวม,813, สตูล,ผู้สูงอายุที่ทำงาน,2556,สำนักงานสถิติแห่งชาติ,คน,11460
รวม,814, ตรัง,ผู้สูงอายุที่ทำงาน,2556,สำนักงานสถิติแห่งชาติ,คน,36356
รวม,815, พัทลุง,ผู้สูงอายุที่ทำงาน,2556,สำนักงานสถิติแห่งชาติ,คน,43702
รวม,816, ปัตตานี,ผู้สูงอายุที่ทำงาน,2556,สำนักงานสถิติแห่งชาติ,คน,32037
รวม,817, ยะลา,ผู้สูงอายุที่ทำงาน,2556,สำนักงานสถิติแห่งชาติ,คน,17236
รวม,818, นราธิวาส,ผู้สูงอายุที่ทำงาน,2556,สำนักงานสถิติแห่งชาติ,คน,29452
ชาย,819,จำนวน,ผู้สูงอายุที่ทำงาน,2556,สำนักงานสถิติแห่งชาติ,คน,2159803
ชาย,820, กรุงเทพมหานคร,ผู้สูงอายุที่ทำงาน,2556,สำนักงานสถิติแห่งชาติ,คน,135849
ชาย,821,ภาคกลาง,ผู้สูงอายุที่ทำงาน,2556,สำนักงานสถิติแห่งชาติ,คน,473810
ชาย,822, สมุทรปราการ,ผู้สูงอายุที่ทำงาน,2556,สำนักงานสถิติแห่งชาติ,คน,32087
ชาย,823, นนทบุรี,ผู้สูงอายุที่ทำงาน,2556,สำนักงานสถิติแห่งชาติ,คน,15468
ชาย,824, ปทุมธานี,ผู้สูงอายุที่ทำงาน,2556,สำนักงานสถิติแห่งชาติ,คน,20240
ชาย,825, พระนครศรีอยุธยา,ผู้สูงอายุที่ทำงาน,2556,สำนักงานสถิติแห่งชาติ,คน,18368
ชาย,826, อ่างทอง,ผู้สูงอายุที่ทำงาน,2556,สำนักงานสถิติแห่งชาติ,คน,10823
ชาย,827, ลพบุรี,ผู้สูงอายุที่ทำงาน,2556,สำนักงานสถิติแห่งชาติ,คน,27214
ชาย,828, สิงห์บุรี,ผู้สูงอายุที่ทำงาน,2556,สำนักงานสถิติแห่งชาติ,คน,8805
ชาย,829, ชัยนาท,ผู้สูงอายุที่ทำงาน,2556,สำนักงานสถิติแห่งชาติ,คน,15694
ชาย,830,สระบุรี,ผู้สูงอายุที่ทำงาน,2556,สำนักงานสถิติแห่งชาติ,คน,18371
ชาย,831,ชลบุรี,ผู้สูงอายุที่ทำงาน,2556,สำนักงานสถิติแห่งชาติ,คน,35372
ชาย,832, ระยอง,ผู้สูงอายุที่ทำงาน,2556,สำนักงานสถิติแห่งชาติ,คน,17679
ชาย,833,จันทบุรี,ผู้สูงอายุที่ทำงาน,2556,สำนักงานสถิติแห่งชาติ,คน,21216
ชาย,834, ตราด,ผู้สูงอายุที่ทำงาน,2556,สำนักงานสถิติแห่งชาติ,คน,8713
ชาย,835,ฉะเชิงเทรา,ผู้สูงอายุที่ทำงาน,2556,สำนักงานสถิติแห่งชาติ,คน,20630
ชาย,836, ปราจีนบุรี,ผู้สูงอายุที่ทำงาน,2556,สำนักงานสถิติแห่งชาติ,คน,19297
ชาย,837, นครนายก,ผู้สูงอายุที่ทำงาน,2556,สำนักงานสถิติแห่งชาติ,คน,7303
ชาย,838,สระแก้ว,ผู้สูงอายุที่ทำงาน,2556,สำนักงานสถิติแห่งชาติ,คน,20494
ชาย,839, ราชบุรี,ผู้สูงอายุที่ทำงาน,2556,สำนักงานสถิติแห่งชาติ,คน,27446
ชาย,840, กาญจนบุรี,ผู้สูงอายุที่ทำงาน,2556,สำนักงานสถิติแห่งชาติ,คน,24999
ชาย,841, สุพรรณบุรี,ผู้สูงอายุที่ทำงาน,2556,สำนักงานสถิติแห่งชาติ,คน,29651
ชาย,842, นครปฐม,ผู้สูงอายุที่ทำงาน,2556,สำนักงานสถิติแห่งชาติ,คน,20991
ชาย,843, สมุทรสาคร,ผู้สูงอายุที่ทำงาน,2556,สำนักงานสถิติแห่งชาติ,คน,13134
ชาย,844, สมุทรสงคราม,ผู้สูงอายุที่ทำงาน,2556,สำนักงานสถิติแห่งชาติ,คน,7640
ชาย,845, เพชรบุรี,ผู้สูงอายุที่ทำงาน,2556,สำนักงานสถิติแห่งชาติ,คน,17416
ชาย,846, ประจวบคีรีขันธ์,ผู้สูงอายุที่ทำงาน,2556,สำนักงานสถิติแห่งชาติ,คน,14759
ชาย,847,ภาคเหนือ,ผู้สูงอายุที่ทำงาน,2556,สำนักงานสถิติแห่งชาติ,คน,480318
ชาย,848, เชียงใหม่,ผู้สูงอายุที่ทำงาน,2556,สำนักงานสถิติแห่งชาติ,คน,58095
ชาย,849, ลำพูน,ผู้สูงอายุที่ทำงาน,2556,สำนักงานสถิติแห่งชาติ,คน,21347
ชาย,850, ลำปาง,ผู้สูงอายุที่ทำงาน,2556,สำนักงานสถิติแห่งชาติ,คน,34590
ชาย,851, อุตรดิตถ์,ผู้สูงอายุที่ทำงาน,2556,สำนักงานสถิติแห่งชาติ,คน,21556
ชาย,852, แพร่,ผู้สูงอายุที่ทำงาน,2556,สำนักงานสถิติแห่งชาติ,คน,21800
ชาย,853, น่าน,ผู้สูงอายุที่ทำงาน,2556,สำนักงานสถิติแห่งชาติ,คน,19743
ชาย,854, พะเยา,ผู้สูงอายุที่ทำงาน,2556,สำนักงานสถิติแห่งชาติ,คน,20022
ชาย,855, เชียงราย,ผู้สูงอายุที่ทำงาน,2556,สำนักงานสถิติแห่งชาติ,คน,52487
ชาย,856, แม่ฮ่องสอน,ผู้สูงอายุที่ทำงาน,2556,สำนักงานสถิติแห่งชาติ,คน,6293
ชาย,857, นครสวรรค์,ผู้สูงอายุที่ทำงาน,2556,สำนักงานสถิติแห่งชาติ,คน,41093
ชาย,858, อุทัยธานี,ผู้สูงอายุที่ทำงาน,2556,สำนักงานสถิติแห่งชาติ,คน,13602
ชาย,859, กำแพงเพชร,ผู้สูงอายุที่ทำงาน,2556,สำนักงานสถิติแห่งชาติ,คน,37078
ชาย,860, ตาก,ผู้สูงอายุที่ทำงาน,2556,สำนักงานสถิติแห่งชาติ,คน,13508
ชาย,861, สุโขทัย,ผู้สูงอายุที่ทำงาน,2556,สำนักงานสถิติแห่งชาติ,คน,30917
ชาย,862, พิษณุโลก,ผู้สูงอายุที่ทำงาน,2556,สำนักงานสถิติแห่งชาติ,คน,29373
ชาย,863, พิจิตร,ผู้สูงอายุที่ทำงาน,2556,สำนักงานสถิติแห่งชาติ,คน,21437
ชาย,864, เพชรบูรณ์,ผู้สูงอายุที่ทำงาน,2556,สำนักงานสถิติแห่งชาติ,คน,37378
ชาย,865,ภาคตะวันออกเฉียงเหนือ,ผู้สูงอายุที่ทำงาน,2556,สำนักงานสถิติแห่งชาติ,คน,780802
ชาย,866,นครราชสีมา,ผู้สูงอายุที่ทำงาน,2556,สำนักงานสถิติแห่งชาติ,คน,104001
ชาย,867, บุรีรัมย์,ผู้สูงอายุที่ทำงาน,2556,สำนักงานสถิติแห่งชาติ,คน,48097
ชาย,868, สุรินทร์,ผู้สูงอายุที่ทำงาน,2556,สำนักงานสถิติแห่งชาติ,คน,54648
ชาย,869, ศรีสะเกษ,ผู้สูงอายุที่ทำงาน,2556,สำนักงานสถิติแห่งชาติ,คน,56716
ชาย,870, อุบลราชธานี,ผู้สูงอายุที่ทำงาน,2556,สำนักงานสถิติแห่งชาติ,คน,61865
ชาย,871,ยโสธร,ผู้สูงอายุที่ทำงาน,2556,สำนักงานสถิติแห่งชาติ,คน,26874
ชาย,872,ชัยภูมิ,ผู้สูงอายุที่ทำงาน,2556,สำนักงานสถิติแห่งชาติ,คน,45887
ชาย,873, อำนาจเจริญ,ผู้สูงอายุที่ทำงาน,2556,สำนักงานสถิติแห่งชาติ,คน,12167
ชาย,874, บึงกาฬ,ผู้สูงอายุที่ทำงาน,2556,สำนักงานสถิติแห่งชาติ,คน,8471
ชาย,875, หนองบัวลำภู,ผู้สูงอายุที่ทำงาน,2556,สำนักงานสถิติแห่งชาติ,คน,19726
ชาย,876, ขอนแก่น,ผู้สูงอายุที่ทำงาน,2556,สำนักงานสถิติแห่งชาติ,คน,63594
ชาย,877, อุดรธานี,ผู้สูงอายุที่ทำงาน,2556,สำนักงานสถิติแห่งชาติ,คน,40561
ชาย,878,เลย,ผู้สูงอายุที่ทำงาน,2556,สำนักงานสถิติแห่งชาติ,คน,23732
ชาย,879, หนองคาย,ผู้สูงอายุที่ทำงาน,2556,สำนักงานสถิติแห่งชาติ,คน,13924
ชาย,880,มหาสารคาม,ผู้สูงอายุที่ทำงาน,2556,สำนักงานสถิติแห่งชาติ,คน,41550
ชาย,881, ร้อยเอ็ด,ผู้สูงอายุที่ทำงาน,2556,สำนักงานสถิติแห่งชาติ,คน,60657
ชาย,882, กาฬสินธุ์,ผู้สูงอายุที่ทำงาน,2556,สำนักงานสถิติแห่งชาติ,คน,34440
ชาย,883, สกลนคร,ผู้สูงอายุที่ทำงาน,2556,สำนักงานสถิติแห่งชาติ,คน,28016
ชาย,884, นครพนม,ผู้สูงอายุที่ทำงาน,2556,สำนักงานสถิติแห่งชาติ,คน,22404
ชาย,885, มุกดาหาร,ผู้สูงอายุที่ทำงาน,2556,สำนักงานสถิติแห่งชาติ,คน,13472
ชาย,886,ภาคใต้,ผู้สูงอายุที่ทำงาน,2556,สำนักงานสถิติแห่งชาติ,คน,289024
ชาย,887, นครศรีธรรมราช,ผู้สูงอายุที่ทำงาน,2556,สำนักงานสถิติแห่งชาติ,คน,62844
ชาย,888, กระบี่,ผู้สูงอายุที่ทำงาน,2556,สำนักงานสถิติแห่งชาติ,คน,10966
ชาย,889, พังงา,ผู้สูงอายุที่ทำงาน,2556,สำนักงานสถิติแห่งชาติ,คน,7899
ชาย,890,ภูเก็ต,ผู้สูงอายุที่ทำงาน,2556,สำนักงานสถิติแห่งชาติ,คน,10323
ชาย,891,สุราษฎร์ธานี,ผู้สูงอายุที่ทำงาน,2556,สำนักงานสถิติแห่งชาติ,คน,26481
ชาย,892, ระนอง,ผู้สูงอายุที่ทำงาน,2556,สำนักงานสถิติแห่งชาติ,คน,6582
ชาย,893, ชุมพร,ผู้สูงอายุที่ทำงาน,2556,สำนักงานสถิติแห่งชาติ,คน,16304
ชาย,894,สงขลา,ผู้สูงอายุที่ทำงาน,2556,สำนักงานสถิติแห่งชาติ,คน,46146
ชาย,895, สตูล,ผู้สูงอายุที่ทำงาน,2556,สำนักงานสถิติแห่งชาติ,คน,7974
ชาย,896, ตรัง,ผู้สูงอายุที่ทำงาน,2556,สำนักงานสถิติแห่งชาติ,คน,21911
ชาย,897, พัทลุง,ผู้สูงอายุที่ทำงาน,2556,สำนักงานสถิติแห่งชาติ,คน,24919
ชาย,898, ปัตตานี,ผู้สูงอายุที่ทำงาน,2556,สำนักงานสถิติแห่งชาติ,คน,18067
ชาย,899, ยะลา,ผู้สูงอายุที่ทำงาน,2556,สำนักงานสถิติแห่งชาติ,คน,10121
ชาย,900, นราธิวาส,ผู้สูงอายุที่ทำงาน,2556,สำนักงานสถิติแห่งชาติ,คน,18486
หญิง,901,จำนวน,ผู้สูงอายุที่ทำงาน,2556,สำนักงานสถิติแห่งชาติ,คน,1484081
หญิง,902, กรุงเทพมหานคร,ผู้สูงอายุที่ทำงาน,2556,สำนักงานสถิติแห่งชาติ,คน,93720
หญิง,903,ภาคกลาง,ผู้สูงอายุที่ทำงาน,2556,สำนักงานสถิติแห่งชาติ,คน,359765
หญิง,904, สมุทรปราการ,ผู้สูงอายุที่ทำงาน,2556,สำนักงานสถิติแห่งชาติ,คน,15870
หญิง,905, นนทบุรี,ผู้สูงอายุที่ทำงาน,2556,สำนักงานสถิติแห่งชาติ,คน,12875
หญิง,906, ปทุมธานี,ผู้สูงอายุที่ทำงาน,2556,สำนักงานสถิติแห่งชาติ,คน,10892
หญิง,907, พระนครศรีอยุธยา,ผู้สูงอายุที่ทำงาน,2556,สำนักงานสถิติแห่งชาติ,คน,13552
หญิง,908, อ่างทอง,ผู้สูงอายุที่ทำงาน,2556,สำนักงานสถิติแห่งชาติ,คน,10439
หญิง,909, ลพบุรี,ผู้สูงอายุที่ทำงาน,2556,สำนักงานสถิติแห่งชาติ,คน,21320
หญิง,910, สิงห์บุรี,ผู้สูงอายุที่ทำงาน,2556,สำนักงานสถิติแห่งชาติ,คน,7625
หญิง,911, ชัยนาท,ผู้สูงอายุที่ทำงาน,2556,สำนักงานสถิติแห่งชาติ,คน,11993
หญิง,912,สระบุรี,ผู้สูงอายุที่ทำงาน,2556,สำนักงานสถิติแห่งชาติ,คน,12943
หญิง,913,ชลบุรี,ผู้สูงอายุที่ทำงาน,2556,สำนักงานสถิติแห่งชาติ,คน,20704
หญิง,914, ระยอง,ผู้สูงอายุที่ทำงาน,2556,สำนักงานสถิติแห่งชาติ,คน,10976
หญิง,915,จันทบุรี,ผู้สูงอายุที่ทำงาน,2556,สำนักงานสถิติแห่งชาติ,คน,16131
หญิง,916, ตราด,ผู้สูงอายุที่ทำงาน,2556,สำนักงานสถิติแห่งชาติ,คน,5624
หญิง,917,ฉะเชิงเทรา,ผู้สูงอายุที่ทำงาน,2556,สำนักงานสถิติแห่งชาติ,คน,12464
หญิง,918, ปราจีนบุรี,ผู้สูงอายุที่ทำงาน,2556,สำนักงานสถิติแห่งชาติ,คน,15796
หญิง,919, นครนายก,ผู้สูงอายุที่ทำงาน,2556,สำนักงานสถิติแห่งชาติ,คน,5537
หญิง,920,สระแก้ว,ผู้สูงอายุที่ทำงาน,2556,สำนักงานสถิติแห่งชาติ,คน,14409
หญิง,921, ราชบุรี,ผู้สูงอายุที่ทำงาน,2556,สำนักงานสถิติแห่งชาติ,คน,24867
หญิง,922, กาญจนบุรี,ผู้สูงอายุที่ทำงาน,2556,สำนักงานสถิติแห่งชาติ,คน,22619
หญิง,923, สุพรรณบุรี,ผู้สูงอายุที่ทำงาน,2556,สำนักงานสถิติแห่งชาติ,คน,26309
หญิง,924, นครปฐม,ผู้สูงอายุที่ทำงาน,2556,สำนักงานสถิติแห่งชาติ,คน,20719
หญิง,925, สมุทรสาคร,ผู้สูงอายุที่ทำงาน,2556,สำนักงานสถิติแห่งชาติ,คน,10320
หญิง,926, สมุทรสงคราม,ผู้สูงอายุที่ทำงาน,2556,สำนักงานสถิติแห่งชาติ,คน,9147
หญิง,927, เพชรบุรี,ผู้สูงอายุที่ทำงาน,2556,สำนักงานสถิติแห่งชาติ,คน,15642
หญิง,928, ประจวบคีรีขันธ์,ผู้สูงอายุที่ทำงาน,2556,สำนักงานสถิติแห่งชาติ,คน,10992
หญิง,929,ภาคเหนือ,ผู้สูงอายุที่ทำงาน,2556,สำนักงานสถิติแห่งชาติ,คน,319070
หญิง,930, เชียงใหม่,ผู้สูงอายุที่ทำงาน,2556,สำนักงานสถิติแห่งชาติ,คน,34046
หญิง,931, ลำพูน,ผู้สูงอายุที่ทำงาน,2556,สำนักงานสถิติแห่งชาติ,คน,14616
หญิง,932, ลำปาง,ผู้สูงอายุที่ทำงาน,2556,สำนักงานสถิติแห่งชาติ,คน,23725
หญิง,933, อุตรดิตถ์,ผู้สูงอายุที่ทำงาน,2556,สำนักงานสถิติแห่งชาติ,คน,11802
หญิง,934, แพร่,ผู้สูงอายุที่ทำงาน,2556,สำนักงานสถิติแห่งชาติ,คน,16307
หญิง,935, น่าน,ผู้สูงอายุที่ทำงาน,2556,สำนักงานสถิติแห่งชาติ,คน,11896
หญิง,936, พะเยา,ผู้สูงอายุที่ทำงาน,2556,สำนักงานสถิติแห่งชาติ,คน,11049
หญิง,937, เชียงราย,ผู้สูงอายุที่ทำงาน,2556,สำนักงานสถิติแห่งชาติ,คน,32821
หญิง,938, แม่ฮ่องสอน,ผู้สูงอายุที่ทำงาน,2556,สำนักงานสถิติแห่งชาติ,คน,3885
หญิง,939, นครสวรรค์,ผู้สูงอายุที่ทำงาน,2556,สำนักงานสถิติแห่งชาติ,คน,23020
หญิง,940, อุทัยธานี,ผู้สูงอายุที่ทำงาน,2556,สำนักงานสถิติแห่งชาติ,คน,9429
หญิง,941, กำแพงเพชร,ผู้สูงอายุที่ทำงาน,2556,สำนักงานสถิติแห่งชาติ,คน,23258
หญิง,942, ตาก,ผู้สูงอายุที่ทำงาน,2556,สำนักงานสถิติแห่งชาติ,คน,10519
หญิง,943, สุโขทัย,ผู้สูงอายุที่ทำงาน,2556,สำนักงานสถิติแห่งชาติ,คน,26461
หญิง,944, พิษณุโลก,ผู้สูงอายุที่ทำงาน,2556,สำนักงานสถิติแห่งชาติ,คน,26112
หญิง,945, พิจิตร,ผู้สูงอายุที่ทำงาน,2556,สำนักงานสถิติแห่งชาติ,คน,17140
หญิง,946, เพชรบูรณ์,ผู้สูงอายุที่ทำงาน,2556,สำนักงานสถิติแห่งชาติ,คน,22985
หญิง,947,ภาคตะวันออกเฉียงเหนือ,ผู้สูงอายุที่ทำงาน,2556,สำนักงานสถิติแห่งชาติ,คน,504599
หญิง,948,นครราชสีมา,ผู้สูงอายุที่ทำงาน,2556,สำนักงานสถิติแห่งชาติ,คน,71470
หญิง,949, บุรีรัมย์,ผู้สูงอายุที่ทำงาน,2556,สำนักงานสถิติแห่งชาติ,คน,30262
หญิง,950, สุรินทร์,ผู้สูงอายุที่ทำงาน,2556,สำนักงานสถิติแห่งชาติ,คน,40688
หญิง,951, ศรีสะเกษ,ผู้สูงอายุที่ทำงาน,2556,สำนักงานสถิติแห่งชาติ,คน,45341
หญิง,952, อุบลราชธานี,ผู้สูงอายุที่ทำงาน,2556,สำนักงานสถิติแห่งชาติ,คน,35423
หญิง,953,ยโสธร,ผู้สูงอายุที่ทำงาน,2556,สำนักงานสถิติแห่งชาติ,คน,19825
หญิง,954,ชัยภูมิ,ผู้สูงอายุที่ทำงาน,2556,สำนักงานสถิติแห่งชาติ,คน,29253
หญิง,955, อำนาจเจริญ,ผู้สูงอายุที่ทำงาน,2556,สำนักงานสถิติแห่งชาติ,คน,7771
หญิง,956, บึงกาฬ,ผู้สูงอายุที่ทำงาน,2556,สำนักงานสถิติแห่งชาติ,คน,4151
หญิง,957, หนองบัวลำภู,ผู้สูงอายุที่ทำงาน,2556,สำนักงานสถิติแห่งชาติ,คน,10923
หญิง,958, ขอนแก่น,ผู้สูงอายุที่ทำงาน,2556,สำนักงานสถิติแห่งชาติ,คน,35189
หญิง,959, อุดรธานี,ผู้สูงอายุที่ทำงาน,2556,สำนักงานสถิติแห่งชาติ,คน,19326
หญิง,960,เลย,ผู้สูงอายุที่ทำงาน,2556,สำนักงานสถิติแห่งชาติ,คน,11760
หญิง,961, หนองคาย,ผู้สูงอายุที่ทำงาน,2556,สำนักงานสถิติแห่งชาติ,คน,8071
หญิง,962,มหาสารคาม,ผู้สูงอายุที่ทำงาน,2556,สำนักงานสถิติแห่งชาติ,คน,30829
หญิง,963, ร้อยเอ็ด,ผู้สูงอายุที่ทำงาน,2556,สำนักงานสถิติแห่งชาติ,คน,45623
หญิง,964, กาฬสินธุ์,ผู้สูงอายุที่ทำงาน,2556,สำนักงานสถิติแห่งชาติ,คน,19009
หญิง,965, สกลนคร,ผู้สูงอายุที่ทำงาน,2556,สำนักงานสถิติแห่งชาติ,คน,17776
หญิง,966, นครพนม,ผู้สูงอายุที่ทำงาน,2556,สำนักงานสถิติแห่งชาติ,คน,13435
หญิง,967, มุกดาหาร,ผู้สูงอายุที่ทำงาน,2556,สำนักงานสถิติแห่งชาติ,คน,8475
หญิง,968,ภาคใต้,ผู้สูงอายุที่ทำงาน,2556,สำนักงานสถิติแห่งชาติ,คน,206927
หญิง,969, นครศรีธรรมราช,ผู้สูงอายุที่ทำงาน,2556,สำนักงานสถิติแห่งชาติ,คน,49549
หญิง,970, กระบี่,ผู้สูงอายุที่ทำงาน,2556,สำนักงานสถิติแห่งชาติ,คน,5978
หญิง,971, พังงา,ผู้สูงอายุที่ทำงาน,2556,สำนักงานสถิติแห่งชาติ,คน,3809
หญิง,972,ภูเก็ต,ผู้สูงอายุที่ทำงาน,2556,สำนักงานสถิติแห่งชาติ,คน,4493
หญิง,973,สุราษฎร์ธานี,ผู้สูงอายุที่ทำงาน,2556,สำนักงานสถิติแห่งชาติ,คน,20099
หญิง,974, ระนอง,ผู้สูงอายุที่ทำงาน,2556,สำนักงานสถิติแห่งชาติ,คน,3913
หญิง,975, ชุมพร,ผู้สูงอายุที่ทำงาน,2556,สำนักงานสถิติแห่งชาติ,คน,12560
หญิง,976,สงขลา,ผู้สูงอายุที่ทำงาน,2556,สำนักงานสถิติแห่งชาติ,คน,37764
หญิง,977, สตูล,ผู้สูงอายุที่ทำงาน,2556,สำนักงานสถิติแห่งชาติ,คน,3486
หญิง,978, ตรัง,ผู้สูงอายุที่ทำงาน,2556,สำนักงานสถิติแห่งชาติ,คน,14445
หญิง,979, พัทลุง,ผู้สูงอายุที่ทำงาน,2556,สำนักงานสถิติแห่งชาติ,คน,18783
หญิง,980, ปัตตานี,ผู้สูงอายุที่ทำงาน,2556,สำนักงานสถิติแห่งชาติ,คน,13969
หญิง,981, ยะลา,ผู้สูงอายุที่ทำงาน,2556,สำนักงานสถิติแห่งชาติ,คน,7115
หญิง,982, นราธิวาส,ผู้สูงอายุที่ทำงาน,2556,สำนักงานสถิติแห่งชาติ,คน,10966
รวม,983, กรุงเทพมหานคร,ผู้มีงานทำทั้งหมด,2557,สำนักงานสถิติแห่งชาติ,คน,5247412
รวม,984,ภาคกลาง,ผู้มีงานทำทั้งหมด,2557,สำนักงานสถิติแห่งชาติ,คน,11486408
รวม,985, สมุทรปราการ,ผู้มีงานทำทั้งหมด,2557,สำนักงานสถิติแห่งชาติ,คน,1278395
รวม,986, นนทบุรี,ผู้มีงานทำทั้งหมด,2557,สำนักงานสถิติแห่งชาติ,คน,876103
รวม,987, ปทุมธานี,ผู้มีงานทำทั้งหมด,2557,สำนักงานสถิติแห่งชาติ,คน,889777
รวม,988, พระนครศรีอยุธยา,ผู้มีงานทำทั้งหมด,2557,สำนักงานสถิติแห่งชาติ,คน,487588
รวม,989, อ่างทอง,ผู้มีงานทำทั้งหมด,2557,สำนักงานสถิติแห่งชาติ,คน,141774
รวม,990, ลพบุรี,ผู้มีงานทำทั้งหมด,2557,สำนักงานสถิติแห่งชาติ,คน,449715
รวม,991, สิงห์บุรี,ผู้มีงานทำทั้งหมด,2557,สำนักงานสถิติแห่งชาติ,คน,119312
รวม,992, ชัยนาท,ผู้มีงานทำทั้งหมด,2557,สำนักงานสถิติแห่งชาติ,คน,176563
รวม,993,สระบุรี,ผู้มีงานทำทั้งหมด,2557,สำนักงานสถิติแห่งชาติ,คน,410245
รวม,994,ชลบุรี,ผู้มีงานทำทั้งหมด,2557,สำนักงานสถิติแห่งชาติ,คน,1018588
รวม,995, ระยอง,ผู้มีงานทำทั้งหมด,2557,สำนักงานสถิติแห่งชาติ,คน,537086
รวม,996,จันทบุรี,ผู้มีงานทำทั้งหมด,2557,สำนักงานสถิติแห่งชาติ,คน,325010
รวม,997, ตราด,ผู้มีงานทำทั้งหมด,2557,สำนักงานสถิติแห่งชาติ,คน,164013
รวม,998,ฉะเชิงเทรา,ผู้มีงานทำทั้งหมด,2557,สำนักงานสถิติแห่งชาติ,คน,422730
รวม,999, ปราจีนบุรี,ผู้มีงานทำทั้งหมด,2557,สำนักงานสถิติแห่งชาติ,คน,349959
รวม,1000, นครนายก,ผู้มีงานทำทั้งหมด,2557,สำนักงานสถิติแห่งชาติ,คน,144081
รวม,1001,สระแก้ว,ผู้มีงานทำทั้งหมด,2557,สำนักงานสถิติแห่งชาติ,คน,309002
รวม,1002, ราชบุรี,ผู้มีงานทำทั้งหมด,2557,สำนักงานสถิติแห่งชาติ,คน,465674
รวม,1003, กาญจนบุรี,ผู้มีงานทำทั้งหมด,2557,สำนักงานสถิติแห่งชาติ,คน,464212
รวม,1004, สุพรรณบุรี,ผู้มีงานทำทั้งหมด,2557,สำนักงานสถิติแห่งชาติ,คน,498952
รวม,1005, นครปฐม,ผู้มีงานทำทั้งหมด,2557,สำนักงานสถิติแห่งชาติ,คน,618490
รวม,1006, สมุทรสาคร,ผู้มีงานทำทั้งหมด,2557,สำนักงานสถิติแห่งชาติ,คน,663502
รวม,1007, สมุทรสงคราม,ผู้มีงานทำทั้งหมด,2557,สำนักงานสถิติแห่งชาติ,คน,110747
รวม,1008, เพชรบุรี,ผู้มีงานทำทั้งหมด,2557,สำนักงานสถิติแห่งชาติ,คน,290880
รวม,1009, ประจวบคีรีขันธ์,ผู้มีงานทำทั้งหมด,2557,สำนักงานสถิติแห่งชาติ,คน,274011
รวม,1010,ภาคเหนือ,ผู้มีงานทำทั้งหมด,2557,สำนักงานสถิติแห่งชาติ,คน,6548954
รวม,1011, เชียงใหม่,ผู้มีงานทำทั้งหมด,2557,สำนักงานสถิติแห่งชาติ,คน,992811
รวม,1012, ลำพูน,ผู้มีงานทำทั้งหมด,2557,สำนักงานสถิติแห่งชาติ,คน,281546
รวม,1013, ลำปาง,ผู้มีงานทำทั้งหมด,2557,สำนักงานสถิติแห่งชาติ,คน,431754
รวม,1014, อุตรดิตถ์,ผู้มีงานทำทั้งหมด,2557,สำนักงานสถิติแห่งชาติ,คน,234609
รวม,1015, แพร่,ผู้มีงานทำทั้งหมด,2557,สำนักงานสถิติแห่งชาติ,คน,250499
รวม,1016, น่าน,ผู้มีงานทำทั้งหมด,2557,สำนักงานสถิติแห่งชาติ,คน,261498
รวม,1017, พะเยา,ผู้มีงานทำทั้งหมด,2557,สำนักงานสถิติแห่งชาติ,คน,236189
รวม,1018, เชียงราย,ผู้มีงานทำทั้งหมด,2557,สำนักงานสถิติแห่งชาติ,คน,677059
รวม,1019, แม่ฮ่องสอน,ผู้มีงานทำทั้งหมด,2557,สำนักงานสถิติแห่งชาติ,คน,113988
รวม,1020, นครสวรรค์,ผู้มีงานทำทั้งหมด,2557,สำนักงานสถิติแห่งชาติ,คน,558002
รวม,1021, อุทัยธานี,ผู้มีงานทำทั้งหมด,2557,สำนักงานสถิติแห่งชาติ,คน,160535
รวม,1022, กำแพงเพชร,ผู้มีงานทำทั้งหมด,2557,สำนักงานสถิติแห่งชาติ,คน,431195
รวม,1023, ตาก,ผู้มีงานทำทั้งหมด,2557,สำนักงานสถิติแห่งชาติ,คน,267170
รวม,1024, สุโขทัย,ผู้มีงานทำทั้งหมด,2557,สำนักงานสถิติแห่งชาติ,คน,367404
รวม,1025, พิษณุโลก,ผู้มีงานทำทั้งหมด,2557,สำนักงานสถิติแห่งชาติ,คน,496723
รวม,1026, พิจิตร,ผู้มีงานทำทั้งหมด,2557,สำนักงานสถิติแห่งชาติ,คน,284461
รวม,1027, เพชรบูรณ์,ผู้มีงานทำทั้งหมด,2557,สำนักงานสถิติแห่งชาติ,คน,503509
รวม,1028,ภาคตะวันออกเฉียงเหนือ,ผู้มีงานทำทั้งหมด,2557,สำนักงานสถิติแห่งชาติ,คน,10046453
รวม,1029,นครราชสีมา,ผู้มีงานทำทั้งหมด,2557,สำนักงานสถิติแห่งชาติ,คน,1405156
รวม,1030, บุรีรัมย์,ผู้มีงานทำทั้งหมด,2557,สำนักงานสถิติแห่งชาติ,คน,596847
รวม,1031, สุรินทร์,ผู้มีงานทำทั้งหมด,2557,สำนักงานสถิติแห่งชาติ,คน,568527
รวม,1032, ศรีสะเกษ,ผู้มีงานทำทั้งหมด,2557,สำนักงานสถิติแห่งชาติ,คน,600313
รวม,1033, อุบลราชธานี,ผู้มีงานทำทั้งหมด,2557,สำนักงานสถิติแห่งชาติ,คน,928596
รวม,1034,ยโสธร,ผู้มีงานทำทั้งหมด,2557,สำนักงานสถิติแห่งชาติ,คน,285874
รวม,1035,ชัยภูมิ,ผู้มีงานทำทั้งหมด,2557,สำนักงานสถิติแห่งชาติ,คน,532091
รวม,1036, อำนาจเจริญ,ผู้มีงานทำทั้งหมด,2557,สำนักงานสถิติแห่งชาติ,คน,163425
รวม,1037, บึงกาฬ,ผู้มีงานทำทั้งหมด,2557,สำนักงานสถิติแห่งชาติ,คน,157433
รวม,1038, หนองบัวลำภู,ผู้มีงานทำทั้งหมด,2557,สำนักงานสถิติแห่งชาติ,คน,246097
รวม,1039, ขอนแก่น,ผู้มีงานทำทั้งหมด,2557,สำนักงานสถิติแห่งชาติ,คน,859259
รวม,1040, อุดรธานี,ผู้มีงานทำทั้งหมด,2557,สำนักงานสถิติแห่งชาติ,คน,624579
รวม,1041,เลย,ผู้มีงานทำทั้งหมด,2557,สำนักงานสถิติแห่งชาติ,คน,317452
รวม,1042, หนองคาย,ผู้มีงานทำทั้งหมด,2557,สำนักงานสถิติแห่งชาติ,คน,232131
รวม,1043,มหาสารคาม,ผู้มีงานทำทั้งหมด,2557,สำนักงานสถิติแห่งชาติ,คน,469104
รวม,1044, ร้อยเอ็ด,ผู้มีงานทำทั้งหมด,2557,สำนักงานสถิติแห่งชาติ,คน,594593
รวม,1045, กาฬสินธุ์,ผู้มีงานทำทั้งหมด,2557,สำนักงานสถิติแห่งชาติ,คน,455270
รวม,1046, สกลนคร,ผู้มีงานทำทั้งหมด,2557,สำนักงานสถิติแห่งชาติ,คน,481009
รวม,1047, นครพนม,ผู้มีงานทำทั้งหมด,2557,สำนักงานสถิติแห่งชาติ,คน,323927
รวม,1048, มุกดาหาร,ผู้มีงานทำทั้งหมด,2557,สำนักงานสถิติแห่งชาติ,คน,204769
รวม,1049,ภาคใต้,ผู้มีงานทำทั้งหมด,2557,สำนักงานสถิติแห่งชาติ,คน,5091765
รวม,1050, นครศรีธรรมราช,ผู้มีงานทำทั้งหมด,2557,สำนักงานสถิติแห่งชาติ,คน,878005
รวม,1051, กระบี่,ผู้มีงานทำทั้งหมด,2557,สำนักงานสถิติแห่งชาติ,คน,210086
รวม,1052, พังงา,ผู้มีงานทำทั้งหมด,2557,สำนักงานสถิติแห่งชาติ,คน,145598
รวม,1053,ภูเก็ต,ผู้มีงานทำทั้งหมด,2557,สำนักงานสถิติแห่งชาติ,คน,306532
รวม,1054,สุราษฎร์ธานี,ผู้มีงานทำทั้งหมด,2557,สำนักงานสถิติแห่งชาติ,คน,609469
รวม,1055, ระนอง,ผู้มีงานทำทั้งหมด,2557,สำนักงานสถิติแห่งชาติ,คน,144452
รวม,1056, ชุมพร,ผู้มีงานทำทั้งหมด,2557,สำนักงานสถิติแห่งชาติ,คน,290878
รวม,1057,สงขลา,ผู้มีงานทำทั้งหมด,2557,สำนักงานสถิติแห่งชาติ,คน,844470
รวม,1058, สตูล,ผู้มีงานทำทั้งหมด,2557,สำนักงานสถิติแห่งชาติ,คน,147234
รวม,1059, ตรัง,ผู้มีงานทำทั้งหมด,2557,สำนักงานสถิติแห่งชาติ,คน,375543
รวม,1060, พัทลุง,ผู้มีงานทำทั้งหมด,2557,สำนักงานสถิติแห่งชาติ,คน,297168
รวม,1061, ปัตตานี,ผู้มีงานทำทั้งหมด,2557,สำนักงานสถิติแห่งชาติ,คน,305909
รวม,1062, ยะลา,ผู้มีงานทำทั้งหมด,2557,สำนักงานสถิติแห่งชาติ,คน,220069
รวม,1063, นราธิวาส,ผู้มีงานทำทั้งหมด,2557,สำนักงานสถิติแห่งชาติ,คน,316351
ชาย,1064,จำนวน,ผู้มีงานทำทั้งหมด,2557,สำนักงานสถิติแห่งชาติ,คน,20880749
ชาย,1065, กรุงเทพมหานคร,ผู้มีงานทำทั้งหมด,2557,สำนักงานสถิติแห่งชาติ,คน,2780639
ชาย,1066,ภาคกลาง,ผู้มีงานทำทั้งหมด,2557,สำนักงานสถิติแห่งชาติ,คน,6225834
ชาย,1067, สมุทรปราการ,ผู้มีงานทำทั้งหมด,2557,สำนักงานสถิติแห่งชาติ,คน,678681
ชาย,1068, นนทบุรี,ผู้มีงานทำทั้งหมด,2557,สำนักงานสถิติแห่งชาติ,คน,456580
ชาย,1069, ปทุมธานี,ผู้มีงานทำทั้งหมด,2557,สำนักงานสถิติแห่งชาติ,คน,477435
ชาย,1070, พระนครศรีอยุธยา,ผู้มีงานทำทั้งหมด,2557,สำนักงานสถิติแห่งชาติ,คน,270698
ชาย,1071, อ่างทอง,ผู้มีงานทำทั้งหมด,2557,สำนักงานสถิติแห่งชาติ,คน,71994
ชาย,1072, ลพบุรี,ผู้มีงานทำทั้งหมด,2557,สำนักงานสถิติแห่งชาติ,คน,249444
ชาย,1073, สิงห์บุรี,ผู้มีงานทำทั้งหมด,2557,สำนักงานสถิติแห่งชาติ,คน,61181
ชาย,1074, ชัยนาท,ผู้มีงานทำทั้งหมด,2557,สำนักงานสถิติแห่งชาติ,คน,93044
ชาย,1075,สระบุรี,ผู้มีงานทำทั้งหมด,2557,สำนักงานสถิติแห่งชาติ,คน,221689
ชาย,1076,ชลบุรี,ผู้มีงานทำทั้งหมด,2557,สำนักงานสถิติแห่งชาติ,คน,577967
ชาย,1077, ระยอง,ผู้มีงานทำทั้งหมด,2557,สำนักงานสถิติแห่งชาติ,คน,306132
ชาย,1078,จันทบุรี,ผู้มีงานทำทั้งหมด,2557,สำนักงานสถิติแห่งชาติ,คน,174028
ชาย,1079, ตราด,ผู้มีงานทำทั้งหมด,2557,สำนักงานสถิติแห่งชาติ,คน,95405
ชาย,1080,ฉะเชิงเทรา,ผู้มีงานทำทั้งหมด,2557,สำนักงานสถิติแห่งชาติ,คน,238435
ชาย,1081, ปราจีนบุรี,ผู้มีงานทำทั้งหมด,2557,สำนักงานสถิติแห่งชาติ,คน,183581
ชาย,1082, นครนายก,ผู้มีงานทำทั้งหมด,2557,สำนักงานสถิติแห่งชาติ,คน,78374
ชาย,1083,สระแก้ว,ผู้มีงานทำทั้งหมด,2557,สำนักงานสถิติแห่งชาติ,คน,168978
ชาย,1084, ราชบุรี,ผู้มีงานทำทั้งหมด,2557,สำนักงานสถิติแห่งชาติ,คน,249024
ชาย,1085, กาญจนบุรี,ผู้มีงานทำทั้งหมด,2557,สำนักงานสถิติแห่งชาติ,คน,261693
ชาย,1086, สุพรรณบุรี,ผู้มีงานทำทั้งหมด,2557,สำนักงานสถิติแห่งชาติ,คน,266540
ชาย,1087, นครปฐม,ผู้มีงานทำทั้งหมด,2557,สำนักงานสถิติแห่งชาติ,คน,325224
ชาย,1088, สมุทรสาคร,ผู้มีงานทำทั้งหมด,2557,สำนักงานสถิติแห่งชาติ,คน,354539
ชาย,1089, สมุทรสงคราม,ผู้มีงานทำทั้งหมด,2557,สำนักงานสถิติแห่งชาติ,คน,59652
ชาย,1090, เพชรบุรี,ผู้มีงานทำทั้งหมด,2557,สำนักงานสถิติแห่งชาติ,คน,154156
ชาย,1091, ประจวบคีรีขันธ์,ผู้มีงานทำทั้งหมด,2557,สำนักงานสถิติแห่งชาติ,คน,151361
ชาย,1092,ภาคเหนือ,ผู้มีงานทำทั้งหมด,2557,สำนักงานสถิติแห่งชาติ,คน,3537263
ชาย,1093, เชียงใหม่,ผู้มีงานทำทั้งหมด,2557,สำนักงานสถิติแห่งชาติ,คน,529475
ชาย,1094, ลำพูน,ผู้มีงานทำทั้งหมด,2557,สำนักงานสถิติแห่งชาติ,คน,143058
ชาย,1095, ลำปาง,ผู้มีงานทำทั้งหมด,2557,สำนักงานสถิติแห่งชาติ,คน,231042
ชาย,1096, อุตรดิตถ์,ผู้มีงานทำทั้งหมด,2557,สำนักงานสถิติแห่งชาติ,คน,130562
ชาย,1097, แพร่,ผู้มีงานทำทั้งหมด,2557,สำนักงานสถิติแห่งชาติ,คน,133231
ชาย,1098, น่าน,ผู้มีงานทำทั้งหมด,2557,สำนักงานสถิติแห่งชาติ,คน,139262
ชาย,1099, พะเยา,ผู้มีงานทำทั้งหมด,2557,สำนักงานสถิติแห่งชาติ,คน,131925
ชาย,1100, เชียงราย,ผู้มีงานทำทั้งหมด,2557,สำนักงานสถิติแห่งชาติ,คน,369158
ชาย,1101, แม่ฮ่องสอน,ผู้มีงานทำทั้งหมด,2557,สำนักงานสถิติแห่งชาติ,คน,62039
ชาย,1102, นครสวรรค์,ผู้มีงานทำทั้งหมด,2557,สำนักงานสถิติแห่งชาติ,คน,305253
ชาย,1103, อุทัยธานี,ผู้มีงานทำทั้งหมด,2557,สำนักงานสถิติแห่งชาติ,คน,85787
ชาย,1104, กำแพงเพชร,ผู้มีงานทำทั้งหมด,2557,สำนักงานสถิติแห่งชาติ,คน,234872
ชาย,1105, ตาก,ผู้มีงานทำทั้งหมด,2557,สำนักงานสถิติแห่งชาติ,คน,147394
ชาย,1106, สุโขทัย,ผู้มีงานทำทั้งหมด,2557,สำนักงานสถิติแห่งชาติ,คน,193253
ชาย,1107, พิษณุโลก,ผู้มีงานทำทั้งหมด,2557,สำนักงานสถิติแห่งชาติ,คน,262834
ชาย,1108, พิจิตร,ผู้มีงานทำทั้งหมด,2557,สำนักงานสถิติแห่งชาติ,คน,157756
ชาย,1109, เพชรบูรณ์,ผู้มีงานทำทั้งหมด,2557,สำนักงานสถิติแห่งชาติ,คน,280362
ชาย,1110,ภาคตะวันออกเฉียงเหนือ,ผู้มีงานทำทั้งหมด,2557,สำนักงานสถิติแห่งชาติ,คน,5511225
ชาย,1111,นครราชสีมา,ผู้มีงานทำทั้งหมด,2557,สำนักงานสถิติแห่งชาติ,คน,759023
ชาย,1112, บุรีรัมย์,ผู้มีงานทำทั้งหมด,2557,สำนักงานสถิติแห่งชาติ,คน,351033
ชาย,1113, สุรินทร์,ผู้มีงานทำทั้งหมด,2557,สำนักงานสถิติแห่งชาติ,คน,312666
ชาย,1114, ศรีสะเกษ,ผู้มีงานทำทั้งหมด,2557,สำนักงานสถิติแห่งชาติ,คน,316187
ชาย,1115, อุบลราชธานี,ผู้มีงานทำทั้งหมด,2557,สำนักงานสถิติแห่งชาติ,คน,520972
ชาย,1116,ยโสธร,ผู้มีงานทำทั้งหมด,2557,สำนักงานสถิติแห่งชาติ,คน,149131
ชาย,1117,ชัยภูมิ,ผู้มีงานทำทั้งหมด,2557,สำนักงานสถิติแห่งชาติ,คน,289100
ชาย,1118, อำนาจเจริญ,ผู้มีงานทำทั้งหมด,2557,สำนักงานสถิติแห่งชาติ,คน,88011
ชาย,1119, บึงกาฬ,ผู้มีงานทำทั้งหมด,2557,สำนักงานสถิติแห่งชาติ,คน,88707
ชาย,1120, หนองบัวลำภู,ผู้มีงานทำทั้งหมด,2557,สำนักงานสถิติแห่งชาติ,คน,138358
ชาย,1121, ขอนแก่น,ผู้มีงานทำทั้งหมด,2557,สำนักงานสถิติแห่งชาติ,คน,486279
ชาย,1122, อุดรธานี,ผู้มีงานทำทั้งหมด,2557,สำนักงานสถิติแห่งชาติ,คน,346029
ชาย,1123,เลย,ผู้มีงานทำทั้งหมด,2557,สำนักงานสถิติแห่งชาติ,คน,174244
ชาย,1124, หนองคาย,ผู้มีงานทำทั้งหมด,2557,สำนักงานสถิติแห่งชาติ,คน,129206
ชาย,1125,มหาสารคาม,ผู้มีงานทำทั้งหมด,2557,สำนักงานสถิติแห่งชาติ,คน,249924
ชาย,1126, ร้อยเอ็ด,ผู้มีงานทำทั้งหมด,2557,สำนักงานสถิติแห่งชาติ,คน,319326
ชาย,1127, กาฬสินธุ์,ผู้มีงานทำทั้งหมด,2557,สำนักงานสถิติแห่งชาติ,คน,246745
ชาย,1128, สกลนคร,ผู้มีงานทำทั้งหมด,2557,สำนักงานสถิติแห่งชาติ,คน,265816
ชาย,1129, นครพนม,ผู้มีงานทำทั้งหมด,2557,สำนักงานสถิติแห่งชาติ,คน,168902
ชาย,1130, มุกดาหาร,ผู้มีงานทำทั้งหมด,2557,สำนักงานสถิติแห่งชาติ,คน,111565
ชาย,1131,ภาคใต้,ผู้มีงานทำทั้งหมด,2557,สำนักงานสถิติแห่งชาติ,คน,2825789
ชาย,1132, นครศรีธรรมราช,ผู้มีงานทำทั้งหมด,2557,สำนักงานสถิติแห่งชาติ,คน,479533
ชาย,1133, กระบี่,ผู้มีงานทำทั้งหมด,2557,สำนักงานสถิติแห่งชาติ,คน,119374
ชาย,1134, พังงา,ผู้มีงานทำทั้งหมด,2557,สำนักงานสถิติแห่งชาติ,คน,88188
ชาย,1135,ภูเก็ต,ผู้มีงานทำทั้งหมด,2557,สำนักงานสถิติแห่งชาติ,คน,174854
ชาย,1136,สุราษฎร์ธานี,ผู้มีงานทำทั้งหมด,2557,สำนักงานสถิติแห่งชาติ,คน,338496
ชาย,1137, ระนอง,ผู้มีงานทำทั้งหมด,2557,สำนักงานสถิติแห่งชาติ,คน,86034
ชาย,1138, ชุมพร,ผู้มีงานทำทั้งหมด,2557,สำนักงานสถิติแห่งชาติ,คน,168897
ชาย,1139,สงขลา,ผู้มีงานทำทั้งหมด,2557,สำนักงานสถิติแห่งชาติ,คน,453596
ชาย,1140, สตูล,ผู้มีงานทำทั้งหมด,2557,สำนักงานสถิติแห่งชาติ,คน,86743
ชาย,1141, ตรัง,ผู้มีงานทำทั้งหมด,2557,สำนักงานสถิติแห่งชาติ,คน,197993
ชาย,1142, พัทลุง,ผู้มีงานทำทั้งหมด,2557,สำนักงานสถิติแห่งชาติ,คน,155274
ชาย,1143, ปัตตานี,ผู้มีงานทำทั้งหมด,2557,สำนักงานสถิติแห่งชาติ,คน,168205
ชาย,1144, ยะลา,ผู้มีงานทำทั้งหมด,2557,สำนักงานสถิติแห่งชาติ,คน,120440
ชาย,1145, นราธิวาส,ผู้มีงานทำทั้งหมด,2557,สำนักงานสถิติแห่งชาติ,คน,188161
หญิง,1146,จำนวน,ผู้มีงานทำทั้งหมด,2557,สำนักงานสถิติแห่งชาติ,คน,17540244
หญิง,1147, กรุงเทพมหานคร,ผู้มีงานทำทั้งหมด,2557,สำนักงานสถิติแห่งชาติ,คน,2466774
หญิง,1148,ภาคกลาง,ผู้มีงานทำทั้งหมด,2557,สำนักงานสถิติแห่งชาติ,คน,5260574
หญิง,1149, สมุทรปราการ,ผู้มีงานทำทั้งหมด,2557,สำนักงานสถิติแห่งชาติ,คน,599714
หญิง,1150, นนทบุรี,ผู้มีงานทำทั้งหมด,2557,สำนักงานสถิติแห่งชาติ,คน,419522
หญิง,1151, ปทุมธานี,ผู้มีงานทำทั้งหมด,2557,สำนักงานสถิติแห่งชาติ,คน,412341
หญิง,1152, พระนครศรีอยุธยา,ผู้มีงานทำทั้งหมด,2557,สำนักงานสถิติแห่งชาติ,คน,216890
หญิง,1153, อ่างทอง,ผู้มีงานทำทั้งหมด,2557,สำนักงานสถิติแห่งชาติ,คน,69780
หญิง,1154, ลพบุรี,ผู้มีงานทำทั้งหมด,2557,สำนักงานสถิติแห่งชาติ,คน,200271
หญิง,1155, สิงห์บุรี,ผู้มีงานทำทั้งหมด,2557,สำนักงานสถิติแห่งชาติ,คน,58131
หญิง,1156, ชัยนาท,ผู้มีงานทำทั้งหมด,2557,สำนักงานสถิติแห่งชาติ,คน,83519
หญิง,1157,สระบุรี,ผู้มีงานทำทั้งหมด,2557,สำนักงานสถิติแห่งชาติ,คน,188556
หญิง,1158,ชลบุรี,ผู้มีงานทำทั้งหมด,2557,สำนักงานสถิติแห่งชาติ,คน,440622
หญิง,1159, ระยอง,ผู้มีงานทำทั้งหมด,2557,สำนักงานสถิติแห่งชาติ,คน,230954
หญิง,1160,จันทบุรี,ผู้มีงานทำทั้งหมด,2557,สำนักงานสถิติแห่งชาติ,คน,150983
หญิง,1161, ตราด,ผู้มีงานทำทั้งหมด,2557,สำนักงานสถิติแห่งชาติ,คน,68609
หญิง,1162,ฉะเชิงเทรา,ผู้มีงานทำทั้งหมด,2557,สำนักงานสถิติแห่งชาติ,คน,184295
หญิง,1163, ปราจีนบุรี,ผู้มีงานทำทั้งหมด,2557,สำนักงานสถิติแห่งชาติ,คน,166378
หญิง,1164, นครนายก,ผู้มีงานทำทั้งหมด,2557,สำนักงานสถิติแห่งชาติ,คน,65707
หญิง,1165,สระแก้ว,ผู้มีงานทำทั้งหมด,2557,สำนักงานสถิติแห่งชาติ,คน,140024
หญิง,1166, ราชบุรี,ผู้มีงานทำทั้งหมด,2557,สำนักงานสถิติแห่งชาติ,คน,216649
หญิง,1167, กาญจนบุรี,ผู้มีงานทำทั้งหมด,2557,สำนักงานสถิติแห่งชาติ,คน,202519
หญิง,1168, สุพรรณบุรี,ผู้มีงานทำทั้งหมด,2557,สำนักงานสถิติแห่งชาติ,คน,232412
หญิง,1169, นครปฐม,ผู้มีงานทำทั้งหมด,2557,สำนักงานสถิติแห่งชาติ,คน,293266
หญิง,1170, สมุทรสาคร,ผู้มีงานทำทั้งหมด,2557,สำนักงานสถิติแห่งชาติ,คน,308962
หญิง,1171, สมุทรสงคราม,ผู้มีงานทำทั้งหมด,2557,สำนักงานสถิติแห่งชาติ,คน,51095
หญิง,1172, เพชรบุรี,ผู้มีงานทำทั้งหมด,2557,สำนักงานสถิติแห่งชาติ,คน,136724
หญิง,1173, ประจวบคีรีขันธ์,ผู้มีงานทำทั้งหมด,2557,สำนักงานสถิติแห่งชาติ,คน,122650
หญิง,1174,ภาคเหนือ,ผู้มีงานทำทั้งหมด,2557,สำนักงานสถิติแห่งชาติ,คน,3011691
หญิง,1175, เชียงใหม่,ผู้มีงานทำทั้งหมด,2557,สำนักงานสถิติแห่งชาติ,คน,463336
หญิง,1176, ลำพูน,ผู้มีงานทำทั้งหมด,2557,สำนักงานสถิติแห่งชาติ,คน,138488
หญิง,1177, ลำปาง,ผู้มีงานทำทั้งหมด,2557,สำนักงานสถิติแห่งชาติ,คน,200712
หญิง,1178, อุตรดิตถ์,ผู้มีงานทำทั้งหมด,2557,สำนักงานสถิติแห่งชาติ,คน,104047
หญิง,1179, แพร่,ผู้มีงานทำทั้งหมด,2557,สำนักงานสถิติแห่งชาติ,คน,117268
หญิง,1180, น่าน,ผู้มีงานทำทั้งหมด,2557,สำนักงานสถิติแห่งชาติ,คน,122236
หญิง,1181, พะเยา,ผู้มีงานทำทั้งหมด,2557,สำนักงานสถิติแห่งชาติ,คน,104264
หญิง,1182, เชียงราย,ผู้มีงานทำทั้งหมด,2557,สำนักงานสถิติแห่งชาติ,คน,307900
หญิง,1183, แม่ฮ่องสอน,ผู้มีงานทำทั้งหมด,2557,สำนักงานสถิติแห่งชาติ,คน,51949
หญิง,1184, นครสวรรค์,ผู้มีงานทำทั้งหมด,2557,สำนักงานสถิติแห่งชาติ,คน,252749
หญิง,1185, อุทัยธานี,ผู้มีงานทำทั้งหมด,2557,สำนักงานสถิติแห่งชาติ,คน,74748
หญิง,1186, กำแพงเพชร,ผู้มีงานทำทั้งหมด,2557,สำนักงานสถิติแห่งชาติ,คน,196323
หญิง,1187, ตาก,ผู้มีงานทำทั้งหมด,2557,สำนักงานสถิติแห่งชาติ,คน,119777
หญิง,1188, สุโขทัย,ผู้มีงานทำทั้งหมด,2557,สำนักงานสถิติแห่งชาติ,คน,174151
หญิง,1189, พิษณุโลก,ผู้มีงานทำทั้งหมด,2557,สำนักงานสถิติแห่งชาติ,คน,233889
หญิง,1190, พิจิตร,ผู้มีงานทำทั้งหมด,2557,สำนักงานสถิติแห่งชาติ,คน,126705
หญิง,1191, เพชรบูรณ์,ผู้มีงานทำทั้งหมด,2557,สำนักงานสถิติแห่งชาติ,คน,223147
หญิง,1192,ภาคตะวันออกเฉียงเหนือ,ผู้มีงานทำทั้งหมด,2557,สำนักงานสถิติแห่งชาติ,คน,4535229
หญิง,1193,นครราชสีมา,ผู้มีงานทำทั้งหมด,2557,สำนักงานสถิติแห่งชาติ,คน,646133
หญิง,1194, บุรีรัมย์,ผู้มีงานทำทั้งหมด,2557,สำนักงานสถิติแห่งชาติ,คน,245813
หญิง,1195, สุรินทร์,ผู้มีงานทำทั้งหมด,2557,สำนักงานสถิติแห่งชาติ,คน,255861
หญิง,1196, ศรีสะเกษ,ผู้มีงานทำทั้งหมด,2557,สำนักงานสถิติแห่งชาติ,คน,284127
หญิง,1197, อุบลราชธานี,ผู้มีงานทำทั้งหมด,2557,สำนักงานสถิติแห่งชาติ,คน,407623
หญิง,1198,ยโสธร,ผู้มีงานทำทั้งหมด,2557,สำนักงานสถิติแห่งชาติ,คน,136744
หญิง,1199,ชัยภูมิ,ผู้มีงานทำทั้งหมด,2557,สำนักงานสถิติแห่งชาติ,คน,242992
หญิง,1200, อำนาจเจริญ,ผู้มีงานทำทั้งหมด,2557,สำนักงานสถิติแห่งชาติ,คน,75414
หญิง,1201, บึงกาฬ,ผู้มีงานทำทั้งหมด,2557,สำนักงานสถิติแห่งชาติ,คน,68726
หญิง,1202, หนองบัวลำภู,ผู้มีงานทำทั้งหมด,2557,สำนักงานสถิติแห่งชาติ,คน,107740
หญิง,1203, ขอนแก่น,ผู้มีงานทำทั้งหมด,2557,สำนักงานสถิติแห่งชาติ,คน,372980
หญิง,1204, อุดรธานี,ผู้มีงานทำทั้งหมด,2557,สำนักงานสถิติแห่งชาติ,คน,278550
หญิง,1205,เลย,ผู้มีงานทำทั้งหมด,2557,สำนักงานสถิติแห่งชาติ,คน,143208
หญิง,1206, หนองคาย,ผู้มีงานทำทั้งหมด,2557,สำนักงานสถิติแห่งชาติ,คน,102925
หญิง,1207,มหาสารคาม,ผู้มีงานทำทั้งหมด,2557,สำนักงานสถิติแห่งชาติ,คน,219180
หญิง,1208, ร้อยเอ็ด,ผู้มีงานทำทั้งหมด,2557,สำนักงานสถิติแห่งชาติ,คน,275267
หญิง,1209, กาฬสินธุ์,ผู้มีงานทำทั้งหมด,2557,สำนักงานสถิติแห่งชาติ,คน,208525
หญิง,1210, สกลนคร,ผู้มีงานทำทั้งหมด,2557,สำนักงานสถิติแห่งชาติ,คน,215193
หญิง,1211, นครพนม,ผู้มีงานทำทั้งหมด,2557,สำนักงานสถิติแห่งชาติ,คน,155025
หญิง,1212, มุกดาหาร,ผู้มีงานทำทั้งหมด,2557,สำนักงานสถิติแห่งชาติ,คน,93204
หญิง,1213,ภาคใต้,ผู้มีงานทำทั้งหมด,2557,สำนักงานสถิติแห่งชาติ,คน,2265976
หญิง,1214, นครศรีธรรมราช,ผู้มีงานทำทั้งหมด,2557,สำนักงานสถิติแห่งชาติ,คน,398472
หญิง,1215, กระบี่,ผู้มีงานทำทั้งหมด,2557,สำนักงานสถิติแห่งชาติ,คน,90712
หญิง,1216, พังงา,ผู้มีงานทำทั้งหมด,2557,สำนักงานสถิติแห่งชาติ,คน,57410
หญิง,1217,ภูเก็ต,ผู้มีงานทำทั้งหมด,2557,สำนักงานสถิติแห่งชาติ,คน,131678
หญิง,1218,สุราษฎร์ธานี,ผู้มีงานทำทั้งหมด,2557,สำนักงานสถิติแห่งชาติ,คน,270973
หญิง,1219, ระนอง,ผู้มีงานทำทั้งหมด,2557,สำนักงานสถิติแห่งชาติ,คน,58418
หญิง,1220, ชุมพร,ผู้มีงานทำทั้งหมด,2557,สำนักงานสถิติแห่งชาติ,คน,121981
หญิง,1221,สงขลา,ผู้มีงานทำทั้งหมด,2557,สำนักงานสถิติแห่งชาติ,คน,390874
หญิง,1222, สตูล,ผู้มีงานทำทั้งหมด,2557,สำนักงานสถิติแห่งชาติ,คน,60491
หญิง,1223, ตรัง,ผู้มีงานทำทั้งหมด,2557,สำนักงานสถิติแห่งชาติ,คน,177550
หญิง,1224, พัทลุง,ผู้มีงานทำทั้งหมด,2557,สำนักงานสถิติแห่งชาติ,คน,141895
หญิง,1225, ปัตตานี,ผู้มีงานทำทั้งหมด,2557,สำนักงานสถิติแห่งชาติ,คน,137704
หญิง,1226, ยะลา,ผู้มีงานทำทั้งหมด,2557,สำนักงานสถิติแห่งชาติ,คน,99629
หญิง,1227, นราธิวาส,ผู้มีงานทำทั้งหมด,2557,สำนักงานสถิติแห่งชาติ,คน,128190
รวม,1228,จำนวน,ผู้สูงอายุที่ทำงาน,2557,สำนักงานสถิติแห่งชาติ,คน,3839312
รวม,1229, กรุงเทพมหานคร,ผู้สูงอายุที่ทำงาน,2557,สำนักงานสถิติแห่งชาติ,คน,202063
รวม,1230,ภาคกลาง,ผู้สูงอายุที่ทำงาน,2557,สำนักงานสถิติแห่งชาติ,คน,895113
รวม,1231, สมุทรปราการ,ผู้สูงอายุที่ทำงาน,2557,สำนักงานสถิติแห่งชาติ,คน,42659
รวม,1232, นนทบุรี,ผู้สูงอายุที่ทำงาน,2557,สำนักงานสถิติแห่งชาติ,คน,40063
รวม,1233, ปทุมธานี,ผู้สูงอายุที่ทำงาน,2557,สำนักงานสถิติแห่งชาติ,คน,34735
รวม,1234, พระนครศรีอยุธยา,ผู้สูงอายุที่ทำงาน,2557,สำนักงานสถิติแห่งชาติ,คน,35147
รวม,1235, อ่างทอง,ผู้สูงอายุที่ทำงาน,2557,สำนักงานสถิติแห่งชาติ,คน,21181
รวม,1236, ลพบุรี,ผู้สูงอายุที่ทำงาน,2557,สำนักงานสถิติแห่งชาติ,คน,58003
รวม,1237, สิงห์บุรี,ผู้สูงอายุที่ทำงาน,2557,สำนักงานสถิติแห่งชาติ,คน,19551
รวม,1238, ชัยนาท,ผู้สูงอายุที่ทำงาน,2557,สำนักงานสถิติแห่งชาติ,คน,28935
รวม,1239,สระบุรี,ผู้สูงอายุที่ทำงาน,2557,สำนักงานสถิติแห่งชาติ,คน,32688
รวม,1240,ชลบุรี,ผู้สูงอายุที่ทำงาน,2557,สำนักงานสถิติแห่งชาติ,คน,58386
รวม,1241, ระยอง,ผู้สูงอายุที่ทำงาน,2557,สำนักงานสถิติแห่งชาติ,คน,31328
รวม,1242,จันทบุรี,ผู้สูงอายุที่ทำงาน,2557,สำนักงานสถิติแห่งชาติ,คน,39544
รวม,1243, ตราด,ผู้สูงอายุที่ทำงาน,2557,สำนักงานสถิติแห่งชาติ,คน,16270
รวม,1244,ฉะเชิงเทรา,ผู้สูงอายุที่ทำงาน,2557,สำนักงานสถิติแห่งชาติ,คน,33334
รวม,1245, ปราจีนบุรี,ผู้สูงอายุที่ทำงาน,2557,สำนักงานสถิติแห่งชาติ,คน,37539
รวม,1246, นครนายก,ผู้สูงอายุที่ทำงาน,2557,สำนักงานสถิติแห่งชาติ,คน,13467
รวม,1247,สระแก้ว,ผู้สูงอายุที่ทำงาน,2557,สำนักงานสถิติแห่งชาติ,คน,34789
รวม,1248, ราชบุรี,ผู้สูงอายุที่ทำงาน,2557,สำนักงานสถิติแห่งชาติ,คน,54928
รวม,1249, กาญจนบุรี,ผู้สูงอายุที่ทำงาน,2557,สำนักงานสถิติแห่งชาติ,คน,47898
รวม,1250, สุพรรณบุรี,ผู้สูงอายุที่ทำงาน,2557,สำนักงานสถิติแห่งชาติ,คน,69989
รวม,1251, นครปฐม,ผู้สูงอายุที่ทำงาน,2557,สำนักงานสถิติแห่งชาติ,คน,44105
รวม,1252, สมุทรสาคร,ผู้สูงอายุที่ทำงาน,2557,สำนักงานสถิติแห่งชาติ,คน,21712
รวม,1253, สมุทรสงคราม,ผู้สูงอายุที่ทำงาน,2557,สำนักงานสถิติแห่งชาติ,คน,15815
รวม,1254, เพชรบุรี,ผู้สูงอายุที่ทำงาน,2557,สำนักงานสถิติแห่งชาติ,คน,39336
รวม,1255, ประจวบคีรีขันธ์,ผู้สูงอายุที่ทำงาน,2557,สำนักงานสถิติแห่งชาติ,คน,23712
รวม,1256,ภาคเหนือ,ผู้สูงอายุที่ทำงาน,2557,สำนักงานสถิติแห่งชาติ,คน,856091
รวม,1257, เชียงใหม่,ผู้สูงอายุที่ทำงาน,2557,สำนักงานสถิติแห่งชาติ,คน,97201
รวม,1258, ลำพูน,ผู้สูงอายุที่ทำงาน,2557,สำนักงานสถิติแห่งชาติ,คน,42800
รวม,1259, ลำปาง,ผู้สูงอายุที่ทำงาน,2557,สำนักงานสถิติแห่งชาติ,คน,67673
รวม,1260, อุตรดิตถ์,ผู้สูงอายุที่ทำงาน,2557,สำนักงานสถิติแห่งชาติ,คน,35854
รวม,1261, แพร่,ผู้สูงอายุที่ทำงาน,2557,สำนักงานสถิติแห่งชาติ,คน,39409
รวม,1262, น่าน,ผู้สูงอายุที่ทำงาน,2557,สำนักงานสถิติแห่งชาติ,คน,35240
รวม,1263, พะเยา,ผู้สูงอายุที่ทำงาน,2557,สำนักงานสถิติแห่งชาติ,คน,32590
รวม,1264, เชียงราย,ผู้สูงอายุที่ทำงาน,2557,สำนักงานสถิติแห่งชาติ,คน,82151
รวม,1265, แม่ฮ่องสอน,ผู้สูงอายุที่ทำงาน,2557,สำนักงานสถิติแห่งชาติ,คน,9898
รวม,1266, นครสวรรค์,ผู้สูงอายุที่ทำงาน,2557,สำนักงานสถิติแห่งชาติ,คน,80463
รวม,1267, อุทัยธานี,ผู้สูงอายุที่ทำงาน,2557,สำนักงานสถิติแห่งชาติ,คน,24869
รวม,1268, กำแพงเพชร,ผู้สูงอายุที่ทำงาน,2557,สำนักงานสถิติแห่งชาติ,คน,58177
รวม,1269, ตาก,ผู้สูงอายุที่ทำงาน,2557,สำนักงานสถิติแห่งชาติ,คน,23749
รวม,1270, สุโขทัย,ผู้สูงอายุที่ทำงาน,2557,สำนักงานสถิติแห่งชาติ,คน,57968
รวม,1271, พิษณุโลก,ผู้สูงอายุที่ทำงาน,2557,สำนักงานสถิติแห่งชาติ,คน,58476
รวม,1272, พิจิตร,ผู้สูงอายุที่ทำงาน,2557,สำนักงานสถิติแห่งชาติ,คน,42494
รวม,1273, เพชรบูรณ์,ผู้สูงอายุที่ทำงาน,2557,สำนักงานสถิติแห่งชาติ,คน,67079
รวม,1274,ภาคตะวันออกเฉียงเหนือ,ผู้สูงอายุที่ทำงาน,2557,สำนักงานสถิติแห่งชาติ,คน,1379572
รวม,1275,นครราชสีมา,ผู้สูงอายุที่ทำงาน,2557,สำนักงานสถิติแห่งชาติ,คน,181019
รวม,1276, บุรีรัมย์,ผู้สูงอายุที่ทำงาน,2557,สำนักงานสถิติแห่งชาติ,คน,92717
รวม,1277, สุรินทร์,ผู้สูงอายุที่ทำงาน,2557,สำนักงานสถิติแห่งชาติ,คน,113603
รวม,1278, ศรีสะเกษ,ผู้สูงอายุที่ทำงาน,2557,สำนักงานสถิติแห่งชาติ,คน,101226
รวม,1279, อุบลราชธานี,ผู้สูงอายุที่ทำงาน,2557,สำนักงานสถิติแห่งชาติ,คน,117532
รวม,1280,ยโสธร,ผู้สูงอายุที่ทำงาน,2557,สำนักงานสถิติแห่งชาติ,คน,46915
รวม,1281,ชัยภูมิ,ผู้สูงอายุที่ทำงาน,2557,สำนักงานสถิติแห่งชาติ,คน,83123
รวม,1282, อำนาจเจริญ,ผู้สูงอายุที่ทำงาน,2557,สำนักงานสถิติแห่งชาติ,คน,23835
รวม,1283, บึงกาฬ,ผู้สูงอายุที่ทำงาน,2557,สำนักงานสถิติแห่งชาติ,คน,12619
รวม,1284, หนองบัวลำภู,ผู้สูงอายุที่ทำงาน,2557,สำนักงานสถิติแห่งชาติ,คน,31275
รวม,1285, ขอนแก่น,ผู้สูงอายุที่ทำงาน,2557,สำนักงานสถิติแห่งชาติ,คน,100305
รวม,1286, อุดรธานี,ผู้สูงอายุที่ทำงาน,2557,สำนักงานสถิติแห่งชาติ,คน,58517
รวม,1287,เลย,ผู้สูงอายุที่ทำงาน,2557,สำนักงานสถิติแห่งชาติ,คน,36662
รวม,1288, หนองคาย,ผู้สูงอายุที่ทำงาน,2557,สำนักงานสถิติแห่งชาติ,คน,25951
รวม,1289,มหาสารคาม,ผู้สูงอายุที่ทำงาน,2557,สำนักงานสถิติแห่งชาติ,คน,78641
รวม,1290, ร้อยเอ็ด,ผู้สูงอายุที่ทำงาน,2557,สำนักงานสถิติแห่งชาติ,คน,100748
รวม,1291, กาฬสินธุ์,ผู้สูงอายุที่ทำงาน,2557,สำนักงานสถิติแห่งชาติ,คน,63718
รวม,1292, สกลนคร,ผู้สูงอายุที่ทำงาน,2557,สำนักงานสถิติแห่งชาติ,คน,45006
รวม,1293, นครพนม,ผู้สูงอายุที่ทำงาน,2557,สำนักงานสถิติแห่งชาติ,คน,42733
รวม,1294, มุกดาหาร,ผู้สูงอายุที่ทำงาน,2557,สำนักงานสถิติแห่งชาติ,คน,23426
รวม,1295,ภาคใต้,ผู้สูงอายุที่ทำงาน,2557,สำนักงานสถิติแห่งชาติ,คน,506473
รวม,1296, นครศรีธรรมราช,ผู้สูงอายุที่ทำงาน,2557,สำนักงานสถิติแห่งชาติ,คน,125970
รวม,1297, กระบี่,ผู้สูงอายุที่ทำงาน,2557,สำนักงานสถิติแห่งชาติ,คน,16907
รวม,1298, พังงา,ผู้สูงอายุที่ทำงาน,2557,สำนักงานสถิติแห่งชาติ,คน,10820
รวม,1299,ภูเก็ต,ผู้สูงอายุที่ทำงาน,2557,สำนักงานสถิติแห่งชาติ,คน,14153
รวม,1300,สุราษฎร์ธานี,ผู้สูงอายุที่ทำงาน,2557,สำนักงานสถิติแห่งชาติ,คน,46631
รวม,1301, ระนอง,ผู้สูงอายุที่ทำงาน,2557,สำนักงานสถิติแห่งชาติ,คน,9279
รวม,1302, ชุมพร,ผู้สูงอายุที่ทำงาน,2557,สำนักงานสถิติแห่งชาติ,คน,31074
รวม,1303,สงขลา,ผู้สูงอายุที่ทำงาน,2557,สำนักงานสถิติแห่งชาติ,คน,72547
รวม,1304, สตูล,ผู้สูงอายุที่ทำงาน,2557,สำนักงานสถิติแห่งชาติ,คน,10469
รวม,1305, ตรัง,ผู้สูงอายุที่ทำงาน,2557,สำนักงานสถิติแห่งชาติ,คน,38444
รวม,1306, พัทลุง,ผู้สูงอายุที่ทำงาน,2557,สำนักงานสถิติแห่งชาติ,คน,46669
รวม,1307, ปัตตานี,ผู้สูงอายุที่ทำงาน,2557,สำนักงานสถิติแห่งชาติ,คน,33159
รวม,1308, ยะลา,ผู้สูงอายุที่ทำงาน,2557,สำนักงานสถิติแห่งชาติ,คน,20034
รวม,1309, นราธิวาส,ผู้สูงอายุที่ทำงาน,2557,สำนักงานสถิติแห่งชาติ,คน,30317
ชาย,1310,จำนวน,ผู้สูงอายุที่ทำงาน,2557,สำนักงานสถิติแห่งชาติ,คน,2259744
ชาย,1311, กรุงเทพมหานคร,ผู้สูงอายุที่ทำงาน,2557,สำนักงานสถิติแห่งชาติ,คน,123277
ชาย,1312,ภาคกลาง,ผู้สูงอายุที่ทำงาน,2557,สำนักงานสถิติแห่งชาติ,คน,498691
ชาย,1313, สมุทรปราการ,ผู้สูงอายุที่ทำงาน,2557,สำนักงานสถิติแห่งชาติ,คน,21939
ชาย,1314, นนทบุรี,ผู้สูงอายุที่ทำงาน,2557,สำนักงานสถิติแห่งชาติ,คน,19569
ชาย,1315, ปทุมธานี,ผู้สูงอายุที่ทำงาน,2557,สำนักงานสถิติแห่งชาติ,คน,20462
ชาย,1316, พระนครศรีอยุธยา,ผู้สูงอายุที่ทำงาน,2557,สำนักงานสถิติแห่งชาติ,คน,19866
ชาย,1317, อ่างทอง,ผู้สูงอายุที่ทำงาน,2557,สำนักงานสถิติแห่งชาติ,คน,10757
ชาย,1318, ลพบุรี,ผู้สูงอายุที่ทำงาน,2557,สำนักงานสถิติแห่งชาติ,คน,32188
ชาย,1319, สิงห์บุรี,ผู้สูงอายุที่ทำงาน,2557,สำนักงานสถิติแห่งชาติ,คน,10134
ชาย,1320, ชัยนาท,ผู้สูงอายุที่ทำงาน,2557,สำนักงานสถิติแห่งชาติ,คน,15184
ชาย,1321,สระบุรี,ผู้สูงอายุที่ทำงาน,2557,สำนักงานสถิติแห่งชาติ,คน,19252
ชาย,1322,ชลบุรี,ผู้สูงอายุที่ทำงาน,2557,สำนักงานสถิติแห่งชาติ,คน,38557
ชาย,1323, ระยอง,ผู้สูงอายุที่ทำงาน,2557,สำนักงานสถิติแห่งชาติ,คน,18459
ชาย,1324,จันทบุรี,ผู้สูงอายุที่ทำงาน,2557,สำนักงานสถิติแห่งชาติ,คน,22774
ชาย,1325, ตราด,ผู้สูงอายุที่ทำงาน,2557,สำนักงานสถิติแห่งชาติ,คน,9968
ชาย,1326,ฉะเชิงเทรา,ผู้สูงอายุที่ทำงาน,2557,สำนักงานสถิติแห่งชาติ,คน,18892
ชาย,1327, ปราจีนบุรี,ผู้สูงอายุที่ทำงาน,2557,สำนักงานสถิติแห่งชาติ,คน,20023
ชาย,1328, นครนายก,ผู้สูงอายุที่ทำงาน,2557,สำนักงานสถิติแห่งชาติ,คน,7123
ชาย,1329,สระแก้ว,ผู้สูงอายุที่ทำงาน,2557,สำนักงานสถิติแห่งชาติ,คน,21340
ชาย,1330, ราชบุรี,ผู้สูงอายุที่ทำงาน,2557,สำนักงานสถิติแห่งชาติ,คน,30582
ชาย,1331, กาญจนบุรี,ผู้สูงอายุที่ทำงาน,2557,สำนักงานสถิติแห่งชาติ,คน,27664
ชาย,1332, สุพรรณบุรี,ผู้สูงอายุที่ทำงาน,2557,สำนักงานสถิติแห่งชาติ,คน,37846
ชาย,1333, นครปฐม,ผู้สูงอายุที่ทำงาน,2557,สำนักงานสถิติแห่งชาติ,คน,22380
ชาย,1334, สมุทรสาคร,ผู้สูงอายุที่ทำงาน,2557,สำนักงานสถิติแห่งชาติ,คน,12738
ชาย,1335, สมุทรสงคราม,ผู้สูงอายุที่ทำงาน,2557,สำนักงานสถิติแห่งชาติ,คน,7643
ชาย,1336, เพชรบุรี,ผู้สูงอายุที่ทำงาน,2557,สำนักงานสถิติแห่งชาติ,คน,20337
ชาย,1337, ประจวบคีรีขันธ์,ผู้สูงอายุที่ทำงาน,2557,สำนักงานสถิติแห่งชาติ,คน,13014
ชาย,1338,ภาคเหนือ,ผู้สูงอายุที่ทำงาน,2557,สำนักงานสถิติแห่งชาติ,คน,506792
ชาย,1339, เชียงใหม่,ผู้สูงอายุที่ทำงาน,2557,สำนักงานสถิติแห่งชาติ,คน,57417
ชาย,1340, ลำพูน,ผู้สูงอายุที่ทำงาน,2557,สำนักงานสถิติแห่งชาติ,คน,24212
ชาย,1341, ลำปาง,ผู้สูงอายุที่ทำงาน,2557,สำนักงานสถิติแห่งชาติ,คน,39907
ชาย,1342, อุตรดิตถ์,ผู้สูงอายุที่ทำงาน,2557,สำนักงานสถิติแห่งชาติ,คน,22505
ชาย,1343, แพร่,ผู้สูงอายุที่ทำงาน,2557,สำนักงานสถิติแห่งชาติ,คน,22271
ชาย,1344, น่าน,ผู้สูงอายุที่ทำงาน,2557,สำนักงานสถิติแห่งชาติ,คน,21148
ชาย,1345, พะเยา,ผู้สูงอายุที่ทำงาน,2557,สำนักงานสถิติแห่งชาติ,คน,21649
ชาย,1346, เชียงราย,ผู้สูงอายุที่ทำงาน,2557,สำนักงานสถิติแห่งชาติ,คน,50502
ชาย,1347, แม่ฮ่องสอน,ผู้สูงอายุที่ทำงาน,2557,สำนักงานสถิติแห่งชาติ,คน,6269
ชาย,1348, นครสวรรค์,ผู้สูงอายุที่ทำงาน,2557,สำนักงานสถิติแห่งชาติ,คน,48095
ชาย,1349, อุทัยธานี,ผู้สูงอายุที่ทำงาน,2557,สำนักงานสถิติแห่งชาติ,คน,14481
ชาย,1350, กำแพงเพชร,ผู้สูงอายุที่ทำงาน,2557,สำนักงานสถิติแห่งชาติ,คน,31947
ชาย,1351, ตาก,ผู้สูงอายุที่ทำงาน,2557,สำนักงานสถิติแห่งชาติ,คน,14098
ชาย,1352, สุโขทัย,ผู้สูงอายุที่ทำงาน,2557,สำนักงานสถิติแห่งชาติ,คน,32253
ชาย,1353, พิษณุโลก,ผู้สูงอายุที่ทำงาน,2557,สำนักงานสถิติแห่งชาติ,คน,32752
ชาย,1354, พิจิตร,ผู้สูงอายุที่ทำงาน,2557,สำนักงานสถิติแห่งชาติ,คน,24789
ชาย,1355, เพชรบูรณ์,ผู้สูงอายุที่ทำงาน,2557,สำนักงานสถิติแห่งชาติ,คน,42495
ชาย,1356,ภาคตะวันออกเฉียงเหนือ,ผู้สูงอายุที่ทำงาน,2557,สำนักงานสถิติแห่งชาติ,คน,841428
ชาย,1357,นครราชสีมา,ผู้สูงอายุที่ทำงาน,2557,สำนักงานสถิติแห่งชาติ,คน,106903
ชาย,1358, บุรีรัมย์,ผู้สูงอายุที่ทำงาน,2557,สำนักงานสถิติแห่งชาติ,คน,62420
ชาย,1359, สุรินทร์,ผู้สูงอายุที่ทำงาน,2557,สำนักงานสถิติแห่งชาติ,คน,68317
ชาย,1360, ศรีสะเกษ,ผู้สูงอายุที่ทำงาน,2557,สำนักงานสถิติแห่งชาติ,คน,58059
ชาย,1361, อุบลราชธานี,ผู้สูงอายุที่ทำงาน,2557,สำนักงานสถิติแห่งชาติ,คน,76633
ชาย,1362,ยโสธร,ผู้สูงอายุที่ทำงาน,2557,สำนักงานสถิติแห่งชาติ,คน,26834
ชาย,1363,ชัยภูมิ,ผู้สูงอายุที่ทำงาน,2557,สำนักงานสถิติแห่งชาติ,คน,49532
ชาย,1364, อำนาจเจริญ,ผู้สูงอายุที่ทำงาน,2557,สำนักงานสถิติแห่งชาติ,คน,14075
ชาย,1365, บึงกาฬ,ผู้สูงอายุที่ทำงาน,2557,สำนักงานสถิติแห่งชาติ,คน,7582
ชาย,1366, หนองบัวลำภู,ผู้สูงอายุที่ทำงาน,2557,สำนักงานสถิติแห่งชาติ,คน,20869
ชาย,1367, ขอนแก่น,ผู้สูงอายุที่ทำงาน,2557,สำนักงานสถิติแห่งชาติ,คน,64179
ชาย,1368, อุดรธานี,ผู้สูงอายุที่ทำงาน,2557,สำนักงานสถิติแห่งชาติ,คน,35816
ชาย,1369,เลย,ผู้สูงอายุที่ทำงาน,2557,สำนักงานสถิติแห่งชาติ,คน,24376
ชาย,1370, หนองคาย,ผู้สูงอายุที่ทำงาน,2557,สำนักงานสถิติแห่งชาติ,คน,17009
ชาย,1371,มหาสารคาม,ผู้สูงอายุที่ทำงาน,2557,สำนักงานสถิติแห่งชาติ,คน,44724
ชาย,1372, ร้อยเอ็ด,ผู้สูงอายุที่ทำงาน,2557,สำนักงานสถิติแห่งชาติ,คน,60579
ชาย,1373, กาฬสินธุ์,ผู้สูงอายุที่ทำงาน,2557,สำนักงานสถิติแห่งชาติ,คน,38128
ชาย,1374, สกลนคร,ผู้สูงอายุที่ทำงาน,2557,สำนักงานสถิติแห่งชาติ,คน,28677
ชาย,1375, นครพนม,ผู้สูงอายุที่ทำงาน,2557,สำนักงานสถิติแห่งชาติ,คน,22528
ชาย,1376, มุกดาหาร,ผู้สูงอายุที่ทำงาน,2557,สำนักงานสถิติแห่งชาติ,คน,14187
ชาย,1377,ภาคใต้,ผู้สูงอายุที่ทำงาน,2557,สำนักงานสถิติแห่งชาติ,คน,289555
ชาย,1378, นครศรีธรรมราช,ผู้สูงอายุที่ทำงาน,2557,สำนักงานสถิติแห่งชาติ,คน,66854
ชาย,1379, กระบี่,ผู้สูงอายุที่ทำงาน,2557,สำนักงานสถิติแห่งชาติ,คน,10934
ชาย,1380, พังงา,ผู้สูงอายุที่ทำงาน,2557,สำนักงานสถิติแห่งชาติ,คน,7301
ชาย,1381,ภูเก็ต,ผู้สูงอายุที่ทำงาน,2557,สำนักงานสถิติแห่งชาติ,คน,8878
ชาย,1382,สุราษฎร์ธานี,ผู้สูงอายุที่ทำงาน,2557,สำนักงานสถิติแห่งชาติ,คน,29358
ชาย,1383, ระนอง,ผู้สูงอายุที่ทำงาน,2557,สำนักงานสถิติแห่งชาติ,คน,6610
ชาย,1384, ชุมพร,ผู้สูงอายุที่ทำงาน,2557,สำนักงานสถิติแห่งชาติ,คน,17755
ชาย,1385,สงขลา,ผู้สูงอายุที่ทำงาน,2557,สำนักงานสถิติแห่งชาติ,คน,41182
ชาย,1386, สตูล,ผู้สูงอายุที่ทำงาน,2557,สำนักงานสถิติแห่งชาติ,คน,7274
ชาย,1387, ตรัง,ผู้สูงอายุที่ทำงาน,2557,สำนักงานสถิติแห่งชาติ,คน,20510
ชาย,1388, พัทลุง,ผู้สูงอายุที่ทำงาน,2557,สำนักงานสถิติแห่งชาติ,คน,24336
ชาย,1389, ปัตตานี,ผู้สูงอายุที่ทำงาน,2557,สำนักงานสถิติแห่งชาติ,คน,18875
ชาย,1390, ยะลา,ผู้สูงอายุที่ทำงาน,2557,สำนักงานสถิติแห่งชาติ,คน,11317
ชาย,1391, นราธิวาส,ผู้สูงอายุที่ทำงาน,2557,สำนักงานสถิติแห่งชาติ,คน,18371
หญิง,1392,จำนวน,ผู้สูงอายุที่ทำงาน,2557,สำนักงานสถิติแห่งชาติ,คน,1579568
หญิง,1393, กรุงเทพมหานคร,ผู้สูงอายุที่ทำงาน,2557,สำนักงานสถิติแห่งชาติ,คน,78786
หญิง,1394,ภาคกลาง,ผู้สูงอายุที่ทำงาน,2557,สำนักงานสถิติแห่งชาติ,คน,396422
หญิง,1395, สมุทรปราการ,ผู้สูงอายุที่ทำงาน,2557,สำนักงานสถิติแห่งชาติ,คน,20720
หญิง,1396, นนทบุรี,ผู้สูงอายุที่ทำงาน,2557,สำนักงานสถิติแห่งชาติ,คน,20493
หญิง,1397, ปทุมธานี,ผู้สูงอายุที่ทำงาน,2557,สำนักงานสถิติแห่งชาติ,คน,14274
หญิง,1398, พระนครศรีอยุธยา,ผู้สูงอายุที่ทำงาน,2557,สำนักงานสถิติแห่งชาติ,คน,15281
หญิง,1399, อ่างทอง,ผู้สูงอายุที่ทำงาน,2557,สำนักงานสถิติแห่งชาติ,คน,10423
หญิง,1400, ลพบุรี,ผู้สูงอายุที่ทำงาน,2557,สำนักงานสถิติแห่งชาติ,คน,25815
หญิง,1401, สิงห์บุรี,ผู้สูงอายุที่ทำงาน,2557,สำนักงานสถิติแห่งชาติ,คน,9417
หญิง,1402, ชัยนาท,ผู้สูงอายุที่ทำงาน,2557,สำนักงานสถิติแห่งชาติ,คน,13751
หญิง,1403,สระบุรี,ผู้สูงอายุที่ทำงาน,2557,สำนักงานสถิติแห่งชาติ,คน,13436
หญิง,1404,ชลบุรี,ผู้สูงอายุที่ทำงาน,2557,สำนักงานสถิติแห่งชาติ,คน,19829
หญิง,1405, ระยอง,ผู้สูงอายุที่ทำงาน,2557,สำนักงานสถิติแห่งชาติ,คน,12870
หญิง,1406,จันทบุรี,ผู้สูงอายุที่ทำงาน,2557,สำนักงานสถิติแห่งชาติ,คน,16770
หญิง,1407, ตราด,ผู้สูงอายุที่ทำงาน,2557,สำนักงานสถิติแห่งชาติ,คน,6302
หญิง,1408,ฉะเชิงเทรา,ผู้สูงอายุที่ทำงาน,2557,สำนักงานสถิติแห่งชาติ,คน,14442
หญิง,1409, ปราจีนบุรี,ผู้สูงอายุที่ทำงาน,2557,สำนักงานสถิติแห่งชาติ,คน,17516
หญิง,1410, นครนายก,ผู้สูงอายุที่ทำงาน,2557,สำนักงานสถิติแห่งชาติ,คน,6344
หญิง,1411,สระแก้ว,ผู้สูงอายุที่ทำงาน,2557,สำนักงานสถิติแห่งชาติ,คน,13449
หญิง,1412, ราชบุรี,ผู้สูงอายุที่ทำงาน,2557,สำนักงานสถิติแห่งชาติ,คน,24347
หญิง,1413, กาญจนบุรี,ผู้สูงอายุที่ทำงาน,2557,สำนักงานสถิติแห่งชาติ,คน,20234
หญิง,1414, สุพรรณบุรี,ผู้สูงอายุที่ทำงาน,2557,สำนักงานสถิติแห่งชาติ,คน,32143
หญิง,1415, นครปฐม,ผู้สูงอายุที่ทำงาน,2557,สำนักงานสถิติแห่งชาติ,คน,21725
หญิง,1416, สมุทรสาคร,ผู้สูงอายุที่ทำงาน,2557,สำนักงานสถิติแห่งชาติ,คน,8974
หญิง,1417, สมุทรสงคราม,ผู้สูงอายุที่ทำงาน,2557,สำนักงานสถิติแห่งชาติ,คน,8172
หญิง,1418, เพชรบุรี,ผู้สูงอายุที่ทำงาน,2557,สำนักงานสถิติแห่งชาติ,คน,18999
หญิง,1419, ประจวบคีรีขันธ์,ผู้สูงอายุที่ทำงาน,2557,สำนักงานสถิติแห่งชาติ,คน,10698
หญิง,1420,ภาคเหนือ,ผู้สูงอายุที่ทำงาน,2557,สำนักงานสถิติแห่งชาติ,คน,349299
หญิง,1421, เชียงใหม่,ผู้สูงอายุที่ทำงาน,2557,สำนักงานสถิติแห่งชาติ,คน,39784
หญิง,1422, ลำพูน,ผู้สูงอายุที่ทำงาน,2557,สำนักงานสถิติแห่งชาติ,คน,18587
หญิง,1423, ลำปาง,ผู้สูงอายุที่ทำงาน,2557,สำนักงานสถิติแห่งชาติ,คน,27766
หญิง,1424, อุตรดิตถ์,ผู้สูงอายุที่ทำงาน,2557,สำนักงานสถิติแห่งชาติ,คน,13349
หญิง,1425, แพร่,ผู้สูงอายุที่ทำงาน,2557,สำนักงานสถิติแห่งชาติ,คน,17137
หญิง,1426, น่าน,ผู้สูงอายุที่ทำงาน,2557,สำนักงานสถิติแห่งชาติ,คน,14091
หญิง,1427, พะเยา,ผู้สูงอายุที่ทำงาน,2557,สำนักงานสถิติแห่งชาติ,คน,10941
หญิง,1428, เชียงราย,ผู้สูงอายุที่ทำงาน,2557,สำนักงานสถิติแห่งชาติ,คน,31649
หญิง,1429, แม่ฮ่องสอน,ผู้สูงอายุที่ทำงาน,2557,สำนักงานสถิติแห่งชาติ,คน,3629
หญิง,1430, นครสวรรค์,ผู้สูงอายุที่ทำงาน,2557,สำนักงานสถิติแห่งชาติ,คน,32368
หญิง,1431, อุทัยธานี,ผู้สูงอายุที่ทำงาน,2557,สำนักงานสถิติแห่งชาติ,คน,10388
หญิง,1432, กำแพงเพชร,ผู้สูงอายุที่ทำงาน,2557,สำนักงานสถิติแห่งชาติ,คน,26230
หญิง,1433, ตาก,ผู้สูงอายุที่ทำงาน,2557,สำนักงานสถิติแห่งชาติ,คน,9651
หญิง,1434, สุโขทัย,ผู้สูงอายุที่ทำงาน,2557,สำนักงานสถิติแห่งชาติ,คน,25715
หญิง,1435, พิษณุโลก,ผู้สูงอายุที่ทำงาน,2557,สำนักงานสถิติแห่งชาติ,คน,25724
หญิง,1436, พิจิตร,ผู้สูงอายุที่ทำงาน,2557,สำนักงานสถิติแห่งชาติ,คน,17705
หญิง,1437, เพชรบูรณ์,ผู้สูงอายุที่ทำงาน,2557,สำนักงานสถิติแห่งชาติ,คน,24584
หญิง,1438,ภาคตะวันออกเฉียงเหนือ,ผู้สูงอายุที่ทำงาน,2557,สำนักงานสถิติแห่งชาติ,คน,538144
หญิง,1439,นครราชสีมา,ผู้สูงอายุที่ทำงาน,2557,สำนักงานสถิติแห่งชาติ,คน,74116
หญิง,1440, บุรีรัมย์,ผู้สูงอายุที่ทำงาน,2557,สำนักงานสถิติแห่งชาติ,คน,30297
หญิง,1441, สุรินทร์,ผู้สูงอายุที่ทำงาน,2557,สำนักงานสถิติแห่งชาติ,คน,45286
หญิง,1442, ศรีสะเกษ,ผู้สูงอายุที่ทำงาน,2557,สำนักงานสถิติแห่งชาติ,คน,43167
หญิง,1443, อุบลราชธานี,ผู้สูงอายุที่ทำงาน,2557,สำนักงานสถิติแห่งชาติ,คน,40899
หญิง,1444,ยโสธร,ผู้สูงอายุที่ทำงาน,2557,สำนักงานสถิติแห่งชาติ,คน,20080
หญิง,1445,ชัยภูมิ,ผู้สูงอายุที่ทำงาน,2557,สำนักงานสถิติแห่งชาติ,คน,33591
หญิง,1446, อำนาจเจริญ,ผู้สูงอายุที่ทำงาน,2557,สำนักงานสถิติแห่งชาติ,คน,9759
หญิง,1447, บึงกาฬ,ผู้สูงอายุที่ทำงาน,2557,สำนักงานสถิติแห่งชาติ,คน,5036
หญิง,1448, หนองบัวลำภู,ผู้สูงอายุที่ทำงาน,2557,สำนักงานสถิติแห่งชาติ,คน,10406
หญิง,1449, ขอนแก่น,ผู้สูงอายุที่ทำงาน,2557,สำนักงานสถิติแห่งชาติ,คน,36126
หญิง,1450, อุดรธานี,ผู้สูงอายุที่ทำงาน,2557,สำนักงานสถิติแห่งชาติ,คน,22701
หญิง,1451,เลย,ผู้สูงอายุที่ทำงาน,2557,สำนักงานสถิติแห่งชาติ,คน,12287
หญิง,1452, หนองคาย,ผู้สูงอายุที่ทำงาน,2557,สำนักงานสถิติแห่งชาติ,คน,8942
หญิง,1453,มหาสารคาม,ผู้สูงอายุที่ทำงาน,2557,สำนักงานสถิติแห่งชาติ,คน,33917
หญิง,1454, ร้อยเอ็ด,ผู้สูงอายุที่ทำงาน,2557,สำนักงานสถิติแห่งชาติ,คน,40169
หญิง,1455, กาฬสินธุ์,ผู้สูงอายุที่ทำงาน,2557,สำนักงานสถิติแห่งชาติ,คน,25590
หญิง,1456, สกลนคร,ผู้สูงอายุที่ทำงาน,2557,สำนักงานสถิติแห่งชาติ,คน,16329
หญิง,1457, นครพนม,ผู้สูงอายุที่ทำงาน,2557,สำนักงานสถิติแห่งชาติ,คน,20205
หญิง,1458, มุกดาหาร,ผู้สูงอายุที่ทำงาน,2557,สำนักงานสถิติแห่งชาติ,คน,9240
หญิง,1459,ภาคใต้,ผู้สูงอายุที่ทำงาน,2557,สำนักงานสถิติแห่งชาติ,คน,216917
หญิง,1460, นครศรีธรรมราช,ผู้สูงอายุที่ทำงาน,2557,สำนักงานสถิติแห่งชาติ,คน,59117
หญิง,1461, กระบี่,ผู้สูงอายุที่ทำงาน,2557,สำนักงานสถิติแห่งชาติ,คน,5973
หญิง,1462, พังงา,ผู้สูงอายุที่ทำงาน,2557,สำนักงานสถิติแห่งชาติ,คน,3519
หญิง,1463,ภูเก็ต,ผู้สูงอายุที่ทำงาน,2557,สำนักงานสถิติแห่งชาติ,คน,5275
หญิง,1464,สุราษฎร์ธานี,ผู้สูงอายุที่ทำงาน,2557,สำนักงานสถิติแห่งชาติ,คน,17272
หญิง,1465, ระนอง,ผู้สูงอายุที่ทำงาน,2557,สำนักงานสถิติแห่งชาติ,คน,2669
หญิง,1466, ชุมพร,ผู้สูงอายุที่ทำงาน,2557,สำนักงานสถิติแห่งชาติ,คน,13319
หญิง,1467,สงขลา,ผู้สูงอายุที่ทำงาน,2557,สำนักงานสถิติแห่งชาติ,คน,31365
หญิง,1468, สตูล,ผู้สูงอายุที่ทำงาน,2557,สำนักงานสถิติแห่งชาติ,คน,3195
หญิง,1469, ตรัง,ผู้สูงอายุที่ทำงาน,2557,สำนักงานสถิติแห่งชาติ,คน,17934
หญิง,1470, พัทลุง,ผู้สูงอายุที่ทำงาน,2557,สำนักงานสถิติแห่งชาติ,คน,22333
หญิง,1471, ปัตตานี,ผู้สูงอายุที่ทำงาน,2557,สำนักงานสถิติแห่งชาติ,คน,14284
หญิง,1472, ยะลา,ผู้สูงอายุที่ทำงาน,2557,สำนักงานสถิติแห่งชาติ,คน,8717
หญิง,1473, นราธิวาส,ผู้สูงอายุที่ทำงาน,2557,สำนักงานสถิติแห่งชาติ,คน,11945
รวม,1474, กรุงเทพมหานคร,ผู้มีงานทำทั้งหมด,2558,สำนักงานสถิติแห่งชาติ,คน,5262518
รวม,1475,ภาคกลาง,ผู้มีงานทำทั้งหมด,2558,สำนักงานสถิติแห่งชาติ,คน,11580947
รวม,1476, สมุทรปราการ,ผู้มีงานทำทั้งหมด,2558,สำนักงานสถิติแห่งชาติ,คน,1322312
รวม,1477, นนทบุรี,ผู้มีงานทำทั้งหมด,2558,สำนักงานสถิติแห่งชาติ,คน,889199
รวม,1478, ปทุมธานี,ผู้มีงานทำทั้งหมด,2558,สำนักงานสถิติแห่งชาติ,คน,899940
รวม,1479, พระนครศรีอยุธยา,ผู้มีงานทำทั้งหมด,2558,สำนักงานสถิติแห่งชาติ,คน,496320
รวม,1480, อ่างทอง,ผู้มีงานทำทั้งหมด,2558,สำนักงานสถิติแห่งชาติ,คน,136698
รวม,1481, ลพบุรี,ผู้มีงานทำทั้งหมด,2558,สำนักงานสถิติแห่งชาติ,คน,447562
รวม,1482, สิงห์บุรี,ผู้มีงานทำทั้งหมด,2558,สำนักงานสถิติแห่งชาติ,คน,118009
รวม,1483, ชัยนาท,ผู้มีงานทำทั้งหมด,2558,สำนักงานสถิติแห่งชาติ,คน,175805
รวม,1484,สระบุรี,ผู้มีงานทำทั้งหมด,2558,สำนักงานสถิติแห่งชาติ,คน,406813
รวม,1485,ชลบุรี,ผู้มีงานทำทั้งหมด,2558,สำนักงานสถิติแห่งชาติ,คน,1032424
รวม,1486, ระยอง,ผู้มีงานทำทั้งหมด,2558,สำนักงานสถิติแห่งชาติ,คน,540917
รวม,1487,จันทบุรี,ผู้มีงานทำทั้งหมด,2558,สำนักงานสถิติแห่งชาติ,คน,335837
รวม,1488, ตราด,ผู้มีงานทำทั้งหมด,2558,สำนักงานสถิติแห่งชาติ,คน,165394
รวม,1489,ฉะเชิงเทรา,ผู้มีงานทำทั้งหมด,2558,สำนักงานสถิติแห่งชาติ,คน,421060
รวม,1490, ปราจีนบุรี,ผู้มีงานทำทั้งหมด,2558,สำนักงานสถิติแห่งชาติ,คน,331848
รวม,1491, นครนายก,ผู้มีงานทำทั้งหมด,2558,สำนักงานสถิติแห่งชาติ,คน,147834
รวม,1492,สระแก้ว,ผู้มีงานทำทั้งหมด,2558,สำนักงานสถิติแห่งชาติ,คน,307695
รวม,1493, ราชบุรี,ผู้มีงานทำทั้งหมด,2558,สำนักงานสถิติแห่งชาติ,คน,466191
รวม,1494, กาญจนบุรี,ผู้มีงานทำทั้งหมด,2558,สำนักงานสถิติแห่งชาติ,คน,452959
รวม,1495, สุพรรณบุรี,ผู้มีงานทำทั้งหมด,2558,สำนักงานสถิติแห่งชาติ,คน,489895
รวม,1496, นครปฐม,ผู้มีงานทำทั้งหมด,2558,สำนักงานสถิติแห่งชาติ,คน,644512
รวม,1497, สมุทรสาคร,ผู้มีงานทำทั้งหมด,2558,สำนักงานสถิติแห่งชาติ,คน,679614
รวม,1498, สมุทรสงคราม,ผู้มีงานทำทั้งหมด,2558,สำนักงานสถิติแห่งชาติ,คน,109588
รวม,1499, เพชรบุรี,ผู้มีงานทำทั้งหมด,2558,สำนักงานสถิติแห่งชาติ,คน,291219
รวม,1500, ประจวบคีรีขันธ์,ผู้มีงานทำทั้งหมด,2558,สำนักงานสถิติแห่งชาติ,คน,271300
รวม,1501,ภาคเหนือ,ผู้มีงานทำทั้งหมด,2558,สำนักงานสถิติแห่งชาติ,คน,6457787
รวม,1502, เชียงใหม่,ผู้มีงานทำทั้งหมด,2558,สำนักงานสถิติแห่งชาติ,คน,1028443
รวม,1503, ลำพูน,ผู้มีงานทำทั้งหมด,2558,สำนักงานสถิติแห่งชาติ,คน,267054
รวม,1504, ลำปาง,ผู้มีงานทำทั้งหมด,2558,สำนักงานสถิติแห่งชาติ,คน,419000
รวม,1505, อุตรดิตถ์,ผู้มีงานทำทั้งหมด,2558,สำนักงานสถิติแห่งชาติ,คน,230910
รวม,1506, แพร่,ผู้มีงานทำทั้งหมด,2558,สำนักงานสถิติแห่งชาติ,คน,243456
รวม,1507, น่าน,ผู้มีงานทำทั้งหมด,2558,สำนักงานสถิติแห่งชาติ,คน,251928
รวม,1508, พะเยา,ผู้มีงานทำทั้งหมด,2558,สำนักงานสถิติแห่งชาติ,คน,223883
รวม,1509, เชียงราย,ผู้มีงานทำทั้งหมด,2558,สำนักงานสถิติแห่งชาติ,คน,669745
รวม,1510, แม่ฮ่องสอน,ผู้มีงานทำทั้งหมด,2558,สำนักงานสถิติแห่งชาติ,คน,113776
รวม,1511, นครสวรรค์,ผู้มีงานทำทั้งหมด,2558,สำนักงานสถิติแห่งชาติ,คน,531976
รวม,1512, อุทัยธานี,ผู้มีงานทำทั้งหมด,2558,สำนักงานสถิติแห่งชาติ,คน,154218
รวม,1513, กำแพงเพชร,ผู้มีงานทำทั้งหมด,2558,สำนักงานสถิติแห่งชาติ,คน,429374
รวม,1514, ตาก,ผู้มีงานทำทั้งหมด,2558,สำนักงานสถิติแห่งชาติ,คน,266583
รวม,1515, สุโขทัย,ผู้มีงานทำทั้งหมด,2558,สำนักงานสถิติแห่งชาติ,คน,351558
รวม,1516, พิษณุโลก,ผู้มีงานทำทั้งหมด,2558,สำนักงานสถิติแห่งชาติ,คน,490548
รวม,1517, พิจิตร,ผู้มีงานทำทั้งหมด,2558,สำนักงานสถิติแห่งชาติ,คน,286998
รวม,1518, เพชรบูรณ์,ผู้มีงานทำทั้งหมด,2558,สำนักงานสถิติแห่งชาติ,คน,498337
รวม,1519,ภาคตะวันออกเฉียงเหนือ,ผู้มีงานทำทั้งหมด,2558,สำนักงานสถิติแห่งชาติ,คน,9983916
รวม,1520,นครราชสีมา,ผู้มีงานทำทั้งหมด,2558,สำนักงานสถิติแห่งชาติ,คน,1366251
รวม,1521, บุรีรัมย์,ผู้มีงานทำทั้งหมด,2558,สำนักงานสถิติแห่งชาติ,คน,586878
รวม,1522, สุรินทร์,ผู้มีงานทำทั้งหมด,2558,สำนักงานสถิติแห่งชาติ,คน,528215
รวม,1523, ศรีสะเกษ,ผู้มีงานทำทั้งหมด,2558,สำนักงานสถิติแห่งชาติ,คน,608834
รวม,1524, อุบลราชธานี,ผู้มีงานทำทั้งหมด,2558,สำนักงานสถิติแห่งชาติ,คน,933984
รวม,1525,ยโสธร,ผู้มีงานทำทั้งหมด,2558,สำนักงานสถิติแห่งชาติ,คน,292198
รวม,1526,ชัยภูมิ,ผู้มีงานทำทั้งหมด,2558,สำนักงานสถิติแห่งชาติ,คน,528009
รวม,1527, อำนาจเจริญ,ผู้มีงานทำทั้งหมด,2558,สำนักงานสถิติแห่งชาติ,คน,162969
รวม,1528, บึงกาฬ,ผู้มีงานทำทั้งหมด,2558,สำนักงานสถิติแห่งชาติ,คน,147807
รวม,1529, หนองบัวลำภู,ผู้มีงานทำทั้งหมด,2558,สำนักงานสถิติแห่งชาติ,คน,244613
รวม,1530, ขอนแก่น,ผู้มีงานทำทั้งหมด,2558,สำนักงานสถิติแห่งชาติ,คน,916330
รวม,1531, อุดรธานี,ผู้มีงานทำทั้งหมด,2558,สำนักงานสถิติแห่งชาติ,คน,658854
รวม,1532,เลย,ผู้มีงานทำทั้งหมด,2558,สำนักงานสถิติแห่งชาติ,คน,304055
รวม,1533, หนองคาย,ผู้มีงานทำทั้งหมด,2558,สำนักงานสถิติแห่งชาติ,คน,220287
รวม,1534,มหาสารคาม,ผู้มีงานทำทั้งหมด,2558,สำนักงานสถิติแห่งชาติ,คน,481343
รวม,1535, ร้อยเอ็ด,ผู้มีงานทำทั้งหมด,2558,สำนักงานสถิติแห่งชาติ,คน,598290
รวม,1536, กาฬสินธุ์,ผู้มีงานทำทั้งหมด,2558,สำนักงานสถิติแห่งชาติ,คน,437561
รวม,1537, สกลนคร,ผู้มีงานทำทั้งหมด,2558,สำนักงานสถิติแห่งชาติ,คน,457508
รวม,1538, นครพนม,ผู้มีงานทำทั้งหมด,2558,สำนักงานสถิติแห่งชาติ,คน,307595
รวม,1539, มุกดาหาร,ผู้มีงานทำทั้งหมด,2558,สำนักงานสถิติแห่งชาติ,คน,202335
รวม,1540,ภาคใต้,ผู้มีงานทำทั้งหมด,2558,สำนักงานสถิติแห่งชาติ,คน,5045251
รวม,1541, นครศรีธรรมราช,ผู้มีงานทำทั้งหมด,2558,สำนักงานสถิติแห่งชาติ,คน,860497
รวม,1542, กระบี่,ผู้มีงานทำทั้งหมด,2558,สำนักงานสถิติแห่งชาติ,คน,208486
รวม,1543, พังงา,ผู้มีงานทำทั้งหมด,2558,สำนักงานสถิติแห่งชาติ,คน,142394
รวม,1544,ภูเก็ต,ผู้มีงานทำทั้งหมด,2558,สำนักงานสถิติแห่งชาติ,คน,311323
รวม,1545,สุราษฎร์ธานี,ผู้มีงานทำทั้งหมด,2558,สำนักงานสถิติแห่งชาติ,คน,601728
รวม,1546, ระนอง,ผู้มีงานทำทั้งหมด,2558,สำนักงานสถิติแห่งชาติ,คน,145061
รวม,1547, ชุมพร,ผู้มีงานทำทั้งหมด,2558,สำนักงานสถิติแห่งชาติ,คน,282672
รวม,1548,สงขลา,ผู้มีงานทำทั้งหมด,2558,สำนักงานสถิติแห่งชาติ,คน,836816
รวม,1549, สตูล,ผู้มีงานทำทั้งหมด,2558,สำนักงานสถิติแห่งชาติ,คน,148966
รวม,1550, ตรัง,ผู้มีงานทำทั้งหมด,2558,สำนักงานสถิติแห่งชาติ,คน,374127
รวม,1551, พัทลุง,ผู้มีงานทำทั้งหมด,2558,สำนักงานสถิติแห่งชาติ,คน,293717
รวม,1552, ปัตตานี,ผู้มีงานทำทั้งหมด,2558,สำนักงานสถิติแห่งชาติ,คน,297521
รวม,1553, ยะลา,ผู้มีงานทำทั้งหมด,2558,สำนักงานสถิติแห่งชาติ,คน,222665
รวม,1554, นราธิวาส,ผู้มีงานทำทั้งหมด,2558,สำนักงานสถิติแห่งชาติ,คน,319278
ชาย,1555,จำนวน,ผู้มีงานทำทั้งหมด,2558,สำนักงานสถิติแห่งชาติ,คน,20776307
ชาย,1556, กรุงเทพมหานคร,ผู้มีงานทำทั้งหมด,2558,สำนักงานสถิติแห่งชาติ,คน,2787280
ชาย,1557,ภาคกลาง,ผู้มีงานทำทั้งหมด,2558,สำนักงานสถิติแห่งชาติ,คน,6279630
ชาย,1558, สมุทรปราการ,ผู้มีงานทำทั้งหมด,2558,สำนักงานสถิติแห่งชาติ,คน,703680
ชาย,1559, นนทบุรี,ผู้มีงานทำทั้งหมด,2558,สำนักงานสถิติแห่งชาติ,คน,473408
ชาย,1560, ปทุมธานี,ผู้มีงานทำทั้งหมด,2558,สำนักงานสถิติแห่งชาติ,คน,484963
ชาย,1561, พระนครศรีอยุธยา,ผู้มีงานทำทั้งหมด,2558,สำนักงานสถิติแห่งชาติ,คน,268775
ชาย,1562, อ่างทอง,ผู้มีงานทำทั้งหมด,2558,สำนักงานสถิติแห่งชาติ,คน,69700
ชาย,1563, ลพบุรี,ผู้มีงานทำทั้งหมด,2558,สำนักงานสถิติแห่งชาติ,คน,241010
ชาย,1564, สิงห์บุรี,ผู้มีงานทำทั้งหมด,2558,สำนักงานสถิติแห่งชาติ,คน,61599
ชาย,1565, ชัยนาท,ผู้มีงานทำทั้งหมด,2558,สำนักงานสถิติแห่งชาติ,คน,92190
ชาย,1566,สระบุรี,ผู้มีงานทำทั้งหมด,2558,สำนักงานสถิติแห่งชาติ,คน,220255
ชาย,1567,ชลบุรี,ผู้มีงานทำทั้งหมด,2558,สำนักงานสถิติแห่งชาติ,คน,577506
ชาย,1568, ระยอง,ผู้มีงานทำทั้งหมด,2558,สำนักงานสถิติแห่งชาติ,คน,305199
ชาย,1569,จันทบุรี,ผู้มีงานทำทั้งหมด,2558,สำนักงานสถิติแห่งชาติ,คน,180150
ชาย,1570, ตราด,ผู้มีงานทำทั้งหมด,2558,สำนักงานสถิติแห่งชาติ,คน,94099
ชาย,1571,ฉะเชิงเทรา,ผู้มีงานทำทั้งหมด,2558,สำนักงานสถิติแห่งชาติ,คน,240985
ชาย,1572, ปราจีนบุรี,ผู้มีงานทำทั้งหมด,2558,สำนักงานสถิติแห่งชาติ,คน,172424
ชาย,1573, นครนายก,ผู้มีงานทำทั้งหมด,2558,สำนักงานสถิติแห่งชาติ,คน,80284
ชาย,1574,สระแก้ว,ผู้มีงานทำทั้งหมด,2558,สำนักงานสถิติแห่งชาติ,คน,172221
ชาย,1575, ราชบุรี,ผู้มีงานทำทั้งหมด,2558,สำนักงานสถิติแห่งชาติ,คน,251914
ชาย,1576, กาญจนบุรี,ผู้มีงานทำทั้งหมด,2558,สำนักงานสถิติแห่งชาติ,คน,253766
ชาย,1577, สุพรรณบุรี,ผู้มีงานทำทั้งหมด,2558,สำนักงานสถิติแห่งชาติ,คน,264813
ชาย,1578, นครปฐม,ผู้มีงานทำทั้งหมด,2558,สำนักงานสถิติแห่งชาติ,คน,339354
ชาย,1579, สมุทรสาคร,ผู้มีงานทำทั้งหมด,2558,สำนักงานสถิติแห่งชาติ,คน,367243
ชาย,1580, สมุทรสงคราม,ผู้มีงานทำทั้งหมด,2558,สำนักงานสถิติแห่งชาติ,คน,59844
ชาย,1581, เพชรบุรี,ผู้มีงานทำทั้งหมด,2558,สำนักงานสถิติแห่งชาติ,คน,150716
ชาย,1582, ประจวบคีรีขันธ์,ผู้มีงานทำทั้งหมด,2558,สำนักงานสถิติแห่งชาติ,คน,153533
ชาย,1583,ภาคเหนือ,ผู้มีงานทำทั้งหมด,2558,สำนักงานสถิติแห่งชาติ,คน,3474316
ชาย,1584, เชียงใหม่,ผู้มีงานทำทั้งหมด,2558,สำนักงานสถิติแห่งชาติ,คน,542743
ชาย,1585, ลำพูน,ผู้มีงานทำทั้งหมด,2558,สำนักงานสถิติแห่งชาติ,คน,136782
ชาย,1586, ลำปาง,ผู้มีงานทำทั้งหมด,2558,สำนักงานสถิติแห่งชาติ,คน,227495
ชาย,1587, อุตรดิตถ์,ผู้มีงานทำทั้งหมด,2558,สำนักงานสถิติแห่งชาติ,คน,127962
ชาย,1588, แพร่,ผู้มีงานทำทั้งหมด,2558,สำนักงานสถิติแห่งชาติ,คน,128644
ชาย,1589, น่าน,ผู้มีงานทำทั้งหมด,2558,สำนักงานสถิติแห่งชาติ,คน,136321
ชาย,1590, พะเยา,ผู้มีงานทำทั้งหมด,2558,สำนักงานสถิติแห่งชาติ,คน,120214
ชาย,1591, เชียงราย,ผู้มีงานทำทั้งหมด,2558,สำนักงานสถิติแห่งชาติ,คน,364017
ชาย,1592, แม่ฮ่องสอน,ผู้มีงานทำทั้งหมด,2558,สำนักงานสถิติแห่งชาติ,คน,63112
ชาย,1593, นครสวรรค์,ผู้มีงานทำทั้งหมด,2558,สำนักงานสถิติแห่งชาติ,คน,290271
ชาย,1594, อุทัยธานี,ผู้มีงานทำทั้งหมด,2558,สำนักงานสถิติแห่งชาติ,คน,83423
ชาย,1595, กำแพงเพชร,ผู้มีงานทำทั้งหมด,2558,สำนักงานสถิติแห่งชาติ,คน,227047
ชาย,1596, ตาก,ผู้มีงานทำทั้งหมด,2558,สำนักงานสถิติแห่งชาติ,คน,144342
ชาย,1597, สุโขทัย,ผู้มีงานทำทั้งหมด,2558,สำนักงานสถิติแห่งชาติ,คน,187330
ชาย,1598, พิษณุโลก,ผู้มีงานทำทั้งหมด,2558,สำนักงานสถิติแห่งชาติ,คน,260960
ชาย,1599, พิจิตร,ผู้มีงานทำทั้งหมด,2558,สำนักงานสถิติแห่งชาติ,คน,159632
ชาย,1600, เพชรบูรณ์,ผู้มีงานทำทั้งหมด,2558,สำนักงานสถิติแห่งชาติ,คน,274021
ชาย,1601,ภาคตะวันออกเฉียงเหนือ,ผู้มีงานทำทั้งหมด,2558,สำนักงานสถิติแห่งชาติ,คน,5430125
ชาย,1602,นครราชสีมา,ผู้มีงานทำทั้งหมด,2558,สำนักงานสถิติแห่งชาติ,คน,735203
ชาย,1603, บุรีรัมย์,ผู้มีงานทำทั้งหมด,2558,สำนักงานสถิติแห่งชาติ,คน,328485
ชาย,1604, สุรินทร์,ผู้มีงานทำทั้งหมด,2558,สำนักงานสถิติแห่งชาติ,คน,287268
ชาย,1605, ศรีสะเกษ,ผู้มีงานทำทั้งหมด,2558,สำนักงานสถิติแห่งชาติ,คน,320190
ชาย,1606, อุบลราชธานี,ผู้มีงานทำทั้งหมด,2558,สำนักงานสถิติแห่งชาติ,คน,510898
ชาย,1607,ยโสธร,ผู้มีงานทำทั้งหมด,2558,สำนักงานสถิติแห่งชาติ,คน,151979
ชาย,1608,ชัยภูมิ,ผู้มีงานทำทั้งหมด,2558,สำนักงานสถิติแห่งชาติ,คน,294247
ชาย,1609, อำนาจเจริญ,ผู้มีงานทำทั้งหมด,2558,สำนักงานสถิติแห่งชาติ,คน,88271
ชาย,1610, บึงกาฬ,ผู้มีงานทำทั้งหมด,2558,สำนักงานสถิติแห่งชาติ,คน,83852
ชาย,1611, หนองบัวลำภู,ผู้มีงานทำทั้งหมด,2558,สำนักงานสถิติแห่งชาติ,คน,135812
ชาย,1612, ขอนแก่น,ผู้มีงานทำทั้งหมด,2558,สำนักงานสถิติแห่งชาติ,คน,504828
ชาย,1613, อุดรธานี,ผู้มีงานทำทั้งหมด,2558,สำนักงานสถิติแห่งชาติ,คน,366518
ชาย,1614,เลย,ผู้มีงานทำทั้งหมด,2558,สำนักงานสถิติแห่งชาติ,คน,168190
ชาย,1615, หนองคาย,ผู้มีงานทำทั้งหมด,2558,สำนักงานสถิติแห่งชาติ,คน,124691
ชาย,1616,มหาสารคาม,ผู้มีงานทำทั้งหมด,2558,สำนักงานสถิติแห่งชาติ,คน,249987
ชาย,1617, ร้อยเอ็ด,ผู้มีงานทำทั้งหมด,2558,สำนักงานสถิติแห่งชาติ,คน,319050
ชาย,1618, กาฬสินธุ์,ผู้มีงานทำทั้งหมด,2558,สำนักงานสถิติแห่งชาติ,คน,239247
ชาย,1619, สกลนคร,ผู้มีงานทำทั้งหมด,2558,สำนักงานสถิติแห่งชาติ,คน,251284
ชาย,1620, นครพนม,ผู้มีงานทำทั้งหมด,2558,สำนักงานสถิติแห่งชาติ,คน,161858
ชาย,1621, มุกดาหาร,ผู้มีงานทำทั้งหมด,2558,สำนักงานสถิติแห่งชาติ,คน,108267
ชาย,1622,ภาคใต้,ผู้มีงานทำทั้งหมด,2558,สำนักงานสถิติแห่งชาติ,คน,2804956
ชาย,1623, นครศรีธรรมราช,ผู้มีงานทำทั้งหมด,2558,สำนักงานสถิติแห่งชาติ,คน,466825
ชาย,1624, กระบี่,ผู้มีงานทำทั้งหมด,2558,สำนักงานสถิติแห่งชาติ,คน,117083
ชาย,1625, พังงา,ผู้มีงานทำทั้งหมด,2558,สำนักงานสถิติแห่งชาติ,คน,86413
ชาย,1626,ภูเก็ต,ผู้มีงานทำทั้งหมด,2558,สำนักงานสถิติแห่งชาติ,คน,179180
ชาย,1627,สุราษฎร์ธานี,ผู้มีงานทำทั้งหมด,2558,สำนักงานสถิติแห่งชาติ,คน,342133
ชาย,1628, ระนอง,ผู้มีงานทำทั้งหมด,2558,สำนักงานสถิติแห่งชาติ,คน,86067
ชาย,1629, ชุมพร,ผู้มีงานทำทั้งหมด,2558,สำนักงานสถิติแห่งชาติ,คน,164605
ชาย,1630,สงขลา,ผู้มีงานทำทั้งหมด,2558,สำนักงานสถิติแห่งชาติ,คน,444120
ชาย,1631, สตูล,ผู้มีงานทำทั้งหมด,2558,สำนักงานสถิติแห่งชาติ,คน,86966
ชาย,1632, ตรัง,ผู้มีงานทำทั้งหมด,2558,สำนักงานสถิติแห่งชาติ,คน,197557
ชาย,1633, พัทลุง,ผู้มีงานทำทั้งหมด,2558,สำนักงานสถิติแห่งชาติ,คน,153739
ชาย,1634, ปัตตานี,ผู้มีงานทำทั้งหมด,2558,สำนักงานสถิติแห่งชาติ,คน,165578
ชาย,1635, ยะลา,ผู้มีงานทำทั้งหมด,2558,สำนักงานสถิติแห่งชาติ,คน,123887
ชาย,1636, นราธิวาส,ผู้มีงานทำทั้งหมด,2558,สำนักงานสถิติแห่งชาติ,คน,190802
หญิง,1637,จำนวน,ผู้มีงานทำทั้งหมด,2558,สำนักงานสถิติแห่งชาติ,คน,17554112
หญิง,1638, กรุงเทพมหานคร,ผู้มีงานทำทั้งหมด,2558,สำนักงานสถิติแห่งชาติ,คน,2475238
หญิง,1639,ภาคกลาง,ผู้มีงานทำทั้งหมด,2558,สำนักงานสถิติแห่งชาติ,คน,5301317
หญิง,1640, สมุทรปราการ,ผู้มีงานทำทั้งหมด,2558,สำนักงานสถิติแห่งชาติ,คน,618631
หญิง,1641, นนทบุรี,ผู้มีงานทำทั้งหมด,2558,สำนักงานสถิติแห่งชาติ,คน,415791
หญิง,1642, ปทุมธานี,ผู้มีงานทำทั้งหมด,2558,สำนักงานสถิติแห่งชาติ,คน,414977
หญิง,1643, พระนครศรีอยุธยา,ผู้มีงานทำทั้งหมด,2558,สำนักงานสถิติแห่งชาติ,คน,227545
หญิง,1644, อ่างทอง,ผู้มีงานทำทั้งหมด,2558,สำนักงานสถิติแห่งชาติ,คน,66999
หญิง,1645, ลพบุรี,ผู้มีงานทำทั้งหมด,2558,สำนักงานสถิติแห่งชาติ,คน,206552
หญิง,1646, สิงห์บุรี,ผู้มีงานทำทั้งหมด,2558,สำนักงานสถิติแห่งชาติ,คน,56410
หญิง,1647, ชัยนาท,ผู้มีงานทำทั้งหมด,2558,สำนักงานสถิติแห่งชาติ,คน,83615
หญิง,1648,สระบุรี,ผู้มีงานทำทั้งหมด,2558,สำนักงานสถิติแห่งชาติ,คน,186558
หญิง,1649,ชลบุรี,ผู้มีงานทำทั้งหมด,2558,สำนักงานสถิติแห่งชาติ,คน,454918
หญิง,1650, ระยอง,ผู้มีงานทำทั้งหมด,2558,สำนักงานสถิติแห่งชาติ,คน,235718
หญิง,1651,จันทบุรี,ผู้มีงานทำทั้งหมด,2558,สำนักงานสถิติแห่งชาติ,คน,155687
หญิง,1652, ตราด,ผู้มีงานทำทั้งหมด,2558,สำนักงานสถิติแห่งชาติ,คน,71296
หญิง,1653,ฉะเชิงเทรา,ผู้มีงานทำทั้งหมด,2558,สำนักงานสถิติแห่งชาติ,คน,180075
หญิง,1654, ปราจีนบุรี,ผู้มีงานทำทั้งหมด,2558,สำนักงานสถิติแห่งชาติ,คน,159424
หญิง,1655, นครนายก,ผู้มีงานทำทั้งหมด,2558,สำนักงานสถิติแห่งชาติ,คน,67550
หญิง,1656,สระแก้ว,ผู้มีงานทำทั้งหมด,2558,สำนักงานสถิติแห่งชาติ,คน,135474
หญิง,1657, ราชบุรี,ผู้มีงานทำทั้งหมด,2558,สำนักงานสถิติแห่งชาติ,คน,214278
หญิง,1658, กาญจนบุรี,ผู้มีงานทำทั้งหมด,2558,สำนักงานสถิติแห่งชาติ,คน,199194
หญิง,1659, สุพรรณบุรี,ผู้มีงานทำทั้งหมด,2558,สำนักงานสถิติแห่งชาติ,คน,225082
หญิง,1660, นครปฐม,ผู้มีงานทำทั้งหมด,2558,สำนักงานสถิติแห่งชาติ,คน,305158
หญิง,1661, สมุทรสาคร,ผู้มีงานทำทั้งหมด,2558,สำนักงานสถิติแห่งชาติ,คน,312371
หญิง,1662, สมุทรสงคราม,ผู้มีงานทำทั้งหมด,2558,สำนักงานสถิติแห่งชาติ,คน,49744
หญิง,1663, เพชรบุรี,ผู้มีงานทำทั้งหมด,2558,สำนักงานสถิติแห่งชาติ,คน,140503
หญิง,1664, ประจวบคีรีขันธ์,ผู้มีงานทำทั้งหมด,2558,สำนักงานสถิติแห่งชาติ,คน,117767
หญิง,1665,ภาคเหนือ,ผู้มีงานทำทั้งหมด,2558,สำนักงานสถิติแห่งชาติ,คน,2983472
หญิง,1666, เชียงใหม่,ผู้มีงานทำทั้งหมด,2558,สำนักงานสถิติแห่งชาติ,คน,485700
หญิง,1667, ลำพูน,ผู้มีงานทำทั้งหมด,2558,สำนักงานสถิติแห่งชาติ,คน,130273
หญิง,1668, ลำปาง,ผู้มีงานทำทั้งหมด,2558,สำนักงานสถิติแห่งชาติ,คน,191505
หญิง,1669, อุตรดิตถ์,ผู้มีงานทำทั้งหมด,2558,สำนักงานสถิติแห่งชาติ,คน,102947
หญิง,1670, แพร่,ผู้มีงานทำทั้งหมด,2558,สำนักงานสถิติแห่งชาติ,คน,114812
หญิง,1671, น่าน,ผู้มีงานทำทั้งหมด,2558,สำนักงานสถิติแห่งชาติ,คน,115608
หญิง,1672, พะเยา,ผู้มีงานทำทั้งหมด,2558,สำนักงานสถิติแห่งชาติ,คน,103669
หญิง,1673, เชียงราย,ผู้มีงานทำทั้งหมด,2558,สำนักงานสถิติแห่งชาติ,คน,305728
หญิง,1674, แม่ฮ่องสอน,ผู้มีงานทำทั้งหมด,2558,สำนักงานสถิติแห่งชาติ,คน,50664
หญิง,1675, นครสวรรค์,ผู้มีงานทำทั้งหมด,2558,สำนักงานสถิติแห่งชาติ,คน,241704
หญิง,1676, อุทัยธานี,ผู้มีงานทำทั้งหมด,2558,สำนักงานสถิติแห่งชาติ,คน,70795
หญิง,1677, กำแพงเพชร,ผู้มีงานทำทั้งหมด,2558,สำนักงานสถิติแห่งชาติ,คน,202327
หญิง,1678, ตาก,ผู้มีงานทำทั้งหมด,2558,สำนักงานสถิติแห่งชาติ,คน,122241
หญิง,1679, สุโขทัย,ผู้มีงานทำทั้งหมด,2558,สำนักงานสถิติแห่งชาติ,คน,164229
หญิง,1680, พิษณุโลก,ผู้มีงานทำทั้งหมด,2558,สำนักงานสถิติแห่งชาติ,คน,229589
หญิง,1681, พิจิตร,ผู้มีงานทำทั้งหมด,2558,สำนักงานสถิติแห่งชาติ,คน,127366
หญิง,1682, เพชรบูรณ์,ผู้มีงานทำทั้งหมด,2558,สำนักงานสถิติแห่งชาติ,คน,224316
หญิง,1683,ภาคตะวันออกเฉียงเหนือ,ผู้มีงานทำทั้งหมด,2558,สำนักงานสถิติแห่งชาติ,คน,4553790
หญิง,1684,นครราชสีมา,ผู้มีงานทำทั้งหมด,2558,สำนักงานสถิติแห่งชาติ,คน,631049
หญิง,1685, บุรีรัมย์,ผู้มีงานทำทั้งหมด,2558,สำนักงานสถิติแห่งชาติ,คน,258393
หญิง,1686, สุรินทร์,ผู้มีงานทำทั้งหมด,2558,สำนักงานสถิติแห่งชาติ,คน,240946
หญิง,1687, ศรีสะเกษ,ผู้มีงานทำทั้งหมด,2558,สำนักงานสถิติแห่งชาติ,คน,288644
หญิง,1688, อุบลราชธานี,ผู้มีงานทำทั้งหมด,2558,สำนักงานสถิติแห่งชาติ,คน,423086
หญิง,1689,ยโสธร,ผู้มีงานทำทั้งหมด,2558,สำนักงานสถิติแห่งชาติ,คน,140219
หญิง,1690,ชัยภูมิ,ผู้มีงานทำทั้งหมด,2558,สำนักงานสถิติแห่งชาติ,คน,233762
หญิง,1691, อำนาจเจริญ,ผู้มีงานทำทั้งหมด,2558,สำนักงานสถิติแห่งชาติ,คน,74698
หญิง,1692, บึงกาฬ,ผู้มีงานทำทั้งหมด,2558,สำนักงานสถิติแห่งชาติ,คน,63955
หญิง,1693, หนองบัวลำภู,ผู้มีงานทำทั้งหมด,2558,สำนักงานสถิติแห่งชาติ,คน,108801
หญิง,1694, ขอนแก่น,ผู้มีงานทำทั้งหมด,2558,สำนักงานสถิติแห่งชาติ,คน,411503
หญิง,1695, อุดรธานี,ผู้มีงานทำทั้งหมด,2558,สำนักงานสถิติแห่งชาติ,คน,292336
หญิง,1696,เลย,ผู้มีงานทำทั้งหมด,2558,สำนักงานสถิติแห่งชาติ,คน,135865
หญิง,1697, หนองคาย,ผู้มีงานทำทั้งหมด,2558,สำนักงานสถิติแห่งชาติ,คน,95596
หญิง,1698,มหาสารคาม,ผู้มีงานทำทั้งหมด,2558,สำนักงานสถิติแห่งชาติ,คน,231356
หญิง,1699, ร้อยเอ็ด,ผู้มีงานทำทั้งหมด,2558,สำนักงานสถิติแห่งชาติ,คน,279240
หญิง,1700, กาฬสินธุ์,ผู้มีงานทำทั้งหมด,2558,สำนักงานสถิติแห่งชาติ,คน,198314
หญิง,1701, สกลนคร,ผู้มีงานทำทั้งหมด,2558,สำนักงานสถิติแห่งชาติ,คน,206223
หญิง,1702, นครพนม,ผู้มีงานทำทั้งหมด,2558,สำนักงานสถิติแห่งชาติ,คน,145737
หญิง,1703, มุกดาหาร,ผู้มีงานทำทั้งหมด,2558,สำนักงานสถิติแห่งชาติ,คน,94068
หญิง,1704,ภาคใต้,ผู้มีงานทำทั้งหมด,2558,สำนักงานสถิติแห่งชาติ,คน,2240295
หญิง,1705, นครศรีธรรมราช,ผู้มีงานทำทั้งหมด,2558,สำนักงานสถิติแห่งชาติ,คน,393672
หญิง,1706, กระบี่,ผู้มีงานทำทั้งหมด,2558,สำนักงานสถิติแห่งชาติ,คน,91403
หญิง,1707, พังงา,ผู้มีงานทำทั้งหมด,2558,สำนักงานสถิติแห่งชาติ,คน,55981
หญิง,1708,ภูเก็ต,ผู้มีงานทำทั้งหมด,2558,สำนักงานสถิติแห่งชาติ,คน,132142
หญิง,1709,สุราษฎร์ธานี,ผู้มีงานทำทั้งหมด,2558,สำนักงานสถิติแห่งชาติ,คน,259595
หญิง,1710, ระนอง,ผู้มีงานทำทั้งหมด,2558,สำนักงานสถิติแห่งชาติ,คน,58994
หญิง,1711, ชุมพร,ผู้มีงานทำทั้งหมด,2558,สำนักงานสถิติแห่งชาติ,คน,118066
หญิง,1712,สงขลา,ผู้มีงานทำทั้งหมด,2558,สำนักงานสถิติแห่งชาติ,คน,392697
หญิง,1713, สตูล,ผู้มีงานทำทั้งหมด,2558,สำนักงานสถิติแห่งชาติ,คน,62000
หญิง,1714, ตรัง,ผู้มีงานทำทั้งหมด,2558,สำนักงานสถิติแห่งชาติ,คน,176570
หญิง,1715, พัทลุง,ผู้มีงานทำทั้งหมด,2558,สำนักงานสถิติแห่งชาติ,คน,139978
หญิง,1716, ปัตตานี,ผู้มีงานทำทั้งหมด,2558,สำนักงานสถิติแห่งชาติ,คน,131943
หญิง,1717, ยะลา,ผู้มีงานทำทั้งหมด,2558,สำนักงานสถิติแห่งชาติ,คน,98778
หญิง,1718, นราธิวาส,ผู้มีงานทำทั้งหมด,2558,สำนักงานสถิติแห่งชาติ,คน,128476
รวม,1719,จำนวน,ผู้สูงอายุที่ทำงาน,2558,สำนักงานสถิติแห่งชาติ,คน,3908812
รวม,1720, กรุงเทพมหานคร,ผู้สูงอายุที่ทำงาน,2558,สำนักงานสถิติแห่งชาติ,คน,210758
รวม,1721,ภาคกลาง,ผู้สูงอายุที่ทำงาน,2558,สำนักงานสถิติแห่งชาติ,คน,927470
รวม,1722, สมุทรปราการ,ผู้สูงอายุที่ทำงาน,2558,สำนักงานสถิติแห่งชาติ,คน,56114
รวม,1723, นนทบุรี,ผู้สูงอายุที่ทำงาน,2558,สำนักงานสถิติแห่งชาติ,คน,39609
รวม,1724, ปทุมธานี,ผู้สูงอายุที่ทำงาน,2558,สำนักงานสถิติแห่งชาติ,คน,37419
รวม,1725, พระนครศรีอยุธยา,ผู้สูงอายุที่ทำงาน,2558,สำนักงานสถิติแห่งชาติ,คน,36847
รวม,1726, อ่างทอง,ผู้สูงอายุที่ทำงาน,2558,สำนักงานสถิติแห่งชาติ,คน,18096
รวม,1727, ลพบุรี,ผู้สูงอายุที่ทำงาน,2558,สำนักงานสถิติแห่งชาติ,คน,55575
รวม,1728, สิงห์บุรี,ผู้สูงอายุที่ทำงาน,2558,สำนักงานสถิติแห่งชาติ,คน,20514
รวม,1729, ชัยนาท,ผู้สูงอายุที่ทำงาน,2558,สำนักงานสถิติแห่งชาติ,คน,30130
รวม,1730,สระบุรี,ผู้สูงอายุที่ทำงาน,2558,สำนักงานสถิติแห่งชาติ,คน,33526
รวม,1731,ชลบุรี,ผู้สูงอายุที่ทำงาน,2558,สำนักงานสถิติแห่งชาติ,คน,56329
รวม,1732, ระยอง,ผู้สูงอายุที่ทำงาน,2558,สำนักงานสถิติแห่งชาติ,คน,33746
รวม,1733,จันทบุรี,ผู้สูงอายุที่ทำงาน,2558,สำนักงานสถิติแห่งชาติ,คน,41113
รวม,1734, ตราด,ผู้สูงอายุที่ทำงาน,2558,สำนักงานสถิติแห่งชาติ,คน,14991
รวม,1735,ฉะเชิงเทรา,ผู้สูงอายุที่ทำงาน,2558,สำนักงานสถิติแห่งชาติ,คน,32970
รวม,1736, ปราจีนบุรี,ผู้สูงอายุที่ทำงาน,2558,สำนักงานสถิติแห่งชาติ,คน,35671
รวม,1737, นครนายก,ผู้สูงอายุที่ทำงาน,2558,สำนักงานสถิติแห่งชาติ,คน,16073
รวม,1738,สระแก้ว,ผู้สูงอายุที่ทำงาน,2558,สำนักงานสถิติแห่งชาติ,คน,38724
รวม,1739, ราชบุรี,ผู้สูงอายุที่ทำงาน,2558,สำนักงานสถิติแห่งชาติ,คน,53678
รวม,1740, กาญจนบุรี,ผู้สูงอายุที่ทำงาน,2558,สำนักงานสถิติแห่งชาติ,คน,47667
รวม,1741, สุพรรณบุรี,ผู้สูงอายุที่ทำงาน,2558,สำนักงานสถิติแห่งชาติ,คน,69982
รวม,1742, นครปฐม,ผู้สูงอายุที่ทำงาน,2558,สำนักงานสถิติแห่งชาติ,คน,46181
รวม,1743, สมุทรสาคร,ผู้สูงอายุที่ทำงาน,2558,สำนักงานสถิติแห่งชาติ,คน,27851
รวม,1744, สมุทรสงคราม,ผู้สูงอายุที่ทำงาน,2558,สำนักงานสถิติแห่งชาติ,คน,16399
รวม,1745, เพชรบุรี,ผู้สูงอายุที่ทำงาน,2558,สำนักงานสถิติแห่งชาติ,คน,41660
รวม,1746, ประจวบคีรีขันธ์,ผู้สูงอายุที่ทำงาน,2558,สำนักงานสถิติแห่งชาติ,คน,26607
รวม,1747,ภาคเหนือ,ผู้สูงอายุที่ทำงาน,2558,สำนักงานสถิติแห่งชาติ,คน,880090
รวม,1748, เชียงใหม่,ผู้สูงอายุที่ทำงาน,2558,สำนักงานสถิติแห่งชาติ,คน,118111
รวม,1749, ลำพูน,ผู้สูงอายุที่ทำงาน,2558,สำนักงานสถิติแห่งชาติ,คน,36879
รวม,1750, ลำปาง,ผู้สูงอายุที่ทำงาน,2558,สำนักงานสถิติแห่งชาติ,คน,62429
รวม,1751, อุตรดิตถ์,ผู้สูงอายุที่ทำงาน,2558,สำนักงานสถิติแห่งชาติ,คน,37721
รวม,1752, แพร่,ผู้สูงอายุที่ทำงาน,2558,สำนักงานสถิติแห่งชาติ,คน,40182
รวม,1753, น่าน,ผู้สูงอายุที่ทำงาน,2558,สำนักงานสถิติแห่งชาติ,คน,34672
รวม,1754, พะเยา,ผู้สูงอายุที่ทำงาน,2558,สำนักงานสถิติแห่งชาติ,คน,29747
รวม,1755, เชียงราย,ผู้สูงอายุที่ทำงาน,2558,สำนักงานสถิติแห่งชาติ,คน,85410
รวม,1756, แม่ฮ่องสอน,ผู้สูงอายุที่ทำงาน,2558,สำนักงานสถิติแห่งชาติ,คน,10650
รวม,1757, นครสวรรค์,ผู้สูงอายุที่ทำงาน,2558,สำนักงานสถิติแห่งชาติ,คน,78945
รวม,1758, อุทัยธานี,ผู้สูงอายุที่ทำงาน,2558,สำนักงานสถิติแห่งชาติ,คน,26138
รวม,1759, กำแพงเพชร,ผู้สูงอายุที่ทำงาน,2558,สำนักงานสถิติแห่งชาติ,คน,58434
รวม,1760, ตาก,ผู้สูงอายุที่ทำงาน,2558,สำนักงานสถิติแห่งชาติ,คน,25434
รวม,1761, สุโขทัย,ผู้สูงอายุที่ทำงาน,2558,สำนักงานสถิติแห่งชาติ,คน,54381
รวม,1762, พิษณุโลก,ผู้สูงอายุที่ทำงาน,2558,สำนักงานสถิติแห่งชาติ,คน,58752
รวม,1763, พิจิตร,ผู้สูงอายุที่ทำงาน,2558,สำนักงานสถิติแห่งชาติ,คน,47590
รวม,1764, เพชรบูรณ์,ผู้สูงอายุที่ทำงาน,2558,สำนักงานสถิติแห่งชาติ,คน,74616
รวม,1765,ภาคตะวันออกเฉียงเหนือ,ผู้สูงอายุที่ทำงาน,2558,สำนักงานสถิติแห่งชาติ,คน,1369026
รวม,1766,นครราชสีมา,ผู้สูงอายุที่ทำงาน,2558,สำนักงานสถิติแห่งชาติ,คน,170887
รวม,1767, บุรีรัมย์,ผู้สูงอายุที่ทำงาน,2558,สำนักงานสถิติแห่งชาติ,คน,94242
รวม,1768, สุรินทร์,ผู้สูงอายุที่ทำงาน,2558,สำนักงานสถิติแห่งชาติ,คน,103433
รวม,1769, ศรีสะเกษ,ผู้สูงอายุที่ทำงาน,2558,สำนักงานสถิติแห่งชาติ,คน,108190
รวม,1770, อุบลราชธานี,ผู้สูงอายุที่ทำงาน,2558,สำนักงานสถิติแห่งชาติ,คน,110593
รวม,1771,ยโสธร,ผู้สูงอายุที่ทำงาน,2558,สำนักงานสถิติแห่งชาติ,คน,50426
รวม,1772,ชัยภูมิ,ผู้สูงอายุที่ทำงาน,2558,สำนักงานสถิติแห่งชาติ,คน,87450
รวม,1773, อำนาจเจริญ,ผู้สูงอายุที่ทำงาน,2558,สำนักงานสถิติแห่งชาติ,คน,24550
รวม,1774, บึงกาฬ,ผู้สูงอายุที่ทำงาน,2558,สำนักงานสถิติแห่งชาติ,คน,9865
รวม,1775, หนองบัวลำภู,ผู้สูงอายุที่ทำงาน,2558,สำนักงานสถิติแห่งชาติ,คน,29412
รวม,1776, ขอนแก่น,ผู้สูงอายุที่ทำงาน,2558,สำนักงานสถิติแห่งชาติ,คน,109342
รวม,1777, อุดรธานี,ผู้สูงอายุที่ทำงาน,2558,สำนักงานสถิติแห่งชาติ,คน,63709
รวม,1778,เลย,ผู้สูงอายุที่ทำงาน,2558,สำนักงานสถิติแห่งชาติ,คน,36833
รวม,1779, หนองคาย,ผู้สูงอายุที่ทำงาน,2558,สำนักงานสถิติแห่งชาติ,คน,27781
รวม,1780,มหาสารคาม,ผู้สูงอายุที่ทำงาน,2558,สำนักงานสถิติแห่งชาติ,คน,77003
รวม,1781, ร้อยเอ็ด,ผู้สูงอายุที่ทำงาน,2558,สำนักงานสถิติแห่งชาติ,คน,103024
รวม,1782, กาฬสินธุ์,ผู้สูงอายุที่ทำงาน,2558,สำนักงานสถิติแห่งชาติ,คน,63718
รวม,1783, สกลนคร,ผู้สูงอายุที่ทำงาน,2558,สำนักงานสถิติแห่งชาติ,คน,40677
รวม,1784, นครพนม,ผู้สูงอายุที่ทำงาน,2558,สำนักงานสถิติแห่งชาติ,คน,36344
รวม,1785, มุกดาหาร,ผู้สูงอายุที่ทำงาน,2558,สำนักงานสถิติแห่งชาติ,คน,21548
รวม,1786,ภาคใต้,ผู้สูงอายุที่ทำงาน,2558,สำนักงานสถิติแห่งชาติ,คน,521467
รวม,1787, นครศรีธรรมราช,ผู้สูงอายุที่ทำงาน,2558,สำนักงานสถิติแห่งชาติ,คน,128081
รวม,1788, กระบี่,ผู้สูงอายุที่ทำงาน,2558,สำนักงานสถิติแห่งชาติ,คน,15240
รวม,1789, พังงา,ผู้สูงอายุที่ทำงาน,2558,สำนักงานสถิติแห่งชาติ,คน,12854
รวม,1790,ภูเก็ต,ผู้สูงอายุที่ทำงาน,2558,สำนักงานสถิติแห่งชาติ,คน,13231
รวม,1791,สุราษฎร์ธานี,ผู้สูงอายุที่ทำงาน,2558,สำนักงานสถิติแห่งชาติ,คน,47677
รวม,1792, ระนอง,ผู้สูงอายุที่ทำงาน,2558,สำนักงานสถิติแห่งชาติ,คน,9919
รวม,1793, ชุมพร,ผู้สูงอายุที่ทำงาน,2558,สำนักงานสถิติแห่งชาติ,คน,28531
รวม,1794,สงขลา,ผู้สูงอายุที่ทำงาน,2558,สำนักงานสถิติแห่งชาติ,คน,76195
รวม,1795, สตูล,ผู้สูงอายุที่ทำงาน,2558,สำนักงานสถิติแห่งชาติ,คน,12929
รวม,1796, ตรัง,ผู้สูงอายุที่ทำงาน,2558,สำนักงานสถิติแห่งชาติ,คน,42478
รวม,1797, พัทลุง,ผู้สูงอายุที่ทำงาน,2558,สำนักงานสถิติแห่งชาติ,คน,45695
รวม,1798, ปัตตานี,ผู้สูงอายุที่ทำงาน,2558,สำนักงานสถิติแห่งชาติ,คน,35696
รวม,1799, ยะลา,ผู้สูงอายุที่ทำงาน,2558,สำนักงานสถิติแห่งชาติ,คน,22776
รวม,1800, นราธิวาส,ผู้สูงอายุที่ทำงาน,2558,สำนักงานสถิติแห่งชาติ,คน,30165
ชาย,1801,จำนวน,ผู้สูงอายุที่ทำงาน,2558,สำนักงานสถิติแห่งชาติ,คน,2277630
ชาย,1802, กรุงเทพมหานคร,ผู้สูงอายุที่ทำงาน,2558,สำนักงานสถิติแห่งชาติ,คน,130500
ชาย,1803,ภาคกลาง,ผู้สูงอายุที่ทำงาน,2558,สำนักงานสถิติแห่งชาติ,คน,516941
ชาย,1804, สมุทรปราการ,ผู้สูงอายุที่ทำงาน,2558,สำนักงานสถิติแห่งชาติ,คน,26999
ชาย,1805, นนทบุรี,ผู้สูงอายุที่ทำงาน,2558,สำนักงานสถิติแห่งชาติ,คน,23526
ชาย,1806, ปทุมธานี,ผู้สูงอายุที่ทำงาน,2558,สำนักงานสถิติแห่งชาติ,คน,21468
ชาย,1807, พระนครศรีอยุธยา,ผู้สูงอายุที่ทำงาน,2558,สำนักงานสถิติแห่งชาติ,คน,20757
ชาย,1808, อ่างทอง,ผู้สูงอายุที่ทำงาน,2558,สำนักงานสถิติแห่งชาติ,คน,9517
ชาย,1809, ลพบุรี,ผู้สูงอายุที่ทำงาน,2558,สำนักงานสถิติแห่งชาติ,คน,29471
ชาย,1810, สิงห์บุรี,ผู้สูงอายุที่ทำงาน,2558,สำนักงานสถิติแห่งชาติ,คน,10769
ชาย,1811, ชัยนาท,ผู้สูงอายุที่ทำงาน,2558,สำนักงานสถิติแห่งชาติ,คน,16254
ชาย,1812,สระบุรี,ผู้สูงอายุที่ทำงาน,2558,สำนักงานสถิติแห่งชาติ,คน,17237
ชาย,1813,ชลบุรี,ผู้สูงอายุที่ทำงาน,2558,สำนักงานสถิติแห่งชาติ,คน,36964
ชาย,1814, ระยอง,ผู้สูงอายุที่ทำงาน,2558,สำนักงานสถิติแห่งชาติ,คน,17596
ชาย,1815,จันทบุรี,ผู้สูงอายุที่ทำงาน,2558,สำนักงานสถิติแห่งชาติ,คน,24047
ชาย,1816, ตราด,ผู้สูงอายุที่ทำงาน,2558,สำนักงานสถิติแห่งชาติ,คน,8905
ชาย,1817,ฉะเชิงเทรา,ผู้สูงอายุที่ทำงาน,2558,สำนักงานสถิติแห่งชาติ,คน,21257
ชาย,1818, ปราจีนบุรี,ผู้สูงอายุที่ทำงาน,2558,สำนักงานสถิติแห่งชาติ,คน,19487
ชาย,1819, นครนายก,ผู้สูงอายุที่ทำงาน,2558,สำนักงานสถิติแห่งชาติ,คน,8890
ชาย,1820,สระแก้ว,ผู้สูงอายุที่ทำงาน,2558,สำนักงานสถิติแห่งชาติ,คน,22441
ชาย,1821, ราชบุรี,ผู้สูงอายุที่ทำงาน,2558,สำนักงานสถิติแห่งชาติ,คน,29963
ชาย,1822, กาญจนบุรี,ผู้สูงอายุที่ทำงาน,2558,สำนักงานสถิติแห่งชาติ,คน,28129
ชาย,1823, สุพรรณบุรี,ผู้สูงอายุที่ทำงาน,2558,สำนักงานสถิติแห่งชาติ,คน,38242
ชาย,1824, นครปฐม,ผู้สูงอายุที่ทำงาน,2558,สำนักงานสถิติแห่งชาติ,คน,25466
ชาย,1825, สมุทรสาคร,ผู้สูงอายุที่ทำงาน,2558,สำนักงานสถิติแห่งชาติ,คน,15502
ชาย,1826, สมุทรสงคราม,ผู้สูงอายุที่ทำงาน,2558,สำนักงานสถิติแห่งชาติ,คน,8328
ชาย,1827, เพชรบุรี,ผู้สูงอายุที่ทำงาน,2558,สำนักงานสถิติแห่งชาติ,คน,21063
ชาย,1828, ประจวบคีรีขันธ์,ผู้สูงอายุที่ทำงาน,2558,สำนักงานสถิติแห่งชาติ,คน,14664
ชาย,1829,ภาคเหนือ,ผู้สูงอายุที่ทำงาน,2558,สำนักงานสถิติแห่งชาติ,คน,517348
ชาย,1830, เชียงใหม่,ผู้สูงอายุที่ทำงาน,2558,สำนักงานสถิติแห่งชาติ,คน,71166
ชาย,1831, ลำพูน,ผู้สูงอายุที่ทำงาน,2558,สำนักงานสถิติแห่งชาติ,คน,21118
ชาย,1832, ลำปาง,ผู้สูงอายุที่ทำงาน,2558,สำนักงานสถิติแห่งชาติ,คน,38498
ชาย,1833, อุตรดิตถ์,ผู้สูงอายุที่ทำงาน,2558,สำนักงานสถิติแห่งชาติ,คน,24282
ชาย,1834, แพร่,ผู้สูงอายุที่ทำงาน,2558,สำนักงานสถิติแห่งชาติ,คน,23265
ชาย,1835, น่าน,ผู้สูงอายุที่ทำงาน,2558,สำนักงานสถิติแห่งชาติ,คน,21857
ชาย,1836, พะเยา,ผู้สูงอายุที่ทำงาน,2558,สำนักงานสถิติแห่งชาติ,คน,17547
ชาย,1837, เชียงราย,ผู้สูงอายุที่ทำงาน,2558,สำนักงานสถิติแห่งชาติ,คน,52171
ชาย,1838, แม่ฮ่องสอน,ผู้สูงอายุที่ทำงาน,2558,สำนักงานสถิติแห่งชาติ,คน,6890
ชาย,1839, นครสวรรค์,ผู้สูงอายุที่ทำงาน,2558,สำนักงานสถิติแห่งชาติ,คน,43453
ชาย,1840, อุทัยธานี,ผู้สูงอายุที่ทำงาน,2558,สำนักงานสถิติแห่งชาติ,คน,15056
ชาย,1841, กำแพงเพชร,ผู้สูงอายุที่ทำงาน,2558,สำนักงานสถิติแห่งชาติ,คน,31100
ชาย,1842, ตาก,ผู้สูงอายุที่ทำงาน,2558,สำนักงานสถิติแห่งชาติ,คน,14591
ชาย,1843, สุโขทัย,ผู้สูงอายุที่ทำงาน,2558,สำนักงานสถิติแห่งชาติ,คน,31656
ชาย,1844, พิษณุโลก,ผู้สูงอายุที่ทำงาน,2558,สำนักงานสถิติแห่งชาติ,คน,32865
ชาย,1845, พิจิตร,ผู้สูงอายุที่ทำงาน,2558,สำนักงานสถิติแห่งชาติ,คน,28242
ชาย,1846, เพชรบูรณ์,ผู้สูงอายุที่ทำงาน,2558,สำนักงานสถิติแห่งชาติ,คน,43590
ชาย,1847,ภาคตะวันออกเฉียงเหนือ,ผู้สูงอายุที่ทำงาน,2558,สำนักงานสถิติแห่งชาติ,คน,824012
ชาย,1848,นครราชสีมา,ผู้สูงอายุที่ทำงาน,2558,สำนักงานสถิติแห่งชาติ,คน,97270
ชาย,1849, บุรีรัมย์,ผู้สูงอายุที่ทำงาน,2558,สำนักงานสถิติแห่งชาติ,คน,58358
ชาย,1850, สุรินทร์,ผู้สูงอายุที่ทำงาน,2558,สำนักงานสถิติแห่งชาติ,คน,59341
ชาย,1851, ศรีสะเกษ,ผู้สูงอายุที่ทำงาน,2558,สำนักงานสถิติแห่งชาติ,คน,61377
ชาย,1852, อุบลราชธานี,ผู้สูงอายุที่ทำงาน,2558,สำนักงานสถิติแห่งชาติ,คน,67388
ชาย,1853,ยโสธร,ผู้สูงอายุที่ทำงาน,2558,สำนักงานสถิติแห่งชาติ,คน,28844
ชาย,1854,ชัยภูมิ,ผู้สูงอายุที่ทำงาน,2558,สำนักงานสถิติแห่งชาติ,คน,56237
ชาย,1855, อำนาจเจริญ,ผู้สูงอายุที่ทำงาน,2558,สำนักงานสถิติแห่งชาติ,คน,14372
ชาย,1856, บึงกาฬ,ผู้สูงอายุที่ทำงาน,2558,สำนักงานสถิติแห่งชาติ,คน,7411
ชาย,1857, หนองบัวลำภู,ผู้สูงอายุที่ทำงาน,2558,สำนักงานสถิติแห่งชาติ,คน,18606
ชาย,1858, ขอนแก่น,ผู้สูงอายุที่ทำงาน,2558,สำนักงานสถิติแห่งชาติ,คน,71569
ชาย,1859, อุดรธานี,ผู้สูงอายุที่ทำงาน,2558,สำนักงานสถิติแห่งชาติ,คน,41325
ชาย,1860,เลย,ผู้สูงอายุที่ทำงาน,2558,สำนักงานสถิติแห่งชาติ,คน,22595
ชาย,1861, หนองคาย,ผู้สูงอายุที่ทำงาน,2558,สำนักงานสถิติแห่งชาติ,คน,17894
ชาย,1862,มหาสารคาม,ผู้สูงอายุที่ทำงาน,2558,สำนักงานสถิติแห่งชาติ,คน,43125
ชาย,1863, ร้อยเอ็ด,ผู้สูงอายุที่ทำงาน,2558,สำนักงานสถิติแห่งชาติ,คน,59190
ชาย,1864, กาฬสินธุ์,ผู้สูงอายุที่ทำงาน,2558,สำนักงานสถิติแห่งชาติ,คน,37550
ชาย,1865, สกลนคร,ผู้สูงอายุที่ทำงาน,2558,สำนักงานสถิติแห่งชาติ,คน,25791
ชาย,1866, นครพนม,ผู้สูงอายุที่ทำงาน,2558,สำนักงานสถิติแห่งชาติ,คน,22244
ชาย,1867, มุกดาหาร,ผู้สูงอายุที่ทำงาน,2558,สำนักงานสถิติแห่งชาติ,คน,13525
ชาย,1868,ภาคใต้,ผู้สูงอายุที่ทำงาน,2558,สำนักงานสถิติแห่งชาติ,คน,288829
ชาย,1869, นครศรีธรรมราช,ผู้สูงอายุที่ทำงาน,2558,สำนักงานสถิติแห่งชาติ,คน,61866
ชาย,1870, กระบี่,ผู้สูงอายุที่ทำงาน,2558,สำนักงานสถิติแห่งชาติ,คน,8456
ชาย,1871, พังงา,ผู้สูงอายุที่ทำงาน,2558,สำนักงานสถิติแห่งชาติ,คน,8150
ชาย,1872,ภูเก็ต,ผู้สูงอายุที่ทำงาน,2558,สำนักงานสถิติแห่งชาติ,คน,8312
ชาย,1873,สุราษฎร์ธานี,ผู้สูงอายุที่ทำงาน,2558,สำนักงานสถิติแห่งชาติ,คน,30107
ชาย,1874, ระนอง,ผู้สูงอายุที่ทำงาน,2558,สำนักงานสถิติแห่งชาติ,คน,6011
ชาย,1875, ชุมพร,ผู้สูงอายุที่ทำงาน,2558,สำนักงานสถิติแห่งชาติ,คน,16446
ชาย,1876,สงขลา,ผู้สูงอายุที่ทำงาน,2558,สำนักงานสถิติแห่งชาติ,คน,45698
ชาย,1877, สตูล,ผู้สูงอายุที่ทำงาน,2558,สำนักงานสถิติแห่งชาติ,คน,8477
ชาย,1878, ตรัง,ผู้สูงอายุที่ทำงาน,2558,สำนักงานสถิติแห่งชาติ,คน,22065
ชาย,1879, พัทลุง,ผู้สูงอายุที่ทำงาน,2558,สำนักงานสถิติแห่งชาติ,คน,23315
ชาย,1880, ปัตตานี,ผู้สูงอายุที่ทำงาน,2558,สำนักงานสถิติแห่งชาติ,คน,19734
ชาย,1881, ยะลา,ผู้สูงอายุที่ทำงาน,2558,สำนักงานสถิติแห่งชาติ,คน,13290
ชาย,1882, นราธิวาส,ผู้สูงอายุที่ทำงาน,2558,สำนักงานสถิติแห่งชาติ,คน,16903
หญิง,1883,จำนวน,ผู้สูงอายุที่ทำงาน,2558,สำนักงานสถิติแห่งชาติ,คน,1631182
หญิง,1884, กรุงเทพมหานคร,ผู้สูงอายุที่ทำงาน,2558,สำนักงานสถิติแห่งชาติ,คน,80258
หญิง,1885,ภาคกลาง,ผู้สูงอายุที่ทำงาน,2558,สำนักงานสถิติแห่งชาติ,คน,410529
หญิง,1886, สมุทรปราการ,ผู้สูงอายุที่ทำงาน,2558,สำนักงานสถิติแห่งชาติ,คน,29116
หญิง,1887, นนทบุรี,ผู้สูงอายุที่ทำงาน,2558,สำนักงานสถิติแห่งชาติ,คน,16082
หญิง,1888, ปทุมธานี,ผู้สูงอายุที่ทำงาน,2558,สำนักงานสถิติแห่งชาติ,คน,15951
หญิง,1889, พระนครศรีอยุธยา,ผู้สูงอายุที่ทำงาน,2558,สำนักงานสถิติแห่งชาติ,คน,16090
หญิง,1890, อ่างทอง,ผู้สูงอายุที่ทำงาน,2558,สำนักงานสถิติแห่งชาติ,คน,8578
หญิง,1891, ลพบุรี,ผู้สูงอายุที่ทำงาน,2558,สำนักงานสถิติแห่งชาติ,คน,26104
หญิง,1892, สิงห์บุรี,ผู้สูงอายุที่ทำงาน,2558,สำนักงานสถิติแห่งชาติ,คน,9745
หญิง,1893, ชัยนาท,ผู้สูงอายุที่ทำงาน,2558,สำนักงานสถิติแห่งชาติ,คน,13876
หญิง,1894,สระบุรี,ผู้สูงอายุที่ทำงาน,2558,สำนักงานสถิติแห่งชาติ,คน,16289
หญิง,1895,ชลบุรี,ผู้สูงอายุที่ทำงาน,2558,สำนักงานสถิติแห่งชาติ,คน,19365
หญิง,1896, ระยอง,ผู้สูงอายุที่ทำงาน,2558,สำนักงานสถิติแห่งชาติ,คน,16150
หญิง,1897,จันทบุรี,ผู้สูงอายุที่ทำงาน,2558,สำนักงานสถิติแห่งชาติ,คน,17066
หญิง,1898, ตราด,ผู้สูงอายุที่ทำงาน,2558,สำนักงานสถิติแห่งชาติ,คน,6086
หญิง,1899,ฉะเชิงเทรา,ผู้สูงอายุที่ทำงาน,2558,สำนักงานสถิติแห่งชาติ,คน,11713
หญิง,1900, ปราจีนบุรี,ผู้สูงอายุที่ทำงาน,2558,สำนักงานสถิติแห่งชาติ,คน,16184
หญิง,1901, นครนายก,ผู้สูงอายุที่ทำงาน,2558,สำนักงานสถิติแห่งชาติ,คน,7183
หญิง,1902,สระแก้ว,ผู้สูงอายุที่ทำงาน,2558,สำนักงานสถิติแห่งชาติ,คน,16282
หญิง,1903, ราชบุรี,ผู้สูงอายุที่ทำงาน,2558,สำนักงานสถิติแห่งชาติ,คน,23716
หญิง,1904, กาญจนบุรี,ผู้สูงอายุที่ทำงาน,2558,สำนักงานสถิติแห่งชาติ,คน,19538
หญิง,1905, สุพรรณบุรี,ผู้สูงอายุที่ทำงาน,2558,สำนักงานสถิติแห่งชาติ,คน,31741
หญิง,1906, นครปฐม,ผู้สูงอายุที่ทำงาน,2558,สำนักงานสถิติแห่งชาติ,คน,20714
หญิง,1907, สมุทรสาคร,ผู้สูงอายุที่ทำงาน,2558,สำนักงานสถิติแห่งชาติ,คน,12349
หญิง,1908, สมุทรสงคราม,ผู้สูงอายุที่ทำงาน,2558,สำนักงานสถิติแห่งชาติ,คน,8071
หญิง,1909, เพชรบุรี,ผู้สูงอายุที่ทำงาน,2558,สำนักงานสถิติแห่งชาติ,คน,20597
หญิง,1910, ประจวบคีรีขันธ์,ผู้สูงอายุที่ทำงาน,2558,สำนักงานสถิติแห่งชาติ,คน,11943
หญิง,1911,ภาคเหนือ,ผู้สูงอายุที่ทำงาน,2558,สำนักงานสถิติแห่งชาติ,คน,362743
หญิง,1912, เชียงใหม่,ผู้สูงอายุที่ทำงาน,2558,สำนักงานสถิติแห่งชาติ,คน,46944
หญิง,1913, ลำพูน,ผู้สูงอายุที่ทำงาน,2558,สำนักงานสถิติแห่งชาติ,คน,15761
หญิง,1914, ลำปาง,ผู้สูงอายุที่ทำงาน,2558,สำนักงานสถิติแห่งชาติ,คน,23931
หญิง,1915, อุตรดิตถ์,ผู้สูงอายุที่ทำงาน,2558,สำนักงานสถิติแห่งชาติ,คน,13440
หญิง,1916, แพร่,ผู้สูงอายุที่ทำงาน,2558,สำนักงานสถิติแห่งชาติ,คน,16917
หญิง,1917, น่าน,ผู้สูงอายุที่ทำงาน,2558,สำนักงานสถิติแห่งชาติ,คน,12815
หญิง,1918, พะเยา,ผู้สูงอายุที่ทำงาน,2558,สำนักงานสถิติแห่งชาติ,คน,12200
หญิง,1919, เชียงราย,ผู้สูงอายุที่ทำงาน,2558,สำนักงานสถิติแห่งชาติ,คน,33239
หญิง,1920, แม่ฮ่องสอน,ผู้สูงอายุที่ทำงาน,2558,สำนักงานสถิติแห่งชาติ,คน,3760
หญิง,1921, นครสวรรค์,ผู้สูงอายุที่ทำงาน,2558,สำนักงานสถิติแห่งชาติ,คน,35492
หญิง,1922, อุทัยธานี,ผู้สูงอายุที่ทำงาน,2558,สำนักงานสถิติแห่งชาติ,คน,11083
หญิง,1923, กำแพงเพชร,ผู้สูงอายุที่ทำงาน,2558,สำนักงานสถิติแห่งชาติ,คน,27333
หญิง,1924, ตาก,ผู้สูงอายุที่ทำงาน,2558,สำนักงานสถิติแห่งชาติ,คน,10843
หญิง,1925, สุโขทัย,ผู้สูงอายุที่ทำงาน,2558,สำนักงานสถิติแห่งชาติ,คน,22725
หญิง,1926, พิษณุโลก,ผู้สูงอายุที่ทำงาน,2558,สำนักงานสถิติแห่งชาติ,คน,25887
หญิง,1927, พิจิตร,ผู้สูงอายุที่ทำงาน,2558,สำนักงานสถิติแห่งชาติ,คน,19347
หญิง,1928, เพชรบูรณ์,ผู้สูงอายุที่ทำงาน,2558,สำนักงานสถิติแห่งชาติ,คน,31026
หญิง,1929,ภาคตะวันออกเฉียงเหนือ,ผู้สูงอายุที่ทำงาน,2558,สำนักงานสถิติแห่งชาติ,คน,545014
หญิง,1930,นครราชสีมา,ผู้สูงอายุที่ทำงาน,2558,สำนักงานสถิติแห่งชาติ,คน,73617
หญิง,1931, บุรีรัมย์,ผู้สูงอายุที่ทำงาน,2558,สำนักงานสถิติแห่งชาติ,คน,35883
หญิง,1932, สุรินทร์,ผู้สูงอายุที่ทำงาน,2558,สำนักงานสถิติแห่งชาติ,คน,44092
หญิง,1933, ศรีสะเกษ,ผู้สูงอายุที่ทำงาน,2558,สำนักงานสถิติแห่งชาติ,คน,46813
หญิง,1934, อุบลราชธานี,ผู้สูงอายุที่ทำงาน,2558,สำนักงานสถิติแห่งชาติ,คน,43204
หญิง,1935,ยโสธร,ผู้สูงอายุที่ทำงาน,2558,สำนักงานสถิติแห่งชาติ,คน,21583
หญิง,1936,ชัยภูมิ,ผู้สูงอายุที่ทำงาน,2558,สำนักงานสถิติแห่งชาติ,คน,31213
หญิง,1937, อำนาจเจริญ,ผู้สูงอายุที่ทำงาน,2558,สำนักงานสถิติแห่งชาติ,คน,10178
หญิง,1938, บึงกาฬ,ผู้สูงอายุที่ทำงาน,2558,สำนักงานสถิติแห่งชาติ,คน,2454
หญิง,1939, หนองบัวลำภู,ผู้สูงอายุที่ทำงาน,2558,สำนักงานสถิติแห่งชาติ,คน,10806
หญิง,1940, ขอนแก่น,ผู้สูงอายุที่ทำงาน,2558,สำนักงานสถิติแห่งชาติ,คน,37772
หญิง,1941, อุดรธานี,ผู้สูงอายุที่ทำงาน,2558,สำนักงานสถิติแห่งชาติ,คน,22384
หญิง,1942,เลย,ผู้สูงอายุที่ทำงาน,2558,สำนักงานสถิติแห่งชาติ,คน,14238
หญิง,1943, หนองคาย,ผู้สูงอายุที่ทำงาน,2558,สำนักงานสถิติแห่งชาติ,คน,9886
หญิง,1944,มหาสารคาม,ผู้สูงอายุที่ทำงาน,2558,สำนักงานสถิติแห่งชาติ,คน,33879
หญิง,1945, ร้อยเอ็ด,ผู้สูงอายุที่ทำงาน,2558,สำนักงานสถิติแห่งชาติ,คน,43834
หญิง,1946, กาฬสินธุ์,ผู้สูงอายุที่ทำงาน,2558,สำนักงานสถิติแห่งชาติ,คน,26168
หญิง,1947, สกลนคร,ผู้สูงอายุที่ทำงาน,2558,สำนักงานสถิติแห่งชาติ,คน,14886
หญิง,1948, นครพนม,ผู้สูงอายุที่ทำงาน,2558,สำนักงานสถิติแห่งชาติ,คน,14099
หญิง,1949, มุกดาหาร,ผู้สูงอายุที่ทำงาน,2558,สำนักงานสถิติแห่งชาติ,คน,8023
หญิง,1950,ภาคใต้,ผู้สูงอายุที่ทำงาน,2558,สำนักงานสถิติแห่งชาติ,คน,232638
หญิง,1951, นครศรีธรรมราช,ผู้สูงอายุที่ทำงาน,2558,สำนักงานสถิติแห่งชาติ,คน,66215
หญิง,1952, กระบี่,ผู้สูงอายุที่ทำงาน,2558,สำนักงานสถิติแห่งชาติ,คน,6784
หญิง,1953, พังงา,ผู้สูงอายุที่ทำงาน,2558,สำนักงานสถิติแห่งชาติ,คน,4705
หญิง,1954,ภูเก็ต,ผู้สูงอายุที่ทำงาน,2558,สำนักงานสถิติแห่งชาติ,คน,4919
หญิง,1955,สุราษฎร์ธานี,ผู้สูงอายุที่ทำงาน,2558,สำนักงานสถิติแห่งชาติ,คน,17569
หญิง,1956, ระนอง,ผู้สูงอายุที่ทำงาน,2558,สำนักงานสถิติแห่งชาติ,คน,3908
หญิง,1957, ชุมพร,ผู้สูงอายุที่ทำงาน,2558,สำนักงานสถิติแห่งชาติ,คน,12085
หญิง,1958,สงขลา,ผู้สูงอายุที่ทำงาน,2558,สำนักงานสถิติแห่งชาติ,คน,30497
หญิง,1959, สตูล,ผู้สูงอายุที่ทำงาน,2558,สำนักงานสถิติแห่งชาติ,คน,4453
หญิง,1960, ตรัง,ผู้สูงอายุที่ทำงาน,2558,สำนักงานสถิติแห่งชาติ,คน,20412
หญิง,1961, พัทลุง,ผู้สูงอายุที่ทำงาน,2558,สำนักงานสถิติแห่งชาติ,คน,22380
หญิง,1962, ปัตตานี,ผู้สูงอายุที่ทำงาน,2558,สำนักงานสถิติแห่งชาติ,คน,15962
หญิง,1963, ยะลา,ผู้สูงอายุที่ทำงาน,2558,สำนักงานสถิติแห่งชาติ,คน,9487
หญิง,1964, นราธิวาส,ผู้สูงอายุที่ทำงาน,2558,สำนักงานสถิติแห่งชาติ,คน,13262
รวม,1965, กรุงเทพมหานคร,ผู้มีงานทำทั้งหมด,2559,สำนักงานสถิติแห่งชาติ,คน,5214359
รวม,1966,ภาคกลาง,ผู้มีงานทำทั้งหมด,2559,สำนักงานสถิติแห่งชาติ,คน,11633318
รวม,1967, สมุทรปราการ,ผู้มีงานทำทั้งหมด,2559,สำนักงานสถิติแห่งชาติ,คน,1348887
รวม,1968, นนทบุรี,ผู้มีงานทำทั้งหมด,2559,สำนักงานสถิติแห่งชาติ,คน,909738
รวม,1969, ปทุมธานี,ผู้มีงานทำทั้งหมด,2559,สำนักงานสถิติแห่งชาติ,คน,920242
รวม,1970, พระนครศรีอยุธยา,ผู้มีงานทำทั้งหมด,2559,สำนักงานสถิติแห่งชาติ,คน,484183
รวม,1971, อ่างทอง,ผู้มีงานทำทั้งหมด,2559,สำนักงานสถิติแห่งชาติ,คน,143016
รวม,1972, ลพบุรี,ผู้มีงานทำทั้งหมด,2559,สำนักงานสถิติแห่งชาติ,คน,454128
รวม,1973, สิงห์บุรี,ผู้มีงานทำทั้งหมด,2559,สำนักงานสถิติแห่งชาติ,คน,112232
รวม,1974, ชัยนาท,ผู้มีงานทำทั้งหมด,2559,สำนักงานสถิติแห่งชาติ,คน,172206
รวม,1975,สระบุรี,ผู้มีงานทำทั้งหมด,2559,สำนักงานสถิติแห่งชาติ,คน,401527
รวม,1976,ชลบุรี,ผู้มีงานทำทั้งหมด,2559,สำนักงานสถิติแห่งชาติ,คน,1017695
รวม,1977, ระยอง,ผู้มีงานทำทั้งหมด,2559,สำนักงานสถิติแห่งชาติ,คน,524738
รวม,1978,จันทบุรี,ผู้มีงานทำทั้งหมด,2559,สำนักงานสถิติแห่งชาติ,คน,336444
รวม,1979, ตราด,ผู้มีงานทำทั้งหมด,2559,สำนักงานสถิติแห่งชาติ,คน,164877
รวม,1980,ฉะเชิงเทรา,ผู้มีงานทำทั้งหมด,2559,สำนักงานสถิติแห่งชาติ,คน,419448
รวม,1981, ปราจีนบุรี,ผู้มีงานทำทั้งหมด,2559,สำนักงานสถิติแห่งชาติ,คน,341660
รวม,1982, นครนายก,ผู้มีงานทำทั้งหมด,2559,สำนักงานสถิติแห่งชาติ,คน,149464
รวม,1983,สระแก้ว,ผู้มีงานทำทั้งหมด,2559,สำนักงานสถิติแห่งชาติ,คน,315989
รวม,1984, ราชบุรี,ผู้มีงานทำทั้งหมด,2559,สำนักงานสถิติแห่งชาติ,คน,468043
รวม,1985, กาญจนบุรี,ผู้มีงานทำทั้งหมด,2559,สำนักงานสถิติแห่งชาติ,คน,465515
รวม,1986, สุพรรณบุรี,ผู้มีงานทำทั้งหมด,2559,สำนักงานสถิติแห่งชาติ,คน,481620
รวม,1987, นครปฐม,ผู้มีงานทำทั้งหมด,2559,สำนักงานสถิติแห่งชาติ,คน,655156
รวม,1988, สมุทรสาคร,ผู้มีงานทำทั้งหมด,2559,สำนักงานสถิติแห่งชาติ,คน,671749
รวม,1989, สมุทรสงคราม,ผู้มีงานทำทั้งหมด,2559,สำนักงานสถิติแห่งชาติ,คน,111291
รวม,1990, เพชรบุรี,ผู้มีงานทำทั้งหมด,2559,สำนักงานสถิติแห่งชาติ,คน,288712
รวม,1991, ประจวบคีรีขันธ์,ผู้มีงานทำทั้งหมด,2559,สำนักงานสถิติแห่งชาติ,คน,274758
รวม,1992,ภาคเหนือ,ผู้มีงานทำทั้งหมด,2559,สำนักงานสถิติแห่งชาติ,คน,6371302
รวม,1993, เชียงใหม่,ผู้มีงานทำทั้งหมด,2559,สำนักงานสถิติแห่งชาติ,คน,1001258
รวม,1994, ลำพูน,ผู้มีงานทำทั้งหมด,2559,สำนักงานสถิติแห่งชาติ,คน,264112
รวม,1995, ลำปาง,ผู้มีงานทำทั้งหมด,2559,สำนักงานสถิติแห่งชาติ,คน,413791
รวม,1996, อุตรดิตถ์,ผู้มีงานทำทั้งหมด,2559,สำนักงานสถิติแห่งชาติ,คน,222467
รวม,1997, แพร่,ผู้มีงานทำทั้งหมด,2559,สำนักงานสถิติแห่งชาติ,คน,249568
รวม,1998, น่าน,ผู้มีงานทำทั้งหมด,2559,สำนักงานสถิติแห่งชาติ,คน,256430
รวม,1999, พะเยา,ผู้มีงานทำทั้งหมด,2559,สำนักงานสถิติแห่งชาติ,คน,226521
รวม,2000, เชียงราย,ผู้มีงานทำทั้งหมด,2559,สำนักงานสถิติแห่งชาติ,คน,659563
รวม,2001, แม่ฮ่องสอน,ผู้มีงานทำทั้งหมด,2559,สำนักงานสถิติแห่งชาติ,คน,116186
รวม,2002, นครสวรรค์,ผู้มีงานทำทั้งหมด,2559,สำนักงานสถิติแห่งชาติ,คน,487032
รวม,2003, อุทัยธานี,ผู้มีงานทำทั้งหมด,2559,สำนักงานสถิติแห่งชาติ,คน,157746
รวม,2004, กำแพงเพชร,ผู้มีงานทำทั้งหมด,2559,สำนักงานสถิติแห่งชาติ,คน,422527
รวม,2005, ตาก,ผู้มีงานทำทั้งหมด,2559,สำนักงานสถิติแห่งชาติ,คน,255850
รวม,2006, สุโขทัย,ผู้มีงานทำทั้งหมด,2559,สำนักงานสถิติแห่งชาติ,คน,347363
รวม,2007, พิษณุโลก,ผู้มีงานทำทั้งหมด,2559,สำนักงานสถิติแห่งชาติ,คน,493378
รวม,2008, พิจิตร,ผู้มีงานทำทั้งหมด,2559,สำนักงานสถิติแห่งชาติ,คน,296076
รวม,2009, เพชรบูรณ์,ผู้มีงานทำทั้งหมด,2559,สำนักงานสถิติแห่งชาติ,คน,501431
รวม,2010,ภาคตะวันออกเฉียงเหนือ,ผู้มีงานทำทั้งหมด,2559,สำนักงานสถิติแห่งชาติ,คน,9915184
รวม,2011,นครราชสีมา,ผู้มีงานทำทั้งหมด,2559,สำนักงานสถิติแห่งชาติ,คน,1332622
รวม,2012, บุรีรัมย์,ผู้มีงานทำทั้งหมด,2559,สำนักงานสถิติแห่งชาติ,คน,625862
รวม,2013, สุรินทร์,ผู้มีงานทำทั้งหมด,2559,สำนักงานสถิติแห่งชาติ,คน,548432
รวม,2014, ศรีสะเกษ,ผู้มีงานทำทั้งหมด,2559,สำนักงานสถิติแห่งชาติ,คน,598706
รวม,2015, อุบลราชธานี,ผู้มีงานทำทั้งหมด,2559,สำนักงานสถิติแห่งชาติ,คน,921605
รวม,2016,ยโสธร,ผู้มีงานทำทั้งหมด,2559,สำนักงานสถิติแห่งชาติ,คน,294919
รวม,2017,ชัยภูมิ,ผู้มีงานทำทั้งหมด,2559,สำนักงานสถิติแห่งชาติ,คน,508603
รวม,2018, อำนาจเจริญ,ผู้มีงานทำทั้งหมด,2559,สำนักงานสถิติแห่งชาติ,คน,150583
รวม,2019, บึงกาฬ,ผู้มีงานทำทั้งหมด,2559,สำนักงานสถิติแห่งชาติ,คน,150808
รวม,2020, หนองบัวลำภู,ผู้มีงานทำทั้งหมด,2559,สำนักงานสถิติแห่งชาติ,คน,236572
รวม,2021, ขอนแก่น,ผู้มีงานทำทั้งหมด,2559,สำนักงานสถิติแห่งชาติ,คน,915679
รวม,2022, อุดรธานี,ผู้มีงานทำทั้งหมด,2559,สำนักงานสถิติแห่งชาติ,คน,661649
รวม,2023,เลย,ผู้มีงานทำทั้งหมด,2559,สำนักงานสถิติแห่งชาติ,คน,312796
รวม,2024, หนองคาย,ผู้มีงานทำทั้งหมด,2559,สำนักงานสถิติแห่งชาติ,คน,211532
รวม,2025,มหาสารคาม,ผู้มีงานทำทั้งหมด,2559,สำนักงานสถิติแห่งชาติ,คน,492337
รวม,2026, ร้อยเอ็ด,ผู้มีงานทำทั้งหมด,2559,สำนักงานสถิติแห่งชาติ,คน,577191
รวม,2027, กาฬสินธุ์,ผู้มีงานทำทั้งหมด,2559,สำนักงานสถิติแห่งชาติ,คน,425348
รวม,2028, สกลนคร,ผู้มีงานทำทั้งหมด,2559,สำนักงานสถิติแห่งชาติ,คน,444875
รวม,2029, นครพนม,ผู้มีงานทำทั้งหมด,2559,สำนักงานสถิติแห่งชาติ,คน,305491
รวม,2030, มุกดาหาร,ผู้มีงานทำทั้งหมด,2559,สำนักงานสถิติแห่งชาติ,คน,199573
รวม,2031,ภาคใต้,ผู้มีงานทำทั้งหมด,2559,สำนักงานสถิติแห่งชาติ,คน,5129009
รวม,2032, นครศรีธรรมราช,ผู้มีงานทำทั้งหมด,2559,สำนักงานสถิติแห่งชาติ,คน,868459
รวม,2033, กระบี่,ผู้มีงานทำทั้งหมด,2559,สำนักงานสถิติแห่งชาติ,คน,209425
รวม,2034, พังงา,ผู้มีงานทำทั้งหมด,2559,สำนักงานสถิติแห่งชาติ,คน,141947
รวม,2035,ภูเก็ต,ผู้มีงานทำทั้งหมด,2559,สำนักงานสถิติแห่งชาติ,คน,314757
รวม,2036,สุราษฎร์ธานี,ผู้มีงานทำทั้งหมด,2559,สำนักงานสถิติแห่งชาติ,คน,612793
รวม,2037, ระนอง,ผู้มีงานทำทั้งหมด,2559,สำนักงานสถิติแห่งชาติ,คน,144422
รวม,2038, ชุมพร,ผู้มีงานทำทั้งหมด,2559,สำนักงานสถิติแห่งชาติ,คน,283198
รวม,2039,สงขลา,ผู้มีงานทำทั้งหมด,2559,สำนักงานสถิติแห่งชาติ,คน,868215
รวม,2040, สตูล,ผู้มีงานทำทั้งหมด,2559,สำนักงานสถิติแห่งชาติ,คน,148174
รวม,2041, ตรัง,ผู้มีงานทำทั้งหมด,2559,สำนักงานสถิติแห่งชาติ,คน,387666
รวม,2042, พัทลุง,ผู้มีงานทำทั้งหมด,2559,สำนักงานสถิติแห่งชาติ,คน,297965
รวม,2043, ปัตตานี,ผู้มีงานทำทั้งหมด,2559,สำนักงานสถิติแห่งชาติ,คน,290647
รวม,2044, ยะลา,ผู้มีงานทำทั้งหมด,2559,สำนักงานสถิติแห่งชาติ,คน,227215
รวม,2045, นราธิวาส,ผู้มีงานทำทั้งหมด,2559,สำนักงานสถิติแห่งชาติ,คน,334124
ชาย,2046,จำนวน,ผู้มีงานทำทั้งหมด,2559,สำนักงานสถิติแห่งชาติ,คน,20741481
ชาย,2047, กรุงเทพมหานคร,ผู้มีงานทำทั้งหมด,2559,สำนักงานสถิติแห่งชาติ,คน,2754307
ชาย,2048,ภาคกลาง,ผู้มีงานทำทั้งหมด,2559,สำนักงานสถิติแห่งชาติ,คน,6280902
ชาย,2049, สมุทรปราการ,ผู้มีงานทำทั้งหมด,2559,สำนักงานสถิติแห่งชาติ,คน,714289
ชาย,2050, นนทบุรี,ผู้มีงานทำทั้งหมด,2559,สำนักงานสถิติแห่งชาติ,คน,476594
ชาย,2051, ปทุมธานี,ผู้มีงานทำทั้งหมด,2559,สำนักงานสถิติแห่งชาติ,คน,485931
ชาย,2052, พระนครศรีอยุธยา,ผู้มีงานทำทั้งหมด,2559,สำนักงานสถิติแห่งชาติ,คน,261249
ชาย,2053, อ่างทอง,ผู้มีงานทำทั้งหมด,2559,สำนักงานสถิติแห่งชาติ,คน,72698
ชาย,2054, ลพบุรี,ผู้มีงานทำทั้งหมด,2559,สำนักงานสถิติแห่งชาติ,คน,254207
ชาย,2055, สิงห์บุรี,ผู้มีงานทำทั้งหมด,2559,สำนักงานสถิติแห่งชาติ,คน,58713
ชาย,2056, ชัยนาท,ผู้มีงานทำทั้งหมด,2559,สำนักงานสถิติแห่งชาติ,คน,91402
ชาย,2057,สระบุรี,ผู้มีงานทำทั้งหมด,2559,สำนักงานสถิติแห่งชาติ,คน,221847
ชาย,2058,ชลบุรี,ผู้มีงานทำทั้งหมด,2559,สำนักงานสถิติแห่งชาติ,คน,562600
ชาย,2059, ระยอง,ผู้มีงานทำทั้งหมด,2559,สำนักงานสถิติแห่งชาติ,คน,303662
ชาย,2060,จันทบุรี,ผู้มีงานทำทั้งหมด,2559,สำนักงานสถิติแห่งชาติ,คน,180615
ชาย,2061, ตราด,ผู้มีงานทำทั้งหมด,2559,สำนักงานสถิติแห่งชาติ,คน,93584
ชาย,2062,ฉะเชิงเทรา,ผู้มีงานทำทั้งหมด,2559,สำนักงานสถิติแห่งชาติ,คน,233948
ชาย,2063, ปราจีนบุรี,ผู้มีงานทำทั้งหมด,2559,สำนักงานสถิติแห่งชาติ,คน,176803
ชาย,2064, นครนายก,ผู้มีงานทำทั้งหมด,2559,สำนักงานสถิติแห่งชาติ,คน,81291
ชาย,2065,สระแก้ว,ผู้มีงานทำทั้งหมด,2559,สำนักงานสถิติแห่งชาติ,คน,174504
ชาย,2066, ราชบุรี,ผู้มีงานทำทั้งหมด,2559,สำนักงานสถิติแห่งชาติ,คน,248846
ชาย,2067, กาญจนบุรี,ผู้มีงานทำทั้งหมด,2559,สำนักงานสถิติแห่งชาติ,คน,254835
ชาย,2068, สุพรรณบุรี,ผู้มีงานทำทั้งหมด,2559,สำนักงานสถิติแห่งชาติ,คน,259508
ชาย,2069, นครปฐม,ผู้มีงานทำทั้งหมด,2559,สำนักงานสถิติแห่งชาติ,คน,344503
ชาย,2070, สมุทรสาคร,ผู้มีงานทำทั้งหมด,2559,สำนักงานสถิติแห่งชาติ,คน,362973
ชาย,2071, สมุทรสงคราม,ผู้มีงานทำทั้งหมด,2559,สำนักงานสถิติแห่งชาติ,คน,59271
ชาย,2072, เพชรบุรี,ผู้มีงานทำทั้งหมด,2559,สำนักงานสถิติแห่งชาติ,คน,152650
ชาย,2073, ประจวบคีรีขันธ์,ผู้มีงานทำทั้งหมด,2559,สำนักงานสถิติแห่งชาติ,คน,154378
ชาย,2074,ภาคเหนือ,ผู้มีงานทำทั้งหมด,2559,สำนักงานสถิติแห่งชาติ,คน,3445519
ชาย,2075, เชียงใหม่,ผู้มีงานทำทั้งหมด,2559,สำนักงานสถิติแห่งชาติ,คน,524699
ชาย,2076, ลำพูน,ผู้มีงานทำทั้งหมด,2559,สำนักงานสถิติแห่งชาติ,คน,137711
ชาย,2077, ลำปาง,ผู้มีงานทำทั้งหมด,2559,สำนักงานสถิติแห่งชาติ,คน,224589
ชาย,2078, อุตรดิตถ์,ผู้มีงานทำทั้งหมด,2559,สำนักงานสถิติแห่งชาติ,คน,122406
ชาย,2079, แพร่,ผู้มีงานทำทั้งหมด,2559,สำนักงานสถิติแห่งชาติ,คน,129319
ชาย,2080, น่าน,ผู้มีงานทำทั้งหมด,2559,สำนักงานสถิติแห่งชาติ,คน,137305
ชาย,2081, พะเยา,ผู้มีงานทำทั้งหมด,2559,สำนักงานสถิติแห่งชาติ,คน,128777
ชาย,2082, เชียงราย,ผู้มีงานทำทั้งหมด,2559,สำนักงานสถิติแห่งชาติ,คน,364197
ชาย,2083, แม่ฮ่องสอน,ผู้มีงานทำทั้งหมด,2559,สำนักงานสถิติแห่งชาติ,คน,64278
ชาย,2084, นครสวรรค์,ผู้มีงานทำทั้งหมด,2559,สำนักงานสถิติแห่งชาติ,คน,268955
ชาย,2085, อุทัยธานี,ผู้มีงานทำทั้งหมด,2559,สำนักงานสถิติแห่งชาติ,คน,84973
ชาย,2086, กำแพงเพชร,ผู้มีงานทำทั้งหมด,2559,สำนักงานสถิติแห่งชาติ,คน,230581
ชาย,2087, ตาก,ผู้มีงานทำทั้งหมด,2559,สำนักงานสถิติแห่งชาติ,คน,143354
ชาย,2088, สุโขทัย,ผู้มีงานทำทั้งหมด,2559,สำนักงานสถิติแห่งชาติ,คน,185391
ชาย,2089, พิษณุโลก,ผู้มีงานทำทั้งหมด,2559,สำนักงานสถิติแห่งชาติ,คน,266088
ชาย,2090, พิจิตร,ผู้มีงานทำทั้งหมด,2559,สำนักงานสถิติแห่งชาติ,คน,162468
ชาย,2091, เพชรบูรณ์,ผู้มีงานทำทั้งหมด,2559,สำนักงานสถิติแห่งชาติ,คน,270428
ชาย,2092,ภาคตะวันออกเฉียงเหนือ,ผู้มีงานทำทั้งหมด,2559,สำนักงานสถิติแห่งชาติ,คน,5413954
ชาย,2093,นครราชสีมา,ผู้มีงานทำทั้งหมด,2559,สำนักงานสถิติแห่งชาติ,คน,737484
ชาย,2094, บุรีรัมย์,ผู้มีงานทำทั้งหมด,2559,สำนักงานสถิติแห่งชาติ,คน,349694
ชาย,2095, สุรินทร์,ผู้มีงานทำทั้งหมด,2559,สำนักงานสถิติแห่งชาติ,คน,294895
ชาย,2096, ศรีสะเกษ,ผู้มีงานทำทั้งหมด,2559,สำนักงานสถิติแห่งชาติ,คน,313406
ชาย,2097, อุบลราชธานี,ผู้มีงานทำทั้งหมด,2559,สำนักงานสถิติแห่งชาติ,คน,507538
ชาย,2098,ยโสธร,ผู้มีงานทำทั้งหมด,2559,สำนักงานสถิติแห่งชาติ,คน,150120
ชาย,2099,ชัยภูมิ,ผู้มีงานทำทั้งหมด,2559,สำนักงานสถิติแห่งชาติ,คน,277623
ชาย,2100, อำนาจเจริญ,ผู้มีงานทำทั้งหมด,2559,สำนักงานสถิติแห่งชาติ,คน,80339
ชาย,2101, บึงกาฬ,ผู้มีงานทำทั้งหมด,2559,สำนักงานสถิติแห่งชาติ,คน,86586
ชาย,2102, หนองบัวลำภู,ผู้มีงานทำทั้งหมด,2559,สำนักงานสถิติแห่งชาติ,คน,131735
ชาย,2103, ขอนแก่น,ผู้มีงานทำทั้งหมด,2559,สำนักงานสถิติแห่งชาติ,คน,513461
ชาย,2104, อุดรธานี,ผู้มีงานทำทั้งหมด,2559,สำนักงานสถิติแห่งชาติ,คน,357002
ชาย,2105,เลย,ผู้มีงานทำทั้งหมด,2559,สำนักงานสถิติแห่งชาติ,คน,168801
ชาย,2106, หนองคาย,ผู้มีงานทำทั้งหมด,2559,สำนักงานสถิติแห่งชาติ,คน,120814
ชาย,2107,มหาสารคาม,ผู้มีงานทำทั้งหมด,2559,สำนักงานสถิติแห่งชาติ,คน,252255
ชาย,2108, ร้อยเอ็ด,ผู้มีงานทำทั้งหมด,2559,สำนักงานสถิติแห่งชาติ,คน,301789
ชาย,2109, กาฬสินธุ์,ผู้มีงานทำทั้งหมด,2559,สำนักงานสถิติแห่งชาติ,คน,242420
ชาย,2110, สกลนคร,ผู้มีงานทำทั้งหมด,2559,สำนักงานสถิติแห่งชาติ,คน,255446
ชาย,2111, นครพนม,ผู้มีงานทำทั้งหมด,2559,สำนักงานสถิติแห่งชาติ,คน,163896
ชาย,2112, มุกดาหาร,ผู้มีงานทำทั้งหมด,2559,สำนักงานสถิติแห่งชาติ,คน,108650
ชาย,2113,ภาคใต้,ผู้มีงานทำทั้งหมด,2559,สำนักงานสถิติแห่งชาติ,คน,2846799
ชาย,2114, นครศรีธรรมราช,ผู้มีงานทำทั้งหมด,2559,สำนักงานสถิติแห่งชาติ,คน,473259
ชาย,2115, กระบี่,ผู้มีงานทำทั้งหมด,2559,สำนักงานสถิติแห่งชาติ,คน,120243
ชาย,2116, พังงา,ผู้มีงานทำทั้งหมด,2559,สำนักงานสถิติแห่งชาติ,คน,85419
ชาย,2117,ภูเก็ต,ผู้มีงานทำทั้งหมด,2559,สำนักงานสถิติแห่งชาติ,คน,175642
ชาย,2118,สุราษฎร์ธานี,ผู้มีงานทำทั้งหมด,2559,สำนักงานสถิติแห่งชาติ,คน,338412
ชาย,2119, ระนอง,ผู้มีงานทำทั้งหมด,2559,สำนักงานสถิติแห่งชาติ,คน,87553
ชาย,2120, ชุมพร,ผู้มีงานทำทั้งหมด,2559,สำนักงานสถิติแห่งชาติ,คน,168165
ชาย,2121,สงขลา,ผู้มีงานทำทั้งหมด,2559,สำนักงานสถิติแห่งชาติ,คน,465356
ชาย,2122, สตูล,ผู้มีงานทำทั้งหมด,2559,สำนักงานสถิติแห่งชาติ,คน,87235
ชาย,2123, ตรัง,ผู้มีงานทำทั้งหมด,2559,สำนักงานสถิติแห่งชาติ,คน,202441
ชาย,2124, พัทลุง,ผู้มีงานทำทั้งหมด,2559,สำนักงานสถิติแห่งชาติ,คน,155891
ชาย,2125, ปัตตานี,ผู้มีงานทำทั้งหมด,2559,สำนักงานสถิติแห่งชาติ,คน,166088
ชาย,2126, ยะลา,ผู้มีงานทำทั้งหมด,2559,สำนักงานสถิติแห่งชาติ,คน,126061
ชาย,2127, นราธิวาส,ผู้มีงานทำทั้งหมด,2559,สำนักงานสถิติแห่งชาติ,คน,195033
หญิง,2128,จำนวน,ผู้มีงานทำทั้งหมด,2559,สำนักงานสถิติแห่งชาติ,คน,17521691
หญิง,2129, กรุงเทพมหานคร,ผู้มีงานทำทั้งหมด,2559,สำนักงานสถิติแห่งชาติ,คน,2460051
หญิง,2130,ภาคกลาง,ผู้มีงานทำทั้งหมด,2559,สำนักงานสถิติแห่งชาติ,คน,5352416
หญิง,2131, สมุทรปราการ,ผู้มีงานทำทั้งหมด,2559,สำนักงานสถิติแห่งชาติ,คน,634598
หญิง,2132, นนทบุรี,ผู้มีงานทำทั้งหมด,2559,สำนักงานสถิติแห่งชาติ,คน,433144
หญิง,2133, ปทุมธานี,ผู้มีงานทำทั้งหมด,2559,สำนักงานสถิติแห่งชาติ,คน,434311
หญิง,2134, พระนครศรีอยุธยา,ผู้มีงานทำทั้งหมด,2559,สำนักงานสถิติแห่งชาติ,คน,222934
หญิง,2135, อ่างทอง,ผู้มีงานทำทั้งหมด,2559,สำนักงานสถิติแห่งชาติ,คน,70318
หญิง,2136, ลพบุรี,ผู้มีงานทำทั้งหมด,2559,สำนักงานสถิติแห่งชาติ,คน,199921
หญิง,2137, สิงห์บุรี,ผู้มีงานทำทั้งหมด,2559,สำนักงานสถิติแห่งชาติ,คน,53519
หญิง,2138, ชัยนาท,ผู้มีงานทำทั้งหมด,2559,สำนักงานสถิติแห่งชาติ,คน,80804
หญิง,2139,สระบุรี,ผู้มีงานทำทั้งหมด,2559,สำนักงานสถิติแห่งชาติ,คน,179679
หญิง,2140,ชลบุรี,ผู้มีงานทำทั้งหมด,2559,สำนักงานสถิติแห่งชาติ,คน,455095
หญิง,2141, ระยอง,ผู้มีงานทำทั้งหมด,2559,สำนักงานสถิติแห่งชาติ,คน,221076
หญิง,2142,จันทบุรี,ผู้มีงานทำทั้งหมด,2559,สำนักงานสถิติแห่งชาติ,คน,155828
หญิง,2143, ตราด,ผู้มีงานทำทั้งหมด,2559,สำนักงานสถิติแห่งชาติ,คน,71293
หญิง,2144,ฉะเชิงเทรา,ผู้มีงานทำทั้งหมด,2559,สำนักงานสถิติแห่งชาติ,คน,185500
หญิง,2145, ปราจีนบุรี,ผู้มีงานทำทั้งหมด,2559,สำนักงานสถิติแห่งชาติ,คน,164857
หญิง,2146, นครนายก,ผู้มีงานทำทั้งหมด,2559,สำนักงานสถิติแห่งชาติ,คน,68173
หญิง,2147,สระแก้ว,ผู้มีงานทำทั้งหมด,2559,สำนักงานสถิติแห่งชาติ,คน,141485
หญิง,2148, ราชบุรี,ผู้มีงานทำทั้งหมด,2559,สำนักงานสถิติแห่งชาติ,คน,219197
หญิง,2149, กาญจนบุรี,ผู้มีงานทำทั้งหมด,2559,สำนักงานสถิติแห่งชาติ,คน,210681
หญิง,2150, สุพรรณบุรี,ผู้มีงานทำทั้งหมด,2559,สำนักงานสถิติแห่งชาติ,คน,222112
หญิง,2151, นครปฐม,ผู้มีงานทำทั้งหมด,2559,สำนักงานสถิติแห่งชาติ,คน,310652
หญิง,2152, สมุทรสาคร,ผู้มีงานทำทั้งหมด,2559,สำนักงานสถิติแห่งชาติ,คน,308776
หญิง,2153, สมุทรสงคราม,ผู้มีงานทำทั้งหมด,2559,สำนักงานสถิติแห่งชาติ,คน,52019
หญิง,2154, เพชรบุรี,ผู้มีงานทำทั้งหมด,2559,สำนักงานสถิติแห่งชาติ,คน,136062
หญิง,2155, ประจวบคีรีขันธ์,ผู้มีงานทำทั้งหมด,2559,สำนักงานสถิติแห่งชาติ,คน,120380
หญิง,2156,ภาคเหนือ,ผู้มีงานทำทั้งหมด,2559,สำนักงานสถิติแห่งชาติ,คน,2925783
หญิง,2157, เชียงใหม่,ผู้มีงานทำทั้งหมด,2559,สำนักงานสถิติแห่งชาติ,คน,476559
หญิง,2158, ลำพูน,ผู้มีงานทำทั้งหมด,2559,สำนักงานสถิติแห่งชาติ,คน,126400
หญิง,2159, ลำปาง,ผู้มีงานทำทั้งหมด,2559,สำนักงานสถิติแห่งชาติ,คน,189202
หญิง,2160, อุตรดิตถ์,ผู้มีงานทำทั้งหมด,2559,สำนักงานสถิติแห่งชาติ,คน,100061
หญิง,2161, แพร่,ผู้มีงานทำทั้งหมด,2559,สำนักงานสถิติแห่งชาติ,คน,120249
หญิง,2162, น่าน,ผู้มีงานทำทั้งหมด,2559,สำนักงานสถิติแห่งชาติ,คน,119125
หญิง,2163, พะเยา,ผู้มีงานทำทั้งหมด,2559,สำนักงานสถิติแห่งชาติ,คน,97744
หญิง,2164, เชียงราย,ผู้มีงานทำทั้งหมด,2559,สำนักงานสถิติแห่งชาติ,คน,295365
หญิง,2165, แม่ฮ่องสอน,ผู้มีงานทำทั้งหมด,2559,สำนักงานสถิติแห่งชาติ,คน,51908
หญิง,2166, นครสวรรค์,ผู้มีงานทำทั้งหมด,2559,สำนักงานสถิติแห่งชาติ,คน,218077
หญิง,2167, อุทัยธานี,ผู้มีงานทำทั้งหมด,2559,สำนักงานสถิติแห่งชาติ,คน,72774
หญิง,2168, กำแพงเพชร,ผู้มีงานทำทั้งหมด,2559,สำนักงานสถิติแห่งชาติ,คน,191947
หญิง,2169, ตาก,ผู้มีงานทำทั้งหมด,2559,สำนักงานสถิติแห่งชาติ,คน,112496
หญิง,2170, สุโขทัย,ผู้มีงานทำทั้งหมด,2559,สำนักงานสถิติแห่งชาติ,คน,161973
หญิง,2171, พิษณุโลก,ผู้มีงานทำทั้งหมด,2559,สำนักงานสถิติแห่งชาติ,คน,227290
หญิง,2172, พิจิตร,ผู้มีงานทำทั้งหมด,2559,สำนักงานสถิติแห่งชาติ,คน,133608
หญิง,2173, เพชรบูรณ์,ผู้มีงานทำทั้งหมด,2559,สำนักงานสถิติแห่งชาติ,คน,231003
หญิง,2174,ภาคตะวันออกเฉียงเหนือ,ผู้มีงานทำทั้งหมด,2559,สำนักงานสถิติแห่งชาติ,คน,4501230
หญิง,2175,นครราชสีมา,ผู้มีงานทำทั้งหมด,2559,สำนักงานสถิติแห่งชาติ,คน,595139
หญิง,2176, บุรีรัมย์,ผู้มีงานทำทั้งหมด,2559,สำนักงานสถิติแห่งชาติ,คน,276168
หญิง,2177, สุรินทร์,ผู้มีงานทำทั้งหมด,2559,สำนักงานสถิติแห่งชาติ,คน,253537
หญิง,2178, ศรีสะเกษ,ผู้มีงานทำทั้งหมด,2559,สำนักงานสถิติแห่งชาติ,คน,285300
หญิง,2179, อุบลราชธานี,ผู้มีงานทำทั้งหมด,2559,สำนักงานสถิติแห่งชาติ,คน,414067
หญิง,2180,ยโสธร,ผู้มีงานทำทั้งหมด,2559,สำนักงานสถิติแห่งชาติ,คน,144799
หญิง,2181,ชัยภูมิ,ผู้มีงานทำทั้งหมด,2559,สำนักงานสถิติแห่งชาติ,คน,230981
หญิง,2182, อำนาจเจริญ,ผู้มีงานทำทั้งหมด,2559,สำนักงานสถิติแห่งชาติ,คน,70244
หญิง,2183, บึงกาฬ,ผู้มีงานทำทั้งหมด,2559,สำนักงานสถิติแห่งชาติ,คน,64222
หญิง,2184, หนองบัวลำภู,ผู้มีงานทำทั้งหมด,2559,สำนักงานสถิติแห่งชาติ,คน,104836
หญิง,2185, ขอนแก่น,ผู้มีงานทำทั้งหมด,2559,สำนักงานสถิติแห่งชาติ,คน,402218
หญิง,2186, อุดรธานี,ผู้มีงานทำทั้งหมด,2559,สำนักงานสถิติแห่งชาติ,คน,304647
หญิง,2187,เลย,ผู้มีงานทำทั้งหมด,2559,สำนักงานสถิติแห่งชาติ,คน,143995
หญิง,2188, หนองคาย,ผู้มีงานทำทั้งหมด,2559,สำนักงานสถิติแห่งชาติ,คน,90718
หญิง,2189,มหาสารคาม,ผู้มีงานทำทั้งหมด,2559,สำนักงานสถิติแห่งชาติ,คน,240083
หญิง,2190, ร้อยเอ็ด,ผู้มีงานทำทั้งหมด,2559,สำนักงานสถิติแห่งชาติ,คน,275402
หญิง,2191, กาฬสินธุ์,ผู้มีงานทำทั้งหมด,2559,สำนักงานสถิติแห่งชาติ,คน,182928
หญิง,2192, สกลนคร,ผู้มีงานทำทั้งหมด,2559,สำนักงานสถิติแห่งชาติ,คน,189429
หญิง,2193, นครพนม,ผู้มีงานทำทั้งหมด,2559,สำนักงานสถิติแห่งชาติ,คน,141594
หญิง,2194, มุกดาหาร,ผู้มีงานทำทั้งหมด,2559,สำนักงานสถิติแห่งชาติ,คน,90923
หญิง,2195,ภาคใต้,ผู้มีงานทำทั้งหมด,2559,สำนักงานสถิติแห่งชาติ,คน,2282211
หญิง,2196, นครศรีธรรมราช,ผู้มีงานทำทั้งหมด,2559,สำนักงานสถิติแห่งชาติ,คน,395200
หญิง,2197, กระบี่,ผู้มีงานทำทั้งหมด,2559,สำนักงานสถิติแห่งชาติ,คน,89181
หญิง,2198, พังงา,ผู้มีงานทำทั้งหมด,2559,สำนักงานสถิติแห่งชาติ,คน,56529
หญิง,2199,ภูเก็ต,ผู้มีงานทำทั้งหมด,2559,สำนักงานสถิติแห่งชาติ,คน,139116
หญิง,2200,สุราษฎร์ธานี,ผู้มีงานทำทั้งหมด,2559,สำนักงานสถิติแห่งชาติ,คน,274381
หญิง,2201, ระนอง,ผู้มีงานทำทั้งหมด,2559,สำนักงานสถิติแห่งชาติ,คน,56870
หญิง,2202, ชุมพร,ผู้มีงานทำทั้งหมด,2559,สำนักงานสถิติแห่งชาติ,คน,115033
หญิง,2203,สงขลา,ผู้มีงานทำทั้งหมด,2559,สำนักงานสถิติแห่งชาติ,คน,402859
หญิง,2204, สตูล,ผู้มีงานทำทั้งหมด,2559,สำนักงานสถิติแห่งชาติ,คน,60939
หญิง,2205, ตรัง,ผู้มีงานทำทั้งหมด,2559,สำนักงานสถิติแห่งชาติ,คน,185225
หญิง,2206, พัทลุง,ผู้มีงานทำทั้งหมด,2559,สำนักงานสถิติแห่งชาติ,คน,142075
หญิง,2207, ปัตตานี,ผู้มีงานทำทั้งหมด,2559,สำนักงานสถิติแห่งชาติ,คน,124560
หญิง,2208, ยะลา,ผู้มีงานทำทั้งหมด,2559,สำนักงานสถิติแห่งชาติ,คน,101154
หญิง,2209, นราธิวาส,ผู้มีงานทำทั้งหมด,2559,สำนักงานสถิติแห่งชาติ,คน,139091
รวม,2210,จำนวน,ผู้สูงอายุที่ทำงาน,2559,สำนักงานสถิติแห่งชาติ,คน,4016984
รวม,2211, กรุงเทพมหานคร,ผู้สูงอายุที่ทำงาน,2559,สำนักงานสถิติแห่งชาติ,คน,215661
รวม,2212,ภาคกลาง,ผู้สูงอายุที่ทำงาน,2559,สำนักงานสถิติแห่งชาติ,คน,951250
รวม,2213, สมุทรปราการ,ผู้สูงอายุที่ทำงาน,2559,สำนักงานสถิติแห่งชาติ,คน,68595
รวม,2214, นนทบุรี,ผู้สูงอายุที่ทำงาน,2559,สำนักงานสถิติแห่งชาติ,คน,39973
รวม,2215, ปทุมธานี,ผู้สูงอายุที่ทำงาน,2559,สำนักงานสถิติแห่งชาติ,คน,41220
รวม,2216, พระนครศรีอยุธยา,ผู้สูงอายุที่ทำงาน,2559,สำนักงานสถิติแห่งชาติ,คน,28868
รวม,2217, อ่างทอง,ผู้สูงอายุที่ทำงาน,2559,สำนักงานสถิติแห่งชาติ,คน,22421
รวม,2218, ลพบุรี,ผู้สูงอายุที่ทำงาน,2559,สำนักงานสถิติแห่งชาติ,คน,55214
รวม,2219, สิงห์บุรี,ผู้สูงอายุที่ทำงาน,2559,สำนักงานสถิติแห่งชาติ,คน,16306
รวม,2220, ชัยนาท,ผู้สูงอายุที่ทำงาน,2559,สำนักงานสถิติแห่งชาติ,คน,29900
รวม,2221,สระบุรี,ผู้สูงอายุที่ทำงาน,2559,สำนักงานสถิติแห่งชาติ,คน,37760
รวม,2222,ชลบุรี,ผู้สูงอายุที่ทำงาน,2559,สำนักงานสถิติแห่งชาติ,คน,53181
รวม,2223, ระยอง,ผู้สูงอายุที่ทำงาน,2559,สำนักงานสถิติแห่งชาติ,คน,29983
รวม,2224,จันทบุรี,ผู้สูงอายุที่ทำงาน,2559,สำนักงานสถิติแห่งชาติ,คน,43318
รวม,2225, ตราด,ผู้สูงอายุที่ทำงาน,2559,สำนักงานสถิติแห่งชาติ,คน,16560
รวม,2226,ฉะเชิงเทรา,ผู้สูงอายุที่ทำงาน,2559,สำนักงานสถิติแห่งชาติ,คน,32332
รวม,2227, ปราจีนบุรี,ผู้สูงอายุที่ทำงาน,2559,สำนักงานสถิติแห่งชาติ,คน,35132
รวม,2228, นครนายก,ผู้สูงอายุที่ทำงาน,2559,สำนักงานสถิติแห่งชาติ,คน,15075
รวม,2229,สระแก้ว,ผู้สูงอายุที่ทำงาน,2559,สำนักงานสถิติแห่งชาติ,คน,37394
รวม,2230, ราชบุรี,ผู้สูงอายุที่ทำงาน,2559,สำนักงานสถิติแห่งชาติ,คน,60055
รวม,2231, กาญจนบุรี,ผู้สูงอายุที่ทำงาน,2559,สำนักงานสถิติแห่งชาติ,คน,56346
รวม,2232, สุพรรณบุรี,ผู้สูงอายุที่ทำงาน,2559,สำนักงานสถิติแห่งชาติ,คน,69379
รวม,2233, นครปฐม,ผู้สูงอายุที่ทำงาน,2559,สำนักงานสถิติแห่งชาติ,คน,46707
รวม,2234, สมุทรสาคร,ผู้สูงอายุที่ทำงาน,2559,สำนักงานสถิติแห่งชาติ,คน,25695
รวม,2235, สมุทรสงคราม,ผู้สูงอายุที่ทำงาน,2559,สำนักงานสถิติแห่งชาติ,คน,17432
รวม,2236, เพชรบุรี,ผู้สูงอายุที่ทำงาน,2559,สำนักงานสถิติแห่งชาติ,คน,42052
รวม,2237, ประจวบคีรีขันธ์,ผู้สูงอายุที่ทำงาน,2559,สำนักงานสถิติแห่งชาติ,คน,30353
รวม,2238,ภาคเหนือ,ผู้สูงอายุที่ทำงาน,2559,สำนักงานสถิติแห่งชาติ,คน,929674
รวม,2239, เชียงใหม่,ผู้สูงอายุที่ทำงาน,2559,สำนักงานสถิติแห่งชาติ,คน,122862
รวม,2240, ลำพูน,ผู้สูงอายุที่ทำงาน,2559,สำนักงานสถิติแห่งชาติ,คน,35601
รวม,2241, ลำปาง,ผู้สูงอายุที่ทำงาน,2559,สำนักงานสถิติแห่งชาติ,คน,71960
รวม,2242, อุตรดิตถ์,ผู้สูงอายุที่ทำงาน,2559,สำนักงานสถิติแห่งชาติ,คน,38182
รวม,2243, แพร่,ผู้สูงอายุที่ทำงาน,2559,สำนักงานสถิติแห่งชาติ,คน,48410
รวม,2244, น่าน,ผู้สูงอายุที่ทำงาน,2559,สำนักงานสถิติแห่งชาติ,คน,40196
รวม,2245, พะเยา,ผู้สูงอายุที่ทำงาน,2559,สำนักงานสถิติแห่งชาติ,คน,32825
รวม,2246, เชียงราย,ผู้สูงอายุที่ทำงาน,2559,สำนักงานสถิติแห่งชาติ,คน,89829
รวม,2247, แม่ฮ่องสอน,ผู้สูงอายุที่ทำงาน,2559,สำนักงานสถิติแห่งชาติ,คน,12604
รวม,2248, นครสวรรค์,ผู้สูงอายุที่ทำงาน,2559,สำนักงานสถิติแห่งชาติ,คน,73212
รวม,2249, อุทัยธานี,ผู้สูงอายุที่ทำงาน,2559,สำนักงานสถิติแห่งชาติ,คน,26716
รวม,2250, กำแพงเพชร,ผู้สูงอายุที่ทำงาน,2559,สำนักงานสถิติแห่งชาติ,คน,59716
รวม,2251, ตาก,ผู้สูงอายุที่ทำงาน,2559,สำนักงานสถิติแห่งชาติ,คน,22473
รวม,2252, สุโขทัย,ผู้สูงอายุที่ทำงาน,2559,สำนักงานสถิติแห่งชาติ,คน,52666
รวม,2253, พิษณุโลก,ผู้สูงอายุที่ทำงาน,2559,สำนักงานสถิติแห่งชาติ,คน,72819
รวม,2254, พิจิตร,ผู้สูงอายุที่ทำงาน,2559,สำนักงานสถิติแห่งชาติ,คน,50760
รวม,2255, เพชรบูรณ์,ผู้สูงอายุที่ทำงาน,2559,สำนักงานสถิติแห่งชาติ,คน,78843
รวม,2256,ภาคตะวันออกเฉียงเหนือ,ผู้สูงอายุที่ทำงาน,2559,สำนักงานสถิติแห่งชาติ,คน,1391510
รวม,2257,นครราชสีมา,ผู้สูงอายุที่ทำงาน,2559,สำนักงานสถิติแห่งชาติ,คน,160416
รวม,2258, บุรีรัมย์,ผู้สูงอายุที่ทำงาน,2559,สำนักงานสถิติแห่งชาติ,คน,111838
รวม,2259, สุรินทร์,ผู้สูงอายุที่ทำงาน,2559,สำนักงานสถิติแห่งชาติ,คน,100335
รวม,2260, ศรีสะเกษ,ผู้สูงอายุที่ทำงาน,2559,สำนักงานสถิติแห่งชาติ,คน,107873
รวม,2261, อุบลราชธานี,ผู้สูงอายุที่ทำงาน,2559,สำนักงานสถิติแห่งชาติ,คน,107065
รวม,2262,ยโสธร,ผู้สูงอายุที่ทำงาน,2559,สำนักงานสถิติแห่งชาติ,คน,54756
รวม,2263,ชัยภูมิ,ผู้สูงอายุที่ทำงาน,2559,สำนักงานสถิติแห่งชาติ,คน,87033
รวม,2264, อำนาจเจริญ,ผู้สูงอายุที่ทำงาน,2559,สำนักงานสถิติแห่งชาติ,คน,22603
รวม,2265, บึงกาฬ,ผู้สูงอายุที่ทำงาน,2559,สำนักงานสถิติแห่งชาติ,คน,10744
รวม,2266, หนองบัวลำภู,ผู้สูงอายุที่ทำงาน,2559,สำนักงานสถิติแห่งชาติ,คน,28625
รวม,2267, ขอนแก่น,ผู้สูงอายุที่ทำงาน,2559,สำนักงานสถิติแห่งชาติ,คน,123724
รวม,2268, อุดรธานี,ผู้สูงอายุที่ทำงาน,2559,สำนักงานสถิติแห่งชาติ,คน,62177
รวม,2269,เลย,ผู้สูงอายุที่ทำงาน,2559,สำนักงานสถิติแห่งชาติ,คน,33263
รวม,2270, หนองคาย,ผู้สูงอายุที่ทำงาน,2559,สำนักงานสถิติแห่งชาติ,คน,20823
รวม,2271,มหาสารคาม,ผู้สูงอายุที่ทำงาน,2559,สำนักงานสถิติแห่งชาติ,คน,83005
รวม,2272, ร้อยเอ็ด,ผู้สูงอายุที่ทำงาน,2559,สำนักงานสถิติแห่งชาติ,คน,102291
รวม,2273, กาฬสินธุ์,ผู้สูงอายุที่ทำงาน,2559,สำนักงานสถิติแห่งชาติ,คน,60587
รวม,2274, สกลนคร,ผู้สูงอายุที่ทำงาน,2559,สำนักงานสถิติแห่งชาติ,คน,53700
รวม,2275, นครพนม,ผู้สูงอายุที่ทำงาน,2559,สำนักงานสถิติแห่งชาติ,คน,37202
รวม,2276, มุกดาหาร,ผู้สูงอายุที่ทำงาน,2559,สำนักงานสถิติแห่งชาติ,คน,23451
รวม,2277,ภาคใต้,ผู้สูงอายุที่ทำงาน,2559,สำนักงานสถิติแห่งชาติ,คน,528889
รวม,2278, นครศรีธรรมราช,ผู้สูงอายุที่ทำงาน,2559,สำนักงานสถิติแห่งชาติ,คน,120885
รวม,2279, กระบี่,ผู้สูงอายุที่ทำงาน,2559,สำนักงานสถิติแห่งชาติ,คน,19138
รวม,2280, พังงา,ผู้สูงอายุที่ทำงาน,2559,สำนักงานสถิติแห่งชาติ,คน,12136
รวม,2281,ภูเก็ต,ผู้สูงอายุที่ทำงาน,2559,สำนักงานสถิติแห่งชาติ,คน,11759
รวม,2282,สุราษฎร์ธานี,ผู้สูงอายุที่ทำงาน,2559,สำนักงานสถิติแห่งชาติ,คน,47926
รวม,2283, ระนอง,ผู้สูงอายุที่ทำงาน,2559,สำนักงานสถิติแห่งชาติ,คน,10910
รวม,2284, ชุมพร,ผู้สูงอายุที่ทำงาน,2559,สำนักงานสถิติแห่งชาติ,คน,28105
รวม,2285,สงขลา,ผู้สูงอายุที่ทำงาน,2559,สำนักงานสถิติแห่งชาติ,คน,86384
รวม,2286, สตูล,ผู้สูงอายุที่ทำงาน,2559,สำนักงานสถิติแห่งชาติ,คน,14312
รวม,2287, ตรัง,ผู้สูงอายุที่ทำงาน,2559,สำนักงานสถิติแห่งชาติ,คน,46825
รวม,2288, พัทลุง,ผู้สูงอายุที่ทำงาน,2559,สำนักงานสถิติแห่งชาติ,คน,44265
รวม,2289, ปัตตานี,ผู้สูงอายุที่ทำงาน,2559,สำนักงานสถิติแห่งชาติ,คน,36023
รวม,2290, ยะลา,ผู้สูงอายุที่ทำงาน,2559,สำนักงานสถิติแห่งชาติ,คน,22162
รวม,2291, นราธิวาส,ผู้สูงอายุที่ทำงาน,2559,สำนักงานสถิติแห่งชาติ,คน,28060
ชาย,2292,จำนวน,ผู้สูงอายุที่ทำงาน,2559,สำนักงานสถิติแห่งชาติ,คน,2336719
ชาย,2293, กรุงเทพมหานคร,ผู้สูงอายุที่ทำงาน,2559,สำนักงานสถิติแห่งชาติ,คน,132919
ชาย,2294,ภาคกลาง,ผู้สูงอายุที่ทำงาน,2559,สำนักงานสถิติแห่งชาติ,คน,518526
ชาย,2295, สมุทรปราการ,ผู้สูงอายุที่ทำงาน,2559,สำนักงานสถิติแห่งชาติ,คน,35092
ชาย,2296, นนทบุรี,ผู้สูงอายุที่ทำงาน,2559,สำนักงานสถิติแห่งชาติ,คน,19879
ชาย,2297, ปทุมธานี,ผู้สูงอายุที่ทำงาน,2559,สำนักงานสถิติแห่งชาติ,คน,20828
ชาย,2298, พระนครศรีอยุธยา,ผู้สูงอายุที่ทำงาน,2559,สำนักงานสถิติแห่งชาติ,คน,15692
ชาย,2299, อ่างทอง,ผู้สูงอายุที่ทำงาน,2559,สำนักงานสถิติแห่งชาติ,คน,10617
ชาย,2300, ลพบุรี,ผู้สูงอายุที่ทำงาน,2559,สำนักงานสถิติแห่งชาติ,คน,32353
ชาย,2301, สิงห์บุรี,ผู้สูงอายุที่ทำงาน,2559,สำนักงานสถิติแห่งชาติ,คน,8746
ชาย,2302, ชัยนาท,ผู้สูงอายุที่ทำงาน,2559,สำนักงานสถิติแห่งชาติ,คน,15349
ชาย,2303,สระบุรี,ผู้สูงอายุที่ทำงาน,2559,สำนักงานสถิติแห่งชาติ,คน,19373
ชาย,2304,ชลบุรี,ผู้สูงอายุที่ทำงาน,2559,สำนักงานสถิติแห่งชาติ,คน,33477
ชาย,2305, ระยอง,ผู้สูงอายุที่ทำงาน,2559,สำนักงานสถิติแห่งชาติ,คน,15144
ชาย,2306,จันทบุรี,ผู้สูงอายุที่ทำงาน,2559,สำนักงานสถิติแห่งชาติ,คน,24506
ชาย,2307, ตราด,ผู้สูงอายุที่ทำงาน,2559,สำนักงานสถิติแห่งชาติ,คน,9297
ชาย,2308,ฉะเชิงเทรา,ผู้สูงอายุที่ทำงาน,2559,สำนักงานสถิติแห่งชาติ,คน,19636
ชาย,2309, ปราจีนบุรี,ผู้สูงอายุที่ทำงาน,2559,สำนักงานสถิติแห่งชาติ,คน,18808
ชาย,2310, นครนายก,ผู้สูงอายุที่ทำงาน,2559,สำนักงานสถิติแห่งชาติ,คน,8172
ชาย,2311,สระแก้ว,ผู้สูงอายุที่ทำงาน,2559,สำนักงานสถิติแห่งชาติ,คน,21847
ชาย,2312, ราชบุรี,ผู้สูงอายุที่ทำงาน,2559,สำนักงานสถิติแห่งชาติ,คน,29932
ชาย,2313, กาญจนบุรี,ผู้สูงอายุที่ทำงาน,2559,สำนักงานสถิติแห่งชาติ,คน,32442
ชาย,2314, สุพรรณบุรี,ผู้สูงอายุที่ทำงาน,2559,สำนักงานสถิติแห่งชาติ,คน,40242
ชาย,2315, นครปฐม,ผู้สูงอายุที่ทำงาน,2559,สำนักงานสถิติแห่งชาติ,คน,26159
ชาย,2316, สมุทรสาคร,ผู้สูงอายุที่ทำงาน,2559,สำนักงานสถิติแห่งชาติ,คน,14956
ชาย,2317, สมุทรสงคราม,ผู้สูงอายุที่ทำงาน,2559,สำนักงานสถิติแห่งชาติ,คน,8729
ชาย,2318, เพชรบุรี,ผู้สูงอายุที่ทำงาน,2559,สำนักงานสถิติแห่งชาติ,คน,21262
ชาย,2319, ประจวบคีรีขันธ์,ผู้สูงอายุที่ทำงาน,2559,สำนักงานสถิติแห่งชาติ,คน,15989
ชาย,2320,ภาคเหนือ,ผู้สูงอายุที่ทำงาน,2559,สำนักงานสถิติแห่งชาติ,คน,547033
ชาย,2321, เชียงใหม่,ผู้สูงอายุที่ทำงาน,2559,สำนักงานสถิติแห่งชาติ,คน,73685
ชาย,2322, ลำพูน,ผู้สูงอายุที่ทำงาน,2559,สำนักงานสถิติแห่งชาติ,คน,19994
ชาย,2323, ลำปาง,ผู้สูงอายุที่ทำงาน,2559,สำนักงานสถิติแห่งชาติ,คน,41794
ชาย,2324, อุตรดิตถ์,ผู้สูงอายุที่ทำงาน,2559,สำนักงานสถิติแห่งชาติ,คน,23853
ชาย,2325, แพร่,ผู้สูงอายุที่ทำงาน,2559,สำนักงานสถิติแห่งชาติ,คน,25505
ชาย,2326, น่าน,ผู้สูงอายุที่ทำงาน,2559,สำนักงานสถิติแห่งชาติ,คน,23463
ชาย,2327, พะเยา,ผู้สูงอายุที่ทำงาน,2559,สำนักงานสถิติแห่งชาติ,คน,21915
ชาย,2328, เชียงราย,ผู้สูงอายุที่ทำงาน,2559,สำนักงานสถิติแห่งชาติ,คน,57494
ชาย,2329, แม่ฮ่องสอน,ผู้สูงอายุที่ทำงาน,2559,สำนักงานสถิติแห่งชาติ,คน,7611
ชาย,2330, นครสวรรค์,ผู้สูงอายุที่ทำงาน,2559,สำนักงานสถิติแห่งชาติ,คน,40650
ชาย,2331, อุทัยธานี,ผู้สูงอายุที่ทำงาน,2559,สำนักงานสถิติแห่งชาติ,คน,15757
ชาย,2332, กำแพงเพชร,ผู้สูงอายุที่ทำงาน,2559,สำนักงานสถิติแห่งชาติ,คน,33705
ชาย,2333, ตาก,ผู้สูงอายุที่ทำงาน,2559,สำนักงานสถิติแห่งชาติ,คน,12713
ชาย,2334, สุโขทัย,ผู้สูงอายุที่ทำงาน,2559,สำนักงานสถิติแห่งชาติ,คน,30267
ชาย,2335, พิษณุโลก,ผู้สูงอายุที่ทำงาน,2559,สำนักงานสถิติแห่งชาติ,คน,42795
ชาย,2336, พิจิตร,ผู้สูงอายุที่ทำงาน,2559,สำนักงานสถิติแห่งชาติ,คน,30690
ชาย,2337, เพชรบูรณ์,ผู้สูงอายุที่ทำงาน,2559,สำนักงานสถิติแห่งชาติ,คน,45141
ชาย,2338,ภาคตะวันออกเฉียงเหนือ,ผู้สูงอายุที่ทำงาน,2559,สำนักงานสถิติแห่งชาติ,คน,839308
ชาย,2339,นครราชสีมา,ผู้สูงอายุที่ทำงาน,2559,สำนักงานสถิติแห่งชาติ,คน,94600
ชาย,2340, บุรีรัมย์,ผู้สูงอายุที่ทำงาน,2559,สำนักงานสถิติแห่งชาติ,คน,68426
ชาย,2341, สุรินทร์,ผู้สูงอายุที่ทำงาน,2559,สำนักงานสถิติแห่งชาติ,คน,59098
ชาย,2342, ศรีสะเกษ,ผู้สูงอายุที่ทำงาน,2559,สำนักงานสถิติแห่งชาติ,คน,60950
ชาย,2343, อุบลราชธานี,ผู้สูงอายุที่ทำงาน,2559,สำนักงานสถิติแห่งชาติ,คน,70852
ชาย,2344,ยโสธร,ผู้สูงอายุที่ทำงาน,2559,สำนักงานสถิติแห่งชาติ,คน,30240
ชาย,2345,ชัยภูมิ,ผู้สูงอายุที่ทำงาน,2559,สำนักงานสถิติแห่งชาติ,คน,52416
ชาย,2346, อำนาจเจริญ,ผู้สูงอายุที่ทำงาน,2559,สำนักงานสถิติแห่งชาติ,คน,12344
ชาย,2347, บึงกาฬ,ผู้สูงอายุที่ทำงาน,2559,สำนักงานสถิติแห่งชาติ,คน,7611
ชาย,2348, หนองบัวลำภู,ผู้สูงอายุที่ทำงาน,2559,สำนักงานสถิติแห่งชาติ,คน,17270
ชาย,2349, ขอนแก่น,ผู้สูงอายุที่ทำงาน,2559,สำนักงานสถิติแห่งชาติ,คน,78429
ชาย,2350, อุดรธานี,ผู้สูงอายุที่ทำงาน,2559,สำนักงานสถิติแห่งชาติ,คน,39218
ชาย,2351,เลย,ผู้สูงอายุที่ทำงาน,2559,สำนักงานสถิติแห่งชาติ,คน,20471
ชาย,2352, หนองคาย,ผู้สูงอายุที่ทำงาน,2559,สำนักงานสถิติแห่งชาติ,คน,13790
ชาย,2353,มหาสารคาม,ผู้สูงอายุที่ทำงาน,2559,สำนักงานสถิติแห่งชาติ,คน,46406
ชาย,2354, ร้อยเอ็ด,ผู้สูงอายุที่ทำงาน,2559,สำนักงานสถิติแห่งชาติ,คน,56259
ชาย,2355, กาฬสินธุ์,ผู้สูงอายุที่ทำงาน,2559,สำนักงานสถิติแห่งชาติ,คน,39079
ชาย,2356, สกลนคร,ผู้สูงอายุที่ทำงาน,2559,สำนักงานสถิติแห่งชาติ,คน,34861
ชาย,2357, นครพนม,ผู้สูงอายุที่ทำงาน,2559,สำนักงานสถิติแห่งชาติ,คน,22872
ชาย,2358, มุกดาหาร,ผู้สูงอายุที่ทำงาน,2559,สำนักงานสถิติแห่งชาติ,คน,14117
ชาย,2359,ภาคใต้,ผู้สูงอายุที่ทำงาน,2559,สำนักงานสถิติแห่งชาติ,คน,298933
ชาย,2360, นครศรีธรรมราช,ผู้สูงอายุที่ทำงาน,2559,สำนักงานสถิติแห่งชาติ,คน,63221
ชาย,2361, กระบี่,ผู้สูงอายุที่ทำงาน,2559,สำนักงานสถิติแห่งชาติ,คน,12430
ชาย,2362, พังงา,ผู้สูงอายุที่ทำงาน,2559,สำนักงานสถิติแห่งชาติ,คน,7884
ชาย,2363,ภูเก็ต,ผู้สูงอายุที่ทำงาน,2559,สำนักงานสถิติแห่งชาติ,คน,8189
ชาย,2364,สุราษฎร์ธานี,ผู้สูงอายุที่ทำงาน,2559,สำนักงานสถิติแห่งชาติ,คน,28826
ชาย,2365, ระนอง,ผู้สูงอายุที่ทำงาน,2559,สำนักงานสถิติแห่งชาติ,คน,6921
ชาย,2366, ชุมพร,ผู้สูงอายุที่ทำงาน,2559,สำนักงานสถิติแห่งชาติ,คน,17858
ชาย,2367,สงขลา,ผู้สูงอายุที่ทำงาน,2559,สำนักงานสถิติแห่งชาติ,คน,48576
ชาย,2368, สตูล,ผู้สูงอายุที่ทำงาน,2559,สำนักงานสถิติแห่งชาติ,คน,9341
ชาย,2369, ตรัง,ผู้สูงอายุที่ทำงาน,2559,สำนักงานสถิติแห่งชาติ,คน,24545
ชาย,2370, พัทลุง,ผู้สูงอายุที่ทำงาน,2559,สำนักงานสถิติแห่งชาติ,คน,22337
ชาย,2371, ปัตตานี,ผู้สูงอายุที่ทำงาน,2559,สำนักงานสถิติแห่งชาติ,คน,19817
ชาย,2372, ยะลา,ผู้สูงอายุที่ทำงาน,2559,สำนักงานสถิติแห่งชาติ,คน,12346
ชาย,2373, นราธิวาส,ผู้สูงอายุที่ทำงาน,2559,สำนักงานสถิติแห่งชาติ,คน,16642
หญิง,2374,จำนวน,ผู้สูงอายุที่ทำงาน,2559,สำนักงานสถิติแห่งชาติ,คน,1680265
หญิง,2375, กรุงเทพมหานคร,ผู้สูงอายุที่ทำงาน,2559,สำนักงานสถิติแห่งชาติ,คน,82742
หญิง,2376,ภาคกลาง,ผู้สูงอายุที่ทำงาน,2559,สำนักงานสถิติแห่งชาติ,คน,432724
หญิง,2377, สมุทรปราการ,ผู้สูงอายุที่ทำงาน,2559,สำนักงานสถิติแห่งชาติ,คน,33503
หญิง,2378, นนทบุรี,ผู้สูงอายุที่ทำงาน,2559,สำนักงานสถิติแห่งชาติ,คน,20095
หญิง,2379, ปทุมธานี,ผู้สูงอายุที่ทำงาน,2559,สำนักงานสถิติแห่งชาติ,คน,20392
หญิง,2380, พระนครศรีอยุธยา,ผู้สูงอายุที่ทำงาน,2559,สำนักงานสถิติแห่งชาติ,คน,13176
หญิง,2381, อ่างทอง,ผู้สูงอายุที่ทำงาน,2559,สำนักงานสถิติแห่งชาติ,คน,11803
หญิง,2382, ลพบุรี,ผู้สูงอายุที่ทำงาน,2559,สำนักงานสถิติแห่งชาติ,คน,22861
หญิง,2383, สิงห์บุรี,ผู้สูงอายุที่ทำงาน,2559,สำนักงานสถิติแห่งชาติ,คน,7560
หญิง,2384, ชัยนาท,ผู้สูงอายุที่ทำงาน,2559,สำนักงานสถิติแห่งชาติ,คน,14552
หญิง,2385,สระบุรี,ผู้สูงอายุที่ทำงาน,2559,สำนักงานสถิติแห่งชาติ,คน,18386
หญิง,2386,ชลบุรี,ผู้สูงอายุที่ทำงาน,2559,สำนักงานสถิติแห่งชาติ,คน,19705
หญิง,2387, ระยอง,ผู้สูงอายุที่ทำงาน,2559,สำนักงานสถิติแห่งชาติ,คน,14839
หญิง,2388,จันทบุรี,ผู้สูงอายุที่ทำงาน,2559,สำนักงานสถิติแห่งชาติ,คน,18812
หญิง,2389, ตราด,ผู้สูงอายุที่ทำงาน,2559,สำนักงานสถิติแห่งชาติ,คน,7263
หญิง,2390,ฉะเชิงเทรา,ผู้สูงอายุที่ทำงาน,2559,สำนักงานสถิติแห่งชาติ,คน,12696
หญิง,2391, ปราจีนบุรี,ผู้สูงอายุที่ทำงาน,2559,สำนักงานสถิติแห่งชาติ,คน,16324
หญิง,2392, นครนายก,ผู้สูงอายุที่ทำงาน,2559,สำนักงานสถิติแห่งชาติ,คน,6903
หญิง,2393,สระแก้ว,ผู้สูงอายุที่ทำงาน,2559,สำนักงานสถิติแห่งชาติ,คน,15547
หญิง,2394, ราชบุรี,ผู้สูงอายุที่ทำงาน,2559,สำนักงานสถิติแห่งชาติ,คน,30123
หญิง,2395, กาญจนบุรี,ผู้สูงอายุที่ทำงาน,2559,สำนักงานสถิติแห่งชาติ,คน,23903
หญิง,2396, สุพรรณบุรี,ผู้สูงอายุที่ทำงาน,2559,สำนักงานสถิติแห่งชาติ,คน,29137
หญิง,2397, นครปฐม,ผู้สูงอายุที่ทำงาน,2559,สำนักงานสถิติแห่งชาติ,คน,20548
หญิง,2398, สมุทรสาคร,ผู้สูงอายุที่ทำงาน,2559,สำนักงานสถิติแห่งชาติ,คน,10739
หญิง,2399, สมุทรสงคราม,ผู้สูงอายุที่ทำงาน,2559,สำนักงานสถิติแห่งชาติ,คน,8704
หญิง,2400, เพชรบุรี,ผู้สูงอายุที่ทำงาน,2559,สำนักงานสถิติแห่งชาติ,คน,20790
หญิง,2401, ประจวบคีรีขันธ์,ผู้สูงอายุที่ทำงาน,2559,สำนักงานสถิติแห่งชาติ,คน,14363
หญิง,2402,ภาคเหนือ,ผู้สูงอายุที่ทำงาน,2559,สำนักงานสถิติแห่งชาติ,คน,382641
หญิง,2403, เชียงใหม่,ผู้สูงอายุที่ทำงาน,2559,สำนักงานสถิติแห่งชาติ,คน,49178
หญิง,2404, ลำพูน,ผู้สูงอายุที่ทำงาน,2559,สำนักงานสถิติแห่งชาติ,คน,15607
หญิง,2405, ลำปาง,ผู้สูงอายุที่ทำงาน,2559,สำนักงานสถิติแห่งชาติ,คน,30165
หญิง,2406, อุตรดิตถ์,ผู้สูงอายุที่ทำงาน,2559,สำนักงานสถิติแห่งชาติ,คน,14329
หญิง,2407, แพร่,ผู้สูงอายุที่ทำงาน,2559,สำนักงานสถิติแห่งชาติ,คน,22904
หญิง,2408, น่าน,ผู้สูงอายุที่ทำงาน,2559,สำนักงานสถิติแห่งชาติ,คน,16733
หญิง,2409, พะเยา,ผู้สูงอายุที่ทำงาน,2559,สำนักงานสถิติแห่งชาติ,คน,10909
หญิง,2410, เชียงราย,ผู้สูงอายุที่ทำงาน,2559,สำนักงานสถิติแห่งชาติ,คน,32335
หญิง,2411, แม่ฮ่องสอน,ผู้สูงอายุที่ทำงาน,2559,สำนักงานสถิติแห่งชาติ,คน,4993
หญิง,2412, นครสวรรค์,ผู้สูงอายุที่ทำงาน,2559,สำนักงานสถิติแห่งชาติ,คน,32563
หญิง,2413, อุทัยธานี,ผู้สูงอายุที่ทำงาน,2559,สำนักงานสถิติแห่งชาติ,คน,10959
หญิง,2414, กำแพงเพชร,ผู้สูงอายุที่ทำงาน,2559,สำนักงานสถิติแห่งชาติ,คน,26011
หญิง,2415, ตาก,ผู้สูงอายุที่ทำงาน,2559,สำนักงานสถิติแห่งชาติ,คน,9760
หญิง,2416, สุโขทัย,ผู้สูงอายุที่ทำงาน,2559,สำนักงานสถิติแห่งชาติ,คน,22399
หญิง,2417, พิษณุโลก,ผู้สูงอายุที่ทำงาน,2559,สำนักงานสถิติแห่งชาติ,คน,30024
หญิง,2418, พิจิตร,ผู้สูงอายุที่ทำงาน,2559,สำนักงานสถิติแห่งชาติ,คน,20070
หญิง,2419, เพชรบูรณ์,ผู้สูงอายุที่ทำงาน,2559,สำนักงานสถิติแห่งชาติ,คน,33702
หญิง,2420,ภาคตะวันออกเฉียงเหนือ,ผู้สูงอายุที่ทำงาน,2559,สำนักงานสถิติแห่งชาติ,คน,552202
หญิง,2421,นครราชสีมา,ผู้สูงอายุที่ทำงาน,2559,สำนักงานสถิติแห่งชาติ,คน,65816
หญิง,2422, บุรีรัมย์,ผู้สูงอายุที่ทำงาน,2559,สำนักงานสถิติแห่งชาติ,คน,43412
หญิง,2423, สุรินทร์,ผู้สูงอายุที่ทำงาน,2559,สำนักงานสถิติแห่งชาติ,คน,41236
หญิง,2424, ศรีสะเกษ,ผู้สูงอายุที่ทำงาน,2559,สำนักงานสถิติแห่งชาติ,คน,46923
หญิง,2425, อุบลราชธานี,ผู้สูงอายุที่ทำงาน,2559,สำนักงานสถิติแห่งชาติ,คน,36213
หญิง,2426,ยโสธร,ผู้สูงอายุที่ทำงาน,2559,สำนักงานสถิติแห่งชาติ,คน,24516
หญิง,2427,ชัยภูมิ,ผู้สูงอายุที่ทำงาน,2559,สำนักงานสถิติแห่งชาติ,คน,34617
หญิง,2428, อำนาจเจริญ,ผู้สูงอายุที่ทำงาน,2559,สำนักงานสถิติแห่งชาติ,คน,10258
หญิง,2429, บึงกาฬ,ผู้สูงอายุที่ทำงาน,2559,สำนักงานสถิติแห่งชาติ,คน,3133
หญิง,2430, หนองบัวลำภู,ผู้สูงอายุที่ทำงาน,2559,สำนักงานสถิติแห่งชาติ,คน,11355
หญิง,2431, ขอนแก่น,ผู้สูงอายุที่ทำงาน,2559,สำนักงานสถิติแห่งชาติ,คน,45296
หญิง,2432, อุดรธานี,ผู้สูงอายุที่ทำงาน,2559,สำนักงานสถิติแห่งชาติ,คน,22959
หญิง,2433,เลย,ผู้สูงอายุที่ทำงาน,2559,สำนักงานสถิติแห่งชาติ,คน,12792
หญิง,2434, หนองคาย,ผู้สูงอายุที่ทำงาน,2559,สำนักงานสถิติแห่งชาติ,คน,7033
หญิง,2435,มหาสารคาม,ผู้สูงอายุที่ทำงาน,2559,สำนักงานสถิติแห่งชาติ,คน,36600
หญิง,2436, ร้อยเอ็ด,ผู้สูงอายุที่ทำงาน,2559,สำนักงานสถิติแห่งชาติ,คน,46032
หญิง,2437, กาฬสินธุ์,ผู้สูงอายุที่ทำงาน,2559,สำนักงานสถิติแห่งชาติ,คน,21508
หญิง,2438, สกลนคร,ผู้สูงอายุที่ทำงาน,2559,สำนักงานสถิติแห่งชาติ,คน,18838
หญิง,2439, นครพนม,ผู้สูงอายุที่ทำงาน,2559,สำนักงานสถิติแห่งชาติ,คน,14330
หญิง,2440, มุกดาหาร,ผู้สูงอายุที่ทำงาน,2559,สำนักงานสถิติแห่งชาติ,คน,9334
หญิง,2441,ภาคใต้,ผู้สูงอายุที่ทำงาน,2559,สำนักงานสถิติแห่งชาติ,คน,229956
หญิง,2442, นครศรีธรรมราช,ผู้สูงอายุที่ทำงาน,2559,สำนักงานสถิติแห่งชาติ,คน,57663
หญิง,2443, กระบี่,ผู้สูงอายุที่ทำงาน,2559,สำนักงานสถิติแห่งชาติ,คน,6709
หญิง,2444, พังงา,ผู้สูงอายุที่ทำงาน,2559,สำนักงานสถิติแห่งชาติ,คน,4251
หญิง,2445,ภูเก็ต,ผู้สูงอายุที่ทำงาน,2559,สำนักงานสถิติแห่งชาติ,คน,3570
หญิง,2446,สุราษฎร์ธานี,ผู้สูงอายุที่ทำงาน,2559,สำนักงานสถิติแห่งชาติ,คน,19101
หญิง,2447, ระนอง,ผู้สูงอายุที่ทำงาน,2559,สำนักงานสถิติแห่งชาติ,คน,3989
หญิง,2448, ชุมพร,ผู้สูงอายุที่ทำงาน,2559,สำนักงานสถิติแห่งชาติ,คน,10247
หญิง,2449,สงขลา,ผู้สูงอายุที่ทำงาน,2559,สำนักงานสถิติแห่งชาติ,คน,37808
หญิง,2450, สตูล,ผู้สูงอายุที่ทำงาน,2559,สำนักงานสถิติแห่งชาติ,คน,4970
หญิง,2451, ตรัง,ผู้สูงอายุที่ทำงาน,2559,สำนักงานสถิติแห่งชาติ,คน,22280
หญิง,2452, พัทลุง,ผู้สูงอายุที่ทำงาน,2559,สำนักงานสถิติแห่งชาติ,คน,21927
หญิง,2453, ปัตตานี,ผู้สูงอายุที่ทำงาน,2559,สำนักงานสถิติแห่งชาติ,คน,16206
หญิง,2454, ยะลา,ผู้สูงอายุที่ทำงาน,2559,สำนักงานสถิติแห่งชาติ,คน,9815
หญิง,2455, นราธิวาส,ผู้สูงอายุที่ทำงาน,2559,สำนักงานสถิติแห่งชาติ,คน,11418
รวม,2456, กรุงเทพมหานคร,ผู้มีงานทำทั้งหมด,2560,สำนักงานสถิติแห่งชาติ,คน,5218970
รวม,2457,ภาคกลาง,ผู้มีงานทำทั้งหมด,2560,สำนักงานสถิติแห่งชาติ,คน,11470357
รวม,2458, สมุทรปราการ,ผู้มีงานทำทั้งหมด,2560,สำนักงานสถิติแห่งชาติ,คน,1319817
รวม,2459, นนทบุรี,ผู้มีงานทำทั้งหมด,2560,สำนักงานสถิติแห่งชาติ,คน,897610
รวม,2460, ปทุมธานี,ผู้มีงานทำทั้งหมด,2560,สำนักงานสถิติแห่งชาติ,คน,896784
รวม,2461, พระนครศรีอยุธยา,ผู้มีงานทำทั้งหมด,2560,สำนักงานสถิติแห่งชาติ,คน,470410
รวม,2462, อ่างทอง,ผู้มีงานทำทั้งหมด,2560,สำนักงานสถิติแห่งชาติ,คน,142140
รวม,2463, ลพบุรี,ผู้มีงานทำทั้งหมด,2560,สำนักงานสถิติแห่งชาติ,คน,419128
รวม,2464, สิงห์บุรี,ผู้มีงานทำทั้งหมด,2560,สำนักงานสถิติแห่งชาติ,คน,109604
รวม,2465, ชัยนาท,ผู้มีงานทำทั้งหมด,2560,สำนักงานสถิติแห่งชาติ,คน,174385
รวม,2466,สระบุรี,ผู้มีงานทำทั้งหมด,2560,สำนักงานสถิติแห่งชาติ,คน,381025
รวม,2467,ชลบุรี,ผู้มีงานทำทั้งหมด,2560,สำนักงานสถิติแห่งชาติ,คน,1019822
รวม,2468, ระยอง,ผู้มีงานทำทั้งหมด,2560,สำนักงานสถิติแห่งชาติ,คน,540442
รวม,2469,จันทบุรี,ผู้มีงานทำทั้งหมด,2560,สำนักงานสถิติแห่งชาติ,คน,329963
รวม,2470, ตราด,ผู้มีงานทำทั้งหมด,2560,สำนักงานสถิติแห่งชาติ,คน,168744
รวม,2471,ฉะเชิงเทรา,ผู้มีงานทำทั้งหมด,2560,สำนักงานสถิติแห่งชาติ,คน,423256
รวม,2472, ปราจีนบุรี,ผู้มีงานทำทั้งหมด,2560,สำนักงานสถิติแห่งชาติ,คน,355839
รวม,2473, นครนายก,ผู้มีงานทำทั้งหมด,2560,สำนักงานสถิติแห่งชาติ,คน,146521
รวม,2474,สระแก้ว,ผู้มีงานทำทั้งหมด,2560,สำนักงานสถิติแห่งชาติ,คน,295844
รวม,2475, ราชบุรี,ผู้มีงานทำทั้งหมด,2560,สำนักงานสถิติแห่งชาติ,คน,460538
รวม,2476, กาญจนบุรี,ผู้มีงานทำทั้งหมด,2560,สำนักงานสถิติแห่งชาติ,คน,459147
รวม,2477, สุพรรณบุรี,ผู้มีงานทำทั้งหมด,2560,สำนักงานสถิติแห่งชาติ,คน,476000
รวม,2478, นครปฐม,ผู้มีงานทำทั้งหมด,2560,สำนักงานสถิติแห่งชาติ,คน,647261
รวม,2479, สมุทรสาคร,ผู้มีงานทำทั้งหมด,2560,สำนักงานสถิติแห่งชาติ,คน,681548
รวม,2480, สมุทรสงคราม,ผู้มีงานทำทั้งหมด,2560,สำนักงานสถิติแห่งชาติ,คน,111656
รวม,2481, เพชรบุรี,ผู้มีงานทำทั้งหมด,2560,สำนักงานสถิติแห่งชาติ,คน,274643
รวม,2482, ประจวบคีรีขันธ์,ผู้มีงานทำทั้งหมด,2560,สำนักงานสถิติแห่งชาติ,คน,268233
รวม,2483,ภาคเหนือ,ผู้มีงานทำทั้งหมด,2560,สำนักงานสถิติแห่งชาติ,คน,6244645
รวม,2484, เชียงใหม่,ผู้มีงานทำทั้งหมด,2560,สำนักงานสถิติแห่งชาติ,คน,982142
รวม,2485, ลำพูน,ผู้มีงานทำทั้งหมด,2560,สำนักงานสถิติแห่งชาติ,คน,260773
รวม,2486, ลำปาง,ผู้มีงานทำทั้งหมด,2560,สำนักงานสถิติแห่งชาติ,คน,411490
รวม,2487, อุตรดิตถ์,ผู้มีงานทำทั้งหมด,2560,สำนักงานสถิติแห่งชาติ,คน,216030
รวม,2488, แพร่,ผู้มีงานทำทั้งหมด,2560,สำนักงานสถิติแห่งชาติ,คน,238050
รวม,2489, น่าน,ผู้มีงานทำทั้งหมด,2560,สำนักงานสถิติแห่งชาติ,คน,245041
รวม,2490, พะเยา,ผู้มีงานทำทั้งหมด,2560,สำนักงานสถิติแห่งชาติ,คน,233228
รวม,2491, เชียงราย,ผู้มีงานทำทั้งหมด,2560,สำนักงานสถิติแห่งชาติ,คน,637221
รวม,2492, แม่ฮ่องสอน,ผู้มีงานทำทั้งหมด,2560,สำนักงานสถิติแห่งชาติ,คน,114482
รวม,2493, นครสวรรค์,ผู้มีงานทำทั้งหมด,2560,สำนักงานสถิติแห่งชาติ,คน,512365
รวม,2494, อุทัยธานี,ผู้มีงานทำทั้งหมด,2560,สำนักงานสถิติแห่งชาติ,คน,162151
รวม,2495, กำแพงเพชร,ผู้มีงานทำทั้งหมด,2560,สำนักงานสถิติแห่งชาติ,คน,413539
รวม,2496, ตาก,ผู้มีงานทำทั้งหมด,2560,สำนักงานสถิติแห่งชาติ,คน,252877
รวม,2497, สุโขทัย,ผู้มีงานทำทั้งหมด,2560,สำนักงานสถิติแห่งชาติ,คน,336315
รวม,2498, พิษณุโลก,ผู้มีงานทำทั้งหมด,2560,สำนักงานสถิติแห่งชาติ,คน,472988
รวม,2499, พิจิตร,ผู้มีงานทำทั้งหมด,2560,สำนักงานสถิติแห่งชาติ,คน,280697
รวม,2500, เพชรบูรณ์,ผู้มีงานทำทั้งหมด,2560,สำนักงานสถิติแห่งชาติ,คน,475256
รวม,2501,ภาคตะวันออกเฉียงเหนือ,ผู้มีงานทำทั้งหมด,2560,สำนักงานสถิติแห่งชาติ,คน,9674901
รวม,2502,นครราชสีมา,ผู้มีงานทำทั้งหมด,2560,สำนักงานสถิติแห่งชาติ,คน,1361389
รวม,2503, บุรีรัมย์,ผู้มีงานทำทั้งหมด,2560,สำนักงานสถิติแห่งชาติ,คน,656668
รวม,2504, สุรินทร์,ผู้มีงานทำทั้งหมด,2560,สำนักงานสถิติแห่งชาติ,คน,538094
รวม,2505, ศรีสะเกษ,ผู้มีงานทำทั้งหมด,2560,สำนักงานสถิติแห่งชาติ,คน,589207
รวม,2506, อุบลราชธานี,ผู้มีงานทำทั้งหมด,2560,สำนักงานสถิติแห่งชาติ,คน,902863
รวม,2507,ยโสธร,ผู้มีงานทำทั้งหมด,2560,สำนักงานสถิติแห่งชาติ,คน,296690
รวม,2508,ชัยภูมิ,ผู้มีงานทำทั้งหมด,2560,สำนักงานสถิติแห่งชาติ,คน,476080
รวม,2509, อำนาจเจริญ,ผู้มีงานทำทั้งหมด,2560,สำนักงานสถิติแห่งชาติ,คน,145453
รวม,2510, บึงกาฬ,ผู้มีงานทำทั้งหมด,2560,สำนักงานสถิติแห่งชาติ,คน,156764
รวม,2511, หนองบัวลำภู,ผู้มีงานทำทั้งหมด,2560,สำนักงานสถิติแห่งชาติ,คน,225837
รวม,2512, ขอนแก่น,ผู้มีงานทำทั้งหมด,2560,สำนักงานสถิติแห่งชาติ,คน,897903
รวม,2513, อุดรธานี,ผู้มีงานทำทั้งหมด,2560,สำนักงานสถิติแห่งชาติ,คน,617419
รวม,2514,เลย,ผู้มีงานทำทั้งหมด,2560,สำนักงานสถิติแห่งชาติ,คน,295967
รวม,2515, หนองคาย,ผู้มีงานทำทั้งหมด,2560,สำนักงานสถิติแห่งชาติ,คน,202145
รวม,2516,มหาสารคาม,ผู้มีงานทำทั้งหมด,2560,สำนักงานสถิติแห่งชาติ,คน,449969
รวม,2517, ร้อยเอ็ด,ผู้มีงานทำทั้งหมด,2560,สำนักงานสถิติแห่งชาติ,คน,568730
รวม,2518, กาฬสินธุ์,ผู้มีงานทำทั้งหมด,2560,สำนักงานสถิติแห่งชาติ,คน,399846
รวม,2519, สกลนคร,ผู้มีงานทำทั้งหมด,2560,สำนักงานสถิติแห่งชาติ,คน,410217
รวม,2520, นครพนม,ผู้มีงานทำทั้งหมด,2560,สำนักงานสถิติแห่งชาติ,คน,289342
รวม,2521, มุกดาหาร,ผู้มีงานทำทั้งหมด,2560,สำนักงานสถิติแห่งชาติ,คน,194318
รวม,2522,ภาคใต้,ผู้มีงานทำทั้งหมด,2560,สำนักงานสถิติแห่งชาติ,คน,5038011
รวม,2523, นครศรีธรรมราช,ผู้มีงานทำทั้งหมด,2560,สำนักงานสถิติแห่งชาติ,คน,871698
รวม,2524, กระบี่,ผู้มีงานทำทั้งหมด,2560,สำนักงานสถิติแห่งชาติ,คน,210912
รวม,2525, พังงา,ผู้มีงานทำทั้งหมด,2560,สำนักงานสถิติแห่งชาติ,คน,137557
รวม,2526,ภูเก็ต,ผู้มีงานทำทั้งหมด,2560,สำนักงานสถิติแห่งชาติ,คน,315508
รวม,2527,สุราษฎร์ธานี,ผู้มีงานทำทั้งหมด,2560,สำนักงานสถิติแห่งชาติ,คน,579647
รวม,2528, ระนอง,ผู้มีงานทำทั้งหมด,2560,สำนักงานสถิติแห่งชาติ,คน,137108
รวม,2529, ชุมพร,ผู้มีงานทำทั้งหมด,2560,สำนักงานสถิติแห่งชาติ,คน,274975
รวม,2530,สงขลา,ผู้มีงานทำทั้งหมด,2560,สำนักงานสถิติแห่งชาติ,คน,862422
รวม,2531, สตูล,ผู้มีงานทำทั้งหมด,2560,สำนักงานสถิติแห่งชาติ,คน,144781
รวม,2532, ตรัง,ผู้มีงานทำทั้งหมด,2560,สำนักงานสถิติแห่งชาติ,คน,374191
รวม,2533, พัทลุง,ผู้มีงานทำทั้งหมด,2560,สำนักงานสถิติแห่งชาติ,คน,303447
รวม,2534, ปัตตานี,ผู้มีงานทำทั้งหมด,2560,สำนักงานสถิติแห่งชาติ,คน,293879
รวม,2535, ยะลา,ผู้มีงานทำทั้งหมด,2560,สำนักงานสถิติแห่งชาติ,คน,232433
รวม,2536, นราธิวาส,ผู้มีงานทำทั้งหมด,2560,สำนักงานสถิติแห่งชาติ,คน,299453
ชาย,2537,จำนวน,ผู้มีงานทำทั้งหมด,2560,สำนักงานสถิติแห่งชาติ,คน,20531621
ชาย,2538, กรุงเทพมหานคร,ผู้มีงานทำทั้งหมด,2560,สำนักงานสถิติแห่งชาติ,คน,2781240
ชาย,2539,ภาคกลาง,ผู้มีงานทำทั้งหมด,2560,สำนักงานสถิติแห่งชาติ,คน,6240817
ชาย,2540, สมุทรปราการ,ผู้มีงานทำทั้งหมด,2560,สำนักงานสถิติแห่งชาติ,คน,703464
ชาย,2541, นนทบุรี,ผู้มีงานทำทั้งหมด,2560,สำนักงานสถิติแห่งชาติ,คน,480406
ชาย,2542, ปทุมธานี,ผู้มีงานทำทั้งหมด,2560,สำนักงานสถิติแห่งชาติ,คน,479788
ชาย,2543, พระนครศรีอยุธยา,ผู้มีงานทำทั้งหมด,2560,สำนักงานสถิติแห่งชาติ,คน,253171
ชาย,2544, อ่างทอง,ผู้มีงานทำทั้งหมด,2560,สำนักงานสถิติแห่งชาติ,คน,73920
ชาย,2545, ลพบุรี,ผู้มีงานทำทั้งหมด,2560,สำนักงานสถิติแห่งชาติ,คน,232191
ชาย,2546, สิงห์บุรี,ผู้มีงานทำทั้งหมด,2560,สำนักงานสถิติแห่งชาติ,คน,58802
ชาย,2547, ชัยนาท,ผู้มีงานทำทั้งหมด,2560,สำนักงานสถิติแห่งชาติ,คน,93068
ชาย,2548,สระบุรี,ผู้มีงานทำทั้งหมด,2560,สำนักงานสถิติแห่งชาติ,คน,215859
ชาย,2549,ชลบุรี,ผู้มีงานทำทั้งหมด,2560,สำนักงานสถิติแห่งชาติ,คน,560472
ชาย,2550, ระยอง,ผู้มีงานทำทั้งหมด,2560,สำนักงานสถิติแห่งชาติ,คน,316405
ชาย,2551,จันทบุรี,ผู้มีงานทำทั้งหมด,2560,สำนักงานสถิติแห่งชาติ,คน,177369
ชาย,2552, ตราด,ผู้มีงานทำทั้งหมด,2560,สำนักงานสถิติแห่งชาติ,คน,97293
ชาย,2553,ฉะเชิงเทรา,ผู้มีงานทำทั้งหมด,2560,สำนักงานสถิติแห่งชาติ,คน,237168
ชาย,2554, ปราจีนบุรี,ผู้มีงานทำทั้งหมด,2560,สำนักงานสถิติแห่งชาติ,คน,191521
ชาย,2555, นครนายก,ผู้มีงานทำทั้งหมด,2560,สำนักงานสถิติแห่งชาติ,คน,79234
ชาย,2556,สระแก้ว,ผู้มีงานทำทั้งหมด,2560,สำนักงานสถิติแห่งชาติ,คน,168193
ชาย,2557, ราชบุรี,ผู้มีงานทำทั้งหมด,2560,สำนักงานสถิติแห่งชาติ,คน,248802
ชาย,2558, กาญจนบุรี,ผู้มีงานทำทั้งหมด,2560,สำนักงานสถิติแห่งชาติ,คน,258916
ชาย,2559, สุพรรณบุรี,ผู้มีงานทำทั้งหมด,2560,สำนักงานสถิติแห่งชาติ,คน,259377
ชาย,2560, นครปฐม,ผู้มีงานทำทั้งหมด,2560,สำนักงานสถิติแห่งชาติ,คน,331975
ชาย,2561, สมุทรสาคร,ผู้มีงานทำทั้งหมด,2560,สำนักงานสถิติแห่งชาติ,คน,365410
ชาย,2562, สมุทรสงคราม,ผู้มีงานทำทั้งหมด,2560,สำนักงานสถิติแห่งชาติ,คน,58832
ชาย,2563, เพชรบุรี,ผู้มีงานทำทั้งหมด,2560,สำนักงานสถิติแห่งชาติ,คน,148288
ชาย,2564, ประจวบคีรีขันธ์,ผู้มีงานทำทั้งหมด,2560,สำนักงานสถิติแห่งชาติ,คน,150892
ชาย,2565,ภาคเหนือ,ผู้มีงานทำทั้งหมด,2560,สำนักงานสถิติแห่งชาติ,คน,3407385
ชาย,2566, เชียงใหม่,ผู้มีงานทำทั้งหมด,2560,สำนักงานสถิติแห่งชาติ,คน,528341
ชาย,2567, ลำพูน,ผู้มีงานทำทั้งหมด,2560,สำนักงานสถิติแห่งชาติ,คน,134695
ชาย,2568, ลำปาง,ผู้มีงานทำทั้งหมด,2560,สำนักงานสถิติแห่งชาติ,คน,226478
ชาย,2569, อุตรดิตถ์,ผู้มีงานทำทั้งหมด,2560,สำนักงานสถิติแห่งชาติ,คน,123116
ชาย,2570, แพร่,ผู้มีงานทำทั้งหมด,2560,สำนักงานสถิติแห่งชาติ,คน,125837
ชาย,2571, น่าน,ผู้มีงานทำทั้งหมด,2560,สำนักงานสถิติแห่งชาติ,คน,136019
ชาย,2572, พะเยา,ผู้มีงานทำทั้งหมด,2560,สำนักงานสถิติแห่งชาติ,คน,128317
ชาย,2573, เชียงราย,ผู้มีงานทำทั้งหมด,2560,สำนักงานสถิติแห่งชาติ,คน,356968
ชาย,2574, แม่ฮ่องสอน,ผู้มีงานทำทั้งหมด,2560,สำนักงานสถิติแห่งชาติ,คน,63795
ชาย,2575, นครสวรรค์,ผู้มีงานทำทั้งหมด,2560,สำนักงานสถิติแห่งชาติ,คน,280291
ชาย,2576, อุทัยธานี,ผู้มีงานทำทั้งหมด,2560,สำนักงานสถิติแห่งชาติ,คน,87225
ชาย,2577, กำแพงเพชร,ผู้มีงานทำทั้งหมด,2560,สำนักงานสถิติแห่งชาติ,คน,224749
ชาย,2578, ตาก,ผู้มีงานทำทั้งหมด,2560,สำนักงานสถิติแห่งชาติ,คน,140020
ชาย,2579, สุโขทัย,ผู้มีงานทำทั้งหมด,2560,สำนักงานสถิติแห่งชาติ,คน,175725
ชาย,2580, พิษณุโลก,ผู้มีงานทำทั้งหมด,2560,สำนักงานสถิติแห่งชาติ,คน,253840
ชาย,2581, พิจิตร,ผู้มีงานทำทั้งหมด,2560,สำนักงานสถิติแห่งชาติ,คน,152951
ชาย,2582, เพชรบูรณ์,ผู้มีงานทำทั้งหมด,2560,สำนักงานสถิติแห่งชาติ,คน,269019
ชาย,2583,ภาคตะวันออกเฉียงเหนือ,ผู้มีงานทำทั้งหมด,2560,สำนักงานสถิติแห่งชาติ,คน,5289515
ชาย,2584,นครราชสีมา,ผู้มีงานทำทั้งหมด,2560,สำนักงานสถิติแห่งชาติ,คน,736463
ชาย,2585, บุรีรัมย์,ผู้มีงานทำทั้งหมด,2560,สำนักงานสถิติแห่งชาติ,คน,357155
ชาย,2586, สุรินทร์,ผู้มีงานทำทั้งหมด,2560,สำนักงานสถิติแห่งชาติ,คน,285077
ชาย,2587, ศรีสะเกษ,ผู้มีงานทำทั้งหมด,2560,สำนักงานสถิติแห่งชาติ,คน,302395
ชาย,2588, อุบลราชธานี,ผู้มีงานทำทั้งหมด,2560,สำนักงานสถิติแห่งชาติ,คน,496839
ชาย,2589,ยโสธร,ผู้มีงานทำทั้งหมด,2560,สำนักงานสถิติแห่งชาติ,คน,152114
ชาย,2590,ชัยภูมิ,ผู้มีงานทำทั้งหมด,2560,สำนักงานสถิติแห่งชาติ,คน,266173
ชาย,2591, อำนาจเจริญ,ผู้มีงานทำทั้งหมด,2560,สำนักงานสถิติแห่งชาติ,คน,80177
ชาย,2592, บึงกาฬ,ผู้มีงานทำทั้งหมด,2560,สำนักงานสถิติแห่งชาติ,คน,88638
ชาย,2593, หนองบัวลำภู,ผู้มีงานทำทั้งหมด,2560,สำนักงานสถิติแห่งชาติ,คน,125525
ชาย,2594, ขอนแก่น,ผู้มีงานทำทั้งหมด,2560,สำนักงานสถิติแห่งชาติ,คน,488896
ชาย,2595, อุดรธานี,ผู้มีงานทำทั้งหมด,2560,สำนักงานสถิติแห่งชาติ,คน,339311
ชาย,2596,เลย,ผู้มีงานทำทั้งหมด,2560,สำนักงานสถิติแห่งชาติ,คน,165263
ชาย,2597, หนองคาย,ผู้มีงานทำทั้งหมด,2560,สำนักงานสถิติแห่งชาติ,คน,115750
ชาย,2598,มหาสารคาม,ผู้มีงานทำทั้งหมด,2560,สำนักงานสถิติแห่งชาติ,คน,238913
ชาย,2599, ร้อยเอ็ด,ผู้มีงานทำทั้งหมด,2560,สำนักงานสถิติแห่งชาติ,คน,308957
ชาย,2600, กาฬสินธุ์,ผู้มีงานทำทั้งหมด,2560,สำนักงานสถิติแห่งชาติ,คน,231913
ชาย,2601, สกลนคร,ผู้มีงานทำทั้งหมด,2560,สำนักงานสถิติแห่งชาติ,คน,247167
ชาย,2602, นครพนม,ผู้มีงานทำทั้งหมด,2560,สำนักงานสถิติแห่งชาติ,คน,156581
ชาย,2603, มุกดาหาร,ผู้มีงานทำทั้งหมด,2560,สำนักงานสถิติแห่งชาติ,คน,106208
ชาย,2604,ภาคใต้,ผู้มีงานทำทั้งหมด,2560,สำนักงานสถิติแห่งชาติ,คน,2812664
ชาย,2605, นครศรีธรรมราช,ผู้มีงานทำทั้งหมด,2560,สำนักงานสถิติแห่งชาติ,คน,480268
ชาย,2606, กระบี่,ผู้มีงานทำทั้งหมด,2560,สำนักงานสถิติแห่งชาติ,คน,119850
ชาย,2607, พังงา,ผู้มีงานทำทั้งหมด,2560,สำนักงานสถิติแห่งชาติ,คน,83462
ชาย,2608,ภูเก็ต,ผู้มีงานทำทั้งหมด,2560,สำนักงานสถิติแห่งชาติ,คน,175399
ชาย,2609,สุราษฎร์ธานี,ผู้มีงานทำทั้งหมด,2560,สำนักงานสถิติแห่งชาติ,คน,329329
ชาย,2610, ระนอง,ผู้มีงานทำทั้งหมด,2560,สำนักงานสถิติแห่งชาติ,คน,83972
ชาย,2611, ชุมพร,ผู้มีงานทำทั้งหมด,2560,สำนักงานสถิติแห่งชาติ,คน,164728
ชาย,2612,สงขลา,ผู้มีงานทำทั้งหมด,2560,สำนักงานสถิติแห่งชาติ,คน,460600
ชาย,2613, สตูล,ผู้มีงานทำทั้งหมด,2560,สำนักงานสถิติแห่งชาติ,คน,83091
ชาย,2614, ตรัง,ผู้มีงานทำทั้งหมด,2560,สำนักงานสถิติแห่งชาติ,คน,198094
ชาย,2615, พัทลุง,ผู้มีงานทำทั้งหมด,2560,สำนักงานสถิติแห่งชาติ,คน,159705
ชาย,2616, ปัตตานี,ผู้มีงานทำทั้งหมด,2560,สำนักงานสถิติแห่งชาติ,คน,168277
ชาย,2617, ยะลา,ผู้มีงานทำทั้งหมด,2560,สำนักงานสถิติแห่งชาติ,คน,128072
ชาย,2618, นราธิวาส,ผู้มีงานทำทั้งหมด,2560,สำนักงานสถิติแห่งชาติ,คน,177818
หญิง,2619,จำนวน,ผู้มีงานทำทั้งหมด,2560,สำนักงานสถิติแห่งชาติ,คน,17115263
หญิง,2620, กรุงเทพมหานคร,ผู้มีงานทำทั้งหมด,2560,สำนักงานสถิติแห่งชาติ,คน,2437730
หญิง,2621,ภาคกลาง,ผู้มีงานทำทั้งหมด,2560,สำนักงานสถิติแห่งชาติ,คน,5229541
หญิง,2622, สมุทรปราการ,ผู้มีงานทำทั้งหมด,2560,สำนักงานสถิติแห่งชาติ,คน,616353
หญิง,2623, นนทบุรี,ผู้มีงานทำทั้งหมด,2560,สำนักงานสถิติแห่งชาติ,คน,417203
หญิง,2624, ปทุมธานี,ผู้มีงานทำทั้งหมด,2560,สำนักงานสถิติแห่งชาติ,คน,416996
หญิง,2625, พระนครศรีอยุธยา,ผู้มีงานทำทั้งหมด,2560,สำนักงานสถิติแห่งชาติ,คน,217239
หญิง,2626, อ่างทอง,ผู้มีงานทำทั้งหมด,2560,สำนักงานสถิติแห่งชาติ,คน,68220
หญิง,2627, ลพบุรี,ผู้มีงานทำทั้งหมด,2560,สำนักงานสถิติแห่งชาติ,คน,186936
หญิง,2628, สิงห์บุรี,ผู้มีงานทำทั้งหมด,2560,สำนักงานสถิติแห่งชาติ,คน,50801
หญิง,2629, ชัยนาท,ผู้มีงานทำทั้งหมด,2560,สำนักงานสถิติแห่งชาติ,คน,81317
หญิง,2630,สระบุรี,ผู้มีงานทำทั้งหมด,2560,สำนักงานสถิติแห่งชาติ,คน,165166
หญิง,2631,ชลบุรี,ผู้มีงานทำทั้งหมด,2560,สำนักงานสถิติแห่งชาติ,คน,459350
หญิง,2632, ระยอง,ผู้มีงานทำทั้งหมด,2560,สำนักงานสถิติแห่งชาติ,คน,224038
หญิง,2633,จันทบุรี,ผู้มีงานทำทั้งหมด,2560,สำนักงานสถิติแห่งชาติ,คน,152593
หญิง,2634, ตราด,ผู้มีงานทำทั้งหมด,2560,สำนักงานสถิติแห่งชาติ,คน,71451
หญิง,2635,ฉะเชิงเทรา,ผู้มีงานทำทั้งหมด,2560,สำนักงานสถิติแห่งชาติ,คน,186088
หญิง,2636, ปราจีนบุรี,ผู้มีงานทำทั้งหมด,2560,สำนักงานสถิติแห่งชาติ,คน,164318
หญิง,2637, นครนายก,ผู้มีงานทำทั้งหมด,2560,สำนักงานสถิติแห่งชาติ,คน,67286
หญิง,2638,สระแก้ว,ผู้มีงานทำทั้งหมด,2560,สำนักงานสถิติแห่งชาติ,คน,127651
หญิง,2639, ราชบุรี,ผู้มีงานทำทั้งหมด,2560,สำนักงานสถิติแห่งชาติ,คน,211735
หญิง,2640, กาญจนบุรี,ผู้มีงานทำทั้งหมด,2560,สำนักงานสถิติแห่งชาติ,คน,200231
หญิง,2641, สุพรรณบุรี,ผู้มีงานทำทั้งหมด,2560,สำนักงานสถิติแห่งชาติ,คน,216622
หญิง,2642, นครปฐม,ผู้มีงานทำทั้งหมด,2560,สำนักงานสถิติแห่งชาติ,คน,315286
หญิง,2643, สมุทรสาคร,ผู้มีงานทำทั้งหมด,2560,สำนักงานสถิติแห่งชาติ,คน,316138
หญิง,2644, สมุทรสงคราม,ผู้มีงานทำทั้งหมด,2560,สำนักงานสถิติแห่งชาติ,คน,52824
หญิง,2645, เพชรบุรี,ผู้มีงานทำทั้งหมด,2560,สำนักงานสถิติแห่งชาติ,คน,126355
หญิง,2646, ประจวบคีรีขันธ์,ผู้มีงานทำทั้งหมด,2560,สำนักงานสถิติแห่งชาติ,คน,117341
หญิง,2647,ภาคเหนือ,ผู้มีงานทำทั้งหมด,2560,สำนักงานสถิติแห่งชาติ,คน,2837260
หญิง,2648, เชียงใหม่,ผู้มีงานทำทั้งหมด,2560,สำนักงานสถิติแห่งชาติ,คน,453801
หญิง,2649, ลำพูน,ผู้มีงานทำทั้งหมด,2560,สำนักงานสถิติแห่งชาติ,คน,126078
หญิง,2650, ลำปาง,ผู้มีงานทำทั้งหมด,2560,สำนักงานสถิติแห่งชาติ,คน,185011
หญิง,2651, อุตรดิตถ์,ผู้มีงานทำทั้งหมด,2560,สำนักงานสถิติแห่งชาติ,คน,92914
หญิง,2652, แพร่,ผู้มีงานทำทั้งหมด,2560,สำนักงานสถิติแห่งชาติ,คน,112214
หญิง,2653, น่าน,ผู้มีงานทำทั้งหมด,2560,สำนักงานสถิติแห่งชาติ,คน,109022
หญิง,2654, พะเยา,ผู้มีงานทำทั้งหมด,2560,สำนักงานสถิติแห่งชาติ,คน,104911
หญิง,2655, เชียงราย,ผู้มีงานทำทั้งหมด,2560,สำนักงานสถิติแห่งชาติ,คน,280254
หญิง,2656, แม่ฮ่องสอน,ผู้มีงานทำทั้งหมด,2560,สำนักงานสถิติแห่งชาติ,คน,50687
หญิง,2657, นครสวรรค์,ผู้มีงานทำทั้งหมด,2560,สำนักงานสถิติแห่งชาติ,คน,232074
หญิง,2658, อุทัยธานี,ผู้มีงานทำทั้งหมด,2560,สำนักงานสถิติแห่งชาติ,คน,74927
หญิง,2659, กำแพงเพชร,ผู้มีงานทำทั้งหมด,2560,สำนักงานสถิติแห่งชาติ,คน,188790
หญิง,2660, ตาก,ผู้มีงานทำทั้งหมด,2560,สำนักงานสถิติแห่งชาติ,คน,112857
หญิง,2661, สุโขทัย,ผู้มีงานทำทั้งหมด,2560,สำนักงานสถิติแห่งชาติ,คน,160589
หญิง,2662, พิษณุโลก,ผู้มีงานทำทั้งหมด,2560,สำนักงานสถิติแห่งชาติ,คน,219147
หญิง,2663, พิจิตร,ผู้มีงานทำทั้งหมด,2560,สำนักงานสถิติแห่งชาติ,คน,127746
หญิง,2664, เพชรบูรณ์,ผู้มีงานทำทั้งหมด,2560,สำนักงานสถิติแห่งชาติ,คน,206237
หญิง,2665,ภาคตะวันออกเฉียงเหนือ,ผู้มีงานทำทั้งหมด,2560,สำนักงานสถิติแห่งชาติ,คน,4385386
หญิง,2666,นครราชสีมา,ผู้มีงานทำทั้งหมด,2560,สำนักงานสถิติแห่งชาติ,คน,624926
หญิง,2667, บุรีรัมย์,ผู้มีงานทำทั้งหมด,2560,สำนักงานสถิติแห่งชาติ,คน,299513
หญิง,2668, สุรินทร์,ผู้มีงานทำทั้งหมด,2560,สำนักงานสถิติแห่งชาติ,คน,253018
หญิง,2669, ศรีสะเกษ,ผู้มีงานทำทั้งหมด,2560,สำนักงานสถิติแห่งชาติ,คน,286812
หญิง,2670, อุบลราชธานี,ผู้มีงานทำทั้งหมด,2560,สำนักงานสถิติแห่งชาติ,คน,406024
หญิง,2671,ยโสธร,ผู้มีงานทำทั้งหมด,2560,สำนักงานสถิติแห่งชาติ,คน,144576
หญิง,2672,ชัยภูมิ,ผู้มีงานทำทั้งหมด,2560,สำนักงานสถิติแห่งชาติ,คน,209907
หญิง,2673, อำนาจเจริญ,ผู้มีงานทำทั้งหมด,2560,สำนักงานสถิติแห่งชาติ,คน,65276
หญิง,2674, บึงกาฬ,ผู้มีงานทำทั้งหมด,2560,สำนักงานสถิติแห่งชาติ,คน,68125
หญิง,2675, หนองบัวลำภู,ผู้มีงานทำทั้งหมด,2560,สำนักงานสถิติแห่งชาติ,คน,100312
หญิง,2676, ขอนแก่น,ผู้มีงานทำทั้งหมด,2560,สำนักงานสถิติแห่งชาติ,คน,409007
หญิง,2677, อุดรธานี,ผู้มีงานทำทั้งหมด,2560,สำนักงานสถิติแห่งชาติ,คน,278108
หญิง,2678,เลย,ผู้มีงานทำทั้งหมด,2560,สำนักงานสถิติแห่งชาติ,คน,130704
หญิง,2679, หนองคาย,ผู้มีงานทำทั้งหมด,2560,สำนักงานสถิติแห่งชาติ,คน,86395
หญิง,2680,มหาสารคาม,ผู้มีงานทำทั้งหมด,2560,สำนักงานสถิติแห่งชาติ,คน,211057
หญิง,2681, ร้อยเอ็ด,ผู้มีงานทำทั้งหมด,2560,สำนักงานสถิติแห่งชาติ,คน,259772
หญิง,2682, กาฬสินธุ์,ผู้มีงานทำทั้งหมด,2560,สำนักงานสถิติแห่งชาติ,คน,167933
หญิง,2683, สกลนคร,ผู้มีงานทำทั้งหมด,2560,สำนักงานสถิติแห่งชาติ,คน,163050
หญิง,2684, นครพนม,ผู้มีงานทำทั้งหมด,2560,สำนักงานสถิติแห่งชาติ,คน,132761
หญิง,2685, มุกดาหาร,ผู้มีงานทำทั้งหมด,2560,สำนักงานสถิติแห่งชาติ,คน,88110
หญิง,2686,ภาคใต้,ผู้มีงานทำทั้งหมด,2560,สำนักงานสถิติแห่งชาติ,คน,2225347
หญิง,2687, นครศรีธรรมราช,ผู้มีงานทำทั้งหมด,2560,สำนักงานสถิติแห่งชาติ,คน,391430
หญิง,2688, กระบี่,ผู้มีงานทำทั้งหมด,2560,สำนักงานสถิติแห่งชาติ,คน,91062
หญิง,2689, พังงา,ผู้มีงานทำทั้งหมด,2560,สำนักงานสถิติแห่งชาติ,คน,54095
หญิง,2690,ภูเก็ต,ผู้มีงานทำทั้งหมด,2560,สำนักงานสถิติแห่งชาติ,คน,140109
หญิง,2691,สุราษฎร์ธานี,ผู้มีงานทำทั้งหมด,2560,สำนักงานสถิติแห่งชาติ,คน,250318
หญิง,2692, ระนอง,ผู้มีงานทำทั้งหมด,2560,สำนักงานสถิติแห่งชาติ,คน,53136
หญิง,2693, ชุมพร,ผู้มีงานทำทั้งหมด,2560,สำนักงานสถิติแห่งชาติ,คน,110246
หญิง,2694,สงขลา,ผู้มีงานทำทั้งหมด,2560,สำนักงานสถิติแห่งชาติ,คน,401822
หญิง,2695, สตูล,ผู้มีงานทำทั้งหมด,2560,สำนักงานสถิติแห่งชาติ,คน,61691
หญิง,2696, ตรัง,ผู้มีงานทำทั้งหมด,2560,สำนักงานสถิติแห่งชาติ,คน,176097
หญิง,2697, พัทลุง,ผู้มีงานทำทั้งหมด,2560,สำนักงานสถิติแห่งชาติ,คน,143742
หญิง,2698, ปัตตานี,ผู้มีงานทำทั้งหมด,2560,สำนักงานสถิติแห่งชาติ,คน,125602
หญิง,2699, ยะลา,ผู้มีงานทำทั้งหมด,2560,สำนักงานสถิติแห่งชาติ,คน,104361
หญิง,2700, นราธิวาส,ผู้มีงานทำทั้งหมด,2560,สำนักงานสถิติแห่งชาติ,คน,121635
รวม,2701,จำนวน,ผู้สูงอายุที่ทำงาน,2560,สำนักงานสถิติแห่งชาติ,คน,4063076
รวม,2702, กรุงเทพมหานคร,ผู้สูงอายุที่ทำงาน,2560,สำนักงานสถิติแห่งชาติ,คน,250320
รวม,2703,ภาคกลาง,ผู้สูงอายุที่ทำงาน,2560,สำนักงานสถิติแห่งชาติ,คน,908232
รวม,2704, สมุทรปราการ,ผู้สูงอายุที่ทำงาน,2560,สำนักงานสถิติแห่งชาติ,คน,61393
รวม,2705, นนทบุรี,ผู้สูงอายุที่ทำงาน,2560,สำนักงานสถิติแห่งชาติ,คน,40961
รวม,2706, ปทุมธานี,ผู้สูงอายุที่ทำงาน,2560,สำนักงานสถิติแห่งชาติ,คน,34803
รวม,2707, พระนครศรีอยุธยา,ผู้สูงอายุที่ทำงาน,2560,สำนักงานสถิติแห่งชาติ,คน,33615
รวม,2708, อ่างทอง,ผู้สูงอายุที่ทำงาน,2560,สำนักงานสถิติแห่งชาติ,คน,22331
รวม,2709, ลพบุรี,ผู้สูงอายุที่ทำงาน,2560,สำนักงานสถิติแห่งชาติ,คน,47922
รวม,2710, สิงห์บุรี,ผู้สูงอายุที่ทำงาน,2560,สำนักงานสถิติแห่งชาติ,คน,16286
รวม,2711, ชัยนาท,ผู้สูงอายุที่ทำงาน,2560,สำนักงานสถิติแห่งชาติ,คน,31163
รวม,2712,สระบุรี,ผู้สูงอายุที่ทำงาน,2560,สำนักงานสถิติแห่งชาติ,คน,29746
รวม,2713,ชลบุรี,ผู้สูงอายุที่ทำงาน,2560,สำนักงานสถิติแห่งชาติ,คน,43210
รวม,2714, ระยอง,ผู้สูงอายุที่ทำงาน,2560,สำนักงานสถิติแห่งชาติ,คน,34502
รวม,2715,จันทบุรี,ผู้สูงอายุที่ทำงาน,2560,สำนักงานสถิติแห่งชาติ,คน,41018
รวม,2716, ตราด,ผู้สูงอายุที่ทำงาน,2560,สำนักงานสถิติแห่งชาติ,คน,18280
รวม,2717,ฉะเชิงเทรา,ผู้สูงอายุที่ทำงาน,2560,สำนักงานสถิติแห่งชาติ,คน,31999
รวม,2718, ปราจีนบุรี,ผู้สูงอายุที่ทำงาน,2560,สำนักงานสถิติแห่งชาติ,คน,36198
รวม,2719, นครนายก,ผู้สูงอายุที่ทำงาน,2560,สำนักงานสถิติแห่งชาติ,คน,15977
รวม,2720,สระแก้ว,ผู้สูงอายุที่ทำงาน,2560,สำนักงานสถิติแห่งชาติ,คน,28645
รวม,2721, ราชบุรี,ผู้สูงอายุที่ทำงาน,2560,สำนักงานสถิติแห่งชาติ,คน,63119
รวม,2722, กาญจนบุรี,ผู้สูงอายุที่ทำงาน,2560,สำนักงานสถิติแห่งชาติ,คน,53899
รวม,2723, สุพรรณบุรี,ผู้สูงอายุที่ทำงาน,2560,สำนักงานสถิติแห่งชาติ,คน,71429
รวม,2724, นครปฐม,ผู้สูงอายุที่ทำงาน,2560,สำนักงานสถิติแห่งชาติ,คน,46273
รวม,2725, สมุทรสาคร,ผู้สูงอายุที่ทำงาน,2560,สำนักงานสถิติแห่งชาติ,คน,23090
รวม,2726, สมุทรสงคราม,ผู้สูงอายุที่ทำงาน,2560,สำนักงานสถิติแห่งชาติ,คน,16551
รวม,2727, เพชรบุรี,ผู้สูงอายุที่ทำงาน,2560,สำนักงานสถิติแห่งชาติ,คน,37011
รวม,2728, ประจวบคีรีขันธ์,ผู้สูงอายุที่ทำงาน,2560,สำนักงานสถิติแห่งชาติ,คน,28813
รวม,2729,ภาคเหนือ,ผู้สูงอายุที่ทำงาน,2560,สำนักงานสถิติแห่งชาติ,คน,920019
รวม,2730, เชียงใหม่,ผู้สูงอายุที่ทำงาน,2560,สำนักงานสถิติแห่งชาติ,คน,117198
รวม,2731, ลำพูน,ผู้สูงอายุที่ทำงาน,2560,สำนักงานสถิติแห่งชาติ,คน,38336
รวม,2732, ลำปาง,ผู้สูงอายุที่ทำงาน,2560,สำนักงานสถิติแห่งชาติ,คน,68219
รวม,2733, อุตรดิตถ์,ผู้สูงอายุที่ทำงาน,2560,สำนักงานสถิติแห่งชาติ,คน,34738
รวม,2734, แพร่,ผู้สูงอายุที่ทำงาน,2560,สำนักงานสถิติแห่งชาติ,คน,42331
รวม,2735, น่าน,ผู้สูงอายุที่ทำงาน,2560,สำนักงานสถิติแห่งชาติ,คน,37671
รวม,2736, พะเยา,ผู้สูงอายุที่ทำงาน,2560,สำนักงานสถิติแห่งชาติ,คน,38030
รวม,2737, เชียงราย,ผู้สูงอายุที่ทำงาน,2560,สำนักงานสถิติแห่งชาติ,คน,80545
รวม,2738, แม่ฮ่องสอน,ผู้สูงอายุที่ทำงาน,2560,สำนักงานสถิติแห่งชาติ,คน,11439
รวม,2739, นครสวรรค์,ผู้สูงอายุที่ทำงาน,2560,สำนักงานสถิติแห่งชาติ,คน,76518
รวม,2740, อุทัยธานี,ผู้สูงอายุที่ทำงาน,2560,สำนักงานสถิติแห่งชาติ,คน,30739
รวม,2741, กำแพงเพชร,ผู้สูงอายุที่ทำงาน,2560,สำนักงานสถิติแห่งชาติ,คน,61100
รวม,2742, ตาก,ผู้สูงอายุที่ทำงาน,2560,สำนักงานสถิติแห่งชาติ,คน,25979
รวม,2743, สุโขทัย,ผู้สูงอายุที่ทำงาน,2560,สำนักงานสถิติแห่งชาติ,คน,55551
รวม,2744, พิษณุโลก,ผู้สูงอายุที่ทำงาน,2560,สำนักงานสถิติแห่งชาติ,คน,79426
รวม,2745, พิจิตร,ผู้สูงอายุที่ทำงาน,2560,สำนักงานสถิติแห่งชาติ,คน,49093
รวม,2746, เพชรบูรณ์,ผู้สูงอายุที่ทำงาน,2560,สำนักงานสถิติแห่งชาติ,คน,73107
รวม,2747,ภาคตะวันออกเฉียงเหนือ,ผู้สูงอายุที่ทำงาน,2560,สำนักงานสถิติแห่งชาติ,คน,1453784
รวม,2748,นครราชสีมา,ผู้สูงอายุที่ทำงาน,2560,สำนักงานสถิติแห่งชาติ,คน,192609
รวม,2749, บุรีรัมย์,ผู้สูงอายุที่ทำงาน,2560,สำนักงานสถิติแห่งชาติ,คน,141202
รวม,2750, สุรินทร์,ผู้สูงอายุที่ทำงาน,2560,สำนักงานสถิติแห่งชาติ,คน,113605
รวม,2751, ศรีสะเกษ,ผู้สูงอายุที่ทำงาน,2560,สำนักงานสถิติแห่งชาติ,คน,112911
รวม,2752, อุบลราชธานี,ผู้สูงอายุที่ทำงาน,2560,สำนักงานสถิติแห่งชาติ,คน,117862
รวม,2753,ยโสธร,ผู้สูงอายุที่ทำงาน,2560,สำนักงานสถิติแห่งชาติ,คน,60680
รวม,2754,ชัยภูมิ,ผู้สูงอายุที่ทำงาน,2560,สำนักงานสถิติแห่งชาติ,คน,74565
รวม,2755, อำนาจเจริญ,ผู้สูงอายุที่ทำงาน,2560,สำนักงานสถิติแห่งชาติ,คน,22425
รวม,2756, บึงกาฬ,ผู้สูงอายุที่ทำงาน,2560,สำนักงานสถิติแห่งชาติ,คน,10964
รวม,2757, หนองบัวลำภู,ผู้สูงอายุที่ทำงาน,2560,สำนักงานสถิติแห่งชาติ,คน,26049
รวม,2758, ขอนแก่น,ผู้สูงอายุที่ทำงาน,2560,สำนักงานสถิติแห่งชาติ,คน,127309
รวม,2759, อุดรธานี,ผู้สูงอายุที่ทำงาน,2560,สำนักงานสถิติแห่งชาติ,คน,66825
รวม,2760,เลย,ผู้สูงอายุที่ทำงาน,2560,สำนักงานสถิติแห่งชาติ,คน,25182
รวม,2761, หนองคาย,ผู้สูงอายุที่ทำงาน,2560,สำนักงานสถิติแห่งชาติ,คน,21474
รวม,2762,มหาสารคาม,ผู้สูงอายุที่ทำงาน,2560,สำนักงานสถิติแห่งชาติ,คน,76992
รวม,2763, ร้อยเอ็ด,ผู้สูงอายุที่ทำงาน,2560,สำนักงานสถิติแห่งชาติ,คน,108284
รวม,2764, กาฬสินธุ์,ผู้สูงอายุที่ทำงาน,2560,สำนักงานสถิติแห่งชาติ,คน,50599
รวม,2765, สกลนคร,ผู้สูงอายุที่ทำงาน,2560,สำนักงานสถิติแห่งชาติ,คน,46113
รวม,2766, นครพนม,ผู้สูงอายุที่ทำงาน,2560,สำนักงานสถิติแห่งชาติ,คน,35251
รวม,2767, มุกดาหาร,ผู้สูงอายุที่ทำงาน,2560,สำนักงานสถิติแห่งชาติ,คน,22883
รวม,2768,ภาคใต้,ผู้สูงอายุที่ทำงาน,2560,สำนักงานสถิติแห่งชาติ,คน,530720
รวม,2769, นครศรีธรรมราช,ผู้สูงอายุที่ทำงาน,2560,สำนักงานสถิติแห่งชาติ,คน,126478
รวม,2770, กระบี่,ผู้สูงอายุที่ทำงาน,2560,สำนักงานสถิติแห่งชาติ,คน,17478
รวม,2771, พังงา,ผู้สูงอายุที่ทำงาน,2560,สำนักงานสถิติแห่งชาติ,คน,12854
รวม,2772,ภูเก็ต,ผู้สูงอายุที่ทำงาน,2560,สำนักงานสถิติแห่งชาติ,คน,13138
รวม,2773,สุราษฎร์ธานี,ผู้สูงอายุที่ทำงาน,2560,สำนักงานสถิติแห่งชาติ,คน,42747
รวม,2774, ระนอง,ผู้สูงอายุที่ทำงาน,2560,สำนักงานสถิติแห่งชาติ,คน,8092
รวม,2775, ชุมพร,ผู้สูงอายุที่ทำงาน,2560,สำนักงานสถิติแห่งชาติ,คน,23910
รวม,2776,สงขลา,ผู้สูงอายุที่ทำงาน,2560,สำนักงานสถิติแห่งชาติ,คน,79138
รวม,2777, สตูล,ผู้สูงอายุที่ทำงาน,2560,สำนักงานสถิติแห่งชาติ,คน,12597
รวม,2778, ตรัง,ผู้สูงอายุที่ทำงาน,2560,สำนักงานสถิติแห่งชาติ,คน,47455
รวม,2779, พัทลุง,ผู้สูงอายุที่ทำงาน,2560,สำนักงานสถิติแห่งชาติ,คน,49650
รวม,2780, ปัตตานี,ผู้สูงอายุที่ทำงาน,2560,สำนักงานสถิติแห่งชาติ,คน,39816
รวม,2781, ยะลา,ผู้สูงอายุที่ทำงาน,2560,สำนักงานสถิติแห่งชาติ,คน,24690
รวม,2782, นราธิวาส,ผู้สูงอายุที่ทำงาน,2560,สำนักงานสถิติแห่งชาติ,คน,32677
ชาย,2783,จำนวน,ผู้สูงอายุที่ทำงาน,2560,สำนักงานสถิติแห่งชาติ,คน,2365606
ชาย,2784, กรุงเทพมหานคร,ผู้สูงอายุที่ทำงาน,2560,สำนักงานสถิติแห่งชาติ,คน,139165
ชาย,2785,ภาคกลาง,ผู้สูงอายุที่ทำงาน,2560,สำนักงานสถิติแห่งชาติ,คน,516632
ชาย,2786, สมุทรปราการ,ผู้สูงอายุที่ทำงาน,2560,สำนักงานสถิติแห่งชาติ,คน,37065
ชาย,2787, นนทบุรี,ผู้สูงอายุที่ทำงาน,2560,สำนักงานสถิติแห่งชาติ,คน,23131
ชาย,2788, ปทุมธานี,ผู้สูงอายุที่ทำงาน,2560,สำนักงานสถิติแห่งชาติ,คน,18635
ชาย,2789, พระนครศรีอยุธยา,ผู้สูงอายุที่ทำงาน,2560,สำนักงานสถิติแห่งชาติ,คน,17939
ชาย,2790, อ่างทอง,ผู้สูงอายุที่ทำงาน,2560,สำนักงานสถิติแห่งชาติ,คน,11039
ชาย,2791, ลพบุรี,ผู้สูงอายุที่ทำงาน,2560,สำนักงานสถิติแห่งชาติ,คน,28977
ชาย,2792, สิงห์บุรี,ผู้สูงอายุที่ทำงาน,2560,สำนักงานสถิติแห่งชาติ,คน,9403
ชาย,2793, ชัยนาท,ผู้สูงอายุที่ทำงาน,2560,สำนักงานสถิติแห่งชาติ,คน,16166
ชาย,2794,สระบุรี,ผู้สูงอายุที่ทำงาน,2560,สำนักงานสถิติแห่งชาติ,คน,17929
ชาย,2795,ชลบุรี,ผู้สูงอายุที่ทำงาน,2560,สำนักงานสถิติแห่งชาติ,คน,25407
ชาย,2796, ระยอง,ผู้สูงอายุที่ทำงาน,2560,สำนักงานสถิติแห่งชาติ,คน,20896
ชาย,2797,จันทบุรี,ผู้สูงอายุที่ทำงาน,2560,สำนักงานสถิติแห่งชาติ,คน,22947
ชาย,2798, ตราด,ผู้สูงอายุที่ทำงาน,2560,สำนักงานสถิติแห่งชาติ,คน,11036
ชาย,2799,ฉะเชิงเทรา,ผู้สูงอายุที่ทำงาน,2560,สำนักงานสถิติแห่งชาติ,คน,18675
ชาย,2800, ปราจีนบุรี,ผู้สูงอายุที่ทำงาน,2560,สำนักงานสถิติแห่งชาติ,คน,20147
ชาย,2801, นครนายก,ผู้สูงอายุที่ทำงาน,2560,สำนักงานสถิติแห่งชาติ,คน,9501
ชาย,2802,สระแก้ว,ผู้สูงอายุที่ทำงาน,2560,สำนักงานสถิติแห่งชาติ,คน,18409
ชาย,2803, ราชบุรี,ผู้สูงอายุที่ทำงาน,2560,สำนักงานสถิติแห่งชาติ,คน,33964
ชาย,2804, กาญจนบุรี,ผู้สูงอายุที่ทำงาน,2560,สำนักงานสถิติแห่งชาติ,คน,32661
ชาย,2805, สุพรรณบุรี,ผู้สูงอายุที่ทำงาน,2560,สำนักงานสถิติแห่งชาติ,คน,41604
ชาย,2806, นครปฐม,ผู้สูงอายุที่ทำงาน,2560,สำนักงานสถิติแห่งชาติ,คน,24553
ชาย,2807, สมุทรสาคร,ผู้สูงอายุที่ทำงาน,2560,สำนักงานสถิติแห่งชาติ,คน,13811
ชาย,2808, สมุทรสงคราม,ผู้สูงอายุที่ทำงาน,2560,สำนักงานสถิติแห่งชาติ,คน,7950
ชาย,2809, เพชรบุรี,ผู้สูงอายุที่ทำงาน,2560,สำนักงานสถิติแห่งชาติ,คน,19397
ชาย,2810, ประจวบคีรีขันธ์,ผู้สูงอายุที่ทำงาน,2560,สำนักงานสถิติแห่งชาติ,คน,15391
ชาย,2811,ภาคเหนือ,ผู้สูงอายุที่ทำงาน,2560,สำนักงานสถิติแห่งชาติ,คน,543530
ชาย,2812, เชียงใหม่,ผู้สูงอายุที่ทำงาน,2560,สำนักงานสถิติแห่งชาติ,คน,70350
ชาย,2813, ลำพูน,ผู้สูงอายุที่ทำงาน,2560,สำนักงานสถิติแห่งชาติ,คน,21991
ชาย,2814, ลำปาง,ผู้สูงอายุที่ทำงาน,2560,สำนักงานสถิติแห่งชาติ,คน,42569
ชาย,2815, อุตรดิตถ์,ผู้สูงอายุที่ทำงาน,2560,สำนักงานสถิติแห่งชาติ,คน,22665
ชาย,2816, แพร่,ผู้สูงอายุที่ทำงาน,2560,สำนักงานสถิติแห่งชาติ,คน,24156
ชาย,2817, น่าน,ผู้สูงอายุที่ทำงาน,2560,สำนักงานสถิติแห่งชาติ,คน,24957
ชาย,2818, พะเยา,ผู้สูงอายุที่ทำงาน,2560,สำนักงานสถิติแห่งชาติ,คน,23135
ชาย,2819, เชียงราย,ผู้สูงอายุที่ทำงาน,2560,สำนักงานสถิติแห่งชาติ,คน,51791
ชาย,2820, แม่ฮ่องสอน,ผู้สูงอายุที่ทำงาน,2560,สำนักงานสถิติแห่งชาติ,คน,6988
ชาย,2821, นครสวรรค์,ผู้สูงอายุที่ทำงาน,2560,สำนักงานสถิติแห่งชาติ,คน,41914
ชาย,2822, อุทัยธานี,ผู้สูงอายุที่ทำงาน,2560,สำนักงานสถิติแห่งชาติ,คน,17652
ชาย,2823, กำแพงเพชร,ผู้สูงอายุที่ทำงาน,2560,สำนักงานสถิติแห่งชาติ,คน,35001
ชาย,2824, ตาก,ผู้สูงอายุที่ทำงาน,2560,สำนักงานสถิติแห่งชาติ,คน,14848
ชาย,2825, สุโขทัย,ผู้สูงอายุที่ทำงาน,2560,สำนักงานสถิติแห่งชาติ,คน,28091
ชาย,2826, พิษณุโลก,ผู้สูงอายุที่ทำงาน,2560,สำนักงานสถิติแห่งชาติ,คน,44478
ชาย,2827, พิจิตร,ผู้สูงอายุที่ทำงาน,2560,สำนักงานสถิติแห่งชาติ,คน,27846
ชาย,2828, เพชรบูรณ์,ผู้สูงอายุที่ทำงาน,2560,สำนักงานสถิติแห่งชาติ,คน,45098
ชาย,2829,ภาคตะวันออกเฉียงเหนือ,ผู้สูงอายุที่ทำงาน,2560,สำนักงานสถิติแห่งชาติ,คน,864095
ชาย,2830,นครราชสีมา,ผู้สูงอายุที่ทำงาน,2560,สำนักงานสถิติแห่งชาติ,คน,116811
ชาย,2831, บุรีรัมย์,ผู้สูงอายุที่ทำงาน,2560,สำนักงานสถิติแห่งชาติ,คน,78616
ชาย,2832, สุรินทร์,ผู้สูงอายุที่ทำงาน,2560,สำนักงานสถิติแห่งชาติ,คน,64475
ชาย,2833, ศรีสะเกษ,ผู้สูงอายุที่ทำงาน,2560,สำนักงานสถิติแห่งชาติ,คน,62899
ชาย,2834, อุบลราชธานี,ผู้สูงอายุที่ทำงาน,2560,สำนักงานสถิติแห่งชาติ,คน,73511
ชาย,2835,ยโสธร,ผู้สูงอายุที่ทำงาน,2560,สำนักงานสถิติแห่งชาติ,คน,32073
ชาย,2836,ชัยภูมิ,ผู้สูงอายุที่ทำงาน,2560,สำนักงานสถิติแห่งชาติ,คน,47560
ชาย,2837, อำนาจเจริญ,ผู้สูงอายุที่ทำงาน,2560,สำนักงานสถิติแห่งชาติ,คน,12567
ชาย,2838, บึงกาฬ,ผู้สูงอายุที่ทำงาน,2560,สำนักงานสถิติแห่งชาติ,คน,7663
ชาย,2839, หนองบัวลำภู,ผู้สูงอายุที่ทำงาน,2560,สำนักงานสถิติแห่งชาติ,คน,17241
ชาย,2840, ขอนแก่น,ผู้สูงอายุที่ทำงาน,2560,สำนักงานสถิติแห่งชาติ,คน,74342
ชาย,2841, อุดรธานี,ผู้สูงอายุที่ทำงาน,2560,สำนักงานสถิติแห่งชาติ,คน,39478
ชาย,2842,เลย,ผู้สูงอายุที่ทำงาน,2560,สำนักงานสถิติแห่งชาติ,คน,16062
ชาย,2843, หนองคาย,ผู้สูงอายุที่ทำงาน,2560,สำนักงานสถิติแห่งชาติ,คน,13288
ชาย,2844,มหาสารคาม,ผู้สูงอายุที่ทำงาน,2560,สำนักงานสถิติแห่งชาติ,คน,44744
ชาย,2845, ร้อยเอ็ด,ผู้สูงอายุที่ทำงาน,2560,สำนักงานสถิติแห่งชาติ,คน,63160
ชาย,2846, กาฬสินธุ์,ผู้สูงอายุที่ทำงาน,2560,สำนักงานสถิติแห่งชาติ,คน,32844
ชาย,2847, สกลนคร,ผู้สูงอายุที่ทำงาน,2560,สำนักงานสถิติแห่งชาติ,คน,31226
ชาย,2848, นครพนม,ผู้สูงอายุที่ทำงาน,2560,สำนักงานสถิติแห่งชาติ,คน,20664
ชาย,2849, มุกดาหาร,ผู้สูงอายุที่ทำงาน,2560,สำนักงานสถิติแห่งชาติ,คน,14869
ชาย,2850,ภาคใต้,ผู้สูงอายุที่ทำงาน,2560,สำนักงานสถิติแห่งชาติ,คน,302183
ชาย,2851, นครศรีธรรมราช,ผู้สูงอายุที่ทำงาน,2560,สำนักงานสถิติแห่งชาติ,คน,73001
ชาย,2852, กระบี่,ผู้สูงอายุที่ทำงาน,2560,สำนักงานสถิติแห่งชาติ,คน,11496
ชาย,2853, พังงา,ผู้สูงอายุที่ทำงาน,2560,สำนักงานสถิติแห่งชาติ,คน,7613
ชาย,2854,ภูเก็ต,ผู้สูงอายุที่ทำงาน,2560,สำนักงานสถิติแห่งชาติ,คน,9132
ชาย,2855,สุราษฎร์ธานี,ผู้สูงอายุที่ทำงาน,2560,สำนักงานสถิติแห่งชาติ,คน,25223
ชาย,2856, ระนอง,ผู้สูงอายุที่ทำงาน,2560,สำนักงานสถิติแห่งชาติ,คน,5247
ชาย,2857, ชุมพร,ผู้สูงอายุที่ทำงาน,2560,สำนักงานสถิติแห่งชาติ,คน,15999
ชาย,2858,สงขลา,ผู้สูงอายุที่ทำงาน,2560,สำนักงานสถิติแห่งชาติ,คน,41157
ชาย,2859, สตูล,ผู้สูงอายุที่ทำงาน,2560,สำนักงานสถิติแห่งชาติ,คน,7817
ชาย,2860, ตรัง,ผู้สูงอายุที่ทำงาน,2560,สำนักงานสถิติแห่งชาติ,คน,23807
ชาย,2861, พัทลุง,ผู้สูงอายุที่ทำงาน,2560,สำนักงานสถิติแห่งชาติ,คน,26197
ชาย,2862, ปัตตานี,ผู้สูงอายุที่ทำงาน,2560,สำนักงานสถิติแห่งชาติ,คน,22192
ชาย,2863, ยะลา,ผู้สูงอายุที่ทำงาน,2560,สำนักงานสถิติแห่งชาติ,คน,14598
ชาย,2864, นราธิวาส,ผู้สูงอายุที่ทำงาน,2560,สำนักงานสถิติแห่งชาติ,คน,18703
หญิง,2865,จำนวน,ผู้สูงอายุที่ทำงาน,2560,สำนักงานสถิติแห่งชาติ,คน,1697471
หญิง,2866, กรุงเทพมหานคร,ผู้สูงอายุที่ทำงาน,2560,สำนักงานสถิติแห่งชาติ,คน,111156
หญิง,2867,ภาคกลาง,ผู้สูงอายุที่ทำงาน,2560,สำนักงานสถิติแห่งชาติ,คน,391600
หญิง,2868, สมุทรปราการ,ผู้สูงอายุที่ทำงาน,2560,สำนักงานสถิติแห่งชาติ,คน,24327
หญิง,2869, นนทบุรี,ผู้สูงอายุที่ทำงาน,2560,สำนักงานสถิติแห่งชาติ,คน,17830
หญิง,2870, ปทุมธานี,ผู้สูงอายุที่ทำงาน,2560,สำนักงานสถิติแห่งชาติ,คน,16168
หญิง,2871, พระนครศรีอยุธยา,ผู้สูงอายุที่ทำงาน,2560,สำนักงานสถิติแห่งชาติ,คน,15676
หญิง,2872, อ่างทอง,ผู้สูงอายุที่ทำงาน,2560,สำนักงานสถิติแห่งชาติ,คน,11292
หญิง,2873, ลพบุรี,ผู้สูงอายุที่ทำงาน,2560,สำนักงานสถิติแห่งชาติ,คน,18944
หญิง,2874, สิงห์บุรี,ผู้สูงอายุที่ทำงาน,2560,สำนักงานสถิติแห่งชาติ,คน,6883
หญิง,2875, ชัยนาท,ผู้สูงอายุที่ทำงาน,2560,สำนักงานสถิติแห่งชาติ,คน,14997
หญิง,2876,สระบุรี,ผู้สูงอายุที่ทำงาน,2560,สำนักงานสถิติแห่งชาติ,คน,11817
หญิง,2877,ชลบุรี,ผู้สูงอายุที่ทำงาน,2560,สำนักงานสถิติแห่งชาติ,คน,17802
หญิง,2878, ระยอง,ผู้สูงอายุที่ทำงาน,2560,สำนักงานสถิติแห่งชาติ,คน,13606
หญิง,2879,จันทบุรี,ผู้สูงอายุที่ทำงาน,2560,สำนักงานสถิติแห่งชาติ,คน,18071
หญิง,2880, ตราด,ผู้สูงอายุที่ทำงาน,2560,สำนักงานสถิติแห่งชาติ,คน,7244
หญิง,2881,ฉะเชิงเทรา,ผู้สูงอายุที่ทำงาน,2560,สำนักงานสถิติแห่งชาติ,คน,13324
หญิง,2882, ปราจีนบุรี,ผู้สูงอายุที่ทำงาน,2560,สำนักงานสถิติแห่งชาติ,คน,16051
หญิง,2883, นครนายก,ผู้สูงอายุที่ทำงาน,2560,สำนักงานสถิติแห่งชาติ,คน,6476
หญิง,2884,สระแก้ว,ผู้สูงอายุที่ทำงาน,2560,สำนักงานสถิติแห่งชาติ,คน,10237
หญิง,2885, ราชบุรี,ผู้สูงอายุที่ทำงาน,2560,สำนักงานสถิติแห่งชาติ,คน,29155
หญิง,2886, กาญจนบุรี,ผู้สูงอายุที่ทำงาน,2560,สำนักงานสถิติแห่งชาติ,คน,21238
หญิง,2887, สุพรรณบุรี,ผู้สูงอายุที่ทำงาน,2560,สำนักงานสถิติแห่งชาติ,คน,29825
หญิง,2888, นครปฐม,ผู้สูงอายุที่ทำงาน,2560,สำนักงานสถิติแห่งชาติ,คน,21720
หญิง,2889, สมุทรสาคร,ผู้สูงอายุที่ทำงาน,2560,สำนักงานสถิติแห่งชาติ,คน,9280
หญิง,2890, สมุทรสงคราม,ผู้สูงอายุที่ทำงาน,2560,สำนักงานสถิติแห่งชาติ,คน,8601
หญิง,2891, เพชรบุรี,ผู้สูงอายุที่ทำงาน,2560,สำนักงานสถิติแห่งชาติ,คน,17613
หญิง,2892, ประจวบคีรีขันธ์,ผู้สูงอายุที่ทำงาน,2560,สำนักงานสถิติแห่งชาติ,คน,13422
หญิง,2893,ภาคเหนือ,ผู้สูงอายุที่ทำงาน,2560,สำนักงานสถิติแห่งชาติ,คน,376489
หญิง,2894, เชียงใหม่,ผู้สูงอายุที่ทำงาน,2560,สำนักงานสถิติแห่งชาติ,คน,46848
หญิง,2895, ลำพูน,ผู้สูงอายุที่ทำงาน,2560,สำนักงานสถิติแห่งชาติ,คน,16345
หญิง,2896, ลำปาง,ผู้สูงอายุที่ทำงาน,2560,สำนักงานสถิติแห่งชาติ,คน,25650
หญิง,2897, อุตรดิตถ์,ผู้สูงอายุที่ทำงาน,2560,สำนักงานสถิติแห่งชาติ,คน,12073
หญิง,2898, แพร่,ผู้สูงอายุที่ทำงาน,2560,สำนักงานสถิติแห่งชาติ,คน,18174
หญิง,2899, น่าน,ผู้สูงอายุที่ทำงาน,2560,สำนักงานสถิติแห่งชาติ,คน,12714
หญิง,2900, พะเยา,ผู้สูงอายุที่ทำงาน,2560,สำนักงานสถิติแห่งชาติ,คน,14895
หญิง,2901, เชียงราย,ผู้สูงอายุที่ทำงาน,2560,สำนักงานสถิติแห่งชาติ,คน,28754
หญิง,2902, แม่ฮ่องสอน,ผู้สูงอายุที่ทำงาน,2560,สำนักงานสถิติแห่งชาติ,คน,4452
หญิง,2903, นครสวรรค์,ผู้สูงอายุที่ทำงาน,2560,สำนักงานสถิติแห่งชาติ,คน,34604
หญิง,2904, อุทัยธานี,ผู้สูงอายุที่ทำงาน,2560,สำนักงานสถิติแห่งชาติ,คน,13087
หญิง,2905, กำแพงเพชร,ผู้สูงอายุที่ทำงาน,2560,สำนักงานสถิติแห่งชาติ,คน,26099
หญิง,2906, ตาก,ผู้สูงอายุที่ทำงาน,2560,สำนักงานสถิติแห่งชาติ,คน,11131
หญิง,2907, สุโขทัย,ผู้สูงอายุที่ทำงาน,2560,สำนักงานสถิติแห่งชาติ,คน,27460
หญิง,2908, พิษณุโลก,ผู้สูงอายุที่ทำงาน,2560,สำนักงานสถิติแห่งชาติ,คน,34948
หญิง,2909, พิจิตร,ผู้สูงอายุที่ทำงาน,2560,สำนักงานสถิติแห่งชาติ,คน,21247
หญิง,2910, เพชรบูรณ์,ผู้สูงอายุที่ทำงาน,2560,สำนักงานสถิติแห่งชาติ,คน,28008
หญิง,2911,ภาคตะวันออกเฉียงเหนือ,ผู้สูงอายุที่ทำงาน,2560,สำนักงานสถิติแห่งชาติ,คน,589689
หญิง,2912,นครราชสีมา,ผู้สูงอายุที่ทำงาน,2560,สำนักงานสถิติแห่งชาติ,คน,75798
หญิง,2913, บุรีรัมย์,ผู้สูงอายุที่ทำงาน,2560,สำนักงานสถิติแห่งชาติ,คน,62586
หญิง,2914, สุรินทร์,ผู้สูงอายุที่ทำงาน,2560,สำนักงานสถิติแห่งชาติ,คน,49130
หญิง,2915, ศรีสะเกษ,ผู้สูงอายุที่ทำงาน,2560,สำนักงานสถิติแห่งชาติ,คน,50012
หญิง,2916, อุบลราชธานี,ผู้สูงอายุที่ทำงาน,2560,สำนักงานสถิติแห่งชาติ,คน,44351
หญิง,2917,ยโสธร,ผู้สูงอายุที่ทำงาน,2560,สำนักงานสถิติแห่งชาติ,คน,28607
หญิง,2918,ชัยภูมิ,ผู้สูงอายุที่ทำงาน,2560,สำนักงานสถิติแห่งชาติ,คน,27005
หญิง,2919, อำนาจเจริญ,ผู้สูงอายุที่ทำงาน,2560,สำนักงานสถิติแห่งชาติ,คน,9858
หญิง,2920, บึงกาฬ,ผู้สูงอายุที่ทำงาน,2560,สำนักงานสถิติแห่งชาติ,คน,3301
หญิง,2921, หนองบัวลำภู,ผู้สูงอายุที่ทำงาน,2560,สำนักงานสถิติแห่งชาติ,คน,8808
หญิง,2922, ขอนแก่น,ผู้สูงอายุที่ทำงาน,2560,สำนักงานสถิติแห่งชาติ,คน,52967
หญิง,2923, อุดรธานี,ผู้สูงอายุที่ทำงาน,2560,สำนักงานสถิติแห่งชาติ,คน,27347
หญิง,2924,เลย,ผู้สูงอายุที่ทำงาน,2560,สำนักงานสถิติแห่งชาติ,คน,9120
หญิง,2925, หนองคาย,ผู้สูงอายุที่ทำงาน,2560,สำนักงานสถิติแห่งชาติ,คน,8186
หญิง,2926,มหาสารคาม,ผู้สูงอายุที่ทำงาน,2560,สำนักงานสถิติแห่งชาติ,คน,32248
หญิง,2927, ร้อยเอ็ด,ผู้สูงอายุที่ทำงาน,2560,สำนักงานสถิติแห่งชาติ,คน,45124
หญิง,2928, กาฬสินธุ์,ผู้สูงอายุที่ทำงาน,2560,สำนักงานสถิติแห่งชาติ,คน,17756
หญิง,2929, สกลนคร,ผู้สูงอายุที่ทำงาน,2560,สำนักงานสถิติแห่งชาติ,คน,14887
หญิง,2930, นครพนม,ผู้สูงอายุที่ทำงาน,2560,สำนักงานสถิติแห่งชาติ,คน,14586
หญิง,2931, มุกดาหาร,ผู้สูงอายุที่ทำงาน,2560,สำนักงานสถิติแห่งชาติ,คน,8014
หญิง,2932,ภาคใต้,ผู้สูงอายุที่ทำงาน,2560,สำนักงานสถิติแห่งชาติ,คน,228537
หญิง,2933, นครศรีธรรมราช,ผู้สูงอายุที่ทำงาน,2560,สำนักงานสถิติแห่งชาติ,คน,53477
หญิง,2934, กระบี่,ผู้สูงอายุที่ทำงาน,2560,สำนักงานสถิติแห่งชาติ,คน,5982
หญิง,2935, พังงา,ผู้สูงอายุที่ทำงาน,2560,สำนักงานสถิติแห่งชาติ,คน,5241
หญิง,2936,ภูเก็ต,ผู้สูงอายุที่ทำงาน,2560,สำนักงานสถิติแห่งชาติ,คน,4006
หญิง,2937,สุราษฎร์ธานี,ผู้สูงอายุที่ทำงาน,2560,สำนักงานสถิติแห่งชาติ,คน,17524
หญิง,2938, ระนอง,ผู้สูงอายุที่ทำงาน,2560,สำนักงานสถิติแห่งชาติ,คน,2845
หญิง,2939, ชุมพร,ผู้สูงอายุที่ทำงาน,2560,สำนักงานสถิติแห่งชาติ,คน,7911
หญิง,2940,สงขลา,ผู้สูงอายุที่ทำงาน,2560,สำนักงานสถิติแห่งชาติ,คน,37981
หญิง,2941, สตูล,ผู้สูงอายุที่ทำงาน,2560,สำนักงานสถิติแห่งชาติ,คน,4780
หญิง,2942, ตรัง,ผู้สูงอายุที่ทำงาน,2560,สำนักงานสถิติแห่งชาติ,คน,23647
หญิง,2943, พัทลุง,ผู้สูงอายุที่ทำงาน,2560,สำนักงานสถิติแห่งชาติ,คน,23453
หญิง,2944, ปัตตานี,ผู้สูงอายุที่ทำงาน,2560,สำนักงานสถิติแห่งชาติ,คน,17624
หญิง,2945, ยะลา,ผู้สูงอายุที่ทำงาน,2560,สำนักงานสถิติแห่งชาติ,คน,10092
หญิง,2946, นราธิวาส,ผู้สูงอายุที่ทำงาน,2560,สำนักงานสถิติแห่งชาติ,คน,13974
รวม,2947, กรุงเทพมหานคร,ผู้มีงานทำทั้งหมด,2561,สำนักงานสถิติแห่งชาติ,คน,5276977
รวม,2948,ภาคกลาง,ผู้มีงานทำทั้งหมด,2561,สำนักงานสถิติแห่งชาติ,คน,11686776
รวม,2949, สมุทรปราการ,ผู้มีงานทำทั้งหมด,2561,สำนักงานสถิติแห่งชาติ,คน,1332149
รวม,2950, นนทบุรี,ผู้มีงานทำทั้งหมด,2561,สำนักงานสถิติแห่งชาติ,คน,935976
รวม,2951, ปทุมธานี,ผู้มีงานทำทั้งหมด,2561,สำนักงานสถิติแห่งชาติ,คน,916335
รวม,2952, พระนครศรีอยุธยา,ผู้มีงานทำทั้งหมด,2561,สำนักงานสถิติแห่งชาติ,คน,486050
รวม,2953, อ่างทอง,ผู้มีงานทำทั้งหมด,2561,สำนักงานสถิติแห่งชาติ,คน,140568
รวม,2954, ลพบุรี,ผู้มีงานทำทั้งหมด,2561,สำนักงานสถิติแห่งชาติ,คน,434526
รวม,2955, สิงห์บุรี,ผู้มีงานทำทั้งหมด,2561,สำนักงานสถิติแห่งชาติ,คน,110164
รวม,2956, ชัยนาท,ผู้มีงานทำทั้งหมด,2561,สำนักงานสถิติแห่งชาติ,คน,170982
รวม,2957,สระบุรี,ผู้มีงานทำทั้งหมด,2561,สำนักงานสถิติแห่งชาติ,คน,393777
รวม,2958,ชลบุรี,ผู้มีงานทำทั้งหมด,2561,สำนักงานสถิติแห่งชาติ,คน,1046384
รวม,2959, ระยอง,ผู้มีงานทำทั้งหมด,2561,สำนักงานสถิติแห่งชาติ,คน,559958
รวม,2960,จันทบุรี,ผู้มีงานทำทั้งหมด,2561,สำนักงานสถิติแห่งชาติ,คน,352245
รวม,2961, ตราด,ผู้มีงานทำทั้งหมด,2561,สำนักงานสถิติแห่งชาติ,คน,172728
รวม,2962,ฉะเชิงเทรา,ผู้มีงานทำทั้งหมด,2561,สำนักงานสถิติแห่งชาติ,คน,429706
รวม,2963, ปราจีนบุรี,ผู้มีงานทำทั้งหมด,2561,สำนักงานสถิติแห่งชาติ,คน,356363
รวม,2964, นครนายก,ผู้มีงานทำทั้งหมด,2561,สำนักงานสถิติแห่งชาติ,คน,151567
รวม,2965,สระแก้ว,ผู้มีงานทำทั้งหมด,2561,สำนักงานสถิติแห่งชาติ,คน,294616
รวม,2966, ราชบุรี,ผู้มีงานทำทั้งหมด,2561,สำนักงานสถิติแห่งชาติ,คน,450619
รวม,2967, กาญจนบุรี,ผู้มีงานทำทั้งหมด,2561,สำนักงานสถิติแห่งชาติ,คน,462431
รวม,2968, สุพรรณบุรี,ผู้มีงานทำทั้งหมด,2561,สำนักงานสถิติแห่งชาติ,คน,483685
รวม,2969, นครปฐม,ผู้มีงานทำทั้งหมด,2561,สำนักงานสถิติแห่งชาติ,คน,646699
รวม,2970, สมุทรสาคร,ผู้มีงานทำทั้งหมด,2561,สำนักงานสถิติแห่งชาติ,คน,702200
รวม,2971, สมุทรสงคราม,ผู้มีงานทำทั้งหมด,2561,สำนักงานสถิติแห่งชาติ,คน,112809
รวม,2972, เพชรบุรี,ผู้มีงานทำทั้งหมด,2561,สำนักงานสถิติแห่งชาติ,คน,272533
รวม,2973, ประจวบคีรีขันธ์,ผู้มีงานทำทั้งหมด,2561,สำนักงานสถิติแห่งชาติ,คน,271703
รวม,2974,ภาคเหนือ,ผู้มีงานทำทั้งหมด,2561,สำนักงานสถิติแห่งชาติ,คน,6324477
รวม,2975, เชียงใหม่,ผู้มีงานทำทั้งหมด,2561,สำนักงานสถิติแห่งชาติ,คน,1040722
รวม,2976, ลำพูน,ผู้มีงานทำทั้งหมด,2561,สำนักงานสถิติแห่งชาติ,คน,255342
รวม,2977, ลำปาง,ผู้มีงานทำทั้งหมด,2561,สำนักงานสถิติแห่งชาติ,คน,406362
รวม,2978, อุตรดิตถ์,ผู้มีงานทำทั้งหมด,2561,สำนักงานสถิติแห่งชาติ,คน,225365
รวม,2979, แพร่,ผู้มีงานทำทั้งหมด,2561,สำนักงานสถิติแห่งชาติ,คน,244463
รวม,2980, น่าน,ผู้มีงานทำทั้งหมด,2561,สำนักงานสถิติแห่งชาติ,คน,247284
รวม,2981, พะเยา,ผู้มีงานทำทั้งหมด,2561,สำนักงานสถิติแห่งชาติ,คน,226017
รวม,2982, เชียงราย,ผู้มีงานทำทั้งหมด,2561,สำนักงานสถิติแห่งชาติ,คน,638595
รวม,2983, แม่ฮ่องสอน,ผู้มีงานทำทั้งหมด,2561,สำนักงานสถิติแห่งชาติ,คน,112258
รวม,2984, นครสวรรค์,ผู้มีงานทำทั้งหมด,2561,สำนักงานสถิติแห่งชาติ,คน,518089
รวม,2985, อุทัยธานี,ผู้มีงานทำทั้งหมด,2561,สำนักงานสถิติแห่งชาติ,คน,159781
รวม,2986, กำแพงเพชร,ผู้มีงานทำทั้งหมด,2561,สำนักงานสถิติแห่งชาติ,คน,414011
รวม,2987, ตาก,ผู้มีงานทำทั้งหมด,2561,สำนักงานสถิติแห่งชาติ,คน,257183
รวม,2988, สุโขทัย,ผู้มีงานทำทั้งหมด,2561,สำนักงานสถิติแห่งชาติ,คน,333742
รวม,2989, พิษณุโลก,ผู้มีงานทำทั้งหมด,2561,สำนักงานสถิติแห่งชาติ,คน,479804
รวม,2990, พิจิตร,ผู้มีงานทำทั้งหมด,2561,สำนักงานสถิติแห่งชาติ,คน,279333
รวม,2991, เพชรบูรณ์,ผู้มีงานทำทั้งหมด,2561,สำนักงานสถิติแห่งชาติ,คน,486126
รวม,2992,ภาคตะวันออกเฉียงเหนือ,ผู้มีงานทำทั้งหมด,2561,สำนักงานสถิติแห่งชาติ,คน,9970453
รวม,2993,นครราชสีมา,ผู้มีงานทำทั้งหมด,2561,สำนักงานสถิติแห่งชาติ,คน,1304253
รวม,2994, บุรีรัมย์,ผู้มีงานทำทั้งหมด,2561,สำนักงานสถิติแห่งชาติ,คน,702305
รวม,2995, สุรินทร์,ผู้มีงานทำทั้งหมด,2561,สำนักงานสถิติแห่งชาติ,คน,534272
รวม,2996, ศรีสะเกษ,ผู้มีงานทำทั้งหมด,2561,สำนักงานสถิติแห่งชาติ,คน,603512
รวม,2997, อุบลราชธานี,ผู้มีงานทำทั้งหมด,2561,สำนักงานสถิติแห่งชาติ,คน,915552
รวม,2998,ยโสธร,ผู้มีงานทำทั้งหมด,2561,สำนักงานสถิติแห่งชาติ,คน,294165
รวม,2999,ชัยภูมิ,ผู้มีงานทำทั้งหมด,2561,สำนักงานสถิติแห่งชาติ,คน,492071
รวม,3000, อำนาจเจริญ,ผู้มีงานทำทั้งหมด,2561,สำนักงานสถิติแห่งชาติ,คน,152169
รวม,3001, บึงกาฬ,ผู้มีงานทำทั้งหมด,2561,สำนักงานสถิติแห่งชาติ,คน,172405
รวม,3002, หนองบัวลำภู,ผู้มีงานทำทั้งหมด,2561,สำนักงานสถิติแห่งชาติ,คน,226318
รวม,3003, ขอนแก่น,ผู้มีงานทำทั้งหมด,2561,สำนักงานสถิติแห่งชาติ,คน,986008
รวม,3004, อุดรธานี,ผู้มีงานทำทั้งหมด,2561,สำนักงานสถิติแห่งชาติ,คน,660800
รวม,3005,เลย,ผู้มีงานทำทั้งหมด,2561,สำนักงานสถิติแห่งชาติ,คน,303576
รวม,3006, หนองคาย,ผู้มีงานทำทั้งหมด,2561,สำนักงานสถิติแห่งชาติ,คน,212509
รวม,3007,มหาสารคาม,ผู้มีงานทำทั้งหมด,2561,สำนักงานสถิติแห่งชาติ,คน,473656
รวม,3008, ร้อยเอ็ด,ผู้มีงานทำทั้งหมด,2561,สำนักงานสถิติแห่งชาติ,คน,577446
รวม,3009, กาฬสินธุ์,ผู้มีงานทำทั้งหมด,2561,สำนักงานสถิติแห่งชาติ,คน,438729
รวม,3010, สกลนคร,ผู้มีงานทำทั้งหมด,2561,สำนักงานสถิติแห่งชาติ,คน,433315
รวม,3011, นครพนม,ผู้มีงานทำทั้งหมด,2561,สำนักงานสถิติแห่งชาติ,คน,280494
รวม,3012, มุกดาหาร,ผู้มีงานทำทั้งหมด,2561,สำนักงานสถิติแห่งชาติ,คน,206897
รวม,3013,ภาคใต้,ผู้มีงานทำทั้งหมด,2561,สำนักงานสถิติแห่งชาติ,คน,5145072
รวม,3014, นครศรีธรรมราช,ผู้มีงานทำทั้งหมด,2561,สำนักงานสถิติแห่งชาติ,คน,891341
รวม,3015, กระบี่,ผู้มีงานทำทั้งหมด,2561,สำนักงานสถิติแห่งชาติ,คน,218022
รวม,3016, พังงา,ผู้มีงานทำทั้งหมด,2561,สำนักงานสถิติแห่งชาติ,คน,143415
รวม,3017,ภูเก็ต,ผู้มีงานทำทั้งหมด,2561,สำนักงานสถิติแห่งชาติ,คน,317022
รวม,3018,สุราษฎร์ธานี,ผู้มีงานทำทั้งหมด,2561,สำนักงานสถิติแห่งชาติ,คน,582032
รวม,3019, ระนอง,ผู้มีงานทำทั้งหมด,2561,สำนักงานสถิติแห่งชาติ,คน,134823
รวม,3020, ชุมพร,ผู้มีงานทำทั้งหมด,2561,สำนักงานสถิติแห่งชาติ,คน,275037
รวม,3021,สงขลา,ผู้มีงานทำทั้งหมด,2561,สำนักงานสถิติแห่งชาติ,คน,884219
รวม,3022, สตูล,ผู้มีงานทำทั้งหมด,2561,สำนักงานสถิติแห่งชาติ,คน,149268
รวม,3023, ตรัง,ผู้มีงานทำทั้งหมด,2561,สำนักงานสถิติแห่งชาติ,คน,381938
รวม,3024, พัทลุง,ผู้มีงานทำทั้งหมด,2561,สำนักงานสถิติแห่งชาติ,คน,303367
รวม,3025, ปัตตานี,ผู้มีงานทำทั้งหมด,2561,สำนักงานสถิติแห่งชาติ,คน,311207
รวม,3026, ยะลา,ผู้มีงานทำทั้งหมด,2561,สำนักงานสถิติแห่งชาติ,คน,231612
รวม,3027, นราธิวาส,ผู้มีงานทำทั้งหมด,2561,สำนักงานสถิติแห่งชาติ,คน,321768
ชาย,3028,จำนวน,ผู้มีงานทำทั้งหมด,2561,สำนักงานสถิติแห่งชาติ,คน,20922673
ชาย,3029, กรุงเทพมหานคร,ผู้มีงานทำทั้งหมด,2561,สำนักงานสถิติแห่งชาติ,คน,2820630
ชาย,3030,ภาคกลาง,ผู้มีงานทำทั้งหมด,2561,สำนักงานสถิติแห่งชาติ,คน,6356755
ชาย,3031, สมุทรปราการ,ผู้มีงานทำทั้งหมด,2561,สำนักงานสถิติแห่งชาติ,คน,708276
ชาย,3032, นนทบุรี,ผู้มีงานทำทั้งหมด,2561,สำนักงานสถิติแห่งชาติ,คน,504309
ชาย,3033, ปทุมธานี,ผู้มีงานทำทั้งหมด,2561,สำนักงานสถิติแห่งชาติ,คน,490908
ชาย,3034, พระนครศรีอยุธยา,ผู้มีงานทำทั้งหมด,2561,สำนักงานสถิติแห่งชาติ,คน,265679
ชาย,3035, อ่างทอง,ผู้มีงานทำทั้งหมด,2561,สำนักงานสถิติแห่งชาติ,คน,73057
ชาย,3036, ลพบุรี,ผู้มีงานทำทั้งหมด,2561,สำนักงานสถิติแห่งชาติ,คน,235567
ชาย,3037, สิงห์บุรี,ผู้มีงานทำทั้งหมด,2561,สำนักงานสถิติแห่งชาติ,คน,58445
ชาย,3038, ชัยนาท,ผู้มีงานทำทั้งหมด,2561,สำนักงานสถิติแห่งชาติ,คน,91138
ชาย,3039,สระบุรี,ผู้มีงานทำทั้งหมด,2561,สำนักงานสถิติแห่งชาติ,คน,218311
ชาย,3040,ชลบุรี,ผู้มีงานทำทั้งหมด,2561,สำนักงานสถิติแห่งชาติ,คน,585729
ชาย,3041, ระยอง,ผู้มีงานทำทั้งหมด,2561,สำนักงานสถิติแห่งชาติ,คน,316804
ชาย,3042,จันทบุรี,ผู้มีงานทำทั้งหมด,2561,สำนักงานสถิติแห่งชาติ,คน,184221
ชาย,3043, ตราด,ผู้มีงานทำทั้งหมด,2561,สำนักงานสถิติแห่งชาติ,คน,98470
ชาย,3044,ฉะเชิงเทรา,ผู้มีงานทำทั้งหมด,2561,สำนักงานสถิติแห่งชาติ,คน,250150
ชาย,3045, ปราจีนบุรี,ผู้มีงานทำทั้งหมด,2561,สำนักงานสถิติแห่งชาติ,คน,193188
ชาย,3046, นครนายก,ผู้มีงานทำทั้งหมด,2561,สำนักงานสถิติแห่งชาติ,คน,84927
ชาย,3047,สระแก้ว,ผู้มีงานทำทั้งหมด,2561,สำนักงานสถิติแห่งชาติ,คน,169991
ชาย,3048, ราชบุรี,ผู้มีงานทำทั้งหมด,2561,สำนักงานสถิติแห่งชาติ,คน,243627
ชาย,3049, กาญจนบุรี,ผู้มีงานทำทั้งหมด,2561,สำนักงานสถิติแห่งชาติ,คน,256191
ชาย,3050, สุพรรณบุรี,ผู้มีงานทำทั้งหมด,2561,สำนักงานสถิติแห่งชาติ,คน,261985
ชาย,3051, นครปฐม,ผู้มีงานทำทั้งหมด,2561,สำนักงานสถิติแห่งชาติ,คน,344057
ชาย,3052, สมุทรสาคร,ผู้มีงานทำทั้งหมด,2561,สำนักงานสถิติแห่งชาติ,คน,361904
ชาย,3053, สมุทรสงคราม,ผู้มีงานทำทั้งหมด,2561,สำนักงานสถิติแห่งชาติ,คน,60840
ชาย,3054, เพชรบุรี,ผู้มีงานทำทั้งหมด,2561,สำนักงานสถิติแห่งชาติ,คน,145571
ชาย,3055, ประจวบคีรีขันธ์,ผู้มีงานทำทั้งหมด,2561,สำนักงานสถิติแห่งชาติ,คน,153408
ชาย,3056,ภาคเหนือ,ผู้มีงานทำทั้งหมด,2561,สำนักงานสถิติแห่งชาติ,คน,3439926
ชาย,3057, เชียงใหม่,ผู้มีงานทำทั้งหมด,2561,สำนักงานสถิติแห่งชาติ,คน,564446
ชาย,3058, ลำพูน,ผู้มีงานทำทั้งหมด,2561,สำนักงานสถิติแห่งชาติ,คน,132712
ชาย,3059, ลำปาง,ผู้มีงานทำทั้งหมด,2561,สำนักงานสถิติแห่งชาติ,คน,222136
ชาย,3060, อุตรดิตถ์,ผู้มีงานทำทั้งหมด,2561,สำนักงานสถิติแห่งชาติ,คน,125947
ชาย,3061, แพร่,ผู้มีงานทำทั้งหมด,2561,สำนักงานสถิติแห่งชาติ,คน,127718
ชาย,3062, น่าน,ผู้มีงานทำทั้งหมด,2561,สำนักงานสถิติแห่งชาติ,คน,138513
ชาย,3063, พะเยา,ผู้มีงานทำทั้งหมด,2561,สำนักงานสถิติแห่งชาติ,คน,122927
ชาย,3064, เชียงราย,ผู้มีงานทำทั้งหมด,2561,สำนักงานสถิติแห่งชาติ,คน,357835
ชาย,3065, แม่ฮ่องสอน,ผู้มีงานทำทั้งหมด,2561,สำนักงานสถิติแห่งชาติ,คน,62528
ชาย,3066, นครสวรรค์,ผู้มีงานทำทั้งหมด,2561,สำนักงานสถิติแห่งชาติ,คน,274649
ชาย,3067, อุทัยธานี,ผู้มีงานทำทั้งหมด,2561,สำนักงานสถิติแห่งชาติ,คน,85113
ชาย,3068, กำแพงเพชร,ผู้มีงานทำทั้งหมด,2561,สำนักงานสถิติแห่งชาติ,คน,226664
ชาย,3069, ตาก,ผู้มีงานทำทั้งหมด,2561,สำนักงานสถิติแห่งชาติ,คน,144299
ชาย,3070, สุโขทัย,ผู้มีงานทำทั้งหมด,2561,สำนักงานสถิติแห่งชาติ,คน,179562
ชาย,3071, พิษณุโลก,ผู้มีงานทำทั้งหมด,2561,สำนักงานสถิติแห่งชาติ,คน,251129
ชาย,3072, พิจิตร,ผู้มีงานทำทั้งหมด,2561,สำนักงานสถิติแห่งชาติ,คน,148592
ชาย,3073, เพชรบูรณ์,ผู้มีงานทำทั้งหมด,2561,สำนักงานสถิติแห่งชาติ,คน,275156
ชาย,3074,ภาคตะวันออกเฉียงเหนือ,ผู้มีงานทำทั้งหมด,2561,สำนักงานสถิติแห่งชาติ,คน,5424289
ชาย,3075,นครราชสีมา,ผู้มีงานทำทั้งหมด,2561,สำนักงานสถิติแห่งชาติ,คน,719334
ชาย,3076, บุรีรัมย์,ผู้มีงานทำทั้งหมด,2561,สำนักงานสถิติแห่งชาติ,คน,374399
ชาย,3077, สุรินทร์,ผู้มีงานทำทั้งหมด,2561,สำนักงานสถิติแห่งชาติ,คน,296304
ชาย,3078, ศรีสะเกษ,ผู้มีงานทำทั้งหมด,2561,สำนักงานสถิติแห่งชาติ,คน,308682
ชาย,3079, อุบลราชธานี,ผู้มีงานทำทั้งหมด,2561,สำนักงานสถิติแห่งชาติ,คน,505030
ชาย,3080,ยโสธร,ผู้มีงานทำทั้งหมด,2561,สำนักงานสถิติแห่งชาติ,คน,152566
ชาย,3081,ชัยภูมิ,ผู้มีงานทำทั้งหมด,2561,สำนักงานสถิติแห่งชาติ,คน,271691
ชาย,3082, อำนาจเจริญ,ผู้มีงานทำทั้งหมด,2561,สำนักงานสถิติแห่งชาติ,คน,82814
ชาย,3083, บึงกาฬ,ผู้มีงานทำทั้งหมด,2561,สำนักงานสถิติแห่งชาติ,คน,94831
ชาย,3084, หนองบัวลำภู,ผู้มีงานทำทั้งหมด,2561,สำนักงานสถิติแห่งชาติ,คน,127293
ชาย,3085, ขอนแก่น,ผู้มีงานทำทั้งหมด,2561,สำนักงานสถิติแห่งชาติ,คน,535647
ชาย,3086, อุดรธานี,ผู้มีงานทำทั้งหมด,2561,สำนักงานสถิติแห่งชาติ,คน,357625
ชาย,3087,เลย,ผู้มีงานทำทั้งหมด,2561,สำนักงานสถิติแห่งชาติ,คน,166673
ชาย,3088, หนองคาย,ผู้มีงานทำทั้งหมด,2561,สำนักงานสถิติแห่งชาติ,คน,114972
ชาย,3089,มหาสารคาม,ผู้มีงานทำทั้งหมด,2561,สำนักงานสถิติแห่งชาติ,คน,248009
ชาย,3090, ร้อยเอ็ด,ผู้มีงานทำทั้งหมด,2561,สำนักงานสถิติแห่งชาติ,คน,315649
ชาย,3091, กาฬสินธุ์,ผู้มีงานทำทั้งหมด,2561,สำนักงานสถิติแห่งชาติ,คน,240617
ชาย,3092, สกลนคร,ผู้มีงานทำทั้งหมด,2561,สำนักงานสถิติแห่งชาติ,คน,248824
ชาย,3093, นครพนม,ผู้มีงานทำทั้งหมด,2561,สำนักงานสถิติแห่งชาติ,คน,153530
ชาย,3094, มุกดาหาร,ผู้มีงานทำทั้งหมด,2561,สำนักงานสถิติแห่งชาติ,คน,109799
ชาย,3095,ภาคใต้,ผู้มีงานทำทั้งหมด,2561,สำนักงานสถิติแห่งชาติ,คน,2881073
ชาย,3096, นครศรีธรรมราช,ผู้มีงานทำทั้งหมด,2561,สำนักงานสถิติแห่งชาติ,คน,502735
ชาย,3097, กระบี่,ผู้มีงานทำทั้งหมด,2561,สำนักงานสถิติแห่งชาติ,คน,120692
ชาย,3098, พังงา,ผู้มีงานทำทั้งหมด,2561,สำนักงานสถิติแห่งชาติ,คน,86542
ชาย,3099,ภูเก็ต,ผู้มีงานทำทั้งหมด,2561,สำนักงานสถิติแห่งชาติ,คน,175477
ชาย,3100,สุราษฎร์ธานี,ผู้มีงานทำทั้งหมด,2561,สำนักงานสถิติแห่งชาติ,คน,334950
ชาย,3101, ระนอง,ผู้มีงานทำทั้งหมด,2561,สำนักงานสถิติแห่งชาติ,คน,84938
ชาย,3102, ชุมพร,ผู้มีงานทำทั้งหมด,2561,สำนักงานสถิติแห่งชาติ,คน,167732
ชาย,3103,สงขลา,ผู้มีงานทำทั้งหมด,2561,สำนักงานสถิติแห่งชาติ,คน,470183
ชาย,3104, สตูล,ผู้มีงานทำทั้งหมด,2561,สำนักงานสถิติแห่งชาติ,คน,86283
ชาย,3105, ตรัง,ผู้มีงานทำทั้งหมด,2561,สำนักงานสถิติแห่งชาติ,คน,205874
ชาย,3106, พัทลุง,ผู้มีงานทำทั้งหมด,2561,สำนักงานสถิติแห่งชาติ,คน,160496
ชาย,3107, ปัตตานี,ผู้มีงานทำทั้งหมด,2561,สำนักงานสถิติแห่งชาติ,คน,173266
ชาย,3108, ยะลา,ผู้มีงานทำทั้งหมด,2561,สำนักงานสถิติแห่งชาติ,คน,128082
ชาย,3109, นราธิวาส,ผู้มีงานทำทั้งหมด,2561,สำนักงานสถิติแห่งชาติ,คน,183823
หญิง,3110,จำนวน,ผู้มีงานทำทั้งหมด,2561,สำนักงานสถิติแห่งชาติ,คน,17481082
หญิง,3111, กรุงเทพมหานคร,ผู้มีงานทำทั้งหมด,2561,สำนักงานสถิติแห่งชาติ,คน,2456347
หญิง,3112,ภาคกลาง,ผู้มีงานทำทั้งหมด,2561,สำนักงานสถิติแห่งชาติ,คน,5330020
หญิง,3113, สมุทรปราการ,ผู้มีงานทำทั้งหมด,2561,สำนักงานสถิติแห่งชาติ,คน,623873
หญิง,3114, นนทบุรี,ผู้มีงานทำทั้งหมด,2561,สำนักงานสถิติแห่งชาติ,คน,431667
หญิง,3115, ปทุมธานี,ผู้มีงานทำทั้งหมด,2561,สำนักงานสถิติแห่งชาติ,คน,425427
หญิง,3116, พระนครศรีอยุธยา,ผู้มีงานทำทั้งหมด,2561,สำนักงานสถิติแห่งชาติ,คน,220371
หญิง,3117, อ่างทอง,ผู้มีงานทำทั้งหมด,2561,สำนักงานสถิติแห่งชาติ,คน,67511
หญิง,3118, ลพบุรี,ผู้มีงานทำทั้งหมด,2561,สำนักงานสถิติแห่งชาติ,คน,198959
หญิง,3119, สิงห์บุรี,ผู้มีงานทำทั้งหมด,2561,สำนักงานสถิติแห่งชาติ,คน,51719
หญิง,3120, ชัยนาท,ผู้มีงานทำทั้งหมด,2561,สำนักงานสถิติแห่งชาติ,คน,79844
หญิง,3121,สระบุรี,ผู้มีงานทำทั้งหมด,2561,สำนักงานสถิติแห่งชาติ,คน,175466
หญิง,3122,ชลบุรี,ผู้มีงานทำทั้งหมด,2561,สำนักงานสถิติแห่งชาติ,คน,460655
หญิง,3123, ระยอง,ผู้มีงานทำทั้งหมด,2561,สำนักงานสถิติแห่งชาติ,คน,243154
หญิง,3124,จันทบุรี,ผู้มีงานทำทั้งหมด,2561,สำนักงานสถิติแห่งชาติ,คน,168024
หญิง,3125, ตราด,ผู้มีงานทำทั้งหมด,2561,สำนักงานสถิติแห่งชาติ,คน,74258
หญิง,3126,ฉะเชิงเทรา,ผู้มีงานทำทั้งหมด,2561,สำนักงานสถิติแห่งชาติ,คน,179556
หญิง,3127, ปราจีนบุรี,ผู้มีงานทำทั้งหมด,2561,สำนักงานสถิติแห่งชาติ,คน,163175
หญิง,3128, นครนายก,ผู้มีงานทำทั้งหมด,2561,สำนักงานสถิติแห่งชาติ,คน,66640
หญิง,3129,สระแก้ว,ผู้มีงานทำทั้งหมด,2561,สำนักงานสถิติแห่งชาติ,คน,124625
หญิง,3130, ราชบุรี,ผู้มีงานทำทั้งหมด,2561,สำนักงานสถิติแห่งชาติ,คน,206992
หญิง,3131, กาญจนบุรี,ผู้มีงานทำทั้งหมด,2561,สำนักงานสถิติแห่งชาติ,คน,206240
หญิง,3132, สุพรรณบุรี,ผู้มีงานทำทั้งหมด,2561,สำนักงานสถิติแห่งชาติ,คน,221700
หญิง,3133, นครปฐม,ผู้มีงานทำทั้งหมด,2561,สำนักงานสถิติแห่งชาติ,คน,302642
หญิง,3134, สมุทรสาคร,ผู้มีงานทำทั้งหมด,2561,สำนักงานสถิติแห่งชาติ,คน,340296
หญิง,3135, สมุทรสงคราม,ผู้มีงานทำทั้งหมด,2561,สำนักงานสถิติแห่งชาติ,คน,51969
หญิง,3136, เพชรบุรี,ผู้มีงานทำทั้งหมด,2561,สำนักงานสถิติแห่งชาติ,คน,126962
หญิง,3137, ประจวบคีรีขันธ์,ผู้มีงานทำทั้งหมด,2561,สำนักงานสถิติแห่งชาติ,คน,118295
หญิง,3138,ภาคเหนือ,ผู้มีงานทำทั้งหมด,2561,สำนักงานสถิติแห่งชาติ,คน,2884551
หญิง,3139, เชียงใหม่,ผู้มีงานทำทั้งหมด,2561,สำนักงานสถิติแห่งชาติ,คน,476276
หญิง,3140, ลำพูน,ผู้มีงานทำทั้งหมด,2561,สำนักงานสถิติแห่งชาติ,คน,122629
หญิง,3141, ลำปาง,ผู้มีงานทำทั้งหมด,2561,สำนักงานสถิติแห่งชาติ,คน,184226
หญิง,3142, อุตรดิตถ์,ผู้มีงานทำทั้งหมด,2561,สำนักงานสถิติแห่งชาติ,คน,99418
หญิง,3143, แพร่,ผู้มีงานทำทั้งหมด,2561,สำนักงานสถิติแห่งชาติ,คน,116745
หญิง,3144, น่าน,ผู้มีงานทำทั้งหมด,2561,สำนักงานสถิติแห่งชาติ,คน,108772
หญิง,3145, พะเยา,ผู้มีงานทำทั้งหมด,2561,สำนักงานสถิติแห่งชาติ,คน,103090
หญิง,3146, เชียงราย,ผู้มีงานทำทั้งหมด,2561,สำนักงานสถิติแห่งชาติ,คน,280760
หญิง,3147, แม่ฮ่องสอน,ผู้มีงานทำทั้งหมด,2561,สำนักงานสถิติแห่งชาติ,คน,49730
หญิง,3148, นครสวรรค์,ผู้มีงานทำทั้งหมด,2561,สำนักงานสถิติแห่งชาติ,คน,243440
หญิง,3149, อุทัยธานี,ผู้มีงานทำทั้งหมด,2561,สำนักงานสถิติแห่งชาติ,คน,74667
หญิง,3150, กำแพงเพชร,ผู้มีงานทำทั้งหมด,2561,สำนักงานสถิติแห่งชาติ,คน,187347
หญิง,3151, ตาก,ผู้มีงานทำทั้งหมด,2561,สำนักงานสถิติแห่งชาติ,คน,112883
หญิง,3152, สุโขทัย,ผู้มีงานทำทั้งหมด,2561,สำนักงานสถิติแห่งชาติ,คน,154179
หญิง,3153, พิษณุโลก,ผู้มีงานทำทั้งหมด,2561,สำนักงานสถิติแห่งชาติ,คน,228675
หญิง,3154, พิจิตร,ผู้มีงานทำทั้งหมด,2561,สำนักงานสถิติแห่งชาติ,คน,130742
หญิง,3155, เพชรบูรณ์,ผู้มีงานทำทั้งหมด,2561,สำนักงานสถิติแห่งชาติ,คน,210970
หญิง,3156,ภาคตะวันออกเฉียงเหนือ,ผู้มีงานทำทั้งหมด,2561,สำนักงานสถิติแห่งชาติ,คน,4546165
หญิง,3157,นครราชสีมา,ผู้มีงานทำทั้งหมด,2561,สำนักงานสถิติแห่งชาติ,คน,584919
หญิง,3158, บุรีรัมย์,ผู้มีงานทำทั้งหมด,2561,สำนักงานสถิติแห่งชาติ,คน,327906
หญิง,3159, สุรินทร์,ผู้มีงานทำทั้งหมด,2561,สำนักงานสถิติแห่งชาติ,คน,237968
หญิง,3160, ศรีสะเกษ,ผู้มีงานทำทั้งหมด,2561,สำนักงานสถิติแห่งชาติ,คน,294830
หญิง,3161, อุบลราชธานี,ผู้มีงานทำทั้งหมด,2561,สำนักงานสถิติแห่งชาติ,คน,410522
หญิง,3162,ยโสธร,ผู้มีงานทำทั้งหมด,2561,สำนักงานสถิติแห่งชาติ,คน,141599
หญิง,3163,ชัยภูมิ,ผู้มีงานทำทั้งหมด,2561,สำนักงานสถิติแห่งชาติ,คน,220381
หญิง,3164, อำนาจเจริญ,ผู้มีงานทำทั้งหมด,2561,สำนักงานสถิติแห่งชาติ,คน,69355
หญิง,3165, บึงกาฬ,ผู้มีงานทำทั้งหมด,2561,สำนักงานสถิติแห่งชาติ,คน,77574
หญิง,3166, หนองบัวลำภู,ผู้มีงานทำทั้งหมด,2561,สำนักงานสถิติแห่งชาติ,คน,99025
หญิง,3167, ขอนแก่น,ผู้มีงานทำทั้งหมด,2561,สำนักงานสถิติแห่งชาติ,คน,450362
หญิง,3168, อุดรธานี,ผู้มีงานทำทั้งหมด,2561,สำนักงานสถิติแห่งชาติ,คน,303175
หญิง,3169,เลย,ผู้มีงานทำทั้งหมด,2561,สำนักงานสถิติแห่งชาติ,คน,136903
หญิง,3170, หนองคาย,ผู้มีงานทำทั้งหมด,2561,สำนักงานสถิติแห่งชาติ,คน,97537
หญิง,3171,มหาสารคาม,ผู้มีงานทำทั้งหมด,2561,สำนักงานสถิติแห่งชาติ,คน,225647
หญิง,3172, ร้อยเอ็ด,ผู้มีงานทำทั้งหมด,2561,สำนักงานสถิติแห่งชาติ,คน,261797
หญิง,3173, กาฬสินธุ์,ผู้มีงานทำทั้งหมด,2561,สำนักงานสถิติแห่งชาติ,คน,198112
หญิง,3174, สกลนคร,ผู้มีงานทำทั้งหมด,2561,สำนักงานสถิติแห่งชาติ,คน,184491
หญิง,3175, นครพนม,ผู้มีงานทำทั้งหมด,2561,สำนักงานสถิติแห่งชาติ,คน,126964
หญิง,3176, มุกดาหาร,ผู้มีงานทำทั้งหมด,2561,สำนักงานสถิติแห่งชาติ,คน,97099
หญิง,3177,ภาคใต้,ผู้มีงานทำทั้งหมด,2561,สำนักงานสถิติแห่งชาติ,คน,2264000
หญิง,3178, นครศรีธรรมราช,ผู้มีงานทำทั้งหมด,2561,สำนักงานสถิติแห่งชาติ,คน,388606
หญิง,3179, กระบี่,ผู้มีงานทำทั้งหมด,2561,สำนักงานสถิติแห่งชาติ,คน,97329
หญิง,3180, พังงา,ผู้มีงานทำทั้งหมด,2561,สำนักงานสถิติแห่งชาติ,คน,56873
หญิง,3181,ภูเก็ต,ผู้มีงานทำทั้งหมด,2561,สำนักงานสถิติแห่งชาติ,คน,141545
หญิง,3182,สุราษฎร์ธานี,ผู้มีงานทำทั้งหมด,2561,สำนักงานสถิติแห่งชาติ,คน,247082
หญิง,3183, ระนอง,ผู้มีงานทำทั้งหมด,2561,สำนักงานสถิติแห่งชาติ,คน,49885
หญิง,3184, ชุมพร,ผู้มีงานทำทั้งหมด,2561,สำนักงานสถิติแห่งชาติ,คน,107305
หญิง,3185,สงขลา,ผู้มีงานทำทั้งหมด,2561,สำนักงานสถิติแห่งชาติ,คน,414037
หญิง,3186, สตูล,ผู้มีงานทำทั้งหมด,2561,สำนักงานสถิติแห่งชาติ,คน,62985
หญิง,3187, ตรัง,ผู้มีงานทำทั้งหมด,2561,สำนักงานสถิติแห่งชาติ,คน,176065
หญิง,3188, พัทลุง,ผู้มีงานทำทั้งหมด,2561,สำนักงานสถิติแห่งชาติ,คน,142872
หญิง,3189, ปัตตานี,ผู้มีงานทำทั้งหมด,2561,สำนักงานสถิติแห่งชาติ,คน,137942
หญิง,3190, ยะลา,ผู้มีงานทำทั้งหมด,2561,สำนักงานสถิติแห่งชาติ,คน,103530
หญิง,3191, นราธิวาส,ผู้มีงานทำทั้งหมด,2561,สำนักงานสถิติแห่งชาติ,คน,137945
รวม,3192,จำนวน,ผู้มีงานทำทั้งหมด,2561,สำนักงานสถิติแห่งชาติ,คน,11803530
รวม,3193, กรุงเทพมหานคร,ผู้มีงานทำทั้งหมด,2561,สำนักงานสถิติแห่งชาติ,คน,1147354
รวม,3194,ภาคกลาง,ผู้มีงานทำทั้งหมด,2561,สำนักงานสถิติแห่งชาติ,คน,3051975
รวม,3195, สมุทรปราการ,ผู้มีงานทำทั้งหมด,2561,สำนักงานสถิติแห่งชาติ,คน,265116
รวม,3196, นนทบุรี,ผู้มีงานทำทั้งหมด,2561,สำนักงานสถิติแห่งชาติ,คน,250445
รวม,3197, ปทุมธานี,ผู้มีงานทำทั้งหมด,2561,สำนักงานสถิติแห่งชาติ,คน,181577
รวม,3198, พระนครศรีอยุธยา,ผู้มีงานทำทั้งหมด,2561,สำนักงานสถิติแห่งชาติ,คน,141248
รวม,3199, อ่างทอง,ผู้มีงานทำทั้งหมด,2561,สำนักงานสถิติแห่งชาติ,คน,59623
รวม,3200, ลพบุรี,ผู้มีงานทำทั้งหมด,2561,สำนักงานสถิติแห่งชาติ,คน,150206
รวม,3201, สิงห์บุรี,ผู้มีงานทำทั้งหมด,2561,สำนักงานสถิติแห่งชาติ,คน,49163
รวม,3202, ชัยนาท,ผู้มีงานทำทั้งหมด,2561,สำนักงานสถิติแห่งชาติ,คน,77215
รวม,3203,สระบุรี,ผู้มีงานทำทั้งหมด,2561,สำนักงานสถิติแห่งชาติ,คน,115957
รวม,3204,ชลบุรี,ผู้มีงานทำทั้งหมด,2561,สำนักงานสถิติแห่งชาติ,คน,191787
รวม,3205, ระยอง,ผู้มีงานทำทั้งหมด,2561,สำนักงานสถิติแห่งชาติ,คน,102040
รวม,3206,จันทบุรี,ผู้มีงานทำทั้งหมด,2561,สำนักงานสถิติแห่งชาติ,คน,90537
รวม,3207, ตราด,ผู้มีงานทำทั้งหมด,2561,สำนักงานสถิติแห่งชาติ,คน,42695
รวม,3208,ฉะเชิงเทรา,ผู้มีงานทำทั้งหมด,2561,สำนักงานสถิติแห่งชาติ,คน,133591
รวม,3209, ปราจีนบุรี,ผู้มีงานทำทั้งหมด,2561,สำนักงานสถิติแห่งชาติ,คน,104176
รวม,3210, นครนายก,ผู้มีงานทำทั้งหมด,2561,สำนักงานสถิติแห่งชาติ,คน,54559
รวม,3211,สระแก้ว,ผู้มีงานทำทั้งหมด,2561,สำนักงานสถิติแห่งชาติ,คน,98631
รวม,3212, ราชบุรี,ผู้มีงานทำทั้งหมด,2561,สำนักงานสถิติแห่งชาติ,คน,157327
รวม,3213, กาญจนบุรี,ผู้มีงานทำทั้งหมด,2561,สำนักงานสถิติแห่งชาติ,คน,130586
รวม,3214, สุพรรณบุรี,ผู้มีงานทำทั้งหมด,2561,สำนักงานสถิติแห่งชาติ,คน,194090
รวม,3215, นครปฐม,ผู้มีงานทำทั้งหมด,2561,สำนักงานสถิติแห่งชาติ,คน,167086
รวม,3216, สมุทรสาคร,ผู้มีงานทำทั้งหมด,2561,สำนักงานสถิติแห่งชาติ,คน,84490
รวม,3217, สมุทรสงคราม,ผู้มีงานทำทั้งหมด,2561,สำนักงานสถิติแห่งชาติ,คน,45428
รวม,3218, เพชรบุรี,ผู้มีงานทำทั้งหมด,2561,สำนักงานสถิติแห่งชาติ,คน,94643
รวม,3219, ประจวบคีรีขันธ์,ผู้มีงานทำทั้งหมด,2561,สำนักงานสถิติแห่งชาติ,คน,69759
รวม,3220,ภาคเหนือ,ผู้มีงานทำทั้งหมด,2561,สำนักงานสถิติแห่งชาติ,คน,2505973
รวม,3221, เชียงใหม่,ผู้มีงานทำทั้งหมด,2561,สำนักงานสถิติแห่งชาติ,คน,322353
รวม,3222, ลำพูน,ผู้มีงานทำทั้งหมด,2561,สำนักงานสถิติแห่งชาติ,คน,88480
รวม,3223, ลำปาง,ผู้มีงานทำทั้งหมด,2561,สำนักงานสถิติแห่งชาติ,คน,184468
รวม,3224, อุตรดิตถ์,ผู้มีงานทำทั้งหมด,2561,สำนักงานสถิติแห่งชาติ,คน,110007
รวม,3225, แพร่,ผู้มีงานทำทั้งหมด,2561,สำนักงานสถิติแห่งชาติ,คน,108897
รวม,3226, น่าน,ผู้มีงานทำทั้งหมด,2561,สำนักงานสถิติแห่งชาติ,คน,99620
รวม,3227, พะเยา,ผู้มีงานทำทั้งหมด,2561,สำนักงานสถิติแห่งชาติ,คน,94317
รวม,3228, เชียงราย,ผู้มีงานทำทั้งหมด,2561,สำนักงานสถิติแห่งชาติ,คน,235216
รวม,3229, แม่ฮ่องสอน,ผู้มีงานทำทั้งหมด,2561,สำนักงานสถิติแห่งชาติ,คน,31464
รวม,3230, นครสวรรค์,ผู้มีงานทำทั้งหมด,2561,สำนักงานสถิติแห่งชาติ,คน,231631
รวม,3231, อุทัยธานี,ผู้มีงานทำทั้งหมด,2561,สำนักงานสถิติแห่งชาติ,คน,74037
รวม,3232, กำแพงเพชร,ผู้มีงานทำทั้งหมด,2561,สำนักงานสถิติแห่งชาติ,คน,162202
รวม,3233, ตาก,ผู้มีงานทำทั้งหมด,2561,สำนักงานสถิติแห่งชาติ,คน,80395
รวม,3234, สุโขทัย,ผู้มีงานทำทั้งหมด,2561,สำนักงานสถิติแห่งชาติ,คน,150662
รวม,3235, พิษณุโลก,ผู้มีงานทำทั้งหมด,2561,สำนักงานสถิติแห่งชาติ,คน,192446
รวม,3236, พิจิตร,ผู้มีงานทำทั้งหมด,2561,สำนักงานสถิติแห่งชาติ,คน,136215
รวม,3237, เพชรบูรณ์,ผู้มีงานทำทั้งหมด,2561,สำนักงานสถิติแห่งชาติ,คน,203563
รวม,3238,ภาคตะวันออกเฉียงเหนือ,ผู้มีงานทำทั้งหมด,2561,สำนักงานสถิติแห่งชาติ,คน,3708360
รวม,3239,นครราชสีมา,ผู้มีงานทำทั้งหมด,2561,สำนักงานสถิติแห่งชาติ,คน,493844
รวม,3240, บุรีรัมย์,ผู้มีงานทำทั้งหมด,2561,สำนักงานสถิติแห่งชาติ,คน,265636
รวม,3241, สุรินทร์,ผู้มีงานทำทั้งหมด,2561,สำนักงานสถิติแห่งชาติ,คน,247926
รวม,3242, ศรีสะเกษ,ผู้มีงานทำทั้งหมด,2561,สำนักงานสถิติแห่งชาติ,คน,216809
รวม,3243, อุบลราชธานี,ผู้มีงานทำทั้งหมด,2561,สำนักงานสถิติแห่งชาติ,คน,318181
รวม,3244,ยโสธร,ผู้มีงานทำทั้งหมด,2561,สำนักงานสถิติแห่งชาติ,คน,106655
รวม,3245,ชัยภูมิ,ผู้มีงานทำทั้งหมด,2561,สำนักงานสถิติแห่งชาติ,คน,214301
รวม,3246, อำนาจเจริญ,ผู้มีงานทำทั้งหมด,2561,สำนักงานสถิติแห่งชาติ,คน,53852
รวม,3247, บึงกาฬ,ผู้มีงานทำทั้งหมด,2561,สำนักงานสถิติแห่งชาติ,คน,63321
รวม,3248, หนองบัวลำภู,ผู้มีงานทำทั้งหมด,2561,สำนักงานสถิติแห่งชาติ,คน,88276
รวม,3249, ขอนแก่น,ผู้มีงานทำทั้งหมด,2561,สำนักงานสถิติแห่งชาติ,คน,338571
รวม,3250, อุดรธานี,ผู้มีงานทำทั้งหมด,2561,สำนักงานสถิติแห่งชาติ,คน,220016
รวม,3251,เลย,ผู้มีงานทำทั้งหมด,2561,สำนักงานสถิติแห่งชาติ,คน,106574
รวม,3252, หนองคาย,ผู้มีงานทำทั้งหมด,2561,สำนักงานสถิติแห่งชาติ,คน,81976
รวม,3253,มหาสารคาม,ผู้มีงานทำทั้งหมด,2561,สำนักงานสถิติแห่งชาติ,คน,168641
รวม,3254, ร้อยเอ็ด,ผู้มีงานทำทั้งหมด,2561,สำนักงานสถิติแห่งชาติ,คน,238015
รวม,3255, กาฬสินธุ์,ผู้มีงานทำทั้งหมด,2561,สำนักงานสถิติแห่งชาติ,คน,161614
รวม,3256, สกลนคร,ผู้มีงานทำทั้งหมด,2561,สำนักงานสถิติแห่งชาติ,คน,158438
รวม,3257, นครพนม,ผู้มีงานทำทั้งหมด,2561,สำนักงานสถิติแห่งชาติ,คน,104616
รวม,3258, มุกดาหาร,ผู้มีงานทำทั้งหมด,2561,สำนักงานสถิติแห่งชาติ,คน,61098
รวม,3259,ภาคใต้,ผู้มีงานทำทั้งหมด,2561,สำนักงานสถิติแห่งชาติ,คน,1389868
รวม,3260, นครศรีธรรมราช,ผู้มีงานทำทั้งหมด,2561,สำนักงานสถิติแห่งชาติ,คน,297836
รวม,3261, กระบี่,ผู้มีงานทำทั้งหมด,2561,สำนักงานสถิติแห่งชาติ,คน,46033
รวม,3262, พังงา,ผู้มีงานทำทั้งหมด,2561,สำนักงานสถิติแห่งชาติ,คน,38202
รวม,3263,ภูเก็ต,ผู้มีงานทำทั้งหมด,2561,สำนักงานสถิติแห่งชาติ,คน,54521
รวม,3264,สุราษฎร์ธานี,ผู้มีงานทำทั้งหมด,2561,สำนักงานสถิติแห่งชาติ,คน,152186
รวม,3265, ระนอง,ผู้มีงานทำทั้งหมด,2561,สำนักงานสถิติแห่งชาติ,คน,27058
รวม,3266, ชุมพร,ผู้มีงานทำทั้งหมด,2561,สำนักงานสถิติแห่งชาติ,คน,78294
รวม,3267,สงขลา,ผู้มีงานทำทั้งหมด,2561,สำนักงานสถิติแห่งชาติ,คน,231315
รวม,3268, สตูล,ผู้มีงานทำทั้งหมด,2561,สำนักงานสถิติแห่งชาติ,คน,36872
รวม,3269, ตรัง,ผู้มีงานทำทั้งหมด,2561,สำนักงานสถิติแห่งชาติ,คน,97847
รวม,3270, พัทลุง,ผู้มีงานทำทั้งหมด,2561,สำนักงานสถิติแห่งชาติ,คน,101756
รวม,3271, ปัตตานี,ผู้มีงานทำทั้งหมด,2561,สำนักงานสถิติแห่งชาติ,คน,86670
รวม,3272, ยะลา,ผู้มีงานทำทั้งหมด,2561,สำนักงานสถิติแห่งชาติ,คน,54897
รวม,3273, นราธิวาส,ผู้มีงานทำทั้งหมด,2561,สำนักงานสถิติแห่งชาติ,คน,86381
ชาย,3274,จำนวน,ผู้สูงอายุทั้งหมด,2561,สำนักงานสถิติแห่งชาติ,คน,5298036
ชาย,3275, กรุงเทพมหานคร,ผู้สูงอายุทั้งหมด,2561,สำนักงานสถิติแห่งชาติ,คน,502237
ชาย,3276,ภาคกลาง,ผู้สูงอายุทั้งหมด,2561,สำนักงานสถิติแห่งชาติ,คน,1339905
ชาย,3277, สมุทรปราการ,ผู้สูงอายุทั้งหมด,2561,สำนักงานสถิติแห่งชาติ,คน,113951
ชาย,3278, นนทบุรี,ผู้สูงอายุทั้งหมด,2561,สำนักงานสถิติแห่งชาติ,คน,105765
ชาย,3279, ปทุมธานี,ผู้สูงอายุทั้งหมด,2561,สำนักงานสถิติแห่งชาติ,คน,81516
ชาย,3280, พระนครศรีอยุธยา,ผู้สูงอายุทั้งหมด,2561,สำนักงานสถิติแห่งชาติ,คน,59401
ชาย,3281, อ่างทอง,ผู้สูงอายุทั้งหมด,2561,สำนักงานสถิติแห่งชาติ,คน,24584
ชาย,3282, ลพบุรี,ผู้สูงอายุทั้งหมด,2561,สำนักงานสถิติแห่งชาติ,คน,66931
ชาย,3283, สิงห์บุรี,ผู้สูงอายุทั้งหมด,2561,สำนักงานสถิติแห่งชาติ,คน,20904
ชาย,3284, ชัยนาท,ผู้สูงอายุทั้งหมด,2561,สำนักงานสถิติแห่งชาติ,คน,33234
ชาย,3285,สระบุรี,ผู้สูงอายุทั้งหมด,2561,สำนักงานสถิติแห่งชาติ,คน,49919
ชาย,3286,ชลบุรี,ผู้สูงอายุทั้งหมด,2561,สำนักงานสถิติแห่งชาติ,คน,95492
ชาย,3287, ระยอง,ผู้สูงอายุทั้งหมด,2561,สำนักงานสถิติแห่งชาติ,คน,45549
ชาย,3288,จันทบุรี,ผู้สูงอายุทั้งหมด,2561,สำนักงานสถิติแห่งชาติ,คน,41209
ชาย,3289, ตราด,ผู้สูงอายุทั้งหมด,2561,สำนักงานสถิติแห่งชาติ,คน,20100
ชาย,3290,ฉะเชิงเทรา,ผู้สูงอายุทั้งหมด,2561,สำนักงานสถิติแห่งชาติ,คน,58722
ชาย,3291, ปราจีนบุรี,ผู้สูงอายุทั้งหมด,2561,สำนักงานสถิติแห่งชาติ,คน,44914
ชาย,3292, นครนายก,ผู้สูงอายุทั้งหมด,2561,สำนักงานสถิติแห่งชาติ,คน,23497
ชาย,3293,สระแก้ว,ผู้สูงอายุทั้งหมด,2561,สำนักงานสถิติแห่งชาติ,คน,44830
ชาย,3294, ราชบุรี,ผู้สูงอายุทั้งหมด,2561,สำนักงานสถิติแห่งชาติ,คน,67437
ชาย,3295, กาญจนบุรี,ผู้สูงอายุทั้งหมด,2561,สำนักงานสถิติแห่งชาติ,คน,59568
ชาย,3296, สุพรรณบุรี,ผู้สูงอายุทั้งหมด,2561,สำนักงานสถิติแห่งชาติ,คน,83825
ชาย,3297, นครปฐม,ผู้สูงอายุทั้งหมด,2561,สำนักงานสถิติแห่งชาติ,คน,70692
ชาย,3298, สมุทรสาคร,ผู้สูงอายุทั้งหมด,2561,สำนักงานสถิติแห่งชาติ,คน,36216
ชาย,3299, สมุทรสงคราม,ผู้สูงอายุทั้งหมด,2561,สำนักงานสถิติแห่งชาติ,คน,18822
ชาย,3300, เพชรบุรี,ผู้สูงอายุทั้งหมด,2561,สำนักงานสถิติแห่งชาติ,คน,41107
ชาย,3301, ประจวบคีรีขันธ์,ผู้สูงอายุทั้งหมด,2561,สำนักงานสถิติแห่งชาติ,คน,31720
ชาย,3302,ภาคเหนือ,ผู้สูงอายุทั้งหมด,2561,สำนักงานสถิติแห่งชาติ,คน,1148790
ชาย,3303, เชียงใหม่,ผู้สูงอายุทั้งหมด,2561,สำนักงานสถิติแห่งชาติ,คน,151145
ชาย,3304, ลำพูน,ผู้สูงอายุทั้งหมด,2561,สำนักงานสถิติแห่งชาติ,คน,41510
ชาย,3305, ลำปาง,ผู้สูงอายุทั้งหมด,2561,สำนักงานสถิติแห่งชาติ,คน,86764
ชาย,3306, อุตรดิตถ์,ผู้สูงอายุทั้งหมด,2561,สำนักงานสถิติแห่งชาติ,คน,49700
ชาย,3307, แพร่,ผู้สูงอายุทั้งหมด,2561,สำนักงานสถิติแห่งชาติ,คน,48787
ชาย,3308, น่าน,ผู้สูงอายุทั้งหมด,2561,สำนักงานสถิติแห่งชาติ,คน,47538
ชาย,3309, พะเยา,ผู้สูงอายุทั้งหมด,2561,สำนักงานสถิติแห่งชาติ,คน,45001
ชาย,3310, เชียงราย,ผู้สูงอายุทั้งหมด,2561,สำนักงานสถิติแห่งชาติ,คน,111335
ชาย,3311, แม่ฮ่องสอน,ผู้สูงอายุทั้งหมด,2561,สำนักงานสถิติแห่งชาติ,คน,15927
ชาย,3312, นครสวรรค์,ผู้สูงอายุทั้งหมด,2561,สำนักงานสถิติแห่งชาติ,คน,102813
ชาย,3313, อุทัยธานี,ผู้สูงอายุทั้งหมด,2561,สำนักงานสถิติแห่งชาติ,คน,33024
ชาย,3314, กำแพงเพชร,ผู้สูงอายุทั้งหมด,2561,สำนักงานสถิติแห่งชาติ,คน,73909
ชาย,3315, ตาก,ผู้สูงอายุทั้งหมด,2561,สำนักงานสถิติแห่งชาติ,คน,37363
ชาย,3316, สุโขทัย,ผู้สูงอายุทั้งหมด,2561,สำนักงานสถิติแห่งชาติ,คน,65011
ชาย,3317, พิษณุโลก,ผู้สูงอายุทั้งหมด,2561,สำนักงานสถิติแห่งชาติ,คน,85779
ชาย,3318, พิจิตร,ผู้สูงอายุทั้งหมด,2561,สำนักงานสถิติแห่งชาติ,คน,60142
ชาย,3319, เพชรบูรณ์,ผู้สูงอายุทั้งหมด,2561,สำนักงานสถิติแห่งชาติ,คน,93042
ชาย,3320,ภาคตะวันออกเฉียงเหนือ,ผู้สูงอายุทั้งหมด,2561,สำนักงานสถิติแห่งชาติ,คน,1687570
ชาย,3321,นครราชสีมา,ผู้สูงอายุทั้งหมด,2561,สำนักงานสถิติแห่งชาติ,คน,224796
ชาย,3322, บุรีรัมย์,ผู้สูงอายุทั้งหมด,2561,สำนักงานสถิติแห่งชาติ,คน,120914
ชาย,3323, สุรินทร์,ผู้สูงอายุทั้งหมด,2561,สำนักงานสถิติแห่งชาติ,คน,110952
ชาย,3324, ศรีสะเกษ,ผู้สูงอายุทั้งหมด,2561,สำนักงานสถิติแห่งชาติ,คน,96441
ชาย,3325, อุบลราชธานี,ผู้สูงอายุทั้งหมด,2561,สำนักงานสถิติแห่งชาติ,คน,147339
ชาย,3326,ยโสธร,ผู้สูงอายุทั้งหมด,2561,สำนักงานสถิติแห่งชาติ,คน,48074
ชาย,3327,ชัยภูมิ,ผู้สูงอายุทั้งหมด,2561,สำนักงานสถิติแห่งชาติ,คน,98103
ชาย,3328, อำนาจเจริญ,ผู้สูงอายุทั้งหมด,2561,สำนักงานสถิติแห่งชาติ,คน,24205
ชาย,3329, บึงกาฬ,ผู้สูงอายุทั้งหมด,2561,สำนักงานสถิติแห่งชาติ,คน,29924
ชาย,3330, หนองบัวลำภู,ผู้สูงอายุทั้งหมด,2561,สำนักงานสถิติแห่งชาติ,คน,40012
ชาย,3331, ขอนแก่น,ผู้สูงอายุทั้งหมด,2561,สำนักงานสถิติแห่งชาติ,คน,154484
ชาย,3332, อุดรธานี,ผู้สูงอายุทั้งหมด,2561,สำนักงานสถิติแห่งชาติ,คน,100785
ชาย,3333,เลย,ผู้สูงอายุทั้งหมด,2561,สำนักงานสถิติแห่งชาติ,คน,51853
ชาย,3334, หนองคาย,ผู้สูงอายุทั้งหมด,2561,สำนักงานสถิติแห่งชาติ,คน,37478
ชาย,3335,มหาสารคาม,ผู้สูงอายุทั้งหมด,2561,สำนักงานสถิติแห่งชาติ,คน,74980
ชาย,3336, ร้อยเอ็ด,ผู้สูงอายุทั้งหมด,2561,สำนักงานสถิติแห่งชาติ,คน,106655
ชาย,3337, กาฬสินธุ์,ผู้สูงอายุทั้งหมด,2561,สำนักงานสถิติแห่งชาติ,คน,73233
ชาย,3338, สกลนคร,ผู้สูงอายุทั้งหมด,2561,สำนักงานสถิติแห่งชาติ,คน,72155
ชาย,3339, นครพนม,ผู้สูงอายุทั้งหมด,2561,สำนักงานสถิติแห่งชาติ,คน,46656
ชาย,3340, มุกดาหาร,ผู้สูงอายุทั้งหมด,2561,สำนักงานสถิติแห่งชาติ,คน,28531
ชาย,3341,ภาคใต้,ผู้สูงอายุทั้งหมด,2561,สำนักงานสถิติแห่งชาติ,คน,619534
ชาย,3342, นครศรีธรรมราช,ผู้สูงอายุทั้งหมด,2561,สำนักงานสถิติแห่งชาติ,คน,130032
ชาย,3343, กระบี่,ผู้สูงอายุทั้งหมด,2561,สำนักงานสถิติแห่งชาติ,คน,21728
ชาย,3344, พังงา,ผู้สูงอายุทั้งหมด,2561,สำนักงานสถิติแห่งชาติ,คน,17938
ชาย,3345,ภูเก็ต,ผู้สูงอายุทั้งหมด,2561,สำนักงานสถิติแห่งชาติ,คน,26606
ชาย,3346,สุราษฎร์ธานี,ผู้สูงอายุทั้งหมด,2561,สำนักงานสถิติแห่งชาติ,คน,65816
ชาย,3347, ระนอง,ผู้สูงอายุทั้งหมด,2561,สำนักงานสถิติแห่งชาติ,คน,12678
ชาย,3348, ชุมพร,ผู้สูงอายุทั้งหมด,2561,สำนักงานสถิติแห่งชาติ,คน,35256
ชาย,3349,สงขลา,ผู้สูงอายุทั้งหมด,2561,สำนักงานสถิติแห่งชาติ,คน,102015
ชาย,3350, สตูล,ผู้สูงอายุทั้งหมด,2561,สำนักงานสถิติแห่งชาติ,คน,17413
ชาย,3351, ตรัง,ผู้สูงอายุทั้งหมด,2561,สำนักงานสถิติแห่งชาติ,คน,42743
ชาย,3352, พัทลุง,ผู้สูงอายุทั้งหมด,2561,สำนักงานสถิติแห่งชาติ,คน,44050
ชาย,3353, ปัตตานี,ผู้สูงอายุทั้งหมด,2561,สำนักงานสถิติแห่งชาติ,คน,37796
ชาย,3354, ยะลา,ผู้สูงอายุทั้งหมด,2561,สำนักงานสถิติแห่งชาติ,คน,25779
ชาย,3355, นราธิวาส,ผู้สูงอายุทั้งหมด,2561,สำนักงานสถิติแห่งชาติ,คน,39684
หญิง,3356,จำนวน,ผู้สูงอายุทั้งหมด,2561,สำนักงานสถิติแห่งชาติ,คน,6505494
หญิง,3357, กรุงเทพมหานคร,ผู้สูงอายุทั้งหมด,2561,สำนักงานสถิติแห่งชาติ,คน,645117
หญิง,3358,ภาคกลาง,ผู้สูงอายุทั้งหมด,2561,สำนักงานสถิติแห่งชาติ,คน,1712070
หญิง,3359, สมุทรปราการ,ผู้สูงอายุทั้งหมด,2561,สำนักงานสถิติแห่งชาติ,คน,151165
หญิง,3360, นนทบุรี,ผู้สูงอายุทั้งหมด,2561,สำนักงานสถิติแห่งชาติ,คน,144680
หญิง,3361, ปทุมธานี,ผู้สูงอายุทั้งหมด,2561,สำนักงานสถิติแห่งชาติ,คน,100061
หญิง,3362, พระนครศรีอยุธยา,ผู้สูงอายุทั้งหมด,2561,สำนักงานสถิติแห่งชาติ,คน,81847
หญิง,3363, อ่างทอง,ผู้สูงอายุทั้งหมด,2561,สำนักงานสถิติแห่งชาติ,คน,35039
หญิง,3364, ลพบุรี,ผู้สูงอายุทั้งหมด,2561,สำนักงานสถิติแห่งชาติ,คน,83275
หญิง,3365, สิงห์บุรี,ผู้สูงอายุทั้งหมด,2561,สำนักงานสถิติแห่งชาติ,คน,28259
หญิง,3366, ชัยนาท,ผู้สูงอายุทั้งหมด,2561,สำนักงานสถิติแห่งชาติ,คน,43981
หญิง,3367,สระบุรี,ผู้สูงอายุทั้งหมด,2561,สำนักงานสถิติแห่งชาติ,คน,66038
หญิง,3368,ชลบุรี,ผู้สูงอายุทั้งหมด,2561,สำนักงานสถิติแห่งชาติ,คน,96295
หญิง,3369, ระยอง,ผู้สูงอายุทั้งหมด,2561,สำนักงานสถิติแห่งชาติ,คน,56491
หญิง,3370,จันทบุรี,ผู้สูงอายุทั้งหมด,2561,สำนักงานสถิติแห่งชาติ,คน,49328
หญิง,3371, ตราด,ผู้สูงอายุทั้งหมด,2561,สำนักงานสถิติแห่งชาติ,คน,22595
หญิง,3372,ฉะเชิงเทรา,ผู้สูงอายุทั้งหมด,2561,สำนักงานสถิติแห่งชาติ,คน,74869
หญิง,3373, ปราจีนบุรี,ผู้สูงอายุทั้งหมด,2561,สำนักงานสถิติแห่งชาติ,คน,59262
หญิง,3374, นครนายก,ผู้สูงอายุทั้งหมด,2561,สำนักงานสถิติแห่งชาติ,คน,31062
หญิง,3375,สระแก้ว,ผู้สูงอายุทั้งหมด,2561,สำนักงานสถิติแห่งชาติ,คน,53801
หญิง,3376, ราชบุรี,ผู้สูงอายุทั้งหมด,2561,สำนักงานสถิติแห่งชาติ,คน,89890
หญิง,3377, กาญจนบุรี,ผู้สูงอายุทั้งหมด,2561,สำนักงานสถิติแห่งชาติ,คน,71018
หญิง,3378, สุพรรณบุรี,ผู้สูงอายุทั้งหมด,2561,สำนักงานสถิติแห่งชาติ,คน,110265
หญิง,3379, นครปฐม,ผู้สูงอายุทั้งหมด,2561,สำนักงานสถิติแห่งชาติ,คน,96394
หญิง,3380, สมุทรสาคร,ผู้สูงอายุทั้งหมด,2561,สำนักงานสถิติแห่งชาติ,คน,48274
หญิง,3381, สมุทรสงคราม,ผู้สูงอายุทั้งหมด,2561,สำนักงานสถิติแห่งชาติ,คน,26606
หญิง,3382, เพชรบุรี,ผู้สูงอายุทั้งหมด,2561,สำนักงานสถิติแห่งชาติ,คน,53536
หญิง,3383, ประจวบคีรีขันธ์,ผู้สูงอายุทั้งหมด,2561,สำนักงานสถิติแห่งชาติ,คน,38039
หญิง,3384,ภาคเหนือ,ผู้สูงอายุทั้งหมด,2561,สำนักงานสถิติแห่งชาติ,คน,1357183
หญิง,3385, เชียงใหม่,ผู้สูงอายุทั้งหมด,2561,สำนักงานสถิติแห่งชาติ,คน,171208
หญิง,3386, ลำพูน,ผู้สูงอายุทั้งหมด,2561,สำนักงานสถิติแห่งชาติ,คน,46970
หญิง,3387, ลำปาง,ผู้สูงอายุทั้งหมด,2561,สำนักงานสถิติแห่งชาติ,คน,97704
หญิง,3388, อุตรดิตถ์,ผู้สูงอายุทั้งหมด,2561,สำนักงานสถิติแห่งชาติ,คน,60307
หญิง,3389, แพร่,ผู้สูงอายุทั้งหมด,2561,สำนักงานสถิติแห่งชาติ,คน,60110
หญิง,3390, น่าน,ผู้สูงอายุทั้งหมด,2561,สำนักงานสถิติแห่งชาติ,คน,52082
หญิง,3391, พะเยา,ผู้สูงอายุทั้งหมด,2561,สำนักงานสถิติแห่งชาติ,คน,49316
หญิง,3392, เชียงราย,ผู้สูงอายุทั้งหมด,2561,สำนักงานสถิติแห่งชาติ,คน,123881
หญิง,3393, แม่ฮ่องสอน,ผู้สูงอายุทั้งหมด,2561,สำนักงานสถิติแห่งชาติ,คน,15537
หญิง,3394, นครสวรรค์,ผู้สูงอายุทั้งหมด,2561,สำนักงานสถิติแห่งชาติ,คน,128818
หญิง,3395, อุทัยธานี,ผู้สูงอายุทั้งหมด,2561,สำนักงานสถิติแห่งชาติ,คน,41013
หญิง,3396, กำแพงเพชร,ผู้สูงอายุทั้งหมด,2561,สำนักงานสถิติแห่งชาติ,คน,88293
หญิง,3397, ตาก,ผู้สูงอายุทั้งหมด,2561,สำนักงานสถิติแห่งชาติ,คน,43032
หญิง,3398, สุโขทัย,ผู้สูงอายุทั้งหมด,2561,สำนักงานสถิติแห่งชาติ,คน,85651
หญิง,3399, พิษณุโลก,ผู้สูงอายุทั้งหมด,2561,สำนักงานสถิติแห่งชาติ,คน,106667
หญิง,3400, พิจิตร,ผู้สูงอายุทั้งหมด,2561,สำนักงานสถิติแห่งชาติ,คน,76073
หญิง,3401, เพชรบูรณ์,ผู้สูงอายุทั้งหมด,2561,สำนักงานสถิติแห่งชาติ,คน,110521
หญิง,3402,ภาคตะวันออกเฉียงเหนือ,ผู้สูงอายุทั้งหมด,2561,สำนักงานสถิติแห่งชาติ,คน,2020790
หญิง,3403,นครราชสีมา,ผู้สูงอายุทั้งหมด,2561,สำนักงานสถิติแห่งชาติ,คน,269048
หญิง,3404, บุรีรัมย์,ผู้สูงอายุทั้งหมด,2561,สำนักงานสถิติแห่งชาติ,คน,144722
หญิง,3405, สุรินทร์,ผู้สูงอายุทั้งหมด,2561,สำนักงานสถิติแห่งชาติ,คน,136974
หญิง,3406, ศรีสะเกษ,ผู้สูงอายุทั้งหมด,2561,สำนักงานสถิติแห่งชาติ,คน,120368
หญิง,3407, อุบลราชธานี,ผู้สูงอายุทั้งหมด,2561,สำนักงานสถิติแห่งชาติ,คน,170842
หญิง,3408,ยโสธร,ผู้สูงอายุทั้งหมด,2561,สำนักงานสถิติแห่งชาติ,คน,58581
หญิง,3409,ชัยภูมิ,ผู้สูงอายุทั้งหมด,2561,สำนักงานสถิติแห่งชาติ,คน,116198
หญิง,3410, อำนาจเจริญ,ผู้สูงอายุทั้งหมด,2561,สำนักงานสถิติแห่งชาติ,คน,29647
หญิง,3411, บึงกาฬ,ผู้สูงอายุทั้งหมด,2561,สำนักงานสถิติแห่งชาติ,คน,33397
หญิง,3412, หนองบัวลำภู,ผู้สูงอายุทั้งหมด,2561,สำนักงานสถิติแห่งชาติ,คน,48264
หญิง,3413, ขอนแก่น,ผู้สูงอายุทั้งหมด,2561,สำนักงานสถิติแห่งชาติ,คน,184087
หญิง,3414, อุดรธานี,ผู้สูงอายุทั้งหมด,2561,สำนักงานสถิติแห่งชาติ,คน,119231
หญิง,3415,เลย,ผู้สูงอายุทั้งหมด,2561,สำนักงานสถิติแห่งชาติ,คน,54721
หญิง,3416, หนองคาย,ผู้สูงอายุทั้งหมด,2561,สำนักงานสถิติแห่งชาติ,คน,44498
หญิง,3417,มหาสารคาม,ผู้สูงอายุทั้งหมด,2561,สำนักงานสถิติแห่งชาติ,คน,93661
หญิง,3418, ร้อยเอ็ด,ผู้สูงอายุทั้งหมด,2561,สำนักงานสถิติแห่งชาติ,คน,131360
หญิง,3419, กาฬสินธุ์,ผู้สูงอายุทั้งหมด,2561,สำนักงานสถิติแห่งชาติ,คน,88381
หญิง,3420, สกลนคร,ผู้สูงอายุทั้งหมด,2561,สำนักงานสถิติแห่งชาติ,คน,86283
หญิง,3421, นครพนม,ผู้สูงอายุทั้งหมด,2561,สำนักงานสถิติแห่งชาติ,คน,57960
หญิง,3422, มุกดาหาร,ผู้สูงอายุทั้งหมด,2561,สำนักงานสถิติแห่งชาติ,คน,32567
หญิง,3423,ภาคใต้,ผู้สูงอายุทั้งหมด,2561,สำนักงานสถิติแห่งชาติ,คน,770334
หญิง,3424, นครศรีธรรมราช,ผู้สูงอายุทั้งหมด,2561,สำนักงานสถิติแห่งชาติ,คน,167804
หญิง,3425, กระบี่,ผู้สูงอายุทั้งหมด,2561,สำนักงานสถิติแห่งชาติ,คน,24305
หญิง,3426, พังงา,ผู้สูงอายุทั้งหมด,2561,สำนักงานสถิติแห่งชาติ,คน,20264
หญิง,3427,ภูเก็ต,ผู้สูงอายุทั้งหมด,2561,สำนักงานสถิติแห่งชาติ,คน,27915
หญิง,3428,สุราษฎร์ธานี,ผู้สูงอายุทั้งหมด,2561,สำนักงานสถิติแห่งชาติ,คน,86370
หญิง,3429, ระนอง,ผู้สูงอายุทั้งหมด,2561,สำนักงานสถิติแห่งชาติ,คน,14380
หญิง,3430, ชุมพร,ผู้สูงอายุทั้งหมด,2561,สำนักงานสถิติแห่งชาติ,คน,43038
หญิง,3431,สงขลา,ผู้สูงอายุทั้งหมด,2561,สำนักงานสถิติแห่งชาติ,คน,129300
หญิง,3432, สตูล,ผู้สูงอายุทั้งหมด,2561,สำนักงานสถิติแห่งชาติ,คน,19459
หญิง,3433, ตรัง,ผู้สูงอายุทั้งหมด,2561,สำนักงานสถิติแห่งชาติ,คน,55104
หญิง,3434, พัทลุง,ผู้สูงอายุทั้งหมด,2561,สำนักงานสถิติแห่งชาติ,คน,57706
หญิง,3435, ปัตตานี,ผู้สูงอายุทั้งหมด,2561,สำนักงานสถิติแห่งชาติ,คน,48874
หญิง,3436, ยะลา,ผู้สูงอายุทั้งหมด,2561,สำนักงานสถิติแห่งชาติ,คน,29118
หญิง,3437, นราธิวาส,ผู้สูงอายุทั้งหมด,2561,สำนักงานสถิติแห่งชาติ,คน,46697
รวม,3438,จำนวน,ผู้สูงอายุที่ทำงาน,2561,สำนักงานสถิติแห่งชาติ,คน,4361331
รวม,3439, กรุงเทพมหานคร,ผู้สูงอายุที่ทำงาน,2561,สำนักงานสถิติแห่งชาติ,คน,261567
รวม,3440,ภาคกลาง,ผู้สูงอายุที่ทำงาน,2561,สำนักงานสถิติแห่งชาติ,คน,959446
รวม,3441, สมุทรปราการ,ผู้สูงอายุที่ทำงาน,2561,สำนักงานสถิติแห่งชาติ,คน,64598
รวม,3442, นนทบุรี,ผู้สูงอายุที่ทำงาน,2561,สำนักงานสถิติแห่งชาติ,คน,46903
รวม,3443, ปทุมธานี,ผู้สูงอายุที่ทำงาน,2561,สำนักงานสถิติแห่งชาติ,คน,40622
รวม,3444, พระนครศรีอยุธยา,ผู้สูงอายุที่ทำงาน,2561,สำนักงานสถิติแห่งชาติ,คน,43258
รวม,3445, อ่างทอง,ผู้สูงอายุที่ทำงาน,2561,สำนักงานสถิติแห่งชาติ,คน,21082
รวม,3446, ลพบุรี,ผู้สูงอายุที่ทำงาน,2561,สำนักงานสถิติแห่งชาติ,คน,50625
รวม,3447, สิงห์บุรี,ผู้สูงอายุที่ทำงาน,2561,สำนักงานสถิติแห่งชาติ,คน,17980
รวม,3448, ชัยนาท,ผู้สูงอายุที่ทำงาน,2561,สำนักงานสถิติแห่งชาติ,คน,30431
รวม,3449,สระบุรี,ผู้สูงอายุที่ทำงาน,2561,สำนักงานสถิติแห่งชาติ,คน,31596
รวม,3450,ชลบุรี,ผู้สูงอายุที่ทำงาน,2561,สำนักงานสถิติแห่งชาติ,คน,41337
รวม,3451, ระยอง,ผู้สูงอายุที่ทำงาน,2561,สำนักงานสถิติแห่งชาติ,คน,37935
รวม,3452,จันทบุรี,ผู้สูงอายุที่ทำงาน,2561,สำนักงานสถิติแห่งชาติ,คน,45087
รวม,3453, ตราด,ผู้สูงอายุที่ทำงาน,2561,สำนักงานสถิติแห่งชาติ,คน,20452
รวม,3454,ฉะเชิงเทรา,ผู้สูงอายุที่ทำงาน,2561,สำนักงานสถิติแห่งชาติ,คน,31690
รวม,3455, ปราจีนบุรี,ผู้สูงอายุที่ทำงาน,2561,สำนักงานสถิติแห่งชาติ,คน,36691
รวม,3456, นครนายก,ผู้สูงอายุที่ทำงาน,2561,สำนักงานสถิติแห่งชาติ,คน,19372
รวม,3457,สระแก้ว,ผู้สูงอายุที่ทำงาน,2561,สำนักงานสถิติแห่งชาติ,คน,33673
รวม,3458, ราชบุรี,ผู้สูงอายุที่ทำงาน,2561,สำนักงานสถิติแห่งชาติ,คน,61180
รวม,3459, กาญจนบุรี,ผู้สูงอายุที่ทำงาน,2561,สำนักงานสถิติแห่งชาติ,คน,55795
รวม,3460, สุพรรณบุรี,ผู้สูงอายุที่ทำงาน,2561,สำนักงานสถิติแห่งชาติ,คน,73150
รวม,3461, นครปฐม,ผู้สูงอายุที่ทำงาน,2561,สำนักงานสถิติแห่งชาติ,คน,41588
รวม,3462, สมุทรสาคร,ผู้สูงอายุที่ทำงาน,2561,สำนักงานสถิติแห่งชาติ,คน,29704
รวม,3463, สมุทรสงคราม,ผู้สูงอายุที่ทำงาน,2561,สำนักงานสถิติแห่งชาติ,คน,19357
รวม,3464, เพชรบุรี,ผู้สูงอายุที่ทำงาน,2561,สำนักงานสถิติแห่งชาติ,คน,34643
รวม,3465, ประจวบคีรีขันธ์,ผู้สูงอายุที่ทำงาน,2561,สำนักงานสถิติแห่งชาติ,คน,30696
รวม,3466,ภาคเหนือ,ผู้สูงอายุที่ทำงาน,2561,สำนักงานสถิติแห่งชาติ,คน,998942
รวม,3467, เชียงใหม่,ผู้สูงอายุที่ทำงาน,2561,สำนักงานสถิติแห่งชาติ,คน,150285
รวม,3468, ลำพูน,ผู้สูงอายุที่ทำงาน,2561,สำนักงานสถิติแห่งชาติ,คน,38355
รวม,3469, ลำปาง,ผู้สูงอายุที่ทำงาน,2561,สำนักงานสถิติแห่งชาติ,คน,69540
รวม,3470, อุตรดิตถ์,ผู้สูงอายุที่ทำงาน,2561,สำนักงานสถิติแห่งชาติ,คน,39977
รวม,3471, แพร่,ผู้สูงอายุที่ทำงาน,2561,สำนักงานสถิติแห่งชาติ,คน,43228
รวม,3472, น่าน,ผู้สูงอายุที่ทำงาน,2561,สำนักงานสถิติแห่งชาติ,คน,42673
รวม,3473, พะเยา,ผู้สูงอายุที่ทำงาน,2561,สำนักงานสถิติแห่งชาติ,คน,37272
รวม,3474, เชียงราย,ผู้สูงอายุที่ทำงาน,2561,สำนักงานสถิติแห่งชาติ,คน,84522
รวม,3475, แม่ฮ่องสอน,ผู้สูงอายุที่ทำงาน,2561,สำนักงานสถิติแห่งชาติ,คน,13051
รวม,3476, นครสวรรค์,ผู้สูงอายุที่ทำงาน,2561,สำนักงานสถิติแห่งชาติ,คน,83547
รวม,3477, อุทัยธานี,ผู้สูงอายุที่ทำงาน,2561,สำนักงานสถิติแห่งชาติ,คน,35120
รวม,3478, กำแพงเพชร,ผู้สูงอายุที่ทำงาน,2561,สำนักงานสถิติแห่งชาติ,คน,64661
รวม,3479, ตาก,ผู้สูงอายุที่ทำงาน,2561,สำนักงานสถิติแห่งชาติ,คน,30144
รวม,3480, สุโขทัย,ผู้สูงอายุที่ทำงาน,2561,สำนักงานสถิติแห่งชาติ,คน,58166
รวม,3481, พิษณุโลก,ผู้สูงอายุที่ทำงาน,2561,สำนักงานสถิติแห่งชาติ,คน,79185
รวม,3482, พิจิตร,ผู้สูงอายุที่ทำงาน,2561,สำนักงานสถิติแห่งชาติ,คน,51076
รวม,3483, เพชรบูรณ์,ผู้สูงอายุที่ทำงาน,2561,สำนักงานสถิติแห่งชาติ,คน,78140
รวม,3484,ภาคตะวันออกเฉียงเหนือ,ผู้สูงอายุที่ทำงาน,2561,สำนักงานสถิติแห่งชาติ,คน,1586943
รวม,3485,นครราชสีมา,ผู้สูงอายุที่ทำงาน,2561,สำนักงานสถิติแห่งชาติ,คน,192436
รวม,3486, บุรีรัมย์,ผู้สูงอายุที่ทำงาน,2561,สำนักงานสถิติแห่งชาติ,คน,142615
รวม,3487, สุรินทร์,ผู้สูงอายุที่ทำงาน,2561,สำนักงานสถิติแห่งชาติ,คน,117494
รวม,3488, ศรีสะเกษ,ผู้สูงอายุที่ทำงาน,2561,สำนักงานสถิติแห่งชาติ,คน,121232
รวม,3489, อุบลราชธานี,ผู้สูงอายุที่ทำงาน,2561,สำนักงานสถิติแห่งชาติ,คน,123421
รวม,3490,ยโสธร,ผู้สูงอายุที่ทำงาน,2561,สำนักงานสถิติแห่งชาติ,คน,66632
รวม,3491,ชัยภูมิ,ผู้สูงอายุที่ทำงาน,2561,สำนักงานสถิติแห่งชาติ,คน,83118
รวม,3492, อำนาจเจริญ,ผู้สูงอายุที่ทำงาน,2561,สำนักงานสถิติแห่งชาติ,คน,25680
รวม,3493, บึงกาฬ,ผู้สูงอายุที่ทำงาน,2561,สำนักงานสถิติแห่งชาติ,คน,19563
รวม,3494, หนองบัวลำภู,ผู้สูงอายุที่ทำงาน,2561,สำนักงานสถิติแห่งชาติ,คน,27373
รวม,3495, ขอนแก่น,ผู้สูงอายุที่ทำงาน,2561,สำนักงานสถิติแห่งชาติ,คน,156401
รวม,3496, อุดรธานี,ผู้สูงอายุที่ทำงาน,2561,สำนักงานสถิติแห่งชาติ,คน,88853
รวม,3497,เลย,ผู้สูงอายุที่ทำงาน,2561,สำนักงานสถิติแห่งชาติ,คน,31676
รวม,3498, หนองคาย,ผู้สูงอายุที่ทำงาน,2561,สำนักงานสถิติแห่งชาติ,คน,21425
รวม,3499,มหาสารคาม,ผู้สูงอายุที่ทำงาน,2561,สำนักงานสถิติแห่งชาติ,คน,81393
รวม,3500, ร้อยเอ็ด,ผู้สูงอายุที่ทำงาน,2561,สำนักงานสถิติแห่งชาติ,คน,115047
รวม,3501, กาฬสินธุ์,ผู้สูงอายุที่ทำงาน,2561,สำนักงานสถิติแห่งชาติ,คน,64875
รวม,3502, สกลนคร,ผู้สูงอายุที่ทำงาน,2561,สำนักงานสถิติแห่งชาติ,คน,50115
รวม,3503, นครพนม,ผู้สูงอายุที่ทำงาน,2561,สำนักงานสถิติแห่งชาติ,คน,29935
รวม,3504, มุกดาหาร,ผู้สูงอายุที่ทำงาน,2561,สำนักงานสถิติแห่งชาติ,คน,27659
รวม,3505,ภาคใต้,ผู้สูงอายุที่ทำงาน,2561,สำนักงานสถิติแห่งชาติ,คน,554434
รวม,3506, นครศรีธรรมราช,ผู้สูงอายุที่ทำงาน,2561,สำนักงานสถิติแห่งชาติ,คน,126688
รวม,3507, กระบี่,ผู้สูงอายุที่ทำงาน,2561,สำนักงานสถิติแห่งชาติ,คน,19762
รวม,3508, พังงา,ผู้สูงอายุที่ทำงาน,2561,สำนักงานสถิติแห่งชาติ,คน,11976
รวม,3509,ภูเก็ต,ผู้สูงอายุที่ทำงาน,2561,สำนักงานสถิติแห่งชาติ,คน,14860
รวม,3510,สุราษฎร์ธานี,ผู้สูงอายุที่ทำงาน,2561,สำนักงานสถิติแห่งชาติ,คน,45961
รวม,3511, ระนอง,ผู้สูงอายุที่ทำงาน,2561,สำนักงานสถิติแห่งชาติ,คน,9462
รวม,3512, ชุมพร,ผู้สูงอายุที่ทำงาน,2561,สำนักงานสถิติแห่งชาติ,คน,27357
รวม,3513,สงขลา,ผู้สูงอายุที่ทำงาน,2561,สำนักงานสถิติแห่งชาติ,คน,85031
รวม,3514, สตูล,ผู้สูงอายุที่ทำงาน,2561,สำนักงานสถิติแห่งชาติ,คน,11618
รวม,3515, ตรัง,ผู้สูงอายุที่ทำงาน,2561,สำนักงานสถิติแห่งชาติ,คน,50340
รวม,3516, พัทลุง,ผู้สูงอายุที่ทำงาน,2561,สำนักงานสถิติแห่งชาติ,คน,51087
รวม,3517, ปัตตานี,ผู้สูงอายุที่ทำงาน,2561,สำนักงานสถิติแห่งชาติ,คน,41149
รวม,3518, ยะลา,ผู้สูงอายุที่ทำงาน,2561,สำนักงานสถิติแห่งชาติ,คน,25884
รวม,3519, นราธิวาส,ผู้สูงอายุที่ทำงาน,2561,สำนักงานสถิติแห่งชาติ,คน,33261
ชาย,3520,จำนวน,ผู้สูงอายุที่ทำงาน,2561,สำนักงานสถิติแห่งชาติ,คน,2547354
ชาย,3521, กรุงเทพมหานคร,ผู้สูงอายุที่ทำงาน,2561,สำนักงานสถิติแห่งชาติ,คน,148552
ชาย,3522,ภาคกลาง,ผู้สูงอายุที่ทำงาน,2561,สำนักงานสถิติแห่งชาติ,คน,547160
ชาย,3523, สมุทรปราการ,ผู้สูงอายุที่ทำงาน,2561,สำนักงานสถิติแห่งชาติ,คน,39216
ชาย,3524, นนทบุรี,ผู้สูงอายุที่ทำงาน,2561,สำนักงานสถิติแห่งชาติ,คน,30097
ชาย,3525, ปทุมธานี,ผู้สูงอายุที่ทำงาน,2561,สำนักงานสถิติแห่งชาติ,คน,22930
ชาย,3526, พระนครศรีอยุธยา,ผู้สูงอายุที่ทำงาน,2561,สำนักงานสถิติแห่งชาติ,คน,22282
ชาย,3527, อ่างทอง,ผู้สูงอายุที่ทำงาน,2561,สำนักงานสถิติแห่งชาติ,คน,10658
ชาย,3528, ลพบุรี,ผู้สูงอายุที่ทำงาน,2561,สำนักงานสถิติแห่งชาติ,คน,29765
ชาย,3529, สิงห์บุรี,ผู้สูงอายุที่ทำงาน,2561,สำนักงานสถิติแห่งชาติ,คน,9719
ชาย,3530, ชัยนาท,ผู้สูงอายุที่ทำงาน,2561,สำนักงานสถิติแห่งชาติ,คน,16397
ชาย,3531,สระบุรี,ผู้สูงอายุที่ทำงาน,2561,สำนักงานสถิติแห่งชาติ,คน,17227
ชาย,3532,ชลบุรี,ผู้สูงอายุที่ทำงาน,2561,สำนักงานสถิติแห่งชาติ,คน,21943
ชาย,3533, ระยอง,ผู้สูงอายุที่ทำงาน,2561,สำนักงานสถิติแห่งชาติ,คน,21580
ชาย,3534,จันทบุรี,ผู้สูงอายุที่ทำงาน,2561,สำนักงานสถิติแห่งชาติ,คน,24518
ชาย,3535, ตราด,ผู้สูงอายุที่ทำงาน,2561,สำนักงานสถิติแห่งชาติ,คน,12129
ชาย,3536,ฉะเชิงเทรา,ผู้สูงอายุที่ทำงาน,2561,สำนักงานสถิติแห่งชาติ,คน,22821
ชาย,3537, ปราจีนบุรี,ผู้สูงอายุที่ทำงาน,2561,สำนักงานสถิติแห่งชาติ,คน,21633
ชาย,3538, นครนายก,ผู้สูงอายุที่ทำงาน,2561,สำนักงานสถิติแห่งชาติ,คน,11854
ชาย,3539,สระแก้ว,ผู้สูงอายุที่ทำงาน,2561,สำนักงานสถิติแห่งชาติ,คน,23714
ชาย,3540, ราชบุรี,ผู้สูงอายุที่ทำงาน,2561,สำนักงานสถิติแห่งชาติ,คน,30465
ชาย,3541, กาญจนบุรี,ผู้สูงอายุที่ทำงาน,2561,สำนักงานสถิติแห่งชาติ,คน,31406
ชาย,3542, สุพรรณบุรี,ผู้สูงอายุที่ทำงาน,2561,สำนักงานสถิติแห่งชาติ,คน,41398
ชาย,3543, นครปฐม,ผู้สูงอายุที่ทำงาน,2561,สำนักงานสถิติแห่งชาติ,คน,25522
ชาย,3544, สมุทรสาคร,ผู้สูงอายุที่ทำงาน,2561,สำนักงานสถิติแห่งชาติ,คน,15698
ชาย,3545, สมุทรสงคราม,ผู้สูงอายุที่ทำงาน,2561,สำนักงานสถิติแห่งชาติ,คน,9768
ชาย,3546, เพชรบุรี,ผู้สูงอายุที่ทำงาน,2561,สำนักงานสถิติแห่งชาติ,คน,17084
ชาย,3547, ประจวบคีรีขันธ์,ผู้สูงอายุที่ทำงาน,2561,สำนักงานสถิติแห่งชาติ,คน,17337
ชาย,3548,ภาคเหนือ,ผู้สูงอายุที่ทำงาน,2561,สำนักงานสถิติแห่งชาติ,คน,585467
ชาย,3549, เชียงใหม่,ผู้สูงอายุที่ทำงาน,2561,สำนักงานสถิติแห่งชาติ,คน,86498
ชาย,3550, ลำพูน,ผู้สูงอายุที่ทำงาน,2561,สำนักงานสถิติแห่งชาติ,คน,22118
ชาย,3551, ลำปาง,ผู้สูงอายุที่ทำงาน,2561,สำนักงานสถิติแห่งชาติ,คน,39846
ชาย,3552, อุตรดิตถ์,ผู้สูงอายุที่ทำงาน,2561,สำนักงานสถิติแห่งชาติ,คน,25757
ชาย,3553, แพร่,ผู้สูงอายุที่ทำงาน,2561,สำนักงานสถิติแห่งชาติ,คน,23808
ชาย,3554, น่าน,ผู้สูงอายุที่ทำงาน,2561,สำนักงานสถิติแห่งชาติ,คน,26730
ชาย,3555, พะเยา,ผู้สูงอายุที่ทำงาน,2561,สำนักงานสถิติแห่งชาติ,คน,21985
ชาย,3556, เชียงราย,ผู้สูงอายุที่ทำงาน,2561,สำนักงานสถิติแห่งชาติ,คน,54751
ชาย,3557, แม่ฮ่องสอน,ผู้สูงอายุที่ทำงาน,2561,สำนักงานสถิติแห่งชาติ,คน,7783
ชาย,3558, นครสวรรค์,ผู้สูงอายุที่ทำงาน,2561,สำนักงานสถิติแห่งชาติ,คน,45637
ชาย,3559, อุทัยธานี,ผู้สูงอายุที่ทำงาน,2561,สำนักงานสถิติแห่งชาติ,คน,18209
ชาย,3560, กำแพงเพชร,ผู้สูงอายุที่ทำงาน,2561,สำนักงานสถิติแห่งชาติ,คน,36468
ชาย,3561, ตาก,ผู้สูงอายุที่ทำงาน,2561,สำนักงานสถิติแห่งชาติ,คน,17210
ชาย,3562, สุโขทัย,ผู้สูงอายุที่ทำงาน,2561,สำนักงานสถิติแห่งชาติ,คน,32230
ชาย,3563, พิษณุโลก,ผู้สูงอายุที่ทำงาน,2561,สำนักงานสถิติแห่งชาติ,คน,47617
ชาย,3564, พิจิตร,ผู้สูงอายุที่ทำงาน,2561,สำนักงานสถิติแห่งชาติ,คน,29869
ชาย,3565, เพชรบูรณ์,ผู้สูงอายุที่ทำงาน,2561,สำนักงานสถิติแห่งชาติ,คน,48951
ชาย,3566,ภาคตะวันออกเฉียงเหนือ,ผู้สูงอายุที่ทำงาน,2561,สำนักงานสถิติแห่งชาติ,คน,939996
ชาย,3567,นครราชสีมา,ผู้สูงอายุที่ทำงาน,2561,สำนักงานสถิติแห่งชาติ,คน,117197
ชาย,3568, บุรีรัมย์,ผู้สูงอายุที่ทำงาน,2561,สำนักงานสถิติแห่งชาติ,คน,77249
ชาย,3569, สุรินทร์,ผู้สูงอายุที่ทำงาน,2561,สำนักงานสถิติแห่งชาติ,คน,67765
ชาย,3570, ศรีสะเกษ,ผู้สูงอายุที่ทำงาน,2561,สำนักงานสถิติแห่งชาติ,คน,63520
ชาย,3571, อุบลราชธานี,ผู้สูงอายุที่ทำงาน,2561,สำนักงานสถิติแห่งชาติ,คน,74921
ชาย,3572,ยโสธร,ผู้สูงอายุที่ทำงาน,2561,สำนักงานสถิติแห่งชาติ,คน,34327
ชาย,3573,ชัยภูมิ,ผู้สูงอายุที่ทำงาน,2561,สำนักงานสถิติแห่งชาติ,คน,50549
ชาย,3574, อำนาจเจริญ,ผู้สูงอายุที่ทำงาน,2561,สำนักงานสถิติแห่งชาติ,คน,15358
ชาย,3575, บึงกาฬ,ผู้สูงอายุที่ทำงาน,2561,สำนักงานสถิติแห่งชาติ,คน,13502
ชาย,3576, หนองบัวลำภู,ผู้สูงอายุที่ทำงาน,2561,สำนักงานสถิติแห่งชาติ,คน,19006
ชาย,3577, ขอนแก่น,ผู้สูงอายุที่ทำงาน,2561,สำนักงานสถิติแห่งชาติ,คน,95737
ชาย,3578, อุดรธานี,ผู้สูงอายุที่ทำงาน,2561,สำนักงานสถิติแห่งชาติ,คน,53874
ชาย,3579,เลย,ผู้สูงอายุที่ทำงาน,2561,สำนักงานสถิติแห่งชาติ,คน,19790
ชาย,3580, หนองคาย,ผู้สูงอายุที่ทำงาน,2561,สำนักงานสถิติแห่งชาติ,คน,11785
ชาย,3581,มหาสารคาม,ผู้สูงอายุที่ทำงาน,2561,สำนักงานสถิติแห่งชาติ,คน,46152
ชาย,3582, ร้อยเอ็ด,ผู้สูงอายุที่ทำงาน,2561,สำนักงานสถิติแห่งชาติ,คน,70000
ชาย,3583, กาฬสินธุ์,ผู้สูงอายุที่ทำงาน,2561,สำนักงานสถิติแห่งชาติ,คน,40023
ชาย,3584, สกลนคร,ผู้สูงอายุที่ทำงาน,2561,สำนักงานสถิติแห่งชาติ,คน,33184
ชาย,3585, นครพนม,ผู้สูงอายุที่ทำงาน,2561,สำนักงานสถิติแห่งชาติ,คน,19306
ชาย,3586, มุกดาหาร,ผู้สูงอายุที่ทำงาน,2561,สำนักงานสถิติแห่งชาติ,คน,16750
ชาย,3587,ภาคใต้,ผู้สูงอายุที่ทำงาน,2561,สำนักงานสถิติแห่งชาติ,คน,326179
ชาย,3588, นครศรีธรรมราช,ผู้สูงอายุที่ทำงาน,2561,สำนักงานสถิติแห่งชาติ,คน,77212
ชาย,3589, กระบี่,ผู้สูงอายุที่ทำงาน,2561,สำนักงานสถิติแห่งชาติ,คน,11602
ชาย,3590, พังงา,ผู้สูงอายุที่ทำงาน,2561,สำนักงานสถิติแห่งชาติ,คน,8099
ชาย,3591,ภูเก็ต,ผู้สูงอายุที่ทำงาน,2561,สำนักงานสถิติแห่งชาติ,คน,10197
ชาย,3592,สุราษฎร์ธานี,ผู้สูงอายุที่ทำงาน,2561,สำนักงานสถิติแห่งชาติ,คน,28865
ชาย,3593, ระนอง,ผู้สูงอายุที่ทำงาน,2561,สำนักงานสถิติแห่งชาติ,คน,6362
ชาย,3594, ชุมพร,ผู้สูงอายุที่ทำงาน,2561,สำนักงานสถิติแห่งชาติ,คน,19107
ชาย,3595,สงขลา,ผู้สูงอายุที่ทำงาน,2561,สำนักงานสถิติแห่งชาติ,คน,47984
ชาย,3596, สตูล,ผู้สูงอายุที่ทำงาน,2561,สำนักงานสถิติแห่งชาติ,คน,7558
ชาย,3597, ตรัง,ผู้สูงอายุที่ทำงาน,2561,สำนักงานสถิติแห่งชาติ,คน,24898
ชาย,3598, พัทลุง,ผู้สูงอายุที่ทำงาน,2561,สำนักงานสถิติแห่งชาติ,คน,26662
ชาย,3599, ปัตตานี,ผู้สูงอายุที่ทำงาน,2561,สำนักงานสถิติแห่งชาติ,คน,22691
ชาย,3600, ยะลา,ผู้สูงอายุที่ทำงาน,2561,สำนักงานสถิติแห่งชาติ,คน,15547
ชาย,3601, นราธิวาส,ผู้สูงอายุที่ทำงาน,2561,สำนักงานสถิติแห่งชาติ,คน,19394
หญิง,3602,จำนวน,ผู้สูงอายุที่ทำงาน,2561,สำนักงานสถิติแห่งชาติ,คน,1813977
หญิง,3603, กรุงเทพมหานคร,ผู้สูงอายุที่ทำงาน,2561,สำนักงานสถิติแห่งชาติ,คน,113015
หญิง,3604,ภาคกลาง,ผู้สูงอายุที่ทำงาน,2561,สำนักงานสถิติแห่งชาติ,คน,412285
หญิง,3605, สมุทรปราการ,ผู้สูงอายุที่ทำงาน,2561,สำนักงานสถิติแห่งชาติ,คน,25383
หญิง,3606, นนทบุรี,ผู้สูงอายุที่ทำงาน,2561,สำนักงานสถิติแห่งชาติ,คน,16806
หญิง,3607, ปทุมธานี,ผู้สูงอายุที่ทำงาน,2561,สำนักงานสถิติแห่งชาติ,คน,17692
หญิง,3608, พระนครศรีอยุธยา,ผู้สูงอายุที่ทำงาน,2561,สำนักงานสถิติแห่งชาติ,คน,20977
หญิง,3609, อ่างทอง,ผู้สูงอายุที่ทำงาน,2561,สำนักงานสถิติแห่งชาติ,คน,10424
หญิง,3610, ลพบุรี,ผู้สูงอายุที่ทำงาน,2561,สำนักงานสถิติแห่งชาติ,คน,20860
หญิง,3611, สิงห์บุรี,ผู้สูงอายุที่ทำงาน,2561,สำนักงานสถิติแห่งชาติ,คน,8261
หญิง,3612, ชัยนาท,ผู้สูงอายุที่ทำงาน,2561,สำนักงานสถิติแห่งชาติ,คน,14034
หญิง,3613,สระบุรี,ผู้สูงอายุที่ทำงาน,2561,สำนักงานสถิติแห่งชาติ,คน,14369
หญิง,3614,ชลบุรี,ผู้สูงอายุที่ทำงาน,2561,สำนักงานสถิติแห่งชาติ,คน,19394
หญิง,3615, ระยอง,ผู้สูงอายุที่ทำงาน,2561,สำนักงานสถิติแห่งชาติ,คน,16355
หญิง,3616,จันทบุรี,ผู้สูงอายุที่ทำงาน,2561,สำนักงานสถิติแห่งชาติ,คน,20569
หญิง,3617, ตราด,ผู้สูงอายุที่ทำงาน,2561,สำนักงานสถิติแห่งชาติ,คน,8323
หญิง,3618,ฉะเชิงเทรา,ผู้สูงอายุที่ทำงาน,2561,สำนักงานสถิติแห่งชาติ,คน,8869
หญิง,3619, ปราจีนบุรี,ผู้สูงอายุที่ทำงาน,2561,สำนักงานสถิติแห่งชาติ,คน,15058
หญิง,3620, นครนายก,ผู้สูงอายุที่ทำงาน,2561,สำนักงานสถิติแห่งชาติ,คน,7517
หญิง,3621,สระแก้ว,ผู้สูงอายุที่ทำงาน,2561,สำนักงานสถิติแห่งชาติ,คน,9959
หญิง,3622, ราชบุรี,ผู้สูงอายุที่ทำงาน,2561,สำนักงานสถิติแห่งชาติ,คน,30715
หญิง,3623, กาญจนบุรี,ผู้สูงอายุที่ทำงาน,2561,สำนักงานสถิติแห่งชาติ,คน,24389
หญิง,3624, สุพรรณบุรี,ผู้สูงอายุที่ทำงาน,2561,สำนักงานสถิติแห่งชาติ,คน,31753
หญิง,3625, นครปฐม,ผู้สูงอายุที่ทำงาน,2561,สำนักงานสถิติแห่งชาติ,คน,16066
หญิง,3626, สมุทรสาคร,ผู้สูงอายุที่ทำงาน,2561,สำนักงานสถิติแห่งชาติ,คน,14006
หญิง,3627, สมุทรสงคราม,ผู้สูงอายุที่ทำงาน,2561,สำนักงานสถิติแห่งชาติ,คน,9589
หญิง,3628, เพชรบุรี,ผู้สูงอายุที่ทำงาน,2561,สำนักงานสถิติแห่งชาติ,คน,17558
หญิง,3629, ประจวบคีรีขันธ์,ผู้สูงอายุที่ทำงาน,2561,สำนักงานสถิติแห่งชาติ,คน,13359
หญิง,3630,ภาคเหนือ,ผู้สูงอายุที่ทำงาน,2561,สำนักงานสถิติแห่งชาติ,คน,413475
หญิง,3631, เชียงใหม่,ผู้สูงอายุที่ทำงาน,2561,สำนักงานสถิติแห่งชาติ,คน,63787
หญิง,3632, ลำพูน,ผู้สูงอายุที่ทำงาน,2561,สำนักงานสถิติแห่งชาติ,คน,16238
หญิง,3633, ลำปาง,ผู้สูงอายุที่ทำงาน,2561,สำนักงานสถิติแห่งชาติ,คน,29695
หญิง,3634, อุตรดิตถ์,ผู้สูงอายุที่ทำงาน,2561,สำนักงานสถิติแห่งชาติ,คน,14221
หญิง,3635, แพร่,ผู้สูงอายุที่ทำงาน,2561,สำนักงานสถิติแห่งชาติ,คน,19420
หญิง,3636, น่าน,ผู้สูงอายุที่ทำงาน,2561,สำนักงานสถิติแห่งชาติ,คน,15943
หญิง,3637, พะเยา,ผู้สูงอายุที่ทำงาน,2561,สำนักงานสถิติแห่งชาติ,คน,15286
หญิง,3638, เชียงราย,ผู้สูงอายุที่ทำงาน,2561,สำนักงานสถิติแห่งชาติ,คน,29771
หญิง,3639, แม่ฮ่องสอน,ผู้สูงอายุที่ทำงาน,2561,สำนักงานสถิติแห่งชาติ,คน,5267
หญิง,3640, นครสวรรค์,ผู้สูงอายุที่ทำงาน,2561,สำนักงานสถิติแห่งชาติ,คน,37910
หญิง,3641, อุทัยธานี,ผู้สูงอายุที่ทำงาน,2561,สำนักงานสถิติแห่งชาติ,คน,16911
หญิง,3642, กำแพงเพชร,ผู้สูงอายุที่ทำงาน,2561,สำนักงานสถิติแห่งชาติ,คน,28193
หญิง,3643, ตาก,ผู้สูงอายุที่ทำงาน,2561,สำนักงานสถิติแห่งชาติ,คน,12934
หญิง,3644, สุโขทัย,ผู้สูงอายุที่ทำงาน,2561,สำนักงานสถิติแห่งชาติ,คน,25936
หญิง,3645, พิษณุโลก,ผู้สูงอายุที่ทำงาน,2561,สำนักงานสถิติแห่งชาติ,คน,31568
หญิง,3646, พิจิตร,ผู้สูงอายุที่ทำงาน,2561,สำนักงานสถิติแห่งชาติ,คน,21207
หญิง,3647, เพชรบูรณ์,ผู้สูงอายุที่ทำงาน,2561,สำนักงานสถิติแห่งชาติ,คน,29189
หญิง,3648,ภาคตะวันออกเฉียงเหนือ,ผู้สูงอายุที่ทำงาน,2561,สำนักงานสถิติแห่งชาติ,คน,646947
หญิง,3649,นครราชสีมา,ผู้สูงอายุที่ทำงาน,2561,สำนักงานสถิติแห่งชาติ,คน,75239
หญิง,3650, บุรีรัมย์,ผู้สูงอายุที่ทำงาน,2561,สำนักงานสถิติแห่งชาติ,คน,65366
หญิง,3651, สุรินทร์,ผู้สูงอายุที่ทำงาน,2561,สำนักงานสถิติแห่งชาติ,คน,49728
หญิง,3652, ศรีสะเกษ,ผู้สูงอายุที่ทำงาน,2561,สำนักงานสถิติแห่งชาติ,คน,57713
หญิง,3653, อุบลราชธานี,ผู้สูงอายุที่ทำงาน,2561,สำนักงานสถิติแห่งชาติ,คน,48500
หญิง,3654,ยโสธร,ผู้สูงอายุที่ทำงาน,2561,สำนักงานสถิติแห่งชาติ,คน,32305
หญิง,3655,ชัยภูมิ,ผู้สูงอายุที่ทำงาน,2561,สำนักงานสถิติแห่งชาติ,คน,32568
หญิง,3656, อำนาจเจริญ,ผู้สูงอายุที่ทำงาน,2561,สำนักงานสถิติแห่งชาติ,คน,10322
หญิง,3657, บึงกาฬ,ผู้สูงอายุที่ทำงาน,2561,สำนักงานสถิติแห่งชาติ,คน,6061
หญิง,3658, หนองบัวลำภู,ผู้สูงอายุที่ทำงาน,2561,สำนักงานสถิติแห่งชาติ,คน,8367
หญิง,3659, ขอนแก่น,ผู้สูงอายุที่ทำงาน,2561,สำนักงานสถิติแห่งชาติ,คน,60665
หญิง,3660, อุดรธานี,ผู้สูงอายุที่ทำงาน,2561,สำนักงานสถิติแห่งชาติ,คน,34979
หญิง,3661,เลย,ผู้สูงอายุที่ทำงาน,2561,สำนักงานสถิติแห่งชาติ,คน,11886
หญิง,3662, หนองคาย,ผู้สูงอายุที่ทำงาน,2561,สำนักงานสถิติแห่งชาติ,คน,9640
หญิง,3663,มหาสารคาม,ผู้สูงอายุที่ทำงาน,2561,สำนักงานสถิติแห่งชาติ,คน,35241
หญิง,3664, ร้อยเอ็ด,ผู้สูงอายุที่ทำงาน,2561,สำนักงานสถิติแห่งชาติ,คน,45046
หญิง,3665, กาฬสินธุ์,ผู้สูงอายุที่ทำงาน,2561,สำนักงานสถิติแห่งชาติ,คน,24853
หญิง,3666, สกลนคร,ผู้สูงอายุที่ทำงาน,2561,สำนักงานสถิติแห่งชาติ,คน,16931
หญิง,3667, นครพนม,ผู้สูงอายุที่ทำงาน,2561,สำนักงานสถิติแห่งชาติ,คน,10629
หญิง,3668, มุกดาหาร,ผู้สูงอายุที่ทำงาน,2561,สำนักงานสถิติแห่งชาติ,คน,10909
หญิง,3669,ภาคใต้,ผู้สูงอายุที่ทำงาน,2561,สำนักงานสถิติแห่งชาติ,คน,228255
หญิง,3670, นครศรีธรรมราช,ผู้สูงอายุที่ทำงาน,2561,สำนักงานสถิติแห่งชาติ,คน,49476
หญิง,3671, กระบี่,ผู้สูงอายุที่ทำงาน,2561,สำนักงานสถิติแห่งชาติ,คน,8159
หญิง,3672, พังงา,ผู้สูงอายุที่ทำงาน,2561,สำนักงานสถิติแห่งชาติ,คน,3876
หญิง,3673,ภูเก็ต,ผู้สูงอายุที่ทำงาน,2561,สำนักงานสถิติแห่งชาติ,คน,4664
หญิง,3674,สุราษฎร์ธานี,ผู้สูงอายุที่ทำงาน,2561,สำนักงานสถิติแห่งชาติ,คน,17096
หญิง,3675, ระนอง,ผู้สูงอายุที่ทำงาน,2561,สำนักงานสถิติแห่งชาติ,คน,3099
หญิง,3676, ชุมพร,ผู้สูงอายุที่ทำงาน,2561,สำนักงานสถิติแห่งชาติ,คน,8250
หญิง,3677,สงขลา,ผู้สูงอายุที่ทำงาน,2561,สำนักงานสถิติแห่งชาติ,คน,37047
หญิง,3678, สตูล,ผู้สูงอายุที่ทำงาน,2561,สำนักงานสถิติแห่งชาติ,คน,4060
หญิง,3679, ตรัง,ผู้สูงอายุที่ทำงาน,2561,สำนักงานสถิติแห่งชาติ,คน,25442
หญิง,3680, พัทลุง,ผู้สูงอายุที่ทำงาน,2561,สำนักงานสถิติแห่งชาติ,คน,24425
หญิง,3681, ปัตตานี,ผู้สูงอายุที่ทำงาน,2561,สำนักงานสถิติแห่งชาติ,คน,18457
หญิง,3682, ยะลา,ผู้สูงอายุที่ทำงาน,2561,สำนักงานสถิติแห่งชาติ,คน,10336
หญิง,3683, นราธิวาส,ผู้สูงอายุที่ทำงาน,2561,สำนักงานสถิติแห่งชาติ,คน,13867
รวม,3684, กรุงเทพมหานคร,ผู้มีงานทำทั้งหมด,2562,สำนักงานสถิติแห่งชาติ,คน,5246104
รวม,3685,ภาคกลาง,ผู้มีงานทำทั้งหมด,2562,สำนักงานสถิติแห่งชาติ,คน,11686673
รวม,3686, สมุทรปราการ,ผู้มีงานทำทั้งหมด,2562,สำนักงานสถิติแห่งชาติ,คน,1353609
รวม,3687, นนทบุรี,ผู้มีงานทำทั้งหมด,2562,สำนักงานสถิติแห่งชาติ,คน,944831
รวม,3688, ปทุมธานี,ผู้มีงานทำทั้งหมด,2562,สำนักงานสถิติแห่งชาติ,คน,916803
รวม,3689, พระนครศรีอยุธยา,ผู้มีงานทำทั้งหมด,2562,สำนักงานสถิติแห่งชาติ,คน,494133
รวม,3690, อ่างทอง,ผู้มีงานทำทั้งหมด,2562,สำนักงานสถิติแห่งชาติ,คน,140385
รวม,3691, ลพบุรี,ผู้มีงานทำทั้งหมด,2562,สำนักงานสถิติแห่งชาติ,คน,432820
รวม,3692, สิงห์บุรี,ผู้มีงานทำทั้งหมด,2562,สำนักงานสถิติแห่งชาติ,คน,110577
รวม,3693, ชัยนาท,ผู้มีงานทำทั้งหมด,2562,สำนักงานสถิติแห่งชาติ,คน,169300
รวม,3694,สระบุรี,ผู้มีงานทำทั้งหมด,2562,สำนักงานสถิติแห่งชาติ,คน,381671
รวม,3695,ชลบุรี,ผู้มีงานทำทั้งหมด,2562,สำนักงานสถิติแห่งชาติ,คน,1042923
รวม,3696, ระยอง,ผู้มีงานทำทั้งหมด,2562,สำนักงานสถิติแห่งชาติ,คน,570199
รวม,3697,จันทบุรี,ผู้มีงานทำทั้งหมด,2562,สำนักงานสถิติแห่งชาติ,คน,344420
รวม,3698, ตราด,ผู้มีงานทำทั้งหมด,2562,สำนักงานสถิติแห่งชาติ,คน,169336
รวม,3699,ฉะเชิงเทรา,ผู้มีงานทำทั้งหมด,2562,สำนักงานสถิติแห่งชาติ,คน,422719
รวม,3700, ปราจีนบุรี,ผู้มีงานทำทั้งหมด,2562,สำนักงานสถิติแห่งชาติ,คน,362643
รวม,3701, นครนายก,ผู้มีงานทำทั้งหมด,2562,สำนักงานสถิติแห่งชาติ,คน,151296
รวม,3702,สระแก้ว,ผู้มีงานทำทั้งหมด,2562,สำนักงานสถิติแห่งชาติ,คน,300599
รวม,3703, ราชบุรี,ผู้มีงานทำทั้งหมด,2562,สำนักงานสถิติแห่งชาติ,คน,449148
รวม,3704, กาญจนบุรี,ผู้มีงานทำทั้งหมด,2562,สำนักงานสถิติแห่งชาติ,คน,459764
รวม,3705, สุพรรณบุรี,ผู้มีงานทำทั้งหมด,2562,สำนักงานสถิติแห่งชาติ,คน,460199
รวม,3706, นครปฐม,ผู้มีงานทำทั้งหมด,2562,สำนักงานสถิติแห่งชาติ,คน,672583
รวม,3707, สมุทรสาคร,ผู้มีงานทำทั้งหมด,2562,สำนักงานสถิติแห่งชาติ,คน,702991
รวม,3708, สมุทรสงคราม,ผู้มีงานทำทั้งหมด,2562,สำนักงานสถิติแห่งชาติ,คน,107971
รวม,3709, เพชรบุรี,ผู้มีงานทำทั้งหมด,2562,สำนักงานสถิติแห่งชาติ,คน,268386
รวม,3710, ประจวบคีรีขันธ์,ผู้มีงานทำทั้งหมด,2562,สำนักงานสถิติแห่งชาติ,คน,257368
รวม,3711,ภาคเหนือ,ผู้มีงานทำทั้งหมด,2562,สำนักงานสถิติแห่งชาติ,คน,6110821
รวม,3712, เชียงใหม่,ผู้มีงานทำทั้งหมด,2562,สำนักงานสถิติแห่งชาติ,คน,994378
รวม,3713, ลำพูน,ผู้มีงานทำทั้งหมด,2562,สำนักงานสถิติแห่งชาติ,คน,258792
รวม,3714, ลำปาง,ผู้มีงานทำทั้งหมด,2562,สำนักงานสถิติแห่งชาติ,คน,381413
รวม,3715, อุตรดิตถ์,ผู้มีงานทำทั้งหมด,2562,สำนักงานสถิติแห่งชาติ,คน,211381
รวม,3716, แพร่,ผู้มีงานทำทั้งหมด,2562,สำนักงานสถิติแห่งชาติ,คน,236260
รวม,3717, น่าน,ผู้มีงานทำทั้งหมด,2562,สำนักงานสถิติแห่งชาติ,คน,245643
รวม,3718, พะเยา,ผู้มีงานทำทั้งหมด,2562,สำนักงานสถิติแห่งชาติ,คน,221938
รวม,3719, เชียงราย,ผู้มีงานทำทั้งหมด,2562,สำนักงานสถิติแห่งชาติ,คน,604992
รวม,3720, แม่ฮ่องสอน,ผู้มีงานทำทั้งหมด,2562,สำนักงานสถิติแห่งชาติ,คน,108674
รวม,3721, นครสวรรค์,ผู้มีงานทำทั้งหมด,2562,สำนักงานสถิติแห่งชาติ,คน,508267
รวม,3722, อุทัยธานี,ผู้มีงานทำทั้งหมด,2562,สำนักงานสถิติแห่งชาติ,คน,153364
รวม,3723, กำแพงเพชร,ผู้มีงานทำทั้งหมด,2562,สำนักงานสถิติแห่งชาติ,คน,405522
รวม,3724, ตาก,ผู้มีงานทำทั้งหมด,2562,สำนักงานสถิติแห่งชาติ,คน,238434
รวม,3725, สุโขทัย,ผู้มีงานทำทั้งหมด,2562,สำนักงานสถิติแห่งชาติ,คน,336589
รวม,3726, พิษณุโลก,ผู้มีงานทำทั้งหมด,2562,สำนักงานสถิติแห่งชาติ,คน,459791
รวม,3727, พิจิตร,ผู้มีงานทำทั้งหมด,2562,สำนักงานสถิติแห่งชาติ,คน,285266
รวม,3728, เพชรบูรณ์,ผู้มีงานทำทั้งหมด,2562,สำนักงานสถิติแห่งชาติ,คน,460117
รวม,3729,ภาคตะวันออกเฉียงเหนือ,ผู้มีงานทำทั้งหมด,2562,สำนักงานสถิติแห่งชาติ,คน,9442284
รวม,3730,นครราชสีมา,ผู้มีงานทำทั้งหมด,2562,สำนักงานสถิติแห่งชาติ,คน,1164344
รวม,3731, บุรีรัมย์,ผู้มีงานทำทั้งหมด,2562,สำนักงานสถิติแห่งชาติ,คน,648254
รวม,3732, สุรินทร์,ผู้มีงานทำทั้งหมด,2562,สำนักงานสถิติแห่งชาติ,คน,529759
รวม,3733, ศรีสะเกษ,ผู้มีงานทำทั้งหมด,2562,สำนักงานสถิติแห่งชาติ,คน,554953
รวม,3734, อุบลราชธานี,ผู้มีงานทำทั้งหมด,2562,สำนักงานสถิติแห่งชาติ,คน,907108
รวม,3735,ยโสธร,ผู้มีงานทำทั้งหมด,2562,สำนักงานสถิติแห่งชาติ,คน,292488
รวม,3736,ชัยภูมิ,ผู้มีงานทำทั้งหมด,2562,สำนักงานสถิติแห่งชาติ,คน,497756
รวม,3737, อำนาจเจริญ,ผู้มีงานทำทั้งหมด,2562,สำนักงานสถิติแห่งชาติ,คน,145848
รวม,3738, บึงกาฬ,ผู้มีงานทำทั้งหมด,2562,สำนักงานสถิติแห่งชาติ,คน,176738
รวม,3739, หนองบัวลำภู,ผู้มีงานทำทั้งหมด,2562,สำนักงานสถิติแห่งชาติ,คน,216339
รวม,3740, ขอนแก่น,ผู้มีงานทำทั้งหมด,2562,สำนักงานสถิติแห่งชาติ,คน,912976
รวม,3741, อุดรธานี,ผู้มีงานทำทั้งหมด,2562,สำนักงานสถิติแห่งชาติ,คน,634742
รวม,3742,เลย,ผู้มีงานทำทั้งหมด,2562,สำนักงานสถิติแห่งชาติ,คน,298001
รวม,3743, หนองคาย,ผู้มีงานทำทั้งหมด,2562,สำนักงานสถิติแห่งชาติ,คน,213263
รวม,3744,มหาสารคาม,ผู้มีงานทำทั้งหมด,2562,สำนักงานสถิติแห่งชาติ,คน,406719
รวม,3745, ร้อยเอ็ด,ผู้มีงานทำทั้งหมด,2562,สำนักงานสถิติแห่งชาติ,คน,541263
รวม,3746, กาฬสินธุ์,ผู้มีงานทำทั้งหมด,2562,สำนักงานสถิติแห่งชาติ,คน,423177
รวม,3747, สกลนคร,ผู้มีงานทำทั้งหมด,2562,สำนักงานสถิติแห่งชาติ,คน,405249
รวม,3748, นครพนม,ผู้มีงานทำทั้งหมด,2562,สำนักงานสถิติแห่งชาติ,คน,273489
รวม,3749, มุกดาหาร,ผู้มีงานทำทั้งหมด,2562,สำนักงานสถิติแห่งชาติ,คน,199818
รวม,3750,ภาคใต้,ผู้มีงานทำทั้งหมด,2562,สำนักงานสถิติแห่งชาติ,คน,5000445
รวม,3751, นครศรีธรรมราช,ผู้มีงานทำทั้งหมด,2562,สำนักงานสถิติแห่งชาติ,คน,827340
รวม,3752, กระบี่,ผู้มีงานทำทั้งหมด,2562,สำนักงานสถิติแห่งชาติ,คน,212120
รวม,3753, พังงา,ผู้มีงานทำทั้งหมด,2562,สำนักงานสถิติแห่งชาติ,คน,140613
รวม,3754,ภูเก็ต,ผู้มีงานทำทั้งหมด,2562,สำนักงานสถิติแห่งชาติ,คน,319134
รวม,3755,สุราษฎร์ธานี,ผู้มีงานทำทั้งหมด,2562,สำนักงานสถิติแห่งชาติ,คน,576807
รวม,3756, ระนอง,ผู้มีงานทำทั้งหมด,2562,สำนักงานสถิติแห่งชาติ,คน,130747
รวม,3757, ชุมพร,ผู้มีงานทำทั้งหมด,2562,สำนักงานสถิติแห่งชาติ,คน,286183
รวม,3758,สงขลา,ผู้มีงานทำทั้งหมด,2562,สำนักงานสถิติแห่งชาติ,คน,847776
รวม,3759, สตูล,ผู้มีงานทำทั้งหมด,2562,สำนักงานสถิติแห่งชาติ,คน,148440
รวม,3760, ตรัง,ผู้มีงานทำทั้งหมด,2562,สำนักงานสถิติแห่งชาติ,คน,370627
รวม,3761, พัทลุง,ผู้มีงานทำทั้งหมด,2562,สำนักงานสถิติแห่งชาติ,คน,297681
รวม,3762, ปัตตานี,ผู้มีงานทำทั้งหมด,2562,สำนักงานสถิติแห่งชาติ,คน,301782
รวม,3763, ยะลา,ผู้มีงานทำทั้งหมด,2562,สำนักงานสถิติแห่งชาติ,คน,220188
รวม,3764, นราธิวาส,ผู้มีงานทำทั้งหมด,2562,สำนักงานสถิติแห่งชาติ,คน,321006
ชาย,3765,จำนวน,ผู้มีงานทำทั้งหมด,2562,สำนักงานสถิติแห่งชาติ,คน,20467515
ชาย,3766, กรุงเทพมหานคร,ผู้มีงานทำทั้งหมด,2562,สำนักงานสถิติแห่งชาติ,คน,2768361
ชาย,3767,ภาคกลาง,ผู้มีงานทำทั้งหมด,2562,สำนักงานสถิติแห่งชาติ,คน,6363316
ชาย,3768, สมุทรปราการ,ผู้มีงานทำทั้งหมด,2562,สำนักงานสถิติแห่งชาติ,คน,731788
ชาย,3769, นนทบุรี,ผู้มีงานทำทั้งหมด,2562,สำนักงานสถิติแห่งชาติ,คน,501232
ชาย,3770, ปทุมธานี,ผู้มีงานทำทั้งหมด,2562,สำนักงานสถิติแห่งชาติ,คน,494478
ชาย,3771, พระนครศรีอยุธยา,ผู้มีงานทำทั้งหมด,2562,สำนักงานสถิติแห่งชาติ,คน,273771
ชาย,3772, อ่างทอง,ผู้มีงานทำทั้งหมด,2562,สำนักงานสถิติแห่งชาติ,คน,72277
ชาย,3773, ลพบุรี,ผู้มีงานทำทั้งหมด,2562,สำนักงานสถิติแห่งชาติ,คน,235981
ชาย,3774, สิงห์บุรี,ผู้มีงานทำทั้งหมด,2562,สำนักงานสถิติแห่งชาติ,คน,58293
ชาย,3775, ชัยนาท,ผู้มีงานทำทั้งหมด,2562,สำนักงานสถิติแห่งชาติ,คน,90347
ชาย,3776,สระบุรี,ผู้มีงานทำทั้งหมด,2562,สำนักงานสถิติแห่งชาติ,คน,215688
ชาย,3777,ชลบุรี,ผู้มีงานทำทั้งหมด,2562,สำนักงานสถิติแห่งชาติ,คน,571450
ชาย,3778, ระยอง,ผู้มีงานทำทั้งหมด,2562,สำนักงานสถิติแห่งชาติ,คน,325131
ชาย,3779,จันทบุรี,ผู้มีงานทำทั้งหมด,2562,สำนักงานสถิติแห่งชาติ,คน,182281
ชาย,3780, ตราด,ผู้มีงานทำทั้งหมด,2562,สำนักงานสถิติแห่งชาติ,คน,96977
ชาย,3781,ฉะเชิงเทรา,ผู้มีงานทำทั้งหมด,2562,สำนักงานสถิติแห่งชาติ,คน,243702
ชาย,3782, ปราจีนบุรี,ผู้มีงานทำทั้งหมด,2562,สำนักงานสถิติแห่งชาติ,คน,191802
ชาย,3783, นครนายก,ผู้มีงานทำทั้งหมด,2562,สำนักงานสถิติแห่งชาติ,คน,85006
ชาย,3784,สระแก้ว,ผู้มีงานทำทั้งหมด,2562,สำนักงานสถิติแห่งชาติ,คน,172359
ชาย,3785, ราชบุรี,ผู้มีงานทำทั้งหมด,2562,สำนักงานสถิติแห่งชาติ,คน,237348
ชาย,3786, กาญจนบุรี,ผู้มีงานทำทั้งหมด,2562,สำนักงานสถิติแห่งชาติ,คน,251983
ชาย,3787, สุพรรณบุรี,ผู้มีงานทำทั้งหมด,2562,สำนักงานสถิติแห่งชาติ,คน,258209
ชาย,3788, นครปฐม,ผู้มีงานทำทั้งหมด,2562,สำนักงานสถิติแห่งชาติ,คน,354230
ชาย,3789, สมุทรสาคร,ผู้มีงานทำทั้งหมด,2562,สำนักงานสถิติแห่งชาติ,คน,368443
ชาย,3790, สมุทรสงคราม,ผู้มีงานทำทั้งหมด,2562,สำนักงานสถิติแห่งชาติ,คน,59172
ชาย,3791, เพชรบุรี,ผู้มีงานทำทั้งหมด,2562,สำนักงานสถิติแห่งชาติ,คน,144024
ชาย,3792, ประจวบคีรีขันธ์,ผู้มีงานทำทั้งหมด,2562,สำนักงานสถิติแห่งชาติ,คน,147345
ชาย,3793,ภาคเหนือ,ผู้มีงานทำทั้งหมด,2562,สำนักงานสถิติแห่งชาติ,คน,3314889
ชาย,3794, เชียงใหม่,ผู้มีงานทำทั้งหมด,2562,สำนักงานสถิติแห่งชาติ,คน,523448
ชาย,3795, ลำพูน,ผู้มีงานทำทั้งหมด,2562,สำนักงานสถิติแห่งชาติ,คน,136425
ชาย,3796, ลำปาง,ผู้มีงานทำทั้งหมด,2562,สำนักงานสถิติแห่งชาติ,คน,213124
ชาย,3797, อุตรดิตถ์,ผู้มีงานทำทั้งหมด,2562,สำนักงานสถิติแห่งชาติ,คน,117029
ชาย,3798, แพร่,ผู้มีงานทำทั้งหมด,2562,สำนักงานสถิติแห่งชาติ,คน,124316
ชาย,3799, น่าน,ผู้มีงานทำทั้งหมด,2562,สำนักงานสถิติแห่งชาติ,คน,137270
ชาย,3800, พะเยา,ผู้มีงานทำทั้งหมด,2562,สำนักงานสถิติแห่งชาติ,คน,121669
ชาย,3801, เชียงราย,ผู้มีงานทำทั้งหมด,2562,สำนักงานสถิติแห่งชาติ,คน,336740
ชาย,3802, แม่ฮ่องสอน,ผู้มีงานทำทั้งหมด,2562,สำนักงานสถิติแห่งชาติ,คน,60167
ชาย,3803, นครสวรรค์,ผู้มีงานทำทั้งหมด,2562,สำนักงานสถิติแห่งชาติ,คน,266731
ชาย,3804, อุทัยธานี,ผู้มีงานทำทั้งหมด,2562,สำนักงานสถิติแห่งชาติ,คน,81212
ชาย,3805, กำแพงเพชร,ผู้มีงานทำทั้งหมด,2562,สำนักงานสถิติแห่งชาติ,คน,222228
ชาย,3806, ตาก,ผู้มีงานทำทั้งหมด,2562,สำนักงานสถิติแห่งชาติ,คน,136764
ชาย,3807, สุโขทัย,ผู้มีงานทำทั้งหมด,2562,สำนักงานสถิติแห่งชาติ,คน,175442
ชาย,3808, พิษณุโลก,ผู้มีงานทำทั้งหมด,2562,สำนักงานสถิติแห่งชาติ,คน,248592
ชาย,3809, พิจิตร,ผู้มีงานทำทั้งหมด,2562,สำนักงานสถิติแห่งชาติ,คน,153770
ชาย,3810, เพชรบูรณ์,ผู้มีงานทำทั้งหมด,2562,สำนักงานสถิติแห่งชาติ,คน,259963
ชาย,3811,ภาคตะวันออกเฉียงเหนือ,ผู้มีงานทำทั้งหมด,2562,สำนักงานสถิติแห่งชาติ,คน,5217451
ชาย,3812,นครราชสีมา,ผู้มีงานทำทั้งหมด,2562,สำนักงานสถิติแห่งชาติ,คน,655575
ชาย,3813, บุรีรัมย์,ผู้มีงานทำทั้งหมด,2562,สำนักงานสถิติแห่งชาติ,คน,357113
ชาย,3814, สุรินทร์,ผู้มีงานทำทั้งหมด,2562,สำนักงานสถิติแห่งชาติ,คน,292673
ชาย,3815, ศรีสะเกษ,ผู้มีงานทำทั้งหมด,2562,สำนักงานสถิติแห่งชาติ,คน,292324
ชาย,3816, อุบลราชธานี,ผู้มีงานทำทั้งหมด,2562,สำนักงานสถิติแห่งชาติ,คน,512029
ชาย,3817,ยโสธร,ผู้มีงานทำทั้งหมด,2562,สำนักงานสถิติแห่งชาติ,คน,152469
ชาย,3818,ชัยภูมิ,ผู้มีงานทำทั้งหมด,2562,สำนักงานสถิติแห่งชาติ,คน,277420
ชาย,3819, อำนาจเจริญ,ผู้มีงานทำทั้งหมด,2562,สำนักงานสถิติแห่งชาติ,คน,81913
ชาย,3820, บึงกาฬ,ผู้มีงานทำทั้งหมด,2562,สำนักงานสถิติแห่งชาติ,คน,95654
ชาย,3821, หนองบัวลำภู,ผู้มีงานทำทั้งหมด,2562,สำนักงานสถิติแห่งชาติ,คน,125076
ชาย,3822, ขอนแก่น,ผู้มีงานทำทั้งหมด,2562,สำนักงานสถิติแห่งชาติ,คน,504634
ชาย,3823, อุดรธานี,ผู้มีงานทำทั้งหมด,2562,สำนักงานสถิติแห่งชาติ,คน,345299
ชาย,3824,เลย,ผู้มีงานทำทั้งหมด,2562,สำนักงานสถิติแห่งชาติ,คน,164661
ชาย,3825, หนองคาย,ผู้มีงานทำทั้งหมด,2562,สำนักงานสถิติแห่งชาติ,คน,116112
ชาย,3826,มหาสารคาม,ผู้มีงานทำทั้งหมด,2562,สำนักงานสถิติแห่งชาติ,คน,218459
ชาย,3827, ร้อยเอ็ด,ผู้มีงานทำทั้งหมด,2562,สำนักงานสถิติแห่งชาติ,คน,294472
ชาย,3828, กาฬสินธุ์,ผู้มีงานทำทั้งหมด,2562,สำนักงานสถิติแห่งชาติ,คน,235491
ชาย,3829, สกลนคร,ผู้มีงานทำทั้งหมด,2562,สำนักงานสถิติแห่งชาติ,คน,236391
ชาย,3830, นครพนม,ผู้มีงานทำทั้งหมด,2562,สำนักงานสถิติแห่งชาติ,คน,153730
ชาย,3831, มุกดาหาร,ผู้มีงานทำทั้งหมด,2562,สำนักงานสถิติแห่งชาติ,คน,105957
ชาย,3832,ภาคใต้,ผู้มีงานทำทั้งหมด,2562,สำนักงานสถิติแห่งชาติ,คน,2803498
ชาย,3833, นครศรีธรรมราช,ผู้มีงานทำทั้งหมด,2562,สำนักงานสถิติแห่งชาติ,คน,462127
ชาย,3834, กระบี่,ผู้มีงานทำทั้งหมด,2562,สำนักงานสถิติแห่งชาติ,คน,117474
ชาย,3835, พังงา,ผู้มีงานทำทั้งหมด,2562,สำนักงานสถิติแห่งชาติ,คน,89726
ชาย,3836,ภูเก็ต,ผู้มีงานทำทั้งหมด,2562,สำนักงานสถิติแห่งชาติ,คน,177563
ชาย,3837,สุราษฎร์ธานี,ผู้มีงานทำทั้งหมด,2562,สำนักงานสถิติแห่งชาติ,คน,330100
ชาย,3838, ระนอง,ผู้มีงานทำทั้งหมด,2562,สำนักงานสถิติแห่งชาติ,คน,82755
ชาย,3839, ชุมพร,ผู้มีงานทำทั้งหมด,2562,สำนักงานสถิติแห่งชาติ,คน,170847
ชาย,3840,สงขลา,ผู้มีงานทำทั้งหมด,2562,สำนักงานสถิติแห่งชาติ,คน,448368
ชาย,3841, สตูล,ผู้มีงานทำทั้งหมด,2562,สำนักงานสถิติแห่งชาติ,คน,87992
ชาย,3842, ตรัง,ผู้มีงานทำทั้งหมด,2562,สำนักงานสถิติแห่งชาติ,คน,200565
ชาย,3843, พัทลุง,ผู้มีงานทำทั้งหมด,2562,สำนักงานสถิติแห่งชาติ,คน,156935
ชาย,3844, ปัตตานี,ผู้มีงานทำทั้งหมด,2562,สำนักงานสถิติแห่งชาติ,คน,172165
ชาย,3845, ยะลา,ผู้มีงานทำทั้งหมด,2562,สำนักงานสถิติแห่งชาติ,คน,120980
ชาย,3846, นราธิวาส,ผู้มีงานทำทั้งหมด,2562,สำนักงานสถิติแห่งชาติ,คน,185900
หญิง,3847,จำนวน,ผู้มีงานทำทั้งหมด,2562,สำนักงานสถิติแห่งชาติ,คน,17018812
หญิง,3848, กรุงเทพมหานคร,ผู้มีงานทำทั้งหมด,2562,สำนักงานสถิติแห่งชาติ,คน,2477743
หญิง,3849,ภาคกลาง,ผู้มีงานทำทั้งหมด,2562,สำนักงานสถิติแห่งชาติ,คน,5323357
หญิง,3850, สมุทรปราการ,ผู้มีงานทำทั้งหมด,2562,สำนักงานสถิติแห่งชาติ,คน,621821
หญิง,3851, นนทบุรี,ผู้มีงานทำทั้งหมด,2562,สำนักงานสถิติแห่งชาติ,คน,443599
หญิง,3852, ปทุมธานี,ผู้มีงานทำทั้งหมด,2562,สำนักงานสถิติแห่งชาติ,คน,422324
หญิง,3853, พระนครศรีอยุธยา,ผู้มีงานทำทั้งหมด,2562,สำนักงานสถิติแห่งชาติ,คน,220363
หญิง,3854, อ่างทอง,ผู้มีงานทำทั้งหมด,2562,สำนักงานสถิติแห่งชาติ,คน,68108
หญิง,3855, ลพบุรี,ผู้มีงานทำทั้งหมด,2562,สำนักงานสถิติแห่งชาติ,คน,196839
หญิง,3856, สิงห์บุรี,ผู้มีงานทำทั้งหมด,2562,สำนักงานสถิติแห่งชาติ,คน,52284
หญิง,3857, ชัยนาท,ผู้มีงานทำทั้งหมด,2562,สำนักงานสถิติแห่งชาติ,คน,78954
หญิง,3858,สระบุรี,ผู้มีงานทำทั้งหมด,2562,สำนักงานสถิติแห่งชาติ,คน,165983
หญิง,3859,ชลบุรี,ผู้มีงานทำทั้งหมด,2562,สำนักงานสถิติแห่งชาติ,คน,471472
หญิง,3860, ระยอง,ผู้มีงานทำทั้งหมด,2562,สำนักงานสถิติแห่งชาติ,คน,245069
หญิง,3861,จันทบุรี,ผู้มีงานทำทั้งหมด,2562,สำนักงานสถิติแห่งชาติ,คน,162140
หญิง,3862, ตราด,ผู้มีงานทำทั้งหมด,2562,สำนักงานสถิติแห่งชาติ,คน,72359
หญิง,3863,ฉะเชิงเทรา,ผู้มีงานทำทั้งหมด,2562,สำนักงานสถิติแห่งชาติ,คน,179017
หญิง,3864, ปราจีนบุรี,ผู้มีงานทำทั้งหมด,2562,สำนักงานสถิติแห่งชาติ,คน,170841
หญิง,3865, นครนายก,ผู้มีงานทำทั้งหมด,2562,สำนักงานสถิติแห่งชาติ,คน,66290
หญิง,3866,สระแก้ว,ผู้มีงานทำทั้งหมด,2562,สำนักงานสถิติแห่งชาติ,คน,128240
หญิง,3867, ราชบุรี,ผู้มีงานทำทั้งหมด,2562,สำนักงานสถิติแห่งชาติ,คน,211800
หญิง,3868, กาญจนบุรี,ผู้มีงานทำทั้งหมด,2562,สำนักงานสถิติแห่งชาติ,คน,207781
หญิง,3869, สุพรรณบุรี,ผู้มีงานทำทั้งหมด,2562,สำนักงานสถิติแห่งชาติ,คน,201990
หญิง,3870, นครปฐม,ผู้มีงานทำทั้งหมด,2562,สำนักงานสถิติแห่งชาติ,คน,318353
หญิง,3871, สมุทรสาคร,ผู้มีงานทำทั้งหมด,2562,สำนักงานสถิติแห่งชาติ,คน,334549
หญิง,3872, สมุทรสงคราม,ผู้มีงานทำทั้งหมด,2562,สำนักงานสถิติแห่งชาติ,คน,48798
หญิง,3873, เพชรบุรี,ผู้มีงานทำทั้งหมด,2562,สำนักงานสถิติแห่งชาติ,คน,124362
หญิง,3874, ประจวบคีรีขันธ์,ผู้มีงานทำทั้งหมด,2562,สำนักงานสถิติแห่งชาติ,คน,110023
หญิง,3875,ภาคเหนือ,ผู้มีงานทำทั้งหมด,2562,สำนักงานสถิติแห่งชาติ,คน,2795932
หญิง,3876, เชียงใหม่,ผู้มีงานทำทั้งหมด,2562,สำนักงานสถิติแห่งชาติ,คน,470930
หญิง,3877, ลำพูน,ผู้มีงานทำทั้งหมด,2562,สำนักงานสถิติแห่งชาติ,คน,122367
หญิง,3878, ลำปาง,ผู้มีงานทำทั้งหมด,2562,สำนักงานสถิติแห่งชาติ,คน,168289
หญิง,3879, อุตรดิตถ์,ผู้มีงานทำทั้งหมด,2562,สำนักงานสถิติแห่งชาติ,คน,94353
หญิง,3880, แพร่,ผู้มีงานทำทั้งหมด,2562,สำนักงานสถิติแห่งชาติ,คน,111944
หญิง,3881, น่าน,ผู้มีงานทำทั้งหมด,2562,สำนักงานสถิติแห่งชาติ,คน,108373
หญิง,3882, พะเยา,ผู้มีงานทำทั้งหมด,2562,สำนักงานสถิติแห่งชาติ,คน,100269
หญิง,3883, เชียงราย,ผู้มีงานทำทั้งหมด,2562,สำนักงานสถิติแห่งชาติ,คน,268251
หญิง,3884, แม่ฮ่องสอน,ผู้มีงานทำทั้งหมด,2562,สำนักงานสถิติแห่งชาติ,คน,48507
หญิง,3885, นครสวรรค์,ผู้มีงานทำทั้งหมด,2562,สำนักงานสถิติแห่งชาติ,คน,241535
หญิง,3886, อุทัยธานี,ผู้มีงานทำทั้งหมด,2562,สำนักงานสถิติแห่งชาติ,คน,72152
หญิง,3887, กำแพงเพชร,ผู้มีงานทำทั้งหมด,2562,สำนักงานสถิติแห่งชาติ,คน,183294
หญิง,3888, ตาก,ผู้มีงานทำทั้งหมด,2562,สำนักงานสถิติแห่งชาติ,คน,101670
หญิง,3889, สุโขทัย,ผู้มีงานทำทั้งหมด,2562,สำนักงานสถิติแห่งชาติ,คน,161147
หญิง,3890, พิษณุโลก,ผู้มีงานทำทั้งหมด,2562,สำนักงานสถิติแห่งชาติ,คน,211200
หญิง,3891, พิจิตร,ผู้มีงานทำทั้งหมด,2562,สำนักงานสถิติแห่งชาติ,คน,131496
หญิง,3892, เพชรบูรณ์,ผู้มีงานทำทั้งหมด,2562,สำนักงานสถิติแห่งชาติ,คน,200154
หญิง,3893,ภาคตะวันออกเฉียงเหนือ,ผู้มีงานทำทั้งหมด,2562,สำนักงานสถิติแห่งชาติ,คน,4224833
หญิง,3894,นครราชสีมา,ผู้มีงานทำทั้งหมด,2562,สำนักงานสถิติแห่งชาติ,คน,508769
หญิง,3895, บุรีรัมย์,ผู้มีงานทำทั้งหมด,2562,สำนักงานสถิติแห่งชาติ,คน,291141
หญิง,3896, สุรินทร์,ผู้มีงานทำทั้งหมด,2562,สำนักงานสถิติแห่งชาติ,คน,237086
หญิง,3897, ศรีสะเกษ,ผู้มีงานทำทั้งหมด,2562,สำนักงานสถิติแห่งชาติ,คน,262629
หญิง,3898, อุบลราชธานี,ผู้มีงานทำทั้งหมด,2562,สำนักงานสถิติแห่งชาติ,คน,395079
หญิง,3899,ยโสธร,ผู้มีงานทำทั้งหมด,2562,สำนักงานสถิติแห่งชาติ,คน,140018
หญิง,3900,ชัยภูมิ,ผู้มีงานทำทั้งหมด,2562,สำนักงานสถิติแห่งชาติ,คน,220336
หญิง,3901, อำนาจเจริญ,ผู้มีงานทำทั้งหมด,2562,สำนักงานสถิติแห่งชาติ,คน,63935
หญิง,3902, บึงกาฬ,ผู้มีงานทำทั้งหมด,2562,สำนักงานสถิติแห่งชาติ,คน,81084
หญิง,3903, หนองบัวลำภู,ผู้มีงานทำทั้งหมด,2562,สำนักงานสถิติแห่งชาติ,คน,91263
หญิง,3904, ขอนแก่น,ผู้มีงานทำทั้งหมด,2562,สำนักงานสถิติแห่งชาติ,คน,408342
หญิง,3905, อุดรธานี,ผู้มีงานทำทั้งหมด,2562,สำนักงานสถิติแห่งชาติ,คน,289443
หญิง,3906,เลย,ผู้มีงานทำทั้งหมด,2562,สำนักงานสถิติแห่งชาติ,คน,133340
หญิง,3907, หนองคาย,ผู้มีงานทำทั้งหมด,2562,สำนักงานสถิติแห่งชาติ,คน,97151
หญิง,3908,มหาสารคาม,ผู้มีงานทำทั้งหมด,2562,สำนักงานสถิติแห่งชาติ,คน,188260
หญิง,3909, ร้อยเอ็ด,ผู้มีงานทำทั้งหมด,2562,สำนักงานสถิติแห่งชาติ,คน,246791
หญิง,3910, กาฬสินธุ์,ผู้มีงานทำทั้งหมด,2562,สำนักงานสถิติแห่งชาติ,คน,187686
หญิง,3911, สกลนคร,ผู้มีงานทำทั้งหมด,2562,สำนักงานสถิติแห่งชาติ,คน,168858
หญิง,3912, นครพนม,ผู้มีงานทำทั้งหมด,2562,สำนักงานสถิติแห่งชาติ,คน,119759
หญิง,3913, มุกดาหาร,ผู้มีงานทำทั้งหมด,2562,สำนักงานสถิติแห่งชาติ,คน,93861
หญิง,3914,ภาคใต้,ผู้มีงานทำทั้งหมด,2562,สำนักงานสถิติแห่งชาติ,คน,2196947
หญิง,3915, นครศรีธรรมราช,ผู้มีงานทำทั้งหมด,2562,สำนักงานสถิติแห่งชาติ,คน,365212
หญิง,3916, กระบี่,ผู้มีงานทำทั้งหมด,2562,สำนักงานสถิติแห่งชาติ,คน,94646
หญิง,3917, พังงา,ผู้มีงานทำทั้งหมด,2562,สำนักงานสถิติแห่งชาติ,คน,50888
หญิง,3918,ภูเก็ต,ผู้มีงานทำทั้งหมด,2562,สำนักงานสถิติแห่งชาติ,คน,141570
หญิง,3919,สุราษฎร์ธานี,ผู้มีงานทำทั้งหมด,2562,สำนักงานสถิติแห่งชาติ,คน,246707
หญิง,3920, ระนอง,ผู้มีงานทำทั้งหมด,2562,สำนักงานสถิติแห่งชาติ,คน,47991
หญิง,3921, ชุมพร,ผู้มีงานทำทั้งหมด,2562,สำนักงานสถิติแห่งชาติ,คน,115337
หญิง,3922,สงขลา,ผู้มีงานทำทั้งหมด,2562,สำนักงานสถิติแห่งชาติ,คน,399408
หญิง,3923, สตูล,ผู้มีงานทำทั้งหมด,2562,สำนักงานสถิติแห่งชาติ,คน,60448
หญิง,3924, ตรัง,ผู้มีงานทำทั้งหมด,2562,สำนักงานสถิติแห่งชาติ,คน,170063
หญิง,3925, พัทลุง,ผู้มีงานทำทั้งหมด,2562,สำนักงานสถิติแห่งชาติ,คน,140746
หญิง,3926, ปัตตานี,ผู้มีงานทำทั้งหมด,2562,สำนักงานสถิติแห่งชาติ,คน,129617
หญิง,3927, ยะลา,ผู้มีงานทำทั้งหมด,2562,สำนักงานสถิติแห่งชาติ,คน,99208
หญิง,3928, นราธิวาส,ผู้มีงานทำทั้งหมด,2562,สำนักงานสถิติแห่งชาติ,คน,135106
รวม,3929,จำนวน,ผู้มีงานทำทั้งหมด,2562,สำนักงานสถิติแห่งชาติ,คน,12269291
รวม,3930, กรุงเทพมหานคร,ผู้มีงานทำทั้งหมด,2562,สำนักงานสถิติแห่งชาติ,คน,1193320
รวม,3931,ภาคกลาง,ผู้มีงานทำทั้งหมด,2562,สำนักงานสถิติแห่งชาติ,คน,3183357
รวม,3932, สมุทรปราการ,ผู้มีงานทำทั้งหมด,2562,สำนักงานสถิติแห่งชาติ,คน,279622
รวม,3933, นนทบุรี,ผู้มีงานทำทั้งหมด,2562,สำนักงานสถิติแห่งชาติ,คน,264501
รวม,3934, ปทุมธานี,ผู้มีงานทำทั้งหมด,2562,สำนักงานสถิติแห่งชาติ,คน,191555
รวม,3935, พระนครศรีอยุธยา,ผู้มีงานทำทั้งหมด,2562,สำนักงานสถิติแห่งชาติ,คน,145929
รวม,3936, อ่างทอง,ผู้มีงานทำทั้งหมด,2562,สำนักงานสถิติแห่งชาติ,คน,61562
รวม,3937, ลพบุรี,ผู้มีงานทำทั้งหมด,2562,สำนักงานสถิติแห่งชาติ,คน,155199
รวม,3938, สิงห์บุรี,ผู้มีงานทำทั้งหมด,2562,สำนักงานสถิติแห่งชาติ,คน,50789
รวม,3939, ชัยนาท,ผู้มีงานทำทั้งหมด,2562,สำนักงานสถิติแห่งชาติ,คน,79799
รวม,3940,สระบุรี,ผู้มีงานทำทั้งหมด,2562,สำนักงานสถิติแห่งชาติ,คน,119739
รวม,3941,ชลบุรี,ผู้มีงานทำทั้งหมด,2562,สำนักงานสถิติแห่งชาติ,คน,199021
รวม,3942, ระยอง,ผู้มีงานทำทั้งหมด,2562,สำนักงานสถิติแห่งชาติ,คน,106351
รวม,3943,จันทบุรี,ผู้มีงานทำทั้งหมด,2562,สำนักงานสถิติแห่งชาติ,คน,94345
รวม,3944, ตราด,ผู้มีงานทำทั้งหมด,2562,สำนักงานสถิติแห่งชาติ,คน,44453
รวม,3945,ฉะเชิงเทรา,ผู้มีงานทำทั้งหมด,2562,สำนักงานสถิติแห่งชาติ,คน,139252
รวม,3946, ปราจีนบุรี,ผู้มีงานทำทั้งหมด,2562,สำนักงานสถิติแห่งชาติ,คน,108635
รวม,3947, นครนายก,ผู้มีงานทำทั้งหมด,2562,สำนักงานสถิติแห่งชาติ,คน,56879
รวม,3948,สระแก้ว,ผู้มีงานทำทั้งหมด,2562,สำนักงานสถิติแห่งชาติ,คน,102817
รวม,3949, ราชบุรี,ผู้มีงานทำทั้งหมด,2562,สำนักงานสถิติแห่งชาติ,คน,163095
รวม,3950, กาญจนบุรี,ผู้มีงานทำทั้งหมด,2562,สำนักงานสถิติแห่งชาติ,คน,135497
รวม,3951, สุพรรณบุรี,ผู้มีงานทำทั้งหมด,2562,สำนักงานสถิติแห่งชาติ,คน,201211
รวม,3952, นครปฐม,ผู้มีงานทำทั้งหมด,2562,สำนักงานสถิติแห่งชาติ,คน,176313
รวม,3953, สมุทรสาคร,ผู้มีงานทำทั้งหมด,2562,สำนักงานสถิติแห่งชาติ,คน,89210
รวม,3954, สมุทรสงคราม,ผู้มีงานทำทั้งหมด,2562,สำนักงานสถิติแห่งชาติ,คน,47085
รวม,3955, เพชรบุรี,ผู้มีงานทำทั้งหมด,2562,สำนักงานสถิติแห่งชาติ,คน,98203
รวม,3956, ประจวบคีรีขันธ์,ผู้มีงานทำทั้งหมด,2562,สำนักงานสถิติแห่งชาติ,คน,72295
รวม,3957,ภาคเหนือ,ผู้มีงานทำทั้งหมด,2562,สำนักงานสถิติแห่งชาติ,คน,2608179
รวม,3958, เชียงใหม่,ผู้มีงานทำทั้งหมด,2562,สำนักงานสถิติแห่งชาติ,คน,334899
รวม,3959, ลำพูน,ผู้มีงานทำทั้งหมด,2562,สำนักงานสถิติแห่งชาติ,คน,92026
รวม,3960, ลำปาง,ผู้มีงานทำทั้งหมด,2562,สำนักงานสถิติแห่งชาติ,คน,191890
รวม,3961, อุตรดิตถ์,ผู้มีงานทำทั้งหมด,2562,สำนักงานสถิติแห่งชาติ,คน,114572
รวม,3962, แพร่,ผู้มีงานทำทั้งหมด,2562,สำนักงานสถิติแห่งชาติ,คน,113408
รวม,3963, น่าน,ผู้มีงานทำทั้งหมด,2562,สำนักงานสถิติแห่งชาติ,คน,103728
รวม,3964, พะเยา,ผู้มีงานทำทั้งหมด,2562,สำนักงานสถิติแห่งชาติ,คน,98099
รวม,3965, เชียงราย,ผู้มีงานทำทั้งหมด,2562,สำนักงานสถิติแห่งชาติ,คน,244577
รวม,3966, แม่ฮ่องสอน,ผู้มีงานทำทั้งหมด,2562,สำนักงานสถิติแห่งชาติ,คน,32714
รวม,3967, นครสวรรค์,ผู้มีงานทำทั้งหมด,2562,สำนักงานสถิติแห่งชาติ,คน,241328
รวม,3968, อุทัยธานี,ผู้มีงานทำทั้งหมด,2562,สำนักงานสถิติแห่งชาติ,คน,77159
รวม,3969, กำแพงเพชร,ผู้มีงานทำทั้งหมด,2562,สำนักงานสถิติแห่งชาติ,คน,168998
รวม,3970, ตาก,ผู้มีงานทำทั้งหมด,2562,สำนักงานสถิติแห่งชาติ,คน,83578
รวม,3971, สุโขทัย,ผู้มีงานทำทั้งหมด,2562,สำนักงานสถิติแห่งชาติ,คน,156908
รวม,3972, พิษณุโลก,ผู้มีงานทำทั้งหมด,2562,สำนักงานสถิติแห่งชาติ,คน,200389
รวม,3973, พิจิตร,ผู้มีงานทำทั้งหมด,2562,สำนักงานสถิติแห่งชาติ,คน,141887
รวม,3974, เพชรบูรณ์,ผู้มีงานทำทั้งหมด,2562,สำนักงานสถิติแห่งชาติ,คน,212019
รวม,3975,ภาคตะวันออกเฉียงเหนือ,ผู้มีงานทำทั้งหมด,2562,สำนักงานสถิติแห่งชาติ,คน,3846096
รวม,3976,นครราชสีมา,ผู้มีงานทำทั้งหมด,2562,สำนักงานสถิติแห่งชาติ,คน,512700
รวม,3977, บุรีรัมย์,ผู้มีงานทำทั้งหมด,2562,สำนักงานสถิติแห่งชาติ,คน,275572
รวม,3978, สุรินทร์,ผู้มีงานทำทั้งหมด,2562,สำนักงานสถิติแห่งชาติ,คน,257293
รวม,3979, ศรีสะเกษ,ผู้มีงานทำทั้งหมด,2562,สำนักงานสถิติแห่งชาติ,คน,224710
รวม,3980, อุบลราชธานี,ผู้มีงานทำทั้งหมด,2562,สำนักงานสถิติแห่งชาติ,คน,330076
รวม,3981,ยโสธร,ผู้มีงานทำทั้งหมด,2562,สำนักงานสถิติแห่งชาติ,คน,110668
รวม,3982,ชัยภูมิ,ผู้มีงานทำทั้งหมด,2562,สำนักงานสถิติแห่งชาติ,คน,222336
รวม,3983, อำนาจเจริญ,ผู้มีงานทำทั้งหมด,2562,สำนักงานสถิติแห่งชาติ,คน,55917
รวม,3984, บึงกาฬ,ผู้มีงานทำทั้งหมด,2562,สำนักงานสถิติแห่งชาติ,คน,65655
รวม,3985, หนองบัวลำภู,ผู้มีงานทำทั้งหมด,2562,สำนักงานสถิติแห่งชาติ,คน,91559
รวม,3986, ขอนแก่น,ผู้มีงานทำทั้งหมด,2562,สำนักงานสถิติแห่งชาติ,คน,351186
รวม,3987, อุดรธานี,ผู้มีงานทำทั้งหมด,2562,สำนักงานสถิติแห่งชาติ,คน,228055
รวม,3988,เลย,ผู้มีงานทำทั้งหมด,2562,สำนักงานสถิติแห่งชาติ,คน,110548
รวม,3989, หนองคาย,ผู้มีงานทำทั้งหมด,2562,สำนักงานสถิติแห่งชาติ,คน,85029
รวม,3990,มหาสารคาม,ผู้มีงานทำทั้งหมด,2562,สำนักงานสถิติแห่งชาติ,คน,174722
รวม,3991, ร้อยเอ็ด,ผู้มีงานทำทั้งหมด,2562,สำนักงานสถิติแห่งชาติ,คน,246649
รวม,3992, กาฬสินธุ์,ผู้มีงานทำทั้งหมด,2562,สำนักงานสถิติแห่งชาติ,คน,167517
รวม,3993, สกลนคร,ผู้มีงานทำทั้งหมด,2562,สำนักงานสถิติแห่งชาติ,คน,164199
รวม,3994, นครพนม,ผู้มีงานทำทั้งหมด,2562,สำนักงานสถิติแห่งชาติ,คน,108355
รวม,3995, มุกดาหาร,ผู้มีงานทำทั้งหมด,2562,สำนักงานสถิติแห่งชาติ,คน,63350
รวม,3996,ภาคใต้,ผู้มีงานทำทั้งหมด,2562,สำนักงานสถิติแห่งชาติ,คน,1438339
รวม,3997, นครศรีธรรมราช,ผู้มีงานทำทั้งหมด,2562,สำนักงานสถิติแห่งชาติ,คน,308057
รวม,3998, กระบี่,ผู้มีงานทำทั้งหมด,2562,สำนักงานสถิติแห่งชาติ,คน,47628
รวม,3999, พังงา,ผู้มีงานทำทั้งหมด,2562,สำนักงานสถิติแห่งชาติ,คน,39510
รวม,4000,ภูเก็ต,ผู้มีงานทำทั้งหมด,2562,สำนักงานสถิติแห่งชาติ,คน,56071
รวม,4001,สุราษฎร์ธานี,ผู้มีงานทำทั้งหมด,2562,สำนักงานสถิติแห่งชาติ,คน,157404
รวม,4002, ระนอง,ผู้มีงานทำทั้งหมด,2562,สำนักงานสถิติแห่งชาติ,คน,27893
รวม,4003, ชุมพร,ผู้มีงานทำทั้งหมด,2562,สำนักงานสถิติแห่งชาติ,คน,81006
รวม,4004,สงขลา,ผู้มีงานทำทั้งหมด,2562,สำนักงานสถิติแห่งชาติ,คน,239143
รวม,4005, สตูล,ผู้มีงานทำทั้งหมด,2562,สำนักงานสถิติแห่งชาติ,คน,38100
รวม,4006, ตรัง,ผู้มีงานทำทั้งหมด,2562,สำนักงานสถิติแห่งชาติ,คน,101193
รวม,4007, พัทลุง,ผู้มีงานทำทั้งหมด,2562,สำนักงานสถิติแห่งชาติ,คน,105325
รวม,4008, ปัตตานี,ผู้มีงานทำทั้งหมด,2562,สำนักงานสถิติแห่งชาติ,คน,90136
รวม,4009, ยะลา,ผู้มีงานทำทั้งหมด,2562,สำนักงานสถิติแห่งชาติ,คน,57083
รวม,4010, นราธิวาส,ผู้มีงานทำทั้งหมด,2562,สำนักงานสถิติแห่งชาติ,คน,89790
ชาย,4011,จำนวน,ผู้สูงอายุทั้งหมด,2562,สำนักงานสถิติแห่งชาติ,คน,5500809
ชาย,4012, กรุงเทพมหานคร,ผู้สูงอายุทั้งหมด,2562,สำนักงานสถิติแห่งชาติ,คน,521897
ชาย,4013,ภาคกลาง,ผู้สูงอายุทั้งหมด,2562,สำนักงานสถิติแห่งชาติ,คน,1395866
ชาย,4014, สมุทรปราการ,ผู้สูงอายุทั้งหมด,2562,สำนักงานสถิติแห่งชาติ,คน,120070
ชาย,4015, นนทบุรี,ผู้สูงอายุทั้งหมด,2562,สำนักงานสถิติแห่งชาติ,คน,111756
ชาย,4016, ปทุมธานี,ผู้สูงอายุทั้งหมด,2562,สำนักงานสถิติแห่งชาติ,คน,85839
ชาย,4017, พระนครศรีอยุธยา,ผู้สูงอายุทั้งหมด,2562,สำนักงานสถิติแห่งชาติ,คน,61337
ชาย,4018, อ่างทอง,ผู้สูงอายุทั้งหมด,2562,สำนักงานสถิติแห่งชาติ,คน,25366
ชาย,4019, ลพบุรี,ผู้สูงอายุทั้งหมด,2562,สำนักงานสถิติแห่งชาติ,คน,69127
ชาย,4020, สิงห์บุรี,ผู้สูงอายุทั้งหมด,2562,สำนักงานสถิติแห่งชาติ,คน,21585
ชาย,4021, ชัยนาท,ผู้สูงอายุทั้งหมด,2562,สำนักงานสถิติแห่งชาติ,คน,34329
ชาย,4022,สระบุรี,ผู้สูงอายุทั้งหมด,2562,สำนักงานสถิติแห่งชาติ,คน,51559
ชาย,4023,ชลบุรี,ผู้สูงอายุทั้งหมด,2562,สำนักงานสถิติแห่งชาติ,คน,98741
ชาย,4024, ระยอง,ผู้สูงอายุทั้งหมด,2562,สำนักงานสถิติแห่งชาติ,คน,47417
ชาย,4025,จันทบุรี,ผู้สูงอายุทั้งหมด,2562,สำนักงานสถิติแห่งชาติ,คน,42915
ชาย,4026, ตราด,ผู้สูงอายุทั้งหมด,2562,สำนักงานสถิติแห่งชาติ,คน,20923
ชาย,4027,ฉะเชิงเทรา,ผู้สูงอายุทั้งหมด,2562,สำนักงานสถิติแห่งชาติ,คน,61168
ชาย,4028, ปราจีนบุรี,ผู้สูงอายุทั้งหมด,2562,สำนักงานสถิติแห่งชาติ,คน,46811
ชาย,4029, นครนายก,ผู้สูงอายุทั้งหมด,2562,สำนักงานสถิติแห่งชาติ,คน,24477
ชาย,4030,สระแก้ว,ผู้สูงอายุทั้งหมด,2562,สำนักงานสถิติแห่งชาติ,คน,46699
ชาย,4031, ราชบุรี,ผู้สูงอายุทั้งหมด,2562,สำนักงานสถิติแห่งชาติ,คน,69765
ชาย,4032, กาญจนบุรี,ผู้สูงอายุทั้งหมด,2562,สำนักงานสถิติแห่งชาติ,คน,61725
ชาย,4033, สุพรรณบุรี,ผู้สูงอายุทั้งหมด,2562,สำนักงานสถิติแห่งชาติ,คน,86707
ชาย,4034, นครปฐม,ผู้สูงอายุทั้งหมด,2562,สำนักงานสถิติแห่งชาติ,คน,74536
ชาย,4035, สมุทรสาคร,ผู้สูงอายุทั้งหมด,2562,สำนักงานสถิติแห่งชาติ,คน,38191
ชาย,4036, สมุทรสงคราม,ผู้สูงอายุทั้งหมด,2562,สำนักงานสถิติแห่งชาติ,คน,19475
ชาย,4037, เพชรบุรี,ผู้สูงอายุทั้งหมด,2562,สำนักงานสถิติแห่งชาติ,คน,42549
ชาย,4038, ประจวบคีรีขันธ์,ผู้สูงอายุทั้งหมด,2562,สำนักงานสถิติแห่งชาติ,คน,32799
ชาย,4039,ภาคเหนือ,ผู้สูงอายุทั้งหมด,2562,สำนักงานสถิติแห่งชาติ,คน,1193527
ชาย,4040, เชียงใหม่,ผู้สูงอายุทั้งหมด,2562,สำนักงานสถิติแห่งชาติ,คน,156692
ชาย,4041, ลำพูน,ผู้สูงอายุทั้งหมด,2562,สำนักงานสถิติแห่งชาติ,คน,43117
ชาย,4042, ลำปาง,ผู้สูงอายุทั้งหมด,2562,สำนักงานสถิติแห่งชาติ,คน,90125
ชาย,4043, อุตรดิตถ์,ผู้สูงอายุทั้งหมด,2562,สำนักงานสถิติแห่งชาติ,คน,51662
ชาย,4044, แพร่,ผู้สูงอายุทั้งหมด,2562,สำนักงานสถิติแห่งชาติ,คน,50734
ชาย,4045, น่าน,ผู้สูงอายุทั้งหมด,2562,สำนักงานสถิติแห่งชาติ,คน,49415
ชาย,4046, พะเยา,ผู้สูงอายุทั้งหมด,2562,สำนักงานสถิติแห่งชาติ,คน,46724
ชาย,4047, เชียงราย,ผู้สูงอายุทั้งหมด,2562,สำนักงานสถิติแห่งชาติ,คน,115529
ชาย,4048, แม่ฮ่องสอน,ผู้สูงอายุทั้งหมด,2562,สำนักงานสถิติแห่งชาติ,คน,16538
ชาย,4049, นครสวรรค์,ผู้สูงอายุทั้งหมด,2562,สำนักงานสถิติแห่งชาติ,คน,106926
ชาย,4050, อุทัยธานี,ผู้สูงอายุทั้งหมด,2562,สำนักงานสถิติแห่งชาติ,คน,34351
ชาย,4051, กำแพงเพชร,ผู้สูงอายุทั้งหมด,2562,สำนักงานสถิติแห่งชาติ,คน,76901
ชาย,4052, ตาก,ผู้สูงอายุทั้งหมด,2562,สำนักงานสถิติแห่งชาติ,คน,38770
ชาย,4053, สุโขทัย,ผู้สูงอายุทั้งหมด,2562,สำนักงานสถิติแห่งชาติ,คน,67585
ชาย,4054, พิษณุโลก,ผู้สูงอายุทั้งหมด,2562,สำนักงานสถิติแห่งชาติ,คน,89161
ชาย,4055, พิจิตร,ผู้สูงอายุทั้งหมด,2562,สำนักงานสถิติแห่งชาติ,คน,62523
ชาย,4056, เพชรบูรณ์,ผู้สูงอายุทั้งหมด,2562,สำนักงานสถิติแห่งชาติ,คน,96774
ชาย,4057,ภาคตะวันออกเฉียงเหนือ,ผู้สูงอายุทั้งหมด,2562,สำนักงานสถิติแห่งชาติ,คน,1749094
ชาย,4058,นครราชสีมา,ผู้สูงอายุทั้งหมด,2562,สำนักงานสถิติแห่งชาติ,คน,233118
ชาย,4059, บุรีรัมย์,ผู้สูงอายุทั้งหมด,2562,สำนักงานสถิติแห่งชาติ,คน,125274
ชาย,4060, สุรินทร์,ผู้สูงอายุทั้งหมด,2562,สำนักงานสถิติแห่งชาติ,คน,115061
ชาย,4061, ศรีสะเกษ,ผู้สูงอายุทั้งหมด,2562,สำนักงานสถิติแห่งชาติ,คน,99907
ชาย,4062, อุบลราชธานี,ผู้สูงอายุทั้งหมด,2562,สำนักงานสถิติแห่งชาติ,คน,152818
ชาย,4063,ยโสธร,ผู้สูงอายุทั้งหมด,2562,สำนักงานสถิติแห่งชาติ,คน,49859
ชาย,4064,ชัยภูมิ,ผู้สูงอายุทั้งหมด,2562,สำนักงานสถิติแห่งชาติ,คน,101732
ชาย,4065, อำนาจเจริญ,ผู้สูงอายุทั้งหมด,2562,สำนักงานสถิติแห่งชาติ,คน,25111
ชาย,4066, บึงกาฬ,ผู้สูงอายุทั้งหมด,2562,สำนักงานสถิติแห่งชาติ,คน,31052
ชาย,4067, หนองบัวลำภู,ผู้สูงอายุทั้งหมด,2562,สำนักงานสถิติแห่งชาติ,คน,41480
ชาย,4068, ขอนแก่น,ผู้สูงอายุทั้งหมด,2562,สำนักงานสถิติแห่งชาติ,คน,160133
ชาย,4069, อุดรธานี,ผู้สูงอายุทั้งหมด,2562,สำนักงานสถิติแห่งชาติ,คน,104447
ชาย,4070,เลย,ผู้สูงอายุทั้งหมด,2562,สำนักงานสถิติแห่งชาติ,คน,53767
ชาย,4071, หนองคาย,ผู้สูงอายุทั้งหมด,2562,สำนักงานสถิติแห่งชาติ,คน,38861
ชาย,4072,มหาสารคาม,ผู้สูงอายุทั้งหมด,2562,สำนักงานสถิติแห่งชาติ,คน,77633
ชาย,4073, ร้อยเอ็ด,ผู้สูงอายุทั้งหมด,2562,สำนักงานสถิติแห่งชาติ,คน,110402
ชาย,4074, กาฬสินธุ์,ผู้สูงอายุทั้งหมด,2562,สำนักงานสถิติแห่งชาติ,คน,75838
ชาย,4075, สกลนคร,ผู้สูงอายุทั้งหมด,2562,สำนักงานสถิติแห่งชาติ,คน,74716
ชาย,4076, นครพนม,ผู้สูงอายุทั้งหมด,2562,สำนักงานสถิติแห่งชาติ,คน,48305
ชาย,4077, มุกดาหาร,ผู้สูงอายุทั้งหมด,2562,สำนักงานสถิติแห่งชาติ,คน,29580
ชาย,4078,ภาคใต้,ผู้สูงอายุทั้งหมด,2562,สำนักงานสถิติแห่งชาติ,คน,640425
ชาย,4079, นครศรีธรรมราช,ผู้สูงอายุทั้งหมด,2562,สำนักงานสถิติแห่งชาติ,คน,134330
ชาย,4080, กระบี่,ผู้สูงอายุทั้งหมด,2562,สำนักงานสถิติแห่งชาติ,คน,22473
ชาย,4081, พังงา,ผู้สูงอายุทั้งหมด,2562,สำนักงานสถิติแห่งชาติ,คน,18516
ชาย,4082,ภูเก็ต,ผู้สูงอายุทั้งหมด,2562,สำนักงานสถิติแห่งชาติ,คน,27296
ชาย,4083,สุราษฎร์ธานี,ผู้สูงอายุทั้งหมด,2562,สำนักงานสถิติแห่งชาติ,คน,68009
ชาย,4084, ระนอง,ผู้สูงอายุทั้งหมด,2562,สำนักงานสถิติแห่งชาติ,คน,13059
ชาย,4085, ชุมพร,ผู้สูงอายุทั้งหมด,2562,สำนักงานสถิติแห่งชาติ,คน,36424
ชาย,4086,สงขลา,ผู้สูงอายุทั้งหมด,2562,สำนักงานสถิติแห่งชาติ,คน,105353
ชาย,4087, สตูล,ผู้สูงอายุทั้งหมด,2562,สำนักงานสถิติแห่งชาติ,คน,17981
ชาย,4088, ตรัง,ผู้สูงอายุทั้งหมด,2562,สำนักงานสถิติแห่งชาติ,คน,44160
ชาย,4089, พัทลุง,ผู้สูงอายุทั้งหมด,2562,สำนักงานสถิติแห่งชาติ,คน,45559
ชาย,4090, ปัตตานี,ผู้สูงอายุทั้งหมด,2562,สำนักงานสถิติแห่งชาติ,คน,39275
ชาย,4091, ยะลา,ผู้สูงอายุทั้งหมด,2562,สำนักงานสถิติแห่งชาติ,คน,26779
ชาย,4092, นราธิวาส,ผู้สูงอายุทั้งหมด,2562,สำนักงานสถิติแห่งชาติ,คน,41211
หญิง,4093,จำนวน,ผู้สูงอายุทั้งหมด,2562,สำนักงานสถิติแห่งชาติ,คน,6768482
หญิง,4094, กรุงเทพมหานคร,ผู้สูงอายุทั้งหมด,2562,สำนักงานสถิติแห่งชาติ,คน,671423
หญิง,4095,ภาคกลาง,ผู้สูงอายุทั้งหมด,2562,สำนักงานสถิติแห่งชาติ,คน,1787491
หญิง,4096, สมุทรปราการ,ผู้สูงอายุทั้งหมด,2562,สำนักงานสถิติแห่งชาติ,คน,159552
หญิง,4097, นนทบุรี,ผู้สูงอายุทั้งหมด,2562,สำนักงานสถิติแห่งชาติ,คน,152745
หญิง,4098, ปทุมธานี,ผู้สูงอายุทั้งหมด,2562,สำนักงานสถิติแห่งชาติ,คน,105716
หญิง,4099, พระนครศรีอยุธยา,ผู้สูงอายุทั้งหมด,2562,สำนักงานสถิติแห่งชาติ,คน,84592
หญิง,4100, อ่างทอง,ผู้สูงอายุทั้งหมด,2562,สำนักงานสถิติแห่งชาติ,คน,36196
หญิง,4101, ลพบุรี,ผู้สูงอายุทั้งหมด,2562,สำนักงานสถิติแห่งชาติ,คน,86072
หญิง,4102, สิงห์บุรี,ผู้สูงอายุทั้งหมด,2562,สำนักงานสถิติแห่งชาติ,คน,29204
หญิง,4103, ชัยนาท,ผู้สูงอายุทั้งหมด,2562,สำนักงานสถิติแห่งชาติ,คน,45470
หญิง,4104,สระบุรี,ผู้สูงอายุทั้งหมด,2562,สำนักงานสถิติแห่งชาติ,คน,68180
หญิง,4105,ชลบุรี,ผู้สูงอายุทั้งหมด,2562,สำนักงานสถิติแห่งชาติ,คน,100280
หญิง,4106, ระยอง,ผู้สูงอายุทั้งหมด,2562,สำนักงานสถิติแห่งชาติ,คน,58934
หญิง,4107,จันทบุรี,ผู้สูงอายุทั้งหมด,2562,สำนักงานสถิติแห่งชาติ,คน,51430
หญิง,4108, ตราด,ผู้สูงอายุทั้งหมด,2562,สำนักงานสถิติแห่งชาติ,คน,23530
หญิง,4109,ฉะเชิงเทรา,ผู้สูงอายุทั้งหมด,2562,สำนักงานสถิติแห่งชาติ,คน,78084
หญิง,4110, ปราจีนบุรี,ผู้สูงอายุทั้งหมด,2562,สำนักงานสถิติแห่งชาติ,คน,61824
หญิง,4111, นครนายก,ผู้สูงอายุทั้งหมด,2562,สำนักงานสถิติแห่งชาติ,คน,32402
หญิง,4112,สระแก้ว,ผู้สูงอายุทั้งหมด,2562,สำนักงานสถิติแห่งชาติ,คน,56118
หญิง,4113, ราชบุรี,ผู้สูงอายุทั้งหมด,2562,สำนักงานสถิติแห่งชาติ,คน,93330
หญิง,4114, กาญจนบุรี,ผู้สูงอายุทั้งหมด,2562,สำนักงานสถิติแห่งชาติ,คน,73772
หญิง,4115, สุพรรณบุรี,ผู้สูงอายุทั้งหมด,2562,สำนักงานสถิติแห่งชาติ,คน,114504
หญิง,4116, นครปฐม,ผู้สูงอายุทั้งหมด,2562,สำนักงานสถิติแห่งชาติ,คน,101777
หญิง,4117, สมุทรสาคร,ผู้สูงอายุทั้งหมด,2562,สำนักงานสถิติแห่งชาติ,คน,51019
หญิง,4118, สมุทรสงคราม,ผู้สูงอายุทั้งหมด,2562,สำนักงานสถิติแห่งชาติ,คน,27610
หญิง,4119, เพชรบุรี,ผู้สูงอายุทั้งหมด,2562,สำนักงานสถิติแห่งชาติ,คน,55654
หญิง,4120, ประจวบคีรีขันธ์,ผู้สูงอายุทั้งหมด,2562,สำนักงานสถิติแห่งชาติ,คน,39496
หญิง,4121,ภาคเหนือ,ผู้สูงอายุทั้งหมด,2562,สำนักงานสถิติแห่งชาติ,คน,1414652
หญิง,4122, เชียงใหม่,ผู้สูงอายุทั้งหมด,2562,สำนักงานสถิติแห่งชาติ,คน,178207
หญิง,4123, ลำพูน,ผู้สูงอายุทั้งหมด,2562,สำนักงานสถิติแห่งชาติ,คน,48909
หญิง,4124, ลำปาง,ผู้สูงอายุทั้งหมด,2562,สำนักงานสถิติแห่งชาติ,คน,101765
หญิง,4125, อุตรดิตถ์,ผู้สูงอายุทั้งหมด,2562,สำนักงานสถิติแห่งชาติ,คน,62910
หญิง,4126, แพร่,ผู้สูงอายุทั้งหมด,2562,สำนักงานสถิติแห่งชาติ,คน,62674
หญิง,4127, น่าน,ผู้สูงอายุทั้งหมด,2562,สำนักงานสถิติแห่งชาติ,คน,54313
หญิง,4128, พะเยา,ผู้สูงอายุทั้งหมด,2562,สำนักงานสถิติแห่งชาติ,คน,51375
หญิง,4129, เชียงราย,ผู้สูงอายุทั้งหมด,2562,สำนักงานสถิติแห่งชาติ,คน,129048
หญิง,4130, แม่ฮ่องสอน,ผู้สูงอายุทั้งหมด,2562,สำนักงานสถิติแห่งชาติ,คน,16176
หญิง,4131, นครสวรรค์,ผู้สูงอายุทั้งหมด,2562,สำนักงานสถิติแห่งชาติ,คน,134402
หญิง,4132, อุทัยธานี,ผู้สูงอายุทั้งหมด,2562,สำนักงานสถิติแห่งชาติ,คน,42808
หญิง,4133, กำแพงเพชร,ผู้สูงอายุทั้งหมด,2562,สำนักงานสถิติแห่งชาติ,คน,92097
หญิง,4134, ตาก,ผู้สูงอายุทั้งหมด,2562,สำนักงานสถิติแห่งชาติ,คน,44808
หญิง,4135, สุโขทัย,ผู้สูงอายุทั้งหมด,2562,สำนักงานสถิติแห่งชาติ,คน,89323
หญิง,4136, พิษณุโลก,ผู้สูงอายุทั้งหมด,2562,สำนักงานสถิติแห่งชาติ,คน,111228
หญิง,4137, พิจิตร,ผู้สูงอายุทั้งหมด,2562,สำนักงานสถิติแห่งชาติ,คน,79364
หญิง,4138, เพชรบูรณ์,ผู้สูงอายุทั้งหมด,2562,สำนักงานสถิติแห่งชาติ,คน,115245
หญิง,4139,ภาคตะวันออกเฉียงเหนือ,ผู้สูงอายุทั้งหมด,2562,สำนักงานสถิติแห่งชาติ,คน,2097002
หญิง,4140,นครราชสีมา,ผู้สูงอายุทั้งหมด,2562,สำนักงานสถิติแห่งชาติ,คน,279582
หญิง,4141, บุรีรัมย์,ผู้สูงอายุทั้งหมด,2562,สำนักงานสถิติแห่งชาติ,คน,150298
หญิง,4142, สุรินทร์,ผู้สูงอายุทั้งหมด,2562,สำนักงานสถิติแห่งชาติ,คน,142232
หญิง,4143, ศรีสะเกษ,ผู้สูงอายุทั้งหมด,2562,สำนักงานสถิติแห่งชาติ,คน,124803
หญิง,4144, อุบลราชธานี,ผู้สูงอายุทั้งหมด,2562,สำนักงานสถิติแห่งชาติ,คน,177258
หญิง,4145,ยโสธร,ผู้สูงอายุทั้งหมด,2562,สำนักงานสถิติแห่งชาติ,คน,60809
หญิง,4146,ชัยภูมิ,ผู้สูงอายุทั้งหมด,2562,สำนักงานสถิติแห่งชาติ,คน,120604
หญิง,4147, อำนาจเจริญ,ผู้สูงอายุทั้งหมด,2562,สำนักงานสถิติแห่งชาติ,คน,30806
หญิง,4148, บึงกาฬ,ผู้สูงอายุทั้งหมด,2562,สำนักงานสถิติแห่งชาติ,คน,34603
หญิง,4149, หนองบัวลำภู,ผู้สูงอายุทั้งหมด,2562,สำนักงานสถิติแห่งชาติ,คน,50079
หญิง,4150, ขอนแก่น,ผู้สูงอายุทั้งหมด,2562,สำนักงานสถิติแห่งชาติ,คน,191053
หญิง,4151, อุดรธานี,ผู้สูงอายุทั้งหมด,2562,สำนักงานสถิติแห่งชาติ,คน,123608
หญิง,4152,เลย,ผู้สูงอายุทั้งหมด,2562,สำนักงานสถิติแห่งชาติ,คน,56781
หญิง,4153, หนองคาย,ผู้สูงอายุทั้งหมด,2562,สำนักงานสถิติแห่งชาติ,คน,46168
หญิง,4154,มหาสารคาม,ผู้สูงอายุทั้งหมด,2562,สำนักงานสถิติแห่งชาติ,คน,97089
หญิง,4155, ร้อยเอ็ด,ผู้สูงอายุทั้งหมด,2562,สำนักงานสถิติแห่งชาติ,คน,136247
หญิง,4156, กาฬสินธุ์,ผู้สูงอายุทั้งหมด,2562,สำนักงานสถิติแห่งชาติ,คน,91679
หญิง,4157, สกลนคร,ผู้สูงอายุทั้งหมด,2562,สำนักงานสถิติแห่งชาติ,คน,89483
หญิง,4158, นครพนม,ผู้สูงอายุทั้งหมด,2562,สำนักงานสถิติแห่งชาติ,คน,60050
หญิง,4159, มุกดาหาร,ผู้สูงอายุทั้งหมด,2562,สำนักงานสถิติแห่งชาติ,คน,33770
หญิง,4160,ภาคใต้,ผู้สูงอายุทั้งหมด,2562,สำนักงานสถิติแห่งชาติ,คน,797914
หญิง,4161, นครศรีธรรมราช,ผู้สูงอายุทั้งหมด,2562,สำนักงานสถิติแห่งชาติ,คน,173727
หญิง,4162, กระบี่,ผู้สูงอายุทั้งหมด,2562,สำนักงานสถิติแห่งชาติ,คน,25155
หญิง,4163, พังงา,ผู้สูงอายุทั้งหมด,2562,สำนักงานสถิติแห่งชาติ,คน,20994
หญิง,4164,ภูเก็ต,ผู้สูงอายุทั้งหมด,2562,สำนักงานสถิติแห่งชาติ,คน,28775
หญิง,4165,สุราษฎร์ธานี,ผู้สูงอายุทั้งหมด,2562,สำนักงานสถิติแห่งชาติ,คน,89395
หญิง,4166, ระนอง,ผู้สูงอายุทั้งหมด,2562,สำนักงานสถิติแห่งชาติ,คน,14834
หญิง,4167, ชุมพร,ผู้สูงอายุทั้งหมด,2562,สำนักงานสถิติแห่งชาติ,คน,44582
หญิง,4168,สงขลา,ผู้สูงอายุทั้งหมด,2562,สำนักงานสถิติแห่งชาติ,คน,133790
หญิง,4169, สตูล,ผู้สูงอายุทั้งหมด,2562,สำนักงานสถิติแห่งชาติ,คน,20119
หญิง,4170, ตรัง,ผู้สูงอายุทั้งหมด,2562,สำนักงานสถิติแห่งชาติ,คน,57033
หญิง,4171, พัทลุง,ผู้สูงอายุทั้งหมด,2562,สำนักงานสถิติแห่งชาติ,คน,59766
หญิง,4172, ปัตตานี,ผู้สูงอายุทั้งหมด,2562,สำนักงานสถิติแห่งชาติ,คน,50861
หญิง,4173, ยะลา,ผู้สูงอายุทั้งหมด,2562,สำนักงานสถิติแห่งชาติ,คน,30304
หญิง,4174, นราธิวาส,ผู้สูงอายุทั้งหมด,2562,สำนักงานสถิติแห่งชาติ,คน,48579
รวม,4175,จำนวน,ผู้สูงอายุที่ทำงาน,2562,สำนักงานสถิติแห่งชาติ,คน,4235681
รวม,4176, กรุงเทพมหานคร,ผู้สูงอายุที่ทำงาน,2562,สำนักงานสถิติแห่งชาติ,คน,251615
รวม,4177,ภาคกลาง,ผู้สูงอายุที่ทำงาน,2562,สำนักงานสถิติแห่งชาติ,คน,977638
รวม,4178, สมุทรปราการ,ผู้สูงอายุที่ทำงาน,2562,สำนักงานสถิติแห่งชาติ,คน,62276
รวม,4179, นนทบุรี,ผู้สูงอายุที่ทำงาน,2562,สำนักงานสถิติแห่งชาติ,คน,47622
รวม,4180, ปทุมธานี,ผู้สูงอายุที่ทำงาน,2562,สำนักงานสถิติแห่งชาติ,คน,38562
รวม,4181, พระนครศรีอยุธยา,ผู้สูงอายุที่ทำงาน,2562,สำนักงานสถิติแห่งชาติ,คน,43193
รวม,4182, อ่างทอง,ผู้สูงอายุที่ทำงาน,2562,สำนักงานสถิติแห่งชาติ,คน,22424
รวม,4183, ลพบุรี,ผู้สูงอายุที่ทำงาน,2562,สำนักงานสถิติแห่งชาติ,คน,50357
รวม,4184, สิงห์บุรี,ผู้สูงอายุที่ทำงาน,2562,สำนักงานสถิติแห่งชาติ,คน,17878
รวม,4185, ชัยนาท,ผู้สูงอายุที่ทำงาน,2562,สำนักงานสถิติแห่งชาติ,คน,29636
รวม,4186,สระบุรี,ผู้สูงอายุที่ทำงาน,2562,สำนักงานสถิติแห่งชาติ,คน,33897
รวม,4187,ชลบุรี,ผู้สูงอายุที่ทำงาน,2562,สำนักงานสถิติแห่งชาติ,คน,44526
รวม,4188, ระยอง,ผู้สูงอายุที่ทำงาน,2562,สำนักงานสถิติแห่งชาติ,คน,41752
รวม,4189,จันทบุรี,ผู้สูงอายุที่ทำงาน,2562,สำนักงานสถิติแห่งชาติ,คน,47495
รวม,4190, ตราด,ผู้สูงอายุที่ทำงาน,2562,สำนักงานสถิติแห่งชาติ,คน,17920
รวม,4191,ฉะเชิงเทรา,ผู้สูงอายุที่ทำงาน,2562,สำนักงานสถิติแห่งชาติ,คน,29309
รวม,4192, ปราจีนบุรี,ผู้สูงอายุที่ทำงาน,2562,สำนักงานสถิติแห่งชาติ,คน,32944
รวม,4193, นครนายก,ผู้สูงอายุที่ทำงาน,2562,สำนักงานสถิติแห่งชาติ,คน,17818
รวม,4194,สระแก้ว,ผู้สูงอายุที่ทำงาน,2562,สำนักงานสถิติแห่งชาติ,คน,34949
รวม,4195, ราชบุรี,ผู้สูงอายุที่ทำงาน,2562,สำนักงานสถิติแห่งชาติ,คน,66977
รวม,4196, กาญจนบุรี,ผู้สูงอายุที่ทำงาน,2562,สำนักงานสถิติแห่งชาติ,คน,58675
รวม,4197, สุพรรณบุรี,ผู้สูงอายุที่ทำงาน,2562,สำนักงานสถิติแห่งชาติ,คน,70490
รวม,4198, นครปฐม,ผู้สูงอายุที่ทำงาน,2562,สำนักงานสถิติแห่งชาติ,คน,57064
รวม,4199, สมุทรสาคร,ผู้สูงอายุที่ทำงาน,2562,สำนักงานสถิติแห่งชาติ,คน,29451
รวม,4200, สมุทรสงคราม,ผู้สูงอายุที่ทำงาน,2562,สำนักงานสถิติแห่งชาติ,คน,18183
รวม,4201, เพชรบุรี,ผู้สูงอายุที่ทำงาน,2562,สำนักงานสถิติแห่งชาติ,คน,38950
รวม,4202, ประจวบคีรีขันธ์,ผู้สูงอายุที่ทำงาน,2562,สำนักงานสถิติแห่งชาติ,คน,25291
รวม,4203,ภาคเหนือ,ผู้สูงอายุที่ทำงาน,2562,สำนักงานสถิติแห่งชาติ,คน,1012958
รวม,4204, เชียงใหม่,ผู้สูงอายุที่ทำงาน,2562,สำนักงานสถิติแห่งชาติ,คน,148904
รวม,4205, ลำพูน,ผู้สูงอายุที่ทำงาน,2562,สำนักงานสถิติแห่งชาติ,คน,41823
รวม,4206, ลำปาง,ผู้สูงอายุที่ทำงาน,2562,สำนักงานสถิติแห่งชาติ,คน,67228
รวม,4207, อุตรดิตถ์,ผู้สูงอายุที่ทำงาน,2562,สำนักงานสถิติแห่งชาติ,คน,41520
รวม,4208, แพร่,ผู้สูงอายุที่ทำงาน,2562,สำนักงานสถิติแห่งชาติ,คน,44826
รวม,4209, น่าน,ผู้สูงอายุที่ทำงาน,2562,สำนักงานสถิติแห่งชาติ,คน,44890
รวม,4210, พะเยา,ผู้สูงอายุที่ทำงาน,2562,สำนักงานสถิติแห่งชาติ,คน,35414
รวม,4211, เชียงราย,ผู้สูงอายุที่ทำงาน,2562,สำนักงานสถิติแห่งชาติ,คน,88605
รวม,4212, แม่ฮ่องสอน,ผู้สูงอายุที่ทำงาน,2562,สำนักงานสถิติแห่งชาติ,คน,12377
รวม,4213, นครสวรรค์,ผู้สูงอายุที่ทำงาน,2562,สำนักงานสถิติแห่งชาติ,คน,89707
รวม,4214, อุทัยธานี,ผู้สูงอายุที่ทำงาน,2562,สำนักงานสถิติแห่งชาติ,คน,34361
รวม,4215, กำแพงเพชร,ผู้สูงอายุที่ทำงาน,2562,สำนักงานสถิติแห่งชาติ,คน,64116
รวม,4216, ตาก,ผู้สูงอายุที่ทำงาน,2562,สำนักงานสถิติแห่งชาติ,คน,28992
รวม,4217, สุโขทัย,ผู้สูงอายุที่ทำงาน,2562,สำนักงานสถิติแห่งชาติ,คน,59665
รวม,4218, พิษณุโลก,ผู้สูงอายุที่ทำงาน,2562,สำนักงานสถิติแห่งชาติ,คน,85249
รวม,4219, พิจิตร,ผู้สูงอายุที่ทำงาน,2562,สำนักงานสถิติแห่งชาติ,คน,52590
รวม,4220, เพชรบูรณ์,ผู้สูงอายุที่ทำงาน,2562,สำนักงานสถิติแห่งชาติ,คน,72691
รวม,4221,ภาคตะวันออกเฉียงเหนือ,ผู้สูงอายุที่ทำงาน,2562,สำนักงานสถิติแห่งชาติ,คน,1461652
รวม,4222,นครราชสีมา,ผู้สูงอายุที่ทำงาน,2562,สำนักงานสถิติแห่งชาติ,คน,142762
รวม,4223, บุรีรัมย์,ผู้สูงอายุที่ทำงาน,2562,สำนักงานสถิติแห่งชาติ,คน,133510
รวม,4224, สุรินทร์,ผู้สูงอายุที่ทำงาน,2562,สำนักงานสถิติแห่งชาติ,คน,121608
รวม,4225, ศรีสะเกษ,ผู้สูงอายุที่ทำงาน,2562,สำนักงานสถิติแห่งชาติ,คน,104781
รวม,4226, อุบลราชธานี,ผู้สูงอายุที่ทำงาน,2562,สำนักงานสถิติแห่งชาติ,คน,131523
รวม,4227,ยโสธร,ผู้สูงอายุที่ทำงาน,2562,สำนักงานสถิติแห่งชาติ,คน,63737
รวม,4228,ชัยภูมิ,ผู้สูงอายุที่ทำงาน,2562,สำนักงานสถิติแห่งชาติ,คน,89318
รวม,4229, อำนาจเจริญ,ผู้สูงอายุที่ทำงาน,2562,สำนักงานสถิติแห่งชาติ,คน,22036
รวม,4230, บึงกาฬ,ผู้สูงอายุที่ทำงาน,2562,สำนักงานสถิติแห่งชาติ,คน,19834
รวม,4231, หนองบัวลำภู,ผู้สูงอายุที่ทำงาน,2562,สำนักงานสถิติแห่งชาติ,คน,27365
รวม,4232, ขอนแก่น,ผู้สูงอายุที่ทำงาน,2562,สำนักงานสถิติแห่งชาติ,คน,125363
รวม,4233, อุดรธานี,ผู้สูงอายุที่ทำงาน,2562,สำนักงานสถิติแห่งชาติ,คน,80577
รวม,4234,เลย,ผู้สูงอายุที่ทำงาน,2562,สำนักงานสถิติแห่งชาติ,คน,35783
รวม,4235, หนองคาย,ผู้สูงอายุที่ทำงาน,2562,สำนักงานสถิติแห่งชาติ,คน,25261
รวม,4236,มหาสารคาม,ผู้สูงอายุที่ทำงาน,2562,สำนักงานสถิติแห่งชาติ,คน,57472
รวม,4237, ร้อยเอ็ด,ผู้สูงอายุที่ทำงาน,2562,สำนักงานสถิติแห่งชาติ,คน,109719
รวม,4238, กาฬสินธุ์,ผู้สูงอายุที่ทำงาน,2562,สำนักงานสถิติแห่งชาติ,คน,68091
รวม,4239, สกลนคร,ผู้สูงอายุที่ทำงาน,2562,สำนักงานสถิติแห่งชาติ,คน,37289
รวม,4240, นครพนม,ผู้สูงอายุที่ทำงาน,2562,สำนักงานสถิติแห่งชาติ,คน,37740
รวม,4241, มุกดาหาร,ผู้สูงอายุที่ทำงาน,2562,สำนักงานสถิติแห่งชาติ,คน,27883
รวม,4242,ภาคใต้,ผู้สูงอายุที่ทำงาน,2562,สำนักงานสถิติแห่งชาติ,คน,531817
รวม,4243, นครศรีธรรมราช,ผู้สูงอายุที่ทำงาน,2562,สำนักงานสถิติแห่งชาติ,คน,115167
รวม,4244, กระบี่,ผู้สูงอายุที่ทำงาน,2562,สำนักงานสถิติแห่งชาติ,คน,19597
รวม,4245, พังงา,ผู้สูงอายุที่ทำงาน,2562,สำนักงานสถิติแห่งชาติ,คน,13936
รวม,4246,ภูเก็ต,ผู้สูงอายุที่ทำงาน,2562,สำนักงานสถิติแห่งชาติ,คน,14063
รวม,4247,สุราษฎร์ธานี,ผู้สูงอายุที่ทำงาน,2562,สำนักงานสถิติแห่งชาติ,คน,50196
รวม,4248, ระนอง,ผู้สูงอายุที่ทำงาน,2562,สำนักงานสถิติแห่งชาติ,คน,7710
รวม,4249, ชุมพร,ผู้สูงอายุที่ทำงาน,2562,สำนักงานสถิติแห่งชาติ,คน,31969
รวม,4250,สงขลา,ผู้สูงอายุที่ทำงาน,2562,สำนักงานสถิติแห่งชาติ,คน,76423
รวม,4251, สตูล,ผู้สูงอายุที่ทำงาน,2562,สำนักงานสถิติแห่งชาติ,คน,14490
รวม,4252, ตรัง,ผู้สูงอายุที่ทำงาน,2562,สำนักงานสถิติแห่งชาติ,คน,41892
รวม,4253, พัทลุง,ผู้สูงอายุที่ทำงาน,2562,สำนักงานสถิติแห่งชาติ,คน,47411
รวม,4254, ปัตตานี,ผู้สูงอายุที่ทำงาน,2562,สำนักงานสถิติแห่งชาติ,คน,40142
รวม,4255, ยะลา,ผู้สูงอายุที่ทำงาน,2562,สำนักงานสถิติแห่งชาติ,คน,22228
รวม,4256, นราธิวาส,ผู้สูงอายุที่ทำงาน,2562,สำนักงานสถิติแห่งชาติ,คน,36593
ชาย,4257,จำนวน,ผู้สูงอายุที่ทำงาน,2562,สำนักงานสถิติแห่งชาติ,คน,2469866
ชาย,4258, กรุงเทพมหานคร,ผู้สูงอายุที่ทำงาน,2562,สำนักงานสถิติแห่งชาติ,คน,139050
ชาย,4259,ภาคกลาง,ผู้สูงอายุที่ทำงาน,2562,สำนักงานสถิติแห่งชาติ,คน,547319
ชาย,4260, สมุทรปราการ,ผู้สูงอายุที่ทำงาน,2562,สำนักงานสถิติแห่งชาติ,คน,37465
ชาย,4261, นนทบุรี,ผู้สูงอายุที่ทำงาน,2562,สำนักงานสถิติแห่งชาติ,คน,27620
ชาย,4262, ปทุมธานี,ผู้สูงอายุที่ทำงาน,2562,สำนักงานสถิติแห่งชาติ,คน,21055
ชาย,4263, พระนครศรีอยุธยา,ผู้สูงอายุที่ทำงาน,2562,สำนักงานสถิติแห่งชาติ,คน,23281
ชาย,4264, อ่างทอง,ผู้สูงอายุที่ทำงาน,2562,สำนักงานสถิติแห่งชาติ,คน,10763
ชาย,4265, ลพบุรี,ผู้สูงอายุที่ทำงาน,2562,สำนักงานสถิติแห่งชาติ,คน,30063
ชาย,4266, สิงห์บุรี,ผู้สูงอายุที่ทำงาน,2562,สำนักงานสถิติแห่งชาติ,คน,9073
ชาย,4267, ชัยนาท,ผู้สูงอายุที่ทำงาน,2562,สำนักงานสถิติแห่งชาติ,คน,16325
ชาย,4268,สระบุรี,ผู้สูงอายุที่ทำงาน,2562,สำนักงานสถิติแห่งชาติ,คน,18982
ชาย,4269,ชลบุรี,ผู้สูงอายุที่ทำงาน,2562,สำนักงานสถิติแห่งชาติ,คน,25419
ชาย,4270, ระยอง,ผู้สูงอายุที่ทำงาน,2562,สำนักงานสถิติแห่งชาติ,คน,23735
ชาย,4271,จันทบุรี,ผู้สูงอายุที่ทำงาน,2562,สำนักงานสถิติแห่งชาติ,คน,24976
ชาย,4272, ตราด,ผู้สูงอายุที่ทำงาน,2562,สำนักงานสถิติแห่งชาติ,คน,11329
ชาย,4273,ฉะเชิงเทรา,ผู้สูงอายุที่ทำงาน,2562,สำนักงานสถิติแห่งชาติ,คน,20321
ชาย,4274, ปราจีนบุรี,ผู้สูงอายุที่ทำงาน,2562,สำนักงานสถิติแห่งชาติ,คน,19715
ชาย,4275, นครนายก,ผู้สูงอายุที่ทำงาน,2562,สำนักงานสถิติแห่งชาติ,คน,10738
ชาย,4276,สระแก้ว,ผู้สูงอายุที่ทำงาน,2562,สำนักงานสถิติแห่งชาติ,คน,21011
ชาย,4277, ราชบุรี,ผู้สูงอายุที่ทำงาน,2562,สำนักงานสถิติแห่งชาติ,คน,30356
ชาย,4278, กาญจนบุรี,ผู้สูงอายุที่ทำงาน,2562,สำนักงานสถิติแห่งชาติ,คน,32546
ชาย,4279, สุพรรณบุรี,ผู้สูงอายุที่ทำงาน,2562,สำนักงานสถิติแห่งชาติ,คน,41442
ชาย,4280, นครปฐม,ผู้สูงอายุที่ทำงาน,2562,สำนักงานสถิติแห่งชาติ,คน,31414
ชาย,4281, สมุทรสาคร,ผู้สูงอายุที่ทำงาน,2562,สำนักงานสถิติแห่งชาติ,คน,14869
ชาย,4282, สมุทรสงคราม,ผู้สูงอายุที่ทำงาน,2562,สำนักงานสถิติแห่งชาติ,คน,9814
ชาย,4283, เพชรบุรี,ผู้สูงอายุที่ทำงาน,2562,สำนักงานสถิติแห่งชาติ,คน,20754
ชาย,4284, ประจวบคีรีขันธ์,ผู้สูงอายุที่ทำงาน,2562,สำนักงานสถิติแห่งชาติ,คน,14252
ชาย,4285,ภาคเหนือ,ผู้สูงอายุที่ทำงาน,2562,สำนักงานสถิติแห่งชาติ,คน,586377
ชาย,4286, เชียงใหม่,ผู้สูงอายุที่ทำงาน,2562,สำนักงานสถิติแห่งชาติ,คน,76376
ชาย,4287, ลำพูน,ผู้สูงอายุที่ทำงาน,2562,สำนักงานสถิติแห่งชาติ,คน,24449
ชาย,4288, ลำปาง,ผู้สูงอายุที่ทำงาน,2562,สำนักงานสถิติแห่งชาติ,คน,40952
ชาย,4289, อุตรดิตถ์,ผู้สูงอายุที่ทำงาน,2562,สำนักงานสถิติแห่งชาติ,คน,24263
ชาย,4290, แพร่,ผู้สูงอายุที่ทำงาน,2562,สำนักงานสถิติแห่งชาติ,คน,24147
ชาย,4291, น่าน,ผู้สูงอายุที่ทำงาน,2562,สำนักงานสถิติแห่งชาติ,คน,27032
ชาย,4292, พะเยา,ผู้สูงอายุที่ทำงาน,2562,สำนักงานสถิติแห่งชาติ,คน,22512
ชาย,4293, เชียงราย,ผู้สูงอายุที่ทำงาน,2562,สำนักงานสถิติแห่งชาติ,คน,51858
ชาย,4294, แม่ฮ่องสอน,ผู้สูงอายุที่ทำงาน,2562,สำนักงานสถิติแห่งชาติ,คน,7738
ชาย,4295, นครสวรรค์,ผู้สูงอายุที่ทำงาน,2562,สำนักงานสถิติแห่งชาติ,คน,48965
ชาย,4296, อุทัยธานี,ผู้สูงอายุที่ทำงาน,2562,สำนักงานสถิติแห่งชาติ,คน,18651
ชาย,4297, กำแพงเพชร,ผู้สูงอายุที่ทำงาน,2562,สำนักงานสถิติแห่งชาติ,คน,37998
ชาย,4298, ตาก,ผู้สูงอายุที่ทำงาน,2562,สำนักงานสถิติแห่งชาติ,คน,17107
ชาย,4299, สุโขทัย,ผู้สูงอายุที่ทำงาน,2562,สำนักงานสถิติแห่งชาติ,คน,33663
ชาย,4300, พิษณุโลก,ผู้สูงอายุที่ทำงาน,2562,สำนักงานสถิติแห่งชาติ,คน,50308
ชาย,4301, พิจิตร,ผู้สูงอายุที่ทำงาน,2562,สำนักงานสถิติแห่งชาติ,คน,30641
ชาย,4302, เพชรบูรณ์,ผู้สูงอายุที่ทำงาน,2562,สำนักงานสถิติแห่งชาติ,คน,49716
ชาย,4303,ภาคตะวันออกเฉียงเหนือ,ผู้สูงอายุที่ทำงาน,2562,สำนักงานสถิติแห่งชาติ,คน,887051
ชาย,4304,นครราชสีมา,ผู้สูงอายุที่ทำงาน,2562,สำนักงานสถิติแห่งชาติ,คน,94061
ชาย,4305, บุรีรัมย์,ผู้สูงอายุที่ทำงาน,2562,สำนักงานสถิติแห่งชาติ,คน,74795
ชาย,4306, สุรินทร์,ผู้สูงอายุที่ทำงาน,2562,สำนักงานสถิติแห่งชาติ,คน,74377
ชาย,4307, ศรีสะเกษ,ผู้สูงอายุที่ทำงาน,2562,สำนักงานสถิติแห่งชาติ,คน,61155
ชาย,4308, อุบลราชธานี,ผู้สูงอายุที่ทำงาน,2562,สำนักงานสถิติแห่งชาติ,คน,82727
ชาย,4309,ยโสธร,ผู้สูงอายุที่ทำงาน,2562,สำนักงานสถิติแห่งชาติ,คน,33688
ชาย,4310,ชัยภูมิ,ผู้สูงอายุที่ทำงาน,2562,สำนักงานสถิติแห่งชาติ,คน,54592
ชาย,4311, อำนาจเจริญ,ผู้สูงอายุที่ทำงาน,2562,สำนักงานสถิติแห่งชาติ,คน,14630
ชาย,4312, บึงกาฬ,ผู้สูงอายุที่ทำงาน,2562,สำนักงานสถิติแห่งชาติ,คน,12700
ชาย,4313, หนองบัวลำภู,ผู้สูงอายุที่ทำงาน,2562,สำนักงานสถิติแห่งชาติ,คน,18964
ชาย,4314, ขอนแก่น,ผู้สูงอายุที่ทำงาน,2562,สำนักงานสถิติแห่งชาติ,คน,79668
ชาย,4315, อุดรธานี,ผู้สูงอายุที่ทำงาน,2562,สำนักงานสถิติแห่งชาติ,คน,47491
ชาย,4316,เลย,ผู้สูงอายุที่ทำงาน,2562,สำนักงานสถิติแห่งชาติ,คน,24560
ชาย,4317, หนองคาย,ผู้สูงอายุที่ทำงาน,2562,สำนักงานสถิติแห่งชาติ,คน,14906
ชาย,4318,มหาสารคาม,ผู้สูงอายุที่ทำงาน,2562,สำนักงานสถิติแห่งชาติ,คน,31130
ชาย,4319, ร้อยเอ็ด,ผู้สูงอายุที่ทำงาน,2562,สำนักงานสถิติแห่งชาติ,คน,63415
ชาย,4320, กาฬสินธุ์,ผู้สูงอายุที่ทำงาน,2562,สำนักงานสถิติแห่งชาติ,คน,41900
ชาย,4321, สกลนคร,ผู้สูงอายุที่ทำงาน,2562,สำนักงานสถิติแห่งชาติ,คน,22093
ชาย,4322, นครพนม,ผู้สูงอายุที่ทำงาน,2562,สำนักงานสถิติแห่งชาติ,คน,23393
ชาย,4323, มุกดาหาร,ผู้สูงอายุที่ทำงาน,2562,สำนักงานสถิติแห่งชาติ,คน,16807
ชาย,4324,ภาคใต้,ผู้สูงอายุที่ทำงาน,2562,สำนักงานสถิติแห่งชาติ,คน,310069
ชาย,4325, นครศรีธรรมราช,ผู้สูงอายุที่ทำงาน,2562,สำนักงานสถิติแห่งชาติ,คน,68318
ชาย,4326, กระบี่,ผู้สูงอายุที่ทำงาน,2562,สำนักงานสถิติแห่งชาติ,คน,11887
ชาย,4327, พังงา,ผู้สูงอายุที่ทำงาน,2562,สำนักงานสถิติแห่งชาติ,คน,9408
ชาย,4328,ภูเก็ต,ผู้สูงอายุที่ทำงาน,2562,สำนักงานสถิติแห่งชาติ,คน,8537
ชาย,4329,สุราษฎร์ธานี,ผู้สูงอายุที่ทำงาน,2562,สำนักงานสถิติแห่งชาติ,คน,30753
ชาย,4330, ระนอง,ผู้สูงอายุที่ทำงาน,2562,สำนักงานสถิติแห่งชาติ,คน,5258
ชาย,4331, ชุมพร,ผู้สูงอายุที่ทำงาน,2562,สำนักงานสถิติแห่งชาติ,คน,18917
ชาย,4332,สงขลา,ผู้สูงอายุที่ทำงาน,2562,สำนักงานสถิติแห่งชาติ,คน,42927
ชาย,4333, สตูล,ผู้สูงอายุที่ทำงาน,2562,สำนักงานสถิติแห่งชาติ,คน,9154
ชาย,4334, ตรัง,ผู้สูงอายุที่ทำงาน,2562,สำนักงานสถิติแห่งชาติ,คน,21897
ชาย,4335, พัทลุง,ผู้สูงอายุที่ทำงาน,2562,สำนักงานสถิติแห่งชาติ,คน,24903
ชาย,4336, ปัตตานี,ผู้สูงอายุที่ทำงาน,2562,สำนักงานสถิติแห่งชาติ,คน,23080
ชาย,4337, ยะลา,ผู้สูงอายุที่ทำงาน,2562,สำนักงานสถิติแห่งชาติ,คน,13689
ชาย,4338, นราธิวาส,ผู้สูงอายุที่ทำงาน,2562,สำนักงานสถิติแห่งชาติ,คน,21342
หญิง,4339,จำนวน,ผู้สูงอายุที่ทำงาน,2562,สำนักงานสถิติแห่งชาติ,คน,1765814
หญิง,4340, กรุงเทพมหานคร,ผู้สูงอายุที่ทำงาน,2562,สำนักงานสถิติแห่งชาติ,คน,112565
หญิง,4341,ภาคกลาง,ผู้สูงอายุที่ทำงาน,2562,สำนักงานสถิติแห่งชาติ,คน,430319
หญิง,4342, สมุทรปราการ,ผู้สูงอายุที่ทำงาน,2562,สำนักงานสถิติแห่งชาติ,คน,24811
หญิง,4343, นนทบุรี,ผู้สูงอายุที่ทำงาน,2562,สำนักงานสถิติแห่งชาติ,คน,20001
หญิง,4344, ปทุมธานี,ผู้สูงอายุที่ทำงาน,2562,สำนักงานสถิติแห่งชาติ,คน,17507
หญิง,4345, พระนครศรีอยุธยา,ผู้สูงอายุที่ทำงาน,2562,สำนักงานสถิติแห่งชาติ,คน,19912
หญิง,4346, อ่างทอง,ผู้สูงอายุที่ทำงาน,2562,สำนักงานสถิติแห่งชาติ,คน,11661
หญิง,4347, ลพบุรี,ผู้สูงอายุที่ทำงาน,2562,สำนักงานสถิติแห่งชาติ,คน,20294
หญิง,4348, สิงห์บุรี,ผู้สูงอายุที่ทำงาน,2562,สำนักงานสถิติแห่งชาติ,คน,8806
หญิง,4349, ชัยนาท,ผู้สูงอายุที่ทำงาน,2562,สำนักงานสถิติแห่งชาติ,คน,13311
หญิง,4350,สระบุรี,ผู้สูงอายุที่ทำงาน,2562,สำนักงานสถิติแห่งชาติ,คน,14915
หญิง,4351,ชลบุรี,ผู้สูงอายุที่ทำงาน,2562,สำนักงานสถิติแห่งชาติ,คน,19107
หญิง,4352, ระยอง,ผู้สูงอายุที่ทำงาน,2562,สำนักงานสถิติแห่งชาติ,คน,18016
หญิง,4353,จันทบุรี,ผู้สูงอายุที่ทำงาน,2562,สำนักงานสถิติแห่งชาติ,คน,22519
หญิง,4354, ตราด,ผู้สูงอายุที่ทำงาน,2562,สำนักงานสถิติแห่งชาติ,คน,6591
หญิง,4355,ฉะเชิงเทรา,ผู้สูงอายุที่ทำงาน,2562,สำนักงานสถิติแห่งชาติ,คน,8988
หญิง,4356, ปราจีนบุรี,ผู้สูงอายุที่ทำงาน,2562,สำนักงานสถิติแห่งชาติ,คน,13229
หญิง,4357, นครนายก,ผู้สูงอายุที่ทำงาน,2562,สำนักงานสถิติแห่งชาติ,คน,7081
หญิง,4358,สระแก้ว,ผู้สูงอายุที่ทำงาน,2562,สำนักงานสถิติแห่งชาติ,คน,13937
หญิง,4359, ราชบุรี,ผู้สูงอายุที่ทำงาน,2562,สำนักงานสถิติแห่งชาติ,คน,36621
หญิง,4360, กาญจนบุรี,ผู้สูงอายุที่ทำงาน,2562,สำนักงานสถิติแห่งชาติ,คน,26129
หญิง,4361, สุพรรณบุรี,ผู้สูงอายุที่ทำงาน,2562,สำนักงานสถิติแห่งชาติ,คน,29048
หญิง,4362, นครปฐม,ผู้สูงอายุที่ทำงาน,2562,สำนักงานสถิติแห่งชาติ,คน,25650
หญิง,4363, สมุทรสาคร,ผู้สูงอายุที่ทำงาน,2562,สำนักงานสถิติแห่งชาติ,คน,14582
หญิง,4364, สมุทรสงคราม,ผู้สูงอายุที่ทำงาน,2562,สำนักงานสถิติแห่งชาติ,คน,8369
หญิง,4365, เพชรบุรี,ผู้สูงอายุที่ทำงาน,2562,สำนักงานสถิติแห่งชาติ,คน,18196
หญิง,4366, ประจวบคีรีขันธ์,ผู้สูงอายุที่ทำงาน,2562,สำนักงานสถิติแห่งชาติ,คน,11039
หญิง,4367,ภาคเหนือ,ผู้สูงอายุที่ทำงาน,2562,สำนักงานสถิติแห่งชาติ,คน,426582
หญิง,4368, เชียงใหม่,ผู้สูงอายุที่ทำงาน,2562,สำนักงานสถิติแห่งชาติ,คน,72528
หญิง,4369, ลำพูน,ผู้สูงอายุที่ทำงาน,2562,สำนักงานสถิติแห่งชาติ,คน,17374
หญิง,4370, ลำปาง,ผู้สูงอายุที่ทำงาน,2562,สำนักงานสถิติแห่งชาติ,คน,26276
หญิง,4371, อุตรดิตถ์,ผู้สูงอายุที่ทำงาน,2562,สำนักงานสถิติแห่งชาติ,คน,17256
หญิง,4372, แพร่,ผู้สูงอายุที่ทำงาน,2562,สำนักงานสถิติแห่งชาติ,คน,20679
หญิง,4373, น่าน,ผู้สูงอายุที่ทำงาน,2562,สำนักงานสถิติแห่งชาติ,คน,17858
หญิง,4374, พะเยา,ผู้สูงอายุที่ทำงาน,2562,สำนักงานสถิติแห่งชาติ,คน,12902
หญิง,4375, เชียงราย,ผู้สูงอายุที่ทำงาน,2562,สำนักงานสถิติแห่งชาติ,คน,36747
หญิง,4376, แม่ฮ่องสอน,ผู้สูงอายุที่ทำงาน,2562,สำนักงานสถิติแห่งชาติ,คน,4639
หญิง,4377, นครสวรรค์,ผู้สูงอายุที่ทำงาน,2562,สำนักงานสถิติแห่งชาติ,คน,40741
หญิง,4378, อุทัยธานี,ผู้สูงอายุที่ทำงาน,2562,สำนักงานสถิติแห่งชาติ,คน,15710
หญิง,4379, กำแพงเพชร,ผู้สูงอายุที่ทำงาน,2562,สำนักงานสถิติแห่งชาติ,คน,26119
หญิง,4380, ตาก,ผู้สูงอายุที่ทำงาน,2562,สำนักงานสถิติแห่งชาติ,คน,11884
หญิง,4381, สุโขทัย,ผู้สูงอายุที่ทำงาน,2562,สำนักงานสถิติแห่งชาติ,คน,26002
หญิง,4382, พิษณุโลก,ผู้สูงอายุที่ทำงาน,2562,สำนักงานสถิติแห่งชาติ,คน,34941
หญิง,4383, พิจิตร,ผู้สูงอายุที่ทำงาน,2562,สำนักงานสถิติแห่งชาติ,คน,21949
หญิง,4384, เพชรบูรณ์,ผู้สูงอายุที่ทำงาน,2562,สำนักงานสถิติแห่งชาติ,คน,22975
หญิง,4385,ภาคตะวันออกเฉียงเหนือ,ผู้สูงอายุที่ทำงาน,2562,สำนักงานสถิติแห่งชาติ,คน,574601
หญิง,4386,นครราชสีมา,ผู้สูงอายุที่ทำงาน,2562,สำนักงานสถิติแห่งชาติ,คน,48701
หญิง,4387, บุรีรัมย์,ผู้สูงอายุที่ทำงาน,2562,สำนักงานสถิติแห่งชาติ,คน,58715
หญิง,4388, สุรินทร์,ผู้สูงอายุที่ทำงาน,2562,สำนักงานสถิติแห่งชาติ,คน,47231
หญิง,4389, ศรีสะเกษ,ผู้สูงอายุที่ทำงาน,2562,สำนักงานสถิติแห่งชาติ,คน,43626
หญิง,4390, อุบลราชธานี,ผู้สูงอายุที่ทำงาน,2562,สำนักงานสถิติแห่งชาติ,คน,48796
หญิง,4391,ยโสธร,ผู้สูงอายุที่ทำงาน,2562,สำนักงานสถิติแห่งชาติ,คน,30049
หญิง,4392,ชัยภูมิ,ผู้สูงอายุที่ทำงาน,2562,สำนักงานสถิติแห่งชาติ,คน,34727
หญิง,4393, อำนาจเจริญ,ผู้สูงอายุที่ทำงาน,2562,สำนักงานสถิติแห่งชาติ,คน,7407
หญิง,4394, บึงกาฬ,ผู้สูงอายุที่ทำงาน,2562,สำนักงานสถิติแห่งชาติ,คน,7135
หญิง,4395, หนองบัวลำภู,ผู้สูงอายุที่ทำงาน,2562,สำนักงานสถิติแห่งชาติ,คน,8401
หญิง,4396, ขอนแก่น,ผู้สูงอายุที่ทำงาน,2562,สำนักงานสถิติแห่งชาติ,คน,45695
หญิง,4397, อุดรธานี,ผู้สูงอายุที่ทำงาน,2562,สำนักงานสถิติแห่งชาติ,คน,33086
หญิง,4398,เลย,ผู้สูงอายุที่ทำงาน,2562,สำนักงานสถิติแห่งชาติ,คน,11223
หญิง,4399, หนองคาย,ผู้สูงอายุที่ทำงาน,2562,สำนักงานสถิติแห่งชาติ,คน,10354
หญิง,4400,มหาสารคาม,ผู้สูงอายุที่ทำงาน,2562,สำนักงานสถิติแห่งชาติ,คน,26342
หญิง,4401, ร้อยเอ็ด,ผู้สูงอายุที่ทำงาน,2562,สำนักงานสถิติแห่งชาติ,คน,46304
หญิง,4402, กาฬสินธุ์,ผู้สูงอายุที่ทำงาน,2562,สำนักงานสถิติแห่งชาติ,คน,26190
หญิง,4403, สกลนคร,ผู้สูงอายุที่ทำงาน,2562,สำนักงานสถิติแห่งชาติ,คน,15196
หญิง,4404, นครพนม,ผู้สูงอายุที่ทำงาน,2562,สำนักงานสถิติแห่งชาติ,คน,14347
หญิง,4405, มุกดาหาร,ผู้สูงอายุที่ทำงาน,2562,สำนักงานสถิติแห่งชาติ,คน,11076
หญิง,4406,ภาคใต้,ผู้สูงอายุที่ทำงาน,2562,สำนักงานสถิติแห่งชาติ,คน,221748
หญิง,4407, นครศรีธรรมราช,ผู้สูงอายุที่ทำงาน,2562,สำนักงานสถิติแห่งชาติ,คน,46849
หญิง,4408, กระบี่,ผู้สูงอายุที่ทำงาน,2562,สำนักงานสถิติแห่งชาติ,คน,7709
หญิง,4409, พังงา,ผู้สูงอายุที่ทำงาน,2562,สำนักงานสถิติแห่งชาติ,คน,4528
หญิง,4410,ภูเก็ต,ผู้สูงอายุที่ทำงาน,2562,สำนักงานสถิติแห่งชาติ,คน,5526
หญิง,4411,สุราษฎร์ธานี,ผู้สูงอายุที่ทำงาน,2562,สำนักงานสถิติแห่งชาติ,คน,19443
หญิง,4412, ระนอง,ผู้สูงอายุที่ทำงาน,2562,สำนักงานสถิติแห่งชาติ,คน,2451
หญิง,4413, ชุมพร,ผู้สูงอายุที่ทำงาน,2562,สำนักงานสถิติแห่งชาติ,คน,13053
หญิง,4414,สงขลา,ผู้สูงอายุที่ทำงาน,2562,สำนักงานสถิติแห่งชาติ,คน,33497
หญิง,4415, สตูล,ผู้สูงอายุที่ทำงาน,2562,สำนักงานสถิติแห่งชาติ,คน,5337
หญิง,4416, ตรัง,ผู้สูงอายุที่ทำงาน,2562,สำนักงานสถิติแห่งชาติ,คน,19995
หญิง,4417, พัทลุง,ผู้สูงอายุที่ทำงาน,2562,สำนักงานสถิติแห่งชาติ,คน,22508
หญิง,4418, ปัตตานี,ผู้สูงอายุที่ทำงาน,2562,สำนักงานสถิติแห่งชาติ,คน,17062
หญิง,4419, ยะลา,ผู้สูงอายุที่ทำงาน,2562,สำนักงานสถิติแห่งชาติ,คน,8540
หญิง,4420, นราธิวาส,ผู้สูงอายุที่ทำงาน,2562,สำนักงานสถิติแห่งชาติ,คน,15252
รวม,4421, กรุงเทพมหานคร,ผู้มีงานทำทั้งหมด,2563,สำนักงานสถิติแห่งชาติ,คน,5287678
รวม,4422,ภาคกลาง,ผู้มีงานทำทั้งหมด,2563,สำนักงานสถิติแห่งชาติ,คน,11779065
รวม,4423, สมุทรปราการ,ผู้มีงานทำทั้งหมด,2563,สำนักงานสถิติแห่งชาติ,คน,1350008
รวม,4424, นนทบุรี,ผู้มีงานทำทั้งหมด,2563,สำนักงานสถิติแห่งชาติ,คน,958554
รวม,4425, ปทุมธานี,ผู้มีงานทำทั้งหมด,2563,สำนักงานสถิติแห่งชาติ,คน,946385
รวม,4426, พระนครศรีอยุธยา,ผู้มีงานทำทั้งหมด,2563,สำนักงานสถิติแห่งชาติ,คน,490667
รวม,4427, อ่างทอง,ผู้มีงานทำทั้งหมด,2563,สำนักงานสถิติแห่งชาติ,คน,132714
รวม,4428, ลพบุรี,ผู้มีงานทำทั้งหมด,2563,สำนักงานสถิติแห่งชาติ,คน,432001
รวม,4429, สิงห์บุรี,ผู้มีงานทำทั้งหมด,2563,สำนักงานสถิติแห่งชาติ,คน,109865
รวม,4430, ชัยนาท,ผู้มีงานทำทั้งหมด,2563,สำนักงานสถิติแห่งชาติ,คน,180565
รวม,4431,สระบุรี,ผู้มีงานทำทั้งหมด,2563,สำนักงานสถิติแห่งชาติ,คน,391220
รวม,4432,ชลบุรี,ผู้มีงานทำทั้งหมด,2563,สำนักงานสถิติแห่งชาติ,คน,1019514
รวม,4433, ระยอง,ผู้มีงานทำทั้งหมด,2563,สำนักงานสถิติแห่งชาติ,คน,587276
รวม,4434,จันทบุรี,ผู้มีงานทำทั้งหมด,2563,สำนักงานสถิติแห่งชาติ,คน,363217
รวม,4435, ตราด,ผู้มีงานทำทั้งหมด,2563,สำนักงานสถิติแห่งชาติ,คน,171911
รวม,4436,ฉะเชิงเทรา,ผู้มีงานทำทั้งหมด,2563,สำนักงานสถิติแห่งชาติ,คน,441781
รวม,4437, ปราจีนบุรี,ผู้มีงานทำทั้งหมด,2563,สำนักงานสถิติแห่งชาติ,คน,353518
รวม,4438, นครนายก,ผู้มีงานทำทั้งหมด,2563,สำนักงานสถิติแห่งชาติ,คน,152887
รวม,4439,สระแก้ว,ผู้มีงานทำทั้งหมด,2563,สำนักงานสถิติแห่งชาติ,คน,309083
รวม,4440, ราชบุรี,ผู้มีงานทำทั้งหมด,2563,สำนักงานสถิติแห่งชาติ,คน,447190
รวม,4441, กาญจนบุรี,ผู้มีงานทำทั้งหมด,2563,สำนักงานสถิติแห่งชาติ,คน,449048
รวม,4442, สุพรรณบุรี,ผู้มีงานทำทั้งหมด,2563,สำนักงานสถิติแห่งชาติ,คน,447815
รวม,4443, นครปฐม,ผู้มีงานทำทั้งหมด,2563,สำนักงานสถิติแห่งชาติ,คน,682944
รวม,4444, สมุทรสาคร,ผู้มีงานทำทั้งหมด,2563,สำนักงานสถิติแห่งชาติ,คน,709617
รวม,4445, สมุทรสงคราม,ผู้มีงานทำทั้งหมด,2563,สำนักงานสถิติแห่งชาติ,คน,110215
รวม,4446, เพชรบุรี,ผู้มีงานทำทั้งหมด,2563,สำนักงานสถิติแห่งชาติ,คน,278995
รวม,4447, ประจวบคีรีขันธ์,ผู้มีงานทำทั้งหมด,2563,สำนักงานสถิติแห่งชาติ,คน,262074
รวม,4448,ภาคเหนือ,ผู้มีงานทำทั้งหมด,2563,สำนักงานสถิติแห่งชาติ,คน,6189377
รวม,4449, เชียงใหม่,ผู้มีงานทำทั้งหมด,2563,สำนักงานสถิติแห่งชาติ,คน,989347
รวม,4450, ลำพูน,ผู้มีงานทำทั้งหมด,2563,สำนักงานสถิติแห่งชาติ,คน,262568
รวม,4451, ลำปาง,ผู้มีงานทำทั้งหมด,2563,สำนักงานสถิติแห่งชาติ,คน,403848
รวม,4452, อุตรดิตถ์,ผู้มีงานทำทั้งหมด,2563,สำนักงานสถิติแห่งชาติ,คน,214881
รวม,4453, แพร่,ผู้มีงานทำทั้งหมด,2563,สำนักงานสถิติแห่งชาติ,คน,232332
รวม,4454, น่าน,ผู้มีงานทำทั้งหมด,2563,สำนักงานสถิติแห่งชาติ,คน,238886
รวม,4455, พะเยา,ผู้มีงานทำทั้งหมด,2563,สำนักงานสถิติแห่งชาติ,คน,213048
รวม,4456, เชียงราย,ผู้มีงานทำทั้งหมด,2563,สำนักงานสถิติแห่งชาติ,คน,592959
รวม,4457, แม่ฮ่องสอน,ผู้มีงานทำทั้งหมด,2563,สำนักงานสถิติแห่งชาติ,คน,106474
รวม,4458, นครสวรรค์,ผู้มีงานทำทั้งหมด,2563,สำนักงานสถิติแห่งชาติ,คน,543757
รวม,4459, อุทัยธานี,ผู้มีงานทำทั้งหมด,2563,สำนักงานสถิติแห่งชาติ,คน,152178
รวม,4460, กำแพงเพชร,ผู้มีงานทำทั้งหมด,2563,สำนักงานสถิติแห่งชาติ,คน,416543
รวม,4461, ตาก,ผู้มีงานทำทั้งหมด,2563,สำนักงานสถิติแห่งชาติ,คน,236342
รวม,4462, สุโขทัย,ผู้มีงานทำทั้งหมด,2563,สำนักงานสถิติแห่งชาติ,คน,330515
รวม,4463, พิษณุโลก,ผู้มีงานทำทั้งหมด,2563,สำนักงานสถิติแห่งชาติ,คน,482632
รวม,4464, พิจิตร,ผู้มีงานทำทั้งหมด,2563,สำนักงานสถิติแห่งชาติ,คน,290985
รวม,4465, เพชรบูรณ์,ผู้มีงานทำทั้งหมด,2563,สำนักงานสถิติแห่งชาติ,คน,482082
รวม,4466,ภาคตะวันออกเฉียงเหนือ,ผู้มีงานทำทั้งหมด,2563,สำนักงานสถิติแห่งชาติ,คน,9598617
รวม,4467,นครราชสีมา,ผู้มีงานทำทั้งหมด,2563,สำนักงานสถิติแห่งชาติ,คน,1289307
รวม,4468, บุรีรัมย์,ผู้มีงานทำทั้งหมด,2563,สำนักงานสถิติแห่งชาติ,คน,655813
รวม,4469, สุรินทร์,ผู้มีงานทำทั้งหมด,2563,สำนักงานสถิติแห่งชาติ,คน,541610
รวม,4470, ศรีสะเกษ,ผู้มีงานทำทั้งหมด,2563,สำนักงานสถิติแห่งชาติ,คน,579284
รวม,4471, อุบลราชธานี,ผู้มีงานทำทั้งหมด,2563,สำนักงานสถิติแห่งชาติ,คน,879575
รวม,4472,ยโสธร,ผู้มีงานทำทั้งหมด,2563,สำนักงานสถิติแห่งชาติ,คน,281722
รวม,4473,ชัยภูมิ,ผู้มีงานทำทั้งหมด,2563,สำนักงานสถิติแห่งชาติ,คน,473539
รวม,4474, อำนาจเจริญ,ผู้มีงานทำทั้งหมด,2563,สำนักงานสถิติแห่งชาติ,คน,134298
รวม,4475, บึงกาฬ,ผู้มีงานทำทั้งหมด,2563,สำนักงานสถิติแห่งชาติ,คน,172686
รวม,4476, หนองบัวลำภู,ผู้มีงานทำทั้งหมด,2563,สำนักงานสถิติแห่งชาติ,คน,226950
รวม,4477, ขอนแก่น,ผู้มีงานทำทั้งหมด,2563,สำนักงานสถิติแห่งชาติ,คน,905865
รวม,4478, อุดรธานี,ผู้มีงานทำทั้งหมด,2563,สำนักงานสถิติแห่งชาติ,คน,631873
รวม,4479,เลย,ผู้มีงานทำทั้งหมด,2563,สำนักงานสถิติแห่งชาติ,คน,311039
รวม,4480, หนองคาย,ผู้มีงานทำทั้งหมด,2563,สำนักงานสถิติแห่งชาติ,คน,214541
รวม,4481,มหาสารคาม,ผู้มีงานทำทั้งหมด,2563,สำนักงานสถิติแห่งชาติ,คน,422861
รวม,4482, ร้อยเอ็ด,ผู้มีงานทำทั้งหมด,2563,สำนักงานสถิติแห่งชาติ,คน,565185
รวม,4483, กาฬสินธุ์,ผู้มีงานทำทั้งหมด,2563,สำนักงานสถิติแห่งชาติ,คน,395919
รวม,4484, สกลนคร,ผู้มีงานทำทั้งหมด,2563,สำนักงานสถิติแห่งชาติ,คน,423620
รวม,4485, นครพนม,ผู้มีงานทำทั้งหมด,2563,สำนักงานสถิติแห่งชาติ,คน,293144
รวม,4486, มุกดาหาร,ผู้มีงานทำทั้งหมด,2563,สำนักงานสถิติแห่งชาติ,คน,199788
รวม,4487,ภาคใต้,ผู้มีงานทำทั้งหมด,2563,สำนักงานสถิติแห่งชาติ,คน,5072263
รวม,4488, นครศรีธรรมราช,ผู้มีงานทำทั้งหมด,2563,สำนักงานสถิติแห่งชาติ,คน,895195
รวม,4489, กระบี่,ผู้มีงานทำทั้งหมด,2563,สำนักงานสถิติแห่งชาติ,คน,206822
รวม,4490, พังงา,ผู้มีงานทำทั้งหมด,2563,สำนักงานสถิติแห่งชาติ,คน,143046
รวม,4491,ภูเก็ต,ผู้มีงานทำทั้งหมด,2563,สำนักงานสถิติแห่งชาติ,คน,289656
รวม,4492,สุราษฎร์ธานี,ผู้มีงานทำทั้งหมด,2563,สำนักงานสถิติแห่งชาติ,คน,610504
รวม,4493, ระนอง,ผู้มีงานทำทั้งหมด,2563,สำนักงานสถิติแห่งชาติ,คน,130374
รวม,4494, ชุมพร,ผู้มีงานทำทั้งหมด,2563,สำนักงานสถิติแห่งชาติ,คน,285221
รวม,4495,สงขลา,ผู้มีงานทำทั้งหมด,2563,สำนักงานสถิติแห่งชาติ,คน,843784
รวม,4496, สตูล,ผู้มีงานทำทั้งหมด,2563,สำนักงานสถิติแห่งชาติ,คน,142368
รวม,4497, ตรัง,ผู้มีงานทำทั้งหมด,2563,สำนักงานสถิติแห่งชาติ,คน,372152
รวม,4498, พัทลุง,ผู้มีงานทำทั้งหมด,2563,สำนักงานสถิติแห่งชาติ,คน,306772
รวม,4499, ปัตตานี,ผู้มีงานทำทั้งหมด,2563,สำนักงานสถิติแห่งชาติ,คน,300875
รวม,4500, ยะลา,ผู้มีงานทำทั้งหมด,2563,สำนักงานสถิติแห่งชาติ,คน,223529
รวม,4501, นราธิวาส,ผู้มีงานทำทั้งหมด,2563,สำนักงานสถิติแห่งชาติ,คน,321965
ชาย,4502,จำนวน,ผู้มีงานทำทั้งหมด,2563,สำนักงานสถิติแห่งชาติ,คน,20560639
ชาย,4503, กรุงเทพมหานคร,ผู้มีงานทำทั้งหมด,2563,สำนักงานสถิติแห่งชาติ,คน,2775213
ชาย,4504,ภาคกลาง,ผู้มีงานทำทั้งหมด,2563,สำนักงานสถิติแห่งชาติ,คน,6387520
ชาย,4505, สมุทรปราการ,ผู้มีงานทำทั้งหมด,2563,สำนักงานสถิติแห่งชาติ,คน,710500
ชาย,4506, นนทบุรี,ผู้มีงานทำทั้งหมด,2563,สำนักงานสถิติแห่งชาติ,คน,499730
ชาย,4507, ปทุมธานี,ผู้มีงานทำทั้งหมด,2563,สำนักงานสถิติแห่งชาติ,คน,514325
ชาย,4508, พระนครศรีอยุธยา,ผู้มีงานทำทั้งหมด,2563,สำนักงานสถิติแห่งชาติ,คน,263234
ชาย,4509, อ่างทอง,ผู้มีงานทำทั้งหมด,2563,สำนักงานสถิติแห่งชาติ,คน,69123
ชาย,4510, ลพบุรี,ผู้มีงานทำทั้งหมด,2563,สำนักงานสถิติแห่งชาติ,คน,236649
ชาย,4511, สิงห์บุรี,ผู้มีงานทำทั้งหมด,2563,สำนักงานสถิติแห่งชาติ,คน,58718
ชาย,4512, ชัยนาท,ผู้มีงานทำทั้งหมด,2563,สำนักงานสถิติแห่งชาติ,คน,92744
ชาย,4513,สระบุรี,ผู้มีงานทำทั้งหมด,2563,สำนักงานสถิติแห่งชาติ,คน,219131
ชาย,4514,ชลบุรี,ผู้มีงานทำทั้งหมด,2563,สำนักงานสถิติแห่งชาติ,คน,580403
ชาย,4515, ระยอง,ผู้มีงานทำทั้งหมด,2563,สำนักงานสถิติแห่งชาติ,คน,323905
ชาย,4516,จันทบุรี,ผู้มีงานทำทั้งหมด,2563,สำนักงานสถิติแห่งชาติ,คน,190968
ชาย,4517, ตราด,ผู้มีงานทำทั้งหมด,2563,สำนักงานสถิติแห่งชาติ,คน,98485
ชาย,4518,ฉะเชิงเทรา,ผู้มีงานทำทั้งหมด,2563,สำนักงานสถิติแห่งชาติ,คน,248253
ชาย,4519, ปราจีนบุรี,ผู้มีงานทำทั้งหมด,2563,สำนักงานสถิติแห่งชาติ,คน,191966
ชาย,4520, นครนายก,ผู้มีงานทำทั้งหมด,2563,สำนักงานสถิติแห่งชาติ,คน,85663
ชาย,4521,สระแก้ว,ผู้มีงานทำทั้งหมด,2563,สำนักงานสถิติแห่งชาติ,คน,176330
ชาย,4522, ราชบุรี,ผู้มีงานทำทั้งหมด,2563,สำนักงานสถิติแห่งชาติ,คน,235765
ชาย,4523, กาญจนบุรี,ผู้มีงานทำทั้งหมด,2563,สำนักงานสถิติแห่งชาติ,คน,251481
ชาย,4524, สุพรรณบุรี,ผู้มีงานทำทั้งหมด,2563,สำนักงานสถิติแห่งชาติ,คน,247794
ชาย,4525, นครปฐม,ผู้มีงานทำทั้งหมด,2563,สำนักงานสถิติแห่งชาติ,คน,357859
ชาย,4526, สมุทรสาคร,ผู้มีงานทำทั้งหมด,2563,สำนักงานสถิติแห่งชาติ,คน,377245
ชาย,4527, สมุทรสงคราม,ผู้มีงานทำทั้งหมด,2563,สำนักงานสถิติแห่งชาติ,คน,60097
ชาย,4528, เพชรบุรี,ผู้มีงานทำทั้งหมด,2563,สำนักงานสถิติแห่งชาติ,คน,148349
ชาย,4529, ประจวบคีรีขันธ์,ผู้มีงานทำทั้งหมด,2563,สำนักงานสถิติแห่งชาติ,คน,148803
ชาย,4530,ภาคเหนือ,ผู้มีงานทำทั้งหมด,2563,สำนักงานสถิติแห่งชาติ,คน,3349185
ชาย,4531, เชียงใหม่,ผู้มีงานทำทั้งหมด,2563,สำนักงานสถิติแห่งชาติ,คน,528924
ชาย,4532, ลำพูน,ผู้มีงานทำทั้งหมด,2563,สำนักงานสถิติแห่งชาติ,คน,135391
ชาย,4533, ลำปาง,ผู้มีงานทำทั้งหมด,2563,สำนักงานสถิติแห่งชาติ,คน,219298
ชาย,4534, อุตรดิตถ์,ผู้มีงานทำทั้งหมด,2563,สำนักงานสถิติแห่งชาติ,คน,117741
ชาย,4535, แพร่,ผู้มีงานทำทั้งหมด,2563,สำนักงานสถิติแห่งชาติ,คน,123065
ชาย,4536, น่าน,ผู้มีงานทำทั้งหมด,2563,สำนักงานสถิติแห่งชาติ,คน,132099
ชาย,4537, พะเยา,ผู้มีงานทำทั้งหมด,2563,สำนักงานสถิติแห่งชาติ,คน,117512
ชาย,4538, เชียงราย,ผู้มีงานทำทั้งหมด,2563,สำนักงานสถิติแห่งชาติ,คน,331642
ชาย,4539, แม่ฮ่องสอน,ผู้มีงานทำทั้งหมด,2563,สำนักงานสถิติแห่งชาติ,คน,60189
ชาย,4540, นครสวรรค์,ผู้มีงานทำทั้งหมด,2563,สำนักงานสถิติแห่งชาติ,คน,288821
ชาย,4541, อุทัยธานี,ผู้มีงานทำทั้งหมด,2563,สำนักงานสถิติแห่งชาติ,คน,83875
ชาย,4542, กำแพงเพชร,ผู้มีงานทำทั้งหมด,2563,สำนักงานสถิติแห่งชาติ,คน,227097
ชาย,4543, ตาก,ผู้มีงานทำทั้งหมด,2563,สำนักงานสถิติแห่งชาติ,คน,139103
ชาย,4544, สุโขทัย,ผู้มีงานทำทั้งหมด,2563,สำนักงานสถิติแห่งชาติ,คน,170509
ชาย,4545, พิษณุโลก,ผู้มีงานทำทั้งหมด,2563,สำนักงานสถิติแห่งชาติ,คน,256386
ชาย,4546, พิจิตร,ผู้มีงานทำทั้งหมด,2563,สำนักงานสถิติแห่งชาติ,คน,156048
ชาย,4547, เพชรบูรณ์,ผู้มีงานทำทั้งหมด,2563,สำนักงานสถิติแห่งชาติ,คน,261483
ชาย,4548,ภาคตะวันออกเฉียงเหนือ,ผู้มีงานทำทั้งหมด,2563,สำนักงานสถิติแห่งชาติ,คน,5241741
ชาย,4549,นครราชสีมา,ผู้มีงานทำทั้งหมด,2563,สำนักงานสถิติแห่งชาติ,คน,725790
ชาย,4550, บุรีรัมย์,ผู้มีงานทำทั้งหมด,2563,สำนักงานสถิติแห่งชาติ,คน,361819
ชาย,4551, สุรินทร์,ผู้มีงานทำทั้งหมด,2563,สำนักงานสถิติแห่งชาติ,คน,296327
ชาย,4552, ศรีสะเกษ,ผู้มีงานทำทั้งหมด,2563,สำนักงานสถิติแห่งชาติ,คน,300302
ชาย,4553, อุบลราชธานี,ผู้มีงานทำทั้งหมด,2563,สำนักงานสถิติแห่งชาติ,คน,498212
ชาย,4554,ยโสธร,ผู้มีงานทำทั้งหมด,2563,สำนักงานสถิติแห่งชาติ,คน,146820
ชาย,4555,ชัยภูมิ,ผู้มีงานทำทั้งหมด,2563,สำนักงานสถิติแห่งชาติ,คน,264243
ชาย,4556, อำนาจเจริญ,ผู้มีงานทำทั้งหมด,2563,สำนักงานสถิติแห่งชาติ,คน,73958
ชาย,4557, บึงกาฬ,ผู้มีงานทำทั้งหมด,2563,สำนักงานสถิติแห่งชาติ,คน,94629
ชาย,4558, หนองบัวลำภู,ผู้มีงานทำทั้งหมด,2563,สำนักงานสถิติแห่งชาติ,คน,126461
ชาย,4559, ขอนแก่น,ผู้มีงานทำทั้งหมด,2563,สำนักงานสถิติแห่งชาติ,คน,458686
ชาย,4560, อุดรธานี,ผู้มีงานทำทั้งหมด,2563,สำนักงานสถิติแห่งชาติ,คน,347521
ชาย,4561,เลย,ผู้มีงานทำทั้งหมด,2563,สำนักงานสถิติแห่งชาติ,คน,168944
ชาย,4562, หนองคาย,ผู้มีงานทำทั้งหมด,2563,สำนักงานสถิติแห่งชาติ,คน,117223
ชาย,4563,มหาสารคาม,ผู้มีงานทำทั้งหมด,2563,สำนักงานสถิติแห่งชาติ,คน,232576
ชาย,4564, ร้อยเอ็ด,ผู้มีงานทำทั้งหมด,2563,สำนักงานสถิติแห่งชาติ,คน,307021
ชาย,4565, กาฬสินธุ์,ผู้มีงานทำทั้งหมด,2563,สำนักงานสถิติแห่งชาติ,คน,225733
ชาย,4566, สกลนคร,ผู้มีงานทำทั้งหมด,2563,สำนักงานสถิติแห่งชาติ,คน,236403
ชาย,4567, นครพนม,ผู้มีงานทำทั้งหมด,2563,สำนักงานสถิติแห่งชาติ,คน,154678
ชาย,4568, มุกดาหาร,ผู้มีงานทำทั้งหมด,2563,สำนักงานสถิติแห่งชาติ,คน,104396
ชาย,4569,ภาคใต้,ผู้มีงานทำทั้งหมด,2563,สำนักงานสถิติแห่งชาติ,คน,2806979
ชาย,4570, นครศรีธรรมราช,ผู้มีงานทำทั้งหมด,2563,สำนักงานสถิติแห่งชาติ,คน,490793
ชาย,4571, กระบี่,ผู้มีงานทำทั้งหมด,2563,สำนักงานสถิติแห่งชาติ,คน,116358
ชาย,4572, พังงา,ผู้มีงานทำทั้งหมด,2563,สำนักงานสถิติแห่งชาติ,คน,87429
ชาย,4573,ภูเก็ต,ผู้มีงานทำทั้งหมด,2563,สำนักงานสถิติแห่งชาติ,คน,166137
ชาย,4574,สุราษฎร์ธานี,ผู้มีงานทำทั้งหมด,2563,สำนักงานสถิติแห่งชาติ,คน,339348
ชาย,4575, ระนอง,ผู้มีงานทำทั้งหมด,2563,สำนักงานสถิติแห่งชาติ,คน,81429
ชาย,4576, ชุมพร,ผู้มีงานทำทั้งหมด,2563,สำนักงานสถิติแห่งชาติ,คน,169689
ชาย,4577,สงขลา,ผู้มีงานทำทั้งหมด,2563,สำนักงานสถิติแห่งชาติ,คน,440889
ชาย,4578, สตูล,ผู้มีงานทำทั้งหมด,2563,สำนักงานสถิติแห่งชาติ,คน,82275
ชาย,4579, ตรัง,ผู้มีงานทำทั้งหมด,2563,สำนักงานสถิติแห่งชาติ,คน,196209
ชาย,4580, พัทลุง,ผู้มีงานทำทั้งหมด,2563,สำนักงานสถิติแห่งชาติ,คน,159456
ชาย,4581, ปัตตานี,ผู้มีงานทำทั้งหมด,2563,สำนักงานสถิติแห่งชาติ,คน,165599
ชาย,4582, ยะลา,ผู้มีงานทำทั้งหมด,2563,สำนักงานสถิติแห่งชาติ,คน,123610
ชาย,4583, นราธิวาส,ผู้มีงานทำทั้งหมด,2563,สำนักงานสถิติแห่งชาติ,คน,187759
หญิง,4584,จำนวน,ผู้มีงานทำทั้งหมด,2563,สำนักงานสถิติแห่งชาติ,คน,17366362
หญิง,4585, กรุงเทพมหานคร,ผู้มีงานทำทั้งหมด,2563,สำนักงานสถิติแห่งชาติ,คน,2512465
หญิง,4586,ภาคกลาง,ผู้มีงานทำทั้งหมด,2563,สำนักงานสถิติแห่งชาติ,คน,5391545
หญิง,4587, สมุทรปราการ,ผู้มีงานทำทั้งหมด,2563,สำนักงานสถิติแห่งชาติ,คน,639508
หญิง,4588, นนทบุรี,ผู้มีงานทำทั้งหมด,2563,สำนักงานสถิติแห่งชาติ,คน,458825
หญิง,4589, ปทุมธานี,ผู้มีงานทำทั้งหมด,2563,สำนักงานสถิติแห่งชาติ,คน,432060
หญิง,4590, พระนครศรีอยุธยา,ผู้มีงานทำทั้งหมด,2563,สำนักงานสถิติแห่งชาติ,คน,227433
หญิง,4591, อ่างทอง,ผู้มีงานทำทั้งหมด,2563,สำนักงานสถิติแห่งชาติ,คน,63591
หญิง,4592, ลพบุรี,ผู้มีงานทำทั้งหมด,2563,สำนักงานสถิติแห่งชาติ,คน,195351
หญิง,4593, สิงห์บุรี,ผู้มีงานทำทั้งหมด,2563,สำนักงานสถิติแห่งชาติ,คน,51147
หญิง,4594, ชัยนาท,ผู้มีงานทำทั้งหมด,2563,สำนักงานสถิติแห่งชาติ,คน,87822
หญิง,4595,สระบุรี,ผู้มีงานทำทั้งหมด,2563,สำนักงานสถิติแห่งชาติ,คน,172089
หญิง,4596,ชลบุรี,ผู้มีงานทำทั้งหมด,2563,สำนักงานสถิติแห่งชาติ,คน,439111
หญิง,4597, ระยอง,ผู้มีงานทำทั้งหมด,2563,สำนักงานสถิติแห่งชาติ,คน,263371
หญิง,4598,จันทบุรี,ผู้มีงานทำทั้งหมด,2563,สำนักงานสถิติแห่งชาติ,คน,172248
หญิง,4599, ตราด,ผู้มีงานทำทั้งหมด,2563,สำนักงานสถิติแห่งชาติ,คน,73425
หญิง,4600,ฉะเชิงเทรา,ผู้มีงานทำทั้งหมด,2563,สำนักงานสถิติแห่งชาติ,คน,193527
หญิง,4601, ปราจีนบุรี,ผู้มีงานทำทั้งหมด,2563,สำนักงานสถิติแห่งชาติ,คน,161552
หญิง,4602, นครนายก,ผู้มีงานทำทั้งหมด,2563,สำนักงานสถิติแห่งชาติ,คน,67224
หญิง,4603,สระแก้ว,ผู้มีงานทำทั้งหมด,2563,สำนักงานสถิติแห่งชาติ,คน,132753
หญิง,4604, ราชบุรี,ผู้มีงานทำทั้งหมด,2563,สำนักงานสถิติแห่งชาติ,คน,211425
หญิง,4605, กาญจนบุรี,ผู้มีงานทำทั้งหมด,2563,สำนักงานสถิติแห่งชาติ,คน,197566
หญิง,4606, สุพรรณบุรี,ผู้มีงานทำทั้งหมด,2563,สำนักงานสถิติแห่งชาติ,คน,200021
หญิง,4607, นครปฐม,ผู้มีงานทำทั้งหมด,2563,สำนักงานสถิติแห่งชาติ,คน,325084
หญิง,4608, สมุทรสาคร,ผู้มีงานทำทั้งหมด,2563,สำนักงานสถิติแห่งชาติ,คน,332373
หญิง,4609, สมุทรสงคราม,ผู้มีงานทำทั้งหมด,2563,สำนักงานสถิติแห่งชาติ,คน,50119
หญิง,4610, เพชรบุรี,ผู้มีงานทำทั้งหมด,2563,สำนักงานสถิติแห่งชาติ,คน,130647
หญิง,4611, ประจวบคีรีขันธ์,ผู้มีงานทำทั้งหมด,2563,สำนักงานสถิติแห่งชาติ,คน,113271
หญิง,4612,ภาคเหนือ,ผู้มีงานทำทั้งหมด,2563,สำนักงานสถิติแห่งชาติ,คน,2840192
หญิง,4613, เชียงใหม่,ผู้มีงานทำทั้งหมด,2563,สำนักงานสถิติแห่งชาติ,คน,460423
หญิง,4614, ลำพูน,ผู้มีงานทำทั้งหมด,2563,สำนักงานสถิติแห่งชาติ,คน,127177
หญิง,4615, ลำปาง,ผู้มีงานทำทั้งหมด,2563,สำนักงานสถิติแห่งชาติ,คน,184550
หญิง,4616, อุตรดิตถ์,ผู้มีงานทำทั้งหมด,2563,สำนักงานสถิติแห่งชาติ,คน,97140
หญิง,4617, แพร่,ผู้มีงานทำทั้งหมด,2563,สำนักงานสถิติแห่งชาติ,คน,109267
หญิง,4618, น่าน,ผู้มีงานทำทั้งหมด,2563,สำนักงานสถิติแห่งชาติ,คน,106787
หญิง,4619, พะเยา,ผู้มีงานทำทั้งหมด,2563,สำนักงานสถิติแห่งชาติ,คน,95536
หญิง,4620, เชียงราย,ผู้มีงานทำทั้งหมด,2563,สำนักงานสถิติแห่งชาติ,คน,261317
หญิง,4621, แม่ฮ่องสอน,ผู้มีงานทำทั้งหมด,2563,สำนักงานสถิติแห่งชาติ,คน,46284
หญิง,4622, นครสวรรค์,ผู้มีงานทำทั้งหมด,2563,สำนักงานสถิติแห่งชาติ,คน,254935
หญิง,4623, อุทัยธานี,ผู้มีงานทำทั้งหมด,2563,สำนักงานสถิติแห่งชาติ,คน,68303
หญิง,4624, กำแพงเพชร,ผู้มีงานทำทั้งหมด,2563,สำนักงานสถิติแห่งชาติ,คน,189446
หญิง,4625, ตาก,ผู้มีงานทำทั้งหมด,2563,สำนักงานสถิติแห่งชาติ,คน,97238
หญิง,4626, สุโขทัย,ผู้มีงานทำทั้งหมด,2563,สำนักงานสถิติแห่งชาติ,คน,160006
หญิง,4627, พิษณุโลก,ผู้มีงานทำทั้งหมด,2563,สำนักงานสถิติแห่งชาติ,คน,226246
หญิง,4628, พิจิตร,ผู้มีงานทำทั้งหมด,2563,สำนักงานสถิติแห่งชาติ,คน,134937
หญิง,4629, เพชรบูรณ์,ผู้มีงานทำทั้งหมด,2563,สำนักงานสถิติแห่งชาติ,คน,220599
หญิง,4630,ภาคตะวันออกเฉียงเหนือ,ผู้มีงานทำทั้งหมด,2563,สำนักงานสถิติแห่งชาติ,คน,4356876
หญิง,4631,นครราชสีมา,ผู้มีงานทำทั้งหมด,2563,สำนักงานสถิติแห่งชาติ,คน,563517
หญิง,4632, บุรีรัมย์,ผู้มีงานทำทั้งหมด,2563,สำนักงานสถิติแห่งชาติ,คน,293994
หญิง,4633, สุรินทร์,ผู้มีงานทำทั้งหมด,2563,สำนักงานสถิติแห่งชาติ,คน,245283
หญิง,4634, ศรีสะเกษ,ผู้มีงานทำทั้งหมด,2563,สำนักงานสถิติแห่งชาติ,คน,278982
หญิง,4635, อุบลราชธานี,ผู้มีงานทำทั้งหมด,2563,สำนักงานสถิติแห่งชาติ,คน,381363
หญิง,4636,ยโสธร,ผู้มีงานทำทั้งหมด,2563,สำนักงานสถิติแห่งชาติ,คน,134902
หญิง,4637,ชัยภูมิ,ผู้มีงานทำทั้งหมด,2563,สำนักงานสถิติแห่งชาติ,คน,209296
หญิง,4638, อำนาจเจริญ,ผู้มีงานทำทั้งหมด,2563,สำนักงานสถิติแห่งชาติ,คน,60340
หญิง,4639, บึงกาฬ,ผู้มีงานทำทั้งหมด,2563,สำนักงานสถิติแห่งชาติ,คน,78057
หญิง,4640, หนองบัวลำภู,ผู้มีงานทำทั้งหมด,2563,สำนักงานสถิติแห่งชาติ,คน,100489
หญิง,4641, ขอนแก่น,ผู้มีงานทำทั้งหมด,2563,สำนักงานสถิติแห่งชาติ,คน,447179
หญิง,4642, อุดรธานี,ผู้มีงานทำทั้งหมด,2563,สำนักงานสถิติแห่งชาติ,คน,284353
หญิง,4643,เลย,ผู้มีงานทำทั้งหมด,2563,สำนักงานสถิติแห่งชาติ,คน,142095
หญิง,4644, หนองคาย,ผู้มีงานทำทั้งหมด,2563,สำนักงานสถิติแห่งชาติ,คน,97318
หญิง,4645,มหาสารคาม,ผู้มีงานทำทั้งหมด,2563,สำนักงานสถิติแห่งชาติ,คน,190285
หญิง,4646, ร้อยเอ็ด,ผู้มีงานทำทั้งหมด,2563,สำนักงานสถิติแห่งชาติ,คน,258164
หญิง,4647, กาฬสินธุ์,ผู้มีงานทำทั้งหมด,2563,สำนักงานสถิติแห่งชาติ,คน,170186
หญิง,4648, สกลนคร,ผู้มีงานทำทั้งหมด,2563,สำนักงานสถิติแห่งชาติ,คน,187217
หญิง,4649, นครพนม,ผู้มีงานทำทั้งหมด,2563,สำนักงานสถิติแห่งชาติ,คน,138466
หญิง,4650, มุกดาหาร,ผู้มีงานทำทั้งหมด,2563,สำนักงานสถิติแห่งชาติ,คน,95392
หญิง,4651,ภาคใต้,ผู้มีงานทำทั้งหมด,2563,สำนักงานสถิติแห่งชาติ,คน,2265284
หญิง,4652, นครศรีธรรมราช,ผู้มีงานทำทั้งหมด,2563,สำนักงานสถิติแห่งชาติ,คน,404402
หญิง,4653, กระบี่,ผู้มีงานทำทั้งหมด,2563,สำนักงานสถิติแห่งชาติ,คน,90464
หญิง,4654, พังงา,ผู้มีงานทำทั้งหมด,2563,สำนักงานสถิติแห่งชาติ,คน,55618
หญิง,4655,ภูเก็ต,ผู้มีงานทำทั้งหมด,2563,สำนักงานสถิติแห่งชาติ,คน,123519
หญิง,4656,สุราษฎร์ธานี,ผู้มีงานทำทั้งหมด,2563,สำนักงานสถิติแห่งชาติ,คน,271156
หญิง,4657, ระนอง,ผู้มีงานทำทั้งหมด,2563,สำนักงานสถิติแห่งชาติ,คน,48945
หญิง,4658, ชุมพร,ผู้มีงานทำทั้งหมด,2563,สำนักงานสถิติแห่งชาติ,คน,115532
หญิง,4659,สงขลา,ผู้มีงานทำทั้งหมด,2563,สำนักงานสถิติแห่งชาติ,คน,402894
หญิง,4660, สตูล,ผู้มีงานทำทั้งหมด,2563,สำนักงานสถิติแห่งชาติ,คน,60093
หญิง,4661, ตรัง,ผู้มีงานทำทั้งหมด,2563,สำนักงานสถิติแห่งชาติ,คน,175943
หญิง,4662, พัทลุง,ผู้มีงานทำทั้งหมด,2563,สำนักงานสถิติแห่งชาติ,คน,147316
หญิง,4663, ปัตตานี,ผู้มีงานทำทั้งหมด,2563,สำนักงานสถิติแห่งชาติ,คน,135276
หญิง,4664, ยะลา,ผู้มีงานทำทั้งหมด,2563,สำนักงานสถิติแห่งชาติ,คน,99919
หญิง,4665, นราธิวาส,ผู้มีงานทำทั้งหมด,2563,สำนักงานสถิติแห่งชาติ,คน,134206
รวม,4666,จำนวน,ผู้มีงานทำทั้งหมด,2563,สำนักงานสถิติแห่งชาติ,คน,12747476
รวม,4667, กรุงเทพมหานคร,ผู้มีงานทำทั้งหมด,2563,สำนักงานสถิติแห่งชาติ,คน,1266936
รวม,4668,ภาคกลาง,ผู้มีงานทำทั้งหมด,2563,สำนักงานสถิติแห่งชาติ,คน,3329986
รวม,4669, สมุทรปราการ,ผู้มีงานทำทั้งหมด,2563,สำนักงานสถิติแห่งชาติ,คน,297749
รวม,4670, นนทบุรี,ผู้มีงานทำทั้งหมด,2563,สำนักงานสถิติแห่งชาติ,คน,281569
รวม,4671, ปทุมธานี,ผู้มีงานทำทั้งหมด,2563,สำนักงานสถิติแห่งชาติ,คน,203856
รวม,4672, พระนครศรีอยุธยา,ผู้มีงานทำทั้งหมด,2563,สำนักงานสถิติแห่งชาติ,คน,150535
รวม,4673, อ่างทอง,ผู้มีงานทำทั้งหมด,2563,สำนักงานสถิติแห่งชาติ,คน,63513
รวม,4674, ลพบุรี,ผู้มีงานทำทั้งหมด,2563,สำนักงานสถิติแห่งชาติ,คน,160098
รวม,4675, สิงห์บุรี,ผู้มีงานทำทั้งหมด,2563,สำนักงานสถิติแห่งชาติ,คน,52363
รวม,4676, ชัยนาท,ผู้มีงานทำทั้งหมด,2563,สำนักงานสถิติแห่งชาติ,คน,82337
รวม,4677,สระบุรี,ผู้มีงานทำทั้งหมด,2563,สำนักงานสถิติแห่งชาติ,คน,123495
รวม,4678,ชลบุรี,ผู้มีงานทำทั้งหมด,2563,สำนักงานสถิติแห่งชาติ,คน,207365
รวม,4679, ระยอง,ผู้มีงานทำทั้งหมด,2563,สำนักงานสถิติแห่งชาติ,คน,111221
รวม,4680,จันทบุรี,ผู้มีงานทำทั้งหมด,2563,สำนักงานสถิติแห่งชาติ,คน,98609
รวม,4681, ตราด,ผู้มีงานทำทั้งหมด,2563,สำนักงานสถิติแห่งชาติ,คน,46421
รวม,4682,ฉะเชิงเทรา,ผู้มีงานทำทั้งหมด,2563,สำนักงานสถิติแห่งชาติ,คน,145585
รวม,4683, ปราจีนบุรี,ผู้มีงานทำทั้งหมด,2563,สำนักงานสถิติแห่งชาติ,คน,113556
รวม,4684, นครนายก,ผู้มีงานทำทั้งหมด,2563,สำนักงานสถิติแห่งชาติ,คน,59435
รวม,4685,สระแก้ว,ผู้มีงานทำทั้งหมด,2563,สำนักงานสถิติแห่งชาติ,คน,107585
รวม,4686, ราชบุรี,ผู้มีงานทำทั้งหมด,2563,สำนักงานสถิติแห่งชาติ,คน,168778
รวม,4687, กาญจนบุรี,ผู้มีงานทำทั้งหมด,2563,สำนักงานสถิติแห่งชาติ,คน,140141
รวม,4688, สุพรรณบุรี,ผู้มีงานทำทั้งหมด,2563,สำนักงานสถิติแห่งชาติ,คน,208327
รวม,4689, นครปฐม,ผู้มีงานทำทั้งหมด,2563,สำนักงานสถิติแห่งชาติ,คน,187425
รวม,4690, สมุทรสาคร,ผู้มีงานทำทั้งหมด,2563,สำนักงานสถิติแห่งชาติ,คน,95048
รวม,4691, สมุทรสงคราม,ผู้มีงานทำทั้งหมด,2563,สำนักงานสถิติแห่งชาติ,คน,48722
รวม,4692, เพชรบุรี,ผู้มีงานทำทั้งหมด,2563,สำนักงานสถิติแห่งชาติ,คน,101494
รวม,4693, ประจวบคีรีขันธ์,ผู้มีงานทำทั้งหมด,2563,สำนักงานสถิติแห่งชาติ,คน,74759
รวม,4694,ภาคเหนือ,ผู้มีงานทำทั้งหมด,2563,สำนักงานสถิติแห่งชาติ,คน,2694971
รวม,4695, เชียงใหม่,ผู้มีงานทำทั้งหมด,2563,สำนักงานสถิติแห่งชาติ,คน,345560
รวม,4696, ลำพูน,ผู้มีงานทำทั้งหมด,2563,สำนักงานสถิติแห่งชาติ,คน,95119
รวม,4697, ลำปาง,ผู้มีงานทำทั้งหมด,2563,สำนักงานสถิติแห่งชาติ,คน,198365
รวม,4698, อุตรดิตถ์,ผู้มีงานทำทั้งหมด,2563,สำนักงานสถิติแห่งชาติ,คน,118448
รวม,4699, แพร่,ผู้มีงานทำทั้งหมด,2563,สำนักงานสถิติแห่งชาติ,คน,117317
รวม,4700, น่าน,ผู้มีงานทำทั้งหมด,2563,สำนักงานสถิติแห่งชาติ,คน,107408
รวม,4701, พะเยา,ผู้มีงานทำทั้งหมด,2563,สำนักงานสถิติแห่งชาติ,คน,101275
รวม,4702, เชียงราย,ผู้มีงานทำทั้งหมด,2563,สำนักงานสถิติแห่งชาติ,คน,252524
รวม,4703, แม่ฮ่องสอน,ผู้มีงานทำทั้งหมด,2563,สำนักงานสถิติแห่งชาติ,คน,33799
รวม,4704, นครสวรรค์,ผู้มีงานทำทั้งหมด,2563,สำนักงานสถิติแห่งชาติ,คน,249363
รวม,4705, อุทัยธานี,ผู้มีงานทำทั้งหมด,2563,สำนักงานสถิติแห่งชาติ,คน,79887
รวม,4706, กำแพงเพชร,ผู้มีงานทำทั้งหมด,2563,สำนักงานสถิติแห่งชาติ,คน,174523
รวม,4707, ตาก,ผู้มีงานทำทั้งหมด,2563,สำนักงานสถิติแห่งชาติ,คน,86250
รวม,4708, สุโขทัย,ผู้มีงานทำทั้งหมด,2563,สำนักงานสถิติแห่งชาติ,คน,162223
รวม,4709, พิษณุโลก,ผู้มีงานทำทั้งหมด,2563,สำนักงานสถิติแห่งชาติ,คน,207064
รวม,4710, พิจิตร,ผู้มีงานทำทั้งหมด,2563,สำนักงานสถิติแห่งชาติ,คน,146634
รวม,4711, เพชรบูรณ์,ผู้มีงานทำทั้งหมด,2563,สำนักงานสถิติแห่งชาติ,คน,219212
รวม,4712,ภาคตะวันออกเฉียงเหนือ,ผู้มีงานทำทั้งหมด,2563,สำนักงานสถิติแห่งชาติ,คน,3963229
รวม,4713,นครราชสีมา,ผู้มีงานทำทั้งหมด,2563,สำนักงานสถิติแห่งชาติ,คน,528657
รวม,4714, บุรีรัมย์,ผู้มีงานทำทั้งหมด,2563,สำนักงานสถิติแห่งชาติ,คน,283883
รวม,4715, สุรินทร์,ผู้มีงานทำทั้งหมด,2563,สำนักงานสถิติแห่งชาติ,คน,265378
รวม,4716, ศรีสะเกษ,ผู้มีงานทำทั้งหมด,2563,สำนักงานสถิติแห่งชาติ,คน,231740
รวม,4717, อุบลราชธานี,ผู้มีงานทำทั้งหมด,2563,สำนักงานสถิติแห่งชาติ,คน,340473
รวม,4718,ยโสธร,ผู้มีงานทำทั้งหมด,2563,สำนักงานสถิติแห่งชาติ,คน,114029
รวม,4719,ชัยภูมิ,ผู้มีงานทำทั้งหมด,2563,สำนักงานสถิติแห่งชาติ,คน,229196
รวม,4720, อำนาจเจริญ,ผู้มีงานทำทั้งหมด,2563,สำนักงานสถิติแห่งชาติ,คน,57629
รวม,4721, บึงกาฬ,ผู้มีงานทำทั้งหมด,2563,สำนักงานสถิติแห่งชาติ,คน,67684
รวม,4722, หนองบัวลำภู,ผู้มีงานทำทั้งหมด,2563,สำนักงานสถิติแห่งชาติ,คน,94201
รวม,4723, ขอนแก่น,ผู้มีงานทำทั้งหมด,2563,สำนักงานสถิติแห่งชาติ,คน,361643
รวม,4724, อุดรธานี,ผู้มีงานทำทั้งหมด,2563,สำนักงานสถิติแห่งชาติ,คน,234738
รวม,4725,เลย,ผู้มีงานทำทั้งหมด,2563,สำนักงานสถิติแห่งชาติ,คน,113926
รวม,4726, หนองคาย,ผู้มีงานทำทั้งหมด,2563,สำนักงานสถิติแห่งชาติ,คน,87574
รวม,4727,มหาสารคาม,ผู้มีงานทำทั้งหมด,2563,สำนักงานสถิติแห่งชาติ,คน,179822
รวม,4728, ร้อยเอ็ด,ผู้มีงานทำทั้งหมด,2563,สำนักงานสถิติแห่งชาติ,คน,254091
รวม,4729, กาฬสินธุ์,ผู้มีงานทำทั้งหมด,2563,สำนักงานสถิติแห่งชาติ,คน,172568
รวม,4730, สกลนคร,ผู้มีงานทำทั้งหมด,2563,สำนักงานสถิติแห่งชาติ,คน,169086
รวม,4731, นครพนม,ผู้มีงานทำทั้งหมด,2563,สำนักงานสถิติแห่งชาติ,คน,111691
รวม,4732, มุกดาหาร,ผู้มีงานทำทั้งหมด,2563,สำนักงานสถิติแห่งชาติ,คน,65220
รวม,4733,ภาคใต้,ผู้มีงานทำทั้งหมด,2563,สำนักงานสถิติแห่งชาติ,คน,1492354
รวม,4734, นครศรีธรรมราช,ผู้มีงานทำทั้งหมด,2563,สำนักงานสถิติแห่งชาติ,คน,319601
รวม,4735, กระบี่,ผู้มีงานทำทั้งหมด,2563,สำนักงานสถิติแห่งชาติ,คน,49451
รวม,4736, พังงา,ผู้มีงานทำทั้งหมด,2563,สำนักงานสถิติแห่งชาติ,คน,40985
รวม,4737,ภูเก็ต,ผู้มีงานทำทั้งหมด,2563,สำนักงานสถิติแห่งชาติ,คน,58189
รวม,4738,สุราษฎร์ธานี,ผู้มีงานทำทั้งหมด,2563,สำนักงานสถิติแห่งชาติ,คน,163343
รวม,4739, ระนอง,ผู้มีงานทำทั้งหมด,2563,สำนักงานสถิติแห่งชาติ,คน,28965
รวม,4740, ชุมพร,ผู้มีงานทำทั้งหมด,2563,สำนักงานสถิติแห่งชาติ,คน,83970
รวม,4741,สงขลา,ผู้มีงานทำทั้งหมด,2563,สำนักงานสถิติแห่งชาติ,คน,248435
รวม,4742, สตูล,ผู้มีงานทำทั้งหมด,2563,สำนักงานสถิติแห่งชาติ,คน,39606
รวม,4743, ตรัง,ผู้มีงานทำทั้งหมด,2563,สำนักงานสถิติแห่งชาติ,คน,105054
รวม,4744, พัทลุง,ผู้มีงานทำทั้งหมด,2563,สำนักงานสถิติแห่งชาติ,คน,109350
รวม,4745, ปัตตานี,ผู้มีงานทำทั้งหมด,2563,สำนักงานสถิติแห่งชาติ,คน,93301
รวม,4746, ยะลา,ผู้มีงานทำทั้งหมด,2563,สำนักงานสถิติแห่งชาติ,คน,59109
รวม,4747, นราธิวาส,ผู้มีงานทำทั้งหมด,2563,สำนักงานสถิติแห่งชาติ,คน,92995
ชาย,4748,จำนวน,ผู้สูงอายุทั้งหมด,2563,สำนักงานสถิติแห่งชาติ,คน,5708791
ชาย,4749, กรุงเทพมหานคร,ผู้สูงอายุทั้งหมด,2563,สำนักงานสถิติแห่งชาติ,คน,555474
ชาย,4750,ภาคกลาง,ผู้สูงอายุทั้งหมด,2563,สำนักงานสถิติแห่งชาติ,คน,1459197
ชาย,4751, สมุทรปราการ,ผู้สูงอายุทั้งหมด,2563,สำนักงานสถิติแห่งชาติ,คน,128114
ชาย,4752, นนทบุรี,ผู้สูงอายุทั้งหมด,2563,สำนักงานสถิติแห่งชาติ,คน,119110
ชาย,4753, ปทุมธานี,ผู้สูงอายุทั้งหมด,2563,สำนักงานสถิติแห่งชาติ,คน,91561
ชาย,4754, พระนครศรีอยุธยา,ผู้สูงอายุทั้งหมด,2563,สำนักงานสถิติแห่งชาติ,คน,63196
ชาย,4755, อ่างทอง,ผู้สูงอายุทั้งหมด,2563,สำนักงานสถิติแห่งชาติ,คน,26129
ชาย,4756, ลพบุรี,ผู้สูงอายุทั้งหมด,2563,สำนักงานสถิติแห่งชาติ,คน,71217
ชาย,4757, สิงห์บุรี,ผู้สูงอายุทั้งหมด,2563,สำนักงานสถิติแห่งชาติ,คน,22243
ชาย,4758, ชัยนาท,ผู้สูงอายุทั้งหมด,2563,สำนักงานสถิติแห่งชาติ,คน,35383
ชาย,4759,สระบุรี,ผู้สูงอายุทั้งหมด,2563,สำนักงานสถิติแห่งชาติ,คน,53111
ชาย,4760,ชลบุรี,ผู้สูงอายุทั้งหมด,2563,สำนักงานสถิติแห่งชาติ,คน,102370
ชาย,4761, ระยอง,ผู้สูงอายุทั้งหมด,2563,สำนักงานสถิติแห่งชาติ,คน,49563
ชาย,4762,จันทบุรี,ผู้สูงอายุทั้งหมด,2563,สำนักงานสถิติแห่งชาติ,คน,44827
ชาย,4763, ตราด,ผู้สูงอายุทั้งหมด,2563,สำนักงานสถิติแห่งชาติ,คน,21830
ชาย,4764,ฉะเชิงเทรา,ผู้สูงอายุทั้งหมด,2563,สำนักงานสถิติแห่งชาติ,คน,63901
ชาย,4765, ปราจีนบุรี,ผู้สูงอายุทั้งหมด,2563,สำนักงานสถิติแห่งชาติ,คน,48887
ชาย,4766, นครนายก,ผู้สูงอายุทั้งหมด,2563,สำนักงานสถิติแห่งชาติ,คน,25543
ชาย,4767,สระแก้ว,ผู้สูงอายุทั้งหมด,2563,สำนักงานสถิติแห่งชาติ,คน,48846
ชาย,4768, ราชบุรี,ผู้สูงอายุทั้งหมด,2563,สำนักงานสถิติแห่งชาติ,คน,72026
ชาย,4769, กาญจนบุรี,ผู้สูงอายุทั้งหมด,2563,สำนักงานสถิติแห่งชาติ,คน,63710
ชาย,4770, สุพรรณบุรี,ผู้สูงอายุทั้งหมด,2563,สำนักงานสถิติแห่งชาติ,คน,89586
ชาย,4771, นครปฐม,ผู้สูงอายุทั้งหมด,2563,สำนักงานสถิติแห่งชาติ,คน,79430
ชาย,4772, สมุทรสาคร,ผู้สูงอายุทั้งหมด,2563,สำนักงานสถิติแห่งชาติ,คน,40778
ชาย,4773, สมุทรสงคราม,ผู้สูงอายุทั้งหมด,2563,สำนักงานสถิติแห่งชาติ,คน,20111
ชาย,4774, เพชรบุรี,ผู้สูงอายุทั้งหมด,2563,สำนักงานสถิติแห่งชาติ,คน,43877
ชาย,4775, ประจวบคีรีขันธ์,ผู้สูงอายุทั้งหมด,2563,สำนักงานสถิติแห่งชาติ,คน,33848
ชาย,4776,ภาคเหนือ,ผู้สูงอายุทั้งหมด,2563,สำนักงานสถิติแห่งชาติ,คน,1230156
ชาย,4777, เชียงใหม่,ผู้สูงอายุทั้งหมด,2563,สำนักงานสถิติแห่งชาติ,คน,161258
ชาย,4778, ลำพูน,ผู้สูงอายุทั้งหมด,2563,สำนักงานสถิติแห่งชาติ,คน,44484
ชาย,4779, ลำปาง,ผู้สูงอายุทั้งหมด,2563,สำนักงานสถิติแห่งชาติ,คน,92942
ชาย,4780, อุตรดิตถ์,ผู้สูงอายุทั้งหมด,2563,สำนักงานสถิติแห่งชาติ,คน,53292
ชาย,4781, แพร่,ผู้สูงอายุทั้งหมด,2563,สำนักงานสถิติแห่งชาติ,คน,52350
ชาย,4782, น่าน,ผู้สูงอายุทั้งหมด,2563,สำนักงานสถิติแห่งชาติ,คน,51046
ชาย,4783, พะเยา,ผู้สูงอายุทั้งหมด,2563,สำนักงานสถิติแห่งชาติ,คน,48127
ชาย,4784, เชียงราย,ผู้สูงอายุทั้งหมด,2563,สำนักงานสถิติแห่งชาติ,คน,119010
ชาย,4785, แม่ฮ่องสอน,ผู้สูงอายุทั้งหมด,2563,สำนักงานสถิติแห่งชาติ,คน,17060
ชาย,4786, นครสวรรค์,ผู้สูงอายุทั้งหมด,2563,สำนักงานสถิติแห่งชาติ,คน,110207
ชาย,4787, อุทัยธานี,ผู้สูงอายุทั้งหมด,2563,สำนักงานสถิติแห่งชาติ,คน,35458
ชาย,4788, กำแพงเพชร,ผู้สูงอายุทั้งหมด,2563,สำนักงานสถิติแห่งชาติ,คน,79205
ชาย,4789, ตาก,ผู้สูงอายุทั้งหมด,2563,สำนักงานสถิติแห่งชาติ,คน,39903
ชาย,4790, สุโขทัย,ผู้สูงอายุทั้งหมด,2563,สำนักงานสถิติแห่งชาติ,คน,69705
ชาย,4791, พิษณุโลก,ผู้สูงอายุทั้งหมด,2563,สำนักงานสถิติแห่งชาติ,คน,91878
ชาย,4792, พิจิตร,ผู้สูงอายุทั้งหมด,2563,สำนักงานสถิติแห่งชาติ,คน,64435
ชาย,4793, เพชรบูรณ์,ผู้สูงอายุทั้งหมด,2563,สำนักงานสถิติแห่งชาติ,คน,99796
ชาย,4794,ภาคตะวันออกเฉียงเหนือ,ผู้สูงอายุทั้งหมด,2563,สำนักงานสถิติแห่งชาติ,คน,1800239
ชาย,4795,นครราชสีมา,ผู้สูงอายุทั้งหมด,2563,สำนักงานสถิติแห่งชาติ,คน,240131
ชาย,4796, บุรีรัมย์,ผู้สูงอายุทั้งหมด,2563,สำนักงานสถิติแห่งชาติ,คน,128853
ชาย,4797, สุรินทร์,ผู้สูงอายุทั้งหมด,2563,สำนักงานสถิติแห่งชาติ,คน,118597
ชาย,4798, ศรีสะเกษ,ผู้สูงอายุทั้งหมด,2563,สำนักงานสถิติแห่งชาติ,คน,102890
ชาย,4799, อุบลราชธานี,ผู้สูงอายุทั้งหมด,2563,สำนักงานสถิติแห่งชาติ,คน,157502
ชาย,4800,ยโสธร,ผู้สูงอายุทั้งหมด,2563,สำนักงานสถิติแห่งชาติ,คน,51311
ชาย,4801,ชัยภูมิ,ผู้สูงอายุทั้งหมด,2563,สำนักงานสถิติแห่งชาติ,คน,104754
ชาย,4802, อำนาจเจริญ,ผู้สูงอายุทั้งหมด,2563,สำนักงานสถิติแห่งชาติ,คน,25853
ชาย,4803, บึงกาฬ,ผู้สูงอายุทั้งหมด,2563,สำนักงานสถิติแห่งชาติ,คน,31964
ชาย,4804, หนองบัวลำภู,ผู้สูงอายุทั้งหมด,2563,สำนักงานสถิติแห่งชาติ,คน,42609
ชาย,4805, ขอนแก่น,ผู้สูงอายุทั้งหมด,2563,สำนักงานสถิติแห่งชาติ,คน,164689
ชาย,4806, อุดรธานี,ผู้สูงอายุทั้งหมด,2563,สำนักงานสถิติแห่งชาติ,คน,107370
ชาย,4807,เลย,ผู้สูงอายุทั้งหมด,2563,สำนักงานสถิติแห่งชาติ,คน,55363
ชาย,4808, หนองคาย,ผู้สูงอายุทั้งหมด,2563,สำนักงานสถิติแห่งชาติ,คน,39964
ชาย,4809,มหาสารคาม,ผู้สูงอายุทั้งหมด,2563,สำนักงานสถิติแห่งชาติ,คน,79769
ชาย,4810, ร้อยเอ็ด,ผู้สูงอายุทั้งหมด,2563,สำนักงานสถิติแห่งชาติ,คน,113594
ชาย,4811, กาฬสินธุ์,ผู้สูงอายุทั้งหมด,2563,สำนักงานสถิติแห่งชาติ,คน,78053
ชาย,4812, สกลนคร,ผู้สูงอายุทั้งหมด,2563,สำนักงานสถิติแห่งชาติ,คน,76854
ชาย,4813, นครพนม,ผู้สูงอายุทั้งหมด,2563,สำนักงานสถิติแห่งชาติ,คน,49708
ชาย,4814, มุกดาหาร,ผู้สูงอายุทั้งหมด,2563,สำนักงานสถิติแห่งชาติ,คน,30411
ชาย,4815,ภาคใต้,ผู้สูงอายุทั้งหมด,2563,สำนักงานสถิติแห่งชาติ,คน,663725
ชาย,4816, นครศรีธรรมราช,ผู้สูงอายุทั้งหมด,2563,สำนักงานสถิติแห่งชาติ,คน,139191
ชาย,4817, กระบี่,ผู้สูงอายุทั้งหมด,2563,สำนักงานสถิติแห่งชาติ,คน,23306
ชาย,4818, พังงา,ผู้สูงอายุทั้งหมด,2563,สำนักงานสถิติแห่งชาติ,คน,19192
ชาย,4819,ภูเก็ต,ผู้สูงอายุทั้งหมด,2563,สำนักงานสถิติแห่งชาติ,คน,28258
ชาย,4820,สุราษฎร์ธานี,ผู้สูงอายุทั้งหมด,2563,สำนักงานสถิติแห่งชาติ,คน,70491
ชาย,4821, ระนอง,ผู้สูงอายุทั้งหมด,2563,สำนักงานสถิติแห่งชาติ,คน,13547
ชาย,4822, ชุมพร,ผู้สูงอายุทั้งหมด,2563,สำนักงานสถิติแห่งชาติ,คน,37715
ชาย,4823,สงขลา,ผู้สูงอายุทั้งหมด,2563,สำนักงานสถิติแห่งชาติ,คน,109342
ชาย,4824, สตูล,ผู้สูงอายุทั้งหมด,2563,สำนักงานสถิติแห่งชาติ,คน,18677
ชาย,4825, ตรัง,ผู้สูงอายุทั้งหมด,2563,สำนักงานสถิติแห่งชาติ,คน,45806
ชาย,4826, พัทลุง,ผู้สูงอายุทั้งหมด,2563,สำนักงานสถิติแห่งชาติ,คน,47254
ชาย,4827, ปัตตานี,ผู้สูงอายุทั้งหมด,2563,สำนักงานสถิติแห่งชาติ,คน,40611
ชาย,4828, ยะลา,ผู้สูงอายุทั้งหมด,2563,สำนักงานสถิติแห่งชาติ,คน,27707
ชาย,4829, นราธิวาส,ผู้สูงอายุทั้งหมด,2563,สำนักงานสถิติแห่งชาติ,คน,42628
หญิง,4830,จำนวน,ผู้สูงอายุทั้งหมด,2563,สำนักงานสถิติแห่งชาติ,คน,7038685
หญิง,4831, กรุงเทพมหานคร,ผู้สูงอายุทั้งหมด,2563,สำนักงานสถิติแห่งชาติ,คน,711462
หญิง,4832,ภาคกลาง,ผู้สูงอายุทั้งหมด,2563,สำนักงานสถิติแห่งชาติ,คน,1870789
หญิง,4833, สมุทรปราการ,ผู้สูงอายุทั้งหมด,2563,สำนักงานสถิติแห่งชาติ,คน,169635
หญิง,4834, นนทบุรี,ผู้สูงอายุทั้งหมด,2563,สำนักงานสถิติแห่งชาติ,คน,162459
หญิง,4835, ปทุมธานี,ผู้สูงอายุทั้งหมด,2563,สำนักงานสถิติแห่งชาติ,คน,112295
หญิง,4836, พระนครศรีอยุธยา,ผู้สูงอายุทั้งหมด,2563,สำนักงานสถิติแห่งชาติ,คน,87339
หญิง,4837, อ่างทอง,ผู้สูงอายุทั้งหมด,2563,สำนักงานสถิติแห่งชาติ,คน,37384
หญิง,4838, ลพบุรี,ผู้สูงอายุทั้งหมด,2563,สำนักงานสถิติแห่งชาติ,คน,88881
หญิง,4839, สิงห์บุรี,ผู้สูงอายุทั้งหมด,2563,สำนักงานสถิติแห่งชาติ,คน,30120
หญิง,4840, ชัยนาท,ผู้สูงอายุทั้งหมด,2563,สำนักงานสถิติแห่งชาติ,คน,46954
หญิง,4841,สระบุรี,ผู้สูงอายุทั้งหมด,2563,สำนักงานสถิติแห่งชาติ,คน,70384
หญิง,4842,ชลบุรี,ผู้สูงอายุทั้งหมด,2563,สำนักงานสถิติแห่งชาติ,คน,104995
หญิง,4843, ระยอง,ผู้สูงอายุทั้งหมด,2563,สำนักงานสถิติแห่งชาติ,คน,61658
หญิง,4844,จันทบุรี,ผู้สูงอายุทั้งหมด,2563,สำนักงานสถิติแห่งชาติ,คน,53782
หญิง,4845, ตราด,ผู้สูงอายุทั้งหมด,2563,สำนักงานสถิติแห่งชาติ,คน,24591
หญิง,4846,ฉะเชิงเทรา,ผู้สูงอายุทั้งหมด,2563,สำนักงานสถิติแห่งชาติ,คน,81684
หญิง,4847, ปราจีนบุรี,ผู้สูงอายุทั้งหมด,2563,สำนักงานสถิติแห่งชาติ,คน,64669
หญิง,4848, นครนายก,ผู้สูงอายุทั้งหมด,2563,สำนักงานสถิติแห่งชาติ,คน,33892
หญิง,4849,สระแก้ว,ผู้สูงอายุทั้งหมด,2563,สำนักงานสถิติแห่งชาติ,คน,58739
หญิง,4850, ราชบุรี,ผู้สูงอายุทั้งหมด,2563,สำนักงานสถิติแห่งชาติ,คน,96752
หญิง,4851, กาญจนบุรี,ผู้สูงอายุทั้งหมด,2563,สำนักงานสถิติแห่งชาติ,คน,76431
หญิง,4852, สุพรรณบุรี,ผู้สูงอายุทั้งหมด,2563,สำนักงานสถิติแห่งชาติ,คน,118741
หญิง,4853, นครปฐม,ผู้สูงอายุทั้งหมด,2563,สำนักงานสถิติแห่งชาติ,คน,107995
หญิง,4854, สมุทรสาคร,ผู้สูงอายุทั้งหมด,2563,สำนักงานสถิติแห่งชาติ,คน,54270
หญิง,4855, สมุทรสงคราม,ผู้สูงอายุทั้งหมด,2563,สำนักงานสถิติแห่งชาติ,คน,28611
หญิง,4856, เพชรบุรี,ผู้สูงอายุทั้งหมด,2563,สำนักงานสถิติแห่งชาติ,คน,57617
หญิง,4857, ประจวบคีรีขันธ์,ผู้สูงอายุทั้งหมด,2563,สำนักงานสถิติแห่งชาติ,คน,40911
หญิง,4858,ภาคเหนือ,ผู้สูงอายุทั้งหมด,2563,สำนักงานสถิติแห่งชาติ,คน,1464815
หญิง,4859, เชียงใหม่,ผู้สูงอายุทั้งหมด,2563,สำนักงานสถิติแห่งชาติ,คน,184302
หญิง,4860, ลำพูน,ผู้สูงอายุทั้งหมด,2563,สำนักงานสถิติแห่งชาติ,คน,50635
หญิง,4861, ลำปาง,ผู้สูงอายุทั้งหมด,2563,สำนักงานสถิติแห่งชาติ,คน,105423
หญิง,4862, อุตรดิตถ์,ผู้สูงอายุทั้งหมด,2563,สำนักงานสถิติแห่งชาติ,คน,65156
หญิง,4863, แพร่,ผู้สูงอายุทั้งหมด,2563,สำนักงานสถิติแห่งชาติ,คน,64967
หญิง,4864, น่าน,ผู้สูงอายุทั้งหมด,2563,สำนักงานสถิติแห่งชาติ,คน,56362
หญิง,4865, พะเยา,ผู้สูงอายุทั้งหมด,2563,สำนักงานสถิติแห่งชาติ,คน,53148
หญิง,4866, เชียงราย,ผู้สูงอายุทั้งหมด,2563,สำนักงานสถิติแห่งชาติ,คน,133514
หญิง,4867, แม่ฮ่องสอน,ผู้สูงอายุทั้งหมด,2563,สำนักงานสถิติแห่งชาติ,คน,16739
หญิง,4868, นครสวรรค์,ผู้สูงอายุทั้งหมด,2563,สำนักงานสถิติแห่งชาติ,คน,139156
หญิง,4869, อุทัยธานี,ผู้สูงอายุทั้งหมด,2563,สำนักงานสถิติแห่งชาติ,คน,44429
หญิง,4870, กำแพงเพชร,ผู้สูงอายุทั้งหมด,2563,สำนักงานสถิติแห่งชาติ,คน,95318
หญิง,4871, ตาก,ผู้สูงอายุทั้งหมด,2563,สำนักงานสถิติแห่งชาติ,คน,46347
หญิง,4872, สุโขทัย,ผู้สูงอายุทั้งหมด,2563,สำนักงานสถิติแห่งชาติ,คน,92518
หญิง,4873, พิษณุโลก,ผู้สูงอายุทั้งหมด,2563,สำนักงานสถิติแห่งชาติ,คน,115186
หญิง,4874, พิจิตร,ผู้สูงอายุทั้งหมด,2563,สำนักงานสถิติแห่งชาติ,คน,82199
หญิง,4875, เพชรบูรณ์,ผู้สูงอายุทั้งหมด,2563,สำนักงานสถิติแห่งชาติ,คน,119416
หญิง,4876,ภาคตะวันออกเฉียงเหนือ,ผู้สูงอายุทั้งหมด,2563,สำนักงานสถิติแห่งชาติ,คน,2162990
หญิง,4877,นครราชสีมา,ผู้สูงอายุทั้งหมด,2563,สำนักงานสถิติแห่งชาติ,คน,288526
หญิง,4878, บุรีรัมย์,ผู้สูงอายุทั้งหมด,2563,สำนักงานสถิติแห่งชาติ,คน,155030
หญิง,4879, สุรินทร์,ผู้สูงอายุทั้งหมด,2563,สำนักงานสถิติแห่งชาติ,คน,146781
หญิง,4880, ศรีสะเกษ,ผู้สูงอายุทั้งหมด,2563,สำนักงานสถิติแห่งชาติ,คน,128850
หญิง,4881, อุบลราชธานี,ผู้สูงอายุทั้งหมด,2563,สำนักงานสถิติแห่งชาติ,คน,182971
หญิง,4882,ยโสธร,ผู้สูงอายุทั้งหมด,2563,สำนักงานสถิติแห่งชาติ,คน,62718
หญิง,4883,ชัยภูมิ,ผู้สูงอายุทั้งหมด,2563,สำนักงานสถิติแห่งชาติ,คน,124442
หญิง,4884, อำนาจเจริญ,ผู้สูงอายุทั้งหมด,2563,สำนักงานสถิติแห่งชาติ,คน,31776
หญิง,4885, บึงกาฬ,ผู้สูงอายุทั้งหมด,2563,สำนักงานสถิติแห่งชาติ,คน,35720
หญิง,4886, หนองบัวลำภู,ผู้สูงอายุทั้งหมด,2563,สำนักงานสถิติแห่งชาติ,คน,51592
หญิง,4887, ขอนแก่น,ผู้สูงอายุทั้งหมด,2563,สำนักงานสถิติแห่งชาติ,คน,196954
หญิง,4888, อุดรธานี,ผู้สูงอายุทั้งหมด,2563,สำนักงานสถิติแห่งชาติ,คน,127368
หญิง,4889,เลย,ผู้สูงอายุทั้งหมด,2563,สำนักงานสถิติแห่งชาติ,คน,58563
หญิง,4890, หนองคาย,ผู้สูงอายุทั้งหมด,2563,สำนักงานสถิติแห่งชาติ,คน,47610
หญิง,4891,มหาสารคาม,ผู้สูงอายุทั้งหมด,2563,สำนักงานสถิติแห่งชาติ,คน,100053
หญิง,4892, ร้อยเอ็ด,ผู้สูงอายุทั้งหมด,2563,สำนักงานสถิติแห่งชาติ,คน,140497
หญิง,4893, กาฬสินธุ์,ผู้สูงอายุทั้งหมด,2563,สำนักงานสถิติแห่งชาติ,คน,94515
หญิง,4894, สกลนคร,ผู้สูงอายุทั้งหมด,2563,สำนักงานสถิติแห่งชาติ,คน,92232
หญิง,4895, นครพนม,ผู้สูงอายุทั้งหมด,2563,สำนักงานสถิติแห่งชาติ,คน,61983
หญิง,4896, มุกดาหาร,ผู้สูงอายุทั้งหมด,2563,สำนักงานสถิติแห่งชาติ,คน,34809
หญิง,4897,ภาคใต้,ผู้สูงอายุทั้งหมด,2563,สำนักงานสถิติแห่งชาติ,คน,828629
หญิง,4898, นครศรีธรรมราช,ผู้สูงอายุทั้งหมด,2563,สำนักงานสถิติแห่งชาติ,คน,180410
หญิง,4899, กระบี่,ผู้สูงอายุทั้งหมด,2563,สำนักงานสถิติแห่งชาติ,คน,26145
หญิง,4900, พังงา,ผู้สูงอายุทั้งหมด,2563,สำนักงานสถิติแห่งชาติ,คน,21793
หญิง,4901,ภูเก็ต,ผู้สูงอายุทั้งหมด,2563,สำนักงานสถิติแห่งชาติ,คน,29931
หญิง,4902,สุราษฎร์ธานี,ผู้สูงอายุทั้งหมด,2563,สำนักงานสถิติแห่งชาติ,คน,92852
หญิง,4903, ระนอง,ผู้สูงอายุทั้งหมด,2563,สำนักงานสถิติแห่งชาติ,คน,15418
หญิง,4904, ชุมพร,ผู้สูงอายุทั้งหมด,2563,สำนักงานสถิติแห่งชาติ,คน,46255
หญิง,4905,สงขลา,ผู้สูงอายุทั้งหมด,2563,สำนักงานสถิติแห่งชาติ,คน,139093
หญิง,4906, สตูล,ผู้สูงอายุทั้งหมด,2563,สำนักงานสถิติแห่งชาติ,คน,20929
หญิง,4907, ตรัง,ผู้สูงอายุทั้งหมด,2563,สำนักงานสถิติแห่งชาติ,คน,59248
หญิง,4908, พัทลุง,ผู้สูงอายุทั้งหมด,2563,สำนักงานสถิติแห่งชาติ,คน,62096
หญิง,4909, ปัตตานี,ผู้สูงอายุทั้งหมด,2563,สำนักงานสถิติแห่งชาติ,คน,52690
หญิง,4910, ยะลา,ผู้สูงอายุทั้งหมด,2563,สำนักงานสถิติแห่งชาติ,คน,31402
หญิง,4911, นราธิวาส,ผู้สูงอายุทั้งหมด,2563,สำนักงานสถิติแห่งชาติ,คน,50367
รวม,4912,จำนวน,ผู้สูงอายุที่ทำงาน,2563,สำนักงานสถิติแห่งชาติ,คน,4704477
รวม,4913, กรุงเทพมหานคร,ผู้สูงอายุที่ทำงาน,2563,สำนักงานสถิติแห่งชาติ,คน,281283
รวม,4914,ภาคกลาง,ผู้สูงอายุที่ทำงาน,2563,สำนักงานสถิติแห่งชาติ,คน,1066129
รวม,4915, สมุทรปราการ,ผู้สูงอายุที่ทำงาน,2563,สำนักงานสถิติแห่งชาติ,คน,62345
รวม,4916, นนทบุรี,ผู้สูงอายุที่ทำงาน,2563,สำนักงานสถิติแห่งชาติ,คน,48347
รวม,4917, ปทุมธานี,ผู้สูงอายุที่ทำงาน,2563,สำนักงานสถิติแห่งชาติ,คน,46996
รวม,4918, พระนครศรีอยุธยา,ผู้สูงอายุที่ทำงาน,2563,สำนักงานสถิติแห่งชาติ,คน,43169
รวม,4919, อ่างทอง,ผู้สูงอายุที่ทำงาน,2563,สำนักงานสถิติแห่งชาติ,คน,20835
รวม,4920, ลพบุรี,ผู้สูงอายุที่ทำงาน,2563,สำนักงานสถิติแห่งชาติ,คน,63420
รวม,4921, สิงห์บุรี,ผู้สูงอายุที่ทำงาน,2563,สำนักงานสถิติแห่งชาติ,คน,18453
รวม,4922, ชัยนาท,ผู้สูงอายุที่ทำงาน,2563,สำนักงานสถิติแห่งชาติ,คน,33902
รวม,4923,สระบุรี,ผู้สูงอายุที่ทำงาน,2563,สำนักงานสถิติแห่งชาติ,คน,41257
รวม,4924,ชลบุรี,ผู้สูงอายุที่ทำงาน,2563,สำนักงานสถิติแห่งชาติ,คน,42015
รวม,4925, ระยอง,ผู้สูงอายุที่ทำงาน,2563,สำนักงานสถิติแห่งชาติ,คน,50528
รวม,4926,จันทบุรี,ผู้สูงอายุที่ทำงาน,2563,สำนักงานสถิติแห่งชาติ,คน,50015
รวม,4927, ตราด,ผู้สูงอายุที่ทำงาน,2563,สำนักงานสถิติแห่งชาติ,คน,19158
รวม,4928,ฉะเชิงเทรา,ผู้สูงอายุที่ทำงาน,2563,สำนักงานสถิติแห่งชาติ,คน,36579
รวม,4929, ปราจีนบุรี,ผู้สูงอายุที่ทำงาน,2563,สำนักงานสถิติแห่งชาติ,คน,43327
รวม,4930, นครนายก,ผู้สูงอายุที่ทำงาน,2563,สำนักงานสถิติแห่งชาติ,คน,16253
รวม,4931,สระแก้ว,ผู้สูงอายุที่ทำงาน,2563,สำนักงานสถิติแห่งชาติ,คน,39831
รวม,4932, ราชบุรี,ผู้สูงอายุที่ทำงาน,2563,สำนักงานสถิติแห่งชาติ,คน,63748
รวม,4933, กาญจนบุรี,ผู้สูงอายุที่ทำงาน,2563,สำนักงานสถิติแห่งชาติ,คน,65051
รวม,4934, สุพรรณบุรี,ผู้สูงอายุที่ทำงาน,2563,สำนักงานสถิติแห่งชาติ,คน,69869
รวม,4935, นครปฐม,ผู้สูงอายุที่ทำงาน,2563,สำนักงานสถิติแห่งชาติ,คน,60059
รวม,4936, สมุทรสาคร,ผู้สูงอายุที่ทำงาน,2563,สำนักงานสถิติแห่งชาติ,คน,35734
รวม,4937, สมุทรสงคราม,ผู้สูงอายุที่ทำงาน,2563,สำนักงานสถิติแห่งชาติ,คน,20999
รวม,4938, เพชรบุรี,ผู้สูงอายุที่ทำงาน,2563,สำนักงานสถิติแห่งชาติ,คน,44243
รวม,4939, ประจวบคีรีขันธ์,ผู้สูงอายุที่ทำงาน,2563,สำนักงานสถิติแห่งชาติ,คน,29998
รวม,4940,ภาคเหนือ,ผู้สูงอายุที่ทำงาน,2563,สำนักงานสถิติแห่งชาติ,คน,1128307
รวม,4941, เชียงใหม่,ผู้สูงอายุที่ทำงาน,2563,สำนักงานสถิติแห่งชาติ,คน,151095
รวม,4942, ลำพูน,ผู้สูงอายุที่ทำงาน,2563,สำนักงานสถิติแห่งชาติ,คน,47342
รวม,4943, ลำปาง,ผู้สูงอายุที่ทำงาน,2563,สำนักงานสถิติแห่งชาติ,คน,79135
รวม,4944, อุตรดิตถ์,ผู้สูงอายุที่ทำงาน,2563,สำนักงานสถิติแห่งชาติ,คน,44203
รวม,4945, แพร่,ผู้สูงอายุที่ทำงาน,2563,สำนักงานสถิติแห่งชาติ,คน,47617
รวม,4946, น่าน,ผู้สูงอายุที่ทำงาน,2563,สำนักงานสถิติแห่งชาติ,คน,40531
รวม,4947, พะเยา,ผู้สูงอายุที่ทำงาน,2563,สำนักงานสถิติแห่งชาติ,คน,37356
รวม,4948, เชียงราย,ผู้สูงอายุที่ทำงาน,2563,สำนักงานสถิติแห่งชาติ,คน,107593
รวม,4949, แม่ฮ่องสอน,ผู้สูงอายุที่ทำงาน,2563,สำนักงานสถิติแห่งชาติ,คน,12533
รวม,4950, นครสวรรค์,ผู้สูงอายุที่ทำงาน,2563,สำนักงานสถิติแห่งชาติ,คน,110733
รวม,4951, อุทัยธานี,ผู้สูงอายุที่ทำงาน,2563,สำนักงานสถิติแห่งชาติ,คน,34016
รวม,4952, กำแพงเพชร,ผู้สูงอายุที่ทำงาน,2563,สำนักงานสถิติแห่งชาติ,คน,75022
รวม,4953, ตาก,ผู้สูงอายุที่ทำงาน,2563,สำนักงานสถิติแห่งชาติ,คน,30724
รวม,4954, สุโขทัย,ผู้สูงอายุที่ทำงาน,2563,สำนักงานสถิติแห่งชาติ,คน,60440
รวม,4955, พิษณุโลก,ผู้สูงอายุที่ทำงาน,2563,สำนักงานสถิติแห่งชาติ,คน,94578
รวม,4956, พิจิตร,ผู้สูงอายุที่ทำงาน,2563,สำนักงานสถิติแห่งชาติ,คน,61508
รวม,4957, เพชรบูรณ์,ผู้สูงอายุที่ทำงาน,2563,สำนักงานสถิติแห่งชาติ,คน,93880
รวม,4958,ภาคตะวันออกเฉียงเหนือ,ผู้สูงอายุที่ทำงาน,2563,สำนักงานสถิติแห่งชาติ,คน,1618752
รวม,4959,นครราชสีมา,ผู้สูงอายุที่ทำงาน,2563,สำนักงานสถิติแห่งชาติ,คน,229716
รวม,4960, บุรีรัมย์,ผู้สูงอายุที่ทำงาน,2563,สำนักงานสถิติแห่งชาติ,คน,130410
รวม,4961, สุรินทร์,ผู้สูงอายุที่ทำงาน,2563,สำนักงานสถิติแห่งชาติ,คน,142337
รวม,4962, ศรีสะเกษ,ผู้สูงอายุที่ทำงาน,2563,สำนักงานสถิติแห่งชาติ,คน,124133
รวม,4963, อุบลราชธานี,ผู้สูงอายุที่ทำงาน,2563,สำนักงานสถิติแห่งชาติ,คน,116446
รวม,4964,ยโสธร,ผู้สูงอายุที่ทำงาน,2563,สำนักงานสถิติแห่งชาติ,คน,58502
รวม,4965,ชัยภูมิ,ผู้สูงอายุที่ทำงาน,2563,สำนักงานสถิติแห่งชาติ,คน,83427
รวม,4966, อำนาจเจริญ,ผู้สูงอายุที่ทำงาน,2563,สำนักงานสถิติแห่งชาติ,คน,25563
รวม,4967, บึงกาฬ,ผู้สูงอายุที่ทำงาน,2563,สำนักงานสถิติแห่งชาติ,คน,20697
รวม,4968, หนองบัวลำภู,ผู้สูงอายุที่ทำงาน,2563,สำนักงานสถิติแห่งชาติ,คน,38265
รวม,4969, ขอนแก่น,ผู้สูงอายุที่ทำงาน,2563,สำนักงานสถิติแห่งชาติ,คน,124627
รวม,4970, อุดรธานี,ผู้สูงอายุที่ทำงาน,2563,สำนักงานสถิติแห่งชาติ,คน,84879
รวม,4971,เลย,ผู้สูงอายุที่ทำงาน,2563,สำนักงานสถิติแห่งชาติ,คน,43928
รวม,4972, หนองคาย,ผู้สูงอายุที่ทำงาน,2563,สำนักงานสถิติแห่งชาติ,คน,26115
รวม,4973,มหาสารคาม,ผู้สูงอายุที่ทำงาน,2563,สำนักงานสถิติแห่งชาติ,คน,76401
รวม,4974, ร้อยเอ็ด,ผู้สูงอายุที่ทำงาน,2563,สำนักงานสถิติแห่งชาติ,คน,115613
รวม,4975, กาฬสินธุ์,ผู้สูงอายุที่ทำงาน,2563,สำนักงานสถิติแห่งชาติ,คน,61106
รวม,4976, สกลนคร,ผู้สูงอายุที่ทำงาน,2563,สำนักงานสถิติแห่งชาติ,คน,39892
รวม,4977, นครพนม,ผู้สูงอายุที่ทำงาน,2563,สำนักงานสถิติแห่งชาติ,คน,48094
รวม,4978, มุกดาหาร,ผู้สูงอายุที่ทำงาน,2563,สำนักงานสถิติแห่งชาติ,คน,28602
รวม,4979,ภาคใต้,ผู้สูงอายุที่ทำงาน,2563,สำนักงานสถิติแห่งชาติ,คน,610006
รวม,4980, นครศรีธรรมราช,ผู้สูงอายุที่ทำงาน,2563,สำนักงานสถิติแห่งชาติ,คน,146713
รวม,4981, กระบี่,ผู้สูงอายุที่ทำงาน,2563,สำนักงานสถิติแห่งชาติ,คน,23300
รวม,4982, พังงา,ผู้สูงอายุที่ทำงาน,2563,สำนักงานสถิติแห่งชาติ,คน,16311
รวม,4983,ภูเก็ต,ผู้สูงอายุที่ทำงาน,2563,สำนักงานสถิติแห่งชาติ,คน,16602
รวม,4984,สุราษฎร์ธานี,ผู้สูงอายุที่ทำงาน,2563,สำนักงานสถิติแห่งชาติ,คน,62458
รวม,4985, ระนอง,ผู้สูงอายุที่ทำงาน,2563,สำนักงานสถิติแห่งชาติ,คน,8321
รวม,4986, ชุมพร,ผู้สูงอายุที่ทำงาน,2563,สำนักงานสถิติแห่งชาติ,คน,33442
รวม,4987,สงขลา,ผู้สูงอายุที่ทำงาน,2563,สำนักงานสถิติแห่งชาติ,คน,85259
รวม,4988, สตูล,ผู้สูงอายุที่ทำงาน,2563,สำนักงานสถิติแห่งชาติ,คน,13596
รวม,4989, ตรัง,ผู้สูงอายุที่ทำงาน,2563,สำนักงานสถิติแห่งชาติ,คน,47071
รวม,4990, พัทลุง,ผู้สูงอายุที่ทำงาน,2563,สำนักงานสถิติแห่งชาติ,คน,55577
รวม,4991, ปัตตานี,ผู้สูงอายุที่ทำงาน,2563,สำนักงานสถิติแห่งชาติ,คน,37096
รวม,4992, ยะลา,ผู้สูงอายุที่ทำงาน,2563,สำนักงานสถิติแห่งชาติ,คน,23702
รวม,4993, นราธิวาส,ผู้สูงอายุที่ทำงาน,2563,สำนักงานสถิติแห่งชาติ,คน,40558
ชาย,4994,จำนวน,ผู้สูงอายุที่ทำงาน,2563,สำนักงานสถิติแห่งชาติ,คน,2683732
ชาย,4995, กรุงเทพมหานคร,ผู้สูงอายุที่ทำงาน,2563,สำนักงานสถิติแห่งชาติ,คน,154747
ชาย,4996,ภาคกลาง,ผู้สูงอายุที่ทำงาน,2563,สำนักงานสถิติแห่งชาติ,คน,585176
ชาย,4997, สมุทรปราการ,ผู้สูงอายุที่ทำงาน,2563,สำนักงานสถิติแห่งชาติ,คน,32911
ชาย,4998, นนทบุรี,ผู้สูงอายุที่ทำงาน,2563,สำนักงานสถิติแห่งชาติ,คน,26566
ชาย,4999, ปทุมธานี,ผู้สูงอายุที่ทำงาน,2563,สำนักงานสถิติแห่งชาติ,คน,29429
ชาย,5000, พระนครศรีอยุธยา,ผู้สูงอายุที่ทำงาน,2563,สำนักงานสถิติแห่งชาติ,คน,22848
ชาย,5001, อ่างทอง,ผู้สูงอายุที่ทำงาน,2563,สำนักงานสถิติแห่งชาติ,คน,10703
ชาย,5002, ลพบุรี,ผู้สูงอายุที่ทำงาน,2563,สำนักงานสถิติแห่งชาติ,คน,34556
ชาย,5003, สิงห์บุรี,ผู้สูงอายุที่ทำงาน,2563,สำนักงานสถิติแห่งชาติ,คน,9961
ชาย,5004, ชัยนาท,ผู้สูงอายุที่ทำงาน,2563,สำนักงานสถิติแห่งชาติ,คน,18125
ชาย,5005,สระบุรี,ผู้สูงอายุที่ทำงาน,2563,สำนักงานสถิติแห่งชาติ,คน,22898
ชาย,5006,ชลบุรี,ผู้สูงอายุที่ทำงาน,2563,สำนักงานสถิติแห่งชาติ,คน,28970
ชาย,5007, ระยอง,ผู้สูงอายุที่ทำงาน,2563,สำนักงานสถิติแห่งชาติ,คน,26687
ชาย,5008,จันทบุรี,ผู้สูงอายุที่ทำงาน,2563,สำนักงานสถิติแห่งชาติ,คน,25745
ชาย,5009, ตราด,ผู้สูงอายุที่ทำงาน,2563,สำนักงานสถิติแห่งชาติ,คน,11440
ชาย,5010,ฉะเชิงเทรา,ผู้สูงอายุที่ทำงาน,2563,สำนักงานสถิติแห่งชาติ,คน,22259
ชาย,5011, ปราจีนบุรี,ผู้สูงอายุที่ทำงาน,2563,สำนักงานสถิติแห่งชาติ,คน,23850
ชาย,5012, นครนายก,ผู้สูงอายุที่ทำงาน,2563,สำนักงานสถิติแห่งชาติ,คน,8755
ชาย,5013,สระแก้ว,ผู้สูงอายุที่ทำงาน,2563,สำนักงานสถิติแห่งชาติ,คน,24048
ชาย,5014, ราชบุรี,ผู้สูงอายุที่ทำงาน,2563,สำนักงานสถิติแห่งชาติ,คน,31713
ชาย,5015, กาญจนบุรี,ผู้สูงอายุที่ทำงาน,2563,สำนักงานสถิติแห่งชาติ,คน,34812
ชาย,5016, สุพรรณบุรี,ผู้สูงอายุที่ทำงาน,2563,สำนักงานสถิติแห่งชาติ,คน,38872
ชาย,5017, นครปฐม,ผู้สูงอายุที่ทำงาน,2563,สำนักงานสถิติแห่งชาติ,คน,31049
ชาย,5018, สมุทรสาคร,ผู้สูงอายุที่ทำงาน,2563,สำนักงานสถิติแห่งชาติ,คน,18787
ชาย,5019, สมุทรสงคราม,ผู้สูงอายุที่ทำงาน,2563,สำนักงานสถิติแห่งชาติ,คน,11210
ชาย,5020, เพชรบุรี,ผู้สูงอายุที่ทำงาน,2563,สำนักงานสถิติแห่งชาติ,คน,22375
ชาย,5021, ประจวบคีรีขันธ์,ผู้สูงอายุที่ทำงาน,2563,สำนักงานสถิติแห่งชาติ,คน,16606
ชาย,5022,ภาคเหนือ,ผู้สูงอายุที่ทำงาน,2563,สำนักงานสถิติแห่งชาติ,คน,638209
ชาย,5023, เชียงใหม่,ผู้สูงอายุที่ทำงาน,2563,สำนักงานสถิติแห่งชาติ,คน,84858
ชาย,5024, ลำพูน,ผู้สูงอายุที่ทำงาน,2563,สำนักงานสถิติแห่งชาติ,คน,26089
ชาย,5025, ลำปาง,ผู้สูงอายุที่ทำงาน,2563,สำนักงานสถิติแห่งชาติ,คน,46385
ชาย,5026, อุตรดิตถ์,ผู้สูงอายุที่ทำงาน,2563,สำนักงานสถิติแห่งชาติ,คน,25145
ชาย,5027, แพร่,ผู้สูงอายุที่ทำงาน,2563,สำนักงานสถิติแห่งชาติ,คน,26238
ชาย,5028, น่าน,ผู้สูงอายุที่ทำงาน,2563,สำนักงานสถิติแห่งชาติ,คน,25137
ชาย,5029, พะเยา,ผู้สูงอายุที่ทำงาน,2563,สำนักงานสถิติแห่งชาติ,คน,22781
ชาย,5030, เชียงราย,ผู้สูงอายุที่ทำงาน,2563,สำนักงานสถิติแห่งชาติ,คน,62248
ชาย,5031, แม่ฮ่องสอน,ผู้สูงอายุที่ทำงาน,2563,สำนักงานสถิติแห่งชาติ,คน,7911
ชาย,5032, นครสวรรค์,ผู้สูงอายุที่ทำงาน,2563,สำนักงานสถิติแห่งชาติ,คน,57792
ชาย,5033, อุทัยธานี,ผู้สูงอายุที่ทำงาน,2563,สำนักงานสถิติแห่งชาติ,คน,19971
ชาย,5034, กำแพงเพชร,ผู้สูงอายุที่ทำงาน,2563,สำนักงานสถิติแห่งชาติ,คน,42355
ชาย,5035, ตาก,ผู้สูงอายุที่ทำงาน,2563,สำนักงานสถิติแห่งชาติ,คน,16705
ชาย,5036, สุโขทัย,ผู้สูงอายุที่ทำงาน,2563,สำนักงานสถิติแห่งชาติ,คน,33714
ชาย,5037, พิษณุโลก,ผู้สูงอายุที่ทำงาน,2563,สำนักงานสถิติแห่งชาติ,คน,50683
ชาย,5038, พิจิตร,ผู้สูงอายุที่ทำงาน,2563,สำนักงานสถิติแห่งชาติ,คน,33972
ชาย,5039, เพชรบูรณ์,ผู้สูงอายุที่ทำงาน,2563,สำนักงานสถิติแห่งชาติ,คน,56224
ชาย,5040,ภาคตะวันออกเฉียงเหนือ,ผู้สูงอายุที่ทำงาน,2563,สำนักงานสถิติแห่งชาติ,คน,963467
ชาย,5041,นครราชสีมา,ผู้สูงอายุที่ทำงาน,2563,สำนักงานสถิติแห่งชาติ,คน,141209
ชาย,5042, บุรีรัมย์,ผู้สูงอายุที่ทำงาน,2563,สำนักงานสถิติแห่งชาติ,คน,78886
ชาย,5043, สุรินทร์,ผู้สูงอายุที่ทำงาน,2563,สำนักงานสถิติแห่งชาติ,คน,83717
ชาย,5044, ศรีสะเกษ,ผู้สูงอายุที่ทำงาน,2563,สำนักงานสถิติแห่งชาติ,คน,66902
ชาย,5045, อุบลราชธานี,ผู้สูงอายุที่ทำงาน,2563,สำนักงานสถิติแห่งชาติ,คน,71971
ชาย,5046,ยโสธร,ผู้สูงอายุที่ทำงาน,2563,สำนักงานสถิติแห่งชาติ,คน,32365
ชาย,5047,ชัยภูมิ,ผู้สูงอายุที่ทำงาน,2563,สำนักงานสถิติแห่งชาติ,คน,50839
ชาย,5048, อำนาจเจริญ,ผู้สูงอายุที่ทำงาน,2563,สำนักงานสถิติแห่งชาติ,คน,14846
ชาย,5049, บึงกาฬ,ผู้สูงอายุที่ทำงาน,2563,สำนักงานสถิติแห่งชาติ,คน,13270
ชาย,5050, หนองบัวลำภู,ผู้สูงอายุที่ทำงาน,2563,สำนักงานสถิติแห่งชาติ,คน,24298
ชาย,5051, ขอนแก่น,ผู้สูงอายุที่ทำงาน,2563,สำนักงานสถิติแห่งชาติ,คน,71800
ชาย,5052, อุดรธานี,ผู้สูงอายุที่ทำงาน,2563,สำนักงานสถิติแห่งชาติ,คน,53446
ชาย,5053,เลย,ผู้สูงอายุที่ทำงาน,2563,สำนักงานสถิติแห่งชาติ,คน,26466
ชาย,5054, หนองคาย,ผู้สูงอายุที่ทำงาน,2563,สำนักงานสถิติแห่งชาติ,คน,15557
ชาย,5055,มหาสารคาม,ผู้สูงอายุที่ทำงาน,2563,สำนักงานสถิติแห่งชาติ,คน,44152
ชาย,5056, ร้อยเอ็ด,ผู้สูงอายุที่ทำงาน,2563,สำนักงานสถิติแห่งชาติ,คน,66647
ชาย,5057, กาฬสินธุ์,ผู้สูงอายุที่ทำงาน,2563,สำนักงานสถิติแห่งชาติ,คน,39173
ชาย,5058, สกลนคร,ผู้สูงอายุที่ทำงาน,2563,สำนักงานสถิติแห่งชาติ,คน,25019
ชาย,5059, นครพนม,ผู้สูงอายุที่ทำงาน,2563,สำนักงานสถิติแห่งชาติ,คน,27141
ชาย,5060, มุกดาหาร,ผู้สูงอายุที่ทำงาน,2563,สำนักงานสถิติแห่งชาติ,คน,15763
ชาย,5061,ภาคใต้,ผู้สูงอายุที่ทำงาน,2563,สำนักงานสถิติแห่งชาติ,คน,342133
ชาย,5062, นครศรีธรรมราช,ผู้สูงอายุที่ทำงาน,2563,สำนักงานสถิติแห่งชาติ,คน,79268
ชาย,5063, กระบี่,ผู้สูงอายุที่ทำงาน,2563,สำนักงานสถิติแห่งชาติ,คน,14619
ชาย,5064, พังงา,ผู้สูงอายุที่ทำงาน,2563,สำนักงานสถิติแห่งชาติ,คน,10526
ชาย,5065,ภูเก็ต,ผู้สูงอายุที่ทำงาน,2563,สำนักงานสถิติแห่งชาติ,คน,10381
ชาย,5066,สุราษฎร์ธานี,ผู้สูงอายุที่ทำงาน,2563,สำนักงานสถิติแห่งชาติ,คน,35113
ชาย,5067, ระนอง,ผู้สูงอายุที่ทำงาน,2563,สำนักงานสถิติแห่งชาติ,คน,5662
ชาย,5068, ชุมพร,ผู้สูงอายุที่ทำงาน,2563,สำนักงานสถิติแห่งชาติ,คน,20851
ชาย,5069,สงขลา,ผู้สูงอายุที่ทำงาน,2563,สำนักงานสถิติแห่งชาติ,คน,46357
ชาย,5070, สตูล,ผู้สูงอายุที่ทำงาน,2563,สำนักงานสถิติแห่งชาติ,คน,9004
ชาย,5071, ตรัง,ผู้สูงอายุที่ทำงาน,2563,สำนักงานสถิติแห่งชาติ,คน,23627
ชาย,5072, พัทลุง,ผู้สูงอายุที่ทำงาน,2563,สำนักงานสถิติแห่งชาติ,คน,28919
ชาย,5073, ปัตตานี,ผู้สูงอายุที่ทำงาน,2563,สำนักงานสถิติแห่งชาติ,คน,20282
ชาย,5074, ยะลา,ผู้สูงอายุที่ทำงาน,2563,สำนักงานสถิติแห่งชาติ,คน,12490
ชาย,5075, นราธิวาส,ผู้สูงอายุที่ทำงาน,2563,สำนักงานสถิติแห่งชาติ,คน,25034
หญิง,5076,จำนวน,ผู้สูงอายุที่ทำงาน,2563,สำนักงานสถิติแห่งชาติ,คน,2020745
หญิง,5077, กรุงเทพมหานคร,ผู้สูงอายุที่ทำงาน,2563,สำนักงานสถิติแห่งชาติ,คน,126536
หญิง,5078,ภาคกลาง,ผู้สูงอายุที่ทำงาน,2563,สำนักงานสถิติแห่งชาติ,คน,480953
หญิง,5079, สมุทรปราการ,ผู้สูงอายุที่ทำงาน,2563,สำนักงานสถิติแห่งชาติ,คน,29433
หญิง,5080, นนทบุรี,ผู้สูงอายุที่ทำงาน,2563,สำนักงานสถิติแห่งชาติ,คน,21781
หญิง,5081, ปทุมธานี,ผู้สูงอายุที่ทำงาน,2563,สำนักงานสถิติแห่งชาติ,คน,17567
หญิง,5082, พระนครศรีอยุธยา,ผู้สูงอายุที่ทำงาน,2563,สำนักงานสถิติแห่งชาติ,คน,20321
หญิง,5083, อ่างทอง,ผู้สูงอายุที่ทำงาน,2563,สำนักงานสถิติแห่งชาติ,คน,10132
หญิง,5084, ลพบุรี,ผู้สูงอายุที่ทำงาน,2563,สำนักงานสถิติแห่งชาติ,คน,28864
หญิง,5085, สิงห์บุรี,ผู้สูงอายุที่ทำงาน,2563,สำนักงานสถิติแห่งชาติ,คน,8492
หญิง,5086, ชัยนาท,ผู้สูงอายุที่ทำงาน,2563,สำนักงานสถิติแห่งชาติ,คน,15777
หญิง,5087,สระบุรี,ผู้สูงอายุที่ทำงาน,2563,สำนักงานสถิติแห่งชาติ,คน,18359
หญิง,5088,ชลบุรี,ผู้สูงอายุที่ทำงาน,2563,สำนักงานสถิติแห่งชาติ,คน,13045
หญิง,5089, ระยอง,ผู้สูงอายุที่ทำงาน,2563,สำนักงานสถิติแห่งชาติ,คน,23841
หญิง,5090,จันทบุรี,ผู้สูงอายุที่ทำงาน,2563,สำนักงานสถิติแห่งชาติ,คน,24270
หญิง,5091, ตราด,ผู้สูงอายุที่ทำงาน,2563,สำนักงานสถิติแห่งชาติ,คน,7718
หญิง,5092,ฉะเชิงเทรา,ผู้สูงอายุที่ทำงาน,2563,สำนักงานสถิติแห่งชาติ,คน,14320
หญิง,5093, ปราจีนบุรี,ผู้สูงอายุที่ทำงาน,2563,สำนักงานสถิติแห่งชาติ,คน,19477
หญิง,5094, นครนายก,ผู้สูงอายุที่ทำงาน,2563,สำนักงานสถิติแห่งชาติ,คน,7498
หญิง,5095,สระแก้ว,ผู้สูงอายุที่ทำงาน,2563,สำนักงานสถิติแห่งชาติ,คน,15783
หญิง,5096, ราชบุรี,ผู้สูงอายุที่ทำงาน,2563,สำนักงานสถิติแห่งชาติ,คน,32035
หญิง,5097, กาญจนบุรี,ผู้สูงอายุที่ทำงาน,2563,สำนักงานสถิติแห่งชาติ,คน,30239
หญิง,5098, สุพรรณบุรี,ผู้สูงอายุที่ทำงาน,2563,สำนักงานสถิติแห่งชาติ,คน,30996
หญิง,5099, นครปฐม,ผู้สูงอายุที่ทำงาน,2563,สำนักงานสถิติแห่งชาติ,คน,29010
หญิง,5100, สมุทรสาคร,ผู้สูงอายุที่ทำงาน,2563,สำนักงานสถิติแห่งชาติ,คน,16947
หญิง,5101, สมุทรสงคราม,ผู้สูงอายุที่ทำงาน,2563,สำนักงานสถิติแห่งชาติ,คน,9789
หญิง,5102, เพชรบุรี,ผู้สูงอายุที่ทำงาน,2563,สำนักงานสถิติแห่งชาติ,คน,21868
หญิง,5103, ประจวบคีรีขันธ์,ผู้สูงอายุที่ทำงาน,2563,สำนักงานสถิติแห่งชาติ,คน,13392
หญิง,5104,ภาคเหนือ,ผู้สูงอายุที่ทำงาน,2563,สำนักงานสถิติแห่งชาติ,คน,490098
หญิง,5105, เชียงใหม่,ผู้สูงอายุที่ทำงาน,2563,สำนักงานสถิติแห่งชาติ,คน,66237
หญิง,5106, ลำพูน,ผู้สูงอายุที่ทำงาน,2563,สำนักงานสถิติแห่งชาติ,คน,21253
หญิง,5107, ลำปาง,ผู้สูงอายุที่ทำงาน,2563,สำนักงานสถิติแห่งชาติ,คน,32749
หญิง,5108, อุตรดิตถ์,ผู้สูงอายุที่ทำงาน,2563,สำนักงานสถิติแห่งชาติ,คน,19058
หญิง,5109, แพร่,ผู้สูงอายุที่ทำงาน,2563,สำนักงานสถิติแห่งชาติ,คน,21379
หญิง,5110, น่าน,ผู้สูงอายุที่ทำงาน,2563,สำนักงานสถิติแห่งชาติ,คน,15394
หญิง,5111, พะเยา,ผู้สูงอายุที่ทำงาน,2563,สำนักงานสถิติแห่งชาติ,คน,14575
หญิง,5112, เชียงราย,ผู้สูงอายุที่ทำงาน,2563,สำนักงานสถิติแห่งชาติ,คน,45344
หญิง,5113, แม่ฮ่องสอน,ผู้สูงอายุที่ทำงาน,2563,สำนักงานสถิติแห่งชาติ,คน,4623
หญิง,5114, นครสวรรค์,ผู้สูงอายุที่ทำงาน,2563,สำนักงานสถิติแห่งชาติ,คน,52941
หญิง,5115, อุทัยธานี,ผู้สูงอายุที่ทำงาน,2563,สำนักงานสถิติแห่งชาติ,คน,14046
หญิง,5116, กำแพงเพชร,ผู้สูงอายุที่ทำงาน,2563,สำนักงานสถิติแห่งชาติ,คน,32667
หญิง,5117, ตาก,ผู้สูงอายุที่ทำงาน,2563,สำนักงานสถิติแห่งชาติ,คน,14020
หญิง,5118, สุโขทัย,ผู้สูงอายุที่ทำงาน,2563,สำนักงานสถิติแห่งชาติ,คน,26726
หญิง,5119, พิษณุโลก,ผู้สูงอายุที่ทำงาน,2563,สำนักงานสถิติแห่งชาติ,คน,43894
หญิง,5120, พิจิตร,ผู้สูงอายุที่ทำงาน,2563,สำนักงานสถิติแห่งชาติ,คน,27536
หญิง,5121, เพชรบูรณ์,ผู้สูงอายุที่ทำงาน,2563,สำนักงานสถิติแห่งชาติ,คน,37656
หญิง,5122,ภาคตะวันออกเฉียงเหนือ,ผู้สูงอายุที่ทำงาน,2563,สำนักงานสถิติแห่งชาติ,คน,655285
หญิง,5123,นครราชสีมา,ผู้สูงอายุที่ทำงาน,2563,สำนักงานสถิติแห่งชาติ,คน,88507
หญิง,5124, บุรีรัมย์,ผู้สูงอายุที่ทำงาน,2563,สำนักงานสถิติแห่งชาติ,คน,51524
หญิง,5125, สุรินทร์,ผู้สูงอายุที่ทำงาน,2563,สำนักงานสถิติแห่งชาติ,คน,58621
หญิง,5126, ศรีสะเกษ,ผู้สูงอายุที่ทำงาน,2563,สำนักงานสถิติแห่งชาติ,คน,57232
หญิง,5127, อุบลราชธานี,ผู้สูงอายุที่ทำงาน,2563,สำนักงานสถิติแห่งชาติ,คน,44475
หญิง,5128,ยโสธร,ผู้สูงอายุที่ทำงาน,2563,สำนักงานสถิติแห่งชาติ,คน,26138
หญิง,5129,ชัยภูมิ,ผู้สูงอายุที่ทำงาน,2563,สำนักงานสถิติแห่งชาติ,คน,32588
หญิง,5130, อำนาจเจริญ,ผู้สูงอายุที่ทำงาน,2563,สำนักงานสถิติแห่งชาติ,คน,10717
หญิง,5131, บึงกาฬ,ผู้สูงอายุที่ทำงาน,2563,สำนักงานสถิติแห่งชาติ,คน,7426
หญิง,5132, หนองบัวลำภู,ผู้สูงอายุที่ทำงาน,2563,สำนักงานสถิติแห่งชาติ,คน,13966
หญิง,5133, ขอนแก่น,ผู้สูงอายุที่ทำงาน,2563,สำนักงานสถิติแห่งชาติ,คน,52826
หญิง,5134, อุดรธานี,ผู้สูงอายุที่ทำงาน,2563,สำนักงานสถิติแห่งชาติ,คน,31433
หญิง,5135,เลย,ผู้สูงอายุที่ทำงาน,2563,สำนักงานสถิติแห่งชาติ,คน,17462
หญิง,5136, หนองคาย,ผู้สูงอายุที่ทำงาน,2563,สำนักงานสถิติแห่งชาติ,คน,10558
หญิง,5137,มหาสารคาม,ผู้สูงอายุที่ทำงาน,2563,สำนักงานสถิติแห่งชาติ,คน,32249
หญิง,5138, ร้อยเอ็ด,ผู้สูงอายุที่ทำงาน,2563,สำนักงานสถิติแห่งชาติ,คน,48966
หญิง,5139, กาฬสินธุ์,ผู้สูงอายุที่ทำงาน,2563,สำนักงานสถิติแห่งชาติ,คน,21933
หญิง,5140, สกลนคร,ผู้สูงอายุที่ทำงาน,2563,สำนักงานสถิติแห่งชาติ,คน,14873
หญิง,5141, นครพนม,ผู้สูงอายุที่ทำงาน,2563,สำนักงานสถิติแห่งชาติ,คน,20953
หญิง,5142, มุกดาหาร,ผู้สูงอายุที่ทำงาน,2563,สำนักงานสถิติแห่งชาติ,คน,12839
หญิง,5143,ภาคใต้,ผู้สูงอายุที่ทำงาน,2563,สำนักงานสถิติแห่งชาติ,คน,267873
หญิง,5144, นครศรีธรรมราช,ผู้สูงอายุที่ทำงาน,2563,สำนักงานสถิติแห่งชาติ,คน,67445
หญิง,5145, กระบี่,ผู้สูงอายุที่ทำงาน,2563,สำนักงานสถิติแห่งชาติ,คน,8681
หญิง,5146, พังงา,ผู้สูงอายุที่ทำงาน,2563,สำนักงานสถิติแห่งชาติ,คน,5785
หญิง,5147,ภูเก็ต,ผู้สูงอายุที่ทำงาน,2563,สำนักงานสถิติแห่งชาติ,คน,6221
หญิง,5148,สุราษฎร์ธานี,ผู้สูงอายุที่ทำงาน,2563,สำนักงานสถิติแห่งชาติ,คน,27345
หญิง,5149, ระนอง,ผู้สูงอายุที่ทำงาน,2563,สำนักงานสถิติแห่งชาติ,คน,2659
หญิง,5150, ชุมพร,ผู้สูงอายุที่ทำงาน,2563,สำนักงานสถิติแห่งชาติ,คน,12591
หญิง,5151,สงขลา,ผู้สูงอายุที่ทำงาน,2563,สำนักงานสถิติแห่งชาติ,คน,38902
หญิง,5152, สตูล,ผู้สูงอายุที่ทำงาน,2563,สำนักงานสถิติแห่งชาติ,คน,4592
หญิง,5153, ตรัง,ผู้สูงอายุที่ทำงาน,2563,สำนักงานสถิติแห่งชาติ,คน,23443
หญิง,5154, พัทลุง,ผู้สูงอายุที่ทำงาน,2563,สำนักงานสถิติแห่งชาติ,คน,26658
หญิง,5155, ปัตตานี,ผู้สูงอายุที่ทำงาน,2563,สำนักงานสถิติแห่งชาติ,คน,16814
หญิง,5156, ยะลา,ผู้สูงอายุที่ทำงาน,2563,สำนักงานสถิติแห่งชาติ,คน,11213
หญิง,5157, นราธิวาส,ผู้สูงอายุที่ทำงาน,2563,สำนักงานสถิติแห่งชาติ,คน,15524
รวม,5158, กรุงเทพมหานคร,ผู้มีงานทำทั้งหมด,2564,สำนักงานสถิติแห่งชาติ,คน,5180324
รวม,5159,ภาคกลาง,ผู้มีงานทำทั้งหมด,2564,สำนักงานสถิติแห่งชาติ,คน,11819079
รวม,5160, สมุทรปราการ,ผู้มีงานทำทั้งหมด,2564,สำนักงานสถิติแห่งชาติ,คน,1362033
รวม,5161, นนทบุรี,ผู้มีงานทำทั้งหมด,2564,สำนักงานสถิติแห่งชาติ,คน,959706
รวม,5162, ปทุมธานี,ผู้มีงานทำทั้งหมด,2564,สำนักงานสถิติแห่งชาติ,คน,943376
รวม,5163, พระนครศรีอยุธยา,ผู้มีงานทำทั้งหมด,2564,สำนักงานสถิติแห่งชาติ,คน,482235
รวม,5164, อ่างทอง,ผู้มีงานทำทั้งหมด,2564,สำนักงานสถิติแห่งชาติ,คน,128642
รวม,5165, ลพบุรี,ผู้มีงานทำทั้งหมด,2564,สำนักงานสถิติแห่งชาติ,คน,428773
รวม,5166, สิงห์บุรี,ผู้มีงานทำทั้งหมด,2564,สำนักงานสถิติแห่งชาติ,คน,102818
รวม,5167, ชัยนาท,ผู้มีงานทำทั้งหมด,2564,สำนักงานสถิติแห่งชาติ,คน,177604
รวม,5168,สระบุรี,ผู้มีงานทำทั้งหมด,2564,สำนักงานสถิติแห่งชาติ,คน,377394
รวม,5169,ชลบุรี,ผู้มีงานทำทั้งหมด,2564,สำนักงานสถิติแห่งชาติ,คน,1059518
รวม,5170, ระยอง,ผู้มีงานทำทั้งหมด,2564,สำนักงานสถิติแห่งชาติ,คน,566881
รวม,5171,จันทบุรี,ผู้มีงานทำทั้งหมด,2564,สำนักงานสถิติแห่งชาติ,คน,366350
รวม,5172, ตราด,ผู้มีงานทำทั้งหมด,2564,สำนักงานสถิติแห่งชาติ,คน,168813
รวม,5173,ฉะเชิงเทรา,ผู้มีงานทำทั้งหมด,2564,สำนักงานสถิติแห่งชาติ,คน,466412
รวม,5174, ปราจีนบุรี,ผู้มีงานทำทั้งหมด,2564,สำนักงานสถิติแห่งชาติ,คน,387586
รวม,5175, นครนายก,ผู้มีงานทำทั้งหมด,2564,สำนักงานสถิติแห่งชาติ,คน,147873
รวม,5176,สระแก้ว,ผู้มีงานทำทั้งหมด,2564,สำนักงานสถิติแห่งชาติ,คน,348052
รวม,5177, ราชบุรี,ผู้มีงานทำทั้งหมด,2564,สำนักงานสถิติแห่งชาติ,คน,433113
รวม,5178, กาญจนบุรี,ผู้มีงานทำทั้งหมด,2564,สำนักงานสถิติแห่งชาติ,คน,431980
รวม,5179, สุพรรณบุรี,ผู้มีงานทำทั้งหมด,2564,สำนักงานสถิติแห่งชาติ,คน,453696
รวม,5180, นครปฐม,ผู้มีงานทำทั้งหมด,2564,สำนักงานสถิติแห่งชาติ,คน,675522
รวม,5181, สมุทรสาคร,ผู้มีงานทำทั้งหมด,2564,สำนักงานสถิติแห่งชาติ,คน,715966
รวม,5182, สมุทรสงคราม,ผู้มีงานทำทั้งหมด,2564,สำนักงานสถิติแห่งชาติ,คน,103512
รวม,5183, เพชรบุรี,ผู้มีงานทำทั้งหมด,2564,สำนักงานสถิติแห่งชาติ,คน,276150
รวม,5184, ประจวบคีรีขันธ์,ผู้มีงานทำทั้งหมด,2564,สำนักงานสถิติแห่งชาติ,คน,255072
รวม,5185,ภาคเหนือ,ผู้มีงานทำทั้งหมด,2564,สำนักงานสถิติแห่งชาติ,คน,6086318
รวม,5186, เชียงใหม่,ผู้มีงานทำทั้งหมด,2564,สำนักงานสถิติแห่งชาติ,คน,1003677
รวม,5187, ลำพูน,ผู้มีงานทำทั้งหมด,2564,สำนักงานสถิติแห่งชาติ,คน,252415
รวม,5188, ลำปาง,ผู้มีงานทำทั้งหมด,2564,สำนักงานสถิติแห่งชาติ,คน,395138
รวม,5189, อุตรดิตถ์,ผู้มีงานทำทั้งหมด,2564,สำนักงานสถิติแห่งชาติ,คน,211206
รวม,5190, แพร่,ผู้มีงานทำทั้งหมด,2564,สำนักงานสถิติแห่งชาติ,คน,229862
รวม,5191, น่าน,ผู้มีงานทำทั้งหมด,2564,สำนักงานสถิติแห่งชาติ,คน,256494
รวม,5192, พะเยา,ผู้มีงานทำทั้งหมด,2564,สำนักงานสถิติแห่งชาติ,คน,215742
รวม,5193, เชียงราย,ผู้มีงานทำทั้งหมด,2564,สำนักงานสถิติแห่งชาติ,คน,564320
รวม,5194, แม่ฮ่องสอน,ผู้มีงานทำทั้งหมด,2564,สำนักงานสถิติแห่งชาติ,คน,108946
รวม,5195, นครสวรรค์,ผู้มีงานทำทั้งหมด,2564,สำนักงานสถิติแห่งชาติ,คน,528705
รวม,5196, อุทัยธานี,ผู้มีงานทำทั้งหมด,2564,สำนักงานสถิติแห่งชาติ,คน,147323
รวม,5197, กำแพงเพชร,ผู้มีงานทำทั้งหมด,2564,สำนักงานสถิติแห่งชาติ,คน,401441
รวม,5198, ตาก,ผู้มีงานทำทั้งหมด,2564,สำนักงานสถิติแห่งชาติ,คน,227637
รวม,5199, สุโขทัย,ผู้มีงานทำทั้งหมด,2564,สำนักงานสถิติแห่งชาติ,คน,330478
รวม,5200, พิษณุโลก,ผู้มีงานทำทั้งหมด,2564,สำนักงานสถิติแห่งชาติ,คน,469803
รวม,5201, พิจิตร,ผู้มีงานทำทั้งหมด,2564,สำนักงานสถิติแห่งชาติ,คน,288868
รวม,5202, เพชรบูรณ์,ผู้มีงานทำทั้งหมด,2564,สำนักงานสถิติแห่งชาติ,คน,454264
รวม,5203,ภาคตะวันออกเฉียงเหนือ,ผู้มีงานทำทั้งหมด,2564,สำนักงานสถิติแห่งชาติ,คน,9574518
รวม,5204,นครราชสีมา,ผู้มีงานทำทั้งหมด,2564,สำนักงานสถิติแห่งชาติ,คน,1259323
รวม,5205, บุรีรัมย์,ผู้มีงานทำทั้งหมด,2564,สำนักงานสถิติแห่งชาติ,คน,649367
รวม,5206, สุรินทร์,ผู้มีงานทำทั้งหมด,2564,สำนักงานสถิติแห่งชาติ,คน,545687
รวม,5207, ศรีสะเกษ,ผู้มีงานทำทั้งหมด,2564,สำนักงานสถิติแห่งชาติ,คน,587667
รวม,5208, อุบลราชธานี,ผู้มีงานทำทั้งหมด,2564,สำนักงานสถิติแห่งชาติ,คน,895765
รวม,5209,ยโสธร,ผู้มีงานทำทั้งหมด,2564,สำนักงานสถิติแห่งชาติ,คน,283298
รวม,5210,ชัยภูมิ,ผู้มีงานทำทั้งหมด,2564,สำนักงานสถิติแห่งชาติ,คน,483503
รวม,5211, อำนาจเจริญ,ผู้มีงานทำทั้งหมด,2564,สำนักงานสถิติแห่งชาติ,คน,134322
รวม,5212, บึงกาฬ,ผู้มีงานทำทั้งหมด,2564,สำนักงานสถิติแห่งชาติ,คน,173418
รวม,5213, หนองบัวลำภู,ผู้มีงานทำทั้งหมด,2564,สำนักงานสถิติแห่งชาติ,คน,223187
รวม,5214, ขอนแก่น,ผู้มีงานทำทั้งหมด,2564,สำนักงานสถิติแห่งชาติ,คน,907158
รวม,5215, อุดรธานี,ผู้มีงานทำทั้งหมด,2564,สำนักงานสถิติแห่งชาติ,คน,618683
รวม,5216,เลย,ผู้มีงานทำทั้งหมด,2564,สำนักงานสถิติแห่งชาติ,คน,305262
รวม,5217, หนองคาย,ผู้มีงานทำทั้งหมด,2564,สำนักงานสถิติแห่งชาติ,คน,205270
รวม,5218,มหาสารคาม,ผู้มีงานทำทั้งหมด,2564,สำนักงานสถิติแห่งชาติ,คน,416171
รวม,5219, ร้อยเอ็ด,ผู้มีงานทำทั้งหมด,2564,สำนักงานสถิติแห่งชาติ,คน,570691
รวม,5220, กาฬสินธุ์,ผู้มีงานทำทั้งหมด,2564,สำนักงานสถิติแห่งชาติ,คน,406644
รวม,5221, สกลนคร,ผู้มีงานทำทั้งหมด,2564,สำนักงานสถิติแห่งชาติ,คน,425989
รวม,5222, นครพนม,ผู้มีงานทำทั้งหมด,2564,สำนักงานสถิติแห่งชาติ,คน,287043
รวม,5223, มุกดาหาร,ผู้มีงานทำทั้งหมด,2564,สำนักงานสถิติแห่งชาติ,คน,196069
รวม,5224,ภาคใต้,ผู้มีงานทำทั้งหมด,2564,สำนักงานสถิติแห่งชาติ,คน,5045502
รวม,5225, นครศรีธรรมราช,ผู้มีงานทำทั้งหมด,2564,สำนักงานสถิติแห่งชาติ,คน,887402
รวม,5226, กระบี่,ผู้มีงานทำทั้งหมด,2564,สำนักงานสถิติแห่งชาติ,คน,210476
รวม,5227, พังงา,ผู้มีงานทำทั้งหมด,2564,สำนักงานสถิติแห่งชาติ,คน,141235
รวม,5228,ภูเก็ต,ผู้มีงานทำทั้งหมด,2564,สำนักงานสถิติแห่งชาติ,คน,283811
รวม,5229,สุราษฎร์ธานี,ผู้มีงานทำทั้งหมด,2564,สำนักงานสถิติแห่งชาติ,คน,605563
รวม,5230, ระนอง,ผู้มีงานทำทั้งหมด,2564,สำนักงานสถิติแห่งชาติ,คน,135540
รวม,5231, ชุมพร,ผู้มีงานทำทั้งหมด,2564,สำนักงานสถิติแห่งชาติ,คน,280338
รวม,5232,สงขลา,ผู้มีงานทำทั้งหมด,2564,สำนักงานสถิติแห่งชาติ,คน,834325
รวม,5233, สตูล,ผู้มีงานทำทั้งหมด,2564,สำนักงานสถิติแห่งชาติ,คน,143491
รวม,5234, ตรัง,ผู้มีงานทำทั้งหมด,2564,สำนักงานสถิติแห่งชาติ,คน,376406
รวม,5235, พัทลุง,ผู้มีงานทำทั้งหมด,2564,สำนักงานสถิติแห่งชาติ,คน,310339
รวม,5236, ปัตตานี,ผู้มีงานทำทั้งหมด,2564,สำนักงานสถิติแห่งชาติ,คน,301460
รวม,5237, ยะลา,ผู้มีงานทำทั้งหมด,2564,สำนักงานสถิติแห่งชาติ,คน,223485
รวม,5238, นราธิวาส,ผู้มีงานทำทั้งหมด,2564,สำนักงานสถิติแห่งชาติ,คน,311633
ชาย,5239,จำนวน,ผู้มีงานทำทั้งหมด,2564,สำนักงานสถิติแห่งชาติ,คน,20453927
ชาย,5240, กรุงเทพมหานคร,ผู้มีงานทำทั้งหมด,2564,สำนักงานสถิติแห่งชาติ,คน,2689639
ชาย,5241,ภาคกลาง,ผู้มีงานทำทั้งหมด,2564,สำนักงานสถิติแห่งชาติ,คน,6454022
ชาย,5242, สมุทรปราการ,ผู้มีงานทำทั้งหมด,2564,สำนักงานสถิติแห่งชาติ,คน,734244
ชาย,5243, นนทบุรี,ผู้มีงานทำทั้งหมด,2564,สำนักงานสถิติแห่งชาติ,คน,508491
ชาย,5244, ปทุมธานี,ผู้มีงานทำทั้งหมด,2564,สำนักงานสถิติแห่งชาติ,คน,500733
ชาย,5245, พระนครศรีอยุธยา,ผู้มีงานทำทั้งหมด,2564,สำนักงานสถิติแห่งชาติ,คน,258090
ชาย,5246, อ่างทอง,ผู้มีงานทำทั้งหมด,2564,สำนักงานสถิติแห่งชาติ,คน,66282
ชาย,5247, ลพบุรี,ผู้มีงานทำทั้งหมด,2564,สำนักงานสถิติแห่งชาติ,คน,238833
ชาย,5248, สิงห์บุรี,ผู้มีงานทำทั้งหมด,2564,สำนักงานสถิติแห่งชาติ,คน,53214
ชาย,5249, ชัยนาท,ผู้มีงานทำทั้งหมด,2564,สำนักงานสถิติแห่งชาติ,คน,92795
ชาย,5250,สระบุรี,ผู้มีงานทำทั้งหมด,2564,สำนักงานสถิติแห่งชาติ,คน,213494
ชาย,5251,ชลบุรี,ผู้มีงานทำทั้งหมด,2564,สำนักงานสถิติแห่งชาติ,คน,587103
ชาย,5252, ระยอง,ผู้มีงานทำทั้งหมด,2564,สำนักงานสถิติแห่งชาติ,คน,330488
ชาย,5253,จันทบุรี,ผู้มีงานทำทั้งหมด,2564,สำนักงานสถิติแห่งชาติ,คน,195461
ชาย,5254, ตราด,ผู้มีงานทำทั้งหมด,2564,สำนักงานสถิติแห่งชาติ,คน,97820
ชาย,5255,ฉะเชิงเทรา,ผู้มีงานทำทั้งหมด,2564,สำนักงานสถิติแห่งชาติ,คน,261571
ชาย,5256, ปราจีนบุรี,ผู้มีงานทำทั้งหมด,2564,สำนักงานสถิติแห่งชาติ,คน,204351
ชาย,5257, นครนายก,ผู้มีงานทำทั้งหมด,2564,สำนักงานสถิติแห่งชาติ,คน,83805
ชาย,5258,สระแก้ว,ผู้มีงานทำทั้งหมด,2564,สำนักงานสถิติแห่งชาติ,คน,197503
ชาย,5259, ราชบุรี,ผู้มีงานทำทั้งหมด,2564,สำนักงานสถิติแห่งชาติ,คน,239647
ชาย,5260, กาญจนบุรี,ผู้มีงานทำทั้งหมด,2564,สำนักงานสถิติแห่งชาติ,คน,243193
ชาย,5261, สุพรรณบุรี,ผู้มีงานทำทั้งหมด,2564,สำนักงานสถิติแห่งชาติ,คน,254289
ชาย,5262, นครปฐม,ผู้มีงานทำทั้งหมด,2564,สำนักงานสถิติแห่งชาติ,คน,359498
ชาย,5263, สมุทรสาคร,ผู้มีงานทำทั้งหมด,2564,สำนักงานสถิติแห่งชาติ,คน,382484
ชาย,5264, สมุทรสงคราม,ผู้มีงานทำทั้งหมด,2564,สำนักงานสถิติแห่งชาติ,คน,56757
ชาย,5265, เพชรบุรี,ผู้มีงานทำทั้งหมด,2564,สำนักงานสถิติแห่งชาติ,คน,146868
ชาย,5266, ประจวบคีรีขันธ์,ผู้มีงานทำทั้งหมด,2564,สำนักงานสถิติแห่งชาติ,คน,147009
ชาย,5267,ภาคเหนือ,ผู้มีงานทำทั้งหมด,2564,สำนักงานสถิติแห่งชาติ,คน,3314326
ชาย,5268, เชียงใหม่,ผู้มีงานทำทั้งหมด,2564,สำนักงานสถิติแห่งชาติ,คน,543760
ชาย,5269, ลำพูน,ผู้มีงานทำทั้งหมด,2564,สำนักงานสถิติแห่งชาติ,คน,132460
ชาย,5270, ลำปาง,ผู้มีงานทำทั้งหมด,2564,สำนักงานสถิติแห่งชาติ,คน,213880
ชาย,5271, อุตรดิตถ์,ผู้มีงานทำทั้งหมด,2564,สำนักงานสถิติแห่งชาติ,คน,119860
ชาย,5272, แพร่,ผู้มีงานทำทั้งหมด,2564,สำนักงานสถิติแห่งชาติ,คน,123820
ชาย,5273, น่าน,ผู้มีงานทำทั้งหมด,2564,สำนักงานสถิติแห่งชาติ,คน,138312
ชาย,5274, พะเยา,ผู้มีงานทำทั้งหมด,2564,สำนักงานสถิติแห่งชาติ,คน,119794
ชาย,5275, เชียงราย,ผู้มีงานทำทั้งหมด,2564,สำนักงานสถิติแห่งชาติ,คน,330001
ชาย,5276, แม่ฮ่องสอน,ผู้มีงานทำทั้งหมด,2564,สำนักงานสถิติแห่งชาติ,คน,60284
ชาย,5277, นครสวรรค์,ผู้มีงานทำทั้งหมด,2564,สำนักงานสถิติแห่งชาติ,คน,281533
ชาย,5278, อุทัยธานี,ผู้มีงานทำทั้งหมด,2564,สำนักงานสถิติแห่งชาติ,คน,78173
ชาย,5279, กำแพงเพชร,ผู้มีงานทำทั้งหมด,2564,สำนักงานสถิติแห่งชาติ,คน,217882
ชาย,5280, ตาก,ผู้มีงานทำทั้งหมด,2564,สำนักงานสถิติแห่งชาติ,คน,127341
ชาย,5281, สุโขทัย,ผู้มีงานทำทั้งหมด,2564,สำนักงานสถิติแห่งชาติ,คน,174983
ชาย,5282, พิษณุโลก,ผู้มีงานทำทั้งหมด,2564,สำนักงานสถิติแห่งชาติ,คน,251306
ชาย,5283, พิจิตร,ผู้มีงานทำทั้งหมด,2564,สำนักงานสถิติแห่งชาติ,คน,153971
ชาย,5284, เพชรบูรณ์,ผู้มีงานทำทั้งหมด,2564,สำนักงานสถิติแห่งชาติ,คน,246965
ชาย,5285,ภาคตะวันออกเฉียงเหนือ,ผู้มีงานทำทั้งหมด,2564,สำนักงานสถิติแห่งชาติ,คน,5192716
ชาย,5286,นครราชสีมา,ผู้มีงานทำทั้งหมด,2564,สำนักงานสถิติแห่งชาติ,คน,700621
ชาย,5287, บุรีรัมย์,ผู้มีงานทำทั้งหมด,2564,สำนักงานสถิติแห่งชาติ,คน,357954
ชาย,5288, สุรินทร์,ผู้มีงานทำทั้งหมด,2564,สำนักงานสถิติแห่งชาติ,คน,290720
ชาย,5289, ศรีสะเกษ,ผู้มีงานทำทั้งหมด,2564,สำนักงานสถิติแห่งชาติ,คน,305169
ชาย,5290, อุบลราชธานี,ผู้มีงานทำทั้งหมด,2564,สำนักงานสถิติแห่งชาติ,คน,493454
ชาย,5291,ยโสธร,ผู้มีงานทำทั้งหมด,2564,สำนักงานสถิติแห่งชาติ,คน,144358
ชาย,5292,ชัยภูมิ,ผู้มีงานทำทั้งหมด,2564,สำนักงานสถิติแห่งชาติ,คน,268652
ชาย,5293, อำนาจเจริญ,ผู้มีงานทำทั้งหมด,2564,สำนักงานสถิติแห่งชาติ,คน,73769
ชาย,5294, บึงกาฬ,ผู้มีงานทำทั้งหมด,2564,สำนักงานสถิติแห่งชาติ,คน,92870
ชาย,5295, หนองบัวลำภู,ผู้มีงานทำทั้งหมด,2564,สำนักงานสถิติแห่งชาติ,คน,127123
ชาย,5296, ขอนแก่น,ผู้มีงานทำทั้งหมด,2564,สำนักงานสถิติแห่งชาติ,คน,477719
ชาย,5297, อุดรธานี,ผู้มีงานทำทั้งหมด,2564,สำนักงานสถิติแห่งชาติ,คน,333287
ชาย,5298,เลย,ผู้มีงานทำทั้งหมด,2564,สำนักงานสถิติแห่งชาติ,คน,166999
ชาย,5299, หนองคาย,ผู้มีงานทำทั้งหมด,2564,สำนักงานสถิติแห่งชาติ,คน,110603
ชาย,5300,มหาสารคาม,ผู้มีงานทำทั้งหมด,2564,สำนักงานสถิติแห่งชาติ,คน,227669
ชาย,5301, ร้อยเอ็ด,ผู้มีงานทำทั้งหมด,2564,สำนักงานสถิติแห่งชาติ,คน,303611
ชาย,5302, กาฬสินธุ์,ผู้มีงานทำทั้งหมด,2564,สำนักงานสถิติแห่งชาติ,คน,226314
ชาย,5303, สกลนคร,ผู้มีงานทำทั้งหมด,2564,สำนักงานสถิติแห่งชาติ,คน,234192
ชาย,5304, นครพนม,ผู้มีงานทำทั้งหมด,2564,สำนักงานสถิติแห่งชาติ,คน,154108
ชาย,5305, มุกดาหาร,ผู้มีงานทำทั้งหมด,2564,สำนักงานสถิติแห่งชาติ,คน,103522
ชาย,5306,ภาคใต้,ผู้มีงานทำทั้งหมด,2564,สำนักงานสถิติแห่งชาติ,คน,2803224
ชาย,5307, นครศรีธรรมราช,ผู้มีงานทำทั้งหมด,2564,สำนักงานสถิติแห่งชาติ,คน,486955
ชาย,5308, กระบี่,ผู้มีงานทำทั้งหมด,2564,สำนักงานสถิติแห่งชาติ,คน,119172
ชาย,5309, พังงา,ผู้มีงานทำทั้งหมด,2564,สำนักงานสถิติแห่งชาติ,คน,86682
ชาย,5310,ภูเก็ต,ผู้มีงานทำทั้งหมด,2564,สำนักงานสถิติแห่งชาติ,คน,154091
ชาย,5311,สุราษฎร์ธานี,ผู้มีงานทำทั้งหมด,2564,สำนักงานสถิติแห่งชาติ,คน,347600
ชาย,5312, ระนอง,ผู้มีงานทำทั้งหมด,2564,สำนักงานสถิติแห่งชาติ,คน,84080
ชาย,5313, ชุมพร,ผู้มีงานทำทั้งหมด,2564,สำนักงานสถิติแห่งชาติ,คน,168494
ชาย,5314,สงขลา,ผู้มีงานทำทั้งหมด,2564,สำนักงานสถิติแห่งชาติ,คน,442829
ชาย,5315, สตูล,ผู้มีงานทำทั้งหมด,2564,สำนักงานสถิติแห่งชาติ,คน,84169
ชาย,5316, ตรัง,ผู้มีงานทำทั้งหมด,2564,สำนักงานสถิติแห่งชาติ,คน,201314
ชาย,5317, พัทลุง,ผู้มีงานทำทั้งหมด,2564,สำนักงานสถิติแห่งชาติ,คน,157879
ชาย,5318, ปัตตานี,ผู้มีงานทำทั้งหมด,2564,สำนักงานสถิติแห่งชาติ,คน,163834
ชาย,5319, ยะลา,ผู้มีงานทำทั้งหมด,2564,สำนักงานสถิติแห่งชาติ,คน,123783
ชาย,5320, นราธิวาส,ผู้มีงานทำทั้งหมด,2564,สำนักงานสถิติแห่งชาติ,คน,182343
หญิง,5321,จำนวน,ผู้มีงานทำทั้งหมด,2564,สำนักงานสถิติแห่งชาติ,คน,17251814
หญิง,5322, กรุงเทพมหานคร,ผู้มีงานทำทั้งหมด,2564,สำนักงานสถิติแห่งชาติ,คน,2490685
หญิง,5323,ภาคกลาง,ผู้มีงานทำทั้งหมด,2564,สำนักงานสถิติแห่งชาติ,คน,5365056
หญิง,5324, สมุทรปราการ,ผู้มีงานทำทั้งหมด,2564,สำนักงานสถิติแห่งชาติ,คน,627789
หญิง,5325, นนทบุรี,ผู้มีงานทำทั้งหมด,2564,สำนักงานสถิติแห่งชาติ,คน,451215
หญิง,5326, ปทุมธานี,ผู้มีงานทำทั้งหมด,2564,สำนักงานสถิติแห่งชาติ,คน,442644
หญิง,5327, พระนครศรีอยุธยา,ผู้มีงานทำทั้งหมด,2564,สำนักงานสถิติแห่งชาติ,คน,224145
หญิง,5328, อ่างทอง,ผู้มีงานทำทั้งหมด,2564,สำนักงานสถิติแห่งชาติ,คน,62361
หญิง,5329, ลพบุรี,ผู้มีงานทำทั้งหมด,2564,สำนักงานสถิติแห่งชาติ,คน,189940
หญิง,5330, สิงห์บุรี,ผู้มีงานทำทั้งหมด,2564,สำนักงานสถิติแห่งชาติ,คน,49605
หญิง,5331, ชัยนาท,ผู้มีงานทำทั้งหมด,2564,สำนักงานสถิติแห่งชาติ,คน,84810
หญิง,5332,สระบุรี,ผู้มีงานทำทั้งหมด,2564,สำนักงานสถิติแห่งชาติ,คน,163900
หญิง,5333,ชลบุรี,ผู้มีงานทำทั้งหมด,2564,สำนักงานสถิติแห่งชาติ,คน,472415
หญิง,5334, ระยอง,ผู้มีงานทำทั้งหมด,2564,สำนักงานสถิติแห่งชาติ,คน,236394
หญิง,5335,จันทบุรี,ผู้มีงานทำทั้งหมด,2564,สำนักงานสถิติแห่งชาติ,คน,170888
หญิง,5336, ตราด,ผู้มีงานทำทั้งหมด,2564,สำนักงานสถิติแห่งชาติ,คน,70993
หญิง,5337,ฉะเชิงเทรา,ผู้มีงานทำทั้งหมด,2564,สำนักงานสถิติแห่งชาติ,คน,204840
หญิง,5338, ปราจีนบุรี,ผู้มีงานทำทั้งหมด,2564,สำนักงานสถิติแห่งชาติ,คน,183234
หญิง,5339, นครนายก,ผู้มีงานทำทั้งหมด,2564,สำนักงานสถิติแห่งชาติ,คน,64069
หญิง,5340,สระแก้ว,ผู้มีงานทำทั้งหมด,2564,สำนักงานสถิติแห่งชาติ,คน,150549
หญิง,5341, ราชบุรี,ผู้มีงานทำทั้งหมด,2564,สำนักงานสถิติแห่งชาติ,คน,193465
หญิง,5342, กาญจนบุรี,ผู้มีงานทำทั้งหมด,2564,สำนักงานสถิติแห่งชาติ,คน,188787
หญิง,5343, สุพรรณบุรี,ผู้มีงานทำทั้งหมด,2564,สำนักงานสถิติแห่งชาติ,คน,199407
หญิง,5344, นครปฐม,ผู้มีงานทำทั้งหมด,2564,สำนักงานสถิติแห่งชาติ,คน,316024
หญิง,5345, สมุทรสาคร,ผู้มีงานทำทั้งหมด,2564,สำนักงานสถิติแห่งชาติ,คน,333482
หญิง,5346, สมุทรสงคราม,ผู้มีงานทำทั้งหมด,2564,สำนักงานสถิติแห่งชาติ,คน,46755
หญิง,5347, เพชรบุรี,ผู้มีงานทำทั้งหมด,2564,สำนักงานสถิติแห่งชาติ,คน,129282
หญิง,5348, ประจวบคีรีขันธ์,ผู้มีงานทำทั้งหมด,2564,สำนักงานสถิติแห่งชาติ,คน,108063
หญิง,5349,ภาคเหนือ,ผู้มีงานทำทั้งหมด,2564,สำนักงานสถิติแห่งชาติ,คน,2771993
หญิง,5350, เชียงใหม่,ผู้มีงานทำทั้งหมด,2564,สำนักงานสถิติแห่งชาติ,คน,459917
หญิง,5351, ลำพูน,ผู้มีงานทำทั้งหมด,2564,สำนักงานสถิติแห่งชาติ,คน,119956
หญิง,5352, ลำปาง,ผู้มีงานทำทั้งหมด,2564,สำนักงานสถิติแห่งชาติ,คน,181258
หญิง,5353, อุตรดิตถ์,ผู้มีงานทำทั้งหมด,2564,สำนักงานสถิติแห่งชาติ,คน,91345
หญิง,5354, แพร่,ผู้มีงานทำทั้งหมด,2564,สำนักงานสถิติแห่งชาติ,คน,106042
หญิง,5355, น่าน,ผู้มีงานทำทั้งหมด,2564,สำนักงานสถิติแห่งชาติ,คน,118183
หญิง,5356, พะเยา,ผู้มีงานทำทั้งหมด,2564,สำนักงานสถิติแห่งชาติ,คน,95948
หญิง,5357, เชียงราย,ผู้มีงานทำทั้งหมด,2564,สำนักงานสถิติแห่งชาติ,คน,234319
หญิง,5358, แม่ฮ่องสอน,ผู้มีงานทำทั้งหมด,2564,สำนักงานสถิติแห่งชาติ,คน,48662
หญิง,5359, นครสวรรค์,ผู้มีงานทำทั้งหมด,2564,สำนักงานสถิติแห่งชาติ,คน,247172
หญิง,5360, อุทัยธานี,ผู้มีงานทำทั้งหมด,2564,สำนักงานสถิติแห่งชาติ,คน,69150
หญิง,5361, กำแพงเพชร,ผู้มีงานทำทั้งหมด,2564,สำนักงานสถิติแห่งชาติ,คน,183559
หญิง,5362, ตาก,ผู้มีงานทำทั้งหมด,2564,สำนักงานสถิติแห่งชาติ,คน,100296
หญิง,5363, สุโขทัย,ผู้มีงานทำทั้งหมด,2564,สำนักงานสถิติแห่งชาติ,คน,155494
หญิง,5364, พิษณุโลก,ผู้มีงานทำทั้งหมด,2564,สำนักงานสถิติแห่งชาติ,คน,218497
หญิง,5365, พิจิตร,ผู้มีงานทำทั้งหมด,2564,สำนักงานสถิติแห่งชาติ,คน,134897
หญิง,5366, เพชรบูรณ์,ผู้มีงานทำทั้งหมด,2564,สำนักงานสถิติแห่งชาติ,คน,207298
หญิง,5367,ภาคตะวันออกเฉียงเหนือ,ผู้มีงานทำทั้งหมด,2564,สำนักงานสถิติแห่งชาติ,คน,4381802
หญิง,5368,นครราชสีมา,ผู้มีงานทำทั้งหมด,2564,สำนักงานสถิติแห่งชาติ,คน,558702
หญิง,5369, บุรีรัมย์,ผู้มีงานทำทั้งหมด,2564,สำนักงานสถิติแห่งชาติ,คน,291413
หญิง,5370, สุรินทร์,ผู้มีงานทำทั้งหมด,2564,สำนักงานสถิติแห่งชาติ,คน,254967
หญิง,5371, ศรีสะเกษ,ผู้มีงานทำทั้งหมด,2564,สำนักงานสถิติแห่งชาติ,คน,282499
หญิง,5372, อุบลราชธานี,ผู้มีงานทำทั้งหมด,2564,สำนักงานสถิติแห่งชาติ,คน,402310
หญิง,5373,ยโสธร,ผู้มีงานทำทั้งหมด,2564,สำนักงานสถิติแห่งชาติ,คน,138940
หญิง,5374,ชัยภูมิ,ผู้มีงานทำทั้งหมด,2564,สำนักงานสถิติแห่งชาติ,คน,214851
หญิง,5375, อำนาจเจริญ,ผู้มีงานทำทั้งหมด,2564,สำนักงานสถิติแห่งชาติ,คน,60553
หญิง,5376, บึงกาฬ,ผู้มีงานทำทั้งหมด,2564,สำนักงานสถิติแห่งชาติ,คน,80547
หญิง,5377, หนองบัวลำภู,ผู้มีงานทำทั้งหมด,2564,สำนักงานสถิติแห่งชาติ,คน,96064
หญิง,5378, ขอนแก่น,ผู้มีงานทำทั้งหมด,2564,สำนักงานสถิติแห่งชาติ,คน,429439
หญิง,5379, อุดรธานี,ผู้มีงานทำทั้งหมด,2564,สำนักงานสถิติแห่งชาติ,คน,285396
หญิง,5380,เลย,ผู้มีงานทำทั้งหมด,2564,สำนักงานสถิติแห่งชาติ,คน,138263
หญิง,5381, หนองคาย,ผู้มีงานทำทั้งหมด,2564,สำนักงานสถิติแห่งชาติ,คน,94667
หญิง,5382,มหาสารคาม,ผู้มีงานทำทั้งหมด,2564,สำนักงานสถิติแห่งชาติ,คน,188502
หญิง,5383, ร้อยเอ็ด,ผู้มีงานทำทั้งหมด,2564,สำนักงานสถิติแห่งชาติ,คน,267080
หญิง,5384, กาฬสินธุ์,ผู้มีงานทำทั้งหมด,2564,สำนักงานสถิติแห่งชาติ,คน,180330
หญิง,5385, สกลนคร,ผู้มีงานทำทั้งหมด,2564,สำนักงานสถิติแห่งชาติ,คน,191797
หญิง,5386, นครพนม,ผู้มีงานทำทั้งหมด,2564,สำนักงานสถิติแห่งชาติ,คน,132934
หญิง,5387, มุกดาหาร,ผู้มีงานทำทั้งหมด,2564,สำนักงานสถิติแห่งชาติ,คน,92547
หญิง,5388,ภาคใต้,ผู้มีงานทำทั้งหมด,2564,สำนักงานสถิติแห่งชาติ,คน,2242278
หญิง,5389, นครศรีธรรมราช,ผู้มีงานทำทั้งหมด,2564,สำนักงานสถิติแห่งชาติ,คน,400448
หญิง,5390, กระบี่,ผู้มีงานทำทั้งหมด,2564,สำนักงานสถิติแห่งชาติ,คน,91304
หญิง,5391, พังงา,ผู้มีงานทำทั้งหมด,2564,สำนักงานสถิติแห่งชาติ,คน,54553
หญิง,5392,ภูเก็ต,ผู้มีงานทำทั้งหมด,2564,สำนักงานสถิติแห่งชาติ,คน,129720
หญิง,5393,สุราษฎร์ธานี,ผู้มีงานทำทั้งหมด,2564,สำนักงานสถิติแห่งชาติ,คน,257963
หญิง,5394, ระนอง,ผู้มีงานทำทั้งหมด,2564,สำนักงานสถิติแห่งชาติ,คน,51460
หญิง,5395, ชุมพร,ผู้มีงานทำทั้งหมด,2564,สำนักงานสถิติแห่งชาติ,คน,111843
หญิง,5396,สงขลา,ผู้มีงานทำทั้งหมด,2564,สำนักงานสถิติแห่งชาติ,คน,391496
หญิง,5397, สตูล,ผู้มีงานทำทั้งหมด,2564,สำนักงานสถิติแห่งชาติ,คน,59322
หญิง,5398, ตรัง,ผู้มีงานทำทั้งหมด,2564,สำนักงานสถิติแห่งชาติ,คน,175092
หญิง,5399, พัทลุง,ผู้มีงานทำทั้งหมด,2564,สำนักงานสถิติแห่งชาติ,คน,152459
หญิง,5400, ปัตตานี,ผู้มีงานทำทั้งหมด,2564,สำนักงานสถิติแห่งชาติ,คน,137626
หญิง,5401, ยะลา,ผู้มีงานทำทั้งหมด,2564,สำนักงานสถิติแห่งชาติ,คน,99702
หญิง,5402, นราธิวาส,ผู้มีงานทำทั้งหมด,2564,สำนักงานสถิติแห่งชาติ,คน,129290
รวม,5403,จำนวน,ผู้มีงานทำทั้งหมด,2564,สำนักงานสถิติแห่งชาติ,คน,13236440
รวม,5404, กรุงเทพมหานคร,ผู้มีงานทำทั้งหมด,2564,สำนักงานสถิติแห่งชาติ,คน,1327296
รวม,5405,ภาคกลาง,ผู้มีงานทำทั้งหมด,2564,สำนักงานสถิติแห่งชาติ,คน,3478774
รวม,5406, สมุทรปราการ,ผู้มีงานทำทั้งหมด,2564,สำนักงานสถิติแห่งชาติ,คน,315428
รวม,5407, นนทบุรี,ผู้มีงานทำทั้งหมด,2564,สำนักงานสถิติแห่งชาติ,คน,298286
รวม,5408, ปทุมธานี,ผู้มีงานทำทั้งหมด,2564,สำนักงานสถิติแห่งชาติ,คน,216002
รวม,5409, พระนครศรีอยุธยา,ผู้มีงานทำทั้งหมด,2564,สำนักงานสถิติแห่งชาติ,คน,155467
รวม,5410, อ่างทอง,ผู้มีงานทำทั้งหมด,2564,สำนักงานสถิติแห่งชาติ,คน,65619
รวม,5411, ลพบุรี,ผู้มีงานทำทั้งหมด,2564,สำนักงานสถิติแห่งชาติ,คน,165355
รวม,5412, สิงห์บุรี,ผู้มีงานทำทั้งหมด,2564,สำนักงานสถิติแห่งชาติ,คน,54093
รวม,5413, ชัยนาท,ผู้มีงานทำทั้งหมด,2564,สำนักงานสถิติแห่งชาติ,คน,85027
รวม,5414,สระบุรี,ผู้มีงานทำทั้งหมด,2564,สำนักงานสถิติแห่งชาติ,คน,127555
รวม,5415,ชลบุรี,ผู้มีงานทำทั้งหมด,2564,สำนักงานสถิติแห่งชาติ,คน,215844
รวม,5416, ระยอง,ผู้มีงานทำทั้งหมด,2564,สำนักงานสถิติแห่งชาติ,คน,116325
รวม,5417,จันทบุรี,ผู้มีงานทำทั้งหมด,2564,สำนักงานสถิติแห่งชาติ,คน,103093
รวม,5418, ตราด,ผู้มีงานทำทั้งหมด,2564,สำนักงานสถิติแห่งชาติ,คน,48484
รวม,5419,ฉะเชิงเทรา,ผู้มีงานทำทั้งหมด,2564,สำนักงานสถิติแห่งชาติ,คน,152191
รวม,5420, ปราจีนบุรี,ผู้มีงานทำทั้งหมด,2564,สำนักงานสถิติแห่งชาติ,คน,118719
รวม,5421, นครนายก,ผู้มีงานทำทั้งหมด,2564,สำนักงานสถิติแห่งชาติ,คน,62142
รวม,5422,สระแก้ว,ผู้มีงานทำทั้งหมด,2564,สำนักงานสถิติแห่งชาติ,คน,112506
รวม,5423, ราชบุรี,ผู้มีงานทำทั้งหมด,2564,สำนักงานสถิติแห่งชาติ,คน,174454
รวม,5424, กาญจนบุรี,ผู้มีงานทำทั้งหมด,2564,สำนักงานสถิติแห่งชาติ,คน,144828
รวม,5425, สุพรรณบุรี,ผู้มีงานทำทั้งหมด,2564,สำนักงานสถิติแห่งชาติ,คน,215440
รวม,5426, นครปฐม,ผู้มีงานทำทั้งหมด,2564,สำนักงานสถิติแห่งชาติ,คน,198782
รวม,5427, สมุทรสาคร,ผู้มีงานทำทั้งหมด,2564,สำนักงานสถิติแห่งชาติ,คน,100679
รวม,5428, สมุทรสงคราม,ผู้มีงานทำทั้งหมด,2564,สำนักงานสถิติแห่งชาติ,คน,50361
รวม,5429, เพชรบุรี,ผู้มีงานทำทั้งหมด,2564,สำนักงานสถิติแห่งชาติ,คน,104899
รวม,5430, ประจวบคีรีขันธ์,ผู้มีงานทำทั้งหมด,2564,สำนักงานสถิติแห่งชาติ,คน,77195
รวม,5431,ภาคเหนือ,ผู้มีงานทำทั้งหมด,2564,สำนักงานสถิติแห่งชาติ,คน,2788370
รวม,5432, เชียงใหม่,ผู้มีงานทำทั้งหมด,2564,สำนักงานสถิติแห่งชาติ,คน,356968
รวม,5433, ลำพูน,ผู้มีงานทำทั้งหมด,2564,สำนักงานสถิติแห่งชาติ,คน,98234
รวม,5434, ลำปาง,ผู้มีงานทำทั้งหมด,2564,สำนักงานสถิติแห่งชาติ,คน,205141
รวม,5435, อุตรดิตถ์,ผู้มีงานทำทั้งหมด,2564,สำนักงานสถิติแห่งชาติ,คน,122643
รวม,5436, แพร่,ผู้มีงานทำทั้งหมด,2564,สำนักงานสถิติแห่งชาติ,คน,121398
รวม,5437, น่าน,ผู้มีงานทำทั้งหมด,2564,สำนักงานสถิติแห่งชาติ,คน,111126
รวม,5438, พะเยา,ผู้มีงานทำทั้งหมด,2564,สำนักงานสถิติแห่งชาติ,คน,104643
รวม,5439, เชียงราย,ผู้มีงานทำทั้งหมด,2564,สำนักงานสถิติแห่งชาติ,คน,260915
รวม,5440, แม่ฮ่องสอน,ผู้มีงานทำทั้งหมด,2564,สำนักงานสถิติแห่งชาติ,คน,34997
รวม,5441, นครสวรรค์,ผู้มีงานทำทั้งหมด,2564,สำนักงานสถิติแห่งชาติ,คน,258417
รวม,5442, อุทัยธานี,ผู้มีงานทำทั้งหมด,2564,สำนักงานสถิติแห่งชาติ,คน,82754
รวม,5443, กำแพงเพชร,ผู้มีงานทำทั้งหมด,2564,สำนักงานสถิติแห่งชาติ,คน,180725
รวม,5444, ตาก,ผู้มีงานทำทั้งหมด,2564,สำนักงานสถิติแห่งชาติ,คน,89133
รวม,5445, สุโขทัย,ผู้มีงานทำทั้งหมด,2564,สำนักงานสถิติแห่งชาติ,คน,167906
รวม,5446, พิษณุโลก,ผู้มีงานทำทั้งหมด,2564,สำนักงานสถิติแห่งชาติ,คน,214474
รวม,5447, พิจิตร,ผู้มีงานทำทั้งหมด,2564,สำนักงานสถิติแห่งชาติ,คน,151923
รวม,5448, เพชรบูรณ์,ผู้มีงานทำทั้งหมด,2564,สำนักงานสถิติแห่งชาติ,คน,226973
รวม,5449,ภาคตะวันออกเฉียงเหนือ,ผู้มีงานทำทั้งหมด,2564,สำนักงานสถิติแห่งชาติ,คน,4090372
รวม,5450,นครราชสีมา,ผู้มีงานทำทั้งหมด,2564,สำนักงานสถิติแห่งชาติ,คน,546260
รวม,5451, บุรีรัมย์,ผู้มีงานทำทั้งหมด,2564,สำนักงานสถิติแห่งชาติ,คน,293246
รวม,5452, สุรินทร์,ผู้มีงานทำทั้งหมด,2564,สำนักงานสถิติแห่งชาติ,คน,274155
รวม,5453, ศรีสะเกษ,ผู้มีงานทำทั้งหมด,2564,สำนักงานสถิติแห่งชาติ,คน,239112
รวม,5454, อุบลราชธานี,ผู้มีงานทำทั้งหมด,2564,สำนักงานสถิติแห่งชาติ,คน,351521
รวม,5455,ยโสธร,ผู้มีงานทำทั้งหมด,2564,สำนักงานสถิติแห่งชาติ,คน,117662
รวม,5456,ชัยภูมิ,ผู้มีงานทำทั้งหมด,2564,สำนักงานสถิติแห่งชาติ,คน,236610
รวม,5457, อำนาจเจริญ,ผู้มีงานทำทั้งหมด,2564,สำนักงานสถิติแห่งชาติ,คน,59463
รวม,5458, บึงกาฬ,ผู้มีงานทำทั้งหมด,2564,สำนักงานสถิติแห่งชาติ,คน,69833
รวม,5459, หนองบัวลำภู,ผู้มีงานทำทั้งหมด,2564,สำนักงานสถิติแห่งชาติ,คน,97189
รวม,5460, ขอนแก่น,ผู้มีงานทำทั้งหมด,2564,สำนักงานสถิติแห่งชาติ,คน,373131
รวม,5461, อุดรธานี,ผู้มีงานทำทั้งหมด,2564,สำนักงานสถิติแห่งชาติ,คน,242072
รวม,5462,เลย,ผู้มีงานทำทั้งหมด,2564,สำนักงานสถิติแห่งชาติ,คน,117641
รวม,5463, หนองคาย,ผู้มีงานทำทั้งหมด,2564,สำนักงานสถิติแห่งชาติ,คน,90405
รวม,5464,มหาสารคาม,ผู้มีงานทำทั้งหมด,2564,สำนักงานสถิติแห่งชาติ,คน,185376
รวม,5465, ร้อยเอ็ด,ผู้มีงานทำทั้งหมด,2564,สำนักงานสถิติแห่งชาติ,คน,261981
รวม,5466, กาฬสินธุ์,ผู้มีงานทำทั้งหมด,2564,สำนักงานสถิติแห่งชาติ,คน,177872
รวม,5467, สกลนคร,ผู้มีงานทำทั้งหมด,2564,สำนักงานสถิติแห่งชาติ,คน,174304
รวม,5468, นครพนม,ผู้มีงานทำทั้งหมด,2564,สำนักงานสถิติแห่งชาติ,คน,115161
รวม,5469, มุกดาหาร,ผู้มีงานทำทั้งหมด,2564,สำนักงานสถิติแห่งชาติ,คน,67378
รวม,5470,ภาคใต้,ผู้มีงานทำทั้งหมด,2564,สำนักงานสถิติแห่งชาติ,คน,1551628
รวม,5471, นครศรีธรรมราช,ผู้มีงานทำทั้งหมด,2564,สำนักงานสถิติแห่งชาติ,คน,332251
รวม,5472, กระบี่,ผู้มีงานทำทั้งหมด,2564,สำนักงานสถิติแห่งชาติ,คน,51439
รวม,5473, พังงา,ผู้มีงานทำทั้งหมด,2564,สำนักงานสถิติแห่งชาติ,คน,42624
รวม,5474,ภูเก็ต,ผู้มีงานทำทั้งหมด,2564,สำนักงานสถิติแห่งชาติ,คน,60219
รวม,5475,สุราษฎร์ธานี,ผู้มีงานทำทั้งหมด,2564,สำนักงานสถิติแห่งชาติ,คน,169871
รวม,5476, ระนอง,ผู้มีงานทำทั้งหมด,2564,สำนักงานสถิติแห่งชาติ,คน,30069
รวม,5477, ชุมพร,ผู้มีงานทำทั้งหมด,2564,สำนักงานสถิติแห่งชาติ,คน,87318
รวม,5478,สงขลา,ผู้มีงานทำทั้งหมด,2564,สำนักงานสถิติแห่งชาติ,คน,258294
รวม,5479, สตูล,ผู้มีงานทำทั้งหมด,2564,สำนักงานสถิติแห่งชาติ,คน,41180
รวม,5480, ตรัง,ผู้มีงานทำทั้งหมด,2564,สำนักงานสถิติแห่งชาติ,คน,109188
รวม,5481, พัทลุง,ผู้มีงานทำทั้งหมด,2564,สำนักงานสถิติแห่งชาติ,คน,113603
รวม,5482, ปัตตานี,ผู้มีงานทำทั้งหมด,2564,สำนักงานสถิติแห่งชาติ,คน,97126
รวม,5483, ยะลา,ผู้มีงานทำทั้งหมด,2564,สำนักงานสถิติแห่งชาติ,คน,61602
รวม,5484, นราธิวาส,ผู้มีงานทำทั้งหมด,2564,สำนักงานสถิติแห่งชาติ,คน,96844
ชาย,5485,จำนวน,ผู้สูงอายุทั้งหมด,2564,สำนักงานสถิติแห่งชาติ,คน,5921045
ชาย,5486, กรุงเทพมหานคร,ผู้สูงอายุทั้งหมด,2564,สำนักงานสถิติแห่งชาติ,คน,582780
ชาย,5487,ภาคกลาง,ผู้สูงอายุทั้งหมด,2564,สำนักงานสถิติแห่งชาติ,คน,1523183
ชาย,5488, สมุทรปราการ,ผู้สูงอายุทั้งหมด,2564,สำนักงานสถิติแห่งชาติ,คน,135694
ชาย,5489, นนทบุรี,ผู้สูงอายุทั้งหมด,2564,สำนักงานสถิติแห่งชาติ,คน,126284
ชาย,5490, ปทุมธานี,ผู้สูงอายุทั้งหมด,2564,สำนักงานสถิติแห่งชาติ,คน,96945
ชาย,5491, พระนครศรีอยุธยา,ผู้สูงอายุทั้งหมด,2564,สำนักงานสถิติแห่งชาติ,คน,65259
ชาย,5492, อ่างทอง,ผู้สูงอายุทั้งหมด,2564,สำนักงานสถิติแห่งชาติ,คน,26982
ชาย,5493, ลพบุรี,ผู้สูงอายุทั้งหมด,2564,สำนักงานสถิติแห่งชาติ,คน,73545
ชาย,5494, สิงห์บุรี,ผู้สูงอายุทั้งหมด,2564,สำนักงานสถิติแห่งชาติ,คน,22980
ชาย,5495, ชัยนาท,ผู้สูงอายุทั้งหมด,2564,สำนักงานสถิติแห่งชาติ,คน,36537
ชาย,5496,สระบุรี,ผู้สูงอายุทั้งหมด,2564,สำนักงานสถิติแห่งชาติ,คน,54856
ชาย,5497,ชลบุรี,ผู้สูงอายุทั้งหมด,2564,สำนักงานสถิติแห่งชาติ,คน,106117
ชาย,5498, ระยอง,ผู้สูงอายุทั้งหมด,2564,สำนักงานสถิติแห่งชาติ,คน,51818
ชาย,5499,จันทบุรี,ผู้สูงอายุทั้งหมด,2564,สำนักงานสถิติแห่งชาติ,คน,46849
ชาย,5500, ตราด,ผู้สูงอายุทั้งหมด,2564,สำนักงานสถิติแห่งชาติ,คน,22799
ชาย,5501,ฉะเชิงเทรา,ผู้สูงอายุทั้งหมด,2564,สำนักงานสถิติแห่งชาติ,คน,66786
ชาย,5502, ปราจีนบุรี,ผู้สูงอายุทั้งหมด,2564,สำนักงานสถิติแห่งชาติ,คน,51072
ชาย,5503, นครนายก,ผู้สูงอายุทั้งหมด,2564,สำนักงานสถิติแห่งชาติ,คน,26697
ชาย,5504,สระแก้ว,ผู้สูงอายุทั้งหมด,2564,สำนักงานสถิติแห่งชาติ,คน,51057
ชาย,5505, ราชบุรี,ผู้สูงอายุทั้งหมด,2564,สำนักงานสถิติแห่งชาติ,คน,74323
ชาย,5506, กาญจนบุรี,ผู้สูงอายุทั้งหมด,2564,สำนักงานสถิติแห่งชาติ,คน,65725
ชาย,5507, สุพรรณบุรี,ผู้สูงอายุทั้งหมด,2564,สำนักงานสถิติแห่งชาติ,คน,92493
ชาย,5508, นครปฐม,ผู้สูงอายุทั้งหมด,2564,สำนักงานสถิติแห่งชาติ,คน,84252
ชาย,5509, สมุทรสาคร,ผู้สูงอายุทั้งหมด,2564,สำนักงานสถิติแห่งชาติ,คน,43218
ชาย,5510, สมุทรสงคราม,ผู้สูงอายุทั้งหมด,2564,สำนักงานสถิติแห่งชาติ,คน,20754
ชาย,5511, เพชรบุรี,ผู้สูงอายุทั้งหมด,2564,สำนักงานสถิติแห่งชาติ,คน,45262
ชาย,5512, ประจวบคีรีขันธ์,ผู้สูงอายุทั้งหมด,2564,สำนักงานสถิติแห่งชาติ,คน,34879
ชาย,5513,ภาคเหนือ,ผู้สูงอายุทั้งหมด,2564,สำนักงานสถิติแห่งชาติ,คน,1269298
ชาย,5514, เชียงใหม่,ผู้สูงอายุทั้งหมด,2564,สำนักงานสถิติแห่งชาติ,คน,166161
ชาย,5515, ลำพูน,ผู้สูงอายุทั้งหมด,2564,สำนักงานสถิติแห่งชาติ,คน,45849
ชาย,5516, ลำปาง,ผู้สูงอายุทั้งหมด,2564,สำนักงานสถิติแห่งชาติ,คน,95873
ชาย,5517, อุตรดิตถ์,ผู้สูงอายุทั้งหมด,2564,สำนักงานสถิติแห่งชาติ,คน,55028
ชาย,5518, แพร่,ผู้สูงอายุทั้งหมด,2564,สำนักงานสถิติแห่งชาติ,คน,54002
ชาย,5519, น่าน,ผู้สูงอายุทั้งหมด,2564,สำนักงานสถิติแห่งชาติ,คน,52656
ชาย,5520, พะเยา,ผู้สูงอายุทั้งหมด,2564,สำนักงานสถิติแห่งชาติ,คน,49603
ชาย,5521, เชียงราย,ผู้สูงอายุทั้งหมด,2564,สำนักงานสถิติแห่งชาติ,คน,122614
ชาย,5522, แม่ฮ่องสอน,ผู้สูงอายุทั้งหมด,2564,สำนักงานสถิติแห่งชาติ,คน,17613
ชาย,5523, นครสวรรค์,ผู้สูงอายุทั้งหมด,2564,สำนักงานสถิติแห่งชาติ,คน,113878
ชาย,5524, อุทัยธานี,ผู้สูงอายุทั้งหมด,2564,สำนักงานสถิติแห่งชาติ,คน,36620
ชาย,5525, กำแพงเพชร,ผู้สูงอายุทั้งหมด,2564,สำนักงานสถิติแห่งชาติ,คน,81801
ชาย,5526, ตาก,ผู้สูงอายุทั้งหมด,2564,สำนักงานสถิติแห่งชาติ,คน,41126
ชาย,5527, สุโขทัย,ผู้สูงอายุทั้งหมด,2564,สำนักงานสถิติแห่งชาติ,คน,71938
ชาย,5528, พิษณุโลก,ผู้สูงอายุทั้งหมด,2564,สำนักงานสถิติแห่งชาติ,คน,94910
ชาย,5529, พิจิตร,ผู้สูงอายุทั้งหมด,2564,สำนักงานสถิติแห่งชาติ,คน,66579
ชาย,5530, เพชรบูรณ์,ผู้สูงอายุทั้งหมด,2564,สำนักงานสถิติแห่งชาติ,คน,103047
ชาย,5531,ภาคตะวันออกเฉียงเหนือ,ผู้สูงอายุทั้งหมด,2564,สำนักงานสถิติแห่งชาติ,คน,1856179
ชาย,5532,นครราชสีมา,ผู้สูงอายุทั้งหมด,2564,สำนักงานสถิติแห่งชาติ,คน,247909
ชาย,5533, บุรีรัมย์,ผู้สูงอายุทั้งหมด,2564,สำนักงานสถิติแห่งชาติ,คน,132985
ชาย,5534, สุรินทร์,ผู้สูงอายุทั้งหมด,2564,สำนักงานสถิติแห่งชาติ,คน,122404
ชาย,5535, ศรีสะเกษ,ผู้สูงอายุทั้งหมด,2564,สำนักงานสถิติแห่งชาติ,คน,106035
ชาย,5536, อุบลราชธานี,ผู้สูงอายุทั้งหมด,2564,สำนักงานสถิติแห่งชาติ,คน,162475
ชาย,5537,ยโสธร,ผู้สูงอายุทั้งหมด,2564,สำนักงานสถิติแห่งชาติ,คน,52884
ชาย,5538,ชัยภูมิ,ผู้สูงอายุทั้งหมด,2564,สำนักงานสถิติแห่งชาติ,คน,108053
ชาย,5539, อำนาจเจริญ,ผู้สูงอายุทั้งหมด,2564,สำนักงานสถิติแห่งชาติ,คน,26637
ชาย,5540, บึงกาฬ,ผู้สูงอายุทั้งหมด,2564,สำนักงานสถิติแห่งชาติ,คน,32950
ชาย,5541, หนองบัวลำภู,ผู้สูงอายุทั้งหมด,2564,สำนักงานสถิติแห่งชาติ,คน,43912
ชาย,5542, ขอนแก่น,ผู้สูงอายุทั้งหมด,2564,สำนักงานสถิติแห่งชาติ,คน,169734
ชาย,5543, อุดรธานี,ผู้สูงอายุทั้งหมด,2564,สำนักงานสถิติแห่งชาติ,คน,110616
ชาย,5544,เลย,ผู้สูงอายุทั้งหมด,2564,สำนักงานสถิติแห่งชาติ,คน,57122
ชาย,5545, หนองคาย,ผู้สูงอายุทั้งหมด,2564,สำนักงานสถิติแห่งชาติ,คน,41214
ชาย,5546,มหาสารคาม,ผู้สูงอายุทั้งหมด,2564,สำนักงานสถิติแห่งชาติ,คน,82123
ชาย,5547, ร้อยเอ็ด,ผู้สูงอายุทั้งหมด,2564,สำนักงานสถิติแห่งชาติ,คน,116985
ชาย,5548, กาฬสินธุ์,ผู้สูงอายุทั้งหมด,2564,สำนักงานสถิติแห่งชาติ,คน,80370
ชาย,5549, สกลนคร,ผู้สูงอายุทั้งหมด,2564,สำนักงานสถิติแห่งชาติ,คน,79175
ชาย,5550, นครพนม,ผู้สูงอายุทั้งหมด,2564,สำนักงานสถิติแห่งชาติ,คน,51211
ชาย,5551, มุกดาหาร,ผู้สูงอายุทั้งหมด,2564,สำนักงานสถิติแห่งชาติ,คน,31385
ชาย,5552,ภาคใต้,ผู้สูงอายุทั้งหมด,2564,สำนักงานสถิติแห่งชาติ,คน,689605
ชาย,5553, นครศรีธรรมราช,ผู้สูงอายุทั้งหมด,2564,สำนักงานสถิติแห่งชาติ,คน,144625
ชาย,5554, กระบี่,ผู้สูงอายุทั้งหมด,2564,สำนักงานสถิติแห่งชาติ,คน,24218
ชาย,5555, พังงา,ผู้สูงอายุทั้งหมด,2564,สำนักงานสถิติแห่งชาติ,คน,19945
ชาย,5556,ภูเก็ต,ผู้สูงอายุทั้งหมด,2564,สำนักงานสถิติแห่งชาติ,คน,29144
ชาย,5557,สุราษฎร์ธานี,ผู้สูงอายุทั้งหมด,2564,สำนักงานสถิติแห่งชาติ,คน,73272
ชาย,5558, ระนอง,ผู้สูงอายุทั้งหมด,2564,สำนักงานสถิติแห่งชาติ,คน,14056
ชาย,5559, ชุมพร,ผู้สูงอายุทั้งหมด,2564,สำนักงานสถิติแห่งชาติ,คน,39203
ชาย,5560,สงขลา,ผู้สูงอายุทั้งหมด,2564,สำนักงานสถิติแห่งชาติ,คน,113611
ชาย,5561, สตูล,ผู้สูงอายุทั้งหมด,2564,สำนักงานสถิติแห่งชาติ,คน,19408
ชาย,5562, ตรัง,ผู้สูงอายุทั้งหมด,2564,สำนักงานสถิติแห่งชาติ,คน,47585
ชาย,5563, พัทลุง,ผู้สูงอายุทั้งหมด,2564,สำนักงานสถิติแห่งชาติ,คน,49066
ชาย,5564, ปัตตานี,ผู้สูงอายุทั้งหมด,2564,สำนักงานสถิติแห่งชาติ,คน,42262
ชาย,5565, ยะลา,ผู้สูงอายุทั้งหมด,2564,สำนักงานสถิติแห่งชาติ,คน,28842
ชาย,5566, นราธิวาส,ผู้สูงอายุทั้งหมด,2564,สำนักงานสถิติแห่งชาติ,คน,44368
หญิง,5567,จำนวน,ผู้สูงอายุทั้งหมด,2564,สำนักงานสถิติแห่งชาติ,คน,7315395
หญิง,5568, กรุงเทพมหานคร,ผู้สูงอายุทั้งหมด,2564,สำนักงานสถิติแห่งชาติ,คน,744516
หญิง,5569,ภาคกลาง,ผู้สูงอายุทั้งหมด,2564,สำนักงานสถิติแห่งชาติ,คน,1955591
หญิง,5570, สมุทรปราการ,ผู้สูงอายุทั้งหมด,2564,สำนักงานสถิติแห่งชาติ,คน,179734
หญิง,5571, นนทบุรี,ผู้สูงอายุทั้งหมด,2564,สำนักงานสถิติแห่งชาติ,คน,172002
หญิง,5572, ปทุมธานี,ผู้สูงอายุทั้งหมด,2564,สำนักงานสถิติแห่งชาติ,คน,119057
หญิง,5573, พระนครศรีอยุธยา,ผู้สูงอายุทั้งหมด,2564,สำนักงานสถิติแห่งชาติ,คน,90208
หญิง,5574, อ่างทอง,ผู้สูงอายุทั้งหมด,2564,สำนักงานสถิติแห่งชาติ,คน,38637
หญิง,5575, ลพบุรี,ผู้สูงอายุทั้งหมด,2564,สำนักงานสถิติแห่งชาติ,คน,91810
หญิง,5576, สิงห์บุรี,ผู้สูงอายุทั้งหมด,2564,สำนักงานสถิติแห่งชาติ,คน,31113
หญิง,5577, ชัยนาท,ผู้สูงอายุทั้งหมด,2564,สำนักงานสถิติแห่งชาติ,คน,48490
หญิง,5578,สระบุรี,ผู้สูงอายุทั้งหมด,2564,สำนักงานสถิติแห่งชาติ,คน,72699
หญิง,5579,ชลบุรี,ผู้สูงอายุทั้งหมด,2564,สำนักงานสถิติแห่งชาติ,คน,109727
หญิง,5580, ระยอง,ผู้สูงอายุทั้งหมด,2564,สำนักงานสถิติแห่งชาติ,คน,64507
หญิง,5581,จันทบุรี,ผู้สูงอายุทั้งหมด,2564,สำนักงานสถิติแห่งชาติ,คน,56244
หญิง,5582, ตราด,ผู้สูงอายุทั้งหมด,2564,สำนักงานสถิติแห่งชาติ,คน,25685
หญิง,5583,ฉะเชิงเทรา,ผู้สูงอายุทั้งหมด,2564,สำนักงานสถิติแห่งชาติ,คน,85405
หญิง,5584, ปราจีนบุรี,ผู้สูงอายุทั้งหมด,2564,สำนักงานสถิติแห่งชาติ,คน,67647
หญิง,5585, นครนายก,ผู้สูงอายุทั้งหมด,2564,สำนักงานสถิติแห่งชาติ,คน,35445
หญิง,5586,สระแก้ว,ผู้สูงอายุทั้งหมด,2564,สำนักงานสถิติแห่งชาติ,คน,61449
หญิง,5587, ราชบุรี,ผู้สูงอายุทั้งหมด,2564,สำนักงานสถิติแห่งชาติ,คน,100131
หญิง,5588, กาญจนบุรี,ผู้สูงอายุทั้งหมด,2564,สำนักงานสถิติแห่งชาติ,คน,79103
หญิง,5589, สุพรรณบุรี,ผู้สูงอายุทั้งหมด,2564,สำนักงานสถิติแห่งชาติ,คน,122947
หญิง,5590, นครปฐม,ผู้สูงอายุทั้งหมด,2564,สำนักงานสถิติแห่งชาติ,คน,114530
หญิง,5591, สมุทรสาคร,ผู้สูงอายุทั้งหมด,2564,สำนักงานสถิติแห่งชาติ,คน,57461
หญิง,5592, สมุทรสงคราม,ผู้สูงอายุทั้งหมด,2564,สำนักงานสถิติแห่งชาติ,คน,29607
หญิง,5593, เพชรบุรี,ผู้สูงอายุทั้งหมด,2564,สำนักงานสถิติแห่งชาติ,คน,59637
หญิง,5594, ประจวบคีรีขันธ์,ผู้สูงอายุทั้งหมด,2564,สำนักงานสถิติแห่งชาติ,คน,42316
หญิง,5595,ภาคเหนือ,ผู้สูงอายุทั้งหมด,2564,สำนักงานสถิติแห่งชาติ,คน,1519072
หญิง,5596, เชียงใหม่,ผู้สูงอายุทั้งหมด,2564,สำนักงานสถิติแห่งชาติ,คน,190807
หญิง,5597, ลำพูน,ผู้สูงอายุทั้งหมด,2564,สำนักงานสถิติแห่งชาติ,คน,52385
หญิง,5598, ลำปาง,ผู้สูงอายุทั้งหมด,2564,สำนักงานสถิติแห่งชาติ,คน,109268
หญิง,5599, อุตรดิตถ์,ผู้สูงอายุทั้งหมด,2564,สำนักงานสถิติแห่งชาติ,คน,67615
หญิง,5600, แพร่,ผู้สูงอายุทั้งหมด,2564,สำนักงานสถิติแห่งชาติ,คน,67396
หญิง,5601, น่าน,ผู้สูงอายุทั้งหมด,2564,สำนักงานสถิติแห่งชาติ,คน,58470
หญิง,5602, พะเยา,ผู้สูงอายุทั้งหมด,2564,สำนักงานสถิติแห่งชาติ,คน,55040
หญิง,5603, เชียงราย,ผู้สูงอายุทั้งหมด,2564,สำนักงานสถิติแห่งชาติ,คน,138301
หญิง,5604, แม่ฮ่องสอน,ผู้สูงอายุทั้งหมด,2564,สำนักงานสถิติแห่งชาติ,คน,17384
หญิง,5605, นครสวรรค์,ผู้สูงอายุทั้งหมด,2564,สำนักงานสถิติแห่งชาติ,คน,144539
หญิง,5606, อุทัยธานี,ผู้สูงอายุทั้งหมด,2564,สำนักงานสถิติแห่งชาติ,คน,46134
หญิง,5607, กำแพงเพชร,ผู้สูงอายุทั้งหมด,2564,สำนักงานสถิติแห่งชาติ,คน,98924
หญิง,5608, ตาก,ผู้สูงอายุทั้งหมด,2564,สำนักงานสถิติแห่งชาติ,คน,48007
หญิง,5609, สุโขทัย,ผู้สูงอายุทั้งหมด,2564,สำนักงานสถิติแห่งชาติ,คน,95968
หญิง,5610, พิษณุโลก,ผู้สูงอายุทั้งหมด,2564,สำนักงานสถิติแห่งชาติ,คน,119564
หญิง,5611, พิจิตร,ผู้สูงอายุทั้งหมด,2564,สำนักงานสถิติแห่งชาติ,คน,85344
หญิง,5612, เพชรบูรณ์,ผู้สูงอายุทั้งหมด,2564,สำนักงานสถิติแห่งชาติ,คน,123926
หญิง,5613,ภาคตะวันออกเฉียงเหนือ,ผู้สูงอายุทั้งหมด,2564,สำนักงานสถิติแห่งชาติ,คน,2234193
หญิง,5614,นครราชสีมา,ผู้สูงอายุทั้งหมด,2564,สำนักงานสถิติแห่งชาติ,คน,298351
หญิง,5615, บุรีรัมย์,ผู้สูงอายุทั้งหมด,2564,สำนักงานสถิติแห่งชาติ,คน,160261
หญิง,5616, สุรินทร์,ผู้สูงอายุทั้งหมด,2564,สำนักงานสถิติแห่งชาติ,คน,151751
หญิง,5617, ศรีสะเกษ,ผู้สูงอายุทั้งหมด,2564,สำนักงานสถิติแห่งชาติ,คน,133077
หญิง,5618, อุบลราชธานี,ผู้สูงอายุทั้งหมด,2564,สำนักงานสถิติแห่งชาติ,คน,189046
หญิง,5619,ยโสธร,ผู้สูงอายุทั้งหมด,2564,สำนักงานสถิติแห่งชาติ,คน,64778
หญิง,5620,ชัยภูมิ,ผู้สูงอายุทั้งหมด,2564,สำนักงานสถิติแห่งชาติ,คน,128557
หญิง,5621, อำนาจเจริญ,ผู้สูงอายุทั้งหมด,2564,สำนักงานสถิติแห่งชาติ,คน,32826
หญิง,5622, บึงกาฬ,ผู้สูงอายุทั้งหมด,2564,สำนักงานสถิติแห่งชาติ,คน,36883
หญิง,5623, หนองบัวลำภู,ผู้สูงอายุทั้งหมด,2564,สำนักงานสถิติแห่งชาติ,คน,53277
หญิง,5624, ขอนแก่น,ผู้สูงอายุทั้งหมด,2564,สำนักงานสถิติแห่งชาติ,คน,203397
หญิง,5625, อุดรธานี,ผู้สูงอายุทั้งหมด,2564,สำนักงานสถิติแห่งชาติ,คน,131456
หญิง,5626,เลย,ผู้สูงอายุทั้งหมด,2564,สำนักงานสถิติแห่งชาติ,คน,60519
หญิง,5627, หนองคาย,ผู้สูงอายุทั้งหมด,2564,สำนักงานสถิติแห่งชาติ,คน,49191
หญิง,5628,มหาสารคาม,ผู้สูงอายุทั้งหมด,2564,สำนักงานสถิติแห่งชาติ,คน,103253
หญิง,5629, ร้อยเอ็ด,ผู้สูงอายุทั้งหมด,2564,สำนักงานสถิติแห่งชาติ,คน,144996
หญิง,5630, กาฬสินธุ์,ผู้สูงอายุทั้งหมด,2564,สำนักงานสถิติแห่งชาติ,คน,97502
หญิง,5631, สกลนคร,ผู้สูงอายุทั้งหมด,2564,สำนักงานสถิติแห่งชาติ,คน,95129
หญิง,5632, นครพนม,ผู้สูงอายุทั้งหมด,2564,สำนักงานสถิติแห่งชาติ,คน,63950
หญิง,5633, มุกดาหาร,ผู้สูงอายุทั้งหมด,2564,สำนักงานสถิติแห่งชาติ,คน,35993
หญิง,5634,ภาคใต้,ผู้สูงอายุทั้งหมด,2564,สำนักงานสถิติแห่งชาติ,คน,862023
หญิง,5635, นครศรีธรรมราช,ผู้สูงอายุทั้งหมด,2564,สำนักงานสถิติแห่งชาติ,คน,187626
หญิง,5636, กระบี่,ผู้สูงอายุทั้งหมด,2564,สำนักงานสถิติแห่งชาติ,คน,27221
หญิง,5637, พังงา,ผู้สูงอายุทั้งหมด,2564,สำนักงานสถิติแห่งชาติ,คน,22679
หญิง,5638,ภูเก็ต,ผู้สูงอายุทั้งหมด,2564,สำนักงานสถิติแห่งชาติ,คน,31075
หญิง,5639,สุราษฎร์ธานี,ผู้สูงอายุทั้งหมด,2564,สำนักงานสถิติแห่งชาติ,คน,96599
หญิง,5640, ระนอง,ผู้สูงอายุทั้งหมด,2564,สำนักงานสถิติแห่งชาติ,คน,16013
หญิง,5641, ชุมพร,ผู้สูงอายุทั้งหมด,2564,สำนักงานสถิติแห่งชาติ,คน,48115
หญิง,5642,สงขลา,ผู้สูงอายุทั้งหมด,2564,สำนักงานสถิติแห่งชาติ,คน,144683
หญิง,5643, สตูล,ผู้สูงอายุทั้งหมด,2564,สำนักงานสถิติแห่งชาติ,คน,21772
หญิง,5644, ตรัง,ผู้สูงอายุทั้งหมด,2564,สำนักงานสถิติแห่งชาติ,คน,61603
หญิง,5645, พัทลุง,ผู้สูงอายุทั้งหมด,2564,สำนักงานสถิติแห่งชาติ,คน,64537
หญิง,5646, ปัตตานี,ผู้สูงอายุทั้งหมด,2564,สำนักงานสถิติแห่งชาติ,คน,54864
หญิง,5647, ยะลา,ผู้สูงอายุทั้งหมด,2564,สำนักงานสถิติแห่งชาติ,คน,32760
หญิง,5648, นราธิวาส,ผู้สูงอายุทั้งหมด,2564,สำนักงานสถิติแห่งชาติ,คน,52476
รวม,5649,จำนวน,ผู้สูงอายุที่ทำงาน,2564,สำนักงานสถิติแห่งชาติ,คน,4882208
รวม,5650, กรุงเทพมหานคร,ผู้สูงอายุที่ทำงาน,2564,สำนักงานสถิติแห่งชาติ,คน,297918
รวม,5651,ภาคกลาง,ผู้สูงอายุที่ทำงาน,2564,สำนักงานสถิติแห่งชาติ,คน,1104031
รวม,5652, สมุทรปราการ,ผู้สูงอายุที่ทำงาน,2564,สำนักงานสถิติแห่งชาติ,คน,79135
รวม,5653, นนทบุรี,ผู้สูงอายุที่ทำงาน,2564,สำนักงานสถิติแห่งชาติ,คน,56668
รวม,5654, ปทุมธานี,ผู้สูงอายุที่ทำงาน,2564,สำนักงานสถิติแห่งชาติ,คน,39923
รวม,5655, พระนครศรีอยุธยา,ผู้สูงอายุที่ทำงาน,2564,สำนักงานสถิติแห่งชาติ,คน,44245
รวม,5656, อ่างทอง,ผู้สูงอายุที่ทำงาน,2564,สำนักงานสถิติแห่งชาติ,คน,20903
รวม,5657, ลพบุรี,ผู้สูงอายุที่ทำงาน,2564,สำนักงานสถิติแห่งชาติ,คน,63759
รวม,5658, สิงห์บุรี,ผู้สูงอายุที่ทำงาน,2564,สำนักงานสถิติแห่งชาติ,คน,17326
รวม,5659, ชัยนาท,ผู้สูงอายุที่ทำงาน,2564,สำนักงานสถิติแห่งชาติ,คน,36257
รวม,5660,สระบุรี,ผู้สูงอายุที่ทำงาน,2564,สำนักงานสถิติแห่งชาติ,คน,35894
รวม,5661,ชลบุรี,ผู้สูงอายุที่ทำงาน,2564,สำนักงานสถิติแห่งชาติ,คน,47604
รวม,5662, ระยอง,ผู้สูงอายุที่ทำงาน,2564,สำนักงานสถิติแห่งชาติ,คน,43173
รวม,5663,จันทบุรี,ผู้สูงอายุที่ทำงาน,2564,สำนักงานสถิติแห่งชาติ,คน,54076
รวม,5664, ตราด,ผู้สูงอายุที่ทำงาน,2564,สำนักงานสถิติแห่งชาติ,คน,19969
รวม,5665,ฉะเชิงเทรา,ผู้สูงอายุที่ทำงาน,2564,สำนักงานสถิติแห่งชาติ,คน,44136
รวม,5666, ปราจีนบุรี,ผู้สูงอายุที่ทำงาน,2564,สำนักงานสถิติแห่งชาติ,คน,51669
รวม,5667, นครนายก,ผู้สูงอายุที่ทำงาน,2564,สำนักงานสถิติแห่งชาติ,คน,17943
รวม,5668,สระแก้ว,ผู้สูงอายุที่ทำงาน,2564,สำนักงานสถิติแห่งชาติ,คน,51377
รวม,5669, ราชบุรี,ผู้สูงอายุที่ทำงาน,2564,สำนักงานสถิติแห่งชาติ,คน,57247
รวม,5670, กาญจนบุรี,ผู้สูงอายุที่ทำงาน,2564,สำนักงานสถิติแห่งชาติ,คน,58452
รวม,5671, สุพรรณบุรี,ผู้สูงอายุที่ทำงาน,2564,สำนักงานสถิติแห่งชาติ,คน,77966
รวม,5672, นครปฐม,ผู้สูงอายุที่ทำงาน,2564,สำนักงานสถิติแห่งชาติ,คน,57928
รวม,5673, สมุทรสาคร,ผู้สูงอายุที่ทำงาน,2564,สำนักงานสถิติแห่งชาติ,คน,33937
รวม,5674, สมุทรสงคราม,ผู้สูงอายุที่ทำงาน,2564,สำนักงานสถิติแห่งชาติ,คน,17504
รวม,5675, เพชรบุรี,ผู้สูงอายุที่ทำงาน,2564,สำนักงานสถิติแห่งชาติ,คน,44080
รวม,5676, ประจวบคีรีขันธ์,ผู้สูงอายุที่ทำงาน,2564,สำนักงานสถิติแห่งชาติ,คน,32860
รวม,5677,ภาคเหนือ,ผู้สูงอายุที่ทำงาน,2564,สำนักงานสถิติแห่งชาติ,คน,1128360
รวม,5678, เชียงใหม่,ผู้สูงอายุที่ทำงาน,2564,สำนักงานสถิติแห่งชาติ,คน,162482
รวม,5679, ลำพูน,ผู้สูงอายุที่ทำงาน,2564,สำนักงานสถิติแห่งชาติ,คน,46001
รวม,5680, ลำปาง,ผู้สูงอายุที่ทำงาน,2564,สำนักงานสถิติแห่งชาติ,คน,83704
รวม,5681, อุตรดิตถ์,ผู้สูงอายุที่ทำงาน,2564,สำนักงานสถิติแห่งชาติ,คน,46406
รวม,5682, แพร่,ผู้สูงอายุที่ทำงาน,2564,สำนักงานสถิติแห่งชาติ,คน,47884
รวม,5683, น่าน,ผู้สูงอายุที่ทำงาน,2564,สำนักงานสถิติแห่งชาติ,คน,49523
รวม,5684, พะเยา,ผู้สูงอายุที่ทำงาน,2564,สำนักงานสถิติแห่งชาติ,คน,39676
รวม,5685, เชียงราย,ผู้สูงอายุที่ทำงาน,2564,สำนักงานสถิติแห่งชาติ,คน,89359
รวม,5686, แม่ฮ่องสอน,ผู้สูงอายุที่ทำงาน,2564,สำนักงานสถิติแห่งชาติ,คน,12988
รวม,5687, นครสวรรค์,ผู้สูงอายุที่ทำงาน,2564,สำนักงานสถิติแห่งชาติ,คน,110944
รวม,5688, อุทัยธานี,ผู้สูงอายุที่ทำงาน,2564,สำนักงานสถิติแห่งชาติ,คน,32116
รวม,5689, กำแพงเพชร,ผู้สูงอายุที่ทำงาน,2564,สำนักงานสถิติแห่งชาติ,คน,72441
รวม,5690, ตาก,ผู้สูงอายุที่ทำงาน,2564,สำนักงานสถิติแห่งชาติ,คน,26242
รวม,5691, สุโขทัย,ผู้สูงอายุที่ทำงาน,2564,สำนักงานสถิติแห่งชาติ,คน,66735
รวม,5692, พิษณุโลก,ผู้สูงอายุที่ทำงาน,2564,สำนักงานสถิติแห่งชาติ,คน,88542
รวม,5693, พิจิตร,ผู้สูงอายุที่ทำงาน,2564,สำนักงานสถิติแห่งชาติ,คน,68522
รวม,5694, เพชรบูรณ์,ผู้สูงอายุที่ทำงาน,2564,สำนักงานสถิติแห่งชาติ,คน,84794
รวม,5695,ภาคตะวันออกเฉียงเหนือ,ผู้สูงอายุที่ทำงาน,2564,สำนักงานสถิติแห่งชาติ,คน,1718410
รวม,5696,นครราชสีมา,ผู้สูงอายุที่ทำงาน,2564,สำนักงานสถิติแห่งชาติ,คน,222682
รวม,5697, บุรีรัมย์,ผู้สูงอายุที่ทำงาน,2564,สำนักงานสถิติแห่งชาติ,คน,137720
รวม,5698, สุรินทร์,ผู้สูงอายุที่ทำงาน,2564,สำนักงานสถิติแห่งชาติ,คน,146287
รวม,5699, ศรีสะเกษ,ผู้สูงอายุที่ทำงาน,2564,สำนักงานสถิติแห่งชาติ,คน,139221
รวม,5700, อุบลราชธานี,ผู้สูงอายุที่ทำงาน,2564,สำนักงานสถิติแห่งชาติ,คน,138476
รวม,5701,ยโสธร,ผู้สูงอายุที่ทำงาน,2564,สำนักงานสถิติแห่งชาติ,คน,64118
รวม,5702,ชัยภูมิ,ผู้สูงอายุที่ทำงาน,2564,สำนักงานสถิติแห่งชาติ,คน,87250
รวม,5703, อำนาจเจริญ,ผู้สูงอายุที่ทำงาน,2564,สำนักงานสถิติแห่งชาติ,คน,23671
รวม,5704, บึงกาฬ,ผู้สูงอายุที่ทำงาน,2564,สำนักงานสถิติแห่งชาติ,คน,19400
รวม,5705, หนองบัวลำภู,ผู้สูงอายุที่ทำงาน,2564,สำนักงานสถิติแห่งชาติ,คน,38939
รวม,5706, ขอนแก่น,ผู้สูงอายุที่ทำงาน,2564,สำนักงานสถิติแห่งชาติ,คน,128659
รวม,5707, อุดรธานี,ผู้สูงอายุที่ทำงาน,2564,สำนักงานสถิติแห่งชาติ,คน,84602
รวม,5708,เลย,ผู้สูงอายุที่ทำงาน,2564,สำนักงานสถิติแห่งชาติ,คน,42725
รวม,5709, หนองคาย,ผู้สูงอายุที่ทำงาน,2564,สำนักงานสถิติแห่งชาติ,คน,29770
รวม,5710,มหาสารคาม,ผู้สูงอายุที่ทำงาน,2564,สำนักงานสถิติแห่งชาติ,คน,82841
รวม,5711, ร้อยเอ็ด,ผู้สูงอายุที่ทำงาน,2564,สำนักงานสถิติแห่งชาติ,คน,129510
รวม,5712, กาฬสินธุ์,ผู้สูงอายุที่ทำงาน,2564,สำนักงานสถิติแห่งชาติ,คน,68400
รวม,5713, สกลนคร,ผู้สูงอายุที่ทำงาน,2564,สำนักงานสถิติแห่งชาติ,คน,56270
รวม,5714, นครพนม,ผู้สูงอายุที่ทำงาน,2564,สำนักงานสถิติแห่งชาติ,คน,48974
รวม,5715, มุกดาหาร,ผู้สูงอายุที่ทำงาน,2564,สำนักงานสถิติแห่งชาติ,คน,28896
รวม,5716,ภาคใต้,ผู้สูงอายุที่ทำงาน,2564,สำนักงานสถิติแห่งชาติ,คน,633489
รวม,5717, นครศรีธรรมราช,ผู้สูงอายุที่ทำงาน,2564,สำนักงานสถิติแห่งชาติ,คน,162474
รวม,5718, กระบี่,ผู้สูงอายุที่ทำงาน,2564,สำนักงานสถิติแห่งชาติ,คน,24894
รวม,5719, พังงา,ผู้สูงอายุที่ทำงาน,2564,สำนักงานสถิติแห่งชาติ,คน,16602
รวม,5720,ภูเก็ต,ผู้สูงอายุที่ทำงาน,2564,สำนักงานสถิติแห่งชาติ,คน,16732
รวม,5721,สุราษฎร์ธานี,ผู้สูงอายุที่ทำงาน,2564,สำนักงานสถิติแห่งชาติ,คน,60408
รวม,5722, ระนอง,ผู้สูงอายุที่ทำงาน,2564,สำนักงานสถิติแห่งชาติ,คน,10152
รวม,5723, ชุมพร,ผู้สูงอายุที่ทำงาน,2564,สำนักงานสถิติแห่งชาติ,คน,32885
รวม,5724,สงขลา,ผู้สูงอายุที่ทำงาน,2564,สำนักงานสถิติแห่งชาติ,คน,85209
รวม,5725, สตูล,ผู้สูงอายุที่ทำงาน,2564,สำนักงานสถิติแห่งชาติ,คน,14719
รวม,5726, ตรัง,ผู้สูงอายุที่ทำงาน,2564,สำนักงานสถิติแห่งชาติ,คน,51527
รวม,5727, พัทลุง,ผู้สูงอายุที่ทำงาน,2564,สำนักงานสถิติแห่งชาติ,คน,57371
รวม,5728, ปัตตานี,ผู้สูงอายุที่ทำงาน,2564,สำนักงานสถิติแห่งชาติ,คน,38953
รวม,5729, ยะลา,ผู้สูงอายุที่ทำงาน,2564,สำนักงานสถิติแห่งชาติ,คน,23886
รวม,5730, นราธิวาส,ผู้สูงอายุที่ทำงาน,2564,สำนักงานสถิติแห่งชาติ,คน,37678
ชาย,5731,จำนวน,ผู้สูงอายุที่ทำงาน,2564,สำนักงานสถิติแห่งชาติ,คน,2779378
ชาย,5732, กรุงเทพมหานคร,ผู้สูงอายุที่ทำงาน,2564,สำนักงานสถิติแห่งชาติ,คน,155174
ชาย,5733,ภาคกลาง,ผู้สูงอายุที่ทำงาน,2564,สำนักงานสถิติแห่งชาติ,คน,615944
ชาย,5734, สมุทรปราการ,ผู้สูงอายุที่ทำงาน,2564,สำนักงานสถิติแห่งชาติ,คน,45602
ชาย,5735, นนทบุรี,ผู้สูงอายุที่ทำงาน,2564,สำนักงานสถิติแห่งชาติ,คน,28614
ชาย,5736, ปทุมธานี,ผู้สูงอายุที่ทำงาน,2564,สำนักงานสถิติแห่งชาติ,คน,22832
ชาย,5737, พระนครศรีอยุธยา,ผู้สูงอายุที่ทำงาน,2564,สำนักงานสถิติแห่งชาติ,คน,24700
ชาย,5738, อ่างทอง,ผู้สูงอายุที่ทำงาน,2564,สำนักงานสถิติแห่งชาติ,คน,10519
ชาย,5739, ลพบุรี,ผู้สูงอายุที่ทำงาน,2564,สำนักงานสถิติแห่งชาติ,คน,34854
ชาย,5740, สิงห์บุรี,ผู้สูงอายุที่ทำงาน,2564,สำนักงานสถิติแห่งชาติ,คน,8786
ชาย,5741, ชัยนาท,ผู้สูงอายุที่ทำงาน,2564,สำนักงานสถิติแห่งชาติ,คน,18724
ชาย,5742,สระบุรี,ผู้สูงอายุที่ทำงาน,2564,สำนักงานสถิติแห่งชาติ,คน,19532
ชาย,5743,ชลบุรี,ผู้สูงอายุที่ทำงาน,2564,สำนักงานสถิติแห่งชาติ,คน,26124
ชาย,5744, ระยอง,ผู้สูงอายุที่ทำงาน,2564,สำนักงานสถิติแห่งชาติ,คน,24962
ชาย,5745,จันทบุรี,ผู้สูงอายุที่ทำงาน,2564,สำนักงานสถิติแห่งชาติ,คน,28263
ชาย,5746, ตราด,ผู้สูงอายุที่ทำงาน,2564,สำนักงานสถิติแห่งชาติ,คน,12125
ชาย,5747,ฉะเชิงเทรา,ผู้สูงอายุที่ทำงาน,2564,สำนักงานสถิติแห่งชาติ,คน,27300
ชาย,5748, ปราจีนบุรี,ผู้สูงอายุที่ทำงาน,2564,สำนักงานสถิติแห่งชาติ,คน,28609
ชาย,5749, นครนายก,ผู้สูงอายุที่ทำงาน,2564,สำนักงานสถิติแห่งชาติ,คน,11796
ชาย,5750,สระแก้ว,ผู้สูงอายุที่ทำงาน,2564,สำนักงานสถิติแห่งชาติ,คน,31244
ชาย,5751, ราชบุรี,ผู้สูงอายุที่ทำงาน,2564,สำนักงานสถิติแห่งชาติ,คน,30981
ชาย,5752, กาญจนบุรี,ผู้สูงอายุที่ทำงาน,2564,สำนักงานสถิติแห่งชาติ,คน,33080
ชาย,5753, สุพรรณบุรี,ผู้สูงอายุที่ทำงาน,2564,สำนักงานสถิติแห่งชาติ,คน,44536
ชาย,5754, นครปฐม,ผู้สูงอายุที่ทำงาน,2564,สำนักงานสถิติแห่งชาติ,คน,29989
ชาย,5755, สมุทรสาคร,ผู้สูงอายุที่ทำงาน,2564,สำนักงานสถิติแห่งชาติ,คน,23326
ชาย,5756, สมุทรสงคราม,ผู้สูงอายุที่ทำงาน,2564,สำนักงานสถิติแห่งชาติ,คน,8832
ชาย,5757, เพชรบุรี,ผู้สูงอายุที่ทำงาน,2564,สำนักงานสถิติแห่งชาติ,คน,22439
ชาย,5758, ประจวบคีรีขันธ์,ผู้สูงอายุที่ทำงาน,2564,สำนักงานสถิติแห่งชาติ,คน,18173
ชาย,5759,ภาคเหนือ,ผู้สูงอายุที่ทำงาน,2564,สำนักงานสถิติแห่งชาติ,คน,647332
ชาย,5760, เชียงใหม่,ผู้สูงอายุที่ทำงาน,2564,สำนักงานสถิติแห่งชาติ,คน,90044
ชาย,5761, ลำพูน,ผู้สูงอายุที่ทำงาน,2564,สำนักงานสถิติแห่งชาติ,คน,26401
ชาย,5762, ลำปาง,ผู้สูงอายุที่ทำงาน,2564,สำนักงานสถิติแห่งชาติ,คน,47827
ชาย,5763, อุตรดิตถ์,ผู้สูงอายุที่ทำงาน,2564,สำนักงานสถิติแห่งชาติ,คน,28010
ชาย,5764, แพร่,ผู้สูงอายุที่ทำงาน,2564,สำนักงานสถิติแห่งชาติ,คน,27720
ชาย,5765, น่าน,ผู้สูงอายุที่ทำงาน,2564,สำนักงานสถิติแห่งชาติ,คน,29119
ชาย,5766, พะเยา,ผู้สูงอายุที่ทำงาน,2564,สำนักงานสถิติแห่งชาติ,คน,23745
ชาย,5767, เชียงราย,ผู้สูงอายุที่ทำงาน,2564,สำนักงานสถิติแห่งชาติ,คน,60145
ชาย,5768, แม่ฮ่องสอน,ผู้สูงอายุที่ทำงาน,2564,สำนักงานสถิติแห่งชาติ,คน,8119
ชาย,5769, นครสวรรค์,ผู้สูงอายุที่ทำงาน,2564,สำนักงานสถิติแห่งชาติ,คน,59391
ชาย,5770, อุทัยธานี,ผู้สูงอายุที่ทำงาน,2564,สำนักงานสถิติแห่งชาติ,คน,17866
ชาย,5771, กำแพงเพชร,ผู้สูงอายุที่ทำงาน,2564,สำนักงานสถิติแห่งชาติ,คน,39483
ชาย,5772, ตาก,ผู้สูงอายุที่ทำงาน,2564,สำนักงานสถิติแห่งชาติ,คน,15382
ชาย,5773, สุโขทัย,ผู้สูงอายุที่ทำงาน,2564,สำนักงานสถิติแห่งชาติ,คน,39150
ชาย,5774, พิษณุโลก,ผู้สูงอายุที่ทำงาน,2564,สำนักงานสถิติแห่งชาติ,คน,47691
ชาย,5775, พิจิตร,ผู้สูงอายุที่ทำงาน,2564,สำนักงานสถิติแห่งชาติ,คน,35557
ชาย,5776, เพชรบูรณ์,ผู้สูงอายุที่ทำงาน,2564,สำนักงานสถิติแห่งชาติ,คน,51682
ชาย,5777,ภาคตะวันออกเฉียงเหนือ,ผู้สูงอายุที่ทำงาน,2564,สำนักงานสถิติแห่งชาติ,คน,1000699
ชาย,5778,นครราชสีมา,ผู้สูงอายุที่ทำงาน,2564,สำนักงานสถิติแห่งชาติ,คน,131799
ชาย,5779, บุรีรัมย์,ผู้สูงอายุที่ทำงาน,2564,สำนักงานสถิติแห่งชาติ,คน,82641
ชาย,5780, สุรินทร์,ผู้สูงอายุที่ทำงาน,2564,สำนักงานสถิติแห่งชาติ,คน,80762
ชาย,5781, ศรีสะเกษ,ผู้สูงอายุที่ทำงาน,2564,สำนักงานสถิติแห่งชาติ,คน,75710
ชาย,5782, อุบลราชธานี,ผู้สูงอายุที่ทำงาน,2564,สำนักงานสถิติแห่งชาติ,คน,86200
ชาย,5783,ยโสธร,ผู้สูงอายุที่ทำงาน,2564,สำนักงานสถิติแห่งชาติ,คน,32832
ชาย,5784,ชัยภูมิ,ผู้สูงอายุที่ทำงาน,2564,สำนักงานสถิติแห่งชาติ,คน,52754
ชาย,5785, อำนาจเจริญ,ผู้สูงอายุที่ทำงาน,2564,สำนักงานสถิติแห่งชาติ,คน,13887
ชาย,5786, บึงกาฬ,ผู้สูงอายุที่ทำงาน,2564,สำนักงานสถิติแห่งชาติ,คน,11907
ชาย,5787, หนองบัวลำภู,ผู้สูงอายุที่ทำงาน,2564,สำนักงานสถิติแห่งชาติ,คน,23917
ชาย,5788, ขอนแก่น,ผู้สูงอายุที่ทำงาน,2564,สำนักงานสถิติแห่งชาติ,คน,76521
ชาย,5789, อุดรธานี,ผู้สูงอายุที่ทำงาน,2564,สำนักงานสถิติแห่งชาติ,คน,51992
ชาย,5790,เลย,ผู้สูงอายุที่ทำงาน,2564,สำนักงานสถิติแห่งชาติ,คน,25734
ชาย,5791, หนองคาย,ผู้สูงอายุที่ทำงาน,2564,สำนักงานสถิติแห่งชาติ,คน,17239
ชาย,5792,มหาสารคาม,ผู้สูงอายุที่ทำงาน,2564,สำนักงานสถิติแห่งชาติ,คน,47462
ชาย,5793, ร้อยเอ็ด,ผู้สูงอายุที่ทำงาน,2564,สำนักงานสถิติแห่งชาติ,คน,67635
ชาย,5794, กาฬสินธุ์,ผู้สูงอายุที่ทำงาน,2564,สำนักงานสถิติแห่งชาติ,คน,41797
ชาย,5795, สกลนคร,ผู้สูงอายุที่ทำงาน,2564,สำนักงานสถิติแห่งชาติ,คน,34598
ชาย,5796, นครพนม,ผู้สูงอายุที่ทำงาน,2564,สำนักงานสถิติแห่งชาติ,คน,28458
ชาย,5797, มุกดาหาร,ผู้สูงอายุที่ทำงาน,2564,สำนักงานสถิติแห่งชาติ,คน,16854
ชาย,5798,ภาคใต้,ผู้สูงอายุที่ทำงาน,2564,สำนักงานสถิติแห่งชาติ,คน,360228
ชาย,5799, นครศรีธรรมราช,ผู้สูงอายุที่ทำงาน,2564,สำนักงานสถิติแห่งชาติ,คน,87635
ชาย,5800, กระบี่,ผู้สูงอายุที่ทำงาน,2564,สำนักงานสถิติแห่งชาติ,คน,15507
ชาย,5801, พังงา,ผู้สูงอายุที่ทำงาน,2564,สำนักงานสถิติแห่งชาติ,คน,10616
ชาย,5802,ภูเก็ต,ผู้สูงอายุที่ทำงาน,2564,สำนักงานสถิติแห่งชาติ,คน,10056
ชาย,5803,สุราษฎร์ธานี,ผู้สูงอายุที่ทำงาน,2564,สำนักงานสถิติแห่งชาติ,คน,37840
ชาย,5804, ระนอง,ผู้สูงอายุที่ทำงาน,2564,สำนักงานสถิติแห่งชาติ,คน,6695
ชาย,5805, ชุมพร,ผู้สูงอายุที่ทำงาน,2564,สำนักงานสถิติแห่งชาติ,คน,20524
ชาย,5806,สงขลา,ผู้สูงอายุที่ทำงาน,2564,สำนักงานสถิติแห่งชาติ,คน,46821
ชาย,5807, สตูล,ผู้สูงอายุที่ทำงาน,2564,สำนักงานสถิติแห่งชาติ,คน,9998
ชาย,5808, ตรัง,ผู้สูงอายุที่ทำงาน,2564,สำนักงานสถิติแห่งชาติ,คน,27421
ชาย,5809, พัทลุง,ผู้สูงอายุที่ทำงาน,2564,สำนักงานสถิติแห่งชาติ,คน,28815
ชาย,5810, ปัตตานี,ผู้สูงอายุที่ทำงาน,2564,สำนักงานสถิติแห่งชาติ,คน,21557
ชาย,5811, ยะลา,ผู้สูงอายุที่ทำงาน,2564,สำนักงานสถิติแห่งชาติ,คน,13960
ชาย,5812, นราธิวาส,ผู้สูงอายุที่ทำงาน,2564,สำนักงานสถิติแห่งชาติ,คน,22784
หญิง,5813,จำนวน,ผู้สูงอายุที่ทำงาน,2564,สำนักงานสถิติแห่งชาติ,คน,2102830
หญิง,5814, กรุงเทพมหานคร,ผู้สูงอายุที่ทำงาน,2564,สำนักงานสถิติแห่งชาติ,คน,142744
หญิง,5815,ภาคกลาง,ผู้สูงอายุที่ทำงาน,2564,สำนักงานสถิติแห่งชาติ,คน,488086
หญิง,5816, สมุทรปราการ,ผู้สูงอายุที่ทำงาน,2564,สำนักงานสถิติแห่งชาติ,คน,33533
หญิง,5817, นนทบุรี,ผู้สูงอายุที่ทำงาน,2564,สำนักงานสถิติแห่งชาติ,คน,28054
หญิง,5818, ปทุมธานี,ผู้สูงอายุที่ทำงาน,2564,สำนักงานสถิติแห่งชาติ,คน,17091
หญิง,5819, พระนครศรีอยุธยา,ผู้สูงอายุที่ทำงาน,2564,สำนักงานสถิติแห่งชาติ,คน,19545
หญิง,5820, อ่างทอง,ผู้สูงอายุที่ทำงาน,2564,สำนักงานสถิติแห่งชาติ,คน,10384
หญิง,5821, ลพบุรี,ผู้สูงอายุที่ทำงาน,2564,สำนักงานสถิติแห่งชาติ,คน,28906
หญิง,5822, สิงห์บุรี,ผู้สูงอายุที่ทำงาน,2564,สำนักงานสถิติแห่งชาติ,คน,8539
หญิง,5823, ชัยนาท,ผู้สูงอายุที่ทำงาน,2564,สำนักงานสถิติแห่งชาติ,คน,17533
หญิง,5824,สระบุรี,ผู้สูงอายุที่ทำงาน,2564,สำนักงานสถิติแห่งชาติ,คน,16362
หญิง,5825,ชลบุรี,ผู้สูงอายุที่ทำงาน,2564,สำนักงานสถิติแห่งชาติ,คน,21480
หญิง,5826, ระยอง,ผู้สูงอายุที่ทำงาน,2564,สำนักงานสถิติแห่งชาติ,คน,18211
หญิง,5827,จันทบุรี,ผู้สูงอายุที่ทำงาน,2564,สำนักงานสถิติแห่งชาติ,คน,25813
หญิง,5828, ตราด,ผู้สูงอายุที่ทำงาน,2564,สำนักงานสถิติแห่งชาติ,คน,7844
หญิง,5829,ฉะเชิงเทรา,ผู้สูงอายุที่ทำงาน,2564,สำนักงานสถิติแห่งชาติ,คน,16836
หญิง,5830, ปราจีนบุรี,ผู้สูงอายุที่ทำงาน,2564,สำนักงานสถิติแห่งชาติ,คน,23060
หญิง,5831, นครนายก,ผู้สูงอายุที่ทำงาน,2564,สำนักงานสถิติแห่งชาติ,คน,6146
หญิง,5832,สระแก้ว,ผู้สูงอายุที่ทำงาน,2564,สำนักงานสถิติแห่งชาติ,คน,20132
หญิง,5833, ราชบุรี,ผู้สูงอายุที่ทำงาน,2564,สำนักงานสถิติแห่งชาติ,คน,26266
หญิง,5834, กาญจนบุรี,ผู้สูงอายุที่ทำงาน,2564,สำนักงานสถิติแห่งชาติ,คน,25372
หญิง,5835, สุพรรณบุรี,ผู้สูงอายุที่ทำงาน,2564,สำนักงานสถิติแห่งชาติ,คน,33430
หญิง,5836, นครปฐม,ผู้สูงอายุที่ทำงาน,2564,สำนักงานสถิติแห่งชาติ,คน,27939
หญิง,5837, สมุทรสาคร,ผู้สูงอายุที่ทำงาน,2564,สำนักงานสถิติแห่งชาติ,คน,10611
หญิง,5838, สมุทรสงคราม,ผู้สูงอายุที่ทำงาน,2564,สำนักงานสถิติแห่งชาติ,คน,8672
หญิง,5839, เพชรบุรี,ผู้สูงอายุที่ทำงาน,2564,สำนักงานสถิติแห่งชาติ,คน,21641
หญิง,5840, ประจวบคีรีขันธ์,ผู้สูงอายุที่ทำงาน,2564,สำนักงานสถิติแห่งชาติ,คน,14687
หญิง,5841,ภาคเหนือ,ผู้สูงอายุที่ทำงาน,2564,สำนักงานสถิติแห่งชาติ,คน,481028
หญิง,5842, เชียงใหม่,ผู้สูงอายุที่ทำงาน,2564,สำนักงานสถิติแห่งชาติ,คน,72438
หญิง,5843, ลำพูน,ผู้สูงอายุที่ทำงาน,2564,สำนักงานสถิติแห่งชาติ,คน,19600
หญิง,5844, ลำปาง,ผู้สูงอายุที่ทำงาน,2564,สำนักงานสถิติแห่งชาติ,คน,35876
หญิง,5845, อุตรดิตถ์,ผู้สูงอายุที่ทำงาน,2564,สำนักงานสถิติแห่งชาติ,คน,18396
หญิง,5846, แพร่,ผู้สูงอายุที่ทำงาน,2564,สำนักงานสถิติแห่งชาติ,คน,20164
หญิง,5847, น่าน,ผู้สูงอายุที่ทำงาน,2564,สำนักงานสถิติแห่งชาติ,คน,20405
หญิง,5848, พะเยา,ผู้สูงอายุที่ทำงาน,2564,สำนักงานสถิติแห่งชาติ,คน,15931
หญิง,5849, เชียงราย,ผู้สูงอายุที่ทำงาน,2564,สำนักงานสถิติแห่งชาติ,คน,29213
หญิง,5850, แม่ฮ่องสอน,ผู้สูงอายุที่ทำงาน,2564,สำนักงานสถิติแห่งชาติ,คน,4869
หญิง,5851, นครสวรรค์,ผู้สูงอายุที่ทำงาน,2564,สำนักงานสถิติแห่งชาติ,คน,51554
หญิง,5852, อุทัยธานี,ผู้สูงอายุที่ทำงาน,2564,สำนักงานสถิติแห่งชาติ,คน,14250
หญิง,5853, กำแพงเพชร,ผู้สูงอายุที่ทำงาน,2564,สำนักงานสถิติแห่งชาติ,คน,32958
หญิง,5854, ตาก,ผู้สูงอายุที่ทำงาน,2564,สำนักงานสถิติแห่งชาติ,คน,10860
หญิง,5855, สุโขทัย,ผู้สูงอายุที่ทำงาน,2564,สำนักงานสถิติแห่งชาติ,คน,27585
หญิง,5856, พิษณุโลก,ผู้สูงอายุที่ทำงาน,2564,สำนักงานสถิติแห่งชาติ,คน,40851
หญิง,5857, พิจิตร,ผู้สูงอายุที่ทำงาน,2564,สำนักงานสถิติแห่งชาติ,คน,32965
หญิง,5858, เพชรบูรณ์,ผู้สูงอายุที่ทำงาน,2564,สำนักงานสถิติแห่งชาติ,คน,33111
หญิง,5859,ภาคตะวันออกเฉียงเหนือ,ผู้สูงอายุที่ทำงาน,2564,สำนักงานสถิติแห่งชาติ,คน,717711
หญิง,5860,นครราชสีมา,ผู้สูงอายุที่ทำงาน,2564,สำนักงานสถิติแห่งชาติ,คน,90883
หญิง,5861, บุรีรัมย์,ผู้สูงอายุที่ทำงาน,2564,สำนักงานสถิติแห่งชาติ,คน,55079
หญิง,5862, สุรินทร์,ผู้สูงอายุที่ทำงาน,2564,สำนักงานสถิติแห่งชาติ,คน,65525
หญิง,5863, ศรีสะเกษ,ผู้สูงอายุที่ทำงาน,2564,สำนักงานสถิติแห่งชาติ,คน,63510
หญิง,5864, อุบลราชธานี,ผู้สูงอายุที่ทำงาน,2564,สำนักงานสถิติแห่งชาติ,คน,52276
หญิง,5865,ยโสธร,ผู้สูงอายุที่ทำงาน,2564,สำนักงานสถิติแห่งชาติ,คน,31286
หญิง,5866,ชัยภูมิ,ผู้สูงอายุที่ทำงาน,2564,สำนักงานสถิติแห่งชาติ,คน,34497
หญิง,5867, อำนาจเจริญ,ผู้สูงอายุที่ทำงาน,2564,สำนักงานสถิติแห่งชาติ,คน,9784
หญิง,5868, บึงกาฬ,ผู้สูงอายุที่ทำงาน,2564,สำนักงานสถิติแห่งชาติ,คน,7493
หญิง,5869, หนองบัวลำภู,ผู้สูงอายุที่ทำงาน,2564,สำนักงานสถิติแห่งชาติ,คน,15022
หญิง,5870, ขอนแก่น,ผู้สูงอายุที่ทำงาน,2564,สำนักงานสถิติแห่งชาติ,คน,52137
หญิง,5871, อุดรธานี,ผู้สูงอายุที่ทำงาน,2564,สำนักงานสถิติแห่งชาติ,คน,32610
หญิง,5872,เลย,ผู้สูงอายุที่ทำงาน,2564,สำนักงานสถิติแห่งชาติ,คน,16991
หญิง,5873, หนองคาย,ผู้สูงอายุที่ทำงาน,2564,สำนักงานสถิติแห่งชาติ,คน,12531
หญิง,5874,มหาสารคาม,ผู้สูงอายุที่ทำงาน,2564,สำนักงานสถิติแห่งชาติ,คน,35379
หญิง,5875, ร้อยเอ็ด,ผู้สูงอายุที่ทำงาน,2564,สำนักงานสถิติแห่งชาติ,คน,61875
หญิง,5876, กาฬสินธุ์,ผู้สูงอายุที่ทำงาน,2564,สำนักงานสถิติแห่งชาติ,คน,26604
หญิง,5877, สกลนคร,ผู้สูงอายุที่ทำงาน,2564,สำนักงานสถิติแห่งชาติ,คน,21672
หญิง,5878, นครพนม,ผู้สูงอายุที่ทำงาน,2564,สำนักงานสถิติแห่งชาติ,คน,20516
หญิง,5879, มุกดาหาร,ผู้สูงอายุที่ทำงาน,2564,สำนักงานสถิติแห่งชาติ,คน,12042
หญิง,5880,ภาคใต้,ผู้สูงอายุที่ทำงาน,2564,สำนักงานสถิติแห่งชาติ,คน,273261
หญิง,5881, นครศรีธรรมราช,ผู้สูงอายุที่ทำงาน,2564,สำนักงานสถิติแห่งชาติ,คน,74839
หญิง,5882, กระบี่,ผู้สูงอายุที่ทำงาน,2564,สำนักงานสถิติแห่งชาติ,คน,9387
หญิง,5883, พังงา,ผู้สูงอายุที่ทำงาน,2564,สำนักงานสถิติแห่งชาติ,คน,5986
หญิง,5884,ภูเก็ต,ผู้สูงอายุที่ทำงาน,2564,สำนักงานสถิติแห่งชาติ,คน,6676
หญิง,5885,สุราษฎร์ธานี,ผู้สูงอายุที่ทำงาน,2564,สำนักงานสถิติแห่งชาติ,คน,22568
หญิง,5886, ระนอง,ผู้สูงอายุที่ทำงาน,2564,สำนักงานสถิติแห่งชาติ,คน,3457
หญิง,5887, ชุมพร,ผู้สูงอายุที่ทำงาน,2564,สำนักงานสถิติแห่งชาติ,คน,12361
หญิง,5888,สงขลา,ผู้สูงอายุที่ทำงาน,2564,สำนักงานสถิติแห่งชาติ,คน,38388
หญิง,5889, สตูล,ผู้สูงอายุที่ทำงาน,2564,สำนักงานสถิติแห่งชาติ,คน,4721
หญิง,5890, ตรัง,ผู้สูงอายุที่ทำงาน,2564,สำนักงานสถิติแห่งชาติ,คน,24106
หญิง,5891, พัทลุง,ผู้สูงอายุที่ทำงาน,2564,สำนักงานสถิติแห่งชาติ,คน,28556
หญิง,5892, ปัตตานี,ผู้สูงอายุที่ทำงาน,2564,สำนักงานสถิติแห่งชาติ,คน,17395
หญิง,5893, ยะลา,ผู้สูงอายุที่ทำงาน,2564,สำนักงานสถิติแห่งชาติ,คน,9926
หญิง,5894, นราธิวาส,ผู้สูงอายุที่ทำงาน,2564,สำนักงานสถิติแห่งชาติ,คน,14894
รวม,5895, กรุงเทพมหานคร,ผู้มีงานทำทั้งหมด,2565,สำนักงานสถิติแห่งชาติ,คน,5634878
รวม,5896,ภาคกลาง,ผู้มีงานทำทั้งหมด,2565,สำนักงานสถิติแห่งชาติ,คน,12839361
รวม,5897, สมุทรปราการ,ผู้มีงานทำทั้งหมด,2565,สำนักงานสถิติแห่งชาติ,คน,1409201
รวม,5898, นนทบุรี,ผู้มีงานทำทั้งหมด,2565,สำนักงานสถิติแห่งชาติ,คน,1157263
รวม,5899, ปทุมธานี,ผู้มีงานทำทั้งหมด,2565,สำนักงานสถิติแห่งชาติ,คน,1082728
รวม,5900, พระนครศรีอยุธยา,ผู้มีงานทำทั้งหมด,2565,สำนักงานสถิติแห่งชาติ,คน,520392
รวม,5901, อ่างทอง,ผู้มีงานทำทั้งหมด,2565,สำนักงานสถิติแห่งชาติ,คน,126366
รวม,5902, ลพบุรี,ผู้มีงานทำทั้งหมด,2565,สำนักงานสถิติแห่งชาติ,คน,441871
รวม,5903, สิงห์บุรี,ผู้มีงานทำทั้งหมด,2565,สำนักงานสถิติแห่งชาติ,คน,97076
รวม,5904, ชัยนาท,ผู้มีงานทำทั้งหมด,2565,สำนักงานสถิติแห่งชาติ,คน,164332
รวม,5905,สระบุรี,ผู้มีงานทำทั้งหมด,2565,สำนักงานสถิติแห่งชาติ,คน,431705
รวม,5906,ชลบุรี,ผู้มีงานทำทั้งหมด,2565,สำนักงานสถิติแห่งชาติ,คน,1098137
รวม,5907, ระยอง,ผู้มีงานทำทั้งหมด,2565,สำนักงานสถิติแห่งชาติ,คน,675556
รวม,5908,จันทบุรี,ผู้มีงานทำทั้งหมด,2565,สำนักงานสถิติแห่งชาติ,คน,368003
รวม,5909, ตราด,ผู้มีงานทำทั้งหมด,2565,สำนักงานสถิติแห่งชาติ,คน,169117
รวม,5910,ฉะเชิงเทรา,ผู้มีงานทำทั้งหมด,2565,สำนักงานสถิติแห่งชาติ,คน,522946
รวม,5911, ปราจีนบุรี,ผู้มีงานทำทั้งหมด,2565,สำนักงานสถิติแห่งชาติ,คน,389049
รวม,5912, นครนายก,ผู้มีงานทำทั้งหมด,2565,สำนักงานสถิติแห่งชาติ,คน,148994
รวม,5913,สระแก้ว,ผู้มีงานทำทั้งหมด,2565,สำนักงานสถิติแห่งชาติ,คน,368878
รวม,5914, ราชบุรี,ผู้มีงานทำทั้งหมด,2565,สำนักงานสถิติแห่งชาติ,คน,469260
รวม,5915, กาญจนบุรี,ผู้มีงานทำทั้งหมด,2565,สำนักงานสถิติแห่งชาติ,คน,482738
รวม,5916, สุพรรณบุรี,ผู้มีงานทำทั้งหมด,2565,สำนักงานสถิติแห่งชาติ,คน,482641
รวม,5917, นครปฐม,ผู้มีงานทำทั้งหมด,2565,สำนักงานสถิติแห่งชาติ,คน,819964
รวม,5918, สมุทรสาคร,ผู้มีงานทำทั้งหมด,2565,สำนักงานสถิติแห่งชาติ,คน,749506
รวม,5919, สมุทรสงคราม,ผู้มีงานทำทั้งหมด,2565,สำนักงานสถิติแห่งชาติ,คน,101939
รวม,5920, เพชรบุรี,ผู้มีงานทำทั้งหมด,2565,สำนักงานสถิติแห่งชาติ,คน,292848
รวม,5921, ประจวบคีรีขันธ์,ผู้มีงานทำทั้งหมด,2565,สำนักงานสถิติแห่งชาติ,คน,268849
รวม,5922,ภาคเหนือ,ผู้มีงานทำทั้งหมด,2565,สำนักงานสถิติแห่งชาติ,คน,6191187
รวม,5923, เชียงใหม่,ผู้มีงานทำทั้งหมด,2565,สำนักงานสถิติแห่งชาติ,คน,1023177
รวม,5924, ลำพูน,ผู้มีงานทำทั้งหมด,2565,สำนักงานสถิติแห่งชาติ,คน,232192
รวม,5925, ลำปาง,ผู้มีงานทำทั้งหมด,2565,สำนักงานสถิติแห่งชาติ,คน,371143
รวม,5926, อุตรดิตถ์,ผู้มีงานทำทั้งหมด,2565,สำนักงานสถิติแห่งชาติ,คน,211042
รวม,5927, แพร่,ผู้มีงานทำทั้งหมด,2565,สำนักงานสถิติแห่งชาติ,คน,195945
รวม,5928, น่าน,ผู้มีงานทำทั้งหมด,2565,สำนักงานสถิติแห่งชาติ,คน,256641
รวม,5929, พะเยา,ผู้มีงานทำทั้งหมด,2565,สำนักงานสถิติแห่งชาติ,คน,186613
รวม,5930, เชียงราย,ผู้มีงานทำทั้งหมด,2565,สำนักงานสถิติแห่งชาติ,คน,607824
รวม,5931, แม่ฮ่องสอน,ผู้มีงานทำทั้งหมด,2565,สำนักงานสถิติแห่งชาติ,คน,145102
รวม,5932, นครสวรรค์,ผู้มีงานทำทั้งหมด,2565,สำนักงานสถิติแห่งชาติ,คน,509484
รวม,5933, อุทัยธานี,ผู้มีงานทำทั้งหมด,2565,สำนักงานสถิติแห่งชาติ,คน,150159
รวม,5934, กำแพงเพชร,ผู้มีงานทำทั้งหมด,2565,สำนักงานสถิติแห่งชาติ,คน,417768
รวม,5935, ตาก,ผู้มีงานทำทั้งหมด,2565,สำนักงานสถิติแห่งชาติ,คน,271772
รวม,5936, สุโขทัย,ผู้มีงานทำทั้งหมด,2565,สำนักงานสถิติแห่งชาติ,คน,353624
รวม,5937, พิษณุโลก,ผู้มีงานทำทั้งหมด,2565,สำนักงานสถิติแห่งชาติ,คน,504101
รวม,5938, พิจิตร,ผู้มีงานทำทั้งหมด,2565,สำนักงานสถิติแห่งชาติ,คน,274733
รวม,5939, เพชรบูรณ์,ผู้มีงานทำทั้งหมด,2565,สำนักงานสถิติแห่งชาติ,คน,479866
รวม,5940,ภาคตะวันออกเฉียงเหนือ,ผู้มีงานทำทั้งหมด,2565,สำนักงานสถิติแห่งชาติ,คน,9684439
รวม,5941,นครราชสีมา,ผู้มีงานทำทั้งหมด,2565,สำนักงานสถิติแห่งชาติ,คน,1269837
รวม,5942, บุรีรัมย์,ผู้มีงานทำทั้งหมด,2565,สำนักงานสถิติแห่งชาติ,คน,674715
รวม,5943, สุรินทร์,ผู้มีงานทำทั้งหมด,2565,สำนักงานสถิติแห่งชาติ,คน,538236
รวม,5944, ศรีสะเกษ,ผู้มีงานทำทั้งหมด,2565,สำนักงานสถิติแห่งชาติ,คน,556213
รวม,5945, อุบลราชธานี,ผู้มีงานทำทั้งหมด,2565,สำนักงานสถิติแห่งชาติ,คน,858823
รวม,5946,ยโสธร,ผู้มีงานทำทั้งหมด,2565,สำนักงานสถิติแห่งชาติ,คน,280233
รวม,5947,ชัยภูมิ,ผู้มีงานทำทั้งหมด,2565,สำนักงานสถิติแห่งชาติ,คน,511134
รวม,5948, อำนาจเจริญ,ผู้มีงานทำทั้งหมด,2565,สำนักงานสถิติแห่งชาติ,คน,137981
รวม,5949, บึงกาฬ,ผู้มีงานทำทั้งหมด,2565,สำนักงานสถิติแห่งชาติ,คน,199422
รวม,5950, หนองบัวลำภู,ผู้มีงานทำทั้งหมด,2565,สำนักงานสถิติแห่งชาติ,คน,236018
รวม,5951, ขอนแก่น,ผู้มีงานทำทั้งหมด,2565,สำนักงานสถิติแห่งชาติ,คน,875992
รวม,5952, อุดรธานี,ผู้มีงานทำทั้งหมด,2565,สำนักงานสถิติแห่งชาติ,คน,650442
รวม,5953,เลย,ผู้มีงานทำทั้งหมด,2565,สำนักงานสถิติแห่งชาติ,คน,306164
รวม,5954, หนองคาย,ผู้มีงานทำทั้งหมด,2565,สำนักงานสถิติแห่งชาติ,คน,233225
รวม,5955,มหาสารคาม,ผู้มีงานทำทั้งหมด,2565,สำนักงานสถิติแห่งชาติ,คน,405956
รวม,5956, ร้อยเอ็ด,ผู้มีงานทำทั้งหมด,2565,สำนักงานสถิติแห่งชาติ,คน,588221
รวม,5957, กาฬสินธุ์,ผู้มีงานทำทั้งหมด,2565,สำนักงานสถิติแห่งชาติ,คน,391482
รวม,5958, สกลนคร,ผู้มีงานทำทั้งหมด,2565,สำนักงานสถิติแห่งชาติ,คน,445597
รวม,5959, นครพนม,ผู้มีงานทำทั้งหมด,2565,สำนักงานสถิติแห่งชาติ,คน,282845
รวม,5960, มุกดาหาร,ผู้มีงานทำทั้งหมด,2565,สำนักงานสถิติแห่งชาติ,คน,241906
รวม,5961,ภาคใต้,ผู้มีงานทำทั้งหมด,2565,สำนักงานสถิติแห่งชาติ,คน,5216127
รวม,5962, นครศรีธรรมราช,ผู้มีงานทำทั้งหมด,2565,สำนักงานสถิติแห่งชาติ,คน,817668
รวม,5963, กระบี่,ผู้มีงานทำทั้งหมด,2565,สำนักงานสถิติแห่งชาติ,คน,239545
รวม,5964, พังงา,ผู้มีงานทำทั้งหมด,2565,สำนักงานสถิติแห่งชาติ,คน,122836
รวม,5965,ภูเก็ต,ผู้มีงานทำทั้งหมด,2565,สำนักงานสถิติแห่งชาติ,คน,312288
รวม,5966,สุราษฎร์ธานี,ผู้มีงานทำทั้งหมด,2565,สำนักงานสถิติแห่งชาติ,คน,634278
รวม,5967, ระนอง,ผู้มีงานทำทั้งหมด,2565,สำนักงานสถิติแห่งชาติ,คน,146623
รวม,5968, ชุมพร,ผู้มีงานทำทั้งหมด,2565,สำนักงานสถิติแห่งชาติ,คน,276719
รวม,5969,สงขลา,ผู้มีงานทำทั้งหมด,2565,สำนักงานสถิติแห่งชาติ,คน,902032
รวม,5970, สตูล,ผู้มีงานทำทั้งหมด,2565,สำนักงานสถิติแห่งชาติ,คน,161702
รวม,5971, ตรัง,ผู้มีงานทำทั้งหมด,2565,สำนักงานสถิติแห่งชาติ,คน,368948
รวม,5972, พัทลุง,ผู้มีงานทำทั้งหมด,2565,สำนักงานสถิติแห่งชาติ,คน,280316
รวม,5973, ปัตตานี,ผู้มีงานทำทั้งหมด,2565,สำนักงานสถิติแห่งชาติ,คน,337331
รวม,5974, ยะลา,ผู้มีงานทำทั้งหมด,2565,สำนักงานสถิติแห่งชาติ,คน,265124
รวม,5975, นราธิวาส,ผู้มีงานทำทั้งหมด,2565,สำนักงานสถิติแห่งชาติ,คน,350716
ชาย,5976,จำนวน,ผู้มีงานทำทั้งหมด,2565,สำนักงานสถิติแห่งชาติ,คน,21202886
ชาย,5977, กรุงเทพมหานคร,ผู้มีงานทำทั้งหมด,2565,สำนักงานสถิติแห่งชาติ,คน,2870119
ชาย,5978,ภาคกลาง,ผู้มีงานทำทั้งหมด,2565,สำนักงานสถิติแห่งชาติ,คน,6892122
ชาย,5979, สมุทรปราการ,ผู้มีงานทำทั้งหมด,2565,สำนักงานสถิติแห่งชาติ,คน,758449
ชาย,5980, นนทบุรี,ผู้มีงานทำทั้งหมด,2565,สำนักงานสถิติแห่งชาติ,คน,606550
ชาย,5981, ปทุมธานี,ผู้มีงานทำทั้งหมด,2565,สำนักงานสถิติแห่งชาติ,คน,575929
ชาย,5982, พระนครศรีอยุธยา,ผู้มีงานทำทั้งหมด,2565,สำนักงานสถิติแห่งชาติ,คน,281694
ชาย,5983, อ่างทอง,ผู้มีงานทำทั้งหมด,2565,สำนักงานสถิติแห่งชาติ,คน,69139
ชาย,5984, ลพบุรี,ผู้มีงานทำทั้งหมด,2565,สำนักงานสถิติแห่งชาติ,คน,240197
ชาย,5985, สิงห์บุรี,ผู้มีงานทำทั้งหมด,2565,สำนักงานสถิติแห่งชาติ,คน,52293
ชาย,5986, ชัยนาท,ผู้มีงานทำทั้งหมด,2565,สำนักงานสถิติแห่งชาติ,คน,86266
ชาย,5987,สระบุรี,ผู้มีงานทำทั้งหมด,2565,สำนักงานสถิติแห่งชาติ,คน,235210
ชาย,5988,ชลบุรี,ผู้มีงานทำทั้งหมด,2565,สำนักงานสถิติแห่งชาติ,คน,602336
ชาย,5989, ระยอง,ผู้มีงานทำทั้งหมด,2565,สำนักงานสถิติแห่งชาติ,คน,371917
ชาย,5990,จันทบุรี,ผู้มีงานทำทั้งหมด,2565,สำนักงานสถิติแห่งชาติ,คน,197307
ชาย,5991, ตราด,ผู้มีงานทำทั้งหมด,2565,สำนักงานสถิติแห่งชาติ,คน,91416
ชาย,5992,ฉะเชิงเทรา,ผู้มีงานทำทั้งหมด,2565,สำนักงานสถิติแห่งชาติ,คน,285221
ชาย,5993, ปราจีนบุรี,ผู้มีงานทำทั้งหมด,2565,สำนักงานสถิติแห่งชาติ,คน,206917
ชาย,5994, นครนายก,ผู้มีงานทำทั้งหมด,2565,สำนักงานสถิติแห่งชาติ,คน,79117
ชาย,5995,สระแก้ว,ผู้มีงานทำทั้งหมด,2565,สำนักงานสถิติแห่งชาติ,คน,201414
ชาย,5996, ราชบุรี,ผู้มีงานทำทั้งหมด,2565,สำนักงานสถิติแห่งชาติ,คน,255545
ชาย,5997, กาญจนบุรี,ผู้มีงานทำทั้งหมด,2565,สำนักงานสถิติแห่งชาติ,คน,265525
ชาย,5998, สุพรรณบุรี,ผู้มีงานทำทั้งหมด,2565,สำนักงานสถิติแห่งชาติ,คน,270237
ชาย,5999, นครปฐม,ผู้มีงานทำทั้งหมด,2565,สำนักงานสถิติแห่งชาติ,คน,423716
ชาย,6000, สมุทรสาคร,ผู้มีงานทำทั้งหมด,2565,สำนักงานสถิติแห่งชาติ,คน,378579
ชาย,6001, สมุทรสงคราม,ผู้มีงานทำทั้งหมด,2565,สำนักงานสถิติแห่งชาติ,คน,55795
ชาย,6002, เพชรบุรี,ผู้มีงานทำทั้งหมด,2565,สำนักงานสถิติแห่งชาติ,คน,153285
ชาย,6003, ประจวบคีรีขันธ์,ผู้มีงานทำทั้งหมด,2565,สำนักงานสถิติแห่งชาติ,คน,148067
ชาย,6004,ภาคเหนือ,ผู้มีงานทำทั้งหมด,2565,สำนักงานสถิติแห่งชาติ,คน,3327531
ชาย,6005, เชียงใหม่,ผู้มีงานทำทั้งหมด,2565,สำนักงานสถิติแห่งชาติ,คน,539718
ชาย,6006, ลำพูน,ผู้มีงานทำทั้งหมด,2565,สำนักงานสถิติแห่งชาติ,คน,120868
ชาย,6007, ลำปาง,ผู้มีงานทำทั้งหมด,2565,สำนักงานสถิติแห่งชาติ,คน,201092
ชาย,6008, อุตรดิตถ์,ผู้มีงานทำทั้งหมด,2565,สำนักงานสถิติแห่งชาติ,คน,117251
ชาย,6009, แพร่,ผู้มีงานทำทั้งหมด,2565,สำนักงานสถิติแห่งชาติ,คน,108099
ชาย,6010, น่าน,ผู้มีงานทำทั้งหมด,2565,สำนักงานสถิติแห่งชาติ,คน,133750
ชาย,6011, พะเยา,ผู้มีงานทำทั้งหมด,2565,สำนักงานสถิติแห่งชาติ,คน,103442
ชาย,6012, เชียงราย,ผู้มีงานทำทั้งหมด,2565,สำนักงานสถิติแห่งชาติ,คน,331604
ชาย,6013, แม่ฮ่องสอน,ผู้มีงานทำทั้งหมด,2565,สำนักงานสถิติแห่งชาติ,คน,76395
ชาย,6014, นครสวรรค์,ผู้มีงานทำทั้งหมด,2565,สำนักงานสถิติแห่งชาติ,คน,274633
ชาย,6015, อุทัยธานี,ผู้มีงานทำทั้งหมด,2565,สำนักงานสถิติแห่งชาติ,คน,80373
ชาย,6016, กำแพงเพชร,ผู้มีงานทำทั้งหมด,2565,สำนักงานสถิติแห่งชาติ,คน,235339
ชาย,6017, ตาก,ผู้มีงานทำทั้งหมด,2565,สำนักงานสถิติแห่งชาติ,คน,150885
ชาย,6018, สุโขทัย,ผู้มีงานทำทั้งหมด,2565,สำนักงานสถิติแห่งชาติ,คน,186660
ชาย,6019, พิษณุโลก,ผู้มีงานทำทั้งหมด,2565,สำนักงานสถิติแห่งชาติ,คน,265466
ชาย,6020, พิจิตร,ผู้มีงานทำทั้งหมด,2565,สำนักงานสถิติแห่งชาติ,คน,145555
ชาย,6021, เพชรบูรณ์,ผู้มีงานทำทั้งหมด,2565,สำนักงานสถิติแห่งชาติ,คน,256402
ชาย,6022,ภาคตะวันออกเฉียงเหนือ,ผู้มีงานทำทั้งหมด,2565,สำนักงานสถิติแห่งชาติ,คน,5242352
ชาย,6023,นครราชสีมา,ผู้มีงานทำทั้งหมด,2565,สำนักงานสถิติแห่งชาติ,คน,704952
ชาย,6024, บุรีรัมย์,ผู้มีงานทำทั้งหมด,2565,สำนักงานสถิติแห่งชาติ,คน,365883
ชาย,6025, สุรินทร์,ผู้มีงานทำทั้งหมด,2565,สำนักงานสถิติแห่งชาติ,คน,286430
ชาย,6026, ศรีสะเกษ,ผู้มีงานทำทั้งหมด,2565,สำนักงานสถิติแห่งชาติ,คน,291985
ชาย,6027, อุบลราชธานี,ผู้มีงานทำทั้งหมด,2565,สำนักงานสถิติแห่งชาติ,คน,495060
ชาย,6028,ยโสธร,ผู้มีงานทำทั้งหมด,2565,สำนักงานสถิติแห่งชาติ,คน,140563
ชาย,6029,ชัยภูมิ,ผู้มีงานทำทั้งหมด,2565,สำนักงานสถิติแห่งชาติ,คน,267504
ชาย,6030, อำนาจเจริญ,ผู้มีงานทำทั้งหมด,2565,สำนักงานสถิติแห่งชาติ,คน,77058
ชาย,6031, บึงกาฬ,ผู้มีงานทำทั้งหมด,2565,สำนักงานสถิติแห่งชาติ,คน,103729
ชาย,6032, หนองบัวลำภู,ผู้มีงานทำทั้งหมด,2565,สำนักงานสถิติแห่งชาติ,คน,132798
ชาย,6033, ขอนแก่น,ผู้มีงานทำทั้งหมด,2565,สำนักงานสถิติแห่งชาติ,คน,465488
ชาย,6034, อุดรธานี,ผู้มีงานทำทั้งหมด,2565,สำนักงานสถิติแห่งชาติ,คน,345067
ชาย,6035,เลย,ผู้มีงานทำทั้งหมด,2565,สำนักงานสถิติแห่งชาติ,คน,159148
ชาย,6036, หนองคาย,ผู้มีงานทำทั้งหมด,2565,สำนักงานสถิติแห่งชาติ,คน,127045
ชาย,6037,มหาสารคาม,ผู้มีงานทำทั้งหมด,2565,สำนักงานสถิติแห่งชาติ,คน,219887
ชาย,6038, ร้อยเอ็ด,ผู้มีงานทำทั้งหมด,2565,สำนักงานสถิติแห่งชาติ,คน,310873
ชาย,6039, กาฬสินธุ์,ผู้มีงานทำทั้งหมด,2565,สำนักงานสถิติแห่งชาติ,คน,209721
ชาย,6040, สกลนคร,ผู้มีงานทำทั้งหมด,2565,สำนักงานสถิติแห่งชาติ,คน,257089
ชาย,6041, นครพนม,ผู้มีงานทำทั้งหมด,2565,สำนักงานสถิติแห่งชาติ,คน,154658
ชาย,6042, มุกดาหาร,ผู้มีงานทำทั้งหมด,2565,สำนักงานสถิติแห่งชาติ,คน,127417
ชาย,6043,ภาคใต้,ผู้มีงานทำทั้งหมด,2565,สำนักงานสถิติแห่งชาติ,คน,2870762
ชาย,6044, นครศรีธรรมราช,ผู้มีงานทำทั้งหมด,2565,สำนักงานสถิติแห่งชาติ,คน,447623
ชาย,6045, กระบี่,ผู้มีงานทำทั้งหมด,2565,สำนักงานสถิติแห่งชาติ,คน,134825
ชาย,6046, พังงา,ผู้มีงานทำทั้งหมด,2565,สำนักงานสถิติแห่งชาติ,คน,73208
ชาย,6047,ภูเก็ต,ผู้มีงานทำทั้งหมด,2565,สำนักงานสถิติแห่งชาติ,คน,170780
ชาย,6048,สุราษฎร์ธานี,ผู้มีงานทำทั้งหมด,2565,สำนักงานสถิติแห่งชาติ,คน,356315
ชาย,6049, ระนอง,ผู้มีงานทำทั้งหมด,2565,สำนักงานสถิติแห่งชาติ,คน,90748
ชาย,6050, ชุมพร,ผู้มีงานทำทั้งหมด,2565,สำนักงานสถิติแห่งชาติ,คน,159725
ชาย,6051,สงขลา,ผู้มีงานทำทั้งหมด,2565,สำนักงานสถิติแห่งชาติ,คน,468968
ชาย,6052, สตูล,ผู้มีงานทำทั้งหมด,2565,สำนักงานสถิติแห่งชาติ,คน,90114
ชาย,6053, ตรัง,ผู้มีงานทำทั้งหมด,2565,สำนักงานสถิติแห่งชาติ,คน,195123
ชาย,6054, พัทลุง,ผู้มีงานทำทั้งหมด,2565,สำนักงานสถิติแห่งชาติ,คน,148635
ชาย,6055, ปัตตานี,ผู้มีงานทำทั้งหมด,2565,สำนักงานสถิติแห่งชาติ,คน,187547
ชาย,6056, ยะลา,ผู้มีงานทำทั้งหมด,2565,สำนักงานสถิติแห่งชาติ,คน,144481
ชาย,6057, นราธิวาส,ผู้มีงานทำทั้งหมด,2565,สำนักงานสถิติแห่งชาติ,คน,202669
หญิง,6058,จำนวน,ผู้มีงานทำทั้งหมด,2565,สำนักงานสถิติแห่งชาติ,คน,18363105
หญิง,6059, กรุงเทพมหานคร,ผู้มีงานทำทั้งหมด,2565,สำนักงานสถิติแห่งชาติ,คน,2764759
หญิง,6060,ภาคกลาง,ผู้มีงานทำทั้งหมด,2565,สำนักงานสถิติแห่งชาติ,คน,5947239
หญิง,6061, สมุทรปราการ,ผู้มีงานทำทั้งหมด,2565,สำนักงานสถิติแห่งชาติ,คน,650752
หญิง,6062, นนทบุรี,ผู้มีงานทำทั้งหมด,2565,สำนักงานสถิติแห่งชาติ,คน,550713
หญิง,6063, ปทุมธานี,ผู้มีงานทำทั้งหมด,2565,สำนักงานสถิติแห่งชาติ,คน,506799
หญิง,6064, พระนครศรีอยุธยา,ผู้มีงานทำทั้งหมด,2565,สำนักงานสถิติแห่งชาติ,คน,238698
หญิง,6065, อ่างทอง,ผู้มีงานทำทั้งหมด,2565,สำนักงานสถิติแห่งชาติ,คน,57227
หญิง,6066, ลพบุรี,ผู้มีงานทำทั้งหมด,2565,สำนักงานสถิติแห่งชาติ,คน,201675
หญิง,6067, สิงห์บุรี,ผู้มีงานทำทั้งหมด,2565,สำนักงานสถิติแห่งชาติ,คน,44783
หญิง,6068, ชัยนาท,ผู้มีงานทำทั้งหมด,2565,สำนักงานสถิติแห่งชาติ,คน,78066
หญิง,6069,สระบุรี,ผู้มีงานทำทั้งหมด,2565,สำนักงานสถิติแห่งชาติ,คน,196495
หญิง,6070,ชลบุรี,ผู้มีงานทำทั้งหมด,2565,สำนักงานสถิติแห่งชาติ,คน,495801
หญิง,6071, ระยอง,ผู้มีงานทำทั้งหมด,2565,สำนักงานสถิติแห่งชาติ,คน,303639
หญิง,6072,จันทบุรี,ผู้มีงานทำทั้งหมด,2565,สำนักงานสถิติแห่งชาติ,คน,170696
หญิง,6073, ตราด,ผู้มีงานทำทั้งหมด,2565,สำนักงานสถิติแห่งชาติ,คน,77701
หญิง,6074,ฉะเชิงเทรา,ผู้มีงานทำทั้งหมด,2565,สำนักงานสถิติแห่งชาติ,คน,237725
หญิง,6075, ปราจีนบุรี,ผู้มีงานทำทั้งหมด,2565,สำนักงานสถิติแห่งชาติ,คน,182132
หญิง,6076, นครนายก,ผู้มีงานทำทั้งหมด,2565,สำนักงานสถิติแห่งชาติ,คน,69876
หญิง,6077,สระแก้ว,ผู้มีงานทำทั้งหมด,2565,สำนักงานสถิติแห่งชาติ,คน,167463
หญิง,6078, ราชบุรี,ผู้มีงานทำทั้งหมด,2565,สำนักงานสถิติแห่งชาติ,คน,213715
หญิง,6079, กาญจนบุรี,ผู้มีงานทำทั้งหมด,2565,สำนักงานสถิติแห่งชาติ,คน,217212
หญิง,6080, สุพรรณบุรี,ผู้มีงานทำทั้งหมด,2565,สำนักงานสถิติแห่งชาติ,คน,212404
หญิง,6081, นครปฐม,ผู้มีงานทำทั้งหมด,2565,สำนักงานสถิติแห่งชาติ,คน,396248
หญิง,6082, สมุทรสาคร,ผู้มีงานทำทั้งหมด,2565,สำนักงานสถิติแห่งชาติ,คน,370927
หญิง,6083, สมุทรสงคราม,ผู้มีงานทำทั้งหมด,2565,สำนักงานสถิติแห่งชาติ,คน,46144
หญิง,6084, เพชรบุรี,ผู้มีงานทำทั้งหมด,2565,สำนักงานสถิติแห่งชาติ,คน,139564
หญิง,6085, ประจวบคีรีขันธ์,ผู้มีงานทำทั้งหมด,2565,สำนักงานสถิติแห่งชาติ,คน,120782
หญิง,6086,ภาคเหนือ,ผู้มีงานทำทั้งหมด,2565,สำนักงานสถิติแห่งชาติ,คน,2863656
หญิง,6087, เชียงใหม่,ผู้มีงานทำทั้งหมด,2565,สำนักงานสถิติแห่งชาติ,คน,483459
หญิง,6088, ลำพูน,ผู้มีงานทำทั้งหมด,2565,สำนักงานสถิติแห่งชาติ,คน,111324
หญิง,6089, ลำปาง,ผู้มีงานทำทั้งหมด,2565,สำนักงานสถิติแห่งชาติ,คน,170051
หญิง,6090, อุตรดิตถ์,ผู้มีงานทำทั้งหมด,2565,สำนักงานสถิติแห่งชาติ,คน,93791
หญิง,6091, แพร่,ผู้มีงานทำทั้งหมด,2565,สำนักงานสถิติแห่งชาติ,คน,87845
หญิง,6092, น่าน,ผู้มีงานทำทั้งหมด,2565,สำนักงานสถิติแห่งชาติ,คน,122891
หญิง,6093, พะเยา,ผู้มีงานทำทั้งหมด,2565,สำนักงานสถิติแห่งชาติ,คน,83172
หญิง,6094, เชียงราย,ผู้มีงานทำทั้งหมด,2565,สำนักงานสถิติแห่งชาติ,คน,276221
หญิง,6095, แม่ฮ่องสอน,ผู้มีงานทำทั้งหมด,2565,สำนักงานสถิติแห่งชาติ,คน,68707
หญิง,6096, นครสวรรค์,ผู้มีงานทำทั้งหมด,2565,สำนักงานสถิติแห่งชาติ,คน,234851
หญิง,6097, อุทัยธานี,ผู้มีงานทำทั้งหมด,2565,สำนักงานสถิติแห่งชาติ,คน,69786
หญิง,6098, กำแพงเพชร,ผู้มีงานทำทั้งหมด,2565,สำนักงานสถิติแห่งชาติ,คน,182430
หญิง,6099, ตาก,ผู้มีงานทำทั้งหมด,2565,สำนักงานสถิติแห่งชาติ,คน,120887
หญิง,6100, สุโขทัย,ผู้มีงานทำทั้งหมด,2565,สำนักงานสถิติแห่งชาติ,คน,166964
หญิง,6101, พิษณุโลก,ผู้มีงานทำทั้งหมด,2565,สำนักงานสถิติแห่งชาติ,คน,238636
หญิง,6102, พิจิตร,ผู้มีงานทำทั้งหมด,2565,สำนักงานสถิติแห่งชาติ,คน,129178
หญิง,6103, เพชรบูรณ์,ผู้มีงานทำทั้งหมด,2565,สำนักงานสถิติแห่งชาติ,คน,223464
หญิง,6104,ภาคตะวันออกเฉียงเหนือ,ผู้มีงานทำทั้งหมด,2565,สำนักงานสถิติแห่งชาติ,คน,4442087
หญิง,6105,นครราชสีมา,ผู้มีงานทำทั้งหมด,2565,สำนักงานสถิติแห่งชาติ,คน,564885
หญิง,6106, บุรีรัมย์,ผู้มีงานทำทั้งหมด,2565,สำนักงานสถิติแห่งชาติ,คน,308832
หญิง,6107, สุรินทร์,ผู้มีงานทำทั้งหมด,2565,สำนักงานสถิติแห่งชาติ,คน,251806
หญิง,6108, ศรีสะเกษ,ผู้มีงานทำทั้งหมด,2565,สำนักงานสถิติแห่งชาติ,คน,264228
หญิง,6109, อุบลราชธานี,ผู้มีงานทำทั้งหมด,2565,สำนักงานสถิติแห่งชาติ,คน,363764
หญิง,6110,ยโสธร,ผู้มีงานทำทั้งหมด,2565,สำนักงานสถิติแห่งชาติ,คน,139670
หญิง,6111,ชัยภูมิ,ผู้มีงานทำทั้งหมด,2565,สำนักงานสถิติแห่งชาติ,คน,243630
หญิง,6112, อำนาจเจริญ,ผู้มีงานทำทั้งหมด,2565,สำนักงานสถิติแห่งชาติ,คน,60923
หญิง,6113, บึงกาฬ,ผู้มีงานทำทั้งหมด,2565,สำนักงานสถิติแห่งชาติ,คน,95693
หญิง,6114, หนองบัวลำภู,ผู้มีงานทำทั้งหมด,2565,สำนักงานสถิติแห่งชาติ,คน,103220
หญิง,6115, ขอนแก่น,ผู้มีงานทำทั้งหมด,2565,สำนักงานสถิติแห่งชาติ,คน,410503
หญิง,6116, อุดรธานี,ผู้มีงานทำทั้งหมด,2565,สำนักงานสถิติแห่งชาติ,คน,305375
หญิง,6117,เลย,ผู้มีงานทำทั้งหมด,2565,สำนักงานสถิติแห่งชาติ,คน,147016
หญิง,6118, หนองคาย,ผู้มีงานทำทั้งหมด,2565,สำนักงานสถิติแห่งชาติ,คน,106180
หญิง,6119,มหาสารคาม,ผู้มีงานทำทั้งหมด,2565,สำนักงานสถิติแห่งชาติ,คน,186069
หญิง,6120, ร้อยเอ็ด,ผู้มีงานทำทั้งหมด,2565,สำนักงานสถิติแห่งชาติ,คน,277348
หญิง,6121, กาฬสินธุ์,ผู้มีงานทำทั้งหมด,2565,สำนักงานสถิติแห่งชาติ,คน,181761
หญิง,6122, สกลนคร,ผู้มีงานทำทั้งหมด,2565,สำนักงานสถิติแห่งชาติ,คน,188507
หญิง,6123, นครพนม,ผู้มีงานทำทั้งหมด,2565,สำนักงานสถิติแห่งชาติ,คน,128187
หญิง,6124, มุกดาหาร,ผู้มีงานทำทั้งหมด,2565,สำนักงานสถิติแห่งชาติ,คน,114489
หญิง,6125,ภาคใต้,ผู้มีงานทำทั้งหมด,2565,สำนักงานสถิติแห่งชาติ,คน,2345364
หญิง,6126, นครศรีธรรมราช,ผู้มีงานทำทั้งหมด,2565,สำนักงานสถิติแห่งชาติ,คน,370046
หญิง,6127, กระบี่,ผู้มีงานทำทั้งหมด,2565,สำนักงานสถิติแห่งชาติ,คน,104720
หญิง,6128, พังงา,ผู้มีงานทำทั้งหมด,2565,สำนักงานสถิติแห่งชาติ,คน,49628
หญิง,6129,ภูเก็ต,ผู้มีงานทำทั้งหมด,2565,สำนักงานสถิติแห่งชาติ,คน,141508
หญิง,6130,สุราษฎร์ธานี,ผู้มีงานทำทั้งหมด,2565,สำนักงานสถิติแห่งชาติ,คน,277964
หญิง,6131, ระนอง,ผู้มีงานทำทั้งหมด,2565,สำนักงานสถิติแห่งชาติ,คน,55875
หญิง,6132, ชุมพร,ผู้มีงานทำทั้งหมด,2565,สำนักงานสถิติแห่งชาติ,คน,116994
หญิง,6133,สงขลา,ผู้มีงานทำทั้งหมด,2565,สำนักงานสถิติแห่งชาติ,คน,433064
หญิง,6134, สตูล,ผู้มีงานทำทั้งหมด,2565,สำนักงานสถิติแห่งชาติ,คน,71588
หญิง,6135, ตรัง,ผู้มีงานทำทั้งหมด,2565,สำนักงานสถิติแห่งชาติ,คน,173824
หญิง,6136, พัทลุง,ผู้มีงานทำทั้งหมด,2565,สำนักงานสถิติแห่งชาติ,คน,131681
หญิง,6137, ปัตตานี,ผู้มีงานทำทั้งหมด,2565,สำนักงานสถิติแห่งชาติ,คน,149784
หญิง,6138, ยะลา,ผู้มีงานทำทั้งหมด,2565,สำนักงานสถิติแห่งชาติ,คน,120643
หญิง,6139, นราธิวาส,ผู้มีงานทำทั้งหมด,2565,สำนักงานสถิติแห่งชาติ,คน,148047
รวม,6140,จำนวน,ผู้มีงานทำทั้งหมด,2565,สำนักงานสถิติแห่งชาติ,คน,13135056
รวม,6141, กรุงเทพมหานคร,ผู้มีงานทำทั้งหมด,2565,สำนักงานสถิติแห่งชาติ,คน,1343711
รวม,6142,ภาคกลาง,ผู้มีงานทำทั้งหมด,2565,สำนักงานสถิติแห่งชาติ,คน,3486602
รวม,6143, สมุทรปราการ,ผู้มีงานทำทั้งหมด,2565,สำนักงานสถิติแห่งชาติ,คน,347706
รวม,6144, นนทบุรี,ผู้มีงานทำทั้งหมด,2565,สำนักงานสถิติแห่งชาติ,คน,267001
รวม,6145, ปทุมธานี,ผู้มีงานทำทั้งหมด,2565,สำนักงานสถิติแห่งชาติ,คน,261244
รวม,6146, พระนครศรีอยุธยา,ผู้มีงานทำทั้งหมด,2565,สำนักงานสถิติแห่งชาติ,คน,181665
รวม,6147, อ่างทอง,ผู้มีงานทำทั้งหมด,2565,สำนักงานสถิติแห่งชาติ,คน,49996
รวม,6148, ลพบุรี,ผู้มีงานทำทั้งหมด,2565,สำนักงานสถิติแห่งชาติ,คน,156039
รวม,6149, สิงห์บุรี,ผู้มีงานทำทั้งหมด,2565,สำนักงานสถิติแห่งชาติ,คน,37597
รวม,6150, ชัยนาท,ผู้มีงานทำทั้งหมด,2565,สำนักงานสถิติแห่งชาติ,คน,59022
รวม,6151,สระบุรี,ผู้มีงานทำทั้งหมด,2565,สำนักงานสถิติแห่งชาติ,คน,153261
รวม,6152,ชลบุรี,ผู้มีงานทำทั้งหมด,2565,สำนักงานสถิติแห่งชาติ,คน,289621
รวม,6153, ระยอง,ผู้มีงานทำทั้งหมด,2565,สำนักงานสถิติแห่งชาติ,คน,147852
รวม,6154,จันทบุรี,ผู้มีงานทำทั้งหมด,2565,สำนักงานสถิติแห่งชาติ,คน,81357
รวม,6155, ตราด,ผู้มีงานทำทั้งหมด,2565,สำนักงานสถิติแห่งชาติ,คน,40336
รวม,6156,ฉะเชิงเทรา,ผู้มีงานทำทั้งหมด,2565,สำนักงานสถิติแห่งชาติ,คน,123150
รวม,6157, ปราจีนบุรี,ผู้มีงานทำทั้งหมด,2565,สำนักงานสถิติแห่งชาติ,คน,96762
รวม,6158, นครนายก,ผู้มีงานทำทั้งหมด,2565,สำนักงานสถิติแห่งชาติ,คน,38241
รวม,6159,สระแก้ว,ผู้มีงานทำทั้งหมด,2565,สำนักงานสถิติแห่งชาติ,คน,97234
รวม,6160, ราชบุรี,ผู้มีงานทำทั้งหมด,2565,สำนักงานสถิติแห่งชาติ,คน,167068
รวม,6161, กาญจนบุรี,ผู้มีงานทำทั้งหมด,2565,สำนักงานสถิติแห่งชาติ,คน,175440
รวม,6162, สุพรรณบุรี,ผู้มีงานทำทั้งหมด,2565,สำนักงานสถิติแห่งชาติ,คน,180813
รวม,6163, นครปฐม,ผู้มีงานทำทั้งหมด,2565,สำนักงานสถิติแห่งชาติ,คน,169962
รวม,6164, สมุทรสาคร,ผู้มีงานทำทั้งหมด,2565,สำนักงานสถิติแห่งชาติ,คน,126818
รวม,6165, สมุทรสงคราม,ผู้มีงานทำทั้งหมด,2565,สำนักงานสถิติแห่งชาติ,คน,35658
รวม,6166, เพชรบุรี,ผู้มีงานทำทั้งหมด,2565,สำนักงานสถิติแห่งชาติ,คน,103780
รวม,6167, ประจวบคีรีขันธ์,ผู้มีงานทำทั้งหมด,2565,สำนักงานสถิติแห่งชาติ,คน,98979
รวม,6168,ภาคเหนือ,ผู้มีงานทำทั้งหมด,2565,สำนักงานสถิติแห่งชาติ,คน,2757618
รวม,6169, เชียงใหม่,ผู้มีงานทำทั้งหมด,2565,สำนักงานสถิติแห่งชาติ,คน,425870
รวม,6170, ลำพูน,ผู้มีงานทำทั้งหมด,2565,สำนักงานสถิติแห่งชาติ,คน,93023
รวม,6171, ลำปาง,ผู้มีงานทำทั้งหมด,2565,สำนักงานสถิติแห่งชาติ,คน,172460
รวม,6172, อุตรดิตถ์,ผู้มีงานทำทั้งหมด,2565,สำนักงานสถิติแห่งชาติ,คน,100151
รวม,6173, แพร่,ผู้มีงานทำทั้งหมด,2565,สำนักงานสถิติแห่งชาติ,คน,91507
รวม,6174, น่าน,ผู้มีงานทำทั้งหมด,2565,สำนักงานสถิติแห่งชาติ,คน,109156
รวม,6175, พะเยา,ผู้มีงานทำทั้งหมด,2565,สำนักงานสถิติแห่งชาติ,คน,90118
รวม,6176, เชียงราย,ผู้มีงานทำทั้งหมด,2565,สำนักงานสถิติแห่งชาติ,คน,278863
รวม,6177, แม่ฮ่องสอน,ผู้มีงานทำทั้งหมด,2565,สำนักงานสถิติแห่งชาติ,คน,59367
รวม,6178, นครสวรรค์,ผู้มีงานทำทั้งหมด,2565,สำนักงานสถิติแห่งชาติ,คน,224543
รวม,6179, อุทัยธานี,ผู้มีงานทำทั้งหมด,2565,สำนักงานสถิติแห่งชาติ,คน,67714
รวม,6180, กำแพงเพชร,ผู้มีงานทำทั้งหมด,2565,สำนักงานสถิติแห่งชาติ,คน,193928
รวม,6181, ตาก,ผู้มีงานทำทั้งหมด,2565,สำนักงานสถิติแห่งชาติ,คน,128808
รวม,6182, สุโขทัย,ผู้มีงานทำทั้งหมด,2565,สำนักงานสถิติแห่งชาติ,คน,151285
รวม,6183, พิษณุโลก,ผู้มีงานทำทั้งหมด,2565,สำนักงานสถิติแห่งชาติ,คน,222529
รวม,6184, พิจิตร,ผู้มีงานทำทั้งหมด,2565,สำนักงานสถิติแห่งชาติ,คน,124912
รวม,6185, เพชรบูรณ์,ผู้มีงานทำทั้งหมด,2565,สำนักงานสถิติแห่งชาติ,คน,223384
รวม,6186,ภาคตะวันออกเฉียงเหนือ,ผู้มีงานทำทั้งหมด,2565,สำนักงานสถิติแห่งชาติ,คน,4002010
รวม,6187,นครราชสีมา,ผู้มีงานทำทั้งหมด,2565,สำนักงานสถิติแห่งชาติ,คน,543615
รวม,6188, บุรีรัมย์,ผู้มีงานทำทั้งหมด,2565,สำนักงานสถิติแห่งชาติ,คน,261215
รวม,6189, สุรินทร์,ผู้มีงานทำทั้งหมด,2565,สำนักงานสถิติแห่งชาติ,คน,227722
รวม,6190, ศรีสะเกษ,ผู้มีงานทำทั้งหมด,2565,สำนักงานสถิติแห่งชาติ,คน,204150
รวม,6191, อุบลราชธานี,ผู้มีงานทำทั้งหมด,2565,สำนักงานสถิติแห่งชาติ,คน,378695
รวม,6192,ยโสธร,ผู้มีงานทำทั้งหมด,2565,สำนักงานสถิติแห่งชาติ,คน,98042
รวม,6193,ชัยภูมิ,ผู้มีงานทำทั้งหมด,2565,สำนักงานสถิติแห่งชาติ,คน,201589
รวม,6194, อำนาจเจริญ,ผู้มีงานทำทั้งหมด,2565,สำนักงานสถิติแห่งชาติ,คน,61587
รวม,6195, บึงกาฬ,ผู้มีงานทำทั้งหมด,2565,สำนักงานสถิติแห่งชาติ,คน,77966
รวม,6196, หนองบัวลำภู,ผู้มีงานทำทั้งหมด,2565,สำนักงานสถิติแห่งชาติ,คน,103129
รวม,6197, ขอนแก่น,ผู้มีงานทำทั้งหมด,2565,สำนักงานสถิติแห่งชาติ,คน,373709
รวม,6198, อุดรธานี,ผู้มีงานทำทั้งหมด,2565,สำนักงานสถิติแห่งชาติ,คน,273582
รวม,6199,เลย,ผู้มีงานทำทั้งหมด,2565,สำนักงานสถิติแห่งชาติ,คน,117115
รวม,6200, หนองคาย,ผู้มีงานทำทั้งหมด,2565,สำนักงานสถิติแห่งชาติ,คน,99132
รวม,6201,มหาสารคาม,ผู้มีงานทำทั้งหมด,2565,สำนักงานสถิติแห่งชาติ,คน,168402
รวม,6202, ร้อยเอ็ด,ผู้มีงานทำทั้งหมด,2565,สำนักงานสถิติแห่งชาติ,คน,228890
รวม,6203, กาฬสินธุ์,ผู้มีงานทำทั้งหมด,2565,สำนักงานสถิติแห่งชาติ,คน,171645
รวม,6204, สกลนคร,ผู้มีงานทำทั้งหมด,2565,สำนักงานสถิติแห่งชาติ,คน,199275
รวม,6205, นครพนม,ผู้มีงานทำทั้งหมด,2565,สำนักงานสถิติแห่งชาติ,คน,119013
รวม,6206, มุกดาหาร,ผู้มีงานทำทั้งหมด,2565,สำนักงานสถิติแห่งชาติ,คน,93537
รวม,6207,ภาคใต้,ผู้มีงานทำทั้งหมด,2565,สำนักงานสถิติแห่งชาติ,คน,1545115
รวม,6208, นครศรีธรรมราช,ผู้มีงานทำทั้งหมด,2565,สำนักงานสถิติแห่งชาติ,คน,247457
รวม,6209, กระบี่,ผู้มีงานทำทั้งหมด,2565,สำนักงานสถิติแห่งชาติ,คน,67583
รวม,6210, พังงา,ผู้มีงานทำทั้งหมด,2565,สำนักงานสถิติแห่งชาติ,คน,37771
รวม,6211,ภูเก็ต,ผู้มีงานทำทั้งหมด,2565,สำนักงานสถิติแห่งชาติ,คน,93311
รวม,6212,สุราษฎร์ธานี,ผู้มีงานทำทั้งหมด,2565,สำนักงานสถิติแห่งชาติ,คน,174855
รวม,6213, ระนอง,ผู้มีงานทำทั้งหมด,2565,สำนักงานสถิติแห่งชาติ,คน,41343
รวม,6214, ชุมพร,ผู้มีงานทำทั้งหมด,2565,สำนักงานสถิติแห่งชาติ,คน,75141
รวม,6215,สงขลา,ผู้มีงานทำทั้งหมด,2565,สำนักงานสถิติแห่งชาติ,คน,269289
รวม,6216, สตูล,ผู้มีงานทำทั้งหมด,2565,สำนักงานสถิติแห่งชาติ,คน,48770
รวม,6217, ตรัง,ผู้มีงานทำทั้งหมด,2565,สำนักงานสถิติแห่งชาติ,คน,101957
รวม,6218, พัทลุง,ผู้มีงานทำทั้งหมด,2565,สำนักงานสถิติแห่งชาติ,คน,81000
รวม,6219, ปัตตานี,ผู้มีงานทำทั้งหมด,2565,สำนักงานสถิติแห่งชาติ,คน,106168
รวม,6220, ยะลา,ผู้มีงานทำทั้งหมด,2565,สำนักงานสถิติแห่งชาติ,คน,79026
รวม,6221, นราธิวาส,ผู้มีงานทำทั้งหมด,2565,สำนักงานสถิติแห่งชาติ,คน,121444
ชาย,6222,จำนวน,ผู้สูงอายุทั้งหมด,2565,สำนักงานสถิติแห่งชาติ,คน,5543661
ชาย,6223, กรุงเทพมหานคร,ผู้สูงอายุทั้งหมด,2565,สำนักงานสถิติแห่งชาติ,คน,555067
ชาย,6224,ภาคกลาง,ผู้สูงอายุทั้งหมด,2565,สำนักงานสถิติแห่งชาติ,คน,1441057
ชาย,6225, สมุทรปราการ,ผู้สูงอายุทั้งหมด,2565,สำนักงานสถิติแห่งชาติ,คน,142189
ชาย,6226, นนทบุรี,ผู้สูงอายุทั้งหมด,2565,สำนักงานสถิติแห่งชาติ,คน,109828
ชาย,6227, ปทุมธานี,ผู้สูงอายุทั้งหมด,2565,สำนักงานสถิติแห่งชาติ,คน,107756
ชาย,6228, พระนครศรีอยุธยา,ผู้สูงอายุทั้งหมด,2565,สำนักงานสถิติแห่งชาติ,คน,72879
ชาย,6229, อ่างทอง,ผู้สูงอายุทั้งหมด,2565,สำนักงานสถิติแห่งชาติ,คน,20028
ชาย,6230, ลพบุรี,ผู้สูงอายุทั้งหมด,2565,สำนักงานสถิติแห่งชาติ,คน,62556
ชาย,6231, สิงห์บุรี,ผู้สูงอายุทั้งหมด,2565,สำนักงานสถิติแห่งชาติ,คน,15061
ชาย,6232, ชัยนาท,ผู้สูงอายุทั้งหมด,2565,สำนักงานสถิติแห่งชาติ,คน,23686
ชาย,6233,สระบุรี,ผู้สูงอายุทั้งหมด,2565,สำนักงานสถิติแห่งชาติ,คน,61534
ชาย,6234,ชลบุรี,ผู้สูงอายุทั้งหมด,2565,สำนักงานสถิติแห่งชาติ,คน,130371
ชาย,6235, ระยอง,ผู้สูงอายุทั้งหมด,2565,สำนักงานสถิติแห่งชาติ,คน,61824
ชาย,6236,จันทบุรี,ผู้สูงอายุทั้งหมด,2565,สำนักงานสถิติแห่งชาติ,คน,33726
ชาย,6237, ตราด,ผู้สูงอายุทั้งหมด,2565,สำนักงานสถิติแห่งชาติ,คน,16675
ชาย,6238,ฉะเชิงเทรา,ผู้สูงอายุทั้งหมด,2565,สำนักงานสถิติแห่งชาติ,คน,51075
ชาย,6239, ปราจีนบุรี,ผู้สูงอายุทั้งหมด,2565,สำนักงานสถิติแห่งชาติ,คน,39841
ชาย,6240, นครนายก,ผู้สูงอายุทั้งหมด,2565,สำนักงานสถิติแห่งชาติ,คน,15838
ชาย,6241,สระแก้ว,ผู้สูงอายุทั้งหมด,2565,สำนักงานสถิติแห่งชาติ,คน,40718
ชาย,6242, ราชบุรี,ผู้สูงอายุทั้งหมด,2565,สำนักงานสถิติแห่งชาติ,คน,68775
ชาย,6243, กาญจนบุรี,ผู้สูงอายุทั้งหมด,2565,สำนักงานสถิติแห่งชาติ,คน,72234
ชาย,6244, สุพรรณบุรี,ผู้สูงอายุทั้งหมด,2565,สำนักงานสถิติแห่งชาติ,คน,74515
ชาย,6245, นครปฐม,ผู้สูงอายุทั้งหมด,2565,สำนักงานสถิติแห่งชาติ,คน,69515
ชาย,6246, สมุทรสาคร,ผู้สูงอายุทั้งหมด,2565,สำนักงานสถิติแห่งชาติ,คน,51721
ชาย,6247, สมุทรสงคราม,ผู้สูงอายุทั้งหมด,2565,สำนักงานสถิติแห่งชาติ,คน,14665
ชาย,6248, เพชรบุรี,ผู้สูงอายุทั้งหมด,2565,สำนักงานสถิติแห่งชาติ,คน,42880
ชาย,6249, ประจวบคีรีขันธ์,ผู้สูงอายุทั้งหมด,2565,สำนักงานสถิติแห่งชาติ,คน,41167
ชาย,6250,ภาคเหนือ,ผู้สูงอายุทั้งหมด,2565,สำนักงานสถิติแห่งชาติ,คน,1179929
ชาย,6251, เชียงใหม่,ผู้สูงอายุทั้งหมด,2565,สำนักงานสถิติแห่งชาติ,คน,182960
ชาย,6252, ลำพูน,ผู้สูงอายุทั้งหมด,2565,สำนักงานสถิติแห่งชาติ,คน,39848
ชาย,6253, ลำปาง,ผู้สูงอายุทั้งหมด,2565,สำนักงานสถิติแห่งชาติ,คน,73717
ชาย,6254, อุตรดิตถ์,ผู้สูงอายุทั้งหมด,2565,สำนักงานสถิติแห่งชาติ,คน,42810
ชาย,6255, แพร่,ผู้สูงอายุทั้งหมด,2565,สำนักงานสถิติแห่งชาติ,คน,39132
ชาย,6256, น่าน,ผู้สูงอายุทั้งหมด,2565,สำนักงานสถิติแห่งชาติ,คน,46644
ชาย,6257, พะเยา,ผู้สูงอายุทั้งหมด,2565,สำนักงานสถิติแห่งชาติ,คน,38524
ชาย,6258, เชียงราย,ผู้สูงอายุทั้งหมด,2565,สำนักงานสถิติแห่งชาติ,คน,119239
ชาย,6259, แม่ฮ่องสอน,ผู้สูงอายุทั้งหมด,2565,สำนักงานสถิติแห่งชาติ,คน,25384
ชาย,6260, นครสวรรค์,ผู้สูงอายุทั้งหมด,2565,สำนักงานสถิติแห่งชาติ,คน,95940
ชาย,6261, อุทัยธานี,ผู้สูงอายุทั้งหมด,2565,สำนักงานสถิติแห่งชาติ,คน,28943
ชาย,6262, กำแพงเพชร,ผู้สูงอายุทั้งหมด,2565,สำนักงานสถิติแห่งชาติ,คน,82867
ชาย,6263, ตาก,ผู้สูงอายุทั้งหมด,2565,สำนักงานสถิติแห่งชาติ,คน,55079
ชาย,6264, สุโขทัย,ผู้สูงอายุทั้งหมด,2565,สำนักงานสถิติแห่งชาติ,คน,64658
ชาย,6265, พิษณุโลก,ผู้สูงอายุทั้งหมด,2565,สำนักงานสถิติแห่งชาติ,คน,95125
ชาย,6266, พิจิตร,ผู้สูงอายุทั้งหมด,2565,สำนักงานสถิติแห่งชาติ,คน,53396
ชาย,6267, เพชรบูรณ์,ผู้สูงอายุทั้งหมด,2565,สำนักงานสถิติแห่งชาติ,คน,95663
ชาย,6268,ภาคตะวันออกเฉียงเหนือ,ผู้สูงอายุทั้งหมด,2565,สำนักงานสถิติแห่งชาติ,คน,1713941
ชาย,6269,นครราชสีมา,ผู้สูงอายุทั้งหมด,2565,สำนักงานสถิติแห่งชาติ,คน,233132
ชาย,6270, บุรีรัมย์,ผู้สูงอายุทั้งหมด,2565,สำนักงานสถิติแห่งชาติ,คน,111802
ชาย,6271, สุรินทร์,ผู้สูงอายุทั้งหมด,2565,สำนักงานสถิติแห่งชาติ,คน,97477
ชาย,6272, ศรีสะเกษ,ผู้สูงอายุทั้งหมด,2565,สำนักงานสถิติแห่งชาติ,คน,87329
ชาย,6273, อุบลราชธานี,ผู้สูงอายุทั้งหมด,2565,สำนักงานสถิติแห่งชาติ,คน,161950
ชาย,6274,ยโสธร,ผู้สูงอายุทั้งหมด,2565,สำนักงานสถิติแห่งชาติ,คน,41932
ชาย,6275,ชัยภูมิ,ผู้สูงอายุทั้งหมด,2565,สำนักงานสถิติแห่งชาติ,คน,86229
ชาย,6276, อำนาจเจริญ,ผู้สูงอายุทั้งหมด,2565,สำนักงานสถิติแห่งชาติ,คน,26398
ชาย,6277, บึงกาฬ,ผู้สูงอายุทั้งหมด,2565,สำนักงานสถิติแห่งชาติ,คน,33719
ชาย,6278, หนองบัวลำภู,ผู้สูงอายุทั้งหมด,2565,สำนักงานสถิติแห่งชาติ,คน,44034
ชาย,6279, ขอนแก่น,ผู้สูงอายุทั้งหมด,2565,สำนักงานสถิติแห่งชาติ,คน,160349
ชาย,6280, อุดรธานี,ผู้สูงอายุทั้งหมด,2565,สำนักงานสถิติแห่งชาติ,คน,117572
ชาย,6281,เลย,ผู้สูงอายุทั้งหมด,2565,สำนักงานสถิติแห่งชาติ,คน,50182
ชาย,6282, หนองคาย,ผู้สูงอายุทั้งหมด,2565,สำนักงานสถิติแห่งชาติ,คน,42248
ชาย,6283,มหาสารคาม,ผู้สูงอายุทั้งหมด,2565,สำนักงานสถิติแห่งชาติ,คน,72039
ชาย,6284, ร้อยเอ็ด,ผู้สูงอายุทั้งหมด,2565,สำนักงานสถิติแห่งชาติ,คน,97959
ชาย,6285, กาฬสินธุ์,ผู้สูงอายุทั้งหมด,2565,สำนักงานสถิติแห่งชาติ,คน,73405
ชาย,6286, สกลนคร,ผู้สูงอายุทั้งหมด,2565,สำนักงานสถิติแห่งชาติ,คน,85227
ชาย,6287, นครพนม,ผู้สูงอายุทั้งหมด,2565,สำนักงานสถิติแห่งชาติ,คน,50939
ชาย,6288, มุกดาหาร,ผู้สูงอายุทั้งหมด,2565,สำนักงานสถิติแห่งชาติ,คน,40019
ชาย,6289,ภาคใต้,ผู้สูงอายุทั้งหมด,2565,สำนักงานสถิติแห่งชาติ,คน,653667
ชาย,6290, นครศรีธรรมราช,ผู้สูงอายุทั้งหมด,2565,สำนักงานสถิติแห่งชาติ,คน,104531
ชาย,6291, กระบี่,ผู้สูงอายุทั้งหมด,2565,สำนักงานสถิติแห่งชาติ,คน,28365
ชาย,6292, พังงา,ผู้สูงอายุทั้งหมด,2565,สำนักงานสถิติแห่งชาติ,คน,15981
ชาย,6293,ภูเก็ต,ผู้สูงอายุทั้งหมด,2565,สำนักงานสถิติแห่งชาติ,คน,40646
ชาย,6294,สุราษฎร์ธานี,ผู้สูงอายุทั้งหมด,2565,สำนักงานสถิติแห่งชาติ,คน,73854
ชาย,6295, ระนอง,ผู้สูงอายุทั้งหมด,2565,สำนักงานสถิติแห่งชาติ,คน,17469
ชาย,6296, ชุมพร,ผู้สูงอายุทั้งหมด,2565,สำนักงานสถิติแห่งชาติ,คน,31744
ชาย,6297,สงขลา,ผู้สูงอายุทั้งหมด,2565,สำนักงานสถิติแห่งชาติ,คน,113836
ชาย,6298, สตูล,ผู้สูงอายุทั้งหมด,2565,สำนักงานสถิติแห่งชาติ,คน,20578
ชาย,6299, ตรัง,ผู้สูงอายุทั้งหมด,2565,สำนักงานสถิติแห่งชาติ,คน,43046
ชาย,6300, พัทลุง,ผู้สูงอายุทั้งหมด,2565,สำนักงานสถิติแห่งชาติ,คน,34200
ชาย,6301, ปัตตานี,ผู้สูงอายุทั้งหมด,2565,สำนักงานสถิติแห่งชาติ,คน,44802
ชาย,6302, ยะลา,ผู้สูงอายุทั้งหมด,2565,สำนักงานสถิติแห่งชาติ,คน,33358
ชาย,6303, นราธิวาส,ผู้สูงอายุทั้งหมด,2565,สำนักงานสถิติแห่งชาติ,คน,51257
หญิง,6304,จำนวน,ผู้สูงอายุทั้งหมด,2565,สำนักงานสถิติแห่งชาติ,คน,7591395
หญิง,6305, กรุงเทพมหานคร,ผู้สูงอายุทั้งหมด,2565,สำนักงานสถิติแห่งชาติ,คน,788644
หญิง,6306,ภาคกลาง,ผู้สูงอายุทั้งหมด,2565,สำนักงานสถิติแห่งชาติ,คน,2045545
หญิง,6307, สมุทรปราการ,ผู้สูงอายุทั้งหมด,2565,สำนักงานสถิติแห่งชาติ,คน,205517
หญิง,6308, นนทบุรี,ผู้สูงอายุทั้งหมด,2565,สำนักงานสถิติแห่งชาติ,คน,157173
หญิง,6309, ปทุมธานี,ผู้สูงอายุทั้งหมด,2565,สำนักงานสถิติแห่งชาติ,คน,153488
หญิง,6310, พระนครศรีอยุธยา,ผู้สูงอายุทั้งหมด,2565,สำนักงานสถิติแห่งชาติ,คน,108786
หญิง,6311, อ่างทอง,ผู้สูงอายุทั้งหมด,2565,สำนักงานสถิติแห่งชาติ,คน,29968
หญิง,6312, ลพบุรี,ผู้สูงอายุทั้งหมด,2565,สำนักงานสถิติแห่งชาติ,คน,93483
หญิง,6313, สิงห์บุรี,ผู้สูงอายุทั้งหมด,2565,สำนักงานสถิติแห่งชาติ,คน,22536
หญิง,6314, ชัยนาท,ผู้สูงอายุทั้งหมด,2565,สำนักงานสถิติแห่งชาติ,คน,35336
หญิง,6315,สระบุรี,ผู้สูงอายุทั้งหมด,2565,สำนักงานสถิติแห่งชาติ,คน,91727
หญิง,6316,ชลบุรี,ผู้สูงอายุทั้งหมด,2565,สำนักงานสถิติแห่งชาติ,คน,159250
หญิง,6317, ระยอง,ผู้สูงอายุทั้งหมด,2565,สำนักงานสถิติแห่งชาติ,คน,86028
หญิง,6318,จันทบุรี,ผู้สูงอายุทั้งหมด,2565,สำนักงานสถิติแห่งชาติ,คน,47631
หญิง,6319, ตราด,ผู้สูงอายุทั้งหมด,2565,สำนักงานสถิติแห่งชาติ,คน,23661
หญิง,6320,ฉะเชิงเทรา,ผู้สูงอายุทั้งหมด,2565,สำนักงานสถิติแห่งชาติ,คน,72075
หญิง,6321, ปราจีนบุรี,ผู้สูงอายุทั้งหมด,2565,สำนักงานสถิติแห่งชาติ,คน,56921
หญิง,6322, นครนายก,ผู้สูงอายุทั้งหมด,2565,สำนักงานสถิติแห่งชาติ,คน,22403
หญิง,6323,สระแก้ว,ผู้สูงอายุทั้งหมด,2565,สำนักงานสถิติแห่งชาติ,คน,56516
หญิง,6324, ราชบุรี,ผู้สูงอายุทั้งหมด,2565,สำนักงานสถิติแห่งชาติ,คน,98293
หญิง,6325, กาญจนบุรี,ผู้สูงอายุทั้งหมด,2565,สำนักงานสถิติแห่งชาติ,คน,103206
หญิง,6326, สุพรรณบุรี,ผู้สูงอายุทั้งหมด,2565,สำนักงานสถิติแห่งชาติ,คน,106298
หญิง,6327, นครปฐม,ผู้สูงอายุทั้งหมด,2565,สำนักงานสถิติแห่งชาติ,คน,100447
หญิง,6328, สมุทรสาคร,ผู้สูงอายุทั้งหมด,2565,สำนักงานสถิติแห่งชาติ,คน,75097
หญิง,6329, สมุทรสงคราม,ผู้สูงอายุทั้งหมด,2565,สำนักงานสถิติแห่งชาติ,คน,20993
หญิง,6330, เพชรบุรี,ผู้สูงอายุทั้งหมด,2565,สำนักงานสถิติแห่งชาติ,คน,60900
หญิง,6331, ประจวบคีรีขันธ์,ผู้สูงอายุทั้งหมด,2565,สำนักงานสถิติแห่งชาติ,คน,57812
หญิง,6332,ภาคเหนือ,ผู้สูงอายุทั้งหมด,2565,สำนักงานสถิติแห่งชาติ,คน,1577689
หญิง,6333, เชียงใหม่,ผู้สูงอายุทั้งหมด,2565,สำนักงานสถิติแห่งชาติ,คน,242910
หญิง,6334, ลำพูน,ผู้สูงอายุทั้งหมด,2565,สำนักงานสถิติแห่งชาติ,คน,53175
หญิง,6335, ลำปาง,ผู้สูงอายุทั้งหมด,2565,สำนักงานสถิติแห่งชาติ,คน,98743
หญิง,6336, อุตรดิตถ์,ผู้สูงอายุทั้งหมด,2565,สำนักงานสถิติแห่งชาติ,คน,57341
หญิง,6337, แพร่,ผู้สูงอายุทั้งหมด,2565,สำนักงานสถิติแห่งชาติ,คน,52375
หญิง,6338, น่าน,ผู้สูงอายุทั้งหมด,2565,สำนักงานสถิติแห่งชาติ,คน,62512
หญิง,6339, พะเยา,ผู้สูงอายุทั้งหมด,2565,สำนักงานสถิติแห่งชาติ,คน,51594
หญิง,6340, เชียงราย,ผู้สูงอายุทั้งหมด,2565,สำนักงานสถิติแห่งชาติ,คน,159624
หญิง,6341, แม่ฮ่องสอน,ผู้สูงอายุทั้งหมด,2565,สำนักงานสถิติแห่งชาติ,คน,33983
หญิง,6342, นครสวรรค์,ผู้สูงอายุทั้งหมด,2565,สำนักงานสถิติแห่งชาติ,คน,128603
หญิง,6343, อุทัยธานี,ผู้สูงอายุทั้งหมด,2565,สำนักงานสถิติแห่งชาติ,คน,38771
หญิง,6344, กำแพงเพชร,ผู้สูงอายุทั้งหมด,2565,สำนักงานสถิติแห่งชาติ,คน,111061
หญิง,6345, ตาก,ผู้สูงอายุทั้งหมด,2565,สำนักงานสถิติแห่งชาติ,คน,73729
หญิง,6346, สุโขทัย,ผู้สูงอายุทั้งหมด,2565,สำนักงานสถิติแห่งชาติ,คน,86627
หญิง,6347, พิษณุโลก,ผู้สูงอายุทั้งหมด,2565,สำนักงานสถิติแห่งชาติ,คน,127404
หญิง,6348, พิจิตร,ผู้สูงอายุทั้งหมด,2565,สำนักงานสถิติแห่งชาติ,คน,71516
หญิง,6349, เพชรบูรณ์,ผู้สูงอายุทั้งหมด,2565,สำนักงานสถิติแห่งชาติ,คน,127721
หญิง,6350,ภาคตะวันออกเฉียงเหนือ,ผู้สูงอายุทั้งหมด,2565,สำนักงานสถิติแห่งชาติ,คน,2288069
หญิง,6351,นครราชสีมา,ผู้สูงอายุทั้งหมด,2565,สำนักงานสถิติแห่งชาติ,คน,310483
หญิง,6352, บุรีรัมย์,ผู้สูงอายุทั้งหมด,2565,สำนักงานสถิติแห่งชาติ,คน,149413
หญิง,6353, สุรินทร์,ผู้สูงอายุทั้งหมด,2565,สำนักงานสถิติแห่งชาติ,คน,130245
หญิง,6354, ศรีสะเกษ,ผู้สูงอายุทั้งหมด,2565,สำนักงานสถิติแห่งชาติ,คน,116821
หญิง,6355, อุบลราชธานี,ผู้สูงอายุทั้งหมด,2565,สำนักงานสถิติแห่งชาติ,คน,216745
หญิง,6356,ยโสธร,ผู้สูงอายุทั้งหมด,2565,สำนักงานสถิติแห่งชาติ,คน,56110
หญิง,6357,ชัยภูมิ,ผู้สูงอายุทั้งหมด,2565,สำนักงานสถิติแห่งชาติ,คน,115360
หญิง,6358, อำนาจเจริญ,ผู้สูงอายุทั้งหมด,2565,สำนักงานสถิติแห่งชาติ,คน,35189
หญิง,6359, บึงกาฬ,ผู้สูงอายุทั้งหมด,2565,สำนักงานสถิติแห่งชาติ,คน,44247
หญิง,6360, หนองบัวลำภู,ผู้สูงอายุทั้งหมด,2565,สำนักงานสถิติแห่งชาติ,คน,59095
หญิง,6361, ขอนแก่น,ผู้สูงอายุทั้งหมด,2565,สำนักงานสถิติแห่งชาติ,คน,213360
หญิง,6362, อุดรธานี,ผู้สูงอายุทั้งหมด,2565,สำนักงานสถิติแห่งชาติ,คน,156010
หญิง,6363,เลย,ผู้สูงอายุทั้งหมด,2565,สำนักงานสถิติแห่งชาติ,คน,66933
หญิง,6364, หนองคาย,ผู้สูงอายุทั้งหมด,2565,สำนักงานสถิติแห่งชาติ,คน,56884
หญิง,6365,มหาสารคาม,ผู้สูงอายุทั้งหมด,2565,สำนักงานสถิติแห่งชาติ,คน,96363
หญิง,6366, ร้อยเอ็ด,ผู้สูงอายุทั้งหมด,2565,สำนักงานสถิติแห่งชาติ,คน,130931
หญิง,6367, กาฬสินธุ์,ผู้สูงอายุทั้งหมด,2565,สำนักงานสถิติแห่งชาติ,คน,98240
หญิง,6368, สกลนคร,ผู้สูงอายุทั้งหมด,2565,สำนักงานสถิติแห่งชาติ,คน,114048
หญิง,6369, นครพนม,ผู้สูงอายุทั้งหมด,2565,สำนักงานสถิติแห่งชาติ,คน,68074
หญิง,6370, มุกดาหาร,ผู้สูงอายุทั้งหมด,2565,สำนักงานสถิติแห่งชาติ,คน,53518
หญิง,6371,ภาคใต้,ผู้สูงอายุทั้งหมด,2565,สำนักงานสถิติแห่งชาติ,คน,891448
หญิง,6372, นครศรีธรรมราช,ผู้สูงอายุทั้งหมด,2565,สำนักงานสถิติแห่งชาติ,คน,142926
หญิง,6373, กระบี่,ผู้สูงอายุทั้งหมด,2565,สำนักงานสถิติแห่งชาติ,คน,39218
หญิง,6374, พังงา,ผู้สูงอายุทั้งหมด,2565,สำนักงานสถิติแห่งชาติ,คน,21790
หญิง,6375,ภูเก็ต,ผู้สูงอายุทั้งหมด,2565,สำนักงานสถิติแห่งชาติ,คน,52665
หญิง,6376,สุราษฎร์ธานี,ผู้สูงอายุทั้งหมด,2565,สำนักงานสถิติแห่งชาติ,คน,101001
หญิง,6377, ระนอง,ผู้สูงอายุทั้งหมด,2565,สำนักงานสถิติแห่งชาติ,คน,23874
หญิง,6378, ชุมพร,ผู้สูงอายุทั้งหมด,2565,สำนักงานสถิติแห่งชาติ,คน,43397
หญิง,6379,สงขลา,ผู้สูงอายุทั้งหมด,2565,สำนักงานสถิติแห่งชาติ,คน,155453
หญิง,6380, สตูล,ผู้สูงอายุทั้งหมด,2565,สำนักงานสถิติแห่งชาติ,คน,28192
หญิง,6381, ตรัง,ผู้สูงอายุทั้งหมด,2565,สำนักงานสถิติแห่งชาติ,คน,58911
หญิง,6382, พัทลุง,ผู้สูงอายุทั้งหมด,2565,สำนักงานสถิติแห่งชาติ,คน,46800
หญิง,6383, ปัตตานี,ผู้สูงอายุทั้งหมด,2565,สำนักงานสถิติแห่งชาติ,คน,61366
หญิง,6384, ยะลา,ผู้สูงอายุทั้งหมด,2565,สำนักงานสถิติแห่งชาติ,คน,45668
หญิง,6385, นราธิวาส,ผู้สูงอายุทั้งหมด,2565,สำนักงานสถิติแห่งชาติ,คน,70187
รวม,6386,จำนวน,ผู้สูงอายุที่ทำงาน,2565,สำนักงานสถิติแห่งชาติ,คน,4744063
รวม,6387, กรุงเทพมหานคร,ผู้สูงอายุที่ทำงาน,2565,สำนักงานสถิติแห่งชาติ,คน,338674
รวม,6388,ภาคกลาง,ผู้สูงอายุที่ทำงาน,2565,สำนักงานสถิติแห่งชาติ,คน,1083627
รวม,6389, สมุทรปราการ,ผู้สูงอายุที่ทำงาน,2565,สำนักงานสถิติแห่งชาติ,คน,52863
รวม,6390, นนทบุรี,ผู้สูงอายุที่ทำงาน,2565,สำนักงานสถิติแห่งชาติ,คน,50114
รวม,6391, ปทุมธานี,ผู้สูงอายุที่ทำงาน,2565,สำนักงานสถิติแห่งชาติ,คน,41271
รวม,6392, พระนครศรีอยุธยา,ผู้สูงอายุที่ทำงาน,2565,สำนักงานสถิติแห่งชาติ,คน,51026
รวม,6393, อ่างทอง,ผู้สูงอายุที่ทำงาน,2565,สำนักงานสถิติแห่งชาติ,คน,15050
รวม,6394, ลพบุรี,ผู้สูงอายุที่ทำงาน,2565,สำนักงานสถิติแห่งชาติ,คน,60673
รวม,6395, สิงห์บุรี,ผู้สูงอายุที่ทำงาน,2565,สำนักงานสถิติแห่งชาติ,คน,13497
รวม,6396, ชัยนาท,ผู้สูงอายุที่ทำงาน,2565,สำนักงานสถิติแห่งชาติ,คน,24716
รวม,6397,สระบุรี,ผู้สูงอายุที่ทำงาน,2565,สำนักงานสถิติแห่งชาติ,คน,51536
รวม,6398,ชลบุรี,ผู้สูงอายุที่ทำงาน,2565,สำนักงานสถิติแห่งชาติ,คน,70898
รวม,6399, ระยอง,ผู้สูงอายุที่ทำงาน,2565,สำนักงานสถิติแห่งชาติ,คน,63081
รวม,6400,จันทบุรี,ผู้สูงอายุที่ทำงาน,2565,สำนักงานสถิติแห่งชาติ,คน,39845
รวม,6401, ตราด,ผู้สูงอายุที่ทำงาน,2565,สำนักงานสถิติแห่งชาติ,คน,16432
รวม,6402,ฉะเชิงเทรา,ผู้สูงอายุที่ทำงาน,2565,สำนักงานสถิติแห่งชาติ,คน,36725
รวม,6403, ปราจีนบุรี,ผู้สูงอายุที่ทำงาน,2565,สำนักงานสถิติแห่งชาติ,คน,32913
รวม,6404, นครนายก,ผู้สูงอายุที่ทำงาน,2565,สำนักงานสถิติแห่งชาติ,คน,10710
รวม,6405,สระแก้ว,ผู้สูงอายุที่ทำงาน,2565,สำนักงานสถิติแห่งชาติ,คน,41086
รวม,6406, ราชบุรี,ผู้สูงอายุที่ทำงาน,2565,สำนักงานสถิติแห่งชาติ,คน,65946
รวม,6407, กาญจนบุรี,ผู้สูงอายุที่ทำงาน,2565,สำนักงานสถิติแห่งชาติ,คน,71593
รวม,6408, สุพรรณบุรี,ผู้สูงอายุที่ทำงาน,2565,สำนักงานสถิติแห่งชาติ,คน,69568
รวม,6409, นครปฐม,ผู้สูงอายุที่ทำงาน,2565,สำนักงานสถิติแห่งชาติ,คน,71340
รวม,6410, สมุทรสาคร,ผู้สูงอายุที่ทำงาน,2565,สำนักงานสถิติแห่งชาติ,คน,38669
รวม,6411, สมุทรสงคราม,ผู้สูงอายุที่ทำงาน,2565,สำนักงานสถิติแห่งชาติ,คน,13138
รวม,6412, เพชรบุรี,ผู้สูงอายุที่ทำงาน,2565,สำนักงานสถิติแห่งชาติ,คน,43384
รวม,6413, ประจวบคีรีขันธ์,ผู้สูงอายุที่ทำงาน,2565,สำนักงานสถิติแห่งชาติ,คน,37552
รวม,6414,ภาคเหนือ,ผู้สูงอายุที่ทำงาน,2565,สำนักงานสถิติแห่งชาติ,คน,1110873
รวม,6415, เชียงใหม่,ผู้สูงอายุที่ทำงาน,2565,สำนักงานสถิติแห่งชาติ,คน,178420
รวม,6416, ลำพูน,ผู้สูงอายุที่ทำงาน,2565,สำนักงานสถิติแห่งชาติ,คน,44094
รวม,6417, ลำปาง,ผู้สูงอายุที่ทำงาน,2565,สำนักงานสถิติแห่งชาติ,คน,59037
รวม,6418, อุตรดิตถ์,ผู้สูงอายุที่ทำงาน,2565,สำนักงานสถิติแห่งชาติ,คน,34097
รวม,6419, แพร่,ผู้สูงอายุที่ทำงาน,2565,สำนักงานสถิติแห่งชาติ,คน,34211
รวม,6420, น่าน,ผู้สูงอายุที่ทำงาน,2565,สำนักงานสถิติแห่งชาติ,คน,51979
รวม,6421, พะเยา,ผู้สูงอายุที่ทำงาน,2565,สำนักงานสถิติแห่งชาติ,คน,33249
รวม,6422, เชียงราย,ผู้สูงอายุที่ทำงาน,2565,สำนักงานสถิติแห่งชาติ,คน,119948
รวม,6423, แม่ฮ่องสอน,ผู้สูงอายุที่ทำงาน,2565,สำนักงานสถิติแห่งชาติ,คน,21893
รวม,6424, นครสวรรค์,ผู้สูงอายุที่ทำงาน,2565,สำนักงานสถิติแห่งชาติ,คน,95075
รวม,6425, อุทัยธานี,ผู้สูงอายุที่ทำงาน,2565,สำนักงานสถิติแห่งชาติ,คน,28189
รวม,6426, กำแพงเพชร,ผู้สูงอายุที่ทำงาน,2565,สำนักงานสถิติแห่งชาติ,คน,77798
รวม,6427, ตาก,ผู้สูงอายุที่ทำงาน,2565,สำนักงานสถิติแห่งชาติ,คน,32607
รวม,6428, สุโขทัย,ผู้สูงอายุที่ทำงาน,2565,สำนักงานสถิติแห่งชาติ,คน,78025
รวม,6429, พิษณุโลก,ผู้สูงอายุที่ทำงาน,2565,สำนักงานสถิติแห่งชาติ,คน,94743
รวม,6430, พิจิตร,ผู้สูงอายุที่ทำงาน,2565,สำนักงานสถิติแห่งชาติ,คน,49604
รวม,6431, เพชรบูรณ์,ผู้สูงอายุที่ทำงาน,2565,สำนักงานสถิติแห่งชาติ,คน,77906
รวม,6432,ภาคตะวันออกเฉียงเหนือ,ผู้สูงอายุที่ทำงาน,2565,สำนักงานสถิติแห่งชาติ,คน,1626166
รวม,6433,นครราชสีมา,ผู้สูงอายุที่ทำงาน,2565,สำนักงานสถิติแห่งชาติ,คน,171198
รวม,6434, บุรีรัมย์,ผู้สูงอายุที่ทำงาน,2565,สำนักงานสถิติแห่งชาติ,คน,133410
รวม,6435, สุรินทร์,ผู้สูงอายุที่ทำงาน,2565,สำนักงานสถิติแห่งชาติ,คน,105417
รวม,6436, ศรีสะเกษ,ผู้สูงอายุที่ทำงาน,2565,สำนักงานสถิติแห่งชาติ,คน,119200
รวม,6437, อุบลราชธานี,ผู้สูงอายุที่ทำงาน,2565,สำนักงานสถิติแห่งชาติ,คน,135436
รวม,6438,ยโสธร,ผู้สูงอายุที่ทำงาน,2565,สำนักงานสถิติแห่งชาติ,คน,58398
รวม,6439,ชัยภูมิ,ผู้สูงอายุที่ทำงาน,2565,สำนักงานสถิติแห่งชาติ,คน,93749
รวม,6440, อำนาจเจริญ,ผู้สูงอายุที่ทำงาน,2565,สำนักงานสถิติแห่งชาติ,คน,19748
รวม,6441, บึงกาฬ,ผู้สูงอายุที่ทำงาน,2565,สำนักงานสถิติแห่งชาติ,คน,28378
รวม,6442, หนองบัวลำภู,ผู้สูงอายุที่ทำงาน,2565,สำนักงานสถิติแห่งชาติ,คน,41723
รวม,6443, ขอนแก่น,ผู้สูงอายุที่ทำงาน,2565,สำนักงานสถิติแห่งชาติ,คน,112829
รวม,6444, อุดรธานี,ผู้สูงอายุที่ทำงาน,2565,สำนักงานสถิติแห่งชาติ,คน,103287
รวม,6445,เลย,ผู้สูงอายุที่ทำงาน,2565,สำนักงานสถิติแห่งชาติ,คน,51797
รวม,6446, หนองคาย,ผู้สูงอายุที่ทำงาน,2565,สำนักงานสถิติแห่งชาติ,คน,37318
รวม,6447,มหาสารคาม,ผู้สูงอายุที่ทำงาน,2565,สำนักงานสถิติแห่งชาติ,คน,78863
รวม,6448, ร้อยเอ็ด,ผู้สูงอายุที่ทำงาน,2565,สำนักงานสถิติแห่งชาติ,คน,117185
รวม,6449, กาฬสินธุ์,ผู้สูงอายุที่ทำงาน,2565,สำนักงานสถิติแห่งชาติ,คน,62858
รวม,6450, สกลนคร,ผู้สูงอายุที่ทำงาน,2565,สำนักงานสถิติแห่งชาติ,คน,75548
รวม,6451, นครพนม,ผู้สูงอายุที่ทำงาน,2565,สำนักงานสถิติแห่งชาติ,คน,45672
รวม,6452, มุกดาหาร,ผู้สูงอายุที่ทำงาน,2565,สำนักงานสถิติแห่งชาติ,คน,34153
รวม,6453,ภาคใต้,ผู้สูงอายุที่ทำงาน,2565,สำนักงานสถิติแห่งชาติ,คน,584723
รวม,6454, นครศรีธรรมราช,ผู้สูงอายุที่ทำงาน,2565,สำนักงานสถิติแห่งชาติ,คน,92715
รวม,6455, กระบี่,ผู้สูงอายุที่ทำงาน,2565,สำนักงานสถิติแห่งชาติ,คน,31486
รวม,6456, พังงา,ผู้สูงอายุที่ทำงาน,2565,สำนักงานสถิติแห่งชาติ,คน,11603
รวม,6457,ภูเก็ต,ผู้สูงอายุที่ทำงาน,2565,สำนักงานสถิติแห่งชาติ,คน,24861
รวม,6458,สุราษฎร์ธานี,ผู้สูงอายุที่ทำงาน,2565,สำนักงานสถิติแห่งชาติ,คน,67863
รวม,6459, ระนอง,ผู้สูงอายุที่ทำงาน,2565,สำนักงานสถิติแห่งชาติ,คน,13550
รวม,6460, ชุมพร,ผู้สูงอายุที่ทำงาน,2565,สำนักงานสถิติแห่งชาติ,คน,31471
รวม,6461,สงขลา,ผู้สูงอายุที่ทำงาน,2565,สำนักงานสถิติแห่งชาติ,คน,83388
รวม,6462, สตูล,ผู้สูงอายุที่ทำงาน,2565,สำนักงานสถิติแห่งชาติ,คน,20987
รวม,6463, ตรัง,ผู้สูงอายุที่ทำงาน,2565,สำนักงานสถิติแห่งชาติ,คน,52631
รวม,6464, พัทลุง,ผู้สูงอายุที่ทำงาน,2565,สำนักงานสถิติแห่งชาติ,คน,36134
รวม,6465, ปัตตานี,ผู้สูงอายุที่ทำงาน,2565,สำนักงานสถิติแห่งชาติ,คน,37911
รวม,6466, ยะลา,ผู้สูงอายุที่ทำงาน,2565,สำนักงานสถิติแห่งชาติ,คน,37548
รวม,6467, นราธิวาส,ผู้สูงอายุที่ทำงาน,2565,สำนักงานสถิติแห่งชาติ,คน,42574
ชาย,6468,จำนวน,ผู้สูงอายุที่ทำงาน,2565,สำนักงานสถิติแห่งชาติ,คน,2574177
ชาย,6469, กรุงเทพมหานคร,ผู้สูงอายุที่ทำงาน,2565,สำนักงานสถิติแห่งชาติ,คน,171975
ชาย,6470,ภาคกลาง,ผู้สูงอายุที่ทำงาน,2565,สำนักงานสถิติแห่งชาติ,คน,565623
ชาย,6471, สมุทรปราการ,ผู้สูงอายุที่ทำงาน,2565,สำนักงานสถิติแห่งชาติ,คน,29092
ชาย,6472, นนทบุรี,ผู้สูงอายุที่ทำงาน,2565,สำนักงานสถิติแห่งชาติ,คน,30203
ชาย,6473, ปทุมธานี,ผู้สูงอายุที่ทำงาน,2565,สำนักงานสถิติแห่งชาติ,คน,19815
ชาย,6474, พระนครศรีอยุธยา,ผู้สูงอายุที่ทำงาน,2565,สำนักงานสถิติแห่งชาติ,คน,26491
ชาย,6475, อ่างทอง,ผู้สูงอายุที่ทำงาน,2565,สำนักงานสถิติแห่งชาติ,คน,7583
ชาย,6476, ลพบุรี,ผู้สูงอายุที่ทำงาน,2565,สำนักงานสถิติแห่งชาติ,คน,29750
ชาย,6477, สิงห์บุรี,ผู้สูงอายุที่ทำงาน,2565,สำนักงานสถิติแห่งชาติ,คน,6349
ชาย,6478, ชัยนาท,ผู้สูงอายุที่ทำงาน,2565,สำนักงานสถิติแห่งชาติ,คน,11861
ชาย,6479,สระบุรี,ผู้สูงอายุที่ทำงาน,2565,สำนักงานสถิติแห่งชาติ,คน,26380
ชาย,6480,ชลบุรี,ผู้สูงอายุที่ทำงาน,2565,สำนักงานสถิติแห่งชาติ,คน,40239
ชาย,6481, ระยอง,ผู้สูงอายุที่ทำงาน,2565,สำนักงานสถิติแห่งชาติ,คน,35412
ชาย,6482,จันทบุรี,ผู้สูงอายุที่ทำงาน,2565,สำนักงานสถิติแห่งชาติ,คน,20320
ชาย,6483, ตราด,ผู้สูงอายุที่ทำงาน,2565,สำนักงานสถิติแห่งชาติ,คน,8695
ชาย,6484,ฉะเชิงเทรา,ผู้สูงอายุที่ทำงาน,2565,สำนักงานสถิติแห่งชาติ,คน,18693
ชาย,6485, ปราจีนบุรี,ผู้สูงอายุที่ทำงาน,2565,สำนักงานสถิติแห่งชาติ,คน,18177
ชาย,6486, นครนายก,ผู้สูงอายุที่ทำงาน,2565,สำนักงานสถิติแห่งชาติ,คน,5630
ชาย,6487,สระแก้ว,ผู้สูงอายุที่ทำงาน,2565,สำนักงานสถิติแห่งชาติ,คน,21182
ชาย,6488, ราชบุรี,ผู้สูงอายุที่ทำงาน,2565,สำนักงานสถิติแห่งชาติ,คน,33159
ชาย,6489, กาญจนบุรี,ผู้สูงอายุที่ทำงาน,2565,สำนักงานสถิติแห่งชาติ,คน,37446
ชาย,6490, สุพรรณบุรี,ผู้สูงอายุที่ทำงาน,2565,สำนักงานสถิติแห่งชาติ,คน,38119
ชาย,6491, นครปฐม,ผู้สูงอายุที่ทำงาน,2565,สำนักงานสถิติแห่งชาติ,คน,36026
ชาย,6492, สมุทรสาคร,ผู้สูงอายุที่ทำงาน,2565,สำนักงานสถิติแห่งชาติ,คน,18987
ชาย,6493, สมุทรสงคราม,ผู้สูงอายุที่ทำงาน,2565,สำนักงานสถิติแห่งชาติ,คน,6231
ชาย,6494, เพชรบุรี,ผู้สูงอายุที่ทำงาน,2565,สำนักงานสถิติแห่งชาติ,คน,20947
ชาย,6495, ประจวบคีรีขันธ์,ผู้สูงอายุที่ทำงาน,2565,สำนักงานสถิติแห่งชาติ,คน,18838
ชาย,6496,ภาคเหนือ,ผู้สูงอายุที่ทำงาน,2565,สำนักงานสถิติแห่งชาติ,คน,599517
ชาย,6497, เชียงใหม่,ผู้สูงอายุที่ทำงาน,2565,สำนักงานสถิติแห่งชาติ,คน,100751
ชาย,6498, ลำพูน,ผู้สูงอายุที่ทำงาน,2565,สำนักงานสถิติแห่งชาติ,คน,22389
ชาย,6499, ลำปาง,ผู้สูงอายุที่ทำงาน,2565,สำนักงานสถิติแห่งชาติ,คน,32627
ชาย,6500, อุตรดิตถ์,ผู้สูงอายุที่ทำงาน,2565,สำนักงานสถิติแห่งชาติ,คน,19212
ชาย,6501, แพร่,ผู้สูงอายุที่ทำงาน,2565,สำนักงานสถิติแห่งชาติ,คน,20075
ชาย,6502, น่าน,ผู้สูงอายุที่ทำงาน,2565,สำนักงานสถิติแห่งชาติ,คน,27826
ชาย,6503, พะเยา,ผู้สูงอายุที่ทำงาน,2565,สำนักงานสถิติแห่งชาติ,คน,18740
ชาย,6504, เชียงราย,ผู้สูงอายุที่ทำงาน,2565,สำนักงานสถิติแห่งชาติ,คน,64905
ชาย,6505, แม่ฮ่องสอน,ผู้สูงอายุที่ทำงาน,2565,สำนักงานสถิติแห่งชาติ,คน,10664
ชาย,6506, นครสวรรค์,ผู้สูงอายุที่ทำงาน,2565,สำนักงานสถิติแห่งชาติ,คน,46997
ชาย,6507, อุทัยธานี,ผู้สูงอายุที่ทำงาน,2565,สำนักงานสถิติแห่งชาติ,คน,14706
ชาย,6508, กำแพงเพชร,ผู้สูงอายุที่ทำงาน,2565,สำนักงานสถิติแห่งชาติ,คน,43654
ชาย,6509, ตาก,ผู้สูงอายุที่ทำงาน,2565,สำนักงานสถิติแห่งชาติ,คน,19538
ชาย,6510, สุโขทัย,ผู้สูงอายุที่ทำงาน,2565,สำนักงานสถิติแห่งชาติ,คน,39882
ชาย,6511, พิษณุโลก,ผู้สูงอายุที่ทำงาน,2565,สำนักงานสถิติแห่งชาติ,คน,47560
ชาย,6512, พิจิตร,ผู้สูงอายุที่ทำงาน,2565,สำนักงานสถิติแห่งชาติ,คน,25967
ชาย,6513, เพชรบูรณ์,ผู้สูงอายุที่ทำงาน,2565,สำนักงานสถิติแห่งชาติ,คน,44026
ชาย,6514,ภาคตะวันออกเฉียงเหนือ,ผู้สูงอายุที่ทำงาน,2565,สำนักงานสถิติแห่งชาติ,คน,919947
ชาย,6515,นครราชสีมา,ผู้สูงอายุที่ทำงาน,2565,สำนักงานสถิติแห่งชาติ,คน,106487
ชาย,6516, บุรีรัมย์,ผู้สูงอายุที่ทำงาน,2565,สำนักงานสถิติแห่งชาติ,คน,76116
ชาย,6517, สุรินทร์,ผู้สูงอายุที่ทำงาน,2565,สำนักงานสถิติแห่งชาติ,คน,59551
ชาย,6518, ศรีสะเกษ,ผู้สูงอายุที่ทำงาน,2565,สำนักงานสถิติแห่งชาติ,คน,62348
ชาย,6519, อุบลราชธานี,ผู้สูงอายุที่ทำงาน,2565,สำนักงานสถิติแห่งชาติ,คน,83096
ชาย,6520,ยโสธร,ผู้สูงอายุที่ทำงาน,2565,สำนักงานสถิติแห่งชาติ,คน,27768
ชาย,6521,ชัยภูมิ,ผู้สูงอายุที่ทำงาน,2565,สำนักงานสถิติแห่งชาติ,คน,48090
ชาย,6522, อำนาจเจริญ,ผู้สูงอายุที่ทำงาน,2565,สำนักงานสถิติแห่งชาติ,คน,11874
ชาย,6523, บึงกาฬ,ผู้สูงอายุที่ทำงาน,2565,สำนักงานสถิติแห่งชาติ,คน,16955
ชาย,6524, หนองบัวลำภู,ผู้สูงอายุที่ทำงาน,2565,สำนักงานสถิติแห่งชาติ,คน,23906
ชาย,6525, ขอนแก่น,ผู้สูงอายุที่ทำงาน,2565,สำนักงานสถิติแห่งชาติ,คน,68226
ชาย,6526, อุดรธานี,ผู้สูงอายุที่ทำงาน,2565,สำนักงานสถิติแห่งชาติ,คน,58601
ชาย,6527,เลย,ผู้สูงอายุที่ทำงาน,2565,สำนักงานสถิติแห่งชาติ,คน,26750
ชาย,6528, หนองคาย,ผู้สูงอายุที่ทำงาน,2565,สำนักงานสถิติแห่งชาติ,คน,20798
ชาย,6529,มหาสารคาม,ผู้สูงอายุที่ทำงาน,2565,สำนักงานสถิติแห่งชาติ,คน,41816
ชาย,6530, ร้อยเอ็ด,ผู้สูงอายุที่ทำงาน,2565,สำนักงานสถิติแห่งชาติ,คน,63017
ชาย,6531, กาฬสินธุ์,ผู้สูงอายุที่ทำงาน,2565,สำนักงานสถิติแห่งชาติ,คน,37119
ชาย,6532, สกลนคร,ผู้สูงอายุที่ทำงาน,2565,สำนักงานสถิติแห่งชาติ,คน,43666
ชาย,6533, นครพนม,ผู้สูงอายุที่ทำงาน,2565,สำนักงานสถิติแห่งชาติ,คน,24966
ชาย,6534, มุกดาหาร,ผู้สูงอายุที่ทำงาน,2565,สำนักงานสถิติแห่งชาติ,คน,18797
ชาย,6535,ภาคใต้,ผู้สูงอายุที่ทำงาน,2565,สำนักงานสถิติแห่งชาติ,คน,317114
ชาย,6536, นครศรีธรรมราช,ผู้สูงอายุที่ทำงาน,2565,สำนักงานสถิติแห่งชาติ,คน,50811
ชาย,6537, กระบี่,ผู้สูงอายุที่ทำงาน,2565,สำนักงานสถิติแห่งชาติ,คน,18148
ชาย,6538, พังงา,ผู้สูงอายุที่ทำงาน,2565,สำนักงานสถิติแห่งชาติ,คน,7146
ชาย,6539,ภูเก็ต,ผู้สูงอายุที่ทำงาน,2565,สำนักงานสถิติแห่งชาติ,คน,13070
ชาย,6540,สุราษฎร์ธานี,ผู้สูงอายุที่ทำงาน,2565,สำนักงานสถิติแห่งชาติ,คน,38830
ชาย,6541, ระนอง,ผู้สูงอายุที่ทำงาน,2565,สำนักงานสถิติแห่งชาติ,คน,8149
ชาย,6542, ชุมพร,ผู้สูงอายุที่ทำงาน,2565,สำนักงานสถิติแห่งชาติ,คน,18758
ชาย,6543,สงขลา,ผู้สูงอายุที่ทำงาน,2565,สำนักงานสถิติแห่งชาติ,คน,41085
ชาย,6544, สตูล,ผู้สูงอายุที่ทำงาน,2565,สำนักงานสถิติแห่งชาติ,คน,11798
ชาย,6545, ตรัง,ผู้สูงอายุที่ทำงาน,2565,สำนักงานสถิติแห่งชาติ,คน,25338
ชาย,6546, พัทลุง,ผู้สูงอายุที่ทำงาน,2565,สำนักงานสถิติแห่งชาติ,คน,18535
ชาย,6547, ปัตตานี,ผู้สูงอายุที่ทำงาน,2565,สำนักงานสถิติแห่งชาติ,คน,20810
ชาย,6548, ยะลา,ผู้สูงอายุที่ทำงาน,2565,สำนักงานสถิติแห่งชาติ,คน,20993
ชาย,6549, นราธิวาส,ผู้สูงอายุที่ทำงาน,2565,สำนักงานสถิติแห่งชาติ,คน,23642
หญิง,6550,จำนวน,ผู้สูงอายุที่ทำงาน,2565,สำนักงานสถิติแห่งชาติ,คน,2169886
หญิง,6551, กรุงเทพมหานคร,ผู้สูงอายุที่ทำงาน,2565,สำนักงานสถิติแห่งชาติ,คน,166698
หญิง,6552,ภาคกลาง,ผู้สูงอายุที่ทำงาน,2565,สำนักงานสถิติแห่งชาติ,คน,518004
หญิง,6553, สมุทรปราการ,ผู้สูงอายุที่ทำงาน,2565,สำนักงานสถิติแห่งชาติ,คน,23771
หญิง,6554, นนทบุรี,ผู้สูงอายุที่ทำงาน,2565,สำนักงานสถิติแห่งชาติ,คน,19911
หญิง,6555, ปทุมธานี,ผู้สูงอายุที่ทำงาน,2565,สำนักงานสถิติแห่งชาติ,คน,21456
หญิง,6556, พระนครศรีอยุธยา,ผู้สูงอายุที่ทำงาน,2565,สำนักงานสถิติแห่งชาติ,คน,24535
หญิง,6557, อ่างทอง,ผู้สูงอายุที่ทำงาน,2565,สำนักงานสถิติแห่งชาติ,คน,7468
หญิง,6558, ลพบุรี,ผู้สูงอายุที่ทำงาน,2565,สำนักงานสถิติแห่งชาติ,คน,30923
หญิง,6559, สิงห์บุรี,ผู้สูงอายุที่ทำงาน,2565,สำนักงานสถิติแห่งชาติ,คน,7148
หญิง,6560, ชัยนาท,ผู้สูงอายุที่ทำงาน,2565,สำนักงานสถิติแห่งชาติ,คน,12856
หญิง,6561,สระบุรี,ผู้สูงอายุที่ทำงาน,2565,สำนักงานสถิติแห่งชาติ,คน,25156
หญิง,6562,ชลบุรี,ผู้สูงอายุที่ทำงาน,2565,สำนักงานสถิติแห่งชาติ,คน,30659
หญิง,6563, ระยอง,ผู้สูงอายุที่ทำงาน,2565,สำนักงานสถิติแห่งชาติ,คน,27669
หญิง,6564,จันทบุรี,ผู้สูงอายุที่ทำงาน,2565,สำนักงานสถิติแห่งชาติ,คน,19525
หญิง,6565, ตราด,ผู้สูงอายุที่ทำงาน,2565,สำนักงานสถิติแห่งชาติ,คน,7737
หญิง,6566,ฉะเชิงเทรา,ผู้สูงอายุที่ทำงาน,2565,สำนักงานสถิติแห่งชาติ,คน,18032
หญิง,6567, ปราจีนบุรี,ผู้สูงอายุที่ทำงาน,2565,สำนักงานสถิติแห่งชาติ,คน,14736
หญิง,6568, นครนายก,ผู้สูงอายุที่ทำงาน,2565,สำนักงานสถิติแห่งชาติ,คน,5080
หญิง,6569,สระแก้ว,ผู้สูงอายุที่ทำงาน,2565,สำนักงานสถิติแห่งชาติ,คน,19904
หญิง,6570, ราชบุรี,ผู้สูงอายุที่ทำงาน,2565,สำนักงานสถิติแห่งชาติ,คน,32787
หญิง,6571, กาญจนบุรี,ผู้สูงอายุที่ทำงาน,2565,สำนักงานสถิติแห่งชาติ,คน,34148
หญิง,6572, สุพรรณบุรี,ผู้สูงอายุที่ทำงาน,2565,สำนักงานสถิติแห่งชาติ,คน,31449
หญิง,6573, นครปฐม,ผู้สูงอายุที่ทำงาน,2565,สำนักงานสถิติแห่งชาติ,คน,35314
หญิง,6574, สมุทรสาคร,ผู้สูงอายุที่ทำงาน,2565,สำนักงานสถิติแห่งชาติ,คน,19682
หญิง,6575, สมุทรสงคราม,ผู้สูงอายุที่ทำงาน,2565,สำนักงานสถิติแห่งชาติ,คน,6906
หญิง,6576, เพชรบุรี,ผู้สูงอายุที่ทำงาน,2565,สำนักงานสถิติแห่งชาติ,คน,22438
หญิง,6577, ประจวบคีรีขันธ์,ผู้สูงอายุที่ทำงาน,2565,สำนักงานสถิติแห่งชาติ,คน,18715
หญิง,6578,ภาคเหนือ,ผู้สูงอายุที่ทำงาน,2565,สำนักงานสถิติแห่งชาติ,คน,511356
หญิง,6579, เชียงใหม่,ผู้สูงอายุที่ทำงาน,2565,สำนักงานสถิติแห่งชาติ,คน,77669
หญิง,6580, ลำพูน,ผู้สูงอายุที่ทำงาน,2565,สำนักงานสถิติแห่งชาติ,คน,21704
หญิง,6581, ลำปาง,ผู้สูงอายุที่ทำงาน,2565,สำนักงานสถิติแห่งชาติ,คน,26411
หญิง,6582, อุตรดิตถ์,ผู้สูงอายุที่ทำงาน,2565,สำนักงานสถิติแห่งชาติ,คน,14885
หญิง,6583, แพร่,ผู้สูงอายุที่ทำงาน,2565,สำนักงานสถิติแห่งชาติ,คน,14136
หญิง,6584, น่าน,ผู้สูงอายุที่ทำงาน,2565,สำนักงานสถิติแห่งชาติ,คน,24153
หญิง,6585, พะเยา,ผู้สูงอายุที่ทำงาน,2565,สำนักงานสถิติแห่งชาติ,คน,14510
หญิง,6586, เชียงราย,ผู้สูงอายุที่ทำงาน,2565,สำนักงานสถิติแห่งชาติ,คน,55043
หญิง,6587, แม่ฮ่องสอน,ผู้สูงอายุที่ทำงาน,2565,สำนักงานสถิติแห่งชาติ,คน,11228
หญิง,6588, นครสวรรค์,ผู้สูงอายุที่ทำงาน,2565,สำนักงานสถิติแห่งชาติ,คน,48078
หญิง,6589, อุทัยธานี,ผู้สูงอายุที่ทำงาน,2565,สำนักงานสถิติแห่งชาติ,คน,13483
หญิง,6590, กำแพงเพชร,ผู้สูงอายุที่ทำงาน,2565,สำนักงานสถิติแห่งชาติ,คน,34144
หญิง,6591, ตาก,ผู้สูงอายุที่ทำงาน,2565,สำนักงานสถิติแห่งชาติ,คน,13069
หญิง,6592, สุโขทัย,ผู้สูงอายุที่ทำงาน,2565,สำนักงานสถิติแห่งชาติ,คน,38143
หญิง,6593, พิษณุโลก,ผู้สูงอายุที่ทำงาน,2565,สำนักงานสถิติแห่งชาติ,คน,47183
หญิง,6594, พิจิตร,ผู้สูงอายุที่ทำงาน,2565,สำนักงานสถิติแห่งชาติ,คน,23637
หญิง,6595, เพชรบูรณ์,ผู้สูงอายุที่ทำงาน,2565,สำนักงานสถิติแห่งชาติ,คน,33880
หญิง,6596,ภาคตะวันออกเฉียงเหนือ,ผู้สูงอายุที่ทำงาน,2565,สำนักงานสถิติแห่งชาติ,คน,706219
หญิง,6597,นครราชสีมา,ผู้สูงอายุที่ทำงาน,2565,สำนักงานสถิติแห่งชาติ,คน,64711
หญิง,6598, บุรีรัมย์,ผู้สูงอายุที่ทำงาน,2565,สำนักงานสถิติแห่งชาติ,คน,57294
หญิง,6599, สุรินทร์,ผู้สูงอายุที่ทำงาน,2565,สำนักงานสถิติแห่งชาติ,คน,45866
หญิง,6600, ศรีสะเกษ,ผู้สูงอายุที่ทำงาน,2565,สำนักงานสถิติแห่งชาติ,คน,56852
หญิง,6601, อุบลราชธานี,ผู้สูงอายุที่ทำงาน,2565,สำนักงานสถิติแห่งชาติ,คน,52340
หญิง,6602,ยโสธร,ผู้สูงอายุที่ทำงาน,2565,สำนักงานสถิติแห่งชาติ,คน,30630
หญิง,6603,ชัยภูมิ,ผู้สูงอายุที่ทำงาน,2565,สำนักงานสถิติแห่งชาติ,คน,45659
หญิง,6604, อำนาจเจริญ,ผู้สูงอายุที่ทำงาน,2565,สำนักงานสถิติแห่งชาติ,คน,7874
หญิง,6605, บึงกาฬ,ผู้สูงอายุที่ทำงาน,2565,สำนักงานสถิติแห่งชาติ,คน,11423
หญิง,6606, หนองบัวลำภู,ผู้สูงอายุที่ทำงาน,2565,สำนักงานสถิติแห่งชาติ,คน,17816
หญิง,6607, ขอนแก่น,ผู้สูงอายุที่ทำงาน,2565,สำนักงานสถิติแห่งชาติ,คน,44603
หญิง,6608, อุดรธานี,ผู้สูงอายุที่ทำงาน,2565,สำนักงานสถิติแห่งชาติ,คน,44686
หญิง,6609,เลย,ผู้สูงอายุที่ทำงาน,2565,สำนักงานสถิติแห่งชาติ,คน,25047
หญิง,6610, หนองคาย,ผู้สูงอายุที่ทำงาน,2565,สำนักงานสถิติแห่งชาติ,คน,16520
หญิง,6611,มหาสารคาม,ผู้สูงอายุที่ทำงาน,2565,สำนักงานสถิติแห่งชาติ,คน,37048
หญิง,6612, ร้อยเอ็ด,ผู้สูงอายุที่ทำงาน,2565,สำนักงานสถิติแห่งชาติ,คน,54168
หญิง,6613, กาฬสินธุ์,ผู้สูงอายุที่ทำงาน,2565,สำนักงานสถิติแห่งชาติ,คน,25739
หญิง,6614, สกลนคร,ผู้สูงอายุที่ทำงาน,2565,สำนักงานสถิติแห่งชาติ,คน,31882
หญิง,6615, นครพนม,ผู้สูงอายุที่ทำงาน,2565,สำนักงานสถิติแห่งชาติ,คน,20706
หญิง,6616, มุกดาหาร,ผู้สูงอายุที่ทำงาน,2565,สำนักงานสถิติแห่งชาติ,คน,15356
หญิง,6617,ภาคใต้,ผู้สูงอายุที่ทำงาน,2565,สำนักงานสถิติแห่งชาติ,คน,267609
หญิง,6618, นครศรีธรรมราช,ผู้สูงอายุที่ทำงาน,2565,สำนักงานสถิติแห่งชาติ,คน,41904
หญิง,6619, กระบี่,ผู้สูงอายุที่ทำงาน,2565,สำนักงานสถิติแห่งชาติ,คน,13338
หญิง,6620, พังงา,ผู้สูงอายุที่ทำงาน,2565,สำนักงานสถิติแห่งชาติ,คน,4456
หญิง,6621,ภูเก็ต,ผู้สูงอายุที่ทำงาน,2565,สำนักงานสถิติแห่งชาติ,คน,11791
หญิง,6622,สุราษฎร์ธานี,ผู้สูงอายุที่ทำงาน,2565,สำนักงานสถิติแห่งชาติ,คน,29033
หญิง,6623, ระนอง,ผู้สูงอายุที่ทำงาน,2565,สำนักงานสถิติแห่งชาติ,คน,5401
หญิง,6624, ชุมพร,ผู้สูงอายุที่ทำงาน,2565,สำนักงานสถิติแห่งชาติ,คน,12713
หญิง,6625,สงขลา,ผู้สูงอายุที่ทำงาน,2565,สำนักงานสถิติแห่งชาติ,คน,42303
หญิง,6626, สตูล,ผู้สูงอายุที่ทำงาน,2565,สำนักงานสถิติแห่งชาติ,คน,9189
หญิง,6627, ตรัง,ผู้สูงอายุที่ทำงาน,2565,สำนักงานสถิติแห่งชาติ,คน,27293
หญิง,6628, พัทลุง,ผู้สูงอายุที่ทำงาน,2565,สำนักงานสถิติแห่งชาติ,คน,17599
หญิง,6629, ปัตตานี,ผู้สูงอายุที่ทำงาน,2565,สำนักงานสถิติแห่งชาติ,คน,17101
หญิง,6630, ยะลา,ผู้สูงอายุที่ทำงาน,2565,สำนักงานสถิติแห่งชาติ,คน,16555
หญิง,6631, นราธิวาส,ผู้สูงอายุที่ทำงาน,2565,สำนักงานสถิติแห่งชาติ,คน,18932
รวม,6632, กรุงเทพมหานคร,ผู้มีงานทำทั้งหมด,2566,สำนักงานสถิติแห่งชาติ,คน,5652257
รวม,6633,ภาคกลาง,ผู้มีงานทำทั้งหมด,2566,สำนักงานสถิติแห่งชาติ,คน,13208476
รวม,6634, สมุทรปราการ,ผู้มีงานทำทั้งหมด,2566,สำนักงานสถิติแห่งชาติ,คน,1506480
รวม,6635, นนทบุรี,ผู้มีงานทำทั้งหมด,2566,สำนักงานสถิติแห่งชาติ,คน,1170279
รวม,6636, ปทุมธานี,ผู้มีงานทำทั้งหมด,2566,สำนักงานสถิติแห่งชาติ,คน,1136472
รวม,6637, พระนครศรีอยุธยา,ผู้มีงานทำทั้งหมด,2566,สำนักงานสถิติแห่งชาติ,คน,514895
รวม,6638, อ่างทอง,ผู้มีงานทำทั้งหมด,2566,สำนักงานสถิติแห่งชาติ,คน,126936
รวม,6639, ลพบุรี,ผู้มีงานทำทั้งหมด,2566,สำนักงานสถิติแห่งชาติ,คน,453365
รวม,6640, สิงห์บุรี,ผู้มีงานทำทั้งหมด,2566,สำนักงานสถิติแห่งชาติ,คน,104902
รวม,6641, ชัยนาท,ผู้มีงานทำทั้งหมด,2566,สำนักงานสถิติแห่งชาติ,คน,167285
รวม,6642,สระบุรี,ผู้มีงานทำทั้งหมด,2566,สำนักงานสถิติแห่งชาติ,คน,420184
รวม,6643,ชลบุรี,ผู้มีงานทำทั้งหมด,2566,สำนักงานสถิติแห่งชาติ,คน,1187709
รวม,6644, ระยอง,ผู้มีงานทำทั้งหมด,2566,สำนักงานสถิติแห่งชาติ,คน,687035
รวม,6645,จันทบุรี,ผู้มีงานทำทั้งหมด,2566,สำนักงานสถิติแห่งชาติ,คน,361246
รวม,6646, ตราด,ผู้มีงานทำทั้งหมด,2566,สำนักงานสถิติแห่งชาติ,คน,172609
รวม,6647,ฉะเชิงเทรา,ผู้มีงานทำทั้งหมด,2566,สำนักงานสถิติแห่งชาติ,คน,553739
รวม,6648, ปราจีนบุรี,ผู้มีงานทำทั้งหมด,2566,สำนักงานสถิติแห่งชาติ,คน,391886
รวม,6649, นครนายก,ผู้มีงานทำทั้งหมด,2566,สำนักงานสถิติแห่งชาติ,คน,147798
รวม,6650,สระแก้ว,ผู้มีงานทำทั้งหมด,2566,สำนักงานสถิติแห่งชาติ,คน,367568
รวม,6651, ราชบุรี,ผู้มีงานทำทั้งหมด,2566,สำนักงานสถิติแห่งชาติ,คน,475831
รวม,6652, กาญจนบุรี,ผู้มีงานทำทั้งหมด,2566,สำนักงานสถิติแห่งชาติ,คน,471957
รวม,6653, สุพรรณบุรี,ผู้มีงานทำทั้งหมด,2566,สำนักงานสถิติแห่งชาติ,คน,479985
รวม,6654, นครปฐม,ผู้มีงานทำทั้งหมด,2566,สำนักงานสถิติแห่งชาติ,คน,858208
รวม,6655, สมุทรสาคร,ผู้มีงานทำทั้งหมด,2566,สำนักงานสถิติแห่งชาติ,คน,776206
รวม,6656, สมุทรสงคราม,ผู้มีงานทำทั้งหมด,2566,สำนักงานสถิติแห่งชาติ,คน,101063
รวม,6657, เพชรบุรี,ผู้มีงานทำทั้งหมด,2566,สำนักงานสถิติแห่งชาติ,คน,293268
รวม,6658, ประจวบคีรีขันธ์,ผู้มีงานทำทั้งหมด,2566,สำนักงานสถิติแห่งชาติ,คน,281571
รวม,6659,ภาคเหนือ,ผู้มีงานทำทั้งหมด,2566,สำนักงานสถิติแห่งชาติ,คน,6221813
รวม,6660, เชียงใหม่,ผู้มีงานทำทั้งหมด,2566,สำนักงานสถิติแห่งชาติ,คน,1035726
รวม,6661, ลำพูน,ผู้มีงานทำทั้งหมด,2566,สำนักงานสถิติแห่งชาติ,คน,232643
รวม,6662, ลำปาง,ผู้มีงานทำทั้งหมด,2566,สำนักงานสถิติแห่งชาติ,คน,370135
รวม,6663, อุตรดิตถ์,ผู้มีงานทำทั้งหมด,2566,สำนักงานสถิติแห่งชาติ,คน,213056
รวม,6664, แพร่,ผู้มีงานทำทั้งหมด,2566,สำนักงานสถิติแห่งชาติ,คน,201658
รวม,6665, น่าน,ผู้มีงานทำทั้งหมด,2566,สำนักงานสถิติแห่งชาติ,คน,253827
รวม,6666, พะเยา,ผู้มีงานทำทั้งหมด,2566,สำนักงานสถิติแห่งชาติ,คน,176562
รวม,6667, เชียงราย,ผู้มีงานทำทั้งหมด,2566,สำนักงานสถิติแห่งชาติ,คน,599777
รวม,6668, แม่ฮ่องสอน,ผู้มีงานทำทั้งหมด,2566,สำนักงานสถิติแห่งชาติ,คน,145839
รวม,6669, นครสวรรค์,ผู้มีงานทำทั้งหมด,2566,สำนักงานสถิติแห่งชาติ,คน,504155
รวม,6670, อุทัยธานี,ผู้มีงานทำทั้งหมด,2566,สำนักงานสถิติแห่งชาติ,คน,145453
รวม,6671, กำแพงเพชร,ผู้มีงานทำทั้งหมด,2566,สำนักงานสถิติแห่งชาติ,คน,434562
รวม,6672, ตาก,ผู้มีงานทำทั้งหมด,2566,สำนักงานสถิติแห่งชาติ,คน,287977
รวม,6673, สุโขทัย,ผู้มีงานทำทั้งหมด,2566,สำนักงานสถิติแห่งชาติ,คน,350543
รวม,6674, พิษณุโลก,ผู้มีงานทำทั้งหมด,2566,สำนักงานสถิติแห่งชาติ,คน,508711
รวม,6675, พิจิตร,ผู้มีงานทำทั้งหมด,2566,สำนักงานสถิติแห่งชาติ,คน,280280
รวม,6676, เพชรบูรณ์,ผู้มีงานทำทั้งหมด,2566,สำนักงานสถิติแห่งชาติ,คน,480907
รวม,6677,ภาคตะวันออกเฉียงเหนือ,ผู้มีงานทำทั้งหมด,2566,สำนักงานสถิติแห่งชาติ,คน,9712273
รวม,6678,นครราชสีมา,ผู้มีงานทำทั้งหมด,2566,สำนักงานสถิติแห่งชาติ,คน,1257419
รวม,6679, บุรีรัมย์,ผู้มีงานทำทั้งหมด,2566,สำนักงานสถิติแห่งชาติ,คน,659922
รวม,6680, สุรินทร์,ผู้มีงานทำทั้งหมด,2566,สำนักงานสถิติแห่งชาติ,คน,506485
รวม,6681, ศรีสะเกษ,ผู้มีงานทำทั้งหมด,2566,สำนักงานสถิติแห่งชาติ,คน,558431
รวม,6682, อุบลราชธานี,ผู้มีงานทำทั้งหมด,2566,สำนักงานสถิติแห่งชาติ,คน,900334
รวม,6683,ยโสธร,ผู้มีงานทำทั้งหมด,2566,สำนักงานสถิติแห่งชาติ,คน,279742
รวม,6684,ชัยภูมิ,ผู้มีงานทำทั้งหมด,2566,สำนักงานสถิติแห่งชาติ,คน,487838
รวม,6685, อำนาจเจริญ,ผู้มีงานทำทั้งหมด,2566,สำนักงานสถิติแห่งชาติ,คน,150471
รวม,6686, บึงกาฬ,ผู้มีงานทำทั้งหมด,2566,สำนักงานสถิติแห่งชาติ,คน,177987
รวม,6687, หนองบัวลำภู,ผู้มีงานทำทั้งหมด,2566,สำนักงานสถิติแห่งชาติ,คน,263050
รวม,6688, ขอนแก่น,ผู้มีงานทำทั้งหมด,2566,สำนักงานสถิติแห่งชาติ,คน,961207
รวม,6689, อุดรธานี,ผู้มีงานทำทั้งหมด,2566,สำนักงานสถิติแห่งชาติ,คน,644541
รวม,6690,เลย,ผู้มีงานทำทั้งหมด,2566,สำนักงานสถิติแห่งชาติ,คน,270681
รวม,6691, หนองคาย,ผู้มีงานทำทั้งหมด,2566,สำนักงานสถิติแห่งชาติ,คน,221076
รวม,6692,มหาสารคาม,ผู้มีงานทำทั้งหมด,2566,สำนักงานสถิติแห่งชาติ,คน,415735
รวม,6693, ร้อยเอ็ด,ผู้มีงานทำทั้งหมด,2566,สำนักงานสถิติแห่งชาติ,คน,582415
รวม,6694, กาฬสินธุ์,ผู้มีงานทำทั้งหมด,2566,สำนักงานสถิติแห่งชาติ,คน,401275
รวม,6695, สกลนคร,ผู้มีงานทำทั้งหมด,2566,สำนักงานสถิติแห่งชาติ,คน,447633
รวม,6696, นครพนม,ผู้มีงานทำทั้งหมด,2566,สำนักงานสถิติแห่งชาติ,คน,288086
รวม,6697, มุกดาหาร,ผู้มีงานทำทั้งหมด,2566,สำนักงานสถิติแห่งชาติ,คน,237945
รวม,6698,ภาคใต้,ผู้มีงานทำทั้งหมด,2566,สำนักงานสถิติแห่งชาติ,คน,5296507
รวม,6699, นครศรีธรรมราช,ผู้มีงานทำทั้งหมด,2566,สำนักงานสถิติแห่งชาติ,คน,834170
รวม,6700, กระบี่,ผู้มีงานทำทั้งหมด,2566,สำนักงานสถิติแห่งชาติ,คน,250358
รวม,6701, พังงา,ผู้มีงานทำทั้งหมด,2566,สำนักงานสถิติแห่งชาติ,คน,124602
รวม,6702,ภูเก็ต,ผู้มีงานทำทั้งหมด,2566,สำนักงานสถิติแห่งชาติ,คน,347471
รวม,6703,สุราษฎร์ธานี,ผู้มีงานทำทั้งหมด,2566,สำนักงานสถิติแห่งชาติ,คน,640185
รวม,6704, ระนอง,ผู้มีงานทำทั้งหมด,2566,สำนักงานสถิติแห่งชาติ,คน,147142
รวม,6705, ชุมพร,ผู้มีงานทำทั้งหมด,2566,สำนักงานสถิติแห่งชาติ,คน,287151
รวม,6706,สงขลา,ผู้มีงานทำทั้งหมด,2566,สำนักงานสถิติแห่งชาติ,คน,907481
รวม,6707, สตูล,ผู้มีงานทำทั้งหมด,2566,สำนักงานสถิติแห่งชาติ,คน,153709
รวม,6708, ตรัง,ผู้มีงานทำทั้งหมด,2566,สำนักงานสถิติแห่งชาติ,คน,372491
รวม,6709, พัทลุง,ผู้มีงานทำทั้งหมด,2566,สำนักงานสถิติแห่งชาติ,คน,279684
รวม,6710, ปัตตานี,ผู้มีงานทำทั้งหมด,2566,สำนักงานสถิติแห่งชาติ,คน,338015
รวม,6711, ยะลา,ผู้มีงานทำทั้งหมด,2566,สำนักงานสถิติแห่งชาติ,คน,264400
รวม,6712, นราธิวาส,ผู้มีงานทำทั้งหมด,2566,สำนักงานสถิติแห่งชาติ,คน,349649
ชาย,6713,จำนวน,ผู้มีงานทำทั้งหมด,2566,สำนักงานสถิติแห่งชาติ,คน,21470275
ชาย,6714, กรุงเทพมหานคร,ผู้มีงานทำทั้งหมด,2566,สำนักงานสถิติแห่งชาติ,คน,2933595
ชาย,6715,ภาคกลาง,ผู้มีงานทำทั้งหมด,2566,สำนักงานสถิติแห่งชาติ,คน,7052907
ชาย,6716, สมุทรปราการ,ผู้มีงานทำทั้งหมด,2566,สำนักงานสถิติแห่งชาติ,คน,781261
ชาย,6717, นนทบุรี,ผู้มีงานทำทั้งหมด,2566,สำนักงานสถิติแห่งชาติ,คน,614770
ชาย,6718, ปทุมธานี,ผู้มีงานทำทั้งหมด,2566,สำนักงานสถิติแห่งชาติ,คน,601552
ชาย,6719, พระนครศรีอยุธยา,ผู้มีงานทำทั้งหมด,2566,สำนักงานสถิติแห่งชาติ,คน,277680
ชาย,6720, อ่างทอง,ผู้มีงานทำทั้งหมด,2566,สำนักงานสถิติแห่งชาติ,คน,69539
ชาย,6721, ลพบุรี,ผู้มีงานทำทั้งหมด,2566,สำนักงานสถิติแห่งชาติ,คน,244111
ชาย,6722, สิงห์บุรี,ผู้มีงานทำทั้งหมด,2566,สำนักงานสถิติแห่งชาติ,คน,56460
ชาย,6723, ชัยนาท,ผู้มีงานทำทั้งหมด,2566,สำนักงานสถิติแห่งชาติ,คน,88374
ชาย,6724,สระบุรี,ผู้มีงานทำทั้งหมด,2566,สำนักงานสถิติแห่งชาติ,คน,235874
ชาย,6725,ชลบุรี,ผู้มีงานทำทั้งหมด,2566,สำนักงานสถิติแห่งชาติ,คน,636996
ชาย,6726, ระยอง,ผู้มีงานทำทั้งหมด,2566,สำนักงานสถิติแห่งชาติ,คน,387141
ชาย,6727,จันทบุรี,ผู้มีงานทำทั้งหมด,2566,สำนักงานสถิติแห่งชาติ,คน,190400
ชาย,6728, ตราด,ผู้มีงานทำทั้งหมด,2566,สำนักงานสถิติแห่งชาติ,คน,95097
ชาย,6729,ฉะเชิงเทรา,ผู้มีงานทำทั้งหมด,2566,สำนักงานสถิติแห่งชาติ,คน,299886
ชาย,6730, ปราจีนบุรี,ผู้มีงานทำทั้งหมด,2566,สำนักงานสถิติแห่งชาติ,คน,209925
ชาย,6731, นครนายก,ผู้มีงานทำทั้งหมด,2566,สำนักงานสถิติแห่งชาติ,คน,81712
ชาย,6732,สระแก้ว,ผู้มีงานทำทั้งหมด,2566,สำนักงานสถิติแห่งชาติ,คน,207592
ชาย,6733, ราชบุรี,ผู้มีงานทำทั้งหมด,2566,สำนักงานสถิติแห่งชาติ,คน,256164
ชาย,6734, กาญจนบุรี,ผู้มีงานทำทั้งหมด,2566,สำนักงานสถิติแห่งชาติ,คน,257497
ชาย,6735, สุพรรณบุรี,ผู้มีงานทำทั้งหมด,2566,สำนักงานสถิติแห่งชาติ,คน,264533
ชาย,6736, นครปฐม,ผู้มีงานทำทั้งหมด,2566,สำนักงานสถิติแห่งชาติ,คน,434617
ชาย,6737, สมุทรสาคร,ผู้มีงานทำทั้งหมด,2566,สำนักงานสถิติแห่งชาติ,คน,398131
ชาย,6738, สมุทรสงคราม,ผู้มีงานทำทั้งหมด,2566,สำนักงานสถิติแห่งชาติ,คน,55727
ชาย,6739, เพชรบุรี,ผู้มีงานทำทั้งหมด,2566,สำนักงานสถิติแห่งชาติ,คน,158428
ชาย,6740, ประจวบคีรีขันธ์,ผู้มีงานทำทั้งหมด,2566,สำนักงานสถิติแห่งชาติ,คน,149440
ชาย,6741,ภาคเหนือ,ผู้มีงานทำทั้งหมด,2566,สำนักงานสถิติแห่งชาติ,คน,3345202
ชาย,6742, เชียงใหม่,ผู้มีงานทำทั้งหมด,2566,สำนักงานสถิติแห่งชาติ,คน,551213
ชาย,6743, ลำพูน,ผู้มีงานทำทั้งหมด,2566,สำนักงานสถิติแห่งชาติ,คน,118732
ชาย,6744, ลำปาง,ผู้มีงานทำทั้งหมด,2566,สำนักงานสถิติแห่งชาติ,คน,201751
ชาย,6745, อุตรดิตถ์,ผู้มีงานทำทั้งหมด,2566,สำนักงานสถิติแห่งชาติ,คน,119251
ชาย,6746, แพร่,ผู้มีงานทำทั้งหมด,2566,สำนักงานสถิติแห่งชาติ,คน,108575
ชาย,6747, น่าน,ผู้มีงานทำทั้งหมด,2566,สำนักงานสถิติแห่งชาติ,คน,135609
ชาย,6748, พะเยา,ผู้มีงานทำทั้งหมด,2566,สำนักงานสถิติแห่งชาติ,คน,98352
ชาย,6749, เชียงราย,ผู้มีงานทำทั้งหมด,2566,สำนักงานสถิติแห่งชาติ,คน,328709
ชาย,6750, แม่ฮ่องสอน,ผู้มีงานทำทั้งหมด,2566,สำนักงานสถิติแห่งชาติ,คน,75681
ชาย,6751, นครสวรรค์,ผู้มีงานทำทั้งหมด,2566,สำนักงานสถิติแห่งชาติ,คน,267632
ชาย,6752, อุทัยธานี,ผู้มีงานทำทั้งหมด,2566,สำนักงานสถิติแห่งชาติ,คน,79272
ชาย,6753, กำแพงเพชร,ผู้มีงานทำทั้งหมด,2566,สำนักงานสถิติแห่งชาติ,คน,226247
ชาย,6754, ตาก,ผู้มีงานทำทั้งหมด,2566,สำนักงานสถิติแห่งชาติ,คน,158564
ชาย,6755, สุโขทัย,ผู้มีงานทำทั้งหมด,2566,สำนักงานสถิติแห่งชาติ,คน,184431
ชาย,6756, พิษณุโลก,ผู้มีงานทำทั้งหมด,2566,สำนักงานสถิติแห่งชาติ,คน,272396
ชาย,6757, พิจิตร,ผู้มีงานทำทั้งหมด,2566,สำนักงานสถิติแห่งชาติ,คน,152935
ชาย,6758, เพชรบูรณ์,ผู้มีงานทำทั้งหมด,2566,สำนักงานสถิติแห่งชาติ,คน,265851
ชาย,6759,ภาคตะวันออกเฉียงเหนือ,ผู้มีงานทำทั้งหมด,2566,สำนักงานสถิติแห่งชาติ,คน,5213696
ชาย,6760,นครราชสีมา,ผู้มีงานทำทั้งหมด,2566,สำนักงานสถิติแห่งชาติ,คน,665168
ชาย,6761, บุรีรัมย์,ผู้มีงานทำทั้งหมด,2566,สำนักงานสถิติแห่งชาติ,คน,362010
ชาย,6762, สุรินทร์,ผู้มีงานทำทั้งหมด,2566,สำนักงานสถิติแห่งชาติ,คน,270846
ชาย,6763, ศรีสะเกษ,ผู้มีงานทำทั้งหมด,2566,สำนักงานสถิติแห่งชาติ,คน,292765
ชาย,6764, อุบลราชธานี,ผู้มีงานทำทั้งหมด,2566,สำนักงานสถิติแห่งชาติ,คน,507611
ชาย,6765,ยโสธร,ผู้มีงานทำทั้งหมด,2566,สำนักงานสถิติแห่งชาติ,คน,137688
ชาย,6766,ชัยภูมิ,ผู้มีงานทำทั้งหมด,2566,สำนักงานสถิติแห่งชาติ,คน,257444
ชาย,6767, อำนาจเจริญ,ผู้มีงานทำทั้งหมด,2566,สำนักงานสถิติแห่งชาติ,คน,80367
ชาย,6768, บึงกาฬ,ผู้มีงานทำทั้งหมด,2566,สำนักงานสถิติแห่งชาติ,คน,97597
ชาย,6769, หนองบัวลำภู,ผู้มีงานทำทั้งหมด,2566,สำนักงานสถิติแห่งชาติ,คน,140055
ชาย,6770, ขอนแก่น,ผู้มีงานทำทั้งหมด,2566,สำนักงานสถิติแห่งชาติ,คน,502402
ชาย,6771, อุดรธานี,ผู้มีงานทำทั้งหมด,2566,สำนักงานสถิติแห่งชาติ,คน,353476
ชาย,6772,เลย,ผู้มีงานทำทั้งหมด,2566,สำนักงานสถิติแห่งชาติ,คน,141478
ชาย,6773, หนองคาย,ผู้มีงานทำทั้งหมด,2566,สำนักงานสถิติแห่งชาติ,คน,123045
ชาย,6774,มหาสารคาม,ผู้มีงานทำทั้งหมด,2566,สำนักงานสถิติแห่งชาติ,คน,218081
ชาย,6775, ร้อยเอ็ด,ผู้มีงานทำทั้งหมด,2566,สำนักงานสถิติแห่งชาติ,คน,309436
ชาย,6776, กาฬสินธุ์,ผู้มีงานทำทั้งหมด,2566,สำนักงานสถิติแห่งชาติ,คน,218759
ชาย,6777, สกลนคร,ผู้มีงานทำทั้งหมด,2566,สำนักงานสถิติแห่งชาติ,คน,253036
ชาย,6778, นครพนม,ผู้มีงานทำทั้งหมด,2566,สำนักงานสถิติแห่งชาติ,คน,157113
ชาย,6779, มุกดาหาร,ผู้มีงานทำทั้งหมด,2566,สำนักงานสถิติแห่งชาติ,คน,125319
ชาย,6780,ภาคใต้,ผู้มีงานทำทั้งหมด,2566,สำนักงานสถิติแห่งชาติ,คน,2924875
ชาย,6781, นครศรีธรรมราช,ผู้มีงานทำทั้งหมด,2566,สำนักงานสถิติแห่งชาติ,คน,458427
ชาย,6782, กระบี่,ผู้มีงานทำทั้งหมด,2566,สำนักงานสถิติแห่งชาติ,คน,136448
ชาย,6783, พังงา,ผู้มีงานทำทั้งหมด,2566,สำนักงานสถิติแห่งชาติ,คน,74931
ชาย,6784,ภูเก็ต,ผู้มีงานทำทั้งหมด,2566,สำนักงานสถิติแห่งชาติ,คน,183575
ชาย,6785,สุราษฎร์ธานี,ผู้มีงานทำทั้งหมด,2566,สำนักงานสถิติแห่งชาติ,คน,360239
ชาย,6786, ระนอง,ผู้มีงานทำทั้งหมด,2566,สำนักงานสถิติแห่งชาติ,คน,87225
ชาย,6787, ชุมพร,ผู้มีงานทำทั้งหมด,2566,สำนักงานสถิติแห่งชาติ,คน,162878
ชาย,6788,สงขลา,ผู้มีงานทำทั้งหมด,2566,สำนักงานสถิติแห่งชาติ,คน,483453
ชาย,6789, สตูล,ผู้มีงานทำทั้งหมด,2566,สำนักงานสถิติแห่งชาติ,คน,87700
ชาย,6790, ตรัง,ผู้มีงานทำทั้งหมด,2566,สำนักงานสถิติแห่งชาติ,คน,201246
ชาย,6791, พัทลุง,ผู้มีงานทำทั้งหมด,2566,สำนักงานสถิติแห่งชาติ,คน,146447
ชาย,6792, ปัตตานี,ผู้มีงานทำทั้งหมด,2566,สำนักงานสถิติแห่งชาติ,คน,190303
ชาย,6793, ยะลา,ผู้มีงานทำทั้งหมด,2566,สำนักงานสถิติแห่งชาติ,คน,146212
ชาย,6794, นราธิวาส,ผู้มีงานทำทั้งหมด,2566,สำนักงานสถิติแห่งชาติ,คน,205792
หญิง,6795,จำนวน,ผู้มีงานทำทั้งหมด,2566,สำนักงานสถิติแห่งชาติ,คน,18621051
หญิง,6796, กรุงเทพมหานคร,ผู้มีงานทำทั้งหมด,2566,สำนักงานสถิติแห่งชาติ,คน,2718663
หญิง,6797,ภาคกลาง,ผู้มีงานทำทั้งหมด,2566,สำนักงานสถิติแห่งชาติ,คน,6155569
หญิง,6798, สมุทรปราการ,ผู้มีงานทำทั้งหมด,2566,สำนักงานสถิติแห่งชาติ,คน,725219
หญิง,6799, นนทบุรี,ผู้มีงานทำทั้งหมด,2566,สำนักงานสถิติแห่งชาติ,คน,555510
หญิง,6800, ปทุมธานี,ผู้มีงานทำทั้งหมด,2566,สำนักงานสถิติแห่งชาติ,คน,534920
หญิง,6801, พระนครศรีอยุธยา,ผู้มีงานทำทั้งหมด,2566,สำนักงานสถิติแห่งชาติ,คน,237215
หญิง,6802, อ่างทอง,ผู้มีงานทำทั้งหมด,2566,สำนักงานสถิติแห่งชาติ,คน,57397
หญิง,6803, ลพบุรี,ผู้มีงานทำทั้งหมด,2566,สำนักงานสถิติแห่งชาติ,คน,209254
หญิง,6804, สิงห์บุรี,ผู้มีงานทำทั้งหมด,2566,สำนักงานสถิติแห่งชาติ,คน,48442
หญิง,6805, ชัยนาท,ผู้มีงานทำทั้งหมด,2566,สำนักงานสถิติแห่งชาติ,คน,78911
หญิง,6806,สระบุรี,ผู้มีงานทำทั้งหมด,2566,สำนักงานสถิติแห่งชาติ,คน,184309
หญิง,6807,ชลบุรี,ผู้มีงานทำทั้งหมด,2566,สำนักงานสถิติแห่งชาติ,คน,550714
หญิง,6808, ระยอง,ผู้มีงานทำทั้งหมด,2566,สำนักงานสถิติแห่งชาติ,คน,299895
หญิง,6809,จันทบุรี,ผู้มีงานทำทั้งหมด,2566,สำนักงานสถิติแห่งชาติ,คน,170846
หญิง,6810, ตราด,ผู้มีงานทำทั้งหมด,2566,สำนักงานสถิติแห่งชาติ,คน,77512
หญิง,6811,ฉะเชิงเทรา,ผู้มีงานทำทั้งหมด,2566,สำนักงานสถิติแห่งชาติ,คน,253853
หญิง,6812, ปราจีนบุรี,ผู้มีงานทำทั้งหมด,2566,สำนักงานสถิติแห่งชาติ,คน,181961
หญิง,6813, นครนายก,ผู้มีงานทำทั้งหมด,2566,สำนักงานสถิติแห่งชาติ,คน,66086
หญิง,6814,สระแก้ว,ผู้มีงานทำทั้งหมด,2566,สำนักงานสถิติแห่งชาติ,คน,159976
หญิง,6815, ราชบุรี,ผู้มีงานทำทั้งหมด,2566,สำนักงานสถิติแห่งชาติ,คน,219667
หญิง,6816, กาญจนบุรี,ผู้มีงานทำทั้งหมด,2566,สำนักงานสถิติแห่งชาติ,คน,214460
หญิง,6817, สุพรรณบุรี,ผู้มีงานทำทั้งหมด,2566,สำนักงานสถิติแห่งชาติ,คน,215452
หญิง,6818, นครปฐม,ผู้มีงานทำทั้งหมด,2566,สำนักงานสถิติแห่งชาติ,คน,423591
หญิง,6819, สมุทรสาคร,ผู้มีงานทำทั้งหมด,2566,สำนักงานสถิติแห่งชาติ,คน,378075
หญิง,6820, สมุทรสงคราม,ผู้มีงานทำทั้งหมด,2566,สำนักงานสถิติแห่งชาติ,คน,45336
หญิง,6821, เพชรบุรี,ผู้มีงานทำทั้งหมด,2566,สำนักงานสถิติแห่งชาติ,คน,134840
หญิง,6822, ประจวบคีรีขันธ์,ผู้มีงานทำทั้งหมด,2566,สำนักงานสถิติแห่งชาติ,คน,132131
หญิง,6823,ภาคเหนือ,ผู้มีงานทำทั้งหมด,2566,สำนักงานสถิติแห่งชาติ,คน,2876611
หญิง,6824, เชียงใหม่,ผู้มีงานทำทั้งหมด,2566,สำนักงานสถิติแห่งชาติ,คน,484513
หญิง,6825, ลำพูน,ผู้มีงานทำทั้งหมด,2566,สำนักงานสถิติแห่งชาติ,คน,113911
หญิง,6826, ลำปาง,ผู้มีงานทำทั้งหมด,2566,สำนักงานสถิติแห่งชาติ,คน,168384
หญิง,6827, อุตรดิตถ์,ผู้มีงานทำทั้งหมด,2566,สำนักงานสถิติแห่งชาติ,คน,93805
หญิง,6828, แพร่,ผู้มีงานทำทั้งหมด,2566,สำนักงานสถิติแห่งชาติ,คน,93083
หญิง,6829, น่าน,ผู้มีงานทำทั้งหมด,2566,สำนักงานสถิติแห่งชาติ,คน,118219
หญิง,6830, พะเยา,ผู้มีงานทำทั้งหมด,2566,สำนักงานสถิติแห่งชาติ,คน,78210
หญิง,6831, เชียงราย,ผู้มีงานทำทั้งหมด,2566,สำนักงานสถิติแห่งชาติ,คน,271068
หญิง,6832, แม่ฮ่องสอน,ผู้มีงานทำทั้งหมด,2566,สำนักงานสถิติแห่งชาติ,คน,70158
หญิง,6833, นครสวรรค์,ผู้มีงานทำทั้งหมด,2566,สำนักงานสถิติแห่งชาติ,คน,236523
หญิง,6834, อุทัยธานี,ผู้มีงานทำทั้งหมด,2566,สำนักงานสถิติแห่งชาติ,คน,66182
หญิง,6835, กำแพงเพชร,ผู้มีงานทำทั้งหมด,2566,สำนักงานสถิติแห่งชาติ,คน,208314
หญิง,6836, ตาก,ผู้มีงานทำทั้งหมด,2566,สำนักงานสถิติแห่งชาติ,คน,129413
หญิง,6837, สุโขทัย,ผู้มีงานทำทั้งหมด,2566,สำนักงานสถิติแห่งชาติ,คน,166112
หญิง,6838, พิษณุโลก,ผู้มีงานทำทั้งหมด,2566,สำนักงานสถิติแห่งชาติ,คน,236316
หญิง,6839, พิจิตร,ผู้มีงานทำทั้งหมด,2566,สำนักงานสถิติแห่งชาติ,คน,127345
หญิง,6840, เพชรบูรณ์,ผู้มีงานทำทั้งหมด,2566,สำนักงานสถิติแห่งชาติ,คน,215055
หญิง,6841,ภาคตะวันออกเฉียงเหนือ,ผู้มีงานทำทั้งหมด,2566,สำนักงานสถิติแห่งชาติ,คน,4498577
หญิง,6842,นครราชสีมา,ผู้มีงานทำทั้งหมด,2566,สำนักงานสถิติแห่งชาติ,คน,592251
หญิง,6843, บุรีรัมย์,ผู้มีงานทำทั้งหมด,2566,สำนักงานสถิติแห่งชาติ,คน,297913
หญิง,6844, สุรินทร์,ผู้มีงานทำทั้งหมด,2566,สำนักงานสถิติแห่งชาติ,คน,235639
หญิง,6845, ศรีสะเกษ,ผู้มีงานทำทั้งหมด,2566,สำนักงานสถิติแห่งชาติ,คน,265666
หญิง,6846, อุบลราชธานี,ผู้มีงานทำทั้งหมด,2566,สำนักงานสถิติแห่งชาติ,คน,392723
หญิง,6847,ยโสธร,ผู้มีงานทำทั้งหมด,2566,สำนักงานสถิติแห่งชาติ,คน,142054
หญิง,6848,ชัยภูมิ,ผู้มีงานทำทั้งหมด,2566,สำนักงานสถิติแห่งชาติ,คน,230395
หญิง,6849, อำนาจเจริญ,ผู้มีงานทำทั้งหมด,2566,สำนักงานสถิติแห่งชาติ,คน,70104
หญิง,6850, บึงกาฬ,ผู้มีงานทำทั้งหมด,2566,สำนักงานสถิติแห่งชาติ,คน,80390
หญิง,6851, หนองบัวลำภู,ผู้มีงานทำทั้งหมด,2566,สำนักงานสถิติแห่งชาติ,คน,122995
หญิง,6852, ขอนแก่น,ผู้มีงานทำทั้งหมด,2566,สำนักงานสถิติแห่งชาติ,คน,458805
หญิง,6853, อุดรธานี,ผู้มีงานทำทั้งหมด,2566,สำนักงานสถิติแห่งชาติ,คน,291064
หญิง,6854,เลย,ผู้มีงานทำทั้งหมด,2566,สำนักงานสถิติแห่งชาติ,คน,129203
หญิง,6855, หนองคาย,ผู้มีงานทำทั้งหมด,2566,สำนักงานสถิติแห่งชาติ,คน,98031
หญิง,6856,มหาสารคาม,ผู้มีงานทำทั้งหมด,2566,สำนักงานสถิติแห่งชาติ,คน,197654
หญิง,6857, ร้อยเอ็ด,ผู้มีงานทำทั้งหมด,2566,สำนักงานสถิติแห่งชาติ,คน,272979
หญิง,6858, กาฬสินธุ์,ผู้มีงานทำทั้งหมด,2566,สำนักงานสถิติแห่งชาติ,คน,182516
หญิง,6859, สกลนคร,ผู้มีงานทำทั้งหมด,2566,สำนักงานสถิติแห่งชาติ,คน,194597
หญิง,6860, นครพนม,ผู้มีงานทำทั้งหมด,2566,สำนักงานสถิติแห่งชาติ,คน,130973
หญิง,6861, มุกดาหาร,ผู้มีงานทำทั้งหมด,2566,สำนักงานสถิติแห่งชาติ,คน,112626
หญิง,6862,ภาคใต้,ผู้มีงานทำทั้งหมด,2566,สำนักงานสถิติแห่งชาติ,คน,2371631
หญิง,6863, นครศรีธรรมราช,ผู้มีงานทำทั้งหมด,2566,สำนักงานสถิติแห่งชาติ,คน,375743
หญิง,6864, กระบี่,ผู้มีงานทำทั้งหมด,2566,สำนักงานสถิติแห่งชาติ,คน,113910
หญิง,6865, พังงา,ผู้มีงานทำทั้งหมด,2566,สำนักงานสถิติแห่งชาติ,คน,49671
หญิง,6866,ภูเก็ต,ผู้มีงานทำทั้งหมด,2566,สำนักงานสถิติแห่งชาติ,คน,163896
หญิง,6867,สุราษฎร์ธานี,ผู้มีงานทำทั้งหมด,2566,สำนักงานสถิติแห่งชาติ,คน,279947
หญิง,6868, ระนอง,ผู้มีงานทำทั้งหมด,2566,สำนักงานสถิติแห่งชาติ,คน,59917
หญิง,6869, ชุมพร,ผู้มีงานทำทั้งหมด,2566,สำนักงานสถิติแห่งชาติ,คน,124274
หญิง,6870,สงขลา,ผู้มีงานทำทั้งหมด,2566,สำนักงานสถิติแห่งชาติ,คน,424027
หญิง,6871, สตูล,ผู้มีงานทำทั้งหมด,2566,สำนักงานสถิติแห่งชาติ,คน,66009
หญิง,6872, ตรัง,ผู้มีงานทำทั้งหมด,2566,สำนักงานสถิติแห่งชาติ,คน,171244
หญิง,6873, พัทลุง,ผู้มีงานทำทั้งหมด,2566,สำนักงานสถิติแห่งชาติ,คน,133237
หญิง,6874, ปัตตานี,ผู้มีงานทำทั้งหมด,2566,สำนักงานสถิติแห่งชาติ,คน,147712
หญิง,6875, ยะลา,ผู้มีงานทำทั้งหมด,2566,สำนักงานสถิติแห่งชาติ,คน,118188
หญิง,6876, นราธิวาส,ผู้มีงานทำทั้งหมด,2566,สำนักงานสถิติแห่งชาติ,คน,143856
รวม,6877,จำนวน,ผู้มีงานทำทั้งหมด,2566,สำนักงานสถิติแห่งชาติ,คน,13640843
รวม,6878, กรุงเทพมหานคร,ผู้มีงานทำทั้งหมด,2566,สำนักงานสถิติแห่งชาติ,คน,1407365
รวม,6879,ภาคกลาง,ผู้มีงานทำทั้งหมด,2566,สำนักงานสถิติแห่งชาติ,คน,3650885
รวม,6880, สมุทรปราการ,ผู้มีงานทำทั้งหมด,2566,สำนักงานสถิติแห่งชาติ,คน,369375
รวม,6881, นนทบุรี,ผู้มีงานทำทั้งหมด,2566,สำนักงานสถิติแห่งชาติ,คน,283397
รวม,6882, ปทุมธานี,ผู้มีงานทำทั้งหมด,2566,สำนักงานสถิติแห่งชาติ,คน,277089
รวม,6883, พระนครศรีอยุธยา,ผู้มีงานทำทั้งหมด,2566,สำนักงานสถิติแห่งชาติ,คน,188408
รวม,6884, อ่างทอง,ผู้มีงานทำทั้งหมด,2566,สำนักงานสถิติแห่งชาติ,คน,51527
รวม,6885, ลพบุรี,ผู้มีงานทำทั้งหมด,2566,สำนักงานสถิติแห่งชาติ,คน,161324
รวม,6886, สิงห์บุรี,ผู้มีงานทำทั้งหมด,2566,สำนักงานสถิติแห่งชาติ,คน,38669
รวม,6887, ชัยนาท,ผู้มีงานทำทั้งหมด,2566,สำนักงานสถิติแห่งชาติ,คน,60856
รวม,6888,สระบุรี,ผู้มีงานทำทั้งหมด,2566,สำนักงานสถิติแห่งชาติ,คน,158884
รวม,6889,ชลบุรี,ผู้มีงานทำทั้งหมด,2566,สำนักงานสถิติแห่งชาติ,คน,305060
รวม,6890, ระยอง,ผู้มีงานทำทั้งหมด,2566,สำนักงานสถิติแห่งชาติ,คน,155596
รวม,6891,จันทบุรี,ผู้มีงานทำทั้งหมด,2566,สำนักงานสถิติแห่งชาติ,คน,84789
รวม,6892, ตราด,ผู้มีงานทำทั้งหมด,2566,สำนักงานสถิติแห่งชาติ,คน,42101
รวม,6893,ฉะเชิงเทรา,ผู้มีงานทำทั้งหมด,2566,สำนักงานสถิติแห่งชาติ,คน,128826
รวม,6894, ปราจีนบุรี,ผู้มีงานทำทั้งหมด,2566,สำนักงานสถิติแห่งชาติ,คน,101306
รวม,6895, นครนายก,ผู้มีงานทำทั้งหมด,2566,สำนักงานสถิติแห่งชาติ,คน,39744
รวม,6896,สระแก้ว,ผู้มีงานทำทั้งหมด,2566,สำนักงานสถิติแห่งชาติ,คน,101784
รวม,6897, ราชบุรี,ผู้มีงานทำทั้งหมด,2566,สำนักงานสถิติแห่งชาติ,คน,172720
รวม,6898, กาญจนบุรี,ผู้มีงานทำทั้งหมด,2566,สำนักงานสถิติแห่งชาติ,คน,181828
รวม,6899, สุพรรณบุรี,ผู้มีงานทำทั้งหมด,2566,สำนักงานสถิติแห่งชาติ,คน,186894
รวม,6900, นครปฐม,ผู้มีงานทำทั้งหมด,2566,สำนักงานสถิติแห่งชาติ,คน,179951
รวม,6901, สมุทรสาคร,ผู้มีงานทำทั้งหมด,2566,สำนักงานสถิติแห่งชาติ,คน,134115
รวม,6902, สมุทรสงคราม,ผู้มีงานทำทั้งหมด,2566,สำนักงานสถิติแห่งชาติ,คน,36656
รวม,6903, เพชรบุรี,ผู้มีงานทำทั้งหมด,2566,สำนักงานสถิติแห่งชาติ,คน,107629
รวม,6904, ประจวบคีรีขันธ์,ผู้มีงานทำทั้งหมด,2566,สำนักงานสถิติแห่งชาติ,คน,102357
รวม,6905,ภาคเหนือ,ผู้มีงานทำทั้งหมด,2566,สำนักงานสถิติแห่งชาติ,คน,2848497
รวม,6906, เชียงใหม่,ผู้มีงานทำทั้งหมด,2566,สำนักงานสถิติแห่งชาติ,คน,440911
รวม,6907, ลำพูน,ผู้มีงานทำทั้งหมด,2566,สำนักงานสถิติแห่งชาติ,คน,95754
รวม,6908, ลำปาง,ผู้มีงานทำทั้งหมด,2566,สำนักงานสถิติแห่งชาติ,คน,177650
รวม,6909, อุตรดิตถ์,ผู้มีงานทำทั้งหมด,2566,สำนักงานสถิติแห่งชาติ,คน,103036
รวม,6910, แพร่,ผู้มีงานทำทั้งหมด,2566,สำนักงานสถิติแห่งชาติ,คน,93717
รวม,6911, น่าน,ผู้มีงานทำทั้งหมด,2566,สำนักงานสถิติแห่งชาติ,คน,112788
รวม,6912, พะเยา,ผู้มีงานทำทั้งหมด,2566,สำนักงานสถิติแห่งชาติ,คน,92227
รวม,6913, เชียงราย,ผู้มีงานทำทั้งหมด,2566,สำนักงานสถิติแห่งชาติ,คน,288131
รวม,6914, แม่ฮ่องสอน,ผู้มีงานทำทั้งหมด,2566,สำนักงานสถิติแห่งชาติ,คน,62051
รวม,6915, นครสวรรค์,ผู้มีงานทำทั้งหมด,2566,สำนักงานสถิติแห่งชาติ,คน,231035
รวม,6916, อุทัยธานี,ผู้มีงานทำทั้งหมด,2566,สำนักงานสถิติแห่งชาติ,คน,69699
รวม,6917, กำแพงเพชร,ผู้มีงานทำทั้งหมด,2566,สำนักงานสถิติแห่งชาติ,คน,201207
รวม,6918, ตาก,ผู้มีงานทำทั้งหมด,2566,สำนักงานสถิติแห่งชาติ,คน,133828
รวม,6919, สุโขทัย,ผู้มีงานทำทั้งหมด,2566,สำนักงานสถิติแห่งชาติ,คน,156548
รวม,6920, พิษณุโลก,ผู้มีงานทำทั้งหมด,2566,สำนักงานสถิติแห่งชาติ,คน,230737
รวม,6921, พิจิตร,ผู้มีงานทำทั้งหมด,2566,สำนักงานสถิติแห่งชาติ,คน,128569
รวม,6922, เพชรบูรณ์,ผู้มีงานทำทั้งหมด,2566,สำนักงานสถิติแห่งชาติ,คน,230609
รวม,6923,ภาคตะวันออกเฉียงเหนือ,ผู้มีงานทำทั้งหมด,2566,สำนักงานสถิติแห่งชาติ,คน,4124703
รวม,6924,นครราชสีมา,ผู้มีงานทำทั้งหมด,2566,สำนักงานสถิติแห่งชาติ,คน,561440
รวม,6925, บุรีรัมย์,ผู้มีงานทำทั้งหมด,2566,สำนักงานสถิติแห่งชาติ,คน,268384
รวม,6926, สุรินทร์,ผู้มีงานทำทั้งหมด,2566,สำนักงานสถิติแห่งชาติ,คน,233762
รวม,6927, ศรีสะเกษ,ผู้มีงานทำทั้งหมด,2566,สำนักงานสถิติแห่งชาติ,คน,208837
รวม,6928, อุบลราชธานี,ผู้มีงานทำทั้งหมด,2566,สำนักงานสถิติแห่งชาติ,คน,391331
รวม,6929,ยโสธร,ผู้มีงานทำทั้งหมด,2566,สำนักงานสถิติแห่งชาติ,คน,100623
รวม,6930,ชัยภูมิ,ผู้มีงานทำทั้งหมด,2566,สำนักงานสถิติแห่งชาติ,คน,207447
รวม,6931, อำนาจเจริญ,ผู้มีงานทำทั้งหมด,2566,สำนักงานสถิติแห่งชาติ,คน,63642
รวม,6932, บึงกาฬ,ผู้มีงานทำทั้งหมด,2566,สำนักงานสถิติแห่งชาติ,คน,80476
รวม,6933, หนองบัวลำภู,ผู้มีงานทำทั้งหมด,2566,สำนักงานสถิติแห่งชาติ,คน,106299
รวม,6934, ขอนแก่น,ผู้มีงานทำทั้งหมด,2566,สำนักงานสถิติแห่งชาติ,คน,386128
รวม,6935, อุดรธานี,ผู้มีงานทำทั้งหมด,2566,สำนักงานสถิติแห่งชาติ,คน,282281
รวม,6936,เลย,ผู้มีงานทำทั้งหมด,2566,สำนักงานสถิติแห่งชาติ,คน,120757
รวม,6937, หนองคาย,ผู้มีงานทำทั้งหมด,2566,สำนักงานสถิติแห่งชาติ,คน,102485
รวม,6938,มหาสารคาม,ผู้มีงานทำทั้งหมด,2566,สำนักงานสถิติแห่งชาติ,คน,173032
รวม,6939, ร้อยเอ็ด,ผู้มีงานทำทั้งหมด,2566,สำนักงานสถิติแห่งชาติ,คน,235567
รวม,6940, กาฬสินธุ์,ผู้มีงานทำทั้งหมด,2566,สำนักงานสถิติแห่งชาติ,คน,176686
รวม,6941, สกลนคร,ผู้มีงานทำทั้งหมด,2566,สำนักงานสถิติแห่งชาติ,คน,205381
รวม,6942, นครพนม,ผู้มีงานทำทั้งหมด,2566,สำนักงานสถิติแห่งชาติ,คน,122217
รวม,6943, มุกดาหาร,ผู้มีงานทำทั้งหมด,2566,สำนักงานสถิติแห่งชาติ,คน,97928
รวม,6944,ภาคใต้,ผู้มีงานทำทั้งหมด,2566,สำนักงานสถิติแห่งชาติ,คน,1609393
รวม,6945, นครศรีธรรมราช,ผู้มีงานทำทั้งหมด,2566,สำนักงานสถิติแห่งชาติ,คน,257244
รวม,6946, กระบี่,ผู้มีงานทำทั้งหมด,2566,สำนักงานสถิติแห่งชาติ,คน,70542
รวม,6947, พังงา,ผู้มีงานทำทั้งหมด,2566,สำนักงานสถิติแห่งชาติ,คน,39079
รวม,6948,ภูเก็ต,ผู้มีงานทำทั้งหมด,2566,สำนักงานสถิติแห่งชาติ,คน,97599
รวม,6949,สุราษฎร์ธานี,ผู้มีงานทำทั้งหมด,2566,สำนักงานสถิติแห่งชาติ,คน,182428
รวม,6950, ระนอง,ผู้มีงานทำทั้งหมด,2566,สำนักงานสถิติแห่งชาติ,คน,43567
รวม,6951, ชุมพร,ผู้มีงานทำทั้งหมด,2566,สำนักงานสถิติแห่งชาติ,คน,77981
รวม,6952,สงขลา,ผู้มีงานทำทั้งหมด,2566,สำนักงานสถิติแห่งชาติ,คน,281101
รวม,6953, สตูล,ผู้มีงานทำทั้งหมด,2566,สำนักงานสถิติแห่งชาติ,คน,50882
รวม,6954, ตรัง,ผู้มีงานทำทั้งหมด,2566,สำนักงานสถิติแห่งชาติ,คน,105802
รวม,6955, พัทลุง,ผู้มีงานทำทั้งหมด,2566,สำนักงานสถิติแห่งชาติ,คน,83933
รวม,6956, ปัตตานี,ผู้มีงานทำทั้งหมด,2566,สำนักงานสถิติแห่งชาติ,คน,110347
รวม,6957, ยะลา,ผู้มีงานทำทั้งหมด,2566,สำนักงานสถิติแห่งชาติ,คน,82410
รวม,6958, นราธิวาส,ผู้มีงานทำทั้งหมด,2566,สำนักงานสถิติแห่งชาติ,คน,126478
ชาย,6959,จำนวน,ผู้สูงอายุทั้งหมด,2566,สำนักงานสถิติแห่งชาติ,คน,5747631
ชาย,6960, กรุงเทพมหานคร,ผู้สูงอายุทั้งหมด,2566,สำนักงานสถิติแห่งชาติ,คน,580896
ชาย,6961,ภาคกลาง,ผู้สูงอายุทั้งหมด,2566,สำนักงานสถิติแห่งชาติ,คน,1508793
ชาย,6962, สมุทรปราการ,ผู้สูงอายุทั้งหมด,2566,สำนักงานสถิติแห่งชาติ,คน,151148
ชาย,6963, นนทบุรี,ผู้สูงอายุทั้งหมด,2566,สำนักงานสถิติแห่งชาติ,คน,116562
ชาย,6964, ปทุมธานี,ผู้สูงอายุทั้งหมด,2566,สำนักงานสถิติแห่งชาติ,คน,114259
ชาย,6965, พระนครศรีอยุธยา,ผู้สูงอายุทั้งหมด,2566,สำนักงานสถิติแห่งชาติ,คน,75529
ชาย,6966, อ่างทอง,ผู้สูงอายุทั้งหมด,2566,สำนักงานสถิติแห่งชาติ,คน,20630
ชาย,6967, ลพบุรี,ผู้สูงอายุทั้งหมด,2566,สำนักงานสถิติแห่งชาติ,คน,64625
ชาย,6968, สิงห์บุรี,ผู้สูงอายุทั้งหมด,2566,สำนักงานสถิติแห่งชาติ,คน,15481
ชาย,6969, ชัยนาท,ผู้สูงอายุทั้งหมด,2566,สำนักงานสถิติแห่งชาติ,คน,24404
ชาย,6970,สระบุรี,ผู้สูงอายุทั้งหมด,2566,สำนักงานสถิติแห่งชาติ,คน,63750
ชาย,6971,ชลบุรี,ผู้สูงอายุทั้งหมด,2566,สำนักงานสถิติแห่งชาติ,คน,137767
ชาย,6972, ระยอง,ผู้สูงอายุทั้งหมด,2566,สำนักงานสถิติแห่งชาติ,คน,65104
ชาย,6973,จันทบุรี,ผู้สูงอายุทั้งหมด,2566,สำนักงานสถิติแห่งชาติ,คน,35118
ชาย,6974, ตราด,ผู้สูงอายุทั้งหมด,2566,สำนักงานสถิติแห่งชาติ,คน,17393
ชาย,6975,ฉะเชิงเทรา,ผู้สูงอายุทั้งหมด,2566,สำนักงานสถิติแห่งชาติ,คน,53417
ชาย,6976, ปราจีนบุรี,ผู้สูงอายุทั้งหมด,2566,สำนักงานสถิติแห่งชาติ,คน,41685
ชาย,6977, นครนายก,ผู้สูงอายุทั้งหมด,2566,สำนักงานสถิติแห่งชาติ,คน,16448
ชาย,6978,สระแก้ว,ผู้สูงอายุทั้งหมด,2566,สำนักงานสถิติแห่งชาติ,คน,42595
ชาย,6979, ราชบุรี,ผู้สูงอายุทั้งหมด,2566,สำนักงานสถิติแห่งชาติ,คน,70983
ชาย,6980, กาญจนบุรี,ผู้สูงอายุทั้งหมด,2566,สำนักงานสถิติแห่งชาติ,คน,74740
ชาย,6981, สุพรรณบุรี,ผู้สูงอายุทั้งหมด,2566,สำนักงานสถิติแห่งชาติ,คน,76891
ชาย,6982, นครปฐม,ผู้สูงอายุทั้งหมด,2566,สำนักงานสถิติแห่งชาติ,คน,73616
ชาย,6983, สมุทรสาคร,ผู้สูงอายุทั้งหมด,2566,สำนักงานสถิติแห่งชาติ,คน,54714
ชาย,6984, สมุทรสงคราม,ผู้สูงอายุทั้งหมด,2566,สำนักงานสถิติแห่งชาติ,คน,15053
ชาย,6985, เพชรบุรี,ผู้สูงอายุทั้งหมด,2566,สำนักงานสถิติแห่งชาติ,คน,44389
ชาย,6986, ประจวบคีรีขันธ์,ผู้สูงอายุทั้งหมด,2566,สำนักงานสถิติแห่งชาติ,คน,42492
ชาย,6987,ภาคเหนือ,ผู้สูงอายุทั้งหมด,2566,สำนักงานสถิติแห่งชาติ,คน,1214045
ชาย,6988, เชียงใหม่,ผู้สูงอายุทั้งหมด,2566,สำนักงานสถิติแห่งชาติ,คน,188662
ชาย,6989, ลำพูน,ผู้สูงอายุทั้งหมด,2566,สำนักงานสถิติแห่งชาติ,คน,40865
ชาย,6990, ลำปาง,ผู้สูงอายุทั้งหมด,2566,สำนักงานสถิติแห่งชาติ,คน,75638
ชาย,6991, อุตรดิตถ์,ผู้สูงอายุทั้งหมด,2566,สำนักงานสถิติแห่งชาติ,คน,43868
ชาย,6992, แพร่,ผู้สูงอายุทั้งหมด,2566,สำนักงานสถิติแห่งชาติ,คน,39921
ชาย,6993, น่าน,ผู้สูงอายุทั้งหมด,2566,สำนักงานสถิติแห่งชาติ,คน,48008
ชาย,6994, พะเยา,ผู้สูงอายุทั้งหมด,2566,สำนักงานสถิติแห่งชาติ,คน,39273
ชาย,6995, เชียงราย,ผู้สูงอายุทั้งหมด,2566,สำนักงานสถิติแห่งชาติ,คน,122721
ชาย,6996, แม่ฮ่องสอน,ผู้สูงอายุทั้งหมด,2566,สำนักงานสถิติแห่งชาติ,คน,26430
ชาย,6997, นครสวรรค์,ผู้สูงอายุทั้งหมด,2566,สำนักงานสถิติแห่งชาติ,คน,98330
ชาย,6998, อุทัยธานี,ผู้สูงอายุทั้งหมด,2566,สำนักงานสถิติแห่งชาติ,คน,29677
ชาย,6999, กำแพงเพชร,ผู้สูงอายุทั้งหมด,2566,สำนักงานสถิติแห่งชาติ,คน,85642
ชาย,7000, ตาก,ผู้สูงอายุทั้งหมด,2566,สำนักงานสถิติแห่งชาติ,คน,57005
ชาย,7001, สุโขทัย,ผู้สูงอายุทั้งหมด,2566,สำนักงานสถิติแห่งชาติ,คน,66640
ชาย,7002, พิษณุโลก,ผู้สูงอายุทั้งหมด,2566,สำนักงานสถิติแห่งชาติ,คน,98246
ชาย,7003, พิจิตร,ผู้สูงอายุทั้งหมด,2566,สำนักงานสถิติแห่งชาติ,คน,54757
ชาย,7004, เพชรบูรณ์,ผู้สูงอายุทั้งหมด,2566,สำนักงานสถิติแห่งชาติ,คน,98362
ชาย,7005,ภาคตะวันออกเฉียงเหนือ,ผู้สูงอายุทั้งหมด,2566,สำนักงานสถิติแห่งชาติ,คน,1763207
ชาย,7006,นครราชสีมา,ผู้สูงอายุทั้งหมด,2566,สำนักงานสถิติแห่งชาติ,คน,240299
ชาย,7007, บุรีรัมย์,ผู้สูงอายุทั้งหมด,2566,สำนักงานสถิติแห่งชาติ,คน,114650
ชาย,7008, สุรินทร์,ผู้สูงอายุทั้งหมด,2566,สำนักงานสถิติแห่งชาติ,คน,99868
ชาย,7009, ศรีสะเกษ,ผู้สูงอายุทั้งหมด,2566,สำนักงานสถิติแห่งชาติ,คน,89162
ชาย,7010, อุบลราชธานี,ผู้สูงอายุทั้งหมด,2566,สำนักงานสถิติแห่งชาติ,คน,167027
ชาย,7011,ยโสธร,ผู้สูงอายุทั้งหมด,2566,สำนักงานสถิติแห่งชาติ,คน,42955
ชาย,7012,ชัยภูมิ,ผู้สูงอายุทั้งหมด,2566,สำนักงานสถิติแห่งชาติ,คน,88562
ชาย,7013, อำนาจเจริญ,ผู้สูงอายุทั้งหมด,2566,สำนักงานสถิติแห่งชาติ,คน,27225
ชาย,7014, บึงกาฬ,ผู้สูงอายุทั้งหมด,2566,สำนักงานสถิติแห่งชาติ,คน,34736
ชาย,7015, หนองบัวลำภู,ผู้สูงอายุทั้งหมด,2566,สำนักงานสถิติแห่งชาติ,คน,45298
ชาย,7016, ขอนแก่น,ผู้สูงอายุทั้งหมด,2566,สำนักงานสถิติแห่งชาติ,คน,165343
ชาย,7017, อุดรธานี,ผู้สูงอายุทั้งหมด,2566,สำนักงานสถิติแห่งชาติ,คน,121188
ชาย,7018,เลย,ผู้สูงอายุทั้งหมด,2566,สำนักงานสถิติแห่งชาติ,คน,51637
ชาย,7019, หนองคาย,ผู้สูงอายุทั้งหมด,2566,สำนักงานสถิติแห่งชาติ,คน,43648
ชาย,7020,มหาสารคาม,ผู้สูงอายุทั้งหมด,2566,สำนักงานสถิติแห่งชาติ,คน,73876
ชาย,7021, ร้อยเอ็ด,ผู้สูงอายุทั้งหมด,2566,สำนักงานสถิติแห่งชาติ,คน,100625
ชาย,7022, กาฬสินธุ์,ผู้สูงอายุทั้งหมด,2566,สำนักงานสถิติแห่งชาติ,คน,75420
ชาย,7023, สกลนคร,ผู้สูงอายุทั้งหมด,2566,สำนักงานสถิติแห่งชาติ,คน,87670
ชาย,7024, นครพนม,ผู้สูงอายุทั้งหมด,2566,สำนักงานสถิติแห่งชาติ,คน,52205
ชาย,7025, มุกดาหาร,ผู้สูงอายุทั้งหมด,2566,สำนักงานสถิติแห่งชาติ,คน,41813
ชาย,7026,ภาคใต้,ผู้สูงอายุทั้งหมด,2566,สำนักงานสถิติแห่งชาติ,คน,680690
ชาย,7027, นครศรีธรรมราช,ผู้สูงอายุทั้งหมด,2566,สำนักงานสถิติแห่งชาติ,คน,108641
ชาย,7028, กระบี่,ผู้สูงอายุทั้งหมด,2566,สำนักงานสถิติแห่งชาติ,คน,29607
ชาย,7029, พังงา,ผู้สูงอายุทั้งหมด,2566,สำนักงานสถิติแห่งชาติ,คน,16529
ชาย,7030,ภูเก็ต,ผู้สูงอายุทั้งหมด,2566,สำนักงานสถิติแห่งชาติ,คน,42446
ชาย,7031,สุราษฎร์ธานี,ผู้สูงอายุทั้งหมด,2566,สำนักงานสถิติแห่งชาติ,คน,77043
ชาย,7032, ระนอง,ผู้สูงอายุทั้งหมด,2566,สำนักงานสถิติแห่งชาติ,คน,18405
ชาย,7033, ชุมพร,ผู้สูงอายุทั้งหมด,2566,สำนักงานสถิติแห่งชาติ,คน,32940
ชาย,7034,สงขลา,ผู้สูงอายุทั้งหมด,2566,สำนักงานสถิติแห่งชาติ,คน,118806
ชาย,7035, สตูล,ผู้สูงอายุทั้งหมด,2566,สำนักงานสถิติแห่งชาติ,คน,21469
ชาย,7036, ตรัง,ผู้สูงอายุทั้งหมด,2566,สำนักงานสถิติแห่งชาติ,คน,44663
ชาย,7037, พัทลุง,ผู้สูงอายุทั้งหมด,2566,สำนักงานสถิติแห่งชาติ,คน,35431
ชาย,7038, ปัตตานี,ผู้สูงอายุทั้งหมด,2566,สำนักงานสถิติแห่งชาติ,คน,46558
ชาย,7039, ยะลา,ผู้สูงอายุทั้งหมด,2566,สำนักงานสถิติแห่งชาติ,คน,34781
ชาย,7040, นราธิวาส,ผู้สูงอายุทั้งหมด,2566,สำนักงานสถิติแห่งชาติ,คน,53371
หญิง,7041,จำนวน,ผู้สูงอายุทั้งหมด,2566,สำนักงานสถิติแห่งชาติ,คน,7893212
หญิง,7042, กรุงเทพมหานคร,ผู้สูงอายุทั้งหมด,2566,สำนักงานสถิติแห่งชาติ,คน,826469
หญิง,7043,ภาคกลาง,ผู้สูงอายุทั้งหมด,2566,สำนักงานสถิติแห่งชาติ,คน,2142092
หญิง,7044, สมุทรปราการ,ผู้สูงอายุทั้งหมด,2566,สำนักงานสถิติแห่งชาติ,คน,218227
หญิง,7045, นนทบุรี,ผู้สูงอายุทั้งหมด,2566,สำนักงานสถิติแห่งชาติ,คน,166835
หญิง,7046, ปทุมธานี,ผู้สูงอายุทั้งหมด,2566,สำนักงานสถิติแห่งชาติ,คน,162830
หญิง,7047, พระนครศรีอยุธยา,ผู้สูงอายุทั้งหมด,2566,สำนักงานสถิติแห่งชาติ,คน,112879
หญิง,7048, อ่างทอง,ผู้สูงอายุทั้งหมด,2566,สำนักงานสถิติแห่งชาติ,คน,30897
หญิง,7049, ลพบุรี,ผู้สูงอายุทั้งหมด,2566,สำนักงานสถิติแห่งชาติ,คน,96699
หญิง,7050, สิงห์บุรี,ผู้สูงอายุทั้งหมด,2566,สำนักงานสถิติแห่งชาติ,คน,23188
หญิง,7051, ชัยนาท,ผู้สูงอายุทั้งหมด,2566,สำนักงานสถิติแห่งชาติ,คน,36452
หญิง,7052,สระบุรี,ผู้สูงอายุทั้งหมด,2566,สำนักงานสถิติแห่งชาติ,คน,95134
หญิง,7053,ชลบุรี,ผู้สูงอายุทั้งหมด,2566,สำนักงานสถิติแห่งชาติ,คน,167293
หญิง,7054, ระยอง,ผู้สูงอายุทั้งหมด,2566,สำนักงานสถิติแห่งชาติ,คน,90492
หญิง,7055,จันทบุรี,ผู้สูงอายุทั้งหมด,2566,สำนักงานสถิติแห่งชาติ,คน,49671
หญิง,7056, ตราด,ผู้สูงอายุทั้งหมด,2566,สำนักงานสถิติแห่งชาติ,คน,24708
หญิง,7057,ฉะเชิงเทรา,ผู้สูงอายุทั้งหมด,2566,สำนักงานสถิติแห่งชาติ,คน,75409
หญิง,7058, ปราจีนบุรี,ผู้สูงอายุทั้งหมด,2566,สำนักงานสถิติแห่งชาติ,คน,59621
หญิง,7059, นครนายก,ผู้สูงอายุทั้งหมด,2566,สำนักงานสถิติแห่งชาติ,คน,23296
หญิง,7060,สระแก้ว,ผู้สูงอายุทั้งหมด,2566,สำนักงานสถิติแห่งชาติ,คน,59189
หญิง,7061, ราชบุรี,ผู้สูงอายุทั้งหมด,2566,สำนักงานสถิติแห่งชาติ,คน,101737
หญิง,7062, กาญจนบุรี,ผู้สูงอายุทั้งหมด,2566,สำนักงานสถิติแห่งชาติ,คน,107088
หญิง,7063, สุพรรณบุรี,ผู้สูงอายุทั้งหมด,2566,สำนักงานสถิติแห่งชาติ,คน,110003
หญิง,7064, นครปฐม,ผู้สูงอายุทั้งหมด,2566,สำนักงานสถิติแห่งชาติ,คน,106335
หญิง,7065, สมุทรสาคร,ผู้สูงอายุทั้งหมด,2566,สำนักงานสถิติแห่งชาติ,คน,79401
หญิง,7066, สมุทรสงคราม,ผู้สูงอายุทั้งหมด,2566,สำนักงานสถิติแห่งชาติ,คน,21603
หญิง,7067, เพชรบุรี,ผู้สูงอายุทั้งหมด,2566,สำนักงานสถิติแห่งชาติ,คน,63240
หญิง,7068, ประจวบคีรีขันธ์,ผู้สูงอายุทั้งหมด,2566,สำนักงานสถิติแห่งชาติ,คน,59865
หญิง,7069,ภาคเหนือ,ผู้สูงอายุทั้งหมด,2566,สำนักงานสถิติแห่งชาติ,คน,1634452
หญิง,7070, เชียงใหม่,ผู้สูงอายุทั้งหมด,2566,สำนักงานสถิติแห่งชาติ,คน,252249
หญิง,7071, ลำพูน,ผู้สูงอายุทั้งหมด,2566,สำนักงานสถิติแห่งชาติ,คน,54889
หญิง,7072, ลำปาง,ผู้สูงอายุทั้งหมด,2566,สำนักงานสถิติแห่งชาติ,คน,102012
หญิง,7073, อุตรดิตถ์,ผู้สูงอายุทั้งหมด,2566,สำนักงานสถิติแห่งชาติ,คน,59168
หญิง,7074, แพร่,ผู้สูงอายุทั้งหมด,2566,สำนักงานสถิติแห่งชาติ,คน,53796
หญิง,7075, น่าน,ผู้สูงอายุทั้งหมด,2566,สำนักงานสถิติแห่งชาติ,คน,64780
หญิง,7076, พะเยา,ผู้สูงอายุทั้งหมด,2566,สำนักงานสถิติแห่งชาติ,คน,52954
หญิง,7077, เชียงราย,ผู้สูงอายุทั้งหมด,2566,สำนักงานสถิติแห่งชาติ,คน,165410
หญิง,7078, แม่ฮ่องสอน,ผู้สูงอายุทั้งหมด,2566,สำนักงานสถิติแห่งชาติ,คน,35621
หญิง,7079, นครสวรรค์,ผู้สูงอายุทั้งหมด,2566,สำนักงานสถิติแห่งชาติ,คน,132705
หญิง,7080, อุทัยธานี,ผู้สูงอายุทั้งหมด,2566,สำนักงานสถิติแห่งชาติ,คน,40022
หญิง,7081, กำแพงเพชร,ผู้สูงอายุทั้งหมด,2566,สำนักงานสถิติแห่งชาติ,คน,115565
หญิง,7082, ตาก,ผู้สูงอายุทั้งหมด,2566,สำนักงานสถิติแห่งชาติ,คน,76823
หญิง,7083, สุโขทัย,ผู้สูงอายุทั้งหมด,2566,สำนักงานสถิติแห่งชาติ,คน,89908
หญิง,7084, พิษณุโลก,ผู้สูงอายุทั้งหมด,2566,สำนักงานสถิติแห่งชาติ,คน,132491
หญิง,7085, พิจิตร,ผู้สูงอายุทั้งหมด,2566,สำนักงานสถิติแห่งชาติ,คน,73812
หญิง,7086, เพชรบูรณ์,ผู้สูงอายุทั้งหมด,2566,สำนักงานสถิติแห่งชาติ,คน,132247
หญิง,7087,ภาคตะวันออกเฉียงเหนือ,ผู้สูงอายุทั้งหมด,2566,สำนักงานสถิติแห่งชาติ,คน,2361496
หญิง,7088,นครราชสีมา,ผู้สูงอายุทั้งหมด,2566,สำนักงานสถิติแห่งชาติ,คน,321141
หญิง,7089, บุรีรัมย์,ผู้สูงอายุทั้งหมด,2566,สำนักงานสถิติแห่งชาติ,คน,153734
หญิง,7090, สุรินทร์,ผู้สูงอายุทั้งหมด,2566,สำนักงานสถิติแห่งชาติ,คน,133894
หญิง,7091, ศรีสะเกษ,ผู้สูงอายุทั้งหมด,2566,สำนักงานสถิติแห่งชาติ,คน,119675
หญิง,7092, อุบลราชธานี,ผู้สูงอายุทั้งหมด,2566,สำนักงานสถิติแห่งชาติ,คน,224304
หญิง,7093,ยโสธร,ผู้สูงอายุทั้งหมด,2566,สำนักงานสถิติแห่งชาติ,คน,57668
หญิง,7094,ชัยภูมิ,ผู้สูงอายุทั้งหมด,2566,สำนักงานสถิติแห่งชาติ,คน,118885
หญิง,7095, อำนาจเจริญ,ผู้สูงอายุทั้งหมด,2566,สำนักงานสถิติแห่งชาติ,คน,36417
หญิง,7096, บึงกาฬ,ผู้สูงอายุทั้งหมด,2566,สำนักงานสถิติแห่งชาติ,คน,45740
หญิง,7097, หนองบัวลำภู,ผู้สูงอายุทั้งหมด,2566,สำนักงานสถิติแห่งชาติ,คน,61001
หญิง,7098, ขอนแก่น,ผู้สูงอายุทั้งหมด,2566,สำนักงานสถิติแห่งชาติ,คน,220785
หญิง,7099, อุดรธานี,ผู้สูงอายุทั้งหมด,2566,สำนักงานสถิติแห่งชาติ,คน,161093
หญิง,7100,เลย,ผู้สูงอายุทั้งหมด,2566,สำนักงานสถิติแห่งชาติ,คน,69120
หญิง,7101, หนองคาย,ผู้สูงอายุทั้งหมด,2566,สำนักงานสถิติแห่งชาติ,คน,58837
หญิง,7102,มหาสารคาม,ผู้สูงอายุทั้งหมด,2566,สำนักงานสถิติแห่งชาติ,คน,99156
หญิง,7103, ร้อยเอ็ด,ผู้สูงอายุทั้งหมด,2566,สำนักงานสถิติแห่งชาติ,คน,134942
หญิง,7104, กาฬสินธุ์,ผู้สูงอายุทั้งหมด,2566,สำนักงานสถิติแห่งชาติ,คน,101266
หญิง,7105, สกลนคร,ผู้สูงอายุทั้งหมด,2566,สำนักงานสถิติแห่งชาติ,คน,117711
หญิง,7106, นครพนม,ผู้สูงอายุทั้งหมด,2566,สำนักงานสถิติแห่งชาติ,คน,70012
หญิง,7107, มุกดาหาร,ผู้สูงอายุทั้งหมด,2566,สำนักงานสถิติแห่งชาติ,คน,56115
หญิง,7108,ภาคใต้,ผู้สูงอายุทั้งหมด,2566,สำนักงานสถิติแห่งชาติ,คน,928703
หญิง,7109, นครศรีธรรมราช,ผู้สูงอายุทั้งหมด,2566,สำนักงานสถิติแห่งชาติ,คน,148603
หญิง,7110, กระบี่,ผู้สูงอายุทั้งหมด,2566,สำนักงานสถิติแห่งชาติ,คน,40935
หญิง,7111, พังงา,ผู้สูงอายุทั้งหมด,2566,สำนักงานสถิติแห่งชาติ,คน,22550
หญิง,7112,ภูเก็ต,ผู้สูงอายุทั้งหมด,2566,สำนักงานสถิติแห่งชาติ,คน,55153
หญิง,7113,สุราษฎร์ธานี,ผู้สูงอายุทั้งหมด,2566,สำนักงานสถิติแห่งชาติ,คน,105385
หญิง,7114, ระนอง,ผู้สูงอายุทั้งหมด,2566,สำนักงานสถิติแห่งชาติ,คน,25162
หญิง,7115, ชุมพร,ผู้สูงอายุทั้งหมด,2566,สำนักงานสถิติแห่งชาติ,คน,45041
หญิง,7116,สงขลา,ผู้สูงอายุทั้งหมด,2566,สำนักงานสถิติแห่งชาติ,คน,162295
หญิง,7117, สตูล,ผู้สูงอายุทั้งหมด,2566,สำนักงานสถิติแห่งชาติ,คน,29413
หญิง,7118, ตรัง,ผู้สูงอายุทั้งหมด,2566,สำนักงานสถิติแห่งชาติ,คน,61139
หญิง,7119, พัทลุง,ผู้สูงอายุทั้งหมด,2566,สำนักงานสถิติแห่งชาติ,คน,48502
หญิง,7120, ปัตตานี,ผู้สูงอายุทั้งหมด,2566,สำนักงานสถิติแห่งชาติ,คน,63789
หญิง,7121, ยะลา,ผู้สูงอายุทั้งหมด,2566,สำนักงานสถิติแห่งชาติ,คน,47629
หญิง,7122, นราธิวาส,ผู้สูงอายุทั้งหมด,2566,สำนักงานสถิติแห่งชาติ,คน,73107
รวม,7123,จำนวน,ผู้สูงอายุที่ทำงาน,2566,สำนักงานสถิติแห่งชาติ,คน,5109470
รวม,7124, กรุงเทพมหานคร,ผู้สูงอายุที่ทำงาน,2566,สำนักงานสถิติแห่งชาติ,คน,350638
รวม,7125,ภาคกลาง,ผู้สูงอายุที่ทำงาน,2566,สำนักงานสถิติแห่งชาติ,คน,1208565
รวม,7126, สมุทรปราการ,ผู้สูงอายุที่ทำงาน,2566,สำนักงานสถิติแห่งชาติ,คน,86960
รวม,7127, นนทบุรี,ผู้สูงอายุที่ทำงาน,2566,สำนักงานสถิติแห่งชาติ,คน,47997
รวม,7128, ปทุมธานี,ผู้สูงอายุที่ทำงาน,2566,สำนักงานสถิติแห่งชาติ,คน,52120
รวม,7129, พระนครศรีอยุธยา,ผู้สูงอายุที่ทำงาน,2566,สำนักงานสถิติแห่งชาติ,คน,55301
รวม,7130, อ่างทอง,ผู้สูงอายุที่ทำงาน,2566,สำนักงานสถิติแห่งชาติ,คน,16782
รวม,7131, ลพบุรี,ผู้สูงอายุที่ทำงาน,2566,สำนักงานสถิติแห่งชาติ,คน,62175
รวม,7132, สิงห์บุรี,ผู้สูงอายุที่ทำงาน,2566,สำนักงานสถิติแห่งชาติ,คน,13736
รวม,7133, ชัยนาท,ผู้สูงอายุที่ทำงาน,2566,สำนักงานสถิติแห่งชาติ,คน,24931
รวม,7134,สระบุรี,ผู้สูงอายุที่ทำงาน,2566,สำนักงานสถิติแห่งชาติ,คน,51924
รวม,7135,ชลบุรี,ผู้สูงอายุที่ทำงาน,2566,สำนักงานสถิติแห่งชาติ,คน,104571
รวม,7136, ระยอง,ผู้สูงอายุที่ทำงาน,2566,สำนักงานสถิติแห่งชาติ,คน,64271
รวม,7137,จันทบุรี,ผู้สูงอายุที่ทำงาน,2566,สำนักงานสถิติแห่งชาติ,คน,41157
รวม,7138, ตราด,ผู้สูงอายุที่ทำงาน,2566,สำนักงานสถิติแห่งชาติ,คน,17599
รวม,7139,ฉะเชิงเทรา,ผู้สูงอายุที่ทำงาน,2566,สำนักงานสถิติแห่งชาติ,คน,40051
รวม,7140, ปราจีนบุรี,ผู้สูงอายุที่ทำงาน,2566,สำนักงานสถิติแห่งชาติ,คน,36050
รวม,7141, นครนายก,ผู้สูงอายุที่ทำงาน,2566,สำนักงานสถิติแห่งชาติ,คน,11660
รวม,7142,สระแก้ว,ผู้สูงอายุที่ทำงาน,2566,สำนักงานสถิติแห่งชาติ,คน,34929
รวม,7143, ราชบุรี,ผู้สูงอายุที่ทำงาน,2566,สำนักงานสถิติแห่งชาติ,คน,77624
รวม,7144, กาญจนบุรี,ผู้สูงอายุที่ทำงาน,2566,สำนักงานสถิติแห่งชาติ,คน,72923
รวม,7145, สุพรรณบุรี,ผู้สูงอายุที่ทำงาน,2566,สำนักงานสถิติแห่งชาติ,คน,70946
รวม,7146, นครปฐม,ผู้สูงอายุที่ทำงาน,2566,สำนักงานสถิติแห่งชาติ,คน,81215
รวม,7147, สมุทรสาคร,ผู้สูงอายุที่ทำงาน,2566,สำนักงานสถิติแห่งชาติ,คน,42241
รวม,7148, สมุทรสงคราม,ผู้สูงอายุที่ทำงาน,2566,สำนักงานสถิติแห่งชาติ,คน,13505
รวม,7149, เพชรบุรี,ผู้สูงอายุที่ทำงาน,2566,สำนักงานสถิติแห่งชาติ,คน,43412
รวม,7150, ประจวบคีรีขันธ์,ผู้สูงอายุที่ทำงาน,2566,สำนักงานสถิติแห่งชาติ,คน,44483
รวม,7151,ภาคเหนือ,ผู้สูงอายุที่ทำงาน,2566,สำนักงานสถิติแห่งชาติ,คน,1174695
รวม,7152, เชียงใหม่,ผู้สูงอายุที่ทำงาน,2566,สำนักงานสถิติแห่งชาติ,คน,193142
รวม,7153, ลำพูน,ผู้สูงอายุที่ทำงาน,2566,สำนักงานสถิติแห่งชาติ,คน,47043
รวม,7154, ลำปาง,ผู้สูงอายุที่ทำงาน,2566,สำนักงานสถิติแห่งชาติ,คน,56734
รวม,7155, อุตรดิตถ์,ผู้สูงอายุที่ทำงาน,2566,สำนักงานสถิติแห่งชาติ,คน,39738
รวม,7156, แพร่,ผู้สูงอายุที่ทำงาน,2566,สำนักงานสถิติแห่งชาติ,คน,37527
รวม,7157, น่าน,ผู้สูงอายุที่ทำงาน,2566,สำนักงานสถิติแห่งชาติ,คน,47732
รวม,7158, พะเยา,ผู้สูงอายุที่ทำงาน,2566,สำนักงานสถิติแห่งชาติ,คน,33379
รวม,7159, เชียงราย,ผู้สูงอายุที่ทำงาน,2566,สำนักงานสถิติแห่งชาติ,คน,110707
รวม,7160, แม่ฮ่องสอน,ผู้สูงอายุที่ทำงาน,2566,สำนักงานสถิติแห่งชาติ,คน,26089
รวม,7161, นครสวรรค์,ผู้สูงอายุที่ทำงาน,2566,สำนักงานสถิติแห่งชาติ,คน,96370
รวม,7162, อุทัยธานี,ผู้สูงอายุที่ทำงาน,2566,สำนักงานสถิติแห่งชาติ,คน,28715
รวม,7163, กำแพงเพชร,ผู้สูงอายุที่ทำงาน,2566,สำนักงานสถิติแห่งชาติ,คน,91236
รวม,7164, ตาก,ผู้สูงอายุที่ทำงาน,2566,สำนักงานสถิติแห่งชาติ,คน,41819
รวม,7165, สุโขทัย,ผู้สูงอายุที่ทำงาน,2566,สำนักงานสถิติแห่งชาติ,คน,80868
รวม,7166, พิษณุโลก,ผู้สูงอายุที่ทำงาน,2566,สำนักงานสถิติแห่งชาติ,คน,99612
รวม,7167, พิจิตร,ผู้สูงอายุที่ทำงาน,2566,สำนักงานสถิติแห่งชาติ,คน,59055
รวม,7168, เพชรบูรณ์,ผู้สูงอายุที่ทำงาน,2566,สำนักงานสถิติแห่งชาติ,คน,84927
รวม,7169,ภาคตะวันออกเฉียงเหนือ,ผู้สูงอายุที่ทำงาน,2566,สำนักงานสถิติแห่งชาติ,คน,1745411
รวม,7170,นครราชสีมา,ผู้สูงอายุที่ทำงาน,2566,สำนักงานสถิติแห่งชาติ,คน,202791
รวม,7171, บุรีรัมย์,ผู้สูงอายุที่ทำงาน,2566,สำนักงานสถิติแห่งชาติ,คน,130847
รวม,7172, สุรินทร์,ผู้สูงอายุที่ทำงาน,2566,สำนักงานสถิติแห่งชาติ,คน,101298
รวม,7173, ศรีสะเกษ,ผู้สูงอายุที่ทำงาน,2566,สำนักงานสถิติแห่งชาติ,คน,127136
รวม,7174, อุบลราชธานี,ผู้สูงอายุที่ทำงาน,2566,สำนักงานสถิติแห่งชาติ,คน,142809
รวม,7175,ยโสธร,ผู้สูงอายุที่ทำงาน,2566,สำนักงานสถิติแห่งชาติ,คน,54760
รวม,7176,ชัยภูมิ,ผู้สูงอายุที่ทำงาน,2566,สำนักงานสถิติแห่งชาติ,คน,94940
รวม,7177, อำนาจเจริญ,ผู้สูงอายุที่ทำงาน,2566,สำนักงานสถิติแห่งชาติ,คน,30244
รวม,7178, บึงกาฬ,ผู้สูงอายุที่ทำงาน,2566,สำนักงานสถิติแห่งชาติ,คน,21021
รวม,7179, หนองบัวลำภู,ผู้สูงอายุที่ทำงาน,2566,สำนักงานสถิติแห่งชาติ,คน,50995
รวม,7180, ขอนแก่น,ผู้สูงอายุที่ทำงาน,2566,สำนักงานสถิติแห่งชาติ,คน,168505
รวม,7181, อุดรธานี,ผู้สูงอายุที่ทำงาน,2566,สำนักงานสถิติแห่งชาติ,คน,105482
รวม,7182,เลย,ผู้สูงอายุที่ทำงาน,2566,สำนักงานสถิติแห่งชาติ,คน,42292
รวม,7183, หนองคาย,ผู้สูงอายุที่ทำงาน,2566,สำนักงานสถิติแห่งชาติ,คน,37232
รวม,7184,มหาสารคาม,ผู้สูงอายุที่ทำงาน,2566,สำนักงานสถิติแห่งชาติ,คน,88474
รวม,7185, ร้อยเอ็ด,ผู้สูงอายุที่ทำงาน,2566,สำนักงานสถิติแห่งชาติ,คน,123961
รวม,7186, กาฬสินธุ์,ผู้สูงอายุที่ทำงาน,2566,สำนักงานสถิติแห่งชาติ,คน,70443
รวม,7187, สกลนคร,ผู้สูงอายุที่ทำงาน,2566,สำนักงานสถิติแห่งชาติ,คน,67394
รวม,7188, นครพนม,ผู้สูงอายุที่ทำงาน,2566,สำนักงานสถิติแห่งชาติ,คน,49060
รวม,7189, มุกดาหาร,ผู้สูงอายุที่ทำงาน,2566,สำนักงานสถิติแห่งชาติ,คน,35727
รวม,7190,ภาคใต้,ผู้สูงอายุที่ทำงาน,2566,สำนักงานสถิติแห่งชาติ,คน,630162
รวม,7191, นครศรีธรรมราช,ผู้สูงอายุที่ทำงาน,2566,สำนักงานสถิติแห่งชาติ,คน,107755
รวม,7192, กระบี่,ผู้สูงอายุที่ทำงาน,2566,สำนักงานสถิติแห่งชาติ,คน,33223
รวม,7193, พังงา,ผู้สูงอายุที่ทำงาน,2566,สำนักงานสถิติแห่งชาติ,คน,14880
รวม,7194,ภูเก็ต,ผู้สูงอายุที่ทำงาน,2566,สำนักงานสถิติแห่งชาติ,คน,32823
รวม,7195,สุราษฎร์ธานี,ผู้สูงอายุที่ทำงาน,2566,สำนักงานสถิติแห่งชาติ,คน,66097
รวม,7196, ระนอง,ผู้สูงอายุที่ทำงาน,2566,สำนักงานสถิติแห่งชาติ,คน,13097
รวม,7197, ชุมพร,ผู้สูงอายุที่ทำงาน,2566,สำนักงานสถิติแห่งชาติ,คน,36973
รวม,7198,สงขลา,ผู้สูงอายุที่ทำงาน,2566,สำนักงานสถิติแห่งชาติ,คน,88650
รวม,7199, สตูล,ผู้สูงอายุที่ทำงาน,2566,สำนักงานสถิติแห่งชาติ,คน,19775
รวม,7200, ตรัง,ผู้สูงอายุที่ทำงาน,2566,สำนักงานสถิติแห่งชาติ,คน,53831
รวม,7201, พัทลุง,ผู้สูงอายุที่ทำงาน,2566,สำนักงานสถิติแห่งชาติ,คน,39375
รวม,7202, ปัตตานี,ผู้สูงอายุที่ทำงาน,2566,สำนักงานสถิติแห่งชาติ,คน,43154
รวม,7203, ยะลา,ผู้สูงอายุที่ทำงาน,2566,สำนักงานสถิติแห่งชาติ,คน,36331
รวม,7204, นราธิวาส,ผู้สูงอายุที่ทำงาน,2566,สำนักงานสถิติแห่งชาติ,คน,44198
ชาย,7205,จำนวน,ผู้สูงอายุที่ทำงาน,2566,สำนักงานสถิติแห่งชาติ,คน,2765817
ชาย,7206, กรุงเทพมหานคร,ผู้สูงอายุที่ทำงาน,2566,สำนักงานสถิติแห่งชาติ,คน,180868
ชาย,7207,ภาคกลาง,ผู้สูงอายุที่ทำงาน,2566,สำนักงานสถิติแห่งชาติ,คน,630502
ชาย,7208, สมุทรปราการ,ผู้สูงอายุที่ทำงาน,2566,สำนักงานสถิติแห่งชาติ,คน,41762
ชาย,7209, นนทบุรี,ผู้สูงอายุที่ทำงาน,2566,สำนักงานสถิติแห่งชาติ,คน,25752
ชาย,7210, ปทุมธานี,ผู้สูงอายุที่ทำงาน,2566,สำนักงานสถิติแห่งชาติ,คน,26334
ชาย,7211, พระนครศรีอยุธยา,ผู้สูงอายุที่ทำงาน,2566,สำนักงานสถิติแห่งชาติ,คน,30457
ชาย,7212, อ่างทอง,ผู้สูงอายุที่ทำงาน,2566,สำนักงานสถิติแห่งชาติ,คน,8062
ชาย,7213, ลพบุรี,ผู้สูงอายุที่ทำงาน,2566,สำนักงานสถิติแห่งชาติ,คน,30490
ชาย,7214, สิงห์บุรี,ผู้สูงอายุที่ทำงาน,2566,สำนักงานสถิติแห่งชาติ,คน,6775
ชาย,7215, ชัยนาท,ผู้สูงอายุที่ทำงาน,2566,สำนักงานสถิติแห่งชาติ,คน,11537
ชาย,7216,สระบุรี,ผู้สูงอายุที่ทำงาน,2566,สำนักงานสถิติแห่งชาติ,คน,25347
ชาย,7217,ชลบุรี,ผู้สูงอายุที่ทำงาน,2566,สำนักงานสถิติแห่งชาติ,คน,62203
ชาย,7218, ระยอง,ผู้สูงอายุที่ทำงาน,2566,สำนักงานสถิติแห่งชาติ,คน,34397
ชาย,7219,จันทบุรี,ผู้สูงอายุที่ทำงาน,2566,สำนักงานสถิติแห่งชาติ,คน,20650
ชาย,7220, ตราด,ผู้สูงอายุที่ทำงาน,2566,สำนักงานสถิติแห่งชาติ,คน,10305
ชาย,7221,ฉะเชิงเทรา,ผู้สูงอายุที่ทำงาน,2566,สำนักงานสถิติแห่งชาติ,คน,24518
ชาย,7222, ปราจีนบุรี,ผู้สูงอายุที่ทำงาน,2566,สำนักงานสถิติแห่งชาติ,คน,17720
ชาย,7223, นครนายก,ผู้สูงอายุที่ทำงาน,2566,สำนักงานสถิติแห่งชาติ,คน,6283
ชาย,7224,สระแก้ว,ผู้สูงอายุที่ทำงาน,2566,สำนักงานสถิติแห่งชาติ,คน,19531
ชาย,7225, ราชบุรี,ผู้สูงอายุที่ทำงาน,2566,สำนักงานสถิติแห่งชาติ,คน,39368
ชาย,7226, กาญจนบุรี,ผู้สูงอายุที่ทำงาน,2566,สำนักงานสถิติแห่งชาติ,คน,38791
ชาย,7227, สุพรรณบุรี,ผู้สูงอายุที่ทำงาน,2566,สำนักงานสถิติแห่งชาติ,คน,40641
ชาย,7228, นครปฐม,ผู้สูงอายุที่ทำงาน,2566,สำนักงานสถิติแห่งชาติ,คน,37235
ชาย,7229, สมุทรสาคร,ผู้สูงอายุที่ทำงาน,2566,สำนักงานสถิติแห่งชาติ,คน,23675
ชาย,7230, สมุทรสงคราม,ผู้สูงอายุที่ทำงาน,2566,สำนักงานสถิติแห่งชาติ,คน,6770
ชาย,7231, เพชรบุรี,ผู้สูงอายุที่ทำงาน,2566,สำนักงานสถิติแห่งชาติ,คน,21262
ชาย,7232, ประจวบคีรีขันธ์,ผู้สูงอายุที่ทำงาน,2566,สำนักงานสถิติแห่งชาติ,คน,20637
ชาย,7233,ภาคเหนือ,ผู้สูงอายุที่ทำงาน,2566,สำนักงานสถิติแห่งชาติ,คน,636973
ชาย,7234, เชียงใหม่,ผู้สูงอายุที่ทำงาน,2566,สำนักงานสถิติแห่งชาติ,คน,100882
ชาย,7235, ลำพูน,ผู้สูงอายุที่ทำงาน,2566,สำนักงานสถิติแห่งชาติ,คน,23357
ชาย,7236, ลำปาง,ผู้สูงอายุที่ทำงาน,2566,สำนักงานสถิติแห่งชาติ,คน,31639
ชาย,7237, อุตรดิตถ์,ผู้สูงอายุที่ทำงาน,2566,สำนักงานสถิติแห่งชาติ,คน,22702
ชาย,7238, แพร่,ผู้สูงอายุที่ทำงาน,2566,สำนักงานสถิติแห่งชาติ,คน,21507
ชาย,7239, น่าน,ผู้สูงอายุที่ทำงาน,2566,สำนักงานสถิติแห่งชาติ,คน,28417
ชาย,7240, พะเยา,ผู้สูงอายุที่ทำงาน,2566,สำนักงานสถิติแห่งชาติ,คน,19757
ชาย,7241, เชียงราย,ผู้สูงอายุที่ทำงาน,2566,สำนักงานสถิติแห่งชาติ,คน,66587
ชาย,7242, แม่ฮ่องสอน,ผู้สูงอายุที่ทำงาน,2566,สำนักงานสถิติแห่งชาติ,คน,12156
ชาย,7243, นครสวรรค์,ผู้สูงอายุที่ทำงาน,2566,สำนักงานสถิติแห่งชาติ,คน,48495
ชาย,7244, อุทัยธานี,ผู้สูงอายุที่ทำงาน,2566,สำนักงานสถิติแห่งชาติ,คน,15620
ชาย,7245, กำแพงเพชร,ผู้สูงอายุที่ทำงาน,2566,สำนักงานสถิติแห่งชาติ,คน,45783
ชาย,7246, ตาก,ผู้สูงอายุที่ทำงาน,2566,สำนักงานสถิติแห่งชาติ,คน,24190
ชาย,7247, สุโขทัย,ผู้สูงอายุที่ทำงาน,2566,สำนักงานสถิติแห่งชาติ,คน,40786
ชาย,7248, พิษณุโลก,ผู้สูงอายุที่ทำงาน,2566,สำนักงานสถิติแห่งชาติ,คน,54505
ชาย,7249, พิจิตร,ผู้สูงอายุที่ทำงาน,2566,สำนักงานสถิติแห่งชาติ,คน,32942
ชาย,7250, เพชรบูรณ์,ผู้สูงอายุที่ทำงาน,2566,สำนักงานสถิติแห่งชาติ,คน,47649
ชาย,7251,ภาคตะวันออกเฉียงเหนือ,ผู้สูงอายุที่ทำงาน,2566,สำนักงานสถิติแห่งชาติ,คน,971383
ชาย,7252,นครราชสีมา,ผู้สูงอายุที่ทำงาน,2566,สำนักงานสถิติแห่งชาติ,คน,108260
ชาย,7253, บุรีรัมย์,ผู้สูงอายุที่ทำงาน,2566,สำนักงานสถิติแห่งชาติ,คน,73705
ชาย,7254, สุรินทร์,ผู้สูงอายุที่ทำงาน,2566,สำนักงานสถิติแห่งชาติ,คน,59828
ชาย,7255, ศรีสะเกษ,ผู้สูงอายุที่ทำงาน,2566,สำนักงานสถิติแห่งชาติ,คน,65552
ชาย,7256, อุบลราชธานี,ผู้สูงอายุที่ทำงาน,2566,สำนักงานสถิติแห่งชาติ,คน,83659
ชาย,7257,ยโสธร,ผู้สูงอายุที่ทำงาน,2566,สำนักงานสถิติแห่งชาติ,คน,26749
ชาย,7258,ชัยภูมิ,ผู้สูงอายุที่ทำงาน,2566,สำนักงานสถิติแห่งชาติ,คน,50597
ชาย,7259, อำนาจเจริญ,ผู้สูงอายุที่ทำงาน,2566,สำนักงานสถิติแห่งชาติ,คน,16256
ชาย,7260, บึงกาฬ,ผู้สูงอายุที่ทำงาน,2566,สำนักงานสถิติแห่งชาติ,คน,12796
ชาย,7261, หนองบัวลำภู,ผู้สูงอายุที่ทำงาน,2566,สำนักงานสถิติแห่งชาติ,คน,27806
ชาย,7262, ขอนแก่น,ผู้สูงอายุที่ทำงาน,2566,สำนักงานสถิติแห่งชาติ,คน,96201
ชาย,7263, อุดรธานี,ผู้สูงอายุที่ทำงาน,2566,สำนักงานสถิติแห่งชาติ,คน,60697
ชาย,7264,เลย,ผู้สูงอายุที่ทำงาน,2566,สำนักงานสถิติแห่งชาติ,คน,22603
ชาย,7265, หนองคาย,ผู้สูงอายุที่ทำงาน,2566,สำนักงานสถิติแห่งชาติ,คน,20935
ชาย,7266,มหาสารคาม,ผู้สูงอายุที่ทำงาน,2566,สำนักงานสถิติแห่งชาติ,คน,45874
ชาย,7267, ร้อยเอ็ด,ผู้สูงอายุที่ทำงาน,2566,สำนักงานสถิติแห่งชาติ,คน,66447
ชาย,7268, กาฬสินธุ์,ผู้สูงอายุที่ทำงาน,2566,สำนักงานสถิติแห่งชาติ,คน,42589
ชาย,7269, สกลนคร,ผู้สูงอายุที่ทำงาน,2566,สำนักงานสถิติแห่งชาติ,คน,42868
ชาย,7270, นครพนม,ผู้สูงอายุที่ทำงาน,2566,สำนักงานสถิติแห่งชาติ,คน,28219
ชาย,7271, มุกดาหาร,ผู้สูงอายุที่ทำงาน,2566,สำนักงานสถิติแห่งชาติ,คน,19743
ชาย,7272,ภาคใต้,ผู้สูงอายุที่ทำงาน,2566,สำนักงานสถิติแห่งชาติ,คน,346090
ชาย,7273, นครศรีธรรมราช,ผู้สูงอายุที่ทำงาน,2566,สำนักงานสถิติแห่งชาติ,คน,57406
ชาย,7274, กระบี่,ผู้สูงอายุที่ทำงาน,2566,สำนักงานสถิติแห่งชาติ,คน,18689
ชาย,7275, พังงา,ผู้สูงอายุที่ทำงาน,2566,สำนักงานสถิติแห่งชาติ,คน,8508
ชาย,7276,ภูเก็ต,ผู้สูงอายุที่ทำงาน,2566,สำนักงานสถิติแห่งชาติ,คน,16366
ชาย,7277,สุราษฎร์ธานี,ผู้สูงอายุที่ทำงาน,2566,สำนักงานสถิติแห่งชาติ,คน,41003
ชาย,7278, ระนอง,ผู้สูงอายุที่ทำงาน,2566,สำนักงานสถิติแห่งชาติ,คน,7365
ชาย,7279, ชุมพร,ผู้สูงอายุที่ทำงาน,2566,สำนักงานสถิติแห่งชาติ,คน,21097
ชาย,7280,สงขลา,ผู้สูงอายุที่ทำงาน,2566,สำนักงานสถิติแห่งชาติ,คน,47876
ชาย,7281, สตูล,ผู้สูงอายุที่ทำงาน,2566,สำนักงานสถิติแห่งชาติ,คน,11394
ชาย,7282, ตรัง,ผู้สูงอายุที่ทำงาน,2566,สำนักงานสถิติแห่งชาติ,คน,27503
ชาย,7283, พัทลุง,ผู้สูงอายุที่ทำงาน,2566,สำนักงานสถิติแห่งชาติ,คน,20585
ชาย,7284, ปัตตานี,ผู้สูงอายุที่ทำงาน,2566,สำนักงานสถิติแห่งชาติ,คน,23266
ชาย,7285, ยะลา,ผู้สูงอายุที่ทำงาน,2566,สำนักงานสถิติแห่งชาติ,คน,21438
ชาย,7286, นราธิวาส,ผู้สูงอายุที่ทำงาน,2566,สำนักงานสถิติแห่งชาติ,คน,23594
หญิง,7287,จำนวน,ผู้สูงอายุที่ทำงาน,2566,สำนักงานสถิติแห่งชาติ,คน,2343654
หญิง,7288, กรุงเทพมหานคร,ผู้สูงอายุที่ทำงาน,2566,สำนักงานสถิติแห่งชาติ,คน,169770
หญิง,7289,ภาคกลาง,ผู้สูงอายุที่ทำงาน,2566,สำนักงานสถิติแห่งชาติ,คน,578063
หญิง,7290, สมุทรปราการ,ผู้สูงอายุที่ทำงาน,2566,สำนักงานสถิติแห่งชาติ,คน,45198
หญิง,7291, นนทบุรี,ผู้สูงอายุที่ทำงาน,2566,สำนักงานสถิติแห่งชาติ,คน,22245
หญิง,7292, ปทุมธานี,ผู้สูงอายุที่ทำงาน,2566,สำนักงานสถิติแห่งชาติ,คน,25786
หญิง,7293, พระนครศรีอยุธยา,ผู้สูงอายุที่ทำงาน,2566,สำนักงานสถิติแห่งชาติ,คน,24844
หญิง,7294, อ่างทอง,ผู้สูงอายุที่ทำงาน,2566,สำนักงานสถิติแห่งชาติ,คน,8721
หญิง,7295, ลพบุรี,ผู้สูงอายุที่ทำงาน,2566,สำนักงานสถิติแห่งชาติ,คน,31685
หญิง,7296, สิงห์บุรี,ผู้สูงอายุที่ทำงาน,2566,สำนักงานสถิติแห่งชาติ,คน,6961
หญิง,7297, ชัยนาท,ผู้สูงอายุที่ทำงาน,2566,สำนักงานสถิติแห่งชาติ,คน,13394
หญิง,7298,สระบุรี,ผู้สูงอายุที่ทำงาน,2566,สำนักงานสถิติแห่งชาติ,คน,26577
หญิง,7299,ชลบุรี,ผู้สูงอายุที่ทำงาน,2566,สำนักงานสถิติแห่งชาติ,คน,42369
หญิง,7300, ระยอง,ผู้สูงอายุที่ทำงาน,2566,สำนักงานสถิติแห่งชาติ,คน,29874
หญิง,7301,จันทบุรี,ผู้สูงอายุที่ทำงาน,2566,สำนักงานสถิติแห่งชาติ,คน,20507
หญิง,7302, ตราด,ผู้สูงอายุที่ทำงาน,2566,สำนักงานสถิติแห่งชาติ,คน,7294
หญิง,7303,ฉะเชิงเทรา,ผู้สูงอายุที่ทำงาน,2566,สำนักงานสถิติแห่งชาติ,คน,15533
หญิง,7304, ปราจีนบุรี,ผู้สูงอายุที่ทำงาน,2566,สำนักงานสถิติแห่งชาติ,คน,18330
หญิง,7305, นครนายก,ผู้สูงอายุที่ทำงาน,2566,สำนักงานสถิติแห่งชาติ,คน,5378
หญิง,7306,สระแก้ว,ผู้สูงอายุที่ทำงาน,2566,สำนักงานสถิติแห่งชาติ,คน,15398
หญิง,7307, ราชบุรี,ผู้สูงอายุที่ทำงาน,2566,สำนักงานสถิติแห่งชาติ,คน,38256
หญิง,7308, กาญจนบุรี,ผู้สูงอายุที่ทำงาน,2566,สำนักงานสถิติแห่งชาติ,คน,34132
หญิง,7309, สุพรรณบุรี,ผู้สูงอายุที่ทำงาน,2566,สำนักงานสถิติแห่งชาติ,คน,30305
หญิง,7310, นครปฐม,ผู้สูงอายุที่ทำงาน,2566,สำนักงานสถิติแห่งชาติ,คน,43980
หญิง,7311, สมุทรสาคร,ผู้สูงอายุที่ทำงาน,2566,สำนักงานสถิติแห่งชาติ,คน,18566
หญิง,7312, สมุทรสงคราม,ผู้สูงอายุที่ทำงาน,2566,สำนักงานสถิติแห่งชาติ,คน,6735
หญิง,7313, เพชรบุรี,ผู้สูงอายุที่ทำงาน,2566,สำนักงานสถิติแห่งชาติ,คน,22150
หญิง,7314, ประจวบคีรีขันธ์,ผู้สูงอายุที่ทำงาน,2566,สำนักงานสถิติแห่งชาติ,คน,23846
หญิง,7315,ภาคเหนือ,ผู้สูงอายุที่ทำงาน,2566,สำนักงานสถิติแห่งชาติ,คน,537721
หญิง,7316, เชียงใหม่,ผู้สูงอายุที่ทำงาน,2566,สำนักงานสถิติแห่งชาติ,คน,92260
หญิง,7317, ลำพูน,ผู้สูงอายุที่ทำงาน,2566,สำนักงานสถิติแห่งชาติ,คน,23686
หญิง,7318, ลำปาง,ผู้สูงอายุที่ทำงาน,2566,สำนักงานสถิติแห่งชาติ,คน,25095
หญิง,7319, อุตรดิตถ์,ผู้สูงอายุที่ทำงาน,2566,สำนักงานสถิติแห่งชาติ,คน,17036
หญิง,7320, แพร่,ผู้สูงอายุที่ทำงาน,2566,สำนักงานสถิติแห่งชาติ,คน,16020
หญิง,7321, น่าน,ผู้สูงอายุที่ทำงาน,2566,สำนักงานสถิติแห่งชาติ,คน,19315
หญิง,7322, พะเยา,ผู้สูงอายุที่ทำงาน,2566,สำนักงานสถิติแห่งชาติ,คน,13622
หญิง,7323, เชียงราย,ผู้สูงอายุที่ทำงาน,2566,สำนักงานสถิติแห่งชาติ,คน,44120
หญิง,7324, แม่ฮ่องสอน,ผู้สูงอายุที่ทำงาน,2566,สำนักงานสถิติแห่งชาติ,คน,13933
หญิง,7325, นครสวรรค์,ผู้สูงอายุที่ทำงาน,2566,สำนักงานสถิติแห่งชาติ,คน,47875
หญิง,7326, อุทัยธานี,ผู้สูงอายุที่ทำงาน,2566,สำนักงานสถิติแห่งชาติ,คน,13095
หญิง,7327, กำแพงเพชร,ผู้สูงอายุที่ทำงาน,2566,สำนักงานสถิติแห่งชาติ,คน,45453
หญิง,7328, ตาก,ผู้สูงอายุที่ทำงาน,2566,สำนักงานสถิติแห่งชาติ,คน,17629
หญิง,7329, สุโขทัย,ผู้สูงอายุที่ทำงาน,2566,สำนักงานสถิติแห่งชาติ,คน,40082
หญิง,7330, พิษณุโลก,ผู้สูงอายุที่ทำงาน,2566,สำนักงานสถิติแห่งชาติ,คน,45108
หญิง,7331, พิจิตร,ผู้สูงอายุที่ทำงาน,2566,สำนักงานสถิติแห่งชาติ,คน,26113
หญิง,7332, เพชรบูรณ์,ผู้สูงอายุที่ทำงาน,2566,สำนักงานสถิติแห่งชาติ,คน,37278
หญิง,7333,ภาคตะวันออกเฉียงเหนือ,ผู้สูงอายุที่ทำงาน,2566,สำนักงานสถิติแห่งชาติ,คน,774028
หญิง,7334,นครราชสีมา,ผู้สูงอายุที่ทำงาน,2566,สำนักงานสถิติแห่งชาติ,คน,94530
หญิง,7335, บุรีรัมย์,ผู้สูงอายุที่ทำงาน,2566,สำนักงานสถิติแห่งชาติ,คน,57142
หญิง,7336, สุรินทร์,ผู้สูงอายุที่ทำงาน,2566,สำนักงานสถิติแห่งชาติ,คน,41470
หญิง,7337, ศรีสะเกษ,ผู้สูงอายุที่ทำงาน,2566,สำนักงานสถิติแห่งชาติ,คน,61584
หญิง,7338, อุบลราชธานี,ผู้สูงอายุที่ทำงาน,2566,สำนักงานสถิติแห่งชาติ,คน,59150
หญิง,7339,ยโสธร,ผู้สูงอายุที่ทำงาน,2566,สำนักงานสถิติแห่งชาติ,คน,28011
หญิง,7340,ชัยภูมิ,ผู้สูงอายุที่ทำงาน,2566,สำนักงานสถิติแห่งชาติ,คน,44343
หญิง,7341, อำนาจเจริญ,ผู้สูงอายุที่ทำงาน,2566,สำนักงานสถิติแห่งชาติ,คน,13988
หญิง,7342, บึงกาฬ,ผู้สูงอายุที่ทำงาน,2566,สำนักงานสถิติแห่งชาติ,คน,8225
หญิง,7343, หนองบัวลำภู,ผู้สูงอายุที่ทำงาน,2566,สำนักงานสถิติแห่งชาติ,คน,23189
หญิง,7344, ขอนแก่น,ผู้สูงอายุที่ทำงาน,2566,สำนักงานสถิติแห่งชาติ,คน,72304
หญิง,7345, อุดรธานี,ผู้สูงอายุที่ทำงาน,2566,สำนักงานสถิติแห่งชาติ,คน,44785
หญิง,7346,เลย,ผู้สูงอายุที่ทำงาน,2566,สำนักงานสถิติแห่งชาติ,คน,19688
หญิง,7347, หนองคาย,ผู้สูงอายุที่ทำงาน,2566,สำนักงานสถิติแห่งชาติ,คน,16297
หญิง,7348,มหาสารคาม,ผู้สูงอายุที่ทำงาน,2566,สำนักงานสถิติแห่งชาติ,คน,42600
หญิง,7349, ร้อยเอ็ด,ผู้สูงอายุที่ทำงาน,2566,สำนักงานสถิติแห่งชาติ,คน,57515
หญิง,7350, กาฬสินธุ์,ผู้สูงอายุที่ทำงาน,2566,สำนักงานสถิติแห่งชาติ,คน,27854
หญิง,7351, สกลนคร,ผู้สูงอายุที่ทำงาน,2566,สำนักงานสถิติแห่งชาติ,คน,24527
หญิง,7352, นครพนม,ผู้สูงอายุที่ทำงาน,2566,สำนักงานสถิติแห่งชาติ,คน,20841
หญิง,7353, มุกดาหาร,ผู้สูงอายุที่ทำงาน,2566,สำนักงานสถิติแห่งชาติ,คน,15984
หญิง,7354,ภาคใต้,ผู้สูงอายุที่ทำงาน,2566,สำนักงานสถิติแห่งชาติ,คน,284072
หญิง,7355, นครศรีธรรมราช,ผู้สูงอายุที่ทำงาน,2566,สำนักงานสถิติแห่งชาติ,คน,50349
หญิง,7356, กระบี่,ผู้สูงอายุที่ทำงาน,2566,สำนักงานสถิติแห่งชาติ,คน,14535
หญิง,7357, พังงา,ผู้สูงอายุที่ทำงาน,2566,สำนักงานสถิติแห่งชาติ,คน,6371
หญิง,7358,ภูเก็ต,ผู้สูงอายุที่ทำงาน,2566,สำนักงานสถิติแห่งชาติ,คน,16457
หญิง,7359,สุราษฎร์ธานี,ผู้สูงอายุที่ทำงาน,2566,สำนักงานสถิติแห่งชาติ,คน,25094
หญิง,7360, ระนอง,ผู้สูงอายุที่ทำงาน,2566,สำนักงานสถิติแห่งชาติ,คน,5732
หญิง,7361, ชุมพร,ผู้สูงอายุที่ทำงาน,2566,สำนักงานสถิติแห่งชาติ,คน,15876
หญิง,7362,สงขลา,ผู้สูงอายุที่ทำงาน,2566,สำนักงานสถิติแห่งชาติ,คน,40775
หญิง,7363, สตูล,ผู้สูงอายุที่ทำงาน,2566,สำนักงานสถิติแห่งชาติ,คน,8382
หญิง,7364, ตรัง,ผู้สูงอายุที่ทำงาน,2566,สำนักงานสถิติแห่งชาติ,คน,26328
หญิง,7365, พัทลุง,ผู้สูงอายุที่ทำงาน,2566,สำนักงานสถิติแห่งชาติ,คน,18790
หญิง,7366, ปัตตานี,ผู้สูงอายุที่ทำงาน,2566,สำนักงานสถิติแห่งชาติ,คน,19888
หญิง,7367, ยะลา,ผู้สูงอายุที่ทำงาน,2566,สำนักงานสถิติแห่งชาติ,คน,14893
หญิง,7368, นราธิวาส,ผู้สูงอายุที่ทำงาน,2566,สำนักงานสถิติแห่งชาติ,คน,20603
รวม,7369, กรุงเทพมหานคร,ผู้มีงานทำทั้งหมด,2567,สำนักงานสถิติแห่งชาติ,คน,5690237
รวม,7370,ภาคกลาง,ผู้มีงานทำทั้งหมด,2567,สำนักงานสถิติแห่งชาติ,คน,13360267
รวม,7371, สมุทรปราการ,ผู้มีงานทำทั้งหมด,2567,สำนักงานสถิติแห่งชาติ,คน,1495886
รวม,7372, นนทบุรี,ผู้มีงานทำทั้งหมด,2567,สำนักงานสถิติแห่งชาติ,คน,1204009
รวม,7373, ปทุมธานี,ผู้มีงานทำทั้งหมด,2567,สำนักงานสถิติแห่งชาติ,คน,1188488
รวม,7374, พระนครศรีอยุธยา,ผู้มีงานทำทั้งหมด,2567,สำนักงานสถิติแห่งชาติ,คน,521002
รวม,7375, อ่างทอง,ผู้มีงานทำทั้งหมด,2567,สำนักงานสถิติแห่งชาติ,คน,126507
รวม,7376, ลพบุรี,ผู้มีงานทำทั้งหมด,2567,สำนักงานสถิติแห่งชาติ,คน,441993
รวม,7377, สิงห์บุรี,ผู้มีงานทำทั้งหมด,2567,สำนักงานสถิติแห่งชาติ,คน,102200
รวม,7378, ชัยนาท,ผู้มีงานทำทั้งหมด,2567,สำนักงานสถิติแห่งชาติ,คน,170929
รวม,7379,สระบุรี,ผู้มีงานทำทั้งหมด,2567,สำนักงานสถิติแห่งชาติ,คน,413303
รวม,7380,ชลบุรี,ผู้มีงานทำทั้งหมด,2567,สำนักงานสถิติแห่งชาติ,คน,1207298
รวม,7381, ระยอง,ผู้มีงานทำทั้งหมด,2567,สำนักงานสถิติแห่งชาติ,คน,684747
รวม,7382,จันทบุรี,ผู้มีงานทำทั้งหมด,2567,สำนักงานสถิติแห่งชาติ,คน,370530
รวม,7383, ตราด,ผู้มีงานทำทั้งหมด,2567,สำนักงานสถิติแห่งชาติ,คน,170380
รวม,7384,ฉะเชิงเทรา,ผู้มีงานทำทั้งหมด,2567,สำนักงานสถิติแห่งชาติ,คน,570806
รวม,7385, ปราจีนบุรี,ผู้มีงานทำทั้งหมด,2567,สำนักงานสถิติแห่งชาติ,คน,394160
รวม,7386, นครนายก,ผู้มีงานทำทั้งหมด,2567,สำนักงานสถิติแห่งชาติ,คน,150302
รวม,7387,สระแก้ว,ผู้มีงานทำทั้งหมด,2567,สำนักงานสถิติแห่งชาติ,คน,374638
รวม,7388, ราชบุรี,ผู้มีงานทำทั้งหมด,2567,สำนักงานสถิติแห่งชาติ,คน,465292
รวม,7389, กาญจนบุรี,ผู้มีงานทำทั้งหมด,2567,สำนักงานสถิติแห่งชาติ,คน,475232
รวม,7390, สุพรรณบุรี,ผู้มีงานทำทั้งหมด,2567,สำนักงานสถิติแห่งชาติ,คน,479342
รวม,7391, นครปฐม,ผู้มีงานทำทั้งหมด,2567,สำนักงานสถิติแห่งชาติ,คน,877706
รวม,7392, สมุทรสาคร,ผู้มีงานทำทั้งหมด,2567,สำนักงานสถิติแห่งชาติ,คน,803345
รวม,7393, สมุทรสงคราม,ผู้มีงานทำทั้งหมด,2567,สำนักงานสถิติแห่งชาติ,คน,102392
รวม,7394, เพชรบุรี,ผู้มีงานทำทั้งหมด,2567,สำนักงานสถิติแห่งชาติ,คน,293116
รวม,7395, ประจวบคีรีขันธ์,ผู้มีงานทำทั้งหมด,2567,สำนักงานสถิติแห่งชาติ,คน,276664
รวม,7396,ภาคเหนือ,ผู้มีงานทำทั้งหมด,2567,สำนักงานสถิติแห่งชาติ,คน,6107811
รวม,7397, เชียงใหม่,ผู้มีงานทำทั้งหมด,2567,สำนักงานสถิติแห่งชาติ,คน,1033716
รวม,7398, ลำพูน,ผู้มีงานทำทั้งหมด,2567,สำนักงานสถิติแห่งชาติ,คน,224143
รวม,7399, ลำปาง,ผู้มีงานทำทั้งหมด,2567,สำนักงานสถิติแห่งชาติ,คน,349458
รวม,7400, อุตรดิตถ์,ผู้มีงานทำทั้งหมด,2567,สำนักงานสถิติแห่งชาติ,คน,205608
รวม,7401, แพร่,ผู้มีงานทำทั้งหมด,2567,สำนักงานสถิติแห่งชาติ,คน,195531
รวม,7402, น่าน,ผู้มีงานทำทั้งหมด,2567,สำนักงานสถิติแห่งชาติ,คน,248983
รวม,7403, พะเยา,ผู้มีงานทำทั้งหมด,2567,สำนักงานสถิติแห่งชาติ,คน,178671
รวม,7404, เชียงราย,ผู้มีงานทำทั้งหมด,2567,สำนักงานสถิติแห่งชาติ,คน,588227
รวม,7405, แม่ฮ่องสอน,ผู้มีงานทำทั้งหมด,2567,สำนักงานสถิติแห่งชาติ,คน,142460
รวม,7406, นครสวรรค์,ผู้มีงานทำทั้งหมด,2567,สำนักงานสถิติแห่งชาติ,คน,492461
รวม,7407, อุทัยธานี,ผู้มีงานทำทั้งหมด,2567,สำนักงานสถิติแห่งชาติ,คน,147795
รวม,7408, กำแพงเพชร,ผู้มีงานทำทั้งหมด,2567,สำนักงานสถิติแห่งชาติ,คน,439653
รวม,7409, ตาก,ผู้มีงานทำทั้งหมด,2567,สำนักงานสถิติแห่งชาติ,คน,291315
รวม,7410, สุโขทัย,ผู้มีงานทำทั้งหมด,2567,สำนักงานสถิติแห่งชาติ,คน,350701
รวม,7411, พิษณุโลก,ผู้มีงานทำทั้งหมด,2567,สำนักงานสถิติแห่งชาติ,คน,481614
รวม,7412, พิจิตร,ผู้มีงานทำทั้งหมด,2567,สำนักงานสถิติแห่งชาติ,คน,277302
รวม,7413, เพชรบูรณ์,ผู้มีงานทำทั้งหมด,2567,สำนักงานสถิติแห่งชาติ,คน,460173
รวม,7414,ภาคตะวันออกเฉียงเหนือ,ผู้มีงานทำทั้งหมด,2567,สำนักงานสถิติแห่งชาติ,คน,9565939
รวม,7415,นครราชสีมา,ผู้มีงานทำทั้งหมด,2567,สำนักงานสถิติแห่งชาติ,คน,1263438
รวม,7416, บุรีรัมย์,ผู้มีงานทำทั้งหมด,2567,สำนักงานสถิติแห่งชาติ,คน,638791
รวม,7417, สุรินทร์,ผู้มีงานทำทั้งหมด,2567,สำนักงานสถิติแห่งชาติ,คน,541049
รวม,7418, ศรีสะเกษ,ผู้มีงานทำทั้งหมด,2567,สำนักงานสถิติแห่งชาติ,คน,573688
รวม,7419, อุบลราชธานี,ผู้มีงานทำทั้งหมด,2567,สำนักงานสถิติแห่งชาติ,คน,881334
รวม,7420,ยโสธร,ผู้มีงานทำทั้งหมด,2567,สำนักงานสถิติแห่งชาติ,คน,274672
รวม,7421,ชัยภูมิ,ผู้มีงานทำทั้งหมด,2567,สำนักงานสถิติแห่งชาติ,คน,481718
รวม,7422, อำนาจเจริญ,ผู้มีงานทำทั้งหมด,2567,สำนักงานสถิติแห่งชาติ,คน,150076
รวม,7423, บึงกาฬ,ผู้มีงานทำทั้งหมด,2567,สำนักงานสถิติแห่งชาติ,คน,178364
รวม,7424, หนองบัวลำภู,ผู้มีงานทำทั้งหมด,2567,สำนักงานสถิติแห่งชาติ,คน,211174
รวม,7425, ขอนแก่น,ผู้มีงานทำทั้งหมด,2567,สำนักงานสถิติแห่งชาติ,คน,943015
รวม,7426, อุดรธานี,ผู้มีงานทำทั้งหมด,2567,สำนักงานสถิติแห่งชาติ,คน,657736
รวม,7427,เลย,ผู้มีงานทำทั้งหมด,2567,สำนักงานสถิติแห่งชาติ,คน,272211
รวม,7428, หนองคาย,ผู้มีงานทำทั้งหมด,2567,สำนักงานสถิติแห่งชาติ,คน,207754
รวม,7429,มหาสารคาม,ผู้มีงานทำทั้งหมด,2567,สำนักงานสถิติแห่งชาติ,คน,419351
รวม,7430, ร้อยเอ็ด,ผู้มีงานทำทั้งหมด,2567,สำนักงานสถิติแห่งชาติ,คน,560473
รวม,7431, กาฬสินธุ์,ผู้มีงานทำทั้งหมด,2567,สำนักงานสถิติแห่งชาติ,คน,387046
รวม,7432, สกลนคร,ผู้มีงานทำทั้งหมด,2567,สำนักงานสถิติแห่งชาติ,คน,414120
รวม,7433, นครพนม,ผู้มีงานทำทั้งหมด,2567,สำนักงานสถิติแห่งชาติ,คน,268291
รวม,7434, มุกดาหาร,ผู้มีงานทำทั้งหมด,2567,สำนักงานสถิติแห่งชาติ,คน,241639
รวม,7435,ภาคใต้,ผู้มีงานทำทั้งหมด,2567,สำนักงานสถิติแห่งชาติ,คน,5315286
รวม,7436, นครศรีธรรมราช,ผู้มีงานทำทั้งหมด,2567,สำนักงานสถิติแห่งชาติ,คน,848174
รวม,7437, กระบี่,ผู้มีงานทำทั้งหมด,2567,สำนักงานสถิติแห่งชาติ,คน,241417
รวม,7438, พังงา,ผู้มีงานทำทั้งหมด,2567,สำนักงานสถิติแห่งชาติ,คน,125717
รวม,7439,ภูเก็ต,ผู้มีงานทำทั้งหมด,2567,สำนักงานสถิติแห่งชาติ,คน,352287
รวม,7440,สุราษฎร์ธานี,ผู้มีงานทำทั้งหมด,2567,สำนักงานสถิติแห่งชาติ,คน,652741
รวม,7441, ระนอง,ผู้มีงานทำทั้งหมด,2567,สำนักงานสถิติแห่งชาติ,คน,152634
รวม,7442, ชุมพร,ผู้มีงานทำทั้งหมด,2567,สำนักงานสถิติแห่งชาติ,คน,283199
รวม,7443,สงขลา,ผู้มีงานทำทั้งหมด,2567,สำนักงานสถิติแห่งชาติ,คน,908731
รวม,7444, สตูล,ผู้มีงานทำทั้งหมด,2567,สำนักงานสถิติแห่งชาติ,คน,152937
รวม,7445, ตรัง,ผู้มีงานทำทั้งหมด,2567,สำนักงานสถิติแห่งชาติ,คน,371691
รวม,7446, พัทลุง,ผู้มีงานทำทั้งหมด,2567,สำนักงานสถิติแห่งชาติ,คน,277632
รวม,7447, ปัตตานี,ผู้มีงานทำทั้งหมด,2567,สำนักงานสถิติแห่งชาติ,คน,339975
รวม,7448, ยะลา,ผู้มีงานทำทั้งหมด,2567,สำนักงานสถิติแห่งชาติ,คน,261498
รวม,7449, นราธิวาส,ผู้มีงานทำทั้งหมด,2567,สำนักงานสถิติแห่งชาติ,คน,346653
ชาย,7450,จำนวน,ผู้มีงานทำทั้งหมด,2567,สำนักงานสถิติแห่งชาติ,คน,21435103
ชาย,7451, กรุงเทพมหานคร,ผู้มีงานทำทั้งหมด,2567,สำนักงานสถิติแห่งชาติ,คน,2940662
ชาย,7452,ภาคกลาง,ผู้มีงานทำทั้งหมด,2567,สำนักงานสถิติแห่งชาติ,คน,7100288
ชาย,7453, สมุทรปราการ,ผู้มีงานทำทั้งหมด,2567,สำนักงานสถิติแห่งชาติ,คน,785043
ชาย,7454, นนทบุรี,ผู้มีงานทำทั้งหมด,2567,สำนักงานสถิติแห่งชาติ,คน,624867
ชาย,7455, ปทุมธานี,ผู้มีงานทำทั้งหมด,2567,สำนักงานสถิติแห่งชาติ,คน,618931
ชาย,7456, พระนครศรีอยุธยา,ผู้มีงานทำทั้งหมด,2567,สำนักงานสถิติแห่งชาติ,คน,276261
ชาย,7457, อ่างทอง,ผู้มีงานทำทั้งหมด,2567,สำนักงานสถิติแห่งชาติ,คน,68298
ชาย,7458, ลพบุรี,ผู้มีงานทำทั้งหมด,2567,สำนักงานสถิติแห่งชาติ,คน,239160
ชาย,7459, สิงห์บุรี,ผู้มีงานทำทั้งหมด,2567,สำนักงานสถิติแห่งชาติ,คน,55433
ชาย,7460, ชัยนาท,ผู้มีงานทำทั้งหมด,2567,สำนักงานสถิติแห่งชาติ,คน,92550
ชาย,7461,สระบุรี,ผู้มีงานทำทั้งหมด,2567,สำนักงานสถิติแห่งชาติ,คน,237567
ชาย,7462,ชลบุรี,ผู้มีงานทำทั้งหมด,2567,สำนักงานสถิติแห่งชาติ,คน,646130
ชาย,7463, ระยอง,ผู้มีงานทำทั้งหมด,2567,สำนักงานสถิติแห่งชาติ,คน,386237
ชาย,7464,จันทบุรี,ผู้มีงานทำทั้งหมด,2567,สำนักงานสถิติแห่งชาติ,คน,191400
ชาย,7465, ตราด,ผู้มีงานทำทั้งหมด,2567,สำนักงานสถิติแห่งชาติ,คน,94475
ชาย,7466,ฉะเชิงเทรา,ผู้มีงานทำทั้งหมด,2567,สำนักงานสถิติแห่งชาติ,คน,304913
ชาย,7467, ปราจีนบุรี,ผู้มีงานทำทั้งหมด,2567,สำนักงานสถิติแห่งชาติ,คน,213260
ชาย,7468, นครนายก,ผู้มีงานทำทั้งหมด,2567,สำนักงานสถิติแห่งชาติ,คน,83546
ชาย,7469,สระแก้ว,ผู้มีงานทำทั้งหมด,2567,สำนักงานสถิติแห่งชาติ,คน,206056
ชาย,7470, ราชบุรี,ผู้มีงานทำทั้งหมด,2567,สำนักงานสถิติแห่งชาติ,คน,250083
ชาย,7471, กาญจนบุรี,ผู้มีงานทำทั้งหมด,2567,สำนักงานสถิติแห่งชาติ,คน,258537
ชาย,7472, สุพรรณบุรี,ผู้มีงานทำทั้งหมด,2567,สำนักงานสถิติแห่งชาติ,คน,260757
ชาย,7473, นครปฐม,ผู้มีงานทำทั้งหมด,2567,สำนักงานสถิติแห่งชาติ,คน,441152
ชาย,7474, สมุทรสาคร,ผู้มีงานทำทั้งหมด,2567,สำนักงานสถิติแห่งชาติ,คน,401568
ชาย,7475, สมุทรสงคราม,ผู้มีงานทำทั้งหมด,2567,สำนักงานสถิติแห่งชาติ,คน,56262
ชาย,7476, เพชรบุรี,ผู้มีงานทำทั้งหมด,2567,สำนักงานสถิติแห่งชาติ,คน,157770
ชาย,7477, ประจวบคีรีขันธ์,ผู้มีงานทำทั้งหมด,2567,สำนักงานสถิติแห่งชาติ,คน,150033
ชาย,7478,ภาคเหนือ,ผู้มีงานทำทั้งหมด,2567,สำนักงานสถิติแห่งชาติ,คน,3305909
ชาย,7479, เชียงใหม่,ผู้มีงานทำทั้งหมด,2567,สำนักงานสถิติแห่งชาติ,คน,550551
ชาย,7480, ลำพูน,ผู้มีงานทำทั้งหมด,2567,สำนักงานสถิติแห่งชาติ,คน,115160
ชาย,7481, ลำปาง,ผู้มีงานทำทั้งหมด,2567,สำนักงานสถิติแห่งชาติ,คน,190103
ชาย,7482, อุตรดิตถ์,ผู้มีงานทำทั้งหมด,2567,สำนักงานสถิติแห่งชาติ,คน,113971
ชาย,7483, แพร่,ผู้มีงานทำทั้งหมด,2567,สำนักงานสถิติแห่งชาติ,คน,104485
ชาย,7484, น่าน,ผู้มีงานทำทั้งหมด,2567,สำนักงานสถิติแห่งชาติ,คน,130993
ชาย,7485, พะเยา,ผู้มีงานทำทั้งหมด,2567,สำนักงานสถิติแห่งชาติ,คน,101242
ชาย,7486, เชียงราย,ผู้มีงานทำทั้งหมด,2567,สำนักงานสถิติแห่งชาติ,คน,333079
ชาย,7487, แม่ฮ่องสอน,ผู้มีงานทำทั้งหมด,2567,สำนักงานสถิติแห่งชาติ,คน,77016
ชาย,7488, นครสวรรค์,ผู้มีงานทำทั้งหมด,2567,สำนักงานสถิติแห่งชาติ,คน,264229
ชาย,7489, อุทัยธานี,ผู้มีงานทำทั้งหมด,2567,สำนักงานสถิติแห่งชาติ,คน,78605
ชาย,7490, กำแพงเพชร,ผู้มีงานทำทั้งหมด,2567,สำนักงานสถิติแห่งชาติ,คน,233026
ชาย,7491, ตาก,ผู้มีงานทำทั้งหมด,2567,สำนักงานสถิติแห่งชาติ,คน,162230
ชาย,7492, สุโขทัย,ผู้มีงานทำทั้งหมด,2567,สำนักงานสถิติแห่งชาติ,คน,185958
ชาย,7493, พิษณุโลก,ผู้มีงานทำทั้งหมด,2567,สำนักงานสถิติแห่งชาติ,คน,260121
ชาย,7494, พิจิตร,ผู้มีงานทำทั้งหมด,2567,สำนักงานสถิติแห่งชาติ,คน,149535
ชาย,7495, เพชรบูรณ์,ผู้มีงานทำทั้งหมด,2567,สำนักงานสถิติแห่งชาติ,คน,255605
ชาย,7496,ภาคตะวันออกเฉียงเหนือ,ผู้มีงานทำทั้งหมด,2567,สำนักงานสถิติแห่งชาติ,คน,5141824
ชาย,7497,นครราชสีมา,ผู้มีงานทำทั้งหมด,2567,สำนักงานสถิติแห่งชาติ,คน,682698
ชาย,7498, บุรีรัมย์,ผู้มีงานทำทั้งหมด,2567,สำนักงานสถิติแห่งชาติ,คน,351269
ชาย,7499, สุรินทร์,ผู้มีงานทำทั้งหมด,2567,สำนักงานสถิติแห่งชาติ,คน,287800
ชาย,7500, ศรีสะเกษ,ผู้มีงานทำทั้งหมด,2567,สำนักงานสถิติแห่งชาติ,คน,295709
ชาย,7501, อุบลราชธานี,ผู้มีงานทำทั้งหมด,2567,สำนักงานสถิติแห่งชาติ,คน,483867
ชาย,7502,ยโสธร,ผู้มีงานทำทั้งหมด,2567,สำนักงานสถิติแห่งชาติ,คน,138273
ชาย,7503,ชัยภูมิ,ผู้มีงานทำทั้งหมด,2567,สำนักงานสถิติแห่งชาติ,คน,259769
ชาย,7504, อำนาจเจริญ,ผู้มีงานทำทั้งหมด,2567,สำนักงานสถิติแห่งชาติ,คน,80164
ชาย,7505, บึงกาฬ,ผู้มีงานทำทั้งหมด,2567,สำนักงานสถิติแห่งชาติ,คน,94093
ชาย,7506, หนองบัวลำภู,ผู้มีงานทำทั้งหมด,2567,สำนักงานสถิติแห่งชาติ,คน,120466
ชาย,7507, ขอนแก่น,ผู้มีงานทำทั้งหมด,2567,สำนักงานสถิติแห่งชาติ,คน,484657
ชาย,7508, อุดรธานี,ผู้มีงานทำทั้งหมด,2567,สำนักงานสถิติแห่งชาติ,คน,350745
ชาย,7509,เลย,ผู้มีงานทำทั้งหมด,2567,สำนักงานสถิติแห่งชาติ,คน,142701
ชาย,7510, หนองคาย,ผู้มีงานทำทั้งหมด,2567,สำนักงานสถิติแห่งชาติ,คน,115978
ชาย,7511,มหาสารคาม,ผู้มีงานทำทั้งหมด,2567,สำนักงานสถิติแห่งชาติ,คน,218434
ชาย,7512, ร้อยเอ็ด,ผู้มีงานทำทั้งหมด,2567,สำนักงานสถิติแห่งชาติ,คน,299566
ชาย,7513, กาฬสินธุ์,ผู้มีงานทำทั้งหมด,2567,สำนักงานสถิติแห่งชาติ,คน,219864
ชาย,7514, สกลนคร,ผู้มีงานทำทั้งหมด,2567,สำนักงานสถิติแห่งชาติ,คน,234211
ชาย,7515, นครพนม,ผู้มีงานทำทั้งหมด,2567,สำนักงานสถิติแห่งชาติ,คน,150791
ชาย,7516, มุกดาหาร,ผู้มีงานทำทั้งหมด,2567,สำนักงานสถิติแห่งชาติ,คน,130769
ชาย,7517,ภาคใต้,ผู้มีงานทำทั้งหมด,2567,สำนักงานสถิติแห่งชาติ,คน,2946421
ชาย,7518, นครศรีธรรมราช,ผู้มีงานทำทั้งหมด,2567,สำนักงานสถิติแห่งชาติ,คน,456592
ชาย,7519, กระบี่,ผู้มีงานทำทั้งหมด,2567,สำนักงานสถิติแห่งชาติ,คน,132930
ชาย,7520, พังงา,ผู้มีงานทำทั้งหมด,2567,สำนักงานสถิติแห่งชาติ,คน,74719
ชาย,7521,ภูเก็ต,ผู้มีงานทำทั้งหมด,2567,สำนักงานสถิติแห่งชาติ,คน,191124
ชาย,7522,สุราษฎร์ธานี,ผู้มีงานทำทั้งหมด,2567,สำนักงานสถิติแห่งชาติ,คน,369786
ชาย,7523, ระนอง,ผู้มีงานทำทั้งหมด,2567,สำนักงานสถิติแห่งชาติ,คน,91379
ชาย,7524, ชุมพร,ผู้มีงานทำทั้งหมด,2567,สำนักงานสถิติแห่งชาติ,คน,159063
ชาย,7525,สงขลา,ผู้มีงานทำทั้งหมด,2567,สำนักงานสถิติแห่งชาติ,คน,489956
ชาย,7526, สตูล,ผู้มีงานทำทั้งหมด,2567,สำนักงานสถิติแห่งชาติ,คน,88850
ชาย,7527, ตรัง,ผู้มีงานทำทั้งหมด,2567,สำนักงานสถิติแห่งชาติ,คน,200465
ชาย,7528, พัทลุง,ผู้มีงานทำทั้งหมด,2567,สำนักงานสถิติแห่งชาติ,คน,145663
ชาย,7529, ปัตตานี,ผู้มีงานทำทั้งหมด,2567,สำนักงานสถิติแห่งชาติ,คน,192171
ชาย,7530, ยะลา,ผู้มีงานทำทั้งหมด,2567,สำนักงานสถิติแห่งชาติ,คน,145397
ชาย,7531, นราธิวาส,ผู้มีงานทำทั้งหมด,2567,สำนักงานสถิติแห่งชาติ,คน,208328
หญิง,7532,จำนวน,ผู้มีงานทำทั้งหมด,2567,สำนักงานสถิติแห่งชาติ,คน,18604437
หญิง,7533, กรุงเทพมหานคร,ผู้มีงานทำทั้งหมด,2567,สำนักงานสถิติแห่งชาติ,คน,2749575
หญิง,7534,ภาคกลาง,ผู้มีงานทำทั้งหมด,2567,สำนักงานสถิติแห่งชาติ,คน,6259979
หญิง,7535, สมุทรปราการ,ผู้มีงานทำทั้งหมด,2567,สำนักงานสถิติแห่งชาติ,คน,710844
หญิง,7536, นนทบุรี,ผู้มีงานทำทั้งหมด,2567,สำนักงานสถิติแห่งชาติ,คน,579142
หญิง,7537, ปทุมธานี,ผู้มีงานทำทั้งหมด,2567,สำนักงานสถิติแห่งชาติ,คน,569557
หญิง,7538, พระนครศรีอยุธยา,ผู้มีงานทำทั้งหมด,2567,สำนักงานสถิติแห่งชาติ,คน,244741
หญิง,7539, อ่างทอง,ผู้มีงานทำทั้งหมด,2567,สำนักงานสถิติแห่งชาติ,คน,58209
หญิง,7540, ลพบุรี,ผู้มีงานทำทั้งหมด,2567,สำนักงานสถิติแห่งชาติ,คน,202832
หญิง,7541, สิงห์บุรี,ผู้มีงานทำทั้งหมด,2567,สำนักงานสถิติแห่งชาติ,คน,46767
หญิง,7542, ชัยนาท,ผู้มีงานทำทั้งหมด,2567,สำนักงานสถิติแห่งชาติ,คน,78379
หญิง,7543,สระบุรี,ผู้มีงานทำทั้งหมด,2567,สำนักงานสถิติแห่งชาติ,คน,175737
หญิง,7544,ชลบุรี,ผู้มีงานทำทั้งหมด,2567,สำนักงานสถิติแห่งชาติ,คน,561168
หญิง,7545, ระยอง,ผู้มีงานทำทั้งหมด,2567,สำนักงานสถิติแห่งชาติ,คน,298510
หญิง,7546,จันทบุรี,ผู้มีงานทำทั้งหมด,2567,สำนักงานสถิติแห่งชาติ,คน,179130
หญิง,7547, ตราด,ผู้มีงานทำทั้งหมด,2567,สำนักงานสถิติแห่งชาติ,คน,75905
หญิง,7548,ฉะเชิงเทรา,ผู้มีงานทำทั้งหมด,2567,สำนักงานสถิติแห่งชาติ,คน,265893
หญิง,7549, ปราจีนบุรี,ผู้มีงานทำทั้งหมด,2567,สำนักงานสถิติแห่งชาติ,คน,180900
หญิง,7550, นครนายก,ผู้มีงานทำทั้งหมด,2567,สำนักงานสถิติแห่งชาติ,คน,66756
หญิง,7551,สระแก้ว,ผู้มีงานทำทั้งหมด,2567,สำนักงานสถิติแห่งชาติ,คน,168582
หญิง,7552, ราชบุรี,ผู้มีงานทำทั้งหมด,2567,สำนักงานสถิติแห่งชาติ,คน,215209
หญิง,7553, กาญจนบุรี,ผู้มีงานทำทั้งหมด,2567,สำนักงานสถิติแห่งชาติ,คน,216695
หญิง,7554, สุพรรณบุรี,ผู้มีงานทำทั้งหมด,2567,สำนักงานสถิติแห่งชาติ,คน,218585
หญิง,7555, นครปฐม,ผู้มีงานทำทั้งหมด,2567,สำนักงานสถิติแห่งชาติ,คน,436554
หญิง,7556, สมุทรสาคร,ผู้มีงานทำทั้งหมด,2567,สำนักงานสถิติแห่งชาติ,คน,401777
หญิง,7557, สมุทรสงคราม,ผู้มีงานทำทั้งหมด,2567,สำนักงานสถิติแห่งชาติ,คน,46130
หญิง,7558, เพชรบุรี,ผู้มีงานทำทั้งหมด,2567,สำนักงานสถิติแห่งชาติ,คน,135346
หญิง,7559, ประจวบคีรีขันธ์,ผู้มีงานทำทั้งหมด,2567,สำนักงานสถิติแห่งชาติ,คน,126631
หญิง,7560,ภาคเหนือ,ผู้มีงานทำทั้งหมด,2567,สำนักงานสถิติแห่งชาติ,คน,2801903
หญิง,7561, เชียงใหม่,ผู้มีงานทำทั้งหมด,2567,สำนักงานสถิติแห่งชาติ,คน,483165
หญิง,7562, ลำพูน,ผู้มีงานทำทั้งหมด,2567,สำนักงานสถิติแห่งชาติ,คน,108983
หญิง,7563, ลำปาง,ผู้มีงานทำทั้งหมด,2567,สำนักงานสถิติแห่งชาติ,คน,159355
หญิง,7564, อุตรดิตถ์,ผู้มีงานทำทั้งหมด,2567,สำนักงานสถิติแห่งชาติ,คน,91637
หญิง,7565, แพร่,ผู้มีงานทำทั้งหมด,2567,สำนักงานสถิติแห่งชาติ,คน,91046
หญิง,7566, น่าน,ผู้มีงานทำทั้งหมด,2567,สำนักงานสถิติแห่งชาติ,คน,117990
หญิง,7567, พะเยา,ผู้มีงานทำทั้งหมด,2567,สำนักงานสถิติแห่งชาติ,คน,77429
หญิง,7568, เชียงราย,ผู้มีงานทำทั้งหมด,2567,สำนักงานสถิติแห่งชาติ,คน,255148
หญิง,7569, แม่ฮ่องสอน,ผู้มีงานทำทั้งหมด,2567,สำนักงานสถิติแห่งชาติ,คน,65444
หญิง,7570, นครสวรรค์,ผู้มีงานทำทั้งหมด,2567,สำนักงานสถิติแห่งชาติ,คน,228233
หญิง,7571, อุทัยธานี,ผู้มีงานทำทั้งหมด,2567,สำนักงานสถิติแห่งชาติ,คน,69191
หญิง,7572, กำแพงเพชร,ผู้มีงานทำทั้งหมด,2567,สำนักงานสถิติแห่งชาติ,คน,206627
หญิง,7573, ตาก,ผู้มีงานทำทั้งหมด,2567,สำนักงานสถิติแห่งชาติ,คน,129085
หญิง,7574, สุโขทัย,ผู้มีงานทำทั้งหมด,2567,สำนักงานสถิติแห่งชาติ,คน,164743
หญิง,7575, พิษณุโลก,ผู้มีงานทำทั้งหมด,2567,สำนักงานสถิติแห่งชาติ,คน,221493
หญิง,7576, พิจิตร,ผู้มีงานทำทั้งหมด,2567,สำนักงานสถิติแห่งชาติ,คน,127768
หญิง,7577, เพชรบูรณ์,ผู้มีงานทำทั้งหมด,2567,สำนักงานสถิติแห่งชาติ,คน,204567
หญิง,7578,ภาคตะวันออกเฉียงเหนือ,ผู้มีงานทำทั้งหมด,2567,สำนักงานสถิติแห่งชาติ,คน,4424116
หญิง,7579,นครราชสีมา,ผู้มีงานทำทั้งหมด,2567,สำนักงานสถิติแห่งชาติ,คน,580740
หญิง,7580, บุรีรัมย์,ผู้มีงานทำทั้งหมด,2567,สำนักงานสถิติแห่งชาติ,คน,287522
หญิง,7581, สุรินทร์,ผู้มีงานทำทั้งหมด,2567,สำนักงานสถิติแห่งชาติ,คน,253249
หญิง,7582, ศรีสะเกษ,ผู้มีงานทำทั้งหมด,2567,สำนักงานสถิติแห่งชาติ,คน,277979
หญิง,7583, อุบลราชธานี,ผู้มีงานทำทั้งหมด,2567,สำนักงานสถิติแห่งชาติ,คน,397467
หญิง,7584,ยโสธร,ผู้มีงานทำทั้งหมด,2567,สำนักงานสถิติแห่งชาติ,คน,136399
หญิง,7585,ชัยภูมิ,ผู้มีงานทำทั้งหมด,2567,สำนักงานสถิติแห่งชาติ,คน,221949
หญิง,7586, อำนาจเจริญ,ผู้มีงานทำทั้งหมด,2567,สำนักงานสถิติแห่งชาติ,คน,69912
หญิง,7587, บึงกาฬ,ผู้มีงานทำทั้งหมด,2567,สำนักงานสถิติแห่งชาติ,คน,84271
หญิง,7588, หนองบัวลำภู,ผู้มีงานทำทั้งหมด,2567,สำนักงานสถิติแห่งชาติ,คน,90708
หญิง,7589, ขอนแก่น,ผู้มีงานทำทั้งหมด,2567,สำนักงานสถิติแห่งชาติ,คน,458357
หญิง,7590, อุดรธานี,ผู้มีงานทำทั้งหมด,2567,สำนักงานสถิติแห่งชาติ,คน,306991
หญิง,7591,เลย,ผู้มีงานทำทั้งหมด,2567,สำนักงานสถิติแห่งชาติ,คน,129510
หญิง,7592, หนองคาย,ผู้มีงานทำทั้งหมด,2567,สำนักงานสถิติแห่งชาติ,คน,91776
หญิง,7593,มหาสารคาม,ผู้มีงานทำทั้งหมด,2567,สำนักงานสถิติแห่งชาติ,คน,200917
หญิง,7594, ร้อยเอ็ด,ผู้มีงานทำทั้งหมด,2567,สำนักงานสถิติแห่งชาติ,คน,260907
หญิง,7595, กาฬสินธุ์,ผู้มีงานทำทั้งหมด,2567,สำนักงานสถิติแห่งชาติ,คน,167182
หญิง,7596, สกลนคร,ผู้มีงานทำทั้งหมด,2567,สำนักงานสถิติแห่งชาติ,คน,179909
หญิง,7597, นครพนม,ผู้มีงานทำทั้งหมด,2567,สำนักงานสถิติแห่งชาติ,คน,117499
หญิง,7598, มุกดาหาร,ผู้มีงานทำทั้งหมด,2567,สำนักงานสถิติแห่งชาติ,คน,110870
หญิง,7599,ภาคใต้,ผู้มีงานทำทั้งหมด,2567,สำนักงานสถิติแห่งชาติ,คน,2368865
หญิง,7600, นครศรีธรรมราช,ผู้มีงานทำทั้งหมด,2567,สำนักงานสถิติแห่งชาติ,คน,391582
หญิง,7601, กระบี่,ผู้มีงานทำทั้งหมด,2567,สำนักงานสถิติแห่งชาติ,คน,108487
หญิง,7602, พังงา,ผู้มีงานทำทั้งหมด,2567,สำนักงานสถิติแห่งชาติ,คน,50998
หญิง,7603,ภูเก็ต,ผู้มีงานทำทั้งหมด,2567,สำนักงานสถิติแห่งชาติ,คน,161163
หญิง,7604,สุราษฎร์ธานี,ผู้มีงานทำทั้งหมด,2567,สำนักงานสถิติแห่งชาติ,คน,282955
หญิง,7605, ระนอง,ผู้มีงานทำทั้งหมด,2567,สำนักงานสถิติแห่งชาติ,คน,61255
หญิง,7606, ชุมพร,ผู้มีงานทำทั้งหมด,2567,สำนักงานสถิติแห่งชาติ,คน,124136
หญิง,7607,สงขลา,ผู้มีงานทำทั้งหมด,2567,สำนักงานสถิติแห่งชาติ,คน,418775
หญิง,7608, สตูล,ผู้มีงานทำทั้งหมด,2567,สำนักงานสถิติแห่งชาติ,คน,64088
หญิง,7609, ตรัง,ผู้มีงานทำทั้งหมด,2567,สำนักงานสถิติแห่งชาติ,คน,171226
หญิง,7610, พัทลุง,ผู้มีงานทำทั้งหมด,2567,สำนักงานสถิติแห่งชาติ,คน,131969
หญิง,7611, ปัตตานี,ผู้มีงานทำทั้งหมด,2567,สำนักงานสถิติแห่งชาติ,คน,147804
หญิง,7612, ยะลา,ผู้มีงานทำทั้งหมด,2567,สำนักงานสถิติแห่งชาติ,คน,116101
หญิง,7613, นราธิวาส,ผู้มีงานทำทั้งหมด,2567,สำนักงานสถิติแห่งชาติ,คน,138325
รวม,7614,จำนวน,ผู้มีงานทำทั้งหมด,2567,สำนักงานสถิติแห่งชาติ,คน,14158034
รวม,7615, กรุงเทพมหานคร,ผู้มีงานทำทั้งหมด,2567,สำนักงานสถิติแห่งชาติ,คน,1473554
รวม,7616,ภาคกลาง,ผู้มีงานทำทั้งหมด,2567,สำนักงานสถิติแห่งชาติ,คน,3822289
รวม,7617, สมุทรปราการ,ผู้มีงานทำทั้งหมด,2567,สำนักงานสถิติแห่งชาติ,คน,392332
รวม,7618, นนทบุรี,ผู้มีงานทำทั้งหมด,2567,สำนักงานสถิติแห่งชาติ,คน,300867
รวม,7619, ปทุมธานี,ผู้มีงานทำทั้งหมด,2567,สำนักงานสถิติแห่งชาติ,คน,293935
รวม,7620, พระนครศรีอยุธยา,ผู้มีงานทำทั้งหมด,2567,สำนักงานสถิติแห่งชาติ,คน,195164
รวม,7621, อ่างทอง,ผู้มีงานทำทั้งหมด,2567,สำนักงานสถิติแห่งชาติ,คน,53071
รวม,7622, ลพบุรี,ผู้มีงานทำทั้งหมด,2567,สำนักงานสถิติแห่งชาติ,คน,166627
รวม,7623, สิงห์บุรี,ผู้มีงานทำทั้งหมด,2567,สำนักงานสถิติแห่งชาติ,คน,39766
รวม,7624, ชัยนาท,ผู้มีงานทำทั้งหมด,2567,สำนักงานสถิติแห่งชาติ,คน,62721
รวม,7625,สระบุรี,ผู้มีงานทำทั้งหมด,2567,สำนักงานสถิติแห่งชาติ,คน,164517
รวม,7626,ชลบุรี,ผู้มีงานทำทั้งหมด,2567,สำนักงานสถิติแห่งชาติ,คน,321232
รวม,7627, ระยอง,ผู้มีงานทำทั้งหมด,2567,สำนักงานสถิติแห่งชาติ,คน,163746
รวม,7628,จันทบุรี,ผู้มีงานทำทั้งหมด,2567,สำนักงานสถิติแห่งชาติ,คน,88437
รวม,7629, ตราด,ผู้มีงานทำทั้งหมด,2567,สำนักงานสถิติแห่งชาติ,คน,43947
รวม,7630,ฉะเชิงเทรา,ผู้มีงานทำทั้งหมด,2567,สำนักงานสถิติแห่งชาติ,คน,134837
รวม,7631, ปราจีนบุรี,ผู้มีงานทำทั้งหมด,2567,สำนักงานสถิติแห่งชาติ,คน,106116
รวม,7632, นครนายก,ผู้มีงานทำทั้งหมด,2567,สำนักงานสถิติแห่งชาติ,คน,41346
รวม,7633,สระแก้ว,ผู้มีงานทำทั้งหมด,2567,สำนักงานสถิติแห่งชาติ,คน,106596
รวม,7634, ราชบุรี,ผู้มีงานทำทั้งหมด,2567,สำนักงานสถิติแห่งชาติ,คน,178384
รวม,7635, กาญจนบุรี,ผู้มีงานทำทั้งหมด,2567,สำนักงานสถิติแห่งชาติ,คน,188242
รวม,7636, สุพรรณบุรี,ผู้มีงานทำทั้งหมด,2567,สำนักงานสถิติแห่งชาติ,คน,192999
รวม,7637, นครปฐม,ผู้มีงานทำทั้งหมด,2567,สำนักงานสถิติแห่งชาติ,คน,190627
รวม,7638, สมุทรสาคร,ผู้มีงานทำทั้งหมด,2567,สำนักงานสถิติแห่งชาติ,คน,141880
รวม,7639, สมุทรสงคราม,ผู้มีงานทำทั้งหมด,2567,สำนักงานสถิติแห่งชาติ,คน,37649
รวม,7640, เพชรบุรี,ผู้มีงานทำทั้งหมด,2567,สำนักงานสถิติแห่งชาติ,คน,111494
รวม,7641, ประจวบคีรีขันธ์,ผู้มีงานทำทั้งหมด,2567,สำนักงานสถิติแห่งชาติ,คน,105757
รวม,7642,ภาคเหนือ,ผู้มีงานทำทั้งหมด,2567,สำนักงานสถิติแห่งชาติ,คน,2935437
รวม,7643, เชียงใหม่,ผู้มีงานทำทั้งหมด,2567,สำนักงานสถิติแห่งชาติ,คน,455341
รวม,7644, ลำพูน,ผู้มีงานทำทั้งหมด,2567,สำนักงานสถิติแห่งชาติ,คน,98350
รวม,7645, ลำปาง,ผู้มีงานทำทั้งหมด,2567,สำนักงานสถิติแห่งชาติ,คน,182551
รวม,7646, อุตรดิตถ์,ผู้มีงานทำทั้งหมด,2567,สำนักงานสถิติแห่งชาติ,คน,105744
รวม,7647, แพร่,ผู้มีงานทำทั้งหมด,2567,สำนักงานสถิติแห่งชาติ,คน,95765
รวม,7648, น่าน,ผู้มีงานทำทั้งหมด,2567,สำนักงานสถิติแห่งชาติ,คน,116270
รวม,7649, พะเยา,ผู้มีงานทำทั้งหมด,2567,สำนักงานสถิติแห่งชาติ,คน,94199
รวม,7650, เชียงราย,ผู้มีงานทำทั้งหมด,2567,สำนักงานสถิติแห่งชาติ,คน,297016
รวม,7651, แม่ฮ่องสอน,ผู้มีงานทำทั้งหมด,2567,สำนักงานสถิติแห่งชาติ,คน,64699
รวม,7652, นครสวรรค์,ผู้มีงานทำทั้งหมด,2567,สำนักงานสถิติแห่งชาติ,คน,237201
รวม,7653, อุทัยธานี,ผู้มีงานทำทั้งหมด,2567,สำนักงานสถิติแห่งชาติ,คน,71575
รวม,7654, กำแพงเพชร,ผู้มีงานทำทั้งหมด,2567,สำนักงานสถิติแห่งชาติ,คน,208227
รวม,7655, ตาก,ผู้มีงานทำทั้งหมด,2567,สำนักงานสถิติแห่งชาติ,คน,138678
รวม,7656, สุโขทัย,ผู้มีงานทำทั้งหมด,2567,สำนักงานสถิติแห่งชาติ,คน,161611
รวม,7657, พิษณุโลก,ผู้มีงานทำทั้งหมด,2567,สำนักงานสถิติแห่งชาติ,คน,238665
รวม,7658, พิจิตร,ผู้มีงานทำทั้งหมด,2567,สำนักงานสถิติแห่งชาติ,คน,132022
รวม,7659, เพชรบูรณ์,ผู้มีงานทำทั้งหมด,2567,สำนักงานสถิติแห่งชาติ,คน,237523
รวม,7660,ภาคตะวันออกเฉียงเหนือ,ผู้มีงานทำทั้งหมด,2567,สำนักงานสถิติแห่งชาติ,คน,4250631
รวม,7661,นครราชสีมา,ผู้มีงานทำทั้งหมด,2567,สำนักงานสถิติแห่งชาติ,คน,579756
รวม,7662, บุรีรัมย์,ผู้มีงานทำทั้งหมด,2567,สำนักงานสถิติแห่งชาติ,คน,275743
รวม,7663, สุรินทร์,ผู้มีงานทำทั้งหมด,2567,สำนักงานสถิติแห่งชาติ,คน,239960
รวม,7664, ศรีสะเกษ,ผู้มีงานทำทั้งหมด,2567,สำนักงานสถิติแห่งชาติ,คน,213666
รวม,7665, อุบลราชธานี,ผู้มีงานทำทั้งหมด,2567,สำนักงานสถิติแห่งชาติ,คน,404320
รวม,7666,ยโสธร,ผู้มีงานทำทั้งหมด,2567,สำนักงานสถิติแห่งชาติ,คน,103264
รวม,7667,ชัยภูมิ,ผู้มีงานทำทั้งหมด,2567,สำนักงานสถิติแห่งชาติ,คน,213467
รวม,7668, อำนาจเจริญ,ผู้มีงานทำทั้งหมด,2567,สำนักงานสถิติแห่งชาติ,คน,65745
รวม,7669, บึงกาฬ,ผู้มีงานทำทั้งหมด,2567,สำนักงานสถิติแห่งชาติ,คน,83047
รวม,7670, หนองบัวลำภู,ผู้มีงานทำทั้งหมด,2567,สำนักงานสถิติแห่งชาติ,คน,109560
รวม,7671, ขอนแก่น,ผู้มีงานทำทั้งหมด,2567,สำนักงานสถิติแห่งชาติ,คน,398916
รวม,7672, อุดรธานี,ผู้มีงานทำทั้งหมด,2567,สำนักงานสถิติแห่งชาติ,คน,291211
รวม,7673,เลย,ผู้มีงานทำทั้งหมด,2567,สำนักงานสถิติแห่งชาติ,คน,124488
รวม,7674, หนองคาย,ผู้มีงานทำทั้งหมด,2567,สำนักงานสถิติแห่งชาติ,คน,105923
รวม,7675,มหาสารคาม,ผู้มีงานทำทั้งหมด,2567,สำนักงานสถิติแห่งชาติ,คน,177767
รวม,7676, ร้อยเอ็ด,ผู้มีงานทำทั้งหมด,2567,สำนักงานสถิติแห่งชาติ,คน,242425
รวม,7677, กาฬสินธุ์,ผู้มีงานทำทั้งหมด,2567,สำนักงานสถิติแห่งชาติ,คน,181863
รวม,7678, สกลนคร,ผู้มีงานทำทั้งหมด,2567,สำนักงานสถิติแห่งชาติ,คน,211577
รวม,7679, นครพนม,ผู้มีงานทำทั้งหมด,2567,สำนักงานสถิติแห่งชาติ,คน,125497
รวม,7680, มุกดาหาร,ผู้มีงานทำทั้งหมด,2567,สำนักงานสถิติแห่งชาติ,คน,102436
รวม,7681,ภาคใต้,ผู้มีงานทำทั้งหมด,2567,สำนักงานสถิติแห่งชาติ,คน,1676123
รวม,7682, นครศรีธรรมราช,ผู้มีงานทำทั้งหมด,2567,สำนักงานสถิติแห่งชาติ,คน,267441
รวม,7683, กระบี่,ผู้มีงานทำทั้งหมด,2567,สำนักงานสถิติแห่งชาติ,คน,73624
รวม,7684, พังงา,ผู้มีงานทำทั้งหมด,2567,สำนักงานสถิติแห่งชาติ,คน,40423
รวม,7685,ภูเก็ต,ผู้มีงานทำทั้งหมด,2567,สำนักงานสถิติแห่งชาติ,คน,102020
รวม,7686,สุราษฎร์ธานี,ผู้มีงานทำทั้งหมด,2567,สำนักงานสถิติแห่งชาติ,คน,190298
รวม,7687, ระนอง,ผู้มีงานทำทั้งหมด,2567,สำนักงานสถิติแห่งชาติ,คน,45879
รวม,7688, ชุมพร,ผู้มีงานทำทั้งหมด,2567,สำนักงานสถิติแห่งชาติ,คน,80923
รวม,7689,สงขลา,ผู้มีงานทำทั้งหมด,2567,สำนักงานสถิติแห่งชาติ,คน,293362
รวม,7690, สตูล,ผู้มีงานทำทั้งหมด,2567,สำนักงานสถิติแห่งชาติ,คน,53087
รวม,7691, ตรัง,ผู้มีงานทำทั้งหมด,2567,สำนักงานสถิติแห่งชาติ,คน,109790
รวม,7692, พัทลุง,ผู้มีงานทำทั้งหมด,2567,สำนักงานสถิติแห่งชาติ,คน,86979
รวม,7693, ปัตตานี,ผู้มีงานทำทั้งหมด,2567,สำนักงานสถิติแห่งชาติ,คน,114679
รวม,7694, ยะลา,ผู้มีงานทำทั้งหมด,2567,สำนักงานสถิติแห่งชาติ,คน,85929
รวม,7695, นราธิวาส,ผู้มีงานทำทั้งหมด,2567,สำนักงานสถิติแห่งชาติ,คน,131689
ชาย,7696,จำนวน,ผู้สูงอายุทั้งหมด,2567,สำนักงานสถิติแห่งชาติ,คน,5957417
ชาย,7697, กรุงเทพมหานคร,ผู้สูงอายุทั้งหมด,2567,สำนักงานสถิติแห่งชาติ,คน,607920
ชาย,7698,ภาคกลาง,ผู้สูงอายุทั้งหมด,2567,สำนักงานสถิติแห่งชาติ,คน,1580086
ชาย,7699, สมุทรปราการ,ผู้สูงอายุทั้งหมด,2567,สำนักงานสถิติแห่งชาติ,คน,160727
ชาย,7700, นนทบุรี,ผู้สูงอายุทั้งหมด,2567,สำนักงานสถิติแห่งชาติ,คน,123839
ชาย,7701, ปทุมธานี,ผู้สูงอายุทั้งหมด,2567,สำนักงานสถิติแห่งชาติ,คน,121279
ชาย,7702, พระนครศรีอยุธยา,ผู้สูงอายุทั้งหมด,2567,สำนักงานสถิติแห่งชาติ,คน,78195
ชาย,7703, อ่างทอง,ผู้สูงอายุทั้งหมด,2567,สำนักงานสถิติแห่งชาติ,คน,21234
ชาย,7704, ลพบุรี,ผู้สูงอายุทั้งหมด,2567,สำนักงานสถิติแห่งชาติ,คน,66709
ชาย,7705, สิงห์บุรี,ผู้สูงอายุทั้งหมด,2567,สำนักงานสถิติแห่งชาติ,คน,15911
ชาย,7706, ชัยนาท,ผู้สูงอายุทั้งหมด,2567,สำนักงานสถิติแห่งชาติ,คน,25135
ชาย,7707,สระบุรี,ผู้สูงอายุทั้งหมด,2567,สำนักงานสถิติแห่งชาติ,คน,65977
ชาย,7708,ชลบุรี,ผู้สูงอายุทั้งหมด,2567,สำนักงานสถิติแห่งชาติ,คน,145509
ชาย,7709, ระยอง,ผู้สูงอายุทั้งหมด,2567,สำนักงานสถิติแห่งชาติ,คน,68571
ชาย,7710,จันทบุรี,ผู้สูงอายุทั้งหมด,2567,สำนักงานสถิติแห่งชาติ,คน,36610
ชาย,7711, ตราด,ผู้สูงอายุทั้งหมด,2567,สำนักงานสถิติแห่งชาติ,คน,18148
ชาย,7712,ฉะเชิงเทรา,ผู้สูงอายุทั้งหมด,2567,สำนักงานสถิติแห่งชาติ,คน,55922
ชาย,7713, ปราจีนบุรี,ผู้สูงอายุทั้งหมด,2567,สำนักงานสถิติแห่งชาติ,คน,43661
ชาย,7714, นครนายก,ผู้สูงอายุทั้งหมด,2567,สำนักงานสถิติแห่งชาติ,คน,17104
ชาย,7715,สระแก้ว,ผู้สูงอายุทั้งหมด,2567,สำนักงานสถิติแห่งชาติ,คน,44596
ชาย,7716, ราชบุรี,ผู้สูงอายุทั้งหมด,2567,สำนักงานสถิติแห่งชาติ,คน,73210
ชาย,7717, กาญจนบุรี,ผู้สูงอายุทั้งหมด,2567,สำนักงานสถิติแห่งชาติ,คน,77260
ชาย,7718, สุพรรณบุรี,ผู้สูงอายุทั้งหมด,2567,สำนักงานสถิติแห่งชาติ,คน,79287
ชาย,7719, นครปฐม,ผู้สูงอายุทั้งหมด,2567,สำนักงานสถิติแห่งชาติ,คน,78071
ชาย,7720, สมุทรสาคร,ผู้สูงอายุทั้งหมด,2567,สำนักงานสถิติแห่งชาติ,คน,57952
ชาย,7721, สมุทรสงคราม,ผู้สูงอายุทั้งหมด,2567,สำนักงานสถิติแห่งชาติ,คน,15440
ชาย,7722, เพชรบุรี,ผู้สูงอายุทั้งหมด,2567,สำนักงานสถิติแห่งชาติ,คน,45909
ชาย,7723, ประจวบคีรีขันธ์,ผู้สูงอายุทั้งหมด,2567,สำนักงานสถิติแห่งชาติ,คน,43830
ชาย,7724,ภาคเหนือ,ผู้สูงอายุทั้งหมด,2567,สำนักงานสถิติแห่งชาติ,คน,1246279
ชาย,7725, เชียงใหม่,ผู้สูงอายุทั้งหมด,2567,สำนักงานสถิติแห่งชาติ,คน,194062
ชาย,7726, ลำพูน,ผู้สูงอายุทั้งหมด,2567,สำนักงานสถิติแห่งชาติ,คน,41817
ชาย,7727, ลำปาง,ผู้สูงอายุทั้งหมด,2567,สำนักงานสถิติแห่งชาติ,คน,77422
ชาย,7728, อุตรดิตถ์,ผู้สูงอายุทั้งหมด,2567,สำนักงานสถิติแห่งชาติ,คน,44851
ชาย,7729, แพร่,ผู้สูงอายุทั้งหมด,2567,สำนักงานสถิติแห่งชาติ,คน,40641
ชาย,7730, น่าน,ผู้สูงอายุทั้งหมด,2567,สำนักงานสถิติแห่งชาติ,คน,49299
ชาย,7731, พะเยา,ผู้สูงอายุทั้งหมด,2567,สำนักงานสถิติแห่งชาติ,คน,39963
ชาย,7732, เชียงราย,ผู้สูงอายุทั้งหมด,2567,สำนักงานสถิติแห่งชาติ,คน,126017
ชาย,7733, แม่ฮ่องสอน,ผู้สูงอายุทั้งหมด,2567,สำนักงานสถิติแห่งชาติ,คน,27449
ชาย,7734, นครสวรรค์,ผู้สูงอายุทั้งหมด,2567,สำนักงานสถิติแห่งชาติ,คน,100563
ชาย,7735, อุทัยธานี,ผู้สูงอายุทั้งหมด,2567,สำนักงานสถิติแห่งชาติ,คน,30353
ชาย,7736, กำแพงเพชร,ผู้สูงอายุทั้งหมด,2567,สำนักงานสถิติแห่งชาติ,คน,88289
ชาย,7737, ตาก,ผู้สูงอายุทั้งหมด,2567,สำนักงานสถิติแห่งชาติ,คน,58840
ชาย,7738, สุโขทัย,ผู้สูงอายุทั้งหมด,2567,สำนักงานสถิติแห่งชาติ,คน,68539
ชาย,7739, พิษณุโลก,ผู้สูงอายุทั้งหมด,2567,สำนักงานสถิติแห่งชาติ,คน,101231
ชาย,7740, พิจิตร,ผู้สูงอายุทั้งหมด,2567,สำนักงานสถิติแห่งชาติ,คน,56027
ชาย,7741, เพชรบูรณ์,ผู้สูงอายุทั้งหมด,2567,สำนักงานสถิติแห่งชาติ,คน,100916
ชาย,7742,ภาคตะวันออกเฉียงเหนือ,ผู้สูงอายุทั้งหมด,2567,สำนักงานสถิติแห่งชาติ,คน,1814196
ชาย,7743,นครราชสีมา,ผู้สูงอายุทั้งหมด,2567,สำนักงานสถิติแห่งชาติ,คน,247716
ชาย,7744, บุรีรัมย์,ผู้สูงอายุทั้งหมด,2567,สำนักงานสถิติแห่งชาติ,คน,117603
ชาย,7745, สุรินทร์,ผู้สูงอายุทั้งหมด,2567,สำนักงานสถิติแห่งชาติ,คน,102352
ชาย,7746, ศรีสะเกษ,ผู้สูงอายุทั้งหมด,2567,สำนักงานสถิติแห่งชาติ,คน,91078
ชาย,7747, อุบลราชธานี,ผู้สูงอายุทั้งหมด,2567,สำนักงานสถิติแห่งชาติ,คน,172293
ชาย,7748,ยโสธร,ผู้สูงอายุทั้งหมด,2567,สำนักงานสถิติแห่งชาติ,คน,44011
ชาย,7749,ชัยภูมิ,ผู้สูงอายุทั้งหมด,2567,สำนักงานสถิติแห่งชาติ,คน,90984
ชาย,7750, อำนาจเจริญ,ผู้สูงอายุทั้งหมด,2567,สำนักงานสถิติแห่งชาติ,คน,28080
ชาย,7751, บึงกาฬ,ผู้สูงอายุทั้งหมด,2567,สำนักงานสถิติแห่งชาติ,คน,35789
ชาย,7752, หนองบัวลำภู,ผู้สูงอายุทั้งหมด,2567,สำนักงานสถิติแห่งชาติ,คน,46609
ชาย,7753, ขอนแก่น,ผู้สูงอายุทั้งหมด,2567,สำนักงานสถิติแห่งชาติ,คน,170523
ชาย,7754, อุดรธานี,ผู้สูงอายุทั้งหมด,2567,สำนักงานสถิติแห่งชาติ,คน,124921
ชาย,7755,เลย,ผู้สูงอายุทั้งหมด,2567,สำนักงานสถิติแห่งชาติ,คน,53145
ชาย,7756, หนองคาย,ผู้สูงอายุทั้งหมด,2567,สำนักงานสถิติแห่งชาติ,คน,45091
ชาย,7757,มหาสารคาม,ผู้สูงอายุทั้งหมด,2567,สำนักงานสถิติแห่งชาติ,คน,75776
ชาย,7758, ร้อยเอ็ด,ผู้สูงอายุทั้งหมด,2567,สำนักงานสถิติแห่งชาติ,คน,103384
ชาย,7759, กาฬสินธุ์,ผู้สูงอายุทั้งหมด,2567,สำนักงานสถิติแห่งชาติ,คน,77502
ชาย,7760, สกลนคร,ผู้สูงอายุทั้งหมด,2567,สำนักงานสถิติแห่งชาติ,คน,90153
ชาย,7761, นครพนม,ผู้สูงอายุทั้งหมด,2567,สำนักงานสถิติแห่งชาติ,คน,53517
ชาย,7762, มุกดาหาร,ผู้สูงอายุทั้งหมด,2567,สำนักงานสถิติแห่งชาติ,คน,43669
ชาย,7763,ภาคใต้,ผู้สูงอายุทั้งหมด,2567,สำนักงานสถิติแห่งชาติ,คน,708936
ชาย,7764, นครศรีธรรมราช,ผู้สูงอายุทั้งหมด,2567,สำนักงานสถิติแห่งชาติ,คน,112959
ชาย,7765, กระบี่,ผู้สูงอายุทั้งหมด,2567,สำนักงานสถิติแห่งชาติ,คน,30911
ชาย,7766, พังงา,ผู้สูงอายุทั้งหมด,2567,สำนักงานสถิติแห่งชาติ,คน,17101
ชาย,7767,ภูเก็ต,ผู้สูงอายุทั้งหมด,2567,สำนักงานสถิติแห่งชาติ,คน,44322
ชาย,7768,สุราษฎร์ธานี,ผู้สูงอายุทั้งหมด,2567,สำนักงานสถิติแห่งชาติ,คน,80372
ชาย,7769, ระนอง,ผู้สูงอายุทั้งหมด,2567,สำนักงานสถิติแห่งชาติ,คน,19385
ชาย,7770, ชุมพร,ผู้สูงอายุทั้งหมด,2567,สำนักงานสถิติแห่งชาติ,คน,34181
ชาย,7771,สงขลา,ผู้สูงอายุทั้งหมด,2567,สำนักงานสถิติแห่งชาติ,คน,123997
ชาย,7772, สตูล,ผู้สูงอายุทั้งหมด,2567,สำนักงานสถิติแห่งชาติ,คน,22400
ชาย,7773, ตรัง,ผู้สูงอายุทั้งหมด,2567,สำนักงานสถิติแห่งชาติ,คน,46351
ชาย,7774, พัทลุง,ผู้สูงอายุทั้งหมด,2567,สำนักงานสถิติแห่งชาติ,คน,36720
ชาย,7775, ปัตตานี,ผู้สูงอายุทั้งหมด,2567,สำนักงานสถิติแห่งชาติ,คน,48391
ชาย,7776, ยะลา,ผู้สูงอายุทั้งหมด,2567,สำนักงานสถิติแห่งชาติ,คน,36271
ชาย,7777, นราธิวาส,ผู้สูงอายุทั้งหมด,2567,สำนักงานสถิติแห่งชาติ,คน,55575
หญิง,7778,จำนวน,ผู้สูงอายุทั้งหมด,2567,สำนักงานสถิติแห่งชาติ,คน,8200617
หญิง,7779, กรุงเทพมหานคร,ผู้สูงอายุทั้งหมด,2567,สำนักงานสถิติแห่งชาติ,คน,865634
หญิง,7780,ภาคกลาง,ผู้สูงอายุทั้งหมด,2567,สำนักงานสถิติแห่งชาติ,คน,2242203
หญิง,7781, สมุทรปราการ,ผู้สูงอายุทั้งหมด,2567,สำนักงานสถิติแห่งชาติ,คน,231605
หญิง,7782, นนทบุรี,ผู้สูงอายุทั้งหมด,2567,สำนักงานสถิติแห่งชาติ,คน,177028
หญิง,7783, ปทุมธานี,ผู้สูงอายุทั้งหมด,2567,สำนักงานสถิติแห่งชาติ,คน,172656
หญิง,7784, พระนครศรีอยุธยา,ผู้สูงอายุทั้งหมด,2567,สำนักงานสถิติแห่งชาติ,คน,116969
หญิง,7785, อ่างทอง,ผู้สูงอายุทั้งหมด,2567,สำนักงานสถิติแห่งชาติ,คน,31837
หญิง,7786, ลพบุรี,ผู้สูงอายุทั้งหมด,2567,สำนักงานสถิติแห่งชาติ,คน,99918
หญิง,7787, สิงห์บุรี,ผู้สูงอายุทั้งหมด,2567,สำนักงานสถิติแห่งชาติ,คน,23855
หญิง,7788, ชัยนาท,ผู้สูงอายุทั้งหมด,2567,สำนักงานสถิติแห่งชาติ,คน,37586
หญิง,7789,สระบุรี,ผู้สูงอายุทั้งหมด,2567,สำนักงานสถิติแห่งชาติ,คน,98540
หญิง,7790,ชลบุรี,ผู้สูงอายุทั้งหมด,2567,สำนักงานสถิติแห่งชาติ,คน,175723
หญิง,7791, ระยอง,ผู้สูงอายุทั้งหมด,2567,สำนักงานสถิติแห่งชาติ,คน,95175
หญิง,7792,จันทบุรี,ผู้สูงอายุทั้งหมด,2567,สำนักงานสถิติแห่งชาติ,คน,51827
หญิง,7793, ตราด,ผู้สูงอายุทั้งหมด,2567,สำนักงานสถิติแห่งชาติ,คน,25799
หญิง,7794,ฉะเชิงเทรา,ผู้สูงอายุทั้งหมด,2567,สำนักงานสถิติแห่งชาติ,คน,78915
หญิง,7795, ปราจีนบุรี,ผู้สูงอายุทั้งหมด,2567,สำนักงานสถิติแห่งชาติ,คน,62455
หญิง,7796, นครนายก,ผู้สูงอายุทั้งหมด,2567,สำนักงานสถิติแห่งชาติ,คน,24242
หญิง,7797,สระแก้ว,ผู้สูงอายุทั้งหมด,2567,สำนักงานสถิติแห่งชาติ,คน,62000
หญิง,7798, ราชบุรี,ผู้สูงอายุทั้งหมด,2567,สำนักงานสถิติแห่งชาติ,คน,105174
หญิง,7799, กาญจนบุรี,ผู้สูงอายุทั้งหมด,2567,สำนักงานสถิติแห่งชาติ,คน,110982
หญิง,7800, สุพรรณบุรี,ผู้สูงอายุทั้งหมด,2567,สำนักงานสถิติแห่งชาติ,คน,113712
หญิง,7801, นครปฐม,ผู้สูงอายุทั้งหมด,2567,สำนักงานสถิติแห่งชาติ,คน,112556
หญิง,7802, สมุทรสาคร,ผู้สูงอายุทั้งหมด,2567,สำนักงานสถิติแห่งชาติ,คน,83928
หญิง,7803, สมุทรสงคราม,ผู้สูงอายุทั้งหมด,2567,สำนักงานสถิติแห่งชาติ,คน,22209
หญิง,7804, เพชรบุรี,ผู้สูงอายุทั้งหมด,2567,สำนักงานสถิติแห่งชาติ,คน,65585
หญิง,7805, ประจวบคีรีขันธ์,ผู้สูงอายุทั้งหมด,2567,สำนักงานสถิติแห่งชาติ,คน,61927
หญิง,7806,ภาคเหนือ,ผู้สูงอายุทั้งหมด,2567,สำนักงานสถิติแห่งชาติ,คน,1689158
หญิง,7807, เชียงใหม่,ผู้สูงอายุทั้งหมด,2567,สำนักงานสถิติแห่งชาติ,คน,261279
หญิง,7808, ลำพูน,ผู้สูงอายุทั้งหมด,2567,สำนักงานสถิติแห่งชาติ,คน,56533
หญิง,7809, ลำปาง,ผู้สูงอายุทั้งหมด,2567,สำนักงานสถิติแห่งชาติ,คน,105129
หญิง,7810, อุตรดิตถ์,ผู้สูงอายุทั้งหมด,2567,สำนักงานสถิติแห่งชาติ,คน,60893
หญิง,7811, แพร่,ผู้สูงอายุทั้งหมด,2567,สำนักงานสถิติแห่งชาติ,คน,55124
หญิง,7812, น่าน,ผู้สูงอายุทั้งหมด,2567,สำนักงานสถิติแห่งชาติ,คน,66971
หญิง,7813, พะเยา,ผู้สูงอายุทั้งหมด,2567,สำนักงานสถิติแห่งชาติ,คน,54236
หญิง,7814, เชียงราย,ผู้สูงอายุทั้งหมด,2567,สำนักงานสถิติแห่งชาติ,คน,170999
หญิง,7815, แม่ฮ่องสอน,ผู้สูงอายุทั้งหมด,2567,สำนักงานสถิติแห่งชาติ,คน,37250
หญิง,7816, นครสวรรค์,ผู้สูงอายุทั้งหมด,2567,สำนักงานสถิติแห่งชาติ,คน,136638
หญิง,7817, อุทัยธานี,ผู้สูงอายุทั้งหมด,2567,สำนักงานสถิติแห่งชาติ,คน,41222
หญิง,7818, กำแพงเพชร,ผู้สูงอายุทั้งหมด,2567,สำนักงานสถิติแห่งชาติ,คน,119938
หญิง,7819, ตาก,ผู้สูงอายุทั้งหมด,2567,สำนักงานสถิติแห่งชาติ,คน,79838
หญิง,7820, สุโขทัย,ผู้สูงอายุทั้งหมด,2567,สำนักงานสถิติแห่งชาติ,คน,93072
หญิง,7821, พิษณุโลก,ผู้สูงอายุทั้งหมด,2567,สำนักงานสถิติแห่งชาติ,คน,137434
หญิง,7822, พิจิตร,ผู้สูงอายุทั้งหมด,2567,สำนักงานสถิติแห่งชาติ,คน,75995
หญิง,7823, เพชรบูรณ์,ผู้สูงอายุทั้งหมด,2567,สำนักงานสถิติแห่งชาติ,คน,136607
หญิง,7824,ภาคตะวันออกเฉียงเหนือ,ผู้สูงอายุทั้งหมด,2567,สำนักงานสถิติแห่งชาติ,คน,2436435
หญิง,7825,นครราชสีมา,ผู้สูงอายุทั้งหมด,2567,สำนักงานสถิติแห่งชาติ,คน,332040
หญิง,7826, บุรีรัมย์,ผู้สูงอายุทั้งหมด,2567,สำนักงานสถิติแห่งชาติ,คน,158140
หญิง,7827, สุรินทร์,ผู้สูงอายุทั้งหมด,2567,สำนักงานสถิติแห่งชาติ,คน,137608
หญิง,7828, ศรีสะเกษ,ผู้สูงอายุทั้งหมด,2567,สำนักงานสถิติแห่งชาติ,คน,122588
หญิง,7829, อุบลราชธานี,ผู้สูงอายุทั้งหมด,2567,สำนักงานสถิติแห่งชาติ,คน,232027
หญิง,7830,ยโสธร,ผู้สูงอายุทั้งหมด,2567,สำนักงานสถิติแห่งชาติ,คน,59253
หญิง,7831,ชัยภูมิ,ผู้สูงอายุทั้งหมด,2567,สำนักงานสถิติแห่งชาติ,คน,122483
หญิง,7832, อำนาจเจริญ,ผู้สูงอายุทั้งหมด,2567,สำนักงานสถิติแห่งชาติ,คน,37665
หญิง,7833, บึงกาฬ,ผู้สูงอายุทั้งหมด,2567,สำนักงานสถิติแห่งชาติ,คน,47258
หญิง,7834, หนองบัวลำภู,ผู้สูงอายุทั้งหมด,2567,สำนักงานสถิติแห่งชาติ,คน,62951
หญิง,7835, ขอนแก่น,ผู้สูงอายุทั้งหมด,2567,สำนักงานสถิติแห่งชาติ,คน,228393
หญิง,7836, อุดรธานี,ผู้สูงอายุทั้งหมด,2567,สำนักงานสถิติแห่งชาติ,คน,166290
หญิง,7837,เลย,ผู้สูงอายุทั้งหมด,2567,สำนักงานสถิติแห่งชาติ,คน,71343
หญิง,7838, หนองคาย,ผู้สูงอายุทั้งหมด,2567,สำนักงานสถิติแห่งชาติ,คน,60832
หญิง,7839,มหาสารคาม,ผู้สูงอายุทั้งหมด,2567,สำนักงานสถิติแห่งชาติ,คน,101991
หญิง,7840, ร้อยเอ็ด,ผู้สูงอายุทั้งหมด,2567,สำนักงานสถิติแห่งชาติ,คน,139041
หญิง,7841, กาฬสินธุ์,ผู้สูงอายุทั้งหมด,2567,สำนักงานสถิติแห่งชาติ,คน,104361
หญิง,7842, สกลนคร,ผู้สูงอายุทั้งหมด,2567,สำนักงานสถิติแห่งชาติ,คน,121424
หญิง,7843, นครพนม,ผู้สูงอายุทั้งหมด,2567,สำนักงานสถิติแห่งชาติ,คน,71980
หญิง,7844, มุกดาหาร,ผู้สูงอายุทั้งหมด,2567,สำนักงานสถิติแห่งชาติ,คน,58767
หญิง,7845,ภาคใต้,ผู้สูงอายุทั้งหมด,2567,สำนักงานสถิติแห่งชาติ,คน,967187
หญิง,7846, นครศรีธรรมราช,ผู้สูงอายุทั้งหมด,2567,สำนักงานสถิติแห่งชาติ,คน,154482
หญิง,7847, กระบี่,ผู้สูงอายุทั้งหมด,2567,สำนักงานสถิติแห่งชาติ,คน,42713
หญิง,7848, พังงา,ผู้สูงอายุทั้งหมด,2567,สำนักงานสถิติแห่งชาติ,คน,23322
หญิง,7849,ภูเก็ต,ผู้สูงอายุทั้งหมด,2567,สำนักงานสถิติแห่งชาติ,คน,57698
หญิง,7850,สุราษฎร์ธานี,ผู้สูงอายุทั้งหมด,2567,สำนักงานสถิติแห่งชาติ,คน,109926
หญิง,7851, ระนอง,ผู้สูงอายุทั้งหมด,2567,สำนักงานสถิติแห่งชาติ,คน,26494
หญิง,7852, ชุมพร,ผู้สูงอายุทั้งหมด,2567,สำนักงานสถิติแห่งชาติ,คน,46742
หญิง,7853,สงขลา,ผู้สูงอายุทั้งหมด,2567,สำนักงานสถิติแห่งชาติ,คน,169365
หญิง,7854, สตูล,ผู้สูงอายุทั้งหมด,2567,สำนักงานสถิติแห่งชาติ,คน,30687
หญิง,7855, ตรัง,ผู้สูงอายุทั้งหมด,2567,สำนักงานสถิติแห่งชาติ,คน,63439
หญิง,7856, พัทลุง,ผู้สูงอายุทั้งหมด,2567,สำนักงานสถิติแห่งชาติ,คน,50259
หญิง,7857, ปัตตานี,ผู้สูงอายุทั้งหมด,2567,สำนักงานสถิติแห่งชาติ,คน,66288
หญิง,7858, ยะลา,ผู้สูงอายุทั้งหมด,2567,สำนักงานสถิติแห่งชาติ,คน,49658
หญิง,7859, นราธิวาส,ผู้สูงอายุทั้งหมด,2567,สำนักงานสถิติแห่งชาติ,คน,76114
รวม,7860,จำนวน,ผู้สูงอายุที่ทำงาน,2567,สำนักงานสถิติแห่งชาติ,คน,5264184
รวม,7861, กรุงเทพมหานคร,ผู้สูงอายุที่ทำงาน,2567,สำนักงานสถิติแห่งชาติ,คน,422503
รวม,7862,ภาคกลาง,ผู้สูงอายุที่ทำงาน,2567,สำนักงานสถิติแห่งชาติ,คน,1266913
รวม,7863, สมุทรปราการ,ผู้สูงอายุที่ทำงาน,2567,สำนักงานสถิติแห่งชาติ,คน,89396
รวม,7864, นนทบุรี,ผู้สูงอายุที่ทำงาน,2567,สำนักงานสถิติแห่งชาติ,คน,52400
รวม,7865, ปทุมธานี,ผู้สูงอายุที่ทำงาน,2567,สำนักงานสถิติแห่งชาติ,คน,66955
รวม,7866, พระนครศรีอยุธยา,ผู้สูงอายุที่ทำงาน,2567,สำนักงานสถิติแห่งชาติ,คน,58684
รวม,7867, อ่างทอง,ผู้สูงอายุที่ทำงาน,2567,สำนักงานสถิติแห่งชาติ,คน,16846
รวม,7868, ลพบุรี,ผู้สูงอายุที่ทำงาน,2567,สำนักงานสถิติแห่งชาติ,คน,58894
รวม,7869, สิงห์บุรี,ผู้สูงอายุที่ทำงาน,2567,สำนักงานสถิติแห่งชาติ,คน,15475
รวม,7870, ชัยนาท,ผู้สูงอายุที่ทำงาน,2567,สำนักงานสถิติแห่งชาติ,คน,27235
รวม,7871,สระบุรี,ผู้สูงอายุที่ทำงาน,2567,สำนักงานสถิติแห่งชาติ,คน,51124
รวม,7872,ชลบุรี,ผู้สูงอายุที่ทำงาน,2567,สำนักงานสถิติแห่งชาติ,คน,112567
รวม,7873, ระยอง,ผู้สูงอายุที่ทำงาน,2567,สำนักงานสถิติแห่งชาติ,คน,57013
รวม,7874,จันทบุรี,ผู้สูงอายุที่ทำงาน,2567,สำนักงานสถิติแห่งชาติ,คน,45820
รวม,7875, ตราด,ผู้สูงอายุที่ทำงาน,2567,สำนักงานสถิติแห่งชาติ,คน,17805
รวม,7876,ฉะเชิงเทรา,ผู้สูงอายุที่ทำงาน,2567,สำนักงานสถิติแห่งชาติ,คน,46970
รวม,7877, ปราจีนบุรี,ผู้สูงอายุที่ทำงาน,2567,สำนักงานสถิติแห่งชาติ,คน,38832
รวม,7878, นครนายก,ผู้สูงอายุที่ทำงาน,2567,สำนักงานสถิติแห่งชาติ,คน,11605
รวม,7879,สระแก้ว,ผู้สูงอายุที่ทำงาน,2567,สำนักงานสถิติแห่งชาติ,คน,40874
รวม,7880, ราชบุรี,ผู้สูงอายุที่ทำงาน,2567,สำนักงานสถิติแห่งชาติ,คน,70611
รวม,7881, กาญจนบุรี,ผู้สูงอายุที่ทำงาน,2567,สำนักงานสถิติแห่งชาติ,คน,76777
รวม,7882, สุพรรณบุรี,ผู้สูงอายุที่ทำงาน,2567,สำนักงานสถิติแห่งชาติ,คน,70214
รวม,7883, นครปฐม,ผู้สูงอายุที่ทำงาน,2567,สำนักงานสถิติแห่งชาติ,คน,86914
รวม,7884, สมุทรสาคร,ผู้สูงอายุที่ทำงาน,2567,สำนักงานสถิติแห่งชาติ,คน,46836
รวม,7885, สมุทรสงคราม,ผู้สูงอายุที่ทำงาน,2567,สำนักงานสถิติแห่งชาติ,คน,15812
รวม,7886, เพชรบุรี,ผู้สูงอายุที่ทำงาน,2567,สำนักงานสถิติแห่งชาติ,คน,43586
รวม,7887, ประจวบคีรีขันธ์,ผู้สูงอายุที่ทำงาน,2567,สำนักงานสถิติแห่งชาติ,คน,47669
รวม,7888,ภาคเหนือ,ผู้สูงอายุที่ทำงาน,2567,สำนักงานสถิติแห่งชาติ,คน,1197582
รวม,7889, เชียงใหม่,ผู้สูงอายุที่ทำงาน,2567,สำนักงานสถิติแห่งชาติ,คน,188675
รวม,7890, ลำพูน,ผู้สูงอายุที่ทำงาน,2567,สำนักงานสถิติแห่งชาติ,คน,43136
รวม,7891, ลำปาง,ผู้สูงอายุที่ทำงาน,2567,สำนักงานสถิติแห่งชาติ,คน,55449
รวม,7892, อุตรดิตถ์,ผู้สูงอายุที่ทำงาน,2567,สำนักงานสถิติแห่งชาติ,คน,42525
รวม,7893, แพร่,ผู้สูงอายุที่ทำงาน,2567,สำนักงานสถิติแห่งชาติ,คน,38413
รวม,7894, น่าน,ผู้สูงอายุที่ทำงาน,2567,สำนักงานสถิติแห่งชาติ,คน,49982
รวม,7895, พะเยา,ผู้สูงอายุที่ทำงาน,2567,สำนักงานสถิติแห่งชาติ,คน,35540
รวม,7896, เชียงราย,ผู้สูงอายุที่ทำงาน,2567,สำนักงานสถิติแห่งชาติ,คน,110797
รวม,7897, แม่ฮ่องสอน,ผู้สูงอายุที่ทำงาน,2567,สำนักงานสถิติแห่งชาติ,คน,24516
รวม,7898, นครสวรรค์,ผู้สูงอายุที่ทำงาน,2567,สำนักงานสถิติแห่งชาติ,คน,104999
รวม,7899, อุทัยธานี,ผู้สูงอายุที่ทำงาน,2567,สำนักงานสถิติแห่งชาติ,คน,32623
รวม,7900, กำแพงเพชร,ผู้สูงอายุที่ทำงาน,2567,สำนักงานสถิติแห่งชาติ,คน,98829
รวม,7901, ตาก,ผู้สูงอายุที่ทำงาน,2567,สำนักงานสถิติแห่งชาติ,คน,51512
รวม,7902, สุโขทัย,ผู้สูงอายุที่ทำงาน,2567,สำนักงานสถิติแห่งชาติ,คน,75521
รวม,7903, พิษณุโลก,ผู้สูงอายุที่ทำงาน,2567,สำนักงานสถิติแห่งชาติ,คน,101207
รวม,7904, พิจิตร,ผู้สูงอายุที่ทำงาน,2567,สำนักงานสถิติแห่งชาติ,คน,58735
รวม,7905, เพชรบูรณ์,ผู้สูงอายุที่ทำงาน,2567,สำนักงานสถิติแห่งชาติ,คน,85124
รวม,7906,ภาคตะวันออกเฉียงเหนือ,ผู้สูงอายุที่ทำงาน,2567,สำนักงานสถิติแห่งชาติ,คน,1707338
รวม,7907,นครราชสีมา,ผู้สูงอายุที่ทำงาน,2567,สำนักงานสถิติแห่งชาติ,คน,211804
รวม,7908, บุรีรัมย์,ผู้สูงอายุที่ทำงาน,2567,สำนักงานสถิติแห่งชาติ,คน,132725
รวม,7909, สุรินทร์,ผู้สูงอายุที่ทำงาน,2567,สำนักงานสถิติแห่งชาติ,คน,119482
รวม,7910, ศรีสะเกษ,ผู้สูงอายุที่ทำงาน,2567,สำนักงานสถิติแห่งชาติ,คน,132860
รวม,7911, อุบลราชธานี,ผู้สูงอายุที่ทำงาน,2567,สำนักงานสถิติแห่งชาติ,คน,129025
รวม,7912,ยโสธร,ผู้สูงอายุที่ทำงาน,2567,สำนักงานสถิติแห่งชาติ,คน,58452
รวม,7913,ชัยภูมิ,ผู้สูงอายุที่ทำงาน,2567,สำนักงานสถิติแห่งชาติ,คน,102715
รวม,7914, อำนาจเจริญ,ผู้สูงอายุที่ทำงาน,2567,สำนักงานสถิติแห่งชาติ,คน,31183
รวม,7915, บึงกาฬ,ผู้สูงอายุที่ทำงาน,2567,สำนักงานสถิติแห่งชาติ,คน,20003
รวม,7916, หนองบัวลำภู,ผู้สูงอายุที่ทำงาน,2567,สำนักงานสถิติแห่งชาติ,คน,37506
รวม,7917, ขอนแก่น,ผู้สูงอายุที่ทำงาน,2567,สำนักงานสถิติแห่งชาติ,คน,161121
รวม,7918, อุดรธานี,ผู้สูงอายุที่ทำงาน,2567,สำนักงานสถิติแห่งชาติ,คน,106138
รวม,7919,เลย,ผู้สูงอายุที่ทำงาน,2567,สำนักงานสถิติแห่งชาติ,คน,32810
รวม,7920, หนองคาย,ผู้สูงอายุที่ทำงาน,2567,สำนักงานสถิติแห่งชาติ,คน,31944
รวม,7921,มหาสารคาม,ผู้สูงอายุที่ทำงาน,2567,สำนักงานสถิติแห่งชาติ,คน,85638
รวม,7922, ร้อยเอ็ด,ผู้สูงอายุที่ทำงาน,2567,สำนักงานสถิติแห่งชาติ,คน,118595
รวม,7923, กาฬสินธุ์,ผู้สูงอายุที่ทำงาน,2567,สำนักงานสถิติแห่งชาติ,คน,63343
รวม,7924, สกลนคร,ผู้สูงอายุที่ทำงาน,2567,สำนักงานสถิติแห่งชาติ,คน,52804
รวม,7925, นครพนม,ผู้สูงอายุที่ทำงาน,2567,สำนักงานสถิติแห่งชาติ,คน,41431
รวม,7926, มุกดาหาร,ผู้สูงอายุที่ทำงาน,2567,สำนักงานสถิติแห่งชาติ,คน,37759
รวม,7927,ภาคใต้,ผู้สูงอายุที่ทำงาน,2567,สำนักงานสถิติแห่งชาติ,คน,669848
รวม,7928, นครศรีธรรมราช,ผู้สูงอายุที่ทำงาน,2567,สำนักงานสถิติแห่งชาติ,คน,128931
รวม,7929, กระบี่,ผู้สูงอายุที่ทำงาน,2567,สำนักงานสถิติแห่งชาติ,คน,31766
รวม,7930, พังงา,ผู้สูงอายุที่ทำงาน,2567,สำนักงานสถิติแห่งชาติ,คน,16094
รวม,7931,ภูเก็ต,ผู้สูงอายุที่ทำงาน,2567,สำนักงานสถิติแห่งชาติ,คน,36506
รวม,7932,สุราษฎร์ธานี,ผู้สูงอายุที่ทำงาน,2567,สำนักงานสถิติแห่งชาติ,คน,75683
รวม,7933, ระนอง,ผู้สูงอายุที่ทำงาน,2567,สำนักงานสถิติแห่งชาติ,คน,16483
รวม,7934, ชุมพร,ผู้สูงอายุที่ทำงาน,2567,สำนักงานสถิติแห่งชาติ,คน,34588
รวม,7935,สงขลา,ผู้สูงอายุที่ทำงาน,2567,สำนักงานสถิติแห่งชาติ,คน,98112
รวม,7936, สตูล,ผู้สูงอายุที่ทำงาน,2567,สำนักงานสถิติแห่งชาติ,คน,17976
รวม,7937, ตรัง,ผู้สูงอายุที่ทำงาน,2567,สำนักงานสถิติแห่งชาติ,คน,52523
รวม,7938, พัทลุง,ผู้สูงอายุที่ทำงาน,2567,สำนักงานสถิติแห่งชาติ,คน,43105
รวม,7939, ปัตตานี,ผู้สูงอายุที่ทำงาน,2567,สำนักงานสถิติแห่งชาติ,คน,44660
รวม,7940, ยะลา,ผู้สูงอายุที่ทำงาน,2567,สำนักงานสถิติแห่งชาติ,คน,33869
รวม,7941, นราธิวาส,ผู้สูงอายุที่ทำงาน,2567,สำนักงานสถิติแห่งชาติ,คน,39554
ชาย,7942,จำนวน,ผู้สูงอายุที่ทำงาน,2567,สำนักงานสถิติแห่งชาติ,คน,2892407
ชาย,7943, กรุงเทพมหานคร,ผู้สูงอายุที่ทำงาน,2567,สำนักงานสถิติแห่งชาติ,คน,212796
ชาย,7944,ภาคกลาง,ผู้สูงอายุที่ทำงาน,2567,สำนักงานสถิติแห่งชาติ,คน,662728
ชาย,7945, สมุทรปราการ,ผู้สูงอายุที่ทำงาน,2567,สำนักงานสถิติแห่งชาติ,คน,50379
ชาย,7946, นนทบุรี,ผู้สูงอายุที่ทำงาน,2567,สำนักงานสถิติแห่งชาติ,คน,29677
ชาย,7947, ปทุมธานี,ผู้สูงอายุที่ทำงาน,2567,สำนักงานสถิติแห่งชาติ,คน,32818
ชาย,7948, พระนครศรีอยุธยา,ผู้สูงอายุที่ทำงาน,2567,สำนักงานสถิติแห่งชาติ,คน,28457
ชาย,7949, อ่างทอง,ผู้สูงอายุที่ทำงาน,2567,สำนักงานสถิติแห่งชาติ,คน,7848
ชาย,7950, ลพบุรี,ผู้สูงอายุที่ทำงาน,2567,สำนักงานสถิติแห่งชาติ,คน,29579
ชาย,7951, สิงห์บุรี,ผู้สูงอายุที่ทำงาน,2567,สำนักงานสถิติแห่งชาติ,คน,7419
ชาย,7952, ชัยนาท,ผู้สูงอายุที่ทำงาน,2567,สำนักงานสถิติแห่งชาติ,คน,14216
ชาย,7953,สระบุรี,ผู้สูงอายุที่ทำงาน,2567,สำนักงานสถิติแห่งชาติ,คน,26132
ชาย,7954,ชลบุรี,ผู้สูงอายุที่ทำงาน,2567,สำนักงานสถิติแห่งชาติ,คน,64135
ชาย,7955, ระยอง,ผู้สูงอายุที่ทำงาน,2567,สำนักงานสถิติแห่งชาติ,คน,28904
ชาย,7956,จันทบุรี,ผู้สูงอายุที่ทำงาน,2567,สำนักงานสถิติแห่งชาติ,คน,22405
ชาย,7957, ตราด,ผู้สูงอายุที่ทำงาน,2567,สำนักงานสถิติแห่งชาติ,คน,9945
ชาย,7958,ฉะเชิงเทรา,ผู้สูงอายุที่ทำงาน,2567,สำนักงานสถิติแห่งชาติ,คน,25278
ชาย,7959, ปราจีนบุรี,ผู้สูงอายุที่ทำงาน,2567,สำนักงานสถิติแห่งชาติ,คน,20932
ชาย,7960, นครนายก,ผู้สูงอายุที่ทำงาน,2567,สำนักงานสถิติแห่งชาติ,คน,6458
ชาย,7961,สระแก้ว,ผู้สูงอายุที่ทำงาน,2567,สำนักงานสถิติแห่งชาติ,คน,23297
ชาย,7962, ราชบุรี,ผู้สูงอายุที่ทำงาน,2567,สำนักงานสถิติแห่งชาติ,คน,35501
ชาย,7963, กาญจนบุรี,ผู้สูงอายุที่ทำงาน,2567,สำนักงานสถิติแห่งชาติ,คน,39869
ชาย,7964, สุพรรณบุรี,ผู้สูงอายุที่ทำงาน,2567,สำนักงานสถิติแห่งชาติ,คน,37960
ชาย,7965, นครปฐม,ผู้สูงอายุที่ทำงาน,2567,สำนักงานสถิติแห่งชาติ,คน,41237
ชาย,7966, สมุทรสาคร,ผู้สูงอายุที่ทำงาน,2567,สำนักงานสถิติแห่งชาติ,คน,27488
ชาย,7967, สมุทรสงคราม,ผู้สูงอายุที่ทำงาน,2567,สำนักงานสถิติแห่งชาติ,คน,7942
ชาย,7968, เพชรบุรี,ผู้สูงอายุที่ทำงาน,2567,สำนักงานสถิติแห่งชาติ,คน,21907
ชาย,7969, ประจวบคีรีขันธ์,ผู้สูงอายุที่ทำงาน,2567,สำนักงานสถิติแห่งชาติ,คน,22944
ชาย,7970,ภาคเหนือ,ผู้สูงอายุที่ทำงาน,2567,สำนักงานสถิติแห่งชาติ,คน,657453
ชาย,7971, เชียงใหม่,ผู้สูงอายุที่ทำงาน,2567,สำนักงานสถิติแห่งชาติ,คน,95121
ชาย,7972, ลำพูน,ผู้สูงอายุที่ทำงาน,2567,สำนักงานสถิติแห่งชาติ,คน,22662
ชาย,7973, ลำปาง,ผู้สูงอายุที่ทำงาน,2567,สำนักงานสถิติแห่งชาติ,คน,31562
ชาย,7974, อุตรดิตถ์,ผู้สูงอายุที่ทำงาน,2567,สำนักงานสถิติแห่งชาติ,คน,24492
ชาย,7975, แพร่,ผู้สูงอายุที่ทำงาน,2567,สำนักงานสถิติแห่งชาติ,คน,21719
ชาย,7976, น่าน,ผู้สูงอายุที่ทำงาน,2567,สำนักงานสถิติแห่งชาติ,คน,28306
ชาย,7977, พะเยา,ผู้สูงอายุที่ทำงาน,2567,สำนักงานสถิติแห่งชาติ,คน,21217
ชาย,7978, เชียงราย,ผู้สูงอายุที่ทำงาน,2567,สำนักงานสถิติแห่งชาติ,คน,65952
ชาย,7979, แม่ฮ่องสอน,ผู้สูงอายุที่ทำงาน,2567,สำนักงานสถิติแห่งชาติ,คน,13595
ชาย,7980, นครสวรรค์,ผู้สูงอายุที่ทำงาน,2567,สำนักงานสถิติแห่งชาติ,คน,54930
ชาย,7981, อุทัยธานี,ผู้สูงอายุที่ทำงาน,2567,สำนักงานสถิติแห่งชาติ,คน,17675
ชาย,7982, กำแพงเพชร,ผู้สูงอายุที่ทำงาน,2567,สำนักงานสถิติแห่งชาติ,คน,50832
ชาย,7983, ตาก,ผู้สูงอายุที่ทำงาน,2567,สำนักงานสถิติแห่งชาติ,คน,32115
ชาย,7984, สุโขทัย,ผู้สูงอายุที่ทำงาน,2567,สำนักงานสถิติแห่งชาติ,คน,42016
ชาย,7985, พิษณุโลก,ผู้สูงอายุที่ทำงาน,2567,สำนักงานสถิติแห่งชาติ,คน,54533
ชาย,7986, พิจิตร,ผู้สูงอายุที่ทำงาน,2567,สำนักงานสถิติแห่งชาติ,คน,30300
ชาย,7987, เพชรบูรณ์,ผู้สูงอายุที่ทำงาน,2567,สำนักงานสถิติแห่งชาติ,คน,50425
ชาย,7988,ภาคตะวันออกเฉียงเหนือ,ผู้สูงอายุที่ทำงาน,2567,สำนักงานสถิติแห่งชาติ,คน,978776
ชาย,7989,นครราชสีมา,ผู้สูงอายุที่ทำงาน,2567,สำนักงานสถิติแห่งชาติ,คน,121887
ชาย,7990, บุรีรัมย์,ผู้สูงอายุที่ทำงาน,2567,สำนักงานสถิติแห่งชาติ,คน,75583
ชาย,7991, สุรินทร์,ผู้สูงอายุที่ทำงาน,2567,สำนักงานสถิติแห่งชาติ,คน,65173
ชาย,7992, ศรีสะเกษ,ผู้สูงอายุที่ทำงาน,2567,สำนักงานสถิติแห่งชาติ,คน,70251
ชาย,7993, อุบลราชธานี,ผู้สูงอายุที่ทำงาน,2567,สำนักงานสถิติแห่งชาติ,คน,78884
ชาย,7994,ยโสธร,ผู้สูงอายุที่ทำงาน,2567,สำนักงานสถิติแห่งชาติ,คน,29327
ชาย,7995,ชัยภูมิ,ผู้สูงอายุที่ทำงาน,2567,สำนักงานสถิติแห่งชาติ,คน,58863
ชาย,7996, อำนาจเจริญ,ผู้สูงอายุที่ทำงาน,2567,สำนักงานสถิติแห่งชาติ,คน,17171
ชาย,7997, บึงกาฬ,ผู้สูงอายุที่ทำงาน,2567,สำนักงานสถิติแห่งชาติ,คน,11834
ชาย,7998, หนองบัวลำภู,ผู้สูงอายุที่ทำงาน,2567,สำนักงานสถิติแห่งชาติ,คน,22197
ชาย,7999, ขอนแก่น,ผู้สูงอายุที่ทำงาน,2567,สำนักงานสถิติแห่งชาติ,คน,94092
ชาย,8000, อุดรธานี,ผู้สูงอายุที่ทำงาน,2567,สำนักงานสถิติแห่งชาติ,คน,60887
ชาย,8001,เลย,ผู้สูงอายุที่ทำงาน,2567,สำนักงานสถิติแห่งชาติ,คน,18840
ชาย,8002, หนองคาย,ผู้สูงอายุที่ทำงาน,2567,สำนักงานสถิติแห่งชาติ,คน,18341
ชาย,8003,มหาสารคาม,ผู้สูงอายุที่ทำงาน,2567,สำนักงานสถิติแห่งชาติ,คน,49064
ชาย,8004, ร้อยเอ็ด,ผู้สูงอายุที่ทำงาน,2567,สำนักงานสถิติแห่งชาติ,คน,67667
ชาย,8005, กาฬสินธุ์,ผู้สูงอายุที่ทำงาน,2567,สำนักงานสถิติแห่งชาติ,คน,40210
ชาย,8006, สกลนคร,ผู้สูงอายุที่ทำงาน,2567,สำนักงานสถิติแห่งชาติ,คน,32521
ชาย,8007, นครพนม,ผู้สูงอายุที่ทำงาน,2567,สำนักงานสถิติแห่งชาติ,คน,25575
ชาย,8008, มุกดาหาร,ผู้สูงอายุที่ทำงาน,2567,สำนักงานสถิติแห่งชาติ,คน,20409
ชาย,8009,ภาคใต้,ผู้สูงอายุที่ทำงาน,2567,สำนักงานสถิติแห่งชาติ,คน,380653
ชาย,8010, นครศรีธรรมราช,ผู้สูงอายุที่ทำงาน,2567,สำนักงานสถิติแห่งชาติ,คน,68201
ชาย,8011, กระบี่,ผู้สูงอายุที่ทำงาน,2567,สำนักงานสถิติแห่งชาติ,คน,17966
ชาย,8012, พังงา,ผู้สูงอายุที่ทำงาน,2567,สำนักงานสถิติแห่งชาติ,คน,9747
ชาย,8013,ภูเก็ต,ผู้สูงอายุที่ทำงาน,2567,สำนักงานสถิติแห่งชาติ,คน,20804
ชาย,8014,สุราษฎร์ธานี,ผู้สูงอายุที่ทำงาน,2567,สำนักงานสถิติแห่งชาติ,คน,47971
ชาย,8015, ระนอง,ผู้สูงอายุที่ทำงาน,2567,สำนักงานสถิติแห่งชาติ,คน,9752
ชาย,8016, ชุมพร,ผู้สูงอายุที่ทำงาน,2567,สำนักงานสถิติแห่งชาติ,คน,19320
ชาย,8017,สงขลา,ผู้สูงอายุที่ทำงาน,2567,สำนักงานสถิติแห่งชาติ,คน,53338
ชาย,8018, สตูล,ผู้สูงอายุที่ทำงาน,2567,สำนักงานสถิติแห่งชาติ,คน,11853
ชาย,8019, ตรัง,ผู้สูงอายุที่ทำงาน,2567,สำนักงานสถิติแห่งชาติ,คน,28082
ชาย,8020, พัทลุง,ผู้สูงอายุที่ทำงาน,2567,สำนักงานสถิติแห่งชาติ,คน,21221
ชาย,8021, ปัตตานี,ผู้สูงอายุที่ทำงาน,2567,สำนักงานสถิติแห่งชาติ,คน,26854
ชาย,8022, ยะลา,ผู้สูงอายุที่ทำงาน,2567,สำนักงานสถิติแห่งชาติ,คน,20320
ชาย,8023, นราธิวาส,ผู้สูงอายุที่ทำงาน,2567,สำนักงานสถิติแห่งชาติ,คน,25223
หญิง,8024,จำนวน,ผู้สูงอายุที่ทำงาน,2567,สำนักงานสถิติแห่งชาติ,คน,2371777
หญิง,8025, กรุงเทพมหานคร,ผู้สูงอายุที่ทำงาน,2567,สำนักงานสถิติแห่งชาติ,คน,209707
หญิง,8026,ภาคกลาง,ผู้สูงอายุที่ทำงาน,2567,สำนักงานสถิติแห่งชาติ,คน,604185
หญิง,8027, สมุทรปราการ,ผู้สูงอายุที่ทำงาน,2567,สำนักงานสถิติแห่งชาติ,คน,39017
หญิง,8028, นนทบุรี,ผู้สูงอายุที่ทำงาน,2567,สำนักงานสถิติแห่งชาติ,คน,22723
หญิง,8029, ปทุมธานี,ผู้สูงอายุที่ทำงาน,2567,สำนักงานสถิติแห่งชาติ,คน,34136
หญิง,8030, พระนครศรีอยุธยา,ผู้สูงอายุที่ทำงาน,2567,สำนักงานสถิติแห่งชาติ,คน,30227
หญิง,8031, อ่างทอง,ผู้สูงอายุที่ทำงาน,2567,สำนักงานสถิติแห่งชาติ,คน,8998
หญิง,8032, ลพบุรี,ผู้สูงอายุที่ทำงาน,2567,สำนักงานสถิติแห่งชาติ,คน,29315
หญิง,8033, สิงห์บุรี,ผู้สูงอายุที่ทำงาน,2567,สำนักงานสถิติแห่งชาติ,คน,8057
หญิง,8034, ชัยนาท,ผู้สูงอายุที่ทำงาน,2567,สำนักงานสถิติแห่งชาติ,คน,13019
หญิง,8035,สระบุรี,ผู้สูงอายุที่ทำงาน,2567,สำนักงานสถิติแห่งชาติ,คน,24993
หญิง,8036,ชลบุรี,ผู้สูงอายุที่ทำงาน,2567,สำนักงานสถิติแห่งชาติ,คน,48431
หญิง,8037, ระยอง,ผู้สูงอายุที่ทำงาน,2567,สำนักงานสถิติแห่งชาติ,คน,28109
หญิง,8038,จันทบุรี,ผู้สูงอายุที่ทำงาน,2567,สำนักงานสถิติแห่งชาติ,คน,23415
หญิง,8039, ตราด,ผู้สูงอายุที่ทำงาน,2567,สำนักงานสถิติแห่งชาติ,คน,7860
หญิง,8040,ฉะเชิงเทรา,ผู้สูงอายุที่ทำงาน,2567,สำนักงานสถิติแห่งชาติ,คน,21692
หญิง,8041, ปราจีนบุรี,ผู้สูงอายุที่ทำงาน,2567,สำนักงานสถิติแห่งชาติ,คน,17900
หญิง,8042, นครนายก,ผู้สูงอายุที่ทำงาน,2567,สำนักงานสถิติแห่งชาติ,คน,5146
หญิง,8043,สระแก้ว,ผู้สูงอายุที่ทำงาน,2567,สำนักงานสถิติแห่งชาติ,คน,17577
หญิง,8044, ราชบุรี,ผู้สูงอายุที่ทำงาน,2567,สำนักงานสถิติแห่งชาติ,คน,35110
หญิง,8045, กาญจนบุรี,ผู้สูงอายุที่ทำงาน,2567,สำนักงานสถิติแห่งชาติ,คน,36907
หญิง,8046, สุพรรณบุรี,ผู้สูงอายุที่ทำงาน,2567,สำนักงานสถิติแห่งชาติ,คน,32254
หญิง,8047, นครปฐม,ผู้สูงอายุที่ทำงาน,2567,สำนักงานสถิติแห่งชาติ,คน,45677
หญิง,8048, สมุทรสาคร,ผู้สูงอายุที่ทำงาน,2567,สำนักงานสถิติแห่งชาติ,คน,19348
หญิง,8049, สมุทรสงคราม,ผู้สูงอายุที่ทำงาน,2567,สำนักงานสถิติแห่งชาติ,คน,7870
หญิง,8050, เพชรบุรี,ผู้สูงอายุที่ทำงาน,2567,สำนักงานสถิติแห่งชาติ,คน,21679
หญิง,8051, ประจวบคีรีขันธ์,ผู้สูงอายุที่ทำงาน,2567,สำนักงานสถิติแห่งชาติ,คน,24724
หญิง,8052,ภาคเหนือ,ผู้สูงอายุที่ทำงาน,2567,สำนักงานสถิติแห่งชาติ,คน,540129
หญิง,8053, เชียงใหม่,ผู้สูงอายุที่ทำงาน,2567,สำนักงานสถิติแห่งชาติ,คน,93553
หญิง,8054, ลำพูน,ผู้สูงอายุที่ทำงาน,2567,สำนักงานสถิติแห่งชาติ,คน,20473
หญิง,8055, ลำปาง,ผู้สูงอายุที่ทำงาน,2567,สำนักงานสถิติแห่งชาติ,คน,23887
หญิง,8056, อุตรดิตถ์,ผู้สูงอายุที่ทำงาน,2567,สำนักงานสถิติแห่งชาติ,คน,18033
หญิง,8057, แพร่,ผู้สูงอายุที่ทำงาน,2567,สำนักงานสถิติแห่งชาติ,คน,16694
หญิง,8058, น่าน,ผู้สูงอายุที่ทำงาน,2567,สำนักงานสถิติแห่งชาติ,คน,21676
หญิง,8059, พะเยา,ผู้สูงอายุที่ทำงาน,2567,สำนักงานสถิติแห่งชาติ,คน,14323
หญิง,8060, เชียงราย,ผู้สูงอายุที่ทำงาน,2567,สำนักงานสถิติแห่งชาติ,คน,44845
หญิง,8061, แม่ฮ่องสอน,ผู้สูงอายุที่ทำงาน,2567,สำนักงานสถิติแห่งชาติ,คน,10921
หญิง,8062, นครสวรรค์,ผู้สูงอายุที่ทำงาน,2567,สำนักงานสถิติแห่งชาติ,คน,50069
หญิง,8063, อุทัยธานี,ผู้สูงอายุที่ทำงาน,2567,สำนักงานสถิติแห่งชาติ,คน,14948
หญิง,8064, กำแพงเพชร,ผู้สูงอายุที่ทำงาน,2567,สำนักงานสถิติแห่งชาติ,คน,47997
หญิง,8065, ตาก,ผู้สูงอายุที่ทำงาน,2567,สำนักงานสถิติแห่งชาติ,คน,19397
หญิง,8066, สุโขทัย,ผู้สูงอายุที่ทำงาน,2567,สำนักงานสถิติแห่งชาติ,คน,33505
หญิง,8067, พิษณุโลก,ผู้สูงอายุที่ทำงาน,2567,สำนักงานสถิติแห่งชาติ,คน,46673
หญิง,8068, พิจิตร,ผู้สูงอายุที่ทำงาน,2567,สำนักงานสถิติแห่งชาติ,คน,28435
หญิง,8069, เพชรบูรณ์,ผู้สูงอายุที่ทำงาน,2567,สำนักงานสถิติแห่งชาติ,คน,34699
หญิง,8070,ภาคตะวันออกเฉียงเหนือ,ผู้สูงอายุที่ทำงาน,2567,สำนักงานสถิติแห่งชาติ,คน,728561
หญิง,8071,นครราชสีมา,ผู้สูงอายุที่ทำงาน,2567,สำนักงานสถิติแห่งชาติ,คน,89917
หญิง,8072, บุรีรัมย์,ผู้สูงอายุที่ทำงาน,2567,สำนักงานสถิติแห่งชาติ,คน,57142
หญิง,8073, สุรินทร์,ผู้สูงอายุที่ทำงาน,2567,สำนักงานสถิติแห่งชาติ,คน,54309
หญิง,8074, ศรีสะเกษ,ผู้สูงอายุที่ทำงาน,2567,สำนักงานสถิติแห่งชาติ,คน,62609
หญิง,8075, อุบลราชธานี,ผู้สูงอายุที่ทำงาน,2567,สำนักงานสถิติแห่งชาติ,คน,50141
หญิง,8076,ยโสธร,ผู้สูงอายุที่ทำงาน,2567,สำนักงานสถิติแห่งชาติ,คน,29125
หญิง,8077,ชัยภูมิ,ผู้สูงอายุที่ทำงาน,2567,สำนักงานสถิติแห่งชาติ,คน,43852
หญิง,8078, อำนาจเจริญ,ผู้สูงอายุที่ทำงาน,2567,สำนักงานสถิติแห่งชาติ,คน,14012
หญิง,8079, บึงกาฬ,ผู้สูงอายุที่ทำงาน,2567,สำนักงานสถิติแห่งชาติ,คน,8169
หญิง,8080, หนองบัวลำภู,ผู้สูงอายุที่ทำงาน,2567,สำนักงานสถิติแห่งชาติ,คน,15309
หญิง,8081, ขอนแก่น,ผู้สูงอายุที่ทำงาน,2567,สำนักงานสถิติแห่งชาติ,คน,67028
หญิง,8082, อุดรธานี,ผู้สูงอายุที่ทำงาน,2567,สำนักงานสถิติแห่งชาติ,คน,45251
หญิง,8083,เลย,ผู้สูงอายุที่ทำงาน,2567,สำนักงานสถิติแห่งชาติ,คน,13971
หญิง,8084, หนองคาย,ผู้สูงอายุที่ทำงาน,2567,สำนักงานสถิติแห่งชาติ,คน,13604
หญิง,8085,มหาสารคาม,ผู้สูงอายุที่ทำงาน,2567,สำนักงานสถิติแห่งชาติ,คน,36573
หญิง,8086, ร้อยเอ็ด,ผู้สูงอายุที่ทำงาน,2567,สำนักงานสถิติแห่งชาติ,คน,50928
หญิง,8087, กาฬสินธุ์,ผู้สูงอายุที่ทำงาน,2567,สำนักงานสถิติแห่งชาติ,คน,23133
หญิง,8088, สกลนคร,ผู้สูงอายุที่ทำงาน,2567,สำนักงานสถิติแห่งชาติ,คน,20283
หญิง,8089, นครพนม,ผู้สูงอายุที่ทำงาน,2567,สำนักงานสถิติแห่งชาติ,คน,15856
หญิง,8090, มุกดาหาร,ผู้สูงอายุที่ทำงาน,2567,สำนักงานสถิติแห่งชาติ,คน,17349
หญิง,8091,ภาคใต้,ผู้สูงอายุที่ทำงาน,2567,สำนักงานสถิติแห่งชาติ,คน,289195
หญิง,8092, นครศรีธรรมราช,ผู้สูงอายุที่ทำงาน,2567,สำนักงานสถิติแห่งชาติ,คน,60729
หญิง,8093, กระบี่,ผู้สูงอายุที่ทำงาน,2567,สำนักงานสถิติแห่งชาติ,คน,13800
หญิง,8094, พังงา,ผู้สูงอายุที่ทำงาน,2567,สำนักงานสถิติแห่งชาติ,คน,6346
หญิง,8095,ภูเก็ต,ผู้สูงอายุที่ทำงาน,2567,สำนักงานสถิติแห่งชาติ,คน,15701
หญิง,8096,สุราษฎร์ธานี,ผู้สูงอายุที่ทำงาน,2567,สำนักงานสถิติแห่งชาติ,คน,27711
หญิง,8097, ระนอง,ผู้สูงอายุที่ทำงาน,2567,สำนักงานสถิติแห่งชาติ,คน,6731
หญิง,8098, ชุมพร,ผู้สูงอายุที่ทำงาน,2567,สำนักงานสถิติแห่งชาติ,คน,15268
หญิง,8099,สงขลา,ผู้สูงอายุที่ทำงาน,2567,สำนักงานสถิติแห่งชาติ,คน,44774
หญิง,8100, สตูล,ผู้สูงอายุที่ทำงาน,2567,สำนักงานสถิติแห่งชาติ,คน,6124
หญิง,8101, ตรัง,ผู้สูงอายุที่ทำงาน,2567,สำนักงานสถิติแห่งชาติ,คน,24440
หญิง,8102, พัทลุง,ผู้สูงอายุที่ทำงาน,2567,สำนักงานสถิติแห่งชาติ,คน,21884
หญิง,8103, ปัตตานี,ผู้สูงอายุที่ทำงาน,2567,สำนักงานสถิติแห่งชาติ,คน,17806
หญิง,8104, ยะลา,ผู้สูงอายุที่ทำงาน,2567,สำนักงานสถิติแห่งชาติ,คน,13548
หญิง,8105, นราธิวาส,ผู้สูงอายุที่ทำงาน,2567,สำนักงานสถิติแห่งชาติ,คน,14331
