﻿year,level_of_edu,quarter,_id,labor_force_sta,region,value,unit,source
2567,03. ประถมศึกษา,ไตรมาส 2,1,เรียนหนังสือ,1) กรุงเทพมหานคร,23.9,พันคน,สำนักงานสถิติแห่งชาติ
2567,04. มัธยมศึกษาตอนต้น,ไตรมาส 2,2,เรียนหนังสือ,1) กรุงเทพมหานคร,166.7,พันคน,สำนักงานสถิติแห่งชาติ
2567,05. มัธยมศึกษาตอนปลาย สายสามัญ,ไตรมาส 2,3,เรียนหนังสือ,1) กรุงเทพมหานคร,222.6,พันคน,สำนักงานสถิติแห่งชาติ
2567,06. มัธยมศึกษาตอนปลาย สายอาชีวศึกษา,ไตรมาส 2,4,เรียนหนังสือ,1) กรุงเทพมหานคร,20.1,พันคน,สำนักงานสถิติแห่งชาติ
2567,07. มัธยมศึกษาตอนปลาย สายวิชาการศึกษา,ไตรมาส 2,5,เรียนหนังสือ,1) กรุงเทพมหานคร,0.7,พันคน,สำนักงานสถิติแห่งชาติ
2567,08. อุดมศึกษา สายวิชาการ,ไตรมาส 2,6,เรียนหนังสือ,1) กรุงเทพมหานคร,7.2,พันคน,สำนักงานสถิติแห่งชาติ
2567,09. อุดมศึกษา สายวิชาชีพ,ไตรมาส 2,7,เรียนหนังสือ,1) กรุงเทพมหานคร,0.7,พันคน,สำนักงานสถิติแห่งชาติ
2567,10. อุดมศึกษา สายวิชาการศึกษา,ไตรมาส 2,8,เรียนหนังสือ,1) กรุงเทพมหานคร,2.3,พันคน,สำนักงานสถิติแห่งชาติ
2567,12. ไม่ทราบ,ไตรมาส 2,9,เรียนหนังสือ,1) กรุงเทพมหานคร,0.8,พันคน,สำนักงานสถิติแห่งชาติ
2567,01. ไม่มีการศึกษา,ไตรมาส 2,10,ยังเด็กชรา/ไม่สามารถทำงานได้,1) กรุงเทพมหานคร,49.0,พันคน,สำนักงานสถิติแห่งชาติ
2567,02. ต่ำกว่าประถมศึกษา,ไตรมาส 2,11,ยังเด็กชรา/ไม่สามารถทำงานได้,1) กรุงเทพมหานคร,259.9,พันคน,สำนักงานสถิติแห่งชาติ
2567,03. ประถมศึกษา,ไตรมาส 2,12,ยังเด็กชรา/ไม่สามารถทำงานได้,1) กรุงเทพมหานคร,120.2,พันคน,สำนักงานสถิติแห่งชาติ
2567,04. มัธยมศึกษาตอนต้น,ไตรมาส 2,13,ยังเด็กชรา/ไม่สามารถทำงานได้,1) กรุงเทพมหานคร,79.8,พันคน,สำนักงานสถิติแห่งชาติ
2567,05. มัธยมศึกษาตอนปลาย สายสามัญ,ไตรมาส 2,14,ยังเด็กชรา/ไม่สามารถทำงานได้,1) กรุงเทพมหานคร,46.4,พันคน,สำนักงานสถิติแห่งชาติ
2567,06. มัธยมศึกษาตอนปลาย สายอาชีวศึกษา,ไตรมาส 2,15,ยังเด็กชรา/ไม่สามารถทำงานได้,1) กรุงเทพมหานคร,39.8,พันคน,สำนักงานสถิติแห่งชาติ
2567,07. มัธยมศึกษาตอนปลาย สายวิชาการศึกษา,ไตรมาส 2,16,ยังเด็กชรา/ไม่สามารถทำงานได้,1) กรุงเทพมหานคร,0.9,พันคน,สำนักงานสถิติแห่งชาติ
2567,08. อุดมศึกษา สายวิชาการ,ไตรมาส 2,17,ยังเด็กชรา/ไม่สามารถทำงานได้,1) กรุงเทพมหานคร,87.0,พันคน,สำนักงานสถิติแห่งชาติ
2567,09. อุดมศึกษา สายวิชาชีพ,ไตรมาส 2,18,ยังเด็กชรา/ไม่สามารถทำงานได้,1) กรุงเทพมหานคร,24.0,พันคน,สำนักงานสถิติแห่งชาติ
2567,10. อุดมศึกษา สายวิชาการศึกษา,ไตรมาส 2,19,ยังเด็กชรา/ไม่สามารถทำงานได้,1) กรุงเทพมหานคร,20.9,พันคน,สำนักงานสถิติแห่งชาติ
2567,12. ไม่ทราบ,ไตรมาส 2,20,ยังเด็กชรา/ไม่สามารถทำงานได้,1) กรุงเทพมหานคร,14.3,พันคน,สำนักงานสถิติแห่งชาติ
2567,01. ไม่มีการศึกษา,ไตรมาส 2,21,อื่นๆ,1) กรุงเทพมหานคร,1.5,พันคน,สำนักงานสถิติแห่งชาติ
2567,02. ต่ำกว่าประถมศึกษา,ไตรมาส 2,22,อื่นๆ,1) กรุงเทพมหานคร,7.7,พันคน,สำนักงานสถิติแห่งชาติ
2567,03. ประถมศึกษา,ไตรมาส 2,23,อื่นๆ,1) กรุงเทพมหานคร,21.3,พันคน,สำนักงานสถิติแห่งชาติ
2567,04. มัธยมศึกษาตอนต้น,ไตรมาส 2,24,อื่นๆ,1) กรุงเทพมหานคร,26.9,พันคน,สำนักงานสถิติแห่งชาติ
2567,05. มัธยมศึกษาตอนปลาย สายสามัญ,ไตรมาส 2,25,อื่นๆ,1) กรุงเทพมหานคร,30.6,พันคน,สำนักงานสถิติแห่งชาติ
2567,06. มัธยมศึกษาตอนปลาย สายอาชีวศึกษา,ไตรมาส 2,26,อื่นๆ,1) กรุงเทพมหานคร,23.0,พันคน,สำนักงานสถิติแห่งชาติ
2567,08. อุดมศึกษา สายวิชาการ,ไตรมาส 2,27,อื่นๆ,1) กรุงเทพมหานคร,149.5,พันคน,สำนักงานสถิติแห่งชาติ
2567,09. อุดมศึกษา สายวิชาชีพ,ไตรมาส 2,28,อื่นๆ,1) กรุงเทพมหานคร,19.9,พันคน,สำนักงานสถิติแห่งชาติ
2567,10. อุดมศึกษา สายวิชาการศึกษา,ไตรมาส 2,29,อื่นๆ,1) กรุงเทพมหานคร,29.2,พันคน,สำนักงานสถิติแห่งชาติ
2567,12. ไม่ทราบ,ไตรมาส 2,30,อื่นๆ,1) กรุงเทพมหานคร,2.9,พันคน,สำนักงานสถิติแห่งชาติ
2567,01. ไม่มีการศึกษา,ไตรมาส 2,31,ทำงานบ้าน,2) ภาคกลาง,30.7,พันคน,สำนักงานสถิติแห่งชาติ
2567,02. ต่ำกว่าประถมศึกษา,ไตรมาส 2,32,ทำงานบ้าน,2) ภาคกลาง,295.1,พันคน,สำนักงานสถิติแห่งชาติ
2567,03. ประถมศึกษา,ไตรมาส 2,33,ทำงานบ้าน,2) ภาคกลาง,322.6,พันคน,สำนักงานสถิติแห่งชาติ
2567,04. มัธยมศึกษาตอนต้น,ไตรมาส 2,34,ทำงานบ้าน,2) ภาคกลาง,283.5,พันคน,สำนักงานสถิติแห่งชาติ
2567,05. มัธยมศึกษาตอนปลาย สายสามัญ,ไตรมาส 2,35,ทำงานบ้าน,2) ภาคกลาง,203.4,พันคน,สำนักงานสถิติแห่งชาติ
2567,06. มัธยมศึกษาตอนปลาย สายอาชีวศึกษา,ไตรมาส 2,36,ทำงานบ้าน,2) ภาคกลาง,79.5,พันคน,สำนักงานสถิติแห่งชาติ
2567,07. มัธยมศึกษาตอนปลาย สายวิชาการศึกษา,ไตรมาส 2,37,ทำงานบ้าน,2) ภาคกลาง,0.8,พันคน,สำนักงานสถิติแห่งชาติ
2567,08. อุดมศึกษา สายวิชาการ,ไตรมาส 2,38,ทำงานบ้าน,2) ภาคกลาง,157.2,พันคน,สำนักงานสถิติแห่งชาติ
2567,09. อุดมศึกษา สายวิชาชีพ,ไตรมาส 2,39,ทำงานบ้าน,2) ภาคกลาง,69.1,พันคน,สำนักงานสถิติแห่งชาติ
2567,10. อุดมศึกษา สายวิชาการศึกษา,ไตรมาส 2,40,ทำงานบ้าน,2) ภาคกลาง,24.0,พันคน,สำนักงานสถิติแห่งชาติ
2567,11. อื่น ๆ,ไตรมาส 2,41,ทำงานบ้าน,2) ภาคกลาง,4.2,พันคน,สำนักงานสถิติแห่งชาติ
2567,12. ไม่ทราบ,ไตรมาส 2,42,ทำงานบ้าน,2) ภาคกลาง,11.0,พันคน,สำนักงานสถิติแห่งชาติ
2567,02. ต่ำกว่าประถมศึกษา,ไตรมาส 2,43,เรียนหนังสือ,2) ภาคกลาง,0.9,พันคน,สำนักงานสถิติแห่งชาติ
2567,03. ประถมศึกษา,ไตรมาส 2,44,เรียนหนังสือ,2) ภาคกลาง,152.6,พันคน,สำนักงานสถิติแห่งชาติ
2567,04. มัธยมศึกษาตอนต้น,ไตรมาส 2,45,เรียนหนังสือ,2) ภาคกลาง,585.7,พันคน,สำนักงานสถิติแห่งชาติ
2567,05. มัธยมศึกษาตอนปลาย สายสามัญ,ไตรมาส 2,46,เรียนหนังสือ,2) ภาคกลาง,399.4,พันคน,สำนักงานสถิติแห่งชาติ
2567,06. มัธยมศึกษาตอนปลาย สายอาชีวศึกษา,ไตรมาส 2,47,เรียนหนังสือ,2) ภาคกลาง,97.2,พันคน,สำนักงานสถิติแห่งชาติ
2567,08. อุดมศึกษา สายวิชาการ,ไตรมาส 2,48,เรียนหนังสือ,2) ภาคกลาง,2.5,พันคน,สำนักงานสถิติแห่งชาติ
2567,09. อุดมศึกษา สายวิชาชีพ,ไตรมาส 2,49,เรียนหนังสือ,2) ภาคกลาง,10.0,พันคน,สำนักงานสถิติแห่งชาติ
2567,10. อุดมศึกษา สายวิชาการศึกษา,ไตรมาส 2,50,เรียนหนังสือ,2) ภาคกลาง,2.0,พันคน,สำนักงานสถิติแห่งชาติ
2567,01. ไม่มีการศึกษา,ไตรมาส 2,51,ยังเด็กชรา/ไม่สามารถทำงานได้,2) ภาคกลาง,155.6,พันคน,สำนักงานสถิติแห่งชาติ
2567,02. ต่ำกว่าประถมศึกษา,ไตรมาส 2,52,ยังเด็กชรา/ไม่สามารถทำงานได้,2) ภาคกลาง,1169.8,พันคน,สำนักงานสถิติแห่งชาติ
2567,03. ประถมศึกษา,ไตรมาส 2,53,ยังเด็กชรา/ไม่สามารถทำงานได้,2) ภาคกลาง,262.6,พันคน,สำนักงานสถิติแห่งชาติ
2567,04. มัธยมศึกษาตอนต้น,ไตรมาส 2,54,ยังเด็กชรา/ไม่สามารถทำงานได้,2) ภาคกลาง,146.8,พันคน,สำนักงานสถิติแห่งชาติ
2567,05. มัธยมศึกษาตอนปลาย สายสามัญ,ไตรมาส 2,55,ยังเด็กชรา/ไม่สามารถทำงานได้,2) ภาคกลาง,78.5,พันคน,สำนักงานสถิติแห่งชาติ
2567,06. มัธยมศึกษาตอนปลาย สายอาชีวศึกษา,ไตรมาส 2,56,ยังเด็กชรา/ไม่สามารถทำงานได้,2) ภาคกลาง,32.1,พันคน,สำนักงานสถิติแห่งชาติ
2567,07. มัธยมศึกษาตอนปลาย สายวิชาการศึกษา,ไตรมาส 2,57,ยังเด็กชรา/ไม่สามารถทำงานได้,2) ภาคกลาง,0.8,พันคน,สำนักงานสถิติแห่งชาติ
2567,08. อุดมศึกษา สายวิชาการ,ไตรมาส 2,58,ยังเด็กชรา/ไม่สามารถทำงานได้,2) ภาคกลาง,55.8,พันคน,สำนักงานสถิติแห่งชาติ
2567,09. อุดมศึกษา สายวิชาชีพ,ไตรมาส 2,59,ยังเด็กชรา/ไม่สามารถทำงานได้,2) ภาคกลาง,31.5,พันคน,สำนักงานสถิติแห่งชาติ
2567,10. อุดมศึกษา สายวิชาการศึกษา,ไตรมาส 2,60,ยังเด็กชรา/ไม่สามารถทำงานได้,2) ภาคกลาง,19.3,พันคน,สำนักงานสถิติแห่งชาติ
2567,11. อื่น ๆ,ไตรมาส 2,61,ยังเด็กชรา/ไม่สามารถทำงานได้,2) ภาคกลาง,1.1,พันคน,สำนักงานสถิติแห่งชาติ
2567,12. ไม่ทราบ,ไตรมาส 2,62,ยังเด็กชรา/ไม่สามารถทำงานได้,2) ภาคกลาง,11.9,พันคน,สำนักงานสถิติแห่งชาติ
2567,01. ไม่มีการศึกษา,ไตรมาส 2,63,อื่นๆ,2) ภาคกลาง,5.3,พันคน,สำนักงานสถิติแห่งชาติ
2567,02. ต่ำกว่าประถมศึกษา,ไตรมาส 2,64,อื่นๆ,2) ภาคกลาง,37.8,พันคน,สำนักงานสถิติแห่งชาติ
2567,03. ประถมศึกษา,ไตรมาส 2,65,อื่นๆ,2) ภาคกลาง,63.7,พันคน,สำนักงานสถิติแห่งชาติ
2567,04. มัธยมศึกษาตอนต้น,ไตรมาส 2,66,อื่นๆ,2) ภาคกลาง,116.4,พันคน,สำนักงานสถิติแห่งชาติ
2567,05. มัธยมศึกษาตอนปลาย สายสามัญ,ไตรมาส 2,67,อื่นๆ,2) ภาคกลาง,113.2,พันคน,สำนักงานสถิติแห่งชาติ
2567,06. มัธยมศึกษาตอนปลาย สายอาชีวศึกษา,ไตรมาส 2,68,อื่นๆ,2) ภาคกลาง,38.0,พันคน,สำนักงานสถิติแห่งชาติ
2567,08. อุดมศึกษา สายวิชาการ,ไตรมาส 2,69,อื่นๆ,2) ภาคกลาง,204.2,พันคน,สำนักงานสถิติแห่งชาติ
2567,09. อุดมศึกษา สายวิชาชีพ,ไตรมาส 2,70,อื่นๆ,2) ภาคกลาง,40.7,พันคน,สำนักงานสถิติแห่งชาติ
2567,10. อุดมศึกษา สายวิชาการศึกษา,ไตรมาส 2,71,อื่นๆ,2) ภาคกลาง,93.7,พันคน,สำนักงานสถิติแห่งชาติ
2567,12. ไม่ทราบ,ไตรมาส 2,72,อื่นๆ,2) ภาคกลาง,8.9,พันคน,สำนักงานสถิติแห่งชาติ
2567,01. ไม่มีการศึกษา,ไตรมาส 2,73,ทำงานบ้าน,3) ภาคเหนือ,61.1,พันคน,สำนักงานสถิติแห่งชาติ
2567,02. ต่ำกว่าประถมศึกษา,ไตรมาส 2,74,ทำงานบ้าน,3) ภาคเหนือ,251.1,พันคน,สำนักงานสถิติแห่งชาติ
2567,03. ประถมศึกษา,ไตรมาส 2,75,ทำงานบ้าน,3) ภาคเหนือ,151.3,พันคน,สำนักงานสถิติแห่งชาติ
2567,04. มัธยมศึกษาตอนต้น,ไตรมาส 2,76,ทำงานบ้าน,3) ภาคเหนือ,124.1,พันคน,สำนักงานสถิติแห่งชาติ
2567,05. มัธยมศึกษาตอนปลาย สายสามัญ,ไตรมาส 2,77,ทำงานบ้าน,3) ภาคเหนือ,114.8,พันคน,สำนักงานสถิติแห่งชาติ
2567,06. มัธยมศึกษาตอนปลาย สายอาชีวศึกษา,ไตรมาส 2,78,ทำงานบ้าน,3) ภาคเหนือ,25.2,พันคน,สำนักงานสถิติแห่งชาติ
2567,07. มัธยมศึกษาตอนปลาย สายวิชาการศึกษา,ไตรมาส 2,79,ทำงานบ้าน,3) ภาคเหนือ,0.1,พันคน,สำนักงานสถิติแห่งชาติ
2567,08. อุดมศึกษา สายวิชาการ,ไตรมาส 2,80,ทำงานบ้าน,3) ภาคเหนือ,43.4,พันคน,สำนักงานสถิติแห่งชาติ
2567,09. อุดมศึกษา สายวิชาชีพ,ไตรมาส 2,81,ทำงานบ้าน,3) ภาคเหนือ,19.9,พันคน,สำนักงานสถิติแห่งชาติ
2567,10. อุดมศึกษา สายวิชาการศึกษา,ไตรมาส 2,82,ทำงานบ้าน,3) ภาคเหนือ,12.2,พันคน,สำนักงานสถิติแห่งชาติ
2567,11. อื่น ๆ,ไตรมาส 2,83,ทำงานบ้าน,3) ภาคเหนือ,0.2,พันคน,สำนักงานสถิติแห่งชาติ
2567,12. ไม่ทราบ,ไตรมาส 2,84,ทำงานบ้าน,3) ภาคเหนือ,0.4,พันคน,สำนักงานสถิติแห่งชาติ
2567,02. ต่ำกว่าประถมศึกษา,ไตรมาส 2,85,เรียนหนังสือ,3) ภาคเหนือ,0.3,พันคน,สำนักงานสถิติแห่งชาติ
2567,03. ประถมศึกษา,ไตรมาส 2,86,เรียนหนังสือ,3) ภาคเหนือ,85.7,พันคน,สำนักงานสถิติแห่งชาติ
2567,04. มัธยมศึกษาตอนต้น,ไตรมาส 2,87,เรียนหนังสือ,3) ภาคเหนือ,388.0,พันคน,สำนักงานสถิติแห่งชาติ
2567,05. มัธยมศึกษาตอนปลาย สายสามัญ,ไตรมาส 2,88,เรียนหนังสือ,3) ภาคเหนือ,161.2,พันคน,สำนักงานสถิติแห่งชาติ
2567,06. มัธยมศึกษาตอนปลาย สายอาชีวศึกษา,ไตรมาส 2,89,เรียนหนังสือ,3) ภาคเหนือ,43.5,พันคน,สำนักงานสถิติแห่งชาติ
2567,08. อุดมศึกษา สายวิชาการ,ไตรมาส 2,90,เรียนหนังสือ,3) ภาคเหนือ,8.2,พันคน,สำนักงานสถิติแห่งชาติ
2567,09. อุดมศึกษา สายวิชาชีพ,ไตรมาส 2,91,เรียนหนังสือ,3) ภาคเหนือ,6.7,พันคน,สำนักงานสถิติแห่งชาติ
2567,10. อุดมศึกษา สายวิชาการศึกษา,ไตรมาส 2,92,เรียนหนังสือ,3) ภาคเหนือ,0.2,พันคน,สำนักงานสถิติแห่งชาติ
2567,01. ไม่มีการศึกษา,ไตรมาส 2,93,ยังเด็กชรา/ไม่สามารถทำงานได้,3) ภาคเหนือ,259.5,พันคน,สำนักงานสถิติแห่งชาติ
2567,02. ต่ำกว่าประถมศึกษา,ไตรมาส 2,94,ยังเด็กชรา/ไม่สามารถทำงานได้,3) ภาคเหนือ,919.0,พันคน,สำนักงานสถิติแห่งชาติ
2567,03. ประถมศึกษา,ไตรมาส 2,95,ยังเด็กชรา/ไม่สามารถทำงานได้,3) ภาคเหนือ,123.4,พันคน,สำนักงานสถิติแห่งชาติ
2567,04. มัธยมศึกษาตอนต้น,ไตรมาส 2,96,ยังเด็กชรา/ไม่สามารถทำงานได้,3) ภาคเหนือ,73.2,พันคน,สำนักงานสถิติแห่งชาติ
2567,05. มัธยมศึกษาตอนปลาย สายสามัญ,ไตรมาส 2,97,ยังเด็กชรา/ไม่สามารถทำงานได้,3) ภาคเหนือ,52.8,พันคน,สำนักงานสถิติแห่งชาติ
2567,06. มัธยมศึกษาตอนปลาย สายอาชีวศึกษา,ไตรมาส 2,98,ยังเด็กชรา/ไม่สามารถทำงานได้,3) ภาคเหนือ,12.8,พันคน,สำนักงานสถิติแห่งชาติ
2567,07. มัธยมศึกษาตอนปลาย สายวิชาการศึกษา,ไตรมาส 2,99,ยังเด็กชรา/ไม่สามารถทำงานได้,3) ภาคเหนือ,0.0,พันคน,สำนักงานสถิติแห่งชาติ
2567,08. อุดมศึกษา สายวิชาการ,ไตรมาส 2,100,ยังเด็กชรา/ไม่สามารถทำงานได้,3) ภาคเหนือ,21.1,พันคน,สำนักงานสถิติแห่งชาติ
2567,09. อุดมศึกษา สายวิชาชีพ,ไตรมาส 2,101,ยังเด็กชรา/ไม่สามารถทำงานได้,3) ภาคเหนือ,7.4,พันคน,สำนักงานสถิติแห่งชาติ
2567,10. อุดมศึกษา สายวิชาการศึกษา,ไตรมาส 2,102,ยังเด็กชรา/ไม่สามารถทำงานได้,3) ภาคเหนือ,5.5,พันคน,สำนักงานสถิติแห่งชาติ
2567,12. ไม่ทราบ,ไตรมาส 2,103,ยังเด็กชรา/ไม่สามารถทำงานได้,3) ภาคเหนือ,0.7,พันคน,สำนักงานสถิติแห่งชาติ
2567,01. ไม่มีการศึกษา,ไตรมาส 2,104,อื่นๆ,3) ภาคเหนือ,15.2,พันคน,สำนักงานสถิติแห่งชาติ
2567,02. ต่ำกว่าประถมศึกษา,ไตรมาส 2,105,อื่นๆ,3) ภาคเหนือ,31.1,พันคน,สำนักงานสถิติแห่งชาติ
2567,03. ประถมศึกษา,ไตรมาส 2,106,อื่นๆ,3) ภาคเหนือ,26.5,พันคน,สำนักงานสถิติแห่งชาติ
2567,04. มัธยมศึกษาตอนต้น,ไตรมาส 2,107,อื่นๆ,3) ภาคเหนือ,55.6,พันคน,สำนักงานสถิติแห่งชาติ
2567,05. มัธยมศึกษาตอนปลาย สายสามัญ,ไตรมาส 2,108,อื่นๆ,3) ภาคเหนือ,48.0,พันคน,สำนักงานสถิติแห่งชาติ
2567,06. มัธยมศึกษาตอนปลาย สายอาชีวศึกษา,ไตรมาส 2,109,อื่นๆ,3) ภาคเหนือ,14.3,พันคน,สำนักงานสถิติแห่งชาติ
2567,07. มัธยมศึกษาตอนปลาย สายวิชาการศึกษา,ไตรมาส 2,110,อื่นๆ,3) ภาคเหนือ,0.3,พันคน,สำนักงานสถิติแห่งชาติ
2567,08. อุดมศึกษา สายวิชาการ,ไตรมาส 2,111,อื่นๆ,3) ภาคเหนือ,79.4,พันคน,สำนักงานสถิติแห่งชาติ
2567,09. อุดมศึกษา สายวิชาชีพ,ไตรมาส 2,112,อื่นๆ,3) ภาคเหนือ,20.6,พันคน,สำนักงานสถิติแห่งชาติ
2567,10. อุดมศึกษา สายวิชาการศึกษา,ไตรมาส 2,113,อื่นๆ,3) ภาคเหนือ,56.5,พันคน,สำนักงานสถิติแห่งชาติ
2567,01. ไม่มีการศึกษา,ไตรมาส 2,114,ทำงานบ้าน,4) ภาคตะวันออกเฉียงเหนือ,12.1,พันคน,สำนักงานสถิติแห่งชาติ
2567,02. ต่ำกว่าประถมศึกษา,ไตรมาส 2,115,ทำงานบ้าน,4) ภาคตะวันออกเฉียงเหนือ,359.5,พันคน,สำนักงานสถิติแห่งชาติ
2567,03. ประถมศึกษา,ไตรมาส 2,116,ทำงานบ้าน,4) ภาคตะวันออกเฉียงเหนือ,330.6,พันคน,สำนักงานสถิติแห่งชาติ
2567,04. มัธยมศึกษาตอนต้น,ไตรมาส 2,117,ทำงานบ้าน,4) ภาคตะวันออกเฉียงเหนือ,179.9,พันคน,สำนักงานสถิติแห่งชาติ
2567,05. มัธยมศึกษาตอนปลาย สายสามัญ,ไตรมาส 2,118,ทำงานบ้าน,4) ภาคตะวันออกเฉียงเหนือ,197.1,พันคน,สำนักงานสถิติแห่งชาติ
2567,06. มัธยมศึกษาตอนปลาย สายอาชีวศึกษา,ไตรมาส 2,119,ทำงานบ้าน,4) ภาคตะวันออกเฉียงเหนือ,25.5,พันคน,สำนักงานสถิติแห่งชาติ
2567,08. อุดมศึกษา สายวิชาการ,ไตรมาส 2,120,ทำงานบ้าน,4) ภาคตะวันออกเฉียงเหนือ,47.1,พันคน,สำนักงานสถิติแห่งชาติ
2567,09. อุดมศึกษา สายวิชาชีพ,ไตรมาส 2,121,ทำงานบ้าน,4) ภาคตะวันออกเฉียงเหนือ,42.9,พันคน,สำนักงานสถิติแห่งชาติ
2567,10. อุดมศึกษา สายวิชาการศึกษา,ไตรมาส 2,122,ทำงานบ้าน,4) ภาคตะวันออกเฉียงเหนือ,5.8,พันคน,สำนักงานสถิติแห่งชาติ
2567,02. ต่ำกว่าประถมศึกษา,ไตรมาส 2,123,เรียนหนังสือ,4) ภาคตะวันออกเฉียงเหนือ,1.9,พันคน,สำนักงานสถิติแห่งชาติ
2567,03. ประถมศึกษา,ไตรมาส 2,124,เรียนหนังสือ,4) ภาคตะวันออกเฉียงเหนือ,234.1,พันคน,สำนักงานสถิติแห่งชาติ
2567,04. มัธยมศึกษาตอนต้น,ไตรมาส 2,125,เรียนหนังสือ,4) ภาคตะวันออกเฉียงเหนือ,794.8,พันคน,สำนักงานสถิติแห่งชาติ
2567,05. มัธยมศึกษาตอนปลาย สายสามัญ,ไตรมาส 2,126,เรียนหนังสือ,4) ภาคตะวันออกเฉียงเหนือ,277.7,พันคน,สำนักงานสถิติแห่งชาติ
2567,06. มัธยมศึกษาตอนปลาย สายอาชีวศึกษา,ไตรมาส 2,127,เรียนหนังสือ,4) ภาคตะวันออกเฉียงเหนือ,70.4,พันคน,สำนักงานสถิติแห่งชาติ
2567,08. อุดมศึกษา สายวิชาการ,ไตรมาส 2,128,เรียนหนังสือ,4) ภาคตะวันออกเฉียงเหนือ,3.0,พันคน,สำนักงานสถิติแห่งชาติ
2567,09. อุดมศึกษา สายวิชาชีพ,ไตรมาส 2,129,เรียนหนังสือ,4) ภาคตะวันออกเฉียงเหนือ,20.4,พันคน,สำนักงานสถิติแห่งชาติ
2567,10. อุดมศึกษา สายวิชาการศึกษา,ไตรมาส 2,130,เรียนหนังสือ,4) ภาคตะวันออกเฉียงเหนือ,0.6,พันคน,สำนักงานสถิติแห่งชาติ
2567,01. ไม่มีการศึกษา,ไตรมาส 2,131,ยังเด็กชรา/ไม่สามารถทำงานได้,4) ภาคตะวันออกเฉียงเหนือ,126.4,พันคน,สำนักงานสถิติแห่งชาติ
2567,02. ต่ำกว่าประถมศึกษา,ไตรมาส 2,132,ยังเด็กชรา/ไม่สามารถทำงานได้,4) ภาคตะวันออกเฉียงเหนือ,1824.1,พันคน,สำนักงานสถิติแห่งชาติ
2567,03. ประถมศึกษา,ไตรมาส 2,133,ยังเด็กชรา/ไม่สามารถทำงานได้,4) ภาคตะวันออกเฉียงเหนือ,219.3,พันคน,สำนักงานสถิติแห่งชาติ
2567,04. มัธยมศึกษาตอนต้น,ไตรมาส 2,134,ยังเด็กชรา/ไม่สามารถทำงานได้,4) ภาคตะวันออกเฉียงเหนือ,99.6,พันคน,สำนักงานสถิติแห่งชาติ
2567,05. มัธยมศึกษาตอนปลาย สายสามัญ,ไตรมาส 2,135,ยังเด็กชรา/ไม่สามารถทำงานได้,4) ภาคตะวันออกเฉียงเหนือ,66.0,พันคน,สำนักงานสถิติแห่งชาติ
2567,06. มัธยมศึกษาตอนปลาย สายอาชีวศึกษา,ไตรมาส 2,136,ยังเด็กชรา/ไม่สามารถทำงานได้,4) ภาคตะวันออกเฉียงเหนือ,7.7,พันคน,สำนักงานสถิติแห่งชาติ
2567,07. มัธยมศึกษาตอนปลาย สายวิชาการศึกษา,ไตรมาส 2,137,ยังเด็กชรา/ไม่สามารถทำงานได้,4) ภาคตะวันออกเฉียงเหนือ,0.1,พันคน,สำนักงานสถิติแห่งชาติ
2567,08. อุดมศึกษา สายวิชาการ,ไตรมาส 2,138,ยังเด็กชรา/ไม่สามารถทำงานได้,4) ภาคตะวันออกเฉียงเหนือ,10.7,พันคน,สำนักงานสถิติแห่งชาติ
2567,09. อุดมศึกษา สายวิชาชีพ,ไตรมาส 2,139,ยังเด็กชรา/ไม่สามารถทำงานได้,4) ภาคตะวันออกเฉียงเหนือ,8.4,พันคน,สำนักงานสถิติแห่งชาติ
2567,10. อุดมศึกษา สายวิชาการศึกษา,ไตรมาส 2,140,ยังเด็กชรา/ไม่สามารถทำงานได้,4) ภาคตะวันออกเฉียงเหนือ,4.0,พันคน,สำนักงานสถิติแห่งชาติ
2567,12. ไม่ทราบ,ไตรมาส 2,141,ยังเด็กชรา/ไม่สามารถทำงานได้,4) ภาคตะวันออกเฉียงเหนือ,0.2,พันคน,สำนักงานสถิติแห่งชาติ
2567,01. ไม่มีการศึกษา,ไตรมาส 2,142,อื่นๆ,4) ภาคตะวันออกเฉียงเหนือ,3.1,พันคน,สำนักงานสถิติแห่งชาติ
2567,02. ต่ำกว่าประถมศึกษา,ไตรมาส 2,143,อื่นๆ,4) ภาคตะวันออกเฉียงเหนือ,60.7,พันคน,สำนักงานสถิติแห่งชาติ
2567,03. ประถมศึกษา,ไตรมาส 2,144,อื่นๆ,4) ภาคตะวันออกเฉียงเหนือ,109.2,พันคน,สำนักงานสถิติแห่งชาติ
2567,04. มัธยมศึกษาตอนต้น,ไตรมาส 2,145,อื่นๆ,4) ภาคตะวันออกเฉียงเหนือ,116.2,พันคน,สำนักงานสถิติแห่งชาติ
2567,05. มัธยมศึกษาตอนปลาย สายสามัญ,ไตรมาส 2,146,อื่นๆ,4) ภาคตะวันออกเฉียงเหนือ,127.6,พันคน,สำนักงานสถิติแห่งชาติ
2567,06. มัธยมศึกษาตอนปลาย สายอาชีวศึกษา,ไตรมาส 2,147,อื่นๆ,4) ภาคตะวันออกเฉียงเหนือ,24.3,พันคน,สำนักงานสถิติแห่งชาติ
2567,07. มัธยมศึกษาตอนปลาย สายวิชาการศึกษา,ไตรมาส 2,148,อื่นๆ,4) ภาคตะวันออกเฉียงเหนือ,0.4,พันคน,สำนักงานสถิติแห่งชาติ
2567,08. อุดมศึกษา สายวิชาการ,ไตรมาส 2,149,อื่นๆ,4) ภาคตะวันออกเฉียงเหนือ,91.7,พันคน,สำนักงานสถิติแห่งชาติ
2567,09. อุดมศึกษา สายวิชาชีพ,ไตรมาส 2,150,อื่นๆ,4) ภาคตะวันออกเฉียงเหนือ,29.7,พันคน,สำนักงานสถิติแห่งชาติ
2567,10. อุดมศึกษา สายวิชาการศึกษา,ไตรมาส 2,151,อื่นๆ,4) ภาคตะวันออกเฉียงเหนือ,101.8,พันคน,สำนักงานสถิติแห่งชาติ
2567,12. ไม่ทราบ,ไตรมาส 2,152,อื่นๆ,4) ภาคตะวันออกเฉียงเหนือ,0.5,พันคน,สำนักงานสถิติแห่งชาติ
2567,01. ไม่มีการศึกษา,ไตรมาส 2,153,ทำงานบ้าน,5) ภาคใต้,35.3,พันคน,สำนักงานสถิติแห่งชาติ
2567,02. ต่ำกว่าประถมศึกษา,ไตรมาส 2,154,ทำงานบ้าน,5) ภาคใต้,157.8,พันคน,สำนักงานสถิติแห่งชาติ
2567,03. ประถมศึกษา,ไตรมาส 2,155,ทำงานบ้าน,5) ภาคใต้,205.4,พันคน,สำนักงานสถิติแห่งชาติ
2567,04. มัธยมศึกษาตอนต้น,ไตรมาส 2,156,ทำงานบ้าน,5) ภาคใต้,134.5,พันคน,สำนักงานสถิติแห่งชาติ
2567,05. มัธยมศึกษาตอนปลาย สายสามัญ,ไตรมาส 2,157,ทำงานบ้าน,5) ภาคใต้,138.0,พันคน,สำนักงานสถิติแห่งชาติ
2567,06. มัธยมศึกษาตอนปลาย สายอาชีวศึกษา,ไตรมาส 2,158,ทำงานบ้าน,5) ภาคใต้,18.5,พันคน,สำนักงานสถิติแห่งชาติ
2567,07. มัธยมศึกษาตอนปลาย สายวิชาการศึกษา,ไตรมาส 2,159,ทำงานบ้าน,5) ภาคใต้,0.2,พันคน,สำนักงานสถิติแห่งชาติ
2567,08. อุดมศึกษา สายวิชาการ,ไตรมาส 2,160,ทำงานบ้าน,5) ภาคใต้,72.2,พันคน,สำนักงานสถิติแห่งชาติ
2567,09. อุดมศึกษา สายวิชาชีพ,ไตรมาส 2,161,ทำงานบ้าน,5) ภาคใต้,28.3,พันคน,สำนักงานสถิติแห่งชาติ
2567,10. อุดมศึกษา สายวิชาการศึกษา,ไตรมาส 2,162,ทำงานบ้าน,5) ภาคใต้,13.0,พันคน,สำนักงานสถิติแห่งชาติ
2567,11. อื่น ๆ,ไตรมาส 2,163,ทำงานบ้าน,5) ภาคใต้,1.5,พันคน,สำนักงานสถิติแห่งชาติ
2567,12. ไม่ทราบ,ไตรมาส 2,164,ทำงานบ้าน,5) ภาคใต้,4.0,พันคน,สำนักงานสถิติแห่งชาติ
2567,02. ต่ำกว่าประถมศึกษา,ไตรมาส 2,165,เรียนหนังสือ,5) ภาคใต้,0.9,พันคน,สำนักงานสถิติแห่งชาติ
2567,03. ประถมศึกษา,ไตรมาส 2,166,เรียนหนังสือ,5) ภาคใต้,71.4,พันคน,สำนักงานสถิติแห่งชาติ
2567,04. มัธยมศึกษาตอนต้น,ไตรมาส 2,167,เรียนหนังสือ,5) ภาคใต้,376.7,พันคน,สำนักงานสถิติแห่งชาติ
2567,05. มัธยมศึกษาตอนปลาย สายสามัญ,ไตรมาส 2,168,เรียนหนังสือ,5) ภาคใต้,153.3,พันคน,สำนักงานสถิติแห่งชาติ
2567,06. มัธยมศึกษาตอนปลาย สายอาชีวศึกษา,ไตรมาส 2,169,เรียนหนังสือ,5) ภาคใต้,23.5,พันคน,สำนักงานสถิติแห่งชาติ
2567,08. อุดมศึกษา สายวิชาการ,ไตรมาส 2,170,เรียนหนังสือ,5) ภาคใต้,1.0,พันคน,สำนักงานสถิติแห่งชาติ
2567,09. อุดมศึกษา สายวิชาชีพ,ไตรมาส 2,171,เรียนหนังสือ,5) ภาคใต้,14.7,พันคน,สำนักงานสถิติแห่งชาติ
2567,12. ไม่ทราบ,ไตรมาส 2,172,เรียนหนังสือ,5) ภาคใต้,0.2,พันคน,สำนักงานสถิติแห่งชาติ
2567,01. ไม่มีการศึกษา,ไตรมาส 2,173,ยังเด็กชรา/ไม่สามารถทำงานได้,5) ภาคใต้,130.7,พันคน,สำนักงานสถิติแห่งชาติ
2567,02. ต่ำกว่าประถมศึกษา,ไตรมาส 2,174,ยังเด็กชรา/ไม่สามารถทำงานได้,5) ภาคใต้,438.4,พันคน,สำนักงานสถิติแห่งชาติ
2567,03. ประถมศึกษา,ไตรมาส 2,175,ยังเด็กชรา/ไม่สามารถทำงานได้,5) ภาคใต้,130.7,พันคน,สำนักงานสถิติแห่งชาติ
2567,04. มัธยมศึกษาตอนต้น,ไตรมาส 2,176,ยังเด็กชรา/ไม่สามารถทำงานได้,5) ภาคใต้,42.2,พันคน,สำนักงานสถิติแห่งชาติ
2567,05. มัธยมศึกษาตอนปลาย สายสามัญ,ไตรมาส 2,177,ยังเด็กชรา/ไม่สามารถทำงานได้,5) ภาคใต้,24.9,พันคน,สำนักงานสถิติแห่งชาติ
2567,06. มัธยมศึกษาตอนปลาย สายอาชีวศึกษา,ไตรมาส 2,178,ยังเด็กชรา/ไม่สามารถทำงานได้,5) ภาคใต้,7.2,พันคน,สำนักงานสถิติแห่งชาติ
2567,08. อุดมศึกษา สายวิชาการ,ไตรมาส 2,179,ยังเด็กชรา/ไม่สามารถทำงานได้,5) ภาคใต้,14.3,พันคน,สำนักงานสถิติแห่งชาติ
2567,09. อุดมศึกษา สายวิชาชีพ,ไตรมาส 2,180,ยังเด็กชรา/ไม่สามารถทำงานได้,5) ภาคใต้,10.4,พันคน,สำนักงานสถิติแห่งชาติ
2567,10. อุดมศึกษา สายวิชาการศึกษา,ไตรมาส 2,181,ยังเด็กชรา/ไม่สามารถทำงานได้,5) ภาคใต้,5.0,พันคน,สำนักงานสถิติแห่งชาติ
2567,11. อื่น ๆ,ไตรมาส 2,182,ยังเด็กชรา/ไม่สามารถทำงานได้,5) ภาคใต้,7.6,พันคน,สำนักงานสถิติแห่งชาติ
2567,12. ไม่ทราบ,ไตรมาส 2,183,ยังเด็กชรา/ไม่สามารถทำงานได้,5) ภาคใต้,1.6,พันคน,สำนักงานสถิติแห่งชาติ
2567,01. ไม่มีการศึกษา,ไตรมาส 2,184,อื่นๆ,5) ภาคใต้,1.0,พันคน,สำนักงานสถิติแห่งชาติ
2567,02. ต่ำกว่าประถมศึกษา,ไตรมาส 2,185,อื่นๆ,5) ภาคใต้,3.4,พันคน,สำนักงานสถิติแห่งชาติ
2567,03. ประถมศึกษา,ไตรมาส 2,186,อื่นๆ,5) ภาคใต้,21.6,พันคน,สำนักงานสถิติแห่งชาติ
2567,04. มัธยมศึกษาตอนต้น,ไตรมาส 2,187,อื่นๆ,5) ภาคใต้,20.1,พันคน,สำนักงานสถิติแห่งชาติ
2567,05. มัธยมศึกษาตอนปลาย สายสามัญ,ไตรมาส 2,188,อื่นๆ,5) ภาคใต้,22.2,พันคน,สำนักงานสถิติแห่งชาติ
2567,06. มัธยมศึกษาตอนปลาย สายอาชีวศึกษา,ไตรมาส 2,189,อื่นๆ,5) ภาคใต้,4.1,พันคน,สำนักงานสถิติแห่งชาติ
2567,07. มัธยมศึกษาตอนปลาย สายวิชาการศึกษา,ไตรมาส 2,190,อื่นๆ,5) ภาคใต้,0.1,พันคน,สำนักงานสถิติแห่งชาติ
2567,08. อุดมศึกษา สายวิชาการ,ไตรมาส 2,191,อื่นๆ,5) ภาคใต้,57.4,พันคน,สำนักงานสถิติแห่งชาติ
2567,09. อุดมศึกษา สายวิชาชีพ,ไตรมาส 2,192,อื่นๆ,5) ภาคใต้,12.5,พันคน,สำนักงานสถิติแห่งชาติ
2567,10. อุดมศึกษา สายวิชาการศึกษา,ไตรมาส 2,193,อื่นๆ,5) ภาคใต้,43.4,พันคน,สำนักงานสถิติแห่งชาติ
2567,12. ไม่ทราบ,ไตรมาส 2,194,อื่นๆ,5) ภาคใต้,1.3,พันคน,สำนักงานสถิติแห่งชาติ
2567,01. ไม่มีการศึกษา,ไตรมาส 3,195,ทำงานบ้าน,1) กรุงเทพมหานคร,13.9,พันคน,สำนักงานสถิติแห่งชาติ
2567,02. ต่ำกว่าประถมศึกษา,ไตรมาส 3,196,ทำงานบ้าน,1) กรุงเทพมหานคร,40.0,พันคน,สำนักงานสถิติแห่งชาติ
2567,03. ประถมศึกษา,ไตรมาส 3,197,ทำงานบ้าน,1) กรุงเทพมหานคร,122.2,พันคน,สำนักงานสถิติแห่งชาติ
2567,04. มัธยมศึกษาตอนต้น,ไตรมาส 3,198,ทำงานบ้าน,1) กรุงเทพมหานคร,87.2,พันคน,สำนักงานสถิติแห่งชาติ
2567,05. มัธยมศึกษาตอนปลาย สายสามัญ,ไตรมาส 3,199,ทำงานบ้าน,1) กรุงเทพมหานคร,72.8,พันคน,สำนักงานสถิติแห่งชาติ
2567,06. มัธยมศึกษาตอนปลาย สายอาชีวศึกษา,ไตรมาส 3,200,ทำงานบ้าน,1) กรุงเทพมหานคร,39.5,พันคน,สำนักงานสถิติแห่งชาติ
2567,08. อุดมศึกษา สายวิชาการ,ไตรมาส 3,201,ทำงานบ้าน,1) กรุงเทพมหานคร,110.1,พันคน,สำนักงานสถิติแห่งชาติ
2567,09. อุดมศึกษา สายวิชาชีพ,ไตรมาส 3,202,ทำงานบ้าน,1) กรุงเทพมหานคร,24.3,พันคน,สำนักงานสถิติแห่งชาติ
2567,10. อุดมศึกษา สายวิชาการศึกษา,ไตรมาส 3,203,ทำงานบ้าน,1) กรุงเทพมหานคร,5.7,พันคน,สำนักงานสถิติแห่งชาติ
2567,12. ไม่ทราบ,ไตรมาส 3,204,ทำงานบ้าน,1) กรุงเทพมหานคร,7.2,พันคน,สำนักงานสถิติแห่งชาติ
2567,03. ประถมศึกษา,ไตรมาส 3,205,เรียนหนังสือ,1) กรุงเทพมหานคร,28.1,พันคน,สำนักงานสถิติแห่งชาติ
2567,04. มัธยมศึกษาตอนต้น,ไตรมาส 3,206,เรียนหนังสือ,1) กรุงเทพมหานคร,164.0,พันคน,สำนักงานสถิติแห่งชาติ
2567,05. มัธยมศึกษาตอนปลาย สายสามัญ,ไตรมาส 3,207,เรียนหนังสือ,1) กรุงเทพมหานคร,228.9,พันคน,สำนักงานสถิติแห่งชาติ
2567,06. มัธยมศึกษาตอนปลาย สายอาชีวศึกษา,ไตรมาส 3,208,เรียนหนังสือ,1) กรุงเทพมหานคร,23.3,พันคน,สำนักงานสถิติแห่งชาติ
2567,07. มัธยมศึกษาตอนปลาย สายวิชาการศึกษา,ไตรมาส 3,209,เรียนหนังสือ,1) กรุงเทพมหานคร,6.6,พันคน,สำนักงานสถิติแห่งชาติ
2567,08. อุดมศึกษา สายวิชาการ,ไตรมาส 3,210,เรียนหนังสือ,1) กรุงเทพมหานคร,0.6,พันคน,สำนักงานสถิติแห่งชาติ
2567,09. อุดมศึกษา สายวิชาชีพ,ไตรมาส 3,211,เรียนหนังสือ,1) กรุงเทพมหานคร,0.9,พันคน,สำนักงานสถิติแห่งชาติ
2567,10. อุดมศึกษา สายวิชาการศึกษา,ไตรมาส 3,212,เรียนหนังสือ,1) กรุงเทพมหานคร,48.2,พันคน,สำนักงานสถิติแห่งชาติ
2567,12. ไม่ทราบ,ไตรมาส 3,213,เรียนหนังสือ,1) กรุงเทพมหานคร,274.6,พันคน,สำนักงานสถิติแห่งชาติ
2567,01. ไม่มีการศึกษา,ไตรมาส 3,214,ยังเด็กชรา/ไม่สามารถทำงานได้,1) กรุงเทพมหานคร,146.6,พันคน,สำนักงานสถิติแห่งชาติ
2567,02. ต่ำกว่าประถมศึกษา,ไตรมาส 3,215,ยังเด็กชรา/ไม่สามารถทำงานได้,1) กรุงเทพมหานคร,82.4,พันคน,สำนักงานสถิติแห่งชาติ
2567,03. ประถมศึกษา,ไตรมาส 3,216,ยังเด็กชรา/ไม่สามารถทำงานได้,1) กรุงเทพมหานคร,50.0,พันคน,สำนักงานสถิติแห่งชาติ
2567,04. มัธยมศึกษาตอนต้น,ไตรมาส 3,217,ยังเด็กชรา/ไม่สามารถทำงานได้,1) กรุงเทพมหานคร,44.1,พันคน,สำนักงานสถิติแห่งชาติ
2567,05. มัธยมศึกษาตอนปลาย สายสามัญ,ไตรมาส 3,218,ยังเด็กชรา/ไม่สามารถทำงานได้,1) กรุงเทพมหานคร,0.9,พันคน,สำนักงานสถิติแห่งชาติ
2567,06. มัธยมศึกษาตอนปลาย สายอาชีวศึกษา,ไตรมาส 3,219,ยังเด็กชรา/ไม่สามารถทำงานได้,1) กรุงเทพมหานคร,87.0,พันคน,สำนักงานสถิติแห่งชาติ
2567,07. มัธยมศึกษาตอนปลาย สายวิชาการศึกษา,ไตรมาส 3,220,ยังเด็กชรา/ไม่สามารถทำงานได้,1) กรุงเทพมหานคร,26.9,พันคน,สำนักงานสถิติแห่งชาติ
2567,08. อุดมศึกษา สายวิชาการ,ไตรมาส 3,221,ยังเด็กชรา/ไม่สามารถทำงานได้,1) กรุงเทพมหานคร,17.3,พันคน,สำนักงานสถิติแห่งชาติ
2567,09. อุดมศึกษา สายวิชาชีพ,ไตรมาส 3,222,ยังเด็กชรา/ไม่สามารถทำงานได้,1) กรุงเทพมหานคร,11.3,พันคน,สำนักงานสถิติแห่งชาติ
2567,10. อุดมศึกษา สายวิชาการศึกษา,ไตรมาส 3,223,ยังเด็กชรา/ไม่สามารถทำงานได้,1) กรุงเทพมหานคร,1.6,พันคน,สำนักงานสถิติแห่งชาติ
2567,12. ไม่ทราบ,ไตรมาส 3,224,ยังเด็กชรา/ไม่สามารถทำงานได้,1) กรุงเทพมหานคร,8.8,พันคน,สำนักงานสถิติแห่งชาติ
2567,01. ไม่มีการศึกษา,ไตรมาส 3,225,อื่นๆ,1) กรุงเทพมหานคร,38.7,พันคน,สำนักงานสถิติแห่งชาติ
2567,02. ต่ำกว่าประถมศึกษา,ไตรมาส 3,226,อื่นๆ,1) กรุงเทพมหานคร,25.8,พันคน,สำนักงานสถิติแห่งชาติ
2567,03. ประถมศึกษา,ไตรมาส 3,227,อื่นๆ,1) กรุงเทพมหานคร,38.1,พันคน,สำนักงานสถิติแห่งชาติ
2567,04. มัธยมศึกษาตอนต้น,ไตรมาส 3,228,อื่นๆ,1) กรุงเทพมหานคร,29.3,พันคน,สำนักงานสถิติแห่งชาติ
2567,05. มัธยมศึกษาตอนปลาย สายสามัญ,ไตรมาส 3,229,อื่นๆ,1) กรุงเทพมหานคร,158.7,พันคน,สำนักงานสถิติแห่งชาติ
2567,06. มัธยมศึกษาตอนปลาย สายอาชีวศึกษา,ไตรมาส 3,230,อื่นๆ,1) กรุงเทพมหานคร,25.7,พันคน,สำนักงานสถิติแห่งชาติ
2567,08. อุดมศึกษา สายวิชาการ,ไตรมาส 3,231,อื่นๆ,1) กรุงเทพมหานคร,33.6,พันคน,สำนักงานสถิติแห่งชาติ
2567,09. อุดมศึกษา สายวิชาชีพ,ไตรมาส 3,232,อื่นๆ,1) กรุงเทพมหานคร,4.4,พันคน,สำนักงานสถิติแห่งชาติ
2567,10. อุดมศึกษา สายวิชาการศึกษา,ไตรมาส 3,233,อื่นๆ,1) กรุงเทพมหานคร,38.7,พันคน,สำนักงานสถิติแห่งชาติ
2567,12. ไม่ทราบ,ไตรมาส 3,234,อื่นๆ,1) กรุงเทพมหานคร,302.7,พันคน,สำนักงานสถิติแห่งชาติ
2567,01. ไม่มีการศึกษา,ไตรมาส 3,235,ทำงานบ้าน,2) ภาคกลาง,330.0,พันคน,สำนักงานสถิติแห่งชาติ
2567,02. ต่ำกว่าประถมศึกษา,ไตรมาส 3,236,ทำงานบ้าน,2) ภาคกลาง,294.0,พันคน,สำนักงานสถิติแห่งชาติ
2567,03. ประถมศึกษา,ไตรมาส 3,237,ทำงานบ้าน,2) ภาคกลาง,224.7,พันคน,สำนักงานสถิติแห่งชาติ
2567,04. มัธยมศึกษาตอนต้น,ไตรมาส 3,238,ทำงานบ้าน,2) ภาคกลาง,58.0,พันคน,สำนักงานสถิติแห่งชาติ
2567,05. มัธยมศึกษาตอนปลาย สายสามัญ,ไตรมาส 3,239,ทำงานบ้าน,2) ภาคกลาง,152.5,พันคน,สำนักงานสถิติแห่งชาติ
2567,06. มัธยมศึกษาตอนปลาย สายอาชีวศึกษา,ไตรมาส 3,240,ทำงานบ้าน,2) ภาคกลาง,63.8,พันคน,สำนักงานสถิติแห่งชาติ
2567,07. มัธยมศึกษาตอนปลาย สายวิชาการศึกษา,ไตรมาส 3,241,ทำงานบ้าน,2) ภาคกลาง,16.5,พันคน,สำนักงานสถิติแห่งชาติ
2567,08. อุดมศึกษา สายวิชาการ,ไตรมาส 3,242,ทำงานบ้าน,2) ภาคกลาง,3.3,พันคน,สำนักงานสถิติแห่งชาติ
2567,09. อุดมศึกษา สายวิชาชีพ,ไตรมาส 3,243,ทำงานบ้าน,2) ภาคกลาง,13.5,พันคน,สำนักงานสถิติแห่งชาติ
2567,10. อุดมศึกษา สายวิชาการศึกษา,ไตรมาส 3,244,ทำงานบ้าน,2) ภาคกลาง,179.6,พันคน,สำนักงานสถิติแห่งชาติ
2567,11. อื่น ๆ,ไตรมาส 3,245,ทำงานบ้าน,2) ภาคกลาง,619.1,พันคน,สำนักงานสถิติแห่งชาติ
2567,12. ไม่ทราบ,ไตรมาส 3,246,ทำงานบ้าน,2) ภาคกลาง,378.2,พันคน,สำนักงานสถิติแห่งชาติ
2567,02. ต่ำกว่าประถมศึกษา,ไตรมาส 3,247,เรียนหนังสือ,2) ภาคกลาง,84.2,พันคน,สำนักงานสถิติแห่งชาติ
2567,03. ประถมศึกษา,ไตรมาส 3,248,เรียนหนังสือ,2) ภาคกลาง,4.6,พันคน,สำนักงานสถิติแห่งชาติ
2567,04. มัธยมศึกษาตอนต้น,ไตรมาส 3,249,เรียนหนังสือ,2) ภาคกลาง,12.5,พันคน,สำนักงานสถิติแห่งชาติ
2567,05. มัธยมศึกษาตอนปลาย สายสามัญ,ไตรมาส 3,250,เรียนหนังสือ,2) ภาคกลาง,0.1,พันคน,สำนักงานสถิติแห่งชาติ
2567,06. มัธยมศึกษาตอนปลาย สายอาชีวศึกษา,ไตรมาส 3,251,เรียนหนังสือ,2) ภาคกลาง,158.0,พันคน,สำนักงานสถิติแห่งชาติ
2567,08. อุดมศึกษา สายวิชาการ,ไตรมาส 3,252,เรียนหนังสือ,2) ภาคกลาง,1140.2,พันคน,สำนักงานสถิติแห่งชาติ
2567,09. อุดมศึกษา สายวิชาชีพ,ไตรมาส 3,253,เรียนหนังสือ,2) ภาคกลาง,319.7,พันคน,สำนักงานสถิติแห่งชาติ
2567,10. อุดมศึกษา สายวิชาการศึกษา,ไตรมาส 3,254,เรียนหนังสือ,2) ภาคกลาง,142.6,พันคน,สำนักงานสถิติแห่งชาติ
2567,01. ไม่มีการศึกษา,ไตรมาส 3,255,ยังเด็กชรา/ไม่สามารถทำงานได้,2) ภาคกลาง,82.6,พันคน,สำนักงานสถิติแห่งชาติ
2567,02. ต่ำกว่าประถมศึกษา,ไตรมาส 3,256,ยังเด็กชรา/ไม่สามารถทำงานได้,2) ภาคกลาง,31.0,พันคน,สำนักงานสถิติแห่งชาติ
2567,03. ประถมศึกษา,ไตรมาส 3,257,ยังเด็กชรา/ไม่สามารถทำงานได้,2) ภาคกลาง,60.2,พันคน,สำนักงานสถิติแห่งชาติ
2567,04. มัธยมศึกษาตอนต้น,ไตรมาส 3,258,ยังเด็กชรา/ไม่สามารถทำงานได้,2) ภาคกลาง,38.1,พันคน,สำนักงานสถิติแห่งชาติ
2567,05. มัธยมศึกษาตอนปลาย สายสามัญ,ไตรมาส 3,259,ยังเด็กชรา/ไม่สามารถทำงานได้,2) ภาคกลาง,13.2,พันคน,สำนักงานสถิติแห่งชาติ
2567,06. มัธยมศึกษาตอนปลาย สายอาชีวศึกษา,ไตรมาส 3,260,ยังเด็กชรา/ไม่สามารถทำงานได้,2) ภาคกลาง,0.4,พันคน,สำนักงานสถิติแห่งชาติ
2567,07. มัธยมศึกษาตอนปลาย สายวิชาการศึกษา,ไตรมาส 3,261,ยังเด็กชรา/ไม่สามารถทำงานได้,2) ภาคกลาง,12.2,พันคน,สำนักงานสถิติแห่งชาติ
2567,08. อุดมศึกษา สายวิชาการ,ไตรมาส 3,262,ยังเด็กชรา/ไม่สามารถทำงานได้,2) ภาคกลาง,4.5,พันคน,สำนักงานสถิติแห่งชาติ
2567,09. อุดมศึกษา สายวิชาชีพ,ไตรมาส 3,263,ยังเด็กชรา/ไม่สามารถทำงานได้,2) ภาคกลาง,61.2,พันคน,สำนักงานสถิติแห่งชาติ
2567,10. อุดมศึกษา สายวิชาการศึกษา,ไตรมาส 3,264,ยังเด็กชรา/ไม่สามารถทำงานได้,2) ภาคกลาง,65.3,พันคน,สำนักงานสถิติแห่งชาติ
2567,11. อื่น ๆ,ไตรมาส 3,265,ยังเด็กชรา/ไม่สามารถทำงานได้,2) ภาคกลาง,117.1,พันคน,สำนักงานสถิติแห่งชาติ
2567,12. ไม่ทราบ,ไตรมาส 3,266,ยังเด็กชรา/ไม่สามารถทำงานได้,2) ภาคกลาง,112.2,พันคน,สำนักงานสถิติแห่งชาติ
2567,01. ไม่มีการศึกษา,ไตรมาส 3,267,อื่นๆ,2) ภาคกลาง,42.7,พันคน,สำนักงานสถิติแห่งชาติ
2567,02. ต่ำกว่าประถมศึกษา,ไตรมาส 3,268,อื่นๆ,2) ภาคกลาง,0.5,พันคน,สำนักงานสถิติแห่งชาติ
2567,03. ประถมศึกษา,ไตรมาส 3,269,อื่นๆ,2) ภาคกลาง,205.1,พันคน,สำนักงานสถิติแห่งชาติ
2567,04. มัธยมศึกษาตอนต้น,ไตรมาส 3,270,อื่นๆ,2) ภาคกลาง,39.5,พันคน,สำนักงานสถิติแห่งชาติ
2567,05. มัธยมศึกษาตอนปลาย สายสามัญ,ไตรมาส 3,271,อื่นๆ,2) ภาคกลาง,87.5,พันคน,สำนักงานสถิติแห่งชาติ
2567,06. มัธยมศึกษาตอนปลาย สายอาชีวศึกษา,ไตรมาส 3,272,อื่นๆ,2) ภาคกลาง,0.7,พันคน,สำนักงานสถิติแห่งชาติ
2567,08. อุดมศึกษา สายวิชาการ,ไตรมาส 3,273,อื่นๆ,2) ภาคกลาง,11.7,พันคน,สำนักงานสถิติแห่งชาติ
2567,09. อุดมศึกษา สายวิชาชีพ,ไตรมาส 3,274,อื่นๆ,2) ภาคกลาง,61.2,พันคน,สำนักงานสถิติแห่งชาติ
2567,10. อุดมศึกษา สายวิชาการศึกษา,ไตรมาส 3,275,อื่นๆ,2) ภาคกลาง,240.8,พันคน,สำนักงานสถิติแห่งชาติ
2567,12. ไม่ทราบ,ไตรมาส 3,276,อื่นๆ,2) ภาคกลาง,147.6,พันคน,สำนักงานสถิติแห่งชาติ
2567,01. ไม่มีการศึกษา,ไตรมาส 3,277,ทำงานบ้าน,3) ภาคเหนือ,107.6,พันคน,สำนักงานสถิติแห่งชาติ
2567,02. ต่ำกว่าประถมศึกษา,ไตรมาส 3,278,ทำงานบ้าน,3) ภาคเหนือ,108.9,พันคน,สำนักงานสถิติแห่งชาติ
2567,03. ประถมศึกษา,ไตรมาส 3,279,ทำงานบ้าน,3) ภาคเหนือ,14.5,พันคน,สำนักงานสถิติแห่งชาติ
2567,04. มัธยมศึกษาตอนต้น,ไตรมาส 3,280,ทำงานบ้าน,3) ภาคเหนือ,41.9,พันคน,สำนักงานสถิติแห่งชาติ
2567,05. มัธยมศึกษาตอนปลาย สายสามัญ,ไตรมาส 3,281,ทำงานบ้าน,3) ภาคเหนือ,23.7,พันคน,สำนักงานสถิติแห่งชาติ
2567,06. มัธยมศึกษาตอนปลาย สายอาชีวศึกษา,ไตรมาส 3,282,ทำงานบ้าน,3) ภาคเหนือ,12.2,พันคน,สำนักงานสถิติแห่งชาติ
2567,07. มัธยมศึกษาตอนปลาย สายวิชาการศึกษา,ไตรมาส 3,283,ทำงานบ้าน,3) ภาคเหนือ,0.1,พันคน,สำนักงานสถิติแห่งชาติ
2567,08. อุดมศึกษา สายวิชาการ,ไตรมาส 3,284,ทำงานบ้าน,3) ภาคเหนือ,0.8,พันคน,สำนักงานสถิติแห่งชาติ
2567,09. อุดมศึกษา สายวิชาชีพ,ไตรมาส 3,285,ทำงานบ้าน,3) ภาคเหนือ,0.4,พันคน,สำนักงานสถิติแห่งชาติ
2567,10. อุดมศึกษา สายวิชาการศึกษา,ไตรมาส 3,286,ทำงานบ้าน,3) ภาคเหนือ,98.0,พันคน,สำนักงานสถิติแห่งชาติ
2567,11. อื่น ๆ,ไตรมาส 3,287,ทำงานบ้าน,3) ภาคเหนือ,389.4,พันคน,สำนักงานสถิติแห่งชาติ
2567,12. ไม่ทราบ,ไตรมาส 3,288,ทำงานบ้าน,3) ภาคเหนือ,172.9,พันคน,สำนักงานสถิติแห่งชาติ
2567,02. ต่ำกว่าประถมศึกษา,ไตรมาส 3,289,เรียนหนังสือ,3) ภาคเหนือ,54.7,พันคน,สำนักงานสถิติแห่งชาติ
2567,03. ประถมศึกษา,ไตรมาส 3,290,เรียนหนังสือ,3) ภาคเหนือ,2.1,พันคน,สำนักงานสถิติแห่งชาติ
2567,04. มัธยมศึกษาตอนต้น,ไตรมาส 3,291,เรียนหนังสือ,3) ภาคเหนือ,5.0,พันคน,สำนักงานสถิติแห่งชาติ
2567,05. มัธยมศึกษาตอนปลาย สายสามัญ,ไตรมาส 3,292,เรียนหนังสือ,3) ภาคเหนือ,0.3,พันคน,สำนักงานสถิติแห่งชาติ
2567,06. มัธยมศึกษาตอนปลาย สายอาชีวศึกษา,ไตรมาส 3,293,เรียนหนังสือ,3) ภาคเหนือ,262.1,พันคน,สำนักงานสถิติแห่งชาติ
2567,08. อุดมศึกษา สายวิชาการ,ไตรมาส 3,294,เรียนหนังสือ,3) ภาคเหนือ,906.5,พันคน,สำนักงานสถิติแห่งชาติ
2567,09. อุดมศึกษา สายวิชาชีพ,ไตรมาส 3,295,เรียนหนังสือ,3) ภาคเหนือ,119.2,พันคน,สำนักงานสถิติแห่งชาติ
2567,10. อุดมศึกษา สายวิชาการศึกษา,ไตรมาส 3,296,เรียนหนังสือ,3) ภาคเหนือ,74.7,พันคน,สำนักงานสถิติแห่งชาติ
2567,01. ไม่มีการศึกษา,ไตรมาส 3,297,ยังเด็กชรา/ไม่สามารถทำงานได้,3) ภาคเหนือ,40.7,พันคน,สำนักงานสถิติแห่งชาติ
2567,02. ต่ำกว่าประถมศึกษา,ไตรมาส 3,298,ยังเด็กชรา/ไม่สามารถทำงานได้,3) ภาคเหนือ,10.7,พันคน,สำนักงานสถิติแห่งชาติ
2567,03. ประถมศึกษา,ไตรมาส 3,299,ยังเด็กชรา/ไม่สามารถทำงานได้,3) ภาคเหนือ,0.9,พันคน,สำนักงานสถิติแห่งชาติ
2567,04. มัธยมศึกษาตอนต้น,ไตรมาส 3,300,ยังเด็กชรา/ไม่สามารถทำงานได้,3) ภาคเหนือ,14.4,พันคน,สำนักงานสถิติแห่งชาติ
2567,05. มัธยมศึกษาตอนปลาย สายสามัญ,ไตรมาส 3,301,ยังเด็กชรา/ไม่สามารถทำงานได้,3) ภาคเหนือ,5.8,พันคน,สำนักงานสถิติแห่งชาติ
2567,06. มัธยมศึกษาตอนปลาย สายอาชีวศึกษา,ไตรมาส 3,302,ยังเด็กชรา/ไม่สามารถทำงานได้,3) ภาคเหนือ,6.8,พันคน,สำนักงานสถิติแห่งชาติ
2567,07. มัธยมศึกษาตอนปลาย สายวิชาการศึกษา,ไตรมาส 3,303,ยังเด็กชรา/ไม่สามารถทำงานได้,3) ภาคเหนือ,0.5,พันคน,สำนักงานสถิติแห่งชาติ
2567,08. อุดมศึกษา สายวิชาการ,ไตรมาส 3,304,ยังเด็กชรา/ไม่สามารถทำงานได้,3) ภาคเหนือ,11.9,พันคน,สำนักงานสถิติแห่งชาติ
2567,09. อุดมศึกษา สายวิชาชีพ,ไตรมาส 3,305,ยังเด็กชรา/ไม่สามารถทำงานได้,3) ภาคเหนือ,27.8,พันคน,สำนักงานสถิติแห่งชาติ
2567,10. อุดมศึกษา สายวิชาการศึกษา,ไตรมาส 3,306,ยังเด็กชรา/ไม่สามารถทำงานได้,3) ภาคเหนือ,38.1,พันคน,สำนักงานสถิติแห่งชาติ
2567,12. ไม่ทราบ,ไตรมาส 3,307,ยังเด็กชรา/ไม่สามารถทำงานได้,3) ภาคเหนือ,46.7,พันคน,สำนักงานสถิติแห่งชาติ
2567,01. ไม่มีการศึกษา,ไตรมาส 3,308,อื่นๆ,3) ภาคเหนือ,61.4,พันคน,สำนักงานสถิติแห่งชาติ
2567,02. ต่ำกว่าประถมศึกษา,ไตรมาส 3,309,อื่นๆ,3) ภาคเหนือ,18.0,พันคน,สำนักงานสถิติแห่งชาติ
2567,03. ประถมศึกษา,ไตรมาส 3,310,อื่นๆ,3) ภาคเหนือ,0.0,พันคน,สำนักงานสถิติแห่งชาติ
2567,04. มัธยมศึกษาตอนต้น,ไตรมาส 3,311,อื่นๆ,3) ภาคเหนือ,83.9,พันคน,สำนักงานสถิติแห่งชาติ
2567,05. มัธยมศึกษาตอนปลาย สายสามัญ,ไตรมาส 3,312,อื่นๆ,3) ภาคเหนือ,18.7,พันคน,สำนักงานสถิติแห่งชาติ
2567,06. มัธยมศึกษาตอนปลาย สายอาชีวศึกษา,ไตรมาส 3,313,อื่นๆ,3) ภาคเหนือ,67.7,พันคน,สำนักงานสถิติแห่งชาติ
2567,07. มัธยมศึกษาตอนปลาย สายวิชาการศึกษา,ไตรมาส 3,314,อื่นๆ,3) ภาคเหนือ,0.5,พันคน,สำนักงานสถิติแห่งชาติ
2567,08. อุดมศึกษา สายวิชาการ,ไตรมาส 3,315,อื่นๆ,3) ภาคเหนือ,9.4,พันคน,สำนักงานสถิติแห่งชาติ
2567,09. อุดมศึกษา สายวิชาชีพ,ไตรมาส 3,316,อื่นๆ,3) ภาคเหนือ,321.9,พันคน,สำนักงานสถิติแห่งชาติ
2567,10. อุดมศึกษา สายวิชาการศึกษา,ไตรมาส 3,317,อื่นๆ,3) ภาคเหนือ,238.4,พันคน,สำนักงานสถิติแห่งชาติ
2567,01. ไม่มีการศึกษา,ไตรมาส 3,318,ทำงานบ้าน,4) ภาคตะวันออกเฉียงเหนือ,162.1,พันคน,สำนักงานสถิติแห่งชาติ
2567,02. ต่ำกว่าประถมศึกษา,ไตรมาส 3,319,ทำงานบ้าน,4) ภาคตะวันออกเฉียงเหนือ,189.7,พันคน,สำนักงานสถิติแห่งชาติ
2567,03. ประถมศึกษา,ไตรมาส 3,320,ทำงานบ้าน,4) ภาคตะวันออกเฉียงเหนือ,26.4,พันคน,สำนักงานสถิติแห่งชาติ
2567,04. มัธยมศึกษาตอนต้น,ไตรมาส 3,321,ทำงานบ้าน,4) ภาคตะวันออกเฉียงเหนือ,42.5,พันคน,สำนักงานสถิติแห่งชาติ
2567,05. มัธยมศึกษาตอนปลาย สายสามัญ,ไตรมาส 3,322,ทำงานบ้าน,4) ภาคตะวันออกเฉียงเหนือ,26.5,พันคน,สำนักงานสถิติแห่งชาติ
2567,06. มัธยมศึกษาตอนปลาย สายอาชีวศึกษา,ไตรมาส 3,323,ทำงานบ้าน,4) ภาคตะวันออกเฉียงเหนือ,8.9,พันคน,สำนักงานสถิติแห่งชาติ
2567,08. อุดมศึกษา สายวิชาการ,ไตรมาส 3,324,ทำงานบ้าน,4) ภาคตะวันออกเฉียงเหนือ,1.6,พันคน,สำนักงานสถิติแห่งชาติ
2567,09. อุดมศึกษา สายวิชาชีพ,ไตรมาส 3,325,ทำงานบ้าน,4) ภาคตะวันออกเฉียงเหนือ,272.3,พันคน,สำนักงานสถิติแห่งชาติ
2567,10. อุดมศึกษา สายวิชาการศึกษา,ไตรมาส 3,326,ทำงานบ้าน,4) ภาคตะวันออกเฉียงเหนือ,785.8,พันคน,สำนักงานสถิติแห่งชาติ
2567,02. ต่ำกว่าประถมศึกษา,ไตรมาส 3,327,เรียนหนังสือ,4) ภาคตะวันออกเฉียงเหนือ,270.4,พันคน,สำนักงานสถิติแห่งชาติ
2567,03. ประถมศึกษา,ไตรมาส 3,328,เรียนหนังสือ,4) ภาคตะวันออกเฉียงเหนือ,72.5,พันคน,สำนักงานสถิติแห่งชาติ
2567,04. มัธยมศึกษาตอนต้น,ไตรมาส 3,329,เรียนหนังสือ,4) ภาคตะวันออกเฉียงเหนือ,0.3,พันคน,สำนักงานสถิติแห่งชาติ
2567,05. มัธยมศึกษาตอนปลาย สายสามัญ,ไตรมาส 3,330,เรียนหนังสือ,4) ภาคตะวันออกเฉียงเหนือ,1.6,พันคน,สำนักงานสถิติแห่งชาติ
2567,06. มัธยมศึกษาตอนปลาย สายอาชีวศึกษา,ไตรมาส 3,331,เรียนหนังสือ,4) ภาคตะวันออกเฉียงเหนือ,13.0,พันคน,สำนักงานสถิติแห่งชาติ
2567,08. อุดมศึกษา สายวิชาการ,ไตรมาส 3,332,เรียนหนังสือ,4) ภาคตะวันออกเฉียงเหนือ,110.8,พันคน,สำนักงานสถิติแห่งชาติ
2567,09. อุดมศึกษา สายวิชาชีพ,ไตรมาส 3,333,เรียนหนังสือ,4) ภาคตะวันออกเฉียงเหนือ,1744.5,พันคน,สำนักงานสถิติแห่งชาติ
2567,10. อุดมศึกษา สายวิชาการศึกษา,ไตรมาส 3,334,เรียนหนังสือ,4) ภาคตะวันออกเฉียงเหนือ,191.0,พันคน,สำนักงานสถิติแห่งชาติ
2567,01. ไม่มีการศึกษา,ไตรมาส 3,335,ยังเด็กชรา/ไม่สามารถทำงานได้,4) ภาคตะวันออกเฉียงเหนือ,91.7,พันคน,สำนักงานสถิติแห่งชาติ
2567,02. ต่ำกว่าประถมศึกษา,ไตรมาส 3,336,ยังเด็กชรา/ไม่สามารถทำงานได้,4) ภาคตะวันออกเฉียงเหนือ,73.1,พันคน,สำนักงานสถิติแห่งชาติ
2567,03. ประถมศึกษา,ไตรมาส 3,337,ยังเด็กชรา/ไม่สามารถทำงานได้,4) ภาคตะวันออกเฉียงเหนือ,5.6,พันคน,สำนักงานสถิติแห่งชาติ
2567,04. มัธยมศึกษาตอนต้น,ไตรมาส 3,338,ยังเด็กชรา/ไม่สามารถทำงานได้,4) ภาคตะวันออกเฉียงเหนือ,1.0,พันคน,สำนักงานสถิติแห่งชาติ
2567,05. มัธยมศึกษาตอนปลาย สายสามัญ,ไตรมาส 3,339,ยังเด็กชรา/ไม่สามารถทำงานได้,4) ภาคตะวันออกเฉียงเหนือ,12.2,พันคน,สำนักงานสถิติแห่งชาติ
2567,06. มัธยมศึกษาตอนปลาย สายอาชีวศึกษา,ไตรมาส 3,340,ยังเด็กชรา/ไม่สามารถทำงานได้,4) ภาคตะวันออกเฉียงเหนือ,9.2,พันคน,สำนักงานสถิติแห่งชาติ
2567,07. มัธยมศึกษาตอนปลาย สายวิชาการศึกษา,ไตรมาส 3,341,ยังเด็กชรา/ไม่สามารถทำงานได้,4) ภาคตะวันออกเฉียงเหนือ,3.5,พันคน,สำนักงานสถิติแห่งชาติ
2567,08. อุดมศึกษา สายวิชาการ,ไตรมาส 3,342,ยังเด็กชรา/ไม่สามารถทำงานได้,4) ภาคตะวันออกเฉียงเหนือ,1.9,พันคน,สำนักงานสถิติแห่งชาติ
2567,09. อุดมศึกษา สายวิชาชีพ,ไตรมาส 3,343,ยังเด็กชรา/ไม่สามารถทำงานได้,4) ภาคตะวันออกเฉียงเหนือ,72.0,พันคน,สำนักงานสถิติแห่งชาติ
2567,10. อุดมศึกษา สายวิชาการศึกษา,ไตรมาส 3,344,ยังเด็กชรา/ไม่สามารถทำงานได้,4) ภาคตะวันออกเฉียงเหนือ,92.3,พันคน,สำนักงานสถิติแห่งชาติ
2567,12. ไม่ทราบ,ไตรมาส 3,345,ยังเด็กชรา/ไม่สามารถทำงานได้,4) ภาคตะวันออกเฉียงเหนือ,113.1,พันคน,สำนักงานสถิติแห่งชาติ
2567,01. ไม่มีการศึกษา,ไตรมาส 3,346,อื่นๆ,4) ภาคตะวันออกเฉียงเหนือ,102.5,พันคน,สำนักงานสถิติแห่งชาติ
2567,02. ต่ำกว่าประถมศึกษา,ไตรมาส 3,347,อื่นๆ,4) ภาคตะวันออกเฉียงเหนือ,16.6,พันคน,สำนักงานสถิติแห่งชาติ
2567,03. ประถมศึกษา,ไตรมาส 3,348,อื่นๆ,4) ภาคตะวันออกเฉียงเหนือ,0.3,พันคน,สำนักงานสถิติแห่งชาติ
2567,04. มัธยมศึกษาตอนต้น,ไตรมาส 3,349,อื่นๆ,4) ภาคตะวันออกเฉียงเหนือ,82.7,พันคน,สำนักงานสถิติแห่งชาติ
2567,05. มัธยมศึกษาตอนปลาย สายสามัญ,ไตรมาส 3,350,อื่นๆ,4) ภาคตะวันออกเฉียงเหนือ,15.1,พันคน,สำนักงานสถิติแห่งชาติ
2567,06. มัธยมศึกษาตอนปลาย สายอาชีวศึกษา,ไตรมาส 3,351,อื่นๆ,4) ภาคตะวันออกเฉียงเหนือ,96.6,พันคน,สำนักงานสถิติแห่งชาติ
2567,07. มัธยมศึกษาตอนปลาย สายวิชาการศึกษา,ไตรมาส 3,352,อื่นๆ,4) ภาคตะวันออกเฉียงเหนือ,0.3,พันคน,สำนักงานสถิติแห่งชาติ
2567,08. อุดมศึกษา สายวิชาการ,ไตรมาส 3,353,อื่นๆ,4) ภาคตะวันออกเฉียงเหนือ,25.4,พันคน,สำนักงานสถิติแห่งชาติ
2567,09. อุดมศึกษา สายวิชาชีพ,ไตรมาส 3,354,อื่นๆ,4) ภาคตะวันออกเฉียงเหนือ,159.4,พันคน,สำนักงานสถิติแห่งชาติ
2567,10. อุดมศึกษา สายวิชาการศึกษา,ไตรมาส 3,355,อื่นๆ,4) ภาคตะวันออกเฉียงเหนือ,193.2,พันคน,สำนักงานสถิติแห่งชาติ
2567,12. ไม่ทราบ,ไตรมาส 3,356,อื่นๆ,4) ภาคตะวันออกเฉียงเหนือ,123.4,พันคน,สำนักงานสถิติแห่งชาติ
2567,01. ไม่มีการศึกษา,ไตรมาส 3,357,ทำงานบ้าน,5) ภาคใต้,140.0,พันคน,สำนักงานสถิติแห่งชาติ
2567,02. ต่ำกว่าประถมศึกษา,ไตรมาส 3,358,ทำงานบ้าน,5) ภาคใต้,16.7,พันคน,สำนักงานสถิติแห่งชาติ
2567,03. ประถมศึกษา,ไตรมาส 3,359,ทำงานบ้าน,5) ภาคใต้,86.1,พันคน,สำนักงานสถิติแห่งชาติ
2567,04. มัธยมศึกษาตอนต้น,ไตรมาส 3,360,ทำงานบ้าน,5) ภาคใต้,23.4,พันคน,สำนักงานสถิติแห่งชาติ
2567,05. มัธยมศึกษาตอนปลาย สายสามัญ,ไตรมาส 3,361,ทำงานบ้าน,5) ภาคใต้,11.3,พันคน,สำนักงานสถิติแห่งชาติ
2567,06. มัธยมศึกษาตอนปลาย สายอาชีวศึกษา,ไตรมาส 3,362,ทำงานบ้าน,5) ภาคใต้,2.8,พันคน,สำนักงานสถิติแห่งชาติ
2567,07. มัธยมศึกษาตอนปลาย สายวิชาการศึกษา,ไตรมาส 3,363,ทำงานบ้าน,5) ภาคใต้,5.0,พันคน,สำนักงานสถิติแห่งชาติ
2567,08. อุดมศึกษา สายวิชาการ,ไตรมาส 3,364,ทำงานบ้าน,5) ภาคใต้,0.3,พันคน,สำนักงานสถิติแห่งชาติ
2567,09. อุดมศึกษา สายวิชาชีพ,ไตรมาส 3,365,ทำงานบ้าน,5) ภาคใต้,102.9,พันคน,สำนักงานสถิติแห่งชาติ
2567,10. อุดมศึกษา สายวิชาการศึกษา,ไตรมาส 3,366,ทำงานบ้าน,5) ภาคใต้,385.0,พันคน,สำนักงานสถิติแห่งชาติ
2567,11. อื่น ๆ,ไตรมาส 3,367,ทำงานบ้าน,5) ภาคใต้,138.9,พันคน,สำนักงานสถิติแห่งชาติ
2567,12. ไม่ทราบ,ไตรมาส 3,368,ทำงานบ้าน,5) ภาคใต้,25.8,พันคน,สำนักงานสถิติแห่งชาติ
2567,02. ต่ำกว่าประถมศึกษา,ไตรมาส 3,369,เรียนหนังสือ,5) ภาคใต้,4.2,พันคน,สำนักงานสถิติแห่งชาติ
2567,03. ประถมศึกษา,ไตรมาส 3,370,เรียนหนังสือ,5) ภาคใต้,5.4,พันคน,สำนักงานสถิติแห่งชาติ
2567,04. มัธยมศึกษาตอนต้น,ไตรมาส 3,371,เรียนหนังสือ,5) ภาคใต้,2.0,พันคน,สำนักงานสถิติแห่งชาติ
2567,05. มัธยมศึกษาตอนปลาย สายสามัญ,ไตรมาส 3,372,เรียนหนังสือ,5) ภาคใต้,0.0,พันคน,สำนักงานสถิติแห่งชาติ
2567,06. มัธยมศึกษาตอนปลาย สายอาชีวศึกษา,ไตรมาส 3,373,เรียนหนังสือ,5) ภาคใต้,140.2,พันคน,สำนักงานสถิติแห่งชาติ
2567,08. อุดมศึกษา สายวิชาการ,ไตรมาส 3,374,เรียนหนังสือ,5) ภาคใต้,447.9,พันคน,สำนักงานสถิติแห่งชาติ
2567,09. อุดมศึกษา สายวิชาชีพ,ไตรมาส 3,375,เรียนหนังสือ,5) ภาคใต้,132.1,พันคน,สำนักงานสถิติแห่งชาติ
2567,12. ไม่ทราบ,ไตรมาส 3,376,เรียนหนังสือ,5) ภาคใต้,35.5,พันคน,สำนักงานสถิติแห่งชาติ
2567,01. ไม่มีการศึกษา,ไตรมาส 3,377,ยังเด็กชรา/ไม่สามารถทำงานได้,5) ภาคใต้,26.9,พันคน,สำนักงานสถิติแห่งชาติ
2567,02. ต่ำกว่าประถมศึกษา,ไตรมาส 3,378,ยังเด็กชรา/ไม่สามารถทำงานได้,5) ภาคใต้,8.6,พันคน,สำนักงานสถิติแห่งชาติ
2567,03. ประถมศึกษา,ไตรมาส 3,379,ยังเด็กชรา/ไม่สามารถทำงานได้,5) ภาคใต้,16.9,พันคน,สำนักงานสถิติแห่งชาติ
2567,04. มัธยมศึกษาตอนต้น,ไตรมาส 3,380,ยังเด็กชรา/ไม่สามารถทำงานได้,5) ภาคใต้,11.5,พันคน,สำนักงานสถิติแห่งชาติ
2567,05. มัธยมศึกษาตอนปลาย สายสามัญ,ไตรมาส 3,381,ยังเด็กชรา/ไม่สามารถทำงานได้,5) ภาคใต้,4.3,พันคน,สำนักงานสถิติแห่งชาติ
2567,06. มัธยมศึกษาตอนปลาย สายอาชีวศึกษา,ไตรมาส 3,382,ยังเด็กชรา/ไม่สามารถทำงานได้,5) ภาคใต้,5.0,พันคน,สำนักงานสถิติแห่งชาติ
2567,08. อุดมศึกษา สายวิชาการ,ไตรมาส 3,383,ยังเด็กชรา/ไม่สามารถทำงานได้,5) ภาคใต้,0.9,พันคน,สำนักงานสถิติแห่งชาติ
2567,09. อุดมศึกษา สายวิชาชีพ,ไตรมาส 3,384,ยังเด็กชรา/ไม่สามารถทำงานได้,5) ภาคใต้,2.3,พันคน,สำนักงานสถิติแห่งชาติ
2567,10. อุดมศึกษา สายวิชาการศึกษา,ไตรมาส 3,385,ยังเด็กชรา/ไม่สามารถทำงานได้,5) ภาคใต้,3.8,พันคน,สำนักงานสถิติแห่งชาติ
2567,11. อื่น ๆ,ไตรมาส 3,386,ยังเด็กชรา/ไม่สามารถทำงานได้,5) ภาคใต้,21.2,พันคน,สำนักงานสถิติแห่งชาติ
2567,12. ไม่ทราบ,ไตรมาส 3,387,ยังเด็กชรา/ไม่สามารถทำงานได้,5) ภาคใต้,21.7,พันคน,สำนักงานสถิติแห่งชาติ
2567,01. ไม่มีการศึกษา,ไตรมาส 3,388,อื่นๆ,5) ภาคใต้,22.2,พันคน,สำนักงานสถิติแห่งชาติ
2567,02. ต่ำกว่าประถมศึกษา,ไตรมาส 3,389,อื่นๆ,5) ภาคใต้,8.5,พันคน,สำนักงานสถิติแห่งชาติ
2567,03. ประถมศึกษา,ไตรมาส 3,390,อื่นๆ,5) ภาคใต้,0.0,พันคน,สำนักงานสถิติแห่งชาติ
2567,04. มัธยมศึกษาตอนต้น,ไตรมาส 3,391,อื่นๆ,5) ภาคใต้,56.4,พันคน,สำนักงานสถิติแห่งชาติ
2567,05. มัธยมศึกษาตอนปลาย สายสามัญ,ไตรมาส 3,392,อื่นๆ,5) ภาคใต้,12.9,พันคน,สำนักงานสถิติแห่งชาติ
2567,06. มัธยมศึกษาตอนปลาย สายอาชีวศึกษา,ไตรมาส 3,393,อื่นๆ,5) ภาคใต้,34.1,พันคน,สำนักงานสถิติแห่งชาติ
2567,07. มัธยมศึกษาตอนปลาย สายวิชาการศึกษา,ไตรมาส 3,394,อื่นๆ,5) ภาคใต้,0.9,พันคน,สำนักงานสถิติแห่งชาติ
2567,08. อุดมศึกษา สายวิชาการ,ไตรมาส 3,395,อื่นๆ,5) ภาคใต้,57.4,พันคน,สำนักงานสถิติแห่งชาติ
2567,09. อุดมศึกษา สายวิชาชีพ,ไตรมาส 3,396,อื่นๆ,5) ภาคใต้,12.5,พันคน,สำนักงานสถิติแห่งชาติ
2567,10. อุดมศึกษา สายวิชาการศึกษา,ไตรมาส 3,397,อื่นๆ,5) ภาคใต้,43.4,พันคน,สำนักงานสถิติแห่งชาติ
2567,12. ไม่ทราบ,ไตรมาส 3,398,อื่นๆ,5) ภาคใต้,1.3,พันคน,สำนักงานสถิติแห่งชาติ
2567,01. ไม่มีการศึกษา,ไตรมาส 4,399,ทำงานบ้าน,1) กรุงเทพมหานคร,13.8,พันคน,สำนักงานสถิติแห่งชาติ
2567,02. ต่ำกว่าประถมศึกษา,ไตรมาส 4,400,ทำงานบ้าน,1) กรุงเทพมหานคร,39.0,พันคน,สำนักงานสถิติแห่งชาติ
2567,03. ประถมศึกษา,ไตรมาส 4,401,ทำงานบ้าน,1) กรุงเทพมหานคร,116.8,พันคน,สำนักงานสถิติแห่งชาติ
2567,04. มัธยมศึกษาตอนต้น,ไตรมาส 4,402,ทำงานบ้าน,1) กรุงเทพมหานคร,71.7,พันคน,สำนักงานสถิติแห่งชาติ
2567,05. มัธยมศึกษาตอนปลาย สายสามัญ,ไตรมาส 4,403,ทำงานบ้าน,1) กรุงเทพมหานคร,72.4,พันคน,สำนักงานสถิติแห่งชาติ
2567,06. มัธยมศึกษาตอนปลาย สายอาชีวศึกษา,ไตรมาส 4,404,ทำงานบ้าน,1) กรุงเทพมหานคร,29.4,พันคน,สำนักงานสถิติแห่งชาติ
2567,08. อุดมศึกษา สายวิชาการ,ไตรมาส 4,405,ทำงานบ้าน,1) กรุงเทพมหานคร,124.1,พันคน,สำนักงานสถิติแห่งชาติ
2567,09. อุดมศึกษา สายวิชาชีพ,ไตรมาส 4,406,ทำงานบ้าน,1) กรุงเทพมหานคร,37.2,พันคน,สำนักงานสถิติแห่งชาติ
2567,10. อุดมศึกษา สายวิชาการศึกษา,ไตรมาส 4,407,ทำงานบ้าน,1) กรุงเทพมหานคร,12.2,พันคน,สำนักงานสถิติแห่งชาติ
2567,12. ไม่ทราบ,ไตรมาส 4,408,ทำงานบ้าน,1) กรุงเทพมหานคร,1.5,พันคน,สำนักงานสถิติแห่งชาติ
2567,03. ประถมศึกษา,ไตรมาส 4,409,เรียนหนังสือ,1) กรุงเทพมหานคร,32.2,พันคน,สำนักงานสถิติแห่งชาติ
2567,04. มัธยมศึกษาตอนต้น,ไตรมาส 4,410,เรียนหนังสือ,1) กรุงเทพมหานคร,172.4,พันคน,สำนักงานสถิติแห่งชาติ
2567,05. มัธยมศึกษาตอนปลาย สายสามัญ,ไตรมาส 4,411,เรียนหนังสือ,1) กรุงเทพมหานคร,237.9,พันคน,สำนักงานสถิติแห่งชาติ
2567,06. มัธยมศึกษาตอนปลาย สายอาชีวศึกษา,ไตรมาส 4,412,เรียนหนังสือ,1) กรุงเทพมหานคร,18.0,พันคน,สำนักงานสถิติแห่งชาติ
2567,08. อุดมศึกษา สายวิชาการ,ไตรมาส 4,413,เรียนหนังสือ,1) กรุงเทพมหานคร,10.1,พันคน,สำนักงานสถิติแห่งชาติ
2567,09. อุดมศึกษา สายวิชาชีพ,ไตรมาส 4,414,เรียนหนังสือ,1) กรุงเทพมหานคร,3.1,พันคน,สำนักงานสถิติแห่งชาติ
2567,01. ไม่มีการศึกษา,ไตรมาส 4,415,ยังเด็กชรา/ไม่สามารถทำงานได้,1) กรุงเทพมหานคร,59.4,พันคน,สำนักงานสถิติแห่งชาติ
2567,02. ต่ำกว่าประถมศึกษา,ไตรมาส 4,416,ยังเด็กชรา/ไม่สามารถทำงานได้,1) กรุงเทพมหานคร,267.6,พันคน,สำนักงานสถิติแห่งชาติ
2567,03. ประถมศึกษา,ไตรมาส 4,417,ยังเด็กชรา/ไม่สามารถทำงานได้,1) กรุงเทพมหานคร,131.1,พันคน,สำนักงานสถิติแห่งชาติ
2567,04. มัธยมศึกษาตอนต้น,ไตรมาส 4,418,ยังเด็กชรา/ไม่สามารถทำงานได้,1) กรุงเทพมหานคร,77.9,พันคน,สำนักงานสถิติแห่งชาติ
2567,05. มัธยมศึกษาตอนปลาย สายสามัญ,ไตรมาส 4,419,ยังเด็กชรา/ไม่สามารถทำงานได้,1) กรุงเทพมหานคร,68.8,พันคน,สำนักงานสถิติแห่งชาติ
2567,06. มัธยมศึกษาตอนปลาย สายอาชีวศึกษา,ไตรมาส 4,420,ยังเด็กชรา/ไม่สามารถทำงานได้,1) กรุงเทพมหานคร,37.8,พันคน,สำนักงานสถิติแห่งชาติ
2567,08. อุดมศึกษา สายวิชาการ,ไตรมาส 4,421,ยังเด็กชรา/ไม่สามารถทำงานได้,1) กรุงเทพมหานคร,93.6,พันคน,สำนักงานสถิติแห่งชาติ
2567,09. อุดมศึกษา สายวิชาชีพ,ไตรมาส 4,422,ยังเด็กชรา/ไม่สามารถทำงานได้,1) กรุงเทพมหานคร,20.4,พันคน,สำนักงานสถิติแห่งชาติ
2567,10. อุดมศึกษา สายวิชาการศึกษา,ไตรมาส 4,423,ยังเด็กชรา/ไม่สามารถทำงานได้,1) กรุงเทพมหานคร,16.0,พันคน,สำนักงานสถิติแห่งชาติ
2567,12. ไม่ทราบ,ไตรมาส 4,424,ยังเด็กชรา/ไม่สามารถทำงานได้,1) กรุงเทพมหานคร,8.3,พันคน,สำนักงานสถิติแห่งชาติ
2567,01. ไม่มีการศึกษา,ไตรมาส 4,425,อื่นๆ,1) กรุงเทพมหานคร,1.3,พันคน,สำนักงานสถิติแห่งชาติ
2567,02. ต่ำกว่าประถมศึกษา,ไตรมาส 4,426,อื่นๆ,1) กรุงเทพมหานคร,11.4,พันคน,สำนักงานสถิติแห่งชาติ
2567,03. ประถมศึกษา,ไตรมาส 4,427,อื่นๆ,1) กรุงเทพมหานคร,33.5,พันคน,สำนักงานสถิติแห่งชาติ
2567,04. มัธยมศึกษาตอนต้น,ไตรมาส 4,428,อื่นๆ,1) กรุงเทพมหานคร,35.2,พันคน,สำนักงานสถิติแห่งชาติ
2567,05. มัธยมศึกษาตอนปลาย สายสามัญ,ไตรมาส 4,429,อื่นๆ,1) กรุงเทพมหานคร,41.9,พันคน,สำนักงานสถิติแห่งชาติ
2567,06. มัธยมศึกษาตอนปลาย สายอาชีวศึกษา,ไตรมาส 4,430,อื่นๆ,1) กรุงเทพมหานคร,23.3,พันคน,สำนักงานสถิติแห่งชาติ
2567,07. มัธยมศึกษาตอนปลาย สายวิชาการศึกษา,ไตรมาส 4,431,อื่นๆ,1) กรุงเทพมหานคร,0.8,พันคน,สำนักงานสถิติแห่งชาติ
2567,08. อุดมศึกษา สายวิชาการ,ไตรมาส 4,432,อื่นๆ,1) กรุงเทพมหานคร,153.7,พันคน,สำนักงานสถิติแห่งชาติ
2567,09. อุดมศึกษา สายวิชาชีพ,ไตรมาส 4,433,อื่นๆ,1) กรุงเทพมหานคร,23.6,พันคน,สำนักงานสถิติแห่งชาติ
2567,10. อุดมศึกษา สายวิชาการศึกษา,ไตรมาส 4,434,อื่นๆ,1) กรุงเทพมหานคร,24.3,พันคน,สำนักงานสถิติแห่งชาติ
2567,12. ไม่ทราบ,ไตรมาส 4,435,อื่นๆ,1) กรุงเทพมหานคร,1.9,พันคน,สำนักงานสถิติแห่งชาติ
2567,01. ไม่มีการศึกษา,ไตรมาส 4,436,ทำงานบ้าน,2) ภาคกลาง,37.0,พันคน,สำนักงานสถิติแห่งชาติ
2567,02. ต่ำกว่าประถมศึกษา,ไตรมาส 4,437,ทำงานบ้าน,2) ภาคกลาง,275.6,พันคน,สำนักงานสถิติแห่งชาติ
2567,03. ประถมศึกษา,ไตรมาส 4,438,ทำงานบ้าน,2) ภาคกลาง,353.7,พันคน,สำนักงานสถิติแห่งชาติ
2567,04. มัธยมศึกษาตอนต้น,ไตรมาส 4,439,ทำงานบ้าน,2) ภาคกลาง,276.8,พันคน,สำนักงานสถิติแห่งชาติ
2567,05. มัธยมศึกษาตอนปลาย สายสามัญ,ไตรมาส 4,440,ทำงานบ้าน,2) ภาคกลาง,215.3,พันคน,สำนักงานสถิติแห่งชาติ
2567,06. มัธยมศึกษาตอนปลาย สายอาชีวศึกษา,ไตรมาส 4,441,ทำงานบ้าน,2) ภาคกลาง,65.5,พันคน,สำนักงานสถิติแห่งชาติ
2567,07. มัธยมศึกษาตอนปลาย สายวิชาการศึกษา,ไตรมาส 4,442,ทำงานบ้าน,2) ภาคกลาง,0.9,พันคน,สำนักงานสถิติแห่งชาติ
2567,08. อุดมศึกษา สายวิชาการ,ไตรมาส 4,443,ทำงานบ้าน,2) ภาคกลาง,152.0,พันคน,สำนักงานสถิติแห่งชาติ
2567,09. อุดมศึกษา สายวิชาชีพ,ไตรมาส 4,444,ทำงานบ้าน,2) ภาคกลาง,72.5,พันคน,สำนักงานสถิติแห่งชาติ
2567,10. อุดมศึกษา สายวิชาการศึกษา,ไตรมาส 4,445,ทำงานบ้าน,2) ภาคกลาง,14.7,พันคน,สำนักงานสถิติแห่งชาติ
2567,11. อื่น ๆ,ไตรมาส 4,446,ทำงานบ้าน,2) ภาคกลาง,4.0,พันคน,สำนักงานสถิติแห่งชาติ
2567,12. ไม่ทราบ,ไตรมาส 4,447,ทำงานบ้าน,2) ภาคกลาง,13.2,พันคน,สำนักงานสถิติแห่งชาติ
2567,02. ต่ำกว่าประถมศึกษา,ไตรมาส 4,448,เรียนหนังสือ,2) ภาคกลาง,0.3,พันคน,สำนักงานสถิติแห่งชาติ
2567,03. ประถมศึกษา,ไตรมาส 4,449,เรียนหนังสือ,2) ภาคกลาง,222.9,พันคน,สำนักงานสถิติแห่งชาติ
2567,04. มัธยมศึกษาตอนต้น,ไตรมาส 4,450,เรียนหนังสือ,2) ภาคกลาง,607.1,พันคน,สำนักงานสถิติแห่งชาติ
2567,05. มัธยมศึกษาตอนปลาย สายสามัญ,ไตรมาส 4,451,เรียนหนังสือ,2) ภาคกลาง,341.3,พันคน,สำนักงานสถิติแห่งชาติ
2567,06. มัธยมศึกษาตอนปลาย สายอาชีวศึกษา,ไตรมาส 4,452,เรียนหนังสือ,2) ภาคกลาง,81.6,พันคน,สำนักงานสถิติแห่งชาติ
2567,08. อุดมศึกษา สายวิชาการ,ไตรมาส 4,453,เรียนหนังสือ,2) ภาคกลาง,3.8,พันคน,สำนักงานสถิติแห่งชาติ
2567,09. อุดมศึกษา สายวิชาชีพ,ไตรมาส 4,454,เรียนหนังสือ,2) ภาคกลาง,14.2,พันคน,สำนักงานสถิติแห่งชาติ
2567,01. ไม่มีการศึกษา,ไตรมาส 4,455,ยังเด็กชรา/ไม่สามารถทำงานได้,2) ภาคกลาง,159.5,พันคน,สำนักงานสถิติแห่งชาติ
2567,02. ต่ำกว่าประถมศึกษา,ไตรมาส 4,456,ยังเด็กชรา/ไม่สามารถทำงานได้,2) ภาคกลาง,1187.8,พันคน,สำนักงานสถิติแห่งชาติ
2567,03. ประถมศึกษา,ไตรมาส 4,457,ยังเด็กชรา/ไม่สามารถทำงานได้,2) ภาคกลาง,295.0,พันคน,สำนักงานสถิติแห่งชาติ
2567,04. มัธยมศึกษาตอนต้น,ไตรมาส 4,458,ยังเด็กชรา/ไม่สามารถทำงานได้,2) ภาคกลาง,128.0,พันคน,สำนักงานสถิติแห่งชาติ
2567,05. มัธยมศึกษาตอนปลาย สายสามัญ,ไตรมาส 4,459,ยังเด็กชรา/ไม่สามารถทำงานได้,2) ภาคกลาง,86.1,พันคน,สำนักงานสถิติแห่งชาติ
2567,06. มัธยมศึกษาตอนปลาย สายอาชีวศึกษา,ไตรมาส 4,460,ยังเด็กชรา/ไม่สามารถทำงานได้,2) ภาคกลาง,40.3,พันคน,สำนักงานสถิติแห่งชาติ
2567,07. มัธยมศึกษาตอนปลาย สายวิชาการศึกษา,ไตรมาส 4,461,ยังเด็กชรา/ไม่สามารถทำงานได้,2) ภาคกลาง,0.6,พันคน,สำนักงานสถิติแห่งชาติ
2567,08. อุดมศึกษา สายวิชาการ,ไตรมาส 4,462,ยังเด็กชรา/ไม่สามารถทำงานได้,2) ภาคกลาง,70.2,พันคน,สำนักงานสถิติแห่งชาติ
2567,09. อุดมศึกษา สายวิชาชีพ,ไตรมาส 4,463,ยังเด็กชรา/ไม่สามารถทำงานได้,2) ภาคกลาง,32.0,พันคน,สำนักงานสถิติแห่งชาติ
2567,10. อุดมศึกษา สายวิชาการศึกษา,ไตรมาส 4,464,ยังเด็กชรา/ไม่สามารถทำงานได้,2) ภาคกลาง,19.4,พันคน,สำนักงานสถิติแห่งชาติ
2567,12. ไม่ทราบ,ไตรมาส 4,465,ยังเด็กชรา/ไม่สามารถทำงานได้,2) ภาคกลาง,9.3,พันคน,สำนักงานสถิติแห่งชาติ
2567,01. ไม่มีการศึกษา,ไตรมาส 4,466,อื่นๆ,2) ภาคกลาง,4.9,พันคน,สำนักงานสถิติแห่งชาติ
2567,02. ต่ำกว่าประถมศึกษา,ไตรมาส 4,467,อื่นๆ,2) ภาคกลาง,47.5,พันคน,สำนักงานสถิติแห่งชาติ
2567,03. ประถมศึกษา,ไตรมาส 4,468,อื่นๆ,2) ภาคกลาง,65.2,พันคน,สำนักงานสถิติแห่งชาติ
2567,04. มัธยมศึกษาตอนต้น,ไตรมาส 4,469,อื่นๆ,2) ภาคกลาง,105.3,พันคน,สำนักงานสถิติแห่งชาติ
2567,05. มัธยมศึกษาตอนปลาย สายสามัญ,ไตรมาส 4,470,อื่นๆ,2) ภาคกลาง,108.7,พันคน,สำนักงานสถิติแห่งชาติ
2567,06. มัธยมศึกษาตอนปลาย สายอาชีวศึกษา,ไตรมาส 4,471,อื่นๆ,2) ภาคกลาง,42.3,พันคน,สำนักงานสถิติแห่งชาติ
2567,07. มัธยมศึกษาตอนปลาย สายวิชาการศึกษา,ไตรมาส 4,472,อื่นๆ,2) ภาคกลาง,0.2,พันคน,สำนักงานสถิติแห่งชาติ
2567,08. อุดมศึกษา สายวิชาการ,ไตรมาส 4,473,อื่นๆ,2) ภาคกลาง,192.7,พันคน,สำนักงานสถิติแห่งชาติ
2567,09. อุดมศึกษา สายวิชาชีพ,ไตรมาส 4,474,อื่นๆ,2) ภาคกลาง,41.5,พันคน,สำนักงานสถิติแห่งชาติ
2567,10. อุดมศึกษา สายวิชาการศึกษา,ไตรมาส 4,475,อื่นๆ,2) ภาคกลาง,82.3,พันคน,สำนักงานสถิติแห่งชาติ
2567,11. อื่น ๆ,ไตรมาส 4,476,อื่นๆ,2) ภาคกลาง,3.8,พันคน,สำนักงานสถิติแห่งชาติ
2567,12. ไม่ทราบ,ไตรมาส 4,477,อื่นๆ,2) ภาคกลาง,20.7,พันคน,สำนักงานสถิติแห่งชาติ
2567,01. ไม่มีการศึกษา,ไตรมาส 4,478,ทำงานบ้าน,3) ภาคเหนือ,56.0,พันคน,สำนักงานสถิติแห่งชาติ
2567,02. ต่ำกว่าประถมศึกษา,ไตรมาส 4,479,ทำงานบ้าน,3) ภาคเหนือ,248.2,พันคน,สำนักงานสถิติแห่งชาติ
2567,03. ประถมศึกษา,ไตรมาส 4,480,ทำงานบ้าน,3) ภาคเหนือ,150.7,พันคน,สำนักงานสถิติแห่งชาติ
2567,04. มัธยมศึกษาตอนต้น,ไตรมาส 4,481,ทำงานบ้าน,3) ภาคเหนือ,100.1,พันคน,สำนักงานสถิติแห่งชาติ
2567,05. มัธยมศึกษาตอนปลาย สายสามัญ,ไตรมาส 4,482,ทำงานบ้าน,3) ภาคเหนือ,99.7,พันคน,สำนักงานสถิติแห่งชาติ
2567,06. มัธยมศึกษาตอนปลาย สายอาชีวศึกษา,ไตรมาส 4,483,ทำงานบ้าน,3) ภาคเหนือ,17.6,พันคน,สำนักงานสถิติแห่งชาติ
2567,08. อุดมศึกษา สายวิชาการ,ไตรมาส 4,484,ทำงานบ้าน,3) ภาคเหนือ,49.6,พันคน,สำนักงานสถิติแห่งชาติ
2567,09. อุดมศึกษา สายวิชาชีพ,ไตรมาส 4,485,ทำงานบ้าน,3) ภาคเหนือ,22.5,พันคน,สำนักงานสถิติแห่งชาติ
2567,10. อุดมศึกษา สายวิชาการศึกษา,ไตรมาส 4,486,ทำงานบ้าน,3) ภาคเหนือ,4.0,พันคน,สำนักงานสถิติแห่งชาติ
2567,02. ต่ำกว่าประถมศึกษา,ไตรมาส 4,487,เรียนหนังสือ,3) ภาคเหนือ,1.7,พันคน,สำนักงานสถิติแห่งชาติ
2567,03. ประถมศึกษา,ไตรมาส 4,488,เรียนหนังสือ,3) ภาคเหนือ,128.0,พันคน,สำนักงานสถิติแห่งชาติ
2567,04. มัธยมศึกษาตอนต้น,ไตรมาส 4,489,เรียนหนังสือ,3) ภาคเหนือ,389.6,พันคน,สำนักงานสถิติแห่งชาติ
2567,05. มัธยมศึกษาตอนปลาย สายสามัญ,ไตรมาส 4,490,เรียนหนังสือ,3) ภาคเหนือ,131.7,พันคน,สำนักงานสถิติแห่งชาติ
2567,06. มัธยมศึกษาตอนปลาย สายอาชีวศึกษา,ไตรมาส 4,491,เรียนหนังสือ,3) ภาคเหนือ,37.3,พันคน,สำนักงานสถิติแห่งชาติ
2567,08. อุดมศึกษา สายวิชาการ,ไตรมาส 4,492,เรียนหนังสือ,3) ภาคเหนือ,0.5,พันคน,สำนักงานสถิติแห่งชาติ
2567,09. อุดมศึกษา สายวิชาชีพ,ไตรมาส 4,493,เรียนหนังสือ,3) ภาคเหนือ,3.9,พันคน,สำนักงานสถิติแห่งชาติ
2567,10. อุดมศึกษา สายวิชาการศึกษา,ไตรมาส 4,494,เรียนหนังสือ,3) ภาคเหนือ,0.8,พันคน,สำนักงานสถิติแห่งชาติ
2567,01. ไม่มีการศึกษา,ไตรมาส 4,495,ยังเด็กชรา/ไม่สามารถทำงานได้,3) ภาคเหนือ,271.9,พันคน,สำนักงานสถิติแห่งชาติ
2567,02. ต่ำกว่าประถมศึกษา,ไตรมาส 4,496,ยังเด็กชรา/ไม่สามารถทำงานได้,3) ภาคเหนือ,877.1,พันคน,สำนักงานสถิติแห่งชาติ
2567,03. ประถมศึกษา,ไตรมาส 4,497,ยังเด็กชรา/ไม่สามารถทำงานได้,3) ภาคเหนือ,107.2,พันคน,สำนักงานสถิติแห่งชาติ
2567,04. มัธยมศึกษาตอนต้น,ไตรมาส 4,498,ยังเด็กชรา/ไม่สามารถทำงานได้,3) ภาคเหนือ,60.4,พันคน,สำนักงานสถิติแห่งชาติ
2567,05. มัธยมศึกษาตอนปลาย สายสามัญ,ไตรมาส 4,499,ยังเด็กชรา/ไม่สามารถทำงานได้,3) ภาคเหนือ,50.4,พันคน,สำนักงานสถิติแห่งชาติ
2567,06. มัธยมศึกษาตอนปลาย สายอาชีวศึกษา,ไตรมาส 4,500,ยังเด็กชรา/ไม่สามารถทำงานได้,3) ภาคเหนือ,16.2,พันคน,สำนักงานสถิติแห่งชาติ
2567,07. มัธยมศึกษาตอนปลาย สายวิชาการศึกษา,ไตรมาส 4,501,ยังเด็กชรา/ไม่สามารถทำงานได้,3) ภาคเหนือ,2.7,พันคน,สำนักงานสถิติแห่งชาติ
2567,08. อุดมศึกษา สายวิชาการ,ไตรมาส 4,502,ยังเด็กชรา/ไม่สามารถทำงานได้,3) ภาคเหนือ,28.0,พันคน,สำนักงานสถิติแห่งชาติ
2567,09. อุดมศึกษา สายวิชาชีพ,ไตรมาส 4,503,ยังเด็กชรา/ไม่สามารถทำงานได้,3) ภาคเหนือ,10.8,พันคน,สำนักงานสถิติแห่งชาติ
2567,10. อุดมศึกษา สายวิชาการศึกษา,ไตรมาส 4,504,ยังเด็กชรา/ไม่สามารถทำงานได้,3) ภาคเหนือ,4.8,พันคน,สำนักงานสถิติแห่งชาติ
2567,11. อื่น ๆ,ไตรมาส 4,505,ยังเด็กชรา/ไม่สามารถทำงานได้,3) ภาคเหนือ,0.6,พันคน,สำนักงานสถิติแห่งชาติ
2567,01. ไม่มีการศึกษา,ไตรมาส 4,506,อื่นๆ,3) ภาคเหนือ,6.2,พันคน,สำนักงานสถิติแห่งชาติ
2567,02. ต่ำกว่าประถมศึกษา,ไตรมาส 4,507,อื่นๆ,3) ภาคเหนือ,31.2,พันคน,สำนักงานสถิติแห่งชาติ
2567,03. ประถมศึกษา,ไตรมาส 4,508,อื่นๆ,3) ภาคเหนือ,28.8,พันคน,สำนักงานสถิติแห่งชาติ
2567,04. มัธยมศึกษาตอนต้น,ไตรมาส 4,509,อื่นๆ,3) ภาคเหนือ,37.0,พันคน,สำนักงานสถิติแห่งชาติ
2567,05. มัธยมศึกษาตอนปลาย สายสามัญ,ไตรมาส 4,510,อื่นๆ,3) ภาคเหนือ,48.9,พันคน,สำนักงานสถิติแห่งชาติ
2567,06. มัธยมศึกษาตอนปลาย สายอาชีวศึกษา,ไตรมาส 4,511,อื่นๆ,3) ภาคเหนือ,15.9,พันคน,สำนักงานสถิติแห่งชาติ
2567,07. มัธยมศึกษาตอนปลาย สายวิชาการศึกษา,ไตรมาส 4,512,อื่นๆ,3) ภาคเหนือ,0.1,พันคน,สำนักงานสถิติแห่งชาติ
2567,08. อุดมศึกษา สายวิชาการ,ไตรมาส 4,513,อื่นๆ,3) ภาคเหนือ,88.5,พันคน,สำนักงานสถิติแห่งชาติ
2567,09. อุดมศึกษา สายวิชาชีพ,ไตรมาส 4,514,อื่นๆ,3) ภาคเหนือ,13.0,พันคน,สำนักงานสถิติแห่งชาติ
2567,10. อุดมศึกษา สายวิชาการศึกษา,ไตรมาส 4,515,อื่นๆ,3) ภาคเหนือ,64.3,พันคน,สำนักงานสถิติแห่งชาติ
2567,12. ไม่ทราบ,ไตรมาส 4,516,อื่นๆ,3) ภาคเหนือ,0.6,พันคน,สำนักงานสถิติแห่งชาติ
2567,01. ไม่มีการศึกษา,ไตรมาส 4,517,ทำงานบ้าน,4) ภาคตะวันออกเฉียงเหนือ,6.4,พันคน,สำนักงานสถิติแห่งชาติ
2567,02. ต่ำกว่าประถมศึกษา,ไตรมาส 4,518,ทำงานบ้าน,4) ภาคตะวันออกเฉียงเหนือ,321.7,พันคน,สำนักงานสถิติแห่งชาติ
2567,03. ประถมศึกษา,ไตรมาส 4,519,ทำงานบ้าน,4) ภาคตะวันออกเฉียงเหนือ,307.8,พันคน,สำนักงานสถิติแห่งชาติ
2567,04. มัธยมศึกษาตอนต้น,ไตรมาส 4,520,ทำงานบ้าน,4) ภาคตะวันออกเฉียงเหนือ,169.9,พันคน,สำนักงานสถิติแห่งชาติ
2567,05. มัธยมศึกษาตอนปลาย สายสามัญ,ไตรมาส 4,521,ทำงานบ้าน,4) ภาคตะวันออกเฉียงเหนือ,205.8,พันคน,สำนักงานสถิติแห่งชาติ
2567,06. มัธยมศึกษาตอนปลาย สายอาชีวศึกษา,ไตรมาส 4,522,ทำงานบ้าน,4) ภาคตะวันออกเฉียงเหนือ,17.4,พันคน,สำนักงานสถิติแห่งชาติ
2567,08. อุดมศึกษา สายวิชาการ,ไตรมาส 4,523,ทำงานบ้าน,4) ภาคตะวันออกเฉียงเหนือ,43.6,พันคน,สำนักงานสถิติแห่งชาติ
2567,09. อุดมศึกษา สายวิชาชีพ,ไตรมาส 4,524,ทำงานบ้าน,4) ภาคตะวันออกเฉียงเหนือ,26.1,พันคน,สำนักงานสถิติแห่งชาติ
2567,10. อุดมศึกษา สายวิชาการศึกษา,ไตรมาส 4,525,ทำงานบ้าน,4) ภาคตะวันออกเฉียงเหนือ,3.7,พันคน,สำนักงานสถิติแห่งชาติ
2567,02. ต่ำกว่าประถมศึกษา,ไตรมาส 4,526,เรียนหนังสือ,4) ภาคตะวันออกเฉียงเหนือ,0.1,พันคน,สำนักงานสถิติแห่งชาติ
2567,03. ประถมศึกษา,ไตรมาส 4,527,เรียนหนังสือ,4) ภาคตะวันออกเฉียงเหนือ,290.0,พันคน,สำนักงานสถิติแห่งชาติ
2567,04. มัธยมศึกษาตอนต้น,ไตรมาส 4,528,เรียนหนังสือ,4) ภาคตะวันออกเฉียงเหนือ,778.1,พันคน,สำนักงานสถิติแห่งชาติ
2567,05. มัธยมศึกษาตอนปลาย สายสามัญ,ไตรมาส 4,529,เรียนหนังสือ,4) ภาคตะวันออกเฉียงเหนือ,266.2,พันคน,สำนักงานสถิติแห่งชาติ
2567,06. มัธยมศึกษาตอนปลาย สายอาชีวศึกษา,ไตรมาส 4,530,เรียนหนังสือ,4) ภาคตะวันออกเฉียงเหนือ,75.6,พันคน,สำนักงานสถิติแห่งชาติ
2567,08. อุดมศึกษา สายวิชาการ,ไตรมาส 4,531,เรียนหนังสือ,4) ภาคตะวันออกเฉียงเหนือ,0.2,พันคน,สำนักงานสถิติแห่งชาติ
2567,09. อุดมศึกษา สายวิชาชีพ,ไตรมาส 4,532,เรียนหนังสือ,4) ภาคตะวันออกเฉียงเหนือ,12.9,พันคน,สำนักงานสถิติแห่งชาติ
2567,01. ไม่มีการศึกษา,ไตรมาส 4,533,ยังเด็กชรา/ไม่สามารถทำงานได้,4) ภาคตะวันออกเฉียงเหนือ,106.2,พันคน,สำนักงานสถิติแห่งชาติ
2567,02. ต่ำกว่าประถมศึกษา,ไตรมาส 4,534,ยังเด็กชรา/ไม่สามารถทำงานได้,4) ภาคตะวันออกเฉียงเหนือ,1729.6,พันคน,สำนักงานสถิติแห่งชาติ
2567,03. ประถมศึกษา,ไตรมาส 4,535,ยังเด็กชรา/ไม่สามารถทำงานได้,4) ภาคตะวันออกเฉียงเหนือ,206.5,พันคน,สำนักงานสถิติแห่งชาติ
2567,04. มัธยมศึกษาตอนต้น,ไตรมาส 4,536,ยังเด็กชรา/ไม่สามารถทำงานได้,4) ภาคตะวันออกเฉียงเหนือ,90.7,พันคน,สำนักงานสถิติแห่งชาติ
2567,05. มัธยมศึกษาตอนปลาย สายสามัญ,ไตรมาส 4,537,ยังเด็กชรา/ไม่สามารถทำงานได้,4) ภาคตะวันออกเฉียงเหนือ,68.4,พันคน,สำนักงานสถิติแห่งชาติ
2567,06. มัธยมศึกษาตอนปลาย สายอาชีวศึกษา,ไตรมาส 4,538,ยังเด็กชรา/ไม่สามารถทำงานได้,4) ภาคตะวันออกเฉียงเหนือ,7.4,พันคน,สำนักงานสถิติแห่งชาติ
2567,08. อุดมศึกษา สายวิชาการ,ไตรมาส 4,539,ยังเด็กชรา/ไม่สามารถทำงานได้,4) ภาคตะวันออกเฉียงเหนือ,9.5,พันคน,สำนักงานสถิติแห่งชาติ
2567,09. อุดมศึกษา สายวิชาชีพ,ไตรมาส 4,540,ยังเด็กชรา/ไม่สามารถทำงานได้,4) ภาคตะวันออกเฉียงเหนือ,8.1,พันคน,สำนักงานสถิติแห่งชาติ
2567,10. อุดมศึกษา สายวิชาการศึกษา,ไตรมาส 4,541,ยังเด็กชรา/ไม่สามารถทำงานได้,4) ภาคตะวันออกเฉียงเหนือ,8.3,พันคน,สำนักงานสถิติแห่งชาติ
2567,12. ไม่ทราบ,ไตรมาส 4,542,ยังเด็กชรา/ไม่สามารถทำงานได้,4) ภาคตะวันออกเฉียงเหนือ,0.1,พันคน,สำนักงานสถิติแห่งชาติ
2567,01. ไม่มีการศึกษา,ไตรมาส 4,543,อื่นๆ,4) ภาคตะวันออกเฉียงเหนือ,0.8,พันคน,สำนักงานสถิติแห่งชาติ
2567,02. ต่ำกว่าประถมศึกษา,ไตรมาส 4,544,อื่นๆ,4) ภาคตะวันออกเฉียงเหนือ,64.9,พันคน,สำนักงานสถิติแห่งชาติ
2567,03. ประถมศึกษา,ไตรมาส 4,545,อื่นๆ,4) ภาคตะวันออกเฉียงเหนือ,106.2,พันคน,สำนักงานสถิติแห่งชาติ
2567,04. มัธยมศึกษาตอนต้น,ไตรมาส 4,546,อื่นๆ,4) ภาคตะวันออกเฉียงเหนือ,111.1,พันคน,สำนักงานสถิติแห่งชาติ
2567,05. มัธยมศึกษาตอนปลาย สายสามัญ,ไตรมาส 4,547,อื่นๆ,4) ภาคตะวันออกเฉียงเหนือ,99.6,พันคน,สำนักงานสถิติแห่งชาติ
2567,06. มัธยมศึกษาตอนปลาย สายอาชีวศึกษา,ไตรมาส 4,548,อื่นๆ,4) ภาคตะวันออกเฉียงเหนือ,21.6,พันคน,สำนักงานสถิติแห่งชาติ
2567,07. มัธยมศึกษาตอนปลาย สายวิชาการศึกษา,ไตรมาส 4,549,อื่นๆ,4) ภาคตะวันออกเฉียงเหนือ,0.2,พันคน,สำนักงานสถิติแห่งชาติ
2567,08. อุดมศึกษา สายวิชาการ,ไตรมาส 4,550,อื่นๆ,4) ภาคตะวันออกเฉียงเหนือ,87.0,พันคน,สำนักงานสถิติแห่งชาติ
2567,09. อุดมศึกษา สายวิชาชีพ,ไตรมาส 4,551,อื่นๆ,4) ภาคตะวันออกเฉียงเหนือ,30.0,พันคน,สำนักงานสถิติแห่งชาติ
2567,10. อุดมศึกษา สายวิชาการศึกษา,ไตรมาส 4,552,อื่นๆ,4) ภาคตะวันออกเฉียงเหนือ,104.1,พันคน,สำนักงานสถิติแห่งชาติ
2567,01. ไม่มีการศึกษา,ไตรมาส 4,553,ทำงานบ้าน,5) ภาคใต้,24.0,พันคน,สำนักงานสถิติแห่งชาติ
2567,02. ต่ำกว่าประถมศึกษา,ไตรมาส 4,554,ทำงานบ้าน,5) ภาคใต้,163.6,พันคน,สำนักงานสถิติแห่งชาติ
2567,03. ประถมศึกษา,ไตรมาส 4,555,ทำงานบ้าน,5) ภาคใต้,184.3,พันคน,สำนักงานสถิติแห่งชาติ
2567,04. มัธยมศึกษาตอนต้น,ไตรมาส 4,556,ทำงานบ้าน,5) ภาคใต้,129.3,พันคน,สำนักงานสถิติแห่งชาติ
2567,05. มัธยมศึกษาตอนปลาย สายสามัญ,ไตรมาส 4,557,ทำงานบ้าน,5) ภาคใต้,130.3,พันคน,สำนักงานสถิติแห่งชาติ
2567,06. มัธยมศึกษาตอนปลาย สายอาชีวศึกษา,ไตรมาส 4,558,ทำงานบ้าน,5) ภาคใต้,17.5,พันคน,สำนักงานสถิติแห่งชาติ
2567,07. มัธยมศึกษาตอนปลาย สายวิชาการศึกษา,ไตรมาส 4,559,ทำงานบ้าน,5) ภาคใต้,0.2,พันคน,สำนักงานสถิติแห่งชาติ
2567,08. อุดมศึกษา สายวิชาการ,ไตรมาส 4,560,ทำงานบ้าน,5) ภาคใต้,80.4,พันคน,สำนักงานสถิติแห่งชาติ
2567,09. อุดมศึกษา สายวิชาชีพ,ไตรมาส 4,561,ทำงานบ้าน,5) ภาคใต้,32.5,พันคน,สำนักงานสถิติแห่งชาติ
2567,10. อุดมศึกษา สายวิชาการศึกษา,ไตรมาส 4,562,ทำงานบ้าน,5) ภาคใต้,10.0,พันคน,สำนักงานสถิติแห่งชาติ
2567,11. อื่น ๆ,ไตรมาส 4,563,ทำงานบ้าน,5) ภาคใต้,3.0,พันคน,สำนักงานสถิติแห่งชาติ
2567,12. ไม่ทราบ,ไตรมาส 4,564,ทำงานบ้าน,5) ภาคใต้,4.9,พันคน,สำนักงานสถิติแห่งชาติ
2567,02. ต่ำกว่าประถมศึกษา,ไตรมาส 4,565,เรียนหนังสือ,5) ภาคใต้,0.8,พันคน,สำนักงานสถิติแห่งชาติ
2567,03. ประถมศึกษา,ไตรมาส 4,566,เรียนหนังสือ,5) ภาคใต้,108.0,พันคน,สำนักงานสถิติแห่งชาติ
2567,04. มัธยมศึกษาตอนต้น,ไตรมาส 4,567,เรียนหนังสือ,5) ภาคใต้,375.8,พันคน,สำนักงานสถิติแห่งชาติ
2567,05. มัธยมศึกษาตอนปลาย สายสามัญ,ไตรมาส 4,568,เรียนหนังสือ,5) ภาคใต้,145.2,พันคน,สำนักงานสถิติแห่งชาติ
2567,06. มัธยมศึกษาตอนปลาย สายอาชีวศึกษา,ไตรมาส 4,569,เรียนหนังสือ,5) ภาคใต้,34.0,พันคน,สำนักงานสถิติแห่งชาติ
2567,08. อุดมศึกษา สายวิชาการ,ไตรมาส 4,570,เรียนหนังสือ,5) ภาคใต้,3.1,พันคน,สำนักงานสถิติแห่งชาติ
2567,09. อุดมศึกษา สายวิชาชีพ,ไตรมาส 4,571,เรียนหนังสือ,5) ภาคใต้,10.1,พันคน,สำนักงานสถิติแห่งชาติ
2567,10. อุดมศึกษา สายวิชาการศึกษา,ไตรมาส 4,572,เรียนหนังสือ,5) ภาคใต้,2.2,พันคน,สำนักงานสถิติแห่งชาติ
2567,01. ไม่มีการศึกษา,ไตรมาส 4,573,ยังเด็กชรา/ไม่สามารถทำงานได้,5) ภาคใต้,133.0,พันคน,สำนักงานสถิติแห่งชาติ
2567,02. ต่ำกว่าประถมศึกษา,ไตรมาส 4,574,ยังเด็กชรา/ไม่สามารถทำงานได้,5) ภาคใต้,433.2,พันคน,สำนักงานสถิติแห่งชาติ
2567,03. ประถมศึกษา,ไตรมาส 4,575,ยังเด็กชรา/ไม่สามารถทำงานได้,5) ภาคใต้,129.9,พันคน,สำนักงานสถิติแห่งชาติ
2567,04. มัธยมศึกษาตอนต้น,ไตรมาส 4,576,ยังเด็กชรา/ไม่สามารถทำงานได้,5) ภาคใต้,39.5,พันคน,สำนักงานสถิติแห่งชาติ
2567,05. มัธยมศึกษาตอนปลาย สายสามัญ,ไตรมาส 4,577,ยังเด็กชรา/ไม่สามารถทำงานได้,5) ภาคใต้,26.8,พันคน,สำนักงานสถิติแห่งชาติ
2567,06. มัธยมศึกษาตอนปลาย สายอาชีวศึกษา,ไตรมาส 4,578,ยังเด็กชรา/ไม่สามารถทำงานได้,5) ภาคใต้,10.4,พันคน,สำนักงานสถิติแห่งชาติ
2567,08. อุดมศึกษา สายวิชาการ,ไตรมาส 4,579,ยังเด็กชรา/ไม่สามารถทำงานได้,5) ภาคใต้,22.2,พันคน,สำนักงานสถิติแห่งชาติ
2567,09. อุดมศึกษา สายวิชาชีพ,ไตรมาส 4,580,ยังเด็กชรา/ไม่สามารถทำงานได้,5) ภาคใต้,8.5,พันคน,สำนักงานสถิติแห่งชาติ
2567,10. อุดมศึกษา สายวิชาการศึกษา,ไตรมาส 4,581,ยังเด็กชรา/ไม่สามารถทำงานได้,5) ภาคใต้,6.7,พันคน,สำนักงานสถิติแห่งชาติ
2567,11. อื่น ๆ,ไตรมาส 4,582,ยังเด็กชรา/ไม่สามารถทำงานได้,5) ภาคใต้,4.3,พันคน,สำนักงานสถิติแห่งชาติ
2567,12. ไม่ทราบ,ไตรมาส 4,583,ยังเด็กชรา/ไม่สามารถทำงานได้,5) ภาคใต้,1.4,พันคน,สำนักงานสถิติแห่งชาติ
2567,01. ไม่มีการศึกษา,ไตรมาส 4,584,อื่นๆ,5) ภาคใต้,0.9,พันคน,สำนักงานสถิติแห่งชาติ
2567,02. ต่ำกว่าประถมศึกษา,ไตรมาส 4,585,อื่นๆ,5) ภาคใต้,8.1,พันคน,สำนักงานสถิติแห่งชาติ
2567,03. ประถมศึกษา,ไตรมาส 4,586,อื่นๆ,5) ภาคใต้,27.0,พันคน,สำนักงานสถิติแห่งชาติ
2567,04. มัธยมศึกษาตอนต้น,ไตรมาส 4,587,อื่นๆ,5) ภาคใต้,29.6,พันคน,สำนักงานสถิติแห่งชาติ
2567,05. มัธยมศึกษาตอนปลาย สายสามัญ,ไตรมาส 4,588,อื่นๆ,5) ภาคใต้,34.6,พันคน,สำนักงานสถิติแห่งชาติ
2567,06. มัธยมศึกษาตอนปลาย สายอาชีวศึกษา,ไตรมาส 4,589,อื่นๆ,5) ภาคใต้,11.3,พันคน,สำนักงานสถิติแห่งชาติ
2567,07. มัธยมศึกษาตอนปลาย สายวิชาการศึกษา,ไตรมาส 4,590,อื่นๆ,5) ภาคใต้,0.3,พันคน,สำนักงานสถิติแห่งชาติ
2567,08. อุดมศึกษา สายวิชาการ,ไตรมาส 4,591,อื่นๆ,5) ภาคใต้,62.9,พันคน,สำนักงานสถิติแห่งชาติ
2567,09. อุดมศึกษา สายวิชาชีพ,ไตรมาส 4,592,อื่นๆ,5) ภาคใต้,8.9,พันคน,สำนักงานสถิติแห่งชาติ
2567,10. อุดมศึกษา สายวิชาการศึกษา,ไตรมาส 4,593,อื่นๆ,5) ภาคใต้,45.3,พันคน,สำนักงานสถิติแห่งชาติ
2567,12. ไม่ทราบ,ไตรมาส 4,594,อื่นๆ,5) ภาคใต้,0.7,พันคน,สำนักงานสถิติแห่งชาติ
2568,01. ไม่มีการศึกษา,ไตรมาส 1,595,ทำงานบ้าน,1) กรุงเทพมหานคร,11.1,พันคน,สำนักงานสถิติแห่งชาติ
2568,02. ต่ำกว่าประถมศึกษา,ไตรมาส 1,596,ทำงานบ้าน,1) กรุงเทพมหานคร,38.2,พันคน,สำนักงานสถิติแห่งชาติ
2568,03. ประถมศึกษา,ไตรมาส 1,597,ทำงานบ้าน,1) กรุงเทพมหานคร,117.7,พันคน,สำนักงานสถิติแห่งชาติ
2568,04. มัธยมศึกษาตอนต้น,ไตรมาส 1,598,ทำงานบ้าน,1) กรุงเทพมหานคร,89.4,พันคน,สำนักงานสถิติแห่งชาติ
2568,05. มัธยมศึกษาตอนปลาย สายสามัญ,ไตรมาส 1,599,ทำงานบ้าน,1) กรุงเทพมหานคร,65.9,พันคน,สำนักงานสถิติแห่งชาติ
2568,06. มัธยมศึกษาตอนปลาย สายอาชีวศึกษา,ไตรมาส 1,600,ทำงานบ้าน,1) กรุงเทพมหานคร,29.1,พันคน,สำนักงานสถิติแห่งชาติ
2568,08. อุดมศึกษา สายวิชาการ,ไตรมาส 1,601,ทำงานบ้าน,1) กรุงเทพมหานคร,103.8,พันคน,สำนักงานสถิติแห่งชาติ
2568,09. อุดมศึกษา สายวิชาชีพ,ไตรมาส 1,602,ทำงานบ้าน,1) กรุงเทพมหานคร,32.8,พันคน,สำนักงานสถิติแห่งชาติ
2568,10. อุดมศึกษา สายวิชาการศึกษา,ไตรมาส 1,603,ทำงานบ้าน,1) กรุงเทพมหานคร,6.8,พันคน,สำนักงานสถิติแห่งชาติ
2568,12. ไม่ทราบ,ไตรมาส 1,604,ทำงานบ้าน,1) กรุงเทพมหานคร,4.0,พันคน,สำนักงานสถิติแห่งชาติ
2568,03. ประถมศึกษา,ไตรมาส 1,605,เรียนหนังสือ,1) กรุงเทพมหานคร,45.5,พันคน,สำนักงานสถิติแห่งชาติ
2568,04. มัธยมศึกษาตอนต้น,ไตรมาส 1,606,เรียนหนังสือ,1) กรุงเทพมหานคร,170.9,พันคน,สำนักงานสถิติแห่งชาติ
2568,05. มัธยมศึกษาตอนปลาย สายสามัญ,ไตรมาส 1,607,เรียนหนังสือ,1) กรุงเทพมหานคร,210.0,พันคน,สำนักงานสถิติแห่งชาติ
2568,06. มัธยมศึกษาตอนปลาย สายอาชีวศึกษา,ไตรมาส 1,608,เรียนหนังสือ,1) กรุงเทพมหานคร,14.3,พันคน,สำนักงานสถิติแห่งชาติ
2568,08. อุดมศึกษา สายวิชาการ,ไตรมาส 1,609,เรียนหนังสือ,1) กรุงเทพมหานคร,10.6,พันคน,สำนักงานสถิติแห่งชาติ
2568,09. อุดมศึกษา สายวิชาชีพ,ไตรมาส 1,610,เรียนหนังสือ,1) กรุงเทพมหานคร,3.5,พันคน,สำนักงานสถิติแห่งชาติ
2568,10. อุดมศึกษา สายวิชาการศึกษา,ไตรมาส 1,611,เรียนหนังสือ,1) กรุงเทพมหานคร,2.6,พันคน,สำนักงานสถิติแห่งชาติ
2568,12. ไม่ทราบ,ไตรมาส 1,612,เรียนหนังสือ,1) กรุงเทพมหานคร,0.9,พันคน,สำนักงานสถิติแห่งชาติ
2568,01. ไม่มีการศึกษา,ไตรมาส 1,613,ยังเด็กชรา/ไม่สามารถทำงานได้,1) กรุงเทพมหานคร,60.5,พันคน,สำนักงานสถิติแห่งชาติ
2568,02. ต่ำกว่าประถมศึกษา,ไตรมาส 1,614,ยังเด็กชรา/ไม่สามารถทำงานได้,1) กรุงเทพมหานคร,265.2,พันคน,สำนักงานสถิติแห่งชาติ
2568,03. ประถมศึกษา,ไตรมาส 1,615,ยังเด็กชรา/ไม่สามารถทำงานได้,1) กรุงเทพมหานคร,142.6,พันคน,สำนักงานสถิติแห่งชาติ
2568,04. มัธยมศึกษาตอนต้น,ไตรมาส 1,616,ยังเด็กชรา/ไม่สามารถทำงานได้,1) กรุงเทพมหานคร,82.8,พันคน,สำนักงานสถิติแห่งชาติ
2568,05. มัธยมศึกษาตอนปลาย สายสามัญ,ไตรมาส 1,617,ยังเด็กชรา/ไม่สามารถทำงานได้,1) กรุงเทพมหานคร,77.2,พันคน,สำนักงานสถิติแห่งชาติ
2568,06. มัธยมศึกษาตอนปลาย สายอาชีวศึกษา,ไตรมาส 1,618,ยังเด็กชรา/ไม่สามารถทำงานได้,1) กรุงเทพมหานคร,40.4,พันคน,สำนักงานสถิติแห่งชาติ
2568,07. มัธยมศึกษาตอนปลาย สายวิชาการศึกษา,ไตรมาส 1,619,ยังเด็กชรา/ไม่สามารถทำงานได้,1) กรุงเทพมหานคร,0.5,พันคน,สำนักงานสถิติแห่งชาติ
2568,08. อุดมศึกษา สายวิชาการ,ไตรมาส 1,620,ยังเด็กชรา/ไม่สามารถทำงานได้,1) กรุงเทพมหานคร,117.3,พันคน,สำนักงานสถิติแห่งชาติ
2568,09. อุดมศึกษา สายวิชาชีพ,ไตรมาส 1,621,ยังเด็กชรา/ไม่สามารถทำงานได้,1) กรุงเทพมหานคร,26.4,พันคน,สำนักงานสถิติแห่งชาติ
2568,10. อุดมศึกษา สายวิชาการศึกษา,ไตรมาส 1,622,ยังเด็กชรา/ไม่สามารถทำงานได้,1) กรุงเทพมหานคร,23.9,พันคน,สำนักงานสถิติแห่งชาติ
2568,12. ไม่ทราบ,ไตรมาส 1,623,ยังเด็กชรา/ไม่สามารถทำงานได้,1) กรุงเทพมหานคร,8.6,พันคน,สำนักงานสถิติแห่งชาติ
2568,01. ไม่มีการศึกษา,ไตรมาส 1,624,อื่นๆ,1) กรุงเทพมหานคร,2.2,พันคน,สำนักงานสถิติแห่งชาติ
2568,02. ต่ำกว่าประถมศึกษา,ไตรมาส 1,625,อื่นๆ,1) กรุงเทพมหานคร,9.3,พันคน,สำนักงานสถิติแห่งชาติ
2568,03. ประถมศึกษา,ไตรมาส 1,626,อื่นๆ,1) กรุงเทพมหานคร,18.0,พันคน,สำนักงานสถิติแห่งชาติ
2568,04. มัธยมศึกษาตอนต้น,ไตรมาส 1,627,อื่นๆ,1) กรุงเทพมหานคร,25.4,พันคน,สำนักงานสถิติแห่งชาติ
2568,05. มัธยมศึกษาตอนปลาย สายสามัญ,ไตรมาส 1,628,อื่นๆ,1) กรุงเทพมหานคร,19.9,พันคน,สำนักงานสถิติแห่งชาติ
2568,06. มัธยมศึกษาตอนปลาย สายอาชีวศึกษา,ไตรมาส 1,629,อื่นๆ,1) กรุงเทพมหานคร,19.6,พันคน,สำนักงานสถิติแห่งชาติ
2568,07. มัธยมศึกษาตอนปลาย สายวิชาการศึกษา,ไตรมาส 1,630,อื่นๆ,1) กรุงเทพมหานคร,0.7,พันคน,สำนักงานสถิติแห่งชาติ
2568,08. อุดมศึกษา สายวิชาการ,ไตรมาส 1,631,อื่นๆ,1) กรุงเทพมหานคร,131.1,พันคน,สำนักงานสถิติแห่งชาติ
2568,09. อุดมศึกษา สายวิชาชีพ,ไตรมาส 1,632,อื่นๆ,1) กรุงเทพมหานคร,21.4,พันคน,สำนักงานสถิติแห่งชาติ
2568,10. อุดมศึกษา สายวิชาการศึกษา,ไตรมาส 1,633,อื่นๆ,1) กรุงเทพมหานคร,33.2,พันคน,สำนักงานสถิติแห่งชาติ
2568,12. ไม่ทราบ,ไตรมาส 1,634,อื่นๆ,1) กรุงเทพมหานคร,6.7,พันคน,สำนักงานสถิติแห่งชาติ
2568,01. ไม่มีการศึกษา,ไตรมาส 1,635,ทำงานบ้าน,2) กลาง,21.7,พันคน,สำนักงานสถิติแห่งชาติ
2568,02. ต่ำกว่าประถมศึกษา,ไตรมาส 1,636,ทำงานบ้าน,2) กลาง,174.3,พันคน,สำนักงานสถิติแห่งชาติ
2568,03. ประถมศึกษา,ไตรมาส 1,637,ทำงานบ้าน,2) กลาง,254.0,พันคน,สำนักงานสถิติแห่งชาติ
2568,04. มัธยมศึกษาตอนต้น,ไตรมาส 1,638,ทำงานบ้าน,2) กลาง,175.0,พันคน,สำนักงานสถิติแห่งชาติ
2568,05. มัธยมศึกษาตอนปลาย สายสามัญ,ไตรมาส 1,639,ทำงานบ้าน,2) กลาง,144.8,พันคน,สำนักงานสถิติแห่งชาติ
2568,06. มัธยมศึกษาตอนปลาย สายอาชีวศึกษา,ไตรมาส 1,640,ทำงานบ้าน,2) กลาง,51.2,พันคน,สำนักงานสถิติแห่งชาติ
2568,07. มัธยมศึกษาตอนปลาย สายวิชาการศึกษา,ไตรมาส 1,641,ทำงานบ้าน,2) กลาง,0.2,พันคน,สำนักงานสถิติแห่งชาติ
2568,08. อุดมศึกษา สายวิชาการ,ไตรมาส 1,642,ทำงานบ้าน,2) กลาง,109.5,พันคน,สำนักงานสถิติแห่งชาติ
2568,09. อุดมศึกษา สายวิชาชีพ,ไตรมาส 1,643,ทำงานบ้าน,2) กลาง,35.9,พันคน,สำนักงานสถิติแห่งชาติ
2568,10. อุดมศึกษา สายวิชาการศึกษา,ไตรมาส 1,644,ทำงานบ้าน,2) กลาง,9.5,พันคน,สำนักงานสถิติแห่งชาติ
2568,11. อื่น ๆ,ไตรมาส 1,645,ทำงานบ้าน,2) กลาง,9.7,พันคน,สำนักงานสถิติแห่งชาติ
2568,12. ไม่ทราบ,ไตรมาส 1,646,ทำงานบ้าน,2) กลาง,3.5,พันคน,สำนักงานสถิติแห่งชาติ
2568,02. ต่ำกว่าประถมศึกษา,ไตรมาส 1,647,เรียนหนังสือ,2) กลาง,1.3,พันคน,สำนักงานสถิติแห่งชาติ
2568,03. ประถมศึกษา,ไตรมาส 1,648,เรียนหนังสือ,2) กลาง,136.0,พันคน,สำนักงานสถิติแห่งชาติ
2568,04. มัธยมศึกษาตอนต้น,ไตรมาส 1,649,เรียนหนังสือ,2) กลาง,445.9,พันคน,สำนักงานสถิติแห่งชาติ
2568,05. มัธยมศึกษาตอนปลาย สายสามัญ,ไตรมาส 1,650,เรียนหนังสือ,2) กลาง,251.5,พันคน,สำนักงานสถิติแห่งชาติ
2568,06. มัธยมศึกษาตอนปลาย สายอาชีวศึกษา,ไตรมาส 1,651,เรียนหนังสือ,2) กลาง,45.2,พันคน,สำนักงานสถิติแห่งชาติ
2568,08. อุดมศึกษา สายวิชาการ,ไตรมาส 1,652,เรียนหนังสือ,2) กลาง,2.6,พันคน,สำนักงานสถิติแห่งชาติ
2568,09. อุดมศึกษา สายวิชาชีพ,ไตรมาส 1,653,เรียนหนังสือ,2) กลาง,5.1,พันคน,สำนักงานสถิติแห่งชาติ
2568,01. ไม่มีการศึกษา,ไตรมาส 1,654,ยังเด็กชรา/ไม่สามารถทำงานได้,2) กลาง,122.9,พันคน,สำนักงานสถิติแห่งชาติ
2568,02. ต่ำกว่าประถมศึกษา,ไตรมาส 1,655,ยังเด็กชรา/ไม่สามารถทำงานได้,2) กลาง,873.8,พันคน,สำนักงานสถิติแห่งชาติ
2568,03. ประถมศึกษา,ไตรมาส 1,656,ยังเด็กชรา/ไม่สามารถทำงานได้,2) กลาง,204.8,พันคน,สำนักงานสถิติแห่งชาติ
2568,04. มัธยมศึกษาตอนต้น,ไตรมาส 1,657,ยังเด็กชรา/ไม่สามารถทำงานได้,2) กลาง,113.5,พันคน,สำนักงานสถิติแห่งชาติ
2568,05. มัธยมศึกษาตอนปลาย สายสามัญ,ไตรมาส 1,658,ยังเด็กชรา/ไม่สามารถทำงานได้,2) กลาง,72.0,พันคน,สำนักงานสถิติแห่งชาติ
2568,06. มัธยมศึกษาตอนปลาย สายอาชีวศึกษา,ไตรมาส 1,659,ยังเด็กชรา/ไม่สามารถทำงานได้,2) กลาง,44.0,พันคน,สำนักงานสถิติแห่งชาติ
2568,07. มัธยมศึกษาตอนปลาย สายวิชาการศึกษา,ไตรมาส 1,660,ยังเด็กชรา/ไม่สามารถทำงานได้,2) กลาง,0.6,พันคน,สำนักงานสถิติแห่งชาติ
2568,08. อุดมศึกษา สายวิชาการ,ไตรมาส 1,661,ยังเด็กชรา/ไม่สามารถทำงานได้,2) กลาง,63.7,พันคน,สำนักงานสถิติแห่งชาติ
2568,09. อุดมศึกษา สายวิชาชีพ,ไตรมาส 1,662,ยังเด็กชรา/ไม่สามารถทำงานได้,2) กลาง,18.7,พันคน,สำนักงานสถิติแห่งชาติ
2568,10. อุดมศึกษา สายวิชาการศึกษา,ไตรมาส 1,663,ยังเด็กชรา/ไม่สามารถทำงานได้,2) กลาง,11.2,พันคน,สำนักงานสถิติแห่งชาติ
2568,11. อื่น ๆ,ไตรมาส 1,664,ยังเด็กชรา/ไม่สามารถทำงานได้,2) กลาง,0.6,พันคน,สำนักงานสถิติแห่งชาติ
2568,12. ไม่ทราบ,ไตรมาส 1,665,ยังเด็กชรา/ไม่สามารถทำงานได้,2) กลาง,3.4,พันคน,สำนักงานสถิติแห่งชาติ
2568,01. ไม่มีการศึกษา,ไตรมาส 1,666,อื่นๆ,2) กลาง,2.2,พันคน,สำนักงานสถิติแห่งชาติ
2568,02. ต่ำกว่าประถมศึกษา,ไตรมาส 1,667,อื่นๆ,2) กลาง,21.8,พันคน,สำนักงานสถิติแห่งชาติ
2568,03. ประถมศึกษา,ไตรมาส 1,668,อื่นๆ,2) กลาง,65.4,พันคน,สำนักงานสถิติแห่งชาติ
2568,04. มัธยมศึกษาตอนต้น,ไตรมาส 1,669,อื่นๆ,2) กลาง,68.6,พันคน,สำนักงานสถิติแห่งชาติ
2568,05. มัธยมศึกษาตอนปลาย สายสามัญ,ไตรมาส 1,670,อื่นๆ,2) กลาง,90.1,พันคน,สำนักงานสถิติแห่งชาติ
2568,06. มัธยมศึกษาตอนปลาย สายอาชีวศึกษา,ไตรมาส 1,671,อื่นๆ,2) กลาง,29.5,พันคน,สำนักงานสถิติแห่งชาติ
2568,07. มัธยมศึกษาตอนปลาย สายวิชาการศึกษา,ไตรมาส 1,672,อื่นๆ,2) กลาง,0.1,พันคน,สำนักงานสถิติแห่งชาติ
2568,08. อุดมศึกษา สายวิชาการ,ไตรมาส 1,673,อื่นๆ,2) กลาง,165.7,พันคน,สำนักงานสถิติแห่งชาติ
2568,09. อุดมศึกษา สายวิชาชีพ,ไตรมาส 1,674,อื่นๆ,2) กลาง,32.7,พันคน,สำนักงานสถิติแห่งชาติ
2568,10. อุดมศึกษา สายวิชาการศึกษา,ไตรมาส 1,675,อื่นๆ,2) กลาง,71.1,พันคน,สำนักงานสถิติแห่งชาติ
2568,11. อื่น ๆ,ไตรมาส 1,676,อื่นๆ,2) กลาง,1.0,พันคน,สำนักงานสถิติแห่งชาติ
2568,12. ไม่ทราบ,ไตรมาส 1,677,อื่นๆ,2) กลาง,7.7,พันคน,สำนักงานสถิติแห่งชาติ
2568,01. ไม่มีการศึกษา,ไตรมาส 1,678,ทำงานบ้าน,3) ใต้,11.1,พันคน,สำนักงานสถิติแห่งชาติ
2568,02. ต่ำกว่าประถมศึกษา,ไตรมาส 1,679,ทำงานบ้าน,3) ใต้,113.8,พันคน,สำนักงานสถิติแห่งชาติ
2568,03. ประถมศึกษา,ไตรมาส 1,680,ทำงานบ้าน,3) ใต้,143.8,พันคน,สำนักงานสถิติแห่งชาติ
2568,04. มัธยมศึกษาตอนต้น,ไตรมาส 1,681,ทำงานบ้าน,3) ใต้,88.3,พันคน,สำนักงานสถิติแห่งชาติ
2568,05. มัธยมศึกษาตอนปลาย สายสามัญ,ไตรมาส 1,682,ทำงานบ้าน,3) ใต้,96.7,พันคน,สำนักงานสถิติแห่งชาติ
2568,06. มัธยมศึกษาตอนปลาย สายอาชีวศึกษา,ไตรมาส 1,683,ทำงานบ้าน,3) ใต้,16.8,พันคน,สำนักงานสถิติแห่งชาติ
2568,07. มัธยมศึกษาตอนปลาย สายวิชาการศึกษา,ไตรมาส 1,684,ทำงานบ้าน,3) ใต้,0.1,พันคน,สำนักงานสถิติแห่งชาติ
2568,08. อุดมศึกษา สายวิชาการ,ไตรมาส 1,685,ทำงานบ้าน,3) ใต้,54.7,พันคน,สำนักงานสถิติแห่งชาติ
2568,09. อุดมศึกษา สายวิชาชีพ,ไตรมาส 1,686,ทำงานบ้าน,3) ใต้,25.5,พันคน,สำนักงานสถิติแห่งชาติ
2568,10. อุดมศึกษา สายวิชาการศึกษา,ไตรมาส 1,687,ทำงานบ้าน,3) ใต้,10.2,พันคน,สำนักงานสถิติแห่งชาติ
2568,11. อื่น ๆ,ไตรมาส 1,688,ทำงานบ้าน,3) ใต้,0.5,พันคน,สำนักงานสถิติแห่งชาติ
2568,12. ไม่ทราบ,ไตรมาส 1,689,ทำงานบ้าน,3) ใต้,6.8,พันคน,สำนักงานสถิติแห่งชาติ
2568,03. ประถมศึกษา,ไตรมาส 1,690,เรียนหนังสือ,3) ใต้,105.1,พันคน,สำนักงานสถิติแห่งชาติ
2568,04. มัธยมศึกษาตอนต้น,ไตรมาส 1,691,เรียนหนังสือ,3) ใต้,293.1,พันคน,สำนักงานสถิติแห่งชาติ
2568,05. มัธยมศึกษาตอนปลาย สายสามัญ,ไตรมาส 1,692,เรียนหนังสือ,3) ใต้,133.6,พันคน,สำนักงานสถิติแห่งชาติ
2568,06. มัธยมศึกษาตอนปลาย สายอาชีวศึกษา,ไตรมาส 1,693,เรียนหนังสือ,3) ใต้,27.0,พันคน,สำนักงานสถิติแห่งชาติ
2568,08. อุดมศึกษา สายวิชาการ,ไตรมาส 1,694,เรียนหนังสือ,3) ใต้,1.2,พันคน,สำนักงานสถิติแห่งชาติ
2568,09. อุดมศึกษา สายวิชาชีพ,ไตรมาส 1,695,เรียนหนังสือ,3) ใต้,8.2,พันคน,สำนักงานสถิติแห่งชาติ
2568,01. ไม่มีการศึกษา,ไตรมาส 1,696,ยังเด็กชรา/ไม่สามารถทำงานได้,3) ใต้,52.6,พันคน,สำนักงานสถิติแห่งชาติ
2568,02. ต่ำกว่าประถมศึกษา,ไตรมาส 1,697,ยังเด็กชรา/ไม่สามารถทำงานได้,3) ใต้,381.3,พันคน,สำนักงานสถิติแห่งชาติ
2568,03. ประถมศึกษา,ไตรมาส 1,698,ยังเด็กชรา/ไม่สามารถทำงานได้,3) ใต้,85.7,พันคน,สำนักงานสถิติแห่งชาติ
2568,04. มัธยมศึกษาตอนต้น,ไตรมาส 1,699,ยังเด็กชรา/ไม่สามารถทำงานได้,3) ใต้,38.1,พันคน,สำนักงานสถิติแห่งชาติ
2568,05. มัธยมศึกษาตอนปลาย สายสามัญ,ไตรมาส 1,700,ยังเด็กชรา/ไม่สามารถทำงานได้,3) ใต้,23.3,พันคน,สำนักงานสถิติแห่งชาติ
2568,06. มัธยมศึกษาตอนปลาย สายอาชีวศึกษา,ไตรมาส 1,701,ยังเด็กชรา/ไม่สามารถทำงานได้,3) ใต้,9.1,พันคน,สำนักงานสถิติแห่งชาติ
2568,07. มัธยมศึกษาตอนปลาย สายวิชาการศึกษา,ไตรมาส 1,702,ยังเด็กชรา/ไม่สามารถทำงานได้,3) ใต้,0.1,พันคน,สำนักงานสถิติแห่งชาติ
2568,08. อุดมศึกษา สายวิชาการ,ไตรมาส 1,703,ยังเด็กชรา/ไม่สามารถทำงานได้,3) ใต้,15.3,พันคน,สำนักงานสถิติแห่งชาติ
2568,09. อุดมศึกษา สายวิชาชีพ,ไตรมาส 1,704,ยังเด็กชรา/ไม่สามารถทำงานได้,3) ใต้,10.0,พันคน,สำนักงานสถิติแห่งชาติ
2568,10. อุดมศึกษา สายวิชาการศึกษา,ไตรมาส 1,705,ยังเด็กชรา/ไม่สามารถทำงานได้,3) ใต้,5.4,พันคน,สำนักงานสถิติแห่งชาติ
2568,12. ไม่ทราบ,ไตรมาส 1,706,ยังเด็กชรา/ไม่สามารถทำงานได้,3) ใต้,1.7,พันคน,สำนักงานสถิติแห่งชาติ
2568,01. ไม่มีการศึกษา,ไตรมาส 1,707,อื่นๆ,3) ใต้,1.3,พันคน,สำนักงานสถิติแห่งชาติ
2568,02. ต่ำกว่าประถมศึกษา,ไตรมาส 1,708,อื่นๆ,3) ใต้,5.9,พันคน,สำนักงานสถิติแห่งชาติ
2568,03. ประถมศึกษา,ไตรมาส 1,709,อื่นๆ,3) ใต้,22.1,พันคน,สำนักงานสถิติแห่งชาติ
2568,04. มัธยมศึกษาตอนต้น,ไตรมาส 1,710,อื่นๆ,3) ใต้,20.4,พันคน,สำนักงานสถิติแห่งชาติ
2568,05. มัธยมศึกษาตอนปลาย สายสามัญ,ไตรมาส 1,711,อื่นๆ,3) ใต้,24.5,พันคน,สำนักงานสถิติแห่งชาติ
2568,06. มัธยมศึกษาตอนปลาย สายอาชีวศึกษา,ไตรมาส 1,712,อื่นๆ,3) ใต้,6.2,พันคน,สำนักงานสถิติแห่งชาติ
2568,08. อุดมศึกษา สายวิชาการ,ไตรมาส 1,713,อื่นๆ,3) ใต้,48.1,พันคน,สำนักงานสถิติแห่งชาติ
2568,09. อุดมศึกษา สายวิชาชีพ,ไตรมาส 1,714,อื่นๆ,3) ใต้,8.5,พันคน,สำนักงานสถิติแห่งชาติ
2568,10. อุดมศึกษา สายวิชาการศึกษา,ไตรมาส 1,715,อื่นๆ,3) ใต้,41.9,พันคน,สำนักงานสถิติแห่งชาติ
2568,12. ไม่ทราบ,ไตรมาส 1,716,อื่นๆ,3) ใต้,1.1,พันคน,สำนักงานสถิติแห่งชาติ
2568,01. ไม่มีการศึกษา,ไตรมาส 1,717,ทำงานบ้าน,4) ใต้ชายแดน,8.2,พันคน,สำนักงานสถิติแห่งชาติ
2568,02. ต่ำกว่าประถมศึกษา,ไตรมาส 1,718,ทำงานบ้าน,4) ใต้ชายแดน,19.2,พันคน,สำนักงานสถิติแห่งชาติ
2568,03. ประถมศึกษา,ไตรมาส 1,719,ทำงานบ้าน,4) ใต้ชายแดน,55.0,พันคน,สำนักงานสถิติแห่งชาติ
2568,04. มัธยมศึกษาตอนต้น,ไตรมาส 1,720,ทำงานบ้าน,4) ใต้ชายแดน,24.6,พันคน,สำนักงานสถิติแห่งชาติ
2568,05. มัธยมศึกษาตอนปลาย สายสามัญ,ไตรมาส 1,721,ทำงานบ้าน,4) ใต้ชายแดน,35.6,พันคน,สำนักงานสถิติแห่งชาติ
2568,06. มัธยมศึกษาตอนปลาย สายอาชีวศึกษา,ไตรมาส 1,722,ทำงานบ้าน,4) ใต้ชายแดน,1.0,พันคน,สำนักงานสถิติแห่งชาติ
2568,07. มัธยมศึกษาตอนปลาย สายวิชาการศึกษา,ไตรมาส 1,723,ทำงานบ้าน,4) ใต้ชายแดน,0.1,พันคน,สำนักงานสถิติแห่งชาติ
2568,08. อุดมศึกษา สายวิชาการ,ไตรมาส 1,724,ทำงานบ้าน,4) ใต้ชายแดน,8.6,พันคน,สำนักงานสถิติแห่งชาติ
2568,09. อุดมศึกษา สายวิชาชีพ,ไตรมาส 1,725,ทำงานบ้าน,4) ใต้ชายแดน,2.5,พันคน,สำนักงานสถิติแห่งชาติ
2568,10. อุดมศึกษา สายวิชาการศึกษา,ไตรมาส 1,726,ทำงานบ้าน,4) ใต้ชายแดน,1.3,พันคน,สำนักงานสถิติแห่งชาติ
2568,11. อื่น ๆ,ไตรมาส 1,727,ทำงานบ้าน,4) ใต้ชายแดน,1.4,พันคน,สำนักงานสถิติแห่งชาติ
2568,03. ประถมศึกษา,ไตรมาส 1,728,เรียนหนังสือ,4) ใต้ชายแดน,26.6,พันคน,สำนักงานสถิติแห่งชาติ
2568,04. มัธยมศึกษาตอนต้น,ไตรมาส 1,729,เรียนหนังสือ,4) ใต้ชายแดน,69.7,พันคน,สำนักงานสถิติแห่งชาติ
2568,05. มัธยมศึกษาตอนปลาย สายสามัญ,ไตรมาส 1,730,เรียนหนังสือ,4) ใต้ชายแดน,27.4,พันคน,สำนักงานสถิติแห่งชาติ
2568,06. มัธยมศึกษาตอนปลาย สายอาชีวศึกษา,ไตรมาส 1,731,เรียนหนังสือ,4) ใต้ชายแดน,2.5,พันคน,สำนักงานสถิติแห่งชาติ
2568,08. อุดมศึกษา สายวิชาการ,ไตรมาส 1,732,เรียนหนังสือ,4) ใต้ชายแดน,0.1,พันคน,สำนักงานสถิติแห่งชาติ
2568,09. อุดมศึกษา สายวิชาชีพ,ไตรมาส 1,733,เรียนหนังสือ,4) ใต้ชายแดน,1.2,พันคน,สำนักงานสถิติแห่งชาติ
2568,01. ไม่มีการศึกษา,ไตรมาส 1,734,ยังเด็กชรา/ไม่สามารถทำงานได้,4) ใต้ชายแดน,65.2,พันคน,สำนักงานสถิติแห่งชาติ
2568,02. ต่ำกว่าประถมศึกษา,ไตรมาส 1,735,ยังเด็กชรา/ไม่สามารถทำงานได้,4) ใต้ชายแดน,58.7,พันคน,สำนักงานสถิติแห่งชาติ
2568,03. ประถมศึกษา,ไตรมาส 1,736,ยังเด็กชรา/ไม่สามารถทำงานได้,4) ใต้ชายแดน,32.2,พันคน,สำนักงานสถิติแห่งชาติ
2568,04. มัธยมศึกษาตอนต้น,ไตรมาส 1,737,ยังเด็กชรา/ไม่สามารถทำงานได้,4) ใต้ชายแดน,4.6,พันคน,สำนักงานสถิติแห่งชาติ
2568,05. มัธยมศึกษาตอนปลาย สายสามัญ,ไตรมาส 1,738,ยังเด็กชรา/ไม่สามารถทำงานได้,4) ใต้ชายแดน,3.2,พันคน,สำนักงานสถิติแห่งชาติ
2568,06. มัธยมศึกษาตอนปลาย สายอาชีวศึกษา,ไตรมาส 1,739,ยังเด็กชรา/ไม่สามารถทำงานได้,4) ใต้ชายแดน,0.9,พันคน,สำนักงานสถิติแห่งชาติ
2568,08. อุดมศึกษา สายวิชาการ,ไตรมาส 1,740,ยังเด็กชรา/ไม่สามารถทำงานได้,4) ใต้ชายแดน,1.2,พันคน,สำนักงานสถิติแห่งชาติ
2568,09. อุดมศึกษา สายวิชาชีพ,ไตรมาส 1,741,ยังเด็กชรา/ไม่สามารถทำงานได้,4) ใต้ชายแดน,1.6,พันคน,สำนักงานสถิติแห่งชาติ
2568,10. อุดมศึกษา สายวิชาการศึกษา,ไตรมาส 1,742,ยังเด็กชรา/ไม่สามารถทำงานได้,4) ใต้ชายแดน,0.1,พันคน,สำนักงานสถิติแห่งชาติ
2568,11. อื่น ๆ,ไตรมาส 1,743,ยังเด็กชรา/ไม่สามารถทำงานได้,4) ใต้ชายแดน,3.1,พันคน,สำนักงานสถิติแห่งชาติ
2568,02. ต่ำกว่าประถมศึกษา,ไตรมาส 1,744,อื่นๆ,4) ใต้ชายแดน,1.5,พันคน,สำนักงานสถิติแห่งชาติ
2568,03. ประถมศึกษา,ไตรมาส 1,745,อื่นๆ,4) ใต้ชายแดน,8.2,พันคน,สำนักงานสถิติแห่งชาติ
2568,04. มัธยมศึกษาตอนต้น,ไตรมาส 1,746,อื่นๆ,4) ใต้ชายแดน,8.1,พันคน,สำนักงานสถิติแห่งชาติ
2568,05. มัธยมศึกษาตอนปลาย สายสามัญ,ไตรมาส 1,747,อื่นๆ,4) ใต้ชายแดน,5.3,พันคน,สำนักงานสถิติแห่งชาติ
2568,06. มัธยมศึกษาตอนปลาย สายอาชีวศึกษา,ไตรมาส 1,748,อื่นๆ,4) ใต้ชายแดน,1.2,พันคน,สำนักงานสถิติแห่งชาติ
2568,08. อุดมศึกษา สายวิชาการ,ไตรมาส 1,749,อื่นๆ,4) ใต้ชายแดน,9.0,พันคน,สำนักงานสถิติแห่งชาติ
2568,09. อุดมศึกษา สายวิชาชีพ,ไตรมาส 1,750,อื่นๆ,4) ใต้ชายแดน,0.7,พันคน,สำนักงานสถิติแห่งชาติ
2568,10. อุดมศึกษา สายวิชาการศึกษา,ไตรมาส 1,751,อื่นๆ,4) ใต้ชายแดน,11.7,พันคน,สำนักงานสถิติแห่งชาติ
2568,01. ไม่มีการศึกษา,ไตรมาส 1,752,ทำงานบ้าน,5) ตะวันออก,24.1,พันคน,สำนักงานสถิติแห่งชาติ
2568,02. ต่ำกว่าประถมศึกษา,ไตรมาส 1,753,ทำงานบ้าน,5) ตะวันออก,90.0,พันคน,สำนักงานสถิติแห่งชาติ
2568,03. ประถมศึกษา,ไตรมาส 1,754,ทำงานบ้าน,5) ตะวันออก,98.6,พันคน,สำนักงานสถิติแห่งชาติ
2568,04. มัธยมศึกษาตอนต้น,ไตรมาส 1,755,ทำงานบ้าน,5) ตะวันออก,96.6,พันคน,สำนักงานสถิติแห่งชาติ
2568,05. มัธยมศึกษาตอนปลาย สายสามัญ,ไตรมาส 1,756,ทำงานบ้าน,5) ตะวันออก,63.9,พันคน,สำนักงานสถิติแห่งชาติ
2568,06. มัธยมศึกษาตอนปลาย สายอาชีวศึกษา,ไตรมาส 1,757,ทำงานบ้าน,5) ตะวันออก,13.7,พันคน,สำนักงานสถิติแห่งชาติ
2568,08. อุดมศึกษา สายวิชาการ,ไตรมาส 1,758,ทำงานบ้าน,5) ตะวันออก,34.5,พันคน,สำนักงานสถิติแห่งชาติ
2568,09. อุดมศึกษา สายวิชาชีพ,ไตรมาส 1,759,ทำงานบ้าน,5) ตะวันออก,25.0,พันคน,สำนักงานสถิติแห่งชาติ
2568,10. อุดมศึกษา สายวิชาการศึกษา,ไตรมาส 1,760,ทำงานบ้าน,5) ตะวันออก,6.6,พันคน,สำนักงานสถิติแห่งชาติ
2568,12. ไม่ทราบ,ไตรมาส 1,761,ทำงานบ้าน,5) ตะวันออก,12.2,พันคน,สำนักงานสถิติแห่งชาติ
2568,02. ต่ำกว่าประถมศึกษา,ไตรมาส 1,762,เรียนหนังสือ,5) ตะวันออก,0.3,พันคน,สำนักงานสถิติแห่งชาติ
2568,03. ประถมศึกษา,ไตรมาส 1,763,เรียนหนังสือ,5) ตะวันออก,65.3,พันคน,สำนักงานสถิติแห่งชาติ
2568,04. มัธยมศึกษาตอนต้น,ไตรมาส 1,764,เรียนหนังสือ,5) ตะวันออก,186.3,พันคน,สำนักงานสถิติแห่งชาติ
2568,05. มัธยมศึกษาตอนปลาย สายสามัญ,ไตรมาส 1,765,เรียนหนังสือ,5) ตะวันออก,71.4,พันคน,สำนักงานสถิติแห่งชาติ
2568,06. มัธยมศึกษาตอนปลาย สายอาชีวศึกษา,ไตรมาส 1,766,เรียนหนังสือ,5) ตะวันออก,41.5,พันคน,สำนักงานสถิติแห่งชาติ
2568,08. อุดมศึกษา สายวิชาการ,ไตรมาส 1,767,เรียนหนังสือ,5) ตะวันออก,0.1,พันคน,สำนักงานสถิติแห่งชาติ
2568,01. ไม่มีการศึกษา,ไตรมาส 1,768,ยังเด็กชรา/ไม่สามารถทำงานได้,5) ตะวันออก,48.6,พันคน,สำนักงานสถิติแห่งชาติ
2568,02. ต่ำกว่าประถมศึกษา,ไตรมาส 1,769,ยังเด็กชรา/ไม่สามารถทำงานได้,5) ตะวันออก,300.6,พันคน,สำนักงานสถิติแห่งชาติ
2568,03. ประถมศึกษา,ไตรมาส 1,770,ยังเด็กชรา/ไม่สามารถทำงานได้,5) ตะวันออก,67.1,พันคน,สำนักงานสถิติแห่งชาติ
2568,04. มัธยมศึกษาตอนต้น,ไตรมาส 1,771,ยังเด็กชรา/ไม่สามารถทำงานได้,5) ตะวันออก,33.0,พันคน,สำนักงานสถิติแห่งชาติ
2568,05. มัธยมศึกษาตอนปลาย สายสามัญ,ไตรมาส 1,772,ยังเด็กชรา/ไม่สามารถทำงานได้,5) ตะวันออก,15.4,พันคน,สำนักงานสถิติแห่งชาติ
2568,06. มัธยมศึกษาตอนปลาย สายอาชีวศึกษา,ไตรมาส 1,773,ยังเด็กชรา/ไม่สามารถทำงานได้,5) ตะวันออก,4.6,พันคน,สำนักงานสถิติแห่งชาติ
2568,07. มัธยมศึกษาตอนปลาย สายวิชาการศึกษา,ไตรมาส 1,774,ยังเด็กชรา/ไม่สามารถทำงานได้,5) ตะวันออก,0.1,พันคน,สำนักงานสถิติแห่งชาติ
2568,08. อุดมศึกษา สายวิชาการ,ไตรมาส 1,775,ยังเด็กชรา/ไม่สามารถทำงานได้,5) ตะวันออก,13.3,พันคน,สำนักงานสถิติแห่งชาติ
2568,09. อุดมศึกษา สายวิชาชีพ,ไตรมาส 1,776,ยังเด็กชรา/ไม่สามารถทำงานได้,5) ตะวันออก,5.1,พันคน,สำนักงานสถิติแห่งชาติ
2568,10. อุดมศึกษา สายวิชาการศึกษา,ไตรมาส 1,777,ยังเด็กชรา/ไม่สามารถทำงานได้,5) ตะวันออก,1.6,พันคน,สำนักงานสถิติแห่งชาติ
2568,12. ไม่ทราบ,ไตรมาส 1,778,ยังเด็กชรา/ไม่สามารถทำงานได้,5) ตะวันออก,9.8,พันคน,สำนักงานสถิติแห่งชาติ
2568,01. ไม่มีการศึกษา,ไตรมาส 1,779,อื่นๆ,5) ตะวันออก,2.8,พันคน,สำนักงานสถิติแห่งชาติ
2568,02. ต่ำกว่าประถมศึกษา,ไตรมาส 1,780,อื่นๆ,5) ตะวันออก,12.6,พันคน,สำนักงานสถิติแห่งชาติ
2568,03. ประถมศึกษา,ไตรมาส 1,781,อื่นๆ,5) ตะวันออก,32.9,พันคน,สำนักงานสถิติแห่งชาติ
2568,04. มัธยมศึกษาตอนต้น,ไตรมาส 1,782,อื่นๆ,5) ตะวันออก,42.4,พันคน,สำนักงานสถิติแห่งชาติ
2568,05. มัธยมศึกษาตอนปลาย สายสามัญ,ไตรมาส 1,783,อื่นๆ,5) ตะวันออก,26.5,พันคน,สำนักงานสถิติแห่งชาติ
2568,06. มัธยมศึกษาตอนปลาย สายอาชีวศึกษา,ไตรมาส 1,784,อื่นๆ,5) ตะวันออก,10.0,พันคน,สำนักงานสถิติแห่งชาติ
2568,08. อุดมศึกษา สายวิชาการ,ไตรมาส 1,785,อื่นๆ,5) ตะวันออก,61.1,พันคน,สำนักงานสถิติแห่งชาติ
2568,09. อุดมศึกษา สายวิชาชีพ,ไตรมาส 1,786,อื่นๆ,5) ตะวันออก,9.8,พันคน,สำนักงานสถิติแห่งชาติ
2568,10. อุดมศึกษา สายวิชาการศึกษา,ไตรมาส 1,787,อื่นๆ,5) ตะวันออก,24.6,พันคน,สำนักงานสถิติแห่งชาติ
2568,12. ไม่ทราบ,ไตรมาส 1,788,อื่นๆ,5) ตะวันออก,18.6,พันคน,สำนักงานสถิติแห่งชาติ
2568,01. ไม่มีการศึกษา,ไตรมาส 1,789,ทำงานบ้าน,6) ตะวันออกเฉียงเหนือ,6.8,พันคน,สำนักงานสถิติแห่งชาติ
2568,02. ต่ำกว่าประถมศึกษา,ไตรมาส 1,790,ทำงานบ้าน,6) ตะวันออกเฉียงเหนือ,350.3,พันคน,สำนักงานสถิติแห่งชาติ
2568,03. ประถมศึกษา,ไตรมาส 1,791,ทำงานบ้าน,6) ตะวันออกเฉียงเหนือ,401.9,พันคน,สำนักงานสถิติแห่งชาติ
2568,04. มัธยมศึกษาตอนต้น,ไตรมาส 1,792,ทำงานบ้าน,6) ตะวันออกเฉียงเหนือ,205.9,พันคน,สำนักงานสถิติแห่งชาติ
2568,05. มัธยมศึกษาตอนปลาย สายสามัญ,ไตรมาส 1,793,ทำงานบ้าน,6) ตะวันออกเฉียงเหนือ,213.9,พันคน,สำนักงานสถิติแห่งชาติ
2568,06. มัธยมศึกษาตอนปลาย สายอาชีวศึกษา,ไตรมาส 1,794,ทำงานบ้าน,6) ตะวันออกเฉียงเหนือ,27.8,พันคน,สำนักงานสถิติแห่งชาติ
2568,08. อุดมศึกษา สายวิชาการ,ไตรมาส 1,795,ทำงานบ้าน,6) ตะวันออกเฉียงเหนือ,42.5,พันคน,สำนักงานสถิติแห่งชาติ
2568,09. อุดมศึกษา สายวิชาชีพ,ไตรมาส 1,796,ทำงานบ้าน,6) ตะวันออกเฉียงเหนือ,35.3,พันคน,สำนักงานสถิติแห่งชาติ
2568,10. อุดมศึกษา สายวิชาการศึกษา,ไตรมาส 1,797,ทำงานบ้าน,6) ตะวันออกเฉียงเหนือ,11.1,พันคน,สำนักงานสถิติแห่งชาติ
2568,02. ต่ำกว่าประถมศึกษา,ไตรมาส 1,798,เรียนหนังสือ,6) ตะวันออกเฉียงเหนือ,1.0,พันคน,สำนักงานสถิติแห่งชาติ
2568,03. ประถมศึกษา,ไตรมาส 1,799,เรียนหนังสือ,6) ตะวันออกเฉียงเหนือ,287.4,พันคน,สำนักงานสถิติแห่งชาติ
2568,04. มัธยมศึกษาตอนต้น,ไตรมาส 1,800,เรียนหนังสือ,6) ตะวันออกเฉียงเหนือ,788.3,พันคน,สำนักงานสถิติแห่งชาติ
2568,05. มัธยมศึกษาตอนปลาย สายสามัญ,ไตรมาส 1,801,เรียนหนังสือ,6) ตะวันออกเฉียงเหนือ,312.9,พันคน,สำนักงานสถิติแห่งชาติ
2568,06. มัธยมศึกษาตอนปลาย สายอาชีวศึกษา,ไตรมาส 1,802,เรียนหนังสือ,6) ตะวันออกเฉียงเหนือ,62.4,พันคน,สำนักงานสถิติแห่งชาติ
2568,09. อุดมศึกษา สายวิชาชีพ,ไตรมาส 1,803,เรียนหนังสือ,6) ตะวันออกเฉียงเหนือ,6.6,พันคน,สำนักงานสถิติแห่งชาติ
2568,01. ไม่มีการศึกษา,ไตรมาส 1,804,ยังเด็กชรา/ไม่สามารถทำงานได้,6) ตะวันออกเฉียงเหนือ,112.6,พันคน,สำนักงานสถิติแห่งชาติ
2568,02. ต่ำกว่าประถมศึกษา,ไตรมาส 1,805,ยังเด็กชรา/ไม่สามารถทำงานได้,6) ตะวันออกเฉียงเหนือ,1811.1,พันคน,สำนักงานสถิติแห่งชาติ
2568,03. ประถมศึกษา,ไตรมาส 1,806,ยังเด็กชรา/ไม่สามารถทำงานได้,6) ตะวันออกเฉียงเหนือ,229.2,พันคน,สำนักงานสถิติแห่งชาติ
2568,04. มัธยมศึกษาตอนต้น,ไตรมาส 1,807,ยังเด็กชรา/ไม่สามารถทำงานได้,6) ตะวันออกเฉียงเหนือ,99.6,พันคน,สำนักงานสถิติแห่งชาติ
2568,05. มัธยมศึกษาตอนปลาย สายสามัญ,ไตรมาส 1,808,ยังเด็กชรา/ไม่สามารถทำงานได้,6) ตะวันออกเฉียงเหนือ,60.3,พันคน,สำนักงานสถิติแห่งชาติ
2568,06. มัธยมศึกษาตอนปลาย สายอาชีวศึกษา,ไตรมาส 1,809,ยังเด็กชรา/ไม่สามารถทำงานได้,6) ตะวันออกเฉียงเหนือ,7.0,พันคน,สำนักงานสถิติแห่งชาติ
2568,08. อุดมศึกษา สายวิชาการ,ไตรมาส 1,810,ยังเด็กชรา/ไม่สามารถทำงานได้,6) ตะวันออกเฉียงเหนือ,13.2,พันคน,สำนักงานสถิติแห่งชาติ
2568,09. อุดมศึกษา สายวิชาชีพ,ไตรมาส 1,811,ยังเด็กชรา/ไม่สามารถทำงานได้,6) ตะวันออกเฉียงเหนือ,4.4,พันคน,สำนักงานสถิติแห่งชาติ
2568,10. อุดมศึกษา สายวิชาการศึกษา,ไตรมาส 1,812,ยังเด็กชรา/ไม่สามารถทำงานได้,6) ตะวันออกเฉียงเหนือ,5.2,พันคน,สำนักงานสถิติแห่งชาติ
2568,12. ไม่ทราบ,ไตรมาส 1,813,ยังเด็กชรา/ไม่สามารถทำงานได้,6) ตะวันออกเฉียงเหนือ,0.3,พันคน,สำนักงานสถิติแห่งชาติ
2568,01. ไม่มีการศึกษา,ไตรมาส 1,814,อื่นๆ,6) ตะวันออกเฉียงเหนือ,2.2,พันคน,สำนักงานสถิติแห่งชาติ
2568,02. ต่ำกว่าประถมศึกษา,ไตรมาส 1,815,อื่นๆ,6) ตะวันออกเฉียงเหนือ,75.8,พันคน,สำนักงานสถิติแห่งชาติ
2568,03. ประถมศึกษา,ไตรมาส 1,816,อื่นๆ,6) ตะวันออกเฉียงเหนือ,138.9,พันคน,สำนักงานสถิติแห่งชาติ
2568,04. มัธยมศึกษาตอนต้น,ไตรมาส 1,817,อื่นๆ,6) ตะวันออกเฉียงเหนือ,139.7,พันคน,สำนักงานสถิติแห่งชาติ
2568,05. มัธยมศึกษาตอนปลาย สายสามัญ,ไตรมาส 1,818,อื่นๆ,6) ตะวันออกเฉียงเหนือ,135.9,พันคน,สำนักงานสถิติแห่งชาติ
2568,06. มัธยมศึกษาตอนปลาย สายอาชีวศึกษา,ไตรมาส 1,819,อื่นๆ,6) ตะวันออกเฉียงเหนือ,25.9,พันคน,สำนักงานสถิติแห่งชาติ
2568,08. อุดมศึกษา สายวิชาการ,ไตรมาส 1,820,อื่นๆ,6) ตะวันออกเฉียงเหนือ,101.8,พันคน,สำนักงานสถิติแห่งชาติ
2568,09. อุดมศึกษา สายวิชาชีพ,ไตรมาส 1,821,อื่นๆ,6) ตะวันออกเฉียงเหนือ,23.1,พันคน,สำนักงานสถิติแห่งชาติ
2568,10. อุดมศึกษา สายวิชาการศึกษา,ไตรมาส 1,822,อื่นๆ,6) ตะวันออกเฉียงเหนือ,117.5,พันคน,สำนักงานสถิติแห่งชาติ
2568,01. ไม่มีการศึกษา,ไตรมาส 1,823,ทำงานบ้าน,7) เหนือ,58.4,พันคน,สำนักงานสถิติแห่งชาติ
2568,02. ต่ำกว่าประถมศึกษา,ไตรมาส 1,824,ทำงานบ้าน,7) เหนือ,235.1,พันคน,สำนักงานสถิติแห่งชาติ
2568,03. ประถมศึกษา,ไตรมาส 1,825,ทำงานบ้าน,7) เหนือ,137.6,พันคน,สำนักงานสถิติแห่งชาติ
2568,04. มัธยมศึกษาตอนต้น,ไตรมาส 1,826,ทำงานบ้าน,7) เหนือ,101.7,พันคน,สำนักงานสถิติแห่งชาติ
2568,05. มัธยมศึกษาตอนปลาย สายสามัญ,ไตรมาส 1,827,ทำงานบ้าน,7) เหนือ,113.9,พันคน,สำนักงานสถิติแห่งชาติ
2568,06. มัธยมศึกษาตอนปลาย สายอาชีวศึกษา,ไตรมาส 1,828,ทำงานบ้าน,7) เหนือ,22.5,พันคน,สำนักงานสถิติแห่งชาติ
2568,07. มัธยมศึกษาตอนปลาย สายวิชาการศึกษา,ไตรมาส 1,829,ทำงานบ้าน,7) เหนือ,0.2,พันคน,สำนักงานสถิติแห่งชาติ
2564,ต่ำกว่าประถมศึกษา,ไตรมาส 1,830,เรียนหนังสือ,ภาคกลาง,0.8,พันคน,สำนักงานสถิติแห่งชาติ
2564,ประถมศึกษา,ไตรมาส 1,831,เรียนหนังสือ,ภาคกลาง,196.8,พันคน,สำนักงานสถิติแห่งชาติ
2564,มัธยมศึกษาตอนต้น,ไตรมาส 1,832,เรียนหนังสือ,ภาคกลาง,567.9,พันคน,สำนักงานสถิติแห่งชาติ
2564,มัธยมศึกษาตอนปลาย  สายสามัญ,ไตรมาส 1,833,เรียนหนังสือ,ภาคกลาง,325.7,พันคน,สำนักงานสถิติแห่งชาติ
2564,มัธยมศึกษาตอนปลาย  สายอาชีวศึกษา,ไตรมาส 1,834,เรียนหนังสือ,ภาคกลาง,66.1,พันคน,สำนักงานสถิติแห่งชาติ
2564,มัธยมศึกษาตอนปลาย  สายวิชาการศึกษา,ไตรมาส 1,835,เรียนหนังสือ,ภาคกลาง,0.0,พันคน,สำนักงานสถิติแห่งชาติ
2564,อุดมศึกษา สายวิชาการ,ไตรมาส 1,836,เรียนหนังสือ,ภาคกลาง,5.2,พันคน,สำนักงานสถิติแห่งชาติ
2564,อุดมศึกษา สายวิชาชีพ,ไตรมาส 1,837,เรียนหนังสือ,ภาคกลาง,12.7,พันคน,สำนักงานสถิติแห่งชาติ
2564,อุดมศึกษา สายวิชาการศึกษา,ไตรมาส 1,838,เรียนหนังสือ,ภาคกลาง,0.0,พันคน,สำนักงานสถิติแห่งชาติ
2564,การศึกษาอื่นๆ,ไตรมาส 1,839,เรียนหนังสือ,ภาคกลาง,0.0,พันคน,สำนักงานสถิติแห่งชาติ
2564,ไม่ทราบ,ไตรมาส 1,840,เรียนหนังสือ,ภาคกลาง,0.0,พันคน,สำนักงานสถิติแห่งชาติ
2564,ไม่มีการศึกษา,ไตรมาส 1,841,ยังเด็กชรา/ไม่สามารถทำงานได้,ภาคกลาง,189.4,พันคน,สำนักงานสถิติแห่งชาติ
2564,ต่ำกว่าประถมศึกษา,ไตรมาส 1,842,ยังเด็กชรา/ไม่สามารถทำงานได้,ภาคกลาง,1201.6,พันคน,สำนักงานสถิติแห่งชาติ
2564,ประถมศึกษา,ไตรมาส 1,843,ยังเด็กชรา/ไม่สามารถทำงานได้,ภาคกลาง,207.3,พันคน,สำนักงานสถิติแห่งชาติ
2564,มัธยมศึกษาตอนต้น,ไตรมาส 1,844,ยังเด็กชรา/ไม่สามารถทำงานได้,ภาคกลาง,103.7,พันคน,สำนักงานสถิติแห่งชาติ
2564,มัธยมศึกษาตอนปลาย  สายสามัญ,ไตรมาส 1,845,ยังเด็กชรา/ไม่สามารถทำงานได้,ภาคกลาง,70.2,พันคน,สำนักงานสถิติแห่งชาติ
2564,มัธยมศึกษาตอนปลาย  สายอาชีวศึกษา,ไตรมาส 1,846,ยังเด็กชรา/ไม่สามารถทำงานได้,ภาคกลาง,28.4,พันคน,สำนักงานสถิติแห่งชาติ
2564,มัธยมศึกษาตอนปลาย  สายวิชาการศึกษา,ไตรมาส 1,847,ยังเด็กชรา/ไม่สามารถทำงานได้,ภาคกลาง,0.5,พันคน,สำนักงานสถิติแห่งชาติ
2564,อุดมศึกษา สายวิชาการ,ไตรมาส 1,848,ยังเด็กชรา/ไม่สามารถทำงานได้,ภาคกลาง,54.9,พันคน,สำนักงานสถิติแห่งชาติ
2564,อุดมศึกษา สายวิชาชีพ,ไตรมาส 1,849,ยังเด็กชรา/ไม่สามารถทำงานได้,ภาคกลาง,14.8,พันคน,สำนักงานสถิติแห่งชาติ
2564,อุดมศึกษา สายวิชาการศึกษา,ไตรมาส 1,850,ยังเด็กชรา/ไม่สามารถทำงานได้,ภาคกลาง,15.2,พันคน,สำนักงานสถิติแห่งชาติ
2564,การศึกษาอื่นๆ,ไตรมาส 1,851,ยังเด็กชรา/ไม่สามารถทำงานได้,ภาคกลาง,0.0,พันคน,สำนักงานสถิติแห่งชาติ
2564,ไม่ทราบ,ไตรมาส 1,852,ยังเด็กชรา/ไม่สามารถทำงานได้,ภาคกลาง,3.6,พันคน,สำนักงานสถิติแห่งชาติ
2564,ไม่มีการศึกษา,ไตรมาส 1,853,อื่นๆ,ภาคกลาง,2.7,พันคน,สำนักงานสถิติแห่งชาติ
2564,ต่ำกว่าประถมศึกษา,ไตรมาส 1,854,อื่นๆ,ภาคกลาง,52.5,พันคน,สำนักงานสถิติแห่งชาติ
2564,ประถมศึกษา,ไตรมาส 1,855,อื่นๆ,ภาคกลาง,60.2,พันคน,สำนักงานสถิติแห่งชาติ
2564,มัธยมศึกษาตอนต้น,ไตรมาส 1,856,อื่นๆ,ภาคกลาง,104.4,พันคน,สำนักงานสถิติแห่งชาติ
2564,มัธยมศึกษาตอนปลาย  สายสามัญ,ไตรมาส 1,857,อื่นๆ,ภาคกลาง,85.2,พันคน,สำนักงานสถิติแห่งชาติ
2564,มัธยมศึกษาตอนปลาย  สายอาชีวศึกษา,ไตรมาส 1,858,อื่นๆ,ภาคกลาง,40.6,พันคน,สำนักงานสถิติแห่งชาติ
2564,มัธยมศึกษาตอนปลาย  สายวิชาการศึกษา,ไตรมาส 1,859,อื่นๆ,ภาคกลาง,0.4,พันคน,สำนักงานสถิติแห่งชาติ
2564,อุดมศึกษา สายวิชาการ,ไตรมาส 1,860,อื่นๆ,ภาคกลาง,120.2,พันคน,สำนักงานสถิติแห่งชาติ
2564,อุดมศึกษา สายวิชาชีพ,ไตรมาส 1,861,อื่นๆ,ภาคกลาง,28.5,พันคน,สำนักงานสถิติแห่งชาติ
2564,อุดมศึกษา สายวิชาการศึกษา,ไตรมาส 1,862,อื่นๆ,ภาคกลาง,78.0,พันคน,สำนักงานสถิติแห่งชาติ
2564,การศึกษาอื่นๆ,ไตรมาส 1,863,อื่นๆ,ภาคกลาง,0.6,พันคน,สำนักงานสถิติแห่งชาติ
2564,ไม่ทราบ,ไตรมาส 1,864,อื่นๆ,ภาคกลาง,3.9,พันคน,สำนักงานสถิติแห่งชาติ
2564,ไม่มีการศึกษา,ไตรมาส 1,865,ทำงานบ้าน,ภาคเหนือ,76.8,พันคน,สำนักงานสถิติแห่งชาติ
2564,ต่ำกว่าประถมศึกษา,ไตรมาส 1,866,ทำงานบ้าน,ภาคเหนือ,283.4,พันคน,สำนักงานสถิติแห่งชาติ
2564,ประถมศึกษา,ไตรมาส 1,867,ทำงานบ้าน,ภาคเหนือ,153.4,พันคน,สำนักงานสถิติแห่งชาติ
2564,มัธยมศึกษาตอนต้น,ไตรมาส 1,868,ทำงานบ้าน,ภาคเหนือ,114.5,พันคน,สำนักงานสถิติแห่งชาติ
2564,มัธยมศึกษาตอนปลาย  สายสามัญ,ไตรมาส 1,869,ทำงานบ้าน,ภาคเหนือ,96.7,พันคน,สำนักงานสถิติแห่งชาติ
2564,มัธยมศึกษาตอนปลาย  สายอาชีวศึกษา,ไตรมาส 1,870,ทำงานบ้าน,ภาคเหนือ,20.0,พันคน,สำนักงานสถิติแห่งชาติ
2564,มัธยมศึกษาตอนปลาย  สายวิชาการศึกษา,ไตรมาส 1,871,ทำงานบ้าน,ภาคเหนือ,0.0,พันคน,สำนักงานสถิติแห่งชาติ
2564,อุดมศึกษา สายวิชาการ,ไตรมาส 1,872,ทำงานบ้าน,ภาคเหนือ,51.1,พันคน,สำนักงานสถิติแห่งชาติ
2564,อุดมศึกษา สายวิชาชีพ,ไตรมาส 1,873,ทำงานบ้าน,ภาคเหนือ,20.3,พันคน,สำนักงานสถิติแห่งชาติ
2564,อุดมศึกษา สายวิชาการศึกษา,ไตรมาส 1,874,ทำงานบ้าน,ภาคเหนือ,6.9,พันคน,สำนักงานสถิติแห่งชาติ
2564,การศึกษาอื่นๆ,ไตรมาส 1,875,ทำงานบ้าน,ภาคเหนือ,3.1,พันคน,สำนักงานสถิติแห่งชาติ
2564,ไม่ทราบ,ไตรมาส 1,876,ทำงานบ้าน,ภาคเหนือ,1.1,พันคน,สำนักงานสถิติแห่งชาติ
2564,ไม่มีการศึกษา,ไตรมาส 1,877,เรียนหนังสือ,ภาคเหนือ,0.0,พันคน,สำนักงานสถิติแห่งชาติ
2564,ต่ำกว่าประถมศึกษา,ไตรมาส 1,878,เรียนหนังสือ,ภาคเหนือ,0.1,พันคน,สำนักงานสถิติแห่งชาติ
2564,ประถมศึกษา,ไตรมาส 1,879,เรียนหนังสือ,ภาคเหนือ,138.4,พันคน,สำนักงานสถิติแห่งชาติ
2564,มัธยมศึกษาตอนต้น,ไตรมาส 1,880,เรียนหนังสือ,ภาคเหนือ,388.4,พันคน,สำนักงานสถิติแห่งชาติ
2564,มัธยมศึกษาตอนปลาย  สายสามัญ,ไตรมาส 1,881,เรียนหนังสือ,ภาคเหนือ,167.4,พันคน,สำนักงานสถิติแห่งชาติ
2564,มัธยมศึกษาตอนปลาย  สายอาชีวศึกษา,ไตรมาส 1,882,เรียนหนังสือ,ภาคเหนือ,34.2,พันคน,สำนักงานสถิติแห่งชาติ
2564,มัธยมศึกษาตอนปลาย  สายวิชาการศึกษา,ไตรมาส 1,883,เรียนหนังสือ,ภาคเหนือ,0.0,พันคน,สำนักงานสถิติแห่งชาติ
2564,อุดมศึกษา สายวิชาการ,ไตรมาส 1,884,เรียนหนังสือ,ภาคเหนือ,2.6,พันคน,สำนักงานสถิติแห่งชาติ
2564,อุดมศึกษา สายวิชาชีพ,ไตรมาส 1,885,เรียนหนังสือ,ภาคเหนือ,5.5,พันคน,สำนักงานสถิติแห่งชาติ
2564,อุดมศึกษา สายวิชาการศึกษา,ไตรมาส 1,886,เรียนหนังสือ,ภาคเหนือ,0.0,พันคน,สำนักงานสถิติแห่งชาติ
2564,การศึกษาอื่นๆ,ไตรมาส 1,887,เรียนหนังสือ,ภาคเหนือ,0.3,พันคน,สำนักงานสถิติแห่งชาติ
2564,ไม่ทราบ,ไตรมาส 1,888,เรียนหนังสือ,ภาคเหนือ,0.0,พันคน,สำนักงานสถิติแห่งชาติ
2564,ไม่มีการศึกษา,ไตรมาส 1,889,ยังเด็กชรา/ไม่สามารถทำงานได้,ภาคเหนือ,272.0,พันคน,สำนักงานสถิติแห่งชาติ
2564,ต่ำกว่าประถมศึกษา,ไตรมาส 1,890,ยังเด็กชรา/ไม่สามารถทำงานได้,ภาคเหนือ,890.0,พันคน,สำนักงานสถิติแห่งชาติ
2564,ประถมศึกษา,ไตรมาส 1,891,ยังเด็กชรา/ไม่สามารถทำงานได้,ภาคเหนือ,75.1,พันคน,สำนักงานสถิติแห่งชาติ
2564,มัธยมศึกษาตอนต้น,ไตรมาส 1,892,ยังเด็กชรา/ไม่สามารถทำงานได้,ภาคเหนือ,46.3,พันคน,สำนักงานสถิติแห่งชาติ
2564,มัธยมศึกษาตอนปลาย  สายสามัญ,ไตรมาส 1,893,ยังเด็กชรา/ไม่สามารถทำงานได้,ภาคเหนือ,36.9,พันคน,สำนักงานสถิติแห่งชาติ
2564,มัธยมศึกษาตอนปลาย  สายอาชีวศึกษา,ไตรมาส 1,894,ยังเด็กชรา/ไม่สามารถทำงานได้,ภาคเหนือ,10.7,พันคน,สำนักงานสถิติแห่งชาติ
2564,มัธยมศึกษาตอนปลาย  สายวิชาการศึกษา,ไตรมาส 1,895,ยังเด็กชรา/ไม่สามารถทำงานได้,ภาคเหนือ,0.1,พันคน,สำนักงานสถิติแห่งชาติ
2564,อุดมศึกษา สายวิชาการ,ไตรมาส 1,896,ยังเด็กชรา/ไม่สามารถทำงานได้,ภาคเหนือ,14.4,พันคน,สำนักงานสถิติแห่งชาติ
2564,อุดมศึกษา สายวิชาชีพ,ไตรมาส 1,897,ยังเด็กชรา/ไม่สามารถทำงานได้,ภาคเหนือ,6.5,พันคน,สำนักงานสถิติแห่งชาติ
2564,อุดมศึกษา สายวิชาการศึกษา,ไตรมาส 1,898,ยังเด็กชรา/ไม่สามารถทำงานได้,ภาคเหนือ,5.4,พันคน,สำนักงานสถิติแห่งชาติ
2564,การศึกษาอื่นๆ,ไตรมาส 1,899,ยังเด็กชรา/ไม่สามารถทำงานได้,ภาคเหนือ,0.1,พันคน,สำนักงานสถิติแห่งชาติ
2564,ไม่ทราบ,ไตรมาส 1,900,ยังเด็กชรา/ไม่สามารถทำงานได้,ภาคเหนือ,0.2,พันคน,สำนักงานสถิติแห่งชาติ
2564,ไม่มีการศึกษา,ไตรมาส 1,901,อื่นๆ,ภาคเหนือ,3.3,พันคน,สำนักงานสถิติแห่งชาติ
2564,ต่ำกว่าประถมศึกษา,ไตรมาส 1,902,อื่นๆ,ภาคเหนือ,13.9,พันคน,สำนักงานสถิติแห่งชาติ
2564,ประถมศึกษา,ไตรมาส 1,903,อื่นๆ,ภาคเหนือ,20.2,พันคน,สำนักงานสถิติแห่งชาติ
2564,มัธยมศึกษาตอนต้น,ไตรมาส 1,904,อื่นๆ,ภาคเหนือ,32.8,พันคน,สำนักงานสถิติแห่งชาติ
2564,มัธยมศึกษาตอนปลาย  สายสามัญ,ไตรมาส 1,905,อื่นๆ,ภาคเหนือ,34.1,พันคน,สำนักงานสถิติแห่งชาติ
2564,มัธยมศึกษาตอนปลาย  สายอาชีวศึกษา,ไตรมาส 1,906,อื่นๆ,ภาคเหนือ,12.8,พันคน,สำนักงานสถิติแห่งชาติ
2564,มัธยมศึกษาตอนปลาย  สายวิชาการศึกษา,ไตรมาส 1,907,อื่นๆ,ภาคเหนือ,0.4,พันคน,สำนักงานสถิติแห่งชาติ
2564,อุดมศึกษา สายวิชาการ,ไตรมาส 1,908,อื่นๆ,ภาคเหนือ,74.0,พันคน,สำนักงานสถิติแห่งชาติ
2564,อุดมศึกษา สายวิชาชีพ,ไตรมาส 1,909,อื่นๆ,ภาคเหนือ,13.6,พันคน,สำนักงานสถิติแห่งชาติ
2564,อุดมศึกษา สายวิชาการศึกษา,ไตรมาส 1,910,อื่นๆ,ภาคเหนือ,54.5,พันคน,สำนักงานสถิติแห่งชาติ
2564,การศึกษาอื่นๆ,ไตรมาส 1,911,อื่นๆ,ภาคเหนือ,0.7,พันคน,สำนักงานสถิติแห่งชาติ
2564,ไม่ทราบ,ไตรมาส 1,912,อื่นๆ,ภาคเหนือ,1.8,พันคน,สำนักงานสถิติแห่งชาติ
2564,ไม่มีการศึกษา,ไตรมาส 1,913,ทำงานบ้าน,ภาคตะวันออกเฉียงเหนือ,19.5,พันคน,สำนักงานสถิติแห่งชาติ
2564,ต่ำกว่าประถมศึกษา,ไตรมาส 1,914,ทำงานบ้าน,ภาคตะวันออกเฉียงเหนือ,484.1,พันคน,สำนักงานสถิติแห่งชาติ
2564,ประถมศึกษา,ไตรมาส 1,915,ทำงานบ้าน,ภาคตะวันออกเฉียงเหนือ,349.8,พันคน,สำนักงานสถิติแห่งชาติ
2564,มัธยมศึกษาตอนต้น,ไตรมาส 1,916,ทำงานบ้าน,ภาคตะวันออกเฉียงเหนือ,221.1,พันคน,สำนักงานสถิติแห่งชาติ
2564,มัธยมศึกษาตอนปลาย  สายสามัญ,ไตรมาส 1,917,ทำงานบ้าน,ภาคตะวันออกเฉียงเหนือ,214.8,พันคน,สำนักงานสถิติแห่งชาติ
2564,มัธยมศึกษาตอนปลาย  สายอาชีวศึกษา,ไตรมาส 1,918,ทำงานบ้าน,ภาคตะวันออกเฉียงเหนือ,27.3,พันคน,สำนักงานสถิติแห่งชาติ
2564,มัธยมศึกษาตอนปลาย  สายวิชาการศึกษา,ไตรมาส 1,919,ทำงานบ้าน,ภาคตะวันออกเฉียงเหนือ,0.0,พันคน,สำนักงานสถิติแห่งชาติ
2564,อุดมศึกษา สายวิชาการ,ไตรมาส 1,920,ทำงานบ้าน,ภาคตะวันออกเฉียงเหนือ,39.8,พันคน,สำนักงานสถิติแห่งชาติ
2564,อุดมศึกษา สายวิชาชีพ,ไตรมาส 1,921,ทำงานบ้าน,ภาคตะวันออกเฉียงเหนือ,36.3,พันคน,สำนักงานสถิติแห่งชาติ
2564,อุดมศึกษา สายวิชาการศึกษา,ไตรมาส 1,922,ทำงานบ้าน,ภาคตะวันออกเฉียงเหนือ,7.6,พันคน,สำนักงานสถิติแห่งชาติ
2564,การศึกษาอื่นๆ,ไตรมาส 1,923,ทำงานบ้าน,ภาคตะวันออกเฉียงเหนือ,0.0,พันคน,สำนักงานสถิติแห่งชาติ
2564,ไม่ทราบ,ไตรมาส 1,924,ทำงานบ้าน,ภาคตะวันออกเฉียงเหนือ,0.1,พันคน,สำนักงานสถิติแห่งชาติ
2564,ไม่มีการศึกษา,ไตรมาส 1,925,เรียนหนังสือ,ภาคตะวันออกเฉียงเหนือ,0.0,พันคน,สำนักงานสถิติแห่งชาติ
2564,ต่ำกว่าประถมศึกษา,ไตรมาส 1,926,เรียนหนังสือ,ภาคตะวันออกเฉียงเหนือ,0.0,พันคน,สำนักงานสถิติแห่งชาติ
2564,ประถมศึกษา,ไตรมาส 1,927,เรียนหนังสือ,ภาคตะวันออกเฉียงเหนือ,266.7,พันคน,สำนักงานสถิติแห่งชาติ
2564,มัธยมศึกษาตอนต้น,ไตรมาส 1,928,เรียนหนังสือ,ภาคตะวันออกเฉียงเหนือ,804.8,พันคน,สำนักงานสถิติแห่งชาติ
2564,มัธยมศึกษาตอนปลาย  สายสามัญ,ไตรมาส 1,929,เรียนหนังสือ,ภาคตะวันออกเฉียงเหนือ,235.3,พันคน,สำนักงานสถิติแห่งชาติ
2564,มัธยมศึกษาตอนปลาย  สายอาชีวศึกษา,ไตรมาส 1,930,เรียนหนังสือ,ภาคตะวันออกเฉียงเหนือ,84.0,พันคน,สำนักงานสถิติแห่งชาติ
2564,มัธยมศึกษาตอนปลาย  สายวิชาการศึกษา,ไตรมาส 1,931,เรียนหนังสือ,ภาคตะวันออกเฉียงเหนือ,1.2,พันคน,สำนักงานสถิติแห่งชาติ
2564,อุดมศึกษา สายวิชาการ,ไตรมาส 1,932,เรียนหนังสือ,ภาคตะวันออกเฉียงเหนือ,1.3,พันคน,สำนักงานสถิติแห่งชาติ
2564,อุดมศึกษา สายวิชาชีพ,ไตรมาส 1,933,เรียนหนังสือ,ภาคตะวันออกเฉียงเหนือ,3.2,พันคน,สำนักงานสถิติแห่งชาติ
2564,อุดมศึกษา สายวิชาการศึกษา,ไตรมาส 1,934,เรียนหนังสือ,ภาคตะวันออกเฉียงเหนือ,0.0,พันคน,สำนักงานสถิติแห่งชาติ
2564,การศึกษาอื่นๆ,ไตรมาส 1,935,เรียนหนังสือ,ภาคตะวันออกเฉียงเหนือ,0.0,พันคน,สำนักงานสถิติแห่งชาติ
2564,ไม่ทราบ,ไตรมาส 1,936,เรียนหนังสือ,ภาคตะวันออกเฉียงเหนือ,0.0,พันคน,สำนักงานสถิติแห่งชาติ
2564,ไม่มีการศึกษา,ไตรมาส 1,937,ยังเด็กชรา/ไม่สามารถทำงานได้,ภาคตะวันออกเฉียงเหนือ,157.2,พันคน,สำนักงานสถิติแห่งชาติ
2564,ต่ำกว่าประถมศึกษา,ไตรมาส 1,938,ยังเด็กชรา/ไม่สามารถทำงานได้,ภาคตะวันออกเฉียงเหนือ,1809.6,พันคน,สำนักงานสถิติแห่งชาติ
2564,ประถมศึกษา,ไตรมาส 1,939,ยังเด็กชรา/ไม่สามารถทำงานได้,ภาคตะวันออกเฉียงเหนือ,183.2,พันคน,สำนักงานสถิติแห่งชาติ
2564,มัธยมศึกษาตอนต้น,ไตรมาส 1,940,ยังเด็กชรา/ไม่สามารถทำงานได้,ภาคตะวันออกเฉียงเหนือ,93.9,พันคน,สำนักงานสถิติแห่งชาติ
2564,มัธยมศึกษาตอนปลาย  สายสามัญ,ไตรมาส 1,941,ยังเด็กชรา/ไม่สามารถทำงานได้,ภาคตะวันออกเฉียงเหนือ,53.4,พันคน,สำนักงานสถิติแห่งชาติ
2564,มัธยมศึกษาตอนปลาย  สายอาชีวศึกษา,ไตรมาส 1,942,ยังเด็กชรา/ไม่สามารถทำงานได้,ภาคตะวันออกเฉียงเหนือ,9.6,พันคน,สำนักงานสถิติแห่งชาติ
2564,มัธยมศึกษาตอนปลาย  สายวิชาการศึกษา,ไตรมาส 1,943,ยังเด็กชรา/ไม่สามารถทำงานได้,ภาคตะวันออกเฉียงเหนือ,0.1,พันคน,สำนักงานสถิติแห่งชาติ
2564,อุดมศึกษา สายวิชาการ,ไตรมาส 1,944,ยังเด็กชรา/ไม่สามารถทำงานได้,ภาคตะวันออกเฉียงเหนือ,10.7,พันคน,สำนักงานสถิติแห่งชาติ
2564,อุดมศึกษา สายวิชาชีพ,ไตรมาส 1,945,ยังเด็กชรา/ไม่สามารถทำงานได้,ภาคตะวันออกเฉียงเหนือ,6.2,พันคน,สำนักงานสถิติแห่งชาติ
2564,อุดมศึกษา สายวิชาการศึกษา,ไตรมาส 1,946,ยังเด็กชรา/ไม่สามารถทำงานได้,ภาคตะวันออกเฉียงเหนือ,5.1,พันคน,สำนักงานสถิติแห่งชาติ
2564,การศึกษาอื่นๆ,ไตรมาส 1,947,ยังเด็กชรา/ไม่สามารถทำงานได้,ภาคตะวันออกเฉียงเหนือ,0.0,พันคน,สำนักงานสถิติแห่งชาติ
2564,ไม่ทราบ,ไตรมาส 1,948,ยังเด็กชรา/ไม่สามารถทำงานได้,ภาคตะวันออกเฉียงเหนือ,2.1,พันคน,สำนักงานสถิติแห่งชาติ
2564,ไม่มีการศึกษา,ไตรมาส 1,949,อื่นๆ,ภาคตะวันออกเฉียงเหนือ,2.0,พันคน,สำนักงานสถิติแห่งชาติ
2564,ต่ำกว่าประถมศึกษา,ไตรมาส 1,950,อื่นๆ,ภาคตะวันออกเฉียงเหนือ,56.5,พันคน,สำนักงานสถิติแห่งชาติ
2564,ประถมศึกษา,ไตรมาส 1,951,อื่นๆ,ภาคตะวันออกเฉียงเหนือ,81.7,พันคน,สำนักงานสถิติแห่งชาติ
2564,มัธยมศึกษาตอนต้น,ไตรมาส 1,952,อื่นๆ,ภาคตะวันออกเฉียงเหนือ,91.1,พันคน,สำนักงานสถิติแห่งชาติ
2564,มัธยมศึกษาตอนปลาย  สายสามัญ,ไตรมาส 1,953,อื่นๆ,ภาคตะวันออกเฉียงเหนือ,80.0,พันคน,สำนักงานสถิติแห่งชาติ
2564,มัธยมศึกษาตอนปลาย  สายอาชีวศึกษา,ไตรมาส 1,954,อื่นๆ,ภาคตะวันออกเฉียงเหนือ,17.6,พันคน,สำนักงานสถิติแห่งชาติ
2564,มัธยมศึกษาตอนปลาย  สายวิชาการศึกษา,ไตรมาส 1,955,อื่นๆ,ภาคตะวันออกเฉียงเหนือ,0.1,พันคน,สำนักงานสถิติแห่งชาติ
2564,อุดมศึกษา สายวิชาการ,ไตรมาส 1,956,อื่นๆ,ภาคตะวันออกเฉียงเหนือ,78.2,พันคน,สำนักงานสถิติแห่งชาติ
2564,อุดมศึกษา สายวิชาชีพ,ไตรมาส 1,957,อื่นๆ,ภาคตะวันออกเฉียงเหนือ,23.5,พันคน,สำนักงานสถิติแห่งชาติ
2564,อุดมศึกษา สายวิชาการศึกษา,ไตรมาส 1,958,อื่นๆ,ภาคตะวันออกเฉียงเหนือ,82.4,พันคน,สำนักงานสถิติแห่งชาติ
2564,การศึกษาอื่นๆ,ไตรมาส 1,959,อื่นๆ,ภาคตะวันออกเฉียงเหนือ,0.0,พันคน,สำนักงานสถิติแห่งชาติ
2564,ไม่ทราบ,ไตรมาส 1,960,อื่นๆ,ภาคตะวันออกเฉียงเหนือ,0.0,พันคน,สำนักงานสถิติแห่งชาติ
2564,ไม่มีการศึกษา,ไตรมาส 1,961,ทำงานบ้าน,ภาคใต้,29.4,พันคน,สำนักงานสถิติแห่งชาติ
2564,ต่ำกว่าประถมศึกษา,ไตรมาส 1,962,ทำงานบ้าน,ภาคใต้,159.5,พันคน,สำนักงานสถิติแห่งชาติ
2564,ประถมศึกษา,ไตรมาส 1,963,ทำงานบ้าน,ภาคใต้,152.9,พันคน,สำนักงานสถิติแห่งชาติ
2564,มัธยมศึกษาตอนต้น,ไตรมาส 1,964,ทำงานบ้าน,ภาคใต้,109.8,พันคน,สำนักงานสถิติแห่งชาติ
2564,มัธยมศึกษาตอนปลาย  สายสามัญ,ไตรมาส 1,965,ทำงานบ้าน,ภาคใต้,90.8,พันคน,สำนักงานสถิติแห่งชาติ
2564,มัธยมศึกษาตอนปลาย  สายอาชีวศึกษา,ไตรมาส 1,966,ทำงานบ้าน,ภาคใต้,18.5,พันคน,สำนักงานสถิติแห่งชาติ
2564,มัธยมศึกษาตอนปลาย  สายวิชาการศึกษา,ไตรมาส 1,967,ทำงานบ้าน,ภาคใต้,0.1,พันคน,สำนักงานสถิติแห่งชาติ
2564,อุดมศึกษา สายวิชาการ,ไตรมาส 1,968,ทำงานบ้าน,ภาคใต้,57.0,พันคน,สำนักงานสถิติแห่งชาติ
2564,อุดมศึกษา สายวิชาชีพ,ไตรมาส 1,969,ทำงานบ้าน,ภาคใต้,21.6,พันคน,สำนักงานสถิติแห่งชาติ
2564,อุดมศึกษา สายวิชาการศึกษา,ไตรมาส 1,970,ทำงานบ้าน,ภาคใต้,8.0,พันคน,สำนักงานสถิติแห่งชาติ
2564,การศึกษาอื่นๆ,ไตรมาส 1,971,ทำงานบ้าน,ภาคใต้,0.4,พันคน,สำนักงานสถิติแห่งชาติ
2564,ไม่ทราบ,ไตรมาส 1,972,ทำงานบ้าน,ภาคใต้,0.4,พันคน,สำนักงานสถิติแห่งชาติ
2564,ไม่มีการศึกษา,ไตรมาส 1,973,เรียนหนังสือ,ภาคใต้,0.0,พันคน,สำนักงานสถิติแห่งชาติ
2564,ต่ำกว่าประถมศึกษา,ไตรมาส 1,974,เรียนหนังสือ,ภาคใต้,0.5,พันคน,สำนักงานสถิติแห่งชาติ
2564,ประถมศึกษา,ไตรมาส 1,975,เรียนหนังสือ,ภาคใต้,125.8,พันคน,สำนักงานสถิติแห่งชาติ
2564,มัธยมศึกษาตอนต้น,ไตรมาส 1,976,เรียนหนังสือ,ภาคใต้,348.3,พันคน,สำนักงานสถิติแห่งชาติ
2564,มัธยมศึกษาตอนปลาย  สายสามัญ,ไตรมาส 1,977,เรียนหนังสือ,ภาคใต้,152.3,พันคน,สำนักงานสถิติแห่งชาติ
2564,มัธยมศึกษาตอนปลาย  สายอาชีวศึกษา,ไตรมาส 1,978,เรียนหนังสือ,ภาคใต้,45.1,พันคน,สำนักงานสถิติแห่งชาติ
2564,มัธยมศึกษาตอนปลาย  สายวิชาการศึกษา,ไตรมาส 1,979,เรียนหนังสือ,ภาคใต้,0.0,พันคน,สำนักงานสถิติแห่งชาติ
2564,อุดมศึกษา สายวิชาการ,ไตรมาส 1,980,เรียนหนังสือ,ภาคใต้,1.5,พันคน,สำนักงานสถิติแห่งชาติ
2564,อุดมศึกษา สายวิชาชีพ,ไตรมาส 1,981,เรียนหนังสือ,ภาคใต้,3.9,พันคน,สำนักงานสถิติแห่งชาติ
2564,อุดมศึกษา สายวิชาการศึกษา,ไตรมาส 1,982,เรียนหนังสือ,ภาคใต้,0.0,พันคน,สำนักงานสถิติแห่งชาติ
2564,การศึกษาอื่นๆ,ไตรมาส 1,983,เรียนหนังสือ,ภาคใต้,0.0,พันคน,สำนักงานสถิติแห่งชาติ
2564,ไม่ทราบ,ไตรมาส 1,984,เรียนหนังสือ,ภาคใต้,0.0,พันคน,สำนักงานสถิติแห่งชาติ
2564,ไม่มีการศึกษา,ไตรมาส 1,985,ยังเด็กชรา/ไม่สามารถทำงานได้,ภาคใต้,155.3,พันคน,สำนักงานสถิติแห่งชาติ
2564,ต่ำกว่าประถมศึกษา,ไตรมาส 1,986,ยังเด็กชรา/ไม่สามารถทำงานได้,ภาคใต้,417.3,พันคน,สำนักงานสถิติแห่งชาติ
2564,ประถมศึกษา,ไตรมาส 1,987,ยังเด็กชรา/ไม่สามารถทำงานได้,ภาคใต้,70.7,พันคน,สำนักงานสถิติแห่งชาติ
2564,มัธยมศึกษาตอนต้น,ไตรมาส 1,988,ยังเด็กชรา/ไม่สามารถทำงานได้,ภาคใต้,28.0,พันคน,สำนักงานสถิติแห่งชาติ
2564,มัธยมศึกษาตอนปลาย  สายสามัญ,ไตรมาส 1,989,ยังเด็กชรา/ไม่สามารถทำงานได้,ภาคใต้,25.2,พันคน,สำนักงานสถิติแห่งชาติ
2564,มัธยมศึกษาตอนปลาย  สายอาชีวศึกษา,ไตรมาส 1,990,ยังเด็กชรา/ไม่สามารถทำงานได้,ภาคใต้,5.4,พันคน,สำนักงานสถิติแห่งชาติ
2564,มัธยมศึกษาตอนปลาย  สายวิชาการศึกษา,ไตรมาส 1,991,ยังเด็กชรา/ไม่สามารถทำงานได้,ภาคใต้,0.3,พันคน,สำนักงานสถิติแห่งชาติ
2564,อุดมศึกษา สายวิชาการ,ไตรมาส 1,992,ยังเด็กชรา/ไม่สามารถทำงานได้,ภาคใต้,12.1,พันคน,สำนักงานสถิติแห่งชาติ
2564,อุดมศึกษา สายวิชาชีพ,ไตรมาส 1,993,ยังเด็กชรา/ไม่สามารถทำงานได้,ภาคใต้,8.9,พันคน,สำนักงานสถิติแห่งชาติ
2564,อุดมศึกษา สายวิชาการศึกษา,ไตรมาส 1,994,ยังเด็กชรา/ไม่สามารถทำงานได้,ภาคใต้,5.1,พันคน,สำนักงานสถิติแห่งชาติ
2564,การศึกษาอื่นๆ,ไตรมาส 1,995,ยังเด็กชรา/ไม่สามารถทำงานได้,ภาคใต้,2.3,พันคน,สำนักงานสถิติแห่งชาติ
2564,ไม่ทราบ,ไตรมาส 1,996,ยังเด็กชรา/ไม่สามารถทำงานได้,ภาคใต้,3.5,พันคน,สำนักงานสถิติแห่งชาติ
2564,ไม่มีการศึกษา,ไตรมาส 1,997,อื่นๆ,ภาคใต้,1.5,พันคน,สำนักงานสถิติแห่งชาติ
2564,ต่ำกว่าประถมศึกษา,ไตรมาส 1,998,อื่นๆ,ภาคใต้,6.5,พันคน,สำนักงานสถิติแห่งชาติ
2564,ประถมศึกษา,ไตรมาส 1,999,อื่นๆ,ภาคใต้,20.7,พันคน,สำนักงานสถิติแห่งชาติ
2564,มัธยมศึกษาตอนต้น,ไตรมาส 1,1000,อื่นๆ,ภาคใต้,33.3,พันคน,สำนักงานสถิติแห่งชาติ
2564,มัธยมศึกษาตอนปลาย  สายสามัญ,ไตรมาส 1,1001,อื่นๆ,ภาคใต้,21.8,พันคน,สำนักงานสถิติแห่งชาติ
2564,มัธยมศึกษาตอนปลาย  สายอาชีวศึกษา,ไตรมาส 1,1002,อื่นๆ,ภาคใต้,5.4,พันคน,สำนักงานสถิติแห่งชาติ
2564,มัธยมศึกษาตอนปลาย  สายวิชาการศึกษา,ไตรมาส 1,1003,อื่นๆ,ภาคใต้,0.2,พันคน,สำนักงานสถิติแห่งชาติ
2564,อุดมศึกษา สายวิชาการ,ไตรมาส 1,1004,อื่นๆ,ภาคใต้,46.5,พันคน,สำนักงานสถิติแห่งชาติ
2564,อุดมศึกษา สายวิชาชีพ,ไตรมาส 1,1005,อื่นๆ,ภาคใต้,7.9,พันคน,สำนักงานสถิติแห่งชาติ
2564,อุดมศึกษา สายวิชาการศึกษา,ไตรมาส 1,1006,อื่นๆ,ภาคใต้,32.8,พันคน,สำนักงานสถิติแห่งชาติ
2564,การศึกษาอื่นๆ,ไตรมาส 1,1007,อื่นๆ,ภาคใต้,0.0,พันคน,สำนักงานสถิติแห่งชาติ
2564,ไม่ทราบ,ไตรมาส 1,1008,อื่นๆ,ภาคใต้,1.4,พันคน,สำนักงานสถิติแห่งชาติ
2564,ไม่มีการศึกษา,ไตรมาส 2,1009,ทำงานบ้าน,กรุงเทพมหานคร,18.0,พันคน,สำนักงานสถิติแห่งชาติ
2564,ต่ำกว่าประถมศึกษา,ไตรมาส 2,1010,ทำงานบ้าน,กรุงเทพมหานคร,74.9,พันคน,สำนักงานสถิติแห่งชาติ
2564,ประถมศึกษา,ไตรมาส 2,1011,ทำงานบ้าน,กรุงเทพมหานคร,96.2,พันคน,สำนักงานสถิติแห่งชาติ
2564,มัธยมศึกษาตอนต้น,ไตรมาส 2,1012,ทำงานบ้าน,กรุงเทพมหานคร,88.9,พันคน,สำนักงานสถิติแห่งชาติ
2564,มัธยมศึกษาตอนปลาย  สายสามัญ,ไตรมาส 2,1013,ทำงานบ้าน,กรุงเทพมหานคร,87.9,พันคน,สำนักงานสถิติแห่งชาติ
2564,มัธยมศึกษาตอนปลาย  สายอาชีวศึกษา,ไตรมาส 2,1014,ทำงานบ้าน,กรุงเทพมหานคร,30.7,พันคน,สำนักงานสถิติแห่งชาติ
2564,มัธยมศึกษาตอนปลาย  สายวิชาการศึกษา,ไตรมาส 2,1015,ทำงานบ้าน,กรุงเทพมหานคร,0.0,พันคน,สำนักงานสถิติแห่งชาติ
2564,อุดมศึกษา สายวิชาการ,ไตรมาส 2,1016,ทำงานบ้าน,กรุงเทพมหานคร,120.5,พันคน,สำนักงานสถิติแห่งชาติ
2564,อุดมศึกษา สายวิชาชีพ,ไตรมาส 2,1017,ทำงานบ้าน,กรุงเทพมหานคร,30.4,พันคน,สำนักงานสถิติแห่งชาติ
2564,อุดมศึกษา สายวิชาการศึกษา,ไตรมาส 2,1018,ทำงานบ้าน,กรุงเทพมหานคร,7.8,พันคน,สำนักงานสถิติแห่งชาติ
2564,การศึกษาอื่นๆ,ไตรมาส 2,1019,ทำงานบ้าน,กรุงเทพมหานคร,0.0,พันคน,สำนักงานสถิติแห่งชาติ
2564,ไม่ทราบ,ไตรมาส 2,1020,ทำงานบ้าน,กรุงเทพมหานคร,0.5,พันคน,สำนักงานสถิติแห่งชาติ
2564,ไม่มีการศึกษา,ไตรมาส 2,1021,เรียนหนังสือ,กรุงเทพมหานคร,0.0,พันคน,สำนักงานสถิติแห่งชาติ
2564,ต่ำกว่าประถมศึกษา,ไตรมาส 2,1022,เรียนหนังสือ,กรุงเทพมหานคร,0.0,พันคน,สำนักงานสถิติแห่งชาติ
2564,ประถมศึกษา,ไตรมาส 2,1023,เรียนหนังสือ,กรุงเทพมหานคร,34.2,พันคน,สำนักงานสถิติแห่งชาติ
2564,มัธยมศึกษาตอนต้น,ไตรมาส 2,1024,เรียนหนังสือ,กรุงเทพมหานคร,189.4,พันคน,สำนักงานสถิติแห่งชาติ
2564,มัธยมศึกษาตอนปลาย  สายสามัญ,ไตรมาส 2,1025,เรียนหนังสือ,กรุงเทพมหานคร,232.0,พันคน,สำนักงานสถิติแห่งชาติ
2564,มัธยมศึกษาตอนปลาย  สายอาชีวศึกษา,ไตรมาส 2,1026,เรียนหนังสือ,กรุงเทพมหานคร,16.7,พันคน,สำนักงานสถิติแห่งชาติ
2564,มัธยมศึกษาตอนปลาย  สายวิชาการศึกษา,ไตรมาส 2,1027,เรียนหนังสือ,กรุงเทพมหานคร,0.0,พันคน,สำนักงานสถิติแห่งชาติ
2564,อุดมศึกษา สายวิชาการ,ไตรมาส 2,1028,เรียนหนังสือ,กรุงเทพมหานคร,3.8,พันคน,สำนักงานสถิติแห่งชาติ
2564,อุดมศึกษา สายวิชาชีพ,ไตรมาส 2,1029,เรียนหนังสือ,กรุงเทพมหานคร,2.1,พันคน,สำนักงานสถิติแห่งชาติ
2564,อุดมศึกษา สายวิชาการศึกษา,ไตรมาส 2,1030,เรียนหนังสือ,กรุงเทพมหานคร,2.8,พันคน,สำนักงานสถิติแห่งชาติ
2564,การศึกษาอื่นๆ,ไตรมาส 2,1031,เรียนหนังสือ,กรุงเทพมหานคร,0.0,พันคน,สำนักงานสถิติแห่งชาติ
2564,ไม่ทราบ,ไตรมาส 2,1032,เรียนหนังสือ,กรุงเทพมหานคร,0.0,พันคน,สำนักงานสถิติแห่งชาติ
2564,ไม่มีการศึกษา,ไตรมาส 2,1033,ยังเด็กชรา/ไม่สามารถทำงานได้,กรุงเทพมหานคร,72.3,พันคน,สำนักงานสถิติแห่งชาติ
2564,ต่ำกว่าประถมศึกษา,ไตรมาส 2,1034,ยังเด็กชรา/ไม่สามารถทำงานได้,กรุงเทพมหานคร,264.2,พันคน,สำนักงานสถิติแห่งชาติ
2564,ประถมศึกษา,ไตรมาส 2,1035,ยังเด็กชรา/ไม่สามารถทำงานได้,กรุงเทพมหานคร,109.5,พันคน,สำนักงานสถิติแห่งชาติ
2564,มัธยมศึกษาตอนต้น,ไตรมาส 2,1036,ยังเด็กชรา/ไม่สามารถทำงานได้,กรุงเทพมหานคร,75.1,พันคน,สำนักงานสถิติแห่งชาติ
2564,มัธยมศึกษาตอนปลาย  สายสามัญ,ไตรมาส 2,1037,ยังเด็กชรา/ไม่สามารถทำงานได้,กรุงเทพมหานคร,74.0,พันคน,สำนักงานสถิติแห่งชาติ
2564,มัธยมศึกษาตอนปลาย  สายอาชีวศึกษา,ไตรมาส 2,1038,ยังเด็กชรา/ไม่สามารถทำงานได้,กรุงเทพมหานคร,23.5,พันคน,สำนักงานสถิติแห่งชาติ
2564,มัธยมศึกษาตอนปลาย  สายวิชาการศึกษา,ไตรมาส 2,1039,ยังเด็กชรา/ไม่สามารถทำงานได้,กรุงเทพมหานคร,0.0,พันคน,สำนักงานสถิติแห่งชาติ
2564,อุดมศึกษา สายวิชาการ,ไตรมาส 2,1040,ยังเด็กชรา/ไม่สามารถทำงานได้,กรุงเทพมหานคร,97.7,พันคน,สำนักงานสถิติแห่งชาติ
2564,อุดมศึกษา สายวิชาชีพ,ไตรมาส 2,1041,ยังเด็กชรา/ไม่สามารถทำงานได้,กรุงเทพมหานคร,29.9,พันคน,สำนักงานสถิติแห่งชาติ
2564,อุดมศึกษา สายวิชาการศึกษา,ไตรมาส 2,1042,ยังเด็กชรา/ไม่สามารถทำงานได้,กรุงเทพมหานคร,24.2,พันคน,สำนักงานสถิติแห่งชาติ
2564,การศึกษาอื่นๆ,ไตรมาส 2,1043,ยังเด็กชรา/ไม่สามารถทำงานได้,กรุงเทพมหานคร,0.0,พันคน,สำนักงานสถิติแห่งชาติ
2564,ไม่ทราบ,ไตรมาส 2,1044,ยังเด็กชรา/ไม่สามารถทำงานได้,กรุงเทพมหานคร,3.3,พันคน,สำนักงานสถิติแห่งชาติ
2564,ไม่มีการศึกษา,ไตรมาส 2,1045,อื่นๆ,กรุงเทพมหานคร,1.2,พันคน,สำนักงานสถิติแห่งชาติ
2564,ต่ำกว่าประถมศึกษา,ไตรมาส 2,1046,อื่นๆ,กรุงเทพมหานคร,20.4,พันคน,สำนักงานสถิติแห่งชาติ
2564,ประถมศึกษา,ไตรมาส 2,1047,อื่นๆ,กรุงเทพมหานคร,28.1,พันคน,สำนักงานสถิติแห่งชาติ
2564,มัธยมศึกษาตอนต้น,ไตรมาส 2,1048,อื่นๆ,กรุงเทพมหานคร,39.4,พันคน,สำนักงานสถิติแห่งชาติ
2564,มัธยมศึกษาตอนปลาย  สายสามัญ,ไตรมาส 2,1049,อื่นๆ,กรุงเทพมหานคร,36.6,พันคน,สำนักงานสถิติแห่งชาติ
2564,มัธยมศึกษาตอนปลาย  สายอาชีวศึกษา,ไตรมาส 2,1050,อื่นๆ,กรุงเทพมหานคร,16.9,พันคน,สำนักงานสถิติแห่งชาติ
2564,มัธยมศึกษาตอนปลาย  สายวิชาการศึกษา,ไตรมาส 2,1051,อื่นๆ,กรุงเทพมหานคร,0.0,พันคน,สำนักงานสถิติแห่งชาติ
2564,อุดมศึกษา สายวิชาการ,ไตรมาส 2,1052,อื่นๆ,กรุงเทพมหานคร,144.9,พันคน,สำนักงานสถิติแห่งชาติ
2564,อุดมศึกษา สายวิชาชีพ,ไตรมาส 2,1053,อื่นๆ,กรุงเทพมหานคร,21.0,พันคน,สำนักงานสถิติแห่งชาติ
2564,อุดมศึกษา สายวิชาการศึกษา,ไตรมาส 2,1054,อื่นๆ,กรุงเทพมหานคร,23.9,พันคน,สำนักงานสถิติแห่งชาติ
2564,การศึกษาอื่นๆ,ไตรมาส 2,1055,อื่นๆ,กรุงเทพมหานคร,0.0,พันคน,สำนักงานสถิติแห่งชาติ
2564,ไม่ทราบ,ไตรมาส 2,1056,อื่นๆ,กรุงเทพมหานคร,5.0,พันคน,สำนักงานสถิติแห่งชาติ
2564,ไม่มีการศึกษา,ไตรมาส 2,1057,ทำงานบ้าน,ภาคกลาง,60.6,พันคน,สำนักงานสถิติแห่งชาติ
2564,ต่ำกว่าประถมศึกษา,ไตรมาส 2,1058,ทำงานบ้าน,ภาคกลาง,346.7,พันคน,สำนักงานสถิติแห่งชาติ
2564,ประถมศึกษา,ไตรมาส 2,1059,ทำงานบ้าน,ภาคกลาง,330.2,พันคน,สำนักงานสถิติแห่งชาติ
2564,มัธยมศึกษาตอนต้น,ไตรมาส 2,1060,ทำงานบ้าน,ภาคกลาง,288.3,พันคน,สำนักงานสถิติแห่งชาติ
2564,มัธยมศึกษาตอนปลาย  สายสามัญ,ไตรมาส 2,1061,ทำงานบ้าน,ภาคกลาง,203.3,พันคน,สำนักงานสถิติแห่งชาติ
2564,มัธยมศึกษาตอนปลาย  สายอาชีวศึกษา,ไตรมาส 2,1062,ทำงานบ้าน,ภาคกลาง,63.4,พันคน,สำนักงานสถิติแห่งชาติ
2564,มัธยมศึกษาตอนปลาย  สายวิชาการศึกษา,ไตรมาส 2,1063,ทำงานบ้าน,ภาคกลาง,0.7,พันคน,สำนักงานสถิติแห่งชาติ
2564,อุดมศึกษา สายวิชาการ,ไตรมาส 2,1064,ทำงานบ้าน,ภาคกลาง,162.2,พันคน,สำนักงานสถิติแห่งชาติ
2564,อุดมศึกษา สายวิชาชีพ,ไตรมาส 2,1065,ทำงานบ้าน,ภาคกลาง,72.7,พันคน,สำนักงานสถิติแห่งชาติ
2564,อุดมศึกษา สายวิชาการศึกษา,ไตรมาส 2,1066,ทำงานบ้าน,ภาคกลาง,10.3,พันคน,สำนักงานสถิติแห่งชาติ
2564,การศึกษาอื่นๆ,ไตรมาส 2,1067,ทำงานบ้าน,ภาคกลาง,2.4,พันคน,สำนักงานสถิติแห่งชาติ
2564,ไม่ทราบ,ไตรมาส 2,1068,ทำงานบ้าน,ภาคกลาง,14.3,พันคน,สำนักงานสถิติแห่งชาติ
2564,ไม่มีการศึกษา,ไตรมาส 2,1069,เรียนหนังสือ,ภาคกลาง,0.0,พันคน,สำนักงานสถิติแห่งชาติ
2564,ต่ำกว่าประถมศึกษา,ไตรมาส 2,1070,เรียนหนังสือ,ภาคกลาง,2.1,พันคน,สำนักงานสถิติแห่งชาติ
2564,ประถมศึกษา,ไตรมาส 2,1071,เรียนหนังสือ,ภาคกลาง,135.5,พันคน,สำนักงานสถิติแห่งชาติ
2564,มัธยมศึกษาตอนต้น,ไตรมาส 2,1072,เรียนหนังสือ,ภาคกลาง,560.6,พันคน,สำนักงานสถิติแห่งชาติ
2564,มัธยมศึกษาตอนปลาย  สายสามัญ,ไตรมาส 2,1073,เรียนหนังสือ,ภาคกลาง,345.7,พันคน,สำนักงานสถิติแห่งชาติ
2564,มัธยมศึกษาตอนปลาย  สายอาชีวศึกษา,ไตรมาส 2,1074,เรียนหนังสือ,ภาคกลาง,74.5,พันคน,สำนักงานสถิติแห่งชาติ
2564,มัธยมศึกษาตอนปลาย  สายวิชาการศึกษา,ไตรมาส 2,1075,เรียนหนังสือ,ภาคกลาง,0.0,พันคน,สำนักงานสถิติแห่งชาติ
2564,อุดมศึกษา สายวิชาการ,ไตรมาส 2,1076,เรียนหนังสือ,ภาคกลาง,4.8,พันคน,สำนักงานสถิติแห่งชาติ
2564,อุดมศึกษา สายวิชาชีพ,ไตรมาส 2,1077,เรียนหนังสือ,ภาคกลาง,9.2,พันคน,สำนักงานสถิติแห่งชาติ
2564,อุดมศึกษา สายวิชาการศึกษา,ไตรมาส 2,1078,เรียนหนังสือ,ภาคกลาง,0.0,พันคน,สำนักงานสถิติแห่งชาติ
2564,การศึกษาอื่นๆ,ไตรมาส 2,1079,เรียนหนังสือ,ภาคกลาง,0.0,พันคน,สำนักงานสถิติแห่งชาติ
2564,ไม่ทราบ,ไตรมาส 2,1080,เรียนหนังสือ,ภาคกลาง,0.0,พันคน,สำนักงานสถิติแห่งชาติ
2564,ไม่มีการศึกษา,ไตรมาส 2,1081,ยังเด็กชรา/ไม่สามารถทำงานได้,ภาคกลาง,207.1,พันคน,สำนักงานสถิติแห่งชาติ
2564,ต่ำกว่าประถมศึกษา,ไตรมาส 2,1082,ยังเด็กชรา/ไม่สามารถทำงานได้,ภาคกลาง,1153.8,พันคน,สำนักงานสถิติแห่งชาติ
2564,ประถมศึกษา,ไตรมาส 2,1083,ยังเด็กชรา/ไม่สามารถทำงานได้,ภาคกลาง,207.6,พันคน,สำนักงานสถิติแห่งชาติ
2564,มัธยมศึกษาตอนต้น,ไตรมาส 2,1084,ยังเด็กชรา/ไม่สามารถทำงานได้,ภาคกลาง,104.7,พันคน,สำนักงานสถิติแห่งชาติ
2564,มัธยมศึกษาตอนปลาย  สายสามัญ,ไตรมาส 2,1085,ยังเด็กชรา/ไม่สามารถทำงานได้,ภาคกลาง,70.8,พันคน,สำนักงานสถิติแห่งชาติ
2564,มัธยมศึกษาตอนปลาย  สายอาชีวศึกษา,ไตรมาส 2,1086,ยังเด็กชรา/ไม่สามารถทำงานได้,ภาคกลาง,41.0,พันคน,สำนักงานสถิติแห่งชาติ
2564,มัธยมศึกษาตอนปลาย  สายวิชาการศึกษา,ไตรมาส 2,1087,ยังเด็กชรา/ไม่สามารถทำงานได้,ภาคกลาง,0.0,พันคน,สำนักงานสถิติแห่งชาติ
2564,อุดมศึกษา สายวิชาการ,ไตรมาส 2,1088,ยังเด็กชรา/ไม่สามารถทำงานได้,ภาคกลาง,45.3,พันคน,สำนักงานสถิติแห่งชาติ
2564,อุดมศึกษา สายวิชาชีพ,ไตรมาส 2,1089,ยังเด็กชรา/ไม่สามารถทำงานได้,ภาคกลาง,25.8,พันคน,สำนักงานสถิติแห่งชาติ
2564,อุดมศึกษา สายวิชาการศึกษา,ไตรมาส 2,1090,ยังเด็กชรา/ไม่สามารถทำงานได้,ภาคกลาง,15.8,พันคน,สำนักงานสถิติแห่งชาติ
2564,การศึกษาอื่นๆ,ไตรมาส 2,1091,ยังเด็กชรา/ไม่สามารถทำงานได้,ภาคกลาง,1.4,พันคน,สำนักงานสถิติแห่งชาติ
2564,ไม่ทราบ,ไตรมาส 2,1092,ยังเด็กชรา/ไม่สามารถทำงานได้,ภาคกลาง,6.2,พันคน,สำนักงานสถิติแห่งชาติ
2564,ไม่มีการศึกษา,ไตรมาส 2,1093,อื่นๆ,ภาคกลาง,5.9,พันคน,สำนักงานสถิติแห่งชาติ
2564,ต่ำกว่าประถมศึกษา,ไตรมาส 2,1094,อื่นๆ,ภาคกลาง,43.2,พันคน,สำนักงานสถิติแห่งชาติ
2564,ประถมศึกษา,ไตรมาส 2,1095,อื่นๆ,ภาคกลาง,61.6,พันคน,สำนักงานสถิติแห่งชาติ
2564,มัธยมศึกษาตอนต้น,ไตรมาส 2,1096,อื่นๆ,ภาคกลาง,100.4,พันคน,สำนักงานสถิติแห่งชาติ
2564,มัธยมศึกษาตอนปลาย  สายสามัญ,ไตรมาส 2,1097,อื่นๆ,ภาคกลาง,76.4,พันคน,สำนักงานสถิติแห่งชาติ
2564,มัธยมศึกษาตอนปลาย  สายอาชีวศึกษา,ไตรมาส 2,1098,อื่นๆ,ภาคกลาง,30.2,พันคน,สำนักงานสถิติแห่งชาติ
2564,มัธยมศึกษาตอนปลาย  สายวิชาการศึกษา,ไตรมาส 2,1099,อื่นๆ,ภาคกลาง,0.7,พันคน,สำนักงานสถิติแห่งชาติ
2564,อุดมศึกษา สายวิชาการ,ไตรมาส 2,1100,อื่นๆ,ภาคกลาง,167.5,พันคน,สำนักงานสถิติแห่งชาติ
2564,อุดมศึกษา สายวิชาชีพ,ไตรมาส 2,1101,อื่นๆ,ภาคกลาง,35.4,พันคน,สำนักงานสถิติแห่งชาติ
2564,อุดมศึกษา สายวิชาการศึกษา,ไตรมาส 2,1102,อื่นๆ,ภาคกลาง,78.7,พันคน,สำนักงานสถิติแห่งชาติ
2564,การศึกษาอื่นๆ,ไตรมาส 2,1103,อื่นๆ,ภาคกลาง,1.3,พันคน,สำนักงานสถิติแห่งชาติ
2564,ไม่ทราบ,ไตรมาส 2,1104,อื่นๆ,ภาคกลาง,11.8,พันคน,สำนักงานสถิติแห่งชาติ
2564,ไม่มีการศึกษา,ไตรมาส 2,1105,ทำงานบ้าน,ภาคเหนือ,76.9,พันคน,สำนักงานสถิติแห่งชาติ
2564,ต่ำกว่าประถมศึกษา,ไตรมาส 2,1106,ทำงานบ้าน,ภาคเหนือ,318.8,พันคน,สำนักงานสถิติแห่งชาติ
2564,ประถมศึกษา,ไตรมาส 2,1107,ทำงานบ้าน,ภาคเหนือ,159.9,พันคน,สำนักงานสถิติแห่งชาติ
2564,มัธยมศึกษาตอนต้น,ไตรมาส 2,1108,ทำงานบ้าน,ภาคเหนือ,120.3,พันคน,สำนักงานสถิติแห่งชาติ
2564,มัธยมศึกษาตอนปลาย  สายสามัญ,ไตรมาส 2,1109,ทำงานบ้าน,ภาคเหนือ,102.6,พันคน,สำนักงานสถิติแห่งชาติ
2564,มัธยมศึกษาตอนปลาย  สายอาชีวศึกษา,ไตรมาส 2,1110,ทำงานบ้าน,ภาคเหนือ,19.7,พันคน,สำนักงานสถิติแห่งชาติ
2564,มัธยมศึกษาตอนปลาย  สายวิชาการศึกษา,ไตรมาส 2,1111,ทำงานบ้าน,ภาคเหนือ,0.0,พันคน,สำนักงานสถิติแห่งชาติ
2564,อุดมศึกษา สายวิชาการ,ไตรมาส 2,1112,ทำงานบ้าน,ภาคเหนือ,53.7,พันคน,สำนักงานสถิติแห่งชาติ
2564,อุดมศึกษา สายวิชาชีพ,ไตรมาส 2,1113,ทำงานบ้าน,ภาคเหนือ,25.0,พันคน,สำนักงานสถิติแห่งชาติ
2564,อุดมศึกษา สายวิชาการศึกษา,ไตรมาส 2,1114,ทำงานบ้าน,ภาคเหนือ,7.5,พันคน,สำนักงานสถิติแห่งชาติ
2564,การศึกษาอื่นๆ,ไตรมาส 2,1115,ทำงานบ้าน,ภาคเหนือ,2.4,พันคน,สำนักงานสถิติแห่งชาติ
2564,ไม่ทราบ,ไตรมาส 2,1116,ทำงานบ้าน,ภาคเหนือ,0.0,พันคน,สำนักงานสถิติแห่งชาติ
2564,ไม่มีการศึกษา,ไตรมาส 2,1117,เรียนหนังสือ,ภาคเหนือ,0.0,พันคน,สำนักงานสถิติแห่งชาติ
2564,ต่ำกว่าประถมศึกษา,ไตรมาส 2,1118,เรียนหนังสือ,ภาคเหนือ,0.4,พันคน,สำนักงานสถิติแห่งชาติ
2564,ประถมศึกษา,ไตรมาส 2,1119,เรียนหนังสือ,ภาคเหนือ,99.8,พันคน,สำนักงานสถิติแห่งชาติ
2564,มัธยมศึกษาตอนต้น,ไตรมาส 2,1120,เรียนหนังสือ,ภาคเหนือ,385.8,พันคน,สำนักงานสถิติแห่งชาติ
2564,มัธยมศึกษาตอนปลาย  สายสามัญ,ไตรมาส 2,1121,เรียนหนังสือ,ภาคเหนือ,215.7,พันคน,สำนักงานสถิติแห่งชาติ
2564,มัธยมศึกษาตอนปลาย  สายอาชีวศึกษา,ไตรมาส 2,1122,เรียนหนังสือ,ภาคเหนือ,32.7,พันคน,สำนักงานสถิติแห่งชาติ
2564,มัธยมศึกษาตอนปลาย  สายวิชาการศึกษา,ไตรมาส 2,1123,เรียนหนังสือ,ภาคเหนือ,0.0,พันคน,สำนักงานสถิติแห่งชาติ
2564,อุดมศึกษา สายวิชาการ,ไตรมาส 2,1124,เรียนหนังสือ,ภาคเหนือ,4.7,พันคน,สำนักงานสถิติแห่งชาติ
2564,อุดมศึกษา สายวิชาชีพ,ไตรมาส 2,1125,เรียนหนังสือ,ภาคเหนือ,5.1,พันคน,สำนักงานสถิติแห่งชาติ
2564,อุดมศึกษา สายวิชาการศึกษา,ไตรมาส 2,1126,เรียนหนังสือ,ภาคเหนือ,0.0,พันคน,สำนักงานสถิติแห่งชาติ
2564,การศึกษาอื่นๆ,ไตรมาส 2,1127,เรียนหนังสือ,ภาคเหนือ,0.1,พันคน,สำนักงานสถิติแห่งชาติ
2564,ไม่ทราบ,ไตรมาส 2,1128,เรียนหนังสือ,ภาคเหนือ,0.0,พันคน,สำนักงานสถิติแห่งชาติ
2564,ไม่มีการศึกษา,ไตรมาส 2,1129,ยังเด็กชรา/ไม่สามารถทำงานได้,ภาคเหนือ,268.0,พันคน,สำนักงานสถิติแห่งชาติ
2564,ต่ำกว่าประถมศึกษา,ไตรมาส 2,1130,ยังเด็กชรา/ไม่สามารถทำงานได้,ภาคเหนือ,905.6,พันคน,สำนักงานสถิติแห่งชาติ
2564,ประถมศึกษา,ไตรมาส 2,1131,ยังเด็กชรา/ไม่สามารถทำงานได้,ภาคเหนือ,78.5,พันคน,สำนักงานสถิติแห่งชาติ
2564,มัธยมศึกษาตอนต้น,ไตรมาส 2,1132,ยังเด็กชรา/ไม่สามารถทำงานได้,ภาคเหนือ,42.9,พันคน,สำนักงานสถิติแห่งชาติ
2564,มัธยมศึกษาตอนปลาย  สายสามัญ,ไตรมาส 2,1133,ยังเด็กชรา/ไม่สามารถทำงานได้,ภาคเหนือ,32.3,พันคน,สำนักงานสถิติแห่งชาติ
2564,มัธยมศึกษาตอนปลาย  สายอาชีวศึกษา,ไตรมาส 2,1134,ยังเด็กชรา/ไม่สามารถทำงานได้,ภาคเหนือ,7.5,พันคน,สำนักงานสถิติแห่งชาติ
2564,มัธยมศึกษาตอนปลาย  สายวิชาการศึกษา,ไตรมาส 2,1135,ยังเด็กชรา/ไม่สามารถทำงานได้,ภาคเหนือ,0.0,พันคน,สำนักงานสถิติแห่งชาติ
2564,อุดมศึกษา สายวิชาการศึกษา,ไตรมาส 2,1136,เรียนหนังสือ,ภาคตะวันออกเฉียงเหนือ,0.1,พันคน,สำนักงานสถิติแห่งชาติ
2564,การศึกษาอื่นๆ,ไตรมาส 2,1137,เรียนหนังสือ,ภาคตะวันออกเฉียงเหนือ,0.0,พันคน,สำนักงานสถิติแห่งชาติ
2564,ไม่ทราบ,ไตรมาส 2,1138,เรียนหนังสือ,ภาคตะวันออกเฉียงเหนือ,0.0,พันคน,สำนักงานสถิติแห่งชาติ
2564,ไม่มีการศึกษา,ไตรมาส 2,1139,ยังเด็กชรา/ไม่สามารถทำงานได้,ภาคตะวันออกเฉียงเหนือ,141.0,พันคน,สำนักงานสถิติแห่งชาติ
2564,ต่ำกว่าประถมศึกษา,ไตรมาส 2,1140,ยังเด็กชรา/ไม่สามารถทำงานได้,ภาคตะวันออกเฉียงเหนือ,1707.8,พันคน,สำนักงานสถิติแห่งชาติ
2564,ประถมศึกษา,ไตรมาส 2,1141,ยังเด็กชรา/ไม่สามารถทำงานได้,ภาคตะวันออกเฉียงเหนือ,176.9,พันคน,สำนักงานสถิติแห่งชาติ
2564,มัธยมศึกษาตอนต้น,ไตรมาส 2,1142,ยังเด็กชรา/ไม่สามารถทำงานได้,ภาคตะวันออกเฉียงเหนือ,76.8,พันคน,สำนักงานสถิติแห่งชาติ
2564,มัธยมศึกษาตอนปลาย  สายสามัญ,ไตรมาส 2,1143,ยังเด็กชรา/ไม่สามารถทำงานได้,ภาคตะวันออกเฉียงเหนือ,59.5,พันคน,สำนักงานสถิติแห่งชาติ
2564,มัธยมศึกษาตอนปลาย  สายอาชีวศึกษา,ไตรมาส 2,1144,ยังเด็กชรา/ไม่สามารถทำงานได้,ภาคตะวันออกเฉียงเหนือ,4.2,พันคน,สำนักงานสถิติแห่งชาติ
2564,มัธยมศึกษาตอนปลาย  สายวิชาการศึกษา,ไตรมาส 2,1145,ยังเด็กชรา/ไม่สามารถทำงานได้,ภาคตะวันออกเฉียงเหนือ,0.0,พันคน,สำนักงานสถิติแห่งชาติ
2564,อุดมศึกษา สายวิชาการ,ไตรมาส 2,1146,ยังเด็กชรา/ไม่สามารถทำงานได้,ภาคตะวันออกเฉียงเหนือ,12.1,พันคน,สำนักงานสถิติแห่งชาติ
2564,อุดมศึกษา สายวิชาชีพ,ไตรมาส 2,1147,ยังเด็กชรา/ไม่สามารถทำงานได้,ภาคตะวันออกเฉียงเหนือ,7.7,พันคน,สำนักงานสถิติแห่งชาติ
2564,อุดมศึกษา สายวิชาการศึกษา,ไตรมาส 2,1148,ยังเด็กชรา/ไม่สามารถทำงานได้,ภาคตะวันออกเฉียงเหนือ,6.8,พันคน,สำนักงานสถิติแห่งชาติ
2564,การศึกษาอื่นๆ,ไตรมาส 2,1149,ยังเด็กชรา/ไม่สามารถทำงานได้,ภาคตะวันออกเฉียงเหนือ,0.0,พันคน,สำนักงานสถิติแห่งชาติ
2564,ไม่ทราบ,ไตรมาส 2,1150,ยังเด็กชรา/ไม่สามารถทำงานได้,ภาคตะวันออกเฉียงเหนือ,1.0,พันคน,สำนักงานสถิติแห่งชาติ
2564,ไม่มีการศึกษา,ไตรมาส 2,1151,อื่นๆ,ภาคตะวันออกเฉียงเหนือ,0.9,พันคน,สำนักงานสถิติแห่งชาติ
2564,ต่ำกว่าประถมศึกษา,ไตรมาส 2,1152,อื่นๆ,ภาคตะวันออกเฉียงเหนือ,45.5,พันคน,สำนักงานสถิติแห่งชาติ
2564,ประถมศึกษา,ไตรมาส 2,1153,อื่นๆ,ภาคตะวันออกเฉียงเหนือ,69.3,พันคน,สำนักงานสถิติแห่งชาติ
2564,มัธยมศึกษาตอนต้น,ไตรมาส 2,1154,อื่นๆ,ภาคตะวันออกเฉียงเหนือ,82.2,พันคน,สำนักงานสถิติแห่งชาติ
2564,มัธยมศึกษาตอนปลาย  สายสามัญ,ไตรมาส 2,1155,อื่นๆ,ภาคตะวันออกเฉียงเหนือ,90.7,พันคน,สำนักงานสถิติแห่งชาติ
2564,มัธยมศึกษาตอนปลาย  สายอาชีวศึกษา,ไตรมาส 2,1156,อื่นๆ,ภาคตะวันออกเฉียงเหนือ,15.0,พันคน,สำนักงานสถิติแห่งชาติ
2564,มัธยมศึกษาตอนปลาย  สายวิชาการศึกษา,ไตรมาส 2,1157,อื่นๆ,ภาคตะวันออกเฉียงเหนือ,0.0,พันคน,สำนักงานสถิติแห่งชาติ
2564,อุดมศึกษา สายวิชาการ,ไตรมาส 2,1158,อื่นๆ,ภาคตะวันออกเฉียงเหนือ,86.8,พันคน,สำนักงานสถิติแห่งชาติ
2564,อุดมศึกษา สายวิชาชีพ,ไตรมาส 2,1159,อื่นๆ,ภาคตะวันออกเฉียงเหนือ,27.0,พันคน,สำนักงานสถิติแห่งชาติ
2564,อุดมศึกษา สายวิชาการศึกษา,ไตรมาส 2,1160,อื่นๆ,ภาคตะวันออกเฉียงเหนือ,77.0,พันคน,สำนักงานสถิติแห่งชาติ
2564,การศึกษาอื่นๆ,ไตรมาส 2,1161,อื่นๆ,ภาคตะวันออกเฉียงเหนือ,0.0,พันคน,สำนักงานสถิติแห่งชาติ
2564,ไม่ทราบ,ไตรมาส 2,1162,อื่นๆ,ภาคตะวันออกเฉียงเหนือ,0.5,พันคน,สำนักงานสถิติแห่งชาติ
2564,ไม่มีการศึกษา,ไตรมาส 2,1163,ทำงานบ้าน,ภาคใต้,30.8,พันคน,สำนักงานสถิติแห่งชาติ
2564,ต่ำกว่าประถมศึกษา,ไตรมาส 2,1164,ทำงานบ้าน,ภาคใต้,148.8,พันคน,สำนักงานสถิติแห่งชาติ
2564,ประถมศึกษา,ไตรมาส 2,1165,ทำงานบ้าน,ภาคใต้,178.2,พันคน,สำนักงานสถิติแห่งชาติ
2564,มัธยมศึกษาตอนต้น,ไตรมาส 2,1166,ทำงานบ้าน,ภาคใต้,117.4,พันคน,สำนักงานสถิติแห่งชาติ
2564,มัธยมศึกษาตอนปลาย  สายสามัญ,ไตรมาส 2,1167,ทำงานบ้าน,ภาคใต้,107.0,พันคน,สำนักงานสถิติแห่งชาติ
2564,มัธยมศึกษาตอนปลาย  สายอาชีวศึกษา,ไตรมาส 2,1168,ทำงานบ้าน,ภาคใต้,16.5,พันคน,สำนักงานสถิติแห่งชาติ
2564,มัธยมศึกษาตอนปลาย  สายวิชาการศึกษา,ไตรมาส 2,1169,ทำงานบ้าน,ภาคใต้,0.0,พันคน,สำนักงานสถิติแห่งชาติ
2564,อุดมศึกษา สายวิชาการ,ไตรมาส 2,1170,ทำงานบ้าน,ภาคใต้,59.3,พันคน,สำนักงานสถิติแห่งชาติ
2564,อุดมศึกษา สายวิชาชีพ,ไตรมาส 2,1171,ทำงานบ้าน,ภาคใต้,28.3,พันคน,สำนักงานสถิติแห่งชาติ
2564,อุดมศึกษา สายวิชาการศึกษา,ไตรมาส 2,1172,ทำงานบ้าน,ภาคใต้,11.0,พันคน,สำนักงานสถิติแห่งชาติ
2564,การศึกษาอื่นๆ,ไตรมาส 2,1173,ทำงานบ้าน,ภาคใต้,1.6,พันคน,สำนักงานสถิติแห่งชาติ
2564,ไม่ทราบ,ไตรมาส 2,1174,ทำงานบ้าน,ภาคใต้,2.8,พันคน,สำนักงานสถิติแห่งชาติ
2564,ไม่มีการศึกษา,ไตรมาส 2,1175,เรียนหนังสือ,ภาคใต้,0.0,พันคน,สำนักงานสถิติแห่งชาติ
2564,ต่ำกว่าประถมศึกษา,ไตรมาส 2,1176,เรียนหนังสือ,ภาคใต้,0.0,พันคน,สำนักงานสถิติแห่งชาติ
2564,ประถมศึกษา,ไตรมาส 2,1177,เรียนหนังสือ,ภาคใต้,97.6,พันคน,สำนักงานสถิติแห่งชาติ
2564,มัธยมศึกษาตอนต้น,ไตรมาส 2,1178,เรียนหนังสือ,ภาคใต้,337.2,พันคน,สำนักงานสถิติแห่งชาติ
2564,มัธยมศึกษาตอนปลาย  สายสามัญ,ไตรมาส 2,1179,เรียนหนังสือ,ภาคใต้,153.6,พันคน,สำนักงานสถิติแห่งชาติ
2564,มัธยมศึกษาตอนปลาย  สายอาชีวศึกษา,ไตรมาส 2,1180,เรียนหนังสือ,ภาคใต้,32.0,พันคน,สำนักงานสถิติแห่งชาติ
2564,มัธยมศึกษาตอนปลาย  สายวิชาการศึกษา,ไตรมาส 2,1181,เรียนหนังสือ,ภาคใต้,0.4,พันคน,สำนักงานสถิติแห่งชาติ
2564,อุดมศึกษา สายวิชาการ,ไตรมาส 2,1182,เรียนหนังสือ,ภาคใต้,1.2,พันคน,สำนักงานสถิติแห่งชาติ
2564,อุดมศึกษา สายวิชาชีพ,ไตรมาส 2,1183,เรียนหนังสือ,ภาคใต้,3.9,พันคน,สำนักงานสถิติแห่งชาติ
2564,อุดมศึกษา สายวิชาการศึกษา,ไตรมาส 2,1184,เรียนหนังสือ,ภาคใต้,0.0,พันคน,สำนักงานสถิติแห่งชาติ
2564,การศึกษาอื่นๆ,ไตรมาส 2,1185,เรียนหนังสือ,ภาคใต้,0.0,พันคน,สำนักงานสถิติแห่งชาติ
2564,ไม่ทราบ,ไตรมาส 2,1186,เรียนหนังสือ,ภาคใต้,0.0,พันคน,สำนักงานสถิติแห่งชาติ
2564,ไม่มีการศึกษา,ไตรมาส 2,1187,ยังเด็กชรา/ไม่สามารถทำงานได้,ภาคใต้,151.5,พันคน,สำนักงานสถิติแห่งชาติ
2564,ต่ำกว่าประถมศึกษา,ไตรมาส 2,1188,ยังเด็กชรา/ไม่สามารถทำงานได้,ภาคใต้,400.4,พันคน,สำนักงานสถิติแห่งชาติ
2564,ประถมศึกษา,ไตรมาส 2,1189,ยังเด็กชรา/ไม่สามารถทำงานได้,ภาคใต้,88.5,พันคน,สำนักงานสถิติแห่งชาติ
2564,มัธยมศึกษาตอนต้น,ไตรมาส 2,1190,ยังเด็กชรา/ไม่สามารถทำงานได้,ภาคใต้,33.5,พันคน,สำนักงานสถิติแห่งชาติ
2564,มัธยมศึกษาตอนปลาย  สายสามัญ,ไตรมาส 2,1191,ยังเด็กชรา/ไม่สามารถทำงานได้,ภาคใต้,20.3,พันคน,สำนักงานสถิติแห่งชาติ
2564,มัธยมศึกษาตอนปลาย  สายอาชีวศึกษา,ไตรมาส 2,1192,ยังเด็กชรา/ไม่สามารถทำงานได้,ภาคใต้,8.5,พันคน,สำนักงานสถิติแห่งชาติ
2564,มัธยมศึกษาตอนปลาย  สายวิชาการศึกษา,ไตรมาส 2,1193,ยังเด็กชรา/ไม่สามารถทำงานได้,ภาคใต้,0.0,พันคน,สำนักงานสถิติแห่งชาติ
2564,อุดมศึกษา สายวิชาการ,ไตรมาส 2,1194,ยังเด็กชรา/ไม่สามารถทำงานได้,ภาคใต้,12.9,พันคน,สำนักงานสถิติแห่งชาติ
2564,อุดมศึกษา สายวิชาชีพ,ไตรมาส 2,1195,ยังเด็กชรา/ไม่สามารถทำงานได้,ภาคใต้,6.0,พันคน,สำนักงานสถิติแห่งชาติ
2564,อุดมศึกษา สายวิชาการศึกษา,ไตรมาส 2,1196,ยังเด็กชรา/ไม่สามารถทำงานได้,ภาคใต้,7.5,พันคน,สำนักงานสถิติแห่งชาติ
2564,การศึกษาอื่นๆ,ไตรมาส 2,1197,ยังเด็กชรา/ไม่สามารถทำงานได้,ภาคใต้,1.4,พันคน,สำนักงานสถิติแห่งชาติ
2564,ไม่ทราบ,ไตรมาส 2,1198,ยังเด็กชรา/ไม่สามารถทำงานได้,ภาคใต้,1.6,พันคน,สำนักงานสถิติแห่งชาติ
2564,ไม่มีการศึกษา,ไตรมาส 2,1199,อื่นๆ,ภาคใต้,0.4,พันคน,สำนักงานสถิติแห่งชาติ
2564,ต่ำกว่าประถมศึกษา,ไตรมาส 2,1200,อื่นๆ,ภาคใต้,7.1,พันคน,สำนักงานสถิติแห่งชาติ
2564,ประถมศึกษา,ไตรมาส 2,1201,อื่นๆ,ภาคใต้,20.4,พันคน,สำนักงานสถิติแห่งชาติ
2564,มัธยมศึกษาตอนต้น,ไตรมาส 2,1202,อื่นๆ,ภาคใต้,22.9,พันคน,สำนักงานสถิติแห่งชาติ
2564,มัธยมศึกษาตอนปลาย  สายสามัญ,ไตรมาส 2,1203,อื่นๆ,ภาคใต้,30.9,พันคน,สำนักงานสถิติแห่งชาติ
2564,มัธยมศึกษาตอนปลาย  สายอาชีวศึกษา,ไตรมาส 2,1204,อื่นๆ,ภาคใต้,6.1,พันคน,สำนักงานสถิติแห่งชาติ
2564,มัธยมศึกษาตอนปลาย  สายวิชาการศึกษา,ไตรมาส 2,1205,อื่นๆ,ภาคใต้,0.1,พันคน,สำนักงานสถิติแห่งชาติ
2564,อุดมศึกษา สายวิชาการ,ไตรมาส 2,1206,อื่นๆ,ภาคใต้,47.5,พันคน,สำนักงานสถิติแห่งชาติ
2564,อุดมศึกษา สายวิชาชีพ,ไตรมาส 2,1207,อื่นๆ,ภาคใต้,11.5,พันคน,สำนักงานสถิติแห่งชาติ
2564,อุดมศึกษา สายวิชาการศึกษา,ไตรมาส 2,1208,อื่นๆ,ภาคใต้,33.8,พันคน,สำนักงานสถิติแห่งชาติ
2564,การศึกษาอื่นๆ,ไตรมาส 2,1209,อื่นๆ,ภาคใต้,0.0,พันคน,สำนักงานสถิติแห่งชาติ
2564,ไม่ทราบ,ไตรมาส 2,1210,อื่นๆ,ภาคใต้,2.0,พันคน,สำนักงานสถิติแห่งชาติ
2564,ไม่มีการศึกษา,ไตรมาส 3,1211,ทำงานบ้าน,กรุงเทพมหานคร,18.1,พันคน,สำนักงานสถิติแห่งชาติ
2564,ต่ำกว่าประถมศึกษา,ไตรมาส 3,1212,ทำงานบ้าน,กรุงเทพมหานคร,75.3,พันคน,สำนักงานสถิติแห่งชาติ
2564,ประถมศึกษา,ไตรมาส 3,1213,ทำงานบ้าน,กรุงเทพมหานคร,109.1,พันคน,สำนักงานสถิติแห่งชาติ
2564,มัธยมศึกษาตอนต้น,ไตรมาส 3,1214,ทำงานบ้าน,กรุงเทพมหานคร,115.1,พันคน,สำนักงานสถิติแห่งชาติ
2564,มัธยมศึกษาตอนปลาย  สายสามัญ,ไตรมาส 3,1215,ทำงานบ้าน,กรุงเทพมหานคร,85.3,พันคน,สำนักงานสถิติแห่งชาติ
2564,มัธยมศึกษาตอนปลาย  สายอาชีวศึกษา,ไตรมาส 3,1216,ทำงานบ้าน,กรุงเทพมหานคร,36.7,พันคน,สำนักงานสถิติแห่งชาติ
2564,มัธยมศึกษาตอนปลาย  สายวิชาการศึกษา,ไตรมาส 3,1217,ทำงานบ้าน,กรุงเทพมหานคร,0.0,พันคน,สำนักงานสถิติแห่งชาติ
2564,อุดมศึกษา สายวิชาการ,ไตรมาส 3,1218,ทำงานบ้าน,กรุงเทพมหานคร,116.0,พันคน,สำนักงานสถิติแห่งชาติ
2564,อุดมศึกษา สายวิชาชีพ,ไตรมาส 3,1219,ทำงานบ้าน,กรุงเทพมหานคร,33.2,พันคน,สำนักงานสถิติแห่งชาติ
2564,อุดมศึกษา สายวิชาการศึกษา,ไตรมาส 3,1220,ทำงานบ้าน,กรุงเทพมหานคร,15.1,พันคน,สำนักงานสถิติแห่งชาติ
2564,การศึกษาอื่นๆ,ไตรมาส 3,1221,ทำงานบ้าน,กรุงเทพมหานคร,0.0,พันคน,สำนักงานสถิติแห่งชาติ
2564,ไม่ทราบ,ไตรมาส 3,1222,ทำงานบ้าน,กรุงเทพมหานคร,2.7,พันคน,สำนักงานสถิติแห่งชาติ
2564,ไม่มีการศึกษา,ไตรมาส 3,1223,เรียนหนังสือ,กรุงเทพมหานคร,0.0,พันคน,สำนักงานสถิติแห่งชาติ
2564,ต่ำกว่าประถมศึกษา,ไตรมาส 3,1224,เรียนหนังสือ,กรุงเทพมหานคร,0.0,พันคน,สำนักงานสถิติแห่งชาติ
2564,ประถมศึกษา,ไตรมาส 3,1225,เรียนหนังสือ,กรุงเทพมหานคร,38.8,พันคน,สำนักงานสถิติแห่งชาติ
2564,มัธยมศึกษาตอนต้น,ไตรมาส 3,1226,เรียนหนังสือ,กรุงเทพมหานคร,191.0,พันคน,สำนักงานสถิติแห่งชาติ
2564,มัธยมศึกษาตอนปลาย  สายสามัญ,ไตรมาส 3,1227,เรียนหนังสือ,กรุงเทพมหานคร,236.4,พันคน,สำนักงานสถิติแห่งชาติ
2564,มัธยมศึกษาตอนปลาย  สายอาชีวศึกษา,ไตรมาส 3,1228,เรียนหนังสือ,กรุงเทพมหานคร,13.4,พันคน,สำนักงานสถิติแห่งชาติ
2564,มัธยมศึกษาตอนปลาย  สายวิชาการศึกษา,ไตรมาส 3,1229,เรียนหนังสือ,กรุงเทพมหานคร,0.0,พันคน,สำนักงานสถิติแห่งชาติ
2564,อุดมศึกษา สายวิชาการ,ไตรมาส 3,1230,เรียนหนังสือ,กรุงเทพมหานคร,9.9,พันคน,สำนักงานสถิติแห่งชาติ
2564,อุดมศึกษา สายวิชาชีพ,ไตรมาส 3,1231,เรียนหนังสือ,กรุงเทพมหานคร,2.0,พันคน,สำนักงานสถิติแห่งชาติ
2564,อุดมศึกษา สายวิชาการศึกษา,ไตรมาส 3,1232,เรียนหนังสือ,กรุงเทพมหานคร,0.0,พันคน,สำนักงานสถิติแห่งชาติ
2564,การศึกษาอื่นๆ,ไตรมาส 3,1233,เรียนหนังสือ,กรุงเทพมหานคร,0.0,พันคน,สำนักงานสถิติแห่งชาติ
2564,ไม่ทราบ,ไตรมาส 3,1234,เรียนหนังสือ,กรุงเทพมหานคร,1.0,พันคน,สำนักงานสถิติแห่งชาติ
2564,ไม่มีการศึกษา,ไตรมาส 3,1235,ยังเด็กชรา/ไม่สามารถทำงานได้,กรุงเทพมหานคร,77.1,พันคน,สำนักงานสถิติแห่งชาติ
2564,ต่ำกว่าประถมศึกษา,ไตรมาส 3,1236,ยังเด็กชรา/ไม่สามารถทำงานได้,กรุงเทพมหานคร,280.6,พันคน,สำนักงานสถิติแห่งชาติ
2564,ประถมศึกษา,ไตรมาส 3,1237,ยังเด็กชรา/ไม่สามารถทำงานได้,กรุงเทพมหานคร,92.9,พันคน,สำนักงานสถิติแห่งชาติ
2564,มัธยมศึกษาตอนต้น,ไตรมาส 3,1238,ยังเด็กชรา/ไม่สามารถทำงานได้,กรุงเทพมหานคร,69.6,พันคน,สำนักงานสถิติแห่งชาติ
2564,มัธยมศึกษาตอนปลาย  สายสามัญ,ไตรมาส 3,1239,ยังเด็กชรา/ไม่สามารถทำงานได้,กรุงเทพมหานคร,69.0,พันคน,สำนักงานสถิติแห่งชาติ
2564,มัธยมศึกษาตอนปลาย  สายอาชีวศึกษา,ไตรมาส 3,1240,ยังเด็กชรา/ไม่สามารถทำงานได้,กรุงเทพมหานคร,27.5,พันคน,สำนักงานสถิติแห่งชาติ
2564,มัธยมศึกษาตอนปลาย  สายวิชาการศึกษา,ไตรมาส 3,1241,ยังเด็กชรา/ไม่สามารถทำงานได้,กรุงเทพมหานคร,0.0,พันคน,สำนักงานสถิติแห่งชาติ
2564,อุดมศึกษา สายวิชาการ,ไตรมาส 3,1242,ยังเด็กชรา/ไม่สามารถทำงานได้,กรุงเทพมหานคร,95.0,พันคน,สำนักงานสถิติแห่งชาติ
2564,อุดมศึกษา สายวิชาชีพ,ไตรมาส 3,1243,ยังเด็กชรา/ไม่สามารถทำงานได้,กรุงเทพมหานคร,29.6,พันคน,สำนักงานสถิติแห่งชาติ
2564,อุดมศึกษา สายวิชาการศึกษา,ไตรมาส 3,1244,ยังเด็กชรา/ไม่สามารถทำงานได้,กรุงเทพมหานคร,19.2,พันคน,สำนักงานสถิติแห่งชาติ
2564,การศึกษาอื่นๆ,ไตรมาส 3,1245,ยังเด็กชรา/ไม่สามารถทำงานได้,กรุงเทพมหานคร,0.0,พันคน,สำนักงานสถิติแห่งชาติ
2564,ไม่ทราบ,ไตรมาส 3,1246,ยังเด็กชรา/ไม่สามารถทำงานได้,กรุงเทพมหานคร,3.7,พันคน,สำนักงานสถิติแห่งชาติ
2564,ไม่มีการศึกษา,ไตรมาส 3,1247,อื่นๆ,กรุงเทพมหานคร,1.8,พันคน,สำนักงานสถิติแห่งชาติ
2564,ต่ำกว่าประถมศึกษา,ไตรมาส 3,1248,อื่นๆ,กรุงเทพมหานคร,28.9,พันคน,สำนักงานสถิติแห่งชาติ
2564,ประถมศึกษา,ไตรมาส 3,1249,อื่นๆ,กรุงเทพมหานคร,32.8,พันคน,สำนักงานสถิติแห่งชาติ
2564,มัธยมศึกษาตอนต้น,ไตรมาส 3,1250,อื่นๆ,กรุงเทพมหานคร,41.8,พันคน,สำนักงานสถิติแห่งชาติ
2564,มัธยมศึกษาตอนปลาย  สายสามัญ,ไตรมาส 3,1251,อื่นๆ,กรุงเทพมหานคร,58.0,พันคน,สำนักงานสถิติแห่งชาติ
2564,มัธยมศึกษาตอนปลาย  สายอาชีวศึกษา,ไตรมาส 3,1252,อื่นๆ,กรุงเทพมหานคร,26.2,พันคน,สำนักงานสถิติแห่งชาติ
2564,มัธยมศึกษาตอนปลาย  สายวิชาการศึกษา,ไตรมาส 3,1253,อื่นๆ,กรุงเทพมหานคร,0.0,พันคน,สำนักงานสถิติแห่งชาติ
2564,อุดมศึกษา สายวิชาการ,ไตรมาส 3,1254,อื่นๆ,กรุงเทพมหานคร,172.1,พันคน,สำนักงานสถิติแห่งชาติ
2564,อุดมศึกษา สายวิชาชีพ,ไตรมาส 3,1255,อื่นๆ,กรุงเทพมหานคร,23.9,พันคน,สำนักงานสถิติแห่งชาติ
2564,อุดมศึกษา สายวิชาการศึกษา,ไตรมาส 3,1256,อื่นๆ,กรุงเทพมหานคร,30.9,พันคน,สำนักงานสถิติแห่งชาติ
2564,การศึกษาอื่นๆ,ไตรมาส 3,1257,อื่นๆ,กรุงเทพมหานคร,0.0,พันคน,สำนักงานสถิติแห่งชาติ
2564,ไม่ทราบ,ไตรมาส 3,1258,อื่นๆ,กรุงเทพมหานคร,1.7,พันคน,สำนักงานสถิติแห่งชาติ
2564,ไม่มีการศึกษา,ไตรมาส 3,1259,ทำงานบ้าน,ภาคกลาง,66.2,พันคน,สำนักงานสถิติแห่งชาติ
2564,ต่ำกว่าประถมศึกษา,ไตรมาส 3,1260,ทำงานบ้าน,ภาคกลาง,374.7,พันคน,สำนักงานสถิติแห่งชาติ
2564,ประถมศึกษา,ไตรมาส 3,1261,ทำงานบ้าน,ภาคกลาง,372.8,พันคน,สำนักงานสถิติแห่งชาติ
2564,มัธยมศึกษาตอนต้น,ไตรมาส 3,1262,ทำงานบ้าน,ภาคกลาง,314.8,พันคน,สำนักงานสถิติแห่งชาติ
2564,มัธยมศึกษาตอนปลาย  สายสามัญ,ไตรมาส 3,1263,ทำงานบ้าน,ภาคกลาง,229.5,พันคน,สำนักงานสถิติแห่งชาติ
2564,มัธยมศึกษาตอนปลาย  สายอาชีวศึกษา,ไตรมาส 3,1264,ทำงานบ้าน,ภาคกลาง,67.8,พันคน,สำนักงานสถิติแห่งชาติ
2564,มัธยมศึกษาตอนปลาย  สายวิชาการศึกษา,ไตรมาส 3,1265,ทำงานบ้าน,ภาคกลาง,0.0,พันคน,สำนักงานสถิติแห่งชาติ
2564,อุดมศึกษา สายวิชาการ,ไตรมาส 3,1266,ทำงานบ้าน,ภาคกลาง,172.7,พันคน,สำนักงานสถิติแห่งชาติ
2564,อุดมศึกษา สายวิชาชีพ,ไตรมาส 3,1267,ทำงานบ้าน,ภาคกลาง,71.3,พันคน,สำนักงานสถิติแห่งชาติ
2564,อุดมศึกษา สายวิชาการศึกษา,ไตรมาส 3,1268,ทำงานบ้าน,ภาคกลาง,14.4,พันคน,สำนักงานสถิติแห่งชาติ
2564,การศึกษาอื่นๆ,ไตรมาส 3,1269,ทำงานบ้าน,ภาคกลาง,3.5,พันคน,สำนักงานสถิติแห่งชาติ
2564,ไม่ทราบ,ไตรมาส 3,1270,ทำงานบ้าน,ภาคกลาง,7.1,พันคน,สำนักงานสถิติแห่งชาติ
2564,ไม่มีการศึกษา,ไตรมาส 3,1271,เรียนหนังสือ,ภาคกลาง,0.0,พันคน,สำนักงานสถิติแห่งชาติ
2564,ต่ำกว่าประถมศึกษา,ไตรมาส 3,1272,เรียนหนังสือ,ภาคกลาง,1.6,พันคน,สำนักงานสถิติแห่งชาติ
2564,ประถมศึกษา,ไตรมาส 3,1273,เรียนหนังสือ,ภาคกลาง,139.0,พันคน,สำนักงานสถิติแห่งชาติ
2564,มัธยมศึกษาตอนต้น,ไตรมาส 3,1274,เรียนหนังสือ,ภาคกลาง,544.4,พันคน,สำนักงานสถิติแห่งชาติ
2564,มัธยมศึกษาตอนปลาย  สายสามัญ,ไตรมาส 3,1275,เรียนหนังสือ,ภาคกลาง,365.1,พันคน,สำนักงานสถิติแห่งชาติ
2564,มัธยมศึกษาตอนปลาย  สายอาชีวศึกษา,ไตรมาส 3,1276,เรียนหนังสือ,ภาคกลาง,73.2,พันคน,สำนักงานสถิติแห่งชาติ
2564,มัธยมศึกษาตอนปลาย  สายวิชาการศึกษา,ไตรมาส 3,1277,เรียนหนังสือ,ภาคกลาง,0.0,พันคน,สำนักงานสถิติแห่งชาติ
2564,อุดมศึกษา สายวิชาการ,ไตรมาส 3,1278,เรียนหนังสือ,ภาคกลาง,3.8,พันคน,สำนักงานสถิติแห่งชาติ
2564,อุดมศึกษา สายวิชาชีพ,ไตรมาส 3,1279,เรียนหนังสือ,ภาคกลาง,11.7,พันคน,สำนักงานสถิติแห่งชาติ
2564,อุดมศึกษา สายวิชาการศึกษา,ไตรมาส 3,1280,เรียนหนังสือ,ภาคกลาง,0.0,พันคน,สำนักงานสถิติแห่งชาติ
2564,การศึกษาอื่นๆ,ไตรมาส 3,1281,เรียนหนังสือ,ภาคกลาง,0.0,พันคน,สำนักงานสถิติแห่งชาติ
2564,ไม่ทราบ,ไตรมาส 3,1282,เรียนหนังสือ,ภาคกลาง,0.6,พันคน,สำนักงานสถิติแห่งชาติ
2564,ไม่มีการศึกษา,ไตรมาส 3,1283,ยังเด็กชรา/ไม่สามารถทำงานได้,ภาคกลาง,192.6,พันคน,สำนักงานสถิติแห่งชาติ
2564,ต่ำกว่าประถมศึกษา,ไตรมาส 3,1284,ยังเด็กชรา/ไม่สามารถทำงานได้,ภาคกลาง,1212.5,พันคน,สำนักงานสถิติแห่งชาติ
2564,ประถมศึกษา,ไตรมาส 3,1285,ยังเด็กชรา/ไม่สามารถทำงานได้,ภาคกลาง,213.0,พันคน,สำนักงานสถิติแห่งชาติ
2564,มัธยมศึกษาตอนต้น,ไตรมาส 3,1286,ยังเด็กชรา/ไม่สามารถทำงานได้,ภาคกลาง,116.9,พันคน,สำนักงานสถิติแห่งชาติ
2564,มัธยมศึกษาตอนปลาย  สายสามัญ,ไตรมาส 3,1287,ยังเด็กชรา/ไม่สามารถทำงานได้,ภาคกลาง,69.6,พันคน,สำนักงานสถิติแห่งชาติ
2564,มัธยมศึกษาตอนปลาย  สายอาชีวศึกษา,ไตรมาส 3,1288,ยังเด็กชรา/ไม่สามารถทำงานได้,ภาคกลาง,41.3,พันคน,สำนักงานสถิติแห่งชาติ
2564,มัธยมศึกษาตอนปลาย  สายวิชาการศึกษา,ไตรมาส 3,1289,ยังเด็กชรา/ไม่สามารถทำงานได้,ภาคกลาง,0.0,พันคน,สำนักงานสถิติแห่งชาติ
2564,อุดมศึกษา สายวิชาการ,ไตรมาส 3,1290,ยังเด็กชรา/ไม่สามารถทำงานได้,ภาคกลาง,52.0,พันคน,สำนักงานสถิติแห่งชาติ
2564,อุดมศึกษา สายวิชาชีพ,ไตรมาส 3,1291,ยังเด็กชรา/ไม่สามารถทำงานได้,ภาคกลาง,19.9,พันคน,สำนักงานสถิติแห่งชาติ
2564,อุดมศึกษา สายวิชาการศึกษา,ไตรมาส 3,1292,ยังเด็กชรา/ไม่สามารถทำงานได้,ภาคกลาง,16.6,พันคน,สำนักงานสถิติแห่งชาติ
2564,การศึกษาอื่นๆ,ไตรมาส 3,1293,ยังเด็กชรา/ไม่สามารถทำงานได้,ภาคกลาง,0.1,พันคน,สำนักงานสถิติแห่งชาติ
2564,ไม่ทราบ,ไตรมาส 3,1294,ยังเด็กชรา/ไม่สามารถทำงานได้,ภาคกลาง,7.5,พันคน,สำนักงานสถิติแห่งชาติ
2564,ไม่มีการศึกษา,ไตรมาส 3,1295,อื่นๆ,ภาคกลาง,9.5,พันคน,สำนักงานสถิติแห่งชาติ
2564,ต่ำกว่าประถมศึกษา,ไตรมาส 3,1296,อื่นๆ,ภาคกลาง,53.9,พันคน,สำนักงานสถิติแห่งชาติ
2564,ประถมศึกษา,ไตรมาส 3,1297,อื่นๆ,ภาคกลาง,64.8,พันคน,สำนักงานสถิติแห่งชาติ
2564,มัธยมศึกษาตอนต้น,ไตรมาส 3,1298,อื่นๆ,ภาคกลาง,88.7,พันคน,สำนักงานสถิติแห่งชาติ
2564,มัธยมศึกษาตอนปลาย  สายสามัญ,ไตรมาส 3,1299,อื่นๆ,ภาคกลาง,75.3,พันคน,สำนักงานสถิติแห่งชาติ
2564,มัธยมศึกษาตอนปลาย  สายอาชีวศึกษา,ไตรมาส 3,1300,อื่นๆ,ภาคกลาง,40.8,พันคน,สำนักงานสถิติแห่งชาติ
2564,มัธยมศึกษาตอนปลาย  สายวิชาการศึกษา,ไตรมาส 3,1301,อื่นๆ,ภาคกลาง,1.1,พันคน,สำนักงานสถิติแห่งชาติ
2564,อุดมศึกษา สายวิชาการ,ไตรมาส 3,1302,อื่นๆ,ภาคกลาง,169.5,พันคน,สำนักงานสถิติแห่งชาติ
2564,อุดมศึกษา สายวิชาชีพ,ไตรมาส 3,1303,อื่นๆ,ภาคกลาง,31.9,พันคน,สำนักงานสถิติแห่งชาติ
2564,อุดมศึกษา สายวิชาการศึกษา,ไตรมาส 3,1304,อื่นๆ,ภาคกลาง,75.9,พันคน,สำนักงานสถิติแห่งชาติ
2564,การศึกษาอื่นๆ,ไตรมาส 3,1305,อื่นๆ,ภาคกลาง,0.3,พันคน,สำนักงานสถิติแห่งชาติ
2564,ไม่ทราบ,ไตรมาส 3,1306,อื่นๆ,ภาคกลาง,4.3,พันคน,สำนักงานสถิติแห่งชาติ
2564,ไม่มีการศึกษา,ไตรมาส 3,1307,ทำงานบ้าน,ภาคเหนือ,75.5,พันคน,สำนักงานสถิติแห่งชาติ
2564,ต่ำกว่าประถมศึกษา,ไตรมาส 3,1308,ทำงานบ้าน,ภาคเหนือ,315.3,พันคน,สำนักงานสถิติแห่งชาติ
2564,ประถมศึกษา,ไตรมาส 3,1309,ทำงานบ้าน,ภาคเหนือ,132.5,พันคน,สำนักงานสถิติแห่งชาติ
2564,มัธยมศึกษาตอนต้น,ไตรมาส 3,1310,ทำงานบ้าน,ภาคเหนือ,118.3,พันคน,สำนักงานสถิติแห่งชาติ
2564,มัธยมศึกษาตอนปลาย  สายสามัญ,ไตรมาส 3,1311,ทำงานบ้าน,ภาคเหนือ,109.1,พันคน,สำนักงานสถิติแห่งชาติ
2564,มัธยมศึกษาตอนปลาย  สายอาชีวศึกษา,ไตรมาส 3,1312,ทำงานบ้าน,ภาคเหนือ,29.3,พันคน,สำนักงานสถิติแห่งชาติ
2564,มัธยมศึกษาตอนปลาย  สายวิชาการศึกษา,ไตรมาส 3,1313,ทำงานบ้าน,ภาคเหนือ,0.0,พันคน,สำนักงานสถิติแห่งชาติ
2564,อุดมศึกษา สายวิชาการ,ไตรมาส 3,1314,ทำงานบ้าน,ภาคเหนือ,57.1,พันคน,สำนักงานสถิติแห่งชาติ
2564,อุดมศึกษา สายวิชาชีพ,ไตรมาส 3,1315,ทำงานบ้าน,ภาคเหนือ,25.7,พันคน,สำนักงานสถิติแห่งชาติ
2564,อุดมศึกษา สายวิชาการศึกษา,ไตรมาส 3,1316,ทำงานบ้าน,ภาคเหนือ,7.6,พันคน,สำนักงานสถิติแห่งชาติ
2564,การศึกษาอื่นๆ,ไตรมาส 3,1317,ทำงานบ้าน,ภาคเหนือ,1.1,พันคน,สำนักงานสถิติแห่งชาติ
2564,ไม่ทราบ,ไตรมาส 3,1318,ทำงานบ้าน,ภาคเหนือ,0.2,พันคน,สำนักงานสถิติแห่งชาติ
2564,ไม่มีการศึกษา,ไตรมาส 3,1319,เรียนหนังสือ,ภาคเหนือ,0.0,พันคน,สำนักงานสถิติแห่งชาติ
2564,ต่ำกว่าประถมศึกษา,ไตรมาส 3,1320,เรียนหนังสือ,ภาคเหนือ,2.7,พันคน,สำนักงานสถิติแห่งชาติ
2564,ประถมศึกษา,ไตรมาส 3,1321,เรียนหนังสือ,ภาคเหนือ,90.9,พันคน,สำนักงานสถิติแห่งชาติ
2564,มัธยมศึกษาตอนต้น,ไตรมาส 3,1322,เรียนหนังสือ,ภาคเหนือ,402.3,พันคน,สำนักงานสถิติแห่งชาติ
2564,มัธยมศึกษาตอนปลาย  สายสามัญ,ไตรมาส 3,1323,เรียนหนังสือ,ภาคเหนือ,195.2,พันคน,สำนักงานสถิติแห่งชาติ
2564,มัธยมศึกษาตอนปลาย  สายอาชีวศึกษา,ไตรมาส 3,1324,เรียนหนังสือ,ภาคเหนือ,31.8,พันคน,สำนักงานสถิติแห่งชาติ
2564,มัธยมศึกษาตอนปลาย  สายวิชาการศึกษา,ไตรมาส 3,1325,เรียนหนังสือ,ภาคเหนือ,0.0,พันคน,สำนักงานสถิติแห่งชาติ
2564,อุดมศึกษา สายวิชาการ,ไตรมาส 3,1326,เรียนหนังสือ,ภาคเหนือ,4.1,พันคน,สำนักงานสถิติแห่งชาติ
2564,อุดมศึกษา สายวิชาชีพ,ไตรมาส 3,1327,เรียนหนังสือ,ภาคเหนือ,4.6,พันคน,สำนักงานสถิติแห่งชาติ
2564,อุดมศึกษา สายวิชาการศึกษา,ไตรมาส 3,1328,เรียนหนังสือ,ภาคเหนือ,0.0,พันคน,สำนักงานสถิติแห่งชาติ
2564,การศึกษาอื่นๆ,ไตรมาส 3,1329,เรียนหนังสือ,ภาคเหนือ,0.0,พันคน,สำนักงานสถิติแห่งชาติ
2564,ไม่ทราบ,ไตรมาส 3,1330,เรียนหนังสือ,ภาคเหนือ,0.0,พันคน,สำนักงานสถิติแห่งชาติ
2564,ไม่มีการศึกษา,ไตรมาส 3,1331,ยังเด็กชรา/ไม่สามารถทำงานได้,ภาคเหนือ,252.5,พันคน,สำนักงานสถิติแห่งชาติ
2564,ต่ำกว่าประถมศึกษา,ไตรมาส 3,1332,ยังเด็กชรา/ไม่สามารถทำงานได้,ภาคเหนือ,908.9,พันคน,สำนักงานสถิติแห่งชาติ
2564,ประถมศึกษา,ไตรมาส 3,1333,ยังเด็กชรา/ไม่สามารถทำงานได้,ภาคเหนือ,84.3,พันคน,สำนักงานสถิติแห่งชาติ
2564,มัธยมศึกษาตอนต้น,ไตรมาส 3,1334,ยังเด็กชรา/ไม่สามารถทำงานได้,ภาคเหนือ,50.4,พันคน,สำนักงานสถิติแห่งชาติ
2564,มัธยมศึกษาตอนปลาย  สายสามัญ,ไตรมาส 3,1335,ยังเด็กชรา/ไม่สามารถทำงานได้,ภาคเหนือ,33.4,พันคน,สำนักงานสถิติแห่งชาติ
2564,มัธยมศึกษาตอนปลาย  สายอาชีวศึกษา,ไตรมาส 3,1336,ยังเด็กชรา/ไม่สามารถทำงานได้,ภาคเหนือ,9.4,พันคน,สำนักงานสถิติแห่งชาติ
2564,มัธยมศึกษาตอนปลาย  สายวิชาการศึกษา,ไตรมาส 3,1337,ยังเด็กชรา/ไม่สามารถทำงานได้,ภาคเหนือ,0.3,พันคน,สำนักงานสถิติแห่งชาติ
2564,อุดมศึกษา สายวิชาการ,ไตรมาส 3,1338,ยังเด็กชรา/ไม่สามารถทำงานได้,ภาคเหนือ,18.2,พันคน,สำนักงานสถิติแห่งชาติ
2564,อุดมศึกษา สายวิชาชีพ,ไตรมาส 3,1339,ยังเด็กชรา/ไม่สามารถทำงานได้,ภาคเหนือ,5.7,พันคน,สำนักงานสถิติแห่งชาติ
2564,อุดมศึกษา สายวิชาการศึกษา,ไตรมาส 3,1340,ยังเด็กชรา/ไม่สามารถทำงานได้,ภาคเหนือ,4.2,พันคน,สำนักงานสถิติแห่งชาติ
2564,การศึกษาอื่นๆ,ไตรมาส 3,1341,ยังเด็กชรา/ไม่สามารถทำงานได้,ภาคเหนือ,0.2,พันคน,สำนักงานสถิติแห่งชาติ
2564,ไม่ทราบ,ไตรมาส 3,1342,ยังเด็กชรา/ไม่สามารถทำงานได้,ภาคเหนือ,0.9,พันคน,สำนักงานสถิติแห่งชาติ
2564,ไม่มีการศึกษา,ไตรมาส 3,1343,อื่นๆ,ภาคเหนือ,4.5,พันคน,สำนักงานสถิติแห่งชาติ
2564,ต่ำกว่าประถมศึกษา,ไตรมาส 3,1344,อื่นๆ,ภาคเหนือ,15.1,พันคน,สำนักงานสถิติแห่งชาติ
2564,ประถมศึกษา,ไตรมาส 3,1345,อื่นๆ,ภาคเหนือ,14.9,พันคน,สำนักงานสถิติแห่งชาติ
2564,มัธยมศึกษาตอนต้น,ไตรมาส 3,1346,อื่นๆ,ภาคเหนือ,35.7,พันคน,สำนักงานสถิติแห่งชาติ
2564,มัธยมศึกษาตอนปลาย  สายสามัญ,ไตรมาส 3,1347,อื่นๆ,ภาคเหนือ,33.7,พันคน,สำนักงานสถิติแห่งชาติ
2564,มัธยมศึกษาตอนปลาย  สายอาชีวศึกษา,ไตรมาส 3,1348,อื่นๆ,ภาคเหนือ,10.7,พันคน,สำนักงานสถิติแห่งชาติ
2564,มัธยมศึกษาตอนปลาย  สายวิชาการศึกษา,ไตรมาส 3,1349,อื่นๆ,ภาคเหนือ,0.6,พันคน,สำนักงานสถิติแห่งชาติ
2564,อุดมศึกษา สายวิชาการ,ไตรมาส 3,1350,อื่นๆ,ภาคเหนือ,79.7,พันคน,สำนักงานสถิติแห่งชาติ
2564,อุดมศึกษา สายวิชาชีพ,ไตรมาส 3,1351,อื่นๆ,ภาคเหนือ,13.0,พันคน,สำนักงานสถิติแห่งชาติ
2564,อุดมศึกษา สายวิชาการศึกษา,ไตรมาส 3,1352,อื่นๆ,ภาคเหนือ,60.4,พันคน,สำนักงานสถิติแห่งชาติ
2564,การศึกษาอื่นๆ,ไตรมาส 3,1353,อื่นๆ,ภาคเหนือ,0.5,พันคน,สำนักงานสถิติแห่งชาติ
2564,ไม่ทราบ,ไตรมาส 3,1354,อื่นๆ,ภาคเหนือ,1.3,พันคน,สำนักงานสถิติแห่งชาติ
2564,ไม่มีการศึกษา,ไตรมาส 3,1355,ทำงานบ้าน,ภาคตะวันออกเฉียงเหนือ,22.8,พันคน,สำนักงานสถิติแห่งชาติ
2564,ต่ำกว่าประถมศึกษา,ไตรมาส 3,1356,ทำงานบ้าน,ภาคตะวันออกเฉียงเหนือ,412.9,พันคน,สำนักงานสถิติแห่งชาติ
2564,ประถมศึกษา,ไตรมาส 3,1357,ทำงานบ้าน,ภาคตะวันออกเฉียงเหนือ,246.6,พันคน,สำนักงานสถิติแห่งชาติ
2564,มัธยมศึกษาตอนต้น,ไตรมาส 3,1358,ทำงานบ้าน,ภาคตะวันออกเฉียงเหนือ,235.1,พันคน,สำนักงานสถิติแห่งชาติ
2564,มัธยมศึกษาตอนปลาย  สายสามัญ,ไตรมาส 3,1359,ทำงานบ้าน,ภาคตะวันออกเฉียงเหนือ,203.0,พันคน,สำนักงานสถิติแห่งชาติ
2564,มัธยมศึกษาตอนปลาย  สายอาชีวศึกษา,ไตรมาส 3,1360,ทำงานบ้าน,ภาคตะวันออกเฉียงเหนือ,38.2,พันคน,สำนักงานสถิติแห่งชาติ
2564,มัธยมศึกษาตอนปลาย  สายวิชาการศึกษา,ไตรมาส 3,1361,ทำงานบ้าน,ภาคตะวันออกเฉียงเหนือ,0.0,พันคน,สำนักงานสถิติแห่งชาติ
2564,อุดมศึกษา สายวิชาการ,ไตรมาส 3,1362,ทำงานบ้าน,ภาคตะวันออกเฉียงเหนือ,54.2,พันคน,สำนักงานสถิติแห่งชาติ
2564,อุดมศึกษา สายวิชาชีพ,ไตรมาส 3,1363,ทำงานบ้าน,ภาคตะวันออกเฉียงเหนือ,40.0,พันคน,สำนักงานสถิติแห่งชาติ
2564,อุดมศึกษา สายวิชาการศึกษา,ไตรมาส 3,1364,ทำงานบ้าน,ภาคตะวันออกเฉียงเหนือ,9.0,พันคน,สำนักงานสถิติแห่งชาติ
2564,การศึกษาอื่นๆ,ไตรมาส 3,1365,ทำงานบ้าน,ภาคตะวันออกเฉียงเหนือ,0.0,พันคน,สำนักงานสถิติแห่งชาติ
2564,ไม่ทราบ,ไตรมาส 3,1366,ทำงานบ้าน,ภาคตะวันออกเฉียงเหนือ,0.2,พันคน,สำนักงานสถิติแห่งชาติ
2564,ไม่มีการศึกษา,ไตรมาส 3,1367,เรียนหนังสือ,ภาคตะวันออกเฉียงเหนือ,0.0,พันคน,สำนักงานสถิติแห่งชาติ
2564,ต่ำกว่าประถมศึกษา,ไตรมาส 3,1368,เรียนหนังสือ,ภาคตะวันออกเฉียงเหนือ,1.4,พันคน,สำนักงานสถิติแห่งชาติ
2564,ประถมศึกษา,ไตรมาส 3,1369,เรียนหนังสือ,ภาคตะวันออกเฉียงเหนือ,215.6,พันคน,สำนักงานสถิติแห่งชาติ
2564,มัธยมศึกษาตอนต้น,ไตรมาส 3,1370,เรียนหนังสือ,ภาคตะวันออกเฉียงเหนือ,766.3,พันคน,สำนักงานสถิติแห่งชาติ
2564,มัธยมศึกษาตอนปลาย  สายสามัญ,ไตรมาส 3,1371,เรียนหนังสือ,ภาคตะวันออกเฉียงเหนือ,286.6,พันคน,สำนักงานสถิติแห่งชาติ
2564,มัธยมศึกษาตอนปลาย  สายอาชีวศึกษา,ไตรมาส 3,1372,เรียนหนังสือ,ภาคตะวันออกเฉียงเหนือ,77.1,พันคน,สำนักงานสถิติแห่งชาติ
2564,มัธยมศึกษาตอนปลาย  สายวิชาการศึกษา,ไตรมาส 3,1373,เรียนหนังสือ,ภาคตะวันออกเฉียงเหนือ,0.0,พันคน,สำนักงานสถิติแห่งชาติ
2564,อุดมศึกษา สายวิชาการ,ไตรมาส 3,1374,เรียนหนังสือ,ภาคตะวันออกเฉียงเหนือ,0.5,พันคน,สำนักงานสถิติแห่งชาติ
2564,อุดมศึกษา สายวิชาชีพ,ไตรมาส 3,1375,เรียนหนังสือ,ภาคตะวันออกเฉียงเหนือ,12.6,พันคน,สำนักงานสถิติแห่งชาติ
2564,อุดมศึกษา สายวิชาการศึกษา,ไตรมาส 3,1376,เรียนหนังสือ,ภาคตะวันออกเฉียงเหนือ,0.7,พันคน,สำนักงานสถิติแห่งชาติ
2564,การศึกษาอื่นๆ,ไตรมาส 3,1377,เรียนหนังสือ,ภาคตะวันออกเฉียงเหนือ,0.0,พันคน,สำนักงานสถิติแห่งชาติ
2564,ไม่ทราบ,ไตรมาส 3,1378,เรียนหนังสือ,ภาคตะวันออกเฉียงเหนือ,0.0,พันคน,สำนักงานสถิติแห่งชาติ
2564,ไม่มีการศึกษา,ไตรมาส 3,1379,ยังเด็กชรา/ไม่สามารถทำงานได้,ภาคตะวันออกเฉียงเหนือ,137.0,พันคน,สำนักงานสถิติแห่งชาติ
2564,ต่ำกว่าประถมศึกษา,ไตรมาส 3,1380,ยังเด็กชรา/ไม่สามารถทำงานได้,ภาคตะวันออกเฉียงเหนือ,1652.4,พันคน,สำนักงานสถิติแห่งชาติ
2564,ประถมศึกษา,ไตรมาส 3,1381,ยังเด็กชรา/ไม่สามารถทำงานได้,ภาคตะวันออกเฉียงเหนือ,191.4,พันคน,สำนักงานสถิติแห่งชาติ
2564,มัธยมศึกษาตอนต้น,ไตรมาส 3,1382,ยังเด็กชรา/ไม่สามารถทำงานได้,ภาคตะวันออกเฉียงเหนือ,89.0,พันคน,สำนักงานสถิติแห่งชาติ
2564,มัธยมศึกษาตอนปลาย  สายสามัญ,ไตรมาส 3,1383,ยังเด็กชรา/ไม่สามารถทำงานได้,ภาคตะวันออกเฉียงเหนือ,49.5,พันคน,สำนักงานสถิติแห่งชาติ
2564,มัธยมศึกษาตอนปลาย  สายอาชีวศึกษา,ไตรมาส 3,1384,ยังเด็กชรา/ไม่สามารถทำงานได้,ภาคตะวันออกเฉียงเหนือ,6.6,พันคน,สำนักงานสถิติแห่งชาติ
2564,มัธยมศึกษาตอนปลาย  สายวิชาการศึกษา,ไตรมาส 3,1385,ยังเด็กชรา/ไม่สามารถทำงานได้,ภาคตะวันออกเฉียงเหนือ,0.1,พันคน,สำนักงานสถิติแห่งชาติ
2564,อุดมศึกษา สายวิชาการ,ไตรมาส 3,1386,ยังเด็กชรา/ไม่สามารถทำงานได้,ภาคตะวันออกเฉียงเหนือ,11.4,พันคน,สำนักงานสถิติแห่งชาติ
2564,อุดมศึกษา สายวิชาชีพ,ไตรมาส 3,1387,ยังเด็กชรา/ไม่สามารถทำงานได้,ภาคตะวันออกเฉียงเหนือ,6.9,พันคน,สำนักงานสถิติแห่งชาติ
2564,อุดมศึกษา สายวิชาการศึกษา,ไตรมาส 3,1388,ยังเด็กชรา/ไม่สามารถทำงานได้,ภาคตะวันออกเฉียงเหนือ,6.1,พันคน,สำนักงานสถิติแห่งชาติ
2564,การศึกษาอื่นๆ,ไตรมาส 3,1389,ยังเด็กชรา/ไม่สามารถทำงานได้,ภาคตะวันออกเฉียงเหนือ,0.0,พันคน,สำนักงานสถิติแห่งชาติ
2564,ไม่ทราบ,ไตรมาส 3,1390,ยังเด็กชรา/ไม่สามารถทำงานได้,ภาคตะวันออกเฉียงเหนือ,0.0,พันคน,สำนักงานสถิติแห่งชาติ
2564,ไม่มีการศึกษา,ไตรมาส 3,1391,อื่นๆ,ภาคตะวันออกเฉียงเหนือ,1.8,พันคน,สำนักงานสถิติแห่งชาติ
2564,ต่ำกว่าประถมศึกษา,ไตรมาส 3,1392,อื่นๆ,ภาคตะวันออกเฉียงเหนือ,51.6,พันคน,สำนักงานสถิติแห่งชาติ
2564,ประถมศึกษา,ไตรมาส 3,1393,อื่นๆ,ภาคตะวันออกเฉียงเหนือ,66.7,พันคน,สำนักงานสถิติแห่งชาติ
2564,มัธยมศึกษาตอนต้น,ไตรมาส 3,1394,อื่นๆ,ภาคตะวันออกเฉียงเหนือ,84.3,พันคน,สำนักงานสถิติแห่งชาติ
2564,มัธยมศึกษาตอนปลาย  สายสามัญ,ไตรมาส 3,1395,อื่นๆ,ภาคตะวันออกเฉียงเหนือ,85.5,พันคน,สำนักงานสถิติแห่งชาติ
2564,มัธยมศึกษาตอนปลาย  สายอาชีวศึกษา,ไตรมาส 3,1396,อื่นๆ,ภาคตะวันออกเฉียงเหนือ,20.5,พันคน,สำนักงานสถิติแห่งชาติ
2564,มัธยมศึกษาตอนปลาย  สายวิชาการศึกษา,ไตรมาส 3,1397,อื่นๆ,ภาคตะวันออกเฉียงเหนือ,0.5,พันคน,สำนักงานสถิติแห่งชาติ
2564,อุดมศึกษา สายวิชาการ,ไตรมาส 3,1398,อื่นๆ,ภาคตะวันออกเฉียงเหนือ,74.1,พันคน,สำนักงานสถิติแห่งชาติ
2564,อุดมศึกษา สายวิชาชีพ,ไตรมาส 3,1399,อื่นๆ,ภาคตะวันออกเฉียงเหนือ,22.9,พันคน,สำนักงานสถิติแห่งชาติ
2564,อุดมศึกษา สายวิชาการศึกษา,ไตรมาส 3,1400,อื่นๆ,ภาคตะวันออกเฉียงเหนือ,67.6,พันคน,สำนักงานสถิติแห่งชาติ
2564,การศึกษาอื่นๆ,ไตรมาส 3,1401,อื่นๆ,ภาคตะวันออกเฉียงเหนือ,0.0,พันคน,สำนักงานสถิติแห่งชาติ
2564,ไม่ทราบ,ไตรมาส 3,1402,อื่นๆ,ภาคตะวันออกเฉียงเหนือ,0.4,พันคน,สำนักงานสถิติแห่งชาติ
2564,ไม่มีการศึกษา,ไตรมาส 3,1403,ทำงานบ้าน,ภาคใต้,34.1,พันคน,สำนักงานสถิติแห่งชาติ
2564,ต่ำกว่าประถมศึกษา,ไตรมาส 3,1404,ทำงานบ้าน,ภาคใต้,177.5,พันคน,สำนักงานสถิติแห่งชาติ
2564,ประถมศึกษา,ไตรมาส 3,1405,ทำงานบ้าน,ภาคใต้,155.3,พันคน,สำนักงานสถิติแห่งชาติ
2564,มัธยมศึกษาตอนต้น,ไตรมาส 3,1406,ทำงานบ้าน,ภาคใต้,128.1,พันคน,สำนักงานสถิติแห่งชาติ
2564,มัธยมศึกษาตอนปลาย  สายสามัญ,ไตรมาส 3,1407,ทำงานบ้าน,ภาคใต้,108.0,พันคน,สำนักงานสถิติแห่งชาติ
2564,มัธยมศึกษาตอนปลาย  สายอาชีวศึกษา,ไตรมาส 3,1408,ทำงานบ้าน,ภาคใต้,18.8,พันคน,สำนักงานสถิติแห่งชาติ
2564,มัธยมศึกษาตอนปลาย  สายวิชาการศึกษา,ไตรมาส 3,1409,ทำงานบ้าน,ภาคใต้,0.1,พันคน,สำนักงานสถิติแห่งชาติ
2564,อุดมศึกษา สายวิชาการ,ไตรมาส 3,1410,ทำงานบ้าน,ภาคใต้,65.3,พันคน,สำนักงานสถิติแห่งชาติ
2564,อุดมศึกษา สายวิชาชีพ,ไตรมาส 3,1411,ทำงานบ้าน,ภาคใต้,32.5,พันคน,สำนักงานสถิติแห่งชาติ
2564,อุดมศึกษา สายวิชาการศึกษา,ไตรมาส 3,1412,ทำงานบ้าน,ภาคใต้,9.4,พันคน,สำนักงานสถิติแห่งชาติ
2564,การศึกษาอื่นๆ,ไตรมาส 3,1413,ทำงานบ้าน,ภาคใต้,0.7,พันคน,สำนักงานสถิติแห่งชาติ
2564,ไม่ทราบ,ไตรมาส 3,1414,ทำงานบ้าน,ภาคใต้,3.1,พันคน,สำนักงานสถิติแห่งชาติ
2564,ไม่มีการศึกษา,ไตรมาส 3,1415,เรียนหนังสือ,ภาคใต้,0.0,พันคน,สำนักงานสถิติแห่งชาติ
2564,ต่ำกว่าประถมศึกษา,ไตรมาส 3,1416,เรียนหนังสือ,ภาคใต้,1.1,พันคน,สำนักงานสถิติแห่งชาติ
2564,ประถมศึกษา,ไตรมาส 3,1417,เรียนหนังสือ,ภาคใต้,93.5,พันคน,สำนักงานสถิติแห่งชาติ
2564,มัธยมศึกษาตอนต้น,ไตรมาส 3,1418,เรียนหนังสือ,ภาคใต้,330.2,พันคน,สำนักงานสถิติแห่งชาติ
2564,มัธยมศึกษาตอนปลาย  สายสามัญ,ไตรมาส 3,1419,เรียนหนังสือ,ภาคใต้,188.3,พันคน,สำนักงานสถิติแห่งชาติ
2564,มัธยมศึกษาตอนปลาย  สายอาชีวศึกษา,ไตรมาส 3,1420,เรียนหนังสือ,ภาคใต้,29.0,พันคน,สำนักงานสถิติแห่งชาติ
2564,มัธยมศึกษาตอนปลาย  สายวิชาการศึกษา,ไตรมาส 3,1421,เรียนหนังสือ,ภาคใต้,1.8,พันคน,สำนักงานสถิติแห่งชาติ
2564,อุดมศึกษา สายวิชาการ,ไตรมาส 3,1422,เรียนหนังสือ,ภาคใต้,1.9,พันคน,สำนักงานสถิติแห่งชาติ
2564,อุดมศึกษา สายวิชาชีพ,ไตรมาส 3,1423,เรียนหนังสือ,ภาคใต้,7.4,พันคน,สำนักงานสถิติแห่งชาติ
2564,อุดมศึกษา สายวิชาการศึกษา,ไตรมาส 3,1424,เรียนหนังสือ,ภาคใต้,0.0,พันคน,สำนักงานสถิติแห่งชาติ
2564,การศึกษาอื่นๆ,ไตรมาส 3,1425,เรียนหนังสือ,ภาคใต้,0.0,พันคน,สำนักงานสถิติแห่งชาติ
2564,ไม่ทราบ,ไตรมาส 3,1426,เรียนหนังสือ,ภาคใต้,0.3,พันคน,สำนักงานสถิติแห่งชาติ
2564,ไม่มีการศึกษา,ไตรมาส 3,1427,ยังเด็กชรา/ไม่สามารถทำงานได้,ภาคใต้,145.5,พันคน,สำนักงานสถิติแห่งชาติ
2564,ต่ำกว่าประถมศึกษา,ไตรมาส 3,1428,ยังเด็กชรา/ไม่สามารถทำงานได้,ภาคใต้,425.9,พันคน,สำนักงานสถิติแห่งชาติ
2564,ประถมศึกษา,ไตรมาส 3,1429,ยังเด็กชรา/ไม่สามารถทำงานได้,ภาคใต้,94.4,พันคน,สำนักงานสถิติแห่งชาติ
2564,มัธยมศึกษาตอนต้น,ไตรมาส 3,1430,ยังเด็กชรา/ไม่สามารถทำงานได้,ภาคใต้,35.5,พันคน,สำนักงานสถิติแห่งชาติ
2564,มัธยมศึกษาตอนปลาย  สายสามัญ,ไตรมาส 3,1431,ยังเด็กชรา/ไม่สามารถทำงานได้,ภาคใต้,19.4,พันคน,สำนักงานสถิติแห่งชาติ
2564,มัธยมศึกษาตอนปลาย  สายอาชีวศึกษา,ไตรมาส 3,1432,ยังเด็กชรา/ไม่สามารถทำงานได้,ภาคใต้,10.8,พันคน,สำนักงานสถิติแห่งชาติ
2564,มัธยมศึกษาตอนปลาย  สายวิชาการศึกษา,ไตรมาส 3,1433,ยังเด็กชรา/ไม่สามารถทำงานได้,ภาคใต้,0.0,พันคน,สำนักงานสถิติแห่งชาติ
2564,อุดมศึกษา สายวิชาการ,ไตรมาส 3,1434,ยังเด็กชรา/ไม่สามารถทำงานได้,ภาคใต้,11.3,พันคน,สำนักงานสถิติแห่งชาติ
2564,อุดมศึกษา สายวิชาชีพ,ไตรมาส 3,1435,ยังเด็กชรา/ไม่สามารถทำงานได้,ภาคใต้,3.4,พันคน,สำนักงานสถิติแห่งชาติ
2564,อุดมศึกษา สายวิชาการศึกษา,ไตรมาส 3,1436,ยังเด็กชรา/ไม่สามารถทำงานได้,ภาคใต้,8.1,พันคน,สำนักงานสถิติแห่งชาติ
2564,การศึกษาอื่นๆ,ไตรมาส 3,1437,ยังเด็กชรา/ไม่สามารถทำงานได้,ภาคใต้,2.0,พันคน,สำนักงานสถิติแห่งชาติ
2564,ไม่ทราบ,ไตรมาส 3,1438,ยังเด็กชรา/ไม่สามารถทำงานได้,ภาคใต้,1.7,พันคน,สำนักงานสถิติแห่งชาติ
2564,ไม่มีการศึกษา,ไตรมาส 3,1439,อื่นๆ,ภาคใต้,0.2,พันคน,สำนักงานสถิติแห่งชาติ
2564,มัธยมศึกษาตอนปลาย  สายสามัญ,ไตรมาส 4,1440,ยังเด็กชรา/ไม่สามารถทำงานได้,กรุงเทพมหานคร,54.5,พันคน,สำนักงานสถิติแห่งชาติ
2564,มัธยมศึกษาตอนปลาย  สายอาชีวศึกษา,ไตรมาส 4,1441,ยังเด็กชรา/ไม่สามารถทำงานได้,กรุงเทพมหานคร,28.2,พันคน,สำนักงานสถิติแห่งชาติ
2564,มัธยมศึกษาตอนปลาย  สายวิชาการศึกษา,ไตรมาส 4,1442,ยังเด็กชรา/ไม่สามารถทำงานได้,กรุงเทพมหานคร,0.6,พันคน,สำนักงานสถิติแห่งชาติ
2564,อุดมศึกษา สายวิชาการ,ไตรมาส 4,1443,ยังเด็กชรา/ไม่สามารถทำงานได้,กรุงเทพมหานคร,87.2,พันคน,สำนักงานสถิติแห่งชาติ
2564,อุดมศึกษา สายวิชาชีพ,ไตรมาส 4,1444,ยังเด็กชรา/ไม่สามารถทำงานได้,กรุงเทพมหานคร,27.0,พันคน,สำนักงานสถิติแห่งชาติ
2564,อุดมศึกษา สายวิชาการศึกษา,ไตรมาส 4,1445,ยังเด็กชรา/ไม่สามารถทำงานได้,กรุงเทพมหานคร,15.4,พันคน,สำนักงานสถิติแห่งชาติ
2564,การศึกษาอื่นๆ,ไตรมาส 4,1446,ยังเด็กชรา/ไม่สามารถทำงานได้,กรุงเทพมหานคร,0.4,พันคน,สำนักงานสถิติแห่งชาติ
2564,ไม่ทราบ,ไตรมาส 4,1447,ยังเด็กชรา/ไม่สามารถทำงานได้,กรุงเทพมหานคร,3.5,พันคน,สำนักงานสถิติแห่งชาติ
2564,ไม่มีการศึกษา,ไตรมาส 4,1448,อื่นๆ,กรุงเทพมหานคร,0.6,พันคน,สำนักงานสถิติแห่งชาติ
2564,ต่ำกว่าประถมศึกษา,ไตรมาส 4,1449,อื่นๆ,กรุงเทพมหานคร,12.1,พันคน,สำนักงานสถิติแห่งชาติ
2564,ประถมศึกษา,ไตรมาส 4,1450,อื่นๆ,กรุงเทพมหานคร,29.2,พันคน,สำนักงานสถิติแห่งชาติ
2564,มัธยมศึกษาตอนต้น,ไตรมาส 4,1451,อื่นๆ,กรุงเทพมหานคร,37.5,พันคน,สำนักงานสถิติแห่งชาติ
2564,มัธยมศึกษาตอนปลาย  สายสามัญ,ไตรมาส 4,1452,อื่นๆ,กรุงเทพมหานคร,40.7,พันคน,สำนักงานสถิติแห่งชาติ
2564,มัธยมศึกษาตอนปลาย  สายอาชีวศึกษา,ไตรมาส 4,1453,อื่นๆ,กรุงเทพมหานคร,27.6,พันคน,สำนักงานสถิติแห่งชาติ
2564,มัธยมศึกษาตอนปลาย  สายวิชาการศึกษา,ไตรมาส 4,1454,อื่นๆ,กรุงเทพมหานคร,0.0,พันคน,สำนักงานสถิติแห่งชาติ
2564,อุดมศึกษา สายวิชาการ,ไตรมาส 4,1455,อื่นๆ,กรุงเทพมหานคร,181.6,พันคน,สำนักงานสถิติแห่งชาติ
2564,อุดมศึกษา สายวิชาชีพ,ไตรมาส 4,1456,อื่นๆ,กรุงเทพมหานคร,21.6,พันคน,สำนักงานสถิติแห่งชาติ
2564,อุดมศึกษา สายวิชาการศึกษา,ไตรมาส 4,1457,อื่นๆ,กรุงเทพมหานคร,31.4,พันคน,สำนักงานสถิติแห่งชาติ
2564,การศึกษาอื่นๆ,ไตรมาส 4,1458,อื่นๆ,กรุงเทพมหานคร,0.0,พันคน,สำนักงานสถิติแห่งชาติ
2564,ไม่ทราบ,ไตรมาส 4,1459,อื่นๆ,กรุงเทพมหานคร,1.8,พันคน,สำนักงานสถิติแห่งชาติ
2564,ไม่มีการศึกษา,ไตรมาส 4,1460,ทำงานบ้าน,ภาคกลาง,66.5,พันคน,สำนักงานสถิติแห่งชาติ
2564,ต่ำกว่าประถมศึกษา,ไตรมาส 4,1461,ทำงานบ้าน,ภาคกลาง,377.6,พันคน,สำนักงานสถิติแห่งชาติ
2564,ประถมศึกษา,ไตรมาส 4,1462,ทำงานบ้าน,ภาคกลาง,384.3,พันคน,สำนักงานสถิติแห่งชาติ
2564,มัธยมศึกษาตอนต้น,ไตรมาส 4,1463,ทำงานบ้าน,ภาคกลาง,293.1,พันคน,สำนักงานสถิติแห่งชาติ
2564,มัธยมศึกษาตอนปลาย  สายสามัญ,ไตรมาส 4,1464,ทำงานบ้าน,ภาคกลาง,232.5,พันคน,สำนักงานสถิติแห่งชาติ
2564,มัธยมศึกษาตอนปลาย  สายอาชีวศึกษา,ไตรมาส 4,1465,ทำงานบ้าน,ภาคกลาง,66.3,พันคน,สำนักงานสถิติแห่งชาติ
2564,มัธยมศึกษาตอนปลาย  สายวิชาการศึกษา,ไตรมาส 4,1466,ทำงานบ้าน,ภาคกลาง,0.1,พันคน,สำนักงานสถิติแห่งชาติ
2564,อุดมศึกษา สายวิชาการ,ไตรมาส 4,1467,ทำงานบ้าน,ภาคกลาง,166.4,พันคน,สำนักงานสถิติแห่งชาติ
2564,อุดมศึกษา สายวิชาชีพ,ไตรมาส 4,1468,ทำงานบ้าน,ภาคกลาง,65.8,พันคน,สำนักงานสถิติแห่งชาติ
2564,อุดมศึกษา สายวิชาการศึกษา,ไตรมาส 4,1469,ทำงานบ้าน,ภาคกลาง,16.1,พันคน,สำนักงานสถิติแห่งชาติ
2564,การศึกษาอื่นๆ,ไตรมาส 4,1470,ทำงานบ้าน,ภาคกลาง,4.7,พันคน,สำนักงานสถิติแห่งชาติ
2564,ไม่ทราบ,ไตรมาส 4,1471,ทำงานบ้าน,ภาคกลาง,11.0,พันคน,สำนักงานสถิติแห่งชาติ
2564,ไม่มีการศึกษา,ไตรมาส 4,1472,เรียนหนังสือ,ภาคกลาง,0.2,พันคน,สำนักงานสถิติแห่งชาติ
2564,ต่ำกว่าประถมศึกษา,ไตรมาส 4,1473,เรียนหนังสือ,ภาคกลาง,1.2,พันคน,สำนักงานสถิติแห่งชาติ
2564,ประถมศึกษา,ไตรมาส 4,1474,เรียนหนังสือ,ภาคกลาง,162.2,พันคน,สำนักงานสถิติแห่งชาติ
2564,มัธยมศึกษาตอนต้น,ไตรมาส 4,1475,เรียนหนังสือ,ภาคกลาง,584.9,พันคน,สำนักงานสถิติแห่งชาติ
2564,มัธยมศึกษาตอนปลาย  สายสามัญ,ไตรมาส 4,1476,เรียนหนังสือ,ภาคกลาง,336.9,พันคน,สำนักงานสถิติแห่งชาติ
2564,มัธยมศึกษาตอนปลาย  สายอาชีวศึกษา,ไตรมาส 4,1477,เรียนหนังสือ,ภาคกลาง,71.3,พันคน,สำนักงานสถิติแห่งชาติ
2564,มัธยมศึกษาตอนปลาย  สายวิชาการศึกษา,ไตรมาส 4,1478,เรียนหนังสือ,ภาคกลาง,0.0,พันคน,สำนักงานสถิติแห่งชาติ
2564,อุดมศึกษา สายวิชาการ,ไตรมาส 4,1479,เรียนหนังสือ,ภาคกลาง,3.1,พันคน,สำนักงานสถิติแห่งชาติ
2564,อุดมศึกษา สายวิชาชีพ,ไตรมาส 4,1480,เรียนหนังสือ,ภาคกลาง,6.1,พันคน,สำนักงานสถิติแห่งชาติ
2564,อุดมศึกษา สายวิชาการศึกษา,ไตรมาส 4,1481,เรียนหนังสือ,ภาคกลาง,0.0,พันคน,สำนักงานสถิติแห่งชาติ
2564,การศึกษาอื่นๆ,ไตรมาส 4,1482,เรียนหนังสือ,ภาคกลาง,0.0,พันคน,สำนักงานสถิติแห่งชาติ
2564,ไม่ทราบ,ไตรมาส 4,1483,เรียนหนังสือ,ภาคกลาง,0.0,พันคน,สำนักงานสถิติแห่งชาติ
2564,ไม่มีการศึกษา,ไตรมาส 4,1484,ยังเด็กชรา/ไม่สามารถทำงานได้,ภาคกลาง,193.1,พันคน,สำนักงานสถิติแห่งชาติ
2564,ต่ำกว่าประถมศึกษา,ไตรมาส 4,1485,ยังเด็กชรา/ไม่สามารถทำงานได้,ภาคกลาง,1209.9,พันคน,สำนักงานสถิติแห่งชาติ
2564,ประถมศึกษา,ไตรมาส 4,1486,ยังเด็กชรา/ไม่สามารถทำงานได้,ภาคกลาง,207.2,พันคน,สำนักงานสถิติแห่งชาติ
2564,มัธยมศึกษาตอนต้น,ไตรมาส 4,1487,ยังเด็กชรา/ไม่สามารถทำงานได้,ภาคกลาง,111.5,พันคน,สำนักงานสถิติแห่งชาติ
2564,มัธยมศึกษาตอนปลาย  สายสามัญ,ไตรมาส 4,1488,ยังเด็กชรา/ไม่สามารถทำงานได้,ภาคกลาง,68.5,พันคน,สำนักงานสถิติแห่งชาติ
2564,มัธยมศึกษาตอนปลาย  สายอาชีวศึกษา,ไตรมาส 4,1489,ยังเด็กชรา/ไม่สามารถทำงานได้,ภาคกลาง,36.2,พันคน,สำนักงานสถิติแห่งชาติ
2564,มัธยมศึกษาตอนปลาย  สายวิชาการศึกษา,ไตรมาส 4,1490,ยังเด็กชรา/ไม่สามารถทำงานได้,ภาคกลาง,0.4,พันคน,สำนักงานสถิติแห่งชาติ
2564,อุดมศึกษา สายวิชาการ,ไตรมาส 4,1491,ยังเด็กชรา/ไม่สามารถทำงานได้,ภาคกลาง,57.7,พันคน,สำนักงานสถิติแห่งชาติ
2564,อุดมศึกษา สายวิชาชีพ,ไตรมาส 4,1492,ยังเด็กชรา/ไม่สามารถทำงานได้,ภาคกลาง,14.3,พันคน,สำนักงานสถิติแห่งชาติ
2564,อุดมศึกษา สายวิชาการศึกษา,ไตรมาส 4,1493,ยังเด็กชรา/ไม่สามารถทำงานได้,ภาคกลาง,14.7,พันคน,สำนักงานสถิติแห่งชาติ
2564,การศึกษาอื่นๆ,ไตรมาส 4,1494,ยังเด็กชรา/ไม่สามารถทำงานได้,ภาคกลาง,0.4,พันคน,สำนักงานสถิติแห่งชาติ
2564,ไม่ทราบ,ไตรมาส 4,1495,ยังเด็กชรา/ไม่สามารถทำงานได้,ภาคกลาง,3.9,พันคน,สำนักงานสถิติแห่งชาติ
2564,ไม่มีการศึกษา,ไตรมาส 4,1496,อื่นๆ,ภาคกลาง,4.6,พันคน,สำนักงานสถิติแห่งชาติ
2564,ต่ำกว่าประถมศึกษา,ไตรมาส 4,1497,อื่นๆ,ภาคกลาง,57.4,พันคน,สำนักงานสถิติแห่งชาติ
2564,ประถมศึกษา,ไตรมาส 4,1498,อื่นๆ,ภาคกลาง,71.7,พันคน,สำนักงานสถิติแห่งชาติ
2564,มัธยมศึกษาตอนต้น,ไตรมาส 4,1499,อื่นๆ,ภาคกลาง,109.8,พันคน,สำนักงานสถิติแห่งชาติ
2564,มัธยมศึกษาตอนปลาย  สายสามัญ,ไตรมาส 4,1500,อื่นๆ,ภาคกลาง,85.6,พันคน,สำนักงานสถิติแห่งชาติ
2564,มัธยมศึกษาตอนปลาย  สายอาชีวศึกษา,ไตรมาส 4,1501,อื่นๆ,ภาคกลาง,45.0,พันคน,สำนักงานสถิติแห่งชาติ
2564,มัธยมศึกษาตอนปลาย  สายวิชาการศึกษา,ไตรมาส 4,1502,อื่นๆ,ภาคกลาง,0.5,พันคน,สำนักงานสถิติแห่งชาติ
2564,อุดมศึกษา สายวิชาการ,ไตรมาส 4,1503,อื่นๆ,ภาคกลาง,161.5,พันคน,สำนักงานสถิติแห่งชาติ
2564,อุดมศึกษา สายวิชาชีพ,ไตรมาส 4,1504,อื่นๆ,ภาคกลาง,29.3,พันคน,สำนักงานสถิติแห่งชาติ
2564,อุดมศึกษา สายวิชาการศึกษา,ไตรมาส 4,1505,อื่นๆ,ภาคกลาง,80.4,พันคน,สำนักงานสถิติแห่งชาติ
2564,การศึกษาอื่นๆ,ไตรมาส 4,1506,อื่นๆ,ภาคกลาง,0.0,พันคน,สำนักงานสถิติแห่งชาติ
2564,ไม่ทราบ,ไตรมาส 4,1507,อื่นๆ,ภาคกลาง,4.1,พันคน,สำนักงานสถิติแห่งชาติ
2564,ไม่มีการศึกษา,ไตรมาส 4,1508,ทำงานบ้าน,ภาคเหนือ,71.0,พันคน,สำนักงานสถิติแห่งชาติ
2564,ต่ำกว่าประถมศึกษา,ไตรมาส 4,1509,ทำงานบ้าน,ภาคเหนือ,307.3,พันคน,สำนักงานสถิติแห่งชาติ
2564,ประถมศึกษา,ไตรมาส 4,1510,ทำงานบ้าน,ภาคเหนือ,143.2,พันคน,สำนักงานสถิติแห่งชาติ
2564,มัธยมศึกษาตอนต้น,ไตรมาส 4,1511,ทำงานบ้าน,ภาคเหนือ,137.1,พันคน,สำนักงานสถิติแห่งชาติ
2564,มัธยมศึกษาตอนปลาย  สายสามัญ,ไตรมาส 4,1512,ทำงานบ้าน,ภาคเหนือ,103.4,พันคน,สำนักงานสถิติแห่งชาติ
2564,มัธยมศึกษาตอนปลาย  สายอาชีวศึกษา,ไตรมาส 4,1513,ทำงานบ้าน,ภาคเหนือ,33.4,พันคน,สำนักงานสถิติแห่งชาติ
2564,มัธยมศึกษาตอนปลาย  สายวิชาการศึกษา,ไตรมาส 4,1514,ทำงานบ้าน,ภาคเหนือ,0.7,พันคน,สำนักงานสถิติแห่งชาติ
2564,อุดมศึกษา สายวิชาการ,ไตรมาส 4,1515,ทำงานบ้าน,ภาคเหนือ,50.4,พันคน,สำนักงานสถิติแห่งชาติ
2564,อุดมศึกษา สายวิชาชีพ,ไตรมาส 4,1516,ทำงานบ้าน,ภาคเหนือ,21.0,พันคน,สำนักงานสถิติแห่งชาติ
2564,อุดมศึกษา สายวิชาการศึกษา,ไตรมาส 4,1517,ทำงานบ้าน,ภาคเหนือ,11.3,พันคน,สำนักงานสถิติแห่งชาติ
2564,การศึกษาอื่นๆ,ไตรมาส 4,1518,ทำงานบ้าน,ภาคเหนือ,1.6,พันคน,สำนักงานสถิติแห่งชาติ
2564,ไม่ทราบ,ไตรมาส 4,1519,ทำงานบ้าน,ภาคเหนือ,0.2,พันคน,สำนักงานสถิติแห่งชาติ
2564,ไม่มีการศึกษา,ไตรมาส 4,1520,เรียนหนังสือ,ภาคเหนือ,0.8,พันคน,สำนักงานสถิติแห่งชาติ
2564,ต่ำกว่าประถมศึกษา,ไตรมาส 4,1521,เรียนหนังสือ,ภาคเหนือ,1.4,พันคน,สำนักงานสถิติแห่งชาติ
2564,ประถมศึกษา,ไตรมาส 4,1522,เรียนหนังสือ,ภาคเหนือ,111.5,พันคน,สำนักงานสถิติแห่งชาติ
2564,มัธยมศึกษาตอนต้น,ไตรมาส 4,1523,เรียนหนังสือ,ภาคเหนือ,384.0,พันคน,สำนักงานสถิติแห่งชาติ
2564,มัธยมศึกษาตอนปลาย  สายสามัญ,ไตรมาส 4,1524,เรียนหนังสือ,ภาคเหนือ,161.2,พันคน,สำนักงานสถิติแห่งชาติ
2564,มัธยมศึกษาตอนปลาย  สายอาชีวศึกษา,ไตรมาส 4,1525,เรียนหนังสือ,ภาคเหนือ,38.9,พันคน,สำนักงานสถิติแห่งชาติ
2564,มัธยมศึกษาตอนปลาย  สายวิชาการศึกษา,ไตรมาส 4,1526,เรียนหนังสือ,ภาคเหนือ,0.0,พันคน,สำนักงานสถิติแห่งชาติ
2564,อุดมศึกษา สายวิชาการ,ไตรมาส 4,1527,เรียนหนังสือ,ภาคเหนือ,1.4,พันคน,สำนักงานสถิติแห่งชาติ
2564,อุดมศึกษา สายวิชาชีพ,ไตรมาส 4,1528,เรียนหนังสือ,ภาคเหนือ,8.4,พันคน,สำนักงานสถิติแห่งชาติ
2564,อุดมศึกษา สายวิชาการศึกษา,ไตรมาส 4,1529,เรียนหนังสือ,ภาคเหนือ,1.8,พันคน,สำนักงานสถิติแห่งชาติ
2564,การศึกษาอื่นๆ,ไตรมาส 4,1530,เรียนหนังสือ,ภาคเหนือ,0.0,พันคน,สำนักงานสถิติแห่งชาติ
2564,ไม่ทราบ,ไตรมาส 4,1531,เรียนหนังสือ,ภาคเหนือ,0.0,พันคน,สำนักงานสถิติแห่งชาติ
2564,ไม่มีการศึกษา,ไตรมาส 4,1532,ยังเด็กชรา/ไม่สามารถทำงานได้,ภาคเหนือ,274.2,พันคน,สำนักงานสถิติแห่งชาติ
2564,ต่ำกว่าประถมศึกษา,ไตรมาส 4,1533,ยังเด็กชรา/ไม่สามารถทำงานได้,ภาคเหนือ,903.9,พันคน,สำนักงานสถิติแห่งชาติ
2564,ประถมศึกษา,ไตรมาส 4,1534,ยังเด็กชรา/ไม่สามารถทำงานได้,ภาคเหนือ,83.4,พันคน,สำนักงานสถิติแห่งชาติ
2564,มัธยมศึกษาตอนต้น,ไตรมาส 4,1535,ยังเด็กชรา/ไม่สามารถทำงานได้,ภาคเหนือ,52.2,พันคน,สำนักงานสถิติแห่งชาติ
2564,มัธยมศึกษาตอนปลาย  สายสามัญ,ไตรมาส 4,1536,ยังเด็กชรา/ไม่สามารถทำงานได้,ภาคเหนือ,37.3,พันคน,สำนักงานสถิติแห่งชาติ
2564,มัธยมศึกษาตอนปลาย  สายอาชีวศึกษา,ไตรมาส 4,1537,ยังเด็กชรา/ไม่สามารถทำงานได้,ภาคเหนือ,8.2,พันคน,สำนักงานสถิติแห่งชาติ
2564,มัธยมศึกษาตอนปลาย  สายวิชาการศึกษา,ไตรมาส 4,1538,ยังเด็กชรา/ไม่สามารถทำงานได้,ภาคเหนือ,0.1,พันคน,สำนักงานสถิติแห่งชาติ
2564,อุดมศึกษา สายวิชาการ,ไตรมาส 4,1539,ยังเด็กชรา/ไม่สามารถทำงานได้,ภาคเหนือ,18.0,พันคน,สำนักงานสถิติแห่งชาติ
2564,อุดมศึกษา สายวิชาชีพ,ไตรมาส 4,1540,ยังเด็กชรา/ไม่สามารถทำงานได้,ภาคเหนือ,9.9,พันคน,สำนักงานสถิติแห่งชาติ
2564,อุดมศึกษา สายวิชาการศึกษา,ไตรมาส 4,1541,ยังเด็กชรา/ไม่สามารถทำงานได้,ภาคเหนือ,3.7,พันคน,สำนักงานสถิติแห่งชาติ
2564,การศึกษาอื่นๆ,ไตรมาส 4,1542,ยังเด็กชรา/ไม่สามารถทำงานได้,ภาคเหนือ,0.2,พันคน,สำนักงานสถิติแห่งชาติ
2564,ไม่ทราบ,ไตรมาส 4,1543,ยังเด็กชรา/ไม่สามารถทำงานได้,ภาคเหนือ,0.4,พันคน,สำนักงานสถิติแห่งชาติ
2564,ไม่มีการศึกษา,ไตรมาส 4,1544,อื่นๆ,ภาคเหนือ,4.6,พันคน,สำนักงานสถิติแห่งชาติ
2564,ต่ำกว่าประถมศึกษา,ไตรมาส 4,1545,อื่นๆ,ภาคเหนือ,17.0,พันคน,สำนักงานสถิติแห่งชาติ
2564,ประถมศึกษา,ไตรมาส 4,1546,อื่นๆ,ภาคเหนือ,19.7,พันคน,สำนักงานสถิติแห่งชาติ
2564,มัธยมศึกษาตอนต้น,ไตรมาส 4,1547,อื่นๆ,ภาคเหนือ,36.0,พันคน,สำนักงานสถิติแห่งชาติ
2564,มัธยมศึกษาตอนปลาย  สายสามัญ,ไตรมาส 4,1548,อื่นๆ,ภาคเหนือ,36.6,พันคน,สำนักงานสถิติแห่งชาติ
2564,มัธยมศึกษาตอนปลาย  สายอาชีวศึกษา,ไตรมาส 4,1549,อื่นๆ,ภาคเหนือ,12.1,พันคน,สำนักงานสถิติแห่งชาติ
2564,มัธยมศึกษาตอนปลาย  สายวิชาการศึกษา,ไตรมาส 4,1550,อื่นๆ,ภาคเหนือ,1.6,พันคน,สำนักงานสถิติแห่งชาติ
2564,อุดมศึกษา สายวิชาการ,ไตรมาส 4,1551,อื่นๆ,ภาคเหนือ,81.0,พันคน,สำนักงานสถิติแห่งชาติ
2564,อุดมศึกษา สายวิชาชีพ,ไตรมาส 4,1552,อื่นๆ,ภาคเหนือ,14.4,พันคน,สำนักงานสถิติแห่งชาติ
2564,อุดมศึกษา สายวิชาการศึกษา,ไตรมาส 4,1553,อื่นๆ,ภาคเหนือ,51.5,พันคน,สำนักงานสถิติแห่งชาติ
2564,การศึกษาอื่นๆ,ไตรมาส 4,1554,อื่นๆ,ภาคเหนือ,0.0,พันคน,สำนักงานสถิติแห่งชาติ
2564,ไม่ทราบ,ไตรมาส 4,1555,อื่นๆ,ภาคเหนือ,0.7,พันคน,สำนักงานสถิติแห่งชาติ
2564,ไม่มีการศึกษา,ไตรมาส 4,1556,ทำงานบ้าน,ภาคตะวันออกเฉียงเหนือ,14.3,พันคน,สำนักงานสถิติแห่งชาติ
2564,ต่ำกว่าประถมศึกษา,ไตรมาส 4,1557,ทำงานบ้าน,ภาคตะวันออกเฉียงเหนือ,444.5,พันคน,สำนักงานสถิติแห่งชาติ
2564,ประถมศึกษา,ไตรมาส 4,1558,ทำงานบ้าน,ภาคตะวันออกเฉียงเหนือ,268.1,พันคน,สำนักงานสถิติแห่งชาติ
2564,มัธยมศึกษาตอนต้น,ไตรมาส 4,1559,ทำงานบ้าน,ภาคตะวันออกเฉียงเหนือ,200.5,พันคน,สำนักงานสถิติแห่งชาติ
2564,มัธยมศึกษาตอนปลาย  สายสามัญ,ไตรมาส 4,1560,ทำงานบ้าน,ภาคตะวันออกเฉียงเหนือ,205.7,พันคน,สำนักงานสถิติแห่งชาติ
2564,มัธยมศึกษาตอนปลาย  สายอาชีวศึกษา,ไตรมาส 4,1561,ทำงานบ้าน,ภาคตะวันออกเฉียงเหนือ,42.0,พันคน,สำนักงานสถิติแห่งชาติ
2564,มัธยมศึกษาตอนปลาย  สายวิชาการศึกษา,ไตรมาส 4,1562,ทำงานบ้าน,ภาคตะวันออกเฉียงเหนือ,0.0,พันคน,สำนักงานสถิติแห่งชาติ
2564,อุดมศึกษา สายวิชาการ,ไตรมาส 4,1563,ทำงานบ้าน,ภาคตะวันออกเฉียงเหนือ,55.8,พันคน,สำนักงานสถิติแห่งชาติ
2564,อุดมศึกษา สายวิชาชีพ,ไตรมาส 4,1564,ทำงานบ้าน,ภาคตะวันออกเฉียงเหนือ,43.7,พันคน,สำนักงานสถิติแห่งชาติ
2564,อุดมศึกษา สายวิชาการศึกษา,ไตรมาส 4,1565,ทำงานบ้าน,ภาคตะวันออกเฉียงเหนือ,14.2,พันคน,สำนักงานสถิติแห่งชาติ
2564,การศึกษาอื่นๆ,ไตรมาส 4,1566,ทำงานบ้าน,ภาคตะวันออกเฉียงเหนือ,0.0,พันคน,สำนักงานสถิติแห่งชาติ
2564,ไม่ทราบ,ไตรมาส 4,1567,ทำงานบ้าน,ภาคตะวันออกเฉียงเหนือ,0.4,พันคน,สำนักงานสถิติแห่งชาติ
2564,ไม่มีการศึกษา,ไตรมาส 4,1568,เรียนหนังสือ,ภาคตะวันออกเฉียงเหนือ,0.2,พันคน,สำนักงานสถิติแห่งชาติ
2564,ต่ำกว่าประถมศึกษา,ไตรมาส 4,1569,เรียนหนังสือ,ภาคตะวันออกเฉียงเหนือ,1.7,พันคน,สำนักงานสถิติแห่งชาติ
2564,ประถมศึกษา,ไตรมาส 4,1570,เรียนหนังสือ,ภาคตะวันออกเฉียงเหนือ,245.3,พันคน,สำนักงานสถิติแห่งชาติ
2564,มัธยมศึกษาตอนต้น,ไตรมาส 4,1571,เรียนหนังสือ,ภาคตะวันออกเฉียงเหนือ,773.2,พันคน,สำนักงานสถิติแห่งชาติ
2564,มัธยมศึกษาตอนปลาย  สายสามัญ,ไตรมาส 4,1572,เรียนหนังสือ,ภาคตะวันออกเฉียงเหนือ,282.5,พันคน,สำนักงานสถิติแห่งชาติ
2564,มัธยมศึกษาตอนปลาย  สายอาชีวศึกษา,ไตรมาส 4,1573,เรียนหนังสือ,ภาคตะวันออกเฉียงเหนือ,80.6,พันคน,สำนักงานสถิติแห่งชาติ
2564,มัธยมศึกษาตอนปลาย  สายวิชาการศึกษา,ไตรมาส 4,1574,เรียนหนังสือ,ภาคตะวันออกเฉียงเหนือ,0.0,พันคน,สำนักงานสถิติแห่งชาติ
2564,อุดมศึกษา สายวิชาการ,ไตรมาส 4,1575,เรียนหนังสือ,ภาคตะวันออกเฉียงเหนือ,3.2,พันคน,สำนักงานสถิติแห่งชาติ
2564,อุดมศึกษา สายวิชาชีพ,ไตรมาส 4,1576,เรียนหนังสือ,ภาคตะวันออกเฉียงเหนือ,8.0,พันคน,สำนักงานสถิติแห่งชาติ
2564,อุดมศึกษา สายวิชาการศึกษา,ไตรมาส 4,1577,เรียนหนังสือ,ภาคตะวันออกเฉียงเหนือ,0.0,พันคน,สำนักงานสถิติแห่งชาติ
2564,การศึกษาอื่นๆ,ไตรมาส 4,1578,เรียนหนังสือ,ภาคตะวันออกเฉียงเหนือ,0.0,พันคน,สำนักงานสถิติแห่งชาติ
2564,ไม่ทราบ,ไตรมาส 4,1579,เรียนหนังสือ,ภาคตะวันออกเฉียงเหนือ,0.0,พันคน,สำนักงานสถิติแห่งชาติ
2564,ไม่มีการศึกษา,ไตรมาส 4,1580,ยังเด็กชรา/ไม่สามารถทำงานได้,ภาคตะวันออกเฉียงเหนือ,165.8,พันคน,สำนักงานสถิติแห่งชาติ
2564,ต่ำกว่าประถมศึกษา,ไตรมาส 4,1581,ยังเด็กชรา/ไม่สามารถทำงานได้,ภาคตะวันออกเฉียงเหนือ,1655.7,พันคน,สำนักงานสถิติแห่งชาติ
2564,ประถมศึกษา,ไตรมาส 4,1582,ยังเด็กชรา/ไม่สามารถทำงานได้,ภาคตะวันออกเฉียงเหนือ,179.3,พันคน,สำนักงานสถิติแห่งชาติ
2564,มัธยมศึกษาตอนต้น,ไตรมาส 4,1583,ยังเด็กชรา/ไม่สามารถทำงานได้,ภาคตะวันออกเฉียงเหนือ,80.4,พันคน,สำนักงานสถิติแห่งชาติ
2564,มัธยมศึกษาตอนปลาย  สายสามัญ,ไตรมาส 4,1584,ยังเด็กชรา/ไม่สามารถทำงานได้,ภาคตะวันออกเฉียงเหนือ,55.5,พันคน,สำนักงานสถิติแห่งชาติ
2564,มัธยมศึกษาตอนปลาย  สายอาชีวศึกษา,ไตรมาส 4,1585,ยังเด็กชรา/ไม่สามารถทำงานได้,ภาคตะวันออกเฉียงเหนือ,6.8,พันคน,สำนักงานสถิติแห่งชาติ
2564,มัธยมศึกษาตอนปลาย  สายวิชาการศึกษา,ไตรมาส 4,1586,ยังเด็กชรา/ไม่สามารถทำงานได้,ภาคตะวันออกเฉียงเหนือ,0.0,พันคน,สำนักงานสถิติแห่งชาติ
2564,อุดมศึกษา สายวิชาการ,ไตรมาส 4,1587,ยังเด็กชรา/ไม่สามารถทำงานได้,ภาคตะวันออกเฉียงเหนือ,9.3,พันคน,สำนักงานสถิติแห่งชาติ
2564,อุดมศึกษา สายวิชาชีพ,ไตรมาส 4,1588,ยังเด็กชรา/ไม่สามารถทำงานได้,ภาคตะวันออกเฉียงเหนือ,4.8,พันคน,สำนักงานสถิติแห่งชาติ
2564,อุดมศึกษา สายวิชาการศึกษา,ไตรมาส 4,1589,ยังเด็กชรา/ไม่สามารถทำงานได้,ภาคตะวันออกเฉียงเหนือ,4.8,พันคน,สำนักงานสถิติแห่งชาติ
2564,การศึกษาอื่นๆ,ไตรมาส 4,1590,ยังเด็กชรา/ไม่สามารถทำงานได้,ภาคตะวันออกเฉียงเหนือ,0.0,พันคน,สำนักงานสถิติแห่งชาติ
2564,ไม่ทราบ,ไตรมาส 4,1591,ยังเด็กชรา/ไม่สามารถทำงานได้,ภาคตะวันออกเฉียงเหนือ,0.8,พันคน,สำนักงานสถิติแห่งชาติ
2564,ไม่มีการศึกษา,ไตรมาส 4,1592,อื่นๆ,ภาคตะวันออกเฉียงเหนือ,3.7,พันคน,สำนักงานสถิติแห่งชาติ
2564,ต่ำกว่าประถมศึกษา,ไตรมาส 4,1593,อื่นๆ,ภาคตะวันออกเฉียงเหนือ,49.4,พันคน,สำนักงานสถิติแห่งชาติ
2564,ประถมศึกษา,ไตรมาส 4,1594,อื่นๆ,ภาคตะวันออกเฉียงเหนือ,77.7,พันคน,สำนักงานสถิติแห่งชาติ
2564,มัธยมศึกษาตอนต้น,ไตรมาส 4,1595,อื่นๆ,ภาคตะวันออกเฉียงเหนือ,80.4,พันคน,สำนักงานสถิติแห่งชาติ
2564,มัธยมศึกษาตอนปลาย  สายสามัญ,ไตรมาส 4,1596,อื่นๆ,ภาคตะวันออกเฉียงเหนือ,70.0,พันคน,สำนักงานสถิติแห่งชาติ
2564,มัธยมศึกษาตอนปลาย  สายอาชีวศึกษา,ไตรมาส 4,1597,อื่นๆ,ภาคตะวันออกเฉียงเหนือ,21.0,พันคน,สำนักงานสถิติแห่งชาติ
2564,มัธยมศึกษาตอนปลาย  สายวิชาการศึกษา,ไตรมาส 4,1598,อื่นๆ,ภาคตะวันออกเฉียงเหนือ,0.0,พันคน,สำนักงานสถิติแห่งชาติ
2564,อุดมศึกษา สายวิชาการ,ไตรมาส 4,1599,อื่นๆ,ภาคตะวันออกเฉียงเหนือ,95.2,พันคน,สำนักงานสถิติแห่งชาติ
2564,อุดมศึกษา สายวิชาชีพ,ไตรมาส 4,1600,อื่นๆ,ภาคตะวันออกเฉียงเหนือ,25.7,พันคน,สำนักงานสถิติแห่งชาติ
2564,อุดมศึกษา สายวิชาการศึกษา,ไตรมาส 4,1601,อื่นๆ,ภาคตะวันออกเฉียงเหนือ,76.6,พันคน,สำนักงานสถิติแห่งชาติ
2564,การศึกษาอื่นๆ,ไตรมาส 4,1602,อื่นๆ,ภาคตะวันออกเฉียงเหนือ,0.0,พันคน,สำนักงานสถิติแห่งชาติ
2564,ไม่ทราบ,ไตรมาส 4,1603,อื่นๆ,ภาคตะวันออกเฉียงเหนือ,0.3,พันคน,สำนักงานสถิติแห่งชาติ
2564,ไม่มีการศึกษา,ไตรมาส 4,1604,ทำงานบ้าน,ภาคใต้,34.8,พันคน,สำนักงานสถิติแห่งชาติ
2564,ต่ำกว่าประถมศึกษา,ไตรมาส 4,1605,ทำงานบ้าน,ภาคใต้,188.0,พันคน,สำนักงานสถิติแห่งชาติ
2564,ประถมศึกษา,ไตรมาส 4,1606,ทำงานบ้าน,ภาคใต้,164.3,พันคน,สำนักงานสถิติแห่งชาติ
2564,มัธยมศึกษาตอนต้น,ไตรมาส 4,1607,ทำงานบ้าน,ภาคใต้,128.1,พันคน,สำนักงานสถิติแห่งชาติ
2564,มัธยมศึกษาตอนปลาย  สายสามัญ,ไตรมาส 4,1608,ทำงานบ้าน,ภาคใต้,118.0,พันคน,สำนักงานสถิติแห่งชาติ
2564,มัธยมศึกษาตอนปลาย  สายอาชีวศึกษา,ไตรมาส 4,1609,ทำงานบ้าน,ภาคใต้,24.1,พันคน,สำนักงานสถิติแห่งชาติ
2564,มัธยมศึกษาตอนปลาย  สายวิชาการศึกษา,ไตรมาส 4,1610,ทำงานบ้าน,ภาคใต้,0.0,พันคน,สำนักงานสถิติแห่งชาติ
2564,อุดมศึกษา สายวิชาการ,ไตรมาส 4,1611,ทำงานบ้าน,ภาคใต้,67.6,พันคน,สำนักงานสถิติแห่งชาติ
2564,อุดมศึกษา สายวิชาชีพ,ไตรมาส 4,1612,ทำงานบ้าน,ภาคใต้,27.9,พันคน,สำนักงานสถิติแห่งชาติ
2564,อุดมศึกษา สายวิชาการศึกษา,ไตรมาส 4,1613,ทำงานบ้าน,ภาคใต้,9.9,พันคน,สำนักงานสถิติแห่งชาติ
2564,การศึกษาอื่นๆ,ไตรมาส 4,1614,ทำงานบ้าน,ภาคใต้,0.0,พันคน,สำนักงานสถิติแห่งชาติ
2564,ไม่ทราบ,ไตรมาส 4,1615,ทำงานบ้าน,ภาคใต้,0.8,พันคน,สำนักงานสถิติแห่งชาติ
2564,ไม่มีการศึกษา,ไตรมาส 4,1616,เรียนหนังสือ,ภาคใต้,0.0,พันคน,สำนักงานสถิติแห่งชาติ
2564,ต่ำกว่าประถมศึกษา,ไตรมาส 4,1617,เรียนหนังสือ,ภาคใต้,0.5,พันคน,สำนักงานสถิติแห่งชาติ
2564,ประถมศึกษา,ไตรมาส 4,1618,เรียนหนังสือ,ภาคใต้,109.8,พันคน,สำนักงานสถิติแห่งชาติ
2564,มัธยมศึกษาตอนต้น,ไตรมาส 4,1619,เรียนหนังสือ,ภาคใต้,321.9,พันคน,สำนักงานสถิติแห่งชาติ
2564,มัธยมศึกษาตอนปลาย  สายสามัญ,ไตรมาส 4,1620,เรียนหนังสือ,ภาคใต้,169.6,พันคน,สำนักงานสถิติแห่งชาติ
2564,มัธยมศึกษาตอนปลาย  สายอาชีวศึกษา,ไตรมาส 4,1621,เรียนหนังสือ,ภาคใต้,32.8,พันคน,สำนักงานสถิติแห่งชาติ
2564,มัธยมศึกษาตอนปลาย  สายวิชาการศึกษา,ไตรมาส 4,1622,เรียนหนังสือ,ภาคใต้,1.9,พันคน,สำนักงานสถิติแห่งชาติ
2564,อุดมศึกษา สายวิชาการ,ไตรมาส 4,1623,เรียนหนังสือ,ภาคใต้,1.6,พันคน,สำนักงานสถิติแห่งชาติ
2564,อุดมศึกษา สายวิชาชีพ,ไตรมาส 4,1624,เรียนหนังสือ,ภาคใต้,8.3,พันคน,สำนักงานสถิติแห่งชาติ
2564,อุดมศึกษา สายวิชาการศึกษา,ไตรมาส 4,1625,เรียนหนังสือ,ภาคใต้,0.0,พันคน,สำนักงานสถิติแห่งชาติ
2564,การศึกษาอื่นๆ,ไตรมาส 4,1626,เรียนหนังสือ,ภาคใต้,0.0,พันคน,สำนักงานสถิติแห่งชาติ
2564,ไม่ทราบ,ไตรมาส 4,1627,เรียนหนังสือ,ภาคใต้,0.0,พันคน,สำนักงานสถิติแห่งชาติ
2564,ไม่มีการศึกษา,ไตรมาส 4,1628,ยังเด็กชรา/ไม่สามารถทำงานได้,ภาคใต้,147.5,พันคน,สำนักงานสถิติแห่งชาติ
2564,ต่ำกว่าประถมศึกษา,ไตรมาส 4,1629,ยังเด็กชรา/ไม่สามารถทำงานได้,ภาคใต้,447.1,พันคน,สำนักงานสถิติแห่งชาติ
2564,ประถมศึกษา,ไตรมาส 4,1630,ยังเด็กชรา/ไม่สามารถทำงานได้,ภาคใต้,86.5,พันคน,สำนักงานสถิติแห่งชาติ
2564,มัธยมศึกษาตอนต้น,ไตรมาส 4,1631,ยังเด็กชรา/ไม่สามารถทำงานได้,ภาคใต้,33.9,พันคน,สำนักงานสถิติแห่งชาติ
2564,มัธยมศึกษาตอนปลาย  สายสามัญ,ไตรมาส 4,1632,ยังเด็กชรา/ไม่สามารถทำงานได้,ภาคใต้,23.8,พันคน,สำนักงานสถิติแห่งชาติ
2564,มัธยมศึกษาตอนปลาย  สายอาชีวศึกษา,ไตรมาส 4,1633,ยังเด็กชรา/ไม่สามารถทำงานได้,ภาคใต้,6.5,พันคน,สำนักงานสถิติแห่งชาติ
2564,มัธยมศึกษาตอนปลาย  สายวิชาการศึกษา,ไตรมาส 4,1634,ยังเด็กชรา/ไม่สามารถทำงานได้,ภาคใต้,0.3,พันคน,สำนักงานสถิติแห่งชาติ
2564,อุดมศึกษา สายวิชาการ,ไตรมาส 4,1635,ยังเด็กชรา/ไม่สามารถทำงานได้,ภาคใต้,10.0,พันคน,สำนักงานสถิติแห่งชาติ
2564,อุดมศึกษา สายวิชาชีพ,ไตรมาส 4,1636,ยังเด็กชรา/ไม่สามารถทำงานได้,ภาคใต้,7.9,พันคน,สำนักงานสถิติแห่งชาติ
2564,อุดมศึกษา สายวิชาการศึกษา,ไตรมาส 4,1637,ยังเด็กชรา/ไม่สามารถทำงานได้,ภาคใต้,6.1,พันคน,สำนักงานสถิติแห่งชาติ
2564,การศึกษาอื่นๆ,ไตรมาส 4,1638,ยังเด็กชรา/ไม่สามารถทำงานได้,ภาคใต้,2.4,พันคน,สำนักงานสถิติแห่งชาติ
2564,ไม่ทราบ,ไตรมาส 4,1639,ยังเด็กชรา/ไม่สามารถทำงานได้,ภาคใต้,3.0,พันคน,สำนักงานสถิติแห่งชาติ
2564,ไม่มีการศึกษา,ไตรมาส 4,1640,อื่นๆ,ภาคใต้,1.5,พันคน,สำนักงานสถิติแห่งชาติ
2564,ต่ำกว่าประถมศึกษา,ไตรมาส 4,1641,อื่นๆ,ภาคใต้,7.3,พันคน,สำนักงานสถิติแห่งชาติ
2564,ประถมศึกษา,ไตรมาส 4,1642,อื่นๆ,ภาคใต้,16.7,พันคน,สำนักงานสถิติแห่งชาติ
2564,มัธยมศึกษาตอนต้น,ไตรมาส 4,1643,อื่นๆ,ภาคใต้,22.3,พันคน,สำนักงานสถิติแห่งชาติ
2564,มัธยมศึกษาตอนปลาย  สายสามัญ,ไตรมาส 4,1644,อื่นๆ,ภาคใต้,28.8,พันคน,สำนักงานสถิติแห่งชาติ
2564,มัธยมศึกษาตอนปลาย  สายอาชีวศึกษา,ไตรมาส 4,1645,อื่นๆ,ภาคใต้,6.0,พันคน,สำนักงานสถิติแห่งชาติ
2564,มัธยมศึกษาตอนปลาย  สายวิชาการศึกษา,ไตรมาส 4,1646,อื่นๆ,ภาคใต้,0.0,พันคน,สำนักงานสถิติแห่งชาติ
2564,อุดมศึกษา สายวิชาการ,ไตรมาส 4,1647,อื่นๆ,ภาคใต้,43.4,พันคน,สำนักงานสถิติแห่งชาติ
2564,อุดมศึกษา สายวิชาชีพ,ไตรมาส 4,1648,อื่นๆ,ภาคใต้,9.4,พันคน,สำนักงานสถิติแห่งชาติ
2564,อุดมศึกษา สายวิชาการศึกษา,ไตรมาส 4,1649,อื่นๆ,ภาคใต้,29.2,พันคน,สำนักงานสถิติแห่งชาติ
2564,การศึกษาอื่นๆ,ไตรมาส 4,1650,อื่นๆ,ภาคใต้,0.0,พันคน,สำนักงานสถิติแห่งชาติ
2564,ไม่ทราบ,ไตรมาส 4,1651,อื่นๆ,ภาคใต้,0.6,พันคน,สำนักงานสถิติแห่งชาติ
2565,ไม่มีการศึกษา,ไตรมาส 1,1652,ทำงานบ้าน,กรุงเทพมหานคร,25.0,พันคน,สำนักงานสถิติแห่งชาติ
2565,ต่ำกว่าประถมศึกษา,ไตรมาส 1,1653,ทำงานบ้าน,กรุงเทพมหานคร,54.3,พันคน,สำนักงานสถิติแห่งชาติ
2565,ประถมศึกษา,ไตรมาส 1,1654,ทำงานบ้าน,กรุงเทพมหานคร,115.4,พันคน,สำนักงานสถิติแห่งชาติ
2565,มัธยมศึกษาตอนต้น,ไตรมาส 1,1655,ทำงานบ้าน,กรุงเทพมหานคร,83.4,พันคน,สำนักงานสถิติแห่งชาติ
2565,มัธยมศึกษาตอนปลาย  สายสามัญ,ไตรมาส 1,1656,ทำงานบ้าน,กรุงเทพมหานคร,79.6,พันคน,สำนักงานสถิติแห่งชาติ
2565,มัธยมศึกษาตอนปลาย  สายอาชีวศึกษา,ไตรมาส 1,1657,ทำงานบ้าน,กรุงเทพมหานคร,43.8,พันคน,สำนักงานสถิติแห่งชาติ
2565,มัธยมศึกษาตอนปลาย  สายวิชาการศึกษา,ไตรมาส 1,1658,ทำงานบ้าน,กรุงเทพมหานคร,0.0,พันคน,สำนักงานสถิติแห่งชาติ
2565,อุดมศึกษา สายวิชาการ,ไตรมาส 1,1659,ทำงานบ้าน,กรุงเทพมหานคร,114.5,พันคน,สำนักงานสถิติแห่งชาติ
2565,อุดมศึกษา สายวิชาชีพ,ไตรมาส 1,1660,ทำงานบ้าน,กรุงเทพมหานคร,37.8,พันคน,สำนักงานสถิติแห่งชาติ
2565,อุดมศึกษา สายวิชาการศึกษา,ไตรมาส 1,1661,ทำงานบ้าน,กรุงเทพมหานคร,9.4,พันคน,สำนักงานสถิติแห่งชาติ
2565,การศึกษาอื่นๆ,ไตรมาส 1,1662,ทำงานบ้าน,กรุงเทพมหานคร,0.0,พันคน,สำนักงานสถิติแห่งชาติ
2565,ไม่ทราบ,ไตรมาส 1,1663,ทำงานบ้าน,กรุงเทพมหานคร,2.4,พันคน,สำนักงานสถิติแห่งชาติ
2565,ไม่มีการศึกษา,ไตรมาส 1,1664,เรียนหนังสือ,กรุงเทพมหานคร,0.0,พันคน,สำนักงานสถิติแห่งชาติ
2565,ต่ำกว่าประถมศึกษา,ไตรมาส 1,1665,เรียนหนังสือ,กรุงเทพมหานคร,0.0,พันคน,สำนักงานสถิติแห่งชาติ
2565,ประถมศึกษา,ไตรมาส 1,1666,เรียนหนังสือ,กรุงเทพมหานคร,60.5,พันคน,สำนักงานสถิติแห่งชาติ
2565,มัธยมศึกษาตอนต้น,ไตรมาส 1,1667,เรียนหนังสือ,กรุงเทพมหานคร,184.7,พันคน,สำนักงานสถิติแห่งชาติ
2565,มัธยมศึกษาตอนปลาย  สายสามัญ,ไตรมาส 1,1668,เรียนหนังสือ,กรุงเทพมหานคร,224.0,พันคน,สำนักงานสถิติแห่งชาติ
2565,มัธยมศึกษาตอนปลาย  สายอาชีวศึกษา,ไตรมาส 1,1669,เรียนหนังสือ,กรุงเทพมหานคร,18.1,พันคน,สำนักงานสถิติแห่งชาติ
2565,มัธยมศึกษาตอนปลาย  สายวิชาการศึกษา,ไตรมาส 1,1670,เรียนหนังสือ,กรุงเทพมหานคร,0.0,พันคน,สำนักงานสถิติแห่งชาติ
2565,อุดมศึกษา สายวิชาการ,ไตรมาส 1,1671,เรียนหนังสือ,กรุงเทพมหานคร,9.5,พันคน,สำนักงานสถิติแห่งชาติ
2565,อุดมศึกษา สายวิชาชีพ,ไตรมาส 1,1672,เรียนหนังสือ,กรุงเทพมหานคร,1.2,พันคน,สำนักงานสถิติแห่งชาติ
2565,อุดมศึกษา สายวิชาการศึกษา,ไตรมาส 1,1673,เรียนหนังสือ,กรุงเทพมหานคร,1.6,พันคน,สำนักงานสถิติแห่งชาติ
2565,การศึกษาอื่นๆ,ไตรมาส 1,1674,เรียนหนังสือ,กรุงเทพมหานคร,0.0,พันคน,สำนักงานสถิติแห่งชาติ
2565,ไม่ทราบ,ไตรมาส 1,1675,เรียนหนังสือ,กรุงเทพมหานคร,0.0,พันคน,สำนักงานสถิติแห่งชาติ
2565,ไม่มีการศึกษา,ไตรมาส 1,1676,ยังเด็กชรา/ไม่สามารถทำงานได้,กรุงเทพมหานคร,65.2,พันคน,สำนักงานสถิติแห่งชาติ
2565,ต่ำกว่าประถมศึกษา,ไตรมาส 1,1677,ยังเด็กชรา/ไม่สามารถทำงานได้,กรุงเทพมหานคร,236.0,พันคน,สำนักงานสถิติแห่งชาติ
2565,ประถมศึกษา,ไตรมาส 1,1678,ยังเด็กชรา/ไม่สามารถทำงานได้,กรุงเทพมหานคร,118.9,พันคน,สำนักงานสถิติแห่งชาติ
2565,มัธยมศึกษาตอนต้น,ไตรมาส 1,1679,ยังเด็กชรา/ไม่สามารถทำงานได้,กรุงเทพมหานคร,69.4,พันคน,สำนักงานสถิติแห่งชาติ
2565,มัธยมศึกษาตอนปลาย  สายสามัญ,ไตรมาส 1,1680,ยังเด็กชรา/ไม่สามารถทำงานได้,กรุงเทพมหานคร,60.4,พันคน,สำนักงานสถิติแห่งชาติ
2565,มัธยมศึกษาตอนปลาย  สายอาชีวศึกษา,ไตรมาส 1,1681,ยังเด็กชรา/ไม่สามารถทำงานได้,กรุงเทพมหานคร,31.0,พันคน,สำนักงานสถิติแห่งชาติ
2565,มัธยมศึกษาตอนปลาย  สายวิชาการศึกษา,ไตรมาส 1,1682,ยังเด็กชรา/ไม่สามารถทำงานได้,กรุงเทพมหานคร,0.0,พันคน,สำนักงานสถิติแห่งชาติ
2565,อุดมศึกษา สายวิชาการ,ไตรมาส 1,1683,ยังเด็กชรา/ไม่สามารถทำงานได้,กรุงเทพมหานคร,77.4,พันคน,สำนักงานสถิติแห่งชาติ
2565,อุดมศึกษา สายวิชาชีพ,ไตรมาส 1,1684,ยังเด็กชรา/ไม่สามารถทำงานได้,กรุงเทพมหานคร,17.3,พันคน,สำนักงานสถิติแห่งชาติ
2565,อุดมศึกษา สายวิชาการศึกษา,ไตรมาส 1,1685,ยังเด็กชรา/ไม่สามารถทำงานได้,กรุงเทพมหานคร,10.1,พันคน,สำนักงานสถิติแห่งชาติ
2565,การศึกษาอื่นๆ,ไตรมาส 1,1686,ยังเด็กชรา/ไม่สามารถทำงานได้,กรุงเทพมหานคร,0.0,พันคน,สำนักงานสถิติแห่งชาติ
2565,ไม่ทราบ,ไตรมาส 1,1687,ยังเด็กชรา/ไม่สามารถทำงานได้,กรุงเทพมหานคร,6.4,พันคน,สำนักงานสถิติแห่งชาติ
2565,ไม่มีการศึกษา,ไตรมาส 1,1688,อื่นๆ,กรุงเทพมหานคร,2.6,พันคน,สำนักงานสถิติแห่งชาติ
2565,ต่ำกว่าประถมศึกษา,ไตรมาส 1,1689,อื่นๆ,กรุงเทพมหานคร,20.1,พันคน,สำนักงานสถิติแห่งชาติ
2565,ประถมศึกษา,ไตรมาส 1,1690,อื่นๆ,กรุงเทพมหานคร,26.8,พันคน,สำนักงานสถิติแห่งชาติ
2565,มัธยมศึกษาตอนต้น,ไตรมาส 1,1691,อื่นๆ,กรุงเทพมหานคร,41.0,พันคน,สำนักงานสถิติแห่งชาติ
2565,มัธยมศึกษาตอนปลาย  สายสามัญ,ไตรมาส 1,1692,อื่นๆ,กรุงเทพมหานคร,46.7,พันคน,สำนักงานสถิติแห่งชาติ
2565,มัธยมศึกษาตอนปลาย  สายอาชีวศึกษา,ไตรมาส 1,1693,อื่นๆ,กรุงเทพมหานคร,26.3,พันคน,สำนักงานสถิติแห่งชาติ
2565,มัธยมศึกษาตอนปลาย  สายวิชาการศึกษา,ไตรมาส 1,1694,อื่นๆ,กรุงเทพมหานคร,0.0,พันคน,สำนักงานสถิติแห่งชาติ
2565,อุดมศึกษา สายวิชาการ,ไตรมาส 1,1695,อื่นๆ,กรุงเทพมหานคร,144.5,พันคน,สำนักงานสถิติแห่งชาติ
2565,อุดมศึกษา สายวิชาชีพ,ไตรมาส 1,1696,อื่นๆ,กรุงเทพมหานคร,22.7,พันคน,สำนักงานสถิติแห่งชาติ
2565,อุดมศึกษา สายวิชาการศึกษา,ไตรมาส 1,1697,อื่นๆ,กรุงเทพมหานคร,27.4,พันคน,สำนักงานสถิติแห่งชาติ
2565,การศึกษาอื่นๆ,ไตรมาส 1,1698,อื่นๆ,กรุงเทพมหานคร,0.0,พันคน,สำนักงานสถิติแห่งชาติ
2565,ไม่ทราบ,ไตรมาส 1,1699,อื่นๆ,กรุงเทพมหานคร,7.6,พันคน,สำนักงานสถิติแห่งชาติ
2565,ไม่มีการศึกษา,ไตรมาส 1,1700,ทำงานบ้าน,ภาคกลาง,51.3,พันคน,สำนักงานสถิติแห่งชาติ
2565,ต่ำกว่าประถมศึกษา,ไตรมาส 1,1701,ทำงานบ้าน,ภาคกลาง,330.5,พันคน,สำนักงานสถิติแห่งชาติ
2565,ประถมศึกษา,ไตรมาส 1,1702,ทำงานบ้าน,ภาคกลาง,328.1,พันคน,สำนักงานสถิติแห่งชาติ
2565,มัธยมศึกษาตอนต้น,ไตรมาส 1,1703,ทำงานบ้าน,ภาคกลาง,322.7,พันคน,สำนักงานสถิติแห่งชาติ
2565,มัธยมศึกษาตอนปลาย  สายสามัญ,ไตรมาส 1,1704,ทำงานบ้าน,ภาคกลาง,242.5,พันคน,สำนักงานสถิติแห่งชาติ
2565,มัธยมศึกษาตอนปลาย  สายอาชีวศึกษา,ไตรมาส 1,1705,ทำงานบ้าน,ภาคกลาง,65.4,พันคน,สำนักงานสถิติแห่งชาติ
2565,มัธยมศึกษาตอนปลาย  สายวิชาการศึกษา,ไตรมาส 1,1706,ทำงานบ้าน,ภาคกลาง,0.0,พันคน,สำนักงานสถิติแห่งชาติ
2565,อุดมศึกษา สายวิชาการ,ไตรมาส 1,1707,ทำงานบ้าน,ภาคกลาง,182.3,พันคน,สำนักงานสถิติแห่งชาติ
2565,อุดมศึกษา สายวิชาชีพ,ไตรมาส 1,1708,ทำงานบ้าน,ภาคกลาง,84.2,พันคน,สำนักงานสถิติแห่งชาติ
2565,อุดมศึกษา สายวิชาการศึกษา,ไตรมาส 1,1709,ทำงานบ้าน,ภาคกลาง,15.0,พันคน,สำนักงานสถิติแห่งชาติ
2565,การศึกษาอื่นๆ,ไตรมาส 1,1710,ทำงานบ้าน,ภาคกลาง,5.6,พันคน,สำนักงานสถิติแห่งชาติ
2565,ไม่ทราบ,ไตรมาส 1,1711,ทำงานบ้าน,ภาคกลาง,11.7,พันคน,สำนักงานสถิติแห่งชาติ
2565,ไม่มีการศึกษา,ไตรมาส 1,1712,เรียนหนังสือ,ภาคกลาง,0.0,พันคน,สำนักงานสถิติแห่งชาติ
2565,ต่ำกว่าประถมศึกษา,ไตรมาส 1,1713,เรียนหนังสือ,ภาคกลาง,1.4,พันคน,สำนักงานสถิติแห่งชาติ
2565,ประถมศึกษา,ไตรมาส 1,1714,เรียนหนังสือ,ภาคกลาง,210.3,พันคน,สำนักงานสถิติแห่งชาติ
2565,มัธยมศึกษาตอนต้น,ไตรมาส 1,1715,เรียนหนังสือ,ภาคกลาง,611.6,พันคน,สำนักงานสถิติแห่งชาติ
2565,มัธยมศึกษาตอนปลาย  สายสามัญ,ไตรมาส 1,1716,เรียนหนังสือ,ภาคกลาง,418.9,พันคน,สำนักงานสถิติแห่งชาติ
2565,มัธยมศึกษาตอนปลาย  สายอาชีวศึกษา,ไตรมาส 1,1717,เรียนหนังสือ,ภาคกลาง,90.3,พันคน,สำนักงานสถิติแห่งชาติ
2565,มัธยมศึกษาตอนปลาย  สายวิชาการศึกษา,ไตรมาส 1,1718,เรียนหนังสือ,ภาคกลาง,0.0,พันคน,สำนักงานสถิติแห่งชาติ
2565,อุดมศึกษา สายวิชาการ,ไตรมาส 1,1719,เรียนหนังสือ,ภาคกลาง,7.0,พันคน,สำนักงานสถิติแห่งชาติ
2565,อุดมศึกษา สายวิชาชีพ,ไตรมาส 1,1720,เรียนหนังสือ,ภาคกลาง,4.5,พันคน,สำนักงานสถิติแห่งชาติ
2565,อุดมศึกษา สายวิชาการศึกษา,ไตรมาส 1,1721,เรียนหนังสือ,ภาคกลาง,0.0,พันคน,สำนักงานสถิติแห่งชาติ
2565,การศึกษาอื่นๆ,ไตรมาส 1,1722,เรียนหนังสือ,ภาคกลาง,0.0,พันคน,สำนักงานสถิติแห่งชาติ
2565,ไม่ทราบ,ไตรมาส 1,1723,เรียนหนังสือ,ภาคกลาง,0.9,พันคน,สำนักงานสถิติแห่งชาติ
2565,ไม่มีการศึกษา,ไตรมาส 1,1724,ยังเด็กชรา/ไม่สามารถทำงานได้,ภาคกลาง,160.9,พันคน,สำนักงานสถิติแห่งชาติ
2565,ต่ำกว่าประถมศึกษา,ไตรมาส 1,1725,ยังเด็กชรา/ไม่สามารถทำงานได้,ภาคกลาง,1104.0,พันคน,สำนักงานสถิติแห่งชาติ
2565,ประถมศึกษา,ไตรมาส 1,1726,ยังเด็กชรา/ไม่สามารถทำงานได้,ภาคกลาง,197.4,พันคน,สำนักงานสถิติแห่งชาติ
2565,มัธยมศึกษาตอนต้น,ไตรมาส 1,1727,ยังเด็กชรา/ไม่สามารถทำงานได้,ภาคกลาง,108.7,พันคน,สำนักงานสถิติแห่งชาติ
2565,มัธยมศึกษาตอนปลาย  สายสามัญ,ไตรมาส 1,1728,ยังเด็กชรา/ไม่สามารถทำงานได้,ภาคกลาง,72.9,พันคน,สำนักงานสถิติแห่งชาติ
2565,มัธยมศึกษาตอนปลาย  สายอาชีวศึกษา,ไตรมาส 1,1729,ยังเด็กชรา/ไม่สามารถทำงานได้,ภาคกลาง,30.6,พันคน,สำนักงานสถิติแห่งชาติ
2565,มัธยมศึกษาตอนปลาย  สายวิชาการศึกษา,ไตรมาส 1,1730,ยังเด็กชรา/ไม่สามารถทำงานได้,ภาคกลาง,1.8,พันคน,สำนักงานสถิติแห่งชาติ
2565,อุดมศึกษา สายวิชาการ,ไตรมาส 1,1731,ยังเด็กชรา/ไม่สามารถทำงานได้,ภาคกลาง,68.3,พันคน,สำนักงานสถิติแห่งชาติ
2565,อุดมศึกษา สายวิชาชีพ,ไตรมาส 1,1732,ยังเด็กชรา/ไม่สามารถทำงานได้,ภาคกลาง,18.8,พันคน,สำนักงานสถิติแห่งชาติ
2565,อุดมศึกษา สายวิชาการศึกษา,ไตรมาส 1,1733,ยังเด็กชรา/ไม่สามารถทำงานได้,ภาคกลาง,15.9,พันคน,สำนักงานสถิติแห่งชาติ
2565,การศึกษาอื่นๆ,ไตรมาส 1,1734,ยังเด็กชรา/ไม่สามารถทำงานได้,ภาคกลาง,0.5,พันคน,สำนักงานสถิติแห่งชาติ
2565,ไม่ทราบ,ไตรมาส 1,1735,ยังเด็กชรา/ไม่สามารถทำงานได้,ภาคกลาง,7.2,พันคน,สำนักงานสถิติแห่งชาติ
2565,ไม่มีการศึกษา,ไตรมาส 1,1736,อื่นๆ,ภาคกลาง,5.3,พันคน,สำนักงานสถิติแห่งชาติ
2565,ต่ำกว่าประถมศึกษา,ไตรมาส 1,1737,อื่นๆ,ภาคกลาง,46.8,พันคน,สำนักงานสถิติแห่งชาติ
2565,ประถมศึกษา,ไตรมาส 1,1738,อื่นๆ,ภาคกลาง,53.5,พันคน,สำนักงานสถิติแห่งชาติ
2565,มัธยมศึกษาตอนต้น,ไตรมาส 1,1739,อื่นๆ,ภาคกลาง,91.9,พันคน,สำนักงานสถิติแห่งชาติ
2565,มัธยมศึกษาตอนปลาย  สายสามัญ,ไตรมาส 1,1740,อื่นๆ,ภาคกลาง,92.5,พันคน,สำนักงานสถิติแห่งชาติ
2565,มัธยมศึกษาตอนปลาย  สายอาชีวศึกษา,ไตรมาส 1,1741,อื่นๆ,ภาคกลาง,44.8,พันคน,สำนักงานสถิติแห่งชาติ
2565,มัธยมศึกษาตอนปลาย  สายวิชาการศึกษา,ไตรมาส 1,1742,อื่นๆ,ภาคกลาง,0.1,พันคน,สำนักงานสถิติแห่งชาติ
2565,อุดมศึกษา สายวิชาการ,ไตรมาส 1,1743,อื่นๆ,ภาคกลาง,202.4,พันคน,สำนักงานสถิติแห่งชาติ
2565,อุดมศึกษา สายวิชาชีพ,ไตรมาส 1,1744,อื่นๆ,ภาคกลาง,39.6,พันคน,สำนักงานสถิติแห่งชาติ
2565,อุดมศึกษา สายวิชาการศึกษา,ไตรมาส 1,1745,อื่นๆ,ภาคกลาง,72.2,พันคน,สำนักงานสถิติแห่งชาติ
2565,การศึกษาอื่นๆ,ไตรมาส 1,1746,อื่นๆ,ภาคกลาง,0.0,พันคน,สำนักงานสถิติแห่งชาติ
2565,ไม่ทราบ,ไตรมาส 1,1747,อื่นๆ,ภาคกลาง,19.7,พันคน,สำนักงานสถิติแห่งชาติ
2565,ไม่มีการศึกษา,ไตรมาส 1,1748,ทำงานบ้าน,ภาคเหนือ,82.7,พันคน,สำนักงานสถิติแห่งชาติ
2565,ต่ำกว่าประถมศึกษา,ไตรมาส 1,1749,ทำงานบ้าน,ภาคเหนือ,271.7,พันคน,สำนักงานสถิติแห่งชาติ
2565,ประถมศึกษา,ไตรมาส 1,1750,ทำงานบ้าน,ภาคเหนือ,160.5,พันคน,สำนักงานสถิติแห่งชาติ
