﻿year,quarter,occupation,_id,region,value,unit,source
2557,ไตรมาสที่ 1,ผู้ปฏิบัติงานที่มีฝีมือในด้านการเกษตรและการประมง,1,ภาคตะวันออกเฉียงเหนือ,3876.8,พันคน,สำนักงานสถิติแห่งชาติ
2557,ไตรมาสที่ 3,ผู้ปฏิบัติการโรงงานและเครื่องจักรและผู้ปฏิบัติงานด้านการประกอบ,2,กรุงเทพมหานคร,668.1,พันคน,สำนักงานสถิติแห่งชาติ
2557,ไตรมาสที่ 4,คนงานซึ่งมิได้จำแนกไว้ในหมวดอื่น,3,ภาคเหนือ,0.0,พันคน,สำนักงานสถิติแห่งชาติ
2558,ไตรมาสที่ 2,ผู้ประกอบวิชาชีพด้านต่างๆ,4,กรุงเทพมหานคร,605.93,พันคน,สำนักงานสถิติแห่งชาติ
2558,ไตรมาสที่ 3,พนักงานบริการและพนักงานในร้านค้าและตลาด,5,ภาคเหนือ,1086.77,พันคน,สำนักงานสถิติแห่งชาติ
2558,ไตรมาสที่ 4,ผู้ปฏิบัติงานที่มีฝีมือในด้านการเกษตรและการประมง,6,ภาคใต้,2072.4,พันคน,สำนักงานสถิติแห่งชาติ
2559,ไตรมาสที่ 2,ผู้ปฏิบัติการโรงงานและเครื่องจักรและผู้ปฏิบัติงานด้านการประกอบ,7,ภาคกลาง,2039.94,พันคน,สำนักงานสถิติแห่งชาติ
2559,ไตรมาสที่ 3,คนงานซึ่งมิได้จำแนกไว้ในหมวดอื่น,8,ภาคตะวันออกเฉียงเหนือ,0.41,พันคน,สำนักงานสถิติแห่งชาติ
2560,ไตรมาสที่ 1,ผู้ประกอบวิชาชีพด้านต่างๆ,9,ภาคกลาง,634.6,พันคน,สำนักงานสถิติแห่งชาติ
2560,ไตรมาสที่ 2,เสมียน,10,ภาคตะวันออกเฉียงเหนือ,176.0,พันคน,สำนักงานสถิติแห่งชาติ
2560,ไตรมาสที่ 4,ผู้ปฏิบัติงานที่มีฝีมือในด้านการเกษตรและการประมง,11,กรุงเทพมหานคร,19.8,พันคน,สำนักงานสถิติแห่งชาติ
2561,ไตรมาสที่ 1,ผู้ปฏิบัติการโรงงานและเครื่องจักรและผู้ปฏิบัติงานด้านการประกอบ,12,ภาคเหนือ,313.04,พันคน,สำนักงานสถิติแห่งชาติ
2561,ไตรมาสที่ 2,คนงานซึ่งมิได้จำแนกไว้ในหมวดอื่น,13,ภาคใต้,1.32,พันคน,สำนักงานสถิติแห่งชาติ
2561,ไตรมาสที่ 4,ผู้ประกอบวิชาชีพด้านต่างๆ,14,ภาคเหนือ,291.44,พันคน,สำนักงานสถิติแห่งชาติ
2562,ไตรมาสที่ 1,เสมียน,15,ภาคใต้,186.51,พันคน,สำนักงานสถิติแห่งชาติ
2562,ไตรมาสที่ 3,ผู้ปฏิบัติงานที่มีฝีมือในด้านการเกษตรและการประมง,16,ภาคกลาง,1759.79,พันคน,สำนักงานสถิติแห่งชาติ
2562,ไตรมาสที่ 4,ผู้ปฏิบัติการโรงงานและเครื่องจักรและผู้ปฏิบัติงานด้านการประกอบ,17,ภาคตะวันออกเฉียงเหนือ,442.79,พันคน,สำนักงานสถิติแห่งชาติ
2563,ไตรมาสที่ 2,คนงานซึ่งมิได้จำแนกไว้ในหมวดอื่น,18,กรุงเทพมหานคร,26.7,พันคน,สำนักงานสถิติแห่งชาติ
2563,ไตรมาสที่ 3,ผู้ประกอบวิชาชีพด้านต่างๆ,19,ภาคตะวันออกเฉียงเหนือ,379.8,พันคน,สำนักงานสถิติแห่งชาติ
2563,ไตรมาสที่ 3,ผู้ประกอบวิชาชีพด้านเทคนิคสาขาต่าง ๆ และอาชีพที่เกี่ยวข้อง,20,ภาคตะวันออกเฉียงเหนือ,179.7,พันคน,สำนักงานสถิติแห่งชาติ
2563,ไตรมาสที่ 3,เสมียน,21,ภาคตะวันออกเฉียงเหนือ,209.7,พันคน,สำนักงานสถิติแห่งชาติ
2563,ไตรมาสที่ 3,พนักงานบริการและพนักงานในร้านค้าและตลาด,22,ภาคตะวันออกเฉียงเหนือ,1385.2,พันคน,สำนักงานสถิติแห่งชาติ
2563,ไตรมาสที่ 3,ผู้ปฏิบัติงานที่มีฝีมือในด้านการเกษตรและการประมง,23,ภาคตะวันออกเฉียงเหนือ,5384.5,พันคน,สำนักงานสถิติแห่งชาติ
2563,ไตรมาสที่ 3,ผู้ปฏิบัติงานด้านความสามารถทางฝีมือและธุรกิจการค้าที่เกี่ยวข้อง,24,ภาคตะวันออกเฉียงเหนือ,698.2,พันคน,สำนักงานสถิติแห่งชาติ
2563,ไตรมาสที่ 3,ผู้ปฏิบัติการโรงงานและเครื่องจักรและผู้ปฏิบัติงานด้านการประกอบ,25,ภาคตะวันออกเฉียงเหนือ,390.2,พันคน,สำนักงานสถิติแห่งชาติ
2563,ไตรมาสที่ 3,อาชีพขั้นพื้นฐานต่างๆ ในด้านการขายและการให้บริการ,26,ภาคตะวันออกเฉียงเหนือ,691.5,พันคน,สำนักงานสถิติแห่งชาติ
2563,ไตรมาสที่ 3,คนงานซึ่งมิได้จำแนกไว้ในหมวดอื่น,27,ภาคตะวันออกเฉียงเหนือ,0.0,พันคน,สำนักงานสถิติแห่งชาติ
2563,ไตรมาสที่ 3,ผู้บัญญัติกฎหมาย ข้าราชการระดับอาวุโสและผู้จัดการ,28,ภาคใต้,131.4,พันคน,สำนักงานสถิติแห่งชาติ
2563,ไตรมาสที่ 3,ผู้ประกอบวิชาชีพด้านต่างๆ,29,ภาคใต้,215.8,พันคน,สำนักงานสถิติแห่งชาติ
2563,ไตรมาสที่ 3,ผู้ประกอบวิชาชีพด้านเทคนิคสาขาต่าง ๆ และอาชีพที่เกี่ยวข้อง,30,ภาคใต้,149.7,พันคน,สำนักงานสถิติแห่งชาติ
2563,ไตรมาสที่ 3,เสมียน,31,ภาคใต้,178.6,พันคน,สำนักงานสถิติแห่งชาติ
2563,ไตรมาสที่ 3,พนักงานบริการและพนักงานในร้านค้าและตลาด,32,ภาคใต้,1125.6,พันคน,สำนักงานสถิติแห่งชาติ
2563,ไตรมาสที่ 3,ผู้ปฏิบัติงานที่มีฝีมือในด้านการเกษตรและการประมง,33,ภาคใต้,1975.7,พันคน,สำนักงานสถิติแห่งชาติ
2563,ไตรมาสที่ 3,ผู้ปฏิบัติงานด้านความสามารถทางฝีมือและธุรกิจการค้าที่เกี่ยวข้อง,34,ภาคใต้,492.3,พันคน,สำนักงานสถิติแห่งชาติ
2563,ไตรมาสที่ 3,ผู้ปฏิบัติการโรงงานและเครื่องจักรและผู้ปฏิบัติงานด้านการประกอบ,35,ภาคใต้,224.1,พันคน,สำนักงานสถิติแห่งชาติ
2562,ไตรมาสที่ 3,ผู้ปฏิบัติงานด้านความสามารถทางฝีมือและธุรกิจการค้าที่เกี่ยวข้อง,36,ภาคกลาง,1556.92,พันคน,สำนักงานสถิติแห่งชาติ
2562,ไตรมาสที่ 3,ผู้ปฏิบัติการโรงงานและเครื่องจักรและผู้ปฏิบัติงานด้านการประกอบ,37,ภาคกลาง,1997.79,พันคน,สำนักงานสถิติแห่งชาติ
2562,ไตรมาสที่ 3,อาชีพขั้นพื้นฐานต่างๆ ในด้านการขายและการให้บริการ,38,ภาคกลาง,1507.25,พันคน,สำนักงานสถิติแห่งชาติ
2562,ไตรมาสที่ 3,คนงานซึ่งมิได้จำแนกไว้ในหมวดอื่น,39,ภาคกลาง,18.94,พันคน,สำนักงานสถิติแห่งชาติ
2562,ไตรมาสที่ 3,ผู้บัญญัติกฎหมาย ข้าราชการระดับอาวุโสและผู้จัดการ,40,ภาคเหนือ,130.78,พันคน,สำนักงานสถิติแห่งชาติ
2562,ไตรมาสที่ 3,ผู้ประกอบวิชาชีพด้านต่างๆ,41,ภาคเหนือ,261.95,พันคน,สำนักงานสถิติแห่งชาติ
2562,ไตรมาสที่ 3,ผู้ประกอบวิชาชีพด้านเทคนิคสาขาต่าง ๆ และอาชีพที่เกี่ยวข้อง,42,ภาคเหนือ,165.17,พันคน,สำนักงานสถิติแห่งชาติ
2562,ไตรมาสที่ 3,เสมียน,43,ภาคเหนือ,195.34,พันคน,สำนักงานสถิติแห่งชาติ
2562,ไตรมาสที่ 3,พนักงานบริการและพนักงานในร้านค้าและตลาด,44,ภาคเหนือ,1094.96,พันคน,สำนักงานสถิติแห่งชาติ
2562,ไตรมาสที่ 3,ผู้ปฏิบัติงานที่มีฝีมือในด้านการเกษตรและการประมง,45,ภาคเหนือ,2649.32,พันคน,สำนักงานสถิติแห่งชาติ
2562,ไตรมาสที่ 3,ผู้ปฏิบัติงานด้านความสามารถทางฝีมือและธุรกิจการค้าที่เกี่ยวข้อง,46,ภาคเหนือ,646.18,พันคน,สำนักงานสถิติแห่งชาติ
2562,ไตรมาสที่ 3,ผู้ปฏิบัติการโรงงานและเครื่องจักรและผู้ปฏิบัติงานด้านการประกอบ,47,ภาคเหนือ,274.11,พันคน,สำนักงานสถิติแห่งชาติ
2562,ไตรมาสที่ 3,อาชีพขั้นพื้นฐานต่างๆ ในด้านการขายและการให้บริการ,48,ภาคเหนือ,693.0,พันคน,สำนักงานสถิติแห่งชาติ
2562,ไตรมาสที่ 3,คนงานซึ่งมิได้จำแนกไว้ในหมวดอื่น,49,ภาคเหนือ,0.0,พันคน,สำนักงานสถิติแห่งชาติ
2562,ไตรมาสที่ 3,ผู้บัญญัติกฎหมาย ข้าราชการระดับอาวุโสและผู้จัดการ,50,ภาคตะวันออกเฉียงเหนือ,230.71,พันคน,สำนักงานสถิติแห่งชาติ
2562,ไตรมาสที่ 3,ผู้ประกอบวิชาชีพด้านต่างๆ,51,ภาคตะวันออกเฉียงเหนือ,360.54,พันคน,สำนักงานสถิติแห่งชาติ
2562,ไตรมาสที่ 3,ผู้ประกอบวิชาชีพด้านเทคนิคสาขาต่าง ๆ และอาชีพที่เกี่ยวข้อง,52,ภาคตะวันออกเฉียงเหนือ,180.7,พันคน,สำนักงานสถิติแห่งชาติ
2562,ไตรมาสที่ 3,เสมียน,53,ภาคตะวันออกเฉียงเหนือ,211.97,พันคน,สำนักงานสถิติแห่งชาติ
2562,ไตรมาสที่ 3,พนักงานบริการและพนักงานในร้านค้าและตลาด,54,ภาคตะวันออกเฉียงเหนือ,1374.38,พันคน,สำนักงานสถิติแห่งชาติ
2562,ไตรมาสที่ 3,ผู้ปฏิบัติงานที่มีฝีมือในด้านการเกษตรและการประมง,55,ภาคตะวันออกเฉียงเหนือ,5353.7,พันคน,สำนักงานสถิติแห่งชาติ
2562,ไตรมาสที่ 3,ผู้ปฏิบัติงานด้านความสามารถทางฝีมือและธุรกิจการค้าที่เกี่ยวข้อง,56,ภาคตะวันออกเฉียงเหนือ,689.12,พันคน,สำนักงานสถิติแห่งชาติ
2562,ไตรมาสที่ 3,ผู้ปฏิบัติการโรงงานและเครื่องจักรและผู้ปฏิบัติงานด้านการประกอบ,57,ภาคตะวันออกเฉียงเหนือ,390.38,พันคน,สำนักงานสถิติแห่งชาติ
2562,ไตรมาสที่ 3,อาชีพขั้นพื้นฐานต่างๆ ในด้านการขายและการให้บริการ,58,ภาคตะวันออกเฉียงเหนือ,650.8,พันคน,สำนักงานสถิติแห่งชาติ
2562,ไตรมาสที่ 3,คนงานซึ่งมิได้จำแนกไว้ในหมวดอื่น,59,ภาคตะวันออกเฉียงเหนือ,0.0,พันคน,สำนักงานสถิติแห่งชาติ
2562,ไตรมาสที่ 3,ผู้บัญญัติกฎหมาย ข้าราชการระดับอาวุโสและผู้จัดการ,60,ภาคใต้,113.67,พันคน,สำนักงานสถิติแห่งชาติ
2562,ไตรมาสที่ 3,ผู้ประกอบวิชาชีพด้านต่างๆ,61,ภาคใต้,231.05,พันคน,สำนักงานสถิติแห่งชาติ
2562,ไตรมาสที่ 3,ผู้ประกอบวิชาชีพด้านเทคนิคสาขาต่าง ๆ และอาชีพที่เกี่ยวข้อง,62,ภาคใต้,159.65,พันคน,สำนักงานสถิติแห่งชาติ
2562,ไตรมาสที่ 3,เสมียน,63,ภาคใต้,161.51,พันคน,สำนักงานสถิติแห่งชาติ
2562,ไตรมาสที่ 3,พนักงานบริการและพนักงานในร้านค้าและตลาด,64,ภาคใต้,1064.99,พันคน,สำนักงานสถิติแห่งชาติ
2562,ไตรมาสที่ 3,ผู้ปฏิบัติงานที่มีฝีมือในด้านการเกษตรและการประมง,65,ภาคใต้,2012.43,พันคน,สำนักงานสถิติแห่งชาติ
2562,ไตรมาสที่ 3,ผู้ปฏิบัติงานด้านความสามารถทางฝีมือและธุรกิจการค้าที่เกี่ยวข้อง,66,ภาคใต้,491.76,พันคน,สำนักงานสถิติแห่งชาติ
2562,ไตรมาสที่ 3,ผู้ปฏิบัติการโรงงานและเครื่องจักรและผู้ปฏิบัติงานด้านการประกอบ,67,ภาคใต้,212.98,พันคน,สำนักงานสถิติแห่งชาติ
2562,ไตรมาสที่ 3,อาชีพขั้นพื้นฐานต่างๆ ในด้านการขายและการให้บริการ,68,ภาคใต้,551.77,พันคน,สำนักงานสถิติแห่งชาติ
2562,ไตรมาสที่ 3,คนงานซึ่งมิได้จำแนกไว้ในหมวดอื่น,69,ภาคใต้,0.66,พันคน,สำนักงานสถิติแห่งชาติ
2562,ไตรมาสที่ 4,ผู้บัญญัติกฎหมาย ข้าราชการระดับอาวุโสและผู้จัดการ,70,กรุงเทพมหานคร,424.56,พันคน,สำนักงานสถิติแห่งชาติ
2562,ไตรมาสที่ 4,อาชีพขั้นพื้นฐานต่างๆ ในด้านการขายและการให้บริการ,71,ภาคตะวันออกเฉียงเหนือ,795.37,พันคน,สำนักงานสถิติแห่งชาติ
2562,ไตรมาสที่ 4,คนงานซึ่งมิได้จำแนกไว้ในหมวดอื่น,72,ภาคตะวันออกเฉียงเหนือ,0.0,พันคน,สำนักงานสถิติแห่งชาติ
2562,ไตรมาสที่ 4,ผู้บัญญัติกฎหมาย ข้าราชการระดับอาวุโสและผู้จัดการ,73,ภาคใต้,119.32,พันคน,สำนักงานสถิติแห่งชาติ
2562,ไตรมาสที่ 4,ผู้ประกอบวิชาชีพด้านต่างๆ,74,ภาคใต้,214.62,พันคน,สำนักงานสถิติแห่งชาติ
2562,ไตรมาสที่ 4,ผู้ประกอบวิชาชีพด้านเทคนิคสาขาต่าง ๆ และอาชีพที่เกี่ยวข้อง,75,ภาคใต้,148.23,พันคน,สำนักงานสถิติแห่งชาติ
2562,ไตรมาสที่ 4,เสมียน,76,ภาคใต้,160.65,พันคน,สำนักงานสถิติแห่งชาติ
2562,ไตรมาสที่ 4,พนักงานบริการและพนักงานในร้านค้าและตลาด,77,ภาคใต้,1107.02,พันคน,สำนักงานสถิติแห่งชาติ
2562,ไตรมาสที่ 4,ผู้ปฏิบัติงานที่มีฝีมือในด้านการเกษตรและการประมง,78,ภาคใต้,1934.1,พันคน,สำนักงานสถิติแห่งชาติ
2562,ไตรมาสที่ 4,ผู้ปฏิบัติงานด้านความสามารถทางฝีมือและธุรกิจการค้าที่เกี่ยวข้อง,79,ภาคใต้,513.43,พันคน,สำนักงานสถิติแห่งชาติ
2562,ไตรมาสที่ 4,ผู้ปฏิบัติการโรงงานและเครื่องจักรและผู้ปฏิบัติงานด้านการประกอบ,80,ภาคใต้,238.69,พันคน,สำนักงานสถิติแห่งชาติ
2562,ไตรมาสที่ 4,อาชีพขั้นพื้นฐานต่างๆ ในด้านการขายและการให้บริการ,81,ภาคใต้,573.31,พันคน,สำนักงานสถิติแห่งชาติ
2562,ไตรมาสที่ 4,คนงานซึ่งมิได้จำแนกไว้ในหมวดอื่น,82,ภาคใต้,0.41,พันคน,สำนักงานสถิติแห่งชาติ
2563,ไตรมาสที่ 1,ผู้บัญญัติกฎหมาย ข้าราชการระดับอาวุโสและผู้จัดการ,83,กรุงเทพมหานคร,446.8,พันคน,สำนักงานสถิติแห่งชาติ
2563,ไตรมาสที่ 1,ผู้ประกอบวิชาชีพด้านต่างๆ,84,กรุงเทพมหานคร,640.9,พันคน,สำนักงานสถิติแห่งชาติ
2563,ไตรมาสที่ 1,ผู้ประกอบวิชาชีพด้านเทคนิคสาขาต่าง ๆ และอาชีพที่เกี่ยวข้อง,85,กรุงเทพมหานคร,604.4,พันคน,สำนักงานสถิติแห่งชาติ
2563,ไตรมาสที่ 1,เสมียน,86,กรุงเทพมหานคร,410.1,พันคน,สำนักงานสถิติแห่งชาติ
2563,ไตรมาสที่ 1,พนักงานบริการและพนักงานในร้านค้าและตลาด,87,กรุงเทพมหานคร,1373.7,พันคน,สำนักงานสถิติแห่งชาติ
2563,ไตรมาสที่ 1,ผู้ปฏิบัติงานที่มีฝีมือในด้านการเกษตรและการประมง,88,กรุงเทพมหานคร,23.3,พันคน,สำนักงานสถิติแห่งชาติ
2563,ไตรมาสที่ 1,ผู้ปฏิบัติงานด้านความสามารถทางฝีมือและธุรกิจการค้าที่เกี่ยวข้อง,89,กรุงเทพมหานคร,603.5,พันคน,สำนักงานสถิติแห่งชาติ
2563,ไตรมาสที่ 1,ผู้ปฏิบัติการโรงงานและเครื่องจักรและผู้ปฏิบัติงานด้านการประกอบ,90,กรุงเทพมหานคร,634.6,พันคน,สำนักงานสถิติแห่งชาติ
2563,ไตรมาสที่ 1,อาชีพขั้นพื้นฐานต่างๆ ในด้านการขายและการให้บริการ,91,กรุงเทพมหานคร,510.0,พันคน,สำนักงานสถิติแห่งชาติ
2563,ไตรมาสที่ 1,คนงานซึ่งมิได้จำแนกไว้ในหมวดอื่น,92,กรุงเทพมหานคร,40.3,พันคน,สำนักงานสถิติแห่งชาติ
2563,ไตรมาสที่ 1,ผู้บัญญัติกฎหมาย ข้าราชการระดับอาวุโสและผู้จัดการ,93,ภาคกลาง,445.9,พันคน,สำนักงานสถิติแห่งชาติ
2563,ไตรมาสที่ 1,ผู้ประกอบวิชาชีพด้านต่างๆ,94,ภาคกลาง,729.9,พันคน,สำนักงานสถิติแห่งชาติ
2563,ไตรมาสที่ 1,ผู้ประกอบวิชาชีพด้านเทคนิคสาขาต่าง ๆ และอาชีพที่เกี่ยวข้อง,95,ภาคกลาง,665.5,พันคน,สำนักงานสถิติแห่งชาติ
2563,ไตรมาสที่ 1,เสมียน,96,ภาคกลาง,646.2,พันคน,สำนักงานสถิติแห่งชาติ
2563,ไตรมาสที่ 1,พนักงานบริการและพนักงานในร้านค้าและตลาด,97,ภาคกลาง,2518.9,พันคน,สำนักงานสถิติแห่งชาติ
2563,ไตรมาสที่ 1,ผู้ปฏิบัติงานที่มีฝีมือในด้านการเกษตรและการประมง,98,ภาคกลาง,1585.0,พันคน,สำนักงานสถิติแห่งชาติ
2563,ไตรมาสที่ 1,ผู้ปฏิบัติงานด้านความสามารถทางฝีมือและธุรกิจการค้าที่เกี่ยวข้อง,99,ภาคกลาง,1597.8,พันคน,สำนักงานสถิติแห่งชาติ
2563,ไตรมาสที่ 1,ผู้ปฏิบัติการโรงงานและเครื่องจักรและผู้ปฏิบัติงานด้านการประกอบ,100,ภาคกลาง,2135.7,พันคน,สำนักงานสถิติแห่งชาติ
2563,ไตรมาสที่ 1,อาชีพขั้นพื้นฐานต่างๆ ในด้านการขายและการให้บริการ,101,ภาคกลาง,1548.3,พันคน,สำนักงานสถิติแห่งชาติ
2563,ไตรมาสที่ 1,คนงานซึ่งมิได้จำแนกไว้ในหมวดอื่น,102,ภาคกลาง,14.6,พันคน,สำนักงานสถิติแห่งชาติ
2563,ไตรมาสที่ 1,ผู้บัญญัติกฎหมาย ข้าราชการระดับอาวุโสและผู้จัดการ,103,ภาคเหนือ,146.0,พันคน,สำนักงานสถิติแห่งชาติ
2563,ไตรมาสที่ 1,ผู้ประกอบวิชาชีพด้านต่างๆ,104,ภาคเหนือ,315.5,พันคน,สำนักงานสถิติแห่งชาติ
2563,ไตรมาสที่ 1,ผู้ประกอบวิชาชีพด้านเทคนิคสาขาต่าง ๆ และอาชีพที่เกี่ยวข้อง,105,ภาคเหนือ,168.7,พันคน,สำนักงานสถิติแห่งชาติ
2563,ไตรมาสที่ 1,เสมียน,106,ภาคเหนือ,206.0,พันคน,สำนักงานสถิติแห่งชาติ
2563,ไตรมาสที่ 2,ผู้บัญญัติกฎหมาย ข้าราชการระดับอาวุโสและผู้จัดการ,107,ภาคกลาง,445.1,พันคน,สำนักงานสถิติแห่งชาติ
2563,ไตรมาสที่ 2,ผู้ประกอบวิชาชีพด้านต่างๆ,108,ภาคกลาง,668.4,พันคน,สำนักงานสถิติแห่งชาติ
2563,ไตรมาสที่ 2,ผู้ประกอบวิชาชีพด้านเทคนิคสาขาต่าง ๆ และอาชีพที่เกี่ยวข้อง,109,ภาคกลาง,637.2,พันคน,สำนักงานสถิติแห่งชาติ
2563,ไตรมาสที่ 2,เสมียน,110,ภาคกลาง,635.5,พันคน,สำนักงานสถิติแห่งชาติ
2563,ไตรมาสที่ 2,พนักงานบริการและพนักงานในร้านค้าและตลาด,111,ภาคกลาง,2453.7,พันคน,สำนักงานสถิติแห่งชาติ
2563,ไตรมาสที่ 2,ผู้ปฏิบัติงานที่มีฝีมือในด้านการเกษตรและการประมง,112,ภาคกลาง,1614.8,พันคน,สำนักงานสถิติแห่งชาติ
2563,ไตรมาสที่ 2,ผู้ปฏิบัติงานด้านความสามารถทางฝีมือและธุรกิจการค้าที่เกี่ยวข้อง,113,ภาคกลาง,1639.8,พันคน,สำนักงานสถิติแห่งชาติ
2563,ไตรมาสที่ 2,ผู้ปฏิบัติการโรงงานและเครื่องจักรและผู้ปฏิบัติงานด้านการประกอบ,114,ภาคกลาง,2049.7,พันคน,สำนักงานสถิติแห่งชาติ
2563,ไตรมาสที่ 2,อาชีพขั้นพื้นฐานต่างๆ ในด้านการขายและการให้บริการ,115,ภาคกลาง,1550.6,พันคน,สำนักงานสถิติแห่งชาติ
2563,ไตรมาสที่ 2,คนงานซึ่งมิได้จำแนกไว้ในหมวดอื่น,116,ภาคกลาง,5.2,พันคน,สำนักงานสถิติแห่งชาติ
2563,ไตรมาสที่ 2,ผู้บัญญัติกฎหมาย ข้าราชการระดับอาวุโสและผู้จัดการ,117,ภาคเหนือ,136.0,พันคน,สำนักงานสถิติแห่งชาติ
2563,ไตรมาสที่ 2,ผู้ประกอบวิชาชีพด้านต่างๆ,118,ภาคเหนือ,289.6,พันคน,สำนักงานสถิติแห่งชาติ
2563,ไตรมาสที่ 2,ผู้ประกอบวิชาชีพด้านเทคนิคสาขาต่าง ๆ และอาชีพที่เกี่ยวข้อง,119,ภาคเหนือ,186.3,พันคน,สำนักงานสถิติแห่งชาติ
2563,ไตรมาสที่ 2,เสมียน,120,ภาคเหนือ,195.9,พันคน,สำนักงานสถิติแห่งชาติ
2563,ไตรมาสที่ 2,พนักงานบริการและพนักงานในร้านค้าและตลาด,121,ภาคเหนือ,1110.9,พันคน,สำนักงานสถิติแห่งชาติ
2563,ไตรมาสที่ 2,ผู้ปฏิบัติงานที่มีฝีมือในด้านการเกษตรและการประมง,122,ภาคเหนือ,2197.4,พันคน,สำนักงานสถิติแห่งชาติ
2563,ไตรมาสที่ 2,ผู้ปฏิบัติงานด้านความสามารถทางฝีมือและธุรกิจการค้าที่เกี่ยวข้อง,123,ภาคเหนือ,723.6,พันคน,สำนักงานสถิติแห่งชาติ
2563,ไตรมาสที่ 2,ผู้ปฏิบัติการโรงงานและเครื่องจักรและผู้ปฏิบัติงานด้านการประกอบ,124,ภาคเหนือ,286.4,พันคน,สำนักงานสถิติแห่งชาติ
2563,ไตรมาสที่ 2,อาชีพขั้นพื้นฐานต่างๆ ในด้านการขายและการให้บริการ,125,ภาคเหนือ,714.3,พันคน,สำนักงานสถิติแห่งชาติ
2563,ไตรมาสที่ 2,คนงานซึ่งมิได้จำแนกไว้ในหมวดอื่น,126,ภาคเหนือ,0.0,พันคน,สำนักงานสถิติแห่งชาติ
2563,ไตรมาสที่ 2,ผู้บัญญัติกฎหมาย ข้าราชการระดับอาวุโสและผู้จัดการ,127,ภาคตะวันออกเฉียงเหนือ,263.1,พันคน,สำนักงานสถิติแห่งชาติ
2563,ไตรมาสที่ 2,ผู้ประกอบวิชาชีพด้านต่างๆ,128,ภาคตะวันออกเฉียงเหนือ,374.7,พันคน,สำนักงานสถิติแห่งชาติ
2563,ไตรมาสที่ 2,ผู้ประกอบวิชาชีพด้านเทคนิคสาขาต่าง ๆ และอาชีพที่เกี่ยวข้อง,129,ภาคตะวันออกเฉียงเหนือ,180.4,พันคน,สำนักงานสถิติแห่งชาติ
2563,ไตรมาสที่ 2,เสมียน,130,ภาคตะวันออกเฉียงเหนือ,209.7,พันคน,สำนักงานสถิติแห่งชาติ
2563,ไตรมาสที่ 2,พนักงานบริการและพนักงานในร้านค้าและตลาด,131,ภาคตะวันออกเฉียงเหนือ,1426.7,พันคน,สำนักงานสถิติแห่งชาติ
2563,ไตรมาสที่ 2,ผู้ปฏิบัติงานที่มีฝีมือในด้านการเกษตรและการประมง,132,ภาคตะวันออกเฉียงเหนือ,4662.4,พันคน,สำนักงานสถิติแห่งชาติ
2563,ไตรมาสที่ 2,ผู้ปฏิบัติงานด้านความสามารถทางฝีมือและธุรกิจการค้าที่เกี่ยวข้อง,133,ภาคตะวันออกเฉียงเหนือ,798.5,พันคน,สำนักงานสถิติแห่งชาติ
2563,ไตรมาสที่ 2,ผู้ปฏิบัติการโรงงานและเครื่องจักรและผู้ปฏิบัติงานด้านการประกอบ,134,ภาคตะวันออกเฉียงเหนือ,447.8,พันคน,สำนักงานสถิติแห่งชาติ
2563,ไตรมาสที่ 2,อาชีพขั้นพื้นฐานต่างๆ ในด้านการขายและการให้บริการ,135,ภาคตะวันออกเฉียงเหนือ,826.1,พันคน,สำนักงานสถิติแห่งชาติ
2563,ไตรมาสที่ 2,คนงานซึ่งมิได้จำแนกไว้ในหมวดอื่น,136,ภาคตะวันออกเฉียงเหนือ,0.0,พันคน,สำนักงานสถิติแห่งชาติ
2563,ไตรมาสที่ 2,ผู้บัญญัติกฎหมาย ข้าราชการระดับอาวุโสและผู้จัดการ,137,ภาคใต้,111.6,พันคน,สำนักงานสถิติแห่งชาติ
2563,ไตรมาสที่ 2,ผู้ประกอบวิชาชีพด้านต่างๆ,138,ภาคใต้,247.9,พันคน,สำนักงานสถิติแห่งชาติ
2563,ไตรมาสที่ 2,ผู้ประกอบวิชาชีพด้านเทคนิคสาขาต่าง ๆ และอาชีพที่เกี่ยวข้อง,139,ภาคใต้,153.9,พันคน,สำนักงานสถิติแห่งชาติ
2563,ไตรมาสที่ 2,เสมียน,140,ภาคใต้,176.1,พันคน,สำนักงานสถิติแห่งชาติ
2563,ไตรมาสที่ 2,พนักงานบริการและพนักงานในร้านค้าและตลาด,141,ภาคใต้,1106.3,พันคน,สำนักงานสถิติแห่งชาติ
2563,ไตรมาสที่ 4,ผู้ปฏิบัติการโรงงานและเครื่องจักรและผู้ปฏิบัติงานด้านการประกอบ,142,ภาคกลาง,2025.3,พันคน,สำนักงานสถิติแห่งชาติ
2564,ไตรมาสที่ 4,คนงานซึ่งมิได้จำแนกไว้ในหมวดอื่น,143,ภาคเหนือ,0.0,พันคน,สำนักงานสถิติแห่งชาติ
2564,ไตรมาสที่ 4,ผู้บัญญัติกฎหมาย ข้าราชการระดับอาวุโสและผู้จัดการ,144,ภาคตะวันออกเฉียงเหนือ,223.6,พันคน,สำนักงานสถิติแห่งชาติ
2564,ไตรมาสที่ 4,ผู้ประกอบวิชาชีพด้านต่างๆ,145,ภาคตะวันออกเฉียงเหนือ,351.4,พันคน,สำนักงานสถิติแห่งชาติ
2564,ไตรมาสที่ 4,ผู้ประกอบวิชาชีพด้านเทคนิคสาขาต่าง ๆ และอาชีพที่เกี่ยวข้อง,146,ภาคตะวันออกเฉียงเหนือ,186.1,พันคน,สำนักงานสถิติแห่งชาติ
2564,ไตรมาสที่ 4,เสมียน,147,ภาคตะวันออกเฉียงเหนือ,219.5,พันคน,สำนักงานสถิติแห่งชาติ
2564,ไตรมาสที่ 4,พนักงานบริการและพนักงานในร้านค้าและตลาด,148,ภาคตะวันออกเฉียงเหนือ,1430.8,พันคน,สำนักงานสถิติแห่งชาติ
2564,ไตรมาสที่ 4,ผู้ปฏิบัติงานที่มีฝีมือในด้านการเกษตรและการประมง,149,ภาคตะวันออกเฉียงเหนือ,5124.1,พันคน,สำนักงานสถิติแห่งชาติ
2564,ไตรมาสที่ 4,ผู้ปฏิบัติงานด้านความสามารถทางฝีมือและธุรกิจการค้าที่เกี่ยวข้อง,150,ภาคตะวันออกเฉียงเหนือ,668.0,พันคน,สำนักงานสถิติแห่งชาติ
2564,ไตรมาสที่ 4,ผู้ปฏิบัติการโรงงานและเครื่องจักรและผู้ปฏิบัติงานด้านการประกอบ,151,ภาคตะวันออกเฉียงเหนือ,391.4,พันคน,สำนักงานสถิติแห่งชาติ
2564,ไตรมาสที่ 4,อาชีพขั้นพื้นฐานต่างๆ ในด้านการขายและการให้บริการ,152,ภาคตะวันออกเฉียงเหนือ,864.0,พันคน,สำนักงานสถิติแห่งชาติ
2564,ไตรมาสที่ 4,คนงานซึ่งมิได้จำแนกไว้ในหมวดอื่น,153,ภาคตะวันออกเฉียงเหนือ,0.0,พันคน,สำนักงานสถิติแห่งชาติ
2564,ไตรมาสที่ 4,ผู้บัญญัติกฎหมาย ข้าราชการระดับอาวุโสและผู้จัดการ,154,ภาคใต้,118.4,พันคน,สำนักงานสถิติแห่งชาติ
2564,ไตรมาสที่ 4,ผู้ประกอบวิชาชีพด้านต่างๆ,155,ภาคใต้,229.9,พันคน,สำนักงานสถิติแห่งชาติ
2564,ไตรมาสที่ 4,ผู้ประกอบวิชาชีพด้านเทคนิคสาขาต่าง ๆ และอาชีพที่เกี่ยวข้อง,156,ภาคใต้,163.4,พันคน,สำนักงานสถิติแห่งชาติ
2564,ไตรมาสที่ 4,เสมียน,157,ภาคใต้,161.5,พันคน,สำนักงานสถิติแห่งชาติ
2564,ไตรมาสที่ 4,พนักงานบริการและพนักงานในร้านค้าและตลาด,158,ภาคใต้,1064.5,พันคน,สำนักงานสถิติแห่งชาติ
2564,ไตรมาสที่ 4,ผู้ปฏิบัติงานที่มีฝีมือในด้านการเกษตรและการประมง,159,ภาคใต้,2093.3,พันคน,สำนักงานสถิติแห่งชาติ
2564,ไตรมาสที่ 4,ผู้ปฏิบัติงานด้านความสามารถทางฝีมือและธุรกิจการค้าที่เกี่ยวข้อง,160,ภาคใต้,483.8,พันคน,สำนักงานสถิติแห่งชาติ
2564,ไตรมาสที่ 4,ผู้ปฏิบัติการโรงงานและเครื่องจักรและผู้ปฏิบัติงานด้านการประกอบ,161,ภาคใต้,208.8,พันคน,สำนักงานสถิติแห่งชาติ
2564,ไตรมาสที่ 4,อาชีพขั้นพื้นฐานต่างๆ ในด้านการขายและการให้บริการ,162,ภาคใต้,541.8,พันคน,สำนักงานสถิติแห่งชาติ
2564,ไตรมาสที่ 4,คนงานซึ่งมิได้จำแนกไว้ในหมวดอื่น,163,ภาคใต้,0.0,พันคน,สำนักงานสถิติแห่งชาติ
2565,ไตรมาสที่ 1,ผู้บัญญัติกฎหมาย ข้าราชการระดับอาวุโสและผู้จัดการ,164,กรุงเทพมหานคร,326.4,พันคน,สำนักงานสถิติแห่งชาติ
2565,ไตรมาสที่ 1,ผู้ประกอบวิชาชีพด้านต่างๆ,165,กรุงเทพมหานคร,579.4,พันคน,สำนักงานสถิติแห่งชาติ
2565,ไตรมาสที่ 1,ผู้ประกอบวิชาชีพด้านเทคนิคสาขาต่าง ๆ และอาชีพที่เกี่ยวข้อง,166,กรุงเทพมหานคร,551.5,พันคน,สำนักงานสถิติแห่งชาติ
2565,ไตรมาสที่ 1,เสมียน,167,กรุงเทพมหานคร,517.3,พันคน,สำนักงานสถิติแห่งชาติ
2565,ไตรมาสที่ 1,พนักงานบริการและพนักงานในร้านค้าและตลาด,168,กรุงเทพมหานคร,1575.1,พันคน,สำนักงานสถิติแห่งชาติ
2565,ไตรมาสที่ 1,ผู้ปฏิบัติงานที่มีฝีมือในด้านการเกษตรและการประมง,169,กรุงเทพมหานคร,19.2,พันคน,สำนักงานสถิติแห่งชาติ
2565,ไตรมาสที่ 1,ผู้ปฏิบัติงานด้านความสามารถทางฝีมือและธุรกิจการค้าที่เกี่ยวข้อง,170,กรุงเทพมหานคร,589.6,พันคน,สำนักงานสถิติแห่งชาติ
2565,ไตรมาสที่ 1,ผู้ปฏิบัติการโรงงานและเครื่องจักรและผู้ปฏิบัติงานด้านการประกอบ,171,กรุงเทพมหานคร,811.5,พันคน,สำนักงานสถิติแห่งชาติ
2565,ไตรมาสที่ 1,อาชีพขั้นพื้นฐานต่างๆ ในด้านการขายและการให้บริการ,172,กรุงเทพมหานคร,636.7,พันคน,สำนักงานสถิติแห่งชาติ
2565,ไตรมาสที่ 1,คนงานซึ่งมิได้จำแนกไว้ในหมวดอื่น,173,กรุงเทพมหานคร,11.3,พันคน,สำนักงานสถิติแห่งชาติ
2565,ไตรมาสที่ 1,ผู้บัญญัติกฎหมาย ข้าราชการระดับอาวุโสและผู้จัดการ,174,ภาคกลาง,468.9,พันคน,สำนักงานสถิติแห่งชาติ
2565,ไตรมาสที่ 1,ผู้ประกอบวิชาชีพด้านต่างๆ,175,ภาคกลาง,745.9,พันคน,สำนักงานสถิติแห่งชาติ
2565,ไตรมาสที่ 1,ผู้ประกอบวิชาชีพด้านเทคนิคสาขาต่าง ๆ และอาชีพที่เกี่ยวข้อง,176,ภาคกลาง,774.7,พันคน,สำนักงานสถิติแห่งชาติ
2568,ไตรมาสที่ 1/2568,01. ผู้บัญญัติกฎหมาย ข้าราชการระดับอาวุโสและผู้จัดการ,177,1) กรุงเทพมหานคร,338.2,พันคน,สำนักงานสถิติแห่งชาติ
2568,ไตรมาสที่ 1/2568,02. ผู้ประกอบวิชาชีพด้านต่างๆ,178,1) กรุงเทพมหานคร,555.6,พันคน,สำนักงานสถิติแห่งชาติ
2568,ไตรมาสที่ 1/2568,03. ผู้ประกอบวิชาชีพด้านเทคนิคสาขาต่าง ๆ และอาชีพที่เกี่ยวข้อง,179,1) กรุงเทพมหานคร,539.8,พันคน,สำนักงานสถิติแห่งชาติ
2568,ไตรมาสที่ 1/2568,04. เสมียน,180,1) กรุงเทพมหานคร,432.9,พันคน,สำนักงานสถิติแห่งชาติ
2568,ไตรมาสที่ 1/2568,05. พนักงานบริการและพนักงานในร้านค้าและตลาด,181,1) กรุงเทพมหานคร,1629.8,พันคน,สำนักงานสถิติแห่งชาติ
2568,ไตรมาสที่ 1/2568,06. ผู้ปฏิบัติงานที่มีฝีมือในด้านการเกษตรและการประมง,182,1) กรุงเทพมหานคร,38.7,พันคน,สำนักงานสถิติแห่งชาติ
2568,ไตรมาสที่ 1/2568,07. ผู้ปฏิบัติงานด้านความสามารถทางฝีมือและธุรกิจการค้าที่เกี่ยวข้อง,183,1) กรุงเทพมหานคร,638.2,พันคน,สำนักงานสถิติแห่งชาติ
2568,ไตรมาสที่ 1/2568,08. ผู้ปฏิบัติการโรงงานและเครื่องจักรและผู้ปฏิบัติงานด้านการประกอบ,184,1) กรุงเทพมหานคร,868.8,พันคน,สำนักงานสถิติแห่งชาติ
2568,ไตรมาสที่ 1/2568,09. อาชีพขั้นพื้นฐานต่างๆ ในด้านการขายและการให้บริการ,185,1) กรุงเทพมหานคร,668.8,พันคน,สำนักงานสถิติแห่งชาติ
2568,ไตรมาสที่ 1/2568,10. คนงานซึ่งมิได้จำแนกไว้ในหมวดอื่น,186,1) กรุงเทพมหานคร,30.7,พันคน,สำนักงานสถิติแห่งชาติ
2568,ไตรมาสที่ 1/2568,01. ผู้บัญญัติกฎหมาย ข้าราชการระดับอาวุโสและผู้จัดการ,187,2) กลาง,324.4,พันคน,สำนักงานสถิติแห่งชาติ
2568,ไตรมาสที่ 1/2568,02. ผู้ประกอบวิชาชีพด้านต่างๆ,188,2) กลาง,554.0,พันคน,สำนักงานสถิติแห่งชาติ
2568,ไตรมาสที่ 1/2568,03. ผู้ประกอบวิชาชีพด้านเทคนิคสาขาต่าง ๆ และอาชีพที่เกี่ยวข้อง,189,2) กลาง,554.1,พันคน,สำนักงานสถิติแห่งชาติ
2568,ไตรมาสที่ 1/2568,04. เสมียน,190,2) กลาง,646.8,พันคน,สำนักงานสถิติแห่งชาติ
2568,ไตรมาสที่ 1/2568,05. พนักงานบริการและพนักงานในร้านค้าและตลาด,191,2) กลาง,2063.6,พันคน,สำนักงานสถิติแห่งชาติ
2568,ไตรมาสที่ 1/2568,06. ผู้ปฏิบัติงานที่มีฝีมือในด้านการเกษตรและการประมง,192,2) กลาง,992.8,พันคน,สำนักงานสถิติแห่งชาติ
2568,ไตรมาสที่ 1/2568,07. ผู้ปฏิบัติงานด้านความสามารถทางฝีมือและธุรกิจการค้าที่เกี่ยวข้อง,193,2) กลาง,1186.2,พันคน,สำนักงานสถิติแห่งชาติ
2568,ไตรมาสที่ 1/2568,08. ผู้ปฏิบัติการโรงงานและเครื่องจักรและผู้ปฏิบัติงานด้านการประกอบ,194,2) กลาง,1712.2,พันคน,สำนักงานสถิติแห่งชาติ
2568,ไตรมาสที่ 1/2568,09. อาชีพขั้นพื้นฐานต่างๆ ในด้านการขายและการให้บริการ,195,2) กลาง,1406.4,พันคน,สำนักงานสถิติแห่งชาติ
2568,ไตรมาสที่ 1/2568,10. คนงานซึ่งมิได้จำแนกไว้ในหมวดอื่น,196,2) กลาง,40.9,พันคน,สำนักงานสถิติแห่งชาติ
2568,ไตรมาสที่ 1/2568,01. ผู้บัญญัติกฎหมาย ข้าราชการระดับอาวุโสและผู้จัดการ,197,3) ใต้,105.1,พันคน,สำนักงานสถิติแห่งชาติ
2568,ไตรมาสที่ 1/2568,02. ผู้ประกอบวิชาชีพด้านต่างๆ,198,3) ใต้,204.5,พันคน,สำนักงานสถิติแห่งชาติ
2568,ไตรมาสที่ 1/2568,03. ผู้ประกอบวิชาชีพด้านเทคนิคสาขาต่าง ๆ และอาชีพที่เกี่ยวข้อง,199,3) ใต้,145.8,พันคน,สำนักงานสถิติแห่งชาติ
2568,ไตรมาสที่ 1/2568,04. เสมียน,200,3) ใต้,172.4,พันคน,สำนักงานสถิติแห่งชาติ
2568,ไตรมาสที่ 1/2568,05. พนักงานบริการและพนักงานในร้านค้าและตลาด,201,3) ใต้,945.5,พันคน,สำนักงานสถิติแห่งชาติ
2568,ไตรมาสที่ 1/2568,06. ผู้ปฏิบัติงานที่มีฝีมือในด้านการเกษตรและการประมง,202,3) ใต้,1665.8,พันคน,สำนักงานสถิติแห่งชาติ
2568,ไตรมาสที่ 1/2568,07. ผู้ปฏิบัติงานด้านความสามารถทางฝีมือและธุรกิจการค้าที่เกี่ยวข้อง,203,3) ใต้,386.5,พันคน,สำนักงานสถิติแห่งชาติ
2568,ไตรมาสที่ 1/2568,08. ผู้ปฏิบัติการโรงงานและเครื่องจักรและผู้ปฏิบัติงานด้านการประกอบ,204,3) ใต้,229.0,พันคน,สำนักงานสถิติแห่งชาติ
2568,ไตรมาสที่ 1/2568,09. อาชีพขั้นพื้นฐานต่างๆ ในด้านการขายและการให้บริการ,205,3) ใต้,528.9,พันคน,สำนักงานสถิติแห่งชาติ
2568,ไตรมาสที่ 1/2568,01. ผู้บัญญัติกฎหมาย ข้าราชการระดับอาวุโสและผู้จัดการ,206,4) ใต้ชายแดน,30.0,พันคน,สำนักงานสถิติแห่งชาติ
2568,ไตรมาสที่ 1/2568,02. ผู้ประกอบวิชาชีพด้านต่างๆ,207,4) ใต้ชายแดน,67.0,พันคน,สำนักงานสถิติแห่งชาติ
2568,ไตรมาสที่ 1/2568,03. ผู้ประกอบวิชาชีพด้านเทคนิคสาขาต่าง ๆ และอาชีพที่เกี่ยวข้อง,208,4) ใต้ชายแดน,22.9,พันคน,สำนักงานสถิติแห่งชาติ
2568,ไตรมาสที่ 1/2568,04. เสมียน,209,4) ใต้ชายแดน,23.7,พันคน,สำนักงานสถิติแห่งชาติ
2568,ไตรมาสที่ 1/2568,05. พนักงานบริการและพนักงานในร้านค้าและตลาด,210,4) ใต้ชายแดน,224.1,พันคน,สำนักงานสถิติแห่งชาติ
2568,ไตรมาสที่ 1/2568,09. อาชีพขั้นพื้นฐานต่างๆ ในด้านการขายและการให้บริการ,211,7) เหนือ,946.9,พันคน,สำนักงานสถิติแห่งชาติ
2568,ไตรมาสที่ 2/2568,01. ผู้บัญญัติกฎหมาย ข้าราชการระดับอาวุโสและผู้จัดการ,212,1) กรุงเทพมหานคร,347.3,พันคน,สำนักงานสถิติแห่งชาติ
2568,ไตรมาสที่ 2/2568,02. ผู้ประกอบวิชาชีพด้านต่างๆ,213,1) กรุงเทพมหานคร,582.2,พันคน,สำนักงานสถิติแห่งชาติ
2568,ไตรมาสที่ 2/2568,03. ผู้ประกอบวิชาชีพด้านเทคนิคสาขาต่าง ๆ และอาชีพที่เกี่ยวข้อง,214,1) กรุงเทพมหานคร,528.0,พันคน,สำนักงานสถิติแห่งชาติ
2568,ไตรมาสที่ 2/2568,04. เสมียน,215,1) กรุงเทพมหานคร,465.7,พันคน,สำนักงานสถิติแห่งชาติ
2568,ไตรมาสที่ 2/2568,05. พนักงานบริการและพนักงานในร้านค้าและตลาด,216,1) กรุงเทพมหานคร,1577.9,พันคน,สำนักงานสถิติแห่งชาติ
2568,ไตรมาสที่ 2/2568,07. ผู้ปฏิบัติงานด้านความสามารถทางฝีมือและธุรกิจการค้าที่เกี่ยวข้อง,217,1) กรุงเทพมหานคร,631.9,พันคน,สำนักงานสถิติแห่งชาติ
2568,ไตรมาสที่ 2/2568,08. ผู้ปฏิบัติการโรงงานและเครื่องจักรและผู้ปฏิบัติงานด้านการประกอบ,218,1) กรุงเทพมหานคร,863.6,พันคน,สำนักงานสถิติแห่งชาติ
2568,ไตรมาสที่ 2/2568,09. อาชีพขั้นพื้นฐานต่างๆ ในด้านการขายและการให้บริการ,219,1) กรุงเทพมหานคร,661.4,พันคน,สำนักงานสถิติแห่งชาติ
2568,ไตรมาสที่ 2/2568,10. คนงานซึ่งมิได้จำแนกไว้ในหมวดอื่น,220,1) กรุงเทพมหานคร,20.1,พันคน,สำนักงานสถิติแห่งชาติ
2568,ไตรมาสที่ 2/2568,01. ผู้บัญญัติกฎหมาย ข้าราชการระดับอาวุโสและผู้จัดการ,221,2) กลาง,360.0,พันคน,สำนักงานสถิติแห่งชาติ
2568,ไตรมาสที่ 2/2568,02. ผู้ประกอบวิชาชีพด้านต่างๆ,222,2) กลาง,553.5,พันคน,สำนักงานสถิติแห่งชาติ
2568,ไตรมาสที่ 2/2568,03. ผู้ประกอบวิชาชีพด้านเทคนิคสาขาต่าง ๆ และอาชีพที่เกี่ยวข้อง,223,2) กลาง,516.7,พันคน,สำนักงานสถิติแห่งชาติ
2568,ไตรมาสที่ 2/2568,04. เสมียน,224,2) กลาง,636.1,พันคน,สำนักงานสถิติแห่งชาติ
2568,ไตรมาสที่ 2/2568,05. พนักงานบริการและพนักงานในร้านค้าและตลาด,225,2) กลาง,2043.7,พันคน,สำนักงานสถิติแห่งชาติ
2568,ไตรมาสที่ 2/2568,06. ผู้ปฏิบัติงานที่มีฝีมือในด้านการเกษตรและการประมง,226,2) กลาง,1053.0,พันคน,สำนักงานสถิติแห่งชาติ
2568,ไตรมาสที่ 2/2568,07. ผู้ปฏิบัติงานด้านความสามารถทางฝีมือและธุรกิจการค้าที่เกี่ยวข้อง,227,2) กลาง,1138.5,พันคน,สำนักงานสถิติแห่งชาติ
2568,ไตรมาสที่ 2/2568,08. ผู้ปฏิบัติการโรงงานและเครื่องจักรและผู้ปฏิบัติงานด้านการประกอบ,228,2) กลาง,1772.4,พันคน,สำนักงานสถิติแห่งชาติ
2568,ไตรมาสที่ 2/2568,09. อาชีพขั้นพื้นฐานต่างๆ ในด้านการขายและการให้บริการ,229,2) กลาง,1345.1,พันคน,สำนักงานสถิติแห่งชาติ
2568,ไตรมาสที่ 2/2568,10. คนงานซึ่งมิได้จำแนกไว้ในหมวดอื่น,230,2) กลาง,70.7,พันคน,สำนักงานสถิติแห่งชาติ
2568,ไตรมาสที่ 2/2568,01. ผู้บัญญัติกฎหมาย ข้าราชการระดับอาวุโสและผู้จัดการ,231,3) ใต้,105.7,พันคน,สำนักงานสถิติแห่งชาติ
2568,ไตรมาสที่ 2/2568,02. ผู้ประกอบวิชาชีพด้านต่างๆ,232,3) ใต้,221.6,พันคน,สำนักงานสถิติแห่งชาติ
2568,ไตรมาสที่ 2/2568,03. ผู้ประกอบวิชาชีพด้านเทคนิคสาขาต่าง ๆ และอาชีพที่เกี่ยวข้อง,233,3) ใต้,148.3,พันคน,สำนักงานสถิติแห่งชาติ
2568,ไตรมาสที่ 2/2568,04. เสมียน,234,3) ใต้,161.0,พันคน,สำนักงานสถิติแห่งชาติ
2568,ไตรมาสที่ 2/2568,05. พนักงานบริการและพนักงานในร้านค้าและตลาด,235,3) ใต้,944.8,พันคน,สำนักงานสถิติแห่งชาติ
2568,ไตรมาสที่ 2/2568,06. ผู้ปฏิบัติงานที่มีฝีมือในด้านการเกษตรและการประมง,236,3) ใต้,1606.8,พันคน,สำนักงานสถิติแห่งชาติ
2568,ไตรมาสที่ 2/2568,07. ผู้ปฏิบัติงานด้านความสามารถทางฝีมือและธุรกิจการค้าที่เกี่ยวข้อง,237,3) ใต้,380.0,พันคน,สำนักงานสถิติแห่งชาติ
2568,ไตรมาสที่ 2/2568,08. ผู้ปฏิบัติการโรงงานและเครื่องจักรและผู้ปฏิบัติงานด้านการประกอบ,238,3) ใต้,247.2,พันคน,สำนักงานสถิติแห่งชาติ
2568,ไตรมาสที่ 2/2568,09. อาชีพขั้นพื้นฐานต่างๆ ในด้านการขายและการให้บริการ,239,3) ใต้,529.6,พันคน,สำนักงานสถิติแห่งชาติ
2568,ไตรมาสที่ 2/2568,01. ผู้บัญญัติกฎหมาย ข้าราชการระดับอาวุโสและผู้จัดการ,240,4) ใต้ชายแดน,28.4,พันคน,สำนักงานสถิติแห่งชาติ
2568,ไตรมาสที่ 2/2568,02. ผู้ประกอบวิชาชีพด้านต่างๆ,241,4) ใต้ชายแดน,64.2,พันคน,สำนักงานสถิติแห่งชาติ
2568,ไตรมาสที่ 2/2568,03. ผู้ประกอบวิชาชีพด้านเทคนิคสาขาต่าง ๆ และอาชีพที่เกี่ยวข้อง,242,4) ใต้ชายแดน,24.3,พันคน,สำนักงานสถิติแห่งชาติ
2568,ไตรมาสที่ 2/2568,06. ผู้ปฏิบัติงานที่มีฝีมือในด้านการเกษตรและการประมง,243,1) กรุงเทพมหานคร,52.1,พันคน,สำนักงานสถิติแห่งชาติ
2568,ไตรมาสที่ 2/2568,04. เสมียน,244,4) ใต้ชายแดน,22.7,พันคน,สำนักงานสถิติแห่งชาติ
2568,ไตรมาสที่ 2/2568,05. พนักงานบริการและพนักงานในร้านค้าและตลาด,245,4) ใต้ชายแดน,224.3,พันคน,สำนักงานสถิติแห่งชาติ
2568,ไตรมาสที่ 2/2568,06. ผู้ปฏิบัติงานที่มีฝีมือในด้านการเกษตรและการประมง,246,4) ใต้ชายแดน,372.7,พันคน,สำนักงานสถิติแห่งชาติ
2568,ไตรมาสที่ 2/2568,07. ผู้ปฏิบัติงานด้านความสามารถทางฝีมือและธุรกิจการค้าที่เกี่ยวข้อง,247,4) ใต้ชายแดน,128.3,พันคน,สำนักงานสถิติแห่งชาติ
2568,ไตรมาสที่ 2/2568,08. ผู้ปฏิบัติการโรงงานและเครื่องจักรและผู้ปฏิบัติงานด้านการประกอบ,248,4) ใต้ชายแดน,26.6,พันคน,สำนักงานสถิติแห่งชาติ
2568,ไตรมาสที่ 2/2568,09. อาชีพขั้นพื้นฐานต่างๆ ในด้านการขายและการให้บริการ,249,4) ใต้ชายแดน,75.6,พันคน,สำนักงานสถิติแห่งชาติ
2568,ไตรมาสที่ 2/2568,01. ผู้บัญญัติกฎหมาย ข้าราชการระดับอาวุโสและผู้จัดการ,250,5) ตะวันออก,133.7,พันคน,สำนักงานสถิติแห่งชาติ
2568,ไตรมาสที่ 2/2568,02. ผู้ประกอบวิชาชีพด้านต่างๆ,251,5) ตะวันออก,153.8,พันคน,สำนักงานสถิติแห่งชาติ
2568,ไตรมาสที่ 2/2568,03. ผู้ประกอบวิชาชีพด้านเทคนิคสาขาต่าง ๆ และอาชีพที่เกี่ยวข้อง,252,5) ตะวันออก,185.3,พันคน,สำนักงานสถิติแห่งชาติ
2568,ไตรมาสที่ 2/2568,04. เสมียน,253,5) ตะวันออก,177.4,พันคน,สำนักงานสถิติแห่งชาติ
2568,ไตรมาสที่ 2/2568,05. พนักงานบริการและพนักงานในร้านค้าและตลาด,254,5) ตะวันออก,894.8,พันคน,สำนักงานสถิติแห่งชาติ
2568,ไตรมาสที่ 2/2568,06. ผู้ปฏิบัติงานที่มีฝีมือในด้านการเกษตรและการประมง,255,5) ตะวันออก,564.4,พันคน,สำนักงานสถิติแห่งชาติ
2568,ไตรมาสที่ 2/2568,07. ผู้ปฏิบัติงานด้านความสามารถทางฝีมือและธุรกิจการค้าที่เกี่ยวข้อง,256,5) ตะวันออก,547.2,พันคน,สำนักงานสถิติแห่งชาติ
2568,ไตรมาสที่ 2/2568,08. ผู้ปฏิบัติการโรงงานและเครื่องจักรและผู้ปฏิบัติงานด้านการประกอบ,257,5) ตะวันออก,807.8,พันคน,สำนักงานสถิติแห่งชาติ
2568,ไตรมาสที่ 2/2568,09. อาชีพขั้นพื้นฐานต่างๆ ในด้านการขายและการให้บริการ,258,5) ตะวันออก,520.3,พันคน,สำนักงานสถิติแห่งชาติ
2568,ไตรมาสที่ 2/2568,10. คนงานซึ่งมิได้จำแนกไว้ในหมวดอื่น,259,5) ตะวันออก,15.4,พันคน,สำนักงานสถิติแห่งชาติ
2568,ไตรมาสที่ 2/2568,01. ผู้บัญญัติกฎหมาย ข้าราชการระดับอาวุโสและผู้จัดการ,260,6) ตะวันออกเฉียงเหนือ,245.6,พันคน,สำนักงานสถิติแห่งชาติ
2568,ไตรมาสที่ 2/2568,02. ผู้ประกอบวิชาชีพด้านต่างๆ,261,6) ตะวันออกเฉียงเหนือ,373.5,พันคน,สำนักงานสถิติแห่งชาติ
2568,ไตรมาสที่ 2/2568,03. ผู้ประกอบวิชาชีพด้านเทคนิคสาขาต่าง ๆ และอาชีพที่เกี่ยวข้อง,262,6) ตะวันออกเฉียงเหนือ,209.0,พันคน,สำนักงานสถิติแห่งชาติ
2568,ไตรมาสที่ 2/2568,04. เสมียน,263,6) ตะวันออกเฉียงเหนือ,215.0,พันคน,สำนักงานสถิติแห่งชาติ
2568,ไตรมาสที่ 2/2568,05. พนักงานบริการและพนักงานในร้านค้าและตลาด,264,6) ตะวันออกเฉียงเหนือ,1704.7,พันคน,สำนักงานสถิติแห่งชาติ
2568,ไตรมาสที่ 2/2568,06. ผู้ปฏิบัติงานที่มีฝีมือในด้านการเกษตรและการประมง,265,6) ตะวันออกเฉียงเหนือ,4126.1,พันคน,สำนักงานสถิติแห่งชาติ
2568,ไตรมาสที่ 2/2568,07. ผู้ปฏิบัติงานด้านความสามารถทางฝีมือและธุรกิจการค้าที่เกี่ยวข้อง,266,6) ตะวันออกเฉียงเหนือ,726.5,พันคน,สำนักงานสถิติแห่งชาติ
2568,ไตรมาสที่ 2/2568,08. ผู้ปฏิบัติการโรงงานและเครื่องจักรและผู้ปฏิบัติงานด้านการประกอบ,267,6) ตะวันออกเฉียงเหนือ,425.8,พันคน,สำนักงานสถิติแห่งชาติ
2568,ไตรมาสที่ 2/2568,09. อาชีพขั้นพื้นฐานต่างๆ ในด้านการขายและการให้บริการ,268,6) ตะวันออกเฉียงเหนือ,969.1,พันคน,สำนักงานสถิติแห่งชาติ
2568,ไตรมาสที่ 2/2568,01. ผู้บัญญัติกฎหมาย ข้าราชการระดับอาวุโสและผู้จัดการ,269,7) เหนือ,152.3,พันคน,สำนักงานสถิติแห่งชาติ
2568,ไตรมาสที่ 2/2568,02. ผู้ประกอบวิชาชีพด้านต่างๆ,270,7) เหนือ,311.7,พันคน,สำนักงานสถิติแห่งชาติ
2568,ไตรมาสที่ 2/2568,03. ผู้ประกอบวิชาชีพด้านเทคนิคสาขาต่าง ๆ และอาชีพที่เกี่ยวข้อง,271,7) เหนือ,187.0,พันคน,สำนักงานสถิติแห่งชาติ
2568,ไตรมาสที่ 2/2568,04. เสมียน,272,7) เหนือ,218.9,พันคน,สำนักงานสถิติแห่งชาติ
2568,ไตรมาสที่ 2/2568,05. พนักงานบริการและพนักงานในร้านค้าและตลาด,273,7) เหนือ,1159.8,พันคน,สำนักงานสถิติแห่งชาติ
2568,ไตรมาสที่ 2/2568,06. ผู้ปฏิบัติงานที่มีฝีมือในด้านการเกษตรและการประมง,274,7) เหนือ,2138.0,พันคน,สำนักงานสถิติแห่งชาติ
2568,ไตรมาสที่ 2/2568,07. ผู้ปฏิบัติงานด้านความสามารถทางฝีมือและธุรกิจการค้าที่เกี่ยวข้อง,275,7) เหนือ,622.7,พันคน,สำนักงานสถิติแห่งชาติ
2568,ไตรมาสที่ 2/2568,08. ผู้ปฏิบัติการโรงงานและเครื่องจักรและผู้ปฏิบัติงานด้านการประกอบ,276,7) เหนือ,320.9,พันคน,สำนักงานสถิติแห่งชาติ
2568,ไตรมาสที่ 2/2568,09. อาชีพขั้นพื้นฐานต่างๆ ในด้านการขายและการให้บริการ,277,7) เหนือ,871.1,พันคน,สำนักงานสถิติแห่งชาติ
2568,ไตรมาสที่ 2/2568,10. คนงานซึ่งมิได้จำแนกไว้ในหมวดอื่น,278,7) เหนือ,0.2,พันคน,สำนักงานสถิติแห่งชาติ
2568,ไตรมาสที่ 3/2568,01. ผู้บัญญัติกฎหมาย ข้าราชการระดับอาวุโสและผู้จัดการ,279,1) กรุงเทพมหานคร,360.6,พันคน,สำนักงานสถิติแห่งชาติ
2568,ไตรมาสที่ 3/2568,02. ผู้ประกอบวิชาชีพด้านต่างๆ,280,1) กรุงเทพมหานคร,582.2,พันคน,สำนักงานสถิติแห่งชาติ
2568,ไตรมาสที่ 3/2568,03. ผู้ประกอบวิชาชีพด้านเทคนิคสาขาต่าง ๆ และอาชีพที่เกี่ยวข้อง,281,1) กรุงเทพมหานคร,524.4,พันคน,สำนักงานสถิติแห่งชาติ
2568,ไตรมาสที่ 3/2568,04. เสมียน,282,1) กรุงเทพมหานคร,473.2,พันคน,สำนักงานสถิติแห่งชาติ
2568,ไตรมาสที่ 3/2568,05. พนักงานบริการและพนักงานในร้านค้าและตลาด,283,1) กรุงเทพมหานคร,1554.5,พันคน,สำนักงานสถิติแห่งชาติ
2568,ไตรมาสที่ 3/2568,06. ผู้ปฏิบัติงานที่มีฝีมือในด้านการเกษตรและการประมง,284,1) กรุงเทพมหานคร,51.9,พันคน,สำนักงานสถิติแห่งชาติ
2568,ไตรมาสที่ 3/2568,07. ผู้ปฏิบัติงานด้านความสามารถทางฝีมือและธุรกิจการค้าที่เกี่ยวข้อง,285,1) กรุงเทพมหานคร,617.8,พันคน,สำนักงานสถิติแห่งชาติ
2568,ไตรมาสที่ 3/2568,08. ผู้ปฏิบัติการโรงงานและเครื่องจักรและผู้ปฏิบัติงานด้านการประกอบ,286,1) กรุงเทพมหานคร,843.8,พันคน,สำนักงานสถิติแห่งชาติ
2568,ไตรมาสที่ 3/2568,09. อาชีพขั้นพื้นฐานต่างๆ ในด้านการขายและการให้บริการ,287,1) กรุงเทพมหานคร,634.5,พันคน,สำนักงานสถิติแห่งชาติ
2568,ไตรมาสที่ 3/2568,10. คนงานซึ่งมิได้จำแนกไว้ในหมวดอื่น,288,1) กรุงเทพมหานคร,14.9,พันคน,สำนักงานสถิติแห่งชาติ
2568,ไตรมาสที่ 3/2568,01. ผู้บัญญัติกฎหมาย ข้าราชการระดับอาวุโสและผู้จัดการ,289,2) กลาง,356.8,พันคน,สำนักงานสถิติแห่งชาติ
2568,ไตรมาสที่ 3/2568,02. ผู้ประกอบวิชาชีพด้านต่างๆ,290,2) กลาง,509.7,พันคน,สำนักงานสถิติแห่งชาติ
2568,ไตรมาสที่ 3/2568,03. ผู้ประกอบวิชาชีพด้านเทคนิคสาขาต่าง ๆ และอาชีพที่เกี่ยวข้อง,291,2) กลาง,560.8,พันคน,สำนักงานสถิติแห่งชาติ
2568,ไตรมาสที่ 3/2568,04. เสมียน,292,2) กลาง,547.3,พันคน,สำนักงานสถิติแห่งชาติ
2568,ไตรมาสที่ 3/2568,05. พนักงานบริการและพนักงานในร้านค้าและตลาด,293,2) กลาง,2063.3,พันคน,สำนักงานสถิติแห่งชาติ
2568,ไตรมาสที่ 3/2568,06. ผู้ปฏิบัติงานที่มีฝีมือในด้านการเกษตรและการประมง,294,2) กลาง,1070.6,พันคน,สำนักงานสถิติแห่งชาติ
2568,ไตรมาสที่ 3/2568,07. ผู้ปฏิบัติงานด้านความสามารถทางฝีมือและธุรกิจการค้าที่เกี่ยวข้อง,295,2) กลาง,1156.6,พันคน,สำนักงานสถิติแห่งชาติ
2568,ไตรมาสที่ 3/2568,08. ผู้ปฏิบัติการโรงงานและเครื่องจักรและผู้ปฏิบัติงานด้านการประกอบ,296,2) กลาง,1736.3,พันคน,สำนักงานสถิติแห่งชาติ
2568,ไตรมาสที่ 3/2568,09. อาชีพขั้นพื้นฐานต่างๆ ในด้านการขายและการให้บริการ,297,2) กลาง,1291.6,พันคน,สำนักงานสถิติแห่งชาติ
2568,ไตรมาสที่ 3/2568,10. คนงานซึ่งมิได้จำแนกไว้ในหมวดอื่น,298,2) กลาง,105.9,พันคน,สำนักงานสถิติแห่งชาติ
2568,ไตรมาสที่ 3/2568,01. ผู้บัญญัติกฎหมาย ข้าราชการระดับอาวุโสและผู้จัดการ,299,3) ใต้,107.0,พันคน,สำนักงานสถิติแห่งชาติ
2568,ไตรมาสที่ 3/2568,02. ผู้ประกอบวิชาชีพด้านต่างๆ,300,3) ใต้,216.2,พันคน,สำนักงานสถิติแห่งชาติ
2568,ไตรมาสที่ 3/2568,03. ผู้ประกอบวิชาชีพด้านเทคนิคสาขาต่าง ๆ และอาชีพที่เกี่ยวข้อง,301,3) ใต้,172.2,พันคน,สำนักงานสถิติแห่งชาติ
2568,ไตรมาสที่ 3/2568,04. เสมียน,302,3) ใต้,165.9,พันคน,สำนักงานสถิติแห่งชาติ
2568,ไตรมาสที่ 3/2568,05. พนักงานบริการและพนักงานในร้านค้าและตลาด,303,3) ใต้,951.2,พันคน,สำนักงานสถิติแห่งชาติ
2568,ไตรมาสที่ 3/2568,06. ผู้ปฏิบัติงานที่มีฝีมือในด้านการเกษตรและการประมง,304,3) ใต้,1611.9,พันคน,สำนักงานสถิติแห่งชาติ
2568,ไตรมาสที่ 3/2568,07. ผู้ปฏิบัติงานด้านความสามารถทางฝีมือและธุรกิจการค้าที่เกี่ยวข้อง,305,3) ใต้,369.5,พันคน,สำนักงานสถิติแห่งชาติ
2568,ไตรมาสที่ 3/2568,08. ผู้ปฏิบัติการโรงงานและเครื่องจักรและผู้ปฏิบัติงานด้านการประกอบ,306,3) ใต้,239.7,พันคน,สำนักงานสถิติแห่งชาติ
2568,ไตรมาสที่ 3/2568,09. อาชีพขั้นพื้นฐานต่างๆ ในด้านการขายและการให้บริการ,307,3) ใต้,545.6,พันคน,สำนักงานสถิติแห่งชาติ
2568,ไตรมาสที่ 3/2568,01. ผู้บัญญัติกฎหมาย ข้าราชการระดับอาวุโสและผู้จัดการ,308,4) ใต้ชายแดน,25.9,พันคน,สำนักงานสถิติแห่งชาติ
2568,ไตรมาสที่ 3/2568,02. ผู้ประกอบวิชาชีพด้านต่างๆ,309,4) ใต้ชายแดน,68.3,พันคน,สำนักงานสถิติแห่งชาติ
2568,ไตรมาสที่ 3/2568,03. ผู้ประกอบวิชาชีพด้านเทคนิคสาขาต่าง ๆ และอาชีพที่เกี่ยวข้อง,310,4) ใต้ชายแดน,24.2,พันคน,สำนักงานสถิติแห่งชาติ
2568,ไตรมาสที่ 3/2568,04. เสมียน,311,4) ใต้ชายแดน,17.0,พันคน,สำนักงานสถิติแห่งชาติ
2568,ไตรมาสที่ 3/2568,05. พนักงานบริการและพนักงานในร้านค้าและตลาด,312,4) ใต้ชายแดน,221.0,พันคน,สำนักงานสถิติแห่งชาติ
2568,ไตรมาสที่ 3/2568,06. ผู้ปฏิบัติงานที่มีฝีมือในด้านการเกษตรและการประมง,313,4) ใต้ชายแดน,377.7,พันคน,สำนักงานสถิติแห่งชาติ
2568,ไตรมาสที่ 3/2568,07. ผู้ปฏิบัติงานด้านความสามารถทางฝีมือและธุรกิจการค้าที่เกี่ยวข้อง,314,4) ใต้ชายแดน,112.7,พันคน,สำนักงานสถิติแห่งชาติ
2568,ไตรมาสที่ 3/2568,08. ผู้ปฏิบัติการโรงงานและเครื่องจักรและผู้ปฏิบัติงานด้านการประกอบ,315,4) ใต้ชายแดน,29.3,พันคน,สำนักงานสถิติแห่งชาติ
2568,ไตรมาสที่ 3/2568,09. อาชีพขั้นพื้นฐานต่างๆ ในด้านการขายและการให้บริการ,316,4) ใต้ชายแดน,83.1,พันคน,สำนักงานสถิติแห่งชาติ
2568,ไตรมาสที่ 3/2568,01. ผู้บัญญัติกฎหมาย ข้าราชการระดับอาวุโสและผู้จัดการ,317,5) ตะวันออก,108.4,พันคน,สำนักงานสถิติแห่งชาติ
2568,ไตรมาสที่ 3/2568,02. ผู้ประกอบวิชาชีพด้านต่างๆ,318,5) ตะวันออก,141.9,พันคน,สำนักงานสถิติแห่งชาติ
2568,ไตรมาสที่ 3/2568,03. ผู้ประกอบวิชาชีพด้านเทคนิคสาขาต่าง ๆ และอาชีพที่เกี่ยวข้อง,319,5) ตะวันออก,207.8,พันคน,สำนักงานสถิติแห่งชาติ
2568,ไตรมาสที่ 3/2568,04. เสมียน,320,5) ตะวันออก,190.2,พันคน,สำนักงานสถิติแห่งชาติ
2568,ไตรมาสที่ 3/2568,05. พนักงานบริการและพนักงานในร้านค้าและตลาด,321,5) ตะวันออก,934.7,พันคน,สำนักงานสถิติแห่งชาติ
2568,ไตรมาสที่ 3/2568,06. ผู้ปฏิบัติงานที่มีฝีมือในด้านการเกษตรและการประมง,322,5) ตะวันออก,570.1,พันคน,สำนักงานสถิติแห่งชาติ
2568,ไตรมาสที่ 3/2568,07. ผู้ปฏิบัติงานด้านความสามารถทางฝีมือและธุรกิจการค้าที่เกี่ยวข้อง,323,5) ตะวันออก,506.9,พันคน,สำนักงานสถิติแห่งชาติ
2568,ไตรมาสที่ 3/2568,08. ผู้ปฏิบัติการโรงงานและเครื่องจักรและผู้ปฏิบัติงานด้านการประกอบ,324,5) ตะวันออก,873.8,พันคน,สำนักงานสถิติแห่งชาติ
2568,ไตรมาสที่ 3/2568,09. อาชีพขั้นพื้นฐานต่างๆ ในด้านการขายและการให้บริการ,325,5) ตะวันออก,506.2,พันคน,สำนักงานสถิติแห่งชาติ
2568,ไตรมาสที่ 3/2568,10. คนงานซึ่งมิได้จำแนกไว้ในหมวดอื่น,326,5) ตะวันออก,7.5,พันคน,สำนักงานสถิติแห่งชาติ
2568,ไตรมาสที่ 3/2568,01. ผู้บัญญัติกฎหมาย ข้าราชการระดับอาวุโสและผู้จัดการ,327,6) ตะวันออกเฉียงเหนือ,249.4,พันคน,สำนักงานสถิติแห่งชาติ
2568,ไตรมาสที่ 3/2568,02. ผู้ประกอบวิชาชีพด้านต่างๆ,328,6) ตะวันออกเฉียงเหนือ,352.4,พันคน,สำนักงานสถิติแห่งชาติ
2568,ไตรมาสที่ 3/2568,03. ผู้ประกอบวิชาชีพด้านเทคนิคสาขาต่าง ๆ และอาชีพที่เกี่ยวข้อง,329,6) ตะวันออกเฉียงเหนือ,189.4,พันคน,สำนักงานสถิติแห่งชาติ
2568,ไตรมาสที่ 3/2568,04. เสมียน,330,6) ตะวันออกเฉียงเหนือ,213.6,พันคน,สำนักงานสถิติแห่งชาติ
2568,ไตรมาสที่ 3/2568,05. พนักงานบริการและพนักงานในร้านค้าและตลาด,331,6) ตะวันออกเฉียงเหนือ,1619.0,พันคน,สำนักงานสถิติแห่งชาติ
2568,ไตรมาสที่ 3/2568,06. ผู้ปฏิบัติงานที่มีฝีมือในด้านการเกษตรและการประมง,332,6) ตะวันออกเฉียงเหนือ,4833.1,พันคน,สำนักงานสถิติแห่งชาติ
2568,ไตรมาสที่ 3/2568,07. ผู้ปฏิบัติงานด้านความสามารถทางฝีมือและธุรกิจการค้าที่เกี่ยวข้อง,333,6) ตะวันออกเฉียงเหนือ,663.9,พันคน,สำนักงานสถิติแห่งชาติ
2568,ไตรมาสที่ 3/2568,08. ผู้ปฏิบัติการโรงงานและเครื่องจักรและผู้ปฏิบัติงานด้านการประกอบ,334,6) ตะวันออกเฉียงเหนือ,354.7,พันคน,สำนักงานสถิติแห่งชาติ
2568,ไตรมาสที่ 3/2568,09. อาชีพขั้นพื้นฐานต่างๆ ในด้านการขายและการให้บริการ,335,6) ตะวันออกเฉียงเหนือ,851.3,พันคน,สำนักงานสถิติแห่งชาติ
2568,ไตรมาสที่ 3/2568,01. ผู้บัญญัติกฎหมาย ข้าราชการระดับอาวุโสและผู้จัดการ,336,7) เหนือ,157.2,พันคน,สำนักงานสถิติแห่งชาติ
2568,ไตรมาสที่ 3/2568,02. ผู้ประกอบวิชาชีพด้านต่างๆ,337,7) เหนือ,330.1,พันคน,สำนักงานสถิติแห่งชาติ
2568,ไตรมาสที่ 3/2568,03. ผู้ประกอบวิชาชีพด้านเทคนิคสาขาต่าง ๆ และอาชีพที่เกี่ยวข้อง,338,7) เหนือ,168.4,พันคน,สำนักงานสถิติแห่งชาติ
2568,ไตรมาสที่ 3/2568,04. เสมียน,339,7) เหนือ,190.2,พันคน,สำนักงานสถิติแห่งชาติ
2568,ไตรมาสที่ 3/2568,05. พนักงานบริการและพนักงานในร้านค้าและตลาด,340,7) เหนือ,1166.2,พันคน,สำนักงานสถิติแห่งชาติ
2568,ไตรมาสที่ 3/2568,06. ผู้ปฏิบัติงานที่มีฝีมือในด้านการเกษตรและการประมง,341,7) เหนือ,2403.7,พันคน,สำนักงานสถิติแห่งชาติ
2568,ไตรมาสที่ 3/2568,07. ผู้ปฏิบัติงานด้านความสามารถทางฝีมือและธุรกิจการค้าที่เกี่ยวข้อง,342,7) เหนือ,583.4,พันคน,สำนักงานสถิติแห่งชาติ
2568,ไตรมาสที่ 3/2568,08. ผู้ปฏิบัติการโรงงานและเครื่องจักรและผู้ปฏิบัติงานด้านการประกอบ,343,7) เหนือ,298.1,พันคน,สำนักงานสถิติแห่งชาติ
2568,ไตรมาสที่ 3/2568,09. อาชีพขั้นพื้นฐานต่างๆ ในด้านการขายและการให้บริการ,344,7) เหนือ,785.2,พันคน,สำนักงานสถิติแห่งชาติ
2568,ไตรมาสที่ 3/2568,10. คนงานซึ่งมิได้จำแนกไว้ในหมวดอื่น,345,7) เหนือ,0.2,พันคน,สำนักงานสถิติแห่งชาติ
2563,ไตรมาสที่ 4,คนงานซึ่งมิได้จำแนกไว้ในหมวดอื่น,346,ภาคกลาง,15.3,พันคน,สำนักงานสถิติแห่งชาติ
2563,ไตรมาสที่ 4,ผู้บัญญัติกฎหมาย ข้าราชการระดับอาวุโสและผู้จัดการ,347,ภาคเหนือ,246.8,พันคน,สำนักงานสถิติแห่งชาติ
2563,ไตรมาสที่ 4,ผู้ประกอบวิชาชีพด้านต่างๆ,348,ภาคเหนือ,275.0,พันคน,สำนักงานสถิติแห่งชาติ
2563,ไตรมาสที่ 4,ผู้ประกอบวิชาชีพด้านเทคนิคสาขาต่าง ๆ และอาชีพที่เกี่ยวข้อง,349,ภาคเหนือ,210.6,พันคน,สำนักงานสถิติแห่งชาติ
2563,ไตรมาสที่ 4,เสมียน,350,ภาคเหนือ,185.6,พันคน,สำนักงานสถิติแห่งชาติ
2563,ไตรมาสที่ 4,พนักงานบริการและพนักงานในร้านค้าและตลาด,351,ภาคเหนือ,1080.9,พันคน,สำนักงานสถิติแห่งชาติ
2563,ไตรมาสที่ 4,ผู้ปฏิบัติงานที่มีฝีมือในด้านการเกษตรและการประมง,352,ภาคเหนือ,2492.6,พันคน,สำนักงานสถิติแห่งชาติ
2563,ไตรมาสที่ 4,ผู้ปฏิบัติงานด้านความสามารถทางฝีมือและธุรกิจการค้าที่เกี่ยวข้อง,353,ภาคเหนือ,676.6,พันคน,สำนักงานสถิติแห่งชาติ
2563,ไตรมาสที่ 4,ผู้ปฏิบัติการโรงงานและเครื่องจักรและผู้ปฏิบัติงานด้านการประกอบ,354,ภาคเหนือ,293.4,พันคน,สำนักงานสถิติแห่งชาติ
2563,ไตรมาสที่ 4,อาชีพขั้นพื้นฐานต่างๆ ในด้านการขายและการให้บริการ,355,ภาคเหนือ,746.7,พันคน,สำนักงานสถิติแห่งชาติ
2563,ไตรมาสที่ 4,คนงานซึ่งมิได้จำแนกไว้ในหมวดอื่น,356,ภาคเหนือ,0.0,พันคน,สำนักงานสถิติแห่งชาติ
2563,ไตรมาสที่ 4,ผู้บัญญัติกฎหมาย ข้าราชการระดับอาวุโสและผู้จัดการ,357,ภาคตะวันออกเฉียงเหนือ,434.0,พันคน,สำนักงานสถิติแห่งชาติ
2563,ไตรมาสที่ 4,ผู้ประกอบวิชาชีพด้านต่างๆ,358,ภาคตะวันออกเฉียงเหนือ,430.9,พันคน,สำนักงานสถิติแห่งชาติ
2563,ไตรมาสที่ 4,ผู้ประกอบวิชาชีพด้านเทคนิคสาขาต่าง ๆ และอาชีพที่เกี่ยวข้อง,359,ภาคตะวันออกเฉียงเหนือ,214.6,พันคน,สำนักงานสถิติแห่งชาติ
2563,ไตรมาสที่ 4,เสมียน,360,ภาคตะวันออกเฉียงเหนือ,223.6,พันคน,สำนักงานสถิติแห่งชาติ
2563,ไตรมาสที่ 4,พนักงานบริการและพนักงานในร้านค้าและตลาด,361,ภาคตะวันออกเฉียงเหนือ,1330.3,พันคน,สำนักงานสถิติแห่งชาติ
2563,ไตรมาสที่ 4,ผู้ปฏิบัติงานที่มีฝีมือในด้านการเกษตรและการประมง,362,ภาคตะวันออกเฉียงเหนือ,5199.5,พันคน,สำนักงานสถิติแห่งชาติ
2563,ไตรมาสที่ 4,ผู้ปฏิบัติงานด้านความสามารถทางฝีมือและธุรกิจการค้าที่เกี่ยวข้อง,363,ภาคตะวันออกเฉียงเหนือ,656.1,พันคน,สำนักงานสถิติแห่งชาติ
2563,ไตรมาสที่ 4,ผู้ปฏิบัติการโรงงานและเครื่องจักรและผู้ปฏิบัติงานด้านการประกอบ,364,ภาคตะวันออกเฉียงเหนือ,405.2,พันคน,สำนักงานสถิติแห่งชาติ
2563,ไตรมาสที่ 4,อาชีพขั้นพื้นฐานต่างๆ ในด้านการขายและการให้บริการ,365,ภาคตะวันออกเฉียงเหนือ,752.8,พันคน,สำนักงานสถิติแห่งชาติ
2563,ไตรมาสที่ 4,คนงานซึ่งมิได้จำแนกไว้ในหมวดอื่น,366,ภาคตะวันออกเฉียงเหนือ,0.5,พันคน,สำนักงานสถิติแห่งชาติ
2563,ไตรมาสที่ 4,ผู้บัญญัติกฎหมาย ข้าราชการระดับอาวุโสและผู้จัดการ,367,ภาคใต้,218.3,พันคน,สำนักงานสถิติแห่งชาติ
2563,ไตรมาสที่ 4,ผู้ประกอบวิชาชีพด้านต่างๆ,368,ภาคใต้,217.7,พันคน,สำนักงานสถิติแห่งชาติ
2563,ไตรมาสที่ 4,ผู้ประกอบวิชาชีพด้านเทคนิคสาขาต่าง ๆ และอาชีพที่เกี่ยวข้อง,369,ภาคใต้,206.1,พันคน,สำนักงานสถิติแห่งชาติ
2563,ไตรมาสที่ 4,เสมียน,370,ภาคใต้,157.7,พันคน,สำนักงานสถิติแห่งชาติ
2563,ไตรมาสที่ 4,พนักงานบริการและพนักงานในร้านค้าและตลาด,371,ภาคใต้,1002.0,พันคน,สำนักงานสถิติแห่งชาติ
2563,ไตรมาสที่ 4,ผู้ปฏิบัติงานที่มีฝีมือในด้านการเกษตรและการประมง,372,ภาคใต้,2015.6,พันคน,สำนักงานสถิติแห่งชาติ
2563,ไตรมาสที่ 4,ผู้ปฏิบัติงานด้านความสามารถทางฝีมือและธุรกิจการค้าที่เกี่ยวข้อง,373,ภาคใต้,486.5,พันคน,สำนักงานสถิติแห่งชาติ
2563,ไตรมาสที่ 4,ผู้ปฏิบัติการโรงงานและเครื่องจักรและผู้ปฏิบัติงานด้านการประกอบ,374,ภาคใต้,217.8,พันคน,สำนักงานสถิติแห่งชาติ
2563,ไตรมาสที่ 4,อาชีพขั้นพื้นฐานต่างๆ ในด้านการขายและการให้บริการ,375,ภาคใต้,563.2,พันคน,สำนักงานสถิติแห่งชาติ
2563,ไตรมาสที่ 4,คนงานซึ่งมิได้จำแนกไว้ในหมวดอื่น,376,ภาคใต้,0.0,พันคน,สำนักงานสถิติแห่งชาติ
2564,ไตรมาสที่ 1,ผู้บัญญัติกฎหมาย ข้าราชการระดับอาวุโสและผู้จัดการ,377,กรุงเทพมหานคร,400.4,พันคน,สำนักงานสถิติแห่งชาติ
2564,ไตรมาสที่ 1,ผู้ประกอบวิชาชีพด้านต่างๆ,378,กรุงเทพมหานคร,539.0,พันคน,สำนักงานสถิติแห่งชาติ
2564,ไตรมาสที่ 1,ผู้ประกอบวิชาชีพด้านเทคนิคสาขาต่าง ๆ และอาชีพที่เกี่ยวข้อง,379,กรุงเทพมหานคร,517.3,พันคน,สำนักงานสถิติแห่งชาติ
2564,ไตรมาสที่ 1,เสมียน,380,กรุงเทพมหานคร,405.0,พันคน,สำนักงานสถิติแห่งชาติ
2564,ไตรมาสที่ 1,พนักงานบริการและพนักงานในร้านค้าและตลาด,381,กรุงเทพมหานคร,1526.7,พันคน,สำนักงานสถิติแห่งชาติ
2564,ไตรมาสที่ 1,ผู้ปฏิบัติงานที่มีฝีมือในด้านการเกษตรและการประมง,382,กรุงเทพมหานคร,25.4,พันคน,สำนักงานสถิติแห่งชาติ
2564,ไตรมาสที่ 1,ผู้ปฏิบัติงานด้านความสามารถทางฝีมือและธุรกิจการค้าที่เกี่ยวข้อง,383,กรุงเทพมหานคร,645.4,พันคน,สำนักงานสถิติแห่งชาติ
2564,ไตรมาสที่ 1,ผู้ปฏิบัติการโรงงานและเครื่องจักรและผู้ปฏิบัติงานด้านการประกอบ,384,กรุงเทพมหานคร,696.3,พันคน,สำนักงานสถิติแห่งชาติ
2564,ไตรมาสที่ 1,อาชีพขั้นพื้นฐานต่างๆ ในด้านการขายและการให้บริการ,385,กรุงเทพมหานคร,661.1,พันคน,สำนักงานสถิติแห่งชาติ
2564,ไตรมาสที่ 1,คนงานซึ่งมิได้จำแนกไว้ในหมวดอื่น,386,กรุงเทพมหานคร,28.8,พันคน,สำนักงานสถิติแห่งชาติ
2564,ไตรมาสที่ 1,ผู้บัญญัติกฎหมาย ข้าราชการระดับอาวุโสและผู้จัดการ,387,ภาคกลาง,438.1,พันคน,สำนักงานสถิติแห่งชาติ
2564,ไตรมาสที่ 1,ผู้ประกอบวิชาชีพด้านต่างๆ,388,ภาคกลาง,742.4,พันคน,สำนักงานสถิติแห่งชาติ
2564,ไตรมาสที่ 1,ผู้ประกอบวิชาชีพด้านเทคนิคสาขาต่าง ๆ และอาชีพที่เกี่ยวข้อง,389,ภาคกลาง,710.9,พันคน,สำนักงานสถิติแห่งชาติ
2564,ไตรมาสที่ 1,เสมียน,390,ภาคกลาง,648.5,พันคน,สำนักงานสถิติแห่งชาติ
2564,ไตรมาสที่ 1,พนักงานบริการและพนักงานในร้านค้าและตลาด,391,ภาคกลาง,2525.3,พันคน,สำนักงานสถิติแห่งชาติ
2564,ไตรมาสที่ 1,ผู้ปฏิบัติงานที่มีฝีมือในด้านการเกษตรและการประมง,392,ภาคกลาง,1700.0,พันคน,สำนักงานสถิติแห่งชาติ
2564,ไตรมาสที่ 1,ผู้ปฏิบัติงานด้านความสามารถทางฝีมือและธุรกิจการค้าที่เกี่ยวข้อง,393,ภาคกลาง,1622.2,พันคน,สำนักงานสถิติแห่งชาติ
2564,ไตรมาสที่ 1,ผู้ปฏิบัติการโรงงานและเครื่องจักรและผู้ปฏิบัติงานด้านการประกอบ,394,ภาคกลาง,2079.0,พันคน,สำนักงานสถิติแห่งชาติ
2564,ไตรมาสที่ 1,อาชีพขั้นพื้นฐานต่างๆ ในด้านการขายและการให้บริการ,395,ภาคกลาง,1537.4,พันคน,สำนักงานสถิติแห่งชาติ
2564,ไตรมาสที่ 1,คนงานซึ่งมิได้จำแนกไว้ในหมวดอื่น,396,ภาคกลาง,8.2,พันคน,สำนักงานสถิติแห่งชาติ
2564,ไตรมาสที่ 1,ผู้บัญญัติกฎหมาย ข้าราชการระดับอาวุโสและผู้จัดการ,397,ภาคเหนือ,138.8,พันคน,สำนักงานสถิติแห่งชาติ
2564,ไตรมาสที่ 1,ผู้ประกอบวิชาชีพด้านต่างๆ,398,ภาคเหนือ,303.7,พันคน,สำนักงานสถิติแห่งชาติ
2564,ไตรมาสที่ 1,ผู้ประกอบวิชาชีพด้านเทคนิคสาขาต่าง ๆ และอาชีพที่เกี่ยวข้อง,399,ภาคเหนือ,197.0,พันคน,สำนักงานสถิติแห่งชาติ
2564,ไตรมาสที่ 1,เสมียน,400,ภาคเหนือ,198.0,พันคน,สำนักงานสถิติแห่งชาติ
2564,ไตรมาสที่ 1,พนักงานบริการและพนักงานในร้านค้าและตลาด,401,ภาคเหนือ,1144.9,พันคน,สำนักงานสถิติแห่งชาติ
2564,ไตรมาสที่ 1,ผู้ปฏิบัติงานที่มีฝีมือในด้านการเกษตรและการประมง,402,ภาคเหนือ,2238.1,พันคน,สำนักงานสถิติแห่งชาติ
2564,ไตรมาสที่ 1,ผู้ปฏิบัติงานด้านความสามารถทางฝีมือและธุรกิจการค้าที่เกี่ยวข้อง,403,ภาคเหนือ,715.6,พันคน,สำนักงานสถิติแห่งชาติ
2564,ไตรมาสที่ 1,ผู้ปฏิบัติการโรงงานและเครื่องจักรและผู้ปฏิบัติงานด้านการประกอบ,404,ภาคเหนือ,307.0,พันคน,สำนักงานสถิติแห่งชาติ
2564,ไตรมาสที่ 1,อาชีพขั้นพื้นฐานต่างๆ ในด้านการขายและการให้บริการ,405,ภาคเหนือ,853.1,พันคน,สำนักงานสถิติแห่งชาติ
2564,ไตรมาสที่ 1,คนงานซึ่งมิได้จำแนกไว้ในหมวดอื่น,406,ภาคเหนือ,0.0,พันคน,สำนักงานสถิติแห่งชาติ
2564,ไตรมาสที่ 1,ผู้บัญญัติกฎหมาย ข้าราชการระดับอาวุโสและผู้จัดการ,407,ภาคตะวันออกเฉียงเหนือ,271.7,พันคน,สำนักงานสถิติแห่งชาติ
2564,ไตรมาสที่ 1,ผู้ประกอบวิชาชีพด้านต่างๆ,408,ภาคตะวันออกเฉียงเหนือ,409.7,พันคน,สำนักงานสถิติแห่งชาติ
2564,ไตรมาสที่ 1,ผู้ประกอบวิชาชีพด้านเทคนิคสาขาต่าง ๆ และอาชีพที่เกี่ยวข้อง,409,ภาคตะวันออกเฉียงเหนือ,193.2,พันคน,สำนักงานสถิติแห่งชาติ
2564,ไตรมาสที่ 1,เสมียน,410,ภาคตะวันออกเฉียงเหนือ,208.6,พันคน,สำนักงานสถิติแห่งชาติ
2564,ไตรมาสที่ 1,พนักงานบริการและพนักงานในร้านค้าและตลาด,411,ภาคตะวันออกเฉียงเหนือ,1545.6,พันคน,สำนักงานสถิติแห่งชาติ
2564,ไตรมาสที่ 1,ผู้ปฏิบัติงานที่มีฝีมือในด้านการเกษตรและการประมง,412,ภาคตะวันออกเฉียงเหนือ,3778.6,พันคน,สำนักงานสถิติแห่งชาติ
2564,ไตรมาสที่ 1,ผู้ปฏิบัติงานด้านความสามารถทางฝีมือและธุรกิจการค้าที่เกี่ยวข้อง,413,ภาคตะวันออกเฉียงเหนือ,915.1,พันคน,สำนักงานสถิติแห่งชาติ
2564,ไตรมาสที่ 1,ผู้ปฏิบัติการโรงงานและเครื่องจักรและผู้ปฏิบัติงานด้านการประกอบ,414,ภาคตะวันออกเฉียงเหนือ,430.9,พันคน,สำนักงานสถิติแห่งชาติ
2564,ไตรมาสที่ 1,อาชีพขั้นพื้นฐานต่างๆ ในด้านการขายและการให้บริการ,415,ภาคตะวันออกเฉียงเหนือ,1154.6,พันคน,สำนักงานสถิติแห่งชาติ
2564,ไตรมาสที่ 1,คนงานซึ่งมิได้จำแนกไว้ในหมวดอื่น,416,ภาคตะวันออกเฉียงเหนือ,0.0,พันคน,สำนักงานสถิติแห่งชาติ
2564,ไตรมาสที่ 1,ผู้บัญญัติกฎหมาย ข้าราชการระดับอาวุโสและผู้จัดการ,417,ภาคใต้,132.8,พันคน,สำนักงานสถิติแห่งชาติ
2564,ไตรมาสที่ 1,ผู้ประกอบวิชาชีพด้านต่างๆ,418,ภาคใต้,234.2,พันคน,สำนักงานสถิติแห่งชาติ
2564,ไตรมาสที่ 1,ผู้ประกอบวิชาชีพด้านเทคนิคสาขาต่าง ๆ และอาชีพที่เกี่ยวข้อง,419,ภาคใต้,179.7,พันคน,สำนักงานสถิติแห่งชาติ
2564,ไตรมาสที่ 1,เสมียน,420,ภาคใต้,172.7,พันคน,สำนักงานสถิติแห่งชาติ
2564,ไตรมาสที่ 1,พนักงานบริการและพนักงานในร้านค้าและตลาด,421,ภาคใต้,1089.4,พันคน,สำนักงานสถิติแห่งชาติ
2564,ไตรมาสที่ 1,ผู้ปฏิบัติงานที่มีฝีมือในด้านการเกษตรและการประมง,422,ภาคใต้,2080.3,พันคน,สำนักงานสถิติแห่งชาติ
2564,ไตรมาสที่ 1,ผู้ปฏิบัติงานด้านความสามารถทางฝีมือและธุรกิจการค้าที่เกี่ยวข้อง,423,ภาคใต้,502.3,พันคน,สำนักงานสถิติแห่งชาติ
2564,ไตรมาสที่ 1,ผู้ปฏิบัติการโรงงานและเครื่องจักรและผู้ปฏิบัติงานด้านการประกอบ,424,ภาคใต้,196.8,พันคน,สำนักงานสถิติแห่งชาติ
2564,ไตรมาสที่ 1,อาชีพขั้นพื้นฐานต่างๆ ในด้านการขายและการให้บริการ,425,ภาคใต้,529.3,พันคน,สำนักงานสถิติแห่งชาติ
2564,ไตรมาสที่ 1,คนงานซึ่งมิได้จำแนกไว้ในหมวดอื่น,426,ภาคใต้,0.0,พันคน,สำนักงานสถิติแห่งชาติ
2564,ไตรมาสที่ 2,ผู้บัญญัติกฎหมาย ข้าราชการระดับอาวุโสและผู้จัดการ,427,กรุงเทพมหานคร,354.7,พันคน,สำนักงานสถิติแห่งชาติ
2564,ไตรมาสที่ 2,ผู้ประกอบวิชาชีพด้านต่างๆ,428,กรุงเทพมหานคร,558.7,พันคน,สำนักงานสถิติแห่งชาติ
2564,ไตรมาสที่ 2,ผู้ประกอบวิชาชีพด้านเทคนิคสาขาต่าง ๆ และอาชีพที่เกี่ยวข้อง,429,กรุงเทพมหานคร,497.0,พันคน,สำนักงานสถิติแห่งชาติ
2564,ไตรมาสที่ 2,เสมียน,430,กรุงเทพมหานคร,408.6,พันคน,สำนักงานสถิติแห่งชาติ
2564,ไตรมาสที่ 2,พนักงานบริการและพนักงานในร้านค้าและตลาด,431,กรุงเทพมหานคร,1523.6,พันคน,สำนักงานสถิติแห่งชาติ
2564,ไตรมาสที่ 2,ผู้ปฏิบัติงานที่มีฝีมือในด้านการเกษตรและการประมง,432,กรุงเทพมหานคร,26.8,พันคน,สำนักงานสถิติแห่งชาติ
2564,ไตรมาสที่ 2,ผู้ปฏิบัติงานด้านความสามารถทางฝีมือและธุรกิจการค้าที่เกี่ยวข้อง,433,กรุงเทพมหานคร,643.4,พันคน,สำนักงานสถิติแห่งชาติ
2564,ไตรมาสที่ 2,ผู้ปฏิบัติการโรงงานและเครื่องจักรและผู้ปฏิบัติงานด้านการประกอบ,434,กรุงเทพมหานคร,708.1,พันคน,สำนักงานสถิติแห่งชาติ
2564,ไตรมาสที่ 2,อาชีพขั้นพื้นฐานต่างๆ ในด้านการขายและการให้บริการ,435,กรุงเทพมหานคร,614.4,พันคน,สำนักงานสถิติแห่งชาติ
2564,ไตรมาสที่ 2,คนงานซึ่งมิได้จำแนกไว้ในหมวดอื่น,436,กรุงเทพมหานคร,39.2,พันคน,สำนักงานสถิติแห่งชาติ
2564,ไตรมาสที่ 2,ผู้บัญญัติกฎหมาย ข้าราชการระดับอาวุโสและผู้จัดการ,437,ภาคกลาง,431.0,พันคน,สำนักงานสถิติแห่งชาติ
2564,ไตรมาสที่ 2,ผู้ประกอบวิชาชีพด้านต่างๆ,438,ภาคกลาง,717.4,พันคน,สำนักงานสถิติแห่งชาติ
2564,ไตรมาสที่ 2,ผู้ประกอบวิชาชีพด้านเทคนิคสาขาต่าง ๆ และอาชีพที่เกี่ยวข้อง,439,ภาคกลาง,688.9,พันคน,สำนักงานสถิติแห่งชาติ
2564,ไตรมาสที่ 2,เสมียน,440,ภาคกลาง,646.1,พันคน,สำนักงานสถิติแห่งชาติ
2564,ไตรมาสที่ 2,พนักงานบริการและพนักงานในร้านค้าและตลาด,441,ภาคกลาง,2537.9,พันคน,สำนักงานสถิติแห่งชาติ
2564,ไตรมาสที่ 2,ผู้ปฏิบัติงานที่มีฝีมือในด้านการเกษตรและการประมง,442,ภาคกลาง,1752.2,พันคน,สำนักงานสถิติแห่งชาติ
2564,ไตรมาสที่ 2,ผู้ปฏิบัติงานด้านความสามารถทางฝีมือและธุรกิจการค้าที่เกี่ยวข้อง,443,ภาคกลาง,1642.2,พันคน,สำนักงานสถิติแห่งชาติ
2564,ไตรมาสที่ 2,ผู้ปฏิบัติการโรงงานและเครื่องจักรและผู้ปฏิบัติงานด้านการประกอบ,444,ภาคกลาง,2089.9,พันคน,สำนักงานสถิติแห่งชาติ
2564,ไตรมาสที่ 2,อาชีพขั้นพื้นฐานต่างๆ ในด้านการขายและการให้บริการ,445,ภาคกลาง,1510.7,พันคน,สำนักงานสถิติแห่งชาติ
2564,ไตรมาสที่ 2,คนงานซึ่งมิได้จำแนกไว้ในหมวดอื่น,446,ภาคกลาง,3.6,พันคน,สำนักงานสถิติแห่งชาติ
2564,ไตรมาสที่ 2,ผู้บัญญัติกฎหมาย ข้าราชการระดับอาวุโสและผู้จัดการ,447,ภาคเหนือ,129.8,พันคน,สำนักงานสถิติแห่งชาติ
2564,ไตรมาสที่ 2,ผู้ประกอบวิชาชีพด้านต่างๆ,448,ภาคเหนือ,285.7,พันคน,สำนักงานสถิติแห่งชาติ
2564,ไตรมาสที่ 2,ผู้ประกอบวิชาชีพด้านเทคนิคสาขาต่าง ๆ และอาชีพที่เกี่ยวข้อง,449,ภาคเหนือ,173.8,พันคน,สำนักงานสถิติแห่งชาติ
2564,ไตรมาสที่ 2,เสมียน,450,ภาคเหนือ,210.2,พันคน,สำนักงานสถิติแห่งชาติ
2564,ไตรมาสที่ 2,พนักงานบริการและพนักงานในร้านค้าและตลาด,451,ภาคเหนือ,1121.2,พันคน,สำนักงานสถิติแห่งชาติ
2564,ไตรมาสที่ 2,ผู้ปฏิบัติงานที่มีฝีมือในด้านการเกษตรและการประมง,452,ภาคเหนือ,2420.7,พันคน,สำนักงานสถิติแห่งชาติ
2564,ไตรมาสที่ 2,ผู้ปฏิบัติงานด้านความสามารถทางฝีมือและธุรกิจการค้าที่เกี่ยวข้อง,453,ภาคเหนือ,690.0,พันคน,สำนักงานสถิติแห่งชาติ
2564,ไตรมาสที่ 2,ผู้ปฏิบัติการโรงงานและเครื่องจักรและผู้ปฏิบัติงานด้านการประกอบ,454,ภาคเหนือ,280.2,พันคน,สำนักงานสถิติแห่งชาติ
2564,ไตรมาสที่ 2,อาชีพขั้นพื้นฐานต่างๆ ในด้านการขายและการให้บริการ,455,ภาคเหนือ,730.3,พันคน,สำนักงานสถิติแห่งชาติ
2564,ไตรมาสที่ 2,คนงานซึ่งมิได้จำแนกไว้ในหมวดอื่น,456,ภาคเหนือ,0.0,พันคน,สำนักงานสถิติแห่งชาติ
2564,ไตรมาสที่ 2,ผู้บัญญัติกฎหมาย ข้าราชการระดับอาวุโสและผู้จัดการ,457,ภาคตะวันออกเฉียงเหนือ,257.1,พันคน,สำนักงานสถิติแห่งชาติ
2564,ไตรมาสที่ 2,ผู้ประกอบวิชาชีพด้านต่างๆ,458,ภาคตะวันออกเฉียงเหนือ,404.7,พันคน,สำนักงานสถิติแห่งชาติ
2564,ไตรมาสที่ 2,ผู้ประกอบวิชาชีพด้านเทคนิคสาขาต่าง ๆ และอาชีพที่เกี่ยวข้อง,459,ภาคตะวันออกเฉียงเหนือ,190.5,พันคน,สำนักงานสถิติแห่งชาติ
2564,ไตรมาสที่ 2,เสมียน,460,ภาคตะวันออกเฉียงเหนือ,230.6,พันคน,สำนักงานสถิติแห่งชาติ
2564,ไตรมาสที่ 2,พนักงานบริการและพนักงานในร้านค้าและตลาด,461,ภาคตะวันออกเฉียงเหนือ,1507.4,พันคน,สำนักงานสถิติแห่งชาติ
2564,ไตรมาสที่ 2,ผู้ปฏิบัติงานที่มีฝีมือในด้านการเกษตรและการประมง,462,ภาคตะวันออกเฉียงเหนือ,4518.2,พันคน,สำนักงานสถิติแห่งชาติ
2564,ไตรมาสที่ 2,ผู้ปฏิบัติงานด้านความสามารถทางฝีมือและธุรกิจการค้าที่เกี่ยวข้อง,463,ภาคตะวันออกเฉียงเหนือ,815.5,พันคน,สำนักงานสถิติแห่งชาติ
2564,ไตรมาสที่ 2,ผู้ปฏิบัติการโรงงานและเครื่องจักรและผู้ปฏิบัติงานด้านการประกอบ,464,ภาคตะวันออกเฉียงเหนือ,440.8,พันคน,สำนักงานสถิติแห่งชาติ
2564,ไตรมาสที่ 2,อาชีพขั้นพื้นฐานต่างๆ ในด้านการขายและการให้บริการ,465,ภาคตะวันออกเฉียงเหนือ,887.1,พันคน,สำนักงานสถิติแห่งชาติ
2564,ไตรมาสที่ 2,คนงานซึ่งมิได้จำแนกไว้ในหมวดอื่น,466,ภาคตะวันออกเฉียงเหนือ,0.0,พันคน,สำนักงานสถิติแห่งชาติ
2564,ไตรมาสที่ 2,ผู้บัญญัติกฎหมาย ข้าราชการระดับอาวุโสและผู้จัดการ,467,ภาคใต้,113.1,พันคน,สำนักงานสถิติแห่งชาติ
2564,ไตรมาสที่ 2,ผู้ประกอบวิชาชีพด้านต่างๆ,468,ภาคใต้,234.4,พันคน,สำนักงานสถิติแห่งชาติ
2564,ไตรมาสที่ 2,ผู้ประกอบวิชาชีพด้านเทคนิคสาขาต่าง ๆ และอาชีพที่เกี่ยวข้อง,469,ภาคใต้,168.3,พันคน,สำนักงานสถิติแห่งชาติ
2564,ไตรมาสที่ 2,เสมียน,470,ภาคใต้,189.3,พันคน,สำนักงานสถิติแห่งชาติ
2564,ไตรมาสที่ 2,พนักงานบริการและพนักงานในร้านค้าและตลาด,471,ภาคใต้,1099.8,พันคน,สำนักงานสถิติแห่งชาติ
2564,ไตรมาสที่ 2,ผู้ปฏิบัติงานที่มีฝีมือในด้านการเกษตรและการประมง,472,ภาคใต้,2042.8,พันคน,สำนักงานสถิติแห่งชาติ
2564,ไตรมาสที่ 2,ผู้ปฏิบัติงานด้านความสามารถทางฝีมือและธุรกิจการค้าที่เกี่ยวข้อง,473,ภาคใต้,525.2,พันคน,สำนักงานสถิติแห่งชาติ
2564,ไตรมาสที่ 2,ผู้ปฏิบัติการโรงงานและเครื่องจักรและผู้ปฏิบัติงานด้านการประกอบ,474,ภาคใต้,214.8,พันคน,สำนักงานสถิติแห่งชาติ
2564,ไตรมาสที่ 2,อาชีพขั้นพื้นฐานต่างๆ ในด้านการขายและการให้บริการ,475,ภาคใต้,545.3,พันคน,สำนักงานสถิติแห่งชาติ
2564,ไตรมาสที่ 2,คนงานซึ่งมิได้จำแนกไว้ในหมวดอื่น,476,ภาคใต้,1.0,พันคน,สำนักงานสถิติแห่งชาติ
2564,ไตรมาสที่ 3,ผู้บัญญัติกฎหมาย ข้าราชการระดับอาวุโสและผู้จัดการ,477,กรุงเทพมหานคร,317.8,พันคน,สำนักงานสถิติแห่งชาติ
2564,ไตรมาสที่ 3,ผู้ประกอบวิชาชีพด้านต่างๆ,478,กรุงเทพมหานคร,573.8,พันคน,สำนักงานสถิติแห่งชาติ
2564,ไตรมาสที่ 3,ผู้ประกอบวิชาชีพด้านเทคนิคสาขาต่าง ๆ และอาชีพที่เกี่ยวข้อง,479,กรุงเทพมหานคร,526.4,พันคน,สำนักงานสถิติแห่งชาติ
2564,ไตรมาสที่ 3,เสมียน,480,กรุงเทพมหานคร,401.8,พันคน,สำนักงานสถิติแห่งชาติ
2564,ไตรมาสที่ 3,พนักงานบริการและพนักงานในร้านค้าและตลาด,481,กรุงเทพมหานคร,1465.4,พันคน,สำนักงานสถิติแห่งชาติ
2564,ไตรมาสที่ 3,ผู้ปฏิบัติงานที่มีฝีมือในด้านการเกษตรและการประมง,482,กรุงเทพมหานคร,24.5,พันคน,สำนักงานสถิติแห่งชาติ
2564,ไตรมาสที่ 3,ผู้ปฏิบัติงานด้านความสามารถทางฝีมือและธุรกิจการค้าที่เกี่ยวข้อง,483,กรุงเทพมหานคร,570.3,พันคน,สำนักงานสถิติแห่งชาติ
2564,ไตรมาสที่ 3,ผู้ปฏิบัติการโรงงานและเครื่องจักรและผู้ปฏิบัติงานด้านการประกอบ,484,กรุงเทพมหานคร,683.9,พันคน,สำนักงานสถิติแห่งชาติ
2564,ไตรมาสที่ 3,อาชีพขั้นพื้นฐานต่างๆ ในด้านการขายและการให้บริการ,485,กรุงเทพมหานคร,587.5,พันคน,สำนักงานสถิติแห่งชาติ
2557,ไตรมาสที่ 1,ผู้ปฏิบัติงานด้านความสามารถทางฝีมือและธุรกิจการค้าที่เกี่ยวข้อง,486,ภาคตะวันออกเฉียงเหนือ,1079.8,พันคน,สำนักงานสถิติแห่งชาติ
2557,ไตรมาสที่ 1,ผู้ปฏิบัติการโรงงานและเครื่องจักรและผู้ปฏิบัติงานด้านการประกอบ,487,ภาคตะวันออกเฉียงเหนือ,540.2,พันคน,สำนักงานสถิติแห่งชาติ
2557,ไตรมาสที่ 1,อาชีพขั้นพื้นฐานต่างๆ ในด้านการขายและการให้บริการ,488,ภาคตะวันออกเฉียงเหนือ,1226.0,พันคน,สำนักงานสถิติแห่งชาติ
2557,ไตรมาสที่ 1,คนงานซึ่งมิได้จำแนกไว้ในหมวดอื่น,489,ภาคตะวันออกเฉียงเหนือ,0.46,พันคน,สำนักงานสถิติแห่งชาติ
2557,ไตรมาสที่ 1,ผู้บัญญัติกฎหมาย ข้าราชการระดับอาวุโสและผู้จัดการ,490,ภาคใต้,138.1,พันคน,สำนักงานสถิติแห่งชาติ
2557,ไตรมาสที่ 1,ผู้ประกอบวิชาชีพด้านต่างๆ,491,ภาคใต้,238.3,พันคน,สำนักงานสถิติแห่งชาติ
2557,ไตรมาสที่ 1,ผู้ประกอบวิชาชีพด้านเทคนิคสาขาต่าง ๆ และอาชีพที่เกี่ยวข้อง,492,ภาคใต้,159.4,พันคน,สำนักงานสถิติแห่งชาติ
2557,ไตรมาสที่ 1,เสมียน,493,ภาคใต้,170.7,พันคน,สำนักงานสถิติแห่งชาติ
2557,ไตรมาสที่ 1,พนักงานบริการและพนักงานในร้านค้าและตลาด,494,ภาคใต้,1026.4,พันคน,สำนักงานสถิติแห่งชาติ
2557,ไตรมาสที่ 1,ผู้ปฏิบัติงานที่มีฝีมือในด้านการเกษตรและการประมง,495,ภาคใต้,2181.3,พันคน,สำนักงานสถิติแห่งชาติ
2557,ไตรมาสที่ 1,ผู้ปฏิบัติงานด้านความสามารถทางฝีมือและธุรกิจการค้าที่เกี่ยวข้อง,496,ภาคใต้,457.7,พันคน,สำนักงานสถิติแห่งชาติ
2557,ไตรมาสที่ 1,ผู้ปฏิบัติการโรงงานและเครื่องจักรและผู้ปฏิบัติงานด้านการประกอบ,497,ภาคใต้,213.9,พันคน,สำนักงานสถิติแห่งชาติ
2557,ไตรมาสที่ 1,อาชีพขั้นพื้นฐานต่างๆ ในด้านการขายและการให้บริการ,498,ภาคใต้,519.3,พันคน,สำนักงานสถิติแห่งชาติ
2557,ไตรมาสที่ 1,คนงานซึ่งมิได้จำแนกไว้ในหมวดอื่น,499,ภาคใต้,0.0,พันคน,สำนักงานสถิติแห่งชาติ
2557,ไตรมาสที่ 2,ผู้บัญญัติกฎหมาย ข้าราชการระดับอาวุโสและผู้จัดการ,500,กรุงเทพมหานคร,450.1,พันคน,สำนักงานสถิติแห่งชาติ
2557,ไตรมาสที่ 2,ผู้ประกอบวิชาชีพด้านต่างๆ,501,กรุงเทพมหานคร,575.7,พันคน,สำนักงานสถิติแห่งชาติ
2557,ไตรมาสที่ 2,ผู้ประกอบวิชาชีพด้านเทคนิคสาขาต่าง ๆ และอาชีพที่เกี่ยวข้อง,502,กรุงเทพมหานคร,539.4,พันคน,สำนักงานสถิติแห่งชาติ
2557,ไตรมาสที่ 2,เสมียน,503,กรุงเทพมหานคร,470.6,พันคน,สำนักงานสถิติแห่งชาติ
2557,ไตรมาสที่ 2,พนักงานบริการและพนักงานในร้านค้าและตลาด,504,กรุงเทพมหานคร,1366.6,พันคน,สำนักงานสถิติแห่งชาติ
2557,ไตรมาสที่ 2,ผู้ปฏิบัติงานที่มีฝีมือในด้านการเกษตรและการประมง,505,กรุงเทพมหานคร,39.7,พันคน,สำนักงานสถิติแห่งชาติ
2557,ไตรมาสที่ 2,ผู้ปฏิบัติงานด้านความสามารถทางฝีมือและธุรกิจการค้าที่เกี่ยวข้อง,506,กรุงเทพมหานคร,675.9,พันคน,สำนักงานสถิติแห่งชาติ
2557,ไตรมาสที่ 2,ผู้ปฏิบัติการโรงงานและเครื่องจักรและผู้ปฏิบัติงานด้านการประกอบ,507,กรุงเทพมหานคร,609.2,พันคน,สำนักงานสถิติแห่งชาติ
2557,ไตรมาสที่ 2,อาชีพขั้นพื้นฐานต่างๆ ในด้านการขายและการให้บริการ,508,กรุงเทพมหานคร,471.8,พันคน,สำนักงานสถิติแห่งชาติ
2557,ไตรมาสที่ 2,คนงานซึ่งมิได้จำแนกไว้ในหมวดอื่น,509,กรุงเทพมหานคร,44.2,พันคน,สำนักงานสถิติแห่งชาติ
2557,ไตรมาสที่ 2,ผู้บัญญัติกฎหมาย ข้าราชการระดับอาวุโสและผู้จัดการ,510,ภาคกลาง,450.1,พันคน,สำนักงานสถิติแห่งชาติ
2557,ไตรมาสที่ 2,ผู้ประกอบวิชาชีพด้านต่างๆ,511,ภาคกลาง,575.7,พันคน,สำนักงานสถิติแห่งชาติ
2557,ไตรมาสที่ 2,ผู้ประกอบวิชาชีพด้านเทคนิคสาขาต่าง ๆ และอาชีพที่เกี่ยวข้อง,512,ภาคกลาง,539.4,พันคน,สำนักงานสถิติแห่งชาติ
2557,ไตรมาสที่ 2,เสมียน,513,ภาคกลาง,470.6,พันคน,สำนักงานสถิติแห่งชาติ
2557,ไตรมาสที่ 2,พนักงานบริการและพนักงานในร้านค้าและตลาด,514,ภาคกลาง,1366.6,พันคน,สำนักงานสถิติแห่งชาติ
2557,ไตรมาสที่ 2,ผู้ปฏิบัติงานที่มีฝีมือในด้านการเกษตรและการประมง,515,ภาคกลาง,39.7,พันคน,สำนักงานสถิติแห่งชาติ
2557,ไตรมาสที่ 2,ผู้ปฏิบัติงานด้านความสามารถทางฝีมือและธุรกิจการค้าที่เกี่ยวข้อง,516,ภาคกลาง,675.9,พันคน,สำนักงานสถิติแห่งชาติ
2557,ไตรมาสที่ 2,ผู้ปฏิบัติการโรงงานและเครื่องจักรและผู้ปฏิบัติงานด้านการประกอบ,517,ภาคกลาง,609.2,พันคน,สำนักงานสถิติแห่งชาติ
2557,ไตรมาสที่ 2,อาชีพขั้นพื้นฐานต่างๆ ในด้านการขายและการให้บริการ,518,ภาคกลาง,471.8,พันคน,สำนักงานสถิติแห่งชาติ
2557,ไตรมาสที่ 2,คนงานซึ่งมิได้จำแนกไว้ในหมวดอื่น,519,ภาคกลาง,44.2,พันคน,สำนักงานสถิติแห่งชาติ
2557,ไตรมาสที่ 2,ผู้บัญญัติกฎหมาย ข้าราชการระดับอาวุโสและผู้จัดการ,520,ภาคเหนือ,149.9,พันคน,สำนักงานสถิติแห่งชาติ
2557,ไตรมาสที่ 3,อาชีพขั้นพื้นฐานต่างๆ ในด้านการขายและการให้บริการ,521,กรุงเทพมหานคร,475.3,พันคน,สำนักงานสถิติแห่งชาติ
2557,ไตรมาสที่ 3,คนงานซึ่งมิได้จำแนกไว้ในหมวดอื่น,522,กรุงเทพมหานคร,51.5,พันคน,สำนักงานสถิติแห่งชาติ
2557,ไตรมาสที่ 3,ผู้บัญญัติกฎหมาย ข้าราชการระดับอาวุโสและผู้จัดการ,523,ภาคกลาง,492.3,พันคน,สำนักงานสถิติแห่งชาติ
2557,ไตรมาสที่ 3,ผู้ประกอบวิชาชีพด้านต่างๆ,524,ภาคกลาง,594.7,พันคน,สำนักงานสถิติแห่งชาติ
2557,ไตรมาสที่ 3,ผู้ประกอบวิชาชีพด้านเทคนิคสาขาต่าง ๆ และอาชีพที่เกี่ยวข้อง,525,ภาคกลาง,641.6,พันคน,สำนักงานสถิติแห่งชาติ
2557,ไตรมาสที่ 3,เสมียน,526,ภาคกลาง,570.7,พันคน,สำนักงานสถิติแห่งชาติ
2557,ไตรมาสที่ 3,พนักงานบริการและพนักงานในร้านค้าและตลาด,527,ภาคกลาง,2321.6,พันคน,สำนักงานสถิติแห่งชาติ
2557,ไตรมาสที่ 3,ผู้ปฏิบัติงานที่มีฝีมือในด้านการเกษตรและการประมง,528,ภาคกลาง,1945.5,พันคน,สำนักงานสถิติแห่งชาติ
2557,ไตรมาสที่ 3,ผู้ปฏิบัติงานด้านความสามารถทางฝีมือและธุรกิจการค้าที่เกี่ยวข้อง,529,ภาคกลาง,1588.3,พันคน,สำนักงานสถิติแห่งชาติ
2557,ไตรมาสที่ 3,ผู้ปฏิบัติการโรงงานและเครื่องจักรและผู้ปฏิบัติงานด้านการประกอบ,530,ภาคกลาง,1914.8,พันคน,สำนักงานสถิติแห่งชาติ
2557,ไตรมาสที่ 3,อาชีพขั้นพื้นฐานต่างๆ ในด้านการขายและการให้บริการ,531,ภาคกลาง,1399.1,พันคน,สำนักงานสถิติแห่งชาติ
2557,ไตรมาสที่ 3,คนงานซึ่งมิได้จำแนกไว้ในหมวดอื่น,532,ภาคกลาง,17.9,พันคน,สำนักงานสถิติแห่งชาติ
2557,ไตรมาสที่ 3,ผู้บัญญัติกฎหมาย ข้าราชการระดับอาวุโสและผู้จัดการ,533,ภาคเหนือ,149.2,พันคน,สำนักงานสถิติแห่งชาติ
2557,ไตรมาสที่ 3,ผู้ประกอบวิชาชีพด้านต่างๆ,534,ภาคเหนือ,254.2,พันคน,สำนักงานสถิติแห่งชาติ
2557,ไตรมาสที่ 3,ผู้ประกอบวิชาชีพด้านเทคนิคสาขาต่าง ๆ และอาชีพที่เกี่ยวข้อง,535,ภาคเหนือ,174.3,พันคน,สำนักงานสถิติแห่งชาติ
2557,ไตรมาสที่ 3,เสมียน,536,ภาคเหนือ,179.2,พันคน,สำนักงานสถิติแห่งชาติ
2557,ไตรมาสที่ 3,พนักงานบริการและพนักงานในร้านค้าและตลาด,537,ภาคเหนือ,1020.7,พันคน,สำนักงานสถิติแห่งชาติ
2557,ไตรมาสที่ 3,ผู้ปฏิบัติงานที่มีฝีมือในด้านการเกษตรและการประมง,538,ภาคเหนือ,3010.9,พันคน,สำนักงานสถิติแห่งชาติ
2557,ไตรมาสที่ 3,ผู้ปฏิบัติงานด้านความสามารถทางฝีมือและธุรกิจการค้าที่เกี่ยวข้อง,539,ภาคเหนือ,761.8,พันคน,สำนักงานสถิติแห่งชาติ
2557,ไตรมาสที่ 3,ผู้ปฏิบัติการโรงงานและเครื่องจักรและผู้ปฏิบัติงานด้านการประกอบ,540,ภาคเหนือ,314.1,พันคน,สำนักงานสถิติแห่งชาติ
2557,ไตรมาสที่ 3,อาชีพขั้นพื้นฐานต่างๆ ในด้านการขายและการให้บริการ,541,ภาคเหนือ,684.6,พันคน,สำนักงานสถิติแห่งชาติ
2557,ไตรมาสที่ 3,คนงานซึ่งมิได้จำแนกไว้ในหมวดอื่น,542,ภาคเหนือ,0.0,พันคน,สำนักงานสถิติแห่งชาติ
2557,ไตรมาสที่ 3,ผู้บัญญัติกฎหมาย ข้าราชการระดับอาวุโสและผู้จัดการ,543,ภาคตะวันออกเฉียงเหนือ,287.6,พันคน,สำนักงานสถิติแห่งชาติ
2557,ไตรมาสที่ 3,ผู้ประกอบวิชาชีพด้านต่างๆ,544,ภาคตะวันออกเฉียงเหนือ,369.6,พันคน,สำนักงานสถิติแห่งชาติ
2557,ไตรมาสที่ 3,ผู้ประกอบวิชาชีพด้านเทคนิคสาขาต่าง ๆ และอาชีพที่เกี่ยวข้อง,545,ภาคตะวันออกเฉียงเหนือ,210.2,พันคน,สำนักงานสถิติแห่งชาติ
2557,ไตรมาสที่ 3,เสมียน,546,ภาคตะวันออกเฉียงเหนือ,186.6,พันคน,สำนักงานสถิติแห่งชาติ
2557,ไตรมาสที่ 3,พนักงานบริการและพนักงานในร้านค้าและตลาด,547,ภาคตะวันออกเฉียงเหนือ,1431.6,พันคน,สำนักงานสถิติแห่งชาติ
2557,ไตรมาสที่ 3,ผู้ปฏิบัติงานที่มีฝีมือในด้านการเกษตรและการประมง,548,ภาคตะวันออกเฉียงเหนือ,5515.3,พันคน,สำนักงานสถิติแห่งชาติ
2557,ไตรมาสที่ 3,ผู้ปฏิบัติงานด้านความสามารถทางฝีมือและธุรกิจการค้าที่เกี่ยวข้อง,549,ภาคตะวันออกเฉียงเหนือ,853.7,พันคน,สำนักงานสถิติแห่งชาติ
2557,ไตรมาสที่ 3,ผู้ปฏิบัติการโรงงานและเครื่องจักรและผู้ปฏิบัติงานด้านการประกอบ,550,ภาคตะวันออกเฉียงเหนือ,439.2,พันคน,สำนักงานสถิติแห่งชาติ
2557,ไตรมาสที่ 3,อาชีพขั้นพื้นฐานต่างๆ ในด้านการขายและการให้บริการ,551,ภาคตะวันออกเฉียงเหนือ,752.7,พันคน,สำนักงานสถิติแห่งชาติ
2557,ไตรมาสที่ 3,คนงานซึ่งมิได้จำแนกไว้ในหมวดอื่น,552,ภาคตะวันออกเฉียงเหนือ,0.0,พันคน,สำนักงานสถิติแห่งชาติ
2557,ไตรมาสที่ 3,ผู้บัญญัติกฎหมาย ข้าราชการระดับอาวุโสและผู้จัดการ,553,ภาคใต้,118.3,พันคน,สำนักงานสถิติแห่งชาติ
2557,ไตรมาสที่ 3,ผู้ประกอบวิชาชีพด้านต่างๆ,554,ภาคใต้,237.2,พันคน,สำนักงานสถิติแห่งชาติ
2557,ไตรมาสที่ 3,ผู้ประกอบวิชาชีพด้านเทคนิคสาขาต่าง ๆ และอาชีพที่เกี่ยวข้อง,555,ภาคใต้,159.2,พันคน,สำนักงานสถิติแห่งชาติ
2557,ไตรมาสที่ 4,ผู้บัญญัติกฎหมาย ข้าราชการระดับอาวุโสและผู้จัดการ,556,ภาคตะวันออกเฉียงเหนือ,294.2,พันคน,สำนักงานสถิติแห่งชาติ
2557,ไตรมาสที่ 4,ผู้ประกอบวิชาชีพด้านต่างๆ,557,ภาคตะวันออกเฉียงเหนือ,391.2,พันคน,สำนักงานสถิติแห่งชาติ
2557,ไตรมาสที่ 4,ผู้ประกอบวิชาชีพด้านเทคนิคสาขาต่าง ๆ และอาชีพที่เกี่ยวข้อง,558,ภาคตะวันออกเฉียงเหนือ,219.8,พันคน,สำนักงานสถิติแห่งชาติ
2557,ไตรมาสที่ 4,เสมียน,559,ภาคตะวันออกเฉียงเหนือ,192.9,พันคน,สำนักงานสถิติแห่งชาติ
2557,ไตรมาสที่ 4,พนักงานบริการและพนักงานในร้านค้าและตลาด,560,ภาคตะวันออกเฉียงเหนือ,1473.0,พันคน,สำนักงานสถิติแห่งชาติ
2557,ไตรมาสที่ 4,ผู้ปฏิบัติงานที่มีฝีมือในด้านการเกษตรและการประมง,561,ภาคตะวันออกเฉียงเหนือ,5195.2,พันคน,สำนักงานสถิติแห่งชาติ
2557,ไตรมาสที่ 4,ผู้ปฏิบัติงานด้านความสามารถทางฝีมือและธุรกิจการค้าที่เกี่ยวข้อง,562,ภาคตะวันออกเฉียงเหนือ,904.7,พันคน,สำนักงานสถิติแห่งชาติ
2557,ไตรมาสที่ 4,ผู้ปฏิบัติการโรงงานและเครื่องจักรและผู้ปฏิบัติงานด้านการประกอบ,563,ภาคตะวันออกเฉียงเหนือ,425.0,พันคน,สำนักงานสถิติแห่งชาติ
2557,ไตรมาสที่ 4,อาชีพขั้นพื้นฐานต่างๆ ในด้านการขายและการให้บริการ,564,ภาคตะวันออกเฉียงเหนือ,779.5,พันคน,สำนักงานสถิติแห่งชาติ
2557,ไตรมาสที่ 4,คนงานซึ่งมิได้จำแนกไว้ในหมวดอื่น,565,ภาคตะวันออกเฉียงเหนือ,0.0,พันคน,สำนักงานสถิติแห่งชาติ
2557,ไตรมาสที่ 4,ผู้บัญญัติกฎหมาย ข้าราชการระดับอาวุโสและผู้จัดการ,566,ภาคใต้,130.7,พันคน,สำนักงานสถิติแห่งชาติ
2557,ไตรมาสที่ 4,ผู้ประกอบวิชาชีพด้านต่างๆ,567,ภาคใต้,245.6,พันคน,สำนักงานสถิติแห่งชาติ
2557,ไตรมาสที่ 4,ผู้ประกอบวิชาชีพด้านเทคนิคสาขาต่าง ๆ และอาชีพที่เกี่ยวข้อง,568,ภาคใต้,160.1,พันคน,สำนักงานสถิติแห่งชาติ
2557,ไตรมาสที่ 4,เสมียน,569,ภาคใต้,150.8,พันคน,สำนักงานสถิติแห่งชาติ
2557,ไตรมาสที่ 4,พนักงานบริการและพนักงานในร้านค้าและตลาด,570,ภาคใต้,1071.6,พันคน,สำนักงานสถิติแห่งชาติ
2557,ไตรมาสที่ 4,ผู้ปฏิบัติงานที่มีฝีมือในด้านการเกษตรและการประมง,571,ภาคใต้,2073.8,พันคน,สำนักงานสถิติแห่งชาติ
2557,ไตรมาสที่ 4,ผู้ปฏิบัติงานด้านความสามารถทางฝีมือและธุรกิจการค้าที่เกี่ยวข้อง,572,ภาคใต้,534.4,พันคน,สำนักงานสถิติแห่งชาติ
2557,ไตรมาสที่ 4,ผู้ปฏิบัติการโรงงานและเครื่องจักรและผู้ปฏิบัติงานด้านการประกอบ,573,ภาคใต้,227.6,พันคน,สำนักงานสถิติแห่งชาติ
2557,ไตรมาสที่ 4,อาชีพขั้นพื้นฐานต่างๆ ในด้านการขายและการให้บริการ,574,ภาคใต้,505.6,พันคน,สำนักงานสถิติแห่งชาติ
2557,ไตรมาสที่ 4,คนงานซึ่งมิได้จำแนกไว้ในหมวดอื่น,575,ภาคใต้,0.2,พันคน,สำนักงานสถิติแห่งชาติ
2558,ไตรมาสที่ 1,ผู้บัญญัติกฎหมาย ข้าราชการระดับอาวุโสและผู้จัดการ,576,กรุงเทพมหานคร,476.43,พันคน,สำนักงานสถิติแห่งชาติ
2558,ไตรมาสที่ 1,ผู้ประกอบวิชาชีพด้านต่างๆ,577,กรุงเทพมหานคร,624.54,พันคน,สำนักงานสถิติแห่งชาติ
2558,ไตรมาสที่ 1,ผู้ประกอบวิชาชีพด้านเทคนิคสาขาต่าง ๆ และอาชีพที่เกี่ยวข้อง,578,กรุงเทพมหานคร,495.35,พันคน,สำนักงานสถิติแห่งชาติ
2558,ไตรมาสที่ 1,เสมียน,579,กรุงเทพมหานคร,482.46,พันคน,สำนักงานสถิติแห่งชาติ
2558,ไตรมาสที่ 1,พนักงานบริการและพนักงานในร้านค้าและตลาด,580,กรุงเทพมหานคร,1287.51,พันคน,สำนักงานสถิติแห่งชาติ
2558,ไตรมาสที่ 1,ผู้ปฏิบัติงานที่มีฝีมือในด้านการเกษตรและการประมง,581,กรุงเทพมหานคร,37.73,พันคน,สำนักงานสถิติแห่งชาติ
2558,ไตรมาสที่ 1,ผู้ปฏิบัติงานด้านความสามารถทางฝีมือและธุรกิจการค้าที่เกี่ยวข้อง,582,กรุงเทพมหานคร,694.47,พันคน,สำนักงานสถิติแห่งชาติ
2558,ไตรมาสที่ 1,ผู้ปฏิบัติการโรงงานและเครื่องจักรและผู้ปฏิบัติงานด้านการประกอบ,583,กรุงเทพมหานคร,690.79,พันคน,สำนักงานสถิติแห่งชาติ
2558,ไตรมาสที่ 1,อาชีพขั้นพื้นฐานต่างๆ ในด้านการขายและการให้บริการ,584,กรุงเทพมหานคร,532.39,พันคน,สำนักงานสถิติแห่งชาติ
2558,ไตรมาสที่ 1,คนงานซึ่งมิได้จำแนกไว้ในหมวดอื่น,585,กรุงเทพมหานคร,27.95,พันคน,สำนักงานสถิติแห่งชาติ
2558,ไตรมาสที่ 1,ผู้บัญญัติกฎหมาย ข้าราชการระดับอาวุโสและผู้จัดการ,586,ภาคกลาง,468.62,พันคน,สำนักงานสถิติแห่งชาติ
2558,ไตรมาสที่ 1,ผู้ประกอบวิชาชีพด้านต่างๆ,587,ภาคกลาง,660.53,พันคน,สำนักงานสถิติแห่งชาติ
2558,ไตรมาสที่ 1,ผู้ประกอบวิชาชีพด้านเทคนิคสาขาต่าง ๆ และอาชีพที่เกี่ยวข้อง,588,ภาคกลาง,684.5,พันคน,สำนักงานสถิติแห่งชาติ
2558,ไตรมาสที่ 1,เสมียน,589,ภาคกลาง,556.27,พันคน,สำนักงานสถิติแห่งชาติ
2558,ไตรมาสที่ 1,พนักงานบริการและพนักงานในร้านค้าและตลาด,590,ภาคกลาง,2305.01,พันคน,สำนักงานสถิติแห่งชาติ
2558,ไตรมาสที่ 2,ผู้ประกอบวิชาชีพด้านเทคนิคสาขาต่าง ๆ และอาชีพที่เกี่ยวข้อง,591,กรุงเทพมหานคร,502.1,พันคน,สำนักงานสถิติแห่งชาติ
2558,ไตรมาสที่ 2,เสมียน,592,กรุงเทพมหานคร,428.68,พันคน,สำนักงานสถิติแห่งชาติ
2558,ไตรมาสที่ 2,พนักงานบริการและพนักงานในร้านค้าและตลาด,593,กรุงเทพมหานคร,1365.7,พันคน,สำนักงานสถิติแห่งชาติ
2558,ไตรมาสที่ 2,ผู้ปฏิบัติงานที่มีฝีมือในด้านการเกษตรและการประมง,594,กรุงเทพมหานคร,44.47,พันคน,สำนักงานสถิติแห่งชาติ
2558,ไตรมาสที่ 2,ผู้ปฏิบัติงานด้านความสามารถทางฝีมือและธุรกิจการค้าที่เกี่ยวข้อง,595,กรุงเทพมหานคร,651.41,พันคน,สำนักงานสถิติแห่งชาติ
2558,ไตรมาสที่ 2,ผู้ปฏิบัติการโรงงานและเครื่องจักรและผู้ปฏิบัติงานด้านการประกอบ,596,กรุงเทพมหานคร,676.59,พันคน,สำนักงานสถิติแห่งชาติ
2558,ไตรมาสที่ 2,อาชีพขั้นพื้นฐานต่างๆ ในด้านการขายและการให้บริการ,597,กรุงเทพมหานคร,518.14,พันคน,สำนักงานสถิติแห่งชาติ
2558,ไตรมาสที่ 2,คนงานซึ่งมิได้จำแนกไว้ในหมวดอื่น,598,กรุงเทพมหานคร,34.86,พันคน,สำนักงานสถิติแห่งชาติ
2558,ไตรมาสที่ 2,ผู้บัญญัติกฎหมาย ข้าราชการระดับอาวุโสและผู้จัดการ,599,ภาคกลาง,451.03,พันคน,สำนักงานสถิติแห่งชาติ
2558,ไตรมาสที่ 2,ผู้ประกอบวิชาชีพด้านต่างๆ,600,ภาคกลาง,627.17,พันคน,สำนักงานสถิติแห่งชาติ
2558,ไตรมาสที่ 2,ผู้ประกอบวิชาชีพด้านเทคนิคสาขาต่าง ๆ และอาชีพที่เกี่ยวข้อง,601,ภาคกลาง,658.52,พันคน,สำนักงานสถิติแห่งชาติ
2558,ไตรมาสที่ 2,เสมียน,602,ภาคกลาง,530.2,พันคน,สำนักงานสถิติแห่งชาติ
2558,ไตรมาสที่ 2,พนักงานบริการและพนักงานในร้านค้าและตลาด,603,ภาคกลาง,2345.15,พันคน,สำนักงานสถิติแห่งชาติ
2558,ไตรมาสที่ 2,ผู้ปฏิบัติงานที่มีฝีมือในด้านการเกษตรและการประมง,604,ภาคกลาง,1815.02,พันคน,สำนักงานสถิติแห่งชาติ
2558,ไตรมาสที่ 2,ผู้ปฏิบัติงานด้านความสามารถทางฝีมือและธุรกิจการค้าที่เกี่ยวข้อง,605,ภาคกลาง,1552.02,พันคน,สำนักงานสถิติแห่งชาติ
2558,ไตรมาสที่ 2,ผู้ปฏิบัติการโรงงานและเครื่องจักรและผู้ปฏิบัติงานด้านการประกอบ,606,ภาคกลาง,2069.16,พันคน,สำนักงานสถิติแห่งชาติ
2558,ไตรมาสที่ 2,อาชีพขั้นพื้นฐานต่างๆ ในด้านการขายและการให้บริการ,607,ภาคกลาง,1485.85,พันคน,สำนักงานสถิติแห่งชาติ
2558,ไตรมาสที่ 2,คนงานซึ่งมิได้จำแนกไว้ในหมวดอื่น,608,ภาคกลาง,15.1,พันคน,สำนักงานสถิติแห่งชาติ
2558,ไตรมาสที่ 2,ผู้บัญญัติกฎหมาย ข้าราชการระดับอาวุโสและผู้จัดการ,609,ภาคเหนือ,151.9,พันคน,สำนักงานสถิติแห่งชาติ
2558,ไตรมาสที่ 2,ผู้ประกอบวิชาชีพด้านต่างๆ,610,ภาคเหนือ,274.8,พันคน,สำนักงานสถิติแห่งชาติ
2558,ไตรมาสที่ 2,ผู้ประกอบวิชาชีพด้านเทคนิคสาขาต่าง ๆ และอาชีพที่เกี่ยวข้อง,611,ภาคเหนือ,172.8,พันคน,สำนักงานสถิติแห่งชาติ
2558,ไตรมาสที่ 2,เสมียน,612,ภาคเหนือ,167.3,พันคน,สำนักงานสถิติแห่งชาติ
2558,ไตรมาสที่ 2,พนักงานบริการและพนักงานในร้านค้าและตลาด,613,ภาคเหนือ,1143.7,พันคน,สำนักงานสถิติแห่งชาติ
2558,ไตรมาสที่ 2,ผู้ปฏิบัติงานที่มีฝีมือในด้านการเกษตรและการประมง,614,ภาคเหนือ,2449.6,พันคน,สำนักงานสถิติแห่งชาติ
2558,ไตรมาสที่ 2,ผู้ปฏิบัติงานด้านความสามารถทางฝีมือและธุรกิจการค้าที่เกี่ยวข้อง,615,ภาคเหนือ,827.9,พันคน,สำนักงานสถิติแห่งชาติ
2558,ไตรมาสที่ 2,ผู้ปฏิบัติการโรงงานและเครื่องจักรและผู้ปฏิบัติงานด้านการประกอบ,616,ภาคเหนือ,355.7,พันคน,สำนักงานสถิติแห่งชาติ
2558,ไตรมาสที่ 2,อาชีพขั้นพื้นฐานต่างๆ ในด้านการขายและการให้บริการ,617,ภาคเหนือ,787.5,พันคน,สำนักงานสถิติแห่งชาติ
2558,ไตรมาสที่ 2,คนงานซึ่งมิได้จำแนกไว้ในหมวดอื่น,618,ภาคเหนือ,0.0,พันคน,สำนักงานสถิติแห่งชาติ
2558,ไตรมาสที่ 2,ผู้บัญญัติกฎหมาย ข้าราชการระดับอาวุโสและผู้จัดการ,619,ภาคตะวันออกเฉียงเหนือ,288.75,พันคน,สำนักงานสถิติแห่งชาติ
2558,ไตรมาสที่ 2,ผู้ประกอบวิชาชีพด้านต่างๆ,620,ภาคตะวันออกเฉียงเหนือ,405.58,พันคน,สำนักงานสถิติแห่งชาติ
2558,ไตรมาสที่ 2,ผู้ประกอบวิชาชีพด้านเทคนิคสาขาต่าง ๆ และอาชีพที่เกี่ยวข้อง,621,ภาคตะวันออกเฉียงเหนือ,224.44,พันคน,สำนักงานสถิติแห่งชาติ
2558,ไตรมาสที่ 2,เสมียน,622,ภาคตะวันออกเฉียงเหนือ,198.83,พันคน,สำนักงานสถิติแห่งชาติ
2558,ไตรมาสที่ 2,พนักงานบริการและพนักงานในร้านค้าและตลาด,623,ภาคตะวันออกเฉียงเหนือ,1592.2,พันคน,สำนักงานสถิติแห่งชาติ
2558,ไตรมาสที่ 2,ผู้ปฏิบัติงานที่มีฝีมือในด้านการเกษตรและการประมง,624,ภาคตะวันออกเฉียงเหนือ,4295.75,พันคน,สำนักงานสถิติแห่งชาติ
2558,ไตรมาสที่ 2,ผู้ปฏิบัติงานด้านความสามารถทางฝีมือและธุรกิจการค้าที่เกี่ยวข้อง,625,ภาคตะวันออกเฉียงเหนือ,1100.91,พันคน,สำนักงานสถิติแห่งชาติ
2558,ไตรมาสที่ 3,ผู้ปฏิบัติงานที่มีฝีมือในด้านการเกษตรและการประมง,626,ภาคเหนือ,2801.5,พันคน,สำนักงานสถิติแห่งชาติ
2558,ไตรมาสที่ 3,ผู้ปฏิบัติงานด้านความสามารถทางฝีมือและธุรกิจการค้าที่เกี่ยวข้อง,627,ภาคเหนือ,714.21,พันคน,สำนักงานสถิติแห่งชาติ
2558,ไตรมาสที่ 3,ผู้ปฏิบัติการโรงงานและเครื่องจักรและผู้ปฏิบัติงานด้านการประกอบ,628,ภาคเหนือ,338.78,พันคน,สำนักงานสถิติแห่งชาติ
2558,ไตรมาสที่ 3,อาชีพขั้นพื้นฐานต่างๆ ในด้านการขายและการให้บริการ,629,ภาคเหนือ,725.67,พันคน,สำนักงานสถิติแห่งชาติ
2558,ไตรมาสที่ 3,คนงานซึ่งมิได้จำแนกไว้ในหมวดอื่น,630,ภาคเหนือ,0.0,พันคน,สำนักงานสถิติแห่งชาติ
2558,ไตรมาสที่ 3,ผู้บัญญัติกฎหมาย ข้าราชการระดับอาวุโสและผู้จัดการ,631,ภาคตะวันออกเฉียงเหนือ,306.06,พันคน,สำนักงานสถิติแห่งชาติ
2558,ไตรมาสที่ 3,ผู้ประกอบวิชาชีพด้านต่างๆ,632,ภาคตะวันออกเฉียงเหนือ,395.5,พันคน,สำนักงานสถิติแห่งชาติ
2558,ไตรมาสที่ 3,ผู้ประกอบวิชาชีพด้านเทคนิคสาขาต่าง ๆ และอาชีพที่เกี่ยวข้อง,633,ภาคตะวันออกเฉียงเหนือ,193.12,พันคน,สำนักงานสถิติแห่งชาติ
2558,ไตรมาสที่ 3,เสมียน,634,ภาคตะวันออกเฉียงเหนือ,185.36,พันคน,สำนักงานสถิติแห่งชาติ
2558,ไตรมาสที่ 3,พนักงานบริการและพนักงานในร้านค้าและตลาด,635,ภาคตะวันออกเฉียงเหนือ,1454.01,พันคน,สำนักงานสถิติแห่งชาติ
2558,ไตรมาสที่ 3,ผู้ปฏิบัติงานที่มีฝีมือในด้านการเกษตรและการประมง,636,ภาคตะวันออกเฉียงเหนือ,5414.15,พันคน,สำนักงานสถิติแห่งชาติ
2558,ไตรมาสที่ 3,ผู้ปฏิบัติงานด้านความสามารถทางฝีมือและธุรกิจการค้าที่เกี่ยวข้อง,637,ภาคตะวันออกเฉียงเหนือ,876.69,พันคน,สำนักงานสถิติแห่งชาติ
2558,ไตรมาสที่ 3,ผู้ปฏิบัติการโรงงานและเครื่องจักรและผู้ปฏิบัติงานด้านการประกอบ,638,ภาคตะวันออกเฉียงเหนือ,439.24,พันคน,สำนักงานสถิติแห่งชาติ
2558,ไตรมาสที่ 3,อาชีพขั้นพื้นฐานต่างๆ ในด้านการขายและการให้บริการ,639,ภาคตะวันออกเฉียงเหนือ,719.21,พันคน,สำนักงานสถิติแห่งชาติ
2558,ไตรมาสที่ 3,คนงานซึ่งมิได้จำแนกไว้ในหมวดอื่น,640,ภาคตะวันออกเฉียงเหนือ,0.58,พันคน,สำนักงานสถิติแห่งชาติ
2558,ไตรมาสที่ 3,ผู้บัญญัติกฎหมาย ข้าราชการระดับอาวุโสและผู้จัดการ,641,ภาคใต้,138.21,พันคน,สำนักงานสถิติแห่งชาติ
2558,ไตรมาสที่ 3,ผู้ประกอบวิชาชีพด้านต่างๆ,642,ภาคใต้,223.76,พันคน,สำนักงานสถิติแห่งชาติ
2558,ไตรมาสที่ 3,ผู้ประกอบวิชาชีพด้านเทคนิคสาขาต่าง ๆ และอาชีพที่เกี่ยวข้อง,643,ภาคใต้,168.24,พันคน,สำนักงานสถิติแห่งชาติ
2558,ไตรมาสที่ 3,เสมียน,644,ภาคใต้,142.54,พันคน,สำนักงานสถิติแห่งชาติ
2558,ไตรมาสที่ 3,พนักงานบริการและพนักงานในร้านค้าและตลาด,645,ภาคใต้,1016.83,พันคน,สำนักงานสถิติแห่งชาติ
2558,ไตรมาสที่ 3,ผู้ปฏิบัติงานที่มีฝีมือในด้านการเกษตรและการประมง,646,ภาคใต้,2069.77,พันคน,สำนักงานสถิติแห่งชาติ
2558,ไตรมาสที่ 3,ผู้ปฏิบัติงานด้านความสามารถทางฝีมือและธุรกิจการค้าที่เกี่ยวข้อง,647,ภาคใต้,524.25,พันคน,สำนักงานสถิติแห่งชาติ
2558,ไตรมาสที่ 3,ผู้ปฏิบัติการโรงงานและเครื่องจักรและผู้ปฏิบัติงานด้านการประกอบ,648,ภาคใต้,230.05,พันคน,สำนักงานสถิติแห่งชาติ
2558,ไตรมาสที่ 3,อาชีพขั้นพื้นฐานต่างๆ ในด้านการขายและการให้บริการ,649,ภาคใต้,531.42,พันคน,สำนักงานสถิติแห่งชาติ
2558,ไตรมาสที่ 3,คนงานซึ่งมิได้จำแนกไว้ในหมวดอื่น,650,ภาคใต้,0.19,พันคน,สำนักงานสถิติแห่งชาติ
2558,ไตรมาสที่ 4,ผู้บัญญัติกฎหมาย ข้าราชการระดับอาวุโสและผู้จัดการ,651,กรุงเทพมหานคร,474.15,พันคน,สำนักงานสถิติแห่งชาติ
2558,ไตรมาสที่ 4,ผู้ประกอบวิชาชีพด้านต่างๆ,652,กรุงเทพมหานคร,704.63,พันคน,สำนักงานสถิติแห่งชาติ
2558,ไตรมาสที่ 4,ผู้ประกอบวิชาชีพด้านเทคนิคสาขาต่าง ๆ และอาชีพที่เกี่ยวข้อง,653,กรุงเทพมหานคร,509.24,พันคน,สำนักงานสถิติแห่งชาติ
2558,ไตรมาสที่ 4,เสมียน,654,กรุงเทพมหานคร,429.99,พันคน,สำนักงานสถิติแห่งชาติ
2558,ไตรมาสที่ 4,พนักงานบริการและพนักงานในร้านค้าและตลาด,655,กรุงเทพมหานคร,1285.34,พันคน,สำนักงานสถิติแห่งชาติ
2558,ไตรมาสที่ 4,ผู้ปฏิบัติงานที่มีฝีมือในด้านการเกษตรและการประมง,656,กรุงเทพมหานคร,34.75,พันคน,สำนักงานสถิติแห่งชาติ
2558,ไตรมาสที่ 4,ผู้ปฏิบัติงานด้านความสามารถทางฝีมือและธุรกิจการค้าที่เกี่ยวข้อง,657,กรุงเทพมหานคร,584.41,พันคน,สำนักงานสถิติแห่งชาติ
2558,ไตรมาสที่ 4,ผู้ปฏิบัติการโรงงานและเครื่องจักรและผู้ปฏิบัติงานด้านการประกอบ,658,กรุงเทพมหานคร,726.17,พันคน,สำนักงานสถิติแห่งชาติ
2558,ไตรมาสที่ 4,อาชีพขั้นพื้นฐานต่างๆ ในด้านการขายและการให้บริการ,659,กรุงเทพมหานคร,497.06,พันคน,สำนักงานสถิติแห่งชาติ
2558,ไตรมาสที่ 4,ผู้ปฏิบัติงานด้านความสามารถทางฝีมือและธุรกิจการค้าที่เกี่ยวข้อง,660,ภาคใต้,511.41,พันคน,สำนักงานสถิติแห่งชาติ
2558,ไตรมาสที่ 4,ผู้ปฏิบัติการโรงงานและเครื่องจักรและผู้ปฏิบัติงานด้านการประกอบ,661,ภาคใต้,227.64,พันคน,สำนักงานสถิติแห่งชาติ
2558,ไตรมาสที่ 4,อาชีพขั้นพื้นฐานต่างๆ ในด้านการขายและการให้บริการ,662,ภาคใต้,501.27,พันคน,สำนักงานสถิติแห่งชาติ
2558,ไตรมาสที่ 4,คนงานซึ่งมิได้จำแนกไว้ในหมวดอื่น,663,ภาคใต้,2.01,พันคน,สำนักงานสถิติแห่งชาติ
2559,ไตรมาสที่ 1,ผู้บัญญัติกฎหมาย ข้าราชการระดับอาวุโสและผู้จัดการ,664,กรุงเทพมหานคร,428.55,พันคน,สำนักงานสถิติแห่งชาติ
2559,ไตรมาสที่ 1,ผู้ประกอบวิชาชีพด้านต่างๆ,665,กรุงเทพมหานคร,629.85,พันคน,สำนักงานสถิติแห่งชาติ
2559,ไตรมาสที่ 1,ผู้ประกอบวิชาชีพด้านเทคนิคสาขาต่าง ๆ และอาชีพที่เกี่ยวข้อง,666,กรุงเทพมหานคร,533.37,พันคน,สำนักงานสถิติแห่งชาติ
2559,ไตรมาสที่ 1,เสมียน,667,กรุงเทพมหานคร,444.1,พันคน,สำนักงานสถิติแห่งชาติ
2559,ไตรมาสที่ 1,พนักงานบริการและพนักงานในร้านค้าและตลาด,668,กรุงเทพมหานคร,1394.73,พันคน,สำนักงานสถิติแห่งชาติ
2559,ไตรมาสที่ 1,ผู้ปฏิบัติงานที่มีฝีมือในด้านการเกษตรและการประมง,669,กรุงเทพมหานคร,27.93,พันคน,สำนักงานสถิติแห่งชาติ
2559,ไตรมาสที่ 1,ผู้ปฏิบัติงานด้านความสามารถทางฝีมือและธุรกิจการค้าที่เกี่ยวข้อง,670,กรุงเทพมหานคร,608.35,พันคน,สำนักงานสถิติแห่งชาติ
2559,ไตรมาสที่ 1,ผู้ปฏิบัติการโรงงานและเครื่องจักรและผู้ปฏิบัติงานด้านการประกอบ,671,กรุงเทพมหานคร,646.68,พันคน,สำนักงานสถิติแห่งชาติ
2559,ไตรมาสที่ 1,อาชีพขั้นพื้นฐานต่างๆ ในด้านการขายและการให้บริการ,672,กรุงเทพมหานคร,485.5,พันคน,สำนักงานสถิติแห่งชาติ
2559,ไตรมาสที่ 1,คนงานซึ่งมิได้จำแนกไว้ในหมวดอื่น,673,กรุงเทพมหานคร,44.83,พันคน,สำนักงานสถิติแห่งชาติ
2559,ไตรมาสที่ 1,ผู้บัญญัติกฎหมาย ข้าราชการระดับอาวุโสและผู้จัดการ,674,ภาคกลาง,482.84,พันคน,สำนักงานสถิติแห่งชาติ
2559,ไตรมาสที่ 1,ผู้ประกอบวิชาชีพด้านต่างๆ,675,ภาคกลาง,667.66,พันคน,สำนักงานสถิติแห่งชาติ
2559,ไตรมาสที่ 1,ผู้ประกอบวิชาชีพด้านเทคนิคสาขาต่าง ๆ และอาชีพที่เกี่ยวข้อง,676,ภาคกลาง,665.26,พันคน,สำนักงานสถิติแห่งชาติ
2559,ไตรมาสที่ 1,เสมียน,677,ภาคกลาง,565.36,พันคน,สำนักงานสถิติแห่งชาติ
2559,ไตรมาสที่ 1,พนักงานบริการและพนักงานในร้านค้าและตลาด,678,ภาคกลาง,2366.41,พันคน,สำนักงานสถิติแห่งชาติ
2559,ไตรมาสที่ 1,ผู้ปฏิบัติงานที่มีฝีมือในด้านการเกษตรและการประมง,679,ภาคกลาง,1697.11,พันคน,สำนักงานสถิติแห่งชาติ
2559,ไตรมาสที่ 1,ผู้ปฏิบัติงานด้านความสามารถทางฝีมือและธุรกิจการค้าที่เกี่ยวข้อง,680,ภาคกลาง,1575.37,พันคน,สำนักงานสถิติแห่งชาติ
2559,ไตรมาสที่ 1,ผู้ปฏิบัติการโรงงานและเครื่องจักรและผู้ปฏิบัติงานด้านการประกอบ,681,ภาคกลาง,2074.75,พันคน,สำนักงานสถิติแห่งชาติ
2559,ไตรมาสที่ 1,อาชีพขั้นพื้นฐานต่างๆ ในด้านการขายและการให้บริการ,682,ภาคกลาง,1511.62,พันคน,สำนักงานสถิติแห่งชาติ
2559,ไตรมาสที่ 1,คนงานซึ่งมิได้จำแนกไว้ในหมวดอื่น,683,ภาคกลาง,14.65,พันคน,สำนักงานสถิติแห่งชาติ
2559,ไตรมาสที่ 1,ผู้บัญญัติกฎหมาย ข้าราชการระดับอาวุโสและผู้จัดการ,684,ภาคเหนือ,160.83,พันคน,สำนักงานสถิติแห่งชาติ
2559,ไตรมาสที่ 1,ผู้ประกอบวิชาชีพด้านต่างๆ,685,ภาคเหนือ,306.97,พันคน,สำนักงานสถิติแห่งชาติ
2559,ไตรมาสที่ 1,ผู้ประกอบวิชาชีพด้านเทคนิคสาขาต่าง ๆ และอาชีพที่เกี่ยวข้อง,686,ภาคเหนือ,167.25,พันคน,สำนักงานสถิติแห่งชาติ
2559,ไตรมาสที่ 1,เสมียน,687,ภาคเหนือ,173.14,พันคน,สำนักงานสถิติแห่งชาติ
2559,ไตรมาสที่ 1,พนักงานบริการและพนักงานในร้านค้าและตลาด,688,ภาคเหนือ,1214.22,พันคน,สำนักงานสถิติแห่งชาติ
2559,ไตรมาสที่ 1,ผู้ปฏิบัติงานที่มีฝีมือในด้านการเกษตรและการประมง,689,ภาคเหนือ,2202.63,พันคน,สำนักงานสถิติแห่งชาติ
2559,ไตรมาสที่ 1,ผู้ปฏิบัติงานด้านความสามารถทางฝีมือและธุรกิจการค้าที่เกี่ยวข้อง,690,ภาคเหนือ,889.06,พันคน,สำนักงานสถิติแห่งชาติ
2559,ไตรมาสที่ 1,ผู้ปฏิบัติการโรงงานและเครื่องจักรและผู้ปฏิบัติงานด้านการประกอบ,691,ภาคเหนือ,341.64,พันคน,สำนักงานสถิติแห่งชาติ
2559,ไตรมาสที่ 1,อาชีพขั้นพื้นฐานต่างๆ ในด้านการขายและการให้บริการ,692,ภาคเหนือ,909.49,พันคน,สำนักงานสถิติแห่งชาติ
2559,ไตรมาสที่ 1,คนงานซึ่งมิได้จำแนกไว้ในหมวดอื่น,693,ภาคเหนือ,0.0,พันคน,สำนักงานสถิติแห่งชาติ
2559,ไตรมาสที่ 1,ผู้บัญญัติกฎหมาย ข้าราชการระดับอาวุโสและผู้จัดการ,694,ภาคตะวันออกเฉียงเหนือ,295.61,พันคน,สำนักงานสถิติแห่งชาติ
2559,ไตรมาสที่ 2,อาชีพขั้นพื้นฐานต่างๆ ในด้านการขายและการให้บริการ,695,ภาคกลาง,1454.32,พันคน,สำนักงานสถิติแห่งชาติ
2559,ไตรมาสที่ 2,คนงานซึ่งมิได้จำแนกไว้ในหมวดอื่น,696,ภาคกลาง,15.6,พันคน,สำนักงานสถิติแห่งชาติ
2559,ไตรมาสที่ 2,ผู้บัญญัติกฎหมาย ข้าราชการระดับอาวุโสและผู้จัดการ,697,ภาคเหนือ,181.28,พันคน,สำนักงานสถิติแห่งชาติ
2559,ไตรมาสที่ 2,ผู้ประกอบวิชาชีพด้านต่างๆ,698,ภาคเหนือ,285.96,พันคน,สำนักงานสถิติแห่งชาติ
2559,ไตรมาสที่ 2,ผู้ประกอบวิชาชีพด้านเทคนิคสาขาต่าง ๆ และอาชีพที่เกี่ยวข้อง,699,ภาคเหนือ,179.73,พันคน,สำนักงานสถิติแห่งชาติ
2559,ไตรมาสที่ 2,เสมียน,700,ภาคเหนือ,178.85,พันคน,สำนักงานสถิติแห่งชาติ
2559,ไตรมาสที่ 2,พนักงานบริการและพนักงานในร้านค้าและตลาด,701,ภาคเหนือ,1176.96,พันคน,สำนักงานสถิติแห่งชาติ
2559,ไตรมาสที่ 2,ผู้ปฏิบัติงานที่มีฝีมือในด้านการเกษตรและการประมง,702,ภาคเหนือ,2125.3,พันคน,สำนักงานสถิติแห่งชาติ
2559,ไตรมาสที่ 2,ผู้ปฏิบัติงานด้านความสามารถทางฝีมือและธุรกิจการค้าที่เกี่ยวข้อง,703,ภาคเหนือ,863.69,พันคน,สำนักงานสถิติแห่งชาติ
2559,ไตรมาสที่ 2,ผู้ปฏิบัติการโรงงานและเครื่องจักรและผู้ปฏิบัติงานด้านการประกอบ,704,ภาคเหนือ,334.81,พันคน,สำนักงานสถิติแห่งชาติ
2559,ไตรมาสที่ 2,อาชีพขั้นพื้นฐานต่างๆ ในด้านการขายและการให้บริการ,705,ภาคเหนือ,881.12,พันคน,สำนักงานสถิติแห่งชาติ
2559,ไตรมาสที่ 2,คนงานซึ่งมิได้จำแนกไว้ในหมวดอื่น,706,ภาคเหนือ,0.54,พันคน,สำนักงานสถิติแห่งชาติ
2559,ไตรมาสที่ 2,ผู้บัญญัติกฎหมาย ข้าราชการระดับอาวุโสและผู้จัดการ,707,ภาคตะวันออกเฉียงเหนือ,291.25,พันคน,สำนักงานสถิติแห่งชาติ
2559,ไตรมาสที่ 2,ผู้ประกอบวิชาชีพด้านต่างๆ,708,ภาคตะวันออกเฉียงเหนือ,404.31,พันคน,สำนักงานสถิติแห่งชาติ
2559,ไตรมาสที่ 2,ผู้ประกอบวิชาชีพด้านเทคนิคสาขาต่าง ๆ และอาชีพที่เกี่ยวข้อง,709,ภาคตะวันออกเฉียงเหนือ,216.77,พันคน,สำนักงานสถิติแห่งชาติ
2559,ไตรมาสที่ 2,เสมียน,710,ภาคตะวันออกเฉียงเหนือ,202.86,พันคน,สำนักงานสถิติแห่งชาติ
2559,ไตรมาสที่ 2,พนักงานบริการและพนักงานในร้านค้าและตลาด,711,ภาคตะวันออกเฉียงเหนือ,1573.93,พันคน,สำนักงานสถิติแห่งชาติ
2559,ไตรมาสที่ 2,ผู้ปฏิบัติงานที่มีฝีมือในด้านการเกษตรและการประมง,712,ภาคตะวันออกเฉียงเหนือ,4094.3,พันคน,สำนักงานสถิติแห่งชาติ
2559,ไตรมาสที่ 2,ผู้ปฏิบัติงานด้านความสามารถทางฝีมือและธุรกิจการค้าที่เกี่ยวข้อง,713,ภาคตะวันออกเฉียงเหนือ,1098.97,พันคน,สำนักงานสถิติแห่งชาติ
2559,ไตรมาสที่ 2,ผู้ปฏิบัติการโรงงานและเครื่องจักรและผู้ปฏิบัติงานด้านการประกอบ,714,ภาคตะวันออกเฉียงเหนือ,489.41,พันคน,สำนักงานสถิติแห่งชาติ
2559,ไตรมาสที่ 2,อาชีพขั้นพื้นฐานต่างๆ ในด้านการขายและการให้บริการ,715,ภาคตะวันออกเฉียงเหนือ,916.82,พันคน,สำนักงานสถิติแห่งชาติ
2559,ไตรมาสที่ 2,คนงานซึ่งมิได้จำแนกไว้ในหมวดอื่น,716,ภาคตะวันออกเฉียงเหนือ,0.0,พันคน,สำนักงานสถิติแห่งชาติ
2559,ไตรมาสที่ 2,ผู้บัญญัติกฎหมาย ข้าราชการระดับอาวุโสและผู้จัดการ,717,ภาคใต้,130.0,พันคน,สำนักงานสถิติแห่งชาติ
2559,ไตรมาสที่ 2,ผู้ประกอบวิชาชีพด้านต่างๆ,718,ภาคใต้,243.61,พันคน,สำนักงานสถิติแห่งชาติ
2559,ไตรมาสที่ 2,ผู้ประกอบวิชาชีพด้านเทคนิคสาขาต่าง ๆ และอาชีพที่เกี่ยวข้อง,719,ภาคใต้,153.32,พันคน,สำนักงานสถิติแห่งชาติ
2559,ไตรมาสที่ 2,เสมียน,720,ภาคใต้,163.2,พันคน,สำนักงานสถิติแห่งชาติ
2559,ไตรมาสที่ 2,พนักงานบริการและพนักงานในร้านค้าและตลาด,721,ภาคใต้,1088.96,พันคน,สำนักงานสถิติแห่งชาติ
2559,ไตรมาสที่ 2,ผู้ปฏิบัติงานที่มีฝีมือในด้านการเกษตรและการประมง,722,ภาคใต้,2005.05,พันคน,สำนักงานสถิติแห่งชาติ
2559,ไตรมาสที่ 2,ผู้ปฏิบัติงานด้านความสามารถทางฝีมือและธุรกิจการค้าที่เกี่ยวข้อง,723,ภาคใต้,535.45,พันคน,สำนักงานสถิติแห่งชาติ
2559,ไตรมาสที่ 2,ผู้ปฏิบัติการโรงงานและเครื่องจักรและผู้ปฏิบัติงานด้านการประกอบ,724,ภาคใต้,234.68,พันคน,สำนักงานสถิติแห่งชาติ
2559,ไตรมาสที่ 2,อาชีพขั้นพื้นฐานต่างๆ ในด้านการขายและการให้บริการ,725,ภาคใต้,511.14,พันคน,สำนักงานสถิติแห่งชาติ
2559,ไตรมาสที่ 2,คนงานซึ่งมิได้จำแนกไว้ในหมวดอื่น,726,ภาคใต้,2.5,พันคน,สำนักงานสถิติแห่งชาติ
2559,ไตรมาสที่ 3,ผู้บัญญัติกฎหมาย ข้าราชการระดับอาวุโสและผู้จัดการ,727,กรุงเทพมหานคร,441.04,พันคน,สำนักงานสถิติแห่งชาติ
2559,ไตรมาสที่ 3,ผู้ประกอบวิชาชีพด้านต่างๆ,728,กรุงเทพมหานคร,616.74,พันคน,สำนักงานสถิติแห่งชาติ
2559,ไตรมาสที่ 3,ผู้ประกอบวิชาชีพด้านเทคนิคสาขาต่าง ๆ และอาชีพที่เกี่ยวข้อง,729,กรุงเทพมหานคร,522.71,พันคน,สำนักงานสถิติแห่งชาติ
2559,ไตรมาสที่ 3,ผู้บัญญัติกฎหมาย ข้าราชการระดับอาวุโสและผู้จัดการ,730,ภาคใต้,124.88,พันคน,สำนักงานสถิติแห่งชาติ
2559,ไตรมาสที่ 3,ผู้ประกอบวิชาชีพด้านต่างๆ,731,ภาคใต้,205.78,พันคน,สำนักงานสถิติแห่งชาติ
2559,ไตรมาสที่ 3,ผู้ประกอบวิชาชีพด้านเทคนิคสาขาต่าง ๆ และอาชีพที่เกี่ยวข้อง,732,ภาคใต้,161.56,พันคน,สำนักงานสถิติแห่งชาติ
2559,ไตรมาสที่ 3,เสมียน,733,ภาคใต้,155.17,พันคน,สำนักงานสถิติแห่งชาติ
2559,ไตรมาสที่ 3,พนักงานบริการและพนักงานในร้านค้าและตลาด,734,ภาคใต้,1082.84,พันคน,สำนักงานสถิติแห่งชาติ
2559,ไตรมาสที่ 3,ผู้ปฏิบัติงานที่มีฝีมือในด้านการเกษตรและการประมง,735,ภาคใต้,2085.82,พันคน,สำนักงานสถิติแห่งชาติ
2559,ไตรมาสที่ 3,ผู้ปฏิบัติงานด้านความสามารถทางฝีมือและธุรกิจการค้าที่เกี่ยวข้อง,736,ภาคใต้,539.34,พันคน,สำนักงานสถิติแห่งชาติ
2559,ไตรมาสที่ 3,ผู้ปฏิบัติการโรงงานและเครื่องจักรและผู้ปฏิบัติงานด้านการประกอบ,737,ภาคใต้,233.43,พันคน,สำนักงานสถิติแห่งชาติ
2559,ไตรมาสที่ 3,อาชีพขั้นพื้นฐานต่างๆ ในด้านการขายและการให้บริการ,738,ภาคใต้,534.85,พันคน,สำนักงานสถิติแห่งชาติ
2559,ไตรมาสที่ 3,คนงานซึ่งมิได้จำแนกไว้ในหมวดอื่น,739,ภาคใต้,5.34,พันคน,สำนักงานสถิติแห่งชาติ
2559,ไตรมาสที่ 4,ผู้บัญญัติกฎหมาย ข้าราชการระดับอาวุโสและผู้จัดการ,740,กรุงเทพมหานคร,437.91,พันคน,สำนักงานสถิติแห่งชาติ
2559,ไตรมาสที่ 4,ผู้ประกอบวิชาชีพด้านต่างๆ,741,กรุงเทพมหานคร,673.47,พันคน,สำนักงานสถิติแห่งชาติ
2559,ไตรมาสที่ 4,ผู้ประกอบวิชาชีพด้านเทคนิคสาขาต่าง ๆ และอาชีพที่เกี่ยวข้อง,742,กรุงเทพมหานคร,576.43,พันคน,สำนักงานสถิติแห่งชาติ
2559,ไตรมาสที่ 4,เสมียน,743,กรุงเทพมหานคร,418.42,พันคน,สำนักงานสถิติแห่งชาติ
2559,ไตรมาสที่ 4,พนักงานบริการและพนักงานในร้านค้าและตลาด,744,กรุงเทพมหานคร,1346.77,พันคน,สำนักงานสถิติแห่งชาติ
2559,ไตรมาสที่ 4,ผู้ปฏิบัติงานที่มีฝีมือในด้านการเกษตรและการประมง,745,กรุงเทพมหานคร,15.79,พันคน,สำนักงานสถิติแห่งชาติ
2559,ไตรมาสที่ 4,ผู้ปฏิบัติงานด้านความสามารถทางฝีมือและธุรกิจการค้าที่เกี่ยวข้อง,746,กรุงเทพมหานคร,558.04,พันคน,สำนักงานสถิติแห่งชาติ
2559,ไตรมาสที่ 4,ผู้ปฏิบัติการโรงงานและเครื่องจักรและผู้ปฏิบัติงานด้านการประกอบ,747,กรุงเทพมหานคร,623.96,พันคน,สำนักงานสถิติแห่งชาติ
2559,ไตรมาสที่ 4,อาชีพขั้นพื้นฐานต่างๆ ในด้านการขายและการให้บริการ,748,กรุงเทพมหานคร,474.63,พันคน,สำนักงานสถิติแห่งชาติ
2559,ไตรมาสที่ 4,คนงานซึ่งมิได้จำแนกไว้ในหมวดอื่น,749,กรุงเทพมหานคร,50.75,พันคน,สำนักงานสถิติแห่งชาติ
2559,ไตรมาสที่ 4,ผู้บัญญัติกฎหมาย ข้าราชการระดับอาวุโสและผู้จัดการ,750,ภาคกลาง,426.1,พันคน,สำนักงานสถิติแห่งชาติ
2559,ไตรมาสที่ 4,ผู้ประกอบวิชาชีพด้านต่างๆ,751,ภาคกลาง,615.59,พันคน,สำนักงานสถิติแห่งชาติ
2559,ไตรมาสที่ 4,ผู้ประกอบวิชาชีพด้านเทคนิคสาขาต่าง ๆ และอาชีพที่เกี่ยวข้อง,752,ภาคกลาง,646.11,พันคน,สำนักงานสถิติแห่งชาติ
2559,ไตรมาสที่ 4,เสมียน,753,ภาคกลาง,626.65,พันคน,สำนักงานสถิติแห่งชาติ
2559,ไตรมาสที่ 4,พนักงานบริการและพนักงานในร้านค้าและตลาด,754,ภาคกลาง,2426.12,พันคน,สำนักงานสถิติแห่งชาติ
2559,ไตรมาสที่ 4,ผู้ปฏิบัติงานที่มีฝีมือในด้านการเกษตรและการประมง,755,ภาคกลาง,1762.72,พันคน,สำนักงานสถิติแห่งชาติ
2559,ไตรมาสที่ 4,ผู้ปฏิบัติงานด้านความสามารถทางฝีมือและธุรกิจการค้าที่เกี่ยวข้อง,756,ภาคกลาง,1537.39,พันคน,สำนักงานสถิติแห่งชาติ
2559,ไตรมาสที่ 4,ผู้ปฏิบัติการโรงงานและเครื่องจักรและผู้ปฏิบัติงานด้านการประกอบ,757,ภาคกลาง,2016.99,พันคน,สำนักงานสถิติแห่งชาติ
2559,ไตรมาสที่ 4,อาชีพขั้นพื้นฐานต่างๆ ในด้านการขายและการให้บริการ,758,ภาคกลาง,1440.01,พันคน,สำนักงานสถิติแห่งชาติ
2559,ไตรมาสที่ 4,คนงานซึ่งมิได้จำแนกไว้ในหมวดอื่น,759,ภาคกลาง,15.45,พันคน,สำนักงานสถิติแห่งชาติ
2559,ไตรมาสที่ 4,ผู้บัญญัติกฎหมาย ข้าราชการระดับอาวุโสและผู้จัดการ,760,ภาคเหนือ,162.23,พันคน,สำนักงานสถิติแห่งชาติ
2559,ไตรมาสที่ 4,ผู้ประกอบวิชาชีพด้านต่างๆ,761,ภาคเหนือ,295.51,พันคน,สำนักงานสถิติแห่งชาติ
2559,ไตรมาสที่ 4,ผู้ประกอบวิชาชีพด้านเทคนิคสาขาต่าง ๆ และอาชีพที่เกี่ยวข้อง,762,ภาคเหนือ,161.62,พันคน,สำนักงานสถิติแห่งชาติ
2559,ไตรมาสที่ 4,เสมียน,763,ภาคเหนือ,184.51,พันคน,สำนักงานสถิติแห่งชาติ
2559,ไตรมาสที่ 4,พนักงานบริการและพนักงานในร้านค้าและตลาด,764,ภาคเหนือ,1159.5,พันคน,สำนักงานสถิติแห่งชาติ
2559,ไตรมาสที่ 4,ผู้ปฏิบัติงานที่มีฝีมือในด้านการเกษตรและการประมง,765,ภาคเหนือ,2524.94,พันคน,สำนักงานสถิติแห่งชาติ
2560,ไตรมาสที่ 1,ผู้ประกอบวิชาชีพด้านเทคนิคสาขาต่าง ๆ และอาชีพที่เกี่ยวข้อง,766,ภาคกลาง,639.5,พันคน,สำนักงานสถิติแห่งชาติ
2560,ไตรมาสที่ 1,เสมียน,767,ภาคกลาง,569.0,พันคน,สำนักงานสถิติแห่งชาติ
2560,ไตรมาสที่ 1,พนักงานบริการและพนักงานในร้านค้าและตลาด,768,ภาคกลาง,2487.5,พันคน,สำนักงานสถิติแห่งชาติ
2560,ไตรมาสที่ 1,ผู้ปฏิบัติงานที่มีฝีมือในด้านการเกษตรและการประมง,769,ภาคกลาง,1720.5,พันคน,สำนักงานสถิติแห่งชาติ
2560,ไตรมาสที่ 1,ผู้ปฏิบัติงานด้านความสามารถทางฝีมือและธุรกิจการค้าที่เกี่ยวข้อง,770,ภาคกลาง,1539.1,พันคน,สำนักงานสถิติแห่งชาติ
2560,ไตรมาสที่ 1,ผู้ปฏิบัติการโรงงานและเครื่องจักรและผู้ปฏิบัติงานด้านการประกอบ,771,ภาคกลาง,2042.0,พันคน,สำนักงานสถิติแห่งชาติ
2560,ไตรมาสที่ 1,อาชีพขั้นพื้นฐานต่างๆ ในด้านการขายและการให้บริการ,772,ภาคกลาง,1580.4,พันคน,สำนักงานสถิติแห่งชาติ
2560,ไตรมาสที่ 1,คนงานซึ่งมิได้จำแนกไว้ในหมวดอื่น,773,ภาคกลาง,7.2,พันคน,สำนักงานสถิติแห่งชาติ
2560,ไตรมาสที่ 1,ผู้บัญญัติกฎหมาย ข้าราชการระดับอาวุโสและผู้จัดการ,774,ภาคเหนือ,154.9,พันคน,สำนักงานสถิติแห่งชาติ
2560,ไตรมาสที่ 1,ผู้ประกอบวิชาชีพด้านต่างๆ,775,ภาคเหนือ,310.0,พันคน,สำนักงานสถิติแห่งชาติ
2560,ไตรมาสที่ 1,ผู้ประกอบวิชาชีพด้านเทคนิคสาขาต่าง ๆ และอาชีพที่เกี่ยวข้อง,776,ภาคเหนือ,147.8,พันคน,สำนักงานสถิติแห่งชาติ
2560,ไตรมาสที่ 1,เสมียน,777,ภาคเหนือ,189.7,พันคน,สำนักงานสถิติแห่งชาติ
2560,ไตรมาสที่ 1,พนักงานบริการและพนักงานในร้านค้าและตลาด,778,ภาคเหนือ,1179.4,พันคน,สำนักงานสถิติแห่งชาติ
2560,ไตรมาสที่ 1,ผู้ปฏิบัติงานที่มีฝีมือในด้านการเกษตรและการประมง,779,ภาคเหนือ,2202.2,พันคน,สำนักงานสถิติแห่งชาติ
2560,ไตรมาสที่ 1,ผู้ปฏิบัติงานด้านความสามารถทางฝีมือและธุรกิจการค้าที่เกี่ยวข้อง,780,ภาคเหนือ,783.2,พันคน,สำนักงานสถิติแห่งชาติ
2560,ไตรมาสที่ 1,ผู้ปฏิบัติการโรงงานและเครื่องจักรและผู้ปฏิบัติงานด้านการประกอบ,781,ภาคเหนือ,333.5,พันคน,สำนักงานสถิติแห่งชาติ
2560,ไตรมาสที่ 1,อาชีพขั้นพื้นฐานต่างๆ ในด้านการขายและการให้บริการ,782,ภาคเหนือ,952.0,พันคน,สำนักงานสถิติแห่งชาติ
2560,ไตรมาสที่ 1,คนงานซึ่งมิได้จำแนกไว้ในหมวดอื่น,783,ภาคเหนือ,0.0,พันคน,สำนักงานสถิติแห่งชาติ
2560,ไตรมาสที่ 1,ผู้บัญญัติกฎหมาย ข้าราชการระดับอาวุโสและผู้จัดการ,784,ภาคตะวันออกเฉียงเหนือ,295.8,พันคน,สำนักงานสถิติแห่งชาติ
2560,ไตรมาสที่ 1,ผู้ประกอบวิชาชีพด้านต่างๆ,785,ภาคตะวันออกเฉียงเหนือ,427.4,พันคน,สำนักงานสถิติแห่งชาติ
2560,ไตรมาสที่ 1,ผู้ประกอบวิชาชีพด้านเทคนิคสาขาต่าง ๆ และอาชีพที่เกี่ยวข้อง,786,ภาคตะวันออกเฉียงเหนือ,201.6,พันคน,สำนักงานสถิติแห่งชาติ
2560,ไตรมาสที่ 1,เสมียน,787,ภาคตะวันออกเฉียงเหนือ,181.6,พันคน,สำนักงานสถิติแห่งชาติ
2560,ไตรมาสที่ 1,พนักงานบริการและพนักงานในร้านค้าและตลาด,788,ภาคตะวันออกเฉียงเหนือ,1586.2,พันคน,สำนักงานสถิติแห่งชาติ
2560,ไตรมาสที่ 1,ผู้ปฏิบัติงานที่มีฝีมือในด้านการเกษตรและการประมง,789,ภาคตะวันออกเฉียงเหนือ,3732.7,พันคน,สำนักงานสถิติแห่งชาติ
2560,ไตรมาสที่ 1,ผู้ปฏิบัติงานด้านความสามารถทางฝีมือและธุรกิจการค้าที่เกี่ยวข้อง,790,ภาคตะวันออกเฉียงเหนือ,1067.5,พันคน,สำนักงานสถิติแห่งชาติ
2560,ไตรมาสที่ 1,ผู้ปฏิบัติการโรงงานและเครื่องจักรและผู้ปฏิบัติงานด้านการประกอบ,791,ภาคตะวันออกเฉียงเหนือ,522.2,พันคน,สำนักงานสถิติแห่งชาติ
2560,ไตรมาสที่ 1,อาชีพขั้นพื้นฐานต่างๆ ในด้านการขายและการให้บริการ,792,ภาคตะวันออกเฉียงเหนือ,1131.9,พันคน,สำนักงานสถิติแห่งชาติ
2560,ไตรมาสที่ 1,คนงานซึ่งมิได้จำแนกไว้ในหมวดอื่น,793,ภาคตะวันออกเฉียงเหนือ,0.0,พันคน,สำนักงานสถิติแห่งชาติ
2560,ไตรมาสที่ 1,ผู้บัญญัติกฎหมาย ข้าราชการระดับอาวุโสและผู้จัดการ,794,ภาคใต้,127.0,พันคน,สำนักงานสถิติแห่งชาติ
2560,ไตรมาสที่ 1,ผู้ประกอบวิชาชีพด้านต่างๆ,795,ภาคใต้,257.1,พันคน,สำนักงานสถิติแห่งชาติ
2560,ไตรมาสที่ 1,ผู้ประกอบวิชาชีพด้านเทคนิคสาขาต่าง ๆ และอาชีพที่เกี่ยวข้อง,796,ภาคใต้,174.4,พันคน,สำนักงานสถิติแห่งชาติ
2560,ไตรมาสที่ 1,เสมียน,797,ภาคใต้,171.0,พันคน,สำนักงานสถิติแห่งชาติ
2560,ไตรมาสที่ 1,พนักงานบริการและพนักงานในร้านค้าและตลาด,798,ภาคใต้,1094.2,พันคน,สำนักงานสถิติแห่งชาติ
2560,ไตรมาสที่ 1,ผู้ปฏิบัติงานที่มีฝีมือในด้านการเกษตรและการประมง,799,ภาคใต้,2042.6,พันคน,สำนักงานสถิติแห่งชาติ
2560,ไตรมาสที่ 1,ผู้ปฏิบัติงานด้านความสามารถทางฝีมือและธุรกิจการค้าที่เกี่ยวข้อง,800,ภาคใต้,476.2,พันคน,สำนักงานสถิติแห่งชาติ
2560,ไตรมาสที่ 2,พนักงานบริการและพนักงานในร้านค้าและตลาด,801,ภาคตะวันออกเฉียงเหนือ,1495.0,พันคน,สำนักงานสถิติแห่งชาติ
2560,ไตรมาสที่ 2,ผู้ปฏิบัติงานที่มีฝีมือในด้านการเกษตรและการประมง,802,ภาคตะวันออกเฉียงเหนือ,4523.9,พันคน,สำนักงานสถิติแห่งชาติ
2560,ไตรมาสที่ 2,ผู้ปฏิบัติงานด้านความสามารถทางฝีมือและธุรกิจการค้าที่เกี่ยวข้อง,803,ภาคตะวันออกเฉียงเหนือ,938.3,พันคน,สำนักงานสถิติแห่งชาติ
2560,ไตรมาสที่ 2,ผู้ปฏิบัติการโรงงานและเครื่องจักรและผู้ปฏิบัติงานด้านการประกอบ,804,ภาคตะวันออกเฉียงเหนือ,454.7,พันคน,สำนักงานสถิติแห่งชาติ
2560,ไตรมาสที่ 2,อาชีพขั้นพื้นฐานต่างๆ ในด้านการขายและการให้บริการ,805,ภาคตะวันออกเฉียงเหนือ,923.2,พันคน,สำนักงานสถิติแห่งชาติ
2560,ไตรมาสที่ 2,คนงานซึ่งมิได้จำแนกไว้ในหมวดอื่น,806,ภาคตะวันออกเฉียงเหนือ,0.0,พันคน,สำนักงานสถิติแห่งชาติ
2560,ไตรมาสที่ 2,ผู้บัญญัติกฎหมาย ข้าราชการระดับอาวุโสและผู้จัดการ,807,ภาคใต้,129.4,พันคน,สำนักงานสถิติแห่งชาติ
2560,ไตรมาสที่ 2,ผู้ประกอบวิชาชีพด้านต่างๆ,808,ภาคใต้,238.2,พันคน,สำนักงานสถิติแห่งชาติ
2560,ไตรมาสที่ 2,ผู้ประกอบวิชาชีพด้านเทคนิคสาขาต่าง ๆ และอาชีพที่เกี่ยวข้อง,809,ภาคใต้,163.4,พันคน,สำนักงานสถิติแห่งชาติ
2560,ไตรมาสที่ 2,เสมียน,810,ภาคใต้,156.2,พันคน,สำนักงานสถิติแห่งชาติ
2560,ไตรมาสที่ 2,พนักงานบริการและพนักงานในร้านค้าและตลาด,811,ภาคใต้,1098.2,พันคน,สำนักงานสถิติแห่งชาติ
2560,ไตรมาสที่ 2,ผู้ปฏิบัติงานที่มีฝีมือในด้านการเกษตรและการประมง,812,ภาคใต้,2023.3,พันคน,สำนักงานสถิติแห่งชาติ
2560,ไตรมาสที่ 2,ผู้ปฏิบัติงานด้านความสามารถทางฝีมือและธุรกิจการค้าที่เกี่ยวข้อง,813,ภาคใต้,489.5,พันคน,สำนักงานสถิติแห่งชาติ
2560,ไตรมาสที่ 2,ผู้ปฏิบัติการโรงงานและเครื่องจักรและผู้ปฏิบัติงานด้านการประกอบ,814,ภาคใต้,235.5,พันคน,สำนักงานสถิติแห่งชาติ
2560,ไตรมาสที่ 2,อาชีพขั้นพื้นฐานต่างๆ ในด้านการขายและการให้บริการ,815,ภาคใต้,524.6,พันคน,สำนักงานสถิติแห่งชาติ
2560,ไตรมาสที่ 2,คนงานซึ่งมิได้จำแนกไว้ในหมวดอื่น,816,ภาคใต้,2.9,พันคน,สำนักงานสถิติแห่งชาติ
2560,ไตรมาสที่ 3,ผู้บัญญัติกฎหมาย ข้าราชการระดับอาวุโสและผู้จัดการ,817,กรุงเทพมหานคร,465.8,พันคน,สำนักงานสถิติแห่งชาติ
2560,ไตรมาสที่ 3,ผู้ประกอบวิชาชีพด้านต่างๆ,818,กรุงเทพมหานคร,583.4,พันคน,สำนักงานสถิติแห่งชาติ
2560,ไตรมาสที่ 3,ผู้ประกอบวิชาชีพด้านเทคนิคสาขาต่าง ๆ และอาชีพที่เกี่ยวข้อง,819,กรุงเทพมหานคร,588.8,พันคน,สำนักงานสถิติแห่งชาติ
2560,ไตรมาสที่ 3,เสมียน,820,กรุงเทพมหานคร,406.1,พันคน,สำนักงานสถิติแห่งชาติ
2560,ไตรมาสที่ 3,พนักงานบริการและพนักงานในร้านค้าและตลาด,821,กรุงเทพมหานคร,1407.3,พันคน,สำนักงานสถิติแห่งชาติ
2560,ไตรมาสที่ 3,ผู้ปฏิบัติงานที่มีฝีมือในด้านการเกษตรและการประมง,822,กรุงเทพมหานคร,23.2,พันคน,สำนักงานสถิติแห่งชาติ
2560,ไตรมาสที่ 3,ผู้ปฏิบัติงานด้านความสามารถทางฝีมือและธุรกิจการค้าที่เกี่ยวข้อง,823,กรุงเทพมหานคร,579.5,พันคน,สำนักงานสถิติแห่งชาติ
2560,ไตรมาสที่ 3,ผู้ปฏิบัติการโรงงานและเครื่องจักรและผู้ปฏิบัติงานด้านการประกอบ,824,กรุงเทพมหานคร,654.9,พันคน,สำนักงานสถิติแห่งชาติ
2560,ไตรมาสที่ 3,อาชีพขั้นพื้นฐานต่างๆ ในด้านการขายและการให้บริการ,825,กรุงเทพมหานคร,462.3,พันคน,สำนักงานสถิติแห่งชาติ
2560,ไตรมาสที่ 3,คนงานซึ่งมิได้จำแนกไว้ในหมวดอื่น,826,กรุงเทพมหานคร,47.7,พันคน,สำนักงานสถิติแห่งชาติ
2560,ไตรมาสที่ 3,ผู้บัญญัติกฎหมาย ข้าราชการระดับอาวุโสและผู้จัดการ,827,ภาคกลาง,411.9,พันคน,สำนักงานสถิติแห่งชาติ
2560,ไตรมาสที่ 3,ผู้ประกอบวิชาชีพด้านต่างๆ,828,ภาคกลาง,597.9,พันคน,สำนักงานสถิติแห่งชาติ
2560,ไตรมาสที่ 3,ผู้ประกอบวิชาชีพด้านเทคนิคสาขาต่าง ๆ และอาชีพที่เกี่ยวข้อง,829,ภาคกลาง,648.5,พันคน,สำนักงานสถิติแห่งชาติ
2560,ไตรมาสที่ 3,เสมียน,830,ภาคกลาง,612.2,พันคน,สำนักงานสถิติแห่งชาติ
2560,ไตรมาสที่ 3,พนักงานบริการและพนักงานในร้านค้าและตลาด,831,ภาคกลาง,2436.4,พันคน,สำนักงานสถิติแห่งชาติ
2560,ไตรมาสที่ 3,ผู้ปฏิบัติงานที่มีฝีมือในด้านการเกษตรและการประมง,832,ภาคกลาง,1745.4,พันคน,สำนักงานสถิติแห่งชาติ
2560,ไตรมาสที่ 3,ผู้ปฏิบัติงานด้านความสามารถทางฝีมือและธุรกิจการค้าที่เกี่ยวข้อง,833,ภาคกลาง,1513.3,พันคน,สำนักงานสถิติแห่งชาติ
2560,ไตรมาสที่ 3,ผู้ปฏิบัติการโรงงานและเครื่องจักรและผู้ปฏิบัติงานด้านการประกอบ,834,ภาคกลาง,1995.8,พันคน,สำนักงานสถิติแห่งชาติ
2560,ไตรมาสที่ 3,อาชีพขั้นพื้นฐานต่างๆ ในด้านการขายและการให้บริการ,835,ภาคกลาง,1482.2,พันคน,สำนักงานสถิติแห่งชาติ
2560,ไตรมาสที่ 4,ผู้ปฏิบัติงานด้านความสามารถทางฝีมือและธุรกิจการค้าที่เกี่ยวข้อง,836,กรุงเทพมหานคร,550.6,พันคน,สำนักงานสถิติแห่งชาติ
2560,ไตรมาสที่ 4,ผู้ปฏิบัติการโรงงานและเครื่องจักรและผู้ปฏิบัติงานด้านการประกอบ,837,กรุงเทพมหานคร,615.0,พันคน,สำนักงานสถิติแห่งชาติ
2560,ไตรมาสที่ 4,อาชีพขั้นพื้นฐานต่างๆ ในด้านการขายและการให้บริการ,838,กรุงเทพมหานคร,493.9,พันคน,สำนักงานสถิติแห่งชาติ
2560,ไตรมาสที่ 4,คนงานซึ่งมิได้จำแนกไว้ในหมวดอื่น,839,กรุงเทพมหานคร,64.0,พันคน,สำนักงานสถิติแห่งชาติ
2560,ไตรมาสที่ 4,ผู้บัญญัติกฎหมาย ข้าราชการระดับอาวุโสและผู้จัดการ,840,ภาคกลาง,437.3,พันคน,สำนักงานสถิติแห่งชาติ
2560,ไตรมาสที่ 4,ผู้ประกอบวิชาชีพด้านต่างๆ,841,ภาคกลาง,642.2,พันคน,สำนักงานสถิติแห่งชาติ
2560,ไตรมาสที่ 4,ผู้ประกอบวิชาชีพด้านเทคนิคสาขาต่าง ๆ และอาชีพที่เกี่ยวข้อง,842,ภาคกลาง,617.3,พันคน,สำนักงานสถิติแห่งชาติ
2560,ไตรมาสที่ 4,เสมียน,843,ภาคกลาง,591.6,พันคน,สำนักงานสถิติแห่งชาติ
2560,ไตรมาสที่ 4,พนักงานบริการและพนักงานในร้านค้าและตลาด,844,ภาคกลาง,2485.0,พันคน,สำนักงานสถิติแห่งชาติ
2560,ไตรมาสที่ 4,ผู้ปฏิบัติงานที่มีฝีมือในด้านการเกษตรและการประมง,845,ภาคกลาง,1710.9,พันคน,สำนักงานสถิติแห่งชาติ
2560,ไตรมาสที่ 4,ผู้ปฏิบัติงานด้านความสามารถทางฝีมือและธุรกิจการค้าที่เกี่ยวข้อง,846,ภาคกลาง,1536.1,พันคน,สำนักงานสถิติแห่งชาติ
2560,ไตรมาสที่ 4,ผู้ปฏิบัติการโรงงานและเครื่องจักรและผู้ปฏิบัติงานด้านการประกอบ,847,ภาคกลาง,1966.4,พันคน,สำนักงานสถิติแห่งชาติ
2560,ไตรมาสที่ 4,อาชีพขั้นพื้นฐานต่างๆ ในด้านการขายและการให้บริการ,848,ภาคกลาง,1419.3,พันคน,สำนักงานสถิติแห่งชาติ
2560,ไตรมาสที่ 4,คนงานซึ่งมิได้จำแนกไว้ในหมวดอื่น,849,ภาคกลาง,15.7,พันคน,สำนักงานสถิติแห่งชาติ
2560,ไตรมาสที่ 4,ผู้บัญญัติกฎหมาย ข้าราชการระดับอาวุโสและผู้จัดการ,850,ภาคเหนือ,156.9,พันคน,สำนักงานสถิติแห่งชาติ
2560,ไตรมาสที่ 4,ผู้ประกอบวิชาชีพด้านต่างๆ,851,ภาคเหนือ,298.8,พันคน,สำนักงานสถิติแห่งชาติ
2560,ไตรมาสที่ 4,ผู้ประกอบวิชาชีพด้านเทคนิคสาขาต่าง ๆ และอาชีพที่เกี่ยวข้อง,852,ภาคเหนือ,167.1,พันคน,สำนักงานสถิติแห่งชาติ
2560,ไตรมาสที่ 4,เสมียน,853,ภาคเหนือ,173.2,พันคน,สำนักงานสถิติแห่งชาติ
2560,ไตรมาสที่ 4,พนักงานบริการและพนักงานในร้านค้าและตลาด,854,ภาคเหนือ,1151.8,พันคน,สำนักงานสถิติแห่งชาติ
2560,ไตรมาสที่ 4,ผู้ปฏิบัติงานที่มีฝีมือในด้านการเกษตรและการประมง,855,ภาคเหนือ,2426.4,พันคน,สำนักงานสถิติแห่งชาติ
2560,ไตรมาสที่ 4,ผู้ปฏิบัติงานด้านความสามารถทางฝีมือและธุรกิจการค้าที่เกี่ยวข้อง,856,ภาคเหนือ,701.0,พันคน,สำนักงานสถิติแห่งชาติ
2560,ไตรมาสที่ 4,ผู้ปฏิบัติการโรงงานและเครื่องจักรและผู้ปฏิบัติงานด้านการประกอบ,857,ภาคเหนือ,314.0,พันคน,สำนักงานสถิติแห่งชาติ
2560,ไตรมาสที่ 4,อาชีพขั้นพื้นฐานต่างๆ ในด้านการขายและการให้บริการ,858,ภาคเหนือ,788.0,พันคน,สำนักงานสถิติแห่งชาติ
2560,ไตรมาสที่ 4,คนงานซึ่งมิได้จำแนกไว้ในหมวดอื่น,859,ภาคเหนือ,0.0,พันคน,สำนักงานสถิติแห่งชาติ
2560,ไตรมาสที่ 4,ผู้บัญญัติกฎหมาย ข้าราชการระดับอาวุโสและผู้จัดการ,860,ภาคตะวันออกเฉียงเหนือ,255.5,พันคน,สำนักงานสถิติแห่งชาติ
2560,ไตรมาสที่ 4,ผู้ประกอบวิชาชีพด้านต่างๆ,861,ภาคตะวันออกเฉียงเหนือ,408.0,พันคน,สำนักงานสถิติแห่งชาติ
2560,ไตรมาสที่ 4,ผู้ประกอบวิชาชีพด้านเทคนิคสาขาต่าง ๆ และอาชีพที่เกี่ยวข้อง,862,ภาคตะวันออกเฉียงเหนือ,172.0,พันคน,สำนักงานสถิติแห่งชาติ
2560,ไตรมาสที่ 4,เสมียน,863,ภาคตะวันออกเฉียงเหนือ,205.2,พันคน,สำนักงานสถิติแห่งชาติ
2560,ไตรมาสที่ 4,พนักงานบริการและพนักงานในร้านค้าและตลาด,864,ภาคตะวันออกเฉียงเหนือ,1447.6,พันคน,สำนักงานสถิติแห่งชาติ
2560,ไตรมาสที่ 4,ผู้ปฏิบัติงานที่มีฝีมือในด้านการเกษตรและการประมง,865,ภาคตะวันออกเฉียงเหนือ,4951.1,พันคน,สำนักงานสถิติแห่งชาติ
2560,ไตรมาสที่ 4,ผู้ปฏิบัติงานด้านความสามารถทางฝีมือและธุรกิจการค้าที่เกี่ยวข้อง,866,ภาคตะวันออกเฉียงเหนือ,819.5,พันคน,สำนักงานสถิติแห่งชาติ
2560,ไตรมาสที่ 4,ผู้ปฏิบัติการโรงงานและเครื่องจักรและผู้ปฏิบัติงานด้านการประกอบ,867,ภาคตะวันออกเฉียงเหนือ,414.5,พันคน,สำนักงานสถิติแห่งชาติ
2560,ไตรมาสที่ 4,อาชีพขั้นพื้นฐานต่างๆ ในด้านการขายและการให้บริการ,868,ภาคตะวันออกเฉียงเหนือ,721.2,พันคน,สำนักงานสถิติแห่งชาติ
2560,ไตรมาสที่ 4,คนงานซึ่งมิได้จำแนกไว้ในหมวดอื่น,869,ภาคตะวันออกเฉียงเหนือ,0.0,พันคน,สำนักงานสถิติแห่งชาติ
2561,ไตรมาสที่ 1,อาชีพขั้นพื้นฐานต่างๆ ในด้านการขายและการให้บริการ,870,ภาคเหนือ,922.91,พันคน,สำนักงานสถิติแห่งชาติ
2561,ไตรมาสที่ 1,คนงานซึ่งมิได้จำแนกไว้ในหมวดอื่น,871,ภาคเหนือ,0.0,พันคน,สำนักงานสถิติแห่งชาติ
2561,ไตรมาสที่ 1,ผู้บัญญัติกฎหมาย ข้าราชการระดับอาวุโสและผู้จัดการ,872,ภาคตะวันออกเฉียงเหนือ,256.79,พันคน,สำนักงานสถิติแห่งชาติ
2561,ไตรมาสที่ 1,ผู้ประกอบวิชาชีพด้านต่างๆ,873,ภาคตะวันออกเฉียงเหนือ,389.61,พันคน,สำนักงานสถิติแห่งชาติ
2561,ไตรมาสที่ 1,ผู้ประกอบวิชาชีพด้านเทคนิคสาขาต่าง ๆ และอาชีพที่เกี่ยวข้อง,874,ภาคตะวันออกเฉียงเหนือ,195.27,พันคน,สำนักงานสถิติแห่งชาติ
2561,ไตรมาสที่ 1,เสมียน,875,ภาคตะวันออกเฉียงเหนือ,210.64,พันคน,สำนักงานสถิติแห่งชาติ
2561,ไตรมาสที่ 1,พนักงานบริการและพนักงานในร้านค้าและตลาด,876,ภาคตะวันออกเฉียงเหนือ,1512.48,พันคน,สำนักงานสถิติแห่งชาติ
2561,ไตรมาสที่ 1,ผู้ปฏิบัติงานที่มีฝีมือในด้านการเกษตรและการประมง,877,ภาคตะวันออกเฉียงเหนือ,4051.29,พันคน,สำนักงานสถิติแห่งชาติ
2561,ไตรมาสที่ 1,ผู้ปฏิบัติงานด้านความสามารถทางฝีมือและธุรกิจการค้าที่เกี่ยวข้อง,878,ภาคตะวันออกเฉียงเหนือ,927.4,พันคน,สำนักงานสถิติแห่งชาติ
2561,ไตรมาสที่ 1,ผู้ปฏิบัติการโรงงานและเครื่องจักรและผู้ปฏิบัติงานด้านการประกอบ,879,ภาคตะวันออกเฉียงเหนือ,456.17,พันคน,สำนักงานสถิติแห่งชาติ
2561,ไตรมาสที่ 1,อาชีพขั้นพื้นฐานต่างๆ ในด้านการขายและการให้บริการ,880,ภาคตะวันออกเฉียงเหนือ,1112.37,พันคน,สำนักงานสถิติแห่งชาติ
2561,ไตรมาสที่ 1,คนงานซึ่งมิได้จำแนกไว้ในหมวดอื่น,881,ภาคตะวันออกเฉียงเหนือ,0.0,พันคน,สำนักงานสถิติแห่งชาติ
2561,ไตรมาสที่ 1,ผู้บัญญัติกฎหมาย ข้าราชการระดับอาวุโสและผู้จัดการ,882,ภาคใต้,119.34,พันคน,สำนักงานสถิติแห่งชาติ
2561,ไตรมาสที่ 1,ผู้ประกอบวิชาชีพด้านต่างๆ,883,ภาคใต้,239.89,พันคน,สำนักงานสถิติแห่งชาติ
2561,ไตรมาสที่ 1,ผู้ประกอบวิชาชีพด้านเทคนิคสาขาต่าง ๆ และอาชีพที่เกี่ยวข้อง,884,ภาคใต้,167.19,พันคน,สำนักงานสถิติแห่งชาติ
2561,ไตรมาสที่ 1,เสมียน,885,ภาคใต้,156.13,พันคน,สำนักงานสถิติแห่งชาติ
2561,ไตรมาสที่ 1,พนักงานบริการและพนักงานในร้านค้าและตลาด,886,ภาคใต้,1115.89,พันคน,สำนักงานสถิติแห่งชาติ
2561,ไตรมาสที่ 1,ผู้ปฏิบัติงานที่มีฝีมือในด้านการเกษตรและการประมง,887,ภาคใต้,2050.01,พันคน,สำนักงานสถิติแห่งชาติ
2561,ไตรมาสที่ 1,ผู้ปฏิบัติงานด้านความสามารถทางฝีมือและธุรกิจการค้าที่เกี่ยวข้อง,888,ภาคใต้,476.75,พันคน,สำนักงานสถิติแห่งชาติ
2561,ไตรมาสที่ 1,ผู้ปฏิบัติการโรงงานและเครื่องจักรและผู้ปฏิบัติงานด้านการประกอบ,889,ภาคใต้,243.63,พันคน,สำนักงานสถิติแห่งชาติ
2561,ไตรมาสที่ 1,อาชีพขั้นพื้นฐานต่างๆ ในด้านการขายและการให้บริการ,890,ภาคใต้,518.58,พันคน,สำนักงานสถิติแห่งชาติ
2561,ไตรมาสที่ 1,คนงานซึ่งมิได้จำแนกไว้ในหมวดอื่น,891,ภาคใต้,1.51,พันคน,สำนักงานสถิติแห่งชาติ
2561,ไตรมาสที่ 2,ผู้บัญญัติกฎหมาย ข้าราชการระดับอาวุโสและผู้จัดการ,892,กรุงเทพมหานคร,433.16,พันคน,สำนักงานสถิติแห่งชาติ
2561,ไตรมาสที่ 2,ผู้ประกอบวิชาชีพด้านต่างๆ,893,กรุงเทพมหานคร,592.66,พันคน,สำนักงานสถิติแห่งชาติ
2561,ไตรมาสที่ 2,ผู้ประกอบวิชาชีพด้านเทคนิคสาขาต่าง ๆ และอาชีพที่เกี่ยวข้อง,894,กรุงเทพมหานคร,541.65,พันคน,สำนักงานสถิติแห่งชาติ
2561,ไตรมาสที่ 2,เสมียน,895,กรุงเทพมหานคร,429.26,พันคน,สำนักงานสถิติแห่งชาติ
2561,ไตรมาสที่ 2,พนักงานบริการและพนักงานในร้านค้าและตลาด,896,กรุงเทพมหานคร,1394.67,พันคน,สำนักงานสถิติแห่งชาติ
2561,ไตรมาสที่ 2,ผู้ปฏิบัติงานที่มีฝีมือในด้านการเกษตรและการประมง,897,กรุงเทพมหานคร,33.84,พันคน,สำนักงานสถิติแห่งชาติ
2561,ไตรมาสที่ 2,ผู้ปฏิบัติงานด้านความสามารถทางฝีมือและธุรกิจการค้าที่เกี่ยวข้อง,898,กรุงเทพมหานคร,619.03,พันคน,สำนักงานสถิติแห่งชาติ
2561,ไตรมาสที่ 2,ผู้ปฏิบัติการโรงงานและเครื่องจักรและผู้ปฏิบัติงานด้านการประกอบ,899,กรุงเทพมหานคร,673.12,พันคน,สำนักงานสถิติแห่งชาติ
2561,ไตรมาสที่ 2,อาชีพขั้นพื้นฐานต่างๆ ในด้านการขายและการให้บริการ,900,กรุงเทพมหานคร,499.47,พันคน,สำนักงานสถิติแห่งชาติ
2561,ไตรมาสที่ 2,คนงานซึ่งมิได้จำแนกไว้ในหมวดอื่น,901,กรุงเทพมหานคร,37.91,พันคน,สำนักงานสถิติแห่งชาติ
2561,ไตรมาสที่ 2,ผู้บัญญัติกฎหมาย ข้าราชการระดับอาวุโสและผู้จัดการ,902,ภาคกลาง,475.37,พันคน,สำนักงานสถิติแห่งชาติ
2561,ไตรมาสที่ 2,ผู้ประกอบวิชาชีพด้านต่างๆ,903,ภาคกลาง,609.7,พันคน,สำนักงานสถิติแห่งชาติ
2561,ไตรมาสที่ 2,ผู้ประกอบวิชาชีพด้านเทคนิคสาขาต่าง ๆ และอาชีพที่เกี่ยวข้อง,904,ภาคกลาง,688.26,พันคน,สำนักงานสถิติแห่งชาติ
2561,ไตรมาสที่ 3,ผู้บัญญัติกฎหมาย ข้าราชการระดับอาวุโสและผู้จัดการ,905,กรุงเทพมหานคร,448.45,พันคน,สำนักงานสถิติแห่งชาติ
2561,ไตรมาสที่ 3,ผู้ประกอบวิชาชีพด้านต่างๆ,906,กรุงเทพมหานคร,629.68,พันคน,สำนักงานสถิติแห่งชาติ
2561,ไตรมาสที่ 3,ผู้ประกอบวิชาชีพด้านเทคนิคสาขาต่าง ๆ และอาชีพที่เกี่ยวข้อง,907,กรุงเทพมหานคร,558.54,พันคน,สำนักงานสถิติแห่งชาติ
2561,ไตรมาสที่ 3,เสมียน,908,กรุงเทพมหานคร,440.34,พันคน,สำนักงานสถิติแห่งชาติ
2561,ไตรมาสที่ 3,พนักงานบริการและพนักงานในร้านค้าและตลาด,909,กรุงเทพมหานคร,1415.87,พันคน,สำนักงานสถิติแห่งชาติ
2561,ไตรมาสที่ 3,ผู้ปฏิบัติงานที่มีฝีมือในด้านการเกษตรและการประมง,910,กรุงเทพมหานคร,32.61,พันคน,สำนักงานสถิติแห่งชาติ
2561,ไตรมาสที่ 3,ผู้ปฏิบัติงานด้านความสามารถทางฝีมือและธุรกิจการค้าที่เกี่ยวข้อง,911,กรุงเทพมหานคร,579.62,พันคน,สำนักงานสถิติแห่งชาติ
2561,ไตรมาสที่ 3,ผู้ปฏิบัติการโรงงานและเครื่องจักรและผู้ปฏิบัติงานด้านการประกอบ,912,กรุงเทพมหานคร,657.68,พันคน,สำนักงานสถิติแห่งชาติ
2561,ไตรมาสที่ 3,อาชีพขั้นพื้นฐานต่างๆ ในด้านการขายและการให้บริการ,913,กรุงเทพมหานคร,455.39,พันคน,สำนักงานสถิติแห่งชาติ
2561,ไตรมาสที่ 3,คนงานซึ่งมิได้จำแนกไว้ในหมวดอื่น,914,กรุงเทพมหานคร,52.79,พันคน,สำนักงานสถิติแห่งชาติ
2561,ไตรมาสที่ 3,ผู้บัญญัติกฎหมาย ข้าราชการระดับอาวุโสและผู้จัดการ,915,ภาคกลาง,460.32,พันคน,สำนักงานสถิติแห่งชาติ
2561,ไตรมาสที่ 3,ผู้ประกอบวิชาชีพด้านต่างๆ,916,ภาคกลาง,602.26,พันคน,สำนักงานสถิติแห่งชาติ
2561,ไตรมาสที่ 3,ผู้ประกอบวิชาชีพด้านเทคนิคสาขาต่าง ๆ และอาชีพที่เกี่ยวข้อง,917,ภาคกลาง,647.57,พันคน,สำนักงานสถิติแห่งชาติ
2561,ไตรมาสที่ 3,เสมียน,918,ภาคกลาง,598.42,พันคน,สำนักงานสถิติแห่งชาติ
2561,ไตรมาสที่ 3,พนักงานบริการและพนักงานในร้านค้าและตลาด,919,ภาคกลาง,2537.84,พันคน,สำนักงานสถิติแห่งชาติ
2561,ไตรมาสที่ 3,ผู้ปฏิบัติงานที่มีฝีมือในด้านการเกษตรและการประมง,920,ภาคกลาง,1752.42,พันคน,สำนักงานสถิติแห่งชาติ
2561,ไตรมาสที่ 3,ผู้ปฏิบัติงานด้านความสามารถทางฝีมือและธุรกิจการค้าที่เกี่ยวข้อง,921,ภาคกลาง,1591.84,พันคน,สำนักงานสถิติแห่งชาติ
2561,ไตรมาสที่ 3,ผู้ปฏิบัติการโรงงานและเครื่องจักรและผู้ปฏิบัติงานด้านการประกอบ,922,ภาคกลาง,1981.12,พันคน,สำนักงานสถิติแห่งชาติ
2561,ไตรมาสที่ 3,อาชีพขั้นพื้นฐานต่างๆ ในด้านการขายและการให้บริการ,923,ภาคกลาง,1482.34,พันคน,สำนักงานสถิติแห่งชาติ
2561,ไตรมาสที่ 3,คนงานซึ่งมิได้จำแนกไว้ในหมวดอื่น,924,ภาคกลาง,16.17,พันคน,สำนักงานสถิติแห่งชาติ
2561,ไตรมาสที่ 3,ผู้บัญญัติกฎหมาย ข้าราชการระดับอาวุโสและผู้จัดการ,925,ภาคเหนือ,155.46,พันคน,สำนักงานสถิติแห่งชาติ
2561,ไตรมาสที่ 3,ผู้ประกอบวิชาชีพด้านต่างๆ,926,ภาคเหนือ,262.93,พันคน,สำนักงานสถิติแห่งชาติ
2561,ไตรมาสที่ 3,ผู้ประกอบวิชาชีพด้านเทคนิคสาขาต่าง ๆ และอาชีพที่เกี่ยวข้อง,927,ภาคเหนือ,169.57,พันคน,สำนักงานสถิติแห่งชาติ
2561,ไตรมาสที่ 3,เสมียน,928,ภาคเหนือ,202.45,พันคน,สำนักงานสถิติแห่งชาติ
2561,ไตรมาสที่ 3,พนักงานบริการและพนักงานในร้านค้าและตลาด,929,ภาคเหนือ,1173.74,พันคน,สำนักงานสถิติแห่งชาติ
2561,ไตรมาสที่ 3,ผู้ปฏิบัติงานที่มีฝีมือในด้านการเกษตรและการประมง,930,ภาคเหนือ,2568.52,พันคน,สำนักงานสถิติแห่งชาติ
2561,ไตรมาสที่ 3,ผู้ปฏิบัติงานด้านความสามารถทางฝีมือและธุรกิจการค้าที่เกี่ยวข้อง,931,ภาคเหนือ,717.46,พันคน,สำนักงานสถิติแห่งชาติ
2561,ไตรมาสที่ 3,ผู้ปฏิบัติการโรงงานและเครื่องจักรและผู้ปฏิบัติงานด้านการประกอบ,932,ภาคเหนือ,311.22,พันคน,สำนักงานสถิติแห่งชาติ
2561,ไตรมาสที่ 3,อาชีพขั้นพื้นฐานต่างๆ ในด้านการขายและการให้บริการ,933,ภาคเหนือ,743.27,พันคน,สำนักงานสถิติแห่งชาติ
2561,ไตรมาสที่ 3,คนงานซึ่งมิได้จำแนกไว้ในหมวดอื่น,934,ภาคเหนือ,0.0,พันคน,สำนักงานสถิติแห่งชาติ
2561,ไตรมาสที่ 3,ผู้บัญญัติกฎหมาย ข้าราชการระดับอาวุโสและผู้จัดการ,935,ภาคตะวันออกเฉียงเหนือ,235.51,พันคน,สำนักงานสถิติแห่งชาติ
2561,ไตรมาสที่ 3,ผู้ประกอบวิชาชีพด้านต่างๆ,936,ภาคตะวันออกเฉียงเหนือ,389.26,พันคน,สำนักงานสถิติแห่งชาติ
2561,ไตรมาสที่ 3,ผู้ประกอบวิชาชีพด้านเทคนิคสาขาต่าง ๆ และอาชีพที่เกี่ยวข้อง,937,ภาคตะวันออกเฉียงเหนือ,177.73,พันคน,สำนักงานสถิติแห่งชาติ
2561,ไตรมาสที่ 3,เสมียน,938,ภาคตะวันออกเฉียงเหนือ,193.51,พันคน,สำนักงานสถิติแห่งชาติ
2561,ไตรมาสที่ 3,พนักงานบริการและพนักงานในร้านค้าและตลาด,939,ภาคตะวันออกเฉียงเหนือ,1412.13,พันคน,สำนักงานสถิติแห่งชาติ
2561,ไตรมาสที่ 4,ผู้ประกอบวิชาชีพด้านเทคนิคสาขาต่าง ๆ และอาชีพที่เกี่ยวข้อง,940,ภาคเหนือ,175.86,พันคน,สำนักงานสถิติแห่งชาติ
2561,ไตรมาสที่ 4,เสมียน,941,ภาคเหนือ,188.1,พันคน,สำนักงานสถิติแห่งชาติ
2561,ไตรมาสที่ 4,พนักงานบริการและพนักงานในร้านค้าและตลาด,942,ภาคเหนือ,1119.68,พันคน,สำนักงานสถิติแห่งชาติ
2561,ไตรมาสที่ 4,ผู้ปฏิบัติงานที่มีฝีมือในด้านการเกษตรและการประมง,943,ภาคเหนือ,2525.99,พันคน,สำนักงานสถิติแห่งชาติ
2561,ไตรมาสที่ 4,ผู้ปฏิบัติงานด้านความสามารถทางฝีมือและธุรกิจการค้าที่เกี่ยวข้อง,944,ภาคเหนือ,695.74,พันคน,สำนักงานสถิติแห่งชาติ
2561,ไตรมาสที่ 4,ผู้ปฏิบัติการโรงงานและเครื่องจักรและผู้ปฏิบัติงานด้านการประกอบ,945,ภาคเหนือ,301.29,พันคน,สำนักงานสถิติแห่งชาติ
2561,ไตรมาสที่ 4,อาชีพขั้นพื้นฐานต่างๆ ในด้านการขายและการให้บริการ,946,ภาคเหนือ,798.05,พันคน,สำนักงานสถิติแห่งชาติ
2561,ไตรมาสที่ 4,คนงานซึ่งมิได้จำแนกไว้ในหมวดอื่น,947,ภาคเหนือ,0.0,พันคน,สำนักงานสถิติแห่งชาติ
2561,ไตรมาสที่ 4,ผู้บัญญัติกฎหมาย ข้าราชการระดับอาวุโสและผู้จัดการ,948,ภาคตะวันออกเฉียงเหนือ,241.79,พันคน,สำนักงานสถิติแห่งชาติ
2561,ไตรมาสที่ 4,ผู้ประกอบวิชาชีพด้านต่างๆ,949,ภาคตะวันออกเฉียงเหนือ,372.78,พันคน,สำนักงานสถิติแห่งชาติ
2561,ไตรมาสที่ 4,ผู้ประกอบวิชาชีพด้านเทคนิคสาขาต่าง ๆ และอาชีพที่เกี่ยวข้อง,950,ภาคตะวันออกเฉียงเหนือ,190.93,พันคน,สำนักงานสถิติแห่งชาติ
2561,ไตรมาสที่ 4,เสมียน,951,ภาคตะวันออกเฉียงเหนือ,202.68,พันคน,สำนักงานสถิติแห่งชาติ
2561,ไตรมาสที่ 4,พนักงานบริการและพนักงานในร้านค้าและตลาด,952,ภาคตะวันออกเฉียงเหนือ,1479.63,พันคน,สำนักงานสถิติแห่งชาติ
2561,ไตรมาสที่ 4,ผู้ปฏิบัติงานที่มีฝีมือในด้านการเกษตรและการประมง,953,ภาคตะวันออกเฉียงเหนือ,4967.54,พันคน,สำนักงานสถิติแห่งชาติ
2561,ไตรมาสที่ 4,ผู้ปฏิบัติงานด้านความสามารถทางฝีมือและธุรกิจการค้าที่เกี่ยวข้อง,954,ภาคตะวันออกเฉียงเหนือ,823.67,พันคน,สำนักงานสถิติแห่งชาติ
2561,ไตรมาสที่ 4,ผู้ปฏิบัติการโรงงานและเครื่องจักรและผู้ปฏิบัติงานด้านการประกอบ,955,ภาคตะวันออกเฉียงเหนือ,455.28,พันคน,สำนักงานสถิติแห่งชาติ
2561,ไตรมาสที่ 4,อาชีพขั้นพื้นฐานต่างๆ ในด้านการขายและการให้บริการ,956,ภาคตะวันออกเฉียงเหนือ,846.9,พันคน,สำนักงานสถิติแห่งชาติ
2561,ไตรมาสที่ 4,คนงานซึ่งมิได้จำแนกไว้ในหมวดอื่น,957,ภาคตะวันออกเฉียงเหนือ,0.0,พันคน,สำนักงานสถิติแห่งชาติ
2561,ไตรมาสที่ 4,ผู้บัญญัติกฎหมาย ข้าราชการระดับอาวุโสและผู้จัดการ,958,ภาคใต้,108.89,พันคน,สำนักงานสถิติแห่งชาติ
2561,ไตรมาสที่ 4,ผู้ประกอบวิชาชีพด้านต่างๆ,959,ภาคใต้,226.84,พันคน,สำนักงานสถิติแห่งชาติ
2561,ไตรมาสที่ 4,ผู้ประกอบวิชาชีพด้านเทคนิคสาขาต่าง ๆ และอาชีพที่เกี่ยวข้อง,960,ภาคใต้,167.4,พันคน,สำนักงานสถิติแห่งชาติ
2561,ไตรมาสที่ 4,เสมียน,961,ภาคใต้,162.32,พันคน,สำนักงานสถิติแห่งชาติ
2561,ไตรมาสที่ 4,พนักงานบริการและพนักงานในร้านค้าและตลาด,962,ภาคใต้,1119.42,พันคน,สำนักงานสถิติแห่งชาติ
2561,ไตรมาสที่ 4,ผู้ปฏิบัติงานที่มีฝีมือในด้านการเกษตรและการประมง,963,ภาคใต้,1999.99,พันคน,สำนักงานสถิติแห่งชาติ
2561,ไตรมาสที่ 4,ผู้ปฏิบัติงานด้านความสามารถทางฝีมือและธุรกิจการค้าที่เกี่ยวข้อง,964,ภาคใต้,506.5,พันคน,สำนักงานสถิติแห่งชาติ
2561,ไตรมาสที่ 4,ผู้ปฏิบัติการโรงงานและเครื่องจักรและผู้ปฏิบัติงานด้านการประกอบ,965,ภาคใต้,225.95,พันคน,สำนักงานสถิติแห่งชาติ
2561,ไตรมาสที่ 4,อาชีพขั้นพื้นฐานต่างๆ ในด้านการขายและการให้บริการ,966,ภาคใต้,558.84,พันคน,สำนักงานสถิติแห่งชาติ
2561,ไตรมาสที่ 4,คนงานซึ่งมิได้จำแนกไว้ในหมวดอื่น,967,ภาคใต้,0.0,พันคน,สำนักงานสถิติแห่งชาติ
2562,ไตรมาสที่ 1,ผู้บัญญัติกฎหมาย ข้าราชการระดับอาวุโสและผู้จัดการ,968,กรุงเทพมหานคร,372.83,พันคน,สำนักงานสถิติแห่งชาติ
2562,ไตรมาสที่ 1,ผู้ประกอบวิชาชีพด้านต่างๆ,969,กรุงเทพมหานคร,606.0,พันคน,สำนักงานสถิติแห่งชาติ
2562,ไตรมาสที่ 1,ผู้ประกอบวิชาชีพด้านเทคนิคสาขาต่าง ๆ และอาชีพที่เกี่ยวข้อง,970,กรุงเทพมหานคร,562.91,พันคน,สำนักงานสถิติแห่งชาติ
2562,ไตรมาสที่ 1,เสมียน,971,กรุงเทพมหานคร,458.45,พันคน,สำนักงานสถิติแห่งชาติ
2562,ไตรมาสที่ 1,พนักงานบริการและพนักงานในร้านค้าและตลาด,972,กรุงเทพมหานคร,1373.12,พันคน,สำนักงานสถิติแห่งชาติ
2562,ไตรมาสที่ 1,ผู้ปฏิบัติงานที่มีฝีมือในด้านการเกษตรและการประมง,973,กรุงเทพมหานคร,28.01,พันคน,สำนักงานสถิติแห่งชาติ
2562,ไตรมาสที่ 1,ผู้ปฏิบัติงานด้านความสามารถทางฝีมือและธุรกิจการค้าที่เกี่ยวข้อง,974,กรุงเทพมหานคร,634.03,พันคน,สำนักงานสถิติแห่งชาติ
2562,ไตรมาสที่ 1,พนักงานบริการและพนักงานในร้านค้าและตลาด,975,ภาคใต้,1077.82,พันคน,สำนักงานสถิติแห่งชาติ
2562,ไตรมาสที่ 1,ผู้ปฏิบัติงานที่มีฝีมือในด้านการเกษตรและการประมง,976,ภาคใต้,2012.99,พันคน,สำนักงานสถิติแห่งชาติ
2562,ไตรมาสที่ 1,ผู้ปฏิบัติงานด้านความสามารถทางฝีมือและธุรกิจการค้าที่เกี่ยวข้อง,977,ภาคใต้,510.31,พันคน,สำนักงานสถิติแห่งชาติ
2562,ไตรมาสที่ 1,ผู้ปฏิบัติการโรงงานและเครื่องจักรและผู้ปฏิบัติงานด้านการประกอบ,978,ภาคใต้,234.51,พันคน,สำนักงานสถิติแห่งชาติ
2562,ไตรมาสที่ 1,อาชีพขั้นพื้นฐานต่างๆ ในด้านการขายและการให้บริการ,979,ภาคใต้,600.25,พันคน,สำนักงานสถิติแห่งชาติ
2562,ไตรมาสที่ 1,คนงานซึ่งมิได้จำแนกไว้ในหมวดอื่น,980,ภาคใต้,0.18,พันคน,สำนักงานสถิติแห่งชาติ
2562,ไตรมาสที่ 2,ผู้บัญญัติกฎหมาย ข้าราชการระดับอาวุโสและผู้จัดการ,981,กรุงเทพมหานคร,410.35,พันคน,สำนักงานสถิติแห่งชาติ
2562,ไตรมาสที่ 2,ผู้ประกอบวิชาชีพด้านต่างๆ,982,กรุงเทพมหานคร,614.65,พันคน,สำนักงานสถิติแห่งชาติ
2562,ไตรมาสที่ 2,ผู้ประกอบวิชาชีพด้านเทคนิคสาขาต่าง ๆ และอาชีพที่เกี่ยวข้อง,983,กรุงเทพมหานคร,564.29,พันคน,สำนักงานสถิติแห่งชาติ
2562,ไตรมาสที่ 2,เสมียน,984,กรุงเทพมหานคร,441.0,พันคน,สำนักงานสถิติแห่งชาติ
2562,ไตรมาสที่ 2,พนักงานบริการและพนักงานในร้านค้าและตลาด,985,กรุงเทพมหานคร,1402.28,พันคน,สำนักงานสถิติแห่งชาติ
2562,ไตรมาสที่ 2,ผู้ปฏิบัติงานที่มีฝีมือในด้านการเกษตรและการประมง,986,กรุงเทพมหานคร,30.32,พันคน,สำนักงานสถิติแห่งชาติ
2562,ไตรมาสที่ 2,ผู้ปฏิบัติงานด้านความสามารถทางฝีมือและธุรกิจการค้าที่เกี่ยวข้อง,987,กรุงเทพมหานคร,605.34,พันคน,สำนักงานสถิติแห่งชาติ
2562,ไตรมาสที่ 2,ผู้ปฏิบัติการโรงงานและเครื่องจักรและผู้ปฏิบัติงานด้านการประกอบ,988,กรุงเทพมหานคร,663.6,พันคน,สำนักงานสถิติแห่งชาติ
2562,ไตรมาสที่ 2,อาชีพขั้นพื้นฐานต่างๆ ในด้านการขายและการให้บริการ,989,กรุงเทพมหานคร,514.93,พันคน,สำนักงานสถิติแห่งชาติ
2562,ไตรมาสที่ 2,คนงานซึ่งมิได้จำแนกไว้ในหมวดอื่น,990,กรุงเทพมหานคร,55.76,พันคน,สำนักงานสถิติแห่งชาติ
2562,ไตรมาสที่ 2,ผู้บัญญัติกฎหมาย ข้าราชการระดับอาวุโสและผู้จัดการ,991,ภาคกลาง,455.84,พันคน,สำนักงานสถิติแห่งชาติ
2562,ไตรมาสที่ 2,ผู้ประกอบวิชาชีพด้านต่างๆ,992,ภาคกลาง,638.88,พันคน,สำนักงานสถิติแห่งชาติ
2562,ไตรมาสที่ 2,ผู้ประกอบวิชาชีพด้านเทคนิคสาขาต่าง ๆ และอาชีพที่เกี่ยวข้อง,993,ภาคกลาง,648.46,พันคน,สำนักงานสถิติแห่งชาติ
2562,ไตรมาสที่ 2,เสมียน,994,ภาคกลาง,659.99,พันคน,สำนักงานสถิติแห่งชาติ
2562,ไตรมาสที่ 2,พนักงานบริการและพนักงานในร้านค้าและตลาด,995,ภาคกลาง,2446.74,พันคน,สำนักงานสถิติแห่งชาติ
2562,ไตรมาสที่ 2,ผู้ปฏิบัติงานที่มีฝีมือในด้านการเกษตรและการประมง,996,ภาคกลาง,1752.83,พันคน,สำนักงานสถิติแห่งชาติ
2562,ไตรมาสที่ 2,ผู้ปฏิบัติงานด้านความสามารถทางฝีมือและธุรกิจการค้าที่เกี่ยวข้อง,997,ภาคกลาง,1603.32,พันคน,สำนักงานสถิติแห่งชาติ
2562,ไตรมาสที่ 2,ผู้ปฏิบัติการโรงงานและเครื่องจักรและผู้ปฏิบัติงานด้านการประกอบ,998,ภาคกลาง,2107.25,พันคน,สำนักงานสถิติแห่งชาติ
2562,ไตรมาสที่ 2,อาชีพขั้นพื้นฐานต่างๆ ในด้านการขายและการให้บริการ,999,ภาคกลาง,1490.23,พันคน,สำนักงานสถิติแห่งชาติ
2562,ไตรมาสที่ 2,คนงานซึ่งมิได้จำแนกไว้ในหมวดอื่น,1000,ภาคกลาง,18.11,พันคน,สำนักงานสถิติแห่งชาติ
2562,ไตรมาสที่ 2,ผู้บัญญัติกฎหมาย ข้าราชการระดับอาวุโสและผู้จัดการ,1001,ภาคเหนือ,144.41,พันคน,สำนักงานสถิติแห่งชาติ
2562,ไตรมาสที่ 2,ผู้ประกอบวิชาชีพด้านต่างๆ,1002,ภาคเหนือ,293.77,พันคน,สำนักงานสถิติแห่งชาติ
2562,ไตรมาสที่ 2,ผู้ประกอบวิชาชีพด้านเทคนิคสาขาต่าง ๆ และอาชีพที่เกี่ยวข้อง,1003,ภาคเหนือ,172.64,พันคน,สำนักงานสถิติแห่งชาติ
2562,ไตรมาสที่ 2,เสมียน,1004,ภาคเหนือ,196.62,พันคน,สำนักงานสถิติแห่งชาติ
2562,ไตรมาสที่ 2,พนักงานบริการและพนักงานในร้านค้าและตลาด,1005,ภาคเหนือ,1124.16,พันคน,สำนักงานสถิติแห่งชาติ
2562,ไตรมาสที่ 2,ผู้ปฏิบัติงานที่มีฝีมือในด้านการเกษตรและการประมง,1006,ภาคเหนือ,2333.39,พันคน,สำนักงานสถิติแห่งชาติ
2562,ไตรมาสที่ 2,ผู้ปฏิบัติงานด้านความสามารถทางฝีมือและธุรกิจการค้าที่เกี่ยวข้อง,1007,ภาคเหนือ,731.52,พันคน,สำนักงานสถิติแห่งชาติ
2562,ไตรมาสที่ 2,ผู้ปฏิบัติการโรงงานและเครื่องจักรและผู้ปฏิบัติงานด้านการประกอบ,1008,ภาคเหนือ,331.25,พันคน,สำนักงานสถิติแห่งชาติ
2562,ไตรมาสที่ 2,อาชีพขั้นพื้นฐานต่างๆ ในด้านการขายและการให้บริการ,1009,ภาคเหนือ,811.94,พันคน,สำนักงานสถิติแห่งชาติ
2557,ไตรมาสที่ 2,ผู้ประกอบวิชาชีพด้านต่างๆ,1010,ภาคเหนือ,266.9,พันคน,สำนักงานสถิติแห่งชาติ
2557,ไตรมาสที่ 3,เสมียน,1011,ภาคใต้,138.0,พันคน,สำนักงานสถิติแห่งชาติ
2558,ไตรมาสที่ 1,ผู้ปฏิบัติงานที่มีฝีมือในด้านการเกษตรและการประมง,1012,ภาคกลาง,1742.64,พันคน,สำนักงานสถิติแห่งชาติ
2558,ไตรมาสที่ 2,ผู้ปฏิบัติการโรงงานและเครื่องจักรและผู้ปฏิบัติงานด้านการประกอบ,1013,ภาคตะวันออกเฉียงเหนือ,486.97,พันคน,สำนักงานสถิติแห่งชาติ
2558,ไตรมาสที่ 4,คนงานซึ่งมิได้จำแนกไว้ในหมวดอื่น,1014,กรุงเทพมหานคร,38.42,พันคน,สำนักงานสถิติแห่งชาติ
2559,ไตรมาสที่ 1,ผู้ประกอบวิชาชีพด้านต่างๆ,1015,ภาคตะวันออกเฉียงเหนือ,430.15,พันคน,สำนักงานสถิติแห่งชาติ
2559,ไตรมาสที่ 3,เสมียน,1016,กรุงเทพมหานคร,401.58,พันคน,สำนักงานสถิติแห่งชาติ
2559,ไตรมาสที่ 4,ผู้ปฏิบัติงานด้านความสามารถทางฝีมือและธุรกิจการค้าที่เกี่ยวข้อง,1017,ภาคเหนือ,743.43,พันคน,สำนักงานสถิติแห่งชาติ
2560,ไตรมาสที่ 1,ผู้ปฏิบัติการโรงงานและเครื่องจักรและผู้ปฏิบัติงานด้านการประกอบ,1018,ภาคใต้,235.6,พันคน,สำนักงานสถิติแห่งชาติ
2560,ไตรมาสที่ 3,คนงานซึ่งมิได้จำแนกไว้ในหมวดอื่น,1019,ภาคกลาง,26.8,พันคน,สำนักงานสถิติแห่งชาติ
2560,ไตรมาสที่ 4,ผู้บัญญัติกฎหมาย ข้าราชการระดับอาวุโสและผู้จัดการ,1020,ภาคใต้,109.6,พันคน,สำนักงานสถิติแห่งชาติ
2561,ไตรมาสที่ 2,เสมียน,1021,ภาคกลาง,606.18,พันคน,สำนักงานสถิติแห่งชาติ
2561,ไตรมาสที่ 3,ผู้ปฏิบัติงานที่มีฝีมือในด้านการเกษตรและการประมง,1022,ภาคตะวันออกเฉียงเหนือ,5531.17,พันคน,สำนักงานสถิติแห่งชาติ
2562,ไตรมาสที่ 1,ผู้ปฏิบัติการโรงงานและเครื่องจักรและผู้ปฏิบัติงานด้านการประกอบ,1023,กรุงเทพมหานคร,672.52,พันคน,สำนักงานสถิติแห่งชาติ
2562,ไตรมาสที่ 2,คนงานซึ่งมิได้จำแนกไว้ในหมวดอื่น,1024,ภาคเหนือ,0.0,พันคน,สำนักงานสถิติแห่งชาติ
2562,ไตรมาสที่ 4,ผู้ประกอบวิชาชีพด้านต่างๆ,1025,กรุงเทพมหานคร,634.15,พันคน,สำนักงานสถิติแห่งชาติ
2563,ไตรมาสที่ 1,พนักงานบริการและพนักงานในร้านค้าและตลาด,1026,ภาคเหนือ,1158.3,พันคน,สำนักงานสถิติแห่งชาติ
2563,ไตรมาสที่ 2,ผู้ปฏิบัติงานที่มีฝีมือในด้านการเกษตรและการประมง,1027,ภาคใต้,1973.2,พันคน,สำนักงานสถิติแห่งชาติ
2563,ไตรมาสที่ 3,อาชีพขั้นพื้นฐานต่างๆ ในด้านการขายและการให้บริการ,1028,ภาคใต้,579.1,พันคน,สำนักงานสถิติแห่งชาติ
2563,ไตรมาสที่ 3,คนงานซึ่งมิได้จำแนกไว้ในหมวดอื่น,1029,ภาคใต้,0.0,พันคน,สำนักงานสถิติแห่งชาติ
2563,ไตรมาสที่ 4,ผู้บัญญัติกฎหมาย ข้าราชการระดับอาวุโสและผู้จัดการ,1030,กรุงเทพมหานคร,541.6,พันคน,สำนักงานสถิติแห่งชาติ
2563,ไตรมาสที่ 4,ผู้ประกอบวิชาชีพด้านต่างๆ,1031,กรุงเทพมหานคร,685.2,พันคน,สำนักงานสถิติแห่งชาติ
2563,ไตรมาสที่ 4,ผู้ประกอบวิชาชีพด้านเทคนิคสาขาต่าง ๆ และอาชีพที่เกี่ยวข้อง,1032,กรุงเทพมหานคร,525.7,พันคน,สำนักงานสถิติแห่งชาติ
2563,ไตรมาสที่ 4,เสมียน,1033,กรุงเทพมหานคร,449.4,พันคน,สำนักงานสถิติแห่งชาติ
2563,ไตรมาสที่ 4,พนักงานบริการและพนักงานในร้านค้าและตลาด,1034,กรุงเทพมหานคร,1349.4,พันคน,สำนักงานสถิติแห่งชาติ
2563,ไตรมาสที่ 4,ผู้ปฏิบัติงานที่มีฝีมือในด้านการเกษตรและการประมง,1035,กรุงเทพมหานคร,36.7,พันคน,สำนักงานสถิติแห่งชาติ
2563,ไตรมาสที่ 4,ผู้ปฏิบัติงานด้านความสามารถทางฝีมือและธุรกิจการค้าที่เกี่ยวข้อง,1036,กรุงเทพมหานคร,605.7,พันคน,สำนักงานสถิติแห่งชาติ
2563,ไตรมาสที่ 4,ผู้ปฏิบัติการโรงงานและเครื่องจักรและผู้ปฏิบัติงานด้านการประกอบ,1037,กรุงเทพมหานคร,610.8,พันคน,สำนักงานสถิติแห่งชาติ
2563,ไตรมาสที่ 4,อาชีพขั้นพื้นฐานต่างๆ ในด้านการขายและการให้บริการ,1038,กรุงเทพมหานคร,509.7,พันคน,สำนักงานสถิติแห่งชาติ
2563,ไตรมาสที่ 4,คนงานซึ่งมิได้จำแนกไว้ในหมวดอื่น,1039,กรุงเทพมหานคร,35.6,พันคน,สำนักงานสถิติแห่งชาติ
2563,ไตรมาสที่ 4,ผู้บัญญัติกฎหมาย ข้าราชการระดับอาวุโสและผู้จัดการ,1040,ภาคกลาง,718.5,พันคน,สำนักงานสถิติแห่งชาติ
2563,ไตรมาสที่ 4,ผู้ประกอบวิชาชีพด้านต่างๆ,1041,ภาคกลาง,718.2,พันคน,สำนักงานสถิติแห่งชาติ
2563,ไตรมาสที่ 4,ผู้ประกอบวิชาชีพด้านเทคนิคสาขาต่าง ๆ และอาชีพที่เกี่ยวข้อง,1042,ภาคกลาง,716.8,พันคน,สำนักงานสถิติแห่งชาติ
2563,ไตรมาสที่ 4,เสมียน,1043,ภาคกลาง,664.6,พันคน,สำนักงานสถิติแห่งชาติ
2563,ไตรมาสที่ 4,พนักงานบริการและพนักงานในร้านค้าและตลาด,1044,ภาคกลาง,2391.8,พันคน,สำนักงานสถิติแห่งชาติ
2563,ไตรมาสที่ 4,ผู้ปฏิบัติงานที่มีฝีมือในด้านการเกษตรและการประมง,1045,ภาคกลาง,1736.1,พันคน,สำนักงานสถิติแห่งชาติ
2563,ไตรมาสที่ 4,ผู้ปฏิบัติงานด้านความสามารถทางฝีมือและธุรกิจการค้าที่เกี่ยวข้อง,1046,ภาคกลาง,1530.5,พันคน,สำนักงานสถิติแห่งชาติ
2558,ไตรมาสที่ 4,ผู้บัญญัติกฎหมาย ข้าราชการระดับอาวุโสและผู้จัดการ,1047,ภาคกลาง,448.91,พันคน,สำนักงานสถิติแห่งชาติ
2558,ไตรมาสที่ 4,ผู้ประกอบวิชาชีพด้านต่างๆ,1048,ภาคกลาง,690.22,พันคน,สำนักงานสถิติแห่งชาติ
2558,ไตรมาสที่ 4,ผู้ประกอบวิชาชีพด้านเทคนิคสาขาต่าง ๆ และอาชีพที่เกี่ยวข้อง,1049,ภาคกลาง,657.86,พันคน,สำนักงานสถิติแห่งชาติ
2558,ไตรมาสที่ 4,เสมียน,1050,ภาคกลาง,519.72,พันคน,สำนักงานสถิติแห่งชาติ
2558,ไตรมาสที่ 4,พนักงานบริการและพนักงานในร้านค้าและตลาด,1051,ภาคกลาง,2397.93,พันคน,สำนักงานสถิติแห่งชาติ
2558,ไตรมาสที่ 4,ผู้ปฏิบัติงานที่มีฝีมือในด้านการเกษตรและการประมง,1052,ภาคกลาง,1844.37,พันคน,สำนักงานสถิติแห่งชาติ
2558,ไตรมาสที่ 4,ผู้ปฏิบัติงานด้านความสามารถทางฝีมือและธุรกิจการค้าที่เกี่ยวข้อง,1053,ภาคกลาง,1581.35,พันคน,สำนักงานสถิติแห่งชาติ
2558,ไตรมาสที่ 4,ผู้ปฏิบัติการโรงงานและเครื่องจักรและผู้ปฏิบัติงานด้านการประกอบ,1054,ภาคกลาง,2045.69,พันคน,สำนักงานสถิติแห่งชาติ
2558,ไตรมาสที่ 4,อาชีพขั้นพื้นฐานต่างๆ ในด้านการขายและการให้บริการ,1055,ภาคกลาง,1451.25,พันคน,สำนักงานสถิติแห่งชาติ
2558,ไตรมาสที่ 4,คนงานซึ่งมิได้จำแนกไว้ในหมวดอื่น,1056,ภาคกลาง,4.06,พันคน,สำนักงานสถิติแห่งชาติ
2558,ไตรมาสที่ 4,ผู้บัญญัติกฎหมาย ข้าราชการระดับอาวุโสและผู้จัดการ,1057,ภาคเหนือ,153.08,พันคน,สำนักงานสถิติแห่งชาติ
2558,ไตรมาสที่ 4,ผู้ประกอบวิชาชีพด้านต่างๆ,1058,ภาคเหนือ,290.57,พันคน,สำนักงานสถิติแห่งชาติ
2558,ไตรมาสที่ 4,ผู้ประกอบวิชาชีพด้านเทคนิคสาขาต่าง ๆ และอาชีพที่เกี่ยวข้อง,1059,ภาคเหนือ,187.82,พันคน,สำนักงานสถิติแห่งชาติ
2558,ไตรมาสที่ 4,เสมียน,1060,ภาคเหนือ,183.64,พันคน,สำนักงานสถิติแห่งชาติ
2558,ไตรมาสที่ 4,พนักงานบริการและพนักงานในร้านค้าและตลาด,1061,ภาคเหนือ,1127.39,พันคน,สำนักงานสถิติแห่งชาติ
2558,ไตรมาสที่ 4,ผู้ปฏิบัติงานที่มีฝีมือในด้านการเกษตรและการประมง,1062,ภาคเหนือ,2756.31,พันคน,สำนักงานสถิติแห่งชาติ
2558,ไตรมาสที่ 4,ผู้ปฏิบัติงานด้านความสามารถทางฝีมือและธุรกิจการค้าที่เกี่ยวข้อง,1063,ภาคเหนือ,734.12,พันคน,สำนักงานสถิติแห่งชาติ
2558,ไตรมาสที่ 4,ผู้ปฏิบัติการโรงงานและเครื่องจักรและผู้ปฏิบัติงานด้านการประกอบ,1064,ภาคเหนือ,350.75,พันคน,สำนักงานสถิติแห่งชาติ
2558,ไตรมาสที่ 4,อาชีพขั้นพื้นฐานต่างๆ ในด้านการขายและการให้บริการ,1065,ภาคเหนือ,707.81,พันคน,สำนักงานสถิติแห่งชาติ
2558,ไตรมาสที่ 4,คนงานซึ่งมิได้จำแนกไว้ในหมวดอื่น,1066,ภาคเหนือ,0.0,พันคน,สำนักงานสถิติแห่งชาติ
2558,ไตรมาสที่ 4,ผู้บัญญัติกฎหมาย ข้าราชการระดับอาวุโสและผู้จัดการ,1067,ภาคตะวันออกเฉียงเหนือ,264.43,พันคน,สำนักงานสถิติแห่งชาติ
2558,ไตรมาสที่ 4,ผู้ประกอบวิชาชีพด้านต่างๆ,1068,ภาคตะวันออกเฉียงเหนือ,411.98,พันคน,สำนักงานสถิติแห่งชาติ
2558,ไตรมาสที่ 4,ผู้ประกอบวิชาชีพด้านเทคนิคสาขาต่าง ๆ และอาชีพที่เกี่ยวข้อง,1069,ภาคตะวันออกเฉียงเหนือ,183.66,พันคน,สำนักงานสถิติแห่งชาติ
2558,ไตรมาสที่ 4,เสมียน,1070,ภาคตะวันออกเฉียงเหนือ,181.29,พันคน,สำนักงานสถิติแห่งชาติ
2558,ไตรมาสที่ 4,พนักงานบริการและพนักงานในร้านค้าและตลาด,1071,ภาคตะวันออกเฉียงเหนือ,1450.95,พันคน,สำนักงานสถิติแห่งชาติ
2558,ไตรมาสที่ 4,ผู้ปฏิบัติงานที่มีฝีมือในด้านการเกษตรและการประมง,1072,ภาคตะวันออกเฉียงเหนือ,5323.25,พันคน,สำนักงานสถิติแห่งชาติ
2558,ไตรมาสที่ 4,ผู้ปฏิบัติงานด้านความสามารถทางฝีมือและธุรกิจการค้าที่เกี่ยวข้อง,1073,ภาคตะวันออกเฉียงเหนือ,849.08,พันคน,สำนักงานสถิติแห่งชาติ
2558,ไตรมาสที่ 4,ผู้ปฏิบัติการโรงงานและเครื่องจักรและผู้ปฏิบัติงานด้านการประกอบ,1074,ภาคตะวันออกเฉียงเหนือ,477.26,พันคน,สำนักงานสถิติแห่งชาติ
2558,ไตรมาสที่ 4,อาชีพขั้นพื้นฐานต่างๆ ในด้านการขายและการให้บริการ,1075,ภาคตะวันออกเฉียงเหนือ,761.6,พันคน,สำนักงานสถิติแห่งชาติ
2558,ไตรมาสที่ 4,คนงานซึ่งมิได้จำแนกไว้ในหมวดอื่น,1076,ภาคตะวันออกเฉียงเหนือ,0.0,พันคน,สำนักงานสถิติแห่งชาติ
2558,ไตรมาสที่ 4,ผู้บัญญัติกฎหมาย ข้าราชการระดับอาวุโสและผู้จัดการ,1077,ภาคใต้,135.19,พันคน,สำนักงานสถิติแห่งชาติ
2558,ไตรมาสที่ 4,ผู้ประกอบวิชาชีพด้านต่างๆ,1078,ภาคใต้,233.13,พันคน,สำนักงานสถิติแห่งชาติ
2558,ไตรมาสที่ 4,ผู้ประกอบวิชาชีพด้านเทคนิคสาขาต่าง ๆ และอาชีพที่เกี่ยวข้อง,1079,ภาคใต้,161.44,พันคน,สำนักงานสถิติแห่งชาติ
2558,ไตรมาสที่ 4,เสมียน,1080,ภาคใต้,149.61,พันคน,สำนักงานสถิติแห่งชาติ
2558,ไตรมาสที่ 4,พนักงานบริการและพนักงานในร้านค้าและตลาด,1081,ภาคใต้,1056.38,พันคน,สำนักงานสถิติแห่งชาติ
2559,ไตรมาสที่ 1,ผู้ประกอบวิชาชีพด้านเทคนิคสาขาต่าง ๆ และอาชีพที่เกี่ยวข้อง,1082,ภาคตะวันออกเฉียงเหนือ,205.68,พันคน,สำนักงานสถิติแห่งชาติ
2559,ไตรมาสที่ 1,เสมียน,1083,ภาคตะวันออกเฉียงเหนือ,202.2,พันคน,สำนักงานสถิติแห่งชาติ
2559,ไตรมาสที่ 1,พนักงานบริการและพนักงานในร้านค้าและตลาด,1084,ภาคตะวันออกเฉียงเหนือ,1621.62,พันคน,สำนักงานสถิติแห่งชาติ
2559,ไตรมาสที่ 1,ผู้ปฏิบัติงานที่มีฝีมือในด้านการเกษตรและการประมง,1085,ภาคตะวันออกเฉียงเหนือ,3803.18,พันคน,สำนักงานสถิติแห่งชาติ
2559,ไตรมาสที่ 1,ผู้ปฏิบัติงานด้านความสามารถทางฝีมือและธุรกิจการค้าที่เกี่ยวข้อง,1086,ภาคตะวันออกเฉียงเหนือ,1082.79,พันคน,สำนักงานสถิติแห่งชาติ
2559,ไตรมาสที่ 1,ผู้ปฏิบัติการโรงงานและเครื่องจักรและผู้ปฏิบัติงานด้านการประกอบ,1087,ภาคตะวันออกเฉียงเหนือ,485.31,พันคน,สำนักงานสถิติแห่งชาติ
2559,ไตรมาสที่ 1,อาชีพขั้นพื้นฐานต่างๆ ในด้านการขายและการให้บริการ,1088,ภาคตะวันออกเฉียงเหนือ,1216.59,พันคน,สำนักงานสถิติแห่งชาติ
2559,ไตรมาสที่ 1,คนงานซึ่งมิได้จำแนกไว้ในหมวดอื่น,1089,ภาคตะวันออกเฉียงเหนือ,0.0,พันคน,สำนักงานสถิติแห่งชาติ
2559,ไตรมาสที่ 1,ผู้บัญญัติกฎหมาย ข้าราชการระดับอาวุโสและผู้จัดการ,1090,ภาคใต้,126.18,พันคน,สำนักงานสถิติแห่งชาติ
2559,ไตรมาสที่ 1,ผู้ประกอบวิชาชีพด้านต่างๆ,1091,ภาคใต้,250.82,พันคน,สำนักงานสถิติแห่งชาติ
2559,ไตรมาสที่ 1,ผู้ประกอบวิชาชีพด้านเทคนิคสาขาต่าง ๆ และอาชีพที่เกี่ยวข้อง,1092,ภาคใต้,165.18,พันคน,สำนักงานสถิติแห่งชาติ
2559,ไตรมาสที่ 1,เสมียน,1093,ภาคใต้,157.65,พันคน,สำนักงานสถิติแห่งชาติ
2559,ไตรมาสที่ 1,พนักงานบริการและพนักงานในร้านค้าและตลาด,1094,ภาคใต้,1076.98,พันคน,สำนักงานสถิติแห่งชาติ
2559,ไตรมาสที่ 1,ผู้ปฏิบัติงานที่มีฝีมือในด้านการเกษตรและการประมง,1095,ภาคใต้,2058.65,พันคน,สำนักงานสถิติแห่งชาติ
2559,ไตรมาสที่ 1,ผู้ปฏิบัติงานด้านความสามารถทางฝีมือและธุรกิจการค้าที่เกี่ยวข้อง,1096,ภาคใต้,552.32,พันคน,สำนักงานสถิติแห่งชาติ
2559,ไตรมาสที่ 1,ผู้ปฏิบัติการโรงงานและเครื่องจักรและผู้ปฏิบัติงานด้านการประกอบ,1097,ภาคใต้,212.21,พันคน,สำนักงานสถิติแห่งชาติ
2559,ไตรมาสที่ 1,อาชีพขั้นพื้นฐานต่างๆ ในด้านการขายและการให้บริการ,1098,ภาคใต้,510.64,พันคน,สำนักงานสถิติแห่งชาติ
2559,ไตรมาสที่ 1,คนงานซึ่งมิได้จำแนกไว้ในหมวดอื่น,1099,ภาคใต้,0.33,พันคน,สำนักงานสถิติแห่งชาติ
2559,ไตรมาสที่ 2,ผู้บัญญัติกฎหมาย ข้าราชการระดับอาวุโสและผู้จัดการ,1100,กรุงเทพมหานคร,462.37,พันคน,สำนักงานสถิติแห่งชาติ
2559,ไตรมาสที่ 2,ผู้ประกอบวิชาชีพด้านต่างๆ,1101,กรุงเทพมหานคร,592.56,พันคน,สำนักงานสถิติแห่งชาติ
2559,ไตรมาสที่ 2,ผู้ประกอบวิชาชีพด้านเทคนิคสาขาต่าง ๆ และอาชีพที่เกี่ยวข้อง,1102,กรุงเทพมหานคร,504.12,พันคน,สำนักงานสถิติแห่งชาติ
2559,ไตรมาสที่ 2,เสมียน,1103,กรุงเทพมหานคร,415.33,พันคน,สำนักงานสถิติแห่งชาติ
2559,ไตรมาสที่ 2,พนักงานบริการและพนักงานในร้านค้าและตลาด,1104,กรุงเทพมหานคร,1460.44,พันคน,สำนักงานสถิติแห่งชาติ
2559,ไตรมาสที่ 2,ผู้ปฏิบัติงานที่มีฝีมือในด้านการเกษตรและการประมง,1105,กรุงเทพมหานคร,22.74,พันคน,สำนักงานสถิติแห่งชาติ
2559,ไตรมาสที่ 2,ผู้ปฏิบัติงานด้านความสามารถทางฝีมือและธุรกิจการค้าที่เกี่ยวข้อง,1106,กรุงเทพมหานคร,608.51,พันคน,สำนักงานสถิติแห่งชาติ
2559,ไตรมาสที่ 2,ผู้ปฏิบัติการโรงงานและเครื่องจักรและผู้ปฏิบัติงานด้านการประกอบ,1107,กรุงเทพมหานคร,658.65,พันคน,สำนักงานสถิติแห่งชาติ
2559,ไตรมาสที่ 2,อาชีพขั้นพื้นฐานต่างๆ ในด้านการขายและการให้บริการ,1108,กรุงเทพมหานคร,479.89,พันคน,สำนักงานสถิติแห่งชาติ
2559,ไตรมาสที่ 2,คนงานซึ่งมิได้จำแนกไว้ในหมวดอื่น,1109,กรุงเทพมหานคร,46.81,พันคน,สำนักงานสถิติแห่งชาติ
2559,ไตรมาสที่ 2,ผู้บัญญัติกฎหมาย ข้าราชการระดับอาวุโสและผู้จัดการ,1110,ภาคกลาง,470.66,พันคน,สำนักงานสถิติแห่งชาติ
2559,ไตรมาสที่ 2,ผู้ประกอบวิชาชีพด้านต่างๆ,1111,ภาคกลาง,618.58,พันคน,สำนักงานสถิติแห่งชาติ
2559,ไตรมาสที่ 2,ผู้ประกอบวิชาชีพด้านเทคนิคสาขาต่าง ๆ และอาชีพที่เกี่ยวข้อง,1112,ภาคกลาง,612.67,พันคน,สำนักงานสถิติแห่งชาติ
2559,ไตรมาสที่ 2,เสมียน,1113,ภาคกลาง,611.72,พันคน,สำนักงานสถิติแห่งชาติ
2559,ไตรมาสที่ 2,พนักงานบริการและพนักงานในร้านค้าและตลาด,1114,ภาคกลาง,2434.17,พันคน,สำนักงานสถิติแห่งชาติ
2559,ไตรมาสที่ 2,ผู้ปฏิบัติงานที่มีฝีมือในด้านการเกษตรและการประมง,1115,ภาคกลาง,1700.39,พันคน,สำนักงานสถิติแห่งชาติ
2559,ไตรมาสที่ 2,ผู้ปฏิบัติงานด้านความสามารถทางฝีมือและธุรกิจการค้าที่เกี่ยวข้อง,1116,ภาคกลาง,1619.26,พันคน,สำนักงานสถิติแห่งชาติ
2559,ไตรมาสที่ 3,พนักงานบริการและพนักงานในร้านค้าและตลาด,1117,กรุงเทพมหานคร,1460.45,พันคน,สำนักงานสถิติแห่งชาติ
2559,ไตรมาสที่ 3,ผู้ปฏิบัติงานที่มีฝีมือในด้านการเกษตรและการประมง,1118,กรุงเทพมหานคร,16.34,พันคน,สำนักงานสถิติแห่งชาติ
2559,ไตรมาสที่ 3,ผู้ปฏิบัติงานด้านความสามารถทางฝีมือและธุรกิจการค้าที่เกี่ยวข้อง,1119,กรุงเทพมหานคร,569.77,พันคน,สำนักงานสถิติแห่งชาติ
2559,ไตรมาสที่ 3,ผู้ปฏิบัติการโรงงานและเครื่องจักรและผู้ปฏิบัติงานด้านการประกอบ,1120,กรุงเทพมหานคร,668.24,พันคน,สำนักงานสถิติแห่งชาติ
2559,ไตรมาสที่ 3,อาชีพขั้นพื้นฐานต่างๆ ในด้านการขายและการให้บริการ,1121,กรุงเทพมหานคร,461.63,พันคน,สำนักงานสถิติแห่งชาติ
2559,ไตรมาสที่ 3,คนงานซึ่งมิได้จำแนกไว้ในหมวดอื่น,1122,กรุงเทพมหานคร,55.87,พันคน,สำนักงานสถิติแห่งชาติ
2559,ไตรมาสที่ 3,ผู้บัญญัติกฎหมาย ข้าราชการระดับอาวุโสและผู้จัดการ,1123,ภาคกลาง,441.04,พันคน,สำนักงานสถิติแห่งชาติ
2559,ไตรมาสที่ 3,ผู้ประกอบวิชาชีพด้านต่างๆ,1124,ภาคกลาง,616.74,พันคน,สำนักงานสถิติแห่งชาติ
2559,ไตรมาสที่ 3,ผู้ประกอบวิชาชีพด้านเทคนิคสาขาต่าง ๆ และอาชีพที่เกี่ยวข้อง,1125,ภาคกลาง,522.71,พันคน,สำนักงานสถิติแห่งชาติ
2559,ไตรมาสที่ 3,เสมียน,1126,ภาคกลาง,401.58,พันคน,สำนักงานสถิติแห่งชาติ
2559,ไตรมาสที่ 3,พนักงานบริการและพนักงานในร้านค้าและตลาด,1127,ภาคกลาง,1460.45,พันคน,สำนักงานสถิติแห่งชาติ
2559,ไตรมาสที่ 3,ผู้ปฏิบัติงานที่มีฝีมือในด้านการเกษตรและการประมง,1128,ภาคกลาง,16.34,พันคน,สำนักงานสถิติแห่งชาติ
2559,ไตรมาสที่ 3,ผู้ปฏิบัติงานด้านความสามารถทางฝีมือและธุรกิจการค้าที่เกี่ยวข้อง,1129,ภาคกลาง,569.77,พันคน,สำนักงานสถิติแห่งชาติ
2559,ไตรมาสที่ 3,ผู้ปฏิบัติการโรงงานและเครื่องจักรและผู้ปฏิบัติงานด้านการประกอบ,1130,ภาคกลาง,668.24,พันคน,สำนักงานสถิติแห่งชาติ
2559,ไตรมาสที่ 3,อาชีพขั้นพื้นฐานต่างๆ ในด้านการขายและการให้บริการ,1131,ภาคกลาง,461.63,พันคน,สำนักงานสถิติแห่งชาติ
2559,ไตรมาสที่ 3,คนงานซึ่งมิได้จำแนกไว้ในหมวดอื่น,1132,ภาคกลาง,55.87,พันคน,สำนักงานสถิติแห่งชาติ
2559,ไตรมาสที่ 3,ผู้บัญญัติกฎหมาย ข้าราชการระดับอาวุโสและผู้จัดการ,1133,ภาคเหนือ,156.81,พันคน,สำนักงานสถิติแห่งชาติ
2559,ไตรมาสที่ 3,ผู้ประกอบวิชาชีพด้านต่างๆ,1134,ภาคเหนือ,297.55,พันคน,สำนักงานสถิติแห่งชาติ
2559,ไตรมาสที่ 3,ผู้ประกอบวิชาชีพด้านเทคนิคสาขาต่าง ๆ และอาชีพที่เกี่ยวข้อง,1135,ภาคเหนือ,177.6,พันคน,สำนักงานสถิติแห่งชาติ
2559,ไตรมาสที่ 3,เสมียน,1136,ภาคเหนือ,179.57,พันคน,สำนักงานสถิติแห่งชาติ
2559,ไตรมาสที่ 3,พนักงานบริการและพนักงานในร้านค้าและตลาด,1137,ภาคเหนือ,1122.57,พันคน,สำนักงานสถิติแห่งชาติ
2559,ไตรมาสที่ 3,ผู้ปฏิบัติงานที่มีฝีมือในด้านการเกษตรและการประมง,1138,ภาคเหนือ,2659.18,พันคน,สำนักงานสถิติแห่งชาติ
2559,ไตรมาสที่ 3,ผู้ปฏิบัติงานด้านความสามารถทางฝีมือและธุรกิจการค้าที่เกี่ยวข้อง,1139,ภาคเหนือ,715.5,พันคน,สำนักงานสถิติแห่งชาติ
2559,ไตรมาสที่ 3,ผู้ปฏิบัติการโรงงานและเครื่องจักรและผู้ปฏิบัติงานด้านการประกอบ,1140,ภาคเหนือ,323.82,พันคน,สำนักงานสถิติแห่งชาติ
2559,ไตรมาสที่ 3,อาชีพขั้นพื้นฐานต่างๆ ในด้านการขายและการให้บริการ,1141,ภาคเหนือ,738.59,พันคน,สำนักงานสถิติแห่งชาติ
2559,ไตรมาสที่ 3,คนงานซึ่งมิได้จำแนกไว้ในหมวดอื่น,1142,ภาคเหนือ,0.11,พันคน,สำนักงานสถิติแห่งชาติ
2559,ไตรมาสที่ 3,ผู้บัญญัติกฎหมาย ข้าราชการระดับอาวุโสและผู้จัดการ,1143,ภาคตะวันออกเฉียงเหนือ,270.7,พันคน,สำนักงานสถิติแห่งชาติ
2559,ไตรมาสที่ 3,ผู้ประกอบวิชาชีพด้านต่างๆ,1144,ภาคตะวันออกเฉียงเหนือ,390.7,พันคน,สำนักงานสถิติแห่งชาติ
2559,ไตรมาสที่ 3,ผู้ประกอบวิชาชีพด้านเทคนิคสาขาต่าง ๆ และอาชีพที่เกี่ยวข้อง,1145,ภาคตะวันออกเฉียงเหนือ,181.33,พันคน,สำนักงานสถิติแห่งชาติ
2559,ไตรมาสที่ 3,เสมียน,1146,ภาคตะวันออกเฉียงเหนือ,199.68,พันคน,สำนักงานสถิติแห่งชาติ
2559,ไตรมาสที่ 3,พนักงานบริการและพนักงานในร้านค้าและตลาด,1147,ภาคตะวันออกเฉียงเหนือ,1500.04,พันคน,สำนักงานสถิติแห่งชาติ
2559,ไตรมาสที่ 3,ผู้ปฏิบัติงานที่มีฝีมือในด้านการเกษตรและการประมง,1148,ภาคตะวันออกเฉียงเหนือ,5319.09,พันคน,สำนักงานสถิติแห่งชาติ
2559,ไตรมาสที่ 3,ผู้ปฏิบัติงานด้านความสามารถทางฝีมือและธุรกิจการค้าที่เกี่ยวข้อง,1149,ภาคตะวันออกเฉียงเหนือ,903.13,พันคน,สำนักงานสถิติแห่งชาติ
2559,ไตรมาสที่ 3,ผู้ปฏิบัติการโรงงานและเครื่องจักรและผู้ปฏิบัติงานด้านการประกอบ,1150,ภาคตะวันออกเฉียงเหนือ,430.96,พันคน,สำนักงานสถิติแห่งชาติ
2559,ไตรมาสที่ 3,อาชีพขั้นพื้นฐานต่างๆ ในด้านการขายและการให้บริการ,1151,ภาคตะวันออกเฉียงเหนือ,719.14,พันคน,สำนักงานสถิติแห่งชาติ
2559,ไตรมาสที่ 4,ผู้ปฏิบัติการโรงงานและเครื่องจักรและผู้ปฏิบัติงานด้านการประกอบ,1152,ภาคเหนือ,317.44,พันคน,สำนักงานสถิติแห่งชาติ
2559,ไตรมาสที่ 4,อาชีพขั้นพื้นฐานต่างๆ ในด้านการขายและการให้บริการ,1153,ภาคเหนือ,749.72,พันคน,สำนักงานสถิติแห่งชาติ
2559,ไตรมาสที่ 4,คนงานซึ่งมิได้จำแนกไว้ในหมวดอื่น,1154,ภาคเหนือ,0.0,พันคน,สำนักงานสถิติแห่งชาติ
2559,ไตรมาสที่ 4,ผู้บัญญัติกฎหมาย ข้าราชการระดับอาวุโสและผู้จัดการ,1155,ภาคตะวันออกเฉียงเหนือ,256.85,พันคน,สำนักงานสถิติแห่งชาติ
2559,ไตรมาสที่ 4,ผู้ประกอบวิชาชีพด้านต่างๆ,1156,ภาคตะวันออกเฉียงเหนือ,407.28,พันคน,สำนักงานสถิติแห่งชาติ
2559,ไตรมาสที่ 4,ผู้ประกอบวิชาชีพด้านเทคนิคสาขาต่าง ๆ และอาชีพที่เกี่ยวข้อง,1157,ภาคตะวันออกเฉียงเหนือ,190.94,พันคน,สำนักงานสถิติแห่งชาติ
2559,ไตรมาสที่ 4,เสมียน,1158,ภาคตะวันออกเฉียงเหนือ,209.06,พันคน,สำนักงานสถิติแห่งชาติ
2559,ไตรมาสที่ 4,พนักงานบริการและพนักงานในร้านค้าและตลาด,1159,ภาคตะวันออกเฉียงเหนือ,1462.34,พันคน,สำนักงานสถิติแห่งชาติ
2559,ไตรมาสที่ 4,ผู้ปฏิบัติงานที่มีฝีมือในด้านการเกษตรและการประมง,1160,ภาคตะวันออกเฉียงเหนือ,4978.48,พันคน,สำนักงานสถิติแห่งชาติ
2559,ไตรมาสที่ 4,ผู้ปฏิบัติงานด้านความสามารถทางฝีมือและธุรกิจการค้าที่เกี่ยวข้อง,1161,ภาคตะวันออกเฉียงเหนือ,793.04,พันคน,สำนักงานสถิติแห่งชาติ
2559,ไตรมาสที่ 4,ผู้ปฏิบัติการโรงงานและเครื่องจักรและผู้ปฏิบัติงานด้านการประกอบ,1162,ภาคตะวันออกเฉียงเหนือ,426.74,พันคน,สำนักงานสถิติแห่งชาติ
2559,ไตรมาสที่ 4,อาชีพขั้นพื้นฐานต่างๆ ในด้านการขายและการให้บริการ,1163,ภาคตะวันออกเฉียงเหนือ,714.41,พันคน,สำนักงานสถิติแห่งชาติ
2559,ไตรมาสที่ 4,คนงานซึ่งมิได้จำแนกไว้ในหมวดอื่น,1164,ภาคตะวันออกเฉียงเหนือ,0.0,พันคน,สำนักงานสถิติแห่งชาติ
2559,ไตรมาสที่ 4,ผู้บัญญัติกฎหมาย ข้าราชการระดับอาวุโสและผู้จัดการ,1165,ภาคใต้,126.53,พันคน,สำนักงานสถิติแห่งชาติ
2559,ไตรมาสที่ 4,ผู้ประกอบวิชาชีพด้านต่างๆ,1166,ภาคใต้,226.89,พันคน,สำนักงานสถิติแห่งชาติ
2559,ไตรมาสที่ 4,ผู้ประกอบวิชาชีพด้านเทคนิคสาขาต่าง ๆ และอาชีพที่เกี่ยวข้อง,1167,ภาคใต้,162.09,พันคน,สำนักงานสถิติแห่งชาติ
2559,ไตรมาสที่ 4,เสมียน,1168,ภาคใต้,169.69,พันคน,สำนักงานสถิติแห่งชาติ
2559,ไตรมาสที่ 4,พนักงานบริการและพนักงานในร้านค้าและตลาด,1169,ภาคใต้,1057.66,พันคน,สำนักงานสถิติแห่งชาติ
2559,ไตรมาสที่ 4,ผู้ปฏิบัติงานที่มีฝีมือในด้านการเกษตรและการประมง,1170,ภาคใต้,1995.69,พันคน,สำนักงานสถิติแห่งชาติ
2559,ไตรมาสที่ 4,ผู้ปฏิบัติงานด้านความสามารถทางฝีมือและธุรกิจการค้าที่เกี่ยวข้อง,1171,ภาคใต้,500.8,พันคน,สำนักงานสถิติแห่งชาติ
2559,ไตรมาสที่ 4,ผู้ปฏิบัติการโรงงานและเครื่องจักรและผู้ปฏิบัติงานด้านการประกอบ,1172,ภาคใต้,205.7,พันคน,สำนักงานสถิติแห่งชาติ
2559,ไตรมาสที่ 4,อาชีพขั้นพื้นฐานต่างๆ ในด้านการขายและการให้บริการ,1173,ภาคใต้,553.65,พันคน,สำนักงานสถิติแห่งชาติ
2559,ไตรมาสที่ 4,คนงานซึ่งมิได้จำแนกไว้ในหมวดอื่น,1174,ภาคใต้,3.68,พันคน,สำนักงานสถิติแห่งชาติ
2560,ไตรมาสที่ 1,ผู้บัญญัติกฎหมาย ข้าราชการระดับอาวุโสและผู้จัดการ,1175,กรุงเทพมหานคร,420.7,พันคน,สำนักงานสถิติแห่งชาติ
2560,ไตรมาสที่ 1,ผู้ประกอบวิชาชีพด้านต่างๆ,1176,กรุงเทพมหานคร,588.7,พันคน,สำนักงานสถิติแห่งชาติ
2560,ไตรมาสที่ 1,ผู้ประกอบวิชาชีพด้านเทคนิคสาขาต่าง ๆ และอาชีพที่เกี่ยวข้อง,1177,กรุงเทพมหานคร,571.6,พันคน,สำนักงานสถิติแห่งชาติ
2560,ไตรมาสที่ 1,เสมียน,1178,กรุงเทพมหานคร,426.6,พันคน,สำนักงานสถิติแห่งชาติ
2560,ไตรมาสที่ 1,พนักงานบริการและพนักงานในร้านค้าและตลาด,1179,กรุงเทพมหานคร,1504.9,พันคน,สำนักงานสถิติแห่งชาติ
2560,ไตรมาสที่ 1,ผู้ปฏิบัติงานที่มีฝีมือในด้านการเกษตรและการประมง,1180,กรุงเทพมหานคร,21.4,พันคน,สำนักงานสถิติแห่งชาติ
2560,ไตรมาสที่ 1,ผู้ปฏิบัติงานด้านความสามารถทางฝีมือและธุรกิจการค้าที่เกี่ยวข้อง,1181,กรุงเทพมหานคร,587.9,พันคน,สำนักงานสถิติแห่งชาติ
2560,ไตรมาสที่ 1,ผู้ปฏิบัติการโรงงานและเครื่องจักรและผู้ปฏิบัติงานด้านการประกอบ,1182,กรุงเทพมหานคร,643.0,พันคน,สำนักงานสถิติแห่งชาติ
2560,ไตรมาสที่ 1,อาชีพขั้นพื้นฐานต่างๆ ในด้านการขายและการให้บริการ,1183,กรุงเทพมหานคร,434.6,พันคน,สำนักงานสถิติแห่งชาติ
2560,ไตรมาสที่ 1,คนงานซึ่งมิได้จำแนกไว้ในหมวดอื่น,1184,กรุงเทพมหานคร,39.9,พันคน,สำนักงานสถิติแห่งชาติ
2560,ไตรมาสที่ 1,ผู้บัญญัติกฎหมาย ข้าราชการระดับอาวุโสและผู้จัดการ,1185,ภาคกลาง,474.0,พันคน,สำนักงานสถิติแห่งชาติ
2560,ไตรมาสที่ 1,อาชีพขั้นพื้นฐานต่างๆ ในด้านการขายและการให้บริการ,1186,ภาคใต้,532.3,พันคน,สำนักงานสถิติแห่งชาติ
2560,ไตรมาสที่ 1,คนงานซึ่งมิได้จำแนกไว้ในหมวดอื่น,1187,ภาคใต้,0.6,พันคน,สำนักงานสถิติแห่งชาติ
2560,ไตรมาสที่ 2,ผู้บัญญัติกฎหมาย ข้าราชการระดับอาวุโสและผู้จัดการ,1188,กรุงเทพมหานคร,420.7,พันคน,สำนักงานสถิติแห่งชาติ
2560,ไตรมาสที่ 2,ผู้ประกอบวิชาชีพด้านต่างๆ,1189,กรุงเทพมหานคร,577.1,พันคน,สำนักงานสถิติแห่งชาติ
2560,ไตรมาสที่ 2,ผู้ประกอบวิชาชีพด้านเทคนิคสาขาต่าง ๆ และอาชีพที่เกี่ยวข้อง,1190,กรุงเทพมหานคร,607.1,พันคน,สำนักงานสถิติแห่งชาติ
2560,ไตรมาสที่ 2,เสมียน,1191,กรุงเทพมหานคร,438.6,พันคน,สำนักงานสถิติแห่งชาติ
2560,ไตรมาสที่ 2,พนักงานบริการและพนักงานในร้านค้าและตลาด,1192,กรุงเทพมหานคร,1438.5,พันคน,สำนักงานสถิติแห่งชาติ
2560,ไตรมาสที่ 2,ผู้ปฏิบัติงานที่มีฝีมือในด้านการเกษตรและการประมง,1193,กรุงเทพมหานคร,16.5,พันคน,สำนักงานสถิติแห่งชาติ
2560,ไตรมาสที่ 2,ผู้ปฏิบัติงานด้านความสามารถทางฝีมือและธุรกิจการค้าที่เกี่ยวข้อง,1194,กรุงเทพมหานคร,611.2,พันคน,สำนักงานสถิติแห่งชาติ
2560,ไตรมาสที่ 2,ผู้ปฏิบัติการโรงงานและเครื่องจักรและผู้ปฏิบัติงานด้านการประกอบ,1195,กรุงเทพมหานคร,648.1,พันคน,สำนักงานสถิติแห่งชาติ
2560,ไตรมาสที่ 2,อาชีพขั้นพื้นฐานต่างๆ ในด้านการขายและการให้บริการ,1196,กรุงเทพมหานคร,434.6,พันคน,สำนักงานสถิติแห่งชาติ
2560,ไตรมาสที่ 2,คนงานซึ่งมิได้จำแนกไว้ในหมวดอื่น,1197,กรุงเทพมหานคร,45.3,พันคน,สำนักงานสถิติแห่งชาติ
2560,ไตรมาสที่ 2,ผู้บัญญัติกฎหมาย ข้าราชการระดับอาวุโสและผู้จัดการ,1198,ภาคกลาง,436.8,พันคน,สำนักงานสถิติแห่งชาติ
2560,ไตรมาสที่ 2,ผู้ประกอบวิชาชีพด้านต่างๆ,1199,ภาคกลาง,598.5,พันคน,สำนักงานสถิติแห่งชาติ
2560,ไตรมาสที่ 2,ผู้ประกอบวิชาชีพด้านเทคนิคสาขาต่าง ๆ และอาชีพที่เกี่ยวข้อง,1200,ภาคกลาง,688.0,พันคน,สำนักงานสถิติแห่งชาติ
2560,ไตรมาสที่ 2,เสมียน,1201,ภาคกลาง,623.9,พันคน,สำนักงานสถิติแห่งชาติ
2560,ไตรมาสที่ 2,พนักงานบริการและพนักงานในร้านค้าและตลาด,1202,ภาคกลาง,2510.7,พันคน,สำนักงานสถิติแห่งชาติ
2560,ไตรมาสที่ 2,ผู้ปฏิบัติงานที่มีฝีมือในด้านการเกษตรและการประมง,1203,ภาคกลาง,1732.0,พันคน,สำนักงานสถิติแห่งชาติ
2560,ไตรมาสที่ 2,ผู้ปฏิบัติงานด้านความสามารถทางฝีมือและธุรกิจการค้าที่เกี่ยวข้อง,1204,ภาคกลาง,1551.9,พันคน,สำนักงานสถิติแห่งชาติ
2560,ไตรมาสที่ 2,ผู้ปฏิบัติการโรงงานและเครื่องจักรและผู้ปฏิบัติงานด้านการประกอบ,1205,ภาคกลาง,1935.2,พันคน,สำนักงานสถิติแห่งชาติ
2560,ไตรมาสที่ 2,อาชีพขั้นพื้นฐานต่างๆ ในด้านการขายและการให้บริการ,1206,ภาคกลาง,1542.0,พันคน,สำนักงานสถิติแห่งชาติ
2560,ไตรมาสที่ 2,คนงานซึ่งมิได้จำแนกไว้ในหมวดอื่น,1207,ภาคกลาง,26.5,พันคน,สำนักงานสถิติแห่งชาติ
2560,ไตรมาสที่ 2,ผู้บัญญัติกฎหมาย ข้าราชการระดับอาวุโสและผู้จัดการ,1208,ภาคเหนือ,153.3,พันคน,สำนักงานสถิติแห่งชาติ
2560,ไตรมาสที่ 2,ผู้ประกอบวิชาชีพด้านต่างๆ,1209,ภาคเหนือ,289.5,พันคน,สำนักงานสถิติแห่งชาติ
2560,ไตรมาสที่ 2,ผู้ประกอบวิชาชีพด้านเทคนิคสาขาต่าง ๆ และอาชีพที่เกี่ยวข้อง,1210,ภาคเหนือ,154.8,พันคน,สำนักงานสถิติแห่งชาติ
2560,ไตรมาสที่ 2,เสมียน,1211,ภาคเหนือ,185.2,พันคน,สำนักงานสถิติแห่งชาติ
2560,ไตรมาสที่ 2,พนักงานบริการและพนักงานในร้านค้าและตลาด,1212,ภาคเหนือ,1128.5,พันคน,สำนักงานสถิติแห่งชาติ
2560,ไตรมาสที่ 2,ผู้ปฏิบัติงานที่มีฝีมือในด้านการเกษตรและการประมง,1213,ภาคเหนือ,2294.1,พันคน,สำนักงานสถิติแห่งชาติ
2560,ไตรมาสที่ 2,ผู้ปฏิบัติงานด้านความสามารถทางฝีมือและธุรกิจการค้าที่เกี่ยวข้อง,1214,ภาคเหนือ,801.8,พันคน,สำนักงานสถิติแห่งชาติ
2560,ไตรมาสที่ 2,ผู้ปฏิบัติการโรงงานและเครื่องจักรและผู้ปฏิบัติงานด้านการประกอบ,1215,ภาคเหนือ,332.6,พันคน,สำนักงานสถิติแห่งชาติ
2560,ไตรมาสที่ 2,อาชีพขั้นพื้นฐานต่างๆ ในด้านการขายและการให้บริการ,1216,ภาคเหนือ,869.1,พันคน,สำนักงานสถิติแห่งชาติ
2560,ไตรมาสที่ 2,คนงานซึ่งมิได้จำแนกไว้ในหมวดอื่น,1217,ภาคเหนือ,0.0,พันคน,สำนักงานสถิติแห่งชาติ
2560,ไตรมาสที่ 2,ผู้บัญญัติกฎหมาย ข้าราชการระดับอาวุโสและผู้จัดการ,1218,ภาคตะวันออกเฉียงเหนือ,288.4,พันคน,สำนักงานสถิติแห่งชาติ
2560,ไตรมาสที่ 2,ผู้ประกอบวิชาชีพด้านต่างๆ,1219,ภาคตะวันออกเฉียงเหนือ,400.4,พันคน,สำนักงานสถิติแห่งชาติ
2560,ไตรมาสที่ 2,ผู้ประกอบวิชาชีพด้านเทคนิคสาขาต่าง ๆ และอาชีพที่เกี่ยวข้อง,1220,ภาคตะวันออกเฉียงเหนือ,185.2,พันคน,สำนักงานสถิติแห่งชาติ
2560,ไตรมาสที่ 3,ผู้บัญญัติกฎหมาย ข้าราชการระดับอาวุโสและผู้จัดการ,1221,ภาคเหนือ,156.7,พันคน,สำนักงานสถิติแห่งชาติ
2560,ไตรมาสที่ 3,ผู้ประกอบวิชาชีพด้านต่างๆ,1222,ภาคเหนือ,279.3,พันคน,สำนักงานสถิติแห่งชาติ
2560,ไตรมาสที่ 3,ผู้ประกอบวิชาชีพด้านเทคนิคสาขาต่าง ๆ และอาชีพที่เกี่ยวข้อง,1223,ภาคเหนือ,162.8,พันคน,สำนักงานสถิติแห่งชาติ
2560,ไตรมาสที่ 3,เสมียน,1224,ภาคเหนือ,180.0,พันคน,สำนักงานสถิติแห่งชาติ
2560,ไตรมาสที่ 3,พนักงานบริการและพนักงานในร้านค้าและตลาด,1225,ภาคเหนือ,1126.4,พันคน,สำนักงานสถิติแห่งชาติ
2560,ไตรมาสที่ 3,ผู้ปฏิบัติงานที่มีฝีมือในด้านการเกษตรและการประมง,1226,ภาคเหนือ,2570.8,พันคน,สำนักงานสถิติแห่งชาติ
2560,ไตรมาสที่ 3,ผู้ปฏิบัติงานด้านความสามารถทางฝีมือและธุรกิจการค้าที่เกี่ยวข้อง,1227,ภาคเหนือ,709.8,พันคน,สำนักงานสถิติแห่งชาติ
2560,ไตรมาสที่ 3,ผู้ปฏิบัติการโรงงานและเครื่องจักรและผู้ปฏิบัติงานด้านการประกอบ,1228,ภาคเหนือ,295.5,พันคน,สำนักงานสถิติแห่งชาติ
2560,ไตรมาสที่ 3,อาชีพขั้นพื้นฐานต่างๆ ในด้านการขายและการให้บริการ,1229,ภาคเหนือ,763.5,พันคน,สำนักงานสถิติแห่งชาติ
2560,ไตรมาสที่ 3,คนงานซึ่งมิได้จำแนกไว้ในหมวดอื่น,1230,ภาคเหนือ,0.0,พันคน,สำนักงานสถิติแห่งชาติ
2560,ไตรมาสที่ 3,ผู้บัญญัติกฎหมาย ข้าราชการระดับอาวุโสและผู้จัดการ,1231,ภาคตะวันออกเฉียงเหนือ,257.2,พันคน,สำนักงานสถิติแห่งชาติ
2560,ไตรมาสที่ 3,ผู้ประกอบวิชาชีพด้านต่างๆ,1232,ภาคตะวันออกเฉียงเหนือ,387.3,พันคน,สำนักงานสถิติแห่งชาติ
2560,ไตรมาสที่ 3,ผู้ประกอบวิชาชีพด้านเทคนิคสาขาต่าง ๆ และอาชีพที่เกี่ยวข้อง,1233,ภาคตะวันออกเฉียงเหนือ,189.2,พันคน,สำนักงานสถิติแห่งชาติ
2560,ไตรมาสที่ 3,เสมียน,1234,ภาคตะวันออกเฉียงเหนือ,183.5,พันคน,สำนักงานสถิติแห่งชาติ
2560,ไตรมาสที่ 3,พนักงานบริการและพนักงานในร้านค้าและตลาด,1235,ภาคตะวันออกเฉียงเหนือ,1405.7,พันคน,สำนักงานสถิติแห่งชาติ
2560,ไตรมาสที่ 3,ผู้ปฏิบัติงานที่มีฝีมือในด้านการเกษตรและการประมง,1236,ภาคตะวันออกเฉียงเหนือ,5305.7,พันคน,สำนักงานสถิติแห่งชาติ
2560,ไตรมาสที่ 3,ผู้ปฏิบัติงานด้านความสามารถทางฝีมือและธุรกิจการค้าที่เกี่ยวข้อง,1237,ภาคตะวันออกเฉียงเหนือ,790.9,พันคน,สำนักงานสถิติแห่งชาติ
2560,ไตรมาสที่ 3,ผู้ปฏิบัติการโรงงานและเครื่องจักรและผู้ปฏิบัติงานด้านการประกอบ,1238,ภาคตะวันออกเฉียงเหนือ,407.4,พันคน,สำนักงานสถิติแห่งชาติ
2560,ไตรมาสที่ 3,อาชีพขั้นพื้นฐานต่างๆ ในด้านการขายและการให้บริการ,1239,ภาคตะวันออกเฉียงเหนือ,748.1,พันคน,สำนักงานสถิติแห่งชาติ
2560,ไตรมาสที่ 3,คนงานซึ่งมิได้จำแนกไว้ในหมวดอื่น,1240,ภาคตะวันออกเฉียงเหนือ,0.0,พันคน,สำนักงานสถิติแห่งชาติ
2560,ไตรมาสที่ 3,ผู้บัญญัติกฎหมาย ข้าราชการระดับอาวุโสและผู้จัดการ,1241,ภาคใต้,117.1,พันคน,สำนักงานสถิติแห่งชาติ
2560,ไตรมาสที่ 3,ผู้ประกอบวิชาชีพด้านต่างๆ,1242,ภาคใต้,232.1,พันคน,สำนักงานสถิติแห่งชาติ
2560,ไตรมาสที่ 3,ผู้ประกอบวิชาชีพด้านเทคนิคสาขาต่าง ๆ และอาชีพที่เกี่ยวข้อง,1243,ภาคใต้,151.8,พันคน,สำนักงานสถิติแห่งชาติ
2560,ไตรมาสที่ 3,เสมียน,1244,ภาคใต้,159.6,พันคน,สำนักงานสถิติแห่งชาติ
2560,ไตรมาสที่ 3,พนักงานบริการและพนักงานในร้านค้าและตลาด,1245,ภาคใต้,1083.3,พันคน,สำนักงานสถิติแห่งชาติ
2560,ไตรมาสที่ 3,ผู้ปฏิบัติงานที่มีฝีมือในด้านการเกษตรและการประมง,1246,ภาคใต้,2015.1,พันคน,สำนักงานสถิติแห่งชาติ
2560,ไตรมาสที่ 3,ผู้ปฏิบัติงานด้านความสามารถทางฝีมือและธุรกิจการค้าที่เกี่ยวข้อง,1247,ภาคใต้,524.5,พันคน,สำนักงานสถิติแห่งชาติ
2560,ไตรมาสที่ 3,ผู้ปฏิบัติการโรงงานและเครื่องจักรและผู้ปฏิบัติงานด้านการประกอบ,1248,ภาคใต้,236.7,พันคน,สำนักงานสถิติแห่งชาติ
2560,ไตรมาสที่ 3,อาชีพขั้นพื้นฐานต่างๆ ในด้านการขายและการให้บริการ,1249,ภาคใต้,514.8,พันคน,สำนักงานสถิติแห่งชาติ
2560,ไตรมาสที่ 3,คนงานซึ่งมิได้จำแนกไว้ในหมวดอื่น,1250,ภาคใต้,2.9,พันคน,สำนักงานสถิติแห่งชาติ
2560,ไตรมาสที่ 4,ผู้บัญญัติกฎหมาย ข้าราชการระดับอาวุโสและผู้จัดการ,1251,กรุงเทพมหานคร,436.9,พันคน,สำนักงานสถิติแห่งชาติ
2560,ไตรมาสที่ 4,ผู้ประกอบวิชาชีพด้านต่างๆ,1252,กรุงเทพมหานคร,614.2,พันคน,สำนักงานสถิติแห่งชาติ
2560,ไตรมาสที่ 4,ผู้ประกอบวิชาชีพด้านเทคนิคสาขาต่าง ๆ และอาชีพที่เกี่ยวข้อง,1253,กรุงเทพมหานคร,587.8,พันคน,สำนักงานสถิติแห่งชาติ
2560,ไตรมาสที่ 4,เสมียน,1254,กรุงเทพมหานคร,415.7,พันคน,สำนักงานสถิติแห่งชาติ
2560,ไตรมาสที่ 4,พนักงานบริการและพนักงานในร้านค้าและตลาด,1255,กรุงเทพมหานคร,1435.3,พันคน,สำนักงานสถิติแห่งชาติ
2560,ไตรมาสที่ 4,ผู้ประกอบวิชาชีพด้านต่างๆ,1256,ภาคใต้,237.9,พันคน,สำนักงานสถิติแห่งชาติ
2560,ไตรมาสที่ 4,ผู้ประกอบวิชาชีพด้านเทคนิคสาขาต่าง ๆ และอาชีพที่เกี่ยวข้อง,1257,ภาคใต้,171.0,พันคน,สำนักงานสถิติแห่งชาติ
2560,ไตรมาสที่ 4,เสมียน,1258,ภาคใต้,180.6,พันคน,สำนักงานสถิติแห่งชาติ
2560,ไตรมาสที่ 4,พนักงานบริการและพนักงานในร้านค้าและตลาด,1259,ภาคใต้,1094.3,พันคน,สำนักงานสถิติแห่งชาติ
2560,ไตรมาสที่ 4,ผู้ปฏิบัติงานที่มีฝีมือในด้านการเกษตรและการประมง,1260,ภาคใต้,1922.4,พันคน,สำนักงานสถิติแห่งชาติ
2560,ไตรมาสที่ 4,ผู้ปฏิบัติงานด้านความสามารถทางฝีมือและธุรกิจการค้าที่เกี่ยวข้อง,1261,ภาคใต้,478.3,พันคน,สำนักงานสถิติแห่งชาติ
2560,ไตรมาสที่ 4,ผู้ปฏิบัติการโรงงานและเครื่องจักรและผู้ปฏิบัติงานด้านการประกอบ,1262,ภาคใต้,253.1,พันคน,สำนักงานสถิติแห่งชาติ
2560,ไตรมาสที่ 4,อาชีพขั้นพื้นฐานต่างๆ ในด้านการขายและการให้บริการ,1263,ภาคใต้,530.1,พันคน,สำนักงานสถิติแห่งชาติ
2560,ไตรมาสที่ 4,คนงานซึ่งมิได้จำแนกไว้ในหมวดอื่น,1264,ภาคใต้,1.0,พันคน,สำนักงานสถิติแห่งชาติ
2561,ไตรมาสที่ 1,ผู้บัญญัติกฎหมาย ข้าราชการระดับอาวุโสและผู้จัดการ,1265,กรุงเทพมหานคร,388.48,พันคน,สำนักงานสถิติแห่งชาติ
2561,ไตรมาสที่ 1,ผู้ประกอบวิชาชีพด้านต่างๆ,1266,กรุงเทพมหานคร,605.19,พันคน,สำนักงานสถิติแห่งชาติ
2561,ไตรมาสที่ 1,ผู้ประกอบวิชาชีพด้านเทคนิคสาขาต่าง ๆ และอาชีพที่เกี่ยวข้อง,1267,กรุงเทพมหานคร,554.25,พันคน,สำนักงานสถิติแห่งชาติ
2561,ไตรมาสที่ 1,เสมียน,1268,กรุงเทพมหานคร,434.89,พันคน,สำนักงานสถิติแห่งชาติ
2561,ไตรมาสที่ 1,พนักงานบริการและพนักงานในร้านค้าและตลาด,1269,กรุงเทพมหานคร,1418.29,พันคน,สำนักงานสถิติแห่งชาติ
2561,ไตรมาสที่ 1,ผู้ปฏิบัติงานที่มีฝีมือในด้านการเกษตรและการประมง,1270,กรุงเทพมหานคร,26.41,พันคน,สำนักงานสถิติแห่งชาติ
2561,ไตรมาสที่ 1,ผู้ปฏิบัติงานด้านความสามารถทางฝีมือและธุรกิจการค้าที่เกี่ยวข้อง,1271,กรุงเทพมหานคร,609.71,พันคน,สำนักงานสถิติแห่งชาติ
2561,ไตรมาสที่ 1,ผู้ปฏิบัติการโรงงานและเครื่องจักรและผู้ปฏิบัติงานด้านการประกอบ,1272,กรุงเทพมหานคร,656.16,พันคน,สำนักงานสถิติแห่งชาติ
2561,ไตรมาสที่ 1,อาชีพขั้นพื้นฐานต่างๆ ในด้านการขายและการให้บริการ,1273,กรุงเทพมหานคร,483.34,พันคน,สำนักงานสถิติแห่งชาติ
2561,ไตรมาสที่ 1,คนงานซึ่งมิได้จำแนกไว้ในหมวดอื่น,1274,กรุงเทพมหานคร,60.75,พันคน,สำนักงานสถิติแห่งชาติ
2561,ไตรมาสที่ 1,ผู้บัญญัติกฎหมาย ข้าราชการระดับอาวุโสและผู้จัดการ,1275,ภาคกลาง,441.82,พันคน,สำนักงานสถิติแห่งชาติ
2561,ไตรมาสที่ 1,ผู้ประกอบวิชาชีพด้านต่างๆ,1276,ภาคกลาง,608.28,พันคน,สำนักงานสถิติแห่งชาติ
2561,ไตรมาสที่ 1,ผู้ประกอบวิชาชีพด้านเทคนิคสาขาต่าง ๆ และอาชีพที่เกี่ยวข้อง,1277,ภาคกลาง,615.32,พันคน,สำนักงานสถิติแห่งชาติ
2561,ไตรมาสที่ 1,เสมียน,1278,ภาคกลาง,599.73,พันคน,สำนักงานสถิติแห่งชาติ
2561,ไตรมาสที่ 1,พนักงานบริการและพนักงานในร้านค้าและตลาด,1279,ภาคกลาง,2538.22,พันคน,สำนักงานสถิติแห่งชาติ
2561,ไตรมาสที่ 1,ผู้ปฏิบัติงานที่มีฝีมือในด้านการเกษตรและการประมง,1280,ภาคกลาง,1753.19,พันคน,สำนักงานสถิติแห่งชาติ
2561,ไตรมาสที่ 1,ผู้ปฏิบัติงานด้านความสามารถทางฝีมือและธุรกิจการค้าที่เกี่ยวข้อง,1281,ภาคกลาง,1568.1,พันคน,สำนักงานสถิติแห่งชาติ
2561,ไตรมาสที่ 1,ผู้ปฏิบัติการโรงงานและเครื่องจักรและผู้ปฏิบัติงานด้านการประกอบ,1282,ภาคกลาง,1989.24,พันคน,สำนักงานสถิติแห่งชาติ
2561,ไตรมาสที่ 1,อาชีพขั้นพื้นฐานต่างๆ ในด้านการขายและการให้บริการ,1283,ภาคกลาง,1515.34,พันคน,สำนักงานสถิติแห่งชาติ
2561,ไตรมาสที่ 1,คนงานซึ่งมิได้จำแนกไว้ในหมวดอื่น,1284,ภาคกลาง,34.69,พันคน,สำนักงานสถิติแห่งชาติ
2561,ไตรมาสที่ 1,ผู้บัญญัติกฎหมาย ข้าราชการระดับอาวุโสและผู้จัดการ,1285,ภาคเหนือ,140.03,พันคน,สำนักงานสถิติแห่งชาติ
2561,ไตรมาสที่ 1,ผู้ประกอบวิชาชีพด้านต่างๆ,1286,ภาคเหนือ,295.38,พันคน,สำนักงานสถิติแห่งชาติ
2561,ไตรมาสที่ 1,ผู้ประกอบวิชาชีพด้านเทคนิคสาขาต่าง ๆ และอาชีพที่เกี่ยวข้อง,1287,ภาคเหนือ,161.08,พันคน,สำนักงานสถิติแห่งชาติ
2561,ไตรมาสที่ 1,เสมียน,1288,ภาคเหนือ,177.14,พันคน,สำนักงานสถิติแห่งชาติ
2561,ไตรมาสที่ 1,พนักงานบริการและพนักงานในร้านค้าและตลาด,1289,ภาคเหนือ,1119.94,พันคน,สำนักงานสถิติแห่งชาติ
2561,ไตรมาสที่ 1,ผู้ปฏิบัติงานที่มีฝีมือในด้านการเกษตรและการประมง,1290,ภาคเหนือ,2397.5,พันคน,สำนักงานสถิติแห่งชาติ
2561,ไตรมาสที่ 1,ผู้ปฏิบัติงานด้านความสามารถทางฝีมือและธุรกิจการค้าที่เกี่ยวข้อง,1291,ภาคเหนือ,732.14,พันคน,สำนักงานสถิติแห่งชาติ
2561,ไตรมาสที่ 2,พนักงานบริการและพนักงานในร้านค้าและตลาด,1292,ภาคกลาง,2503.49,พันคน,สำนักงานสถิติแห่งชาติ
2561,ไตรมาสที่ 2,ผู้ปฏิบัติงานที่มีฝีมือในด้านการเกษตรและการประมง,1293,ภาคกลาง,1731.42,พันคน,สำนักงานสถิติแห่งชาติ
2561,ไตรมาสที่ 2,ผู้ปฏิบัติงานด้านความสามารถทางฝีมือและธุรกิจการค้าที่เกี่ยวข้อง,1294,ภาคกลาง,1555.18,พันคน,สำนักงานสถิติแห่งชาติ
2561,ไตรมาสที่ 2,ผู้ปฏิบัติการโรงงานและเครื่องจักรและผู้ปฏิบัติงานด้านการประกอบ,1295,ภาคกลาง,1952.92,พันคน,สำนักงานสถิติแห่งชาติ
2561,ไตรมาสที่ 2,อาชีพขั้นพื้นฐานต่างๆ ในด้านการขายและการให้บริการ,1296,ภาคกลาง,1543.16,พันคน,สำนักงานสถิติแห่งชาติ
2561,ไตรมาสที่ 2,คนงานซึ่งมิได้จำแนกไว้ในหมวดอื่น,1297,ภาคกลาง,17.12,พันคน,สำนักงานสถิติแห่งชาติ
2561,ไตรมาสที่ 2,ผู้บัญญัติกฎหมาย ข้าราชการระดับอาวุโสและผู้จัดการ,1298,ภาคเหนือ,161.95,พันคน,สำนักงานสถิติแห่งชาติ
2561,ไตรมาสที่ 2,ผู้ประกอบวิชาชีพด้านต่างๆ,1299,ภาคเหนือ,286.21,พันคน,สำนักงานสถิติแห่งชาติ
2561,ไตรมาสที่ 2,ผู้ประกอบวิชาชีพด้านเทคนิคสาขาต่าง ๆ และอาชีพที่เกี่ยวข้อง,1300,ภาคเหนือ,168.48,พันคน,สำนักงานสถิติแห่งชาติ
2561,ไตรมาสที่ 2,เสมียน,1301,ภาคเหนือ,193.47,พันคน,สำนักงานสถิติแห่งชาติ
2561,ไตรมาสที่ 2,พนักงานบริการและพนักงานในร้านค้าและตลาด,1302,ภาคเหนือ,1151.97,พันคน,สำนักงานสถิติแห่งชาติ
2561,ไตรมาสที่ 2,ผู้ปฏิบัติงานที่มีฝีมือในด้านการเกษตรและการประมง,1303,ภาคเหนือ,2389.84,พันคน,สำนักงานสถิติแห่งชาติ
2561,ไตรมาสที่ 2,ผู้ปฏิบัติงานด้านความสามารถทางฝีมือและธุรกิจการค้าที่เกี่ยวข้อง,1304,ภาคเหนือ,762.55,พันคน,สำนักงานสถิติแห่งชาติ
2561,ไตรมาสที่ 2,ผู้ปฏิบัติการโรงงานและเครื่องจักรและผู้ปฏิบัติงานด้านการประกอบ,1305,ภาคเหนือ,317.49,พันคน,สำนักงานสถิติแห่งชาติ
2561,ไตรมาสที่ 2,อาชีพขั้นพื้นฐานต่างๆ ในด้านการขายและการให้บริการ,1306,ภาคเหนือ,849.25,พันคน,สำนักงานสถิติแห่งชาติ
2561,ไตรมาสที่ 2,คนงานซึ่งมิได้จำแนกไว้ในหมวดอื่น,1307,ภาคเหนือ,0.0,พันคน,สำนักงานสถิติแห่งชาติ
2561,ไตรมาสที่ 2,ผู้บัญญัติกฎหมาย ข้าราชการระดับอาวุโสและผู้จัดการ,1308,ภาคตะวันออกเฉียงเหนือ,272.26,พันคน,สำนักงานสถิติแห่งชาติ
2561,ไตรมาสที่ 2,ผู้ประกอบวิชาชีพด้านต่างๆ,1309,ภาคตะวันออกเฉียงเหนือ,388.57,พันคน,สำนักงานสถิติแห่งชาติ
2561,ไตรมาสที่ 2,ผู้ประกอบวิชาชีพด้านเทคนิคสาขาต่าง ๆ และอาชีพที่เกี่ยวข้อง,1310,ภาคตะวันออกเฉียงเหนือ,166.9,พันคน,สำนักงานสถิติแห่งชาติ
2561,ไตรมาสที่ 2,เสมียน,1311,ภาคตะวันออกเฉียงเหนือ,206.64,พันคน,สำนักงานสถิติแห่งชาติ
2561,ไตรมาสที่ 2,พนักงานบริการและพนักงานในร้านค้าและตลาด,1312,ภาคตะวันออกเฉียงเหนือ,1467.79,พันคน,สำนักงานสถิติแห่งชาติ
2561,ไตรมาสที่ 2,ผู้ปฏิบัติงานที่มีฝีมือในด้านการเกษตรและการประมง,1313,ภาคตะวันออกเฉียงเหนือ,4746.28,พันคน,สำนักงานสถิติแห่งชาติ
2561,ไตรมาสที่ 2,ผู้ปฏิบัติงานด้านความสามารถทางฝีมือและธุรกิจการค้าที่เกี่ยวข้อง,1314,ภาคตะวันออกเฉียงเหนือ,865.01,พันคน,สำนักงานสถิติแห่งชาติ
2561,ไตรมาสที่ 2,ผู้ปฏิบัติการโรงงานและเครื่องจักรและผู้ปฏิบัติงานด้านการประกอบ,1315,ภาคตะวันออกเฉียงเหนือ,501.22,พันคน,สำนักงานสถิติแห่งชาติ
2561,ไตรมาสที่ 2,อาชีพขั้นพื้นฐานต่างๆ ในด้านการขายและการให้บริการ,1316,ภาคตะวันออกเฉียงเหนือ,935.37,พันคน,สำนักงานสถิติแห่งชาติ
2561,ไตรมาสที่ 2,คนงานซึ่งมิได้จำแนกไว้ในหมวดอื่น,1317,ภาคตะวันออกเฉียงเหนือ,0.53,พันคน,สำนักงานสถิติแห่งชาติ
2561,ไตรมาสที่ 2,ผู้บัญญัติกฎหมาย ข้าราชการระดับอาวุโสและผู้จัดการ,1318,ภาคใต้,124.21,พันคน,สำนักงานสถิติแห่งชาติ
2561,ไตรมาสที่ 2,ผู้ประกอบวิชาชีพด้านต่างๆ,1319,ภาคใต้,235.91,พันคน,สำนักงานสถิติแห่งชาติ
2561,ไตรมาสที่ 2,ผู้ประกอบวิชาชีพด้านเทคนิคสาขาต่าง ๆ และอาชีพที่เกี่ยวข้อง,1320,ภาคใต้,157.09,พันคน,สำนักงานสถิติแห่งชาติ
2561,ไตรมาสที่ 2,เสมียน,1321,ภาคใต้,175.39,พันคน,สำนักงานสถิติแห่งชาติ
2561,ไตรมาสที่ 2,พนักงานบริการและพนักงานในร้านค้าและตลาด,1322,ภาคใต้,1126.17,พันคน,สำนักงานสถิติแห่งชาติ
2561,ไตรมาสที่ 2,ผู้ปฏิบัติงานที่มีฝีมือในด้านการเกษตรและการประมง,1323,ภาคใต้,1974.42,พันคน,สำนักงานสถิติแห่งชาติ
2561,ไตรมาสที่ 2,ผู้ปฏิบัติงานด้านความสามารถทางฝีมือและธุรกิจการค้าที่เกี่ยวข้อง,1324,ภาคใต้,542.06,พันคน,สำนักงานสถิติแห่งชาติ
2561,ไตรมาสที่ 2,ผู้ปฏิบัติการโรงงานและเครื่องจักรและผู้ปฏิบัติงานด้านการประกอบ,1325,ภาคใต้,227.83,พันคน,สำนักงานสถิติแห่งชาติ
2561,ไตรมาสที่ 2,อาชีพขั้นพื้นฐานต่างๆ ในด้านการขายและการให้บริการ,1326,ภาคใต้,550.73,พันคน,สำนักงานสถิติแห่งชาติ
2561,ไตรมาสที่ 3,ผู้ปฏิบัติงานด้านความสามารถทางฝีมือและธุรกิจการค้าที่เกี่ยวข้อง,1327,ภาคตะวันออกเฉียงเหนือ,801.84,พันคน,สำนักงานสถิติแห่งชาติ
2561,ไตรมาสที่ 3,ผู้ปฏิบัติการโรงงานและเครื่องจักรและผู้ปฏิบัติงานด้านการประกอบ,1328,ภาคตะวันออกเฉียงเหนือ,432.66,พันคน,สำนักงานสถิติแห่งชาติ
2561,ไตรมาสที่ 3,อาชีพขั้นพื้นฐานต่างๆ ในด้านการขายและการให้บริการ,1329,ภาคตะวันออกเฉียงเหนือ,766.13,พันคน,สำนักงานสถิติแห่งชาติ
2561,ไตรมาสที่ 3,คนงานซึ่งมิได้จำแนกไว้ในหมวดอื่น,1330,ภาคตะวันออกเฉียงเหนือ,0.32,พันคน,สำนักงานสถิติแห่งชาติ
2561,ไตรมาสที่ 3,ผู้บัญญัติกฎหมาย ข้าราชการระดับอาวุโสและผู้จัดการ,1331,ภาคใต้,115.27,พันคน,สำนักงานสถิติแห่งชาติ
2561,ไตรมาสที่ 3,ผู้ประกอบวิชาชีพด้านต่างๆ,1332,ภาคใต้,227.28,พันคน,สำนักงานสถิติแห่งชาติ
2561,ไตรมาสที่ 3,ผู้ประกอบวิชาชีพด้านเทคนิคสาขาต่าง ๆ และอาชีพที่เกี่ยวข้อง,1333,ภาคใต้,158.78,พันคน,สำนักงานสถิติแห่งชาติ
2561,ไตรมาสที่ 3,เสมียน,1334,ภาคใต้,171.01,พันคน,สำนักงานสถิติแห่งชาติ
2561,ไตรมาสที่ 3,พนักงานบริการและพนักงานในร้านค้าและตลาด,1335,ภาคใต้,1081.41,พันคน,สำนักงานสถิติแห่งชาติ
2561,ไตรมาสที่ 3,ผู้ปฏิบัติงานที่มีฝีมือในด้านการเกษตรและการประมง,1336,ภาคใต้,2057.11,พันคน,สำนักงานสถิติแห่งชาติ
2561,ไตรมาสที่ 3,ผู้ปฏิบัติงานด้านความสามารถทางฝีมือและธุรกิจการค้าที่เกี่ยวข้อง,1337,ภาคใต้,527.47,พันคน,สำนักงานสถิติแห่งชาติ
2561,ไตรมาสที่ 3,ผู้ปฏิบัติการโรงงานและเครื่องจักรและผู้ปฏิบัติงานด้านการประกอบ,1338,ภาคใต้,232.76,พันคน,สำนักงานสถิติแห่งชาติ
2561,ไตรมาสที่ 3,อาชีพขั้นพื้นฐานต่างๆ ในด้านการขายและการให้บริการ,1339,ภาคใต้,543.51,พันคน,สำนักงานสถิติแห่งชาติ
2561,ไตรมาสที่ 3,คนงานซึ่งมิได้จำแนกไว้ในหมวดอื่น,1340,ภาคใต้,0.25,พันคน,สำนักงานสถิติแห่งชาติ
2561,ไตรมาสที่ 4,ผู้บัญญัติกฎหมาย ข้าราชการระดับอาวุโสและผู้จัดการ,1341,กรุงเทพมหานคร,408.38,พันคน,สำนักงานสถิติแห่งชาติ
2561,ไตรมาสที่ 4,ผู้ประกอบวิชาชีพด้านต่างๆ,1342,กรุงเทพมหานคร,569.33,พันคน,สำนักงานสถิติแห่งชาติ
2561,ไตรมาสที่ 4,ผู้ประกอบวิชาชีพด้านเทคนิคสาขาต่าง ๆ และอาชีพที่เกี่ยวข้อง,1343,กรุงเทพมหานคร,629.57,พันคน,สำนักงานสถิติแห่งชาติ
2561,ไตรมาสที่ 4,เสมียน,1344,กรุงเทพมหานคร,422.71,พันคน,สำนักงานสถิติแห่งชาติ
2561,ไตรมาสที่ 4,พนักงานบริการและพนักงานในร้านค้าและตลาด,1345,กรุงเทพมหานคร,1452.64,พันคน,สำนักงานสถิติแห่งชาติ
2561,ไตรมาสที่ 4,ผู้ปฏิบัติงานที่มีฝีมือในด้านการเกษตรและการประมง,1346,กรุงเทพมหานคร,28.3,พันคน,สำนักงานสถิติแห่งชาติ
2561,ไตรมาสที่ 4,ผู้ปฏิบัติงานด้านความสามารถทางฝีมือและธุรกิจการค้าที่เกี่ยวข้อง,1347,กรุงเทพมหานคร,581.23,พันคน,สำนักงานสถิติแห่งชาติ
2561,ไตรมาสที่ 4,ผู้ปฏิบัติการโรงงานและเครื่องจักรและผู้ปฏิบัติงานด้านการประกอบ,1348,กรุงเทพมหานคร,645.85,พันคน,สำนักงานสถิติแห่งชาติ
2561,ไตรมาสที่ 4,อาชีพขั้นพื้นฐานต่างๆ ในด้านการขายและการให้บริการ,1349,กรุงเทพมหานคร,497.3,พันคน,สำนักงานสถิติแห่งชาติ
2561,ไตรมาสที่ 4,คนงานซึ่งมิได้จำแนกไว้ในหมวดอื่น,1350,กรุงเทพมหานคร,36.13,พันคน,สำนักงานสถิติแห่งชาติ
2561,ไตรมาสที่ 4,ผู้บัญญัติกฎหมาย ข้าราชการระดับอาวุโสและผู้จัดการ,1351,ภาคกลาง,445.8,พันคน,สำนักงานสถิติแห่งชาติ
2561,ไตรมาสที่ 4,ผู้ประกอบวิชาชีพด้านต่างๆ,1352,ภาคกลาง,595.95,พันคน,สำนักงานสถิติแห่งชาติ
2561,ไตรมาสที่ 4,ผู้ประกอบวิชาชีพด้านเทคนิคสาขาต่าง ๆ และอาชีพที่เกี่ยวข้อง,1353,ภาคกลาง,637.72,พันคน,สำนักงานสถิติแห่งชาติ
2561,ไตรมาสที่ 4,เสมียน,1354,ภาคกลาง,612.79,พันคน,สำนักงานสถิติแห่งชาติ
2561,ไตรมาสที่ 4,พนักงานบริการและพนักงานในร้านค้าและตลาด,1355,ภาคกลาง,2483.71,พันคน,สำนักงานสถิติแห่งชาติ
2561,ไตรมาสที่ 4,ผู้ปฏิบัติงานที่มีฝีมือในด้านการเกษตรและการประมง,1356,ภาคกลาง,1736.76,พันคน,สำนักงานสถิติแห่งชาติ
2561,ไตรมาสที่ 4,ผู้ปฏิบัติงานด้านความสามารถทางฝีมือและธุรกิจการค้าที่เกี่ยวข้อง,1357,ภาคกลาง,1597.54,พันคน,สำนักงานสถิติแห่งชาติ
2561,ไตรมาสที่ 4,ผู้ปฏิบัติการโรงงานและเครื่องจักรและผู้ปฏิบัติงานด้านการประกอบ,1358,ภาคกลาง,2156.11,พันคน,สำนักงานสถิติแห่งชาติ
2561,ไตรมาสที่ 4,อาชีพขั้นพื้นฐานต่างๆ ในด้านการขายและการให้บริการ,1359,ภาคกลาง,1471.8,พันคน,สำนักงานสถิติแห่งชาติ
2561,ไตรมาสที่ 4,คนงานซึ่งมิได้จำแนกไว้ในหมวดอื่น,1360,ภาคกลาง,6.24,พันคน,สำนักงานสถิติแห่งชาติ
2561,ไตรมาสที่ 4,ผู้บัญญัติกฎหมาย ข้าราชการระดับอาวุโสและผู้จัดการ,1361,ภาคเหนือ,141.85,พันคน,สำนักงานสถิติแห่งชาติ
2562,ไตรมาสที่ 1,อาชีพขั้นพื้นฐานต่างๆ ในด้านการขายและการให้บริการ,1362,กรุงเทพมหานคร,502.46,พันคน,สำนักงานสถิติแห่งชาติ
2562,ไตรมาสที่ 1,คนงานซึ่งมิได้จำแนกไว้ในหมวดอื่น,1363,กรุงเทพมหานคร,58.26,พันคน,สำนักงานสถิติแห่งชาติ
2562,ไตรมาสที่ 1,ผู้บัญญัติกฎหมาย ข้าราชการระดับอาวุโสและผู้จัดการ,1364,ภาคกลาง,443.35,พันคน,สำนักงานสถิติแห่งชาติ
2562,ไตรมาสที่ 1,ผู้ประกอบวิชาชีพด้านต่างๆ,1365,ภาคกลาง,644.1,พันคน,สำนักงานสถิติแห่งชาติ
2562,ไตรมาสที่ 1,ผู้ประกอบวิชาชีพด้านเทคนิคสาขาต่าง ๆ และอาชีพที่เกี่ยวข้อง,1366,ภาคกลาง,659.86,พันคน,สำนักงานสถิติแห่งชาติ
2562,ไตรมาสที่ 1,เสมียน,1367,ภาคกลาง,651.06,พันคน,สำนักงานสถิติแห่งชาติ
2562,ไตรมาสที่ 1,พนักงานบริการและพนักงานในร้านค้าและตลาด,1368,ภาคกลาง,2465.73,พันคน,สำนักงานสถิติแห่งชาติ
2562,ไตรมาสที่ 1,ผู้ปฏิบัติงานที่มีฝีมือในด้านการเกษตรและการประมง,1369,ภาคกลาง,1701.64,พันคน,สำนักงานสถิติแห่งชาติ
2562,ไตรมาสที่ 1,ผู้ปฏิบัติงานด้านความสามารถทางฝีมือและธุรกิจการค้าที่เกี่ยวข้อง,1370,ภาคกลาง,1589.8,พันคน,สำนักงานสถิติแห่งชาติ
2562,ไตรมาสที่ 1,ผู้ปฏิบัติการโรงงานและเครื่องจักรและผู้ปฏิบัติงานด้านการประกอบ,1371,ภาคกลาง,2139.02,พันคน,สำนักงานสถิติแห่งชาติ
2562,ไตรมาสที่ 1,อาชีพขั้นพื้นฐานต่างๆ ในด้านการขายและการให้บริการ,1372,ภาคกลาง,1560.34,พันคน,สำนักงานสถิติแห่งชาติ
2562,ไตรมาสที่ 1,คนงานซึ่งมิได้จำแนกไว้ในหมวดอื่น,1373,ภาคกลาง,9.54,พันคน,สำนักงานสถิติแห่งชาติ
2562,ไตรมาสที่ 1,ผู้บัญญัติกฎหมาย ข้าราชการระดับอาวุโสและผู้จัดการ,1374,ภาคเหนือ,134.51,พันคน,สำนักงานสถิติแห่งชาติ
2562,ไตรมาสที่ 1,ผู้ประกอบวิชาชีพด้านต่างๆ,1375,ภาคเหนือ,294.2,พันคน,สำนักงานสถิติแห่งชาติ
2562,ไตรมาสที่ 1,ผู้ประกอบวิชาชีพด้านเทคนิคสาขาต่าง ๆ และอาชีพที่เกี่ยวข้อง,1376,ภาคเหนือ,176.11,พันคน,สำนักงานสถิติแห่งชาติ
2562,ไตรมาสที่ 1,เสมียน,1377,ภาคเหนือ,194.79,พันคน,สำนักงานสถิติแห่งชาติ
2562,ไตรมาสที่ 1,พนักงานบริการและพนักงานในร้านค้าและตลาด,1378,ภาคเหนือ,1109.77,พันคน,สำนักงานสถิติแห่งชาติ
2562,ไตรมาสที่ 1,ผู้ปฏิบัติงานที่มีฝีมือในด้านการเกษตรและการประมง,1379,ภาคเหนือ,2312.89,พันคน,สำนักงานสถิติแห่งชาติ
2562,ไตรมาสที่ 1,ผู้ปฏิบัติงานด้านความสามารถทางฝีมือและธุรกิจการค้าที่เกี่ยวข้อง,1380,ภาคเหนือ,743.84,พันคน,สำนักงานสถิติแห่งชาติ
2562,ไตรมาสที่ 1,ผู้ปฏิบัติการโรงงานและเครื่องจักรและผู้ปฏิบัติงานด้านการประกอบ,1381,ภาคเหนือ,314.16,พันคน,สำนักงานสถิติแห่งชาติ
2562,ไตรมาสที่ 1,อาชีพขั้นพื้นฐานต่างๆ ในด้านการขายและการให้บริการ,1382,ภาคเหนือ,969.25,พันคน,สำนักงานสถิติแห่งชาติ
2562,ไตรมาสที่ 1,คนงานซึ่งมิได้จำแนกไว้ในหมวดอื่น,1383,ภาคเหนือ,0.0,พันคน,สำนักงานสถิติแห่งชาติ
2562,ไตรมาสที่ 1,ผู้บัญญัติกฎหมาย ข้าราชการระดับอาวุโสและผู้จัดการ,1384,ภาคตะวันออกเฉียงเหนือ,287.39,พันคน,สำนักงานสถิติแห่งชาติ
2562,ไตรมาสที่ 1,ผู้ประกอบวิชาชีพด้านต่างๆ,1385,ภาคตะวันออกเฉียงเหนือ,402.97,พันคน,สำนักงานสถิติแห่งชาติ
2562,ไตรมาสที่ 1,ผู้ประกอบวิชาชีพด้านเทคนิคสาขาต่าง ๆ และอาชีพที่เกี่ยวข้อง,1386,ภาคตะวันออกเฉียงเหนือ,192.4,พันคน,สำนักงานสถิติแห่งชาติ
2562,ไตรมาสที่ 1,เสมียน,1387,ภาคตะวันออกเฉียงเหนือ,244.89,พันคน,สำนักงานสถิติแห่งชาติ
2562,ไตรมาสที่ 1,พนักงานบริการและพนักงานในร้านค้าและตลาด,1388,ภาคตะวันออกเฉียงเหนือ,1572.74,พันคน,สำนักงานสถิติแห่งชาติ
2562,ไตรมาสที่ 1,ผู้ปฏิบัติงานที่มีฝีมือในด้านการเกษตรและการประมง,1389,ภาคตะวันออกเฉียงเหนือ,3766.24,พันคน,สำนักงานสถิติแห่งชาติ
2562,ไตรมาสที่ 1,ผู้ปฏิบัติงานด้านความสามารถทางฝีมือและธุรกิจการค้าที่เกี่ยวข้อง,1390,ภาคตะวันออกเฉียงเหนือ,978.79,พันคน,สำนักงานสถิติแห่งชาติ
2562,ไตรมาสที่ 1,ผู้ปฏิบัติการโรงงานและเครื่องจักรและผู้ปฏิบัติงานด้านการประกอบ,1391,ภาคตะวันออกเฉียงเหนือ,524.4,พันคน,สำนักงานสถิติแห่งชาติ
2562,ไตรมาสที่ 1,อาชีพขั้นพื้นฐานต่างๆ ในด้านการขายและการให้บริการ,1392,ภาคตะวันออกเฉียงเหนือ,1197.51,พันคน,สำนักงานสถิติแห่งชาติ
2562,ไตรมาสที่ 1,คนงานซึ่งมิได้จำแนกไว้ในหมวดอื่น,1393,ภาคตะวันออกเฉียงเหนือ,0.0,พันคน,สำนักงานสถิติแห่งชาติ
2562,ไตรมาสที่ 1,ผู้บัญญัติกฎหมาย ข้าราชการระดับอาวุโสและผู้จัดการ,1394,ภาคใต้,136.61,พันคน,สำนักงานสถิติแห่งชาติ
2562,ไตรมาสที่ 1,ผู้ประกอบวิชาชีพด้านต่างๆ,1395,ภาคใต้,236.51,พันคน,สำนักงานสถิติแห่งชาติ
2562,ไตรมาสที่ 1,ผู้ประกอบวิชาชีพด้านเทคนิคสาขาต่าง ๆ และอาชีพที่เกี่ยวข้อง,1396,ภาคใต้,157.17,พันคน,สำนักงานสถิติแห่งชาติ
2562,ไตรมาสที่ 2,ผู้บัญญัติกฎหมาย ข้าราชการระดับอาวุโสและผู้จัดการ,1397,ภาคตะวันออกเฉียงเหนือ,282.38,พันคน,สำนักงานสถิติแห่งชาติ
2562,ไตรมาสที่ 2,ผู้ประกอบวิชาชีพด้านต่างๆ,1398,ภาคตะวันออกเฉียงเหนือ,378.58,พันคน,สำนักงานสถิติแห่งชาติ
2562,ไตรมาสที่ 2,ผู้ประกอบวิชาชีพด้านเทคนิคสาขาต่าง ๆ และอาชีพที่เกี่ยวข้อง,1399,ภาคตะวันออกเฉียงเหนือ,196.25,พันคน,สำนักงานสถิติแห่งชาติ
2562,ไตรมาสที่ 2,เสมียน,1400,ภาคตะวันออกเฉียงเหนือ,228.78,พันคน,สำนักงานสถิติแห่งชาติ
2562,ไตรมาสที่ 2,พนักงานบริการและพนักงานในร้านค้าและตลาด,1401,ภาคตะวันออกเฉียงเหนือ,1536.71,พันคน,สำนักงานสถิติแห่งชาติ
2562,ไตรมาสที่ 2,ผู้ปฏิบัติงานที่มีฝีมือในด้านการเกษตรและการประมง,1402,ภาคตะวันออกเฉียงเหนือ,4444.44,พันคน,สำนักงานสถิติแห่งชาติ
2562,ไตรมาสที่ 2,ผู้ปฏิบัติงานด้านความสามารถทางฝีมือและธุรกิจการค้าที่เกี่ยวข้อง,1403,ภาคตะวันออกเฉียงเหนือ,914.55,พันคน,สำนักงานสถิติแห่งชาติ
2562,ไตรมาสที่ 2,ผู้ปฏิบัติการโรงงานและเครื่องจักรและผู้ปฏิบัติงานด้านการประกอบ,1404,ภาคตะวันออกเฉียงเหนือ,468.04,พันคน,สำนักงานสถิติแห่งชาติ
2562,ไตรมาสที่ 2,อาชีพขั้นพื้นฐานต่างๆ ในด้านการขายและการให้บริการ,1405,ภาคตะวันออกเฉียงเหนือ,908.93,พันคน,สำนักงานสถิติแห่งชาติ
2562,ไตรมาสที่ 2,คนงานซึ่งมิได้จำแนกไว้ในหมวดอื่น,1406,ภาคตะวันออกเฉียงเหนือ,0.0,พันคน,สำนักงานสถิติแห่งชาติ
2562,ไตรมาสที่ 2,ผู้บัญญัติกฎหมาย ข้าราชการระดับอาวุโสและผู้จัดการ,1407,ภาคใต้,122.77,พันคน,สำนักงานสถิติแห่งชาติ
2562,ไตรมาสที่ 2,ผู้ประกอบวิชาชีพด้านต่างๆ,1408,ภาคใต้,238.34,พันคน,สำนักงานสถิติแห่งชาติ
2562,ไตรมาสที่ 2,ผู้ประกอบวิชาชีพด้านเทคนิคสาขาต่าง ๆ และอาชีพที่เกี่ยวข้อง,1409,ภาคใต้,155.36,พันคน,สำนักงานสถิติแห่งชาติ
2562,ไตรมาสที่ 2,เสมียน,1410,ภาคใต้,160.07,พันคน,สำนักงานสถิติแห่งชาติ
2562,ไตรมาสที่ 2,พนักงานบริการและพนักงานในร้านค้าและตลาด,1411,ภาคใต้,1089.75,พันคน,สำนักงานสถิติแห่งชาติ
2562,ไตรมาสที่ 2,ผู้ปฏิบัติงานที่มีฝีมือในด้านการเกษตรและการประมง,1412,ภาคใต้,1988.09,พันคน,สำนักงานสถิติแห่งชาติ
2562,ไตรมาสที่ 2,ผู้ปฏิบัติงานด้านความสามารถทางฝีมือและธุรกิจการค้าที่เกี่ยวข้อง,1413,ภาคใต้,548.29,พันคน,สำนักงานสถิติแห่งชาติ
2562,ไตรมาสที่ 2,ผู้ปฏิบัติการโรงงานและเครื่องจักรและผู้ปฏิบัติงานด้านการประกอบ,1414,ภาคใต้,233.43,พันคน,สำนักงานสถิติแห่งชาติ
2562,ไตรมาสที่ 2,อาชีพขั้นพื้นฐานต่างๆ ในด้านการขายและการให้บริการ,1415,ภาคใต้,620.06,พันคน,สำนักงานสถิติแห่งชาติ
2562,ไตรมาสที่ 2,คนงานซึ่งมิได้จำแนกไว้ในหมวดอื่น,1416,ภาคใต้,3.11,พันคน,สำนักงานสถิติแห่งชาติ
2562,ไตรมาสที่ 3,ผู้บัญญัติกฎหมาย ข้าราชการระดับอาวุโสและผู้จัดการ,1417,กรุงเทพมหานคร,434.74,พันคน,สำนักงานสถิติแห่งชาติ
2562,ไตรมาสที่ 3,ผู้ประกอบวิชาชีพด้านต่างๆ,1418,กรุงเทพมหานคร,593.41,พันคน,สำนักงานสถิติแห่งชาติ
2562,ไตรมาสที่ 3,ผู้ประกอบวิชาชีพด้านเทคนิคสาขาต่าง ๆ และอาชีพที่เกี่ยวข้อง,1419,กรุงเทพมหานคร,495.45,พันคน,สำนักงานสถิติแห่งชาติ
2562,ไตรมาสที่ 3,เสมียน,1420,กรุงเทพมหานคร,440.37,พันคน,สำนักงานสถิติแห่งชาติ
2562,ไตรมาสที่ 3,พนักงานบริการและพนักงานในร้านค้าและตลาด,1421,กรุงเทพมหานคร,1448.09,พันคน,สำนักงานสถิติแห่งชาติ
2562,ไตรมาสที่ 3,ผู้ปฏิบัติงานที่มีฝีมือในด้านการเกษตรและการประมง,1422,กรุงเทพมหานคร,33.05,พันคน,สำนักงานสถิติแห่งชาติ
2562,ไตรมาสที่ 3,ผู้ปฏิบัติงานด้านความสามารถทางฝีมือและธุรกิจการค้าที่เกี่ยวข้อง,1423,กรุงเทพมหานคร,585.48,พันคน,สำนักงานสถิติแห่งชาติ
2562,ไตรมาสที่ 3,ผู้ปฏิบัติการโรงงานและเครื่องจักรและผู้ปฏิบัติงานด้านการประกอบ,1424,กรุงเทพมหานคร,649.15,พันคน,สำนักงานสถิติแห่งชาติ
2562,ไตรมาสที่ 3,อาชีพขั้นพื้นฐานต่างๆ ในด้านการขายและการให้บริการ,1425,กรุงเทพมหานคร,508.66,พันคน,สำนักงานสถิติแห่งชาติ
2562,ไตรมาสที่ 3,คนงานซึ่งมิได้จำแนกไว้ในหมวดอื่น,1426,กรุงเทพมหานคร,57.7,พันคน,สำนักงานสถิติแห่งชาติ
2562,ไตรมาสที่ 3,ผู้บัญญัติกฎหมาย ข้าราชการระดับอาวุโสและผู้จัดการ,1427,ภาคกลาง,462.75,พันคน,สำนักงานสถิติแห่งชาติ
2562,ไตรมาสที่ 3,ผู้ประกอบวิชาชีพด้านต่างๆ,1428,ภาคกลาง,581.71,พันคน,สำนักงานสถิติแห่งชาติ
2562,ไตรมาสที่ 3,ผู้ประกอบวิชาชีพด้านเทคนิคสาขาต่าง ๆ และอาชีพที่เกี่ยวข้อง,1429,ภาคกลาง,616.95,พันคน,สำนักงานสถิติแห่งชาติ
2562,ไตรมาสที่ 3,เสมียน,1430,ภาคกลาง,649.05,พันคน,สำนักงานสถิติแห่งชาติ
2562,ไตรมาสที่ 3,พนักงานบริการและพนักงานในร้านค้าและตลาด,1431,ภาคกลาง,2535.53,พันคน,สำนักงานสถิติแห่งชาติ
2562,ไตรมาสที่ 4,ผู้ประกอบวิชาชีพด้านเทคนิคสาขาต่าง ๆ และอาชีพที่เกี่ยวข้อง,1432,กรุงเทพมหานคร,521.1,พันคน,สำนักงานสถิติแห่งชาติ
2562,ไตรมาสที่ 4,เสมียน,1433,กรุงเทพมหานคร,480.21,พันคน,สำนักงานสถิติแห่งชาติ
2562,ไตรมาสที่ 4,พนักงานบริการและพนักงานในร้านค้าและตลาด,1434,กรุงเทพมหานคร,1379.67,พันคน,สำนักงานสถิติแห่งชาติ
2562,ไตรมาสที่ 4,ผู้ปฏิบัติงานที่มีฝีมือในด้านการเกษตรและการประมง,1435,กรุงเทพมหานคร,38.98,พันคน,สำนักงานสถิติแห่งชาติ
2562,ไตรมาสที่ 4,ผู้ปฏิบัติงานด้านความสามารถทางฝีมือและธุรกิจการค้าที่เกี่ยวข้อง,1436,กรุงเทพมหานคร,596.56,พันคน,สำนักงานสถิติแห่งชาติ
2562,ไตรมาสที่ 4,ผู้ปฏิบัติการโรงงานและเครื่องจักรและผู้ปฏิบัติงานด้านการประกอบ,1437,กรุงเทพมหานคร,648.09,พันคน,สำนักงานสถิติแห่งชาติ
2562,ไตรมาสที่ 4,อาชีพขั้นพื้นฐานต่างๆ ในด้านการขายและการให้บริการ,1438,กรุงเทพมหานคร,497.31,พันคน,สำนักงานสถิติแห่งชาติ
2562,ไตรมาสที่ 4,คนงานซึ่งมิได้จำแนกไว้ในหมวดอื่น,1439,กรุงเทพมหานคร,43.65,พันคน,สำนักงานสถิติแห่งชาติ
2562,ไตรมาสที่ 4,ผู้บัญญัติกฎหมาย ข้าราชการระดับอาวุโสและผู้จัดการ,1440,ภาคกลาง,431.73,พันคน,สำนักงานสถิติแห่งชาติ
2562,ไตรมาสที่ 4,ผู้ประกอบวิชาชีพด้านต่างๆ,1441,ภาคกลาง,618.48,พันคน,สำนักงานสถิติแห่งชาติ
2562,ไตรมาสที่ 4,ผู้ประกอบวิชาชีพด้านเทคนิคสาขาต่าง ๆ และอาชีพที่เกี่ยวข้อง,1442,ภาคกลาง,649.56,พันคน,สำนักงานสถิติแห่งชาติ
2562,ไตรมาสที่ 4,เสมียน,1443,ภาคกลาง,665.94,พันคน,สำนักงานสถิติแห่งชาติ
2562,ไตรมาสที่ 4,พนักงานบริการและพนักงานในร้านค้าและตลาด,1444,ภาคกลาง,2545.18,พันคน,สำนักงานสถิติแห่งชาติ
2562,ไตรมาสที่ 4,ผู้ปฏิบัติงานที่มีฝีมือในด้านการเกษตรและการประมง,1445,ภาคกลาง,1747.22,พันคน,สำนักงานสถิติแห่งชาติ
2562,ไตรมาสที่ 4,ผู้ปฏิบัติงานด้านความสามารถทางฝีมือและธุรกิจการค้าที่เกี่ยวข้อง,1446,ภาคกลาง,1616.21,พันคน,สำนักงานสถิติแห่งชาติ
2562,ไตรมาสที่ 4,ผู้ปฏิบัติการโรงงานและเครื่องจักรและผู้ปฏิบัติงานด้านการประกอบ,1447,ภาคกลาง,2060.61,พันคน,สำนักงานสถิติแห่งชาติ
2562,ไตรมาสที่ 4,อาชีพขั้นพื้นฐานต่างๆ ในด้านการขายและการให้บริการ,1448,ภาคกลาง,1457.42,พันคน,สำนักงานสถิติแห่งชาติ
2562,ไตรมาสที่ 4,คนงานซึ่งมิได้จำแนกไว้ในหมวดอื่น,1449,ภาคกลาง,11.46,พันคน,สำนักงานสถิติแห่งชาติ
2562,ไตรมาสที่ 4,ผู้บัญญัติกฎหมาย ข้าราชการระดับอาวุโสและผู้จัดการ,1450,ภาคเหนือ,115.41,พันคน,สำนักงานสถิติแห่งชาติ
2562,ไตรมาสที่ 4,ผู้ประกอบวิชาชีพด้านต่างๆ,1451,ภาคเหนือ,253.75,พันคน,สำนักงานสถิติแห่งชาติ
2562,ไตรมาสที่ 4,ผู้ประกอบวิชาชีพด้านเทคนิคสาขาต่าง ๆ และอาชีพที่เกี่ยวข้อง,1452,ภาคเหนือ,170.75,พันคน,สำนักงานสถิติแห่งชาติ
2562,ไตรมาสที่ 4,เสมียน,1453,ภาคเหนือ,178.51,พันคน,สำนักงานสถิติแห่งชาติ
2562,ไตรมาสที่ 4,พนักงานบริการและพนักงานในร้านค้าและตลาด,1454,ภาคเหนือ,1113.53,พันคน,สำนักงานสถิติแห่งชาติ
2562,ไตรมาสที่ 4,ผู้ปฏิบัติงานที่มีฝีมือในด้านการเกษตรและการประมง,1455,ภาคเหนือ,2546.62,พันคน,สำนักงานสถิติแห่งชาติ
2562,ไตรมาสที่ 4,ผู้ปฏิบัติงานด้านความสามารถทางฝีมือและธุรกิจการค้าที่เกี่ยวข้อง,1456,ภาคเหนือ,685.92,พันคน,สำนักงานสถิติแห่งชาติ
2562,ไตรมาสที่ 4,ผู้ปฏิบัติการโรงงานและเครื่องจักรและผู้ปฏิบัติงานด้านการประกอบ,1457,ภาคเหนือ,299.27,พันคน,สำนักงานสถิติแห่งชาติ
2562,ไตรมาสที่ 4,อาชีพขั้นพื้นฐานต่างๆ ในด้านการขายและการให้บริการ,1458,ภาคเหนือ,740.28,พันคน,สำนักงานสถิติแห่งชาติ
2562,ไตรมาสที่ 4,คนงานซึ่งมิได้จำแนกไว้ในหมวดอื่น,1459,ภาคเหนือ,0.0,พันคน,สำนักงานสถิติแห่งชาติ
2562,ไตรมาสที่ 4,ผู้บัญญัติกฎหมาย ข้าราชการระดับอาวุโสและผู้จัดการ,1460,ภาคตะวันออกเฉียงเหนือ,259.75,พันคน,สำนักงานสถิติแห่งชาติ
2562,ไตรมาสที่ 4,ผู้ประกอบวิชาชีพด้านต่างๆ,1461,ภาคตะวันออกเฉียงเหนือ,371.32,พันคน,สำนักงานสถิติแห่งชาติ
2562,ไตรมาสที่ 4,ผู้ประกอบวิชาชีพด้านเทคนิคสาขาต่าง ๆ และอาชีพที่เกี่ยวข้อง,1462,ภาคตะวันออกเฉียงเหนือ,168.54,พันคน,สำนักงานสถิติแห่งชาติ
2562,ไตรมาสที่ 4,เสมียน,1463,ภาคตะวันออกเฉียงเหนือ,220.75,พันคน,สำนักงานสถิติแห่งชาติ
2562,ไตรมาสที่ 4,พนักงานบริการและพนักงานในร้านค้าและตลาด,1464,ภาคตะวันออกเฉียงเหนือ,1429.88,พันคน,สำนักงานสถิติแห่งชาติ
2562,ไตรมาสที่ 4,ผู้ปฏิบัติงานที่มีฝีมือในด้านการเกษตรและการประมง,1465,ภาคตะวันออกเฉียงเหนือ,4887.13,พันคน,สำนักงานสถิติแห่งชาติ
2562,ไตรมาสที่ 4,ผู้ปฏิบัติงานด้านความสามารถทางฝีมือและธุรกิจการค้าที่เกี่ยวข้อง,1466,ภาคตะวันออกเฉียงเหนือ,725.48,พันคน,สำนักงานสถิติแห่งชาติ
2563,ไตรมาสที่ 1,ผู้ปฏิบัติงานที่มีฝีมือในด้านการเกษตรและการประมง,1467,ภาคเหนือ,2132.4,พันคน,สำนักงานสถิติแห่งชาติ
2563,ไตรมาสที่ 1,ผู้ปฏิบัติงานด้านความสามารถทางฝีมือและธุรกิจการค้าที่เกี่ยวข้อง,1468,ภาคเหนือ,733.9,พันคน,สำนักงานสถิติแห่งชาติ
2563,ไตรมาสที่ 1,ผู้ปฏิบัติการโรงงานและเครื่องจักรและผู้ปฏิบัติงานด้านการประกอบ,1469,ภาคเหนือ,331.6,พันคน,สำนักงานสถิติแห่งชาติ
2563,ไตรมาสที่ 1,อาชีพขั้นพื้นฐานต่างๆ ในด้านการขายและการให้บริการ,1470,ภาคเหนือ,844.9,พันคน,สำนักงานสถิติแห่งชาติ
2563,ไตรมาสที่ 1,คนงานซึ่งมิได้จำแนกไว้ในหมวดอื่น,1471,ภาคเหนือ,0.0,พันคน,สำนักงานสถิติแห่งชาติ
2563,ไตรมาสที่ 1,ผู้บัญญัติกฎหมาย ข้าราชการระดับอาวุโสและผู้จัดการ,1472,ภาคตะวันออกเฉียงเหนือ,308.6,พันคน,สำนักงานสถิติแห่งชาติ
2563,ไตรมาสที่ 1,ผู้ประกอบวิชาชีพด้านต่างๆ,1473,ภาคตะวันออกเฉียงเหนือ,459.8,พันคน,สำนักงานสถิติแห่งชาติ
2563,ไตรมาสที่ 1,ผู้ประกอบวิชาชีพด้านเทคนิคสาขาต่าง ๆ และอาชีพที่เกี่ยวข้อง,1474,ภาคตะวันออกเฉียงเหนือ,198.8,พันคน,สำนักงานสถิติแห่งชาติ
2563,ไตรมาสที่ 1,เสมียน,1475,ภาคตะวันออกเฉียงเหนือ,198.9,พันคน,สำนักงานสถิติแห่งชาติ
2563,ไตรมาสที่ 1,พนักงานบริการและพนักงานในร้านค้าและตลาด,1476,ภาคตะวันออกเฉียงเหนือ,1579.6,พันคน,สำนักงานสถิติแห่งชาติ
2563,ไตรมาสที่ 1,ผู้ปฏิบัติงานที่มีฝีมือในด้านการเกษตรและการประมง,1477,ภาคตะวันออกเฉียงเหนือ,3811.1,พันคน,สำนักงานสถิติแห่งชาติ
2563,ไตรมาสที่ 1,ผู้ปฏิบัติงานด้านความสามารถทางฝีมือและธุรกิจการค้าที่เกี่ยวข้อง,1478,ภาคตะวันออกเฉียงเหนือ,936.6,พันคน,สำนักงานสถิติแห่งชาติ
2563,ไตรมาสที่ 1,ผู้ปฏิบัติการโรงงานและเครื่องจักรและผู้ปฏิบัติงานด้านการประกอบ,1479,ภาคตะวันออกเฉียงเหนือ,447.4,พันคน,สำนักงานสถิติแห่งชาติ
2563,ไตรมาสที่ 1,อาชีพขั้นพื้นฐานต่างๆ ในด้านการขายและการให้บริการ,1480,ภาคตะวันออกเฉียงเหนือ,1055.2,พันคน,สำนักงานสถิติแห่งชาติ
2563,ไตรมาสที่ 1,คนงานซึ่งมิได้จำแนกไว้ในหมวดอื่น,1481,ภาคตะวันออกเฉียงเหนือ,0.0,พันคน,สำนักงานสถิติแห่งชาติ
2563,ไตรมาสที่ 1,ผู้บัญญัติกฎหมาย ข้าราชการระดับอาวุโสและผู้จัดการ,1482,ภาคใต้,139.1,พันคน,สำนักงานสถิติแห่งชาติ
2563,ไตรมาสที่ 1,ผู้ประกอบวิชาชีพด้านต่างๆ,1483,ภาคใต้,251.9,พันคน,สำนักงานสถิติแห่งชาติ
2563,ไตรมาสที่ 1,ผู้ประกอบวิชาชีพด้านเทคนิคสาขาต่าง ๆ และอาชีพที่เกี่ยวข้อง,1484,ภาคใต้,182.5,พันคน,สำนักงานสถิติแห่งชาติ
2563,ไตรมาสที่ 1,เสมียน,1485,ภาคใต้,178.5,พันคน,สำนักงานสถิติแห่งชาติ
2563,ไตรมาสที่ 1,พนักงานบริการและพนักงานในร้านค้าและตลาด,1486,ภาคใต้,1094.1,พันคน,สำนักงานสถิติแห่งชาติ
2563,ไตรมาสที่ 1,ผู้ปฏิบัติงานที่มีฝีมือในด้านการเกษตรและการประมง,1487,ภาคใต้,2092.8,พันคน,สำนักงานสถิติแห่งชาติ
2563,ไตรมาสที่ 1,ผู้ปฏิบัติงานด้านความสามารถทางฝีมือและธุรกิจการค้าที่เกี่ยวข้อง,1488,ภาคใต้,495.1,พันคน,สำนักงานสถิติแห่งชาติ
2563,ไตรมาสที่ 1,ผู้ปฏิบัติการโรงงานและเครื่องจักรและผู้ปฏิบัติงานด้านการประกอบ,1489,ภาคใต้,228.0,พันคน,สำนักงานสถิติแห่งชาติ
2563,ไตรมาสที่ 1,อาชีพขั้นพื้นฐานต่างๆ ในด้านการขายและการให้บริการ,1490,ภาคใต้,553.3,พันคน,สำนักงานสถิติแห่งชาติ
2563,ไตรมาสที่ 1,คนงานซึ่งมิได้จำแนกไว้ในหมวดอื่น,1491,ภาคใต้,0.2,พันคน,สำนักงานสถิติแห่งชาติ
2563,ไตรมาสที่ 2,ผู้บัญญัติกฎหมาย ข้าราชการระดับอาวุโสและผู้จัดการ,1492,กรุงเทพมหานคร,435.7,พันคน,สำนักงานสถิติแห่งชาติ
2563,ไตรมาสที่ 2,ผู้ประกอบวิชาชีพด้านต่างๆ,1493,กรุงเทพมหานคร,645.0,พันคน,สำนักงานสถิติแห่งชาติ
2563,ไตรมาสที่ 2,ผู้ประกอบวิชาชีพด้านเทคนิคสาขาต่าง ๆ และอาชีพที่เกี่ยวข้อง,1494,กรุงเทพมหานคร,589.5,พันคน,สำนักงานสถิติแห่งชาติ
2563,ไตรมาสที่ 2,เสมียน,1495,กรุงเทพมหานคร,397.5,พันคน,สำนักงานสถิติแห่งชาติ
2563,ไตรมาสที่ 2,พนักงานบริการและพนักงานในร้านค้าและตลาด,1496,กรุงเทพมหานคร,1379.0,พันคน,สำนักงานสถิติแห่งชาติ
2563,ไตรมาสที่ 2,ผู้ปฏิบัติงานที่มีฝีมือในด้านการเกษตรและการประมง,1497,กรุงเทพมหานคร,25.2,พันคน,สำนักงานสถิติแห่งชาติ
2563,ไตรมาสที่ 2,ผู้ปฏิบัติงานด้านความสามารถทางฝีมือและธุรกิจการค้าที่เกี่ยวข้อง,1498,กรุงเทพมหานคร,589.7,พันคน,สำนักงานสถิติแห่งชาติ
2563,ไตรมาสที่ 2,ผู้ปฏิบัติการโรงงานและเครื่องจักรและผู้ปฏิบัติงานด้านการประกอบ,1499,กรุงเทพมหานคร,634.3,พันคน,สำนักงานสถิติแห่งชาติ
2563,ไตรมาสที่ 2,อาชีพขั้นพื้นฐานต่างๆ ในด้านการขายและการให้บริการ,1500,กรุงเทพมหานคร,498.5,พันคน,สำนักงานสถิติแห่งชาติ
2563,ไตรมาสที่ 2,ผู้ปฏิบัติงานด้านความสามารถทางฝีมือและธุรกิจการค้าที่เกี่ยวข้อง,1501,ภาคใต้,519.2,พันคน,สำนักงานสถิติแห่งชาติ
2563,ไตรมาสที่ 2,ผู้ปฏิบัติการโรงงานและเครื่องจักรและผู้ปฏิบัติงานด้านการประกอบ,1502,ภาคใต้,241.1,พันคน,สำนักงานสถิติแห่งชาติ
2563,ไตรมาสที่ 2,อาชีพขั้นพื้นฐานต่างๆ ในด้านการขายและการให้บริการ,1503,ภาคใต้,600.7,พันคน,สำนักงานสถิติแห่งชาติ
2563,ไตรมาสที่ 2,คนงานซึ่งมิได้จำแนกไว้ในหมวดอื่น,1504,ภาคใต้,0.0,พันคน,สำนักงานสถิติแห่งชาติ
2563,ไตรมาสที่ 3,ผู้บัญญัติกฎหมาย ข้าราชการระดับอาวุโสและผู้จัดการ,1505,กรุงเทพมหานคร,446.6,พันคน,สำนักงานสถิติแห่งชาติ
2563,ไตรมาสที่ 3,ผู้ประกอบวิชาชีพด้านต่างๆ,1506,กรุงเทพมหานคร,640.0,พันคน,สำนักงานสถิติแห่งชาติ
2563,ไตรมาสที่ 3,ผู้ประกอบวิชาชีพด้านเทคนิคสาขาต่าง ๆ และอาชีพที่เกี่ยวข้อง,1507,กรุงเทพมหานคร,540.2,พันคน,สำนักงานสถิติแห่งชาติ
2563,ไตรมาสที่ 3,เสมียน,1508,กรุงเทพมหานคร,430.9,พันคน,สำนักงานสถิติแห่งชาติ
2563,ไตรมาสที่ 3,พนักงานบริการและพนักงานในร้านค้าและตลาด,1509,กรุงเทพมหานคร,1439.6,พันคน,สำนักงานสถิติแห่งชาติ
2563,ไตรมาสที่ 3,ผู้ปฏิบัติงานที่มีฝีมือในด้านการเกษตรและการประมง,1510,กรุงเทพมหานคร,38.6,พันคน,สำนักงานสถิติแห่งชาติ
2563,ไตรมาสที่ 3,ผู้ปฏิบัติงานด้านความสามารถทางฝีมือและธุรกิจการค้าที่เกี่ยวข้อง,1511,กรุงเทพมหานคร,595.4,พันคน,สำนักงานสถิติแห่งชาติ
2563,ไตรมาสที่ 3,ผู้ปฏิบัติการโรงงานและเครื่องจักรและผู้ปฏิบัติงานด้านการประกอบ,1512,กรุงเทพมหานคร,634.3,พันคน,สำนักงานสถิติแห่งชาติ
2563,ไตรมาสที่ 3,อาชีพขั้นพื้นฐานต่างๆ ในด้านการขายและการให้บริการ,1513,กรุงเทพมหานคร,504.5,พันคน,สำนักงานสถิติแห่งชาติ
2563,ไตรมาสที่ 3,คนงานซึ่งมิได้จำแนกไว้ในหมวดอื่น,1514,กรุงเทพมหานคร,17.6,พันคน,สำนักงานสถิติแห่งชาติ
2563,ไตรมาสที่ 3,ผู้บัญญัติกฎหมาย ข้าราชการระดับอาวุโสและผู้จัดการ,1515,ภาคกลาง,480.5,พันคน,สำนักงานสถิติแห่งชาติ
2563,ไตรมาสที่ 3,ผู้ประกอบวิชาชีพด้านต่างๆ,1516,ภาคกลาง,640.3,พันคน,สำนักงานสถิติแห่งชาติ
2563,ไตรมาสที่ 3,ผู้ประกอบวิชาชีพด้านเทคนิคสาขาต่าง ๆ และอาชีพที่เกี่ยวข้อง,1517,ภาคกลาง,664.7,พันคน,สำนักงานสถิติแห่งชาติ
2563,ไตรมาสที่ 3,เสมียน,1518,ภาคกลาง,645.1,พันคน,สำนักงานสถิติแห่งชาติ
2563,ไตรมาสที่ 3,พนักงานบริการและพนักงานในร้านค้าและตลาด,1519,ภาคกลาง,2556.2,พันคน,สำนักงานสถิติแห่งชาติ
2563,ไตรมาสที่ 3,ผู้ปฏิบัติงานที่มีฝีมือในด้านการเกษตรและการประมง,1520,ภาคกลาง,1722.1,พันคน,สำนักงานสถิติแห่งชาติ
2563,ไตรมาสที่ 3,ผู้ปฏิบัติงานด้านความสามารถทางฝีมือและธุรกิจการค้าที่เกี่ยวข้อง,1521,ภาคกลาง,1614.7,พันคน,สำนักงานสถิติแห่งชาติ
2563,ไตรมาสที่ 3,ผู้ปฏิบัติการโรงงานและเครื่องจักรและผู้ปฏิบัติงานด้านการประกอบ,1522,ภาคกลาง,1972.6,พันคน,สำนักงานสถิติแห่งชาติ
2563,ไตรมาสที่ 3,อาชีพขั้นพื้นฐานต่างๆ ในด้านการขายและการให้บริการ,1523,ภาคกลาง,1476.9,พันคน,สำนักงานสถิติแห่งชาติ
2563,ไตรมาสที่ 3,คนงานซึ่งมิได้จำแนกไว้ในหมวดอื่น,1524,ภาคกลาง,6.0,พันคน,สำนักงานสถิติแห่งชาติ
2563,ไตรมาสที่ 3,ผู้บัญญัติกฎหมาย ข้าราชการระดับอาวุโสและผู้จัดการ,1525,ภาคเหนือ,122.3,พันคน,สำนักงานสถิติแห่งชาติ
2563,ไตรมาสที่ 3,ผู้ประกอบวิชาชีพด้านต่างๆ,1526,ภาคเหนือ,270.0,พันคน,สำนักงานสถิติแห่งชาติ
2563,ไตรมาสที่ 3,ผู้ประกอบวิชาชีพด้านเทคนิคสาขาต่าง ๆ และอาชีพที่เกี่ยวข้อง,1527,ภาคเหนือ,162.7,พันคน,สำนักงานสถิติแห่งชาติ
2563,ไตรมาสที่ 3,เสมียน,1528,ภาคเหนือ,179.0,พันคน,สำนักงานสถิติแห่งชาติ
2563,ไตรมาสที่ 3,พนักงานบริการและพนักงานในร้านค้าและตลาด,1529,ภาคเหนือ,1155.4,พันคน,สำนักงานสถิติแห่งชาติ
2563,ไตรมาสที่ 3,ผู้ปฏิบัติงานที่มีฝีมือในด้านการเกษตรและการประมง,1530,ภาคเหนือ,2592.1,พันคน,สำนักงานสถิติแห่งชาติ
2563,ไตรมาสที่ 3,ผู้ปฏิบัติงานด้านความสามารถทางฝีมือและธุรกิจการค้าที่เกี่ยวข้อง,1531,ภาคเหนือ,686.6,พันคน,สำนักงานสถิติแห่งชาติ
2563,ไตรมาสที่ 3,ผู้ปฏิบัติการโรงงานและเครื่องจักรและผู้ปฏิบัติงานด้านการประกอบ,1532,ภาคเหนือ,288.4,พันคน,สำนักงานสถิติแห่งชาติ
2563,ไตรมาสที่ 3,อาชีพขั้นพื้นฐานต่างๆ ในด้านการขายและการให้บริการ,1533,ภาคเหนือ,732.7,พันคน,สำนักงานสถิติแห่งชาติ
2563,ไตรมาสที่ 3,คนงานซึ่งมิได้จำแนกไว้ในหมวดอื่น,1534,ภาคเหนือ,0.0,พันคน,สำนักงานสถิติแห่งชาติ
2563,ไตรมาสที่ 3,ผู้บัญญัติกฎหมาย ข้าราชการระดับอาวุโสและผู้จัดการ,1535,ภาคตะวันออกเฉียงเหนือ,279.6,พันคน,สำนักงานสถิติแห่งชาติ
2563,ไตรมาสที่ 4,อาชีพขั้นพื้นฐานต่างๆ ในด้านการขายและการให้บริการ,1536,ภาคกลาง,1481.7,พันคน,สำนักงานสถิติแห่งชาติ
2564,ไตรมาสที่ 3,คนงานซึ่งมิได้จำแนกไว้ในหมวดอื่น,1537,กรุงเทพมหานคร,28.9,พันคน,สำนักงานสถิติแห่งชาติ
2564,ไตรมาสที่ 3,ผู้บัญญัติกฎหมาย ข้าราชการระดับอาวุโสและผู้จัดการ,1538,ภาคกลาง,385.6,พันคน,สำนักงานสถิติแห่งชาติ
2564,ไตรมาสที่ 3,ผู้ประกอบวิชาชีพด้านต่างๆ,1539,ภาคกลาง,622.5,พันคน,สำนักงานสถิติแห่งชาติ
2564,ไตรมาสที่ 3,ผู้ประกอบวิชาชีพด้านเทคนิคสาขาต่าง ๆ และอาชีพที่เกี่ยวข้อง,1540,ภาคกลาง,647.3,พันคน,สำนักงานสถิติแห่งชาติ
2564,ไตรมาสที่ 3,เสมียน,1541,ภาคกลาง,727.1,พันคน,สำนักงานสถิติแห่งชาติ
2564,ไตรมาสที่ 3,พนักงานบริการและพนักงานในร้านค้าและตลาด,1542,ภาคกลาง,2503.7,พันคน,สำนักงานสถิติแห่งชาติ
2564,ไตรมาสที่ 3,ผู้ปฏิบัติงานที่มีฝีมือในด้านการเกษตรและการประมง,1543,ภาคกลาง,1763.1,พันคน,สำนักงานสถิติแห่งชาติ
2564,ไตรมาสที่ 3,ผู้ปฏิบัติงานด้านความสามารถทางฝีมือและธุรกิจการค้าที่เกี่ยวข้อง,1544,ภาคกลาง,1575.3,พันคน,สำนักงานสถิติแห่งชาติ
2564,ไตรมาสที่ 3,ผู้ปฏิบัติการโรงงานและเครื่องจักรและผู้ปฏิบัติงานด้านการประกอบ,1545,ภาคกลาง,2159.3,พันคน,สำนักงานสถิติแห่งชาติ
2564,ไตรมาสที่ 3,อาชีพขั้นพื้นฐานต่างๆ ในด้านการขายและการให้บริการ,1546,ภาคกลาง,1420.2,พันคน,สำนักงานสถิติแห่งชาติ
2564,ไตรมาสที่ 3,คนงานซึ่งมิได้จำแนกไว้ในหมวดอื่น,1547,ภาคกลาง,15.1,พันคน,สำนักงานสถิติแห่งชาติ
2564,ไตรมาสที่ 3,ผู้บัญญัติกฎหมาย ข้าราชการระดับอาวุโสและผู้จัดการ,1548,ภาคเหนือ,116.5,พันคน,สำนักงานสถิติแห่งชาติ
2564,ไตรมาสที่ 3,ผู้ประกอบวิชาชีพด้านต่างๆ,1549,ภาคเหนือ,269.9,พันคน,สำนักงานสถิติแห่งชาติ
2564,ไตรมาสที่ 3,ผู้ประกอบวิชาชีพด้านเทคนิคสาขาต่าง ๆ และอาชีพที่เกี่ยวข้อง,1550,ภาคเหนือ,161.5,พันคน,สำนักงานสถิติแห่งชาติ
2564,ไตรมาสที่ 3,เสมียน,1551,ภาคเหนือ,194.2,พันคน,สำนักงานสถิติแห่งชาติ
2564,ไตรมาสที่ 3,พนักงานบริการและพนักงานในร้านค้าและตลาด,1552,ภาคเหนือ,1058.4,พันคน,สำนักงานสถิติแห่งชาติ
2564,ไตรมาสที่ 3,ผู้ปฏิบัติงานที่มีฝีมือในด้านการเกษตรและการประมง,1553,ภาคเหนือ,2710.8,พันคน,สำนักงานสถิติแห่งชาติ
2564,ไตรมาสที่ 3,ผู้ปฏิบัติงานด้านความสามารถทางฝีมือและธุรกิจการค้าที่เกี่ยวข้อง,1554,ภาคเหนือ,636.4,พันคน,สำนักงานสถิติแห่งชาติ
2564,ไตรมาสที่ 3,ผู้ปฏิบัติการโรงงานและเครื่องจักรและผู้ปฏิบัติงานด้านการประกอบ,1555,ภาคเหนือ,272.9,พันคน,สำนักงานสถิติแห่งชาติ
2564,ไตรมาสที่ 3,อาชีพขั้นพื้นฐานต่างๆ ในด้านการขายและการให้บริการ,1556,ภาคเหนือ,665.6,พันคน,สำนักงานสถิติแห่งชาติ
2564,ไตรมาสที่ 3,คนงานซึ่งมิได้จำแนกไว้ในหมวดอื่น,1557,ภาคเหนือ,0.0,พันคน,สำนักงานสถิติแห่งชาติ
2564,ไตรมาสที่ 3,ผู้บัญญัติกฎหมาย ข้าราชการระดับอาวุโสและผู้จัดการ,1558,ภาคตะวันออกเฉียงเหนือ,242.1,พันคน,สำนักงานสถิติแห่งชาติ
2564,ไตรมาสที่ 3,ผู้ประกอบวิชาชีพด้านต่างๆ,1559,ภาคตะวันออกเฉียงเหนือ,362.5,พันคน,สำนักงานสถิติแห่งชาติ
2564,ไตรมาสที่ 3,ผู้ประกอบวิชาชีพด้านเทคนิคสาขาต่าง ๆ และอาชีพที่เกี่ยวข้อง,1560,ภาคตะวันออกเฉียงเหนือ,169.7,พันคน,สำนักงานสถิติแห่งชาติ
2564,ไตรมาสที่ 3,เสมียน,1561,ภาคตะวันออกเฉียงเหนือ,237.2,พันคน,สำนักงานสถิติแห่งชาติ
2564,ไตรมาสที่ 3,พนักงานบริการและพนักงานในร้านค้าและตลาด,1562,ภาคตะวันออกเฉียงเหนือ,1437.6,พันคน,สำนักงานสถิติแห่งชาติ
2564,ไตรมาสที่ 3,ผู้ปฏิบัติงานที่มีฝีมือในด้านการเกษตรและการประมง,1563,ภาคตะวันออกเฉียงเหนือ,5312.9,พันคน,สำนักงานสถิติแห่งชาติ
2564,ไตรมาสที่ 3,ผู้ปฏิบัติงานด้านความสามารถทางฝีมือและธุรกิจการค้าที่เกี่ยวข้อง,1564,ภาคตะวันออกเฉียงเหนือ,682.0,พันคน,สำนักงานสถิติแห่งชาติ
2564,ไตรมาสที่ 3,ผู้ปฏิบัติการโรงงานและเครื่องจักรและผู้ปฏิบัติงานด้านการประกอบ,1565,ภาคตะวันออกเฉียงเหนือ,373.5,พันคน,สำนักงานสถิติแห่งชาติ
2564,ไตรมาสที่ 3,อาชีพขั้นพื้นฐานต่างๆ ในด้านการขายและการให้บริการ,1566,ภาคตะวันออกเฉียงเหนือ,757.2,พันคน,สำนักงานสถิติแห่งชาติ
2564,ไตรมาสที่ 3,คนงานซึ่งมิได้จำแนกไว้ในหมวดอื่น,1567,ภาคตะวันออกเฉียงเหนือ,0.0,พันคน,สำนักงานสถิติแห่งชาติ
2564,ไตรมาสที่ 3,ผู้บัญญัติกฎหมาย ข้าราชการระดับอาวุโสและผู้จัดการ,1568,ภาคใต้,111.8,พันคน,สำนักงานสถิติแห่งชาติ
2564,ไตรมาสที่ 3,ผู้ประกอบวิชาชีพด้านต่างๆ,1569,ภาคใต้,211.8,พันคน,สำนักงานสถิติแห่งชาติ
2564,ไตรมาสที่ 3,ผู้ประกอบวิชาชีพด้านเทคนิคสาขาต่าง ๆ และอาชีพที่เกี่ยวข้อง,1570,ภาคใต้,160.5,พันคน,สำนักงานสถิติแห่งชาติ
2557,ไตรมาสที่ 2,ผู้ประกอบวิชาชีพด้านเทคนิคสาขาต่าง ๆ และอาชีพที่เกี่ยวข้อง,1571,ภาคเหนือ,175.8,พันคน,สำนักงานสถิติแห่งชาติ
2557,ไตรมาสที่ 2,เสมียน,1572,ภาคเหนือ,164.5,พันคน,สำนักงานสถิติแห่งชาติ
2557,ไตรมาสที่ 2,พนักงานบริการและพนักงานในร้านค้าและตลาด,1573,ภาคเหนือ,1077.1,พันคน,สำนักงานสถิติแห่งชาติ
2557,ไตรมาสที่ 2,ผู้ปฏิบัติงานที่มีฝีมือในด้านการเกษตรและการประมง,1574,ภาคเหนือ,2683.6,พันคน,สำนักงานสถิติแห่งชาติ
2557,ไตรมาสที่ 2,ผู้ปฏิบัติงานด้านความสามารถทางฝีมือและธุรกิจการค้าที่เกี่ยวข้อง,1575,ภาคเหนือ,814.3,พันคน,สำนักงานสถิติแห่งชาติ
2557,ไตรมาสที่ 2,ผู้ปฏิบัติการโรงงานและเครื่องจักรและผู้ปฏิบัติงานด้านการประกอบ,1576,ภาคเหนือ,339.9,พันคน,สำนักงานสถิติแห่งชาติ
2557,ไตรมาสที่ 2,อาชีพขั้นพื้นฐานต่างๆ ในด้านการขายและการให้บริการ,1577,ภาคเหนือ,765.7,พันคน,สำนักงานสถิติแห่งชาติ
2557,ไตรมาสที่ 2,คนงานซึ่งมิได้จำแนกไว้ในหมวดอื่น,1578,ภาคเหนือ,0.16,พันคน,สำนักงานสถิติแห่งชาติ
2557,ไตรมาสที่ 2,ผู้บัญญัติกฎหมาย ข้าราชการระดับอาวุโสและผู้จัดการ,1579,ภาคตะวันออกเฉียงเหนือ,320.8,พันคน,สำนักงานสถิติแห่งชาติ
2557,ไตรมาสที่ 2,ผู้ประกอบวิชาชีพด้านต่างๆ,1580,ภาคตะวันออกเฉียงเหนือ,420.9,พันคน,สำนักงานสถิติแห่งชาติ
2557,ไตรมาสที่ 2,ผู้ประกอบวิชาชีพด้านเทคนิคสาขาต่าง ๆ และอาชีพที่เกี่ยวข้อง,1581,ภาคตะวันออกเฉียงเหนือ,224.0,พันคน,สำนักงานสถิติแห่งชาติ
2557,ไตรมาสที่ 2,เสมียน,1582,ภาคตะวันออกเฉียงเหนือ,190.4,พันคน,สำนักงานสถิติแห่งชาติ
2557,ไตรมาสที่ 2,พนักงานบริการและพนักงานในร้านค้าและตลาด,1583,ภาคตะวันออกเฉียงเหนือ,1545.5,พันคน,สำนักงานสถิติแห่งชาติ
2557,ไตรมาสที่ 2,ผู้ปฏิบัติงานที่มีฝีมือในด้านการเกษตรและการประมง,1584,ภาคตะวันออกเฉียงเหนือ,4572.0,พันคน,สำนักงานสถิติแห่งชาติ
2557,ไตรมาสที่ 2,ผู้ปฏิบัติงานด้านความสามารถทางฝีมือและธุรกิจการค้าที่เกี่ยวข้อง,1585,ภาคตะวันออกเฉียงเหนือ,1021.2,พันคน,สำนักงานสถิติแห่งชาติ
2557,ไตรมาสที่ 2,ผู้ปฏิบัติการโรงงานและเครื่องจักรและผู้ปฏิบัติงานด้านการประกอบ,1586,ภาคตะวันออกเฉียงเหนือ,495.2,พันคน,สำนักงานสถิติแห่งชาติ
2557,ไตรมาสที่ 2,อาชีพขั้นพื้นฐานต่างๆ ในด้านการขายและการให้บริการ,1587,ภาคตะวันออกเฉียงเหนือ,916.8,พันคน,สำนักงานสถิติแห่งชาติ
2557,ไตรมาสที่ 2,คนงานซึ่งมิได้จำแนกไว้ในหมวดอื่น,1588,ภาคตะวันออกเฉียงเหนือ,0.34,พันคน,สำนักงานสถิติแห่งชาติ
2557,ไตรมาสที่ 2,ผู้บัญญัติกฎหมาย ข้าราชการระดับอาวุโสและผู้จัดการ,1589,ภาคใต้,320.8,พันคน,สำนักงานสถิติแห่งชาติ
2557,ไตรมาสที่ 2,ผู้ประกอบวิชาชีพด้านต่างๆ,1590,ภาคใต้,420.9,พันคน,สำนักงานสถิติแห่งชาติ
2557,ไตรมาสที่ 2,ผู้ประกอบวิชาชีพด้านเทคนิคสาขาต่าง ๆ และอาชีพที่เกี่ยวข้อง,1591,ภาคใต้,224.0,พันคน,สำนักงานสถิติแห่งชาติ
2557,ไตรมาสที่ 2,เสมียน,1592,ภาคใต้,190.4,พันคน,สำนักงานสถิติแห่งชาติ
2557,ไตรมาสที่ 2,พนักงานบริการและพนักงานในร้านค้าและตลาด,1593,ภาคใต้,1545.5,พันคน,สำนักงานสถิติแห่งชาติ
2557,ไตรมาสที่ 2,ผู้ปฏิบัติงานที่มีฝีมือในด้านการเกษตรและการประมง,1594,ภาคใต้,4572.0,พันคน,สำนักงานสถิติแห่งชาติ
2557,ไตรมาสที่ 2,ผู้ปฏิบัติงานด้านความสามารถทางฝีมือและธุรกิจการค้าที่เกี่ยวข้อง,1595,ภาคใต้,1021.2,พันคน,สำนักงานสถิติแห่งชาติ
2557,ไตรมาสที่ 2,ผู้ปฏิบัติการโรงงานและเครื่องจักรและผู้ปฏิบัติงานด้านการประกอบ,1596,ภาคใต้,495.2,พันคน,สำนักงานสถิติแห่งชาติ
2557,ไตรมาสที่ 2,อาชีพขั้นพื้นฐานต่างๆ ในด้านการขายและการให้บริการ,1597,ภาคใต้,916.8,พันคน,สำนักงานสถิติแห่งชาติ
2557,ไตรมาสที่ 2,คนงานซึ่งมิได้จำแนกไว้ในหมวดอื่น,1598,ภาคใต้,0.34,พันคน,สำนักงานสถิติแห่งชาติ
2557,ไตรมาสที่ 3,ผู้บัญญัติกฎหมาย ข้าราชการระดับอาวุโสและผู้จัดการ,1599,กรุงเทพมหานคร,448.7,พันคน,สำนักงานสถิติแห่งชาติ
2557,ไตรมาสที่ 3,ผู้ประกอบวิชาชีพด้านต่างๆ,1600,กรุงเทพมหานคร,596.3,พันคน,สำนักงานสถิติแห่งชาติ
2557,ไตรมาสที่ 3,ผู้ประกอบวิชาชีพด้านเทคนิคสาขาต่าง ๆ และอาชีพที่เกี่ยวข้อง,1601,กรุงเทพมหานคร,568.2,พันคน,สำนักงานสถิติแห่งชาติ
2557,ไตรมาสที่ 3,เสมียน,1602,กรุงเทพมหานคร,408.1,พันคน,สำนักงานสถิติแห่งชาติ
2557,ไตรมาสที่ 3,พนักงานบริการและพนักงานในร้านค้าและตลาด,1603,กรุงเทพมหานคร,1385.6,พันคน,สำนักงานสถิติแห่งชาติ
2557,ไตรมาสที่ 3,ผู้ปฏิบัติงานที่มีฝีมือในด้านการเกษตรและการประมง,1604,กรุงเทพมหานคร,46.8,พันคน,สำนักงานสถิติแห่งชาติ
2557,ไตรมาสที่ 3,ผู้ปฏิบัติงานด้านความสามารถทางฝีมือและธุรกิจการค้าที่เกี่ยวข้อง,1605,กรุงเทพมหานคร,598.8,พันคน,สำนักงานสถิติแห่งชาติ
2564,ไตรมาสที่ 3,เสมียน,1606,ภาคใต้,174.2,พันคน,สำนักงานสถิติแห่งชาติ
2564,ไตรมาสที่ 3,พนักงานบริการและพนักงานในร้านค้าและตลาด,1607,ภาคใต้,1066.2,พันคน,สำนักงานสถิติแห่งชาติ
2564,ไตรมาสที่ 3,ผู้ปฏิบัติงานที่มีฝีมือในด้านการเกษตรและการประมง,1608,ภาคใต้,2055.6,พันคน,สำนักงานสถิติแห่งชาติ
2564,ไตรมาสที่ 3,ผู้ปฏิบัติงานด้านความสามารถทางฝีมือและธุรกิจการค้าที่เกี่ยวข้อง,1609,ภาคใต้,497.0,พันคน,สำนักงานสถิติแห่งชาติ
2564,ไตรมาสที่ 3,ผู้ปฏิบัติการโรงงานและเครื่องจักรและผู้ปฏิบัติงานด้านการประกอบ,1610,ภาคใต้,203.3,พันคน,สำนักงานสถิติแห่งชาติ
2564,ไตรมาสที่ 3,อาชีพขั้นพื้นฐานต่างๆ ในด้านการขายและการให้บริการ,1611,ภาคใต้,565.1,พันคน,สำนักงานสถิติแห่งชาติ
2564,ไตรมาสที่ 3,คนงานซึ่งมิได้จำแนกไว้ในหมวดอื่น,1612,ภาคใต้,0.0,พันคน,สำนักงานสถิติแห่งชาติ
2564,ไตรมาสที่ 4,ผู้บัญญัติกฎหมาย ข้าราชการระดับอาวุโสและผู้จัดการ,1613,กรุงเทพมหานคร,361.5,พันคน,สำนักงานสถิติแห่งชาติ
2564,ไตรมาสที่ 4,ผู้ประกอบวิชาชีพด้านต่างๆ,1614,กรุงเทพมหานคร,552.3,พันคน,สำนักงานสถิติแห่งชาติ
2564,ไตรมาสที่ 4,ผู้ประกอบวิชาชีพด้านเทคนิคสาขาต่าง ๆ และอาชีพที่เกี่ยวข้อง,1615,กรุงเทพมหานคร,545.0,พันคน,สำนักงานสถิติแห่งชาติ
2564,ไตรมาสที่ 4,เสมียน,1616,กรุงเทพมหานคร,437.9,พันคน,สำนักงานสถิติแห่งชาติ
2564,ไตรมาสที่ 4,พนักงานบริการและพนักงานในร้านค้าและตลาด,1617,กรุงเทพมหานคร,1509.3,พันคน,สำนักงานสถิติแห่งชาติ
2564,ไตรมาสที่ 4,ผู้ปฏิบัติงานที่มีฝีมือในด้านการเกษตรและการประมง,1618,กรุงเทพมหานคร,24.6,พันคน,สำนักงานสถิติแห่งชาติ
2564,ไตรมาสที่ 4,ผู้ปฏิบัติงานด้านความสามารถทางฝีมือและธุรกิจการค้าที่เกี่ยวข้อง,1619,กรุงเทพมหานคร,608.2,พันคน,สำนักงานสถิติแห่งชาติ
2564,ไตรมาสที่ 4,ผู้ปฏิบัติการโรงงานและเครื่องจักรและผู้ปฏิบัติงานด้านการประกอบ,1620,กรุงเทพมหานคร,674.4,พันคน,สำนักงานสถิติแห่งชาติ
2564,ไตรมาสที่ 4,อาชีพขั้นพื้นฐานต่างๆ ในด้านการขายและการให้บริการ,1621,กรุงเทพมหานคร,650.5,พันคน,สำนักงานสถิติแห่งชาติ
2564,ไตรมาสที่ 4,คนงานซึ่งมิได้จำแนกไว้ในหมวดอื่น,1622,กรุงเทพมหานคร,14.3,พันคน,สำนักงานสถิติแห่งชาติ
2564,ไตรมาสที่ 4,ผู้บัญญัติกฎหมาย ข้าราชการระดับอาวุโสและผู้จัดการ,1623,ภาคกลาง,423.1,พันคน,สำนักงานสถิติแห่งชาติ
2564,ไตรมาสที่ 4,ผู้ประกอบวิชาชีพด้านต่างๆ,1624,ภาคกลาง,703.7,พันคน,สำนักงานสถิติแห่งชาติ
2564,ไตรมาสที่ 4,ผู้ประกอบวิชาชีพด้านเทคนิคสาขาต่าง ๆ และอาชีพที่เกี่ยวข้อง,1625,ภาคกลาง,697.3,พันคน,สำนักงานสถิติแห่งชาติ
2564,ไตรมาสที่ 4,เสมียน,1626,ภาคกลาง,667.0,พันคน,สำนักงานสถิติแห่งชาติ
2564,ไตรมาสที่ 4,พนักงานบริการและพนักงานในร้านค้าและตลาด,1627,ภาคกลาง,2536.1,พันคน,สำนักงานสถิติแห่งชาติ
2564,ไตรมาสที่ 4,ผู้ปฏิบัติงานที่มีฝีมือในด้านการเกษตรและการประมง,1628,ภาคกลาง,1788.6,พันคน,สำนักงานสถิติแห่งชาติ
2564,ไตรมาสที่ 4,ผู้ปฏิบัติงานด้านความสามารถทางฝีมือและธุรกิจการค้าที่เกี่ยวข้อง,1629,ภาคกลาง,1615.5,พันคน,สำนักงานสถิติแห่งชาติ
2564,ไตรมาสที่ 4,ผู้ปฏิบัติการโรงงานและเครื่องจักรและผู้ปฏิบัติงานด้านการประกอบ,1630,ภาคกลาง,2035.5,พันคน,สำนักงานสถิติแห่งชาติ
2564,ไตรมาสที่ 4,อาชีพขั้นพื้นฐานต่างๆ ในด้านการขายและการให้บริการ,1631,ภาคกลาง,1425.8,พันคน,สำนักงานสถิติแห่งชาติ
2564,ไตรมาสที่ 4,คนงานซึ่งมิได้จำแนกไว้ในหมวดอื่น,1632,ภาคกลาง,9.1,พันคน,สำนักงานสถิติแห่งชาติ
2564,ไตรมาสที่ 4,ผู้บัญญัติกฎหมาย ข้าราชการระดับอาวุโสและผู้จัดการ,1633,ภาคเหนือ,124.3,พันคน,สำนักงานสถิติแห่งชาติ
2564,ไตรมาสที่ 4,ผู้ประกอบวิชาชีพด้านต่างๆ,1634,ภาคเหนือ,277.0,พันคน,สำนักงานสถิติแห่งชาติ
2564,ไตรมาสที่ 4,ผู้ประกอบวิชาชีพด้านเทคนิคสาขาต่าง ๆ และอาชีพที่เกี่ยวข้อง,1635,ภาคเหนือ,179.9,พันคน,สำนักงานสถิติแห่งชาติ
2564,ไตรมาสที่ 4,เสมียน,1636,ภาคเหนือ,177.1,พันคน,สำนักงานสถิติแห่งชาติ
2564,ไตรมาสที่ 4,พนักงานบริการและพนักงานในร้านค้าและตลาด,1637,ภาคเหนือ,1099.4,พันคน,สำนักงานสถิติแห่งชาติ
2564,ไตรมาสที่ 4,ผู้ปฏิบัติงานที่มีฝีมือในด้านการเกษตรและการประมง,1638,ภาคเหนือ,2662.2,พันคน,สำนักงานสถิติแห่งชาติ
2564,ไตรมาสที่ 4,ผู้ปฏิบัติงานด้านความสามารถทางฝีมือและธุรกิจการค้าที่เกี่ยวข้อง,1639,ภาคเหนือ,593.3,พันคน,สำนักงานสถิติแห่งชาติ
2564,ไตรมาสที่ 4,ผู้ปฏิบัติการโรงงานและเครื่องจักรและผู้ปฏิบัติงานด้านการประกอบ,1640,ภาคเหนือ,274.7,พันคน,สำนักงานสถิติแห่งชาติ
2564,ไตรมาสที่ 4,อาชีพขั้นพื้นฐานต่างๆ ในด้านการขายและการให้บริการ,1641,ภาคเหนือ,707.0,พันคน,สำนักงานสถิติแห่งชาติ
2557,ไตรมาสที่ 1,ผู้บัญญัติกฎหมาย ข้าราชการระดับอาวุโสและผู้จัดการ,1642,กรุงเทพมหานคร,438.1,พันคน,สำนักงานสถิติแห่งชาติ
2557,ไตรมาสที่ 1,ผู้ประกอบวิชาชีพด้านต่างๆ,1643,กรุงเทพมหานคร,590.0,พันคน,สำนักงานสถิติแห่งชาติ
2557,ไตรมาสที่ 1,ผู้ประกอบวิชาชีพด้านเทคนิคสาขาต่าง ๆ และอาชีพที่เกี่ยวข้อง,1644,กรุงเทพมหานคร,489.5,พันคน,สำนักงานสถิติแห่งชาติ
2557,ไตรมาสที่ 1,เสมียน,1645,กรุงเทพมหานคร,479.3,พันคน,สำนักงานสถิติแห่งชาติ
2557,ไตรมาสที่ 1,พนักงานบริการและพนักงานในร้านค้าและตลาด,1646,กรุงเทพมหานคร,1329.2,พันคน,สำนักงานสถิติแห่งชาติ
2557,ไตรมาสที่ 1,ผู้ปฏิบัติงานที่มีฝีมือในด้านการเกษตรและการประมง,1647,กรุงเทพมหานคร,39.7,พันคน,สำนักงานสถิติแห่งชาติ
2557,ไตรมาสที่ 1,ผู้ปฏิบัติงานด้านความสามารถทางฝีมือและธุรกิจการค้าที่เกี่ยวข้อง,1648,กรุงเทพมหานคร,668.7,พันคน,สำนักงานสถิติแห่งชาติ
2557,ไตรมาสที่ 1,ผู้ปฏิบัติการโรงงานและเครื่องจักรและผู้ปฏิบัติงานด้านการประกอบ,1649,กรุงเทพมหานคร,700.0,พันคน,สำนักงานสถิติแห่งชาติ
2557,ไตรมาสที่ 1,อาชีพขั้นพื้นฐานต่างๆ ในด้านการขายและการให้บริการ,1650,กรุงเทพมหานคร,460.0,พันคน,สำนักงานสถิติแห่งชาติ
2557,ไตรมาสที่ 1,คนงานซึ่งมิได้จำแนกไว้ในหมวดอื่น,1651,กรุงเทพมหานคร,32.5,พันคน,สำนักงานสถิติแห่งชาติ
2557,ไตรมาสที่ 1,ผู้บัญญัติกฎหมาย ข้าราชการระดับอาวุโสและผู้จัดการ,1652,ภาคกลาง,519.4,พันคน,สำนักงานสถิติแห่งชาติ
2557,ไตรมาสที่ 1,ผู้ประกอบวิชาชีพด้านต่างๆ,1653,ภาคกลาง,642.7,พันคน,สำนักงานสถิติแห่งชาติ
2557,ไตรมาสที่ 1,ผู้ประกอบวิชาชีพด้านเทคนิคสาขาต่าง ๆ และอาชีพที่เกี่ยวข้อง,1654,ภาคกลาง,649.7,พันคน,สำนักงานสถิติแห่งชาติ
2557,ไตรมาสที่ 1,เสมียน,1655,ภาคกลาง,524.7,พันคน,สำนักงานสถิติแห่งชาติ
2557,ไตรมาสที่ 1,พนักงานบริการและพนักงานในร้านค้าและตลาด,1656,ภาคกลาง,2300.8,พันคน,สำนักงานสถิติแห่งชาติ
2557,ไตรมาสที่ 1,ผู้ปฏิบัติงานที่มีฝีมือในด้านการเกษตรและการประมง,1657,ภาคกลาง,1925.4,พันคน,สำนักงานสถิติแห่งชาติ
2557,ไตรมาสที่ 1,ผู้ปฏิบัติงานด้านความสามารถทางฝีมือและธุรกิจการค้าที่เกี่ยวข้อง,1658,ภาคกลาง,1541.4,พันคน,สำนักงานสถิติแห่งชาติ
2557,ไตรมาสที่ 1,ผู้ปฏิบัติการโรงงานและเครื่องจักรและผู้ปฏิบัติงานด้านการประกอบ,1659,ภาคกลาง,1924.7,พันคน,สำนักงานสถิติแห่งชาติ
2557,ไตรมาสที่ 1,อาชีพขั้นพื้นฐานต่างๆ ในด้านการขายและการให้บริการ,1660,ภาคกลาง,1425.8,พันคน,สำนักงานสถิติแห่งชาติ
2557,ไตรมาสที่ 1,คนงานซึ่งมิได้จำแนกไว้ในหมวดอื่น,1661,ภาคกลาง,21.4,พันคน,สำนักงานสถิติแห่งชาติ
2557,ไตรมาสที่ 1,ผู้บัญญัติกฎหมาย ข้าราชการระดับอาวุโสและผู้จัดการ,1662,ภาคเหนือ,159.6,พันคน,สำนักงานสถิติแห่งชาติ
2557,ไตรมาสที่ 1,ผู้ประกอบวิชาชีพด้านต่างๆ,1663,ภาคเหนือ,253.7,พันคน,สำนักงานสถิติแห่งชาติ
2557,ไตรมาสที่ 1,ผู้ประกอบวิชาชีพด้านเทคนิคสาขาต่าง ๆ และอาชีพที่เกี่ยวข้อง,1664,ภาคเหนือ,165.4,พันคน,สำนักงานสถิติแห่งชาติ
2557,ไตรมาสที่ 1,เสมียน,1665,ภาคเหนือ,170.9,พันคน,สำนักงานสถิติแห่งชาติ
2557,ไตรมาสที่ 1,พนักงานบริการและพนักงานในร้านค้าและตลาด,1666,ภาคเหนือ,1096.7,พันคน,สำนักงานสถิติแห่งชาติ
2557,ไตรมาสที่ 1,ผู้ปฏิบัติงานที่มีฝีมือในด้านการเกษตรและการประมง,1667,ภาคเหนือ,2585.5,พันคน,สำนักงานสถิติแห่งชาติ
2557,ไตรมาสที่ 1,ผู้ปฏิบัติงานด้านความสามารถทางฝีมือและธุรกิจการค้าที่เกี่ยวข้อง,1668,ภาคเหนือ,859.9,พันคน,สำนักงานสถิติแห่งชาติ
2557,ไตรมาสที่ 1,ผู้ปฏิบัติการโรงงานและเครื่องจักรและผู้ปฏิบัติงานด้านการประกอบ,1669,ภาคเหนือ,370.0,พันคน,สำนักงานสถิติแห่งชาติ
2557,ไตรมาสที่ 1,อาชีพขั้นพื้นฐานต่างๆ ในด้านการขายและการให้บริการ,1670,ภาคเหนือ,821.2,พันคน,สำนักงานสถิติแห่งชาติ
2557,ไตรมาสที่ 1,คนงานซึ่งมิได้จำแนกไว้ในหมวดอื่น,1671,ภาคเหนือ,0.0,พันคน,สำนักงานสถิติแห่งชาติ
2557,ไตรมาสที่ 1,ผู้บัญญัติกฎหมาย ข้าราชการระดับอาวุโสและผู้จัดการ,1672,ภาคตะวันออกเฉียงเหนือ,315.9,พันคน,สำนักงานสถิติแห่งชาติ
2557,ไตรมาสที่ 1,ผู้ประกอบวิชาชีพด้านต่างๆ,1673,ภาคตะวันออกเฉียงเหนือ,416.0,พันคน,สำนักงานสถิติแห่งชาติ
2557,ไตรมาสที่ 1,ผู้ประกอบวิชาชีพด้านเทคนิคสาขาต่าง ๆ และอาชีพที่เกี่ยวข้อง,1674,ภาคตะวันออกเฉียงเหนือ,233.8,พันคน,สำนักงานสถิติแห่งชาติ
2557,ไตรมาสที่ 1,เสมียน,1675,ภาคตะวันออกเฉียงเหนือ,205.8,พันคน,สำนักงานสถิติแห่งชาติ
2557,ไตรมาสที่ 1,พนักงานบริการและพนักงานในร้านค้าและตลาด,1676,ภาคตะวันออกเฉียงเหนือ,1626.3,พันคน,สำนักงานสถิติแห่งชาติ
2557,ไตรมาสที่ 3,พนักงานบริการและพนักงานในร้านค้าและตลาด,1677,ภาคใต้,1057.9,พันคน,สำนักงานสถิติแห่งชาติ
2557,ไตรมาสที่ 3,ผู้ปฏิบัติงานที่มีฝีมือในด้านการเกษตรและการประมง,1678,ภาคใต้,2089.4,พันคน,สำนักงานสถิติแห่งชาติ
2557,ไตรมาสที่ 3,ผู้ปฏิบัติงานด้านความสามารถทางฝีมือและธุรกิจการค้าที่เกี่ยวข้อง,1679,ภาคใต้,548.1,พันคน,สำนักงานสถิติแห่งชาติ
2557,ไตรมาสที่ 3,ผู้ปฏิบัติการโรงงานและเครื่องจักรและผู้ปฏิบัติงานด้านการประกอบ,1680,ภาคใต้,208.5,พันคน,สำนักงานสถิติแห่งชาติ
2557,ไตรมาสที่ 3,อาชีพขั้นพื้นฐานต่างๆ ในด้านการขายและการให้บริการ,1681,ภาคใต้,535.2,พันคน,สำนักงานสถิติแห่งชาติ
2557,ไตรมาสที่ 3,คนงานซึ่งมิได้จำแนกไว้ในหมวดอื่น,1682,ภาคใต้,0.0,พันคน,สำนักงานสถิติแห่งชาติ
2557,ไตรมาสที่ 4,ผู้บัญญัติกฎหมาย ข้าราชการระดับอาวุโสและผู้จัดการ,1683,กรุงเทพมหานคร,399.1,พันคน,สำนักงานสถิติแห่งชาติ
2557,ไตรมาสที่ 4,ผู้ประกอบวิชาชีพด้านต่างๆ,1684,กรุงเทพมหานคร,650.1,พันคน,สำนักงานสถิติแห่งชาติ
2557,ไตรมาสที่ 4,ผู้ประกอบวิชาชีพด้านเทคนิคสาขาต่าง ๆ และอาชีพที่เกี่ยวข้อง,1685,กรุงเทพมหานคร,540.2,พันคน,สำนักงานสถิติแห่งชาติ
2557,ไตรมาสที่ 4,เสมียน,1686,กรุงเทพมหานคร,477.5,พันคน,สำนักงานสถิติแห่งชาติ
2557,ไตรมาสที่ 4,พนักงานบริการและพนักงานในร้านค้าและตลาด,1687,กรุงเทพมหานคร,1298.8,พันคน,สำนักงานสถิติแห่งชาติ
2557,ไตรมาสที่ 4,ผู้ปฏิบัติงานที่มีฝีมือในด้านการเกษตรและการประมง,1688,กรุงเทพมหานคร,42.2,พันคน,สำนักงานสถิติแห่งชาติ
2557,ไตรมาสที่ 4,ผู้ปฏิบัติงานด้านความสามารถทางฝีมือและธุรกิจการค้าที่เกี่ยวข้อง,1689,กรุงเทพมหานคร,583.1,พันคน,สำนักงานสถิติแห่งชาติ
2557,ไตรมาสที่ 4,ผู้ปฏิบัติการโรงงานและเครื่องจักรและผู้ปฏิบัติงานด้านการประกอบ,1690,กรุงเทพมหานคร,720.4,พันคน,สำนักงานสถิติแห่งชาติ
2557,ไตรมาสที่ 4,อาชีพขั้นพื้นฐานต่างๆ ในด้านการขายและการให้บริการ,1691,กรุงเทพมหานคร,499.1,พันคน,สำนักงานสถิติแห่งชาติ
2557,ไตรมาสที่ 4,คนงานซึ่งมิได้จำแนกไว้ในหมวดอื่น,1692,กรุงเทพมหานคร,34.2,พันคน,สำนักงานสถิติแห่งชาติ
2557,ไตรมาสที่ 4,ผู้บัญญัติกฎหมาย ข้าราชการระดับอาวุโสและผู้จัดการ,1693,ภาคกลาง,445.2,พันคน,สำนักงานสถิติแห่งชาติ
2557,ไตรมาสที่ 4,ผู้ประกอบวิชาชีพด้านต่างๆ,1694,ภาคกลาง,661.7,พันคน,สำนักงานสถิติแห่งชาติ
2557,ไตรมาสที่ 4,ผู้ประกอบวิชาชีพด้านเทคนิคสาขาต่าง ๆ และอาชีพที่เกี่ยวข้อง,1695,ภาคกลาง,660.3,พันคน,สำนักงานสถิติแห่งชาติ
2557,ไตรมาสที่ 4,เสมียน,1696,ภาคกลาง,526.4,พันคน,สำนักงานสถิติแห่งชาติ
2557,ไตรมาสที่ 4,พนักงานบริการและพนักงานในร้านค้าและตลาด,1697,ภาคกลาง,2330.8,พันคน,สำนักงานสถิติแห่งชาติ
2557,ไตรมาสที่ 4,ผู้ปฏิบัติงานที่มีฝีมือในด้านการเกษตรและการประมง,1698,ภาคกลาง,1942.3,พันคน,สำนักงานสถิติแห่งชาติ
2557,ไตรมาสที่ 4,ผู้ปฏิบัติงานด้านความสามารถทางฝีมือและธุรกิจการค้าที่เกี่ยวข้อง,1699,ภาคกลาง,1641.0,พันคน,สำนักงานสถิติแห่งชาติ
2557,ไตรมาสที่ 4,ผู้ปฏิบัติการโรงงานและเครื่องจักรและผู้ปฏิบัติงานด้านการประกอบ,1700,ภาคกลาง,1950.5,พันคน,สำนักงานสถิติแห่งชาติ
2557,ไตรมาสที่ 4,อาชีพขั้นพื้นฐานต่างๆ ในด้านการขายและการให้บริการ,1701,ภาคกลาง,1391.0,พันคน,สำนักงานสถิติแห่งชาติ
2557,ไตรมาสที่ 4,คนงานซึ่งมิได้จำแนกไว้ในหมวดอื่น,1702,ภาคกลาง,6.9,พันคน,สำนักงานสถิติแห่งชาติ
2557,ไตรมาสที่ 4,ผู้บัญญัติกฎหมาย ข้าราชการระดับอาวุโสและผู้จัดการ,1703,ภาคเหนือ,145.7,พันคน,สำนักงานสถิติแห่งชาติ
2557,ไตรมาสที่ 4,ผู้ประกอบวิชาชีพด้านต่างๆ,1704,ภาคเหนือ,266.0,พันคน,สำนักงานสถิติแห่งชาติ
2557,ไตรมาสที่ 4,ผู้ประกอบวิชาชีพด้านเทคนิคสาขาต่าง ๆ และอาชีพที่เกี่ยวข้อง,1705,ภาคเหนือ,159.7,พันคน,สำนักงานสถิติแห่งชาติ
2557,ไตรมาสที่ 4,เสมียน,1706,ภาคเหนือ,163.4,พันคน,สำนักงานสถิติแห่งชาติ
2557,ไตรมาสที่ 4,พนักงานบริการและพนักงานในร้านค้าและตลาด,1707,ภาคเหนือ,1045.5,พันคน,สำนักงานสถิติแห่งชาติ
2557,ไตรมาสที่ 4,ผู้ปฏิบัติงานที่มีฝีมือในด้านการเกษตรและการประมง,1708,ภาคเหนือ,2892.7,พันคน,สำนักงานสถิติแห่งชาติ
2557,ไตรมาสที่ 4,ผู้ปฏิบัติงานด้านความสามารถทางฝีมือและธุรกิจการค้าที่เกี่ยวข้อง,1709,ภาคเหนือ,793.8,พันคน,สำนักงานสถิติแห่งชาติ
2557,ไตรมาสที่ 4,ผู้ปฏิบัติการโรงงานและเครื่องจักรและผู้ปฏิบัติงานด้านการประกอบ,1710,ภาคเหนือ,326.7,พันคน,สำนักงานสถิติแห่งชาติ
2557,ไตรมาสที่ 4,อาชีพขั้นพื้นฐานต่างๆ ในด้านการขายและการให้บริการ,1711,ภาคเหนือ,692.0,พันคน,สำนักงานสถิติแห่งชาติ
2558,ไตรมาสที่ 1,ผู้ปฏิบัติงานด้านความสามารถทางฝีมือและธุรกิจการค้าที่เกี่ยวข้อง,1712,ภาคกลาง,1554.78,พันคน,สำนักงานสถิติแห่งชาติ
2558,ไตรมาสที่ 1,ผู้ปฏิบัติการโรงงานและเครื่องจักรและผู้ปฏิบัติงานด้านการประกอบ,1713,ภาคกลาง,2025.5,พันคน,สำนักงานสถิติแห่งชาติ
2558,ไตรมาสที่ 1,อาชีพขั้นพื้นฐานต่างๆ ในด้านการขายและการให้บริการ,1714,ภาคกลาง,1459.53,พันคน,สำนักงานสถิติแห่งชาติ
2558,ไตรมาสที่ 1,คนงานซึ่งมิได้จำแนกไว้ในหมวดอื่น,1715,ภาคกลาง,11.79,พันคน,สำนักงานสถิติแห่งชาติ
2558,ไตรมาสที่ 1,ผู้บัญญัติกฎหมาย ข้าราชการระดับอาวุโสและผู้จัดการ,1716,ภาคเหนือ,152.95,พันคน,สำนักงานสถิติแห่งชาติ
2558,ไตรมาสที่ 1,ผู้ประกอบวิชาชีพด้านต่างๆ,1717,ภาคเหนือ,278.58,พันคน,สำนักงานสถิติแห่งชาติ
2558,ไตรมาสที่ 1,ผู้ประกอบวิชาชีพด้านเทคนิคสาขาต่าง ๆ และอาชีพที่เกี่ยวข้อง,1718,ภาคเหนือ,170.17,พันคน,สำนักงานสถิติแห่งชาติ
2558,ไตรมาสที่ 1,เสมียน,1719,ภาคเหนือ,169.2,พันคน,สำนักงานสถิติแห่งชาติ
2558,ไตรมาสที่ 1,พนักงานบริการและพนักงานในร้านค้าและตลาด,1720,ภาคเหนือ,1111.58,พันคน,สำนักงานสถิติแห่งชาติ
2558,ไตรมาสที่ 1,ผู้ปฏิบัติงานที่มีฝีมือในด้านการเกษตรและการประมง,1721,ภาคเหนือ,2349.59,พันคน,สำนักงานสถิติแห่งชาติ
2558,ไตรมาสที่ 1,ผู้ปฏิบัติงานด้านความสามารถทางฝีมือและธุรกิจการค้าที่เกี่ยวข้อง,1722,ภาคเหนือ,828.93,พันคน,สำนักงานสถิติแห่งชาติ
2558,ไตรมาสที่ 1,ผู้ปฏิบัติการโรงงานและเครื่องจักรและผู้ปฏิบัติงานด้านการประกอบ,1723,ภาคเหนือ,372.94,พันคน,สำนักงานสถิติแห่งชาติ
2558,ไตรมาสที่ 1,อาชีพขั้นพื้นฐานต่างๆ ในด้านการขายและการให้บริการ,1724,ภาคเหนือ,873.22,พันคน,สำนักงานสถิติแห่งชาติ
2558,ไตรมาสที่ 1,คนงานซึ่งมิได้จำแนกไว้ในหมวดอื่น,1725,ภาคเหนือ,0.0,พันคน,สำนักงานสถิติแห่งชาติ
2558,ไตรมาสที่ 1,ผู้บัญญัติกฎหมาย ข้าราชการระดับอาวุโสและผู้จัดการ,1726,ภาคตะวันออกเฉียงเหนือ,315.48,พันคน,สำนักงานสถิติแห่งชาติ
2558,ไตรมาสที่ 1,ผู้ประกอบวิชาชีพด้านต่างๆ,1727,ภาคตะวันออกเฉียงเหนือ,394.48,พันคน,สำนักงานสถิติแห่งชาติ
2558,ไตรมาสที่ 1,ผู้ประกอบวิชาชีพด้านเทคนิคสาขาต่าง ๆ และอาชีพที่เกี่ยวข้อง,1728,ภาคตะวันออกเฉียงเหนือ,219.18,พันคน,สำนักงานสถิติแห่งชาติ
2558,ไตรมาสที่ 1,เสมียน,1729,ภาคตะวันออกเฉียงเหนือ,212.76,พันคน,สำนักงานสถิติแห่งชาติ
2558,ไตรมาสที่ 1,พนักงานบริการและพนักงานในร้านค้าและตลาด,1730,ภาคตะวันออกเฉียงเหนือ,1653.08,พันคน,สำนักงานสถิติแห่งชาติ
2558,ไตรมาสที่ 1,ผู้ปฏิบัติงานที่มีฝีมือในด้านการเกษตรและการประมง,1731,ภาคตะวันออกเฉียงเหนือ,3805.43,พันคน,สำนักงานสถิติแห่งชาติ
2558,ไตรมาสที่ 1,ผู้ปฏิบัติงานด้านความสามารถทางฝีมือและธุรกิจการค้าที่เกี่ยวข้อง,1732,ภาคตะวันออกเฉียงเหนือ,1130.08,พันคน,สำนักงานสถิติแห่งชาติ
2558,ไตรมาสที่ 1,ผู้ปฏิบัติการโรงงานและเครื่องจักรและผู้ปฏิบัติงานด้านการประกอบ,1733,ภาคตะวันออกเฉียงเหนือ,505.41,พันคน,สำนักงานสถิติแห่งชาติ
2558,ไตรมาสที่ 1,อาชีพขั้นพื้นฐานต่างๆ ในด้านการขายและการให้บริการ,1734,ภาคตะวันออกเฉียงเหนือ,1175.05,พันคน,สำนักงานสถิติแห่งชาติ
2558,ไตรมาสที่ 1,คนงานซึ่งมิได้จำแนกไว้ในหมวดอื่น,1735,ภาคตะวันออกเฉียงเหนือ,0.35,พันคน,สำนักงานสถิติแห่งชาติ
2558,ไตรมาสที่ 1,ผู้บัญญัติกฎหมาย ข้าราชการระดับอาวุโสและผู้จัดการ,1736,ภาคใต้,141.74,พันคน,สำนักงานสถิติแห่งชาติ
2558,ไตรมาสที่ 1,ผู้ประกอบวิชาชีพด้านต่างๆ,1737,ภาคใต้,247.05,พันคน,สำนักงานสถิติแห่งชาติ
2558,ไตรมาสที่ 1,ผู้ประกอบวิชาชีพด้านเทคนิคสาขาต่าง ๆ และอาชีพที่เกี่ยวข้อง,1738,ภาคใต้,161.2,พันคน,สำนักงานสถิติแห่งชาติ
2558,ไตรมาสที่ 1,เสมียน,1739,ภาคใต้,144.48,พันคน,สำนักงานสถิติแห่งชาติ
2558,ไตรมาสที่ 1,พนักงานบริการและพนักงานในร้านค้าและตลาด,1740,ภาคใต้,1015.22,พันคน,สำนักงานสถิติแห่งชาติ
2558,ไตรมาสที่ 1,ผู้ปฏิบัติงานที่มีฝีมือในด้านการเกษตรและการประมง,1741,ภาคใต้,2135.58,พันคน,สำนักงานสถิติแห่งชาติ
2558,ไตรมาสที่ 1,ผู้ปฏิบัติงานด้านความสามารถทางฝีมือและธุรกิจการค้าที่เกี่ยวข้อง,1742,ภาคใต้,497.02,พันคน,สำนักงานสถิติแห่งชาติ
2558,ไตรมาสที่ 1,ผู้ปฏิบัติการโรงงานและเครื่องจักรและผู้ปฏิบัติงานด้านการประกอบ,1743,ภาคใต้,211.5,พันคน,สำนักงานสถิติแห่งชาติ
2558,ไตรมาสที่ 1,อาชีพขั้นพื้นฐานต่างๆ ในด้านการขายและการให้บริการ,1744,ภาคใต้,519.77,พันคน,สำนักงานสถิติแห่งชาติ
2558,ไตรมาสที่ 1,คนงานซึ่งมิได้จำแนกไว้ในหมวดอื่น,1745,ภาคใต้,0.72,พันคน,สำนักงานสถิติแห่งชาติ
2558,ไตรมาสที่ 2,ผู้บัญญัติกฎหมาย ข้าราชการระดับอาวุโสและผู้จัดการ,1746,กรุงเทพมหานคร,468.21,พันคน,สำนักงานสถิติแห่งชาติ
2558,ไตรมาสที่ 2,อาชีพขั้นพื้นฐานต่างๆ ในด้านการขายและการให้บริการ,1747,ภาคตะวันออกเฉียงเหนือ,979.25,พันคน,สำนักงานสถิติแห่งชาติ
2558,ไตรมาสที่ 2,คนงานซึ่งมิได้จำแนกไว้ในหมวดอื่น,1748,ภาคตะวันออกเฉียงเหนือ,0.0,พันคน,สำนักงานสถิติแห่งชาติ
2558,ไตรมาสที่ 2,ผู้บัญญัติกฎหมาย ข้าราชการระดับอาวุโสและผู้จัดการ,1749,ภาคใต้,122.67,พันคน,สำนักงานสถิติแห่งชาติ
2558,ไตรมาสที่ 2,ผู้ประกอบวิชาชีพด้านต่างๆ,1750,ภาคใต้,255.23,พันคน,สำนักงานสถิติแห่งชาติ
2558,ไตรมาสที่ 2,ผู้ประกอบวิชาชีพด้านเทคนิคสาขาต่าง ๆ และอาชีพที่เกี่ยวข้อง,1751,ภาคใต้,163.52,พันคน,สำนักงานสถิติแห่งชาติ
2558,ไตรมาสที่ 2,เสมียน,1752,ภาคใต้,149.68,พันคน,สำนักงานสถิติแห่งชาติ
2558,ไตรมาสที่ 2,พนักงานบริการและพนักงานในร้านค้าและตลาด,1753,ภาคใต้,1032.93,พันคน,สำนักงานสถิติแห่งชาติ
2558,ไตรมาสที่ 2,ผู้ปฏิบัติงานที่มีฝีมือในด้านการเกษตรและการประมง,1754,ภาคใต้,1971.8,พันคน,สำนักงานสถิติแห่งชาติ
2558,ไตรมาสที่ 2,ผู้ปฏิบัติงานด้านความสามารถทางฝีมือและธุรกิจการค้าที่เกี่ยวข้อง,1755,ภาคใต้,522.72,พันคน,สำนักงานสถิติแห่งชาติ
2558,ไตรมาสที่ 2,ผู้ปฏิบัติการโรงงานและเครื่องจักรและผู้ปฏิบัติงานด้านการประกอบ,1756,ภาคใต้,224.82,พันคน,สำนักงานสถิติแห่งชาติ
2558,ไตรมาสที่ 2,อาชีพขั้นพื้นฐานต่างๆ ในด้านการขายและการให้บริการ,1757,ภาคใต้,557.08,พันคน,สำนักงานสถิติแห่งชาติ
2558,ไตรมาสที่ 2,คนงานซึ่งมิได้จำแนกไว้ในหมวดอื่น,1758,ภาคใต้,1.86,พันคน,สำนักงานสถิติแห่งชาติ
2558,ไตรมาสที่ 3,ผู้บัญญัติกฎหมาย ข้าราชการระดับอาวุโสและผู้จัดการ,1759,กรุงเทพมหานคร,440.01,พันคน,สำนักงานสถิติแห่งชาติ
2558,ไตรมาสที่ 3,ผู้ประกอบวิชาชีพด้านต่างๆ,1760,กรุงเทพมหานคร,635.73,พันคน,สำนักงานสถิติแห่งชาติ
2558,ไตรมาสที่ 3,ผู้ประกอบวิชาชีพด้านเทคนิคสาขาต่าง ๆ และอาชีพที่เกี่ยวข้อง,1761,กรุงเทพมหานคร,548.72,พันคน,สำนักงานสถิติแห่งชาติ
2558,ไตรมาสที่ 3,เสมียน,1762,กรุงเทพมหานคร,400.13,พันคน,สำนักงานสถิติแห่งชาติ
2558,ไตรมาสที่ 3,พนักงานบริการและพนักงานในร้านค้าและตลาด,1763,กรุงเทพมหานคร,1365.67,พันคน,สำนักงานสถิติแห่งชาติ
2558,ไตรมาสที่ 3,ผู้ปฏิบัติงานที่มีฝีมือในด้านการเกษตรและการประมง,1764,กรุงเทพมหานคร,37.93,พันคน,สำนักงานสถิติแห่งชาติ
2558,ไตรมาสที่ 3,ผู้ปฏิบัติงานด้านความสามารถทางฝีมือและธุรกิจการค้าที่เกี่ยวข้อง,1765,กรุงเทพมหานคร,607.72,พันคน,สำนักงานสถิติแห่งชาติ
2558,ไตรมาสที่ 3,ผู้ปฏิบัติการโรงงานและเครื่องจักรและผู้ปฏิบัติงานด้านการประกอบ,1766,กรุงเทพมหานคร,683.72,พันคน,สำนักงานสถิติแห่งชาติ
2558,ไตรมาสที่ 3,อาชีพขั้นพื้นฐานต่างๆ ในด้านการขายและการให้บริการ,1767,กรุงเทพมหานคร,485.59,พันคน,สำนักงานสถิติแห่งชาติ
2558,ไตรมาสที่ 3,คนงานซึ่งมิได้จำแนกไว้ในหมวดอื่น,1768,กรุงเทพมหานคร,57.29,พันคน,สำนักงานสถิติแห่งชาติ
2558,ไตรมาสที่ 3,ผู้บัญญัติกฎหมาย ข้าราชการระดับอาวุโสและผู้จัดการ,1769,ภาคกลาง,485.06,พันคน,สำนักงานสถิติแห่งชาติ
2558,ไตรมาสที่ 3,ผู้ประกอบวิชาชีพด้านต่างๆ,1770,ภาคกลาง,626.77,พันคน,สำนักงานสถิติแห่งชาติ
2558,ไตรมาสที่ 3,ผู้ประกอบวิชาชีพด้านเทคนิคสาขาต่าง ๆ และอาชีพที่เกี่ยวข้อง,1771,ภาคกลาง,645.52,พันคน,สำนักงานสถิติแห่งชาติ
2558,ไตรมาสที่ 3,เสมียน,1772,ภาคกลาง,528.83,พันคน,สำนักงานสถิติแห่งชาติ
2558,ไตรมาสที่ 3,พนักงานบริการและพนักงานในร้านค้าและตลาด,1773,ภาคกลาง,2403.69,พันคน,สำนักงานสถิติแห่งชาติ
2558,ไตรมาสที่ 3,ผู้ปฏิบัติงานที่มีฝีมือในด้านการเกษตรและการประมง,1774,ภาคกลาง,1859.88,พันคน,สำนักงานสถิติแห่งชาติ
2558,ไตรมาสที่ 3,ผู้ปฏิบัติงานด้านความสามารถทางฝีมือและธุรกิจการค้าที่เกี่ยวข้อง,1775,ภาคกลาง,1560.03,พันคน,สำนักงานสถิติแห่งชาติ
2558,ไตรมาสที่ 3,ผู้ปฏิบัติการโรงงานและเครื่องจักรและผู้ปฏิบัติงานด้านการประกอบ,1776,ภาคกลาง,2034.45,พันคน,สำนักงานสถิติแห่งชาติ
2558,ไตรมาสที่ 3,อาชีพขั้นพื้นฐานต่างๆ ในด้านการขายและการให้บริการ,1777,ภาคกลาง,1411.71,พันคน,สำนักงานสถิติแห่งชาติ
2558,ไตรมาสที่ 3,คนงานซึ่งมิได้จำแนกไว้ในหมวดอื่น,1778,ภาคกลาง,25.0,พันคน,สำนักงานสถิติแห่งชาติ
2558,ไตรมาสที่ 3,ผู้บัญญัติกฎหมาย ข้าราชการระดับอาวุโสและผู้จัดการ,1779,ภาคเหนือ,150.58,พันคน,สำนักงานสถิติแห่งชาติ
2558,ไตรมาสที่ 3,ผู้ประกอบวิชาชีพด้านต่างๆ,1780,ภาคเหนือ,273.0,พันคน,สำนักงานสถิติแห่งชาติ
2558,ไตรมาสที่ 3,ผู้ประกอบวิชาชีพด้านเทคนิคสาขาต่าง ๆ และอาชีพที่เกี่ยวข้อง,1781,ภาคเหนือ,180.79,พันคน,สำนักงานสถิติแห่งชาติ
2558,ไตรมาสที่ 3,เสมียน,1782,ภาคเหนือ,186.49,พันคน,สำนักงานสถิติแห่งชาติ
2565,ไตรมาสที่ 1,เสมียน,1783,ภาคกลาง,740.5,พันคน,สำนักงานสถิติแห่งชาติ
2565,ไตรมาสที่ 1,พนักงานบริการและพนักงานในร้านค้าและตลาด,1784,ภาคกลาง,2679.4,พันคน,สำนักงานสถิติแห่งชาติ
2565,ไตรมาสที่ 1,ผู้ปฏิบัติงานที่มีฝีมือในด้านการเกษตรและการประมง,1785,ภาคกลาง,1861.8,พันคน,สำนักงานสถิติแห่งชาติ
2565,ไตรมาสที่ 1,ผู้ปฏิบัติงานด้านความสามารถทางฝีมือและธุรกิจการค้าที่เกี่ยวข้อง,1786,ภาคกลาง,1632.6,พันคน,สำนักงานสถิติแห่งชาติ
2565,ไตรมาสที่ 1,ผู้ปฏิบัติการโรงงานและเครื่องจักรและผู้ปฏิบัติงานด้านการประกอบ,1787,ภาคกลาง,2347.8,พันคน,สำนักงานสถิติแห่งชาติ
2565,ไตรมาสที่ 1,อาชีพขั้นพื้นฐานต่างๆ ในด้านการขายและการให้บริการ,1788,ภาคกลาง,1551.5,พันคน,สำนักงานสถิติแห่งชาติ
2565,ไตรมาสที่ 1,คนงานซึ่งมิได้จำแนกไว้ในหมวดอื่น,1789,ภาคกลาง,3.3,พันคน,สำนักงานสถิติแห่งชาติ
2565,ไตรมาสที่ 1,ผู้บัญญัติกฎหมาย ข้าราชการระดับอาวุโสและผู้จัดการ,1790,ภาคเหนือ,141.3,พันคน,สำนักงานสถิติแห่งชาติ
2565,ไตรมาสที่ 1,ผู้ประกอบวิชาชีพด้านต่างๆ,1791,ภาคเหนือ,299.5,พันคน,สำนักงานสถิติแห่งชาติ
2565,ไตรมาสที่ 1,ผู้ประกอบวิชาชีพด้านเทคนิคสาขาต่าง ๆ และอาชีพที่เกี่ยวข้อง,1792,ภาคเหนือ,163.7,พันคน,สำนักงานสถิติแห่งชาติ
2565,ไตรมาสที่ 1,เสมียน,1793,ภาคเหนือ,201.5,พันคน,สำนักงานสถิติแห่งชาติ
2565,ไตรมาสที่ 1,พนักงานบริการและพนักงานในร้านค้าและตลาด,1794,ภาคเหนือ,1153.2,พันคน,สำนักงานสถิติแห่งชาติ
2565,ไตรมาสที่ 1,ผู้ปฏิบัติงานที่มีฝีมือในด้านการเกษตรและการประมง,1795,ภาคเหนือ,2333.3,พันคน,สำนักงานสถิติแห่งชาติ
2565,ไตรมาสที่ 1,ผู้ปฏิบัติงานด้านความสามารถทางฝีมือและธุรกิจการค้าที่เกี่ยวข้อง,1796,ภาคเหนือ,606.7,พันคน,สำนักงานสถิติแห่งชาติ
2565,ไตรมาสที่ 1,ผู้ปฏิบัติการโรงงานและเครื่องจักรและผู้ปฏิบัติงานด้านการประกอบ,1797,ภาคเหนือ,301.4,พันคน,สำนักงานสถิติแห่งชาติ
2565,ไตรมาสที่ 1,อาชีพขั้นพื้นฐานต่างๆ ในด้านการขายและการให้บริการ,1798,ภาคเหนือ,885.0,พันคน,สำนักงานสถิติแห่งชาติ
2565,ไตรมาสที่ 1,คนงานซึ่งมิได้จำแนกไว้ในหมวดอื่น,1799,ภาคเหนือ,0.0,พันคน,สำนักงานสถิติแห่งชาติ
2565,ไตรมาสที่ 1,ผู้บัญญัติกฎหมาย ข้าราชการระดับอาวุโสและผู้จัดการ,1800,ภาคตะวันออกเฉียงเหนือ,283.6,พันคน,สำนักงานสถิติแห่งชาติ
2565,ไตรมาสที่ 1,ผู้ประกอบวิชาชีพด้านต่างๆ,1801,ภาคตะวันออกเฉียงเหนือ,429.8,พันคน,สำนักงานสถิติแห่งชาติ
2565,ไตรมาสที่ 1,ผู้ประกอบวิชาชีพด้านเทคนิคสาขาต่าง ๆ และอาชีพที่เกี่ยวข้อง,1802,ภาคตะวันออกเฉียงเหนือ,196.4,พันคน,สำนักงานสถิติแห่งชาติ
2565,ไตรมาสที่ 1,เสมียน,1803,ภาคตะวันออกเฉียงเหนือ,212.0,พันคน,สำนักงานสถิติแห่งชาติ
2565,ไตรมาสที่ 1,พนักงานบริการและพนักงานในร้านค้าและตลาด,1804,ภาคตะวันออกเฉียงเหนือ,1539.2,พันคน,สำนักงานสถิติแห่งชาติ
2565,ไตรมาสที่ 1,ผู้ปฏิบัติงานที่มีฝีมือในด้านการเกษตรและการประมง,1805,ภาคตะวันออกเฉียงเหนือ,3930.4,พันคน,สำนักงานสถิติแห่งชาติ
2565,ไตรมาสที่ 1,ผู้ปฏิบัติงานด้านความสามารถทางฝีมือและธุรกิจการค้าที่เกี่ยวข้อง,1806,ภาคตะวันออกเฉียงเหนือ,867.4,พันคน,สำนักงานสถิติแห่งชาติ
2565,ไตรมาสที่ 1,ผู้ปฏิบัติการโรงงานและเครื่องจักรและผู้ปฏิบัติงานด้านการประกอบ,1807,ภาคตะวันออกเฉียงเหนือ,397.6,พันคน,สำนักงานสถิติแห่งชาติ
2565,ไตรมาสที่ 1,อาชีพขั้นพื้นฐานต่างๆ ในด้านการขายและการให้บริการ,1808,ภาคตะวันออกเฉียงเหนือ,1135.0,พันคน,สำนักงานสถิติแห่งชาติ
2565,ไตรมาสที่ 1,คนงานซึ่งมิได้จำแนกไว้ในหมวดอื่น,1809,ภาคตะวันออกเฉียงเหนือ,0.0,พันคน,สำนักงานสถิติแห่งชาติ
2565,ไตรมาสที่ 1,ผู้บัญญัติกฎหมาย ข้าราชการระดับอาวุโสและผู้จัดการ,1810,ภาคใต้,129.2,พันคน,สำนักงานสถิติแห่งชาติ
2565,ไตรมาสที่ 1,ผู้ประกอบวิชาชีพด้านต่างๆ,1811,ภาคใต้,271.8,พันคน,สำนักงานสถิติแห่งชาติ
2565,ไตรมาสที่ 1,ผู้ประกอบวิชาชีพด้านเทคนิคสาขาต่าง ๆ และอาชีพที่เกี่ยวข้อง,1812,ภาคใต้,173.8,พันคน,สำนักงานสถิติแห่งชาติ
2565,ไตรมาสที่ 1,เสมียน,1813,ภาคใต้,178.8,พันคน,สำนักงานสถิติแห่งชาติ
2565,ไตรมาสที่ 1,พนักงานบริการและพนักงานในร้านค้าและตลาด,1814,ภาคใต้,1091.5,พันคน,สำนักงานสถิติแห่งชาติ
2565,ไตรมาสที่ 1,ผู้ปฏิบัติงานที่มีฝีมือในด้านการเกษตรและการประมง,1815,ภาคใต้,2012.3,พันคน,สำนักงานสถิติแห่งชาติ
2565,ไตรมาสที่ 1,ผู้ปฏิบัติงานด้านความสามารถทางฝีมือและธุรกิจการค้าที่เกี่ยวข้อง,1816,ภาคใต้,542.7,พันคน,สำนักงานสถิติแห่งชาติ
2565,ไตรมาสที่ 1,ผู้ปฏิบัติการโรงงานและเครื่องจักรและผู้ปฏิบัติงานด้านการประกอบ,1817,ภาคใต้,199.0,พันคน,สำนักงานสถิติแห่งชาติ
2565,ไตรมาสที่ 1,อาชีพขั้นพื้นฐานต่างๆ ในด้านการขายและการให้บริการ,1818,ภาคใต้,615.3,พันคน,สำนักงานสถิติแห่งชาติ
2565,ไตรมาสที่ 1,คนงานซึ่งมิได้จำแนกไว้ในหมวดอื่น,1819,ภาคใต้,0.0,พันคน,สำนักงานสถิติแห่งชาติ
2565,ไตรมาสที่ 2,ผู้บัญญัติกฎหมาย ข้าราชการระดับอาวุโสและผู้จัดการ,1820,กรุงเทพมหานคร,337.0,พันคน,สำนักงานสถิติแห่งชาติ
2565,ไตรมาสที่ 2,ผู้ประกอบวิชาชีพด้านต่างๆ,1821,กรุงเทพมหานคร,599.5,พันคน,สำนักงานสถิติแห่งชาติ
2565,ไตรมาสที่ 2,ผู้ประกอบวิชาชีพด้านเทคนิคสาขาต่าง ๆ และอาชีพที่เกี่ยวข้อง,1822,กรุงเทพมหานคร,565.1,พันคน,สำนักงานสถิติแห่งชาติ
2565,ไตรมาสที่ 2,เสมียน,1823,กรุงเทพมหานคร,508.7,พันคน,สำนักงานสถิติแห่งชาติ
2565,ไตรมาสที่ 2,พนักงานบริการและพนักงานในร้านค้าและตลาด,1824,กรุงเทพมหานคร,1564.2,พันคน,สำนักงานสถิติแห่งชาติ
2565,ไตรมาสที่ 2,ผู้ปฏิบัติงานที่มีฝีมือในด้านการเกษตรและการประมง,1825,กรุงเทพมหานคร,28.0,พันคน,สำนักงานสถิติแห่งชาติ
2565,ไตรมาสที่ 2,ผู้ปฏิบัติงานด้านความสามารถทางฝีมือและธุรกิจการค้าที่เกี่ยวข้อง,1826,กรุงเทพมหานคร,571.2,พันคน,สำนักงานสถิติแห่งชาติ
2565,ไตรมาสที่ 2,ผู้ปฏิบัติการโรงงานและเครื่องจักรและผู้ปฏิบัติงานด้านการประกอบ,1827,กรุงเทพมหานคร,802.4,พันคน,สำนักงานสถิติแห่งชาติ
2565,ไตรมาสที่ 2,อาชีพขั้นพื้นฐานต่างๆ ในด้านการขายและการให้บริการ,1828,กรุงเทพมหานคร,638.1,พันคน,สำนักงานสถิติแห่งชาติ
2565,ไตรมาสที่ 2,คนงานซึ่งมิได้จำแนกไว้ในหมวดอื่น,1829,กรุงเทพมหานคร,11.3,พันคน,สำนักงานสถิติแห่งชาติ
2565,ไตรมาสที่ 2,ผู้บัญญัติกฎหมาย ข้าราชการระดับอาวุโสและผู้จัดการ,1830,ภาคกลาง,487.5,พันคน,สำนักงานสถิติแห่งชาติ
2565,ไตรมาสที่ 2,ผู้ประกอบวิชาชีพด้านต่างๆ,1831,ภาคกลาง,756.7,พันคน,สำนักงานสถิติแห่งชาติ
2565,ไตรมาสที่ 2,ผู้ประกอบวิชาชีพด้านเทคนิคสาขาต่าง ๆ และอาชีพที่เกี่ยวข้อง,1832,ภาคกลาง,863.6,พันคน,สำนักงานสถิติแห่งชาติ
2565,ไตรมาสที่ 2,เสมียน,1833,ภาคกลาง,728.0,พันคน,สำนักงานสถิติแห่งชาติ
2565,ไตรมาสที่ 2,พนักงานบริการและพนักงานในร้านค้าและตลาด,1834,ภาคกลาง,2675.8,พันคน,สำนักงานสถิติแห่งชาติ
2565,ไตรมาสที่ 2,ผู้ปฏิบัติงานที่มีฝีมือในด้านการเกษตรและการประมง,1835,ภาคกลาง,1837.7,พันคน,สำนักงานสถิติแห่งชาติ
2565,ไตรมาสที่ 2,ผู้ปฏิบัติงานด้านความสามารถทางฝีมือและธุรกิจการค้าที่เกี่ยวข้อง,1836,ภาคกลาง,1620.1,พันคน,สำนักงานสถิติแห่งชาติ
2565,ไตรมาสที่ 2,ผู้ปฏิบัติการโรงงานและเครื่องจักรและผู้ปฏิบัติงานด้านการประกอบ,1837,ภาคกลาง,2258.5,พันคน,สำนักงานสถิติแห่งชาติ
2565,ไตรมาสที่ 2,อาชีพขั้นพื้นฐานต่างๆ ในด้านการขายและการให้บริการ,1838,ภาคกลาง,1579.1,พันคน,สำนักงานสถิติแห่งชาติ
2565,ไตรมาสที่ 2,คนงานซึ่งมิได้จำแนกไว้ในหมวดอื่น,1839,ภาคกลาง,5.3,พันคน,สำนักงานสถิติแห่งชาติ
2565,ไตรมาสที่ 2,ผู้บัญญัติกฎหมาย ข้าราชการระดับอาวุโสและผู้จัดการ,1840,ภาคเหนือ,144.3,พันคน,สำนักงานสถิติแห่งชาติ
2565,ไตรมาสที่ 2,ผู้ประกอบวิชาชีพด้านต่างๆ,1841,ภาคเหนือ,319.1,พันคน,สำนักงานสถิติแห่งชาติ
2565,ไตรมาสที่ 2,ผู้ประกอบวิชาชีพด้านเทคนิคสาขาต่าง ๆ และอาชีพที่เกี่ยวข้อง,1842,ภาคเหนือ,172.4,พันคน,สำนักงานสถิติแห่งชาติ
2565,ไตรมาสที่ 2,เสมียน,1843,ภาคเหนือ,189.3,พันคน,สำนักงานสถิติแห่งชาติ
2565,ไตรมาสที่ 2,พนักงานบริการและพนักงานในร้านค้าและตลาด,1844,ภาคเหนือ,1145.5,พันคน,สำนักงานสถิติแห่งชาติ
2565,ไตรมาสที่ 2,ผู้ปฏิบัติงานที่มีฝีมือในด้านการเกษตรและการประมง,1845,ภาคเหนือ,2416.3,พันคน,สำนักงานสถิติแห่งชาติ
2565,ไตรมาสที่ 2,ผู้ปฏิบัติงานด้านความสามารถทางฝีมือและธุรกิจการค้าที่เกี่ยวข้อง,1846,ภาคเหนือ,636.0,พันคน,สำนักงานสถิติแห่งชาติ
2565,ไตรมาสที่ 2,ผู้ปฏิบัติการโรงงานและเครื่องจักรและผู้ปฏิบัติงานด้านการประกอบ,1847,ภาคเหนือ,284.2,พันคน,สำนักงานสถิติแห่งชาติ
2565,ไตรมาสที่ 2,อาชีพขั้นพื้นฐานต่างๆ ในด้านการขายและการให้บริการ,1848,ภาคเหนือ,770.4,พันคน,สำนักงานสถิติแห่งชาติ
2565,ไตรมาสที่ 2,คนงานซึ่งมิได้จำแนกไว้ในหมวดอื่น,1849,ภาคเหนือ,0.0,พันคน,สำนักงานสถิติแห่งชาติ
2565,ไตรมาสที่ 2,ผู้บัญญัติกฎหมาย ข้าราชการระดับอาวุโสและผู้จัดการ,1850,ภาคตะวันออกเฉียงเหนือ,260.6,พันคน,สำนักงานสถิติแห่งชาติ
2565,ไตรมาสที่ 2,ผู้ประกอบวิชาชีพด้านต่างๆ,1851,ภาคตะวันออกเฉียงเหนือ,444.9,พันคน,สำนักงานสถิติแห่งชาติ
2565,ไตรมาสที่ 2,ผู้ประกอบวิชาชีพด้านเทคนิคสาขาต่าง ๆ และอาชีพที่เกี่ยวข้อง,1852,ภาคตะวันออกเฉียงเหนือ,205.3,พันคน,สำนักงานสถิติแห่งชาติ
2565,ไตรมาสที่ 2,เสมียน,1853,ภาคตะวันออกเฉียงเหนือ,231.8,พันคน,สำนักงานสถิติแห่งชาติ
2565,ไตรมาสที่ 2,พนักงานบริการและพนักงานในร้านค้าและตลาด,1854,ภาคตะวันออกเฉียงเหนือ,1554.6,พันคน,สำนักงานสถิติแห่งชาติ
2565,ไตรมาสที่ 2,ผู้ปฏิบัติงานที่มีฝีมือในด้านการเกษตรและการประมง,1855,ภาคตะวันออกเฉียงเหนือ,4391.5,พันคน,สำนักงานสถิติแห่งชาติ
2565,ไตรมาสที่ 2,ผู้ปฏิบัติงานด้านความสามารถทางฝีมือและธุรกิจการค้าที่เกี่ยวข้อง,1856,ภาคตะวันออกเฉียงเหนือ,806.8,พันคน,สำนักงานสถิติแห่งชาติ
2565,ไตรมาสที่ 2,ผู้ปฏิบัติการโรงงานและเครื่องจักรและผู้ปฏิบัติงานด้านการประกอบ,1857,ภาคตะวันออกเฉียงเหนือ,402.5,พันคน,สำนักงานสถิติแห่งชาติ
2565,ไตรมาสที่ 2,อาชีพขั้นพื้นฐานต่างๆ ในด้านการขายและการให้บริการ,1858,ภาคตะวันออกเฉียงเหนือ,962.2,พันคน,สำนักงานสถิติแห่งชาติ
2565,ไตรมาสที่ 2,คนงานซึ่งมิได้จำแนกไว้ในหมวดอื่น,1859,ภาคตะวันออกเฉียงเหนือ,0.0,พันคน,สำนักงานสถิติแห่งชาติ
2565,ไตรมาสที่ 2,ผู้บัญญัติกฎหมาย ข้าราชการระดับอาวุโสและผู้จัดการ,1860,ภาคใต้,113.1,พันคน,สำนักงานสถิติแห่งชาติ
2565,ไตรมาสที่ 2,ผู้ประกอบวิชาชีพด้านต่างๆ,1861,ภาคใต้,286.7,พันคน,สำนักงานสถิติแห่งชาติ
2565,ไตรมาสที่ 2,ผู้ประกอบวิชาชีพด้านเทคนิคสาขาต่าง ๆ และอาชีพที่เกี่ยวข้อง,1862,ภาคใต้,172.8,พันคน,สำนักงานสถิติแห่งชาติ
2565,ไตรมาสที่ 2,เสมียน,1863,ภาคใต้,171.8,พันคน,สำนักงานสถิติแห่งชาติ
2565,ไตรมาสที่ 2,พนักงานบริการและพนักงานในร้านค้าและตลาด,1864,ภาคใต้,1122.0,พันคน,สำนักงานสถิติแห่งชาติ
2565,ไตรมาสที่ 2,ผู้ปฏิบัติงานที่มีฝีมือในด้านการเกษตรและการประมง,1865,ภาคใต้,2001.5,พันคน,สำนักงานสถิติแห่งชาติ
2565,ไตรมาสที่ 2,ผู้ปฏิบัติงานด้านความสามารถทางฝีมือและธุรกิจการค้าที่เกี่ยวข้อง,1866,ภาคใต้,548.7,พันคน,สำนักงานสถิติแห่งชาติ
2565,ไตรมาสที่ 2,ผู้ปฏิบัติการโรงงานและเครื่องจักรและผู้ปฏิบัติงานด้านการประกอบ,1867,ภาคใต้,203.5,พันคน,สำนักงานสถิติแห่งชาติ
2565,ไตรมาสที่ 2,อาชีพขั้นพื้นฐานต่างๆ ในด้านการขายและการให้บริการ,1868,ภาคใต้,615.5,พันคน,สำนักงานสถิติแห่งชาติ
2565,ไตรมาสที่ 2,คนงานซึ่งมิได้จำแนกไว้ในหมวดอื่น,1869,ภาคใต้,0.0,พันคน,สำนักงานสถิติแห่งชาติ
2565,ไตรมาสที่ 3,ผู้บัญญัติกฎหมาย ข้าราชการระดับอาวุโสและผู้จัดการ,1870,กรุงเทพมหานคร,318.4,พันคน,สำนักงานสถิติแห่งชาติ
2565,ไตรมาสที่ 3,ผู้ประกอบวิชาชีพด้านต่างๆ,1871,กรุงเทพมหานคร,551.6,พันคน,สำนักงานสถิติแห่งชาติ
2565,ไตรมาสที่ 3,ผู้ประกอบวิชาชีพด้านเทคนิคสาขาต่าง ๆ และอาชีพที่เกี่ยวข้อง,1872,กรุงเทพมหานคร,543.0,พันคน,สำนักงานสถิติแห่งชาติ
2565,ไตรมาสที่ 3,เสมียน,1873,กรุงเทพมหานคร,470.5,พันคน,สำนักงานสถิติแห่งชาติ
2565,ไตรมาสที่ 3,พนักงานบริการและพนักงานในร้านค้าและตลาด,1874,กรุงเทพมหานคร,1610.4,พันคน,สำนักงานสถิติแห่งชาติ
2565,ไตรมาสที่ 3,ผู้ปฏิบัติงานที่มีฝีมือในด้านการเกษตรและการประมง,1875,กรุงเทพมหานคร,27.4,พันคน,สำนักงานสถิติแห่งชาติ
2565,ไตรมาสที่ 3,ผู้ปฏิบัติงานด้านความสามารถทางฝีมือและธุรกิจการค้าที่เกี่ยวข้อง,1876,กรุงเทพมหานคร,576.4,พันคน,สำนักงานสถิติแห่งชาติ
2565,ไตรมาสที่ 3,ผู้ปฏิบัติการโรงงานและเครื่องจักรและผู้ปฏิบัติงานด้านการประกอบ,1877,กรุงเทพมหานคร,845.8,พันคน,สำนักงานสถิติแห่งชาติ
2565,ไตรมาสที่ 3,อาชีพขั้นพื้นฐานต่างๆ ในด้านการขายและการให้บริการ,1878,กรุงเทพมหานคร,661.5,พันคน,สำนักงานสถิติแห่งชาติ
2565,ไตรมาสที่ 3,คนงานซึ่งมิได้จำแนกไว้ในหมวดอื่น,1879,กรุงเทพมหานคร,29.9,พันคน,สำนักงานสถิติแห่งชาติ
2565,ไตรมาสที่ 3,ผู้บัญญัติกฎหมาย ข้าราชการระดับอาวุโสและผู้จัดการ,1880,ภาคกลาง,518.0,พันคน,สำนักงานสถิติแห่งชาติ
2565,ไตรมาสที่ 3,ผู้ประกอบวิชาชีพด้านต่างๆ,1881,ภาคกลาง,765.9,พันคน,สำนักงานสถิติแห่งชาติ
2565,ไตรมาสที่ 3,ผู้ประกอบวิชาชีพด้านเทคนิคสาขาต่าง ๆ และอาชีพที่เกี่ยวข้อง,1882,ภาคกลาง,865.6,พันคน,สำนักงานสถิติแห่งชาติ
2565,ไตรมาสที่ 3,เสมียน,1883,ภาคกลาง,779.0,พันคน,สำนักงานสถิติแห่งชาติ
2565,ไตรมาสที่ 3,พนักงานบริการและพนักงานในร้านค้าและตลาด,1884,ภาคกลาง,2622.5,พันคน,สำนักงานสถิติแห่งชาติ
2565,ไตรมาสที่ 3,ผู้ปฏิบัติงานที่มีฝีมือในด้านการเกษตรและการประมง,1885,ภาคกลาง,1805.6,พันคน,สำนักงานสถิติแห่งชาติ
2565,ไตรมาสที่ 3,ผู้ปฏิบัติงานด้านความสามารถทางฝีมือและธุรกิจการค้าที่เกี่ยวข้อง,1886,ภาคกลาง,1623.6,พันคน,สำนักงานสถิติแห่งชาติ
2565,ไตรมาสที่ 3,ผู้ปฏิบัติการโรงงานและเครื่องจักรและผู้ปฏิบัติงานด้านการประกอบ,1887,ภาคกลาง,2331.4,พันคน,สำนักงานสถิติแห่งชาติ
2565,ไตรมาสที่ 3,อาชีพขั้นพื้นฐานต่างๆ ในด้านการขายและการให้บริการ,1888,ภาคกลาง,1517.5,พันคน,สำนักงานสถิติแห่งชาติ
2565,ไตรมาสที่ 3,คนงานซึ่งมิได้จำแนกไว้ในหมวดอื่น,1889,ภาคกลาง,10.3,พันคน,สำนักงานสถิติแห่งชาติ
2565,ไตรมาสที่ 3,ผู้บัญญัติกฎหมาย ข้าราชการระดับอาวุโสและผู้จัดการ,1890,ภาคเหนือ,127.2,พันคน,สำนักงานสถิติแห่งชาติ
2565,ไตรมาสที่ 3,ผู้ประกอบวิชาชีพด้านต่างๆ,1891,ภาคเหนือ,326.1,พันคน,สำนักงานสถิติแห่งชาติ
2565,ไตรมาสที่ 3,ผู้ประกอบวิชาชีพด้านเทคนิคสาขาต่าง ๆ และอาชีพที่เกี่ยวข้อง,1892,ภาคเหนือ,162.8,พันคน,สำนักงานสถิติแห่งชาติ
2565,ไตรมาสที่ 3,เสมียน,1893,ภาคเหนือ,203.3,พันคน,สำนักงานสถิติแห่งชาติ
2565,ไตรมาสที่ 3,พนักงานบริการและพนักงานในร้านค้าและตลาด,1894,ภาคเหนือ,1168.6,พันคน,สำนักงานสถิติแห่งชาติ
2565,ไตรมาสที่ 3,ผู้ปฏิบัติงานที่มีฝีมือในด้านการเกษตรและการประมง,1895,ภาคเหนือ,2553.8,พันคน,สำนักงานสถิติแห่งชาติ
2565,ไตรมาสที่ 3,ผู้ปฏิบัติงานด้านความสามารถทางฝีมือและธุรกิจการค้าที่เกี่ยวข้อง,1896,ภาคเหนือ,632.6,พันคน,สำนักงานสถิติแห่งชาติ
2565,ไตรมาสที่ 3,ผู้ปฏิบัติการโรงงานและเครื่องจักรและผู้ปฏิบัติงานด้านการประกอบ,1897,ภาคเหนือ,282.8,พันคน,สำนักงานสถิติแห่งชาติ
2565,ไตรมาสที่ 3,อาชีพขั้นพื้นฐานต่างๆ ในด้านการขายและการให้บริการ,1898,ภาคเหนือ,733.9,พันคน,สำนักงานสถิติแห่งชาติ
2565,ไตรมาสที่ 3,คนงานซึ่งมิได้จำแนกไว้ในหมวดอื่น,1899,ภาคเหนือ,0.0,พันคน,สำนักงานสถิติแห่งชาติ
2565,ไตรมาสที่ 3,ผู้บัญญัติกฎหมาย ข้าราชการระดับอาวุโสและผู้จัดการ,1900,ภาคตะวันออกเฉียงเหนือ,239.1,พันคน,สำนักงานสถิติแห่งชาติ
2565,ไตรมาสที่ 3,ผู้ประกอบวิชาชีพด้านต่างๆ,1901,ภาคตะวันออกเฉียงเหนือ,422.3,พันคน,สำนักงานสถิติแห่งชาติ
2565,ไตรมาสที่ 3,ผู้ประกอบวิชาชีพด้านเทคนิคสาขาต่าง ๆ และอาชีพที่เกี่ยวข้อง,1902,ภาคตะวันออกเฉียงเหนือ,190.8,พันคน,สำนักงานสถิติแห่งชาติ
2565,ไตรมาสที่ 3,เสมียน,1903,ภาคตะวันออกเฉียงเหนือ,215.9,พันคน,สำนักงานสถิติแห่งชาติ
2565,ไตรมาสที่ 3,พนักงานบริการและพนักงานในร้านค้าและตลาด,1904,ภาคตะวันออกเฉียงเหนือ,1577.0,พันคน,สำนักงานสถิติแห่งชาติ
2565,ไตรมาสที่ 3,ผู้ปฏิบัติงานที่มีฝีมือในด้านการเกษตรและการประมง,1905,ภาคตะวันออกเฉียงเหนือ,5174.4,พันคน,สำนักงานสถิติแห่งชาติ
2565,ไตรมาสที่ 3,ผู้ปฏิบัติงานด้านความสามารถทางฝีมือและธุรกิจการค้าที่เกี่ยวข้อง,1906,ภาคตะวันออกเฉียงเหนือ,748.0,พันคน,สำนักงานสถิติแห่งชาติ
2565,ไตรมาสที่ 3,ผู้ปฏิบัติการโรงงานและเครื่องจักรและผู้ปฏิบัติงานด้านการประกอบ,1907,ภาคตะวันออกเฉียงเหนือ,330.3,พันคน,สำนักงานสถิติแห่งชาติ
2565,ไตรมาสที่ 3,อาชีพขั้นพื้นฐานต่างๆ ในด้านการขายและการให้บริการ,1908,ภาคตะวันออกเฉียงเหนือ,786.7,พันคน,สำนักงานสถิติแห่งชาติ
2565,ไตรมาสที่ 3,คนงานซึ่งมิได้จำแนกไว้ในหมวดอื่น,1909,ภาคตะวันออกเฉียงเหนือ,0.0,พันคน,สำนักงานสถิติแห่งชาติ
2565,ไตรมาสที่ 3,ผู้บัญญัติกฎหมาย ข้าราชการระดับอาวุโสและผู้จัดการ,1910,ภาคใต้,112.0,พันคน,สำนักงานสถิติแห่งชาติ
2565,ไตรมาสที่ 3,ผู้ประกอบวิชาชีพด้านต่างๆ,1911,ภาคใต้,280.0,พันคน,สำนักงานสถิติแห่งชาติ
2565,ไตรมาสที่ 3,ผู้ประกอบวิชาชีพด้านเทคนิคสาขาต่าง ๆ และอาชีพที่เกี่ยวข้อง,1912,ภาคใต้,183.1,พันคน,สำนักงานสถิติแห่งชาติ
2565,ไตรมาสที่ 3,เสมียน,1913,ภาคใต้,189.2,พันคน,สำนักงานสถิติแห่งชาติ
2565,ไตรมาสที่ 3,พนักงานบริการและพนักงานในร้านค้าและตลาด,1914,ภาคใต้,1144.1,พันคน,สำนักงานสถิติแห่งชาติ
2565,ไตรมาสที่ 3,ผู้ปฏิบัติงานที่มีฝีมือในด้านการเกษตรและการประมง,1915,ภาคใต้,2019.0,พันคน,สำนักงานสถิติแห่งชาติ
2565,ไตรมาสที่ 3,ผู้ปฏิบัติงานด้านความสามารถทางฝีมือและธุรกิจการค้าที่เกี่ยวข้อง,1916,ภาคใต้,517.5,พันคน,สำนักงานสถิติแห่งชาติ
2565,ไตรมาสที่ 3,ผู้ปฏิบัติการโรงงานและเครื่องจักรและผู้ปฏิบัติงานด้านการประกอบ,1917,ภาคใต้,206.9,พันคน,สำนักงานสถิติแห่งชาติ
2565,ไตรมาสที่ 3,อาชีพขั้นพื้นฐานต่างๆ ในด้านการขายและการให้บริการ,1918,ภาคใต้,564.2,พันคน,สำนักงานสถิติแห่งชาติ
2565,ไตรมาสที่ 3,คนงานซึ่งมิได้จำแนกไว้ในหมวดอื่น,1919,ภาคใต้,0.0,พันคน,สำนักงานสถิติแห่งชาติ
2565,ไตรมาสที่ 4,ผู้บัญญัติกฎหมาย ข้าราชการระดับอาวุโสและผู้จัดการ,1920,กรุงเทพมหานคร,314.5,พันคน,สำนักงานสถิติแห่งชาติ
2565,ไตรมาสที่ 4,ผู้ประกอบวิชาชีพด้านต่างๆ,1921,กรุงเทพมหานคร,582.9,พันคน,สำนักงานสถิติแห่งชาติ
2565,ไตรมาสที่ 4,ผู้ประกอบวิชาชีพด้านเทคนิคสาขาต่าง ๆ และอาชีพที่เกี่ยวข้อง,1922,กรุงเทพมหานคร,548.1,พันคน,สำนักงานสถิติแห่งชาติ
2565,ไตรมาสที่ 4,เสมียน,1923,กรุงเทพมหานคร,493.6,พันคน,สำนักงานสถิติแห่งชาติ
2565,ไตรมาสที่ 4,พนักงานบริการและพนักงานในร้านค้าและตลาด,1924,กรุงเทพมหานคร,1607.0,พันคน,สำนักงานสถิติแห่งชาติ
2565,ไตรมาสที่ 4,ผู้ปฏิบัติงานที่มีฝีมือในด้านการเกษตรและการประมง,1925,กรุงเทพมหานคร,18.3,พันคน,สำนักงานสถิติแห่งชาติ
2565,ไตรมาสที่ 4,ผู้ปฏิบัติงานด้านความสามารถทางฝีมือและธุรกิจการค้าที่เกี่ยวข้อง,1926,กรุงเทพมหานคร,617.8,พันคน,สำนักงานสถิติแห่งชาติ
2565,ไตรมาสที่ 4,ผู้ปฏิบัติการโรงงานและเครื่องจักรและผู้ปฏิบัติงานด้านการประกอบ,1927,กรุงเทพมหานคร,826.0,พันคน,สำนักงานสถิติแห่งชาติ
2565,ไตรมาสที่ 4,อาชีพขั้นพื้นฐานต่างๆ ในด้านการขายและการให้บริการ,1928,กรุงเทพมหานคร,677.6,พันคน,สำนักงานสถิติแห่งชาติ
2565,ไตรมาสที่ 4,คนงานซึ่งมิได้จำแนกไว้ในหมวดอื่น,1929,กรุงเทพมหานคร,6.9,พันคน,สำนักงานสถิติแห่งชาติ
2565,ไตรมาสที่ 4,ผู้บัญญัติกฎหมาย ข้าราชการระดับอาวุโสและผู้จัดการ,1930,ภาคกลาง,553.3,พันคน,สำนักงานสถิติแห่งชาติ
2565,ไตรมาสที่ 4,ผู้ประกอบวิชาชีพด้านต่างๆ,1931,ภาคกลาง,781.7,พันคน,สำนักงานสถิติแห่งชาติ
2565,ไตรมาสที่ 4,ผู้ประกอบวิชาชีพด้านเทคนิคสาขาต่าง ๆ และอาชีพที่เกี่ยวข้อง,1932,ภาคกลาง,794.6,พันคน,สำนักงานสถิติแห่งชาติ
2565,ไตรมาสที่ 4,เสมียน,1933,ภาคกลาง,835.7,พันคน,สำนักงานสถิติแห่งชาติ
2565,ไตรมาสที่ 4,พนักงานบริการและพนักงานในร้านค้าและตลาด,1934,ภาคกลาง,2649.1,พันคน,สำนักงานสถิติแห่งชาติ
2565,ไตรมาสที่ 4,ผู้ปฏิบัติงานที่มีฝีมือในด้านการเกษตรและการประมง,1935,ภาคกลาง,1826.0,พันคน,สำนักงานสถิติแห่งชาติ
2565,ไตรมาสที่ 4,ผู้ปฏิบัติงานด้านความสามารถทางฝีมือและธุรกิจการค้าที่เกี่ยวข้อง,1936,ภาคกลาง,1636.3,พันคน,สำนักงานสถิติแห่งชาติ
2565,ไตรมาสที่ 4,ผู้ปฏิบัติการโรงงานและเครื่องจักรและผู้ปฏิบัติงานด้านการประกอบ,1937,ภาคกลาง,2285.1,พันคน,สำนักงานสถิติแห่งชาติ
2565,ไตรมาสที่ 4,อาชีพขั้นพื้นฐานต่างๆ ในด้านการขายและการให้บริการ,1938,ภาคกลาง,1548.4,พันคน,สำนักงานสถิติแห่งชาติ
2565,ไตรมาสที่ 4,คนงานซึ่งมิได้จำแนกไว้ในหมวดอื่น,1939,ภาคกลาง,5.6,พันคน,สำนักงานสถิติแห่งชาติ
2565,ไตรมาสที่ 4,ผู้บัญญัติกฎหมาย ข้าราชการระดับอาวุโสและผู้จัดการ,1940,ภาคเหนือ,124.2,พันคน,สำนักงานสถิติแห่งชาติ
2565,ไตรมาสที่ 4,ผู้ประกอบวิชาชีพด้านต่างๆ,1941,ภาคเหนือ,302.9,พันคน,สำนักงานสถิติแห่งชาติ
2565,ไตรมาสที่ 4,ผู้ประกอบวิชาชีพด้านเทคนิคสาขาต่าง ๆ และอาชีพที่เกี่ยวข้อง,1942,ภาคเหนือ,173.2,พันคน,สำนักงานสถิติแห่งชาติ
2565,ไตรมาสที่ 4,เสมียน,1943,ภาคเหนือ,219.3,พันคน,สำนักงานสถิติแห่งชาติ
2565,ไตรมาสที่ 4,พนักงานบริการและพนักงานในร้านค้าและตลาด,1944,ภาคเหนือ,1177.9,พันคน,สำนักงานสถิติแห่งชาติ
2565,ไตรมาสที่ 4,ผู้ปฏิบัติงานที่มีฝีมือในด้านการเกษตรและการประมง,1945,ภาคเหนือ,2504.7,พันคน,สำนักงานสถิติแห่งชาติ
2565,ไตรมาสที่ 4,ผู้ปฏิบัติงานด้านความสามารถทางฝีมือและธุรกิจการค้าที่เกี่ยวข้อง,1946,ภาคเหนือ,671.8,พันคน,สำนักงานสถิติแห่งชาติ
2565,ไตรมาสที่ 4,ผู้ปฏิบัติการโรงงานและเครื่องจักรและผู้ปฏิบัติงานด้านการประกอบ,1947,ภาคเหนือ,272.6,พันคน,สำนักงานสถิติแห่งชาติ
2565,ไตรมาสที่ 4,อาชีพขั้นพื้นฐานต่างๆ ในด้านการขายและการให้บริการ,1948,ภาคเหนือ,775.2,พันคน,สำนักงานสถิติแห่งชาติ
2565,ไตรมาสที่ 4,คนงานซึ่งมิได้จำแนกไว้ในหมวดอื่น,1949,ภาคเหนือ,0.0,พันคน,สำนักงานสถิติแห่งชาติ
2565,ไตรมาสที่ 4,ผู้บัญญัติกฎหมาย ข้าราชการระดับอาวุโสและผู้จัดการ,1950,ภาคตะวันออกเฉียงเหนือ,231.5,พันคน,สำนักงานสถิติแห่งชาติ
2565,ไตรมาสที่ 4,ผู้ประกอบวิชาชีพด้านต่างๆ,1951,ภาคตะวันออกเฉียงเหนือ,409.6,พันคน,สำนักงานสถิติแห่งชาติ
2565,ไตรมาสที่ 4,ผู้ประกอบวิชาชีพด้านเทคนิคสาขาต่าง ๆ และอาชีพที่เกี่ยวข้อง,1952,ภาคตะวันออกเฉียงเหนือ,200.0,พันคน,สำนักงานสถิติแห่งชาติ
2565,ไตรมาสที่ 4,เสมียน,1953,ภาคตะวันออกเฉียงเหนือ,231.4,พันคน,สำนักงานสถิติแห่งชาติ
2565,ไตรมาสที่ 4,พนักงานบริการและพนักงานในร้านค้าและตลาด,1954,ภาคตะวันออกเฉียงเหนือ,1597.4,พันคน,สำนักงานสถิติแห่งชาติ
2565,ไตรมาสที่ 4,ผู้ปฏิบัติงานที่มีฝีมือในด้านการเกษตรและการประมง,1955,ภาคตะวันออกเฉียงเหนือ,4953.8,พันคน,สำนักงานสถิติแห่งชาติ
2565,ไตรมาสที่ 4,ผู้ปฏิบัติงานด้านความสามารถทางฝีมือและธุรกิจการค้าที่เกี่ยวข้อง,1956,ภาคตะวันออกเฉียงเหนือ,720.4,พันคน,สำนักงานสถิติแห่งชาติ
2565,ไตรมาสที่ 4,ผู้ปฏิบัติการโรงงานและเครื่องจักรและผู้ปฏิบัติงานด้านการประกอบ,1957,ภาคตะวันออกเฉียงเหนือ,362.9,พันคน,สำนักงานสถิติแห่งชาติ
2565,ไตรมาสที่ 4,อาชีพขั้นพื้นฐานต่างๆ ในด้านการขายและการให้บริการ,1958,ภาคตะวันออกเฉียงเหนือ,763.0,พันคน,สำนักงานสถิติแห่งชาติ
2565,ไตรมาสที่ 4,คนงานซึ่งมิได้จำแนกไว้ในหมวดอื่น,1959,ภาคตะวันออกเฉียงเหนือ,0.0,พันคน,สำนักงานสถิติแห่งชาติ
2565,ไตรมาสที่ 4,ผู้บัญญัติกฎหมาย ข้าราชการระดับอาวุโสและผู้จัดการ,1960,ภาคใต้,126.5,พันคน,สำนักงานสถิติแห่งชาติ
2565,ไตรมาสที่ 4,ผู้ประกอบวิชาชีพด้านต่างๆ,1961,ภาคใต้,263.5,พันคน,สำนักงานสถิติแห่งชาติ
2565,ไตรมาสที่ 4,ผู้ประกอบวิชาชีพด้านเทคนิคสาขาต่าง ๆ และอาชีพที่เกี่ยวข้อง,1962,ภาคใต้,193.0,พันคน,สำนักงานสถิติแห่งชาติ
2565,ไตรมาสที่ 4,เสมียน,1963,ภาคใต้,206.8,พันคน,สำนักงานสถิติแห่งชาติ
2565,ไตรมาสที่ 4,พนักงานบริการและพนักงานในร้านค้าและตลาด,1964,ภาคใต้,1135.9,พันคน,สำนักงานสถิติแห่งชาติ
2565,ไตรมาสที่ 4,ผู้ปฏิบัติงานที่มีฝีมือในด้านการเกษตรและการประมง,1965,ภาคใต้,1970.2,พันคน,สำนักงานสถิติแห่งชาติ
2565,ไตรมาสที่ 4,ผู้ปฏิบัติงานด้านความสามารถทางฝีมือและธุรกิจการค้าที่เกี่ยวข้อง,1966,ภาคใต้,547.1,พันคน,สำนักงานสถิติแห่งชาติ
2565,ไตรมาสที่ 4,ผู้ปฏิบัติการโรงงานและเครื่องจักรและผู้ปฏิบัติงานด้านการประกอบ,1967,ภาคใต้,216.4,พันคน,สำนักงานสถิติแห่งชาติ
2565,ไตรมาสที่ 4,อาชีพขั้นพื้นฐานต่างๆ ในด้านการขายและการให้บริการ,1968,ภาคใต้,632.0,พันคน,สำนักงานสถิติแห่งชาติ
2565,ไตรมาสที่ 4,คนงานซึ่งมิได้จำแนกไว้ในหมวดอื่น,1969,ภาคใต้,0.0,พันคน,สำนักงานสถิติแห่งชาติ
2566,ไตรมาสที่ 1,ผู้บัญญัติกฎหมาย ข้าราชการระดับอาวุโสและผู้จัดการ,1970,กรุงเทพมหานคร,314.5,พันคน,สำนักงานสถิติแห่งชาติ
2566,ไตรมาสที่ 1,ผู้ประกอบวิชาชีพด้านต่างๆ,1971,กรุงเทพมหานคร,571.3,พันคน,สำนักงานสถิติแห่งชาติ
2566,ไตรมาสที่ 1,ผู้ประกอบวิชาชีพด้านเทคนิคสาขาต่าง ๆ และอาชีพที่เกี่ยวข้อง,1972,กรุงเทพมหานคร,595.8,พันคน,สำนักงานสถิติแห่งชาติ
2566,ไตรมาสที่ 1,เสมียน,1973,กรุงเทพมหานคร,483.8,พันคน,สำนักงานสถิติแห่งชาติ
2566,ไตรมาสที่ 1,พนักงานบริการและพนักงานในร้านค้าและตลาด,1974,กรุงเทพมหานคร,1643.7,พันคน,สำนักงานสถิติแห่งชาติ
2566,ไตรมาสที่ 1,ผู้ปฏิบัติงานที่มีฝีมือในด้านการเกษตรและการประมง,1975,กรุงเทพมหานคร,21.2,พันคน,สำนักงานสถิติแห่งชาติ
2566,ไตรมาสที่ 1,ผู้ปฏิบัติงานด้านความสามารถทางฝีมือและธุรกิจการค้าที่เกี่ยวข้อง,1976,กรุงเทพมหานคร,656.5,พันคน,สำนักงานสถิติแห่งชาติ
2566,ไตรมาสที่ 1,ผู้ปฏิบัติการโรงงานและเครื่องจักรและผู้ปฏิบัติงานด้านการประกอบ,1977,กรุงเทพมหานคร,794.3,พันคน,สำนักงานสถิติแห่งชาติ
2566,ไตรมาสที่ 1,อาชีพขั้นพื้นฐานต่างๆ ในด้านการขายและการให้บริการ,1978,กรุงเทพมหานคร,641.3,พันคน,สำนักงานสถิติแห่งชาติ
2566,ไตรมาสที่ 1,คนงานซึ่งมิได้จำแนกไว้ในหมวดอื่น,1979,กรุงเทพมหานคร,3.4,พันคน,สำนักงานสถิติแห่งชาติ
2566,ไตรมาสที่ 1,ผู้บัญญัติกฎหมาย ข้าราชการระดับอาวุโสและผู้จัดการ,1980,ภาคกลาง,553.3,พันคน,สำนักงานสถิติแห่งชาติ
2566,ไตรมาสที่ 1,ผู้ประกอบวิชาชีพด้านต่างๆ,1981,ภาคกลาง,823.1,พันคน,สำนักงานสถิติแห่งชาติ
2566,ไตรมาสที่ 1,ผู้ประกอบวิชาชีพด้านเทคนิคสาขาต่าง ๆ และอาชีพที่เกี่ยวข้อง,1982,ภาคกลาง,723.1,พันคน,สำนักงานสถิติแห่งชาติ
2566,ไตรมาสที่ 1,เสมียน,1983,ภาคกลาง,709.1,พันคน,สำนักงานสถิติแห่งชาติ
2566,ไตรมาสที่ 1,พนักงานบริการและพนักงานในร้านค้าและตลาด,1984,ภาคกลาง,3007.3,พันคน,สำนักงานสถิติแห่งชาติ
2566,ไตรมาสที่ 1,ผู้ปฏิบัติงานที่มีฝีมือในด้านการเกษตรและการประมง,1985,ภาคกลาง,1730.7,พันคน,สำนักงานสถิติแห่งชาติ
2566,ไตรมาสที่ 1,ผู้ปฏิบัติงานด้านความสามารถทางฝีมือและธุรกิจการค้าที่เกี่ยวข้อง,1986,ภาคกลาง,1670.0,พันคน,สำนักงานสถิติแห่งชาติ
2566,ไตรมาสที่ 1,ผู้ปฏิบัติการโรงงานและเครื่องจักรและผู้ปฏิบัติงานด้านการประกอบ,1987,ภาคกลาง,2275.8,พันคน,สำนักงานสถิติแห่งชาติ
2566,ไตรมาสที่ 1,อาชีพขั้นพื้นฐานต่างๆ ในด้านการขายและการให้บริการ,1988,ภาคกลาง,1641.6,พันคน,สำนักงานสถิติแห่งชาติ
2566,ไตรมาสที่ 1,คนงานซึ่งมิได้จำแนกไว้ในหมวดอื่น,1989,ภาคกลาง,20.7,พันคน,สำนักงานสถิติแห่งชาติ
2566,ไตรมาสที่ 1,ผู้บัญญัติกฎหมาย ข้าราชการระดับอาวุโสและผู้จัดการ,1990,ภาคเหนือ,124.2,พันคน,สำนักงานสถิติแห่งชาติ
2566,ไตรมาสที่ 1,ผู้ประกอบวิชาชีพด้านต่างๆ,1991,ภาคเหนือ,295.2,พันคน,สำนักงานสถิติแห่งชาติ
2566,ไตรมาสที่ 1,ผู้ประกอบวิชาชีพด้านเทคนิคสาขาต่าง ๆ และอาชีพที่เกี่ยวข้อง,1992,ภาคเหนือ,187.4,พันคน,สำนักงานสถิติแห่งชาติ
2566,ไตรมาสที่ 1,เสมียน,1993,ภาคเหนือ,197.0,พันคน,สำนักงานสถิติแห่งชาติ
2566,ไตรมาสที่ 1,พนักงานบริการและพนักงานในร้านค้าและตลาด,1994,ภาคเหนือ,1192.2,พันคน,สำนักงานสถิติแห่งชาติ
2566,ไตรมาสที่ 1,ผู้ปฏิบัติงานที่มีฝีมือในด้านการเกษตรและการประมง,1995,ภาคเหนือ,2433.4,พันคน,สำนักงานสถิติแห่งชาติ
2566,ไตรมาสที่ 1,ผู้ปฏิบัติงานด้านความสามารถทางฝีมือและธุรกิจการค้าที่เกี่ยวข้อง,1996,ภาคเหนือ,612.9,พันคน,สำนักงานสถิติแห่งชาติ
2566,ไตรมาสที่ 1,ผู้ปฏิบัติการโรงงานและเครื่องจักรและผู้ปฏิบัติงานด้านการประกอบ,1997,ภาคเหนือ,311.8,พันคน,สำนักงานสถิติแห่งชาติ
2566,ไตรมาสที่ 1,อาชีพขั้นพื้นฐานต่างๆ ในด้านการขายและการให้บริการ,1998,ภาคเหนือ,891.3,พันคน,สำนักงานสถิติแห่งชาติ
2566,ไตรมาสที่ 1,คนงานซึ่งมิได้จำแนกไว้ในหมวดอื่น,1999,ภาคเหนือ,0.0,พันคน,สำนักงานสถิติแห่งชาติ
2566,ไตรมาสที่ 1,ผู้บัญญัติกฎหมาย ข้าราชการระดับอาวุโสและผู้จัดการ,2000,ภาคตะวันออกเฉียงเหนือ,231.5,พันคน,สำนักงานสถิติแห่งชาติ
2566,ไตรมาสที่ 1,ผู้ประกอบวิชาชีพด้านต่างๆ,2001,ภาคตะวันออกเฉียงเหนือ,420.7,พันคน,สำนักงานสถิติแห่งชาติ
2566,ไตรมาสที่ 1,ผู้ประกอบวิชาชีพด้านเทคนิคสาขาต่าง ๆ และอาชีพที่เกี่ยวข้อง,2002,ภาคตะวันออกเฉียงเหนือ,195.8,พันคน,สำนักงานสถิติแห่งชาติ
2566,ไตรมาสที่ 1,เสมียน,2003,ภาคตะวันออกเฉียงเหนือ,253.4,พันคน,สำนักงานสถิติแห่งชาติ
2566,ไตรมาสที่ 1,พนักงานบริการและพนักงานในร้านค้าและตลาด,2004,ภาคตะวันออกเฉียงเหนือ,1603.8,พันคน,สำนักงานสถิติแห่งชาติ
2566,ไตรมาสที่ 1,ผู้ปฏิบัติงานที่มีฝีมือในด้านการเกษตรและการประมง,2005,ภาคตะวันออกเฉียงเหนือ,4031.1,พันคน,สำนักงานสถิติแห่งชาติ
2566,ไตรมาสที่ 1,ผู้ปฏิบัติงานด้านความสามารถทางฝีมือและธุรกิจการค้าที่เกี่ยวข้อง,2006,ภาคตะวันออกเฉียงเหนือ,809.3,พันคน,สำนักงานสถิติแห่งชาติ
2566,ไตรมาสที่ 1,ผู้ปฏิบัติการโรงงานและเครื่องจักรและผู้ปฏิบัติงานด้านการประกอบ,2007,ภาคตะวันออกเฉียงเหนือ,415.6,พันคน,สำนักงานสถิติแห่งชาติ
2566,ไตรมาสที่ 1,อาชีพขั้นพื้นฐานต่างๆ ในด้านการขายและการให้บริการ,2008,ภาคตะวันออกเฉียงเหนือ,1087.7,พันคน,สำนักงานสถิติแห่งชาติ
2566,ไตรมาสที่ 1,คนงานซึ่งมิได้จำแนกไว้ในหมวดอื่น,2009,ภาคตะวันออกเฉียงเหนือ,0.0,พันคน,สำนักงานสถิติแห่งชาติ
2566,ไตรมาสที่ 1,ผู้บัญญัติกฎหมาย ข้าราชการระดับอาวุโสและผู้จัดการ,2010,ภาคใต้,126.5,พันคน,สำนักงานสถิติแห่งชาติ
2566,ไตรมาสที่ 1,ผู้ประกอบวิชาชีพด้านต่างๆ,2011,ภาคใต้,271.5,พันคน,สำนักงานสถิติแห่งชาติ
2566,ไตรมาสที่ 1,ผู้ประกอบวิชาชีพด้านเทคนิคสาขาต่าง ๆ และอาชีพที่เกี่ยวข้อง,2012,ภาคใต้,162.6,พันคน,สำนักงานสถิติแห่งชาติ
2566,ไตรมาสที่ 1,เสมียน,2013,ภาคใต้,177.2,พันคน,สำนักงานสถิติแห่งชาติ
2566,ไตรมาสที่ 1,พนักงานบริการและพนักงานในร้านค้าและตลาด,2014,ภาคใต้,1167.1,พันคน,สำนักงานสถิติแห่งชาติ
2566,ไตรมาสที่ 1,ผู้ปฏิบัติงานที่มีฝีมือในด้านการเกษตรและการประมง,2015,ภาคใต้,2104.5,พันคน,สำนักงานสถิติแห่งชาติ
2566,ไตรมาสที่ 1,ผู้ปฏิบัติงานด้านความสามารถทางฝีมือและธุรกิจการค้าที่เกี่ยวข้อง,2016,ภาคใต้,538.9,พันคน,สำนักงานสถิติแห่งชาติ
2566,ไตรมาสที่ 1,ผู้ปฏิบัติการโรงงานและเครื่องจักรและผู้ปฏิบัติงานด้านการประกอบ,2017,ภาคใต้,242.6,พันคน,สำนักงานสถิติแห่งชาติ
2566,ไตรมาสที่ 1,อาชีพขั้นพื้นฐานต่างๆ ในด้านการขายและการให้บริการ,2018,ภาคใต้,600.1,พันคน,สำนักงานสถิติแห่งชาติ
2566,ไตรมาสที่ 1,คนงานซึ่งมิได้จำแนกไว้ในหมวดอื่น,2019,ภาคใต้,0.0,พันคน,สำนักงานสถิติแห่งชาติ
2566,ไตรมาสที่ 2,ผู้บัญญัติกฎหมาย ข้าราชการระดับอาวุโสและผู้จัดการ,2020,กรุงเทพมหานคร,347.9,พันคน,สำนักงานสถิติแห่งชาติ
2566,ไตรมาสที่ 2,ผู้ประกอบวิชาชีพด้านต่างๆ,2021,กรุงเทพมหานคร,586.9,พันคน,สำนักงานสถิติแห่งชาติ
2566,ไตรมาสที่ 2,ผู้ประกอบวิชาชีพด้านเทคนิคสาขาต่าง ๆ และอาชีพที่เกี่ยวข้อง,2022,กรุงเทพมหานคร,569.9,พันคน,สำนักงานสถิติแห่งชาติ
2566,ไตรมาสที่ 2,เสมียน,2023,กรุงเทพมหานคร,489.3,พันคน,สำนักงานสถิติแห่งชาติ
2566,ไตรมาสที่ 2,พนักงานบริการและพนักงานในร้านค้าและตลาด,2024,กรุงเทพมหานคร,1559.9,พันคน,สำนักงานสถิติแห่งชาติ
2566,ไตรมาสที่ 2,ผู้ปฏิบัติงานที่มีฝีมือในด้านการเกษตรและการประมง,2025,กรุงเทพมหานคร,29.9,พันคน,สำนักงานสถิติแห่งชาติ
2566,ไตรมาสที่ 2,ผู้ปฏิบัติงานด้านความสามารถทางฝีมือและธุรกิจการค้าที่เกี่ยวข้อง,2026,กรุงเทพมหานคร,656.6,พันคน,สำนักงานสถิติแห่งชาติ
2566,ไตรมาสที่ 2,ผู้ปฏิบัติการโรงงานและเครื่องจักรและผู้ปฏิบัติงานด้านการประกอบ,2027,กรุงเทพมหานคร,803.0,พันคน,สำนักงานสถิติแห่งชาติ
2566,ไตรมาสที่ 2,อาชีพขั้นพื้นฐานต่างๆ ในด้านการขายและการให้บริการ,2028,กรุงเทพมหานคร,682.4,พันคน,สำนักงานสถิติแห่งชาติ
2566,ไตรมาสที่ 2,คนงานซึ่งมิได้จำแนกไว้ในหมวดอื่น,2029,กรุงเทพมหานคร,11.7,พันคน,สำนักงานสถิติแห่งชาติ
2566,ไตรมาสที่ 2,ผู้บัญญัติกฎหมาย ข้าราชการระดับอาวุโสและผู้จัดการ,2030,ภาคกลาง,491.8,พันคน,สำนักงานสถิติแห่งชาติ
2566,ไตรมาสที่ 2,ผู้ประกอบวิชาชีพด้านต่างๆ,2031,ภาคกลาง,766.4,พันคน,สำนักงานสถิติแห่งชาติ
2566,ไตรมาสที่ 2,ผู้ประกอบวิชาชีพด้านเทคนิคสาขาต่าง ๆ และอาชีพที่เกี่ยวข้อง,2032,ภาคกลาง,815.2,พันคน,สำนักงานสถิติแห่งชาติ
2566,ไตรมาสที่ 2,เสมียน,2033,ภาคกลาง,758.8,พันคน,สำนักงานสถิติแห่งชาติ
2566,ไตรมาสที่ 2,พนักงานบริการและพนักงานในร้านค้าและตลาด,2034,ภาคกลาง,3001.8,พันคน,สำนักงานสถิติแห่งชาติ
2566,ไตรมาสที่ 2,ผู้ปฏิบัติงานที่มีฝีมือในด้านการเกษตรและการประมง,2035,ภาคกลาง,1733.0,พันคน,สำนักงานสถิติแห่งชาติ
2566,ไตรมาสที่ 2,ผู้ปฏิบัติงานด้านความสามารถทางฝีมือและธุรกิจการค้าที่เกี่ยวข้อง,2036,ภาคกลาง,1643.8,พันคน,สำนักงานสถิติแห่งชาติ
2566,ไตรมาสที่ 2,ผู้ปฏิบัติการโรงงานและเครื่องจักรและผู้ปฏิบัติงานด้านการประกอบ,2037,ภาคกลาง,2295.2,พันคน,สำนักงานสถิติแห่งชาติ
2566,ไตรมาสที่ 2,อาชีพขั้นพื้นฐานต่างๆ ในด้านการขายและการให้บริการ,2038,ภาคกลาง,1671.9,พันคน,สำนักงานสถิติแห่งชาติ
2566,ไตรมาสที่ 2,คนงานซึ่งมิได้จำแนกไว้ในหมวดอื่น,2039,ภาคกลาง,5.2,พันคน,สำนักงานสถิติแห่งชาติ
2566,ไตรมาสที่ 2,ผู้บัญญัติกฎหมาย ข้าราชการระดับอาวุโสและผู้จัดการ,2040,ภาคเหนือ,130.5,พันคน,สำนักงานสถิติแห่งชาติ
2566,ไตรมาสที่ 2,ผู้ประกอบวิชาชีพด้านต่างๆ,2041,ภาคเหนือ,242.8,พันคน,สำนักงานสถิติแห่งชาติ
2566,ไตรมาสที่ 2,ผู้ประกอบวิชาชีพด้านเทคนิคสาขาต่าง ๆ และอาชีพที่เกี่ยวข้อง,2042,ภาคเหนือ,192.5,พันคน,สำนักงานสถิติแห่งชาติ
2566,ไตรมาสที่ 2,เสมียน,2043,ภาคเหนือ,217.0,พันคน,สำนักงานสถิติแห่งชาติ
2566,ไตรมาสที่ 2,พนักงานบริการและพนักงานในร้านค้าและตลาด,2044,ภาคเหนือ,1203.9,พันคน,สำนักงานสถิติแห่งชาติ
2566,ไตรมาสที่ 2,ผู้ปฏิบัติงานที่มีฝีมือในด้านการเกษตรและการประมง,2045,ภาคเหนือ,2370.3,พันคน,สำนักงานสถิติแห่งชาติ
2566,ไตรมาสที่ 2,ผู้ปฏิบัติงานด้านความสามารถทางฝีมือและธุรกิจการค้าที่เกี่ยวข้อง,2046,ภาคเหนือ,656.2,พันคน,สำนักงานสถิติแห่งชาติ
2566,ไตรมาสที่ 2,ผู้ปฏิบัติการโรงงานและเครื่องจักรและผู้ปฏิบัติงานด้านการประกอบ,2047,ภาคเหนือ,297.9,พันคน,สำนักงานสถิติแห่งชาติ
2566,ไตรมาสที่ 2,อาชีพขั้นพื้นฐานต่างๆ ในด้านการขายและการให้บริการ,2048,ภาคเหนือ,824.9,พันคน,สำนักงานสถิติแห่งชาติ
2566,ไตรมาสที่ 2,คนงานซึ่งมิได้จำแนกไว้ในหมวดอื่น,2049,ภาคเหนือ,0.0,พันคน,สำนักงานสถิติแห่งชาติ
2566,ไตรมาสที่ 2,ผู้บัญญัติกฎหมาย ข้าราชการระดับอาวุโสและผู้จัดการ,2050,ภาคตะวันออกเฉียงเหนือ,258.5,พันคน,สำนักงานสถิติแห่งชาติ
2566,ไตรมาสที่ 2,ผู้ประกอบวิชาชีพด้านต่างๆ,2051,ภาคตะวันออกเฉียงเหนือ,419.0,พันคน,สำนักงานสถิติแห่งชาติ
2566,ไตรมาสที่ 2,ผู้ประกอบวิชาชีพด้านเทคนิคสาขาต่าง ๆ และอาชีพที่เกี่ยวข้อง,2052,ภาคตะวันออกเฉียงเหนือ,205.8,พันคน,สำนักงานสถิติแห่งชาติ
2566,ไตรมาสที่ 2,เสมียน,2053,ภาคตะวันออกเฉียงเหนือ,257.0,พันคน,สำนักงานสถิติแห่งชาติ
2566,ไตรมาสที่ 2,พนักงานบริการและพนักงานในร้านค้าและตลาด,2054,ภาคตะวันออกเฉียงเหนือ,1592.1,พันคน,สำนักงานสถิติแห่งชาติ
2566,ไตรมาสที่ 2,ผู้ปฏิบัติงานที่มีฝีมือในด้านการเกษตรและการประมง,2055,ภาคตะวันออกเฉียงเหนือ,4581.9,พันคน,สำนักงานสถิติแห่งชาติ
2566,ไตรมาสที่ 2,ผู้ปฏิบัติงานด้านความสามารถทางฝีมือและธุรกิจการค้าที่เกี่ยวข้อง,2056,ภาคตะวันออกเฉียงเหนือ,760.3,พันคน,สำนักงานสถิติแห่งชาติ
2566,ไตรมาสที่ 2,ผู้ปฏิบัติการโรงงานและเครื่องจักรและผู้ปฏิบัติงานด้านการประกอบ,2057,ภาคตะวันออกเฉียงเหนือ,399.9,พันคน,สำนักงานสถิติแห่งชาติ
2566,ไตรมาสที่ 2,อาชีพขั้นพื้นฐานต่างๆ ในด้านการขายและการให้บริการ,2058,ภาคตะวันออกเฉียงเหนือ,834.4,พันคน,สำนักงานสถิติแห่งชาติ
2566,ไตรมาสที่ 2,คนงานซึ่งมิได้จำแนกไว้ในหมวดอื่น,2059,ภาคตะวันออกเฉียงเหนือ,0.0,พันคน,สำนักงานสถิติแห่งชาติ
2566,ไตรมาสที่ 2,ผู้บัญญัติกฎหมาย ข้าราชการระดับอาวุโสและผู้จัดการ,2060,ภาคใต้,131.3,พันคน,สำนักงานสถิติแห่งชาติ
2566,ไตรมาสที่ 2,ผู้ประกอบวิชาชีพด้านต่างๆ,2061,ภาคใต้,284.4,พันคน,สำนักงานสถิติแห่งชาติ
2566,ไตรมาสที่ 2,ผู้ประกอบวิชาชีพด้านเทคนิคสาขาต่าง ๆ และอาชีพที่เกี่ยวข้อง,2062,ภาคใต้,161.5,พันคน,สำนักงานสถิติแห่งชาติ
2566,ไตรมาสที่ 2,เสมียน,2063,ภาคใต้,180.3,พันคน,สำนักงานสถิติแห่งชาติ
2566,ไตรมาสที่ 2,พนักงานบริการและพนักงานในร้านค้าและตลาด,2064,ภาคใต้,1173.4,พันคน,สำนักงานสถิติแห่งชาติ
2566,ไตรมาสที่ 2,ผู้ปฏิบัติงานที่มีฝีมือในด้านการเกษตรและการประมง,2065,ภาคใต้,1974.5,พันคน,สำนักงานสถิติแห่งชาติ
2566,ไตรมาสที่ 2,ผู้ปฏิบัติงานด้านความสามารถทางฝีมือและธุรกิจการค้าที่เกี่ยวข้อง,2066,ภาคใต้,553.4,พันคน,สำนักงานสถิติแห่งชาติ
2566,ไตรมาสที่ 2,ผู้ปฏิบัติการโรงงานและเครื่องจักรและผู้ปฏิบัติงานด้านการประกอบ,2067,ภาคใต้,240.6,พันคน,สำนักงานสถิติแห่งชาติ
2566,ไตรมาสที่ 2,อาชีพขั้นพื้นฐานต่างๆ ในด้านการขายและการให้บริการ,2068,ภาคใต้,612.4,พันคน,สำนักงานสถิติแห่งชาติ
2566,ไตรมาสที่ 2,คนงานซึ่งมิได้จำแนกไว้ในหมวดอื่น,2069,ภาคใต้,0.0,พันคน,สำนักงานสถิติแห่งชาติ
2566,ไตรมาสที่ 3,ผู้บัญญัติกฎหมาย ข้าราชการระดับอาวุโสและผู้จัดการ,2070,กรุงเทพมหานคร,383.9,พันคน,สำนักงานสถิติแห่งชาติ
2566,ไตรมาสที่ 3,ผู้ประกอบวิชาชีพด้านต่างๆ,2071,กรุงเทพมหานคร,538.3,พันคน,สำนักงานสถิติแห่งชาติ
2566,ไตรมาสที่ 3,ผู้ประกอบวิชาชีพด้านเทคนิคสาขาต่าง ๆ และอาชีพที่เกี่ยวข้อง,2072,กรุงเทพมหานคร,489.0,พันคน,สำนักงานสถิติแห่งชาติ
2566,ไตรมาสที่ 3,เสมียน,2073,กรุงเทพมหานคร,427.3,พันคน,สำนักงานสถิติแห่งชาติ
2566,ไตรมาสที่ 3,พนักงานบริการและพนักงานในร้านค้าและตลาด,2074,กรุงเทพมหานคร,1574.3,พันคน,สำนักงานสถิติแห่งชาติ
2566,ไตรมาสที่ 3,ผู้ปฏิบัติงานที่มีฝีมือในด้านการเกษตรและการประมง,2075,กรุงเทพมหานคร,29.3,พันคน,สำนักงานสถิติแห่งชาติ
2566,ไตรมาสที่ 3,ผู้ปฏิบัติงานด้านความสามารถทางฝีมือและธุรกิจการค้าที่เกี่ยวข้อง,2076,กรุงเทพมหานคร,665.0,พันคน,สำนักงานสถิติแห่งชาติ
2566,ไตรมาสที่ 3,ผู้ปฏิบัติการโรงงานและเครื่องจักรและผู้ปฏิบัติงานด้านการประกอบ,2077,กรุงเทพมหานคร,808.5,พันคน,สำนักงานสถิติแห่งชาติ
2566,ไตรมาสที่ 3,อาชีพขั้นพื้นฐานต่างๆ ในด้านการขายและการให้บริการ,2078,กรุงเทพมหานคร,721.1,พันคน,สำนักงานสถิติแห่งชาติ
2566,ไตรมาสที่ 3,คนงานซึ่งมิได้จำแนกไว้ในหมวดอื่น,2079,กรุงเทพมหานคร,15.8,พันคน,สำนักงานสถิติแห่งชาติ
2566,ไตรมาสที่ 3,ผู้บัญญัติกฎหมาย ข้าราชการระดับอาวุโสและผู้จัดการ,2080,ภาคกลาง,506.2,พันคน,สำนักงานสถิติแห่งชาติ
2566,ไตรมาสที่ 3,ผู้ประกอบวิชาชีพด้านต่างๆ,2081,ภาคกลาง,709.0,พันคน,สำนักงานสถิติแห่งชาติ
2566,ไตรมาสที่ 3,ผู้ประกอบวิชาชีพด้านเทคนิคสาขาต่าง ๆ และอาชีพที่เกี่ยวข้อง,2082,ภาคกลาง,782.0,พันคน,สำนักงานสถิติแห่งชาติ
2566,ไตรมาสที่ 3,เสมียน,2083,ภาคกลาง,828.3,พันคน,สำนักงานสถิติแห่งชาติ
2566,ไตรมาสที่ 3,พนักงานบริการและพนักงานในร้านค้าและตลาด,2084,ภาคกลาง,2934.4,พันคน,สำนักงานสถิติแห่งชาติ
2566,ไตรมาสที่ 3,ผู้ปฏิบัติงานที่มีฝีมือในด้านการเกษตรและการประมง,2085,ภาคกลาง,1723.0,พันคน,สำนักงานสถิติแห่งชาติ
2566,ไตรมาสที่ 3,ผู้ปฏิบัติงานด้านความสามารถทางฝีมือและธุรกิจการค้าที่เกี่ยวข้อง,2086,ภาคกลาง,1743.8,พันคน,สำนักงานสถิติแห่งชาติ
2566,ไตรมาสที่ 3,ผู้ปฏิบัติการโรงงานและเครื่องจักรและผู้ปฏิบัติงานด้านการประกอบ,2087,ภาคกลาง,2380.5,พันคน,สำนักงานสถิติแห่งชาติ
2566,ไตรมาสที่ 3,อาชีพขั้นพื้นฐานต่างๆ ในด้านการขายและการให้บริการ,2088,ภาคกลาง,1591.0,พันคน,สำนักงานสถิติแห่งชาติ
2566,ไตรมาสที่ 3,คนงานซึ่งมิได้จำแนกไว้ในหมวดอื่น,2089,ภาคกลาง,10.3,พันคน,สำนักงานสถิติแห่งชาติ
2566,ไตรมาสที่ 3,ผู้บัญญัติกฎหมาย ข้าราชการระดับอาวุโสและผู้จัดการ,2090,ภาคเหนือ,143.9,พันคน,สำนักงานสถิติแห่งชาติ
2566,ไตรมาสที่ 3,ผู้ประกอบวิชาชีพด้านต่างๆ,2091,ภาคเหนือ,280.4,พันคน,สำนักงานสถิติแห่งชาติ
2566,ไตรมาสที่ 3,ผู้ประกอบวิชาชีพด้านเทคนิคสาขาต่าง ๆ และอาชีพที่เกี่ยวข้อง,2092,ภาคเหนือ,180.0,พันคน,สำนักงานสถิติแห่งชาติ
2566,ไตรมาสที่ 3,เสมียน,2093,ภาคเหนือ,212.3,พันคน,สำนักงานสถิติแห่งชาติ
2566,ไตรมาสที่ 3,พนักงานบริการและพนักงานในร้านค้าและตลาด,2094,ภาคเหนือ,1118.6,พันคน,สำนักงานสถิติแห่งชาติ
2566,ไตรมาสที่ 3,ผู้ปฏิบัติงานที่มีฝีมือในด้านการเกษตรและการประมง,2095,ภาคเหนือ,2678.0,พันคน,สำนักงานสถิติแห่งชาติ
2566,ไตรมาสที่ 3,ผู้ปฏิบัติงานด้านความสามารถทางฝีมือและธุรกิจการค้าที่เกี่ยวข้อง,2096,ภาคเหนือ,622.5,พันคน,สำนักงานสถิติแห่งชาติ
2566,ไตรมาสที่ 3,ผู้ปฏิบัติการโรงงานและเครื่องจักรและผู้ปฏิบัติงานด้านการประกอบ,2097,ภาคเหนือ,280.5,พันคน,สำนักงานสถิติแห่งชาติ
2566,ไตรมาสที่ 3,อาชีพขั้นพื้นฐานต่างๆ ในด้านการขายและการให้บริการ,2098,ภาคเหนือ,705.7,พันคน,สำนักงานสถิติแห่งชาติ
2566,ไตรมาสที่ 3,คนงานซึ่งมิได้จำแนกไว้ในหมวดอื่น,2099,ภาคเหนือ,0.0,พันคน,สำนักงานสถิติแห่งชาติ
2566,ไตรมาสที่ 3,ผู้บัญญัติกฎหมาย ข้าราชการระดับอาวุโสและผู้จัดการ,2100,ภาคตะวันออกเฉียงเหนือ,230.8,พันคน,สำนักงานสถิติแห่งชาติ
2566,ไตรมาสที่ 3,ผู้ประกอบวิชาชีพด้านต่างๆ,2101,ภาคตะวันออกเฉียงเหนือ,370.7,พันคน,สำนักงานสถิติแห่งชาติ
2566,ไตรมาสที่ 3,ผู้ประกอบวิชาชีพด้านเทคนิคสาขาต่าง ๆ และอาชีพที่เกี่ยวข้อง,2102,ภาคตะวันออกเฉียงเหนือ,176.5,พันคน,สำนักงานสถิติแห่งชาติ
2566,ไตรมาสที่ 3,เสมียน,2103,ภาคตะวันออกเฉียงเหนือ,216.2,พันคน,สำนักงานสถิติแห่งชาติ
2566,ไตรมาสที่ 3,พนักงานบริการและพนักงานในร้านค้าและตลาด,2104,ภาคตะวันออกเฉียงเหนือ,1598.5,พันคน,สำนักงานสถิติแห่งชาติ
2566,ไตรมาสที่ 3,ผู้ปฏิบัติงานที่มีฝีมือในด้านการเกษตรและการประมง,2105,ภาคตะวันออกเฉียงเหนือ,5431.5,พันคน,สำนักงานสถิติแห่งชาติ
2566,ไตรมาสที่ 3,ผู้ปฏิบัติงานด้านความสามารถทางฝีมือและธุรกิจการค้าที่เกี่ยวข้อง,2106,ภาคตะวันออกเฉียงเหนือ,674.7,พันคน,สำนักงานสถิติแห่งชาติ
2566,ไตรมาสที่ 3,ผู้ปฏิบัติการโรงงานและเครื่องจักรและผู้ปฏิบัติงานด้านการประกอบ,2107,ภาคตะวันออกเฉียงเหนือ,348.4,พันคน,สำนักงานสถิติแห่งชาติ
2566,ไตรมาสที่ 3,อาชีพขั้นพื้นฐานต่างๆ ในด้านการขายและการให้บริการ,2108,ภาคตะวันออกเฉียงเหนือ,665.0,พันคน,สำนักงานสถิติแห่งชาติ
2566,ไตรมาสที่ 3,คนงานซึ่งมิได้จำแนกไว้ในหมวดอื่น,2109,ภาคตะวันออกเฉียงเหนือ,0.0,พันคน,สำนักงานสถิติแห่งชาติ
2566,ไตรมาสที่ 3,ผู้บัญญัติกฎหมาย ข้าราชการระดับอาวุโสและผู้จัดการ,2110,ภาคใต้,125.8,พันคน,สำนักงานสถิติแห่งชาติ
2566,ไตรมาสที่ 3,ผู้ประกอบวิชาชีพด้านต่างๆ,2111,ภาคใต้,280.6,พันคน,สำนักงานสถิติแห่งชาติ
2566,ไตรมาสที่ 3,ผู้ประกอบวิชาชีพด้านเทคนิคสาขาต่าง ๆ และอาชีพที่เกี่ยวข้อง,2112,ภาคใต้,170.5,พันคน,สำนักงานสถิติแห่งชาติ
2566,ไตรมาสที่ 3,เสมียน,2113,ภาคใต้,193.3,พันคน,สำนักงานสถิติแห่งชาติ
2566,ไตรมาสที่ 3,พนักงานบริการและพนักงานในร้านค้าและตลาด,2114,ภาคใต้,1167.3,พันคน,สำนักงานสถิติแห่งชาติ
2566,ไตรมาสที่ 3,ผู้ปฏิบัติงานที่มีฝีมือในด้านการเกษตรและการประมง,2115,ภาคใต้,1998.9,พันคน,สำนักงานสถิติแห่งชาติ
2566,ไตรมาสที่ 3,ผู้ปฏิบัติงานด้านความสามารถทางฝีมือและธุรกิจการค้าที่เกี่ยวข้อง,2116,ภาคใต้,523.3,พันคน,สำนักงานสถิติแห่งชาติ
2566,ไตรมาสที่ 3,ผู้ปฏิบัติการโรงงานและเครื่องจักรและผู้ปฏิบัติงานด้านการประกอบ,2117,ภาคใต้,210.8,พันคน,สำนักงานสถิติแห่งชาติ
2566,ไตรมาสที่ 3,อาชีพขั้นพื้นฐานต่างๆ ในด้านการขายและการให้บริการ,2118,ภาคใต้,626.0,พันคน,สำนักงานสถิติแห่งชาติ
2566,ไตรมาสที่ 3,คนงานซึ่งมิได้จำแนกไว้ในหมวดอื่น,2119,ภาคใต้,0.0,พันคน,สำนักงานสถิติแห่งชาติ
2566,ไตรมาสที่ 4,ผู้บัญญัติกฎหมาย ข้าราชการระดับอาวุโสและผู้จัดการ,2120,กรุงเทพมหานคร,384.6,พันคน,สำนักงานสถิติแห่งชาติ
2566,ไตรมาสที่ 4,ผู้ประกอบวิชาชีพด้านต่างๆ,2121,กรุงเทพมหานคร,539.2,พันคน,สำนักงานสถิติแห่งชาติ
2566,ไตรมาสที่ 4,ผู้ประกอบวิชาชีพด้านเทคนิคสาขาต่าง ๆ และอาชีพที่เกี่ยวข้อง,2122,กรุงเทพมหานคร,544.7,พันคน,สำนักงานสถิติแห่งชาติ
2566,ไตรมาสที่ 4,เสมียน,2123,กรุงเทพมหานคร,450.5,พันคน,สำนักงานสถิติแห่งชาติ
2566,ไตรมาสที่ 4,พนักงานบริการและพนักงานในร้านค้าและตลาด,2124,กรุงเทพมหานคร,1642.7,พันคน,สำนักงานสถิติแห่งชาติ
2566,ไตรมาสที่ 4,ผู้ปฏิบัติงานที่มีฝีมือในด้านการเกษตรและการประมง,2125,กรุงเทพมหานคร,23.1,พันคน,สำนักงานสถิติแห่งชาติ
2566,ไตรมาสที่ 4,ผู้ปฏิบัติงานด้านความสามารถทางฝีมือและธุรกิจการค้าที่เกี่ยวข้อง,2126,กรุงเทพมหานคร,665.1,พันคน,สำนักงานสถิติแห่งชาติ
2566,ไตรมาสที่ 4,ผู้ปฏิบัติการโรงงานและเครื่องจักรและผู้ปฏิบัติงานด้านการประกอบ,2127,กรุงเทพมหานคร,798.2,พันคน,สำนักงานสถิติแห่งชาติ
2566,ไตรมาสที่ 4,อาชีพขั้นพื้นฐานต่างๆ ในด้านการขายและการให้บริการ,2128,กรุงเทพมหานคร,654.6,พันคน,สำนักงานสถิติแห่งชาติ
2566,ไตรมาสที่ 4,คนงานซึ่งมิได้จำแนกไว้ในหมวดอื่น,2129,กรุงเทพมหานคร,18.4,พันคน,สำนักงานสถิติแห่งชาติ
2566,ไตรมาสที่ 4,ผู้บัญญัติกฎหมาย ข้าราชการระดับอาวุโสและผู้จัดการ,2130,ภาคกลาง,481.9,พันคน,สำนักงานสถิติแห่งชาติ
2566,ไตรมาสที่ 4,ผู้ประกอบวิชาชีพด้านต่างๆ,2131,ภาคกลาง,762.3,พันคน,สำนักงานสถิติแห่งชาติ
2566,ไตรมาสที่ 4,ผู้ประกอบวิชาชีพด้านเทคนิคสาขาต่าง ๆ และอาชีพที่เกี่ยวข้อง,2132,ภาคกลาง,778.8,พันคน,สำนักงานสถิติแห่งชาติ
2566,ไตรมาสที่ 4,เสมียน,2133,ภาคกลาง,763.4,พันคน,สำนักงานสถิติแห่งชาติ
2566,ไตรมาสที่ 4,พนักงานบริการและพนักงานในร้านค้าและตลาด,2134,ภาคกลาง,3043.6,พันคน,สำนักงานสถิติแห่งชาติ
2566,ไตรมาสที่ 4,ผู้ปฏิบัติงานที่มีฝีมือในด้านการเกษตรและการประมง,2135,ภาคกลาง,1752.9,พันคน,สำนักงานสถิติแห่งชาติ
2566,ไตรมาสที่ 4,ผู้ปฏิบัติงานด้านความสามารถทางฝีมือและธุรกิจการค้าที่เกี่ยวข้อง,2136,ภาคกลาง,1760.5,พันคน,สำนักงานสถิติแห่งชาติ
2566,ไตรมาสที่ 4,ผู้ปฏิบัติการโรงงานและเครื่องจักรและผู้ปฏิบัติงานด้านการประกอบ,2137,ภาคกลาง,2409.7,พันคน,สำนักงานสถิติแห่งชาติ
2566,ไตรมาสที่ 4,อาชีพขั้นพื้นฐานต่างๆ ในด้านการขายและการให้บริการ,2138,ภาคกลาง,1566.0,พันคน,สำนักงานสถิติแห่งชาติ
2566,ไตรมาสที่ 4,คนงานซึ่งมิได้จำแนกไว้ในหมวดอื่น,2139,ภาคกลาง,10.8,พันคน,สำนักงานสถิติแห่งชาติ
2566,ไตรมาสที่ 4,ผู้บัญญัติกฎหมาย ข้าราชการระดับอาวุโสและผู้จัดการ,2140,ภาคเหนือ,134.0,พันคน,สำนักงานสถิติแห่งชาติ
2566,ไตรมาสที่ 4,ผู้ประกอบวิชาชีพด้านต่างๆ,2141,ภาคเหนือ,289.6,พันคน,สำนักงานสถิติแห่งชาติ
2566,ไตรมาสที่ 4,ผู้ประกอบวิชาชีพด้านเทคนิคสาขาต่าง ๆ และอาชีพที่เกี่ยวข้อง,2142,ภาคเหนือ,181.1,พันคน,สำนักงานสถิติแห่งชาติ
2566,ไตรมาสที่ 4,เสมียน,2143,ภาคเหนือ,228.8,พันคน,สำนักงานสถิติแห่งชาติ
2566,ไตรมาสที่ 4,พนักงานบริการและพนักงานในร้านค้าและตลาด,2144,ภาคเหนือ,1143.1,พันคน,สำนักงานสถิติแห่งชาติ
2566,ไตรมาสที่ 4,ผู้ปฏิบัติงานที่มีฝีมือในด้านการเกษตรและการประมง,2145,ภาคเหนือ,2570.5,พันคน,สำนักงานสถิติแห่งชาติ
2566,ไตรมาสที่ 4,ผู้ปฏิบัติงานด้านความสามารถทางฝีมือและธุรกิจการค้าที่เกี่ยวข้อง,2146,ภาคเหนือ,605.4,พันคน,สำนักงานสถิติแห่งชาติ
2566,ไตรมาสที่ 4,ผู้ปฏิบัติการโรงงานและเครื่องจักรและผู้ปฏิบัติงานด้านการประกอบ,2147,ภาคเหนือ,295.9,พันคน,สำนักงานสถิติแห่งชาติ
2566,ไตรมาสที่ 4,อาชีพขั้นพื้นฐานต่างๆ ในด้านการขายและการให้บริการ,2148,ภาคเหนือ,754.4,พันคน,สำนักงานสถิติแห่งชาติ
2566,ไตรมาสที่ 4,คนงานซึ่งมิได้จำแนกไว้ในหมวดอื่น,2149,ภาคเหนือ,5.2,พันคน,สำนักงานสถิติแห่งชาติ
2566,ไตรมาสที่ 4,ผู้บัญญัติกฎหมาย ข้าราชการระดับอาวุโสและผู้จัดการ,2150,ภาคตะวันออกเฉียงเหนือ,229.9,พันคน,สำนักงานสถิติแห่งชาติ
2566,ไตรมาสที่ 4,ผู้ประกอบวิชาชีพด้านต่างๆ,2151,ภาคตะวันออกเฉียงเหนือ,374.5,พันคน,สำนักงานสถิติแห่งชาติ
2566,ไตรมาสที่ 4,ผู้ประกอบวิชาชีพด้านเทคนิคสาขาต่าง ๆ และอาชีพที่เกี่ยวข้อง,2152,ภาคตะวันออกเฉียงเหนือ,169.9,พันคน,สำนักงานสถิติแห่งชาติ
2566,ไตรมาสที่ 4,เสมียน,2153,ภาคตะวันออกเฉียงเหนือ,230.2,พันคน,สำนักงานสถิติแห่งชาติ
2566,ไตรมาสที่ 4,พนักงานบริการและพนักงานในร้านค้าและตลาด,2154,ภาคตะวันออกเฉียงเหนือ,1627.5,พันคน,สำนักงานสถิติแห่งชาติ
2566,ไตรมาสที่ 4,ผู้ปฏิบัติงานที่มีฝีมือในด้านการเกษตรและการประมง,2155,ภาคตะวันออกเฉียงเหนือ,5038.2,พันคน,สำนักงานสถิติแห่งชาติ
2566,ไตรมาสที่ 4,ผู้ปฏิบัติงานด้านความสามารถทางฝีมือและธุรกิจการค้าที่เกี่ยวข้อง,2156,ภาคตะวันออกเฉียงเหนือ,731.0,พันคน,สำนักงานสถิติแห่งชาติ
2566,ไตรมาสที่ 4,ผู้ปฏิบัติการโรงงานและเครื่องจักรและผู้ปฏิบัติงานด้านการประกอบ,2157,ภาคตะวันออกเฉียงเหนือ,380.3,พันคน,สำนักงานสถิติแห่งชาติ
2566,ไตรมาสที่ 4,อาชีพขั้นพื้นฐานต่างๆ ในด้านการขายและการให้บริการ,2158,ภาคตะวันออกเฉียงเหนือ,864.7,พันคน,สำนักงานสถิติแห่งชาติ
2566,ไตรมาสที่ 4,คนงานซึ่งมิได้จำแนกไว้ในหมวดอื่น,2159,ภาคตะวันออกเฉียงเหนือ,0.0,พันคน,สำนักงานสถิติแห่งชาติ
2566,ไตรมาสที่ 4,ผู้บัญญัติกฎหมาย ข้าราชการระดับอาวุโสและผู้จัดการ,2160,ภาคใต้,118.6,พันคน,สำนักงานสถิติแห่งชาติ
2566,ไตรมาสที่ 4,ผู้ประกอบวิชาชีพด้านต่างๆ,2161,ภาคใต้,271.7,พันคน,สำนักงานสถิติแห่งชาติ
2566,ไตรมาสที่ 4,ผู้ประกอบวิชาชีพด้านเทคนิคสาขาต่าง ๆ และอาชีพที่เกี่ยวข้อง,2162,ภาคใต้,186.4,พันคน,สำนักงานสถิติแห่งชาติ
2566,ไตรมาสที่ 4,เสมียน,2163,ภาคใต้,198.3,พันคน,สำนักงานสถิติแห่งชาติ
2566,ไตรมาสที่ 4,พนักงานบริการและพนักงานในร้านค้าและตลาด,2164,ภาคใต้,1178.5,พันคน,สำนักงานสถิติแห่งชาติ
2566,ไตรมาสที่ 4,ผู้ปฏิบัติงานที่มีฝีมือในด้านการเกษตรและการประมง,2165,ภาคใต้,2023.3,พันคน,สำนักงานสถิติแห่งชาติ
2566,ไตรมาสที่ 4,ผู้ปฏิบัติงานด้านความสามารถทางฝีมือและธุรกิจการค้าที่เกี่ยวข้อง,2166,ภาคใต้,509.0,พันคน,สำนักงานสถิติแห่งชาติ
2566,ไตรมาสที่ 4,ผู้ปฏิบัติการโรงงานและเครื่องจักรและผู้ปฏิบัติงานด้านการประกอบ,2167,ภาคใต้,247.4,พันคน,สำนักงานสถิติแห่งชาติ
2566,ไตรมาสที่ 4,อาชีพขั้นพื้นฐานต่างๆ ในด้านการขายและการให้บริการ,2168,ภาคใต้,611.3,พันคน,สำนักงานสถิติแห่งชาติ
2566,ไตรมาสที่ 4,คนงานซึ่งมิได้จำแนกไว้ในหมวดอื่น,2169,ภาคใต้,0.0,พันคน,สำนักงานสถิติแห่งชาติ
2568,ไตรมาสที่ 1/2568,06. ผู้ปฏิบัติงานที่มีฝีมือในด้านการเกษตรและการประมง,2170,4) ใต้ชายแดน,385.2,พันคน,สำนักงานสถิติแห่งชาติ
2568,ไตรมาสที่ 1/2568,07. ผู้ปฏิบัติงานด้านความสามารถทางฝีมือและธุรกิจการค้าที่เกี่ยวข้อง,2171,4) ใต้ชายแดน,124.8,พันคน,สำนักงานสถิติแห่งชาติ
2568,ไตรมาสที่ 1/2568,08. ผู้ปฏิบัติการโรงงานและเครื่องจักรและผู้ปฏิบัติงานด้านการประกอบ,2172,4) ใต้ชายแดน,26.7,พันคน,สำนักงานสถิติแห่งชาติ
2568,ไตรมาสที่ 1/2568,09. อาชีพขั้นพื้นฐานต่างๆ ในด้านการขายและการให้บริการ,2173,4) ใต้ชายแดน,68.9,พันคน,สำนักงานสถิติแห่งชาติ
2568,ไตรมาสที่ 1/2568,01. ผู้บัญญัติกฎหมาย ข้าราชการระดับอาวุโสและผู้จัดการ,2174,5) ตะวันออก,146.6,พันคน,สำนักงานสถิติแห่งชาติ
2568,ไตรมาสที่ 1/2568,02. ผู้ประกอบวิชาชีพด้านต่างๆ,2175,5) ตะวันออก,166.4,พันคน,สำนักงานสถิติแห่งชาติ
2568,ไตรมาสที่ 1/2568,03. ผู้ประกอบวิชาชีพด้านเทคนิคสาขาต่าง ๆ และอาชีพที่เกี่ยวข้อง,2176,5) ตะวันออก,209.7,พันคน,สำนักงานสถิติแห่งชาติ
2568,ไตรมาสที่ 1/2568,04. เสมียน,2177,5) ตะวันออก,168.4,พันคน,สำนักงานสถิติแห่งชาติ
2568,ไตรมาสที่ 1/2568,05. พนักงานบริการและพนักงานในร้านค้าและตลาด,2178,5) ตะวันออก,933.9,พันคน,สำนักงานสถิติแห่งชาติ
2568,ไตรมาสที่ 1/2568,06. ผู้ปฏิบัติงานที่มีฝีมือในด้านการเกษตรและการประมง,2179,5) ตะวันออก,541.3,พันคน,สำนักงานสถิติแห่งชาติ
2568,ไตรมาสที่ 1/2568,07. ผู้ปฏิบัติงานด้านความสามารถทางฝีมือและธุรกิจการค้าที่เกี่ยวข้อง,2180,5) ตะวันออก,518.4,พันคน,สำนักงานสถิติแห่งชาติ
2568,ไตรมาสที่ 1/2568,08. ผู้ปฏิบัติการโรงงานและเครื่องจักรและผู้ปฏิบัติงานด้านการประกอบ,2181,5) ตะวันออก,774.7,พันคน,สำนักงานสถิติแห่งชาติ
2568,ไตรมาสที่ 1/2568,09. อาชีพขั้นพื้นฐานต่างๆ ในด้านการขายและการให้บริการ,2182,5) ตะวันออก,509.5,พันคน,สำนักงานสถิติแห่งชาติ
2568,ไตรมาสที่ 1/2568,10. คนงานซึ่งมิได้จำแนกไว้ในหมวดอื่น,2183,5) ตะวันออก,16.2,พันคน,สำนักงานสถิติแห่งชาติ
2568,ไตรมาสที่ 1/2568,01. ผู้บัญญัติกฎหมาย ข้าราชการระดับอาวุโสและผู้จัดการ,2184,6) ตะวันออกเฉียงเหนือ,254.6,พันคน,สำนักงานสถิติแห่งชาติ
2568,ไตรมาสที่ 1/2568,02. ผู้ประกอบวิชาชีพด้านต่างๆ,2185,6) ตะวันออกเฉียงเหนือ,384.3,พันคน,สำนักงานสถิติแห่งชาติ
2568,ไตรมาสที่ 1/2568,03. ผู้ประกอบวิชาชีพด้านเทคนิคสาขาต่าง ๆ และอาชีพที่เกี่ยวข้อง,2186,6) ตะวันออกเฉียงเหนือ,214.7,พันคน,สำนักงานสถิติแห่งชาติ
2568,ไตรมาสที่ 1/2568,04. เสมียน,2187,6) ตะวันออกเฉียงเหนือ,234.8,พันคน,สำนักงานสถิติแห่งชาติ
2568,ไตรมาสที่ 1/2568,05. พนักงานบริการและพนักงานในร้านค้าและตลาด,2188,6) ตะวันออกเฉียงเหนือ,1725.6,พันคน,สำนักงานสถิติแห่งชาติ
2568,ไตรมาสที่ 1/2568,06. ผู้ปฏิบัติงานที่มีฝีมือในด้านการเกษตรและการประมง,2189,6) ตะวันออกเฉียงเหนือ,3546.8,พันคน,สำนักงานสถิติแห่งชาติ
2568,ไตรมาสที่ 1/2568,07. ผู้ปฏิบัติงานด้านความสามารถทางฝีมือและธุรกิจการค้าที่เกี่ยวข้อง,2190,6) ตะวันออกเฉียงเหนือ,772.8,พันคน,สำนักงานสถิติแห่งชาติ
2568,ไตรมาสที่ 1/2568,08. ผู้ปฏิบัติการโรงงานและเครื่องจักรและผู้ปฏิบัติงานด้านการประกอบ,2191,6) ตะวันออกเฉียงเหนือ,438.5,พันคน,สำนักงานสถิติแห่งชาติ
2568,ไตรมาสที่ 1/2568,09. อาชีพขั้นพื้นฐานต่างๆ ในด้านการขายและการให้บริการ,2192,6) ตะวันออกเฉียงเหนือ,1218.6,พันคน,สำนักงานสถิติแห่งชาติ
2568,ไตรมาสที่ 1/2568,01. ผู้บัญญัติกฎหมาย ข้าราชการระดับอาวุโสและผู้จัดการ,2193,7) เหนือ,152.9,พันคน,สำนักงานสถิติแห่งชาติ
2568,ไตรมาสที่ 1/2568,02. ผู้ประกอบวิชาชีพด้านต่างๆ,2194,7) เหนือ,317.8,พันคน,สำนักงานสถิติแห่งชาติ
2568,ไตรมาสที่ 1/2568,03. ผู้ประกอบวิชาชีพด้านเทคนิคสาขาต่าง ๆ และอาชีพที่เกี่ยวข้อง,2195,7) เหนือ,205.5,พันคน,สำนักงานสถิติแห่งชาติ
2568,ไตรมาสที่ 1/2568,04. เสมียน,2196,7) เหนือ,223.9,พันคน,สำนักงานสถิติแห่งชาติ
2568,ไตรมาสที่ 1/2568,05. พนักงานบริการและพนักงานในร้านค้าและตลาด,2197,7) เหนือ,1176.4,พันคน,สำนักงานสถิติแห่งชาติ
2568,ไตรมาสที่ 1/2568,06. ผู้ปฏิบัติงานที่มีฝีมือในด้านการเกษตรและการประมง,2198,7) เหนือ,2070.6,พันคน,สำนักงานสถิติแห่งชาติ
2568,ไตรมาสที่ 1/2568,07. ผู้ปฏิบัติงานด้านความสามารถทางฝีมือและธุรกิจการค้าที่เกี่ยวข้อง,2199,7) เหนือ,612.0,พันคน,สำนักงานสถิติแห่งชาติ
2568,ไตรมาสที่ 1/2568,08. ผู้ปฏิบัติการโรงงานและเครื่องจักรและผู้ปฏิบัติงานด้านการประกอบ,2200,7) เหนือ,321.9,พันคน,สำนักงานสถิติแห่งชาติ
2567,ไตรมาสที่ 1/2567,01. ผู้บัญญัติกฎหมาย ข้าราชการระดับอาวุโสและผู้จัดการ,2201,1) กรุงเทพมหานคร,354.79,พันคน,สำนักงานสถิติแห่งชาติ
2567,ไตรมาสที่ 1/2567,02. ผู้ประกอบวิชาชีพด้านต่างๆ,2202,1) กรุงเทพมหานคร,594.1,พันคน,สำนักงานสถิติแห่งชาติ
2567,ไตรมาสที่ 1/2567,03. ผู้ประกอบวิชาชีพด้านเทคนิคสาขาต่าง ๆ และอาชีพที่เกี่ยวข้อง,2203,1) กรุงเทพมหานคร,592.97,พันคน,สำนักงานสถิติแห่งชาติ
2567,ไตรมาสที่ 1/2567,04. เสมียน,2204,1) กรุงเทพมหานคร,466.77,พันคน,สำนักงานสถิติแห่งชาติ
2567,ไตรมาสที่ 1/2567,05. พนักงานบริการและพนักงานในร้านค้าและตลาด,2205,1) กรุงเทพมหานคร,1644.16,พันคน,สำนักงานสถิติแห่งชาติ
2567,ไตรมาสที่ 1/2567,06. ผู้ปฏิบัติงานที่มีฝีมือในด้านการเกษตรและการประมง,2206,1) กรุงเทพมหานคร,58.63,พันคน,สำนักงานสถิติแห่งชาติ
2567,ไตรมาสที่ 1/2567,07. ผู้ปฏิบัติงานด้านความสามารถทางฝีมือและธุรกิจการค้าที่เกี่ยวข้อง,2207,1) กรุงเทพมหานคร,629.15,พันคน,สำนักงานสถิติแห่งชาติ
2567,ไตรมาสที่ 1/2567,08. ผู้ปฏิบัติการโรงงานและเครื่องจักรและผู้ปฏิบัติงานด้านการประกอบ,2208,1) กรุงเทพมหานคร,801.39,พันคน,สำนักงานสถิติแห่งชาติ
2567,ไตรมาสที่ 1/2567,09. อาชีพขั้นพื้นฐานต่างๆ ในด้านการขายและการให้บริการ,2209,1) กรุงเทพมหานคร,613.22,พันคน,สำนักงานสถิติแห่งชาติ
2567,ไตรมาสที่ 1/2567,10. คนงานซึ่งมิได้จำแนกไว้ในหมวดอื่น,2210,1) กรุงเทพมหานคร,20.32,พันคน,สำนักงานสถิติแห่งชาติ
2567,ไตรมาสที่ 1/2567,01. ผู้บัญญัติกฎหมาย ข้าราชการระดับอาวุโสและผู้จัดการ,2211,2) ภาคกลาง,415.59,พันคน,สำนักงานสถิติแห่งชาติ
2567,ไตรมาสที่ 1/2567,02. ผู้ประกอบวิชาชีพด้านต่างๆ,2212,2) ภาคกลาง,751.07,พันคน,สำนักงานสถิติแห่งชาติ
2567,ไตรมาสที่ 1/2567,03. ผู้ประกอบวิชาชีพด้านเทคนิคสาขาต่าง ๆ และอาชีพที่เกี่ยวข้อง,2213,2) ภาคกลาง,759.63,พันคน,สำนักงานสถิติแห่งชาติ
2567,ไตรมาสที่ 1/2567,04. เสมียน,2214,2) ภาคกลาง,733.99,พันคน,สำนักงานสถิติแห่งชาติ
2567,ไตรมาสที่ 1/2567,05. พนักงานบริการและพนักงานในร้านค้าและตลาด,2215,2) ภาคกลาง,3084.72,พันคน,สำนักงานสถิติแห่งชาติ
2567,ไตรมาสที่ 1/2567,06. ผู้ปฏิบัติงานที่มีฝีมือในด้านการเกษตรและการประมง,2216,2) ภาคกลาง,1601.86,พันคน,สำนักงานสถิติแห่งชาติ
2567,ไตรมาสที่ 1/2567,07. ผู้ปฏิบัติงานด้านความสามารถทางฝีมือและธุรกิจการค้าที่เกี่ยวข้อง,2217,2) ภาคกลาง,1805.21,พันคน,สำนักงานสถิติแห่งชาติ
2567,ไตรมาสที่ 1/2567,08. ผู้ปฏิบัติการโรงงานและเครื่องจักรและผู้ปฏิบัติงานด้านการประกอบ,2218,2) ภาคกลาง,2324.59,พันคน,สำนักงานสถิติแห่งชาติ
2567,ไตรมาสที่ 1/2567,09. อาชีพขั้นพื้นฐานต่างๆ ในด้านการขายและการให้บริการ,2219,2) ภาคกลาง,1853.9,พันคน,สำนักงานสถิติแห่งชาติ
2567,ไตรมาสที่ 1/2567,10. คนงานซึ่งมิได้จำแนกไว้ในหมวดอื่น,2220,2) ภาคกลาง,27.56,พันคน,สำนักงานสถิติแห่งชาติ
2567,ไตรมาสที่ 1/2567,01. ผู้บัญญัติกฎหมาย ข้าราชการระดับอาวุโสและผู้จัดการ,2221,3) ภาคเหนือ,141.15,พันคน,สำนักงานสถิติแห่งชาติ
2567,ไตรมาสที่ 1/2567,02. ผู้ประกอบวิชาชีพด้านต่างๆ,2222,3) ภาคเหนือ,279.31,พันคน,สำนักงานสถิติแห่งชาติ
2567,ไตรมาสที่ 1/2567,03. ผู้ประกอบวิชาชีพด้านเทคนิคสาขาต่าง ๆ และอาชีพที่เกี่ยวข้อง,2223,3) ภาคเหนือ,199.15,พันคน,สำนักงานสถิติแห่งชาติ
2567,ไตรมาสที่ 1/2567,04. เสมียน,2224,3) ภาคเหนือ,211.62,พันคน,สำนักงานสถิติแห่งชาติ
2567,ไตรมาสที่ 1/2567,05. พนักงานบริการและพนักงานในร้านค้าและตลาด,2225,3) ภาคเหนือ,1200.63,พันคน,สำนักงานสถิติแห่งชาติ
2567,ไตรมาสที่ 1/2567,06. ผู้ปฏิบัติงานที่มีฝีมือในด้านการเกษตรและการประมง,2226,3) ภาคเหนือ,2273.49,พันคน,สำนักงานสถิติแห่งชาติ
2567,ไตรมาสที่ 1/2567,07. ผู้ปฏิบัติงานด้านความสามารถทางฝีมือและธุรกิจการค้าที่เกี่ยวข้อง,2227,3) ภาคเหนือ,654.82,พันคน,สำนักงานสถิติแห่งชาติ
2567,ไตรมาสที่ 1/2567,08. ผู้ปฏิบัติการโรงงานและเครื่องจักรและผู้ปฏิบัติงานด้านการประกอบ,2228,3) ภาคเหนือ,316.29,พันคน,สำนักงานสถิติแห่งชาติ
2567,ไตรมาสที่ 1/2567,09. อาชีพขั้นพื้นฐานต่างๆ ในด้านการขายและการให้บริการ,2229,3) ภาคเหนือ,899.73,พันคน,สำนักงานสถิติแห่งชาติ
2567,ไตรมาสที่ 1/2567,01. ผู้บัญญัติกฎหมาย ข้าราชการระดับอาวุโสและผู้จัดการ,2230,4) ภาคตะวันออกเฉียงเหนือ,266.62,พันคน,สำนักงานสถิติแห่งชาติ
2567,ไตรมาสที่ 1/2567,02. ผู้ประกอบวิชาชีพด้านต่างๆ,2231,4) ภาคตะวันออกเฉียงเหนือ,378.07,พันคน,สำนักงานสถิติแห่งชาติ
2567,ไตรมาสที่ 1/2567,03. ผู้ประกอบวิชาชีพด้านเทคนิคสาขาต่าง ๆ และอาชีพที่เกี่ยวข้อง,2232,4) ภาคตะวันออกเฉียงเหนือ,215.44,พันคน,สำนักงานสถิติแห่งชาติ
2567,ไตรมาสที่ 1/2567,04. เสมียน,2233,4) ภาคตะวันออกเฉียงเหนือ,231.23,พันคน,สำนักงานสถิติแห่งชาติ
2567,ไตรมาสที่ 1/2567,05. พนักงานบริการและพนักงานในร้านค้าและตลาด,2234,4) ภาคตะวันออกเฉียงเหนือ,1661.21,พันคน,สำนักงานสถิติแห่งชาติ
2567,ไตรมาสที่ 1/2567,06. ผู้ปฏิบัติงานที่มีฝีมือในด้านการเกษตรและการประมง,2235,4) ภาคตะวันออกเฉียงเหนือ,3692.06,พันคน,สำนักงานสถิติแห่งชาติ
2567,ไตรมาสที่ 1/2567,07. ผู้ปฏิบัติงานด้านความสามารถทางฝีมือและธุรกิจการค้าที่เกี่ยวข้อง,2236,4) ภาคตะวันออกเฉียงเหนือ,875.52,พันคน,สำนักงานสถิติแห่งชาติ
2567,ไตรมาสที่ 1/2567,08. ผู้ปฏิบัติการโรงงานและเครื่องจักรและผู้ปฏิบัติงานด้านการประกอบ,2237,4) ภาคตะวันออกเฉียงเหนือ,455.07,พันคน,สำนักงานสถิติแห่งชาติ
2567,ไตรมาสที่ 1/2567,09. อาชีพขั้นพื้นฐานต่างๆ ในด้านการขายและการให้บริการ,2238,4) ภาคตะวันออกเฉียงเหนือ,1158.22,พันคน,สำนักงานสถิติแห่งชาติ
2567,ไตรมาสที่ 1/2567,01. ผู้บัญญัติกฎหมาย ข้าราชการระดับอาวุโสและผู้จัดการ,2239,5) ภาคใต้,138.3,พันคน,สำนักงานสถิติแห่งชาติ
2567,ไตรมาสที่ 1/2567,02. ผู้ประกอบวิชาชีพด้านต่างๆ,2240,5) ภาคใต้,248.77,พันคน,สำนักงานสถิติแห่งชาติ
2567,ไตรมาสที่ 1/2567,03. ผู้ประกอบวิชาชีพด้านเทคนิคสาขาต่าง ๆ และอาชีพที่เกี่ยวข้อง,2241,5) ภาคใต้,163.35,พันคน,สำนักงานสถิติแห่งชาติ
2567,ไตรมาสที่ 1/2567,04. เสมียน,2242,5) ภาคใต้,181.46,พันคน,สำนักงานสถิติแห่งชาติ
2567,ไตรมาสที่ 1/2567,05. พนักงานบริการและพนักงานในร้านค้าและตลาด,2243,5) ภาคใต้,1183.69,พันคน,สำนักงานสถิติแห่งชาติ
2567,ไตรมาสที่ 1/2567,06. ผู้ปฏิบัติงานที่มีฝีมือในด้านการเกษตรและการประมง,2244,5) ภาคใต้,2031.46,พันคน,สำนักงานสถิติแห่งชาติ
2567,ไตรมาสที่ 1/2567,07. ผู้ปฏิบัติงานด้านความสามารถทางฝีมือและธุรกิจการค้าที่เกี่ยวข้อง,2245,5) ภาคใต้,523.49,พันคน,สำนักงานสถิติแห่งชาติ
2567,ไตรมาสที่ 1/2567,08. ผู้ปฏิบัติการโรงงานและเครื่องจักรและผู้ปฏิบัติงานด้านการประกอบ,2246,5) ภาคใต้,252.44,พันคน,สำนักงานสถิติแห่งชาติ
2567,ไตรมาสที่ 1/2567,09. อาชีพขั้นพื้นฐานต่างๆ ในด้านการขายและการให้บริการ,2247,5) ภาคใต้,612.8,พันคน,สำนักงานสถิติแห่งชาติ
2567,ไตรมาสที่ 2/2567,01. ผู้บัญญัติกฎหมาย ข้าราชการระดับอาวุโสและผู้จัดการ,2248,1) กรุงเทพมหานคร,415.7,พันคน,สำนักงานสถิติแห่งชาติ
2567,ไตรมาสที่ 2/2567,02. ผู้ประกอบวิชาชีพด้านต่างๆ,2249,1) กรุงเทพมหานคร,626.0,พันคน,สำนักงานสถิติแห่งชาติ
2567,ไตรมาสที่ 2/2567,03. ผู้ประกอบวิชาชีพด้านเทคนิคสาขาต่าง ๆ และอาชีพที่เกี่ยวข้อง,2250,1) กรุงเทพมหานคร,575.9,พันคน,สำนักงานสถิติแห่งชาติ
2567,ไตรมาสที่ 2/2567,04. เสมียน,2251,1) กรุงเทพมหานคร,450.6,พันคน,สำนักงานสถิติแห่งชาติ
2567,ไตรมาสที่ 2/2567,05. พนักงานบริการและพนักงานในร้านค้าและตลาด,2252,1) กรุงเทพมหานคร,1585.1,พันคน,สำนักงานสถิติแห่งชาติ
2567,ไตรมาสที่ 2/2567,06. ผู้ปฏิบัติงานที่มีฝีมือในด้านการเกษตรและการประมง,2253,1) กรุงเทพมหานคร,39.0,พันคน,สำนักงานสถิติแห่งชาติ
2567,ไตรมาสที่ 2/2567,07. ผู้ปฏิบัติงานด้านความสามารถทางฝีมือและธุรกิจการค้าที่เกี่ยวข้อง,2254,1) กรุงเทพมหานคร,631.7,พันคน,สำนักงานสถิติแห่งชาติ
2567,ไตรมาสที่ 2/2567,08. ผู้ปฏิบัติการโรงงานและเครื่องจักรและผู้ปฏิบัติงานด้านการประกอบ,2255,1) กรุงเทพมหานคร,800.8,พันคน,สำนักงานสถิติแห่งชาติ
2567,ไตรมาสที่ 2/2567,09. อาชีพขั้นพื้นฐานต่างๆ ในด้านการขายและการให้บริการ,2256,1) กรุงเทพมหานคร,625.6,พันคน,สำนักงานสถิติแห่งชาติ
2567,ไตรมาสที่ 2/2567,10. คนงานซึ่งมิได้จำแนกไว้ในหมวดอื่น,2257,1) กรุงเทพมหานคร,11.2,พันคน,สำนักงานสถิติแห่งชาติ
2567,ไตรมาสที่ 2/2567,01. ผู้บัญญัติกฎหมาย ข้าราชการระดับอาวุโสและผู้จัดการ,2258,2) ภาคกลาง,463.0,พันคน,สำนักงานสถิติแห่งชาติ
2567,ไตรมาสที่ 2/2567,02. ผู้ประกอบวิชาชีพด้านต่างๆ,2259,2) ภาคกลาง,696.3,พันคน,สำนักงานสถิติแห่งชาติ
2567,ไตรมาสที่ 2/2567,03. ผู้ประกอบวิชาชีพด้านเทคนิคสาขาต่าง ๆ และอาชีพที่เกี่ยวข้อง,2260,2) ภาคกลาง,738.5,พันคน,สำนักงานสถิติแห่งชาติ
2567,ไตรมาสที่ 2/2567,04. เสมียน,2261,2) ภาคกลาง,773.4,พันคน,สำนักงานสถิติแห่งชาติ
2567,ไตรมาสที่ 2/2567,05. พนักงานบริการและพนักงานในร้านค้าและตลาด,2262,2) ภาคกลาง,3085.0,พันคน,สำนักงานสถิติแห่งชาติ
2567,ไตรมาสที่ 2/2567,06. ผู้ปฏิบัติงานที่มีฝีมือในด้านการเกษตรและการประมง,2263,2) ภาคกลาง,1592.1,พันคน,สำนักงานสถิติแห่งชาติ
2567,ไตรมาสที่ 2/2567,07. ผู้ปฏิบัติงานด้านความสามารถทางฝีมือและธุรกิจการค้าที่เกี่ยวข้อง,2264,2) ภาคกลาง,1752.0,พันคน,สำนักงานสถิติแห่งชาติ
2567,ไตรมาสที่ 2/2567,08. ผู้ปฏิบัติการโรงงานและเครื่องจักรและผู้ปฏิบัติงานด้านการประกอบ,2265,2) ภาคกลาง,2484.2,พันคน,สำนักงานสถิติแห่งชาติ
2567,ไตรมาสที่ 2/2567,09. อาชีพขั้นพื้นฐานต่างๆ ในด้านการขายและการให้บริการ,2266,2) ภาคกลาง,1772.2,พันคน,สำนักงานสถิติแห่งชาติ
2567,ไตรมาสที่ 2/2567,10. คนงานซึ่งมิได้จำแนกไว้ในหมวดอื่น,2267,2) ภาคกลาง,21.9,พันคน,สำนักงานสถิติแห่งชาติ
2567,ไตรมาสที่ 2/2567,01. ผู้บัญญัติกฎหมาย ข้าราชการระดับอาวุโสและผู้จัดการ,2268,3) ภาคเหนือ,140.0,พันคน,สำนักงานสถิติแห่งชาติ
2567,ไตรมาสที่ 2/2567,02. ผู้ประกอบวิชาชีพด้านต่างๆ,2269,3) ภาคเหนือ,250.4,พันคน,สำนักงานสถิติแห่งชาติ
2567,ไตรมาสที่ 2/2567,03. ผู้ประกอบวิชาชีพด้านเทคนิคสาขาต่าง ๆ และอาชีพที่เกี่ยวข้อง,2270,3) ภาคเหนือ,184.6,พันคน,สำนักงานสถิติแห่งชาติ
2567,ไตรมาสที่ 2/2567,04. เสมียน,2271,3) ภาคเหนือ,207.3,พันคน,สำนักงานสถิติแห่งชาติ
2567,ไตรมาสที่ 2/2567,05. พนักงานบริการและพนักงานในร้านค้าและตลาด,2272,3) ภาคเหนือ,1126.5,พันคน,สำนักงานสถิติแห่งชาติ
2567,ไตรมาสที่ 2/2567,06. ผู้ปฏิบัติงานที่มีฝีมือในด้านการเกษตรและการประมง,2273,3) ภาคเหนือ,2253.3,พันคน,สำนักงานสถิติแห่งชาติ
2567,ไตรมาสที่ 2/2567,07. ผู้ปฏิบัติงานด้านความสามารถทางฝีมือและธุรกิจการค้าที่เกี่ยวข้อง,2274,3) ภาคเหนือ,674.8,พันคน,สำนักงานสถิติแห่งชาติ
2567,ไตรมาสที่ 2/2567,08. ผู้ปฏิบัติการโรงงานและเครื่องจักรและผู้ปฏิบัติงานด้านการประกอบ,2275,3) ภาคเหนือ,337.7,พันคน,สำนักงานสถิติแห่งชาติ
2567,ไตรมาสที่ 2/2567,09. อาชีพขั้นพื้นฐานต่างๆ ในด้านการขายและการให้บริการ,2276,3) ภาคเหนือ,828.2,พันคน,สำนักงานสถิติแห่งชาติ
2567,ไตรมาสที่ 2/2567,10. คนงานซึ่งมิได้จำแนกไว้ในหมวดอื่น,2277,3) ภาคเหนือ,0.2,พันคน,สำนักงานสถิติแห่งชาติ
2567,ไตรมาสที่ 2/2567,01. ผู้บัญญัติกฎหมาย ข้าราชการระดับอาวุโสและผู้จัดการ,2278,4) ภาคตะวันออกเฉียงเหนือ,269.3,พันคน,สำนักงานสถิติแห่งชาติ
2567,ไตรมาสที่ 2/2567,02. ผู้ประกอบวิชาชีพด้านต่างๆ,2279,4) ภาคตะวันออกเฉียงเหนือ,372.4,พันคน,สำนักงานสถิติแห่งชาติ
2567,ไตรมาสที่ 2/2567,03. ผู้ประกอบวิชาชีพด้านเทคนิคสาขาต่าง ๆ และอาชีพที่เกี่ยวข้อง,2280,4) ภาคตะวันออกเฉียงเหนือ,205.0,พันคน,สำนักงานสถิติแห่งชาติ
2567,ไตรมาสที่ 2/2567,04. เสมียน,2281,4) ภาคตะวันออกเฉียงเหนือ,242.1,พันคน,สำนักงานสถิติแห่งชาติ
2567,ไตรมาสที่ 2/2567,05. พนักงานบริการและพนักงานในร้านค้าและตลาด,2282,4) ภาคตะวันออกเฉียงเหนือ,1676.2,พันคน,สำนักงานสถิติแห่งชาติ
2567,ไตรมาสที่ 2/2567,06. ผู้ปฏิบัติงานที่มีฝีมือในด้านการเกษตรและการประมง,2283,4) ภาคตะวันออกเฉียงเหนือ,4132.4,พันคน,สำนักงานสถิติแห่งชาติ
2567,ไตรมาสที่ 2/2567,07. ผู้ปฏิบัติงานด้านความสามารถทางฝีมือและธุรกิจการค้าที่เกี่ยวข้อง,2284,4) ภาคตะวันออกเฉียงเหนือ,787.9,พันคน,สำนักงานสถิติแห่งชาติ
2567,ไตรมาสที่ 2/2567,08. ผู้ปฏิบัติการโรงงานและเครื่องจักรและผู้ปฏิบัติงานด้านการประกอบ,2285,4) ภาคตะวันออกเฉียงเหนือ,417.3,พันคน,สำนักงานสถิติแห่งชาติ
2567,ไตรมาสที่ 2/2567,09. อาชีพขั้นพื้นฐานต่างๆ ในด้านการขายและการให้บริการ,2286,4) ภาคตะวันออกเฉียงเหนือ,949.4,พันคน,สำนักงานสถิติแห่งชาติ
2567,ไตรมาสที่ 2/2567,01. ผู้บัญญัติกฎหมาย ข้าราชการระดับอาวุโสและผู้จัดการ,2287,5) ภาคใต้,129.2,พันคน,สำนักงานสถิติแห่งชาติ
2567,ไตรมาสที่ 2/2567,02. ผู้ประกอบวิชาชีพด้านต่างๆ,2288,5) ภาคใต้,254.4,พันคน,สำนักงานสถิติแห่งชาติ
2567,ไตรมาสที่ 2/2567,03. ผู้ประกอบวิชาชีพด้านเทคนิคสาขาต่าง ๆ และอาชีพที่เกี่ยวข้อง,2289,5) ภาคใต้,169.4,พันคน,สำนักงานสถิติแห่งชาติ
2567,ไตรมาสที่ 2/2567,04. เสมียน,2290,5) ภาคใต้,185.9,พันคน,สำนักงานสถิติแห่งชาติ
2567,ไตรมาสที่ 2/2567,05. พนักงานบริการและพนักงานในร้านค้าและตลาด,2291,5) ภาคใต้,1169.8,พันคน,สำนักงานสถิติแห่งชาติ
2567,ไตรมาสที่ 2/2567,06. ผู้ปฏิบัติงานที่มีฝีมือในด้านการเกษตรและการประมง,2292,5) ภาคใต้,1991.5,พันคน,สำนักงานสถิติแห่งชาติ
2567,ไตรมาสที่ 2/2567,07. ผู้ปฏิบัติงานด้านความสามารถทางฝีมือและธุรกิจการค้าที่เกี่ยวข้อง,2293,5) ภาคใต้,520.4,พันคน,สำนักงานสถิติแห่งชาติ
2567,ไตรมาสที่ 2/2567,08. ผู้ปฏิบัติการโรงงานและเครื่องจักรและผู้ปฏิบัติงานด้านการประกอบ,2294,5) ภาคใต้,280.9,พันคน,สำนักงานสถิติแห่งชาติ
2567,ไตรมาสที่ 2/2567,09. อาชีพขั้นพื้นฐานต่างๆ ในด้านการขายและการให้บริการ,2295,5) ภาคใต้,604.4,พันคน,สำนักงานสถิติแห่งชาติ
2567,ไตรมาสที่ 3/2567,01. ผู้บัญญัติกฎหมาย ข้าราชการระดับอาวุโสและผู้จัดการ,2296,1) กรุงเทพมหานคร,429.1,พันคน,สำนักงานสถิติแห่งชาติ
2567,ไตรมาสที่ 3/2567,02. ผู้ประกอบวิชาชีพด้านต่างๆ,2297,1) กรุงเทพมหานคร,588.7,พันคน,สำนักงานสถิติแห่งชาติ
2567,ไตรมาสที่ 3/2567,03. ผู้ประกอบวิชาชีพด้านเทคนิคสาขาต่าง ๆ และอาชีพที่เกี่ยวข้อง,2298,1) กรุงเทพมหานคร,535.2,พันคน,สำนักงานสถิติแห่งชาติ
2567,ไตรมาสที่ 3/2567,04. เสมียน,2299,1) กรุงเทพมหานคร,451.7,พันคน,สำนักงานสถิติแห่งชาติ
2567,ไตรมาสที่ 3/2567,05. พนักงานบริการและพนักงานในร้านค้าและตลาด,2300,1) กรุงเทพมหานคร,1571.8,พันคน,สำนักงานสถิติแห่งชาติ
2567,ไตรมาสที่ 3/2567,06. ผู้ปฏิบัติงานที่มีฝีมือในด้านการเกษตรและการประมง,2301,1) กรุงเทพมหานคร,37.2,พันคน,สำนักงานสถิติแห่งชาติ
2567,ไตรมาสที่ 3/2567,07. ผู้ปฏิบัติงานด้านความสามารถทางฝีมือและธุรกิจการค้าที่เกี่ยวข้อง,2302,1) กรุงเทพมหานคร,590.4,พันคน,สำนักงานสถิติแห่งชาติ
2567,ไตรมาสที่ 3/2567,08. ผู้ปฏิบัติการโรงงานและเครื่องจักรและผู้ปฏิบัติงานด้านการประกอบ,2303,1) กรุงเทพมหานคร,819.1,พันคน,สำนักงานสถิติแห่งชาติ
2567,ไตรมาสที่ 3/2567,09. อาชีพขั้นพื้นฐานต่างๆ ในด้านการขายและการให้บริการ,2304,1) กรุงเทพมหานคร,647.3,พันคน,สำนักงานสถิติแห่งชาติ
2567,ไตรมาสที่ 3/2567,10. คนงานซึ่งมิได้จำแนกไว้ในหมวดอื่น,2305,1) กรุงเทพมหานคร,19.9,พันคน,สำนักงานสถิติแห่งชาติ
2567,ไตรมาสที่ 3/2567,01. ผู้บัญญัติกฎหมาย ข้าราชการระดับอาวุโสและผู้จัดการ,2306,2) ภาคกลาง,466.5,พันคน,สำนักงานสถิติแห่งชาติ
2567,ไตรมาสที่ 3/2567,02. ผู้ประกอบวิชาชีพด้านต่างๆ,2307,2) ภาคกลาง,670.3,พันคน,สำนักงานสถิติแห่งชาติ
2567,ไตรมาสที่ 3/2567,03. ผู้ประกอบวิชาชีพด้านเทคนิคสาขาต่าง ๆ และอาชีพที่เกี่ยวข้อง,2308,2) ภาคกลาง,741.2,พันคน,สำนักงานสถิติแห่งชาติ
2567,ไตรมาสที่ 3/2567,04. เสมียน,2309,2) ภาคกลาง,711.9,พันคน,สำนักงานสถิติแห่งชาติ
2567,ไตรมาสที่ 3/2567,05. พนักงานบริการและพนักงานในร้านค้าและตลาด,2310,2) ภาคกลาง,3032.7,พันคน,สำนักงานสถิติแห่งชาติ
2567,ไตรมาสที่ 3/2567,06. ผู้ปฏิบัติงานที่มีฝีมือในด้านการเกษตรและการประมง,2311,2) ภาคกลาง,1652.7,พันคน,สำนักงานสถิติแห่งชาติ
2567,ไตรมาสที่ 3/2567,07. ผู้ปฏิบัติงานด้านความสามารถทางฝีมือและธุรกิจการค้าที่เกี่ยวข้อง,2312,2) ภาคกลาง,1771.6,พันคน,สำนักงานสถิติแห่งชาติ
2567,ไตรมาสที่ 3/2567,08. ผู้ปฏิบัติการโรงงานและเครื่องจักรและผู้ปฏิบัติงานด้านการประกอบ,2313,2) ภาคกลาง,2522.8,พันคน,สำนักงานสถิติแห่งชาติ
2567,ไตรมาสที่ 3/2567,09. อาชีพขั้นพื้นฐานต่างๆ ในด้านการขายและการให้บริการ,2314,2) ภาคกลาง,1716.6,พันคน,สำนักงานสถิติแห่งชาติ
2567,ไตรมาสที่ 3/2567,10. คนงานซึ่งมิได้จำแนกไว้ในหมวดอื่น,2315,2) ภาคกลาง,73.9,พันคน,สำนักงานสถิติแห่งชาติ
2567,ไตรมาสที่ 3/2567,01. ผู้บัญญัติกฎหมาย ข้าราชการระดับอาวุโสและผู้จัดการ,2316,3) ภาคเหนือ,142.4,พันคน,สำนักงานสถิติแห่งชาติ
2567,ไตรมาสที่ 3/2567,02. ผู้ประกอบวิชาชีพด้านต่างๆ,2317,3) ภาคเหนือ,274.0,พันคน,สำนักงานสถิติแห่งชาติ
2567,ไตรมาสที่ 3/2567,03. ผู้ประกอบวิชาชีพด้านเทคนิคสาขาต่าง ๆ และอาชีพที่เกี่ยวข้อง,2318,3) ภาคเหนือ,165.1,พันคน,สำนักงานสถิติแห่งชาติ
2567,ไตรมาสที่ 3/2567,04. เสมียน,2319,3) ภาคเหนือ,192.6,พันคน,สำนักงานสถิติแห่งชาติ
2567,ไตรมาสที่ 3/2567,05. พนักงานบริการและพนักงานในร้านค้าและตลาด,2320,3) ภาคเหนือ,1086.6,พันคน,สำนักงานสถิติแห่งชาติ
2567,ไตรมาสที่ 3/2567,06. ผู้ปฏิบัติงานที่มีฝีมือในด้านการเกษตรและการประมง,2321,3) ภาคเหนือ,2563.3,พันคน,สำนักงานสถิติแห่งชาติ
2567,ไตรมาสที่ 3/2567,07. ผู้ปฏิบัติงานด้านความสามารถทางฝีมือและธุรกิจการค้าที่เกี่ยวข้อง,2322,3) ภาคเหนือ,592.6,พันคน,สำนักงานสถิติแห่งชาติ
2567,ไตรมาสที่ 3/2567,08. ผู้ปฏิบัติการโรงงานและเครื่องจักรและผู้ปฏิบัติงานด้านการประกอบ,2323,3) ภาคเหนือ,309.4,พันคน,สำนักงานสถิติแห่งชาติ
2567,ไตรมาสที่ 3/2567,09. อาชีพขั้นพื้นฐานต่างๆ ในด้านการขายและการให้บริการ,2324,3) ภาคเหนือ,780.8,พันคน,สำนักงานสถิติแห่งชาติ
2567,ไตรมาสที่ 3/2567,10. คนงานซึ่งมิได้จำแนกไว้ในหมวดอื่น,2325,3) ภาคเหนือ,1.0,พันคน,สำนักงานสถิติแห่งชาติ
2567,ไตรมาสที่ 3/2567,01. ผู้บัญญัติกฎหมาย ข้าราชการระดับอาวุโสและผู้จัดการ,2326,4) ภาคตะวันออกเฉียงเหนือ,242.8,พันคน,สำนักงานสถิติแห่งชาติ
2567,ไตรมาสที่ 3/2567,02. ผู้ประกอบวิชาชีพด้านต่างๆ,2327,4) ภาคตะวันออกเฉียงเหนือ,356.5,พันคน,สำนักงานสถิติแห่งชาติ
2567,ไตรมาสที่ 3/2567,03. ผู้ประกอบวิชาชีพด้านเทคนิคสาขาต่าง ๆ และอาชีพที่เกี่ยวข้อง,2328,4) ภาคตะวันออกเฉียงเหนือ,197.4,พันคน,สำนักงานสถิติแห่งชาติ
2567,ไตรมาสที่ 3/2567,04. เสมียน,2329,4) ภาคตะวันออกเฉียงเหนือ,231.7,พันคน,สำนักงานสถิติแห่งชาติ
2567,ไตรมาสที่ 3/2567,05. พนักงานบริการและพนักงานในร้านค้าและตลาด,2330,4) ภาคตะวันออกเฉียงเหนือ,1646.7,พันคน,สำนักงานสถิติแห่งชาติ
2567,ไตรมาสที่ 3/2567,06. ผู้ปฏิบัติงานที่มีฝีมือในด้านการเกษตรและการประมง,2331,4) ภาคตะวันออกเฉียงเหนือ,4998.8,พันคน,สำนักงานสถิติแห่งชาติ
2567,ไตรมาสที่ 3/2567,07. ผู้ปฏิบัติงานด้านความสามารถทางฝีมือและธุรกิจการค้าที่เกี่ยวข้อง,2332,4) ภาคตะวันออกเฉียงเหนือ,711.5,พันคน,สำนักงานสถิติแห่งชาติ
2567,ไตรมาสที่ 3/2567,08. ผู้ปฏิบัติการโรงงานและเครื่องจักรและผู้ปฏิบัติงานด้านการประกอบ,2333,4) ภาคตะวันออกเฉียงเหนือ,387.8,พันคน,สำนักงานสถิติแห่งชาติ
2567,ไตรมาสที่ 3/2567,09. อาชีพขั้นพื้นฐานต่างๆ ในด้านการขายและการให้บริการ,2334,4) ภาคตะวันออกเฉียงเหนือ,792.6,พันคน,สำนักงานสถิติแห่งชาติ
2567,ไตรมาสที่ 3/2567,01. ผู้บัญญัติกฎหมาย ข้าราชการระดับอาวุโสและผู้จัดการ,2335,5) ภาคใต้,129.1,พันคน,สำนักงานสถิติแห่งชาติ
2567,ไตรมาสที่ 3/2567,02. ผู้ประกอบวิชาชีพด้านต่างๆ,2336,5) ภาคใต้,268.5,พันคน,สำนักงานสถิติแห่งชาติ
2567,ไตรมาสที่ 3/2567,03. ผู้ประกอบวิชาชีพด้านเทคนิคสาขาต่าง ๆ และอาชีพที่เกี่ยวข้อง,2337,5) ภาคใต้,190.1,พันคน,สำนักงานสถิติแห่งชาติ
2567,ไตรมาสที่ 3/2567,04. เสมียน,2338,5) ภาคใต้,172.9,พันคน,สำนักงานสถิติแห่งชาติ
2567,ไตรมาสที่ 3/2567,05. พนักงานบริการและพนักงานในร้านค้าและตลาด,2339,5) ภาคใต้,1130.9,พันคน,สำนักงานสถิติแห่งชาติ
2567,ไตรมาสที่ 3/2567,06. ผู้ปฏิบัติงานที่มีฝีมือในด้านการเกษตรและการประมง,2340,5) ภาคใต้,2010.6,พันคน,สำนักงานสถิติแห่งชาติ
2567,ไตรมาสที่ 3/2567,07. ผู้ปฏิบัติงานด้านความสามารถทางฝีมือและธุรกิจการค้าที่เกี่ยวข้อง,2341,5) ภาคใต้,502.1,พันคน,สำนักงานสถิติแห่งชาติ
2567,ไตรมาสที่ 3/2567,08. ผู้ปฏิบัติการโรงงานและเครื่องจักรและผู้ปฏิบัติงานด้านการประกอบ,2342,5) ภาคใต้,267.7,พันคน,สำนักงานสถิติแห่งชาติ
2567,ไตรมาสที่ 3/2567,09. อาชีพขั้นพื้นฐานต่างๆ ในด้านการขายและการให้บริการ,2343,5) ภาคใต้,643.3,พันคน,สำนักงานสถิติแห่งชาติ
2567,ไตรมาสที่ 4/2567,01. ผู้บัญญัติกฎหมาย ข้าราชการระดับอาวุโสและผู้จัดการ,2344,1) กรุงเทพมหานคร,387.9,พันคน,สำนักงานสถิติแห่งชาติ
2567,ไตรมาสที่ 4/2567,02. ผู้ประกอบวิชาชีพด้านต่างๆ,2345,1) กรุงเทพมหานคร,594.7,พันคน,สำนักงานสถิติแห่งชาติ
2567,ไตรมาสที่ 4/2567,03. ผู้ประกอบวิชาชีพด้านเทคนิคสาขาต่าง ๆ และอาชีพที่เกี่ยวข้อง,2346,1) กรุงเทพมหานคร,559.8,พันคน,สำนักงานสถิติแห่งชาติ
2567,ไตรมาสที่ 4/2567,04. เสมียน,2347,1) กรุงเทพมหานคร,459.0,พันคน,สำนักงานสถิติแห่งชาติ
2567,ไตรมาสที่ 4/2567,05. พนักงานบริการและพนักงานในร้านค้าและตลาด,2348,1) กรุงเทพมหานคร,1655.6,พันคน,สำนักงานสถิติแห่งชาติ
2567,ไตรมาสที่ 4/2567,06. ผู้ปฏิบัติงานที่มีฝีมือในด้านการเกษตรและการประมง,2349,1) กรุงเทพมหานคร,37.2,พันคน,สำนักงานสถิติแห่งชาติ
2567,ไตรมาสที่ 4/2567,07. ผู้ปฏิบัติงานด้านความสามารถทางฝีมือและธุรกิจการค้าที่เกี่ยวข้อง,2350,1) กรุงเทพมหานคร,577.7,พันคน,สำนักงานสถิติแห่งชาติ
2567,ไตรมาสที่ 4/2567,08. ผู้ปฏิบัติการโรงงานและเครื่องจักรและผู้ปฏิบัติงานด้านการประกอบ,2351,1) กรุงเทพมหานคร,788.8,พันคน,สำนักงานสถิติแห่งชาติ
2567,ไตรมาสที่ 4/2567,09. อาชีพขั้นพื้นฐานต่างๆ ในด้านการขายและการให้บริการ,2352,1) กรุงเทพมหานคร,638.1,พันคน,สำนักงานสถิติแห่งชาติ
2567,ไตรมาสที่ 4/2567,10. คนงานซึ่งมิได้จำแนกไว้ในหมวดอื่น,2353,1) กรุงเทพมหานคร,21.1,พันคน,สำนักงานสถิติแห่งชาติ
2567,ไตรมาสที่ 4/2567,01. ผู้บัญญัติกฎหมาย ข้าราชการระดับอาวุโสและผู้จัดการ,2354,2) ภาคกลาง,455.0,พันคน,สำนักงานสถิติแห่งชาติ
2567,ไตรมาสที่ 4/2567,02. ผู้ประกอบวิชาชีพด้านต่างๆ,2355,2) ภาคกลาง,712.0,พันคน,สำนักงานสถิติแห่งชาติ
2567,ไตรมาสที่ 4/2567,03. ผู้ประกอบวิชาชีพด้านเทคนิคสาขาต่าง ๆ และอาชีพที่เกี่ยวข้อง,2356,2) ภาคกลาง,752.6,พันคน,สำนักงานสถิติแห่งชาติ
2567,ไตรมาสที่ 4/2567,04. เสมียน,2357,2) ภาคกลาง,733.9,พันคน,สำนักงานสถิติแห่งชาติ
2567,ไตรมาสที่ 4/2567,05. พนักงานบริการและพนักงานในร้านค้าและตลาด,2358,2) ภาคกลาง,3048.1,พันคน,สำนักงานสถิติแห่งชาติ
2567,ไตรมาสที่ 4/2567,06. ผู้ปฏิบัติงานที่มีฝีมือในด้านการเกษตรและการประมง,2359,2) ภาคกลาง,1605.3,พันคน,สำนักงานสถิติแห่งชาติ
2567,ไตรมาสที่ 4/2567,07. ผู้ปฏิบัติงานด้านความสามารถทางฝีมือและธุรกิจการค้าที่เกี่ยวข้อง,2360,2) ภาคกลาง,1791.0,พันคน,สำนักงานสถิติแห่งชาติ
2567,ไตรมาสที่ 4/2567,08. ผู้ปฏิบัติการโรงงานและเครื่องจักรและผู้ปฏิบัติงานด้านการประกอบ,2361,2) ภาคกลาง,2463.2,พันคน,สำนักงานสถิติแห่งชาติ
2567,ไตรมาสที่ 4/2567,09. อาชีพขั้นพื้นฐานต่างๆ ในด้านการขายและการให้บริการ,2362,2) ภาคกลาง,1835.8,พันคน,สำนักงานสถิติแห่งชาติ
2567,ไตรมาสที่ 4/2567,10. คนงานซึ่งมิได้จำแนกไว้ในหมวดอื่น,2363,2) ภาคกลาง,52.8,พันคน,สำนักงานสถิติแห่งชาติ
2567,ไตรมาสที่ 4/2567,01. ผู้บัญญัติกฎหมาย ข้าราชการระดับอาวุโสและผู้จัดการ,2364,3) ภาคเหนือ,133.9,พันคน,สำนักงานสถิติแห่งชาติ
2567,ไตรมาสที่ 4/2567,02. ผู้ประกอบวิชาชีพด้านต่างๆ,2365,3) ภาคเหนือ,285.0,พันคน,สำนักงานสถิติแห่งชาติ
2567,ไตรมาสที่ 4/2567,03. ผู้ประกอบวิชาชีพด้านเทคนิคสาขาต่าง ๆ และอาชีพที่เกี่ยวข้อง,2366,3) ภาคเหนือ,177.6,พันคน,สำนักงานสถิติแห่งชาติ
2567,ไตรมาสที่ 4/2567,04. เสมียน,2367,3) ภาคเหนือ,195.7,พันคน,สำนักงานสถิติแห่งชาติ
2567,ไตรมาสที่ 4/2567,05. พนักงานบริการและพนักงานในร้านค้าและตลาด,2368,3) ภาคเหนือ,1180.2,พันคน,สำนักงานสถิติแห่งชาติ
2567,ไตรมาสที่ 4/2567,06. ผู้ปฏิบัติงานที่มีฝีมือในด้านการเกษตรและการประมง,2369,3) ภาคเหนือ,2433.5,พันคน,สำนักงานสถิติแห่งชาติ
2567,ไตรมาสที่ 4/2567,07. ผู้ปฏิบัติงานด้านความสามารถทางฝีมือและธุรกิจการค้าที่เกี่ยวข้อง,2370,3) ภาคเหนือ,614.4,พันคน,สำนักงานสถิติแห่งชาติ
2567,ไตรมาสที่ 4/2567,08. ผู้ปฏิบัติการโรงงานและเครื่องจักรและผู้ปฏิบัติงานด้านการประกอบ,2371,3) ภาคเหนือ,296.5,พันคน,สำนักงานสถิติแห่งชาติ
2567,ไตรมาสที่ 4/2567,09. อาชีพขั้นพื้นฐานต่างๆ ในด้านการขายและการให้บริการ,2372,3) ภาคเหนือ,870.3,พันคน,สำนักงานสถิติแห่งชาติ
2567,ไตรมาสที่ 4/2567,10. คนงานซึ่งมิได้จำแนกไว้ในหมวดอื่น,2373,3) ภาคเหนือ,0.2,พันคน,สำนักงานสถิติแห่งชาติ
2567,ไตรมาสที่ 4/2567,01. ผู้บัญญัติกฎหมาย ข้าราชการระดับอาวุโสและผู้จัดการ,2374,4) ภาคตะวันออกเฉียงเหนือ,224.0,พันคน,สำนักงานสถิติแห่งชาติ
2567,ไตรมาสที่ 4/2567,02. ผู้ประกอบวิชาชีพด้านต่างๆ,2375,4) ภาคตะวันออกเฉียงเหนือ,340.2,พันคน,สำนักงานสถิติแห่งชาติ
2567,ไตรมาสที่ 4/2567,03. ผู้ประกอบวิชาชีพด้านเทคนิคสาขาต่าง ๆ และอาชีพที่เกี่ยวข้อง,2376,4) ภาคตะวันออกเฉียงเหนือ,195.6,พันคน,สำนักงานสถิติแห่งชาติ
2567,ไตรมาสที่ 4/2567,04. เสมียน,2377,4) ภาคตะวันออกเฉียงเหนือ,252.4,พันคน,สำนักงานสถิติแห่งชาติ
2567,ไตรมาสที่ 4/2567,05. พนักงานบริการและพนักงานในร้านค้าและตลาด,2378,4) ภาคตะวันออกเฉียงเหนือ,1661.7,พันคน,สำนักงานสถิติแห่งชาติ
2567,ไตรมาสที่ 4/2567,06. ผู้ปฏิบัติงานที่มีฝีมือในด้านการเกษตรและการประมง,2379,4) ภาคตะวันออกเฉียงเหนือ,4774.9,พันคน,สำนักงานสถิติแห่งชาติ
2567,ไตรมาสที่ 4/2567,07. ผู้ปฏิบัติงานด้านความสามารถทางฝีมือและธุรกิจการค้าที่เกี่ยวข้อง,2380,4) ภาคตะวันออกเฉียงเหนือ,718.5,พันคน,สำนักงานสถิติแห่งชาติ
2567,ไตรมาสที่ 4/2567,08. ผู้ปฏิบัติการโรงงานและเครื่องจักรและผู้ปฏิบัติงานด้านการประกอบ,2381,4) ภาคตะวันออกเฉียงเหนือ,403.3,พันคน,สำนักงานสถิติแห่งชาติ
2567,ไตรมาสที่ 4/2567,09. อาชีพขั้นพื้นฐานต่างๆ ในด้านการขายและการให้บริการ,2382,4) ภาคตะวันออกเฉียงเหนือ,897.0,พันคน,สำนักงานสถิติแห่งชาติ
2567,ไตรมาสที่ 4/2567,01. ผู้บัญญัติกฎหมาย ข้าราชการระดับอาวุโสและผู้จัดการ,2383,5) ภาคใต้,144.2,พันคน,สำนักงานสถิติแห่งชาติ
2567,ไตรมาสที่ 4/2567,02. ผู้ประกอบวิชาชีพด้านต่างๆ,2384,5) ภาคใต้,254.8,พันคน,สำนักงานสถิติแห่งชาติ
2567,ไตรมาสที่ 4/2567,03. ผู้ประกอบวิชาชีพด้านเทคนิคสาขาต่าง ๆ และอาชีพที่เกี่ยวข้อง,2385,5) ภาคใต้,177.3,พันคน,สำนักงานสถิติแห่งชาติ
2567,ไตรมาสที่ 4/2567,04. เสมียน,2386,5) ภาคใต้,171.8,พันคน,สำนักงานสถิติแห่งชาติ
2567,ไตรมาสที่ 4/2567,05. พนักงานบริการและพนักงานในร้านค้าและตลาด,2387,5) ภาคใต้,1171.4,พันคน,สำนักงานสถิติแห่งชาติ
2567,ไตรมาสที่ 4/2567,06. ผู้ปฏิบัติงานที่มีฝีมือในด้านการเกษตรและการประมง,2388,5) ภาคใต้,1952.1,พันคน,สำนักงานสถิติแห่งชาติ
2567,ไตรมาสที่ 4/2567,07. ผู้ปฏิบัติงานด้านความสามารถทางฝีมือและธุรกิจการค้าที่เกี่ยวข้อง,2389,5) ภาคใต้,519.7,พันคน,สำนักงานสถิติแห่งชาติ
2567,ไตรมาสที่ 4/2567,08. ผู้ปฏิบัติการโรงงานและเครื่องจักรและผู้ปฏิบัติงานด้านการประกอบ,2390,5) ภาคใต้,256.2,พันคน,สำนักงานสถิติแห่งชาติ
2567,ไตรมาสที่ 4/2567,09. อาชีพขั้นพื้นฐานต่างๆ ในด้านการขายและการให้บริการ,2391,5) ภาคใต้,634.5,พันคน,สำนักงานสถิติแห่งชาติ
