_id,ปี,ใน-ต่าง,จำนวน,เดือน,รายการ
1,2569,หนี้ในประเทศ,487593.42,3,1. องค์กรของรัฐ
2,2569,หนี้ในประเทศ,151393.32,3,องค์การขนส่งมวลชนกรุงเทพ (BMTA)
3,2569,หนี้ในประเทศ,0,3,สถาบันการบินพลเรือน (CATC)
4,2569,หนี้ในประเทศ,332.61,3,องค์การส่งเสริมกิจการโคนมแห่งประเทศไทย (DPO)
5,2569,หนี้ในประเทศ,28000,3,การไฟฟ้าฝ่ายผลิตแห่งประเทศไทย (EGAT)
6,2569,หนี้ในประเทศ,0,3,การทางพิเศษแห่งประเทศไทย (EXAT)
7,2569,หนี้ในประเทศ,0,3,องค์การอุตสาหกรรมป่าไม้ (FIO)
8,2569,หนี้ในประเทศ,0,3,การนิคมอุตสาหกรรมแห่งประเทศไทย (IEAT)
9,2569,หนี้ในประเทศ,0,3,การไฟฟ้านครหลวง (MEA)
10,2569,หนี้ในประเทศ,0,3,องค์การตลาดเพื่อเกษตรกร (MOFF)
11,2569,หนี้ในประเทศ,0,3,การรถไฟฟ้าขนส่งมวลชนแห่งประเทศไทย (MRTA)
12,2569,หนี้ในประเทศ,0,3,การประปานครหลวง (MWA)
13,2569,หนี้ในประเทศ,27050,3,การเคหะแห่งชาติ (NHA)
14,2569,หนี้ในประเทศ,0,3,การท่าเรือแห่งประเทศไทย (PAT)
15,2569,หนี้ในประเทศ,0,3,การไฟฟ้าส่วนภูมิภาค (PEA)
16,2569,หนี้ในประเทศ,0,3,องค์การคลังสินค้า (PWO)
17,2569,หนี้ในประเทศ,4620,3,การประปาส่วนภูมิภาค (PWA)
18,2569,หนี้ในประเทศ,825.31,3,การยางแห่งประเทศไทย (RAOT)
19,2569,หนี้ในประเทศ,275372.18,3,การรถไฟแห่งประเทศไทย (SRT)
20,2569,หนี้ในประเทศ,0,3,องค์การแบตเตอรี่ (TBO)**
21,2569,หนี้ในประเทศ,0,3,องค์การรับส่งสินค้าและพัสดุภัณฑ์ (ETO) **
22,2569,หนี้ในประเทศ,0,3,องค์การฟอกหนัง (TTO)**
23,2569,หนี้ในประเทศ,0,3,สำนักงานธนานุเคราะห์ (PAWN)***
24,2569,หนี้ในประเทศ,0,3,องค์การเภสัชกรรม
25,2569,หนี้ในประเทศ,0,3,2. บริษัทจำกัด และบริษัทมหาชนจำกัด
26,2569,หนี้ในประเทศ,0,3,บริษัท วิทยุการบินแห่งประเทศไทย จำกัด (AERO)
27,2569,หนี้ในประเทศ,0,3,บริษัท บางจากปิโตรเลียม จำกัด (มหาชน) (BPC)*
28,2569,หนี้ในประเทศ,0,3,บริษัท กสท.โทรคมนาคม จำกัด (มหาชน) (CAT)
29,2569,หนี้ในประเทศ,0,3,บริษัท กรุงไทย คอมพิวเตอร์ เซอร์วิสเซส จำกัด (KTBCS)
30,2569,หนี้ในประเทศ,0,3,บริษัท กรุงไทยธุรกิจบริการ จำกัด (KTBGS)
31,2569,หนี้ในประเทศ,0,3,บริษัท ท่าอากาศยานไทย จำกัด (มหาชน) (AOT)
32,2569,หนี้ในประเทศ,0,3,บริษัท ปตท. สำรวจและผลิตปิโตรเลียม จำกัด (มหาชน) (PEPC) *
33,2569,หนี้ในประเทศ,0,3,บริษัท ปตท.สผ. อินเตอร์เนชั่นแนล จำกัด (PEPI)*
34,2569,หนี้ในประเทศ,0,3,บริษัท ปตท. จำกัด (มหาชน) (PTT)
35,2569,หนี้ในประเทศ,0,3,บริษัท การบินไทย จำกัด (มหาชน) (THAI)*
36,2569,หนี้ในประเทศ,0,3,บริษัท ทีโอที จำกัด (มหาชน) (TOT)
37,2569,หนี้ในประเทศ,0,3,บริษัท ไม้อัดไทย จำกัด (TTPC)**
38,2569,หนี้ในประเทศ,0,3,บริษัท อู่กรุงเทพ จำกัด (BDC)
39,2569,หนี้ในประเทศ,0,3,บริษัท โรงแรมท่าอากาศยานสุวรรณภูมิ จำกัด (SAH)
40,2569,หนี้ในประเทศ,0,3,บริษัท ผลิตไฟฟ้าและน้ำเย็น จำกัด (DCAP)
41,2569,หนี้ในประเทศ,0,3,บริษัท ธนารักษ์พัฒนาสินทรัพย์ จำกัด (ธพส.) (DAD)
42,2569,หนี้ในประเทศ,0,3,บริษัท พีอีเอ เอ็นคอม อินเตอร์เนชั่นแนล จำกัด (PEA ENCOM)
43,2569,หนี้ในประเทศ,487593.42,3,รวม
44,2569,หนี้ต่างประเทศ,22065.07,3,1. องค์กรของรัฐ
45,2569,หนี้ต่างประเทศ,0,3,องค์การขนส่งมวลชนกรุงเทพ (BMTA)
46,2569,หนี้ต่างประเทศ,0,3,สถาบันการบินพลเรือน (CATC)
47,2569,หนี้ต่างประเทศ,0,3,องค์การส่งเสริมกิจการโคนมแห่งประเทศไทย (DPO)
48,2569,หนี้ต่างประเทศ,0,3,การไฟฟ้าฝ่ายผลิตแห่งประเทศไทย (EGAT)
49,2569,หนี้ต่างประเทศ,0,3,การทางพิเศษแห่งประเทศไทย (EXAT)
50,2569,หนี้ต่างประเทศ,0,3,องค์การอุตสาหกรรมป่าไม้ (FIO)
51,2569,หนี้ต่างประเทศ,0,3,การนิคมอุตสาหกรรมแห่งประเทศไทย (IEAT)
52,2569,หนี้ต่างประเทศ,0,3,การไฟฟ้านครหลวง (MEA)
53,2569,หนี้ต่างประเทศ,0,3,องค์การตลาดเพื่อเกษตรกร (MOFF)
54,2569,หนี้ต่างประเทศ,22018.14,3,การรถไฟฟ้าขนส่งมวลชนแห่งประเทศไทย (MRTA)
55,2569,หนี้ต่างประเทศ,0,3,การประปานครหลวง (MWA)
56,2569,หนี้ต่างประเทศ,0,3,การเคหะแห่งชาติ (NHA)
57,2569,หนี้ต่างประเทศ,0,3,การท่าเรือแห่งประเทศไทย (PAT)
58,2569,หนี้ต่างประเทศ,0,3,การไฟฟ้าส่วนภูมิภาค (PEA)
59,2569,หนี้ต่างประเทศ,0,3,องค์การคลังสินค้า (PWO)
60,2569,หนี้ต่างประเทศ,0,3,การประปาส่วนภูมิภาค (PWA)
61,2569,หนี้ต่างประเทศ,0,3,การยางแห่งประเทศไทย (RAOT)
62,2569,หนี้ต่างประเทศ,46.93,3,การรถไฟแห่งประเทศไทย (SRT)
63,2569,หนี้ต่างประเทศ,0,3,องค์การแบตเตอรี่ (TBO)**
64,2569,หนี้ต่างประเทศ,0,3,องค์การรับส่งสินค้าและพัสดุภัณฑ์ (ETO) **
65,2569,หนี้ต่างประเทศ,0,3,องค์การฟอกหนัง (TTO)**
66,2569,หนี้ต่างประเทศ,0,3,สำนักงานธนานุเคราะห์ (PAWN)***
67,2569,หนี้ต่างประเทศ,0,3,องค์การเภสัชกรรม
68,2569,หนี้ต่างประเทศ,900.27,3,2. บริษัทจำกัด และบริษัทมหาชนจำกัด
69,2569,หนี้ต่างประเทศ,0,3,บริษัท วิทยุการบินแห่งประเทศไทย จำกัด (AERO)
70,2569,หนี้ต่างประเทศ,0,3,บริษัท บางจากปิโตรเลียม จำกัด (มหาชน) (BPC)*
71,2569,หนี้ต่างประเทศ,0,3,บริษัท กสท.โทรคมนาคม จำกัด (มหาชน) (CAT)
72,2569,หนี้ต่างประเทศ,0,3,บริษัท กรุงไทย คอมพิวเตอร์ เซอร์วิสเซส จำกัด (KTBCS)
73,2569,หนี้ต่างประเทศ,0,3,บริษัท กรุงไทยธุรกิจบริการ จำกัด (KTBGS)
74,2569,หนี้ต่างประเทศ,900.27,3,บริษัท ท่าอากาศยานไทย จำกัด (มหาชน) (AOT)
75,2569,หนี้ต่างประเทศ,0,3,บริษัท ปตท. สำรวจและผลิตปิโตรเลียม จำกัด (มหาชน) (PEPC) *
76,2569,หนี้ต่างประเทศ,0,3,บริษัท ปตท.สผ. อินเตอร์เนชั่นแนล จำกัด (PEPI)*
77,2569,หนี้ต่างประเทศ,0,3,บริษัท ปตท. จำกัด (มหาชน) (PTT)
78,2569,หนี้ต่างประเทศ,0,3,บริษัท การบินไทย จำกัด (มหาชน) (THAI)*
79,2569,หนี้ต่างประเทศ,0,3,บริษัท ทีโอที จำกัด (มหาชน) (TOT)
80,2569,หนี้ต่างประเทศ,0,3,บริษัท ไม้อัดไทย จำกัด (TTPC)**
81,2569,หนี้ต่างประเทศ,0,3,บริษัท อู่กรุงเทพ จำกัด (BDC)
82,2569,หนี้ต่างประเทศ,0,3,บริษัท โรงแรมท่าอากาศยานสุวรรณภูมิ จำกัด (SAH)
83,2569,หนี้ต่างประเทศ,0,3,บริษัท ผลิตไฟฟ้าและน้ำเย็น จำกัด (DCAP)
84,2569,หนี้ต่างประเทศ,0,3,บริษัท ธนารักษ์พัฒนาสินทรัพย์ จำกัด (ธพส.) (DAD)
85,2569,หนี้ต่างประเทศ,0,3,บริษัท พีอีเอ เอ็นคอม อินเตอร์เนชั่นแนล จำกัด (PEA ENCOM)
86,2569,หนี้ต่างประเทศ,22965.34,3,รวม
87,2569,หนี้ในประเทศ,486284.09,2,1. องค์กรของรัฐ
88,2569,หนี้ในประเทศ,150911.92,2,องค์การขนส่งมวลชนกรุงเทพ (BMTA)
89,2569,หนี้ในประเทศ,0,2,สถาบันการบินพลเรือน (CATC)
90,2569,หนี้ในประเทศ,247.35,2,องค์การส่งเสริมกิจการโคนมแห่งประเทศไทย (DPO)
91,2569,หนี้ในประเทศ,28000,2,การไฟฟ้าฝ่ายผลิตแห่งประเทศไทย (EGAT)
92,2569,หนี้ในประเทศ,0,2,การทางพิเศษแห่งประเทศไทย (EXAT)
93,2569,หนี้ในประเทศ,0,2,องค์การอุตสาหกรรมป่าไม้ (FIO)
94,2569,หนี้ในประเทศ,0,2,การนิคมอุตสาหกรรมแห่งประเทศไทย (IEAT)
95,2569,หนี้ในประเทศ,0,2,การไฟฟ้านครหลวง (MEA)
96,2569,หนี้ในประเทศ,0,2,องค์การตลาดเพื่อเกษตรกร (MOFF)
97,2569,หนี้ในประเทศ,0,2,การรถไฟฟ้าขนส่งมวลชนแห่งประเทศไทย (MRTA)
98,2569,หนี้ในประเทศ,0,2,การประปานครหลวง (MWA)
99,2569,หนี้ในประเทศ,27050,2,การเคหะแห่งชาติ (NHA)
100,2569,หนี้ในประเทศ,0,2,การท่าเรือแห่งประเทศไทย (PAT)
101,2569,หนี้ในประเทศ,0,2,การไฟฟ้าส่วนภูมิภาค (PEA)
102,2569,หนี้ในประเทศ,0,2,องค์การคลังสินค้า (PWO)
103,2569,หนี้ในประเทศ,5420,2,การประปาส่วนภูมิภาค (PWA)
104,2569,หนี้ในประเทศ,825.31,2,การยางแห่งประเทศไทย (RAOT)
105,2569,หนี้ในประเทศ,273829.51,2,การรถไฟแห่งประเทศไทย (SRT)
106,2569,หนี้ในประเทศ,0,2,องค์การแบตเตอรี่ (TBO)**
107,2569,หนี้ในประเทศ,0,2,องค์การรับส่งสินค้าและพัสดุภัณฑ์ (ETO) **
108,2569,หนี้ในประเทศ,0,2,องค์การฟอกหนัง (TTO)**
109,2569,หนี้ในประเทศ,0,2,สำนักงานธนานุเคราะห์ (PAWN)***
110,2569,หนี้ในประเทศ,0,2,องค์การเภสัชกรรม
111,2569,หนี้ในประเทศ,0,2,2. บริษัทจำกัด และบริษัทมหาชนจำกัด
112,2569,หนี้ในประเทศ,0,2,บริษัท วิทยุการบินแห่งประเทศไทย จำกัด (AERO)
113,2569,หนี้ในประเทศ,0,2,บริษัท บางจากปิโตรเลียม จำกัด (มหาชน) (BPC)*
114,2569,หนี้ในประเทศ,0,2,บริษัท กสท.โทรคมนาคม จำกัด (มหาชน) (CAT)
115,2569,หนี้ในประเทศ,0,2,บริษัท กรุงไทย คอมพิวเตอร์ เซอร์วิสเซส จำกัด (KTBCS)
116,2569,หนี้ในประเทศ,0,2,บริษัท กรุงไทยธุรกิจบริการ จำกัด (KTBGS)
117,2569,หนี้ในประเทศ,0,2,บริษัท ท่าอากาศยานไทย จำกัด (มหาชน) (AOT)
118,2569,หนี้ในประเทศ,0,2,บริษัท ปตท. สำรวจและผลิตปิโตรเลียม จำกัด (มหาชน) (PEPC) *
119,2569,หนี้ในประเทศ,0,2,บริษัท ปตท.สผ. อินเตอร์เนชั่นแนล จำกัด (PEPI)*
120,2569,หนี้ในประเทศ,0,2,บริษัท ปตท. จำกัด (มหาชน) (PTT)
121,2569,หนี้ในประเทศ,0,2,บริษัท การบินไทย จำกัด (มหาชน) (THAI)*
122,2569,หนี้ในประเทศ,0,2,บริษัท ทีโอที จำกัด (มหาชน) (TOT)
123,2569,หนี้ในประเทศ,0,2,บริษัท ไม้อัดไทย จำกัด (TTPC)**
124,2569,หนี้ในประเทศ,0,2,บริษัท อู่กรุงเทพ จำกัด (BDC)
125,2569,หนี้ในประเทศ,0,2,บริษัท โรงแรมท่าอากาศยานสุวรรณภูมิ จำกัด (SAH)
126,2569,หนี้ในประเทศ,0,2,บริษัท ผลิตไฟฟ้าและน้ำเย็น จำกัด (DCAP)
127,2569,หนี้ในประเทศ,0,2,บริษัท ธนารักษ์พัฒนาสินทรัพย์ จำกัด (ธพส.) (DAD)
128,2569,หนี้ในประเทศ,0,2,บริษัท พีอีเอ เอ็นคอม อินเตอร์เนชั่นแนล จำกัด (PEA ENCOM)
129,2569,หนี้ในประเทศ,486284.09,2,รวม
130,2569,หนี้ต่างประเทศ,22505.09,2,1. องค์กรของรัฐ
131,2569,หนี้ต่างประเทศ,0,2,องค์การขนส่งมวลชนกรุงเทพ (BMTA)
132,2569,หนี้ต่างประเทศ,0,2,สถาบันการบินพลเรือน (CATC)
133,2569,หนี้ต่างประเทศ,0,2,องค์การส่งเสริมกิจการโคนมแห่งประเทศไทย (DPO)
134,2569,หนี้ต่างประเทศ,0,2,การไฟฟ้าฝ่ายผลิตแห่งประเทศไทย (EGAT)
135,2569,หนี้ต่างประเทศ,0,2,การทางพิเศษแห่งประเทศไทย (EXAT)
136,2569,หนี้ต่างประเทศ,0,2,องค์การอุตสาหกรรมป่าไม้ (FIO)
137,2569,หนี้ต่างประเทศ,0,2,การนิคมอุตสาหกรรมแห่งประเทศไทย (IEAT)
138,2569,หนี้ต่างประเทศ,0,2,การไฟฟ้านครหลวง (MEA)
139,2569,หนี้ต่างประเทศ,0,2,องค์การตลาดเพื่อเกษตรกร (MOFF)
140,2569,หนี้ต่างประเทศ,22459.3,2,การรถไฟฟ้าขนส่งมวลชนแห่งประเทศไทย (MRTA)
141,2569,หนี้ต่างประเทศ,0,2,การประปานครหลวง (MWA)
142,2569,หนี้ต่างประเทศ,0,2,การเคหะแห่งชาติ (NHA)
143,2569,หนี้ต่างประเทศ,0,2,การท่าเรือแห่งประเทศไทย (PAT)
144,2569,หนี้ต่างประเทศ,0,2,การไฟฟ้าส่วนภูมิภาค (PEA)
145,2569,หนี้ต่างประเทศ,0,2,องค์การคลังสินค้า (PWO)
146,2569,หนี้ต่างประเทศ,0,2,การประปาส่วนภูมิภาค (PWA)
147,2569,หนี้ต่างประเทศ,0,2,การยางแห่งประเทศไทย (RAOT)
148,2569,หนี้ต่างประเทศ,45.79,2,การรถไฟแห่งประเทศไทย (SRT)
149,2569,หนี้ต่างประเทศ,0,2,องค์การแบตเตอรี่ (TBO)**
150,2569,หนี้ต่างประเทศ,0,2,องค์การรับส่งสินค้าและพัสดุภัณฑ์ (ETO) **
151,2569,หนี้ต่างประเทศ,0,2,องค์การฟอกหนัง (TTO)**
152,2569,หนี้ต่างประเทศ,0,2,สำนักงานธนานุเคราะห์ (PAWN)***
153,2569,หนี้ต่างประเทศ,0,2,องค์การเภสัชกรรม
154,2569,หนี้ต่างประเทศ,900.27,2,2. บริษัทจำกัด และบริษัทมหาชนจำกัด
155,2569,หนี้ต่างประเทศ,0,2,บริษัท วิทยุการบินแห่งประเทศไทย จำกัด (AERO)
156,2569,หนี้ต่างประเทศ,0,2,บริษัท บางจากปิโตรเลียม จำกัด (มหาชน) (BPC)*
157,2569,หนี้ต่างประเทศ,0,2,บริษัท กสท.โทรคมนาคม จำกัด (มหาชน) (CAT)
158,2569,หนี้ต่างประเทศ,0,2,บริษัท กรุงไทย คอมพิวเตอร์ เซอร์วิสเซส จำกัด (KTBCS)
159,2569,หนี้ต่างประเทศ,0,2,บริษัท กรุงไทยธุรกิจบริการ จำกัด (KTBGS)
160,2569,หนี้ต่างประเทศ,900.27,2,บริษัท ท่าอากาศยานไทย จำกัด (มหาชน) (AOT)
161,2569,หนี้ต่างประเทศ,0,2,บริษัท ปตท. สำรวจและผลิตปิโตรเลียม จำกัด (มหาชน) (PEPC) *
162,2569,หนี้ต่างประเทศ,0,2,บริษัท ปตท.สผ. อินเตอร์เนชั่นแนล จำกัด (PEPI)*
163,2569,หนี้ต่างประเทศ,0,2,บริษัท ปตท. จำกัด (มหาชน) (PTT)
164,2569,หนี้ต่างประเทศ,0,2,บริษัท การบินไทย จำกัด (มหาชน) (THAI)*
165,2569,หนี้ต่างประเทศ,0,2,บริษัท ทีโอที จำกัด (มหาชน) (TOT)
166,2569,หนี้ต่างประเทศ,0,2,บริษัท ไม้อัดไทย จำกัด (TTPC)**
167,2569,หนี้ต่างประเทศ,0,2,บริษัท อู่กรุงเทพ จำกัด (BDC)
168,2569,หนี้ต่างประเทศ,0,2,บริษัท โรงแรมท่าอากาศยานสุวรรณภูมิ จำกัด (SAH)
169,2569,หนี้ต่างประเทศ,0,2,บริษัท ผลิตไฟฟ้าและน้ำเย็น จำกัด (DCAP)
170,2569,หนี้ต่างประเทศ,0,2,บริษัท ธนารักษ์พัฒนาสินทรัพย์ จำกัด (ธพส.) (DAD)
171,2569,หนี้ต่างประเทศ,0,2,บริษัท พีอีเอ เอ็นคอม อินเตอร์เนชั่นแนล จำกัด (PEA ENCOM)
172,2569,หนี้ต่างประเทศ,23405.36,2,รวม
173,2569,หนี้ในประเทศ,484060.72,1,1. องค์กรของรัฐ
174,2569,หนี้ในประเทศ,150412.22,1,องค์การขนส่งมวลชนกรุงเทพ (BMTA)
175,2569,หนี้ในประเทศ,0,1,สถาบันการบินพลเรือน (CATC)
176,2569,หนี้ในประเทศ,217.92,1,องค์การส่งเสริมกิจการโคนมแห่งประเทศไทย (DPO)
177,2569,หนี้ในประเทศ,28000,1,การไฟฟ้าฝ่ายผลิตแห่งประเทศไทย (EGAT)
178,2569,หนี้ในประเทศ,0,1,การทางพิเศษแห่งประเทศไทย (EXAT)
179,2569,หนี้ในประเทศ,0,1,องค์การอุตสาหกรรมป่าไม้ (FIO)
180,2569,หนี้ในประเทศ,0,1,การนิคมอุตสาหกรรมแห่งประเทศไทย (IEAT)
181,2569,หนี้ในประเทศ,0,1,การไฟฟ้านครหลวง (MEA)
182,2569,หนี้ในประเทศ,0,1,องค์การตลาดเพื่อเกษตรกร (MOFF)
183,2569,หนี้ในประเทศ,0,1,การรถไฟฟ้าขนส่งมวลชนแห่งประเทศไทย (MRTA)
184,2569,หนี้ในประเทศ,0,1,การประปานครหลวง (MWA)
185,2569,หนี้ในประเทศ,27050,1,การเคหะแห่งชาติ (NHA)
186,2569,หนี้ในประเทศ,0,1,การท่าเรือแห่งประเทศไทย (PAT)
187,2569,หนี้ในประเทศ,0,1,การไฟฟ้าส่วนภูมิภาค (PEA)
188,2569,หนี้ในประเทศ,0,1,องค์การคลังสินค้า (PWO)
189,2569,หนี้ในประเทศ,5420,1,การประปาส่วนภูมิภาค (PWA)
190,2569,หนี้ในประเทศ,825.31,1,การยางแห่งประเทศไทย (RAOT)
191,2569,หนี้ในประเทศ,272135.27,1,การรถไฟแห่งประเทศไทย (SRT)
192,2569,หนี้ในประเทศ,0,1,องค์การแบตเตอรี่ (TBO)**
193,2569,หนี้ในประเทศ,0,1,องค์การรับส่งสินค้าและพัสดุภัณฑ์ (ETO) **
194,2569,หนี้ในประเทศ,0,1,องค์การฟอกหนัง (TTO)**
195,2569,หนี้ในประเทศ,0,1,สำนักงานธนานุเคราะห์ (PAWN)***
196,2569,หนี้ในประเทศ,0,1,องค์การเภสัชกรรม
197,2569,หนี้ในประเทศ,0,1,2. บริษัทจำกัด และบริษัทมหาชนจำกัด
198,2569,หนี้ในประเทศ,0,1,บริษัท วิทยุการบินแห่งประเทศไทย จำกัด (AERO)
199,2569,หนี้ในประเทศ,0,1,บริษัท บางจากปิโตรเลียม จำกัด (มหาชน) (BPC)*
200,2569,หนี้ในประเทศ,0,1,บริษัท กสท.โทรคมนาคม จำกัด (มหาชน) (CAT)
201,2569,หนี้ในประเทศ,0,1,บริษัท กรุงไทย คอมพิวเตอร์ เซอร์วิสเซส จำกัด (KTBCS)
202,2569,หนี้ในประเทศ,0,1,บริษัท กรุงไทยธุรกิจบริการ จำกัด (KTBGS)
203,2569,หนี้ในประเทศ,0,1,บริษัท ท่าอากาศยานไทย จำกัด (มหาชน) (AOT)
204,2569,หนี้ในประเทศ,0,1,บริษัท ปตท. สำรวจและผลิตปิโตรเลียม จำกัด (มหาชน) (PEPC) *
205,2569,หนี้ในประเทศ,0,1,บริษัท ปตท.สผ. อินเตอร์เนชั่นแนล จำกัด (PEPI)*
206,2569,หนี้ในประเทศ,0,1,บริษัท ปตท. จำกัด (มหาชน) (PTT)
207,2569,หนี้ในประเทศ,0,1,บริษัท การบินไทย จำกัด (มหาชน) (THAI)*
208,2569,หนี้ในประเทศ,0,1,บริษัท ทีโอที จำกัด (มหาชน) (TOT)
209,2569,หนี้ในประเทศ,0,1,บริษัท ไม้อัดไทย จำกัด (TTPC)**
210,2569,หนี้ในประเทศ,0,1,บริษัท อู่กรุงเทพ จำกัด (BDC)
211,2569,หนี้ในประเทศ,0,1,บริษัท โรงแรมท่าอากาศยานสุวรรณภูมิ จำกัด (SAH)
212,2569,หนี้ในประเทศ,0,1,บริษัท ผลิตไฟฟ้าและน้ำเย็น จำกัด (DCAP)
213,2569,หนี้ในประเทศ,0,1,บริษัท ธนารักษ์พัฒนาสินทรัพย์ จำกัด (ธพส.) (DAD)
214,2569,หนี้ในประเทศ,0,1,บริษัท พีอีเอ เอ็นคอม อินเตอร์เนชั่นแนล จำกัด (PEA ENCOM)
215,2569,หนี้ในประเทศ,484060.72,1,รวม
216,2569,หนี้ต่างประเทศ,22505.91,1,1. องค์กรของรัฐ
217,2569,หนี้ต่างประเทศ,0,1,องค์การขนส่งมวลชนกรุงเทพ (BMTA)
218,2569,หนี้ต่างประเทศ,0,1,สถาบันการบินพลเรือน (CATC)
219,2569,หนี้ต่างประเทศ,0,1,องค์การส่งเสริมกิจการโคนมแห่งประเทศไทย (DPO)
220,2569,หนี้ต่างประเทศ,0,1,การไฟฟ้าฝ่ายผลิตแห่งประเทศไทย (EGAT)
221,2569,หนี้ต่างประเทศ,0,1,การทางพิเศษแห่งประเทศไทย (EXAT)
222,2569,หนี้ต่างประเทศ,0,1,องค์การอุตสาหกรรมป่าไม้ (FIO)
223,2569,หนี้ต่างประเทศ,0,1,การนิคมอุตสาหกรรมแห่งประเทศไทย (IEAT)
224,2569,หนี้ต่างประเทศ,0,1,การไฟฟ้านครหลวง (MEA)
225,2569,หนี้ต่างประเทศ,0,1,องค์การตลาดเพื่อเกษตรกร (MOFF)
226,2569,หนี้ต่างประเทศ,22459.3,1,การรถไฟฟ้าขนส่งมวลชนแห่งประเทศไทย (MRTA)
227,2569,หนี้ต่างประเทศ,0,1,การประปานครหลวง (MWA)
228,2569,หนี้ต่างประเทศ,0,1,การเคหะแห่งชาติ (NHA)
229,2569,หนี้ต่างประเทศ,0,1,การท่าเรือแห่งประเทศไทย (PAT)
230,2569,หนี้ต่างประเทศ,0,1,การไฟฟ้าส่วนภูมิภาค (PEA)
231,2569,หนี้ต่างประเทศ,0,1,องค์การคลังสินค้า (PWO)
232,2569,หนี้ต่างประเทศ,0,1,การประปาส่วนภูมิภาค (PWA)
233,2569,หนี้ต่างประเทศ,0,1,การยางแห่งประเทศไทย (RAOT)
234,2569,หนี้ต่างประเทศ,46.61,1,การรถไฟแห่งประเทศไทย (SRT)
235,2569,หนี้ต่างประเทศ,0,1,องค์การแบตเตอรี่ (TBO)**
236,2569,หนี้ต่างประเทศ,0,1,องค์การรับส่งสินค้าและพัสดุภัณฑ์ (ETO) **
237,2569,หนี้ต่างประเทศ,0,1,องค์การฟอกหนัง (TTO)**
238,2569,หนี้ต่างประเทศ,0,1,สำนักงานธนานุเคราะห์ (PAWN)***
239,2569,หนี้ต่างประเทศ,0,1,องค์การเภสัชกรรม
240,2569,หนี้ต่างประเทศ,900.27,1,2. บริษัทจำกัด และบริษัทมหาชนจำกัด
241,2569,หนี้ต่างประเทศ,0,1,บริษัท วิทยุการบินแห่งประเทศไทย จำกัด (AERO)
242,2569,หนี้ต่างประเทศ,0,1,บริษัท บางจากปิโตรเลียม จำกัด (มหาชน) (BPC)*
243,2569,หนี้ต่างประเทศ,0,1,บริษัท กสท.โทรคมนาคม จำกัด (มหาชน) (CAT)
244,2569,หนี้ต่างประเทศ,0,1,บริษัท กรุงไทย คอมพิวเตอร์ เซอร์วิสเซส จำกัด (KTBCS)
245,2569,หนี้ต่างประเทศ,0,1,บริษัท กรุงไทยธุรกิจบริการ จำกัด (KTBGS)
246,2569,หนี้ต่างประเทศ,900.27,1,บริษัท ท่าอากาศยานไทย จำกัด (มหาชน) (AOT)
247,2569,หนี้ต่างประเทศ,0,1,บริษัท ปตท. สำรวจและผลิตปิโตรเลียม จำกัด (มหาชน) (PEPC) *
248,2569,หนี้ต่างประเทศ,0,1,บริษัท ปตท.สผ. อินเตอร์เนชั่นแนล จำกัด (PEPI)*
249,2569,หนี้ต่างประเทศ,0,1,บริษัท ปตท. จำกัด (มหาชน) (PTT)
250,2569,หนี้ต่างประเทศ,0,1,บริษัท การบินไทย จำกัด (มหาชน) (THAI)*
251,2569,หนี้ต่างประเทศ,0,1,บริษัท ทีโอที จำกัด (มหาชน) (TOT)
252,2569,หนี้ต่างประเทศ,0,1,บริษัท ไม้อัดไทย จำกัด (TTPC)**
253,2569,หนี้ต่างประเทศ,0,1,บริษัท อู่กรุงเทพ จำกัด (BDC)
254,2569,หนี้ต่างประเทศ,0,1,บริษัท โรงแรมท่าอากาศยานสุวรรณภูมิ จำกัด (SAH)
255,2569,หนี้ต่างประเทศ,0,1,บริษัท ผลิตไฟฟ้าและน้ำเย็น จำกัด (DCAP)
256,2569,หนี้ต่างประเทศ,0,1,บริษัท ธนารักษ์พัฒนาสินทรัพย์ จำกัด (ธพส.) (DAD)
257,2569,หนี้ต่างประเทศ,0,1,บริษัท พีอีเอ เอ็นคอม อินเตอร์เนชั่นแนล จำกัด (PEA ENCOM)
258,2569,หนี้ต่างประเทศ,23406.18,1,รวม
259,2568,หนี้ในประเทศ,483233.54,12,1. องค์กรของรัฐ
260,2568,หนี้ในประเทศ,148554.62,12,องค์การขนส่งมวลชนกรุงเทพ (BMTA)
261,2568,หนี้ในประเทศ,0,12,สถาบันการบินพลเรือน (CATC)
262,2568,หนี้ในประเทศ,247.92,12,องค์การส่งเสริมกิจการโคนมแห่งประเทศไทย (DPO)
263,2568,หนี้ในประเทศ,30000,12,การไฟฟ้าฝ่ายผลิตแห่งประเทศไทย (EGAT)
264,2568,หนี้ในประเทศ,0,12,การทางพิเศษแห่งประเทศไทย (EXAT)
265,2568,หนี้ในประเทศ,0,12,องค์การอุตสาหกรรมป่าไม้ (FIO)
266,2568,หนี้ในประเทศ,0,12,การนิคมอุตสาหกรรมแห่งประเทศไทย (IEAT)
267,2568,หนี้ในประเทศ,0,12,การไฟฟ้านครหลวง (MEA)
268,2568,หนี้ในประเทศ,0,12,องค์การตลาดเพื่อเกษตรกร (MOFF)
269,2568,หนี้ในประเทศ,0,12,การรถไฟฟ้าขนส่งมวลชนแห่งประเทศไทย (MRTA)
270,2568,หนี้ในประเทศ,0,12,การประปานครหลวง (MWA)
271,2568,หนี้ในประเทศ,27050,12,การเคหะแห่งชาติ (NHA)
272,2568,หนี้ในประเทศ,0,12,การท่าเรือแห่งประเทศไทย (PAT)
273,2568,หนี้ในประเทศ,0,12,การไฟฟ้าส่วนภูมิภาค (PEA)
274,2568,หนี้ในประเทศ,0,12,องค์การคลังสินค้า (PWO)
275,2568,หนี้ในประเทศ,5420,12,การประปาส่วนภูมิภาค (PWA)
276,2568,หนี้ในประเทศ,825.31,12,การยางแห่งประเทศไทย (RAOT)
277,2568,หนี้ในประเทศ,271135.69,12,การรถไฟแห่งประเทศไทย (SRT)
278,2568,หนี้ในประเทศ,0,12,องค์การแบตเตอรี่ (TBO)**
279,2568,หนี้ในประเทศ,0,12,องค์การรับส่งสินค้าและพัสดุภัณฑ์ (ETO) **
280,2568,หนี้ในประเทศ,0,12,องค์การฟอกหนัง (TTO)**
281,2568,หนี้ในประเทศ,0,12,สำนักงานธนานุเคราะห์ (PAWN)***
282,2568,หนี้ในประเทศ,0,12,องค์การเภสัชกรรม
283,2568,หนี้ในประเทศ,0,12,2. บริษัทจำกัด และบริษัทมหาชนจำกัด
284,2568,หนี้ในประเทศ,0,12,บริษัท วิทยุการบินแห่งประเทศไทย จำกัด (AERO)
285,2568,หนี้ในประเทศ,0,12,บริษัท บางจากปิโตรเลียม จำกัด (มหาชน) (BPC)*
286,2568,หนี้ในประเทศ,0,12,บริษัท กสท.โทรคมนาคม จำกัด (มหาชน) (CAT)
287,2568,หนี้ในประเทศ,0,12,บริษัท กรุงไทย คอมพิวเตอร์ เซอร์วิสเซส จำกัด (KTBCS)
288,2568,หนี้ในประเทศ,0,12,บริษัท กรุงไทยธุรกิจบริการ จำกัด (KTBGS)
289,2568,หนี้ในประเทศ,0,12,บริษัท ท่าอากาศยานไทย จำกัด (มหาชน) (AOT)
290,2568,หนี้ในประเทศ,0,12,บริษัท ปตท. สำรวจและผลิตปิโตรเลียม จำกัด (มหาชน) (PEPC) *
291,2568,หนี้ในประเทศ,0,12,บริษัท ปตท.สผ. อินเตอร์เนชั่นแนล จำกัด (PEPI)*
292,2568,หนี้ในประเทศ,0,12,บริษัท ปตท. จำกัด (มหาชน) (PTT)
293,2568,หนี้ในประเทศ,0,12,บริษัท การบินไทย จำกัด (มหาชน) (THAI)*
294,2568,หนี้ในประเทศ,0,12,บริษัท ทีโอที จำกัด (มหาชน) (TOT)
295,2568,หนี้ในประเทศ,0,12,บริษัท ไม้อัดไทย จำกัด (TTPC)**
296,2568,หนี้ในประเทศ,0,12,บริษัท อู่กรุงเทพ จำกัด (BDC)
297,2568,หนี้ในประเทศ,0,12,บริษัท โรงแรมท่าอากาศยานสุวรรณภูมิ จำกัด (SAH)
298,2568,หนี้ในประเทศ,0,12,บริษัท ผลิตไฟฟ้าและน้ำเย็น จำกัด (DCAP)
299,2568,หนี้ในประเทศ,0,12,บริษัท ธนารักษ์พัฒนาสินทรัพย์ จำกัด (ธพส.) (DAD)
300,2568,หนี้ในประเทศ,0,12,บริษัท พีอีเอ เอ็นคอม อินเตอร์เนชั่นแนล จำกัด (PEA ENCOM)
301,2568,หนี้ในประเทศ,483233.54,12,รวม
302,2568,หนี้ต่างประเทศ,22656.97,12,1. องค์กรของรัฐ
303,2568,หนี้ต่างประเทศ,0,12,องค์การขนส่งมวลชนกรุงเทพ (BMTA)
304,2568,หนี้ต่างประเทศ,0,12,สถาบันการบินพลเรือน (CATC)
305,2568,หนี้ต่างประเทศ,0,12,องค์การส่งเสริมกิจการโคนมแห่งประเทศไทย (DPO)
306,2568,หนี้ต่างประเทศ,0,12,การไฟฟ้าฝ่ายผลิตแห่งประเทศไทย (EGAT)
307,2568,หนี้ต่างประเทศ,0,12,การทางพิเศษแห่งประเทศไทย (EXAT)
308,2568,หนี้ต่างประเทศ,0,12,องค์การอุตสาหกรรมป่าไม้ (FIO)
309,2568,หนี้ต่างประเทศ,0,12,การนิคมอุตสาหกรรมแห่งประเทศไทย (IEAT)
310,2568,หนี้ต่างประเทศ,0,12,การไฟฟ้านครหลวง (MEA)
311,2568,หนี้ต่างประเทศ,0,12,องค์การตลาดเพื่อเกษตรกร (MOFF)
312,2568,หนี้ต่างประเทศ,22610.6,12,การรถไฟฟ้าขนส่งมวลชนแห่งประเทศไทย (MRTA)
313,2568,หนี้ต่างประเทศ,0,12,การประปานครหลวง (MWA)
314,2568,หนี้ต่างประเทศ,0,12,การเคหะแห่งชาติ (NHA)
315,2568,หนี้ต่างประเทศ,0,12,การท่าเรือแห่งประเทศไทย (PAT)
316,2568,หนี้ต่างประเทศ,0,12,การไฟฟ้าส่วนภูมิภาค (PEA)
317,2568,หนี้ต่างประเทศ,0,12,องค์การคลังสินค้า (PWO)
318,2568,หนี้ต่างประเทศ,0,12,การประปาส่วนภูมิภาค (PWA)
319,2568,หนี้ต่างประเทศ,0,12,การยางแห่งประเทศไทย (RAOT)
320,2568,หนี้ต่างประเทศ,46.37,12,การรถไฟแห่งประเทศไทย (SRT)
321,2568,หนี้ต่างประเทศ,0,12,องค์การแบตเตอรี่ (TBO)**
322,2568,หนี้ต่างประเทศ,0,12,องค์การรับส่งสินค้าและพัสดุภัณฑ์ (ETO) **
323,2568,หนี้ต่างประเทศ,0,12,องค์การฟอกหนัง (TTO)**
324,2568,หนี้ต่างประเทศ,0,12,สำนักงานธนานุเคราะห์ (PAWN)***
325,2568,หนี้ต่างประเทศ,0,12,องค์การเภสัชกรรม
326,2568,หนี้ต่างประเทศ,1200.36,12,2. บริษัทจำกัด และบริษัทมหาชนจำกัด
327,2568,หนี้ต่างประเทศ,0,12,บริษัท วิทยุการบินแห่งประเทศไทย จำกัด (AERO)
328,2568,หนี้ต่างประเทศ,0,12,บริษัท บางจากปิโตรเลียม จำกัด (มหาชน) (BPC)*
329,2568,หนี้ต่างประเทศ,0,12,บริษัท กสท.โทรคมนาคม จำกัด (มหาชน) (CAT)
330,2568,หนี้ต่างประเทศ,0,12,บริษัท กรุงไทย คอมพิวเตอร์ เซอร์วิสเซส จำกัด (KTBCS)
331,2568,หนี้ต่างประเทศ,0,12,บริษัท กรุงไทยธุรกิจบริการ จำกัด (KTBGS)
332,2568,หนี้ต่างประเทศ,1200.36,12,บริษัท ท่าอากาศยานไทย จำกัด (มหาชน) (AOT)
333,2568,หนี้ต่างประเทศ,0,12,บริษัท ปตท. สำรวจและผลิตปิโตรเลียม จำกัด (มหาชน) (PEPC) *
334,2568,หนี้ต่างประเทศ,0,12,บริษัท ปตท.สผ. อินเตอร์เนชั่นแนล จำกัด (PEPI)*
335,2568,หนี้ต่างประเทศ,0,12,บริษัท ปตท. จำกัด (มหาชน) (PTT)
336,2568,หนี้ต่างประเทศ,0,12,บริษัท การบินไทย จำกัด (มหาชน) (THAI)*
337,2568,หนี้ต่างประเทศ,0,12,บริษัท ทีโอที จำกัด (มหาชน) (TOT)
338,2568,หนี้ต่างประเทศ,0,12,บริษัท ไม้อัดไทย จำกัด (TTPC)**
339,2568,หนี้ต่างประเทศ,0,12,บริษัท อู่กรุงเทพ จำกัด (BDC)
340,2568,หนี้ต่างประเทศ,0,12,บริษัท โรงแรมท่าอากาศยานสุวรรณภูมิ จำกัด (SAH)
341,2568,หนี้ต่างประเทศ,0,12,บริษัท ผลิตไฟฟ้าและน้ำเย็น จำกัด (DCAP)
342,2568,หนี้ต่างประเทศ,0,12,บริษัท ธนารักษ์พัฒนาสินทรัพย์ จำกัด (ธพส.) (DAD)
343,2568,หนี้ต่างประเทศ,0,12,บริษัท พีอีเอ เอ็นคอม อินเตอร์เนชั่นแนล จำกัด (PEA ENCOM)
344,2568,หนี้ต่างประเทศ,23857.33,12,รวม
345,2568,หนี้ในประเทศ,491670.87,11,1. องค์กรของรัฐ
346,2568,หนี้ในประเทศ,148419.35,11,องค์การขนส่งมวลชนกรุงเทพ (BMTA)
347,2568,หนี้ในประเทศ,0,11,สถาบันการบินพลเรือน (CATC)
348,2568,หนี้ในประเทศ,232.29,11,องค์การส่งเสริมกิจการโคนมแห่งประเทศไทย (DPO)
349,2568,หนี้ในประเทศ,40000,11,การไฟฟ้าฝ่ายผลิตแห่งประเทศไทย (EGAT)
350,2568,หนี้ในประเทศ,0,11,การทางพิเศษแห่งประเทศไทย (EXAT)
351,2568,หนี้ในประเทศ,0,11,องค์การอุตสาหกรรมป่าไม้ (FIO)
352,2568,หนี้ในประเทศ,0,11,การนิคมอุตสาหกรรมแห่งประเทศไทย (IEAT)
353,2568,หนี้ในประเทศ,0,11,การไฟฟ้านครหลวง (MEA)
354,2568,หนี้ในประเทศ,0,11,องค์การตลาดเพื่อเกษตรกร (MOFF)
355,2568,หนี้ในประเทศ,0,11,การรถไฟฟ้าขนส่งมวลชนแห่งประเทศไทย (MRTA)
356,2568,หนี้ในประเทศ,0,11,การประปานครหลวง (MWA)
357,2568,หนี้ในประเทศ,27050,11,การเคหะแห่งชาติ (NHA)
358,2568,หนี้ในประเทศ,0,11,การท่าเรือแห่งประเทศไทย (PAT)
359,2568,หนี้ในประเทศ,0,11,การไฟฟ้าส่วนภูมิภาค (PEA)
360,2568,หนี้ในประเทศ,0,11,องค์การคลังสินค้า (PWO)
361,2568,หนี้ในประเทศ,5420,11,การประปาส่วนภูมิภาค (PWA)
362,2568,หนี้ในประเทศ,825.31,11,การยางแห่งประเทศไทย (RAOT)
363,2568,หนี้ในประเทศ,269723.92,11,การรถไฟแห่งประเทศไทย (SRT)
364,2568,หนี้ในประเทศ,0,11,องค์การแบตเตอรี่ (TBO)**
365,2568,หนี้ในประเทศ,0,11,องค์การรับส่งสินค้าและพัสดุภัณฑ์ (ETO) **
366,2568,หนี้ในประเทศ,0,11,องค์การฟอกหนัง (TTO)**
367,2568,หนี้ในประเทศ,0,11,สำนักงานธนานุเคราะห์ (PAWN)***
368,2568,หนี้ในประเทศ,0,11,องค์การเภสัชกรรม
369,2568,หนี้ในประเทศ,0,11,2. บริษัทจำกัด และบริษัทมหาชนจำกัด
370,2568,หนี้ในประเทศ,0,11,บริษัท วิทยุการบินแห่งประเทศไทย จำกัด (AERO)
371,2568,หนี้ในประเทศ,0,11,บริษัท บางจากปิโตรเลียม จำกัด (มหาชน) (BPC)*
372,2568,หนี้ในประเทศ,0,11,บริษัท กสท.โทรคมนาคม จำกัด (มหาชน) (CAT)
373,2568,หนี้ในประเทศ,0,11,บริษัท กรุงไทย คอมพิวเตอร์ เซอร์วิสเซส จำกัด (KTBCS)
374,2568,หนี้ในประเทศ,0,11,บริษัท กรุงไทยธุรกิจบริการ จำกัด (KTBGS)
375,2568,หนี้ในประเทศ,0,11,บริษัท ท่าอากาศยานไทย จำกัด (มหาชน) (AOT)
376,2568,หนี้ในประเทศ,0,11,บริษัท ปตท. สำรวจและผลิตปิโตรเลียม จำกัด (มหาชน) (PEPC) *
377,2568,หนี้ในประเทศ,0,11,บริษัท ปตท.สผ. อินเตอร์เนชั่นแนล จำกัด (PEPI)*
378,2568,หนี้ในประเทศ,0,11,บริษัท ปตท. จำกัด (มหาชน) (PTT)
379,2568,หนี้ในประเทศ,0,11,บริษัท การบินไทย จำกัด (มหาชน) (THAI)*
380,2568,หนี้ในประเทศ,0,11,บริษัท ทีโอที จำกัด (มหาชน) (TOT)
381,2568,หนี้ในประเทศ,0,11,บริษัท ไม้อัดไทย จำกัด (TTPC)**
382,2568,หนี้ในประเทศ,0,11,บริษัท อู่กรุงเทพ จำกัด (BDC)
383,2568,หนี้ในประเทศ,0,11,บริษัท โรงแรมท่าอากาศยานสุวรรณภูมิ จำกัด (SAH)
384,2568,หนี้ในประเทศ,0,11,บริษัท ผลิตไฟฟ้าและน้ำเย็น จำกัด (DCAP)
385,2568,หนี้ในประเทศ,0,11,บริษัท ธนารักษ์พัฒนาสินทรัพย์ จำกัด (ธพส.) (DAD)
386,2568,หนี้ในประเทศ,0,11,บริษัท พีอีเอ เอ็นคอม อินเตอร์เนชั่นแนล จำกัด (PEA ENCOM)
387,2568,หนี้ในประเทศ,491670.87,11,รวม
388,2568,หนี้ต่างประเทศ,22660.02,11,1. องค์กรของรัฐ
389,2568,หนี้ต่างประเทศ,0,11,องค์การขนส่งมวลชนกรุงเทพ (BMTA)
390,2568,หนี้ต่างประเทศ,0,11,สถาบันการบินพลเรือน (CATC)
391,2568,หนี้ต่างประเทศ,0,11,องค์การส่งเสริมกิจการโคนมแห่งประเทศไทย (DPO)
392,2568,หนี้ต่างประเทศ,0,11,การไฟฟ้าฝ่ายผลิตแห่งประเทศไทย (EGAT)
393,2568,หนี้ต่างประเทศ,0,11,การทางพิเศษแห่งประเทศไทย (EXAT)
394,2568,หนี้ต่างประเทศ,0,11,องค์การอุตสาหกรรมป่าไม้ (FIO)
395,2568,หนี้ต่างประเทศ,0,11,การนิคมอุตสาหกรรมแห่งประเทศไทย (IEAT)
396,2568,หนี้ต่างประเทศ,0,11,การไฟฟ้านครหลวง (MEA)
397,2568,หนี้ต่างประเทศ,0,11,องค์การตลาดเพื่อเกษตรกร (MOFF)
398,2568,หนี้ต่างประเทศ,22610.6,11,การรถไฟฟ้าขนส่งมวลชนแห่งประเทศไทย (MRTA)
399,2568,หนี้ต่างประเทศ,0,11,การประปานครหลวง (MWA)
400,2568,หนี้ต่างประเทศ,0,11,การเคหะแห่งชาติ (NHA)
401,2568,หนี้ต่างประเทศ,0,11,การท่าเรือแห่งประเทศไทย (PAT)
402,2568,หนี้ต่างประเทศ,0,11,การไฟฟ้าส่วนภูมิภาค (PEA)
403,2568,หนี้ต่างประเทศ,0,11,องค์การคลังสินค้า (PWO)
404,2568,หนี้ต่างประเทศ,0,11,การประปาส่วนภูมิภาค (PWA)
405,2568,หนี้ต่างประเทศ,0,11,การยางแห่งประเทศไทย (RAOT)
406,2568,หนี้ต่างประเทศ,49.42,11,การรถไฟแห่งประเทศไทย (SRT)
407,2568,หนี้ต่างประเทศ,0,11,องค์การแบตเตอรี่ (TBO)**
408,2568,หนี้ต่างประเทศ,0,11,องค์การรับส่งสินค้าและพัสดุภัณฑ์ (ETO) **
409,2568,หนี้ต่างประเทศ,0,11,องค์การฟอกหนัง (TTO)**
410,2568,หนี้ต่างประเทศ,0,11,สำนักงานธนานุเคราะห์ (PAWN)***
411,2568,หนี้ต่างประเทศ,0,11,องค์การเภสัชกรรม
412,2568,หนี้ต่างประเทศ,1200.36,11,2. บริษัทจำกัด และบริษัทมหาชนจำกัด
413,2568,หนี้ต่างประเทศ,0,11,บริษัท วิทยุการบินแห่งประเทศไทย จำกัด (AERO)
414,2568,หนี้ต่างประเทศ,0,11,บริษัท บางจากปิโตรเลียม จำกัด (มหาชน) (BPC)*
415,2568,หนี้ต่างประเทศ,0,11,บริษัท กสท.โทรคมนาคม จำกัด (มหาชน) (CAT)
416,2568,หนี้ต่างประเทศ,0,11,บริษัท กรุงไทย คอมพิวเตอร์ เซอร์วิสเซส จำกัด (KTBCS)
417,2568,หนี้ต่างประเทศ,0,11,บริษัท กรุงไทยธุรกิจบริการ จำกัด (KTBGS)
418,2568,หนี้ต่างประเทศ,1200.36,11,บริษัท ท่าอากาศยานไทย จำกัด (มหาชน) (AOT)
419,2568,หนี้ต่างประเทศ,0,11,บริษัท ปตท. สำรวจและผลิตปิโตรเลียม จำกัด (มหาชน) (PEPC) *
420,2568,หนี้ต่างประเทศ,0,11,บริษัท ปตท.สผ. อินเตอร์เนชั่นแนล จำกัด (PEPI)*
421,2568,หนี้ต่างประเทศ,0,11,บริษัท ปตท. จำกัด (มหาชน) (PTT)
422,2568,หนี้ต่างประเทศ,0,11,บริษัท การบินไทย จำกัด (มหาชน) (THAI)*
423,2568,หนี้ต่างประเทศ,0,11,บริษัท ทีโอที จำกัด (มหาชน) (TOT)
424,2568,หนี้ต่างประเทศ,0,11,บริษัท ไม้อัดไทย จำกัด (TTPC)**
425,2568,หนี้ต่างประเทศ,0,11,บริษัท อู่กรุงเทพ จำกัด (BDC)
426,2568,หนี้ต่างประเทศ,0,11,บริษัท โรงแรมท่าอากาศยานสุวรรณภูมิ จำกัด (SAH)
427,2568,หนี้ต่างประเทศ,0,11,บริษัท ผลิตไฟฟ้าและน้ำเย็น จำกัด (DCAP)
428,2568,หนี้ต่างประเทศ,0,11,บริษัท ธนารักษ์พัฒนาสินทรัพย์ จำกัด (ธพส.) (DAD)
429,2568,หนี้ต่างประเทศ,0,11,บริษัท พีอีเอ เอ็นคอม อินเตอร์เนชั่นแนล จำกัด (PEA ENCOM)
430,2568,หนี้ต่างประเทศ,23860.38,11,รวม
431,2568,หนี้ในประเทศ,488731.4,10,1. องค์กรของรัฐ
432,2568,หนี้ในประเทศ,147616.13,10,องค์การขนส่งมวลชนกรุงเทพ (BMTA)
433,2568,หนี้ในประเทศ,0,10,สถาบันการบินพลเรือน (CATC)
434,2568,หนี้ในประเทศ,146.27,10,องค์การส่งเสริมกิจการโคนมแห่งประเทศไทย (DPO)
435,2568,หนี้ในประเทศ,40000,10,การไฟฟ้าฝ่ายผลิตแห่งประเทศไทย (EGAT)
436,2568,หนี้ในประเทศ,0,10,การทางพิเศษแห่งประเทศไทย (EXAT)
437,2568,หนี้ในประเทศ,0,10,องค์การอุตสาหกรรมป่าไม้ (FIO)
438,2568,หนี้ในประเทศ,0,10,การนิคมอุตสาหกรรมแห่งประเทศไทย (IEAT)
439,2568,หนี้ในประเทศ,0,10,การไฟฟ้านครหลวง (MEA)
440,2568,หนี้ในประเทศ,0,10,องค์การตลาดเพื่อเกษตรกร (MOFF)
441,2568,หนี้ในประเทศ,0,10,การรถไฟฟ้าขนส่งมวลชนแห่งประเทศไทย (MRTA)
442,2568,หนี้ในประเทศ,0,10,การประปานครหลวง (MWA)
443,2568,หนี้ในประเทศ,27050,10,การเคหะแห่งชาติ (NHA)
444,2568,หนี้ในประเทศ,0,10,การท่าเรือแห่งประเทศไทย (PAT)
445,2568,หนี้ในประเทศ,0,10,การไฟฟ้าส่วนภูมิภาค (PEA)
446,2568,หนี้ในประเทศ,0,10,องค์การคลังสินค้า (PWO)
447,2568,หนี้ในประเทศ,5420,10,การประปาส่วนภูมิภาค (PWA)
448,2568,หนี้ในประเทศ,825.31,10,การยางแห่งประเทศไทย (RAOT)
449,2568,หนี้ในประเทศ,267673.69,10,การรถไฟแห่งประเทศไทย (SRT)
450,2568,หนี้ในประเทศ,0,10,องค์การแบตเตอรี่ (TBO)**
451,2568,หนี้ในประเทศ,0,10,องค์การรับส่งสินค้าและพัสดุภัณฑ์ (ETO) **
452,2568,หนี้ในประเทศ,0,10,องค์การฟอกหนัง (TTO)**
453,2568,หนี้ในประเทศ,0,10,สำนักงานธนานุเคราะห์ (PAWN)***
454,2568,หนี้ในประเทศ,0,10,องค์การเภสัชกรรม
455,2568,หนี้ในประเทศ,0,10,2. บริษัทจำกัด และบริษัทมหาชนจำกัด
456,2568,หนี้ในประเทศ,0,10,บริษัท วิทยุการบินแห่งประเทศไทย จำกัด (AERO)
457,2568,หนี้ในประเทศ,0,10,บริษัท บางจากปิโตรเลียม จำกัด (มหาชน) (BPC)*
458,2568,หนี้ในประเทศ,0,10,บริษัท กสท.โทรคมนาคม จำกัด (มหาชน) (CAT)
459,2568,หนี้ในประเทศ,0,10,บริษัท กรุงไทย คอมพิวเตอร์ เซอร์วิสเซส จำกัด (KTBCS)
460,2568,หนี้ในประเทศ,0,10,บริษัท กรุงไทยธุรกิจบริการ จำกัด (KTBGS)
461,2568,หนี้ในประเทศ,0,10,บริษัท ท่าอากาศยานไทย จำกัด (มหาชน) (AOT)
462,2568,หนี้ในประเทศ,0,10,บริษัท ปตท. สำรวจและผลิตปิโตรเลียม จำกัด (มหาชน) (PEPC) *
463,2568,หนี้ในประเทศ,0,10,บริษัท ปตท.สผ. อินเตอร์เนชั่นแนล จำกัด (PEPI)*
464,2568,หนี้ในประเทศ,0,10,บริษัท ปตท. จำกัด (มหาชน) (PTT)
465,2568,หนี้ในประเทศ,0,10,บริษัท การบินไทย จำกัด (มหาชน) (THAI)*
466,2568,หนี้ในประเทศ,0,10,บริษัท ทีโอที จำกัด (มหาชน) (TOT)
467,2568,หนี้ในประเทศ,0,10,บริษัท ไม้อัดไทย จำกัด (TTPC)**
468,2568,หนี้ในประเทศ,0,10,บริษัท อู่กรุงเทพ จำกัด (BDC)
469,2568,หนี้ในประเทศ,0,10,บริษัท โรงแรมท่าอากาศยานสุวรรณภูมิ จำกัด (SAH)
470,2568,หนี้ในประเทศ,0,10,บริษัท ผลิตไฟฟ้าและน้ำเย็น จำกัด (DCAP)
471,2568,หนี้ในประเทศ,0,10,บริษัท ธนารักษ์พัฒนาสินทรัพย์ จำกัด (ธพส.) (DAD)
472,2568,หนี้ในประเทศ,0,10,บริษัท พีอีเอ เอ็นคอม อินเตอร์เนชั่นแนล จำกัด (PEA ENCOM)
473,2568,หนี้ในประเทศ,488731.4,10,รวม
474,2568,หนี้ต่างประเทศ,22690.58,10,1. องค์กรของรัฐ
475,2568,หนี้ต่างประเทศ,0,10,องค์การขนส่งมวลชนกรุงเทพ (BMTA)
476,2568,หนี้ต่างประเทศ,0,10,สถาบันการบินพลเรือน (CATC)
477,2568,หนี้ต่างประเทศ,0,10,องค์การส่งเสริมกิจการโคนมแห่งประเทศไทย (DPO)
478,2568,หนี้ต่างประเทศ,0,10,การไฟฟ้าฝ่ายผลิตแห่งประเทศไทย (EGAT)
479,2568,หนี้ต่างประเทศ,0,10,การทางพิเศษแห่งประเทศไทย (EXAT)
480,2568,หนี้ต่างประเทศ,0,10,องค์การอุตสาหกรรมป่าไม้ (FIO)
481,2568,หนี้ต่างประเทศ,0,10,การนิคมอุตสาหกรรมแห่งประเทศไทย (IEAT)
482,2568,หนี้ต่างประเทศ,0,10,การไฟฟ้านครหลวง (MEA)
483,2568,หนี้ต่างประเทศ,0,10,องค์การตลาดเพื่อเกษตรกร (MOFF)
484,2568,หนี้ต่างประเทศ,22641.04,10,การรถไฟฟ้าขนส่งมวลชนแห่งประเทศไทย (MRTA)
485,2568,หนี้ต่างประเทศ,0,10,การประปานครหลวง (MWA)
486,2568,หนี้ต่างประเทศ,0,10,การเคหะแห่งชาติ (NHA)
487,2568,หนี้ต่างประเทศ,0,10,การท่าเรือแห่งประเทศไทย (PAT)
488,2568,หนี้ต่างประเทศ,0,10,การไฟฟ้าส่วนภูมิภาค (PEA)
489,2568,หนี้ต่างประเทศ,0,10,องค์การคลังสินค้า (PWO)
490,2568,หนี้ต่างประเทศ,0,10,การประปาส่วนภูมิภาค (PWA)
491,2568,หนี้ต่างประเทศ,0,10,การยางแห่งประเทศไทย (RAOT)
492,2568,หนี้ต่างประเทศ,49.54,10,การรถไฟแห่งประเทศไทย (SRT)
493,2568,หนี้ต่างประเทศ,0,10,องค์การแบตเตอรี่ (TBO)**
494,2568,หนี้ต่างประเทศ,0,10,องค์การรับส่งสินค้าและพัสดุภัณฑ์ (ETO) **
495,2568,หนี้ต่างประเทศ,0,10,องค์การฟอกหนัง (TTO)**
496,2568,หนี้ต่างประเทศ,0,10,สำนักงานธนานุเคราะห์ (PAWN)***
497,2568,หนี้ต่างประเทศ,0,10,องค์การเภสัชกรรม
498,2568,หนี้ต่างประเทศ,1200.36,10,2. บริษัทจำกัด และบริษัทมหาชนจำกัด
499,2568,หนี้ต่างประเทศ,0,10,บริษัท วิทยุการบินแห่งประเทศไทย จำกัด (AERO)
500,2568,หนี้ต่างประเทศ,0,10,บริษัท บางจากปิโตรเลียม จำกัด (มหาชน) (BPC)*
501,2568,หนี้ต่างประเทศ,0,10,บริษัท กสท.โทรคมนาคม จำกัด (มหาชน) (CAT)
502,2568,หนี้ต่างประเทศ,0,10,บริษัท กรุงไทย คอมพิวเตอร์ เซอร์วิสเซส จำกัด (KTBCS)
503,2568,หนี้ต่างประเทศ,0,10,บริษัท กรุงไทยธุรกิจบริการ จำกัด (KTBGS)
504,2568,หนี้ต่างประเทศ,1200.36,10,บริษัท ท่าอากาศยานไทย จำกัด (มหาชน) (AOT)
505,2568,หนี้ต่างประเทศ,0,10,บริษัท ปตท. สำรวจและผลิตปิโตรเลียม จำกัด (มหาชน) (PEPC) *
506,2568,หนี้ต่างประเทศ,0,10,บริษัท ปตท.สผ. อินเตอร์เนชั่นแนล จำกัด (PEPI)*
507,2568,หนี้ต่างประเทศ,0,10,บริษัท ปตท. จำกัด (มหาชน) (PTT)
508,2568,หนี้ต่างประเทศ,0,10,บริษัท การบินไทย จำกัด (มหาชน) (THAI)*
509,2568,หนี้ต่างประเทศ,0,10,บริษัท ทีโอที จำกัด (มหาชน) (TOT)
510,2568,หนี้ต่างประเทศ,0,10,บริษัท ไม้อัดไทย จำกัด (TTPC)**
511,2568,หนี้ต่างประเทศ,0,10,บริษัท อู่กรุงเทพ จำกัด (BDC)
512,2568,หนี้ต่างประเทศ,0,10,บริษัท โรงแรมท่าอากาศยานสุวรรณภูมิ จำกัด (SAH)
513,2568,หนี้ต่างประเทศ,0,10,บริษัท ผลิตไฟฟ้าและน้ำเย็น จำกัด (DCAP)
514,2568,หนี้ต่างประเทศ,0,10,บริษัท ธนารักษ์พัฒนาสินทรัพย์ จำกัด (ธพส.) (DAD)
515,2568,หนี้ต่างประเทศ,0,10,บริษัท พีอีเอ เอ็นคอม อินเตอร์เนชั่นแนล จำกัด (PEA ENCOM)
516,2568,หนี้ต่างประเทศ,23890.94,10,รวม
517,2568,หนี้ในประเทศ,493624.11,9,1. องค์กรของรัฐ
518,2568,หนี้ในประเทศ,147305.33,9,องค์การขนส่งมวลชนกรุงเทพ (BMTA)
519,2568,หนี้ในประเทศ,0,9,สถาบันการบินพลเรือน (CATC)
520,2568,หนี้ในประเทศ,158.42,9,องค์การส่งเสริมกิจการโคนมแห่งประเทศไทย (DPO)
521,2568,หนี้ในประเทศ,45000,9,การไฟฟ้าฝ่ายผลิตแห่งประเทศไทย (EGAT)
522,2568,หนี้ในประเทศ,0,9,การทางพิเศษแห่งประเทศไทย (EXAT)
523,2568,หนี้ในประเทศ,0,9,องค์การอุตสาหกรรมป่าไม้ (FIO)
524,2568,หนี้ในประเทศ,0,9,การนิคมอุตสาหกรรมแห่งประเทศไทย (IEAT)
525,2568,หนี้ในประเทศ,0,9,การไฟฟ้านครหลวง (MEA)
526,2568,หนี้ในประเทศ,0,9,องค์การตลาดเพื่อเกษตรกร (MOFF)
527,2568,หนี้ในประเทศ,0,9,การรถไฟฟ้าขนส่งมวลชนแห่งประเทศไทย (MRTA)
528,2568,หนี้ในประเทศ,0,9,การประปานครหลวง (MWA)
529,2568,หนี้ในประเทศ,27050,9,การเคหะแห่งชาติ (NHA)
530,2568,หนี้ในประเทศ,0,9,การท่าเรือแห่งประเทศไทย (PAT)
531,2568,หนี้ในประเทศ,0,9,การไฟฟ้าส่วนภูมิภาค (PEA)
532,2568,หนี้ในประเทศ,0,9,องค์การคลังสินค้า (PWO)
533,2568,หนี้ในประเทศ,5420,9,การประปาส่วนภูมิภาค (PWA)
534,2568,หนี้ในประเทศ,825.31,9,การยางแห่งประเทศไทย (RAOT)
535,2568,หนี้ในประเทศ,267865.05,9,การรถไฟแห่งประเทศไทย (SRT)
536,2568,หนี้ในประเทศ,0,9,องค์การแบตเตอรี่ (TBO)**
537,2568,หนี้ในประเทศ,0,9,องค์การรับส่งสินค้าและพัสดุภัณฑ์ (ETO) **
538,2568,หนี้ในประเทศ,0,9,องค์การฟอกหนัง (TTO)**
539,2568,หนี้ในประเทศ,0,9,สำนักงานธนานุเคราะห์ (PAWN)***
540,2568,หนี้ในประเทศ,0,9,องค์การเภสัชกรรม
541,2568,หนี้ในประเทศ,0,9,2. บริษัทจำกัด และบริษัทมหาชนจำกัด
542,2568,หนี้ในประเทศ,0,9,บริษัท วิทยุการบินแห่งประเทศไทย จำกัด (AERO)
543,2568,หนี้ในประเทศ,0,9,บริษัท บางจากปิโตรเลียม จำกัด (มหาชน) (BPC)*
544,2568,หนี้ในประเทศ,0,9,บริษัท กสท.โทรคมนาคม จำกัด (มหาชน) (CAT)
545,2568,หนี้ในประเทศ,0,9,บริษัท กรุงไทย คอมพิวเตอร์ เซอร์วิสเซส จำกัด (KTBCS)
546,2568,หนี้ในประเทศ,0,9,บริษัท กรุงไทยธุรกิจบริการ จำกัด (KTBGS)
547,2568,หนี้ในประเทศ,0,9,บริษัท ท่าอากาศยานไทย จำกัด (มหาชน) (AOT)
548,2568,หนี้ในประเทศ,0,9,บริษัท ปตท. สำรวจและผลิตปิโตรเลียม จำกัด (มหาชน) (PEPC) *
549,2568,หนี้ในประเทศ,0,9,บริษัท ปตท.สผ. อินเตอร์เนชั่นแนล จำกัด (PEPI)*
550,2568,หนี้ในประเทศ,0,9,บริษัท ปตท. จำกัด (มหาชน) (PTT)
551,2568,หนี้ในประเทศ,0,9,บริษัท การบินไทย จำกัด (มหาชน) (THAI)*
552,2568,หนี้ในประเทศ,0,9,บริษัท ทีโอที จำกัด (มหาชน) (TOT)
553,2568,หนี้ในประเทศ,0,9,บริษัท ไม้อัดไทย จำกัด (TTPC)**
554,2568,หนี้ในประเทศ,0,9,บริษัท อู่กรุงเทพ จำกัด (BDC)
555,2568,หนี้ในประเทศ,0,9,บริษัท โรงแรมท่าอากาศยานสุวรรณภูมิ จำกัด (SAH)
556,2568,หนี้ในประเทศ,0,9,บริษัท ผลิตไฟฟ้าและน้ำเย็น จำกัด (DCAP)
557,2568,หนี้ในประเทศ,0,9,บริษัท ธนารักษ์พัฒนาสินทรัพย์ จำกัด (ธพส.) (DAD)
558,2568,หนี้ในประเทศ,0,9,บริษัท พีอีเอ เอ็นคอม อินเตอร์เนชั่นแนล จำกัด (PEA ENCOM)
559,2568,หนี้ในประเทศ,493624.11,9,รวม
560,2568,หนี้ต่างประเทศ,22902.16,9,1. องค์กรของรัฐ
561,2568,หนี้ต่างประเทศ,0,9,องค์การขนส่งมวลชนกรุงเทพ (BMTA)
562,2568,หนี้ต่างประเทศ,0,9,สถาบันการบินพลเรือน (CATC)
563,2568,หนี้ต่างประเทศ,0,9,องค์การส่งเสริมกิจการโคนมแห่งประเทศไทย (DPO)
564,2568,หนี้ต่างประเทศ,0,9,การไฟฟ้าฝ่ายผลิตแห่งประเทศไทย (EGAT)
565,2568,หนี้ต่างประเทศ,0,9,การทางพิเศษแห่งประเทศไทย (EXAT)
566,2568,หนี้ต่างประเทศ,0,9,องค์การอุตสาหกรรมป่าไม้ (FIO)
567,2568,หนี้ต่างประเทศ,0,9,การนิคมอุตสาหกรรมแห่งประเทศไทย (IEAT)
568,2568,หนี้ต่างประเทศ,0,9,การไฟฟ้านครหลวง (MEA)
569,2568,หนี้ต่างประเทศ,0,9,องค์การตลาดเพื่อเกษตรกร (MOFF)
570,2568,หนี้ต่างประเทศ,22852.1,9,การรถไฟฟ้าขนส่งมวลชนแห่งประเทศไทย (MRTA)
571,2568,หนี้ต่างประเทศ,0,9,การประปานครหลวง (MWA)
572,2568,หนี้ต่างประเทศ,0,9,การเคหะแห่งชาติ (NHA)
573,2568,หนี้ต่างประเทศ,0,9,การท่าเรือแห่งประเทศไทย (PAT)
574,2568,หนี้ต่างประเทศ,0,9,การไฟฟ้าส่วนภูมิภาค (PEA)
575,2568,หนี้ต่างประเทศ,0,9,องค์การคลังสินค้า (PWO)
576,2568,หนี้ต่างประเทศ,0,9,การประปาส่วนภูมิภาค (PWA)
577,2568,หนี้ต่างประเทศ,0,9,การยางแห่งประเทศไทย (RAOT)
578,2568,หนี้ต่างประเทศ,50.06,9,การรถไฟแห่งประเทศไทย (SRT)
579,2568,หนี้ต่างประเทศ,0,9,องค์การแบตเตอรี่ (TBO)**
580,2568,หนี้ต่างประเทศ,0,9,องค์การรับส่งสินค้าและพัสดุภัณฑ์ (ETO) **
581,2568,หนี้ต่างประเทศ,0,9,องค์การฟอกหนัง (TTO)**
582,2568,หนี้ต่างประเทศ,0,9,สำนักงานธนานุเคราะห์ (PAWN)***
583,2568,หนี้ต่างประเทศ,0,9,องค์การเภสัชกรรม
584,2568,หนี้ต่างประเทศ,1200.36,9,2. บริษัทจำกัด และบริษัทมหาชนจำกัด
585,2568,หนี้ต่างประเทศ,0,9,บริษัท วิทยุการบินแห่งประเทศไทย จำกัด (AERO)
586,2568,หนี้ต่างประเทศ,0,9,บริษัท บางจากปิโตรเลียม จำกัด (มหาชน) (BPC)*
587,2568,หนี้ต่างประเทศ,0,9,บริษัท กสท.โทรคมนาคม จำกัด (มหาชน) (CAT)
588,2568,หนี้ต่างประเทศ,0,9,บริษัท กรุงไทย คอมพิวเตอร์ เซอร์วิสเซส จำกัด (KTBCS)
589,2568,หนี้ต่างประเทศ,0,9,บริษัท กรุงไทยธุรกิจบริการ จำกัด (KTBGS)
590,2568,หนี้ต่างประเทศ,1200.36,9,บริษัท ท่าอากาศยานไทย จำกัด (มหาชน) (AOT)
591,2568,หนี้ต่างประเทศ,0,9,บริษัท ปตท. สำรวจและผลิตปิโตรเลียม จำกัด (มหาชน) (PEPC) *
592,2568,หนี้ต่างประเทศ,0,9,บริษัท ปตท.สผ. อินเตอร์เนชั่นแนล จำกัด (PEPI)*
593,2568,หนี้ต่างประเทศ,0,9,บริษัท ปตท. จำกัด (มหาชน) (PTT)
594,2568,หนี้ต่างประเทศ,0,9,บริษัท การบินไทย จำกัด (มหาชน) (THAI)*
595,2568,หนี้ต่างประเทศ,0,9,บริษัท ทีโอที จำกัด (มหาชน) (TOT)
596,2568,หนี้ต่างประเทศ,0,9,บริษัท ไม้อัดไทย จำกัด (TTPC)**
597,2568,หนี้ต่างประเทศ,0,9,บริษัท อู่กรุงเทพ จำกัด (BDC)
598,2568,หนี้ต่างประเทศ,0,9,บริษัท โรงแรมท่าอากาศยานสุวรรณภูมิ จำกัด (SAH)
599,2568,หนี้ต่างประเทศ,0,9,บริษัท ผลิตไฟฟ้าและน้ำเย็น จำกัด (DCAP)
600,2568,หนี้ต่างประเทศ,0,9,บริษัท ธนารักษ์พัฒนาสินทรัพย์ จำกัด (ธพส.) (DAD)
601,2568,หนี้ต่างประเทศ,0,9,บริษัท พีอีเอ เอ็นคอม อินเตอร์เนชั่นแนล จำกัด (PEA ENCOM)
602,2568,หนี้ต่างประเทศ,24102.52,9,รวม
603,2568,หนี้ในประเทศ,491910.55,8,1. องค์กรของรัฐ
604,2568,หนี้ในประเทศ,146766.33,8,องค์การขนส่งมวลชนกรุงเทพ (BMTA)
605,2568,หนี้ในประเทศ,0,8,สถาบันการบินพลเรือน (CATC)
606,2568,หนี้ในประเทศ,235.47,8,องค์การส่งเสริมกิจการโคนมแห่งประเทศไทย (DPO)
607,2568,หนี้ในประเทศ,45000,8,การไฟฟ้าฝ่ายผลิตแห่งประเทศไทย (EGAT)
608,2568,หนี้ในประเทศ,0,8,การทางพิเศษแห่งประเทศไทย (EXAT)
609,2568,หนี้ในประเทศ,0,8,องค์การอุตสาหกรรมป่าไม้ (FIO)
610,2568,หนี้ในประเทศ,0,8,การนิคมอุตสาหกรรมแห่งประเทศไทย (IEAT)
611,2568,หนี้ในประเทศ,0,8,การไฟฟ้านครหลวง (MEA)
612,2568,หนี้ในประเทศ,0,8,องค์การตลาดเพื่อเกษตรกร (MOFF)
613,2568,หนี้ในประเทศ,0,8,การรถไฟฟ้าขนส่งมวลชนแห่งประเทศไทย (MRTA)
614,2568,หนี้ในประเทศ,0,8,การประปานครหลวง (MWA)
615,2568,หนี้ในประเทศ,27050,8,การเคหะแห่งชาติ (NHA)
616,2568,หนี้ในประเทศ,0,8,การท่าเรือแห่งประเทศไทย (PAT)
617,2568,หนี้ในประเทศ,0,8,การไฟฟ้าส่วนภูมิภาค (PEA)
618,2568,หนี้ในประเทศ,0,8,องค์การคลังสินค้า (PWO)
619,2568,หนี้ในประเทศ,5420,8,การประปาส่วนภูมิภาค (PWA)
620,2568,หนี้ในประเทศ,825.31,8,การยางแห่งประเทศไทย (RAOT)
621,2568,หนี้ในประเทศ,266613.44,8,การรถไฟแห่งประเทศไทย (SRT)
622,2568,หนี้ในประเทศ,0,8,องค์การแบตเตอรี่ (TBO)**
623,2568,หนี้ในประเทศ,0,8,องค์การรับส่งสินค้าและพัสดุภัณฑ์ (ETO) **
624,2568,หนี้ในประเทศ,0,8,องค์การฟอกหนัง (TTO)**
625,2568,หนี้ในประเทศ,0,8,สำนักงานธนานุเคราะห์ (PAWN)***
626,2568,หนี้ในประเทศ,0,8,องค์การเภสัชกรรม
627,2568,หนี้ในประเทศ,0,8,2. บริษัทจำกัด และบริษัทมหาชนจำกัด
628,2568,หนี้ในประเทศ,0,8,บริษัท วิทยุการบินแห่งประเทศไทย จำกัด (AERO)
629,2568,หนี้ในประเทศ,0,8,บริษัท บางจากปิโตรเลียม จำกัด (มหาชน) (BPC)*
630,2568,หนี้ในประเทศ,0,8,บริษัท กสท.โทรคมนาคม จำกัด (มหาชน) (CAT)
631,2568,หนี้ในประเทศ,0,8,บริษัท กรุงไทย คอมพิวเตอร์ เซอร์วิสเซส จำกัด (KTBCS)
632,2568,หนี้ในประเทศ,0,8,บริษัท กรุงไทยธุรกิจบริการ จำกัด (KTBGS)
633,2568,หนี้ในประเทศ,0,8,บริษัท ท่าอากาศยานไทย จำกัด (มหาชน) (AOT)
634,2568,หนี้ในประเทศ,0,8,บริษัท ปตท. สำรวจและผลิตปิโตรเลียม จำกัด (มหาชน) (PEPC) *
635,2568,หนี้ในประเทศ,0,8,บริษัท ปตท.สผ. อินเตอร์เนชั่นแนล จำกัด (PEPI)*
636,2568,หนี้ในประเทศ,0,8,บริษัท ปตท. จำกัด (มหาชน) (PTT)
637,2568,หนี้ในประเทศ,0,8,บริษัท การบินไทย จำกัด (มหาชน) (THAI)*
638,2568,หนี้ในประเทศ,0,8,บริษัท ทีโอที จำกัด (มหาชน) (TOT)
639,2568,หนี้ในประเทศ,0,8,บริษัท ไม้อัดไทย จำกัด (TTPC)**
640,2568,หนี้ในประเทศ,0,8,บริษัท อู่กรุงเทพ จำกัด (BDC)
641,2568,หนี้ในประเทศ,0,8,บริษัท โรงแรมท่าอากาศยานสุวรรณภูมิ จำกัด (SAH)
642,2568,หนี้ในประเทศ,0,8,บริษัท ผลิตไฟฟ้าและน้ำเย็น จำกัด (DCAP)
643,2568,หนี้ในประเทศ,0,8,บริษัท ธนารักษ์พัฒนาสินทรัพย์ จำกัด (ธพส.) (DAD)
644,2568,หนี้ในประเทศ,0,8,บริษัท พีอีเอ เอ็นคอม อินเตอร์เนชั่นแนล จำกัด (PEA ENCOM)
645,2568,หนี้ในประเทศ,491910.55,8,รวม
646,2568,หนี้ต่างประเทศ,23343.11,8,1. องค์กรของรัฐ
647,2568,หนี้ต่างประเทศ,0,8,องค์การขนส่งมวลชนกรุงเทพ (BMTA)
648,2568,หนี้ต่างประเทศ,0,8,สถาบันการบินพลเรือน (CATC)
649,2568,หนี้ต่างประเทศ,0,8,องค์การส่งเสริมกิจการโคนมแห่งประเทศไทย (DPO)
650,2568,หนี้ต่างประเทศ,0,8,การไฟฟ้าฝ่ายผลิตแห่งประเทศไทย (EGAT)
651,2568,หนี้ต่างประเทศ,0,8,การทางพิเศษแห่งประเทศไทย (EXAT)
652,2568,หนี้ต่างประเทศ,0,8,องค์การอุตสาหกรรมป่าไม้ (FIO)
653,2568,หนี้ต่างประเทศ,0,8,การนิคมอุตสาหกรรมแห่งประเทศไทย (IEAT)
654,2568,หนี้ต่างประเทศ,0,8,การไฟฟ้านครหลวง (MEA)
655,2568,หนี้ต่างประเทศ,0,8,องค์การตลาดเพื่อเกษตรกร (MOFF)
656,2568,หนี้ต่างประเทศ,23293.26,8,การรถไฟฟ้าขนส่งมวลชนแห่งประเทศไทย (MRTA)
657,2568,หนี้ต่างประเทศ,0,8,การประปานครหลวง (MWA)
658,2568,หนี้ต่างประเทศ,0,8,การเคหะแห่งชาติ (NHA)
659,2568,หนี้ต่างประเทศ,0,8,การท่าเรือแห่งประเทศไทย (PAT)
660,2568,หนี้ต่างประเทศ,0,8,การไฟฟ้าส่วนภูมิภาค (PEA)
661,2568,หนี้ต่างประเทศ,0,8,องค์การคลังสินค้า (PWO)
662,2568,หนี้ต่างประเทศ,0,8,การประปาส่วนภูมิภาค (PWA)
663,2568,หนี้ต่างประเทศ,0,8,การยางแห่งประเทศไทย (RAOT)
664,2568,หนี้ต่างประเทศ,49.85,8,การรถไฟแห่งประเทศไทย (SRT)
665,2568,หนี้ต่างประเทศ,0,8,องค์การแบตเตอรี่ (TBO)**
666,2568,หนี้ต่างประเทศ,0,8,องค์การรับส่งสินค้าและพัสดุภัณฑ์ (ETO) **
667,2568,หนี้ต่างประเทศ,0,8,องค์การฟอกหนัง (TTO)**
668,2568,หนี้ต่างประเทศ,0,8,สำนักงานธนานุเคราะห์ (PAWN)***
669,2568,หนี้ต่างประเทศ,0,8,องค์การเภสัชกรรม
670,2568,หนี้ต่างประเทศ,1200.36,8,2. บริษัทจำกัด และบริษัทมหาชนจำกัด
671,2568,หนี้ต่างประเทศ,0,8,บริษัท วิทยุการบินแห่งประเทศไทย จำกัด (AERO)
672,2568,หนี้ต่างประเทศ,0,8,บริษัท บางจากปิโตรเลียม จำกัด (มหาชน) (BPC)*
673,2568,หนี้ต่างประเทศ,0,8,บริษัท กสท.โทรคมนาคม จำกัด (มหาชน) (CAT)
674,2568,หนี้ต่างประเทศ,0,8,บริษัท กรุงไทย คอมพิวเตอร์ เซอร์วิสเซส จำกัด (KTBCS)
675,2568,หนี้ต่างประเทศ,0,8,บริษัท กรุงไทยธุรกิจบริการ จำกัด (KTBGS)
676,2568,หนี้ต่างประเทศ,1200.36,8,บริษัท ท่าอากาศยานไทย จำกัด (มหาชน) (AOT)
677,2568,หนี้ต่างประเทศ,0,8,บริษัท ปตท. สำรวจและผลิตปิโตรเลียม จำกัด (มหาชน) (PEPC) *
678,2568,หนี้ต่างประเทศ,0,8,บริษัท ปตท.สผ. อินเตอร์เนชั่นแนล จำกัด (PEPI)*
679,2568,หนี้ต่างประเทศ,0,8,บริษัท ปตท. จำกัด (มหาชน) (PTT)
680,2568,หนี้ต่างประเทศ,0,8,บริษัท การบินไทย จำกัด (มหาชน) (THAI)*
681,2568,หนี้ต่างประเทศ,0,8,บริษัท ทีโอที จำกัด (มหาชน) (TOT)
682,2568,หนี้ต่างประเทศ,0,8,บริษัท ไม้อัดไทย จำกัด (TTPC)**
683,2568,หนี้ต่างประเทศ,0,8,บริษัท อู่กรุงเทพ จำกัด (BDC)
684,2568,หนี้ต่างประเทศ,0,8,บริษัท โรงแรมท่าอากาศยานสุวรรณภูมิ จำกัด (SAH)
685,2568,หนี้ต่างประเทศ,0,8,บริษัท ผลิตไฟฟ้าและน้ำเย็น จำกัด (DCAP)
686,2568,หนี้ต่างประเทศ,0,8,บริษัท ธนารักษ์พัฒนาสินทรัพย์ จำกัด (ธพส.) (DAD)
687,2568,หนี้ต่างประเทศ,0,8,บริษัท พีอีเอ เอ็นคอม อินเตอร์เนชั่นแนล จำกัด (PEA ENCOM)
688,2568,หนี้ต่างประเทศ,24543.47,8,รวม
689,2568,หนี้ในประเทศ,490099.88,7,1. องค์กรของรัฐ
690,2568,หนี้ในประเทศ,146373.43,7,องค์การขนส่งมวลชนกรุงเทพ (BMTA)
691,2568,หนี้ในประเทศ,0,7,สถาบันการบินพลเรือน (CATC)
692,2568,หนี้ในประเทศ,234.69,7,องค์การส่งเสริมกิจการโคนมแห่งประเทศไทย (DPO)
693,2568,หนี้ในประเทศ,45000,7,การไฟฟ้าฝ่ายผลิตแห่งประเทศไทย (EGAT)
694,2568,หนี้ในประเทศ,0,7,การทางพิเศษแห่งประเทศไทย (EXAT)
695,2568,หนี้ในประเทศ,0,7,องค์การอุตสาหกรรมป่าไม้ (FIO)
696,2568,หนี้ในประเทศ,0,7,การนิคมอุตสาหกรรมแห่งประเทศไทย (IEAT)
697,2568,หนี้ในประเทศ,0,7,การไฟฟ้านครหลวง (MEA)
698,2568,หนี้ในประเทศ,0,7,องค์การตลาดเพื่อเกษตรกร (MOFF)
699,2568,หนี้ในประเทศ,0,7,การรถไฟฟ้าขนส่งมวลชนแห่งประเทศไทย (MRTA)
700,2568,หนี้ในประเทศ,0,7,การประปานครหลวง (MWA)
701,2568,หนี้ในประเทศ,27050,7,การเคหะแห่งชาติ (NHA)
702,2568,หนี้ในประเทศ,0,7,การท่าเรือแห่งประเทศไทย (PAT)
703,2568,หนี้ในประเทศ,0,7,การไฟฟ้าส่วนภูมิภาค (PEA)
704,2568,หนี้ในประเทศ,0,7,องค์การคลังสินค้า (PWO)
705,2568,หนี้ในประเทศ,5420,7,การประปาส่วนภูมิภาค (PWA)
706,2568,หนี้ในประเทศ,825.31,7,การยางแห่งประเทศไทย (RAOT)
707,2568,หนี้ในประเทศ,265196.45,7,การรถไฟแห่งประเทศไทย (SRT)
708,2568,หนี้ในประเทศ,0,7,องค์การแบตเตอรี่ (TBO)**
709,2568,หนี้ในประเทศ,0,7,องค์การรับส่งสินค้าและพัสดุภัณฑ์ (ETO) **
710,2568,หนี้ในประเทศ,0,7,องค์การฟอกหนัง (TTO)**
711,2568,หนี้ในประเทศ,0,7,สำนักงานธนานุเคราะห์ (PAWN)***
712,2568,หนี้ในประเทศ,0,7,องค์การเภสัชกรรม
713,2568,หนี้ในประเทศ,0,7,2. บริษัทจำกัด และบริษัทมหาชนจำกัด
714,2568,หนี้ในประเทศ,0,7,บริษัท วิทยุการบินแห่งประเทศไทย จำกัด (AERO)
715,2568,หนี้ในประเทศ,0,7,บริษัท บางจากปิโตรเลียม จำกัด (มหาชน) (BPC)*
716,2568,หนี้ในประเทศ,0,7,บริษัท กสท.โทรคมนาคม จำกัด (มหาชน) (CAT)
717,2568,หนี้ในประเทศ,0,7,บริษัท กรุงไทย คอมพิวเตอร์ เซอร์วิสเซส จำกัด (KTBCS)
718,2568,หนี้ในประเทศ,0,7,บริษัท กรุงไทยธุรกิจบริการ จำกัด (KTBGS)
719,2568,หนี้ในประเทศ,0,7,บริษัท ท่าอากาศยานไทย จำกัด (มหาชน) (AOT)
720,2568,หนี้ในประเทศ,0,7,บริษัท ปตท. สำรวจและผลิตปิโตรเลียม จำกัด (มหาชน) (PEPC) *
721,2568,หนี้ในประเทศ,0,7,บริษัท ปตท.สผ. อินเตอร์เนชั่นแนล จำกัด (PEPI)*
722,2568,หนี้ในประเทศ,0,7,บริษัท ปตท. จำกัด (มหาชน) (PTT)
723,2568,หนี้ในประเทศ,0,7,บริษัท การบินไทย จำกัด (มหาชน) (THAI)*
724,2568,หนี้ในประเทศ,0,7,บริษัท ทีโอที จำกัด (มหาชน) (TOT)
725,2568,หนี้ในประเทศ,0,7,บริษัท ไม้อัดไทย จำกัด (TTPC)**
726,2568,หนี้ในประเทศ,0,7,บริษัท อู่กรุงเทพ จำกัด (BDC)
727,2568,หนี้ในประเทศ,0,7,บริษัท โรงแรมท่าอากาศยานสุวรรณภูมิ จำกัด (SAH)
728,2568,หนี้ในประเทศ,0,7,บริษัท ผลิตไฟฟ้าและน้ำเย็น จำกัด (DCAP)
729,2568,หนี้ในประเทศ,0,7,บริษัท ธนารักษ์พัฒนาสินทรัพย์ จำกัด (ธพส.) (DAD)
730,2568,หนี้ในประเทศ,0,7,บริษัท พีอีเอ เอ็นคอม อินเตอร์เนชั่นแนล จำกัด (PEA ENCOM)
731,2568,หนี้ในประเทศ,490099.88,7,รวม
732,2568,หนี้ต่างประเทศ,23342.76,7,1. องค์กรของรัฐ
733,2568,หนี้ต่างประเทศ,0,7,องค์การขนส่งมวลชนกรุงเทพ (BMTA)
734,2568,หนี้ต่างประเทศ,0,7,สถาบันการบินพลเรือน (CATC)
735,2568,หนี้ต่างประเทศ,0,7,องค์การส่งเสริมกิจการโคนมแห่งประเทศไทย (DPO)
736,2568,หนี้ต่างประเทศ,0,7,การไฟฟ้าฝ่ายผลิตแห่งประเทศไทย (EGAT)
737,2568,หนี้ต่างประเทศ,0,7,การทางพิเศษแห่งประเทศไทย (EXAT)
738,2568,หนี้ต่างประเทศ,0,7,องค์การอุตสาหกรรมป่าไม้ (FIO)
739,2568,หนี้ต่างประเทศ,0,7,การนิคมอุตสาหกรรมแห่งประเทศไทย (IEAT)
740,2568,หนี้ต่างประเทศ,0,7,การไฟฟ้านครหลวง (MEA)
741,2568,หนี้ต่างประเทศ,0,7,องค์การตลาดเพื่อเกษตรกร (MOFF)
742,2568,หนี้ต่างประเทศ,23293.26,7,การรถไฟฟ้าขนส่งมวลชนแห่งประเทศไทย (MRTA)
743,2568,หนี้ต่างประเทศ,0,7,การประปานครหลวง (MWA)
744,2568,หนี้ต่างประเทศ,0,7,การเคหะแห่งชาติ (NHA)
745,2568,หนี้ต่างประเทศ,0,7,การท่าเรือแห่งประเทศไทย (PAT)
746,2568,หนี้ต่างประเทศ,0,7,การไฟฟ้าส่วนภูมิภาค (PEA)
747,2568,หนี้ต่างประเทศ,0,7,องค์การคลังสินค้า (PWO)
748,2568,หนี้ต่างประเทศ,0,7,การประปาส่วนภูมิภาค (PWA)
749,2568,หนี้ต่างประเทศ,0,7,การยางแห่งประเทศไทย (RAOT)
750,2568,หนี้ต่างประเทศ,49.5,7,การรถไฟแห่งประเทศไทย (SRT)
751,2568,หนี้ต่างประเทศ,0,7,องค์การแบตเตอรี่ (TBO)**
752,2568,หนี้ต่างประเทศ,0,7,องค์การรับส่งสินค้าและพัสดุภัณฑ์ (ETO) **
753,2568,หนี้ต่างประเทศ,0,7,องค์การฟอกหนัง (TTO)**
754,2568,หนี้ต่างประเทศ,0,7,สำนักงานธนานุเคราะห์ (PAWN)***
755,2568,หนี้ต่างประเทศ,0,7,องค์การเภสัชกรรม
756,2568,หนี้ต่างประเทศ,1200.36,7,2. บริษัทจำกัด และบริษัทมหาชนจำกัด
757,2568,หนี้ต่างประเทศ,0,7,บริษัท วิทยุการบินแห่งประเทศไทย จำกัด (AERO)
758,2568,หนี้ต่างประเทศ,0,7,บริษัท บางจากปิโตรเลียม จำกัด (มหาชน) (BPC)*
759,2568,หนี้ต่างประเทศ,0,7,บริษัท กสท.โทรคมนาคม จำกัด (มหาชน) (CAT)
760,2568,หนี้ต่างประเทศ,0,7,บริษัท กรุงไทย คอมพิวเตอร์ เซอร์วิสเซส จำกัด (KTBCS)
761,2568,หนี้ต่างประเทศ,0,7,บริษัท กรุงไทยธุรกิจบริการ จำกัด (KTBGS)
762,2568,หนี้ต่างประเทศ,1200.36,7,บริษัท ท่าอากาศยานไทย จำกัด (มหาชน) (AOT)
763,2568,หนี้ต่างประเทศ,0,7,บริษัท ปตท. สำรวจและผลิตปิโตรเลียม จำกัด (มหาชน) (PEPC) *
764,2568,หนี้ต่างประเทศ,0,7,บริษัท ปตท.สผ. อินเตอร์เนชั่นแนล จำกัด (PEPI)*
765,2568,หนี้ต่างประเทศ,0,7,บริษัท ปตท. จำกัด (มหาชน) (PTT)
766,2568,หนี้ต่างประเทศ,0,7,บริษัท การบินไทย จำกัด (มหาชน) (THAI)*
767,2568,หนี้ต่างประเทศ,0,7,บริษัท ทีโอที จำกัด (มหาชน) (TOT)
768,2568,หนี้ต่างประเทศ,0,7,บริษัท ไม้อัดไทย จำกัด (TTPC)**
769,2568,หนี้ต่างประเทศ,0,7,บริษัท อู่กรุงเทพ จำกัด (BDC)
770,2568,หนี้ต่างประเทศ,0,7,บริษัท โรงแรมท่าอากาศยานสุวรรณภูมิ จำกัด (SAH)
771,2568,หนี้ต่างประเทศ,0,7,บริษัท ผลิตไฟฟ้าและน้ำเย็น จำกัด (DCAP)
772,2568,หนี้ต่างประเทศ,0,7,บริษัท ธนารักษ์พัฒนาสินทรัพย์ จำกัด (ธพส.) (DAD)
773,2568,หนี้ต่างประเทศ,0,7,บริษัท พีอีเอ เอ็นคอม อินเตอร์เนชั่นแนล จำกัด (PEA ENCOM)
774,2568,หนี้ต่างประเทศ,24543.12,7,รวม
775,2568,หนี้ในประเทศ,488942.62,6,1. องค์กรของรัฐ
776,2568,หนี้ในประเทศ,145940.43,6,องค์การขนส่งมวลชนกรุงเทพ (BMTA)
777,2568,หนี้ในประเทศ,0,6,สถาบันการบินพลเรือน (CATC)
778,2568,หนี้ในประเทศ,210.43,6,องค์การส่งเสริมกิจการโคนมแห่งประเทศไทย (DPO)
779,2568,หนี้ในประเทศ,45000,6,การไฟฟ้าฝ่ายผลิตแห่งประเทศไทย (EGAT)
780,2568,หนี้ในประเทศ,0,6,การทางพิเศษแห่งประเทศไทย (EXAT)
781,2568,หนี้ในประเทศ,0,6,องค์การอุตสาหกรรมป่าไม้ (FIO)
782,2568,หนี้ในประเทศ,0,6,การนิคมอุตสาหกรรมแห่งประเทศไทย (IEAT)
783,2568,หนี้ในประเทศ,0,6,การไฟฟ้านครหลวง (MEA)
784,2568,หนี้ในประเทศ,0,6,องค์การตลาดเพื่อเกษตรกร (MOFF)
785,2568,หนี้ในประเทศ,0,6,การรถไฟฟ้าขนส่งมวลชนแห่งประเทศไทย (MRTA)
786,2568,หนี้ในประเทศ,0,6,การประปานครหลวง (MWA)
787,2568,หนี้ในประเทศ,27350,6,การเคหะแห่งชาติ (NHA)
788,2568,หนี้ในประเทศ,0,6,การท่าเรือแห่งประเทศไทย (PAT)
789,2568,หนี้ในประเทศ,0,6,การไฟฟ้าส่วนภูมิภาค (PEA)
790,2568,หนี้ในประเทศ,0,6,องค์การคลังสินค้า (PWO)
791,2568,หนี้ในประเทศ,5420,6,การประปาส่วนภูมิภาค (PWA)
792,2568,หนี้ในประเทศ,825.31,6,การยางแห่งประเทศไทย (RAOT)
793,2568,หนี้ในประเทศ,264196.45,6,การรถไฟแห่งประเทศไทย (SRT)
794,2568,หนี้ในประเทศ,0,6,องค์การแบตเตอรี่ (TBO)**
795,2568,หนี้ในประเทศ,0,6,องค์การรับส่งสินค้าและพัสดุภัณฑ์ (ETO) **
796,2568,หนี้ในประเทศ,0,6,องค์การฟอกหนัง (TTO)**
797,2568,หนี้ในประเทศ,0,6,สำนักงานธนานุเคราะห์ (PAWN)***
798,2568,หนี้ในประเทศ,0,6,องค์การเภสัชกรรม
799,2568,หนี้ในประเทศ,0,6,2. บริษัทจำกัด และบริษัทมหาชนจำกัด
800,2568,หนี้ในประเทศ,0,6,บริษัท วิทยุการบินแห่งประเทศไทย จำกัด (AERO)
801,2568,หนี้ในประเทศ,0,6,บริษัท บางจากปิโตรเลียม จำกัด (มหาชน) (BPC)*
802,2568,หนี้ในประเทศ,0,6,บริษัท กสท.โทรคมนาคม จำกัด (มหาชน) (CAT)
803,2568,หนี้ในประเทศ,0,6,บริษัท กรุงไทย คอมพิวเตอร์ เซอร์วิสเซส จำกัด (KTBCS)
804,2568,หนี้ในประเทศ,0,6,บริษัท กรุงไทยธุรกิจบริการ จำกัด (KTBGS)
805,2568,หนี้ในประเทศ,0,6,บริษัท ท่าอากาศยานไทย จำกัด (มหาชน) (AOT)
806,2568,หนี้ในประเทศ,0,6,บริษัท ปตท. สำรวจและผลิตปิโตรเลียม จำกัด (มหาชน) (PEPC) *
807,2568,หนี้ในประเทศ,0,6,บริษัท ปตท.สผ. อินเตอร์เนชั่นแนล จำกัด (PEPI)*
808,2568,หนี้ในประเทศ,0,6,บริษัท ปตท. จำกัด (มหาชน) (PTT)
809,2568,หนี้ในประเทศ,0,6,บริษัท การบินไทย จำกัด (มหาชน) (THAI)*
810,2568,หนี้ในประเทศ,0,6,บริษัท ทีโอที จำกัด (มหาชน) (TOT)
811,2568,หนี้ในประเทศ,0,6,บริษัท ไม้อัดไทย จำกัด (TTPC)**
812,2568,หนี้ในประเทศ,0,6,บริษัท อู่กรุงเทพ จำกัด (BDC)
813,2568,หนี้ในประเทศ,0,6,บริษัท โรงแรมท่าอากาศยานสุวรรณภูมิ จำกัด (SAH)
814,2568,หนี้ในประเทศ,0,6,บริษัท ผลิตไฟฟ้าและน้ำเย็น จำกัด (DCAP)
815,2568,หนี้ในประเทศ,0,6,บริษัท ธนารักษ์พัฒนาสินทรัพย์ จำกัด (ธพส.) (DAD)
816,2568,หนี้ในประเทศ,0,6,บริษัท พีอีเอ เอ็นคอม อินเตอร์เนชั่นแนล จำกัด (PEA ENCOM)
817,2568,หนี้ในประเทศ,488942.62,6,รวม
818,2568,หนี้ต่างประเทศ,23495.08,6,1. องค์กรของรัฐ
819,2568,หนี้ต่างประเทศ,0,6,องค์การขนส่งมวลชนกรุงเทพ (BMTA)
820,2568,หนี้ต่างประเทศ,0,6,สถาบันการบินพลเรือน (CATC)
821,2568,หนี้ต่างประเทศ,0,6,องค์การส่งเสริมกิจการโคนมแห่งประเทศไทย (DPO)
822,2568,หนี้ต่างประเทศ,0,6,การไฟฟ้าฝ่ายผลิตแห่งประเทศไทย (EGAT)
823,2568,หนี้ต่างประเทศ,0,6,การทางพิเศษแห่งประเทศไทย (EXAT)
824,2568,หนี้ต่างประเทศ,0,6,องค์การอุตสาหกรรมป่าไม้ (FIO)
825,2568,หนี้ต่างประเทศ,0,6,การนิคมอุตสาหกรรมแห่งประเทศไทย (IEAT)
826,2568,หนี้ต่างประเทศ,0,6,การไฟฟ้านครหลวง (MEA)
827,2568,หนี้ต่างประเทศ,0,6,องค์การตลาดเพื่อเกษตรกร (MOFF)
828,2568,หนี้ต่างประเทศ,23444.56,6,การรถไฟฟ้าขนส่งมวลชนแห่งประเทศไทย (MRTA)
829,2568,หนี้ต่างประเทศ,0,6,การประปานครหลวง (MWA)
830,2568,หนี้ต่างประเทศ,0,6,การเคหะแห่งชาติ (NHA)
831,2568,หนี้ต่างประเทศ,0,6,การท่าเรือแห่งประเทศไทย (PAT)
832,2568,หนี้ต่างประเทศ,0,6,การไฟฟ้าส่วนภูมิภาค (PEA)
833,2568,หนี้ต่างประเทศ,0,6,องค์การคลังสินค้า (PWO)
834,2568,หนี้ต่างประเทศ,0,6,การประปาส่วนภูมิภาค (PWA)
835,2568,หนี้ต่างประเทศ,0,6,การยางแห่งประเทศไทย (RAOT)
836,2568,หนี้ต่างประเทศ,50.52,6,การรถไฟแห่งประเทศไทย (SRT)
837,2568,หนี้ต่างประเทศ,0,6,องค์การแบตเตอรี่ (TBO)**
838,2568,หนี้ต่างประเทศ,0,6,องค์การรับส่งสินค้าและพัสดุภัณฑ์ (ETO) **
839,2568,หนี้ต่างประเทศ,0,6,องค์การฟอกหนัง (TTO)**
840,2568,หนี้ต่างประเทศ,0,6,สำนักงานธนานุเคราะห์ (PAWN)***
841,2568,หนี้ต่างประเทศ,0,6,องค์การเภสัชกรรม
842,2568,หนี้ต่างประเทศ,1500.45,6,2. บริษัทจำกัด และบริษัทมหาชนจำกัด
843,2568,หนี้ต่างประเทศ,0,6,บริษัท วิทยุการบินแห่งประเทศไทย จำกัด (AERO)
844,2568,หนี้ต่างประเทศ,0,6,บริษัท บางจากปิโตรเลียม จำกัด (มหาชน) (BPC)*
845,2568,หนี้ต่างประเทศ,0,6,บริษัท กสท.โทรคมนาคม จำกัด (มหาชน) (CAT)
846,2568,หนี้ต่างประเทศ,0,6,บริษัท กรุงไทย คอมพิวเตอร์ เซอร์วิสเซส จำกัด (KTBCS)
847,2568,หนี้ต่างประเทศ,0,6,บริษัท กรุงไทยธุรกิจบริการ จำกัด (KTBGS)
848,2568,หนี้ต่างประเทศ,1500.45,6,บริษัท ท่าอากาศยานไทย จำกัด (มหาชน) (AOT)
849,2568,หนี้ต่างประเทศ,0,6,บริษัท ปตท. สำรวจและผลิตปิโตรเลียม จำกัด (มหาชน) (PEPC) *
850,2568,หนี้ต่างประเทศ,0,6,บริษัท ปตท.สผ. อินเตอร์เนชั่นแนล จำกัด (PEPI)*
851,2568,หนี้ต่างประเทศ,0,6,บริษัท ปตท. จำกัด (มหาชน) (PTT)
852,2568,หนี้ต่างประเทศ,0,6,บริษัท การบินไทย จำกัด (มหาชน) (THAI)*
853,2568,หนี้ต่างประเทศ,0,6,บริษัท ทีโอที จำกัด (มหาชน) (TOT)
854,2568,หนี้ต่างประเทศ,0,6,บริษัท ไม้อัดไทย จำกัด (TTPC)**
855,2568,หนี้ต่างประเทศ,0,6,บริษัท อู่กรุงเทพ จำกัด (BDC)
856,2568,หนี้ต่างประเทศ,0,6,บริษัท โรงแรมท่าอากาศยานสุวรรณภูมิ จำกัด (SAH)
857,2568,หนี้ต่างประเทศ,0,6,บริษัท ผลิตไฟฟ้าและน้ำเย็น จำกัด (DCAP)
858,2568,หนี้ต่างประเทศ,0,6,บริษัท ธนารักษ์พัฒนาสินทรัพย์ จำกัด (ธพส.) (DAD)
859,2568,หนี้ต่างประเทศ,0,6,บริษัท พีอีเอ เอ็นคอม อินเตอร์เนชั่นแนล จำกัด (PEA ENCOM)
860,2568,หนี้ต่างประเทศ,24995.53,6,รวม
861,2568,หนี้ในประเทศ,484922.79,5,1. องค์กรของรัฐ
862,2568,หนี้ในประเทศ,145455.53,5,องค์การขนส่งมวลชนกรุงเทพ (BMTA)
863,2568,หนี้ในประเทศ,0,5,สถาบันการบินพลเรือน (CATC)
864,2568,หนี้ในประเทศ,175.5,5,องค์การส่งเสริมกิจการโคนมแห่งประเทศไทย (DPO)
865,2568,หนี้ในประเทศ,45000,5,การไฟฟ้าฝ่ายผลิตแห่งประเทศไทย (EGAT)
866,2568,หนี้ในประเทศ,0,5,การทางพิเศษแห่งประเทศไทย (EXAT)
867,2568,หนี้ในประเทศ,0,5,องค์การอุตสาหกรรมป่าไม้ (FIO)
868,2568,หนี้ในประเทศ,0,5,การนิคมอุตสาหกรรมแห่งประเทศไทย (IEAT)
869,2568,หนี้ในประเทศ,0,5,การไฟฟ้านครหลวง (MEA)
870,2568,หนี้ในประเทศ,0,5,องค์การตลาดเพื่อเกษตรกร (MOFF)
871,2568,หนี้ในประเทศ,0,5,การรถไฟฟ้าขนส่งมวลชนแห่งประเทศไทย (MRTA)
872,2568,หนี้ในประเทศ,0,5,การประปานครหลวง (MWA)
873,2568,หนี้ในประเทศ,27350,5,การเคหะแห่งชาติ (NHA)
874,2568,หนี้ในประเทศ,0,5,การท่าเรือแห่งประเทศไทย (PAT)
875,2568,หนี้ในประเทศ,0,5,การไฟฟ้าส่วนภูมิภาค (PEA)
876,2568,หนี้ในประเทศ,0,5,องค์การคลังสินค้า (PWO)
877,2568,หนี้ในประเทศ,5420,5,การประปาส่วนภูมิภาค (PWA)
878,2568,หนี้ในประเทศ,825.31,5,การยางแห่งประเทศไทย (RAOT)
879,2568,หนี้ในประเทศ,260696.45,5,การรถไฟแห่งประเทศไทย (SRT)
880,2568,หนี้ในประเทศ,0,5,องค์การแบตเตอรี่ (TBO)**
881,2568,หนี้ในประเทศ,0,5,องค์การรับส่งสินค้าและพัสดุภัณฑ์ (ETO) **
882,2568,หนี้ในประเทศ,0,5,องค์การฟอกหนัง (TTO)**
883,2568,หนี้ในประเทศ,0,5,สำนักงานธนานุเคราะห์ (PAWN)***
884,2568,หนี้ในประเทศ,0,5,องค์การเภสัชกรรม
885,2568,หนี้ในประเทศ,0,5,2. บริษัทจำกัด และบริษัทมหาชนจำกัด
886,2568,หนี้ในประเทศ,0,5,บริษัท วิทยุการบินแห่งประเทศไทย จำกัด (AERO)
887,2568,หนี้ในประเทศ,0,5,บริษัท บางจากปิโตรเลียม จำกัด (มหาชน) (BPC)*
888,2568,หนี้ในประเทศ,0,5,บริษัท กสท.โทรคมนาคม จำกัด (มหาชน) (CAT)
889,2568,หนี้ในประเทศ,0,5,บริษัท กรุงไทย คอมพิวเตอร์ เซอร์วิสเซส จำกัด (KTBCS)
890,2568,หนี้ในประเทศ,0,5,บริษัท กรุงไทยธุรกิจบริการ จำกัด (KTBGS)
891,2568,หนี้ในประเทศ,0,5,บริษัท ท่าอากาศยานไทย จำกัด (มหาชน) (AOT)
892,2568,หนี้ในประเทศ,0,5,บริษัท ปตท. สำรวจและผลิตปิโตรเลียม จำกัด (มหาชน) (PEPC) *
893,2568,หนี้ในประเทศ,0,5,บริษัท ปตท.สผ. อินเตอร์เนชั่นแนล จำกัด (PEPI)*
894,2568,หนี้ในประเทศ,0,5,บริษัท ปตท. จำกัด (มหาชน) (PTT)
895,2568,หนี้ในประเทศ,0,5,บริษัท การบินไทย จำกัด (มหาชน) (THAI)*
896,2568,หนี้ในประเทศ,0,5,บริษัท ทีโอที จำกัด (มหาชน) (TOT)
897,2568,หนี้ในประเทศ,0,5,บริษัท ไม้อัดไทย จำกัด (TTPC)**
898,2568,หนี้ในประเทศ,0,5,บริษัท อู่กรุงเทพ จำกัด (BDC)
899,2568,หนี้ในประเทศ,0,5,บริษัท โรงแรมท่าอากาศยานสุวรรณภูมิ จำกัด (SAH)
900,2568,หนี้ในประเทศ,0,5,บริษัท ผลิตไฟฟ้าและน้ำเย็น จำกัด (DCAP)
901,2568,หนี้ในประเทศ,0,5,บริษัท ธนารักษ์พัฒนาสินทรัพย์ จำกัด (ธพส.) (DAD)
902,2568,หนี้ในประเทศ,0,5,บริษัท พีอีเอ เอ็นคอม อินเตอร์เนชั่นแนล จำกัด (PEA ENCOM)
903,2568,หนี้ในประเทศ,484922.79,5,รวม
904,2568,หนี้ต่างประเทศ,23498.84,5,1. องค์กรของรัฐ
905,2568,หนี้ต่างประเทศ,0,5,องค์การขนส่งมวลชนกรุงเทพ (BMTA)
906,2568,หนี้ต่างประเทศ,0,5,สถาบันการบินพลเรือน (CATC)
907,2568,หนี้ต่างประเทศ,0,5,องค์การส่งเสริมกิจการโคนมแห่งประเทศไทย (DPO)
908,2568,หนี้ต่างประเทศ,0,5,การไฟฟ้าฝ่ายผลิตแห่งประเทศไทย (EGAT)
909,2568,หนี้ต่างประเทศ,0,5,การทางพิเศษแห่งประเทศไทย (EXAT)
910,2568,หนี้ต่างประเทศ,0,5,องค์การอุตสาหกรรมป่าไม้ (FIO)
911,2568,หนี้ต่างประเทศ,0,5,การนิคมอุตสาหกรรมแห่งประเทศไทย (IEAT)
912,2568,หนี้ต่างประเทศ,0,5,การไฟฟ้านครหลวง (MEA)
913,2568,หนี้ต่างประเทศ,0,5,องค์การตลาดเพื่อเกษตรกร (MOFF)
914,2568,หนี้ต่างประเทศ,23444.56,5,การรถไฟฟ้าขนส่งมวลชนแห่งประเทศไทย (MRTA)
915,2568,หนี้ต่างประเทศ,0,5,การประปานครหลวง (MWA)
916,2568,หนี้ต่างประเทศ,0,5,การเคหะแห่งชาติ (NHA)
917,2568,หนี้ต่างประเทศ,0,5,การท่าเรือแห่งประเทศไทย (PAT)
918,2568,หนี้ต่างประเทศ,0,5,การไฟฟ้าส่วนภูมิภาค (PEA)
919,2568,หนี้ต่างประเทศ,0,5,องค์การคลังสินค้า (PWO)
920,2568,หนี้ต่างประเทศ,0,5,การประปาส่วนภูมิภาค (PWA)
921,2568,หนี้ต่างประเทศ,0,5,การยางแห่งประเทศไทย (RAOT)
922,2568,หนี้ต่างประเทศ,54.28,5,การรถไฟแห่งประเทศไทย (SRT)
923,2568,หนี้ต่างประเทศ,0,5,องค์การแบตเตอรี่ (TBO)**
924,2568,หนี้ต่างประเทศ,0,5,องค์การรับส่งสินค้าและพัสดุภัณฑ์ (ETO) **
925,2568,หนี้ต่างประเทศ,0,5,องค์การฟอกหนัง (TTO)**
926,2568,หนี้ต่างประเทศ,0,5,สำนักงานธนานุเคราะห์ (PAWN)***
927,2568,หนี้ต่างประเทศ,0,5,องค์การเภสัชกรรม
928,2568,หนี้ต่างประเทศ,1500.45,5,2. บริษัทจำกัด และบริษัทมหาชนจำกัด
929,2568,หนี้ต่างประเทศ,0,5,บริษัท วิทยุการบินแห่งประเทศไทย จำกัด (AERO)
930,2568,หนี้ต่างประเทศ,0,5,บริษัท บางจากปิโตรเลียม จำกัด (มหาชน) (BPC)*
931,2568,หนี้ต่างประเทศ,0,5,บริษัท กสท.โทรคมนาคม จำกัด (มหาชน) (CAT)
932,2568,หนี้ต่างประเทศ,0,5,บริษัท กรุงไทย คอมพิวเตอร์ เซอร์วิสเซส จำกัด (KTBCS)
933,2568,หนี้ต่างประเทศ,0,5,บริษัท กรุงไทยธุรกิจบริการ จำกัด (KTBGS)
934,2568,หนี้ต่างประเทศ,1500.45,5,บริษัท ท่าอากาศยานไทย จำกัด (มหาชน) (AOT)
935,2568,หนี้ต่างประเทศ,0,5,บริษัท ปตท. สำรวจและผลิตปิโตรเลียม จำกัด (มหาชน) (PEPC) *
936,2568,หนี้ต่างประเทศ,0,5,บริษัท ปตท.สผ. อินเตอร์เนชั่นแนล จำกัด (PEPI)*
937,2568,หนี้ต่างประเทศ,0,5,บริษัท ปตท. จำกัด (มหาชน) (PTT)
938,2568,หนี้ต่างประเทศ,0,5,บริษัท การบินไทย จำกัด (มหาชน) (THAI)*
939,2568,หนี้ต่างประเทศ,0,5,บริษัท ทีโอที จำกัด (มหาชน) (TOT)
940,2568,หนี้ต่างประเทศ,0,5,บริษัท ไม้อัดไทย จำกัด (TTPC)**
941,2568,หนี้ต่างประเทศ,0,5,บริษัท อู่กรุงเทพ จำกัด (BDC)
942,2568,หนี้ต่างประเทศ,0,5,บริษัท โรงแรมท่าอากาศยานสุวรรณภูมิ จำกัด (SAH)
943,2568,หนี้ต่างประเทศ,0,5,บริษัท ผลิตไฟฟ้าและน้ำเย็น จำกัด (DCAP)
944,2568,หนี้ต่างประเทศ,0,5,บริษัท ธนารักษ์พัฒนาสินทรัพย์ จำกัด (ธพส.) (DAD)
945,2568,หนี้ต่างประเทศ,0,5,บริษัท พีอีเอ เอ็นคอม อินเตอร์เนชั่นแนล จำกัด (PEA ENCOM)
946,2568,หนี้ต่างประเทศ,24999.29,5,รวม
947,2568,หนี้ในประเทศ,483543.29,4,1. องค์กรของรัฐ
948,2568,หนี้ในประเทศ,145061.03,4,องค์การขนส่งมวลชนกรุงเทพ (BMTA)
949,2568,หนี้ในประเทศ,0,4,สถาบันการบินพลเรือน (CATC)
950,2568,หนี้ในประเทศ,240.5,4,องค์การส่งเสริมกิจการโคนมแห่งประเทศไทย (DPO)
951,2568,หนี้ในประเทศ,45000,4,การไฟฟ้าฝ่ายผลิตแห่งประเทศไทย (EGAT)
952,2568,หนี้ในประเทศ,0,4,การทางพิเศษแห่งประเทศไทย (EXAT)
953,2568,หนี้ในประเทศ,0,4,องค์การอุตสาหกรรมป่าไม้ (FIO)
954,2568,หนี้ในประเทศ,0,4,การนิคมอุตสาหกรรมแห่งประเทศไทย (IEAT)
955,2568,หนี้ในประเทศ,0,4,การไฟฟ้านครหลวง (MEA)
956,2568,หนี้ในประเทศ,0,4,องค์การตลาดเพื่อเกษตรกร (MOFF)
957,2568,หนี้ในประเทศ,0,4,การรถไฟฟ้าขนส่งมวลชนแห่งประเทศไทย (MRTA)
958,2568,หนี้ในประเทศ,0,4,การประปานครหลวง (MWA)
959,2568,หนี้ในประเทศ,27300,4,การเคหะแห่งชาติ (NHA)
960,2568,หนี้ในประเทศ,0,4,การท่าเรือแห่งประเทศไทย (PAT)
961,2568,หนี้ในประเทศ,0,4,การไฟฟ้าส่วนภูมิภาค (PEA)
962,2568,หนี้ในประเทศ,0,4,องค์การคลังสินค้า (PWO)
963,2568,หนี้ในประเทศ,5420,4,การประปาส่วนภูมิภาค (PWA)
964,2568,หนี้ในประเทศ,825.31,4,การยางแห่งประเทศไทย (RAOT)
965,2568,หนี้ในประเทศ,259696.45,4,การรถไฟแห่งประเทศไทย (SRT)
966,2568,หนี้ในประเทศ,0,4,องค์การแบตเตอรี่ (TBO)**
967,2568,หนี้ในประเทศ,0,4,องค์การรับส่งสินค้าและพัสดุภัณฑ์ (ETO) **
968,2568,หนี้ในประเทศ,0,4,องค์การฟอกหนัง (TTO)**
969,2568,หนี้ในประเทศ,0,4,สำนักงานธนานุเคราะห์ (PAWN)***
970,2568,หนี้ในประเทศ,0,4,องค์การเภสัชกรรม
971,2568,หนี้ในประเทศ,0,4,2. บริษัทจำกัด และบริษัทมหาชนจำกัด
972,2568,หนี้ในประเทศ,0,4,บริษัท วิทยุการบินแห่งประเทศไทย จำกัด (AERO)
973,2568,หนี้ในประเทศ,0,4,บริษัท บางจากปิโตรเลียม จำกัด (มหาชน) (BPC)*
974,2568,หนี้ในประเทศ,0,4,บริษัท กสท.โทรคมนาคม จำกัด (มหาชน) (CAT)
975,2568,หนี้ในประเทศ,0,4,บริษัท กรุงไทย คอมพิวเตอร์ เซอร์วิสเซส จำกัด (KTBCS)
976,2568,หนี้ในประเทศ,0,4,บริษัท กรุงไทยธุรกิจบริการ จำกัด (KTBGS)
977,2568,หนี้ในประเทศ,0,4,บริษัท ท่าอากาศยานไทย จำกัด (มหาชน) (AOT)
978,2568,หนี้ในประเทศ,0,4,บริษัท ปตท. สำรวจและผลิตปิโตรเลียม จำกัด (มหาชน) (PEPC) *
979,2568,หนี้ในประเทศ,0,4,บริษัท ปตท.สผ. อินเตอร์เนชั่นแนล จำกัด (PEPI)*
980,2568,หนี้ในประเทศ,0,4,บริษัท ปตท. จำกัด (มหาชน) (PTT)
981,2568,หนี้ในประเทศ,0,4,บริษัท การบินไทย จำกัด (มหาชน) (THAI)*
982,2568,หนี้ในประเทศ,0,4,บริษัท ทีโอที จำกัด (มหาชน) (TOT)
983,2568,หนี้ในประเทศ,0,4,บริษัท ไม้อัดไทย จำกัด (TTPC)**
984,2568,หนี้ในประเทศ,0,4,บริษัท อู่กรุงเทพ จำกัด (BDC)
985,2568,หนี้ในประเทศ,0,4,บริษัท โรงแรมท่าอากาศยานสุวรรณภูมิ จำกัด (SAH)
986,2568,หนี้ในประเทศ,0,4,บริษัท ผลิตไฟฟ้าและน้ำเย็น จำกัด (DCAP)
987,2568,หนี้ในประเทศ,0,4,บริษัท ธนารักษ์พัฒนาสินทรัพย์ จำกัด (ธพส.) (DAD)
988,2568,หนี้ในประเทศ,0,4,บริษัท พีอีเอ เอ็นคอม อินเตอร์เนชั่นแนล จำกัด (PEA ENCOM)
989,2568,หนี้ในประเทศ,483543.29,4,รวม
990,2568,หนี้ต่างประเทศ,23530.77,4,1. องค์กรของรัฐ
991,2568,หนี้ต่างประเทศ,0,4,องค์การขนส่งมวลชนกรุงเทพ (BMTA)
992,2568,หนี้ต่างประเทศ,0,4,สถาบันการบินพลเรือน (CATC)
993,2568,หนี้ต่างประเทศ,0,4,องค์การส่งเสริมกิจการโคนมแห่งประเทศไทย (DPO)
994,2568,หนี้ต่างประเทศ,0,4,การไฟฟ้าฝ่ายผลิตแห่งประเทศไทย (EGAT)
995,2568,หนี้ต่างประเทศ,0,4,การทางพิเศษแห่งประเทศไทย (EXAT)
996,2568,หนี้ต่างประเทศ,0,4,องค์การอุตสาหกรรมป่าไม้ (FIO)
997,2568,หนี้ต่างประเทศ,0,4,การนิคมอุตสาหกรรมแห่งประเทศไทย (IEAT)
998,2568,หนี้ต่างประเทศ,0,4,การไฟฟ้านครหลวง (MEA)
999,2568,หนี้ต่างประเทศ,0,4,องค์การตลาดเพื่อเกษตรกร (MOFF)
1000,2568,หนี้ต่างประเทศ,23475,4,การรถไฟฟ้าขนส่งมวลชนแห่งประเทศไทย (MRTA)
1001,2568,หนี้ต่างประเทศ,0,4,การประปานครหลวง (MWA)
1002,2568,หนี้ต่างประเทศ,0,4,การเคหะแห่งชาติ (NHA)
1003,2568,หนี้ต่างประเทศ,0,4,การท่าเรือแห่งประเทศไทย (PAT)
1004,2568,หนี้ต่างประเทศ,0,4,การไฟฟ้าส่วนภูมิภาค (PEA)
1005,2568,หนี้ต่างประเทศ,0,4,องค์การคลังสินค้า (PWO)
1006,2568,หนี้ต่างประเทศ,0,4,การประปาส่วนภูมิภาค (PWA)
1007,2568,หนี้ต่างประเทศ,0,4,การยางแห่งประเทศไทย (RAOT)
1008,2568,หนี้ต่างประเทศ,55.77,4,การรถไฟแห่งประเทศไทย (SRT)
1009,2568,หนี้ต่างประเทศ,0,4,องค์การแบตเตอรี่ (TBO)**
1010,2568,หนี้ต่างประเทศ,0,4,องค์การรับส่งสินค้าและพัสดุภัณฑ์ (ETO) **
1011,2568,หนี้ต่างประเทศ,0,4,องค์การฟอกหนัง (TTO)**
1012,2568,หนี้ต่างประเทศ,0,4,สำนักงานธนานุเคราะห์ (PAWN)***
1013,2568,หนี้ต่างประเทศ,0,4,องค์การเภสัชกรรม
1014,2568,หนี้ต่างประเทศ,1500.45,4,2. บริษัทจำกัด และบริษัทมหาชนจำกัด
1015,2568,หนี้ต่างประเทศ,0,4,บริษัท วิทยุการบินแห่งประเทศไทย จำกัด (AERO)
1016,2568,หนี้ต่างประเทศ,0,4,บริษัท บางจากปิโตรเลียม จำกัด (มหาชน) (BPC)*
1017,2568,หนี้ต่างประเทศ,0,4,บริษัท กสท.โทรคมนาคม จำกัด (มหาชน) (CAT)
1018,2568,หนี้ต่างประเทศ,0,4,บริษัท กรุงไทย คอมพิวเตอร์ เซอร์วิสเซส จำกัด (KTBCS)
1019,2568,หนี้ต่างประเทศ,0,4,บริษัท กรุงไทยธุรกิจบริการ จำกัด (KTBGS)
1020,2568,หนี้ต่างประเทศ,1500.45,4,บริษัท ท่าอากาศยานไทย จำกัด (มหาชน) (AOT)
1021,2568,หนี้ต่างประเทศ,0,4,บริษัท ปตท. สำรวจและผลิตปิโตรเลียม จำกัด (มหาชน) (PEPC) *
1022,2568,หนี้ต่างประเทศ,0,4,บริษัท ปตท.สผ. อินเตอร์เนชั่นแนล จำกัด (PEPI)*
1023,2568,หนี้ต่างประเทศ,0,4,บริษัท ปตท. จำกัด (มหาชน) (PTT)
1024,2568,หนี้ต่างประเทศ,0,4,บริษัท การบินไทย จำกัด (มหาชน) (THAI)*
1025,2568,หนี้ต่างประเทศ,0,4,บริษัท ทีโอที จำกัด (มหาชน) (TOT)
1026,2568,หนี้ต่างประเทศ,0,4,บริษัท ไม้อัดไทย จำกัด (TTPC)**
1027,2568,หนี้ต่างประเทศ,0,4,บริษัท อู่กรุงเทพ จำกัด (BDC)
1028,2568,หนี้ต่างประเทศ,0,4,บริษัท โรงแรมท่าอากาศยานสุวรรณภูมิ จำกัด (SAH)
1029,2568,หนี้ต่างประเทศ,0,4,บริษัท ผลิตไฟฟ้าและน้ำเย็น จำกัด (DCAP)
1030,2568,หนี้ต่างประเทศ,0,4,บริษัท ธนารักษ์พัฒนาสินทรัพย์ จำกัด (ธพส.) (DAD)
1031,2568,หนี้ต่างประเทศ,0,4,บริษัท พีอีเอ เอ็นคอม อินเตอร์เนชั่นแนล จำกัด (PEA ENCOM)
1032,2568,หนี้ต่างประเทศ,25031.22,4,รวม
1033,2568,หนี้ในประเทศ,481309.62,3,1. องค์กรของรัฐ
1034,2568,หนี้ในประเทศ,144332.35,3,องค์การขนส่งมวลชนกรุงเทพ (BMTA)
1035,2568,หนี้ในประเทศ,0,3,สถาบันการบินพลเรือน (CATC)
1036,2568,หนี้ในประเทศ,235.51,3,องค์การส่งเสริมกิจการโคนมแห่งประเทศไทย (DPO)
1037,2568,หนี้ในประเทศ,45000,3,การไฟฟ้าฝ่ายผลิตแห่งประเทศไทย (EGAT)
1038,2568,หนี้ในประเทศ,0,3,การทางพิเศษแห่งประเทศไทย (EXAT)
1039,2568,หนี้ในประเทศ,0,3,องค์การอุตสาหกรรมป่าไม้ (FIO)
1040,2568,หนี้ในประเทศ,0,3,การนิคมอุตสาหกรรมแห่งประเทศไทย (IEAT)
1041,2568,หนี้ในประเทศ,0,3,การไฟฟ้านครหลวง (MEA)
1042,2568,หนี้ในประเทศ,0,3,องค์การตลาดเพื่อเกษตรกร (MOFF)
1043,2568,หนี้ในประเทศ,0,3,การรถไฟฟ้าขนส่งมวลชนแห่งประเทศไทย (MRTA)
1044,2568,หนี้ในประเทศ,0,3,การประปานครหลวง (MWA)
1045,2568,หนี้ในประเทศ,27300,3,การเคหะแห่งชาติ (NHA)
1046,2568,หนี้ในประเทศ,0,3,การท่าเรือแห่งประเทศไทย (PAT)
1047,2568,หนี้ในประเทศ,0,3,การไฟฟ้าส่วนภูมิภาค (PEA)
1048,2568,หนี้ในประเทศ,0,3,องค์การคลังสินค้า (PWO)
1049,2568,หนี้ในประเทศ,5420,3,การประปาส่วนภูมิภาค (PWA)
1050,2568,หนี้ในประเทศ,825.31,3,การยางแห่งประเทศไทย (RAOT)
1051,2568,หนี้ในประเทศ,258196.45,3,การรถไฟแห่งประเทศไทย (SRT)
1052,2568,หนี้ในประเทศ,0,3,องค์การแบตเตอรี่ (TBO)**
1053,2568,หนี้ในประเทศ,0,3,องค์การรับส่งสินค้าและพัสดุภัณฑ์ (ETO) **
1054,2568,หนี้ในประเทศ,0,3,องค์การฟอกหนัง (TTO)**
1055,2568,หนี้ในประเทศ,0,3,สำนักงานธนานุเคราะห์ (PAWN)***
1056,2568,หนี้ในประเทศ,0,3,องค์การเภสัชกรรม
1057,2568,หนี้ในประเทศ,0,3,2. บริษัทจำกัด และบริษัทมหาชนจำกัด
1058,2568,หนี้ในประเทศ,0,3,บริษัท วิทยุการบินแห่งประเทศไทย จำกัด (AERO)
1059,2568,หนี้ในประเทศ,0,3,บริษัท บางจากปิโตรเลียม จำกัด (มหาชน) (BPC)*
1060,2568,หนี้ในประเทศ,0,3,บริษัท กสท.โทรคมนาคม จำกัด (มหาชน) (CAT)
1061,2568,หนี้ในประเทศ,0,3,บริษัท กรุงไทย คอมพิวเตอร์ เซอร์วิสเซส จำกัด (KTBCS)
1062,2568,หนี้ในประเทศ,0,3,บริษัท กรุงไทยธุรกิจบริการ จำกัด (KTBGS)
1063,2568,หนี้ในประเทศ,0,3,บริษัท ท่าอากาศยานไทย จำกัด (มหาชน) (AOT)
1064,2568,หนี้ในประเทศ,0,3,บริษัท ปตท. สำรวจและผลิตปิโตรเลียม จำกัด (มหาชน) (PEPC) *
1065,2568,หนี้ในประเทศ,0,3,บริษัท ปตท.สผ. อินเตอร์เนชั่นแนล จำกัด (PEPI)*
1066,2568,หนี้ในประเทศ,0,3,บริษัท ปตท. จำกัด (มหาชน) (PTT)
1067,2568,หนี้ในประเทศ,0,3,บริษัท การบินไทย จำกัด (มหาชน) (THAI)*
1068,2568,หนี้ในประเทศ,0,3,บริษัท ทีโอที จำกัด (มหาชน) (TOT)
1069,2568,หนี้ในประเทศ,0,3,บริษัท ไม้อัดไทย จำกัด (TTPC)**
1070,2568,หนี้ในประเทศ,0,3,บริษัท อู่กรุงเทพ จำกัด (BDC)
1071,2568,หนี้ในประเทศ,0,3,บริษัท โรงแรมท่าอากาศยานสุวรรณภูมิ จำกัด (SAH)
1072,2568,หนี้ในประเทศ,0,3,บริษัท ผลิตไฟฟ้าและน้ำเย็น จำกัด (DCAP)
1073,2568,หนี้ในประเทศ,0,3,บริษัท ธนารักษ์พัฒนาสินทรัพย์ จำกัด (ธพส.) (DAD)
1074,2568,หนี้ในประเทศ,0,3,บริษัท พีอีเอ เอ็นคอม อินเตอร์เนชั่นแนล จำกัด (PEA ENCOM)
1075,2568,หนี้ในประเทศ,481309.62,3,รวม
1076,2568,หนี้ต่างประเทศ,23739.95,3,1. องค์กรของรัฐ
1077,2568,หนี้ต่างประเทศ,0,3,องค์การขนส่งมวลชนกรุงเทพ (BMTA)
1078,2568,หนี้ต่างประเทศ,0,3,สถาบันการบินพลเรือน (CATC)
1079,2568,หนี้ต่างประเทศ,0,3,องค์การส่งเสริมกิจการโคนมแห่งประเทศไทย (DPO)
1080,2568,หนี้ต่างประเทศ,0,3,การไฟฟ้าฝ่ายผลิตแห่งประเทศไทย (EGAT)
1081,2568,หนี้ต่างประเทศ,0,3,การทางพิเศษแห่งประเทศไทย (EXAT)
1082,2568,หนี้ต่างประเทศ,0,3,องค์การอุตสาหกรรมป่าไม้ (FIO)
1083,2568,หนี้ต่างประเทศ,0,3,การนิคมอุตสาหกรรมแห่งประเทศไทย (IEAT)
1084,2568,หนี้ต่างประเทศ,0,3,การไฟฟ้านครหลวง (MEA)
1085,2568,หนี้ต่างประเทศ,0,3,องค์การตลาดเพื่อเกษตรกร (MOFF)
1086,2568,หนี้ต่างประเทศ,23686.06,3,การรถไฟฟ้าขนส่งมวลชนแห่งประเทศไทย (MRTA)
1087,2568,หนี้ต่างประเทศ,0,3,การประปานครหลวง (MWA)
1088,2568,หนี้ต่างประเทศ,0,3,การเคหะแห่งชาติ (NHA)
1089,2568,หนี้ต่างประเทศ,0,3,การท่าเรือแห่งประเทศไทย (PAT)
1090,2568,หนี้ต่างประเทศ,0,3,การไฟฟ้าส่วนภูมิภาค (PEA)
1091,2568,หนี้ต่างประเทศ,0,3,องค์การคลังสินค้า (PWO)
1092,2568,หนี้ต่างประเทศ,0,3,การประปาส่วนภูมิภาค (PWA)
1093,2568,หนี้ต่างประเทศ,0,3,การยางแห่งประเทศไทย (RAOT)
1094,2568,หนี้ต่างประเทศ,53.89,3,การรถไฟแห่งประเทศไทย (SRT)
1095,2568,หนี้ต่างประเทศ,0,3,องค์การแบตเตอรี่ (TBO)**
1096,2568,หนี้ต่างประเทศ,0,3,องค์การรับส่งสินค้าและพัสดุภัณฑ์ (ETO) **
1097,2568,หนี้ต่างประเทศ,0,3,องค์การฟอกหนัง (TTO)**
1098,2568,หนี้ต่างประเทศ,0,3,สำนักงานธนานุเคราะห์ (PAWN)***
1099,2568,หนี้ต่างประเทศ,0,3,องค์การเภสัชกรรม
1100,2568,หนี้ต่างประเทศ,1641.7,3,2. บริษัทจำกัด และบริษัทมหาชนจำกัด
1101,2568,หนี้ต่างประเทศ,0,3,บริษัท วิทยุการบินแห่งประเทศไทย จำกัด (AERO)
1102,2568,หนี้ต่างประเทศ,0,3,บริษัท บางจากปิโตรเลียม จำกัด (มหาชน) (BPC)*
1103,2568,หนี้ต่างประเทศ,0,3,บริษัท กสท.โทรคมนาคม จำกัด (มหาชน) (CAT)
1104,2568,หนี้ต่างประเทศ,0,3,บริษัท กรุงไทย คอมพิวเตอร์ เซอร์วิสเซส จำกัด (KTBCS)
1105,2568,หนี้ต่างประเทศ,0,3,บริษัท กรุงไทยธุรกิจบริการ จำกัด (KTBGS)
1106,2568,หนี้ต่างประเทศ,1641.7,3,บริษัท ท่าอากาศยานไทย จำกัด (มหาชน) (AOT)
1107,2568,หนี้ต่างประเทศ,0,3,บริษัท ปตท. สำรวจและผลิตปิโตรเลียม จำกัด (มหาชน) (PEPC) *
1108,2568,หนี้ต่างประเทศ,0,3,บริษัท ปตท.สผ. อินเตอร์เนชั่นแนล จำกัด (PEPI)*
1109,2568,หนี้ต่างประเทศ,0,3,บริษัท ปตท. จำกัด (มหาชน) (PTT)
1110,2568,หนี้ต่างประเทศ,0,3,บริษัท การบินไทย จำกัด (มหาชน) (THAI)*
1111,2568,หนี้ต่างประเทศ,0,3,บริษัท ทีโอที จำกัด (มหาชน) (TOT)
1112,2568,หนี้ต่างประเทศ,0,3,บริษัท ไม้อัดไทย จำกัด (TTPC)**
1113,2568,หนี้ต่างประเทศ,0,3,บริษัท อู่กรุงเทพ จำกัด (BDC)
1114,2568,หนี้ต่างประเทศ,0,3,บริษัท โรงแรมท่าอากาศยานสุวรรณภูมิ จำกัด (SAH)
1115,2568,หนี้ต่างประเทศ,0,3,บริษัท ผลิตไฟฟ้าและน้ำเย็น จำกัด (DCAP)
1116,2568,หนี้ต่างประเทศ,0,3,บริษัท ธนารักษ์พัฒนาสินทรัพย์ จำกัด (ธพส.) (DAD)
1117,2568,หนี้ต่างประเทศ,0,3,บริษัท พีอีเอ เอ็นคอม อินเตอร์เนชั่นแนล จำกัด (PEA ENCOM)
1118,2568,หนี้ต่างประเทศ,25381.65,3,รวม
1119,2568,หนี้ในประเทศ,478549.31,2,1. องค์กรของรัฐ
1120,2568,หนี้ในประเทศ,143580.69,2,องค์การขนส่งมวลชนกรุงเทพ (BMTA)
1121,2568,หนี้ในประเทศ,0,2,สถาบันการบินพลเรือน (CATC)
1122,2568,หนี้ในประเทศ,203.49,2,องค์การส่งเสริมกิจการโคนมแห่งประเทศไทย (DPO)
1123,2568,หนี้ในประเทศ,45000,2,การไฟฟ้าฝ่ายผลิตแห่งประเทศไทย (EGAT)
1124,2568,หนี้ในประเทศ,0,2,การทางพิเศษแห่งประเทศไทย (EXAT)
1125,2568,หนี้ในประเทศ,0,2,องค์การอุตสาหกรรมป่าไม้ (FIO)
1126,2568,หนี้ในประเทศ,0,2,การนิคมอุตสาหกรรมแห่งประเทศไทย (IEAT)
1127,2568,หนี้ในประเทศ,0,2,การไฟฟ้านครหลวง (MEA)
1128,2568,หนี้ในประเทศ,0,2,องค์การตลาดเพื่อเกษตรกร (MOFF)
1129,2568,หนี้ในประเทศ,0,2,การรถไฟฟ้าขนส่งมวลชนแห่งประเทศไทย (MRTA)
1130,2568,หนี้ในประเทศ,0,2,การประปานครหลวง (MWA)
1131,2568,หนี้ในประเทศ,27300,2,การเคหะแห่งชาติ (NHA)
1132,2568,หนี้ในประเทศ,0,2,การท่าเรือแห่งประเทศไทย (PAT)
1133,2568,หนี้ในประเทศ,0,2,การไฟฟ้าส่วนภูมิภาค (PEA)
1134,2568,หนี้ในประเทศ,0,2,องค์การคลังสินค้า (PWO)
1135,2568,หนี้ในประเทศ,5420,2,การประปาส่วนภูมิภาค (PWA)
1136,2568,หนี้ในประเทศ,825.31,2,การยางแห่งประเทศไทย (RAOT)
1137,2568,หนี้ในประเทศ,256219.82,2,การรถไฟแห่งประเทศไทย (SRT)
1138,2568,หนี้ในประเทศ,0,2,องค์การแบตเตอรี่ (TBO)**
1139,2568,หนี้ในประเทศ,0,2,องค์การรับส่งสินค้าและพัสดุภัณฑ์ (ETO) **
1140,2568,หนี้ในประเทศ,0,2,องค์การฟอกหนัง (TTO)**
1141,2568,หนี้ในประเทศ,0,2,สำนักงานธนานุเคราะห์ (PAWN)***
1142,2568,หนี้ในประเทศ,0,2,องค์การเภสัชกรรม
1143,2568,หนี้ในประเทศ,0,2,2. บริษัทจำกัด และบริษัทมหาชนจำกัด
1144,2568,หนี้ในประเทศ,0,2,บริษัท วิทยุการบินแห่งประเทศไทย จำกัด (AERO)
1145,2568,หนี้ในประเทศ,0,2,บริษัท บางจากปิโตรเลียม จำกัด (มหาชน) (BPC)*
1146,2568,หนี้ในประเทศ,0,2,บริษัท กสท.โทรคมนาคม จำกัด (มหาชน) (CAT)
1147,2568,หนี้ในประเทศ,0,2,บริษัท กรุงไทย คอมพิวเตอร์ เซอร์วิสเซส จำกัด (KTBCS)
1148,2568,หนี้ในประเทศ,0,2,บริษัท กรุงไทยธุรกิจบริการ จำกัด (KTBGS)
1149,2568,หนี้ในประเทศ,0,2,บริษัท ท่าอากาศยานไทย จำกัด (มหาชน) (AOT)
1150,2568,หนี้ในประเทศ,0,2,บริษัท ปตท. สำรวจและผลิตปิโตรเลียม จำกัด (มหาชน) (PEPC) *
1151,2568,หนี้ในประเทศ,0,2,บริษัท ปตท.สผ. อินเตอร์เนชั่นแนล จำกัด (PEPI)*
1152,2568,หนี้ในประเทศ,0,2,บริษัท ปตท. จำกัด (มหาชน) (PTT)
1153,2568,หนี้ในประเทศ,0,2,บริษัท การบินไทย จำกัด (มหาชน) (THAI)*
1154,2568,หนี้ในประเทศ,0,2,บริษัท ทีโอที จำกัด (มหาชน) (TOT)
1155,2568,หนี้ในประเทศ,0,2,บริษัท ไม้อัดไทย จำกัด (TTPC)**
1156,2568,หนี้ในประเทศ,0,2,บริษัท อู่กรุงเทพ จำกัด (BDC)
1157,2568,หนี้ในประเทศ,0,2,บริษัท โรงแรมท่าอากาศยานสุวรรณภูมิ จำกัด (SAH)
1158,2568,หนี้ในประเทศ,0,2,บริษัท ผลิตไฟฟ้าและน้ำเย็น จำกัด (DCAP)
1159,2568,หนี้ในประเทศ,0,2,บริษัท ธนารักษ์พัฒนาสินทรัพย์ จำกัด (ธพส.) (DAD)
1160,2568,หนี้ในประเทศ,0,2,บริษัท พีอีเอ เอ็นคอม อินเตอร์เนชั่นแนล จำกัด (PEA ENCOM)
1161,2568,หนี้ในประเทศ,478549.31,2,รวม
1162,2568,หนี้ต่างประเทศ,24179.28,2,1. องค์กรของรัฐ
1163,2568,หนี้ต่างประเทศ,0,2,องค์การขนส่งมวลชนกรุงเทพ (BMTA)
1164,2568,หนี้ต่างประเทศ,0,2,สถาบันการบินพลเรือน (CATC)
1165,2568,หนี้ต่างประเทศ,0,2,องค์การส่งเสริมกิจการโคนมแห่งประเทศไทย (DPO)
1166,2568,หนี้ต่างประเทศ,0,2,การไฟฟ้าฝ่ายผลิตแห่งประเทศไทย (EGAT)
1167,2568,หนี้ต่างประเทศ,0,2,การทางพิเศษแห่งประเทศไทย (EXAT)
1168,2568,หนี้ต่างประเทศ,0,2,องค์การอุตสาหกรรมป่าไม้ (FIO)
1169,2568,หนี้ต่างประเทศ,0,2,การนิคมอุตสาหกรรมแห่งประเทศไทย (IEAT)
1170,2568,หนี้ต่างประเทศ,0,2,การไฟฟ้านครหลวง (MEA)
1171,2568,หนี้ต่างประเทศ,0,2,องค์การตลาดเพื่อเกษตรกร (MOFF)
1172,2568,หนี้ต่างประเทศ,24127.22,2,การรถไฟฟ้าขนส่งมวลชนแห่งประเทศไทย (MRTA)
1173,2568,หนี้ต่างประเทศ,0,2,การประปานครหลวง (MWA)
1174,2568,หนี้ต่างประเทศ,0,2,การเคหะแห่งชาติ (NHA)
1175,2568,หนี้ต่างประเทศ,0,2,การท่าเรือแห่งประเทศไทย (PAT)
1176,2568,หนี้ต่างประเทศ,0,2,การไฟฟ้าส่วนภูมิภาค (PEA)
1177,2568,หนี้ต่างประเทศ,0,2,องค์การคลังสินค้า (PWO)
1178,2568,หนี้ต่างประเทศ,0,2,การประปาส่วนภูมิภาค (PWA)
1179,2568,หนี้ต่างประเทศ,0,2,การยางแห่งประเทศไทย (RAOT)
1180,2568,หนี้ต่างประเทศ,52.06,2,การรถไฟแห่งประเทศไทย (SRT)
1181,2568,หนี้ต่างประเทศ,0,2,องค์การแบตเตอรี่ (TBO)**
1182,2568,หนี้ต่างประเทศ,0,2,องค์การรับส่งสินค้าและพัสดุภัณฑ์ (ETO) **
1183,2568,หนี้ต่างประเทศ,0,2,องค์การฟอกหนัง (TTO)**
1184,2568,หนี้ต่างประเทศ,0,2,สำนักงานธนานุเคราะห์ (PAWN)***
1185,2568,หนี้ต่างประเทศ,0,2,องค์การเภสัชกรรม
1186,2568,หนี้ต่างประเทศ,1641.71,2,2. บริษัทจำกัด และบริษัทมหาชนจำกัด
1187,2568,หนี้ต่างประเทศ,0,2,บริษัท วิทยุการบินแห่งประเทศไทย จำกัด (AERO)
1188,2568,หนี้ต่างประเทศ,0,2,บริษัท บางจากปิโตรเลียม จำกัด (มหาชน) (BPC)*
1189,2568,หนี้ต่างประเทศ,0,2,บริษัท กสท.โทรคมนาคม จำกัด (มหาชน) (CAT)
1190,2568,หนี้ต่างประเทศ,0,2,บริษัท กรุงไทย คอมพิวเตอร์ เซอร์วิสเซส จำกัด (KTBCS)
1191,2568,หนี้ต่างประเทศ,0,2,บริษัท กรุงไทยธุรกิจบริการ จำกัด (KTBGS)
1192,2568,หนี้ต่างประเทศ,1641.71,2,บริษัท ท่าอากาศยานไทย จำกัด (มหาชน) (AOT)
1193,2568,หนี้ต่างประเทศ,0,2,บริษัท ปตท. สำรวจและผลิตปิโตรเลียม จำกัด (มหาชน) (PEPC) *
1194,2568,หนี้ต่างประเทศ,0,2,บริษัท ปตท.สผ. อินเตอร์เนชั่นแนล จำกัด (PEPI)*
1195,2568,หนี้ต่างประเทศ,0,2,บริษัท ปตท. จำกัด (มหาชน) (PTT)
1196,2568,หนี้ต่างประเทศ,0,2,บริษัท การบินไทย จำกัด (มหาชน) (THAI)*
1197,2568,หนี้ต่างประเทศ,0,2,บริษัท ทีโอที จำกัด (มหาชน) (TOT)
1198,2568,หนี้ต่างประเทศ,0,2,บริษัท ไม้อัดไทย จำกัด (TTPC)**
1199,2568,หนี้ต่างประเทศ,0,2,บริษัท อู่กรุงเทพ จำกัด (BDC)
1200,2568,หนี้ต่างประเทศ,0,2,บริษัท โรงแรมท่าอากาศยานสุวรรณภูมิ จำกัด (SAH)
1201,2568,หนี้ต่างประเทศ,0,2,บริษัท ผลิตไฟฟ้าและน้ำเย็น จำกัด (DCAP)
1202,2568,หนี้ต่างประเทศ,0,2,บริษัท ธนารักษ์พัฒนาสินทรัพย์ จำกัด (ธพส.) (DAD)
1203,2568,หนี้ต่างประเทศ,0,2,บริษัท พีอีเอ เอ็นคอม อินเตอร์เนชั่นแนล จำกัด (PEA ENCOM)
1204,2568,หนี้ต่างประเทศ,25820.99,2,รวม
1205,2568,หนี้ในประเทศ,475997.07,1,1. องค์กรของรัฐ
1206,2568,หนี้ในประเทศ,142819.09,1,องค์การขนส่งมวลชนกรุงเทพ (BMTA)
1207,2568,หนี้ในประเทศ,0,1,สถาบันการบินพลเรือน (CATC)
1208,2568,หนี้ในประเทศ,190.51,1,องค์การส่งเสริมกิจการโคนมแห่งประเทศไทย (DPO)
1209,2568,หนี้ในประเทศ,45000,1,การไฟฟ้าฝ่ายผลิตแห่งประเทศไทย (EGAT)
1210,2568,หนี้ในประเทศ,0,1,การทางพิเศษแห่งประเทศไทย (EXAT)
1211,2568,หนี้ในประเทศ,0,1,องค์การอุตสาหกรรมป่าไม้ (FIO)
1212,2568,หนี้ในประเทศ,0,1,การนิคมอุตสาหกรรมแห่งประเทศไทย (IEAT)
1213,2568,หนี้ในประเทศ,0,1,การไฟฟ้านครหลวง (MEA)
1214,2568,หนี้ในประเทศ,0,1,องค์การตลาดเพื่อเกษตรกร (MOFF)
1215,2568,หนี้ในประเทศ,0,1,การรถไฟฟ้าขนส่งมวลชนแห่งประเทศไทย (MRTA)
1216,2568,หนี้ในประเทศ,0,1,การประปานครหลวง (MWA)
1217,2568,หนี้ในประเทศ,27300,1,การเคหะแห่งชาติ (NHA)
1218,2568,หนี้ในประเทศ,0,1,การท่าเรือแห่งประเทศไทย (PAT)
1219,2568,หนี้ในประเทศ,0,1,การไฟฟ้าส่วนภูมิภาค (PEA)
1220,2568,หนี้ในประเทศ,0,1,องค์การคลังสินค้า (PWO)
1221,2568,หนี้ในประเทศ,5420,1,การประปาส่วนภูมิภาค (PWA)
1222,2568,หนี้ในประเทศ,825.31,1,การยางแห่งประเทศไทย (RAOT)
1223,2568,หนี้ในประเทศ,254442.16,1,การรถไฟแห่งประเทศไทย (SRT)
1224,2568,หนี้ในประเทศ,0,1,องค์การแบตเตอรี่ (TBO)**
1225,2568,หนี้ในประเทศ,0,1,องค์การรับส่งสินค้าและพัสดุภัณฑ์ (ETO) **
1226,2568,หนี้ในประเทศ,0,1,องค์การฟอกหนัง (TTO)**
1227,2568,หนี้ในประเทศ,0,1,สำนักงานธนานุเคราะห์ (PAWN)***
1228,2568,หนี้ในประเทศ,0,1,องค์การเภสัชกรรม
1229,2568,หนี้ในประเทศ,0,1,2. บริษัทจำกัด และบริษัทมหาชนจำกัด
1230,2568,หนี้ในประเทศ,0,1,บริษัท วิทยุการบินแห่งประเทศไทย จำกัด (AERO)
1231,2568,หนี้ในประเทศ,0,1,บริษัท บางจากปิโตรเลียม จำกัด (มหาชน) (BPC)*
1232,2568,หนี้ในประเทศ,0,1,บริษัท กสท.โทรคมนาคม จำกัด (มหาชน) (CAT)
1233,2568,หนี้ในประเทศ,0,1,บริษัท กรุงไทย คอมพิวเตอร์ เซอร์วิสเซส จำกัด (KTBCS)
1234,2568,หนี้ในประเทศ,0,1,บริษัท กรุงไทยธุรกิจบริการ จำกัด (KTBGS)
1235,2568,หนี้ในประเทศ,0,1,บริษัท ท่าอากาศยานไทย จำกัด (มหาชน) (AOT)
1236,2568,หนี้ในประเทศ,0,1,บริษัท ปตท. สำรวจและผลิตปิโตรเลียม จำกัด (มหาชน) (PEPC) *
1237,2568,หนี้ในประเทศ,0,1,บริษัท ปตท.สผ. อินเตอร์เนชั่นแนล จำกัด (PEPI)*
1238,2568,หนี้ในประเทศ,0,1,บริษัท ปตท. จำกัด (มหาชน) (PTT)
1239,2568,หนี้ในประเทศ,0,1,บริษัท การบินไทย จำกัด (มหาชน) (THAI)*
1240,2568,หนี้ในประเทศ,0,1,บริษัท ทีโอที จำกัด (มหาชน) (TOT)
1241,2568,หนี้ในประเทศ,0,1,บริษัท ไม้อัดไทย จำกัด (TTPC)**
1242,2568,หนี้ในประเทศ,0,1,บริษัท อู่กรุงเทพ จำกัด (BDC)
1243,2568,หนี้ในประเทศ,0,1,บริษัท โรงแรมท่าอากาศยานสุวรรณภูมิ จำกัด (SAH)
1244,2568,หนี้ในประเทศ,0,1,บริษัท ผลิตไฟฟ้าและน้ำเย็น จำกัด (DCAP)
1245,2568,หนี้ในประเทศ,0,1,บริษัท ธนารักษ์พัฒนาสินทรัพย์ จำกัด (ธพส.) (DAD)
1246,2568,หนี้ในประเทศ,0,1,บริษัท พีอีเอ เอ็นคอม อินเตอร์เนชั่นแนล จำกัด (PEA ENCOM)
1247,2568,หนี้ในประเทศ,475997.07,1,รวม
1248,2568,หนี้ต่างประเทศ,24178.54,1,1. องค์กรของรัฐ
1249,2568,หนี้ต่างประเทศ,0,1,องค์การขนส่งมวลชนกรุงเทพ (BMTA)
1250,2568,หนี้ต่างประเทศ,0,1,สถาบันการบินพลเรือน (CATC)
1251,2568,หนี้ต่างประเทศ,0,1,องค์การส่งเสริมกิจการโคนมแห่งประเทศไทย (DPO)
1252,2568,หนี้ต่างประเทศ,0,1,การไฟฟ้าฝ่ายผลิตแห่งประเทศไทย (EGAT)
1253,2568,หนี้ต่างประเทศ,0,1,การทางพิเศษแห่งประเทศไทย (EXAT)
1254,2568,หนี้ต่างประเทศ,0,1,องค์การอุตสาหกรรมป่าไม้ (FIO)
1255,2568,หนี้ต่างประเทศ,0,1,การนิคมอุตสาหกรรมแห่งประเทศไทย (IEAT)
1256,2568,หนี้ต่างประเทศ,0,1,การไฟฟ้านครหลวง (MEA)
1257,2568,หนี้ต่างประเทศ,0,1,องค์การตลาดเพื่อเกษตรกร (MOFF)
1258,2568,หนี้ต่างประเทศ,24127.22,1,การรถไฟฟ้าขนส่งมวลชนแห่งประเทศไทย (MRTA)
1259,2568,หนี้ต่างประเทศ,0,1,การประปานครหลวง (MWA)
1260,2568,หนี้ต่างประเทศ,0,1,การเคหะแห่งชาติ (NHA)
1261,2568,หนี้ต่างประเทศ,0,1,การท่าเรือแห่งประเทศไทย (PAT)
1262,2568,หนี้ต่างประเทศ,0,1,การไฟฟ้าส่วนภูมิภาค (PEA)
1263,2568,หนี้ต่างประเทศ,0,1,องค์การคลังสินค้า (PWO)
1264,2568,หนี้ต่างประเทศ,0,1,การประปาส่วนภูมิภาค (PWA)
1265,2568,หนี้ต่างประเทศ,0,1,การยางแห่งประเทศไทย (RAOT)
1266,2568,หนี้ต่างประเทศ,51.32,1,การรถไฟแห่งประเทศไทย (SRT)
1267,2568,หนี้ต่างประเทศ,0,1,องค์การแบตเตอรี่ (TBO)**
1268,2568,หนี้ต่างประเทศ,0,1,องค์การรับส่งสินค้าและพัสดุภัณฑ์ (ETO) **
1269,2568,หนี้ต่างประเทศ,0,1,องค์การฟอกหนัง (TTO)**
1270,2568,หนี้ต่างประเทศ,0,1,สำนักงานธนานุเคราะห์ (PAWN)***
1271,2568,หนี้ต่างประเทศ,0,1,องค์การเภสัชกรรม
1272,2568,หนี้ต่างประเทศ,1641.71,1,2. บริษัทจำกัด และบริษัทมหาชนจำกัด
1273,2568,หนี้ต่างประเทศ,0,1,บริษัท วิทยุการบินแห่งประเทศไทย จำกัด (AERO)
1274,2568,หนี้ต่างประเทศ,0,1,บริษัท บางจากปิโตรเลียม จำกัด (มหาชน) (BPC)*
1275,2568,หนี้ต่างประเทศ,0,1,บริษัท กสท.โทรคมนาคม จำกัด (มหาชน) (CAT)
1276,2568,หนี้ต่างประเทศ,0,1,บริษัท กรุงไทย คอมพิวเตอร์ เซอร์วิสเซส จำกัด (KTBCS)
1277,2568,หนี้ต่างประเทศ,0,1,บริษัท กรุงไทยธุรกิจบริการ จำกัด (KTBGS)
1278,2568,หนี้ต่างประเทศ,1641.71,1,บริษัท ท่าอากาศยานไทย จำกัด (มหาชน) (AOT)
1279,2568,หนี้ต่างประเทศ,0,1,บริษัท ปตท. สำรวจและผลิตปิโตรเลียม จำกัด (มหาชน) (PEPC) *
1280,2568,หนี้ต่างประเทศ,0,1,บริษัท ปตท.สผ. อินเตอร์เนชั่นแนล จำกัด (PEPI)*
1281,2568,หนี้ต่างประเทศ,0,1,บริษัท ปตท. จำกัด (มหาชน) (PTT)
1282,2568,หนี้ต่างประเทศ,0,1,บริษัท การบินไทย จำกัด (มหาชน) (THAI)*
1283,2568,หนี้ต่างประเทศ,0,1,บริษัท ทีโอที จำกัด (มหาชน) (TOT)
1284,2568,หนี้ต่างประเทศ,0,1,บริษัท ไม้อัดไทย จำกัด (TTPC)**
1285,2568,หนี้ต่างประเทศ,0,1,บริษัท อู่กรุงเทพ จำกัด (BDC)
1286,2568,หนี้ต่างประเทศ,0,1,บริษัท โรงแรมท่าอากาศยานสุวรรณภูมิ จำกัด (SAH)
1287,2568,หนี้ต่างประเทศ,0,1,บริษัท ผลิตไฟฟ้าและน้ำเย็น จำกัด (DCAP)
1288,2568,หนี้ต่างประเทศ,0,1,บริษัท ธนารักษ์พัฒนาสินทรัพย์ จำกัด (ธพส.) (DAD)
1289,2568,หนี้ต่างประเทศ,0,1,บริษัท พีอีเอ เอ็นคอม อินเตอร์เนชั่นแนล จำกัด (PEA ENCOM)
1290,2568,หนี้ต่างประเทศ,25820.25,1,รวม
1291,2567,หนี้ในประเทศ,474086.06,12,1. องค์กรของรัฐ
1292,2567,หนี้ในประเทศ,142124.75,12,องค์การขนส่งมวลชนกรุงเทพ (BMTA)
1293,2567,หนี้ในประเทศ,0,12,สถาบันการบินพลเรือน (CATC)
1294,2567,หนี้ในประเทศ,219.43,12,องค์การส่งเสริมกิจการโคนมแห่งประเทศไทย (DPO)
1295,2567,หนี้ในประเทศ,45000,12,การไฟฟ้าฝ่ายผลิตแห่งประเทศไทย (EGAT)
1296,2567,หนี้ในประเทศ,0,12,การทางพิเศษแห่งประเทศไทย (EXAT)
1297,2567,หนี้ในประเทศ,0,12,องค์การอุตสาหกรรมป่าไม้ (FIO)
1298,2567,หนี้ในประเทศ,0,12,การนิคมอุตสาหกรรมแห่งประเทศไทย (IEAT)
1299,2567,หนี้ในประเทศ,0,12,การไฟฟ้านครหลวง (MEA)
1300,2567,หนี้ในประเทศ,0,12,องค์การตลาดเพื่อเกษตรกร (MOFF)
1301,2567,หนี้ในประเทศ,0,12,การรถไฟฟ้าขนส่งมวลชนแห่งประเทศไทย (MRTA)
1302,2567,หนี้ในประเทศ,0,12,การประปานครหลวง (MWA)
1303,2567,หนี้ในประเทศ,27300,12,การเคหะแห่งชาติ (NHA)
1304,2567,หนี้ในประเทศ,0,12,การท่าเรือแห่งประเทศไทย (PAT)
1305,2567,หนี้ในประเทศ,0,12,การไฟฟ้าส่วนภูมิภาค (PEA)
1306,2567,หนี้ในประเทศ,0,12,องค์การคลังสินค้า (PWO)
1307,2567,หนี้ในประเทศ,5420,12,การประปาส่วนภูมิภาค (PWA)
1308,2567,หนี้ในประเทศ,825.31,12,การยางแห่งประเทศไทย (RAOT)
1309,2567,หนี้ในประเทศ,253196.57,12,การรถไฟแห่งประเทศไทย (SRT)
1310,2567,หนี้ในประเทศ,0,12,องค์การแบตเตอรี่ (TBO)**
1311,2567,หนี้ในประเทศ,0,12,องค์การรับส่งสินค้าและพัสดุภัณฑ์ (ETO) **
1312,2567,หนี้ในประเทศ,0,12,องค์การฟอกหนัง (TTO)**
1313,2567,หนี้ในประเทศ,0,12,สำนักงานธนานุเคราะห์ (PAWN)***
1314,2567,หนี้ในประเทศ,0,12,องค์การเภสัชกรรม
1315,2567,หนี้ในประเทศ,0,12,2. บริษัทจำกัด และบริษัทมหาชนจำกัด
1316,2567,หนี้ในประเทศ,0,12,บริษัท วิทยุการบินแห่งประเทศไทย จำกัด (AERO)
1317,2567,หนี้ในประเทศ,0,12,บริษัท บางจากปิโตรเลียม จำกัด (มหาชน) (BPC)*
1318,2567,หนี้ในประเทศ,0,12,บริษัท กสท.โทรคมนาคม จำกัด (มหาชน) (CAT)
1319,2567,หนี้ในประเทศ,0,12,บริษัท กรุงไทย คอมพิวเตอร์ เซอร์วิสเซส จำกัด (KTBCS)
1320,2567,หนี้ในประเทศ,0,12,บริษัท กรุงไทยธุรกิจบริการ จำกัด (KTBGS)
1321,2567,หนี้ในประเทศ,0,12,บริษัท ท่าอากาศยานไทย จำกัด (มหาชน) (AOT)
1322,2567,หนี้ในประเทศ,0,12,บริษัท ปตท. สำรวจและผลิตปิโตรเลียม จำกัด (มหาชน) (PEPC) *
1323,2567,หนี้ในประเทศ,0,12,บริษัท ปตท.สผ. อินเตอร์เนชั่นแนล จำกัด (PEPI)*
1324,2567,หนี้ในประเทศ,0,12,บริษัท ปตท. จำกัด (มหาชน) (PTT)
1325,2567,หนี้ในประเทศ,0,12,บริษัท การบินไทย จำกัด (มหาชน) (THAI)*
1326,2567,หนี้ในประเทศ,0,12,บริษัท ทีโอที จำกัด (มหาชน) (TOT)
1327,2567,หนี้ในประเทศ,0,12,บริษัท ไม้อัดไทย จำกัด (TTPC)**
1328,2567,หนี้ในประเทศ,0,12,บริษัท อู่กรุงเทพ จำกัด (BDC)
1329,2567,หนี้ในประเทศ,0,12,บริษัท โรงแรมท่าอากาศยานสุวรรณภูมิ จำกัด (SAH)
1330,2567,หนี้ในประเทศ,0,12,บริษัท ผลิตไฟฟ้าและน้ำเย็น จำกัด (DCAP)
1331,2567,หนี้ในประเทศ,0,12,บริษัท ธนารักษ์พัฒนาสินทรัพย์ จำกัด (ธพส.) (DAD)
1332,2567,หนี้ในประเทศ,0,12,บริษัท พีอีเอ เอ็นคอม อินเตอร์เนชั่นแนล จำกัด (PEA ENCOM)
1333,2567,หนี้ในประเทศ,474086.06,12,รวม
1334,2567,หนี้ต่างประเทศ,24330.53,12,1. องค์กรของรัฐ
1335,2567,หนี้ต่างประเทศ,0,12,องค์การขนส่งมวลชนกรุงเทพ (BMTA)
1336,2567,หนี้ต่างประเทศ,0,12,สถาบันการบินพลเรือน (CATC)
1337,2567,หนี้ต่างประเทศ,0,12,องค์การส่งเสริมกิจการโคนมแห่งประเทศไทย (DPO)
1338,2567,หนี้ต่างประเทศ,0,12,การไฟฟ้าฝ่ายผลิตแห่งประเทศไทย (EGAT)
1339,2567,หนี้ต่างประเทศ,0,12,การทางพิเศษแห่งประเทศไทย (EXAT)
1340,2567,หนี้ต่างประเทศ,0,12,องค์การอุตสาหกรรมป่าไม้ (FIO)
1341,2567,หนี้ต่างประเทศ,0,12,การนิคมอุตสาหกรรมแห่งประเทศไทย (IEAT)
1342,2567,หนี้ต่างประเทศ,0,12,การไฟฟ้านครหลวง (MEA)
1343,2567,หนี้ต่างประเทศ,0,12,องค์การตลาดเพื่อเกษตรกร (MOFF)
1344,2567,หนี้ต่างประเทศ,24278.52,12,การรถไฟฟ้าขนส่งมวลชนแห่งประเทศไทย (MRTA)
1345,2567,หนี้ต่างประเทศ,0,12,การประปานครหลวง (MWA)
1346,2567,หนี้ต่างประเทศ,0,12,การเคหะแห่งชาติ (NHA)
1347,2567,หนี้ต่างประเทศ,0,12,การท่าเรือแห่งประเทศไทย (PAT)
1348,2567,หนี้ต่างประเทศ,0,12,การไฟฟ้าส่วนภูมิภาค (PEA)
1349,2567,หนี้ต่างประเทศ,0,12,องค์การคลังสินค้า (PWO)
1350,2567,หนี้ต่างประเทศ,0,12,การประปาส่วนภูมิภาค (PWA)
1351,2567,หนี้ต่างประเทศ,0,12,การยางแห่งประเทศไทย (RAOT)
1352,2567,หนี้ต่างประเทศ,52.01,12,การรถไฟแห่งประเทศไทย (SRT)
1353,2567,หนี้ต่างประเทศ,0,12,องค์การแบตเตอรี่ (TBO)**
1354,2567,หนี้ต่างประเทศ,0,12,องค์การรับส่งสินค้าและพัสดุภัณฑ์ (ETO) **
1355,2567,หนี้ต่างประเทศ,0,12,องค์การฟอกหนัง (TTO)**
1356,2567,หนี้ต่างประเทศ,0,12,สำนักงานธนานุเคราะห์ (PAWN)***
1357,2567,หนี้ต่างประเทศ,0,12,องค์การเภสัชกรรม
1358,2567,หนี้ต่างประเทศ,1941.8,12,2. บริษัทจำกัด และบริษัทมหาชนจำกัด
1359,2567,หนี้ต่างประเทศ,0,12,บริษัท วิทยุการบินแห่งประเทศไทย จำกัด (AERO)
1360,2567,หนี้ต่างประเทศ,0,12,บริษัท บางจากปิโตรเลียม จำกัด (มหาชน) (BPC)*
1361,2567,หนี้ต่างประเทศ,0,12,บริษัท กสท.โทรคมนาคม จำกัด (มหาชน) (CAT)
1362,2567,หนี้ต่างประเทศ,0,12,บริษัท กรุงไทย คอมพิวเตอร์ เซอร์วิสเซส จำกัด (KTBCS)
1363,2567,หนี้ต่างประเทศ,0,12,บริษัท กรุงไทยธุรกิจบริการ จำกัด (KTBGS)
1364,2567,หนี้ต่างประเทศ,1941.8,12,บริษัท ท่าอากาศยานไทย จำกัด (มหาชน) (AOT)
1365,2567,หนี้ต่างประเทศ,0,12,บริษัท ปตท. สำรวจและผลิตปิโตรเลียม จำกัด (มหาชน) (PEPC) *
1366,2567,หนี้ต่างประเทศ,0,12,บริษัท ปตท.สผ. อินเตอร์เนชั่นแนล จำกัด (PEPI)*
1367,2567,หนี้ต่างประเทศ,0,12,บริษัท ปตท. จำกัด (มหาชน) (PTT)
1368,2567,หนี้ต่างประเทศ,0,12,บริษัท การบินไทย จำกัด (มหาชน) (THAI)*
1369,2567,หนี้ต่างประเทศ,0,12,บริษัท ทีโอที จำกัด (มหาชน) (TOT)
1370,2567,หนี้ต่างประเทศ,0,12,บริษัท ไม้อัดไทย จำกัด (TTPC)**
1371,2567,หนี้ต่างประเทศ,0,12,บริษัท อู่กรุงเทพ จำกัด (BDC)
1372,2567,หนี้ต่างประเทศ,0,12,บริษัท โรงแรมท่าอากาศยานสุวรรณภูมิ จำกัด (SAH)
1373,2567,หนี้ต่างประเทศ,0,12,บริษัท ผลิตไฟฟ้าและน้ำเย็น จำกัด (DCAP)
1374,2567,หนี้ต่างประเทศ,0,12,บริษัท ธนารักษ์พัฒนาสินทรัพย์ จำกัด (ธพส.) (DAD)
1375,2567,หนี้ต่างประเทศ,0,12,บริษัท พีอีเอ เอ็นคอม อินเตอร์เนชั่นแนล จำกัด (PEA ENCOM)
1376,2567,หนี้ต่างประเทศ,26272.33,12,รวม
1377,2567,หนี้ในประเทศ,483330.01,11,1. องค์กรของรัฐ
1378,2567,หนี้ในประเทศ,141427.82,11,องค์การขนส่งมวลชนกรุงเทพ (BMTA)
1379,2567,หนี้ในประเทศ,0,11,สถาบันการบินพลเรือน (CATC)
1380,2567,หนี้ในประเทศ,160.42,11,องค์การส่งเสริมกิจการโคนมแห่งประเทศไทย (DPO)
1381,2567,หนี้ในประเทศ,55000,11,การไฟฟ้าฝ่ายผลิตแห่งประเทศไทย (EGAT)
1382,2567,หนี้ในประเทศ,0,11,การทางพิเศษแห่งประเทศไทย (EXAT)
1383,2567,หนี้ในประเทศ,0,11,องค์การอุตสาหกรรมป่าไม้ (FIO)
1384,2567,หนี้ในประเทศ,0,11,การนิคมอุตสาหกรรมแห่งประเทศไทย (IEAT)
1385,2567,หนี้ในประเทศ,0,11,การไฟฟ้านครหลวง (MEA)
1386,2567,หนี้ในประเทศ,0,11,องค์การตลาดเพื่อเกษตรกร (MOFF)
1387,2567,หนี้ในประเทศ,0,11,การรถไฟฟ้าขนส่งมวลชนแห่งประเทศไทย (MRTA)
1388,2567,หนี้ในประเทศ,0,11,การประปานครหลวง (MWA)
1389,2567,หนี้ในประเทศ,27300,11,การเคหะแห่งชาติ (NHA)
1390,2567,หนี้ในประเทศ,0,11,การท่าเรือแห่งประเทศไทย (PAT)
1391,2567,หนี้ในประเทศ,0,11,การไฟฟ้าส่วนภูมิภาค (PEA)
1392,2567,หนี้ในประเทศ,0,11,องค์การคลังสินค้า (PWO)
1393,2567,หนี้ในประเทศ,5420,11,การประปาส่วนภูมิภาค (PWA)
1394,2567,หนี้ในประเทศ,825.31,11,การยางแห่งประเทศไทย (RAOT)
1395,2567,หนี้ในประเทศ,253196.46,11,การรถไฟแห่งประเทศไทย (SRT)
1396,2567,หนี้ในประเทศ,0,11,องค์การแบตเตอรี่ (TBO)**
1397,2567,หนี้ในประเทศ,0,11,องค์การรับส่งสินค้าและพัสดุภัณฑ์ (ETO) **
1398,2567,หนี้ในประเทศ,0,11,องค์การฟอกหนัง (TTO)**
1399,2567,หนี้ในประเทศ,0,11,สำนักงานธนานุเคราะห์ (PAWN)***
1400,2567,หนี้ในประเทศ,0,11,องค์การเภสัชกรรม
1401,2567,หนี้ในประเทศ,0,11,2. บริษัทจำกัด และบริษัทมหาชนจำกัด
1402,2567,หนี้ในประเทศ,0,11,บริษัท วิทยุการบินแห่งประเทศไทย จำกัด (AERO)
1403,2567,หนี้ในประเทศ,0,11,บริษัท บางจากปิโตรเลียม จำกัด (มหาชน) (BPC)*
1404,2567,หนี้ในประเทศ,0,11,บริษัท กสท.โทรคมนาคม จำกัด (มหาชน) (CAT)
1405,2567,หนี้ในประเทศ,0,11,บริษัท กรุงไทย คอมพิวเตอร์ เซอร์วิสเซส จำกัด (KTBCS)
1406,2567,หนี้ในประเทศ,0,11,บริษัท กรุงไทยธุรกิจบริการ จำกัด (KTBGS)
1407,2567,หนี้ในประเทศ,0,11,บริษัท ท่าอากาศยานไทย จำกัด (มหาชน) (AOT)
1408,2567,หนี้ในประเทศ,0,11,บริษัท ปตท. สำรวจและผลิตปิโตรเลียม จำกัด (มหาชน) (PEPC) *
1409,2567,หนี้ในประเทศ,0,11,บริษัท ปตท.สผ. อินเตอร์เนชั่นแนล จำกัด (PEPI)*
1410,2567,หนี้ในประเทศ,0,11,บริษัท ปตท. จำกัด (มหาชน) (PTT)
1411,2567,หนี้ในประเทศ,0,11,บริษัท การบินไทย จำกัด (มหาชน) (THAI)*
1412,2567,หนี้ในประเทศ,0,11,บริษัท ทีโอที จำกัด (มหาชน) (TOT)
1413,2567,หนี้ในประเทศ,0,11,บริษัท ไม้อัดไทย จำกัด (TTPC)**
1414,2567,หนี้ในประเทศ,0,11,บริษัท อู่กรุงเทพ จำกัด (BDC)
1415,2567,หนี้ในประเทศ,0,11,บริษัท โรงแรมท่าอากาศยานสุวรรณภูมิ จำกัด (SAH)
1416,2567,หนี้ในประเทศ,0,11,บริษัท ผลิตไฟฟ้าและน้ำเย็น จำกัด (DCAP)
1417,2567,หนี้ในประเทศ,0,11,บริษัท ธนารักษ์พัฒนาสินทรัพย์ จำกัด (ธพส.) (DAD)
1418,2567,หนี้ในประเทศ,0,11,บริษัท พีอีเอ เอ็นคอม อินเตอร์เนชั่นแนล จำกัด (PEA ENCOM)
1419,2567,หนี้ในประเทศ,483330.01,11,รวม
1420,2567,หนี้ต่างประเทศ,24336.86,11,1. องค์กรของรัฐ
1421,2567,หนี้ต่างประเทศ,0,11,องค์การขนส่งมวลชนกรุงเทพ (BMTA)
1422,2567,หนี้ต่างประเทศ,0,11,สถาบันการบินพลเรือน (CATC)
1423,2567,หนี้ต่างประเทศ,0,11,องค์การส่งเสริมกิจการโคนมแห่งประเทศไทย (DPO)
1424,2567,หนี้ต่างประเทศ,0,11,การไฟฟ้าฝ่ายผลิตแห่งประเทศไทย (EGAT)
1425,2567,หนี้ต่างประเทศ,0,11,การทางพิเศษแห่งประเทศไทย (EXAT)
1426,2567,หนี้ต่างประเทศ,0,11,องค์การอุตสาหกรรมป่าไม้ (FIO)
1427,2567,หนี้ต่างประเทศ,0,11,การนิคมอุตสาหกรรมแห่งประเทศไทย (IEAT)
1428,2567,หนี้ต่างประเทศ,0,11,การไฟฟ้านครหลวง (MEA)
1429,2567,หนี้ต่างประเทศ,0,11,องค์การตลาดเพื่อเกษตรกร (MOFF)
1430,2567,หนี้ต่างประเทศ,24278.52,11,การรถไฟฟ้าขนส่งมวลชนแห่งประเทศไทย (MRTA)
1431,2567,หนี้ต่างประเทศ,0,11,การประปานครหลวง (MWA)
1432,2567,หนี้ต่างประเทศ,0,11,การเคหะแห่งชาติ (NHA)
1433,2567,หนี้ต่างประเทศ,0,11,การท่าเรือแห่งประเทศไทย (PAT)
1434,2567,หนี้ต่างประเทศ,0,11,การไฟฟ้าส่วนภูมิภาค (PEA)
1435,2567,หนี้ต่างประเทศ,0,11,องค์การคลังสินค้า (PWO)
1436,2567,หนี้ต่างประเทศ,0,11,การประปาส่วนภูมิภาค (PWA)
1437,2567,หนี้ต่างประเทศ,0,11,การยางแห่งประเทศไทย (RAOT)
1438,2567,หนี้ต่างประเทศ,58.34,11,การรถไฟแห่งประเทศไทย (SRT)
1439,2567,หนี้ต่างประเทศ,0,11,องค์การแบตเตอรี่ (TBO)**
1440,2567,หนี้ต่างประเทศ,0,11,องค์การรับส่งสินค้าและพัสดุภัณฑ์ (ETO) **
1441,2567,หนี้ต่างประเทศ,0,11,องค์การฟอกหนัง (TTO)**
1442,2567,หนี้ต่างประเทศ,0,11,สำนักงานธนานุเคราะห์ (PAWN)***
1443,2567,หนี้ต่างประเทศ,0,11,องค์การเภสัชกรรม
1444,2567,หนี้ต่างประเทศ,1941.8,11,2. บริษัทจำกัด และบริษัทมหาชนจำกัด
1445,2567,หนี้ต่างประเทศ,0,11,บริษัท วิทยุการบินแห่งประเทศไทย จำกัด (AERO)
1446,2567,หนี้ต่างประเทศ,0,11,บริษัท บางจากปิโตรเลียม จำกัด (มหาชน) (BPC)*
1447,2567,หนี้ต่างประเทศ,0,11,บริษัท กสท.โทรคมนาคม จำกัด (มหาชน) (CAT)
1448,2567,หนี้ต่างประเทศ,0,11,บริษัท กรุงไทย คอมพิวเตอร์ เซอร์วิสเซส จำกัด (KTBCS)
1449,2567,หนี้ต่างประเทศ,0,11,บริษัท กรุงไทยธุรกิจบริการ จำกัด (KTBGS)
1450,2567,หนี้ต่างประเทศ,1941.8,11,บริษัท ท่าอากาศยานไทย จำกัด (มหาชน) (AOT)
1451,2567,หนี้ต่างประเทศ,0,11,บริษัท ปตท. สำรวจและผลิตปิโตรเลียม จำกัด (มหาชน) (PEPC) *
1452,2567,หนี้ต่างประเทศ,0,11,บริษัท ปตท.สผ. อินเตอร์เนชั่นแนล จำกัด (PEPI)*
1453,2567,หนี้ต่างประเทศ,0,11,บริษัท ปตท. จำกัด (มหาชน) (PTT)
1454,2567,หนี้ต่างประเทศ,0,11,บริษัท การบินไทย จำกัด (มหาชน) (THAI)*
1455,2567,หนี้ต่างประเทศ,0,11,บริษัท ทีโอที จำกัด (มหาชน) (TOT)
1456,2567,หนี้ต่างประเทศ,0,11,บริษัท ไม้อัดไทย จำกัด (TTPC)**
1457,2567,หนี้ต่างประเทศ,0,11,บริษัท อู่กรุงเทพ จำกัด (BDC)
1458,2567,หนี้ต่างประเทศ,0,11,บริษัท โรงแรมท่าอากาศยานสุวรรณภูมิ จำกัด (SAH)
1459,2567,หนี้ต่างประเทศ,0,11,บริษัท ผลิตไฟฟ้าและน้ำเย็น จำกัด (DCAP)
1460,2567,หนี้ต่างประเทศ,0,11,บริษัท ธนารักษ์พัฒนาสินทรัพย์ จำกัด (ธพส.) (DAD)
1461,2567,หนี้ต่างประเทศ,0,11,บริษัท พีอีเอ เอ็นคอม อินเตอร์เนชั่นแนล จำกัด (PEA ENCOM)
1462,2567,หนี้ต่างประเทศ,26278.66,11,รวม
1463,2567,หนี้ในประเทศ,479610.53,10,1. องค์กรของรัฐ
1464,2567,หนี้ในประเทศ,139951.55,10,องค์การขนส่งมวลชนกรุงเทพ (BMTA)
1465,2567,หนี้ในประเทศ,0,10,สถาบันการบินพลเรือน (CATC)
1466,2567,หนี้ในประเทศ,175.51,10,องค์การส่งเสริมกิจการโคนมแห่งประเทศไทย (DPO)
1467,2567,หนี้ในประเทศ,55000,10,การไฟฟ้าฝ่ายผลิตแห่งประเทศไทย (EGAT)
1468,2567,หนี้ในประเทศ,0,10,การทางพิเศษแห่งประเทศไทย (EXAT)
1469,2567,หนี้ในประเทศ,0,10,องค์การอุตสาหกรรมป่าไม้ (FIO)
1470,2567,หนี้ในประเทศ,0,10,การนิคมอุตสาหกรรมแห่งประเทศไทย (IEAT)
1471,2567,หนี้ในประเทศ,0,10,การไฟฟ้านครหลวง (MEA)
1472,2567,หนี้ในประเทศ,0,10,องค์การตลาดเพื่อเกษตรกร (MOFF)
1473,2567,หนี้ในประเทศ,0,10,การรถไฟฟ้าขนส่งมวลชนแห่งประเทศไทย (MRTA)
1474,2567,หนี้ในประเทศ,0,10,การประปานครหลวง (MWA)
1475,2567,หนี้ในประเทศ,27300,10,การเคหะแห่งชาติ (NHA)
1476,2567,หนี้ในประเทศ,0,10,การท่าเรือแห่งประเทศไทย (PAT)
1477,2567,หนี้ในประเทศ,0,10,การไฟฟ้าส่วนภูมิภาค (PEA)
1478,2567,หนี้ในประเทศ,0,10,องค์การคลังสินค้า (PWO)
1479,2567,หนี้ในประเทศ,5420,10,การประปาส่วนภูมิภาค (PWA)
1480,2567,หนี้ในประเทศ,825.31,10,การยางแห่งประเทศไทย (RAOT)
1481,2567,หนี้ในประเทศ,250938.16,10,การรถไฟแห่งประเทศไทย (SRT)
1482,2567,หนี้ในประเทศ,0,10,องค์การแบตเตอรี่ (TBO)**
1483,2567,หนี้ในประเทศ,0,10,องค์การรับส่งสินค้าและพัสดุภัณฑ์ (ETO) **
1484,2567,หนี้ในประเทศ,0,10,องค์การฟอกหนัง (TTO)**
1485,2567,หนี้ในประเทศ,0,10,สำนักงานธนานุเคราะห์ (PAWN)***
1486,2567,หนี้ในประเทศ,0,10,องค์การเภสัชกรรม
1487,2567,หนี้ในประเทศ,0,10,2. บริษัทจำกัด และบริษัทมหาชนจำกัด
1488,2567,หนี้ในประเทศ,0,10,บริษัท วิทยุการบินแห่งประเทศไทย จำกัด (AERO)
1489,2567,หนี้ในประเทศ,0,10,บริษัท บางจากปิโตรเลียม จำกัด (มหาชน) (BPC)*
1490,2567,หนี้ในประเทศ,0,10,บริษัท กสท.โทรคมนาคม จำกัด (มหาชน) (CAT)
1491,2567,หนี้ในประเทศ,0,10,บริษัท กรุงไทย คอมพิวเตอร์ เซอร์วิสเซส จำกัด (KTBCS)
1492,2567,หนี้ในประเทศ,0,10,บริษัท กรุงไทยธุรกิจบริการ จำกัด (KTBGS)
1493,2567,หนี้ในประเทศ,0,10,บริษัท ท่าอากาศยานไทย จำกัด (มหาชน) (AOT)
1494,2567,หนี้ในประเทศ,0,10,บริษัท ปตท. สำรวจและผลิตปิโตรเลียม จำกัด (มหาชน) (PEPC) *
1495,2567,หนี้ในประเทศ,0,10,บริษัท ปตท.สผ. อินเตอร์เนชั่นแนล จำกัด (PEPI)*
1496,2567,หนี้ในประเทศ,0,10,บริษัท ปตท. จำกัด (มหาชน) (PTT)
1497,2567,หนี้ในประเทศ,0,10,บริษัท การบินไทย จำกัด (มหาชน) (THAI)*
1498,2567,หนี้ในประเทศ,0,10,บริษัท ทีโอที จำกัด (มหาชน) (TOT)
1499,2567,หนี้ในประเทศ,0,10,บริษัท ไม้อัดไทย จำกัด (TTPC)**
1500,2567,หนี้ในประเทศ,0,10,บริษัท อู่กรุงเทพ จำกัด (BDC)
1501,2567,หนี้ในประเทศ,0,10,บริษัท โรงแรมท่าอากาศยานสุวรรณภูมิ จำกัด (SAH)
1502,2567,หนี้ในประเทศ,0,10,บริษัท ผลิตไฟฟ้าและน้ำเย็น จำกัด (DCAP)
1503,2567,หนี้ในประเทศ,0,10,บริษัท ธนารักษ์พัฒนาสินทรัพย์ จำกัด (ธพส.) (DAD)
1504,2567,หนี้ในประเทศ,0,10,บริษัท พีอีเอ เอ็นคอม อินเตอร์เนชั่นแนล จำกัด (PEA ENCOM)
1505,2567,หนี้ในประเทศ,479610.53,10,รวม
1506,2567,หนี้ต่างประเทศ,24367.9,10,1. องค์กรของรัฐ
1507,2567,หนี้ต่างประเทศ,0,10,องค์การขนส่งมวลชนกรุงเทพ (BMTA)
1508,2567,หนี้ต่างประเทศ,0,10,สถาบันการบินพลเรือน (CATC)
1509,2567,หนี้ต่างประเทศ,0,10,องค์การส่งเสริมกิจการโคนมแห่งประเทศไทย (DPO)
1510,2567,หนี้ต่างประเทศ,0,10,การไฟฟ้าฝ่ายผลิตแห่งประเทศไทย (EGAT)
1511,2567,หนี้ต่างประเทศ,0,10,การทางพิเศษแห่งประเทศไทย (EXAT)
1512,2567,หนี้ต่างประเทศ,0,10,องค์การอุตสาหกรรมป่าไม้ (FIO)
1513,2567,หนี้ต่างประเทศ,0,10,การนิคมอุตสาหกรรมแห่งประเทศไทย (IEAT)
1514,2567,หนี้ต่างประเทศ,0,10,การไฟฟ้านครหลวง (MEA)
1515,2567,หนี้ต่างประเทศ,0,10,องค์การตลาดเพื่อเกษตรกร (MOFF)
1516,2567,หนี้ต่างประเทศ,24308.96,10,การรถไฟฟ้าขนส่งมวลชนแห่งประเทศไทย (MRTA)
1517,2567,หนี้ต่างประเทศ,0,10,การประปานครหลวง (MWA)
1518,2567,หนี้ต่างประเทศ,0,10,การเคหะแห่งชาติ (NHA)
1519,2567,หนี้ต่างประเทศ,0,10,การท่าเรือแห่งประเทศไทย (PAT)
1520,2567,หนี้ต่างประเทศ,0,10,การไฟฟ้าส่วนภูมิภาค (PEA)
1521,2567,หนี้ต่างประเทศ,0,10,องค์การคลังสินค้า (PWO)
1522,2567,หนี้ต่างประเทศ,0,10,การประปาส่วนภูมิภาค (PWA)
1523,2567,หนี้ต่างประเทศ,0,10,การยางแห่งประเทศไทย (RAOT)
1524,2567,หนี้ต่างประเทศ,58.94,10,การรถไฟแห่งประเทศไทย (SRT)
1525,2567,หนี้ต่างประเทศ,0,10,องค์การแบตเตอรี่ (TBO)**
1526,2567,หนี้ต่างประเทศ,0,10,องค์การรับส่งสินค้าและพัสดุภัณฑ์ (ETO) **
1527,2567,หนี้ต่างประเทศ,0,10,องค์การฟอกหนัง (TTO)**
1528,2567,หนี้ต่างประเทศ,0,10,สำนักงานธนานุเคราะห์ (PAWN)***
1529,2567,หนี้ต่างประเทศ,0,10,องค์การเภสัชกรรม
1530,2567,หนี้ต่างประเทศ,1941.8,10,2. บริษัทจำกัด และบริษัทมหาชนจำกัด
1531,2567,หนี้ต่างประเทศ,0,10,บริษัท วิทยุการบินแห่งประเทศไทย จำกัด (AERO)
1532,2567,หนี้ต่างประเทศ,0,10,บริษัท บางจากปิโตรเลียม จำกัด (มหาชน) (BPC)*
1533,2567,หนี้ต่างประเทศ,0,10,บริษัท กสท.โทรคมนาคม จำกัด (มหาชน) (CAT)
1534,2567,หนี้ต่างประเทศ,0,10,บริษัท กรุงไทย คอมพิวเตอร์ เซอร์วิสเซส จำกัด (KTBCS)
1535,2567,หนี้ต่างประเทศ,0,10,บริษัท กรุงไทยธุรกิจบริการ จำกัด (KTBGS)
1536,2567,หนี้ต่างประเทศ,1941.8,10,บริษัท ท่าอากาศยานไทย จำกัด (มหาชน) (AOT)
1537,2567,หนี้ต่างประเทศ,0,10,บริษัท ปตท. สำรวจและผลิตปิโตรเลียม จำกัด (มหาชน) (PEPC) *
1538,2567,หนี้ต่างประเทศ,0,10,บริษัท ปตท.สผ. อินเตอร์เนชั่นแนล จำกัด (PEPI)*
1539,2567,หนี้ต่างประเทศ,0,10,บริษัท ปตท. จำกัด (มหาชน) (PTT)
1540,2567,หนี้ต่างประเทศ,0,10,บริษัท การบินไทย จำกัด (มหาชน) (THAI)*
1541,2567,หนี้ต่างประเทศ,0,10,บริษัท ทีโอที จำกัด (มหาชน) (TOT)
1542,2567,หนี้ต่างประเทศ,0,10,บริษัท ไม้อัดไทย จำกัด (TTPC)**
1543,2567,หนี้ต่างประเทศ,0,10,บริษัท อู่กรุงเทพ จำกัด (BDC)
1544,2567,หนี้ต่างประเทศ,0,10,บริษัท โรงแรมท่าอากาศยานสุวรรณภูมิ จำกัด (SAH)
1545,2567,หนี้ต่างประเทศ,0,10,บริษัท ผลิตไฟฟ้าและน้ำเย็น จำกัด (DCAP)
1546,2567,หนี้ต่างประเทศ,0,10,บริษัท ธนารักษ์พัฒนาสินทรัพย์ จำกัด (ธพส.) (DAD)
1547,2567,หนี้ต่างประเทศ,0,10,บริษัท พีอีเอ เอ็นคอม อินเตอร์เนชั่นแนล จำกัด (PEA ENCOM)
1548,2567,หนี้ต่างประเทศ,26309.7,10,รวม
1549,2567,หนี้ในประเทศ,479416.49,9,1. องค์กรของรัฐ
1550,2567,หนี้ในประเทศ,139619.649,9,องค์การขนส่งมวลชนกรุงเทพ (BMTA)
1551,2567,หนี้ในประเทศ,0,9,สถาบันการบินพลเรือน (CATC)
1552,2567,หนี้ในประเทศ,175.53,9,องค์การส่งเสริมกิจการโคนมแห่งประเทศไทย (DPO)
1553,2567,หนี้ในประเทศ,55000,9,การไฟฟ้าฝ่ายผลิตแห่งประเทศไทย (EGAT)
1554,2567,หนี้ในประเทศ,0,9,การทางพิเศษแห่งประเทศไทย (EXAT)
1555,2567,หนี้ในประเทศ,0,9,องค์การอุตสาหกรรมป่าไม้ (FIO)
1556,2567,หนี้ในประเทศ,0,9,การนิคมอุตสาหกรรมแห่งประเทศไทย (IEAT)
1557,2567,หนี้ในประเทศ,0,9,การไฟฟ้านครหลวง (MEA)
1558,2567,หนี้ในประเทศ,0,9,องค์การตลาดเพื่อเกษตรกร (MOFF)
1559,2567,หนี้ในประเทศ,0,9,การรถไฟฟ้าขนส่งมวลชนแห่งประเทศไทย (MRTA)
1560,2567,หนี้ในประเทศ,0,9,การประปานครหลวง (MWA)
1561,2567,หนี้ในประเทศ,27800,9,การเคหะแห่งชาติ (NHA)
1562,2567,หนี้ในประเทศ,0,9,การท่าเรือแห่งประเทศไทย (PAT)
1563,2567,หนี้ในประเทศ,0,9,การไฟฟ้าส่วนภูมิภาค (PEA)
1564,2567,หนี้ในประเทศ,0,9,องค์การคลังสินค้า (PWO)
1565,2567,หนี้ในประเทศ,5820,9,การประปาส่วนภูมิภาค (PWA)
1566,2567,หนี้ในประเทศ,825.31,9,การยางแห่งประเทศไทย (RAOT)
1567,2567,หนี้ในประเทศ,250176,9,การรถไฟแห่งประเทศไทย (SRT)
1568,2567,หนี้ในประเทศ,0,9,องค์การแบตเตอรี่ (TBO)**
1569,2567,หนี้ในประเทศ,0,9,องค์การรับส่งสินค้าและพัสดุภัณฑ์ (ETO) **
1570,2567,หนี้ในประเทศ,0,9,องค์การฟอกหนัง (TTO)**
1571,2567,หนี้ในประเทศ,0,9,สำนักงานธนานุเคราะห์ (PAWN)***
1572,2567,หนี้ในประเทศ,0,9,องค์การเภสัชกรรม
1573,2567,หนี้ในประเทศ,0,9,2. บริษัทจำกัด และบริษัทมหาชนจำกัด
1574,2567,หนี้ในประเทศ,0,9,บริษัท วิทยุการบินแห่งประเทศไทย จำกัด (AERO)
1575,2567,หนี้ในประเทศ,0,9,บริษัท บางจากปิโตรเลียม จำกัด (มหาชน) (BPC)*
1576,2567,หนี้ในประเทศ,0,9,บริษัท กสท.โทรคมนาคม จำกัด (มหาชน) (CAT)
1577,2567,หนี้ในประเทศ,0,9,บริษัท กรุงไทย คอมพิวเตอร์ เซอร์วิสเซส จำกัด (KTBCS)
1578,2567,หนี้ในประเทศ,0,9,บริษัท กรุงไทยธุรกิจบริการ จำกัด (KTBGS)
1579,2567,หนี้ในประเทศ,0,9,บริษัท ท่าอากาศยานไทย จำกัด (มหาชน) (AOT)
1580,2567,หนี้ในประเทศ,0,9,บริษัท ปตท. สำรวจและผลิตปิโตรเลียม จำกัด (มหาชน) (PEPC) *
1581,2567,หนี้ในประเทศ,0,9,บริษัท ปตท.สผ. อินเตอร์เนชั่นแนล จำกัด (PEPI)*
1582,2567,หนี้ในประเทศ,0,9,บริษัท ปตท. จำกัด (มหาชน) (PTT)
1583,2567,หนี้ในประเทศ,0,9,บริษัท การบินไทย จำกัด (มหาชน) (THAI)*
1584,2567,หนี้ในประเทศ,0,9,บริษัท ทีโอที จำกัด (มหาชน) (TOT)
1585,2567,หนี้ในประเทศ,0,9,บริษัท ไม้อัดไทย จำกัด (TTPC)**
1586,2567,หนี้ในประเทศ,0,9,บริษัท อู่กรุงเทพ จำกัด (BDC)
1587,2567,หนี้ในประเทศ,0,9,บริษัท โรงแรมท่าอากาศยานสุวรรณภูมิ จำกัด (SAH)
1588,2567,หนี้ในประเทศ,0,9,บริษัท ผลิตไฟฟ้าและน้ำเย็น จำกัด (DCAP)
1589,2567,หนี้ในประเทศ,0,9,บริษัท ธนารักษ์พัฒนาสินทรัพย์ จำกัด (ธพส.) (DAD)
1590,2567,หนี้ในประเทศ,0,9,บริษัท พีอีเอ เอ็นคอม อินเตอร์เนชั่นแนล จำกัด (PEA ENCOM)
1591,2567,หนี้ในประเทศ,479416.49,9,รวม
1592,2567,หนี้ต่างประเทศ,24578.07,9,1. องค์กรของรัฐ
1593,2567,หนี้ต่างประเทศ,0,9,องค์การขนส่งมวลชนกรุงเทพ (BMTA)
1594,2567,หนี้ต่างประเทศ,0,9,สถาบันการบินพลเรือน (CATC)
1595,2567,หนี้ต่างประเทศ,0,9,องค์การส่งเสริมกิจการโคนมแห่งประเทศไทย (DPO)
1596,2567,หนี้ต่างประเทศ,0,9,การไฟฟ้าฝ่ายผลิตแห่งประเทศไทย (EGAT)
1597,2567,หนี้ต่างประเทศ,0,9,การทางพิเศษแห่งประเทศไทย (EXAT)
1598,2567,หนี้ต่างประเทศ,0,9,องค์การอุตสาหกรรมป่าไม้ (FIO)
1599,2567,หนี้ต่างประเทศ,0,9,การนิคมอุตสาหกรรมแห่งประเทศไทย (IEAT)
1600,2567,หนี้ต่างประเทศ,0,9,การไฟฟ้านครหลวง (MEA)
1601,2567,หนี้ต่างประเทศ,0,9,องค์การตลาดเพื่อเกษตรกร (MOFF)
1602,2567,หนี้ต่างประเทศ,24520.02,9,การรถไฟฟ้าขนส่งมวลชนแห่งประเทศไทย (MRTA)
1603,2567,หนี้ต่างประเทศ,0,9,การประปานครหลวง (MWA)
1604,2567,หนี้ต่างประเทศ,0,9,การเคหะแห่งชาติ (NHA)
1605,2567,หนี้ต่างประเทศ,0,9,การท่าเรือแห่งประเทศไทย (PAT)
1606,2567,หนี้ต่างประเทศ,0,9,การไฟฟ้าส่วนภูมิภาค (PEA)
1607,2567,หนี้ต่างประเทศ,0,9,องค์การคลังสินค้า (PWO)
1608,2567,หนี้ต่างประเทศ,0,9,การประปาส่วนภูมิภาค (PWA)
1609,2567,หนี้ต่างประเทศ,0,9,การยางแห่งประเทศไทย (RAOT)
1610,2567,หนี้ต่างประเทศ,58.05,9,การรถไฟแห่งประเทศไทย (SRT)
1611,2567,หนี้ต่างประเทศ,0,9,องค์การแบตเตอรี่ (TBO)**
1612,2567,หนี้ต่างประเทศ,0,9,องค์การรับส่งสินค้าและพัสดุภัณฑ์ (ETO) **
1613,2567,หนี้ต่างประเทศ,0,9,องค์การฟอกหนัง (TTO)**
1614,2567,หนี้ต่างประเทศ,0,9,สำนักงานธนานุเคราะห์ (PAWN)***
1615,2567,หนี้ต่างประเทศ,0,9,องค์การเภสัชกรรม
1616,2567,หนี้ต่างประเทศ,2083.05,9,2. บริษัทจำกัด และบริษัทมหาชนจำกัด
1617,2567,หนี้ต่างประเทศ,0,9,บริษัท วิทยุการบินแห่งประเทศไทย จำกัด (AERO)
1618,2567,หนี้ต่างประเทศ,0,9,บริษัท บางจากปิโตรเลียม จำกัด (มหาชน) (BPC)*
1619,2567,หนี้ต่างประเทศ,0,9,บริษัท กสท.โทรคมนาคม จำกัด (มหาชน) (CAT)
1620,2567,หนี้ต่างประเทศ,0,9,บริษัท กรุงไทย คอมพิวเตอร์ เซอร์วิสเซส จำกัด (KTBCS)
1621,2567,หนี้ต่างประเทศ,0,9,บริษัท กรุงไทยธุรกิจบริการ จำกัด (KTBGS)
1622,2567,หนี้ต่างประเทศ,2083.05,9,บริษัท ท่าอากาศยานไทย จำกัด (มหาชน) (AOT)
1623,2567,หนี้ต่างประเทศ,0,9,บริษัท ปตท. สำรวจและผลิตปิโตรเลียม จำกัด (มหาชน) (PEPC) *
1624,2567,หนี้ต่างประเทศ,0,9,บริษัท ปตท.สผ. อินเตอร์เนชั่นแนล จำกัด (PEPI)*
1625,2567,หนี้ต่างประเทศ,0,9,บริษัท ปตท. จำกัด (มหาชน) (PTT)
1626,2567,หนี้ต่างประเทศ,0,9,บริษัท การบินไทย จำกัด (มหาชน) (THAI)*
1627,2567,หนี้ต่างประเทศ,0,9,บริษัท ทีโอที จำกัด (มหาชน) (TOT)
1628,2567,หนี้ต่างประเทศ,0,9,บริษัท ไม้อัดไทย จำกัด (TTPC)**
1629,2567,หนี้ต่างประเทศ,0,9,บริษัท อู่กรุงเทพ จำกัด (BDC)
1630,2567,หนี้ต่างประเทศ,0,9,บริษัท โรงแรมท่าอากาศยานสุวรรณภูมิ จำกัด (SAH)
1631,2567,หนี้ต่างประเทศ,0,9,บริษัท ผลิตไฟฟ้าและน้ำเย็น จำกัด (DCAP)
1632,2567,หนี้ต่างประเทศ,0,9,บริษัท ธนารักษ์พัฒนาสินทรัพย์ จำกัด (ธพส.) (DAD)
1633,2567,หนี้ต่างประเทศ,0,9,บริษัท พีอีเอ เอ็นคอม อินเตอร์เนชั่นแนล จำกัด (PEA ENCOM)
1634,2567,หนี้ต่างประเทศ,26661.12,9,รวม
1635,2567,หนี้ในประเทศ,478063.07,8,1. องค์กรของรัฐ
1636,2567,หนี้ในประเทศ,139093.65,8,องค์การขนส่งมวลชนกรุงเทพ (BMTA)
1637,2567,หนี้ในประเทศ,0,8,สถาบันการบินพลเรือน (CATC)
1638,2567,หนี้ในประเทศ,230.64,8,องค์การส่งเสริมกิจการโคนมแห่งประเทศไทย (DPO)
1639,2567,หนี้ในประเทศ,55000,8,การไฟฟ้าฝ่ายผลิตแห่งประเทศไทย (EGAT)
1640,2567,หนี้ในประเทศ,0,8,การทางพิเศษแห่งประเทศไทย (EXAT)
1641,2567,หนี้ในประเทศ,0,8,องค์การอุตสาหกรรมป่าไม้ (FIO)
1642,2567,หนี้ในประเทศ,0,8,การนิคมอุตสาหกรรมแห่งประเทศไทย (IEAT)
1643,2567,หนี้ในประเทศ,0,8,การไฟฟ้านครหลวง (MEA)
1644,2567,หนี้ในประเทศ,0,8,องค์การตลาดเพื่อเกษตรกร (MOFF)
1645,2567,หนี้ในประเทศ,0,8,การรถไฟฟ้าขนส่งมวลชนแห่งประเทศไทย (MRTA)
1646,2567,หนี้ในประเทศ,0,8,การประปานครหลวง (MWA)
1647,2567,หนี้ในประเทศ,27800,8,การเคหะแห่งชาติ (NHA)
1648,2567,หนี้ในประเทศ,0,8,การท่าเรือแห่งประเทศไทย (PAT)
1649,2567,หนี้ในประเทศ,0,8,การไฟฟ้าส่วนภูมิภาค (PEA)
1650,2567,หนี้ในประเทศ,0,8,องค์การคลังสินค้า (PWO)
1651,2567,หนี้ในประเทศ,5820,8,การประปาส่วนภูมิภาค (PWA)
1652,2567,หนี้ในประเทศ,825.31,8,การยางแห่งประเทศไทย (RAOT)
1653,2567,หนี้ในประเทศ,249293.47,8,การรถไฟแห่งประเทศไทย (SRT)
1654,2567,หนี้ในประเทศ,0,8,องค์การแบตเตอรี่ (TBO)**
1655,2567,หนี้ในประเทศ,0,8,องค์การรับส่งสินค้าและพัสดุภัณฑ์ (ETO) **
1656,2567,หนี้ในประเทศ,0,8,องค์การฟอกหนัง (TTO)**
1657,2567,หนี้ในประเทศ,0,8,สำนักงานธนานุเคราะห์ (PAWN)***
1658,2567,หนี้ในประเทศ,0,8,องค์การเภสัชกรรม
1659,2567,หนี้ในประเทศ,0,8,2. บริษัทจำกัด และบริษัทมหาชนจำกัด
1660,2567,หนี้ในประเทศ,0,8,บริษัท วิทยุการบินแห่งประเทศไทย จำกัด (AERO)
1661,2567,หนี้ในประเทศ,0,8,บริษัท บางจากปิโตรเลียม จำกัด (มหาชน) (BPC)*
1662,2567,หนี้ในประเทศ,0,8,บริษัท กสท.โทรคมนาคม จำกัด (มหาชน) (CAT)
1663,2567,หนี้ในประเทศ,0,8,บริษัท กรุงไทย คอมพิวเตอร์ เซอร์วิสเซส จำกัด (KTBCS)
1664,2567,หนี้ในประเทศ,0,8,บริษัท กรุงไทยธุรกิจบริการ จำกัด (KTBGS)
1665,2567,หนี้ในประเทศ,0,8,บริษัท ท่าอากาศยานไทย จำกัด (มหาชน) (AOT)
1666,2567,หนี้ในประเทศ,0,8,บริษัท ปตท. สำรวจและผลิตปิโตรเลียม จำกัด (มหาชน) (PEPC) *
1667,2567,หนี้ในประเทศ,0,8,บริษัท ปตท.สผ. อินเตอร์เนชั่นแนล จำกัด (PEPI)*
1668,2567,หนี้ในประเทศ,0,8,บริษัท ปตท. จำกัด (มหาชน) (PTT)
1669,2567,หนี้ในประเทศ,0,8,บริษัท การบินไทย จำกัด (มหาชน) (THAI)*
1670,2567,หนี้ในประเทศ,0,8,บริษัท ทีโอที จำกัด (มหาชน) (TOT)
1671,2567,หนี้ในประเทศ,0,8,บริษัท ไม้อัดไทย จำกัด (TTPC)**
1672,2567,หนี้ในประเทศ,0,8,บริษัท อู่กรุงเทพ จำกัด (BDC)
1673,2567,หนี้ในประเทศ,0,8,บริษัท โรงแรมท่าอากาศยานสุวรรณภูมิ จำกัด (SAH)
1674,2567,หนี้ในประเทศ,0,8,บริษัท ผลิตไฟฟ้าและน้ำเย็น จำกัด (DCAP)
1675,2567,หนี้ในประเทศ,0,8,บริษัท ธนารักษ์พัฒนาสินทรัพย์ จำกัด (ธพส.) (DAD)
1676,2567,หนี้ในประเทศ,0,8,บริษัท พีอีเอ เอ็นคอม อินเตอร์เนชั่นแนล จำกัด (PEA ENCOM)
1677,2567,หนี้ในประเทศ,478063.07,8,รวม
1678,2567,หนี้ต่างประเทศ,25068.51,8,1. องค์กรของรัฐ
1679,2567,หนี้ต่างประเทศ,0,8,องค์การขนส่งมวลชนกรุงเทพ (BMTA)
1680,2567,หนี้ต่างประเทศ,0,8,สถาบันการบินพลเรือน (CATC)
1681,2567,หนี้ต่างประเทศ,0,8,องค์การส่งเสริมกิจการโคนมแห่งประเทศไทย (DPO)
1682,2567,หนี้ต่างประเทศ,0,8,การไฟฟ้าฝ่ายผลิตแห่งประเทศไทย (EGAT)
1683,2567,หนี้ต่างประเทศ,0,8,การทางพิเศษแห่งประเทศไทย (EXAT)
1684,2567,หนี้ต่างประเทศ,0,8,องค์การอุตสาหกรรมป่าไม้ (FIO)
1685,2567,หนี้ต่างประเทศ,0,8,การนิคมอุตสาหกรรมแห่งประเทศไทย (IEAT)
1686,2567,หนี้ต่างประเทศ,0,8,การไฟฟ้านครหลวง (MEA)
1687,2567,หนี้ต่างประเทศ,0,8,องค์การตลาดเพื่อเกษตรกร (MOFF)
1688,2567,หนี้ต่างประเทศ,24961.17,8,การรถไฟฟ้าขนส่งมวลชนแห่งประเทศไทย (MRTA)
1689,2567,หนี้ต่างประเทศ,46.77,8,การประปานครหลวง (MWA)
1690,2567,หนี้ต่างประเทศ,0,8,การเคหะแห่งชาติ (NHA)
1691,2567,หนี้ต่างประเทศ,0,8,การท่าเรือแห่งประเทศไทย (PAT)
1692,2567,หนี้ต่างประเทศ,0,8,การไฟฟ้าส่วนภูมิภาค (PEA)
1693,2567,หนี้ต่างประเทศ,0,8,องค์การคลังสินค้า (PWO)
1694,2567,หนี้ต่างประเทศ,0,8,การประปาส่วนภูมิภาค (PWA)
1695,2567,หนี้ต่างประเทศ,0,8,การยางแห่งประเทศไทย (RAOT)
1696,2567,หนี้ต่างประเทศ,60.57,8,การรถไฟแห่งประเทศไทย (SRT)
1697,2567,หนี้ต่างประเทศ,0,8,องค์การแบตเตอรี่ (TBO)**
1698,2567,หนี้ต่างประเทศ,0,8,องค์การรับส่งสินค้าและพัสดุภัณฑ์ (ETO) **
1699,2567,หนี้ต่างประเทศ,0,8,องค์การฟอกหนัง (TTO)**
1700,2567,หนี้ต่างประเทศ,0,8,สำนักงานธนานุเคราะห์ (PAWN)***
1701,2567,หนี้ต่างประเทศ,0,8,องค์การเภสัชกรรม
1702,2567,หนี้ต่างประเทศ,2280.58,8,2. บริษัทจำกัด และบริษัทมหาชนจำกัด
1703,2567,หนี้ต่างประเทศ,0,8,บริษัท วิทยุการบินแห่งประเทศไทย จำกัด (AERO)
1704,2567,หนี้ต่างประเทศ,0,8,บริษัท บางจากปิโตรเลียม จำกัด (มหาชน) (BPC)*
1705,2567,หนี้ต่างประเทศ,0,8,บริษัท กสท.โทรคมนาคม จำกัด (มหาชน) (CAT)
1706,2567,หนี้ต่างประเทศ,0,8,บริษัท กรุงไทย คอมพิวเตอร์ เซอร์วิสเซส จำกัด (KTBCS)
1707,2567,หนี้ต่างประเทศ,0,8,บริษัท กรุงไทยธุรกิจบริการ จำกัด (KTBGS)
1708,2567,หนี้ต่างประเทศ,2280.58,8,บริษัท ท่าอากาศยานไทย จำกัด (มหาชน) (AOT)
1709,2567,หนี้ต่างประเทศ,0,8,บริษัท ปตท. สำรวจและผลิตปิโตรเลียม จำกัด (มหาชน) (PEPC) *
1710,2567,หนี้ต่างประเทศ,0,8,บริษัท ปตท.สผ. อินเตอร์เนชั่นแนล จำกัด (PEPI)*
1711,2567,หนี้ต่างประเทศ,0,8,บริษัท ปตท. จำกัด (มหาชน) (PTT)
1712,2567,หนี้ต่างประเทศ,0,8,บริษัท การบินไทย จำกัด (มหาชน) (THAI)*
1713,2567,หนี้ต่างประเทศ,0,8,บริษัท ทีโอที จำกัด (มหาชน) (TOT)
1714,2567,หนี้ต่างประเทศ,0,8,บริษัท ไม้อัดไทย จำกัด (TTPC)**
1715,2567,หนี้ต่างประเทศ,0,8,บริษัท อู่กรุงเทพ จำกัด (BDC)
1716,2567,หนี้ต่างประเทศ,0,8,บริษัท โรงแรมท่าอากาศยานสุวรรณภูมิ จำกัด (SAH)
1717,2567,หนี้ต่างประเทศ,0,8,บริษัท ผลิตไฟฟ้าและน้ำเย็น จำกัด (DCAP)
1718,2567,หนี้ต่างประเทศ,0,8,บริษัท ธนารักษ์พัฒนาสินทรัพย์ จำกัด (ธพส.) (DAD)
1719,2567,หนี้ต่างประเทศ,0,8,บริษัท พีอีเอ เอ็นคอม อินเตอร์เนชั่นแนล จำกัด (PEA ENCOM)
1720,2567,หนี้ต่างประเทศ,27349.09,8,รวม
1721,2567,หนี้ในประเทศ,476675.02,7,1. องค์กรของรัฐ
1722,2567,หนี้ในประเทศ,138575.75,7,องค์การขนส่งมวลชนกรุงเทพ (BMTA)
1723,2567,หนี้ในประเทศ,0,7,สถาบันการบินพลเรือน (CATC)
1724,2567,หนี้ในประเทศ,236.6,7,องค์การส่งเสริมกิจการโคนมแห่งประเทศไทย (DPO)
1725,2567,หนี้ในประเทศ,55000,7,การไฟฟ้าฝ่ายผลิตแห่งประเทศไทย (EGAT)
1726,2567,หนี้ในประเทศ,0,7,การทางพิเศษแห่งประเทศไทย (EXAT)
1727,2567,หนี้ในประเทศ,0,7,องค์การอุตสาหกรรมป่าไม้ (FIO)
1728,2567,หนี้ในประเทศ,0,7,การนิคมอุตสาหกรรมแห่งประเทศไทย (IEAT)
1729,2567,หนี้ในประเทศ,0,7,การไฟฟ้านครหลวง (MEA)
1730,2567,หนี้ในประเทศ,0,7,องค์การตลาดเพื่อเกษตรกร (MOFF)
1731,2567,หนี้ในประเทศ,0,7,การรถไฟฟ้าขนส่งมวลชนแห่งประเทศไทย (MRTA)
1732,2567,หนี้ในประเทศ,0,7,การประปานครหลวง (MWA)
1733,2567,หนี้ในประเทศ,27750,7,การเคหะแห่งชาติ (NHA)
1734,2567,หนี้ในประเทศ,0,7,การท่าเรือแห่งประเทศไทย (PAT)
1735,2567,หนี้ในประเทศ,0,7,การไฟฟ้าส่วนภูมิภาค (PEA)
1736,2567,หนี้ในประเทศ,0,7,องค์การคลังสินค้า (PWO)
1737,2567,หนี้ในประเทศ,6920,7,การประปาส่วนภูมิภาค (PWA)
1738,2567,หนี้ในประเทศ,825.31,7,การยางแห่งประเทศไทย (RAOT)
1739,2567,หนี้ในประเทศ,247367.36,7,การรถไฟแห่งประเทศไทย (SRT)
1740,2567,หนี้ในประเทศ,0,7,องค์การแบตเตอรี่ (TBO)**
1741,2567,หนี้ในประเทศ,0,7,องค์การรับส่งสินค้าและพัสดุภัณฑ์ (ETO) **
1742,2567,หนี้ในประเทศ,0,7,องค์การฟอกหนัง (TTO)**
1743,2567,หนี้ในประเทศ,0,7,สำนักงานธนานุเคราะห์ (PAWN)***
1744,2567,หนี้ในประเทศ,0,7,องค์การเภสัชกรรม
1745,2567,หนี้ในประเทศ,0,7,2. บริษัทจำกัด และบริษัทมหาชนจำกัด
1746,2567,หนี้ในประเทศ,0,7,บริษัท วิทยุการบินแห่งประเทศไทย จำกัด (AERO)
1747,2567,หนี้ในประเทศ,0,7,บริษัท บางจากปิโตรเลียม จำกัด (มหาชน) (BPC)*
1748,2567,หนี้ในประเทศ,0,7,บริษัท กสท.โทรคมนาคม จำกัด (มหาชน) (CAT)
1749,2567,หนี้ในประเทศ,0,7,บริษัท กรุงไทย คอมพิวเตอร์ เซอร์วิสเซส จำกัด (KTBCS)
1750,2567,หนี้ในประเทศ,0,7,บริษัท กรุงไทยธุรกิจบริการ จำกัด (KTBGS)
1751,2567,หนี้ในประเทศ,0,7,บริษัท ท่าอากาศยานไทย จำกัด (มหาชน) (AOT)
1752,2567,หนี้ในประเทศ,0,7,บริษัท ปตท. สำรวจและผลิตปิโตรเลียม จำกัด (มหาชน) (PEPC) *
1753,2567,หนี้ในประเทศ,0,7,บริษัท ปตท.สผ. อินเตอร์เนชั่นแนล จำกัด (PEPI)*
1754,2567,หนี้ในประเทศ,0,7,บริษัท ปตท. จำกัด (มหาชน) (PTT)
1755,2567,หนี้ในประเทศ,0,7,บริษัท การบินไทย จำกัด (มหาชน) (THAI)*
1756,2567,หนี้ในประเทศ,0,7,บริษัท ทีโอที จำกัด (มหาชน) (TOT)
1757,2567,หนี้ในประเทศ,0,7,บริษัท ไม้อัดไทย จำกัด (TTPC)**
1758,2567,หนี้ในประเทศ,0,7,บริษัท อู่กรุงเทพ จำกัด (BDC)
1759,2567,หนี้ในประเทศ,0,7,บริษัท โรงแรมท่าอากาศยานสุวรรณภูมิ จำกัด (SAH)
1760,2567,หนี้ในประเทศ,0,7,บริษัท ผลิตไฟฟ้าและน้ำเย็น จำกัด (DCAP)
1761,2567,หนี้ในประเทศ,0,7,บริษัท ธนารักษ์พัฒนาสินทรัพย์ จำกัด (ธพส.) (DAD)
1762,2567,หนี้ในประเทศ,0,7,บริษัท พีอีเอ เอ็นคอม อินเตอร์เนชั่นแนล จำกัด (PEA ENCOM)
1763,2567,หนี้ในประเทศ,476675.02,7,รวม
1764,2567,หนี้ต่างประเทศ,25070.21,7,1. องค์กรของรัฐ
1765,2567,หนี้ต่างประเทศ,0,7,องค์การขนส่งมวลชนกรุงเทพ (BMTA)
1766,2567,หนี้ต่างประเทศ,0,7,สถาบันการบินพลเรือน (CATC)
1767,2567,หนี้ต่างประเทศ,0,7,องค์การส่งเสริมกิจการโคนมแห่งประเทศไทย (DPO)
1768,2567,หนี้ต่างประเทศ,0,7,การไฟฟ้าฝ่ายผลิตแห่งประเทศไทย (EGAT)
1769,2567,หนี้ต่างประเทศ,0,7,การทางพิเศษแห่งประเทศไทย (EXAT)
1770,2567,หนี้ต่างประเทศ,0,7,องค์การอุตสาหกรรมป่าไม้ (FIO)
1771,2567,หนี้ต่างประเทศ,0,7,การนิคมอุตสาหกรรมแห่งประเทศไทย (IEAT)
1772,2567,หนี้ต่างประเทศ,0,7,การไฟฟ้านครหลวง (MEA)
1773,2567,หนี้ต่างประเทศ,0,7,องค์การตลาดเพื่อเกษตรกร (MOFF)
1774,2567,หนี้ต่างประเทศ,24961.18,7,การรถไฟฟ้าขนส่งมวลชนแห่งประเทศไทย (MRTA)
1775,2567,หนี้ต่างประเทศ,46.77,7,การประปานครหลวง (MWA)
1776,2567,หนี้ต่างประเทศ,0,7,การเคหะแห่งชาติ (NHA)
1777,2567,หนี้ต่างประเทศ,0,7,การท่าเรือแห่งประเทศไทย (PAT)
1778,2567,หนี้ต่างประเทศ,0,7,การไฟฟ้าส่วนภูมิภาค (PEA)
1779,2567,หนี้ต่างประเทศ,0,7,องค์การคลังสินค้า (PWO)
1780,2567,หนี้ต่างประเทศ,0,7,การประปาส่วนภูมิภาค (PWA)
1781,2567,หนี้ต่างประเทศ,0,7,การยางแห่งประเทศไทย (RAOT)
1782,2567,หนี้ต่างประเทศ,62.26,7,การรถไฟแห่งประเทศไทย (SRT)
1783,2567,หนี้ต่างประเทศ,0,7,องค์การแบตเตอรี่ (TBO)**
1784,2567,หนี้ต่างประเทศ,0,7,องค์การรับส่งสินค้าและพัสดุภัณฑ์ (ETO) **
1785,2567,หนี้ต่างประเทศ,0,7,องค์การฟอกหนัง (TTO)**
1786,2567,หนี้ต่างประเทศ,0,7,สำนักงานธนานุเคราะห์ (PAWN)***
1787,2567,หนี้ต่างประเทศ,0,7,องค์การเภสัชกรรม
1788,2567,หนี้ต่างประเทศ,2280.41,7,2. บริษัทจำกัด และบริษัทมหาชนจำกัด
1789,2567,หนี้ต่างประเทศ,0,7,บริษัท วิทยุการบินแห่งประเทศไทย จำกัด (AERO)
1790,2567,หนี้ต่างประเทศ,0,7,บริษัท บางจากปิโตรเลียม จำกัด (มหาชน) (BPC)*
1791,2567,หนี้ต่างประเทศ,0,7,บริษัท กสท.โทรคมนาคม จำกัด (มหาชน) (CAT)
1792,2567,หนี้ต่างประเทศ,0,7,บริษัท กรุงไทย คอมพิวเตอร์ เซอร์วิสเซส จำกัด (KTBCS)
1793,2567,หนี้ต่างประเทศ,0,7,บริษัท กรุงไทยธุรกิจบริการ จำกัด (KTBGS)
1794,2567,หนี้ต่างประเทศ,2280.41,7,บริษัท ท่าอากาศยานไทย จำกัด (มหาชน) (AOT)
1795,2567,หนี้ต่างประเทศ,0,7,บริษัท ปตท. สำรวจและผลิตปิโตรเลียม จำกัด (มหาชน) (PEPC) *
1796,2567,หนี้ต่างประเทศ,0,7,บริษัท ปตท.สผ. อินเตอร์เนชั่นแนล จำกัด (PEPI)*
1797,2567,หนี้ต่างประเทศ,0,7,บริษัท ปตท. จำกัด (มหาชน) (PTT)
1798,2567,หนี้ต่างประเทศ,0,7,บริษัท การบินไทย จำกัด (มหาชน) (THAI)*
1799,2567,หนี้ต่างประเทศ,0,7,บริษัท ทีโอที จำกัด (มหาชน) (TOT)
1800,2567,หนี้ต่างประเทศ,0,7,บริษัท ไม้อัดไทย จำกัด (TTPC)**
1801,2567,หนี้ต่างประเทศ,0,7,บริษัท อู่กรุงเทพ จำกัด (BDC)
1802,2567,หนี้ต่างประเทศ,0,7,บริษัท โรงแรมท่าอากาศยานสุวรรณภูมิ จำกัด (SAH)
1803,2567,หนี้ต่างประเทศ,0,7,บริษัท ผลิตไฟฟ้าและน้ำเย็น จำกัด (DCAP)
1804,2567,หนี้ต่างประเทศ,0,7,บริษัท ธนารักษ์พัฒนาสินทรัพย์ จำกัด (ธพส.) (DAD)
1805,2567,หนี้ต่างประเทศ,0,7,บริษัท พีอีเอ เอ็นคอม อินเตอร์เนชั่นแนล จำกัด (PEA ENCOM)
1806,2567,หนี้ต่างประเทศ,27350.62,7,รวม
1807,2567,หนี้ในประเทศ,474892.83,6,1. องค์กรของรัฐ
1808,2567,หนี้ในประเทศ,138152.55,6,องค์การขนส่งมวลชนกรุงเทพ (BMTA)
1809,2567,หนี้ในประเทศ,0,6,สถาบันการบินพลเรือน (CATC)
1810,2567,หนี้ในประเทศ,244.01,6,องค์การส่งเสริมกิจการโคนมแห่งประเทศไทย (DPO)
1811,2567,หนี้ในประเทศ,55000,6,การไฟฟ้าฝ่ายผลิตแห่งประเทศไทย (EGAT)
1812,2567,หนี้ในประเทศ,0,6,การทางพิเศษแห่งประเทศไทย (EXAT)
1813,2567,หนี้ในประเทศ,0,6,องค์การอุตสาหกรรมป่าไม้ (FIO)
1814,2567,หนี้ในประเทศ,0,6,การนิคมอุตสาหกรรมแห่งประเทศไทย (IEAT)
1815,2567,หนี้ในประเทศ,0,6,การไฟฟ้านครหลวง (MEA)
1816,2567,หนี้ในประเทศ,0,6,องค์การตลาดเพื่อเกษตรกร (MOFF)
1817,2567,หนี้ในประเทศ,0,6,การรถไฟฟ้าขนส่งมวลชนแห่งประเทศไทย (MRTA)
1818,2567,หนี้ในประเทศ,0,6,การประปานครหลวง (MWA)
1819,2567,หนี้ในประเทศ,27750,6,การเคหะแห่งชาติ (NHA)
1820,2567,หนี้ในประเทศ,0,6,การท่าเรือแห่งประเทศไทย (PAT)
1821,2567,หนี้ในประเทศ,0,6,การไฟฟ้าส่วนภูมิภาค (PEA)
1822,2567,หนี้ในประเทศ,0,6,องค์การคลังสินค้า (PWO)
1823,2567,หนี้ในประเทศ,6920,6,การประปาส่วนภูมิภาค (PWA)
1824,2567,หนี้ในประเทศ,825.31,6,การยางแห่งประเทศไทย (RAOT)
1825,2567,หนี้ในประเทศ,246000.96,6,การรถไฟแห่งประเทศไทย (SRT)
1826,2567,หนี้ในประเทศ,0,6,องค์การแบตเตอรี่ (TBO)**
1827,2567,หนี้ในประเทศ,0,6,องค์การรับส่งสินค้าและพัสดุภัณฑ์ (ETO) **
1828,2567,หนี้ในประเทศ,0,6,องค์การฟอกหนัง (TTO)**
1829,2567,หนี้ในประเทศ,0,6,สำนักงานธนานุเคราะห์ (PAWN)***
1830,2567,หนี้ในประเทศ,0,6,องค์การเภสัชกรรม
1831,2567,หนี้ในประเทศ,0,6,2. บริษัทจำกัด และบริษัทมหาชนจำกัด
1832,2567,หนี้ในประเทศ,0,6,บริษัท วิทยุการบินแห่งประเทศไทย จำกัด (AERO)
1833,2567,หนี้ในประเทศ,0,6,บริษัท บางจากปิโตรเลียม จำกัด (มหาชน) (BPC)*
1834,2567,หนี้ในประเทศ,0,6,บริษัท กสท.โทรคมนาคม จำกัด (มหาชน) (CAT)
1835,2567,หนี้ในประเทศ,0,6,บริษัท กรุงไทย คอมพิวเตอร์ เซอร์วิสเซส จำกัด (KTBCS)
1836,2567,หนี้ในประเทศ,0,6,บริษัท กรุงไทยธุรกิจบริการ จำกัด (KTBGS)
1837,2567,หนี้ในประเทศ,0,6,บริษัท ท่าอากาศยานไทย จำกัด (มหาชน) (AOT)
1838,2567,หนี้ในประเทศ,0,6,บริษัท ปตท. สำรวจและผลิตปิโตรเลียม จำกัด (มหาชน) (PEPC) *
1839,2567,หนี้ในประเทศ,0,6,บริษัท ปตท.สผ. อินเตอร์เนชั่นแนล จำกัด (PEPI)*
1840,2567,หนี้ในประเทศ,0,6,บริษัท ปตท. จำกัด (มหาชน) (PTT)
1841,2567,หนี้ในประเทศ,0,6,บริษัท การบินไทย จำกัด (มหาชน) (THAI)*
1842,2567,หนี้ในประเทศ,0,6,บริษัท ทีโอที จำกัด (มหาชน) (TOT)
1843,2567,หนี้ในประเทศ,0,6,บริษัท ไม้อัดไทย จำกัด (TTPC)**
1844,2567,หนี้ในประเทศ,0,6,บริษัท อู่กรุงเทพ จำกัด (BDC)
1845,2567,หนี้ในประเทศ,0,6,บริษัท โรงแรมท่าอากาศยานสุวรรณภูมิ จำกัด (SAH)
1846,2567,หนี้ในประเทศ,0,6,บริษัท ผลิตไฟฟ้าและน้ำเย็น จำกัด (DCAP)
1847,2567,หนี้ในประเทศ,0,6,บริษัท ธนารักษ์พัฒนาสินทรัพย์ จำกัด (ธพส.) (DAD)
1848,2567,หนี้ในประเทศ,0,6,บริษัท พีอีเอ เอ็นคอม อินเตอร์เนชั่นแนล จำกัด (PEA ENCOM)
1849,2567,หนี้ในประเทศ,474892.83,6,รวม
1850,2567,หนี้ต่างประเทศ,25222.64,6,1. องค์กรของรัฐ
1851,2567,หนี้ต่างประเทศ,0,6,องค์การขนส่งมวลชนกรุงเทพ (BMTA)
1852,2567,หนี้ต่างประเทศ,0,6,สถาบันการบินพลเรือน (CATC)
1853,2567,หนี้ต่างประเทศ,0,6,องค์การส่งเสริมกิจการโคนมแห่งประเทศไทย (DPO)
1854,2567,หนี้ต่างประเทศ,0,6,การไฟฟ้าฝ่ายผลิตแห่งประเทศไทย (EGAT)
1855,2567,หนี้ต่างประเทศ,0,6,การทางพิเศษแห่งประเทศไทย (EXAT)
1856,2567,หนี้ต่างประเทศ,0,6,องค์การอุตสาหกรรมป่าไม้ (FIO)
1857,2567,หนี้ต่างประเทศ,0,6,การนิคมอุตสาหกรรมแห่งประเทศไทย (IEAT)
1858,2567,หนี้ต่างประเทศ,0,6,การไฟฟ้านครหลวง (MEA)
1859,2567,หนี้ต่างประเทศ,0,6,องค์การตลาดเพื่อเกษตรกร (MOFF)
1860,2567,หนี้ต่างประเทศ,25112.48,6,การรถไฟฟ้าขนส่งมวลชนแห่งประเทศไทย (MRTA)
1861,2567,หนี้ต่างประเทศ,46.77,6,การประปานครหลวง (MWA)
1862,2567,หนี้ต่างประเทศ,0,6,การเคหะแห่งชาติ (NHA)
1863,2567,หนี้ต่างประเทศ,0,6,การท่าเรือแห่งประเทศไทย (PAT)
1864,2567,หนี้ต่างประเทศ,0,6,การไฟฟ้าส่วนภูมิภาค (PEA)
1865,2567,หนี้ต่างประเทศ,0,6,องค์การคลังสินค้า (PWO)
1866,2567,หนี้ต่างประเทศ,0,6,การประปาส่วนภูมิภาค (PWA)
1867,2567,หนี้ต่างประเทศ,0,6,การยางแห่งประเทศไทย (RAOT)
1868,2567,หนี้ต่างประเทศ,63.39,6,การรถไฟแห่งประเทศไทย (SRT)
1869,2567,หนี้ต่างประเทศ,0,6,องค์การแบตเตอรี่ (TBO)**
1870,2567,หนี้ต่างประเทศ,0,6,องค์การรับส่งสินค้าและพัสดุภัณฑ์ (ETO) **
1871,2567,หนี้ต่างประเทศ,0,6,องค์การฟอกหนัง (TTO)**
1872,2567,หนี้ต่างประเทศ,0,6,สำนักงานธนานุเคราะห์ (PAWN)***
1873,2567,หนี้ต่างประเทศ,0,6,องค์การเภสัชกรรม
1874,2567,หนี้ต่างประเทศ,2575.75,6,2. บริษัทจำกัด และบริษัทมหาชนจำกัด
1875,2567,หนี้ต่างประเทศ,0,6,บริษัท วิทยุการบินแห่งประเทศไทย จำกัด (AERO)
1876,2567,หนี้ต่างประเทศ,0,6,บริษัท บางจากปิโตรเลียม จำกัด (มหาชน) (BPC)*
1877,2567,หนี้ต่างประเทศ,0,6,บริษัท กสท.โทรคมนาคม จำกัด (มหาชน) (CAT)
1878,2567,หนี้ต่างประเทศ,0,6,บริษัท กรุงไทย คอมพิวเตอร์ เซอร์วิสเซส จำกัด (KTBCS)
1879,2567,หนี้ต่างประเทศ,0,6,บริษัท กรุงไทยธุรกิจบริการ จำกัด (KTBGS)
1880,2567,หนี้ต่างประเทศ,2575.75,6,บริษัท ท่าอากาศยานไทย จำกัด (มหาชน) (AOT)
1881,2567,หนี้ต่างประเทศ,0,6,บริษัท ปตท. สำรวจและผลิตปิโตรเลียม จำกัด (มหาชน) (PEPC) *
1882,2567,หนี้ต่างประเทศ,0,6,บริษัท ปตท.สผ. อินเตอร์เนชั่นแนล จำกัด (PEPI)*
1883,2567,หนี้ต่างประเทศ,0,6,บริษัท ปตท. จำกัด (มหาชน) (PTT)
1884,2567,หนี้ต่างประเทศ,0,6,บริษัท การบินไทย จำกัด (มหาชน) (THAI)*
1885,2567,หนี้ต่างประเทศ,0,6,บริษัท ทีโอที จำกัด (มหาชน) (TOT)
1886,2567,หนี้ต่างประเทศ,0,6,บริษัท ไม้อัดไทย จำกัด (TTPC)**
1887,2567,หนี้ต่างประเทศ,0,6,บริษัท อู่กรุงเทพ จำกัด (BDC)
1888,2567,หนี้ต่างประเทศ,0,6,บริษัท โรงแรมท่าอากาศยานสุวรรณภูมิ จำกัด (SAH)
1889,2567,หนี้ต่างประเทศ,0,6,บริษัท ผลิตไฟฟ้าและน้ำเย็น จำกัด (DCAP)
1890,2567,หนี้ต่างประเทศ,0,6,บริษัท ธนารักษ์พัฒนาสินทรัพย์ จำกัด (ธพส.) (DAD)
1891,2567,หนี้ต่างประเทศ,0,6,บริษัท พีอีเอ เอ็นคอม อินเตอร์เนชั่นแนล จำกัด (PEA ENCOM)
1892,2567,หนี้ต่างประเทศ,27798.39,6,รวม
1893,2567,หนี้ในประเทศ,471888.28,5,1. องค์กรของรัฐ
1894,2567,หนี้ในประเทศ,137654.35,5,องค์การขนส่งมวลชนกรุงเทพ (BMTA)
1895,2567,หนี้ในประเทศ,0,5,สถาบันการบินพลเรือน (CATC)
1896,2567,หนี้ในประเทศ,225.43,5,องค์การส่งเสริมกิจการโคนมแห่งประเทศไทย (DPO)
1897,2567,หนี้ในประเทศ,55000,5,การไฟฟ้าฝ่ายผลิตแห่งประเทศไทย (EGAT)
1898,2567,หนี้ในประเทศ,0,5,การทางพิเศษแห่งประเทศไทย (EXAT)
1899,2567,หนี้ในประเทศ,0,5,องค์การอุตสาหกรรมป่าไม้ (FIO)
1900,2567,หนี้ในประเทศ,0,5,การนิคมอุตสาหกรรมแห่งประเทศไทย (IEAT)
1901,2567,หนี้ในประเทศ,0,5,การไฟฟ้านครหลวง (MEA)
1902,2567,หนี้ในประเทศ,0,5,องค์การตลาดเพื่อเกษตรกร (MOFF)
1903,2567,หนี้ในประเทศ,0,5,การรถไฟฟ้าขนส่งมวลชนแห่งประเทศไทย (MRTA)
1904,2567,หนี้ในประเทศ,0,5,การประปานครหลวง (MWA)
1905,2567,หนี้ในประเทศ,27500,5,การเคหะแห่งชาติ (NHA)
1906,2567,หนี้ในประเทศ,0,5,การท่าเรือแห่งประเทศไทย (PAT)
1907,2567,หนี้ในประเทศ,0,5,การไฟฟ้าส่วนภูมิภาค (PEA)
1908,2567,หนี้ในประเทศ,0,5,องค์การคลังสินค้า (PWO)
1909,2567,หนี้ในประเทศ,6920,5,การประปาส่วนภูมิภาค (PWA)
1910,2567,หนี้ในประเทศ,825.31,5,การยางแห่งประเทศไทย (RAOT)
1911,2567,หนี้ในประเทศ,243763.19,5,การรถไฟแห่งประเทศไทย (SRT)
1912,2567,หนี้ในประเทศ,0,5,องค์การแบตเตอรี่ (TBO)**
1913,2567,หนี้ในประเทศ,0,5,องค์การรับส่งสินค้าและพัสดุภัณฑ์ (ETO) **
1914,2567,หนี้ในประเทศ,0,5,องค์การฟอกหนัง (TTO)**
1915,2567,หนี้ในประเทศ,0,5,สำนักงานธนานุเคราะห์ (PAWN)***
1916,2567,หนี้ในประเทศ,0,5,องค์การเภสัชกรรม
1917,2567,หนี้ในประเทศ,0,5,2. บริษัทจำกัด และบริษัทมหาชนจำกัด
1918,2567,หนี้ในประเทศ,0,5,บริษัท วิทยุการบินแห่งประเทศไทย จำกัด (AERO)
1919,2567,หนี้ในประเทศ,0,5,บริษัท บางจากปิโตรเลียม จำกัด (มหาชน) (BPC)*
1920,2567,หนี้ในประเทศ,0,5,บริษัท กสท.โทรคมนาคม จำกัด (มหาชน) (CAT)
1921,2567,หนี้ในประเทศ,0,5,บริษัท กรุงไทย คอมพิวเตอร์ เซอร์วิสเซส จำกัด (KTBCS)
1922,2567,หนี้ในประเทศ,0,5,บริษัท กรุงไทยธุรกิจบริการ จำกัด (KTBGS)
1923,2567,หนี้ในประเทศ,0,5,บริษัท ท่าอากาศยานไทย จำกัด (มหาชน) (AOT)
1924,2567,หนี้ในประเทศ,0,5,บริษัท ปตท. สำรวจและผลิตปิโตรเลียม จำกัด (มหาชน) (PEPC) *
1925,2567,หนี้ในประเทศ,0,5,บริษัท ปตท.สผ. อินเตอร์เนชั่นแนล จำกัด (PEPI)*
1926,2567,หนี้ในประเทศ,0,5,บริษัท ปตท. จำกัด (มหาชน) (PTT)
1927,2567,หนี้ในประเทศ,0,5,บริษัท การบินไทย จำกัด (มหาชน) (THAI)*
1928,2567,หนี้ในประเทศ,0,5,บริษัท ทีโอที จำกัด (มหาชน) (TOT)
1929,2567,หนี้ในประเทศ,0,5,บริษัท ไม้อัดไทย จำกัด (TTPC)**
1930,2567,หนี้ในประเทศ,0,5,บริษัท อู่กรุงเทพ จำกัด (BDC)
1931,2567,หนี้ในประเทศ,0,5,บริษัท โรงแรมท่าอากาศยานสุวรรณภูมิ จำกัด (SAH)
1932,2567,หนี้ในประเทศ,0,5,บริษัท ผลิตไฟฟ้าและน้ำเย็น จำกัด (DCAP)
1933,2567,หนี้ในประเทศ,0,5,บริษัท ธนารักษ์พัฒนาสินทรัพย์ จำกัด (ธพส.) (DAD)
1934,2567,หนี้ในประเทศ,0,5,บริษัท พีอีเอ เอ็นคอม อินเตอร์เนชั่นแนล จำกัด (PEA ENCOM)
1935,2567,หนี้ในประเทศ,471888.28,5,รวม
1936,2567,หนี้ต่างประเทศ,25228.88,5,1. องค์กรของรัฐ
1937,2567,หนี้ต่างประเทศ,0,5,องค์การขนส่งมวลชนกรุงเทพ (BMTA)
1938,2567,หนี้ต่างประเทศ,0,5,สถาบันการบินพลเรือน (CATC)
1939,2567,หนี้ต่างประเทศ,0,5,องค์การส่งเสริมกิจการโคนมแห่งประเทศไทย (DPO)
1940,2567,หนี้ต่างประเทศ,0,5,การไฟฟ้าฝ่ายผลิตแห่งประเทศไทย (EGAT)
1941,2567,หนี้ต่างประเทศ,0,5,การทางพิเศษแห่งประเทศไทย (EXAT)
1942,2567,หนี้ต่างประเทศ,0,5,องค์การอุตสาหกรรมป่าไม้ (FIO)
1943,2567,หนี้ต่างประเทศ,0,5,การนิคมอุตสาหกรรมแห่งประเทศไทย (IEAT)
1944,2567,หนี้ต่างประเทศ,0,5,การไฟฟ้านครหลวง (MEA)
1945,2567,หนี้ต่างประเทศ,0,5,องค์การตลาดเพื่อเกษตรกร (MOFF)
1946,2567,หนี้ต่างประเทศ,25112.48,5,การรถไฟฟ้าขนส่งมวลชนแห่งประเทศไทย (MRTA)
1947,2567,หนี้ต่างประเทศ,46.77,5,การประปานครหลวง (MWA)
1948,2567,หนี้ต่างประเทศ,0,5,การเคหะแห่งชาติ (NHA)
1949,2567,หนี้ต่างประเทศ,0,5,การท่าเรือแห่งประเทศไทย (PAT)
1950,2567,หนี้ต่างประเทศ,0,5,การไฟฟ้าส่วนภูมิภาค (PEA)
1951,2567,หนี้ต่างประเทศ,0,5,องค์การคลังสินค้า (PWO)
1952,2567,หนี้ต่างประเทศ,0,5,การประปาส่วนภูมิภาค (PWA)
1953,2567,หนี้ต่างประเทศ,0,5,การยางแห่งประเทศไทย (RAOT)
1954,2567,หนี้ต่างประเทศ,69.63,5,การรถไฟแห่งประเทศไทย (SRT)
1955,2567,หนี้ต่างประเทศ,0,5,องค์การแบตเตอรี่ (TBO)**
1956,2567,หนี้ต่างประเทศ,0,5,องค์การรับส่งสินค้าและพัสดุภัณฑ์ (ETO) **
1957,2567,หนี้ต่างประเทศ,0,5,องค์การฟอกหนัง (TTO)**
1958,2567,หนี้ต่างประเทศ,0,5,สำนักงานธนานุเคราะห์ (PAWN)***
1959,2567,หนี้ต่างประเทศ,0,5,องค์การเภสัชกรรม
1960,2567,หนี้ต่างประเทศ,2580.28,5,2. บริษัทจำกัด และบริษัทมหาชนจำกัด
1961,2567,หนี้ต่างประเทศ,0,5,บริษัท วิทยุการบินแห่งประเทศไทย จำกัด (AERO)
1962,2567,หนี้ต่างประเทศ,0,5,บริษัท บางจากปิโตรเลียม จำกัด (มหาชน) (BPC)*
1963,2567,หนี้ต่างประเทศ,0,5,บริษัท กสท.โทรคมนาคม จำกัด (มหาชน) (CAT)
1964,2567,หนี้ต่างประเทศ,0,5,บริษัท กรุงไทย คอมพิวเตอร์ เซอร์วิสเซส จำกัด (KTBCS)
1965,2567,หนี้ต่างประเทศ,0,5,บริษัท กรุงไทยธุรกิจบริการ จำกัด (KTBGS)
1966,2567,หนี้ต่างประเทศ,2580.28,5,บริษัท ท่าอากาศยานไทย จำกัด (มหาชน) (AOT)
1967,2567,หนี้ต่างประเทศ,0,5,บริษัท ปตท. สำรวจและผลิตปิโตรเลียม จำกัด (มหาชน) (PEPC) *
1968,2567,หนี้ต่างประเทศ,0,5,บริษัท ปตท.สผ. อินเตอร์เนชั่นแนล จำกัด (PEPI)*
1969,2567,หนี้ต่างประเทศ,0,5,บริษัท ปตท. จำกัด (มหาชน) (PTT)
1970,2567,หนี้ต่างประเทศ,0,5,บริษัท การบินไทย จำกัด (มหาชน) (THAI)*
1971,2567,หนี้ต่างประเทศ,0,5,บริษัท ทีโอที จำกัด (มหาชน) (TOT)
1972,2567,หนี้ต่างประเทศ,0,5,บริษัท ไม้อัดไทย จำกัด (TTPC)**
1973,2567,หนี้ต่างประเทศ,0,5,บริษัท อู่กรุงเทพ จำกัด (BDC)
1974,2567,หนี้ต่างประเทศ,0,5,บริษัท โรงแรมท่าอากาศยานสุวรรณภูมิ จำกัด (SAH)
1975,2567,หนี้ต่างประเทศ,0,5,บริษัท ผลิตไฟฟ้าและน้ำเย็น จำกัด (DCAP)
1976,2567,หนี้ต่างประเทศ,0,5,บริษัท ธนารักษ์พัฒนาสินทรัพย์ จำกัด (ธพส.) (DAD)
1977,2567,หนี้ต่างประเทศ,0,5,บริษัท พีอีเอ เอ็นคอม อินเตอร์เนชั่นแนล จำกัด (PEA ENCOM)
1978,2567,หนี้ต่างประเทศ,27809.16,5,รวม
1979,2567,หนี้ในประเทศ,470659.93,4,1. องค์กรของรัฐ
1980,2567,หนี้ในประเทศ,137293.85,4,องค์การขนส่งมวลชนกรุงเทพ (BMTA)
1981,2567,หนี้ในประเทศ,0,4,สถาบันการบินพลเรือน (CATC)
1982,2567,หนี้ในประเทศ,0,4,องค์การส่งเสริมกิจการโคนมแห่งประเทศไทย (DPO)
1983,2567,หนี้ในประเทศ,55000,4,การไฟฟ้าฝ่ายผลิตแห่งประเทศไทย (EGAT)
1984,2567,หนี้ในประเทศ,0,4,การทางพิเศษแห่งประเทศไทย (EXAT)
1985,2567,หนี้ในประเทศ,0,4,องค์การอุตสาหกรรมป่าไม้ (FIO)
1986,2567,หนี้ในประเทศ,0,4,การนิคมอุตสาหกรรมแห่งประเทศไทย (IEAT)
1987,2567,หนี้ในประเทศ,0,4,การไฟฟ้านครหลวง (MEA)
1988,2567,หนี้ในประเทศ,0,4,องค์การตลาดเพื่อเกษตรกร (MOFF)
1989,2567,หนี้ในประเทศ,0,4,การรถไฟฟ้าขนส่งมวลชนแห่งประเทศไทย (MRTA)
1990,2567,หนี้ในประเทศ,0,4,การประปานครหลวง (MWA)
1991,2567,หนี้ในประเทศ,28060,4,การเคหะแห่งชาติ (NHA)
1992,2567,หนี้ในประเทศ,0,4,การท่าเรือแห่งประเทศไทย (PAT)
1993,2567,หนี้ในประเทศ,0,4,การไฟฟ้าส่วนภูมิภาค (PEA)
1994,2567,หนี้ในประเทศ,0,4,องค์การคลังสินค้า (PWO)
1995,2567,หนี้ในประเทศ,6920,4,การประปาส่วนภูมิภาค (PWA)
1996,2567,หนี้ในประเทศ,825.31,4,การยางแห่งประเทศไทย (RAOT)
1997,2567,หนี้ในประเทศ,242560.77,4,การรถไฟแห่งประเทศไทย (SRT)
1998,2567,หนี้ในประเทศ,0,4,องค์การแบตเตอรี่ (TBO)**
1999,2567,หนี้ในประเทศ,0,4,องค์การรับส่งสินค้าและพัสดุภัณฑ์ (ETO) **
2000,2567,หนี้ในประเทศ,0,4,องค์การฟอกหนัง (TTO)**
2001,2567,หนี้ในประเทศ,0,4,สำนักงานธนานุเคราะห์ (PAWN)***
2002,2567,หนี้ในประเทศ,0,4,องค์การเภสัชกรรม
2003,2567,หนี้ในประเทศ,0,4,2. บริษัทจำกัด และบริษัทมหาชนจำกัด
2004,2567,หนี้ในประเทศ,0,4,บริษัท วิทยุการบินแห่งประเทศไทย จำกัด (AERO)
2005,2567,หนี้ในประเทศ,0,4,บริษัท บางจากปิโตรเลียม จำกัด (มหาชน) (BPC)*
2006,2567,หนี้ในประเทศ,0,4,บริษัท กสท.โทรคมนาคม จำกัด (มหาชน) (CAT)
2007,2567,หนี้ในประเทศ,0,4,บริษัท กรุงไทย คอมพิวเตอร์ เซอร์วิสเซส จำกัด (KTBCS)
2008,2567,หนี้ในประเทศ,0,4,บริษัท กรุงไทยธุรกิจบริการ จำกัด (KTBGS)
2009,2567,หนี้ในประเทศ,0,4,บริษัท ท่าอากาศยานไทย จำกัด (มหาชน) (AOT)
2010,2567,หนี้ในประเทศ,0,4,บริษัท ปตท. สำรวจและผลิตปิโตรเลียม จำกัด (มหาชน) (PEPC) *
2011,2567,หนี้ในประเทศ,0,4,บริษัท ปตท.สผ. อินเตอร์เนชั่นแนล จำกัด (PEPI)*
2012,2567,หนี้ในประเทศ,0,4,บริษัท ปตท. จำกัด (มหาชน) (PTT)
2013,2567,หนี้ในประเทศ,0,4,บริษัท การบินไทย จำกัด (มหาชน) (THAI)*
2014,2567,หนี้ในประเทศ,0,4,บริษัท ทีโอที จำกัด (มหาชน) (TOT)
2015,2567,หนี้ในประเทศ,0,4,บริษัท ไม้อัดไทย จำกัด (TTPC)**
2016,2567,หนี้ในประเทศ,0,4,บริษัท อู่กรุงเทพ จำกัด (BDC)
2017,2567,หนี้ในประเทศ,0,4,บริษัท โรงแรมท่าอากาศยานสุวรรณภูมิ จำกัด (SAH)
2018,2567,หนี้ในประเทศ,0,4,บริษัท ผลิตไฟฟ้าและน้ำเย็น จำกัด (DCAP)
2019,2567,หนี้ในประเทศ,0,4,บริษัท ธนารักษ์พัฒนาสินทรัพย์ จำกัด (ธพส.) (DAD)
2020,2567,หนี้ในประเทศ,0,4,บริษัท พีอีเอ เอ็นคอม อินเตอร์เนชั่นแนล จำกัด (PEA ENCOM)
2021,2567,หนี้ในประเทศ,470659.93,4,รวม
2022,2567,หนี้ต่างประเทศ,25259.21,4,1. องค์กรของรัฐ
2023,2567,หนี้ต่างประเทศ,0,4,องค์การขนส่งมวลชนกรุงเทพ (BMTA)
2024,2567,หนี้ต่างประเทศ,0,4,สถาบันการบินพลเรือน (CATC)
2025,2567,หนี้ต่างประเทศ,0,4,องค์การส่งเสริมกิจการโคนมแห่งประเทศไทย (DPO)
2026,2567,หนี้ต่างประเทศ,0,4,การไฟฟ้าฝ่ายผลิตแห่งประเทศไทย (EGAT)
2027,2567,หนี้ต่างประเทศ,0,4,การทางพิเศษแห่งประเทศไทย (EXAT)
2028,2567,หนี้ต่างประเทศ,0,4,องค์การอุตสาหกรรมป่าไม้ (FIO)
2029,2567,หนี้ต่างประเทศ,0,4,การนิคมอุตสาหกรรมแห่งประเทศไทย (IEAT)
2030,2567,หนี้ต่างประเทศ,0,4,การไฟฟ้านครหลวง (MEA)
2031,2567,หนี้ต่างประเทศ,0,4,องค์การตลาดเพื่อเกษตรกร (MOFF)
2032,2567,หนี้ต่างประเทศ,25142.92,4,การรถไฟฟ้าขนส่งมวลชนแห่งประเทศไทย (MRTA)
2033,2567,หนี้ต่างประเทศ,46.77,4,การประปานครหลวง (MWA)
2034,2567,หนี้ต่างประเทศ,0,4,การเคหะแห่งชาติ (NHA)
2035,2567,หนี้ต่างประเทศ,0,4,การท่าเรือแห่งประเทศไทย (PAT)
2036,2567,หนี้ต่างประเทศ,0,4,การไฟฟ้าส่วนภูมิภาค (PEA)
2037,2567,หนี้ต่างประเทศ,0,4,องค์การคลังสินค้า (PWO)
2038,2567,หนี้ต่างประเทศ,0,4,การประปาส่วนภูมิภาค (PWA)
2039,2567,หนี้ต่างประเทศ,0,4,การยางแห่งประเทศไทย (RAOT)
2040,2567,หนี้ต่างประเทศ,69.52,4,การรถไฟแห่งประเทศไทย (SRT)
2041,2567,หนี้ต่างประเทศ,0,4,องค์การแบตเตอรี่ (TBO)**
2042,2567,หนี้ต่างประเทศ,0,4,องค์การรับส่งสินค้าและพัสดุภัณฑ์ (ETO) **
2043,2567,หนี้ต่างประเทศ,0,4,องค์การฟอกหนัง (TTO)**
2044,2567,หนี้ต่างประเทศ,0,4,สำนักงานธนานุเคราะห์ (PAWN)***
2045,2567,หนี้ต่างประเทศ,0,4,องค์การเภสัชกรรม
2046,2567,หนี้ต่างประเทศ,2582.17,4,2. บริษัทจำกัด และบริษัทมหาชนจำกัด
2047,2567,หนี้ต่างประเทศ,0,4,บริษัท วิทยุการบินแห่งประเทศไทย จำกัด (AERO)
2048,2567,หนี้ต่างประเทศ,0,4,บริษัท บางจากปิโตรเลียม จำกัด (มหาชน) (BPC)*
2049,2567,หนี้ต่างประเทศ,0,4,บริษัท กสท.โทรคมนาคม จำกัด (มหาชน) (CAT)
2050,2567,หนี้ต่างประเทศ,0,4,บริษัท กรุงไทย คอมพิวเตอร์ เซอร์วิสเซส จำกัด (KTBCS)
2051,2567,หนี้ต่างประเทศ,0,4,บริษัท กรุงไทยธุรกิจบริการ จำกัด (KTBGS)
2052,2567,หนี้ต่างประเทศ,2582.17,4,บริษัท ท่าอากาศยานไทย จำกัด (มหาชน) (AOT)
2053,2567,หนี้ต่างประเทศ,0,4,บริษัท ปตท. สำรวจและผลิตปิโตรเลียม จำกัด (มหาชน) (PEPC) *
2054,2567,หนี้ต่างประเทศ,0,4,บริษัท ปตท.สผ. อินเตอร์เนชั่นแนล จำกัด (PEPI)*
2055,2567,หนี้ต่างประเทศ,0,4,บริษัท ปตท. จำกัด (มหาชน) (PTT)
2056,2567,หนี้ต่างประเทศ,0,4,บริษัท การบินไทย จำกัด (มหาชน) (THAI)*
2057,2567,หนี้ต่างประเทศ,0,4,บริษัท ทีโอที จำกัด (มหาชน) (TOT)
2058,2567,หนี้ต่างประเทศ,0,4,บริษัท ไม้อัดไทย จำกัด (TTPC)**
2059,2567,หนี้ต่างประเทศ,0,4,บริษัท อู่กรุงเทพ จำกัด (BDC)
2060,2567,หนี้ต่างประเทศ,0,4,บริษัท โรงแรมท่าอากาศยานสุวรรณภูมิ จำกัด (SAH)
2061,2567,หนี้ต่างประเทศ,0,4,บริษัท ผลิตไฟฟ้าและน้ำเย็น จำกัด (DCAP)
2062,2567,หนี้ต่างประเทศ,0,4,บริษัท ธนารักษ์พัฒนาสินทรัพย์ จำกัด (ธพส.) (DAD)
2063,2567,หนี้ต่างประเทศ,0,4,บริษัท พีอีเอ เอ็นคอม อินเตอร์เนชั่นแนล จำกัด (PEA ENCOM)
2064,2567,หนี้ต่างประเทศ,2582.17,4,รวม
2065,2567,หนี้ในประเทศ,469778.4,3,1. องค์กรของรัฐ
2066,2567,หนี้ในประเทศ,136698.07,3,องค์การขนส่งมวลชนกรุงเทพ (BMTA)
2067,2567,หนี้ในประเทศ,0,3,สถาบันการบินพลเรือน (CATC)
2068,2567,หนี้ในประเทศ,114.3,3,องค์การส่งเสริมกิจการโคนมแห่งประเทศไทย (DPO)
2069,2567,หนี้ในประเทศ,55000,3,การไฟฟ้าฝ่ายผลิตแห่งประเทศไทย (EGAT)
2070,2567,หนี้ในประเทศ,0,3,การทางพิเศษแห่งประเทศไทย (EXAT)
2071,2567,หนี้ในประเทศ,0,3,องค์การอุตสาหกรรมป่าไม้ (FIO)
2072,2567,หนี้ในประเทศ,0,3,การนิคมอุตสาหกรรมแห่งประเทศไทย (IEAT)
2073,2567,หนี้ในประเทศ,0,3,การไฟฟ้านครหลวง (MEA)
2074,2567,หนี้ในประเทศ,0,3,องค์การตลาดเพื่อเกษตรกร (MOFF)
2075,2567,หนี้ในประเทศ,0,3,การรถไฟฟ้าขนส่งมวลชนแห่งประเทศไทย (MRTA)
2076,2567,หนี้ในประเทศ,0,3,การประปานครหลวง (MWA)
2077,2567,หนี้ในประเทศ,28060,3,การเคหะแห่งชาติ (NHA)
2078,2567,หนี้ในประเทศ,0,3,การท่าเรือแห่งประเทศไทย (PAT)
2079,2567,หนี้ในประเทศ,0,3,การไฟฟ้าส่วนภูมิภาค (PEA)
2080,2567,หนี้ในประเทศ,0,3,องค์การคลังสินค้า (PWO)
2081,2567,หนี้ในประเทศ,7920,3,การประปาส่วนภูมิภาค (PWA)
2082,2567,หนี้ในประเทศ,825.31,3,การยางแห่งประเทศไทย (RAOT)
2083,2567,หนี้ในประเทศ,241160.72,3,การรถไฟแห่งประเทศไทย (SRT)
2084,2567,หนี้ในประเทศ,0,3,องค์การแบตเตอรี่ (TBO)**
2085,2567,หนี้ในประเทศ,0,3,องค์การรับส่งสินค้าและพัสดุภัณฑ์ (ETO) **
2086,2567,หนี้ในประเทศ,0,3,องค์การฟอกหนัง (TTO)**
2087,2567,หนี้ในประเทศ,0,3,สำนักงานธนานุเคราะห์ (PAWN)***
2088,2567,หนี้ในประเทศ,0,3,องค์การเภสัชกรรม
2089,2567,หนี้ในประเทศ,0,3,2. บริษัทจำกัด และบริษัทมหาชนจำกัด
2090,2567,หนี้ในประเทศ,0,3,บริษัท วิทยุการบินแห่งประเทศไทย จำกัด (AERO)
2091,2567,หนี้ในประเทศ,0,3,บริษัท บางจากปิโตรเลียม จำกัด (มหาชน) (BPC)*
2092,2567,หนี้ในประเทศ,0,3,บริษัท กสท.โทรคมนาคม จำกัด (มหาชน) (CAT)
2093,2567,หนี้ในประเทศ,0,3,บริษัท กรุงไทย คอมพิวเตอร์ เซอร์วิสเซส จำกัด (KTBCS)
2094,2567,หนี้ในประเทศ,0,3,บริษัท กรุงไทยธุรกิจบริการ จำกัด (KTBGS)
2095,2567,หนี้ในประเทศ,0,3,บริษัท ท่าอากาศยานไทย จำกัด (มหาชน) (AOT)
2096,2567,หนี้ในประเทศ,0,3,บริษัท ปตท. สำรวจและผลิตปิโตรเลียม จำกัด (มหาชน) (PEPC) *
2097,2567,หนี้ในประเทศ,0,3,บริษัท ปตท.สผ. อินเตอร์เนชั่นแนล จำกัด (PEPI)*
2098,2567,หนี้ในประเทศ,0,3,บริษัท ปตท. จำกัด (มหาชน) (PTT)
2099,2567,หนี้ในประเทศ,0,3,บริษัท การบินไทย จำกัด (มหาชน) (THAI)*
2100,2567,หนี้ในประเทศ,0,3,บริษัท ทีโอที จำกัด (มหาชน) (TOT)
2101,2567,หนี้ในประเทศ,0,3,บริษัท ไม้อัดไทย จำกัด (TTPC)**
2102,2567,หนี้ในประเทศ,0,3,บริษัท อู่กรุงเทพ จำกัด (BDC)
2103,2567,หนี้ในประเทศ,0,3,บริษัท โรงแรมท่าอากาศยานสุวรรณภูมิ จำกัด (SAH)
2104,2567,หนี้ในประเทศ,0,3,บริษัท ผลิตไฟฟ้าและน้ำเย็น จำกัด (DCAP)
2105,2567,หนี้ในประเทศ,0,3,บริษัท ธนารักษ์พัฒนาสินทรัพย์ จำกัด (ธพส.) (DAD)
2106,2567,หนี้ในประเทศ,0,3,บริษัท พีอีเอ เอ็นคอม อินเตอร์เนชั่นแนล จำกัด (PEA ENCOM)
2107,2567,หนี้ในประเทศ,469778.4,3,รวม
2108,2567,หนี้ต่างประเทศ,25469.59,3,1. องค์กรของรัฐ
2109,2567,หนี้ต่างประเทศ,0,3,องค์การขนส่งมวลชนกรุงเทพ (BMTA)
2110,2567,หนี้ต่างประเทศ,0,3,สถาบันการบินพลเรือน (CATC)
2111,2567,หนี้ต่างประเทศ,0,3,องค์การส่งเสริมกิจการโคนมแห่งประเทศไทย (DPO)
2112,2567,หนี้ต่างประเทศ,0,3,การไฟฟ้าฝ่ายผลิตแห่งประเทศไทย (EGAT)
2113,2567,หนี้ต่างประเทศ,0,3,การทางพิเศษแห่งประเทศไทย (EXAT)
2114,2567,หนี้ต่างประเทศ,0,3,องค์การอุตสาหกรรมป่าไม้ (FIO)
2115,2567,หนี้ต่างประเทศ,0,3,การนิคมอุตสาหกรรมแห่งประเทศไทย (IEAT)
2116,2567,หนี้ต่างประเทศ,0,3,การไฟฟ้านครหลวง (MEA)
2117,2567,หนี้ต่างประเทศ,0,3,องค์การตลาดเพื่อเกษตรกร (MOFF)
2118,2567,หนี้ต่างประเทศ,25353.98,3,การรถไฟฟ้าขนส่งมวลชนแห่งประเทศไทย (MRTA)
2119,2567,หนี้ต่างประเทศ,46.7,3,การประปานครหลวง (MWA)
2120,2567,หนี้ต่างประเทศ,0,3,การเคหะแห่งชาติ (NHA)
2121,2567,หนี้ต่างประเทศ,0,3,การท่าเรือแห่งประเทศไทย (PAT)
2122,2567,หนี้ต่างประเทศ,0,3,การไฟฟ้าส่วนภูมิภาค (PEA)
2123,2567,หนี้ต่างประเทศ,0,3,องค์การคลังสินค้า (PWO)
2124,2567,หนี้ต่างประเทศ,0,3,การประปาส่วนภูมิภาค (PWA)
2125,2567,หนี้ต่างประเทศ,0,3,การยางแห่งประเทศไทย (RAOT)
2126,2567,หนี้ต่างประเทศ,68.84,3,การรถไฟแห่งประเทศไทย (SRT)
2127,2567,หนี้ต่างประเทศ,0,3,องค์การแบตเตอรี่ (TBO)**
2128,2567,หนี้ต่างประเทศ,0,3,องค์การรับส่งสินค้าและพัสดุภัณฑ์ (ETO) **
2129,2567,หนี้ต่างประเทศ,0,3,องค์การฟอกหนัง (TTO)**
2130,2567,หนี้ต่างประเทศ,0,3,สำนักงานธนานุเคราะห์ (PAWN)***
2131,2567,หนี้ต่างประเทศ,0,3,องค์การเภสัชกรรม
2132,2567,หนี้ต่างประเทศ,2727.1,3,2. บริษัทจำกัด และบริษัทมหาชนจำกัด
2133,2567,หนี้ต่างประเทศ,0,3,บริษัท วิทยุการบินแห่งประเทศไทย จำกัด (AERO)
2134,2567,หนี้ต่างประเทศ,0,3,บริษัท บางจากปิโตรเลียม จำกัด (มหาชน) (BPC)*
2135,2567,หนี้ต่างประเทศ,0,3,บริษัท กสท.โทรคมนาคม จำกัด (มหาชน) (CAT)
2136,2567,หนี้ต่างประเทศ,0,3,บริษัท กรุงไทย คอมพิวเตอร์ เซอร์วิสเซส จำกัด (KTBCS)
2137,2567,หนี้ต่างประเทศ,0,3,บริษัท กรุงไทยธุรกิจบริการ จำกัด (KTBGS)
2138,2567,หนี้ต่างประเทศ,2727.1,3,บริษัท ท่าอากาศยานไทย จำกัด (มหาชน) (AOT)
2139,2567,หนี้ต่างประเทศ,0,3,บริษัท ปตท. สำรวจและผลิตปิโตรเลียม จำกัด (มหาชน) (PEPC) *
2140,2567,หนี้ต่างประเทศ,0,3,บริษัท ปตท.สผ. อินเตอร์เนชั่นแนล จำกัด (PEPI)*
2141,2567,หนี้ต่างประเทศ,0,3,บริษัท ปตท. จำกัด (มหาชน) (PTT)
2142,2567,หนี้ต่างประเทศ,0,3,บริษัท การบินไทย จำกัด (มหาชน) (THAI)*
2143,2567,หนี้ต่างประเทศ,0,3,บริษัท ทีโอที จำกัด (มหาชน) (TOT)
2144,2567,หนี้ต่างประเทศ,0,3,บริษัท ไม้อัดไทย จำกัด (TTPC)**
2145,2567,หนี้ต่างประเทศ,0,3,บริษัท อู่กรุงเทพ จำกัด (BDC)
2146,2567,หนี้ต่างประเทศ,0,3,บริษัท โรงแรมท่าอากาศยานสุวรรณภูมิ จำกัด (SAH)
2147,2567,หนี้ต่างประเทศ,0,3,บริษัท ผลิตไฟฟ้าและน้ำเย็น จำกัด (DCAP)
2148,2567,หนี้ต่างประเทศ,0,3,บริษัท ธนารักษ์พัฒนาสินทรัพย์ จำกัด (ธพส.) (DAD)
2149,2567,หนี้ต่างประเทศ,0,3,บริษัท พีอีเอ เอ็นคอม อินเตอร์เนชั่นแนล จำกัด (PEA ENCOM)
2150,2567,หนี้ต่างประเทศ,28196.69,3,รวม
2151,2567,หนี้ในประเทศ,467501.83,2,1. องค์กรของรัฐ
2152,2567,หนี้ในประเทศ,136008.07,2,องค์การขนส่งมวลชนกรุงเทพ (BMTA)
2153,2567,หนี้ในประเทศ,0,2,สถาบันการบินพลเรือน (CATC)
2154,2567,หนี้ในประเทศ,60.22,2,องค์การส่งเสริมกิจการโคนมแห่งประเทศไทย (DPO)
2155,2567,หนี้ในประเทศ,55000,2,การไฟฟ้าฝ่ายผลิตแห่งประเทศไทย (EGAT)
2156,2567,หนี้ในประเทศ,0,2,การทางพิเศษแห่งประเทศไทย (EXAT)
2157,2567,หนี้ในประเทศ,0,2,องค์การอุตสาหกรรมป่าไม้ (FIO)
2158,2567,หนี้ในประเทศ,0,2,การนิคมอุตสาหกรรมแห่งประเทศไทย (IEAT)
2159,2567,หนี้ในประเทศ,0,2,การไฟฟ้านครหลวง (MEA)
2160,2567,หนี้ในประเทศ,0,2,องค์การตลาดเพื่อเกษตรกร (MOFF)
2161,2567,หนี้ในประเทศ,0,2,การรถไฟฟ้าขนส่งมวลชนแห่งประเทศไทย (MRTA)
2162,2567,หนี้ในประเทศ,0,2,การประปานครหลวง (MWA)
2163,2567,หนี้ในประเทศ,28240,2,การเคหะแห่งชาติ (NHA)
2164,2567,หนี้ในประเทศ,0,2,การท่าเรือแห่งประเทศไทย (PAT)
2165,2567,หนี้ในประเทศ,0,2,การไฟฟ้าส่วนภูมิภาค (PEA)
2166,2567,หนี้ในประเทศ,0,2,องค์การคลังสินค้า (PWO)
2167,2567,หนี้ในประเทศ,7920,2,การประปาส่วนภูมิภาค (PWA)
2168,2567,หนี้ในประเทศ,825.31,2,การยางแห่งประเทศไทย (RAOT)
2169,2567,หนี้ในประเทศ,239448.23,2,การรถไฟแห่งประเทศไทย (SRT)
2170,2567,หนี้ในประเทศ,0,2,องค์การแบตเตอรี่ (TBO)**
2171,2567,หนี้ในประเทศ,0,2,องค์การรับส่งสินค้าและพัสดุภัณฑ์ (ETO) **
2172,2567,หนี้ในประเทศ,0,2,องค์การฟอกหนัง (TTO)**
2173,2567,หนี้ในประเทศ,0,2,สำนักงานธนานุเคราะห์ (PAWN)***
2174,2567,หนี้ในประเทศ,0,2,องค์การเภสัชกรรม
2175,2567,หนี้ในประเทศ,0,2,2. บริษัทจำกัด และบริษัทมหาชนจำกัด
2176,2567,หนี้ในประเทศ,0,2,บริษัท วิทยุการบินแห่งประเทศไทย จำกัด (AERO)
2177,2567,หนี้ในประเทศ,0,2,บริษัท บางจากปิโตรเลียม จำกัด (มหาชน) (BPC)*
2178,2567,หนี้ในประเทศ,0,2,บริษัท กสท.โทรคมนาคม จำกัด (มหาชน) (CAT)
2179,2567,หนี้ในประเทศ,0,2,บริษัท กรุงไทย คอมพิวเตอร์ เซอร์วิสเซส จำกัด (KTBCS)
2180,2567,หนี้ในประเทศ,0,2,บริษัท กรุงไทยธุรกิจบริการ จำกัด (KTBGS)
2181,2567,หนี้ในประเทศ,0,2,บริษัท ท่าอากาศยานไทย จำกัด (มหาชน) (AOT)
2182,2567,หนี้ในประเทศ,0,2,บริษัท ปตท. สำรวจและผลิตปิโตรเลียม จำกัด (มหาชน) (PEPC) *
2183,2567,หนี้ในประเทศ,0,2,บริษัท ปตท.สผ. อินเตอร์เนชั่นแนล จำกัด (PEPI)*
2184,2567,หนี้ในประเทศ,0,2,บริษัท ปตท. จำกัด (มหาชน) (PTT)
2185,2567,หนี้ในประเทศ,0,2,บริษัท การบินไทย จำกัด (มหาชน) (THAI)*
2186,2567,หนี้ในประเทศ,0,2,บริษัท ทีโอที จำกัด (มหาชน) (TOT)
2187,2567,หนี้ในประเทศ,0,2,บริษัท ไม้อัดไทย จำกัด (TTPC)**
2188,2567,หนี้ในประเทศ,0,2,บริษัท อู่กรุงเทพ จำกัด (BDC)
2189,2567,หนี้ในประเทศ,0,2,บริษัท โรงแรมท่าอากาศยานสุวรรณภูมิ จำกัด (SAH)
2190,2567,หนี้ในประเทศ,0,2,บริษัท ผลิตไฟฟ้าและน้ำเย็น จำกัด (DCAP)
2191,2567,หนี้ในประเทศ,0,2,บริษัท ธนารักษ์พัฒนาสินทรัพย์ จำกัด (ธพส.) (DAD)
2192,2567,หนี้ในประเทศ,0,2,บริษัท พีอีเอ เอ็นคอม อินเตอร์เนชั่นแนล จำกัด (PEA ENCOM)
2193,2567,หนี้ในประเทศ,467501.83,2,รวม
2194,2567,หนี้ต่างประเทศ,25956.89,2,1. องค์กรของรัฐ
2195,2567,หนี้ต่างประเทศ,0,2,องค์การขนส่งมวลชนกรุงเทพ (BMTA)
2196,2567,หนี้ต่างประเทศ,0,2,สถาบันการบินพลเรือน (CATC)
2197,2567,หนี้ต่างประเทศ,0,2,องค์การส่งเสริมกิจการโคนมแห่งประเทศไทย (DPO)
2198,2567,หนี้ต่างประเทศ,0,2,การไฟฟ้าฝ่ายผลิตแห่งประเทศไทย (EGAT)
2199,2567,หนี้ต่างประเทศ,0,2,การทางพิเศษแห่งประเทศไทย (EXAT)
2200,2567,หนี้ต่างประเทศ,0,2,องค์การอุตสาหกรรมป่าไม้ (FIO)
2201,2567,หนี้ต่างประเทศ,0,2,การนิคมอุตสาหกรรมแห่งประเทศไทย (IEAT)
2202,2567,หนี้ต่างประเทศ,0,2,การไฟฟ้านครหลวง (MEA)
2203,2567,หนี้ต่างประเทศ,0,2,องค์การตลาดเพื่อเกษตรกร (MOFF)
2204,2567,หนี้ต่างประเทศ,25795.14,2,การรถไฟฟ้าขนส่งมวลชนแห่งประเทศไทย (MRTA)
2205,2567,หนี้ต่างประเทศ,93.53,2,การประปานครหลวง (MWA)
2206,2567,หนี้ต่างประเทศ,0,2,การเคหะแห่งชาติ (NHA)
2207,2567,หนี้ต่างประเทศ,0,2,การท่าเรือแห่งประเทศไทย (PAT)
2208,2567,หนี้ต่างประเทศ,0,2,การไฟฟ้าส่วนภูมิภาค (PEA)
2209,2567,หนี้ต่างประเทศ,0,2,องค์การคลังสินค้า (PWO)
2210,2567,หนี้ต่างประเทศ,0,2,การประปาส่วนภูมิภาค (PWA)
2211,2567,หนี้ต่างประเทศ,0,2,การยางแห่งประเทศไทย (RAOT)
2212,2567,หนี้ต่างประเทศ,68.22,2,การรถไฟแห่งประเทศไทย (SRT)
2213,2567,หนี้ต่างประเทศ,0,2,องค์การแบตเตอรี่ (TBO)**
2214,2567,หนี้ต่างประเทศ,0,2,องค์การรับส่งสินค้าและพัสดุภัณฑ์ (ETO) **
2215,2567,หนี้ต่างประเทศ,0,2,องค์การฟอกหนัง (TTO)**
2216,2567,หนี้ต่างประเทศ,0,2,สำนักงานธนานุเคราะห์ (PAWN)***
2217,2567,หนี้ต่างประเทศ,0,2,องค์การเภสัชกรรม
2218,2567,หนี้ต่างประเทศ,2927.54,2,2. บริษัทจำกัด และบริษัทมหาชนจำกัด
2219,2567,หนี้ต่างประเทศ,0,2,บริษัท วิทยุการบินแห่งประเทศไทย จำกัด (AERO)
2220,2567,หนี้ต่างประเทศ,0,2,บริษัท บางจากปิโตรเลียม จำกัด (มหาชน) (BPC)*
2221,2567,หนี้ต่างประเทศ,0,2,บริษัท กสท.โทรคมนาคม จำกัด (มหาชน) (CAT)
2222,2567,หนี้ต่างประเทศ,0,2,บริษัท กรุงไทย คอมพิวเตอร์ เซอร์วิสเซส จำกัด (KTBCS)
2223,2567,หนี้ต่างประเทศ,0,2,บริษัท กรุงไทยธุรกิจบริการ จำกัด (KTBGS)
2224,2567,หนี้ต่างประเทศ,2927.54,2,บริษัท ท่าอากาศยานไทย จำกัด (มหาชน) (AOT)
2225,2567,หนี้ต่างประเทศ,0,2,บริษัท ปตท. สำรวจและผลิตปิโตรเลียม จำกัด (มหาชน) (PEPC) *
2226,2567,หนี้ต่างประเทศ,0,2,บริษัท ปตท.สผ. อินเตอร์เนชั่นแนล จำกัด (PEPI)*
2227,2567,หนี้ต่างประเทศ,0,2,บริษัท ปตท. จำกัด (มหาชน) (PTT)
2228,2567,หนี้ต่างประเทศ,0,2,บริษัท การบินไทย จำกัด (มหาชน) (THAI)*
2229,2567,หนี้ต่างประเทศ,0,2,บริษัท ทีโอที จำกัด (มหาชน) (TOT)
2230,2567,หนี้ต่างประเทศ,0,2,บริษัท ไม้อัดไทย จำกัด (TTPC)**
2231,2567,หนี้ต่างประเทศ,0,2,บริษัท อู่กรุงเทพ จำกัด (BDC)
2232,2567,หนี้ต่างประเทศ,0,2,บริษัท โรงแรมท่าอากาศยานสุวรรณภูมิ จำกัด (SAH)
2233,2567,หนี้ต่างประเทศ,0,2,บริษัท ผลิตไฟฟ้าและน้ำเย็น จำกัด (DCAP)
2234,2567,หนี้ต่างประเทศ,0,2,บริษัท ธนารักษ์พัฒนาสินทรัพย์ จำกัด (ธพส.) (DAD)
2235,2567,หนี้ต่างประเทศ,0,2,บริษัท พีอีเอ เอ็นคอม อินเตอร์เนชั่นแนล จำกัด (PEA ENCOM)
2236,2567,หนี้ต่างประเทศ,28884.43,2,รวม
2237,2567,หนี้ในประเทศ,464906.4,1,1. องค์กรของรัฐ
2238,2567,หนี้ในประเทศ,135372.87,1,องค์การขนส่งมวลชนกรุงเทพ (BMTA)
2239,2567,หนี้ในประเทศ,0,1,สถาบันการบินพลเรือน (CATC)
2240,2567,หนี้ในประเทศ,15.17,1,องค์การส่งเสริมกิจการโคนมแห่งประเทศไทย (DPO)
2241,2567,หนี้ในประเทศ,55000,1,การไฟฟ้าฝ่ายผลิตแห่งประเทศไทย (EGAT)
2242,2567,หนี้ในประเทศ,0,1,การทางพิเศษแห่งประเทศไทย (EXAT)
2243,2567,หนี้ในประเทศ,0,1,องค์การอุตสาหกรรมป่าไม้ (FIO)
2244,2567,หนี้ในประเทศ,0,1,การนิคมอุตสาหกรรมแห่งประเทศไทย (IEAT)
2245,2567,หนี้ในประเทศ,0,1,การไฟฟ้านครหลวง (MEA)
2246,2567,หนี้ในประเทศ,0,1,องค์การตลาดเพื่อเกษตรกร (MOFF)
2247,2567,หนี้ในประเทศ,0,1,การรถไฟฟ้าขนส่งมวลชนแห่งประเทศไทย (MRTA)
2248,2567,หนี้ในประเทศ,0,1,การประปานครหลวง (MWA)
2249,2567,หนี้ในประเทศ,28240,1,การเคหะแห่งชาติ (NHA)
2250,2567,หนี้ในประเทศ,0,1,การท่าเรือแห่งประเทศไทย (PAT)
2251,2567,หนี้ในประเทศ,0,1,การไฟฟ้าส่วนภูมิภาค (PEA)
2252,2567,หนี้ในประเทศ,0,1,องค์การคลังสินค้า (PWO)
2253,2567,หนี้ในประเทศ,7920,1,การประปาส่วนภูมิภาค (PWA)
2254,2567,หนี้ในประเทศ,825.31,1,การยางแห่งประเทศไทย (RAOT)
2255,2567,หนี้ในประเทศ,237533.05,1,การรถไฟแห่งประเทศไทย (SRT)
2256,2567,หนี้ในประเทศ,0,1,องค์การแบตเตอรี่ (TBO)**
2257,2567,หนี้ในประเทศ,0,1,องค์การรับส่งสินค้าและพัสดุภัณฑ์ (ETO) **
2258,2567,หนี้ในประเทศ,0,1,องค์การฟอกหนัง (TTO)**
2259,2567,หนี้ในประเทศ,0,1,สำนักงานธนานุเคราะห์ (PAWN)***
2260,2567,หนี้ในประเทศ,0,1,องค์การเภสัชกรรม
2261,2567,หนี้ในประเทศ,0,1,2. บริษัทจำกัด และบริษัทมหาชนจำกัด
2262,2567,หนี้ในประเทศ,0,1,บริษัท วิทยุการบินแห่งประเทศไทย จำกัด (AERO)
2263,2567,หนี้ในประเทศ,0,1,บริษัท บางจากปิโตรเลียม จำกัด (มหาชน) (BPC)*
2264,2567,หนี้ในประเทศ,0,1,บริษัท กสท.โทรคมนาคม จำกัด (มหาชน) (CAT)
2265,2567,หนี้ในประเทศ,0,1,บริษัท กรุงไทย คอมพิวเตอร์ เซอร์วิสเซส จำกัด (KTBCS)
2266,2567,หนี้ในประเทศ,0,1,บริษัท กรุงไทยธุรกิจบริการ จำกัด (KTBGS)
2267,2567,หนี้ในประเทศ,0,1,บริษัท ท่าอากาศยานไทย จำกัด (มหาชน) (AOT)
2268,2567,หนี้ในประเทศ,0,1,บริษัท ปตท. สำรวจและผลิตปิโตรเลียม จำกัด (มหาชน) (PEPC) *
2269,2567,หนี้ในประเทศ,0,1,บริษัท ปตท.สผ. อินเตอร์เนชั่นแนล จำกัด (PEPI)*
2270,2567,หนี้ในประเทศ,0,1,บริษัท ปตท. จำกัด (มหาชน) (PTT)
2271,2567,หนี้ในประเทศ,0,1,บริษัท การบินไทย จำกัด (มหาชน) (THAI)*
2272,2567,หนี้ในประเทศ,0,1,บริษัท ทีโอที จำกัด (มหาชน) (TOT)
2273,2567,หนี้ในประเทศ,0,1,บริษัท ไม้อัดไทย จำกัด (TTPC)**
2274,2567,หนี้ในประเทศ,0,1,บริษัท อู่กรุงเทพ จำกัด (BDC)
2275,2567,หนี้ในประเทศ,0,1,บริษัท โรงแรมท่าอากาศยานสุวรรณภูมิ จำกัด (SAH)
2276,2567,หนี้ในประเทศ,0,1,บริษัท ผลิตไฟฟ้าและน้ำเย็น จำกัด (DCAP)
2277,2567,หนี้ในประเทศ,0,1,บริษัท ธนารักษ์พัฒนาสินทรัพย์ จำกัด (ธพส.) (DAD)
2278,2567,หนี้ในประเทศ,0,1,บริษัท พีอีเอ เอ็นคอม อินเตอร์เนชั่นแนล จำกัด (PEA ENCOM)
2279,2567,หนี้ในประเทศ,464906.4,1,รวม
2280,2567,หนี้ต่างประเทศ,25955.88,1,1. องค์กรของรัฐ
2281,2567,หนี้ต่างประเทศ,0,1,องค์การขนส่งมวลชนกรุงเทพ (BMTA)
2282,2567,หนี้ต่างประเทศ,0,1,สถาบันการบินพลเรือน (CATC)
2283,2567,หนี้ต่างประเทศ,0,1,องค์การส่งเสริมกิจการโคนมแห่งประเทศไทย (DPO)
2284,2567,หนี้ต่างประเทศ,0,1,การไฟฟ้าฝ่ายผลิตแห่งประเทศไทย (EGAT)
2285,2567,หนี้ต่างประเทศ,0,1,การทางพิเศษแห่งประเทศไทย (EXAT)
2286,2567,หนี้ต่างประเทศ,0,1,องค์การอุตสาหกรรมป่าไม้ (FIO)
2287,2567,หนี้ต่างประเทศ,0,1,การนิคมอุตสาหกรรมแห่งประเทศไทย (IEAT)
2288,2567,หนี้ต่างประเทศ,0,1,การไฟฟ้านครหลวง (MEA)
2289,2567,หนี้ต่างประเทศ,0,1,องค์การตลาดเพื่อเกษตรกร (MOFF)
2290,2567,หนี้ต่างประเทศ,25795.14,1,การรถไฟฟ้าขนส่งมวลชนแห่งประเทศไทย (MRTA)
2291,2567,หนี้ต่างประเทศ,93.53,1,การประปานครหลวง (MWA)
2292,2567,หนี้ต่างประเทศ,0,1,การเคหะแห่งชาติ (NHA)
2293,2567,หนี้ต่างประเทศ,0,1,การท่าเรือแห่งประเทศไทย (PAT)
2294,2567,หนี้ต่างประเทศ,0,1,การไฟฟ้าส่วนภูมิภาค (PEA)
2295,2567,หนี้ต่างประเทศ,0,1,องค์การคลังสินค้า (PWO)
2296,2567,หนี้ต่างประเทศ,0,1,การประปาส่วนภูมิภาค (PWA)
2297,2567,หนี้ต่างประเทศ,0,1,การยางแห่งประเทศไทย (RAOT)
2298,2567,หนี้ต่างประเทศ,67.21,1,การรถไฟแห่งประเทศไทย (SRT)
2299,2567,หนี้ต่างประเทศ,0,1,องค์การแบตเตอรี่ (TBO)**
2300,2567,หนี้ต่างประเทศ,0,1,องค์การรับส่งสินค้าและพัสดุภัณฑ์ (ETO) **
2301,2567,หนี้ต่างประเทศ,0,1,องค์การฟอกหนัง (TTO)**
2302,2567,หนี้ต่างประเทศ,0,1,สำนักงานธนานุเคราะห์ (PAWN)***
2303,2567,หนี้ต่างประเทศ,0,1,องค์การเภสัชกรรม
2304,2567,หนี้ต่างประเทศ,2928.52,1,2. บริษัทจำกัด และบริษัทมหาชนจำกัด
2305,2567,หนี้ต่างประเทศ,0,1,บริษัท วิทยุการบินแห่งประเทศไทย จำกัด (AERO)
2306,2567,หนี้ต่างประเทศ,0,1,บริษัท บางจากปิโตรเลียม จำกัด (มหาชน) (BPC)*
2307,2567,หนี้ต่างประเทศ,0,1,บริษัท กสท.โทรคมนาคม จำกัด (มหาชน) (CAT)
2308,2567,หนี้ต่างประเทศ,0,1,บริษัท กรุงไทย คอมพิวเตอร์ เซอร์วิสเซส จำกัด (KTBCS)
2309,2567,หนี้ต่างประเทศ,0,1,บริษัท กรุงไทยธุรกิจบริการ จำกัด (KTBGS)
2310,2567,หนี้ต่างประเทศ,2928.52,1,บริษัท ท่าอากาศยานไทย จำกัด (มหาชน) (AOT)
2311,2567,หนี้ต่างประเทศ,0,1,บริษัท ปตท. สำรวจและผลิตปิโตรเลียม จำกัด (มหาชน) (PEPC) *
2312,2567,หนี้ต่างประเทศ,0,1,บริษัท ปตท.สผ. อินเตอร์เนชั่นแนล จำกัด (PEPI)*
2313,2567,หนี้ต่างประเทศ,0,1,บริษัท ปตท. จำกัด (มหาชน) (PTT)
2314,2567,หนี้ต่างประเทศ,0,1,บริษัท การบินไทย จำกัด (มหาชน) (THAI)*
2315,2567,หนี้ต่างประเทศ,0,1,บริษัท ทีโอที จำกัด (มหาชน) (TOT)
2316,2567,หนี้ต่างประเทศ,0,1,บริษัท ไม้อัดไทย จำกัด (TTPC)**
2317,2567,หนี้ต่างประเทศ,0,1,บริษัท อู่กรุงเทพ จำกัด (BDC)
2318,2567,หนี้ต่างประเทศ,0,1,บริษัท โรงแรมท่าอากาศยานสุวรรณภูมิ จำกัด (SAH)
2319,2567,หนี้ต่างประเทศ,0,1,บริษัท ผลิตไฟฟ้าและน้ำเย็น จำกัด (DCAP)
2320,2567,หนี้ต่างประเทศ,0,1,บริษัท ธนารักษ์พัฒนาสินทรัพย์ จำกัด (ธพส.) (DAD)
2321,2567,หนี้ต่างประเทศ,0,1,บริษัท พีอีเอ เอ็นคอม อินเตอร์เนชั่นแนล จำกัด (PEA ENCOM)
2322,2567,หนี้ต่างประเทศ,28884.4,1,รวม
2323,2566,หนี้ในประเทศ,462997.12,12,1. องค์กรของรัฐ
2324,2566,หนี้ในประเทศ,134692.47,12,องค์การขนส่งมวลชนกรุงเทพ (BMTA)
2325,2566,หนี้ในประเทศ,0,12,สถาบันการบินพลเรือน (CATC)
2326,2566,หนี้ในประเทศ,27.15,12,องค์การส่งเสริมกิจการโคนมแห่งประเทศไทย (DPO)
2327,2566,หนี้ในประเทศ,55000,12,การไฟฟ้าฝ่ายผลิตแห่งประเทศไทย (EGAT)
2328,2566,หนี้ในประเทศ,0,12,การทางพิเศษแห่งประเทศไทย (EXAT)
2329,2566,หนี้ในประเทศ,0,12,องค์การอุตสาหกรรมป่าไม้ (FIO)
2330,2566,หนี้ในประเทศ,0,12,การนิคมอุตสาหกรรมแห่งประเทศไทย (IEAT)
2331,2566,หนี้ในประเทศ,0,12,การไฟฟ้านครหลวง (MEA)
2332,2566,หนี้ในประเทศ,0,12,องค์การตลาดเพื่อเกษตรกร (MOFF)
2333,2566,หนี้ในประเทศ,0,12,การรถไฟฟ้าขนส่งมวลชนแห่งประเทศไทย (MRTA)
2334,2566,หนี้ในประเทศ,0,12,การประปานครหลวง (MWA)
2335,2566,หนี้ในประเทศ,28240,12,การเคหะแห่งชาติ (NHA)
2336,2566,หนี้ในประเทศ,0,12,การท่าเรือแห่งประเทศไทย (PAT)
2337,2566,หนี้ในประเทศ,0,12,การไฟฟ้าส่วนภูมิภาค (PEA)
2338,2566,หนี้ในประเทศ,0,12,องค์การคลังสินค้า (PWO)
2339,2566,หนี้ในประเทศ,7920,12,การประปาส่วนภูมิภาค (PWA)
2340,2566,หนี้ในประเทศ,825.31,12,การยางแห่งประเทศไทย (RAOT)
2341,2566,หนี้ในประเทศ,236292.19,12,การรถไฟแห่งประเทศไทย (SRT)
2342,2566,หนี้ในประเทศ,0,12,องค์การแบตเตอรี่ (TBO)**
2343,2566,หนี้ในประเทศ,0,12,องค์การรับส่งสินค้าและพัสดุภัณฑ์ (ETO) **
2344,2566,หนี้ในประเทศ,0,12,องค์การฟอกหนัง (TTO)**
2345,2566,หนี้ในประเทศ,0,12,สำนักงานธนานุเคราะห์ (PAWN)***
2346,2566,หนี้ในประเทศ,0,12,องค์การเภสัชกรรม
2347,2566,หนี้ในประเทศ,0,12,2. บริษัทจำกัด และบริษัทมหาชนจำกัด
2348,2566,หนี้ในประเทศ,0,12,บริษัท วิทยุการบินแห่งประเทศไทย จำกัด (AERO)
2349,2566,หนี้ในประเทศ,0,12,บริษัท บางจากปิโตรเลียม จำกัด (มหาชน) (BPC)*
2350,2566,หนี้ในประเทศ,0,12,บริษัท กสท.โทรคมนาคม จำกัด (มหาชน) (CAT)
2351,2566,หนี้ในประเทศ,0,12,บริษัท กรุงไทย คอมพิวเตอร์ เซอร์วิสเซส จำกัด (KTBCS)
2352,2566,หนี้ในประเทศ,0,12,บริษัท กรุงไทยธุรกิจบริการ จำกัด (KTBGS)
2353,2566,หนี้ในประเทศ,0,12,บริษัท ท่าอากาศยานไทย จำกัด (มหาชน) (AOT)
2354,2566,หนี้ในประเทศ,0,12,บริษัท ปตท. สำรวจและผลิตปิโตรเลียม จำกัด (มหาชน) (PEPC) *
2355,2566,หนี้ในประเทศ,0,12,บริษัท ปตท.สผ. อินเตอร์เนชั่นแนล จำกัด (PEPI)*
2356,2566,หนี้ในประเทศ,0,12,บริษัท ปตท. จำกัด (มหาชน) (PTT)
2357,2566,หนี้ในประเทศ,0,12,บริษัท การบินไทย จำกัด (มหาชน) (THAI)*
2358,2566,หนี้ในประเทศ,0,12,บริษัท ทีโอที จำกัด (มหาชน) (TOT)
2359,2566,หนี้ในประเทศ,0,12,บริษัท ไม้อัดไทย จำกัด (TTPC)**
2360,2566,หนี้ในประเทศ,0,12,บริษัท อู่กรุงเทพ จำกัด (BDC)
2361,2566,หนี้ในประเทศ,0,12,บริษัท โรงแรมท่าอากาศยานสุวรรณภูมิ จำกัด (SAH)
2362,2566,หนี้ในประเทศ,0,12,บริษัท ผลิตไฟฟ้าและน้ำเย็น จำกัด (DCAP)
2363,2566,หนี้ในประเทศ,0,12,บริษัท ธนารักษ์พัฒนาสินทรัพย์ จำกัด (ธพส.) (DAD)
2364,2566,หนี้ในประเทศ,0,12,บริษัท พีอีเอ เอ็นคอม อินเตอร์เนชั่นแนล จำกัด (PEA ENCOM)
2365,2566,หนี้ในประเทศ,462997.12,12,รวม
2366,2566,หนี้ต่างประเทศ,26106.64,12,1. องค์กรของรัฐ
2367,2566,หนี้ต่างประเทศ,0,12,องค์การขนส่งมวลชนกรุงเทพ (BMTA)
2368,2566,หนี้ต่างประเทศ,0,12,สถาบันการบินพลเรือน (CATC)
2369,2566,หนี้ต่างประเทศ,0,12,องค์การส่งเสริมกิจการโคนมแห่งประเทศไทย (DPO)
2370,2566,หนี้ต่างประเทศ,0,12,การไฟฟ้าฝ่ายผลิตแห่งประเทศไทย (EGAT)
2371,2566,หนี้ต่างประเทศ,0,12,การทางพิเศษแห่งประเทศไทย (EXAT)
2372,2566,หนี้ต่างประเทศ,0,12,องค์การอุตสาหกรรมป่าไม้ (FIO)
2373,2566,หนี้ต่างประเทศ,0,12,การนิคมอุตสาหกรรมแห่งประเทศไทย (IEAT)
2374,2566,หนี้ต่างประเทศ,0,12,การไฟฟ้านครหลวง (MEA)
2375,2566,หนี้ต่างประเทศ,0,12,องค์การตลาดเพื่อเกษตรกร (MOFF)
2376,2566,หนี้ต่างประเทศ,25946.44,12,การรถไฟฟ้าขนส่งมวลชนแห่งประเทศไทย (MRTA)
2377,2566,หนี้ต่างประเทศ,93.53,12,การประปานครหลวง (MWA)
2378,2566,หนี้ต่างประเทศ,0,12,การเคหะแห่งชาติ (NHA)
2379,2566,หนี้ต่างประเทศ,0,12,การท่าเรือแห่งประเทศไทย (PAT)
2380,2566,หนี้ต่างประเทศ,0,12,การไฟฟ้าส่วนภูมิภาค (PEA)
2381,2566,หนี้ต่างประเทศ,0,12,องค์การคลังสินค้า (PWO)
2382,2566,หนี้ต่างประเทศ,0,12,การประปาส่วนภูมิภาค (PWA)
2383,2566,หนี้ต่างประเทศ,0,12,การยางแห่งประเทศไทย (RAOT)
2384,2566,หนี้ต่างประเทศ,66.67,12,การรถไฟแห่งประเทศไทย (SRT)
2385,2566,หนี้ต่างประเทศ,0,12,องค์การแบตเตอรี่ (TBO)**
2386,2566,หนี้ต่างประเทศ,0,12,องค์การรับส่งสินค้าและพัสดุภัณฑ์ (ETO) **
2387,2566,หนี้ต่างประเทศ,0,12,องค์การฟอกหนัง (TTO)**
2388,2566,หนี้ต่างประเทศ,0,12,สำนักงานธนานุเคราะห์ (PAWN)***
2389,2566,หนี้ต่างประเทศ,0,12,องค์การเภสัชกรรม
2390,2566,หนี้ต่างประเทศ,3232.25,12,2. บริษัทจำกัด และบริษัทมหาชนจำกัด
2391,2566,หนี้ต่างประเทศ,0,12,บริษัท วิทยุการบินแห่งประเทศไทย จำกัด (AERO)
2392,2566,หนี้ต่างประเทศ,0,12,บริษัท บางจากปิโตรเลียม จำกัด (มหาชน) (BPC)*
2393,2566,หนี้ต่างประเทศ,0,12,บริษัท กสท.โทรคมนาคม จำกัด (มหาชน) (CAT)
2394,2566,หนี้ต่างประเทศ,0,12,บริษัท กรุงไทย คอมพิวเตอร์ เซอร์วิสเซส จำกัด (KTBCS)
2395,2566,หนี้ต่างประเทศ,0,12,บริษัท กรุงไทยธุรกิจบริการ จำกัด (KTBGS)
2396,2566,หนี้ต่างประเทศ,3232.25,12,บริษัท ท่าอากาศยานไทย จำกัด (มหาชน) (AOT)
2397,2566,หนี้ต่างประเทศ,0,12,บริษัท ปตท. สำรวจและผลิตปิโตรเลียม จำกัด (มหาชน) (PEPC) *
2398,2566,หนี้ต่างประเทศ,0,12,บริษัท ปตท.สผ. อินเตอร์เนชั่นแนล จำกัด (PEPI)*
2399,2566,หนี้ต่างประเทศ,0,12,บริษัท ปตท. จำกัด (มหาชน) (PTT)
2400,2566,หนี้ต่างประเทศ,0,12,บริษัท การบินไทย จำกัด (มหาชน) (THAI)*
2401,2566,หนี้ต่างประเทศ,0,12,บริษัท ทีโอที จำกัด (มหาชน) (TOT)
2402,2566,หนี้ต่างประเทศ,0,12,บริษัท ไม้อัดไทย จำกัด (TTPC)**
2403,2566,หนี้ต่างประเทศ,0,12,บริษัท อู่กรุงเทพ จำกัด (BDC)
2404,2566,หนี้ต่างประเทศ,0,12,บริษัท โรงแรมท่าอากาศยานสุวรรณภูมิ จำกัด (SAH)
2405,2566,หนี้ต่างประเทศ,0,12,บริษัท ผลิตไฟฟ้าและน้ำเย็น จำกัด (DCAP)
2406,2566,หนี้ต่างประเทศ,0,12,บริษัท ธนารักษ์พัฒนาสินทรัพย์ จำกัด (ธพส.) (DAD)
2407,2566,หนี้ต่างประเทศ,0,12,บริษัท พีอีเอ เอ็นคอม อินเตอร์เนชั่นแนล จำกัด (PEA ENCOM)
2408,2566,หนี้ต่างประเทศ,29338.89,12,รวม
2409,2566,หนี้ในประเทศ,471815.56,11,1. องค์กรของรัฐ
2410,2566,หนี้ในประเทศ,133879.57,11,องค์การขนส่งมวลชนกรุงเทพ (BMTA)
2411,2566,หนี้ในประเทศ,0,11,สถาบันการบินพลเรือน (CATC)
2412,2566,หนี้ในประเทศ,0.09,11,องค์การส่งเสริมกิจการโคนมแห่งประเทศไทย (DPO)
2413,2566,หนี้ในประเทศ,65000,11,การไฟฟ้าฝ่ายผลิตแห่งประเทศไทย (EGAT)
2414,2566,หนี้ในประเทศ,0,11,การทางพิเศษแห่งประเทศไทย (EXAT)
2415,2566,หนี้ในประเทศ,0,11,องค์การอุตสาหกรรมป่าไม้ (FIO)
2416,2566,หนี้ในประเทศ,0,11,การนิคมอุตสาหกรรมแห่งประเทศไทย (IEAT)
2417,2566,หนี้ในประเทศ,0,11,การไฟฟ้านครหลวง (MEA)
2418,2566,หนี้ในประเทศ,0,11,องค์การตลาดเพื่อเกษตรกร (MOFF)
2419,2566,หนี้ในประเทศ,0,11,การรถไฟฟ้าขนส่งมวลชนแห่งประเทศไทย (MRTA)
2420,2566,หนี้ในประเทศ,0,11,การประปานครหลวง (MWA)
2421,2566,หนี้ในประเทศ,28240,11,การเคหะแห่งชาติ (NHA)
2422,2566,หนี้ในประเทศ,0,11,การท่าเรือแห่งประเทศไทย (PAT)
2423,2566,หนี้ในประเทศ,0,11,การไฟฟ้าส่วนภูมิภาค (PEA)
2424,2566,หนี้ในประเทศ,0,11,องค์การคลังสินค้า (PWO)
2425,2566,หนี้ในประเทศ,7920,11,การประปาส่วนภูมิภาค (PWA)
2426,2566,หนี้ในประเทศ,825.31,11,การยางแห่งประเทศไทย (RAOT)
2427,2566,หนี้ในประเทศ,235950.59,11,การรถไฟแห่งประเทศไทย (SRT)
2428,2566,หนี้ในประเทศ,0,11,องค์การแบตเตอรี่ (TBO)**
2429,2566,หนี้ในประเทศ,0,11,องค์การรับส่งสินค้าและพัสดุภัณฑ์ (ETO) **
2430,2566,หนี้ในประเทศ,0,11,องค์การฟอกหนัง (TTO)**
2431,2566,หนี้ในประเทศ,0,11,สำนักงานธนานุเคราะห์ (PAWN)***
2432,2566,หนี้ในประเทศ,0,11,องค์การเภสัชกรรม
2433,2566,หนี้ในประเทศ,0,11,2. บริษัทจำกัด และบริษัทมหาชนจำกัด
2434,2566,หนี้ในประเทศ,0,11,บริษัท วิทยุการบินแห่งประเทศไทย จำกัด (AERO)
2435,2566,หนี้ในประเทศ,0,11,บริษัท บางจากปิโตรเลียม จำกัด (มหาชน) (BPC)*
2436,2566,หนี้ในประเทศ,0,11,บริษัท กสท.โทรคมนาคม จำกัด (มหาชน) (CAT)
2437,2566,หนี้ในประเทศ,0,11,บริษัท กรุงไทย คอมพิวเตอร์ เซอร์วิสเซส จำกัด (KTBCS)
2438,2566,หนี้ในประเทศ,0,11,บริษัท กรุงไทยธุรกิจบริการ จำกัด (KTBGS)
2439,2566,หนี้ในประเทศ,0,11,บริษัท ท่าอากาศยานไทย จำกัด (มหาชน) (AOT)
2440,2566,หนี้ในประเทศ,0,11,บริษัท ปตท. สำรวจและผลิตปิโตรเลียม จำกัด (มหาชน) (PEPC) *
2441,2566,หนี้ในประเทศ,0,11,บริษัท ปตท.สผ. อินเตอร์เนชั่นแนล จำกัด (PEPI)*
2442,2566,หนี้ในประเทศ,0,11,บริษัท ปตท. จำกัด (มหาชน) (PTT)
2443,2566,หนี้ในประเทศ,0,11,บริษัท การบินไทย จำกัด (มหาชน) (THAI)*
2444,2566,หนี้ในประเทศ,0,11,บริษัท ทีโอที จำกัด (มหาชน) (TOT)
2445,2566,หนี้ในประเทศ,0,11,บริษัท ไม้อัดไทย จำกัด (TTPC)**
2446,2566,หนี้ในประเทศ,0,11,บริษัท อู่กรุงเทพ จำกัด (BDC)
2447,2566,หนี้ในประเทศ,0,11,บริษัท โรงแรมท่าอากาศยานสุวรรณภูมิ จำกัด (SAH)
2448,2566,หนี้ในประเทศ,0,11,บริษัท ผลิตไฟฟ้าและน้ำเย็น จำกัด (DCAP)
2449,2566,หนี้ในประเทศ,0,11,บริษัท ธนารักษ์พัฒนาสินทรัพย์ จำกัด (ธพส.) (DAD)
2450,2566,หนี้ในประเทศ,0,11,บริษัท พีอีเอ เอ็นคอม อินเตอร์เนชั่นแนล จำกัด (PEA ENCOM)
2451,2566,หนี้ในประเทศ,471815.56,11,รวม
2452,2566,หนี้ต่างประเทศ,26131.52,11,1. องค์กรของรัฐ
2453,2566,หนี้ต่างประเทศ,0,11,องค์การขนส่งมวลชนกรุงเทพ (BMTA)
2454,2566,หนี้ต่างประเทศ,0,11,สถาบันการบินพลเรือน (CATC)
2455,2566,หนี้ต่างประเทศ,0,11,องค์การส่งเสริมกิจการโคนมแห่งประเทศไทย (DPO)
2456,2566,หนี้ต่างประเทศ,0,11,การไฟฟ้าฝ่ายผลิตแห่งประเทศไทย (EGAT)
2457,2566,หนี้ต่างประเทศ,0,11,การทางพิเศษแห่งประเทศไทย (EXAT)
2458,2566,หนี้ต่างประเทศ,0,11,องค์การอุตสาหกรรมป่าไม้ (FIO)
2459,2566,หนี้ต่างประเทศ,0,11,การนิคมอุตสาหกรรมแห่งประเทศไทย (IEAT)
2460,2566,หนี้ต่างประเทศ,0,11,การไฟฟ้านครหลวง (MEA)
2461,2566,หนี้ต่างประเทศ,0,11,องค์การตลาดเพื่อเกษตรกร (MOFF)
2462,2566,หนี้ต่างประเทศ,25946.44,11,การรถไฟฟ้าขนส่งมวลชนแห่งประเทศไทย (MRTA)
2463,2566,หนี้ต่างประเทศ,93.53,11,การประปานครหลวง (MWA)
2464,2566,หนี้ต่างประเทศ,0,11,การเคหะแห่งชาติ (NHA)
2465,2566,หนี้ต่างประเทศ,0,11,การท่าเรือแห่งประเทศไทย (PAT)
2466,2566,หนี้ต่างประเทศ,18.92,11,การไฟฟ้าส่วนภูมิภาค (PEA)
2467,2566,หนี้ต่างประเทศ,0,11,องค์การคลังสินค้า (PWO)
2468,2566,หนี้ต่างประเทศ,0,11,การประปาส่วนภูมิภาค (PWA)
2469,2566,หนี้ต่างประเทศ,0,11,การยางแห่งประเทศไทย (RAOT)
2470,2566,หนี้ต่างประเทศ,72.63,11,การรถไฟแห่งประเทศไทย (SRT)
2471,2566,หนี้ต่างประเทศ,0,11,องค์การแบตเตอรี่ (TBO)**
2472,2566,หนี้ต่างประเทศ,0,11,องค์การรับส่งสินค้าและพัสดุภัณฑ์ (ETO) **
2473,2566,หนี้ต่างประเทศ,0,11,องค์การฟอกหนัง (TTO)**
2474,2566,หนี้ต่างประเทศ,0,11,สำนักงานธนานุเคราะห์ (PAWN)***
2475,2566,หนี้ต่างประเทศ,0,11,องค์การเภสัชกรรม
2476,2566,หนี้ต่างประเทศ,3636.78,11,2. บริษัทจำกัด และบริษัทมหาชนจำกัด
2477,2566,หนี้ต่างประเทศ,0,11,บริษัท วิทยุการบินแห่งประเทศไทย จำกัด (AERO)
2478,2566,หนี้ต่างประเทศ,0,11,บริษัท บางจากปิโตรเลียม จำกัด (มหาชน) (BPC)*
2479,2566,หนี้ต่างประเทศ,0,11,บริษัท กสท.โทรคมนาคม จำกัด (มหาชน) (CAT)
2480,2566,หนี้ต่างประเทศ,0,11,บริษัท กรุงไทย คอมพิวเตอร์ เซอร์วิสเซส จำกัด (KTBCS)
2481,2566,หนี้ต่างประเทศ,0,11,บริษัท กรุงไทยธุรกิจบริการ จำกัด (KTBGS)
2482,2566,หนี้ต่างประเทศ,3636.78,11,บริษัท ท่าอากาศยานไทย จำกัด (มหาชน) (AOT)
2483,2566,หนี้ต่างประเทศ,0,11,บริษัท ปตท. สำรวจและผลิตปิโตรเลียม จำกัด (มหาชน) (PEPC) *
2484,2566,หนี้ต่างประเทศ,0,11,บริษัท ปตท.สผ. อินเตอร์เนชั่นแนล จำกัด (PEPI)*
2485,2566,หนี้ต่างประเทศ,0,11,บริษัท ปตท. จำกัด (มหาชน) (PTT)
2486,2566,หนี้ต่างประเทศ,0,11,บริษัท การบินไทย จำกัด (มหาชน) (THAI)*
2487,2566,หนี้ต่างประเทศ,0,11,บริษัท ทีโอที จำกัด (มหาชน) (TOT)
2488,2566,หนี้ต่างประเทศ,0,11,บริษัท ไม้อัดไทย จำกัด (TTPC)**
2489,2566,หนี้ต่างประเทศ,0,11,บริษัท อู่กรุงเทพ จำกัด (BDC)
2490,2566,หนี้ต่างประเทศ,0,11,บริษัท โรงแรมท่าอากาศยานสุวรรณภูมิ จำกัด (SAH)
2491,2566,หนี้ต่างประเทศ,0,11,บริษัท ผลิตไฟฟ้าและน้ำเย็น จำกัด (DCAP)
2492,2566,หนี้ต่างประเทศ,0,11,บริษัท ธนารักษ์พัฒนาสินทรัพย์ จำกัด (ธพส.) (DAD)
2493,2566,หนี้ต่างประเทศ,0,11,บริษัท พีอีเอ เอ็นคอม อินเตอร์เนชั่นแนล จำกัด (PEA ENCOM)
2494,2566,หนี้ต่างประเทศ,29768.3,11,รวม
2495,2566,หนี้ในประเทศ,469041.37,10,1. องค์กรของรัฐ
2496,2566,หนี้ในประเทศ,132761.17,10,องค์การขนส่งมวลชนกรุงเทพ (BMTA)
2497,2566,หนี้ในประเทศ,0,10,สถาบันการบินพลเรือน (CATC)
2498,2566,หนี้ในประเทศ,0.07,10,องค์การส่งเสริมกิจการโคนมแห่งประเทศไทย (DPO)
2499,2566,หนี้ในประเทศ,65000,10,การไฟฟ้าฝ่ายผลิตแห่งประเทศไทย (EGAT)
2500,2566,หนี้ในประเทศ,0,10,การทางพิเศษแห่งประเทศไทย (EXAT)
2501,2566,หนี้ในประเทศ,0,10,องค์การอุตสาหกรรมป่าไม้ (FIO)
2502,2566,หนี้ในประเทศ,0,10,การนิคมอุตสาหกรรมแห่งประเทศไทย (IEAT)
2503,2566,หนี้ในประเทศ,0,10,การไฟฟ้านครหลวง (MEA)
2504,2566,หนี้ในประเทศ,0,10,องค์การตลาดเพื่อเกษตรกร (MOFF)
2505,2566,หนี้ในประเทศ,0,10,การรถไฟฟ้าขนส่งมวลชนแห่งประเทศไทย (MRTA)
2506,2566,หนี้ในประเทศ,0,10,การประปานครหลวง (MWA)
2507,2566,หนี้ในประเทศ,28240,10,การเคหะแห่งชาติ (NHA)
2508,2566,หนี้ในประเทศ,0,10,การท่าเรือแห่งประเทศไทย (PAT)
2509,2566,หนี้ในประเทศ,0,10,การไฟฟ้าส่วนภูมิภาค (PEA)
2510,2566,หนี้ในประเทศ,0,10,องค์การคลังสินค้า (PWO)
2511,2566,หนี้ในประเทศ,7920,10,การประปาส่วนภูมิภาค (PWA)
2512,2566,หนี้ในประเทศ,825.31,10,การยางแห่งประเทศไทย (RAOT)
2513,2566,หนี้ในประเทศ,234294.82,10,การรถไฟแห่งประเทศไทย (SRT)
2514,2566,หนี้ในประเทศ,0,10,องค์การแบตเตอรี่ (TBO)**
2515,2566,หนี้ในประเทศ,0,10,องค์การรับส่งสินค้าและพัสดุภัณฑ์ (ETO) **
2516,2566,หนี้ในประเทศ,0,10,องค์การฟอกหนัง (TTO)**
2517,2566,หนี้ในประเทศ,0,10,สำนักงานธนานุเคราะห์ (PAWN)***
2518,2566,หนี้ในประเทศ,0,10,องค์การเภสัชกรรม
2519,2566,หนี้ในประเทศ,0,10,2. บริษัทจำกัด และบริษัทมหาชนจำกัด
2520,2566,หนี้ในประเทศ,0,10,บริษัท วิทยุการบินแห่งประเทศไทย จำกัด (AERO)
2521,2566,หนี้ในประเทศ,0,10,บริษัท บางจากปิโตรเลียม จำกัด (มหาชน) (BPC)*
2522,2566,หนี้ในประเทศ,0,10,บริษัท กสท.โทรคมนาคม จำกัด (มหาชน) (CAT)
2523,2566,หนี้ในประเทศ,0,10,บริษัท กรุงไทย คอมพิวเตอร์ เซอร์วิสเซส จำกัด (KTBCS)
2524,2566,หนี้ในประเทศ,0,10,บริษัท กรุงไทยธุรกิจบริการ จำกัด (KTBGS)
2525,2566,หนี้ในประเทศ,0,10,บริษัท ท่าอากาศยานไทย จำกัด (มหาชน) (AOT)
2526,2566,หนี้ในประเทศ,0,10,บริษัท ปตท. สำรวจและผลิตปิโตรเลียม จำกัด (มหาชน) (PEPC) *
2527,2566,หนี้ในประเทศ,0,10,บริษัท ปตท.สผ. อินเตอร์เนชั่นแนล จำกัด (PEPI)*
2528,2566,หนี้ในประเทศ,0,10,บริษัท ปตท. จำกัด (มหาชน) (PTT)
2529,2566,หนี้ในประเทศ,0,10,บริษัท การบินไทย จำกัด (มหาชน) (THAI)*
2530,2566,หนี้ในประเทศ,0,10,บริษัท ทีโอที จำกัด (มหาชน) (TOT)
2531,2566,หนี้ในประเทศ,0,10,บริษัท ไม้อัดไทย จำกัด (TTPC)**
2532,2566,หนี้ในประเทศ,0,10,บริษัท อู่กรุงเทพ จำกัด (BDC)
2533,2566,หนี้ในประเทศ,0,10,บริษัท โรงแรมท่าอากาศยานสุวรรณภูมิ จำกัด (SAH)
2534,2566,หนี้ในประเทศ,0,10,บริษัท ผลิตไฟฟ้าและน้ำเย็น จำกัด (DCAP)
2535,2566,หนี้ในประเทศ,0,10,บริษัท ธนารักษ์พัฒนาสินทรัพย์ จำกัด (ธพส.) (DAD)
2536,2566,หนี้ในประเทศ,0,10,บริษัท พีอีเอ เอ็นคอม อินเตอร์เนชั่นแนล จำกัด (PEA ENCOM)
2537,2566,หนี้ในประเทศ,469041.37,10,รวม
2538,2566,หนี้ต่างประเทศ,26161.62,10,1. องค์กรของรัฐ
2539,2566,หนี้ต่างประเทศ,0,10,องค์การขนส่งมวลชนกรุงเทพ (BMTA)
2540,2566,หนี้ต่างประเทศ,0,10,สถาบันการบินพลเรือน (CATC)
2541,2566,หนี้ต่างประเทศ,0,10,องค์การส่งเสริมกิจการโคนมแห่งประเทศไทย (DPO)
2542,2566,หนี้ต่างประเทศ,0,10,การไฟฟ้าฝ่ายผลิตแห่งประเทศไทย (EGAT)
2543,2566,หนี้ต่างประเทศ,0,10,การทางพิเศษแห่งประเทศไทย (EXAT)
2544,2566,หนี้ต่างประเทศ,0,10,องค์การอุตสาหกรรมป่าไม้ (FIO)
2545,2566,หนี้ต่างประเทศ,0,10,การนิคมอุตสาหกรรมแห่งประเทศไทย (IEAT)
2546,2566,หนี้ต่างประเทศ,0,10,การไฟฟ้านครหลวง (MEA)
2547,2566,หนี้ต่างประเทศ,0,10,องค์การตลาดเพื่อเกษตรกร (MOFF)
2548,2566,หนี้ต่างประเทศ,25976.88,10,การรถไฟฟ้าขนส่งมวลชนแห่งประเทศไทย (MRTA)
2549,2566,หนี้ต่างประเทศ,93.53,10,การประปานครหลวง (MWA)
2550,2566,หนี้ต่างประเทศ,0,10,การเคหะแห่งชาติ (NHA)
2551,2566,หนี้ต่างประเทศ,0,10,การท่าเรือแห่งประเทศไทย (PAT)
2552,2566,หนี้ต่างประเทศ,18.85,10,การไฟฟ้าส่วนภูมิภาค (PEA)
2553,2566,หนี้ต่างประเทศ,0,10,องค์การคลังสินค้า (PWO)
2554,2566,หนี้ต่างประเทศ,0,10,การประปาส่วนภูมิภาค (PWA)
2555,2566,หนี้ต่างประเทศ,0,10,การยางแห่งประเทศไทย (RAOT)
2556,2566,หนี้ต่างประเทศ,72.36,10,การรถไฟแห่งประเทศไทย (SRT)
2557,2566,หนี้ต่างประเทศ,0,10,องค์การแบตเตอรี่ (TBO)**
2558,2566,หนี้ต่างประเทศ,0,10,องค์การรับส่งสินค้าและพัสดุภัณฑ์ (ETO) **
2559,2566,หนี้ต่างประเทศ,0,10,องค์การฟอกหนัง (TTO)**
2560,2566,หนี้ต่างประเทศ,0,10,สำนักงานธนานุเคราะห์ (PAWN)***
2561,2566,หนี้ต่างประเทศ,0,10,องค์การเภสัชกรรม
2562,2566,หนี้ต่างประเทศ,3641.52,10,2. บริษัทจำกัด และบริษัทมหาชนจำกัด
2563,2566,หนี้ต่างประเทศ,0,10,บริษัท วิทยุการบินแห่งประเทศไทย จำกัด (AERO)
2564,2566,หนี้ต่างประเทศ,0,10,บริษัท บางจากปิโตรเลียม จำกัด (มหาชน) (BPC)*
2565,2566,หนี้ต่างประเทศ,0,10,บริษัท กสท.โทรคมนาคม จำกัด (มหาชน) (CAT)
2566,2566,หนี้ต่างประเทศ,0,10,บริษัท กรุงไทย คอมพิวเตอร์ เซอร์วิสเซส จำกัด (KTBCS)
2567,2566,หนี้ต่างประเทศ,0,10,บริษัท กรุงไทยธุรกิจบริการ จำกัด (KTBGS)
2568,2566,หนี้ต่างประเทศ,3641.52,10,บริษัท ท่าอากาศยานไทย จำกัด (มหาชน) (AOT)
2569,2566,หนี้ต่างประเทศ,0,10,บริษัท ปตท. สำรวจและผลิตปิโตรเลียม จำกัด (มหาชน) (PEPC) *
2570,2566,หนี้ต่างประเทศ,0,10,บริษัท ปตท.สผ. อินเตอร์เนชั่นแนล จำกัด (PEPI)*
2571,2566,หนี้ต่างประเทศ,0,10,บริษัท ปตท. จำกัด (มหาชน) (PTT)
2572,2566,หนี้ต่างประเทศ,0,10,บริษัท การบินไทย จำกัด (มหาชน) (THAI)*
2573,2566,หนี้ต่างประเทศ,0,10,บริษัท ทีโอที จำกัด (มหาชน) (TOT)
2574,2566,หนี้ต่างประเทศ,0,10,บริษัท ไม้อัดไทย จำกัด (TTPC)**
2575,2566,หนี้ต่างประเทศ,0,10,บริษัท อู่กรุงเทพ จำกัด (BDC)
2576,2566,หนี้ต่างประเทศ,0,10,บริษัท โรงแรมท่าอากาศยานสุวรรณภูมิ จำกัด (SAH)
2577,2566,หนี้ต่างประเทศ,0,10,บริษัท ผลิตไฟฟ้าและน้ำเย็น จำกัด (DCAP)
2578,2566,หนี้ต่างประเทศ,0,10,บริษัท ธนารักษ์พัฒนาสินทรัพย์ จำกัด (ธพส.) (DAD)
2579,2566,หนี้ต่างประเทศ,0,10,บริษัท พีอีเอ เอ็นคอม อินเตอร์เนชั่นแนล จำกัด (PEA ENCOM)
2580,2566,หนี้ต่างประเทศ,29803.14,10,รวม
2581,2566,หนี้ในประเทศ,465010.05,9,1. องค์กรของรัฐ
2582,2566,หนี้ในประเทศ,132441.4899543,9,องค์การขนส่งมวลชนกรุงเทพ (BMTA)
2583,2566,หนี้ในประเทศ,0,9,สถาบันการบินพลเรือน (CATC)
2584,2566,หนี้ในประเทศ,0.1,9,องค์การส่งเสริมกิจการโคนมแห่งประเทศไทย (DPO)
2585,2566,หนี้ในประเทศ,65000,9,การไฟฟ้าฝ่ายผลิตแห่งประเทศไทย (EGAT)
2586,2566,หนี้ในประเทศ,0,9,การทางพิเศษแห่งประเทศไทย (EXAT)
2587,2566,หนี้ในประเทศ,0,9,องค์การอุตสาหกรรมป่าไม้ (FIO)
2588,2566,หนี้ในประเทศ,0,9,การนิคมอุตสาหกรรมแห่งประเทศไทย (IEAT)
2589,2566,หนี้ในประเทศ,0,9,การไฟฟ้านครหลวง (MEA)
2590,2566,หนี้ในประเทศ,0,9,องค์การตลาดเพื่อเกษตรกร (MOFF)
2591,2566,หนี้ในประเทศ,0,9,การรถไฟฟ้าขนส่งมวลชนแห่งประเทศไทย (MRTA)
2592,2566,หนี้ในประเทศ,0,9,การประปานครหลวง (MWA)
2593,2566,หนี้ในประเทศ,28240,9,การเคหะแห่งชาติ (NHA)
2594,2566,หนี้ในประเทศ,0,9,การท่าเรือแห่งประเทศไทย (PAT)
2595,2566,หนี้ในประเทศ,0,9,การไฟฟ้าส่วนภูมิภาค (PEA)
2596,2566,หนี้ในประเทศ,0,9,องค์การคลังสินค้า (PWO)
2597,2566,หนี้ในประเทศ,7920,9,การประปาส่วนภูมิภาค (PWA)
2598,2566,หนี้ในประเทศ,825.31,9,การยางแห่งประเทศไทย (RAOT)
2599,2566,หนี้ในประเทศ,230583.15,9,การรถไฟแห่งประเทศไทย (SRT)
2600,2566,หนี้ในประเทศ,0,9,องค์การแบตเตอรี่ (TBO)**
2601,2566,หนี้ในประเทศ,0,9,องค์การรับส่งสินค้าและพัสดุภัณฑ์ (ETO) **
2602,2566,หนี้ในประเทศ,0,9,องค์การฟอกหนัง (TTO)**
2603,2566,หนี้ในประเทศ,0,9,สำนักงานธนานุเคราะห์ (PAWN)***
2604,2566,หนี้ในประเทศ,0,9,องค์การเภสัชกรรม
2605,2566,หนี้ในประเทศ,0,9,2. บริษัทจำกัด และบริษัทมหาชนจำกัด
2606,2566,หนี้ในประเทศ,0,9,บริษัท วิทยุการบินแห่งประเทศไทย จำกัด (AERO)
2607,2566,หนี้ในประเทศ,0,9,บริษัท บางจากปิโตรเลียม จำกัด (มหาชน) (BPC)*
2608,2566,หนี้ในประเทศ,0,9,บริษัท กสท.โทรคมนาคม จำกัด (มหาชน) (CAT)
2609,2566,หนี้ในประเทศ,0,9,บริษัท กรุงไทย คอมพิวเตอร์ เซอร์วิสเซส จำกัด (KTBCS)
2610,2566,หนี้ในประเทศ,0,9,บริษัท กรุงไทยธุรกิจบริการ จำกัด (KTBGS)
2611,2566,หนี้ในประเทศ,0,9,บริษัท ท่าอากาศยานไทย จำกัด (มหาชน) (AOT)
2612,2566,หนี้ในประเทศ,0,9,บริษัท ปตท. สำรวจและผลิตปิโตรเลียม จำกัด (มหาชน) (PEPC) *
2613,2566,หนี้ในประเทศ,0,9,บริษัท ปตท.สผ. อินเตอร์เนชั่นแนล จำกัด (PEPI)*
2614,2566,หนี้ในประเทศ,0,9,บริษัท ปตท. จำกัด (มหาชน) (PTT)
2615,2566,หนี้ในประเทศ,0,9,บริษัท การบินไทย จำกัด (มหาชน) (THAI)*
2616,2566,หนี้ในประเทศ,0,9,บริษัท ทีโอที จำกัด (มหาชน) (TOT)
2617,2566,หนี้ในประเทศ,0,9,บริษัท ไม้อัดไทย จำกัด (TTPC)**
2618,2566,หนี้ในประเทศ,0,9,บริษัท อู่กรุงเทพ จำกัด (BDC)
2619,2566,หนี้ในประเทศ,0,9,บริษัท โรงแรมท่าอากาศยานสุวรรณภูมิ จำกัด (SAH)
2620,2566,หนี้ในประเทศ,0,9,บริษัท ผลิตไฟฟ้าและน้ำเย็น จำกัด (DCAP)
2621,2566,หนี้ในประเทศ,0,9,บริษัท ธนารักษ์พัฒนาสินทรัพย์ จำกัด (ธพส.) (DAD)
2622,2566,หนี้ในประเทศ,0,9,บริษัท พีอีเอ เอ็นคอม อินเตอร์เนชั่นแนล จำกัด (PEA ENCOM)
2623,2566,หนี้ในประเทศ,465010.05,9,รวม
2624,2566,หนี้ต่างประเทศ,26373.89,9,1. องค์กรของรัฐ
2625,2566,หนี้ต่างประเทศ,0,9,องค์การขนส่งมวลชนกรุงเทพ (BMTA)
2626,2566,หนี้ต่างประเทศ,0,9,สถาบันการบินพลเรือน (CATC)
2627,2566,หนี้ต่างประเทศ,0,9,องค์การส่งเสริมกิจการโคนมแห่งประเทศไทย (DPO)
2628,2566,หนี้ต่างประเทศ,0,9,การไฟฟ้าฝ่ายผลิตแห่งประเทศไทย (EGAT)
2629,2566,หนี้ต่างประเทศ,0,9,การทางพิเศษแห่งประเทศไทย (EXAT)
2630,2566,หนี้ต่างประเทศ,0,9,องค์การอุตสาหกรรมป่าไม้ (FIO)
2631,2566,หนี้ต่างประเทศ,0,9,การนิคมอุตสาหกรรมแห่งประเทศไทย (IEAT)
2632,2566,หนี้ต่างประเทศ,0,9,การไฟฟ้านครหลวง (MEA)
2633,2566,หนี้ต่างประเทศ,0,9,องค์การตลาดเพื่อเกษตรกร (MOFF)
2634,2566,หนี้ต่างประเทศ,26187.94,9,การรถไฟฟ้าขนส่งมวลชนแห่งประเทศไทย (MRTA)
2635,2566,หนี้ต่างประเทศ,93.53,9,การประปานครหลวง (MWA)
2636,2566,หนี้ต่างประเทศ,0,9,การเคหะแห่งชาติ (NHA)
2637,2566,หนี้ต่างประเทศ,0,9,การท่าเรือแห่งประเทศไทย (PAT)
2638,2566,หนี้ต่างประเทศ,19.1,9,การไฟฟ้าส่วนภูมิภาค (PEA)
2639,2566,หนี้ต่างประเทศ,0,9,องค์การคลังสินค้า (PWO)
2640,2566,หนี้ต่างประเทศ,0,9,การประปาส่วนภูมิภาค (PWA)
2641,2566,หนี้ต่างประเทศ,0,9,การยางแห่งประเทศไทย (RAOT)
2642,2566,หนี้ต่างประเทศ,73.32,9,การรถไฟแห่งประเทศไทย (SRT)
2643,2566,หนี้ต่างประเทศ,0,9,องค์การแบตเตอรี่ (TBO)**
2644,2566,หนี้ต่างประเทศ,0,9,องค์การรับส่งสินค้าและพัสดุภัณฑ์ (ETO) **
2645,2566,หนี้ต่างประเทศ,0,9,องค์การฟอกหนัง (TTO)**
2646,2566,หนี้ต่างประเทศ,0,9,สำนักงานธนานุเคราะห์ (PAWN)***
2647,2566,หนี้ต่างประเทศ,0,9,องค์การเภสัชกรรม
2648,2566,หนี้ต่างประเทศ,3790.68,9,2. บริษัทจำกัด และบริษัทมหาชนจำกัด
2649,2566,หนี้ต่างประเทศ,0,9,บริษัท วิทยุการบินแห่งประเทศไทย จำกัด (AERO)
2650,2566,หนี้ต่างประเทศ,0,9,บริษัท บางจากปิโตรเลียม จำกัด (มหาชน) (BPC)*
2651,2566,หนี้ต่างประเทศ,0,9,บริษัท กสท.โทรคมนาคม จำกัด (มหาชน) (CAT)
2652,2566,หนี้ต่างประเทศ,0,9,บริษัท กรุงไทย คอมพิวเตอร์ เซอร์วิสเซส จำกัด (KTBCS)
2653,2566,หนี้ต่างประเทศ,0,9,บริษัท กรุงไทยธุรกิจบริการ จำกัด (KTBGS)
2654,2566,หนี้ต่างประเทศ,3790.68,9,บริษัท ท่าอากาศยานไทย จำกัด (มหาชน) (AOT)
2655,2566,หนี้ต่างประเทศ,0,9,บริษัท ปตท. สำรวจและผลิตปิโตรเลียม จำกัด (มหาชน) (PEPC) *
2656,2566,หนี้ต่างประเทศ,0,9,บริษัท ปตท.สผ. อินเตอร์เนชั่นแนล จำกัด (PEPI)*
2657,2566,หนี้ต่างประเทศ,0,9,บริษัท ปตท. จำกัด (มหาชน) (PTT)
2658,2566,หนี้ต่างประเทศ,0,9,บริษัท การบินไทย จำกัด (มหาชน) (THAI)*
2659,2566,หนี้ต่างประเทศ,0,9,บริษัท ทีโอที จำกัด (มหาชน) (TOT)
2660,2566,หนี้ต่างประเทศ,0,9,บริษัท ไม้อัดไทย จำกัด (TTPC)**
2661,2566,หนี้ต่างประเทศ,0,9,บริษัท อู่กรุงเทพ จำกัด (BDC)
2662,2566,หนี้ต่างประเทศ,0,9,บริษัท โรงแรมท่าอากาศยานสุวรรณภูมิ จำกัด (SAH)
2663,2566,หนี้ต่างประเทศ,0,9,บริษัท ผลิตไฟฟ้าและน้ำเย็น จำกัด (DCAP)
2664,2566,หนี้ต่างประเทศ,0,9,บริษัท ธนารักษ์พัฒนาสินทรัพย์ จำกัด (ธพส.) (DAD)
2665,2566,หนี้ต่างประเทศ,0,9,บริษัท พีอีเอ เอ็นคอม อินเตอร์เนชั่นแนล จำกัด (PEA ENCOM)
2666,2566,หนี้ต่างประเทศ,30164.57,9,รวม
2667,2566,หนี้ในประเทศ,461705.07,8,1. องค์กรของรัฐ
2668,2566,หนี้ในประเทศ,132566.29,8,องค์การขนส่งมวลชนกรุงเทพ (BMTA)
2669,2566,หนี้ในประเทศ,0,8,สถาบันการบินพลเรือน (CATC)
2670,2566,หนี้ในประเทศ,0.16,8,องค์การส่งเสริมกิจการโคนมแห่งประเทศไทย (DPO)
2671,2566,หนี้ในประเทศ,65000,8,การไฟฟ้าฝ่ายผลิตแห่งประเทศไทย (EGAT)
2672,2566,หนี้ในประเทศ,0,8,การทางพิเศษแห่งประเทศไทย (EXAT)
2673,2566,หนี้ในประเทศ,0,8,องค์การอุตสาหกรรมป่าไม้ (FIO)
2674,2566,หนี้ในประเทศ,0,8,การนิคมอุตสาหกรรมแห่งประเทศไทย (IEAT)
2675,2566,หนี้ในประเทศ,0,8,การไฟฟ้านครหลวง (MEA)
2676,2566,หนี้ในประเทศ,0,8,องค์การตลาดเพื่อเกษตรกร (MOFF)
2677,2566,หนี้ในประเทศ,0,8,การรถไฟฟ้าขนส่งมวลชนแห่งประเทศไทย (MRTA)
2678,2566,หนี้ในประเทศ,0,8,การประปานครหลวง (MWA)
2679,2566,หนี้ในประเทศ,28240,8,การเคหะแห่งชาติ (NHA)
2680,2566,หนี้ในประเทศ,0,8,การท่าเรือแห่งประเทศไทย (PAT)
2681,2566,หนี้ในประเทศ,0,8,การไฟฟ้าส่วนภูมิภาค (PEA)
2682,2566,หนี้ในประเทศ,0,8,องค์การคลังสินค้า (PWO)
2683,2566,หนี้ในประเทศ,7373,8,การประปาส่วนภูมิภาค (PWA)
2684,2566,หนี้ในประเทศ,825.31,8,การยางแห่งประเทศไทย (RAOT)
2685,2566,หนี้ในประเทศ,227700.31,8,การรถไฟแห่งประเทศไทย (SRT)
2686,2566,หนี้ในประเทศ,0,8,องค์การแบตเตอรี่ (TBO)**
2687,2566,หนี้ในประเทศ,0,8,องค์การรับส่งสินค้าและพัสดุภัณฑ์ (ETO) **
2688,2566,หนี้ในประเทศ,0,8,องค์การฟอกหนัง (TTO)**
2689,2566,หนี้ในประเทศ,0,8,สำนักงานธนานุเคราะห์ (PAWN)***
2690,2566,หนี้ในประเทศ,0,8,องค์การเภสัชกรรม
2691,2566,หนี้ในประเทศ,0,8,2. บริษัทจำกัด และบริษัทมหาชนจำกัด
2692,2566,หนี้ในประเทศ,0,8,บริษัท วิทยุการบินแห่งประเทศไทย จำกัด (AERO)
2693,2566,หนี้ในประเทศ,0,8,บริษัท บางจากปิโตรเลียม จำกัด (มหาชน) (BPC)*
2694,2566,หนี้ในประเทศ,0,8,บริษัท กสท.โทรคมนาคม จำกัด (มหาชน) (CAT)
2695,2566,หนี้ในประเทศ,0,8,บริษัท กรุงไทย คอมพิวเตอร์ เซอร์วิสเซส จำกัด (KTBCS)
2696,2566,หนี้ในประเทศ,0,8,บริษัท กรุงไทยธุรกิจบริการ จำกัด (KTBGS)
2697,2566,หนี้ในประเทศ,0,8,บริษัท ท่าอากาศยานไทย จำกัด (มหาชน) (AOT)
2698,2566,หนี้ในประเทศ,0,8,บริษัท ปตท. สำรวจและผลิตปิโตรเลียม จำกัด (มหาชน) (PEPC) *
2699,2566,หนี้ในประเทศ,0,8,บริษัท ปตท.สผ. อินเตอร์เนชั่นแนล จำกัด (PEPI)*
2700,2566,หนี้ในประเทศ,0,8,บริษัท ปตท. จำกัด (มหาชน) (PTT)
2701,2566,หนี้ในประเทศ,0,8,บริษัท การบินไทย จำกัด (มหาชน) (THAI)*
2702,2566,หนี้ในประเทศ,0,8,บริษัท ทีโอที จำกัด (มหาชน) (TOT)
2703,2566,หนี้ในประเทศ,0,8,บริษัท ไม้อัดไทย จำกัด (TTPC)**
2704,2566,หนี้ในประเทศ,0,8,บริษัท อู่กรุงเทพ จำกัด (BDC)
2705,2566,หนี้ในประเทศ,0,8,บริษัท โรงแรมท่าอากาศยานสุวรรณภูมิ จำกัด (SAH)
2706,2566,หนี้ในประเทศ,0,8,บริษัท ผลิตไฟฟ้าและน้ำเย็น จำกัด (DCAP)
2707,2566,หนี้ในประเทศ,0,8,บริษัท ธนารักษ์พัฒนาสินทรัพย์ จำกัด (ธพส.) (DAD)
2708,2566,หนี้ในประเทศ,0,8,บริษัท พีอีเอ เอ็นคอม อินเตอร์เนชั่นแนล จำกัด (PEA ENCOM)
2709,2566,หนี้ในประเทศ,461705.07,8,รวม
2710,2566,หนี้ต่างประเทศ,26860.5,8,1. องค์กรของรัฐ
2711,2566,หนี้ต่างประเทศ,0,8,องค์การขนส่งมวลชนกรุงเทพ (BMTA)
2712,2566,หนี้ต่างประเทศ,0,8,สถาบันการบินพลเรือน (CATC)
2713,2566,หนี้ต่างประเทศ,0,8,องค์การส่งเสริมกิจการโคนมแห่งประเทศไทย (DPO)
2714,2566,หนี้ต่างประเทศ,0,8,การไฟฟ้าฝ่ายผลิตแห่งประเทศไทย (EGAT)
2715,2566,หนี้ต่างประเทศ,0,8,การทางพิเศษแห่งประเทศไทย (EXAT)
2716,2566,หนี้ต่างประเทศ,0,8,องค์การอุตสาหกรรมป่าไม้ (FIO)
2717,2566,หนี้ต่างประเทศ,0,8,การนิคมอุตสาหกรรมแห่งประเทศไทย (IEAT)
2718,2566,หนี้ต่างประเทศ,0,8,การไฟฟ้านครหลวง (MEA)
2719,2566,หนี้ต่างประเทศ,0,8,องค์การตลาดเพื่อเกษตรกร (MOFF)
2720,2566,หนี้ต่างประเทศ,26629.09,8,การรถไฟฟ้าขนส่งมวลชนแห่งประเทศไทย (MRTA)
2721,2566,หนี้ต่างประเทศ,140.3,8,การประปานครหลวง (MWA)
2722,2566,หนี้ต่างประเทศ,0,8,การเคหะแห่งชาติ (NHA)
2723,2566,หนี้ต่างประเทศ,0,8,การท่าเรือแห่งประเทศไทย (PAT)
2724,2566,หนี้ต่างประเทศ,18.83,8,การไฟฟ้าส่วนภูมิภาค (PEA)
2725,2566,หนี้ต่างประเทศ,0,8,องค์การคลังสินค้า (PWO)
2726,2566,หนี้ต่างประเทศ,0,8,การประปาส่วนภูมิภาค (PWA)
2727,2566,หนี้ต่างประเทศ,0,8,การยางแห่งประเทศไทย (RAOT)
2728,2566,หนี้ต่างประเทศ,72.28,8,การรถไฟแห่งประเทศไทย (SRT)
2729,2566,หนี้ต่างประเทศ,0,8,องค์การแบตเตอรี่ (TBO)**
2730,2566,หนี้ต่างประเทศ,0,8,องค์การรับส่งสินค้าและพัสดุภัณฑ์ (ETO) **
2731,2566,หนี้ต่างประเทศ,0,8,องค์การฟอกหนัง (TTO)**
2732,2566,หนี้ต่างประเทศ,0,8,สำนักงานธนานุเคราะห์ (PAWN)***
2733,2566,หนี้ต่างประเทศ,0,8,องค์การเภสัชกรรม
2734,2566,หนี้ต่างประเทศ,3982.51,8,2. บริษัทจำกัด และบริษัทมหาชนจำกัด
2735,2566,หนี้ต่างประเทศ,0,8,บริษัท วิทยุการบินแห่งประเทศไทย จำกัด (AERO)
2736,2566,หนี้ต่างประเทศ,0,8,บริษัท บางจากปิโตรเลียม จำกัด (มหาชน) (BPC)*
2737,2566,หนี้ต่างประเทศ,0,8,บริษัท กสท.โทรคมนาคม จำกัด (มหาชน) (CAT)
2738,2566,หนี้ต่างประเทศ,0,8,บริษัท กรุงไทย คอมพิวเตอร์ เซอร์วิสเซส จำกัด (KTBCS)
2739,2566,หนี้ต่างประเทศ,0,8,บริษัท กรุงไทยธุรกิจบริการ จำกัด (KTBGS)
2740,2566,หนี้ต่างประเทศ,3982.51,8,บริษัท ท่าอากาศยานไทย จำกัด (มหาชน) (AOT)
2741,2566,หนี้ต่างประเทศ,0,8,บริษัท ปตท. สำรวจและผลิตปิโตรเลียม จำกัด (มหาชน) (PEPC) *
2742,2566,หนี้ต่างประเทศ,0,8,บริษัท ปตท.สผ. อินเตอร์เนชั่นแนล จำกัด (PEPI)*
2743,2566,หนี้ต่างประเทศ,0,8,บริษัท ปตท. จำกัด (มหาชน) (PTT)
2744,2566,หนี้ต่างประเทศ,0,8,บริษัท การบินไทย จำกัด (มหาชน) (THAI)*
2745,2566,หนี้ต่างประเทศ,0,8,บริษัท ทีโอที จำกัด (มหาชน) (TOT)
2746,2566,หนี้ต่างประเทศ,0,8,บริษัท ไม้อัดไทย จำกัด (TTPC)**
2747,2566,หนี้ต่างประเทศ,0,8,บริษัท อู่กรุงเทพ จำกัด (BDC)
2748,2566,หนี้ต่างประเทศ,0,8,บริษัท โรงแรมท่าอากาศยานสุวรรณภูมิ จำกัด (SAH)
2749,2566,หนี้ต่างประเทศ,0,8,บริษัท ผลิตไฟฟ้าและน้ำเย็น จำกัด (DCAP)
2750,2566,หนี้ต่างประเทศ,0,8,บริษัท ธนารักษ์พัฒนาสินทรัพย์ จำกัด (ธพส.) (DAD)
2751,2566,หนี้ต่างประเทศ,0,8,บริษัท พีอีเอ เอ็นคอม อินเตอร์เนชั่นแนล จำกัด (PEA ENCOM)
2752,2566,หนี้ต่างประเทศ,30843.01,8,รวม
2753,2566,หนี้ในประเทศ,469567.01,7,1. องค์กรของรัฐ
2754,2566,หนี้ในประเทศ,132113.49,7,องค์การขนส่งมวลชนกรุงเทพ (BMTA)
2755,2566,หนี้ในประเทศ,0,7,สถาบันการบินพลเรือน (CATC)
2756,2566,หนี้ในประเทศ,50.06,7,องค์การส่งเสริมกิจการโคนมแห่งประเทศไทย (DPO)
2757,2566,หนี้ในประเทศ,75000,7,การไฟฟ้าฝ่ายผลิตแห่งประเทศไทย (EGAT)
2758,2566,หนี้ในประเทศ,0,7,การทางพิเศษแห่งประเทศไทย (EXAT)
2759,2566,หนี้ในประเทศ,0,7,องค์การอุตสาหกรรมป่าไม้ (FIO)
2760,2566,หนี้ในประเทศ,0,7,การนิคมอุตสาหกรรมแห่งประเทศไทย (IEAT)
2761,2566,หนี้ในประเทศ,0,7,การไฟฟ้านครหลวง (MEA)
2762,2566,หนี้ในประเทศ,0,7,องค์การตลาดเพื่อเกษตรกร (MOFF)
2763,2566,หนี้ในประเทศ,0,7,การรถไฟฟ้าขนส่งมวลชนแห่งประเทศไทย (MRTA)
2764,2566,หนี้ในประเทศ,0,7,การประปานครหลวง (MWA)
2765,2566,หนี้ในประเทศ,27840,7,การเคหะแห่งชาติ (NHA)
2766,2566,หนี้ในประเทศ,0,7,การท่าเรือแห่งประเทศไทย (PAT)
2767,2566,หนี้ในประเทศ,0,7,การไฟฟ้าส่วนภูมิภาค (PEA)
2768,2566,หนี้ในประเทศ,0,7,องค์การคลังสินค้า (PWO)
2769,2566,หนี้ในประเทศ,7373,7,การประปาส่วนภูมิภาค (PWA)
2770,2566,หนี้ในประเทศ,825.31,7,การยางแห่งประเทศไทย (RAOT)
2771,2566,หนี้ในประเทศ,226365.15,7,การรถไฟแห่งประเทศไทย (SRT)
2772,2566,หนี้ในประเทศ,0,7,องค์การแบตเตอรี่ (TBO)**
2773,2566,หนี้ในประเทศ,0,7,องค์การรับส่งสินค้าและพัสดุภัณฑ์ (ETO) **
2774,2566,หนี้ในประเทศ,0,7,องค์การฟอกหนัง (TTO)**
2775,2566,หนี้ในประเทศ,0,7,สำนักงานธนานุเคราะห์ (PAWN)***
2776,2566,หนี้ในประเทศ,0,7,องค์การเภสัชกรรม
2777,2566,หนี้ในประเทศ,0,7,2. บริษัทจำกัด และบริษัทมหาชนจำกัด
2778,2566,หนี้ในประเทศ,0,7,บริษัท วิทยุการบินแห่งประเทศไทย จำกัด (AERO)
2779,2566,หนี้ในประเทศ,0,7,บริษัท บางจากปิโตรเลียม จำกัด (มหาชน) (BPC)*
2780,2566,หนี้ในประเทศ,0,7,บริษัท กสท.โทรคมนาคม จำกัด (มหาชน) (CAT)
2781,2566,หนี้ในประเทศ,0,7,บริษัท กรุงไทย คอมพิวเตอร์ เซอร์วิสเซส จำกัด (KTBCS)
2782,2566,หนี้ในประเทศ,0,7,บริษัท กรุงไทยธุรกิจบริการ จำกัด (KTBGS)
2783,2566,หนี้ในประเทศ,0,7,บริษัท ท่าอากาศยานไทย จำกัด (มหาชน) (AOT)
2784,2566,หนี้ในประเทศ,0,7,บริษัท ปตท. สำรวจและผลิตปิโตรเลียม จำกัด (มหาชน) (PEPC) *
2785,2566,หนี้ในประเทศ,0,7,บริษัท ปตท.สผ. อินเตอร์เนชั่นแนล จำกัด (PEPI)*
2786,2566,หนี้ในประเทศ,0,7,บริษัท ปตท. จำกัด (มหาชน) (PTT)
2787,2566,หนี้ในประเทศ,0,7,บริษัท การบินไทย จำกัด (มหาชน) (THAI)*
2788,2566,หนี้ในประเทศ,0,7,บริษัท ทีโอที จำกัด (มหาชน) (TOT)
2789,2566,หนี้ในประเทศ,0,7,บริษัท ไม้อัดไทย จำกัด (TTPC)**
2790,2566,หนี้ในประเทศ,0,7,บริษัท อู่กรุงเทพ จำกัด (BDC)
2791,2566,หนี้ในประเทศ,0,7,บริษัท โรงแรมท่าอากาศยานสุวรรณภูมิ จำกัด (SAH)
2792,2566,หนี้ในประเทศ,0,7,บริษัท ผลิตไฟฟ้าและน้ำเย็น จำกัด (DCAP)
2793,2566,หนี้ในประเทศ,0,7,บริษัท ธนารักษ์พัฒนาสินทรัพย์ จำกัด (ธพส.) (DAD)
2794,2566,หนี้ในประเทศ,0,7,บริษัท พีอีเอ เอ็นคอม อินเตอร์เนชั่นแนล จำกัด (PEA ENCOM)
2795,2566,หนี้ในประเทศ,469567.01,7,รวม
2796,2566,หนี้ต่างประเทศ,26859.58,7,1. องค์กรของรัฐ
2797,2566,หนี้ต่างประเทศ,0,7,องค์การขนส่งมวลชนกรุงเทพ (BMTA)
2798,2566,หนี้ต่างประเทศ,0,7,สถาบันการบินพลเรือน (CATC)
2799,2566,หนี้ต่างประเทศ,0,7,องค์การส่งเสริมกิจการโคนมแห่งประเทศไทย (DPO)
2800,2566,หนี้ต่างประเทศ,0,7,การไฟฟ้าฝ่ายผลิตแห่งประเทศไทย (EGAT)
2801,2566,หนี้ต่างประเทศ,0,7,การทางพิเศษแห่งประเทศไทย (EXAT)
2802,2566,หนี้ต่างประเทศ,0,7,องค์การอุตสาหกรรมป่าไม้ (FIO)
2803,2566,หนี้ต่างประเทศ,0,7,การนิคมอุตสาหกรรมแห่งประเทศไทย (IEAT)
2804,2566,หนี้ต่างประเทศ,0,7,การไฟฟ้านครหลวง (MEA)
2805,2566,หนี้ต่างประเทศ,0,7,องค์การตลาดเพื่อเกษตรกร (MOFF)
2806,2566,หนี้ต่างประเทศ,26629.09,7,การรถไฟฟ้าขนส่งมวลชนแห่งประเทศไทย (MRTA)
2807,2566,หนี้ต่างประเทศ,140.3,7,การประปานครหลวง (MWA)
2808,2566,หนี้ต่างประเทศ,0,7,การเคหะแห่งชาติ (NHA)
2809,2566,หนี้ต่างประเทศ,0,7,การท่าเรือแห่งประเทศไทย (PAT)
2810,2566,หนี้ต่างประเทศ,18.64,7,การไฟฟ้าส่วนภูมิภาค (PEA)
2811,2566,หนี้ต่างประเทศ,0,7,องค์การคลังสินค้า (PWO)
2812,2566,หนี้ต่างประเทศ,0,7,การประปาส่วนภูมิภาค (PWA)
2813,2566,หนี้ต่างประเทศ,0,7,การยางแห่งประเทศไทย (RAOT)
2814,2566,หนี้ต่างประเทศ,71.55,7,การรถไฟแห่งประเทศไทย (SRT)
2815,2566,หนี้ต่างประเทศ,0,7,องค์การแบตเตอรี่ (TBO)**
2816,2566,หนี้ต่างประเทศ,0,7,องค์การรับส่งสินค้าและพัสดุภัณฑ์ (ETO) **
2817,2566,หนี้ต่างประเทศ,0,7,องค์การฟอกหนัง (TTO)**
2818,2566,หนี้ต่างประเทศ,0,7,สำนักงานธนานุเคราะห์ (PAWN)***
2819,2566,หนี้ต่างประเทศ,0,7,องค์การเภสัชกรรม
2820,2566,หนี้ต่างประเทศ,3989.55,7,2. บริษัทจำกัด และบริษัทมหาชนจำกัด
2821,2566,หนี้ต่างประเทศ,0,7,บริษัท วิทยุการบินแห่งประเทศไทย จำกัด (AERO)
2822,2566,หนี้ต่างประเทศ,0,7,บริษัท บางจากปิโตรเลียม จำกัด (มหาชน) (BPC)*
2823,2566,หนี้ต่างประเทศ,0,7,บริษัท กสท.โทรคมนาคม จำกัด (มหาชน) (CAT)
2824,2566,หนี้ต่างประเทศ,0,7,บริษัท กรุงไทย คอมพิวเตอร์ เซอร์วิสเซส จำกัด (KTBCS)
2825,2566,หนี้ต่างประเทศ,0,7,บริษัท กรุงไทยธุรกิจบริการ จำกัด (KTBGS)
2826,2566,หนี้ต่างประเทศ,3989.55,7,บริษัท ท่าอากาศยานไทย จำกัด (มหาชน) (AOT)
2827,2566,หนี้ต่างประเทศ,0,7,บริษัท ปตท. สำรวจและผลิตปิโตรเลียม จำกัด (มหาชน) (PEPC) *
2828,2566,หนี้ต่างประเทศ,0,7,บริษัท ปตท.สผ. อินเตอร์เนชั่นแนล จำกัด (PEPI)*
2829,2566,หนี้ต่างประเทศ,0,7,บริษัท ปตท. จำกัด (มหาชน) (PTT)
2830,2566,หนี้ต่างประเทศ,0,7,บริษัท การบินไทย จำกัด (มหาชน) (THAI)*
2831,2566,หนี้ต่างประเทศ,0,7,บริษัท ทีโอที จำกัด (มหาชน) (TOT)
2832,2566,หนี้ต่างประเทศ,0,7,บริษัท ไม้อัดไทย จำกัด (TTPC)**
2833,2566,หนี้ต่างประเทศ,0,7,บริษัท อู่กรุงเทพ จำกัด (BDC)
2834,2566,หนี้ต่างประเทศ,0,7,บริษัท โรงแรมท่าอากาศยานสุวรรณภูมิ จำกัด (SAH)
2835,2566,หนี้ต่างประเทศ,0,7,บริษัท ผลิตไฟฟ้าและน้ำเย็น จำกัด (DCAP)
2836,2566,หนี้ต่างประเทศ,0,7,บริษัท ธนารักษ์พัฒนาสินทรัพย์ จำกัด (ธพส.) (DAD)
2837,2566,หนี้ต่างประเทศ,0,7,บริษัท พีอีเอ เอ็นคอม อินเตอร์เนชั่นแนล จำกัด (PEA ENCOM)
2838,2566,หนี้ต่างประเทศ,30849.13,7,รวม
2839,2566,หนี้ในประเทศ,477172.83,6,1. องค์กรของรัฐ
2840,2566,หนี้ในประเทศ,131345.49,6,องค์การขนส่งมวลชนกรุงเทพ (BMTA)
2841,2566,หนี้ในประเทศ,0,6,สถาบันการบินพลเรือน (CATC)
2842,2566,หนี้ในประเทศ,23.88,6,องค์การส่งเสริมกิจการโคนมแห่งประเทศไทย (DPO)
2843,2566,หนี้ในประเทศ,85000,6,การไฟฟ้าฝ่ายผลิตแห่งประเทศไทย (EGAT)
2844,2566,หนี้ในประเทศ,0,6,การทางพิเศษแห่งประเทศไทย (EXAT)
2845,2566,หนี้ในประเทศ,0,6,องค์การอุตสาหกรรมป่าไม้ (FIO)
2846,2566,หนี้ในประเทศ,0,6,การนิคมอุตสาหกรรมแห่งประเทศไทย (IEAT)
2847,2566,หนี้ในประเทศ,0,6,การไฟฟ้านครหลวง (MEA)
2848,2566,หนี้ในประเทศ,0,6,องค์การตลาดเพื่อเกษตรกร (MOFF)
2849,2566,หนี้ในประเทศ,0,6,การรถไฟฟ้าขนส่งมวลชนแห่งประเทศไทย (MRTA)
2850,2566,หนี้ในประเทศ,0,6,การประปานครหลวง (MWA)
2851,2566,หนี้ในประเทศ,27740,6,การเคหะแห่งชาติ (NHA)
2852,2566,หนี้ในประเทศ,0,6,การท่าเรือแห่งประเทศไทย (PAT)
2853,2566,หนี้ในประเทศ,0,6,การไฟฟ้าส่วนภูมิภาค (PEA)
2854,2566,หนี้ในประเทศ,0,6,องค์การคลังสินค้า (PWO)
2855,2566,หนี้ในประเทศ,7373,6,การประปาส่วนภูมิภาค (PWA)
2856,2566,หนี้ในประเทศ,825.31,6,การยางแห่งประเทศไทย (RAOT)
2857,2566,หนี้ในประเทศ,224865.15,6,การรถไฟแห่งประเทศไทย (SRT)
2858,2566,หนี้ในประเทศ,0,6,องค์การแบตเตอรี่ (TBO)**
2859,2566,หนี้ในประเทศ,0,6,องค์การรับส่งสินค้าและพัสดุภัณฑ์ (ETO) **
2860,2566,หนี้ในประเทศ,0,6,องค์การฟอกหนัง (TTO)**
2861,2566,หนี้ในประเทศ,0,6,สำนักงานธนานุเคราะห์ (PAWN)***
2862,2566,หนี้ในประเทศ,0,6,องค์การเภสัชกรรม
2863,2566,หนี้ในประเทศ,0,6,2. บริษัทจำกัด และบริษัทมหาชนจำกัด
2864,2566,หนี้ในประเทศ,0,6,บริษัท วิทยุการบินแห่งประเทศไทย จำกัด (AERO)
2865,2566,หนี้ในประเทศ,0,6,บริษัท บางจากปิโตรเลียม จำกัด (มหาชน) (BPC)*
2866,2566,หนี้ในประเทศ,0,6,บริษัท กสท.โทรคมนาคม จำกัด (มหาชน) (CAT)
2867,2566,หนี้ในประเทศ,0,6,บริษัท กรุงไทย คอมพิวเตอร์ เซอร์วิสเซส จำกัด (KTBCS)
2868,2566,หนี้ในประเทศ,0,6,บริษัท กรุงไทยธุรกิจบริการ จำกัด (KTBGS)
2869,2566,หนี้ในประเทศ,0,6,บริษัท ท่าอากาศยานไทย จำกัด (มหาชน) (AOT)
2870,2566,หนี้ในประเทศ,0,6,บริษัท ปตท. สำรวจและผลิตปิโตรเลียม จำกัด (มหาชน) (PEPC) *
2871,2566,หนี้ในประเทศ,0,6,บริษัท ปตท.สผ. อินเตอร์เนชั่นแนล จำกัด (PEPI)*
2872,2566,หนี้ในประเทศ,0,6,บริษัท ปตท. จำกัด (มหาชน) (PTT)
2873,2566,หนี้ในประเทศ,0,6,บริษัท การบินไทย จำกัด (มหาชน) (THAI)*
2874,2566,หนี้ในประเทศ,0,6,บริษัท ทีโอที จำกัด (มหาชน) (TOT)
2875,2566,หนี้ในประเทศ,0,6,บริษัท ไม้อัดไทย จำกัด (TTPC)**
2876,2566,หนี้ในประเทศ,0,6,บริษัท อู่กรุงเทพ จำกัด (BDC)
2877,2566,หนี้ในประเทศ,0,6,บริษัท โรงแรมท่าอากาศยานสุวรรณภูมิ จำกัด (SAH)
2878,2566,หนี้ในประเทศ,0,6,บริษัท ผลิตไฟฟ้าและน้ำเย็น จำกัด (DCAP)
2879,2566,หนี้ในประเทศ,0,6,บริษัท ธนารักษ์พัฒนาสินทรัพย์ จำกัด (ธพส.) (DAD)
2880,2566,หนี้ในประเทศ,0,6,บริษัท พีอีเอ เอ็นคอม อินเตอร์เนชั่นแนล จำกัด (PEA ENCOM)
2881,2566,หนี้ในประเทศ,477172.83,6,รวม
2882,2566,หนี้ต่างประเทศ,27029.42,6,1. องค์กรของรัฐ
2883,2566,หนี้ต่างประเทศ,0,6,องค์การขนส่งมวลชนกรุงเทพ (BMTA)
2884,2566,หนี้ต่างประเทศ,0,6,สถาบันการบินพลเรือน (CATC)
2885,2566,หนี้ต่างประเทศ,0,6,องค์การส่งเสริมกิจการโคนมแห่งประเทศไทย (DPO)
2886,2566,หนี้ต่างประเทศ,0,6,การไฟฟ้าฝ่ายผลิตแห่งประเทศไทย (EGAT)
2887,2566,หนี้ต่างประเทศ,0,6,การทางพิเศษแห่งประเทศไทย (EXAT)
2888,2566,หนี้ต่างประเทศ,0,6,องค์การอุตสาหกรรมป่าไม้ (FIO)
2889,2566,หนี้ต่างประเทศ,0,6,การนิคมอุตสาหกรรมแห่งประเทศไทย (IEAT)
2890,2566,หนี้ต่างประเทศ,0,6,การไฟฟ้านครหลวง (MEA)
2891,2566,หนี้ต่างประเทศ,0,6,องค์การตลาดเพื่อเกษตรกร (MOFF)
2892,2566,หนี้ต่างประเทศ,26780.4,6,การรถไฟฟ้าขนส่งมวลชนแห่งประเทศไทย (MRTA)
2893,2566,หนี้ต่างประเทศ,140.3,6,การประปานครหลวง (MWA)
2894,2566,หนี้ต่างประเทศ,0,6,การเคหะแห่งชาติ (NHA)
2895,2566,หนี้ต่างประเทศ,0,6,การท่าเรือแห่งประเทศไทย (PAT)
2896,2566,หนี้ต่างประเทศ,19.08,6,การไฟฟ้าส่วนภูมิภาค (PEA)
2897,2566,หนี้ต่างประเทศ,0,6,องค์การคลังสินค้า (PWO)
2898,2566,หนี้ต่างประเทศ,0,6,การประปาส่วนภูมิภาค (PWA)
2899,2566,หนี้ต่างประเทศ,0,6,การยางแห่งประเทศไทย (RAOT)
2900,2566,หนี้ต่างประเทศ,89.64,6,การรถไฟแห่งประเทศไทย (SRT)
2901,2566,หนี้ต่างประเทศ,0,6,องค์การแบตเตอรี่ (TBO)**
2902,2566,หนี้ต่างประเทศ,0,6,องค์การรับส่งสินค้าและพัสดุภัณฑ์ (ETO) **
2903,2566,หนี้ต่างประเทศ,0,6,องค์การฟอกหนัง (TTO)**
2904,2566,หนี้ต่างประเทศ,0,6,สำนักงานธนานุเคราะห์ (PAWN)***
2905,2566,หนี้ต่างประเทศ,0,6,องค์การเภสัชกรรม
2906,2566,หนี้ต่างประเทศ,4298.72,6,2. บริษัทจำกัด และบริษัทมหาชนจำกัด
2907,2566,หนี้ต่างประเทศ,0,6,บริษัท วิทยุการบินแห่งประเทศไทย จำกัด (AERO)
2908,2566,หนี้ต่างประเทศ,0,6,บริษัท บางจากปิโตรเลียม จำกัด (มหาชน) (BPC)*
2909,2566,หนี้ต่างประเทศ,0,6,บริษัท กสท.โทรคมนาคม จำกัด (มหาชน) (CAT)
2910,2566,หนี้ต่างประเทศ,0,6,บริษัท กรุงไทย คอมพิวเตอร์ เซอร์วิสเซส จำกัด (KTBCS)
2911,2566,หนี้ต่างประเทศ,0,6,บริษัท กรุงไทยธุรกิจบริการ จำกัด (KTBGS)
2912,2566,หนี้ต่างประเทศ,4298.72,6,บริษัท ท่าอากาศยานไทย จำกัด (มหาชน) (AOT)
2913,2566,หนี้ต่างประเทศ,0,6,บริษัท ปตท. สำรวจและผลิตปิโตรเลียม จำกัด (มหาชน) (PEPC) *
2914,2566,หนี้ต่างประเทศ,0,6,บริษัท ปตท.สผ. อินเตอร์เนชั่นแนล จำกัด (PEPI)*
2915,2566,หนี้ต่างประเทศ,0,6,บริษัท ปตท. จำกัด (มหาชน) (PTT)
2916,2566,หนี้ต่างประเทศ,0,6,บริษัท การบินไทย จำกัด (มหาชน) (THAI)*
2917,2566,หนี้ต่างประเทศ,0,6,บริษัท ทีโอที จำกัด (มหาชน) (TOT)
2918,2566,หนี้ต่างประเทศ,0,6,บริษัท ไม้อัดไทย จำกัด (TTPC)**
2919,2566,หนี้ต่างประเทศ,0,6,บริษัท อู่กรุงเทพ จำกัด (BDC)
2920,2566,หนี้ต่างประเทศ,0,6,บริษัท โรงแรมท่าอากาศยานสุวรรณภูมิ จำกัด (SAH)
2921,2566,หนี้ต่างประเทศ,0,6,บริษัท ผลิตไฟฟ้าและน้ำเย็น จำกัด (DCAP)
2922,2566,หนี้ต่างประเทศ,0,6,บริษัท ธนารักษ์พัฒนาสินทรัพย์ จำกัด (ธพส.) (DAD)
2923,2566,หนี้ต่างประเทศ,0,6,บริษัท พีอีเอ เอ็นคอม อินเตอร์เนชั่นแนล จำกัด (PEA ENCOM)
2924,2566,หนี้ต่างประเทศ,31328.14,6,รวม
2925,2566,หนี้ในประเทศ,475132.13,5,1. องค์กรของรัฐ
2926,2566,หนี้ในประเทศ,131113.49,5,องค์การขนส่งมวลชนกรุงเทพ (BMTA)
2927,2566,หนี้ในประเทศ,0,5,สถาบันการบินพลเรือน (CATC)
2928,2566,หนี้ในประเทศ,0,5,องค์การส่งเสริมกิจการโคนมแห่งประเทศไทย (DPO)
2929,2566,หนี้ในประเทศ,85000,5,การไฟฟ้าฝ่ายผลิตแห่งประเทศไทย (EGAT)
2930,2566,หนี้ในประเทศ,0,5,การทางพิเศษแห่งประเทศไทย (EXAT)
2931,2566,หนี้ในประเทศ,0,5,องค์การอุตสาหกรรมป่าไม้ (FIO)
2932,2566,หนี้ในประเทศ,0,5,การนิคมอุตสาหกรรมแห่งประเทศไทย (IEAT)
2933,2566,หนี้ในประเทศ,0,5,การไฟฟ้านครหลวง (MEA)
2934,2566,หนี้ในประเทศ,0,5,องค์การตลาดเพื่อเกษตรกร (MOFF)
2935,2566,หนี้ในประเทศ,0,5,การรถไฟฟ้าขนส่งมวลชนแห่งประเทศไทย (MRTA)
2936,2566,หนี้ในประเทศ,0,5,การประปานครหลวง (MWA)
2937,2566,หนี้ในประเทศ,27600,5,การเคหะแห่งชาติ (NHA)
2938,2566,หนี้ในประเทศ,0,5,การท่าเรือแห่งประเทศไทย (PAT)
2939,2566,หนี้ในประเทศ,0,5,การไฟฟ้าส่วนภูมิภาค (PEA)
2940,2566,หนี้ในประเทศ,0,5,องค์การคลังสินค้า (PWO)
2941,2566,หนี้ในประเทศ,7373,5,การประปาส่วนภูมิภาค (PWA)
2942,2566,หนี้ในประเทศ,825.31,5,การยางแห่งประเทศไทย (RAOT)
2943,2566,หนี้ในประเทศ,223220.33,5,การรถไฟแห่งประเทศไทย (SRT)
2944,2566,หนี้ในประเทศ,0,5,องค์การแบตเตอรี่ (TBO)**
2945,2566,หนี้ในประเทศ,0,5,องค์การรับส่งสินค้าและพัสดุภัณฑ์ (ETO) **
2946,2566,หนี้ในประเทศ,0,5,องค์การฟอกหนัง (TTO)**
2947,2566,หนี้ในประเทศ,0,5,สำนักงานธนานุเคราะห์ (PAWN)***
2948,2566,หนี้ในประเทศ,0,5,องค์การเภสัชกรรม
2949,2566,หนี้ในประเทศ,0,5,2. บริษัทจำกัด และบริษัทมหาชนจำกัด
2950,2566,หนี้ในประเทศ,0,5,บริษัท วิทยุการบินแห่งประเทศไทย จำกัด (AERO)
2951,2566,หนี้ในประเทศ,0,5,บริษัท บางจากปิโตรเลียม จำกัด (มหาชน) (BPC)*
2952,2566,หนี้ในประเทศ,0,5,บริษัท กสท.โทรคมนาคม จำกัด (มหาชน) (CAT)
2953,2566,หนี้ในประเทศ,0,5,บริษัท กรุงไทย คอมพิวเตอร์ เซอร์วิสเซส จำกัด (KTBCS)
2954,2566,หนี้ในประเทศ,0,5,บริษัท กรุงไทยธุรกิจบริการ จำกัด (KTBGS)
2955,2566,หนี้ในประเทศ,0,5,บริษัท ท่าอากาศยานไทย จำกัด (มหาชน) (AOT)
2956,2566,หนี้ในประเทศ,0,5,บริษัท ปตท. สำรวจและผลิตปิโตรเลียม จำกัด (มหาชน) (PEPC) *
2957,2566,หนี้ในประเทศ,0,5,บริษัท ปตท.สผ. อินเตอร์เนชั่นแนล จำกัด (PEPI)*
2958,2566,หนี้ในประเทศ,0,5,บริษัท ปตท. จำกัด (มหาชน) (PTT)
2959,2566,หนี้ในประเทศ,0,5,บริษัท การบินไทย จำกัด (มหาชน) (THAI)*
2960,2566,หนี้ในประเทศ,0,5,บริษัท ทีโอที จำกัด (มหาชน) (TOT)
2961,2566,หนี้ในประเทศ,0,5,บริษัท ไม้อัดไทย จำกัด (TTPC)**
2962,2566,หนี้ในประเทศ,0,5,บริษัท อู่กรุงเทพ จำกัด (BDC)
2963,2566,หนี้ในประเทศ,0,5,บริษัท โรงแรมท่าอากาศยานสุวรรณภูมิ จำกัด (SAH)
2964,2566,หนี้ในประเทศ,0,5,บริษัท ผลิตไฟฟ้าและน้ำเย็น จำกัด (DCAP)
2965,2566,หนี้ในประเทศ,0,5,บริษัท ธนารักษ์พัฒนาสินทรัพย์ จำกัด (ธพส.) (DAD)
2966,2566,หนี้ในประเทศ,0,5,บริษัท พีอีเอ เอ็นคอม อินเตอร์เนชั่นแนล จำกัด (PEA ENCOM)
2967,2566,หนี้ในประเทศ,475132.13,5,รวม
2968,2566,หนี้ต่างประเทศ,27049.82,5,1. องค์กรของรัฐ
2969,2566,หนี้ต่างประเทศ,0,5,องค์การขนส่งมวลชนกรุงเทพ (BMTA)
2970,2566,หนี้ต่างประเทศ,0,5,สถาบันการบินพลเรือน (CATC)
2971,2566,หนี้ต่างประเทศ,0,5,องค์การส่งเสริมกิจการโคนมแห่งประเทศไทย (DPO)
2972,2566,หนี้ต่างประเทศ,0,5,การไฟฟ้าฝ่ายผลิตแห่งประเทศไทย (EGAT)
2973,2566,หนี้ต่างประเทศ,0,5,การทางพิเศษแห่งประเทศไทย (EXAT)
2974,2566,หนี้ต่างประเทศ,0,5,องค์การอุตสาหกรรมป่าไม้ (FIO)
2975,2566,หนี้ต่างประเทศ,0,5,การนิคมอุตสาหกรรมแห่งประเทศไทย (IEAT)
2976,2566,หนี้ต่างประเทศ,0,5,การไฟฟ้านครหลวง (MEA)
2977,2566,หนี้ต่างประเทศ,0,5,องค์การตลาดเพื่อเกษตรกร (MOFF)
2978,2566,หนี้ต่างประเทศ,26780.4,5,การรถไฟฟ้าขนส่งมวลชนแห่งประเทศไทย (MRTA)
2979,2566,หนี้ต่างประเทศ,140.3,5,การประปานครหลวง (MWA)
2980,2566,หนี้ต่างประเทศ,0,5,การเคหะแห่งชาติ (NHA)
2981,2566,หนี้ต่างประเทศ,0,5,การท่าเรือแห่งประเทศไทย (PAT)
2982,2566,หนี้ต่างประเทศ,36.72,5,การไฟฟ้าส่วนภูมิภาค (PEA)
2983,2566,หนี้ต่างประเทศ,0,5,องค์การคลังสินค้า (PWO)
2984,2566,หนี้ต่างประเทศ,0,5,การประปาส่วนภูมิภาค (PWA)
2985,2566,หนี้ต่างประเทศ,0,5,การยางแห่งประเทศไทย (RAOT)
2986,2566,หนี้ต่างประเทศ,92.4,5,การรถไฟแห่งประเทศไทย (SRT)
2987,2566,หนี้ต่างประเทศ,0,5,องค์การแบตเตอรี่ (TBO)**
2988,2566,หนี้ต่างประเทศ,0,5,องค์การรับส่งสินค้าและพัสดุภัณฑ์ (ETO) **
2989,2566,หนี้ต่างประเทศ,0,5,องค์การฟอกหนัง (TTO)**
2990,2566,หนี้ต่างประเทศ,0,5,สำนักงานธนานุเคราะห์ (PAWN)***
2991,2566,หนี้ต่างประเทศ,0,5,องค์การเภสัชกรรม
2992,2566,หนี้ต่างประเทศ,4718.16,5,2. บริษัทจำกัด และบริษัทมหาชนจำกัด
2993,2566,หนี้ต่างประเทศ,0,5,บริษัท วิทยุการบินแห่งประเทศไทย จำกัด (AERO)
2994,2566,หนี้ต่างประเทศ,0,5,บริษัท บางจากปิโตรเลียม จำกัด (มหาชน) (BPC)*
2995,2566,หนี้ต่างประเทศ,0,5,บริษัท กสท.โทรคมนาคม จำกัด (มหาชน) (CAT)
2996,2566,หนี้ต่างประเทศ,0,5,บริษัท กรุงไทย คอมพิวเตอร์ เซอร์วิสเซส จำกัด (KTBCS)
2997,2566,หนี้ต่างประเทศ,0,5,บริษัท กรุงไทยธุรกิจบริการ จำกัด (KTBGS)
2998,2566,หนี้ต่างประเทศ,4718.16,5,บริษัท ท่าอากาศยานไทย จำกัด (มหาชน) (AOT)
2999,2566,หนี้ต่างประเทศ,0,5,บริษัท ปตท. สำรวจและผลิตปิโตรเลียม จำกัด (มหาชน) (PEPC) *
3000,2566,หนี้ต่างประเทศ,0,5,บริษัท ปตท.สผ. อินเตอร์เนชั่นแนล จำกัด (PEPI)*
3001,2566,หนี้ต่างประเทศ,0,5,บริษัท ปตท. จำกัด (มหาชน) (PTT)
3002,2566,หนี้ต่างประเทศ,0,5,บริษัท การบินไทย จำกัด (มหาชน) (THAI)*
3003,2566,หนี้ต่างประเทศ,0,5,บริษัท ทีโอที จำกัด (มหาชน) (TOT)
3004,2566,หนี้ต่างประเทศ,0,5,บริษัท ไม้อัดไทย จำกัด (TTPC)**
3005,2566,หนี้ต่างประเทศ,0,5,บริษัท อู่กรุงเทพ จำกัด (BDC)
3006,2566,หนี้ต่างประเทศ,0,5,บริษัท โรงแรมท่าอากาศยานสุวรรณภูมิ จำกัด (SAH)
3007,2566,หนี้ต่างประเทศ,0,5,บริษัท ผลิตไฟฟ้าและน้ำเย็น จำกัด (DCAP)
3008,2566,หนี้ต่างประเทศ,0,5,บริษัท ธนารักษ์พัฒนาสินทรัพย์ จำกัด (ธพส.) (DAD)
3009,2566,หนี้ต่างประเทศ,0,5,บริษัท พีอีเอ เอ็นคอม อินเตอร์เนชั่นแนล จำกัด (PEA ENCOM)
3010,2566,หนี้ต่างประเทศ,31767.98,5,รวม
3011,2566,หนี้ในประเทศ,473478.64,4,1. องค์กรของรัฐ
3012,2566,หนี้ในประเทศ,130715.18,4,องค์การขนส่งมวลชนกรุงเทพ (BMTA)
3013,2566,หนี้ในประเทศ,0,4,สถาบันการบินพลเรือน (CATC)
3014,2566,หนี้ในประเทศ,0,4,องค์การส่งเสริมกิจการโคนมแห่งประเทศไทย (DPO)
3015,2566,หนี้ในประเทศ,85000,4,การไฟฟ้าฝ่ายผลิตแห่งประเทศไทย (EGAT)
3016,2566,หนี้ในประเทศ,0,4,การทางพิเศษแห่งประเทศไทย (EXAT)
3017,2566,หนี้ในประเทศ,0,4,องค์การอุตสาหกรรมป่าไม้ (FIO)
3018,2566,หนี้ในประเทศ,0,4,การนิคมอุตสาหกรรมแห่งประเทศไทย (IEAT)
3019,2566,หนี้ในประเทศ,0,4,การไฟฟ้านครหลวง (MEA)
3020,2566,หนี้ในประเทศ,0,4,องค์การตลาดเพื่อเกษตรกร (MOFF)
3021,2566,หนี้ในประเทศ,0,4,การรถไฟฟ้าขนส่งมวลชนแห่งประเทศไทย (MRTA)
3022,2566,หนี้ในประเทศ,0,4,การประปานครหลวง (MWA)
3023,2566,หนี้ในประเทศ,27600,4,การเคหะแห่งชาติ (NHA)
3024,2566,หนี้ในประเทศ,0,4,การท่าเรือแห่งประเทศไทย (PAT)
3025,2566,หนี้ในประเทศ,0,4,การไฟฟ้าส่วนภูมิภาค (PEA)
3026,2566,หนี้ในประเทศ,0,4,องค์การคลังสินค้า (PWO)
3027,2566,หนี้ในประเทศ,7973,4,การประปาส่วนภูมิภาค (PWA)
3028,2566,หนี้ในประเทศ,825.31,4,การยางแห่งประเทศไทย (RAOT)
3029,2566,หนี้ในประเทศ,221365.15,4,การรถไฟแห่งประเทศไทย (SRT)
3030,2566,หนี้ในประเทศ,0,4,องค์การแบตเตอรี่ (TBO)**
3031,2566,หนี้ในประเทศ,0,4,องค์การรับส่งสินค้าและพัสดุภัณฑ์ (ETO) **
3032,2566,หนี้ในประเทศ,0,4,องค์การฟอกหนัง (TTO)**
3033,2566,หนี้ในประเทศ,0,4,สำนักงานธนานุเคราะห์ (PAWN)***
3034,2566,หนี้ในประเทศ,0,4,องค์การเภสัชกรรม
3035,2566,หนี้ในประเทศ,0,4,2. บริษัทจำกัด และบริษัทมหาชนจำกัด
3036,2566,หนี้ในประเทศ,0,4,บริษัท วิทยุการบินแห่งประเทศไทย จำกัด (AERO)
3037,2566,หนี้ในประเทศ,0,4,บริษัท บางจากปิโตรเลียม จำกัด (มหาชน) (BPC)*
3038,2566,หนี้ในประเทศ,0,4,บริษัท กสท.โทรคมนาคม จำกัด (มหาชน) (CAT)
3039,2566,หนี้ในประเทศ,0,4,บริษัท กรุงไทย คอมพิวเตอร์ เซอร์วิสเซส จำกัด (KTBCS)
3040,2566,หนี้ในประเทศ,0,4,บริษัท กรุงไทยธุรกิจบริการ จำกัด (KTBGS)
3041,2566,หนี้ในประเทศ,0,4,บริษัท ท่าอากาศยานไทย จำกัด (มหาชน) (AOT)
3042,2566,หนี้ในประเทศ,0,4,บริษัท ปตท. สำรวจและผลิตปิโตรเลียม จำกัด (มหาชน) (PEPC) *
3043,2566,หนี้ในประเทศ,0,4,บริษัท ปตท.สผ. อินเตอร์เนชั่นแนล จำกัด (PEPI)*
3044,2566,หนี้ในประเทศ,0,4,บริษัท ปตท. จำกัด (มหาชน) (PTT)
3045,2566,หนี้ในประเทศ,0,4,บริษัท การบินไทย จำกัด (มหาชน) (THAI)*
3046,2566,หนี้ในประเทศ,0,4,บริษัท ทีโอที จำกัด (มหาชน) (TOT)
3047,2566,หนี้ในประเทศ,0,4,บริษัท ไม้อัดไทย จำกัด (TTPC)**
3048,2566,หนี้ในประเทศ,0,4,บริษัท อู่กรุงเทพ จำกัด (BDC)
3049,2566,หนี้ในประเทศ,0,4,บริษัท โรงแรมท่าอากาศยานสุวรรณภูมิ จำกัด (SAH)
3050,2566,หนี้ในประเทศ,0,4,บริษัท ผลิตไฟฟ้าและน้ำเย็น จำกัด (DCAP)
3051,2566,หนี้ในประเทศ,0,4,บริษัท ธนารักษ์พัฒนาสินทรัพย์ จำกัด (ธพส.) (DAD)
3052,2566,หนี้ในประเทศ,0,4,บริษัท พีอีเอ เอ็นคอม อินเตอร์เนชั่นแนล จำกัด (PEA ENCOM)
3053,2566,หนี้ในประเทศ,473478.64,4,รวม
3054,2566,หนี้ต่างประเทศ,27081.89,4,1. องค์กรของรัฐ
3055,2566,หนี้ต่างประเทศ,0,4,องค์การขนส่งมวลชนกรุงเทพ (BMTA)
3056,2566,หนี้ต่างประเทศ,0,4,สถาบันการบินพลเรือน (CATC)
3057,2566,หนี้ต่างประเทศ,0,4,องค์การส่งเสริมกิจการโคนมแห่งประเทศไทย (DPO)
3058,2566,หนี้ต่างประเทศ,0,4,การไฟฟ้าฝ่ายผลิตแห่งประเทศไทย (EGAT)
3059,2566,หนี้ต่างประเทศ,0,4,การทางพิเศษแห่งประเทศไทย (EXAT)
3060,2566,หนี้ต่างประเทศ,0,4,องค์การอุตสาหกรรมป่าไม้ (FIO)
3061,2566,หนี้ต่างประเทศ,0,4,การนิคมอุตสาหกรรมแห่งประเทศไทย (IEAT)
3062,2566,หนี้ต่างประเทศ,0,4,การไฟฟ้านครหลวง (MEA)
3063,2566,หนี้ต่างประเทศ,0,4,องค์การตลาดเพื่อเกษตรกร (MOFF)
3064,2566,หนี้ต่างประเทศ,26810.83,4,การรถไฟฟ้าขนส่งมวลชนแห่งประเทศไทย (MRTA)
3065,2566,หนี้ต่างประเทศ,140.3,4,การประปานครหลวง (MWA)
3066,2566,หนี้ต่างประเทศ,0,4,การเคหะแห่งชาติ (NHA)
3067,2566,หนี้ต่างประเทศ,0,4,การท่าเรือแห่งประเทศไทย (PAT)
3068,2566,หนี้ต่างประเทศ,37.15,4,การไฟฟ้าส่วนภูมิภาค (PEA)
3069,2566,หนี้ต่างประเทศ,0,4,องค์การคลังสินค้า (PWO)
3070,2566,หนี้ต่างประเทศ,0,4,การประปาส่วนภูมิภาค (PWA)
3071,2566,หนี้ต่างประเทศ,0,4,การยางแห่งประเทศไทย (RAOT)
3072,2566,หนี้ต่างประเทศ,93.61,4,การรถไฟแห่งประเทศไทย (SRT)
3073,2566,หนี้ต่างประเทศ,0,4,องค์การแบตเตอรี่ (TBO)**
3074,2566,หนี้ต่างประเทศ,0,4,องค์การรับส่งสินค้าและพัสดุภัณฑ์ (ETO) **
3075,2566,หนี้ต่างประเทศ,0,4,องค์การฟอกหนัง (TTO)**
3076,2566,หนี้ต่างประเทศ,0,4,สำนักงานธนานุเคราะห์ (PAWN)***
3077,2566,หนี้ต่างประเทศ,0,4,องค์การเภสัชกรรม
3078,2566,หนี้ต่างประเทศ,4730.98,4,2. บริษัทจำกัด และบริษัทมหาชนจำกัด
3079,2566,หนี้ต่างประเทศ,0,4,บริษัท วิทยุการบินแห่งประเทศไทย จำกัด (AERO)
3080,2566,หนี้ต่างประเทศ,0,4,บริษัท บางจากปิโตรเลียม จำกัด (มหาชน) (BPC)*
3081,2566,หนี้ต่างประเทศ,0,4,บริษัท กสท.โทรคมนาคม จำกัด (มหาชน) (CAT)
3082,2566,หนี้ต่างประเทศ,0,4,บริษัท กรุงไทย คอมพิวเตอร์ เซอร์วิสเซส จำกัด (KTBCS)
3083,2566,หนี้ต่างประเทศ,0,4,บริษัท กรุงไทยธุรกิจบริการ จำกัด (KTBGS)
3084,2566,หนี้ต่างประเทศ,4730.98,4,บริษัท ท่าอากาศยานไทย จำกัด (มหาชน) (AOT)
3085,2566,หนี้ต่างประเทศ,0,4,บริษัท ปตท. สำรวจและผลิตปิโตรเลียม จำกัด (มหาชน) (PEPC) *
3086,2566,หนี้ต่างประเทศ,0,4,บริษัท ปตท.สผ. อินเตอร์เนชั่นแนล จำกัด (PEPI)*
3087,2566,หนี้ต่างประเทศ,0,4,บริษัท ปตท. จำกัด (มหาชน) (PTT)
3088,2566,หนี้ต่างประเทศ,0,4,บริษัท การบินไทย จำกัด (มหาชน) (THAI)*
3089,2566,หนี้ต่างประเทศ,0,4,บริษัท ทีโอที จำกัด (มหาชน) (TOT)
3090,2566,หนี้ต่างประเทศ,0,4,บริษัท ไม้อัดไทย จำกัด (TTPC)**
3091,2566,หนี้ต่างประเทศ,0,4,บริษัท อู่กรุงเทพ จำกัด (BDC)
3092,2566,หนี้ต่างประเทศ,0,4,บริษัท โรงแรมท่าอากาศยานสุวรรณภูมิ จำกัด (SAH)
3093,2566,หนี้ต่างประเทศ,0,4,บริษัท ผลิตไฟฟ้าและน้ำเย็น จำกัด (DCAP)
3094,2566,หนี้ต่างประเทศ,0,4,บริษัท ธนารักษ์พัฒนาสินทรัพย์ จำกัด (ธพส.) (DAD)
3095,2566,หนี้ต่างประเทศ,0,4,บริษัท พีอีเอ เอ็นคอม อินเตอร์เนชั่นแนล จำกัด (PEA ENCOM)
3096,2566,หนี้ต่างประเทศ,31812.87,4,รวม
3097,2566,หนี้ในประเทศ,472680.43,3,1. องค์กรของรัฐ
3098,2566,หนี้ในประเทศ,130142.2,3,องค์การขนส่งมวลชนกรุงเทพ (BMTA)
3099,2566,หนี้ในประเทศ,0,3,สถาบันการบินพลเรือน (CATC)
3100,2566,หนี้ในประเทศ,0,3,องค์การส่งเสริมกิจการโคนมแห่งประเทศไทย (DPO)
3101,2566,หนี้ในประเทศ,85000,3,การไฟฟ้าฝ่ายผลิตแห่งประเทศไทย (EGAT)
3102,2566,หนี้ในประเทศ,0,3,การทางพิเศษแห่งประเทศไทย (EXAT)
3103,2566,หนี้ในประเทศ,0,3,องค์การอุตสาหกรรมป่าไม้ (FIO)
3104,2566,หนี้ในประเทศ,0,3,การนิคมอุตสาหกรรมแห่งประเทศไทย (IEAT)
3105,2566,หนี้ในประเทศ,0,3,การไฟฟ้านครหลวง (MEA)
3106,2566,หนี้ในประเทศ,0,3,องค์การตลาดเพื่อเกษตรกร (MOFF)
3107,2566,หนี้ในประเทศ,0,3,การรถไฟฟ้าขนส่งมวลชนแห่งประเทศไทย (MRTA)
3108,2566,หนี้ในประเทศ,0,3,การประปานครหลวง (MWA)
3109,2566,หนี้ในประเทศ,28065.42,3,การเคหะแห่งชาติ (NHA)
3110,2566,หนี้ในประเทศ,0,3,การท่าเรือแห่งประเทศไทย (PAT)
3111,2566,หนี้ในประเทศ,0,3,การไฟฟ้าส่วนภูมิภาค (PEA)
3112,2566,หนี้ในประเทศ,0,3,องค์การคลังสินค้า (PWO)
3113,2566,หนี้ในประเทศ,7973,3,การประปาส่วนภูมิภาค (PWA)
3114,2566,หนี้ในประเทศ,825.31,3,การยางแห่งประเทศไทย (RAOT)
3115,2566,หนี้ในประเทศ,220674.5,3,การรถไฟแห่งประเทศไทย (SRT)
3116,2566,หนี้ในประเทศ,0,3,องค์การแบตเตอรี่ (TBO)**
3117,2566,หนี้ในประเทศ,0,3,องค์การรับส่งสินค้าและพัสดุภัณฑ์ (ETO) **
3118,2566,หนี้ในประเทศ,0,3,องค์การฟอกหนัง (TTO)**
3119,2566,หนี้ในประเทศ,0,3,สำนักงานธนานุเคราะห์ (PAWN)***
3120,2566,หนี้ในประเทศ,0,3,องค์การเภสัชกรรม
3121,2566,หนี้ในประเทศ,0,3,2. บริษัทจำกัด และบริษัทมหาชนจำกัด
3122,2566,หนี้ในประเทศ,0,3,บริษัท วิทยุการบินแห่งประเทศไทย จำกัด (AERO)
3123,2566,หนี้ในประเทศ,0,3,บริษัท บางจากปิโตรเลียม จำกัด (มหาชน) (BPC)*
3124,2566,หนี้ในประเทศ,0,3,บริษัท กสท.โทรคมนาคม จำกัด (มหาชน) (CAT)
3125,2566,หนี้ในประเทศ,0,3,บริษัท กรุงไทย คอมพิวเตอร์ เซอร์วิสเซส จำกัด (KTBCS)
3126,2566,หนี้ในประเทศ,0,3,บริษัท กรุงไทยธุรกิจบริการ จำกัด (KTBGS)
3127,2566,หนี้ในประเทศ,0,3,บริษัท ท่าอากาศยานไทย จำกัด (มหาชน) (AOT)
3128,2566,หนี้ในประเทศ,0,3,บริษัท ปตท. สำรวจและผลิตปิโตรเลียม จำกัด (มหาชน) (PEPC) *
3129,2566,หนี้ในประเทศ,0,3,บริษัท ปตท.สผ. อินเตอร์เนชั่นแนล จำกัด (PEPI)*
3130,2566,หนี้ในประเทศ,0,3,บริษัท ปตท. จำกัด (มหาชน) (PTT)
3131,2566,หนี้ในประเทศ,0,3,บริษัท การบินไทย จำกัด (มหาชน) (THAI)*
3132,2566,หนี้ในประเทศ,0,3,บริษัท ทีโอที จำกัด (มหาชน) (TOT)
3133,2566,หนี้ในประเทศ,0,3,บริษัท ไม้อัดไทย จำกัด (TTPC)**
3134,2566,หนี้ในประเทศ,0,3,บริษัท อู่กรุงเทพ จำกัด (BDC)
3135,2566,หนี้ในประเทศ,0,3,บริษัท โรงแรมท่าอากาศยานสุวรรณภูมิ จำกัด (SAH)
3136,2566,หนี้ในประเทศ,0,3,บริษัท ผลิตไฟฟ้าและน้ำเย็น จำกัด (DCAP)
3137,2566,หนี้ในประเทศ,0,3,บริษัท ธนารักษ์พัฒนาสินทรัพย์ จำกัด (ธพส.) (DAD)
3138,2566,หนี้ในประเทศ,0,3,บริษัท พีอีเอ เอ็นคอม อินเตอร์เนชั่นแนล จำกัด (PEA ENCOM)
3139,2566,หนี้ในประเทศ,472680.43,3,รวม
3140,2566,หนี้ต่างประเทศ,27291.86,3,1. องค์กรของรัฐ
3141,2566,หนี้ต่างประเทศ,0,3,องค์การขนส่งมวลชนกรุงเทพ (BMTA)
3142,2566,หนี้ต่างประเทศ,0,3,สถาบันการบินพลเรือน (CATC)
3143,2566,หนี้ต่างประเทศ,0,3,องค์การส่งเสริมกิจการโคนมแห่งประเทศไทย (DPO)
3144,2566,หนี้ต่างประเทศ,0,3,การไฟฟ้าฝ่ายผลิตแห่งประเทศไทย (EGAT)
3145,2566,หนี้ต่างประเทศ,0,3,การทางพิเศษแห่งประเทศไทย (EXAT)
3146,2566,หนี้ต่างประเทศ,0,3,องค์การอุตสาหกรรมป่าไม้ (FIO)
3147,2566,หนี้ต่างประเทศ,0,3,การนิคมอุตสาหกรรมแห่งประเทศไทย (IEAT)
3148,2566,หนี้ต่างประเทศ,0,3,การไฟฟ้านครหลวง (MEA)
3149,2566,หนี้ต่างประเทศ,0,3,องค์การตลาดเพื่อเกษตรกร (MOFF)
3150,2566,หนี้ต่างประเทศ,27021.9,3,การรถไฟฟ้าขนส่งมวลชนแห่งประเทศไทย (MRTA)
3151,2566,หนี้ต่างประเทศ,140.3,3,การประปานครหลวง (MWA)
3152,2566,หนี้ต่างประเทศ,0,3,การเคหะแห่งชาติ (NHA)
3153,2566,หนี้ต่างประเทศ,0,3,การท่าเรือแห่งประเทศไทย (PAT)
3154,2566,หนี้ต่างประเทศ,36.73,3,การไฟฟ้าส่วนภูมิภาค (PEA)
3155,2566,หนี้ต่างประเทศ,0,3,องค์การคลังสินค้า (PWO)
3156,2566,หนี้ต่างประเทศ,0,3,การประปาส่วนภูมิภาค (PWA)
3157,2566,หนี้ต่างประเทศ,0,3,การยางแห่งประเทศไทย (RAOT)
3158,2566,หนี้ต่างประเทศ,92.93,3,การรถไฟแห่งประเทศไทย (SRT)
3159,2566,หนี้ต่างประเทศ,0,3,องค์การแบตเตอรี่ (TBO)**
3160,2566,หนี้ต่างประเทศ,0,3,องค์การรับส่งสินค้าและพัสดุภัณฑ์ (ETO) **
3161,2566,หนี้ต่างประเทศ,0,3,องค์การฟอกหนัง (TTO)**
3162,2566,หนี้ต่างประเทศ,0,3,สำนักงานธนานุเคราะห์ (PAWN)***
3163,2566,หนี้ต่างประเทศ,0,3,องค์การเภสัชกรรม
3164,2566,หนี้ต่างประเทศ,4878.94,3,2. บริษัทจำกัด และบริษัทมหาชนจำกัด
3165,2566,หนี้ต่างประเทศ,0,3,บริษัท วิทยุการบินแห่งประเทศไทย จำกัด (AERO)
3166,2566,หนี้ต่างประเทศ,0,3,บริษัท บางจากปิโตรเลียม จำกัด (มหาชน) (BPC)*
3167,2566,หนี้ต่างประเทศ,0,3,บริษัท กสท.โทรคมนาคม จำกัด (มหาชน) (CAT)
3168,2566,หนี้ต่างประเทศ,0,3,บริษัท กรุงไทย คอมพิวเตอร์ เซอร์วิสเซส จำกัด (KTBCS)
3169,2566,หนี้ต่างประเทศ,0,3,บริษัท กรุงไทยธุรกิจบริการ จำกัด (KTBGS)
3170,2566,หนี้ต่างประเทศ,4878.94,3,บริษัท ท่าอากาศยานไทย จำกัด (มหาชน) (AOT)
3171,2566,หนี้ต่างประเทศ,0,3,บริษัท ปตท. สำรวจและผลิตปิโตรเลียม จำกัด (มหาชน) (PEPC) *
3172,2566,หนี้ต่างประเทศ,0,3,บริษัท ปตท.สผ. อินเตอร์เนชั่นแนล จำกัด (PEPI)*
3173,2566,หนี้ต่างประเทศ,0,3,บริษัท ปตท. จำกัด (มหาชน) (PTT)
3174,2566,หนี้ต่างประเทศ,0,3,บริษัท การบินไทย จำกัด (มหาชน) (THAI)*
3175,2566,หนี้ต่างประเทศ,0,3,บริษัท ทีโอที จำกัด (มหาชน) (TOT)
3176,2566,หนี้ต่างประเทศ,0,3,บริษัท ไม้อัดไทย จำกัด (TTPC)**
3177,2566,หนี้ต่างประเทศ,0,3,บริษัท อู่กรุงเทพ จำกัด (BDC)
3178,2566,หนี้ต่างประเทศ,0,3,บริษัท โรงแรมท่าอากาศยานสุวรรณภูมิ จำกัด (SAH)
3179,2566,หนี้ต่างประเทศ,0,3,บริษัท ผลิตไฟฟ้าและน้ำเย็น จำกัด (DCAP)
3180,2566,หนี้ต่างประเทศ,0,3,บริษัท ธนารักษ์พัฒนาสินทรัพย์ จำกัด (ธพส.) (DAD)
3181,2566,หนี้ต่างประเทศ,0,3,บริษัท พีอีเอ เอ็นคอม อินเตอร์เนชั่นแนล จำกัด (PEA ENCOM)
3182,2566,หนี้ต่างประเทศ,32170.8,3,รวม
3183,2566,หนี้ในประเทศ,470945.93,2,1. องค์กรของรัฐ
3184,2566,หนี้ในประเทศ,129707.7,2,องค์การขนส่งมวลชนกรุงเทพ (BMTA)
3185,2566,หนี้ในประเทศ,0,2,สถาบันการบินพลเรือน (CATC)
3186,2566,หนี้ในประเทศ,0,2,องค์การส่งเสริมกิจการโคนมแห่งประเทศไทย (DPO)
3187,2566,หนี้ในประเทศ,85000,2,การไฟฟ้าฝ่ายผลิตแห่งประเทศไทย (EGAT)
3188,2566,หนี้ในประเทศ,1000,2,การทางพิเศษแห่งประเทศไทย (EXAT)
3189,2566,หนี้ในประเทศ,0,2,องค์การอุตสาหกรรมป่าไม้ (FIO)
3190,2566,หนี้ในประเทศ,0,2,การนิคมอุตสาหกรรมแห่งประเทศไทย (IEAT)
3191,2566,หนี้ในประเทศ,0,2,การไฟฟ้านครหลวง (MEA)
3192,2566,หนี้ในประเทศ,0,2,องค์การตลาดเพื่อเกษตรกร (MOFF)
3193,2566,หนี้ในประเทศ,0,2,การรถไฟฟ้าขนส่งมวลชนแห่งประเทศไทย (MRTA)
3194,2566,หนี้ในประเทศ,0,2,การประปานครหลวง (MWA)
3195,2566,หนี้ในประเทศ,28065.42,2,การเคหะแห่งชาติ (NHA)
3196,2566,หนี้ในประเทศ,0,2,การท่าเรือแห่งประเทศไทย (PAT)
3197,2566,หนี้ในประเทศ,0,2,การไฟฟ้าส่วนภูมิภาค (PEA)
3198,2566,หนี้ในประเทศ,0,2,องค์การคลังสินค้า (PWO)
3199,2566,หนี้ในประเทศ,7973,2,การประปาส่วนภูมิภาค (PWA)
3200,2566,หนี้ในประเทศ,825.31,2,การยางแห่งประเทศไทย (RAOT)
3201,2566,หนี้ในประเทศ,218374.5,2,การรถไฟแห่งประเทศไทย (SRT)
3202,2566,หนี้ในประเทศ,0,2,องค์การแบตเตอรี่ (TBO)**
3203,2566,หนี้ในประเทศ,0,2,องค์การรับส่งสินค้าและพัสดุภัณฑ์ (ETO) **
3204,2566,หนี้ในประเทศ,0,2,องค์การฟอกหนัง (TTO)**
3205,2566,หนี้ในประเทศ,0,2,สำนักงานธนานุเคราะห์ (PAWN)***
3206,2566,หนี้ในประเทศ,0,2,องค์การเภสัชกรรม
3207,2566,หนี้ในประเทศ,0,2,2. บริษัทจำกัด และบริษัทมหาชนจำกัด
3208,2566,หนี้ในประเทศ,0,2,บริษัท วิทยุการบินแห่งประเทศไทย จำกัด (AERO)
3209,2566,หนี้ในประเทศ,0,2,บริษัท บางจากปิโตรเลียม จำกัด (มหาชน) (BPC)*
3210,2566,หนี้ในประเทศ,0,2,บริษัท กสท.โทรคมนาคม จำกัด (มหาชน) (CAT)
3211,2566,หนี้ในประเทศ,0,2,บริษัท กรุงไทย คอมพิวเตอร์ เซอร์วิสเซส จำกัด (KTBCS)
3212,2566,หนี้ในประเทศ,0,2,บริษัท กรุงไทยธุรกิจบริการ จำกัด (KTBGS)
3213,2566,หนี้ในประเทศ,0,2,บริษัท ท่าอากาศยานไทย จำกัด (มหาชน) (AOT)
3214,2566,หนี้ในประเทศ,0,2,บริษัท ปตท. สำรวจและผลิตปิโตรเลียม จำกัด (มหาชน) (PEPC) *
3215,2566,หนี้ในประเทศ,0,2,บริษัท ปตท.สผ. อินเตอร์เนชั่นแนล จำกัด (PEPI)*
3216,2566,หนี้ในประเทศ,0,2,บริษัท ปตท. จำกัด (มหาชน) (PTT)
3217,2566,หนี้ในประเทศ,0,2,บริษัท การบินไทย จำกัด (มหาชน) (THAI)*
3218,2566,หนี้ในประเทศ,0,2,บริษัท ทีโอที จำกัด (มหาชน) (TOT)
3219,2566,หนี้ในประเทศ,0,2,บริษัท ไม้อัดไทย จำกัด (TTPC)**
3220,2566,หนี้ในประเทศ,0,2,บริษัท อู่กรุงเทพ จำกัด (BDC)
3221,2566,หนี้ในประเทศ,0,2,บริษัท โรงแรมท่าอากาศยานสุวรรณภูมิ จำกัด (SAH)
3222,2566,หนี้ในประเทศ,0,2,บริษัท ผลิตไฟฟ้าและน้ำเย็น จำกัด (DCAP)
3223,2566,หนี้ในประเทศ,0,2,บริษัท ธนารักษ์พัฒนาสินทรัพย์ จำกัด (ธพส.) (DAD)
3224,2566,หนี้ในประเทศ,0,2,บริษัท พีอีเอ เอ็นคอม อินเตอร์เนชั่นแนล จำกัด (PEA ENCOM)
3225,2566,หนี้ในประเทศ,470945.93,2,รวม
3226,2566,หนี้ต่างประเทศ,27779.96,2,1. องค์กรของรัฐ
3227,2566,หนี้ต่างประเทศ,0,2,องค์การขนส่งมวลชนกรุงเทพ (BMTA)
3228,2566,หนี้ต่างประเทศ,0,2,สถาบันการบินพลเรือน (CATC)
3229,2566,หนี้ต่างประเทศ,0,2,องค์การส่งเสริมกิจการโคนมแห่งประเทศไทย (DPO)
3230,2566,หนี้ต่างประเทศ,0,2,การไฟฟ้าฝ่ายผลิตแห่งประเทศไทย (EGAT)
3231,2566,หนี้ต่างประเทศ,0,2,การทางพิเศษแห่งประเทศไทย (EXAT)
3232,2566,หนี้ต่างประเทศ,0,2,องค์การอุตสาหกรรมป่าไม้ (FIO)
3233,2566,หนี้ต่างประเทศ,0,2,การนิคมอุตสาหกรรมแห่งประเทศไทย (IEAT)
3234,2566,หนี้ต่างประเทศ,0,2,การไฟฟ้านครหลวง (MEA)
3235,2566,หนี้ต่างประเทศ,0,2,องค์การตลาดเพื่อเกษตรกร (MOFF)
3236,2566,หนี้ต่างประเทศ,27463.05,2,การรถไฟฟ้าขนส่งมวลชนแห่งประเทศไทย (MRTA)
3237,2566,หนี้ต่างประเทศ,187.07,2,การประปานครหลวง (MWA)
3238,2566,หนี้ต่างประเทศ,0,2,การเคหะแห่งชาติ (NHA)
3239,2566,หนี้ต่างประเทศ,0,2,การท่าเรือแห่งประเทศไทย (PAT)
3240,2566,หนี้ต่างประเทศ,36.76,2,การไฟฟ้าส่วนภูมิภาค (PEA)
3241,2566,หนี้ต่างประเทศ,0,2,องค์การคลังสินค้า (PWO)
3242,2566,หนี้ต่างประเทศ,0,2,การประปาส่วนภูมิภาค (PWA)
3243,2566,หนี้ต่างประเทศ,0,2,การยางแห่งประเทศไทย (RAOT)
3244,2566,หนี้ต่างประเทศ,93.08,2,การรถไฟแห่งประเทศไทย (SRT)
3245,2566,หนี้ต่างประเทศ,0,2,องค์การแบตเตอรี่ (TBO)**
3246,2566,หนี้ต่างประเทศ,0,2,องค์การรับส่งสินค้าและพัสดุภัณฑ์ (ETO) **
3247,2566,หนี้ต่างประเทศ,0,2,องค์การฟอกหนัง (TTO)**
3248,2566,หนี้ต่างประเทศ,0,2,สำนักงานธนานุเคราะห์ (PAWN)***
3249,2566,หนี้ต่างประเทศ,0,2,องค์การเภสัชกรรม
3250,2566,หนี้ต่างประเทศ,5099.56,2,2. บริษัทจำกัด และบริษัทมหาชนจำกัด
3251,2566,หนี้ต่างประเทศ,0,2,บริษัท วิทยุการบินแห่งประเทศไทย จำกัด (AERO)
3252,2566,หนี้ต่างประเทศ,0,2,บริษัท บางจากปิโตรเลียม จำกัด (มหาชน) (BPC)*
3253,2566,หนี้ต่างประเทศ,0,2,บริษัท กสท.โทรคมนาคม จำกัด (มหาชน) (CAT)
3254,2566,หนี้ต่างประเทศ,0,2,บริษัท กรุงไทย คอมพิวเตอร์ เซอร์วิสเซส จำกัด (KTBCS)
3255,2566,หนี้ต่างประเทศ,0,2,บริษัท กรุงไทยธุรกิจบริการ จำกัด (KTBGS)
3256,2566,หนี้ต่างประเทศ,5099.56,2,บริษัท ท่าอากาศยานไทย จำกัด (มหาชน) (AOT)
3257,2566,หนี้ต่างประเทศ,0,2,บริษัท ปตท. สำรวจและผลิตปิโตรเลียม จำกัด (มหาชน) (PEPC) *
3258,2566,หนี้ต่างประเทศ,0,2,บริษัท ปตท.สผ. อินเตอร์เนชั่นแนล จำกัด (PEPI)*
3259,2566,หนี้ต่างประเทศ,0,2,บริษัท ปตท. จำกัด (มหาชน) (PTT)
3260,2566,หนี้ต่างประเทศ,0,2,บริษัท การบินไทย จำกัด (มหาชน) (THAI)*
3261,2566,หนี้ต่างประเทศ,0,2,บริษัท ทีโอที จำกัด (มหาชน) (TOT)
3262,2566,หนี้ต่างประเทศ,0,2,บริษัท ไม้อัดไทย จำกัด (TTPC)**
3263,2566,หนี้ต่างประเทศ,0,2,บริษัท อู่กรุงเทพ จำกัด (BDC)
3264,2566,หนี้ต่างประเทศ,0,2,บริษัท โรงแรมท่าอากาศยานสุวรรณภูมิ จำกัด (SAH)
3265,2566,หนี้ต่างประเทศ,0,2,บริษัท ผลิตไฟฟ้าและน้ำเย็น จำกัด (DCAP)
3266,2566,หนี้ต่างประเทศ,0,2,บริษัท ธนารักษ์พัฒนาสินทรัพย์ จำกัด (ธพส.) (DAD)
3267,2566,หนี้ต่างประเทศ,0,2,บริษัท พีอีเอ เอ็นคอม อินเตอร์เนชั่นแนล จำกัด (PEA ENCOM)
3268,2566,หนี้ต่างประเทศ,32879.52,2,รวม
3269,2566,หนี้ในประเทศ,459657.93,1,1. องค์กรของรัฐ
3270,2566,หนี้ในประเทศ,129019.7,1,องค์การขนส่งมวลชนกรุงเทพ (BMTA)
3271,2566,หนี้ในประเทศ,0,1,สถาบันการบินพลเรือน (CATC)
3272,2566,หนี้ในประเทศ,0,1,องค์การส่งเสริมกิจการโคนมแห่งประเทศไทย (DPO)
3273,2566,หนี้ในประเทศ,75000,1,การไฟฟ้าฝ่ายผลิตแห่งประเทศไทย (EGAT)
3274,2566,หนี้ในประเทศ,1000,1,การทางพิเศษแห่งประเทศไทย (EXAT)
3275,2566,หนี้ในประเทศ,0,1,องค์การอุตสาหกรรมป่าไม้ (FIO)
3276,2566,หนี้ในประเทศ,0,1,การนิคมอุตสาหกรรมแห่งประเทศไทย (IEAT)
3277,2566,หนี้ในประเทศ,0,1,การไฟฟ้านครหลวง (MEA)
3278,2566,หนี้ในประเทศ,0,1,องค์การตลาดเพื่อเกษตรกร (MOFF)
3279,2566,หนี้ในประเทศ,0,1,การรถไฟฟ้าขนส่งมวลชนแห่งประเทศไทย (MRTA)
3280,2566,หนี้ในประเทศ,0,1,การประปานครหลวง (MWA)
3281,2566,หนี้ในประเทศ,28065.42,1,การเคหะแห่งชาติ (NHA)
3282,2566,หนี้ในประเทศ,0,1,การท่าเรือแห่งประเทศไทย (PAT)
3283,2566,หนี้ในประเทศ,0,1,การไฟฟ้าส่วนภูมิภาค (PEA)
3284,2566,หนี้ในประเทศ,0,1,องค์การคลังสินค้า (PWO)
3285,2566,หนี้ในประเทศ,7973,1,การประปาส่วนภูมิภาค (PWA)
3286,2566,หนี้ในประเทศ,825.31,1,การยางแห่งประเทศไทย (RAOT)
3287,2566,หนี้ในประเทศ,217774.5,1,การรถไฟแห่งประเทศไทย (SRT)
3288,2566,หนี้ในประเทศ,0,1,องค์การแบตเตอรี่ (TBO)**
3289,2566,หนี้ในประเทศ,0,1,องค์การรับส่งสินค้าและพัสดุภัณฑ์ (ETO) **
3290,2566,หนี้ในประเทศ,0,1,องค์การฟอกหนัง (TTO)**
3291,2566,หนี้ในประเทศ,0,1,สำนักงานธนานุเคราะห์ (PAWN)***
3292,2566,หนี้ในประเทศ,0,1,องค์การเภสัชกรรม
3293,2566,หนี้ในประเทศ,0,1,2. บริษัทจำกัด และบริษัทมหาชนจำกัด
3294,2566,หนี้ในประเทศ,0,1,บริษัท วิทยุการบินแห่งประเทศไทย จำกัด (AERO)
3295,2566,หนี้ในประเทศ,0,1,บริษัท บางจากปิโตรเลียม จำกัด (มหาชน) (BPC)*
3296,2566,หนี้ในประเทศ,0,1,บริษัท กสท.โทรคมนาคม จำกัด (มหาชน) (CAT)
3297,2566,หนี้ในประเทศ,0,1,บริษัท กรุงไทย คอมพิวเตอร์ เซอร์วิสเซส จำกัด (KTBCS)
3298,2566,หนี้ในประเทศ,0,1,บริษัท กรุงไทยธุรกิจบริการ จำกัด (KTBGS)
3299,2566,หนี้ในประเทศ,0,1,บริษัท ท่าอากาศยานไทย จำกัด (มหาชน) (AOT)
3300,2566,หนี้ในประเทศ,0,1,บริษัท ปตท. สำรวจและผลิตปิโตรเลียม จำกัด (มหาชน) (PEPC) *
3301,2566,หนี้ในประเทศ,0,1,บริษัท ปตท.สผ. อินเตอร์เนชั่นแนล จำกัด (PEPI)*
3302,2566,หนี้ในประเทศ,0,1,บริษัท ปตท. จำกัด (มหาชน) (PTT)
3303,2566,หนี้ในประเทศ,0,1,บริษัท การบินไทย จำกัด (มหาชน) (THAI)*
3304,2566,หนี้ในประเทศ,0,1,บริษัท ทีโอที จำกัด (มหาชน) (TOT)
3305,2566,หนี้ในประเทศ,0,1,บริษัท ไม้อัดไทย จำกัด (TTPC)**
3306,2566,หนี้ในประเทศ,0,1,บริษัท อู่กรุงเทพ จำกัด (BDC)
3307,2566,หนี้ในประเทศ,0,1,บริษัท โรงแรมท่าอากาศยานสุวรรณภูมิ จำกัด (SAH)
3308,2566,หนี้ในประเทศ,0,1,บริษัท ผลิตไฟฟ้าและน้ำเย็น จำกัด (DCAP)
3309,2566,หนี้ในประเทศ,0,1,บริษัท ธนารักษ์พัฒนาสินทรัพย์ จำกัด (ธพส.) (DAD)
3310,2566,หนี้ในประเทศ,0,1,บริษัท พีอีเอ เอ็นคอม อินเตอร์เนชั่นแนล จำกัด (PEA ENCOM)
3311,2566,หนี้ในประเทศ,459657.93,1,รวม
3312,2566,หนี้ต่างประเทศ,27774.61,1,1. องค์กรของรัฐ
3313,2566,หนี้ต่างประเทศ,0,1,องค์การขนส่งมวลชนกรุงเทพ (BMTA)
3314,2566,หนี้ต่างประเทศ,0,1,สถาบันการบินพลเรือน (CATC)
3315,2566,หนี้ต่างประเทศ,0,1,องค์การส่งเสริมกิจการโคนมแห่งประเทศไทย (DPO)
3316,2566,หนี้ต่างประเทศ,0,1,การไฟฟ้าฝ่ายผลิตแห่งประเทศไทย (EGAT)
3317,2566,หนี้ต่างประเทศ,0,1,การทางพิเศษแห่งประเทศไทย (EXAT)
3318,2566,หนี้ต่างประเทศ,0,1,องค์การอุตสาหกรรมป่าไม้ (FIO)
3319,2566,หนี้ต่างประเทศ,0,1,การนิคมอุตสาหกรรมแห่งประเทศไทย (IEAT)
3320,2566,หนี้ต่างประเทศ,0,1,การไฟฟ้านครหลวง (MEA)
3321,2566,หนี้ต่างประเทศ,0,1,องค์การตลาดเพื่อเกษตรกร (MOFF)
3322,2566,หนี้ต่างประเทศ,27463.05,1,การรถไฟฟ้าขนส่งมวลชนแห่งประเทศไทย (MRTA)
3323,2566,หนี้ต่างประเทศ,187.07,1,การประปานครหลวง (MWA)
3324,2566,หนี้ต่างประเทศ,0,1,การเคหะแห่งชาติ (NHA)
3325,2566,หนี้ต่างประเทศ,0,1,การท่าเรือแห่งประเทศไทย (PAT)
3326,2566,หนี้ต่างประเทศ,35.14,1,การไฟฟ้าส่วนภูมิภาค (PEA)
3327,2566,หนี้ต่างประเทศ,0,1,องค์การคลังสินค้า (PWO)
3328,2566,หนี้ต่างประเทศ,0,1,การประปาส่วนภูมิภาค (PWA)
3329,2566,หนี้ต่างประเทศ,0,1,การยางแห่งประเทศไทย (RAOT)
3330,2566,หนี้ต่างประเทศ,89.35,1,การรถไฟแห่งประเทศไทย (SRT)
3331,2566,หนี้ต่างประเทศ,0,1,องค์การแบตเตอรี่ (TBO)**
3332,2566,หนี้ต่างประเทศ,0,1,องค์การรับส่งสินค้าและพัสดุภัณฑ์ (ETO) **
3333,2566,หนี้ต่างประเทศ,0,1,องค์การฟอกหนัง (TTO)**
3334,2566,หนี้ต่างประเทศ,0,1,สำนักงานธนานุเคราะห์ (PAWN)***
3335,2566,หนี้ต่างประเทศ,0,1,องค์การเภสัชกรรม
3336,2566,หนี้ต่างประเทศ,5079.62,1,2. บริษัทจำกัด และบริษัทมหาชนจำกัด
3337,2566,หนี้ต่างประเทศ,0,1,บริษัท วิทยุการบินแห่งประเทศไทย จำกัด (AERO)
3338,2566,หนี้ต่างประเทศ,0,1,บริษัท บางจากปิโตรเลียม จำกัด (มหาชน) (BPC)*
3339,2566,หนี้ต่างประเทศ,0,1,บริษัท กสท.โทรคมนาคม จำกัด (มหาชน) (CAT)
3340,2566,หนี้ต่างประเทศ,0,1,บริษัท กรุงไทย คอมพิวเตอร์ เซอร์วิสเซส จำกัด (KTBCS)
3341,2566,หนี้ต่างประเทศ,0,1,บริษัท กรุงไทยธุรกิจบริการ จำกัด (KTBGS)
3342,2566,หนี้ต่างประเทศ,5079.62,1,บริษัท ท่าอากาศยานไทย จำกัด (มหาชน) (AOT)
3343,2566,หนี้ต่างประเทศ,0,1,บริษัท ปตท. สำรวจและผลิตปิโตรเลียม จำกัด (มหาชน) (PEPC) *
3344,2566,หนี้ต่างประเทศ,0,1,บริษัท ปตท.สผ. อินเตอร์เนชั่นแนล จำกัด (PEPI)*
3345,2566,หนี้ต่างประเทศ,0,1,บริษัท ปตท. จำกัด (มหาชน) (PTT)
3346,2566,หนี้ต่างประเทศ,0,1,บริษัท การบินไทย จำกัด (มหาชน) (THAI)*
3347,2566,หนี้ต่างประเทศ,0,1,บริษัท ทีโอที จำกัด (มหาชน) (TOT)
3348,2566,หนี้ต่างประเทศ,0,1,บริษัท ไม้อัดไทย จำกัด (TTPC)**
3349,2566,หนี้ต่างประเทศ,0,1,บริษัท อู่กรุงเทพ จำกัด (BDC)
3350,2566,หนี้ต่างประเทศ,0,1,บริษัท โรงแรมท่าอากาศยานสุวรรณภูมิ จำกัด (SAH)
3351,2566,หนี้ต่างประเทศ,0,1,บริษัท ผลิตไฟฟ้าและน้ำเย็น จำกัด (DCAP)
3352,2566,หนี้ต่างประเทศ,0,1,บริษัท ธนารักษ์พัฒนาสินทรัพย์ จำกัด (ธพส.) (DAD)
3353,2566,หนี้ต่างประเทศ,0,1,บริษัท พีอีเอ เอ็นคอม อินเตอร์เนชั่นแนล จำกัด (PEA ENCOM)
3354,2566,หนี้ต่างประเทศ,32854.23,1,รวม
3355,2565,หนี้ในประเทศ,433497.28,12,1. องค์กรของรัฐ
3356,2565,หนี้ในประเทศ,128559.05427254,12,องค์การขนส่งมวลชนกรุงเทพ (BMTA)
3357,2565,หนี้ในประเทศ,0,12,สถาบันการบินพลเรือน (CATC)
3358,2565,หนี้ในประเทศ,0,12,องค์การส่งเสริมกิจการโคนมแห่งประเทศไทย (DPO)
3359,2565,หนี้ในประเทศ,50000,12,การไฟฟ้าฝ่ายผลิตแห่งประเทศไทย (EGAT)
3360,2565,หนี้ในประเทศ,1000,12,การทางพิเศษแห่งประเทศไทย (EXAT)
3361,2565,หนี้ในประเทศ,0,12,องค์การอุตสาหกรรมป่าไม้ (FIO)
3362,2565,หนี้ในประเทศ,0,12,การนิคมอุตสาหกรรมแห่งประเทศไทย (IEAT)
3363,2565,หนี้ในประเทศ,0,12,การไฟฟ้านครหลวง (MEA)
3364,2565,หนี้ในประเทศ,0,12,องค์การตลาดเพื่อเกษตรกร (MOFF)
3365,2565,หนี้ในประเทศ,0,12,การรถไฟฟ้าขนส่งมวลชนแห่งประเทศไทย (MRTA)
3366,2565,หนี้ในประเทศ,0,12,การประปานครหลวง (MWA)
3367,2565,หนี้ในประเทศ,28065.42,12,การเคหะแห่งชาติ (NHA)
3368,2565,หนี้ในประเทศ,0,12,การท่าเรือแห่งประเทศไทย (PAT)
3369,2565,หนี้ในประเทศ,0,12,การไฟฟ้าส่วนภูมิภาค (PEA)
3370,2565,หนี้ในประเทศ,0,12,องค์การคลังสินค้า (PWO)
3371,2565,หนี้ในประเทศ,7973,12,การประปาส่วนภูมิภาค (PWA)
3372,2565,หนี้ในประเทศ,825.31,12,การยางแห่งประเทศไทย (RAOT)
3373,2565,หนี้ในประเทศ,217074.5,12,การรถไฟแห่งประเทศไทย (SRT)
3374,2565,หนี้ในประเทศ,0,12,องค์การแบตเตอรี่ (TBO)**
3375,2565,หนี้ในประเทศ,0,12,องค์การรับส่งสินค้าและพัสดุภัณฑ์ (ETO) **
3376,2565,หนี้ในประเทศ,0,12,องค์การฟอกหนัง (TTO)**
3377,2565,หนี้ในประเทศ,0,12,สำนักงานธนานุเคราะห์ (PAWN)***
3378,2565,หนี้ในประเทศ,0,12,องค์การเภสัชกรรม
3379,2565,หนี้ในประเทศ,0,12,2. บริษัทจำกัด และบริษัทมหาชนจำกัด
3380,2565,หนี้ในประเทศ,0,12,บริษัท วิทยุการบินแห่งประเทศไทย จำกัด (AERO)
3381,2565,หนี้ในประเทศ,0,12,บริษัท บางจากปิโตรเลียม จำกัด (มหาชน) (BPC)*
3382,2565,หนี้ในประเทศ,0,12,บริษัท กสท.โทรคมนาคม จำกัด (มหาชน) (CAT)
3383,2565,หนี้ในประเทศ,0,12,บริษัท กรุงไทย คอมพิวเตอร์ เซอร์วิสเซส จำกัด (KTBCS)
3384,2565,หนี้ในประเทศ,0,12,บริษัท กรุงไทยธุรกิจบริการ จำกัด (KTBGS)
3385,2565,หนี้ในประเทศ,0,12,บริษัท ท่าอากาศยานไทย จำกัด (มหาชน) (AOT)
3386,2565,หนี้ในประเทศ,0,12,บริษัท ปตท. สำรวจและผลิตปิโตรเลียม จำกัด (มหาชน) (PEPC) *
3387,2565,หนี้ในประเทศ,0,12,บริษัท ปตท.สผ. อินเตอร์เนชั่นแนล จำกัด (PEPI)*
3388,2565,หนี้ในประเทศ,0,12,บริษัท ปตท. จำกัด (มหาชน) (PTT)
3389,2565,หนี้ในประเทศ,0,12,บริษัท การบินไทย จำกัด (มหาชน) (THAI)*
3390,2565,หนี้ในประเทศ,0,12,บริษัท ทีโอที จำกัด (มหาชน) (TOT)
3391,2565,หนี้ในประเทศ,0,12,บริษัท ไม้อัดไทย จำกัด (TTPC)**
3392,2565,หนี้ในประเทศ,0,12,บริษัท อู่กรุงเทพ จำกัด (BDC)
3393,2565,หนี้ในประเทศ,0,12,บริษัท โรงแรมท่าอากาศยานสุวรรณภูมิ จำกัด (SAH)
3394,2565,หนี้ในประเทศ,0,12,บริษัท ผลิตไฟฟ้าและน้ำเย็น จำกัด (DCAP)
3395,2565,หนี้ในประเทศ,0,12,บริษัท ธนารักษ์พัฒนาสินทรัพย์ จำกัด (ธพส.) (DAD)
3396,2565,หนี้ในประเทศ,0,12,บริษัท พีอีเอ เอ็นคอม อินเตอร์เนชั่นแนล จำกัด (PEA ENCOM)
3397,2565,หนี้ในประเทศ,433497.28,12,รวม
3398,2565,หนี้ต่างประเทศ,27947.71,12,1. องค์กรของรัฐ
3399,2565,หนี้ต่างประเทศ,0,12,องค์การขนส่งมวลชนกรุงเทพ (BMTA)
3400,2565,หนี้ต่างประเทศ,0,12,สถาบันการบินพลเรือน (CATC)
3401,2565,หนี้ต่างประเทศ,0,12,องค์การส่งเสริมกิจการโคนมแห่งประเทศไทย (DPO)
3402,2565,หนี้ต่างประเทศ,0,12,การไฟฟ้าฝ่ายผลิตแห่งประเทศไทย (EGAT)
3403,2565,หนี้ต่างประเทศ,0,12,การทางพิเศษแห่งประเทศไทย (EXAT)
3404,2565,หนี้ต่างประเทศ,0,12,องค์การอุตสาหกรรมป่าไม้ (FIO)
3405,2565,หนี้ต่างประเทศ,0,12,การนิคมอุตสาหกรรมแห่งประเทศไทย (IEAT)
3406,2565,หนี้ต่างประเทศ,0,12,การไฟฟ้านครหลวง (MEA)
3407,2565,หนี้ต่างประเทศ,0,12,องค์การตลาดเพื่อเกษตรกร (MOFF)
3408,2565,หนี้ต่างประเทศ,27614.36,12,การรถไฟฟ้าขนส่งมวลชนแห่งประเทศไทย (MRTA)
3409,2565,หนี้ต่างประเทศ,187.07,12,การประปานครหลวง (MWA)
3410,2565,หนี้ต่างประเทศ,0,12,การเคหะแห่งชาติ (NHA)
3411,2565,หนี้ต่างประเทศ,0,12,การท่าเรือแห่งประเทศไทย (PAT)
3412,2565,หนี้ต่างประเทศ,36.39,12,การไฟฟ้าส่วนภูมิภาค (PEA)
3413,2565,หนี้ต่างประเทศ,0,12,องค์การคลังสินค้า (PWO)
3414,2565,หนี้ต่างประเทศ,0,12,การประปาส่วนภูมิภาค (PWA)
3415,2565,หนี้ต่างประเทศ,0,12,การยางแห่งประเทศไทย (RAOT)
3416,2565,หนี้ต่างประเทศ,109.89,12,การรถไฟแห่งประเทศไทย (SRT)
3417,2565,หนี้ต่างประเทศ,0,12,องค์การแบตเตอรี่ (TBO)**
3418,2565,หนี้ต่างประเทศ,0,12,องค์การรับส่งสินค้าและพัสดุภัณฑ์ (ETO) **
3419,2565,หนี้ต่างประเทศ,0,12,องค์การฟอกหนัง (TTO)**
3420,2565,หนี้ต่างประเทศ,0,12,สำนักงานธนานุเคราะห์ (PAWN)***
3421,2565,หนี้ต่างประเทศ,0,12,องค์การเภสัชกรรม
3422,2565,หนี้ต่างประเทศ,5409.36,12,2. บริษัทจำกัด และบริษัทมหาชนจำกัด
3423,2565,หนี้ต่างประเทศ,0,12,บริษัท วิทยุการบินแห่งประเทศไทย จำกัด (AERO)
3424,2565,หนี้ต่างประเทศ,0,12,บริษัท บางจากปิโตรเลียม จำกัด (มหาชน) (BPC)*
3425,2565,หนี้ต่างประเทศ,0,12,บริษัท กสท.โทรคมนาคม จำกัด (มหาชน) (CAT)
3426,2565,หนี้ต่างประเทศ,0,12,บริษัท กรุงไทย คอมพิวเตอร์ เซอร์วิสเซส จำกัด (KTBCS)
3427,2565,หนี้ต่างประเทศ,0,12,บริษัท กรุงไทยธุรกิจบริการ จำกัด (KTBGS)
3428,2565,หนี้ต่างประเทศ,5409.36,12,บริษัท ท่าอากาศยานไทย จำกัด (มหาชน) (AOT)
3429,2565,หนี้ต่างประเทศ,0,12,บริษัท ปตท. สำรวจและผลิตปิโตรเลียม จำกัด (มหาชน) (PEPC) *
3430,2565,หนี้ต่างประเทศ,0,12,บริษัท ปตท.สผ. อินเตอร์เนชั่นแนล จำกัด (PEPI)*
3431,2565,หนี้ต่างประเทศ,0,12,บริษัท ปตท. จำกัด (มหาชน) (PTT)
3432,2565,หนี้ต่างประเทศ,0,12,บริษัท การบินไทย จำกัด (มหาชน) (THAI)*
3433,2565,หนี้ต่างประเทศ,0,12,บริษัท ทีโอที จำกัด (มหาชน) (TOT)
3434,2565,หนี้ต่างประเทศ,0,12,บริษัท ไม้อัดไทย จำกัด (TTPC)**
3435,2565,หนี้ต่างประเทศ,0,12,บริษัท อู่กรุงเทพ จำกัด (BDC)
3436,2565,หนี้ต่างประเทศ,0,12,บริษัท โรงแรมท่าอากาศยานสุวรรณภูมิ จำกัด (SAH)
3437,2565,หนี้ต่างประเทศ,0,12,บริษัท ผลิตไฟฟ้าและน้ำเย็น จำกัด (DCAP)
3438,2565,หนี้ต่างประเทศ,0,12,บริษัท ธนารักษ์พัฒนาสินทรัพย์ จำกัด (ธพส.) (DAD)
3439,2565,หนี้ต่างประเทศ,0,12,บริษัท พีอีเอ เอ็นคอม อินเตอร์เนชั่นแนล จำกัด (PEA ENCOM)
3440,2565,หนี้ต่างประเทศ,33357.07,12,รวม
3441,2565,หนี้ในประเทศ,433076.28,11,1. องค์กรของรัฐ
3442,2565,หนี้ในประเทศ,128138.05,11,องค์การขนส่งมวลชนกรุงเทพ (BMTA)
3443,2565,หนี้ในประเทศ,0,11,สถาบันการบินพลเรือน (CATC)
3444,2565,หนี้ในประเทศ,0,11,องค์การส่งเสริมกิจการโคนมแห่งประเทศไทย (DPO)
3445,2565,หนี้ในประเทศ,50000,11,การไฟฟ้าฝ่ายผลิตแห่งประเทศไทย (EGAT)
3446,2565,หนี้ในประเทศ,1000,11,การทางพิเศษแห่งประเทศไทย (EXAT)
3447,2565,หนี้ในประเทศ,0,11,องค์การอุตสาหกรรมป่าไม้ (FIO)
3448,2565,หนี้ในประเทศ,0,11,การนิคมอุตสาหกรรมแห่งประเทศไทย (IEAT)
3449,2565,หนี้ในประเทศ,0,11,การไฟฟ้านครหลวง (MEA)
3450,2565,หนี้ในประเทศ,0,11,องค์การตลาดเพื่อเกษตรกร (MOFF)
3451,2565,หนี้ในประเทศ,0,11,การรถไฟฟ้าขนส่งมวลชนแห่งประเทศไทย (MRTA)
3452,2565,หนี้ในประเทศ,0,11,การประปานครหลวง (MWA)
3453,2565,หนี้ในประเทศ,28065.42,11,การเคหะแห่งชาติ (NHA)
3454,2565,หนี้ในประเทศ,0,11,การท่าเรือแห่งประเทศไทย (PAT)
3455,2565,หนี้ในประเทศ,0,11,การไฟฟ้าส่วนภูมิภาค (PEA)
3456,2565,หนี้ในประเทศ,0,11,องค์การคลังสินค้า (PWO)
3457,2565,หนี้ในประเทศ,7973,11,การประปาส่วนภูมิภาค (PWA)
3458,2565,หนี้ในประเทศ,825.31,11,การยางแห่งประเทศไทย (RAOT)
3459,2565,หนี้ในประเทศ,217074.5,11,การรถไฟแห่งประเทศไทย (SRT)
3460,2565,หนี้ในประเทศ,0,11,องค์การแบตเตอรี่ (TBO)**
3461,2565,หนี้ในประเทศ,0,11,องค์การรับส่งสินค้าและพัสดุภัณฑ์ (ETO) **
3462,2565,หนี้ในประเทศ,0,11,องค์การฟอกหนัง (TTO)**
3463,2565,หนี้ในประเทศ,0,11,สำนักงานธนานุเคราะห์ (PAWN)***
3464,2565,หนี้ในประเทศ,0,11,องค์การเภสัชกรรม
3465,2565,หนี้ในประเทศ,0,11,2. บริษัทจำกัด และบริษัทมหาชนจำกัด
3466,2565,หนี้ในประเทศ,0,11,บริษัท วิทยุการบินแห่งประเทศไทย จำกัด (AERO)
3467,2565,หนี้ในประเทศ,0,11,บริษัท บางจากปิโตรเลียม จำกัด (มหาชน) (BPC)*
3468,2565,หนี้ในประเทศ,0,11,บริษัท กสท.โทรคมนาคม จำกัด (มหาชน) (CAT)
3469,2565,หนี้ในประเทศ,0,11,บริษัท กรุงไทย คอมพิวเตอร์ เซอร์วิสเซส จำกัด (KTBCS)
3470,2565,หนี้ในประเทศ,0,11,บริษัท กรุงไทยธุรกิจบริการ จำกัด (KTBGS)
3471,2565,หนี้ในประเทศ,0,11,บริษัท ท่าอากาศยานไทย จำกัด (มหาชน) (AOT)
3472,2565,หนี้ในประเทศ,0,11,บริษัท ปตท. สำรวจและผลิตปิโตรเลียม จำกัด (มหาชน) (PEPC) *
3473,2565,หนี้ในประเทศ,0,11,บริษัท ปตท.สผ. อินเตอร์เนชั่นแนล จำกัด (PEPI)*
3474,2565,หนี้ในประเทศ,0,11,บริษัท ปตท. จำกัด (มหาชน) (PTT)
3475,2565,หนี้ในประเทศ,0,11,บริษัท การบินไทย จำกัด (มหาชน) (THAI)*
3476,2565,หนี้ในประเทศ,0,11,บริษัท ทีโอที จำกัด (มหาชน) (TOT)
3477,2565,หนี้ในประเทศ,0,11,บริษัท ไม้อัดไทย จำกัด (TTPC)**
3478,2565,หนี้ในประเทศ,0,11,บริษัท อู่กรุงเทพ จำกัด (BDC)
3479,2565,หนี้ในประเทศ,0,11,บริษัท โรงแรมท่าอากาศยานสุวรรณภูมิ จำกัด (SAH)
3480,2565,หนี้ในประเทศ,0,11,บริษัท ผลิตไฟฟ้าและน้ำเย็น จำกัด (DCAP)
3481,2565,หนี้ในประเทศ,0,11,บริษัท ธนารักษ์พัฒนาสินทรัพย์ จำกัด (ธพส.) (DAD)
3482,2565,หนี้ในประเทศ,0,11,บริษัท พีอีเอ เอ็นคอม อินเตอร์เนชั่นแนล จำกัด (PEA ENCOM)
3483,2565,หนี้ในประเทศ,433076.28,11,รวม
3484,2565,หนี้ต่างประเทศ,27969.56,11,1. องค์กรของรัฐ
3485,2565,หนี้ต่างประเทศ,0,11,องค์การขนส่งมวลชนกรุงเทพ (BMTA)
3486,2565,หนี้ต่างประเทศ,0,11,สถาบันการบินพลเรือน (CATC)
3487,2565,หนี้ต่างประเทศ,0,11,องค์การส่งเสริมกิจการโคนมแห่งประเทศไทย (DPO)
3488,2565,หนี้ต่างประเทศ,0,11,การไฟฟ้าฝ่ายผลิตแห่งประเทศไทย (EGAT)
3489,2565,หนี้ต่างประเทศ,0,11,การทางพิเศษแห่งประเทศไทย (EXAT)
3490,2565,หนี้ต่างประเทศ,0,11,องค์การอุตสาหกรรมป่าไม้ (FIO)
3491,2565,หนี้ต่างประเทศ,0,11,การนิคมอุตสาหกรรมแห่งประเทศไทย (IEAT)
3492,2565,หนี้ต่างประเทศ,0,11,การไฟฟ้านครหลวง (MEA)
3493,2565,หนี้ต่างประเทศ,0,11,องค์การตลาดเพื่อเกษตรกร (MOFF)
3494,2565,หนี้ต่างประเทศ,27614.36,11,การรถไฟฟ้าขนส่งมวลชนแห่งประเทศไทย (MRTA)
3495,2565,หนี้ต่างประเทศ,187.07,11,การประปานครหลวง (MWA)
3496,2565,หนี้ต่างประเทศ,0,11,การเคหะแห่งชาติ (NHA)
3497,2565,หนี้ต่างประเทศ,0,11,การท่าเรือแห่งประเทศไทย (PAT)
3498,2565,หนี้ต่างประเทศ,54.23,11,การไฟฟ้าส่วนภูมิภาค (PEA)
3499,2565,หนี้ต่างประเทศ,0,11,องค์การคลังสินค้า (PWO)
3500,2565,หนี้ต่างประเทศ,0,11,การประปาส่วนภูมิภาค (PWA)
3501,2565,หนี้ต่างประเทศ,0,11,การยางแห่งประเทศไทย (RAOT)
3502,2565,หนี้ต่างประเทศ,113.9,11,การรถไฟแห่งประเทศไทย (SRT)
3503,2565,หนี้ต่างประเทศ,0,11,องค์การแบตเตอรี่ (TBO)**
3504,2565,หนี้ต่างประเทศ,0,11,องค์การรับส่งสินค้าและพัสดุภัณฑ์ (ETO) **
3505,2565,หนี้ต่างประเทศ,0,11,องค์การฟอกหนัง (TTO)**
3506,2565,หนี้ต่างประเทศ,0,11,สำนักงานธนานุเคราะห์ (PAWN)***
3507,2565,หนี้ต่างประเทศ,0,11,องค์การเภสัชกรรม
3508,2565,หนี้ต่างประเทศ,5803.14,11,2. บริษัทจำกัด และบริษัทมหาชนจำกัด
3509,2565,หนี้ต่างประเทศ,0,11,บริษัท วิทยุการบินแห่งประเทศไทย จำกัด (AERO)
3510,2565,หนี้ต่างประเทศ,0,11,บริษัท บางจากปิโตรเลียม จำกัด (มหาชน) (BPC)*
3511,2565,หนี้ต่างประเทศ,0,11,บริษัท กสท.โทรคมนาคม จำกัด (มหาชน) (CAT)
3512,2565,หนี้ต่างประเทศ,0,11,บริษัท กรุงไทย คอมพิวเตอร์ เซอร์วิสเซส จำกัด (KTBCS)
3513,2565,หนี้ต่างประเทศ,0,11,บริษัท กรุงไทยธุรกิจบริการ จำกัด (KTBGS)
3514,2565,หนี้ต่างประเทศ,5803.14,11,บริษัท ท่าอากาศยานไทย จำกัด (มหาชน) (AOT)
3515,2565,หนี้ต่างประเทศ,0,11,บริษัท ปตท. สำรวจและผลิตปิโตรเลียม จำกัด (มหาชน) (PEPC) *
3516,2565,หนี้ต่างประเทศ,0,11,บริษัท ปตท.สผ. อินเตอร์เนชั่นแนล จำกัด (PEPI)*
3517,2565,หนี้ต่างประเทศ,0,11,บริษัท ปตท. จำกัด (มหาชน) (PTT)
3518,2565,หนี้ต่างประเทศ,0,11,บริษัท การบินไทย จำกัด (มหาชน) (THAI)*
3519,2565,หนี้ต่างประเทศ,0,11,บริษัท ทีโอที จำกัด (มหาชน) (TOT)
3520,2565,หนี้ต่างประเทศ,0,11,บริษัท ไม้อัดไทย จำกัด (TTPC)**
3521,2565,หนี้ต่างประเทศ,0,11,บริษัท อู่กรุงเทพ จำกัด (BDC)
3522,2565,หนี้ต่างประเทศ,0,11,บริษัท โรงแรมท่าอากาศยานสุวรรณภูมิ จำกัด (SAH)
3523,2565,หนี้ต่างประเทศ,0,11,บริษัท ผลิตไฟฟ้าและน้ำเย็น จำกัด (DCAP)
3524,2565,หนี้ต่างประเทศ,0,11,บริษัท ธนารักษ์พัฒนาสินทรัพย์ จำกัด (ธพส.) (DAD)
3525,2565,หนี้ต่างประเทศ,0,11,บริษัท พีอีเอ เอ็นคอม อินเตอร์เนชั่นแนล จำกัด (PEA ENCOM)
3526,2565,หนี้ต่างประเทศ,33772.7,11,รวม
3527,2565,หนี้ในประเทศ,410695.28,10,1. องค์กรของรัฐ
3528,2565,หนี้ในประเทศ,127224.65427254,10,องค์การขนส่งมวลชนกรุงเทพ (BMTA)
3529,2565,หนี้ในประเทศ,0,10,สถาบันการบินพลเรือน (CATC)
3530,2565,หนี้ในประเทศ,0.01,10,องค์การส่งเสริมกิจการโคนมแห่งประเทศไทย (DPO)
3531,2565,หนี้ในประเทศ,30000,10,การไฟฟ้าฝ่ายผลิตแห่งประเทศไทย (EGAT)
3532,2565,หนี้ในประเทศ,1000,10,การทางพิเศษแห่งประเทศไทย (EXAT)
3533,2565,หนี้ในประเทศ,0,10,องค์การอุตสาหกรรมป่าไม้ (FIO)
3534,2565,หนี้ในประเทศ,0,10,การนิคมอุตสาหกรรมแห่งประเทศไทย (IEAT)
3535,2565,หนี้ในประเทศ,0,10,การไฟฟ้านครหลวง (MEA)
3536,2565,หนี้ในประเทศ,0,10,องค์การตลาดเพื่อเกษตรกร (MOFF)
3537,2565,หนี้ในประเทศ,0,10,การรถไฟฟ้าขนส่งมวลชนแห่งประเทศไทย (MRTA)
3538,2565,หนี้ในประเทศ,0,10,การประปานครหลวง (MWA)
3539,2565,หนี้ในประเทศ,28293,10,การเคหะแห่งชาติ (NHA)
3540,2565,หนี้ในประเทศ,0,10,การท่าเรือแห่งประเทศไทย (PAT)
3541,2565,หนี้ในประเทศ,0,10,การไฟฟ้าส่วนภูมิภาค (PEA)
3542,2565,หนี้ในประเทศ,0,10,องค์การคลังสินค้า (PWO)
3543,2565,หนี้ในประเทศ,7973,10,การประปาส่วนภูมิภาค (PWA)
3544,2565,หนี้ในประเทศ,825.31,10,การยางแห่งประเทศไทย (RAOT)
3545,2565,หนี้ในประเทศ,215379.31,10,การรถไฟแห่งประเทศไทย (SRT)
3546,2565,หนี้ในประเทศ,0,10,องค์การแบตเตอรี่ (TBO)**
3547,2565,หนี้ในประเทศ,0,10,องค์การรับส่งสินค้าและพัสดุภัณฑ์ (ETO) **
3548,2565,หนี้ในประเทศ,0,10,องค์การฟอกหนัง (TTO)**
3549,2565,หนี้ในประเทศ,0,10,สำนักงานธนานุเคราะห์ (PAWN)***
3550,2565,หนี้ในประเทศ,0,10,องค์การเภสัชกรรม
3551,2565,หนี้ในประเทศ,0,10,2. บริษัทจำกัด และบริษัทมหาชนจำกัด
3552,2565,หนี้ในประเทศ,0,10,บริษัท วิทยุการบินแห่งประเทศไทย จำกัด (AERO)
3553,2565,หนี้ในประเทศ,0,10,บริษัท บางจากปิโตรเลียม จำกัด (มหาชน) (BPC)*
3554,2565,หนี้ในประเทศ,0,10,บริษัท กสท.โทรคมนาคม จำกัด (มหาชน) (CAT)
3555,2565,หนี้ในประเทศ,0,10,บริษัท กรุงไทย คอมพิวเตอร์ เซอร์วิสเซส จำกัด (KTBCS)
3556,2565,หนี้ในประเทศ,0,10,บริษัท กรุงไทยธุรกิจบริการ จำกัด (KTBGS)
3557,2565,หนี้ในประเทศ,0,10,บริษัท ท่าอากาศยานไทย จำกัด (มหาชน) (AOT)
3558,2565,หนี้ในประเทศ,0,10,บริษัท ปตท. สำรวจและผลิตปิโตรเลียม จำกัด (มหาชน) (PEPC) *
3559,2565,หนี้ในประเทศ,0,10,บริษัท ปตท.สผ. อินเตอร์เนชั่นแนล จำกัด (PEPI)*
3560,2565,หนี้ในประเทศ,0,10,บริษัท ปตท. จำกัด (มหาชน) (PTT)
3561,2565,หนี้ในประเทศ,0,10,บริษัท การบินไทย จำกัด (มหาชน) (THAI)*
3562,2565,หนี้ในประเทศ,0,10,บริษัท ทีโอที จำกัด (มหาชน) (TOT)
3563,2565,หนี้ในประเทศ,0,10,บริษัท ไม้อัดไทย จำกัด (TTPC)**
3564,2565,หนี้ในประเทศ,0,10,บริษัท อู่กรุงเทพ จำกัด (BDC)
3565,2565,หนี้ในประเทศ,0,10,บริษัท โรงแรมท่าอากาศยานสุวรรณภูมิ จำกัด (SAH)
3566,2565,หนี้ในประเทศ,0,10,บริษัท ผลิตไฟฟ้าและน้ำเย็น จำกัด (DCAP)
3567,2565,หนี้ในประเทศ,0,10,บริษัท ธนารักษ์พัฒนาสินทรัพย์ จำกัด (ธพส.) (DAD)
3568,2565,หนี้ในประเทศ,0,10,บริษัท พีอีเอ เอ็นคอม อินเตอร์เนชั่นแนล จำกัด (PEA ENCOM)
3569,2565,หนี้ในประเทศ,410695.28,10,รวม
3570,2565,หนี้ต่างประเทศ,28004.72,10,1. องค์กรของรัฐ
3571,2565,หนี้ต่างประเทศ,0,10,องค์การขนส่งมวลชนกรุงเทพ (BMTA)
3572,2565,หนี้ต่างประเทศ,0,10,สถาบันการบินพลเรือน (CATC)
3573,2565,หนี้ต่างประเทศ,0,10,องค์การส่งเสริมกิจการโคนมแห่งประเทศไทย (DPO)
3574,2565,หนี้ต่างประเทศ,0,10,การไฟฟ้าฝ่ายผลิตแห่งประเทศไทย (EGAT)
3575,2565,หนี้ต่างประเทศ,0,10,การทางพิเศษแห่งประเทศไทย (EXAT)
3576,2565,หนี้ต่างประเทศ,0,10,องค์การอุตสาหกรรมป่าไม้ (FIO)
3577,2565,หนี้ต่างประเทศ,0,10,การนิคมอุตสาหกรรมแห่งประเทศไทย (IEAT)
3578,2565,หนี้ต่างประเทศ,0,10,การไฟฟ้านครหลวง (MEA)
3579,2565,หนี้ต่างประเทศ,0,10,องค์การตลาดเพื่อเกษตรกร (MOFF)
3580,2565,หนี้ต่างประเทศ,27644.8,10,การรถไฟฟ้าขนส่งมวลชนแห่งประเทศไทย (MRTA)
3581,2565,หนี้ต่างประเทศ,187.07,10,การประปานครหลวง (MWA)
3582,2565,หนี้ต่างประเทศ,0,10,การเคหะแห่งชาติ (NHA)
3583,2565,หนี้ต่างประเทศ,0,10,การท่าเรือแห่งประเทศไทย (PAT)
3584,2565,หนี้ต่างประเทศ,56.05,10,การไฟฟ้าส่วนภูมิภาค (PEA)
3585,2565,หนี้ต่างประเทศ,0,10,องค์การคลังสินค้า (PWO)
3586,2565,หนี้ต่างประเทศ,0,10,การประปาส่วนภูมิภาค (PWA)
3587,2565,หนี้ต่างประเทศ,0,10,การยางแห่งประเทศไทย (RAOT)
3588,2565,หนี้ต่างประเทศ,116.8,10,การรถไฟแห่งประเทศไทย (SRT)
3589,2565,หนี้ต่างประเทศ,0,10,องค์การแบตเตอรี่ (TBO)**
3590,2565,หนี้ต่างประเทศ,0,10,องค์การรับส่งสินค้าและพัสดุภัณฑ์ (ETO) **
3591,2565,หนี้ต่างประเทศ,0,10,องค์การฟอกหนัง (TTO)**
3592,2565,หนี้ต่างประเทศ,0,10,สำนักงานธนานุเคราะห์ (PAWN)***
3593,2565,หนี้ต่างประเทศ,0,10,องค์การเภสัชกรรม
3594,2565,หนี้ต่างประเทศ,5808.55,10,2. บริษัทจำกัด และบริษัทมหาชนจำกัด
3595,2565,หนี้ต่างประเทศ,0,10,บริษัท วิทยุการบินแห่งประเทศไทย จำกัด (AERO)
3596,2565,หนี้ต่างประเทศ,0,10,บริษัท บางจากปิโตรเลียม จำกัด (มหาชน) (BPC)*
3597,2565,หนี้ต่างประเทศ,0,10,บริษัท กสท.โทรคมนาคม จำกัด (มหาชน) (CAT)
3598,2565,หนี้ต่างประเทศ,0,10,บริษัท กรุงไทย คอมพิวเตอร์ เซอร์วิสเซส จำกัด (KTBCS)
3599,2565,หนี้ต่างประเทศ,0,10,บริษัท กรุงไทยธุรกิจบริการ จำกัด (KTBGS)
3600,2565,หนี้ต่างประเทศ,5808.55,10,บริษัท ท่าอากาศยานไทย จำกัด (มหาชน) (AOT)
3601,2565,หนี้ต่างประเทศ,0,10,บริษัท ปตท. สำรวจและผลิตปิโตรเลียม จำกัด (มหาชน) (PEPC) *
3602,2565,หนี้ต่างประเทศ,0,10,บริษัท ปตท.สผ. อินเตอร์เนชั่นแนล จำกัด (PEPI)*
3603,2565,หนี้ต่างประเทศ,0,10,บริษัท ปตท. จำกัด (มหาชน) (PTT)
3604,2565,หนี้ต่างประเทศ,0,10,บริษัท การบินไทย จำกัด (มหาชน) (THAI)*
3605,2565,หนี้ต่างประเทศ,0,10,บริษัท ทีโอที จำกัด (มหาชน) (TOT)
3606,2565,หนี้ต่างประเทศ,0,10,บริษัท ไม้อัดไทย จำกัด (TTPC)**
3607,2565,หนี้ต่างประเทศ,0,10,บริษัท อู่กรุงเทพ จำกัด (BDC)
3608,2565,หนี้ต่างประเทศ,0,10,บริษัท โรงแรมท่าอากาศยานสุวรรณภูมิ จำกัด (SAH)
3609,2565,หนี้ต่างประเทศ,0,10,บริษัท ผลิตไฟฟ้าและน้ำเย็น จำกัด (DCAP)
3610,2565,หนี้ต่างประเทศ,0,10,บริษัท ธนารักษ์พัฒนาสินทรัพย์ จำกัด (ธพส.) (DAD)
3611,2565,หนี้ต่างประเทศ,0,10,บริษัท พีอีเอ เอ็นคอม อินเตอร์เนชั่นแนล จำกัด (PEA ENCOM)
3612,2565,หนี้ต่างประเทศ,33813.27,10,รวม
3613,2565,หนี้ในประเทศ,377910.69,9,1. องค์กรของรัฐ
3614,2565,หนี้ในประเทศ,126439.95,9,องค์การขนส่งมวลชนกรุงเทพ (BMTA)
3615,2565,หนี้ในประเทศ,0,9,สถาบันการบินพลเรือน (CATC)
3616,2565,หนี้ในประเทศ,0.12,9,องค์การส่งเสริมกิจการโคนมแห่งประเทศไทย (DPO)
3617,2565,หนี้ในประเทศ,0,9,การไฟฟ้าฝ่ายผลิตแห่งประเทศไทย (EGAT)
3618,2565,หนี้ในประเทศ,1000,9,การทางพิเศษแห่งประเทศไทย (EXAT)
3619,2565,หนี้ในประเทศ,0,9,องค์การอุตสาหกรรมป่าไม้ (FIO)
3620,2565,หนี้ในประเทศ,0,9,การนิคมอุตสาหกรรมแห่งประเทศไทย (IEAT)
3621,2565,หนี้ในประเทศ,0,9,การไฟฟ้านครหลวง (MEA)
3622,2565,หนี้ในประเทศ,0,9,องค์การตลาดเพื่อเกษตรกร (MOFF)
3623,2565,หนี้ในประเทศ,0,9,การรถไฟฟ้าขนส่งมวลชนแห่งประเทศไทย (MRTA)
3624,2565,หนี้ในประเทศ,0,9,การประปานครหลวง (MWA)
3625,2565,หนี้ในประเทศ,28293,9,การเคหะแห่งชาติ (NHA)
3626,2565,หนี้ในประเทศ,0,9,การท่าเรือแห่งประเทศไทย (PAT)
3627,2565,หนี้ในประเทศ,0,9,การไฟฟ้าส่วนภูมิภาค (PEA)
3628,2565,หนี้ในประเทศ,0,9,องค์การคลังสินค้า (PWO)
3629,2565,หนี้ในประเทศ,7973,9,การประปาส่วนภูมิภาค (PWA)
3630,2565,หนี้ในประเทศ,825.31,9,การยางแห่งประเทศไทย (RAOT)
3631,2565,หนี้ในประเทศ,213379.31,9,การรถไฟแห่งประเทศไทย (SRT)
3632,2565,หนี้ในประเทศ,0,9,องค์การแบตเตอรี่ (TBO)**
3633,2565,หนี้ในประเทศ,0,9,องค์การรับส่งสินค้าและพัสดุภัณฑ์ (ETO) **
3634,2565,หนี้ในประเทศ,0,9,องค์การฟอกหนัง (TTO)**
3635,2565,หนี้ในประเทศ,0,9,สำนักงานธนานุเคราะห์ (PAWN)***
3636,2565,หนี้ในประเทศ,0,9,องค์การเภสัชกรรม
3637,2565,หนี้ในประเทศ,0,9,2. บริษัทจำกัด และบริษัทมหาชนจำกัด
3638,2565,หนี้ในประเทศ,0,9,บริษัท วิทยุการบินแห่งประเทศไทย จำกัด (AERO)
3639,2565,หนี้ในประเทศ,0,9,บริษัท บางจากปิโตรเลียม จำกัด (มหาชน) (BPC)*
3640,2565,หนี้ในประเทศ,0,9,บริษัท กสท.โทรคมนาคม จำกัด (มหาชน) (CAT)
3641,2565,หนี้ในประเทศ,0,9,บริษัท กรุงไทย คอมพิวเตอร์ เซอร์วิสเซส จำกัด (KTBCS)
3642,2565,หนี้ในประเทศ,0,9,บริษัท กรุงไทยธุรกิจบริการ จำกัด (KTBGS)
3643,2565,หนี้ในประเทศ,0,9,บริษัท ท่าอากาศยานไทย จำกัด (มหาชน) (AOT)
3644,2565,หนี้ในประเทศ,0,9,บริษัท ปตท. สำรวจและผลิตปิโตรเลียม จำกัด (มหาชน) (PEPC) *
3645,2565,หนี้ในประเทศ,0,9,บริษัท ปตท.สผ. อินเตอร์เนชั่นแนล จำกัด (PEPI)*
3646,2565,หนี้ในประเทศ,0,9,บริษัท ปตท. จำกัด (มหาชน) (PTT)
3647,2565,หนี้ในประเทศ,0,9,บริษัท การบินไทย จำกัด (มหาชน) (THAI)*
3648,2565,หนี้ในประเทศ,0,9,บริษัท ทีโอที จำกัด (มหาชน) (TOT)
3649,2565,หนี้ในประเทศ,0,9,บริษัท ไม้อัดไทย จำกัด (TTPC)**
3650,2565,หนี้ในประเทศ,0,9,บริษัท อู่กรุงเทพ จำกัด (BDC)
3651,2565,หนี้ในประเทศ,0,9,บริษัท โรงแรมท่าอากาศยานสุวรรณภูมิ จำกัด (SAH)
3652,2565,หนี้ในประเทศ,0,9,บริษัท ผลิตไฟฟ้าและน้ำเย็น จำกัด (DCAP)
3653,2565,หนี้ในประเทศ,0,9,บริษัท ธนารักษ์พัฒนาสินทรัพย์ จำกัด (ธพส.) (DAD)
3654,2565,หนี้ในประเทศ,0,9,บริษัท พีอีเอ เอ็นคอม อินเตอร์เนชั่นแนล จำกัด (PEA ENCOM)
3655,2565,หนี้ในประเทศ,377910.69,9,รวม
3656,2565,หนี้ต่างประเทศ,28214.2,9,1. องค์กรของรัฐ
3657,2565,หนี้ต่างประเทศ,0,9,องค์การขนส่งมวลชนกรุงเทพ (BMTA)
3658,2565,หนี้ต่างประเทศ,0,9,สถาบันการบินพลเรือน (CATC)
3659,2565,หนี้ต่างประเทศ,0,9,องค์การส่งเสริมกิจการโคนมแห่งประเทศไทย (DPO)
3660,2565,หนี้ต่างประเทศ,0,9,การไฟฟ้าฝ่ายผลิตแห่งประเทศไทย (EGAT)
3661,2565,หนี้ต่างประเทศ,0,9,การทางพิเศษแห่งประเทศไทย (EXAT)
3662,2565,หนี้ต่างประเทศ,0,9,องค์การอุตสาหกรรมป่าไม้ (FIO)
3663,2565,หนี้ต่างประเทศ,0,9,การนิคมอุตสาหกรรมแห่งประเทศไทย (IEAT)
3664,2565,หนี้ต่างประเทศ,0,9,การไฟฟ้านครหลวง (MEA)
3665,2565,หนี้ต่างประเทศ,0,9,องค์การตลาดเพื่อเกษตรกร (MOFF)
3666,2565,หนี้ต่างประเทศ,27855.86,9,การรถไฟฟ้าขนส่งมวลชนแห่งประเทศไทย (MRTA)
3667,2565,หนี้ต่างประเทศ,187.07,9,การประปานครหลวง (MWA)
3668,2565,หนี้ต่างประเทศ,0,9,การเคหะแห่งชาติ (NHA)
3669,2565,หนี้ต่างประเทศ,0,9,การท่าเรือแห่งประเทศไทย (PAT)
3670,2565,หนี้ต่างประเทศ,55.13,9,การไฟฟ้าส่วนภูมิภาค (PEA)
3671,2565,หนี้ต่างประเทศ,0,9,องค์การคลังสินค้า (PWO)
3672,2565,หนี้ต่างประเทศ,0,9,การประปาส่วนภูมิภาค (PWA)
3673,2565,หนี้ต่างประเทศ,0,9,การยางแห่งประเทศไทย (RAOT)
3674,2565,หนี้ต่างประเทศ,116.14,9,การรถไฟแห่งประเทศไทย (SRT)
3675,2565,หนี้ต่างประเทศ,0,9,องค์การแบตเตอรี่ (TBO)**
3676,2565,หนี้ต่างประเทศ,0,9,องค์การรับส่งสินค้าและพัสดุภัณฑ์ (ETO) **
3677,2565,หนี้ต่างประเทศ,0,9,องค์การฟอกหนัง (TTO)**
3678,2565,หนี้ต่างประเทศ,0,9,สำนักงานธนานุเคราะห์ (PAWN)***
3679,2565,หนี้ต่างประเทศ,0,9,องค์การเภสัชกรรม
3680,2565,หนี้ต่างประเทศ,5967.46,9,2. บริษัทจำกัด และบริษัทมหาชนจำกัด
3681,2565,หนี้ต่างประเทศ,0,9,บริษัท วิทยุการบินแห่งประเทศไทย จำกัด (AERO)
3682,2565,หนี้ต่างประเทศ,0,9,บริษัท บางจากปิโตรเลียม จำกัด (มหาชน) (BPC)*
3683,2565,หนี้ต่างประเทศ,0,9,บริษัท กสท.โทรคมนาคม จำกัด (มหาชน) (CAT)
3684,2565,หนี้ต่างประเทศ,0,9,บริษัท กรุงไทย คอมพิวเตอร์ เซอร์วิสเซส จำกัด (KTBCS)
3685,2565,หนี้ต่างประเทศ,0,9,บริษัท กรุงไทยธุรกิจบริการ จำกัด (KTBGS)
3686,2565,หนี้ต่างประเทศ,5967.46,9,บริษัท ท่าอากาศยานไทย จำกัด (มหาชน) (AOT)
3687,2565,หนี้ต่างประเทศ,0,9,บริษัท ปตท. สำรวจและผลิตปิโตรเลียม จำกัด (มหาชน) (PEPC) *
3688,2565,หนี้ต่างประเทศ,0,9,บริษัท ปตท.สผ. อินเตอร์เนชั่นแนล จำกัด (PEPI)*
3689,2565,หนี้ต่างประเทศ,0,9,บริษัท ปตท. จำกัด (มหาชน) (PTT)
3690,2565,หนี้ต่างประเทศ,0,9,บริษัท การบินไทย จำกัด (มหาชน) (THAI)*
3691,2565,หนี้ต่างประเทศ,0,9,บริษัท ทีโอที จำกัด (มหาชน) (TOT)
3692,2565,หนี้ต่างประเทศ,0,9,บริษัท ไม้อัดไทย จำกัด (TTPC)**
3693,2565,หนี้ต่างประเทศ,0,9,บริษัท อู่กรุงเทพ จำกัด (BDC)
3694,2565,หนี้ต่างประเทศ,0,9,บริษัท โรงแรมท่าอากาศยานสุวรรณภูมิ จำกัด (SAH)
3695,2565,หนี้ต่างประเทศ,0,9,บริษัท ผลิตไฟฟ้าและน้ำเย็น จำกัด (DCAP)
3696,2565,หนี้ต่างประเทศ,0,9,บริษัท ธนารักษ์พัฒนาสินทรัพย์ จำกัด (ธพส.) (DAD)
3697,2565,หนี้ต่างประเทศ,0,9,บริษัท พีอีเอ เอ็นคอม อินเตอร์เนชั่นแนล จำกัด (PEA ENCOM)
3698,2565,หนี้ต่างประเทศ,34181.66,9,รวม
3699,2565,หนี้ในประเทศ,380421.96,8,1. องค์กรของรัฐ
3700,2565,หนี้ในประเทศ,126446.75,8,องค์การขนส่งมวลชนกรุงเทพ (BMTA)
3701,2565,หนี้ในประเทศ,0,8,สถาบันการบินพลเรือน (CATC)
3702,2565,หนี้ในประเทศ,87.59,8,องค์การส่งเสริมกิจการโคนมแห่งประเทศไทย (DPO)
3703,2565,หนี้ในประเทศ,0,8,การไฟฟ้าฝ่ายผลิตแห่งประเทศไทย (EGAT)
3704,2565,หนี้ในประเทศ,6700,8,การทางพิเศษแห่งประเทศไทย (EXAT)
3705,2565,หนี้ในประเทศ,0,8,องค์การอุตสาหกรรมป่าไม้ (FIO)
3706,2565,หนี้ในประเทศ,0,8,การนิคมอุตสาหกรรมแห่งประเทศไทย (IEAT)
3707,2565,หนี้ในประเทศ,0,8,การไฟฟ้านครหลวง (MEA)
3708,2565,หนี้ในประเทศ,0,8,องค์การตลาดเพื่อเกษตรกร (MOFF)
3709,2565,หนี้ในประเทศ,0,8,การรถไฟฟ้าขนส่งมวลชนแห่งประเทศไทย (MRTA)
3710,2565,หนี้ในประเทศ,0,8,การประปานครหลวง (MWA)
3711,2565,หนี้ในประเทศ,28293,8,การเคหะแห่งชาติ (NHA)
3712,2565,หนี้ในประเทศ,0,8,การท่าเรือแห่งประเทศไทย (PAT)
3713,2565,หนี้ในประเทศ,0,8,การไฟฟ้าส่วนภูมิภาค (PEA)
3714,2565,หนี้ในประเทศ,0,8,องค์การคลังสินค้า (PWO)
3715,2565,หนี้ในประเทศ,7973,8,การประปาส่วนภูมิภาค (PWA)
3716,2565,หนี้ในประเทศ,825.31,8,การยางแห่งประเทศไทย (RAOT)
3717,2565,หนี้ในประเทศ,210096.31,8,การรถไฟแห่งประเทศไทย (SRT)
3718,2565,หนี้ในประเทศ,0,8,องค์การแบตเตอรี่ (TBO)**
3719,2565,หนี้ในประเทศ,0,8,องค์การรับส่งสินค้าและพัสดุภัณฑ์ (ETO) **
3720,2565,หนี้ในประเทศ,0,8,องค์การฟอกหนัง (TTO)**
3721,2565,หนี้ในประเทศ,0,8,สำนักงานธนานุเคราะห์ (PAWN)***
3722,2565,หนี้ในประเทศ,0,8,องค์การเภสัชกรรม
3723,2565,หนี้ในประเทศ,0,8,2. บริษัทจำกัด และบริษัทมหาชนจำกัด
3724,2565,หนี้ในประเทศ,0,8,บริษัท วิทยุการบินแห่งประเทศไทย จำกัด (AERO)
3725,2565,หนี้ในประเทศ,0,8,บริษัท บางจากปิโตรเลียม จำกัด (มหาชน) (BPC)*
3726,2565,หนี้ในประเทศ,0,8,บริษัท กสท.โทรคมนาคม จำกัด (มหาชน) (CAT)
3727,2565,หนี้ในประเทศ,0,8,บริษัท กรุงไทย คอมพิวเตอร์ เซอร์วิสเซส จำกัด (KTBCS)
3728,2565,หนี้ในประเทศ,0,8,บริษัท กรุงไทยธุรกิจบริการ จำกัด (KTBGS)
3729,2565,หนี้ในประเทศ,0,8,บริษัท ท่าอากาศยานไทย จำกัด (มหาชน) (AOT)
3730,2565,หนี้ในประเทศ,0,8,บริษัท ปตท. สำรวจและผลิตปิโตรเลียม จำกัด (มหาชน) (PEPC) *
3731,2565,หนี้ในประเทศ,0,8,บริษัท ปตท.สผ. อินเตอร์เนชั่นแนล จำกัด (PEPI)*
3732,2565,หนี้ในประเทศ,0,8,บริษัท ปตท. จำกัด (มหาชน) (PTT)
3733,2565,หนี้ในประเทศ,0,8,บริษัท การบินไทย จำกัด (มหาชน) (THAI)*
3734,2565,หนี้ในประเทศ,0,8,บริษัท ทีโอที จำกัด (มหาชน) (TOT)
3735,2565,หนี้ในประเทศ,0,8,บริษัท ไม้อัดไทย จำกัด (TTPC)**
3736,2565,หนี้ในประเทศ,0,8,บริษัท อู่กรุงเทพ จำกัด (BDC)
3737,2565,หนี้ในประเทศ,0,8,บริษัท โรงแรมท่าอากาศยานสุวรรณภูมิ จำกัด (SAH)
3738,2565,หนี้ในประเทศ,0,8,บริษัท ผลิตไฟฟ้าและน้ำเย็น จำกัด (DCAP)
3739,2565,หนี้ในประเทศ,0,8,บริษัท ธนารักษ์พัฒนาสินทรัพย์ จำกัด (ธพส.) (DAD)
3740,2565,หนี้ในประเทศ,0,8,บริษัท พีอีเอ เอ็นคอม อินเตอร์เนชั่นแนล จำกัด (PEA ENCOM)
3741,2565,หนี้ในประเทศ,380421.96,8,รวม
3742,2565,หนี้ต่างประเทศ,28700.02,8,1. องค์กรของรัฐ
3743,2565,หนี้ต่างประเทศ,0,8,องค์การขนส่งมวลชนกรุงเทพ (BMTA)
3744,2565,หนี้ต่างประเทศ,0,8,สถาบันการบินพลเรือน (CATC)
3745,2565,หนี้ต่างประเทศ,0,8,องค์การส่งเสริมกิจการโคนมแห่งประเทศไทย (DPO)
3746,2565,หนี้ต่างประเทศ,0,8,การไฟฟ้าฝ่ายผลิตแห่งประเทศไทย (EGAT)
3747,2565,หนี้ต่างประเทศ,0,8,การทางพิเศษแห่งประเทศไทย (EXAT)
3748,2565,หนี้ต่างประเทศ,0,8,องค์การอุตสาหกรรมป่าไม้ (FIO)
3749,2565,หนี้ต่างประเทศ,0,8,การนิคมอุตสาหกรรมแห่งประเทศไทย (IEAT)
3750,2565,หนี้ต่างประเทศ,0,8,การไฟฟ้านครหลวง (MEA)
3751,2565,หนี้ต่างประเทศ,0,8,องค์การตลาดเพื่อเกษตรกร (MOFF)
3752,2565,หนี้ต่างประเทศ,28297.01,8,การรถไฟฟ้าขนส่งมวลชนแห่งประเทศไทย (MRTA)
3753,2565,หนี้ต่างประเทศ,233.83,8,การประปานครหลวง (MWA)
3754,2565,หนี้ต่างประเทศ,0,8,การเคหะแห่งชาติ (NHA)
3755,2565,หนี้ต่างประเทศ,0,8,การท่าเรือแห่งประเทศไทย (PAT)
3756,2565,หนี้ต่างประเทศ,54.22,8,การไฟฟ้าส่วนภูมิภาค (PEA)
3757,2565,หนี้ต่างประเทศ,0,8,องค์การคลังสินค้า (PWO)
3758,2565,หนี้ต่างประเทศ,0,8,การประปาส่วนภูมิภาค (PWA)
3759,2565,หนี้ต่างประเทศ,0,8,การยางแห่งประเทศไทย (RAOT)
3760,2565,หนี้ต่างประเทศ,114.96,8,การรถไฟแห่งประเทศไทย (SRT)
3761,2565,หนี้ต่างประเทศ,0,8,องค์การแบตเตอรี่ (TBO)**
3762,2565,หนี้ต่างประเทศ,0,8,องค์การรับส่งสินค้าและพัสดุภัณฑ์ (ETO) **
3763,2565,หนี้ต่างประเทศ,0,8,องค์การฟอกหนัง (TTO)**
3764,2565,หนี้ต่างประเทศ,0,8,สำนักงานธนานุเคราะห์ (PAWN)***
3765,2565,หนี้ต่างประเทศ,0,8,องค์การเภสัชกรรม
3766,2565,หนี้ต่างประเทศ,6193.24,8,2. บริษัทจำกัด และบริษัทมหาชนจำกัด
3767,2565,หนี้ต่างประเทศ,0,8,บริษัท วิทยุการบินแห่งประเทศไทย จำกัด (AERO)
3768,2565,หนี้ต่างประเทศ,0,8,บริษัท บางจากปิโตรเลียม จำกัด (มหาชน) (BPC)*
3769,2565,หนี้ต่างประเทศ,0,8,บริษัท กสท.โทรคมนาคม จำกัด (มหาชน) (CAT)
3770,2565,หนี้ต่างประเทศ,0,8,บริษัท กรุงไทย คอมพิวเตอร์ เซอร์วิสเซส จำกัด (KTBCS)
3771,2565,หนี้ต่างประเทศ,0,8,บริษัท กรุงไทยธุรกิจบริการ จำกัด (KTBGS)
3772,2565,หนี้ต่างประเทศ,6193.24,8,บริษัท ท่าอากาศยานไทย จำกัด (มหาชน) (AOT)
3773,2565,หนี้ต่างประเทศ,0,8,บริษัท ปตท. สำรวจและผลิตปิโตรเลียม จำกัด (มหาชน) (PEPC) *
3774,2565,หนี้ต่างประเทศ,0,8,บริษัท ปตท.สผ. อินเตอร์เนชั่นแนล จำกัด (PEPI)*
3775,2565,หนี้ต่างประเทศ,0,8,บริษัท ปตท. จำกัด (มหาชน) (PTT)
3776,2565,หนี้ต่างประเทศ,0,8,บริษัท การบินไทย จำกัด (มหาชน) (THAI)*
3777,2565,หนี้ต่างประเทศ,0,8,บริษัท ทีโอที จำกัด (มหาชน) (TOT)
3778,2565,หนี้ต่างประเทศ,0,8,บริษัท ไม้อัดไทย จำกัด (TTPC)**
3779,2565,หนี้ต่างประเทศ,0,8,บริษัท อู่กรุงเทพ จำกัด (BDC)
3780,2565,หนี้ต่างประเทศ,0,8,บริษัท โรงแรมท่าอากาศยานสุวรรณภูมิ จำกัด (SAH)
3781,2565,หนี้ต่างประเทศ,0,8,บริษัท ผลิตไฟฟ้าและน้ำเย็น จำกัด (DCAP)
3782,2565,หนี้ต่างประเทศ,0,8,บริษัท ธนารักษ์พัฒนาสินทรัพย์ จำกัด (ธพส.) (DAD)
3783,2565,หนี้ต่างประเทศ,0,8,บริษัท พีอีเอ เอ็นคอม อินเตอร์เนชั่นแนล จำกัด (PEA ENCOM)
3784,2565,หนี้ต่างประเทศ,34893.26,8,รวม
3785,2565,หนี้ในประเทศ,378235.21,7,1. องค์กรของรัฐ
3786,2565,หนี้ในประเทศ,125888.15,7,องค์การขนส่งมวลชนกรุงเทพ (BMTA)
3787,2565,หนี้ในประเทศ,0,7,สถาบันการบินพลเรือน (CATC)
3788,2565,หนี้ในประเทศ,159.44,7,องค์การส่งเสริมกิจการโคนมแห่งประเทศไทย (DPO)
3789,2565,หนี้ในประเทศ,0,7,การไฟฟ้าฝ่ายผลิตแห่งประเทศไทย (EGAT)
3790,2565,หนี้ในประเทศ,6700,7,การทางพิเศษแห่งประเทศไทย (EXAT)
3791,2565,หนี้ในประเทศ,0,7,องค์การอุตสาหกรรมป่าไม้ (FIO)
3792,2565,หนี้ในประเทศ,0,7,การนิคมอุตสาหกรรมแห่งประเทศไทย (IEAT)
3793,2565,หนี้ในประเทศ,0,7,การไฟฟ้านครหลวง (MEA)
3794,2565,หนี้ในประเทศ,0,7,องค์การตลาดเพื่อเกษตรกร (MOFF)
3795,2565,หนี้ในประเทศ,0,7,การรถไฟฟ้าขนส่งมวลชนแห่งประเทศไทย (MRTA)
3796,2565,หนี้ในประเทศ,0,7,การประปานครหลวง (MWA)
3797,2565,หนี้ในประเทศ,28193,7,การเคหะแห่งชาติ (NHA)
3798,2565,หนี้ในประเทศ,0,7,การท่าเรือแห่งประเทศไทย (PAT)
3799,2565,หนี้ในประเทศ,0,7,การไฟฟ้าส่วนภูมิภาค (PEA)
3800,2565,หนี้ในประเทศ,0,7,องค์การคลังสินค้า (PWO)
3801,2565,หนี้ในประเทศ,7973,7,การประปาส่วนภูมิภาค (PWA)
3802,2565,หนี้ในประเทศ,825.31,7,การยางแห่งประเทศไทย (RAOT)
3803,2565,หนี้ในประเทศ,208496.31,7,การรถไฟแห่งประเทศไทย (SRT)
3804,2565,หนี้ในประเทศ,0,7,องค์การแบตเตอรี่ (TBO)**
3805,2565,หนี้ในประเทศ,0,7,องค์การรับส่งสินค้าและพัสดุภัณฑ์ (ETO) **
3806,2565,หนี้ในประเทศ,0,7,องค์การฟอกหนัง (TTO)**
3807,2565,หนี้ในประเทศ,0,7,สำนักงานธนานุเคราะห์ (PAWN)***
3808,2565,หนี้ในประเทศ,0,7,องค์การเภสัชกรรม
3809,2565,หนี้ในประเทศ,0,7,2. บริษัทจำกัด และบริษัทมหาชนจำกัด
3810,2565,หนี้ในประเทศ,0,7,บริษัท วิทยุการบินแห่งประเทศไทย จำกัด (AERO)
3811,2565,หนี้ในประเทศ,0,7,บริษัท บางจากปิโตรเลียม จำกัด (มหาชน) (BPC)*
3812,2565,หนี้ในประเทศ,0,7,บริษัท กสท.โทรคมนาคม จำกัด (มหาชน) (CAT)
3813,2565,หนี้ในประเทศ,0,7,บริษัท กรุงไทย คอมพิวเตอร์ เซอร์วิสเซส จำกัด (KTBCS)
3814,2565,หนี้ในประเทศ,0,7,บริษัท กรุงไทยธุรกิจบริการ จำกัด (KTBGS)
3815,2565,หนี้ในประเทศ,0,7,บริษัท ท่าอากาศยานไทย จำกัด (มหาชน) (AOT)
3816,2565,หนี้ในประเทศ,0,7,บริษัท ปตท. สำรวจและผลิตปิโตรเลียม จำกัด (มหาชน) (PEPC) *
3817,2565,หนี้ในประเทศ,0,7,บริษัท ปตท.สผ. อินเตอร์เนชั่นแนล จำกัด (PEPI)*
3818,2565,หนี้ในประเทศ,0,7,บริษัท ปตท. จำกัด (มหาชน) (PTT)
3819,2565,หนี้ในประเทศ,0,7,บริษัท การบินไทย จำกัด (มหาชน) (THAI)*
3820,2565,หนี้ในประเทศ,0,7,บริษัท ทีโอที จำกัด (มหาชน) (TOT)
3821,2565,หนี้ในประเทศ,0,7,บริษัท ไม้อัดไทย จำกัด (TTPC)**
3822,2565,หนี้ในประเทศ,0,7,บริษัท อู่กรุงเทพ จำกัด (BDC)
3823,2565,หนี้ในประเทศ,0,7,บริษัท โรงแรมท่าอากาศยานสุวรรณภูมิ จำกัด (SAH)
3824,2565,หนี้ในประเทศ,0,7,บริษัท ผลิตไฟฟ้าและน้ำเย็น จำกัด (DCAP)
3825,2565,หนี้ในประเทศ,0,7,บริษัท ธนารักษ์พัฒนาสินทรัพย์ จำกัด (ธพส.) (DAD)
3826,2565,หนี้ในประเทศ,0,7,บริษัท พีอีเอ เอ็นคอม อินเตอร์เนชั่นแนล จำกัด (PEA ENCOM)
3827,2565,หนี้ในประเทศ,378235.21,7,รวม
3828,2565,หนี้ต่างประเทศ,28703.45,7,1. องค์กรของรัฐ
3829,2565,หนี้ต่างประเทศ,0,7,องค์การขนส่งมวลชนกรุงเทพ (BMTA)
3830,2565,หนี้ต่างประเทศ,0,7,สถาบันการบินพลเรือน (CATC)
3831,2565,หนี้ต่างประเทศ,0,7,องค์การส่งเสริมกิจการโคนมแห่งประเทศไทย (DPO)
3832,2565,หนี้ต่างประเทศ,0,7,การไฟฟ้าฝ่ายผลิตแห่งประเทศไทย (EGAT)
3833,2565,หนี้ต่างประเทศ,0,7,การทางพิเศษแห่งประเทศไทย (EXAT)
3834,2565,หนี้ต่างประเทศ,0,7,องค์การอุตสาหกรรมป่าไม้ (FIO)
3835,2565,หนี้ต่างประเทศ,0,7,การนิคมอุตสาหกรรมแห่งประเทศไทย (IEAT)
3836,2565,หนี้ต่างประเทศ,0,7,การไฟฟ้านครหลวง (MEA)
3837,2565,หนี้ต่างประเทศ,0,7,องค์การตลาดเพื่อเกษตรกร (MOFF)
3838,2565,หนี้ต่างประเทศ,28297.01,7,การรถไฟฟ้าขนส่งมวลชนแห่งประเทศไทย (MRTA)
3839,2565,หนี้ต่างประเทศ,233.83,7,การประปานครหลวง (MWA)
3840,2565,หนี้ต่างประเทศ,0,7,การเคหะแห่งชาติ (NHA)
3841,2565,หนี้ต่างประเทศ,0,7,การท่าเรือแห่งประเทศไทย (PAT)
3842,2565,หนี้ต่างประเทศ,55.32,7,การไฟฟ้าส่วนภูมิภาค (PEA)
3843,2565,หนี้ต่างประเทศ,0,7,องค์การคลังสินค้า (PWO)
3844,2565,หนี้ต่างประเทศ,0,7,การประปาส่วนภูมิภาค (PWA)
3845,2565,หนี้ต่างประเทศ,0,7,การยางแห่งประเทศไทย (RAOT)
3846,2565,หนี้ต่างประเทศ,117.29,7,การรถไฟแห่งประเทศไทย (SRT)
3847,2565,หนี้ต่างประเทศ,0,7,องค์การแบตเตอรี่ (TBO)**
3848,2565,หนี้ต่างประเทศ,0,7,องค์การรับส่งสินค้าและพัสดุภัณฑ์ (ETO) **
3849,2565,หนี้ต่างประเทศ,0,7,องค์การฟอกหนัง (TTO)**
3850,2565,หนี้ต่างประเทศ,0,7,สำนักงานธนานุเคราะห์ (PAWN)***
3851,2565,หนี้ต่างประเทศ,0,7,องค์การเภสัชกรรม
3852,2565,หนี้ต่างประเทศ,6215.19,7,2. บริษัทจำกัด และบริษัทมหาชนจำกัด
3853,2565,หนี้ต่างประเทศ,0,7,บริษัท วิทยุการบินแห่งประเทศไทย จำกัด (AERO)
3854,2565,หนี้ต่างประเทศ,0,7,บริษัท บางจากปิโตรเลียม จำกัด (มหาชน) (BPC)*
3855,2565,หนี้ต่างประเทศ,0,7,บริษัท กสท.โทรคมนาคม จำกัด (มหาชน) (CAT)
3856,2565,หนี้ต่างประเทศ,0,7,บริษัท กรุงไทย คอมพิวเตอร์ เซอร์วิสเซส จำกัด (KTBCS)
3857,2565,หนี้ต่างประเทศ,0,7,บริษัท กรุงไทยธุรกิจบริการ จำกัด (KTBGS)
3858,2565,หนี้ต่างประเทศ,6215.19,7,บริษัท ท่าอากาศยานไทย จำกัด (มหาชน) (AOT)
3859,2565,หนี้ต่างประเทศ,0,7,บริษัท ปตท. สำรวจและผลิตปิโตรเลียม จำกัด (มหาชน) (PEPC) *
3860,2565,หนี้ต่างประเทศ,0,7,บริษัท ปตท.สผ. อินเตอร์เนชั่นแนล จำกัด (PEPI)*
3861,2565,หนี้ต่างประเทศ,0,7,บริษัท ปตท. จำกัด (มหาชน) (PTT)
3862,2565,หนี้ต่างประเทศ,0,7,บริษัท การบินไทย จำกัด (มหาชน) (THAI)*
3863,2565,หนี้ต่างประเทศ,0,7,บริษัท ทีโอที จำกัด (มหาชน) (TOT)
3864,2565,หนี้ต่างประเทศ,0,7,บริษัท ไม้อัดไทย จำกัด (TTPC)**
3865,2565,หนี้ต่างประเทศ,0,7,บริษัท อู่กรุงเทพ จำกัด (BDC)
3866,2565,หนี้ต่างประเทศ,0,7,บริษัท โรงแรมท่าอากาศยานสุวรรณภูมิ จำกัด (SAH)
3867,2565,หนี้ต่างประเทศ,0,7,บริษัท ผลิตไฟฟ้าและน้ำเย็น จำกัด (DCAP)
3868,2565,หนี้ต่างประเทศ,0,7,บริษัท ธนารักษ์พัฒนาสินทรัพย์ จำกัด (ธพส.) (DAD)
3869,2565,หนี้ต่างประเทศ,0,7,บริษัท พีอีเอ เอ็นคอม อินเตอร์เนชั่นแนล จำกัด (PEA ENCOM)
3870,2565,หนี้ต่างประเทศ,34918.64,7,รวม
3871,2565,หนี้ในประเทศ,376676.03,6,1. องค์กรของรัฐ
3872,2565,หนี้ในประเทศ,125347.44,6,องค์การขนส่งมวลชนกรุงเทพ (BMTA)
3873,2565,หนี้ในประเทศ,0,6,สถาบันการบินพลเรือน (CATC)
3874,2565,หนี้ในประเทศ,140.97,6,องค์การส่งเสริมกิจการโคนมแห่งประเทศไทย (DPO)
3875,2565,หนี้ในประเทศ,0,6,การไฟฟ้าฝ่ายผลิตแห่งประเทศไทย (EGAT)
3876,2565,หนี้ในประเทศ,6700,6,การทางพิเศษแห่งประเทศไทย (EXAT)
3877,2565,หนี้ในประเทศ,0,6,องค์การอุตสาหกรรมป่าไม้ (FIO)
3878,2565,หนี้ในประเทศ,0,6,การนิคมอุตสาหกรรมแห่งประเทศไทย (IEAT)
3879,2565,หนี้ในประเทศ,0,6,การไฟฟ้านครหลวง (MEA)
3880,2565,หนี้ในประเทศ,0,6,องค์การตลาดเพื่อเกษตรกร (MOFF)
3881,2565,หนี้ในประเทศ,0,6,การรถไฟฟ้าขนส่งมวลชนแห่งประเทศไทย (MRTA)
3882,2565,หนี้ในประเทศ,0,6,การประปานครหลวง (MWA)
3883,2565,หนี้ในประเทศ,28193,6,การเคหะแห่งชาติ (NHA)
3884,2565,หนี้ในประเทศ,0,6,การท่าเรือแห่งประเทศไทย (PAT)
3885,2565,หนี้ในประเทศ,0,6,การไฟฟ้าส่วนภูมิภาค (PEA)
3886,2565,หนี้ในประเทศ,0,6,องค์การคลังสินค้า (PWO)
3887,2565,หนี้ในประเทศ,7973,6,การประปาส่วนภูมิภาค (PWA)
3888,2565,หนี้ในประเทศ,825.31,6,การยางแห่งประเทศไทย (RAOT)
3889,2565,หนี้ในประเทศ,207496.31,6,การรถไฟแห่งประเทศไทย (SRT)
3890,2565,หนี้ในประเทศ,0,6,องค์การแบตเตอรี่ (TBO)**
3891,2565,หนี้ในประเทศ,0,6,องค์การรับส่งสินค้าและพัสดุภัณฑ์ (ETO) **
3892,2565,หนี้ในประเทศ,0,6,องค์การฟอกหนัง (TTO)**
3893,2565,หนี้ในประเทศ,0,6,สำนักงานธนานุเคราะห์ (PAWN)***
3894,2565,หนี้ในประเทศ,0,6,องค์การเภสัชกรรม
3895,2565,หนี้ในประเทศ,0,6,2. บริษัทจำกัด และบริษัทมหาชนจำกัด
3896,2565,หนี้ในประเทศ,0,6,บริษัท วิทยุการบินแห่งประเทศไทย จำกัด (AERO)
3897,2565,หนี้ในประเทศ,0,6,บริษัท บางจากปิโตรเลียม จำกัด (มหาชน) (BPC)*
3898,2565,หนี้ในประเทศ,0,6,บริษัท กสท.โทรคมนาคม จำกัด (มหาชน) (CAT)
3899,2565,หนี้ในประเทศ,0,6,บริษัท กรุงไทย คอมพิวเตอร์ เซอร์วิสเซส จำกัด (KTBCS)
3900,2565,หนี้ในประเทศ,0,6,บริษัท กรุงไทยธุรกิจบริการ จำกัด (KTBGS)
3901,2565,หนี้ในประเทศ,0,6,บริษัท ท่าอากาศยานไทย จำกัด (มหาชน) (AOT)
3902,2565,หนี้ในประเทศ,0,6,บริษัท ปตท. สำรวจและผลิตปิโตรเลียม จำกัด (มหาชน) (PEPC) *
3903,2565,หนี้ในประเทศ,0,6,บริษัท ปตท.สผ. อินเตอร์เนชั่นแนล จำกัด (PEPI)*
3904,2565,หนี้ในประเทศ,0,6,บริษัท ปตท. จำกัด (มหาชน) (PTT)
3905,2565,หนี้ในประเทศ,0,6,บริษัท การบินไทย จำกัด (มหาชน) (THAI)*
3906,2565,หนี้ในประเทศ,0,6,บริษัท ทีโอที จำกัด (มหาชน) (TOT)
3907,2565,หนี้ในประเทศ,0,6,บริษัท ไม้อัดไทย จำกัด (TTPC)**
3908,2565,หนี้ในประเทศ,0,6,บริษัท อู่กรุงเทพ จำกัด (BDC)
3909,2565,หนี้ในประเทศ,0,6,บริษัท โรงแรมท่าอากาศยานสุวรรณภูมิ จำกัด (SAH)
3910,2565,หนี้ในประเทศ,0,6,บริษัท ผลิตไฟฟ้าและน้ำเย็น จำกัด (DCAP)
3911,2565,หนี้ในประเทศ,0,6,บริษัท ธนารักษ์พัฒนาสินทรัพย์ จำกัด (ธพส.) (DAD)
3912,2565,หนี้ในประเทศ,0,6,บริษัท พีอีเอ เอ็นคอม อินเตอร์เนชั่นแนล จำกัด (PEA ENCOM)
3913,2565,หนี้ในประเทศ,376676.03,6,รวม
3914,2565,หนี้ต่างประเทศ,28868.96,6,1. องค์กรของรัฐ
3915,2565,หนี้ต่างประเทศ,0,6,องค์การขนส่งมวลชนกรุงเทพ (BMTA)
3916,2565,หนี้ต่างประเทศ,0,6,สถาบันการบินพลเรือน (CATC)
3917,2565,หนี้ต่างประเทศ,0,6,องค์การส่งเสริมกิจการโคนมแห่งประเทศไทย (DPO)
3918,2565,หนี้ต่างประเทศ,0,6,การไฟฟ้าฝ่ายผลิตแห่งประเทศไทย (EGAT)
3919,2565,หนี้ต่างประเทศ,0,6,การทางพิเศษแห่งประเทศไทย (EXAT)
3920,2565,หนี้ต่างประเทศ,0,6,องค์การอุตสาหกรรมป่าไม้ (FIO)
3921,2565,หนี้ต่างประเทศ,0,6,การนิคมอุตสาหกรรมแห่งประเทศไทย (IEAT)
3922,2565,หนี้ต่างประเทศ,0,6,การไฟฟ้านครหลวง (MEA)
3923,2565,หนี้ต่างประเทศ,0,6,องค์การตลาดเพื่อเกษตรกร (MOFF)
3924,2565,หนี้ต่างประเทศ,28448.32,6,การรถไฟฟ้าขนส่งมวลชนแห่งประเทศไทย (MRTA)
3925,2565,หนี้ต่างประเทศ,233.83173,6,การประปานครหลวง (MWA)
3926,2565,หนี้ต่างประเทศ,0,6,การเคหะแห่งชาติ (NHA)
3927,2565,หนี้ต่างประเทศ,0,6,การท่าเรือแห่งประเทศไทย (PAT)
3928,2565,หนี้ต่างประเทศ,54.64,6,การไฟฟ้าส่วนภูมิภาค (PEA)
3929,2565,หนี้ต่างประเทศ,0,6,องค์การคลังสินค้า (PWO)
3930,2565,หนี้ต่างประเทศ,0,6,การประปาส่วนภูมิภาค (PWA)
3931,2565,หนี้ต่างประเทศ,0,6,การยางแห่งประเทศไทย (RAOT)
3932,2565,หนี้ต่างประเทศ,132.17,6,การรถไฟแห่งประเทศไทย (SRT)
3933,2565,หนี้ต่างประเทศ,0,6,องค์การแบตเตอรี่ (TBO)**
3934,2565,หนี้ต่างประเทศ,0,6,องค์การรับส่งสินค้าและพัสดุภัณฑ์ (ETO) **
3935,2565,หนี้ต่างประเทศ,0,6,องค์การฟอกหนัง (TTO)**
3936,2565,หนี้ต่างประเทศ,0,6,สำนักงานธนานุเคราะห์ (PAWN)***
3937,2565,หนี้ต่างประเทศ,0,6,องค์การเภสัชกรรม
3938,2565,หนี้ต่างประเทศ,6472.94,6,2. บริษัทจำกัด และบริษัทมหาชนจำกัด
3939,2565,หนี้ต่างประเทศ,0,6,บริษัท วิทยุการบินแห่งประเทศไทย จำกัด (AERO)
3940,2565,หนี้ต่างประเทศ,0,6,บริษัท บางจากปิโตรเลียม จำกัด (มหาชน) (BPC)*
3941,2565,หนี้ต่างประเทศ,0,6,บริษัท กสท.โทรคมนาคม จำกัด (มหาชน) (CAT)
3942,2565,หนี้ต่างประเทศ,0,6,บริษัท กรุงไทย คอมพิวเตอร์ เซอร์วิสเซส จำกัด (KTBCS)
3943,2565,หนี้ต่างประเทศ,0,6,บริษัท กรุงไทยธุรกิจบริการ จำกัด (KTBGS)
3944,2565,หนี้ต่างประเทศ,6472.94,6,บริษัท ท่าอากาศยานไทย จำกัด (มหาชน) (AOT)
3945,2565,หนี้ต่างประเทศ,0,6,บริษัท ปตท. สำรวจและผลิตปิโตรเลียม จำกัด (มหาชน) (PEPC) *
3946,2565,หนี้ต่างประเทศ,0,6,บริษัท ปตท.สผ. อินเตอร์เนชั่นแนล จำกัด (PEPI)*
3947,2565,หนี้ต่างประเทศ,0,6,บริษัท ปตท. จำกัด (มหาชน) (PTT)
3948,2565,หนี้ต่างประเทศ,0,6,บริษัท การบินไทย จำกัด (มหาชน) (THAI)*
3949,2565,หนี้ต่างประเทศ,0,6,บริษัท ทีโอที จำกัด (มหาชน) (TOT)
3950,2565,หนี้ต่างประเทศ,0,6,บริษัท ไม้อัดไทย จำกัด (TTPC)**
3951,2565,หนี้ต่างประเทศ,0,6,บริษัท อู่กรุงเทพ จำกัด (BDC)
3952,2565,หนี้ต่างประเทศ,0,6,บริษัท โรงแรมท่าอากาศยานสุวรรณภูมิ จำกัด (SAH)
3953,2565,หนี้ต่างประเทศ,0,6,บริษัท ผลิตไฟฟ้าและน้ำเย็น จำกัด (DCAP)
3954,2565,หนี้ต่างประเทศ,0,6,บริษัท ธนารักษ์พัฒนาสินทรัพย์ จำกัด (ธพส.) (DAD)
3955,2565,หนี้ต่างประเทศ,0,6,บริษัท พีอีเอ เอ็นคอม อินเตอร์เนชั่นแนล จำกัด (PEA ENCOM)
3956,2565,หนี้ต่างประเทศ,35341.9,6,รวม
3957,2565,หนี้ในประเทศ,375260.17,5,1. องค์กรของรัฐ
3958,2565,หนี้ในประเทศ,124816.75,5,องค์การขนส่งมวลชนกรุงเทพ (BMTA)
3959,2565,หนี้ในประเทศ,0,5,สถาบันการบินพลเรือน (CATC)
3960,2565,หนี้ในประเทศ,53.8,5,องค์การส่งเสริมกิจการโคนมแห่งประเทศไทย (DPO)
3961,2565,หนี้ในประเทศ,0,5,การไฟฟ้าฝ่ายผลิตแห่งประเทศไทย (EGAT)
3962,2565,หนี้ในประเทศ,6700,5,การทางพิเศษแห่งประเทศไทย (EXAT)
3963,2565,หนี้ในประเทศ,0,5,องค์การอุตสาหกรรมป่าไม้ (FIO)
3964,2565,หนี้ในประเทศ,0,5,การนิคมอุตสาหกรรมแห่งประเทศไทย (IEAT)
3965,2565,หนี้ในประเทศ,0,5,การไฟฟ้านครหลวง (MEA)
3966,2565,หนี้ในประเทศ,0,5,องค์การตลาดเพื่อเกษตรกร (MOFF)
3967,2565,หนี้ในประเทศ,0,5,การรถไฟฟ้าขนส่งมวลชนแห่งประเทศไทย (MRTA)
3968,2565,หนี้ในประเทศ,0,5,การประปานครหลวง (MWA)
3969,2565,หนี้ในประเทศ,27893,5,การเคหะแห่งชาติ (NHA)
3970,2565,หนี้ในประเทศ,0,5,การท่าเรือแห่งประเทศไทย (PAT)
3971,2565,หนี้ในประเทศ,0,5,การไฟฟ้าส่วนภูมิภาค (PEA)
3972,2565,หนี้ในประเทศ,0,5,องค์การคลังสินค้า (PWO)
3973,2565,หนี้ในประเทศ,7973,5,การประปาส่วนภูมิภาค (PWA)
3974,2565,หนี้ในประเทศ,825.31,5,การยางแห่งประเทศไทย (RAOT)
3975,2565,หนี้ในประเทศ,206998.31,5,การรถไฟแห่งประเทศไทย (SRT)
3976,2565,หนี้ในประเทศ,0,5,องค์การแบตเตอรี่ (TBO)**
3977,2565,หนี้ในประเทศ,0,5,องค์การรับส่งสินค้าและพัสดุภัณฑ์ (ETO) **
3978,2565,หนี้ในประเทศ,0,5,องค์การฟอกหนัง (TTO)**
3979,2565,หนี้ในประเทศ,0,5,สำนักงานธนานุเคราะห์ (PAWN)***
3980,2565,หนี้ในประเทศ,0,5,องค์การเภสัชกรรม
3981,2565,หนี้ในประเทศ,0,5,2. บริษัทจำกัด และบริษัทมหาชนจำกัด
3982,2565,หนี้ในประเทศ,0,5,บริษัท วิทยุการบินแห่งประเทศไทย จำกัด (AERO)
3983,2565,หนี้ในประเทศ,0,5,บริษัท บางจากปิโตรเลียม จำกัด (มหาชน) (BPC)*
3984,2565,หนี้ในประเทศ,0,5,บริษัท กสท.โทรคมนาคม จำกัด (มหาชน) (CAT)
3985,2565,หนี้ในประเทศ,0,5,บริษัท กรุงไทย คอมพิวเตอร์ เซอร์วิสเซส จำกัด (KTBCS)
3986,2565,หนี้ในประเทศ,0,5,บริษัท กรุงไทยธุรกิจบริการ จำกัด (KTBGS)
3987,2565,หนี้ในประเทศ,0,5,บริษัท ท่าอากาศยานไทย จำกัด (มหาชน) (AOT)
3988,2565,หนี้ในประเทศ,0,5,บริษัท ปตท. สำรวจและผลิตปิโตรเลียม จำกัด (มหาชน) (PEPC) *
3989,2565,หนี้ในประเทศ,0,5,บริษัท ปตท.สผ. อินเตอร์เนชั่นแนล จำกัด (PEPI)*
3990,2565,หนี้ในประเทศ,0,5,บริษัท ปตท. จำกัด (มหาชน) (PTT)
3991,2565,หนี้ในประเทศ,0,5,บริษัท การบินไทย จำกัด (มหาชน) (THAI)*
3992,2565,หนี้ในประเทศ,0,5,บริษัท ทีโอที จำกัด (มหาชน) (TOT)
3993,2565,หนี้ในประเทศ,0,5,บริษัท ไม้อัดไทย จำกัด (TTPC)**
3994,2565,หนี้ในประเทศ,0,5,บริษัท อู่กรุงเทพ จำกัด (BDC)
3995,2565,หนี้ในประเทศ,0,5,บริษัท โรงแรมท่าอากาศยานสุวรรณภูมิ จำกัด (SAH)
3996,2565,หนี้ในประเทศ,0,5,บริษัท ผลิตไฟฟ้าและน้ำเย็น จำกัด (DCAP)
3997,2565,หนี้ในประเทศ,0,5,บริษัท ธนารักษ์พัฒนาสินทรัพย์ จำกัด (ธพส.) (DAD)
3998,2565,หนี้ในประเทศ,0,5,บริษัท พีอีเอ เอ็นคอม อินเตอร์เนชั่นแนล จำกัด (PEA ENCOM)
3999,2565,หนี้ในประเทศ,375260.17,5,รวม
4000,2565,หนี้ต่างประเทศ,28893.46,5,1. องค์กรของรัฐ
4001,2565,หนี้ต่างประเทศ,0,5,องค์การขนส่งมวลชนกรุงเทพ (BMTA)
4002,2565,หนี้ต่างประเทศ,0,5,สถาบันการบินพลเรือน (CATC)
4003,2565,หนี้ต่างประเทศ,0,5,องค์การส่งเสริมกิจการโคนมแห่งประเทศไทย (DPO)
4004,2565,หนี้ต่างประเทศ,0,5,การไฟฟ้าฝ่ายผลิตแห่งประเทศไทย (EGAT)
4005,2565,หนี้ต่างประเทศ,0,5,การทางพิเศษแห่งประเทศไทย (EXAT)
4006,2565,หนี้ต่างประเทศ,0,5,องค์การอุตสาหกรรมป่าไม้ (FIO)
4007,2565,หนี้ต่างประเทศ,0,5,การนิคมอุตสาหกรรมแห่งประเทศไทย (IEAT)
4008,2565,หนี้ต่างประเทศ,0,5,การไฟฟ้านครหลวง (MEA)
4009,2565,หนี้ต่างประเทศ,0,5,องค์การตลาดเพื่อเกษตรกร (MOFF)
4010,2565,หนี้ต่างประเทศ,28448.31,5,การรถไฟฟ้าขนส่งมวลชนแห่งประเทศไทย (MRTA)
4011,2565,หนี้ต่างประเทศ,233.83,5,การประปานครหลวง (MWA)
4012,2565,หนี้ต่างประเทศ,0,5,การเคหะแห่งชาติ (NHA)
4013,2565,หนี้ต่างประเทศ,0,5,การท่าเรือแห่งประเทศไทย (PAT)
4014,2565,หนี้ต่างประเทศ,72.56,5,การไฟฟ้าส่วนภูมิภาค (PEA)
4015,2565,หนี้ต่างประเทศ,0,5,องค์การคลังสินค้า (PWO)
4016,2565,หนี้ต่างประเทศ,0,5,การประปาส่วนภูมิภาค (PWA)
4017,2565,หนี้ต่างประเทศ,0,5,การยางแห่งประเทศไทย (RAOT)
4018,2565,หนี้ต่างประเทศ,138.76,5,การรถไฟแห่งประเทศไทย (SRT)
4019,2565,หนี้ต่างประเทศ,0,5,องค์การแบตเตอรี่ (TBO)**
4020,2565,หนี้ต่างประเทศ,0,5,องค์การรับส่งสินค้าและพัสดุภัณฑ์ (ETO) **
4021,2565,หนี้ต่างประเทศ,0,5,องค์การฟอกหนัง (TTO)**
4022,2565,หนี้ต่างประเทศ,0,5,สำนักงานธนานุเคราะห์ (PAWN)***
4023,2565,หนี้ต่างประเทศ,0,5,องค์การเภสัชกรรม
4024,2565,หนี้ต่างประเทศ,6920.22,5,2. บริษัทจำกัด และบริษัทมหาชนจำกัด
4025,2565,หนี้ต่างประเทศ,0,5,บริษัท วิทยุการบินแห่งประเทศไทย จำกัด (AERO)
4026,2565,หนี้ต่างประเทศ,0,5,บริษัท บางจากปิโตรเลียม จำกัด (มหาชน) (BPC)*
4027,2565,หนี้ต่างประเทศ,0,5,บริษัท กสท.โทรคมนาคม จำกัด (มหาชน) (CAT)
4028,2565,หนี้ต่างประเทศ,0,5,บริษัท กรุงไทย คอมพิวเตอร์ เซอร์วิสเซส จำกัด (KTBCS)
4029,2565,หนี้ต่างประเทศ,0,5,บริษัท กรุงไทยธุรกิจบริการ จำกัด (KTBGS)
4030,2565,หนี้ต่างประเทศ,6920.22,5,บริษัท ท่าอากาศยานไทย จำกัด (มหาชน) (AOT)
4031,2565,หนี้ต่างประเทศ,0,5,บริษัท ปตท. สำรวจและผลิตปิโตรเลียม จำกัด (มหาชน) (PEPC) *
4032,2565,หนี้ต่างประเทศ,0,5,บริษัท ปตท.สผ. อินเตอร์เนชั่นแนล จำกัด (PEPI)*
4033,2565,หนี้ต่างประเทศ,0,5,บริษัท ปตท. จำกัด (มหาชน) (PTT)
4034,2565,หนี้ต่างประเทศ,0,5,บริษัท การบินไทย จำกัด (มหาชน) (THAI)*
4035,2565,หนี้ต่างประเทศ,0,5,บริษัท ทีโอที จำกัด (มหาชน) (TOT)
4036,2565,หนี้ต่างประเทศ,0,5,บริษัท ไม้อัดไทย จำกัด (TTPC)**
4037,2565,หนี้ต่างประเทศ,0,5,บริษัท อู่กรุงเทพ จำกัด (BDC)
4038,2565,หนี้ต่างประเทศ,0,5,บริษัท โรงแรมท่าอากาศยานสุวรรณภูมิ จำกัด (SAH)
4039,2565,หนี้ต่างประเทศ,0,5,บริษัท ผลิตไฟฟ้าและน้ำเย็น จำกัด (DCAP)
4040,2565,หนี้ต่างประเทศ,0,5,บริษัท ธนารักษ์พัฒนาสินทรัพย์ จำกัด (ธพส.) (DAD)
4041,2565,หนี้ต่างประเทศ,0,5,บริษัท พีอีเอ เอ็นคอม อินเตอร์เนชั่นแนล จำกัด (PEA ENCOM)
4042,2565,หนี้ต่างประเทศ,35813.68,5,รวม
4043,2565,หนี้ในประเทศ,375744.82,4,1. องค์กรของรัฐ
4044,2565,หนี้ในประเทศ,124655.2,4,องค์การขนส่งมวลชนกรุงเทพ (BMTA)
4045,2565,หนี้ในประเทศ,0,4,สถาบันการบินพลเรือน (CATC)
4046,2565,หนี้ในประเทศ,0,4,องค์การส่งเสริมกิจการโคนมแห่งประเทศไทย (DPO)
4047,2565,หนี้ในประเทศ,0,4,การไฟฟ้าฝ่ายผลิตแห่งประเทศไทย (EGAT)
4048,2565,หนี้ในประเทศ,6700,4,การทางพิเศษแห่งประเทศไทย (EXAT)
4049,2565,หนี้ในประเทศ,0,4,องค์การอุตสาหกรรมป่าไม้ (FIO)
4050,2565,หนี้ในประเทศ,0,4,การนิคมอุตสาหกรรมแห่งประเทศไทย (IEAT)
4051,2565,หนี้ในประเทศ,0,4,การไฟฟ้านครหลวง (MEA)
4052,2565,หนี้ในประเทศ,0,4,องค์การตลาดเพื่อเกษตรกร (MOFF)
4053,2565,หนี้ในประเทศ,0,4,การรถไฟฟ้าขนส่งมวลชนแห่งประเทศไทย (MRTA)
4054,2565,หนี้ในประเทศ,0,4,การประปานครหลวง (MWA)
4055,2565,หนี้ในประเทศ,28893,4,การเคหะแห่งชาติ (NHA)
4056,2565,หนี้ในประเทศ,0,4,การท่าเรือแห่งประเทศไทย (PAT)
4057,2565,หนี้ในประเทศ,0,4,การไฟฟ้าส่วนภูมิภาค (PEA)
4058,2565,หนี้ในประเทศ,0,4,องค์การคลังสินค้า (PWO)
4059,2565,หนี้ในประเทศ,7973,4,การประปาส่วนภูมิภาค (PWA)
4060,2565,หนี้ในประเทศ,825.31,4,การยางแห่งประเทศไทย (RAOT)
4061,2565,หนี้ในประเทศ,206698.31,4,การรถไฟแห่งประเทศไทย (SRT)
4062,2565,หนี้ในประเทศ,0,4,องค์การแบตเตอรี่ (TBO)**
4063,2565,หนี้ในประเทศ,0,4,องค์การรับส่งสินค้าและพัสดุภัณฑ์ (ETO) **
4064,2565,หนี้ในประเทศ,0,4,องค์การฟอกหนัง (TTO)**
4065,2565,หนี้ในประเทศ,0,4,สำนักงานธนานุเคราะห์ (PAWN)***
4066,2565,หนี้ในประเทศ,0,4,องค์การเภสัชกรรม
4067,2565,หนี้ในประเทศ,0,4,2. บริษัทจำกัด และบริษัทมหาชนจำกัด
4068,2565,หนี้ในประเทศ,0,4,บริษัท วิทยุการบินแห่งประเทศไทย จำกัด (AERO)
4069,2565,หนี้ในประเทศ,0,4,บริษัท บางจากปิโตรเลียม จำกัด (มหาชน) (BPC)*
4070,2565,หนี้ในประเทศ,0,4,บริษัท กสท.โทรคมนาคม จำกัด (มหาชน) (CAT)
4071,2565,หนี้ในประเทศ,0,4,บริษัท กรุงไทย คอมพิวเตอร์ เซอร์วิสเซส จำกัด (KTBCS)
4072,2565,หนี้ในประเทศ,0,4,บริษัท กรุงไทยธุรกิจบริการ จำกัด (KTBGS)
4073,2565,หนี้ในประเทศ,0,4,บริษัท ท่าอากาศยานไทย จำกัด (มหาชน) (AOT)
4074,2565,หนี้ในประเทศ,0,4,บริษัท ปตท. สำรวจและผลิตปิโตรเลียม จำกัด (มหาชน) (PEPC) *
4075,2565,หนี้ในประเทศ,0,4,บริษัท ปตท.สผ. อินเตอร์เนชั่นแนล จำกัด (PEPI)*
4076,2565,หนี้ในประเทศ,0,4,บริษัท ปตท. จำกัด (มหาชน) (PTT)
4077,2565,หนี้ในประเทศ,0,4,บริษัท การบินไทย จำกัด (มหาชน) (THAI)*
4078,2565,หนี้ในประเทศ,0,4,บริษัท ทีโอที จำกัด (มหาชน) (TOT)
4079,2565,หนี้ในประเทศ,0,4,บริษัท ไม้อัดไทย จำกัด (TTPC)**
4080,2565,หนี้ในประเทศ,0,4,บริษัท อู่กรุงเทพ จำกัด (BDC)
4081,2565,หนี้ในประเทศ,0,4,บริษัท โรงแรมท่าอากาศยานสุวรรณภูมิ จำกัด (SAH)
4082,2565,หนี้ในประเทศ,0,4,บริษัท ผลิตไฟฟ้าและน้ำเย็น จำกัด (DCAP)
4083,2565,หนี้ในประเทศ,0,4,บริษัท ธนารักษ์พัฒนาสินทรัพย์ จำกัด (ธพส.) (DAD)
4084,2565,หนี้ในประเทศ,0,4,บริษัท พีอีเอ เอ็นคอม อินเตอร์เนชั่นแนล จำกัด (PEA ENCOM)
4085,2565,หนี้ในประเทศ,375744.82,4,รวม
4086,2565,หนี้ต่างประเทศ,28920.6,4,1. องค์กรของรัฐ
4087,2565,หนี้ต่างประเทศ,0,4,องค์การขนส่งมวลชนกรุงเทพ (BMTA)
4088,2565,หนี้ต่างประเทศ,0,4,สถาบันการบินพลเรือน (CATC)
4089,2565,หนี้ต่างประเทศ,0,4,องค์การส่งเสริมกิจการโคนมแห่งประเทศไทย (DPO)
4090,2565,หนี้ต่างประเทศ,0,4,การไฟฟ้าฝ่ายผลิตแห่งประเทศไทย (EGAT)
4091,2565,หนี้ต่างประเทศ,0,4,การทางพิเศษแห่งประเทศไทย (EXAT)
4092,2565,หนี้ต่างประเทศ,0,4,องค์การอุตสาหกรรมป่าไม้ (FIO)
4093,2565,หนี้ต่างประเทศ,0,4,การนิคมอุตสาหกรรมแห่งประเทศไทย (IEAT)
4094,2565,หนี้ต่างประเทศ,0,4,การไฟฟ้านครหลวง (MEA)
4095,2565,หนี้ต่างประเทศ,0,4,องค์การตลาดเพื่อเกษตรกร (MOFF)
4096,2565,หนี้ต่างประเทศ,28478.75,4,การรถไฟฟ้าขนส่งมวลชนแห่งประเทศไทย (MRTA)
4097,2565,หนี้ต่างประเทศ,233.83,4,การประปานครหลวง (MWA)
4098,2565,หนี้ต่างประเทศ,0,4,การเคหะแห่งชาติ (NHA)
4099,2565,หนี้ต่างประเทศ,0,4,การท่าเรือแห่งประเทศไทย (PAT)
4100,2565,หนี้ต่างประเทศ,71.39,4,การไฟฟ้าส่วนภูมิภาค (PEA)
4101,2565,หนี้ต่างประเทศ,0,4,องค์การคลังสินค้า (PWO)
4102,2565,หนี้ต่างประเทศ,0,4,การประปาส่วนภูมิภาค (PWA)
4103,2565,หนี้ต่างประเทศ,0,4,การยางแห่งประเทศไทย (RAOT)
4104,2565,หนี้ต่างประเทศ,136.62,4,การรถไฟแห่งประเทศไทย (SRT)
4105,2565,หนี้ต่างประเทศ,0,4,องค์การแบตเตอรี่ (TBO)**
4106,2565,หนี้ต่างประเทศ,0,4,องค์การรับส่งสินค้าและพัสดุภัณฑ์ (ETO) **
4107,2565,หนี้ต่างประเทศ,0,4,องค์การฟอกหนัง (TTO)**
4108,2565,หนี้ต่างประเทศ,0,4,สำนักงานธนานุเคราะห์ (PAWN)***
4109,2565,หนี้ต่างประเทศ,0,4,องค์การเภสัชกรรม
4110,2565,หนี้ต่างประเทศ,6904.04,4,2. บริษัทจำกัด และบริษัทมหาชนจำกัด
4111,2565,หนี้ต่างประเทศ,0,4,บริษัท วิทยุการบินแห่งประเทศไทย จำกัด (AERO)
4112,2565,หนี้ต่างประเทศ,0,4,บริษัท บางจากปิโตรเลียม จำกัด (มหาชน) (BPC)*
4113,2565,หนี้ต่างประเทศ,0,4,บริษัท กสท.โทรคมนาคม จำกัด (มหาชน) (CAT)
4114,2565,หนี้ต่างประเทศ,0,4,บริษัท กรุงไทย คอมพิวเตอร์ เซอร์วิสเซส จำกัด (KTBCS)
4115,2565,หนี้ต่างประเทศ,0,4,บริษัท กรุงไทยธุรกิจบริการ จำกัด (KTBGS)
4116,2565,หนี้ต่างประเทศ,6904.04,4,บริษัท ท่าอากาศยานไทย จำกัด (มหาชน) (AOT)
4117,2565,หนี้ต่างประเทศ,0,4,บริษัท ปตท. สำรวจและผลิตปิโตรเลียม จำกัด (มหาชน) (PEPC) *
4118,2565,หนี้ต่างประเทศ,0,4,บริษัท ปตท.สผ. อินเตอร์เนชั่นแนล จำกัด (PEPI)*
4119,2565,หนี้ต่างประเทศ,0,4,บริษัท ปตท. จำกัด (มหาชน) (PTT)
4120,2565,หนี้ต่างประเทศ,0,4,บริษัท การบินไทย จำกัด (มหาชน) (THAI)*
4121,2565,หนี้ต่างประเทศ,0,4,บริษัท ทีโอที จำกัด (มหาชน) (TOT)
4122,2565,หนี้ต่างประเทศ,0,4,บริษัท ไม้อัดไทย จำกัด (TTPC)**
4123,2565,หนี้ต่างประเทศ,0,4,บริษัท อู่กรุงเทพ จำกัด (BDC)
4124,2565,หนี้ต่างประเทศ,0,4,บริษัท โรงแรมท่าอากาศยานสุวรรณภูมิ จำกัด (SAH)
4125,2565,หนี้ต่างประเทศ,0,4,บริษัท ผลิตไฟฟ้าและน้ำเย็น จำกัด (DCAP)
4126,2565,หนี้ต่างประเทศ,0,4,บริษัท ธนารักษ์พัฒนาสินทรัพย์ จำกัด (ธพส.) (DAD)
4127,2565,หนี้ต่างประเทศ,0,4,บริษัท พีอีเอ เอ็นคอม อินเตอร์เนชั่นแนล จำกัด (PEA ENCOM)
4128,2565,หนี้ต่างประเทศ,35824.64,4,รวม
4129,2565,หนี้ในประเทศ,373688.47,3,1. องค์กรของรัฐ
4130,2565,หนี้ในประเทศ,124545.2,3,องค์การขนส่งมวลชนกรุงเทพ (BMTA)
4131,2565,หนี้ในประเทศ,0,3,สถาบันการบินพลเรือน (CATC)
4132,2565,หนี้ในประเทศ,0,3,องค์การส่งเสริมกิจการโคนมแห่งประเทศไทย (DPO)
4133,2565,หนี้ในประเทศ,0,3,การไฟฟ้าฝ่ายผลิตแห่งประเทศไทย (EGAT)
4134,2565,หนี้ในประเทศ,6700,3,การทางพิเศษแห่งประเทศไทย (EXAT)
4135,2565,หนี้ในประเทศ,0,3,องค์การอุตสาหกรรมป่าไม้ (FIO)
4136,2565,หนี้ในประเทศ,0,3,การนิคมอุตสาหกรรมแห่งประเทศไทย (IEAT)
4137,2565,หนี้ในประเทศ,0,3,การไฟฟ้านครหลวง (MEA)
4138,2565,หนี้ในประเทศ,0,3,องค์การตลาดเพื่อเกษตรกร (MOFF)
4139,2565,หนี้ในประเทศ,0,3,การรถไฟฟ้าขนส่งมวลชนแห่งประเทศไทย (MRTA)
4140,2565,หนี้ในประเทศ,0,3,การประปานครหลวง (MWA)
4141,2565,หนี้ในประเทศ,28893,3,การเคหะแห่งชาติ (NHA)
4142,2565,หนี้ในประเทศ,0,3,การท่าเรือแห่งประเทศไทย (PAT)
4143,2565,หนี้ในประเทศ,0,3,การไฟฟ้าส่วนภูมิภาค (PEA)
4144,2565,หนี้ในประเทศ,0,3,องค์การคลังสินค้า (PWO)
4145,2565,หนี้ในประเทศ,7973,3,การประปาส่วนภูมิภาค (PWA)
4146,2565,หนี้ในประเทศ,825.31,3,การยางแห่งประเทศไทย (RAOT)
4147,2565,หนี้ในประเทศ,204751.96,3,การรถไฟแห่งประเทศไทย (SRT)
4148,2565,หนี้ในประเทศ,0,3,องค์การแบตเตอรี่ (TBO)**
4149,2565,หนี้ในประเทศ,0,3,องค์การรับส่งสินค้าและพัสดุภัณฑ์ (ETO) **
4150,2565,หนี้ในประเทศ,0,3,องค์การฟอกหนัง (TTO)**
4151,2565,หนี้ในประเทศ,0,3,สำนักงานธนานุเคราะห์ (PAWN)***
4152,2565,หนี้ในประเทศ,0,3,องค์การเภสัชกรรม
4153,2565,หนี้ในประเทศ,0,3,2. บริษัทจำกัด และบริษัทมหาชนจำกัด
4154,2565,หนี้ในประเทศ,0,3,บริษัท วิทยุการบินแห่งประเทศไทย จำกัด (AERO)
4155,2565,หนี้ในประเทศ,0,3,บริษัท บางจากปิโตรเลียม จำกัด (มหาชน) (BPC)*
4156,2565,หนี้ในประเทศ,0,3,บริษัท กสท.โทรคมนาคม จำกัด (มหาชน) (CAT)
4157,2565,หนี้ในประเทศ,0,3,บริษัท กรุงไทย คอมพิวเตอร์ เซอร์วิสเซส จำกัด (KTBCS)
4158,2565,หนี้ในประเทศ,0,3,บริษัท กรุงไทยธุรกิจบริการ จำกัด (KTBGS)
4159,2565,หนี้ในประเทศ,0,3,บริษัท ท่าอากาศยานไทย จำกัด (มหาชน) (AOT)
4160,2565,หนี้ในประเทศ,0,3,บริษัท ปตท. สำรวจและผลิตปิโตรเลียม จำกัด (มหาชน) (PEPC) *
4161,2565,หนี้ในประเทศ,0,3,บริษัท ปตท.สผ. อินเตอร์เนชั่นแนล จำกัด (PEPI)*
4162,2565,หนี้ในประเทศ,0,3,บริษัท ปตท. จำกัด (มหาชน) (PTT)
4163,2565,หนี้ในประเทศ,0,3,บริษัท การบินไทย จำกัด (มหาชน) (THAI)*
4164,2565,หนี้ในประเทศ,0,3,บริษัท ทีโอที จำกัด (มหาชน) (TOT)
4165,2565,หนี้ในประเทศ,0,3,บริษัท ไม้อัดไทย จำกัด (TTPC)**
4166,2565,หนี้ในประเทศ,0,3,บริษัท อู่กรุงเทพ จำกัด (BDC)
4167,2565,หนี้ในประเทศ,0,3,บริษัท โรงแรมท่าอากาศยานสุวรรณภูมิ จำกัด (SAH)
4168,2565,หนี้ในประเทศ,0,3,บริษัท ผลิตไฟฟ้าและน้ำเย็น จำกัด (DCAP)
4169,2565,หนี้ในประเทศ,0,3,บริษัท ธนารักษ์พัฒนาสินทรัพย์ จำกัด (ธพส.) (DAD)
4170,2565,หนี้ในประเทศ,0,3,บริษัท พีอีเอ เอ็นคอม อินเตอร์เนชั่นแนล จำกัด (PEA ENCOM)
4171,2565,หนี้ในประเทศ,373688.47,3,รวม
4172,2565,หนี้ต่างประเทศ,29138.03,3,1. องค์กรของรัฐ
4173,2565,หนี้ต่างประเทศ,0,3,องค์การขนส่งมวลชนกรุงเทพ (BMTA)
4174,2565,หนี้ต่างประเทศ,0,3,สถาบันการบินพลเรือน (CATC)
4175,2565,หนี้ต่างประเทศ,0,3,องค์การส่งเสริมกิจการโคนมแห่งประเทศไทย (DPO)
4176,2565,หนี้ต่างประเทศ,0,3,การไฟฟ้าฝ่ายผลิตแห่งประเทศไทย (EGAT)
4177,2565,หนี้ต่างประเทศ,0,3,การทางพิเศษแห่งประเทศไทย (EXAT)
4178,2565,หนี้ต่างประเทศ,0,3,องค์การอุตสาหกรรมป่าไม้ (FIO)
4179,2565,หนี้ต่างประเทศ,0,3,การนิคมอุตสาหกรรมแห่งประเทศไทย (IEAT)
4180,2565,หนี้ต่างประเทศ,0,3,การไฟฟ้านครหลวง (MEA)
4181,2565,หนี้ต่างประเทศ,0,3,องค์การตลาดเพื่อเกษตรกร (MOFF)
4182,2565,หนี้ต่างประเทศ,28689.81,3,การรถไฟฟ้าขนส่งมวลชนแห่งประเทศไทย (MRTA)
4183,2565,หนี้ต่างประเทศ,233.83,3,การประปานครหลวง (MWA)
4184,2565,หนี้ต่างประเทศ,0,3,การเคหะแห่งชาติ (NHA)
4185,2565,หนี้ต่างประเทศ,0,3,การท่าเรือแห่งประเทศไทย (PAT)
4186,2565,หนี้ต่างประเทศ,73.45,3,การไฟฟ้าส่วนภูมิภาค (PEA)
4187,2565,หนี้ต่างประเทศ,0,3,องค์การคลังสินค้า (PWO)
4188,2565,หนี้ต่างประเทศ,0,3,การประปาส่วนภูมิภาค (PWA)
4189,2565,หนี้ต่างประเทศ,0,3,การยางแห่งประเทศไทย (RAOT)
4190,2565,หนี้ต่างประเทศ,140.94,3,การรถไฟแห่งประเทศไทย (SRT)
4191,2565,หนี้ต่างประเทศ,0,3,องค์การแบตเตอรี่ (TBO)**
4192,2565,หนี้ต่างประเทศ,0,3,องค์การรับส่งสินค้าและพัสดุภัณฑ์ (ETO) **
4193,2565,หนี้ต่างประเทศ,0,3,องค์การฟอกหนัง (TTO)**
4194,2565,หนี้ต่างประเทศ,0,3,สำนักงานธนานุเคราะห์ (PAWN)***
4195,2565,หนี้ต่างประเทศ,0,3,องค์การเภสัชกรรม
4196,2565,หนี้ต่างประเทศ,7085.19,3,2. บริษัทจำกัด และบริษัทมหาชนจำกัด
4197,2565,หนี้ต่างประเทศ,0,3,บริษัท วิทยุการบินแห่งประเทศไทย จำกัด (AERO)
4198,2565,หนี้ต่างประเทศ,0,3,บริษัท บางจากปิโตรเลียม จำกัด (มหาชน) (BPC)*
4199,2565,หนี้ต่างประเทศ,0,3,บริษัท กสท.โทรคมนาคม จำกัด (มหาชน) (CAT)
4200,2565,หนี้ต่างประเทศ,0,3,บริษัท กรุงไทย คอมพิวเตอร์ เซอร์วิสเซส จำกัด (KTBCS)
4201,2565,หนี้ต่างประเทศ,0,3,บริษัท กรุงไทยธุรกิจบริการ จำกัด (KTBGS)
4202,2565,หนี้ต่างประเทศ,7085.19,3,บริษัท ท่าอากาศยานไทย จำกัด (มหาชน) (AOT)
4203,2565,หนี้ต่างประเทศ,0,3,บริษัท ปตท. สำรวจและผลิตปิโตรเลียม จำกัด (มหาชน) (PEPC) *
4204,2565,หนี้ต่างประเทศ,0,3,บริษัท ปตท.สผ. อินเตอร์เนชั่นแนล จำกัด (PEPI)*
4205,2565,หนี้ต่างประเทศ,0,3,บริษัท ปตท. จำกัด (มหาชน) (PTT)
4206,2565,หนี้ต่างประเทศ,0,3,บริษัท การบินไทย จำกัด (มหาชน) (THAI)*
4207,2565,หนี้ต่างประเทศ,0,3,บริษัท ทีโอที จำกัด (มหาชน) (TOT)
4208,2565,หนี้ต่างประเทศ,0,3,บริษัท ไม้อัดไทย จำกัด (TTPC)**
4209,2565,หนี้ต่างประเทศ,0,3,บริษัท อู่กรุงเทพ จำกัด (BDC)
4210,2565,หนี้ต่างประเทศ,0,3,บริษัท โรงแรมท่าอากาศยานสุวรรณภูมิ จำกัด (SAH)
4211,2565,หนี้ต่างประเทศ,0,3,บริษัท ผลิตไฟฟ้าและน้ำเย็น จำกัด (DCAP)
4212,2565,หนี้ต่างประเทศ,0,3,บริษัท ธนารักษ์พัฒนาสินทรัพย์ จำกัด (ธพส.) (DAD)
4213,2565,หนี้ต่างประเทศ,0,3,บริษัท พีอีเอ เอ็นคอม อินเตอร์เนชั่นแนล จำกัด (PEA ENCOM)
4214,2565,หนี้ต่างประเทศ,36223.22,3,รวม
4215,2565,หนี้ในประเทศ,370366.96,2,1. องค์กรของรัฐ
4216,2565,หนี้ในประเทศ,123988.5,2,องค์การขนส่งมวลชนกรุงเทพ (BMTA)
4217,2565,หนี้ในประเทศ,0,2,สถาบันการบินพลเรือน (CATC)
4218,2565,หนี้ในประเทศ,0,2,องค์การส่งเสริมกิจการโคนมแห่งประเทศไทย (DPO)
4219,2565,หนี้ในประเทศ,0,2,การไฟฟ้าฝ่ายผลิตแห่งประเทศไทย (EGAT)
4220,2565,หนี้ในประเทศ,6700,2,การทางพิเศษแห่งประเทศไทย (EXAT)
4221,2565,หนี้ในประเทศ,0,2,องค์การอุตสาหกรรมป่าไม้ (FIO)
4222,2565,หนี้ในประเทศ,0,2,การนิคมอุตสาหกรรมแห่งประเทศไทย (IEAT)
4223,2565,หนี้ในประเทศ,0,2,การไฟฟ้านครหลวง (MEA)
4224,2565,หนี้ในประเทศ,0,2,องค์การตลาดเพื่อเกษตรกร (MOFF)
4225,2565,หนี้ในประเทศ,0,2,การรถไฟฟ้าขนส่งมวลชนแห่งประเทศไทย (MRTA)
4226,2565,หนี้ในประเทศ,0,2,การประปานครหลวง (MWA)
4227,2565,หนี้ในประเทศ,28893,2,การเคหะแห่งชาติ (NHA)
4228,2565,หนี้ในประเทศ,0,2,การท่าเรือแห่งประเทศไทย (PAT)
4229,2565,หนี้ในประเทศ,0,2,การไฟฟ้าส่วนภูมิภาค (PEA)
4230,2565,หนี้ในประเทศ,0,2,องค์การคลังสินค้า (PWO)
4231,2565,หนี้ในประเทศ,7973,2,การประปาส่วนภูมิภาค (PWA)
4232,2565,หนี้ในประเทศ,825.31,2,การยางแห่งประเทศไทย (RAOT)
4233,2565,หนี้ในประเทศ,201987.15,2,การรถไฟแห่งประเทศไทย (SRT)
4234,2565,หนี้ในประเทศ,0,2,องค์การแบตเตอรี่ (TBO)**
4235,2565,หนี้ในประเทศ,0,2,องค์การรับส่งสินค้าและพัสดุภัณฑ์ (ETO) **
4236,2565,หนี้ในประเทศ,0,2,องค์การฟอกหนัง (TTO)**
4237,2565,หนี้ในประเทศ,0,2,สำนักงานธนานุเคราะห์ (PAWN)***
4238,2565,หนี้ในประเทศ,0,2,องค์การเภสัชกรรม
4239,2565,หนี้ในประเทศ,0,2,2. บริษัทจำกัด และบริษัทมหาชนจำกัด
4240,2565,หนี้ในประเทศ,0,2,บริษัท วิทยุการบินแห่งประเทศไทย จำกัด (AERO)
4241,2565,หนี้ในประเทศ,0,2,บริษัท บางจากปิโตรเลียม จำกัด (มหาชน) (BPC)*
4242,2565,หนี้ในประเทศ,0,2,บริษัท กสท.โทรคมนาคม จำกัด (มหาชน) (CAT)
4243,2565,หนี้ในประเทศ,0,2,บริษัท กรุงไทย คอมพิวเตอร์ เซอร์วิสเซส จำกัด (KTBCS)
4244,2565,หนี้ในประเทศ,0,2,บริษัท กรุงไทยธุรกิจบริการ จำกัด (KTBGS)
4245,2565,หนี้ในประเทศ,0,2,บริษัท ท่าอากาศยานไทย จำกัด (มหาชน) (AOT)
4246,2565,หนี้ในประเทศ,0,2,บริษัท ปตท. สำรวจและผลิตปิโตรเลียม จำกัด (มหาชน) (PEPC) *
4247,2565,หนี้ในประเทศ,0,2,บริษัท ปตท.สผ. อินเตอร์เนชั่นแนล จำกัด (PEPI)*
4248,2565,หนี้ในประเทศ,0,2,บริษัท ปตท. จำกัด (มหาชน) (PTT)
4249,2565,หนี้ในประเทศ,0,2,บริษัท การบินไทย จำกัด (มหาชน) (THAI)*
4250,2565,หนี้ในประเทศ,0,2,บริษัท ทีโอที จำกัด (มหาชน) (TOT)
4251,2565,หนี้ในประเทศ,0,2,บริษัท ไม้อัดไทย จำกัด (TTPC)**
4252,2565,หนี้ในประเทศ,0,2,บริษัท อู่กรุงเทพ จำกัด (BDC)
4253,2565,หนี้ในประเทศ,0,2,บริษัท โรงแรมท่าอากาศยานสุวรรณภูมิ จำกัด (SAH)
4254,2565,หนี้ในประเทศ,0,2,บริษัท ผลิตไฟฟ้าและน้ำเย็น จำกัด (DCAP)
4255,2565,หนี้ในประเทศ,0,2,บริษัท ธนารักษ์พัฒนาสินทรัพย์ จำกัด (ธพส.) (DAD)
4256,2565,หนี้ในประเทศ,0.0,2,บริษัท พีอีเอ เอ็นคอม อินเตอร์เนชั่นแนล จำกัด (PEA ENCOM)
4257,2565,หนี้ในประเทศ,370366.96,2,รวม
4258,2565,หนี้ต่างประเทศ,29625.35,2,1. องค์กรของรัฐ
4259,2565,หนี้ต่างประเทศ,0,2,องค์การขนส่งมวลชนกรุงเทพ (BMTA)
4260,2565,หนี้ต่างประเทศ,0,2,สถาบันการบินพลเรือน (CATC)
4261,2565,หนี้ต่างประเทศ,0,2,องค์การส่งเสริมกิจการโคนมแห่งประเทศไทย (DPO)
4262,2565,หนี้ต่างประเทศ,0,2,การไฟฟ้าฝ่ายผลิตแห่งประเทศไทย (EGAT)
4263,2565,หนี้ต่างประเทศ,0,2,การทางพิเศษแห่งประเทศไทย (EXAT)
4264,2565,หนี้ต่างประเทศ,0,2,องค์การอุตสาหกรรมป่าไม้ (FIO)
4265,2565,หนี้ต่างประเทศ,0,2,การนิคมอุตสาหกรรมแห่งประเทศไทย (IEAT)
4266,2565,หนี้ต่างประเทศ,0,2,การไฟฟ้านครหลวง (MEA)
4267,2565,หนี้ต่างประเทศ,0,2,องค์การตลาดเพื่อเกษตรกร (MOFF)
4268,2565,หนี้ต่างประเทศ,29130.97,2,การรถไฟฟ้าขนส่งมวลชนแห่งประเทศไทย (MRTA)
4269,2565,หนี้ต่างประเทศ,280.6,2,การประปานครหลวง (MWA)
4270,2565,หนี้ต่างประเทศ,0,2,การเคหะแห่งชาติ (NHA)
4271,2565,หนี้ต่างประเทศ,0,2,การท่าเรือแห่งประเทศไทย (PAT)
4272,2565,หนี้ต่างประเทศ,72.2,2,การไฟฟ้าส่วนภูมิภาค (PEA)
4273,2565,หนี้ต่างประเทศ,0,2,องค์การคลังสินค้า (PWO)
4274,2565,หนี้ต่างประเทศ,0,2,การประปาส่วนภูมิภาค (PWA)
4275,2565,หนี้ต่างประเทศ,0,2,การยางแห่งประเทศไทย (RAOT)
4276,2565,หนี้ต่างประเทศ,141.58,2,การรถไฟแห่งประเทศไทย (SRT)
4277,2565,หนี้ต่างประเทศ,0,2,องค์การแบตเตอรี่ (TBO)**
4278,2565,หนี้ต่างประเทศ,0,2,องค์การรับส่งสินค้าและพัสดุภัณฑ์ (ETO) **
4279,2565,หนี้ต่างประเทศ,0,2,องค์การฟอกหนัง (TTO)**
4280,2565,หนี้ต่างประเทศ,0,2,สำนักงานธนานุเคราะห์ (PAWN)***
4281,2565,หนี้ต่างประเทศ,0,2,องค์การเภสัชกรรม
4282,2565,หนี้ต่างประเทศ,7367.94,2,2. บริษัทจำกัด และบริษัทมหาชนจำกัด
4283,2565,หนี้ต่างประเทศ,0,2,บริษัท วิทยุการบินแห่งประเทศไทย จำกัด (AERO)
4284,2565,หนี้ต่างประเทศ,0,2,บริษัท บางจากปิโตรเลียม จำกัด (มหาชน) (BPC)*
4285,2565,หนี้ต่างประเทศ,0,2,บริษัท กสท.โทรคมนาคม จำกัด (มหาชน) (CAT)
4286,2565,หนี้ต่างประเทศ,0,2,บริษัท กรุงไทย คอมพิวเตอร์ เซอร์วิสเซส จำกัด (KTBCS)
4287,2565,หนี้ต่างประเทศ,0,2,บริษัท กรุงไทยธุรกิจบริการ จำกัด (KTBGS)
4288,2565,หนี้ต่างประเทศ,7367.94,2,บริษัท ท่าอากาศยานไทย จำกัด (มหาชน) (AOT)
4289,2565,หนี้ต่างประเทศ,0,2,บริษัท ปตท. สำรวจและผลิตปิโตรเลียม จำกัด (มหาชน) (PEPC) *
4290,2565,หนี้ต่างประเทศ,0,2,บริษัท ปตท.สผ. อินเตอร์เนชั่นแนล จำกัด (PEPI)*
4291,2565,หนี้ต่างประเทศ,0,2,บริษัท ปตท. จำกัด (มหาชน) (PTT)
4292,2565,หนี้ต่างประเทศ,0,2,บริษัท การบินไทย จำกัด (มหาชน) (THAI)*
4293,2565,หนี้ต่างประเทศ,0,2,บริษัท ทีโอที จำกัด (มหาชน) (TOT)
4294,2565,หนี้ต่างประเทศ,0,2,บริษัท ไม้อัดไทย จำกัด (TTPC)**
4295,2565,หนี้ต่างประเทศ,0,2,บริษัท อู่กรุงเทพ จำกัด (BDC)
4296,2565,หนี้ต่างประเทศ,0,2,บริษัท โรงแรมท่าอากาศยานสุวรรณภูมิ จำกัด (SAH)
4297,2565,หนี้ต่างประเทศ,0,2,บริษัท ผลิตไฟฟ้าและน้ำเย็น จำกัด (DCAP)
4298,2565,หนี้ต่างประเทศ,0,2,บริษัท ธนารักษ์พัฒนาสินทรัพย์ จำกัด (ธพส.) (DAD)
4299,2565,หนี้ต่างประเทศ,0.0,2,บริษัท พีอีเอ เอ็นคอม อินเตอร์เนชั่นแนล จำกัด (PEA ENCOM)
4300,2565,หนี้ต่างประเทศ,36993.29,2,รวม
4301,2565,หนี้ในประเทศ,368836.46,1,1. องค์กรของรัฐ
4302,2565,หนี้ในประเทศ,123458,1,องค์การขนส่งมวลชนกรุงเทพ (BMTA)
4303,2565,หนี้ในประเทศ,0,1,สถาบันการบินพลเรือน (CATC)
4304,2565,หนี้ในประเทศ,0,1,องค์การส่งเสริมกิจการโคนมแห่งประเทศไทย (DPO)
4305,2565,หนี้ในประเทศ,0,1,การไฟฟ้าฝ่ายผลิตแห่งประเทศไทย (EGAT)
4306,2565,หนี้ในประเทศ,6700,1,การทางพิเศษแห่งประเทศไทย (EXAT)
4307,2565,หนี้ในประเทศ,0,1,องค์การอุตสาหกรรมป่าไม้ (FIO)
4308,2565,หนี้ในประเทศ,0,1,การนิคมอุตสาหกรรมแห่งประเทศไทย (IEAT)
4309,2565,หนี้ในประเทศ,0,1,การไฟฟ้านครหลวง (MEA)
4310,2565,หนี้ในประเทศ,0,1,องค์การตลาดเพื่อเกษตรกร (MOFF)
4311,2565,หนี้ในประเทศ,0,1,การรถไฟฟ้าขนส่งมวลชนแห่งประเทศไทย (MRTA)
4312,2565,หนี้ในประเทศ,0,1,การประปานครหลวง (MWA)
4313,2565,หนี้ในประเทศ,28893,1,การเคหะแห่งชาติ (NHA)
4314,2565,หนี้ในประเทศ,0,1,การท่าเรือแห่งประเทศไทย (PAT)
4315,2565,หนี้ในประเทศ,0,1,การไฟฟ้าส่วนภูมิภาค (PEA)
4316,2565,หนี้ในประเทศ,0,1,องค์การคลังสินค้า (PWO)
4317,2565,หนี้ในประเทศ,7973,1,การประปาส่วนภูมิภาค (PWA)
4318,2565,หนี้ในประเทศ,825.31,1,การยางแห่งประเทศไทย (RAOT)
4319,2565,หนี้ในประเทศ,200987.15,1,การรถไฟแห่งประเทศไทย (SRT)
4320,2565,หนี้ในประเทศ,0,1,องค์การแบตเตอรี่ (TBO)**
4321,2565,หนี้ในประเทศ,0,1,องค์การรับส่งสินค้าและพัสดุภัณฑ์ (ETO) **
4322,2565,หนี้ในประเทศ,0,1,องค์การฟอกหนัง (TTO)**
4323,2565,หนี้ในประเทศ,0,1,สำนักงานธนานุเคราะห์ (PAWN)***
4324,2565,หนี้ในประเทศ,0,1,องค์การเภสัชกรรม
4325,2565,หนี้ในประเทศ,0,1,2. บริษัทจำกัด และบริษัทมหาชนจำกัด
4326,2565,หนี้ในประเทศ,0,1,บริษัท วิทยุการบินแห่งประเทศไทย จำกัด (AERO)
4327,2565,หนี้ในประเทศ,0,1,บริษัท บางจากปิโตรเลียม จำกัด (มหาชน) (BPC)*
4328,2565,หนี้ในประเทศ,0,1,บริษัท กสท.โทรคมนาคม จำกัด (มหาชน) (CAT)
4329,2565,หนี้ในประเทศ,0,1,บริษัท กรุงไทย คอมพิวเตอร์ เซอร์วิสเซส จำกัด (KTBCS)
4330,2565,หนี้ในประเทศ,0,1,บริษัท กรุงไทยธุรกิจบริการ จำกัด (KTBGS)
4331,2565,หนี้ในประเทศ,0,1,บริษัท ท่าอากาศยานไทย จำกัด (มหาชน) (AOT)
4332,2565,หนี้ในประเทศ,0,1,บริษัท ปตท. สำรวจและผลิตปิโตรเลียม จำกัด (มหาชน) (PEPC) *
4333,2565,หนี้ในประเทศ,0,1,บริษัท ปตท.สผ. อินเตอร์เนชั่นแนล จำกัด (PEPI)*
4334,2565,หนี้ในประเทศ,0,1,บริษัท ปตท. จำกัด (มหาชน) (PTT)
4335,2565,หนี้ในประเทศ,0,1,บริษัท การบินไทย จำกัด (มหาชน) (THAI)*
4336,2565,หนี้ในประเทศ,0,1,บริษัท ทีโอที จำกัด (มหาชน) (TOT)
4337,2565,หนี้ในประเทศ,0,1,บริษัท ไม้อัดไทย จำกัด (TTPC)**
4338,2565,หนี้ในประเทศ,0,1,บริษัท อู่กรุงเทพ จำกัด (BDC)
4339,2565,หนี้ในประเทศ,0,1,บริษัท โรงแรมท่าอากาศยานสุวรรณภูมิ จำกัด (SAH)
4340,2565,หนี้ในประเทศ,0,1,บริษัท ผลิตไฟฟ้าและน้ำเย็น จำกัด (DCAP)
4341,2565,หนี้ในประเทศ,0,1,บริษัท ธนารักษ์พัฒนาสินทรัพย์ จำกัด (ธพส.) (DAD)
4342,2565,หนี้ในประเทศ,0.0,1,บริษัท พีอีเอ เอ็นคอม อินเตอร์เนชั่นแนล จำกัด (PEA ENCOM)
4343,2565,หนี้ในประเทศ,368836.46,1,รวม
4344,2565,หนี้ต่างประเทศ,29629.84,1,1. องค์กรของรัฐ
4345,2565,หนี้ต่างประเทศ,0,1,องค์การขนส่งมวลชนกรุงเทพ (BMTA)
4346,2565,หนี้ต่างประเทศ,0,1,สถาบันการบินพลเรือน (CATC)
4347,2565,หนี้ต่างประเทศ,0,1,องค์การส่งเสริมกิจการโคนมแห่งประเทศไทย (DPO)
4348,2565,หนี้ต่างประเทศ,0,1,การไฟฟ้าฝ่ายผลิตแห่งประเทศไทย (EGAT)
4349,2565,หนี้ต่างประเทศ,0,1,การทางพิเศษแห่งประเทศไทย (EXAT)
4350,2565,หนี้ต่างประเทศ,0,1,องค์การอุตสาหกรรมป่าไม้ (FIO)
4351,2565,หนี้ต่างประเทศ,0,1,การนิคมอุตสาหกรรมแห่งประเทศไทย (IEAT)
4352,2565,หนี้ต่างประเทศ,0,1,การไฟฟ้านครหลวง (MEA)
4353,2565,หนี้ต่างประเทศ,0,1,องค์การตลาดเพื่อเกษตรกร (MOFF)
4354,2565,หนี้ต่างประเทศ,29130.97,1,การรถไฟฟ้าขนส่งมวลชนแห่งประเทศไทย (MRTA)
4355,2565,หนี้ต่างประเทศ,280.6,1,การประปานครหลวง (MWA)
4356,2565,หนี้ต่างประเทศ,0,1,การเคหะแห่งชาติ (NHA)
4357,2565,หนี้ต่างประเทศ,0,1,การท่าเรือแห่งประเทศไทย (PAT)
4358,2565,หนี้ต่างประเทศ,73.69,1,การไฟฟ้าส่วนภูมิภาค (PEA)
4359,2565,หนี้ต่างประเทศ,0,1,องค์การคลังสินค้า (PWO)
4360,2565,หนี้ต่างประเทศ,0,1,การประปาส่วนภูมิภาค (PWA)
4361,2565,หนี้ต่างประเทศ,0,1,การยางแห่งประเทศไทย (RAOT)
4362,2565,หนี้ต่างประเทศ,144.58,1,การรถไฟแห่งประเทศไทย (SRT)
4363,2565,หนี้ต่างประเทศ,0,1,องค์การแบตเตอรี่ (TBO)**
4364,2565,หนี้ต่างประเทศ,0,1,องค์การรับส่งสินค้าและพัสดุภัณฑ์ (ETO) **
4365,2565,หนี้ต่างประเทศ,0,1,องค์การฟอกหนัง (TTO)**
4366,2565,หนี้ต่างประเทศ,0,1,สำนักงานธนานุเคราะห์ (PAWN)***
4367,2565,หนี้ต่างประเทศ,0,1,องค์การเภสัชกรรม
4368,2565,หนี้ต่างประเทศ,7399.28,1,2. บริษัทจำกัด และบริษัทมหาชนจำกัด
4369,2565,หนี้ต่างประเทศ,0,1,บริษัท วิทยุการบินแห่งประเทศไทย จำกัด (AERO)
4370,2565,หนี้ต่างประเทศ,0,1,บริษัท บางจากปิโตรเลียม จำกัด (มหาชน) (BPC)*
4371,2565,หนี้ต่างประเทศ,0,1,บริษัท กสท.โทรคมนาคม จำกัด (มหาชน) (CAT)
4372,2565,หนี้ต่างประเทศ,0,1,บริษัท กรุงไทย คอมพิวเตอร์ เซอร์วิสเซส จำกัด (KTBCS)
4373,2565,หนี้ต่างประเทศ,0,1,บริษัท กรุงไทยธุรกิจบริการ จำกัด (KTBGS)
4374,2565,หนี้ต่างประเทศ,7399.28,1,บริษัท ท่าอากาศยานไทย จำกัด (มหาชน) (AOT)
4375,2565,หนี้ต่างประเทศ,0,1,บริษัท ปตท. สำรวจและผลิตปิโตรเลียม จำกัด (มหาชน) (PEPC) *
4376,2565,หนี้ต่างประเทศ,0,1,บริษัท ปตท.สผ. อินเตอร์เนชั่นแนล จำกัด (PEPI)*
4377,2565,หนี้ต่างประเทศ,0,1,บริษัท ปตท. จำกัด (มหาชน) (PTT)
4378,2565,หนี้ต่างประเทศ,0,1,บริษัท การบินไทย จำกัด (มหาชน) (THAI)*
4379,2565,หนี้ต่างประเทศ,0,1,บริษัท ทีโอที จำกัด (มหาชน) (TOT)
4380,2565,หนี้ต่างประเทศ,0,1,บริษัท ไม้อัดไทย จำกัด (TTPC)**
4381,2565,หนี้ต่างประเทศ,0,1,บริษัท อู่กรุงเทพ จำกัด (BDC)
4382,2565,หนี้ต่างประเทศ,0,1,บริษัท โรงแรมท่าอากาศยานสุวรรณภูมิ จำกัด (SAH)
4383,2565,หนี้ต่างประเทศ,0,1,บริษัท ผลิตไฟฟ้าและน้ำเย็น จำกัด (DCAP)
4384,2565,หนี้ต่างประเทศ,0,1,บริษัท ธนารักษ์พัฒนาสินทรัพย์ จำกัด (ธพส.) (DAD)
4385,2565,หนี้ต่างประเทศ,0.0,1,บริษัท พีอีเอ เอ็นคอม อินเตอร์เนชั่นแนล จำกัด (PEA ENCOM)
4386,2565,หนี้ต่างประเทศ,37029.12,1,รวม
4387,2564,หนี้ในประเทศ,366821.36,12,1. องค์กรของรัฐ
4388,2564,หนี้ในประเทศ,122942.9,12,องค์การขนส่งมวลชนกรุงเทพ (BMTA)
4389,2564,หนี้ในประเทศ,0,12,สถาบันการบินพลเรือน (CATC)
4390,2564,หนี้ในประเทศ,0,12,องค์การส่งเสริมกิจการโคนมแห่งประเทศไทย (DPO)
4391,2564,หนี้ในประเทศ,0,12,การไฟฟ้าฝ่ายผลิตแห่งประเทศไทย (EGAT)
4392,2564,หนี้ในประเทศ,6700,12,การทางพิเศษแห่งประเทศไทย (EXAT)
4393,2564,หนี้ในประเทศ,0,12,องค์การอุตสาหกรรมป่าไม้ (FIO)
4394,2564,หนี้ในประเทศ,0,12,การนิคมอุตสาหกรรมแห่งประเทศไทย (IEAT)
4395,2564,หนี้ในประเทศ,0,12,การไฟฟ้านครหลวง (MEA)
4396,2564,หนี้ในประเทศ,0,12,องค์การตลาดเพื่อเกษตรกร (MOFF)
4397,2564,หนี้ในประเทศ,0,12,การรถไฟฟ้าขนส่งมวลชนแห่งประเทศไทย (MRTA)
4398,2564,หนี้ในประเทศ,0,12,การประปานครหลวง (MWA)
4399,2564,หนี้ในประเทศ,28893,12,การเคหะแห่งชาติ (NHA)
4400,2564,หนี้ในประเทศ,0,12,การท่าเรือแห่งประเทศไทย (PAT)
4401,2564,หนี้ในประเทศ,0,12,การไฟฟ้าส่วนภูมิภาค (PEA)
4402,2564,หนี้ในประเทศ,0,12,องค์การคลังสินค้า (PWO)
4403,2564,หนี้ในประเทศ,7973,12,การประปาส่วนภูมิภาค (PWA)
4404,2564,หนี้ในประเทศ,825.31,12,การยางแห่งประเทศไทย (RAOT)
4405,2564,หนี้ในประเทศ,199487.15,12,การรถไฟแห่งประเทศไทย (SRT)
4406,2564,หนี้ในประเทศ,0,12,องค์การแบตเตอรี่ (TBO)**
4407,2564,หนี้ในประเทศ,0,12,องค์การรับส่งสินค้าและพัสดุภัณฑ์ (ETO) **
4408,2564,หนี้ในประเทศ,0,12,องค์การฟอกหนัง (TTO)**
4409,2564,หนี้ในประเทศ,0,12,สำนักงานธนานุเคราะห์ (PAWN)***
4410,2564,หนี้ในประเทศ,0,12,องค์การเภสัชกรรม
4411,2564,หนี้ในประเทศ,0,12,2. บริษัทจำกัด และบริษัทมหาชนจำกัด
4412,2564,หนี้ในประเทศ,0,12,บริษัท วิทยุการบินแห่งประเทศไทย จำกัด (AERO)
4413,2564,หนี้ในประเทศ,0,12,บริษัท บางจากปิโตรเลียม จำกัด (มหาชน) (BPC)*
4414,2564,หนี้ในประเทศ,0,12,บริษัท กสท.โทรคมนาคม จำกัด (มหาชน) (CAT)
4415,2564,หนี้ในประเทศ,0,12,บริษัท กรุงไทย คอมพิวเตอร์ เซอร์วิสเซส จำกัด (KTBCS)
4416,2564,หนี้ในประเทศ,0,12,บริษัท กรุงไทยธุรกิจบริการ จำกัด (KTBGS)
4417,2564,หนี้ในประเทศ,0,12,บริษัท ท่าอากาศยานไทย จำกัด (มหาชน) (AOT)
4418,2564,หนี้ในประเทศ,0,12,บริษัท ปตท. สำรวจและผลิตปิโตรเลียม จำกัด (มหาชน) (PEPC) *
4419,2564,หนี้ในประเทศ,0,12,บริษัท ปตท.สผ. อินเตอร์เนชั่นแนล จำกัด (PEPI)*
4420,2564,หนี้ในประเทศ,0,12,บริษัท ปตท. จำกัด (มหาชน) (PTT)
4421,2564,หนี้ในประเทศ,0,12,บริษัท การบินไทย จำกัด (มหาชน) (THAI)*
4422,2564,หนี้ในประเทศ,0,12,บริษัท ทีโอที จำกัด (มหาชน) (TOT)
4423,2564,หนี้ในประเทศ,0,12,บริษัท ไม้อัดไทย จำกัด (TTPC)**
4424,2564,หนี้ในประเทศ,0,12,บริษัท อู่กรุงเทพ จำกัด (BDC)
4425,2564,หนี้ในประเทศ,0,12,บริษัท โรงแรมท่าอากาศยานสุวรรณภูมิ จำกัด (SAH)
4426,2564,หนี้ในประเทศ,0,12,บริษัท ผลิตไฟฟ้าและน้ำเย็น จำกัด (DCAP)
4427,2564,หนี้ในประเทศ,0,12,บริษัท ธนารักษ์พัฒนาสินทรัพย์ จำกัด (ธพส.) (DAD)
4428,2564,หนี้ในประเทศ,0.0,12,บริษัท พีอีเอ เอ็นคอม อินเตอร์เนชั่นแนล จำกัด (PEA ENCOM)
4429,2564,หนี้ในประเทศ,366821.36,12,รวม
4430,2564,หนี้ต่างประเทศ,29803.27,12,1. องค์กรของรัฐ
4431,2564,หนี้ต่างประเทศ,0,12,องค์การขนส่งมวลชนกรุงเทพ (BMTA)
4432,2564,หนี้ต่างประเทศ,0,12,สถาบันการบินพลเรือน (CATC)
4433,2564,หนี้ต่างประเทศ,0,12,องค์การส่งเสริมกิจการโคนมแห่งประเทศไทย (DPO)
4434,2564,หนี้ต่างประเทศ,0,12,การไฟฟ้าฝ่ายผลิตแห่งประเทศไทย (EGAT)
4435,2564,หนี้ต่างประเทศ,0,12,การทางพิเศษแห่งประเทศไทย (EXAT)
4436,2564,หนี้ต่างประเทศ,0,12,องค์การอุตสาหกรรมป่าไม้ (FIO)
4437,2564,หนี้ต่างประเทศ,0,12,การนิคมอุตสาหกรรมแห่งประเทศไทย (IEAT)
4438,2564,หนี้ต่างประเทศ,0,12,การไฟฟ้านครหลวง (MEA)
4439,2564,หนี้ต่างประเทศ,0,12,องค์การตลาดเพื่อเกษตรกร (MOFF)
4440,2564,หนี้ต่างประเทศ,29282.27,12,การรถไฟฟ้าขนส่งมวลชนแห่งประเทศไทย (MRTA)
4441,2564,หนี้ต่างประเทศ,280.6,12,การประปานครหลวง (MWA)
4442,2564,หนี้ต่างประเทศ,0,12,การเคหะแห่งชาติ (NHA)
4443,2564,หนี้ต่างประเทศ,0,12,การท่าเรือแห่งประเทศไทย (PAT)
4444,2564,หนี้ต่างประเทศ,74.89,12,การไฟฟ้าส่วนภูมิภาค (PEA)
4445,2564,หนี้ต่างประเทศ,0,12,องค์การคลังสินค้า (PWO)
4446,2564,หนี้ต่างประเทศ,0,12,การประปาส่วนภูมิภาค (PWA)
4447,2564,หนี้ต่างประเทศ,0,12,การยางแห่งประเทศไทย (RAOT)
4448,2564,หนี้ต่างประเทศ,165.51,12,การรถไฟแห่งประเทศไทย (SRT)
4449,2564,หนี้ต่างประเทศ,0,12,องค์การแบตเตอรี่ (TBO)**
4450,2564,หนี้ต่างประเทศ,0,12,องค์การรับส่งสินค้าและพัสดุภัณฑ์ (ETO) **
4451,2564,หนี้ต่างประเทศ,0,12,องค์การฟอกหนัง (TTO)**
4452,2564,หนี้ต่างประเทศ,0,12,สำนักงานธนานุเคราะห์ (PAWN)***
4453,2564,หนี้ต่างประเทศ,0,12,องค์การเภสัชกรรม
4454,2564,หนี้ต่างประเทศ,7704.13,12,2. บริษัทจำกัด และบริษัทมหาชนจำกัด
4455,2564,หนี้ต่างประเทศ,0,12,บริษัท วิทยุการบินแห่งประเทศไทย จำกัด (AERO)
4456,2564,หนี้ต่างประเทศ,0,12,บริษัท บางจากปิโตรเลียม จำกัด (มหาชน) (BPC)*
4457,2564,หนี้ต่างประเทศ,0,12,บริษัท กสท.โทรคมนาคม จำกัด (มหาชน) (CAT)
4458,2564,หนี้ต่างประเทศ,0,12,บริษัท กรุงไทย คอมพิวเตอร์ เซอร์วิสเซส จำกัด (KTBCS)
4459,2564,หนี้ต่างประเทศ,0,12,บริษัท กรุงไทยธุรกิจบริการ จำกัด (KTBGS)
4460,2564,หนี้ต่างประเทศ,7704.13,12,บริษัท ท่าอากาศยานไทย จำกัด (มหาชน) (AOT)
4461,2564,หนี้ต่างประเทศ,0,12,บริษัท ปตท. สำรวจและผลิตปิโตรเลียม จำกัด (มหาชน) (PEPC) *
4462,2564,หนี้ต่างประเทศ,0,12,บริษัท ปตท.สผ. อินเตอร์เนชั่นแนล จำกัด (PEPI)*
4463,2564,หนี้ต่างประเทศ,0,12,บริษัท ปตท. จำกัด (มหาชน) (PTT)
4464,2564,หนี้ต่างประเทศ,0,12,บริษัท การบินไทย จำกัด (มหาชน) (THAI)*
4465,2564,หนี้ต่างประเทศ,0,12,บริษัท ทีโอที จำกัด (มหาชน) (TOT)
4466,2564,หนี้ต่างประเทศ,0,12,บริษัท ไม้อัดไทย จำกัด (TTPC)**
4467,2564,หนี้ต่างประเทศ,0,12,บริษัท อู่กรุงเทพ จำกัด (BDC)
4468,2564,หนี้ต่างประเทศ,0,12,บริษัท โรงแรมท่าอากาศยานสุวรรณภูมิ จำกัด (SAH)
4469,2564,หนี้ต่างประเทศ,0,12,บริษัท ผลิตไฟฟ้าและน้ำเย็น จำกัด (DCAP)
4470,2564,หนี้ต่างประเทศ,0,12,บริษัท ธนารักษ์พัฒนาสินทรัพย์ จำกัด (ธพส.) (DAD)
4471,2564,หนี้ต่างประเทศ,0.0,12,บริษัท พีอีเอ เอ็นคอม อินเตอร์เนชั่นแนล จำกัด (PEA ENCOM)
4472,2564,หนี้ต่างประเทศ,37507.4,12,รวม
4473,2564,หนี้ในประเทศ,366001.06,11,1. องค์กรของรัฐ
4474,2564,หนี้ในประเทศ,122422.2,11,องค์การขนส่งมวลชนกรุงเทพ (BMTA)
4475,2564,หนี้ในประเทศ,0,11,สถาบันการบินพลเรือน (CATC)
4476,2564,หนี้ในประเทศ,0,11,องค์การส่งเสริมกิจการโคนมแห่งประเทศไทย (DPO)
4477,2564,หนี้ในประเทศ,0,11,การไฟฟ้าฝ่ายผลิตแห่งประเทศไทย (EGAT)
4478,2564,หนี้ในประเทศ,6700,11,การทางพิเศษแห่งประเทศไทย (EXAT)
4479,2564,หนี้ในประเทศ,0,11,องค์การอุตสาหกรรมป่าไม้ (FIO)
4480,2564,หนี้ในประเทศ,0,11,การนิคมอุตสาหกรรมแห่งประเทศไทย (IEAT)
4481,2564,หนี้ในประเทศ,0,11,การไฟฟ้านครหลวง (MEA)
4482,2564,หนี้ในประเทศ,0,11,องค์การตลาดเพื่อเกษตรกร (MOFF)
4483,2564,หนี้ในประเทศ,0,11,การรถไฟฟ้าขนส่งมวลชนแห่งประเทศไทย (MRTA)
4484,2564,หนี้ในประเทศ,0,11,การประปานครหลวง (MWA)
4485,2564,หนี้ในประเทศ,28743,11,การเคหะแห่งชาติ (NHA)
4486,2564,หนี้ในประเทศ,0,11,การท่าเรือแห่งประเทศไทย (PAT)
4487,2564,หนี้ในประเทศ,0,11,การไฟฟ้าส่วนภูมิภาค (PEA)
4488,2564,หนี้ในประเทศ,0,11,องค์การคลังสินค้า (PWO)
4489,2564,หนี้ในประเทศ,7973,11,การประปาส่วนภูมิภาค (PWA)
4490,2564,หนี้ในประเทศ,1675.71,11,การยางแห่งประเทศไทย (RAOT)
4491,2564,หนี้ในประเทศ,198487.15,11,การรถไฟแห่งประเทศไทย (SRT)
4492,2564,หนี้ในประเทศ,0,11,องค์การแบตเตอรี่ (TBO)**
4493,2564,หนี้ในประเทศ,0,11,องค์การรับส่งสินค้าและพัสดุภัณฑ์ (ETO) **
4494,2564,หนี้ในประเทศ,0,11,องค์การฟอกหนัง (TTO)**
4495,2564,หนี้ในประเทศ,0,11,สำนักงานธนานุเคราะห์ (PAWN)***
4496,2564,หนี้ในประเทศ,0,11,องค์การเภสัชกรรม
4497,2564,หนี้ในประเทศ,0,11,2. บริษัทจำกัด และบริษัทมหาชนจำกัด
4498,2564,หนี้ในประเทศ,0,11,บริษัท วิทยุการบินแห่งประเทศไทย จำกัด (AERO)
4499,2564,หนี้ในประเทศ,0,11,บริษัท บางจากปิโตรเลียม จำกัด (มหาชน) (BPC)*
4500,2564,หนี้ในประเทศ,0,11,บริษัท กสท.โทรคมนาคม จำกัด (มหาชน) (CAT)
