_id,ประกอบกิจการ,จังหวัด,คนงานรวม,รายการสถิติ,ชื่อโรงงาน,เงินทุนรวม,ตำบล,ปี,อำเภอ
1,ทำผลิตภัณฑ์จากไม้ไผ่,เชียงใหม่,43,รายชื่อสถานประกอบการ,บริษัท ฮูไทยคราฟท์ จำกัด,5523000,หางดง,2563,หางดง
2,ทำเส้นก๋วยเตี๋ยว เส้นหมี่สดและแห้ง,เชียงใหม่,73,รายชื่อสถานประกอบการ,ห้างหุ้นส่วนจำกัด อิสริยะผล,23500000,ป่าตัน,2563,เมืองเชียงใหม่
3,ผลิตเส้นก๋วยเตี๋ยว,เชียงใหม่,2000000,รายชื่อสถานประกอบการ,บริษัท กรีนเนเจอร์ เกรนส์ แอนด์ นู้ดเดิ้ล จำกัด,0,สบแม่ข่า,2563,หางดง
4,ปรับปรุงคุณภาพกระจกให้เป็นกระจกนิรภัยสำหรับอาคารและอื่น ๆ,เชียงใหม่,60,รายชื่อสถานประกอบการ,บริษัท กมลพิศาลกระจกนิรภัย จำกัด,193000000,แม่แฝก,2563,สันทราย
5,คัดแยกวัสดุที่ไม่ใช้แล้วเฉพาะที่กำหนดในหมวด 1 ข้อ 1 ของภาคผนวกที่ 1 บัญชีสิ่งปฏิกูลหรือวัสดุที่ไม่ใช้แล้ว ท้ายประกาศกระทรวงอุตสาหกรรม ฉบับที่ 1 (พ.ศ.2541) เช่น เศษกระดาษ พลาสติก โลหะ และนำตัวทำละลายใช้แล้ว มาผ่านกระบวนการทางอุตสาหกรรม เพื่อนำกลับมาใช้เป็นเชื้อเพลิงทดแทน และนำน้ำมันใช้แล้วมาผ่านกระบวนการทางอุตสาหกรรม เพื่อนำกลับมาใช้เป็นเชื้อเพลิงทดแทน น้ำมันทาแบบและน้ำมันหยอดทิ้ง,เชียงใหม่,7,รายชื่อสถานประกอบการ,ห้างหุ้นส่วนจำกัด วัฒนะปิโตร ซัพพลาย,1250000,ลวงเหนือ,2563,ดอยสะเก็ด
6,คัดแยกสิ่งปฏิกูลหรือวัสดุที่ไม่ใช้แล้วที่ไม่เป็นของเสียอันตราย,เชียงใหม่,100000,รายชื่อสถานประกอบการ,อรัญญาพลาสติก,0,ท่าวังตาล,2563,สารภี
7,คัดแยกวัสดุที่ไม่ใช้แล้วที่ไม่เป็นของเสียอันตราย,เชียงใหม่,20000000,รายชื่อสถานประกอบการ,บริษัท ส.รวมเศษ สันทราย จำกัด,0,แม่แฝก,2563,สันทราย
8,คัดแยกสิ่งปฏิกูลหรือวัสดุที่ไม่ใช้แล้วที่ไม่เป็นของเสียอันตราย เฉพาะเศษกระดาษ เศษพลาสติก เศษโลหะ อัดเศษกระดาษและบดย่อยพลาสติก,เชียงใหม่,11,รายชื่อสถานประกอบการ,ห้างหุ้นส่วนจำกัด ท้าวบุญเรือง,4500000,ข่วงเปา,2563,จอมทอง
9,คัดแยกวัสดุที่ไม่ใช้แล้วเฉพาะที่กำหนดไว้ในหมวด 1 ข้อ 1 ของภาคผนวกที่ 1 บัญชีสิ่งปฏิกูลหรือวัสดุที่ไม่ใช้แล้วท้ายประกาศกระทรวงอุตสาหกรรม ฉบับที่ 1 (พ.ศ.2541),เชียงใหม่,200000,รายชื่อสถานประกอบการ,ห้างหุ้นส่วนจำกัด บี.บี.บี. เพาเวอร์,0,หารแก้ว,2563,หางดง
10,ทำเชื้อเพลิงทดแทนจากน้ำมันหล่อลื่นที่ใช้แล้วและตัวทำละลายที่ใช้แล้ว โดยกระบวนการกรองซ่อมและล้างบรรจุภัณฑ์ด้วยตัวทำละลาย และเก็บรวบรวมแบตเตอรี่เก่าโดยไม่มีการแปรสภาพ และดัดแยกวัสดุที่ไม่ใช้แล้วที่ไม่เป็นของเสียอันตราย,เชียงใหม่,1000000,รายชื่อสถานประกอบการ,บริษัท ชินโชติสุทธิธนาภูมิ จำกัด,0,บ้านกลาง,2563,สันป่าตอง
11,บ่มและอบใบยาสูบ 7.5 ตัน,เชียงใหม่,310,รายชื่อสถานประกอบการ,บริษัท ไซแอมโทแบคโคเอกซ์ปอร์ตคอร์ปอเรชั่น จำกัด,963000000,ยางเนิ้ง,2563,สารภี
12,ผลิตใบชาแห้งและใบชาผง,เชียงใหม่,0,รายชื่อสถานประกอบการ,บริษัท ชาระมิงค์ จำกัด,0,ท่าศาลา,2563,เมืองเชียงใหม่
13,ทำน้ำแข็ง ได้วันละ 439 ซอง และทำน้ำแข็งก้อนเล็กได้วันละ 84 ต,เชียงใหม่,2000000,รายชื่อสถานประกอบการ,ห้างหุ้นส่วนจำกัด โรงน้ำแข็งทวีชัยเชียงใหม่,0,ฟ้าฮ่าม,2563,เมืองเชียงใหม่
14,ทำน้ำแข็งซองได้วันละ 337 ซอง และน้ำแข็งก้อนเล็กได้วันละ 91.44 ตัน,เชียงใหม่,0,รายชื่อสถานประกอบการ,บริษัท โรงน้ำแข็งวังสิงห์คำอุตสาหกรรม จำกัด,0,ช้างม่อย,2563,เมืองเชียงใหม่
15,ทำน้ำแข็งก้อนเล็ก และน้ำแข็งซอง,เชียงใหม่,100000,รายชื่อสถานประกอบการ,บริษัท วารีเทพ จอมทอง จำกัด,0,ข่วงเปา,2563,จอมทอง
16,ทำน้ำแข็งซองได้วันละ 760 ซอง และน้ำแข็งก้อนเล็ก 176 ตัน/วัน,เชียงใหม่,1500000,รายชื่อสถานประกอบการ,บริษัท โรงน้ำแข็งรัตนโกสินทร์ จำกัด,0,ช้างเผือก,2563,เมืองเชียงใหม่
17,ทำน้ำแข็งก้อนเล็กเพิ่มขึ้น 50 ตัน/วัน และผลิตน้ำแข็งซองมีกำลังการผลิต 500 ซอย/วัน,เชียงใหม่,1000000,รายชื่อสถานประกอบการ,ห้างหุ้นส่วนจำกัด โรงน้ำแข็งอภิชัย (2013),0,สันมหาพน,2563,แม่แตง
18,ทำน้ำแข็งซอง ได้วันละ 1343 ซอง และน้ำเข็งก้อนเล็ก,เชียงใหม่,500000,รายชื่อสถานประกอบการ,โรงน้ำแข็งวังสิงห์คำ,0,ช้างม่อย,2563,เมืองเชียงใหม่
19,ผลิตน้ำแข็ง,เชียงใหม่,1000000,รายชื่อสถานประกอบการ,บริษัท โรงน้ำแข็งแม่ริม เชียงใหม่ กิจวารี จำกัด,0,สันโป่ง,2563,แม่ริม
20,ทำน้ำแข็งซอง,เชียงใหม่,11,รายชื่อสถานประกอบการ,โรงน้ำแข็งสารภี,6000000,หนองผึ้ง,2563,สารภี
21,ผลิตน้ำแข็งหลอด,เชียงใหม่,3000000,รายชื่อสถานประกอบการ,นางภัทรา โตไพบูลย์,0,สันปูเลย,2563,ดอยสะเก็ด
22,ผลิตน้ำแข็ง,เชียงใหม่,3000000,รายชื่อสถานประกอบการ,บริษัท โรงน้ำแข็ง อ.ลักขณา (ดอยสะเก็ดกิจวารี) จำกัด,0,เชิงดอย,2563,ดอยสะเก็ด
23,ทำน้ำแข็งซอง ได้วันละ 415 ซอง และน้ำแข็งก้อนเล็ก ได้วันละ 50 ตัน,เชียงใหม่,6000000,รายชื่อสถานประกอบการ,สโนไอซ์ (สาขา 1),0,ช้างม่อย,2563,เมืองเชียงใหม่
24,อบ ป่น บด เมล็ดพืช หัวพืช เช่นกระเทียมผง กระเทียมเจียว พริกบด ข้าวสารอบแห้ง,เชียงใหม่,52,รายชื่อสถานประกอบการ,บริษัท นิธิฟู้ดส์ จำกัด,100000000,บ้านกลาง,2563,สันป่าตอง
25,โรงงานอบลำไย,เชียงใหม่,20000000,รายชื่อสถานประกอบการ,บริษัท เอ.อะโกร จำกัด,0,บงตัน,2563,ดอยเต่า
26,อบพืชผลทางการเกษตร,เชียงใหม่,10000000,รายชื่อสถานประกอบการ,โรงอบลำไยท่าวังพร้าว,0,ท่าวังพร้าว,2563,สันป่าตอง
27,อบแห้งแบบแอร์ดราย พืช ผัก ผลไม้และเนื้อสัตว์,เชียงใหม่,0,รายชื่อสถานประกอบการ,บริษัท พรีเซิร์ฟ อะโกร โปรดักส์ จำกัด,0,ขี้เหล็ก,2563,แม่ริม
28,อบพืชผลทางการเกษตร ปรับปรุงคุณภาพของผลิตผลทางการเกษตร,เชียงใหม่,10000000,รายชื่อสถานประกอบการ,บริษัท สหซินหลงสารภี จำกัด,0,สบเตี๊ยะ,2563,จอมทอง
29,อบลำใย,เชียงใหม่,30000000,รายชื่อสถานประกอบการ,บริษัท ฟู๋เซิง จำกัด,0,ดอยหล่อ,2563,ดอยหล่อ
30,อบพืชหรือเมล็ดพืช การเก็บรักษาหรือลำเลียงพืช เมล็ดพืช หรือผลิตผลจากพืชในไซโลโกดัง หรือคลังสินค้า เช่น ข้าวโพด,เชียงใหม่,50,รายชื่อสถานประกอบการ,บริษัท 5เอ เทรดดิ้ง จำกัด,10000000,บ้านแปะ,2563,จอมทอง
31,อบผลิตผลทางการเกษตร,เชียงใหม่,30,รายชื่อสถานประกอบการ,บริษัท เอส เอ็น พี อะโกร จำกัด,2000000,ท่าวังพร้าว,2563,สันป่าตอง
32,อบพืชผลทางการเกษตร,เชียงใหม่,3000000,รายชื่อสถานประกอบการ, บริษัท นอร์ท 87 จำกัด,0,แม่แวน,2563,พร้าว
33,อบพืชผลทางการเกษตร,เชียงใหม่,1000000,รายชื่อสถานประกอบการ,ศรีเจริญ,0,สันทราย,2563,สารภี
34,อบผลิตผลทางการเกษตร ,เชียงใหม่,15000000,รายชื่อสถานประกอบการ,โรงอบลำไยสรายุทธ,0,ท่ากว้าง,2563,สารภี
35,อบลำไย,เชียงใหม่,4000000,รายชื่อสถานประกอบการ,บริษัท ชิ่งเฟิง อุตสาหกรรมอาหาร จำกัด,0,ดอยหล่อ,2563,ดอยหล่อ
36,อบพืชผลทางการเกษตร,เชียงใหม่,10000000,รายชื่อสถานประกอบการ,บริษัท เทียนเฉิน จำกัด,0,ดอยหล่อ,2563,ดอยหล่อ
37,อบพืชผลทางการเกษตร,เชียงใหม่,60000000,รายชื่อสถานประกอบการ,บริษัท เค.พี.อุตสาหกรรมการผลิต จำกัด,0,แช่ช้าง,2563,สันกำแพง
38,"ผลิตก้อนเชื้อเห็ดเมืองหนาว ได้ปีละ 6,550 ตัน",เชียงใหม่,20000000,รายชื่อสถานประกอบการ,บริษัท สหฟาร์มเห็ด จำกัด,0,แม่แฝกใหม่,2563,สันทราย
39,เพาะเห็ด เช่น เห็ดนางรมหลวง,เชียงใหม่,20000000,รายชื่อสถานประกอบการ,บริษัท เชียงใหม่ฟาร์มเห็ด จำกัด,0,แม่แฝกใหม่,2563,สันทราย
40,ผลิตน้ำดื่มและเครื่องดื่มที่ไม่มีแอลกอฮอล์,เชียงใหม่,48,รายชื่อสถานประกอบการ,บริษัท โอเค ฟู้ดแอนด์เบฟเวอร์เรจ จำกัด,57000000,ทุ่งต้อม,2563,สันป่าตอง
41,ฟอกย้อมผ้า และพิมพ์ผ้า,เชียงใหม่,10,รายชื่อสถานประกอบการ,นางสาวชริญา สุวรรณ,2100000,บวกค้าง,2563,สันกำแพง
42,ย้อมด้าย,เชียงใหม่,200000,รายชื่อสถานประกอบการ,โฟร์สตาร์,0,ช้างคลาน,2563,เมืองเชียงใหม่
43,ตัดเย็บเสื้อผ้าสำเร็จรูป (จำนวนจักรเย็บผ้า 156 เครื่อง),เชียงใหม่,1000000,รายชื่อสถานประกอบการ,บริษัท ตันติยานันท์ การ์เมนท์ จำกัด,0,หนองจ๊อม,2563,สันทราย
44,ตัดเย็บเสื้อผ้าสำเร็จรูป (จำนวนจักรเย็บผ้า 90 เครื่อง),เชียงใหม่,1000000,รายชื่อสถานประกอบการ,บริษัท บ้านไทย การ์เมนท์ จำกัด,0,ทรายมูล,2563,สันกำแพง
45,"ดูดทราย ได้เดือนละ 4,000 ลูกบาศก์เมตร ใบอนุญาตใช้เรือเลขที่ 3650 01226",เชียงใหม่,500000,รายชื่อสถานประกอบการ,สวน-ท่าทรายชลาลัยห้วยชมพู,0,แม่แตง,2563,แม่แตง
46,แปรรูปไม้โดยใช้เครื่องจักร,เชียงใหม่,2000000,รายชื่อสถานประกอบการ,นายสามชาย หิรัญรัตน์,0,ดอนเปา,2563,แม่วาง
47,แปรรูปไม้ยางพาราและไม้ที่ปลูกขึ้นโดยเฉพาะ 13 ชนิด ตามมติคณะรัฐมนตรีเพื่อจำหน่าย,เชียงใหม่,7,รายชื่อสถานประกอบการ,กงกฤษ พันธ์พงษ์,1497000,หนองแหย่ง,2563,สันทราย
48,เลื่อยไม้,เชียงใหม่,12,รายชื่อสถานประกอบการ,บริษัท เชียงใหม่สุขสวัสดิ์ อุตสาหกรรม จำกัด,4000000,เชิงดอย,2563,ดอยสะเก็ด
49,ทำวงกบประตู-หน้าต่างและไม้ปาร์เกต์,เชียงใหม่,300000,รายชื่อสถานประกอบการ,นายสมชาย วุฒิธนากร,0,ท่าศาลา,2563,เมืองเชียงใหม่
50,ทำวงกบประตู-หน้าต่าง เครื่องเรือน เครื่องใช้ ปาร์เกตโมเสค ไม้ประสาน ไม้ฉลุ ไม้คิ้ว ไม้บัว ไม้กั้นฝา ไม้กลึง ไม้เชิงราวบันได แกะสลักไม้ กรอบรูปไม้ อบอาบน้ำยาไม้   ,เชียงใหม่,99600000,รายชื่อสถานประกอบการ,บริษัท เชียงใหม่สุขสวัสดิ์ อุตสาหกรรม จำกัด,0,เชิงดอย,2563,ดอยสะเก็ด
51,ทำวงกบบานประตู หน้าต่าง ปาร์เกต์ โมเสคและเครื่องเรือนจากไม้,เชียงใหม่,200000,รายชื่อสถานประกอบการ,บริษัท เชียงใหม่สุขสวัสดิ์ จำกัด,0,ฟ้าฮ่าม,2563,เมืองเชียงใหม่
52,ทำวงกบประตูหน้าต่าง และเครื่องเรือนจากไม้,เชียงใหม่,20000000,รายชื่อสถานประกอบการ,บริษัท เชียงใหม่สุดาลักษ์ จำกัด,0,ต้นเปา,2563,สันกำแพง
53,ทำวงกบประตู-หน้าต่าง โมเสค ปาร์เก้ และเครื่องเรือนจากไม้,เชียงใหม่,5060000,รายชื่อสถานประกอบการ,บริษัท บี.เค.โฮมเฟอร์นิชิ่ง จำกัด,0,ท่าศาลา,2563,เมืองเชียงใหม่
54,ทำวงกบประตู หน้าต่างและเครื่องเรือนจากไม้,เชียงใหม่,3000000,รายชื่อสถานประกอบการ,,0,ป่าตัน,2563,เมืองเชียงใหม่
55,อบไม้ ผลิตไม้พื้นปาเกต์ โมเสก ของเด็กเล่น วงกบประตู-หน้าต่าง เครื่องเรือนจากไม้,เชียงใหม่,44,รายชื่อสถานประกอบการ,บริษัท ไม้อบทวีพรรณ จำกัด,8050000,ดอนแก้ว,2563,แม่ริม
56,ทำเครื่องเรือนจากไม้,เชียงใหม่,3000000,รายชื่อสถานประกอบการ,ห้างหุ้นส่วนจำกัด พจนะศิลป์เฟอร์นิเจอร์,0,วัดเกต,2563,เมืองเชียงใหม่
57,ทำไม้ปาเก้ เครื่องเรือน,เชียงใหม่,258,รายชื่อสถานประกอบการ,ห้างหุ้นส่วนจำกัด ไทยอินเตอร์เนชั่นแนลแฮนดิคราฟท์,17500000,สันผักหวาน,2563,หางดง
58,ทำเครื่องเรือนจากไม้,เชียงใหม่,7800000,รายชื่อสถานประกอบการ,หมินเฉินเฟอร์นิเจอร์,0,สุเทพ,2563,เมืองเชียงใหม่
59,ทำวงกบ บานประตู-หน้าต่างและเครื่องเรือนจากไม้,เชียงใหม่,500000,รายชื่อสถานประกอบการ,นางจินดา ชัยมงคล,0,ท่าศาลา,2563,เมืองเชียงใหม่
60,ทำเครื่องเรือนด้วยไม้,เชียงใหม่,1100000,รายชื่อสถานประกอบการ,เอส.วี.เฟอร์นิเจอร์,0,วัดเกต,2563,เมืองเชียงใหม่
61,ทำเครื่องเรือนจากไม้,เชียงใหม่,10000000,รายชื่อสถานประกอบการ,บริษัท ทวีพรรณ เฟอร์นิเจอร์ จำกัด,0,ดอนแก้ว,2563,แม่ริม
62,ทำกระดาษสา กำลังการผลิต 25 ตันต่อปี,เชียงใหม่,5000000,รายชื่อสถานประกอบการ,บริษัท สยามพรหมประทาน จำกัด,0,สันกำแพง,2563,สันกำแพง
63,ผลิตแผ่นกระดาษลูกฟูก และกล่องกระดาษ,เชียงใหม่,87,รายชื่อสถานประกอบการ,บริษัท ซี.พี.ดี.ชีทบอร์ด จำกัด,100004172,หนองแฝก,2563,สารภี
64,ผลิตแผ่นกระดาษลูกฟูกและกล่องกระดาษลูกฟูก,เชียงใหม่,13,รายชื่อสถานประกอบการ,บริษัท ซี.พี.ดี.ชีทบอร์ด จำกัด,15161000,หนองแฝก,2563,สารภี
65,ฆ่าไก่,เชียงใหม่,700000,รายชื่อสถานประกอบการ,นายนิวัฒน์ ทานสุพรรณ,0,แม่คือ,2563,ดอยสะเก็ด
66,โรงฆ่าสัตว์ และแปรรูปอาหาร,เชียงใหม่,35,รายชื่อสถานประกอบการ,บริษัท เชียงใหม่กิจมงคล จำกัด,55000000,แม่แตง,2563,แม่แตง
67,ทำผลิตภัณฑ์จากผึ้ง เช่น น้ำผึ้งบริสุทธิ์ นมผึ้ง รังผึ้งเทียม ขี้ผึ้ง,เชียงใหม่,1000000,รายชื่อสถานประกอบการ,บริษัท หยางซิ่ง (ไทยแลนด์) จำกัด,0,สบแม่ข่า,2563,หางดง
68,อัดเศษกระดาษ,เชียงใหม่,500000,รายชื่อสถานประกอบการ,ร้านเสี่ยกาย,0,วัดเกต,2563,เมืองเชียงใหม่
69,ทำผลิตภัณฑ์นม,เชียงใหม่,79,รายชื่อสถานประกอบการ,โรงงานผลิตภัณฑ์นมห้วยแก้ว,19000000,ช้างเผือก,2563,เมืองเชียงใหม่
70,ผลิตแอสฟัลด์ติกคอนกรีต,เชียงใหม่,3000000,รายชื่อสถานประกอบการ,บริษัท อุดมศักดิ์เชียงใหม่ จำกัด,0,แม่แฝกใหม่,2563,สันทราย
71, ผลิตแอสฟัลต์ติกคอนกรีต,เชียงใหม่,300000,รายชื่อสถานประกอบการ,บริษัท พีซีเอ็น คอร์ป จำกัด (มหาชน),0,ป่าป้อง,2563,ดอยสะเก็ด
72,ผลิตภัณฑ์ขวดพลาสติก,เชียงใหม่,20000000,รายชื่อสถานประกอบการ,บริษัท เมก้า พลาสติก จำกัด,0,ไชยสถาน,2563,สารภี
73,"ผลิตผลิตภัณฑ์พลาสติก เช่น ขวดพลาสติก ได้ปีละ 14,400,000 ใบ",เชียงใหม่,4000000,รายชื่อสถานประกอบการ,บริษัท รวมแพคส์ พลาสติก จำกัด,0,สารภี,2563,สารภี
74,ทำผลิตภัณฑ์พลาสติก เช่น ขวดพลาสติก จุกขวดพลาสติก,เชียงใหม่,24000000,รายชื่อสถานประกอบการ,บริษัท เชียงใหม่อุตสาหกรรมพลาสติก จำกัด,0,ตลาดขวัญ,2563,ดอยสะเก็ด
75,ผลิตแผ่นพลาสติกเพื่อการเกษตร,เชียงใหม่,700000,รายชื่อสถานประกอบการ,บริษัท โกลเด็น ไดมอนด์ จำกัด,0,หางดง,2563,หางดง
76,ทำเครื่องปั้นดินเผา,เชียงใหม่,277,รายชื่อสถานประกอบการ,เปรมประชาคอลเลคชั่น,9500000,ต้นเปา,2563,สันกำแพง
77,ทำเครื่องปั้นดินเผา,เชียงใหม่,300000,รายชื่อสถานประกอบการ,ศรีวรรณา,0,สารภี,2563,สารภี
78,ทำเครื่องปั้นดินเผา เช่น กระถางปลูกต้นไม้,เชียงใหม่,50000,รายชื่อสถานประกอบการ,เชียงใหม่เครื่องปั้นดินเผา,0,สันผักหวาน,2563,หางดง
79,"ผลิตกระเบื้องมุงหลังคา, กระเบื้องปูพื้นและเกล็ดนาค",เชียงใหม่,500000,รายชื่อสถานประกอบการ,โรงงานกระเบื้องเคลือบเวียงพิงค์,0,ดอนแก้ว,2563,แม่ริม
80,ทำอิฐ,เชียงใหม่,100000,รายชื่อสถานประกอบการ,บริษัท ภราดรอุตสาหกรรม จำกัด,0,หนองควาย,2563,หางดง
81,ผลิตอิฐบล๊อกและกระเบื้องดินเผา,เชียงใหม่,1983000,รายชื่อสถานประกอบการ,บริษัท ธราดล จำกัด,0,ท่าศาลา,2563,เมืองเชียงใหม่
82,ผลิตคอนกรีตผสมเสร็จ,เชียงใหม่,500000,รายชื่อสถานประกอบการ,หน่วยผลิตคอนกรีตเชียงใหม่1,0,หนองผึ้ง,2563,สารภี
83,ผลิตคอนกรีตผสมเสร็จ,เชียงใหม่,200000,รายชื่อสถานประกอบการ,โรงงานคอนกรีตผสมเสร็จ เชียงใหม่-หางดง,0,หนองควาย,2563,หางดง
84,ผลิตคอนกรีตผสมเสร็จ,เชียงใหม่,4000000,รายชื่อสถานประกอบการ,หน่วยผลิตคอนกรีตเชียงใหม่,0,สารภี,2563,สารภี
85,ผลิตอิฐมวลเบา อบไอน้ำ,เชียงใหม่,30000000,รายชื่อสถานประกอบการ,บริษัท ไดมอนด์ วัสดุ จำกัด,0,แม่แฝก,2563,สันทราย
86,ผลิตคอนกรีตผสมเสร็จ,เชียงใหม่,6700000,รายชื่อสถานประกอบการ,โรงงานคอนกรีตผสมเสร็จ เชียงใหม่,0,ท่าศาลา,2563,เมืองเชียงใหม่
87,ทำคอนกรีตผสมเสร็จ,เชียงใหม่,3,รายชื่อสถานประกอบการ,บริษัท นครหลวงคอนกรีต จำกัด,8765000,ช้างเผือก,2563,เมืองเชียงใหม่
88,ผลิตพื้นสำเร็จรูป เสาเข็มคอนกรีตอัดแรง ท่อระบายน้ำ,เชียงใหม่,30000000,รายชื่อสถานประกอบการ,บริษัท พิบูลย์คอนกรีต จำกัด,0,แม่แฝก,2563,สันทราย
89,ทำผลิตภัณฑ์คอนกรีต เช่น เสาเข็ม เสาไฟฟ้า เสารั้ว และพื้นสำเร็จรูป,เชียงใหม่,1000000,รายชื่อสถานประกอบการ,บริษัท ฟ้างามคอนกรีต จำกัด,0,หนองควาย,2563,หางดง
90,ทำประตูเหล็กยืด หน้าต่างเหล็กและกลึงอะไหล่,เชียงใหม่,500000,รายชื่อสถานประกอบการ,กรโลหะทวีกิจ,0,หายยา,2563,เมืองเชียงใหม่
91,"ผลิตลวดตาข่ายเหล็กไร้สนิมผสมโครเมี่ยม  และบานประตู-หน้าต่าง ลวดตาข่าย เหล็กไร้สนิมชุบโครเมี่ยม แผ่นโลหะเจาะรู และบานประตู-หน้าต่าง แผ่นโลหะเจาะรู (แผ่นอลูมิเนียม, แผ่นเหล็ก, แผ่นเหล็กชุบเคลือบสังกะสี, แผ่นสแตนเลส)",เชียงใหม่,58310000,รายชื่อสถานประกอบการ,บริษัท แมชเทค อินเตอร์เนชั่นแนล จำกัด,0,สารภี,2563,สารภี
92,อัดเศษโลหะ,เชียงใหม่,1000000,รายชื่อสถานประกอบการ,ส.วิวัฒน์พานิชย์,0,หนองหอย,2563,เมืองเชียงใหม่
93,ผลิตตู้โลหะสำหรับใช้ในงาน อิเล็คโทรนิคและโทรคมนาคม,เชียงใหม่,11200000,รายชื่อสถานประกอบการ,บริษัท เชอวาล เทคโนโลยี่ จำกัด,0,แช่ช้าง,2563,สันกำแพง
94,ชุบโลหะและชุบดอกกล้วยไม้,เชียงใหม่,5000000,รายชื่อสถานประกอบการ,บริษัท สยามรอยัลออคิด จำกัด,0,ป่าบง,2563,สารภี
95,ซ่อมและทำอุปกรณ์ของเครื่องยนต์,เชียงใหม่,410000,รายชื่อสถานประกอบการ,โรงกลึงหนองประทีป,0,หนองป่าครั่ง,2563,เมืองเชียงใหม่
96,ผลิต และซ่อมอุปกรณ์ชิ้นส่วนเครื่องยนต์,เชียงใหม่,1000000,รายชื่อสถานประกอบการ,เชียงใหม่บุญเจริญภัณฑ์,0,ช้างเผือก,2563,เมืองเชียงใหม่
97,ซ่อมเครื่องยนต์,เชียงใหม่,200000,รายชื่อสถานประกอบการ,ห้างหุ้นส่วนจำกัด เชียงใหม่ยนต์กิจ,0,ช้างคลาน,2563,เมืองเชียงใหม่
98,สกัดน้ำมันพืช,เชียงใหม่,1000000,รายชื่อสถานประกอบการ,บริษัท ชัยเสรี จำกัด,0,หนองผึ้ง,2563,สารภี
99,"สกัดน้ำมันจากไม้กฤษณา, ทำผงธูป",เชียงใหม่,12,รายชื่อสถานประกอบการ,ท๊อปเจริญผงธูป,5200000,ป่าไผ่,2563,สันทราย
100,ซ่อมรถแทรกเตอร์,เชียงใหม่,10000000,รายชื่อสถานประกอบการ,บริษัท สรสิทธิกลการเชียงใหม่ จำกัด,0,วัดเกต,2563,เมืองเชียงใหม่
101,ผลิตอะไหล่วิทยุโทรทัศน์,เชียงใหม่,24000000,รายชื่อสถานประกอบการ,บริษัท เอลน่า (ประเทศไทย) จำกัด,0,สุเทพ,2563,เมืองเชียงใหม่
102,ผลิตผลิตภัณฑ์โลหะรวมทั้งชิ้นส่วนโลหะ เช่น ตุ้สำหรับบรรจุอุปกรณ์อิเลคโทรนิคส์และคมนาคม และส่วนประกอบของตู้,เชียงใหม่,93000000,รายชื่อสถานประกอบการ,บริษัท อีจิซเทค จำกัด,0,ออนใต้,2563,สันกำแพง
103,ทำซอสมะเขือเทศ ผลไม้กระป๋อง,เชียงใหม่,27300000,รายชื่อสถานประกอบการ,บริษัท รอแยลฟู้ดส์ จำกัด,0,ริมเหนือ,2563,แม่ริม
104,ผลิตผักและผลไม้บรรจุกระป๋อง,เชียงใหม่,300000,รายชื่อสถานประกอบการ,บริษัท สุนันธนา จำกัด,0,หางดง,2563,ฮอด
105,แปรรูปผลิตผลทางการเกษตร เช่น มะม่วง สับปะรด สตอเบอรี่ มะละกอ บ๊วย และผลผลิตทางการเกษตรอื่น ๆ,เชียงใหม่,25000000,รายชื่อสถานประกอบการ,บริษัท ที.เค.เค.จันทบุรี ฟู้ดส์ จำกัด,0,สันกลาง,2563,สันป่าตอง
106,การทำอาหารหรือเครื่องดื่มจากผัก พืชหรือผลไม้ และบรรจุในภาชนะที่ผนึกและอากาศเข้าไม่ได้,เชียงใหม่,13,รายชื่อสถานประกอบการ,บริษัท ดีท็อกซ์ (ประเทศไทย) จำกัด,66000000,น้ำแพร่,2563,หางดง
107,ผลิตผักและผลไม้กระป๋องทุกชนิด,เชียงใหม่,224,รายชื่อสถานประกอบการ,บริษัท 121 เซลเซียส จำกัด,42000000,หนองตอง,2563,หางดง
108,ผลิตข้าวโพดหวานและผลไม้บรรจุกระป๋อง,เชียงใหม่,30000000,รายชื่อสถานประกอบการ,บริษัท ฝางอินเตอร์ฟูดส์ จำกัด,0,เวียง,2563,ฝาง
109,ผลิตภัณฑ์พืชผลทางการเกษครบรรจุกระป๋อง,เชียงใหม่,4000000,รายชื่อสถานประกอบการ,บริษัท หยางไทย จำกัด,0,หนองบัว,2563,ไชยปราการ
110,"ทำเต้าหู้ยี้, ผักดอง, ขิงดอง",เชียงใหม่,260000,รายชื่อสถานประกอบการ,เชียงใหม่ซัวเตียงฮึ้ง,0,ป่าแดด,2563,เมืองเชียงใหม่
111,ถนอมผัก พืช หรือผลไม้ โดยวิธีทอดและทำให้เยือกแข็งโดยฉับพลัน,เชียงใหม่,0,รายชื่อสถานประกอบการ,บริษัท ลีโอ ฟู้ดส์ จำกัด,0,บ้านกลาง,2563,สันป่าตอง
112,ผลิตหรือถนอมอาหารจากพืช ผัก และสัตว์พร้อมรับประทาน หรือกึ่งพร้อมรับประทาน,เชียงใหม่,4137000,รายชื่อสถานประกอบการ,บริษัท พรีเมี่ยมฟู้ดส์ จำกัด,0,แม่แฝก,2563,สันทราย
113,การถนอมผัก พืช หรือผลไม้โดยวิธีกวน ตากแห้ง ดอง หรือทำให้เยือกแข็งโดยฉับพลัน หรือเหือดแห้ง,เชียงใหม่,5000000,รายชื่อสถานประกอบการ,บริษัท ยูเนี่ยน เฟรช (2003) จำกัด,0,แม่แฝก,2563,สันทราย
114,ผลิตเหยื่อตกปลาประดิษฐ์,เชียงใหม่,3000000,รายชื่อสถานประกอบการ,บริษัท ไทย เอ ฟลาย จำกัด,0,หนองผึ้ง,2563,สารภี
115,ทำเครื่องเล่นสนาม เช่น ชิงช้า,เชียงใหม่,20000,รายชื่อสถานประกอบการ,โฮมดีไซน์การช่าง,0,หนองป่าครั่ง,2563,เมืองเชียงใหม่
116,ผลิตดอกไม้แห้ง ดอกไม้ประดิษฐ์ เครื่องหอม ของชำร่วย,เชียงใหม่,1000000,รายชื่อสถานประกอบการ,บริษัท ซิลเวอร์เรน เอ็กซ์ปอร์ต จำกัด,0,ข่วงเปา,2563,จอมทอง
117,ผลิตพลังงานไฟฟ้าจากพลังงานแสงอาทิตย์ กำลังการผลิต 4.99 เมกะวัตต์,เชียงใหม่,10000000,รายชื่อสถานประกอบการ,บริษัท เข็มเหล็ก จำกัด,0,บ้านแอ่น,2563,ดอยเต่า
118,ผลิตพลังงานไฟฟ้าจากแสงอาทิตย์ กำลังการผลิต 0.96 เมกะวัตต์,เชียงใหม่,5300000,รายชื่อสถานประกอบการ,บริษัท ไออีซี แม่ทา แม่แตง จำกัด,0,ขี้เหล็ก,2563,แม่แตง
119,ผลิตพลังงานไฟฟ้าจากแสงอาทิตย์ กำลังการผลิต 0.96 เมกะวัตต์,เชียงใหม่,5300000,รายชื่อสถานประกอบการ,บริษัท ไออีซี แม่ทา แม่แตง จำกัด,0,ขี้เหล็ก,2563,แม่แตง
120,ผลิตพลังงานไฟฟ้า,เชียงใหม่,325000,รายชื่อสถานประกอบการ,โรงไฟฟ้าพลังความร้อนใต้พิภพฝาง,0,โป่งน้ำร้อน,2563,ฝาง
121,ผลิตกระแสไฟฟ้าโดยใช้ก๊าซชีวภาพที่เกิดจากการฝังกลบขยะมูลฝอยเป็นเชื้อเพลิง,เชียงใหม่,2000000,รายชื่อสถานประกอบการ,บริษัท จีอาร์-เทค จำกัด,0,บ้านตาล,2563,ฮอด
122,ผลิตกระแสไฟฟ้าจากก๊าซชีวภาพ,เชียงใหม่,5,รายชื่อสถานประกอบการ,บริษัท ยูเอซี โกลบอล จำกัด (มหาชน),149000000,แม่แตง,2563,แม่แตง
123,ผลิตพลังงานไฟฟ้าจากก๊าซชีวภาพ กำลังการผลิต 1.063 เมกะวัตต์,เชียงใหม่,1000000,รายชื่อสถานประกอบการ,บริษัท ซัน สวีท จำกัด (มหาชน),0,ทุ่งสะโตก,2563,สันป่าตอง
124,ผลิตพลังงานไฟฟ้าขายให้กับการไฟฟ้าส่วนภูมิภาค 1 MW,เชียงใหม่,30000000,รายชื่อสถานประกอบการ,ท่าเชียงทอง,0,บ้านตาล,2563,ฮอด
125,ผลิตพลังงานไฟฟ้าจากก๊าซชีวภาพที่เกิดจากการฝังกลบขยะ กำลังการผลิต 1.063 เมกะวัตต์,เชียงใหม่,30000000,รายชื่อสถานประกอบการ,ดอยช้างพลังงานพอเพียง,0,บ้านตาล,2563,ฮอด
126,ผลิตพลังงานไฟฟ้าขายให้กับการไฟฟ้าส่วนภูมิภาค,เชียงใหม่,8,รายชื่อสถานประกอบการ,บริษัท โรงไฟฟ้าบ้านตาล จำกัด,84000000,บ้านตาล,2563,ฮอด
127,ผลิตและจำหน่ายพลังงานไฟฟ้า กำลังการผลิต 0.037 เมกะวัตต์,เชียงใหม่,100000,รายชื่อสถานประกอบการ,วิสาหกิจชุมชนไฟฟ้าพลังน้ำบ้านแม่โจ้,0,บ้านเป้า,2563,แม่แตง
128,ผลิตก๊าซชีวภาพอัดความดันสูง,เชียงใหม่,5000000,รายชื่อสถานประกอบการ,บริษัท ยูเอซี โกลบอล จำกัด (มหาชน),0,แม่แตง,2563,แม่แตง
129,สีข้าว กำลังสีสูงสุดของร้านสีข้าว 80 เกวียน/วัน,เชียงใหม่,5000000,รายชื่อสถานประกอบการ,บริษัท โรงสีข้าวยงฟ้าเชียงใหม่ จำกัด,0,หนองป่าครั่ง,2563,เมืองเชียงใหม่
130,สีข้าว (กำลังสีสูงสุดของร้านสีข้าว 35 เกวียน/วัน),เชียงใหม่,10000000,รายชื่อสถานประกอบการ,โรงสีข้าวเชียงใหม่พลสุริยะ,0,ทุ่งต้อม,2563,สันป่าตอง
131,สีข้าว (กำลังการผลิตสูงสุด 200 ตัน/วัน อบพืชหรือเมล็ดพืชและเก็บรักษาหรือลำเลียงพืช หรือเมล็ดพืชในไซโล โกดังหรือคลังสินค้า,เชียงใหม่,40,รายชื่อสถานประกอบการ,บริษัท ข้าวล้านนา สนป่าตอง จำกัด,140000000,สง่าบ้าน,2563,ดอยสะเก็ด
132,ทำแป้งข้าวจ้าว แป้งข้าวเหนียวและทำเส้นหมี่,เชียงใหม่,40,รายชื่อสถานประกอบการ,ห้างหุ้นส่วนจำกัด โรงงานประสบผล,17500000,ป่าตัน,2563,เมืองเชียงใหม่
133,ทำเต้าหู้หลอด,เชียงใหม่,850000,รายชื่อสถานประกอบการ,บริษัท เชียงใหม่อุตสาหกรรมถั่วเหลือง จำกัด,0,ตลาดขวัญ,2563,ดอยสะเก็ด
134,ผลิตน้ำประปาสะอาด,เชียงใหม่,50000000,รายชื่อสถานประกอบการ,โรงกรองน้ำเหนือ,0,สันกลาง,2563,สันป่าตอง
135,บรรจุหีบห่อผลไม้ ห้องเย็นเก็บผักและผลไม้,เชียงใหม่,94,รายชื่อสถานประกอบการ,นางสายจิต วัฒนาการ,54750000,แม่สูน,2563,ฝาง
136,แช่เย็นพืชผลการเกษตร,เชียงใหม่,0,รายชื่อสถานประกอบการ,บริษัท ทรายทอง โกลเบิลฟรุต จำกัด,0,แม่สูน,2563,ฝาง
137,ผลิตผัก ผลไม้ เนื้อสัตว์ แช่แข็ง และห้องเย็น,เชียงใหม่,377,รายชื่อสถานประกอบการ,บริษัท ปริ๊นเซสฟูดส์ จำกัด,257977907,ขี้เหล็ก,2563,แม่ริม
138,ทำห้องเย็นเก็บมันฝรั่ง,เชียงใหม่,4996401755.3,รายชื่อสถานประกอบการ,บริษัท เป๊ปซี่-โคล่า (ไทย) เทรดดิ้ง จำกัด,0,ปงตำ,2563,ไชยปราการ
139,ห้องเย็น ,เชียงใหม่,70000000,รายชื่อสถานประกอบการ,บริษัท วีพีเอฟ กรุ๊ป (1973) จำกัด,0,ชมภู,2563,สารภี
140,ห้องเย็น,เชียงใหม่,5000000,รายชื่อสถานประกอบการ,บริษัท เชียงใหม่โฟรเซ่นฟูดส์ จำกัด (มหาชน),0,แม่แฝกใหม่,2563,สันทราย
141,ซ่อมรถยนต์,เชียงใหม่,300000,รายชื่อสถานประกอบการ,บริษัท ศรีวิรัตน์ การาจ จำกัด,0,วัดเกต,2563,เมืองเชียงใหม่
142,ซ่อมจักรยานยนต์ เครื่องอีเล็คโทรนิคส์และเครื่องใช้ไฟฟ้าใน,เชียงใหม่,100000,รายชื่อสถานประกอบการ,บริษัท นอร์ท สตาร์ ออโตโมทีฟ จำกัด,0,พระสิงห์,2563,เมืองเชียงใหม่
143,ซ่อมรถยนต์และกลึงโลหะ,เชียงใหม่,50000,รายชื่อสถานประกอบการ,กวงเฮงเส็ง (สาขา),0,วัดเกต,2563,เมืองเชียงใหม่
144,ซ่อมตัวถังรถยนต์,เชียงใหม่,10000,รายชื่อสถานประกอบการ,เวียดนามการช่าง,0,ศรีภูมิ,2563,เมืองเชียงใหม่
145,เคาะพ่นสีรถยนต์,เชียงใหม่,3000000,รายชื่อสถานประกอบการ,บริษัท โตโยต้า เชียงใหม่ จำกัด,0,สุเทพ,2563,เมืองเชียงใหม่
146,ซัก อบ รีดเสื้อผ้า,เชียงใหม่,500000,รายชื่อสถานประกอบการ,เมืองสมุทรซักรีด,0,ช้างม่อย,2563,เมืองเชียงใหม่
147,ซัก ฟอก เสื้อผ้าสำเร็จรูป,เชียงใหม่,12000000,รายชื่อสถานประกอบการ,บริษัท แม่ปิงลอนดริ จำกัด,0,หนองผึ้ง,2563,สารภี
148,ซักฟอกรีดเสื้อผ้า 150 ตัน/ปี,เชียงใหม่,2000000,รายชื่อสถานประกอบการ,บริษัท สยามพรหมประทาน จำกัด,0,สันกำแพง,2563,สันกำแพง
149,ซัก อบ รีดผ้า,เชียงใหม่,3000000,รายชื่อสถานประกอบการ,ลินินแคร์,0,บวกค้าง,2563,สันกำแพง
150,อบรมควันลำไย,เชียงใหม่,5500000,รายชื่อสถานประกอบการ,,0,สบเตี๊ยะ,2563,จอมทอง
151,ตัดเย็บเสื้อผ้าสำเร็จรูป,เชียงใหม่,58,รายชื่อสถานประกอบการ,บริษัท ฝ้ายเอื้องคำ จำกัด,3900000,ยางคราม,2563,ดอยหล่อ
152,ตัดเย็บเสื้อผ้าสำเร็จรูป,เชียงใหม่,24,รายชื่อสถานประกอบการ,ห้างหุ้นส่วนจำกัด เชียงใหม่โรงงานแดง,6500000,ร้องวัวแดง,2563,สันกำแพง
153,ขุดทราย,เชียงใหม่,1,รายชื่อสถานประกอบการ,ห้างหุ้นส่วนจำกัด พูนสวัสดิ์ก่อสร้าง,20000,ป่าตุ้ม,2563,พร้าว
154,ร่อนและคัดแยกกรวดทราย,เชียงใหม่,5,รายชื่อสถานประกอบการ,บริษัท ทรายจรูญรัตน์ไพศาล จำกัด,3050000,สบเตี๊ยะ,2563,จอมทอง
155,ผลิตเครื่องใช้จากไม้ไผ่,เชียงใหม่,28,รายชื่อสถานประกอบการ,นายมานัส บุญพ่วง,1420000,เชิงดอย,2563,ดอยสะเก็ด
156,ผลิตกล่องกระดาษ,เชียงใหม่,56,รายชื่อสถานประกอบการ,บริษัท ซี พี ดี บรรจุภัณฑ์ จำกัด,21000000,ป่าแดด,2563,เมืองเชียงใหม่
157,ทำเครื่องมือ เครื่องใช้แพทย์,เชียงใหม่,87,รายชื่อสถานประกอบการ,บริษัท ไบโอเซฟโปรดักส์ จำกัด,36500000,ออนใต้,2563,สันกำแพง
158,สีข้าว,เชียงใหม่,2,รายชื่อสถานประกอบการ,,950000,ป่าแดด,2563,เมืองเชียงใหม่
159,สีข้าว,เชียงใหม่,2,รายชื่อสถานประกอบการ,ป.ธัญญเจริญ 2,3200000,แม่สาว,2563,แม่อาย
160,สีข้าว,เชียงใหม่,3,รายชื่อสถานประกอบการ,โรงสีโชคสิรินัฐ์,2400000,แม่สาว,2563,แม่อาย
161,สีข้าว,เชียงใหม่,5,รายชื่อสถานประกอบการ,นางสาวรัตติกาล นันตา,4500000,แม่สาว,2563,แม่อาย
162,ผลิตขนมปัง,เชียงใหม่,48,รายชื่อสถานประกอบการ,บริษัท เอส พี ฟาสฟู้ดส์ จำกัด,33000000,สันกลาง,2563,สันกำแพง
163,ผลิตเบเกอรี่ อาหาร เครื่องดื่ม,เชียงใหม่,230,รายชื่อสถานประกอบการ,ผึ้งน้อยเบเกอรี่,20000000,ช้างเผือก,2563,เมืองเชียงใหม่
164,"ทำขนมปัง,ขนมเค้ก,ขนมเปี๊ยะ",เชียงใหม่,37,รายชื่อสถานประกอบการ,เปลวทิพย์,13000000,สันกำแพง,2563,สันกำแพง
165,เบเกอรี่และอาหารสำเร็จรูปพร้อมบริโภค,เชียงใหม่,5000000,รายชื่อสถานประกอบการ,บริษัท ผลิตภัณฑ์เบเกอรี่และอาหารฝ้าย จำกัด,0,ยางเนิ้ง,2563,สารภี
166,ผลิตอาหารสำเร็จรูป อาหารแช่แข็ง,เชียงใหม่,8,รายชื่อสถานประกอบการ,บริษัท บูโอนิซซิโม จำกัด,4000000,แม่แฝก,2563,สันทราย
167,ทำเส้นก๋วยเตี๋ยว,เชียงใหม่,7,รายชื่อสถานประกอบการ,เส้นทิพย์,5100000,ต้นเปา,2563,สันกำแพง
168,การตกแต่งผลิตภัณฑ์ไม้แกะสลัก เช่น การทาสี ทาน้ำมันเคลือบเงา การขัด,เชียงใหม่,24,รายชื่อสถานประกอบการ,ห้างหุ้นส่วนจำกัด ไฬญา,4600000,สันกำแพง,2563,สันกำแพง
169,"ตบแต่ง, ทำสี, บรรจุผลิตภัณฑ์ไม้แกะสลัก ที่ทำด้วยไม้เนื้ออ่อน (ไม้ฉำฉา, ไม้มะม่วง)",เชียงใหม่,50,รายชื่อสถานประกอบการ,ห้างหุ้นส่วนจำกัด เชียงใหม่ กรีนดีไซน์,22500000,หางดง,2563,หางดง
170,ทำสีไม้ แกะสลัก,เชียงใหม่,500000,รายชื่อสถานประกอบการ,บริษัท เชียงใหม่ แรม จำกัด,0,บ้านแหวน,2563,หางดง
171,ผลิตชิ้นส่วน อุปกรณ์ตกแต่งรถยนต์ และพ่นเคลือบสีชิ้นส่วนอุปกรณ์ตกแต่งรถยนต์,เชียงใหม่,30,รายชื่อสถานประกอบการ,บริษัท เจบี. ออโท บิเดค จำกัด,14000000,สองแคว,2563,ดอยหล่อ
172,ชุบเคลือบผิว,เชียงใหม่,5000000,รายชื่อสถานประกอบการ,บริษัท อีจิซเทค จำกัด,0,ออนใต้,2563,สันกำแพง
173,ผลิตและประกอบหม้อต้มน้ำร้อน,เชียงใหม่,3000000,รายชื่อสถานประกอบการ,บริษัท เค.พี.เอ็กซ์เพอท เอนจิเนียริ่ง จำกัด,0,แช่ช้าง,2563,สันกำแพง
174,คัดแยกขยะสิ่งปฏิกูลหรือวัสดุที่ไม่ใช้แล้ว ที่ไม่เป็นของเสียอันตราย และฝั่งกลบสิ่งปฏิกูลหรือวัสดุที่ไม่ใช้แล้วที่ไม่เป็นของเสียอันตราย,เชียงใหม่,5000000,รายชื่อสถานประกอบการ,ห้างหุ้นส่วนจำกัด กลุ่มบ้านตาลพัฒนา,0,บ้านตาล,2563,ฮอด
175,บ่มใบยาสูบ,เชียงใหม่,2000000,รายชื่อสถานประกอบการ,บริษัท อุตสาหกรรมใบยาสูบไทย จำกัด,0,เขื่อนผาก,2563,พร้าว
176,สถานีบ่มใบยา สันต้นเปา,เชียงใหม่,2500000,รายชื่อสถานประกอบการ,บริษัท ไซแอม โทแบคโค เอกซ์ปอร์ต คอร์ปอเรชั่น จำกัด,0,ศรีดงเย็น,2563,ไชยปราการ
177,ผลิตชาสมุนไพร,เชียงใหม่,2000000,รายชื่อสถานประกอบการ,ห้างหุ้นส่วนจำกัด ที แกลเลอรี่ กรุ๊ป (ประะเทศไทย) จำกัด,0,ท่าศาลา,2563,เมืองเชียงใหม่
178,ผลิตชาแห้งและสมุนไพรแห้ง,เชียงใหม่,1000000,รายชื่อสถานประกอบการ,โรงงานชาแห้ง อารักษ์,0,บ้านช้าง,2563,แม่แตง
179,ผลิตใบชาแห้ง และใบชาผง,เชียงใหม่,2000000,รายชื่อสถานประกอบการ,บริษัท ชาไทย อินเตอร์เนชั่นแนล จำกัด,0,อินทขิล,2563,แม่แตง
180,ทำไอศครีม,เชียงใหม่,100000,รายชื่อสถานประกอบการ,ไอศกรีมป่าตัน,0,ป่าตัน,2563,เมืองเชียงใหม่
181,ผลิตกาแฟคั่วและบดพร้อมบรรจุซอง,เชียงใหม่,1000000,รายชื่อสถานประกอบการ,บริษัท บีเจซี เมก้า มาร์เก็ต จำกัด,0,สันผีเสื้อ,2563,เมืองเชียงใหม่
182,ผลิตกาแฟคั่วและบดพร้อมบรรจุซอง,เชียงใหม่,20000000,รายชื่อสถานประกอบการ,บริษัท พานาคอฟฟี่ จำกัด,0,ลวงเหนือ,2563,ดอยสะเก็ด
183,"คั่ว บด หรือป่นกาแฟ หรือการทำกาแฟผง ,ผลิตใบชาแห้ง และใบชาผง",เชียงใหม่,45,รายชื่อสถานประกอบการ,บริษัท ฮิลล์คอฟฟ์ จำกัด,127000000,อินทขิล,2563,แม่แตง
184,บ่มใบยาสูบ,เชียงใหม่,500000,รายชื่อสถานประกอบการ,สถานีบ่มใบยาบ้านกาด,0,บ้านกาด,2563,แม่วาง
185,ผลิตเครื่องปรุงรสอาหาร,เชียงใหม่,15000000,รายชื่อสถานประกอบการ,บริษัท นิธิฟู้ดส์ จำกัด,0,บ้านกลาง,2563,สันป่าตอง
186,เครื่องปรุงหรือเครื่องประกอบอาหาร,เชียงใหม่,14,รายชื่อสถานประกอบการ,บริษัท เอี่ยมกสิกิจ จำกัด,19500000,บ้านกลาง,2563,สันป่าตอง
187,ทำน้ำแข็งก้อนเล็ก,เชียงใหม่,4,รายชื่อสถานประกอบการ,มีสุขเจ้าสำราญ,7500000,ป่าตัน,2563,เมืองเชียงใหม่
188,ทำน้ำแข็งด้อนเล็ก ได้วันละ 10 ตัน,เชียงใหม่,100000,รายชื่อสถานประกอบการ,หฤดลพานิช,0,ป่าตุ้ม,2563,พร้าว
189,ผลิตน้ำแข็ง,เชียงใหม่,1000000,รายชื่อสถานประกอบการ,โรงน้ำแข็งสุขสมนึก,0,ต้นเปา,2563,สันกำแพง
190,ทำน้ำแข็งก้อนเล็กขนาด 8 ตัน/วัน,เชียงใหม่,1000000,รายชื่อสถานประกอบการ,สโนไอซ์,0,ป่าตัน,2563,เมืองเชียงใหม่
191,ผลิตน้ำแข็งก้อนเล็ก (30 ตัน/วัน) และผลิตน้ำแข็งซอง (400 ซอง/วัน),เชียงใหม่,200000,รายชื่อสถานประกอบการ,โรงน้ำแข็งสันป่าตอง,0,ยุหว่า,2563,สันป่าตอง
192,ทำน้ำแข็งก้อนเล็กและน้ำแข็งซอง,เชียงใหม่,2000000,รายชื่อสถานประกอบการ,โรงน้ำแข็งรัตนโกสินทร์ สันทราย,0,สันผีเสื้อ,2563,เมืองเชียงใหม่
193,ผลิตน้ำแข็งก้อนเล็ก,เชียงใหม่,300000,รายชื่อสถานประกอบการ,โรงน้ำแข็งสุขเสรี,0,สันโป่ง,2563,แม่ริม
194,ผลิตน้ำแข็ง,เชียงใหม่,1000000,รายชื่อสถานประกอบการ,นายอนุวัต ใจดี,0,สันกำแพง,2563,สันกำแพง
195,ทำน้ำแข็งก้อนเล็ก,เชียงใหม่,3,รายชื่อสถานประกอบการ,ห้างหุ้นส่วนจำกัด โรงน้ำแข็งแม่โจ้,6800000,หนองหาร,2563,สันทราย
196,ผลิตน้ำแข็งหลอด,เชียงใหม่,500000,รายชื่อสถานประกอบการ,สโนว์ไอซ์ ยูนิค,0,บ้านกลาง,2563,สันป่าตอง
197,ทำน้ำแข็งหลอดและน้ำแข็งซอง,เชียงใหม่,2000000,รายชื่อสถานประกอบการ,โรงน้ำแข็งไชยปราการ,0,ปงตำ,2563,ไชยปราการ
198,ผลิตน้ำแข็ง,เชียงใหม่,700000,รายชื่อสถานประกอบการ,บริษัท วารีเทพ แม่อาย จำกัด,0,มะลิกา,2563,แม่อาย
199,ผลิตน้ำแข็ง,เชียงใหม่,5000000,รายชื่อสถานประกอบการ,ห้างหุ้นส่วนจำกัด สุขเสรี เอส ไอ ซี,0,เชียงดาว,2563,เชียงดาว
200,ทำน้ำแข็งก้อนเล็ก น้ำแข็งซอง,เชียงใหม่,2000000,รายชื่อสถานประกอบการ,บริษัท วารีเทพ สบเตี๊ยะ จำกัด,0,สบเตี๊ยะ,2563,จอมทอง
201,ผลิตน้ำแข็งหลอด,เชียงใหม่,500000,รายชื่อสถานประกอบการ,โรงน้ำแข็งนิมรุ่งเรือง,0,แม่เหียะ,2563,เมืองเชียงใหม่
202,ผลิตน้ำแข็งหลอด,เชียงใหม่,1000000,รายชื่อสถานประกอบการ,โรงน้ำแข็ง วีไอซี จอมทอง,0,ข่วงเปา,2563,จอมทอง
203,ทำน้ำแข็งก้อนเล็กและน้ำแข็งซอง,เชียงใหม่,14,รายชื่อสถานประกอบการ,ห้างหุ้นส่วนจำกัด โรงน้ำแข็งไชยปราการฝาง,25000000,เวียง,2563,ฝาง
204,ทำน้ำแข็ง,เชียงใหม่,3000000,รายชื่อสถานประกอบการ,บริษัท โรงน้ำแข็งเวียงทิพย์วารี (เชียงใหม่) จำกัด,0,ป่าไผ่,2563,สันทราย
205,ผลิตน้ำแข็งหลอด,เชียงใหม่,3000000,รายชื่อสถานประกอบการ,ห้างหุ้นส่วนจำกัด วารีเทพ เชียงใหม่,0,สันกำแพง,2563,สันกำแพง
206,ผลิตน้ำแข็งหลอด,เชียงใหม่,200000,รายชื่อสถานประกอบการ,โรงน้ำแข็งมีสุขเจ้าสำราญ สันกำแพง,0,สันกำแพง,2563,สันกำแพง
207,ผลิตและจำหน่ายน้ำแข็ง,เชียงใหม่,1000000,รายชื่อสถานประกอบการ,ล้านนาไอซ์ แฟคโทรี่ เอ็นจิเนียริ่ง,0,ตลาดใหญ่,2563,ดอยสะเก็ด
208,ผลิตน้ำแข็งหลอด และน้ำแข็งซอง,เชียงใหม่,4000000,รายชื่อสถานประกอบการ,โรงน้ำแข็ง มีสุขเจ้าสำราญ แม่แจ่ม,0,ช่างเคิ่ง,2563,แม่แจ่ม
209,ทำน้ำแข็งหลอดและน้ำแข็งซอง,เชียงใหม่,7,รายชื่อสถานประกอบการ,โรงน้ำแข็งยศดำรงค์พร้าว,14220000,เวียง,2563,พร้าว
210,ผลิตน้ำแข็งซอง,เชียงใหม่,3000000,รายชื่อสถานประกอบการ,โรงงานน้ำแข็งธารทอง,0,หางดง,2563,ฮอด
211,ทำน้ำแข็งก้อนเล็ก,เชียงใหม่,2000000,รายชื่อสถานประกอบการ,นางสาวคุณีกร โตไพบูลย์,0,ขี้เหล็ก,2563,แม่แตง
212,โรงงานผลิตน้ำแข็งหลอด,เชียงใหม่,1000000,รายชื่อสถานประกอบการ,โรงน้ำแข็ง มีสุขเจ้าสำราญ สาขาแม่ริม,0,ห้วยทราย,2563,แม่ริม
213,ทำน้ำแข็งก้อนเล็ก,เชียงใหม่,10,รายชื่อสถานประกอบการ,,13200000,ยางเนิ้ง,2563,สารภี
214,ผลิตน้ำแข็ง,เชียงใหม่,14,รายชื่อสถานประกอบการ,โรงน้ำแข็งเชียงใหม่กิจวารี,11400000,หารแก้ว,2563,หางดง
215,ผลิตน้ำแข็งหลอด,เชียงใหม่,3000000,รายชื่อสถานประกอบการ,โรงน้ำแข็งเชียงใหม่ไอซ์,0,แช่ช้าง,2563,สันกำแพง
216,ผลิตน้ำแข็งหลอด,เชียงใหม่,500000,รายชื่อสถานประกอบการ,ห้างหุ้นส่วนจำกัด โรงงานน้ำแข็งธารทอง,0,ท่าวังตาล,2563,สารภี
217,โรงงานทำน้ำแข็งก้อนเล็ก,เชียงใหม่,500000,รายชื่อสถานประกอบการ,,0,เวียง,2563,ฝาง
218,ผลิตน้ำแข็งหลอด,เชียงใหม่,2000000,รายชื่อสถานประกอบการ,โรงน้ำแข็งบ้านน้อย,0,สันกำแพง,2563,สันกำแพง
219,ทำน้ำแข็งซอง,เชียงใหม่,1000000,รายชื่อสถานประกอบการ,โรงน้ำแข็งซองสุขสมนึก,0,หารแก้ว,2563,หางดง
220,ทำน้ำแข็งหลอด,เชียงใหม่,1000,รายชื่อสถานประกอบการ,วี.ที.ไอซ์,0,ขุนคง,2563,หางดง
221,ผลิตน้ำแข็งหลอด,เชียงใหม่,1500000,รายชื่อสถานประกอบการ,,0,สันผีเสื้อ,2563,เมืองเชียงใหม่
222,ทำน้ำแข็งก้อนเล็ก,เชียงใหม่,1000000,รายชื่อสถานประกอบการ,ห้างหุ้นส่วนจำกัด ไอยรินทร์ไอซ์,0,แช่ช้าง,2563,สันกำแพง
223,ผลิตอาหารสัตว์,เชียงใหม่,1000000,รายชื่อสถานประกอบการ,วิวรรณเทคโนโลยี,0,สบแม่ข่า,2563,หางดง
224,ผลิตอาหารสัตว์และสารผสมล่วงหน้าสำหรับสัตว์,เชียงใหม่,3000000,รายชื่อสถานประกอบการ,โรงงานผลิตอาหารสัตว์,0,สันนาเม็ง,2563,สันทราย
225,ผลิตอาหารสัตว์,เชียงใหม่,130000000,รายชื่อสถานประกอบการ,บริษัท ลิ้มศักดากุลอุตสาหกรรมการเกษตร(ไทยแลนด์)จำกัด,0,สันปูเลย,2563,ดอยสะเก็ด
226,ผลิตอาหารสัตว์ เช่นอาหารไก่จากข้าวโพด อบพืชผลทางการเกษตร เช่นข้าวโพดอบ และลำเลียงเก็บรักษาในไซโล,เชียงใหม่,6,รายชื่อสถานประกอบการ,บริษัท รุ่งทองคำอะกริเทรค จำกัด,20000000,แม่แฝก,2563,สันทราย
227,บด ป่น และผสมอาหารสัตว์,เชียงใหม่,1000000,รายชื่อสถานประกอบการ,นายสมพล ยศเดช,0,สันกลาง,2563,สันป่าตอง
228,ผลิตเบียร์สด,เชียงใหม่,0,รายชื่อสถานประกอบการ,โรงเบียร์เชียงใหม่เยอรมัน,0,หนองป่าครั่ง,2563,เมืองเชียงใหม่
229,"อบเมล็ดพืช เช่น ข้าวเปลือก,ข้าวโพด ฯลฯ",เชียงใหม่,1000000,รายชื่อสถานประกอบการ,ห้างหุ้นส่วนจำกัด โรงสีข้าวรวงทองเชียงใหม่,0,เชิงดอย,2563,ดอยสะเก็ด
230,ผลิตต้นหอมอบแห้ง,เชียงใหม่,5000000,รายชื่อสถานประกอบการ,บริษัท เชียงรายฟูด จำกัด,0,แม่งอน,2563,ฝาง
231,อบลำไย,เชียงใหม่,4200000,รายชื่อสถานประกอบการ,ห้างหุ้นส่วนจำกัด เอกธนเกษตร,0,บ้านกลาง,2563,สันป่าตอง
232,อบผลิตผลทางการเกษตร,เชียงใหม่,4,รายชื่อสถานประกอบการ,นายรักพงศ์ เชิดสถิรกุล,57500000,เชิงดอย,2563,ดอยสะเก็ด
233,อบข้าวเปลือก,เชียงใหม่,5000000,รายชื่อสถานประกอบการ,โรงอบข้าว ทรัพย์เกษม,0,แม่สาว,2563,แม่อาย
234,อบพืชผลทางการเกษตร,เชียงใหม่,12,รายชื่อสถานประกอบการ,โรงอบข้าวทรัพย์ดวงทิพย์,36000000,แม่สาว,2563,แม่อาย
235,อบพืชผลทางการเกษตร ปรับปรุงคุณภาพของผลิตผลทางการเกษตร และห้องเย็น,เชียงใหม่,15,รายชื่อสถานประกอบการ,บริษัท เอส ดี อินเตอร์ ฟู้ดส์ จำกัด,31000000,สองแคว,2563,ดอยหล่อ
236,อบผลิตผลทางการเกษตร อาทิ ลำไย,เชียงใหม่,10000000,รายชื่อสถานประกอบการ,ศรีเจริญ,0,สันทราย,2563,สารภี
237,"อบพืชผลทางการเกษตร เช่น ลำไย, ร่อน ล้าง คัด หรือแยกขนาดลำไย และห้องเย็นในการเก็บรักษาพืชผลทางการเกษตร",เชียงใหม่,0,รายชื่อสถานประกอบการ,บริษัท หยวน เซิ่ง เฟรช จำกัด,135000000,สบเตี๊ยะ,2563,จอมทอง
238,อบผลิตผลทางการเกษตร,เชียงใหม่,1000000,รายชื่อสถานประกอบการ,ศุภชัย,0,มะขามหลวง,2563,สันป่าตอง
239,อบพืชผลทางการเกษตร,เชียงใหม่,3000000,รายชื่อสถานประกอบการ,บริษัท รุ่งเจริญพืชผล จำกัด,0,ดอยหล่อ,2563,ดอยหล่อ
240,อบพืชผลทางการเกษตร,เชียงใหม่,1000000,รายชื่อสถานประกอบการ,โรงอบทิพย์ธารา,0,เวียง,2563,ฝาง
241,อบพืชผลทางการเกษตร,เชียงใหม่,2000000,รายชื่อสถานประกอบการ,โรงอบข้าวสามหนึ่ง,0,แม่อาย,2563,แม่อาย
242,อบผลิตผลการเกษตร,เชียงใหม่,7,รายชื่อสถานประกอบการ,บริษัท โอเค อินเตอร์เฟรช (ประเทสไทย) จำกัด,23100000,สบเตี๊ยะ,2563,จอมทอง
243,อบพืชผลทางการเกษตร,เชียงใหม่,2000000,รายชื่อสถานประกอบการ,-,0,เขื่อนผาก,2563,พร้าว
244,อบพืชผลทางการเกษตร ทุกชนิด เช่น ลำไย ข้าวโพด พริก และอื่นๆ,เชียงใหม่,3000000,รายชื่อสถานประกอบการ,บริษัท ลพบุรี พาวเวอร์ จำกัด,0,เขื่อนผาก,2563,พร้าว
245,อบพืชผลทางการเกษตรกรรม,เชียงใหม่,500000000,รายชื่อสถานประกอบการ,บริษัท เชียงใหม่เฟรช โปรดักส์ จำกัด,0,ทุ่งสะโตก,2563,สันป่าตอง
246,อบ บด ป่น ย่อย พืชและเมล็ดพืช,เชียงใหม่,3000000,รายชื่อสถานประกอบการ,บริษัท เอี่ยมกสิกิจ จำกัด,0,บ้านกลาง,2563,สันป่าตอง
247,อบลำไย,เชียงใหม่,500000,รายชื่อสถานประกอบการ,ฟ้าเจริญพร,0,สบเตี๊ยะ,2563,จอมทอง
248,อบแห้งพืชผลทางการเกษตร,เชียงใหม่,10000000,รายชื่อสถานประกอบการ,บริษัท สุภิราชการเกษตร จำกัด,0,แม่ปั๋ง,2563,พร้าว
249,อบพืชผลทางการเกษตร,เชียงใหม่,53500000,รายชื่อสถานประกอบการ,บริษัท เชียงใหม่เฟรช โปรดักส์ จำกัด,0,ทุ่งสะโตก,2563,สันป่าตอง
250,อบพืชผลทางการเกษตร,เชียงใหม่,20000000,รายชื่อสถานประกอบการ,โรงอบ โฮภาส กอนแสง,0,แม่แฝก,2563,สันทราย
251,ผลิตผลไม้อบกรอบ,เชียงใหม่,5000000,รายชื่อสถานประกอบการ,บริษัท ทีดับบลิว ฟู๊ด จำกัด,0,แม่แฝกใหม่,2563,สันทราย
252,อบเมล็ดพืชทางการเกษตรกรรม,เชียงใหม่,31,รายชื่อสถานประกอบการ,บริษัท ไทยแอดวานซ์การเกษตร จำกัด,50100000,แม่แฝกใหม่,2563,สันทราย
253,อบพืชผลทางการเกษตร,เชียงใหม่,5000000,รายชื่อสถานประกอบการ,วงค์ตะวันพืชผล,0,แม่แวน,2563,พร้าว
254,อบผลิตผลทางการเกษตร อาทิ ลำไย,เชียงใหม่,7000000,รายชื่อสถานประกอบการ,ชายบุษรา,0,สันทราย,2563,สารภี
255,อบพืชผลทางการเกษตร,เชียงใหม่,5000000,รายชื่อสถานประกอบการ,นางชนากานต์ บุญศรี,0,สันทราย,2563,สารภี
256,ทำลำใยอบแห้งและเพาะเห็ด,เชียงใหม่,18,รายชื่อสถานประกอบการ,อินเตอร์ ฟาร์ม,19000000,แม่แฝก,2563,สันทราย
257,อบพืชผลทางการเกษตร,เชียงใหม่,2,รายชื่อสถานประกอบการ,บริษัท นอร์ท 87 จำกัด,20000000,แม่แวน,2563,พร้าว
258,อบพืชผลทางการเกษตรและสีข้าว,เชียงใหม่,7,รายชื่อสถานประกอบการ,โรงสีข้าวดวงทิพย์,23000000,แม่สาว,2563,แม่อาย
259,อบลำไย,เชียงใหม่,20,รายชื่อสถานประกอบการ,บริษัท อาหารเชียงใหม่อุตสาหกรรม จำกัด,13000000,บ้านกลาง,2563,สันป่าตอง
260,อบพืชผลทางการเกษตร,เชียงใหม่,7000000,รายชื่อสถานประกอบการ,บริษัท บีเอส แอนด์ เคดี เชน แมนเนจเม้นท์ จำกัด,0,ข่วงเปา,2563,จอมทอง
261,อบพืชผลทางการเกษตร,เชียงใหม่,5000000,รายชื่อสถานประกอบการ,ทรัพย์ไพลิน,0,แม่สาว,2563,แม่อาย
262,อบผลิตผลทางการเกษตร,เชียงใหม่,5500000,รายชื่อสถานประกอบการ,ศ.ปวริศา การค้า,0,แม่คะ,2563,ฝาง
263,อบพืชผลทางการเกษตร,เชียงใหม่,3000000,รายชื่อสถานประกอบการ,นายนิตย์พันธ์ แก้วคำมูล,0,แม่สาว,2563,แม่อาย
264,"อบพืชผลทางการเกษตร เช่นลำไย,พริก,ข้างโพด,ใบยาสูบฯลฯ",เชียงใหม่,20,รายชื่อสถานประกอบการ,รัตนาพืชผลการเกษตร,30248000,ดอยหล่อ,2563,ดอยหล่อ
265,อบแห้งสินค้าการเกษตร,เชียงใหม่,10000000,รายชื่อสถานประกอบการ,สหกรณ์การเกษตรสันป่าตอง จำกัด,0,ทุ่งสะโตก,2563,สันป่าตอง
266,อบพืชผลทางการเกษตร,เชียงใหม่,5000000,รายชื่อสถานประกอบการ,โรงอบดวงดีสีข้าว,0,แม่สาว,2563,แม่อาย
267,อบและกะเทาะเมล็ดข้าวโพด,เชียงใหม่,8000000,รายชื่อสถานประกอบการ,บริษัท อีสท์ เวสท์ ซีด จำกัด,0,แม่แฝกใหม่,2563,สันทราย
268,"ผลิตผลไม้และพืชผลทางการเกษตรอบแห้ง อาธิ ลำไยอบแห้ง,ลิ้นจี่อบแห้ง",เชียงใหม่,5000000,รายชื่อสถานประกอบการ,-,0,บ้านกลาง,2563,สันป่าตอง
269,ทำความสะอาดและอบข้าวโพดสำหรับเลี้ยงสัตว์,เชียงใหม่,4000000,รายชื่อสถานประกอบการ,บริษัท โฟร์ ที จำกัด,0,ดอยหล่อ,2563,ดอยหล่อ
270,อบผลิตผลการเกษตร,เชียงใหม่,20000000,รายชื่อสถานประกอบการ,ฟาร์มผึ้งชัยเฮง,0,ดอนแก้ว,2563,สารภี
271,อบพืชผลทางการเกษตร อาธิ ลำไย,เชียงใหม่,10000000,รายชื่อสถานประกอบการ,อำไพพรรณ การเกษตร,0,บ้านกาด,2563,แม่วาง
272,อบผลิตผลทางการเกษตร อาทิ ลำไย และห้องเย็นเก็บลำไย,เชียงใหม่,50,รายชื่อสถานประกอบการ,นางวิลัยวรรณ์ เฉิน,40000000,หนองแฝก,2563,สารภี
273,อบแห้งพืชผลทางการเกษตร,เชียงใหม่,15000000,รายชื่อสถานประกอบการ,นายเกียรติชัย แสงปัญญา,0,หนองแฝก,2563,สารภี
274,อบพืชผลทางการเกษตร,เชียงใหม่,10000000,รายชื่อสถานประกอบการ,วัชระกิจ,0,แม่สาว,2563,แม่อาย
275,อบพืชผลทางการเกษตร,เชียงใหม่,3000000,รายชื่อสถานประกอบการ,บริษัท โอเค เฟรชฟรุ๊ตส์ (ประเทศไทย) จำกัด,0,สบเตี๊ยะ,2563,จอมทอง
276,อบพืชผลทางการเกษตร,เชียงใหม่,1000000,รายชื่อสถานประกอบการ,โกดังเหลือง,0,แม่แวน,2563,พร้าว
277,โรงอบข้าว,เชียงใหม่,150000000,รายชื่อสถานประกอบการ,ห้างหุ้นส่วนจำกัด เชียงใหม่อินเตอร์ไรซ์,0,สันพระเนตร,2563,สันทราย
278,อบลดความชื้นข้าวเปลือก,เชียงใหม่,10000000,รายชื่อสถานประกอบการ,โรงอบสหกรณ์การเกษตรพร้าว จำกัด,0,เวียง,2563,พร้าว
279,อบผลิตผลทางการเกษตร,เชียงใหม่,50000000,รายชื่อสถานประกอบการ,ศ.ชินพงศ์ การค้า,0,เวียง,2563,ฝาง
280,อบพืชผลการเกษตร,เชียงใหม่,1500000,รายชื่อสถานประกอบการ,บริษัท เค.พี (จอมทอง) จำกัด,0,บ้านแปะ,2563,จอมทอง
281,อบพืชผลทางการเกษตร สีข้าว และคัดคุณภาพข้าว,เชียงใหม่,5000000,รายชื่อสถานประกอบการ,โรงอบข้าวแสงสุวรรณ,0,เวียง,2563,ฝาง
282,อบพืชผลทางการเกษตร,เชียงใหม่,48,รายชื่อสถานประกอบการ,บริษัท บีเอส แอนด์ เคดี เชน แมนเนจเม้นท์ จำกัด,14500000,ข่วงเปา,2563,จอมทอง
283,อบพืชผลทางการเกษตร,เชียงใหม่,25000000,รายชื่อสถานประกอบการ,กัญญารัตน์,0,ขัวมุง,2563,สารภี
284,อบเมล็ดธัญพืช,เชียงใหม่,5000000,รายชื่อสถานประกอบการ,จิรชัยพืชผล,0,แม่นาจร,2563,แม่แจ่ม
285,อบผลิตผลการเกษตร,เชียงใหม่,2000000,รายชื่อสถานประกอบการ,ถนอมทรัพย์พืชผลการเกษตร,0,เขื่อนผาก,2563,พร้าว
286,อบเมล็ดพืช และเก็บรักษาเมล็ดพืชหรือผลิตผลจากพืชในไซโล,เชียงใหม่,16,รายชื่อสถานประกอบการ,บริษัท ลิ้มศักดากุลอุตสาหกรรมการเกษตร (ไทยแลนด์) จำกัด,176980000,สันปูเลย,2563,ดอยสะเก็ด
287,อบพืชผลทางการเกษตร,เชียงใหม่,3000000,รายชื่อสถานประกอบการ,สีดาการเกษตร,0,ท่าวังพร้าว,2563,สันป่าตอง
288,อบมันสำปะหลัง และพืชผลทางการเกษตร,เชียงใหม่,20000000,รายชื่อสถานประกอบการ,บริษัท ส้มปรีชา-ฝาง 1991 จำกัด,0,เวียง,2563,ฝาง
289,อบข้าว,เชียงใหม่,5000000,รายชื่อสถานประกอบการ,กิตเจริญ,0,แม่สาว,2563,แม่อาย
290,อบผลิตผลทางการเกษตร,เชียงใหม่,1000000,รายชื่อสถานประกอบการ,บริษัท ซี.พี.เอ็ม อโกร จำกัด,0,แม่แวน,2563,พร้าว
291,อบผลิตผลทางการเกษตร,เชียงใหม่,8000000,รายชื่อสถานประกอบการ,แม่อายไรซ์มิลล์,0,สันต้นหมื้อ,2563,แม่อาย
292,อบพืชผลทางการเกษตร,เชียงใหม่,5000000,รายชื่อสถานประกอบการ,วิเชียรฟาร์ม,0,แม่สาว,2563,แม่อาย
293,อบผลิตผลทางการเกษตร,เชียงใหม่,1000000,รายชื่อสถานประกอบการ,บริษัท นิวเอ็นอะโกร จำกัด,0,บ้านโป่ง,2563,พร้าว
294,อบพืชผลทางการเกษตร,เชียงใหม่,20000000,รายชื่อสถานประกอบการ,,0,สบเตี๊ยะ,2563,จอมทอง
295,อบพืชผลทางการเกษตร,เชียงใหม่,5000000,รายชื่อสถานประกอบการ,จันทร์ดี การเกษตร,0,มะขามหลวง,2563,สันป่าตอง
296,สีข้าว,เชียงใหม่,2000000,รายชื่อสถานประกอบการ,โรงสีข้าวทรัพย์เกษม,0,แม่สาว,2563,แม่อาย
297,อบลำไย และพืชผลทางการเกษตร,เชียงใหม่,6,รายชื่อสถานประกอบการ,ณัฐวรรธน์ ฟรุ๊ตส์,8500000,แม่ปั๋ง,2563,พร้าว
298,"กะเทาะเปลือกเมล็ดกาแฟ,คั่วเมล็ดกาแฟ",เชียงใหม่,1000000,รายชื่อสถานประกอบการ,,0,ช้างม่อย,2563,เมืองเชียงใหม่
299,คัดและกะเทาะเมล็ดพืชและเก็บพืชผลทางการเกตร,เชียงใหม่,8000000,รายชื่อสถานประกอบการ,บริษัท เกษตรวิวัฒน์ จำกัด,0,ดอนเปา,2563,แม่วาง
300,กะเทาะเมล็ดพืช คัดขนาดและบรรจุเมล็ดพันธ์พืช,เชียงใหม่,8,รายชื่อสถานประกอบการ,บริษัท สุภิราชเกษตรป้าว จำกัด,21000000,แม่ปั๋ง,2563,พร้าว
301,กะเทาะ และอบเมล็ดพืช,เชียงใหม่,32,รายชื่อสถานประกอบการ,บริษัท เวิลด์ ซีดส์ จำกัด,28120000,แม่แวน,2563,พร้าว
302,ไซโลเก็บผลิตผลทางการเกษตร,เชียงใหม่,45000000,รายชื่อสถานประกอบการ,บริษัท อาร์.พี.เอ็ม. ฟาร์ม แอนด์ ฟีด จำกัด,0,หนองควาย,2563,หางดง
303,อบเมล็ดพืชและเก็บรักษาเมล็ดพืชหรือผลิตผลจากพืชในไซโล,เชียงใหม่,16,รายชื่อสถานประกอบการ,บริษัท ลิ้มศักดากุลอุตสาหกรรมการเกษตร (ไทยแลนด์) จำกัด,176980000,สันปูเลย,2563,ดอยสะเก็ด
304,"บด,ร่อนถ่านกัมมันต์",เชียงใหม่,200000,รายชื่อสถานประกอบการ,ห้างหุ้นส่วนจำกัด ซี.เค คาร์บอน,0,ป่าแดด,2563,เมืองเชียงใหม่
305,การเพาะเลี้ยงขยายพันธุ์พืช เช่น กล้วยไม้,เชียงใหม่,22850000,รายชื่อสถานประกอบการ,บริษัท เอ็ม แคท ไบโอ จำกัด,0,สันกลาง,2563,สันป่าตอง
306,"คัด,แยกขนาด และคุณภาพของมันฝรั่ง",เชียงใหม่,2000000,รายชื่อสถานประกอบการ,บริษัท เป๊ปซี่-โคล่า (ไทย) เทรดดิ้ง จำกัด,0,ปงตำ,2563,ไชยปราการ
307,"ล้าง,คัดแยกขนาดหรือคุณภาพผลิตผลเกษตรกรรม",เชียงใหม่,500000,รายชื่อสถานประกอบการ,บริษัท เอส.อาร์.แอกโกรแพค จำกัด,0,มะขามหลวง,2563,สันป่าตอง
308,คัดแยกขนาด และคุณภาพของถั่วเหลือง,เชียงใหม่,1500000,รายชื่อสถานประกอบการ,บริษัท จัว อินเตอร์เนชั่นแนล จำกัด,0,บ้านแหวน,2563,หางดง
309,การร่อน คัด แยกขนาดคุณภาพของผลิตผลเกษตรกรรม,เชียงใหม่,10,รายชื่อสถานประกอบการ,สหกรณ์นิคมพร้าว จำกัด,18694000,แม่แวน,2563,พร้าว
310,คัดแยกขนาดและเคลือบผิวส้ม,เชียงใหม่,100000,รายชื่อสถานประกอบการ,โรงแว๊กซ์ธนาธร,0,สันทราย,2563,ฝาง
311,"คัดขนาด,เลือบผิวส้ม,ห้องเย็น",เชียงใหม่,39,รายชื่อสถานประกอบการ,ตงหยาง,27000000,แม่สาว,2563,แม่อาย
312,ผลิตน้ำดื่มบรรจุขวด,เชียงใหม่,2000000,รายชื่อสถานประกอบการ,บริษัท เพียวเมาน์เทน จำกัด,0,ป่าบง,2563,สารภี
313,ผลิตน้ำดื่มบรรจุขวด,เชียงใหม่,28,รายชื่อสถานประกอบการ,น้ำดื่มตรา ม่อนล้าน,10851500,ป่าไหน่,2563,พร้าว
314,ผลิตน้ำดื่มบรรจุขวด,เชียงใหม่,45,รายชื่อสถานประกอบการ,บริษัท เชียงใหม่โพลสตาร์ (1992) จำกัด,21300000,สุเทพ,2563,เมืองเชียงใหม่
315,ผลิตน้ำดื่ม,เชียงใหม่,10000000,รายชื่อสถานประกอบการ,บริษัท เพียว เมาน์เทน จำกัด,0,ไชยสถาน,2563,สารภี
316,โรงงานผลิตน้ำดื่ม และผลิตขวดสำหรับบรรจุน้ำดื่ม,เชียงใหม่,5000000,รายชื่อสถานประกอบการ,บริษัท เดอะวันดริ้งค์ จำกัด,0,สันกำแพง,2563,สันกำแพง
317,ทอผ้าด้วยกี่กระตุก ตัดเย็บเสื้อผ้าสำเร็จรูป ย้อมผ้า-ซักผ้าทุกชนิด,เชียงใหม่,70,รายชื่อสถานประกอบการ,บริษัท น่ารัก โฮลดิ้ง จำกัด,241318421,แช่ช้าง,2563,สันกำแพง
318,การฟอก ย้อมสีด้าย,เชียงใหม่,200000,รายชื่อสถานประกอบการ,โรงย้อมเพียงดาว,0,เชียงดาว,2563,เชียงดาว
319,พิมพ์ผ้า,เชียงใหม่,500000,รายชื่อสถานประกอบการ,บริษัท ณัฐวุฒิ เทรดดิ้ง จำกัด,0,ร้องวัวแดง,2563,สันกำแพง
320,ตัดเย็บผ้า เช่น ผ้าม่าน ผ้าปูที่นอน ปลอกหมอน ผ้านวม ผ้าคลุมเตียง กระเป๋า รองเท้า เสื้อคลุมอาบน้ำ,เชียงใหม่,90,รายชื่อสถานประกอบการ,บริษัท บีเฮ้าส์ จำกัด,21800000,แช่ช้าง,2563,สันกำแพง
321,ผลิตแถบตราจากผ้า,เชียงใหม่,8000000,รายชื่อสถานประกอบการ,บริษัท ชีน เรย์ เอ็มบรอยเดอรี่ จำกัด,0,ขี้เหล็ก,2563,แม่ริม
322,ผลิตแถบตรา,เชียงใหม่,5000000,รายชื่อสถานประกอบการ,บริษัท ชีน เรย์ เอ็มบรอยเดอรี่ จำกัด,0,ขี้เหล็ก,2563,แม่ริม
323,ผลิตพรม ตัดเย็บตกแต่งพรมสำหรับใช้รองพื้นภายในรถยนต์ และพรมอื่นๆ,เชียงใหม่,30,รายชื่อสถานประกอบการ,บริษัท ซูมิโนเอะ โคอิเดะ (ประเทศไทย) จำกัด,32800000,สันกำแพง,2563,สันกำแพง
324,ตัดเย็บเสื้อผ้า ผ้าคลุมรถ ผ้าคลุมเบาะ ผ้าหุ้มเบาะ หมวก กระเป๋า,เชียงใหม่,120,รายชื่อสถานประกอบการ,บริษัท โคอิเด็กซ์ (ประเทศไทย) จำกัด,2500000,ต้นเปา,2563,สันกำแพง
325,ตัดเย็บชุดดำน้ำส่งออก,เชียงใหม่,5000000,รายชื่อสถานประกอบการ,บริษัท ออนสมู๊ทไทย จำกัด,0,ท่าวังตาล,2563,สารภี
326,ตัดเย็บเครื่องนุ่งห่ม,เชียงใหม่,0,รายชื่อสถานประกอบการ,จิปาถะ,0,สันกลาง,2563,สันป่าตอง
327,ตัดเย็บเสื้อผ้าสำเร็จรูป,เชียงใหม่,1800000,รายชื่อสถานประกอบการ,ห้างหุ้นส่วนจำกัด ซีเจ อินดัสทรี,0,สันกำแพง,2563,สันกำแพง
328,ตัดเย็บชุดว่ายน้ำส่งออก,เชียงใหม่,8000000,รายชื่อสถานประกอบการ,บริษัท ออนสมู๊ทไทย จำกัด,0,ท่าวังตาล,2563,สารภี
329,"ตัดเย็บเสื้อผ้าสำเร็จรูป,ทอผ้า",เชียงใหม่,93,รายชื่อสถานประกอบการ,บริษัท น่ารัก โฮลดิ้ง จำกัด,7500000,ต้นเปา,2563,สันกำแพง
330,เย็บเสื้อผ้าสำเร็จรูป,เชียงใหม่,2000000,รายชื่อสถานประกอบการ,บริษัท ยงสง่า จำกัด,0,ทรายมูล,2563,สันกำแพง
331,ตัดเย็บเสื้อผ้าสำเร็จรูป,เชียงใหม่,5000000,รายชื่อสถานประกอบการ,บริษัท ซีเอส สปอร์ต (ไทยแลนด์) จำกัด,0,สันกำแพง,2563,สันกำแพง
332,ตัดเย็บเสื้อผ้าสำเร็จรูป,เชียงใหม่,300000,รายชื่อสถานประกอบการ,บริษัท โปร อินดัสเทรียล จำกัด,0,ยางเนิ้ง,2563,สารภี
333,"ผลิตเสื้อผ้าสำเร็จรูป ,หมวกแฟชั่น ,ผลิตภัณฑ์จากหนังสัตว์",เชียงใหม่,2948000,รายชื่อสถานประกอบการ,บริษัท ลานนา แฮท จำกัด,0,ชมภู,2563,สารภี
334,โม่ บด ย่อยหิน,เชียงใหม่,21,รายชื่อสถานประกอบการ,โรงโม่หินสหพนาสิทธิ์,60000000,บ้านแปะ,2563,จอมทอง
335,ขุดทราย,เชียงใหม่,500000,รายชื่อสถานประกอบการ,นายทิตพันธ์ ปิงกุล,0,ท่าผา,2563,แม่แจ่ม
336,ขุดดิน,เชียงใหม่,3,รายชื่อสถานประกอบการ,นายกรวุฒิ สุคนธมาน,17500000,ดอยหล่อ,2563,ดอยหล่อ
337,ขุดดิน และร่อนคัดขนาด กรวด ทราย,เชียงใหม่,5,รายชื่อสถานประกอบการ,เอ็น อาร์ คอน,11500000,บ้านโป่ง,2563,พร้าว
338,ขุดดิน,เชียงใหม่,2000000,รายชื่อสถานประกอบการ,นางเยาวเรศ ใจดี,0,แม่หอพระ,2563,แม่แตง
339,ขุดดิน,เชียงใหม่,500000,รายชื่อสถานประกอบการ,นายวีระศักดิ์ บุญ-หลง,0,ขี้เหล็ก,2563,แม่แตง
340,ขุดดิน,เชียงใหม่,1000000,รายชื่อสถานประกอบการ,นาง ณัฐวัลย์ ปัญญาศาล,0,น้ำบ่อหลวง,2563,สันป่าตอง
341,ขุด ตัก ลอก ดินในที่ดินกรรมสิทธิ์ สำหรับใช้ในการก่อสร้างและจำหน่าย,เชียงใหม่,1000000,รายชื่อสถานประกอบการ,ชนัญพัทธ์ นิยม,0,เชิงดอย,2563,ดอยสะเก็ด
342,ขุดดิน,เชียงใหม่,5,รายชื่อสถานประกอบการ,นายเกษมสุข เกี๋ยงตาล,8200000,แม่หอพระ,2563,แม่แตง
343,ขุดดิน,เชียงใหม่,0,รายชื่อสถานประกอบการ,นายชัยรัตน์ คำมูล,0,เมืองงาย,2563,เชียงดาว
344,ขุดดิน,เชียงใหม่,500000,รายชื่อสถานประกอบการ,บริษัท ธวัชชัย ไมนิ่ง จำกัด,0,ขี้เหล็ก,2563,แม่แตง
345,ขุดดิน,เชียงใหม่,3,รายชื่อสถานประกอบการ,นายวีระศักดิ์ บุญ-หลง,10510000,ขี้เหล็ก,2563,แม่แตง
346,ขุดดิน,เชียงใหม่,2,รายชื่อสถานประกอบการ,นายบุญปั๋น อุ่นใจจิน,7720000,ข่วงเปา,2563,จอมทอง
347,ขุดดิน,เชียงใหม่,1000000,รายชื่อสถานประกอบการ,นางศรัญญา แดงคำ,0,ดอนเปา,2563,แม่วาง
348,ขุดดิน,เชียงใหม่,50000,รายชื่อสถานประกอบการ,นางสาวมุกดา เตียวกุล,0,แม่ข่า,2563,ฝาง
349,ขุดดิน,เชียงใหม่,100000,รายชื่อสถานประกอบการ,นายประจวบ ศิริศิลป์,0,ขี้เหล็ก,2563,แม่แตง
350,ขุดทราย,เชียงใหม่,300000,รายชื่อสถานประกอบการ,สมบูรณ์ทรัพย์ ท่าทราย,0,แม่แวน,2563,พร้าว
351,ขุดดิน,เชียงใหม่,300000,รายชื่อสถานประกอบการ,นายสมบูรณ์ ถากาศ,0,แม่นาวาง,2563,แม่อาย
352,ขุดดิน,เชียงใหม่,1000000,รายชื่อสถานประกอบการ,นายสิงห์วัน นันตา,0,เวียง,2563,ฝาง
353,ขุดดิน,เชียงใหม่,3,รายชื่อสถานประกอบการ,นายธาดา ชุติมา,7510000,ขี้เหล็ก,2563,แม่แตง
354,ขุด ตัก ลอก ดินในที่ดินกรรมสิทธิ์ สำหรับใช้ในการก่อสร้างและจำหน่าย,เชียงใหม่,500000,รายชื่อสถานประกอบการ,นายพชรวุฒ พษิฐาการกุล,0,ขี้เหล็ก,2563,แม่แตง
355,ขุดดิน,เชียงใหม่,1,รายชื่อสถานประกอบการ,นายสมจิต อายุมั่น,660000,เมืองงาย,2563,เชียงดาว
356,ขุดดิน,เชียงใหม่,60000,รายชื่อสถานประกอบการ,นายสมจิต อายุมั่น,0,เมืองงาย,2563,เชียงดาว
357,การร่อน หรือคัดกรวด หรือทราย,เชียงใหม่,0,รายชื่อสถานประกอบการ,โรงงานร่อน คัดกรวด ทราย โชติชนก,0,สันมหาพน,2563,แม่แตง
358,ร่อนคัดขนาดกรวดทราย,เชียงใหม่,500000,รายชื่อสถานประกอบการ,ทรายตะวัน,0,แม่แฝก,2563,สันทราย
359,ร่อน หรือคัดกรวดทราย,เชียงใหม่,10,รายชื่อสถานประกอบการ,บริษัท จตุรงค์ทราย จำกัด,29000000,แม่แฝก,2563,สันทราย
360,ร่อนคัดขนาดกรวดทราย,เชียงใหม่,5000000,รายชื่อสถานประกอบการ,นายธนาโชติ จำนงค์,0,แม่แฝกใหม่,2563,สันทราย
361,ร่อน หรือคัดกรวดหรือทราย,เชียงใหม่,300000,รายชื่อสถานประกอบการ,บริษัท วี.วี กรุ๊ป จำกัด,0,แม่หอพระ,2563,แม่แตง
362,ร่อน คัดขนาดกรวด ทราย,เชียงใหม่,8,รายชื่อสถานประกอบการ,บริษัท พีรพัฒน์ ดีเซล จำกัด,5800000,แม่แวน,2563,พร้าว
363,ร่อนคัดขนาดทราย,เชียงใหม่,5,รายชื่อสถานประกอบการ,ห้างหุ้นส่วนจำกัด อุทัยทรายทอง,800000,ขี้เหล็ก,2563,แม่แตง
364,การร่อน หรือ คัดกรวดหรือทราย,เชียงใหม่,500000,รายชื่อสถานประกอบการ,ท่าทรายวัชรวงศ์,0,ขี้เหล็ก,2563,แม่ริม
365,ร่อนทราย,เชียงใหม่,100000,รายชื่อสถานประกอบการ,หนุ่มเน้ย,0,บ้านแม,2563,สันป่าตอง
366,ร่อนและคัดขนาดกรวดหรือทราย,เชียงใหม่,1000000,รายชื่อสถานประกอบการ,กรกช ใจวัง,0,สันมหาพน,2563,แม่แตง
367,คัดแยกขนาดกรวดทราย,เชียงใหม่,5,รายชื่อสถานประกอบการ,นายบรรถกานต์ ตาวิราศ,860000,สองแคว,2563,ดอยหล่อ
368,ร่อน คัดแยก กรวด ทราย หิน,เชียงใหม่,12,รายชื่อสถานประกอบการ,กรกช ใจวัง,7500000,ขี้เหล็ก,2563,แม่ริม
369,ร่อน หรือแยกกรวดหรือทราย,เชียงใหม่,500000,รายชื่อสถานประกอบการ,บริษัท พิบูลย์ทราย 2015 จำกัด,0,หางดง,2563,ฮอด
370,ร่อนคัดขนาด ทราย กรวด หิน,เชียงใหม่,50000,รายชื่อสถานประกอบการ,สมบูรณ์ทรัพย์,0,แม่แวน,2563,พร้าว
371,ร่อนหรือคัดกรวดและทราย,เชียงใหม่,500000,รายชื่อสถานประกอบการ,ทรายตะวัน,0,แม่แฝก,2563,สันทราย
372,ดูดทราย ใบอนุญาตใช้เรือเลขที่ 34 50 00658,เชียงใหม่,4,รายชื่อสถานประกอบการ,เพชรเกียรติอุดม,1500000,ท่าตอน,2563,แม่อาย
373,ดูดทราย และคัดแยกขนาดกรวดทราย,เชียงใหม่,5,รายชื่อสถานประกอบการ,นายธนะชัย ปัญโญแก้ว,1400000,ฮอด,2563,ฮอด
374,ดูดและขุดทราย,เชียงใหม่,150000,รายชื่อสถานประกอบการ,ห้างหุ้นส่วนจำกัด ทรัพย์มากล้น,0,ขี้เหล็ก,2563,แม่แตง
375,ดูดร่อนและคัดกรวดทราย (เรือสินพัฒนา ทะเบียนเรือเลขที่ 3773 00212),เชียงใหม่,6,รายชื่อสถานประกอบการ,ท่าทรายสหะชัยรุ่งเรือง,700000,ท่าตอน,2563,แม่อาย
376,ดูดทรายแม่น้ำ,เชียงใหม่,2000000,รายชื่อสถานประกอบการ,นางสาวเทียนทอง ไชยฤทธิ์,0,หางดง,2563,ฮอด
377,ดูดทราย เเละคัดแยกขนาดกรวดทราย,เชียงใหม่,500000,รายชื่อสถานประกอบการ,ห้างหุ้นส่วนจำกัด ธนดลชัย,0,บ้านแปะ,2563,จอมทอง
378,ดูดทราย,เชียงใหม่,1000000,รายชื่อสถานประกอบการ,นายเศกสรร พรหมเสน,0,บงตัน,2563,ดอยเต่า
379,ดูดทราย,เชียงใหม่,7,รายชื่อสถานประกอบการ,บริษัท ทรายสุรีรัตน์ จำกัด,13000000,ดอยเต่า,2563,ดอยเต่า
380,ดูดทราย,เชียงใหม่,500000,รายชื่อสถานประกอบการ,บริษัท พิบูลย์ทราย 2015 จำกัด,0,หางดง,2563,ฮอด
381,ดูดทราย,เชียงใหม่,200000,รายชื่อสถานประกอบการ,บริษัท เชียงใหม่ ผลิตภัณฑ์ หิน ทราย จำกัด,0,บ้านแปะ,2563,จอมทอง
382,ดูดทราย,เชียงใหม่,200000,รายชื่อสถานประกอบการ,บริษัท ทราย เพิ่มพูล จำกัด,0,บ้านแปะ,2563,จอมทอง
383,ดูดทราย,เชียงใหม่,1000000,รายชื่อสถานประกอบการ,นางวิไล อำไพจิตร,0,นาคอเรือ,2563,ฮอด
384,ดูดทราย,เชียงใหม่,5,รายชื่อสถานประกอบการ,นางสาวพัชรี หอยแก้ว,2500000,ฮอด,2563,ฮอด
385,ดูดทราย,เชียงใหม่,3,รายชื่อสถานประกอบการ,บริษัท ทรายสืบเจริญ จำกัด,1800000,ท่าตอน,2563,แม่อาย
386,ดูดทราย,เชียงใหม่,1000000,รายชื่อสถานประกอบการ,ห้างหุ้นส่วนจำกัด บ้านตาลรุ่งเรืองกิจ,0,ฮอด,2563,ฮอด
387,ดูดทราย,เชียงใหม่,5,รายชื่อสถานประกอบการ,ห้างหุ้นส่วนจำกัด ชมพูนุช 2014,2000000,ท่าตอน,2563,แม่อาย
388,ดูดทราย,เชียงใหม่,1000000,รายชื่อสถานประกอบการ,บริษัท ท่าทราย ทรัพย์ทีเอ จำกัด,0,บงตัน,2563,ดอยเต่า
389,ดูดทราย,เชียงใหม่,5,รายชื่อสถานประกอบการ,ห้างหุ้นส่วนจำกัด ธนะชัย แอสโซซิเอท,2500000,ฮอด,2563,ฮอด
390,ดูดทราย,เชียงใหม่,1000000,รายชื่อสถานประกอบการ,ห้างหุ้นส่วนจำกัด บ้านตาล รีฟอร์มมิ่ง,0,บ้านตาล,2563,ฮอด
391,ดูดทราย,เชียงใหม่,4,รายชื่อสถานประกอบการ,บริษัท ท่าทรายพูลทวี จำกัด,1400000,บ้านแปะ,2563,จอมทอง
392,ดูดทราย,เชียงใหม่,9,รายชื่อสถานประกอบการ,บริษัท เอสทีดับบลิว แอสโซซิเอท จำกัด,14500000,เหมืองแก้ว,2563,แม่ริม
393,ดูดทราย,เชียงใหม่,5,รายชื่อสถานประกอบการ,นายวัฒนา บุญวุฒิ,2500000,บงตัน,2563,ดอยเต่า
394,ดูดทราย,เชียงใหม่,5,รายชื่อสถานประกอบการ,บริษัท ลานนา นคราทร จำกัด,2500000,บ้านแปะ,2563,จอมทอง
395,ดูดทราย,เชียงใหม่,100000,รายชื่อสถานประกอบการ,ท่าทราย นิลาวันวิริยะ,0,ท่าตอน,2563,แม่อาย
396,ดูดทราย,เชียงใหม่,200000,รายชื่อสถานประกอบการ,พูลทวีทรายทอง,0,ฮอด,2563,ฮอด
397,ดูดทราย,เชียงใหม่,7,รายชื่อสถานประกอบการ,นายบุญสืบ อำไพจิตร,4000000,ฮอด,2563,ฮอด
398,ดูดทราย,เชียงใหม่,500000,รายชื่อสถานประกอบการ,นายสุริยะ สุขประเสริฐ,0,ฮอด,2563,ฮอด
399,ดูดทราย,เชียงใหม่,3000000,รายชื่อสถานประกอบการ,นายสุเทพ สุทายะ,0,ฮอด,2563,ฮอด
400,ดูดทรายและคัดแยกขนาดกรวดทราย,เชียงใหม่,5,รายชื่อสถานประกอบการ,ห้างหุ้นส่วนจำกัด กษิดิศ แอลพีเอ็น,4000000,หางดง,2563,ฮอด
401,ดูดทราย,เชียงใหม่,1000000,รายชื่อสถานประกอบการ,ห้างหุ้นส่วนจำกัด เดอะพีเอ็นซี,0,นาคอเรือ,2563,ฮอด
402,เลื่อย ไส ซอย เซาะร่อง ไม้ทุกชนิดด้วยเครื่องจักร,เชียงใหม่,0,รายชื่อสถานประกอบการ,บริษัท เชียงใหม่ สุขสวัสดิ์ จำกัด,0,ฟ้าฮ่าม,2563,เมืองเชียงใหม่
403,แปรรูปไม้เพื่อผลิตไม้แปรรูป,เชียงใหม่,5000000,รายชื่อสถานประกอบการ,บริษัท เชียงใหม่สุดาลักษณ์ จำกัด (โรงเลื่อยจักร),0,ต้นเปา,2563,สันกำแพง
404,โรงเลื่อยจักร แปรรูปไม้,เชียงใหม่,3000000,รายชื่อสถานประกอบการ,โรงงาน ตนานุวัฒน์,0,แม่เหียะ,2563,เมืองเชียงใหม่
405,ไสและซอยไม้,เชียงใหม่,1000000,รายชื่อสถานประกอบการ,นายนพรัตน์ นิมมานวัฒนา,0,น้ำแพร่,2563,หางดง
406,"ทำวงกบประตู-หน้าต่าง,เครื่องเรือนจากไม้",เชียงใหม่,1000000,รายชื่อสถานประกอบการ,ห้างหุ้นส่วนจำกัด ส.สยามคาร์เพนเตอร์,0,สันกลาง,2563,สันป่าตอง
407,ทำวงกบ ประตู หน้าต่าง และเครื่องเรือนจากไม้,เชียงใหม่,19100000,รายชื่อสถานประกอบการ,บริษัท เกรทเชียงใหม่ จำกัด,0,หนองป่าครั่ง,2563,เมืองเชียงใหม่
408,"ผลิตวงกบประตูหน้าต่างและบาน,ผลิตเฟอร์นิเจอร์ เครื่องเรือนเครื่องใช้ ไม้คิวไม้บัวฉลุลายไม้กลึง",เชียงใหม่,15,รายชื่อสถานประกอบการ,,1100000,สันกลาง,2563,สันกำแพง
409,"ทำวงกบประตู-หน้าต่าง,เครื่องเรือนจากไม้",เชียงใหม่,15,รายชื่อสถานประกอบการ,,4500000,ขี้เหล็ก,2563,แม่ริม
410,ทำเครื่องเรือน เครื่องใช้ในบ้านเรือน ปาร์เก้ โมเสค ไม้คิ้ว ไม้บัว ไม้กั้นฝ้า ไม้กันเปื้อน ไม้ฉลุ ซี่ลูกกรง ราวบันได โดยใช้ไม้แปรรูป,เชียงใหม่,30,รายชื่อสถานประกอบการ,โรงงานแปรรูปไม้ บริษัท บ้านสวยสวนงาม จำกัด,3856000,แม่หอพระ,2563,แม่แตง
411,ทำวงกบ ประตู-หน้าต่างจากไม้,เชียงใหม่,1000000,รายชื่อสถานประกอบการ,บริษัท เจริญชาติ จำกัด,0,หนองแหย่ง,2563,สันทราย
412,ทำส่วนประกอบที่ทำด้วยไม้ของอาคาร เครื่องเรือนหรือเครื่องตบแต่งภายในอาคารจากไม้,เชียงใหม่,22,รายชื่อสถานประกอบการ,ล้านนาเรือนโบราณ,3320000,สันโป่ง,2563,แม่ริม
413,ทำวงกบ-ประตูหน้าต่างและเครื่องเรือนจากไม้,เชียงใหม่,24,รายชื่อสถานประกอบการ,บริษัท วู๊ด อาร์ต ดี ซายน์ จำกัด,1250000,น้ำแพร่,2563,หางดง
414,ทำเครื่องเรือน เครื่องใช้ในบ้านเรือน วงกบประตู หน้าต่าง ปาร์เก้ โมเสค ไม้คิ้วประสาน แกะสลัก ขัด กลึง โดยใช้ไม้แปรรูป เศษไม้,เชียงใหม่,5,รายชื่อสถานประกอบการ,บริษัท ซีตี้ วู้ด อินดัสตรี จำกัด,16000000,เชิงดอย,2563,ดอยสะเก็ด
415,โรงงานประกอบกิจการเกี่ยวกับไม้ (การถนอมเนื้อไม้ หรือการอบไม้),เชียงใหม่,15,รายชื่อสถานประกอบการ,บริษัท เชียงใหม่สุขสวัสดิ์ จำกัด (สาขา 00001),3000000,เชิงดอย,2563,ดอยสะเก็ด
416,ผลิตพื้นไม้ บ้านเล็กสำเร็จรูป ฝาและผนักประดับบ้านภายในและภายนอก และผลิตภัณฑ์ไม้ไผ่ และไม้ทั่วไปอบพร้อมใช้งาน,เชียงใหม่,24,รายชื่อสถานประกอบการ,บริษัท ชาเลท์ แอนด์ แบมบู จำกัด,14257730,หนองควาย,2563,หางดง
417,ผลิตเฟอร์นิเจอร์ไม้ และผลิตภัณฑ์จากไม้,เชียงใหม่,20,รายชื่อสถานประกอบการ,แซนทารา ลักซ์ เฟอร์นิเจอร์,2000000,ทุ่งต้อม,2563,สันป่าตอง
418,ทำเครื่องใช้ เครื่องเล่นจากไม้,เชียงใหม่,27,รายชื่อสถานประกอบการ,บริษัท คิดดี้ทอยส์ แอนด์ เกมส์ จำกัด,11500000,ยุหว่า,2563,สันป่าตอง
419,ทำผลิตภัณฑ์จากไม้ ภาชนะบรรจุ เครื่องใช้จากไม้,เชียงใหม่,500000,รายชื่อสถานประกอบการ,โคมกนก,0,แม่คือ,2563,ดอยสะเก็ด
420,ผลิตเฟอร์นิเจอร์ไม้ และผลิตภัณท์จากไม้,เชียงใหม่,20,รายชื่อสถานประกอบการ,นางสาวถนอมใจ หิรัญรัตน์,5000000,ป่าป้อง,2563,ดอยสะเก็ด
421,ทำผลิตภัณฑ์จากไม้นอกประเภทหวงห้าม เช่น ภาชนะบรรจุ เครื่องใช้จากไม้ เครื่องตกแต่งภายในอาคารจากไม้ แกะสลักต่างๆ พร้อมประดับด้วยกระจกสี,เชียงใหม่,16,รายชื่อสถานประกอบการ,บริษัท ทัช ออฟ คลาส จำกัด,8800000,ขุนคง,2563,หางดง
422,ผลิตเฟอร์นิเจอร์ และอุปกรณ์ตกแต่งบ้านจากไม้,เชียงใหม่,20,รายชื่อสถานประกอบการ,บริษัท มูนเลอร์ คอลเลคชั่น จำกัด,2500000,สำราญราษฎร์,2563,ดอยสะเก็ด
423,ผลิตของเล่นเด็ก เกมส์ และผลิตภัณฑ์อื่นๆ จากไม้,เชียงใหม่,500000,รายชื่อสถานประกอบการ,โรงงาน บอล บอล เกมส์,0,ท่าวังตาล,2563,สารภี
424,ผลิตเฟอร์นิเจอร์จากไม้,เชียงใหม่,10,รายชื่อสถานประกอบการ,ห้างหุ้นส่วนจำกัด บี.เอช.เนเจอร์วูด,11000000,แม่ข่า,2563,ฝาง
425,ผลิตและส่งออกตลับไม้ กรอบรูป และเชิงเทียน,เชียงใหม่,10000000,รายชื่อสถานประกอบการ,บริษัท วาสนาคอลเล็คชั่น จำกัด,0,สันกำแพง,2563,สันกำแพง
426,ทำเครื่องใช้จากไม้ฉำฉา เช่น เครื่องเล่น,เชียงใหม่,3000,รายชื่อสถานประกอบการ,สมบัติเกมส์ไม้,0,สันกลาง,2563,สันกำแพง
427,ผลิตตลับไม้ กรอบรูปไม้ และเชิงเทียนจากโลหะ,เชียงใหม่,1000000,รายชื่อสถานประกอบการ,บริษัท วาสนาคอลเลคชั่น จำกัด,0,สันกำแพง,2563,สันกำแพง
428,ทำภาชนะบรรจุ เครื่องมือ หรือเครื่องใช้จากไม้และรวมถึงชิ้นส่วนของผลิตภัณฑ์ ดังกล่าว และทำกรอบรูปหรือกรอบกระจกจากไม้,เชียงใหม่,6000000,รายชื่อสถานประกอบการ,บริษัท โค-ลาโบ วูด สตูดิโอ จำกัด,0,ออนกลาง,2563,แม่ออน
429,ทำเครื่องใช้จากไม้,เชียงใหม่,8,รายชื่อสถานประกอบการ,ห้างหุ้นส่วนจำกัด เปี๊ยกแอนติค,3250000,หนองแก๋ว,2563,หางดง
430,ทำเครื่องเรือน เครื่องมือ เครื่องใช้หรือภาชนะบรรจุจากไม้ หรือทำกรอบรูปหรือกรอบกระจกจากไม้ ทำเครื่องเล่นหรือของเล่นจากไม้,เชียงใหม่,14,รายชื่อสถานประกอบการ,ส.ประดิษฐกรรม,1100000,สันทรายน้อย,2563,สันทราย
431,ทำผลิตภัณฑ์จากไม้ และเครื่องใช้จากไม้,เชียงใหม่,25,รายชื่อสถานประกอบการ,บริษัท เชียงใหม่ พิพัฒน์ คราฟวิ่ง จำกัด,21000000,หนองแก๋ว,2563,หางดง
432,แกะสลักไม้ เครื่องเรือน เครื่องตกแต่งภายในอาคารจากไม้,เชียงใหม่,3,รายชื่อสถานประกอบการ,ไม้ขัดทอง,2800000,น้ำแพร่,2563,หางดง
433,ทำกรอบรูปจากไม้,เชียงใหม่,3505000,รายชื่อสถานประกอบการ,บริษัท เอส เค บี สยามโปรดัก จำกัด,0,ป่าป้อง,2563,ดอยสะเก็ด
434,ทำเฟอร์นิเจอร์จากไม้ ไม้ไผ่ หวาย และผักตบชวา,เชียงใหม่,80,รายชื่อสถานประกอบการ,นางวาสนา แก้วสีขาว,3700000,บ้านแหวน,2563,หางดง
435,ทำเครื่องเรือน และเฟอร์นิเจอร์จากไม้ แกะสลักไม้,เชียงใหม่,100,รายชื่อสถานประกอบการ,นางสาวปิยพร เปรมนิรันดร,11000000,หนองควาย,2563,หางดง
436,ผลิตเฟอร์นิเจอร์ไม้,เชียงใหม่,500000,รายชื่อสถานประกอบการ,นรินทร์ อิ่นแก้ว,0,ขุนคง,2563,หางดง
437,ผลิตและจำหน่ายสินค้าตบแต่งบ้าน โคมไฟ และผลิตภัณฑ์จากไม้อื่นๆ,เชียงใหม่,35,รายชื่อสถานประกอบการ,บริษัท สุนา ลิฟวิ่ง จำกัด,2000000,ขุนคง,2563,หางดง
438,ผลิตเครื่องเรือน เครื่องตบแต่งภายในอาคารจากไม้,เชียงใหม่,5000000,รายชื่อสถานประกอบการ,บริษัท เอพลัสเฟอร์นิเจอร์ จำกัด,0,เหมืองแก้ว,2563,แม่ริม
439,"ทำเครื่องเรือน,เครื่องใช้จากไม้,ตบแต่งสีไม้แกะสลัก",เชียงใหม่,6000000,รายชื่อสถานประกอบการ,บริษัท เชียงใหม่ พิพัฒน์คราฟวิ่ง จำกัด,0,หนองแก๋ว,2563,หางดง
440,ทำเครื่องเรือนจากไม้ หรือเครื่องตบแต่งในอาคารจากไม้,เชียงใหม่,1500000,รายชื่อสถานประกอบการ,บริษัท รีแลกซ์คอมฟอร์ท จำกัด,0,หนองผึ้ง,2563,สารภี
441,ทำเครื่องเรือนและเครื่องตบแต่งภายในอาคารจากไม้,เชียงใหม่,17500000,รายชื่อสถานประกอบการ,บริษัท วรวุฒิเฟอร์นิเจอร์ แอนด์ เดคคอร์ จำกัด,0,ป่าแดด,2563,เมืองเชียงใหม่
442,ผลิตเฟอร์นิเจอร์และของตกแต่งบ้าน,เชียงใหม่,300000,รายชื่อสถานประกอบการ,โรงงานผลิตเฟอร์นิเจอร์ไม้,0,ขุนคง,2563,หางดง
443,ผลิตเฟอร์นิเจอร์,เชียงใหม่,200000,รายชื่อสถานประกอบการ,สมบูรณ์-มาลี แอนติค,0,ขุนคง,2563,หางดง
444,ผลิตเฟอร์นิเจอร์,เชียงใหม่,2000000,รายชื่อสถานประกอบการ,บริษัท จีซีคอลเลคชั่น จำกัด,0,หนองแก๋ว,2563,หางดง
445,ผลิตเฟอร์นิเจอร์,เชียงใหม่,1000000,รายชื่อสถานประกอบการ,บริษัท อาร์.จี.อัส วู้ด จำกัด,0,ออนใต้,2563,สันกำแพง
446,ทำเครื่องเรือนและเครื่องใช้จากไม้,เชียงใหม่,20,รายชื่อสถานประกอบการ,สหกรณ์หัตถกรรมเมืองเชียงใหม่ จำกัด,1550000,ต้นเปา,2563,สันกำแพง
447,"ทำเฟอร์นิเจอร์ไม้,เครื่องเรือนจากไม้,ไม้พื้นปาร์เก้,โมเสค",เชียงใหม่,2000000,รายชื่อสถานประกอบการ,ห้างหุ้นส่วนจำกัด เชียงใหม่ ทีค วีเนียร์,0,แช่ช้าง,2563,สันกำแพง
448,ทำเฟอร์นิเจอร์ไม้ ผลิตภัณฑ์จากไม้ และออกแบบตกแต่งจากไม้,เชียงใหม่,8,รายชื่อสถานประกอบการ,บริษัท 09 ดีไซน์ เฟอร์นิเจอร์ จำกัด,936000,ต้นเปา,2563,สันกำแพง
449,ทำเครื่องเรือนเครื่องใช้จากไม้,เชียงใหม่,2034728,รายชื่อสถานประกอบการ,บริษัท บี.ซี. อาร์ท จำกัด,0,สันกลาง,2563,สันกำแพง
450,ทำเครื่องเรือน เครื่องใช้ในบ้านเรือน ปาร์เก้ โมเสค ของที่ระลึกโดยใช้ไม้แปรรูป,เชียงใหม่,2000000,รายชื่อสถานประกอบการ,มัลลิกาเฟอร์นิเจอร์,0,ต้นเปา,2563,สันกำแพง
451,ทำเครื่องเรือนเครื่องใช้จากไม้,เชียงใหม่,2000000,รายชื่อสถานประกอบการ,ห้างหุ้นส่วนจำกัด มัลลิกา แกะสลัก,0,ต้นเปา,2563,สันกำแพง
452,ทำเครื่องเรือนและของตกแต่งบ้านจากไม้,เชียงใหม่,2000000,รายชื่อสถานประกอบการ,นายณัฐพล โปธาตน,0,ขุนคง,2563,หางดง
453,ทำเครื่องเรือนจากไม้ เช่น โต๊ะ ตู้ เตียง เก้าอี้ ฯลฯ,เชียงใหม่,1000000,รายชื่อสถานประกอบการ,บริษัท อะเมซิ่ง เนเชอร์ วู๊ดส์ จำกัด,0,น้ำแพร่,2563,หางดง
454,ประดิษฐ์ ผลิต ซ่อมแซม เครื่องเรือน เครื่องใช้ เครื่องตกแต่างภายนอก ภายในอาคารทุกชนิดจากไม้,เชียงใหม่,40,รายชื่อสถานประกอบการ,บริษัท มูเทียร่า จำกัด,6000000,ยุหว่า,2563,สันป่าตอง
455,ทำเฟอร์นิเจอร์ ผลิตภัณฑ์จากไม้และออกแบบตกแต่งภายใน,เชียงใหม่,30,รายชื่อสถานประกอบการ,บริษัท ปานา คอลเลคชั่น จำกัด,2000000,ขุนคง,2563,หางดง
456,ผลิตเฟอร์นิเจอร์และผลิตภัณฑ์จากไม้,เชียงใหม่,4,รายชื่อสถานประกอบการ,สินีนาฎเฟอร์นิเจอร์,500000,บวกค้าง,2563,สันกำแพง
457,ทำเครื่องเรือน เครื่องตบแต่งภายในอาคาร เครื่องเล่นจากไม้,เชียงใหม่,3000000,รายชื่อสถานประกอบการ,บริษัท คิดตี้ทอยส์อินเตอร์เนชั่นแนล จำกัด,0,ยุหว่า,2563,สันป่าตอง
458,ผลิตเฟอร์นิเจอร์จากไม้,เชียงใหม่,19,รายชื่อสถานประกอบการ,จิราภรณ์เฟอร์นิเจอร์,11800000,ขุนคง,2563,หางดง
459,ทำเครื่องเรือน เฟอร์นิเจอร์ตกแต่งภายในอาคาร จากไม้,เชียงใหม่,2000000,รายชื่อสถานประกอบการ,บริษัท โค-ลาโบ วูด สตูดิโอ จำกัด,0,ออนกลาง,2563,แม่ออน
460,ทำเครื่องเรือนหรือเครื่องตบแต่งภายในอาคารจากไม้ ทำวงกบ ขอบประตู ขอบหน้าต่าง ส่วนประกอบที่ทำด้วยไม้ของอาคาร ภาชนะบรรจุ เครื่องมือ หรือเครื่องใช้จากไม้ และทำกรอบรูปหรือกรอบกระจกจากไม้,เชียงใหม่,29,รายชื่อสถานประกอบการ,ส.สันกำแพง,5450000,ร้องวัวแดง,2563,สันกำแพง
461,ทำเครื่องเรือนหรือเครื่องตบแต่งจากไม้ๆ,เชียงใหม่,150000,รายชื่อสถานประกอบการ,นายสาคร ไชยคำวัง,0,ตลาดขวัญ,2563,ดอยสะเก็ด
462,"ผลิตจัดจำหน่ายเครื่องเรือนเฟอร์นิเจอร์ ,หัตถกรรม ใช้ในครัวเรือน ที่ผลิตจากไม้",เชียงใหม่,1000000,รายชื่อสถานประกอบการ,บริษัท สวิส ไทย วอเตอร์ โซลูชั่น จำกัด,0,ขุนคง,2563,หางดง
463,ทำเครื่องเรือนและของตบแต่งจากไม้,เชียงใหม่,1000000,รายชื่อสถานประกอบการ,ห้างหุ้นส่วนจำกัด ดิ ออเรียลทอล ลานนา,0,ขี้เหล็ก,2563,แม่แตง
464,ทำเครื่องเรือน หรือเครื่องตบแต่งจากไม้ เช่นโต๊ะหมู่บูชา,เชียงใหม่,1000000,รายชื่อสถานประกอบการ,ณฐมนสังฆภัณฑ์,0,ป่าลาน,2563,ดอยสะเก็ด
465,ทำเครื่องเรือนหรือเครื่องตบแต่งภายในอาคารจากไม้,เชียงใหม่,1500000,รายชื่อสถานประกอบการ,บริษัท นภัสนันท์การค้าไม้ จำกัด,0,ป่าป้อง,2563,ดอยสะเก็ด
466,ทำวงกบ ประตู หน้าต่าง และเครื่องเรื่อนจากไม้,เชียงใหม่,20,รายชื่อสถานประกอบการ,นายอรรถศาสตร์ พงษ์พานิชย์,6500000,สบเปิง,2563,แม่แตง
467,ผลิตกระดาษสา,เชียงใหม่,3000000,รายชื่อสถานประกอบการ,ซี.เอส.พี เชียงใหม่กระดาษสา,0,แม่แฝก,2563,สันทราย
468,ฆ่าสัตว์และชำแหละเนื้อสัตว์,เชียงใหม่,2500000,รายชื่อสถานประกอบการ,บริษัท จิตรุ่งเรืองกรุ๊ป จำกัด,0,สันกำแพง,2563,สันกำแพง
469,โรงฆ่าสัตว์และแปรรูปเนื้อสัตว์เพื่อการทดลอง,เชียงใหม่,500000,รายชื่อสถานประกอบการ,กรมปศุสัตว์,0,ช้างเผือก,2563,เมืองเชียงใหม่
470,ฆ่าและชำแหละไก่,เชียงใหม่,5000000,รายชื่อสถานประกอบการ,บริษัท ฟาร์ม 9 ไก่ฟู้ดส์ จำกัด,0,มะขามหลวง,2563,สันป่าตอง
471,โรงฆ่าสุกรและแปรรูปผลิตภัณฑ์สุกร,เชียงใหม่,50,รายชื่อสถานประกอบการ,โรงงานแปรรูปสุกรแม่โจ้,35000000,หนองหาร,2563,สันทราย
472,โรงฆ่าและชำแหละสัตว์ปีก,เชียงใหม่,900000,รายชื่อสถานประกอบการ,ไก่สดนันทา,0,หายยา,2563,เมืองเชียงใหม่
473,ฆ่าสัตว์(สุกร),เชียงใหม่,30,รายชื่อสถานประกอบการ,บริษัท ชัยพัฒนา ฟาร์ม จำกัด,30000000,เชิงดอย,2563,ดอยสะเก็ด
474,ฆ่าและชำแหละสุกร,เชียงใหม่,150000,รายชื่อสถานประกอบการ,โรงฆ่าสัตว์(สุกร),0,หนองบัว,2563,ไชยปราการ
475,ฆ่าและชำแหละไก่,เชียงใหม่,5000000,รายชื่อสถานประกอบการ,ห้างหุ้นส่วนจำกัด ป.พุฒ ไก่สด,0,หนองแหย่ง,2563,สันทราย
476,ทำผลิตภัณฑ์อาหารจากเนื้อสัตว์ มันสัตว์ หนังสัตว์ หรือสารสกัดจากไขสัตว์หรือกระดูกสัตว์,เชียงใหม่,6,รายชื่อสถานประกอบการ,บริษัท ไตรเทค 2005 (ประเทศไทย) จำกัด,17500000,แช่ช้าง,2563,สันกำแพง
477,ทำลูกชิ้นเนื้อ และหมู,เชียงใหม่,4,รายชื่อสถานประกอบการ,ลูกชิ้นบุญเสริม,850000,สันโป่ง,2563,แม่ริม
478,เกี่ยวกับผลิตภัณฑ์จากผึ้ง และน้ำผึ้ง เช่น เครื่องดื่ม น้ำส้มสายชูหมักจากน้ำผึ้ง สบู่น้ำผึ้ง สบู่นมน้ำผึ้ง สบู่พรอพอลิส และอื่นๆ และสบู่ แชมพู หรือผลิตภัณฑ์สำหรับชะล้างหรือขัดถู เครื่องสำอาง หรือสิ่งปรุงแต่งร่างกาย ,เชียงใหม่,11,รายชื่อสถานประกอบการ,บริษัท เชียงใหม่ เฮลตี้ โปรดักส์ จำกัด,58250000,ชมภู,2563,สารภี
479,"ทำลูกชิ้นเนื้อ,หมู",เชียงใหม่,500000,รายชื่อสถานประกอบการ,ลูกชิ้นมีชัย,0,ป่าแดด,2563,เมืองเชียงใหม่
480,ผลิตลูกชิ้นเนื้อ หมู และไก่,เชียงใหม่,200000,รายชื่อสถานประกอบการ,ลูกชิ้นวัญนา,0,สันโป่ง,2563,แม่ริม
481,ทำลูกชิ้นและหมูยอ,เชียงใหม่,200000,รายชื่อสถานประกอบการ,โรงงานพรสวรรค์,0,ต้นเปา,2563,สันกำแพง
482,ทำกุนเชียง หมูหยอง,เชียงใหม่,1500000,รายชื่อสถานประกอบการ,บริษัท จิง จิง เฮียงเชียงใหม่ จำกัด,0,ท่าวังตาล,2563,สารภี
483,แปรรูปผลิตภัณฑ์จากผึ้ง,เชียงใหม่,1000000,รายชื่อสถานประกอบการ,บริษัท ฟาร์มผึ้งพัฒนกิจ จำกัด,0,หนองผึ้ง,2563,สารภี
484,แปรรูปผลิตภัณฑ์อาหารจากเนื้อสัตว์,เชียงใหม่,1000000,รายชื่อสถานประกอบการ,ลูกชิ้นพรสวรรค์,0,ต้นเปา,2563,สันกำแพง
485,ผลิตอาหารจากเนื้อสัตว์ เช่น ไส้กรอก แฮม เบอร์เกอร์ ปาเต้,เชียงใหม่,6,รายชื่อสถานประกอบการ,บริษัท จีบุส ฟู้ดส์ โปรดักส์ จำกัด,8500000,ท่าศาลา,2563,เมืองเชียงใหม่
486,ชำแหละ ตัดแต่ง ชิ้นส่วนสุกรและแปรรูปเนื้อสัตว์,เชียงใหม่,77,รายชื่อสถานประกอบการ,บริษัท ซีพีเอฟ (ประเทศไทย) จำกัด (มหาชน),90000000,สันกลาง,2563,สันป่าตอง
487,แปรรูปผลิตภัณฑ์จากไข่ และคัดบรรจุไข่,เชียงใหม่,11,รายชื่อสถานประกอบการ,บริษัท ซีพีเอฟ (ประเทศไทย) จำกัด (มหาชน),206500000,ห้วยทราย,2563,สันกำแพง
488,อัดเศษกระดาษ,เชียงใหม่,200000,รายชื่อสถานประกอบการ,ส.วิวัฒน์พานิช,0,หนองหอย,2563,เมืองเชียงใหม่
489,อัดเศษกระดาษเก่า,เชียงใหม่,2000000,รายชื่อสถานประกอบการ,โรงอัดเศษกระดาษสารภี,0,สารภี,2563,สารภี
490,ทำผลิตภัณฑ์จากกระดาษสา,เชียงใหม่,5499803,รายชื่อสถานประกอบการ,ห้างหุ้นส่วนจำกัด เชียงใหม่อินเตอร์เนชั่นแนล เดค,0,สันกำแพง,2563,สันกำแพง
491,พิมพ์สิ่งพิมพ์ต่าง ๆ,เชียงใหม่,500000,รายชื่อสถานประกอบการ,บริษัท โชตนาพริ้นท์ จำกัด,0,ศรีภูมิ,2563,เมืองเชียงใหม่
492,พิมพ์สิ่งพิมพ์ต่างๆ,เชียงใหม่,0,รายชื่อสถานประกอบการ,ห้างหุ้นส่วนจำกัด สยามรัตน,0,ช้างคลาน,2563,เมืองเชียงใหม่
493,ผลิตปุ๋ยเคมี,เชียงใหม่,750000,รายชื่อสถานประกอบการ,มหาลาภ,0,ร้องวัวแดง,2563,สันกำแพง
494,ผลิตปุ๋ยอินทรีย์ (ปุ๋ยหมัก) และปุ๋ยอินทรีย์เคมี,เชียงใหม่,500000,รายชื่อสถานประกอบการ,บริษัท เชียงใหม่ฮิวโมสท์ จำกัด,0,แช่ช้าง,2563,สันกำแพง
495,ผลิตปุ๋ยอินทรีย์,เชียงใหม่,7500000,รายชื่อสถานประกอบการ,บริษัท เนเจอรอล อะกรีคัลเจอร์ จำกัด,0,แม่หอพระ,2563,แม่แตง
496,ผลิตปุ๋ยอินทรีย์-ชีวภาพ,เชียงใหม่,8815000,รายชื่อสถานประกอบการ,บริษัท มอนทรีโอ้ ค๊อฟฟี่ จำกัด,0,ดอยหล่อ,2563,ดอยหล่อ
497,เกี่ยวกับการผลิตวัตถุที่รับรองไว้ในตำรายาที่รัฐมนตรีว่าการกระทรวงสาธารณสุขประกาศและการผลิตวัตถุที่มุ่งหมายสำหรับใช้ในการวิเคราะห์ บำบัด บรรเทา รักษา หรือป้องกันโรคหรือความเจ็บป่วยของมนุษย์หรือสัตว์,เชียงใหม่,13,รายชื่อสถานประกอบการ,บริษัท ดีท็อกซ์ (ประเทศไทย) จำกัด,66000000,น้ำแพร่,2563,หางดง
498,การสกัดสมุนไพรทำเครื่องสำอาง ยาสมุนไพร และอาหารเสริม,เชียงใหม่,30,รายชื่อสถานประกอบการ,บริษัท ซีเอ็มซี แอสโซซิเอทส์ จำกัด,32000000,แม่นะ,2563,เชียงดาว
499,โรงงานประกอบกิจการเกี่ยวกับ ยา การผลิตวัตถุที่มุ่งหมายสำหรับใช้ในการวิเคราะห์ บำบัด บรรเทา รักษาหรือป้องกันโรค หรือความเจ็บป่วยของมนุษย์ หรือสัตว์,เชียงใหม่,21,รายชื่อสถานประกอบการ,บริษัท ดีท็อกซ์(ประเทศไทย) จำกัด,8500000,น้ำแพร่,2563,หางดง
500,การผลิตน้ำยาทำความสะอาด,เชียงใหม่,40000000,รายชื่อสถานประกอบการ,บริษัท เค.ซี.ซี.พี. 2011 กรุ๊ป จำกัด,0,ป่าบง,2563,สารภี
501,ผลิตสบู่และเครื่องสำอางค์ สมุนไพร,เชียงใหม่,5000000,รายชื่อสถานประกอบการ,บริษัท เฮิร์บ เบสิคส์ จำกัด,0,หารแก้ว,2563,หางดง
502,ผลิต-จำหน่าย เครื่องสำอาง อาหารเสริม สารสกัด,เชียงใหม่,5,รายชื่อสถานประกอบการ,บริษัท เอส.ที.ดี เมติกส์ จำกัด,31954217.27,หนองหาร,2563,สันทราย
503,ผลิตพาราฟินแวกซ์,เชียงใหม่,13,รายชื่อสถานประกอบการ,บริษัท อุนนดา จำกัด,13500000,ป่าป้อง,2563,ดอยสะเก็ด
504,ผลิตถ่านกัมมันต (ACTIVATED CARBON) และเครื่องกรองน้ำ,เชียงใหม่,7,รายชื่อสถานประกอบการ,พี เอ คาร์บอน,2100000,ตลาดใหญ่,2563,ดอยสะเก็ด
505,ผลิตเทียนหอม,เชียงใหม่,90,รายชื่อสถานประกอบการ,บริษัท ที.ที.ที.แคนเดิล จำกัด,20050000,สันผักหวาน,2563,หางดง
506,ทำเทียนหอมและเทียนไข,เชียงใหม่,1000000,รายชื่อสถานประกอบการ,บริษัท ดาเลี่ยน ทาเล้น โฮม เดคอร์(ไทย) จำกัด,0,บ้านกลาง,2563,สันป่าตอง
507,ทำผลิตภัณฑ์นม,เชียงใหม่,1000000,รายชื่อสถานประกอบการ,บริษัท เชียงใหม่ เฟรชมิลค์ จำกัด,0,ท่าวังตาล,2563,สารภี
508,ผลิตนมพลาสเจอร์ไรส์ และ ยู.เอช.ที,เชียงใหม่,0,รายชื่อสถานประกอบการ,บริษัท โกลด์มิลค์ จำกัด,0,ชมภู,2563,สารภี
509,ผลิตแอสฟัลท์ติกคอนกรีต,เชียงใหม่,500000,รายชื่อสถานประกอบการ,ห้างหุ้นส่วนจำกัด ปราการวิศวะก่อสร้าง,0,แม่สูน,2563,ฝาง
510,ผลิตแอสฟัลท์ติกคอนกรีต,เชียงใหม่,3000000,รายชื่อสถานประกอบการ,บริษัท เชียงใหม่ 49 คอนสตรัคชั่น จำกัด,0,มะขุนหวาน,2563,สันป่าตอง
511,ผลิตแอสฟัลท์ติกคอนกรีต,เชียงใหม่,5000000,รายชื่อสถานประกอบการ,ห้างหุ้นส่วนจำกัด ขนุนแดงคอนสตรัคชั่น,0,เวียง,2563,ฝาง
512,ผลิตแอสฟัลส์ติกคอนกรีต,เชียงใหม่,10000000,รายชื่อสถานประกอบการ,ห้างหุ้นส่วนจำกัด เชียงใหม่ศรีอัมภาการก่อสร้าง,0,น้ำแพร่,2563,หางดง
513,ผลิตแอสฟัลท์ติกคอนกรีต,เชียงใหม่,6,รายชื่อสถานประกอบการ,บริษัท สุขุมการโยธา จำกัด,89048450,ฮอด,2563,ฮอด
514,ผลิตแอสฟัลท์ติกคอนกรีต,เชียงใหม่,10000000,รายชื่อสถานประกอบการ,ห้างหุ้นส่วนจำกัด ธนะชัย แอสโซซิเอท,0,หนองหาร,2563,สันทราย
515,ผลิตแอสฟัลติกคอนกรีต,เชียงใหม่,3,รายชื่อสถานประกอบการ,ห้างหุ้นส่วนจำกัด ธัญญลักษณ์เอ็นจิเนียริ่ง,30350000,บ้านกาด,2563,แม่วาง
516,ผลิตแอสฟัลส์ติคคอนกรีต,เชียงใหม่,10000000,รายชื่อสถานประกอบการ,บริษัท อัครโยธิน จำกัด,0,ยางเปียง,2563,อมก๋อย
517,ทำคอนกรีตแอสฟัลต์,เชียงใหม่,15,รายชื่อสถานประกอบการ,บริษัท เชียงใหม่สหวิศวโยธาการ จำกัด,21000000,ยางเนิ้ง,2563,สารภี
518,โรงงานยางแอสฟัลท์ติกคอนกรีตผสมเสร็จ,เชียงใหม่,10000000,รายชื่อสถานประกอบการ,บริษัท เชียงใหม่ เอส.พี คอนสตรัคชั่น จำกัด,0,บวกค้าง,2563,สันกำแพง
519,ผลิตแอสฟัลต์ติกคอนกรีต,เชียงใหม่,200000,รายชื่อสถานประกอบการ,บริษัท กาญจนาธุรกิจก่อสร้าง จำกัด,0,ร้องวัวแดง,2563,สันกำแพง
520,ผลิตแอสฟัลท์ติกคอนกรีต,เชียงใหม่,10000000,รายชื่อสถานประกอบการ,บริษัท บลูแลนด์ เอ็นจิเนียริ่ง จำกัด,0,บ้านตาล,2563,ฮอด
521,โรงงานผลิตแอสฟัลท์ติกคอนกรีต,เชียงใหม่,1000000,รายชื่อสถานประกอบการ,บริษัท เชียงใหม่ศรีสุนทร จำกัด,0,อินทขิล,2563,แม่แตง
522,ผลิตแอสฟัสท์ติกคอนกรีต,เชียงใหม่,3000000,รายชื่อสถานประกอบการ,ห้างหุ้นส่วนจำกัด ธนาทรัพย์การโยธา,0,ขี้เหล็ก,2563,แม่แตง
523,ผลิตแอสฟัลท์ติกคอนกรีต,เชียงใหม่,2000000,รายชื่อสถานประกอบการ,บริษัท ทีแพค แอสฟัลท์ติก แอนด์ คอนกรีต จำกัด,0,ดอยหล่อ,2563,ดอยหล่อ
524,ผลิตแอสฟัลต์ติกคอนกรีต,เชียงใหม่,1000000,รายชื่อสถานประกอบการ,บริษัท เชียงใหม่ สหศิลา จำกัด,0,ศรีดงเย็น,2563,ไชยปราการ
525,ผลิตแอสฟัลติกคอนกรีต,เชียงใหม่,1000000,รายชื่อสถานประกอบการ,ห้างหุ้นส่วนจำกัด ลำธาร คอนสตรัคชั่น,0,ดอยหล่อ,2563,ดอยหล่อ
526,ผลิตแอสฟิลท์ติกคอนกรีต,เชียงใหม่,3000000,รายชื่อสถานประกอบการ,ห้างหุ้นส่วนจำกัด เอ.เอ็น.วี. สำรวจและรังวัด,0,ขี้เหล็ก,2563,แม่ริม
527,ผลิตแอสฟัลท์ติกคอนกรีต,เชียงใหม่,10000000,รายชื่อสถานประกอบการ,บริษัท ภาคเหนือวัสดุ จำกัด,0,บ้านแอ่น,2563,ดอยเต่า
528,ผลิตซีนกันน้ำมัน,เชียงใหม่,32,รายชื่อสถานประกอบการ,บริษัท อิเทอร์นัล เอ็นเตอร์ไพรส์ จำกัด,1100000,แม่เหียะ,2563,เมืองเชียงใหม่
529,บดย่อยยางรถยนต์,เชียงใหม่,100000,รายชื่อสถานประกอบการ,บริษัท คอนติเนนตัล แพลทฟอร์ม (ไทยแลนด์) จำกัด,0,ดอนเปา,2563,แม่วาง
530,ผลิตฟองน้ำ ตัดฟองน้ำ ทำชิ้นส่วนเครื่องเรือน,เชียงใหม่,2000000,รายชื่อสถานประกอบการ,บริษัท เคียงดอย โปรดักส์ จำกัด,0,ยุหว่า,2563,สันป่าตอง
531,ผลิตอุปกรณ์ผ้าม่าน,เชียงใหม่,2000000,รายชื่อสถานประกอบการ,อี.พี.เดคคอร์ (ประเทศไทย),0,หนองหาร,2563,สันทราย
532,"ทำผลิตภัณฑ์พลาสติก เช่น ขวด,แก้วน้ำ",เชียงใหม่,1000000,รายชื่อสถานประกอบการ,พลาสติกเก้ายอด,0,สง่าบ้าน,2563,ดอยสะเก็ด
533,ทำถุงพลาสติก,เชียงใหม่,2100000,รายชื่อสถานประกอบการ,ยิ้มเจริญพลาสติก,0,ป่าไผ่,2563,สันทราย
534,ผลิตถุงพลาสติก,เชียงใหม่,15,รายชื่อสถานประกอบการ,ห้างหุ้นส่วนจำกัด บุญตาอุตสาหกรรมพลาสติก,4500000,ดอนแก้ว,2563,สารภี
535,ผลิตผลิตภัณฑ์พลาสติก,เชียงใหม่,4000000,รายชื่อสถานประกอบการ,บริษัท รวมเเพคส์ พลาสติก จำกัด,0,สารภี,2563,สารภี
536,ผลิตถังน้ำและถังบำบัดน้ำเสีย,เชียงใหม่,2000000,รายชื่อสถานประกอบการ,บริษัท เจริญมิตรเชียงใหม่ จำกัด,0,แช่ช้าง,2563,สันกำแพง
537,ผลิตกระสอบสานพลาสติก,เชียงใหม่,4000000,รายชื่อสถานประกอบการ,ล้านนาโพลีแซค,0,แม่แฝก,2563,สันทราย
538,ผลิตกระสอบสานพลาสติก,เชียงใหม่,4000000,รายชื่อสถานประกอบการ,บริษัท เดอ คอนสตรัคชั่น จำกัด,0,แม่แฝก,2563,สันทราย
539,ทำพลาสติกเม็ดและทำถุงพลาสติก,เชียงใหม่,18,รายชื่อสถานประกอบการ,นิศารัตน์ พลาสติก,3700000,สันกำแพง,2563,สันกำแพง
540,ผลิตภาชนะเครื่องใช้และผลิตภัณฑ์ที่เกี่ยวกับพลาสติกทุกชนิด,เชียงใหม่,1000000,รายชื่อสถานประกอบการ,บริษัท จิ้น ลี่ จำกัด,0,ขุนคง,2563,หางดง
541,ทำพลาสติกเป็นเม็ด และเป็นชิ้น,เชียงใหม่,1000000,รายชื่อสถานประกอบการ,ห้างหุ้นส่วนจำกัด อโนทัยพลาสติก,0,ห้วยทราย,2563,แม่ริม
542,การล้าง บด หรือย่อยพลาสติก,เชียงใหม่,4000000,รายชื่อสถานประกอบการ,พรพรรณพานิช,0,บวกค้าง,2563,สันกำแพง
543,บีบ อัด บด ล้าง หรือ ย่อยพลาสติก,เชียงใหม่,1500000,รายชื่อสถานประกอบการ,บริษัท สแคร็พไทยรีไซเคิล(พลาสติก) จำกัด,0,ดอยหล่อ,2563,ดอยหล่อ
544,"ล้าง,บด,ย่อย,พลาสติก",เชียงใหม่,16,รายชื่อสถานประกอบการ,Yong Shein Plastic Recycle Ordinary Partnership,2750000,ขี้เหล็ก,2563,แม่ริม
545,ล้าง บด หรือย่อยพลาสติก,เชียงใหม่,2000000,รายชื่อสถานประกอบการ,บริษัท ล้านนา เอ็น-โพลีเมอร์ จำกัด,0,บวกค้าง,2563,สันกำแพง
546,ล้าง บด ย่อยพลาสติก,เชียงใหม่,3000000,รายชื่อสถานประกอบการ,บริษัท พงศ์พสิษฐ์ จำกัด,0,บ้านกลาง,2563,สันป่าตอง
547,บดย่อยพลาสติก,เชียงใหม่,14,รายชื่อสถานประกอบการ,โรงโม่พลาสติกแม่วาง,4100000,ดอนเปา,2563,แม่วาง
548,ผลิตลูกปัดแก้ว,เชียงใหม่,1182000,รายชื่อสถานประกอบการ,บริษัท อาร์ เอ็ม ซี เจมส์ ไทย จำกัด,0,ทรายมูล,2563,สันกำแพง
549,เครื่องเคลือบดินเผา,เชียงใหม่,100000,รายชื่อสถานประกอบการ,เจียงดินเซรามิค,0,หนองป่าครั่ง,2563,เมืองเชียงใหม่
550,ทำเครื่องเคลือบดินเผา,เชียงใหม่,200000,รายชื่อสถานประกอบการ,บริษัท สยามศิลาดล พอตเทอรี่ จำกัด,0,ต้นเปา,2563,สันกำแพง
551,ทำเครื่องปั๊มดินเผา,เชียงใหม่,4500000,รายชื่อสถานประกอบการ,บริษัท สโตนสเคปส์ จำกัด,0,น้ำแพร่,2563,หางดง
552,ทำเครื่องปั้นดินเผา,เชียงใหม่,1000000,รายชื่อสถานประกอบการ,ห้างหุ้นส่วนจำกัด เชียงใหม่เซลาดอน (2015),0,ป่าป้อง,2563,ดอยสะเก็ด
553,ผลิตและจำหน่ายเครื่องปั้นดินเผาประเภทสุขภัณฑ์ในห้องน้ำ,เชียงใหม่,200000,รายชื่อสถานประกอบการ,บริษัท แกรนด์ เซรามิค จำกัด,0,สันกำแพง,2563,สันกำแพง
554,ผลิตเครื่องเซรามิค,เชียงใหม่,763487,รายชื่อสถานประกอบการ,บริษัท เชียงใหม่ พอร์สเลน จำกัด,0,บ้านแหวน,2563,หางดง
555,ผลิตเซรามิค เครื่องประดับ,เชียงใหม่,4100000,รายชื่อสถานประกอบการ,บริษัท ซี เอ็ม เซรามิค เชียงใหม่(ประเทศไทย) จำกัด,0,สันติสุข,2563,ดอยหล่อ
556,ทำเครื่องปั้นดินเผา,เชียงใหม่,22,รายชื่อสถานประกอบการ,แม่ริมเซรามิคสตูดิโอ,6000000,ดอนแก้ว,2563,แม่ริม
557,ทำเซรามิค,เชียงใหม่,50000,รายชื่อสถานประกอบการ,ห้างหุ้นส่วนจำกัด ณ. นวอินเตอร์เนชั่นแนล,0,ยางเนิ้ง,2563,สารภี
558,"ผลิตเครื่องปั้นดินเผา ,เครื่องเคลือบ ,เซรามิก",เชียงใหม่,1000000,รายชื่อสถานประกอบการ,บริษัท กษมา พอทเทอรี่ จำกัด,0,สันนาเม็ง,2563,สันทราย
559,ผลิตเครื่องปั้นดินเผาเคลือบศิลาดล,เชียงใหม่,9500000,รายชื่อสถานประกอบการ,เตาเม็งราย,0,ต้นเปา,2563,สันกำแพง
560,ทำอิฐ ดินเผา,เชียงใหม่,300000,รายชื่อสถานประกอบการ,เบิ้มอิฐก่อ,0,บ้านแม,2563,สันป่าตอง
561,ผลิตอิฐดินเผา,เชียงใหม่,3000000,รายชื่อสถานประกอบการ,บริษัท ปัทมเพชร จำกัด,0,ข่วงเปา,2563,จอมทอง
562,อิฐดินเผา,เชียงใหม่,10,รายชื่อสถานประกอบการ,อิฐคำปัน,2100000,แม่สาว,2563,แม่อาย
563,ทำอิฐดินเผา,เชียงใหม่,500000,รายชื่อสถานประกอบการ,อิฐคำปัน,0,แม่สาว,2563,แม่อาย
564,ทำอิฐ,เชียงใหม่,0,รายชื่อสถานประกอบการ,อิฐชัยวัฒนา,0,หนองควาย,2563,หางดง
565,ผลิตและจำหน่ายอิฐมอญ,เชียงใหม่,100000,รายชื่อสถานประกอบการ,อิฐสุขใจ,0,แม่สาว,2563,แม่อาย
566,ผลิตและจำหน่วยอิฐมอญ,เชียงใหม่,26,รายชื่อสถานประกอบการ,นายจันทร์ทิพย์ โกช่วย,3144000,แม่สาว,2563,แม่อาย
567,ทำผลิตภัณฑ์จากการผสมปูนปลาสเตอร์ เช่น ฟันปลอม,เชียงใหม่,166,รายชื่อสถานประกอบการ,บริษัท เอ็กซา ซีแลม จำกัด,8800000,สันพระเนตร,2563,สันทราย
568,ทำผลิตภัณฑ์คอนกรีต เช่น เสาเข็ม แผ่นพื้น เสารั้วคอนกรีตอัดแรง,เชียงใหม่,500000,รายชื่อสถานประกอบการ,บริษัท ดอยสะเก็ดคอนกรีต จำกัด,0,ลวงเหนือ,2563,ดอยสะเก็ด
569,ทำคอนกรีตผสมเสร็จ,เชียงใหม่,5000000,รายชื่อสถานประกอบการ,บริษัท คิวมิกซ์ซัพพลาย จำกัด,0,ชมภู,2563,สารภี
570,ทำผลิตภัณฑ์คอนกรีต คอนกรีตผสมเสร็จ,เชียงใหม่,500000,รายชื่อสถานประกอบการ,บริษัท เอส เอ็น คอนกรีต จำกัด,0,เวียง,2563,ฝาง
571,ทำผลิตภัณฑ์คอนกรีต เช่น ท่อระบายน้ำ เสา,เชียงใหม่,500000,รายชื่อสถานประกอบการ,ห้างหุ้นส่วนจำกัด เชียงใหม่ ส.วิศวการ คอนกรีต,0,ช้างเผือก,2563,เมืองเชียงใหม่
572,ผลิตคอนกรีตผสมเสร็จ,เชียงใหม่,1000000,รายชื่อสถานประกอบการ,โรงงานคอนกรีตผสมเสร็จ ฮอด,0,หางดง,2563,ฮอด
573,ผลิตและจำหน่ายท่อคอนกรีตอัดแรง และผลิตภัฒฑ์จากคอนกรีต,เชียงใหม่,1500000,รายชื่อสถานประกอบการ,บริษัท พี.คอนกรีตโปรดักส์ จำกัด,0,บวกค้าง,2563,สันกำแพง
574,ผลิตคอนกรีตผสมเสร็จ,เชียงใหม่,4000000,รายชื่อสถานประกอบการ,บริษัท นครหลวงคอนกรีต จำกัด,0,ท่าวังตาล,2563,สารภี
575,ผลิตคอนกรีตผสมเสร็จ,เชียงใหม่,0,รายชื่อสถานประกอบการ,หน่วยผลิตคอนกรีต เชียงใหม่,0,เชิงดอย,2563,ดอยสะเก็ด
576,ผลิตคอนกรีตผสมเสร็จ,เชียงใหม่,2000000,รายชื่อสถานประกอบการ,บริษัท นครพลวงคอนกรีต จำกัด,0,สันปูเลย,2563,ดอยสะเก็ด
577,ผลิตคอนกรีตผสมเสร็จ,เชียงใหม่,10000000,รายชื่อสถานประกอบการ,ห้างหุ้นส่วนจำกัด พี.ดีบบลิว.เอส คอนกรีต,0,หนองจ๊อม,2563,สันทราย
578,ทำผลิตภัณฑ์คอนกรีต และทำอิฐดินเผา,เชียงใหม่,25,รายชื่อสถานประกอบการ,อิฐวังตาล,6500000,ยุหว่า,2563,สันป่าตอง
579,ผลิตและจำหน่ายผลิตภัณฑ์คอนกรีตผสมเสร็จทุกชนิด,เชียงใหม่,5000000,รายชื่อสถานประกอบการ,บริษัท พี พี เอส คอนกรีต จำกัด สาขาดอยสะเก็ด,0,เชิงดอย,2563,ดอยสะเก็ด
580,ผลิตผลิตภัณฑ์จากคอนกรีต เช่น ท่อคอนกรีต,เชียงใหม่,500000,รายชื่อสถานประกอบการ,ท่ออัดแรง เอสดับบลิว (สมหวัง),0,สันกำแพง,2563,สันกำแพง
581,ทำผลิตภัณฑ์คอนกรีตผสมเสร็จ เช่น แผ่นพื้นสำเร็จ,เชียงใหม่,4,รายชื่อสถานประกอบการ,บริษัท บูรพาคอนกรีต แอนด์คอนสตรัคชั่น จำกัด,18200000,เชิงดอย,2563,ดอยสะเก็ด
582,ผลิตคอนกรีตผสมเสร็จ,เชียงใหม่,4,รายชื่อสถานประกอบการ,ห้างหุ้นส่วนจำกัด ประสิทธิ์คอนสตรัคชั่นแอนด์ดีไซน์,2450000,แม่นาวาง,2563,แม่อาย
583,ผลิตคอนกรีตผสมเสร็จและผลิตภัณฑ์คอนกรีต,เชียงใหม่,11,รายชื่อสถานประกอบการ,ห้างหุ้นส่วนจำกัด ที เอ็น ดับเบิ้ลยู เชียงดาวก่อสร้าง,6000000,เชียงดาว,2563,เชียงดาว
584,ผลิตคอนกรีตผสมเสร็จ,เชียงใหม่,4,รายชื่อสถานประกอบการ,โรงงานคอนกรีตผสมเสร็จ เชียงใหม่-ดอยสะเก็ด,10500000,เชิงดอย,2563,ดอยสะเก็ด
585,ผลิตคอนกรีตผสมเสร็จ,เชียงใหม่,600000,รายชื่อสถานประกอบการ,โรงงานคอนกรีตผสมเสร็จ เชียงใหม่-สันผีเสื้อ,0,สันผีเสื้อ,2563,เมืองเชียงใหม่
586,ผลิตคอนกรีตผสมเสร็จ,เชียงใหม่,10600000,รายชื่อสถานประกอบการ,โรงงานคอนกรีตผสมเสร็จ เชียงใหม่-ดอยหล่อ,0,สองแคว,2563,ดอยหล่อ
587,ผลิตคอนกรีตผสมเสร็จ,เชียงใหม่,0,รายชื่อสถานประกอบการ,บริษัท เสรี ภู่พิสิฐ จำกัด,0,ข่วงเปา,2563,จอมทอง
588,ผลิตคอนกรีตผสมเสร็จ,เชียงใหม่,18,รายชื่อสถานประกอบการ,บริษัท ยู เอส พรีคาสท์ คอนกรีต จำกัด,25000000,แม่แฝกใหม่,2563,สันทราย
589,ผลิตคอนกรีตผสมเสร็จ,เชียงใหม่,4,รายชื่อสถานประกอบการ,บริษัท พี พี เอส คอนกรีต จำกัด (สาขาฮอด),11300000,บ้านแปะ,2563,จอมทอง
590,ผลิตภัณฑ์คอนกรีตผสมเสร็จ ผลิตแผ่นพื้นสำเร็จท้องเรียบ คสล. และเสาเข็มอัดแรง คสล.ซีเแพค,เชียงใหม่,2000000,รายชื่อสถานประกอบการ,ห้างหุ้นส่วนจำกัด เรืองชัยคอนกรีต,0,เวียง,2563,ฝาง
591,ทำคอนกรีตผสมเสร็จ และผลิตภัณฑ์คอนกรีต เช่น เสา แผ่นพื้น ท่อ และอิฐบล๊อก,เชียงใหม่,500000,รายชื่อสถานประกอบการ,บริษัท พี.พี.เอส คอนกรีต จำกัด,0,ข่วงเปา,2563,จอมทอง
592,ผลิตคอนกรีตผสมเสร็จ,เชียงใหม่,600000,รายชื่อสถานประกอบการ,โรงงานคอนกรีตผสมเสร็จ เชียงใหม่-สารภี,0,สารภี,2563,สารภี
593,ผลิตคอนกรีตผสมเสร็จ,เชียงใหม่,10000000,รายชื่อสถานประกอบการ,บริษัท คิวมิกซ์ซัพพลาย จำกัด,0,หางดง,2563,หางดง
594,ผลิตคอนกรีตผสมเสร็จ,เชียงใหม่,600000,รายชื่อสถานประกอบการ,โรงงานคอนกรีตผสมเสร็จ แม่ริม,0,ขี้เหล็ก,2563,แม่แตง
595,ผลิตภัณฑ์คอนกรีตผสมเสร็จ,เชียงใหม่,1000000,รายชื่อสถานประกอบการ,บริษัท พี-มิกซ์ โปรดักส์ จำกัด,0,สบเตี๊ยะ,2563,จอมทอง
596,ผลิตคอนกรีตผสมเสร็จ,เชียงใหม่,3,รายชื่อสถานประกอบการ,โรงงานคอนกรีตผสมเสร็จ เชียงใหม่-สันกำแพง,3000000,แช่ช้าง,2563,สันกำแพง
597,ผลิตคอนกรีตผสมเสร็จ และผลิตภัณฑ์คอนกรีต,เชียงใหม่,4000000,รายชื่อสถานประกอบการ,บริษัท อุดมธนา จำกัด,0,สันทราย,2563,ฝาง
598,ผลิตภัณฑ์คอนกรีตผสมเสร็จ,เชียงใหม่,1000000,รายชื่อสถานประกอบการ,ห้างหุ้นส่วนจำกัด เรืองชัยคอนกรีต,0,สันทราย,2563,ฝาง
599,ผลิตภัณฑ์คอนกรีตผสมเสร็จ,เชียงใหม่,2000000,รายชื่อสถานประกอบการ,คอนกรีต881,0,ท่าวังพร้าว,2563,สันป่าตอง
600,ผลิตคอนกรีตผสมเสร็จ,เชียงใหม่,600000,รายชื่อสถานประกอบการ,โรงงานคอนกรีตผสมเสร็จ เชียงใหม่-สันปูเลย,0,สันปูเลย,2563,ดอยสะเก็ด
601,ผลิตและจำหน่ายผลิตภัณฑ์คอนกรีตผสมเสร็จทุกชนิด,เชียงใหม่,5000000,รายชื่อสถานประกอบการ,บริษัท พี พี เอส คอนกรีต จำกัด,0,ท่าวังตาล,2563,สารภี
602,เกี่ยวกับการผลิตและจำหน่ายอิฐมวลเบา,เชียงใหม่,5000000,รายชื่อสถานประกอบการ,โรงงานผลิตอิฐมวลเบา SLP,0,เมืองเล็น,2563,สันทราย
603,ผลิต จำหน่าย คอนกรีตผสมเสร็จ,เชียงใหม่,0,รายชื่อสถานประกอบการ,บริษัท พี.ที.คอนกรีต เชียงใหม่ จำกัด,0,แม่สูน,2563,ฝาง
604,ผลิตคอนกรีตผสมเสร็จ,เชียงใหม่,20000000,รายชื่อสถานประกอบการ,โรงงานคอนกรีตผสมเสร็จ สันทราย,0,หนองหาร,2563,สันทราย
605,ผลิตคอนกรีตผสมเสร็จ,เชียงใหม่,600000,รายชื่อสถานประกอบการ,โรงงานคอนกรีตผสมเสร็จ เชียงใหม่-แม่โจ้,0,หนองจ๊อม,2563,สันทราย
606,ผลิตคอนกรีตผสมเสร็จ,เชียงใหม่,2000000,รายชื่อสถานประกอบการ,ห้างหุ้นส่วนจำกัด ทวิภัณฑ์ฮอดคอนกรีต,0,ข่วงเปา,2563,จอมทอง
607,ผลิตคอนกรีตผสมเสร็จ,เชียงใหม่,0,รายชื่อสถานประกอบการ,บริษัท นครหลวงคอนกรีต จำกัด,0,หนองหาร,2563,สันทราย
608,คอนกรีตผสมเสร็จ,เชียงใหม่,3,รายชื่อสถานประกอบการ,บริษัท เอ็นเอสคอนกรีต จำกัด,16900000,สันพระเนตร,2563,สันทราย
609,ผลิตคอนกรีตผสมเสร็จและผลิตภัณฑ์จากคอนกรีต,เชียงใหม่,5000000,รายชื่อสถานประกอบการ,บริษัท จงธนา อินเตอร์เนชั่นแนล จำกัด,0,แม่ข่า,2563,ฝาง
610,ผลิตและจำหน่ายคอนกรีตผสมเสร็จ,เชียงใหม่,1000000,รายชื่อสถานประกอบการ,บริษัท ฒิลา ค้าวัสดุก่อสร้าง จำกัด,0,แม่นะ,2563,เชียงดาว
611,ผลิตภัณฑ์คอนกรีตผสมเสร็จ,เชียงใหม่,1000000,รายชื่อสถานประกอบการ,พีมิกซ์,0,แช่ช้าง,2563,สันกำแพง
612,ผลิตคอนกรีตผสมเสร็จ,เชียงใหม่,1,รายชื่อสถานประกอบการ,ห้างหุ้นส่วนจำกัด บุญพลกิจ คอนกรีต,6400000,ป่าตุ้ม,2563,พร้าว
613,คอนกรีตผสมเสร็จ,เชียงใหม่,1000000,รายชื่อสถานประกอบการ,ห้างหุ้นส่วนจำกัด พี.ดับบลิว.เอส.คอนกรีต,0,น้ำแพร่,2563,หางดง
614,ทำผลิตภัณฑ์คอนกรีต เช่น เสา ท่อ คอนกรีตบล๊อก,เชียงใหม่,200000,รายชื่อสถานประกอบการ,ห้างหุ้นส่วนจำกัด ส.สายปายค้าวัสดุและปิโตรเลียม,0,สบเปิง,2563,แม่แตง
615,ผลิตและจำหน่ายผลิตภัณฑ์คอนกรีตผสมเสร็จทุกชนิด,เชียงใหม่,5000000,รายชื่อสถานประกอบการ,บริษัท พี พี เอส คอนกรีต จำกัด,0,ท่าวังพร้าว,2563,สันป่าตอง
616,ผลิตภัณฑ์คอนกรีต เช่น อิฐบล๊อค เสา และอื่นๆ,เชียงใหม่,0,รายชื่อสถานประกอบการ,ห้างหุ้นส่วนจำกัด บุญพลกิจ คอนกรีต,0,ป่าตุ้ม,2563,พร้าว
617,ผลิตภัณฑ์คอนกรีตผสมเสร็จ,เชียงใหม่,1000000,รายชื่อสถานประกอบการ,ห้างหุ้นส่วนจำกัด เรืองชัยคอนกรีต,0,ศรีดงเย็น,2563,ไชยปราการ
618,ผลิตคอนกรีตผสมเสร็จ,เชียงใหม่,22000000,รายชื่อสถานประกอบการ,บริษัท นครหลวงคอนกรีต จำกัด,0,ยางเนิ้ง,2563,สารภี
619,ผลิตคอนกรีตผสมเสร็จ,เชียงใหม่,5000000,รายชื่อสถานประกอบการ,บริษัท เอส ซี พี คอนกรีต จำกัด,0,ท่าวังตาล,2563,สารภี
620,ผลิตคอนกรีตผสมเสร็จ,เชียงใหม่,10000000,รายชื่อสถานประกอบการ,บริษัท ทีแอนด์ซี คอนกรีต จำกัด,0,ออนกลาง,2563,แม่ออน
621,หล่อพระพุทธรูป,เชียงใหม่,500000,รายชื่อสถานประกอบการ,ห้างหุ้นส่วนจำกัด โรงหล่อ กุลวัฒนา,0,แม่ปูคา,2563,สันกำแพง
622,ผลิตเตาเผาขยะ เครื่องคัดขยะ,เชียงใหม่,3000000,รายชื่อสถานประกอบการ,บริษัท พลอยไพลิน กรีน เวิลด์ จำกัด,0,บ้านกลาง,2563,สันป่าตอง
623,ทำเครื่องเรือนจากโลหะ ท่อระบบเครื่องปรับอากาศและรางน้ำ,เชียงใหม่,27,รายชื่อสถานประกอบการ,ช้างเผือกกิจการช่าง(วัสดุ),10647000,แม่เหียะ,2563,เมืองเชียงใหม่
624,ทำโครงหลังคา วงกบประตูหน้าต่างเหล็ก,เชียงใหม่,500000,รายชื่อสถานประกอบการ,บริษัท สตีล เกรด จำกัด,0,สันพระเนตร,2563,สันทราย
625,ประกอบถังน้ำสแตนเลส,เชียงใหม่,2000000,รายชื่อสถานประกอบการ,บริษัท ภัทรอุดร จำกัด,0,หางดง,2563,หางดง
626,ผลิตลวดตาข่ายดัก เกเบียน และ แมทเทรส,เชียงใหม่,62,รายชื่อสถานประกอบการ,บริษัท เกเบี้ยน โปรดักส์ (ไทยแลนด์) จำกัด,20000000,ท่าวังตาล,2563,สารภี
627,ผลิตและจำหน่ายกล่องเกเบี้ยน แมทเทรส,เชียงใหม่,30,รายชื่อสถานประกอบการ,บริษัท เกเบี้ยน โปรดักส์ แอนด์ ซัพพลาย จำกัด,9000000,ดอยหล่อ,2563,ดอยหล่อ
628,ทำถัง เชื่อม ม้วน และตัดโลหะ,เชียงใหม่,5,รายชื่อสถานประกอบการ,อู่ช่างน้อย,5800000,ท่าวังตาล,2563,สารภี
629,ผลิตชิ้นส่วน ประตู-หน้าต่างโลหะสำหรับอาคาร,เชียงใหม่,1000000,รายชื่อสถานประกอบการ,บริษัท เชียงใหม่ประตูม้วน จำกัด,0,สารภี,2563,สารภี
630,"ทำหลังคาเหล็ก, ประตู",เชียงใหม่,9000000,รายชื่อสถานประกอบการ,บี.เค.เม็ททอล ชีท (เชียงใหม่),0,สารภี,2563,สารภี
631,ทำประตู - หน้าต่างเหล็ก โครงหลังคา และรางน้ำฝน,เชียงใหม่,50000,รายชื่อสถานประกอบการ,ประดิษฐ์การช่าง,0,หนองป่าครั่ง,2563,เมืองเชียงใหม่
632,ผลิตแผ่นเหล็กรีดรอน,เชียงใหม่,5000000,รายชื่อสถานประกอบการ,บริษัท มั่นคง เมทอล จำกัด,0,เหมืองแก้ว,2563,แม่ริม
633,ทำผลิตภัณฑ์เกี่ยวกับโลหะและอุปกรณ์ทางการแพทย์,เชียงใหม่,11,รายชื่อสถานประกอบการ,ห้างหุ้นส่วนจำกัด จิระเมธวิศวกรรม,1200000,สันมหาพน,2563,แม่แตง
634,อัดเศษโลหะ,เชียงใหม่,1000000,รายชื่อสถานประกอบการ,บริษัท บ่อสร้างโลหะกิจ,0,ต้นเปา,2563,สันกำแพง
635,"การตัด,พับ,ม้วน หรือเชื่อมโลหะ",เชียงใหม่,300000,รายชื่อสถานประกอบการ,บริษัท พี.ดี.เอส.เชียงใหม่วิศวกรรม จำกัด,0,สารภี,2563,สารภี
636,"ตัด, ม้วน, เชื่อมโลหะ",เชียงใหม่,9,รายชื่อสถานประกอบการ,จิตรการช่าง,550000,ยุหว่า,2563,สันป่าตอง
637,ตัด พับ เชื่อมโลหะ,เชียงใหม่,6,รายชื่อสถานประกอบการ,อุดมการช่าง,4300000,ท่าวังพร้าว,2563,สันป่าตอง
638,ตัด พับ ม้วนโลหะ กลึง เจาะ คว้าน กัด ไส เจียน หรือเชื่อมโลหะทั่วไป,เชียงใหม่,25,รายชื่อสถานประกอบการ,บริษัท จอมทองอุตสาหกรรม จำกัด,5000000,ข่วงเปา,2563,จอมทอง
639,ประกอบกิจการเกี่ยวกับผลิตภัณฑ์โลหะ มุ้งลวด เหล็กดัด ประตู หน้าต่าง และตัดเย็บผ้าม่าน,เชียงใหม่,28,รายชื่อสถานประกอบการ,เก้าอลูมิเนียม,7150000,แม่คือ,2563,ดอยสะเก็ด
640,การตัด พับ ม้วน กลึง เจาะ คว้าน กัด ไส โลหะและทำชิ้นส่วนหรืออุปกรณ์ของผลิตภัณฑ์โลหะ,เชียงใหม่,10,รายชื่อสถานประกอบการ,ห้างหุ้นส่วนจำกัด ประภาสถามดี การช่าง,26000000,ขี้เหล็ก,2563,แม่ริม
641,กลึงโลหะ ซ่อมเครื่องจักรกล,เชียงใหม่,8,รายชื่อสถานประกอบการ,ห้างหุ้นส่วนจำกัด เชียงใหม่ภู่่เจริญไพศาล,1900000,มะลิกา,2563,แม่อาย
642,"กลึง,เจาะ,คว้าน,กัด,ไส,เชื่อมโลหะทั่วไปและซ่อมอุปกรณ์ชิ้นส่วนเครื่องยนต์",เชียงใหม่,800000,รายชื่อสถานประกอบการ,บริษัท นครพิงค์ แมชชีน ช๊อพ จำกัด,0,หนองป่าครั่ง,2563,เมืองเชียงใหม่
643,กลึง เชื่อม เจาะโลหะ,เชียงใหม่,1000000,รายชื่อสถานประกอบการ,บริษัท เสรี จอมทอง จำกัด,0,ข่วงเปา,2563,จอมทอง
644,"กลึง,เจาะ,คว้าน,ไส หรือเชื่อมโลหะ",เชียงใหม่,2000000,รายชื่อสถานประกอบการ,นายสมภพ รัตนพันธ์,0,สันทราย,2563,ฝาง
645,กลึง เจาะ กว้าน ไส เชื่อมโลหะ ผลิตหรือซ่อมแซมส่วนประกอบหรือ อุปกรณ์ของเครื่องยนต์,เชียงใหม่,18,รายชื่อสถานประกอบการ,บริษัท นครพิงค์ แมชชีน ช๊อพ จำกัด,6000000,หนองป่าครั่ง,2563,เมืองเชียงใหม่
646,ทำเครื่องกรองน้ำ ประกอบถังน้ำ ซ่อมเครื่องสูบน้ำ ร่อนและผสมทรายกรองน้ำ,เชียงใหม่,25,รายชื่อสถานประกอบการ,ห้างหุ้นส่วนจำกัด ลานาลิติค วอเตอร์เวอร์ค,2710000,หนองหาร,2563,สันทราย
647,ผลิตหรือซ่อมแซมชิ้นส่วนเครื่องยนต์ กลึง เจาะ คว้าน ไส เชื่อมโลหะ,เชียงใหม่,1000000,รายชื่อสถานประกอบการ,บริษัท นครพิงค์ แมชชีน ช๊อพ จำกัด,0,หนองป่าครั่ง,2563,เมืองเชียงใหม่
648,ซ่อมรถแทรกเตอร์,เชียงใหม่,400000,รายชื่อสถานประกอบการ,ห้างหุ้นส่วนจำกัด เชียงใหม่มหกิจ,0,ท่าวังตาล,2563,สารภี
649,"ประกอบเครื่องทำน้ำเย็น, ตู้เย็น, ตู้แช่",เชียงใหม่,2000000,รายชื่อสถานประกอบการ,บริษัท แปดริ้วเครื่องเย็นเชียงใหม่ (1994) จำกัด,0,ท่าศาลา,2563,เมืองเชียงใหม่
650,"กลึง, เชื่อมโลหะ, ทำพัดลม, และเครื่องระบายอากาศ",เชียงใหม่,100000,รายชื่อสถานประกอบการ,ศูนย์พัดลม โลหะกิจ,0,แม่เหียะ,2563,เมืองเชียงใหม่
651,ผลิต และประกอบแผงวงจรอิเล็กทรอนิกส์,เชียงใหม่,10000000,รายชื่อสถานประกอบการ,บริษัท อีซียู ช็อป 1 จำกัด,0,แม่คือ,2563,ดอยสะเก็ด
652,ผลิตแผงวงจรอิเล็กทรอนิกส์,เชียงใหม่,237,รายชื่อสถานประกอบการ,บริษัท บลูชิพส์ไมโครเฮ้าส์ จำกัด,3815000,แช่ช้าง,2563,สันกำแพง
653,ผลิตอุปกรณ์อิเล็กทรอนิกส์สำหรับควบคุมแสงสว่าง,เชียงใหม่,4000000,รายชื่อสถานประกอบการ,บริษัท ฟิวทรอนิคส์ (ประเทศไทย) จำกัด,0,ต้นเปา,2563,สันกำแพง
654,"ผลิตสายไฟฟ้าเชื่อมต่อวงจร,ผลิตส่วนประกอบเครื่องปรับอากาศ,กลึง เจาะคว้าน ตัด ไส เจรียร หรือเชื่อมโลหะ",เชียงใหม่,23,รายชื่อสถานประกอบการ,บริษัท ไทย ทาคาโนมิซิ จำกัด,14000000,ชมภู,2563,สารภี
655,"ผลิตอุปกรณ์ไฟฟ้า,สวิตซ์ไฟฟ้า,อุปกรณ์ที่ใช้กับสายไฟ,แผงวงจรประกอบทางไฟฟ้า",เชียงใหม่,171,รายชื่อสถานประกอบการ,บริษัท แอดวานซ์ไอดี เอเชีย เอ็นจิเนียร์ริ่ง จำกัด,34600000,แม่คือ,2563,ดอยสะเก็ด
656,โรงงานประกอบกิจการเกี่ยวกับรถยนต์ รถพ่วง ทำชิ้นส่วนพิเศษ ซ่อมแซมยานที่ขับเคลื่อนด้วยเครื่องยนต์,เชียงใหม่,8,รายชื่อสถานประกอบการ,ห้างหุ้นส่วนจำกัด พี.ดับบลิว.เอส.คอนสตรัคชั่น,8900000,น้ำแพร่,2563,หางดง
657,ผลิตอาหารเสริมสุขภาพสำหรับคนและสัตว์,เชียงใหม่,1000000,รายชื่อสถานประกอบการ,บริษัท กรีนไดมอนด์ จำกัด,0,ทุ่งปี๊,2563,แม่วาง
658,พืชผัก ผลไม้ และเนื้อสัตว์ อบแห้ง,เชียงใหม่,0,รายชื่อสถานประกอบการ,บริษัท พรีเซิร์ฟ อะโกร โปรดักส์ จำกัด,0,ขี้เหล็ก,2563,แม่ริม
659,บรรจุอาหารกระป๋องและผลไม้ตามฤดูกาล,เชียงใหม่,1000000,รายชื่อสถานประกอบการ,ห้างหุ้นส่วนจำกัด ที.พี.ฟูดแคนนิ่ง,0,แม่เหียะ,2563,เมืองเชียงใหม่
660,ผลิตอาหารหรือเครื่องดื่มจากผัก พืช ผลไม้ และบรรจุในภาชนะที่ผนึกและอากาศเข้าไม่ได้,เชียงใหม่,10000000,รายชื่อสถานประกอบการ,บริษัท ดีท็อกซ์ (ประเทศไทย) จำกัด,0,น้ำแพร่,2563,หางดง
661,ผลิตอาหารเจจากแป้งและโปรตีน พร้อมแบ่งบรรจุ,เชียงใหม่,1000000,รายชื่อสถานประกอบการ,บริษัท เทียน เซียง ซึผิง จำกัด,0,ป่าไผ่,2563,สันทราย
662,ผลิตชาสมุนไพรบรรจุในภาชนะปิดผนึก,เชียงใหม่,13,รายชื่อสถานประกอบการ,บริษัท วาไรตี้ เอ็กซ์พอร์ต จำกัด,29000000,ป่าตัน,2563,เมืองเชียงใหม่
663,ผลิตอาหารและเครื่องดื่มจากผัก พืชหรือผลไม้ และบรรจุในภาชนะที่ผนึกและอากาศเข้าไม้ได้,เชียงใหม่,1000000,รายชื่อสถานประกอบการ,สิบแสนชัญญ์,0,ป่าเมี่ยง,2563,ดอยสะเก็ด
664,ผลิตน้ำผลไม้บรรจุขวด ผลิตขวด,เชียงใหม่,8,รายชื่อสถานประกอบการ,ห้างหุ้นส่วนจำกัด จิ้งเฮงฟู้ด,5500000,เวียง,2563,ฝาง
665,อบพืชผลทางการเกษตร,เชียงใหม่,21,รายชื่อสถานประกอบการ,โรงอบพืชผลทางการเกษตร,4500000,ขัวมุง,2563,สารภี
666,ถนอมผัก พืช หรือผลไม้ โดยวิธีทำให้เยือกแข็งโดยฉับพลัน,เชียงใหม่,10000000,รายชื่อสถานประกอบการ,บริษัท สหปราจีนบุรีอุตสาหกรรม จำกัด,0,แม่สูน,2563,ฝาง
667,ผลิตพืช ผัก ผลไม้อบแห้งและผลิตภัณฑ์ Spray Dry ปีละ 722 ตัน,เชียงใหม่,4500000,รายชื่อสถานประกอบการ,บริษัท พรีเมี่ยมฟู้ดส์ จำกัด,0,แม่แฝก,2563,สันทราย
668,ถนอมผัก พืช หรือผลไม้ โดยวิธีอบแห้ง,เชียงใหม่,18,รายชื่อสถานประกอบการ,บริษัท นอร์ทเทิร์นกรีนโปรดักส์ จำกัด,13900000,อินทขิล,2563,แม่แตง
669,ผลิตสินค้าทางการเกษตรแช่แข็ง,เชียงใหม่,15000000,รายชื่อสถานประกอบการ,บริษัท สยามอกรีโฟรเซ่นฟูดส์ จำกัด,0,สันกลาง,2563,สันป่าตอง
670,การถนอมผัก พืช หรือผลไม้โดยวิธีกวน ตากแห้ง ดอง หรือทำให้เยือกแข็ง โดยฉับพลัน หรือเหือดแห้ง,เชียงใหม่,2840000,รายชื่อสถานประกอบการ,บริษัท เชียงใหม่ไบโอเวกกี้ จำกัด,0,น้ำแพร่,2563,หางดง
671,คัด บรรจุกล่อง ผักผลไม้ และแซ่แข็ง,เชียงใหม่,5000000,รายชื่อสถานประกอบการ,บริษัท สวิฟท์ จำกัด,0,อินทขิล,2563,แม่แตง
672,ร่อน ล้าง คัดแยกคุณภาพผักพืชหรือผลไม้และถนอม โดยวิการแช่อิ่ม กวน ตากแห้ง ดอง หรือทำให้เยือกแข็ง โดยฉับพลัน หรือเหือดแห้ง,เชียงใหม่,10000000,รายชื่อสถานประกอบการ,บริษัท ที คิว เอ็ม ฟูดส์ จำกัด,0,หางดง,2563,หางดง
673,การถนอมผัก พืช หรือผลไม้ โดยวิธีการกวน ตากแห้ง ดอง หรือ ทำให้เยือกแข็งโดยฉับพลัน หรือเหือดแห้ง,เชียงใหม่,1000000,รายชื่อสถานประกอบการ,บริษัท ยูเซ ฟูดส์ จำกัด,0,ร้องวัวแดง,2563,สันกำแพง
674,ผลิตอาหารหรือเครื่องดื่มจากผัก พืชหรือผลไม้ และบรรจุในภาชนะที่ผนึก และอากาศเข้าไม่ได้,เชียงใหม่,10000000,รายชื่อสถานประกอบการ,บริษัท ซีเอ็มเอช ไลฟ์ ไซเอ็นซ์ จำกัด,0,ยุหว่า,2563,สันป่าตอง
675,ผลิตแตงกวาดอง ขิงดอง และมะเขือดอง,เชียงใหม่,0,รายชื่อสถานประกอบการ,บริษัท สันติภาพ เทรดดิ้ง จำกัด,0,หนองควาย,2563,หางดง
676,ผลิตรถเข็นล้อเลื่อนทุกชนิด,เชียงใหม่,3204770,รายชื่อสถานประกอบการ,บริษัท ลิขิตชีวัน จำกัด,0,หนองจ๊อม,2563,สันทราย
677,ทำเครื่องประดับจากทองคำ เงิน,เชียงใหม่,13300000,รายชื่อสถานประกอบการ,สุวรรณะรุ่งเรือง,0,ดอนแก้ว,2563,แม่ริม
678,ผลิตเครื่องประดับด้วยทอง นาค เงินและอัญมญีอื่น,เชียงใหม่,43,รายชื่อสถานประกอบการ,บริษัท ปิงมานูแฟคเจอริ่งจิวเวลเลอร์ จำกัด,27000000,ต้นเปา,2563,สันกำแพง
679,ทำเครื่องประดับด้วยโลหะ ตกแต่งด้วยอัญมณี,เชียงใหม่,77,รายชื่อสถานประกอบการ,บริษัท ทาราทาแลนด์ จำกัด,8100000,ป่าป้อง,2563,ดอยสะเก็ด
680,ผลิตเครื่องประดับและเครื่องใช้จากเงิน ทองคำ นาก,เชียงใหม่,10300000,รายชื่อสถานประกอบการ,บริษัท พัฒนาอนันต์วงศ์ จำกัด,0,หนองป่าครั่ง,2563,เมืองเชียงใหม่
681,"ทำเครื่องเงิน,ของตกแต่ง,และเครื่องใช้ จากเงิน",เชียงใหม่,4000000,รายชื่อสถานประกอบการ,บริษัท มัทนา เครื่องเงิน จำกัด,0,หนองหอย,2563,เมืองเชียงใหม่
682,ผลิตและจำหน่ายเครื่องประดับอัญมณี,เชียงใหม่,13283506,รายชื่อสถานประกอบการ,บริษัท เอ็มโอดี เอเชีย จำกัด,0,แช่ช้าง,2563,สันกำแพง
683,ผลิตเครื่องประดับอัญมณี,เชียงใหม่,10000000,รายชื่อสถานประกอบการ,บริษัท อัฐญา จิวเวลรี่ จำกัด,0,สันกลาง,2563,สันกำแพง
684,ผลิตเครื่องประดับจากโลหะมีค่าและอัญมณี,เชียงใหม่,51000000,รายชื่อสถานประกอบการ,บริษัท ซี.อาร์.พี.จิลเวลรี่(เชียงใหม่) จำกัด,0,ป่าแดด,2563,เมืองเชียงใหม่
685,ทำเครื่องประดับ ทองคำ เครื่องใช้จากเงิน ทองคำขาว,เชียงใหม่,584,รายชื่อสถานประกอบการ,บริษัท จอร์จ เจนเซน (ประเทศไทย) จำกัด,174081000,ต้นเปา,2563,สันกำแพง
686,ทำเครื่องใช้ในการกีฬา เช่น กระดานโต้คลื่น,เชียงใหม่,0,รายชื่อสถานประกอบการ,บริษัท คุยเวอร์ จำกัด,0,น้ำแพร่,2563,หางดง
687,ผลิตเหยื่อตกปลาเทียม,เชียงใหม่,30313646,รายชื่อสถานประกอบการ,บริษัท สตรีม เวอร์ค (ไทยแลนด์) จำกัด,0,ยางเนิ้ง,2563,สารภี
688,ผลิตเหยื่อตกปลา,เชียงใหม่,318899,รายชื่อสถานประกอบการ,บริษัท เชียงใหม่ ฟลาย จำกัด,0,ป่าแดด,2563,เมืองเชียงใหม่
689,ผลิตของเล่นเด็กจากไม้ฉ่ำฉา ไม้ยางพารา และไม้ไผ่,เชียงใหม่,500000,รายชื่อสถานประกอบการ,บริษัท ไทยวู้ดเด้นเกมส์ จำกัด,0,ร้องวัวแดง,2563,สันกำแพง
690,ทำของเล่นเด็กจากไม้,เชียงใหม่,6200000,รายชื่อสถานประกอบการ,ห้างหุ้นส่วนจำกัด สยาม แอล.ที.วู้ด,0,แม่คือ,2563,ดอยสะเก็ด
691,"สินค้าหัตถกรรมที่ทำด้วยไม้ไผ่,ผ้าและของที่ระลึกต่างๆ",เชียงใหม่,125,รายชื่อสถานประกอบการ,บริษัท ศูนย์ทำร่ม (1978) จำกัด,250000,ต้นเปา,2563,สันกำแพง
692,ผลิตก๊าซชีวภาพ จากบ่อบำบัดน้ำเสีย,เชียงใหม่,0,รายชื่อสถานประกอบการ,บริษัท ซัน สวีท จำกัด (มหาชน),0,ทุ่งสะโตก,2563,สันป่าตอง
693,โรงสีข้าว ขนาด 40 ตัน/วัน,เชียงใหม่,4714000,รายชื่อสถานประกอบการ,สหกรณ์นิคมพร้าว จำกัด,0,แม่แวน,2563,พร้าว
694,สีข้าว,เชียงใหม่,15000000,รายชื่อสถานประกอบการ,ห้างหุ้นส่วนจำกัด โรงสีข้าวรวงทองเชียงใหม่,0,เชิงดอย,2563,ดอยสะเก็ด
695,สีข้าว,เชียงใหม่,2000000,รายชื่อสถานประกอบการ,โรงสีข้าวกิตเจริญ,0,แม่สาว,2563,แม่อาย
696,สีข้าว,เชียงใหม่,5,รายชื่อสถานประกอบการ,นายกฤษณะ ดวงคำ,8200000,แม่สาว,2563,แม่อาย
697,ปรับปรุงคุณภาพเมล็ดพืช สีข้าว,เชียงใหม่,16,รายชื่อสถานประกอบการ,ศ.ปาณิสรา,40000000,แม่คะ,2563,ฝาง
698,สีข้าว,เชียงใหม่,7,รายชื่อสถานประกอบการ,ทรัพย์ไพลิน,10000000,แม่สาว,2563,แม่อาย
699,สีข้าวเปลือกแบบแยกแกลบแยกรำ ได้วันละ 70 ตัน,เชียงใหม่,2000000,รายชื่อสถานประกอบการ,โรงสีข้าวสมคิด 2,0,เวียง,2563,ฝาง
700,สีข้าว,เชียงใหม่,3000000,รายชื่อสถานประกอบการ,โรงสีโกเมือง,0,แม่สาว,2563,แม่อาย
701,สีข้าว และคัดคุณภาพข้าว,เชียงใหม่,3000000,รายชื่อสถานประกอบการ,โรงสีข้าวเนตรนิมิต,0,แม่สาว,2563,แม่อาย
702,สีข้าว และอบพืชผลทางการเกษตร,เชียงใหม่,5,รายชื่อสถานประกอบการ,บริษัท บัวจันทร์กู๊ดไรซ์ จำกัด,15000000,แม่สาว,2563,แม่อาย
703,สีข้าว,เชียงใหม่,3,รายชื่อสถานประกอบการ,นางสาวชนกนันท์ ใจดวงจันทร์,2200000,ทุ่งต้อม,2563,สันป่าตอง
704,สีข้าว,เชียงใหม่,4,รายชื่อสถานประกอบการ,โรงสีสหกรณ์การเกษตรสันป่าตอง จำกัด,32654000,ทุ่งสะโตก,2563,สันป่าตอง
705,สีข้าว เก็บรักษาข้าวเปลือกในไซโล,เชียงใหม่,5,รายชื่อสถานประกอบการ,สหกรณ์การเกษตรฝาง จำกัด,72465900,เวียง,2563,ฝาง
706,สีข้าว อัตรากำลังสีสูงสุดของโรงสี 80 เกวียน/24 ชั่วโมง,เชียงใหม่,200000000,รายชื่อสถานประกอบการ,โรงสี สหกรณ์การเกษตรพร้าว จำกัด,0,เวียง,2563,พร้าว
707,สี ฝัด หรือขัดเมล็ดพืช เช่น ลูกเดือย ข้าวโพด ถั่ว งา ข้าว,เชียงใหม่,10,รายชื่อสถานประกอบการ,บริษัท ลิ้มศักดากุล พืชพันธุ์ไทย จำกัด,93700000,อินทขิล,2563,แม่แตง
708,สีข้าว,เชียงใหม่,2,รายชื่อสถานประกอบการ,โรงสีข้าววิเชียรฟาร์ม,10000000,แม่สาว,2563,แม่อาย
709,ร่อนข้าว และคัดข้าวขาว,เชียงใหม่,1000000,รายชื่อสถานประกอบการ,สมชายค้าข้าว,0,แม่สาว,2563,แม่อาย
710,ร่อนข้าวและคัดข้าวขาว,เชียงใหม่,1000000,รายชื่อสถานประกอบการ,สามพี่น้องค้าข้าว,0,แม่สาว,2563,แม่อาย
711,สีและบดพืชผลทางการเกษตร,เชียงใหม่,7,รายชื่อสถานประกอบการ,กรรณิการ์ค้าพืชไร่,7500000,แม่คะ,2563,ฝาง
712,สีข้าว,เชียงใหม่,2000000,รายชื่อสถานประกอบการ,โรงสีข้าวดีรุ่งเรือง2,0,แม่สาว,2563,แม่อาย
713,สีข้าว,เชียงใหม่,5,รายชื่อสถานประกอบการ,โรงสีข้าวดวงดี,18000000,แม่สาว,2563,แม่อาย
714,โรงสีข้าวแบบแยกแกลบแยกรำ กำลังการผลิต 400 ตันต่อวัน,เชียงใหม่,9,รายชื่อสถานประกอบการ,ห้างหุ้นส่วนจำกัดเชียงใหม่อินเตอร์ไรซ์,70000000,สันปูเลย,2563,ดอยสะเก็ด
715,สีข้าวเปลือกแบบแยกแกลบแยกรำ ได้วันละ 150 ตัน,เชียงใหม่,3000000,รายชื่อสถานประกอบการ,โรงสีข้าวรุ่งจรัญ,0,แม่สาว,2563,แม่อาย
716,สีข้าว และอบผลิตผลทางการเกษตร,เชียงใหม่,12,รายชื่อสถานประกอบการ,โรงสีข้าวดีรุ่งเรือง,48700000,แม่สาว,2563,แม่อาย
717,สีข้าวเปลือกขนาดกำลังผลิต 40 ตัน/วัน และเก็บรักษาข้าวเปลือกในไซโล ขนาด 250 ตัน จำนวน 2 ถัง,เชียงใหม่,7,รายชื่อสถานประกอบการ,สหกรณ์การเกษตรเพื่อการตลาดลูกค้า ธกส.เชียงใหม่ จำกัด,54515653,แม่สาว,2563,แม่อาย
718,สีข้าว,เชียงใหม่,200000,รายชื่อสถานประกอบการ,โรงสีข้าวศรศิริ,0,แม่สาว,2563,แม่อาย
719,สีข้าว,เชียงใหม่,5,รายชื่อสถานประกอบการ,โรงสีข้าวดวงดีไรซ์,20000000,แม่สาว,2563,แม่อาย
720,สีข้าว,เชียงใหม่,10,รายชื่อสถานประกอบการ,โรงสีข้าวทิพย์ธารา,7200000,เวียง,2563,ฝาง
721,สีข้าว กำลังสีสูงสุดของร้านสีข้าว 150 ตัน/ชม,เชียงใหม่,21000000,รายชื่อสถานประกอบการ,วัชระกิจ,0,แม่สาว,2563,แม่อาย
722,สีข้าว,เชียงใหม่,1000000,รายชื่อสถานประกอบการ,นางสุภาภรณ์ หอธรรมคุณ,0,เวียง,2563,ฝาง
723,สีข้าว (กำลังการผลิต 200 ตัน/วัน),เชียงใหม่,2500000,รายชื่อสถานประกอบการ,ห้างหุ้นส่วนจำกัด รุ่งเจริญพืชผล2504,0,เขื่อนผาก,2563,พร้าว
724,"สีข้าว (กำลังการผลิต 4 ตัน/ชม และอบข้าวเปลือก (กำลังการผลิต 10 ตัน/ชม)
",เชียงใหม่,0,รายชื่อสถานประกอบการ,โรงสีข้าวทรัพย์สมบัติ,0,เวียง,2563,ฝาง
725,สีข้าว,เชียงใหม่,1000000,รายชื่อสถานประกอบการ,โรงสีข้าวโชควิชัย,0,แม่สาว,2563,แม่อาย
726,สีข้าว,เชียงใหม่,3,รายชื่อสถานประกอบการ,นางสาววาสนา ไชยแว่นตา,23300000,แม่สาว,2563,แม่อาย
727,สีข้าว,เชียงใหม่,2000000,รายชื่อสถานประกอบการ,โรงสีอมร,0,แม่สาว,2563,แม่อาย
728,"สีข้าว,คัดขนาดและคุณภาพข้าว",เชียงใหม่,17,รายชื่อสถานประกอบการ,โรงสีข้าววัฒนา,20100000,แม่สาว,2563,แม่อาย
729,ทำเต้าหู้แผ่น เต้าหู้แผ่น เต้าหู้ก้อน และน้ำเต้าหู้,เชียงใหม่,100000,รายชื่อสถานประกอบการ,รุ่งนคร (1999),0,หนองจ๊อม,2563,สันทราย
730,ทำผลิตภัณฑ์จากถั่วเหลือง เช่น เต้าหู้แผ่น เต้าหู้หลอด,เชียงใหม่,50000,รายชื่อสถานประกอบการ,ห้างหุ้นส่วนจำกัด ผลิตภัณฑ์อุตสาหกรรมถั่วเหลืองป่าลาน,0,ป่าลาน,2563,ดอยสะเก็ด
731,ผลิตเต้าหู้หลอด,เชียงใหม่,60000,รายชื่อสถานประกอบการ,ประเสิรฐ อุตสาหกรรมอาหาร,0,ดอนเปา,2563,แม่วาง
732,ผลิตอาหารสำเร็จรูปจากเมล็ดพืช (ผลิตข้าวอบแห้งและแปรรูปผลิตภัณฑ์ทางการเกษตร),เชียงใหม่,5000000,รายชื่อสถานประกอบการ,บริษัท โกลบอลฟูดส์ จำกัด,0,ออนใต้,2563,สันกำแพง
733,"ผลิตอาหารสำเร็จรูปจากเมล็ดพืช เช่น ฟองเต้าหู้,หมี่ถึง",เชียงใหม่,7,รายชื่อสถานประกอบการ,บริษัท ตุงหมิงนานอุตสาหกรรม จำกัด,5497547,ลวงเหนือ,2563,ดอยสะเก็ด
734,ผลิตน้ำประปา,เชียงใหม่,10000000,รายชื่อสถานประกอบการ,บริษัท ไฮโดรเท็ค จำกัด (มหาชน),0,แม่แฝกใหม่,2563,สันทราย
735,ผลิตน้ำประปา,เชียงใหม่,4,รายชื่อสถานประกอบการ,บริษัท ไฮโดรเท็ค จำกัด (มหาชน),140440000,เมืองเล็น,2563,สันทราย
736,ผลิตน้ำประปา,เชียงใหม่,8,รายชื่อสถานประกอบการ,บริษัท เอเบิล อินดัสตรีส์ จำกัด,0,น้ำแพร่,2563,หางดง
737,คัดและบรรจุผลไม้และผลผลิตทางการเกษตร,เชียงใหม่,2500000,รายชื่อสถานประกอบการ,บริษัท ทรายทอง โกลเบิลฟรุต จำกัด,0,แม่สูน,2563,ฝาง
738,ห้องเย็นเก็บผักและผลไม้,เชียงใหม่,1000000,รายชื่อสถานประกอบการ,บริษัท เชียงใหม่บูรพาห้องเย็น กรุ๊ป จำกัด,0,บ้านกลาง,2563,สันป่าตอง
739,ห้องเย็น เพื่อแช่พืช ผัก ผลไม้ ,เชียงใหม่,800000,รายชื่อสถานประกอบการ,ห้องเย็นชัยมงคล,0,แม่ข่า,2563,ฝาง
740,ห้องเย็น,เชียงใหม่,4000000,รายชื่อสถานประกอบการ,บริษัท พิสิทธิชัยอินเตอร์เนชั่นแนล จำกัด,0,สารภี,2563,สารภี
741,ห้องเย็น,เชียงใหม่,200000,รายชื่อสถานประกอบการ,นายวีระยุทธ์ เมธากิจตระกูล,0,สันพระเนตร,2563,สันทราย
742,ห้องเย็น เก็บพืชผลทางการเกษตร และอื่น ๆ,เชียงใหม่,4000000,รายชื่อสถานประกอบการ,บริษัท เอี่ยมกสิกิจ จำกัด,0,บ้านกลาง,2563,สันป่าตอง
743,ห้องเย็น,เชียงใหม่,1000000,รายชื่อสถานประกอบการ,บริษัท ห้องเย็นปรมี จำกัด,0,ฟ้าฮ่าม,2563,เมืองเชียงใหม่
744,ห้องเย็น,เชียงใหม่,0,รายชื่อสถานประกอบการ,ทวีผลพืชไร่,0,แม่แฝกใหม่,2563,สันทราย
745,ห้องเย็นเก็บพืช ผัก ผลไม้,เชียงใหม่,10000000,รายชื่อสถานประกอบการ,ห้องเย็น ว.วีรภัทร์,0,โป่งน้ำร้อน,2563,ฝาง
746,ห้องเย็นรับฝากสินค้า และผลิตอาหารสำเร็จรูป ต้ม นึ่ง และอบพืชผักผลไม้ทุกชนิด,เชียงใหม่,1000000,รายชื่อสถานประกอบการ,บริษัท ล้านนา ฟรุตส์ จำกัด,0,ท่าวังพร้าว,2563,สันป่าตอง
747,ห้องเย็น,เชียงใหม่,2000000,รายชื่อสถานประกอบการ,บริษัท ซิ่งเฟิง อุตสาหกรรมอาหาร จำกัด,0,ดอยหล่อ,2563,ดอยหล่อ
748,ห้องเย็นเก็บผลิตผลทางการเกษตร,เชียงใหม่,5000000,รายชื่อสถานประกอบการ,บริษัท พรีเซิร์ฟ อะโกร โปรดักส์ จำกัด,0,ขี้เหล็ก,2563,แม่ริม
749,ห้องเย็น,เชียงใหม่,5000000,รายชื่อสถานประกอบการ,ห้องเย็นเสาร์แก้ว,0,สบเตี๊ยะ,2563,จอมทอง
750,ห้องเย็นเก็บผลิตผลทางการเกษตร,เชียงใหม่,5000000,รายชื่อสถานประกอบการ,บริษัท พรีเซิร์ฟ อะโกร โปรดักส์ จำกัด,0,ขี้เหล็ก,2563,แม่ริม
751,ห้องเย็น,เชียงใหม่,10000000,รายชื่อสถานประกอบการ,บริษัท เชียงใหม่บูรพาห้องเย็น กรุ๊ป จำกัด,0,บ้านกลาง,2563,สันป่าตอง
752,ห้องเย็นเก็บสินค้าทางการเกษตร,เชียงใหม่,6000000,รายชื่อสถานประกอบการ,บริษัท มาตาโปรดักส์ จำกัด,0,สันทราย,2563,สารภี
753,ห้องเย็น,เชียงใหม่,1000000,รายชื่อสถานประกอบการ,ศรีเจริญ,0,สันทราย,2563,สารภี
754,ห้องเย็น,เชียงใหม่,5000000,รายชื่อสถานประกอบการ,บริษัท สหซินหลงสารภี จำกัด,0,สบเตี๊ยะ,2563,จอมทอง
755,ห้องเย็นเก็บผักและผลไม้,เชียงใหม่,15000000,รายชื่อสถานประกอบการ,สหกรณ์ผู้ปลูกหอมหัวใหญ่ฝาง จำกัด,0,ม่อนปิ่น,2563,ฝาง
756,ห้องเย็น และล้าง ชำแหละ แกะ ต้ม นึ่ง ทอด หรือบดสัตว์ หรือส่วนหนึ่งส่วนใดของสัตว์,เชียงใหม่,7,รายชื่อสถานประกอบการ,บริษัท ซีพีเอฟ เรสเทอรองท์ แอนด์ฟู้ดเชน จำกัด,13000000,แม่แฝกใหม่,2563,สันทราย
757,ห้องเย็น,เชียงใหม่,5000000,รายชื่อสถานประกอบการ,อำไพพรรณการเกษตร,0,บ้านกาด,2563,แม่วาง
758,ห้องเย็น,เชียงใหม่,1000000,รายชื่อสถานประกอบการ,บริษัท ฟู๋ เซิง จำกัด,0,ดอยหล่อ,2563,ดอยหล่อ
759,ให้บริการรับฝากสินค้าในห้องเย็น,เชียงใหม่,3000000,รายชื่อสถานประกอบการ,บริษัท เค.พี.ห้องเย็น จำกัด,0,แช่ช้าง,2563,สันกำแพง
760,ห้องเย็นสำหรับเก็บรักษาพืชผลทางการเกษตร,เชียงใหม่,1000000,รายชื่อสถานประกอบการ,บริษัท นิ่มซี่เซ็งห้องเย็น จำกัด,0,บ้านกลาง,2563,สันป่าตอง
761,ห้องเย็น,เชียงใหม่,10000000,รายชื่อสถานประกอบการ,บริษัท ที.เค.เค.จันทบุรี ฟู้ดส์ จำกัด,0,สันกลาง,2563,สันป่าตอง
762,ห้องเย็นเก็บพืชผักและผลไม้,เชียงใหม่,57,รายชื่อสถานประกอบการ,บริษัท เชียงใหม่ธนาธรฟาร์ม จำกัด,101200000,แม่สูน,2563,ฝาง
763,ห้องเย็น,เชียงใหม่,5000000,รายชื่อสถานประกอบการ,บริษัท ทิพย์เกษตร จำกัด,0,บ้านแม,2563,สันป่าตอง
764,ห้องเย็น,เชียงใหม่,5000000,รายชื่อสถานประกอบการ,พรเจริญ พืชผล,0,ดอนแก้ว,2563,แม่ริม
765,ห้องเย็น,เชียงใหม่,3000000,รายชื่อสถานประกอบการ,บริษัท มงคลแอนด์ซันส์ฟาร์ม จำกัด ,0,สันโป่ง,2563,แม่ริม
766,ห้องเย็น เก็บผลิตผลการเกษตร,เชียงใหม่,5000000,รายชื่อสถานประกอบการ,บริษัท นิ่มซี่เส็งห้องเย็น จำกัด,0,ฟ้าฮ่าม,2563,เมืองเชียงใหม่
767,ห้องเย็นเก็บรักษาพืชผลทางการเกษตร,เชียงใหม่,1000000,รายชื่อสถานประกอบการ,สีดาการเกษตร,0,ท่าวังพร้าว,2563,สันป่าตอง
768,ห้องเย็นเก็บพืชผลทางการเกษตร,เชียงใหม่,5000000,รายชื่อสถานประกอบการ,บริษัท เชียงใหม่เฟรช โปรดักส์ จำกัด,0,ดอนเปา,2563,แม่วาง
769,เก็บอาหารแช่แข็ง,เชียงใหม่,4,รายชื่อสถานประกอบการ,เอ็ม เอ็ม โฟรเซ่นฟู้ด เชียงใหม่,85000000,สันกลาง,2563,สันป่าตอง
770,"ห้องเย็นและตัดแต่ง, แช่แข็ง พืช ผัก ผลไม้",เชียงใหม่,1189,รายชื่อสถานประกอบการ,บริษัท ลานนาเกษตรอุตสาหกรรม จำกัด,972630955,สารภี,2563,สารภี
771,ห้องเย็น,เชียงใหม่,5000000,รายชื่อสถานประกอบการ,บริษัท เชียงใหม่ธนาธรฟาร์ม จำกัด,0,สันทราย,2563,ฝาง
772,ห้องเย็นเพื่อเก็บอาหารทะเล เนื้อสัตว์ และพืช ผัก ผลไม้,เชียงใหม่,3000000,รายชื่อสถานประกอบการ,ห้างหุ้นส่วนจำกัด ศรีสุวรรณพัฒนาการค้า,0,ฟ้าฮ่าม,2563,เมืองเชียงใหม่
773,ห้องเย็น,เชียงใหม่,0,รายชื่อสถานประกอบการ,บริษัท เค.พี.(จอมทอง) จำกัด,0,บ้านแปะ,2563,จอมทอง
774,ห้องเย็นเก็บผลิตผลทางการเกษตร,เชียงใหม่,63,รายชื่อสถานประกอบการ,บริษัท พรีเซิร์ฟ อะโกร โปรดักส์ จำกัด,115000000,ขี้เหล็ก,2563,แม่ริม
775,ห้องเย็นเก็บผลิตผลทางการเกษตร,เชียงใหม่,3000000,รายชื่อสถานประกอบการ,ห้องเย็นแสงหล้า,0,ปงตำ,2563,ไชยปราการ
776,ซ่อมและเคาะพ่นสีรถยนต์,เชียงใหม่,1000000,รายชื่อสถานประกอบการ,บริษัท เจริญมอเตอร์เบนซ์ จำกัด,0,ศรีภูมิ,2563,เมืองเชียงใหม่
777,ศูนย์บริการซ่อมรถยนต์,เชียงใหม่,4500000,รายชื่อสถานประกอบการ,บริษัท มิตซูเชียงใหม่ จำกัด,0,ท่าศาลา,2563,เมืองเชียงใหม่
778,"ซ่อมรถยนต์,ปะ-เปลี่ยนยางรถยนต์",เชียงใหม่,2000000,รายชื่อสถานประกอบการ,ป.เฮงสวัสดิ์,0,สุเทพ,2563,เมืองเชียงใหม่
779,ซ่อมและเคาะพ่นสีรถยนต์,เชียงใหม่,500000,รายชื่อสถานประกอบการ,บริษัท อู่ตู่ อะไหล่ยนต์ จำกัด,0,หนองผึ้ง,2563,สารภี
780,ศูนย์บริการ เคาะพ่นสีรถยนต์,เชียงใหม่,2000000,รายชื่อสถานประกอบการ,เชียงแสง,0,ดอนแก้ว,2563,แม่ริม
781,ศูนย์จำหน่าย บริการซ่อมบำรุง และเคาะพ่นสีรถยนต์,เชียงใหม่,20000000,รายชื่อสถานประกอบการ,บริษัท โตโยต้านครพิงค์ เชียงใหม่ จำกัด,0,หนองจ๊อม,2563,สันทราย
782,ซ่อมตัวถังและสีรถยนต์,เชียงใหม่,20000000,รายชื่อสถานประกอบการ,บริษัท แสงตะวัน พีเอส จำกัด,0,ดอนแก้ว,2563,แม่ริม
783,ศูนย์บริการซ่อมรถยนต์,เชียงใหม่,1000000,รายชื่อสถานประกอบการ,บริษัท เบส ออโต้เซลส์ จำกัด,0,หนองจ๊อม,2563,สันทราย
784,ซ่อมรถยนต์และเคาะพ่นสีรถยนต์,เชียงใหม่,2000000,รายชื่อสถานประกอบการ,นายกิตติพงศ์ มณีชุติภาส,0,มะขามหลวง,2563,สันป่าตอง
785,ศูนย์บริการซ่อม และพ่นสีรถยนต์,เชียงใหม่,25000000,รายชื่อสถานประกอบการ,บริษัท เชียงใหม่ ฮอนค้า ออโตโมบิล จำกัด,0,สันทรายน้อย,2563,สันทราย
786,เคาะ-พ่นสี และซ่อมรถยนต์,เชียงใหม่,1000000,รายชื่อสถานประกอบการ,บริษัท นิวไดมอนด์ จำกัด,0,สันผีเสื้อ,2563,เมืองเชียงใหม่
787,"ศูนย์จำหน่าย, บริการซ่อมและเคาะพ่นสีรถยนต์",เชียงใหม่,30000000,รายชื่อสถานประกอบการ,บริษัท โตโยต้าเชียงใหม่ จำกัด สาขาสี่แยกไฮเวย์,0,ท่าศาลา,2563,เมืองเชียงใหม่
788,ศูนย์บริการซ่อมรถยนต์,เชียงใหม่,4500000,รายชื่อสถานประกอบการ,บริษัท มิตซูเชียงใหม่ จำกัด(สาขาหางดง),0,หนองควาย,2563,หางดง
789,ศูนย์บริการซ่อมแซมรถยนต์,เชียงใหม่,1000000,รายชื่อสถานประกอบการ,บี-ควิก สาขาโลตัส รวมโชค,0,ฟ้าฮ่าม,2563,เมืองเชียงใหม่
790,จำหน่ายและซ่อมรถยนต์,เชียงใหม่,2000000,รายชื่อสถานประกอบการ,บริษัท ธารา จำกัด สาขาสารภี,0,สารภี,2563,สารภี
791,ซ่อมรถยนต์,เชียงใหม่,17,รายชื่อสถานประกอบการ,ห้างหุ้นส่วนจำกัด อีซูซุ ศาลาฟาสเตอร์ เชียงใหม่,11800000,สันกลาง,2563,สันป่าตอง
792,ซ่อมรถยนต์,เชียงใหม่,1000000,รายชื่อสถานประกอบการ,บริษัท อรรถพรและบุตร จำกัด,0,วัดเกต,2563,เมืองเชียงใหม่
793,ศูนย์บริการซ่อมแซมรถยนต์,เชียงใหม่,1000000,รายชื่อสถานประกอบการ,บี-ควิก สาขาโลตัส หางดง,0,ป่าแดด,2563,เมืองเชียงใหม่
794,ศูนย์จำหน่าย บริการซ่อม และเคาะพ่นสีรถยนต์,เชียงใหม่,5000000,รายชื่อสถานประกอบการ,บริษัท ฮอนด้าพาราไดซ์ เชียงใหม่ จำกัด,0,หนองจ๊อม,2563,สันทราย
795,ศูนย์บริการซ่อมแซมรถยนต์,เชียงใหม่,0,รายชื่อสถานประกอบการ,บี-ควิก สาขาบิ๊กซีไฮเวย์ สาขา 2,0,หนองป่าครั่ง,2563,เมืองเชียงใหม่
796,ซ่อมรถยนต์,เชียงใหม่,1000000,รายชื่อสถานประกอบการ,บริษัท สยามนิสสัน เชียงใหม่ จำกัด,0,วัดเกต,2563,เมืองเชียงใหม่
797,ซ่อมเคาะพ่นสีรถยนต์,เชียงใหม่,500000,รายชื่อสถานประกอบการ,บริษัท วี เอ็น ออโต้ บอดี้ จำกัด,0,แม่เหียะ,2563,เมืองเชียงใหม่
798,ศูนย์บริการซ่อมแซมรถยนต์,เชียงใหม่,1000000,รายชื่อสถานประกอบการ,บี-ควิก สาขาบิ๊กซี หางดง สาขา 2,0,หางดง,2563,หางดง
799,ซ่อม พ่นสีรถจักรยานยนต์,เชียงใหม่,1000000,รายชื่อสถานประกอบการ,บริษัท นิยมพานิช จำกัด,0,สุเทพ,2563,เมืองเชียงใหม่
800,"ซ่อมรถยนต์,รถจักรยานยนต์",เชียงใหม่,1000000,รายชื่อสถานประกอบการ,บริษัท โตโยต้า เชียงใหม่ จำกัด,0,สันทราย,2563,ฝาง
801,ซ่อมรถยนต์,เชียงใหม่,100000000,รายชื่อสถานประกอบการ,บริษัท มาสด้าเชียงใหม่ จำกัด,0,หนองผึ้ง,2563,สารภี
802,ซ่อมรถยนต์,เชียงใหม่,2000000,รายชื่อสถานประกอบการ,บริษัท วี กรุ๊ป เอไอ เชียงใหม่ จำกัด,0,หนองควาย,2563,หางดง
803,ซ่อมบำรุงรถยนต์,เชียงใหม่,5000000,รายชื่อสถานประกอบการ,บริษัท โตโยต้า เชียงใหม่ จำกัด,0,สุเทพ,2563,เมืองเชียงใหม่
804,เคาะ-พ่นสีรถยนต์,เชียงใหม่,500000,รายชื่อสถานประกอบการ,ห้างหุ้นส่วนจำกัด อู่ทานการช่าง เชียงใหม่3,0,ท่าศาลา,2563,เมืองเชียงใหม่
805,ศูนย์ซ่อมบริการและเคาะพ่นสีรถยนต์,เชียงใหม่,1000000,รายชื่อสถานประกอบการ,อู่ยิ่งเจริญ,0,สันกลาง,2563,สันกำแพง
806,ซ่อมรถยนต์,เชียงใหม่,3000000,รายชื่อสถานประกอบการ,บริษัท สยามนิสสัน เชียงใหม่ จำกัด,0,ท่าศาลา,2563,เมืองเชียงใหม่
807,ซ่อมรถยนต์ เคาะพ่นสีรถยนต์,เชียงใหม่,1000000,รายชื่อสถานประกอบการ,บริษัท นิธิบูรณ์ ออโต้เซลล์ จำกัด,0,ช้างเผือก,2563,เมืองเชียงใหม่
808,ศูนย์บริการ ซ่อม และเคาะ-พ่นสีรถยนต์,เชียงใหม่,500000,รายชื่อสถานประกอบการ,บริษัท พี ออโต้ เพ้นท์ จำกัด,0,ป่าลาน,2563,ดอยสะเก็ด
809,ซ่อมแซมเครื่องยนต์ ซ่อมแซมเคาะพ่นสีถังรถยนต์ และพ่นสีกันสนิมรถยนต์,เชียงใหม่,20,รายชื่อสถานประกอบการ,อู่หม่องบริการ,8000000,ท่าศาลา,2563,เมืองเชียงใหม่
810,ซ่อมรถยนต์,เชียงใหม่,300000,รายชื่อสถานประกอบการ,อู่พีรพัฒน์ ดีเซล,0,แม่แวน,2563,พร้าว
811,ศูนย์บริการซ่อมรถยนต์ (Ford),เชียงใหม่,25,รายชื่อสถานประกอบการ,บริษัท อเมริกันมอเตอร์ส (เชียงใหม่) จำกัด,70000000,ฟ้าฮ่าม,2563,เมืองเชียงใหม่
812,ซ่อมแซมรถยนต์ เครื่องยนต์ ซ่อมแซมเคาะพ่นสีตัวถังรถยนต์ และพ่นสี,เชียงใหม่,45,รายชื่อสถานประกอบการ,บริษัท โตโยต้านครพิงค์ เชียงใหม่ จำกัด,265000000,แม่เหียะ,2563,เมืองเชียงใหม่
813,ซ่อมและเคาะพ่นสีรถยนต์,เชียงใหม่,30000000,รายชื่อสถานประกอบการ,ห้างหุ้นส่วนจำกัด อีซูซุศาลาฟาสเตอร์เชียงใหม่,0,หนองจ๊อม,2563,สันทราย
814,ซ่อมรถยนต์ และเคาะ-พ่นสีรถยนต์,เชียงใหม่,1000000,รายชื่อสถานประกอบการ,บริษัท สกุลชัยบิวดิ้ง จำกัด,0,ท่าศาลา,2563,เมืองเชียงใหม่
815,ศูนย์บริการซ่อมแซมรถยนต์ และ ซ่อมสีตัวถังรถยนต์,เชียงใหม่,20000000,รายชื่อสถานประกอบการ,บริษัท โตโยต้าอินทนนท์ จำกัด,0,ไชยสถาน,2563,สารภี
816,ซ่อมรถยนต์,เชียงใหม่,15000000,รายชื่อสถานประกอบการ,บริษัท บาเซโลนา มอเตอร์ จำกัด,0,ฟ้าฮ่าม,2563,เมืองเชียงใหม่
817,เกี่ยวกับรถยนต์ การสร้าง ประกอบ ดัดแปลง เปลี่ยนแปลงสภาพ การทำหลังคารถต่างๆ เช่น รถพยาบาล รถโดยสาร ฯลฯ และการซ่อมบำรุงรถยนต์,เชียงใหม่,30,รายชื่อสถานประกอบการ,ห้างหุ้นส่วนจำกัด เชียงใหม่ ชุนศิลป์,35000000,หนองผึ้ง,2563,สารภี
818,ซ่อมรถยนต์ เคาะพ่นสีรถยนต์,เชียงใหม่,1000000,รายชื่อสถานประกอบการ,ห้างหุ้นส่วนจำกัด ทรายทอง ออโต้ คาร์,0,สันปูเลย,2563,ดอยสะเก็ด
819,ซ่อมรถยนต์ ยางรถยนต์,เชียงใหม่,6,รายชื่อสถานประกอบการ,ห้างหุ้นส่วนจำกัด นพรัตน์ยางยนต์เชียงใหม่,16200000,หนองหอย,2563,เมืองเชียงใหม่
820,ศูนย์จำหน่าย บริการซ่อม และเคาะ พ่น สีรถยนต์,เชียงใหม่,80000000,รายชื่อสถานประกอบการ,บริษัท แมทริกซ์ ฮอนด้า ออโตโมบิล จำกัด,0,หนองป่าครั่ง,2563,เมืองเชียงใหม่
821,ซ่อมรถยนต์,เชียงใหม่,3000000,รายชื่อสถานประกอบการ,บริษัท พิงคนครเเซลแอนด์เซอร์วิส จำกัด,0,ท่าศาลา,2563,เมืองเชียงใหม่
822,ซ่อมรถยนต์,เชียงใหม่,2000000,รายชื่อสถานประกอบการ,บริษัท วี เพอร์เฟค ออโต้คาร์ จำกัด,0,หนองควาย,2563,หางดง
823,ซ่อมรถยนต์และเคาะ-พ่นสีรถยนต์,เชียงใหม่,5000000,รายชื่อสถานประกอบการ,บริษัท พิงคนครเซลแอนด์เซอร์วิส จำกัด,0,แม่เหียะ,2563,เมืองเชียงใหม่
824,"ซ่อมรถยนต์,ต่อตัวถังรถ",เชียงใหม่,100000,รายชื่อสถานประกอบการ,บริษัท เชียงใหม่ทวีผล คอนสตรัคชั่น จำกัด,0,หางดง,2563,หางดง
825,ซ่อมและพ่นสีรถยนต์,เชียงใหม่,1000000,รายชื่อสถานประกอบการ,บริษัท พี.เจ.ออโตเซอร์วิส จำกัด,0,ชมภู,2563,สารภี
826,ตั้งศูนย์ถ่วงล้อ เปลี่ยนยาง ปะยาง ซ่อมช่วงล่างรถบรรทุกและรถยนต์นั่งสว่นบุคคล,เชียงใหม่,10000000,รายชื่อสถานประกอบการ,ห้างหุ้นส่วนสามัญนิติบุคคลเวียงพิงค์แอทแวนเทจ,0,ยางเนิ้ง,2563,สารภี
827,ซ่อมรถยนต์,เชียงใหม่,100000,รายชื่อสถานประกอบการ,สุรกิจกลการ,0,วัดเกต,2563,เมืองเชียงใหม่
828,ซ่อมรถยนต์,เชียงใหม่,5500000,รายชื่อสถานประกอบการ,บริษัท ไดนาสตี้ เอ็นเอสเอ จำกัด,0,ช้างคลาน,2563,เมืองเชียงใหม่
829,ซ่อมรถยนต์,เชียงใหม่,50000,รายชื่อสถานประกอบการ,อู่เกรียงไกรกลการ,0,ฟ้าฮ่าม,2563,เมืองเชียงใหม่
830,ซ่อม-เคาะพ่นสีรถยนต์,เชียงใหม่,2400000,รายชื่อสถานประกอบการ,ห้างหุ้นส่วนจำกัด นครพิงค์ ไฮเวย์,0,ท่าศาลา,2563,เมืองเชียงใหม่
831,ศูนย์จำหน่าย บริการซ่อมและเคาะ พ่นสีรถยนต์,เชียงใหม่,100000000,รายชื่อสถานประกอบการ,บริษัท โตโยต้า เชียงใหม่ จำกัด สาขาจอมทอง,0,ข่วงเปา,2563,จอมทอง
832,ซ่อมรถยนต์,เชียงใหม่,1000000,รายชื่อสถานประกอบการ,บริษัท วี กรุ๊ป แซดเค จำกัด,0,ฟ้าฮ่าม,2563,เมืองเชียงใหม่
833,เคาะ-พ่นสีรถยนต์,เชียงใหม่,50000,รายชื่อสถานประกอบการ,ห้างหุ้นส่วนจำกัด อู่จำลองกลการ 98,0,สันทราย,2563,ฝาง
834,"ต่อตัวถัง,ทำสี และซ่อมแซมรถโดยสาร",เชียงใหม่,1000000,รายชื่อสถานประกอบการ,ห้างหุ้นส่วนจำกัด ดีอาร์.บัสบอดี้,0,บวกค้าง,2563,สันกำแพง
835,"ซ่อมรถยนต์,เปลี่ยนยาง",เชียงใหม่,23,รายชื่อสถานประกอบการ,บริษัท พงศ์โชตนาการยาง จำกัด,13200000,ช้างเผือก,2563,เมืองเชียงใหม่
836,ซ่อมรถยนต์,เชียงใหม่,1000000,รายชื่อสถานประกอบการ,บริษัท ชัยพัฒนาขนส่งเชียงใหม่ จำกัด,0,หนองป่าครั่ง,2563,เมืองเชียงใหม่
837,ศูนย์บริการซ่อมรถยนต์,เชียงใหม่,5000000,รายชื่อสถานประกอบการ,บริษัท แสงชัยมอเตอร์เซลส์ จำกัด,0,ฟ้าฮ่าม,2563,เมืองเชียงใหม่
838,ซ่อมแซมเครื่องยนต์ เคาะพ่นสีตัวถังรถยนต์,เชียงใหม่,2000000,รายชื่อสถานประกอบการ,บริษัท 88 ดาวรุ่ง จำกัด,0,แม่เหียะ,2563,เมืองเชียงใหม่
839,ศูนย์บริการเคาะพ่นสี รถยนต์,เชียงใหม่,5000000,รายชื่อสถานประกอบการ,บริษัท อีซูซุเชียงใหม่เซลส์ จำกัด,0,หนองผึ้ง,2563,สารภี
840,ตั้งศูนย์ถ่วงล้อและปะยงรถยนต์,เชียงใหม่,3000000,รายชื่อสถานประกอบการ,บริษัท เชียงใหม่เวียงพิงค์การยาง จำกัด,0,ฟ้าฮ่าม,2563,เมืองเชียงใหม่
841,ซ่อมรถยนต์,เชียงใหม่,0,รายชื่อสถานประกอบการ,บริษัท อีซูซุ เชียงใหม่เซลส์ จำกัด,0,หนองผึ้ง,2563,สารภี
842,ศูนย์บริการซ่อมรถยนต์,เชียงใหม่,1000000,รายชื่อสถานประกอบการ,บริษัท เซฟเวย์ ออโต้ เซอร์วิส จำกัด,0,ช้างคลาน,2563,เมืองเชียงใหม่
843,ซ่อมรถยนต์ และเคาะพ่นสีรถยนต์,เชียงใหม่,600000,รายชื่อสถานประกอบการ,บริษัท อริยกิจ จี.พี. จำกัด,0,สันพระเนตร,2563,สันทราย
844,เคาะ-พ่นสีรถยนต์,เชียงใหม่,25,รายชื่อสถานประกอบการ,อ.การาจเจริญยนต์,9100000,ดอนแก้ว,2563,สารภี
845,ซ่อมรถยนต์,เชียงใหม่,39,รายชื่อสถานประกอบการ,บริษัท ธารา จำกัด (สาขาหนองป่าครั่ง),0,หนองป่าครั่ง,2563,เมืองเชียงใหม่
846,ซ่อมรถยนต์,เชียงใหม่,20000000,รายชื่อสถานประกอบการ,บริษัท ธารา จำกัด สาขาสนามบิน,0,สุเทพ,2563,เมืองเชียงใหม่
847,ศูนย์บริการซ่อมรถยนต์,เชียงใหม่,1000000,รายชื่อสถานประกอบการ,บริษัท แสงชัยมอเตอร์เซลส์ จำกัด,0,แม่เหียะ,2563,เมืองเชียงใหม่
848,ศูนย์บริการซ่อมรถยนต์ และบริการซ่อมสีรถยนต์,เชียงใหม่,10000000,รายชื่อสถานประกอบการ,บริษัท โตโยต้าริช จำกัด,0,สันพระเนตร,2563,สันทราย
849,ซ่อมรถยนต์และซ่อมเคาะพ่นสีรถยนต์,เชียงใหม่,30000000,รายชื่อสถานประกอบการ,ห้างหุ้นส่วนจำกัด อีซูซุศาลาฟาสเตอร์เชียงใหม่,0,ข่วงเปา,2563,จอมทอง
850,ซ่อมรถยนต์ และเคาะพ่นสีรถยนต์,เชียงใหม่,102,รายชื่อสถานประกอบการ,บริษัท โตโยต้า ล้านนา จำกัด,306000000,ช้างเผือก,2563,เมืองเชียงใหม่
851,ศูนย์บริการซ่อมรถยนต์ และยานยนต์ทุกประเภท,เชียงใหม่,500000,รายชื่อสถานประกอบการ,บริษัท วี-เพ้นท์ ออโต้เซอร์วิส จำกัด,0,ช้างเผือก,2563,เมืองเชียงใหม่
852,ซ่อมแซมรถยนต์ และเคาะพ่นสีตัวถัง,เชียงใหม่,3000000,รายชื่อสถานประกอบการ,ห้างหุ้นส่วนจำกัด เศรษฐศักดิ์ บริการ,0,หนองผึ้ง,2563,สารภี
853,ซ่อม เคาะพ่นสีรถยนต์,เชียงใหม่,20,รายชื่อสถานประกอบการ,บริษัท วิริยะมาสด้า (2004) จำกัด,10400000,หนองจ๊อม,2563,สันทราย
854,ซ่อมและพ่นสีรถยนต์,เชียงใหม่,3800000,รายชื่อสถานประกอบการ,บริษัท นครพิงค์เวอร์คช็อพ จำกัด,0,สันนาเม็ง,2563,สันทราย
855,ซ่อมและเคาะพ่นสีรถยนต์ 60 คัน/ปี,เชียงใหม่,150000,รายชื่อสถานประกอบการ,ห้างหุ้นส่วนจำกัด หมื่นการช่าง,0,ต้นเปา,2563,สันกำแพง
856,ซักรีด ซักแห้ง เครื่องนุ่งห่ม,เชียงใหม่,500000,รายชื่อสถานประกอบการ,ห้างหุ้นส่วนจำกัด นอร์ทเทิร์นลอนดรี เซอร์วิส,0,ป่าป้อง,2563,ดอยสะเก็ด
857,"ซัก,อบ,รีดผ้า",เชียงใหม่,500000,รายชื่อสถานประกอบการ,ห้างหุ้นส่วนจำกัด มาสเตอร์คลีนลอนดรี้ แอนด์ เซอร์วิส,0,ริมเหนือ,2563,แม่ริม
858,ซัก อบ รีดผ้า และย้อมผ้า,เชียงใหม่,200000,รายชื่อสถานประกอบการ,ห้างหุ้นส่วนจำกัด สโนไวท์ ลอนลี่,0,ป่าแดด,2563,เมืองเชียงใหม่
859,ซัก อบ รีด เสื้อผ้า ผ้าคลุมเตียง ผ้าห่ม,เชียงใหม่,200000,รายชื่อสถานประกอบการ,พี.อาร์.ลอนดรี แอนด์ เซอร์วิส,0,สันป่าเปา,2563,สันทราย
860,โม่ บด ย่อยหิน,เชียงใหม่,10000000,รายชื่อสถานประกอบการ,บริษัท อาเชี่ยน จำกัด,0,บ้านแปะ,2563,จอมทอง
861,โม่ บด ย่อยหิน,เชียงใหม่,26000000,รายชื่อสถานประกอบการ,บริษัท เชียงใหม่สหศิลา จำกัด,0,ศรีดงเย็น,2563,ไชยปราการ
862,โม่ บด หรือย่อยหิน,เชียงใหม่,10000000,รายชื่อสถานประกอบการ,บริษัท เชียงใหม่ ที.ดี. จำกัด,0,บ้านแปะ,2563,จอมทอง
863,โม บด หรือย่อยหิน,เชียงใหม่,0,รายชื่อสถานประกอบการ,บริษัท ปิยะกิจโยธาการ จำกัด,0,แม่แตง,2563,แม่แตง
864,โม่ บด หรือย่อยหิน,เชียงใหม่,35,รายชื่อสถานประกอบการ,บริษัท สยามสโตน แอ๊กกริเกรท จำกัด,0,แม่โป่ง,2563,ดอยสะเก็ด
865,โม่ บด หรือย่อยหิน,เชียงใหม่,25000000,รายชื่อสถานประกอบการ,บริษัท เขตศิลา จำกัด,0,บ้านแปะ,2563,จอมทอง
866,โม่ บด หรือย่อยหิน,เชียงใหม่,10000000,รายชื่อสถานประกอบการ,เชียงใหม่ไท้เซียง,0,บ้านแปะ,2563,จอมทอง
867,โม่ บด หรือย่อยหิน,เชียงใหม่,27,รายชื่อสถานประกอบการ,บริษัท เอ็มแพค ไมนิ่ง จำกัด,155000000,บ้านแปะ,2563,จอมทอง
868,โม่ บด และย่อยหิน,เชียงใหม่,27,รายชื่อสถานประกอบการ,นางมัณฑณา ลี้ตระกูล,290000000,บ้านแปะ,2563,จอมทอง
869,ทำผลิตภัณฑ์จากไม้ไผ่ เช่น ตะเกียบ,เชียงใหม่,50,รายชื่อสถานประกอบการ,ไผ่ทองอุตสาหกรรม,2269654,ป่าบง,2563,สารภี
870,ทำเส้นก๋วยเตี๋ยว และเส้นหมี่,เชียงใหม่,8,รายชื่อสถานประกอบการ,แสงประทีป,800000,สันปูเลย,2563,ดอยสะเก็ด
871,ทำน้ำแข็งก้อนเล็ก ,เชียงใหม่,1000000,รายชื่อสถานประกอบการ,ห้างหุ้นส่วนจำกัด วารีเทพ สันกำแพง,0,ทรายมูล,2563,สันกำแพง
872,ทำน้ำแข็งก้อนเล็ก,เชียงใหม่,50000,รายชื่อสถานประกอบการ,โรงน้ำแข็งสุขเสรี,0,ช้างเผือก,2563,เมืองเชียงใหม่
873,ทำน้ำแข็งซองได้วันละ 1200 ซอง และทำน้ำแข็งก้อนเล็กได้วันละ 1,เชียงใหม่,300000,รายชื่อสถานประกอบการ,ห้างหุ้นส่วนจำกัด เวียงพิงค์ไอซ์,0,หนองหอย,2563,เมืองเชียงใหม่
874,ผลิตอาหารสัตว์,เชียงใหม่,1000000,รายชื่อสถานประกอบการ,บริษัท อาร์.พี.เอ็ม ฟาร์ม แอนด์ ฟีด จำกัด,0,หนองควาย,2563,หางดง
875,ผลิตอาหารผสม หรืออาหารสำเร็จรูปสำหรับเลี้ยงสัตว์,เชียงใหม่,5000000,รายชื่อสถานประกอบการ,บริษัท โฟร์ ที จำกัด,0,ดอยหล่อ,2563,ดอยหล่อ
876,บดถั่วเหลืองสำหรับเป็นส่วนผสมอาหารสัตว์,เชียงใหม่,500000,รายชื่อสถานประกอบการ,ห้างหุ้นส่วนจำกัด โรงสีข้าวรวงทองเชียงใหม่,0,เชิงดอย,2563,ดอยสะเก็ด
877,ผลิตโซดา และน้ำดื่ม,เชียงใหม่,165,รายชื่อสถานประกอบการ,บริษัท เชียงใหม่ เบเวอเรช จำกัด,1160000000,ยางเนิ้ง,2563,สารภี
878,ผลิตน้ำแร่ น้ำดื่ม และขวดพลาสติก,เชียงใหม่,90,รายชื่อสถานประกอบการ,บริษัท ทิปโก้ฟูดส์ จำกัด (มหาชน),400000000,โป่งแยง,2563,แม่ริม
879,ทำวงกบประตู-หน้าต่าง เครื่องเรือนเครื่องใช้ในบ้านเรือน และไม้เซาะร่องรางลิ้นอัดเป็นแผ่นสำเร็จ,เชียงใหม่,1000000,รายชื่อสถานประกอบการ,นายนพรัตน์ นิมมานวัฒนา,0,น้ำแพร่,2563,หางดง
880,ทำเครื่องเรือนจากไม้ เช่น ตู้ โต๊ะ เตียง,เชียงใหม่,3950000,รายชื่อสถานประกอบการ,ตนานุวัฒน์เฟอร์นิเจอร์,0,แม่เหียะ,2563,เมืองเชียงใหม่
881,ฆ่าและชำแหละสุกร,เชียงใหม่,80000000,รายชื่อสถานประกอบการ,บริษัท วีพีเอฟ กรุ๊ป (1973) จำกัด,0,ชมภู,2563,สารภี
882,แปรรูปผลิตภัณฑ์จากผึ้ง เช่น น้ำผึ้ง นมผึ้ง เกสรผึ้ง และไขผึ้ง ,เชียงใหม่,25000000,รายชื่อสถานประกอบการ,บริษัท เชียงใหม่ เฮลดี้ โปรดักส์ จำกัด,0,สารภี,2563,สารภี
883,ผลิตนมพาสเจอร์ไรส์และนมเปรี้ยวพร้อมดื่ม,เชียงใหม่,8,รายชื่อสถานประกอบการ,สหกรณ์โคนมเชียงใหม่ จำกัด,30000000,ไชยสถาน,2563,สารภี
884,ผลิตผักและผลไม้บรรจุกระป๋องสำเร็จรูป,เชียงใหม่,110000000,รายชื่อสถานประกอบการ,บริษัท สันติภาพ (ฮั่วเพ้ง 1958) จำกัด,0,แม่แฝกใหม่,2563,สันทราย
885,ทำผลไม้บรรุกระป๋อง,เชียงใหม่,2000000,รายชื่อสถานประกอบการ,บริษัท โอ.วี.อินเตอร์เนชั่นแนล อิมปอร์ต-เอ็กซ์ปอร์ต จำกัด,0,แม่ทะลบ,2563,ไชยปราการ
886,แปรรูปผักและผลไม้บรรจุกระป๋อง แช่แข็งทุกชนิด,เชียงใหม่,140,รายชื่อสถานประกอบการ,บริษัท ซันสวีท จำกัด (มหาชน),996020762,ทุ่งสะโตก,2563,สันป่าตอง
887,ทำอาหารกระป๋องจากผัก พืชหรือผลไม้และดองผักพืชหรือผลไม้,เชียงใหม่,75000000,รายชื่อสถานประกอบการ,บริษัท ช้างอวอดส์ (1959) จำกัด,0,แม่ข่า,2563,ฝาง
888,ทำผลิตภัณฑ์อาหารจากผัก ผลไม้ บรรจุกระป๋อง,เชียงใหม่,20000000,รายชื่อสถานประกอบการ,บริษัท อาหารเชียงใหม่อุตสาหกรรม จำกัด,0,บ้านกลาง,2563,สันป่าตอง
889,ทำอาหารและเครื่องดื่มจากผักผลไม้บรรจุกระป๋อง และผักผลไม้แช่แข็ง,เชียงใหม่,12000000,รายชื่อสถานประกอบการ,บริษัท ดอยคำผลิตภัณฑ์อาหาร จำกัด,0,แม่งอน,2563,ฝาง
890,ทำผัก-ผลไม้ น้ำผัก-ผลไม้ บรรจุกระป๋อง,เชียงใหม่,10000000,รายชื่อสถานประกอบการ,บริษัท สหปราจีนบุรีอุตสาหกรรมอาหาร จำกัด,0,แม่สูน,2563,ฝาง
891,ผลิตพืช ผัก ผลไม้ แช่แข็ง แบ่งบรรจุอาหารและเครื่องปรุงอาหารโดยไม่มีการผลิต,เชียงใหม่,569567526,รายชื่อสถานประกอบการ,บริษัท เชียงใหม่โฟรเซ่นฟูดส์ จำกัด (มหาชน),0,แม่แฝกใหม่,2563,สันทราย
892,ผลิตพืช ผัก และผลไม้อบแห้ง,เชียงใหม่,20000000,รายชื่อสถานประกอบการ,บริษัท เอกมี เทรดดิ้ง อินเตอร์เนชั่นแนล จำกัด,0,ดอยหล่อ,2563,ดอยหล่อ
893,ห้องเย็น,เชียงใหม่,4000000,รายชื่อสถานประกอบการ,บริษัท ห้องเย็นปรมีจำกัด,0,ฟ้าฮ่าม,2563,เมืองเชียงใหม่
894,ขยายผลิตพืช ผัก ผลไม้แช่แข็ง และห้องเย็น,เชียงใหม่,16500000,รายชื่อสถานประกอบการ,บริษัท เชียงใหม่โฟรเซ่นฟูดส์ จำกัด (มหาชน),0,หนองจ๊อม,2563,สันทราย
895,ผลิตและจำหน่ายขนมปัง,เชียงใหม่,100000,รายชื่อสถานประกอบการ,เวียงวราเบเกอรี่,0,ป่าบง,2563,สารภี
896,ผลิตอาหารสำหรับสายการบิน,เชียงใหม่,50,รายชื่อสถานประกอบการ,บริษัท ครัวการบินกรุงเทพเชียงใหม่ จำกัด,180000000,สุเทพ,2563,เมืองเชียงใหม่
897,ผลิตคอนกรีตผสมเสร็จ,เชียงใหม่,4,รายชื่อสถานประกอบการ,ห้างหุ้นส่วนจำกัด พงษ์ศรา คอนกรีต,390000,ช่างเคิ่ง,2563,แม่แจ่ม
898,ผลิตลูกปัดแก้ว,เชียงใหม่,50,รายชื่อสถานประกอบการ,บริษัท ไฟนรก จำกัด,0,ทรายมูล,2563,สันกำแพง
899,ทำผลิตภัณฑ์จากไม้ไผ่,เชียงใหม่,43,รายชื่อสถานประกอบการ,บริษัท ฮูไทยคราฟท์ จำกัด,5523000,หางดง,2564,หางดง
900,ทำเส้นก๋วยเตี๋ยว เส้นหมี่สดและแห้ง,เชียงใหม่,73,รายชื่อสถานประกอบการ,ห้างหุ้นส่วนจำกัด อิสริยะผล,23500000,ป่าตัน,2564,เมืองเชียงใหม่
901,ผลิตเส้นก๋วยเตี๋ยว,เชียงใหม่,2000000,รายชื่อสถานประกอบการ,บริษัท กรีนเนเจอร์ เกรนส์ แอนด์ นู้ดเดิ้ล จำกัด,0,สบแม่ข่า,2564,หางดง
902,ปรับปรุงคุณภาพกระจกให้เป็นกระจกนิรภัยสำหรับอาคารและอื่น ๆ,เชียงใหม่,60,รายชื่อสถานประกอบการ,บริษัท กมลพิศาลกระจกนิรภัย จำกัด,193000000,แม่แฝก,2564,สันทราย
903,คัดแยกวัสดุที่ไม่ใช้แล้วเฉพาะที่กำหนดในหมวด 1 ข้อ 1 ของภาคผนวกที่ 1 บัญชีสิ่งปฏิกูลหรือวัสดุที่ไม่ใช้แล้ว ท้ายประกาศกระทรวงอุตสาหกรรม ฉบับที่ 1 (พ.ศ.2541) เช่น เศษกระดาษ พลาสติก โลหะ และนำตัวทำละลายใช้แล้ว มาผ่านกระบวนการทางอุตสาหกรรม เพื่อนำกลับมาใช้เป็นเชื้อเพลิงทดแทน และนำน้ำมันใช้แล้วมาผ่านกระบวนการทางอุตสาหกรรม เพื่อนำกลับมาใช้เป็นเชื้อเพลิงทดแทน น้ำมันทาแบบและน้ำมันหยอดทิ้ง,เชียงใหม่,7,รายชื่อสถานประกอบการ,ห้างหุ้นส่วนจำกัด วัฒนะปิโตร ซัพพลาย,1250000,ลวงเหนือ,2564,ดอยสะเก็ด
904,คัดแยกสิ่งปฏิกูลหรือวัสดุที่ไม่ใช้แล้วที่ไม่เป็นของเสียอันตราย,เชียงใหม่,100000,รายชื่อสถานประกอบการ,อรัญญาพลาสติก,0,ท่าวังตาล,2564,สารภี
905,คัดแยกวัสดุที่ไม่ใช้แล้วที่ไม่เป็นของเสียอันตราย,เชียงใหม่,20000000,รายชื่อสถานประกอบการ,บริษัท ส.รวมเศษ สันทราย จำกัด,0,แม่แฝก,2564,สันทราย
906,คัดแยกสิ่งปฏิกูลหรือวัสดุที่ไม่ใช้แล้วที่ไม่เป็นของเสียอันตราย เฉพาะเศษกระดาษ เศษพลาสติก เศษโลหะ อัดเศษกระดาษและบดย่อยพลาสติก,เชียงใหม่,11,รายชื่อสถานประกอบการ,ห้างหุ้นส่วนจำกัด ท้าวบุญเรือง,4500000,ข่วงเปา,2564,จอมทอง
907,คัดแยกวัสดุที่ไม่ใช้แล้วเฉพาะที่กำหนดไว้ในหมวด 1 ข้อ 1 ของภาคผนวกที่ 1 บัญชีสิ่งปฏิกูลหรือวัสดุที่ไม่ใช้แล้วท้ายประกาศกระทรวงอุตสาหกรรม ฉบับที่ 1 (พ.ศ.2541),เชียงใหม่,200000,รายชื่อสถานประกอบการ,ห้างหุ้นส่วนจำกัด บี.บี.บี. เพาเวอร์,0,หารแก้ว,2564,หางดง
908,ทำเชื้อเพลิงทดแทนจากน้ำมันหล่อลื่นที่ใช้แล้วและตัวทำละลายที่ใช้แล้ว โดยกระบวนการกรองซ่อมและล้างบรรจุภัณฑ์ด้วยตัวทำละลาย และเก็บรวบรวมแบตเตอรี่เก่าโดยไม่มีการแปรสภาพ และดัดแยกวัสดุที่ไม่ใช้แล้วที่ไม่เป็นของเสียอันตราย,เชียงใหม่,1000000,รายชื่อสถานประกอบการ,บริษัท ชินโชติสุทธิธนาภูมิ จำกัด,0,บ้านกลาง,2564,สันป่าตอง
909,บ่มและอบใบยาสูบ 7.5 ตัน,เชียงใหม่,310,รายชื่อสถานประกอบการ,บริษัท ไซแอมโทแบคโคเอกซ์ปอร์ตคอร์ปอเรชั่น จำกัด,963000000,ยางเนิ้ง,2564,สารภี
910,ผลิตใบชาแห้งและใบชาผง,เชียงใหม่,0,รายชื่อสถานประกอบการ,บริษัท ชาระมิงค์ จำกัด,0,ท่าศาลา,2564,เมืองเชียงใหม่
911,ทำน้ำแข็ง ได้วันละ 439 ซอง และทำน้ำแข็งก้อนเล็กได้วันละ 84 ต,เชียงใหม่,2000000,รายชื่อสถานประกอบการ,ห้างหุ้นส่วนจำกัด โรงน้ำแข็งทวีชัยเชียงใหม่,0,ฟ้าฮ่าม,2564,เมืองเชียงใหม่
912,ทำน้ำแข็งซองได้วันละ 337 ซอง และน้ำแข็งก้อนเล็กได้วันละ 91.44 ตัน,เชียงใหม่,0,รายชื่อสถานประกอบการ,บริษัท โรงน้ำแข็งวังสิงห์คำอุตสาหกรรม จำกัด,0,ช้างม่อย,2564,เมืองเชียงใหม่
913,ทำน้ำแข็งก้อนเล็ก และน้ำแข็งซอง,เชียงใหม่,100000,รายชื่อสถานประกอบการ,บริษัท วารีเทพ จอมทอง จำกัด,0,ข่วงเปา,2564,จอมทอง
914,ทำน้ำแข็งซองได้วันละ 760 ซอง และน้ำแข็งก้อนเล็ก 176 ตัน/วัน,เชียงใหม่,1500000,รายชื่อสถานประกอบการ,บริษัท โรงน้ำแข็งรัตนโกสินทร์ จำกัด,0,ช้างเผือก,2564,เมืองเชียงใหม่
915,ทำน้ำแข็งก้อนเล็กเพิ่มขึ้น 50 ตัน/วัน และผลิตน้ำแข็งซองมีกำลังการผลิต 500 ซอย/วัน,เชียงใหม่,1000000,รายชื่อสถานประกอบการ,ห้างหุ้นส่วนจำกัด โรงน้ำแข็งอภิชัย (2013),0,สันมหาพน,2564,แม่แตง
916,ทำน้ำแข็งซอง ได้วันละ 1343 ซอง และน้ำเข็งก้อนเล็ก,เชียงใหม่,500000,รายชื่อสถานประกอบการ,โรงน้ำแข็งวังสิงห์คำ,0,ช้างม่อย,2564,เมืองเชียงใหม่
917,ผลิตน้ำแข็ง,เชียงใหม่,1000000,รายชื่อสถานประกอบการ,บริษัท โรงน้ำแข็งแม่ริม เชียงใหม่ กิจวารี จำกัด,0,สันโป่ง,2564,แม่ริม
918,ทำน้ำแข็งซอง,เชียงใหม่,11,รายชื่อสถานประกอบการ,โรงน้ำแข็งสารภี,6000000,หนองผึ้ง,2564,สารภี
919,ผลิตน้ำแข็งหลอด,เชียงใหม่,3000000,รายชื่อสถานประกอบการ,นางภัทรา โตไพบูลย์,0,สันปูเลย,2564,ดอยสะเก็ด
920,ผลิตน้ำแข็ง,เชียงใหม่,3000000,รายชื่อสถานประกอบการ,บริษัท โรงน้ำแข็ง อ.ลักขณา (ดอยสะเก็ดกิจวารี) จำกัด,0,เชิงดอย,2564,ดอยสะเก็ด
921,ผลิตน้ำแข็งหลอด,เชียงใหม่,10000000,รายชื่อสถานประกอบการ,บริษัท โรงน้ำแข็งสารภีกิจวารี(เชียงใหม่) จำกัด,0,ชมภู,2564,สารภี
922,ทำน้ำแข็งซอง ได้วันละ 415 ซอง และน้ำแข็งก้อนเล็ก ได้วันละ 50 ตัน,เชียงใหม่,8,รายชื่อสถานประกอบการ,สโนไอซ์ (สาขา 1),34000000,ช้างม่อย,2564,เมืองเชียงใหม่
923,อบ ป่น บด เมล็ดพืช หัวพืช เช่นกระเทียมผง กระเทียมเจียว พริกบด ข้าวสารอบแห้ง,เชียงใหม่,52,รายชื่อสถานประกอบการ,บริษัท นิธิฟู้ดส์ จำกัด,100000000,บ้านกลาง,2564,สันป่าตอง
924,โรงงานอบลำไย,เชียงใหม่,20000000,รายชื่อสถานประกอบการ,บริษัท เอ.อะโกร จำกัด,0,บงตัน,2564,ดอยเต่า
925,อบพืชผลทางการเกษตร,เชียงใหม่,10000000,รายชื่อสถานประกอบการ,โรงอบลำไยท่าวังพร้าว,0,ท่าวังพร้าว,2564,สันป่าตอง
926,อบแห้งแบบแอร์ดราย พืช ผัก ผลไม้และเนื้อสัตว์,เชียงใหม่,0,รายชื่อสถานประกอบการ,บริษัท พรีเซิร์ฟ อะโกร โปรดักส์ จำกัด,0,ขี้เหล็ก,2564,แม่ริม
927,อบพืชผลทางการเกษตร,เชียงใหม่,1500000,รายชื่อสถานประกอบการ,ศ.ชินพงศ์ การค้า,0,เวียง,2564,ฝาง
928,อบพืชผลทางการเกษตร ปรับปรุงคุณภาพของผลิตผลทางการเกษตร,เชียงใหม่,10,รายชื่อสถานประกอบการ,บริษัท สหซินหลงสารภี จำกัด,20000000,สบเตี๊ยะ,2564,จอมทอง
929,อบลำใย,เชียงใหม่,30000000,รายชื่อสถานประกอบการ,บริษัท ฟู๋เซิง จำกัด,0,ดอยหล่อ,2564,ดอยหล่อ
930,อบพืชหรือเมล็ดพืช การเก็บรักษาหรือลำเลียงพืช เมล็ดพืช หรือผลิตผลจากพืชในไซโลโกดัง หรือคลังสินค้า เช่น ข้าวโพด,เชียงใหม่,50,รายชื่อสถานประกอบการ,บริษัท 5เอ เทรดดิ้ง จำกัด,10000000,บ้านแปะ,2564,จอมทอง
931,อบผลิตผลทางการเกษตร,เชียงใหม่,30,รายชื่อสถานประกอบการ,บริษัท เอส เอ็น พี อะโกร จำกัด,2000000,ท่าวังพร้าว,2564,สันป่าตอง
932,อบพืชผลทางการเกษตร,เชียงใหม่,3000000,รายชื่อสถานประกอบการ, บริษัท นอร์ท 87 จำกัด,0,แม่แวน,2564,พร้าว
933,อบพืชผลทางการเกษตร,เชียงใหม่,1000000,รายชื่อสถานประกอบการ,ศรีเจริญ,0,สันทราย,2564,สารภี
934,อบผลิตผลทางการเกษตร ,เชียงใหม่,15000000,รายชื่อสถานประกอบการ,โรงอบลำไยสรายุทธ,0,ท่ากว้าง,2564,สารภี
935,อบลำไย,เชียงใหม่,4000000,รายชื่อสถานประกอบการ,บริษัท ชิ่งเฟิง อุตสาหกรรมอาหาร จำกัด,0,ดอยหล่อ,2564,ดอยหล่อ
936,อบพืชผลทางการเกษตร,เชียงใหม่,10000000,รายชื่อสถานประกอบการ,บริษัท เทียนเฉิน จำกัด,0,ดอยหล่อ,2564,ดอยหล่อ
937,อบพืชผลทางการเกษตร,เชียงใหม่,60000000,รายชื่อสถานประกอบการ,บริษัท เค.พี.อุตสาหกรรมการผลิต จำกัด,0,แช่ช้าง,2564,สันกำแพง
938,"ผลิตก้อนเชื้อเห็ดเมืองหนาว ได้ปีละ 6,550 ตัน",เชียงใหม่,20000000,รายชื่อสถานประกอบการ,บริษัท สหฟาร์มเห็ด จำกัด,0,แม่แฝกใหม่,2564,สันทราย
939,เพาะเห็ด เช่น เห็ดนางรมหลวง,เชียงใหม่,20000000,รายชื่อสถานประกอบการ,บริษัท เชียงใหม่ฟาร์มเห็ด จำกัด,0,แม่แฝกใหม่,2564,สันทราย
940,ผลิตน้ำดื่มและเครื่องดื่มที่ไม่มีแอลกอฮอล์,เชียงใหม่,48,รายชื่อสถานประกอบการ,บริษัท โอเค ฟู้ดแอนด์เบฟเวอร์เรจ จำกัด,57000000,ทุ่งต้อม,2564,สันป่าตอง
941,ฟอกย้อมผ้า และพิมพ์ผ้า,เชียงใหม่,10,รายชื่อสถานประกอบการ,นางสาวชริญา สุวรรณ,2100000,บวกค้าง,2564,สันกำแพง
942,ย้อมด้าย,เชียงใหม่,200000,รายชื่อสถานประกอบการ,โฟร์สตาร์,0,ช้างคลาน,2564,เมืองเชียงใหม่
943,ตัดเย็บเสื้อผ้าสำเร็จรูป (จำนวนจักรเย็บผ้า 156 เครื่อง),เชียงใหม่,1000000,รายชื่อสถานประกอบการ,บริษัท ตันติยานันท์ การ์เมนท์ จำกัด,0,หนองจ๊อม,2564,สันทราย
944,ตัดเย็บเสื้อผ้าสำเร็จรูป (จำนวนจักรเย็บผ้า 90 เครื่อง),เชียงใหม่,1000000,รายชื่อสถานประกอบการ,บริษัท บ้านไทย การ์เมนท์ จำกัด,0,ทรายมูล,2564,สันกำแพง
945,"ดูดทราย ได้เดือนละ 4,000 ลูกบาศก์เมตร ใบอนุญาตใช้เรือเลขที่ 3650 01226",เชียงใหม่,500000,รายชื่อสถานประกอบการ,สวน-ท่าทรายชลาลัยห้วยชมพู,0,แม่แตง,2564,แม่แตง
946,แปรรูปไม้โดยใช้เครื่องจักร,เชียงใหม่,2000000,รายชื่อสถานประกอบการ,นายสามชาย หิรัญรัตน์,0,ดอนเปา,2564,แม่วาง
947,แปรรูปไม้ยางพาราและไม้ที่ปลูกขึ้นโดยเฉพาะ 13 ชนิด ตามมติคณะรัฐมนตรีเพื่อจำหน่าย,เชียงใหม่,7,รายชื่อสถานประกอบการ,กงกฤษ พันธ์พงษ์,1497000,หนองแหย่ง,2564,สันทราย
948,เลื่อยไม้,เชียงใหม่,12,รายชื่อสถานประกอบการ,บริษัท เชียงใหม่สุขสวัสดิ์ อุตสาหกรรม จำกัด,4000000,เชิงดอย,2564,ดอยสะเก็ด
949,เพื่อผลิตไม้แปรรูปหรือชิ้นไม้สับจากไม้ยางพาราและไม้ที่ปลูกขึ้น 13 ชนิด ตามมติคณะรัฐมนตรี เพื่อจำหน่าย,เชียงใหม่,7,รายชื่อสถานประกอบการ,นางต่อมคำ อินใจ,3700000,แม่ข่า,2564,ฝาง
950,ทำวงกบประตู-หน้าต่างและไม้ปาร์เกต์,เชียงใหม่,12,รายชื่อสถานประกอบการ,นายสมชาย วุฒิธนากร,3750000,ท่าศาลา,2564,เมืองเชียงใหม่
951,ทำวงกบประตู-หน้าต่าง เครื่องเรือน เครื่องใช้ ปาร์เกตโมเสค ไม้ประสาน ไม้ฉลุ ไม้คิ้ว ไม้บัว ไม้กั้นฝา ไม้กลึง ไม้เชิงราวบันได แกะสลักไม้ กรอบรูปไม้ อบอาบน้ำยาไม้   ,เชียงใหม่,99600000,รายชื่อสถานประกอบการ,บริษัท เชียงใหม่สุขสวัสดิ์ อุตสาหกรรม จำกัด,0,เชิงดอย,2564,ดอยสะเก็ด
952,ทำวงกบบานประตู หน้าต่าง ปาร์เกต์ โมเสคและเครื่องเรือนจากไม้,เชียงใหม่,200000,รายชื่อสถานประกอบการ,บริษัท เชียงใหม่สุขสวัสดิ์ จำกัด,0,ฟ้าฮ่าม,2564,เมืองเชียงใหม่
953,ทำวงกบประตูหน้าต่าง และเครื่องเรือนจากไม้,เชียงใหม่,20000000,รายชื่อสถานประกอบการ,บริษัท เชียงใหม่สุดาลักษ์ จำกัด,0,ต้นเปา,2564,สันกำแพง
954,ทำวงกบประตู-หน้าต่าง โมเสค ปาร์เก้ และเครื่องเรือนจากไม้,เชียงใหม่,5060000,รายชื่อสถานประกอบการ,บริษัท บี.เค.โฮมเฟอร์นิชิ่ง จำกัด,0,ท่าศาลา,2564,เมืองเชียงใหม่
955,ทำวงกบประตู หน้าต่างและเครื่องเรือนจากไม้,เชียงใหม่,3000000,รายชื่อสถานประกอบการ,,0,ป่าตัน,2564,เมืองเชียงใหม่
956,ผลิตเชื้อเพลิงชีวมวลอัดแท่ง,เชียงใหม่,5000000,รายชื่อสถานประกอบการ,ห้างหุ้นส่วนจำกัด สยาม เมนเทแนนซ์ แอนด์ เซอร์วิส,0,บงตัน,2564,ดอยเต่า
957,อบไม้ ผลิตไม้พื้นปาเกต์ โมเสก ของเด็กเล่น วงกบประตู-หน้าต่าง เครื่องเรือนจากไม้,เชียงใหม่,44,รายชื่อสถานประกอบการ,บริษัท ไม้อบทวีพรรณ จำกัด,8050000,ดอนแก้ว,2564,แม่ริม
958,ทำเครื่องเรือนจากไม้,เชียงใหม่,3000000,รายชื่อสถานประกอบการ,ห้างหุ้นส่วนจำกัด พจนะศิลป์เฟอร์นิเจอร์,0,วัดเกต,2564,เมืองเชียงใหม่
959,ทำไม้ปาเก้ เครื่องเรือน,เชียงใหม่,258,รายชื่อสถานประกอบการ,ห้างหุ้นส่วนจำกัด ไทยอินเตอร์เนชั่นแนลแฮนดิคราฟท์,17500000,สันผักหวาน,2564,หางดง
960,ทำเครื่องเรือนจากไม้,เชียงใหม่,7800000,รายชื่อสถานประกอบการ,หมินเฉินเฟอร์นิเจอร์,0,สุเทพ,2564,เมืองเชียงใหม่
961,ทำวงกบ บานประตู-หน้าต่างและเครื่องเรือนจากไม้,เชียงใหม่,500000,รายชื่อสถานประกอบการ,นางจินดา ชัยมงคล,0,ท่าศาลา,2564,เมืองเชียงใหม่
962,ทำเครื่องเรือนด้วยไม้,เชียงใหม่,1100000,รายชื่อสถานประกอบการ,เอส.วี.เฟอร์นิเจอร์,0,วัดเกต,2564,เมืองเชียงใหม่
963,ทำเครื่องเรือนจากไม้,เชียงใหม่,10000000,รายชื่อสถานประกอบการ,บริษัท ทวีพรรณ เฟอร์นิเจอร์ จำกัด,0,ดอนแก้ว,2564,แม่ริม
964,ทำกระดาษสา กำลังการผลิต 25 ตันต่อปี,เชียงใหม่,5000000,รายชื่อสถานประกอบการ,บริษัท สยามพรหมประทาน จำกัด,0,สันกำแพง,2564,สันกำแพง
965,ผลิตแผ่นกระดาษลูกฟูก และกล่องกระดาษ,เชียงใหม่,87,รายชื่อสถานประกอบการ,บริษัท ซี.พี.ดี.ชีทบอร์ด จำกัด,100004172,หนองแฝก,2564,สารภี
966,ผลิตแผ่นกระดาษลูกฟูกและกล่องกระดาษลูกฟูก,เชียงใหม่,13,รายชื่อสถานประกอบการ,บริษัท ซี.พี.ดี.ชีทบอร์ด จำกัด,15161000,หนองแฝก,2564,สารภี
967,ฆ่าไก่,เชียงใหม่,700000,รายชื่อสถานประกอบการ,นายนิวัฒน์ ทานสุพรรณ,0,แม่คือ,2564,ดอยสะเก็ด
968,โรงฆ่าสัตว์ และแปรรูปอาหาร,เชียงใหม่,35,รายชื่อสถานประกอบการ,บริษัท เชียงใหม่กิจมงคล จำกัด,55000000,แม่แตง,2564,แม่แตง
969,ทำผลิตภัณฑ์จากผึ้ง เช่น น้ำผึ้งบริสุทธิ์ นมผึ้ง รังผึ้งเทียม ขี้ผึ้ง,เชียงใหม่,1000000,รายชื่อสถานประกอบการ,บริษัท หยางซิ่ง (ไทยแลนด์) จำกัด,0,สบแม่ข่า,2564,หางดง
970,อัดเศษกระดาษ,เชียงใหม่,500000,รายชื่อสถานประกอบการ,ร้านเสี่ยกาย,0,วัดเกต,2564,เมืองเชียงใหม่
971,ทำผลิตภัณฑ์นม,เชียงใหม่,79,รายชื่อสถานประกอบการ,โรงงานผลิตภัณฑ์นมห้วยแก้ว,19000000,ช้างเผือก,2564,เมืองเชียงใหม่
972,ผลิตแอสฟัลด์ติกคอนกรีต,เชียงใหม่,3000000,รายชื่อสถานประกอบการ,บริษัท อุดมศักดิ์เชียงใหม่ จำกัด,0,แม่แฝกใหม่,2564,สันทราย
973, ผลิตแอสฟัลต์ติกคอนกรีต,เชียงใหม่,300000,รายชื่อสถานประกอบการ,บริษัท พีซีเอ็น คอร์ป จำกัด (มหาชน),0,ป่าป้อง,2564,ดอยสะเก็ด
974,ผลิตภัณฑ์ขวดพลาสติก,เชียงใหม่,20000000,รายชื่อสถานประกอบการ,บริษัท เมก้า พลาสติก จำกัด,0,ไชยสถาน,2564,สารภี
975,"ผลิตผลิตภัณฑ์พลาสติก เช่น ขวดพลาสติก ได้ปีละ 14,400,000 ใบ",เชียงใหม่,4000000,รายชื่อสถานประกอบการ,บริษัท รวมแพคส์ พลาสติก จำกัด,0,สารภี,2564,สารภี
976,ทำผลิตภัณฑ์พลาสติก เช่น ขวดพลาสติก จุกขวดพลาสติก,เชียงใหม่,24000000,รายชื่อสถานประกอบการ,บริษัท เชียงใหม่อุตสาหกรรมพลาสติก จำกัด,0,ตลาดขวัญ,2564,ดอยสะเก็ด
977,ผลิตแผ่นพลาสติกเพื่อการเกษตร,เชียงใหม่,700000,รายชื่อสถานประกอบการ,บริษัท โกลเด็น ไดมอนด์ จำกัด,0,หางดง,2564,หางดง
978,ทำเครื่องปั้นดินเผา,เชียงใหม่,277,รายชื่อสถานประกอบการ,เปรมประชาคอลเลคชั่น,9500000,ต้นเปา,2564,สันกำแพง
979,ทำเครื่องปั้นดินเผา,เชียงใหม่,300000,รายชื่อสถานประกอบการ,ศรีวรรณา,0,สารภี,2564,สารภี
980,ทำเครื่องปั้นดินเผา เช่น กระถางปลูกต้นไม้,เชียงใหม่,50000,รายชื่อสถานประกอบการ,เชียงใหม่เครื่องปั้นดินเผา,0,สันผักหวาน,2564,หางดง
981,"ผลิตกระเบื้องมุงหลังคา, กระเบื้องปูพื้นและเกล็ดนาค",เชียงใหม่,500000,รายชื่อสถานประกอบการ,โรงงานกระเบื้องเคลือบเวียงพิงค์,0,ดอนแก้ว,2564,แม่ริม
982,ทำอิฐ,เชียงใหม่,100000,รายชื่อสถานประกอบการ,บริษัท ภราดรอุตสาหกรรม จำกัด,0,หนองควาย,2564,หางดง
983,ผลิตอิฐบล๊อกและกระเบื้องดินเผา,เชียงใหม่,1983000,รายชื่อสถานประกอบการ,บริษัท ธราดล จำกัด,0,ท่าศาลา,2564,เมืองเชียงใหม่
984,ผลิตคอนกรีตผสมเสร็จ,เชียงใหม่,500000,รายชื่อสถานประกอบการ,หน่วยผลิตคอนกรีตเชียงใหม่1,0,หนองผึ้ง,2564,สารภี
985,ผลิตคอนกรีตผสมเสร็จ,เชียงใหม่,200000,รายชื่อสถานประกอบการ,โรงงานคอนกรีตผสมเสร็จ เชียงใหม่-หางดง,0,หนองควาย,2564,หางดง
986,ผลิตคอนกรีตผสมเสร็จ,เชียงใหม่,4000000,รายชื่อสถานประกอบการ,หน่วยผลิตคอนกรีตเชียงใหม่,0,สารภี,2564,สารภี
987,ผลิตอิฐมวลเบา อบไอน้ำ,เชียงใหม่,30000000,รายชื่อสถานประกอบการ,บริษัท ไดมอนด์ วัสดุ จำกัด,0,แม่แฝก,2564,สันทราย
988,ผลิตคอนกรีตผสมเสร็จ,เชียงใหม่,6700000,รายชื่อสถานประกอบการ,โรงงานคอนกรีตผสมเสร็จ เชียงใหม่,0,ท่าศาลา,2564,เมืองเชียงใหม่
989,ทำคอนกรีตผสมเสร็จ,เชียงใหม่,3,รายชื่อสถานประกอบการ,บริษัท นครหลวงคอนกรีต จำกัด,8765000,ช้างเผือก,2564,เมืองเชียงใหม่
990,ผลิตพื้นสำเร็จรูป เสาเข็มคอนกรีตอัดแรง ท่อระบายน้ำ,เชียงใหม่,30000000,รายชื่อสถานประกอบการ,บริษัท พิบูลย์คอนกรีต จำกัด,0,แม่แฝก,2564,สันทราย
991,ทำผลิตภัณฑ์คอนกรีต เช่น เสาเข็ม เสาไฟฟ้า เสารั้ว และพื้นสำเร็จรูป,เชียงใหม่,1000000,รายชื่อสถานประกอบการ,บริษัท ฟ้างามคอนกรีต จำกัด,0,หนองควาย,2564,หางดง
992,ทำประตูเหล็กยืด หน้าต่างเหล็กและกลึงอะไหล่,เชียงใหม่,500000,รายชื่อสถานประกอบการ,กรโลหะทวีกิจ,0,หายยา,2564,เมืองเชียงใหม่
993,"ผลิตลวดตาข่ายเหล็กไร้สนิมผสมโครเมี่ยม  และบานประตู-หน้าต่าง ลวดตาข่าย เหล็กไร้สนิมชุบโครเมี่ยม แผ่นโลหะเจาะรู และบานประตู-หน้าต่าง แผ่นโลหะเจาะรู (แผ่นอลูมิเนียม, แผ่นเหล็ก, แผ่นเหล็กชุบเคลือบสังกะสี, แผ่นสแตนเลส)",เชียงใหม่,58310000,รายชื่อสถานประกอบการ,บริษัท แมชเทค อินเตอร์เนชั่นแนล จำกัด,0,สารภี,2564,สารภี
994,อัดเศษโลหะ,เชียงใหม่,1000000,รายชื่อสถานประกอบการ,ส.วิวัฒน์พานิชย์,0,หนองหอย,2564,เมืองเชียงใหม่
995,ผลิตตู้โลหะสำหรับใช้ในงาน อิเล็คโทรนิคและโทรคมนาคม,เชียงใหม่,11200000,รายชื่อสถานประกอบการ,บริษัท เชอวาล เทคโนโลยี่ จำกัด,0,แช่ช้าง,2564,สันกำแพง
996,ชุบโลหะและชุบดอกกล้วยไม้,เชียงใหม่,5000000,รายชื่อสถานประกอบการ,บริษัท สยามรอยัลออคิด จำกัด,0,ป่าบง,2564,สารภี
997,ซ่อมและทำอุปกรณ์ของเครื่องยนต์,เชียงใหม่,410000,รายชื่อสถานประกอบการ,โรงกลึงหนองประทีป,0,หนองป่าครั่ง,2564,เมืองเชียงใหม่
998,ผลิต และซ่อมอุปกรณ์ชิ้นส่วนเครื่องยนต์,เชียงใหม่,1000000,รายชื่อสถานประกอบการ,เชียงใหม่บุญเจริญภัณฑ์,0,ช้างเผือก,2564,เมืองเชียงใหม่
999,ซ่อมเครื่องยนต์,เชียงใหม่,200000,รายชื่อสถานประกอบการ,ห้างหุ้นส่วนจำกัด เชียงใหม่ยนต์กิจ,0,ช้างคลาน,2564,เมืองเชียงใหม่
1000,สกัดน้ำมันพืช,เชียงใหม่,1000000,รายชื่อสถานประกอบการ,บริษัท ชัยเสรี จำกัด,0,หนองผึ้ง,2564,สารภี
1001,"สกัดน้ำมันจากไม้กฤษณา, ทำผงธูป",เชียงใหม่,12,รายชื่อสถานประกอบการ,ท๊อปเจริญผงธูป,5200000,ป่าไผ่,2564,สันทราย
1002,ซ่อมรถแทรกเตอร์,เชียงใหม่,10000000,รายชื่อสถานประกอบการ,บริษัท สรสิทธิกลการเชียงใหม่ จำกัด,0,วัดเกต,2564,เมืองเชียงใหม่
1003,ผลิตอะไหล่วิทยุโทรทัศน์,เชียงใหม่,24000000,รายชื่อสถานประกอบการ,บริษัท เอลน่า (ประเทศไทย) จำกัด,0,สุเทพ,2564,เมืองเชียงใหม่
1004,ผลิตผลิตภัณฑ์โลหะรวมทั้งชิ้นส่วนโลหะ เช่น ตุ้สำหรับบรรจุอุปกรณ์อิเลคโทรนิคส์และคมนาคม และส่วนประกอบของตู้,เชียงใหม่,93000000,รายชื่อสถานประกอบการ,บริษัท อีจิซเทค จำกัด,0,ออนใต้,2564,สันกำแพง
1005,ทำซอสมะเขือเทศ ผลไม้กระป๋อง,เชียงใหม่,27300000,รายชื่อสถานประกอบการ,บริษัท รอแยลฟู้ดส์ จำกัด,0,ริมเหนือ,2564,แม่ริม
1006,ผลิตผักและผลไม้บรรจุกระป๋อง,เชียงใหม่,300000,รายชื่อสถานประกอบการ,บริษัท สุนันธนา จำกัด,0,หางดง,2564,ฮอด
1007,แปรรูปผลิตผลทางการเกษตร เช่น มะม่วง สับปะรด สตอเบอรี่ มะละกอ บ๊วย และผลผลิตทางการเกษตรอื่น ๆ,เชียงใหม่,25000000,รายชื่อสถานประกอบการ,บริษัท ที.เค.เค.จันทบุรี ฟู้ดส์ จำกัด,0,สันกลาง,2564,สันป่าตอง
1008,การทำอาหารหรือเครื่องดื่มจากผัก พืชหรือผลไม้ และบรรจุในภาชนะที่ผนึกและอากาศเข้าไม่ได้,เชียงใหม่,13,รายชื่อสถานประกอบการ,บริษัท ดีท็อกซ์ (ประเทศไทย) จำกัด,66000000,น้ำแพร่,2564,หางดง
1009,ผลิตผักและผลไม้กระป๋องทุกชนิด,เชียงใหม่,224,รายชื่อสถานประกอบการ,บริษัท 121 เซลเซียส จำกัด,42000000,หนองตอง,2564,หางดง
1010,ผลิตข้าวโพดหวานและผลไม้บรรจุกระป๋อง,เชียงใหม่,30000000,รายชื่อสถานประกอบการ,บริษัท ฝางอินเตอร์ฟูดส์ จำกัด,0,เวียง,2564,ฝาง
1011,ผลิตภัณฑ์พืชผลทางการเกษครบรรจุกระป๋อง,เชียงใหม่,4000000,รายชื่อสถานประกอบการ,บริษัท หยางไทย จำกัด,0,หนองบัว,2564,ไชยปราการ
1012,"ทำเต้าหู้ยี้, ผักดอง, ขิงดอง",เชียงใหม่,260000,รายชื่อสถานประกอบการ,เชียงใหม่ซัวเตียงฮึ้ง,0,ป่าแดด,2564,เมืองเชียงใหม่
1013,ถนอมผัก พืช หรือผลไม้ โดยวิธีทอดและทำให้เยือกแข็งโดยฉับพลัน,เชียงใหม่,0,รายชื่อสถานประกอบการ,บริษัท ลีโอ ฟู้ดส์ จำกัด,0,บ้านกลาง,2564,สันป่าตอง
1014,ผลิตหรือถนอมอาหารจากพืช ผัก และสัตว์พร้อมรับประทาน หรือกึ่งพร้อมรับประทาน,เชียงใหม่,4137000,รายชื่อสถานประกอบการ,บริษัท พรีเมี่ยมฟู้ดส์ จำกัด,0,แม่แฝก,2564,สันทราย
1015,การถนอมผัก พืช หรือผลไม้โดยวิธีกวน ตากแห้ง ดอง หรือทำให้เยือกแข็งโดยฉับพลัน หรือเหือดแห้ง,เชียงใหม่,5000000,รายชื่อสถานประกอบการ,บริษัท ยูเนี่ยน เฟรช (2003) จำกัด,0,แม่แฝก,2564,สันทราย
1016,ผลิตเหยื่อตกปลาประดิษฐ์,เชียงใหม่,3000000,รายชื่อสถานประกอบการ,บริษัท ไทย เอ ฟลาย จำกัด,0,หนองผึ้ง,2564,สารภี
1017,ทำเครื่องเล่นสนาม เช่น ชิงช้า,เชียงใหม่,20000,รายชื่อสถานประกอบการ,โฮมดีไซน์การช่าง,0,หนองป่าครั่ง,2564,เมืองเชียงใหม่
1018,ผลิตดอกไม้แห้ง ดอกไม้ประดิษฐ์ เครื่องหอม ของชำร่วย,เชียงใหม่,1000000,รายชื่อสถานประกอบการ,บริษัท ซิลเวอร์เรน เอ็กซ์ปอร์ต จำกัด,0,ข่วงเปา,2564,จอมทอง
1019,ผลิตพลังงานไฟฟ้าจากพลังงานแสงอาทิตย์ กำลังการผลิต 4.99 เมกะวัตต์,เชียงใหม่,10000000,รายชื่อสถานประกอบการ,บริษัท เข็มเหล็ก จำกัด,0,บ้านแอ่น,2564,ดอยเต่า
1020,ผลิตพลังงานไฟฟ้าจากแสงอาทิตย์ กำลังการผลิต 0.96 เมกะวัตต์,เชียงใหม่,5300000,รายชื่อสถานประกอบการ,บริษัท ไออีซี แม่ทา แม่แตง จำกัด,0,ขี้เหล็ก,2564,แม่แตง
1021,ผลิตพลังงานไฟฟ้าจากแสงอาทิตย์ กำลังการผลิต 0.96 เมกะวัตต์,เชียงใหม่,5300000,รายชื่อสถานประกอบการ,บริษัท ไออีซี แม่ทา แม่แตง จำกัด,0,ขี้เหล็ก,2564,แม่แตง
1022,ผลิตพลังงานไฟฟ้า,เชียงใหม่,325000,รายชื่อสถานประกอบการ,โรงไฟฟ้าพลังความร้อนใต้พิภพฝาง,0,โป่งน้ำร้อน,2564,ฝาง
1023,ผลิตกระแสไฟฟ้าโดยใช้ก๊าซชีวภาพที่เกิดจากการฝังกลบขยะมูลฝอยเป็นเชื้อเพลิง,เชียงใหม่,2000000,รายชื่อสถานประกอบการ,บริษัท จีอาร์-เทค จำกัด,0,บ้านตาล,2564,ฮอด
1024,ผลิตกระแสไฟฟ้าจากก๊าซชีวภาพ,เชียงใหม่,5,รายชื่อสถานประกอบการ,บริษัท ยูเอซี โกลบอล จำกัด (มหาชน),149000000,แม่แตง,2564,แม่แตง
1025,ผลิตพลังงานไฟฟ้าจากก๊าซชีวภาพ กำลังการผลิต 1.063 เมกะวัตต์,เชียงใหม่,1000000,รายชื่อสถานประกอบการ,บริษัท ซัน สวีท จำกัด (มหาชน),0,ทุ่งสะโตก,2564,สันป่าตอง
1026,ผลิตพลังงานไฟฟ้าขายให้กับการไฟฟ้าส่วนภูมิภาค 1 MW,เชียงใหม่,30000000,รายชื่อสถานประกอบการ,ท่าเชียงทอง,0,บ้านตาล,2564,ฮอด
1027,ผลิตพลังงานไฟฟ้าจากก๊าซชีวภาพที่เกิดจากการฝังกลบขยะ กำลังการผลิต 1.063 เมกะวัตต์,เชียงใหม่,30000000,รายชื่อสถานประกอบการ,ดอยช้างพลังงานพอเพียง,0,บ้านตาล,2564,ฮอด
1028,ผลิตพลังงานไฟฟ้าขายให้กับการไฟฟ้าส่วนภูมิภาค,เชียงใหม่,8,รายชื่อสถานประกอบการ,บริษัท โรงไฟฟ้าบ้านตาล จำกัด,84000000,บ้านตาล,2564,ฮอด
1029,ผลิตและจำหน่ายพลังงานไฟฟ้า กำลังการผลิต 0.037 เมกะวัตต์,เชียงใหม่,100000,รายชื่อสถานประกอบการ,วิสาหกิจชุมชนไฟฟ้าพลังน้ำบ้านแม่โจ้,0,บ้านเป้า,2564,แม่แตง
1030,ผลิตก๊าซชีวภาพอัดความดันสูง,เชียงใหม่,5000000,รายชื่อสถานประกอบการ,บริษัท ยูเอซี โกลบอล จำกัด (มหาชน),0,แม่แตง,2564,แม่แตง
1031,สีข้าว กำลังสีสูงสุดของร้านสีข้าว 80 เกวียน/วัน,เชียงใหม่,5000000,รายชื่อสถานประกอบการ,บริษัท โรงสีข้าวยงฟ้าเชียงใหม่ จำกัด,0,หนองป่าครั่ง,2564,เมืองเชียงใหม่
1032,สีข้าว (กำลังสีสูงสุดของร้านสีข้าว 35 เกวียน/วัน),เชียงใหม่,10000000,รายชื่อสถานประกอบการ,โรงสีข้าวเชียงใหม่พลสุริยะ,0,ทุ่งต้อม,2564,สันป่าตอง
1033,สีข้าว (กำลังการผลิตสูงสุด 200 ตัน/วัน อบพืชหรือเมล็ดพืชและเก็บรักษาหรือลำเลียงพืช หรือเมล็ดพืชในไซโล โกดังหรือคลังสินค้า,เชียงใหม่,40,รายชื่อสถานประกอบการ,บริษัท ข้าวล้านนา สนป่าตอง จำกัด,140000000,สง่าบ้าน,2564,ดอยสะเก็ด
1034,ทำแป้งข้าวจ้าว แป้งข้าวเหนียวและทำเส้นหมี่,เชียงใหม่,40,รายชื่อสถานประกอบการ,ห้างหุ้นส่วนจำกัด โรงงานประสบผล,17500000,ป่าตัน,2564,เมืองเชียงใหม่
1035,ทำเต้าหู้หลอด,เชียงใหม่,850000,รายชื่อสถานประกอบการ,บริษัท เชียงใหม่อุตสาหกรรมถั่วเหลือง จำกัด,0,ตลาดขวัญ,2564,ดอยสะเก็ด
1036,ผลิตน้ำประปาสะอาด,เชียงใหม่,50000000,รายชื่อสถานประกอบการ,โรงกรองน้ำเหนือ,0,สันกลาง,2564,สันป่าตอง
1037,บรรจุหีบห่อผลไม้ ห้องเย็นเก็บผักและผลไม้,เชียงใหม่,94,รายชื่อสถานประกอบการ,นางสายจิต วัฒนาการ,54750000,แม่สูน,2564,ฝาง
1038,แช่เย็นพืชผลการเกษตร,เชียงใหม่,0,รายชื่อสถานประกอบการ,บริษัท ทรายทอง โกลเบิลฟรุต จำกัด,0,แม่สูน,2564,ฝาง
1039,ผลิตผัก ผลไม้ เนื้อสัตว์ แช่แข็ง และห้องเย็น,เชียงใหม่,377,รายชื่อสถานประกอบการ,บริษัท ปริ๊นเซสฟูดส์ จำกัด,257977907,ขี้เหล็ก,2564,แม่ริม
1040,ทำห้องเย็นเก็บมันฝรั่ง,เชียงใหม่,4996401755.3,รายชื่อสถานประกอบการ,บริษัท เป๊ปซี่-โคล่า (ไทย) เทรดดิ้ง จำกัด,0,ปงตำ,2564,ไชยปราการ
1041,ห้องเย็น ,เชียงใหม่,70000000,รายชื่อสถานประกอบการ,บริษัท วีพีเอฟ กรุ๊ป (1973) จำกัด,0,ชมภู,2564,สารภี
1042,ห้องเย็น,เชียงใหม่,5000000,รายชื่อสถานประกอบการ,บริษัท เชียงใหม่โฟรเซ่นฟูดส์ จำกัด (มหาชน),0,แม่แฝกใหม่,2564,สันทราย
1043,ซ่อมรถยนต์,เชียงใหม่,300000,รายชื่อสถานประกอบการ,บริษัท ศรีวิรัตน์ การาจ จำกัด,0,วัดเกต,2564,เมืองเชียงใหม่
1044,ซ่อมจักรยานยนต์ เครื่องอีเล็คโทรนิคส์และเครื่องใช้ไฟฟ้าใน,เชียงใหม่,100000,รายชื่อสถานประกอบการ,บริษัท นอร์ท สตาร์ ออโตโมทีฟ จำกัด,0,พระสิงห์,2564,เมืองเชียงใหม่
1045,ซ่อมรถยนต์และกลึงโลหะ,เชียงใหม่,50000,รายชื่อสถานประกอบการ,กวงเฮงเส็ง (สาขา),0,วัดเกต,2564,เมืองเชียงใหม่
1046,ซ่อมตัวถังรถยนต์,เชียงใหม่,10000,รายชื่อสถานประกอบการ,เวียดนามการช่าง,0,ศรีภูมิ,2564,เมืองเชียงใหม่
1047,เคาะพ่นสีรถยนต์,เชียงใหม่,3000000,รายชื่อสถานประกอบการ,บริษัท โตโยต้า เชียงใหม่ จำกัด,0,สุเทพ,2564,เมืองเชียงใหม่
1048,ซัก อบ รีดเสื้อผ้า,เชียงใหม่,500000,รายชื่อสถานประกอบการ,เมืองสมุทรซักรีด,0,ช้างม่อย,2564,เมืองเชียงใหม่
1049,ซัก ฟอก เสื้อผ้าสำเร็จรูป,เชียงใหม่,12000000,รายชื่อสถานประกอบการ,บริษัท แม่ปิงลอนดริ จำกัด,0,หนองผึ้ง,2564,สารภี
1050,ซักฟอกรีดเสื้อผ้า 150 ตัน/ปี,เชียงใหม่,2000000,รายชื่อสถานประกอบการ,บริษัท สยามพรหมประทาน จำกัด,0,สันกำแพง,2564,สันกำแพง
1051,ซัก อบ รีดผ้า,เชียงใหม่,3000000,รายชื่อสถานประกอบการ,ลินินแคร์,0,บวกค้าง,2564,สันกำแพง
1052,อบใบชาผง,เชียงใหม่,20000000,รายชื่อสถานประกอบการ,แก้วภูทอง,0,เวียง,2564,ฝาง
1053,ผลิตผลทางการเกษตร อบแห้ง แบ่งบรรจุ เช่น ผัก ผลไม้อบแห้ง ชาสมุนไพร เครื่องดื่มสมุนไพร และการแบ่งบรรจุกาแฟสำเร็จรูป,เชียงใหม่,40,รายชื่อสถานประกอบการ,บริษัท นราห์ อินดัสตรี จำกัด,15000000,ห้วยทราย,2564,แม่ริม
1054,อบรมควันลำไย,เชียงใหม่,50,รายชื่อสถานประกอบการ,,5500000,สบเตี๊ยะ,2564,จอมทอง
1055,คัดแยกขนาดหรือคุณภาพและกระเทาะเมล็ดหรือเปลือกกาแฟ,เชียงใหม่,11,รายชื่อสถานประกอบการ,บริษัท วีพีพี โปรเกรสซิฟ จำกัด,12200000,อมก๋อย,2564,อมก๋อย
1056,การร่อน คัด หรือแยกขนาดหรือคุณภาพของผลิตผลทางการเกษตร,เชียงใหม่,4,รายชื่อสถานประกอบการ,แสงสุวรรณ์ค้าพืชไร่,15000000,แม่สาว,2564,แม่อาย
1057,คัดแยกคุณภาพเมล็ดข้าว,เชียงใหม่,4,รายชื่อสถานประกอบการ,นางนันทายา ปัญญา,8500000,แม่สาว,2564,แม่อาย
1058,ตัดเย็บเสื้อผ้าสำเร็จรูป,เชียงใหม่,58,รายชื่อสถานประกอบการ,บริษัท ฝ้ายเอื้องคำ จำกัด,3900000,ยางคราม,2564,ดอยหล่อ
1059,ตัดเย็บเสื้อผ้าสำเร็จรูป,เชียงใหม่,24,รายชื่อสถานประกอบการ,ห้างหุ้นส่วนจำกัด เชียงใหม่โรงงานแดง,6500000,ร้องวัวแดง,2564,สันกำแพง
1060,ขุดทราย,เชียงใหม่,1,รายชื่อสถานประกอบการ,ห้างหุ้นส่วนจำกัด พูนสวัสดิ์ก่อสร้าง,20000,ป่าตุ้ม,2564,พร้าว
1061,ร่อนและคัดแยกกรวดทราย,เชียงใหม่,5,รายชื่อสถานประกอบการ,บริษัท ทรายจรูญรัตน์ไพศาล จำกัด,3050000,สบเตี๊ยะ,2564,จอมทอง
1062,ผลิตเครื่องใช้จากไม้ไผ่,เชียงใหม่,28,รายชื่อสถานประกอบการ,นายมานัส บุญพ่วง,1420000,เชิงดอย,2564,ดอยสะเก็ด
1063,ผลิตกล่องกระดาษ,เชียงใหม่,56,รายชื่อสถานประกอบการ,บริษัท ซี พี ดี บรรจุภัณฑ์ จำกัด,21000000,ป่าแดด,2564,เมืองเชียงใหม่
1064,ผลิตอิฐดินเผา,เชียงใหม่,25,รายชื่อสถานประกอบการ,อิฐอนงค์,4330000,แม่สาว,2564,แม่อาย
1065,ผลิตและจำหน่ายอิฐมอญ,เชียงใหม่,16,รายชื่อสถานประกอบการ,อิฐศรีทอง,1440000,แม่สาว,2564,แม่อาย
1066,ทำผลิตภัณฑ์คอนกรีต คอนกรีตผสม และทำคอนกรีตอัดแรง,เชียงใหม่,5,รายชื่อสถานประกอบการ,แอลเคโปรดักส์,7500000,ดอยหล่อ,2564,ดอยหล่อ
1067,ผลิตคอนกรีตผสมเสร็จ,เชียงใหม่,5,รายชื่อสถานประกอบการ,บริษัท พี พี เอส คอนกรีต จำกัด,9500000,ท่าเดื่อ,2564,ดอยเต่า
1068,ผลิต ประกอบ จำหน่าย เครื่องจ่ายน้ำดื่มอัตโนมัติ เครื่องกรองน้ำ,เชียงใหม่,24,รายชื่อสถานประกอบการ,บริษัท สวิส ไทย วอเตอร์ โซลูชั่น จำกัด,18000000,ขุนคง,2564,หางดง
1069,ทำเครื่องมือ เครื่องใช้แพทย์,เชียงใหม่,87,รายชื่อสถานประกอบการ,บริษัท ไบโอเซฟโปรดักส์ จำกัด,36500000,ออนใต้,2564,สันกำแพง
1070,สีข้าว,เชียงใหม่,2,รายชื่อสถานประกอบการ,,950000,ป่าแดด,2564,เมืองเชียงใหม่
1071,สีข้าว,เชียงใหม่,2,รายชื่อสถานประกอบการ,ป.ธัญญเจริญ 2,3200000,แม่สาว,2564,แม่อาย
1072,สีข้าว,เชียงใหม่,3,รายชื่อสถานประกอบการ,โรงสีโชคสิรินัฐ์,2400000,แม่สาว,2564,แม่อาย
1073,สีข้าว,เชียงใหม่,5,รายชื่อสถานประกอบการ,นางสาวรัตติกาล นันตา,4500000,แม่สาว,2564,แม่อาย
1074,สีข้าว,เชียงใหม่,3,รายชื่อสถานประกอบการ,โรงสีข้าวสุวิน,5160000,แม่สาว,2564,แม่อาย
1075,ห้องเย็น,เชียงใหม่,5,รายชื่อสถานประกอบการ,ห้องเย็นรัตนาพืชผลการเกษตร,19000000,ดอยหล่อ,2564,ดอยหล่อ
1076,ผลิตขนมปัง,เชียงใหม่,48,รายชื่อสถานประกอบการ,บริษัท เอส พี ฟาสฟู้ดส์ จำกัด,33000000,สันกลาง,2564,สันกำแพง
1077,ผลิตเบเกอรี่ อาหาร เครื่องดื่ม,เชียงใหม่,230,รายชื่อสถานประกอบการ,ผึ้งน้อยเบเกอรี่,20000000,ช้างเผือก,2564,เมืองเชียงใหม่
1078,"ทำขนมปัง,ขนมเค้ก,ขนมเปี๊ยะ",เชียงใหม่,37,รายชื่อสถานประกอบการ,เปลวทิพย์,13000000,สันกำแพง,2564,สันกำแพง
1079,เบเกอรี่และอาหารสำเร็จรูปพร้อมบริโภค,เชียงใหม่,5000000,รายชื่อสถานประกอบการ,บริษัท ผลิตภัณฑ์เบเกอรี่และอาหารฝ้าย จำกัด,0,ยางเนิ้ง,2564,สารภี
1080,ผลิตอาหารสำเร็จรูป อาหารแช่แข็ง,เชียงใหม่,8,รายชื่อสถานประกอบการ,บริษัท บูโอนิซซิโม จำกัด,4000000,แม่แฝก,2564,สันทราย
1081,ทำเส้นก๋วยเตี๋ยว,เชียงใหม่,7,รายชื่อสถานประกอบการ,เส้นทิพย์,5100000,ต้นเปา,2564,สันกำแพง
1082,การตกแต่งผลิตภัณฑ์ไม้แกะสลัก เช่น การทาสี ทาน้ำมันเคลือบเงา การขัด,เชียงใหม่,24,รายชื่อสถานประกอบการ,ห้างหุ้นส่วนจำกัด ไฬญา,4600000,สันกำแพง,2564,สันกำแพง
1083,"ตบแต่ง, ทำสี, บรรจุผลิตภัณฑ์ไม้แกะสลัก ที่ทำด้วยไม้เนื้ออ่อน (ไม้ฉำฉา, ไม้มะม่วง)",เชียงใหม่,50,รายชื่อสถานประกอบการ,ห้างหุ้นส่วนจำกัด เชียงใหม่ กรีนดีไซน์,22500000,หางดง,2564,หางดง
1084,ทำสีไม้ แกะสลัก,เชียงใหม่,500000,รายชื่อสถานประกอบการ,บริษัท เชียงใหม่ แรม จำกัด,0,บ้านแหวน,2564,หางดง
1085,ผลิตชิ้นส่วน อุปกรณ์ตกแต่งรถยนต์ และพ่นเคลือบสีชิ้นส่วนอุปกรณ์ตกแต่งรถยนต์,เชียงใหม่,30,รายชื่อสถานประกอบการ,บริษัท เจบี. ออโท บิเดค จำกัด,14000000,สองแคว,2564,ดอยหล่อ
1086,ชุบเคลือบผิว,เชียงใหม่,5000000,รายชื่อสถานประกอบการ,บริษัท อีจิซเทค จำกัด,0,ออนใต้,2564,สันกำแพง
1087,ผลิตและประกอบหม้อต้มน้ำร้อน,เชียงใหม่,3000000,รายชื่อสถานประกอบการ,บริษัท เค.พี.เอ็กซ์เพอท เอนจิเนียริ่ง จำกัด,0,แช่ช้าง,2564,สันกำแพง
1088,คัดแยกขยะสิ่งปฏิกูลหรือวัสดุที่ไม่ใช้แล้ว ที่ไม่เป็นของเสียอันตราย และฝั่งกลบสิ่งปฏิกูลหรือวัสดุที่ไม่ใช้แล้วที่ไม่เป็นของเสียอันตราย,เชียงใหม่,5000000,รายชื่อสถานประกอบการ,ห้างหุ้นส่วนจำกัด กลุ่มบ้านตาลพัฒนา,0,บ้านตาล,2564,ฮอด
1089,บ่มใบยาสูบ,เชียงใหม่,2000000,รายชื่อสถานประกอบการ,บริษัท อุตสาหกรรมใบยาสูบไทย จำกัด,0,เขื่อนผาก,2564,พร้าว
1090,สถานีบ่มใบยา สันต้นเปา,เชียงใหม่,2500000,รายชื่อสถานประกอบการ,บริษัท ไซแอม โทแบคโค เอกซ์ปอร์ต คอร์ปอเรชั่น จำกัด,0,ศรีดงเย็น,2564,ไชยปราการ
1091,ผลิตชาสมุนไพร,เชียงใหม่,2000000,รายชื่อสถานประกอบการ,ห้างหุ้นส่วนจำกัด ที แกลเลอรี่ กรุ๊ป (ประะเทศไทย) จำกัด,0,ท่าศาลา,2564,เมืองเชียงใหม่
1092,ผลิตชาแห้งและสมุนไพรแห้ง,เชียงใหม่,1000000,รายชื่อสถานประกอบการ,โรงงานชาแห้ง อารักษ์,0,บ้านช้าง,2564,แม่แตง
1093,ผลิตใบชาแห้ง และใบชาผง,เชียงใหม่,2000000,รายชื่อสถานประกอบการ,บริษัท ชาไทย อินเตอร์เนชั่นแนล จำกัด,0,อินทขิล,2564,แม่แตง
1094,ทำไอศครีม,เชียงใหม่,100000,รายชื่อสถานประกอบการ,ไอศกรีมป่าตัน,0,ป่าตัน,2564,เมืองเชียงใหม่
1095,ผลิตกาแฟคั่วและบดพร้อมบรรจุซอง,เชียงใหม่,1000000,รายชื่อสถานประกอบการ,บริษัท บีเจซี เมก้า มาร์เก็ต จำกัด,0,สันผีเสื้อ,2564,เมืองเชียงใหม่
1096,ผลิตกาแฟคั่วและบดพร้อมบรรจุซอง,เชียงใหม่,20000000,รายชื่อสถานประกอบการ,บริษัท พานาคอฟฟี่ จำกัด,0,ลวงเหนือ,2564,ดอยสะเก็ด
1097,"คั่ว บด หรือป่นกาแฟ หรือการทำกาแฟผง ,ผลิตใบชาแห้ง และใบชาผง",เชียงใหม่,45,รายชื่อสถานประกอบการ,บริษัท ฮิลล์คอฟฟ์ จำกัด,127000000,อินทขิล,2564,แม่แตง
1098,บ่มใบยาสูบ,เชียงใหม่,500000,รายชื่อสถานประกอบการ,สถานีบ่มใบยาบ้านกาด,0,บ้านกาด,2564,แม่วาง
1099,ผลิตเครื่องปรุงรสอาหาร,เชียงใหม่,15000000,รายชื่อสถานประกอบการ,บริษัท นิธิฟู้ดส์ จำกัด,0,บ้านกลาง,2564,สันป่าตอง
1100,เครื่องปรุงหรือเครื่องประกอบอาหาร,เชียงใหม่,14,รายชื่อสถานประกอบการ,บริษัท เอี่ยมกสิกิจ จำกัด,19500000,บ้านกลาง,2564,สันป่าตอง
1101,ทำน้ำแข็งก้อนเล็ก,เชียงใหม่,4,รายชื่อสถานประกอบการ,มีสุขเจ้าสำราญ,7500000,ป่าตัน,2564,เมืองเชียงใหม่
1102,ทำน้ำแข็งด้อนเล็ก ได้วันละ 10 ตัน,เชียงใหม่,100000,รายชื่อสถานประกอบการ,หฤดลพานิช,0,ป่าตุ้ม,2564,พร้าว
1103,ผลิตน้ำแข็ง,เชียงใหม่,1000000,รายชื่อสถานประกอบการ,โรงน้ำแข็งสุขสมนึก,0,ต้นเปา,2564,สันกำแพง
1104,ทำน้ำแข็งก้อนเล็กขนาด 8 ตัน/วัน,เชียงใหม่,1000000,รายชื่อสถานประกอบการ,สโนไอซ์,0,ป่าตัน,2564,เมืองเชียงใหม่
1105,ผลิตน้ำแข็งก้อนเล็ก (30 ตัน/วัน) และผลิตน้ำแข็งซอง (400 ซอง/วัน),เชียงใหม่,200000,รายชื่อสถานประกอบการ,โรงน้ำแข็งสันป่าตอง,0,ยุหว่า,2564,สันป่าตอง
1106,ทำน้ำแข็งก้อนเล็กและน้ำแข็งซอง,เชียงใหม่,2000000,รายชื่อสถานประกอบการ,โรงน้ำแข็งรัตนโกสินทร์ สันทราย,0,สันผีเสื้อ,2564,เมืองเชียงใหม่
1107,ผลิตน้ำแข็งก้อนเล็ก,เชียงใหม่,300000,รายชื่อสถานประกอบการ,โรงน้ำแข็งสุขเสรี,0,สันโป่ง,2564,แม่ริม
1108,ผลิตน้ำแข็ง,เชียงใหม่,1000000,รายชื่อสถานประกอบการ,นายอนุวัต ใจดี,0,สันกำแพง,2564,สันกำแพง
1109,ทำน้ำแข็งก้อนเล็ก,เชียงใหม่,3,รายชื่อสถานประกอบการ,ห้างหุ้นส่วนจำกัด โรงน้ำแข็งแม่โจ้,6800000,หนองหาร,2564,สันทราย
1110,ผลิตน้ำแข็งหลอด,เชียงใหม่,500000,รายชื่อสถานประกอบการ,สโนว์ไอซ์ ยูนิค,0,บ้านกลาง,2564,สันป่าตอง
1111,ทำน้ำแข็งหลอดและน้ำแข็งซอง,เชียงใหม่,2000000,รายชื่อสถานประกอบการ,โรงน้ำแข็งไชยปราการ,0,ปงตำ,2564,ไชยปราการ
1112,ผลิตน้ำแข็ง,เชียงใหม่,700000,รายชื่อสถานประกอบการ,บริษัท วารีเทพ แม่อาย จำกัด,0,มะลิกา,2564,แม่อาย
1113,ผลิตน้ำแข็ง,เชียงใหม่,5000000,รายชื่อสถานประกอบการ,ห้างหุ้นส่วนจำกัด สุขเสรี เอส ไอ ซี,0,เชียงดาว,2564,เชียงดาว
1114,ทำน้ำแข็งก้อนเล็ก น้ำแข็งซอง,เชียงใหม่,2000000,รายชื่อสถานประกอบการ,บริษัท วารีเทพ สบเตี๊ยะ จำกัด,0,สบเตี๊ยะ,2564,จอมทอง
1115,ผลิตน้ำแข็งหลอด,เชียงใหม่,500000,รายชื่อสถานประกอบการ,โรงน้ำแข็งนิมรุ่งเรือง,0,แม่เหียะ,2564,เมืองเชียงใหม่
1116,ผลิตน้ำแข็งหลอด,เชียงใหม่,1000000,รายชื่อสถานประกอบการ,โรงน้ำแข็ง วีไอซี จอมทอง,0,ข่วงเปา,2564,จอมทอง
1117,ทำน้ำแข็งก้อนเล็กและน้ำแข็งซอง,เชียงใหม่,14,รายชื่อสถานประกอบการ,ห้างหุ้นส่วนจำกัด โรงน้ำแข็งไชยปราการฝาง,25000000,เวียง,2564,ฝาง
1118,ทำน้ำแข็ง,เชียงใหม่,3000000,รายชื่อสถานประกอบการ,บริษัท โรงน้ำแข็งเวียงทิพย์วารี (เชียงใหม่) จำกัด,0,ป่าไผ่,2564,สันทราย
1119,ผลิตน้ำแข็งหลอด,เชียงใหม่,3000000,รายชื่อสถานประกอบการ,ห้างหุ้นส่วนจำกัด วารีเทพ เชียงใหม่,0,สันกำแพง,2564,สันกำแพง
1120,ผลิตน้ำแข็งหลอด,เชียงใหม่,200000,รายชื่อสถานประกอบการ,โรงน้ำแข็งมีสุขเจ้าสำราญ สันกำแพง,0,สันกำแพง,2564,สันกำแพง
1121,ผลิตและจำหน่ายน้ำแข็ง,เชียงใหม่,1000000,รายชื่อสถานประกอบการ,ล้านนาไอซ์ แฟคโทรี่ เอ็นจิเนียริ่ง,0,ตลาดใหญ่,2564,ดอยสะเก็ด
1122,ผลิตน้ำแข็งหลอด และน้ำแข็งซอง,เชียงใหม่,4000000,รายชื่อสถานประกอบการ,โรงน้ำแข็ง มีสุขเจ้าสำราญ แม่แจ่ม,0,ช่างเคิ่ง,2564,แม่แจ่ม
1123,ทำน้ำแข็งหลอดและน้ำแข็งซอง,เชียงใหม่,7,รายชื่อสถานประกอบการ,โรงน้ำแข็งยศดำรงค์พร้าว,14220000,เวียง,2564,พร้าว
1124,ผลิตน้ำแข็งซอง,เชียงใหม่,3000000,รายชื่อสถานประกอบการ,โรงงานน้ำแข็งธารทอง,0,หางดง,2564,ฮอด
1125,ทำน้ำแข็งก้อนเล็ก,เชียงใหม่,2000000,รายชื่อสถานประกอบการ,นางสาวคุณีกร โตไพบูลย์,0,ขี้เหล็ก,2564,แม่แตง
1126,โรงงานผลิตน้ำแข็งหลอด,เชียงใหม่,1000000,รายชื่อสถานประกอบการ,โรงน้ำแข็ง มีสุขเจ้าสำราญ สาขาแม่ริม,0,ห้วยทราย,2564,แม่ริม
1127,ผลิตน้ำแข็ง,เชียงใหม่,10,รายชื่อสถานประกอบการ,โรงน้ำแข็งมีสุขเจ้าสำราญ ดอยเต่า,7000000,ท่าเดื่อ,2564,ดอยเต่า
1128,ทำน้ำแข็งก้อนเล็ก,เชียงใหม่,200000,รายชื่อสถานประกอบการ,,0,ยางเนิ้ง,2564,สารภี
1129,ผลิตน้ำแข็ง,เชียงใหม่,14,รายชื่อสถานประกอบการ,โรงน้ำแข็งเชียงใหม่กิจวารี,11400000,หารแก้ว,2564,หางดง
1130,ผลิตน้ำแข็งหลอด,เชียงใหม่,3000000,รายชื่อสถานประกอบการ,โรงน้ำแข็งเชียงใหม่ไอซ์,0,แช่ช้าง,2564,สันกำแพง
1131,ผลิตน้ำแข็งหลอดเล็กและหลอดใหญ่,เชียงใหม่,500000,รายชื่อสถานประกอบการ,โรงน้ำแข็งเพชรงามรุ่งเรือง,0,หนองหาร,2564,สันทราย
1132,ผลิตน้ำแข็งหลอด,เชียงใหม่,500000,รายชื่อสถานประกอบการ,ห้างหุ้นส่วนจำกัด โรงงานน้ำแข็งธารทอง,0,ท่าวังตาล,2564,สารภี
1133,โรงงานทำน้ำแข็งก้อนเล็ก,เชียงใหม่,500000,รายชื่อสถานประกอบการ,นางสาวคุณาพร โตไพบูลย์,0,เวียง,2564,ฝาง
1134,ผลิตน้ำแข็งหลอด,เชียงใหม่,2000000,รายชื่อสถานประกอบการ,โรงน้ำแข็งบ้านน้อย,0,สันกำแพง,2564,สันกำแพง
1135,ทำน้ำแข็งซอง,เชียงใหม่,1000000,รายชื่อสถานประกอบการ,โรงน้ำแข็งซองสุขสมนึก,0,หารแก้ว,2564,หางดง
1136,ทำน้ำแข็งหลอด,เชียงใหม่,1000,รายชื่อสถานประกอบการ,วี.ที.ไอซ์,0,ขุนคง,2564,หางดง
1137,ผลิตน้ำแข็งหลอด,เชียงใหม่,1500000,รายชื่อสถานประกอบการ,นายรุ่งโรจน์ เข็มขาว,0,สันผีเสื้อ,2564,เมืองเชียงใหม่
1138,ทำน้ำแข็งก้อนเล็ก,เชียงใหม่,1000000,รายชื่อสถานประกอบการ,ห้างหุ้นส่วนจำกัด ไอยรินทร์ไอซ์,0,แช่ช้าง,2564,สันกำแพง
1139,ผลิตอาหารสัตว์,เชียงใหม่,1000000,รายชื่อสถานประกอบการ,วิวรรณเทคโนโลยี,0,สบแม่ข่า,2564,หางดง
1140,ผลิตอาหารสัตว์และสารผสมล่วงหน้าสำหรับสัตว์,เชียงใหม่,3000000,รายชื่อสถานประกอบการ,โรงงานผลิตอาหารสัตว์,0,สันนาเม็ง,2564,สันทราย
1141,ผลิตอาหารสัตว์,เชียงใหม่,130000000,รายชื่อสถานประกอบการ,บริษัท ลิ้มศักดากุลอุตสาหกรรมการเกษตร(ไทยแลนด์)จำกัด,0,สันปูเลย,2564,ดอยสะเก็ด
1142,ผลิตอาหารสัตว์ เช่นอาหารไก่จากข้าวโพด อบพืชผลทางการเกษตร เช่นข้าวโพดอบ และลำเลียงเก็บรักษาในไซโล,เชียงใหม่,6,รายชื่อสถานประกอบการ,บริษัท รุ่งทองคำอะกริเทรค จำกัด,20000000,แม่แฝก,2564,สันทราย
1143,บด ป่น และผสมอาหารสัตว์,เชียงใหม่,1000000,รายชื่อสถานประกอบการ,นายสมพล ยศเดช,0,สันกลาง,2564,สันป่าตอง
1144,ผลิตเบียร์สด,เชียงใหม่,0,รายชื่อสถานประกอบการ,โรงเบียร์เชียงใหม่เยอรมัน,0,หนองป่าครั่ง,2564,เมืองเชียงใหม่
1145,"อบเมล็ดพืช เช่น ข้าวเปลือก,ข้าวโพด ฯลฯ",เชียงใหม่,1000000,รายชื่อสถานประกอบการ,ห้างหุ้นส่วนจำกัด โรงสีข้าวรวงทองเชียงใหม่,0,เชิงดอย,2564,ดอยสะเก็ด
1146,ผลิตต้นหอมอบแห้ง,เชียงใหม่,5000000,รายชื่อสถานประกอบการ,บริษัท เชียงรายฟูด จำกัด,0,แม่งอน,2564,ฝาง
1147,อบลำไย,เชียงใหม่,4200000,รายชื่อสถานประกอบการ,ห้างหุ้นส่วนจำกัด เอกธนเกษตร,0,บ้านกลาง,2564,สันป่าตอง
1148,อบผลิตผลทางการเกษตร,เชียงใหม่,4,รายชื่อสถานประกอบการ,นายรักพงศ์ เชิดสถิรกุล,57500000,เชิงดอย,2564,ดอยสะเก็ด
1149,อบพืชผลทางการเกษตร,เชียงใหม่,15000000,รายชื่อสถานประกอบการ,โรงอบข้าวรุ่งจรัญไรซ์,0,แม่สาว,2564,แม่อาย
1150,อบข้าวเปลือก,เชียงใหม่,2,รายชื่อสถานประกอบการ,โรงอบข้าว ทรัพย์เกษม,17500000,แม่สาว,2564,แม่อาย
1151,อบพืชผลทางการเกษตร,เชียงใหม่,12,รายชื่อสถานประกอบการ,โรงอบข้าวทรัพย์ดวงทิพย์,36000000,แม่สาว,2564,แม่อาย
1152,อบพืชผลทางการเกษตร ปรับปรุงคุณภาพของผลิตผลทางการเกษตร และห้องเย็น,เชียงใหม่,15,รายชื่อสถานประกอบการ,บริษัท เอส ดี อินเตอร์ ฟู้ดส์ จำกัด,31000000,สองแคว,2564,ดอยหล่อ
1153,อบพืชผลทางการเกษตรและสีข้าว,เชียงใหม่,5,รายชื่อสถานประกอบการ,บริษัท สมชายค้าข้าว จำกัด,38000000,เวียง,2564,ฝาง
1154,อบผลิตผลทางการเกษตร อาทิ ลำไย,เชียงใหม่,50,รายชื่อสถานประกอบการ,ศรีเจริญ,24000000,สันทราย,2564,สารภี
1155,"อบพืชผลทางการเกษตร เช่น ลำไย, ร่อน ล้าง คัด หรือแยกขนาดลำไย และห้องเย็นในการเก็บรักษาพืชผลทางการเกษตร",เชียงใหม่,0,รายชื่อสถานประกอบการ,บริษัท หยวน เซิ่ง เฟรช จำกัด,135000000,สบเตี๊ยะ,2564,จอมทอง
1156,อบผลิตผลทางการเกษตร,เชียงใหม่,1000000,รายชื่อสถานประกอบการ,ศุภชัย,0,มะขามหลวง,2564,สันป่าตอง
1157,อบพืชผลทางการเกษตร,เชียงใหม่,3000000,รายชื่อสถานประกอบการ,บริษัท รุ่งเจริญพืชผล จำกัด,0,ดอยหล่อ,2564,ดอยหล่อ
1158,อบพืชผลทางการเกษตร,เชียงใหม่,1000000,รายชื่อสถานประกอบการ,โรงอบทิพย์ธารา,0,เวียง,2564,ฝาง
1159,อบพืชผลทางการเกษตร,เชียงใหม่,2000000,รายชื่อสถานประกอบการ,โรงอบข้าวสามหนึ่ง,0,แม่อาย,2564,แม่อาย
1160,อบผลิตผลการเกษตร,เชียงใหม่,7,รายชื่อสถานประกอบการ,บริษัท โอเค อินเตอร์เฟรช (ประเทสไทย) จำกัด,23100000,สบเตี๊ยะ,2564,จอมทอง
1161,อบพืชผลทางการเกษตร,เชียงใหม่,2000000,รายชื่อสถานประกอบการ,นายรุ่งรัตน์ สุชนสมบัติ,0,เขื่อนผาก,2564,พร้าว
1162,อบพืชผลทางการเกษตร ทุกชนิด เช่น ลำไย ข้าวโพด พริก และอื่นๆ,เชียงใหม่,3000000,รายชื่อสถานประกอบการ,บริษัท ลพบุรี พาวเวอร์ จำกัด,0,เขื่อนผาก,2564,พร้าว
1163,อบพืชผลทางการเกษตรกรรม,เชียงใหม่,500000000,รายชื่อสถานประกอบการ,บริษัท เชียงใหม่เฟรช โปรดักส์ จำกัด,0,ทุ่งสะโตก,2564,สันป่าตอง
1164,อบ บด ป่น ย่อย พืชและเมล็ดพืช,เชียงใหม่,3000000,รายชื่อสถานประกอบการ,บริษัท เอี่ยมกสิกิจ จำกัด,0,บ้านกลาง,2564,สันป่าตอง
1165,อบลำไย,เชียงใหม่,500000,รายชื่อสถานประกอบการ,ฟ้าเจริญพร,0,สบเตี๊ยะ,2564,จอมทอง
1166,อบแห้งพืชผลทางการเกษตร,เชียงใหม่,10000000,รายชื่อสถานประกอบการ,บริษัท สุภิราชการเกษตร จำกัด,0,แม่ปั๋ง,2564,พร้าว
1167,อบพืชผลทางการเกษตร,เชียงใหม่,53500000,รายชื่อสถานประกอบการ,บริษัท เชียงใหม่เฟรช โปรดักส์ จำกัด,0,ทุ่งสะโตก,2564,สันป่าตอง
1168,อบพืชผลทางการเกษตร,เชียงใหม่,20000000,รายชื่อสถานประกอบการ,โรงอบ โฮภาส กอนแสง,0,แม่แฝก,2564,สันทราย
1169,ผลิตผลไม้อบกรอบ,เชียงใหม่,5000000,รายชื่อสถานประกอบการ,บริษัท ทีดับบลิว ฟู๊ด จำกัด,0,แม่แฝกใหม่,2564,สันทราย
1170,อบเมล็ดพืชทางการเกษตรกรรม,เชียงใหม่,31,รายชื่อสถานประกอบการ,บริษัท ไทยแอดวานซ์การเกษตร จำกัด,50100000,แม่แฝกใหม่,2564,สันทราย
1171,อบพืชผลทางการเกษตร,เชียงใหม่,5000000,รายชื่อสถานประกอบการ,วงค์ตะวันพืชผล,0,แม่แวน,2564,พร้าว
1172,อบผลิตผลทางการเกษตร อาทิ ลำไย,เชียงใหม่,7000000,รายชื่อสถานประกอบการ,ชายบุษรา,0,สันทราย,2564,สารภี
1173,อบพืชผลทางการเกษตร,เชียงใหม่,5000000,รายชื่อสถานประกอบการ,นางชนากานต์ บุญศรี,0,สันทราย,2564,สารภี
1174,ทำลำใยอบแห้งและเพาะเห็ด,เชียงใหม่,18,รายชื่อสถานประกอบการ,อินเตอร์ ฟาร์ม,19000000,แม่แฝก,2564,สันทราย
1175,อบพืชผลทางการเกษตร,เชียงใหม่,2,รายชื่อสถานประกอบการ,บริษัท นอร์ท 87 จำกัด,20000000,แม่แวน,2564,พร้าว
1176,อบพืชผลทางการเกษตรและสีข้าว,เชียงใหม่,7,รายชื่อสถานประกอบการ,โรงสีข้าวดวงทิพย์,23000000,แม่สาว,2564,แม่อาย
1177,อบลำไย,เชียงใหม่,20,รายชื่อสถานประกอบการ,บริษัท อาหารเชียงใหม่อุตสาหกรรม จำกัด,13000000,บ้านกลาง,2564,สันป่าตอง
1178,อบพืชผลทางการเกษตร,เชียงใหม่,7000000,รายชื่อสถานประกอบการ,บริษัท บีเอส แอนด์ เคดี เชน แมนเนจเม้นท์ จำกัด,0,ข่วงเปา,2564,จอมทอง
1179,อบพืชผลทางการเกษตร,เชียงใหม่,5000000,รายชื่อสถานประกอบการ,ทรัพย์ไพลิน,0,แม่สาว,2564,แม่อาย
1180,อบผลิตผลทางการเกษตร,เชียงใหม่,5500000,รายชื่อสถานประกอบการ,ศ.ปวริศา การค้า,0,แม่คะ,2564,ฝาง
1181,อบพืชผลทางการเกษตร,เชียงใหม่,3000000,รายชื่อสถานประกอบการ,นายนิตย์พันธ์ แก้วคำมูล,0,แม่สาว,2564,แม่อาย
1182,"อบพืชผลทางการเกษตร เช่นลำไย,พริก,ข้างโพด,ใบยาสูบฯลฯ",เชียงใหม่,20,รายชื่อสถานประกอบการ,รัตนาพืชผลการเกษตร,30248000,ดอยหล่อ,2564,ดอยหล่อ
1183,อบแห้งสินค้าการเกษตร,เชียงใหม่,10000000,รายชื่อสถานประกอบการ,สหกรณ์การเกษตรสันป่าตอง จำกัด,0,ทุ่งสะโตก,2564,สันป่าตอง
1184,อบพืชผลทางการเกษตร,เชียงใหม่,5000000,รายชื่อสถานประกอบการ,โรงอบดวงดีสีข้าว,0,แม่สาว,2564,แม่อาย
1185,อบและกะเทาะเมล็ดข้าวโพด,เชียงใหม่,8000000,รายชื่อสถานประกอบการ,บริษัท อีสท์ เวสท์ ซีด จำกัด,0,แม่แฝกใหม่,2564,สันทราย
1186,"ผลิตผลไม้และพืชผลทางการเกษตรอบแห้ง อาธิ ลำไยอบแห้ง,ลิ้นจี่อบแห้ง",เชียงใหม่,5000000,รายชื่อสถานประกอบการ,นายชาคริต เชาว์ดำรงค์,0,บ้านกลาง,2564,สันป่าตอง
1187,ทำความสะอาดและอบข้าวโพดสำหรับเลี้ยงสัตว์,เชียงใหม่,4000000,รายชื่อสถานประกอบการ,บริษัท โฟร์ ที จำกัด,0,ดอยหล่อ,2564,ดอยหล่อ
1188,อบผลิตผลการเกษตร,เชียงใหม่,20000000,รายชื่อสถานประกอบการ,ฟาร์มผึ้งชัยเฮง,0,ดอนแก้ว,2564,สารภี
1189,อบพืชผลทางการเกษตร อาธิ ลำไย,เชียงใหม่,10000000,รายชื่อสถานประกอบการ,อำไพพรรณ การเกษตร,0,บ้านกาด,2564,แม่วาง
1190,อบผลิตผลทางการเกษตร อาทิ ลำไย และห้องเย็นเก็บลำไย,เชียงใหม่,50,รายชื่อสถานประกอบการ,นางวิลัยวรรณ์ เฉิน,40000000,หนองแฝก,2564,สารภี
1191,อบแห้งพืชผลทางการเกษตร,เชียงใหม่,15000000,รายชื่อสถานประกอบการ,นายเกียรติชัย แสงปัญญา,0,หนองแฝก,2564,สารภี
1192,อบพืชผลทางการเกษตร,เชียงใหม่,10000000,รายชื่อสถานประกอบการ,วัชระกิจ,0,แม่สาว,2564,แม่อาย
1193,อบพืชผลทางการเกษตร,เชียงใหม่,3000000,รายชื่อสถานประกอบการ,บริษัท โอเค เฟรชฟรุ๊ตส์ (ประเทศไทย) จำกัด,0,สบเตี๊ยะ,2564,จอมทอง
1194,อบพืชผลทางการเกษตร,เชียงใหม่,1000000,รายชื่อสถานประกอบการ,โกดังเหลือง,0,แม่แวน,2564,พร้าว
1195,โรงอบข้าว,เชียงใหม่,150000000,รายชื่อสถานประกอบการ,ห้างหุ้นส่วนจำกัด เชียงใหม่อินเตอร์ไรซ์,0,สันพระเนตร,2564,สันทราย
1196,อบลดความชื้นข้าวเปลือก,เชียงใหม่,10000000,รายชื่อสถานประกอบการ,โรงอบสหกรณ์การเกษตรพร้าว จำกัด,0,เวียง,2564,พร้าว
1197,อบผลิตผลทางการเกษตร,เชียงใหม่,50000000,รายชื่อสถานประกอบการ,ศ.ชินพงศ์ การค้า,0,เวียง,2564,ฝาง
1198,อบพืชผลการเกษตร,เชียงใหม่,1500000,รายชื่อสถานประกอบการ,บริษัท เค.พี (จอมทอง) จำกัด,0,บ้านแปะ,2564,จอมทอง
1199,อบพืชผลทางการเกษตร สีข้าว และคัดคุณภาพข้าว,เชียงใหม่,5000000,รายชื่อสถานประกอบการ,โรงอบข้าวแสงสุวรรณ,0,เวียง,2564,ฝาง
1200,อบพืชผลทางการเกษตร,เชียงใหม่,48,รายชื่อสถานประกอบการ,บริษัท บีเอส แอนด์ เคดี เชน แมนเนจเม้นท์ จำกัด,14500000,ข่วงเปา,2564,จอมทอง
1201,อบพืชผลทางการเกษตร,เชียงใหม่,25000000,รายชื่อสถานประกอบการ,กัญญารัตน์,0,ขัวมุง,2564,สารภี
1202,อบเมล็ดธัญพืช,เชียงใหม่,5000000,รายชื่อสถานประกอบการ,จิรชัยพืชผล,0,แม่นาจร,2564,แม่แจ่ม
1203,อบผลิตผลการเกษตร,เชียงใหม่,2000000,รายชื่อสถานประกอบการ,ถนอมทรัพย์พืชผลการเกษตร,0,เขื่อนผาก,2564,พร้าว
1204,อบเมล็ดพืช และเก็บรักษาเมล็ดพืชหรือผลิตผลจากพืชในไซโล,เชียงใหม่,16,รายชื่อสถานประกอบการ,บริษัท ลิ้มศักดากุลอุตสาหกรรมการเกษตร (ไทยแลนด์) จำกัด,176980000,สันปูเลย,2564,ดอยสะเก็ด
1205,อบพืชผลทางการเกษตร,เชียงใหม่,3000000,รายชื่อสถานประกอบการ,สีดาการเกษตร,0,ท่าวังพร้าว,2564,สันป่าตอง
1206,อบมันสำปะหลัง และพืชผลทางการเกษตร,เชียงใหม่,20000000,รายชื่อสถานประกอบการ,บริษัท ส้มปรีชา-ฝาง 1991 จำกัด,0,เวียง,2564,ฝาง
1207,อบข้าว,เชียงใหม่,5000000,รายชื่อสถานประกอบการ,กิตเจริญ,0,แม่สาว,2564,แม่อาย
1208,อบผลิตผลทางการเกษตร,เชียงใหม่,1000000,รายชื่อสถานประกอบการ,บริษัท ซี.พี.เอ็ม อโกร จำกัด,0,แม่แวน,2564,พร้าว
1209,อบผลิตผลทางการเกษตร,เชียงใหม่,8000000,รายชื่อสถานประกอบการ,แม่อายไรซ์มิลล์,0,สันต้นหมื้อ,2564,แม่อาย
1210,อบพืชผลทางการเกษตร,เชียงใหม่,5000000,รายชื่อสถานประกอบการ,วิเชียรฟาร์ม,0,แม่สาว,2564,แม่อาย
1211,อบผลิตผลทางการเกษตร,เชียงใหม่,1000000,รายชื่อสถานประกอบการ,บริษัท นิวเอ็นอะโกร จำกัด,0,บ้านโป่ง,2564,พร้าว
1212,อบพืชผลทางการเกษตร,เชียงใหม่,20000000,รายชื่อสถานประกอบการ,นางธัญรัศม์ พิสิทธิ์ธนัทกุล ,0,สบเตี๊ยะ,2564,จอมทอง
1213,อบพืชผลทางการเกษตร,เชียงใหม่,5000000,รายชื่อสถานประกอบการ,จันทร์ดี การเกษตร,0,มะขามหลวง,2564,สันป่าตอง
1214,สีข้าว,เชียงใหม่,2000000,รายชื่อสถานประกอบการ,โรงสีข้าวทรัพย์เกษม,0,แม่สาว,2564,แม่อาย
1215,แปรรูปผลผลิตข้าวโพดเลี้ยงสัตว์ อบลดความชื้น,เชียงใหม่,8,รายชื่อสถานประกอบการ,สหกรณ์การเกษตรแม่แจ่ม จำกัด,242429519.27,ช่างเคิ่ง,2564,แม่แจ่ม
1216,อบลำไย และพืชผลทางการเกษตร,เชียงใหม่,6,รายชื่อสถานประกอบการ,ณัฐวรรธน์ ฟรุ๊ตส์,8500000,แม่ปั๋ง,2564,พร้าว
1217,"กะเทาะเปลือกเมล็ดกาแฟ,คั่วเมล็ดกาแฟ",เชียงใหม่,1000000,รายชื่อสถานประกอบการ,นายชัยวัฒน์ ทักษอุดม,0,ช้างม่อย,2564,เมืองเชียงใหม่
1218,คัดและกะเทาะเมล็ดพืชและเก็บพืชผลทางการเกตร,เชียงใหม่,8000000,รายชื่อสถานประกอบการ,บริษัท เกษตรวิวัฒน์ จำกัด,0,ดอนเปา,2564,แม่วาง
1219,กะเทาะเมล็ดพืช คัดขนาดและบรรจุเมล็ดพันธ์พืช,เชียงใหม่,8,รายชื่อสถานประกอบการ,บริษัท สุภิราชเกษตรป้าว จำกัด,21000000,แม่ปั๋ง,2564,พร้าว
1220,กะเทาะ และอบเมล็ดพืช,เชียงใหม่,32,รายชื่อสถานประกอบการ,บริษัท เวิลด์ ซีดส์ จำกัด,28120000,แม่แวน,2564,พร้าว
1221,ไซโลเก็บผลิตผลทางการเกษตร,เชียงใหม่,45000000,รายชื่อสถานประกอบการ,บริษัท อาร์.พี.เอ็ม. ฟาร์ม แอนด์ ฟีด จำกัด,0,หนองควาย,2564,หางดง
1222,อบเมล็ดพืชและเก็บรักษาเมล็ดพืชหรือผลิตผลจากพืชในไซโล,เชียงใหม่,16,รายชื่อสถานประกอบการ,บริษัท ลิ้มศักดากุลอุตสาหกรรมการเกษตร (ไทยแลนด์) จำกัด,176980000,สันปูเลย,2564,ดอยสะเก็ด
1223,"บด,ร่อนถ่านกัมมันต์",เชียงใหม่,200000,รายชื่อสถานประกอบการ,ห้างหุ้นส่วนจำกัด ซี.เค คาร์บอน,0,ป่าแดด,2564,เมืองเชียงใหม่
1224,การเพาะเลี้ยงขยายพันธุ์พืช เช่น กล้วยไม้,เชียงใหม่,22850000,รายชื่อสถานประกอบการ,บริษัท เอ็ม แคท ไบโอ จำกัด,0,สันกลาง,2564,สันป่าตอง
1225,"คัด,แยกขนาด และคุณภาพของมันฝรั่ง",เชียงใหม่,2000000,รายชื่อสถานประกอบการ,บริษัท เป๊ปซี่-โคล่า (ไทย) เทรดดิ้ง จำกัด,0,ปงตำ,2564,ไชยปราการ
1226,"ล้าง,คัดแยกขนาดหรือคุณภาพผลิตผลเกษตรกรรม",เชียงใหม่,500000,รายชื่อสถานประกอบการ,บริษัท เอส.อาร์.แอกโกรแพค จำกัด,0,มะขามหลวง,2564,สันป่าตอง
1227,คัดแยกขนาด และคุณภาพของถั่วเหลือง,เชียงใหม่,1500000,รายชื่อสถานประกอบการ,บริษัท จัว อินเตอร์เนชั่นแนล จำกัด,0,บ้านแหวน,2564,หางดง
1228,การร่อน คัด แยกขนาดคุณภาพของผลิตผลเกษตรกรรม,เชียงใหม่,10,รายชื่อสถานประกอบการ,สหกรณ์นิคมพร้าว จำกัด,18694000,แม่แวน,2564,พร้าว
1229,คัดแยกขนาดและเคลือบผิวส้ม,เชียงใหม่,100000,รายชื่อสถานประกอบการ,โรงแว๊กซ์ธนาธร,0,สันทราย,2564,ฝาง
1230,"คัดขนาด,เลือบผิวส้ม,ห้องเย็น",เชียงใหม่,39,รายชื่อสถานประกอบการ,ตงหยาง,27000000,แม่สาว,2564,แม่อาย
1231,ผลิตน้ำดื่มบรรจุขวด,เชียงใหม่,2000000,รายชื่อสถานประกอบการ,บริษัท เพียวเมาน์เทน จำกัด,0,ป่าบง,2564,สารภี
1232,ผลิตน้ำดื่มบรรจุขวด,เชียงใหม่,28,รายชื่อสถานประกอบการ,น้ำดื่มตรา ม่อนล้าน,10851500,ป่าไหน่,2564,พร้าว
1233,ผลิตน้ำดื่มบรรจุขวด,เชียงใหม่,45,รายชื่อสถานประกอบการ,บริษัท เชียงใหม่โพลสตาร์ (1992) จำกัด,21300000,สุเทพ,2564,เมืองเชียงใหม่
1234,ผลิตน้ำดื่ม,เชียงใหม่,10000000,รายชื่อสถานประกอบการ,บริษัท เพียว เมาน์เทน จำกัด,0,ไชยสถาน,2564,สารภี
1235,โรงงานผลิตน้ำดื่ม และผลิตขวดสำหรับบรรจุน้ำดื่ม,เชียงใหม่,5000000,รายชื่อสถานประกอบการ,บริษัท เดอะวันดริ้งค์ จำกัด,0,สันกำแพง,2564,สันกำแพง
1236,ทอผ้าด้วยกี่กระตุก ตัดเย็บเสื้อผ้าสำเร็จรูป ย้อมผ้า-ซักผ้าทุกชนิด,เชียงใหม่,70,รายชื่อสถานประกอบการ,บริษัท น่ารัก โฮลดิ้ง จำกัด,241318421,แช่ช้าง,2564,สันกำแพง
1237,การฟอก ย้อมสีด้าย,เชียงใหม่,200000,รายชื่อสถานประกอบการ,โรงย้อมเพียงดาว,0,เชียงดาว,2564,เชียงดาว
1238,พิมพ์ผ้า,เชียงใหม่,500000,รายชื่อสถานประกอบการ,บริษัท ณัฐวุฒิ เทรดดิ้ง จำกัด,0,ร้องวัวแดง,2564,สันกำแพง
1239,ตัดเย็บผ้า เช่น ผ้าม่าน ผ้าปูที่นอน ปลอกหมอน ผ้านวม ผ้าคลุมเตียง กระเป๋า รองเท้า เสื้อคลุมอาบน้ำ,เชียงใหม่,90,รายชื่อสถานประกอบการ,บริษัท บีเฮ้าส์ จำกัด,21800000,แช่ช้าง,2564,สันกำแพง
1240,ผลิตแถบตราจากผ้า,เชียงใหม่,8000000,รายชื่อสถานประกอบการ,บริษัท ชีน เรย์ เอ็มบรอยเดอรี่ จำกัด,0,ขี้เหล็ก,2564,แม่ริม
1241,ผลิตแถบตรา,เชียงใหม่,5000000,รายชื่อสถานประกอบการ,บริษัท ชีน เรย์ เอ็มบรอยเดอรี่ จำกัด,0,ขี้เหล็ก,2564,แม่ริม
1242,ผลิตพรม ตัดเย็บตกแต่งพรมสำหรับใช้รองพื้นภายในรถยนต์ และพรมอื่นๆ,เชียงใหม่,30,รายชื่อสถานประกอบการ,บริษัท ซูมิโนเอะ โคอิเดะ (ประเทศไทย) จำกัด,32800000,สันกำแพง,2564,สันกำแพง
1243,ตัดเย็บเสื้อผ้า ผ้าคลุมรถ ผ้าคลุมเบาะ ผ้าหุ้มเบาะ หมวก กระเป๋า,เชียงใหม่,120,รายชื่อสถานประกอบการ,บริษัท โคอิเด็กซ์ (ประเทศไทย) จำกัด,2500000,ต้นเปา,2564,สันกำแพง
1244,ตัดเย็บชุดดำน้ำส่งออก,เชียงใหม่,5000000,รายชื่อสถานประกอบการ,บริษัท ออนสมู๊ทไทย จำกัด,0,ท่าวังตาล,2564,สารภี
1245,ตัดเย็บเครื่องนุ่งห่ม,เชียงใหม่,0,รายชื่อสถานประกอบการ,จิปาถะ,0,สันกลาง,2564,สันป่าตอง
1246,ตัดเย็บเสื้อผ้าสำเร็จรูป,เชียงใหม่,1800000,รายชื่อสถานประกอบการ,ห้างหุ้นส่วนจำกัด ซีเจ อินดัสทรี,0,สันกำแพง,2564,สันกำแพง
1247,ตัดเย็บชุดว่ายน้ำส่งออก,เชียงใหม่,8000000,รายชื่อสถานประกอบการ,บริษัท ออนสมู๊ทไทย จำกัด,0,ท่าวังตาล,2564,สารภี
1248,"ตัดเย็บเสื้อผ้าสำเร็จรูป,ทอผ้า",เชียงใหม่,93,รายชื่อสถานประกอบการ,บริษัท น่ารัก โฮลดิ้ง จำกัด,7500000,ต้นเปา,2564,สันกำแพง
1249,เย็บเสื้อผ้าสำเร็จรูป,เชียงใหม่,2000000,รายชื่อสถานประกอบการ,บริษัท ยงสง่า จำกัด,0,ทรายมูล,2564,สันกำแพง
1250,ตัดเย็บเสื้อผ้าสำเร็จรูป,เชียงใหม่,5000000,รายชื่อสถานประกอบการ,บริษัท ซีเอส สปอร์ต (ไทยแลนด์) จำกัด,0,สันกำแพง,2564,สันกำแพง
1251,ตัดเย็บเสื้อผ้าสำเร็จรูป,เชียงใหม่,300000,รายชื่อสถานประกอบการ,บริษัท โปร อินดัสเทรียล จำกัด,0,ยางเนิ้ง,2564,สารภี
1252,"ผลิตเสื้อผ้าสำเร็จรูป ,หมวกแฟชั่น ,ผลิตภัณฑ์จากหนังสัตว์",เชียงใหม่,2948000,รายชื่อสถานประกอบการ,บริษัท ลานนา แฮท จำกัด,0,ชมภู,2564,สารภี
1253,โม่ บด ย่อยหิน,เชียงใหม่,21,รายชื่อสถานประกอบการ,โรงโม่หินสหพนาสิทธิ์,60000000,บ้านแปะ,2564,จอมทอง
1254,ขุดทราย,เชียงใหม่,500000,รายชื่อสถานประกอบการ,นายทิตพันธ์ ปิงกุล,0,ท่าผา,2564,แม่แจ่ม
1255,ขุดดิน,เชียงใหม่,3,รายชื่อสถานประกอบการ,นายกรวุฒิ สุคนธมาน,17500000,ดอยหล่อ,2564,ดอยหล่อ
1256,ขุดดิน และร่อนคัดขนาด กรวด ทราย,เชียงใหม่,5,รายชื่อสถานประกอบการ,เอ็น อาร์ คอน,11500000,บ้านโป่ง,2564,พร้าว
1257,ขุดดิน,เชียงใหม่,2000000,รายชื่อสถานประกอบการ,นางเยาวเรศ ใจดี,0,แม่หอพระ,2564,แม่แตง
1258,ขุด ตัก ลอก ดินในที่ดินกรรมสิทธิ์ สำหรับใช้ในการก่อสร้างและจำหน่าย,เชียงใหม่,1000000,รายชื่อสถานประกอบการ,บ่อดินพี่ยศ 2,0,เชิงดอย,2564,ดอยสะเก็ด
1259,ขุดดิน,เชียงใหม่,3,รายชื่อสถานประกอบการ,นายวีระศักดิ์ บุญ-หลง,10510000,ขี้เหล็ก,2564,แม่แตง
1260,ขุดดิน,เชียงใหม่,1000000,รายชื่อสถานประกอบการ,นาง ณัฐวัลย์ ปัญญาศาล,0,น้ำบ่อหลวง,2564,สันป่าตอง
1261,ขุด ตัก ลอก ดินในที่ดินกรรมสิทธิ์ สำหรับใช้ในการก่อสร้างและจำหน่าย,เชียงใหม่,1000000,รายชื่อสถานประกอบการ,ชนัญพัทธ์ นิยม,0,เชิงดอย,2564,ดอยสะเก็ด
1262,ขุดดิน,เชียงใหม่,5,รายชื่อสถานประกอบการ,นายเกษมสุข เกี๋ยงตาล,8200000,แม่หอพระ,2564,แม่แตง
1263,ขุดดิน,เชียงใหม่,0,รายชื่อสถานประกอบการ,นายชัยรัตน์ คำมูล,0,เมืองงาย,2564,เชียงดาว
1264,ขุดดิน,เชียงใหม่,500000,รายชื่อสถานประกอบการ,บริษัท ธวัชชัย ไมนิ่ง จำกัด,0,ขี้เหล็ก,2564,แม่แตง
1265,ขุดดิน,เชียงใหม่,3,รายชื่อสถานประกอบการ,นายวีระศักดิ์ บุญ-หลง,10510000,ขี้เหล็ก,2564,แม่แตง
1266,ขุดดิน,เชียงใหม่,2,รายชื่อสถานประกอบการ,นายบุญปั๋น อุ่นใจจิน,7720000,ข่วงเปา,2564,จอมทอง
1267,ขุดดิน,เชียงใหม่,1000000,รายชื่อสถานประกอบการ,นางศรัญญา แดงคำ,0,ดอนเปา,2564,แม่วาง
1268,ขุดดิน,เชียงใหม่,50000,รายชื่อสถานประกอบการ,นางสาวมุกดา เตียวกุล,0,แม่ข่า,2564,ฝาง
1269,ขุดดิน,เชียงใหม่,100000,รายชื่อสถานประกอบการ,นายประจวบ ศิริศิลป์,0,ขี้เหล็ก,2564,แม่แตง
1270,ขุดทราย,เชียงใหม่,300000,รายชื่อสถานประกอบการ,สมบูรณ์ทรัพย์ ท่าทราย,0,แม่แวน,2564,พร้าว
1271,ขุดดิน,เชียงใหม่,300000,รายชื่อสถานประกอบการ,นายสมบูรณ์ ถากาศ,0,แม่นาวาง,2564,แม่อาย
1272,ขุดดิน,เชียงใหม่,1000000,รายชื่อสถานประกอบการ,นายสิงห์วัน นันตา,0,เวียง,2564,ฝาง
1273,ขุดดิน,เชียงใหม่,3,รายชื่อสถานประกอบการ,นายธาดา ชุติมา,7510000,ขี้เหล็ก,2564,แม่แตง
1274,ขุด ตัก ลอก ดินในที่ดินกรรมสิทธิ์ สำหรับใช้ในการก่อสร้างและจำหน่าย,เชียงใหม่,500000,รายชื่อสถานประกอบการ,นายพชรวุฒ พษิฐาการกุล,0,ขี้เหล็ก,2564,แม่แตง
1275,ขุดดิน,เชียงใหม่,1,รายชื่อสถานประกอบการ,นายสมจิต อายุมั่น,660000,เมืองงาย,2564,เชียงดาว
1276,ขุดดิน,เชียงใหม่,60000,รายชื่อสถานประกอบการ,นายสมจิต อายุมั่น,0,เมืองงาย,2564,เชียงดาว
1277,การร่อน หรือคัดกรวด หรือทราย,เชียงใหม่,0,รายชื่อสถานประกอบการ,โรงงานร่อน คัดกรวด ทราย โชติชนก,0,สันมหาพน,2564,แม่แตง
1278,ร่อนคัดขนาดกรวดทราย,เชียงใหม่,500000,รายชื่อสถานประกอบการ,ทรายตะวัน,0,แม่แฝก,2564,สันทราย
1279,ร่อน หรือคัดกรวดทราย,เชียงใหม่,10,รายชื่อสถานประกอบการ,บริษัท จตุรงค์ทราย จำกัด,29000000,แม่แฝก,2564,สันทราย
1280,ร่อนคัดขนาดกรวดทราย,เชียงใหม่,5000000,รายชื่อสถานประกอบการ,นายธนาโชติ จำนงค์,0,แม่แฝกใหม่,2564,สันทราย
1281,ร่อน หรือคัดกรวดหรือทราย,เชียงใหม่,300000,รายชื่อสถานประกอบการ,บริษัท วี.วี กรุ๊ป จำกัด,0,แม่หอพระ,2564,แม่แตง
1282,ร่อน คัดขนาดกรวด ทราย,เชียงใหม่,8,รายชื่อสถานประกอบการ,บริษัท พีรพัฒน์ ดีเซล จำกัด,5800000,แม่แวน,2564,พร้าว
1283,ร่อนคัดขนาดทราย,เชียงใหม่,5,รายชื่อสถานประกอบการ,ห้างหุ้นส่วนจำกัด อุทัยทรายทอง,800000,ขี้เหล็ก,2564,แม่แตง
1284,การร่อน หรือ คัดกรวดหรือทราย,เชียงใหม่,500000,รายชื่อสถานประกอบการ,ท่าทรายวัชรวงศ์,0,ขี้เหล็ก,2564,แม่ริม
1285,ร่อนทราย,เชียงใหม่,100000,รายชื่อสถานประกอบการ,หนุ่มเน้ย,0,บ้านแม,2564,สันป่าตอง
1286,ร่อนและคัดขนาดกรวดหรือทราย,เชียงใหม่,1000000,รายชื่อสถานประกอบการ,กรกช ใจวัง,0,สันมหาพน,2564,แม่แตง
1287,คัดแยกขนาดกรวดทราย,เชียงใหม่,5,รายชื่อสถานประกอบการ,นายบรรถกานต์ ตาวิราศ,860000,สองแคว,2564,ดอยหล่อ
1288,ร่อน คัดแยก กรวด ทราย หิน,เชียงใหม่,12,รายชื่อสถานประกอบการ,กรกช ใจวัง,7500000,ขี้เหล็ก,2564,แม่ริม
1289,ร่อน หรือแยกกรวดหรือทราย,เชียงใหม่,500000,รายชื่อสถานประกอบการ,บริษัท พิบูลย์ทราย 2015 จำกัด,0,หางดง,2564,ฮอด
1290,ร่อนคัดขนาด ทราย กรวด หิน,เชียงใหม่,50000,รายชื่อสถานประกอบการ,สมบูรณ์ทรัพย์,0,แม่แวน,2564,พร้าว
1291,ร่อนหรือคัดกรวดและทราย,เชียงใหม่,500000,รายชื่อสถานประกอบการ,ทรายตะวัน,0,แม่แฝก,2564,สันทราย
1292,ดูดทราย ใบอนุญาตใช้เรือเลขที่ 34 50 00658,เชียงใหม่,4,รายชื่อสถานประกอบการ,เพชรเกียรติอุดม,1500000,ท่าตอน,2564,แม่อาย
1293,ดูดทราย และคัดแยกขนาดกรวดทราย,เชียงใหม่,5,รายชื่อสถานประกอบการ,นายธนะชัย ปัญโญแก้ว,1400000,ฮอด,2564,ฮอด
1294,ดูดและขุดทราย,เชียงใหม่,150000,รายชื่อสถานประกอบการ,ห้างหุ้นส่วนจำกัด ทรัพย์มากล้น,0,ขี้เหล็ก,2564,แม่แตง
1295,ดูดร่อนและคัดกรวดทราย (เรือสินพัฒนา ทะเบียนเรือเลขที่ 3773 00212),เชียงใหม่,6,รายชื่อสถานประกอบการ,ท่าทรายสหะชัยรุ่งเรือง,700000,ท่าตอน,2564,แม่อาย
1296,ดูดทรายแม่น้ำ,เชียงใหม่,2000000,รายชื่อสถานประกอบการ,นางสาวเทียนทอง ไชยฤทธิ์,0,หางดง,2564,ฮอด
1297,ดูดทราย เเละคัดแยกขนาดกรวดทราย,เชียงใหม่,500000,รายชื่อสถานประกอบการ,ห้างหุ้นส่วนจำกัด ธนดลชัย,0,บ้านแปะ,2564,จอมทอง
1298,ดูดทราย,เชียงใหม่,1000000,รายชื่อสถานประกอบการ,นายเศกสรร พรหมเสน,0,บงตัน,2564,ดอยเต่า
1299,ดูดทราย,เชียงใหม่,7,รายชื่อสถานประกอบการ,บริษัท ทรายสุรีรัตน์ จำกัด,13000000,ดอยเต่า,2564,ดอยเต่า
1300,ดูดทราย,เชียงใหม่,500000,รายชื่อสถานประกอบการ,บริษัท พิบูลย์ทราย 2015 จำกัด,0,หางดง,2564,ฮอด
1301,ดูดทราย,เชียงใหม่,200000,รายชื่อสถานประกอบการ,บริษัท เชียงใหม่ ผลิตภัณฑ์ หิน ทราย จำกัด,0,บ้านแปะ,2564,จอมทอง
1302,ดูดทราย,เชียงใหม่,200000,รายชื่อสถานประกอบการ,บริษัท ทราย เพิ่มพูล จำกัด,0,บ้านแปะ,2564,จอมทอง
1303,ดูดทราย,เชียงใหม่,1000000,รายชื่อสถานประกอบการ,นางวิไล อำไพจิตร,0,นาคอเรือ,2564,ฮอด
1304,ดูดทราย,เชียงใหม่,5,รายชื่อสถานประกอบการ,นางสาวพัชรี หอยแก้ว,2500000,ฮอด,2564,ฮอด
1305,ดูดทราย,เชียงใหม่,3,รายชื่อสถานประกอบการ,บริษัท ทรายสืบเจริญ จำกัด,1800000,ท่าตอน,2564,แม่อาย
1306,ดูดทราย,เชียงใหม่,1000000,รายชื่อสถานประกอบการ,ห้างหุ้นส่วนจำกัด บ้านตาลรุ่งเรืองกิจ,0,ฮอด,2564,ฮอด
1307,ดูดทราย,เชียงใหม่,5,รายชื่อสถานประกอบการ,ห้างหุ้นส่วนจำกัด ชมพูนุช 2014,2000000,ท่าตอน,2564,แม่อาย
1308,ดูดทราย,เชียงใหม่,1000000,รายชื่อสถานประกอบการ,บริษัท ท่าทราย ทรัพย์ทีเอ จำกัด,0,บงตัน,2564,ดอยเต่า
1309,ดูดทราย,เชียงใหม่,5,รายชื่อสถานประกอบการ,ห้างหุ้นส่วนจำกัด ธนะชัย แอสโซซิเอท,2500000,ฮอด,2564,ฮอด
1310,ดูดทราย,เชียงใหม่,1000000,รายชื่อสถานประกอบการ,ห้างหุ้นส่วนจำกัด บ้านตาล รีฟอร์มมิ่ง,0,บ้านตาล,2564,ฮอด
1311,ดูดทราย,เชียงใหม่,4,รายชื่อสถานประกอบการ,บริษัท ท่าทรายพูลทวี จำกัด,1400000,บ้านแปะ,2564,จอมทอง
1312,ดูดทราย,เชียงใหม่,9,รายชื่อสถานประกอบการ,บริษัท เอสทีดับบลิว แอสโซซิเอท จำกัด,14500000,เหมืองแก้ว,2564,แม่ริม
1313,ดูดทราย,เชียงใหม่,5,รายชื่อสถานประกอบการ,นายวัฒนา บุญวุฒิ,2500000,บงตัน,2564,ดอยเต่า
1314,ดูดทราย,เชียงใหม่,4,รายชื่อสถานประกอบการ,นางไดโมนา ตาวิราศ,1400000,ฮอด,2564,ฮอด
1315,ดูดทราย,เชียงใหม่,4,รายชื่อสถานประกอบการ,ห้างหุ้นส่วนจำกัด ทราย ชมปิง,1400000,ฮอด,2564,ฮอด
1316,ดูดทราย,เชียงใหม่,5,รายชื่อสถานประกอบการ,บริษัท ลานนา นคราทร จำกัด,2500000,บ้านแปะ,2564,จอมทอง
1317,ดูดทรายเพื่อการจำหน่าย,เชียงใหม่,0,รายชื่อสถานประกอบการ,ท่าทรายฮอดทรายงาม,0,ฮอด,2564,ฮอด
1318,ดูดทราย,เชียงใหม่,5,รายชื่อสถานประกอบการ,ท่าทราย นิลาวันวิริยะ,2800000,ท่าตอน,2564,แม่อาย
1319,ดูดทราย,เชียงใหม่,200000,รายชื่อสถานประกอบการ,พูลทวีทรายทอง,0,ฮอด,2564,ฮอด
1320,ดูดทราย,เชียงใหม่,7,รายชื่อสถานประกอบการ,นายบุญสืบ อำไพจิตร,4000000,ฮอด,2564,ฮอด
1321,ดูดทราย,เชียงใหม่,500000,รายชื่อสถานประกอบการ,นายสุริยะ สุขประเสริฐ,0,ฮอด,2564,ฮอด
1322,ดูดทราย,เชียงใหม่,1000000,รายชื่อสถานประกอบการ,บริษัท ทราย เพิ่มพูล จำกัด,0,นาคอเรือ,2564,ฮอด
1323,ดูดทราย,เชียงใหม่,3000000,รายชื่อสถานประกอบการ,นายสุเทพ สุทายะ,0,ฮอด,2564,ฮอด
1324,ดูดทรายและคัดแยกขนาดกรวดทราย,เชียงใหม่,5,รายชื่อสถานประกอบการ,ห้างหุ้นส่วนจำกัด กษิดิศ แอลพีเอ็น,4000000,หางดง,2564,ฮอด
1325,ดูดทราย,เชียงใหม่,1000000,รายชื่อสถานประกอบการ,ห้างหุ้นส่วนจำกัด เดอะพีเอ็นซี,0,นาคอเรือ,2564,ฮอด
1326,เลื่อย ไส ซอย เซาะร่อง ไม้ทุกชนิดด้วยเครื่องจักร,เชียงใหม่,0,รายชื่อสถานประกอบการ,บริษัท เชียงใหม่ สุขสวัสดิ์ จำกัด,0,ฟ้าฮ่าม,2564,เมืองเชียงใหม่
1327,แปรรูปไม้เพื่อผลิตไม้แปรรูป,เชียงใหม่,5000000,รายชื่อสถานประกอบการ,บริษัท เชียงใหม่สุดาลักษณ์ จำกัด (โรงเลื่อยจักร),0,ต้นเปา,2564,สันกำแพง
1328,โรงเลื่อยจักร แปรรูปไม้,เชียงใหม่,3000000,รายชื่อสถานประกอบการ,โรงงาน ตนานุวัฒน์,0,แม่เหียะ,2564,เมืองเชียงใหม่
1329,ไสและซอยไม้,เชียงใหม่,1000000,รายชื่อสถานประกอบการ,นายนพรัตน์ นิมมานวัฒนา,0,น้ำแพร่,2564,หางดง
1330,"ทำวงกบประตู-หน้าต่าง,เครื่องเรือนจากไม้",เชียงใหม่,1000000,รายชื่อสถานประกอบการ,ห้างหุ้นส่วนจำกัด ส.สยามคาร์เพนเตอร์,0,สันกลาง,2564,สันป่าตอง
1331,ทำวงกบ ประตู หน้าต่าง และเครื่องเรือนจากไม้,เชียงใหม่,19100000,รายชื่อสถานประกอบการ,บริษัท เกรทเชียงใหม่ จำกัด,0,หนองป่าครั่ง,2564,เมืองเชียงใหม่
1332,"ผลิตวงกบประตูหน้าต่างและบาน,ผลิตเฟอร์นิเจอร์ เครื่องเรือนเครื่องใช้ ไม้คิวไม้บัวฉลุลายไม้กลึง",เชียงใหม่,15,รายชื่อสถานประกอบการ,,1100000,สันกลาง,2564,สันกำแพง
1333,"ทำวงกบประตู-หน้าต่าง,เครื่องเรือนจากไม้",เชียงใหม่,15,รายชื่อสถานประกอบการ,,4500000,ขี้เหล็ก,2564,แม่ริม
1334,ทำเครื่องเรือน เครื่องใช้ในบ้านเรือน ปาร์เก้ โมเสค ไม้คิ้ว ไม้บัว ไม้กั้นฝ้า ไม้กันเปื้อน ไม้ฉลุ ซี่ลูกกรง ราวบันได โดยใช้ไม้แปรรูป,เชียงใหม่,30,รายชื่อสถานประกอบการ,โรงงานแปรรูปไม้ บริษัท บ้านสวยสวนงาม จำกัด,3856000,แม่หอพระ,2564,แม่แตง
1335,ทำวงกบ ประตู-หน้าต่างจากไม้,เชียงใหม่,1000000,รายชื่อสถานประกอบการ,บริษัท เจริญชาติ จำกัด,0,หนองแหย่ง,2564,สันทราย
1336,ทำส่วนประกอบที่ทำด้วยไม้ของอาคาร เครื่องเรือนหรือเครื่องตบแต่งภายในอาคารจากไม้,เชียงใหม่,22,รายชื่อสถานประกอบการ,ล้านนาเรือนโบราณ,3320000,สันโป่ง,2564,แม่ริม
1337,ทำวงกบ-ประตูหน้าต่างและเครื่องเรือนจากไม้,เชียงใหม่,24,รายชื่อสถานประกอบการ,บริษัท วู๊ด อาร์ต ดี ซายน์ จำกัด,1250000,น้ำแพร่,2564,หางดง
1338,ทำเครื่องเรือน เครื่องใช้ในบ้านเรือน วงกบประตู หน้าต่าง ปาร์เก้ โมเสค ไม้คิ้วประสาน แกะสลัก ขัด กลึง โดยใช้ไม้แปรรูป เศษไม้,เชียงใหม่,5,รายชื่อสถานประกอบการ,บริษัท ซีตี้ วู้ด อินดัสตรี จำกัด,16000000,เชิงดอย,2564,ดอยสะเก็ด
1339,โรงงานประกอบกิจการเกี่ยวกับไม้ (การถนอมเนื้อไม้ หรือการอบไม้),เชียงใหม่,15,รายชื่อสถานประกอบการ,บริษัท เชียงใหม่สุขสวัสดิ์ จำกัด (สาขา 00001),3000000,เชิงดอย,2564,ดอยสะเก็ด
1340,ผลิตพื้นไม้ บ้านเล็กสำเร็จรูป ฝาและผนักประดับบ้านภายในและภายนอก และผลิตภัณฑ์ไม้ไผ่ และไม้ทั่วไปอบพร้อมใช้งาน,เชียงใหม่,24,รายชื่อสถานประกอบการ,บริษัท ชาเลท์ แอนด์ แบมบู จำกัด,14257730,หนองควาย,2564,หางดง
1341,ผลิตเฟอร์นิเจอร์ไม้ และผลิตภัณฑ์จากไม้,เชียงใหม่,20,รายชื่อสถานประกอบการ,แซนทารา ลักซ์ เฟอร์นิเจอร์,2000000,ทุ่งต้อม,2564,สันป่าตอง
1342,ทำเครื่องใช้ เครื่องเล่นจากไม้,เชียงใหม่,27,รายชื่อสถานประกอบการ,บริษัท คิดดี้ทอยส์ แอนด์ เกมส์ จำกัด,11500000,ยุหว่า,2564,สันป่าตอง
1343,ทำผลิตภัณฑ์จากไม้ ภาชนะบรรจุ เครื่องใช้จากไม้,เชียงใหม่,500000,รายชื่อสถานประกอบการ,โคมกนก,0,แม่คือ,2564,ดอยสะเก็ด
1344,ผลิตเฟอร์นิเจอร์ไม้ และผลิตภัณท์จากไม้,เชียงใหม่,20,รายชื่อสถานประกอบการ,นางสาวถนอมใจ หิรัญรัตน์,5000000,ป่าป้อง,2564,ดอยสะเก็ด
1345,ทำผลิตภัณฑ์จากไม้นอกประเภทหวงห้าม เช่น ภาชนะบรรจุ เครื่องใช้จากไม้ เครื่องตกแต่งภายในอาคารจากไม้ แกะสลักต่างๆ พร้อมประดับด้วยกระจกสี,เชียงใหม่,16,รายชื่อสถานประกอบการ,บริษัท ทัช ออฟ คลาส จำกัด,8800000,ขุนคง,2564,หางดง
1346,ผลิตเฟอร์นิเจอร์ และอุปกรณ์ตกแต่งบ้านจากไม้,เชียงใหม่,20,รายชื่อสถานประกอบการ,บริษัท มูนเลอร์ คอลเลคชั่น จำกัด,2500000,สำราญราษฎร์,2564,ดอยสะเก็ด
1347,ผลิตของเล่นเด็ก เกมส์ และผลิตภัณฑ์อื่นๆ จากไม้,เชียงใหม่,500000,รายชื่อสถานประกอบการ,โรงงาน บอล บอล เกมส์,0,ท่าวังตาล,2564,สารภี
1348,ผลิตเฟอร์นิเจอร์จากไม้,เชียงใหม่,10,รายชื่อสถานประกอบการ,ห้างหุ้นส่วนจำกัด บี.เอช.เนเจอร์วูด,11000000,แม่ข่า,2564,ฝาง
1349,ผลิตและส่งออกตลับไม้ กรอบรูป และเชิงเทียน,เชียงใหม่,10000000,รายชื่อสถานประกอบการ,บริษัท วาสนาคอลเล็คชั่น จำกัด,0,สันกำแพง,2564,สันกำแพง
1350,ทำเครื่องใช้จากไม้ฉำฉา เช่น เครื่องเล่น,เชียงใหม่,3000,รายชื่อสถานประกอบการ,สมบัติเกมส์ไม้,0,สันกลาง,2564,สันกำแพง
1351,ผลิตตลับไม้ กรอบรูปไม้ และเชิงเทียนจากโลหะ,เชียงใหม่,1000000,รายชื่อสถานประกอบการ,บริษัท วาสนาคอลเลคชั่น จำกัด,0,สันกำแพง,2564,สันกำแพง
1352,ทำภาชนะบรรจุ เครื่องมือ หรือเครื่องใช้จากไม้และรวมถึงชิ้นส่วนของผลิตภัณฑ์ ดังกล่าว และทำกรอบรูปหรือกรอบกระจกจากไม้,เชียงใหม่,6000000,รายชื่อสถานประกอบการ,บริษัท โค-ลาโบ วูด สตูดิโอ จำกัด,0,ออนกลาง,2564,แม่ออน
1353,ทำเครื่องใช้จากไม้,เชียงใหม่,8,รายชื่อสถานประกอบการ,ห้างหุ้นส่วนจำกัด เปี๊ยกแอนติค,3250000,หนองแก๋ว,2564,หางดง
1354,ทำเครื่องเรือน เครื่องมือ เครื่องใช้หรือภาชนะบรรจุจากไม้ หรือทำกรอบรูปหรือกรอบกระจกจากไม้ ทำเครื่องเล่นหรือของเล่นจากไม้,เชียงใหม่,14,รายชื่อสถานประกอบการ,ส.ประดิษฐกรรม,1100000,สันทรายน้อย,2564,สันทราย
1355,ทำผลิตภัณฑ์จากไม้ และเครื่องใช้จากไม้,เชียงใหม่,25,รายชื่อสถานประกอบการ,บริษัท เชียงใหม่ พิพัฒน์ คราฟวิ่ง จำกัด,21000000,หนองแก๋ว,2564,หางดง
1356,แกะสลักไม้ เครื่องเรือน เครื่องตกแต่งภายในอาคารจากไม้,เชียงใหม่,3,รายชื่อสถานประกอบการ,ไม้ขัดทอง,2800000,น้ำแพร่,2564,หางดง
1357,ทำกรอบรูปจากไม้,เชียงใหม่,3505000,รายชื่อสถานประกอบการ,บริษัท เอส เค บี สยามโปรดัก จำกัด,0,ป่าป้อง,2564,ดอยสะเก็ด
1358,ทำเฟอร์นิเจอร์จากไม้ ไม้ไผ่ หวาย และผักตบชวา,เชียงใหม่,80,รายชื่อสถานประกอบการ,นางวาสนา แก้วสีขาว,3700000,บ้านแหวน,2564,หางดง
1359,ทำเครื่องเรือน และเฟอร์นิเจอร์จากไม้ แกะสลักไม้,เชียงใหม่,100,รายชื่อสถานประกอบการ,นางสาวปิยพร เปรมนิรันดร,11000000,หนองควาย,2564,หางดง
1360,ผลิตเฟอร์นิเจอร์ไม้,เชียงใหม่,500000,รายชื่อสถานประกอบการ,นรินทร์ อิ่นแก้ว,0,ขุนคง,2564,หางดง
1361,ผลิตและจำหน่ายสินค้าตบแต่งบ้าน โคมไฟ และผลิตภัณฑ์จากไม้อื่นๆ,เชียงใหม่,35,รายชื่อสถานประกอบการ,บริษัท สุนา ลิฟวิ่ง จำกัด,2000000,ขุนคง,2564,หางดง
1362,ผลิตเครื่องเรือน เครื่องตบแต่งภายในอาคารจากไม้,เชียงใหม่,5000000,รายชื่อสถานประกอบการ,บริษัท เอพลัสเฟอร์นิเจอร์ จำกัด,0,เหมืองแก้ว,2564,แม่ริม
1363,"ทำเครื่องเรือน,เครื่องใช้จากไม้,ตบแต่งสีไม้แกะสลัก",เชียงใหม่,6000000,รายชื่อสถานประกอบการ,บริษัท เชียงใหม่ พิพัฒน์คราฟวิ่ง จำกัด,0,หนองแก๋ว,2564,หางดง
1364,ทำเครื่องเรือนจากไม้ หรือเครื่องตบแต่งในอาคารจากไม้,เชียงใหม่,1500000,รายชื่อสถานประกอบการ,บริษัท รีแลกซ์คอมฟอร์ท จำกัด,0,หนองผึ้ง,2564,สารภี
1365,ทำเครื่องเรือนและเครื่องตบแต่งภายในอาคารจากไม้,เชียงใหม่,17500000,รายชื่อสถานประกอบการ,บริษัท วรวุฒิเฟอร์นิเจอร์ แอนด์ เดคคอร์ จำกัด,0,ป่าแดด,2564,เมืองเชียงใหม่
1366,ผลิตเฟอร์นิเจอร์และของตกแต่งบ้าน,เชียงใหม่,300000,รายชื่อสถานประกอบการ,โรงงานผลิตเฟอร์นิเจอร์ไม้,0,ขุนคง,2564,หางดง
1367,ผลิตเฟอร์นิเจอร์,เชียงใหม่,200000,รายชื่อสถานประกอบการ,สมบูรณ์-มาลี แอนติค,0,ขุนคง,2564,หางดง
1368,ผลิตเฟอร์นิเจอร์,เชียงใหม่,2000000,รายชื่อสถานประกอบการ,บริษัท จีซีคอลเลคชั่น จำกัด,0,หนองแก๋ว,2564,หางดง
1369,ผลิตเฟอร์นิเจอร์,เชียงใหม่,1000000,รายชื่อสถานประกอบการ,บริษัท อาร์.จี.อัส วู้ด จำกัด,0,ออนใต้,2564,สันกำแพง
1370,ทำเครื่องเรือนและเครื่องใช้จากไม้,เชียงใหม่,20,รายชื่อสถานประกอบการ,สหกรณ์หัตถกรรมเมืองเชียงใหม่ จำกัด,1550000,ต้นเปา,2564,สันกำแพง
1371,"ทำเฟอร์นิเจอร์ไม้,เครื่องเรือนจากไม้,ไม้พื้นปาร์เก้,โมเสค",เชียงใหม่,2000000,รายชื่อสถานประกอบการ,ห้างหุ้นส่วนจำกัด เชียงใหม่ ทีค วีเนียร์,0,แช่ช้าง,2564,สันกำแพง
1372,ทำเฟอร์นิเจอร์ไม้ ผลิตภัณฑ์จากไม้ และออกแบบตกแต่งจากไม้,เชียงใหม่,8,รายชื่อสถานประกอบการ,บริษัท 09 ดีไซน์ เฟอร์นิเจอร์ จำกัด,936000,ต้นเปา,2564,สันกำแพง
1373,ทำเครื่องเรือนเครื่องใช้จากไม้,เชียงใหม่,2034728,รายชื่อสถานประกอบการ,บริษัท บี.ซี. อาร์ท จำกัด,0,สันกลาง,2564,สันกำแพง
1374,ทำเครื่องเรือน เครื่องใช้ในบ้านเรือน ปาร์เก้ โมเสค ของที่ระลึกโดยใช้ไม้แปรรูป,เชียงใหม่,2000000,รายชื่อสถานประกอบการ,มัลลิกาเฟอร์นิเจอร์,0,ต้นเปา,2564,สันกำแพง
1375,ทำเครื่องเรือนเครื่องใช้จากไม้,เชียงใหม่,2000000,รายชื่อสถานประกอบการ,ห้างหุ้นส่วนจำกัด มัลลิกา แกะสลัก,0,ต้นเปา,2564,สันกำแพง
1376,ทำเครื่องเรือนและของตกแต่งบ้านจากไม้,เชียงใหม่,2000000,รายชื่อสถานประกอบการ,นายณัฐพล โปธาตน,0,ขุนคง,2564,หางดง
1377,ทำเครื่องเรือนจากไม้ เช่น โต๊ะ ตู้ เตียง เก้าอี้ ฯลฯ,เชียงใหม่,1000000,รายชื่อสถานประกอบการ,บริษัท อะเมซิ่ง เนเชอร์ วู๊ดส์ จำกัด,0,น้ำแพร่,2564,หางดง
1378,ประดิษฐ์ ผลิต ซ่อมแซม เครื่องเรือน เครื่องใช้ เครื่องตกแต่างภายนอก ภายในอาคารทุกชนิดจากไม้,เชียงใหม่,40,รายชื่อสถานประกอบการ,บริษัท มูเทียร่า จำกัด,6000000,ยุหว่า,2564,สันป่าตอง
1379,ทำเฟอร์นิเจอร์ ผลิตภัณฑ์จากไม้และออกแบบตกแต่งภายใน,เชียงใหม่,30,รายชื่อสถานประกอบการ,บริษัท ปานา คอลเลคชั่น จำกัด,2000000,ขุนคง,2564,หางดง
1380,ผลิตเฟอร์นิเจอร์และผลิตภัณฑ์จากไม้,เชียงใหม่,4,รายชื่อสถานประกอบการ,สินีนาฎเฟอร์นิเจอร์,500000,บวกค้าง,2564,สันกำแพง
1381,ทำเครื่องเรือน เครื่องตบแต่งภายในอาคาร เครื่องเล่นจากไม้,เชียงใหม่,3000000,รายชื่อสถานประกอบการ,บริษัท คิดตี้ทอยส์อินเตอร์เนชั่นแนล จำกัด,0,ยุหว่า,2564,สันป่าตอง
1382,ผลิตเฟอร์นิเจอร์จากไม้,เชียงใหม่,19,รายชื่อสถานประกอบการ,จิราภรณ์เฟอร์นิเจอร์,11800000,ขุนคง,2564,หางดง
1383,ทำเครื่องเรือน เฟอร์นิเจอร์ตกแต่งภายในอาคาร จากไม้,เชียงใหม่,2000000,รายชื่อสถานประกอบการ,บริษัท โค-ลาโบ วูด สตูดิโอ จำกัด,0,ออนกลาง,2564,แม่ออน
1384,ทำเครื่องเรือนหรือเครื่องตบแต่งภายในอาคารจากไม้ ทำวงกบ ขอบประตู ขอบหน้าต่าง ส่วนประกอบที่ทำด้วยไม้ของอาคาร ภาชนะบรรจุ เครื่องมือ หรือเครื่องใช้จากไม้ และทำกรอบรูปหรือกรอบกระจกจากไม้,เชียงใหม่,29,รายชื่อสถานประกอบการ,ส.สันกำแพง,5450000,ร้องวัวแดง,2564,สันกำแพง
1385,ทำเครื่องเรือนหรือเครื่องตบแต่งจากไม้ๆ,เชียงใหม่,150000,รายชื่อสถานประกอบการ,นายสาคร ไชยคำวัง,0,ตลาดขวัญ,2564,ดอยสะเก็ด
1386,"ผลิตจัดจำหน่ายเครื่องเรือนเฟอร์นิเจอร์ ,หัตถกรรม ใช้ในครัวเรือน ที่ผลิตจากไม้",เชียงใหม่,1000000,รายชื่อสถานประกอบการ,บริษัท สวิส ไทย วอเตอร์ โซลูชั่น จำกัด,0,ขุนคง,2564,หางดง
1387,ทำเครื่องเรือนและของตบแต่งจากไม้,เชียงใหม่,1000000,รายชื่อสถานประกอบการ,ห้างหุ้นส่วนจำกัด ดิ ออเรียลทอล ลานนา,0,ขี้เหล็ก,2564,แม่แตง
1388,ทำเครื่องเรือน หรือเครื่องตบแต่งจากไม้ เช่นโต๊ะหมู่บูชา,เชียงใหม่,1000000,รายชื่อสถานประกอบการ,ณฐมนสังฆภัณฑ์,0,ป่าลาน,2564,ดอยสะเก็ด
1389,ทำเครื่องเรือนหรือเครื่องตบแต่งภายในอาคารจากไม้,เชียงใหม่,1500000,รายชื่อสถานประกอบการ,บริษัท นภัสนันท์การค้าไม้ จำกัด,0,ป่าป้อง,2564,ดอยสะเก็ด
1390,ทำวงกบ ประตู หน้าต่าง และเครื่องเรื่อนจากไม้,เชียงใหม่,20,รายชื่อสถานประกอบการ,นายอรรถศาสตร์ พงษ์พานิชย์,6500000,สบเปิง,2564,แม่แตง
1391,ผลิตกระดาษสา,เชียงใหม่,3000000,รายชื่อสถานประกอบการ,ซี.เอส.พี เชียงใหม่กระดาษสา,0,แม่แฝก,2564,สันทราย
1392,ฆ่าสัตว์และชำแหละเนื้อสัตว์,เชียงใหม่,2500000,รายชื่อสถานประกอบการ,บริษัท จิตรุ่งเรืองกรุ๊ป จำกัด,0,สันกำแพง,2564,สันกำแพง
1393,โรงฆ่าสัตว์และแปรรูปเนื้อสัตว์เพื่อการทดลอง,เชียงใหม่,500000,รายชื่อสถานประกอบการ,กรมปศุสัตว์,0,ช้างเผือก,2564,เมืองเชียงใหม่
1394,ฆ่าและชำแหละไก่,เชียงใหม่,5000000,รายชื่อสถานประกอบการ,บริษัท ฟาร์ม 9 ไก่ฟู้ดส์ จำกัด,0,มะขามหลวง,2564,สันป่าตอง
1395,โรงฆ่าสุกรและแปรรูปผลิตภัณฑ์สุกร,เชียงใหม่,50,รายชื่อสถานประกอบการ,โรงงานแปรรูปสุกรแม่โจ้,35000000,หนองหาร,2564,สันทราย
1396,โรงฆ่าและชำแหละสัตว์ปีก,เชียงใหม่,900000,รายชื่อสถานประกอบการ,ไก่สดนันทา,0,หายยา,2564,เมืองเชียงใหม่
1397,ฆ่าสัตว์(สุกร),เชียงใหม่,30,รายชื่อสถานประกอบการ,บริษัท ชัยพัฒนา ฟาร์ม จำกัด,30000000,เชิงดอย,2564,ดอยสะเก็ด
1398,ฆ่าและชำแหละสุกร,เชียงใหม่,150000,รายชื่อสถานประกอบการ,โรงฆ่าสัตว์(สุกร),0,หนองบัว,2564,ไชยปราการ
1399,ฆ่าและชำแหละไก่,เชียงใหม่,5000000,รายชื่อสถานประกอบการ,ห้างหุ้นส่วนจำกัด ป.พุฒ ไก่สด,0,หนองแหย่ง,2564,สันทราย
1400,ทำผลิตภัณฑ์อาหารจากเนื้อสัตว์ มันสัตว์ หนังสัตว์ หรือสารสกัดจากไขสัตว์หรือกระดูกสัตว์,เชียงใหม่,6,รายชื่อสถานประกอบการ,บริษัท ไตรเทค 2005 (ประเทศไทย) จำกัด,17500000,แช่ช้าง,2564,สันกำแพง
1401,ทำลูกชิ้นเนื้อ และหมู,เชียงใหม่,4,รายชื่อสถานประกอบการ,ลูกชิ้นบุญเสริม,850000,สันโป่ง,2564,แม่ริม
1402,เกี่ยวกับผลิตภัณฑ์จากผึ้ง และน้ำผึ้ง เช่น เครื่องดื่ม น้ำส้มสายชูหมักจากน้ำผึ้ง สบู่น้ำผึ้ง สบู่นมน้ำผึ้ง สบู่พรอพอลิส และอื่นๆ และสบู่ แชมพู หรือผลิตภัณฑ์สำหรับชะล้างหรือขัดถู เครื่องสำอาง หรือสิ่งปรุงแต่งร่างกาย ,เชียงใหม่,11,รายชื่อสถานประกอบการ,บริษัท เชียงใหม่ เฮลตี้ โปรดักส์ จำกัด,58250000,ชมภู,2564,สารภี
1403,"ทำลูกชิ้นเนื้อ,หมู",เชียงใหม่,500000,รายชื่อสถานประกอบการ,ลูกชิ้นมีชัย,0,ป่าแดด,2564,เมืองเชียงใหม่
1404,ผลิตลูกชิ้นเนื้อ หมู และไก่,เชียงใหม่,200000,รายชื่อสถานประกอบการ,ลูกชิ้นวัญนา,0,สันโป่ง,2564,แม่ริม
1405,ทำลูกชิ้นและหมูยอ,เชียงใหม่,200000,รายชื่อสถานประกอบการ,โรงงานพรสวรรค์,0,ต้นเปา,2564,สันกำแพง
1406,ทำกุนเชียง หมูหยอง,เชียงใหม่,1500000,รายชื่อสถานประกอบการ,บริษัท จิง จิง เฮียงเชียงใหม่ จำกัด,0,ท่าวังตาล,2564,สารภี
1407,แปรรูปผลิตภัณฑ์จากผึ้ง,เชียงใหม่,1000000,รายชื่อสถานประกอบการ,บริษัท ฟาร์มผึ้งพัฒนกิจ จำกัด,0,หนองผึ้ง,2564,สารภี
1408,แปรรูปผลิตภัณฑ์อาหารจากเนื้อสัตว์,เชียงใหม่,1000000,รายชื่อสถานประกอบการ,ลูกชิ้นพรสวรรค์,0,ต้นเปา,2564,สันกำแพง
1409,ผลิตผลิตภัณฑ์จากผึ้ง เช่น น้ำผึ้ง ไขผึ้ง เกสรผึ้ง นมผึ้ง,เชียงใหม่,10,รายชื่อสถานประกอบการ,บริษัท ฮันนี่ โพลีพลัส จำกัด,12000000,ท่าศาลา,2564,เมืองเชียงใหม่
1410,ผลิตอาหารจากเนื้อสัตว์ เช่น ไส้กรอก แฮม เบอร์เกอร์ ปาเต้,เชียงใหม่,6,รายชื่อสถานประกอบการ,บริษัท จีบุส ฟู้ดส์ โปรดักส์ จำกัด,8500000,ท่าศาลา,2564,เมืองเชียงใหม่
1411,ชำแหละ ตัดแต่ง ชิ้นส่วนสุกรและแปรรูปเนื้อสัตว์,เชียงใหม่,77,รายชื่อสถานประกอบการ,บริษัท ซีพีเอฟ (ประเทศไทย) จำกัด (มหาชน),90000000,สันกลาง,2564,สันป่าตอง
1412,แปรรูปรังนกนางแอ่น,เชียงใหม่,5000000,รายชื่อสถานประกอบการ,บริษัท กู๊ดฟอร์จูนเอเชีย จำกัด,0,ขุนคง,2564,หางดง
1413,แปรรูปผลิตภัณฑ์จากไข่ และคัดบรรจุไข่,เชียงใหม่,11,รายชื่อสถานประกอบการ,บริษัท ซีพีเอฟ (ประเทศไทย) จำกัด (มหาชน),206500000,ห้วยทราย,2564,สันกำแพง
1414,อัดเศษกระดาษ,เชียงใหม่,200000,รายชื่อสถานประกอบการ,ส.วิวัฒน์พานิช,0,หนองหอย,2564,เมืองเชียงใหม่
1415,อัดเศษกระดาษเก่า,เชียงใหม่,2000000,รายชื่อสถานประกอบการ,โรงอัดเศษกระดาษสารภี,0,สารภี,2564,สารภี
1416,ทำผลิตภัณฑ์จากกระดาษสา,เชียงใหม่,5499803,รายชื่อสถานประกอบการ,ห้างหุ้นส่วนจำกัด เชียงใหม่อินเตอร์เนชั่นแนล เดค,0,สันกำแพง,2564,สันกำแพง
1417,พิมพ์สิ่งพิมพ์ต่าง ๆ,เชียงใหม่,500000,รายชื่อสถานประกอบการ,บริษัท โชตนาพริ้นท์ จำกัด,0,ศรีภูมิ,2564,เมืองเชียงใหม่
1418,พิมพ์สิ่งพิมพ์ต่างๆ,เชียงใหม่,0,รายชื่อสถานประกอบการ,ห้างหุ้นส่วนจำกัด สยามรัตน,0,ช้างคลาน,2564,เมืองเชียงใหม่
1419,ผลิตปุ๋ยเคมี,เชียงใหม่,750000,รายชื่อสถานประกอบการ,มหาลาภ,0,ร้องวัวแดง,2564,สันกำแพง
1420,ผลิตปุ๋ยอินทรีย์ (ปุ๋ยหมัก) และปุ๋ยอินทรีย์เคมี,เชียงใหม่,500000,รายชื่อสถานประกอบการ,บริษัท เชียงใหม่ฮิวโมสท์ จำกัด,0,แช่ช้าง,2564,สันกำแพง
1421,ผลิตปุ๋ยอินทรีย์,เชียงใหม่,7500000,รายชื่อสถานประกอบการ,บริษัท เนเจอรอล อะกรีคัลเจอร์ จำกัด,0,แม่หอพระ,2564,แม่แตง
1422,ผลิตปุ๋ยอินทรีย์-ชีวภาพ,เชียงใหม่,8815000,รายชื่อสถานประกอบการ,บริษัท มอนทรีโอ้ ค๊อฟฟี่ จำกัด,0,ดอยหล่อ,2564,ดอยหล่อ
1423,เกี่ยวกับการผลิตวัตถุที่รับรองไว้ในตำรายาที่รัฐมนตรีว่าการกระทรวงสาธารณสุขประกาศและการผลิตวัตถุที่มุ่งหมายสำหรับใช้ในการวิเคราะห์ บำบัด บรรเทา รักษา หรือป้องกันโรคหรือความเจ็บป่วยของมนุษย์หรือสัตว์,เชียงใหม่,13,รายชื่อสถานประกอบการ,บริษัท ดีท็อกซ์ (ประเทศไทย) จำกัด,66000000,น้ำแพร่,2564,หางดง
1424,ผลิตยารักษาโรคแผนปัจจุบัน เช่น ยาเม็ด ยารูปแบบของเหลว ยาครีม ยาเหน็บ ที่มีสารสกัดจากกัญชง เป็นต้น,เชียงใหม่,33,รายชื่อสถานประกอบการ,บริษัท ซาลัส ไบโอซูติคอล (ประเทศไทย) จำกัด,354575000,เชิงดอย,2564,ดอยสะเก็ด
1425,การสกัดสมุนไพรทำเครื่องสำอาง ยาสมุนไพร และอาหารเสริม,เชียงใหม่,30,รายชื่อสถานประกอบการ,บริษัท ซีเอ็มซี แอสโซซิเอทส์ จำกัด,32000000,แม่นะ,2564,เชียงดาว
1426,โรงงานประกอบกิจการเกี่ยวกับ ยา การผลิตวัตถุที่มุ่งหมายสำหรับใช้ในการวิเคราะห์ บำบัด บรรเทา รักษาหรือป้องกันโรค หรือความเจ็บป่วยของมนุษย์ หรือสัตว์,เชียงใหม่,21,รายชื่อสถานประกอบการ,บริษัท ดีท็อกซ์(ประเทศไทย) จำกัด,8500000,น้ำแพร่,2564,หางดง
1427,การผลิตน้ำยาทำความสะอาด,เชียงใหม่,40000000,รายชื่อสถานประกอบการ,บริษัท เค.ซี.ซี.พี. 2011 กรุ๊ป จำกัด,0,ป่าบง,2564,สารภี
1428,ผลิตสบู่และเครื่องสำอางค์ สมุนไพร,เชียงใหม่,5000000,รายชื่อสถานประกอบการ,บริษัท เฮิร์บ เบสิคส์ จำกัด,0,หารแก้ว,2564,หางดง
1429,ผลิต-จำหน่าย เครื่องสำอาง อาหารเสริม สารสกัด,เชียงใหม่,5,รายชื่อสถานประกอบการ,บริษัท เอส.ที.ดี เมติกส์ จำกัด,31954217.27,หนองหาร,2564,สันทราย
1430,ผลิตพาราฟินแวกซ์,เชียงใหม่,13,รายชื่อสถานประกอบการ,บริษัท อุนนดา จำกัด,13500000,ป่าป้อง,2564,ดอยสะเก็ด
1431,ผลิตถ่านกัมมันต (ACTIVATED CARBON) และเครื่องกรองน้ำ,เชียงใหม่,7,รายชื่อสถานประกอบการ,พี เอ คาร์บอน,2100000,ตลาดใหญ่,2564,ดอยสะเก็ด
1432,ผลิตเทียนหอม,เชียงใหม่,90,รายชื่อสถานประกอบการ,บริษัท ที.ที.ที.แคนเดิล จำกัด,20050000,สันผักหวาน,2564,หางดง
1433,ทำเทียนหอมและเทียนไข,เชียงใหม่,1000000,รายชื่อสถานประกอบการ,บริษัท ดาเลี่ยน ทาเล้น โฮม เดคอร์(ไทย) จำกัด,0,บ้านกลาง,2564,สันป่าตอง
1434,ทำผลิตภัณฑ์นม,เชียงใหม่,1000000,รายชื่อสถานประกอบการ,บริษัท เชียงใหม่ เฟรชมิลค์ จำกัด,0,ท่าวังตาล,2564,สารภี
1435,ผลิตนมพลาสเจอร์ไรส์ และ ยู.เอช.ที,เชียงใหม่,0,รายชื่อสถานประกอบการ,บริษัท โกลด์มิลค์ จำกัด,0,ชมภู,2564,สารภี
1436,ผลิตแอสฟัลท์ติกคอนกรีต,เชียงใหม่,500000,รายชื่อสถานประกอบการ,ห้างหุ้นส่วนจำกัด ปราการวิศวะก่อสร้าง,0,แม่สูน,2564,ฝาง
1437,ผลิตแอสฟัลท์ติกคอนกรีต,เชียงใหม่,10000000,รายชื่อสถานประกอบการ,บริษัท อัครโยธิน จำกัด,0,บงตัน,2564,ดอยเต่า
1438,ผลิตแอสฟัลท์ติกคอนกรีต,เชียงใหม่,3000000,รายชื่อสถานประกอบการ,บริษัท เชียงใหม่ 49 คอนสตรัคชั่น จำกัด,0,มะขุนหวาน,2564,สันป่าตอง
1439,ผลิตแอสฟัลท์ติกคอนกรีต,เชียงใหม่,5000000,รายชื่อสถานประกอบการ,ห้างหุ้นส่วนจำกัด ขนุนแดงคอนสตรัคชั่น,0,เวียง,2564,ฝาง
1440,ผลิตแอสฟัลส์ติกคอนกรีต,เชียงใหม่,10000000,รายชื่อสถานประกอบการ,ห้างหุ้นส่วนจำกัด เชียงใหม่ศรีอัมภาการก่อสร้าง,0,น้ำแพร่,2564,หางดง
1441,ผลิตแอสฟัลท์ติกคอนกรีต,เชียงใหม่,6,รายชื่อสถานประกอบการ,บริษัท สุขุมการโยธา จำกัด,89048450,ฮอด,2564,ฮอด
1442,ผลิตแอสฟัลท์ติกคอนกรีต,เชียงใหม่,10000000,รายชื่อสถานประกอบการ,ห้างหุ้นส่วนจำกัด ธนะชัย แอสโซซิเอท,0,หนองหาร,2564,สันทราย
1443,ผลิตแอสฟัลติกคอนกรีต,เชียงใหม่,3,รายชื่อสถานประกอบการ,ห้างหุ้นส่วนจำกัด ธัญญลักษณ์เอ็นจิเนียริ่ง,30350000,บ้านกาด,2564,แม่วาง
1444,ผลิตแอสฟัลส์ติคคอนกรีต,เชียงใหม่,10000000,รายชื่อสถานประกอบการ,บริษัท อัครโยธิน จำกัด,0,ยางเปียง,2564,อมก๋อย
1445,ทำคอนกรีตแอสฟัลต์,เชียงใหม่,15,รายชื่อสถานประกอบการ,บริษัท เชียงใหม่สหวิศวโยธาการ จำกัด,21000000,ยางเนิ้ง,2564,สารภี
1446,โรงงานยางแอสฟัลท์ติกคอนกรีตผสมเสร็จ,เชียงใหม่,10000000,รายชื่อสถานประกอบการ,บริษัท เชียงใหม่ เอส.พี คอนสตรัคชั่น จำกัด,0,บวกค้าง,2564,สันกำแพง
1447,ผลิตแอสฟัลต์ติกคอนกรีต,เชียงใหม่,200000,รายชื่อสถานประกอบการ,บริษัท กาญจนาธุรกิจก่อสร้าง จำกัด,0,ร้องวัวแดง,2564,สันกำแพง
1448,ผลิตแอสฟัลท์ติกคอนกรีต,เชียงใหม่,10000000,รายชื่อสถานประกอบการ,บริษัท บลูแลนด์ เอ็นจิเนียริ่ง จำกัด,0,บ้านตาล,2564,ฮอด
1449,โรงงานผลิตแอสฟัลท์ติกคอนกรีต,เชียงใหม่,1000000,รายชื่อสถานประกอบการ,บริษัท เชียงใหม่ศรีสุนทร จำกัด,0,อินทขิล,2564,แม่แตง
1450,ผลิตแอสฟัลท์ติกคอนกรีต,เชียงใหม่,5000000,รายชื่อสถานประกอบการ,บริษัท ภาคเหนือวัสดุ จำกัด,0,ดอยหล่อ,2564,ดอยหล่อ
1451,ผลิตแอสฟัสท์ติกคอนกรีต,เชียงใหม่,16,รายชื่อสถานประกอบการ,ห้างหุ้นส่วนจำกัด ธนาทรัพย์การโยธา,30660000,ขี้เหล็ก,2564,แม่แตง
1452,ผลิตแอสฟัลท์ติกคอนกรีต,เชียงใหม่,2000000,รายชื่อสถานประกอบการ,บริษัท ทีแพค แอสฟัลท์ติก แอนด์ คอนกรีต จำกัด,0,ดอยหล่อ,2564,ดอยหล่อ
1453,ผลิตแอสฟัลต์ติกคอนกรีต,เชียงใหม่,1000000,รายชื่อสถานประกอบการ,บริษัท เชียงใหม่ สหศิลา จำกัด,0,ศรีดงเย็น,2564,ไชยปราการ
1454,ผลิตแอสฟัลติกคอนกรีต,เชียงใหม่,1000000,รายชื่อสถานประกอบการ,ห้างหุ้นส่วนจำกัด ลำธาร คอนสตรัคชั่น,0,ดอยหล่อ,2564,ดอยหล่อ
1455,ผลิตแอสฟัลท์ติกคอนกรีต,เชียงใหม่,10000000,รายชื่อสถานประกอบการ,บริษัท ภาคเหนือวัสดุ จำกัด,0,บ้านแอ่น,2564,ดอยเต่า
1456,ผลิตแอสฟิลท์ติกคอนกรีต,เชียงใหม่,3000000,รายชื่อสถานประกอบการ,ห้างหุ้นส่วนจำกัด เอ.เอ็น.วี. สำรวจและรังวัด,0,ขี้เหล็ก,2564,แม่ริม
1457,ผลิตแอสฟัลท์ติกคอนกรีต,เชียงใหม่,10000000,รายชื่อสถานประกอบการ,บริษัท ภาคเหนือวัสดุ จำกัด,0,บ้านแอ่น,2564,ดอยเต่า
1458,ผลิตแอสฟัลท์ติกคอนกรีต,เชียงใหม่,7,รายชื่อสถานประกอบการ,บริษัท อีเกิ้ล อิมพอร์ต แอนด์ เอ็กซ์พอร์ต อินเตอร์เนชั่นแนล จำกัด,38000000,บ้านแอ่น,2564,ดอยเต่า
1459,ผลิตซีนกันน้ำมัน,เชียงใหม่,300000,รายชื่อสถานประกอบการ,บริษัท อิเทอร์นัล เอ็นเตอร์ไพรส์ จำกัด,0,แม่เหียะ,2564,เมืองเชียงใหม่
1460,บดย่อยยางรถยนต์,เชียงใหม่,100000,รายชื่อสถานประกอบการ,บริษัท คอนติเนนตัล แพลทฟอร์ม (ไทยแลนด์) จำกัด,0,ดอนเปา,2564,แม่วาง
1461,ผลิตฟองน้ำ ตัดฟองน้ำ ทำชิ้นส่วนเครื่องเรือน,เชียงใหม่,2000000,รายชื่อสถานประกอบการ,บริษัท เคียงดอย โปรดักส์ จำกัด,0,ยุหว่า,2564,สันป่าตอง
1462,ผลิตอุปกรณ์ผ้าม่าน,เชียงใหม่,2000000,รายชื่อสถานประกอบการ,อี.พี.เดคคอร์ (ประเทศไทย),0,หนองหาร,2564,สันทราย
1463,"ทำผลิตภัณฑ์พลาสติก เช่น ขวด,แก้วน้ำ",เชียงใหม่,1000000,รายชื่อสถานประกอบการ,พลาสติกเก้ายอด,0,สง่าบ้าน,2564,ดอยสะเก็ด
1464,ทำถุงพลาสติก,เชียงใหม่,2100000,รายชื่อสถานประกอบการ,ยิ้มเจริญพลาสติก,0,ป่าไผ่,2564,สันทราย
1465,ผลิตถุงพลาสติก,เชียงใหม่,15,รายชื่อสถานประกอบการ,ห้างหุ้นส่วนจำกัด บุญตาอุตสาหกรรมพลาสติก,4500000,ดอนแก้ว,2564,สารภี
1466,ผลิตผลิตภัณฑ์พลาสติก,เชียงใหม่,4000000,รายชื่อสถานประกอบการ,บริษัท รวมเเพคส์ พลาสติก จำกัด,0,สารภี,2564,สารภี
1467,ผลิตถังน้ำและถังบำบัดน้ำเสีย,เชียงใหม่,2000000,รายชื่อสถานประกอบการ,บริษัท เจริญมิตรเชียงใหม่ จำกัด,0,แช่ช้าง,2564,สันกำแพง
1468,ผลิตกระสอบสานพลาสติก,เชียงใหม่,4000000,รายชื่อสถานประกอบการ,ล้านนาโพลีแซค,0,แม่แฝก,2564,สันทราย
1469,ผลิตกระสอบสานพลาสติก,เชียงใหม่,4000000,รายชื่อสถานประกอบการ,บริษัท เดอ คอนสตรัคชั่น จำกัด,0,แม่แฝก,2564,สันทราย
1470,ทำพลาสติกเม็ดและทำถุงพลาสติก,เชียงใหม่,18,รายชื่อสถานประกอบการ,นิศารัตน์ พลาสติก,3700000,สันกำแพง,2564,สันกำแพง
1471,ผลิตภาชนะเครื่องใช้และผลิตภัณฑ์ที่เกี่ยวกับพลาสติกทุกชนิด,เชียงใหม่,1000000,รายชื่อสถานประกอบการ,บริษัท จิ้น ลี่ จำกัด,0,ขุนคง,2564,หางดง
1472,ทำพลาสติกเป็นเม็ด และเป็นชิ้น,เชียงใหม่,1000000,รายชื่อสถานประกอบการ,ห้างหุ้นส่วนจำกัด อโนทัยพลาสติก,0,ห้วยทราย,2564,แม่ริม
1473,การล้าง บด หรือย่อยพลาสติก,เชียงใหม่,4000000,รายชื่อสถานประกอบการ,พรพรรณพานิช,0,บวกค้าง,2564,สันกำแพง
1474,บีบ อัด บด ล้าง หรือ ย่อยพลาสติก,เชียงใหม่,1500000,รายชื่อสถานประกอบการ,บริษัท สแคร็พไทยรีไซเคิล(พลาสติก) จำกัด,0,ดอยหล่อ,2564,ดอยหล่อ
1475,"ล้าง,บด,ย่อย,พลาสติก",เชียงใหม่,16,รายชื่อสถานประกอบการ,Yong Shein Plastic Recycle Ordinary Partnership,2750000,ขี้เหล็ก,2564,แม่ริม
1476,ล้าง บด หรือย่อยพลาสติก,เชียงใหม่,2000000,รายชื่อสถานประกอบการ,บริษัท ล้านนา เอ็น-โพลีเมอร์ จำกัด,0,บวกค้าง,2564,สันกำแพง
1477,ล้าง บด ย่อยพลาสติก,เชียงใหม่,3000000,รายชื่อสถานประกอบการ,บริษัท พงศ์พสิษฐ์ จำกัด,0,บ้านกลาง,2564,สันป่าตอง
1478,บดย่อยพลาสติก,เชียงใหม่,14,รายชื่อสถานประกอบการ,โรงโม่พลาสติกแม่วาง,4100000,ดอนเปา,2564,แม่วาง
1479,ผลิตลูกปัดแก้ว,เชียงใหม่,1182000,รายชื่อสถานประกอบการ,บริษัท อาร์ เอ็ม ซี เจมส์ ไทย จำกัด,0,ทรายมูล,2564,สันกำแพง
1480,เครื่องเคลือบดินเผา,เชียงใหม่,100000,รายชื่อสถานประกอบการ,เจียงดินเซรามิค,0,หนองป่าครั่ง,2564,เมืองเชียงใหม่
1481,ทำเครื่องเคลือบดินเผา,เชียงใหม่,200000,รายชื่อสถานประกอบการ,บริษัท สยามศิลาดล พอตเทอรี่ จำกัด,0,ต้นเปา,2564,สันกำแพง
1482,ทำเครื่องปั๊มดินเผา,เชียงใหม่,4500000,รายชื่อสถานประกอบการ,บริษัท สโตนสเคปส์ จำกัด,0,น้ำแพร่,2564,หางดง
1483,ทำเครื่องปั้นดินเผา,เชียงใหม่,1000000,รายชื่อสถานประกอบการ,ห้างหุ้นส่วนจำกัด เชียงใหม่เซลาดอน (2015),0,ป่าป้อง,2564,ดอยสะเก็ด
1484,ผลิตและจำหน่ายเครื่องปั้นดินเผาประเภทสุขภัณฑ์ในห้องน้ำ,เชียงใหม่,200000,รายชื่อสถานประกอบการ,บริษัท แกรนด์ เซรามิค จำกัด,0,สันกำแพง,2564,สันกำแพง
1485,ผลิตเครื่องเซรามิค,เชียงใหม่,763487,รายชื่อสถานประกอบการ,บริษัท เชียงใหม่ พอร์สเลน จำกัด,0,บ้านแหวน,2564,หางดง
1486,ผลิตเซรามิค เครื่องประดับ,เชียงใหม่,4100000,รายชื่อสถานประกอบการ,บริษัท ซี เอ็ม เซรามิค เชียงใหม่(ประเทศไทย) จำกัด,0,สันติสุข,2564,ดอยหล่อ
1487,ทำเครื่องปั้นดินเผา,เชียงใหม่,22,รายชื่อสถานประกอบการ,แม่ริมเซรามิคสตูดิโอ,6000000,ดอนแก้ว,2564,แม่ริม
1488,ทำเซรามิค,เชียงใหม่,50000,รายชื่อสถานประกอบการ,ห้างหุ้นส่วนจำกัด ณ. นวอินเตอร์เนชั่นแนล,0,ยางเนิ้ง,2564,สารภี
1489,"ผลิตเครื่องปั้นดินเผา ,เครื่องเคลือบ ,เซรามิก",เชียงใหม่,1000000,รายชื่อสถานประกอบการ,บริษัท กษมา พอทเทอรี่ จำกัด,0,สันนาเม็ง,2564,สันทราย
1490,ผลิตเครื่องปั้นดินเผาเคลือบศิลาดล,เชียงใหม่,9500000,รายชื่อสถานประกอบการ,เตาเม็งราย,0,ต้นเปา,2564,สันกำแพง
1491,ทำอิฐ ดินเผา,เชียงใหม่,300000,รายชื่อสถานประกอบการ,เบิ้มอิฐก่อ,0,บ้านแม,2564,สันป่าตอง
1492,ผลิตอิฐดินเผา,เชียงใหม่,3000000,รายชื่อสถานประกอบการ,บริษัท ปัทมเพชร จำกัด,0,ข่วงเปา,2564,จอมทอง
1493,อิฐดินเผา,เชียงใหม่,10,รายชื่อสถานประกอบการ,อิฐคำปัน,2100000,แม่สาว,2564,แม่อาย
1494,ทำอิฐดินเผา,เชียงใหม่,500000,รายชื่อสถานประกอบการ,อิฐคำปัน,0,แม่สาว,2564,แม่อาย
1495,ทำอิฐ,เชียงใหม่,0,รายชื่อสถานประกอบการ,อิฐชัยวัฒนา,0,หนองควาย,2564,หางดง
1496,ผลิตและจำหน่ายอิฐมอญ,เชียงใหม่,100000,รายชื่อสถานประกอบการ,อิฐสุขใจ,0,แม่สาว,2564,แม่อาย
1497,ผลิตและจำหน่วยอิฐมอญ,เชียงใหม่,26,รายชื่อสถานประกอบการ,นายจันทร์ทิพย์ โกช่วย,3144000,แม่สาว,2564,แม่อาย
1498,ทำผลิตภัณฑ์จากการผสมปูนปลาสเตอร์ เช่น ฟันปลอม,เชียงใหม่,166,รายชื่อสถานประกอบการ,บริษัท เอ็กซา ซีแลม จำกัด,8800000,สันพระเนตร,2564,สันทราย
1499,ทำผลิตภัณฑ์คอนกรีต เช่น เสาเข็ม แผ่นพื้น เสารั้วคอนกรีตอัดแรง,เชียงใหม่,500000,รายชื่อสถานประกอบการ,บริษัท ดอยสะเก็ดคอนกรีต จำกัด,0,ลวงเหนือ,2564,ดอยสะเก็ด
1500,ทำคอนกรีตผสมเสร็จ,เชียงใหม่,5000000,รายชื่อสถานประกอบการ,บริษัท คิวมิกซ์ซัพพลาย จำกัด,0,ชมภู,2564,สารภี
1501,ทำผลิตภัณฑ์คอนกรีต คอนกรีตผสมเสร็จ,เชียงใหม่,500000,รายชื่อสถานประกอบการ,บริษัท เอส เอ็น คอนกรีต จำกัด,0,เวียง,2564,ฝาง
1502,ทำผลิตภัณฑ์คอนกรีต เช่น ท่อระบายน้ำ เสา,เชียงใหม่,500000,รายชื่อสถานประกอบการ,ห้างหุ้นส่วนจำกัด เชียงใหม่ ส.วิศวการ คอนกรีต,0,ช้างเผือก,2564,เมืองเชียงใหม่
1503,ผลิตคอนกรีตผสมเสร็จ,เชียงใหม่,1000000,รายชื่อสถานประกอบการ,โรงงานคอนกรีตผสมเสร็จ ฮอด,0,หางดง,2564,ฮอด
1504,ผลิตและจำหน่ายท่อคอนกรีตอัดแรง และผลิตภัฒฑ์จากคอนกรีต,เชียงใหม่,1500000,รายชื่อสถานประกอบการ,บริษัท พี.คอนกรีตโปรดักส์ จำกัด,0,บวกค้าง,2564,สันกำแพง
1505,ผลิตคอนกรีตผสมเสร็จ,เชียงใหม่,4000000,รายชื่อสถานประกอบการ,บริษัท นครหลวงคอนกรีต จำกัด,0,ท่าวังตาล,2564,สารภี
1506,ผลิตคอนกรีตผสมเสร็จ,เชียงใหม่,0,รายชื่อสถานประกอบการ,หน่วยผลิตคอนกรีต เชียงใหม่,0,เชิงดอย,2564,ดอยสะเก็ด
1507,ผลิตคอนกรีตผสมเสร็จ,เชียงใหม่,2000000,รายชื่อสถานประกอบการ,บริษัท นครพลวงคอนกรีต จำกัด,0,สันปูเลย,2564,ดอยสะเก็ด
1508,ผลิตคอนกรีตผสมเสร็จ,เชียงใหม่,10000000,รายชื่อสถานประกอบการ,ห้างหุ้นส่วนจำกัด พี.ดีบบลิว.เอส คอนกรีต,0,หนองจ๊อม,2564,สันทราย
1509,ทำผลิตภัณฑ์คอนกรีต และทำอิฐดินเผา,เชียงใหม่,25,รายชื่อสถานประกอบการ,อิฐวังตาล,6500000,ยุหว่า,2564,สันป่าตอง
1510,ผลิตและจำหน่ายผลิตภัณฑ์คอนกรีตผสมเสร็จทุกชนิด,เชียงใหม่,5000000,รายชื่อสถานประกอบการ,บริษัท พี พี เอส คอนกรีต จำกัด สาขาดอยสะเก็ด,0,เชิงดอย,2564,ดอยสะเก็ด
1511,ผลิตผลิตภัณฑ์จากคอนกรีต เช่น ท่อคอนกรีต,เชียงใหม่,500000,รายชื่อสถานประกอบการ,ท่ออัดแรง เอสดับบลิว (สมหวัง),0,สันกำแพง,2564,สันกำแพง
1512,ทำผลิตภัณฑ์คอนกรีตผสมเสร็จ เช่น แผ่นพื้นสำเร็จ,เชียงใหม่,4,รายชื่อสถานประกอบการ,บริษัท บูรพาคอนกรีต แอนด์คอนสตรัคชั่น จำกัด,18200000,เชิงดอย,2564,ดอยสะเก็ด
1513,ผลิตภัณฑ์คอนกรีต เช่น เสาเข็ม แผ่นพื้น เสารั้วคอนกรีตอัดแรง ฯลฯ และคอนกรีตผสมเสร็จ,เชียงใหม่,13,รายชื่อสถานประกอบการ,ห้างหุ้นส่วนจำกัด ประภาสถามดี การช่าง (ผลิตภัณฑ์คอนกรีต),26000000,ขี้เหล็ก,2564,แม่ริม
1514,ผลิตคอนกรีตผสมเสร็จ,เชียงใหม่,1000000,รายชื่อสถานประกอบการ,ห้างหุ้นส่วนจำกัด ประสิทธิ์คอนสตรัคชั่นแอนด์ดีไซน์,0,แม่นาวาง,2564,แม่อาย
1515,ผลิตคอนกรีตผสมเสร็จ,เชียงใหม่,4,รายชื่อสถานประกอบการ,บริษัท ภาคเหนือวัสดุ จำกัด,12830000,บ้านแอ่น,2564,ดอยเต่า
1516,ผลิตคอนกรีตผสมเสร็จและผลิตภัณฑ์คอนกรีต,เชียงใหม่,11,รายชื่อสถานประกอบการ,ห้างหุ้นส่วนจำกัด ที เอ็น ดับเบิ้ลยู เชียงดาวก่อสร้าง,6000000,เชียงดาว,2564,เชียงดาว
1517,ผลิตคอนกรีตผสมเสร็จ,เชียงใหม่,4,รายชื่อสถานประกอบการ,โรงงานคอนกรีตผสมเสร็จ เชียงใหม่-ดอยสะเก็ด,10500000,เชิงดอย,2564,ดอยสะเก็ด
1518,ผลิตคอนกรีตผสมเสร็จ,เชียงใหม่,600000,รายชื่อสถานประกอบการ,โรงงานคอนกรีตผสมเสร็จ เชียงใหม่-สันผีเสื้อ,0,สันผีเสื้อ,2564,เมืองเชียงใหม่
1519,ผลิตคอนกรีตผสมเสร็จ,เชียงใหม่,10600000,รายชื่อสถานประกอบการ,โรงงานคอนกรีตผสมเสร็จ เชียงใหม่-ดอยหล่อ,0,สองแคว,2564,ดอยหล่อ
1520,ผลิตคอนกรีตผสมเสร็จ,เชียงใหม่,0,รายชื่อสถานประกอบการ,บริษัท เสรี ภู่พิสิฐ จำกัด,0,ข่วงเปา,2564,จอมทอง
1521,ผลิตคอนกรีตผสมเสร็จ,เชียงใหม่,18,รายชื่อสถานประกอบการ,บริษัท ยู เอส พรีคาสท์ คอนกรีต จำกัด,25000000,แม่แฝกใหม่,2564,สันทราย
1522,ผลิตคอนกรีตผสมเสร็จ,เชียงใหม่,4,รายชื่อสถานประกอบการ,บริษัท พี พี เอส คอนกรีต จำกัด (สาขาฮอด),11300000,บ้านแปะ,2564,จอมทอง
1523,ผลิตภัณฑ์คอนกรีตผสมเสร็จ ผลิตแผ่นพื้นสำเร็จท้องเรียบ คสล. และเสาเข็มอัดแรง คสล.ซีเแพค,เชียงใหม่,2000000,รายชื่อสถานประกอบการ,ห้างหุ้นส่วนจำกัด เรืองชัยคอนกรีต,0,เวียง,2564,ฝาง
1524,ทำคอนกรีตผสมเสร็จ และผลิตภัณฑ์คอนกรีต เช่น เสา แผ่นพื้น ท่อ และอิฐบล๊อก,เชียงใหม่,500000,รายชื่อสถานประกอบการ,บริษัท พี.พี.เอส คอนกรีต จำกัด,0,ข่วงเปา,2564,จอมทอง
1525,ผลิตคอนกรีตผสมเสร็จ,เชียงใหม่,600000,รายชื่อสถานประกอบการ,โรงงานคอนกรีตผสมเสร็จ เชียงใหม่-สารภี,0,สารภี,2564,สารภี
1526,ผลิตคอนกรีตผสมเสร็จ,เชียงใหม่,10000000,รายชื่อสถานประกอบการ,บริษัท คิวมิกซ์ซัพพลาย จำกัด,0,หางดง,2564,หางดง
1527,ผลิตคอนกรีตผสมเสร็จ,เชียงใหม่,600000,รายชื่อสถานประกอบการ,โรงงานคอนกรีตผสมเสร็จ แม่ริม,0,ขี้เหล็ก,2564,แม่แตง
1528,ผลิตภัณฑ์คอนกรีตผสมเสร็จ,เชียงใหม่,1000000,รายชื่อสถานประกอบการ,บริษัท พี-มิกซ์ โปรดักส์ จำกัด,0,สบเตี๊ยะ,2564,จอมทอง
1529,ผลิตคอนกรีตผสมเสร็จ,เชียงใหม่,10,รายชื่อสถานประกอบการ,บริษัท เชียงใหม่ 49 คอนสตรัคชั่น จำกัด,10601000,มะขุนหวาน,2564,สันป่าตอง
1530,ผลิตคอนกรีตผสมเสร็จ,เชียงใหม่,3,รายชื่อสถานประกอบการ,โรงงานคอนกรีตผสมเสร็จ เชียงใหม่-สันกำแพง,3000000,แช่ช้าง,2564,สันกำแพง
1531,ผลิตคอนกรีตผสมเสร็จ,เชียงใหม่,6000000,รายชื่อสถานประกอบการ,บริษัท ไจก้าคอนกรีต จำกัด,0,เชียงดาว,2564,เชียงดาว
1532,ผลิตคอนกรีตผสมเสร็จ และผลิตภัณฑ์คอนกรีต,เชียงใหม่,10,รายชื่อสถานประกอบการ,บริษัท อุดมธนา จำกัด,25000000,สันทราย,2564,ฝาง
1533,ผลิตภัณฑ์คอนกรีตผสมเสร็จ,เชียงใหม่,1000000,รายชื่อสถานประกอบการ,ห้างหุ้นส่วนจำกัด เรืองชัยคอนกรีต,0,สันทราย,2564,ฝาง
1534,ผลิตภัณฑ์คอนกรีตผสมเสร็จ,เชียงใหม่,2000000,รายชื่อสถานประกอบการ,คอนกรีต881,0,ท่าวังพร้าว,2564,สันป่าตอง
1535,ผลิตคอนกรีตผสมเสร็จ,เชียงใหม่,600000,รายชื่อสถานประกอบการ,โรงงานคอนกรีตผสมเสร็จ เชียงใหม่-สันปูเลย,0,สันปูเลย,2564,ดอยสะเก็ด
1536,ผลิตคอนกรีตผสมเสร็จ,เชียงใหม่,1000000,รายชื่อสถานประกอบการ,บริษัท อีเกิ้ล อิมพอร์ต แอนด์ เอ็กซ์พอร์ต อินเตอร์เนชั่นแนล จำกัด,0,บ้านแอ่น,2564,ดอยเต่า
1537,ผลิตและจำหน่ายผลิตภัณฑ์คอนกรีตผสมเสร็จทุกชนิด,เชียงใหม่,7,รายชื่อสถานประกอบการ,บริษัท พี พี เอส คอนกรีต จำกัด,19000000,ท่าวังตาล,2564,สารภี
1538,เกี่ยวกับการผลิตและจำหน่ายอิฐมวลเบา,เชียงใหม่,5000000,รายชื่อสถานประกอบการ,โรงงานผลิตอิฐมวลเบา SLP,0,เมืองเล็น,2564,สันทราย
1539,ผลิต จำหน่าย คอนกรีตผสมเสร็จ,เชียงใหม่,0,รายชื่อสถานประกอบการ,บริษัท พี.ที.คอนกรีต เชียงใหม่ จำกัด,0,แม่สูน,2564,ฝาง
1540,ผลิตคอนกรีตผสมเสร็จ,เชียงใหม่,20000000,รายชื่อสถานประกอบการ,โรงงานคอนกรีตผสมเสร็จ สันทราย,0,หนองหาร,2564,สันทราย
1541,ผลิตคอนกรีตผสมเสร็จ,เชียงใหม่,600000,รายชื่อสถานประกอบการ,โรงงานคอนกรีตผสมเสร็จ เชียงใหม่-แม่โจ้,0,หนองจ๊อม,2564,สันทราย
1542,ผลิตคอนกรีตผสมเสร็จ,เชียงใหม่,2000000,รายชื่อสถานประกอบการ,ห้างหุ้นส่วนจำกัด ทวิภัณฑ์ฮอดคอนกรีต,0,ข่วงเปา,2564,จอมทอง
1543,ผลิตคอนกรีตผสมเสร็จ,เชียงใหม่,0,รายชื่อสถานประกอบการ,บริษัท นครหลวงคอนกรีต จำกัด,0,หนองหาร,2564,สันทราย
1544,คอนกรีตผสมเสร็จ,เชียงใหม่,3,รายชื่อสถานประกอบการ,บริษัท เอ็นเอสคอนกรีต จำกัด,16900000,สันพระเนตร,2564,สันทราย
1545,ผลิตคอนกรีตผสมเสร็จและผลิตภัณฑ์จากคอนกรีต,เชียงใหม่,5000000,รายชื่อสถานประกอบการ,บริษัท จงธนา อินเตอร์เนชั่นแนล จำกัด,0,แม่ข่า,2564,ฝาง
1546,ผลิตและจำหน่ายคอนกรีตผสมเสร็จ,เชียงใหม่,1000000,รายชื่อสถานประกอบการ,บริษัท ฒิลา ค้าวัสดุก่อสร้าง จำกัด,0,แม่นะ,2564,เชียงดาว
1547,ผลิตภัณฑ์คอนกรีตผสมเสร็จ,เชียงใหม่,1000000,รายชื่อสถานประกอบการ,พีมิกซ์,0,แช่ช้าง,2564,สันกำแพง
1548,ผลิตคอนกรีตผสมเสร็จ,เชียงใหม่,1,รายชื่อสถานประกอบการ,ห้างหุ้นส่วนจำกัด บุญพลกิจ คอนกรีต,6400000,ป่าตุ้ม,2564,พร้าว
1549,คอนกรีตผสมเสร็จ,เชียงใหม่,1000000,รายชื่อสถานประกอบการ,ห้างหุ้นส่วนจำกัด พี.ดับบลิว.เอส.คอนกรีต,0,น้ำแพร่,2564,หางดง
1550,ผลิตคอนกรีตผสมเสร็จ ทำผลิตภัณฑ์คอนกรีต และคอนกรีตอัดแรง,เชียงใหม่,1000000,รายชื่อสถานประกอบการ,กมลคอนกรีต,0,มะลิกา,2564,แม่อาย
1551,ทำผลิตภัณฑ์คอนกรีต เช่น เสา ท่อ คอนกรีตบล๊อก,เชียงใหม่,10,รายชื่อสถานประกอบการ,ห้างหุ้นส่วนจำกัด ส.สายปายค้าวัสดุและปิโตรเลียม,490000,สบเปิง,2564,แม่แตง
1552,ผลิตคอนกรีตผสมเสร็จ,เชียงใหม่,1000000,รายชื่อสถานประกอบการ,ห้างหุ้นส่วนจำกัด เอ็ม.อาร์.ซี.แม่ริมคอนกรีต,0,สันโป่ง,2564,แม่ริม
1553,ผลิตและจำหน่ายผลิตภัณฑ์คอนกรีตผสมเสร็จทุกชนิด,เชียงใหม่,6,รายชื่อสถานประกอบการ,บริษัท พี พี เอส คอนกรีต จำกัด,11700000,ท่าวังพร้าว,2564,สันป่าตอง
1554,ผลิตภัณฑ์คอนกรีต เช่น อิฐบล๊อค เสา และอื่นๆ,เชียงใหม่,0,รายชื่อสถานประกอบการ,ห้างหุ้นส่วนจำกัด บุญพลกิจ คอนกรีต,0,ป่าตุ้ม,2564,พร้าว
1555,ผลิตภัณฑ์คอนกรีตผสมเสร็จ,เชียงใหม่,1000000,รายชื่อสถานประกอบการ,ห้างหุ้นส่วนจำกัด เรืองชัยคอนกรีต,0,ศรีดงเย็น,2564,ไชยปราการ
1556,ผลิตคอนกรีตผสมเสร็จ,เชียงใหม่,22000000,รายชื่อสถานประกอบการ,บริษัท นครหลวงคอนกรีต จำกัด,0,ยางเนิ้ง,2564,สารภี
1557,ผลิตคอนกรีตผสมเสร็จ,เชียงใหม่,5000000,รายชื่อสถานประกอบการ,บริษัท เอส ซี พี คอนกรีต จำกัด,0,ท่าวังตาล,2564,สารภี
1558,ผลิตคอนกรีตผสมเสร็จ,เชียงใหม่,1000000,รายชื่อสถานประกอบการ,บริษัท ภาคเหนือวัสดุ จำกัด,0,ดอยหล่อ,2564,ดอยหล่อ
1559,ผลิตคอนกรีตผสมเสร็จ,เชียงใหม่,10,รายชื่อสถานประกอบการ,บริษัท ทีแอนด์ซี คอนกรีต จำกัด,31000000,ออนกลาง,2564,แม่ออน
1560,หล่อพระพุทธรูป,เชียงใหม่,500000,รายชื่อสถานประกอบการ,ห้างหุ้นส่วนจำกัด โรงหล่อ กุลวัฒนา,0,แม่ปูคา,2564,สันกำแพง
1561,ผลิตเตาเผาขยะ เครื่องคัดขยะ,เชียงใหม่,3000000,รายชื่อสถานประกอบการ,บริษัท พลอยไพลิน กรีน เวิลด์ จำกัด,0,บ้านกลาง,2564,สันป่าตอง
1562,ทำเครื่องเรือนจากโลหะ ท่อระบบเครื่องปรับอากาศและรางน้ำ,เชียงใหม่,27,รายชื่อสถานประกอบการ,ช้างเผือกกิจการช่าง(วัสดุ),10647000,แม่เหียะ,2564,เมืองเชียงใหม่
1563,ทำโครงหลังคา วงกบประตูหน้าต่างเหล็ก,เชียงใหม่,500000,รายชื่อสถานประกอบการ,บริษัท สตีล เกรด จำกัด,0,สันพระเนตร,2564,สันทราย
1564,ประกอบถังน้ำสแตนเลส,เชียงใหม่,2000000,รายชื่อสถานประกอบการ,บริษัท ภัทรอุดร จำกัด,0,หางดง,2564,หางดง
1565,ผลิตลวดตาข่ายดัก เกเบียน และ แมทเทรส,เชียงใหม่,62,รายชื่อสถานประกอบการ,บริษัท เกเบี้ยน โปรดักส์ (ไทยแลนด์) จำกัด,20000000,ท่าวังตาล,2564,สารภี
1566,ผลิตและจำหน่ายกล่องเกเบี้ยน แมทเทรส,เชียงใหม่,30,รายชื่อสถานประกอบการ,บริษัท เกเบี้ยน โปรดักส์ แอนด์ ซัพพลาย จำกัด,9000000,ดอยหล่อ,2564,ดอยหล่อ
1567,ทำถัง เชื่อม ม้วน และตัดโลหะ,เชียงใหม่,5,รายชื่อสถานประกอบการ,อู่ช่างน้อย,5800000,ท่าวังตาล,2564,สารภี
1568,ผลิตชิ้นส่วน ประตู-หน้าต่างโลหะสำหรับอาคาร,เชียงใหม่,1000000,รายชื่อสถานประกอบการ,บริษัท เชียงใหม่ประตูม้วน จำกัด,0,สารภี,2564,สารภี
1569,"ทำหลังคาเหล็ก, ประตู",เชียงใหม่,9000000,รายชื่อสถานประกอบการ,บี.เค.เม็ททอล ชีท (เชียงใหม่),0,สารภี,2564,สารภี
1570,ทำประตู - หน้าต่างเหล็ก โครงหลังคา และรางน้ำฝน,เชียงใหม่,50000,รายชื่อสถานประกอบการ,ประดิษฐ์การช่าง,0,หนองป่าครั่ง,2564,เมืองเชียงใหม่
1571,ผลิตแผ่นเหล็กรีดรอน,เชียงใหม่,5000000,รายชื่อสถานประกอบการ,บริษัท มั่นคง เมทอล จำกัด,0,เหมืองแก้ว,2564,แม่ริม
1572,ทำผลิตภัณฑ์เกี่ยวกับโลหะและอุปกรณ์ทางการแพทย์,เชียงใหม่,11,รายชื่อสถานประกอบการ,ห้างหุ้นส่วนจำกัด จิระเมธวิศวกรรม,1200000,สันมหาพน,2564,แม่แตง
1573,อัดเศษโลหะ,เชียงใหม่,1000000,รายชื่อสถานประกอบการ,บริษัท บ่อสร้างโลหะกิจ,0,ต้นเปา,2564,สันกำแพง
1574,"การตัด,พับ,ม้วน หรือเชื่อมโลหะ",เชียงใหม่,300000,รายชื่อสถานประกอบการ,บริษัท พี.ดี.เอส.เชียงใหม่วิศวกรรม จำกัด,0,สารภี,2564,สารภี
1575,"ตัด, ม้วน, เชื่อมโลหะ",เชียงใหม่,9,รายชื่อสถานประกอบการ,จิตรการช่าง,550000,ยุหว่า,2564,สันป่าตอง
1576,ตัด พับ เชื่อมโลหะ,เชียงใหม่,6,รายชื่อสถานประกอบการ,อุดมการช่าง,4300000,ท่าวังพร้าว,2564,สันป่าตอง
1577,ตัด พับ ม้วนโลหะ กลึง เจาะ คว้าน กัด ไส เจียน หรือเชื่อมโลหะทั่วไป,เชียงใหม่,30,รายชื่อสถานประกอบการ,บริษัท จอมทองอุตสาหกรรม จำกัด สาขา 00001,6000000,ข่วงเปา,2564,จอมทอง
1578,ตัด พับ ม้วนโลหะ กลึง เจาะ คว้าน กัด ไส เจียน หรือเชื่อมโลหะทั่วไป,เชียงใหม่,25,รายชื่อสถานประกอบการ,บริษัท จอมทองอุตสาหกรรม จำกัด,5000000,ข่วงเปา,2564,จอมทอง
1579,ประกอบกิจการเกี่ยวกับผลิตภัณฑ์โลหะ มุ้งลวด เหล็กดัด ประตู หน้าต่าง และตัดเย็บผ้าม่าน,เชียงใหม่,28,รายชื่อสถานประกอบการ,เก้าอลูมิเนียม,7150000,แม่คือ,2564,ดอยสะเก็ด
1580,การตัด พับ ม้วน กลึง เจาะ คว้าน กัด ไส โลหะและทำชิ้นส่วนหรืออุปกรณ์ของผลิตภัณฑ์โลหะ,เชียงใหม่,10,รายชื่อสถานประกอบการ,ห้างหุ้นส่วนจำกัด ประภาสถามดี การช่าง,26000000,ขี้เหล็ก,2564,แม่ริม
1581,กลึงโลหะ ซ่อมเครื่องจักรกล,เชียงใหม่,8,รายชื่อสถานประกอบการ,ห้างหุ้นส่วนจำกัด เชียงใหม่ภู่่เจริญไพศาล,1900000,มะลิกา,2564,แม่อาย
1582,"กลึง,เจาะ,คว้าน,กัด,ไส,เชื่อมโลหะทั่วไปและซ่อมอุปกรณ์ชิ้นส่วนเครื่องยนต์",เชียงใหม่,800000,รายชื่อสถานประกอบการ,บริษัท นครพิงค์ แมชชีน ช๊อพ จำกัด,0,หนองป่าครั่ง,2564,เมืองเชียงใหม่
1583,กลึง เชื่อม เจาะโลหะ,เชียงใหม่,1000000,รายชื่อสถานประกอบการ,บริษัท เสรี จอมทอง จำกัด,0,ข่วงเปา,2564,จอมทอง
1584,"กลึง,เจาะ,คว้าน,ไส หรือเชื่อมโลหะ",เชียงใหม่,2000000,รายชื่อสถานประกอบการ,นายสมภพ รัตนพันธ์,0,สันทราย,2564,ฝาง
1585,กลึง เจาะ กว้าน ไส เชื่อมโลหะ ผลิตหรือซ่อมแซมส่วนประกอบหรือ อุปกรณ์ของเครื่องยนต์,เชียงใหม่,18,รายชื่อสถานประกอบการ,บริษัท นครพิงค์ แมชชีน ช๊อพ จำกัด,6000000,หนองป่าครั่ง,2564,เมืองเชียงใหม่
1586,ทำเครื่องกรองน้ำ ประกอบถังน้ำ ซ่อมเครื่องสูบน้ำ ร่อนและผสมทรายกรองน้ำ,เชียงใหม่,25,รายชื่อสถานประกอบการ,ห้างหุ้นส่วนจำกัด ลานาลิติค วอเตอร์เวอร์ค,2710000,หนองหาร,2564,สันทราย
1587,ผลิตหรือซ่อมแซมชิ้นส่วนเครื่องยนต์ กลึง เจาะ คว้าน ไส เชื่อมโลหะ,เชียงใหม่,1000000,รายชื่อสถานประกอบการ,บริษัท นครพิงค์ แมชชีน ช๊อพ จำกัด,0,หนองป่าครั่ง,2564,เมืองเชียงใหม่
1588,ซ่อมรถแทรกเตอร์,เชียงใหม่,400000,รายชื่อสถานประกอบการ,ห้างหุ้นส่วนจำกัด เชียงใหม่มหกิจ,0,ท่าวังตาล,2564,สารภี
1589,"ประกอบเครื่องทำน้ำเย็น, ตู้เย็น, ตู้แช่",เชียงใหม่,2000000,รายชื่อสถานประกอบการ,บริษัท แปดริ้วเครื่องเย็นเชียงใหม่ (1994) จำกัด,0,ท่าศาลา,2564,เมืองเชียงใหม่
1590,"กลึง, เชื่อมโลหะ, ทำพัดลม, และเครื่องระบายอากาศ",เชียงใหม่,100000,รายชื่อสถานประกอบการ,ศูนย์พัดลม โลหะกิจ,0,แม่เหียะ,2564,เมืองเชียงใหม่
1591,ผลิต และประกอบแผงวงจรอิเล็กทรอนิกส์,เชียงใหม่,10000000,รายชื่อสถานประกอบการ,บริษัท อีซียู ช็อป 1 จำกัด,0,แม่คือ,2564,ดอยสะเก็ด
1592,ผลิตแผงวงจรอิเล็กทรอนิกส์,เชียงใหม่,237,รายชื่อสถานประกอบการ,บริษัท บลูชิพส์ไมโครเฮ้าส์ จำกัด,3815000,แช่ช้าง,2564,สันกำแพง
1593,ผลิตอุปกรณ์อิเล็กทรอนิกส์สำหรับควบคุมแสงสว่าง,เชียงใหม่,4000000,รายชื่อสถานประกอบการ,บริษัท ฟิวทรอนิคส์ (ประเทศไทย) จำกัด,0,ต้นเปา,2564,สันกำแพง
1594,"ผลิตสายไฟฟ้าเชื่อมต่อวงจร,ผลิตส่วนประกอบเครื่องปรับอากาศ,กลึง เจาะคว้าน ตัด ไส เจรียร หรือเชื่อมโลหะ",เชียงใหม่,23,รายชื่อสถานประกอบการ,บริษัท ไทย ทาคาโนมิซิ จำกัด,14000000,ชมภู,2564,สารภี
1595,"ผลิตอุปกรณ์ไฟฟ้า,สวิตซ์ไฟฟ้า,อุปกรณ์ที่ใช้กับสายไฟ,แผงวงจรประกอบทางไฟฟ้า",เชียงใหม่,171,รายชื่อสถานประกอบการ,บริษัท แอดวานซ์ไอดี เอเชีย เอ็นจิเนียร์ริ่ง จำกัด,34600000,แม่คือ,2564,ดอยสะเก็ด
1596,โรงงานประกอบกิจการเกี่ยวกับรถยนต์ รถพ่วง ทำชิ้นส่วนพิเศษ ซ่อมแซมยานที่ขับเคลื่อนด้วยเครื่องยนต์,เชียงใหม่,8,รายชื่อสถานประกอบการ,ห้างหุ้นส่วนจำกัด พี.ดับบลิว.เอส.คอนสตรัคชั่น,8900000,น้ำแพร่,2564,หางดง
1597,ผลิตอาหารเสริมสุขภาพสำหรับคนและสัตว์,เชียงใหม่,1000000,รายชื่อสถานประกอบการ,บริษัท กรีนไดมอนด์ จำกัด,0,ทุ่งปี๊,2564,แม่วาง
1598,พืชผัก ผลไม้ และเนื้อสัตว์ อบแห้ง,เชียงใหม่,0,รายชื่อสถานประกอบการ,บริษัท พรีเซิร์ฟ อะโกร โปรดักส์ จำกัด,0,ขี้เหล็ก,2564,แม่ริม
1599,บรรจุอาหารกระป๋องและผลไม้ตามฤดูกาล,เชียงใหม่,1000000,รายชื่อสถานประกอบการ,ห้างหุ้นส่วนจำกัด ที.พี.ฟูดแคนนิ่ง,0,แม่เหียะ,2564,เมืองเชียงใหม่
1600,ผลิตอาหารหรือเครื่องดื่มจากผัก พืช ผลไม้ และบรรจุในภาชนะที่ผนึกและอากาศเข้าไม่ได้,เชียงใหม่,10000000,รายชื่อสถานประกอบการ,บริษัท ดีท็อกซ์ (ประเทศไทย) จำกัด,0,น้ำแพร่,2564,หางดง
1601,ผลิตอาหารเจจากแป้งและโปรตีน พร้อมแบ่งบรรจุ,เชียงใหม่,1000000,รายชื่อสถานประกอบการ,บริษัท เทียน เซียง ซึผิง จำกัด,0,ป่าไผ่,2564,สันทราย
1602,ผลิตชาสมุนไพรบรรจุในภาชนะปิดผนึก,เชียงใหม่,13,รายชื่อสถานประกอบการ,บริษัท วาไรตี้ เอ็กซ์พอร์ต จำกัด,29000000,ป่าตัน,2564,เมืองเชียงใหม่
1603,ผลิตอาหารและเครื่องดื่มจากผัก พืชหรือผลไม้ และบรรจุในภาชนะที่ผนึกและอากาศเข้าไม้ได้,เชียงใหม่,1000000,รายชื่อสถานประกอบการ,สิบแสนชัญญ์,0,ป่าเมี่ยง,2564,ดอยสะเก็ด
1604,ผลิตน้ำผลไม้บรรจุขวด ผลิตขวด,เชียงใหม่,8,รายชื่อสถานประกอบการ,ห้างหุ้นส่วนจำกัด จิ้งเฮงฟู้ด,5500000,เวียง,2564,ฝาง
1605,อบพืชผลทางการเกษตร,เชียงใหม่,21,รายชื่อสถานประกอบการ,โรงอบพืชผลทางการเกษตร,4500000,ขัวมุง,2564,สารภี
1606,ถนอมผัก พืช หรือผลไม้ โดยวิธีทำให้เยือกแข็งโดยฉับพลัน,เชียงใหม่,10000000,รายชื่อสถานประกอบการ,บริษัท สหปราจีนบุรีอุตสาหกรรม จำกัด,0,แม่สูน,2564,ฝาง
1607,ผลิตพืช ผัก ผลไม้อบแห้งและผลิตภัณฑ์ Spray Dry ปีละ 722 ตัน,เชียงใหม่,4500000,รายชื่อสถานประกอบการ,บริษัท พรีเมี่ยมฟู้ดส์ จำกัด,0,แม่แฝก,2564,สันทราย
1608,ถนอมผัก พืช หรือผลไม้ โดยวิธีอบแห้ง,เชียงใหม่,18,รายชื่อสถานประกอบการ,บริษัท นอร์ทเทิร์นกรีนโปรดักส์ จำกัด,13900000,อินทขิล,2564,แม่แตง
1609,ผลิตสินค้าทางการเกษตรแช่แข็ง,เชียงใหม่,15000000,รายชื่อสถานประกอบการ,บริษัท สยามอกรีโฟรเซ่นฟูดส์ จำกัด,0,สันกลาง,2564,สันป่าตอง
1610,การถนอมผัก พืช หรือผลไม้โดยวิธีกวน ตากแห้ง ดอง หรือทำให้เยือกแข็ง โดยฉับพลัน หรือเหือดแห้ง,เชียงใหม่,2840000,รายชื่อสถานประกอบการ,บริษัท เชียงใหม่ไบโอเวกกี้ จำกัด,0,น้ำแพร่,2564,หางดง
1611,คัด บรรจุกล่อง ผักผลไม้ และแซ่แข็ง,เชียงใหม่,5000000,รายชื่อสถานประกอบการ,บริษัท สวิฟท์ จำกัด,0,อินทขิล,2564,แม่แตง
1612,ร่อน ล้าง คัดแยกคุณภาพผักพืชหรือผลไม้และถนอม โดยวิการแช่อิ่ม กวน ตากแห้ง ดอง หรือทำให้เยือกแข็ง โดยฉับพลัน หรือเหือดแห้ง,เชียงใหม่,10000000,รายชื่อสถานประกอบการ,บริษัท ที คิว เอ็ม ฟูดส์ จำกัด,0,หางดง,2564,หางดง
1613,การถนอมผัก พืช หรือผลไม้ โดยวิธีการกวน ตากแห้ง ดอง หรือ ทำให้เยือกแข็งโดยฉับพลัน หรือเหือดแห้ง,เชียงใหม่,1000000,รายชื่อสถานประกอบการ,บริษัท ยูเซ ฟูดส์ จำกัด,0,ร้องวัวแดง,2564,สันกำแพง
1614,ผลิตอาหารหรือเครื่องดื่มจากผัก พืชหรือผลไม้ และบรรจุในภาชนะที่ผนึก และอากาศเข้าไม่ได้,เชียงใหม่,10000000,รายชื่อสถานประกอบการ,บริษัท ซีเอ็มเอช ไลฟ์ ไซเอ็นซ์ จำกัด,0,ยุหว่า,2564,สันป่าตอง
1615,ผลิตแตงกวาดอง ขิงดอง และมะเขือดอง,เชียงใหม่,0,รายชื่อสถานประกอบการ,บริษัท สันติภาพ เทรดดิ้ง จำกัด,0,หนองควาย,2564,หางดง
1616,ผลิตรถเข็นล้อเลื่อนทุกชนิด,เชียงใหม่,3204770,รายชื่อสถานประกอบการ,บริษัท ลิขิตชีวัน จำกัด,0,หนองจ๊อม,2564,สันทราย
1617,ทำเครื่องประดับจากทองคำ เงิน,เชียงใหม่,13300000,รายชื่อสถานประกอบการ,สุวรรณะรุ่งเรือง,0,ดอนแก้ว,2564,แม่ริม
1618,ผลิตเครื่องประดับด้วยทอง นาค เงินและอัญมญีอื่น,เชียงใหม่,43,รายชื่อสถานประกอบการ,บริษัท ปิงมานูแฟคเจอริ่งจิวเวลเลอร์ จำกัด,27000000,ต้นเปา,2564,สันกำแพง
1619,ทำเครื่องประดับด้วยโลหะ ตกแต่งด้วยอัญมณี,เชียงใหม่,77,รายชื่อสถานประกอบการ,บริษัท ทาราทาแลนด์ จำกัด,8100000,ป่าป้อง,2564,ดอยสะเก็ด
1620,ผลิตเครื่องประดับและเครื่องใช้จากเงิน ทองคำ นาก,เชียงใหม่,10300000,รายชื่อสถานประกอบการ,บริษัท พัฒนาอนันต์วงศ์ จำกัด,0,หนองป่าครั่ง,2564,เมืองเชียงใหม่
1621,"ทำเครื่องเงิน,ของตกแต่ง,และเครื่องใช้ จากเงิน",เชียงใหม่,4000000,รายชื่อสถานประกอบการ,บริษัท มัทนา เครื่องเงิน จำกัด,0,หนองหอย,2564,เมืองเชียงใหม่
1622,ผลิตและจำหน่ายเครื่องประดับอัญมณี,เชียงใหม่,13283506,รายชื่อสถานประกอบการ,บริษัท เอ็มโอดี เอเชีย จำกัด,0,แช่ช้าง,2564,สันกำแพง
1623,ผลิตเครื่องประดับอัญมณี,เชียงใหม่,10000000,รายชื่อสถานประกอบการ,บริษัท อัฐญา จิวเวลรี่ จำกัด,0,สันกลาง,2564,สันกำแพง
1624,ผลิตเครื่องประดับจากโลหะมีค่าและอัญมณี,เชียงใหม่,51000000,รายชื่อสถานประกอบการ,บริษัท ซี.อาร์.พี.จิลเวลรี่(เชียงใหม่) จำกัด,0,ป่าแดด,2564,เมืองเชียงใหม่
1625,ทำเครื่องประดับ ทองคำ เครื่องใช้จากเงิน ทองคำขาว,เชียงใหม่,584,รายชื่อสถานประกอบการ,บริษัท จอร์จ เจนเซน (ประเทศไทย) จำกัด,174081000,ต้นเปา,2564,สันกำแพง
1626,ทำเครื่องใช้ในการกีฬา เช่น กระดานโต้คลื่น,เชียงใหม่,0,รายชื่อสถานประกอบการ,บริษัท คุยเวอร์ จำกัด,0,น้ำแพร่,2564,หางดง
1627,ผลิตเหยื่อตกปลาเทียม,เชียงใหม่,30313646,รายชื่อสถานประกอบการ,บริษัท สตรีม เวอร์ค (ไทยแลนด์) จำกัด,0,ยางเนิ้ง,2564,สารภี
1628,ผลิตเหยื่อตกปลา,เชียงใหม่,318899,รายชื่อสถานประกอบการ,บริษัท เชียงใหม่ ฟลาย จำกัด,0,ป่าแดด,2564,เมืองเชียงใหม่
1629,ผลิตของเล่นเด็กจากไม้ฉ่ำฉา ไม้ยางพารา และไม้ไผ่,เชียงใหม่,500000,รายชื่อสถานประกอบการ,บริษัท ไทยวู้ดเด้นเกมส์ จำกัด,0,ร้องวัวแดง,2564,สันกำแพง
1630,ทำของเล่นเด็กจากไม้,เชียงใหม่,6200000,รายชื่อสถานประกอบการ,ห้างหุ้นส่วนจำกัด สยาม แอล.ที.วู้ด,0,แม่คือ,2564,ดอยสะเก็ด
1631,"สินค้าหัตถกรรมที่ทำด้วยไม้ไผ่,ผ้าและของที่ระลึกต่างๆ",เชียงใหม่,125,รายชื่อสถานประกอบการ,บริษัท ศูนย์ทำร่ม (1978) จำกัด,250000,ต้นเปา,2564,สันกำแพง
1632,ผลิตก๊าซชีวภาพ จากบ่อบำบัดน้ำเสีย,เชียงใหม่,0,รายชื่อสถานประกอบการ,บริษัท ซัน สวีท จำกัด (มหาชน),0,ทุ่งสะโตก,2564,สันป่าตอง
1633,โรงสีข้าว ขนาด 40 ตัน/วัน,เชียงใหม่,4714000,รายชื่อสถานประกอบการ,สหกรณ์นิคมพร้าว จำกัด,0,แม่แวน,2564,พร้าว
1634,สีข้าว,เชียงใหม่,15000000,รายชื่อสถานประกอบการ,ห้างหุ้นส่วนจำกัด โรงสีข้าวรวงทองเชียงใหม่,0,เชิงดอย,2564,ดอยสะเก็ด
1635,สีข้าว,เชียงใหม่,2000000,รายชื่อสถานประกอบการ,โรงสีข้าวกิตเจริญ,0,แม่สาว,2564,แม่อาย
1636,สี ฝัด คัด และแปรสภาพข้าว การอบพืชผลทางการเกษตร,เชียงใหม่,15,รายชื่อสถานประกอบการ,โรงสีข้าวดวงคำ,23000000,เวียง,2564,ฝาง
1637,สีข้าว,เชียงใหม่,5,รายชื่อสถานประกอบการ,นายกฤษณะ ดวงคำ,8200000,แม่สาว,2564,แม่อาย
1638,ปรับปรุงคุณภาพเมล็ดพืช สีข้าว,เชียงใหม่,16,รายชื่อสถานประกอบการ,ศ.ปาณิสรา,40000000,แม่คะ,2564,ฝาง
1639,สีข้าว,เชียงใหม่,7,รายชื่อสถานประกอบการ,ทรัพย์ไพลิน,10000000,แม่สาว,2564,แม่อาย
1640,สีข้าวเปลือกแบบแยกแกลบแยกรำ ได้วันละ 70 ตัน,เชียงใหม่,2000000,รายชื่อสถานประกอบการ,โรงสีข้าวสมคิด 2,0,เวียง,2564,ฝาง
1641,สีข้าว อบข้าวเปลือก,เชียงใหม่,3,รายชื่อสถานประกอบการ,โรงสีข้าววัลลภ,9460000,แม่สาว,2564,แม่อาย
1642,สีข้าว,เชียงใหม่,2,รายชื่อสถานประกอบการ,โรงสีโกเมือง,8309000,แม่สาว,2564,แม่อาย
1643,สีข้าว และคัดคุณภาพข้าว,เชียงใหม่,3000000,รายชื่อสถานประกอบการ,โรงสีข้าวเนตรนิมิต,0,แม่สาว,2564,แม่อาย
1644,สีข้าว และอบพืชผลทางการเกษตร,เชียงใหม่,5,รายชื่อสถานประกอบการ,บริษัท บัวจันทร์กู๊ดไรซ์ จำกัด,15000000,แม่สาว,2564,แม่อาย
1645,สีข้าว,เชียงใหม่,3,รายชื่อสถานประกอบการ,นางสาวชนกนันท์ ใจดวงจันทร์,2200000,ทุ่งต้อม,2564,สันป่าตอง
1646,สีข้าว,เชียงใหม่,4,รายชื่อสถานประกอบการ,โรงสีสหกรณ์การเกษตรสันป่าตอง จำกัด,32654000,ทุ่งสะโตก,2564,สันป่าตอง
1647,สีข้าว เก็บรักษาข้าวเปลือกในไซโล,เชียงใหม่,5,รายชื่อสถานประกอบการ,สหกรณ์การเกษตรฝาง จำกัด,72465900,เวียง,2564,ฝาง
1648,สีข้าว อัตรากำลังสีสูงสุดของโรงสี 80 เกวียน/24 ชั่วโมง,เชียงใหม่,200000000,รายชื่อสถานประกอบการ,โรงสี สหกรณ์การเกษตรพร้าว จำกัด,0,เวียง,2564,พร้าว
1649,สี ฝัด หรือขัดเมล็ดพืช เช่น ลูกเดือย ข้าวโพด ถั่ว งา ข้าว,เชียงใหม่,10,รายชื่อสถานประกอบการ,บริษัท ลิ้มศักดากุล พืชพันธุ์ไทย จำกัด,93700000,อินทขิล,2564,แม่แตง
1650,สีข้าว,เชียงใหม่,2,รายชื่อสถานประกอบการ,โรงสีข้าววิเชียรฟาร์ม,10000000,แม่สาว,2564,แม่อาย
1651,ร่อนข้าว และคัดข้าวขาว,เชียงใหม่,1000000,รายชื่อสถานประกอบการ,สมชายค้าข้าว,0,แม่สาว,2564,แม่อาย
1652,ร่อนข้าวและคัดข้าวขาว,เชียงใหม่,1000000,รายชื่อสถานประกอบการ,สามพี่น้องค้าข้าว,0,แม่สาว,2564,แม่อาย
1653,สีและบดพืชผลทางการเกษตร,เชียงใหม่,7,รายชื่อสถานประกอบการ,กรรณิการ์ค้าพืชไร่,7500000,แม่คะ,2564,ฝาง
1654,สีข้าว,เชียงใหม่,2000000,รายชื่อสถานประกอบการ,โรงสีข้าวดีรุ่งเรือง2,0,แม่สาว,2564,แม่อาย
1655,สีข้าว,เชียงใหม่,5,รายชื่อสถานประกอบการ,โรงสีข้าวดวงดี,18000000,แม่สาว,2564,แม่อาย
1656,โรงสีข้าวแบบแยกแกลบแยกรำ กำลังการผลิต 400 ตันต่อวัน,เชียงใหม่,9,รายชื่อสถานประกอบการ,ห้างหุ้นส่วนจำกัดเชียงใหม่อินเตอร์ไรซ์,70000000,สันปูเลย,2564,ดอยสะเก็ด
1657,สีข้าวเปลือกแบบแยกแกลบแยกรำ ได้วันละ 150 ตัน,เชียงใหม่,3000000,รายชื่อสถานประกอบการ,โรงสีข้าวรุ่งจรัญ,0,แม่สาว,2564,แม่อาย
1658,สีข้าว และอบผลิตผลทางการเกษตร,เชียงใหม่,12,รายชื่อสถานประกอบการ,โรงสีข้าวดีรุ่งเรือง,48700000,แม่สาว,2564,แม่อาย
1659,สีข้าวเปลือกขนาดกำลังผลิต 40 ตัน/วัน และเก็บรักษาข้าวเปลือกในไซโล ขนาด 250 ตัน จำนวน 2 ถัง,เชียงใหม่,7,รายชื่อสถานประกอบการ,สหกรณ์การเกษตรเพื่อการตลาดลูกค้า ธกส.เชียงใหม่ จำกัด,54515653,แม่สาว,2564,แม่อาย
1660,"สีข้าว,อบพืชผลทางการเกษตร",เชียงใหม่,2,รายชื่อสถานประกอบการ,โรงสีข้าวสี่พี่น้อง,30000000,เวียง,2564,ฝาง
1661,สีข้าว,เชียงใหม่,10,รายชื่อสถานประกอบการ,โรงสีข้าวศรศิริ,13200000,แม่สาว,2564,แม่อาย
1662,สีข้าว,เชียงใหม่,5,รายชื่อสถานประกอบการ,โรงสีข้าวดวงดีไรซ์,20000000,แม่สาว,2564,แม่อาย
1663,สีข้าว,เชียงใหม่,10,รายชื่อสถานประกอบการ,โรงสีข้าวทิพย์ธารา,7200000,เวียง,2564,ฝาง
1664,สีข้าว กำลังสีสูงสุดของร้านสีข้าว 150 ตัน/ชม,เชียงใหม่,21000000,รายชื่อสถานประกอบการ,วัชระกิจ,0,แม่สาว,2564,แม่อาย
1665,สีข้าว,เชียงใหม่,1000000,รายชื่อสถานประกอบการ,นางสุภาภรณ์ หอธรรมคุณ,0,เวียง,2564,ฝาง
1666,สีข้าว (กำลังการผลิต 200 ตัน/วัน),เชียงใหม่,2500000,รายชื่อสถานประกอบการ,ห้างหุ้นส่วนจำกัด รุ่งเจริญพืชผล2504,0,เขื่อนผาก,2564,พร้าว
1667,"สีข้าว (กำลังการผลิต 4 ตัน/ชม และอบข้าวเปลือก (กำลังการผลิต 10 ตัน/ชม)
",เชียงใหม่,0,รายชื่อสถานประกอบการ,โรงสีข้าวทรัพย์สมบัติ,0,เวียง,2564,ฝาง
1668,สีข้าว,เชียงใหม่,1000000,รายชื่อสถานประกอบการ,โรงสีข้าวโชควิชัย,0,แม่สาว,2564,แม่อาย
1669,สีข้าว,เชียงใหม่,3,รายชื่อสถานประกอบการ,นางสาววาสนา ไชยแว่นตา,23300000,แม่สาว,2564,แม่อาย
1670,สีข้าว,เชียงใหม่,2000000,รายชื่อสถานประกอบการ,โรงสีอมร,0,แม่สาว,2564,แม่อาย
1671,"สีข้าว,คัดขนาดและคุณภาพข้าว",เชียงใหม่,17,รายชื่อสถานประกอบการ,โรงสีข้าววัฒนา,20100000,แม่สาว,2564,แม่อาย
1672,สีข้าว,เชียงใหม่,5000000,รายชื่อสถานประกอบการ,โรงสีข้าวทิพย์ธารา 2,0,เวียง,2564,ฝาง
1673,ทำเต้าหู้แผ่น เต้าหู้แผ่น เต้าหู้ก้อน และน้ำเต้าหู้,เชียงใหม่,3,รายชื่อสถานประกอบการ,รุ่งนคร (1999),6300000,หนองจ๊อม,2564,สันทราย
1674,ทำผลิตภัณฑ์จากถั่วเหลือง เช่น เต้าหู้แผ่น เต้าหู้หลอด,เชียงใหม่,50000,รายชื่อสถานประกอบการ,ห้างหุ้นส่วนจำกัด ผลิตภัณฑ์อุตสาหกรรมถั่วเหลืองป่าลาน,0,ป่าลาน,2564,ดอยสะเก็ด
1675,ผลิตเต้าหู้หลอด,เชียงใหม่,60000,รายชื่อสถานประกอบการ,ประเสิรฐ อุตสาหกรรมอาหาร,0,ดอนเปา,2564,แม่วาง
1676,ผลิตอาหารสำเร็จรูปจากเมล็ดพืช (ผลิตข้าวอบแห้งและแปรรูปผลิตภัณฑ์ทางการเกษตร),เชียงใหม่,5000000,รายชื่อสถานประกอบการ,บริษัท โกลบอลฟูดส์ จำกัด,0,ออนใต้,2564,สันกำแพง
1677,"ผลิตอาหารสำเร็จรูปจากเมล็ดพืช เช่น ฟองเต้าหู้,หมี่ถึง",เชียงใหม่,7,รายชื่อสถานประกอบการ,บริษัท ตุงหมิงนานอุตสาหกรรม จำกัด,5497547,ลวงเหนือ,2564,ดอยสะเก็ด
1678,ผลิตน้ำประปา,เชียงใหม่,10000000,รายชื่อสถานประกอบการ,บริษัท ไฮโดรเท็ค จำกัด (มหาชน),0,แม่แฝกใหม่,2564,สันทราย
1679,ผลิตน้ำประปา,เชียงใหม่,4,รายชื่อสถานประกอบการ,บริษัท ไฮโดรเท็ค จำกัด (มหาชน),140440000,เมืองเล็น,2564,สันทราย
1680,ผลิตน้ำประปา,เชียงใหม่,8,รายชื่อสถานประกอบการ,บริษัท เอเบิล อินดัสตรีส์ จำกัด,0,น้ำแพร่,2564,หางดง
1681,คัดและบรรจุผลไม้และผลผลิตทางการเกษตร,เชียงใหม่,2500000,รายชื่อสถานประกอบการ,บริษัท ทรายทอง โกลเบิลฟรุต จำกัด,0,แม่สูน,2564,ฝาง
1682,ห้องเย็นเก็บผักและผลไม้,เชียงใหม่,1000000,รายชื่อสถานประกอบการ,บริษัท เชียงใหม่บูรพาห้องเย็น กรุ๊ป จำกัด,0,บ้านกลาง,2564,สันป่าตอง
1683,ห้องเย็น เพื่อแช่พืช ผัก ผลไม้ ,เชียงใหม่,800000,รายชื่อสถานประกอบการ,ห้องเย็นชัยมงคล,0,แม่ข่า,2564,ฝาง
1684,ห้องเย็น,เชียงใหม่,4000000,รายชื่อสถานประกอบการ,บริษัท พิสิทธิชัยอินเตอร์เนชั่นแนล จำกัด,0,สารภี,2564,สารภี
1685,ห้องเย็น,เชียงใหม่,200000,รายชื่อสถานประกอบการ,นายวีระยุทธ์ เมธากิจตระกูล,0,สันพระเนตร,2564,สันทราย
1686,ห้องเย็น เก็บพืชผลทางการเกษตร และอื่น ๆ,เชียงใหม่,4000000,รายชื่อสถานประกอบการ,บริษัท เอี่ยมกสิกิจ จำกัด,0,บ้านกลาง,2564,สันป่าตอง
1687,ห้องเย็น,เชียงใหม่,1000000,รายชื่อสถานประกอบการ,บริษัท ห้องเย็นปรมี จำกัด,0,ฟ้าฮ่าม,2564,เมืองเชียงใหม่
1688,ห้องเย็น,เชียงใหม่,0,รายชื่อสถานประกอบการ,ทวีผลพืชไร่,0,แม่แฝกใหม่,2564,สันทราย
1689,ห้องเย็นเก็บพืช ผัก ผลไม้,เชียงใหม่,10000000,รายชื่อสถานประกอบการ,ห้องเย็น ว.วีรภัทร์,0,โป่งน้ำร้อน,2564,ฝาง
1690,ห้องเย็นรับฝากสินค้า และผลิตอาหารสำเร็จรูป ต้ม นึ่ง และอบพืชผักผลไม้ทุกชนิด,เชียงใหม่,1000000,รายชื่อสถานประกอบการ,บริษัท ล้านนา ฟรุตส์ จำกัด,0,ท่าวังพร้าว,2564,สันป่าตอง
1691,ห้องเย็น,เชียงใหม่,2000000,รายชื่อสถานประกอบการ,บริษัท ซิ่งเฟิง อุตสาหกรรมอาหาร จำกัด,0,ดอยหล่อ,2564,ดอยหล่อ
1692,ห้องเย็นเก็บผลิตผลทางการเกษตร,เชียงใหม่,5000000,รายชื่อสถานประกอบการ,บริษัท พรีเซิร์ฟ อะโกร โปรดักส์ จำกัด,0,ขี้เหล็ก,2564,แม่ริม
1693,ห้องเย็น,เชียงใหม่,5000000,รายชื่อสถานประกอบการ,ห้องเย็นเสาร์แก้ว,0,สบเตี๊ยะ,2564,จอมทอง
1694,ห้องเย็นเก็บผลิตผลทางการเกษตร,เชียงใหม่,5000000,รายชื่อสถานประกอบการ,บริษัท พรีเซิร์ฟ อะโกร โปรดักส์ จำกัด,0,ขี้เหล็ก,2564,แม่ริม
1695,ห้องเย็น,เชียงใหม่,10000000,รายชื่อสถานประกอบการ,บริษัท เชียงใหม่บูรพาห้องเย็น กรุ๊ป จำกัด,0,บ้านกลาง,2564,สันป่าตอง
1696,ห้องเย็นเก็บสินค้าทางการเกษตร,เชียงใหม่,6000000,รายชื่อสถานประกอบการ,บริษัท มาตาโปรดักส์ จำกัด,0,สันทราย,2564,สารภี
1697,ห้องเย็น,เชียงใหม่,1000000,รายชื่อสถานประกอบการ,ศรีเจริญ,0,สันทราย,2564,สารภี
1698,ห้องเย็น,เชียงใหม่,5000000,รายชื่อสถานประกอบการ,บริษัท สหซินหลงสารภี จำกัด,0,สบเตี๊ยะ,2564,จอมทอง
1699,ห้องเย็นเก็บผักและผลไม้,เชียงใหม่,15000000,รายชื่อสถานประกอบการ,สหกรณ์ผู้ปลูกหอมหัวใหญ่ฝาง จำกัด,0,ม่อนปิ่น,2564,ฝาง
1700,ห้องเย็น และล้าง ชำแหละ แกะ ต้ม นึ่ง ทอด หรือบดสัตว์ หรือส่วนหนึ่งส่วนใดของสัตว์,เชียงใหม่,7,รายชื่อสถานประกอบการ,บริษัท ซีพีเอฟ เรสเทอรองท์ แอนด์ฟู้ดเชน จำกัด,13000000,แม่แฝกใหม่,2564,สันทราย
1701,ห้องเย็น,เชียงใหม่,5000000,รายชื่อสถานประกอบการ,อำไพพรรณการเกษตร,0,บ้านกาด,2564,แม่วาง
1702,ห้องเย็น,เชียงใหม่,1000000,รายชื่อสถานประกอบการ,บริษัท ฟู๋ เซิง จำกัด,0,ดอยหล่อ,2564,ดอยหล่อ
1703,ให้บริการรับฝากสินค้าในห้องเย็น,เชียงใหม่,3000000,รายชื่อสถานประกอบการ,บริษัท เค.พี.ห้องเย็น จำกัด,0,แช่ช้าง,2564,สันกำแพง
1704,ห้องเย็นสำหรับเก็บรักษาพืชผลทางการเกษตร,เชียงใหม่,1000000,รายชื่อสถานประกอบการ,บริษัท นิ่มซี่เซ็งห้องเย็น จำกัด,0,บ้านกลาง,2564,สันป่าตอง
1705,ห้องเย็น,เชียงใหม่,10000000,รายชื่อสถานประกอบการ,บริษัท ที.เค.เค.จันทบุรี ฟู้ดส์ จำกัด,0,สันกลาง,2564,สันป่าตอง
1706,ห้องเย็นเก็บพืชผักและผลไม้,เชียงใหม่,57,รายชื่อสถานประกอบการ,บริษัท เชียงใหม่ธนาธรฟาร์ม จำกัด,101200000,แม่สูน,2564,ฝาง
1707,ห้องเย็น,เชียงใหม่,5000000,รายชื่อสถานประกอบการ,บริษัท ทิพย์เกษตร จำกัด,0,บ้านแม,2564,สันป่าตอง
1708,ห้องเย็น,เชียงใหม่,5000000,รายชื่อสถานประกอบการ,พรเจริญ พืชผล,0,ดอนแก้ว,2564,แม่ริม
1709,ห้องเย็น,เชียงใหม่,3000000,รายชื่อสถานประกอบการ,บริษัท มงคลแอนด์ซันส์ฟาร์ม จำกัด ,0,สันโป่ง,2564,แม่ริม
1710,ห้องเย็น เก็บผลิตผลการเกษตร,เชียงใหม่,5000000,รายชื่อสถานประกอบการ,บริษัท นิ่มซี่เส็งห้องเย็น จำกัด,0,ฟ้าฮ่าม,2564,เมืองเชียงใหม่
1711,ห้องเย็นเก็บรักษาพืชผลทางการเกษตร,เชียงใหม่,1000000,รายชื่อสถานประกอบการ,สีดาการเกษตร,0,ท่าวังพร้าว,2564,สันป่าตอง
1712,ห้องเย็นเก็บพืชผลทางการเกษตร,เชียงใหม่,5000000,รายชื่อสถานประกอบการ,บริษัท เชียงใหม่เฟรช โปรดักส์ จำกัด,0,ดอนเปา,2564,แม่วาง
1713,เก็บอาหารแช่แข็ง,เชียงใหม่,4,รายชื่อสถานประกอบการ,เอ็ม เอ็ม โฟรเซ่นฟู้ด เชียงใหม่,85000000,สันกลาง,2564,สันป่าตอง
1714,"ห้องเย็นและตัดแต่ง, แช่แข็ง พืช ผัก ผลไม้",เชียงใหม่,1189,รายชื่อสถานประกอบการ,บริษัท ลานนาเกษตรอุตสาหกรรม จำกัด,972630955,สารภี,2564,สารภี
1715,ห้องเย็น,เชียงใหม่,5000000,รายชื่อสถานประกอบการ,บริษัท เชียงใหม่ธนาธรฟาร์ม จำกัด,0,สันทราย,2564,ฝาง
1716,ห้องเย็นเพื่อเก็บอาหารทะเล เนื้อสัตว์ และพืช ผัก ผลไม้,เชียงใหม่,3000000,รายชื่อสถานประกอบการ,ห้างหุ้นส่วนจำกัด ศรีสุวรรณพัฒนาการค้า,0,ฟ้าฮ่าม,2564,เมืองเชียงใหม่
1717,ห้องเย็น,เชียงใหม่,0,รายชื่อสถานประกอบการ,บริษัท เค.พี.(จอมทอง) จำกัด,0,บ้านแปะ,2564,จอมทอง
1718,ห้องเย็นเก็บผลิตผลทางการเกษตร,เชียงใหม่,63,รายชื่อสถานประกอบการ,บริษัท พรีเซิร์ฟ อะโกร โปรดักส์ จำกัด,115000000,ขี้เหล็ก,2564,แม่ริม
1719,ห้องเย็นเก็บผลิตผลทางการเกษตร,เชียงใหม่,3000000,รายชื่อสถานประกอบการ,ห้องเย็นแสงหล้า,0,ปงตำ,2564,ไชยปราการ
1720,ซ่อมและเคาะพ่นสีรถยนต์,เชียงใหม่,1000000,รายชื่อสถานประกอบการ,บริษัท เจริญมอเตอร์เบนซ์ จำกัด,0,ศรีภูมิ,2564,เมืองเชียงใหม่
1721,ศูนย์บริการซ่อมรถยนต์,เชียงใหม่,4500000,รายชื่อสถานประกอบการ,บริษัท มิตซูเชียงใหม่ จำกัด,0,ท่าศาลา,2564,เมืองเชียงใหม่
1722,"ซ่อมรถยนต์,ปะ-เปลี่ยนยางรถยนต์",เชียงใหม่,2000000,รายชื่อสถานประกอบการ,ป.เฮงสวัสดิ์,0,สุเทพ,2564,เมืองเชียงใหม่
1723,ซ่อมและเคาะพ่นสีรถยนต์,เชียงใหม่,500000,รายชื่อสถานประกอบการ,บริษัท อู่ตู่ อะไหล่ยนต์ จำกัด,0,หนองผึ้ง,2564,สารภี
1724,ศูนย์บริการ เคาะพ่นสีรถยนต์,เชียงใหม่,2000000,รายชื่อสถานประกอบการ,เชียงแสง,0,ดอนแก้ว,2564,แม่ริม
1725,ศูนย์จำหน่าย บริการซ่อมบำรุง และเคาะพ่นสีรถยนต์,เชียงใหม่,20000000,รายชื่อสถานประกอบการ,บริษัท โตโยต้านครพิงค์ เชียงใหม่ จำกัด,0,หนองจ๊อม,2564,สันทราย
1726,ซ่อมตัวถังและสีรถยนต์,เชียงใหม่,20000000,รายชื่อสถานประกอบการ,บริษัท แสงตะวัน พีเอส จำกัด,0,ดอนแก้ว,2564,แม่ริม
1727,ศูนย์บริการซ่อมรถยนต์,เชียงใหม่,1000000,รายชื่อสถานประกอบการ,บริษัท เบส ออโต้เซลส์ จำกัด,0,หนองจ๊อม,2564,สันทราย
1728,ซ่อมรถยนต์และเคาะพ่นสีรถยนต์,เชียงใหม่,2000000,รายชื่อสถานประกอบการ,นายกิตติพงศ์ มณีชุติภาส,0,มะขามหลวง,2564,สันป่าตอง
1729,ศูนย์บริการซ่อม และพ่นสีรถยนต์,เชียงใหม่,25000000,รายชื่อสถานประกอบการ,บริษัท เชียงใหม่ ฮอนค้า ออโตโมบิล จำกัด,0,สันทรายน้อย,2564,สันทราย
1730,เคาะ-พ่นสี และซ่อมรถยนต์,เชียงใหม่,1000000,รายชื่อสถานประกอบการ,บริษัท นิวไดมอนด์ จำกัด,0,สันผีเสื้อ,2564,เมืองเชียงใหม่
1731,"ศูนย์จำหน่าย, บริการซ่อมและเคาะพ่นสีรถยนต์",เชียงใหม่,30000000,รายชื่อสถานประกอบการ,บริษัท โตโยต้าเชียงใหม่ จำกัด สาขาสี่แยกไฮเวย์,0,ท่าศาลา,2564,เมืองเชียงใหม่
1732,ศูนย์บริการซ่อมรถยนต์,เชียงใหม่,4500000,รายชื่อสถานประกอบการ,บริษัท มิตซูเชียงใหม่ จำกัด(สาขาหางดง),0,หนองควาย,2564,หางดง
1733,ศูนย์บริการซ่อมแซมรถยนต์,เชียงใหม่,1000000,รายชื่อสถานประกอบการ,บี-ควิก สาขาโลตัส รวมโชค,0,ฟ้าฮ่าม,2564,เมืองเชียงใหม่
1734,จำหน่ายและซ่อมรถยนต์,เชียงใหม่,2000000,รายชื่อสถานประกอบการ,บริษัท ธารา จำกัด สาขาสารภี,0,สารภี,2564,สารภี
1735,ซ่อมรถยนต์,เชียงใหม่,17,รายชื่อสถานประกอบการ,ห้างหุ้นส่วนจำกัด อีซูซุ ศาลาฟาสเตอร์ เชียงใหม่,11800000,สันกลาง,2564,สันป่าตอง
1736,ซ่อมรถยนต์,เชียงใหม่,1000000,รายชื่อสถานประกอบการ,บริษัท อรรถพรและบุตร จำกัด,0,วัดเกต,2564,เมืองเชียงใหม่
1737,ศูนย์บริการซ่อมแซมรถยนต์,เชียงใหม่,1000000,รายชื่อสถานประกอบการ,บี-ควิก สาขาโลตัส หางดง,0,ป่าแดด,2564,เมืองเชียงใหม่
1738,ศูนย์จำหน่าย บริการซ่อม และเคาะพ่นสีรถยนต์,เชียงใหม่,5000000,รายชื่อสถานประกอบการ,บริษัท ฮอนด้าพาราไดซ์ เชียงใหม่ จำกัด,0,หนองจ๊อม,2564,สันทราย
1739,ศูนย์บริการซ่อมแซมรถยนต์,เชียงใหม่,0,รายชื่อสถานประกอบการ,บี-ควิก สาขาบิ๊กซีไฮเวย์ สาขา 2,0,หนองป่าครั่ง,2564,เมืองเชียงใหม่
1740,ซ่อมรถยนต์,เชียงใหม่,1000000,รายชื่อสถานประกอบการ,บริษัท สยามนิสสัน เชียงใหม่ จำกัด,0,วัดเกต,2564,เมืองเชียงใหม่
1741,ซ่อมเคาะพ่นสีรถยนต์,เชียงใหม่,500000,รายชื่อสถานประกอบการ,บริษัท วี เอ็น ออโต้ บอดี้ จำกัด,0,แม่เหียะ,2564,เมืองเชียงใหม่
1742,ศูนย์บริการซ่อมแซมรถยนต์,เชียงใหม่,1000000,รายชื่อสถานประกอบการ,บี-ควิก สาขาบิ๊กซี หางดง สาขา 2,0,หางดง,2564,หางดง
1743,ซ่อม พ่นสีรถจักรยานยนต์,เชียงใหม่,1000000,รายชื่อสถานประกอบการ,บริษัท นิยมพานิช จำกัด,0,สุเทพ,2564,เมืองเชียงใหม่
1744,"ซ่อมรถยนต์,รถจักรยานยนต์",เชียงใหม่,1000000,รายชื่อสถานประกอบการ,บริษัท โตโยต้า เชียงใหม่ จำกัด,0,สันทราย,2564,ฝาง
1745,ซ่อมรถยนต์,เชียงใหม่,100000000,รายชื่อสถานประกอบการ,บริษัท มาสด้าเชียงใหม่ จำกัด,0,หนองผึ้ง,2564,สารภี
1746,ซ่อมรถยนต์,เชียงใหม่,2000000,รายชื่อสถานประกอบการ,บริษัท วี กรุ๊ป เอไอ เชียงใหม่ จำกัด,0,หนองควาย,2564,หางดง
1747,ซ่อมบำรุงรถยนต์,เชียงใหม่,5000000,รายชื่อสถานประกอบการ,บริษัท โตโยต้า เชียงใหม่ จำกัด,0,สุเทพ,2564,เมืองเชียงใหม่
1748,เคาะ-พ่นสีรถยนต์,เชียงใหม่,500000,รายชื่อสถานประกอบการ,ห้างหุ้นส่วนจำกัด อู่ทานการช่าง เชียงใหม่3,0,ท่าศาลา,2564,เมืองเชียงใหม่
1749,ศูนย์ซ่อมบริการและเคาะพ่นสีรถยนต์,เชียงใหม่,1000000,รายชื่อสถานประกอบการ,อู่ยิ่งเจริญ,0,สันกลาง,2564,สันกำแพง
1750,ซ่อมรถยนต์,เชียงใหม่,3000000,รายชื่อสถานประกอบการ,บริษัท สยามนิสสัน เชียงใหม่ จำกัด,0,ท่าศาลา,2564,เมืองเชียงใหม่
1751,ซ่อมรถยนต์ เคาะพ่นสีรถยนต์,เชียงใหม่,1000000,รายชื่อสถานประกอบการ,บริษัท นิธิบูรณ์ ออโต้เซลล์ จำกัด,0,ช้างเผือก,2564,เมืองเชียงใหม่
1752,ศูนย์บริการ ซ่อม และเคาะ-พ่นสีรถยนต์,เชียงใหม่,500000,รายชื่อสถานประกอบการ,บริษัท พี ออโต้ เพ้นท์ จำกัด,0,ป่าลาน,2564,ดอยสะเก็ด
1753,ซ่อมแซมเครื่องยนต์ ซ่อมแซมเคาะพ่นสีถังรถยนต์ และพ่นสีกันสนิมรถยนต์,เชียงใหม่,20,รายชื่อสถานประกอบการ,อู่หม่องบริการ,8000000,ท่าศาลา,2564,เมืองเชียงใหม่
1754,ซ่อมรถยนต์,เชียงใหม่,300000,รายชื่อสถานประกอบการ,อู่พีรพัฒน์ ดีเซล,0,แม่แวน,2564,พร้าว
1755,ศูนย์บริการซ่อมรถยนต์ (Ford),เชียงใหม่,25,รายชื่อสถานประกอบการ,บริษัท อเมริกันมอเตอร์ส (เชียงใหม่) จำกัด,70000000,ฟ้าฮ่าม,2564,เมืองเชียงใหม่
1756,ซ่อมแซมรถยนต์ เครื่องยนต์ ซ่อมแซมเคาะพ่นสีตัวถังรถยนต์ และพ่นสี,เชียงใหม่,45,รายชื่อสถานประกอบการ,บริษัท โตโยต้านครพิงค์ เชียงใหม่ จำกัด,265000000,แม่เหียะ,2564,เมืองเชียงใหม่
1757,ซ่อมและเคาะพ่นสีรถยนต์,เชียงใหม่,30000000,รายชื่อสถานประกอบการ,ห้างหุ้นส่วนจำกัด อีซูซุศาลาฟาสเตอร์เชียงใหม่,0,หนองจ๊อม,2564,สันทราย
1758,ซ่อมรถยนต์ และเคาะ-พ่นสีรถยนต์,เชียงใหม่,1000000,รายชื่อสถานประกอบการ,บริษัท สกุลชัยบิวดิ้ง จำกัด,0,ท่าศาลา,2564,เมืองเชียงใหม่
1759,ศูนย์บริการซ่อมแซมรถยนต์ และ ซ่อมสีตัวถังรถยนต์,เชียงใหม่,20000000,รายชื่อสถานประกอบการ,บริษัท โตโยต้าอินทนนท์ จำกัด,0,ไชยสถาน,2564,สารภี
1760,ซ่อมรถยนต์,เชียงใหม่,15000000,รายชื่อสถานประกอบการ,บริษัท บาเซโลนา มอเตอร์ จำกัด,0,ฟ้าฮ่าม,2564,เมืองเชียงใหม่
1761,เกี่ยวกับรถยนต์ การสร้าง ประกอบ ดัดแปลง เปลี่ยนแปลงสภาพ การทำหลังคารถต่างๆ เช่น รถพยาบาล รถโดยสาร ฯลฯ และการซ่อมบำรุงรถยนต์,เชียงใหม่,30,รายชื่อสถานประกอบการ,ห้างหุ้นส่วนจำกัด เชียงใหม่ ชุนศิลป์,35000000,หนองผึ้ง,2564,สารภี
1762,ซ่อมรถยนต์ เคาะพ่นสีรถยนต์,เชียงใหม่,1000000,รายชื่อสถานประกอบการ,ห้างหุ้นส่วนจำกัด ทรายทอง ออโต้ คาร์,0,สันปูเลย,2564,ดอยสะเก็ด
1763,ซ่อมรถยนต์ ยางรถยนต์,เชียงใหม่,6,รายชื่อสถานประกอบการ,ห้างหุ้นส่วนจำกัด นพรัตน์ยางยนต์เชียงใหม่,16200000,หนองหอย,2564,เมืองเชียงใหม่
1764,ศูนย์จำหน่าย บริการซ่อม และเคาะ พ่น สีรถยนต์,เชียงใหม่,80000000,รายชื่อสถานประกอบการ,บริษัท แมทริกซ์ ฮอนด้า ออโตโมบิล จำกัด,0,หนองป่าครั่ง,2564,เมืองเชียงใหม่
1765,ซ่อมรถยนต์,เชียงใหม่,3000000,รายชื่อสถานประกอบการ,บริษัท พิงคนครเเซลแอนด์เซอร์วิส จำกัด,0,ท่าศาลา,2564,เมืองเชียงใหม่
1766,ซ่อมรถยนต์,เชียงใหม่,2000000,รายชื่อสถานประกอบการ,บริษัท วี เพอร์เฟค ออโต้คาร์ จำกัด,0,หนองควาย,2564,หางดง
1767,ซ่อมรถยนต์และเคาะ-พ่นสีรถยนต์,เชียงใหม่,5000000,รายชื่อสถานประกอบการ,บริษัท พิงคนครเซลแอนด์เซอร์วิส จำกัด,0,แม่เหียะ,2564,เมืองเชียงใหม่
1768,"ซ่อมรถยนต์,ต่อตัวถังรถ",เชียงใหม่,100000,รายชื่อสถานประกอบการ,บริษัท เชียงใหม่ทวีผล คอนสตรัคชั่น จำกัด,0,หางดง,2564,หางดง
1769,ซ่อมและพ่นสีรถยนต์,เชียงใหม่,1000000,รายชื่อสถานประกอบการ,บริษัท พี.เจ.ออโตเซอร์วิส จำกัด,0,ชมภู,2564,สารภี
1770,ตั้งศูนย์ถ่วงล้อ เปลี่ยนยาง ปะยาง ซ่อมช่วงล่างรถบรรทุกและรถยนต์นั่งสว่นบุคคล,เชียงใหม่,10000000,รายชื่อสถานประกอบการ,ห้างหุ้นส่วนสามัญนิติบุคคลเวียงพิงค์แอทแวนเทจ,0,ยางเนิ้ง,2564,สารภี
1771,ซ่อมรถยนต์,เชียงใหม่,100000,รายชื่อสถานประกอบการ,สุรกิจกลการ,0,วัดเกต,2564,เมืองเชียงใหม่
1772,ซ่อมรถยนต์,เชียงใหม่,5500000,รายชื่อสถานประกอบการ,บริษัท ไดนาสตี้ เอ็นเอสเอ จำกัด,0,ช้างคลาน,2564,เมืองเชียงใหม่
1773,ศูนย์ซ่อมบริการ เคาะ พ่นสีตัวถังรถยนต์,เชียงใหม่,1000000,รายชื่อสถานประกอบการ,ชัยเจริญดี 999,0,ป่าบง,2564,สารภี
1774,ซ่อมรถยนต์,เชียงใหม่,13,รายชื่อสถานประกอบการ,อู่เกรียงไกรกลการ,350000,ฟ้าฮ่าม,2564,เมืองเชียงใหม่
1775,ซ่อม-เคาะพ่นสีรถยนต์,เชียงใหม่,2400000,รายชื่อสถานประกอบการ,ห้างหุ้นส่วนจำกัด นครพิงค์ ไฮเวย์,0,ท่าศาลา,2564,เมืองเชียงใหม่
1776,ศูนย์จำหน่าย บริการซ่อมและเคาะ พ่นสีรถยนต์,เชียงใหม่,100000000,รายชื่อสถานประกอบการ,บริษัท โตโยต้า เชียงใหม่ จำกัด สาขาจอมทอง,0,ข่วงเปา,2564,จอมทอง
1777,ซ่อมรถยนต์,เชียงใหม่,1000000,รายชื่อสถานประกอบการ,บริษัท วี กรุ๊ป แซดเค จำกัด,0,ฟ้าฮ่าม,2564,เมืองเชียงใหม่
1778,เคาะ-พ่นสีรถยนต์,เชียงใหม่,50000,รายชื่อสถานประกอบการ,ห้างหุ้นส่วนจำกัด อู่จำลองกลการ 98,0,สันทราย,2564,ฝาง
1779,"ต่อตัวถัง,ทำสี และซ่อมแซมรถโดยสาร",เชียงใหม่,1000000,รายชื่อสถานประกอบการ,ห้างหุ้นส่วนจำกัด ดีอาร์.บัสบอดี้,0,บวกค้าง,2564,สันกำแพง
1780,"ซ่อมรถยนต์,เปลี่ยนยาง",เชียงใหม่,23,รายชื่อสถานประกอบการ,บริษัท พงศ์โชตนาการยาง จำกัด,13200000,ช้างเผือก,2564,เมืองเชียงใหม่
1781,ซ่อมรถยนต์,เชียงใหม่,1000000,รายชื่อสถานประกอบการ,บริษัท ชัยพัฒนาขนส่งเชียงใหม่ จำกัด,0,หนองป่าครั่ง,2564,เมืองเชียงใหม่
1782,ศูนย์บริการซ่อมรถยนต์,เชียงใหม่,5000000,รายชื่อสถานประกอบการ,บริษัท แสงชัยมอเตอร์เซลส์ จำกัด,0,ฟ้าฮ่าม,2564,เมืองเชียงใหม่
1783,ซ่อมแซมเครื่องยนต์ เคาะพ่นสีตัวถังรถยนต์,เชียงใหม่,2000000,รายชื่อสถานประกอบการ,บริษัท 88 ดาวรุ่ง จำกัด,0,แม่เหียะ,2564,เมืองเชียงใหม่
1784,ศูนย์บริการเคาะพ่นสี รถยนต์,เชียงใหม่,5000000,รายชื่อสถานประกอบการ,บริษัท อีซูซุเชียงใหม่เซลส์ จำกัด,0,หนองผึ้ง,2564,สารภี
1785,ตั้งศูนย์ถ่วงล้อและปะยงรถยนต์,เชียงใหม่,3000000,รายชื่อสถานประกอบการ,บริษัท เชียงใหม่เวียงพิงค์การยาง จำกัด,0,ฟ้าฮ่าม,2564,เมืองเชียงใหม่
1786,ซ่อมรถยนต์,เชียงใหม่,0,รายชื่อสถานประกอบการ,บริษัท อีซูซุ เชียงใหม่เซลส์ จำกัด,0,หนองผึ้ง,2564,สารภี
1787,ศูนย์บริการซ่อมรถยนต์,เชียงใหม่,1000000,รายชื่อสถานประกอบการ,บริษัท เซฟเวย์ ออโต้ เซอร์วิส จำกัด,0,ช้างคลาน,2564,เมืองเชียงใหม่
1788,ซ่อมรถยนต์ และเคาะพ่นสีรถยนต์,เชียงใหม่,600000,รายชื่อสถานประกอบการ,บริษัท อริยกิจ จี.พี. จำกัด,0,สันพระเนตร,2564,สันทราย
1789,ซ่อมและเคาะพ่นสีรถยนต์,เชียงใหม่,10000000,รายชื่อสถานประกอบการ,ห้างหุ้นส่วนจำกัด ยิ่งเจริญรุ่งเกียรติโชคชัย,0,แม่ข่า,2564,ฝาง
1790,เคาะ-พ่นสีรถยนต์,เชียงใหม่,25,รายชื่อสถานประกอบการ,อ.การาจเจริญยนต์,9100000,ดอนแก้ว,2564,สารภี
1791,ซ่อมรถยนต์,เชียงใหม่,39,รายชื่อสถานประกอบการ,บริษัท ธารา จำกัด (สาขาหนองป่าครั่ง),0,หนองป่าครั่ง,2564,เมืองเชียงใหม่
1792,ซ่อมรถยนต์,เชียงใหม่,20000000,รายชื่อสถานประกอบการ,บริษัท ธารา จำกัด สาขาสนามบิน,0,สุเทพ,2564,เมืองเชียงใหม่
1793,ศูนย์บริการซ่อมรถยนต์,เชียงใหม่,1000000,รายชื่อสถานประกอบการ,บริษัท แสงชัยมอเตอร์เซลส์ จำกัด,0,แม่เหียะ,2564,เมืองเชียงใหม่
1794,ศูนย์บริการซ่อมรถยนต์ และบริการซ่อมสีรถยนต์,เชียงใหม่,10000000,รายชื่อสถานประกอบการ,บริษัท โตโยต้าริช จำกัด,0,สันพระเนตร,2564,สันทราย
1795,ซ่อมรถยนต์และซ่อมเคาะพ่นสีรถยนต์,เชียงใหม่,30000000,รายชื่อสถานประกอบการ,ห้างหุ้นส่วนจำกัด อีซูซุศาลาฟาสเตอร์เชียงใหม่,0,ข่วงเปา,2564,จอมทอง
1796,ซ่อมรถยนต์ และเคาะพ่นสีรถยนต์,เชียงใหม่,102,รายชื่อสถานประกอบการ,บริษัท โตโยต้า ล้านนา จำกัด,306000000,ช้างเผือก,2564,เมืองเชียงใหม่
1797,ศูนย์บริการซ่อมรถยนต์ และยานยนต์ทุกประเภท,เชียงใหม่,500000,รายชื่อสถานประกอบการ,บริษัท วี-เพ้นท์ ออโต้เซอร์วิส จำกัด,0,ช้างเผือก,2564,เมืองเชียงใหม่
1798,ซ่อมแซมรถยนต์ และเคาะพ่นสีตัวถัง,เชียงใหม่,3000000,รายชื่อสถานประกอบการ,ห้างหุ้นส่วนจำกัด เศรษฐศักดิ์ บริการ,0,หนองผึ้ง,2564,สารภี
1799,ซ่อม เคาะพ่นสีรถยนต์,เชียงใหม่,20,รายชื่อสถานประกอบการ,บริษัท วิริยะมาสด้า (2004) จำกัด,10400000,หนองจ๊อม,2564,สันทราย
1800,ซ่อมและพ่นสีรถยนต์,เชียงใหม่,3800000,รายชื่อสถานประกอบการ,บริษัท นครพิงค์เวอร์คช็อพ จำกัด,0,สันนาเม็ง,2564,สันทราย
1801,ซ่อมและเคาะพ่นสีรถยนต์ 60 คัน/ปี,เชียงใหม่,150000,รายชื่อสถานประกอบการ,ห้างหุ้นส่วนจำกัด หมื่นการช่าง,0,ต้นเปา,2564,สันกำแพง
1802,ซักรีด ซักแห้ง เครื่องนุ่งห่ม,เชียงใหม่,500000,รายชื่อสถานประกอบการ,ห้างหุ้นส่วนจำกัด นอร์ทเทิร์นลอนดรี เซอร์วิส,0,ป่าป้อง,2564,ดอยสะเก็ด
1803,"ซัก,อบ,รีดผ้า",เชียงใหม่,500000,รายชื่อสถานประกอบการ,ห้างหุ้นส่วนจำกัด มาสเตอร์คลีนลอนดรี้ แอนด์ เซอร์วิส,0,ริมเหนือ,2564,แม่ริม
1804,ซัก อบ รีดผ้า และย้อมผ้า,เชียงใหม่,200000,รายชื่อสถานประกอบการ,ห้างหุ้นส่วนจำกัด สโนไวท์ ลอนลี่,0,ป่าแดด,2564,เมืองเชียงใหม่
1805,ซัก อบ รีด เสื้อผ้า ผ้าคลุมเตียง ผ้าห่ม,เชียงใหม่,200000,รายชื่อสถานประกอบการ,พี.อาร์.ลอนดรี แอนด์ เซอร์วิส,0,สันป่าเปา,2564,สันทราย
1806,โม่ บด ย่อยหิน,เชียงใหม่,10000000,รายชื่อสถานประกอบการ,บริษัท อาเชี่ยน จำกัด,0,บ้านแปะ,2564,จอมทอง
1807,โม่ บด ย่อยหิน,เชียงใหม่,26000000,รายชื่อสถานประกอบการ,บริษัท เชียงใหม่สหศิลา จำกัด,0,ศรีดงเย็น,2564,ไชยปราการ
1808,โม่ บด หรือย่อยหิน,เชียงใหม่,10000000,รายชื่อสถานประกอบการ,บริษัท เชียงใหม่ ที.ดี. จำกัด,0,บ้านแปะ,2564,จอมทอง
1809,โม บด หรือย่อยหิน,เชียงใหม่,0,รายชื่อสถานประกอบการ,บริษัท ปิยะกิจโยธาการ จำกัด,0,แม่แตง,2564,แม่แตง
1810,โม่ บด หรือย่อยหิน,เชียงใหม่,35,รายชื่อสถานประกอบการ,บริษัท สยามสโตน แอ๊กกริเกรท จำกัด,0,แม่โป่ง,2564,ดอยสะเก็ด
1811,โม่ บด หรือย่อยหิน,เชียงใหม่,25000000,รายชื่อสถานประกอบการ,บริษัท เขตศิลา จำกัด,0,บ้านแปะ,2564,จอมทอง
1812,โม่ บด หรือย่อยหิน,เชียงใหม่,10000000,รายชื่อสถานประกอบการ,เชียงใหม่ไท้เซียง,0,บ้านแปะ,2564,จอมทอง
1813,โม่ บด หรือย่อยหิน,เชียงใหม่,27,รายชื่อสถานประกอบการ,บริษัท เอ็มแพค ไมนิ่ง จำกัด,155000000,บ้านแปะ,2564,จอมทอง
1814,โม่ บด และย่อยหิน,เชียงใหม่,27,รายชื่อสถานประกอบการ,นางมัณฑณา ลี้ตระกูล,290000000,บ้านแปะ,2564,จอมทอง
1815,ทำผลิตภัณฑ์จากไม้ไผ่ เช่น ตะเกียบ,เชียงใหม่,50,รายชื่อสถานประกอบการ,ไผ่ทองอุตสาหกรรม,2269654,ป่าบง,2564,สารภี
1816,ทำเส้นก๋วยเตี๋ยว และเส้นหมี่,เชียงใหม่,8,รายชื่อสถานประกอบการ,แสงประทีป,800000,สันปูเลย,2564,ดอยสะเก็ด
1817,ทำน้ำแข็งก้อนเล็ก ,เชียงใหม่,1000000,รายชื่อสถานประกอบการ,ห้างหุ้นส่วนจำกัด วารีเทพ สันกำแพง,0,ทรายมูล,2564,สันกำแพง
1818,ทำน้ำแข็งก้อนเล็ก,เชียงใหม่,50000,รายชื่อสถานประกอบการ,โรงน้ำแข็งสุขเสรี,0,ช้างเผือก,2564,เมืองเชียงใหม่
1819,ทำน้ำแข็งซองได้วันละ 1200 ซอง และทำน้ำแข็งก้อนเล็กได้วันละ 1,เชียงใหม่,300000,รายชื่อสถานประกอบการ,ห้างหุ้นส่วนจำกัด เวียงพิงค์ไอซ์,0,หนองหอย,2564,เมืองเชียงใหม่
1820,ผลิตอาหารสัตว์,เชียงใหม่,1000000,รายชื่อสถานประกอบการ,บริษัท อาร์.พี.เอ็ม ฟาร์ม แอนด์ ฟีด จำกัด,0,หนองควาย,2564,หางดง
1821,ผลิตอาหารผสม หรืออาหารสำเร็จรูปสำหรับเลี้ยงสัตว์,เชียงใหม่,5000000,รายชื่อสถานประกอบการ,บริษัท โฟร์ ที จำกัด,0,ดอยหล่อ,2564,ดอยหล่อ
1822,บดถั่วเหลืองสำหรับเป็นส่วนผสมอาหารสัตว์,เชียงใหม่,500000,รายชื่อสถานประกอบการ,ห้างหุ้นส่วนจำกัด โรงสีข้าวรวงทองเชียงใหม่,0,เชิงดอย,2564,ดอยสะเก็ด
1823,ผลิตโซดา และน้ำดื่ม,เชียงใหม่,165,รายชื่อสถานประกอบการ,บริษัท เชียงใหม่ เบเวอเรช จำกัด,1160000000,ยางเนิ้ง,2564,สารภี
1824,ผลิตน้ำแร่ น้ำดื่ม และขวดพลาสติก,เชียงใหม่,90,รายชื่อสถานประกอบการ,บริษัท ทิปโก้ฟูดส์ จำกัด (มหาชน),400000000,โป่งแยง,2564,แม่ริม
1825,ทำวงกบประตู-หน้าต่าง เครื่องเรือนเครื่องใช้ในบ้านเรือน และไม้เซาะร่องรางลิ้นอัดเป็นแผ่นสำเร็จ,เชียงใหม่,1000000,รายชื่อสถานประกอบการ,นายนพรัตน์ นิมมานวัฒนา,0,น้ำแพร่,2564,หางดง
1826,ทำเครื่องเรือนจากไม้ เช่น ตู้ โต๊ะ เตียง,เชียงใหม่,3950000,รายชื่อสถานประกอบการ,ตนานุวัฒน์เฟอร์นิเจอร์,0,แม่เหียะ,2564,เมืองเชียงใหม่
1827,ฆ่าและชำแหละสุกร,เชียงใหม่,80000000,รายชื่อสถานประกอบการ,บริษัท วีพีเอฟ กรุ๊ป (1973) จำกัด,0,ชมภู,2564,สารภี
1828,แปรรูปผลิตภัณฑ์จากผึ้ง เช่น น้ำผึ้ง นมผึ้ง เกสรผึ้ง และไขผึ้ง ,เชียงใหม่,25000000,รายชื่อสถานประกอบการ,บริษัท เชียงใหม่ เฮลดี้ โปรดักส์ จำกัด,0,สารภี,2564,สารภี
1829,ผลิตนมพาสเจอร์ไรส์และนมเปรี้ยวพร้อมดื่ม,เชียงใหม่,8,รายชื่อสถานประกอบการ,สหกรณ์โคนมเชียงใหม่ จำกัด,30000000,ไชยสถาน,2564,สารภี
1830,ผลิตผักและผลไม้บรรจุกระป๋องสำเร็จรูป,เชียงใหม่,110000000,รายชื่อสถานประกอบการ,บริษัท สันติภาพ (ฮั่วเพ้ง 1958) จำกัด,0,แม่แฝกใหม่,2564,สันทราย
1831,ทำผลไม้บรรุกระป๋อง,เชียงใหม่,2000000,รายชื่อสถานประกอบการ,บริษัท โอ.วี.อินเตอร์เนชั่นแนล อิมปอร์ต-เอ็กซ์ปอร์ต จำกัด,0,แม่ทะลบ,2564,ไชยปราการ
1832,แปรรูปผักและผลไม้บรรจุกระป๋อง แช่แข็งทุกชนิด,เชียงใหม่,140,รายชื่อสถานประกอบการ,บริษัท ซันสวีท จำกัด (มหาชน),996020762,ทุ่งสะโตก,2564,สันป่าตอง
1833,ทำอาหารกระป๋องจากผัก พืชหรือผลไม้และดองผักพืชหรือผลไม้,เชียงใหม่,75000000,รายชื่อสถานประกอบการ,บริษัท ช้างอวอดส์ (1959) จำกัด,0,แม่ข่า,2564,ฝาง
1834,ทำผลิตภัณฑ์อาหารจากผัก ผลไม้ บรรจุกระป๋อง,เชียงใหม่,20000000,รายชื่อสถานประกอบการ,บริษัท อาหารเชียงใหม่อุตสาหกรรม จำกัด,0,บ้านกลาง,2564,สันป่าตอง
1835,ทำอาหารและเครื่องดื่มจากผักผลไม้บรรจุกระป๋อง และผักผลไม้แช่แข็ง,เชียงใหม่,12000000,รายชื่อสถานประกอบการ,บริษัท ดอยคำผลิตภัณฑ์อาหาร จำกัด,0,แม่งอน,2564,ฝาง
1836,ทำผัก-ผลไม้ น้ำผัก-ผลไม้ บรรจุกระป๋อง,เชียงใหม่,10000000,รายชื่อสถานประกอบการ,บริษัท สหปราจีนบุรีอุตสาหกรรมอาหาร จำกัด,0,แม่สูน,2564,ฝาง
1837,ผลิตพืช ผัก ผลไม้ แช่แข็ง แบ่งบรรจุอาหารและเครื่องปรุงอาหารโดยไม่มีการผลิต,เชียงใหม่,569567526,รายชื่อสถานประกอบการ,บริษัท เชียงใหม่โฟรเซ่นฟูดส์ จำกัด (มหาชน),0,แม่แฝกใหม่,2564,สันทราย
1838,ผลิตพืช ผัก และผลไม้อบแห้ง,เชียงใหม่,20000000,รายชื่อสถานประกอบการ,บริษัท เอกมี เทรดดิ้ง อินเตอร์เนชั่นแนล จำกัด,0,ดอยหล่อ,2564,ดอยหล่อ
1839,ห้องเย็น,เชียงใหม่,4000000,รายชื่อสถานประกอบการ,บริษัท ห้องเย็นปรมีจำกัด,0,ฟ้าฮ่าม,2564,เมืองเชียงใหม่
1840,ขยายผลิตพืช ผัก ผลไม้แช่แข็ง และห้องเย็น,เชียงใหม่,16500000,รายชื่อสถานประกอบการ,บริษัท เชียงใหม่โฟรเซ่นฟูดส์ จำกัด (มหาชน),0,หนองจ๊อม,2564,สันทราย
1841,ผลิตและจำหน่ายขนมปัง,เชียงใหม่,100000,รายชื่อสถานประกอบการ,เวียงวราเบเกอรี่,0,ป่าบง,2564,สารภี
1842,ทำขนมปังปอนด์ ขนมเค้ก ขนมเปี๊ยะ,เชียงใหม่,8,รายชื่อสถานประกอบการ,มังกรทองเบเกอรี่,2550000,พระสิงห์,2564,เมืองเชียงใหม่
1843,ทำเส้นก๋วยเตี๋ยวและเส้นหมี่,เชียงใหม่,3,รายชื่อสถานประกอบการ,นายกิตติพล ศุภวนานุสรณ์,800000,สันทราย,2564,ฝาง
1844,ผลิตใบชาแห้ง และใบชาผงไม่สำเร็จรูป,เชียงใหม่,5,รายชื่อสถานประกอบการ,บริษัท ชาสยาม จำกัด,30000000,อินทขิล,2564,แม่แตง
1845,"ทำไอศครีมแท่ง, ไอศครีมถ้วย",เชียงใหม่,9,รายชื่อสถานประกอบการ,สโนไวท์,5575000,ช้างม่อย,2564,เมืองเชียงใหม่
1846,คัด บรรจุและแปรรูปผลิตผลการเกษตร เช่น ลำไยสด ลำไยอบแห้ง ชาลำไย,เชียงใหม่,3,รายชื่อสถานประกอบการ,ห้างหุ้นส่วนจำกัด พรมกังวาน,2600000,สันทราย,2564,สารภี
1847,กะเทาะเปลือกถั่วลิสง,เชียงใหม่,4,รายชื่อสถานประกอบการ,ต.วิชัยพาณิชย์,11300000,วัดเกต,2564,เมืองเชียงใหม่
1848,กรอด้าย เข้าเกลียวด้าย,เชียงใหม่,15,รายชื่อสถานประกอบการ,โรงงานฝ้ายป่าไผ่,5800000,เหมืองแก้ว,2564,แม่ริม
1849,ทอเสื่อกก,เชียงใหม่,35,รายชื่อสถานประกอบการ,บริษัท ไทตาตามิ โปรดักส์ จำกัด,12000000,หนองควาย,2564,หางดง
1850,ตัดเย็บเสื้อผ้าสำเร็จรูป,เชียงใหม่,74,รายชื่อสถานประกอบการ,บริษัท ซี.เอ็ม.แอพพาเรล จำกัด,11250000,เวียง,2564,พร้าว
1851,ผลิตออกแบบ เสื้อผ้าสำเร็จรูป ผ้าไหมไทย ผ้าฝ้ายและอื่นๆ,เชียงใหม่,52,รายชื่อสถานประกอบการ,บริษัท คลาสสิค โมเดล จำกัด,16000000,ป่าแดด,2564,เมืองเชียงใหม่
1852,ผลิต ผลิตภัณฑ์หรือชิ้นส่วนของผลิตภัณฑ์และเครื่องใช้เครื่องแต่งกาย จากหนังสัตว์ ขนสัตว์,เชียงใหม่,70,รายชื่อสถานประกอบการ,บริษัท เมซอง ทาคุยะ 21 (ประเทศไทย) จำกัด,6500000,ต้นเปา,2564,สันกำแพง
1853,โรงงานผลิตเครื่องใช้จากหวายและไม้ไผ่,เชียงใหม่,55,รายชื่อสถานประกอบการ,บริษัท บาย ปาริสรา อินเตอร์เอ็กซ์พอร์ต จำกัด,12700000,บ้านแหวน,2564,หางดง
1854,ประดิษฐ์ไม้แกะสลัก,เชียงใหม่,25,รายชื่อสถานประกอบการ,สิ่งประดิษฐ์ไม้แกะสลักอัศ+นุชนาถ,7250000,สุเทพ,2564,เมืองเชียงใหม่
1855,ทำภาชนะบรรจุ และผลิตภัณฑ์จากกระดาษสา,เชียงใหม่,60,รายชื่อสถานประกอบการ,บริษัท ไทยแฮนดิคราฟท์ เอ็กซ์ปอร์ท เซ็นเตอร์ จำกัด,0,ต้นเปา,2564,สันกำแพง
1856,ผลิตผลิตภัณฑ์จากผึ้ง เช่น น้ำผื้ง ไขผึ้ง เกสรดอกไม้ นมผึ้ง,เชียงใหม่,25,รายชื่อสถานประกอบการ,บริษัท ฮันนี่ โพลีพลัส จำกัด,12000000,ท่าศาลา,2564,เมืองเชียงใหม่
1857,ผลิตภัณฑ์อาหารพร้อมรับประทาน,เชียงใหม่,52,รายชื่อสถานประกอบการ,บริษัท พรีเมี่ยมฟูดส์ จำกัด,33714500,แม่แฝก,2564,สันทราย
1858,ผลิตอาหารสำหรับสายการบิน,เชียงใหม่,50,รายชื่อสถานประกอบการ,บริษัท ครัวการบินกรุงเทพเชียงใหม่ จำกัด,180000000,สุเทพ,2564,เมืองเชียงใหม่
1859,พิมพ์ป้ายโฆษณาขนาดใหญ่ด้วยคอมพิวเตอร์,เชียงใหม่,30,รายชื่อสถานประกอบการ,บริษัท วีซายน์ มีเดีย จำกัด,17500000,หนองหอย,2564,เมืองเชียงใหม่
1860,ผลิต จำหน่าย ผลิตภัณฑ์คอนกรีต,เชียงใหม่,8,รายชื่อสถานประกอบการ,ห้างหุ้นส่วนจำกัด สิงโตทอง คอนกรีต,8500000,สะเมิงใต้,2564,สะเมิง
1861,ผลิตคอนกรีตผสมเสร็จและผลิตภัณฑ์คอนกรีต,เชียงใหม่,9,รายชื่อสถานประกอบการ,ห้างหุ้นส่วนจำกัด เอ.เอ็น.วี คอนกรีต,7400000,ขี้เหล็ก,2564,แม่ริม
1862,ผลิตและจำหน่ายคอนกรีตผสมเสร็จ,เชียงใหม่,1,รายชื่อสถานประกอบการ,บริษัท พูนสวัสดิ์ คอนกรีต จำกัด,4400000,ป่าตุ้ม,2564,พร้าว
1863,ผลิตคอนกรีตผสมเสร็จ,เชียงใหม่,4,รายชื่อสถานประกอบการ,ห้างหุ้นส่วนจำกัด พงษ์ศรา คอนกรีต,390000,ช่างเคิ่ง,2564,แม่แจ่ม
1864,ประกอบเครื่องเรือนโลหะ,เชียงใหม่,6,รายชื่อสถานประกอบการ,บริษัท เอ็ม.เจ.สตีล จำกัด,4800000,หนองหาร,2564,สันทราย
1865,"กลึง, เชื่อมโลหะ",เชียงใหม่,4,รายชื่อสถานประกอบการ,นายสุธรรม แก้วหน่อวรรณ์,1900000,ยุหว่า,2564,สันป่าตอง
1866,ทำเครื่องใช้เล็ก ๆ จากโลหะ,เชียงใหม่,53,รายชื่อสถานประกอบการ,บริษัท ลอยฟ้า คอลเลคชั่น จำกัด,4500000,ท่าวังตาล,2564,สารภี
1867,"ซ่อมแซมเครื่องจักรกลการเกษตร,ซ่อมแซมเครื่องยนต์ยานยนต์ที่ใช้ในการเกษตร",เชียงใหม่,18,รายชื่อสถานประกอบการ,เชียงใหม่บริการแทรกเตอร์,8000000,หนองป่าครั่ง,2564,เมืองเชียงใหม่
1868,ประกอบดัดแปลงสภาพรถยนต์ หรือรถยนต์สามล้อ ทำชิ้นส่วนพิเศษสำหรับรถยนต์ หรือเรือ ประกอบดัดแปลงสภาพจักรยานยนต์ จักรยานยนต์สามล้อ ซ่อมรถยนต์,เชียงใหม่,6,รายชื่อสถานประกอบการ,บริษัท ชินนเรศพัฒนา จำกัด,2860000,หนองป่าครั่ง,2564,เมืองเชียงใหม่
1869,เบาะรถยนต์และชิ้นส่วนเบาะรถยนต์,เชียงใหม่,7,รายชื่อสถานประกอบการ,บริษัท สมาร์ทฟลอร์ ซีตติ้ง (ไทยแลนด์) จำกัด,4200000,สันป่าเปา,2564,สันทราย
1870,"ผลิตขิงดอง,ลังไม้",เชียงใหม่,61,รายชื่อสถานประกอบการ,บริษัท ต้าเฉิน อินเตอร์เนชั่นเนล จำกัด,21900000,หนองบัว,2564,ไชยปราการ
1871,ผลิตลูกปัดแก้ว,เชียงใหม่,50,รายชื่อสถานประกอบการ,บริษัท ไฟนรก จำกัด,0,ทรายมูล,2564,สันกำแพง
1872,ห้องเย็นเก็บพืชผลทางการเกษตร,เชียงใหม่,6,รายชื่อสถานประกอบการ,สรายุทธ,7000000,ท่ากว้าง,2564,สารภี
1873,"ห้องเย็นเก็บรักษาผลิตภัณฑ์ไอศกรีม และอาหาร,เครื่องดื่ม ที่ต้องเก็บรักษาในห้องเย็นทุกชนิด",เชียงใหม่,5,รายชื่อสถานประกอบการ,บริษัท จอมธนา จำกัด,13800000,สันทรายน้อย,2564,สันทราย
1874,โรงงานซักรีด ซักแห้ง ซักฟอก รีด อัด หรือย้อมผ้า เครื่องนุ่งห่ม พรม หรือ ขนสัตว์,เชียงใหม่,9,รายชื่อสถานประกอบการ,เอ็ม แอนด์ เอ็ม ลอนตรี้,12500000,แม่คือ,2564,ดอยสะเก็ด
1875,ทำผลิตภัณฑ์จากไม้ไผ่,เชียงใหม่,43,รายชื่อสถานประกอบการ,บริษัท ฮูไทยคราฟท์ จำกัด,5523000,หางดง,2565,หางดง
1876,ทำเส้นก๋วยเตี๋ยว เส้นหมี่สดและแห้ง,เชียงใหม่,73,รายชื่อสถานประกอบการ,ห้างหุ้นส่วนจำกัด อิสริยะผล,23500000,ป่าตัน,2565,เมืองเชียงใหม่
1877,ผลิตเส้นก๋วยเตี๋ยว,เชียงใหม่,2000000,รายชื่อสถานประกอบการ,บริษัท กรีนเนเจอร์ เกรนส์ แอนด์ นู้ดเดิ้ล จำกัด,0,สบแม่ข่า,2565,หางดง
1878,ปรับปรุงคุณภาพกระจกให้เป็นกระจกนิรภัยสำหรับอาคารและอื่น ๆ,เชียงใหม่,60,รายชื่อสถานประกอบการ,บริษัท กมลพิศาลกระจกนิรภัย จำกัด,193000000,แม่แฝก,2565,สันทราย
1879,คัดแยกวัสดุที่ไม่ใช้แล้วเฉพาะที่กำหนดในหมวด 1 ข้อ 1 ของภาคผนวกที่ 1 บัญชีสิ่งปฏิกูลหรือวัสดุที่ไม่ใช้แล้ว ท้ายประกาศกระทรวงอุตสาหกรรม ฉบับที่ 1 (พ.ศ.2541) เช่น เศษกระดาษ พลาสติก โลหะ และนำตัวทำละลายใช้แล้ว มาผ่านกระบวนการทางอุตสาหกรรม เพื่อนำกลับมาใช้เป็นเชื้อเพลิงทดแทน และนำน้ำมันใช้แล้วมาผ่านกระบวนการทางอุตสาหกรรม เพื่อนำกลับมาใช้เป็นเชื้อเพลิงทดแทน น้ำมันทาแบบและน้ำมันหยอดทิ้ง,เชียงใหม่,7,รายชื่อสถานประกอบการ,ห้างหุ้นส่วนจำกัด วัฒนะปิโตร ซัพพลาย,1250000,ลวงเหนือ,2565,ดอยสะเก็ด
1880,คัดแยกสิ่งปฏิกูลหรือวัสดุที่ไม่ใช้แล้วที่ไม่เป็นของเสียอันตราย,เชียงใหม่,100000,รายชื่อสถานประกอบการ,อรัญญาพลาสติก,0,ท่าวังตาล,2565,สารภี
1881,คัดแยกวัสดุที่ไม่ใช้แล้วที่ไม่เป็นของเสียอันตราย,เชียงใหม่,20000000,รายชื่อสถานประกอบการ,บริษัท ส.รวมเศษ สันทราย จำกัด,0,แม่แฝก,2565,สันทราย
1882,คัดแยกสิ่งปฏิกูลหรือวัสดุที่ไม่ใช้แล้วที่ไม่เป็นของเสียอันตราย เฉพาะเศษกระดาษ เศษพลาสติก เศษโลหะ อัดเศษกระดาษและบดย่อยพลาสติก,เชียงใหม่,11,รายชื่อสถานประกอบการ,ห้างหุ้นส่วนจำกัด ท้าวบุญเรือง,4500000,ข่วงเปา,2565,จอมทอง
1883,คัดแยกวัสดุที่ไม่ใช้แล้วเฉพาะที่กำหนดไว้ในหมวด 1 ข้อ 1 ของภาคผนวกที่ 1 บัญชีสิ่งปฏิกูลหรือวัสดุที่ไม่ใช้แล้วท้ายประกาศกระทรวงอุตสาหกรรม ฉบับที่ 1 (พ.ศ.2541),เชียงใหม่,200000,รายชื่อสถานประกอบการ,ห้างหุ้นส่วนจำกัด บี.บี.บี. เพาเวอร์,0,หารแก้ว,2565,หางดง
1884,ทำเชื้อเพลิงทดแทนจากน้ำมันหล่อลื่นที่ใช้แล้วและตัวทำละลายที่ใช้แล้ว โดยกระบวนการกรองซ่อมและล้างบรรจุภัณฑ์ด้วยตัวทำละลาย และเก็บรวบรวมแบตเตอรี่เก่าโดยไม่มีการแปรสภาพ และดัดแยกวัสดุที่ไม่ใช้แล้วที่ไม่เป็นของเสียอันตราย,เชียงใหม่,1000000,รายชื่อสถานประกอบการ,บริษัท ชินโชติสุทธิธนาภูมิ จำกัด,0,บ้านกลาง,2565,สันป่าตอง
1885,บ่มและอบใบยาสูบ 7.5 ตัน,เชียงใหม่,310,รายชื่อสถานประกอบการ,บริษัท ไซแอมโทแบคโคเอกซ์ปอร์ตคอร์ปอเรชั่น จำกัด,963000000,ยางเนิ้ง,2565,สารภี
1886,ผลิตใบชาแห้งและใบชาผง,เชียงใหม่,0,รายชื่อสถานประกอบการ,บริษัท ชาระมิงค์ จำกัด,0,ท่าศาลา,2565,เมืองเชียงใหม่
1887,ทำน้ำแข็ง ได้วันละ 439 ซอง และทำน้ำแข็งก้อนเล็กได้วันละ 84 ต,เชียงใหม่,2000000,รายชื่อสถานประกอบการ,ห้างหุ้นส่วนจำกัด โรงน้ำแข็งทวีชัยเชียงใหม่,0,ฟ้าฮ่าม,2565,เมืองเชียงใหม่
1888,ทำน้ำแข็งซองได้วันละ 337 ซอง และน้ำแข็งก้อนเล็กได้วันละ 91.44 ตัน,เชียงใหม่,0,รายชื่อสถานประกอบการ,บริษัท โรงน้ำแข็งวังสิงห์คำอุตสาหกรรม จำกัด,0,ช้างม่อย,2565,เมืองเชียงใหม่
1889,ทำน้ำแข็งก้อนเล็ก และน้ำแข็งซอง,เชียงใหม่,100000,รายชื่อสถานประกอบการ,บริษัท วารีเทพ จอมทอง จำกัด,0,ข่วงเปา,2565,จอมทอง
1890,ทำน้ำแข็งซองได้วันละ 760 ซอง และน้ำแข็งก้อนเล็ก 176 ตัน/วัน,เชียงใหม่,1500000,รายชื่อสถานประกอบการ,บริษัท โรงน้ำแข็งรัตนโกสินทร์ จำกัด,0,ช้างเผือก,2565,เมืองเชียงใหม่
1891,ทำน้ำแข็งก้อนเล็กเพิ่มขึ้น 50 ตัน/วัน และผลิตน้ำแข็งซองมีกำลังการผลิต 500 ซอย/วัน,เชียงใหม่,1000000,รายชื่อสถานประกอบการ,ห้างหุ้นส่วนจำกัด โรงน้ำแข็งอภิชัย (2013),0,สันมหาพน,2565,แม่แตง
1892,ทำน้ำแข็งซอง ได้วันละ 1343 ซอง และน้ำเข็งก้อนเล็ก,เชียงใหม่,500000,รายชื่อสถานประกอบการ,โรงน้ำแข็งวังสิงห์คำ,0,ช้างม่อย,2565,เมืองเชียงใหม่
1893,ผลิตน้ำแข็ง,เชียงใหม่,1000000,รายชื่อสถานประกอบการ,บริษัท โรงน้ำแข็งแม่ริม เชียงใหม่ กิจวารี จำกัด,0,สันโป่ง,2565,แม่ริม
1894,ทำน้ำแข็งซอง,เชียงใหม่,11,รายชื่อสถานประกอบการ,โรงน้ำแข็งสารภี,6000000,หนองผึ้ง,2565,สารภี
1895,ผลิตน้ำแข็งหลอด,เชียงใหม่,3000000,รายชื่อสถานประกอบการ,นางภัทรา โตไพบูลย์,0,สันปูเลย,2565,ดอยสะเก็ด
1896,ผลิตน้ำแข็ง,เชียงใหม่,3000000,รายชื่อสถานประกอบการ,บริษัท โรงน้ำแข็ง อ.ลักขณา (ดอยสะเก็ดกิจวารี) จำกัด,0,เชิงดอย,2565,ดอยสะเก็ด
1897,ผลิตน้ำแข็งหลอด,เชียงใหม่,10000000,รายชื่อสถานประกอบการ,บริษัท โรงน้ำแข็งสารภีกิจวารี(เชียงใหม่) จำกัด,0,ชมภู,2565,สารภี
1898,ทำน้ำแข็งซอง ได้วันละ 415 ซอง และน้ำแข็งก้อนเล็ก ได้วันละ 50 ตัน,เชียงใหม่,8,รายชื่อสถานประกอบการ,สโนไอซ์ (สาขา 1),34000000,ช้างม่อย,2565,เมืองเชียงใหม่
1899,อบ ป่น บด เมล็ดพืช หัวพืช เช่นกระเทียมผง กระเทียมเจียว พริกบด ข้าวสารอบแห้ง,เชียงใหม่,52,รายชื่อสถานประกอบการ,บริษัท นิธิฟู้ดส์ จำกัด,100000000,บ้านกลาง,2565,สันป่าตอง
1900,โรงงานอบลำไย,เชียงใหม่,20000000,รายชื่อสถานประกอบการ,บริษัท เอ.อะโกร จำกัด,0,บงตัน,2565,ดอยเต่า
1901,อบพืชผลทางการเกษตร,เชียงใหม่,10000000,รายชื่อสถานประกอบการ,โรงอบลำไยท่าวังพร้าว,0,ท่าวังพร้าว,2565,สันป่าตอง
1902,อบแห้งแบบแอร์ดราย พืช ผัก ผลไม้และเนื้อสัตว์,เชียงใหม่,0,รายชื่อสถานประกอบการ,บริษัท พรีเซิร์ฟ อะโกร โปรดักส์ จำกัด,0,ขี้เหล็ก,2565,แม่ริม
1903,อบพืชผลทางการเกษตร,เชียงใหม่,1500000,รายชื่อสถานประกอบการ,ศ.ชินพงศ์ การค้า,0,เวียง,2565,ฝาง
1904,อบพืชผลทางการเกษตร ปรับปรุงคุณภาพของผลิตผลทางการเกษตร,เชียงใหม่,10,รายชื่อสถานประกอบการ,บริษัท สหซินหลงสารภี จำกัด,20000000,สบเตี๊ยะ,2565,จอมทอง
1905,อบลำใย,เชียงใหม่,30000000,รายชื่อสถานประกอบการ,บริษัท ฟู๋เซิง จำกัด,0,ดอยหล่อ,2565,ดอยหล่อ
1906,อบพืชหรือเมล็ดพืช การเก็บรักษาหรือลำเลียงพืช เมล็ดพืช หรือผลิตผลจากพืชในไซโลโกดัง หรือคลังสินค้า เช่น ข้าวโพด,เชียงใหม่,50,รายชื่อสถานประกอบการ,บริษัท 5เอ เทรดดิ้ง จำกัด,10000000,บ้านแปะ,2565,จอมทอง
1907,อบผลิตผลทางการเกษตร,เชียงใหม่,30,รายชื่อสถานประกอบการ,บริษัท เอส เอ็น พี อะโกร จำกัด,2000000,ท่าวังพร้าว,2565,สันป่าตอง
1908,อบพืชผลทางการเกษตร,เชียงใหม่,3000000,รายชื่อสถานประกอบการ, บริษัท นอร์ท 87 จำกัด,0,แม่แวน,2565,พร้าว
1909,อบพืชผลทางการเกษตร,เชียงใหม่,1000000,รายชื่อสถานประกอบการ,ศรีเจริญ,0,สันทราย,2565,สารภี
1910,อบผลิตผลทางการเกษตร ,เชียงใหม่,15000000,รายชื่อสถานประกอบการ,โรงอบลำไยสรายุทธ,0,ท่ากว้าง,2565,สารภี
1911,อบลำไย,เชียงใหม่,4000000,รายชื่อสถานประกอบการ,บริษัท ชิ่งเฟิง อุตสาหกรรมอาหาร จำกัด,0,ดอยหล่อ,2565,ดอยหล่อ
1912,อบพืชผลทางการเกษตร,เชียงใหม่,10000000,รายชื่อสถานประกอบการ,บริษัท เทียนเฉิน จำกัด,0,ดอยหล่อ,2565,ดอยหล่อ
1913,อบพืชผลทางการเกษตร,เชียงใหม่,60000000,รายชื่อสถานประกอบการ,บริษัท เค.พี.อุตสาหกรรมการผลิต จำกัด,0,แช่ช้าง,2565,สันกำแพง
1914,"ผลิตก้อนเชื้อเห็ดเมืองหนาว ได้ปีละ 6,550 ตัน",เชียงใหม่,20000000,รายชื่อสถานประกอบการ,บริษัท สหฟาร์มเห็ด จำกัด,0,แม่แฝกใหม่,2565,สันทราย
1915,เพาะเห็ด เช่น เห็ดนางรมหลวง,เชียงใหม่,20000000,รายชื่อสถานประกอบการ,บริษัท เชียงใหม่ฟาร์มเห็ด จำกัด,0,แม่แฝกใหม่,2565,สันทราย
1916,ผลิตน้ำดื่มและเครื่องดื่มที่ไม่มีแอลกอฮอล์,เชียงใหม่,48,รายชื่อสถานประกอบการ,บริษัท โอเค ฟู้ดแอนด์เบฟเวอร์เรจ จำกัด,57000000,ทุ่งต้อม,2565,สันป่าตอง
1917,ผลิตน้ำดื่มและทำภาชนะบรรจุจากพลาสติก,เชียงใหม่,40,รายชื่อสถานประกอบการ,บริษัท แร่เบฟเวอเรจ จำกัด,664000000,ปิงโค้ง,2565,เชียงดาว
1918,ฟอกย้อมผ้า และพิมพ์ผ้า,เชียงใหม่,10,รายชื่อสถานประกอบการ,นางสาวชริญา สุวรรณ,2100000,บวกค้าง,2565,สันกำแพง
1919,ย้อมด้าย,เชียงใหม่,200000,รายชื่อสถานประกอบการ,โฟร์สตาร์,0,ช้างคลาน,2565,เมืองเชียงใหม่
1920,ตัดเย็บเสื้อผ้าสำเร็จรูป (จำนวนจักรเย็บผ้า 156 เครื่อง),เชียงใหม่,1000000,รายชื่อสถานประกอบการ,บริษัท ตันติยานันท์ การ์เมนท์ จำกัด,0,หนองจ๊อม,2565,สันทราย
1921,ตัดเย็บเสื้อผ้าสำเร็จรูป (จำนวนจักรเย็บผ้า 90 เครื่อง),เชียงใหม่,1000000,รายชื่อสถานประกอบการ,บริษัท บ้านไทย การ์เมนท์ จำกัด,0,ทรายมูล,2565,สันกำแพง
1922,"ดูดทราย ได้เดือนละ 4,000 ลูกบาศก์เมตร ใบอนุญาตใช้เรือเลขที่ 3650 01226",เชียงใหม่,500000,รายชื่อสถานประกอบการ,สวน-ท่าทรายชลาลัยห้วยชมพู,0,แม่แตง,2565,แม่แตง
1923,แปรรูปไม้โดยใช้เครื่องจักร,เชียงใหม่,2000000,รายชื่อสถานประกอบการ,นายสามชาย หิรัญรัตน์,0,ดอนเปา,2565,แม่วาง
1924,แปรรูปไม้ยางพาราและไม้ที่ปลูกขึ้นโดยเฉพาะ 13 ชนิด ตามมติคณะรัฐมนตรีเพื่อจำหน่าย,เชียงใหม่,7,รายชื่อสถานประกอบการ,กงกฤษ พันธ์พงษ์,1497000,หนองแหย่ง,2565,สันทราย
1925,เลื่อยไม้,เชียงใหม่,12,รายชื่อสถานประกอบการ,บริษัท เชียงใหม่สุขสวัสดิ์ อุตสาหกรรม จำกัด,4000000,เชิงดอย,2565,ดอยสะเก็ด
1926,เพื่อผลิตไม้แปรรูปหรือชิ้นไม้สับจากไม้ยางพาราและไม้ที่ปลูกขึ้น 13 ชนิด ตามมติคณะรัฐมนตรี เพื่อจำหน่าย,เชียงใหม่,7,รายชื่อสถานประกอบการ,นางต่อมคำ อินใจ,3700000,แม่ข่า,2565,ฝาง
1927,ทำวงกบประตู-หน้าต่างและไม้ปาร์เกต์,เชียงใหม่,12,รายชื่อสถานประกอบการ,นายสมชาย วุฒิธนากร,3750000,ท่าศาลา,2565,เมืองเชียงใหม่
1928,ทำวงกบประตู-หน้าต่าง เครื่องเรือน เครื่องใช้ ปาร์เกตโมเสค ไม้ประสาน ไม้ฉลุ ไม้คิ้ว ไม้บัว ไม้กั้นฝา ไม้กลึง ไม้เชิงราวบันได แกะสลักไม้ กรอบรูปไม้ อบอาบน้ำยาไม้   ,เชียงใหม่,99600000,รายชื่อสถานประกอบการ,บริษัท เชียงใหม่สุขสวัสดิ์ อุตสาหกรรม จำกัด,0,เชิงดอย,2565,ดอยสะเก็ด
1929,ทำวงกบบานประตู หน้าต่าง ปาร์เกต์ โมเสคและเครื่องเรือนจากไม้,เชียงใหม่,200000,รายชื่อสถานประกอบการ,,0,ฟ้าฮ่าม,2565,เมืองเชียงใหม่
1930,ทำวงกบประตูหน้าต่าง และเครื่องเรือนจากไม้,เชียงใหม่,20000000,รายชื่อสถานประกอบการ,บริษัท เชียงใหม่สุดาลักษ์ จำกัด,0,ต้นเปา,2565,สันกำแพง
1931,ทำวงกบประตู-หน้าต่าง โมเสค ปาร์เก้ และเครื่องเรือนจากไม้,เชียงใหม่,5060000,รายชื่อสถานประกอบการ,บริษัท บี.เค.โฮมเฟอร์นิชิ่ง จำกัด,0,ท่าศาลา,2565,เมืองเชียงใหม่
1932,ทำวงกบประตู หน้าต่างและเครื่องเรือนจากไม้,เชียงใหม่,3000000,รายชื่อสถานประกอบการ,,0,ป่าตัน,2565,เมืองเชียงใหม่
1933,ผลิตเชื้อเพลิงชีวมวลอัดแท่ง,เชียงใหม่,5000000,รายชื่อสถานประกอบการ,ห้างหุ้นส่วนจำกัด สยาม เมนเทแนนซ์ แอนด์ เซอร์วิส,0,บงตัน,2565,ดอยเต่า
1934,อบไม้ ผลิตไม้พื้นปาเกต์ โมเสก ของเด็กเล่น วงกบประตู-หน้าต่าง เครื่องเรือนจากไม้,เชียงใหม่,44,รายชื่อสถานประกอบการ,บริษัท ไม้อบทวีพรรณ จำกัด,8050000,ดอนแก้ว,2565,แม่ริม
1935,ทำเครื่องเรือนจากไม้,เชียงใหม่,3000000,รายชื่อสถานประกอบการ,ห้างหุ้นส่วนจำกัด พจนะศิลป์เฟอร์นิเจอร์,0,วัดเกต,2565,เมืองเชียงใหม่
1936,ทำไม้ปาเก้ เครื่องเรือน,เชียงใหม่,258,รายชื่อสถานประกอบการ,ห้างหุ้นส่วนจำกัด ไทยอินเตอร์เนชั่นแนลแฮนดิคราฟท์,17500000,สันผักหวาน,2565,หางดง
1937,ทำเครื่องเรือนจากไม้,เชียงใหม่,7800000,รายชื่อสถานประกอบการ,หมินเฉินเฟอร์นิเจอร์,0,สุเทพ,2565,เมืองเชียงใหม่
1938,ทำวงกบ บานประตู-หน้าต่างและเครื่องเรือนจากไม้,เชียงใหม่,500000,รายชื่อสถานประกอบการ,นางจินดา ชัยมงคล,0,ท่าศาลา,2565,เมืองเชียงใหม่
1939,ทำเครื่องเรือนด้วยไม้,เชียงใหม่,1100000,รายชื่อสถานประกอบการ,เอส.วี.เฟอร์นิเจอร์,0,วัดเกต,2565,เมืองเชียงใหม่
1940,ทำเครื่องเรือนจากไม้,เชียงใหม่,10000000,รายชื่อสถานประกอบการ,บริษัท ทวีพรรณ เฟอร์นิเจอร์ จำกัด,0,ดอนแก้ว,2565,แม่ริม
1941,ทำกระดาษสา กำลังการผลิต 25 ตันต่อปี,เชียงใหม่,5000000,รายชื่อสถานประกอบการ,บริษัท สยามพรหมประทาน จำกัด,0,สันกำแพง,2565,สันกำแพง
1942,ผลิตแผ่นกระดาษลูกฟูก และกล่องกระดาษ,เชียงใหม่,87,รายชื่อสถานประกอบการ,บริษัท ซี.พี.ดี.ชีทบอร์ด จำกัด,100004172,หนองแฝก,2565,สารภี
1943,ผลิตแผ่นกระดาษลูกฟูกและกล่องกระดาษลูกฟูก,เชียงใหม่,13,รายชื่อสถานประกอบการ,บริษัท ซี.พี.ดี.ชีทบอร์ด จำกัด,15161000,หนองแฝก,2565,สารภี
1944,ฆ่าไก่,เชียงใหม่,700000,รายชื่อสถานประกอบการ,นายนิวัฒน์ ทานสุพรรณ,0,แม่คือ,2565,ดอยสะเก็ด
1945,โรงฆ่าสัตว์ และแปรรูปอาหาร,เชียงใหม่,35,รายชื่อสถานประกอบการ,บริษัท เชียงใหม่กิจมงคล จำกัด,55000000,แม่แตง,2565,แม่แตง
1946,ทำผลิตภัณฑ์จากผึ้ง เช่น น้ำผึ้งบริสุทธิ์ นมผึ้ง รังผึ้งเทียม ขี้ผึ้ง,เชียงใหม่,1000000,รายชื่อสถานประกอบการ,บริษัท หยางซิ่ง (ไทยแลนด์) จำกัด,0,สบแม่ข่า,2565,หางดง
1947,อัดเศษกระดาษ,เชียงใหม่,500000,รายชื่อสถานประกอบการ,ร้านเสี่ยกาย,0,วัดเกต,2565,เมืองเชียงใหม่
1948,ทำผลิตภัณฑ์นม,เชียงใหม่,79,รายชื่อสถานประกอบการ,โรงงานผลิตภัณฑ์นมห้วยแก้ว,19000000,ช้างเผือก,2565,เมืองเชียงใหม่
1949,ผลิตแอสฟัลด์ติกคอนกรีต,เชียงใหม่,3000000,รายชื่อสถานประกอบการ,บริษัท อุดมศักดิ์เชียงใหม่ จำกัด,0,แม่แฝกใหม่,2565,สันทราย
1950, ผลิตแอสฟัลต์ติกคอนกรีต,เชียงใหม่,300000,รายชื่อสถานประกอบการ,บริษัท พีซีเอ็น คอร์ป จำกัด (มหาชน),0,ป่าป้อง,2565,ดอยสะเก็ด
1951,ผลิตภัณฑ์ขวดพลาสติก,เชียงใหม่,20000000,รายชื่อสถานประกอบการ,บริษัท เมก้า พลาสติก จำกัด,0,ไชยสถาน,2565,สารภี
1952,"ผลิตผลิตภัณฑ์พลาสติก เช่น ขวดพลาสติก ได้ปีละ 14,400,000 ใบ",เชียงใหม่,4000000,รายชื่อสถานประกอบการ,บริษัท รวมแพคส์ พลาสติก จำกัด,0,สารภี,2565,สารภี
1953,ทำผลิตภัณฑ์พลาสติก เช่น ขวดพลาสติก จุกขวดพลาสติก,เชียงใหม่,24000000,รายชื่อสถานประกอบการ,บริษัท เชียงใหม่อุตสาหกรรมพลาสติก จำกัด,0,ตลาดขวัญ,2565,ดอยสะเก็ด
1954,ผลิตแผ่นพลาสติกเพื่อการเกษตร,เชียงใหม่,700000,รายชื่อสถานประกอบการ,บริษัท โกลเด็น ไดมอนด์ จำกัด,0,หางดง,2565,หางดง
1955,ทำเครื่องปั้นดินเผา,เชียงใหม่,277,รายชื่อสถานประกอบการ,เปรมประชาคอลเลคชั่น,9500000,ต้นเปา,2565,สันกำแพง
1956,ทำเครื่องปั้นดินเผา,เชียงใหม่,300000,รายชื่อสถานประกอบการ,ศรีวรรณา,0,สารภี,2565,สารภี
1957,ทำเครื่องปั้นดินเผา เช่น กระถางปลูกต้นไม้,เชียงใหม่,50000,รายชื่อสถานประกอบการ,เชียงใหม่เครื่องปั้นดินเผา,0,สันผักหวาน,2565,หางดง
1958,"ผลิตกระเบื้องมุงหลังคา, กระเบื้องปูพื้นและเกล็ดนาค",เชียงใหม่,500000,รายชื่อสถานประกอบการ,โรงงานกระเบื้องเคลือบเวียงพิงค์,0,ดอนแก้ว,2565,แม่ริม
1959,ทำอิฐ,เชียงใหม่,100000,รายชื่อสถานประกอบการ,บริษัท ภราดรอุตสาหกรรม จำกัด,0,หนองควาย,2565,หางดง
1960,ผลิตอิฐบล๊อกและกระเบื้องดินเผา,เชียงใหม่,1983000,รายชื่อสถานประกอบการ,บริษัท ธราดล จำกัด,0,ท่าศาลา,2565,เมืองเชียงใหม่
1961,ผลิตคอนกรีตผสมเสร็จ,เชียงใหม่,500000,รายชื่อสถานประกอบการ,หน่วยผลิตคอนกรีตเชียงใหม่1,0,หนองผึ้ง,2565,สารภี
1962,ผลิตคอนกรีตผสมเสร็จ,เชียงใหม่,200000,รายชื่อสถานประกอบการ,โรงงานคอนกรีตผสมเสร็จ เชียงใหม่-หางดง,0,หนองควาย,2565,หางดง
1963,ผลิตคอนกรีตผสมเสร็จ,เชียงใหม่,4000000,รายชื่อสถานประกอบการ,หน่วยผลิตคอนกรีตเชียงใหม่,0,สารภี,2565,สารภี
1964,ผลิตอิฐมวลเบา อบไอน้ำ,เชียงใหม่,30000000,รายชื่อสถานประกอบการ,บริษัท ไดมอนด์ วัสดุ จำกัด,0,แม่แฝก,2565,สันทราย
1965,ผลิตคอนกรีตผสมเสร็จ,เชียงใหม่,6700000,รายชื่อสถานประกอบการ,โรงงานคอนกรีตผสมเสร็จ เชียงใหม่,0,ท่าศาลา,2565,เมืองเชียงใหม่
1966,ทำคอนกรีตผสมเสร็จ,เชียงใหม่,3,รายชื่อสถานประกอบการ,บริษัท นครหลวงคอนกรีต จำกัด,8765000,ช้างเผือก,2565,เมืองเชียงใหม่
1967,ผลิตพื้นสำเร็จรูป เสาเข็มคอนกรีตอัดแรง ท่อระบายน้ำ,เชียงใหม่,30000000,รายชื่อสถานประกอบการ,บริษัท พิบูลย์คอนกรีต จำกัด,0,แม่แฝก,2565,สันทราย
1968,ทำผลิตภัณฑ์คอนกรีต เช่น เสาเข็ม เสาไฟฟ้า เสารั้ว และพื้นสำเร็จรูป,เชียงใหม่,1000000,รายชื่อสถานประกอบการ,บริษัท ฟ้างามคอนกรีต จำกัด,0,หนองควาย,2565,หางดง
1969,ทำประตูเหล็กยืด หน้าต่างเหล็กและกลึงอะไหล่,เชียงใหม่,500000,รายชื่อสถานประกอบการ,กรโลหะทวีกิจ,0,หายยา,2565,เมืองเชียงใหม่
1970,"ผลิตลวดตาข่ายเหล็กไร้สนิมผสมโครเมี่ยม  และบานประตู-หน้าต่าง ลวดตาข่าย เหล็กไร้สนิมชุบโครเมี่ยม แผ่นโลหะเจาะรู และบานประตู-หน้าต่าง แผ่นโลหะเจาะรู (แผ่นอลูมิเนียม, แผ่นเหล็ก, แผ่นเหล็กชุบเคลือบสังกะสี, แผ่นสแตนเลส)",เชียงใหม่,58310000,รายชื่อสถานประกอบการ,บริษัท แมชเทค อินเตอร์เนชั่นแนล จำกัด,0,สารภี,2565,สารภี
1971,อัดเศษโลหะ,เชียงใหม่,1000000,รายชื่อสถานประกอบการ,ส.วิวัฒน์พานิชย์,0,หนองหอย,2565,เมืองเชียงใหม่
1972,ผลิตตู้โลหะสำหรับใช้ในงาน อิเล็คโทรนิคและโทรคมนาคม,เชียงใหม่,11200000,รายชื่อสถานประกอบการ,บริษัท เชอวาล เทคโนโลยี่ จำกัด,0,แช่ช้าง,2565,สันกำแพง
1973,ชุบโลหะและชุบดอกกล้วยไม้,เชียงใหม่,5000000,รายชื่อสถานประกอบการ,บริษัท สยามรอยัลออคิด จำกัด,0,ป่าบง,2565,สารภี
1974,ซ่อมและทำอุปกรณ์ของเครื่องยนต์,เชียงใหม่,410000,รายชื่อสถานประกอบการ,โรงกลึงหนองประทีป,0,หนองป่าครั่ง,2565,เมืองเชียงใหม่
1975,ผลิต และซ่อมอุปกรณ์ชิ้นส่วนเครื่องยนต์,เชียงใหม่,1000000,รายชื่อสถานประกอบการ,เชียงใหม่บุญเจริญภัณฑ์,0,ช้างเผือก,2565,เมืองเชียงใหม่
1976,ซ่อมเครื่องยนต์,เชียงใหม่,200000,รายชื่อสถานประกอบการ,ห้างหุ้นส่วนจำกัด เชียงใหม่ยนต์กิจ,0,ช้างคลาน,2565,เมืองเชียงใหม่
1977,สกัดน้ำมันพืช,เชียงใหม่,1000000,รายชื่อสถานประกอบการ,บริษัท ชัยเสรี จำกัด,0,หนองผึ้ง,2565,สารภี
1978,"สกัดน้ำมันจากไม้กฤษณา, ทำผงธูป",เชียงใหม่,12,รายชื่อสถานประกอบการ,ท๊อปเจริญผงธูป,5200000,ป่าไผ่,2565,สันทราย
1979,ซ่อมรถแทรกเตอร์,เชียงใหม่,10000000,รายชื่อสถานประกอบการ,บริษัท สรสิทธิกลการเชียงใหม่ จำกัด,0,วัดเกต,2565,เมืองเชียงใหม่
1980,ผลิตอะไหล่วิทยุโทรทัศน์,เชียงใหม่,24000000,รายชื่อสถานประกอบการ,บริษัท เอลน่า (ประเทศไทย) จำกัด,0,สุเทพ,2565,เมืองเชียงใหม่
1981,ผลิตผลิตภัณฑ์โลหะรวมทั้งชิ้นส่วนโลหะ เช่น ตุ้สำหรับบรรจุอุปกรณ์อิเลคโทรนิคส์และคมนาคม และส่วนประกอบของตู้,เชียงใหม่,93000000,รายชื่อสถานประกอบการ,บริษัท อีจิซเทค จำกัด,0,ออนใต้,2565,สันกำแพง
1982,ทำซอสมะเขือเทศ ผลไม้กระป๋อง,เชียงใหม่,27300000,รายชื่อสถานประกอบการ,บริษัท รอแยลฟู้ดส์ จำกัด,0,ริมเหนือ,2565,แม่ริม
1983,ผลิตผักและผลไม้บรรจุกระป๋อง,เชียงใหม่,300000,รายชื่อสถานประกอบการ,บริษัท สุนันธนา จำกัด,0,หางดง,2565,ฮอด
1984,แปรรูปผลิตผลทางการเกษตร เช่น มะม่วง สับปะรด สตอเบอรี่ มะละกอ บ๊วย และผลผลิตทางการเกษตรอื่น ๆ,เชียงใหม่,25000000,รายชื่อสถานประกอบการ,บริษัท ที.เค.เค.จันทบุรี ฟู้ดส์ จำกัด,0,สันกลาง,2565,สันป่าตอง
1985,การทำอาหารหรือเครื่องดื่มจากผัก พืชหรือผลไม้ และบรรจุในภาชนะที่ผนึกและอากาศเข้าไม่ได้,เชียงใหม่,13,รายชื่อสถานประกอบการ,บริษัท ดีท็อกซ์ (ประเทศไทย) จำกัด,66000000,น้ำแพร่,2565,หางดง
1986,ผลิตผักและผลไม้กระป๋องทุกชนิด,เชียงใหม่,224,รายชื่อสถานประกอบการ,บริษัท 121 เซลเซียส จำกัด,42000000,หนองตอง,2565,หางดง
1987,ผลิตข้าวโพดหวานและผลไม้บรรจุกระป๋อง,เชียงใหม่,30000000,รายชื่อสถานประกอบการ,บริษัท ฝางอินเตอร์ฟูดส์ จำกัด,0,เวียง,2565,ฝาง
1988,ผลิตภัณฑ์พืชผลทางการเกษครบรรจุกระป๋อง,เชียงใหม่,4000000,รายชื่อสถานประกอบการ,บริษัท หยางไทย จำกัด,0,หนองบัว,2565,ไชยปราการ
1989,"ทำเต้าหู้ยี้, ผักดอง, ขิงดอง",เชียงใหม่,260000,รายชื่อสถานประกอบการ,เชียงใหม่ซัวเตียงฮึ้ง,0,ป่าแดด,2565,เมืองเชียงใหม่
1990,ถนอมผัก พืช หรือผลไม้ โดยวิธีทอดและทำให้เยือกแข็งโดยฉับพลัน,เชียงใหม่,0,รายชื่อสถานประกอบการ,บริษัท ลีโอ ฟู้ดส์ จำกัด,0,บ้านกลาง,2565,สันป่าตอง
1991,ผลิตหรือถนอมอาหารจากพืช ผัก และสัตว์พร้อมรับประทาน หรือกึ่งพร้อมรับประทาน,เชียงใหม่,4137000,รายชื่อสถานประกอบการ,บริษัท พรีเมี่ยมฟู้ดส์ จำกัด,0,แม่แฝก,2565,สันทราย
1992,การถนอมผัก พืช หรือผลไม้โดยวิธีกวน ตากแห้ง ดอง หรือทำให้เยือกแข็งโดยฉับพลัน หรือเหือดแห้ง,เชียงใหม่,5000000,รายชื่อสถานประกอบการ,บริษัท ยูเนี่ยน เฟรช (2003) จำกัด,0,แม่แฝก,2565,สันทราย
1993,ผลิตเหยื่อตกปลาประดิษฐ์,เชียงใหม่,3000000,รายชื่อสถานประกอบการ,บริษัท ไทย เอ ฟลาย จำกัด,0,หนองผึ้ง,2565,สารภี
1994,ทำเครื่องเล่นสนาม เช่น ชิงช้า,เชียงใหม่,20000,รายชื่อสถานประกอบการ,โฮมดีไซน์การช่าง,0,หนองป่าครั่ง,2565,เมืองเชียงใหม่
1995,ผลิตดอกไม้แห้ง ดอกไม้ประดิษฐ์ เครื่องหอม ของชำร่วย,เชียงใหม่,1000000,รายชื่อสถานประกอบการ,บริษัท ซิลเวอร์เรน เอ็กซ์ปอร์ต จำกัด,0,ข่วงเปา,2565,จอมทอง
1996,ผลิตพลังงานไฟฟ้าจากพลังงานแสงอาทิตย์ กำลังการผลิต 4.99 เมกะวัตต์,เชียงใหม่,10000000,รายชื่อสถานประกอบการ,บริษัท เข็มเหล็ก จำกัด,0,บ้านแอ่น,2565,ดอยเต่า
1997,ผลิตพลังงานไฟฟ้าจากแสงอาทิตย์ กำลังการผลิต 0.96 เมกะวัตต์,เชียงใหม่,5300000,รายชื่อสถานประกอบการ,บริษัท ไออีซี แม่ทา แม่แตง จำกัด,0,ขี้เหล็ก,2565,แม่แตง
1998,ผลิตพลังงานไฟฟ้าจากแสงอาทิตย์ กำลังการผลิต 0.96 เมกะวัตต์,เชียงใหม่,5300000,รายชื่อสถานประกอบการ,บริษัท ไออีซี แม่ทา แม่แตง จำกัด,0,ขี้เหล็ก,2565,แม่แตง
1999,ผลิตพลังงานไฟฟ้า,เชียงใหม่,325000,รายชื่อสถานประกอบการ,โรงไฟฟ้าพลังความร้อนใต้พิภพฝาง,0,โป่งน้ำร้อน,2565,ฝาง
2000,ผลิตกระแสไฟฟ้าโดยใช้ก๊าซชีวภาพที่เกิดจากการฝังกลบขยะมูลฝอยเป็นเชื้อเพลิง,เชียงใหม่,2000000,รายชื่อสถานประกอบการ,บริษัท จีอาร์-เทค จำกัด,0,บ้านตาล,2565,ฮอด
2001,ผลิตกระแสไฟฟ้าจากก๊าซชีวภาพ,เชียงใหม่,5,รายชื่อสถานประกอบการ,บริษัท ยูเอซี โกลบอล จำกัด (มหาชน),149000000,แม่แตง,2565,แม่แตง
2002,ผลิตพลังงานไฟฟ้าจากก๊าซชีวภาพ กำลังการผลิต 1.063 เมกะวัตต์,เชียงใหม่,1000000,รายชื่อสถานประกอบการ,บริษัท ซัน สวีท จำกัด (มหาชน),0,ทุ่งสะโตก,2565,สันป่าตอง
2003,ผลิตพลังงานไฟฟ้าขายให้กับการไฟฟ้าส่วนภูมิภาค 1 MW,เชียงใหม่,30000000,รายชื่อสถานประกอบการ,ท่าเชียงทอง,0,บ้านตาล,2565,ฮอด
2004,ผลิตพลังงานไฟฟ้าจากก๊าซชีวภาพที่เกิดจากการฝังกลบขยะ กำลังการผลิต 1.063 เมกะวัตต์,เชียงใหม่,30000000,รายชื่อสถานประกอบการ,ดอยช้างพลังงานพอเพียง,0,บ้านตาล,2565,ฮอด
2005,ผลิตพลังงานไฟฟ้าขายให้กับการไฟฟ้าส่วนภูมิภาค,เชียงใหม่,8,รายชื่อสถานประกอบการ,บริษัท โรงไฟฟ้าบ้านตาล จำกัด,84000000,บ้านตาล,2565,ฮอด
2006,ผลิตและจำหน่ายพลังงานไฟฟ้า กำลังการผลิต 0.037 เมกะวัตต์,เชียงใหม่,100000,รายชื่อสถานประกอบการ,วิสาหกิจชุมชนไฟฟ้าพลังน้ำบ้านแม่โจ้,0,บ้านเป้า,2565,แม่แตง
2007,ผลิตก๊าซชีวภาพอัดความดันสูง,เชียงใหม่,5000000,รายชื่อสถานประกอบการ,บริษัท ยูเอซี โกลบอล จำกัด (มหาชน),0,แม่แตง,2565,แม่แตง
2008,สีข้าว กำลังสีสูงสุดของร้านสีข้าว 80 เกวียน/วัน,เชียงใหม่,5000000,รายชื่อสถานประกอบการ,บริษัท โรงสีข้าวยงฟ้าเชียงใหม่ จำกัด,0,หนองป่าครั่ง,2565,เมืองเชียงใหม่
2009,"สีข้าวและอบพืชผลทางการเกษตร,คัดขนาดคุณภาพผลิตผลทางการเกษตร",เชียงใหม่,6,รายชื่อสถานประกอบการ,บริษัท กรรณิการ์ ธัญญกิจ จำกัด,12800000,แม่สาว,2565,แม่อาย
2010,สีข้าว (กำลังสีสูงสุดของร้านสีข้าว 35 เกวียน/วัน),เชียงใหม่,10000000,รายชื่อสถานประกอบการ,โรงสีข้าวเชียงใหม่พลสุริยะ,0,ทุ่งต้อม,2565,สันป่าตอง
2011,สีข้าว (กำลังการผลิตสูงสุด 200 ตัน/วัน อบพืชหรือเมล็ดพืชและเก็บรักษาหรือลำเลียงพืช หรือเมล็ดพืชในไซโล โกดังหรือคลังสินค้า,เชียงใหม่,40,รายชื่อสถานประกอบการ,บริษัท ข้าวล้านนา สนป่าตอง จำกัด,140000000,สง่าบ้าน,2565,ดอยสะเก็ด
2012,ทำแป้งข้าวจ้าว แป้งข้าวเหนียวและทำเส้นหมี่,เชียงใหม่,40,รายชื่อสถานประกอบการ,ห้างหุ้นส่วนจำกัด โรงงานประสบผล,17500000,ป่าตัน,2565,เมืองเชียงใหม่
2013,ทำเต้าหู้หลอด,เชียงใหม่,850000,รายชื่อสถานประกอบการ,บริษัท เชียงใหม่อุตสาหกรรมถั่วเหลือง จำกัด,0,ตลาดขวัญ,2565,ดอยสะเก็ด
2014,ผลิตน้ำประปาสะอาด,เชียงใหม่,50000000,รายชื่อสถานประกอบการ,โรงกรองน้ำเหนือ,0,สันกลาง,2565,สันป่าตอง
2015,บรรจุหีบห่อผลไม้ ห้องเย็นเก็บผักและผลไม้,เชียงใหม่,94,รายชื่อสถานประกอบการ,นางสายจิต วัฒนาการ,54750000,แม่สูน,2565,ฝาง
2016,แช่เย็นพืชผลการเกษตร,เชียงใหม่,0,รายชื่อสถานประกอบการ,บริษัท ทรายทอง โกลเบิลฟรุต จำกัด,0,แม่สูน,2565,ฝาง
2017,ผลิตผัก ผลไม้ เนื้อสัตว์ แช่แข็ง และห้องเย็น,เชียงใหม่,377,รายชื่อสถานประกอบการ,บริษัท ปริ๊นเซสฟูดส์ จำกัด,257977907,ขี้เหล็ก,2565,แม่ริม
2018,ทำห้องเย็นเก็บมันฝรั่ง,เชียงใหม่,4996401755.3,รายชื่อสถานประกอบการ,บริษัท เป๊ปซี่-โคล่า (ไทย) เทรดดิ้ง จำกัด,0,ปงตำ,2565,ไชยปราการ
2019,ห้องเย็น ,เชียงใหม่,70000000,รายชื่อสถานประกอบการ,บริษัท วีพีเอฟ กรุ๊ป (1973) จำกัด,0,ชมภู,2565,สารภี
2020,ห้องเย็น,เชียงใหม่,5000000,รายชื่อสถานประกอบการ,บริษัท เชียงใหม่โฟรเซ่นฟูดส์ จำกัด (มหาชน),0,แม่แฝกใหม่,2565,สันทราย
2021,ซ่อมรถยนต์,เชียงใหม่,300000,รายชื่อสถานประกอบการ,บริษัท ศรีวิรัตน์ การาจ จำกัด,0,วัดเกต,2565,เมืองเชียงใหม่
2022,ซ่อมจักรยานยนต์ เครื่องอีเล็คโทรนิคส์และเครื่องใช้ไฟฟ้าใน,เชียงใหม่,100000,รายชื่อสถานประกอบการ,บริษัท นอร์ท สตาร์ ออโตโมทีฟ จำกัด,0,พระสิงห์,2565,เมืองเชียงใหม่
2023,ซ่อมรถยนต์และกลึงโลหะ,เชียงใหม่,50000,รายชื่อสถานประกอบการ,กวงเฮงเส็ง (สาขา),0,วัดเกต,2565,เมืองเชียงใหม่
2024,ซ่อมตัวถังรถยนต์,เชียงใหม่,10000,รายชื่อสถานประกอบการ,เวียดนามการช่าง,0,ศรีภูมิ,2565,เมืองเชียงใหม่
2025,เคาะพ่นสีรถยนต์,เชียงใหม่,3000000,รายชื่อสถานประกอบการ,บริษัท โตโยต้า เชียงใหม่ จำกัด,0,สุเทพ,2565,เมืองเชียงใหม่
2026,ซัก อบ รีดเสื้อผ้า,เชียงใหม่,500000,รายชื่อสถานประกอบการ,เมืองสมุทรซักรีด,0,ช้างม่อย,2565,เมืองเชียงใหม่
2027,ซัก ฟอก เสื้อผ้าสำเร็จรูป,เชียงใหม่,12000000,รายชื่อสถานประกอบการ,บริษัท แม่ปิงลอนดริ จำกัด,0,หนองผึ้ง,2565,สารภี
2028,ซักฟอกรีดเสื้อผ้า 150 ตัน/ปี,เชียงใหม่,2000000,รายชื่อสถานประกอบการ,บริษัท สยามพรหมประทาน จำกัด,0,สันกำแพง,2565,สันกำแพง
2029,ซัก อบ รีดผ้า,เชียงใหม่,3000000,รายชื่อสถานประกอบการ,ลินินแคร์,0,บวกค้าง,2565,สันกำแพง
2030,อบใบชาผง,เชียงใหม่,20000000,รายชื่อสถานประกอบการ,แก้วภูทอง,0,เวียง,2565,ฝาง
2031,ผลิตผลทางการเกษตร อบแห้ง แบ่งบรรจุ เช่น ผัก ผลไม้อบแห้ง ชาสมุนไพร เครื่องดื่มสมุนไพร และการแบ่งบรรจุกาแฟสำเร็จรูป,เชียงใหม่,40,รายชื่อสถานประกอบการ,บริษัท นราห์ อินดัสตรี จำกัด,15000000,ห้วยทราย,2565,แม่ริม
2032,อบรมควันลำไย,เชียงใหม่,50,รายชื่อสถานประกอบการ,,5500000,สบเตี๊ยะ,2565,จอมทอง
2033,คัดแยกขนาดหรือคุณภาพและกระเทาะเมล็ดหรือเปลือกกาแฟ,เชียงใหม่,11,รายชื่อสถานประกอบการ,บริษัท วีพีพี โปรเกรสซิฟ จำกัด,12200000,อมก๋อย,2565,อมก๋อย
2034,การร่อน คัด หรือแยกขนาดหรือคุณภาพของผลิตผลทางการเกษตร,เชียงใหม่,4,รายชื่อสถานประกอบการ,แสงสุวรรณ์ค้าพืชไร่,15000000,แม่สาว,2565,แม่อาย
2035,คัดแยกคุณภาพเมล็ดข้าว,เชียงใหม่,4,รายชื่อสถานประกอบการ,นางนันทายา ปัญญา,8500000,แม่สาว,2565,แม่อาย
2036,ตัดเย็บเสื้อผ้าสำเร็จรูป,เชียงใหม่,58,รายชื่อสถานประกอบการ,บริษัท ฝ้ายเอื้องคำ จำกัด,3900000,ยางคราม,2565,ดอยหล่อ
2037,ตัดเย็บเสื้อผ้าสำเร็จรูป,เชียงใหม่,24,รายชื่อสถานประกอบการ,ห้างหุ้นส่วนจำกัด เชียงใหม่โรงงานแดง,6500000,ร้องวัวแดง,2565,สันกำแพง
2038,ขุดทราย,เชียงใหม่,1,รายชื่อสถานประกอบการ,ห้างหุ้นส่วนจำกัด พูนสวัสดิ์ก่อสร้าง,20000,ป่าตุ้ม,2565,พร้าว
2039,ร่อนและคัดแยกกรวดทราย,เชียงใหม่,5,รายชื่อสถานประกอบการ,บริษัท ทรายจรูญรัตน์ไพศาล จำกัด,3050000,สบเตี๊ยะ,2565,จอมทอง
2040,ผลิตเครื่องใช้จากไม้ไผ่,เชียงใหม่,28,รายชื่อสถานประกอบการ,นายมานัส บุญพ่วง,1420000,เชิงดอย,2565,ดอยสะเก็ด
2041,ผลิตกล่องกระดาษ,เชียงใหม่,56,รายชื่อสถานประกอบการ,บริษัท ซี พี ดี บรรจุภัณฑ์ จำกัด,21000000,ป่าแดด,2565,เมืองเชียงใหม่
2042,ผลิตอิฐดินเผา,เชียงใหม่,25,รายชื่อสถานประกอบการ,อิฐอนงค์,4330000,แม่สาว,2565,แม่อาย
2043,ผลิตและจำหน่ายอิฐมอญ,เชียงใหม่,16,รายชื่อสถานประกอบการ,อิฐศรีทอง,1440000,แม่สาว,2565,แม่อาย
2044,ทำผลิตภัณฑ์คอนกรีต คอนกรีตผสม และทำคอนกรีตอัดแรง,เชียงใหม่,5,รายชื่อสถานประกอบการ,แอลเคโปรดักส์,7500000,ดอยหล่อ,2565,ดอยหล่อ
2045,ผลิตคอนกรีตผสมเสร็จ,เชียงใหม่,5,รายชื่อสถานประกอบการ,บริษัท พี พี เอส คอนกรีต จำกัด,9500000,ท่าเดื่อ,2565,ดอยเต่า
2046,ผลิตคอนกรีตผสมเสร็จ,เชียงใหม่,5,รายชื่อสถานประกอบการ,ห้างหุ้นส่วนจำกัด ณัฏภูมิ หิน ทราย,1000000,เวียง,2565,ฝาง
2047,ผลิต ประกอบ จำหน่าย เครื่องจ่ายน้ำดื่มอัตโนมัติ เครื่องกรองน้ำ,เชียงใหม่,24,รายชื่อสถานประกอบการ,บริษัท สวิส ไทย วอเตอร์ โซลูชั่น จำกัด,18000000,ขุนคง,2565,หางดง
2048,ทำเครื่องมือ เครื่องใช้แพทย์,เชียงใหม่,87,รายชื่อสถานประกอบการ,บริษัท ไบโอเซฟโปรดักส์ จำกัด,36500000,ออนใต้,2565,สันกำแพง
2049,สีข้าว,เชียงใหม่,2,รายชื่อสถานประกอบการ,,950000,ป่าแดด,2565,เมืองเชียงใหม่
2050,สีข้าว,เชียงใหม่,2,รายชื่อสถานประกอบการ,ป.ธัญญเจริญ 2,3200000,แม่สาว,2565,แม่อาย
2051,สีข้าว,เชียงใหม่,3,รายชื่อสถานประกอบการ,โรงสีโชคสิรินัฐ์,2400000,แม่สาว,2565,แม่อาย
2052,สีข้าว,เชียงใหม่,5,รายชื่อสถานประกอบการ,นางสาวรัตติกาล นันตา,4500000,แม่สาว,2565,แม่อาย
2053,สีข้าว,เชียงใหม่,3,รายชื่อสถานประกอบการ,โรงสีข้าวสุวิน,5160000,แม่สาว,2565,แม่อาย
2054,ห้องเย็น,เชียงใหม่,5,รายชื่อสถานประกอบการ,ห้องเย็นรัตนาพืชผลการเกษตร,19000000,ดอยหล่อ,2565,ดอยหล่อ
2055,ผลิตขนมปัง,เชียงใหม่,48,รายชื่อสถานประกอบการ,บริษัท เอส พี ฟาสฟู้ดส์ จำกัด,33000000,สันกลาง,2565,สันกำแพง
2056,ผลิตเบเกอรี่ อาหาร เครื่องดื่ม,เชียงใหม่,230,รายชื่อสถานประกอบการ,ผึ้งน้อยเบเกอรี่,20000000,ช้างเผือก,2565,เมืองเชียงใหม่
2057,"ทำขนมปัง,ขนมเค้ก,ขนมเปี๊ยะ",เชียงใหม่,37,รายชื่อสถานประกอบการ,เปลวทิพย์,13000000,สันกำแพง,2565,สันกำแพง
2058,เบเกอรี่และอาหารสำเร็จรูปพร้อมบริโภค,เชียงใหม่,5000000,รายชื่อสถานประกอบการ,บริษัท ผลิตภัณฑ์เบเกอรี่และอาหารฝ้าย จำกัด,0,ยางเนิ้ง,2565,สารภี
2059,ผลิตอาหารสำเร็จรูป อาหารแช่แข็ง,เชียงใหม่,8,รายชื่อสถานประกอบการ,บริษัท บูโอนิซซิโม จำกัด,4000000,แม่แฝก,2565,สันทราย
2060,ทำเส้นก๋วยเตี๋ยว,เชียงใหม่,7,รายชื่อสถานประกอบการ,เส้นทิพย์,5100000,ต้นเปา,2565,สันกำแพง
2061,การตกแต่งผลิตภัณฑ์ไม้แกะสลัก เช่น การทาสี ทาน้ำมันเคลือบเงา การขัด,เชียงใหม่,24,รายชื่อสถานประกอบการ,ห้างหุ้นส่วนจำกัด ไฬญา,4600000,สันกำแพง,2565,สันกำแพง
2062,"ตบแต่ง, ทำสี, บรรจุผลิตภัณฑ์ไม้แกะสลัก ที่ทำด้วยไม้เนื้ออ่อน (ไม้ฉำฉา, ไม้มะม่วง)",เชียงใหม่,50,รายชื่อสถานประกอบการ,ห้างหุ้นส่วนจำกัด เชียงใหม่ กรีนดีไซน์,22500000,หางดง,2565,หางดง
2063,ทำสีไม้ แกะสลัก,เชียงใหม่,500000,รายชื่อสถานประกอบการ,บริษัท เชียงใหม่ แรม จำกัด,0,บ้านแหวน,2565,หางดง
2064,ผลิตชิ้นส่วน อุปกรณ์ตกแต่งรถยนต์ และพ่นเคลือบสีชิ้นส่วนอุปกรณ์ตกแต่งรถยนต์,เชียงใหม่,30,รายชื่อสถานประกอบการ,บริษัท เจบี. ออโท บิเดค จำกัด,14000000,สองแคว,2565,ดอยหล่อ
2065,ชุบเคลือบผิว,เชียงใหม่,5000000,รายชื่อสถานประกอบการ,บริษัท อีจิซเทค จำกัด,0,ออนใต้,2565,สันกำแพง
2066,ผลิตและประกอบหม้อต้มน้ำร้อน,เชียงใหม่,3000000,รายชื่อสถานประกอบการ,บริษัท เค.พี.เอ็กซ์เพอท เอนจิเนียริ่ง จำกัด,0,แช่ช้าง,2565,สันกำแพง
2067,คัดแยกขยะสิ่งปฏิกูลหรือวัสดุที่ไม่ใช้แล้ว ที่ไม่เป็นของเสียอันตราย และฝั่งกลบสิ่งปฏิกูลหรือวัสดุที่ไม่ใช้แล้วที่ไม่เป็นของเสียอันตราย,เชียงใหม่,5000000,รายชื่อสถานประกอบการ,ห้างหุ้นส่วนจำกัด กลุ่มบ้านตาลพัฒนา,0,บ้านตาล,2565,ฮอด
2068,บ่มใบยาสูบ,เชียงใหม่,2000000,รายชื่อสถานประกอบการ,บริษัท อุตสาหกรรมใบยาสูบไทย จำกัด,0,เขื่อนผาก,2565,พร้าว
2069,สถานีบ่มใบยา สันต้นเปา,เชียงใหม่,2500000,รายชื่อสถานประกอบการ,บริษัท ไซแอม โทแบคโค เอกซ์ปอร์ต คอร์ปอเรชั่น จำกัด,0,ศรีดงเย็น,2565,ไชยปราการ
2070,ผลิตชาสมุนไพร,เชียงใหม่,2000000,รายชื่อสถานประกอบการ,ห้างหุ้นส่วนจำกัด ที แกลเลอรี่ กรุ๊ป (ประะเทศไทย) จำกัด,0,ท่าศาลา,2565,เมืองเชียงใหม่
2071,ผลิตชาแห้งและสมุนไพรแห้ง,เชียงใหม่,1000000,รายชื่อสถานประกอบการ,โรงงานชาแห้ง อารักษ์,0,บ้านช้าง,2565,แม่แตง
2072,ผลิตใบชาแห้ง และใบชาผง,เชียงใหม่,2000000,รายชื่อสถานประกอบการ,บริษัท ชาไทย อินเตอร์เนชั่นแนล จำกัด,0,อินทขิล,2565,แม่แตง
2073,ทำไอศครีม,เชียงใหม่,100000,รายชื่อสถานประกอบการ,ไอศกรีมป่าตัน,0,ป่าตัน,2565,เมืองเชียงใหม่
2074,ผลิตกาแฟคั่วและบดพร้อมบรรจุซอง,เชียงใหม่,1000000,รายชื่อสถานประกอบการ,บริษัท บีเจซี เมก้า มาร์เก็ต จำกัด,0,สันผีเสื้อ,2565,เมืองเชียงใหม่
2075,ผลิตกาแฟคั่วและบดพร้อมบรรจุซอง,เชียงใหม่,20000000,รายชื่อสถานประกอบการ,บริษัท พานาคอฟฟี่ จำกัด,0,ลวงเหนือ,2565,ดอยสะเก็ด
2076,"คั่ว บด หรือป่นกาแฟ หรือการทำกาแฟผง ,ผลิตใบชาแห้ง และใบชาผง",เชียงใหม่,45,รายชื่อสถานประกอบการ,บริษัท ฮิลล์คอฟฟ์ จำกัด,127000000,อินทขิล,2565,แม่แตง
2077,บ่มใบยาสูบ,เชียงใหม่,500000,รายชื่อสถานประกอบการ,สถานีบ่มใบยาบ้านกาด,0,บ้านกาด,2565,แม่วาง
2078,ผลิตเครื่องปรุงรสอาหาร,เชียงใหม่,15000000,รายชื่อสถานประกอบการ,บริษัท นิธิฟู้ดส์ จำกัด,0,บ้านกลาง,2565,สันป่าตอง
2079,เครื่องปรุงหรือเครื่องประกอบอาหาร,เชียงใหม่,14,รายชื่อสถานประกอบการ,บริษัท เอี่ยมกสิกิจ จำกัด,19500000,บ้านกลาง,2565,สันป่าตอง
2080,ผลิตอาหารและเครื่องดื่ม,เชียงใหม่,36,รายชื่อสถานประกอบการ,บริษัท ปลูกผักเพราะรักแม่ จำกัด,135000000,เชิงดอย,2565,ดอยสะเก็ด
2081,ทำน้ำแข็งก้อนเล็ก,เชียงใหม่,300000,รายชื่อสถานประกอบการ,มีสุขเจ้าสำราญ,0,ป่าตัน,2565,เมืองเชียงใหม่
2082,ทำน้ำแข็งด้อนเล็ก ได้วันละ 10 ตัน,เชียงใหม่,100000,รายชื่อสถานประกอบการ,หฤดลพานิช,0,ป่าตุ้ม,2565,พร้าว
2083,ผลิตน้ำแข็ง,เชียงใหม่,1000000,รายชื่อสถานประกอบการ,โรงน้ำแข็งสุขสมนึก,0,ต้นเปา,2565,สันกำแพง
2084,ทำน้ำแข็งก้อนเล็กขนาด 8 ตัน/วัน,เชียงใหม่,1000000,รายชื่อสถานประกอบการ,สโนไอซ์,0,ป่าตัน,2565,เมืองเชียงใหม่
2085,ผลิตน้ำแข็งก้อนเล็ก (30 ตัน/วัน) และผลิตน้ำแข็งซอง (400 ซอง/วัน),เชียงใหม่,200000,รายชื่อสถานประกอบการ,โรงน้ำแข็งสันป่าตอง,0,ยุหว่า,2565,สันป่าตอง
2086,ทำน้ำแข็งก้อนเล็กและน้ำแข็งซอง,เชียงใหม่,2000000,รายชื่อสถานประกอบการ,โรงน้ำแข็งรัตนโกสินทร์ สันทราย,0,สันผีเสื้อ,2565,เมืองเชียงใหม่
2087,ผลิตน้ำแข็งก้อนเล็ก,เชียงใหม่,300000,รายชื่อสถานประกอบการ,โรงน้ำแข็งสุขเสรี,0,สันโป่ง,2565,แม่ริม
2088,ผลิตน้ำแข็ง,เชียงใหม่,1000000,รายชื่อสถานประกอบการ,นายอนุวัต ใจดี,0,สันกำแพง,2565,สันกำแพง
2089,ทำน้ำแข็งก้อนเล็ก,เชียงใหม่,3,รายชื่อสถานประกอบการ,ห้างหุ้นส่วนจำกัด โรงน้ำแข็งแม่โจ้,6800000,หนองหาร,2565,สันทราย
2090,ผลิตน้ำแข็งหลอด,เชียงใหม่,500000,รายชื่อสถานประกอบการ,สโนว์ไอซ์ ยูนิค,0,บ้านกลาง,2565,สันป่าตอง
2091,ทำน้ำแข็งหลอดและน้ำแข็งซอง,เชียงใหม่,2000000,รายชื่อสถานประกอบการ,โรงน้ำแข็งไชยปราการ,0,ปงตำ,2565,ไชยปราการ
2092,ผลิตน้ำแข็ง,เชียงใหม่,700000,รายชื่อสถานประกอบการ,บริษัท วารีเทพ แม่อาย จำกัด,0,มะลิกา,2565,แม่อาย
2093,ผลิตน้ำแข็ง,เชียงใหม่,5000000,รายชื่อสถานประกอบการ,ห้างหุ้นส่วนจำกัด สุขเสรี เอส ไอ ซี,0,เชียงดาว,2565,เชียงดาว
2094,ทำน้ำแข็งก้อนเล็ก น้ำแข็งซอง,เชียงใหม่,2000000,รายชื่อสถานประกอบการ,บริษัท วารีเทพ สบเตี๊ยะ จำกัด,0,สบเตี๊ยะ,2565,จอมทอง
2095,ผลิตน้ำแข็งหลอด,เชียงใหม่,500000,รายชื่อสถานประกอบการ,โรงน้ำแข็งนิมรุ่งเรือง,0,แม่เหียะ,2565,เมืองเชียงใหม่
2096,ผลิตน้ำแข็งหลอด,เชียงใหม่,1000000,รายชื่อสถานประกอบการ,โรงน้ำแข็ง วีไอซี จอมทอง,0,ข่วงเปา,2565,จอมทอง
2097,ทำน้ำแข็งก้อนเล็กและน้ำแข็งซอง,เชียงใหม่,14,รายชื่อสถานประกอบการ,ห้างหุ้นส่วนจำกัด โรงน้ำแข็งไชยปราการฝาง,25000000,เวียง,2565,ฝาง
2098,ทำน้ำแข็ง,เชียงใหม่,3000000,รายชื่อสถานประกอบการ,บริษัท โรงน้ำแข็งเวียงทิพย์วารี (เชียงใหม่) จำกัด,0,ป่าไผ่,2565,สันทราย
2099,ผลิตน้ำแข็งหลอด,เชียงใหม่,3000000,รายชื่อสถานประกอบการ,ห้างหุ้นส่วนจำกัด วารีเทพ เชียงใหม่,0,สันกำแพง,2565,สันกำแพง
2100,ผลิตน้ำแข็งหลอด,เชียงใหม่,200000,รายชื่อสถานประกอบการ,โรงน้ำแข็งมีสุขเจ้าสำราญ สันกำแพง,0,สันกำแพง,2565,สันกำแพง
2101,ผลิตและจำหน่ายน้ำแข็ง,เชียงใหม่,1000000,รายชื่อสถานประกอบการ,ล้านนาไอซ์ แฟคโทรี่ เอ็นจิเนียริ่ง,0,ตลาดใหญ่,2565,ดอยสะเก็ด
2102,ผลิตน้ำแข็งหลอด และน้ำแข็งซอง,เชียงใหม่,4000000,รายชื่อสถานประกอบการ,โรงน้ำแข็ง มีสุขเจ้าสำราญ แม่แจ่ม,0,ช่างเคิ่ง,2565,แม่แจ่ม
2103,ทำน้ำแข็งหลอดและน้ำแข็งซอง,เชียงใหม่,7,รายชื่อสถานประกอบการ,โรงน้ำแข็งยศดำรงค์พร้าว,14220000,เวียง,2565,พร้าว
2104,ผลิตน้ำแข็งซอง,เชียงใหม่,3000000,รายชื่อสถานประกอบการ,โรงงานน้ำแข็งธารทอง,0,หางดง,2565,ฮอด
2105,ทำน้ำแข็งก้อนเล็ก,เชียงใหม่,2000000,รายชื่อสถานประกอบการ,นางสาวคุณีกร โตไพบูลย์,0,ขี้เหล็ก,2565,แม่แตง
2106,โรงงานผลิตน้ำแข็งหลอด,เชียงใหม่,1000000,รายชื่อสถานประกอบการ,โรงน้ำแข็ง มีสุขเจ้าสำราญ สาขาแม่ริม,0,ห้วยทราย,2565,แม่ริม
2107,ผลิตน้ำแข็ง,เชียงใหม่,10,รายชื่อสถานประกอบการ,โรงน้ำแข็งมีสุขเจ้าสำราญ ดอยเต่า,7000000,ท่าเดื่อ,2565,ดอยเต่า
2108,ทำน้ำแข็งก้อนเล็ก,เชียงใหม่,200000,รายชื่อสถานประกอบการ,,0,ยางเนิ้ง,2565,สารภี
2109,ผลิตน้ำแข็ง,เชียงใหม่,14,รายชื่อสถานประกอบการ,โรงน้ำแข็งเชียงใหม่กิจวารี,11400000,หารแก้ว,2565,หางดง
2110,ผลิตน้ำแข็งหลอด,เชียงใหม่,3000000,รายชื่อสถานประกอบการ,โรงน้ำแข็งเชียงใหม่ไอซ์,0,แช่ช้าง,2565,สันกำแพง
2111,ผลิตน้ำแข็งหลอดเล็กและหลอดใหญ่,เชียงใหม่,500000,รายชื่อสถานประกอบการ,โรงน้ำแข็งเพชรงามรุ่งเรือง,0,หนองหาร,2565,สันทราย
2112,ผลิตน้ำแข็งหลอด,เชียงใหม่,500000,รายชื่อสถานประกอบการ,ห้างหุ้นส่วนจำกัด โรงงานน้ำแข็งธารทอง,0,ท่าวังตาล,2565,สารภี
2113,โรงงานทำน้ำแข็งก้อนเล็ก,เชียงใหม่,500000,รายชื่อสถานประกอบการ,นางสาวคุณาพร โตไพบูลย์,0,เวียง,2565,ฝาง
2114,ผลิตน้ำแข็งหลอด,เชียงใหม่,2000000,รายชื่อสถานประกอบการ,โรงน้ำแข็งบ้านน้อย,0,สันกำแพง,2565,สันกำแพง
2115,ทำน้ำแข็งซอง,เชียงใหม่,1000000,รายชื่อสถานประกอบการ,โรงน้ำแข็งซองสุขสมนึก,0,หารแก้ว,2565,หางดง
2116,ทำน้ำแข็งหลอด,เชียงใหม่,1000,รายชื่อสถานประกอบการ,วี.ที.ไอซ์,0,ขุนคง,2565,หางดง
2117,ผลิตน้ำแข็งหลอด,เชียงใหม่,1500000,รายชื่อสถานประกอบการ,นายรุ่งโรจน์ เข็มขาว,0,สันผีเสื้อ,2565,เมืองเชียงใหม่
2118,ทำน้ำแข็งก้อนเล็ก,เชียงใหม่,1000000,รายชื่อสถานประกอบการ,ห้างหุ้นส่วนจำกัด ไอยรินทร์ไอซ์,0,แช่ช้าง,2565,สันกำแพง
2119,ผลิตอาหารสัตว์,เชียงใหม่,1000000,รายชื่อสถานประกอบการ,วิวรรณเทคโนโลยี,0,สบแม่ข่า,2565,หางดง
2120,ผลิตอาหารสัตว์และสารผสมล่วงหน้าสำหรับสัตว์,เชียงใหม่,3000000,รายชื่อสถานประกอบการ,โรงงานผลิตอาหารสัตว์,0,สันนาเม็ง,2565,สันทราย
2121,ผลิตอาหารสัตว์,เชียงใหม่,130000000,รายชื่อสถานประกอบการ,บริษัท ลิ้มศักดากุลอุตสาหกรรมการเกษตร(ไทยแลนด์)จำกัด,0,สันปูเลย,2565,ดอยสะเก็ด
2122,ผลิตอาหารสัตว์ เช่นอาหารไก่จากข้าวโพด อบพืชผลทางการเกษตร เช่นข้าวโพดอบ และลำเลียงเก็บรักษาในไซโล,เชียงใหม่,6,รายชื่อสถานประกอบการ,บริษัท รุ่งทองคำอะกริเทรค จำกัด,20000000,แม่แฝก,2565,สันทราย
2123,บด ป่น และผสมอาหารสัตว์,เชียงใหม่,1000000,รายชื่อสถานประกอบการ,นายสมพล ยศเดช,0,สันกลาง,2565,สันป่าตอง
2124,ผลิตเบียร์สด,เชียงใหม่,0,รายชื่อสถานประกอบการ,โรงเบียร์เชียงใหม่เยอรมัน,0,หนองป่าครั่ง,2565,เมืองเชียงใหม่
2125,"อบเมล็ดพืช เช่น ข้าวเปลือก,ข้าวโพด ฯลฯ",เชียงใหม่,1000000,รายชื่อสถานประกอบการ,ห้างหุ้นส่วนจำกัด โรงสีข้าวรวงทองเชียงใหม่,0,เชิงดอย,2565,ดอยสะเก็ด
2126,ผลิตต้นหอมอบแห้ง,เชียงใหม่,5000000,รายชื่อสถานประกอบการ,บริษัท เชียงรายฟูด จำกัด,0,แม่งอน,2565,ฝาง
2127,อบลำไย,เชียงใหม่,4200000,รายชื่อสถานประกอบการ,ห้างหุ้นส่วนจำกัด เอกธนเกษตร,0,บ้านกลาง,2565,สันป่าตอง
2128,อบผลิตผลทางการเกษตร,เชียงใหม่,4,รายชื่อสถานประกอบการ,นายรักพงศ์ เชิดสถิรกุล,57500000,เชิงดอย,2565,ดอยสะเก็ด
2129,อบพืชผลทางการเกษตร,เชียงใหม่,15000000,รายชื่อสถานประกอบการ,โรงอบข้าวรุ่งจรัญไรซ์,0,แม่สาว,2565,แม่อาย
2130,อบข้าวเปลือก,เชียงใหม่,2,รายชื่อสถานประกอบการ,โรงอบข้าว ทรัพย์เกษม,17500000,แม่สาว,2565,แม่อาย
2131,อบพืชผลทางการเกษตร,เชียงใหม่,12,รายชื่อสถานประกอบการ,โรงอบข้าวทรัพย์ดวงทิพย์,36000000,แม่สาว,2565,แม่อาย
2132,อบพืชผลทางการเกษตร ปรับปรุงคุณภาพของผลิตผลทางการเกษตร และห้องเย็น,เชียงใหม่,15,รายชื่อสถานประกอบการ,บริษัท เอส ดี อินเตอร์ ฟู้ดส์ จำกัด,31000000,สองแคว,2565,ดอยหล่อ
2133,อบพืชผลทางการเกษตรและสีข้าว,เชียงใหม่,5,รายชื่อสถานประกอบการ,บริษัท สมชายค้าข้าว จำกัด,38000000,เวียง,2565,ฝาง
2134,อบผลิตผลทางการเกษตร อาทิ ลำไย,เชียงใหม่,50,รายชื่อสถานประกอบการ,ศรีเจริญ,24000000,สันทราย,2565,สารภี
2135,"อบพืชผลทางการเกษตร เช่น ลำไย, ร่อน ล้าง คัด หรือแยกขนาดลำไย และห้องเย็นในการเก็บรักษาพืชผลทางการเกษตร",เชียงใหม่,0,รายชื่อสถานประกอบการ,บริษัท หยวน เซิ่ง เฟรช จำกัด,135000000,สบเตี๊ยะ,2565,จอมทอง
2136,อบผลิตผลทางการเกษตร,เชียงใหม่,1000000,รายชื่อสถานประกอบการ,ศุภชัย,0,มะขามหลวง,2565,สันป่าตอง
2137,อบพืชผลทางการเกษตร,เชียงใหม่,3000000,รายชื่อสถานประกอบการ,บริษัท รุ่งเจริญพืชผล จำกัด,0,ดอยหล่อ,2565,ดอยหล่อ
2138,อบพืชผลทางการเกษตร,เชียงใหม่,1000000,รายชื่อสถานประกอบการ,โรงอบทิพย์ธารา,0,เวียง,2565,ฝาง
2139,อบพืชผลทางการเกษตร,เชียงใหม่,2000000,รายชื่อสถานประกอบการ,โรงอบข้าวสามหนึ่ง,0,แม่อาย,2565,แม่อาย
2140,อบผลิตผลการเกษตร,เชียงใหม่,7,รายชื่อสถานประกอบการ,บริษัท โอเค อินเตอร์เฟรช (ประเทสไทย) จำกัด,23100000,สบเตี๊ยะ,2565,จอมทอง
2141,อบพืชผลทางการเกษตร,เชียงใหม่,2000000,รายชื่อสถานประกอบการ,นายรุ่งรัตน์ สุชนสมบัติ,0,เขื่อนผาก,2565,พร้าว
2142,อบพืชผลทางการเกษตร ทุกชนิด เช่น ลำไย ข้าวโพด พริก และอื่นๆ,เชียงใหม่,3000000,รายชื่อสถานประกอบการ,บริษัท ลพบุรี พาวเวอร์ จำกัด,0,เขื่อนผาก,2565,พร้าว
2143,อบพืชผลทางการเกษตรกรรม,เชียงใหม่,500000000,รายชื่อสถานประกอบการ,บริษัท เชียงใหม่เฟรช โปรดักส์ จำกัด,0,ทุ่งสะโตก,2565,สันป่าตอง
2144,อบ บด ป่น ย่อย พืชและเมล็ดพืช,เชียงใหม่,3000000,รายชื่อสถานประกอบการ,บริษัท เอี่ยมกสิกิจ จำกัด,0,บ้านกลาง,2565,สันป่าตอง
2145,อบลำไย,เชียงใหม่,500000,รายชื่อสถานประกอบการ,ฟ้าเจริญพร,0,สบเตี๊ยะ,2565,จอมทอง
2146,อบแห้งพืชผลทางการเกษตร,เชียงใหม่,10000000,รายชื่อสถานประกอบการ,บริษัท สุภิราชการเกษตร จำกัด,0,แม่ปั๋ง,2565,พร้าว
2147,อบพืชผลทางการเกษตร,เชียงใหม่,53500000,รายชื่อสถานประกอบการ,บริษัท เชียงใหม่เฟรช โปรดักส์ จำกัด,0,ทุ่งสะโตก,2565,สันป่าตอง
2148,อบพืชผลทางการเกษตร,เชียงใหม่,20000000,รายชื่อสถานประกอบการ,โรงอบ โฮภาส กอนแสง,0,แม่แฝก,2565,สันทราย
2149,ผลิตผลไม้อบกรอบ,เชียงใหม่,5000000,รายชื่อสถานประกอบการ,บริษัท ทีดับบลิว ฟู๊ด จำกัด,0,แม่แฝกใหม่,2565,สันทราย
2150,อบเมล็ดพืชทางการเกษตรกรรม,เชียงใหม่,31,รายชื่อสถานประกอบการ,บริษัท ไทยแอดวานซ์การเกษตร จำกัด,50100000,แม่แฝกใหม่,2565,สันทราย
2151,อบพืชผลทางการเกษตร,เชียงใหม่,5000000,รายชื่อสถานประกอบการ,วงค์ตะวันพืชผล,0,แม่แวน,2565,พร้าว
2152,อบผลิตผลทางการเกษตร อาทิ ลำไย,เชียงใหม่,7000000,รายชื่อสถานประกอบการ,ชายบุษรา,0,สันทราย,2565,สารภี
2153,อบพืชผลทางการเกษตร,เชียงใหม่,5000000,รายชื่อสถานประกอบการ,นางชนากานต์ บุญศรี,0,สันทราย,2565,สารภี
2154,ทำลำใยอบแห้งและเพาะเห็ด,เชียงใหม่,18,รายชื่อสถานประกอบการ,อินเตอร์ ฟาร์ม,19000000,แม่แฝก,2565,สันทราย
2155,อบพืชผลทางการเกษตร,เชียงใหม่,2,รายชื่อสถานประกอบการ,บริษัท นอร์ท 87 จำกัด,20000000,แม่แวน,2565,พร้าว
2156,อบพืชผลทางการเกษตรและสีข้าว,เชียงใหม่,7,รายชื่อสถานประกอบการ,โรงสีข้าวดวงทิพย์,23000000,แม่สาว,2565,แม่อาย
2157,อบลำไย,เชียงใหม่,20,รายชื่อสถานประกอบการ,บริษัท อาหารเชียงใหม่อุตสาหกรรม จำกัด,13000000,บ้านกลาง,2565,สันป่าตอง
2158,อบพืชผลทางการเกษตร,เชียงใหม่,7000000,รายชื่อสถานประกอบการ,บริษัท บีเอส แอนด์ เคดี เชน แมนเนจเม้นท์ จำกัด,0,ข่วงเปา,2565,จอมทอง
2159,อบพืชผลทางการเกษตร,เชียงใหม่,5000000,รายชื่อสถานประกอบการ,ทรัพย์ไพลิน,0,แม่สาว,2565,แม่อาย
2160,อบผลิตผลทางการเกษตร,เชียงใหม่,5500000,รายชื่อสถานประกอบการ,ศ.ปวริศา การค้า,0,แม่คะ,2565,ฝาง
2161,อบพืชผลทางการเกษตร,เชียงใหม่,3000000,รายชื่อสถานประกอบการ,นายนิตย์พันธ์ แก้วคำมูล,0,แม่สาว,2565,แม่อาย
2162,"อบพืชผลทางการเกษตร เช่นลำไย,พริก,ข้างโพด,ใบยาสูบฯลฯ",เชียงใหม่,20,รายชื่อสถานประกอบการ,รัตนาพืชผลการเกษตร,30248000,ดอยหล่อ,2565,ดอยหล่อ
2163,อบแห้งสินค้าการเกษตร,เชียงใหม่,10000000,รายชื่อสถานประกอบการ,สหกรณ์การเกษตรสันป่าตอง จำกัด,0,ทุ่งสะโตก,2565,สันป่าตอง
2164,อบพืชผลทางการเกษตร,เชียงใหม่,5000000,รายชื่อสถานประกอบการ,โรงอบดวงดีสีข้าว,0,แม่สาว,2565,แม่อาย
2165,อบและกะเทาะเมล็ดข้าวโพด,เชียงใหม่,8000000,รายชื่อสถานประกอบการ,บริษัท อีสท์ เวสท์ ซีด จำกัด,0,แม่แฝกใหม่,2565,สันทราย
2166,"ผลิตผลไม้และพืชผลทางการเกษตรอบแห้ง อาธิ ลำไยอบแห้ง,ลิ้นจี่อบแห้ง",เชียงใหม่,5000000,รายชื่อสถานประกอบการ,นายชาคริต เชาว์ดำรงค์,0,บ้านกลาง,2565,สันป่าตอง
2167,ทำความสะอาดและอบข้าวโพดสำหรับเลี้ยงสัตว์,เชียงใหม่,4000000,รายชื่อสถานประกอบการ,บริษัท โฟร์ ที จำกัด,0,ดอยหล่อ,2565,ดอยหล่อ
2168,อบผลิตผลการเกษตร,เชียงใหม่,20000000,รายชื่อสถานประกอบการ,ฟาร์มผึ้งชัยเฮง,0,ดอนแก้ว,2565,สารภี
2169,อบพืชผลทางการเกษตร,เชียงใหม่,10000000,รายชื่อสถานประกอบการ,บริษัท เนตรนิมิตค้าข้าว จำกัด,0,เวียง,2565,ฝาง
2170,อบพืชผลทางการเกษตร อาธิ ลำไย,เชียงใหม่,10000000,รายชื่อสถานประกอบการ,อำไพพรรณ การเกษตร,0,บ้านกาด,2565,แม่วาง
2171,อบผลิตผลทางการเกษตร อาทิ ลำไย และห้องเย็นเก็บลำไย,เชียงใหม่,50,รายชื่อสถานประกอบการ,นางวิลัยวรรณ์ เฉิน,40000000,หนองแฝก,2565,สารภี
2172,อบแห้งพืชผลทางการเกษตร,เชียงใหม่,15000000,รายชื่อสถานประกอบการ,นายเกียรติชัย แสงปัญญา,0,หนองแฝก,2565,สารภี
2173,อบพืชผลทางการเกษตร,เชียงใหม่,10000000,รายชื่อสถานประกอบการ,วัชระกิจ,0,แม่สาว,2565,แม่อาย
2174,อบพืชผลทางการเกษตร,เชียงใหม่,3000000,รายชื่อสถานประกอบการ,บริษัท โอเค เฟรชฟรุ๊ตส์ (ประเทศไทย) จำกัด,0,สบเตี๊ยะ,2565,จอมทอง
2175,อบพืชผลทางการเกษตร,เชียงใหม่,1000000,รายชื่อสถานประกอบการ,โกดังเหลือง,0,แม่แวน,2565,พร้าว
2176,โรงอบข้าว,เชียงใหม่,150000000,รายชื่อสถานประกอบการ,ห้างหุ้นส่วนจำกัด เชียงใหม่อินเตอร์ไรซ์,0,สันพระเนตร,2565,สันทราย
2177,อบลดความชื้นข้าวเปลือก,เชียงใหม่,10000000,รายชื่อสถานประกอบการ,โรงอบสหกรณ์การเกษตรพร้าว จำกัด,0,เวียง,2565,พร้าว
2178,อบผลิตผลทางการเกษตร,เชียงใหม่,50000000,รายชื่อสถานประกอบการ,ศ.ชินพงศ์ การค้า,0,เวียง,2565,ฝาง
2179,อบพืชผลการเกษตร,เชียงใหม่,1500000,รายชื่อสถานประกอบการ,บริษัท เค.พี (จอมทอง) จำกัด,0,บ้านแปะ,2565,จอมทอง
2180,อบพืชผลทางการเกษตร สีข้าว และคัดคุณภาพข้าว,เชียงใหม่,5000000,รายชื่อสถานประกอบการ,โรงอบข้าวแสงสุวรรณ,0,เวียง,2565,ฝาง
2181,อบพืชผลทางการเกษตร,เชียงใหม่,48,รายชื่อสถานประกอบการ,บริษัท บีเอส แอนด์ เคดี เชน แมนเนจเม้นท์ จำกัด,14500000,ข่วงเปา,2565,จอมทอง
2182,อบพืชผลทางการเกษตร,เชียงใหม่,25000000,รายชื่อสถานประกอบการ,กัญญารัตน์,0,ขัวมุง,2565,สารภี
2183,อบเมล็ดธัญพืช,เชียงใหม่,5000000,รายชื่อสถานประกอบการ,จิรชัยพืชผล,0,แม่นาจร,2565,แม่แจ่ม
2184,อบผลิตผลการเกษตร,เชียงใหม่,2000000,รายชื่อสถานประกอบการ,ถนอมทรัพย์พืชผลการเกษตร,0,เขื่อนผาก,2565,พร้าว
2185,อบเมล็ดพืช และเก็บรักษาเมล็ดพืชหรือผลิตผลจากพืชในไซโล,เชียงใหม่,16,รายชื่อสถานประกอบการ,บริษัท ลิ้มศักดากุลอุตสาหกรรมการเกษตร (ไทยแลนด์) จำกัด,176980000,สันปูเลย,2565,ดอยสะเก็ด
2186,อบพืชผลทางการเกษตร,เชียงใหม่,3000000,รายชื่อสถานประกอบการ,สีดาการเกษตร,0,ท่าวังพร้าว,2565,สันป่าตอง
2187,อบมันสำปะหลัง และพืชผลทางการเกษตร,เชียงใหม่,20000000,รายชื่อสถานประกอบการ,บริษัท ส้มปรีชา-ฝาง 1991 จำกัด,0,เวียง,2565,ฝาง
2188,อบข้าว,เชียงใหม่,5000000,รายชื่อสถานประกอบการ,กิตเจริญ,0,แม่สาว,2565,แม่อาย
2189,อบผลิตผลทางการเกษตร,เชียงใหม่,1000000,รายชื่อสถานประกอบการ,บริษัท ซี.พี.เอ็ม อโกร จำกัด,0,แม่แวน,2565,พร้าว
2190,อบผลิตผลทางการเกษตร,เชียงใหม่,8000000,รายชื่อสถานประกอบการ,แม่อายไรซ์มิลล์,0,สันต้นหมื้อ,2565,แม่อาย
2191,อบพืชผลทางการเกษตร,เชียงใหม่,5000000,รายชื่อสถานประกอบการ,วิเชียรฟาร์ม,0,แม่สาว,2565,แม่อาย
2192,อบผลิตผลทางการเกษตร,เชียงใหม่,1000000,รายชื่อสถานประกอบการ,บริษัท นิวเอ็นอะโกร จำกัด,0,บ้านโป่ง,2565,พร้าว
2193,อบพืชผลทางการเกษตร,เชียงใหม่,20000000,รายชื่อสถานประกอบการ,นางธัญรัศม์ พิสิทธิ์ธนัทกุล ,0,สบเตี๊ยะ,2565,จอมทอง
2194,อบพืชผลทางการเกษตร,เชียงใหม่,5000000,รายชื่อสถานประกอบการ,จันทร์ดี การเกษตร,0,มะขามหลวง,2565,สันป่าตอง
2195,สีข้าว,เชียงใหม่,2000000,รายชื่อสถานประกอบการ,โรงสีข้าวทรัพย์เกษม,0,แม่สาว,2565,แม่อาย
2196,แปรรูปผลผลิตข้าวโพดเลี้ยงสัตว์ อบลดความชื้น,เชียงใหม่,8,รายชื่อสถานประกอบการ,สหกรณ์การเกษตรแม่แจ่ม จำกัด,242429519.27,ช่างเคิ่ง,2565,แม่แจ่ม
2197,อบลำไย และพืชผลทางการเกษตร,เชียงใหม่,6,รายชื่อสถานประกอบการ,ณัฐวรรธน์ ฟรุ๊ตส์,8500000,แม่ปั๋ง,2565,พร้าว
2198,อบพืชผลทางการเกษตร,เชียงใหม่,5000000,รายชื่อสถานประกอบการ,โรงอบข้าวกิตเจริญ,0,แม่สาว,2565,แม่อาย
2199,"กะเทาะเปลือกเมล็ดกาแฟ,คั่วเมล็ดกาแฟ",เชียงใหม่,1000000,รายชื่อสถานประกอบการ,นายชัยวัฒน์ ทักษอุดม,0,ช้างม่อย,2565,เมืองเชียงใหม่
2200,คัดและกะเทาะเมล็ดพืชและเก็บพืชผลทางการเกตร,เชียงใหม่,8000000,รายชื่อสถานประกอบการ,บริษัท เกษตรวิวัฒน์ จำกัด,0,ดอนเปา,2565,แม่วาง
2201,กะเทาะเมล็ดพืช คัดขนาดและบรรจุเมล็ดพันธ์พืช,เชียงใหม่,8,รายชื่อสถานประกอบการ,บริษัท สุภิราชเกษตรป้าว จำกัด,21000000,แม่ปั๋ง,2565,พร้าว
2202,กะเทาะ และอบเมล็ดพืช,เชียงใหม่,32,รายชื่อสถานประกอบการ,บริษัท เวิลด์ ซีดส์ จำกัด,28120000,แม่แวน,2565,พร้าว
2203,ไซโลเก็บผลิตผลทางการเกษตร,เชียงใหม่,45000000,รายชื่อสถานประกอบการ,บริษัท อาร์.พี.เอ็ม. ฟาร์ม แอนด์ ฟีด จำกัด,0,หนองควาย,2565,หางดง
2204,อบเมล็ดพืชและเก็บรักษาเมล็ดพืชหรือผลิตผลจากพืชในไซโล,เชียงใหม่,16,รายชื่อสถานประกอบการ,บริษัท ลิ้มศักดากุลอุตสาหกรรมการเกษตร (ไทยแลนด์) จำกัด,176980000,สันปูเลย,2565,ดอยสะเก็ด
2205,"บด,ร่อนถ่านกัมมันต์",เชียงใหม่,200000,รายชื่อสถานประกอบการ,ห้างหุ้นส่วนจำกัด ซี.เค คาร์บอน,0,ป่าแดด,2565,เมืองเชียงใหม่
2206,การเพาะเลี้ยงขยายพันธุ์พืช เช่น กล้วยไม้,เชียงใหม่,22850000,รายชื่อสถานประกอบการ,บริษัท เอ็ม แคท ไบโอ จำกัด,0,สันกลาง,2565,สันป่าตอง
2207,"คัด,แยกขนาด และคุณภาพของมันฝรั่ง",เชียงใหม่,2000000,รายชื่อสถานประกอบการ,บริษัท เป๊ปซี่-โคล่า (ไทย) เทรดดิ้ง จำกัด,0,ปงตำ,2565,ไชยปราการ
2208,"ล้าง,คัดแยกขนาดหรือคุณภาพผลิตผลเกษตรกรรม",เชียงใหม่,500000,รายชื่อสถานประกอบการ,บริษัท เอส.อาร์.แอกโกรแพค จำกัด,0,มะขามหลวง,2565,สันป่าตอง
2209,คัดแยกขนาด และคุณภาพของถั่วเหลือง,เชียงใหม่,1500000,รายชื่อสถานประกอบการ,บริษัท จัว อินเตอร์เนชั่นแนล จำกัด,0,บ้านแหวน,2565,หางดง
2210,การร่อน คัด แยกขนาดคุณภาพของผลิตผลเกษตรกรรม,เชียงใหม่,10,รายชื่อสถานประกอบการ,สหกรณ์นิคมพร้าว จำกัด,18694000,แม่แวน,2565,พร้าว
2211,คัดแยกขนาดและเคลือบผิวส้ม,เชียงใหม่,100000,รายชื่อสถานประกอบการ,โรงแว๊กซ์ธนาธร,0,สันทราย,2565,ฝาง
2212,คัดขนาด อบ สี บรรจุถุง เก็บรักษาเมล็ดพันธุ์พืชผลทางการเกษตร,เชียงใหม่,1000000,รายชื่อสถานประกอบการ,บริษัท ชัยโย ซีดส์ (ประเทศไทย) จำกัด,0,เขื่อนผาก,2565,พร้าว
2213,"คัดขนาด,เลือบผิวส้ม,ห้องเย็น",เชียงใหม่,39,รายชื่อสถานประกอบการ,ตงหยาง,27000000,แม่สาว,2565,แม่อาย
2214,ผลิตน้ำดื่มบรรจุขวด,เชียงใหม่,2000000,รายชื่อสถานประกอบการ,บริษัท เพียวเมาน์เทน จำกัด,0,ป่าบง,2565,สารภี
2215,ผลิตน้ำดื่มบรรจุขวด,เชียงใหม่,28,รายชื่อสถานประกอบการ,น้ำดื่มตรา ม่อนล้าน,10851500,ป่าไหน่,2565,พร้าว
2216,ผลิตน้ำดื่มบรรจุขวด,เชียงใหม่,45,รายชื่อสถานประกอบการ,บริษัท เชียงใหม่โพลสตาร์ (1992) จำกัด,21300000,สุเทพ,2565,เมืองเชียงใหม่
2217,ผลิตน้ำดื่มและบรรจุภัณฑ์จากพลาสติก,เชียงใหม่,9,รายชื่อสถานประกอบการ,บริษัท วารีเทพ สบเตี๊ยะ จำกัด,5000000,สบเตี๊ยะ,2565,จอมทอง
2218,ผลิตน้ำดื่ม,เชียงใหม่,10000000,รายชื่อสถานประกอบการ,บริษัท เพียว เมาน์เทน จำกัด,0,ไชยสถาน,2565,สารภี
2219,โรงงานผลิตน้ำดื่ม และผลิตขวดสำหรับบรรจุน้ำดื่ม,เชียงใหม่,5000000,รายชื่อสถานประกอบการ,บริษัท เดอะวันดริ้งค์ จำกัด,0,สันกำแพง,2565,สันกำแพง
2220,ทอผ้าด้วยกี่กระตุก ตัดเย็บเสื้อผ้าสำเร็จรูป ย้อมผ้า-ซักผ้าทุกชนิด,เชียงใหม่,70,รายชื่อสถานประกอบการ,บริษัท น่ารัก โฮลดิ้ง จำกัด,241318421,แช่ช้าง,2565,สันกำแพง
2221,การฟอก ย้อมสีด้าย,เชียงใหม่,200000,รายชื่อสถานประกอบการ,โรงย้อมเพียงดาว,0,เชียงดาว,2565,เชียงดาว
2222,พิมพ์ผ้า,เชียงใหม่,500000,รายชื่อสถานประกอบการ,บริษัท ณัฐวุฒิ เทรดดิ้ง จำกัด,0,ร้องวัวแดง,2565,สันกำแพง
2223,ตัดเย็บผ้า เช่น ผ้าม่าน ผ้าปูที่นอน ปลอกหมอน ผ้านวม ผ้าคลุมเตียง กระเป๋า รองเท้า เสื้อคลุมอาบน้ำ,เชียงใหม่,90,รายชื่อสถานประกอบการ,บริษัท บีเฮ้าส์ จำกัด,21800000,แช่ช้าง,2565,สันกำแพง
2224,ผลิตแถบตราจากผ้า,เชียงใหม่,8000000,รายชื่อสถานประกอบการ,บริษัท ชีน เรย์ เอ็มบรอยเดอรี่ จำกัด,0,ขี้เหล็ก,2565,แม่ริม
2225,ผลิตแถบตรา,เชียงใหม่,5000000,รายชื่อสถานประกอบการ,บริษัท ชีน เรย์ เอ็มบรอยเดอรี่ จำกัด,0,ขี้เหล็ก,2565,แม่ริม
2226,ผลิตพรม ตัดเย็บตกแต่งพรมสำหรับใช้รองพื้นภายในรถยนต์ และพรมอื่นๆ,เชียงใหม่,30,รายชื่อสถานประกอบการ,บริษัท ซูมิโนเอะ โคอิเดะ (ประเทศไทย) จำกัด,32800000,สันกำแพง,2565,สันกำแพง
2227,ตัดเย็บเสื้อผ้า ผ้าคลุมรถ ผ้าคลุมเบาะ ผ้าหุ้มเบาะ หมวก กระเป๋า,เชียงใหม่,120,รายชื่อสถานประกอบการ,บริษัท โคอิเด็กซ์ (ประเทศไทย) จำกัด,2500000,ต้นเปา,2565,สันกำแพง
2228,ตัดเย็บชุดดำน้ำส่งออก,เชียงใหม่,5000000,รายชื่อสถานประกอบการ,บริษัท ออนสมู๊ทไทย จำกัด,0,ท่าวังตาล,2565,สารภี
2229,ตัดเย็บเครื่องนุ่งห่ม,เชียงใหม่,0,รายชื่อสถานประกอบการ,จิปาถะ,0,สันกลาง,2565,สันป่าตอง
2230,ตัดเย็บเสื้อผ้าสำเร็จรูป,เชียงใหม่,1800000,รายชื่อสถานประกอบการ,ห้างหุ้นส่วนจำกัด ซีเจ อินดัสทรี,0,สันกำแพง,2565,สันกำแพง
2231,ตัดเย็บชุดว่ายน้ำส่งออก,เชียงใหม่,8000000,รายชื่อสถานประกอบการ,บริษัท ออนสมู๊ทไทย จำกัด,0,ท่าวังตาล,2565,สารภี
2232,"ตัดเย็บเสื้อผ้าสำเร็จรูป,ทอผ้า",เชียงใหม่,93,รายชื่อสถานประกอบการ,บริษัท น่ารัก โฮลดิ้ง จำกัด,7500000,ต้นเปา,2565,สันกำแพง
2233,เย็บเสื้อผ้าสำเร็จรูป,เชียงใหม่,2000000,รายชื่อสถานประกอบการ,บริษัท ยงสง่า จำกัด,0,ทรายมูล,2565,สันกำแพง
2234,ตัดเย็บเสื้อผ้าสำเร็จรูป,เชียงใหม่,5000000,รายชื่อสถานประกอบการ,บริษัท ซีเอส สปอร์ต (ไทยแลนด์) จำกัด,0,สันกำแพง,2565,สันกำแพง
2235,ตัดเย็บเสื้อผ้าสำเร็จรูป,เชียงใหม่,300000,รายชื่อสถานประกอบการ,บริษัท โปร อินดัสเทรียล จำกัด,0,ยางเนิ้ง,2565,สารภี
2236,การตัดหรือเย็บเครื่องนุ่งห่ม เข็มขัด ผ้าเช็ดหน้า ผ้าพันคอ เนกไท หูกระต่าย  ปลอกแขน ถุงมือ ถุงเท้า จากผ้าหนังสัตว์ ขนสัตว์หรือวัสดุอื่น,เชียงใหม่,2500000,รายชื่อสถานประกอบการ,บริษัท นอร์วีเจียน จำกัด,0,แช่ช้าง,2565,สันกำแพง
2237,"ผลิตเสื้อผ้าสำเร็จรูป ,หมวกแฟชั่น ,ผลิตภัณฑ์จากหนังสัตว์",เชียงใหม่,2948000,รายชื่อสถานประกอบการ,บริษัท ลานนา แฮท จำกัด,0,ชมภู,2565,สารภี
2238,โม่ บด ย่อยหิน,เชียงใหม่,21,รายชื่อสถานประกอบการ,โรงโม่หินสหพนาสิทธิ์,60000000,บ้านแปะ,2565,จอมทอง
2239,ขุดทราย,เชียงใหม่,500000,รายชื่อสถานประกอบการ,นายทิตพันธ์ ปิงกุล,0,ท่าผา,2565,แม่แจ่ม
2240,ขุดดิน,เชียงใหม่,3,รายชื่อสถานประกอบการ,นายกรวุฒิ สุคนธมาน,17500000,ดอยหล่อ,2565,ดอยหล่อ
2241,ขุด ตัก ลอก ดินในที่ดินกรรมสิทธิ์ สำหรับใช้ในการก่อสร้างและจำหน่าย,เชียงใหม่,2000000,รายชื่อสถานประกอบการ,บ่อดินเจ้าพระยา,0,ป่าไผ่,2565,สันทราย
2242,ขุดดิน และร่อนคัดขนาด กรวด ทราย,เชียงใหม่,5,รายชื่อสถานประกอบการ,เอ็น อาร์ คอน,11500000,บ้านโป่ง,2565,พร้าว
2243,ขุดดิน,เชียงใหม่,2000000,รายชื่อสถานประกอบการ,นางเยาวเรศ ใจดี,0,แม่หอพระ,2565,แม่แตง
2244,ขุด ตัก ลอก ดินในที่ดินกรรมสิทธิ์ สำหรับใช้ในการก่อสร้างและจำหน่าย,เชียงใหม่,1000000,รายชื่อสถานประกอบการ,บ่อดินพี่ยศ 2,0,เชิงดอย,2565,ดอยสะเก็ด
2245,ขุดดิน,เชียงใหม่,3,รายชื่อสถานประกอบการ,นายวีระศักดิ์ บุญ-หลง,10510000,ขี้เหล็ก,2565,แม่แตง
2246,ขุดดิน,เชียงใหม่,1000000,รายชื่อสถานประกอบการ,นาง ณัฐวัลย์ ปัญญาศาล,0,น้ำบ่อหลวง,2565,สันป่าตอง
2247,ขุด ตัก ลอก ดินในที่ดินกรรมสิทธิ์ สำหรับใช้ในการก่อสร้างและจำหน่าย,เชียงใหม่,1000000,รายชื่อสถานประกอบการ,ชนัญพัทธ์ นิยม,0,เชิงดอย,2565,ดอยสะเก็ด
2248,ขุด ตัก ลอก ดินในที่ดินกรรมสิทธิ์ สำหรับใช้ในการก่อสร้างและจำหน่าย,เชียงใหม่,5,รายชื่อสถานประกอบการ,ห้างหุ้นส่วนจำกัด ผญาวัน 498032,22050000,ขี้เหล็ก,2565,แม่แตง
2249,ขุดดิน,เชียงใหม่,2000000,รายชื่อสถานประกอบการ,นายเกษมสุข เกี๋ยงตาล,0,แม่หอพระ,2565,แม่แตง
2250,ขุดดิน,เชียงใหม่,0,รายชื่อสถานประกอบการ,นายชัยรัตน์ คำมูล,0,เมืองงาย,2565,เชียงดาว
2251,ขุดดิน,เชียงใหม่,500000,รายชื่อสถานประกอบการ,บริษัท ธวัชชัย ไมนิ่ง จำกัด,0,ขี้เหล็ก,2565,แม่แตง
2252,ขุดดิน,เชียงใหม่,3,รายชื่อสถานประกอบการ,นายวีระศักดิ์ บุญ-หลง,10510000,ขี้เหล็ก,2565,แม่แตง
2253,ขุดดิน,เชียงใหม่,2,รายชื่อสถานประกอบการ,นายบุญปั๋น อุ่นใจจิน,7720000,ข่วงเปา,2565,จอมทอง
2254,ขุดดิน,เชียงใหม่,1000000,รายชื่อสถานประกอบการ,นางศรัญญา แดงคำ,0,ดอนเปา,2565,แม่วาง
2255,ขุดดิน,เชียงใหม่,50000,รายชื่อสถานประกอบการ,นางสาวมุกดา เตียวกุล,0,แม่ข่า,2565,ฝาง
2256,ขุดดิน,เชียงใหม่,100000,รายชื่อสถานประกอบการ,นายประจวบ ศิริศิลป์,0,ขี้เหล็ก,2565,แม่แตง
2257,ขุดทราย,เชียงใหม่,300000,รายชื่อสถานประกอบการ,สมบูรณ์ทรัพย์ ท่าทราย,0,แม่แวน,2565,พร้าว
2258,ขุดดิน,เชียงใหม่,300000,รายชื่อสถานประกอบการ,นายสมบูรณ์ ถากาศ,0,แม่นาวาง,2565,แม่อาย
2259,ขุดดิน,เชียงใหม่,1000000,รายชื่อสถานประกอบการ,นายสิงห์วัน นันตา,0,เวียง,2565,ฝาง
2260,ขุดดิน,เชียงใหม่,3,รายชื่อสถานประกอบการ,นายธาดา ชุติมา,7510000,ขี้เหล็ก,2565,แม่แตง
2261,ขุด ตัก ลอก ดินในที่ดินกรรมสิทธิ์ สำหรับใช้ในการก่อสร้างและจำหน่าย,เชียงใหม่,500000,รายชื่อสถานประกอบการ,นายพชรวุฒ พษิฐาการกุล,0,ขี้เหล็ก,2565,แม่แตง
2262,ขุดดิน,เชียงใหม่,1,รายชื่อสถานประกอบการ,นายสมจิต อายุมั่น,660000,เมืองงาย,2565,เชียงดาว
2263,ขุดดิน,เชียงใหม่,60000,รายชื่อสถานประกอบการ,นายสมจิต อายุมั่น,0,เมืองงาย,2565,เชียงดาว
2264,การร่อน หรือคัดกรวด หรือทราย,เชียงใหม่,0,รายชื่อสถานประกอบการ,โรงงานร่อน คัดกรวด ทราย โชติชนก,0,สันมหาพน,2565,แม่แตง
2265,ร่อนคัดขนาดกรวดทราย,เชียงใหม่,500000,รายชื่อสถานประกอบการ,ทรายตะวัน,0,แม่แฝก,2565,สันทราย
2266,ร่อน หรือคัดกรวดทราย,เชียงใหม่,10,รายชื่อสถานประกอบการ,บริษัท จตุรงค์ทราย จำกัด,29000000,แม่แฝก,2565,สันทราย
2267,ร่อนคัดขนาดกรวดทราย,เชียงใหม่,5000000,รายชื่อสถานประกอบการ,นายธนาโชติ จำนงค์,0,แม่แฝกใหม่,2565,สันทราย
2268,ร่อน หรือคัดกรวดหรือทราย,เชียงใหม่,300000,รายชื่อสถานประกอบการ,บริษัท วี.วี กรุ๊ป จำกัด,0,แม่หอพระ,2565,แม่แตง
2269,ร่อน คัดขนาดกรวด ทราย,เชียงใหม่,8,รายชื่อสถานประกอบการ,บริษัท พีรพัฒน์ ดีเซล จำกัด,5800000,แม่แวน,2565,พร้าว
2270,ร่อนคัดขนาดทราย,เชียงใหม่,5,รายชื่อสถานประกอบการ,ห้างหุ้นส่วนจำกัด อุทัยทรายทอง,800000,ขี้เหล็ก,2565,แม่แตง
2271,การร่อน หรือ คัดกรวดหรือทราย,เชียงใหม่,500000,รายชื่อสถานประกอบการ,ท่าทรายวัชรวงศ์,0,ขี้เหล็ก,2565,แม่ริม
2272,ร่อนทราย,เชียงใหม่,100000,รายชื่อสถานประกอบการ,หนุ่มเน้ย,0,บ้านแม,2565,สันป่าตอง
2273,ร่อนและคัดขนาดกรวดหรือทราย,เชียงใหม่,1000000,รายชื่อสถานประกอบการ,กรกช ใจวัง,0,สันมหาพน,2565,แม่แตง
2274,คัดแยกขนาดกรวดทราย,เชียงใหม่,5,รายชื่อสถานประกอบการ,นายบรรถกานต์ ตาวิราศ,860000,สองแคว,2565,ดอยหล่อ
2275,ร่อน คัดแยก กรวด ทราย หิน,เชียงใหม่,12,รายชื่อสถานประกอบการ,กรกช ใจวัง,7500000,ขี้เหล็ก,2565,แม่ริม
2276,ร่อน หรือแยกกรวดหรือทราย,เชียงใหม่,500000,รายชื่อสถานประกอบการ,บริษัท พิบูลย์ทราย 2015 จำกัด,0,หางดง,2565,ฮอด
2277,ร่อนคัดขนาด ทราย กรวด หิน,เชียงใหม่,50000,รายชื่อสถานประกอบการ,สมบูรณ์ทรัพย์,0,แม่แวน,2565,พร้าว
2278,ร่อนหรือคัดกรวดและทราย,เชียงใหม่,500000,รายชื่อสถานประกอบการ,ทรายตะวัน,0,แม่แฝก,2565,สันทราย
2279,ดูดทราย ใบอนุญาตใช้เรือเลขที่ 34 50 00658,เชียงใหม่,4,รายชื่อสถานประกอบการ,เพชรเกียรติอุดม,1500000,ท่าตอน,2565,แม่อาย
2280,ดูดทราย และคัดแยกขนาดกรวดทราย,เชียงใหม่,5,รายชื่อสถานประกอบการ,นายธนะชัย ปัญโญแก้ว,1400000,ฮอด,2565,ฮอด
2281,ดูดและขุดทราย,เชียงใหม่,150000,รายชื่อสถานประกอบการ,ห้างหุ้นส่วนจำกัด ทรัพย์มากล้น,0,ขี้เหล็ก,2565,แม่แตง
2282,ดูดร่อนและคัดกรวดทราย (เรือสินพัฒนา ทะเบียนเรือเลขที่ 3773 00212),เชียงใหม่,6,รายชื่อสถานประกอบการ,ท่าทรายสหะชัยรุ่งเรือง,700000,ท่าตอน,2565,แม่อาย
2283,ดูดทราย,เชียงใหม่,1000000,รายชื่อสถานประกอบการ,นายฉลอง สมแก้ว,0,นาคอเรือ,2565,ฮอด
2284,ดูดทรายแม่น้ำ,เชียงใหม่,2000000,รายชื่อสถานประกอบการ,นางสาวเทียนทอง ไชยฤทธิ์,0,หางดง,2565,ฮอด
2285,ดูดทราย,เชียงใหม่,500000,รายชื่อสถานประกอบการ,บริษัท ทรายจรูญรัตน์ไพศาล จำกัด,0,บงตัน,2565,ดอยเต่า
2286,ดูดทราย เเละคัดแยกขนาดกรวดทราย,เชียงใหม่,500000,รายชื่อสถานประกอบการ,ห้างหุ้นส่วนจำกัด ธนดลชัย,0,บ้านแปะ,2565,จอมทอง
2287,ดูดทรายเพื่อการจำหน่าย,เชียงใหม่,1000000,รายชื่อสถานประกอบการ,นายธนา ชัยมงคล,0,ฮอด,2565,ฮอด
2288,ดูดทราย,เชียงใหม่,1000000,รายชื่อสถานประกอบการ,นายเศกสรร พรหมเสน,0,บงตัน,2565,ดอยเต่า
2289,ดูดทราย,เชียงใหม่,8,รายชื่อสถานประกอบการ,นายสุธีรพันธ์ สุขวุฒิชัย,1000000,ฮอด,2565,ฮอด
2290,ดูดทราย,เชียงใหม่,500000,รายชื่อสถานประกอบการ,บริษัท ทรายสุรีรัตน์ จำกัด,0,ดอยเต่า,2565,ดอยเต่า
2291,ดูดทราย,เชียงใหม่,500000,รายชื่อสถานประกอบการ,บริษัท พิบูลย์ทราย 2015 จำกัด,0,หางดง,2565,ฮอด
2292,ดูดทราย,เชียงใหม่,200000,รายชื่อสถานประกอบการ,บริษัท เชียงใหม่ ผลิตภัณฑ์ หิน ทราย จำกัด,0,บ้านแปะ,2565,จอมทอง
2293,ดูดทราย,เชียงใหม่,200000,รายชื่อสถานประกอบการ,บริษัท ทราย เพิ่มพูล จำกัด,0,บ้านแปะ,2565,จอมทอง
2294,ดูดทราย,เชียงใหม่,1000000,รายชื่อสถานประกอบการ,นางวิไล อำไพจิตร,0,นาคอเรือ,2565,ฮอด
2295,ดูดทราย,เชียงใหม่,5,รายชื่อสถานประกอบการ,นางสาวพัชรี หอยแก้ว,2500000,ฮอด,2565,ฮอด
2296,ดูดทราย,เชียงใหม่,3,รายชื่อสถานประกอบการ,บริษัท ทรายสืบเจริญ จำกัด,1800000,ท่าตอน,2565,แม่อาย
2297,ดูดทราย,เชียงใหม่,1000000,รายชื่อสถานประกอบการ,ห้างหุ้นส่วนจำกัด บ้านตาลรุ่งเรืองกิจ,0,ฮอด,2565,ฮอด
2298,ดูดทราย,เชียงใหม่,5,รายชื่อสถานประกอบการ,ห้างหุ้นส่วนจำกัด ชมพูนุช 2014,2000000,ท่าตอน,2565,แม่อาย
2299,ดูดทราย,เชียงใหม่,1000000,รายชื่อสถานประกอบการ,บริษัท ท่าทราย ทรัพย์ทีเอ จำกัด,0,บงตัน,2565,ดอยเต่า
2300,ดูดทราย,เชียงใหม่,5,รายชื่อสถานประกอบการ,ห้างหุ้นส่วนจำกัด ธนะชัย แอสโซซิเอท,2500000,ฮอด,2565,ฮอด
2301,ดูดทราย,เชียงใหม่,1000000,รายชื่อสถานประกอบการ,ห้างหุ้นส่วนจำกัด บ้านตาล รีฟอร์มมิ่ง,0,บ้านตาล,2565,ฮอด
2302,ดูดทราย,เชียงใหม่,4,รายชื่อสถานประกอบการ,บริษัท ท่าทรายพูลทวี จำกัด,1400000,บ้านแปะ,2565,จอมทอง
2303,ดูดทราย,เชียงใหม่,9,รายชื่อสถานประกอบการ,บริษัท เอสทีดับบลิว แอสโซซิเอท จำกัด,14500000,เหมืองแก้ว,2565,แม่ริม
2304,ดูดทราย,เชียงใหม่,5,รายชื่อสถานประกอบการ,นายวัฒนา บุญวุฒิ,2500000,บงตัน,2565,ดอยเต่า
2305,ดูดทราย,เชียงใหม่,4,รายชื่อสถานประกอบการ,นางไดโมนา ตาวิราศ,1400000,ฮอด,2565,ฮอด
2306,ดูดทราย,เชียงใหม่,4,รายชื่อสถานประกอบการ,ห้างหุ้นส่วนจำกัด ทราย ชมปิง,1400000,ฮอด,2565,ฮอด
2307,ดูดทราย,เชียงใหม่,5,รายชื่อสถานประกอบการ,บริษัท ลานนา นคราทร จำกัด,2500000,บ้านแปะ,2565,จอมทอง
2308,ดูดทรายเพื่อการจำหน่าย,เชียงใหม่,0,รายชื่อสถานประกอบการ,ท่าทรายฮอดทรายงาม,0,ฮอด,2565,ฮอด
2309,ดูดทราย,เชียงใหม่,5,รายชื่อสถานประกอบการ,ท่าทราย นิลาวันวิริยะ,2800000,ท่าตอน,2565,แม่อาย
2310,ดูดทราย,เชียงใหม่,200000,รายชื่อสถานประกอบการ,พูลทวีทรายทอง,0,ฮอด,2565,ฮอด
2311,ดูดทราย,เชียงใหม่,7,รายชื่อสถานประกอบการ,นายบุญสืบ อำไพจิตร,4000000,ฮอด,2565,ฮอด
2312,ดูดทราย,เชียงใหม่,500000,รายชื่อสถานประกอบการ,นายสุริยะ สุขประเสริฐ,0,ฮอด,2565,ฮอด
2313,ดูดทราย,เชียงใหม่,1000000,รายชื่อสถานประกอบการ,บริษัท ทราย เพิ่มพูล จำกัด,0,นาคอเรือ,2565,ฮอด
2314,ดูดทราย,เชียงใหม่,3000000,รายชื่อสถานประกอบการ,นายสุเทพ สุทายะ,0,ฮอด,2565,ฮอด
2315,ดูดทรายและคัดแยกขนาดกรวดทราย,เชียงใหม่,5,รายชื่อสถานประกอบการ,ห้างหุ้นส่วนจำกัด กษิดิศ แอลพีเอ็น,4000000,หางดง,2565,ฮอด
2316,ดูดทราย,เชียงใหม่,1000000,รายชื่อสถานประกอบการ,ห้างหุ้นส่วนจำกัด เดอะพีเอ็นซี,0,นาคอเรือ,2565,ฮอด
2317,เลื่อย ไส ซอย เซาะร่อง ไม้ทุกชนิดด้วยเครื่องจักร,เชียงใหม่,0,รายชื่อสถานประกอบการ,บริษัท เชียงใหม่ สุขสวัสดิ์ จำกัด,0,ฟ้าฮ่าม,2565,เมืองเชียงใหม่
2318,แปรรูปไม้เพื่อผลิตไม้แปรรูป,เชียงใหม่,5000000,รายชื่อสถานประกอบการ,บริษัท เชียงใหม่สุดาลักษณ์ จำกัด (โรงเลื่อยจักร),0,ต้นเปา,2565,สันกำแพง
2319,โรงเลื่อยจักร แปรรูปไม้,เชียงใหม่,3000000,รายชื่อสถานประกอบการ,โรงงาน ตนานุวัฒน์,0,แม่เหียะ,2565,เมืองเชียงใหม่
2320,ไสและซอยไม้,เชียงใหม่,1000000,รายชื่อสถานประกอบการ,นายนพรัตน์ นิมมานวัฒนา,0,น้ำแพร่,2565,หางดง
2321,"ทำวงกบประตู-หน้าต่าง,เครื่องเรือนจากไม้",เชียงใหม่,1000000,รายชื่อสถานประกอบการ,ห้างหุ้นส่วนจำกัด ส.สยามคาร์เพนเตอร์,0,สันกลาง,2565,สันป่าตอง
2322,ทำวงกบ ประตู หน้าต่าง และเครื่องเรือนจากไม้,เชียงใหม่,19100000,รายชื่อสถานประกอบการ,บริษัท เกรทเชียงใหม่ จำกัด,0,หนองป่าครั่ง,2565,เมืองเชียงใหม่
2323,"ผลิตวงกบประตูหน้าต่างและบาน,ผลิตเฟอร์นิเจอร์ เครื่องเรือนเครื่องใช้ ไม้คิวไม้บัวฉลุลายไม้กลึง",เชียงใหม่,15,รายชื่อสถานประกอบการ,,1100000,สันกลาง,2565,สันกำแพง
2324,"ทำวงกบประตู-หน้าต่าง,เครื่องเรือนจากไม้",เชียงใหม่,15,รายชื่อสถานประกอบการ,,4500000,ขี้เหล็ก,2565,แม่ริม
2325,ทำเครื่องเรือน เครื่องใช้ในบ้านเรือน ปาร์เก้ โมเสค ไม้คิ้ว ไม้บัว ไม้กั้นฝ้า ไม้กันเปื้อน ไม้ฉลุ ซี่ลูกกรง ราวบันได โดยใช้ไม้แปรรูป,เชียงใหม่,30,รายชื่อสถานประกอบการ,โรงงานแปรรูปไม้ บริษัท บ้านสวยสวนงาม จำกัด,3856000,แม่หอพระ,2565,แม่แตง
2326,ทำวงกบ ประตู-หน้าต่างจากไม้,เชียงใหม่,1000000,รายชื่อสถานประกอบการ,บริษัท เจริญชาติ จำกัด,0,หนองแหย่ง,2565,สันทราย
2327,ทำส่วนประกอบที่ทำด้วยไม้ของอาคาร เครื่องเรือนหรือเครื่องตบแต่งภายในอาคารจากไม้,เชียงใหม่,22,รายชื่อสถานประกอบการ,ล้านนาเรือนโบราณ,3320000,สันโป่ง,2565,แม่ริม
2328,ทำวงกบ-ประตูหน้าต่างและเครื่องเรือนจากไม้,เชียงใหม่,24,รายชื่อสถานประกอบการ,บริษัท วู๊ด อาร์ต ดี ซายน์ จำกัด,1250000,น้ำแพร่,2565,หางดง
2329,ทำเครื่องเรือน เครื่องใช้ในบ้านเรือน วงกบประตู หน้าต่าง ปาร์เก้ โมเสค ไม้คิ้วประสาน แกะสลัก ขัด กลึง โดยใช้ไม้แปรรูป เศษไม้,เชียงใหม่,5,รายชื่อสถานประกอบการ,บริษัท ซีตี้ วู้ด อินดัสตรี จำกัด,16000000,เชิงดอย,2565,ดอยสะเก็ด
2330,โรงงานประกอบกิจการเกี่ยวกับไม้ (การถนอมเนื้อไม้ หรือการอบไม้),เชียงใหม่,15,รายชื่อสถานประกอบการ,บริษัท เชียงใหม่สุขสวัสดิ์ จำกัด (สาขา 00001),3000000,เชิงดอย,2565,ดอยสะเก็ด
2331,ผลิตพื้นไม้ บ้านเล็กสำเร็จรูป ฝาและผนักประดับบ้านภายในและภายนอก และผลิตภัณฑ์ไม้ไผ่ และไม้ทั่วไปอบพร้อมใช้งาน,เชียงใหม่,24,รายชื่อสถานประกอบการ,บริษัท ชาเลท์ แอนด์ แบมบู จำกัด,14257730,หนองควาย,2565,หางดง
2332,ผลิตเฟอร์นิเจอร์ไม้ และผลิตภัณฑ์จากไม้,เชียงใหม่,20,รายชื่อสถานประกอบการ,แซนทารา ลักซ์ เฟอร์นิเจอร์,2000000,ทุ่งต้อม,2565,สันป่าตอง
2333,ทำเครื่องใช้ เครื่องเล่นจากไม้,เชียงใหม่,27,รายชื่อสถานประกอบการ,บริษัท คิดดี้ทอยส์ แอนด์ เกมส์ จำกัด,11500000,ยุหว่า,2565,สันป่าตอง
2334,ทำผลิตภัณฑ์จากไม้ ภาชนะบรรจุ เครื่องใช้จากไม้,เชียงใหม่,500000,รายชื่อสถานประกอบการ,โคมกนก,0,แม่คือ,2565,ดอยสะเก็ด
2335,ผลิตเฟอร์นิเจอร์ไม้ และผลิตภัณท์จากไม้,เชียงใหม่,20,รายชื่อสถานประกอบการ,นางสาวถนอมใจ หิรัญรัตน์,5000000,ป่าป้อง,2565,ดอยสะเก็ด
2336,ทำผลิตภัณฑ์จากไม้นอกประเภทหวงห้าม เช่น ภาชนะบรรจุ เครื่องใช้จากไม้ เครื่องตกแต่งภายในอาคารจากไม้ แกะสลักต่างๆ พร้อมประดับด้วยกระจกสี,เชียงใหม่,16,รายชื่อสถานประกอบการ,บริษัท ทัช ออฟ คลาส จำกัด,8800000,ขุนคง,2565,หางดง
2337,ผลิตเฟอร์นิเจอร์ และอุปกรณ์ตกแต่งบ้านจากไม้,เชียงใหม่,20,รายชื่อสถานประกอบการ,บริษัท มูนเลอร์ คอลเลคชั่น จำกัด,2500000,สำราญราษฎร์,2565,ดอยสะเก็ด
2338,ผลิตของเล่นเด็ก เกมส์ และผลิตภัณฑ์อื่นๆ จากไม้,เชียงใหม่,500000,รายชื่อสถานประกอบการ,โรงงาน บอล บอล เกมส์,0,ท่าวังตาล,2565,สารภี
2339,ผลิตเฟอร์นิเจอร์จากไม้,เชียงใหม่,10,รายชื่อสถานประกอบการ,ห้างหุ้นส่วนจำกัด บี.เอช.เนเจอร์วูด,11000000,แม่ข่า,2565,ฝาง
2340,ผลิตและส่งออกตลับไม้ กรอบรูป และเชิงเทียน,เชียงใหม่,10000000,รายชื่อสถานประกอบการ,บริษัท วาสนาคอลเล็คชั่น จำกัด,0,สันกำแพง,2565,สันกำแพง
2341,ทำเครื่องใช้จากไม้ฉำฉา เช่น เครื่องเล่น,เชียงใหม่,3000,รายชื่อสถานประกอบการ,สมบัติเกมส์ไม้,0,สันกลาง,2565,สันกำแพง
2342,ผลิตตลับไม้ กรอบรูปไม้ และเชิงเทียนจากโลหะ,เชียงใหม่,1000000,รายชื่อสถานประกอบการ,บริษัท วาสนาคอลเลคชั่น จำกัด,0,สันกำแพง,2565,สันกำแพง
2343,ทำภาชนะบรรจุ เครื่องมือ หรือเครื่องใช้จากไม้และรวมถึงชิ้นส่วนของผลิตภัณฑ์ ดังกล่าว และทำกรอบรูปหรือกรอบกระจกจากไม้,เชียงใหม่,6000000,รายชื่อสถานประกอบการ,บริษัท โค-ลาโบ วูด สตูดิโอ จำกัด,0,ออนกลาง,2565,แม่ออน
2344,ทำเครื่องใช้จากไม้,เชียงใหม่,8,รายชื่อสถานประกอบการ,ห้างหุ้นส่วนจำกัด เปี๊ยกแอนติค,3250000,หนองแก๋ว,2565,หางดง
2345,ทำเครื่องเรือน เครื่องมือ เครื่องใช้หรือภาชนะบรรจุจากไม้ หรือทำกรอบรูปหรือกรอบกระจกจากไม้ ทำเครื่องเล่นหรือของเล่นจากไม้,เชียงใหม่,14,รายชื่อสถานประกอบการ,ส.ประดิษฐกรรม,1100000,สันทรายน้อย,2565,สันทราย
2346,ทำผลิตภัณฑ์จากไม้ และเครื่องใช้จากไม้,เชียงใหม่,25,รายชื่อสถานประกอบการ,บริษัท เชียงใหม่ พิพัฒน์ คราฟวิ่ง จำกัด,21000000,หนองแก๋ว,2565,หางดง
2347,แกะสลักไม้ เครื่องเรือน เครื่องตกแต่งภายในอาคารจากไม้,เชียงใหม่,3,รายชื่อสถานประกอบการ,ไม้ขัดทอง,2800000,น้ำแพร่,2565,หางดง
2348,ทำกรอบรูปจากไม้,เชียงใหม่,3505000,รายชื่อสถานประกอบการ,บริษัท เอส เค บี สยามโปรดัก จำกัด,0,ป่าป้อง,2565,ดอยสะเก็ด
2349,ทำเฟอร์นิเจอร์จากไม้ ไม้ไผ่ หวาย และผักตบชวา,เชียงใหม่,80,รายชื่อสถานประกอบการ,นางวาสนา แก้วสีขาว,3700000,บ้านแหวน,2565,หางดง
2350,ทำเครื่องเรือน และเฟอร์นิเจอร์จากไม้ แกะสลักไม้,เชียงใหม่,100,รายชื่อสถานประกอบการ,นางสาวปิยพร เปรมนิรันดร,11000000,หนองควาย,2565,หางดง
2351,ผลิตเฟอร์นิเจอร์ไม้,เชียงใหม่,500000,รายชื่อสถานประกอบการ,นรินทร์ อิ่นแก้ว,0,ขุนคง,2565,หางดง
2352,ผลิตและจำหน่ายสินค้าตบแต่งบ้าน โคมไฟ และผลิตภัณฑ์จากไม้อื่นๆ,เชียงใหม่,35,รายชื่อสถานประกอบการ,บริษัท สุนา ลิฟวิ่ง จำกัด,2000000,ขุนคง,2565,หางดง
2353,ผลิตเครื่องเรือน เครื่องตบแต่งภายในอาคารจากไม้,เชียงใหม่,5000000,รายชื่อสถานประกอบการ,บริษัท เอพลัสเฟอร์นิเจอร์ จำกัด,0,เหมืองแก้ว,2565,แม่ริม
2354,"ทำเครื่องเรือน,เครื่องใช้จากไม้,ตบแต่งสีไม้แกะสลัก",เชียงใหม่,6000000,รายชื่อสถานประกอบการ,บริษัท เชียงใหม่ พิพัฒน์คราฟวิ่ง จำกัด,0,หนองแก๋ว,2565,หางดง
2355,ทำเครื่องเรือนจากไม้ หรือเครื่องตบแต่งในอาคารจากไม้,เชียงใหม่,1500000,รายชื่อสถานประกอบการ,บริษัท รีแลกซ์คอมฟอร์ท จำกัด,0,หนองผึ้ง,2565,สารภี
2356,ทำเครื่องเรือนและเครื่องตบแต่งภายในอาคารจากไม้,เชียงใหม่,17500000,รายชื่อสถานประกอบการ,บริษัท วรวุฒิเฟอร์นิเจอร์ แอนด์ เดคคอร์ จำกัด,0,ป่าแดด,2565,เมืองเชียงใหม่
2357,ผลิตเฟอร์นิเจอร์และของตกแต่งบ้าน,เชียงใหม่,300000,รายชื่อสถานประกอบการ,โรงงานผลิตเฟอร์นิเจอร์ไม้,0,ขุนคง,2565,หางดง
2358,ผลิตเฟอร์นิเจอร์,เชียงใหม่,200000,รายชื่อสถานประกอบการ,สมบูรณ์-มาลี แอนติค,0,ขุนคง,2565,หางดง
2359,ผลิตเฟอร์นิเจอร์,เชียงใหม่,2000000,รายชื่อสถานประกอบการ,บริษัท จีซีคอลเลคชั่น จำกัด,0,หนองแก๋ว,2565,หางดง
2360,ผลิตเฟอร์นิเจอร์,เชียงใหม่,1000000,รายชื่อสถานประกอบการ,บริษัท อาร์.จี.อัส วู้ด จำกัด,0,ออนใต้,2565,สันกำแพง
2361,ทำเครื่องเรือนและเครื่องใช้จากไม้,เชียงใหม่,20,รายชื่อสถานประกอบการ,สหกรณ์หัตถกรรมเมืองเชียงใหม่ จำกัด,1550000,ต้นเปา,2565,สันกำแพง
2362,"ทำเฟอร์นิเจอร์ไม้,เครื่องเรือนจากไม้,ไม้พื้นปาร์เก้,โมเสค",เชียงใหม่,2000000,รายชื่อสถานประกอบการ,ห้างหุ้นส่วนจำกัด เชียงใหม่ ทีค วีเนียร์,0,แช่ช้าง,2565,สันกำแพง
2363,ทำเฟอร์นิเจอร์ไม้ ผลิตภัณฑ์จากไม้ และออกแบบตกแต่งจากไม้,เชียงใหม่,8,รายชื่อสถานประกอบการ,บริษัท 09 ดีไซน์ เฟอร์นิเจอร์ จำกัด,936000,ต้นเปา,2565,สันกำแพง
2364,ทำเครื่องเรือนเครื่องใช้จากไม้,เชียงใหม่,2034728,รายชื่อสถานประกอบการ,บริษัท บี.ซี. อาร์ท จำกัด,0,สันกลาง,2565,สันกำแพง
2365,ทำเครื่องเรือน เครื่องใช้ในบ้านเรือน ปาร์เก้ โมเสค ของที่ระลึกโดยใช้ไม้แปรรูป,เชียงใหม่,2000000,รายชื่อสถานประกอบการ,มัลลิกาเฟอร์นิเจอร์,0,ต้นเปา,2565,สันกำแพง
2366,ทำเครื่องเรือนเครื่องใช้จากไม้,เชียงใหม่,2000000,รายชื่อสถานประกอบการ,ห้างหุ้นส่วนจำกัด มัลลิกา แกะสลัก,0,ต้นเปา,2565,สันกำแพง
2367,ทำเครื่องเรือนและของตกแต่งบ้านจากไม้,เชียงใหม่,2000000,รายชื่อสถานประกอบการ,นายณัฐพล โปธาตน,0,ขุนคง,2565,หางดง
2368,ทำเครื่องเรือนจากไม้ เช่น โต๊ะ ตู้ เตียง เก้าอี้ ฯลฯ,เชียงใหม่,1000000,รายชื่อสถานประกอบการ,บริษัท อะเมซิ่ง เนเชอร์ วู๊ดส์ จำกัด,0,น้ำแพร่,2565,หางดง
2369,ประดิษฐ์ ผลิต ซ่อมแซม เครื่องเรือน เครื่องใช้ เครื่องตกแต่างภายนอก ภายในอาคารทุกชนิดจากไม้,เชียงใหม่,40,รายชื่อสถานประกอบการ,บริษัท มูเทียร่า จำกัด,6000000,ยุหว่า,2565,สันป่าตอง
2370,ทำเฟอร์นิเจอร์ ผลิตภัณฑ์จากไม้และออกแบบตกแต่งภายใน,เชียงใหม่,30,รายชื่อสถานประกอบการ,บริษัท ปานา คอลเลคชั่น จำกัด,2000000,ขุนคง,2565,หางดง
2371,ผลิตเฟอร์นิเจอร์และผลิตภัณฑ์จากไม้,เชียงใหม่,4,รายชื่อสถานประกอบการ,สินีนาฎเฟอร์นิเจอร์,500000,บวกค้าง,2565,สันกำแพง
2372,ทำเครื่องเรือน เครื่องตบแต่งภายในอาคาร เครื่องเล่นจากไม้,เชียงใหม่,3000000,รายชื่อสถานประกอบการ,บริษัท คิดตี้ทอยส์อินเตอร์เนชั่นแนล จำกัด,0,ยุหว่า,2565,สันป่าตอง
2373,ผลิตเฟอร์นิเจอร์จากไม้,เชียงใหม่,19,รายชื่อสถานประกอบการ,จิราภรณ์เฟอร์นิเจอร์,11800000,ขุนคง,2565,หางดง
2374,ทำเครื่องเรือน เฟอร์นิเจอร์ตกแต่งภายในอาคาร จากไม้,เชียงใหม่,2000000,รายชื่อสถานประกอบการ,บริษัท โค-ลาโบ วูด สตูดิโอ จำกัด,0,ออนกลาง,2565,แม่ออน
2375,ทำเครื่องเรือนหรือเครื่องตบแต่งภายในอาคารจากไม้ ทำวงกบ ขอบประตู ขอบหน้าต่าง ส่วนประกอบที่ทำด้วยไม้ของอาคาร ภาชนะบรรจุ เครื่องมือ หรือเครื่องใช้จากไม้ และทำกรอบรูปหรือกรอบกระจกจากไม้,เชียงใหม่,29,รายชื่อสถานประกอบการ,ส.สันกำแพง,5450000,ร้องวัวแดง,2565,สันกำแพง
2376,ทำเครื่องเรือนหรือเครื่องตบแต่งจากไม้ๆ,เชียงใหม่,150000,รายชื่อสถานประกอบการ,นายสาคร ไชยคำวัง,0,ตลาดขวัญ,2565,ดอยสะเก็ด
2377,"ผลิตจัดจำหน่ายเครื่องเรือนเฟอร์นิเจอร์ ,หัตถกรรม ใช้ในครัวเรือน ที่ผลิตจากไม้",เชียงใหม่,1000000,รายชื่อสถานประกอบการ,บริษัท สวิส ไทย วอเตอร์ โซลูชั่น จำกัด,0,ขุนคง,2565,หางดง
2378,ทำเครื่องเรือนและของตบแต่งจากไม้,เชียงใหม่,1000000,รายชื่อสถานประกอบการ,ห้างหุ้นส่วนจำกัด ดิ ออเรียลทอล ลานนา,0,ขี้เหล็ก,2565,แม่แตง
2379,ทำเครื่องเรือน หรือเครื่องตบแต่งจากไม้ เช่นโต๊ะหมู่บูชา,เชียงใหม่,1000000,รายชื่อสถานประกอบการ,ณฐมนสังฆภัณฑ์,0,ป่าลาน,2565,ดอยสะเก็ด
2380,ทำเครื่องเรือนหรือเครื่องตบแต่งภายในอาคารจากไม้,เชียงใหม่,1500000,รายชื่อสถานประกอบการ,บริษัท นภัสนันท์การค้าไม้ จำกัด,0,ป่าป้อง,2565,ดอยสะเก็ด
2381,ทำวงกบ ประตู หน้าต่าง และเครื่องเรื่อนจากไม้,เชียงใหม่,20,รายชื่อสถานประกอบการ,นายอรรถศาสตร์ พงษ์พานิชย์,6500000,สบเปิง,2565,แม่แตง
2382,ผลิตกระดาษสา,เชียงใหม่,3000000,รายชื่อสถานประกอบการ,ซี.เอส.พี เชียงใหม่กระดาษสา,0,แม่แฝก,2565,สันทราย
2383,ฆ่าสัตว์และชำแหละเนื้อสัตว์,เชียงใหม่,2500000,รายชื่อสถานประกอบการ,บริษัท จิตรุ่งเรืองกรุ๊ป จำกัด,0,สันกำแพง,2565,สันกำแพง
2384,โรงฆ่าสัตว์และแปรรูปเนื้อสัตว์เพื่อการทดลอง,เชียงใหม่,500000,รายชื่อสถานประกอบการ,กรมปศุสัตว์,0,ช้างเผือก,2565,เมืองเชียงใหม่
2385,ฆ่าและชำแหละไก่,เชียงใหม่,5000000,รายชื่อสถานประกอบการ,บริษัท ฟาร์ม 9 ไก่ฟู้ดส์ จำกัด,0,มะขามหลวง,2565,สันป่าตอง
2386,โรงฆ่าสุกรและแปรรูปผลิตภัณฑ์สุกร,เชียงใหม่,50,รายชื่อสถานประกอบการ,โรงงานแปรรูปสุกรแม่โจ้,35000000,หนองหาร,2565,สันทราย
2387,โรงฆ่าและชำแหละสัตว์ปีก,เชียงใหม่,900000,รายชื่อสถานประกอบการ,ไก่สดนันทา,0,หายยา,2565,เมืองเชียงใหม่
2388,ฆ่าสัตว์(สุกร),เชียงใหม่,30,รายชื่อสถานประกอบการ,บริษัท ชัยพัฒนา ฟาร์ม จำกัด,30000000,เชิงดอย,2565,ดอยสะเก็ด
2389,ฆ่าและชำแหละสุกร,เชียงใหม่,150000,รายชื่อสถานประกอบการ,โรงฆ่าสัตว์(สุกร),0,หนองบัว,2565,ไชยปราการ
2390,ฆ่าและชำแหละไก่,เชียงใหม่,5000000,รายชื่อสถานประกอบการ,ห้างหุ้นส่วนจำกัด ป.พุฒ ไก่สด,0,หนองแหย่ง,2565,สันทราย
2391,ทำผลิตภัณฑ์อาหารจากเนื้อสัตว์ มันสัตว์ หนังสัตว์ หรือสารสกัดจากไขสัตว์หรือกระดูกสัตว์,เชียงใหม่,6,รายชื่อสถานประกอบการ,บริษัท ไตรเทค 2005 (ประเทศไทย) จำกัด,17500000,แช่ช้าง,2565,สันกำแพง
2392,ทำลูกชิ้นเนื้อ และหมู,เชียงใหม่,4,รายชื่อสถานประกอบการ,ลูกชิ้นบุญเสริม,850000,สันโป่ง,2565,แม่ริม
2393,เกี่ยวกับผลิตภัณฑ์จากผึ้ง และน้ำผึ้ง เช่น เครื่องดื่ม น้ำส้มสายชูหมักจากน้ำผึ้ง สบู่น้ำผึ้ง สบู่นมน้ำผึ้ง สบู่พรอพอลิส และอื่นๆ และสบู่ แชมพู หรือผลิตภัณฑ์สำหรับชะล้างหรือขัดถู เครื่องสำอาง หรือสิ่งปรุงแต่งร่างกาย ,เชียงใหม่,11,รายชื่อสถานประกอบการ,บริษัท เชียงใหม่ เฮลตี้ โปรดักส์ จำกัด,58250000,ชมภู,2565,สารภี
2394,"ทำลูกชิ้นเนื้อ,หมู",เชียงใหม่,500000,รายชื่อสถานประกอบการ,ลูกชิ้นมีชัย,0,ป่าแดด,2565,เมืองเชียงใหม่
2395,ผลิตลูกชิ้นเนื้อ หมู และไก่,เชียงใหม่,200000,รายชื่อสถานประกอบการ,ลูกชิ้นวัญนา,0,สันโป่ง,2565,แม่ริม
2396,ทำลูกชิ้นและหมูยอ,เชียงใหม่,200000,รายชื่อสถานประกอบการ,โรงงานพรสวรรค์,0,ต้นเปา,2565,สันกำแพง
2397,ทำกุนเชียง หมูหยอง,เชียงใหม่,1500000,รายชื่อสถานประกอบการ,บริษัท จิง จิง เฮียงเชียงใหม่ จำกัด,0,ท่าวังตาล,2565,สารภี
2398,แปรรูปผลิตภัณฑ์จากผึ้ง,เชียงใหม่,1000000,รายชื่อสถานประกอบการ,บริษัท ฟาร์มผึ้งพัฒนกิจ จำกัด,0,หนองผึ้ง,2565,สารภี
2399,แปรรูปผลิตภัณฑ์อาหารจากเนื้อสัตว์,เชียงใหม่,1000000,รายชื่อสถานประกอบการ,ลูกชิ้นพรสวรรค์,0,ต้นเปา,2565,สันกำแพง
2400,ผลิตผลิตภัณฑ์จากผึ้ง เช่น น้ำผึ้ง ไขผึ้ง เกสรผึ้ง นมผึ้ง,เชียงใหม่,10,รายชื่อสถานประกอบการ,บริษัท ฮันนี่ โพลีพลัส จำกัด,12000000,ท่าศาลา,2565,เมืองเชียงใหม่
2401,ผลิตอาหารจากเนื้อสัตว์ เช่น ไส้กรอก แฮม เบอร์เกอร์ ปาเต้,เชียงใหม่,6,รายชื่อสถานประกอบการ,บริษัท จีบุส ฟู้ดส์ โปรดักส์ จำกัด,8500000,ท่าศาลา,2565,เมืองเชียงใหม่
2402,ชำแหละ ตัดแต่ง ชิ้นส่วนสุกรและแปรรูปเนื้อสัตว์,เชียงใหม่,77,รายชื่อสถานประกอบการ,บริษัท ซีพีเอฟ (ประเทศไทย) จำกัด (มหาชน),90000000,สันกลาง,2565,สันป่าตอง
2403,แปรรูปรังนกนางแอ่น,เชียงใหม่,5000000,รายชื่อสถานประกอบการ,บริษัท กู๊ดฟอร์จูนเอเชีย จำกัด,0,ขุนคง,2565,หางดง
2404,แปรรูปผลิตภัณฑ์จากไข่ และคัดบรรจุไข่,เชียงใหม่,11,รายชื่อสถานประกอบการ,บริษัท ซีพีเอฟ (ประเทศไทย) จำกัด (มหาชน),206500000,ห้วยทราย,2565,สันกำแพง
2405,อัดเศษกระดาษ,เชียงใหม่,200000,รายชื่อสถานประกอบการ,ส.วิวัฒน์พานิช,0,หนองหอย,2565,เมืองเชียงใหม่
2406,อัดเศษกระดาษเก่า,เชียงใหม่,2000000,รายชื่อสถานประกอบการ,โรงอัดเศษกระดาษสารภี,0,สารภี,2565,สารภี
2407,ทำผลิตภัณฑ์จากกระดาษสา,เชียงใหม่,5499803,รายชื่อสถานประกอบการ,ห้างหุ้นส่วนจำกัด เชียงใหม่อินเตอร์เนชั่นแนล เดค,0,สันกำแพง,2565,สันกำแพง
2408,พิมพ์สิ่งพิมพ์ต่าง ๆ,เชียงใหม่,500000,รายชื่อสถานประกอบการ,บริษัท โชตนาพริ้นท์ จำกัด,0,ศรีภูมิ,2565,เมืองเชียงใหม่
2409,พิมพ์สิ่งพิมพ์ต่างๆ,เชียงใหม่,0,รายชื่อสถานประกอบการ,ห้างหุ้นส่วนจำกัด สยามรัตน,0,ช้างคลาน,2565,เมืองเชียงใหม่
2410,ผลิตปุ๋ยเคมี,เชียงใหม่,750000,รายชื่อสถานประกอบการ,มหาลาภ,0,ร้องวัวแดง,2565,สันกำแพง
2411,ผลิตปุ๋ยอินทรีย์ (ปุ๋ยหมัก) และปุ๋ยอินทรีย์เคมี,เชียงใหม่,500000,รายชื่อสถานประกอบการ,บริษัท เชียงใหม่ฮิวโมสท์ จำกัด,0,แช่ช้าง,2565,สันกำแพง
2412,ผลิตปุ๋ยอินทรีย์,เชียงใหม่,7500000,รายชื่อสถานประกอบการ,บริษัท เนเจอรอล อะกรีคัลเจอร์ จำกัด,0,แม่หอพระ,2565,แม่แตง
2413,ผลิตปุ๋ยอินทรีย์-ชีวภาพ,เชียงใหม่,8815000,รายชื่อสถานประกอบการ,บริษัท มอนทรีโอ้ ค๊อฟฟี่ จำกัด,0,ดอยหล่อ,2565,ดอยหล่อ
2414,เกี่ยวกับการผลิตวัตถุที่รับรองไว้ในตำรายาที่รัฐมนตรีว่าการกระทรวงสาธารณสุขประกาศและการผลิตวัตถุที่มุ่งหมายสำหรับใช้ในการวิเคราะห์ บำบัด บรรเทา รักษา หรือป้องกันโรคหรือความเจ็บป่วยของมนุษย์หรือสัตว์,เชียงใหม่,13,รายชื่อสถานประกอบการ,บริษัท ดีท็อกซ์ (ประเทศไทย) จำกัด,66000000,น้ำแพร่,2565,หางดง
2415,ผลิตยารักษาโรคแผนปัจจุบัน เช่น ยาเม็ด ยารูปแบบของเหลว ยาครีม ยาเหน็บ ที่มีสารสกัดจากกัญชง เป็นต้น,เชียงใหม่,33,รายชื่อสถานประกอบการ,บริษัท ซาลัส ไบโอซูติคอล (ประเทศไทย) จำกัด,354575000,เชิงดอย,2565,ดอยสะเก็ด
2416,การสกัดสมุนไพรทำเครื่องสำอาง ยาสมุนไพร และอาหารเสริม,เชียงใหม่,30,รายชื่อสถานประกอบการ,บริษัท ซีเอ็มซี แอสโซซิเอทส์ จำกัด,32000000,แม่นะ,2565,เชียงดาว
2417,โรงงานประกอบกิจการเกี่ยวกับ ยา การผลิตวัตถุที่มุ่งหมายสำหรับใช้ในการวิเคราะห์ บำบัด บรรเทา รักษาหรือป้องกันโรค หรือความเจ็บป่วยของมนุษย์ หรือสัตว์,เชียงใหม่,21,รายชื่อสถานประกอบการ,บริษัท ดีท็อกซ์(ประเทศไทย) จำกัด,8500000,น้ำแพร่,2565,หางดง
2418,การผลิตน้ำยาทำความสะอาด,เชียงใหม่,40000000,รายชื่อสถานประกอบการ,บริษัท เค.ซี.ซี.พี. 2011 กรุ๊ป จำกัด,0,ป่าบง,2565,สารภี
2419,ผลิตสบู่และเครื่องสำอางค์ สมุนไพร,เชียงใหม่,5000000,รายชื่อสถานประกอบการ,บริษัท เฮิร์บ เบสิคส์ จำกัด,0,หารแก้ว,2565,หางดง
2420,ผลิต-จำหน่าย เครื่องสำอาง อาหารเสริม สารสกัด,เชียงใหม่,5,รายชื่อสถานประกอบการ,บริษัท เอส.ที.ดี เมติกส์ จำกัด,31954217.27,หนองหาร,2565,สันทราย
2421,ผลิตพาราฟินแวกซ์,เชียงใหม่,13,รายชื่อสถานประกอบการ,บริษัท อุนนดา จำกัด,13500000,ป่าป้อง,2565,ดอยสะเก็ด
2422,ผลิตถ่านกัมมันต (ACTIVATED CARBON) และเครื่องกรองน้ำ,เชียงใหม่,7,รายชื่อสถานประกอบการ,พี เอ คาร์บอน,2100000,ตลาดใหญ่,2565,ดอยสะเก็ด
2423,ผลิตเทียนหอม,เชียงใหม่,90,รายชื่อสถานประกอบการ,บริษัท ที.ที.ที.แคนเดิล จำกัด,20050000,สันผักหวาน,2565,หางดง
2424,ทำเทียนหอมและเทียนไข,เชียงใหม่,1000000,รายชื่อสถานประกอบการ,บริษัท ดาเลี่ยน ทาเล้น โฮม เดคอร์(ไทย) จำกัด,0,บ้านกลาง,2565,สันป่าตอง
2425,ทำผลิตภัณฑ์นม,เชียงใหม่,1000000,รายชื่อสถานประกอบการ,บริษัท เชียงใหม่ เฟรชมิลค์ จำกัด,0,ท่าวังตาล,2565,สารภี
2426,ผลิตนมพลาสเจอร์ไรส์ และ ยู.เอช.ที,เชียงใหม่,0,รายชื่อสถานประกอบการ,บริษัท โกลด์มิลค์ จำกัด,0,ชมภู,2565,สารภี
2427,ผลิตแอสฟัลท์ติกคอนกรีต,เชียงใหม่,500000,รายชื่อสถานประกอบการ,ห้างหุ้นส่วนจำกัด ปราการวิศวะก่อสร้าง,0,แม่สูน,2565,ฝาง
2428,ผลิตแอสฟัลท์ติกคอนกรีต,เชียงใหม่,10000000,รายชื่อสถานประกอบการ,บริษัท อัครโยธิน จำกัด,0,บงตัน,2565,ดอยเต่า
2429,ผลิตแอสฟัลท์ติกคอนกรีต,เชียงใหม่,3000000,รายชื่อสถานประกอบการ,บริษัท เชียงใหม่ 49 คอนสตรัคชั่น จำกัด,0,มะขุนหวาน,2565,สันป่าตอง
2430,ผลิตแอสฟัลท์ติกคอนกรีต,เชียงใหม่,5000000,รายชื่อสถานประกอบการ,ห้างหุ้นส่วนจำกัด ขนุนแดงคอนสตรัคชั่น,0,เวียง,2565,ฝาง
2431,ผลิตแอสฟัลส์ติกคอนกรีต,เชียงใหม่,10000000,รายชื่อสถานประกอบการ,ห้างหุ้นส่วนจำกัด เชียงใหม่ศรีอัมภาการก่อสร้าง,0,น้ำแพร่,2565,หางดง
2432,ผลิตแอสฟัลท์ติกคอนกรีต,เชียงใหม่,6,รายชื่อสถานประกอบการ,บริษัท สุขุมการโยธา จำกัด,89048450,ฮอด,2565,ฮอด
2433,ผลิตแอสฟัลท์ติกคอนกรีต,เชียงใหม่,10000000,รายชื่อสถานประกอบการ,ห้างหุ้นส่วนจำกัด ธนะชัย แอสโซซิเอท,0,หนองหาร,2565,สันทราย
2434,ผลิตแอสฟัลติกคอนกรีต,เชียงใหม่,3,รายชื่อสถานประกอบการ,ห้างหุ้นส่วนจำกัด ธัญญลักษณ์เอ็นจิเนียริ่ง,30350000,บ้านกาด,2565,แม่วาง
2435,ผลิตแอสฟัลส์ติคคอนกรีต,เชียงใหม่,10000000,รายชื่อสถานประกอบการ,บริษัท อัครโยธิน จำกัด,0,ยางเปียง,2565,อมก๋อย
2436,ทำคอนกรีตแอสฟัลต์,เชียงใหม่,15,รายชื่อสถานประกอบการ,บริษัท เชียงใหม่สหวิศวโยธาการ จำกัด,21000000,ยางเนิ้ง,2565,สารภี
2437,โรงงานยางแอสฟัลท์ติกคอนกรีตผสมเสร็จ,เชียงใหม่,10000000,รายชื่อสถานประกอบการ,บริษัท เชียงใหม่ เอส.พี คอนสตรัคชั่น จำกัด,0,บวกค้าง,2565,สันกำแพง
2438,ผลิตแอสฟัลต์ติกคอนกรีต,เชียงใหม่,200000,รายชื่อสถานประกอบการ,บริษัท กาญจนาธุรกิจก่อสร้าง จำกัด,0,ร้องวัวแดง,2565,สันกำแพง
2439,ผลิตแอสฟัลท์ติกคอนกรีต,เชียงใหม่,10000000,รายชื่อสถานประกอบการ,บริษัท บลูแลนด์ เอ็นจิเนียริ่ง จำกัด,0,บ้านตาล,2565,ฮอด
2440,โรงงานผลิตแอสฟัลท์ติกคอนกรีต,เชียงใหม่,1000000,รายชื่อสถานประกอบการ,บริษัท เชียงใหม่ศรีสุนทร จำกัด,0,อินทขิล,2565,แม่แตง
2441,ผลิตแอสฟัลท์ติกคอนกรีต,เชียงใหม่,5000000,รายชื่อสถานประกอบการ,บริษัท ภาคเหนือวัสดุ จำกัด,0,ดอยหล่อ,2565,ดอยหล่อ
2442,ผลิตแอสฟัสท์ติกคอนกรีต,เชียงใหม่,16,รายชื่อสถานประกอบการ,ห้างหุ้นส่วนจำกัด ธนาทรัพย์การโยธา,30660000,ขี้เหล็ก,2565,แม่แตง
2443,ผลิตแอสฟัลท์ติกคอนกรีต,เชียงใหม่,2000000,รายชื่อสถานประกอบการ,บริษัท ทีแพค แอสฟัลท์ติก แอนด์ คอนกรีต จำกัด,0,ดอยหล่อ,2565,ดอยหล่อ
2444,ผลิตแอสฟัลต์ติกคอนกรีต,เชียงใหม่,1000000,รายชื่อสถานประกอบการ,บริษัท เชียงใหม่ สหศิลา จำกัด,0,ศรีดงเย็น,2565,ไชยปราการ
2445,ผลิตแอสฟัลติกคอนกรีต,เชียงใหม่,1000000,รายชื่อสถานประกอบการ,ห้างหุ้นส่วนจำกัด ลำธาร คอนสตรัคชั่น,0,ดอยหล่อ,2565,ดอยหล่อ
2446,ผลิตแอสฟัลท์ติกคอนกรีต,เชียงใหม่,10000000,รายชื่อสถานประกอบการ,บริษัท ภาคเหนือวัสดุ จำกัด,0,บ้านแอ่น,2565,ดอยเต่า
2447,ผลิตแอสฟิลท์ติกคอนกรีต,เชียงใหม่,3000000,รายชื่อสถานประกอบการ,ห้างหุ้นส่วนจำกัด เอ.เอ็น.วี. สำรวจและรังวัด,0,ขี้เหล็ก,2565,แม่ริม
2448,ผลิตแอสฟัลท์ติกคอนกรีต,เชียงใหม่,10000000,รายชื่อสถานประกอบการ,บริษัท ภาคเหนือวัสดุ จำกัด,0,บ้านแอ่น,2565,ดอยเต่า
2449,ผลิตแอสฟัลท์ติกคอนกรีต,เชียงใหม่,7,รายชื่อสถานประกอบการ,บริษัท อีเกิ้ล อิมพอร์ต แอนด์ เอ็กซ์พอร์ต อินเตอร์เนชั่นแนล จำกัด,38000000,บ้านแอ่น,2565,ดอยเต่า
2450,ผลิตซีนกันน้ำมัน,เชียงใหม่,300000,รายชื่อสถานประกอบการ,บริษัท อิเทอร์นัล เอ็นเตอร์ไพรส์ จำกัด,0,แม่เหียะ,2565,เมืองเชียงใหม่
2451,บดย่อยยางรถยนต์,เชียงใหม่,100000,รายชื่อสถานประกอบการ,บริษัท คอนติเนนตัล แพลทฟอร์ม (ไทยแลนด์) จำกัด,0,ดอนเปา,2565,แม่วาง
2452,ผลิตฟองน้ำ ตัดฟองน้ำ ทำชิ้นส่วนเครื่องเรือน,เชียงใหม่,2000000,รายชื่อสถานประกอบการ,บริษัท เคียงดอย โปรดักส์ จำกัด,0,ยุหว่า,2565,สันป่าตอง
2453,ผลิตอุปกรณ์ผ้าม่าน,เชียงใหม่,2000000,รายชื่อสถานประกอบการ,อี.พี.เดคคอร์ (ประเทศไทย),0,หนองหาร,2565,สันทราย
2454,"ทำผลิตภัณฑ์พลาสติก เช่น ขวด,แก้วน้ำ",เชียงใหม่,1000000,รายชื่อสถานประกอบการ,พลาสติกเก้ายอด,0,สง่าบ้าน,2565,ดอยสะเก็ด
2455,ทำถุงพลาสติก,เชียงใหม่,2100000,รายชื่อสถานประกอบการ,ยิ้มเจริญพลาสติก,0,ป่าไผ่,2565,สันทราย
2456,ผลิตถุงพลาสติก,เชียงใหม่,15,รายชื่อสถานประกอบการ,ห้างหุ้นส่วนจำกัด บุญตาอุตสาหกรรมพลาสติก,4500000,ดอนแก้ว,2565,สารภี
2457,ผลิตผลิตภัณฑ์พลาสติก,เชียงใหม่,4000000,รายชื่อสถานประกอบการ,บริษัท รวมเเพคส์ พลาสติก จำกัด,0,สารภี,2565,สารภี
2458,ผลิตถังน้ำและถังบำบัดน้ำเสีย,เชียงใหม่,2000000,รายชื่อสถานประกอบการ,บริษัท เจริญมิตรเชียงใหม่ จำกัด,0,แช่ช้าง,2565,สันกำแพง
2459,ผลิตกระสอบสานพลาสติก,เชียงใหม่,4000000,รายชื่อสถานประกอบการ,ล้านนาโพลีแซค,0,แม่แฝก,2565,สันทราย
2460,ผลิตกระสอบสานพลาสติก,เชียงใหม่,4000000,รายชื่อสถานประกอบการ,บริษัท เดอ คอนสตรัคชั่น จำกัด,0,แม่แฝก,2565,สันทราย
2461,ทำพลาสติกเม็ดและทำถุงพลาสติก,เชียงใหม่,18,รายชื่อสถานประกอบการ,นิศารัตน์ พลาสติก,3700000,สันกำแพง,2565,สันกำแพง
2462,ผลิตภาชนะเครื่องใช้และผลิตภัณฑ์ที่เกี่ยวกับพลาสติกทุกชนิด,เชียงใหม่,1000000,รายชื่อสถานประกอบการ,บริษัท จิ้น ลี่ จำกัด,0,ขุนคง,2565,หางดง
2463,ทำพลาสติกเป็นเม็ด และเป็นชิ้น,เชียงใหม่,1000000,รายชื่อสถานประกอบการ,ห้างหุ้นส่วนจำกัด อโนทัยพลาสติก,0,ห้วยทราย,2565,แม่ริม
2464,การล้าง บด หรือย่อยพลาสติก,เชียงใหม่,4000000,รายชื่อสถานประกอบการ,พรพรรณพานิช,0,บวกค้าง,2565,สันกำแพง
2465,บีบ อัด บด ล้าง หรือ ย่อยพลาสติก,เชียงใหม่,1500000,รายชื่อสถานประกอบการ,บริษัท สแคร็พไทยรีไซเคิล(พลาสติก) จำกัด,0,ดอยหล่อ,2565,ดอยหล่อ
2466,"ล้าง,บด,ย่อย,พลาสติก",เชียงใหม่,16,รายชื่อสถานประกอบการ,Yong Shein Plastic Recycle Ordinary Partnership,2750000,ขี้เหล็ก,2565,แม่ริม
2467,ล้าง บด หรือย่อยพลาสติก,เชียงใหม่,2000000,รายชื่อสถานประกอบการ,บริษัท ล้านนา เอ็น-โพลีเมอร์ จำกัด,0,บวกค้าง,2565,สันกำแพง
2468,ล้าง บด ย่อยพลาสติก,เชียงใหม่,3000000,รายชื่อสถานประกอบการ,บริษัท พงศ์พสิษฐ์ จำกัด,0,บ้านกลาง,2565,สันป่าตอง
2469,บดย่อยพลาสติก,เชียงใหม่,14,รายชื่อสถานประกอบการ,โรงโม่พลาสติกแม่วาง,4100000,ดอนเปา,2565,แม่วาง
2470,ผลิตลูกปัดแก้ว,เชียงใหม่,1182000,รายชื่อสถานประกอบการ,บริษัท อาร์ เอ็ม ซี เจมส์ ไทย จำกัด,0,ทรายมูล,2565,สันกำแพง
2471,เครื่องเคลือบดินเผา,เชียงใหม่,100000,รายชื่อสถานประกอบการ,เจียงดินเซรามิค,0,หนองป่าครั่ง,2565,เมืองเชียงใหม่
2472,ทำเครื่องเคลือบดินเผา,เชียงใหม่,200000,รายชื่อสถานประกอบการ,บริษัท สยามศิลาดล พอตเทอรี่ จำกัด,0,ต้นเปา,2565,สันกำแพง
2473,ทำเครื่องปั๊มดินเผา,เชียงใหม่,4500000,รายชื่อสถานประกอบการ,บริษัท สโตนสเคปส์ จำกัด,0,น้ำแพร่,2565,หางดง
2474,ทำเครื่องปั้นดินเผา,เชียงใหม่,1000000,รายชื่อสถานประกอบการ,ห้างหุ้นส่วนจำกัด เชียงใหม่เซลาดอน (2015),0,ป่าป้อง,2565,ดอยสะเก็ด
2475,ผลิตและจำหน่ายเครื่องปั้นดินเผาประเภทสุขภัณฑ์ในห้องน้ำ,เชียงใหม่,200000,รายชื่อสถานประกอบการ,บริษัท แกรนด์ เซรามิค จำกัด,0,สันกำแพง,2565,สันกำแพง
2476,ผลิตเครื่องเซรามิค,เชียงใหม่,763487,รายชื่อสถานประกอบการ,บริษัท เชียงใหม่ พอร์สเลน จำกัด,0,บ้านแหวน,2565,หางดง
2477,ผลิตเซรามิค เครื่องประดับ,เชียงใหม่,4100000,รายชื่อสถานประกอบการ,บริษัท ซี เอ็ม เซรามิค เชียงใหม่(ประเทศไทย) จำกัด,0,สันติสุข,2565,ดอยหล่อ
2478,ทำเครื่องปั้นดินเผา,เชียงใหม่,22,รายชื่อสถานประกอบการ,แม่ริมเซรามิคสตูดิโอ,6000000,ดอนแก้ว,2565,แม่ริม
2479,ทำเซรามิค,เชียงใหม่,50000,รายชื่อสถานประกอบการ,ห้างหุ้นส่วนจำกัด ณ. นวอินเตอร์เนชั่นแนล,0,ยางเนิ้ง,2565,สารภี
2480,"ผลิตเครื่องปั้นดินเผา ,เครื่องเคลือบ ,เซรามิก",เชียงใหม่,1000000,รายชื่อสถานประกอบการ,บริษัท กษมา พอทเทอรี่ จำกัด,0,สันนาเม็ง,2565,สันทราย
2481,ผลิตเครื่องปั้นดินเผาเคลือบศิลาดล,เชียงใหม่,9500000,รายชื่อสถานประกอบการ,เตาเม็งราย,0,ต้นเปา,2565,สันกำแพง
2482,ทำอิฐ ดินเผา,เชียงใหม่,300000,รายชื่อสถานประกอบการ,เบิ้มอิฐก่อ,0,บ้านแม,2565,สันป่าตอง
2483,ผลิตอิฐดินเผา,เชียงใหม่,3000000,รายชื่อสถานประกอบการ,บริษัท ปัทมเพชร จำกัด,0,ข่วงเปา,2565,จอมทอง
2484,อิฐดินเผา,เชียงใหม่,10,รายชื่อสถานประกอบการ,อิฐคำปัน,2100000,แม่สาว,2565,แม่อาย
2485,ทำอิฐดินเผา,เชียงใหม่,500000,รายชื่อสถานประกอบการ,อิฐคำปัน,0,แม่สาว,2565,แม่อาย
2486,ทำอิฐ,เชียงใหม่,0,รายชื่อสถานประกอบการ,อิฐชัยวัฒนา,0,หนองควาย,2565,หางดง
2487,ผลิตและจำหน่ายอิฐมอญ,เชียงใหม่,100000,รายชื่อสถานประกอบการ,อิฐสุขใจ,0,แม่สาว,2565,แม่อาย
2488,ผลิตและจำหน่วยอิฐมอญ,เชียงใหม่,26,รายชื่อสถานประกอบการ,นายจันทร์ทิพย์ โกช่วย,3144000,แม่สาว,2565,แม่อาย
2489,ทำผลิตภัณฑ์จากการผสมปูนปลาสเตอร์ เช่น ฟันปลอม,เชียงใหม่,166,รายชื่อสถานประกอบการ,บริษัท เอ็กซา ซีแลม จำกัด,8800000,สันพระเนตร,2565,สันทราย
2490,ทำผลิตภัณฑ์คอนกรีต เช่น เสาเข็ม แผ่นพื้น เสารั้วคอนกรีตอัดแรง,เชียงใหม่,500000,รายชื่อสถานประกอบการ,บริษัท ดอยสะเก็ดคอนกรีต จำกัด,0,ลวงเหนือ,2565,ดอยสะเก็ด
2491,ทำคอนกรีตผสมเสร็จ,เชียงใหม่,5000000,รายชื่อสถานประกอบการ,บริษัท คิวมิกซ์ซัพพลาย จำกัด,0,ชมภู,2565,สารภี
2492,ทำผลิตภัณฑ์คอนกรีต คอนกรีตผสมเสร็จ,เชียงใหม่,500000,รายชื่อสถานประกอบการ,บริษัท เอส เอ็น คอนกรีต จำกัด,0,เวียง,2565,ฝาง
2493,ทำผลิตภัณฑ์คอนกรีต เช่น ท่อระบายน้ำ เสา,เชียงใหม่,500000,รายชื่อสถานประกอบการ,ห้างหุ้นส่วนจำกัด เชียงใหม่ ส.วิศวการ คอนกรีต,0,ช้างเผือก,2565,เมืองเชียงใหม่
2494,ผลิตคอนกรีตผสมเสร็จ,เชียงใหม่,1000000,รายชื่อสถานประกอบการ,โรงงานคอนกรีตผสมเสร็จ ฮอด,0,หางดง,2565,ฮอด
2495,ผลิตและจำหน่ายท่อคอนกรีตอัดแรง และผลิตภัฒฑ์จากคอนกรีต,เชียงใหม่,1500000,รายชื่อสถานประกอบการ,บริษัท พี.คอนกรีตโปรดักส์ จำกัด,0,บวกค้าง,2565,สันกำแพง
2496,ผลิตคอนกรีตผสมเสร็จ,เชียงใหม่,4000000,รายชื่อสถานประกอบการ,บริษัท นครหลวงคอนกรีต จำกัด,0,ท่าวังตาล,2565,สารภี
2497,ผลิตคอนกรีตผสมเสร็จ,เชียงใหม่,0,รายชื่อสถานประกอบการ,หน่วยผลิตคอนกรีต เชียงใหม่,0,เชิงดอย,2565,ดอยสะเก็ด
2498,ผลิตคอนกรีตผสมเสร็จ,เชียงใหม่,2000000,รายชื่อสถานประกอบการ,บริษัท นครพลวงคอนกรีต จำกัด,0,สันปูเลย,2565,ดอยสะเก็ด
2499,ผลิตคอนกรีตผสมเสร็จ,เชียงใหม่,500000,รายชื่อสถานประกอบการ,ห้างหุ้นส่วนจำกัด บี แอนด์ ที คอนกรีตผสมเสร็จ,0,สันกำแพง,2565,สันกำแพง
2500,ผลิตคอนกรีตผสมเสร็จ,เชียงใหม่,10000000,รายชื่อสถานประกอบการ,ห้างหุ้นส่วนจำกัด พี.ดีบบลิว.เอส คอนกรีต,0,หนองจ๊อม,2565,สันทราย
2501,ทำผลิตภัณฑ์คอนกรีต และทำอิฐดินเผา,เชียงใหม่,25,รายชื่อสถานประกอบการ,อิฐวังตาล,6500000,ยุหว่า,2565,สันป่าตอง
2502,ผลิตและจำหน่ายผลิตภัณฑ์คอนกรีตผสมเสร็จทุกชนิด,เชียงใหม่,5000000,รายชื่อสถานประกอบการ,บริษัท พี พี เอส คอนกรีต จำกัด สาขาดอยสะเก็ด,0,เชิงดอย,2565,ดอยสะเก็ด
2503,ผลิตผลิตภัณฑ์จากคอนกรีต เช่น ท่อคอนกรีต,เชียงใหม่,500000,รายชื่อสถานประกอบการ,ท่ออัดแรง เอสดับบลิว (สมหวัง),0,สันกำแพง,2565,สันกำแพง
2504,ทำผลิตภัณฑ์คอนกรีตผสมเสร็จ เช่น แผ่นพื้นสำเร็จ,เชียงใหม่,4,รายชื่อสถานประกอบการ,บริษัท บูรพาคอนกรีต แอนด์คอนสตรัคชั่น จำกัด,18200000,เชิงดอย,2565,ดอยสะเก็ด
2505,ผลิตภัณฑ์คอนกรีต เช่น เสาเข็ม แผ่นพื้น เสารั้วคอนกรีตอัดแรง ฯลฯ และคอนกรีตผสมเสร็จ,เชียงใหม่,13,รายชื่อสถานประกอบการ,ห้างหุ้นส่วนจำกัด ประภาสถามดี การช่าง (ผลิตภัณฑ์คอนกรีต),26000000,ขี้เหล็ก,2565,แม่ริม
2506,ผลิตคอนกรีตผสมเสร็จ,เชียงใหม่,1000000,รายชื่อสถานประกอบการ,ห้างหุ้นส่วนจำกัด ประสิทธิ์คอนสตรัคชั่นแอนด์ดีไซน์,0,แม่นาวาง,2565,แม่อาย
2507,ผลิตคอนกรีตผสมเสร็จ,เชียงใหม่,4,รายชื่อสถานประกอบการ,บริษัท ภาคเหนือวัสดุ จำกัด,12830000,บ้านแอ่น,2565,ดอยเต่า
2508,ผลิตคอนกรีตผสมเสร็จและผลิตภัณฑ์คอนกรีต,เชียงใหม่,11,รายชื่อสถานประกอบการ,ห้างหุ้นส่วนจำกัด ที เอ็น ดับเบิ้ลยู เชียงดาวก่อสร้าง,6000000,เชียงดาว,2565,เชียงดาว
2509,ผลิตคอนกรีตผสมเสร็จ,เชียงใหม่,4,รายชื่อสถานประกอบการ,โรงงานคอนกรีตผสมเสร็จ เชียงใหม่-ดอยสะเก็ด,10500000,เชิงดอย,2565,ดอยสะเก็ด
2510,ผลิตคอนกรีตผสมเสร็จ,เชียงใหม่,600000,รายชื่อสถานประกอบการ,โรงงานคอนกรีตผสมเสร็จ เชียงใหม่-สันผีเสื้อ,0,สันผีเสื้อ,2565,เมืองเชียงใหม่
2511,ผลิตคอนกรีตผสมเสร็จ,เชียงใหม่,10600000,รายชื่อสถานประกอบการ,โรงงานคอนกรีตผสมเสร็จ เชียงใหม่-ดอยหล่อ,0,สองแคว,2565,ดอยหล่อ
2512,ผลิตคอนกรีตผสมเสร็จ,เชียงใหม่,0,รายชื่อสถานประกอบการ,บริษัท เสรี ภู่พิสิฐ จำกัด,0,ข่วงเปา,2565,จอมทอง
2513,ผลิตคอนกรีตผสมเสร็จ,เชียงใหม่,18,รายชื่อสถานประกอบการ,บริษัท ยู เอส พรีคาสท์ คอนกรีต จำกัด,25000000,แม่แฝกใหม่,2565,สันทราย
2514,ทำผลิตภัณฑ์คอนกรีต,เชียงใหม่,10,รายชื่อสถานประกอบการ,ทุ่งข้าวพวงวัสดุก่อสร้าง,2100000,ทุ่งข้าวพวง,2565,เชียงดาว
2515,ผลิตคอนกรีตผสมเสร็จ,เชียงใหม่,5000000,รายชื่อสถานประกอบการ,บริษัท พี พี เอส คอนกรีต จำกัด (สาขาฮอด),0,บ้านแปะ,2565,จอมทอง
2516,ผลิตภัณฑ์คอนกรีตผสมเสร็จ ผลิตแผ่นพื้นสำเร็จท้องเรียบ คสล. และเสาเข็มอัดแรง คสล.ซีเแพค,เชียงใหม่,2000000,รายชื่อสถานประกอบการ,ห้างหุ้นส่วนจำกัด เรืองชัยคอนกรีต,0,เวียง,2565,ฝาง
2517,ทำคอนกรีตผสมเสร็จ และผลิตภัณฑ์คอนกรีต เช่น เสา แผ่นพื้น ท่อ และอิฐบล๊อก,เชียงใหม่,500000,รายชื่อสถานประกอบการ,บริษัท พี.พี.เอส คอนกรีต จำกัด,0,ข่วงเปา,2565,จอมทอง
2518,ผลิตคอนกรีตผสมเสร็จ,เชียงใหม่,600000,รายชื่อสถานประกอบการ,โรงงานคอนกรีตผสมเสร็จ เชียงใหม่-สารภี,0,สารภี,2565,สารภี
2519,ผลิตคอนกรีตผสมเสร็จ,เชียงใหม่,10000000,รายชื่อสถานประกอบการ,บริษัท คิวมิกซ์ซัพพลาย จำกัด,0,หางดง,2565,หางดง
2520,ผลิตคอนกรีตผสมเสร็จ,เชียงใหม่,600000,รายชื่อสถานประกอบการ,โรงงานคอนกรีตผสมเสร็จ แม่ริม,0,ขี้เหล็ก,2565,แม่แตง
2521,ผลิตภัณฑ์คอนกรีตผสมเสร็จ,เชียงใหม่,1000000,รายชื่อสถานประกอบการ,บริษัท พี-มิกซ์ โปรดักส์ จำกัด,0,สบเตี๊ยะ,2565,จอมทอง
2522,ผลิตคอนกรีตผสมเสร็จ,เชียงใหม่,10,รายชื่อสถานประกอบการ,บริษัท เชียงใหม่ 49 คอนสตรัคชั่น จำกัด,10601000,มะขุนหวาน,2565,สันป่าตอง
2523,ผลิตคอนกรีตผสมเสร็จ,เชียงใหม่,3,รายชื่อสถานประกอบการ,โรงงานคอนกรีตผสมเสร็จ เชียงใหม่-สันกำแพง,3000000,แช่ช้าง,2565,สันกำแพง
2524,ผลิตคอนกรีตผสมเสร็จ,เชียงใหม่,6000000,รายชื่อสถานประกอบการ,บริษัท ไจก้าคอนกรีต จำกัด,0,เชียงดาว,2565,เชียงดาว
2525,ผลิตคอนกรีตผสมเสร็จ และผลิตภัณฑ์คอนกรีต,เชียงใหม่,10,รายชื่อสถานประกอบการ,บริษัท อุดมธนา จำกัด,25000000,สันทราย,2565,ฝาง
2526,ผลิตภัณฑ์คอนกรีตผสมเสร็จ,เชียงใหม่,1000000,รายชื่อสถานประกอบการ,ห้างหุ้นส่วนจำกัด เรืองชัยคอนกรีต,0,สันทราย,2565,ฝาง
2527,ผลิตภัณฑ์คอนกรีตผสมเสร็จ,เชียงใหม่,2000000,รายชื่อสถานประกอบการ,คอนกรีต881,0,ท่าวังพร้าว,2565,สันป่าตอง
2528,ผลิตคอนกรีตผสมเสร็จ,เชียงใหม่,600000,รายชื่อสถานประกอบการ,โรงงานคอนกรีตผสมเสร็จ เชียงใหม่-สันปูเลย,0,สันปูเลย,2565,ดอยสะเก็ด
2529,ผลิตคอนกรีตผสมเสร็จ,เชียงใหม่,1000000,รายชื่อสถานประกอบการ,บริษัท อีเกิ้ล อิมพอร์ต แอนด์ เอ็กซ์พอร์ต อินเตอร์เนชั่นแนล จำกัด,0,บ้านแอ่น,2565,ดอยเต่า
2530,ผลิตและจำหน่ายผลิตภัณฑ์คอนกรีตผสมเสร็จทุกชนิด,เชียงใหม่,7,รายชื่อสถานประกอบการ,บริษัท พี พี เอส คอนกรีต จำกัด,19000000,ท่าวังตาล,2565,สารภี
2531,เกี่ยวกับการผลิตและจำหน่ายอิฐมวลเบา,เชียงใหม่,5000000,รายชื่อสถานประกอบการ,โรงงานผลิตอิฐมวลเบา SLP,0,เมืองเล็น,2565,สันทราย
2532,ผลิต จำหน่าย คอนกรีตผสมเสร็จ,เชียงใหม่,0,รายชื่อสถานประกอบการ,บริษัท พี.ที.คอนกรีต เชียงใหม่ จำกัด,0,แม่สูน,2565,ฝาง
2533,ผลิตคอนกรีตผสมเสร็จ กำลังการผลิต 80 ลูกบาศก์เมตรต่อชั่วโมง ,เชียงใหม่,4,รายชื่อสถานประกอบการ,โรงงานคอนกรีตผสมเสร็จ สันทราย,5000000,หนองหาร,2565,สันทราย
2534,ทำผลิตภัณฑ์คอนกรีต,เชียงใหม่,3000000,รายชื่อสถานประกอบการ,ห้างหุ้นส่วนจำกัด ท่อคอนกรีต เอ กรุ๊ป,0,สันกลาง,2565,สันป่าตอง
2535,ผลิตคอนกรีตผสมเสร็จ,เชียงใหม่,5,รายชื่อสถานประกอบการ,โรงงานคอนกรีตผสมเสร็จ สันทราย,50000000,หนองหาร,2565,สันทราย
2536,ผลิตคอนกรีตผสมเสร็จ,เชียงใหม่,600000,รายชื่อสถานประกอบการ,โรงงานคอนกรีตผสมเสร็จ เชียงใหม่-แม่โจ้,0,หนองจ๊อม,2565,สันทราย
2537,ผลิตคอนกรีตผสมเสร็จ,เชียงใหม่,2000000,รายชื่อสถานประกอบการ,ห้างหุ้นส่วนจำกัด ทวิภัณฑ์ฮอดคอนกรีต,0,ข่วงเปา,2565,จอมทอง
2538,ผลิตคอนกรีตผสมเสร็จ,เชียงใหม่,0,รายชื่อสถานประกอบการ,บริษัท นครหลวงคอนกรีต จำกัด,0,หนองหาร,2565,สันทราย
2539,คอนกรีตผสมเสร็จ,เชียงใหม่,3,รายชื่อสถานประกอบการ,บริษัท เอ็นเอสคอนกรีต จำกัด,16900000,สันพระเนตร,2565,สันทราย
2540,ผลิตคอนกรีตผสมเสร็จและผลิตภัณฑ์จากคอนกรีต,เชียงใหม่,5000000,รายชื่อสถานประกอบการ,บริษัท จงธนา อินเตอร์เนชั่นแนล จำกัด,0,แม่ข่า,2565,ฝาง
2541,ผลิตและจำหน่ายคอนกรีตผสมเสร็จ,เชียงใหม่,1000000,รายชื่อสถานประกอบการ,บริษัท ฒิลา ค้าวัสดุก่อสร้าง จำกัด,0,แม่นะ,2565,เชียงดาว
2542,ผลิตภัณฑ์คอนกรีตผสมเสร็จ,เชียงใหม่,1000000,รายชื่อสถานประกอบการ,พีมิกซ์,0,แช่ช้าง,2565,สันกำแพง
2543,ผลิตคอนกรีตผสมเสร็จ,เชียงใหม่,1,รายชื่อสถานประกอบการ,ห้างหุ้นส่วนจำกัด บุญพลกิจ คอนกรีต,6400000,ป่าตุ้ม,2565,พร้าว
2544,คอนกรีตผสมเสร็จ,เชียงใหม่,1000000,รายชื่อสถานประกอบการ,ห้างหุ้นส่วนจำกัด พี.ดับบลิว.เอส.คอนกรีต,0,น้ำแพร่,2565,หางดง
2545,ผลิตคอนกรีตผสมเสร็จ ทำผลิตภัณฑ์คอนกรีต และคอนกรีตอัดแรง,เชียงใหม่,1000000,รายชื่อสถานประกอบการ,กมลคอนกรีต,0,มะลิกา,2565,แม่อาย
2546,ทำผลิตภัณฑ์คอนกรีต เช่น เสา ท่อ คอนกรีตบล๊อก,เชียงใหม่,10,รายชื่อสถานประกอบการ,ห้างหุ้นส่วนจำกัด ส.สายปายค้าวัสดุและปิโตรเลียม,490000,สบเปิง,2565,แม่แตง
2547,ผลิตคอนกรีตผสมเสร็จ,เชียงใหม่,1000000,รายชื่อสถานประกอบการ,ห้างหุ้นส่วนจำกัด เอ็ม.อาร์.ซี.แม่ริมคอนกรีต,0,สันโป่ง,2565,แม่ริม
2548,ผลิตและจำหน่ายผลิตภัณฑ์คอนกรีตผสมเสร็จทุกชนิด,เชียงใหม่,6,รายชื่อสถานประกอบการ,บริษัท พี พี เอส คอนกรีต จำกัด,11700000,ท่าวังพร้าว,2565,สันป่าตอง
2549,ผลิตภัณฑ์คอนกรีต เช่น อิฐบล๊อค เสา และอื่นๆ,เชียงใหม่,0,รายชื่อสถานประกอบการ,ห้างหุ้นส่วนจำกัด บุญพลกิจ คอนกรีต,0,ป่าตุ้ม,2565,พร้าว
2550,ผลิตภัณฑ์คอนกรีตผสมเสร็จ,เชียงใหม่,1000000,รายชื่อสถานประกอบการ,ห้างหุ้นส่วนจำกัด เรืองชัยคอนกรีต,0,ศรีดงเย็น,2565,ไชยปราการ
2551,ผลิตคอนกรีตผสมเสร็จ,เชียงใหม่,22000000,รายชื่อสถานประกอบการ,บริษัท นครหลวงคอนกรีต จำกัด,0,ยางเนิ้ง,2565,สารภี
2552,ผลิตคอนกรีตผสมเสร็จ,เชียงใหม่,5000000,รายชื่อสถานประกอบการ,บริษัท เอส ซี พี คอนกรีต จำกัด,0,ท่าวังตาล,2565,สารภี
2553,ผลิตคอนกรีตผสมเสร็จ,เชียงใหม่,1000000,รายชื่อสถานประกอบการ,บริษัท ภาคเหนือวัสดุ จำกัด,0,ดอยหล่อ,2565,ดอยหล่อ
2554,ผลิตคอนกรีตผสมเสร็จ,เชียงใหม่,10,รายชื่อสถานประกอบการ,บริษัท ทีแอนด์ซี คอนกรีต จำกัด,31000000,ออนกลาง,2565,แม่ออน
2555,หล่อพระพุทธรูป,เชียงใหม่,500000,รายชื่อสถานประกอบการ,ห้างหุ้นส่วนจำกัด โรงหล่อ กุลวัฒนา,0,แม่ปูคา,2565,สันกำแพง
2556,ผลิตเตาเผาขยะ เครื่องคัดขยะ,เชียงใหม่,3000000,รายชื่อสถานประกอบการ,บริษัท พลอยไพลิน กรีน เวิลด์ จำกัด,0,บ้านกลาง,2565,สันป่าตอง
2557,ทำเครื่องเรือนจากโลหะ ท่อระบบเครื่องปรับอากาศและรางน้ำ,เชียงใหม่,27,รายชื่อสถานประกอบการ,ช้างเผือกกิจการช่าง(วัสดุ),10647000,แม่เหียะ,2565,เมืองเชียงใหม่
2558,ทำโครงหลังคา วงกบประตูหน้าต่างเหล็ก,เชียงใหม่,500000,รายชื่อสถานประกอบการ,บริษัท สตีล เกรด จำกัด,0,สันพระเนตร,2565,สันทราย
2559,ประกอบถังน้ำสแตนเลส,เชียงใหม่,2000000,รายชื่อสถานประกอบการ,บริษัท ภัทรอุดร จำกัด,0,หางดง,2565,หางดง
2560,ผลิตลวดตาข่ายดัก เกเบียน และ แมทเทรส,เชียงใหม่,62,รายชื่อสถานประกอบการ,บริษัท เกเบี้ยน โปรดักส์ (ไทยแลนด์) จำกัด,20000000,ท่าวังตาล,2565,สารภี
2561,ผลิตและจำหน่ายกล่องเกเบี้ยน แมทเทรส,เชียงใหม่,30,รายชื่อสถานประกอบการ,บริษัท เกเบี้ยน โปรดักส์ แอนด์ ซัพพลาย จำกัด,9000000,ดอยหล่อ,2565,ดอยหล่อ
2562,ทำถัง เชื่อม ม้วน และตัดโลหะ,เชียงใหม่,5,รายชื่อสถานประกอบการ,อู่ช่างน้อย,5800000,ท่าวังตาล,2565,สารภี
2563,ผลิตชิ้นส่วน ประตู-หน้าต่างโลหะสำหรับอาคาร,เชียงใหม่,1000000,รายชื่อสถานประกอบการ,บริษัท เชียงใหม่ประตูม้วน จำกัด,0,สารภี,2565,สารภี
2564,"ทำหลังคาเหล็ก, ประตู",เชียงใหม่,9000000,รายชื่อสถานประกอบการ,บี.เค.เม็ททอล ชีท (เชียงใหม่),0,สารภี,2565,สารภี
2565,"ผลิตลวดตาข่ายเหล็กไร้สนิมผสมโครเมียม และบานประตู-หน้าต่าง ลวดตาข่ายเหล็กไร้สนิมชุบโครเมียม,แผ่นโลหะเจาะรู และบานประตู-หน้าต่างแผ่นโลหะเจาะรู (แผ่นอลูมิเนียม,แผ่นเหล็ก,แผ่นเหล็กชุบเคลือบสังกะสี,แผ่นสแตนเลส)",เชียงใหม่,23800000,รายชื่อสถานประกอบการ,บริษัท แมชเทค อินเตอร์เนชั่นแนล จำกัด,0,สารภี,2565,สารภี
2566,ทำประตู - หน้าต่างเหล็ก โครงหลังคา และรางน้ำฝน,เชียงใหม่,8,รายชื่อสถานประกอบการ,ประดิษฐ์การช่าง,450000,หนองป่าครั่ง,2565,เมืองเชียงใหม่
2567,ผลิตแผ่นเหล็กรีดรอน,เชียงใหม่,5000000,รายชื่อสถานประกอบการ,บริษัท มั่นคง เมทอล จำกัด,0,เหมืองแก้ว,2565,แม่ริม
2568,ทำผลิตภัณฑ์เกี่ยวกับโลหะและอุปกรณ์ทางการแพทย์,เชียงใหม่,11,รายชื่อสถานประกอบการ,ห้างหุ้นส่วนจำกัด จิระเมธวิศวกรรม,1200000,สันมหาพน,2565,แม่แตง
2569,อัดเศษโลหะ,เชียงใหม่,1000000,รายชื่อสถานประกอบการ,บริษัท บ่อสร้างโลหะกิจ,0,ต้นเปา,2565,สันกำแพง
2570,"การตัด,พับ,ม้วน หรือเชื่อมโลหะ",เชียงใหม่,300000,รายชื่อสถานประกอบการ,บริษัท พี.ดี.เอส.เชียงใหม่วิศวกรรม จำกัด,0,สารภี,2565,สารภี
2571,"ตัด, ม้วน, เชื่อมโลหะ",เชียงใหม่,9,รายชื่อสถานประกอบการ,จิตรการช่าง,550000,ยุหว่า,2565,สันป่าตอง
2572,ตัด พับ เชื่อมโลหะ,เชียงใหม่,6,รายชื่อสถานประกอบการ,อุดมการช่าง,4300000,ท่าวังพร้าว,2565,สันป่าตอง
2573,ตัด พับ ม้วนโลหะ กลึง เจาะ คว้าน กัด ไส เจียน หรือเชื่อมโลหะทั่วไป,เชียงใหม่,30,รายชื่อสถานประกอบการ,บริษัท จอมทองอุตสาหกรรม จำกัด สาขา 00001,6000000,ข่วงเปา,2565,จอมทอง
2574,ตัด พับ ม้วนโลหะ กลึง เจาะ คว้าน กัด ไส เจียน หรือเชื่อมโลหะทั่วไป,เชียงใหม่,25,รายชื่อสถานประกอบการ,บริษัท จอมทองอุตสาหกรรม จำกัด,5000000,ข่วงเปา,2565,จอมทอง
2575,ประกอบกิจการเกี่ยวกับผลิตภัณฑ์โลหะ มุ้งลวด เหล็กดัด ประตู หน้าต่าง และตัดเย็บผ้าม่าน,เชียงใหม่,28,รายชื่อสถานประกอบการ,เก้าอลูมิเนียม,7150000,แม่คือ,2565,ดอยสะเก็ด
2576,การตัด พับ ม้วน กลึง เจาะ คว้าน กัด ไส โลหะและทำชิ้นส่วนหรืออุปกรณ์ของผลิตภัณฑ์โลหะ,เชียงใหม่,10,รายชื่อสถานประกอบการ,ห้างหุ้นส่วนจำกัด ประภาสถามดี การช่าง,26000000,ขี้เหล็ก,2565,แม่ริม
2577,กลึงโลหะ ซ่อมเครื่องจักรกล,เชียงใหม่,8,รายชื่อสถานประกอบการ,ห้างหุ้นส่วนจำกัด เชียงใหม่ภู่่เจริญไพศาล,1900000,มะลิกา,2565,แม่อาย
2578,"กลึง,เจาะ,คว้าน,กัด,ไส,เชื่อมโลหะทั่วไปและซ่อมอุปกรณ์ชิ้นส่วนเครื่องยนต์",เชียงใหม่,800000,รายชื่อสถานประกอบการ,บริษัท นครพิงค์ แมชชีน ช๊อพ จำกัด,0,หนองป่าครั่ง,2565,เมืองเชียงใหม่
2579,กลึง เชื่อม เจาะโลหะ,เชียงใหม่,1000000,รายชื่อสถานประกอบการ,บริษัท เสรี จอมทอง จำกัด,0,ข่วงเปา,2565,จอมทอง
2580,"กลึง,เจาะ,คว้าน,ไส หรือเชื่อมโลหะ",เชียงใหม่,2000000,รายชื่อสถานประกอบการ,นายสมภพ รัตนพันธ์,0,สันทราย,2565,ฝาง
2581,กลึง เจาะ กว้าน ไส เชื่อมโลหะ ผลิตหรือซ่อมแซมส่วนประกอบหรือ อุปกรณ์ของเครื่องยนต์,เชียงใหม่,18,รายชื่อสถานประกอบการ,บริษัท นครพิงค์ แมชชีน ช๊อพ จำกัด,6000000,หนองป่าครั่ง,2565,เมืองเชียงใหม่
2582,ทำเครื่องกรองน้ำ ประกอบถังน้ำ ซ่อมเครื่องสูบน้ำ ร่อนและผสมทรายกรองน้ำ,เชียงใหม่,25,รายชื่อสถานประกอบการ,ห้างหุ้นส่วนจำกัด ลานาลิติค วอเตอร์เวอร์ค,2710000,หนองหาร,2565,สันทราย
2583,ผลิตหรือซ่อมแซมชิ้นส่วนเครื่องยนต์ กลึง เจาะ คว้าน ไส เชื่อมโลหะ,เชียงใหม่,1000000,รายชื่อสถานประกอบการ,บริษัท นครพิงค์ แมชชีน ช๊อพ จำกัด,0,หนองป่าครั่ง,2565,เมืองเชียงใหม่
2584,ซ่อมรถแทรกเตอร์,เชียงใหม่,400000,รายชื่อสถานประกอบการ,ห้างหุ้นส่วนจำกัด เชียงใหม่มหกิจ,0,ท่าวังตาล,2565,สารภี
2585,"ประกอบเครื่องทำน้ำเย็น, ตู้เย็น, ตู้แช่",เชียงใหม่,2000000,รายชื่อสถานประกอบการ,บริษัท แปดริ้วเครื่องเย็นเชียงใหม่ (1994) จำกัด,0,ท่าศาลา,2565,เมืองเชียงใหม่
2586,"กลึง, เชื่อมโลหะ, ทำพัดลม, และเครื่องระบายอากาศ",เชียงใหม่,100000,รายชื่อสถานประกอบการ,ศูนย์พัดลม โลหะกิจ,0,แม่เหียะ,2565,เมืองเชียงใหม่
2587,ผลิต และประกอบแผงวงจรอิเล็กทรอนิกส์,เชียงใหม่,10000000,รายชื่อสถานประกอบการ,บริษัท อีซียู ช็อป 1 จำกัด,0,แม่คือ,2565,ดอยสะเก็ด
2588,ผลิตแผงวงจรอิเล็กทรอนิกส์,เชียงใหม่,237,รายชื่อสถานประกอบการ,บริษัท บลูชิพส์ไมโครเฮ้าส์ จำกัด,3815000,แช่ช้าง,2565,สันกำแพง
2589,ผลิตอุปกรณ์อิเล็กทรอนิกส์สำหรับควบคุมแสงสว่าง,เชียงใหม่,4000000,รายชื่อสถานประกอบการ,บริษัท ฟิวทรอนิคส์ (ประเทศไทย) จำกัด,0,ต้นเปา,2565,สันกำแพง
2590,"ผลิตสายไฟฟ้าเชื่อมต่อวงจร,ผลิตส่วนประกอบเครื่องปรับอากาศ,กลึง เจาะคว้าน ตัด ไส เจรียร หรือเชื่อมโลหะ",เชียงใหม่,23,รายชื่อสถานประกอบการ,บริษัท ไทย ทาคาโนมิซิ จำกัด,14000000,ชมภู,2565,สารภี
2591,"ผลิตอุปกรณ์ไฟฟ้า,สวิตซ์ไฟฟ้า,อุปกรณ์ที่ใช้กับสายไฟ,แผงวงจรประกอบทางไฟฟ้า",เชียงใหม่,171,รายชื่อสถานประกอบการ,บริษัท แอดวานซ์ไอดี เอเชีย เอ็นจิเนียร์ริ่ง จำกัด,34600000,แม่คือ,2565,ดอยสะเก็ด
2592,โรงงานประกอบกิจการเกี่ยวกับรถยนต์ รถพ่วง ทำชิ้นส่วนพิเศษ ซ่อมแซมยานที่ขับเคลื่อนด้วยเครื่องยนต์,เชียงใหม่,8,รายชื่อสถานประกอบการ,ห้างหุ้นส่วนจำกัด พี.ดับบลิว.เอส.คอนสตรัคชั่น,8900000,น้ำแพร่,2565,หางดง
2593,ผลิตอาหารเสริมสุขภาพสำหรับคนและสัตว์,เชียงใหม่,1000000,รายชื่อสถานประกอบการ,บริษัท กรีนไดมอนด์ จำกัด,0,ทุ่งปี๊,2565,แม่วาง
2594,พืชผัก ผลไม้ และเนื้อสัตว์ อบแห้ง,เชียงใหม่,0,รายชื่อสถานประกอบการ,บริษัท พรีเซิร์ฟ อะโกร โปรดักส์ จำกัด,0,ขี้เหล็ก,2565,แม่ริม
2595,บรรจุอาหารกระป๋องและผลไม้ตามฤดูกาล,เชียงใหม่,1000000,รายชื่อสถานประกอบการ,ห้างหุ้นส่วนจำกัด ที.พี.ฟูดแคนนิ่ง,0,แม่เหียะ,2565,เมืองเชียงใหม่
2596,ผลิตอาหารหรือเครื่องดื่มจากผัก พืช ผลไม้ และบรรจุในภาชนะที่ผนึกและอากาศเข้าไม่ได้,เชียงใหม่,10000000,รายชื่อสถานประกอบการ,บริษัท ดีท็อกซ์ (ประเทศไทย) จำกัด,0,น้ำแพร่,2565,หางดง
2597,ผลิตอาหารเจจากแป้งและโปรตีน พร้อมแบ่งบรรจุ,เชียงใหม่,1000000,รายชื่อสถานประกอบการ,บริษัท เทียน เซียง ซึผิง จำกัด,0,ป่าไผ่,2565,สันทราย
2598,ผลิตชาสมุนไพรบรรจุในภาชนะปิดผนึก,เชียงใหม่,13,รายชื่อสถานประกอบการ,บริษัท วาไรตี้ เอ็กซ์พอร์ต จำกัด,29000000,ป่าตัน,2565,เมืองเชียงใหม่
2599,ผลิตอาหารและเครื่องดื่มจากผัก พืชหรือผลไม้ และบรรจุในภาชนะที่ผนึกและอากาศเข้าไม้ได้,เชียงใหม่,1000000,รายชื่อสถานประกอบการ,สิบแสนชัญญ์,0,ป่าเมี่ยง,2565,ดอยสะเก็ด
2600,ผลิตน้ำผลไม้บรรจุขวด ผลิตขวด,เชียงใหม่,8,รายชื่อสถานประกอบการ,ห้างหุ้นส่วนจำกัด จิ้งเฮงฟู้ด,5500000,เวียง,2565,ฝาง
2601,อบพืชผลทางการเกษตร,เชียงใหม่,21,รายชื่อสถานประกอบการ,โรงอบพืชผลทางการเกษตร,4500000,ขัวมุง,2565,สารภี
2602,ถนอมผัก พืช หรือผลไม้ โดยวิธีทำให้เยือกแข็งโดยฉับพลัน,เชียงใหม่,10000000,รายชื่อสถานประกอบการ,บริษัท สหปราจีนบุรีอุตสาหกรรม จำกัด,0,แม่สูน,2565,ฝาง
2603,ผลิตพืช ผัก ผลไม้อบแห้งและผลิตภัณฑ์ Spray Dry ปีละ 722 ตัน,เชียงใหม่,4500000,รายชื่อสถานประกอบการ,บริษัท พรีเมี่ยมฟู้ดส์ จำกัด,0,แม่แฝก,2565,สันทราย
2604,ถนอมผัก พืช หรือผลไม้ โดยวิธีอบแห้ง,เชียงใหม่,18,รายชื่อสถานประกอบการ,บริษัท นอร์ทเทิร์นกรีนโปรดักส์ จำกัด,13900000,อินทขิล,2565,แม่แตง
2605,ผลิตสินค้าทางการเกษตรแช่แข็ง,เชียงใหม่,15000000,รายชื่อสถานประกอบการ,บริษัท สยามอกรีโฟรเซ่นฟูดส์ จำกัด,0,สันกลาง,2565,สันป่าตอง
2606,การถนอมผัก พืช หรือผลไม้โดยวิธีกวน ตากแห้ง ดอง หรือทำให้เยือกแข็ง โดยฉับพลัน หรือเหือดแห้ง,เชียงใหม่,2840000,รายชื่อสถานประกอบการ,บริษัท เชียงใหม่ไบโอเวกกี้ จำกัด,0,น้ำแพร่,2565,หางดง
2607,คัด บรรจุกล่อง ผักผลไม้ และแซ่แข็ง,เชียงใหม่,5000000,รายชื่อสถานประกอบการ,บริษัท สวิฟท์ จำกัด,0,อินทขิล,2565,แม่แตง
2608,ร่อน ล้าง คัดแยกคุณภาพผักพืชหรือผลไม้และถนอม โดยวิการแช่อิ่ม กวน ตากแห้ง ดอง หรือทำให้เยือกแข็ง โดยฉับพลัน หรือเหือดแห้ง,เชียงใหม่,10000000,รายชื่อสถานประกอบการ,บริษัท ที คิว เอ็ม ฟูดส์ จำกัด,0,หางดง,2565,หางดง
2609,การถนอมผัก พืช หรือผลไม้ โดยวิธีการกวน ตากแห้ง ดอง หรือ ทำให้เยือกแข็งโดยฉับพลัน หรือเหือดแห้ง,เชียงใหม่,1000000,รายชื่อสถานประกอบการ,บริษัท ยูเซ ฟูดส์ จำกัด,0,ร้องวัวแดง,2565,สันกำแพง
2610,ผลิตอาหารหรือเครื่องดื่มจากผัก พืชหรือผลไม้ และบรรจุในภาชนะที่ผนึก และอากาศเข้าไม่ได้,เชียงใหม่,10000000,รายชื่อสถานประกอบการ,บริษัท ซีเอ็มเอช ไลฟ์ ไซเอ็นซ์ จำกัด,0,ยุหว่า,2565,สันป่าตอง
2611,ผลิตแตงกวาดอง ขิงดอง และมะเขือดอง,เชียงใหม่,0,รายชื่อสถานประกอบการ,บริษัท สันติภาพ เทรดดิ้ง จำกัด,0,หนองควาย,2565,หางดง
2612,ผลิตรถเข็นล้อเลื่อนทุกชนิด,เชียงใหม่,3204770,รายชื่อสถานประกอบการ,บริษัท ลิขิตชีวัน จำกัด,0,หนองจ๊อม,2565,สันทราย
2613,ผลิตวัสดุอุปกรณ์ทางการแพทย์ หน้ากากอนามัย,เชียงใหม่,1500000,รายชื่อสถานประกอบการ,บริษัท ท็อป โฮลซัม จำกัด,0,หนองผึ้ง,2565,สารภี
2614,ทำเครื่องประดับจากทองคำ เงิน,เชียงใหม่,13300000,รายชื่อสถานประกอบการ,สุวรรณะรุ่งเรือง,0,ดอนแก้ว,2565,แม่ริม
2615,ผลิตเครื่องประดับด้วยทอง นาค เงินและอัญมญีอื่น,เชียงใหม่,43,รายชื่อสถานประกอบการ,บริษัท ปิงมานูแฟคเจอริ่งจิวเวลเลอร์ จำกัด,27000000,ต้นเปา,2565,สันกำแพง
2616,ทำเครื่องประดับด้วยโลหะ ตกแต่งด้วยอัญมณี,เชียงใหม่,77,รายชื่อสถานประกอบการ,บริษัท ทาราทาแลนด์ จำกัด,8100000,ป่าป้อง,2565,ดอยสะเก็ด
2617,ผลิตเครื่องประดับและเครื่องใช้จากเงิน ทองคำ นาก,เชียงใหม่,10300000,รายชื่อสถานประกอบการ,บริษัท พัฒนาอนันต์วงศ์ จำกัด,0,หนองป่าครั่ง,2565,เมืองเชียงใหม่
2618,"ทำเครื่องเงิน,ของตกแต่ง,และเครื่องใช้ จากเงิน",เชียงใหม่,4000000,รายชื่อสถานประกอบการ,บริษัท มัทนา เครื่องเงิน จำกัด,0,หนองหอย,2565,เมืองเชียงใหม่
2619,ผลิตและจำหน่ายเครื่องประดับอัญมณี,เชียงใหม่,13283506,รายชื่อสถานประกอบการ,บริษัท เอ็มโอดี เอเชีย จำกัด,0,แช่ช้าง,2565,สันกำแพง
2620,ผลิตเครื่องประดับอัญมณี,เชียงใหม่,10000000,รายชื่อสถานประกอบการ,บริษัท อัฐญา จิวเวลรี่ จำกัด,0,สันกลาง,2565,สันกำแพง
2621,ผลิตเครื่องประดับจากโลหะมีค่าและอัญมณี,เชียงใหม่,51000000,รายชื่อสถานประกอบการ,บริษัท ซี.อาร์.พี.จิลเวลรี่(เชียงใหม่) จำกัด,0,ป่าแดด,2565,เมืองเชียงใหม่
2622,ทำเครื่องประดับ ทองคำ เครื่องใช้จากเงิน ทองคำขาว,เชียงใหม่,584,รายชื่อสถานประกอบการ,บริษัท จอร์จ เจนเซน (ประเทศไทย) จำกัด,174081000,ต้นเปา,2565,สันกำแพง
2623,ทำเครื่องใช้ในการกีฬา เช่น กระดานโต้คลื่น,เชียงใหม่,0,รายชื่อสถานประกอบการ,บริษัท คุยเวอร์ จำกัด,0,น้ำแพร่,2565,หางดง
2624,ผลิตเหยื่อตกปลาเทียม,เชียงใหม่,30313646,รายชื่อสถานประกอบการ,บริษัท สตรีม เวอร์ค (ไทยแลนด์) จำกัด,0,ยางเนิ้ง,2565,สารภี
2625,ผลิตเหยื่อตกปลา,เชียงใหม่,318899,รายชื่อสถานประกอบการ,บริษัท เชียงใหม่ ฟลาย จำกัด,0,ป่าแดด,2565,เมืองเชียงใหม่
2626,ผลิตของเล่นเด็กจากไม้ฉ่ำฉา ไม้ยางพารา และไม้ไผ่,เชียงใหม่,500000,รายชื่อสถานประกอบการ,บริษัท ไทยวู้ดเด้นเกมส์ จำกัด,0,ร้องวัวแดง,2565,สันกำแพง
2627,ทำของเล่นเด็กจากไม้,เชียงใหม่,6200000,รายชื่อสถานประกอบการ,ห้างหุ้นส่วนจำกัด สยาม แอล.ที.วู้ด,0,แม่คือ,2565,ดอยสะเก็ด
2628,"สินค้าหัตถกรรมที่ทำด้วยไม้ไผ่,ผ้าและของที่ระลึกต่างๆ",เชียงใหม่,125,รายชื่อสถานประกอบการ,บริษัท ศูนย์ทำร่ม (1978) จำกัด,250000,ต้นเปา,2565,สันกำแพง
2629,ผลิตก๊าซชีวภาพ จากบ่อบำบัดน้ำเสีย,เชียงใหม่,0,รายชื่อสถานประกอบการ,บริษัท ซัน สวีท จำกัด (มหาชน),0,ทุ่งสะโตก,2565,สันป่าตอง
2630,โรงสีข้าว ขนาด 40 ตัน/วัน,เชียงใหม่,4714000,รายชื่อสถานประกอบการ,สหกรณ์นิคมพร้าว จำกัด,0,แม่แวน,2565,พร้าว
2631,สีข้าว,เชียงใหม่,15000000,รายชื่อสถานประกอบการ,ห้างหุ้นส่วนจำกัด โรงสีข้าวรวงทองเชียงใหม่,0,เชิงดอย,2565,ดอยสะเก็ด
2632,สีข้าว,เชียงใหม่,2000000,รายชื่อสถานประกอบการ,โรงสีข้าวกิตเจริญ,0,แม่สาว,2565,แม่อาย
2633,สี ฝัด คัด และแปรสภาพข้าว การอบพืชผลทางการเกษตร,เชียงใหม่,15,รายชื่อสถานประกอบการ,โรงสีข้าวดวงคำ,23000000,เวียง,2565,ฝาง
2634,สีข้าว,เชียงใหม่,5,รายชื่อสถานประกอบการ,นายกฤษณะ ดวงคำ,8200000,แม่สาว,2565,แม่อาย
2635,ปรับปรุงคุณภาพเมล็ดพืช สีข้าว,เชียงใหม่,16,รายชื่อสถานประกอบการ,ศ.ปาณิสรา,40000000,แม่คะ,2565,ฝาง
2636,สีข้าว,เชียงใหม่,7,รายชื่อสถานประกอบการ,ทรัพย์ไพลิน,10000000,แม่สาว,2565,แม่อาย
2637,สีข้าวเปลือกแบบแยกแกลบแยกรำ ได้วันละ 70 ตัน,เชียงใหม่,2000000,รายชื่อสถานประกอบการ,โรงสีข้าวสมคิด 2,0,เวียง,2565,ฝาง
2638,สีข้าว อบข้าวเปลือก,เชียงใหม่,3,รายชื่อสถานประกอบการ,โรงสีข้าววัลลภ,9460000,แม่สาว,2565,แม่อาย
2639,สีข้าว,เชียงใหม่,2,รายชื่อสถานประกอบการ,โรงสีโกเมือง,8309000,แม่สาว,2565,แม่อาย
2640,สีข้าว และคัดคุณภาพข้าว,เชียงใหม่,3000000,รายชื่อสถานประกอบการ,โรงสีข้าวเนตรนิมิต,0,แม่สาว,2565,แม่อาย
2641,สีข้าว และอบพืชผลทางการเกษตร,เชียงใหม่,5,รายชื่อสถานประกอบการ,บริษัท บัวจันทร์กู๊ดไรซ์ จำกัด,15000000,แม่สาว,2565,แม่อาย
2642,สีข้าว,เชียงใหม่,3,รายชื่อสถานประกอบการ,นางสาวชนกนันท์ ใจดวงจันทร์,2200000,ทุ่งต้อม,2565,สันป่าตอง
2643,สีข้าว,เชียงใหม่,4,รายชื่อสถานประกอบการ,โรงสีสหกรณ์การเกษตรสันป่าตอง จำกัด,32654000,ทุ่งสะโตก,2565,สันป่าตอง
2644,สีข้าว เก็บรักษาข้าวเปลือกในไซโล,เชียงใหม่,5,รายชื่อสถานประกอบการ,สหกรณ์การเกษตรฝาง จำกัด,72465900,เวียง,2565,ฝาง
2645,สีข้าว อัตรากำลังสีสูงสุดของโรงสี 80 เกวียน/24 ชั่วโมง,เชียงใหม่,200000000,รายชื่อสถานประกอบการ,โรงสี สหกรณ์การเกษตรพร้าว จำกัด,0,เวียง,2565,พร้าว
2646,สี ฝัด หรือขัดเมล็ดพืช เช่น ลูกเดือย ข้าวโพด ถั่ว งา ข้าว,เชียงใหม่,10,รายชื่อสถานประกอบการ,บริษัท ลิ้มศักดากุล พืชพันธุ์ไทย จำกัด,93700000,อินทขิล,2565,แม่แตง
2647,สีข้าว,เชียงใหม่,2,รายชื่อสถานประกอบการ,โรงสีข้าววิเชียรฟาร์ม,10000000,แม่สาว,2565,แม่อาย
2648,ร่อนข้าว และคัดข้าวขาว,เชียงใหม่,1000000,รายชื่อสถานประกอบการ,สมชายค้าข้าว,0,แม่สาว,2565,แม่อาย
2649,ร่อนข้าวและคัดข้าวขาว,เชียงใหม่,1000000,รายชื่อสถานประกอบการ,สามพี่น้องค้าข้าว,0,แม่สาว,2565,แม่อาย
2650,สีและบดพืชผลทางการเกษตร,เชียงใหม่,7,รายชื่อสถานประกอบการ,กรรณิการ์ค้าพืชไร่,7500000,แม่คะ,2565,ฝาง
2651,สีข้าว,เชียงใหม่,2000000,รายชื่อสถานประกอบการ,โรงสีข้าวดีรุ่งเรือง2,0,แม่สาว,2565,แม่อาย
2652,สีข้าว,เชียงใหม่,5,รายชื่อสถานประกอบการ,โรงสีข้าวดวงดี,18000000,แม่สาว,2565,แม่อาย
2653,โรงสีข้าวแบบแยกแกลบแยกรำ กำลังการผลิต 400 ตันต่อวัน,เชียงใหม่,9,รายชื่อสถานประกอบการ,ห้างหุ้นส่วนจำกัดเชียงใหม่อินเตอร์ไรซ์,70000000,สันปูเลย,2565,ดอยสะเก็ด
2654,สีข้าวเปลือกแบบแยกแกลบแยกรำ ได้วันละ 150 ตัน,เชียงใหม่,3000000,รายชื่อสถานประกอบการ,โรงสีข้าวรุ่งจรัญ,0,แม่สาว,2565,แม่อาย
2655,สีข้าว และอบผลิตผลทางการเกษตร,เชียงใหม่,12,รายชื่อสถานประกอบการ,โรงสีข้าวดีรุ่งเรือง,48700000,แม่สาว,2565,แม่อาย
2656,สีข้าวเปลือกขนาดกำลังผลิต 40 ตัน/วัน และเก็บรักษาข้าวเปลือกในไซโล ขนาด 250 ตัน จำนวน 2 ถัง,เชียงใหม่,7,รายชื่อสถานประกอบการ,สหกรณ์การเกษตรเพื่อการตลาดลูกค้า ธกส.เชียงใหม่ จำกัด,54515653,แม่สาว,2565,แม่อาย
2657,"สีข้าว,อบพืชผลทางการเกษตร",เชียงใหม่,2,รายชื่อสถานประกอบการ,โรงสีข้าวสี่พี่น้อง,30000000,เวียง,2565,ฝาง
2658,สีข้าว,เชียงใหม่,10,รายชื่อสถานประกอบการ,โรงสีข้าวศรศิริ,13200000,แม่สาว,2565,แม่อาย
2659,สีข้าว,เชียงใหม่,5,รายชื่อสถานประกอบการ,โรงสีข้าวดวงดีไรซ์,20000000,แม่สาว,2565,แม่อาย
2660,สีข้าว,เชียงใหม่,10,รายชื่อสถานประกอบการ,โรงสีข้าวทิพย์ธารา,7200000,เวียง,2565,ฝาง
2661,สีข้าว กำลังสีสูงสุดของร้านสีข้าว 150 ตัน/ชม,เชียงใหม่,21000000,รายชื่อสถานประกอบการ,วัชระกิจ,0,แม่สาว,2565,แม่อาย
2662,สีข้าว,เชียงใหม่,1000000,รายชื่อสถานประกอบการ,นางสุภาภรณ์ หอธรรมคุณ,0,เวียง,2565,ฝาง
2663,สีข้าว,เชียงใหม่,5000000,รายชื่อสถานประกอบการ,โรงสีกิตเจริญ,0,แม่สาว,2565,แม่อาย
2664,สีข้าว (กำลังการผลิต 200 ตัน/วัน),เชียงใหม่,2500000,รายชื่อสถานประกอบการ,ห้างหุ้นส่วนจำกัด รุ่งเจริญพืชผล2504,0,เขื่อนผาก,2565,พร้าว
2665,"สีข้าว (กำลังการผลิต 4 ตัน/ชม และอบข้าวเปลือก (กำลังการผลิต 10 ตัน/ชม)
",เชียงใหม่,0,รายชื่อสถานประกอบการ,โรงสีข้าวทรัพย์สมบัติ,0,เวียง,2565,ฝาง
2666,สีข้าว,เชียงใหม่,1000000,รายชื่อสถานประกอบการ,โรงสีข้าวโชควิชัย,0,แม่สาว,2565,แม่อาย
2667,สีข้าว,เชียงใหม่,3,รายชื่อสถานประกอบการ,นางสาววาสนา ไชยแว่นตา,23300000,แม่สาว,2565,แม่อาย
2668,สีข้าว,เชียงใหม่,2000000,รายชื่อสถานประกอบการ,โรงสีอมร,0,แม่สาว,2565,แม่อาย
2669,"สีข้าว,คัดขนาดและคุณภาพข้าว",เชียงใหม่,17,รายชื่อสถานประกอบการ,โรงสีข้าววัฒนา,20100000,แม่สาว,2565,แม่อาย
2670,สีข้าว,เชียงใหม่,5000000,รายชื่อสถานประกอบการ,โรงสีข้าวทิพย์ธารา 2,0,เวียง,2565,ฝาง
2671,ทำเต้าหู้แผ่น เต้าหู้แผ่น เต้าหู้ก้อน และน้ำเต้าหู้,เชียงใหม่,3,รายชื่อสถานประกอบการ,รุ่งนคร (1999),6300000,หนองจ๊อม,2565,สันทราย
2672,ทำผลิตภัณฑ์จากถั่วเหลือง เช่น เต้าหู้แผ่น เต้าหู้หลอด,เชียงใหม่,50000,รายชื่อสถานประกอบการ,ห้างหุ้นส่วนจำกัด ผลิตภัณฑ์อุตสาหกรรมถั่วเหลืองป่าลาน,0,ป่าลาน,2565,ดอยสะเก็ด
2673,ผลิตเต้าหู้หลอด,เชียงใหม่,60000,รายชื่อสถานประกอบการ,ประเสิรฐ อุตสาหกรรมอาหาร,0,ดอนเปา,2565,แม่วาง
2674,ผลิตอาหารสำเร็จรูปจากเมล็ดพืช (ผลิตข้าวอบแห้งและแปรรูปผลิตภัณฑ์ทางการเกษตร),เชียงใหม่,5000000,รายชื่อสถานประกอบการ,บริษัท โกลบอลฟูดส์ จำกัด,0,ออนใต้,2565,สันกำแพง
2675,"ผลิตอาหารสำเร็จรูปจากเมล็ดพืช เช่น ฟองเต้าหู้,หมี่ถึง",เชียงใหม่,7,รายชื่อสถานประกอบการ,บริษัท ตุงหมิงนานอุตสาหกรรม จำกัด,5497547,ลวงเหนือ,2565,ดอยสะเก็ด
2676,ผลิตน้ำประปา,เชียงใหม่,10000000,รายชื่อสถานประกอบการ,บริษัท ไฮโดรเท็ค จำกัด (มหาชน),0,แม่แฝกใหม่,2565,สันทราย
2677,ผลิตน้ำประปา,เชียงใหม่,4,รายชื่อสถานประกอบการ,บริษัท ไฮโดรเท็ค จำกัด (มหาชน),140440000,เมืองเล็น,2565,สันทราย
2678,ผลิตน้ำประปา,เชียงใหม่,8,รายชื่อสถานประกอบการ,บริษัท เอเบิล อินดัสตรีส์ จำกัด,0,น้ำแพร่,2565,หางดง
2679,คัดและบรรจุผลไม้และผลผลิตทางการเกษตร,เชียงใหม่,2500000,รายชื่อสถานประกอบการ,บริษัท ทรายทอง โกลเบิลฟรุต จำกัด,0,แม่สูน,2565,ฝาง
2680,ห้องเย็นเก็บผักและผลไม้,เชียงใหม่,1000000,รายชื่อสถานประกอบการ,บริษัท เชียงใหม่บูรพาห้องเย็น กรุ๊ป จำกัด,0,บ้านกลาง,2565,สันป่าตอง
2681,ห้องเย็น เพื่อแช่พืช ผัก ผลไม้ ,เชียงใหม่,800000,รายชื่อสถานประกอบการ,ห้องเย็นชัยมงคล,0,แม่ข่า,2565,ฝาง
2682,ห้องเย็น,เชียงใหม่,4000000,รายชื่อสถานประกอบการ,บริษัท พิสิทธิชัยอินเตอร์เนชั่นแนล จำกัด,0,สารภี,2565,สารภี
2683,ห้องเย็น,เชียงใหม่,200000,รายชื่อสถานประกอบการ,นายวีระยุทธ์ เมธากิจตระกูล,0,สันพระเนตร,2565,สันทราย
2684,ห้องเย็น เก็บพืชผลทางการเกษตร และอื่น ๆ,เชียงใหม่,4000000,รายชื่อสถานประกอบการ,บริษัท เอี่ยมกสิกิจ จำกัด,0,บ้านกลาง,2565,สันป่าตอง
2685,ห้องเย็น,เชียงใหม่,1000000,รายชื่อสถานประกอบการ,บริษัท ห้องเย็นปรมี จำกัด,0,ฟ้าฮ่าม,2565,เมืองเชียงใหม่
2686,ห้องเย็น,เชียงใหม่,0,รายชื่อสถานประกอบการ,ทวีผลพืชไร่,0,แม่แฝกใหม่,2565,สันทราย
2687,ห้องเย็นเก็บพืช ผัก ผลไม้,เชียงใหม่,10000000,รายชื่อสถานประกอบการ,ห้องเย็น ว.วีรภัทร์,0,โป่งน้ำร้อน,2565,ฝาง
2688,ห้องเย็นรับฝากสินค้า และผลิตอาหารสำเร็จรูป ต้ม นึ่ง และอบพืชผักผลไม้ทุกชนิด,เชียงใหม่,1000000,รายชื่อสถานประกอบการ,บริษัท ล้านนา ฟรุตส์ จำกัด,0,ท่าวังพร้าว,2565,สันป่าตอง
2689,ห้องเย็น,เชียงใหม่,2000000,รายชื่อสถานประกอบการ,บริษัท ซิ่งเฟิง อุตสาหกรรมอาหาร จำกัด,0,ดอยหล่อ,2565,ดอยหล่อ
2690,ห้องเย็นเก็บผลิตผลทางการเกษตร,เชียงใหม่,5000000,รายชื่อสถานประกอบการ,บริษัท พรีเซิร์ฟ อะโกร โปรดักส์ จำกัด,0,ขี้เหล็ก,2565,แม่ริม
2691,ห้องเย็น,เชียงใหม่,5000000,รายชื่อสถานประกอบการ,ห้องเย็นเสาร์แก้ว,0,สบเตี๊ยะ,2565,จอมทอง
2692,ห้องเย็นเก็บผลิตผลทางการเกษตร,เชียงใหม่,5000000,รายชื่อสถานประกอบการ,บริษัท พรีเซิร์ฟ อะโกร โปรดักส์ จำกัด,0,ขี้เหล็ก,2565,แม่ริม
2693,ห้องเย็น,เชียงใหม่,10000000,รายชื่อสถานประกอบการ,บริษัท เชียงใหม่บูรพาห้องเย็น กรุ๊ป จำกัด,0,บ้านกลาง,2565,สันป่าตอง
2694,ห้องเย็นเก็บสินค้าทางการเกษตร,เชียงใหม่,6000000,รายชื่อสถานประกอบการ,บริษัท มาตาโปรดักส์ จำกัด,0,สันทราย,2565,สารภี
2695,ห้องเย็น,เชียงใหม่,1000000,รายชื่อสถานประกอบการ,ศรีเจริญ,0,สันทราย,2565,สารภี
2696,ห้องเย็น,เชียงใหม่,5000000,รายชื่อสถานประกอบการ,บริษัท สหซินหลงสารภี จำกัด,0,สบเตี๊ยะ,2565,จอมทอง
2697,ห้องเย็นเก็บผักและผลไม้,เชียงใหม่,15000000,รายชื่อสถานประกอบการ,สหกรณ์ผู้ปลูกหอมหัวใหญ่ฝาง จำกัด,0,ม่อนปิ่น,2565,ฝาง
2698,ห้องเย็น และล้าง ชำแหละ แกะ ต้ม นึ่ง ทอด หรือบดสัตว์ หรือส่วนหนึ่งส่วนใดของสัตว์,เชียงใหม่,7,รายชื่อสถานประกอบการ,บริษัท ซีพีเอฟ เรสเทอรองท์ แอนด์ฟู้ดเชน จำกัด,13000000,แม่แฝกใหม่,2565,สันทราย
2699,ห้องเย็น,เชียงใหม่,5000000,รายชื่อสถานประกอบการ,อำไพพรรณการเกษตร,0,บ้านกาด,2565,แม่วาง
2700,ห้องเย็น,เชียงใหม่,1000000,รายชื่อสถานประกอบการ,บริษัท ฟู๋ เซิง จำกัด,0,ดอยหล่อ,2565,ดอยหล่อ
2701,ให้บริการรับฝากสินค้าในห้องเย็น,เชียงใหม่,3000000,รายชื่อสถานประกอบการ,บริษัท เค.พี.ห้องเย็น จำกัด,0,แช่ช้าง,2565,สันกำแพง
2702,ห้องเย็นสำหรับเก็บรักษาพืชผลทางการเกษตร,เชียงใหม่,1000000,รายชื่อสถานประกอบการ,บริษัท นิ่มซี่เซ็งห้องเย็น จำกัด,0,บ้านกลาง,2565,สันป่าตอง
2703,ห้องเย็น,เชียงใหม่,10000000,รายชื่อสถานประกอบการ,บริษัท ที.เค.เค.จันทบุรี ฟู้ดส์ จำกัด,0,สันกลาง,2565,สันป่าตอง
2704,ห้องเย็นเก็บพืชผักและผลไม้,เชียงใหม่,57,รายชื่อสถานประกอบการ,บริษัท เชียงใหม่ธนาธรฟาร์ม จำกัด,101200000,แม่สูน,2565,ฝาง
2705,ห้องเย็น,เชียงใหม่,5000000,รายชื่อสถานประกอบการ,บริษัท ทิพย์เกษตร จำกัด,0,บ้านแม,2565,สันป่าตอง
2706,ห้องเย็น,เชียงใหม่,5000000,รายชื่อสถานประกอบการ,พรเจริญ พืชผล,0,ดอนแก้ว,2565,แม่ริม
2707,ห้องเย็น,เชียงใหม่,3000000,รายชื่อสถานประกอบการ,บริษัท มงคลแอนด์ซันส์ฟาร์ม จำกัด ,0,สันโป่ง,2565,แม่ริม
2708,ห้องเย็น เก็บผลิตผลการเกษตร,เชียงใหม่,5000000,รายชื่อสถานประกอบการ,บริษัท นิ่มซี่เส็งห้องเย็น จำกัด,0,ฟ้าฮ่าม,2565,เมืองเชียงใหม่
2709,ห้องเย็นเก็บรักษาพืชผลทางการเกษตร,เชียงใหม่,1000000,รายชื่อสถานประกอบการ,สีดาการเกษตร,0,ท่าวังพร้าว,2565,สันป่าตอง
2710,ห้องเย็นเก็บพืชผลทางการเกษตร,เชียงใหม่,5000000,รายชื่อสถานประกอบการ,บริษัท เชียงใหม่เฟรช โปรดักส์ จำกัด,0,ดอนเปา,2565,แม่วาง
2711,เก็บอาหารแช่แข็ง,เชียงใหม่,4,รายชื่อสถานประกอบการ,เอ็ม เอ็ม โฟรเซ่นฟู้ด เชียงใหม่,85000000,สันกลาง,2565,สันป่าตอง
2712,"ห้องเย็นและตัดแต่ง, แช่แข็ง พืช ผัก ผลไม้",เชียงใหม่,1189,รายชื่อสถานประกอบการ,บริษัท ลานนาเกษตรอุตสาหกรรม จำกัด,972630955,สารภี,2565,สารภี
2713,ห้องเย็น,เชียงใหม่,5000000,รายชื่อสถานประกอบการ,บริษัท เชียงใหม่ธนาธรฟาร์ม จำกัด,0,สันทราย,2565,ฝาง
2714,ห้องเย็นเพื่อเก็บอาหารทะเล เนื้อสัตว์ และพืช ผัก ผลไม้,เชียงใหม่,3000000,รายชื่อสถานประกอบการ,ห้างหุ้นส่วนจำกัด ศรีสุวรรณพัฒนาการค้า,0,ฟ้าฮ่าม,2565,เมืองเชียงใหม่
2715,ห้องเย็น,เชียงใหม่,0,รายชื่อสถานประกอบการ,บริษัท เค.พี.(จอมทอง) จำกัด,0,บ้านแปะ,2565,จอมทอง
2716,ห้องเย็นเก็บผลิตผลทางการเกษตร,เชียงใหม่,63,รายชื่อสถานประกอบการ,บริษัท พรีเซิร์ฟ อะโกร โปรดักส์ จำกัด,115000000,ขี้เหล็ก,2565,แม่ริม
2717,ห้องเย็น,เชียงใหม่,10000000,รายชื่อสถานประกอบการ,บริษัท ห้องเย็น เจริญใจ จำกัด,0,ไชยสถาน,2565,สารภี
2718,ห้องเย็นเก็บผลิตผลทางการเกษตร,เชียงใหม่,10,รายชื่อสถานประกอบการ,ห้องเย็นแสงหล้า,7250000,ปงตำ,2565,ไชยปราการ
2719,ซ่อมและเคาะพ่นสีรถยนต์,เชียงใหม่,1000000,รายชื่อสถานประกอบการ,บริษัท เจริญมอเตอร์เบนซ์ จำกัด,0,ศรีภูมิ,2565,เมืองเชียงใหม่
2720,ศูนย์บริการซ่อมรถยนต์,เชียงใหม่,4500000,รายชื่อสถานประกอบการ,บริษัท มิตซูเชียงใหม่ จำกัด,0,ท่าศาลา,2565,เมืองเชียงใหม่
2721,"ซ่อมรถยนต์,ปะ-เปลี่ยนยางรถยนต์",เชียงใหม่,2000000,รายชื่อสถานประกอบการ,ป.เฮงสวัสดิ์,0,สุเทพ,2565,เมืองเชียงใหม่
2722,ซ่อมและเคาะพ่นสีรถยนต์,เชียงใหม่,500000,รายชื่อสถานประกอบการ,บริษัท อู่ตู่ อะไหล่ยนต์ จำกัด,0,หนองผึ้ง,2565,สารภี
2723,ซ่อมแซม และ เคาะ-พ่นสีรถยนต์,เชียงใหม่,27,รายชื่อสถานประกอบการ,เปรม พาวเวอร์ ศูนย์ซ่อมสีและตัวถัง,6550000,สันผักหวาน,2565,หางดง
2724,ศูนย์บริการ เคาะพ่นสีรถยนต์,เชียงใหม่,2000000,รายชื่อสถานประกอบการ,เชียงแสง,0,ดอนแก้ว,2565,แม่ริม
2725,ศูนย์จำหน่าย บริการซ่อมบำรุง และเคาะพ่นสีรถยนต์,เชียงใหม่,20000000,รายชื่อสถานประกอบการ,บริษัท โตโยต้านครพิงค์ เชียงใหม่ จำกัด,0,หนองจ๊อม,2565,สันทราย
2726,ซ่อมตัวถังและสีรถยนต์,เชียงใหม่,20000000,รายชื่อสถานประกอบการ,บริษัท แสงตะวัน พีเอส จำกัด,0,ดอนแก้ว,2565,แม่ริม
2727,ศูนย์บริการซ่อมรถยนต์,เชียงใหม่,1000000,รายชื่อสถานประกอบการ,บริษัท เบส ออโต้เซลส์ จำกัด,0,หนองจ๊อม,2565,สันทราย
2728,ซ่อมรถยนต์และเคาะพ่นสีรถยนต์,เชียงใหม่,2000000,รายชื่อสถานประกอบการ,นายกิตติพงศ์ มณีชุติภาส,0,มะขามหลวง,2565,สันป่าตอง
2729,ศูนย์บริการซ่อม และพ่นสีรถยนต์,เชียงใหม่,25000000,รายชื่อสถานประกอบการ,บริษัท เชียงใหม่ ฮอนค้า ออโตโมบิล จำกัด,0,สันทรายน้อย,2565,สันทราย
2730,เคาะ-พ่นสี และซ่อมรถยนต์,เชียงใหม่,1000000,รายชื่อสถานประกอบการ,บริษัท นิวไดมอนด์ จำกัด,0,สันผีเสื้อ,2565,เมืองเชียงใหม่
2731,"ศูนย์จำหน่าย, บริการซ่อมและเคาะพ่นสีรถยนต์",เชียงใหม่,30000000,รายชื่อสถานประกอบการ,บริษัท โตโยต้าเชียงใหม่ จำกัด สาขาสี่แยกไฮเวย์,0,ท่าศาลา,2565,เมืองเชียงใหม่
2732,ศูนย์บริการซ่อมรถยนต์,เชียงใหม่,4500000,รายชื่อสถานประกอบการ,บริษัท มิตซูเชียงใหม่ จำกัด(สาขาหางดง),0,หนองควาย,2565,หางดง
2733,ศูนย์บริการซ่อมแซมรถยนต์,เชียงใหม่,1000000,รายชื่อสถานประกอบการ,บี-ควิก สาขาโลตัส รวมโชค,0,ฟ้าฮ่าม,2565,เมืองเชียงใหม่
2734,จำหน่ายและซ่อมรถยนต์,เชียงใหม่,2000000,รายชื่อสถานประกอบการ,บริษัท ธารา จำกัด สาขาสารภี,0,สารภี,2565,สารภี
2735,ซ่อมรถยนต์,เชียงใหม่,17,รายชื่อสถานประกอบการ,ห้างหุ้นส่วนจำกัด อีซูซุ ศาลาฟาสเตอร์ เชียงใหม่,11800000,สันกลาง,2565,สันป่าตอง
2736,ซ่อมรถยนต์,เชียงใหม่,1000000,รายชื่อสถานประกอบการ,บริษัท อรรถพรและบุตร จำกัด,0,วัดเกต,2565,เมืองเชียงใหม่
2737,ศูนย์บริการซ่อมแซมรถยนต์,เชียงใหม่,1000000,รายชื่อสถานประกอบการ,บี-ควิก สาขาโลตัส หางดง,0,ป่าแดด,2565,เมืองเชียงใหม่
2738,ศูนย์จำหน่าย บริการซ่อม และเคาะพ่นสีรถยนต์,เชียงใหม่,5000000,รายชื่อสถานประกอบการ,บริษัท ฮอนด้าพาราไดซ์ เชียงใหม่ จำกัด,0,หนองจ๊อม,2565,สันทราย
2739,ศูนย์บริการซ่อมแซมรถยนต์,เชียงใหม่,0,รายชื่อสถานประกอบการ,บี-ควิก สาขาบิ๊กซีไฮเวย์ สาขา 2,0,หนองป่าครั่ง,2565,เมืองเชียงใหม่
2740,ซ่อมรถยนต์,เชียงใหม่,1000000,รายชื่อสถานประกอบการ,บริษัท สยามนิสสัน เชียงใหม่ จำกัด,0,วัดเกต,2565,เมืองเชียงใหม่
2741,ซ่อมเคาะพ่นสีรถยนต์,เชียงใหม่,500000,รายชื่อสถานประกอบการ,บริษัท วี เอ็น ออโต้ บอดี้ จำกัด,0,แม่เหียะ,2565,เมืองเชียงใหม่
2742,ศูนย์บริการซ่อมแซมรถยนต์,เชียงใหม่,1000000,รายชื่อสถานประกอบการ,บี-ควิก สาขาบิ๊กซี หางดง สาขา 2,0,หางดง,2565,หางดง
2743,ซ่อม พ่นสีรถจักรยานยนต์,เชียงใหม่,1000000,รายชื่อสถานประกอบการ,บริษัท นิยมพานิช จำกัด,0,สุเทพ,2565,เมืองเชียงใหม่
2744,"ซ่อมรถยนต์,รถจักรยานยนต์",เชียงใหม่,1000000,รายชื่อสถานประกอบการ,บริษัท โตโยต้า เชียงใหม่ จำกัด,0,สันทราย,2565,ฝาง
2745,ซ่อมรถยนต์,เชียงใหม่,100000000,รายชื่อสถานประกอบการ,บริษัท มาสด้าเชียงใหม่ จำกัด,0,หนองผึ้ง,2565,สารภี
2746,ซ่อมรถยนต์,เชียงใหม่,2000000,รายชื่อสถานประกอบการ,บริษัท วี กรุ๊ป เอไอ เชียงใหม่ จำกัด,0,หนองควาย,2565,หางดง
2747,ซ่อมบำรุงรถยนต์,เชียงใหม่,5000000,รายชื่อสถานประกอบการ,บริษัท โตโยต้า เชียงใหม่ จำกัด,0,สุเทพ,2565,เมืองเชียงใหม่
2748,เคาะ-พ่นสีรถยนต์,เชียงใหม่,500000,รายชื่อสถานประกอบการ,ห้างหุ้นส่วนจำกัด อู่ทานการช่าง เชียงใหม่3,0,ท่าศาลา,2565,เมืองเชียงใหม่
2749,ศูนย์ซ่อมบริการและเคาะพ่นสีรถยนต์,เชียงใหม่,1000000,รายชื่อสถานประกอบการ,อู่ยิ่งเจริญ,0,สันกลาง,2565,สันกำแพง
2750,ซ่อมรถยนต์,เชียงใหม่,3000000,รายชื่อสถานประกอบการ,บริษัท สยามนิสสัน เชียงใหม่ จำกัด,0,ท่าศาลา,2565,เมืองเชียงใหม่
2751,ซ่อมรถยนต์ เคาะพ่นสีรถยนต์,เชียงใหม่,1000000,รายชื่อสถานประกอบการ,บริษัท นิธิบูรณ์ ออโต้เซลล์ จำกัด,0,ช้างเผือก,2565,เมืองเชียงใหม่
2752,ศูนย์บริการ ซ่อม และเคาะ-พ่นสีรถยนต์,เชียงใหม่,500000,รายชื่อสถานประกอบการ,บริษัท พี ออโต้ เพ้นท์ จำกัด,0,ป่าลาน,2565,ดอยสะเก็ด
2753,ซ่อมแซมเครื่องยนต์ ซ่อมแซมเคาะพ่นสีถังรถยนต์ และพ่นสีกันสนิมรถยนต์,เชียงใหม่,20,รายชื่อสถานประกอบการ,อู่หม่องบริการ,8000000,ท่าศาลา,2565,เมืองเชียงใหม่
2754,ซ่อมรถยนต์,เชียงใหม่,300000,รายชื่อสถานประกอบการ,อู่พีรพัฒน์ ดีเซล,0,แม่แวน,2565,พร้าว
2755,ศูนย์บริการซ่อมรถยนต์ (Ford),เชียงใหม่,25,รายชื่อสถานประกอบการ,บริษัท อเมริกันมอเตอร์ส (เชียงใหม่) จำกัด,70000000,ฟ้าฮ่าม,2565,เมืองเชียงใหม่
2756,ซ่อมแซมรถยนต์ เครื่องยนต์ ซ่อมแซมเคาะพ่นสีตัวถังรถยนต์ และพ่นสี,เชียงใหม่,45,รายชื่อสถานประกอบการ,บริษัท โตโยต้านครพิงค์ เชียงใหม่ จำกัด,265000000,แม่เหียะ,2565,เมืองเชียงใหม่
2757,ซ่อมและเคาะพ่นสีรถยนต์,เชียงใหม่,30000000,รายชื่อสถานประกอบการ,ห้างหุ้นส่วนจำกัด อีซูซุศาลาฟาสเตอร์เชียงใหม่,0,หนองจ๊อม,2565,สันทราย
2758,ซ่อมรถยนต์ และเคาะ-พ่นสีรถยนต์,เชียงใหม่,1000000,รายชื่อสถานประกอบการ,บริษัท สกุลชัยบิวดิ้ง จำกัด,0,ท่าศาลา,2565,เมืองเชียงใหม่
2759,ศูนย์บริการซ่อมแซมรถยนต์ และ ซ่อมสีตัวถังรถยนต์,เชียงใหม่,20000000,รายชื่อสถานประกอบการ,บริษัท โตโยต้าอินทนนท์ จำกัด,0,ไชยสถาน,2565,สารภี
2760,ซ่อมรถยนต์,เชียงใหม่,15000000,รายชื่อสถานประกอบการ,บริษัท บาเซโลนา มอเตอร์ จำกัด,0,ฟ้าฮ่าม,2565,เมืองเชียงใหม่
2761,เกี่ยวกับรถยนต์ การสร้าง ประกอบ ดัดแปลง เปลี่ยนแปลงสภาพ การทำหลังคารถต่างๆ เช่น รถพยาบาล รถโดยสาร ฯลฯ และการซ่อมบำรุงรถยนต์,เชียงใหม่,30,รายชื่อสถานประกอบการ,ห้างหุ้นส่วนจำกัด เชียงใหม่ ชุนศิลป์,35000000,หนองผึ้ง,2565,สารภี
2762,ซ่อมรถยนต์ เคาะพ่นสีรถยนต์,เชียงใหม่,1000000,รายชื่อสถานประกอบการ,ห้างหุ้นส่วนจำกัด ทรายทอง ออโต้ คาร์,0,สันปูเลย,2565,ดอยสะเก็ด
2763,ซ่อมรถยนต์ ยางรถยนต์,เชียงใหม่,6,รายชื่อสถานประกอบการ,ห้างหุ้นส่วนจำกัด นพรัตน์ยางยนต์เชียงใหม่,16200000,หนองหอย,2565,เมืองเชียงใหม่
2764,ศูนย์จำหน่าย บริการซ่อม และเคาะ พ่น สีรถยนต์,เชียงใหม่,80000000,รายชื่อสถานประกอบการ,บริษัท แมทริกซ์ ฮอนด้า ออโตโมบิล จำกัด,0,หนองป่าครั่ง,2565,เมืองเชียงใหม่
2765,ซ่อมรถยนต์,เชียงใหม่,3000000,รายชื่อสถานประกอบการ,บริษัท พิงคนครเเซลแอนด์เซอร์วิส จำกัด,0,ท่าศาลา,2565,เมืองเชียงใหม่
2766,ซ่อมรถยนต์,เชียงใหม่,2000000,รายชื่อสถานประกอบการ,บริษัท วี เพอร์เฟค ออโต้คาร์ จำกัด,0,หนองควาย,2565,หางดง
2767,ซ่อมรถยนต์และเคาะ-พ่นสีรถยนต์,เชียงใหม่,5000000,รายชื่อสถานประกอบการ,บริษัท พิงคนครเซลแอนด์เซอร์วิส จำกัด,0,แม่เหียะ,2565,เมืองเชียงใหม่
2768,"ซ่อมรถยนต์,ต่อตัวถังรถ",เชียงใหม่,100000,รายชื่อสถานประกอบการ,บริษัท เชียงใหม่ทวีผล คอนสตรัคชั่น จำกัด,0,หางดง,2565,หางดง
2769,ซ่อมและพ่นสีรถยนต์,เชียงใหม่,1000000,รายชื่อสถานประกอบการ,บริษัท พี.เจ.ออโตเซอร์วิส จำกัด,0,ชมภู,2565,สารภี
2770,"เคาะพ่นสีรถยนต์,ซ่อมรถยนต์",เชียงใหม่,12,รายชื่อสถานประกอบการ,ห้างหุ้นส่วนจำกัด อีสานรุ่งเรือง เชียงใหม่,8230000,สันทรายน้อย,2565,สันทราย
2771,ตั้งศูนย์ถ่วงล้อ เปลี่ยนยาง ปะยาง ซ่อมช่วงล่างรถบรรทุกและรถยนต์นั่งสว่นบุคคล,เชียงใหม่,10000000,รายชื่อสถานประกอบการ,ห้างหุ้นส่วนสามัญนิติบุคคลเวียงพิงค์แอทแวนเทจ,0,ยางเนิ้ง,2565,สารภี
2772,ซ่อมรถยนต์,เชียงใหม่,100000,รายชื่อสถานประกอบการ,สุรกิจกลการ,0,วัดเกต,2565,เมืองเชียงใหม่
2773,ซ่อมรถยนต์,เชียงใหม่,5500000,รายชื่อสถานประกอบการ,บริษัท ไดนาสตี้ เอ็นเอสเอ จำกัด,0,ช้างคลาน,2565,เมืองเชียงใหม่
2774,ศูนย์ซ่อมบริการ เคาะ พ่นสีตัวถังรถยนต์,เชียงใหม่,1000000,รายชื่อสถานประกอบการ,ชัยเจริญดี 999,0,ป่าบง,2565,สารภี
2775,ซ่อมรถยนต์,เชียงใหม่,13,รายชื่อสถานประกอบการ,อู่เกรียงไกรกลการ,350000,ฟ้าฮ่าม,2565,เมืองเชียงใหม่
2776,ซ่อม-เคาะพ่นสีรถยนต์,เชียงใหม่,2400000,รายชื่อสถานประกอบการ,ห้างหุ้นส่วนจำกัด นครพิงค์ ไฮเวย์,0,ท่าศาลา,2565,เมืองเชียงใหม่
2777,ศูนย์จำหน่าย บริการซ่อมและเคาะ พ่นสีรถยนต์,เชียงใหม่,100000000,รายชื่อสถานประกอบการ,บริษัท โตโยต้า เชียงใหม่ จำกัด สาขาจอมทอง,0,ข่วงเปา,2565,จอมทอง
2778,ซ่อมรถยนต์,เชียงใหม่,1000000,รายชื่อสถานประกอบการ,บริษัท วี กรุ๊ป แซดเค จำกัด,0,ฟ้าฮ่าม,2565,เมืองเชียงใหม่
2779,เคาะ-พ่นสีรถยนต์,เชียงใหม่,50000,รายชื่อสถานประกอบการ,ห้างหุ้นส่วนจำกัด อู่จำลองกลการ 98,0,สันทราย,2565,ฝาง
2780,"ต่อตัวถัง,ทำสี และซ่อมแซมรถโดยสาร",เชียงใหม่,1000000,รายชื่อสถานประกอบการ,ห้างหุ้นส่วนจำกัด ดีอาร์.บัสบอดี้,0,บวกค้าง,2565,สันกำแพง
2781,"ซ่อมรถยนต์,เปลี่ยนยาง",เชียงใหม่,23,รายชื่อสถานประกอบการ,บริษัท พงศ์โชตนาการยาง จำกัด,13200000,ช้างเผือก,2565,เมืองเชียงใหม่
2782,ซ่อมรถยนต์,เชียงใหม่,1000000,รายชื่อสถานประกอบการ,บริษัท ชัยพัฒนาขนส่งเชียงใหม่ จำกัด,0,หนองป่าครั่ง,2565,เมืองเชียงใหม่
2783,ศูนย์บริการซ่อมรถยนต์,เชียงใหม่,5000000,รายชื่อสถานประกอบการ,บริษัท แสงชัยมอเตอร์เซลส์ จำกัด,0,ฟ้าฮ่าม,2565,เมืองเชียงใหม่
2784,ซ่อมแซมเครื่องยนต์ เคาะพ่นสีตัวถังรถยนต์,เชียงใหม่,2000000,รายชื่อสถานประกอบการ,บริษัท 88 ดาวรุ่ง จำกัด,0,แม่เหียะ,2565,เมืองเชียงใหม่
2785,ศูนย์บริการเคาะพ่นสี รถยนต์,เชียงใหม่,5000000,รายชื่อสถานประกอบการ,บริษัท อีซูซุเชียงใหม่เซลส์ จำกัด,0,หนองผึ้ง,2565,สารภี
2786,ตั้งศูนย์ถ่วงล้อและปะยงรถยนต์,เชียงใหม่,3000000,รายชื่อสถานประกอบการ,บริษัท เชียงใหม่เวียงพิงค์การยาง จำกัด,0,ฟ้าฮ่าม,2565,เมืองเชียงใหม่
2787,ซ่อมรถยนต์,เชียงใหม่,0,รายชื่อสถานประกอบการ,บริษัท อีซูซุ เชียงใหม่เซลส์ จำกัด,0,หนองผึ้ง,2565,สารภี
2788,ศูนย์บริการซ่อมรถยนต์,เชียงใหม่,1000000,รายชื่อสถานประกอบการ,บริษัท เซฟเวย์ ออโต้ เซอร์วิส จำกัด,0,ช้างคลาน,2565,เมืองเชียงใหม่
2789,ซ่อมรถยนต์ และเคาะพ่นสีรถยนต์,เชียงใหม่,600000,รายชื่อสถานประกอบการ,บริษัท อริยกิจ จี.พี. จำกัด,0,สันพระเนตร,2565,สันทราย
2790,ซ่อมและเคาะพ่นสีรถยนต์,เชียงใหม่,10000000,รายชื่อสถานประกอบการ,ห้างหุ้นส่วนจำกัด ยิ่งเจริญรุ่งเกียรติโชคชัย,0,แม่ข่า,2565,ฝาง
2791,เคาะ-พ่นสีรถยนต์,เชียงใหม่,25,รายชื่อสถานประกอบการ,อ.การาจเจริญยนต์,9100000,ดอนแก้ว,2565,สารภี
2792,ซ่อมรถยนต์,เชียงใหม่,39,รายชื่อสถานประกอบการ,บริษัท ธารา จำกัด (สาขาหนองป่าครั่ง),0,หนองป่าครั่ง,2565,เมืองเชียงใหม่
2793,ซ่อมรถยนต์,เชียงใหม่,20000000,รายชื่อสถานประกอบการ,บริษัท ธารา จำกัด สาขาสนามบิน,0,สุเทพ,2565,เมืองเชียงใหม่
2794,ศูนย์บริการซ่อมรถยนต์,เชียงใหม่,1000000,รายชื่อสถานประกอบการ,บริษัท แสงชัยมอเตอร์เซลส์ จำกัด,0,แม่เหียะ,2565,เมืองเชียงใหม่
2795,ศูนย์บริการซ่อมรถยนต์ และบริการซ่อมสีรถยนต์,เชียงใหม่,10000000,รายชื่อสถานประกอบการ,บริษัท โตโยต้าริช จำกัด,0,สันพระเนตร,2565,สันทราย
2796,ซ่อมรถยนต์และซ่อมเคาะพ่นสีรถยนต์,เชียงใหม่,30000000,รายชื่อสถานประกอบการ,ห้างหุ้นส่วนจำกัด อีซูซุศาลาฟาสเตอร์เชียงใหม่,0,ข่วงเปา,2565,จอมทอง
2797,ซ่อมรถยนต์ และเคาะพ่นสีรถยนต์,เชียงใหม่,102,รายชื่อสถานประกอบการ,บริษัท โตโยต้า ล้านนา จำกัด,306000000,ช้างเผือก,2565,เมืองเชียงใหม่
2798,ศูนย์บริการซ่อมรถยนต์ และยานยนต์ทุกประเภท,เชียงใหม่,500000,รายชื่อสถานประกอบการ,บริษัท วี-เพ้นท์ ออโต้เซอร์วิส จำกัด,0,ช้างเผือก,2565,เมืองเชียงใหม่
2799,ซ่อมแซมรถยนต์ และเคาะพ่นสีตัวถัง,เชียงใหม่,3000000,รายชื่อสถานประกอบการ,ห้างหุ้นส่วนจำกัด เศรษฐศักดิ์ บริการ,0,หนองผึ้ง,2565,สารภี
2800,ซ่อม เคาะพ่นสีรถยนต์,เชียงใหม่,20,รายชื่อสถานประกอบการ,บริษัท วิริยะมาสด้า (2004) จำกัด,10400000,หนองจ๊อม,2565,สันทราย
2801,ซ่อมและพ่นสีรถยนต์,เชียงใหม่,3800000,รายชื่อสถานประกอบการ,บริษัท นครพิงค์เวอร์คช็อพ จำกัด,0,สันนาเม็ง,2565,สันทราย
2802,ซ่อมและเคาะพ่นสีรถยนต์ 60 คัน/ปี,เชียงใหม่,150000,รายชื่อสถานประกอบการ,ห้างหุ้นส่วนจำกัด หมื่นการช่าง,0,ต้นเปา,2565,สันกำแพง
2803,ซักรีด ซักแห้ง เครื่องนุ่งห่ม,เชียงใหม่,500000,รายชื่อสถานประกอบการ,ห้างหุ้นส่วนจำกัด นอร์ทเทิร์นลอนดรี เซอร์วิส,0,ป่าป้อง,2565,ดอยสะเก็ด
2804,"ซัก,อบ,รีดผ้า",เชียงใหม่,500000,รายชื่อสถานประกอบการ,ห้างหุ้นส่วนจำกัด มาสเตอร์คลีนลอนดรี้ แอนด์ เซอร์วิส,0,ริมเหนือ,2565,แม่ริม
2805,ซัก อบ รีดผ้า และย้อมผ้า,เชียงใหม่,200000,รายชื่อสถานประกอบการ,ห้างหุ้นส่วนจำกัด สโนไวท์ ลอนลี่,0,ป่าแดด,2565,เมืองเชียงใหม่
2806,ซัก อบ รีด เสื้อผ้า ผ้าคลุมเตียง ผ้าห่ม,เชียงใหม่,200000,รายชื่อสถานประกอบการ,พี.อาร์.ลอนดรี แอนด์ เซอร์วิส,0,สันป่าเปา,2565,สันทราย
2807,โรงงานซักรีด ซักแห้ง ซักฟอก รีด อัด เครื่องนุ่งห่ม พรมหรือขนสัตว์,เชียงใหม่,1500000,รายชื่อสถานประกอบการ,ห้างหุ้นส่วนจำกัด ปาณิฐิตา,0,แม่คือ,2565,ดอยสะเก็ด
2808,โม่ บด ย่อยหิน,เชียงใหม่,10000000,รายชื่อสถานประกอบการ,บริษัท อาเชี่ยน จำกัด,0,บ้านแปะ,2565,จอมทอง
2809,โม่ บด ย่อยหิน,เชียงใหม่,26000000,รายชื่อสถานประกอบการ,บริษัท เชียงใหม่สหศิลา จำกัด,0,ศรีดงเย็น,2565,ไชยปราการ
2810,โม่ บด หรือย่อยหิน,เชียงใหม่,10000000,รายชื่อสถานประกอบการ,บริษัท เชียงใหม่ ที.ดี. จำกัด,0,บ้านแปะ,2565,จอมทอง
2811,โม บด หรือย่อยหิน,เชียงใหม่,0,รายชื่อสถานประกอบการ,บริษัท ปิยะกิจโยธาการ จำกัด,0,แม่แตง,2565,แม่แตง
2812,โม่ บด หรือย่อยหิน,เชียงใหม่,35,รายชื่อสถานประกอบการ,บริษัท สยามสโตน แอ๊กกริเกรท จำกัด,0,แม่โป่ง,2565,ดอยสะเก็ด
2813,โม่ บด หรือย่อยหิน,เชียงใหม่,25000000,รายชื่อสถานประกอบการ,บริษัท เขตศิลา จำกัด,0,บ้านแปะ,2565,จอมทอง
2814,โม่ บด หรือย่อยหิน,เชียงใหม่,10000000,รายชื่อสถานประกอบการ,เชียงใหม่ไท้เซียง,0,บ้านแปะ,2565,จอมทอง
2815,โม่ บด หรือย่อยหิน,เชียงใหม่,27,รายชื่อสถานประกอบการ,บริษัท เอ็มแพค ไมนิ่ง จำกัด,155000000,บ้านแปะ,2565,จอมทอง
2816,โม่ บด และย่อยหิน,เชียงใหม่,27,รายชื่อสถานประกอบการ,นางมัณฑณา ลี้ตระกูล,290000000,บ้านแปะ,2565,จอมทอง
2817,ทำผลิตภัณฑ์จากไม้ไผ่ เช่น ตะเกียบ,เชียงใหม่,50,รายชื่อสถานประกอบการ,ไผ่ทองอุตสาหกรรม,2269654,ป่าบง,2565,สารภี
2818,ทำเส้นก๋วยเตี๋ยว และเส้นหมี่,เชียงใหม่,8,รายชื่อสถานประกอบการ,แสงประทีป,800000,สันปูเลย,2565,ดอยสะเก็ด
2819,ทำน้ำแข็งก้อนเล็ก ,เชียงใหม่,1000000,รายชื่อสถานประกอบการ,ห้างหุ้นส่วนจำกัด วารีเทพ สันกำแพง,0,ทรายมูล,2565,สันกำแพง
2820,ทำน้ำแข็งก้อนเล็ก,เชียงใหม่,50000,รายชื่อสถานประกอบการ,โรงน้ำแข็งสุขเสรี,0,ช้างเผือก,2565,เมืองเชียงใหม่
2821,ทำน้ำแข็งซองได้วันละ 1200 ซอง และทำน้ำแข็งก้อนเล็กได้วันละ 1,เชียงใหม่,300000,รายชื่อสถานประกอบการ,ห้างหุ้นส่วนจำกัด เวียงพิงค์ไอซ์,0,หนองหอย,2565,เมืองเชียงใหม่
2822,ผลิตอาหารสัตว์,เชียงใหม่,1000000,รายชื่อสถานประกอบการ,บริษัท อาร์.พี.เอ็ม ฟาร์ม แอนด์ ฟีด จำกัด,0,หนองควาย,2565,หางดง
2823,ผลิตอาหารผสม หรืออาหารสำเร็จรูปสำหรับเลี้ยงสัตว์,เชียงใหม่,5000000,รายชื่อสถานประกอบการ,บริษัท โฟร์ ที จำกัด,0,ดอยหล่อ,2565,ดอยหล่อ
2824,บดถั่วเหลืองสำหรับเป็นส่วนผสมอาหารสัตว์,เชียงใหม่,500000,รายชื่อสถานประกอบการ,ห้างหุ้นส่วนจำกัด โรงสีข้าวรวงทองเชียงใหม่,0,เชิงดอย,2565,ดอยสะเก็ด
2825,ผลิตโซดา และน้ำดื่ม,เชียงใหม่,165,รายชื่อสถานประกอบการ,บริษัท เชียงใหม่ เบเวอเรช จำกัด,1160000000,ยางเนิ้ง,2565,สารภี
2826,ผลิตน้ำแร่ น้ำดื่ม และขวดพลาสติก,เชียงใหม่,90,รายชื่อสถานประกอบการ,บริษัท ทิปโก้ฟูดส์ จำกัด (มหาชน),400000000,โป่งแยง,2565,แม่ริม
2827,ทำวงกบประตู-หน้าต่าง เครื่องเรือนเครื่องใช้ในบ้านเรือน และไม้เซาะร่องรางลิ้นอัดเป็นแผ่นสำเร็จ,เชียงใหม่,1000000,รายชื่อสถานประกอบการ,นายนพรัตน์ นิมมานวัฒนา,0,น้ำแพร่,2565,หางดง
2828,ทำเครื่องเรือนจากไม้ เช่น ตู้ โต๊ะ เตียง,เชียงใหม่,3950000,รายชื่อสถานประกอบการ,ตนานุวัฒน์เฟอร์นิเจอร์,0,แม่เหียะ,2565,เมืองเชียงใหม่
2829,ฆ่าและชำแหละสุกร,เชียงใหม่,80000000,รายชื่อสถานประกอบการ,บริษัท วีพีเอฟ กรุ๊ป (1973) จำกัด,0,ชมภู,2565,สารภี
2830,แปรรูปผลิตภัณฑ์จากผึ้ง เช่น น้ำผึ้ง นมผึ้ง เกสรผึ้ง และไขผึ้ง ,เชียงใหม่,25000000,รายชื่อสถานประกอบการ,บริษัท เชียงใหม่ เฮลดี้ โปรดักส์ จำกัด,0,สารภี,2565,สารภี
2831,ผลิตนมพาสเจอร์ไรส์และนมเปรี้ยวพร้อมดื่ม,เชียงใหม่,8,รายชื่อสถานประกอบการ,สหกรณ์โคนมเชียงใหม่ จำกัด,30000000,ไชยสถาน,2565,สารภี
2832,ผลิตผักและผลไม้บรรจุกระป๋องสำเร็จรูป,เชียงใหม่,110000000,รายชื่อสถานประกอบการ,บริษัท สันติภาพ (ฮั่วเพ้ง 1958) จำกัด,0,แม่แฝกใหม่,2565,สันทราย
2833,ทำผลไม้บรรุกระป๋อง,เชียงใหม่,2000000,รายชื่อสถานประกอบการ,บริษัท โอ.วี.อินเตอร์เนชั่นแนล อิมปอร์ต-เอ็กซ์ปอร์ต จำกัด,0,แม่ทะลบ,2565,ไชยปราการ
2834,แปรรูปผักและผลไม้บรรจุกระป๋อง แช่แข็งทุกชนิด,เชียงใหม่,140,รายชื่อสถานประกอบการ,บริษัท ซันสวีท จำกัด (มหาชน),996020762,ทุ่งสะโตก,2565,สันป่าตอง
2835,ทำอาหารกระป๋องจากผัก พืชหรือผลไม้และดองผักพืชหรือผลไม้,เชียงใหม่,75000000,รายชื่อสถานประกอบการ,บริษัท ช้างอวอดส์ (1959) จำกัด,0,แม่ข่า,2565,ฝาง
2836,ทำผลิตภัณฑ์อาหารจากผัก ผลไม้ บรรจุกระป๋อง,เชียงใหม่,20000000,รายชื่อสถานประกอบการ,บริษัท อาหารเชียงใหม่อุตสาหกรรม จำกัด,0,บ้านกลาง,2565,สันป่าตอง
2837,ทำอาหารและเครื่องดื่มจากผักผลไม้บรรจุกระป๋อง และผักผลไม้แช่แข็ง,เชียงใหม่,12000000,รายชื่อสถานประกอบการ,บริษัท ดอยคำผลิตภัณฑ์อาหาร จำกัด,0,แม่งอน,2565,ฝาง
2838,ทำผัก-ผลไม้ น้ำผัก-ผลไม้ บรรจุกระป๋อง,เชียงใหม่,10000000,รายชื่อสถานประกอบการ,บริษัท สหปราจีนบุรีอุตสาหกรรมอาหาร จำกัด,0,แม่สูน,2565,ฝาง
2839,ผลิตพืช ผัก ผลไม้ แช่แข็ง แบ่งบรรจุอาหารและเครื่องปรุงอาหารโดยไม่มีการผลิต,เชียงใหม่,569567526,รายชื่อสถานประกอบการ,บริษัท เชียงใหม่โฟรเซ่นฟูดส์ จำกัด (มหาชน),0,แม่แฝกใหม่,2565,สันทราย
2840,ผลิตพืช ผัก และผลไม้อบแห้ง,เชียงใหม่,20000000,รายชื่อสถานประกอบการ,บริษัท เอกมี เทรดดิ้ง อินเตอร์เนชั่นแนล จำกัด,0,ดอยหล่อ,2565,ดอยหล่อ
2841,ห้องเย็น,เชียงใหม่,4000000,รายชื่อสถานประกอบการ,บริษัท ห้องเย็นปรมีจำกัด,0,ฟ้าฮ่าม,2565,เมืองเชียงใหม่
2842,ขยายผลิตพืช ผัก ผลไม้แช่แข็ง และห้องเย็น,เชียงใหม่,16500000,รายชื่อสถานประกอบการ,บริษัท เชียงใหม่โฟรเซ่นฟูดส์ จำกัด (มหาชน),0,หนองจ๊อม,2565,สันทราย
2843,ผลิตและจำหน่ายขนมปัง,เชียงใหม่,100000,รายชื่อสถานประกอบการ,เวียงวราเบเกอรี่,0,ป่าบง,2565,สารภี
2844,ทำขนมปังปอนด์ ขนมเค้ก ขนมเปี๊ยะ,เชียงใหม่,8,รายชื่อสถานประกอบการ,มังกรทองเบเกอรี่,2550000,พระสิงห์,2565,เมืองเชียงใหม่
2845,ทำเส้นก๋วยเตี๋ยวและเส้นหมี่,เชียงใหม่,3,รายชื่อสถานประกอบการ,นายกิตติพล ศุภวนานุสรณ์,800000,สันทราย,2565,ฝาง
2846,ผลิตภัณฑ์อาหารจากแป้งเป็นเส้น,เชียงใหม่,45,รายชื่อสถานประกอบการ,ห้างหุ้นส่วนจำกัด เชียงใหม่ ลำปางเลิศรส,23500000,สุเทพ,2565,เมืองเชียงใหม่
2847,ผลิตใบชาแห้ง และใบชาผงไม่สำเร็จรูป,เชียงใหม่,5,รายชื่อสถานประกอบการ,บริษัท ชาสยาม จำกัด,30000000,อินทขิล,2565,แม่แตง
2848,"ทำไอศครีมแท่ง, ไอศครีมถ้วย",เชียงใหม่,9,รายชื่อสถานประกอบการ,สโนไวท์,5575000,ช้างม่อย,2565,เมืองเชียงใหม่
2849,คัด บรรจุและแปรรูปผลิตผลการเกษตร เช่น ลำไยสด ลำไยอบแห้ง ชาลำไย,เชียงใหม่,3,รายชื่อสถานประกอบการ,ห้างหุ้นส่วนจำกัด พรมกังวาน,2600000,สันทราย,2565,สารภี
2850,กะเทาะเปลือกถั่วลิสง,เชียงใหม่,4,รายชื่อสถานประกอบการ,ต.วิชัยพาณิชย์,11300000,วัดเกต,2565,เมืองเชียงใหม่
2851,กรอด้าย เข้าเกลียวด้าย,เชียงใหม่,15,รายชื่อสถานประกอบการ,โรงงานฝ้ายป่าไผ่,5800000,เหมืองแก้ว,2565,แม่ริม
2852,ทอเสื่อกก,เชียงใหม่,35,รายชื่อสถานประกอบการ,บริษัท ไทตาตามิ โปรดักส์ จำกัด,12000000,หนองควาย,2565,หางดง
2853,ตัดเย็บเสื้อผ้าสำเร็จรูป,เชียงใหม่,74,รายชื่อสถานประกอบการ,บริษัท ซี.เอ็ม.แอพพาเรล จำกัด,11250000,เวียง,2565,พร้าว
2854,ผลิตออกแบบ เสื้อผ้าสำเร็จรูป ผ้าไหมไทย ผ้าฝ้ายและอื่นๆ,เชียงใหม่,52,รายชื่อสถานประกอบการ,บริษัท คลาสสิค โมเดล จำกัด,16000000,ป่าแดด,2565,เมืองเชียงใหม่
2855,ผลิต ผลิตภัณฑ์หรือชิ้นส่วนของผลิตภัณฑ์และเครื่องใช้เครื่องแต่งกาย จากหนังสัตว์ ขนสัตว์,เชียงใหม่,70,รายชื่อสถานประกอบการ,บริษัท เมซอง ทาคุยะ 21 (ประเทศไทย) จำกัด,6500000,ต้นเปา,2565,สันกำแพง
2856,โรงงานผลิตเครื่องใช้จากหวายและไม้ไผ่,เชียงใหม่,55,รายชื่อสถานประกอบการ,บริษัท บาย ปาริสรา อินเตอร์เอ็กซ์พอร์ต จำกัด,12700000,บ้านแหวน,2565,หางดง
2857,ประดิษฐ์ไม้แกะสลัก,เชียงใหม่,25,รายชื่อสถานประกอบการ,สิ่งประดิษฐ์ไม้แกะสลักอัศ+นุชนาถ,7250000,สุเทพ,2565,เมืองเชียงใหม่
2858,ทำภาชนะบรรจุ และผลิตภัณฑ์จากกระดาษสา,เชียงใหม่,60,รายชื่อสถานประกอบการ,บริษัท ไทยแฮนดิคราฟท์ เอ็กซ์ปอร์ท เซ็นเตอร์ จำกัด,0,ต้นเปา,2565,สันกำแพง
2859,ผลิตผลิตภัณฑ์จากผึ้ง เช่น น้ำผื้ง ไขผึ้ง เกสรดอกไม้ นมผึ้ง,เชียงใหม่,25,รายชื่อสถานประกอบการ,บริษัท ฮันนี่ โพลีพลัส จำกัด,12000000,ท่าศาลา,2565,เมืองเชียงใหม่
2860,ผลิตภัณฑ์อาหารพร้อมรับประทาน,เชียงใหม่,52,รายชื่อสถานประกอบการ,บริษัท พรีเมี่ยมฟูดส์ จำกัด,33714500,แม่แฝก,2565,สันทราย
2861,ผลิตอาหารสำหรับสายการบิน,เชียงใหม่,50,รายชื่อสถานประกอบการ,บริษัท ครัวการบินกรุงเทพเชียงใหม่ จำกัด,180000000,สุเทพ,2565,เมืองเชียงใหม่
2862,พิมพ์ป้ายโฆษณาขนาดใหญ่ด้วยคอมพิวเตอร์,เชียงใหม่,30,รายชื่อสถานประกอบการ,บริษัท วีซายน์ มีเดีย จำกัด,17500000,หนองหอย,2565,เมืองเชียงใหม่
2863,คอนกรีตผสมเสร็จ,เชียงใหม่,8,รายชื่อสถานประกอบการ,บริษัท พี-มิกซ์ โปรดักส์ จำกัด,13000000,เหมืองแก้ว,2565,แม่ริม
2864,ทำซีเมนต์บล็อก,เชียงใหม่,18,รายชื่อสถานประกอบการ,บริษัท ชัยทวีบล็อก จำกัด,13900000,ท่าวังตาล,2565,สารภี
2865,ผลิต จำหน่าย ผลิตภัณฑ์คอนกรีต,เชียงใหม่,8,รายชื่อสถานประกอบการ,ห้างหุ้นส่วนจำกัด สิงโตทอง คอนกรีต,8500000,สะเมิงใต้,2565,สะเมิง
2866,ผลิตคอนกรีตผสมเสร็จและผลิตภัณฑ์คอนกรีต,เชียงใหม่,9,รายชื่อสถานประกอบการ,ห้างหุ้นส่วนจำกัด เอ.เอ็น.วี คอนกรีต,7400000,ขี้เหล็ก,2565,แม่ริม
2867,ผลิตและจำหน่ายคอนกรีตผสมเสร็จ,เชียงใหม่,1,รายชื่อสถานประกอบการ,บริษัท พูนสวัสดิ์ คอนกรีต จำกัด,4400000,ป่าตุ้ม,2565,พร้าว
2868,ผลิตคอนกรีตผสมเสร็จ,เชียงใหม่,4,รายชื่อสถานประกอบการ,ห้างหุ้นส่วนจำกัด พงษ์ศรา คอนกรีต,390000,ช่างเคิ่ง,2565,แม่แจ่ม
2869,ประกอบเครื่องเรือนโลหะ,เชียงใหม่,6,รายชื่อสถานประกอบการ,บริษัท เอ็ม.เจ.สตีล จำกัด,4800000,หนองหาร,2565,สันทราย
2870,"กลึง, เชื่อมโลหะ",เชียงใหม่,4,รายชื่อสถานประกอบการ,นายสุธรรม แก้วหน่อวรรณ์,1900000,ยุหว่า,2565,สันป่าตอง
2871,ทำเครื่องใช้เล็ก ๆ จากโลหะ,เชียงใหม่,53,รายชื่อสถานประกอบการ,บริษัท ลอยฟ้า คอลเลคชั่น จำกัด,4500000,ท่าวังตาล,2565,สารภี
2872,"ซ่อมแซมเครื่องจักรกลการเกษตร,ซ่อมแซมเครื่องยนต์ยานยนต์ที่ใช้ในการเกษตร",เชียงใหม่,18,รายชื่อสถานประกอบการ,เชียงใหม่บริการแทรกเตอร์,8000000,หนองป่าครั่ง,2565,เมืองเชียงใหม่
2873,ประกอบดัดแปลงสภาพรถยนต์ หรือรถยนต์สามล้อ ทำชิ้นส่วนพิเศษสำหรับรถยนต์ หรือเรือ ประกอบดัดแปลงสภาพจักรยานยนต์ จักรยานยนต์สามล้อ ซ่อมรถยนต์,เชียงใหม่,6,รายชื่อสถานประกอบการ,บริษัท ชินนเรศพัฒนา จำกัด,2860000,หนองป่าครั่ง,2565,เมืองเชียงใหม่
2874,เบาะรถยนต์และชิ้นส่วนเบาะรถยนต์,เชียงใหม่,7,รายชื่อสถานประกอบการ,บริษัท สมาร์ทฟลอร์ ซีตติ้ง (ไทยแลนด์) จำกัด,4200000,สันป่าเปา,2565,สันทราย
2875,"ผลิตขิงดอง,ลังไม้",เชียงใหม่,61,รายชื่อสถานประกอบการ,บริษัท ต้าเฉิน อินเตอร์เนชั่นเนล จำกัด,21900000,หนองบัว,2565,ไชยปราการ
2876,ผลิตลูกปัดแก้ว,เชียงใหม่,50,รายชื่อสถานประกอบการ,บริษัท ไฟนรก จำกัด,0,ทรายมูล,2565,สันกำแพง
2877,ห้องเย็นเก็บพืชผลทางการเกษตร,เชียงใหม่,6,รายชื่อสถานประกอบการ,สรายุทธ,7000000,ท่ากว้าง,2565,สารภี
2878,"ห้องเย็นเก็บรักษาผลิตภัณฑ์ไอศกรีม และอาหาร,เครื่องดื่ม ที่ต้องเก็บรักษาในห้องเย็นทุกชนิด",เชียงใหม่,5,รายชื่อสถานประกอบการ,บริษัท จอมธนา จำกัด,13800000,สันทรายน้อย,2565,สันทราย
2879,โรงงานซักรีด ซักแห้ง ซักฟอก รีด อัด หรือย้อมผ้า เครื่องนุ่งห่ม พรม หรือ ขนสัตว์,เชียงใหม่,9,รายชื่อสถานประกอบการ,เอ็ม แอนด์ เอ็ม ลอนตรี้,12500000,แม่คือ,2565,ดอยสะเก็ด
2880,ทำผลิตภัณฑ์จากไม้ไผ่,เชียงใหม่,43,รายชื่อสถานประกอบการ,บริษัท ฮูไทยคราฟท์ จำกัด,5523000,หางดง,2566,หางดง
2881,ทำเส้นก๋วยเตี๋ยว เส้นหมี่สดและแห้ง,เชียงใหม่,73,รายชื่อสถานประกอบการ,ห้างหุ้นส่วนจำกัด อิสริยะผล,23500000,ป่าตัน,2566,เมืองเชียงใหม่
2882,ผลิตเส้นก๋วยเตี๋ยว,เชียงใหม่,2000000,รายชื่อสถานประกอบการ,บริษัท กรีนเนเจอร์ เกรนส์ แอนด์ นู้ดเดิ้ล จำกัด,0,สบแม่ข่า,2566,หางดง
2883,ปรับปรุงคุณภาพกระจกให้เป็นกระจกนิรภัยสำหรับอาคารและอื่น ๆ,เชียงใหม่,60,รายชื่อสถานประกอบการ,บริษัท กมลพิศาลกระจกนิรภัย จำกัด,193000000,แม่แฝก,2566,สันทราย
2884,คัดแยกวัสดุที่ไม่ใช้แล้วเฉพาะที่กำหนดในหมวด 1 ข้อ 1 ของภาคผนวกที่ 1 บัญชีสิ่งปฏิกูลหรือวัสดุที่ไม่ใช้แล้ว ท้ายประกาศกระทรวงอุตสาหกรรม ฉบับที่ 1 (พ.ศ.2541) เช่น เศษกระดาษ พลาสติก โลหะ และนำตัวทำละลายใช้แล้ว มาผ่านกระบวนการทางอุตสาหกรรม เพื่อนำกลับมาใช้เป็นเชื้อเพลิงทดแทน และนำน้ำมันใช้แล้วมาผ่านกระบวนการทางอุตสาหกรรม เพื่อนำกลับมาใช้เป็นเชื้อเพลิงทดแทน น้ำมันทาแบบและน้ำมันหยอดทิ้ง,เชียงใหม่,7,รายชื่อสถานประกอบการ,ห้างหุ้นส่วนจำกัด วัฒนะปิโตร ซัพพลาย,1250000,ลวงเหนือ,2566,ดอยสะเก็ด
2885,คัดแยกสิ่งปฏิกูลหรือวัสดุที่ไม่ใช้แล้วที่ไม่เป็นของเสียอันตราย,เชียงใหม่,100000,รายชื่อสถานประกอบการ,อรัญญาพลาสติก,0,ท่าวังตาล,2566,สารภี
2886,คัดแยกวัสดุที่ไม่ใช้แล้วที่ไม่เป็นของเสียอันตราย,เชียงใหม่,20000000,รายชื่อสถานประกอบการ,บริษัท ส.รวมเศษ สันทราย จำกัด,0,แม่แฝก,2566,สันทราย
2887,คัดแยกสิ่งปฏิกูลหรือวัสดุที่ไม่ใช้แล้วที่ไม่เป็นของเสียอันตราย เฉพาะเศษกระดาษ เศษพลาสติก เศษโลหะ อัดเศษกระดาษและบดย่อยพลาสติก,เชียงใหม่,11,รายชื่อสถานประกอบการ,ห้างหุ้นส่วนจำกัด ท้าวบุญเรือง,4500000,ข่วงเปา,2566,จอมทอง
2888,คัดแยกวัสดุที่ไม่ใช้แล้วเฉพาะที่กำหนดไว้ในหมวด 1 ข้อ 1 ของภาคผนวกที่ 1 บัญชีสิ่งปฏิกูลหรือวัสดุที่ไม่ใช้แล้วท้ายประกาศกระทรวงอุตสาหกรรม ฉบับที่ 1 (พ.ศ.2541),เชียงใหม่,200000,รายชื่อสถานประกอบการ,ห้างหุ้นส่วนจำกัด บี.บี.บี. เพาเวอร์,0,หารแก้ว,2566,หางดง
2889,ทำเชื้อเพลิงทดแทนจากน้ำมันหล่อลื่นที่ใช้แล้วและตัวทำละลายที่ใช้แล้ว โดยกระบวนการกรองซ่อมและล้างบรรจุภัณฑ์ด้วยตัวทำละลาย และเก็บรวบรวมแบตเตอรี่เก่าโดยไม่มีการแปรสภาพ และดัดแยกวัสดุที่ไม่ใช้แล้วที่ไม่เป็นของเสียอันตราย,เชียงใหม่,1000000,รายชื่อสถานประกอบการ,บริษัท ชินโชติสุทธิธนาภูมิ จำกัด,0,บ้านกลาง,2566,สันป่าตอง
2890,บ่มและอบใบยาสูบ 7.5 ตัน,เชียงใหม่,310,รายชื่อสถานประกอบการ,บริษัท ไซแอมโทแบคโคเอกซ์ปอร์ตคอร์ปอเรชั่น จำกัด,963000000,ยางเนิ้ง,2566,สารภี
2891,ผลิตใบชาแห้งและใบชาผง,เชียงใหม่,0,รายชื่อสถานประกอบการ,บริษัท ชาระมิงค์ จำกัด,0,ท่าศาลา,2566,เมืองเชียงใหม่
2892,ทำน้ำแข็ง ได้วันละ 439 ซอง และทำน้ำแข็งก้อนเล็กได้วันละ 84 ต,เชียงใหม่,2000000,รายชื่อสถานประกอบการ,ห้างหุ้นส่วนจำกัด โรงน้ำแข็งทวีชัยเชียงใหม่,0,ฟ้าฮ่าม,2566,เมืองเชียงใหม่
2893,ทำน้ำแข็งซองได้วันละ 337 ซอง และน้ำแข็งก้อนเล็กได้วันละ 91.44 ตัน,เชียงใหม่,0,รายชื่อสถานประกอบการ,บริษัท โรงน้ำแข็งวังสิงห์คำอุตสาหกรรม จำกัด,0,ช้างม่อย,2566,เมืองเชียงใหม่
2894,ทำน้ำแข็งก้อนเล็ก และน้ำแข็งซอง,เชียงใหม่,100000,รายชื่อสถานประกอบการ,บริษัท วารีเทพ จอมทอง จำกัด,0,ข่วงเปา,2566,จอมทอง
2895,ทำน้ำแข็งซองได้วันละ 760 ซอง และน้ำแข็งก้อนเล็ก 176 ตัน/วัน,เชียงใหม่,1500000,รายชื่อสถานประกอบการ,บริษัท โรงน้ำแข็งรัตนโกสินทร์ จำกัด,0,ช้างเผือก,2566,เมืองเชียงใหม่
2896,ทำน้ำแข็งก้อนเล็กเพิ่มขึ้น 50 ตัน/วัน และผลิตน้ำแข็งซองมีกำลังการผลิต 500 ซอย/วัน,เชียงใหม่,1000000,รายชื่อสถานประกอบการ,ห้างหุ้นส่วนจำกัด โรงน้ำแข็งอภิชัย (2013),0,สันมหาพน,2566,แม่แตง
2897,ทำน้ำแข็งซอง ได้วันละ 1343 ซอง และน้ำเข็งก้อนเล็ก,เชียงใหม่,500000,รายชื่อสถานประกอบการ,โรงน้ำแข็งวังสิงห์คำ,0,ช้างม่อย,2566,เมืองเชียงใหม่
2898,ผลิตน้ำแข็ง,เชียงใหม่,1000000,รายชื่อสถานประกอบการ,บริษัท โรงน้ำแข็งแม่ริม เชียงใหม่ กิจวารี จำกัด,0,สันโป่ง,2566,แม่ริม
2899,ทำน้ำแข็งซอง,เชียงใหม่,11,รายชื่อสถานประกอบการ,โรงน้ำแข็งสารภี,6000000,หนองผึ้ง,2566,สารภี
2900,ผลิตน้ำแข็งหลอด,เชียงใหม่,3000000,รายชื่อสถานประกอบการ,นางภัทรา โตไพบูลย์,0,สันปูเลย,2566,ดอยสะเก็ด
2901,ผลิตน้ำแข็ง,เชียงใหม่,3000000,รายชื่อสถานประกอบการ,บริษัท โรงน้ำแข็ง อ.ลักขณา (ดอยสะเก็ดกิจวารี) จำกัด,0,เชิงดอย,2566,ดอยสะเก็ด
2902,ผลิตน้ำแข็งหลอด,เชียงใหม่,10000000,รายชื่อสถานประกอบการ,บริษัท โรงน้ำแข็งสารภีกิจวารี(เชียงใหม่) จำกัด,0,ชมภู,2566,สารภี
2903,ทำน้ำแข็งซอง ได้วันละ 415 ซอง และน้ำแข็งก้อนเล็ก ได้วันละ 50 ตัน,เชียงใหม่,8,รายชื่อสถานประกอบการ,สโนไอซ์ (สาขา 1),34000000,ช้างม่อย,2566,เมืองเชียงใหม่
2904,อบ ป่น บด เมล็ดพืช หัวพืช เช่นกระเทียมผง กระเทียมเจียว พริกบด ข้าวสารอบแห้ง,เชียงใหม่,52,รายชื่อสถานประกอบการ,บริษัท นิธิฟู้ดส์ จำกัด,100000000,บ้านกลาง,2566,สันป่าตอง
2905,โรงงานอบลำไย,เชียงใหม่,20000000,รายชื่อสถานประกอบการ,บริษัท เอ.อะโกร จำกัด,0,บงตัน,2566,ดอยเต่า
2906,อบพืชผลทางการเกษตร,เชียงใหม่,10000000,รายชื่อสถานประกอบการ,โรงอบลำไยท่าวังพร้าว,0,ท่าวังพร้าว,2566,สันป่าตอง
2907,อบแห้งแบบแอร์ดราย พืช ผัก ผลไม้และเนื้อสัตว์,เชียงใหม่,0,รายชื่อสถานประกอบการ,บริษัท พรีเซิร์ฟ อะโกร โปรดักส์ จำกัด,0,ขี้เหล็ก,2566,แม่ริม
2908,อบพืชผลทางการเกษตร,เชียงใหม่,1500000,รายชื่อสถานประกอบการ,ศ.ชินพงศ์ การค้า,0,เวียง,2566,ฝาง
2909,อบพืชผลทางการเกษตร ปรับปรุงคุณภาพของผลิตผลทางการเกษตร,เชียงใหม่,10,รายชื่อสถานประกอบการ,บริษัท สหซินหลงสารภี จำกัด,20000000,สบเตี๊ยะ,2566,จอมทอง
2910,อบลำใย,เชียงใหม่,30000000,รายชื่อสถานประกอบการ,บริษัท ฟู๋เซิง จำกัด,0,ดอยหล่อ,2566,ดอยหล่อ
2911,อบพืชหรือเมล็ดพืช การเก็บรักษาหรือลำเลียงพืช เมล็ดพืช หรือผลิตผลจากพืชในไซโลโกดัง หรือคลังสินค้า เช่น ข้าวโพด,เชียงใหม่,50,รายชื่อสถานประกอบการ,บริษัท 5เอ เทรดดิ้ง จำกัด,10000000,บ้านแปะ,2566,จอมทอง
2912,อบผลิตผลทางการเกษตร,เชียงใหม่,30,รายชื่อสถานประกอบการ,บริษัท เอส เอ็น พี อะโกร จำกัด,2000000,ท่าวังพร้าว,2566,สันป่าตอง
2913,อบพืชผลทางการเกษตร,เชียงใหม่,3000000,รายชื่อสถานประกอบการ, บริษัท นอร์ท 87 จำกัด,0,แม่แวน,2566,พร้าว
2914,อบพืชผลทางการเกษตร,เชียงใหม่,1000000,รายชื่อสถานประกอบการ,ศรีเจริญ,0,สันทราย,2566,สารภี
2915,อบผลิตผลทางการเกษตร ,เชียงใหม่,15000000,รายชื่อสถานประกอบการ,โรงอบลำไยสรายุทธ,0,ท่ากว้าง,2566,สารภี
2916,อบลำไย,เชียงใหม่,4000000,รายชื่อสถานประกอบการ,บริษัท ชิ่งเฟิง อุตสาหกรรมอาหาร จำกัด,0,ดอยหล่อ,2566,ดอยหล่อ
2917,อบพืชผลทางการเกษตร,เชียงใหม่,10000000,รายชื่อสถานประกอบการ,บริษัท เทียนเฉิน จำกัด,0,ดอยหล่อ,2566,ดอยหล่อ
2918,อบพืชผลทางการเกษตร,เชียงใหม่,60000000,รายชื่อสถานประกอบการ,บริษัท เค.พี.อุตสาหกรรมการผลิต จำกัด,0,แช่ช้าง,2566,สันกำแพง
2919,"ผลิตก้อนเชื้อเห็ดเมืองหนาว ได้ปีละ 6,550 ตัน",เชียงใหม่,20000000,รายชื่อสถานประกอบการ,บริษัท สหฟาร์มเห็ด จำกัด,0,แม่แฝกใหม่,2566,สันทราย
2920,เพาะเห็ด เช่น เห็ดนางรมหลวง,เชียงใหม่,20000000,รายชื่อสถานประกอบการ,บริษัท เชียงใหม่ฟาร์มเห็ด จำกัด,0,แม่แฝกใหม่,2566,สันทราย
2921,ผลิตน้ำดื่มและเครื่องดื่มที่ไม่มีแอลกอฮอล์,เชียงใหม่,48,รายชื่อสถานประกอบการ,บริษัท โอเค ฟู้ดแอนด์เบฟเวอร์เรจ จำกัด,57000000,ทุ่งต้อม,2566,สันป่าตอง
2922,ผลิตน้ำดื่มและทำภาชนะบรรจุจากพลาสติก,เชียงใหม่,40,รายชื่อสถานประกอบการ,บริษัท แร่เบฟเวอเรจ จำกัด,664000000,ปิงโค้ง,2566,เชียงดาว
2923,ฟอกย้อมผ้า และพิมพ์ผ้า,เชียงใหม่,10,รายชื่อสถานประกอบการ,-,2100000,บวกค้าง,2566,สันกำแพง
2924,ย้อมด้าย,เชียงใหม่,200000,รายชื่อสถานประกอบการ,โฟร์สตาร์,0,ช้างคลาน,2566,เมืองเชียงใหม่
2925,ตัดเย็บเสื้อผ้าสำเร็จรูป (จำนวนจักรเย็บผ้า 156 เครื่อง),เชียงใหม่,1000000,รายชื่อสถานประกอบการ,บริษัท ตันติยานันท์ การ์เมนท์ จำกัด,0,หนองจ๊อม,2566,สันทราย
2926,ตัดเย็บเสื้อผ้าสำเร็จรูป (จำนวนจักรเย็บผ้า 90 เครื่อง),เชียงใหม่,1000000,รายชื่อสถานประกอบการ,บริษัท บ้านไทย การ์เมนท์ จำกัด,0,ทรายมูล,2566,สันกำแพง
2927,"ดูดทราย ได้เดือนละ 4,000 ลูกบาศก์เมตร ใบอนุญาตใช้เรือเลขที่ 3650 01226",เชียงใหม่,500000,รายชื่อสถานประกอบการ,สวน-ท่าทรายชลาลัยห้วยชมพู,0,แม่แตง,2566,แม่แตง
2928,แปรรูปไม้โดยใช้เครื่องจักร,เชียงใหม่,2000000,รายชื่อสถานประกอบการ,,0,ดอนเปา,2566,แม่วาง
2929,แปรรูปไม้ยางพาราและไม้ที่ปลูกขึ้นโดยเฉพาะ 13 ชนิด ตามมติคณะรัฐมนตรีเพื่อจำหน่าย,เชียงใหม่,7,รายชื่อสถานประกอบการ,กงกฤษ พันธ์พงษ์,1497000,หนองแหย่ง,2566,สันทราย
2930,เลื่อยไม้,เชียงใหม่,12,รายชื่อสถานประกอบการ,บริษัท เชียงใหม่สุขสวัสดิ์ อุตสาหกรรม จำกัด,4000000,เชิงดอย,2566,ดอยสะเก็ด
2931,เพื่อผลิตไม้แปรรูปหรือชิ้นไม้สับจากไม้ยางพาราและไม้ที่ปลูกขึ้น 13 ชนิด ตามมติคณะรัฐมนตรี เพื่อจำหน่าย,เชียงใหม่,7,รายชื่อสถานประกอบการ,นางต่อมคำ อินใจ,3700000,แม่ข่า,2566,ฝาง
2932,ทำวงกบประตู-หน้าต่างและไม้ปาร์เกต์,เชียงใหม่,12,รายชื่อสถานประกอบการ,นายสมชาย วุฒิธนากร,3750000,ท่าศาลา,2566,เมืองเชียงใหม่
2933,ทำวงกบประตู-หน้าต่าง เครื่องเรือน เครื่องใช้ ปาร์เกตโมเสค ไม้ประสาน ไม้ฉลุ ไม้คิ้ว ไม้บัว ไม้กั้นฝา ไม้กลึง ไม้เชิงราวบันได แกะสลักไม้ กรอบรูปไม้ อบอาบน้ำยาไม้   ,เชียงใหม่,99600000,รายชื่อสถานประกอบการ,บริษัท เชียงใหม่สุขสวัสดิ์ อุตสาหกรรม จำกัด,0,เชิงดอย,2566,ดอยสะเก็ด
2934,ทำวงกบบานประตู หน้าต่าง ปาร์เกต์ โมเสคและเครื่องเรือนจากไม้,เชียงใหม่,200000,รายชื่อสถานประกอบการ,บริษัท เชียงใหม่สุขสวัสดิ์ จำกัด,0,ฟ้าฮ่าม,2566,เมืองเชียงใหม่
2935,ทำวงกบประตูหน้าต่าง และเครื่องเรือนจากไม้,เชียงใหม่,20000000,รายชื่อสถานประกอบการ,บริษัท เชียงใหม่สุดาลักษ์ จำกัด,0,ต้นเปา,2566,สันกำแพง
2936,ทำวงกบประตู-หน้าต่าง โมเสค ปาร์เก้ และเครื่องเรือนจากไม้,เชียงใหม่,5060000,รายชื่อสถานประกอบการ,บริษัท บี.เค.โฮมเฟอร์นิชิ่ง จำกัด,0,ท่าศาลา,2566,เมืองเชียงใหม่
2937,ทำวงกบประตู หน้าต่างและเครื่องเรือนจากไม้,เชียงใหม่,3000000,รายชื่อสถานประกอบการ,,0,ป่าตัน,2566,เมืองเชียงใหม่
2938,ผลิตชิ้นไม้สับจากไม้ที่ปลูกขึ้นโดยเฉพาะ 13 ชนิด ตามมติคณะรัฐมนตรีเพื่อจำหน่าย,เชียงใหม่,100000,รายชื่อสถานประกอบการ,ทรัพย์สมบูรณ์ไม้สับ,0,ดอยหล่อ,2566,ดอยหล่อ
2939,ผลิตเชื้อเพลิงชีวมวลอัดแท่ง,เชียงใหม่,5000000,รายชื่อสถานประกอบการ,ห้างหุ้นส่วนจำกัด สยาม เมนเทแนนซ์ แอนด์ เซอร์วิส,0,บงตัน,2566,ดอยเต่า
2940,อบไม้ ผลิตไม้พื้นปาเกต์ โมเสก ของเด็กเล่น วงกบประตู-หน้าต่าง เครื่องเรือนจากไม้,เชียงใหม่,44,รายชื่อสถานประกอบการ,บริษัท ไม้อบทวีพรรณ จำกัด,8050000,ดอนแก้ว,2566,แม่ริม
2941,ทำเครื่องเรือนจากไม้,เชียงใหม่,3000000,รายชื่อสถานประกอบการ,ห้างหุ้นส่วนจำกัด พจนะศิลป์เฟอร์นิเจอร์,0,วัดเกต,2566,เมืองเชียงใหม่
2942,ทำไม้ปาเก้ เครื่องเรือน,เชียงใหม่,258,รายชื่อสถานประกอบการ,ห้างหุ้นส่วนจำกัด ไทยอินเตอร์เนชั่นแนลแฮนดิคราฟท์,17500000,สันผักหวาน,2566,หางดง
2943,ทำเครื่องเรือนจากไม้,เชียงใหม่,7800000,รายชื่อสถานประกอบการ,หมินเฉินเฟอร์นิเจอร์,0,สุเทพ,2566,เมืองเชียงใหม่
2944,ทำวงกบ บานประตู-หน้าต่างและเครื่องเรือนจากไม้,เชียงใหม่,500000,รายชื่อสถานประกอบการ,นางจินดา ชัยมงคล,0,ท่าศาลา,2566,เมืองเชียงใหม่
2945,ทำเครื่องเรือนด้วยไม้,เชียงใหม่,1100000,รายชื่อสถานประกอบการ,เอส.วี.เฟอร์นิเจอร์,0,วัดเกต,2566,เมืองเชียงใหม่
2946,ทำเครื่องเรือนจากไม้,เชียงใหม่,10000000,รายชื่อสถานประกอบการ,บริษัท ทวีพรรณ เฟอร์นิเจอร์ จำกัด,0,ดอนแก้ว,2566,แม่ริม
2947,ทำกระดาษสา กำลังการผลิต 25 ตันต่อปี,เชียงใหม่,5000000,รายชื่อสถานประกอบการ,บริษัท สยามพรหมประทาน จำกัด,0,สันกำแพง,2566,สันกำแพง
2948,ผลิตแผ่นกระดาษลูกฟูก และกล่องกระดาษ,เชียงใหม่,87,รายชื่อสถานประกอบการ,บริษัท ซี.พี.ดี.ชีทบอร์ด จำกัด,100004172,หนองแฝก,2566,สารภี
2949,ผลิตแผ่นกระดาษลูกฟูกและกล่องกระดาษลูกฟูก,เชียงใหม่,13,รายชื่อสถานประกอบการ,บริษัท ซี.พี.ดี.ชีทบอร์ด จำกัด,15161000,หนองแฝก,2566,สารภี
2950,ฆ่าไก่,เชียงใหม่,700000,รายชื่อสถานประกอบการ,นายนิวัฒน์ ทานสุพรรณ,0,แม่คือ,2566,ดอยสะเก็ด
2951,โรงฆ่าสัตว์ และแปรรูปอาหาร,เชียงใหม่,35,รายชื่อสถานประกอบการ,บริษัท เชียงใหม่กิจมงคล จำกัด,55000000,แม่แตง,2566,แม่แตง
2952,ทำผลิตภัณฑ์จากผึ้ง เช่น น้ำผึ้งบริสุทธิ์ นมผึ้ง รังผึ้งเทียม ขี้ผึ้ง,เชียงใหม่,1000000,รายชื่อสถานประกอบการ,บริษัท หยางซิ่ง (ไทยแลนด์) จำกัด,0,สบแม่ข่า,2566,หางดง
2953,อัดเศษกระดาษ,เชียงใหม่,500000,รายชื่อสถานประกอบการ,ร้านเสี่ยกาย,0,วัดเกต,2566,เมืองเชียงใหม่
2954,ทำผลิตภัณฑ์นม,เชียงใหม่,79,รายชื่อสถานประกอบการ,โรงงานผลิตภัณฑ์นมห้วยแก้ว,19000000,ช้างเผือก,2566,เมืองเชียงใหม่
2955,ผลิตแอสฟัลด์ติกคอนกรีต,เชียงใหม่,3000000,รายชื่อสถานประกอบการ,บริษัท อุดมศักดิ์เชียงใหม่ จำกัด,0,แม่แฝกใหม่,2566,สันทราย
2956, ผลิตแอสฟัลต์ติกคอนกรีต,เชียงใหม่,300000,รายชื่อสถานประกอบการ,บริษัท พีซีเอ็น คอร์ป จำกัด (มหาชน),0,ป่าป้อง,2566,ดอยสะเก็ด
2957,ผลิตภัณฑ์ขวดพลาสติก,เชียงใหม่,20000000,รายชื่อสถานประกอบการ,บริษัท เมก้า พลาสติก จำกัด,0,ไชยสถาน,2566,สารภี
2958,"ผลิตผลิตภัณฑ์พลาสติก เช่น ขวดพลาสติก ได้ปีละ 14,400,000 ใบ",เชียงใหม่,4000000,รายชื่อสถานประกอบการ,บริษัท รวมแพคส์ พลาสติก จำกัด,0,สารภี,2566,สารภี
2959,ทำผลิตภัณฑ์พลาสติก เช่น ขวดพลาสติก จุกขวดพลาสติก,เชียงใหม่,24000000,รายชื่อสถานประกอบการ,บริษัท เชียงใหม่อุตสาหกรรมพลาสติก จำกัด,0,ตลาดขวัญ,2566,ดอยสะเก็ด
2960,ผลิตแผ่นพลาสติกเพื่อการเกษตร,เชียงใหม่,700000,รายชื่อสถานประกอบการ,บริษัท โกลเด็น ไดมอนด์ จำกัด,0,หางดง,2566,หางดง
2961,ทำเครื่องปั้นดินเผา,เชียงใหม่,277,รายชื่อสถานประกอบการ,เปรมประชาคอลเลคชั่น,9500000,ต้นเปา,2566,สันกำแพง
2962,ทำเครื่องปั้นดินเผา,เชียงใหม่,300000,รายชื่อสถานประกอบการ,ศรีวรรณา,0,สารภี,2566,สารภี
2963,ทำเครื่องปั้นดินเผา เช่น กระถางปลูกต้นไม้,เชียงใหม่,50000,รายชื่อสถานประกอบการ,เชียงใหม่เครื่องปั้นดินเผา,0,สันผักหวาน,2566,หางดง
2964,"ผลิตกระเบื้องมุงหลังคา, กระเบื้องปูพื้นและเกล็ดนาค",เชียงใหม่,500000,รายชื่อสถานประกอบการ,โรงงานกระเบื้องเคลือบเวียงพิงค์,0,ดอนแก้ว,2566,แม่ริม
2965,ทำอิฐ,เชียงใหม่,100000,รายชื่อสถานประกอบการ,บริษัท ภราดรอุตสาหกรรม จำกัด,0,หนองควาย,2566,หางดง
2966,ผลิตอิฐบล๊อกและกระเบื้องดินเผา,เชียงใหม่,1983000,รายชื่อสถานประกอบการ,บริษัท ธราดล จำกัด,0,ท่าศาลา,2566,เมืองเชียงใหม่
2967,ผลิตคอนกรีตผสมเสร็จ,เชียงใหม่,500000,รายชื่อสถานประกอบการ,หน่วยผลิตคอนกรีตเชียงใหม่1,0,หนองผึ้ง,2566,สารภี
2968,ผลิตคอนกรีตผสมเสร็จ,เชียงใหม่,200000,รายชื่อสถานประกอบการ,โรงงานคอนกรีตผสมเสร็จ เชียงใหม่-หางดง,0,หนองควาย,2566,หางดง
2969,ผลิตคอนกรีตผสมเสร็จ,เชียงใหม่,4000000,รายชื่อสถานประกอบการ,หน่วยผลิตคอนกรีตเชียงใหม่,0,สารภี,2566,สารภี
2970,ผลิตอิฐมวลเบา อบไอน้ำ,เชียงใหม่,30000000,รายชื่อสถานประกอบการ,บริษัท ไดมอนด์ วัสดุ จำกัด,0,แม่แฝก,2566,สันทราย
2971,ผลิตคอนกรีตผสมเสร็จ,เชียงใหม่,6700000,รายชื่อสถานประกอบการ,โรงงานคอนกรีตผสมเสร็จ เชียงใหม่,0,ท่าศาลา,2566,เมืองเชียงใหม่
2972,ทำคอนกรีตผสมเสร็จ,เชียงใหม่,3,รายชื่อสถานประกอบการ,บริษัท นครหลวงคอนกรีต จำกัด,8765000,ช้างเผือก,2566,เมืองเชียงใหม่
2973,ผลิตพื้นสำเร็จรูป เสาเข็มคอนกรีตอัดแรง ท่อระบายน้ำ,เชียงใหม่,30000000,รายชื่อสถานประกอบการ,บริษัท พิบูลย์คอนกรีต จำกัด,0,แม่แฝก,2566,สันทราย
2974,ทำผลิตภัณฑ์คอนกรีต เช่น เสาเข็ม เสาไฟฟ้า เสารั้ว และพื้นสำเร็จรูป,เชียงใหม่,1000000,รายชื่อสถานประกอบการ,บริษัท ฟ้างามคอนกรีต จำกัด,0,หนองควาย,2566,หางดง
2975,ทำประตูเหล็กยืด หน้าต่างเหล็กและกลึงอะไหล่,เชียงใหม่,500000,รายชื่อสถานประกอบการ,กรโลหะทวีกิจ,0,หายยา,2566,เมืองเชียงใหม่
2976,"ผลิตลวดตาข่ายเหล็กไร้สนิมผสมโครเมี่ยม  และบานประตู-หน้าต่าง ลวดตาข่าย เหล็กไร้สนิมชุบโครเมี่ยม แผ่นโลหะเจาะรู และบานประตู-หน้าต่าง แผ่นโลหะเจาะรู (แผ่นอลูมิเนียม, แผ่นเหล็ก, แผ่นเหล็กชุบเคลือบสังกะสี, แผ่นสแตนเลส)",เชียงใหม่,58310000,รายชื่อสถานประกอบการ,บริษัท แมชเทค อินเตอร์เนชั่นแนล จำกัด,0,สารภี,2566,สารภี
2977,อัดเศษโลหะ,เชียงใหม่,1000000,รายชื่อสถานประกอบการ,ส.วิวัฒน์พานิชย์,0,หนองหอย,2566,เมืองเชียงใหม่
2978,ผลิตตู้โลหะสำหรับใช้ในงาน อิเล็คโทรนิคและโทรคมนาคม,เชียงใหม่,11200000,รายชื่อสถานประกอบการ,บริษัท เชอวาล เทคโนโลยี่ จำกัด,0,แช่ช้าง,2566,สันกำแพง
2979,ชุบโลหะและชุบดอกกล้วยไม้,เชียงใหม่,5000000,รายชื่อสถานประกอบการ,บริษัท สยามรอยัลออคิด จำกัด,0,ป่าบง,2566,สารภี
2980,ซ่อมและทำอุปกรณ์ของเครื่องยนต์,เชียงใหม่,410000,รายชื่อสถานประกอบการ,โรงกลึงหนองประทีป,0,หนองป่าครั่ง,2566,เมืองเชียงใหม่
2981,ผลิต และซ่อมอุปกรณ์ชิ้นส่วนเครื่องยนต์,เชียงใหม่,1000000,รายชื่อสถานประกอบการ,เชียงใหม่บุญเจริญภัณฑ์,0,ช้างเผือก,2566,เมืองเชียงใหม่
2982,ซ่อมเครื่องยนต์,เชียงใหม่,200000,รายชื่อสถานประกอบการ,ห้างหุ้นส่วนจำกัด เชียงใหม่ยนต์กิจ,0,ช้างคลาน,2566,เมืองเชียงใหม่
2983,สกัดน้ำมันพืช,เชียงใหม่,1000000,รายชื่อสถานประกอบการ,บริษัท ชัยเสรี จำกัด,0,หนองผึ้ง,2566,สารภี
2984,"สกัดน้ำมันจากไม้กฤษณา, ทำผงธูป",เชียงใหม่,12,รายชื่อสถานประกอบการ,ท๊อปเจริญผงธูป,5200000,ป่าไผ่,2566,สันทราย
2985,สกัดน้ำมันจากพืช,เชียงใหม่,1000000,รายชื่อสถานประกอบการ,บริษัท ไฟน์ ไบโอ เทคโนโลยี จำกัด,0,สันติสุข,2566,ดอยหล่อ
2986,ซ่อมรถแทรกเตอร์,เชียงใหม่,10000000,รายชื่อสถานประกอบการ,บริษัท สรสิทธิกลการเชียงใหม่ จำกัด,0,วัดเกต,2566,เมืองเชียงใหม่
2987,ผลิตอะไหล่วิทยุโทรทัศน์,เชียงใหม่,24000000,รายชื่อสถานประกอบการ,บริษัท เอลน่า (ประเทศไทย) จำกัด,0,สุเทพ,2566,เมืองเชียงใหม่
2988,ผลิตผลิตภัณฑ์โลหะรวมทั้งชิ้นส่วนโลหะ เช่น ตุ้สำหรับบรรจุอุปกรณ์อิเลคโทรนิคส์และคมนาคม และส่วนประกอบของตู้,เชียงใหม่,93000000,รายชื่อสถานประกอบการ,บริษัท อีจิซเทค จำกัด,0,ออนใต้,2566,สันกำแพง
2989,ทำซอสมะเขือเทศ ผลไม้กระป๋อง,เชียงใหม่,27300000,รายชื่อสถานประกอบการ,บริษัท รอแยลฟู้ดส์ จำกัด,0,ริมเหนือ,2566,แม่ริม
2990,ผลิตผักและผลไม้บรรจุกระป๋อง,เชียงใหม่,300000,รายชื่อสถานประกอบการ,บริษัท สุนันธนา จำกัด,0,หางดง,2566,ฮอด
2991,แปรรูปผลิตผลทางการเกษตร เช่น มะม่วง สับปะรด สตอเบอรี่ มะละกอ บ๊วย และผลผลิตทางการเกษตรอื่น ๆ,เชียงใหม่,25000000,รายชื่อสถานประกอบการ,บริษัท ที.เค.เค.จันทบุรี ฟู้ดส์ จำกัด,0,สันกลาง,2566,สันป่าตอง
2992,การทำอาหารหรือเครื่องดื่มจากผัก พืชหรือผลไม้ และบรรจุในภาชนะที่ผนึกและอากาศเข้าไม่ได้,เชียงใหม่,13,รายชื่อสถานประกอบการ,บริษัท ดีท็อกซ์ (ประเทศไทย) จำกัด,66000000,น้ำแพร่,2566,หางดง
2993,ผลิตผักและผลไม้กระป๋องทุกชนิด,เชียงใหม่,224,รายชื่อสถานประกอบการ,บริษัท 121 เซลเซียส จำกัด,42000000,หนองตอง,2566,หางดง
2994,ผลิตข้าวโพดหวานและผลไม้บรรจุกระป๋อง,เชียงใหม่,30000000,รายชื่อสถานประกอบการ,บริษัท ฝางอินเตอร์ฟูดส์ จำกัด,0,เวียง,2566,ฝาง
2995,ผลิตภัณฑ์พืชผลทางการเกษครบรรจุกระป๋อง,เชียงใหม่,4000000,รายชื่อสถานประกอบการ,บริษัท หยางไทย จำกัด,0,หนองบัว,2566,ไชยปราการ
2996,"ทำเต้าหู้ยี้, ผักดอง, ขิงดอง",เชียงใหม่,260000,รายชื่อสถานประกอบการ,เชียงใหม่ซัวเตียงฮึ้ง,0,ป่าแดด,2566,เมืองเชียงใหม่
2997,ถนอมผัก พืช หรือผลไม้ โดยวิธีทอดและทำให้เยือกแข็งโดยฉับพลัน,เชียงใหม่,0,รายชื่อสถานประกอบการ,บริษัท ลีโอ ฟู้ดส์ จำกัด,0,บ้านกลาง,2566,สันป่าตอง
2998,ผลิตหรือถนอมอาหารจากพืช ผัก และสัตว์พร้อมรับประทาน หรือกึ่งพร้อมรับประทาน,เชียงใหม่,4137000,รายชื่อสถานประกอบการ,บริษัท พรีเมี่ยมฟู้ดส์ จำกัด,0,แม่แฝก,2566,สันทราย
2999,การถนอมผัก พืช หรือผลไม้โดยวิธีกวน ตากแห้ง ดอง หรือทำให้เยือกแข็งโดยฉับพลัน หรือเหือดแห้ง,เชียงใหม่,5000000,รายชื่อสถานประกอบการ,บริษัท ยูเนี่ยน เฟรช (2003) จำกัด,0,แม่แฝก,2566,สันทราย
3000,ผลิตเหยื่อตกปลาประดิษฐ์,เชียงใหม่,3000000,รายชื่อสถานประกอบการ,บริษัท ไทย เอ ฟลาย จำกัด,0,หนองผึ้ง,2566,สารภี
3001,ทำเครื่องเล่นสนาม เช่น ชิงช้า,เชียงใหม่,20000,รายชื่อสถานประกอบการ,โฮมดีไซน์การช่าง,0,หนองป่าครั่ง,2566,เมืองเชียงใหม่
3002,ผลิตดอกไม้แห้ง ดอกไม้ประดิษฐ์ เครื่องหอม ของชำร่วย,เชียงใหม่,1000000,รายชื่อสถานประกอบการ,บริษัท ซิลเวอร์เรน เอ็กซ์ปอร์ต จำกัด,0,ข่วงเปา,2566,จอมทอง
3003,ผลิตพลังงานไฟฟ้าจากพลังงานแสงอาทิตย์ กำลังการผลิต 4.99 เมกะวัตต์,เชียงใหม่,10000000,รายชื่อสถานประกอบการ,บริษัท เข็มเหล็ก จำกัด,0,บ้านแอ่น,2566,ดอยเต่า
3004,ผลิตพลังงานไฟฟ้าจากแสงอาทิตย์ กำลังการผลิต 0.96 เมกะวัตต์,เชียงใหม่,5300000,รายชื่อสถานประกอบการ,บริษัท ไออีซี แม่ทา แม่แตง จำกัด,0,ขี้เหล็ก,2566,แม่แตง
3005,ผลิตพลังงานไฟฟ้าจากแสงอาทิตย์ กำลังการผลิต 0.96 เมกะวัตต์,เชียงใหม่,5300000,รายชื่อสถานประกอบการ,บริษัท ไออีซี แม่ทา แม่แตง จำกัด,0,ขี้เหล็ก,2566,แม่แตง
3006,ผลิตพลังงานไฟฟ้า,เชียงใหม่,325000,รายชื่อสถานประกอบการ,โรงไฟฟ้าพลังความร้อนใต้พิภพฝาง,0,โป่งน้ำร้อน,2566,ฝาง
3007,ผลิตกระแสไฟฟ้าโดยใช้ก๊าซชีวภาพที่เกิดจากการฝังกลบขยะมูลฝอยเป็นเชื้อเพลิง,เชียงใหม่,2000000,รายชื่อสถานประกอบการ,บริษัท จีอาร์-เทค จำกัด,0,บ้านตาล,2566,ฮอด
3008,ผลิตกระแสไฟฟ้าจากก๊าซชีวภาพ,เชียงใหม่,5,รายชื่อสถานประกอบการ,บริษัท ยูเอซี โกลบอล จำกัด (มหาชน),149000000,แม่แตง,2566,แม่แตง
3009,ผลิตพลังงานไฟฟ้าจากก๊าซชีวภาพ กำลังการผลิต 1.063 เมกะวัตต์,เชียงใหม่,1000000,รายชื่อสถานประกอบการ,บริษัท ซัน สวีท จำกัด (มหาชน),0,ทุ่งสะโตก,2566,สันป่าตอง
3010,ผลิตพลังงานไฟฟ้าขายให้กับการไฟฟ้าส่วนภูมิภาค 1 MW,เชียงใหม่,30000000,รายชื่อสถานประกอบการ,ท่าเชียงทอง,0,บ้านตาล,2566,ฮอด
3011,ผลิตพลังงานไฟฟ้าจากก๊าซชีวภาพที่เกิดจากการฝังกลบขยะ กำลังการผลิต 1.063 เมกะวัตต์,เชียงใหม่,30000000,รายชื่อสถานประกอบการ,ดอยช้างพลังงานพอเพียง,0,บ้านตาล,2566,ฮอด
3012,ผลิตพลังงานไฟฟ้าขายให้กับการไฟฟ้าส่วนภูมิภาค,เชียงใหม่,8,รายชื่อสถานประกอบการ,บริษัท โรงไฟฟ้าบ้านตาล จำกัด,84000000,บ้านตาล,2566,ฮอด
3013,ผลิตและจำหน่ายพลังงานไฟฟ้า กำลังการผลิต 0.037 เมกะวัตต์,เชียงใหม่,100000,รายชื่อสถานประกอบการ,วิสาหกิจชุมชนไฟฟ้าพลังน้ำบ้านแม่โจ้,0,บ้านเป้า,2566,แม่แตง
3014,ผลิตก๊าซชีวภาพอัดความดันสูง,เชียงใหม่,5000000,รายชื่อสถานประกอบการ,บริษัท ยูเอซี โกลบอล จำกัด (มหาชน),0,แม่แตง,2566,แม่แตง
3015,สีข้าว กำลังสีสูงสุดของร้านสีข้าว 80 เกวียน/วัน,เชียงใหม่,5000000,รายชื่อสถานประกอบการ,บริษัท โรงสีข้าวยงฟ้าเชียงใหม่ จำกัด,0,หนองป่าครั่ง,2566,เมืองเชียงใหม่
3016,"สีข้าวและอบพืชผลทางการเกษตร,คัดขนาดคุณภาพผลิตผลทางการเกษตร",เชียงใหม่,6,รายชื่อสถานประกอบการ,บริษัท กรรณิการ์ ธัญญกิจ จำกัด,12800000,แม่สาว,2566,แม่อาย
3017,สีข้าว (กำลังสีสูงสุดของร้านสีข้าว 35 เกวียน/วัน),เชียงใหม่,10000000,รายชื่อสถานประกอบการ,โรงสีข้าวเชียงใหม่พลสุริยะ,0,ทุ่งต้อม,2566,สันป่าตอง
3018,สีข้าว (กำลังการผลิตสูงสุด 200 ตัน/วัน อบพืชหรือเมล็ดพืชและเก็บรักษาหรือลำเลียงพืช หรือเมล็ดพืชในไซโล โกดังหรือคลังสินค้า,เชียงใหม่,40,รายชื่อสถานประกอบการ,บริษัท ข้าวล้านนา สนป่าตอง จำกัด,140000000,สง่าบ้าน,2566,ดอยสะเก็ด
3019,ทำแป้งข้าวจ้าว แป้งข้าวเหนียวและทำเส้นหมี่,เชียงใหม่,40,รายชื่อสถานประกอบการ,ห้างหุ้นส่วนจำกัด โรงงานประสบผล,17500000,ป่าตัน,2566,เมืองเชียงใหม่
3020,ทำเต้าหู้หลอด,เชียงใหม่,850000,รายชื่อสถานประกอบการ,บริษัท เชียงใหม่อุตสาหกรรมถั่วเหลือง จำกัด,0,ตลาดขวัญ,2566,ดอยสะเก็ด
3021,ผลิตน้ำประปาสะอาด,เชียงใหม่,50000000,รายชื่อสถานประกอบการ,โรงกรองน้ำเหนือ,0,สันกลาง,2566,สันป่าตอง
3022,บรรจุหีบห่อผลไม้ ห้องเย็นเก็บผักและผลไม้,เชียงใหม่,94,รายชื่อสถานประกอบการ,นางสายจิต วัฒนาการ,54750000,แม่สูน,2566,ฝาง
3023,แช่เย็นพืชผลการเกษตร,เชียงใหม่,0,รายชื่อสถานประกอบการ,บริษัท ทรายทอง โกลเบิลฟรุต จำกัด,0,แม่สูน,2566,ฝาง
3024,ผลิตผัก ผลไม้ เนื้อสัตว์ แช่แข็ง และห้องเย็น,เชียงใหม่,377,รายชื่อสถานประกอบการ,บริษัท ปริ๊นเซสฟูดส์ จำกัด,257977907,ขี้เหล็ก,2566,แม่ริม
3025,ทำห้องเย็นเก็บมันฝรั่ง,เชียงใหม่,4996401755.3,รายชื่อสถานประกอบการ,บริษัท เป๊ปซี่-โคล่า (ไทย) เทรดดิ้ง จำกัด,0,ปงตำ,2566,ไชยปราการ
3026,ห้องเย็น ,เชียงใหม่,70000000,รายชื่อสถานประกอบการ,บริษัท วีพีเอฟ กรุ๊ป (1973) จำกัด,0,ชมภู,2566,สารภี
3027,ห้องเย็น,เชียงใหม่,5000000,รายชื่อสถานประกอบการ,บริษัท เชียงใหม่โฟรเซ่นฟูดส์ จำกัด (มหาชน),0,แม่แฝกใหม่,2566,สันทราย
3028,ซ่อมรถยนต์,เชียงใหม่,300000,รายชื่อสถานประกอบการ,บริษัท ศรีวิรัตน์ การาจ จำกัด,0,วัดเกต,2566,เมืองเชียงใหม่
3029,ซ่อมจักรยานยนต์ เครื่องอีเล็คโทรนิคส์และเครื่องใช้ไฟฟ้าใน,เชียงใหม่,100000,รายชื่อสถานประกอบการ,บริษัท นอร์ท สตาร์ ออโตโมทีฟ จำกัด,0,พระสิงห์,2566,เมืองเชียงใหม่
3030,ซ่อมรถยนต์และกลึงโลหะ,เชียงใหม่,50000,รายชื่อสถานประกอบการ,กวงเฮงเส็ง (สาขา),0,วัดเกต,2566,เมืองเชียงใหม่
3031,ซ่อมตัวถังรถยนต์,เชียงใหม่,10000,รายชื่อสถานประกอบการ,เวียดนามการช่าง,0,ศรีภูมิ,2566,เมืองเชียงใหม่
3032,เคาะพ่นสีรถยนต์,เชียงใหม่,3000000,รายชื่อสถานประกอบการ,บริษัท โตโยต้า เชียงใหม่ จำกัด,0,สุเทพ,2566,เมืองเชียงใหม่
3033,ซัก อบ รีดเสื้อผ้า,เชียงใหม่,500000,รายชื่อสถานประกอบการ,เมืองสมุทรซักรีด,0,ช้างม่อย,2566,เมืองเชียงใหม่
3034,ซัก ฟอก เสื้อผ้าสำเร็จรูป,เชียงใหม่,12000000,รายชื่อสถานประกอบการ,บริษัท แม่ปิงลอนดริ จำกัด,0,หนองผึ้ง,2566,สารภี
3035,ซักฟอกรีดเสื้อผ้า 150 ตัน/ปี,เชียงใหม่,2000000,รายชื่อสถานประกอบการ,บริษัท สยามพรหมประทาน จำกัด,0,สันกำแพง,2566,สันกำแพง
3036,ซัก อบ รีดผ้า,เชียงใหม่,3000000,รายชื่อสถานประกอบการ,ลินินแคร์,0,บวกค้าง,2566,สันกำแพง
3037,อบใบชาผง,เชียงใหม่,20000000,รายชื่อสถานประกอบการ,แก้วภูทอง,0,เวียง,2566,ฝาง
3038,ผลิตผลทางการเกษตร อบแห้ง แบ่งบรรจุ เช่น ผัก ผลไม้อบแห้ง ชาสมุนไพร เครื่องดื่มสมุนไพร และการแบ่งบรรจุกาแฟสำเร็จรูป,เชียงใหม่,40,รายชื่อสถานประกอบการ,บริษัท นราห์ อินดัสตรี จำกัด,15000000,ห้วยทราย,2566,แม่ริม
3039,อบรมควันลำไย,เชียงใหม่,50,รายชื่อสถานประกอบการ,,5500000,สบเตี๊ยะ,2566,จอมทอง
3040,คัดแยกขนาดหรือคุณภาพและกระเทาะเมล็ดหรือเปลือกกาแฟ,เชียงใหม่,11,รายชื่อสถานประกอบการ,บริษัท วีพีพี โปรเกรสซิฟ จำกัด,12200000,อมก๋อย,2566,อมก๋อย
3041,การร่อน คัด หรือแยกขนาดหรือคุณภาพของผลิตผลทางการเกษตร,เชียงใหม่,4,รายชื่อสถานประกอบการ,แสงสุวรรณ์ค้าพืชไร่,15000000,แม่สาว,2566,แม่อาย
3042,คัดแยกคุณภาพเมล็ดข้าว,เชียงใหม่,4,รายชื่อสถานประกอบการ,นางนันทายา ปัญญา,8500000,แม่สาว,2566,แม่อาย
3043,ตัดเย็บเสื้อผ้าสำเร็จรูป,เชียงใหม่,58,รายชื่อสถานประกอบการ,บริษัท ฝ้ายเอื้องคำ จำกัด,3900000,ยางคราม,2566,ดอยหล่อ
3044,ตัดเย็บเสื้อผ้าสำเร็จรูป,เชียงใหม่,24,รายชื่อสถานประกอบการ,ห้างหุ้นส่วนจำกัด เชียงใหม่โรงงานแดง,6500000,ร้องวัวแดง,2566,สันกำแพง
3045,ขุดทราย,เชียงใหม่,1,รายชื่อสถานประกอบการ,ห้างหุ้นส่วนจำกัด พูนสวัสดิ์ก่อสร้าง,20000,ป่าตุ้ม,2566,พร้าว
3046,ร่อนและคัดแยกกรวดทราย,เชียงใหม่,5,รายชื่อสถานประกอบการ,บริษัท ทรายจรูญรัตน์ไพศาล จำกัด,3050000,สบเตี๊ยะ,2566,จอมทอง
3047,ผลิตเครื่องใช้จากไม้ไผ่,เชียงใหม่,28,รายชื่อสถานประกอบการ,นายมานัส บุญพ่วง,1420000,เชิงดอย,2566,ดอยสะเก็ด
3048,ผลิตกล่องกระดาษ,เชียงใหม่,56,รายชื่อสถานประกอบการ,บริษัท ซี พี ดี บรรจุภัณฑ์ จำกัด,21000000,ป่าแดด,2566,เมืองเชียงใหม่
3049,ผลิตอิฐดินเผา,เชียงใหม่,25,รายชื่อสถานประกอบการ,อิฐอนงค์,4330000,แม่สาว,2566,แม่อาย
3050,ผลิตและจำหน่ายอิฐมอญ,เชียงใหม่,16,รายชื่อสถานประกอบการ,อิฐศรีทอง,1440000,แม่สาว,2566,แม่อาย
3051,ทำผลิตภัณฑ์คอนกรีต คอนกรีตผสม และทำคอนกรีตอัดแรง,เชียงใหม่,5,รายชื่อสถานประกอบการ,แอลเคโปรดักส์,7500000,ดอยหล่อ,2566,ดอยหล่อ
3052,ผลิตคอนกรีตผสมเสร็จ,เชียงใหม่,5,รายชื่อสถานประกอบการ,บริษัท พี พี เอส คอนกรีต จำกัด,9500000,ท่าเดื่อ,2566,ดอยเต่า
3053,ผลิตคอนกรีตผสมเสร็จ,เชียงใหม่,5,รายชื่อสถานประกอบการ,ห้างหุ้นส่วนจำกัด ณัฏภูมิ หิน ทราย,1000000,เวียง,2566,ฝาง
3054,การทำ ดัดแปลงหรือซ่อมแซม กลึง คว้าน เจาะ กัด เจียน ตัด ไส ผลิตชิ้นส่วนจักรยานยนต์,เชียงใหม่,4,รายชื่อสถานประกอบการ,บริษัท ยาโมโต จำกัด,9000000,แม่สูน,2566,ฝาง
3055,ผลิต ประกอบ จำหน่าย เครื่องจ่ายน้ำดื่มอัตโนมัติ เครื่องกรองน้ำ,เชียงใหม่,24,รายชื่อสถานประกอบการ,บริษัท สวิส ไทย วอเตอร์ โซลูชั่น จำกัด,18000000,ขุนคง,2566,หางดง
3056,ทำเครื่องมือ เครื่องใช้แพทย์,เชียงใหม่,87,รายชื่อสถานประกอบการ,บริษัท ไบโอเซฟโปรดักส์ จำกัด,36500000,ออนใต้,2566,สันกำแพง
3057,สีข้าว,เชียงใหม่,2,รายชื่อสถานประกอบการ,,950000,ป่าแดด,2566,เมืองเชียงใหม่
3058,สีข้าว,เชียงใหม่,2,รายชื่อสถานประกอบการ,ป.ธัญญเจริญ 2,3200000,แม่สาว,2566,แม่อาย
3059,สีข้าว,เชียงใหม่,3,รายชื่อสถานประกอบการ,โรงสีโชคสิรินัฐ์,2400000,แม่สาว,2566,แม่อาย
3060,สีข้าว,เชียงใหม่,5,รายชื่อสถานประกอบการ,นางสาวรัตติกาล นันตา,4500000,แม่สาว,2566,แม่อาย
3061,สีข้าว,เชียงใหม่,3,รายชื่อสถานประกอบการ,โรงสีข้าวสุวิน,5160000,แม่สาว,2566,แม่อาย
3062,ห้องเย็น,เชียงใหม่,5,รายชื่อสถานประกอบการ,ห้องเย็นรัตนาพืชผลการเกษตร,19000000,ดอยหล่อ,2566,ดอยหล่อ
3063,ผลิตขนมปัง,เชียงใหม่,48,รายชื่อสถานประกอบการ,บริษัท เอส พี ฟาสฟู้ดส์ จำกัด,33000000,สันกลาง,2566,สันกำแพง
3064,ผลิตเบเกอรี่ อาหาร เครื่องดื่ม,เชียงใหม่,230,รายชื่อสถานประกอบการ,ผึ้งน้อยเบเกอรี่,20000000,ช้างเผือก,2566,เมืองเชียงใหม่
3065,"ทำขนมปัง,ขนมเค้ก,ขนมเปี๊ยะ",เชียงใหม่,37,รายชื่อสถานประกอบการ,เปลวทิพย์,13000000,สันกำแพง,2566,สันกำแพง
3066,ผลิตขนมปัง,เชียงใหม่,2000000,รายชื่อสถานประกอบการ,บริษัท นานาฟูดส์เอ็นเตอร์ไพรส์ จำกัด,0,ดอนแก้ว,2566,สารภี
3067,ทำขนมปังหรือขนมเค้ก ไอศกรีม และห้องเย็น,เชียงใหม่,21,รายชื่อสถานประกอบการ,บริษัท เดอะ โวลคาโน่ จำกัด,80000000,ดอนแก้ว,2566,แม่ริม
3068,เบเกอรี่และอาหารสำเร็จรูปพร้อมบริโภค,เชียงใหม่,5000000,รายชื่อสถานประกอบการ,บริษัท ผลิตภัณฑ์เบเกอรี่และอาหารฝ้าย จำกัด,0,ยางเนิ้ง,2566,สารภี
3069,ผลิตอาหารสำเร็จรูป อาหารแช่แข็ง,เชียงใหม่,8,รายชื่อสถานประกอบการ,บริษัท บูโอนิซซิโม จำกัด,4000000,แม่แฝก,2566,สันทราย
3070,ทำเส้นก๋วยเตี๋ยว,เชียงใหม่,7,รายชื่อสถานประกอบการ,เส้นทิพย์,5100000,ต้นเปา,2566,สันกำแพง
3071,การตกแต่งผลิตภัณฑ์ไม้แกะสลัก เช่น การทาสี ทาน้ำมันเคลือบเงา การขัด,เชียงใหม่,24,รายชื่อสถานประกอบการ,ห้างหุ้นส่วนจำกัด ไฬญา,4600000,สันกำแพง,2566,สันกำแพง
3072,"ตบแต่ง, ทำสี, บรรจุผลิตภัณฑ์ไม้แกะสลัก ที่ทำด้วยไม้เนื้ออ่อน (ไม้ฉำฉา, ไม้มะม่วง)",เชียงใหม่,50,รายชื่อสถานประกอบการ,ห้างหุ้นส่วนจำกัด เชียงใหม่ กรีนดีไซน์,22500000,หางดง,2566,หางดง
3073,ทำสีไม้ แกะสลัก,เชียงใหม่,500000,รายชื่อสถานประกอบการ,บริษัท เชียงใหม่ แรม จำกัด,0,บ้านแหวน,2566,หางดง
3074,ผลิตชิ้นส่วน อุปกรณ์ตกแต่งรถยนต์ และพ่นเคลือบสีชิ้นส่วนอุปกรณ์ตกแต่งรถยนต์,เชียงใหม่,30,รายชื่อสถานประกอบการ,บริษัท เจบี. ออโท บิเดค จำกัด,14000000,สองแคว,2566,ดอยหล่อ
3075,ชุบเคลือบผิว,เชียงใหม่,5000000,รายชื่อสถานประกอบการ,บริษัท อีจิซเทค จำกัด,0,ออนใต้,2566,สันกำแพง
3076,ผลิตและประกอบหม้อต้มน้ำร้อน,เชียงใหม่,3000000,รายชื่อสถานประกอบการ,บริษัท เค.พี.เอ็กซ์เพอท เอนจิเนียริ่ง จำกัด,0,แช่ช้าง,2566,สันกำแพง
3077,คัดแยกขยะสิ่งปฏิกูลหรือวัสดุที่ไม่ใช้แล้ว ที่ไม่เป็นของเสียอันตราย และฝั่งกลบสิ่งปฏิกูลหรือวัสดุที่ไม่ใช้แล้วที่ไม่เป็นของเสียอันตราย,เชียงใหม่,5000000,รายชื่อสถานประกอบการ,ห้างหุ้นส่วนจำกัด กลุ่มบ้านตาลพัฒนา,0,บ้านตาล,2566,ฮอด
3078,บ่มใบยาสูบ,เชียงใหม่,2000000,รายชื่อสถานประกอบการ,บริษัท อุตสาหกรรมใบยาสูบไทย จำกัด,0,เขื่อนผาก,2566,พร้าว
3079,สถานีบ่มใบยา สันต้นเปา,เชียงใหม่,2500000,รายชื่อสถานประกอบการ,บริษัท ไซแอม โทแบคโค เอกซ์ปอร์ต คอร์ปอเรชั่น จำกัด,0,ศรีดงเย็น,2566,ไชยปราการ
3080,ผลิตชาสมุนไพร,เชียงใหม่,2000000,รายชื่อสถานประกอบการ,ห้างหุ้นส่วนจำกัด ที แกลเลอรี่ กรุ๊ป (ประะเทศไทย) จำกัด,0,ท่าศาลา,2566,เมืองเชียงใหม่
3081,ผลิตชาแห้งและสมุนไพรแห้ง,เชียงใหม่,1000000,รายชื่อสถานประกอบการ,โรงงานชาแห้ง อารักษ์,0,บ้านช้าง,2566,แม่แตง
3082,ผลิตใบชาแห้ง และใบชาผง,เชียงใหม่,2000000,รายชื่อสถานประกอบการ,บริษัท ชาไทย อินเตอร์เนชั่นแนล จำกัด,0,อินทขิล,2566,แม่แตง
3083,ทำไอศครีม,เชียงใหม่,100000,รายชื่อสถานประกอบการ,ไอศกรีมป่าตัน,0,ป่าตัน,2566,เมืองเชียงใหม่
3084,ผลิตกาแฟคั่วและบดพร้อมบรรจุซอง,เชียงใหม่,1000000,รายชื่อสถานประกอบการ,บริษัท บีเจซี เมก้า มาร์เก็ต จำกัด,0,สันผีเสื้อ,2566,เมืองเชียงใหม่
3085,ผลิตกาแฟคั่วและบดพร้อมบรรจุซอง,เชียงใหม่,20000000,รายชื่อสถานประกอบการ,บริษัท พานาคอฟฟี่ จำกัด,0,ลวงเหนือ,2566,ดอยสะเก็ด
3086,"คั่ว บด หรือป่นกาแฟ หรือการทำกาแฟผง ,ผลิตใบชาแห้ง และใบชาผง",เชียงใหม่,45,รายชื่อสถานประกอบการ,บริษัท ฮิลล์คอฟฟ์ จำกัด,127000000,อินทขิล,2566,แม่แตง
3087,บ่มใบยาสูบ,เชียงใหม่,500000,รายชื่อสถานประกอบการ,สถานีบ่มใบยาบ้านกาด,0,บ้านกาด,2566,แม่วาง
3088,ผลิตเครื่องปรุงรสอาหาร,เชียงใหม่,15000000,รายชื่อสถานประกอบการ,บริษัท นิธิฟู้ดส์ จำกัด,0,บ้านกลาง,2566,สันป่าตอง
3089,เครื่องปรุงหรือเครื่องประกอบอาหาร,เชียงใหม่,14,รายชื่อสถานประกอบการ,บริษัท เอี่ยมกสิกิจ จำกัด,19500000,บ้านกลาง,2566,สันป่าตอง
3090,ผลิตอาหารและเครื่องดื่ม,เชียงใหม่,36,รายชื่อสถานประกอบการ,บริษัท ปลูกผักเพราะรักแม่ จำกัด,135000000,เชิงดอย,2566,ดอยสะเก็ด
3091,ทำน้ำแข็งก้อนเล็ก,เชียงใหม่,300000,รายชื่อสถานประกอบการ,มีสุขเจ้าสำราญ,0,ป่าตัน,2566,เมืองเชียงใหม่
3092,ทำน้ำแข็งด้อนเล็ก ได้วันละ 10 ตัน,เชียงใหม่,100000,รายชื่อสถานประกอบการ,หฤดลพานิช,0,ป่าตุ้ม,2566,พร้าว
3093,ผลิตน้ำแข็ง,เชียงใหม่,1000000,รายชื่อสถานประกอบการ,โรงน้ำแข็งสุขสมนึก,0,ต้นเปา,2566,สันกำแพง
3094,ทำน้ำแข็งก้อนเล็กขนาด 8 ตัน/วัน,เชียงใหม่,1000000,รายชื่อสถานประกอบการ,สโนไอซ์,0,ป่าตัน,2566,เมืองเชียงใหม่
3095,ผลิตน้ำแข็งก้อนเล็ก (30 ตัน/วัน) และผลิตน้ำแข็งซอง (400 ซอง/วัน),เชียงใหม่,200000,รายชื่อสถานประกอบการ,โรงน้ำแข็งสันป่าตอง,0,ยุหว่า,2566,สันป่าตอง
3096,ทำน้ำแข็งก้อนเล็กและน้ำแข็งซอง,เชียงใหม่,2000000,รายชื่อสถานประกอบการ,โรงน้ำแข็งรัตนโกสินทร์ สันทราย,0,สันผีเสื้อ,2566,เมืองเชียงใหม่
3097,ผลิตน้ำแข็งก้อนเล็ก,เชียงใหม่,300000,รายชื่อสถานประกอบการ,โรงน้ำแข็งสุขเสรี,0,สันโป่ง,2566,แม่ริม
3098,ผลิตน้ำแข็ง,เชียงใหม่,1000000,รายชื่อสถานประกอบการ,นายอนุวัต ใจดี,0,สันกำแพง,2566,สันกำแพง
3099,ผลิตน้ำแข็งหลอด และน้ำแข็งซอง,เชียงใหม่,10,รายชื่อสถานประกอบการ,ห้างหุ้นส่วนจำกัด โรงน้ำแข็งดอยอินทนนท์,16000000,ดอยหล่อ,2566,ดอยหล่อ
3100,ทำน้ำแข็งก้อนเล็ก,เชียงใหม่,0,รายชื่อสถานประกอบการ,ห้างหุ้นส่วนจำกัด โรงน้ำแข็งแม่โจ้,0,หนองหาร,2566,สันทราย
3101,ผลิตน้ำแข็งหลอด,เชียงใหม่,500000,รายชื่อสถานประกอบการ,สโนว์ไอซ์ ยูนิค,0,บ้านกลาง,2566,สันป่าตอง
3102,ทำน้ำแข็งหลอดและน้ำแข็งซอง,เชียงใหม่,2000000,รายชื่อสถานประกอบการ,โรงน้ำแข็งไชยปราการ,0,ปงตำ,2566,ไชยปราการ
3103,ผลิตน้ำแข็ง,เชียงใหม่,700000,รายชื่อสถานประกอบการ,บริษัท วารีเทพ แม่อาย จำกัด,0,มะลิกา,2566,แม่อาย
3104,ผลิตน้ำแข็ง,เชียงใหม่,5000000,รายชื่อสถานประกอบการ,ห้างหุ้นส่วนจำกัด สุขเสรี เอส ไอ ซี,0,เชียงดาว,2566,เชียงดาว
3105,ทำน้ำแข็งก้อนเล็ก น้ำแข็งซอง,เชียงใหม่,2000000,รายชื่อสถานประกอบการ,บริษัท วารีเทพ สบเตี๊ยะ จำกัด,0,สบเตี๊ยะ,2566,จอมทอง
3106,ผลิตน้ำแข็งหลอด,เชียงใหม่,500000,รายชื่อสถานประกอบการ,โรงน้ำแข็งนิมรุ่งเรือง,0,แม่เหียะ,2566,เมืองเชียงใหม่
3107,ผลิตน้ำแข็งหลอด,เชียงใหม่,1000000,รายชื่อสถานประกอบการ,โรงน้ำแข็ง วีไอซี จอมทอง,0,ข่วงเปา,2566,จอมทอง
3108,ทำน้ำแข็งก้อนเล็กและน้ำแข็งซอง,เชียงใหม่,14,รายชื่อสถานประกอบการ,ห้างหุ้นส่วนจำกัด โรงน้ำแข็งไชยปราการฝาง,25000000,เวียง,2566,ฝาง
3109,ทำน้ำแข็ง,เชียงใหม่,3000000,รายชื่อสถานประกอบการ,บริษัท โรงน้ำแข็งเวียงทิพย์วารี (เชียงใหม่) จำกัด,0,ป่าไผ่,2566,สันทราย
3110,ผลิตน้ำแข็งหลอด,เชียงใหม่,3000000,รายชื่อสถานประกอบการ,ห้างหุ้นส่วนจำกัด วารีเทพ เชียงใหม่,0,สันกำแพง,2566,สันกำแพง
3111,ผลิตน้ำแข็งหลอด,เชียงใหม่,200000,รายชื่อสถานประกอบการ,โรงน้ำแข็งมีสุขเจ้าสำราญ สันกำแพง,0,สันกำแพง,2566,สันกำแพง
3112,ผลิตและจำหน่ายน้ำแข็ง,เชียงใหม่,1000000,รายชื่อสถานประกอบการ,ล้านนาไอซ์ แฟคโทรี่ เอ็นจิเนียริ่ง,0,ตลาดใหญ่,2566,ดอยสะเก็ด
3113,ผลิตน้ำแข็งหลอด และน้ำแข็งซอง,เชียงใหม่,4000000,รายชื่อสถานประกอบการ,โรงน้ำแข็ง มีสุขเจ้าสำราญ แม่แจ่ม,0,ช่างเคิ่ง,2566,แม่แจ่ม
3114,ทำน้ำแข็งหลอดและน้ำแข็งซอง,เชียงใหม่,7,รายชื่อสถานประกอบการ,โรงน้ำแข็งยศดำรงค์พร้าว,14220000,เวียง,2566,พร้าว
3115,ผลิตน้ำแข็งซอง,เชียงใหม่,3000000,รายชื่อสถานประกอบการ,โรงงานน้ำแข็งธารทอง,0,หางดง,2566,ฮอด
3116,ทำน้ำแข็งก้อนเล็ก,เชียงใหม่,2000000,รายชื่อสถานประกอบการ,นางสาวคุณีกร โตไพบูลย์,0,ขี้เหล็ก,2566,แม่แตง
3117,โรงงานผลิตน้ำแข็งหลอด,เชียงใหม่,1000000,รายชื่อสถานประกอบการ,โรงน้ำแข็ง มีสุขเจ้าสำราญ สาขาแม่ริม,0,ห้วยทราย,2566,แม่ริม
3118,ผลิตน้ำแข็ง,เชียงใหม่,10,รายชื่อสถานประกอบการ,โรงน้ำแข็งมีสุขเจ้าสำราญ ดอยเต่า,7000000,ท่าเดื่อ,2566,ดอยเต่า
3119,ทำน้ำแข็งก้อนเล็ก,เชียงใหม่,200000,รายชื่อสถานประกอบการ,,0,ยางเนิ้ง,2566,สารภี
3120,ผลิตน้ำแข็ง,เชียงใหม่,14,รายชื่อสถานประกอบการ,โรงน้ำแข็งเชียงใหม่กิจวารี,11400000,หารแก้ว,2566,หางดง
3121,ผลิตน้ำแข็งหลอด,เชียงใหม่,3000000,รายชื่อสถานประกอบการ,โรงน้ำแข็งเชียงใหม่ไอซ์,0,แช่ช้าง,2566,สันกำแพง
3122,ผลิตน้ำแข็งหลอดเล็กและหลอดใหญ่,เชียงใหม่,500000,รายชื่อสถานประกอบการ,โรงน้ำแข็งเพชรงามรุ่งเรือง,0,หนองหาร,2566,สันทราย
3123,ผลิตน้ำแข็งหลอด,เชียงใหม่,500000,รายชื่อสถานประกอบการ,ห้างหุ้นส่วนจำกัด โรงงานน้ำแข็งธารทอง,0,ท่าวังตาล,2566,สารภี
3124,โรงงานทำน้ำแข็งก้อนเล็ก,เชียงใหม่,500000,รายชื่อสถานประกอบการ,นางสาวคุณาพร โตไพบูลย์,0,เวียง,2566,ฝาง
3125,ผลิตน้ำแข็งหลอด,เชียงใหม่,2000000,รายชื่อสถานประกอบการ,โรงน้ำแข็งบ้านน้อย,0,สันกำแพง,2566,สันกำแพง
3126,ทำน้ำแข็งซอง,เชียงใหม่,1000000,รายชื่อสถานประกอบการ,โรงน้ำแข็งซองสุขสมนึก,0,หารแก้ว,2566,หางดง
3127,ผลิตน้ำแข็ง,เชียงใหม่,1000000,รายชื่อสถานประกอบการ,ห้างหุ้นส่วนจำกัด โรงน้ำแข็งแม่ริม,0,ริมใต้,2566,แม่ริม
3128,ทำน้ำแข็งหลอด,เชียงใหม่,1000,รายชื่อสถานประกอบการ,วี.ที.ไอซ์,0,ขุนคง,2566,หางดง
3129,ผลิตน้ำแข็งหลอด,เชียงใหม่,1500000,รายชื่อสถานประกอบการ,นายรุ่งโรจน์ เข็มขาว,0,สันผีเสื้อ,2566,เมืองเชียงใหม่
3130,ผลิตน้ำแข็ง,เชียงใหม่,1000000,รายชื่อสถานประกอบการ,วี.ไอ.ซี. เจดีย์แม่ครัว,0,แม่แฝกใหม่,2566,สันทราย
3131,ทำน้ำแข็งก้อนเล็ก,เชียงใหม่,1000000,รายชื่อสถานประกอบการ,ห้างหุ้นส่วนจำกัด ไอยรินทร์ไอซ์,0,แช่ช้าง,2566,สันกำแพง
3132,ผลิตอาหารสัตว์,เชียงใหม่,1000000,รายชื่อสถานประกอบการ,วิวรรณเทคโนโลยี,0,สบแม่ข่า,2566,หางดง
3133,ผลิตอาหารสัตว์และสารผสมล่วงหน้าสำหรับสัตว์,เชียงใหม่,3000000,รายชื่อสถานประกอบการ,โรงงานผลิตอาหารสัตว์,0,สันนาเม็ง,2566,สันทราย
3134,ผลิตอาหารสัตว์,เชียงใหม่,130000000,รายชื่อสถานประกอบการ,บริษัท ลิ้มศักดากุลอุตสาหกรรมการเกษตร(ไทยแลนด์)จำกัด,0,สันปูเลย,2566,ดอยสะเก็ด
3135,ผลิตอาหารสัตว์ เช่นอาหารไก่จากข้าวโพด อบพืชผลทางการเกษตร เช่นข้าวโพดอบ และลำเลียงเก็บรักษาในไซโล,เชียงใหม่,6,รายชื่อสถานประกอบการ,บริษัท รุ่งทองคำอะกริเทรค จำกัด,20000000,แม่แฝก,2566,สันทราย
3136,ผลิตอาหารสัตว์,เชียงใหม่,90000000,รายชื่อสถานประกอบการ,บริษัท มงคลแอนด์ซันส์ฟาร์ม จำกัด,0,แม่แตง,2566,แม่แตง
3137,บด ป่น และผสมอาหารสัตว์,เชียงใหม่,1000000,รายชื่อสถานประกอบการ,นายสมพล ยศเดช,0,สันกลาง,2566,สันป่าตอง
3138,ผลิตเบียร์สด,เชียงใหม่,0,รายชื่อสถานประกอบการ,โรงเบียร์เชียงใหม่เยอรมัน,0,หนองป่าครั่ง,2566,เมืองเชียงใหม่
3139,"อบเมล็ดพืช เช่น ข้าวเปลือก,ข้าวโพด ฯลฯ",เชียงใหม่,1000000,รายชื่อสถานประกอบการ,ห้างหุ้นส่วนจำกัด โรงสีข้าวรวงทองเชียงใหม่,0,เชิงดอย,2566,ดอยสะเก็ด
3140,ผลิตต้นหอมอบแห้ง,เชียงใหม่,5000000,รายชื่อสถานประกอบการ,บริษัท เชียงรายฟูด จำกัด,0,แม่งอน,2566,ฝาง
3141,อบลำไย,เชียงใหม่,4200000,รายชื่อสถานประกอบการ,ห้างหุ้นส่วนจำกัด เอกธนเกษตร,0,บ้านกลาง,2566,สันป่าตอง
3142,อบผลิตผลทางการเกษตร,เชียงใหม่,4,รายชื่อสถานประกอบการ,นายรักพงศ์ เชิดสถิรกุล,57500000,เชิงดอย,2566,ดอยสะเก็ด
3143,อบพืชผลทางการเกษตร,เชียงใหม่,15000000,รายชื่อสถานประกอบการ,โรงอบข้าวรุ่งจรัญไรซ์,0,แม่สาว,2566,แม่อาย
3144,อบข้าวเปลือก,เชียงใหม่,2,รายชื่อสถานประกอบการ,โรงอบข้าว ทรัพย์เกษม,17500000,แม่สาว,2566,แม่อาย
3145,อบพืชผลทางการเกษตร,เชียงใหม่,12,รายชื่อสถานประกอบการ,โรงอบข้าวทรัพย์ดวงทิพย์,36000000,แม่สาว,2566,แม่อาย
3146,อบพืชผลทางการเกษตร ปรับปรุงคุณภาพของผลิตผลทางการเกษตร และห้องเย็น,เชียงใหม่,15,รายชื่อสถานประกอบการ,บริษัท เอส ดี อินเตอร์ ฟู้ดส์ จำกัด,31000000,สองแคว,2566,ดอยหล่อ
3147,อบพืชผลทางการเกษตรและสีข้าว,เชียงใหม่,5,รายชื่อสถานประกอบการ,บริษัท สมชายค้าข้าว จำกัด,38000000,เวียง,2566,ฝาง
3148,อบผลิตผลทางการเกษตร อาทิ ลำไย,เชียงใหม่,50,รายชื่อสถานประกอบการ,ศรีเจริญ,24000000,สันทราย,2566,สารภี
3149,"อบพืชผลทางการเกษตร เช่น ลำไย, ร่อน ล้าง คัด หรือแยกขนาดลำไย และห้องเย็นในการเก็บรักษาพืชผลทางการเกษตร",เชียงใหม่,0,รายชื่อสถานประกอบการ,บริษัท หยวน เซิ่ง เฟรช จำกัด,135000000,สบเตี๊ยะ,2566,จอมทอง
3150,อบพืชผลทางการเกษตร,เชียงใหม่,10000000,รายชื่อสถานประกอบการ,บริษัท สมชายค้าข้าว จำกัด,0,เวียง,2566,ฝาง
3151,อบผลิตผลทางการเกษตร,เชียงใหม่,1000000,รายชื่อสถานประกอบการ,ศุภชัย,0,มะขามหลวง,2566,สันป่าตอง
3152,อบพืชผลทางการเกษตร,เชียงใหม่,3000000,รายชื่อสถานประกอบการ,บริษัท รุ่งเจริญพืชผล จำกัด,0,ดอยหล่อ,2566,ดอยหล่อ
3153,อบพืชผลทางการเกษตร,เชียงใหม่,1000000,รายชื่อสถานประกอบการ,โรงอบทิพย์ธารา,0,เวียง,2566,ฝาง
3154,อบพืชผลทางการเกษตร,เชียงใหม่,2000000,รายชื่อสถานประกอบการ,โรงอบข้าวสามหนึ่ง,0,แม่อาย,2566,แม่อาย
3155,อบผลิตผลการเกษตร,เชียงใหม่,7,รายชื่อสถานประกอบการ,บริษัท โอเค อินเตอร์เฟรช (ประเทสไทย) จำกัด,23100000,สบเตี๊ยะ,2566,จอมทอง
3156,อบพืชผลทางการเกษตร,เชียงใหม่,2000000,รายชื่อสถานประกอบการ,-,0,เขื่อนผาก,2566,พร้าว
3157,อบพืชผลทางการเกษตร ทุกชนิด เช่น ลำไย ข้าวโพด พริก และอื่นๆ,เชียงใหม่,3000000,รายชื่อสถานประกอบการ,บริษัท ลพบุรี พาวเวอร์ จำกัด,0,เขื่อนผาก,2566,พร้าว
3158,อบพืชผลทางการเกษตรกรรม,เชียงใหม่,500000000,รายชื่อสถานประกอบการ,บริษัท เชียงใหม่เฟรช โปรดักส์ จำกัด,0,ทุ่งสะโตก,2566,สันป่าตอง
3159,อบ บด ป่น ย่อย พืชและเมล็ดพืช,เชียงใหม่,3000000,รายชื่อสถานประกอบการ,บริษัท เอี่ยมกสิกิจ จำกัด,0,บ้านกลาง,2566,สันป่าตอง
3160,อบลำไย,เชียงใหม่,500000,รายชื่อสถานประกอบการ,ฟ้าเจริญพร,0,สบเตี๊ยะ,2566,จอมทอง
3161,อบแห้งพืชผลทางการเกษตร,เชียงใหม่,10000000,รายชื่อสถานประกอบการ,บริษัท สุภิราชการเกษตร จำกัด,0,แม่ปั๋ง,2566,พร้าว
3162,อบพืชผลทางการเกษตร,เชียงใหม่,53500000,รายชื่อสถานประกอบการ,บริษัท เชียงใหม่เฟรช โปรดักส์ จำกัด,0,ทุ่งสะโตก,2566,สันป่าตอง
3163,อบพืชผลทางการเกษตร,เชียงใหม่,20000000,รายชื่อสถานประกอบการ,โรงอบ โฮภาส กอนแสง,0,แม่แฝก,2566,สันทราย
3164,ผลิตผลไม้อบกรอบ,เชียงใหม่,5000000,รายชื่อสถานประกอบการ,บริษัท ทีดับบลิว ฟู๊ด จำกัด,0,แม่แฝกใหม่,2566,สันทราย
3165,อบเมล็ดพืชทางการเกษตรกรรม,เชียงใหม่,31,รายชื่อสถานประกอบการ,บริษัท ไทยแอดวานซ์การเกษตร จำกัด,50100000,แม่แฝกใหม่,2566,สันทราย
3166,อบพืชผลทางการเกษตร,เชียงใหม่,5000000,รายชื่อสถานประกอบการ,วงค์ตะวันพืชผล,0,แม่แวน,2566,พร้าว
3167,อบผลิตผลทางการเกษตร อาทิ ลำไย,เชียงใหม่,7000000,รายชื่อสถานประกอบการ,ชายบุษรา,0,สันทราย,2566,สารภี
3168,อบพืชผลทางการเกษตร,เชียงใหม่,5000000,รายชื่อสถานประกอบการ,นางชนากานต์ บุญศรี,0,สันทราย,2566,สารภี
3169,ทำลำใยอบแห้งและเพาะเห็ด,เชียงใหม่,18,รายชื่อสถานประกอบการ,อินเตอร์ ฟาร์ม,19000000,แม่แฝก,2566,สันทราย
3170,อบพืชผลทางการเกษตร,เชียงใหม่,2,รายชื่อสถานประกอบการ,บริษัท นอร์ท 87 จำกัด,20000000,แม่แวน,2566,พร้าว
3171,อบพืชผลทางการเกษตรและสีข้าว,เชียงใหม่,7,รายชื่อสถานประกอบการ,โรงสีข้าวดวงทิพย์,23000000,แม่สาว,2566,แม่อาย
3172,อบลำไย,เชียงใหม่,20,รายชื่อสถานประกอบการ,บริษัท อาหารเชียงใหม่อุตสาหกรรม จำกัด,13000000,บ้านกลาง,2566,สันป่าตอง
3173,อบพืชผลทางการเกษตร,เชียงใหม่,7000000,รายชื่อสถานประกอบการ,บริษัท บีเอส แอนด์ เคดี เชน แมนเนจเม้นท์ จำกัด,0,ข่วงเปา,2566,จอมทอง
3174,อบพืชผลทางการเกษตร,เชียงใหม่,5000000,รายชื่อสถานประกอบการ,ทรัพย์ไพลิน,0,แม่สาว,2566,แม่อาย
3175,อบผลิตผลทางการเกษตร,เชียงใหม่,5500000,รายชื่อสถานประกอบการ,ศ.ปวริศา การค้า,0,แม่คะ,2566,ฝาง
3176,อบพืชผลทางการเกษตร,เชียงใหม่,3000000,รายชื่อสถานประกอบการ,นายนิตย์พันธ์ แก้วคำมูล,0,แม่สาว,2566,แม่อาย
3177,"อบพืชผลทางการเกษตร เช่นลำไย,พริก,ข้างโพด,ใบยาสูบฯลฯ",เชียงใหม่,20,รายชื่อสถานประกอบการ,รัตนาพืชผลการเกษตร,30248000,ดอยหล่อ,2566,ดอยหล่อ
3178,อบแห้งสินค้าการเกษตร,เชียงใหม่,10000000,รายชื่อสถานประกอบการ,สหกรณ์การเกษตรสันป่าตอง จำกัด,0,ทุ่งสะโตก,2566,สันป่าตอง
3179,อบพืชผลทางการเกษตร,เชียงใหม่,5000000,รายชื่อสถานประกอบการ,โรงอบดวงดีสีข้าว,0,แม่สาว,2566,แม่อาย
3180,อบและกะเทาะเมล็ดข้าวโพด,เชียงใหม่,8000000,รายชื่อสถานประกอบการ,บริษัท อีสท์ เวสท์ ซีด จำกัด,0,แม่แฝกใหม่,2566,สันทราย
3181,"ผลิตผลไม้และพืชผลทางการเกษตรอบแห้ง อาธิ ลำไยอบแห้ง,ลิ้นจี่อบแห้ง",เชียงใหม่,5000000,รายชื่อสถานประกอบการ,นายชาคริต เชาว์ดำรงค์,0,บ้านกลาง,2566,สันป่าตอง
3182,ทำความสะอาดและอบข้าวโพดสำหรับเลี้ยงสัตว์,เชียงใหม่,4000000,รายชื่อสถานประกอบการ,บริษัท โฟร์ ที จำกัด,0,ดอยหล่อ,2566,ดอยหล่อ
3183,อบผลิตผลการเกษตร,เชียงใหม่,20000000,รายชื่อสถานประกอบการ,ฟาร์มผึ้งชัยเฮง,0,ดอนแก้ว,2566,สารภี
3184,อบพืชผลทางการเกษตร,เชียงใหม่,10000000,รายชื่อสถานประกอบการ,บริษัท เนตรนิมิตค้าข้าว จำกัด,0,เวียง,2566,ฝาง
3185,อบพืชผลทางการเกษตร อาธิ ลำไย,เชียงใหม่,10000000,รายชื่อสถานประกอบการ,อำไพพรรณ การเกษตร,0,บ้านกาด,2566,แม่วาง
3186,อบผลิตผลทางการเกษตร อาทิ ลำไย และห้องเย็นเก็บลำไย,เชียงใหม่,50,รายชื่อสถานประกอบการ,นางวิลัยวรรณ์ เฉิน,40000000,หนองแฝก,2566,สารภี
3187,อบแห้งพืชผลทางการเกษตร,เชียงใหม่,15000000,รายชื่อสถานประกอบการ,นายเกียรติชัย แสงปัญญา,0,หนองแฝก,2566,สารภี
3188,อบพืชผลทางการเกษตร,เชียงใหม่,10000000,รายชื่อสถานประกอบการ,วัชระกิจ,0,แม่สาว,2566,แม่อาย
3189,อบพืชผลทางการเกษตร,เชียงใหม่,3000000,รายชื่อสถานประกอบการ,บริษัท โอเค เฟรชฟรุ๊ตส์ (ประเทศไทย) จำกัด,0,สบเตี๊ยะ,2566,จอมทอง
3190,อบพืชผลทางการเกษตร,เชียงใหม่,1000000,รายชื่อสถานประกอบการ,โกดังเหลือง,0,แม่แวน,2566,พร้าว
3191,โรงอบข้าว,เชียงใหม่,150000000,รายชื่อสถานประกอบการ,ห้างหุ้นส่วนจำกัด เชียงใหม่อินเตอร์ไรซ์,0,สันพระเนตร,2566,สันทราย
3192,อบลดความชื้นข้าวเปลือก,เชียงใหม่,10000000,รายชื่อสถานประกอบการ,โรงอบสหกรณ์การเกษตรพร้าว จำกัด,0,เวียง,2566,พร้าว
3193,อบผลิตผลทางการเกษตร,เชียงใหม่,50000000,รายชื่อสถานประกอบการ,ศ.ชินพงศ์ การค้า,0,เวียง,2566,ฝาง
3194,อบพืชผลการเกษตร,เชียงใหม่,1500000,รายชื่อสถานประกอบการ,บริษัท เค.พี (จอมทอง) จำกัด,0,บ้านแปะ,2566,จอมทอง
3195,อบพืชผลทางการเกษตร สีข้าว และคัดคุณภาพข้าว,เชียงใหม่,5000000,รายชื่อสถานประกอบการ,โรงอบข้าวแสงสุวรรณ,0,เวียง,2566,ฝาง
3196,อบพืชผลทางการเกษตร,เชียงใหม่,48,รายชื่อสถานประกอบการ,บริษัท บีเอส แอนด์ เคดี เชน แมนเนจเม้นท์ จำกัด,14500000,ข่วงเปา,2566,จอมทอง
3197,อบพืชผลทางการเกษตร,เชียงใหม่,25000000,รายชื่อสถานประกอบการ,กัญญารัตน์,0,ขัวมุง,2566,สารภี
3198,อบเมล็ดธัญพืช,เชียงใหม่,5000000,รายชื่อสถานประกอบการ,จิรชัยพืชผล,0,แม่นาจร,2566,แม่แจ่ม
3199,อบผลิตผลการเกษตร,เชียงใหม่,2000000,รายชื่อสถานประกอบการ,ถนอมทรัพย์พืชผลการเกษตร,0,เขื่อนผาก,2566,พร้าว
3200,อบเมล็ดพืช และเก็บรักษาเมล็ดพืชหรือผลิตผลจากพืชในไซโล,เชียงใหม่,16,รายชื่อสถานประกอบการ,บริษัท ลิ้มศักดากุลอุตสาหกรรมการเกษตร (ไทยแลนด์) จำกัด,176980000,สันปูเลย,2566,ดอยสะเก็ด
3201,อบพืชผลทางการเกษตร,เชียงใหม่,3000000,รายชื่อสถานประกอบการ,สีดาการเกษตร,0,ท่าวังพร้าว,2566,สันป่าตอง
3202,อบมันสำปะหลัง และพืชผลทางการเกษตร,เชียงใหม่,20000000,รายชื่อสถานประกอบการ,บริษัท ส้มปรีชา-ฝาง 1991 จำกัด,0,เวียง,2566,ฝาง
3203,อบข้าว,เชียงใหม่,5000000,รายชื่อสถานประกอบการ,กิตเจริญ,0,แม่สาว,2566,แม่อาย
3204,อบผลิตผลทางการเกษตร,เชียงใหม่,1000000,รายชื่อสถานประกอบการ,บริษัท ซี.พี.เอ็ม อโกร จำกัด,0,แม่แวน,2566,พร้าว
3205,อบผลิตผลทางการเกษตร,เชียงใหม่,8000000,รายชื่อสถานประกอบการ,แม่อายไรซ์มิลล์,0,สันต้นหมื้อ,2566,แม่อาย
3206,อบพืชผลทางการเกษตร,เชียงใหม่,5000000,รายชื่อสถานประกอบการ,วิเชียรฟาร์ม,0,แม่สาว,2566,แม่อาย
3207,อบผลิตผลทางการเกษตร,เชียงใหม่,1000000,รายชื่อสถานประกอบการ,บริษัท นิวเอ็นอะโกร จำกัด,0,บ้านโป่ง,2566,พร้าว
3208,อบพืชผลทางการเกษตร,เชียงใหม่,20000000,รายชื่อสถานประกอบการ,นางธัญรัศม์ พิสิทธิ์ธนัทกุล ,0,สบเตี๊ยะ,2566,จอมทอง
3209,อบพืชผลทางการเกษตร,เชียงใหม่,5000000,รายชื่อสถานประกอบการ,จันทร์ดี การเกษตร,0,มะขามหลวง,2566,สันป่าตอง
3210,สีข้าว,เชียงใหม่,2000000,รายชื่อสถานประกอบการ,โรงสีข้าวทรัพย์เกษม,0,แม่สาว,2566,แม่อาย
3211,แปรรูปผลผลิตข้าวโพดเลี้ยงสัตว์ อบลดความชื้น,เชียงใหม่,8,รายชื่อสถานประกอบการ,สหกรณ์การเกษตรแม่แจ่ม จำกัด,242429519.27,ช่างเคิ่ง,2566,แม่แจ่ม
3212,อบลำไย และพืชผลทางการเกษตร,เชียงใหม่,6,รายชื่อสถานประกอบการ,ณัฐวรรธน์ ฟรุ๊ตส์,8500000,แม่ปั๋ง,2566,พร้าว
3213,อบพืชผลทางการเกษตร,เชียงใหม่,5000000,รายชื่อสถานประกอบการ,โรงอบข้าวกิตเจริญ,0,แม่สาว,2566,แม่อาย
3214,"กะเทาะเปลือกเมล็ดกาแฟ,คั่วเมล็ดกาแฟ",เชียงใหม่,1000000,รายชื่อสถานประกอบการ,นายชัยวัฒน์ ทักษอุดม,0,ช้างม่อย,2566,เมืองเชียงใหม่
3215,คัดและกะเทาะเมล็ดพืชและเก็บพืชผลทางการเกตร,เชียงใหม่,8000000,รายชื่อสถานประกอบการ,บริษัท เกษตรวิวัฒน์ จำกัด,0,ดอนเปา,2566,แม่วาง
3216,โรงกะเทาะเปลือกกาแฟกะลา,เชียงใหม่,100000000,รายชื่อสถานประกอบการ,โรงงานแปรรูปกาแฟคาเฟ่อเมซอน,0,ทุ่งรวงทอง,2566,แม่วาง
3217,กะเทาะเมล็ดพืช คัดขนาดและบรรจุเมล็ดพันธ์พืช,เชียงใหม่,8,รายชื่อสถานประกอบการ,บริษัท สุภิราชเกษตรป้าว จำกัด,21000000,แม่ปั๋ง,2566,พร้าว
3218,กะเทาะ และอบเมล็ดพืช,เชียงใหม่,32,รายชื่อสถานประกอบการ,บริษัท เวิลด์ ซีดส์ จำกัด,28120000,แม่แวน,2566,พร้าว
3219,ไซโลเก็บผลิตผลทางการเกษตร,เชียงใหม่,45000000,รายชื่อสถานประกอบการ,บริษัท อาร์.พี.เอ็ม. ฟาร์ม แอนด์ ฟีด จำกัด,0,หนองควาย,2566,หางดง
3220,อบเมล็ดพืชและเก็บรักษาเมล็ดพืชหรือผลิตผลจากพืชในไซโล,เชียงใหม่,16,รายชื่อสถานประกอบการ,บริษัท ลิ้มศักดากุลอุตสาหกรรมการเกษตร (ไทยแลนด์) จำกัด,176980000,สันปูเลย,2566,ดอยสะเก็ด
3221,"บด,ร่อนถ่านกัมมันต์",เชียงใหม่,200000,รายชื่อสถานประกอบการ,ห้างหุ้นส่วนจำกัด ซี.เค คาร์บอน,0,ป่าแดด,2566,เมืองเชียงใหม่
3222,การเพาะเลี้ยงขยายพันธุ์พืช เช่น กล้วยไม้,เชียงใหม่,22850000,รายชื่อสถานประกอบการ,บริษัท เอ็ม แคท ไบโอ จำกัด,0,สันกลาง,2566,สันป่าตอง
3223,"คัด,แยกขนาด และคุณภาพของมันฝรั่ง",เชียงใหม่,2000000,รายชื่อสถานประกอบการ,บริษัท เป๊ปซี่-โคล่า (ไทย) เทรดดิ้ง จำกัด,0,ปงตำ,2566,ไชยปราการ
3224,"ล้าง,คัดแยกขนาดหรือคุณภาพผลิตผลเกษตรกรรม",เชียงใหม่,500000,รายชื่อสถานประกอบการ,บริษัท เอส.อาร์.แอกโกรแพค จำกัด,0,มะขามหลวง,2566,สันป่าตอง
3225,คัดแยกขนาด และคุณภาพของถั่วเหลือง,เชียงใหม่,1500000,รายชื่อสถานประกอบการ,บริษัท จัว อินเตอร์เนชั่นแนล จำกัด,0,บ้านแหวน,2566,หางดง
3226,การร่อน คัด แยกขนาดคุณภาพของผลิตผลเกษตรกรรม,เชียงใหม่,10,รายชื่อสถานประกอบการ,สหกรณ์นิคมพร้าว จำกัด,18694000,แม่แวน,2566,พร้าว
3227,คัดแยกขนาดและเคลือบผิวส้ม,เชียงใหม่,100000,รายชื่อสถานประกอบการ,โรงแว๊กซ์ธนาธร,0,สันทราย,2566,ฝาง
3228,คัดขนาด อบ สี บรรจุถุง เก็บรักษาเมล็ดพันธุ์พืชผลทางการเกษตร,เชียงใหม่,1000000,รายชื่อสถานประกอบการ,บริษัท ชัยโย ซีดส์ (ประเทศไทย) จำกัด,0,เขื่อนผาก,2566,พร้าว
3229,"คัดขนาด,เลือบผิวส้ม,ห้องเย็น",เชียงใหม่,39,รายชื่อสถานประกอบการ,ตงหยาง,27000000,แม่สาว,2566,แม่อาย
3230,ร่อน ล้าง คัด หรือแยกขนาดหรือคุณภาพของผลิตผลเกษตรกรรม,เชียงใหม่,10000000,รายชื่อสถานประกอบการ,บริษัท ปลูกผักเพราะรักแม่ จำกัด,0,เชิงดอย,2566,ดอยสะเก็ด
3231,ผลิตน้ำดื่มบรรจุขวด,เชียงใหม่,2000000,รายชื่อสถานประกอบการ,บริษัท เพียวเมาน์เทน จำกัด,0,ป่าบง,2566,สารภี
3232,ผลิตน้ำดื่มบรรจุขวด,เชียงใหม่,28,รายชื่อสถานประกอบการ,น้ำดื่มตรา ม่อนล้าน,10851500,ป่าไหน่,2566,พร้าว
3233,ผลิตน้ำดื่มบรรจุขวด,เชียงใหม่,45,รายชื่อสถานประกอบการ,บริษัท เชียงใหม่โพลสตาร์ (1992) จำกัด,21300000,สุเทพ,2566,เมืองเชียงใหม่
3234,ผลิตน้ำดื่มและบรรจุภัณฑ์จากพลาสติก,เชียงใหม่,9,รายชื่อสถานประกอบการ,บริษัท วารีเทพ สบเตี๊ยะ จำกัด,5000000,สบเตี๊ยะ,2566,จอมทอง
3235,ผลิตน้ำดื่ม,เชียงใหม่,30000000,รายชื่อสถานประกอบการ,บริษัท น้ำใส ใจจริง จำกัด,0,แม่สา,2566,แม่ริม
3236,ผลิตน้ำดื่ม,เชียงใหม่,10000000,รายชื่อสถานประกอบการ,บริษัท เพียว เมาน์เทน จำกัด,0,ไชยสถาน,2566,สารภี
3237,โรงงานผลิตน้ำดื่ม และผลิตขวดสำหรับบรรจุน้ำดื่ม,เชียงใหม่,5000000,รายชื่อสถานประกอบการ,บริษัท เดอะวันดริ้งค์ จำกัด,0,สันกำแพง,2566,สันกำแพง
3238,ทอผ้าด้วยกี่กระตุก ตัดเย็บเสื้อผ้าสำเร็จรูป ย้อมผ้า-ซักผ้าทุกชนิด,เชียงใหม่,70,รายชื่อสถานประกอบการ,บริษัท น่ารัก โฮลดิ้ง จำกัด,241318421,แช่ช้าง,2566,สันกำแพง
3239,การฟอก ย้อมสีด้าย,เชียงใหม่,200000,รายชื่อสถานประกอบการ,โรงย้อมเพียงดาว,0,เชียงดาว,2566,เชียงดาว
3240,พิมพ์ผ้า,เชียงใหม่,500000,รายชื่อสถานประกอบการ,บริษัท ณัฐวุฒิ เทรดดิ้ง จำกัด,0,ร้องวัวแดง,2566,สันกำแพง
3241,ตัดเย็บผ้า เช่น ผ้าม่าน ผ้าปูที่นอน ปลอกหมอน ผ้านวม ผ้าคลุมเตียง กระเป๋า รองเท้า เสื้อคลุมอาบน้ำ,เชียงใหม่,90,รายชื่อสถานประกอบการ,บริษัท บีเฮ้าส์ จำกัด,21800000,แช่ช้าง,2566,สันกำแพง
3242,ผลิตแถบตราจากผ้า,เชียงใหม่,8000000,รายชื่อสถานประกอบการ,บริษัท ชีน เรย์ เอ็มบรอยเดอรี่ จำกัด,0,ขี้เหล็ก,2566,แม่ริม
3243,ผลิตแถบตรา,เชียงใหม่,5000000,รายชื่อสถานประกอบการ,บริษัท ชีน เรย์ เอ็มบรอยเดอรี่ จำกัด,0,ขี้เหล็ก,2566,แม่ริม
3244,ผลิตพรม ตัดเย็บตกแต่งพรมสำหรับใช้รองพื้นภายในรถยนต์ และพรมอื่นๆ,เชียงใหม่,30,รายชื่อสถานประกอบการ,บริษัท ซูมิโนเอะ โคอิเดะ (ประเทศไทย) จำกัด,32800000,สันกำแพง,2566,สันกำแพง
3245,ตัดเย็บเสื้อผ้า ผ้าคลุมรถ ผ้าคลุมเบาะ ผ้าหุ้มเบาะ หมวก กระเป๋า,เชียงใหม่,120,รายชื่อสถานประกอบการ,บริษัท โคอิเด็กซ์ (ประเทศไทย) จำกัด,2500000,ต้นเปา,2566,สันกำแพง
3246,ตัดเย็บชุดดำน้ำส่งออก,เชียงใหม่,5000000,รายชื่อสถานประกอบการ,บริษัท ออนสมู๊ทไทย จำกัด,0,ท่าวังตาล,2566,สารภี
3247,ตัดเย็บเครื่องนุ่งห่ม,เชียงใหม่,0,รายชื่อสถานประกอบการ,จิปาถะ,0,สันกลาง,2566,สันป่าตอง
3248,ตัดเย็บเสื้อผ้าสำเร็จรูป,เชียงใหม่,1800000,รายชื่อสถานประกอบการ,ห้างหุ้นส่วนจำกัด ซีเจ อินดัสทรี,0,สันกำแพง,2566,สันกำแพง
3249,ตัดเย็บชุดว่ายน้ำส่งออก,เชียงใหม่,8000000,รายชื่อสถานประกอบการ,บริษัท ออนสมู๊ทไทย จำกัด,0,ท่าวังตาล,2566,สารภี
3250,ตัดชุดประจำชาตินอร์เวย์,เชียงใหม่,10000000,รายชื่อสถานประกอบการ,บริษัท เอดด้า บูนาเดอร์ จำกัด,0,สันผีเสื้อ,2566,เมืองเชียงใหม่
3251,"ตัดเย็บเสื้อผ้าสำเร็จรูป,ทอผ้า",เชียงใหม่,93,รายชื่อสถานประกอบการ,บริษัท น่ารัก โฮลดิ้ง จำกัด,7500000,ต้นเปา,2566,สันกำแพง
3252,เย็บเสื้อผ้าสำเร็จรูป,เชียงใหม่,2000000,รายชื่อสถานประกอบการ,บริษัท ยงสง่า จำกัด,0,ทรายมูล,2566,สันกำแพง
3253,ตัดเย็บเสื้อผ้าสำเร็จรูป,เชียงใหม่,5000000,รายชื่อสถานประกอบการ,บริษัท ซีเอส สปอร์ต (ไทยแลนด์) จำกัด,0,สันกำแพง,2566,สันกำแพง
3254,ตัดเย็บเสื้อผ้าสำเร็จรูป,เชียงใหม่,300000,รายชื่อสถานประกอบการ,บริษัท โปร อินดัสเทรียล จำกัด,0,ยางเนิ้ง,2566,สารภี
3255,การตัดหรือเย็บเครื่องนุ่งห่ม เข็มขัด ผ้าเช็ดหน้า ผ้าพันคอ เนกไท หูกระต่าย  ปลอกแขน ถุงมือ ถุงเท้า จากผ้าหนังสัตว์ ขนสัตว์หรือวัสดุอื่น,เชียงใหม่,2500000,รายชื่อสถานประกอบการ,บริษัท นอร์วีเจียน จำกัด,0,แช่ช้าง,2566,สันกำแพง
3256,"ผลิตเสื้อผ้าสำเร็จรูป ,หมวกแฟชั่น ,ผลิตภัณฑ์จากหนังสัตว์",เชียงใหม่,2948000,รายชื่อสถานประกอบการ,บริษัท ลานนา แฮท จำกัด,0,ชมภู,2566,สารภี
3257,โม่ บด ย่อยหิน,เชียงใหม่,21,รายชื่อสถานประกอบการ,โรงโม่หินสหพนาสิทธิ์,60000000,บ้านแปะ,2566,จอมทอง
3258,ขุด ตัก ลอก ดินในที่ดินกรรมสิทธิ์ สำหรับใช้ในการก่อสร้างและจำหน่าย,เชียงใหม่,300000,รายชื่อสถานประกอบการ,บ่อดินธนทรัพย์,0,สันติสุข,2566,ดอยหล่อ
3259,ขุดทราย,เชียงใหม่,500000,รายชื่อสถานประกอบการ,นายทิตพันธ์ ปิงกุล,0,ท่าผา,2566,แม่แจ่ม
3260,ขุดดิน,เชียงใหม่,3,รายชื่อสถานประกอบการ,-,17500000,ดอยหล่อ,2566,ดอยหล่อ
3261,ขุด ตัก ลอก ดินในที่ดินกรรมสิทธิ์ สำหรับใช้ในการก่อสร้างและจำหน่าย,เชียงใหม่,2000000,รายชื่อสถานประกอบการ,บ่อดินเจ้าพระยา,0,ป่าไผ่,2566,สันทราย
3262,ขุดดิน และร่อนคัดขนาด กรวด ทราย,เชียงใหม่,5,รายชื่อสถานประกอบการ,เอ็น อาร์ คอน,11500000,บ้านโป่ง,2566,พร้าว
3263,ขุดดิน,เชียงใหม่,2000000,รายชื่อสถานประกอบการ,นางเยาวเรศ ใจดี,0,แม่หอพระ,2566,แม่แตง
3264,ขุด ตัก ลอก ดินในที่ดินกรรมสิทธิ์ สำหรับใช้ในการก่อสร้างและจำหน่าย,เชียงใหม่,2500000,รายชื่อสถานประกอบการ,บ่อดินสหแผ่นดินทอง,0,ป่าไผ่,2566,สันทราย
3265,ขุด ตัก ลอก ดินในที่ดินกรรมสิทธิ์ สำหรับใช้ในการก่อสร้างและจำหน่าย,เชียงใหม่,1000000,รายชื่อสถานประกอบการ,บ่อดินพี่ยศ 2,0,เชิงดอย,2566,ดอยสะเก็ด
3266,ขุดดิน,เชียงใหม่,3,รายชื่อสถานประกอบการ,นายวีระศักดิ์ บุญ-หลง,10510000,ขี้เหล็ก,2566,แม่แตง
3267,ขุดดิน,เชียงใหม่,1000000,รายชื่อสถานประกอบการ,นาง ณัฐวัลย์ ปัญญาศาล,0,น้ำบ่อหลวง,2566,สันป่าตอง
3268,ขุด ตัก ลอก ดินในที่ดินกรรมสิทธิ์ สำหรับใช้ในการก่อสร้างและจำหน่าย,เชียงใหม่,1000000,รายชื่อสถานประกอบการ,ชนัญพัทธ์ นิยม,0,เชิงดอย,2566,ดอยสะเก็ด
3269,ขุด ตัก ลอก ดินในที่ดินกรรมสิทธิ์ สำหรับใช้ในการก่อสร้างและจำหน่าย,เชียงใหม่,5,รายชื่อสถานประกอบการ,ห้างหุ้นส่วนจำกัด ผญาวัน 498032,22050000,ขี้เหล็ก,2566,แม่แตง
3270,ขุดดิน,เชียงใหม่,2000000,รายชื่อสถานประกอบการ,นายเกษมสุข เกี๋ยงตาล,0,แม่หอพระ,2566,แม่แตง
3271,ขุดดิน,เชียงใหม่,0,รายชื่อสถานประกอบการ,นายชัยรัตน์ คำมูล,0,เมืองงาย,2566,เชียงดาว
3272,ขุดดิน,เชียงใหม่,500000,รายชื่อสถานประกอบการ,บริษัท ธวัชชัย ไมนิ่ง จำกัด,0,ขี้เหล็ก,2566,แม่แตง
3273,ขุดดิน,เชียงใหม่,3,รายชื่อสถานประกอบการ,นายวีระศักดิ์ บุญ-หลง,10510000,ขี้เหล็ก,2566,แม่แตง
3274,ขุดดิน,เชียงใหม่,2,รายชื่อสถานประกอบการ,นายบุญปั๋น อุ่นใจจิน,7720000,ข่วงเปา,2566,จอมทอง
3275,ขุดดิน,เชียงใหม่,1000000,รายชื่อสถานประกอบการ,นางศรัญญา แดงคำ,0,ดอนเปา,2566,แม่วาง
3276,ขุดดิน,เชียงใหม่,50000,รายชื่อสถานประกอบการ,นางสาวมุกดา เตียวกุล,0,แม่ข่า,2566,ฝาง
3277,ขุดดิน,เชียงใหม่,100000,รายชื่อสถานประกอบการ,นายประจวบ ศิริศิลป์,0,ขี้เหล็ก,2566,แม่แตง
3278,ขุดทราย,เชียงใหม่,300000,รายชื่อสถานประกอบการ,สมบูรณ์ทรัพย์ ท่าทราย,0,แม่แวน,2566,พร้าว
3279,ขุดดิน,เชียงใหม่,300000,รายชื่อสถานประกอบการ,นายสมบูรณ์ ถากาศ,0,แม่นาวาง,2566,แม่อาย
3280,ขุดดิน,เชียงใหม่,1000000,รายชื่อสถานประกอบการ,นายสิงห์วัน นันตา,0,เวียง,2566,ฝาง
3281,ขุดดิน,เชียงใหม่,3,รายชื่อสถานประกอบการ,นายธาดา ชุติมา,7510000,ขี้เหล็ก,2566,แม่แตง
3282,ขุด ตัก ลอก ดินในที่ดินกรรมสิทธิ์ สำหรับใช้ในการก่อสร้างและจำหน่าย,เชียงใหม่,500000,รายชื่อสถานประกอบการ,นายพชรวุฒ พษิฐาการกุล,0,ขี้เหล็ก,2566,แม่แตง
3283,ขุดดิน,เชียงใหม่,1,รายชื่อสถานประกอบการ,นายสมจิต อายุมั่น,660000,เมืองงาย,2566,เชียงดาว
3284,ขุดดิน,เชียงใหม่,60000,รายชื่อสถานประกอบการ,นายสมจิต อายุมั่น,0,เมืองงาย,2566,เชียงดาว
3285,การร่อน หรือคัดกรวด หรือทราย,เชียงใหม่,0,รายชื่อสถานประกอบการ,โรงงานร่อน คัดกรวด ทราย โชติชนก,0,สันมหาพน,2566,แม่แตง
3286,ร่อนคัดขนาดกรวดทราย,เชียงใหม่,500000,รายชื่อสถานประกอบการ,ทรายตะวัน,0,แม่แฝก,2566,สันทราย
3287,ร่อน หรือคัดกรวดทราย,เชียงใหม่,10,รายชื่อสถานประกอบการ,บริษัท จตุรงค์ทราย จำกัด,29000000,แม่แฝก,2566,สันทราย
3288,ร่อนคัดขนาดกรวดทราย,เชียงใหม่,5000000,รายชื่อสถานประกอบการ,นายธนาโชติ จำนงค์,0,แม่แฝกใหม่,2566,สันทราย
3289,ร่อน หรือคัดกรวดหรือทราย,เชียงใหม่,300000,รายชื่อสถานประกอบการ,บริษัท วี.วี กรุ๊ป จำกัด,0,แม่หอพระ,2566,แม่แตง
3290,ร่อน คัดขนาดกรวด ทราย,เชียงใหม่,8,รายชื่อสถานประกอบการ,บริษัท พีรพัฒน์ ดีเซล จำกัด,5800000,แม่แวน,2566,พร้าว
3291,ร่อนคัดขนาดทราย,เชียงใหม่,5,รายชื่อสถานประกอบการ,ห้างหุ้นส่วนจำกัด อุทัยทรายทอง,800000,ขี้เหล็ก,2566,แม่แตง
3292,การร่อน หรือ คัดกรวดหรือทราย,เชียงใหม่,500000,รายชื่อสถานประกอบการ,ท่าทรายวัชรวงศ์,0,ขี้เหล็ก,2566,แม่ริม
3293,ร่อนทราย,เชียงใหม่,100000,รายชื่อสถานประกอบการ,หนุ่มเน้ย,0,บ้านแม,2566,สันป่าตอง
3294,ร่อนและคัดขนาดกรวดหรือทราย,เชียงใหม่,1000000,รายชื่อสถานประกอบการ,กรกช ใจวัง,0,สันมหาพน,2566,แม่แตง
3295,คัดแยกขนาดกรวดทราย,เชียงใหม่,5,รายชื่อสถานประกอบการ,นายบรรถกานต์ ตาวิราศ,860000,สองแคว,2566,ดอยหล่อ
3296,ร่อน คัดแยก กรวด ทราย หิน,เชียงใหม่,12,รายชื่อสถานประกอบการ,กรกช ใจวัง,7500000,ขี้เหล็ก,2566,แม่ริม
3297,ร่อน หรือแยกกรวดหรือทราย,เชียงใหม่,500000,รายชื่อสถานประกอบการ,บริษัท พิบูลย์ทราย 2015 จำกัด,0,หางดง,2566,ฮอด
3298,ร่อนคัดขนาด ทราย กรวด หิน,เชียงใหม่,50000,รายชื่อสถานประกอบการ,สมบูรณ์ทรัพย์,0,แม่แวน,2566,พร้าว
3299,ร่อนหรือคัดกรวดและทราย,เชียงใหม่,500000,รายชื่อสถานประกอบการ,ทรายตะวัน,0,แม่แฝก,2566,สันทราย
3300,ดูดทราย ใบอนุญาตใช้เรือเลขที่ 34 50 00658,เชียงใหม่,4,รายชื่อสถานประกอบการ,เพชรเกียรติอุดม,1500000,ท่าตอน,2566,แม่อาย
3301,ดูดทราย และคัดแยกขนาดกรวดทราย,เชียงใหม่,5,รายชื่อสถานประกอบการ,นายธนะชัย ปัญโญแก้ว,1400000,ฮอด,2566,ฮอด
3302,ดูดทรายเพื่อการจำหน่าย,เชียงใหม่,2000000,รายชื่อสถานประกอบการ,ทีเอ เอนจิเนียริ่ง เชียงใหม่,0,บงตัน,2566,ดอยเต่า
3303,ดูดและขุดทราย,เชียงใหม่,150000,รายชื่อสถานประกอบการ,ห้างหุ้นส่วนจำกัด ทรัพย์มากล้น,0,ขี้เหล็ก,2566,แม่แตง
3304,ดูดทราย,เชียงใหม่,5,รายชื่อสถานประกอบการ,ห้างหุ้นส่วนจำกัด ธนะชัย แอสโซซิเอท,2500000,ฮอด,2566,ฮอด
3305,ดูดร่อนและคัดกรวดทราย (เรือสินพัฒนา ทะเบียนเรือเลขที่ 3773 00212),เชียงใหม่,6,รายชื่อสถานประกอบการ,ท่าทรายสหะชัยรุ่งเรือง,700000,ท่าตอน,2566,แม่อาย
3306,ดูดทราย,เชียงใหม่,1000000,รายชื่อสถานประกอบการ,นายฉลอง สมแก้ว,0,นาคอเรือ,2566,ฮอด
3307,ดูดทรายแม่น้ำ,เชียงใหม่,2000000,รายชื่อสถานประกอบการ,นางสาวเทียนทอง ไชยฤทธิ์,0,หางดง,2566,ฮอด
3308,ดูดทราย,เชียงใหม่,500000,รายชื่อสถานประกอบการ,บริษัท ทรายจรูญรัตน์ไพศาล จำกัด,0,บงตัน,2566,ดอยเต่า
3309,ดูดทราย เเละคัดแยกขนาดกรวดทราย,เชียงใหม่,500000,รายชื่อสถานประกอบการ,ห้างหุ้นส่วนจำกัด ธนดลชัย,0,บ้านแปะ,2566,จอมทอง
3310,ดูดทรายเพื่อการจำหน่าย,เชียงใหม่,1000000,รายชื่อสถานประกอบการ,นายธนา ชัยมงคล,0,ฮอด,2566,ฮอด
3311,ดูดทราย,เชียงใหม่,1000000,รายชื่อสถานประกอบการ,นายเศกสรร พรหมเสน,0,บงตัน,2566,ดอยเต่า
3312,ดูดทราย,เชียงใหม่,8,รายชื่อสถานประกอบการ,นายสุธีรพันธ์ สุขวุฒิชัย,1000000,ฮอด,2566,ฮอด
3313,ดูดทราย,เชียงใหม่,500000,รายชื่อสถานประกอบการ,บริษัท ทรายสุรีรัตน์ จำกัด,0,ดอยเต่า,2566,ดอยเต่า
3314,ดูดทราย,เชียงใหม่,500000,รายชื่อสถานประกอบการ,บริษัท พิบูลย์ทราย 2015 จำกัด,0,หางดง,2566,ฮอด
3315,ดูดทราย,เชียงใหม่,200000,รายชื่อสถานประกอบการ,บริษัท เชียงใหม่ ผลิตภัณฑ์ หิน ทราย จำกัด,0,บ้านแปะ,2566,จอมทอง
3316,ดูดทราย,เชียงใหม่,200000,รายชื่อสถานประกอบการ,บริษัท ทราย เพิ่มพูล จำกัด,0,บ้านแปะ,2566,จอมทอง
3317,ดูดทราย,เชียงใหม่,1000000,รายชื่อสถานประกอบการ,นางวิไล อำไพจิตร,0,นาคอเรือ,2566,ฮอด
3318,ดูดทราย,เชียงใหม่,5,รายชื่อสถานประกอบการ,นางสาวพัชรี หอยแก้ว,2500000,ฮอด,2566,ฮอด
3319,ดูดทราย,เชียงใหม่,3,รายชื่อสถานประกอบการ,บริษัท ทรายสืบเจริญ จำกัด,1800000,ท่าตอน,2566,แม่อาย
3320,ดูดทราย,เชียงใหม่,1000000,รายชื่อสถานประกอบการ,ห้างหุ้นส่วนจำกัด บ้านตาลรุ่งเรืองกิจ,0,ฮอด,2566,ฮอด
3321,ดูดทราย,เชียงใหม่,5,รายชื่อสถานประกอบการ,ห้างหุ้นส่วนจำกัด ชมพูนุช 2014,2000000,ท่าตอน,2566,แม่อาย
3322,ดูดทราย,เชียงใหม่,1000000,รายชื่อสถานประกอบการ,บริษัท ท่าทราย ทรัพย์ทีเอ จำกัด,0,บงตัน,2566,ดอยเต่า
3323,ดูดทราย,เชียงใหม่,5,รายชื่อสถานประกอบการ,ห้างหุ้นส่วนจำกัด ธนะชัย แอสโซซิเอท,2500000,ฮอด,2566,ฮอด
3324,ดูดทราย,เชียงใหม่,1000000,รายชื่อสถานประกอบการ,ห้างหุ้นส่วนจำกัด บ้านตาล รีฟอร์มมิ่ง,0,บ้านตาล,2566,ฮอด
3325,ดูดทราย,เชียงใหม่,4,รายชื่อสถานประกอบการ,บริษัท ท่าทรายพูลทวี จำกัด,1400000,บ้านแปะ,2566,จอมทอง
3326,ดูดทราย,เชียงใหม่,9,รายชื่อสถานประกอบการ,บริษัท เอสทีดับบลิว แอสโซซิเอท จำกัด,14500000,เหมืองแก้ว,2566,แม่ริม
3327,ดูดทราย,เชียงใหม่,5,รายชื่อสถานประกอบการ,นายวัฒนา บุญวุฒิ,2500000,บงตัน,2566,ดอยเต่า
3328,ดูดทราย,เชียงใหม่,4,รายชื่อสถานประกอบการ,นางไดโมนา ตาวิราศ,1400000,ฮอด,2566,ฮอด
3329,ดูดทราย,เชียงใหม่,4,รายชื่อสถานประกอบการ,ห้างหุ้นส่วนจำกัด ทราย ชมปิง,1400000,ฮอด,2566,ฮอด
3330,ดูดทราย,เชียงใหม่,5,รายชื่อสถานประกอบการ,บริษัท ลานนา นคราทร จำกัด,2500000,บ้านแปะ,2566,จอมทอง
3331,ดูดทรายเพื่อการจำหน่าย,เชียงใหม่,0,รายชื่อสถานประกอบการ,ท่าทรายฮอดทรายงาม,0,ฮอด,2566,ฮอด
3332,ดูดทราย,เชียงใหม่,5,รายชื่อสถานประกอบการ,ท่าทราย นิลาวันวิริยะ,2800000,ท่าตอน,2566,แม่อาย
3333,ดูดทราย,เชียงใหม่,200000,รายชื่อสถานประกอบการ,พูลทวีทรายทอง,0,ฮอด,2566,ฮอด
3334,ดูดทราย,เชียงใหม่,7,รายชื่อสถานประกอบการ,นายบุญสืบ อำไพจิตร,4000000,ฮอด,2566,ฮอด
3335,ดูดทราย,เชียงใหม่,500000,รายชื่อสถานประกอบการ,นายสุริยะ สุขประเสริฐ,0,ฮอด,2566,ฮอด
3336,ดูดทราย,เชียงใหม่,1000000,รายชื่อสถานประกอบการ,บริษัท ทราย เพิ่มพูล จำกัด,0,นาคอเรือ,2566,ฮอด
3337,ดูดทราย,เชียงใหม่,3000000,รายชื่อสถานประกอบการ,นายสุเทพ สุทายะ,0,ฮอด,2566,ฮอด
3338,ดูดทรายและคัดแยกขนาดกรวดทราย,เชียงใหม่,5,รายชื่อสถานประกอบการ,ห้างหุ้นส่วนจำกัด กษิดิศ แอลพีเอ็น,4000000,หางดง,2566,ฮอด
3339,ดูดทราย,เชียงใหม่,1000000,รายชื่อสถานประกอบการ,ห้างหุ้นส่วนจำกัด เดอะพีเอ็นซี,0,นาคอเรือ,2566,ฮอด
3340,เลื่อย ไส ซอย เซาะร่อง ไม้ทุกชนิดด้วยเครื่องจักร,เชียงใหม่,0,รายชื่อสถานประกอบการ,บริษัท เชียงใหม่ สุขสวัสดิ์ จำกัด,0,ฟ้าฮ่าม,2566,เมืองเชียงใหม่
3341,แปรรูปไม้เพื่อผลิตไม้แปรรูป,เชียงใหม่,5000000,รายชื่อสถานประกอบการ,บริษัท เชียงใหม่สุดาลักษณ์ จำกัด (โรงเลื่อยจักร),0,ต้นเปา,2566,สันกำแพง
3342,โรงเลื่อยจักร แปรรูปไม้,เชียงใหม่,3000000,รายชื่อสถานประกอบการ,โรงงาน ตนานุวัฒน์,0,แม่เหียะ,2566,เมืองเชียงใหม่
3343,ไสและซอยไม้,เชียงใหม่,1000000,รายชื่อสถานประกอบการ,นายนพรัตน์ นิมมานวัฒนา,0,น้ำแพร่,2566,หางดง
3344,"ทำวงกบประตู-หน้าต่าง,เครื่องเรือนจากไม้",เชียงใหม่,1000000,รายชื่อสถานประกอบการ,ห้างหุ้นส่วนจำกัด ส.สยามคาร์เพนเตอร์,0,สันกลาง,2566,สันป่าตอง
3345,ทำวงกบ ประตู หน้าต่าง และเครื่องเรือนจากไม้,เชียงใหม่,19100000,รายชื่อสถานประกอบการ,บริษัท เกรทเชียงใหม่ จำกัด,0,หนองป่าครั่ง,2566,เมืองเชียงใหม่
3346,"ผลิตวงกบประตูหน้าต่างและบาน,ผลิตเฟอร์นิเจอร์ เครื่องเรือนเครื่องใช้ ไม้คิวไม้บัวฉลุลายไม้กลึง",เชียงใหม่,15,รายชื่อสถานประกอบการ,,1100000,สันกลาง,2566,สันกำแพง
3347,"ทำวงกบประตู-หน้าต่าง,เครื่องเรือนจากไม้",เชียงใหม่,15,รายชื่อสถานประกอบการ,,4500000,ขี้เหล็ก,2566,แม่ริม
3348,ทำเครื่องเรือน เครื่องใช้ในบ้านเรือน ปาร์เก้ โมเสค ไม้คิ้ว ไม้บัว ไม้กั้นฝ้า ไม้กันเปื้อน ไม้ฉลุ ซี่ลูกกรง ราวบันได โดยใช้ไม้แปรรูป,เชียงใหม่,30,รายชื่อสถานประกอบการ,โรงงานแปรรูปไม้ บริษัท บ้านสวยสวนงาม จำกัด,3856000,แม่หอพระ,2566,แม่แตง
3349,ทำวงกบ ประตู-หน้าต่างจากไม้,เชียงใหม่,1000000,รายชื่อสถานประกอบการ,บริษัท เจริญชาติ จำกัด,0,หนองแหย่ง,2566,สันทราย
3350,ทำส่วนประกอบที่ทำด้วยไม้ของอาคาร เครื่องเรือนหรือเครื่องตบแต่งภายในอาคารจากไม้,เชียงใหม่,22,รายชื่อสถานประกอบการ,ล้านนาเรือนโบราณ,3320000,สันโป่ง,2566,แม่ริม
3351,ทำวงกบ-ประตูหน้าต่างและเครื่องเรือนจากไม้,เชียงใหม่,24,รายชื่อสถานประกอบการ,บริษัท วู๊ด อาร์ต ดี ซายน์ จำกัด,1250000,น้ำแพร่,2566,หางดง
3352,ทำเครื่องเรือน เครื่องใช้ในบ้านเรือน วงกบประตู หน้าต่าง ปาร์เก้ โมเสค ไม้คิ้วประสาน แกะสลัก ขัด กลึง โดยใช้ไม้แปรรูป เศษไม้,เชียงใหม่,5,รายชื่อสถานประกอบการ,บริษัท ซีตี้ วู้ด อินดัสตรี จำกัด,16000000,เชิงดอย,2566,ดอยสะเก็ด
3353,โรงงานประกอบกิจการเกี่ยวกับไม้ (การถนอมเนื้อไม้ หรือการอบไม้),เชียงใหม่,15,รายชื่อสถานประกอบการ,บริษัท เชียงใหม่สุขสวัสดิ์ จำกัด (สาขา 00001),3000000,เชิงดอย,2566,ดอยสะเก็ด
3354,ผลิตพื้นไม้ บ้านเล็กสำเร็จรูป ฝาและผนักประดับบ้านภายในและภายนอก และผลิตภัณฑ์ไม้ไผ่ และไม้ทั่วไปอบพร้อมใช้งาน,เชียงใหม่,24,รายชื่อสถานประกอบการ,บริษัท ชาเลท์ แอนด์ แบมบู จำกัด,14257730,หนองควาย,2566,หางดง
3355,ผลิตเฟอร์นิเจอร์ไม้ และผลิตภัณฑ์จากไม้,เชียงใหม่,20,รายชื่อสถานประกอบการ,แซนทารา ลักซ์ เฟอร์นิเจอร์,2000000,ทุ่งต้อม,2566,สันป่าตอง
3356,ทำเครื่องใช้ เครื่องเล่นจากไม้,เชียงใหม่,27,รายชื่อสถานประกอบการ,บริษัท คิดดี้ทอยส์ แอนด์ เกมส์ จำกัด,11500000,ยุหว่า,2566,สันป่าตอง
3357,ทำผลิตภัณฑ์จากไม้ ภาชนะบรรจุ เครื่องใช้จากไม้,เชียงใหม่,500000,รายชื่อสถานประกอบการ,โคมกนก,0,แม่คือ,2566,ดอยสะเก็ด
3358,ผลิตเฟอร์นิเจอร์ไม้ และผลิตภัณท์จากไม้,เชียงใหม่,20,รายชื่อสถานประกอบการ,-,5000000,ป่าป้อง,2566,ดอยสะเก็ด
3359,ทำผลิตภัณฑ์จากไม้นอกประเภทหวงห้าม เช่น ภาชนะบรรจุ เครื่องใช้จากไม้ เครื่องตกแต่งภายในอาคารจากไม้ แกะสลักต่างๆ พร้อมประดับด้วยกระจกสี,เชียงใหม่,16,รายชื่อสถานประกอบการ,บริษัท ทัช ออฟ คลาส จำกัด,8800000,ขุนคง,2566,หางดง
3360,ผลิตเฟอร์นิเจอร์ และอุปกรณ์ตกแต่งบ้านจากไม้,เชียงใหม่,20,รายชื่อสถานประกอบการ,บริษัท มูนเลอร์ คอลเลคชั่น จำกัด,2500000,สำราญราษฎร์,2566,ดอยสะเก็ด
3361,ผลิตของเล่นเด็ก เกมส์ และผลิตภัณฑ์อื่นๆ จากไม้,เชียงใหม่,500000,รายชื่อสถานประกอบการ,โรงงาน บอล บอล เกมส์,0,ท่าวังตาล,2566,สารภี
3362,ผลิตเฟอร์นิเจอร์จากไม้,เชียงใหม่,10,รายชื่อสถานประกอบการ,ห้างหุ้นส่วนจำกัด บี.เอช.เนเจอร์วูด,11000000,แม่ข่า,2566,ฝาง
3363,ผลิตและส่งออกตลับไม้ กรอบรูป และเชิงเทียน,เชียงใหม่,10000000,รายชื่อสถานประกอบการ,บริษัท วาสนาคอลเล็คชั่น จำกัด,0,สันกำแพง,2566,สันกำแพง
3364,ทำเครื่องใช้จากไม้ฉำฉา เช่น เครื่องเล่น,เชียงใหม่,3000,รายชื่อสถานประกอบการ,สมบัติเกมส์ไม้,0,สันกลาง,2566,สันกำแพง
3365,ผลิตตลับไม้ กรอบรูปไม้ และเชิงเทียนจากโลหะ,เชียงใหม่,1000000,รายชื่อสถานประกอบการ,บริษัท วาสนาคอลเลคชั่น จำกัด,0,สันกำแพง,2566,สันกำแพง
3366,ทำภาชนะบรรจุ เครื่องมือ หรือเครื่องใช้จากไม้และรวมถึงชิ้นส่วนของผลิตภัณฑ์ ดังกล่าว และทำกรอบรูปหรือกรอบกระจกจากไม้,เชียงใหม่,6000000,รายชื่อสถานประกอบการ,บริษัท โค-ลาโบ วูด สตูดิโอ จำกัด,0,ออนกลาง,2566,แม่ออน
3367,ทำเครื่องใช้จากไม้,เชียงใหม่,8,รายชื่อสถานประกอบการ,ห้างหุ้นส่วนจำกัด เปี๊ยกแอนติค,3250000,หนองแก๋ว,2566,หางดง
3368,ทำเครื่องเรือน เครื่องมือ เครื่องใช้หรือภาชนะบรรจุจากไม้ หรือทำกรอบรูปหรือกรอบกระจกจากไม้ ทำเครื่องเล่นหรือของเล่นจากไม้,เชียงใหม่,14,รายชื่อสถานประกอบการ,ส.ประดิษฐกรรม,1100000,สันทรายน้อย,2566,สันทราย
3369,ทำผลิตภัณฑ์จากไม้ และเครื่องใช้จากไม้,เชียงใหม่,25,รายชื่อสถานประกอบการ,บริษัท เชียงใหม่ พิพัฒน์ คราฟวิ่ง จำกัด,21000000,หนองแก๋ว,2566,หางดง
3370,แกะสลักไม้ เครื่องเรือน เครื่องตกแต่งภายในอาคารจากไม้,เชียงใหม่,3,รายชื่อสถานประกอบการ,ไม้ขัดทอง,2800000,น้ำแพร่,2566,หางดง
3371,ทำกรอบรูปจากไม้,เชียงใหม่,3505000,รายชื่อสถานประกอบการ,บริษัท เอส เค บี สยามโปรดัก จำกัด,0,ป่าป้อง,2566,ดอยสะเก็ด
3372,ทำเฟอร์นิเจอร์จากไม้ ไม้ไผ่ หวาย และผักตบชวา,เชียงใหม่,80,รายชื่อสถานประกอบการ,นางวาสนา แก้วสีขาว,3700000,บ้านแหวน,2566,หางดง
3373,ทำเครื่องเรือน และเฟอร์นิเจอร์จากไม้ แกะสลักไม้,เชียงใหม่,100,รายชื่อสถานประกอบการ,นางสาวปิยพร เปรมนิรันดร,11000000,หนองควาย,2566,หางดง
3374,ผลิตเฟอร์นิเจอร์ไม้,เชียงใหม่,500000,รายชื่อสถานประกอบการ,นรินทร์ อิ่นแก้ว,0,ขุนคง,2566,หางดง
3375,ผลิตและจำหน่ายสินค้าตบแต่งบ้าน โคมไฟ และผลิตภัณฑ์จากไม้อื่นๆ,เชียงใหม่,35,รายชื่อสถานประกอบการ,บริษัท สุนา ลิฟวิ่ง จำกัด,2000000,ขุนคง,2566,หางดง
3376,ผลิตเครื่องเรือน เครื่องตบแต่งภายในอาคารจากไม้,เชียงใหม่,5000000,รายชื่อสถานประกอบการ,บริษัท เอพลัสเฟอร์นิเจอร์ จำกัด,0,เหมืองแก้ว,2566,แม่ริม
3377,"ทำเครื่องเรือน,เครื่องใช้จากไม้,ตบแต่งสีไม้แกะสลัก",เชียงใหม่,6000000,รายชื่อสถานประกอบการ,บริษัท เชียงใหม่ พิพัฒน์คราฟวิ่ง จำกัด,0,หนองแก๋ว,2566,หางดง
3378,ทำเครื่องเรือนจากไม้ หรือเครื่องตบแต่งในอาคารจากไม้,เชียงใหม่,1500000,รายชื่อสถานประกอบการ,บริษัท รีแลกซ์คอมฟอร์ท จำกัด,0,หนองผึ้ง,2566,สารภี
3379,ทำเครื่องเรือนและเครื่องตบแต่งภายในอาคารจากไม้,เชียงใหม่,17500000,รายชื่อสถานประกอบการ,บริษัท วรวุฒิเฟอร์นิเจอร์ แอนด์ เดคคอร์ จำกัด,0,ป่าแดด,2566,เมืองเชียงใหม่
3380,ผลิตเฟอร์นิเจอร์และของตกแต่งบ้าน,เชียงใหม่,300000,รายชื่อสถานประกอบการ,โรงงานผลิตเฟอร์นิเจอร์ไม้,0,ขุนคง,2566,หางดง
3381,ผลิตเฟอร์นิเจอร์,เชียงใหม่,200000,รายชื่อสถานประกอบการ,สมบูรณ์-มาลี แอนติค,0,ขุนคง,2566,หางดง
3382,ผลิตเฟอร์นิเจอร์,เชียงใหม่,2000000,รายชื่อสถานประกอบการ,บริษัท จีซีคอลเลคชั่น จำกัด,0,หนองแก๋ว,2566,หางดง
3383,ผลิตเฟอร์นิเจอร์,เชียงใหม่,1000000,รายชื่อสถานประกอบการ,บริษัท อาร์.จี.อัส วู้ด จำกัด,0,ออนใต้,2566,สันกำแพง
3384,ทำเครื่องเรือนและเครื่องใช้จากไม้,เชียงใหม่,20,รายชื่อสถานประกอบการ,สหกรณ์หัตถกรรมเมืองเชียงใหม่ จำกัด,1550000,ต้นเปา,2566,สันกำแพง
3385,"ทำเฟอร์นิเจอร์ไม้,เครื่องเรือนจากไม้,ไม้พื้นปาร์เก้,โมเสค",เชียงใหม่,2000000,รายชื่อสถานประกอบการ,ห้างหุ้นส่วนจำกัด เชียงใหม่ ทีค วีเนียร์,0,แช่ช้าง,2566,สันกำแพง
3386,ทำเฟอร์นิเจอร์ไม้ ผลิตภัณฑ์จากไม้ และออกแบบตกแต่งจากไม้,เชียงใหม่,8,รายชื่อสถานประกอบการ,บริษัท 09 ดีไซน์ เฟอร์นิเจอร์ จำกัด,936000,ต้นเปา,2566,สันกำแพง
3387,ทำเครื่องเรือนเครื่องใช้จากไม้,เชียงใหม่,2034728,รายชื่อสถานประกอบการ,บริษัท บี.ซี. อาร์ท จำกัด,0,สันกลาง,2566,สันกำแพง
3388,ทำเครื่องเรือน เครื่องใช้ในบ้านเรือน ปาร์เก้ โมเสค ของที่ระลึกโดยใช้ไม้แปรรูป,เชียงใหม่,2000000,รายชื่อสถานประกอบการ,มัลลิกาเฟอร์นิเจอร์,0,ต้นเปา,2566,สันกำแพง
3389,ทำเครื่องเรือนเครื่องใช้จากไม้,เชียงใหม่,2000000,รายชื่อสถานประกอบการ,ห้างหุ้นส่วนจำกัด มัลลิกา แกะสลัก,0,ต้นเปา,2566,สันกำแพง
3390,ทำเครื่องเรือนและของตกแต่งบ้านจากไม้,เชียงใหม่,2000000,รายชื่อสถานประกอบการ,นายณัฐพล โปธาตน,0,ขุนคง,2566,หางดง
3391,ทำเครื่องเรือนจากไม้ เช่น โต๊ะ ตู้ เตียง เก้าอี้ ฯลฯ,เชียงใหม่,1000000,รายชื่อสถานประกอบการ,บริษัท อะเมซิ่ง เนเชอร์ วู๊ดส์ จำกัด,0,น้ำแพร่,2566,หางดง
3392,ประดิษฐ์ ผลิต ซ่อมแซม เครื่องเรือน เครื่องใช้ เครื่องตกแต่างภายนอก ภายในอาคารทุกชนิดจากไม้,เชียงใหม่,40,รายชื่อสถานประกอบการ,บริษัท มูเทียร่า จำกัด,6000000,ยุหว่า,2566,สันป่าตอง
3393,ทำเฟอร์นิเจอร์ ผลิตภัณฑ์จากไม้และออกแบบตกแต่งภายใน,เชียงใหม่,30,รายชื่อสถานประกอบการ,บริษัท ปานา คอลเลคชั่น จำกัด,2000000,ขุนคง,2566,หางดง
3394,ทำเฟอร์นิเจอร์ไม้ ผลิตภัณฑ์จากไม้และเครื่องเรือน เครื่องใช้จากไม้,เชียงใหม่,2000000,รายชื่อสถานประกอบการ,บริษัท รวมไม้ จำกัด,0,สารภี,2566,สารภี
3395,ผลิตเฟอร์นิเจอร์และผลิตภัณฑ์จากไม้,เชียงใหม่,4,รายชื่อสถานประกอบการ,สินีนาฎเฟอร์นิเจอร์,500000,บวกค้าง,2566,สันกำแพง
3396,ทำเครื่องเรือน เครื่องตบแต่งภายในอาคาร เครื่องเล่นจากไม้,เชียงใหม่,3000000,รายชื่อสถานประกอบการ,บริษัท คิดตี้ทอยส์อินเตอร์เนชั่นแนล จำกัด,0,ยุหว่า,2566,สันป่าตอง
3397,ผลิตเฟอร์นิเจอร์จากไม้,เชียงใหม่,19,รายชื่อสถานประกอบการ,จิราภรณ์เฟอร์นิเจอร์,11800000,ขุนคง,2566,หางดง
3398,ทำเครื่องเรือน เฟอร์นิเจอร์ตกแต่งภายในอาคาร จากไม้,เชียงใหม่,2000000,รายชื่อสถานประกอบการ,บริษัท โค-ลาโบ วูด สตูดิโอ จำกัด,0,ออนกลาง,2566,แม่ออน
3399,ทำเครื่องเรือนหรือเครื่องตบแต่งภายในอาคารจากไม้ ทำวงกบ ขอบประตู ขอบหน้าต่าง ส่วนประกอบที่ทำด้วยไม้ของอาคาร ภาชนะบรรจุ เครื่องมือ หรือเครื่องใช้จากไม้ และทำกรอบรูปหรือกรอบกระจกจากไม้,เชียงใหม่,29,รายชื่อสถานประกอบการ,ส.สันกำแพง,5450000,ร้องวัวแดง,2566,สันกำแพง
3400,ทำเครื่องเรือนหรือเครื่องตบแต่งจากไม้ๆ,เชียงใหม่,150000,รายชื่อสถานประกอบการ,นายสาคร ไชยคำวัง,0,ตลาดขวัญ,2566,ดอยสะเก็ด
3401,"ผลิตจัดจำหน่ายเครื่องเรือนเฟอร์นิเจอร์ ,หัตถกรรม ใช้ในครัวเรือน ที่ผลิตจากไม้",เชียงใหม่,1000000,รายชื่อสถานประกอบการ,บริษัท สวิส ไทย วอเตอร์ โซลูชั่น จำกัด,0,ขุนคง,2566,หางดง
3402,ทำเครื่องเรือนและของตบแต่งจากไม้,เชียงใหม่,1000000,รายชื่อสถานประกอบการ,ห้างหุ้นส่วนจำกัด ดิ ออเรียลทอล ลานนา,0,ขี้เหล็ก,2566,แม่แตง
3403,ทำเครื่องเรือน หรือเครื่องตบแต่งจากไม้ เช่นโต๊ะหมู่บูชา,เชียงใหม่,1000000,รายชื่อสถานประกอบการ,ณฐมนสังฆภัณฑ์,0,ป่าลาน,2566,ดอยสะเก็ด
3404,ทำเครื่องเรือนหรือเครื่องตบแต่งภายในอาคารจากไม้,เชียงใหม่,1500000,รายชื่อสถานประกอบการ,บริษัท นภัสนันท์การค้าไม้ จำกัด,0,ป่าป้อง,2566,ดอยสะเก็ด
3405,ทำวงกบ ประตู หน้าต่าง และเครื่องเรื่อนจากไม้,เชียงใหม่,20,รายชื่อสถานประกอบการ,,6500000,สบเปิง,2566,แม่แตง
3406,ผลิตกระดาษสา,เชียงใหม่,3000000,รายชื่อสถานประกอบการ,ซี.เอส.พี เชียงใหม่กระดาษสา,0,แม่แฝก,2566,สันทราย
3407,ฆ่าสัตว์และชำแหละเนื้อสัตว์,เชียงใหม่,2500000,รายชื่อสถานประกอบการ,บริษัท จิตรุ่งเรืองกรุ๊ป จำกัด,0,สันกำแพง,2566,สันกำแพง
3408,โรงฆ่าสัตว์และแปรรูปเนื้อสัตว์เพื่อการทดลอง,เชียงใหม่,500000,รายชื่อสถานประกอบการ,กรมปศุสัตว์,0,ช้างเผือก,2566,เมืองเชียงใหม่
3409,ฆ่าและชำแหละไก่,เชียงใหม่,5000000,รายชื่อสถานประกอบการ,บริษัท ฟาร์ม 9 ไก่ฟู้ดส์ จำกัด,0,มะขามหลวง,2566,สันป่าตอง
3410,โรงฆ่าสุกรและแปรรูปผลิตภัณฑ์สุกร,เชียงใหม่,50,รายชื่อสถานประกอบการ,โรงงานแปรรูปสุกรแม่โจ้,35000000,หนองหาร,2566,สันทราย
3411,โรงฆ่าและชำแหละสัตว์ปีก,เชียงใหม่,900000,รายชื่อสถานประกอบการ,ไก่สดนันทา,0,หายยา,2566,เมืองเชียงใหม่
3412,ฆ่าสัตว์(สุกร),เชียงใหม่,30,รายชื่อสถานประกอบการ,บริษัท ชัยพัฒนา ฟาร์ม จำกัด,30000000,เชิงดอย,2566,ดอยสะเก็ด
3413,ฆ่าและชำแหละสุกร,เชียงใหม่,150000,รายชื่อสถานประกอบการ,โรงฆ่าสัตว์(สุกร),0,หนองบัว,2566,ไชยปราการ
3414,ฆ่าและชำแหละไก่,เชียงใหม่,5000000,รายชื่อสถานประกอบการ,ห้างหุ้นส่วนจำกัด ป.พุฒ ไก่สด,0,หนองแหย่ง,2566,สันทราย
3415,ทำผลิตภัณฑ์อาหารจากเนื้อสัตว์ มันสัตว์ หนังสัตว์ หรือสารสกัดจากไขสัตว์หรือกระดูกสัตว์,เชียงใหม่,6,รายชื่อสถานประกอบการ,บริษัท ไตรเทค 2005 (ประเทศไทย) จำกัด,17500000,แช่ช้าง,2566,สันกำแพง
3416,ทำลูกชิ้นเนื้อ และหมู,เชียงใหม่,4,รายชื่อสถานประกอบการ,ลูกชิ้นบุญเสริม,850000,สันโป่ง,2566,แม่ริม
3417,เกี่ยวกับผลิตภัณฑ์จากผึ้ง และน้ำผึ้ง เช่น เครื่องดื่ม น้ำส้มสายชูหมักจากน้ำผึ้ง สบู่น้ำผึ้ง สบู่นมน้ำผึ้ง สบู่พรอพอลิส และอื่นๆ และสบู่ แชมพู หรือผลิตภัณฑ์สำหรับชะล้างหรือขัดถู เครื่องสำอาง หรือสิ่งปรุงแต่งร่างกาย ,เชียงใหม่,11,รายชื่อสถานประกอบการ,บริษัท เชียงใหม่ เฮลตี้ โปรดักส์ จำกัด,58250000,ชมภู,2566,สารภี
3418,"ทำลูกชิ้นเนื้อ,หมู",เชียงใหม่,500000,รายชื่อสถานประกอบการ,ลูกชิ้นมีชัย,0,ป่าแดด,2566,เมืองเชียงใหม่
3419,ผลิตลูกชิ้นเนื้อ หมู และไก่,เชียงใหม่,200000,รายชื่อสถานประกอบการ,ลูกชิ้นวัญนา,0,สันโป่ง,2566,แม่ริม
3420,ทำลูกชิ้นและหมูยอ,เชียงใหม่,200000,รายชื่อสถานประกอบการ,โรงงานพรสวรรค์,0,ต้นเปา,2566,สันกำแพง
3421,ทำกุนเชียง หมูหยอง,เชียงใหม่,1500000,รายชื่อสถานประกอบการ,บริษัท จิง จิง เฮียงเชียงใหม่ จำกัด,0,ท่าวังตาล,2566,สารภี
3422,แปรรูปผลิตภัณฑ์จากผึ้ง,เชียงใหม่,1000000,รายชื่อสถานประกอบการ,บริษัท ฟาร์มผึ้งพัฒนกิจ จำกัด,0,หนองผึ้ง,2566,สารภี
3423,แปรรูปผลิตภัณฑ์อาหารจากเนื้อสัตว์,เชียงใหม่,1000000,รายชื่อสถานประกอบการ,ลูกชิ้นพรสวรรค์,0,ต้นเปา,2566,สันกำแพง
3424,ผลิตผลิตภัณฑ์จากผึ้ง เช่น น้ำผึ้ง ไขผึ้ง เกสรผึ้ง นมผึ้ง,เชียงใหม่,10,รายชื่อสถานประกอบการ,บริษัท ฮันนี่ โพลีพลัส จำกัด,12000000,ท่าศาลา,2566,เมืองเชียงใหม่
3425,ผลิตอาหารจากเนื้อสัตว์ เช่น ไส้กรอก แฮม เบอร์เกอร์ ปาเต้,เชียงใหม่,6,รายชื่อสถานประกอบการ,บริษัท จีบุส ฟู้ดส์ โปรดักส์ จำกัด,8500000,ท่าศาลา,2566,เมืองเชียงใหม่
3426,ชำแหละ ตัดแต่ง ชิ้นส่วนสุกรและแปรรูปเนื้อสัตว์,เชียงใหม่,77,รายชื่อสถานประกอบการ,บริษัท ซีพีเอฟ (ประเทศไทย) จำกัด (มหาชน),90000000,สันกลาง,2566,สันป่าตอง
3427,แปรรูปรังนกนางแอ่น,เชียงใหม่,5000000,รายชื่อสถานประกอบการ,บริษัท กู๊ดฟอร์จูนเอเชีย จำกัด,0,ขุนคง,2566,หางดง
3428,แปรรูปผลิตภัณฑ์จากไข่ และคัดบรรจุไข่,เชียงใหม่,11,รายชื่อสถานประกอบการ,บริษัท ซีพีเอฟ (ประเทศไทย) จำกัด (มหาชน),206500000,ห้วยทราย,2566,สันกำแพง
3429,อัดเศษกระดาษ,เชียงใหม่,200000,รายชื่อสถานประกอบการ,ส.วิวัฒน์พานิช,0,หนองหอย,2566,เมืองเชียงใหม่
3430,อัดเศษกระดาษเก่า,เชียงใหม่,2000000,รายชื่อสถานประกอบการ,โรงอัดเศษกระดาษสารภี,0,สารภี,2566,สารภี
3431,ทำผลิตภัณฑ์จากกระดาษสา,เชียงใหม่,5499803,รายชื่อสถานประกอบการ,ห้างหุ้นส่วนจำกัด เชียงใหม่อินเตอร์เนชั่นแนล เดค,0,สันกำแพง,2566,สันกำแพง
3432,พิมพ์สิ่งพิมพ์ต่าง ๆ,เชียงใหม่,500000,รายชื่อสถานประกอบการ,บริษัท โชตนาพริ้นท์ จำกัด,0,ศรีภูมิ,2566,เมืองเชียงใหม่
3433,พิมพ์สิ่งพิมพ์ต่างๆ,เชียงใหม่,0,รายชื่อสถานประกอบการ,ห้างหุ้นส่วนจำกัด สยามรัตน,0,ช้างคลาน,2566,เมืองเชียงใหม่
3434,ผลิตปุ๋ยเคมี,เชียงใหม่,750000,รายชื่อสถานประกอบการ,มหาลาภ,0,ร้องวัวแดง,2566,สันกำแพง
3435,ผลิตปุ๋ยอินทรีย์ (ปุ๋ยหมัก) และปุ๋ยอินทรีย์เคมี,เชียงใหม่,500000,รายชื่อสถานประกอบการ,บริษัท เชียงใหม่ฮิวโมสท์ จำกัด,0,แช่ช้าง,2566,สันกำแพง
3436,ผลิตปุ๋ยอินทรีย์,เชียงใหม่,7500000,รายชื่อสถานประกอบการ,บริษัท เนเจอรอล อะกรีคัลเจอร์ จำกัด,0,แม่หอพระ,2566,แม่แตง
3437,ผลิตปุ๋ยอินทรีย์-ชีวภาพ,เชียงใหม่,8815000,รายชื่อสถานประกอบการ,บริษัท มอนทรีโอ้ ค๊อฟฟี่ จำกัด,0,ดอยหล่อ,2566,ดอยหล่อ
3438,เกี่ยวกับการผลิตวัตถุที่รับรองไว้ในตำรายาที่รัฐมนตรีว่าการกระทรวงสาธารณสุขประกาศและการผลิตวัตถุที่มุ่งหมายสำหรับใช้ในการวิเคราะห์ บำบัด บรรเทา รักษา หรือป้องกันโรคหรือความเจ็บป่วยของมนุษย์หรือสัตว์,เชียงใหม่,13,รายชื่อสถานประกอบการ,บริษัท ดีท็อกซ์ (ประเทศไทย) จำกัด,66000000,น้ำแพร่,2566,หางดง
3439,ผลิตยารักษาโรคแผนปัจจุบัน เช่น ยาเม็ด ยารูปแบบของเหลว ยาครีม ยาเหน็บ ที่มีสารสกัดจากกัญชง เป็นต้น,เชียงใหม่,33,รายชื่อสถานประกอบการ,บริษัท ซาลัส ไบโอซูติคอล (ประเทศไทย) จำกัด,354575000,เชิงดอย,2566,ดอยสะเก็ด
3440,การสกัดสมุนไพรทำเครื่องสำอาง ยาสมุนไพร และอาหารเสริม,เชียงใหม่,30,รายชื่อสถานประกอบการ,บริษัท ซีเอ็มซี แอสโซซิเอทส์ จำกัด,32000000,แม่นะ,2566,เชียงดาว
3441,โรงงานประกอบกิจการเกี่ยวกับ ยา การผลิตวัตถุที่มุ่งหมายสำหรับใช้ในการวิเคราะห์ บำบัด บรรเทา รักษาหรือป้องกันโรค หรือความเจ็บป่วยของมนุษย์ หรือสัตว์,เชียงใหม่,21,รายชื่อสถานประกอบการ,บริษัท ดีท็อกซ์(ประเทศไทย) จำกัด,8500000,น้ำแพร่,2566,หางดง
3442,การผลิตน้ำยาทำความสะอาด,เชียงใหม่,40000000,รายชื่อสถานประกอบการ,บริษัท เค.ซี.ซี.พี. 2011 กรุ๊ป จำกัด,0,ป่าบง,2566,สารภี
3443,ผลิตสบู่และเครื่องสำอางค์ สมุนไพร,เชียงใหม่,5000000,รายชื่อสถานประกอบการ,บริษัท เฮิร์บ เบสิคส์ จำกัด,0,หารแก้ว,2566,หางดง
3444,ผลิต-จำหน่าย เครื่องสำอาง อาหารเสริม สารสกัด,เชียงใหม่,5,รายชื่อสถานประกอบการ,บริษัท เอส.ที.ดี เมติกส์ จำกัด,31954217.27,หนองหาร,2566,สันทราย
3445,ผลิตพาราฟินแวกซ์,เชียงใหม่,13,รายชื่อสถานประกอบการ,บริษัท อุนนดา จำกัด,13500000,ป่าป้อง,2566,ดอยสะเก็ด
3446,ผลิตถ่านกัมมันต (ACTIVATED CARBON) และเครื่องกรองน้ำ,เชียงใหม่,7,รายชื่อสถานประกอบการ,พี เอ คาร์บอน,2100000,ตลาดใหญ่,2566,ดอยสะเก็ด
3447,ผลิตเทียนหอม,เชียงใหม่,90,รายชื่อสถานประกอบการ,บริษัท ที.ที.ที.แคนเดิล จำกัด,20050000,สันผักหวาน,2566,หางดง
3448,ทำเทียนหอมและเทียนไข,เชียงใหม่,1000000,รายชื่อสถานประกอบการ,บริษัท ดาเลี่ยน ทาเล้น โฮม เดคอร์(ไทย) จำกัด,0,บ้านกลาง,2566,สันป่าตอง
3449,ทำผลิตภัณฑ์นม,เชียงใหม่,1000000,รายชื่อสถานประกอบการ,บริษัท เชียงใหม่ เฟรชมิลค์ จำกัด,0,ท่าวังตาล,2566,สารภี
3450,ผลิตนมพลาสเจอร์ไรส์ และ ยู.เอช.ที,เชียงใหม่,0,รายชื่อสถานประกอบการ,บริษัท โกลด์มิลค์ จำกัด,0,ชมภู,2566,สารภี
3451,ผลิตแอสฟัลท์ติกคอนกรีต,เชียงใหม่,500000,รายชื่อสถานประกอบการ,ห้างหุ้นส่วนจำกัด ปราการวิศวะก่อสร้าง,0,แม่สูน,2566,ฝาง
3452,ผลิตแอสฟัลท์ติกคอนกรีต,เชียงใหม่,10000000,รายชื่อสถานประกอบการ,บริษัท อัครโยธิน จำกัด,0,บงตัน,2566,ดอยเต่า
3453,ผลิตแอสฟัลท์ติกคอนกรีต,เชียงใหม่,3000000,รายชื่อสถานประกอบการ,บริษัท เชียงใหม่ 49 คอนสตรัคชั่น จำกัด,0,มะขุนหวาน,2566,สันป่าตอง
3454,ผลิตแอสฟัลท์ติกคอนกรีต,เชียงใหม่,5000000,รายชื่อสถานประกอบการ,ห้างหุ้นส่วนจำกัด ขนุนแดงคอนสตรัคชั่น,0,เวียง,2566,ฝาง
3455,ผลิตแอสฟัลส์ติกคอนกรีต,เชียงใหม่,10000000,รายชื่อสถานประกอบการ,ห้างหุ้นส่วนจำกัด เชียงใหม่ศรีอัมภาการก่อสร้าง,0,น้ำแพร่,2566,หางดง
3456,ผลิตแอสฟัลท์ติกคอนกรีต,เชียงใหม่,6,รายชื่อสถานประกอบการ,บริษัท สุขุมการโยธา จำกัด,89048450,ฮอด,2566,ฮอด
3457,ผลิตแอสฟัลท์ติกคอนกรีต,เชียงใหม่,10000000,รายชื่อสถานประกอบการ,ห้างหุ้นส่วนจำกัด ธนะชัย แอสโซซิเอท,0,หนองหาร,2566,สันทราย
3458,ผลิตแอสฟัลติกคอนกรีต,เชียงใหม่,3,รายชื่อสถานประกอบการ,ห้างหุ้นส่วนจำกัด ธัญญลักษณ์เอ็นจิเนียริ่ง,30350000,บ้านกาด,2566,แม่วาง
3459,ผลิตแอสฟัลส์ติคคอนกรีต,เชียงใหม่,10000000,รายชื่อสถานประกอบการ,บริษัท อัครโยธิน จำกัด,0,ยางเปียง,2566,อมก๋อย
3460,ทำคอนกรีตแอสฟัลต์,เชียงใหม่,15,รายชื่อสถานประกอบการ,บริษัท เชียงใหม่สหวิศวโยธาการ จำกัด,21000000,ยางเนิ้ง,2566,สารภี
3461,โรงงานยางแอสฟัลท์ติกคอนกรีตผสมเสร็จ,เชียงใหม่,10000000,รายชื่อสถานประกอบการ,บริษัท เชียงใหม่ เอส.พี คอนสตรัคชั่น จำกัด,0,บวกค้าง,2566,สันกำแพง
3462,ผลิตแอสฟัลต์ติกคอนกรีต,เชียงใหม่,200000,รายชื่อสถานประกอบการ,บริษัท กาญจนาธุรกิจก่อสร้าง จำกัด,0,ร้องวัวแดง,2566,สันกำแพง
3463,ผลิตแอสฟัลท์ติกคอนกรีต,เชียงใหม่,10000000,รายชื่อสถานประกอบการ,บริษัท บลูแลนด์ เอ็นจิเนียริ่ง จำกัด,0,บ้านตาล,2566,ฮอด
3464,โรงงานผลิตแอสฟัลท์ติกคอนกรีต,เชียงใหม่,1000000,รายชื่อสถานประกอบการ,บริษัท เชียงใหม่ศรีสุนทร จำกัด,0,อินทขิล,2566,แม่แตง
3465,ผลิตแอสฟัลท์ติกคอนกรีต,เชียงใหม่,5000000,รายชื่อสถานประกอบการ,บริษัท ภาคเหนือวัสดุ จำกัด,0,ดอยหล่อ,2566,ดอยหล่อ
3466,ผลิตแอสฟัสท์ติกคอนกรีต,เชียงใหม่,16,รายชื่อสถานประกอบการ,ห้างหุ้นส่วนจำกัด ธนาทรัพย์การโยธา,30660000,ขี้เหล็ก,2566,แม่แตง
3467,ผลิตแอสฟัลท์ติกคอนกรีต,เชียงใหม่,2000000,รายชื่อสถานประกอบการ,บริษัท ทีแพค แอสฟัลท์ติก แอนด์ คอนกรีต จำกัด,0,ดอยหล่อ,2566,ดอยหล่อ
3468,ผลิตแอสฟัลต์ติกคอนกรีต,เชียงใหม่,1000000,รายชื่อสถานประกอบการ,บริษัท เชียงใหม่ สหศิลา จำกัด,0,ศรีดงเย็น,2566,ไชยปราการ
3469,ผลิตแอสฟัลติกคอนกรีต,เชียงใหม่,1000000,รายชื่อสถานประกอบการ,ห้างหุ้นส่วนจำกัด ลำธาร คอนสตรัคชั่น,0,ดอยหล่อ,2566,ดอยหล่อ
3470,ผลิตแอสฟัลท์ติกคอนกรีต,เชียงใหม่,10000000,รายชื่อสถานประกอบการ,บริษัท ภาคเหนือวัสดุ จำกัด,0,บ้านแอ่น,2566,ดอยเต่า
3471,ผลิตแอสฟิลท์ติกคอนกรีต,เชียงใหม่,3000000,รายชื่อสถานประกอบการ,ห้างหุ้นส่วนจำกัด เอ.เอ็น.วี. สำรวจและรังวัด,0,ขี้เหล็ก,2566,แม่ริม
3472,ผลิตแอสฟัลท์ติกคอนกรีต,เชียงใหม่,10000000,รายชื่อสถานประกอบการ,บริษัท ภาคเหนือวัสดุ จำกัด,0,บ้านแอ่น,2566,ดอยเต่า
3473,ผลิตแอสฟัลท์ติกคอนกรีต,เชียงใหม่,7,รายชื่อสถานประกอบการ,บริษัท อีเกิ้ล อิมพอร์ต แอนด์ เอ็กซ์พอร์ต อินเตอร์เนชั่นแนล จำกัด,38000000,บ้านแอ่น,2566,ดอยเต่า
3474,ผลิตซีนกันน้ำมัน,เชียงใหม่,300000,รายชื่อสถานประกอบการ,บริษัท อิเทอร์นัล เอ็นเตอร์ไพรส์ จำกัด,0,แม่เหียะ,2566,เมืองเชียงใหม่
3475,บดย่อยยางรถยนต์,เชียงใหม่,100000,รายชื่อสถานประกอบการ,บริษัท คอนติเนนตัล แพลทฟอร์ม (ไทยแลนด์) จำกัด,0,ดอนเปา,2566,แม่วาง
3476,ผลิตฟองน้ำ ตัดฟองน้ำ ทำชิ้นส่วนเครื่องเรือน,เชียงใหม่,2000000,รายชื่อสถานประกอบการ,บริษัท เคียงดอย โปรดักส์ จำกัด,0,ยุหว่า,2566,สันป่าตอง
3477,ผลิตอุปกรณ์ผ้าม่าน,เชียงใหม่,2000000,รายชื่อสถานประกอบการ,อี.พี.เดคคอร์ (ประเทศไทย),0,หนองหาร,2566,สันทราย
3478,"ทำผลิตภัณฑ์พลาสติก เช่น ขวด,แก้วน้ำ",เชียงใหม่,1000000,รายชื่อสถานประกอบการ,พลาสติกเก้ายอด,0,สง่าบ้าน,2566,ดอยสะเก็ด
3479,ทำถุงพลาสติก,เชียงใหม่,2100000,รายชื่อสถานประกอบการ,ยิ้มเจริญพลาสติก,0,ป่าไผ่,2566,สันทราย
3480,ผลิตถุงพลาสติก,เชียงใหม่,15,รายชื่อสถานประกอบการ,ห้างหุ้นส่วนจำกัด บุญตาอุตสาหกรรมพลาสติก,4500000,ดอนแก้ว,2566,สารภี
3481,ผลิตผลิตภัณฑ์พลาสติก,เชียงใหม่,4000000,รายชื่อสถานประกอบการ,บริษัท รวมเเพคส์ พลาสติก จำกัด,0,สารภี,2566,สารภี
3482,ผลิตภาชนะบรรจุจากพลาสติก เช่น ขวดพลาสติกใส,เชียงใหม่,6000000,รายชื่อสถานประกอบการ,บริษัท วันทูวัน นอร์ท จำกัด,0,ชมภู,2566,สารภี
3483,ผลิตถังน้ำและถังบำบัดน้ำเสีย,เชียงใหม่,2000000,รายชื่อสถานประกอบการ,บริษัท เจริญมิตรเชียงใหม่ จำกัด,0,แช่ช้าง,2566,สันกำแพง
3484,ผลิตกระสอบสานพลาสติก,เชียงใหม่,4000000,รายชื่อสถานประกอบการ,ล้านนาโพลีแซค,0,แม่แฝก,2566,สันทราย
3485,ผลิตกระสอบสานพลาสติก,เชียงใหม่,4000000,รายชื่อสถานประกอบการ,บริษัท เดอ คอนสตรัคชั่น จำกัด,0,แม่แฝก,2566,สันทราย
3486,ทำพลาสติกเม็ดและทำถุงพลาสติก,เชียงใหม่,18,รายชื่อสถานประกอบการ,นิศารัตน์ พลาสติก,3700000,สันกำแพง,2566,สันกำแพง
3487,ผลิตภาชนะเครื่องใช้และผลิตภัณฑ์ที่เกี่ยวกับพลาสติกทุกชนิด,เชียงใหม่,1000000,รายชื่อสถานประกอบการ,บริษัท จิ้น ลี่ จำกัด,0,ขุนคง,2566,หางดง
3488,ทำพลาสติกเป็นเม็ด และเป็นชิ้น,เชียงใหม่,1000000,รายชื่อสถานประกอบการ,ห้างหุ้นส่วนจำกัด อโนทัยพลาสติก,0,ห้วยทราย,2566,แม่ริม
3489,การล้าง บด หรือย่อยพลาสติก,เชียงใหม่,4000000,รายชื่อสถานประกอบการ,พรพรรณพานิช,0,บวกค้าง,2566,สันกำแพง
3490,บีบ อัด บด ล้าง หรือ ย่อยพลาสติก,เชียงใหม่,1500000,รายชื่อสถานประกอบการ,บริษัท สแคร็พไทยรีไซเคิล(พลาสติก) จำกัด,0,ดอยหล่อ,2566,ดอยหล่อ
3491,"ล้าง,บด,ย่อย,พลาสติก",เชียงใหม่,16,รายชื่อสถานประกอบการ,Yong Shein Plastic Recycle Ordinary Partnership,2750000,ขี้เหล็ก,2566,แม่ริม
3492,ล้าง บด หรือย่อยพลาสติก และอัดพลาสติก,เชียงใหม่,24,รายชื่อสถานประกอบการ,โรงโม่พลาสติกสะอาด,2360000,ยุหว่า,2566,สันป่าตอง
3493,ล้าง บด หรือย่อยพลาสติก,เชียงใหม่,2000000,รายชื่อสถานประกอบการ,บริษัท ล้านนา เอ็น-โพลีเมอร์ จำกัด,0,บวกค้าง,2566,สันกำแพง
3494,ล้าง บด ย่อยพลาสติก,เชียงใหม่,3000000,รายชื่อสถานประกอบการ,บริษัท พงศ์พสิษฐ์ จำกัด,0,บ้านกลาง,2566,สันป่าตอง
3495,บดย่อยพลาสติก,เชียงใหม่,14,รายชื่อสถานประกอบการ,โรงโม่พลาสติกแม่วาง,4100000,ดอนเปา,2566,แม่วาง
3496,ผลิตลูกปัดแก้ว,เชียงใหม่,1182000,รายชื่อสถานประกอบการ,บริษัท อาร์ เอ็ม ซี เจมส์ ไทย จำกัด,0,ทรายมูล,2566,สันกำแพง
3497,เครื่องเคลือบดินเผา,เชียงใหม่,100000,รายชื่อสถานประกอบการ,เจียงดินเซรามิค,0,หนองป่าครั่ง,2566,เมืองเชียงใหม่
3498,ทำเครื่องเคลือบดินเผา,เชียงใหม่,200000,รายชื่อสถานประกอบการ,บริษัท สยามศิลาดล พอตเทอรี่ จำกัด,0,ต้นเปา,2566,สันกำแพง
3499,ทำเครื่องปั๊มดินเผา,เชียงใหม่,4500000,รายชื่อสถานประกอบการ,บริษัท สโตนสเคปส์ จำกัด,0,น้ำแพร่,2566,หางดง
3500,ทำเครื่องปั้นดินเผา,เชียงใหม่,1000000,รายชื่อสถานประกอบการ,ห้างหุ้นส่วนจำกัด เชียงใหม่เซลาดอน (2015),0,ป่าป้อง,2566,ดอยสะเก็ด
3501,ผลิตและจำหน่ายเครื่องปั้นดินเผาประเภทสุขภัณฑ์ในห้องน้ำ,เชียงใหม่,200000,รายชื่อสถานประกอบการ,บริษัท แกรนด์ เซรามิค จำกัด,0,สันกำแพง,2566,สันกำแพง
3502,ผลิตเครื่องเซรามิค,เชียงใหม่,763487,รายชื่อสถานประกอบการ,บริษัท เชียงใหม่ พอร์สเลน จำกัด,0,บ้านแหวน,2566,หางดง
3503,ผลิตเซรามิค เครื่องประดับ,เชียงใหม่,4100000,รายชื่อสถานประกอบการ,บริษัท ซี เอ็ม เซรามิค เชียงใหม่(ประเทศไทย) จำกัด,0,สันติสุข,2566,ดอยหล่อ
3504,ทำเครื่องปั้นดินเผา,เชียงใหม่,22,รายชื่อสถานประกอบการ,แม่ริมเซรามิคสตูดิโอ,6000000,ดอนแก้ว,2566,แม่ริม
3505,ทำเซรามิค,เชียงใหม่,50000,รายชื่อสถานประกอบการ,ห้างหุ้นส่วนจำกัด ณ. นวอินเตอร์เนชั่นแนล,0,ยางเนิ้ง,2566,สารภี
3506,"ผลิตเครื่องปั้นดินเผา ,เครื่องเคลือบ ,เซรามิก",เชียงใหม่,1000000,รายชื่อสถานประกอบการ,บริษัท กษมา พอทเทอรี่ จำกัด,0,สันนาเม็ง,2566,สันทราย
3507,ผลิตเครื่องปั้นดินเผาเคลือบศิลาดล,เชียงใหม่,9500000,รายชื่อสถานประกอบการ,เตาเม็งราย,0,ต้นเปา,2566,สันกำแพง
3508,ทำอิฐ ดินเผา,เชียงใหม่,300000,รายชื่อสถานประกอบการ,เบิ้มอิฐก่อ,0,บ้านแม,2566,สันป่าตอง
3509,ผลิตอิฐดินเผา,เชียงใหม่,3000000,รายชื่อสถานประกอบการ,บริษัท ปัทมเพชร จำกัด,0,ข่วงเปา,2566,จอมทอง
3510,อิฐดินเผา,เชียงใหม่,10,รายชื่อสถานประกอบการ,อิฐคำปัน,2100000,แม่สาว,2566,แม่อาย
3511,ทำอิฐดินเผา,เชียงใหม่,500000,รายชื่อสถานประกอบการ,อิฐคำปัน,0,แม่สาว,2566,แม่อาย
3512,ทำอิฐ,เชียงใหม่,0,รายชื่อสถานประกอบการ,อิฐชัยวัฒนา,0,หนองควาย,2566,หางดง
3513,ผลิตและจำหน่ายอิฐมอญ,เชียงใหม่,100000,รายชื่อสถานประกอบการ,อิฐสุขใจ,0,แม่สาว,2566,แม่อาย
3514,ผลิตและจำหน่วยอิฐมอญ,เชียงใหม่,26,รายชื่อสถานประกอบการ,นายจันทร์ทิพย์ โกช่วย,3144000,แม่สาว,2566,แม่อาย
3515,ทำผลิตภัณฑ์จากการผสมปูนปลาสเตอร์ เช่น ฟันปลอม,เชียงใหม่,166,รายชื่อสถานประกอบการ,บริษัท เอ็กซา ซีแลม จำกัด,8800000,สันพระเนตร,2566,สันทราย
3516,ทำผลิตภัณฑ์คอนกรีต เช่น เสาเข็ม แผ่นพื้น เสารั้วคอนกรีตอัดแรง,เชียงใหม่,500000,รายชื่อสถานประกอบการ,บริษัท ดอยสะเก็ดคอนกรีต จำกัด,0,ลวงเหนือ,2566,ดอยสะเก็ด
3517,ทำคอนกรีตผสมเสร็จ,เชียงใหม่,5000000,รายชื่อสถานประกอบการ,บริษัท คิวมิกซ์ซัพพลาย จำกัด,0,ชมภู,2566,สารภี
3518,ทำผลิตภัณฑ์คอนกรีต คอนกรีตผสมเสร็จ,เชียงใหม่,500000,รายชื่อสถานประกอบการ,บริษัท เอส เอ็น คอนกรีต จำกัด,0,เวียง,2566,ฝาง
3519,ทำผลิตภัณฑ์คอนกรีต เช่น ท่อระบายน้ำ เสา,เชียงใหม่,500000,รายชื่อสถานประกอบการ,ห้างหุ้นส่วนจำกัด เชียงใหม่ ส.วิศวการ คอนกรีต,0,ช้างเผือก,2566,เมืองเชียงใหม่
3520,ผลิตคอนกรีตผสมเสร็จ,เชียงใหม่,1000000,รายชื่อสถานประกอบการ,โรงงานคอนกรีตผสมเสร็จ ฮอด,0,หางดง,2566,ฮอด
3521,ผลิตและจำหน่ายท่อคอนกรีตอัดแรง และผลิตภัฒฑ์จากคอนกรีต,เชียงใหม่,1500000,รายชื่อสถานประกอบการ,บริษัท พี.คอนกรีตโปรดักส์ จำกัด,0,บวกค้าง,2566,สันกำแพง
3522,ผลิตคอนกรีตผสมเสร็จ,เชียงใหม่,4000000,รายชื่อสถานประกอบการ,บริษัท นครหลวงคอนกรีต จำกัด,0,ท่าวังตาล,2566,สารภี
3523,ผลิตคอนกรีตผสมเสร็จ,เชียงใหม่,2000000,รายชื่อสถานประกอบการ,ห้างหุ้นส่วนจำกัด ชัยพล ค้าวัสดุก่อสร้าง,0,แม่แฝก,2566,สันทราย
3524,ผลิตคอนกรีตผสมเสร็จ,เชียงใหม่,7,รายชื่อสถานประกอบการ,หน่วยผลิตคอนกรีต เชียงใหม่,15000000,เชิงดอย,2566,ดอยสะเก็ด
3525,ผลิตคอนกรีตผสมเสร็จ,เชียงใหม่,2000000,รายชื่อสถานประกอบการ,บริษัท นครพลวงคอนกรีต จำกัด,0,สันปูเลย,2566,ดอยสะเก็ด
3526,ผลิตคอนกรีตผสมเสร็จ,เชียงใหม่,500000,รายชื่อสถานประกอบการ,ห้างหุ้นส่วนจำกัด บี แอนด์ ที คอนกรีตผสมเสร็จ,0,สันกำแพง,2566,สันกำแพง
3527,ผลิตคอนกรีตผสมเสร็จ,เชียงใหม่,10000000,รายชื่อสถานประกอบการ,ห้างหุ้นส่วนจำกัด พี.ดีบบลิว.เอส คอนกรีต,0,หนองจ๊อม,2566,สันทราย
3528,ทำผลิตภัณฑ์คอนกรีต และทำอิฐดินเผา,เชียงใหม่,25,รายชื่อสถานประกอบการ,อิฐวังตาล,6500000,ยุหว่า,2566,สันป่าตอง
3529,ผลิตและจำหน่ายผลิตภัณฑ์คอนกรีตผสมเสร็จทุกชนิด,เชียงใหม่,5000000,รายชื่อสถานประกอบการ,บริษัท พี พี เอส คอนกรีต จำกัด สาขาดอยสะเก็ด,0,เชิงดอย,2566,ดอยสะเก็ด
3530,ผลิตผลิตภัณฑ์จากคอนกรีต เช่น ท่อคอนกรีต,เชียงใหม่,500000,รายชื่อสถานประกอบการ,ท่ออัดแรง เอสดับบลิว (สมหวัง),0,สันกำแพง,2566,สันกำแพง
3531,ทำผลิตภัณฑ์คอนกรีตผสมเสร็จ เช่น แผ่นพื้นสำเร็จ,เชียงใหม่,4,รายชื่อสถานประกอบการ,บริษัท บูรพาคอนกรีต แอนด์คอนสตรัคชั่น จำกัด,18200000,เชิงดอย,2566,ดอยสะเก็ด
3532,ผลิตภัณฑ์คอนกรีต เช่น เสาเข็ม แผ่นพื้น เสารั้วคอนกรีตอัดแรง ฯลฯ และคอนกรีตผสมเสร็จ,เชียงใหม่,13,รายชื่อสถานประกอบการ,ห้างหุ้นส่วนจำกัด ประภาสถามดี การช่าง (ผลิตภัณฑ์คอนกรีต),26000000,ขี้เหล็ก,2566,แม่ริม
3533,ผลิตคอนกรีตผสมเสร็จ,เชียงใหม่,1000000,รายชื่อสถานประกอบการ,ห้างหุ้นส่วนจำกัด ประสิทธิ์คอนสตรัคชั่นแอนด์ดีไซน์,0,แม่นาวาง,2566,แม่อาย
3534,ผลิตคอนกรีตผสมเสร็จ,เชียงใหม่,4,รายชื่อสถานประกอบการ,บริษัท ภาคเหนือวัสดุ จำกัด,12830000,บ้านแอ่น,2566,ดอยเต่า
3535,ผลิตคอนกรีตผสมเสร็จและผลิตภัณฑ์คอนกรีต,เชียงใหม่,11,รายชื่อสถานประกอบการ,ห้างหุ้นส่วนจำกัด ที เอ็น ดับเบิ้ลยู เชียงดาวก่อสร้าง,6000000,เชียงดาว,2566,เชียงดาว
3536,ผลิตคอนกรีตผสมเสร็จ,เชียงใหม่,4,รายชื่อสถานประกอบการ,โรงงานคอนกรีตผสมเสร็จ เชียงใหม่-ดอยสะเก็ด,10500000,เชิงดอย,2566,ดอยสะเก็ด
3537,ผลิตคอนกรีตผสมเสร็จ,เชียงใหม่,600000,รายชื่อสถานประกอบการ,โรงงานคอนกรีตผสมเสร็จ เชียงใหม่-สันผีเสื้อ,0,สันผีเสื้อ,2566,เมืองเชียงใหม่
3538,ผลิตคอนกรีตผสมเสร็จ,เชียงใหม่,10600000,รายชื่อสถานประกอบการ,โรงงานคอนกรีตผสมเสร็จ เชียงใหม่-ดอยหล่อ,0,สองแคว,2566,ดอยหล่อ
3539,ผลิตคอนกรีตผสมเสร็จ,เชียงใหม่,0,รายชื่อสถานประกอบการ,บริษัท เสรี ภู่พิสิฐ จำกัด,0,ข่วงเปา,2566,จอมทอง
3540,ผลิตคอนกรีตผสมเสร็จ,เชียงใหม่,18,รายชื่อสถานประกอบการ,บริษัท ยู เอส พรีคาสท์ คอนกรีต จำกัด,25000000,แม่แฝกใหม่,2566,สันทราย
3541,ผลิตภัณฑ์คอนกรีตผสมเสร็จ,เชียงใหม่,4,รายชื่อสถานประกอบการ,บริษัท พี-มิกซ์ โปรดักส์ จำกัด,12000000,บ้านแอ่น,2566,ดอยเต่า
3542,ทำผลิตภัณฑ์คอนกรีต,เชียงใหม่,10,รายชื่อสถานประกอบการ,ทุ่งข้าวพวงวัสดุก่อสร้าง,2100000,ทุ่งข้าวพวง,2566,เชียงดาว
3543,ผลิตคอนกรีตผสมเสร็จ,เชียงใหม่,5000000,รายชื่อสถานประกอบการ,บริษัท พี พี เอส คอนกรีต จำกัด (สาขาฮอด),0,บ้านแปะ,2566,จอมทอง
3544,ผลิตภัณฑ์คอนกรีตผสมเสร็จ ผลิตแผ่นพื้นสำเร็จท้องเรียบ คสล. และเสาเข็มอัดแรง คสล.ซีเแพค,เชียงใหม่,2000000,รายชื่อสถานประกอบการ,ห้างหุ้นส่วนจำกัด เรืองชัยคอนกรีต,0,เวียง,2566,ฝาง
3545,ทำคอนกรีตผสมเสร็จ และผลิตภัณฑ์คอนกรีต เช่น เสา แผ่นพื้น ท่อ และอิฐบล๊อก,เชียงใหม่,500000,รายชื่อสถานประกอบการ,บริษัท พี.พี.เอส คอนกรีต จำกัด,0,ข่วงเปา,2566,จอมทอง
3546,ผลิตคอนกรีตผสมเสร็จ,เชียงใหม่,600000,รายชื่อสถานประกอบการ,โรงงานคอนกรีตผสมเสร็จ เชียงใหม่-สารภี,0,สารภี,2566,สารภี
3547,ผลิตคอนกรีตผสมเสร็จ,เชียงใหม่,10000000,รายชื่อสถานประกอบการ,บริษัท คิวมิกซ์ซัพพลาย จำกัด,0,หางดง,2566,หางดง
3548,ผลิตคอนกรีตผสมเสร็จ,เชียงใหม่,600000,รายชื่อสถานประกอบการ,โรงงานคอนกรีตผสมเสร็จ แม่ริม,0,ขี้เหล็ก,2566,แม่แตง
3549,ผลิตภัณฑ์คอนกรีตผสมเสร็จ,เชียงใหม่,1000000,รายชื่อสถานประกอบการ,บริษัท พี-มิกซ์ โปรดักส์ จำกัด,0,สบเตี๊ยะ,2566,จอมทอง
3550,ผลิตคอนกรีตผสมเสร็จ,เชียงใหม่,10,รายชื่อสถานประกอบการ,บริษัท เชียงใหม่ 49 คอนสตรัคชั่น จำกัด,10601000,มะขุนหวาน,2566,สันป่าตอง
3551,ผลิตคอนกรีตผสมเสร็จ,เชียงใหม่,3,รายชื่อสถานประกอบการ,โรงงานคอนกรีตผสมเสร็จ เชียงใหม่-สันกำแพง,3000000,แช่ช้าง,2566,สันกำแพง
3552,ผลิตคอนกรีตผสมเสร็จ,เชียงใหม่,6000000,รายชื่อสถานประกอบการ,บริษัท ไจก้าคอนกรีต จำกัด,0,เชียงดาว,2566,เชียงดาว
3553,ผลิตคอนกรีตผสมเสร็จ และผลิตภัณฑ์คอนกรีต,เชียงใหม่,10,รายชื่อสถานประกอบการ,บริษัท อุดมธนา จำกัด,25000000,สันทราย,2566,ฝาง
3554,ผลิตภัณฑ์คอนกรีตผสมเสร็จ,เชียงใหม่,1000000,รายชื่อสถานประกอบการ,ห้างหุ้นส่วนจำกัด เรืองชัยคอนกรีต,0,สันทราย,2566,ฝาง
3555,ผลิตภัณฑ์คอนกรีตผสมเสร็จ,เชียงใหม่,2000000,รายชื่อสถานประกอบการ,คอนกรีต881,0,ท่าวังพร้าว,2566,สันป่าตอง
3556,ผลิตคอนกรีตผสมเสร็จ,เชียงใหม่,600000,รายชื่อสถานประกอบการ,โรงงานคอนกรีตผสมเสร็จ เชียงใหม่-สันปูเลย,0,สันปูเลย,2566,ดอยสะเก็ด
3557,ผลิตคอนกรีตผสมเสร็จ,เชียงใหม่,1000000,รายชื่อสถานประกอบการ,บริษัท อีเกิ้ล อิมพอร์ต แอนด์ เอ็กซ์พอร์ต อินเตอร์เนชั่นแนล จำกัด,0,บ้านแอ่น,2566,ดอยเต่า
3558,ผลิตและจำหน่ายผลิตภัณฑ์คอนกรีตผสมเสร็จทุกชนิด,เชียงใหม่,7,รายชื่อสถานประกอบการ,บริษัท พี พี เอส คอนกรีต จำกัด,19000000,ท่าวังตาล,2566,สารภี
3559,เกี่ยวกับการผลิตและจำหน่ายอิฐมวลเบา,เชียงใหม่,5000000,รายชื่อสถานประกอบการ,โรงงานผลิตอิฐมวลเบา SLP,0,เมืองเล็น,2566,สันทราย
3560,ผลิต จำหน่าย คอนกรีตผสมเสร็จ,เชียงใหม่,0,รายชื่อสถานประกอบการ,บริษัท พี.ที.คอนกรีต เชียงใหม่ จำกัด,0,แม่สูน,2566,ฝาง
3561,ผลิตคอนกรีตผสมเสร็จ กำลังการผลิต 80 ลูกบาศก์เมตรต่อชั่วโมง ,เชียงใหม่,4,รายชื่อสถานประกอบการ,โรงงานคอนกรีตผสมเสร็จ สันทราย,5000000,หนองหาร,2566,สันทราย
3562,ทำผลิตภัณฑ์คอนกรีต,เชียงใหม่,3000000,รายชื่อสถานประกอบการ,ห้างหุ้นส่วนจำกัด ท่อคอนกรีต เอ กรุ๊ป,0,สันกลาง,2566,สันป่าตอง
3563,ผลิตและจำหน่ายคอนกรีตผสมเสร็จ,เชียงใหม่,8,รายชื่อสถานประกอบการ,ห้างหุ้นส่วนจำกัด พี.ดับบลิว.เอส.คอนกรีต,56500000,แม่แฝก,2566,สันทราย
3564,ผลิตคอนกรีตผสมเสร็จ,เชียงใหม่,20000000,รายชื่อสถานประกอบการ,โรงงานคอนกรีตผสมเสร็จ สันทราย,0,หนองหาร,2566,สันทราย
3565,ผลิตคอนกรีตผสมเสร็จ,เชียงใหม่,600000,รายชื่อสถานประกอบการ,โรงงานคอนกรีตผสมเสร็จ เชียงใหม่-แม่โจ้,0,หนองจ๊อม,2566,สันทราย
3566,ผลิตคอนกรีตผสมเสร็จ,เชียงใหม่,2000000,รายชื่อสถานประกอบการ,ห้างหุ้นส่วนจำกัด ทวิภัณฑ์ฮอดคอนกรีต,0,ข่วงเปา,2566,จอมทอง
3567,ผลิตคอนกรีตผสมเสร็จ,เชียงใหม่,0,รายชื่อสถานประกอบการ,บริษัท นครหลวงคอนกรีต จำกัด,0,หนองหาร,2566,สันทราย
3568,คอนกรีตผสมเสร็จ,เชียงใหม่,3,รายชื่อสถานประกอบการ,บริษัท เอ็นเอสคอนกรีต จำกัด,16900000,สันพระเนตร,2566,สันทราย
3569,ผลิตคอนกรีตผสมเสร็จและผลิตภัณฑ์จากคอนกรีต,เชียงใหม่,5000000,รายชื่อสถานประกอบการ,บริษัท จงธนา อินเตอร์เนชั่นแนล จำกัด,0,แม่ข่า,2566,ฝาง
3570,ผลิตและจำหน่ายคอนกรีตผสมเสร็จ,เชียงใหม่,1000000,รายชื่อสถานประกอบการ,,0,แม่นะ,2566,เชียงดาว
3571,ผลิตภัณฑ์คอนกรีตผสมเสร็จ,เชียงใหม่,1000000,รายชื่อสถานประกอบการ,พีมิกซ์,0,แช่ช้าง,2566,สันกำแพง
3572,ผลิตคอนกรีตผสมเสร็จ,เชียงใหม่,1,รายชื่อสถานประกอบการ,ห้างหุ้นส่วนจำกัด บุญพลกิจ คอนกรีต,6400000,ป่าตุ้ม,2566,พร้าว
3573,คอนกรีตผสมเสร็จ,เชียงใหม่,1000000,รายชื่อสถานประกอบการ,ห้างหุ้นส่วนจำกัด พี.ดับบลิว.เอส.คอนกรีต,0,น้ำแพร่,2566,หางดง
3574,ผลิตคอนกรีตผสมเสร็จ ทำผลิตภัณฑ์คอนกรีต และคอนกรีตอัดแรง,เชียงใหม่,1000000,รายชื่อสถานประกอบการ,กมลคอนกรีต,0,มะลิกา,2566,แม่อาย
3575,ทำผลิตภัณฑ์คอนกรีต เช่น เสา ท่อ คอนกรีตบล๊อก,เชียงใหม่,10,รายชื่อสถานประกอบการ,ห้างหุ้นส่วนจำกัด ส.สายปายค้าวัสดุและปิโตรเลียม,490000,สบเปิง,2566,แม่แตง
3576,ผลิตคอนกรีตผสมเสร็จ,เชียงใหม่,1000000,รายชื่อสถานประกอบการ,ห้างหุ้นส่วนจำกัด เอ็ม.อาร์.ซี.แม่ริมคอนกรีต,0,สันโป่ง,2566,แม่ริม
3577,ผลิตและจำหน่ายผลิตภัณฑ์คอนกรีตผสมเสร็จทุกชนิด,เชียงใหม่,6,รายชื่อสถานประกอบการ,บริษัท พี พี เอส คอนกรีต จำกัด,11700000,ท่าวังพร้าว,2566,สันป่าตอง
3578,"ผลิตภัณฑ์คอนกรีต เช่น เสา,ท่อ,อิฐบล็อก และผลิตภัณฑ์คอนกรีตผสมเสร็จ",เชียงใหม่,2000000,รายชื่อสถานประกอบการ,บริษัท สิงโตทอง คอนกรีต จำกัด,0,สะเมิงใต้,2566,สะเมิง
3579,ผลิตภัณฑ์คอนกรีต เช่น อิฐบล๊อค เสา และอื่นๆ,เชียงใหม่,0,รายชื่อสถานประกอบการ,ห้างหุ้นส่วนจำกัด บุญพลกิจ คอนกรีต,0,ป่าตุ้ม,2566,พร้าว
3580,ผลิตภัณฑ์คอนกรีตผสมเสร็จ,เชียงใหม่,1000000,รายชื่อสถานประกอบการ,ห้างหุ้นส่วนจำกัด เรืองชัยคอนกรีต,0,ศรีดงเย็น,2566,ไชยปราการ
3581,ผลิตคอนกรีตผสมเสร็จ,เชียงใหม่,22000000,รายชื่อสถานประกอบการ,บริษัท นครหลวงคอนกรีต จำกัด,0,ยางเนิ้ง,2566,สารภี
3582,ผลิตคอนกรีตผสมเสร็จ,เชียงใหม่,5000000,รายชื่อสถานประกอบการ,บริษัท เอส ซี พี คอนกรีต จำกัด,0,ท่าวังตาล,2566,สารภี
3583,ผลิตภัณฑ์คอนกรีตผสมเสร็จ,เชียงใหม่,1000000,รายชื่อสถานประกอบการ,บริษัท พี-มิกซ์ โปรดักส์ จำกัด,0,เชิงดอย,2566,ดอยสะเก็ด
3584,ผลิตคอนกรีตผสมเสร็จ,เชียงใหม่,1000000,รายชื่อสถานประกอบการ,บริษัท ภาคเหนือวัสดุ จำกัด,0,ดอยหล่อ,2566,ดอยหล่อ
3585,ผลิตคอนกรีตผสมเสร็จ,เชียงใหม่,10,รายชื่อสถานประกอบการ,บริษัท ทีแอนด์ซี คอนกรีต จำกัด,31000000,ออนกลาง,2566,แม่ออน
3586,ผลิตภัณฑ์คอนกรีตผสมเสร็จ,เชียงใหม่,1000000,รายชื่อสถานประกอบการ,พี มิกซ์,0,แม่แฝก,2566,สันทราย
3587,หล่อพระพุทธรูป,เชียงใหม่,500000,รายชื่อสถานประกอบการ,ห้างหุ้นส่วนจำกัด โรงหล่อ กุลวัฒนา,0,แม่ปูคา,2566,สันกำแพง
3588,ผลิตเตาเผาขยะ เครื่องคัดขยะ,เชียงใหม่,3000000,รายชื่อสถานประกอบการ,บริษัท พลอยไพลิน กรีน เวิลด์ จำกัด,0,บ้านกลาง,2566,สันป่าตอง
3589,ทำเครื่องเรือนจากโลหะ ท่อระบบเครื่องปรับอากาศและรางน้ำ,เชียงใหม่,27,รายชื่อสถานประกอบการ,ช้างเผือกกิจการช่าง(วัสดุ),10647000,แม่เหียะ,2566,เมืองเชียงใหม่
3590,ทำโครงหลังคา วงกบประตูหน้าต่างเหล็ก,เชียงใหม่,500000,รายชื่อสถานประกอบการ,บริษัท สตีล เกรด จำกัด,0,สันพระเนตร,2566,สันทราย
3591,ประกอบถังน้ำสแตนเลส,เชียงใหม่,2000000,รายชื่อสถานประกอบการ,บริษัท ภัทรอุดร จำกัด,0,หางดง,2566,หางดง
3592,ผลิตลวดตาข่ายดัก เกเบียน และ แมทเทรส,เชียงใหม่,62,รายชื่อสถานประกอบการ,บริษัท เกเบี้ยน โปรดักส์ (ไทยแลนด์) จำกัด,20000000,ท่าวังตาล,2566,สารภี
3593,ผลิตและจำหน่ายกล่องเกเบี้ยน แมทเทรส,เชียงใหม่,30,รายชื่อสถานประกอบการ,บริษัท เกเบี้ยน โปรดักส์ แอนด์ ซัพพลาย จำกัด,9000000,ดอยหล่อ,2566,ดอยหล่อ
3594,ทำถัง เชื่อม ม้วน และตัดโลหะ,เชียงใหม่,5,รายชื่อสถานประกอบการ,อู่ช่างน้อย,5800000,ท่าวังตาล,2566,สารภี
3595,ผลิตชิ้นส่วน ประตู-หน้าต่างโลหะสำหรับอาคาร,เชียงใหม่,1000000,รายชื่อสถานประกอบการ,บริษัท เชียงใหม่ประตูม้วน จำกัด,0,สารภี,2566,สารภี
3596,"ทำหลังคาเหล็ก, ประตู",เชียงใหม่,9000000,รายชื่อสถานประกอบการ,บี.เค.เม็ททอล ชีท (เชียงใหม่),0,สารภี,2566,สารภี
3597,"ผลิตลวดตาข่ายเหล็กไร้สนิมผสมโครเมียม และบานประตู-หน้าต่าง ลวดตาข่ายเหล็กไร้สนิมชุบโครเมียม,แผ่นโลหะเจาะรู และบานประตู-หน้าต่างแผ่นโลหะเจาะรู (แผ่นอลูมิเนียม,แผ่นเหล็ก,แผ่นเหล็กชุบเคลือบสังกะสี,แผ่นสแตนเลส)",เชียงใหม่,23800000,รายชื่อสถานประกอบการ,บริษัท แมชเทค อินเตอร์เนชั่นแนล จำกัด,0,สารภี,2566,สารภี
3598,ทำประตู - หน้าต่างเหล็ก โครงหลังคา และรางน้ำฝน,เชียงใหม่,8,รายชื่อสถานประกอบการ,ประดิษฐ์การช่าง,450000,หนองป่าครั่ง,2566,เมืองเชียงใหม่
3599,ผลิตแผ่นเหล็กรีดรอน,เชียงใหม่,5000000,รายชื่อสถานประกอบการ,บริษัท มั่นคง เมทอล จำกัด,0,เหมืองแก้ว,2566,แม่ริม
3600,ทำผลิตภัณฑ์เกี่ยวกับโลหะและอุปกรณ์ทางการแพทย์,เชียงใหม่,11,รายชื่อสถานประกอบการ,ห้างหุ้นส่วนจำกัด จิระเมธวิศวกรรม,1200000,สันมหาพน,2566,แม่แตง
3601,อัดเศษโลหะ,เชียงใหม่,1000000,รายชื่อสถานประกอบการ,,0,ต้นเปา,2566,สันกำแพง
3602,"การตัด,พับ,ม้วน หรือเชื่อมโลหะ",เชียงใหม่,300000,รายชื่อสถานประกอบการ,บริษัท พี.ดี.เอส.เชียงใหม่วิศวกรรม จำกัด,0,สารภี,2566,สารภี
3603,"ตัด, ม้วน, เชื่อมโลหะ",เชียงใหม่,9,รายชื่อสถานประกอบการ,จิตรการช่าง,550000,ยุหว่า,2566,สันป่าตอง
3604,ตัด พับ เชื่อมโลหะ,เชียงใหม่,6,รายชื่อสถานประกอบการ,อุดมการช่าง,4300000,ท่าวังพร้าว,2566,สันป่าตอง
3605,ตัด พับ ม้วนโลหะ กลึง เจาะ คว้าน กัด ไส เจียน หรือเชื่อมโลหะทั่วไป,เชียงใหม่,30,รายชื่อสถานประกอบการ,บริษัท จอมทองอุตสาหกรรม จำกัด สาขา 00001,6000000,ข่วงเปา,2566,จอมทอง
3606,ตัด พับ ม้วนโลหะ กลึง เจาะ คว้าน กัด ไส เจียน หรือเชื่อมโลหะทั่วไป,เชียงใหม่,25,รายชื่อสถานประกอบการ,บริษัท จอมทองอุตสาหกรรม จำกัด,5000000,ข่วงเปา,2566,จอมทอง
3607,ประกอบกิจการเกี่ยวกับผลิตภัณฑ์โลหะ มุ้งลวด เหล็กดัด ประตู หน้าต่าง และตัดเย็บผ้าม่าน,เชียงใหม่,28,รายชื่อสถานประกอบการ,เก้าอลูมิเนียม,7150000,แม่คือ,2566,ดอยสะเก็ด
3608,การตัด พับ ม้วน กลึง เจาะ คว้าน กัด ไส โลหะและทำชิ้นส่วนหรืออุปกรณ์ของผลิตภัณฑ์โลหะ,เชียงใหม่,10,รายชื่อสถานประกอบการ,ห้างหุ้นส่วนจำกัด ประภาสถามดี การช่าง,26000000,ขี้เหล็ก,2566,แม่ริม
3609,กลึงโลหะ ซ่อมเครื่องจักรกล,เชียงใหม่,8,รายชื่อสถานประกอบการ,ห้างหุ้นส่วนจำกัด เชียงใหม่ภู่่เจริญไพศาล,1900000,มะลิกา,2566,แม่อาย
3610,"กลึง,เจาะ,คว้าน,กัด,ไส,เชื่อมโลหะทั่วไปและซ่อมอุปกรณ์ชิ้นส่วนเครื่องยนต์",เชียงใหม่,800000,รายชื่อสถานประกอบการ,บริษัท นครพิงค์ แมชชีน ช๊อพ จำกัด,0,หนองป่าครั่ง,2566,เมืองเชียงใหม่
3611,กลึง เชื่อม เจาะโลหะ,เชียงใหม่,1000000,รายชื่อสถานประกอบการ,บริษัท เสรี จอมทอง จำกัด,0,ข่วงเปา,2566,จอมทอง
3612,"กลึง,เจาะ,คว้าน,ไส หรือเชื่อมโลหะ",เชียงใหม่,2000000,รายชื่อสถานประกอบการ,นายสมภพ รัตนพันธ์,0,สันทราย,2566,ฝาง
3613,กลึง เจาะ กว้าน ไส เชื่อมโลหะ ผลิตหรือซ่อมแซมส่วนประกอบหรือ อุปกรณ์ของเครื่องยนต์,เชียงใหม่,18,รายชื่อสถานประกอบการ,บริษัท นครพิงค์ แมชชีน ช๊อพ จำกัด,6000000,หนองป่าครั่ง,2566,เมืองเชียงใหม่
3614,ทำเครื่องกรองน้ำ ประกอบถังน้ำ ซ่อมเครื่องสูบน้ำ ร่อนและผสมทรายกรองน้ำ,เชียงใหม่,25,รายชื่อสถานประกอบการ,ห้างหุ้นส่วนจำกัด ลานาลิติค วอเตอร์เวอร์ค,2710000,หนองหาร,2566,สันทราย
3615,ผลิตหรือซ่อมแซมชิ้นส่วนเครื่องยนต์ กลึง เจาะ คว้าน ไส เชื่อมโลหะ,เชียงใหม่,1000000,รายชื่อสถานประกอบการ,บริษัท นครพิงค์ แมชชีน ช๊อพ จำกัด,0,หนองป่าครั่ง,2566,เมืองเชียงใหม่
3616,ซ่อมรถแทรกเตอร์,เชียงใหม่,400000,รายชื่อสถานประกอบการ,ห้างหุ้นส่วนจำกัด เชียงใหม่มหกิจ,0,ท่าวังตาล,2566,สารภี
3617,"ประกอบเครื่องทำน้ำเย็น, ตู้เย็น, ตู้แช่",เชียงใหม่,2000000,รายชื่อสถานประกอบการ,บริษัท แปดริ้วเครื่องเย็นเชียงใหม่ (1994) จำกัด,0,ท่าศาลา,2566,เมืองเชียงใหม่
3618,"กลึง, เชื่อมโลหะ, ทำพัดลม, และเครื่องระบายอากาศ",เชียงใหม่,100000,รายชื่อสถานประกอบการ,ศูนย์พัดลม โลหะกิจ,0,แม่เหียะ,2566,เมืองเชียงใหม่
3619,ผลิต และประกอบแผงวงจรอิเล็กทรอนิกส์,เชียงใหม่,10000000,รายชื่อสถานประกอบการ,บริษัท อีซียู ช็อป 1 จำกัด,0,แม่คือ,2566,ดอยสะเก็ด
3620,ผลิตแผงวงจรอิเล็กทรอนิกส์,เชียงใหม่,237,รายชื่อสถานประกอบการ,บริษัท บลูชิพส์ไมโครเฮ้าส์ จำกัด,3815000,แช่ช้าง,2566,สันกำแพง
3621,ผลิตอุปกรณ์อิเล็กทรอนิกส์สำหรับควบคุมแสงสว่าง,เชียงใหม่,4000000,รายชื่อสถานประกอบการ,บริษัท ฟิวทรอนิคส์ (ประเทศไทย) จำกัด,0,ต้นเปา,2566,สันกำแพง
3622,"ผลิตสายไฟฟ้าเชื่อมต่อวงจร,ผลิตส่วนประกอบเครื่องปรับอากาศ,กลึง เจาะคว้าน ตัด ไส เจรียร หรือเชื่อมโลหะ",เชียงใหม่,23,รายชื่อสถานประกอบการ,บริษัท ไทย ทาคาโนมิซิ จำกัด,14000000,ชมภู,2566,สารภี
3623,"ผลิตอุปกรณ์ไฟฟ้า,สวิตซ์ไฟฟ้า,อุปกรณ์ที่ใช้กับสายไฟ,แผงวงจรประกอบทางไฟฟ้า",เชียงใหม่,171,รายชื่อสถานประกอบการ,บริษัท แอดวานซ์ไอดี เอเชีย เอ็นจิเนียร์ริ่ง จำกัด,34600000,แม่คือ,2566,ดอยสะเก็ด
3624,โรงงานประกอบกิจการเกี่ยวกับรถยนต์ รถพ่วง ทำชิ้นส่วนพิเศษ ซ่อมแซมยานที่ขับเคลื่อนด้วยเครื่องยนต์,เชียงใหม่,8,รายชื่อสถานประกอบการ,ห้างหุ้นส่วนจำกัด พี.ดับบลิว.เอส.คอนสตรัคชั่น,8900000,น้ำแพร่,2566,หางดง
3625,ผลิตอาหารเสริมสุขภาพสำหรับคนและสัตว์,เชียงใหม่,1000000,รายชื่อสถานประกอบการ,บริษัท กรีนไดมอนด์ จำกัด,0,ทุ่งปี๊,2566,แม่วาง
3626,พืชผัก ผลไม้ และเนื้อสัตว์ อบแห้ง,เชียงใหม่,0,รายชื่อสถานประกอบการ,บริษัท พรีเซิร์ฟ อะโกร โปรดักส์ จำกัด,0,ขี้เหล็ก,2566,แม่ริม
3627,บรรจุอาหารกระป๋องและผลไม้ตามฤดูกาล,เชียงใหม่,1000000,รายชื่อสถานประกอบการ,,0,แม่เหียะ,2566,เมืองเชียงใหม่
3628,แปรรูปอาหาร,เชียงใหม่,14,รายชื่อสถานประกอบการ,-,8000000,บ้านกลาง,2566,สันป่าตอง
3629,ผลิตอาหารหรือเครื่องดื่มจากผัก พืช ผลไม้ และบรรจุในภาชนะที่ผนึกและอากาศเข้าไม่ได้,เชียงใหม่,10000000,รายชื่อสถานประกอบการ,บริษัท ดีท็อกซ์ (ประเทศไทย) จำกัด,0,น้ำแพร่,2566,หางดง
3630,ผลิตอาหารเจจากแป้งและโปรตีน พร้อมแบ่งบรรจุ,เชียงใหม่,1000000,รายชื่อสถานประกอบการ,บริษัท เทียน เซียง ซึผิง จำกัด,0,ป่าไผ่,2566,สันทราย
3631,ผลิตชาสมุนไพรบรรจุในภาชนะปิดผนึก,เชียงใหม่,13,รายชื่อสถานประกอบการ,บริษัท วาไรตี้ เอ็กซ์พอร์ต จำกัด,29000000,ป่าตัน,2566,เมืองเชียงใหม่
3632,ผลิตอาหารและเครื่องดื่มจากผัก พืชหรือผลไม้ และบรรจุในภาชนะที่ผนึกและอากาศเข้าไม้ได้,เชียงใหม่,1000000,รายชื่อสถานประกอบการ,สิบแสนชัญญ์,0,ป่าเมี่ยง,2566,ดอยสะเก็ด
3633,ผลิตน้ำผลไม้บรรจุขวด ผลิตขวด,เชียงใหม่,8,รายชื่อสถานประกอบการ,ห้างหุ้นส่วนจำกัด จิ้งเฮงฟู้ด,5500000,เวียง,2566,ฝาง
3634,อบพืชผลทางการเกษตร,เชียงใหม่,21,รายชื่อสถานประกอบการ,โรงอบพืชผลทางการเกษตร,4500000,ขัวมุง,2566,สารภี
3635,ถนอมผัก พืช หรือผลไม้ โดยวิธีทำให้เยือกแข็งโดยฉับพลัน,เชียงใหม่,10000000,รายชื่อสถานประกอบการ,บริษัท สหปราจีนบุรีอุตสาหกรรม จำกัด,0,แม่สูน,2566,ฝาง
3636,ผลิตพืช ผัก ผลไม้อบแห้งและผลิตภัณฑ์ Spray Dry ปีละ 722 ตัน,เชียงใหม่,4500000,รายชื่อสถานประกอบการ,บริษัท พรีเมี่ยมฟู้ดส์ จำกัด,0,แม่แฝก,2566,สันทราย
3637,ถนอมผัก พืช หรือผลไม้ โดยวิธีอบแห้ง,เชียงใหม่,18,รายชื่อสถานประกอบการ,บริษัท นอร์ทเทิร์นกรีนโปรดักส์ จำกัด,13900000,อินทขิล,2566,แม่แตง
3638,ผลิตสินค้าทางการเกษตรแช่แข็ง,เชียงใหม่,15000000,รายชื่อสถานประกอบการ,บริษัท สยามอกรีโฟรเซ่นฟูดส์ จำกัด,0,สันกลาง,2566,สันป่าตอง
3639,การถนอมผัก พืช หรือผลไม้โดยวิธีกวน ตากแห้ง ดอง หรือทำให้เยือกแข็ง โดยฉับพลัน หรือเหือดแห้ง,เชียงใหม่,2840000,รายชื่อสถานประกอบการ,บริษัท เชียงใหม่ไบโอเวกกี้ จำกัด,0,น้ำแพร่,2566,หางดง
3640,คัด บรรจุกล่อง ผักผลไม้ และแซ่แข็ง,เชียงใหม่,5000000,รายชื่อสถานประกอบการ,บริษัท สวิฟท์ จำกัด,0,อินทขิล,2566,แม่แตง
3641,ร่อน ล้าง คัดแยกคุณภาพผักพืชหรือผลไม้และถนอม โดยวิการแช่อิ่ม กวน ตากแห้ง ดอง หรือทำให้เยือกแข็ง โดยฉับพลัน หรือเหือดแห้ง,เชียงใหม่,10000000,รายชื่อสถานประกอบการ,บริษัท ที คิว เอ็ม ฟูดส์ จำกัด,0,หางดง,2566,หางดง
3642,การถนอมผัก พืช หรือผลไม้ โดยวิธีการกวน ตากแห้ง ดอง หรือ ทำให้เยือกแข็งโดยฉับพลัน หรือเหือดแห้ง,เชียงใหม่,1000000,รายชื่อสถานประกอบการ,บริษัท ยูเซ ฟูดส์ จำกัด,0,ร้องวัวแดง,2566,สันกำแพง
3643,ผลิตอาหารหรือเครื่องดื่มจากผัก พืชหรือผลไม้ และบรรจุในภาชนะที่ผนึก และอากาศเข้าไม่ได้,เชียงใหม่,10000000,รายชื่อสถานประกอบการ,บริษัท ซีเอ็มเอช ไลฟ์ ไซเอ็นซ์ จำกัด,0,ยุหว่า,2566,สันป่าตอง
3644,ผลิตแตงกวาดอง ขิงดอง และมะเขือดอง,เชียงใหม่,0,รายชื่อสถานประกอบการ,บริษัท สันติภาพ เทรดดิ้ง จำกัด,0,หนองควาย,2566,หางดง
3645,ผลิตรถเข็นล้อเลื่อนทุกชนิด,เชียงใหม่,3204770,รายชื่อสถานประกอบการ,บริษัท ลิขิตชีวัน จำกัด,0,หนองจ๊อม,2566,สันทราย
3646,ผลิตหน้ากากอนามัยและหมวกคลุมผมอนามัย,เชียงใหม่,15000000,รายชื่อสถานประกอบการ,บริษัท ดร. ไฮจีน เมดิคอล โปรดักส์ จำกัด,0,หนองตอง,2566,หางดง
3647,ผลิตวัสดุอุปกรณ์ทางการแพทย์ หน้ากากอนามัย,เชียงใหม่,1500000,รายชื่อสถานประกอบการ,บริษัท ท็อป โฮลซัม จำกัด,0,หนองผึ้ง,2566,สารภี
3648,ผลิตวัสดุอุปกรณ์ทางการแพทย์ หน้ากากอนามัย,เชียงใหม่,10000000,รายชื่อสถานประกอบการ,บริษัท ไบโอเซฟ โปรดักส์ จำกัด,0,ออนใต้,2566,สันกำแพง
3649,ทำเครื่องประดับจากทองคำ เงิน,เชียงใหม่,13300000,รายชื่อสถานประกอบการ,สุวรรณะรุ่งเรือง,0,ดอนแก้ว,2566,แม่ริม
3650,ผลิตเครื่องประดับด้วยทอง นาค เงินและอัญมญีอื่น,เชียงใหม่,43,รายชื่อสถานประกอบการ,บริษัท ปิงมานูแฟคเจอริ่งจิวเวลเลอร์ จำกัด,27000000,ต้นเปา,2566,สันกำแพง
3651,ทำเครื่องประดับด้วยโลหะ ตกแต่งด้วยอัญมณี,เชียงใหม่,77,รายชื่อสถานประกอบการ,บริษัท ทาราทาแลนด์ จำกัด,8100000,ป่าป้อง,2566,ดอยสะเก็ด
3652,ผลิตเครื่องประดับและเครื่องใช้จากเงิน ทองคำ นาก,เชียงใหม่,10300000,รายชื่อสถานประกอบการ,บริษัท พัฒนาอนันต์วงศ์ จำกัด,0,หนองป่าครั่ง,2566,เมืองเชียงใหม่
3653,"ทำเครื่องเงิน,ของตกแต่ง,และเครื่องใช้ จากเงิน",เชียงใหม่,4000000,รายชื่อสถานประกอบการ,บริษัท มัทนา เครื่องเงิน จำกัด,0,หนองหอย,2566,เมืองเชียงใหม่
3654,ผลิตและจำหน่ายเครื่องประดับอัญมณี,เชียงใหม่,13283506,รายชื่อสถานประกอบการ,บริษัท เอ็มโอดี เอเชีย จำกัด,0,แช่ช้าง,2566,สันกำแพง
3655,ผลิตเครื่องประดับอัญมณี,เชียงใหม่,10000000,รายชื่อสถานประกอบการ,บริษัท อัฐญา จิวเวลรี่ จำกัด,0,สันกลาง,2566,สันกำแพง
3656,ผลิตเครื่องประดับจากโลหะมีค่าและอัญมณี,เชียงใหม่,51000000,รายชื่อสถานประกอบการ,บริษัท ซี.อาร์.พี.จิลเวลรี่(เชียงใหม่) จำกัด,0,ป่าแดด,2566,เมืองเชียงใหม่
3657,ทำเครื่องประดับ ทองคำ เครื่องใช้จากเงิน ทองคำขาว,เชียงใหม่,584,รายชื่อสถานประกอบการ,บริษัท จอร์จ เจนเซน (ประเทศไทย) จำกัด,174081000,ต้นเปา,2566,สันกำแพง
3658,ทำเครื่องใช้ในการกีฬา เช่น กระดานโต้คลื่น,เชียงใหม่,0,รายชื่อสถานประกอบการ,บริษัท คุยเวอร์ จำกัด,0,น้ำแพร่,2566,หางดง
3659,ผลิตเหยื่อตกปลาเทียม,เชียงใหม่,30313646,รายชื่อสถานประกอบการ,บริษัท สตรีม เวอร์ค (ไทยแลนด์) จำกัด,0,ยางเนิ้ง,2566,สารภี
3660,ผลิตเหยื่อตกปลา,เชียงใหม่,318899,รายชื่อสถานประกอบการ,บริษัท เชียงใหม่ ฟลาย จำกัด,0,ป่าแดด,2566,เมืองเชียงใหม่
3661,ผลิตของเล่นเด็กจากไม้ฉ่ำฉา ไม้ยางพารา และไม้ไผ่,เชียงใหม่,500000,รายชื่อสถานประกอบการ,บริษัท ไทยวู้ดเด้นเกมส์ จำกัด,0,ร้องวัวแดง,2566,สันกำแพง
3662,ทำของเล่นเด็กจากไม้,เชียงใหม่,6200000,รายชื่อสถานประกอบการ,ห้างหุ้นส่วนจำกัด สยาม แอล.ที.วู้ด,0,แม่คือ,2566,ดอยสะเก็ด
3663,"สินค้าหัตถกรรมที่ทำด้วยไม้ไผ่,ผ้าและของที่ระลึกต่างๆ",เชียงใหม่,125,รายชื่อสถานประกอบการ,บริษัท ศูนย์ทำร่ม (1978) จำกัด,250000,ต้นเปา,2566,สันกำแพง
3664,ผลิตก๊าซชีวภาพ จากบ่อบำบัดน้ำเสีย,เชียงใหม่,0,รายชื่อสถานประกอบการ,บริษัท ซัน สวีท จำกัด (มหาชน),0,ทุ่งสะโตก,2566,สันป่าตอง
3665,โรงสีข้าว ขนาด 40 ตัน/วัน,เชียงใหม่,4714000,รายชื่อสถานประกอบการ,สหกรณ์นิคมพร้าว จำกัด,0,แม่แวน,2566,พร้าว
3666,สีข้าว,เชียงใหม่,15000000,รายชื่อสถานประกอบการ,ห้างหุ้นส่วนจำกัด โรงสีข้าวรวงทองเชียงใหม่,0,เชิงดอย,2566,ดอยสะเก็ด
3667,สีข้าว,เชียงใหม่,2000000,รายชื่อสถานประกอบการ,โรงสีข้าวกิตเจริญ,0,แม่สาว,2566,แม่อาย
3668,สี ฝัด คัด และแปรสภาพข้าว การอบพืชผลทางการเกษตร,เชียงใหม่,15,รายชื่อสถานประกอบการ,โรงสีข้าวดวงคำ,23000000,เวียง,2566,ฝาง
3669,สีข้าว,เชียงใหม่,5,รายชื่อสถานประกอบการ,,8200000,แม่สาว,2566,แม่อาย
3670,ปรับปรุงคุณภาพเมล็ดพืช สีข้าว,เชียงใหม่,16,รายชื่อสถานประกอบการ,ศ.ปาณิสรา,40000000,แม่คะ,2566,ฝาง
3671,สีข้าว,เชียงใหม่,7,รายชื่อสถานประกอบการ,ทรัพย์ไพลิน,10000000,แม่สาว,2566,แม่อาย
3672,สีข้าวเปลือกแบบแยกแกลบแยกรำ ได้วันละ 70 ตัน,เชียงใหม่,2000000,รายชื่อสถานประกอบการ,โรงสีข้าวสมคิด 2,0,เวียง,2566,ฝาง
3673,สีข้าว อบข้าวเปลือก,เชียงใหม่,3,รายชื่อสถานประกอบการ,โรงสีข้าววัลลภ,9460000,แม่สาว,2566,แม่อาย
3674,สีข้าว,เชียงใหม่,2,รายชื่อสถานประกอบการ,โรงสีโกเมือง,8309000,แม่สาว,2566,แม่อาย
3675,สีข้าว และคัดคุณภาพข้าว,เชียงใหม่,3000000,รายชื่อสถานประกอบการ,โรงสีข้าวเนตรนิมิต,0,แม่สาว,2566,แม่อาย
3676,สีข้าว และอบพืชผลทางการเกษตร,เชียงใหม่,5,รายชื่อสถานประกอบการ,บริษัท บัวจันทร์กู๊ดไรซ์ จำกัด,15000000,แม่สาว,2566,แม่อาย
3677,สีข้าว,เชียงใหม่,3,รายชื่อสถานประกอบการ,นางสาวชนกนันท์ ใจดวงจันทร์,2200000,ทุ่งต้อม,2566,สันป่าตอง
3678,สีข้าว,เชียงใหม่,4,รายชื่อสถานประกอบการ,โรงสีสหกรณ์การเกษตรสันป่าตอง จำกัด,32654000,ทุ่งสะโตก,2566,สันป่าตอง
3679,สีข้าว เก็บรักษาข้าวเปลือกในไซโล,เชียงใหม่,5,รายชื่อสถานประกอบการ,สหกรณ์การเกษตรฝาง จำกัด,72465900,เวียง,2566,ฝาง
3680,สีข้าว อัตรากำลังสีสูงสุดของโรงสี 80 เกวียน/24 ชั่วโมง,เชียงใหม่,200000000,รายชื่อสถานประกอบการ,โรงสี สหกรณ์การเกษตรพร้าว จำกัด,0,เวียง,2566,พร้าว
3681,สี ฝัด หรือขัดเมล็ดพืช เช่น ลูกเดือย ข้าวโพด ถั่ว งา ข้าว,เชียงใหม่,10,รายชื่อสถานประกอบการ,บริษัท ลิ้มศักดากุล พืชพันธุ์ไทย จำกัด,93700000,อินทขิล,2566,แม่แตง
3682,สีข้าว,เชียงใหม่,2,รายชื่อสถานประกอบการ,โรงสีข้าววิเชียรฟาร์ม,10000000,แม่สาว,2566,แม่อาย
3683,ร่อนข้าว และคัดข้าวขาว,เชียงใหม่,1000000,รายชื่อสถานประกอบการ,สมชายค้าข้าว,0,แม่สาว,2566,แม่อาย
3684,ร่อนข้าวและคัดข้าวขาว,เชียงใหม่,1000000,รายชื่อสถานประกอบการ,สามพี่น้องค้าข้าว,0,แม่สาว,2566,แม่อาย
3685,สีและบดพืชผลทางการเกษตร,เชียงใหม่,7,รายชื่อสถานประกอบการ,กรรณิการ์ค้าพืชไร่,7500000,แม่คะ,2566,ฝาง
3686,สีข้าว,เชียงใหม่,2000000,รายชื่อสถานประกอบการ,โรงสีข้าวดีรุ่งเรือง2,0,แม่สาว,2566,แม่อาย
3687,สีข้าว,เชียงใหม่,5,รายชื่อสถานประกอบการ,โรงสีข้าวดวงดี,18000000,แม่สาว,2566,แม่อาย
3688,โรงสีข้าวแบบแยกแกลบแยกรำ กำลังการผลิต 400 ตันต่อวัน,เชียงใหม่,9,รายชื่อสถานประกอบการ,ห้างหุ้นส่วนจำกัดเชียงใหม่อินเตอร์ไรซ์,70000000,สันปูเลย,2566,ดอยสะเก็ด
3689,สีข้าวเปลือกแบบแยกแกลบแยกรำ ได้วันละ 150 ตัน,เชียงใหม่,3000000,รายชื่อสถานประกอบการ,โรงสีข้าวรุ่งจรัญ,0,แม่สาว,2566,แม่อาย
3690,สีข้าว และอบผลิตผลทางการเกษตร,เชียงใหม่,12,รายชื่อสถานประกอบการ,โรงสีข้าวดีรุ่งเรือง,48700000,แม่สาว,2566,แม่อาย
3691,สีข้าวเปลือกขนาดกำลังผลิต 40 ตัน/วัน และเก็บรักษาข้าวเปลือกในไซโล ขนาด 250 ตัน จำนวน 2 ถัง,เชียงใหม่,7,รายชื่อสถานประกอบการ,สหกรณ์การเกษตรเพื่อการตลาดลูกค้า ธกส.เชียงใหม่ จำกัด,54515653,แม่สาว,2566,แม่อาย
3692,"สีข้าว,อบพืชผลทางการเกษตร",เชียงใหม่,2,รายชื่อสถานประกอบการ,โรงสีข้าวสี่พี่น้อง,30000000,เวียง,2566,ฝาง
3693,สีข้าว,เชียงใหม่,10,รายชื่อสถานประกอบการ,โรงสีข้าวศรศิริ,13200000,แม่สาว,2566,แม่อาย
3694,สีข้าว,เชียงใหม่,5,รายชื่อสถานประกอบการ,โรงสีข้าวดวงดีไรซ์,20000000,แม่สาว,2566,แม่อาย
3695,สีข้าว,เชียงใหม่,10,รายชื่อสถานประกอบการ,โรงสีข้าวทิพย์ธารา,7200000,เวียง,2566,ฝาง
3696,สีข้าว กำลังสีสูงสุดของร้านสีข้าว 150 ตัน/ชม,เชียงใหม่,21000000,รายชื่อสถานประกอบการ,วัชระกิจ,0,แม่สาว,2566,แม่อาย
3697,สีข้าว,เชียงใหม่,1000000,รายชื่อสถานประกอบการ,นางสุภาภรณ์ หอธรรมคุณ,0,เวียง,2566,ฝาง
3698,สีข้าว,เชียงใหม่,5000000,รายชื่อสถานประกอบการ,โรงสีกิตเจริญ,0,แม่สาว,2566,แม่อาย
3699,สีข้าว (กำลังการผลิต 200 ตัน/วัน),เชียงใหม่,2500000,รายชื่อสถานประกอบการ,ห้างหุ้นส่วนจำกัด รุ่งเจริญพืชผล2504,0,เขื่อนผาก,2566,พร้าว
3700,"สีข้าว (กำลังการผลิต 4 ตัน/ชม และอบข้าวเปลือก (กำลังการผลิต 10 ตัน/ชม)
",เชียงใหม่,0,รายชื่อสถานประกอบการ,โรงสีข้าวทรัพย์สมบัติ,0,เวียง,2566,ฝาง
3701,สีข้าว และอบพืชผลทางการเกษตร,เชียงใหม่,18,รายชื่อสถานประกอบการ,บริษัท สามแสน ไรซ์ จำกัด,53000000,เวียง,2566,ฝาง
3702,สีข้าว,เชียงใหม่,1000000,รายชื่อสถานประกอบการ,โรงสีข้าวโชควิชัย,0,แม่สาว,2566,แม่อาย
3703,สีข้าว,เชียงใหม่,3,รายชื่อสถานประกอบการ,,23300000,แม่สาว,2566,แม่อาย
3704,สีข้าว,เชียงใหม่,2000000,รายชื่อสถานประกอบการ,โรงสีอมร,0,แม่สาว,2566,แม่อาย
3705,"สีข้าว,คัดขนาดและคุณภาพข้าว",เชียงใหม่,17,รายชื่อสถานประกอบการ,โรงสีข้าววัฒนา,20100000,แม่สาว,2566,แม่อาย
3706,สีข้าว,เชียงใหม่,5000000,รายชื่อสถานประกอบการ,โรงสีข้าวทิพย์ธารา 2,0,เวียง,2566,ฝาง
3707,ทำเต้าหู้แผ่น เต้าหู้แผ่น เต้าหู้ก้อน และน้ำเต้าหู้,เชียงใหม่,3,รายชื่อสถานประกอบการ,รุ่งนคร (1999),6300000,หนองจ๊อม,2566,สันทราย
3708,ทำผลิตภัณฑ์จากถั่วเหลือง เช่น เต้าหู้แผ่น เต้าหู้หลอด,เชียงใหม่,50000,รายชื่อสถานประกอบการ,ห้างหุ้นส่วนจำกัด ผลิตภัณฑ์อุตสาหกรรมถั่วเหลืองป่าลาน,0,ป่าลาน,2566,ดอยสะเก็ด
3709,ผลิตเต้าหู้หลอด,เชียงใหม่,60000,รายชื่อสถานประกอบการ,ประเสิรฐ อุตสาหกรรมอาหาร,0,ดอนเปา,2566,แม่วาง
3710,ผลิตอาหารสำเร็จรูปจากเมล็ดพืช (ผลิตข้าวอบแห้งและแปรรูปผลิตภัณฑ์ทางการเกษตร),เชียงใหม่,5000000,รายชื่อสถานประกอบการ,บริษัท โกลบอลฟูดส์ จำกัด,0,ออนใต้,2566,สันกำแพง
3711,"ผลิตอาหารสำเร็จรูปจากเมล็ดพืช เช่น ฟองเต้าหู้,หมี่ถึง",เชียงใหม่,7,รายชื่อสถานประกอบการ,บริษัท ตุงหมิงนานอุตสาหกรรม จำกัด,5497547,ลวงเหนือ,2566,ดอยสะเก็ด
3712,ผลิตน้ำประปา,เชียงใหม่,10000000,รายชื่อสถานประกอบการ,บริษัท ไฮโดรเท็ค จำกัด (มหาชน),0,แม่แฝกใหม่,2566,สันทราย
3713,ผลิตน้ำประปา,เชียงใหม่,4,รายชื่อสถานประกอบการ,บริษัท ไฮโดรเท็ค จำกัด (มหาชน),140440000,เมืองเล็น,2566,สันทราย
3714,ผลิตน้ำประปา,เชียงใหม่,8,รายชื่อสถานประกอบการ,บริษัท เอเบิล อินดัสตรีส์ จำกัด,0,น้ำแพร่,2566,หางดง
3715,คัดและบรรจุผลไม้และผลผลิตทางการเกษตร,เชียงใหม่,2500000,รายชื่อสถานประกอบการ,บริษัท ทรายทอง โกลเบิลฟรุต จำกัด,0,แม่สูน,2566,ฝาง
3716,ห้องเย็นเก็บผักและผลไม้,เชียงใหม่,1000000,รายชื่อสถานประกอบการ,บริษัท เชียงใหม่บูรพาห้องเย็น กรุ๊ป จำกัด,0,บ้านกลาง,2566,สันป่าตอง
3717,ห้องเย็น เพื่อแช่พืช ผัก ผลไม้ ,เชียงใหม่,800000,รายชื่อสถานประกอบการ,ห้องเย็นชัยมงคล,0,แม่ข่า,2566,ฝาง
3718,ห้องเย็น,เชียงใหม่,4000000,รายชื่อสถานประกอบการ,บริษัท พิสิทธิชัยอินเตอร์เนชั่นแนล จำกัด,0,สารภี,2566,สารภี
3719,ห้องเย็น,เชียงใหม่,200000,รายชื่อสถานประกอบการ,นายวีระยุทธ์ เมธากิจตระกูล,0,สันพระเนตร,2566,สันทราย
3720,ห้องเย็น เก็บพืชผลทางการเกษตร และอื่น ๆ,เชียงใหม่,4000000,รายชื่อสถานประกอบการ,บริษัท เอี่ยมกสิกิจ จำกัด,0,บ้านกลาง,2566,สันป่าตอง
3721,ห้องเย็น,เชียงใหม่,1000000,รายชื่อสถานประกอบการ,บริษัท ห้องเย็นปรมี จำกัด,0,ฟ้าฮ่าม,2566,เมืองเชียงใหม่
3722,ห้องเย็น,เชียงใหม่,0,รายชื่อสถานประกอบการ,ทวีผลพืชไร่,0,แม่แฝกใหม่,2566,สันทราย
3723,ห้องเย็นเก็บพืช ผัก ผลไม้,เชียงใหม่,10000000,รายชื่อสถานประกอบการ,ห้องเย็น ว.วีรภัทร์,0,โป่งน้ำร้อน,2566,ฝาง
3724,ห้องเย็นรับฝากสินค้า และผลิตอาหารสำเร็จรูป ต้ม นึ่ง และอบพืชผักผลไม้ทุกชนิด,เชียงใหม่,1000000,รายชื่อสถานประกอบการ,บริษัท ล้านนา ฟรุตส์ จำกัด,0,ท่าวังพร้าว,2566,สันป่าตอง
3725,ห้องเย็น,เชียงใหม่,2000000,รายชื่อสถานประกอบการ,บริษัท ซิ่งเฟิง อุตสาหกรรมอาหาร จำกัด,0,ดอยหล่อ,2566,ดอยหล่อ
3726,ห้องเย็นเก็บผลิตผลทางการเกษตร,เชียงใหม่,5000000,รายชื่อสถานประกอบการ,บริษัท พรีเซิร์ฟ อะโกร โปรดักส์ จำกัด,0,ขี้เหล็ก,2566,แม่ริม
3727,ห้องเย็น,เชียงใหม่,5000000,รายชื่อสถานประกอบการ,ห้องเย็นเสาร์แก้ว,0,สบเตี๊ยะ,2566,จอมทอง
3728,ห้องเย็นเก็บผลิตผลทางการเกษตร,เชียงใหม่,5000000,รายชื่อสถานประกอบการ,บริษัท พรีเซิร์ฟ อะโกร โปรดักส์ จำกัด,0,ขี้เหล็ก,2566,แม่ริม
3729,ห้องเย็น,เชียงใหม่,10000000,รายชื่อสถานประกอบการ,บริษัท เชียงใหม่บูรพาห้องเย็น กรุ๊ป จำกัด,0,บ้านกลาง,2566,สันป่าตอง
3730,ห้องเย็นเก็บสินค้าทางการเกษตร,เชียงใหม่,6000000,รายชื่อสถานประกอบการ,บริษัท มาตาโปรดักส์ จำกัด,0,สันทราย,2566,สารภี
3731,ห้องเย็น,เชียงใหม่,1000000,รายชื่อสถานประกอบการ,ศรีเจริญ,0,สันทราย,2566,สารภี
3732,ห้องเย็น,เชียงใหม่,5000000,รายชื่อสถานประกอบการ,บริษัท สหซินหลงสารภี จำกัด,0,สบเตี๊ยะ,2566,จอมทอง
3733,ห้องเย็น,เชียงใหม่,1000000,รายชื่อสถานประกอบการ,บริษัท บ้านตาล กัญชง จำกัด,0,บ้านตาล,2566,ฮอด
3734,ห้องเย็นเก็บผักและผลไม้,เชียงใหม่,15000000,รายชื่อสถานประกอบการ,สหกรณ์ผู้ปลูกหอมหัวใหญ่ฝาง จำกัด,0,ม่อนปิ่น,2566,ฝาง
3735,ห้องเย็น และล้าง ชำแหละ แกะ ต้ม นึ่ง ทอด หรือบดสัตว์ หรือส่วนหนึ่งส่วนใดของสัตว์,เชียงใหม่,7,รายชื่อสถานประกอบการ,บริษัท ซีพีเอฟ เรสเทอรองท์ แอนด์ฟู้ดเชน จำกัด,13000000,แม่แฝกใหม่,2566,สันทราย
3736,ห้องเย็น,เชียงใหม่,5000000,รายชื่อสถานประกอบการ,อำไพพรรณการเกษตร,0,บ้านกาด,2566,แม่วาง
3737,ห้องเย็น,เชียงใหม่,1000000,รายชื่อสถานประกอบการ,บริษัท ฟู๋ เซิง จำกัด,0,ดอยหล่อ,2566,ดอยหล่อ
3738,ให้บริการรับฝากสินค้าในห้องเย็น,เชียงใหม่,3000000,รายชื่อสถานประกอบการ,บริษัท เค.พี.ห้องเย็น จำกัด,0,แช่ช้าง,2566,สันกำแพง
3739,ห้องเย็นสำหรับเก็บรักษาพืชผลทางการเกษตร,เชียงใหม่,1000000,รายชื่อสถานประกอบการ,บริษัท นิ่มซี่เซ็งห้องเย็น จำกัด,0,บ้านกลาง,2566,สันป่าตอง
3740,ห้องเย็น,เชียงใหม่,10000000,รายชื่อสถานประกอบการ,บริษัท ที.เค.เค.จันทบุรี ฟู้ดส์ จำกัด,0,สันกลาง,2566,สันป่าตอง
3741,ห้องเย็นเก็บพืชผักและผลไม้,เชียงใหม่,57,รายชื่อสถานประกอบการ,บริษัท เชียงใหม่ธนาธรฟาร์ม จำกัด,101200000,แม่สูน,2566,ฝาง
3742,ห้องเย็น,เชียงใหม่,5000000,รายชื่อสถานประกอบการ,บริษัท ทิพย์เกษตร จำกัด,0,บ้านแม,2566,สันป่าตอง
3743,ห้องเย็น,เชียงใหม่,5000000,รายชื่อสถานประกอบการ,พรเจริญ พืชผล,0,ดอนแก้ว,2566,แม่ริม
3744,ห้องเย็น,เชียงใหม่,3000000,รายชื่อสถานประกอบการ,บริษัท มงคลแอนด์ซันส์ฟาร์ม จำกัด ,0,สันโป่ง,2566,แม่ริม
3745,ห้องเย็น เก็บผลิตผลการเกษตร,เชียงใหม่,5000000,รายชื่อสถานประกอบการ,บริษัท นิ่มซี่เส็งห้องเย็น จำกัด,0,ฟ้าฮ่าม,2566,เมืองเชียงใหม่
3746,ห้องเย็นเก็บรักษาพืชผลทางการเกษตร,เชียงใหม่,1000000,รายชื่อสถานประกอบการ,สีดาการเกษตร,0,ท่าวังพร้าว,2566,สันป่าตอง
3747,ห้องเย็นเก็บพืชผลทางการเกษตร,เชียงใหม่,5000000,รายชื่อสถานประกอบการ,บริษัท เชียงใหม่เฟรช โปรดักส์ จำกัด,0,ดอนเปา,2566,แม่วาง
3748,เก็บอาหารแช่แข็ง,เชียงใหม่,4,รายชื่อสถานประกอบการ,เอ็ม เอ็ม โฟรเซ่นฟู้ด เชียงใหม่,85000000,สันกลาง,2566,สันป่าตอง
3749,"ห้องเย็นและตัดแต่ง, แช่แข็ง พืช ผัก ผลไม้",เชียงใหม่,1189,รายชื่อสถานประกอบการ,บริษัท ลานนาเกษตรอุตสาหกรรม จำกัด,972630955,สารภี,2566,สารภี
3750,ห้องเย็น,เชียงใหม่,5000000,รายชื่อสถานประกอบการ,บริษัท เชียงใหม่ธนาธรฟาร์ม จำกัด,0,สันทราย,2566,ฝาง
3751,ห้องเย็นเพื่อเก็บอาหารทะเล เนื้อสัตว์ และพืช ผัก ผลไม้,เชียงใหม่,3000000,รายชื่อสถานประกอบการ,ห้างหุ้นส่วนจำกัด ศรีสุวรรณพัฒนาการค้า,0,ฟ้าฮ่าม,2566,เมืองเชียงใหม่
3752,ห้องเย็น,เชียงใหม่,0,รายชื่อสถานประกอบการ,บริษัท เค.พี.(จอมทอง) จำกัด,0,บ้านแปะ,2566,จอมทอง
3753,ห้องเย็นเก็บผลิตผลทางการเกษตร,เชียงใหม่,63,รายชื่อสถานประกอบการ,บริษัท พรีเซิร์ฟ อะโกร โปรดักส์ จำกัด,115000000,ขี้เหล็ก,2566,แม่ริม
3754,ห้องเย็น,เชียงใหม่,10000000,รายชื่อสถานประกอบการ,บริษัท ห้องเย็น เจริญใจ จำกัด,0,ไชยสถาน,2566,สารภี
3755,ห้องเย็นเก็บผลิตผลทางการเกษตร,เชียงใหม่,10,รายชื่อสถานประกอบการ,ห้องเย็นแสงหล้า,7250000,ปงตำ,2566,ไชยปราการ
3756,ซ่อมและเคาะพ่นสีรถยนต์,เชียงใหม่,1000000,รายชื่อสถานประกอบการ,บริษัท เจริญมอเตอร์เบนซ์ จำกัด,0,ศรีภูมิ,2566,เมืองเชียงใหม่
3757,ศูนย์บริการซ่อมรถยนต์,เชียงใหม่,4500000,รายชื่อสถานประกอบการ,บริษัท มิตซูเชียงใหม่ จำกัด,0,ท่าศาลา,2566,เมืองเชียงใหม่
3758,"ซ่อมรถยนต์,ปะ-เปลี่ยนยางรถยนต์",เชียงใหม่,2000000,รายชื่อสถานประกอบการ,ป.เฮงสวัสดิ์,0,สุเทพ,2566,เมืองเชียงใหม่
3759,ซ่อมและเคาะพ่นสีรถยนต์,เชียงใหม่,500000,รายชื่อสถานประกอบการ,บริษัท อู่ตู่ อะไหล่ยนต์ จำกัด,0,หนองผึ้ง,2566,สารภี
3760,ซ่อมแซม และ เคาะ-พ่นสีรถยนต์,เชียงใหม่,27,รายชื่อสถานประกอบการ,เปรม พาวเวอร์ ศูนย์ซ่อมสีและตัวถัง,6550000,สันผักหวาน,2566,หางดง
3761,ศูนย์บริการ เคาะพ่นสีรถยนต์,เชียงใหม่,2000000,รายชื่อสถานประกอบการ,เชียงแสง,0,ดอนแก้ว,2566,แม่ริม
3762,ศูนย์จำหน่าย บริการซ่อมบำรุง และเคาะพ่นสีรถยนต์,เชียงใหม่,20000000,รายชื่อสถานประกอบการ,บริษัท โตโยต้านครพิงค์ เชียงใหม่ จำกัด,0,หนองจ๊อม,2566,สันทราย
3763,ซ่อมตัวถังและสีรถยนต์,เชียงใหม่,20000000,รายชื่อสถานประกอบการ,บริษัท แสงตะวัน พีเอส จำกัด,0,ดอนแก้ว,2566,แม่ริม
3764,ศูนย์บริการซ่อมรถยนต์,เชียงใหม่,1000000,รายชื่อสถานประกอบการ,บริษัท เบส ออโต้เซลส์ จำกัด,0,หนองจ๊อม,2566,สันทราย
3765,ซ่อมรถยนต์และเคาะพ่นสีรถยนต์,เชียงใหม่,2000000,รายชื่อสถานประกอบการ,นายกิตติพงศ์ มณีชุติภาส,0,มะขามหลวง,2566,สันป่าตอง
3766,ศูนย์บริการซ่อม และพ่นสีรถยนต์,เชียงใหม่,25000000,รายชื่อสถานประกอบการ,บริษัท เชียงใหม่ ฮอนค้า ออโตโมบิล จำกัด,0,สันทรายน้อย,2566,สันทราย
3767,เคาะ-พ่นสี และซ่อมรถยนต์,เชียงใหม่,1000000,รายชื่อสถานประกอบการ,บริษัท นิวไดมอนด์ จำกัด,0,สันผีเสื้อ,2566,เมืองเชียงใหม่
3768,"ศูนย์จำหน่าย, บริการซ่อมและเคาะพ่นสีรถยนต์",เชียงใหม่,30000000,รายชื่อสถานประกอบการ,บริษัท โตโยต้าเชียงใหม่ จำกัด สาขาสี่แยกไฮเวย์,0,ท่าศาลา,2566,เมืองเชียงใหม่
3769,ศูนย์บริการซ่อมรถยนต์,เชียงใหม่,4500000,รายชื่อสถานประกอบการ,บริษัท มิตซูเชียงใหม่ จำกัด(สาขาหางดง),0,หนองควาย,2566,หางดง
3770,ศูนย์บริการซ่อมแซมรถยนต์,เชียงใหม่,1000000,รายชื่อสถานประกอบการ,บี-ควิก สาขาโลตัส รวมโชค,0,ฟ้าฮ่าม,2566,เมืองเชียงใหม่
3771,จำหน่ายและซ่อมรถยนต์,เชียงใหม่,2000000,รายชื่อสถานประกอบการ,บริษัท ธารา จำกัด สาขาสารภี,0,สารภี,2566,สารภี
3772,ซ่อมรถยนต์,เชียงใหม่,17,รายชื่อสถานประกอบการ,ห้างหุ้นส่วนจำกัด อีซูซุ ศาลาฟาสเตอร์ เชียงใหม่,11800000,สันกลาง,2566,สันป่าตอง
3773,ซ่อมรถยนต์,เชียงใหม่,1000000,รายชื่อสถานประกอบการ,บริษัท อรรถพรและบุตร จำกัด,0,วัดเกต,2566,เมืองเชียงใหม่
3774,ศูนย์บริการซ่อมแซมรถยนต์,เชียงใหม่,1000000,รายชื่อสถานประกอบการ,บี-ควิก สาขาโลตัส หางดง,0,ป่าแดด,2566,เมืองเชียงใหม่
3775,ศูนย์จำหน่าย บริการซ่อม และเคาะพ่นสีรถยนต์,เชียงใหม่,5000000,รายชื่อสถานประกอบการ,บริษัท ฮอนด้าพาราไดซ์ เชียงใหม่ จำกัด,0,หนองจ๊อม,2566,สันทราย
3776,ศูนย์บริการซ่อมแซมรถยนต์,เชียงใหม่,0,รายชื่อสถานประกอบการ,บี-ควิก สาขาบิ๊กซีไฮเวย์ สาขา 2,0,หนองป่าครั่ง,2566,เมืองเชียงใหม่
3777,ซ่อมรถยนต์,เชียงใหม่,1000000,รายชื่อสถานประกอบการ,บริษัท สยามนิสสัน เชียงใหม่ จำกัด,0,วัดเกต,2566,เมืองเชียงใหม่
3778,ซ่อมเคาะพ่นสีรถยนต์,เชียงใหม่,500000,รายชื่อสถานประกอบการ,บริษัท วี เอ็น ออโต้ บอดี้ จำกัด,0,แม่เหียะ,2566,เมืองเชียงใหม่
3779,ศูนย์บริการซ่อมแซมรถยนต์,เชียงใหม่,1000000,รายชื่อสถานประกอบการ,บี-ควิก สาขาบิ๊กซี หางดง สาขา 2,0,หางดง,2566,หางดง
3780,ซ่อม พ่นสีรถจักรยานยนต์,เชียงใหม่,1000000,รายชื่อสถานประกอบการ,บริษัท นิยมพานิช จำกัด,0,สุเทพ,2566,เมืองเชียงใหม่
3781,"ซ่อมรถยนต์,รถจักรยานยนต์",เชียงใหม่,1000000,รายชื่อสถานประกอบการ,บริษัท โตโยต้า เชียงใหม่ จำกัด,0,สันทราย,2566,ฝาง
3782,ซ่อมรถยนต์,เชียงใหม่,100000000,รายชื่อสถานประกอบการ,บริษัท มาสด้าเชียงใหม่ จำกัด,0,หนองผึ้ง,2566,สารภี
3783,ซ่อมรถยนต์,เชียงใหม่,2000000,รายชื่อสถานประกอบการ,บริษัท วี กรุ๊ป เอไอ เชียงใหม่ จำกัด,0,หนองควาย,2566,หางดง
3784,ซ่อมบำรุงรถยนต์,เชียงใหม่,5000000,รายชื่อสถานประกอบการ,บริษัท โตโยต้า เชียงใหม่ จำกัด,0,สุเทพ,2566,เมืองเชียงใหม่
3785,เคาะ-พ่นสีรถยนต์,เชียงใหม่,500000,รายชื่อสถานประกอบการ,ห้างหุ้นส่วนจำกัด อู่ทานการช่าง เชียงใหม่3,0,ท่าศาลา,2566,เมืองเชียงใหม่
3786,ศูนย์ซ่อมบริการและเคาะพ่นสีรถยนต์,เชียงใหม่,1000000,รายชื่อสถานประกอบการ,อู่ยิ่งเจริญ,0,สันกลาง,2566,สันกำแพง
3787,ซ่อมรถยนต์,เชียงใหม่,3000000,รายชื่อสถานประกอบการ,บริษัท สยามนิสสัน เชียงใหม่ จำกัด,0,ท่าศาลา,2566,เมืองเชียงใหม่
3788,ซ่อมรถยนต์ เคาะพ่นสีรถยนต์,เชียงใหม่,1000000,รายชื่อสถานประกอบการ,บริษัท นิธิบูรณ์ ออโต้เซลล์ จำกัด,0,ช้างเผือก,2566,เมืองเชียงใหม่
3789,ศูนย์บริการ ซ่อม และเคาะ-พ่นสีรถยนต์,เชียงใหม่,500000,รายชื่อสถานประกอบการ,บริษัท พี ออโต้ เพ้นท์ จำกัด,0,ป่าลาน,2566,ดอยสะเก็ด
3790,ซ่อมแซมเครื่องยนต์ ซ่อมแซมเคาะพ่นสีถังรถยนต์ และพ่นสีกันสนิมรถยนต์,เชียงใหม่,20,รายชื่อสถานประกอบการ,อู่หม่องบริการ,8000000,ท่าศาลา,2566,เมืองเชียงใหม่
3791,ซ่อมรถยนต์,เชียงใหม่,300000,รายชื่อสถานประกอบการ,อู่พีรพัฒน์ ดีเซล,0,แม่แวน,2566,พร้าว
3792,ศูนย์บริการซ่อมรถยนต์ (Ford),เชียงใหม่,25,รายชื่อสถานประกอบการ,บริษัท อเมริกันมอเตอร์ส (เชียงใหม่) จำกัด,70000000,ฟ้าฮ่าม,2566,เมืองเชียงใหม่
3793,ซ่อมแซมรถยนต์ เครื่องยนต์ ซ่อมแซมเคาะพ่นสีตัวถังรถยนต์ และพ่นสี,เชียงใหม่,45,รายชื่อสถานประกอบการ,บริษัท โตโยต้านครพิงค์ เชียงใหม่ จำกัด,265000000,แม่เหียะ,2566,เมืองเชียงใหม่
3794,ซ่อมและเคาะพ่นสีรถยนต์,เชียงใหม่,30000000,รายชื่อสถานประกอบการ,ห้างหุ้นส่วนจำกัด อีซูซุศาลาฟาสเตอร์เชียงใหม่,0,หนองจ๊อม,2566,สันทราย
3795,ซ่อมรถยนต์ และเคาะ-พ่นสีรถยนต์,เชียงใหม่,1000000,รายชื่อสถานประกอบการ,บริษัท สกุลชัยบิวดิ้ง จำกัด,0,ท่าศาลา,2566,เมืองเชียงใหม่
3796,ศูนย์บริการซ่อมแซมรถยนต์ และ ซ่อมสีตัวถังรถยนต์,เชียงใหม่,20000000,รายชื่อสถานประกอบการ,บริษัท โตโยต้าอินทนนท์ จำกัด,0,ไชยสถาน,2566,สารภี
3797,ซ่อมรถยนต์,เชียงใหม่,15000000,รายชื่อสถานประกอบการ,บริษัท บาเซโลนา มอเตอร์ จำกัด,0,ฟ้าฮ่าม,2566,เมืองเชียงใหม่
3798,เกี่ยวกับรถยนต์ การสร้าง ประกอบ ดัดแปลง เปลี่ยนแปลงสภาพ การทำหลังคารถต่างๆ เช่น รถพยาบาล รถโดยสาร ฯลฯ และการซ่อมบำรุงรถยนต์,เชียงใหม่,30,รายชื่อสถานประกอบการ,ห้างหุ้นส่วนจำกัด เชียงใหม่ ชุนศิลป์,35000000,หนองผึ้ง,2566,สารภี
3799,ซ่อมรถยนต์ เคาะพ่นสีรถยนต์,เชียงใหม่,1000000,รายชื่อสถานประกอบการ,ห้างหุ้นส่วนจำกัด ทรายทอง ออโต้ คาร์,0,สันปูเลย,2566,ดอยสะเก็ด
3800,ซ่อมรถยนต์ ยางรถยนต์,เชียงใหม่,6,รายชื่อสถานประกอบการ,ห้างหุ้นส่วนจำกัด นพรัตน์ยางยนต์เชียงใหม่,16200000,หนองหอย,2566,เมืองเชียงใหม่
3801,ศูนย์จำหน่าย บริการซ่อม และเคาะ พ่น สีรถยนต์,เชียงใหม่,80000000,รายชื่อสถานประกอบการ,บริษัท แมทริกซ์ ฮอนด้า ออโตโมบิล จำกัด,0,หนองป่าครั่ง,2566,เมืองเชียงใหม่
3802,ซ่อมรถยนต์,เชียงใหม่,3000000,รายชื่อสถานประกอบการ,บริษัท พิงคนครเเซลแอนด์เซอร์วิส จำกัด,0,ท่าศาลา,2566,เมืองเชียงใหม่
3803,ซ่อมรถยนต์,เชียงใหม่,2000000,รายชื่อสถานประกอบการ,บริษัท วี เพอร์เฟค ออโต้คาร์ จำกัด,0,หนองควาย,2566,หางดง
3804,ซ่อมรถยนต์และเคาะ-พ่นสีรถยนต์,เชียงใหม่,5000000,รายชื่อสถานประกอบการ,บริษัท พิงคนครเซลแอนด์เซอร์วิส จำกัด,0,แม่เหียะ,2566,เมืองเชียงใหม่
3805,"ซ่อมรถยนต์,ต่อตัวถังรถ",เชียงใหม่,100000,รายชื่อสถานประกอบการ,บริษัท เชียงใหม่ทวีผล คอนสตรัคชั่น จำกัด,0,หางดง,2566,หางดง
3806,ซ่อมและพ่นสีรถยนต์,เชียงใหม่,1000000,รายชื่อสถานประกอบการ,บริษัท พี.เจ.ออโตเซอร์วิส จำกัด,0,ชมภู,2566,สารภี
3807,"เคาะพ่นสีรถยนต์,ซ่อมรถยนต์",เชียงใหม่,12,รายชื่อสถานประกอบการ,ห้างหุ้นส่วนจำกัด อีสานรุ่งเรือง เชียงใหม่,8230000,สันทรายน้อย,2566,สันทราย
3808,ตั้งศูนย์ถ่วงล้อ เปลี่ยนยาง ปะยาง ซ่อมช่วงล่างรถบรรทุกและรถยนต์นั่งสว่นบุคคล,เชียงใหม่,10000000,รายชื่อสถานประกอบการ,ห้างหุ้นส่วนสามัญนิติบุคคลเวียงพิงค์แอทแวนเทจ,0,ยางเนิ้ง,2566,สารภี
3809,ซ่อมรถยนต์,เชียงใหม่,100000,รายชื่อสถานประกอบการ,สุรกิจกลการ,0,วัดเกต,2566,เมืองเชียงใหม่
3810,ซ่อมรถยนต์,เชียงใหม่,5500000,รายชื่อสถานประกอบการ,บริษัท ไดนาสตี้ เอ็นเอสเอ จำกัด,0,ช้างคลาน,2566,เมืองเชียงใหม่
3811,ศูนย์ซ่อมบริการ เคาะ พ่นสีตัวถังรถยนต์,เชียงใหม่,1000000,รายชื่อสถานประกอบการ,ชัยเจริญดี 999,0,ป่าบง,2566,สารภี
3812,ซ่อมรถยนต์,เชียงใหม่,13,รายชื่อสถานประกอบการ,อู่เกรียงไกรกลการ,350000,ฟ้าฮ่าม,2566,เมืองเชียงใหม่
3813,ซ่อม-เคาะพ่นสีรถยนต์,เชียงใหม่,2400000,รายชื่อสถานประกอบการ,ห้างหุ้นส่วนจำกัด นครพิงค์ ไฮเวย์,0,ท่าศาลา,2566,เมืองเชียงใหม่
3814,ศูนย์จำหน่าย บริการซ่อมและเคาะ พ่นสีรถยนต์,เชียงใหม่,100000000,รายชื่อสถานประกอบการ,บริษัท โตโยต้า เชียงใหม่ จำกัด สาขาจอมทอง,0,ข่วงเปา,2566,จอมทอง
3815,ซ่อมรถยนต์,เชียงใหม่,1000000,รายชื่อสถานประกอบการ,บริษัท วี กรุ๊ป แซดเค จำกัด,0,ฟ้าฮ่าม,2566,เมืองเชียงใหม่
3816,เคาะ-พ่นสีรถยนต์,เชียงใหม่,50000,รายชื่อสถานประกอบการ,ห้างหุ้นส่วนจำกัด อู่จำลองกลการ 98,0,สันทราย,2566,ฝาง
3817,"ต่อตัวถัง,ทำสี และซ่อมแซมรถโดยสาร",เชียงใหม่,1000000,รายชื่อสถานประกอบการ,ห้างหุ้นส่วนจำกัด ดีอาร์.บัสบอดี้,0,บวกค้าง,2566,สันกำแพง
3818,ซ่อมและพ่นสีรถยนต์,เชียงใหม่,38,รายชื่อสถานประกอบการ,บริษัท บาเซโลนา มอเตอร์ จำกัด,57000000,ฟ้าฮ่าม,2566,เมืองเชียงใหม่
3819,"ซ่อมรถยนต์,เปลี่ยนยาง",เชียงใหม่,2000000,รายชื่อสถานประกอบการ,บริษัท พงศ์โชตนาการยาง จำกัด,0,ช้างเผือก,2566,เมืองเชียงใหม่
3820,ซ่อมรถยนต์,เชียงใหม่,1000000,รายชื่อสถานประกอบการ,บริษัท ชัยพัฒนาขนส่งเชียงใหม่ จำกัด,0,หนองป่าครั่ง,2566,เมืองเชียงใหม่
3821,ศูนย์บริการซ่อมรถยนต์,เชียงใหม่,5000000,รายชื่อสถานประกอบการ,บริษัท แสงชัยมอเตอร์เซลส์ จำกัด,0,ฟ้าฮ่าม,2566,เมืองเชียงใหม่
3822,ซ่อมแซมเครื่องยนต์ เคาะพ่นสีตัวถังรถยนต์,เชียงใหม่,2000000,รายชื่อสถานประกอบการ,บริษัท 88 ดาวรุ่ง จำกัด,0,แม่เหียะ,2566,เมืองเชียงใหม่
3823,ศูนย์บริการเคาะพ่นสี รถยนต์,เชียงใหม่,5000000,รายชื่อสถานประกอบการ,บริษัท อีซูซุเชียงใหม่เซลส์ จำกัด,0,หนองผึ้ง,2566,สารภี
3824,ตั้งศูนย์ถ่วงล้อและปะยงรถยนต์,เชียงใหม่,3000000,รายชื่อสถานประกอบการ,บริษัท เชียงใหม่เวียงพิงค์การยาง จำกัด,0,ฟ้าฮ่าม,2566,เมืองเชียงใหม่
3825,ซ่อมรถยนต์,เชียงใหม่,0,รายชื่อสถานประกอบการ,บริษัท อีซูซุ เชียงใหม่เซลส์ จำกัด,0,หนองผึ้ง,2566,สารภี
3826,ศูนย์บริการซ่อมรถยนต์,เชียงใหม่,1000000,รายชื่อสถานประกอบการ,บริษัท เซฟเวย์ ออโต้ เซอร์วิส จำกัด,0,ช้างคลาน,2566,เมืองเชียงใหม่
3827,ซ่อมรถยนต์ และเคาะพ่นสีรถยนต์,เชียงใหม่,600000,รายชื่อสถานประกอบการ,บริษัท อริยกิจ จี.พี. จำกัด,0,สันพระเนตร,2566,สันทราย
3828,ซ่อมและเคาะพ่นสีรถยนต์,เชียงใหม่,10000000,รายชื่อสถานประกอบการ,ห้างหุ้นส่วนจำกัด ยิ่งเจริญรุ่งเกียรติโชคชัย,0,แม่ข่า,2566,ฝาง
3829,เคาะ-พ่นสีรถยนต์,เชียงใหม่,25,รายชื่อสถานประกอบการ,อ.การาจเจริญยนต์,9100000,ดอนแก้ว,2566,สารภี
3830,ซ่อมรถยนต์,เชียงใหม่,39,รายชื่อสถานประกอบการ,บริษัท ธารา จำกัด (สาขาหนองป่าครั่ง),0,หนองป่าครั่ง,2566,เมืองเชียงใหม่
3831,ซ่อมรถยนต์,เชียงใหม่,20000000,รายชื่อสถานประกอบการ,บริษัท ธารา จำกัด สาขาสนามบิน,0,สุเทพ,2566,เมืองเชียงใหม่
3832,ศูนย์บริการซ่อมรถยนต์,เชียงใหม่,1000000,รายชื่อสถานประกอบการ,บริษัท แสงชัยมอเตอร์เซลส์ จำกัด,0,แม่เหียะ,2566,เมืองเชียงใหม่
3833,ศูนย์บริการซ่อมรถยนต์ และบริการซ่อมสีรถยนต์,เชียงใหม่,10000000,รายชื่อสถานประกอบการ,บริษัท โตโยต้าริช จำกัด,0,สันพระเนตร,2566,สันทราย
3834,ซ่อมรถยนต์และซ่อมเคาะพ่นสีรถยนต์,เชียงใหม่,30000000,รายชื่อสถานประกอบการ,ห้างหุ้นส่วนจำกัด อีซูซุศาลาฟาสเตอร์เชียงใหม่,0,ข่วงเปา,2566,จอมทอง
3835,ซ่อมรถยนต์ และเคาะพ่นสีรถยนต์,เชียงใหม่,102,รายชื่อสถานประกอบการ,บริษัท โตโยต้า ล้านนา จำกัด,306000000,ช้างเผือก,2566,เมืองเชียงใหม่
3836,ศูนย์บริการซ่อมรถยนต์ และยานยนต์ทุกประเภท,เชียงใหม่,500000,รายชื่อสถานประกอบการ,บริษัท วี-เพ้นท์ ออโต้เซอร์วิส จำกัด,0,ช้างเผือก,2566,เมืองเชียงใหม่
3837,ซ่อมแซมรถยนต์ และเคาะพ่นสีตัวถัง,เชียงใหม่,3000000,รายชื่อสถานประกอบการ,ห้างหุ้นส่วนจำกัด เศรษฐศักดิ์ บริการ,0,หนองผึ้ง,2566,สารภี
3838,ซ่อม เคาะพ่นสีรถยนต์,เชียงใหม่,20,รายชื่อสถานประกอบการ,บริษัท วิริยะมาสด้า (2004) จำกัด,10400000,หนองจ๊อม,2566,สันทราย
3839,ซ่อมและพ่นสีรถยนต์,เชียงใหม่,3800000,รายชื่อสถานประกอบการ,บริษัท นครพิงค์เวอร์คช็อพ จำกัด,0,สันนาเม็ง,2566,สันทราย
3840,ซ่อมและเคาะพ่นสีรถยนต์ 60 คัน/ปี,เชียงใหม่,150000,รายชื่อสถานประกอบการ,ห้างหุ้นส่วนจำกัด หมื่นการช่าง,0,ต้นเปา,2566,สันกำแพง
3841,ซักรีด ซักแห้ง เครื่องนุ่งห่ม,เชียงใหม่,500000,รายชื่อสถานประกอบการ,ห้างหุ้นส่วนจำกัด นอร์ทเทิร์นลอนดรี เซอร์วิส,0,ป่าป้อง,2566,ดอยสะเก็ด
3842,"ซัก,อบ,รีดผ้า",เชียงใหม่,500000,รายชื่อสถานประกอบการ,ห้างหุ้นส่วนจำกัด มาสเตอร์คลีนลอนดรี้ แอนด์ เซอร์วิส,0,ริมเหนือ,2566,แม่ริม
3843,ซัก อบ รีดผ้า และย้อมผ้า,เชียงใหม่,200000,รายชื่อสถานประกอบการ,ห้างหุ้นส่วนจำกัด สโนไวท์ ลอนลี่,0,ป่าแดด,2566,เมืองเชียงใหม่
3844,ซัก อบ รีด เสื้อผ้า ผ้าคลุมเตียง ผ้าห่ม,เชียงใหม่,200000,รายชื่อสถานประกอบการ,พี.อาร์.ลอนดรี แอนด์ เซอร์วิส,0,สันป่าเปา,2566,สันทราย
3845,โรงงานซักรีด ซักแห้ง ซักฟอก รีด อัด เครื่องนุ่งห่ม พรมหรือขนสัตว์,เชียงใหม่,1500000,รายชื่อสถานประกอบการ,ห้างหุ้นส่วนจำกัด ปาณิฐิตา,0,แม่คือ,2566,ดอยสะเก็ด
3846,โม่ บด ย่อยหิน,เชียงใหม่,10000000,รายชื่อสถานประกอบการ,บริษัท อาเชี่ยน จำกัด,0,บ้านแปะ,2566,จอมทอง
3847,โม่ บด ย่อยหิน,เชียงใหม่,26000000,รายชื่อสถานประกอบการ,บริษัท เชียงใหม่สหศิลา จำกัด,0,ศรีดงเย็น,2566,ไชยปราการ
3848,โม่ บด หรือย่อยหิน,เชียงใหม่,10000000,รายชื่อสถานประกอบการ,บริษัท เชียงใหม่ ที.ดี. จำกัด,0,บ้านแปะ,2566,จอมทอง
3849,โม บด หรือย่อยหิน,เชียงใหม่,0,รายชื่อสถานประกอบการ,บริษัท ปิยะกิจโยธาการ จำกัด,0,แม่แตง,2566,แม่แตง
3850,โม่ บด หรือย่อยหิน,เชียงใหม่,35,รายชื่อสถานประกอบการ,บริษัท สยามสโตน แอ๊กกริเกรท จำกัด,0,แม่โป่ง,2566,ดอยสะเก็ด
3851,โม่ บด หรือย่อยหิน,เชียงใหม่,25000000,รายชื่อสถานประกอบการ,บริษัท เขตศิลา จำกัด,0,บ้านแปะ,2566,จอมทอง
3852,โม่ บด หรือย่อยหิน,เชียงใหม่,10000000,รายชื่อสถานประกอบการ,เชียงใหม่ไท้เซียง,0,บ้านแปะ,2566,จอมทอง
3853,โม่ บด หรือย่อยหิน,เชียงใหม่,27,รายชื่อสถานประกอบการ,บริษัท เอ็มแพค ไมนิ่ง จำกัด,155000000,บ้านแปะ,2566,จอมทอง
3854,โม่ บด และย่อยหิน,เชียงใหม่,27,รายชื่อสถานประกอบการ,นางมัณฑณา ลี้ตระกูล,290000000,บ้านแปะ,2566,จอมทอง
3855,ทำผลิตภัณฑ์จากไม้ไผ่ เช่น ตะเกียบ,เชียงใหม่,50,รายชื่อสถานประกอบการ,ไผ่ทองอุตสาหกรรม,2269654,ป่าบง,2566,สารภี
3856,ทำเส้นก๋วยเตี๋ยว และเส้นหมี่,เชียงใหม่,8,รายชื่อสถานประกอบการ,แสงประทีป,800000,สันปูเลย,2566,ดอยสะเก็ด
3857,ทำน้ำแข็งก้อนเล็ก ,เชียงใหม่,1000000,รายชื่อสถานประกอบการ,ห้างหุ้นส่วนจำกัด วารีเทพ สันกำแพง,0,ทรายมูล,2566,สันกำแพง
3858,ทำน้ำแข็งก้อนเล็ก,เชียงใหม่,50000,รายชื่อสถานประกอบการ,โรงน้ำแข็งสุขเสรี,0,ช้างเผือก,2566,เมืองเชียงใหม่
3859,ทำน้ำแข็งซองได้วันละ 1200 ซอง และทำน้ำแข็งก้อนเล็กได้วันละ 1,เชียงใหม่,300000,รายชื่อสถานประกอบการ,ห้างหุ้นส่วนจำกัด เวียงพิงค์ไอซ์,0,หนองหอย,2566,เมืองเชียงใหม่
3860,ผลิตอาหารสัตว์,เชียงใหม่,1000000,รายชื่อสถานประกอบการ,บริษัท อาร์.พี.เอ็ม ฟาร์ม แอนด์ ฟีด จำกัด,0,หนองควาย,2566,หางดง
3861,ผลิตอาหารผสม หรืออาหารสำเร็จรูปสำหรับเลี้ยงสัตว์,เชียงใหม่,5000000,รายชื่อสถานประกอบการ,บริษัท โฟร์ ที จำกัด,0,ดอยหล่อ,2566,ดอยหล่อ
3862,บดถั่วเหลืองสำหรับเป็นส่วนผสมอาหารสัตว์,เชียงใหม่,500000,รายชื่อสถานประกอบการ,ห้างหุ้นส่วนจำกัด โรงสีข้าวรวงทองเชียงใหม่,0,เชิงดอย,2566,ดอยสะเก็ด
3863,ผลิตโซดา และน้ำดื่ม,เชียงใหม่,165,รายชื่อสถานประกอบการ,บริษัท เชียงใหม่ เบเวอเรช จำกัด,1160000000,ยางเนิ้ง,2566,สารภี
3864,ผลิตน้ำแร่ น้ำดื่ม และขวดพลาสติก,เชียงใหม่,90,รายชื่อสถานประกอบการ,บริษัท ทิปโก้ฟูดส์ จำกัด (มหาชน),400000000,โป่งแยง,2566,แม่ริม
3865,ทำวงกบประตู-หน้าต่าง เครื่องเรือนเครื่องใช้ในบ้านเรือน และไม้เซาะร่องรางลิ้นอัดเป็นแผ่นสำเร็จ,เชียงใหม่,1000000,รายชื่อสถานประกอบการ,นายนพรัตน์ นิมมานวัฒนา,0,น้ำแพร่,2566,หางดง
3866,ทำเครื่องเรือนจากไม้ เช่น ตู้ โต๊ะ เตียง,เชียงใหม่,3950000,รายชื่อสถานประกอบการ,ตนานุวัฒน์เฟอร์นิเจอร์,0,แม่เหียะ,2566,เมืองเชียงใหม่
3867,ฆ่าและชำแหละสุกร,เชียงใหม่,80000000,รายชื่อสถานประกอบการ,บริษัท วีพีเอฟ กรุ๊ป (1973) จำกัด,0,ชมภู,2566,สารภี
3868,แปรรูปผลิตภัณฑ์จากผึ้ง เช่น น้ำผึ้ง นมผึ้ง เกสรผึ้ง และไขผึ้ง ,เชียงใหม่,25000000,รายชื่อสถานประกอบการ,บริษัท เชียงใหม่ เฮลดี้ โปรดักส์ จำกัด,0,สารภี,2566,สารภี
3869,ผลิตนมพาสเจอร์ไรส์และนมเปรี้ยวพร้อมดื่ม,เชียงใหม่,8,รายชื่อสถานประกอบการ,สหกรณ์โคนมเชียงใหม่ จำกัด,30000000,ไชยสถาน,2566,สารภี
3870,ผลิตผักและผลไม้บรรจุกระป๋องสำเร็จรูป,เชียงใหม่,110000000,รายชื่อสถานประกอบการ,บริษัท สันติภาพ (ฮั่วเพ้ง 1958) จำกัด,0,แม่แฝกใหม่,2566,สันทราย
3871,ทำผลไม้บรรุกระป๋อง,เชียงใหม่,2000000,รายชื่อสถานประกอบการ,บริษัท โอ.วี.อินเตอร์เนชั่นแนล อิมปอร์ต-เอ็กซ์ปอร์ต จำกัด,0,แม่ทะลบ,2566,ไชยปราการ
3872,แปรรูปผักและผลไม้บรรจุกระป๋อง แช่แข็งทุกชนิด,เชียงใหม่,140,รายชื่อสถานประกอบการ,บริษัท ซันสวีท จำกัด (มหาชน),996020762,ทุ่งสะโตก,2566,สันป่าตอง
3873,ทำอาหารกระป๋องจากผัก พืชหรือผลไม้และดองผักพืชหรือผลไม้,เชียงใหม่,75000000,รายชื่อสถานประกอบการ,บริษัท ช้างอวอดส์ (1959) จำกัด,0,แม่ข่า,2566,ฝาง
3874,ทำผลิตภัณฑ์อาหารจากผัก ผลไม้ บรรจุกระป๋อง,เชียงใหม่,20000000,รายชื่อสถานประกอบการ,บริษัท อาหารเชียงใหม่อุตสาหกรรม จำกัด,0,บ้านกลาง,2566,สันป่าตอง
3875,ทำอาหารและเครื่องดื่มจากผักผลไม้บรรจุกระป๋อง และผักผลไม้แช่แข็ง,เชียงใหม่,12000000,รายชื่อสถานประกอบการ,บริษัท ดอยคำผลิตภัณฑ์อาหาร จำกัด,0,แม่งอน,2566,ฝาง
3876,ทำผัก-ผลไม้ น้ำผัก-ผลไม้ บรรจุกระป๋อง,เชียงใหม่,10000000,รายชื่อสถานประกอบการ,บริษัท สหปราจีนบุรีอุตสาหกรรมอาหาร จำกัด,0,แม่สูน,2566,ฝาง
3877,ผลิตพืช ผัก ผลไม้ แช่แข็ง แบ่งบรรจุอาหารและเครื่องปรุงอาหารโดยไม่มีการผลิต,เชียงใหม่,569567526,รายชื่อสถานประกอบการ,บริษัท เชียงใหม่โฟรเซ่นฟูดส์ จำกัด (มหาชน),0,แม่แฝกใหม่,2566,สันทราย
3878,ผลิตพืช ผัก และผลไม้อบแห้ง,เชียงใหม่,20000000,รายชื่อสถานประกอบการ,บริษัท เอกมี เทรดดิ้ง อินเตอร์เนชั่นแนล จำกัด,0,ดอยหล่อ,2566,ดอยหล่อ
3879,ห้องเย็น,เชียงใหม่,4000000,รายชื่อสถานประกอบการ,บริษัท ห้องเย็นปรมีจำกัด,0,ฟ้าฮ่าม,2566,เมืองเชียงใหม่
3880,ขยายผลิตพืช ผัก ผลไม้แช่แข็ง และห้องเย็น,เชียงใหม่,16500000,รายชื่อสถานประกอบการ,บริษัท เชียงใหม่โฟรเซ่นฟูดส์ จำกัด (มหาชน),0,หนองจ๊อม,2566,สันทราย
3881,ผลิตและจำหน่ายขนมปัง,เชียงใหม่,100000,รายชื่อสถานประกอบการ,เวียงวราเบเกอรี่,0,ป่าบง,2566,สารภี
3882,ทำขนมปังปอนด์ ขนมเค้ก ขนมเปี๊ยะ,เชียงใหม่,8,รายชื่อสถานประกอบการ,มังกรทองเบเกอรี่,2550000,พระสิงห์,2566,เมืองเชียงใหม่
3883,ทำเส้นก๋วยเตี๋ยวและเส้นหมี่,เชียงใหม่,3,รายชื่อสถานประกอบการ,นายกิตติพล ศุภวนานุสรณ์,800000,สันทราย,2566,ฝาง
3884,ผลิตภัณฑ์อาหารจากแป้งเป็นเส้น,เชียงใหม่,45,รายชื่อสถานประกอบการ,ห้างหุ้นส่วนจำกัด เชียงใหม่ ลำปางเลิศรส,23500000,สุเทพ,2566,เมืองเชียงใหม่
3885,ผลิตใบชาแห้ง และใบชาผงไม่สำเร็จรูป,เชียงใหม่,5,รายชื่อสถานประกอบการ,บริษัท ชาสยาม จำกัด,30000000,อินทขิล,2566,แม่แตง
3886,"ทำไอศครีมแท่ง, ไอศครีมถ้วย",เชียงใหม่,9,รายชื่อสถานประกอบการ,สโนไวท์,5575000,ช้างม่อย,2566,เมืองเชียงใหม่
3887,คัด บรรจุและแปรรูปผลิตผลการเกษตร เช่น ลำไยสด ลำไยอบแห้ง ชาลำไย,เชียงใหม่,3,รายชื่อสถานประกอบการ,ห้างหุ้นส่วนจำกัด พรมกังวาน,2600000,สันทราย,2566,สารภี
3888,กะเทาะเปลือกถั่วลิสง,เชียงใหม่,4,รายชื่อสถานประกอบการ,ต.วิชัยพาณิชย์,11300000,วัดเกต,2566,เมืองเชียงใหม่
3889,กรอด้าย เข้าเกลียวด้าย,เชียงใหม่,15,รายชื่อสถานประกอบการ,โรงงานฝ้ายป่าไผ่,5800000,เหมืองแก้ว,2566,แม่ริม
3890,ทอเสื่อกก,เชียงใหม่,35,รายชื่อสถานประกอบการ,บริษัท ไทตาตามิ โปรดักส์ จำกัด,12000000,หนองควาย,2566,หางดง
3891,ตัดเย็บเสื้อผ้าสำเร็จรูป,เชียงใหม่,74,รายชื่อสถานประกอบการ,บริษัท ซี.เอ็ม.แอพพาเรล จำกัด,11250000,เวียง,2566,พร้าว
3892,ผลิตออกแบบ เสื้อผ้าสำเร็จรูป ผ้าไหมไทย ผ้าฝ้ายและอื่นๆ,เชียงใหม่,52,รายชื่อสถานประกอบการ,บริษัท คลาสสิค โมเดล จำกัด,16000000,ป่าแดด,2566,เมืองเชียงใหม่
3893,ผลิต ผลิตภัณฑ์หรือชิ้นส่วนของผลิตภัณฑ์และเครื่องใช้เครื่องแต่งกาย จากหนังสัตว์ ขนสัตว์,เชียงใหม่,70,รายชื่อสถานประกอบการ,บริษัท เมซอง ทาคุยะ 21 (ประเทศไทย) จำกัด,6500000,ต้นเปา,2566,สันกำแพง
3894,โรงงานผลิตเครื่องใช้จากหวายและไม้ไผ่,เชียงใหม่,55,รายชื่อสถานประกอบการ,บริษัท บาย ปาริสรา อินเตอร์เอ็กซ์พอร์ต จำกัด,12700000,บ้านแหวน,2566,หางดง
3895,ประดิษฐ์ไม้แกะสลัก,เชียงใหม่,25,รายชื่อสถานประกอบการ,สิ่งประดิษฐ์ไม้แกะสลักอัศ+นุชนาถ,7250000,สุเทพ,2566,เมืองเชียงใหม่
3896,ผลิตของเล่นจากไม้,เชียงใหม่,21,รายชื่อสถานประกอบการ,บริษัท บุญเลิศ เกมส์ไม้ จำกัด,2000000,หนองหาร,2566,สันทราย
3897,ทำภาชนะบรรจุ และผลิตภัณฑ์จากกระดาษสา,เชียงใหม่,60,รายชื่อสถานประกอบการ,บริษัท ไทยแฮนดิคราฟท์ เอ็กซ์ปอร์ท เซ็นเตอร์ จำกัด,0,ต้นเปา,2566,สันกำแพง
3898,ผลิตผลิตภัณฑ์จากผึ้ง เช่น น้ำผื้ง ไขผึ้ง เกสรดอกไม้ นมผึ้ง,เชียงใหม่,25,รายชื่อสถานประกอบการ,บริษัท ฮันนี่ โพลีพลัส จำกัด,12000000,ท่าศาลา,2566,เมืองเชียงใหม่
3899,ผลิตภัณฑ์อาหารพร้อมรับประทาน,เชียงใหม่,52,รายชื่อสถานประกอบการ,บริษัท พรีเมี่ยมฟูดส์ จำกัด,33714500,แม่แฝก,2566,สันทราย
3900,ผลิตอาหารสำหรับสายการบิน,เชียงใหม่,50,รายชื่อสถานประกอบการ,บริษัท ครัวการบินกรุงเทพเชียงใหม่ จำกัด,180000000,สุเทพ,2566,เมืองเชียงใหม่
3901,พิมพ์ป้ายโฆษณาขนาดใหญ่ด้วยคอมพิวเตอร์,เชียงใหม่,30,รายชื่อสถานประกอบการ,บริษัท วีซายน์ มีเดีย จำกัด,17500000,หนองหอย,2566,เมืองเชียงใหม่
3902,คอนกรีตผสมเสร็จ,เชียงใหม่,8,รายชื่อสถานประกอบการ,บริษัท พี-มิกซ์ โปรดักส์ จำกัด,13000000,เหมืองแก้ว,2566,แม่ริม
3903,ทำซีเมนต์บล็อก,เชียงใหม่,18,รายชื่อสถานประกอบการ,บริษัท ชัยทวีบล็อก จำกัด,13900000,ท่าวังตาล,2566,สารภี
3904,ผลิต จำหน่าย ผลิตภัณฑ์คอนกรีต,เชียงใหม่,8,รายชื่อสถานประกอบการ,ห้างหุ้นส่วนจำกัด สิงโตทอง คอนกรีต,8500000,สะเมิงใต้,2566,สะเมิง
3905,ผลิตคอนกรีตผสมเสร็จและผลิตภัณฑ์คอนกรีต,เชียงใหม่,9,รายชื่อสถานประกอบการ,ห้างหุ้นส่วนจำกัด เอ.เอ็น.วี คอนกรีต,7400000,ขี้เหล็ก,2566,แม่ริม
3906,ผลิตและจำหน่ายคอนกรีตผสมเสร็จ,เชียงใหม่,1,รายชื่อสถานประกอบการ,บริษัท พูนสวัสดิ์ คอนกรีต จำกัด,4400000,ป่าตุ้ม,2566,พร้าว
3907,ผลิตคอนกรีตผสมเสร็จ,เชียงใหม่,4,รายชื่อสถานประกอบการ,ห้างหุ้นส่วนจำกัด พงษ์ศรา คอนกรีต,390000,ช่างเคิ่ง,2566,แม่แจ่ม
3908,ประกอบเครื่องเรือนโลหะ,เชียงใหม่,6,รายชื่อสถานประกอบการ,บริษัท เอ็ม.เจ.สตีล จำกัด,4800000,หนองหาร,2566,สันทราย
3909,"กลึง, เชื่อมโลหะ",เชียงใหม่,4,รายชื่อสถานประกอบการ,-,1900000,ยุหว่า,2566,สันป่าตอง
3910,ทำเครื่องใช้เล็ก ๆ จากโลหะ,เชียงใหม่,53,รายชื่อสถานประกอบการ,บริษัท ลอยฟ้า คอลเลคชั่น จำกัด,4500000,ท่าวังตาล,2566,สารภี
3911,"ซ่อมแซมเครื่องจักรกลการเกษตร,ซ่อมแซมเครื่องยนต์ยานยนต์ที่ใช้ในการเกษตร",เชียงใหม่,18,รายชื่อสถานประกอบการ,เชียงใหม่บริการแทรกเตอร์,8000000,หนองป่าครั่ง,2566,เมืองเชียงใหม่
3912,ประกอบดัดแปลงสภาพรถยนต์ หรือรถยนต์สามล้อ ทำชิ้นส่วนพิเศษสำหรับรถยนต์ หรือเรือ ประกอบดัดแปลงสภาพจักรยานยนต์ จักรยานยนต์สามล้อ ซ่อมรถยนต์,เชียงใหม่,6,รายชื่อสถานประกอบการ,บริษัท ชินนเรศพัฒนา จำกัด,2860000,หนองป่าครั่ง,2566,เมืองเชียงใหม่
3913,เบาะรถยนต์และชิ้นส่วนเบาะรถยนต์,เชียงใหม่,7,รายชื่อสถานประกอบการ,บริษัท สมาร์ทฟลอร์ ซีตติ้ง (ไทยแลนด์) จำกัด,4200000,สันป่าเปา,2566,สันทราย
3914,การถนอมผัก พืช หรือผลไม้โดยวิธีกวน ตากแห้ง ดอง หรือทำให้เยือกแข็งโดยฉับพลันหรือแห้ง,เชียงใหม่,27,รายชื่อสถานประกอบการ,บริษัท ดอกบัวฟู๊ดส์ จำกัด,25300000,ท่ากว้าง,2566,สารภี
3915,"ผลิตขิงดอง,ลังไม้",เชียงใหม่,61,รายชื่อสถานประกอบการ,บริษัท ต้าเฉิน อินเตอร์เนชั่นเนล จำกัด,21900000,หนองบัว,2566,ไชยปราการ
3916,ผลิตลูกปัดแก้ว,เชียงใหม่,50,รายชื่อสถานประกอบการ,บริษัท ไฟนรก จำกัด,0,ทรายมูล,2566,สันกำแพง
3917,ห้องเย็นเก็บพืชผลทางการเกษตร,เชียงใหม่,6,รายชื่อสถานประกอบการ,สรายุทธ,7000000,ท่ากว้าง,2566,สารภี
3918,"ห้องเย็นเก็บรักษาผลิตภัณฑ์ไอศกรีม และอาหาร,เครื่องดื่ม ที่ต้องเก็บรักษาในห้องเย็นทุกชนิด",เชียงใหม่,5,รายชื่อสถานประกอบการ,บริษัท จอมธนา จำกัด,13800000,สันทรายน้อย,2566,สันทราย
3919,ห้องเย็น เก็บอาหารแช่แข็ง,เชียงใหม่,10,รายชื่อสถานประกอบการ,บริษัท เชียงใหม่อินเตอร์มีท จำกัด,10710000,ขัวมุง,2566,สารภี
3920,โรงงานซักรีด ซักแห้ง ซักฟอก รีด อัด หรือย้อมผ้า เครื่องนุ่งห่ม พรม หรือ ขนสัตว์,เชียงใหม่,9,รายชื่อสถานประกอบการ,เอ็ม แอนด์ เอ็ม ลอนตรี้,12500000,แม่คือ,2566,ดอยสะเก็ด
3921,ทำผลิตภัณฑ์จากไม้ไผ่,เชียงใหม่,43,รายชื่อสถานประกอบการ,บริษัท ฮูไทยคราฟท์ จำกัด,5523000,หางดง,2567,หางดง
3922,ทำเส้นก๋วยเตี๋ยว เส้นหมี่สดและแห้ง,เชียงใหม่,73,รายชื่อสถานประกอบการ,ห้างหุ้นส่วนจำกัด อิสริยะผล,23500000,ป่าตัน,2567,เมืองเชียงใหม่
3923,ผลิตเส้นก๋วยเตี๋ยว,เชียงใหม่,2000000,รายชื่อสถานประกอบการ,บริษัท กรีนเนเจอร์ เกรนส์ แอนด์ นู้ดเดิ้ล จำกัด,0,สบแม่ข่า,2567,หางดง
3924,ปรับปรุงคุณภาพกระจกให้เป็นกระจกนิรภัยสำหรับอาคารและอื่น ๆ,เชียงใหม่,60,รายชื่อสถานประกอบการ,บริษัท กมลพิศาลกระจกนิรภัย จำกัด,193000000,แม่แฝก,2567,สันทราย
3925,คัดแยกวัสดุที่ไม่ใช้แล้วเฉพาะที่กำหนดในหมวด 1 ข้อ 1 ของภาคผนวกที่ 1 บัญชีสิ่งปฏิกูลหรือวัสดุที่ไม่ใช้แล้ว ท้ายประกาศกระทรวงอุตสาหกรรม ฉบับที่ 1 (พ.ศ.2541) เช่น เศษกระดาษ พลาสติก โลหะ และนำตัวทำละลายใช้แล้ว มาผ่านกระบวนการทางอุตสาหกรรม เพื่อนำกลับมาใช้เป็นเชื้อเพลิงทดแทน และนำน้ำมันใช้แล้วมาผ่านกระบวนการทางอุตสาหกรรม เพื่อนำกลับมาใช้เป็นเชื้อเพลิงทดแทน น้ำมันทาแบบและน้ำมันหยอดทิ้ง,เชียงใหม่,7,รายชื่อสถานประกอบการ,ห้างหุ้นส่วนจำกัด วัฒนะปิโตร ซัพพลาย,1250000,ลวงเหนือ,2567,ดอยสะเก็ด
3926,คัดแยกวัสดุที่ไม่ใช้แล้วที่ไม่เป็นของเสียอันตราย,เชียงใหม่,30000000,รายชื่อสถานประกอบการ,โชคปฏิภาณ,0,ต้นเปา,2567,สันกำแพง
3927,คัดแยกวัสดุที่ไม่ใช้แล้วที่ไม่เป็นของเสียอันตราย,เชียงใหม่,5000000,รายชื่อสถานประกอบการ,บริษัท ทรัพย์เรืองโรจน์ จำกัด,0,หนองจ๊อม,2567,สันทราย
3928,คัดแยกวัสดุที่ไม่ใช้แล้วที่ไม่เป็นของเสียอันตราย,เชียงใหม่,5000000,รายชื่อสถานประกอบการ,บริษัท ทรัพย์หางดง จำกัด,0,น้ำแพร่,2567,หางดง
3929,คัดแยกสิ่งปฏิกูลหรือวัสดุที่ไม่ใช้แล้วที่ไม่เป็นของเสียอันตราย,เชียงใหม่,6,รายชื่อสถานประกอบการ,อรัญญาพลาสติก,4400000,ท่าวังตาล,2567,สารภี
3930,คัดแยกวัสดุที่ไม่ใช้แล้วที่ไม่เป็นของเสียอันตราย,เชียงใหม่,20000000,รายชื่อสถานประกอบการ,บริษัท ส.รวมเศษ สันทราย จำกัด,0,แม่แฝก,2567,สันทราย
3931,คัดแยกสิ่งปฏิกูลหรือวัสดุที่ไม่ใช้แล้วที่ไม่เป็นของเสียอันตราย เฉพาะเศษกระดาษ เศษพลาสติก เศษโลหะ อัดเศษกระดาษและบดย่อยพลาสติก,เชียงใหม่,11,รายชื่อสถานประกอบการ,ห้างหุ้นส่วนจำกัด ท้าวบุญเรือง,4500000,ข่วงเปา,2567,จอมทอง
3932,คัดแยกสิ่งปฏิกูลหรือวัสดุที่ไม่ใช้แล้วที่ไม่เป็นของเสียอันตราย,เชียงใหม่,10000000,รายชื่อสถานประกอบการ,ปิยะมาศ,0,หนองผึ้ง,2567,สารภี
3933,คัดแยกวัสดุที่ไม่ใช้แล้วเฉพาะที่กำหนดไว้ในหมวด 1 ข้อ 1 ของภาคผนวกที่ 1 บัญชีสิ่งปฏิกูลหรือวัสดุที่ไม่ใช้แล้วท้ายประกาศกระทรวงอุตสาหกรรม ฉบับที่ 1 (พ.ศ.2541),เชียงใหม่,200000,รายชื่อสถานประกอบการ,ห้างหุ้นส่วนจำกัด บี.บี.บี. เพาเวอร์,0,หารแก้ว,2567,หางดง
3934,ทำเชื้อเพลิงทดแทนจากน้ำมันหล่อลื่นที่ใช้แล้วและตัวทำละลายที่ใช้แล้ว โดยกระบวนการกรองซ่อมและล้างบรรจุภัณฑ์ด้วยตัวทำละลาย และเก็บรวบรวมแบตเตอรี่เก่าโดยไม่มีการแปรสภาพ และดัดแยกวัสดุที่ไม่ใช้แล้วที่ไม่เป็นของเสียอันตราย,เชียงใหม่,1000000,รายชื่อสถานประกอบการ,บริษัท ชินโชติสุทธิธนาภูมิ จำกัด,0,บ้านกลาง,2567,สันป่าตอง
3935,บ่มและอบใบยาสูบ 7.5 ตัน,เชียงใหม่,310,รายชื่อสถานประกอบการ,บริษัท ไซแอมโทแบคโคเอกซ์ปอร์ตคอร์ปอเรชั่น จำกัด,963000000,ยางเนิ้ง,2567,สารภี
3936,ผลิตใบชาแห้งและใบชาผง,เชียงใหม่,0,รายชื่อสถานประกอบการ,บริษัท ชาระมิงค์ จำกัด,0,ท่าศาลา,2567,เมืองเชียงใหม่
3937,ทำน้ำแข็ง ได้วันละ 439 ซอง และทำน้ำแข็งก้อนเล็กได้วันละ 84 ต,เชียงใหม่,2000000,รายชื่อสถานประกอบการ,ห้างหุ้นส่วนจำกัด โรงน้ำแข็งทวีชัยเชียงใหม่,0,ฟ้าฮ่าม,2567,เมืองเชียงใหม่
3938,ทำน้ำแข็งซองได้วันละ 337 ซอง และน้ำแข็งก้อนเล็กได้วันละ 91.44 ตัน,เชียงใหม่,0,รายชื่อสถานประกอบการ,บริษัท โรงน้ำแข็งวังสิงห์คำอุตสาหกรรม จำกัด,0,ช้างม่อย,2567,เมืองเชียงใหม่
3939,ทำน้ำแข็งก้อนเล็ก และน้ำแข็งซอง,เชียงใหม่,100000,รายชื่อสถานประกอบการ,บริษัท วารีเทพ จอมทอง จำกัด,0,ข่วงเปา,2567,จอมทอง
3940,ทำน้ำแข็งซองได้วันละ 760 ซอง และน้ำแข็งก้อนเล็ก 176 ตัน/วัน,เชียงใหม่,1500000,รายชื่อสถานประกอบการ,บริษัท โรงน้ำแข็งรัตนโกสินทร์ จำกัด,0,ช้างเผือก,2567,เมืองเชียงใหม่
3941,ทำน้ำแข็งก้อนเล็กเพิ่มขึ้น 50 ตัน/วัน และผลิตน้ำแข็งซองมีกำลังการผลิต 500 ซอย/วัน,เชียงใหม่,1000000,รายชื่อสถานประกอบการ,ห้างหุ้นส่วนจำกัด โรงน้ำแข็งอภิชัย (2013),0,สันมหาพน,2567,แม่แตง
3942,ทำน้ำแข็งซอง ได้วันละ 1343 ซอง และน้ำเข็งก้อนเล็ก,เชียงใหม่,500000,รายชื่อสถานประกอบการ,โรงน้ำแข็งวังสิงห์คำ,0,ช้างม่อย,2567,เมืองเชียงใหม่
3943,ผลิตน้ำแข็ง,เชียงใหม่,1000000,รายชื่อสถานประกอบการ,บริษัท โรงน้ำแข็งแม่ริม เชียงใหม่ กิจวารี จำกัด,0,สันโป่ง,2567,แม่ริม
3944,ทำน้ำแข็งซอง,เชียงใหม่,11,รายชื่อสถานประกอบการ,โรงน้ำแข็งสารภี,6000000,หนองผึ้ง,2567,สารภี
3945,ผลิตน้ำแข็งหลอด,เชียงใหม่,3000000,รายชื่อสถานประกอบการ,นางภัทรา โตไพบูลย์,0,สันปูเลย,2567,ดอยสะเก็ด
3946,ผลิตน้ำแข็ง,เชียงใหม่,3000000,รายชื่อสถานประกอบการ,บริษัท โรงน้ำแข็ง อ.ลักขณา (ดอยสะเก็ดกิจวารี) จำกัด,0,เชิงดอย,2567,ดอยสะเก็ด
3947,ผลิตน้ำแข็งหลอด,เชียงใหม่,10000000,รายชื่อสถานประกอบการ,บริษัท โรงน้ำแข็งสารภีกิจวารี(เชียงใหม่) จำกัด,0,ชมภู,2567,สารภี
3948,ทำน้ำแข็งซอง ได้วันละ 415 ซอง และน้ำแข็งก้อนเล็ก ได้วันละ 50 ตัน,เชียงใหม่,8,รายชื่อสถานประกอบการ,สโนไอซ์ (สาขา 1),34000000,ช้างม่อย,2567,เมืองเชียงใหม่
3949,อบ ป่น บด เมล็ดพืช หัวพืช เช่นกระเทียมผง กระเทียมเจียว พริกบด ข้าวสารอบแห้ง,เชียงใหม่,52,รายชื่อสถานประกอบการ,บริษัท นิธิฟู้ดส์ จำกัด,100000000,บ้านกลาง,2567,สันป่าตอง
3950,โรงงานอบลำไย,เชียงใหม่,20000000,รายชื่อสถานประกอบการ,บริษัท เอ.อะโกร จำกัด,0,บงตัน,2567,ดอยเต่า
3951,อบพืชผลทางการเกษตร,เชียงใหม่,10000000,รายชื่อสถานประกอบการ,โรงอบลำไยท่าวังพร้าว,0,ท่าวังพร้าว,2567,สันป่าตอง
3952,"ผลิตและแปรรูปผลผลิตทางการเกษตร(โรงงานผักและผลไม้แช่เย็น/แช่แข็ง,ผักและผลไม้ทอดกรอบ,ผลไม้อบแห้งและอาหารสำเร็จรูปจากเมล็ดพืชและหัวพืช)",เชียงใหม่,172,รายชื่อสถานประกอบการ,บริษัท ไฮไลฟ์ โกลบอล ฟู้ด จำกัด,316931000,ดอยหล่อ,2567,ดอยหล่อ
3953,อบแห้งแบบแอร์ดราย พืช ผัก ผลไม้และเนื้อสัตว์,เชียงใหม่,0,รายชื่อสถานประกอบการ,บริษัท พรีเซิร์ฟ อะโกร โปรดักส์ จำกัด,0,ขี้เหล็ก,2567,แม่ริม
3954,อบพืชผลทางการเกษตร,เชียงใหม่,1500000,รายชื่อสถานประกอบการ,ศ.ชินพงศ์ การค้า,0,เวียง,2567,ฝาง
3955,อบพืชผลทางการเกษตร ปรับปรุงคุณภาพของผลิตผลทางการเกษตร,เชียงใหม่,10,รายชื่อสถานประกอบการ,บริษัท สหซินหลงสารภี จำกัด,20000000,สบเตี๊ยะ,2567,จอมทอง
3956,อบลำใย,เชียงใหม่,30000000,รายชื่อสถานประกอบการ,บริษัท ฟู๋เซิง จำกัด,0,ดอยหล่อ,2567,ดอยหล่อ
3957,อบพืชหรือเมล็ดพืช การเก็บรักษาหรือลำเลียงพืช เมล็ดพืช หรือผลิตผลจากพืชในไซโลโกดัง หรือคลังสินค้า เช่น ข้าวโพด,เชียงใหม่,50,รายชื่อสถานประกอบการ,บริษัท 5เอ เทรดดิ้ง จำกัด,10000000,บ้านแปะ,2567,จอมทอง
3958,อบผลิตผลทางการเกษตร,เชียงใหม่,30,รายชื่อสถานประกอบการ,บริษัท เอส เอ็น พี อะโกร จำกัด,2000000,ท่าวังพร้าว,2567,สันป่าตอง
3959,อบพืชผลทางการเกษตร,เชียงใหม่,3000000,รายชื่อสถานประกอบการ, บริษัท นอร์ท 87 จำกัด,0,แม่แวน,2567,พร้าว
3960,อบพืชผลทางการเกษตร,เชียงใหม่,1000000,รายชื่อสถานประกอบการ,ศรีเจริญ,0,สันทราย,2567,สารภี
3961,อบผลิตผลทางการเกษตร ,เชียงใหม่,15000000,รายชื่อสถานประกอบการ,โรงอบลำไยสรายุทธ,0,ท่ากว้าง,2567,สารภี
3962,อบลำไย,เชียงใหม่,4000000,รายชื่อสถานประกอบการ,บริษัท ชิ่งเฟิง อุตสาหกรรมอาหาร จำกัด,0,ดอยหล่อ,2567,ดอยหล่อ
3963,อบพืชผลทางการเกษตร,เชียงใหม่,10000000,รายชื่อสถานประกอบการ,บริษัท เทียนเฉิน จำกัด,0,ดอยหล่อ,2567,ดอยหล่อ
3964,อบพืชผลทางการเกษตร,เชียงใหม่,60000000,รายชื่อสถานประกอบการ,บริษัท เค.พี.อุตสาหกรรมการผลิต จำกัด,0,แช่ช้าง,2567,สันกำแพง
3965,"ผลิตก้อนเชื้อเห็ดเมืองหนาว ได้ปีละ 6,550 ตัน",เชียงใหม่,20000000,รายชื่อสถานประกอบการ,บริษัท สหฟาร์มเห็ด จำกัด,0,แม่แฝกใหม่,2567,สันทราย
3966,เพาะเห็ด เช่น เห็ดนางรมหลวง,เชียงใหม่,20000000,รายชื่อสถานประกอบการ,บริษัท เชียงใหม่ฟาร์มเห็ด จำกัด,0,แม่แฝกใหม่,2567,สันทราย
3967,ผลิตน้ำดื่มและเครื่องดื่มที่ไม่มีแอลกอฮอล์,เชียงใหม่,48,รายชื่อสถานประกอบการ,บริษัท โอเค ฟู้ดแอนด์เบฟเวอร์เรจ จำกัด,57000000,ทุ่งต้อม,2567,สันป่าตอง
3968,ผลิตน้ำดื่มและทำภาชนะบรรจุจากพลาสติก,เชียงใหม่,40,รายชื่อสถานประกอบการ,บริษัท แร่เบฟเวอเรจ จำกัด,664000000,ปิงโค้ง,2567,เชียงดาว
3969,ฟอกย้อมผ้า และพิมพ์ผ้า,เชียงใหม่,10,รายชื่อสถานประกอบการ,นางสาวชริญา สุวรรณ,2100000,บวกค้าง,2567,สันกำแพง
3970,ย้อมด้าย,เชียงใหม่,200000,รายชื่อสถานประกอบการ,โฟร์สตาร์,0,ช้างคลาน,2567,เมืองเชียงใหม่
3971,ตัดเย็บเสื้อผ้าสำเร็จรูป (จำนวนจักรเย็บผ้า 156 เครื่อง),เชียงใหม่,1000000,รายชื่อสถานประกอบการ,บริษัท ตันติยานันท์ การ์เมนท์ จำกัด,0,หนองจ๊อม,2567,สันทราย
3972,ตัดเย็บเสื้อผ้าสำเร็จรูป (จำนวนจักรเย็บผ้า 90 เครื่อง),เชียงใหม่,1000000,รายชื่อสถานประกอบการ,บริษัท บ้านไทย การ์เมนท์ จำกัด,0,ทรายมูล,2567,สันกำแพง
3973,"ดูดทราย ได้เดือนละ 4,000 ลูกบาศก์เมตร ใบอนุญาตใช้เรือเลขที่ 3650 01226",เชียงใหม่,500000,รายชื่อสถานประกอบการ,สวน-ท่าทรายชลาลัยห้วยชมพู,0,แม่แตง,2567,แม่แตง
3974,แปรรูปไม้โดยใช้เครื่องจักร,เชียงใหม่,2000000,รายชื่อสถานประกอบการ,นายสามชาย หิรัญรัตน์,0,ดอนเปา,2567,แม่วาง
3975,แปรรูปไม้ยางพาราและไม้ที่ปลูกขึ้นโดยเฉพาะ 13 ชนิด ตามมติคณะรัฐมนตรีเพื่อจำหน่าย,เชียงใหม่,7,รายชื่อสถานประกอบการ,กงกฤษ พันธ์พงษ์,1497000,หนองแหย่ง,2567,สันทราย
3976,เลื่อยไม้,เชียงใหม่,12,รายชื่อสถานประกอบการ,บริษัท เชียงใหม่สุขสวัสดิ์ อุตสาหกรรม จำกัด,4000000,เชิงดอย,2567,ดอยสะเก็ด
3977,เพื่อผลิตไม้แปรรูปหรือชิ้นไม้สับจากไม้ยางพาราและไม้ที่ปลูกขึ้น 13 ชนิด ตามมติคณะรัฐมนตรี เพื่อจำหน่าย,เชียงใหม่,7,รายชื่อสถานประกอบการ,นางต่อมคำ อินใจ,3700000,แม่ข่า,2567,ฝาง
3978,ทำวงกบประตู-หน้าต่างและไม้ปาร์เกต์,เชียงใหม่,12,รายชื่อสถานประกอบการ,นายสมชาย วุฒิธนากร,3750000,ท่าศาลา,2567,เมืองเชียงใหม่
3979,ทำวงกบประตู-หน้าต่าง เครื่องเรือน เครื่องใช้ ปาร์เกตโมเสค ไม้ประสาน ไม้ฉลุ ไม้คิ้ว ไม้บัว ไม้กั้นฝา ไม้กลึง ไม้เชิงราวบันได แกะสลักไม้ กรอบรูปไม้ อบอาบน้ำยาไม้   ,เชียงใหม่,99600000,รายชื่อสถานประกอบการ,บริษัท เชียงใหม่สุขสวัสดิ์ อุตสาหกรรม จำกัด,0,เชิงดอย,2567,ดอยสะเก็ด
3980,ทำวงกบบานประตู หน้าต่าง ปาร์เกต์ โมเสคและเครื่องเรือนจากไม้,เชียงใหม่,200000,รายชื่อสถานประกอบการ,บริษัท เชียงใหม่สุขสวัสดิ์ จำกัด,0,ฟ้าฮ่าม,2567,เมืองเชียงใหม่
3981,ทำวงกบประตูหน้าต่าง และเครื่องเรือนจากไม้,เชียงใหม่,20000000,รายชื่อสถานประกอบการ,บริษัท เชียงใหม่สุดาลักษ์ จำกัด,0,ต้นเปา,2567,สันกำแพง
3982,ทำวงกบประตู-หน้าต่าง โมเสค ปาร์เก้ และเครื่องเรือนจากไม้,เชียงใหม่,5060000,รายชื่อสถานประกอบการ,บริษัท บี.เค.โฮมเฟอร์นิชิ่ง จำกัด,0,ท่าศาลา,2567,เมืองเชียงใหม่
3983,ทำวงกบประตู หน้าต่างและเครื่องเรือนจากไม้,เชียงใหม่,3000000,รายชื่อสถานประกอบการ,,0,ป่าตัน,2567,เมืองเชียงใหม่
3984,ผลิตชิ้นไม้สับจากไม้ที่ปลูกขึ้นโดยเฉพาะ 13 ชนิด ตามมติคณะรัฐมนตรีเพื่อจำหน่าย,เชียงใหม่,100000,รายชื่อสถานประกอบการ,ทรัพย์สมบูรณ์ไม้สับ,0,ดอยหล่อ,2567,ดอยหล่อ
3985,ผลิตเชื้อเพลิงชีวมวลอัดแท่ง,เชียงใหม่,5000000,รายชื่อสถานประกอบการ,ห้างหุ้นส่วนจำกัด สยาม เมนเทแนนซ์ แอนด์ เซอร์วิส,0,บงตัน,2567,ดอยเต่า
3986,อบไม้ ผลิตไม้พื้นปาเกต์ โมเสก ของเด็กเล่น วงกบประตู-หน้าต่าง เครื่องเรือนจากไม้,เชียงใหม่,44,รายชื่อสถานประกอบการ,บริษัท ไม้อบทวีพรรณ จำกัด,8050000,ดอนแก้ว,2567,แม่ริม
3987,ทำเครื่องเรือนจากไม้,เชียงใหม่,3000000,รายชื่อสถานประกอบการ,ห้างหุ้นส่วนจำกัด พจนะศิลป์เฟอร์นิเจอร์,0,วัดเกต,2567,เมืองเชียงใหม่
3988,ทำไม้ปาเก้ เครื่องเรือน,เชียงใหม่,258,รายชื่อสถานประกอบการ,ห้างหุ้นส่วนจำกัด ไทยอินเตอร์เนชั่นแนลแฮนดิคราฟท์,17500000,สันผักหวาน,2567,หางดง
3989,ทำเครื่องเรือนจากไม้,เชียงใหม่,7800000,รายชื่อสถานประกอบการ,หมินเฉินเฟอร์นิเจอร์,0,สุเทพ,2567,เมืองเชียงใหม่
3990,ทำวงกบ บานประตู-หน้าต่างและเครื่องเรือนจากไม้,เชียงใหม่,500000,รายชื่อสถานประกอบการ,นางจินดา ชัยมงคล,0,ท่าศาลา,2567,เมืองเชียงใหม่
3991,ทำเครื่องเรือนด้วยไม้,เชียงใหม่,1100000,รายชื่อสถานประกอบการ,เอส.วี.เฟอร์นิเจอร์,0,วัดเกต,2567,เมืองเชียงใหม่
3992,ทำเครื่องเรือนจากไม้,เชียงใหม่,10000000,รายชื่อสถานประกอบการ,บริษัท ทวีพรรณ เฟอร์นิเจอร์ จำกัด,0,ดอนแก้ว,2567,แม่ริม
3993,ทำกระดาษสา กำลังการผลิต 25 ตันต่อปี,เชียงใหม่,5000000,รายชื่อสถานประกอบการ,บริษัท สยามพรหมประทาน จำกัด,0,สันกำแพง,2567,สันกำแพง
3994,ผลิตแผ่นกระดาษลูกฟูก และกล่องกระดาษ,เชียงใหม่,87,รายชื่อสถานประกอบการ,บริษัท ซี.พี.ดี.ชีทบอร์ด จำกัด,100004172,หนองแฝก,2567,สารภี
3995,ผลิตแผ่นกระดาษลูกฟูกและกล่องกระดาษลูกฟูก,เชียงใหม่,13,รายชื่อสถานประกอบการ,บริษัท ซี.พี.ดี.ชีทบอร์ด จำกัด,15161000,หนองแฝก,2567,สารภี
3996,ฆ่าไก่,เชียงใหม่,700000,รายชื่อสถานประกอบการ,นายนิวัฒน์ ทานสุพรรณ,0,แม่คือ,2567,ดอยสะเก็ด
3997,โรงฆ่าสัตว์ และแปรรูปอาหาร,เชียงใหม่,35,รายชื่อสถานประกอบการ,บริษัท เชียงใหม่กิจมงคล จำกัด,55000000,แม่แตง,2567,แม่แตง
3998,ทำผลิตภัณฑ์จากผึ้ง เช่น น้ำผึ้งบริสุทธิ์ นมผึ้ง รังผึ้งเทียม ขี้ผึ้ง,เชียงใหม่,1000000,รายชื่อสถานประกอบการ,บริษัท หยางซิ่ง (ไทยแลนด์) จำกัด,0,สบแม่ข่า,2567,หางดง
3999,อัดเศษกระดาษ,เชียงใหม่,500000,รายชื่อสถานประกอบการ,ร้านเสี่ยกาย,0,วัดเกต,2567,เมืองเชียงใหม่
4000,ทำผลิตภัณฑ์นม,เชียงใหม่,79,รายชื่อสถานประกอบการ,โรงงานผลิตภัณฑ์นมห้วยแก้ว,19000000,ช้างเผือก,2567,เมืองเชียงใหม่
4001,ผลิตแอสฟัลด์ติกคอนกรีต,เชียงใหม่,3000000,รายชื่อสถานประกอบการ,บริษัท อุดมศักดิ์เชียงใหม่ จำกัด,0,แม่แฝกใหม่,2567,สันทราย
4002, ผลิตแอสฟัลต์ติกคอนกรีต,เชียงใหม่,300000,รายชื่อสถานประกอบการ,บริษัท พีซีเอ็น คอร์ป จำกัด (มหาชน),0,ป่าป้อง,2567,ดอยสะเก็ด
4003,ผลิตภัณฑ์ขวดพลาสติก,เชียงใหม่,20000000,รายชื่อสถานประกอบการ,บริษัท เมก้า พลาสติก จำกัด,0,ไชยสถาน,2567,สารภี
4004,"ผลิตผลิตภัณฑ์พลาสติก เช่น ขวดพลาสติก ได้ปีละ 14,400,000 ใบ",เชียงใหม่,4000000,รายชื่อสถานประกอบการ,บริษัท รวมแพคส์ พลาสติก จำกัด,0,สารภี,2567,สารภี
4005,ทำผลิตภัณฑ์พลาสติก เช่น ขวดพลาสติก จุกขวดพลาสติก,เชียงใหม่,24000000,รายชื่อสถานประกอบการ,บริษัท เชียงใหม่อุตสาหกรรมพลาสติก จำกัด,0,ตลาดขวัญ,2567,ดอยสะเก็ด
4006,ผลิตแผ่นพลาสติกเพื่อการเกษตร,เชียงใหม่,700000,รายชื่อสถานประกอบการ,บริษัท โกลเด็น ไดมอนด์ จำกัด,0,หางดง,2567,หางดง
4007,ทำเครื่องปั้นดินเผา,เชียงใหม่,277,รายชื่อสถานประกอบการ,เปรมประชาคอลเลคชั่น,9500000,ต้นเปา,2567,สันกำแพง
4008,ทำเครื่องปั้นดินเผา,เชียงใหม่,300000,รายชื่อสถานประกอบการ,ศรีวรรณา,0,สารภี,2567,สารภี
4009,ทำเครื่องปั้นดินเผา เช่น กระถางปลูกต้นไม้,เชียงใหม่,50000,รายชื่อสถานประกอบการ,เชียงใหม่เครื่องปั้นดินเผา,0,สันผักหวาน,2567,หางดง
4010,"ผลิตกระเบื้องมุงหลังคา, กระเบื้องปูพื้นและเกล็ดนาค",เชียงใหม่,500000,รายชื่อสถานประกอบการ,โรงงานกระเบื้องเคลือบเวียงพิงค์,0,ดอนแก้ว,2567,แม่ริม
4011,ทำอิฐ,เชียงใหม่,100000,รายชื่อสถานประกอบการ,บริษัท ภราดรอุตสาหกรรม จำกัด,0,หนองควาย,2567,หางดง
4012,ผลิตอิฐบล๊อกและกระเบื้องดินเผา,เชียงใหม่,1983000,รายชื่อสถานประกอบการ,บริษัท ธราดล จำกัด,0,ท่าศาลา,2567,เมืองเชียงใหม่
4013,ผลิตคอนกรีตผสมเสร็จ,เชียงใหม่,500000,รายชื่อสถานประกอบการ,หน่วยผลิตคอนกรีตเชียงใหม่1,0,หนองผึ้ง,2567,สารภี
4014,ผลิตคอนกรีตผสมเสร็จ,เชียงใหม่,200000,รายชื่อสถานประกอบการ,โรงงานคอนกรีตผสมเสร็จ เชียงใหม่-หางดง,0,หนองควาย,2567,หางดง
4015,ผลิตคอนกรีตผสมเสร็จ,เชียงใหม่,4000000,รายชื่อสถานประกอบการ,หน่วยผลิตคอนกรีตเชียงใหม่,0,สารภี,2567,สารภี
4016,ผลิตอิฐมวลเบา อบไอน้ำ,เชียงใหม่,30000000,รายชื่อสถานประกอบการ,บริษัท ไดมอนด์ วัสดุ จำกัด,0,แม่แฝก,2567,สันทราย
4017,ผลิตคอนกรีตผสมเสร็จ,เชียงใหม่,6700000,รายชื่อสถานประกอบการ,โรงงานคอนกรีตผสมเสร็จ เชียงใหม่,0,ท่าศาลา,2567,เมืองเชียงใหม่
4018,ทำคอนกรีตผสมเสร็จ,เชียงใหม่,3,รายชื่อสถานประกอบการ,บริษัท นครหลวงคอนกรีต จำกัด,8765000,ช้างเผือก,2567,เมืองเชียงใหม่
4019,ผลิตพื้นสำเร็จรูป เสาเข็มคอนกรีตอัดแรง ท่อระบายน้ำ,เชียงใหม่,30000000,รายชื่อสถานประกอบการ,บริษัท พิบูลย์คอนกรีต จำกัด,0,แม่แฝก,2567,สันทราย
4020,ทำผลิตภัณฑ์คอนกรีต เช่น เสาเข็ม เสาไฟฟ้า เสารั้ว และพื้นสำเร็จรูป,เชียงใหม่,1000000,รายชื่อสถานประกอบการ,บริษัท ฟ้างามคอนกรีต จำกัด,0,หนองควาย,2567,หางดง
4021,ทำประตูเหล็กยืด หน้าต่างเหล็กและกลึงอะไหล่,เชียงใหม่,500000,รายชื่อสถานประกอบการ,กรโลหะทวีกิจ,0,หายยา,2567,เมืองเชียงใหม่
4022,"ผลิตลวดตาข่ายเหล็กไร้สนิมผสมโครเมี่ยม  และบานประตู-หน้าต่าง ลวดตาข่าย เหล็กไร้สนิมชุบโครเมี่ยม แผ่นโลหะเจาะรู และบานประตู-หน้าต่าง แผ่นโลหะเจาะรู (แผ่นอลูมิเนียม, แผ่นเหล็ก, แผ่นเหล็กชุบเคลือบสังกะสี, แผ่นสแตนเลส)",เชียงใหม่,58310000,รายชื่อสถานประกอบการ,บริษัท แมชเทค อินเตอร์เนชั่นแนล จำกัด,0,สารภี,2567,สารภี
4023,อัดเศษโลหะ,เชียงใหม่,1000000,รายชื่อสถานประกอบการ,ส.วิวัฒน์พานิชย์,0,หนองหอย,2567,เมืองเชียงใหม่
4024,ผลิตตู้โลหะสำหรับใช้ในงาน อิเล็คโทรนิคและโทรคมนาคม,เชียงใหม่,11200000,รายชื่อสถานประกอบการ,บริษัท เชอวาล เทคโนโลยี่ จำกัด,0,แช่ช้าง,2567,สันกำแพง
4025,ชุบโลหะและชุบดอกกล้วยไม้,เชียงใหม่,5000000,รายชื่อสถานประกอบการ,บริษัท สยามรอยัลออคิด จำกัด,0,ป่าบง,2567,สารภี
4026,ซ่อมและทำอุปกรณ์ของเครื่องยนต์,เชียงใหม่,410000,รายชื่อสถานประกอบการ,โรงกลึงหนองประทีป,0,หนองป่าครั่ง,2567,เมืองเชียงใหม่
4027,ผลิต และซ่อมอุปกรณ์ชิ้นส่วนเครื่องยนต์,เชียงใหม่,1000000,รายชื่อสถานประกอบการ,เชียงใหม่บุญเจริญภัณฑ์,0,ช้างเผือก,2567,เมืองเชียงใหม่
4028,ซ่อมเครื่องยนต์,เชียงใหม่,200000,รายชื่อสถานประกอบการ,ห้างหุ้นส่วนจำกัด เชียงใหม่ยนต์กิจ,0,ช้างคลาน,2567,เมืองเชียงใหม่
4029,สกัดน้ำมันพืช,เชียงใหม่,1000000,รายชื่อสถานประกอบการ,บริษัท ชัยเสรี จำกัด,0,หนองผึ้ง,2567,สารภี
4030,"สกัดน้ำมันจากไม้กฤษณา, ทำผงธูป",เชียงใหม่,12,รายชื่อสถานประกอบการ,ท๊อปเจริญผงธูป,5200000,ป่าไผ่,2567,สันทราย
4031,สกัดน้ำมันจากพืช,เชียงใหม่,1000000,รายชื่อสถานประกอบการ,บริษัท ไฟน์ ไบโอ เทคโนโลยี จำกัด,0,สันติสุข,2567,ดอยหล่อ
4032,ซ่อมรถแทรกเตอร์,เชียงใหม่,10000000,รายชื่อสถานประกอบการ,บริษัท สรสิทธิกลการเชียงใหม่ จำกัด,0,วัดเกต,2567,เมืองเชียงใหม่
4033,ผลิตอะไหล่วิทยุโทรทัศน์,เชียงใหม่,24000000,รายชื่อสถานประกอบการ,บริษัท เอลน่า (ประเทศไทย) จำกัด,0,สุเทพ,2567,เมืองเชียงใหม่
4034,ผลิตผลิตภัณฑ์โลหะรวมทั้งชิ้นส่วนโลหะ เช่น ตุ้สำหรับบรรจุอุปกรณ์อิเลคโทรนิคส์และคมนาคม และส่วนประกอบของตู้,เชียงใหม่,93000000,รายชื่อสถานประกอบการ,บริษัท อีจิซเทค จำกัด,0,ออนใต้,2567,สันกำแพง
4035,ทำซอสมะเขือเทศ ผลไม้กระป๋อง,เชียงใหม่,27300000,รายชื่อสถานประกอบการ,บริษัท รอแยลฟู้ดส์ จำกัด,0,ริมเหนือ,2567,แม่ริม
4036,ผลิตผักและผลไม้บรรจุกระป๋อง,เชียงใหม่,300000,รายชื่อสถานประกอบการ,บริษัท สุนันธนา จำกัด,0,หางดง,2567,ฮอด
4037,แปรรูปผลิตผลทางการเกษตร เช่น มะม่วง สับปะรด สตอเบอรี่ มะละกอ บ๊วย และผลผลิตทางการเกษตรอื่น ๆ,เชียงใหม่,25000000,รายชื่อสถานประกอบการ,บริษัท ที.เค.เค.จันทบุรี ฟู้ดส์ จำกัด,0,สันกลาง,2567,สันป่าตอง
4038,การทำอาหารหรือเครื่องดื่มจากผัก พืชหรือผลไม้ และบรรจุในภาชนะที่ผนึกและอากาศเข้าไม่ได้,เชียงใหม่,13,รายชื่อสถานประกอบการ,บริษัท ดีท็อกซ์ (ประเทศไทย) จำกัด,66000000,น้ำแพร่,2567,หางดง
4039,ผลิตผักและผลไม้กระป๋องทุกชนิด,เชียงใหม่,224,รายชื่อสถานประกอบการ,บริษัท 121 เซลเซียส จำกัด,42000000,หนองตอง,2567,หางดง
4040,ผลิตข้าวโพดหวานและผลไม้บรรจุกระป๋อง,เชียงใหม่,30000000,รายชื่อสถานประกอบการ,บริษัท ฝางอินเตอร์ฟูดส์ จำกัด,0,เวียง,2567,ฝาง
4041,ผลิตภัณฑ์พืชผลทางการเกษครบรรจุกระป๋อง,เชียงใหม่,4000000,รายชื่อสถานประกอบการ,บริษัท หยางไทย จำกัด,0,หนองบัว,2567,ไชยปราการ
4042,"ทำเต้าหู้ยี้, ผักดอง, ขิงดอง",เชียงใหม่,260000,รายชื่อสถานประกอบการ,เชียงใหม่ซัวเตียงฮึ้ง,0,ป่าแดด,2567,เมืองเชียงใหม่
4043,ถนอมผัก พืช หรือผลไม้ โดยวิธีทอดและทำให้เยือกแข็งโดยฉับพลัน,เชียงใหม่,0,รายชื่อสถานประกอบการ,บริษัท ลีโอ ฟู้ดส์ จำกัด,0,บ้านกลาง,2567,สันป่าตอง
4044,ผลิตหรือถนอมอาหารจากพืช ผัก และสัตว์พร้อมรับประทาน หรือกึ่งพร้อมรับประทาน,เชียงใหม่,4137000,รายชื่อสถานประกอบการ,บริษัท พรีเมี่ยมฟู้ดส์ จำกัด,0,แม่แฝก,2567,สันทราย
4045,การถนอมผัก พืช หรือผลไม้โดยวิธีกวน ตากแห้ง ดอง หรือทำให้เยือกแข็งโดยฉับพลัน หรือเหือดแห้ง,เชียงใหม่,5000000,รายชื่อสถานประกอบการ,บริษัท ยูเนี่ยน เฟรช (2003) จำกัด,0,แม่แฝก,2567,สันทราย
4046,ผลิตเหยื่อตกปลาประดิษฐ์,เชียงใหม่,3000000,รายชื่อสถานประกอบการ,บริษัท ไทย เอ ฟลาย จำกัด,0,หนองผึ้ง,2567,สารภี
4047,ทำเครื่องเล่นสนาม เช่น ชิงช้า,เชียงใหม่,20000,รายชื่อสถานประกอบการ,โฮมดีไซน์การช่าง,0,หนองป่าครั่ง,2567,เมืองเชียงใหม่
4048,ผลิตดอกไม้แห้ง ดอกไม้ประดิษฐ์ เครื่องหอม ของชำร่วย,เชียงใหม่,1000000,รายชื่อสถานประกอบการ,บริษัท ซิลเวอร์เรน เอ็กซ์ปอร์ต จำกัด,0,ข่วงเปา,2567,จอมทอง
4049,ผลิตพลังงานไฟฟ้าจากพลังงานแสงอาทิตย์ กำลังการผลิต 4.99 เมกะวัตต์,เชียงใหม่,10000000,รายชื่อสถานประกอบการ,บริษัท เข็มเหล็ก จำกัด,0,บ้านแอ่น,2567,ดอยเต่า
4050,ผลิตพลังงานไฟฟ้าจากพลังงานแสงอาทิตย์ แบบติดตั้งบนพื้นดิน ขนาดกำลังการผลิต 1.1674 เมกะวัตต์,เชียงใหม่,0,รายชื่อสถานประกอบการ,ห้างหุ้นส่วนจำกัด ไอยรินทร์ไอซ์,0,บวกค้าง,2567,สันกำแพง
4051,ผลิตพลังงานไฟฟ้าจากแสงอาทิตย์ กำลังการผลิต 0.96 เมกะวัตต์,เชียงใหม่,5300000,รายชื่อสถานประกอบการ,บริษัท ไออีซี แม่ทา แม่แตง จำกัด,0,ขี้เหล็ก,2567,แม่แตง
4052,ผลิตพลังงานไฟฟ้าจากแสงอาทิตย์ กำลังการผลิต 0.96 เมกะวัตต์,เชียงใหม่,5300000,รายชื่อสถานประกอบการ,บริษัท ไออีซี แม่ทา แม่แตง จำกัด,0,ขี้เหล็ก,2567,แม่แตง
4053,ผลิตพลังงานไฟฟ้า,เชียงใหม่,325000,รายชื่อสถานประกอบการ,โรงไฟฟ้าพลังความร้อนใต้พิภพฝาง,0,โป่งน้ำร้อน,2567,ฝาง
4054,ผลิตกระแสไฟฟ้าโดยใช้ก๊าซชีวภาพที่เกิดจากการฝังกลบขยะมูลฝอยเป็นเชื้อเพลิง,เชียงใหม่,2000000,รายชื่อสถานประกอบการ,บริษัท จีอาร์-เทค จำกัด,0,บ้านตาล,2567,ฮอด
4055,ผลิตกระแสไฟฟ้าจากก๊าซชีวภาพ,เชียงใหม่,5,รายชื่อสถานประกอบการ,บริษัท ยูเอซี โกลบอล จำกัด (มหาชน),149000000,แม่แตง,2567,แม่แตง
4056,ผลิตพลังงานไฟฟ้าจากก๊าซชีวภาพ กำลังการผลิต 1.063 เมกะวัตต์,เชียงใหม่,1000000,รายชื่อสถานประกอบการ,บริษัท ซัน สวีท จำกัด (มหาชน),0,ทุ่งสะโตก,2567,สันป่าตอง
4057,ผลิตพลังงานไฟฟ้าขายให้กับการไฟฟ้าส่วนภูมิภาค 1 MW,เชียงใหม่,30000000,รายชื่อสถานประกอบการ,ท่าเชียงทอง,0,บ้านตาล,2567,ฮอด
4058,ผลิตพลังงานไฟฟ้าจากเชื้อเพลิงขยะมูลฝอย ขนาดกำลังผลิต 9.5 เมกะวัตต์,เชียงใหม่,90000000,รายชื่อสถานประกอบการ,บริษัท เชียงใหม่ เวสท์ ทู เอ็นเนอร์จี จำกัด,0,ป่าป้อง,2567,ดอยสะเก็ด
4059,ผลิตพลังงานไฟฟ้าจากก๊าซชีวภาพที่เกิดจากการฝังกลบขยะ กำลังการผลิต 1.063 เมกะวัตต์,เชียงใหม่,8,รายชื่อสถานประกอบการ,ดอยช้างพลังงานพอเพียง,84000000,บ้านตาล,2567,ฮอด
4060,ผลิตพลังงานไฟฟ้าขายให้กับการไฟฟ้าส่วนภูมิภาค,เชียงใหม่,8,รายชื่อสถานประกอบการ,บริษัท โรงไฟฟ้าบ้านตาล จำกัด,84000000,บ้านตาล,2567,ฮอด
4061,ผลิตและจำหน่ายพลังงานไฟฟ้า กำลังการผลิต 0.037 เมกะวัตต์,เชียงใหม่,100000,รายชื่อสถานประกอบการ,วิสาหกิจชุมชนไฟฟ้าพลังน้ำบ้านแม่โจ้,0,บ้านเป้า,2567,แม่แตง
4062,ผลิตก๊าซชีวภาพอัดความดันสูง,เชียงใหม่,5000000,รายชื่อสถานประกอบการ,บริษัท ยูเอซี โกลบอล จำกัด (มหาชน),0,แม่แตง,2567,แม่แตง
4063,สีข้าว กำลังสีสูงสุดของร้านสีข้าว 80 เกวียน/วัน,เชียงใหม่,5000000,รายชื่อสถานประกอบการ,บริษัท โรงสีข้าวยงฟ้าเชียงใหม่ จำกัด,0,หนองป่าครั่ง,2567,เมืองเชียงใหม่
4064,"สีข้าวและอบพืชผลทางการเกษตร,คัดขนาดคุณภาพผลิตผลทางการเกษตร",เชียงใหม่,6,รายชื่อสถานประกอบการ,บริษัท กรรณิการ์ ธัญญกิจ จำกัด,12800000,แม่สาว,2567,แม่อาย
4065,สีข้าว (กำลังสีสูงสุดของร้านสีข้าว 35 เกวียน/วัน),เชียงใหม่,10000000,รายชื่อสถานประกอบการ,โรงสีข้าวเชียงใหม่พลสุริยะ,0,ทุ่งต้อม,2567,สันป่าตอง
4066,สีข้าว (กำลังการผลิตสูงสุด 200 ตัน/วัน อบพืชหรือเมล็ดพืชและเก็บรักษาหรือลำเลียงพืช หรือเมล็ดพืชในไซโล โกดังหรือคลังสินค้า,เชียงใหม่,40,รายชื่อสถานประกอบการ,บริษัท ข้าวล้านนา สนป่าตอง จำกัด,140000000,สง่าบ้าน,2567,ดอยสะเก็ด
4067,ทำแป้งข้าวจ้าว แป้งข้าวเหนียวและทำเส้นหมี่,เชียงใหม่,40,รายชื่อสถานประกอบการ,ห้างหุ้นส่วนจำกัด โรงงานประสบผล,17500000,ป่าตัน,2567,เมืองเชียงใหม่
4068,ทำเต้าหู้หลอด,เชียงใหม่,850000,รายชื่อสถานประกอบการ,บริษัท เชียงใหม่อุตสาหกรรมถั่วเหลือง จำกัด,0,ตลาดขวัญ,2567,ดอยสะเก็ด
4069,ผลิตน้ำประปาสะอาด,เชียงใหม่,50000000,รายชื่อสถานประกอบการ,โรงกรองน้ำเหนือ,0,สันกลาง,2567,สันป่าตอง
4070,บรรจุหีบห่อผลไม้ ห้องเย็นเก็บผักและผลไม้,เชียงใหม่,94,รายชื่อสถานประกอบการ,นางสายจิต วัฒนาการ,54750000,แม่สูน,2567,ฝาง
4071,แช่เย็นพืชผลการเกษตร,เชียงใหม่,0,รายชื่อสถานประกอบการ,บริษัท ทรายทอง โกลเบิลฟรุต จำกัด,0,แม่สูน,2567,ฝาง
4072,ผลิตผัก ผลไม้ เนื้อสัตว์ แช่แข็ง และห้องเย็น,เชียงใหม่,377,รายชื่อสถานประกอบการ,บริษัท ปริ๊นเซสฟูดส์ จำกัด,257977907,ขี้เหล็ก,2567,แม่ริม
4073,ทำห้องเย็นเก็บมันฝรั่ง,เชียงใหม่,4996401755.3,รายชื่อสถานประกอบการ,บริษัท เป๊ปซี่-โคล่า (ไทย) เทรดดิ้ง จำกัด,0,ปงตำ,2567,ไชยปราการ
4074,ห้องเย็น ,เชียงใหม่,70000000,รายชื่อสถานประกอบการ,บริษัท วีพีเอฟ กรุ๊ป (1973) จำกัด,0,ชมภู,2567,สารภี
4075,ห้องเย็น,เชียงใหม่,5000000,รายชื่อสถานประกอบการ,บริษัท เชียงใหม่โฟรเซ่นฟูดส์ จำกัด (มหาชน),0,แม่แฝกใหม่,2567,สันทราย
4076,ซ่อมรถยนต์,เชียงใหม่,300000,รายชื่อสถานประกอบการ,บริษัท ศรีวิรัตน์ การาจ จำกัด,0,วัดเกต,2567,เมืองเชียงใหม่
4077,ซ่อมจักรยานยนต์ เครื่องอีเล็คโทรนิคส์และเครื่องใช้ไฟฟ้าใน,เชียงใหม่,100000,รายชื่อสถานประกอบการ,บริษัท นอร์ท สตาร์ ออโตโมทีฟ จำกัด,0,พระสิงห์,2567,เมืองเชียงใหม่
4078,ซ่อมรถยนต์และกลึงโลหะ,เชียงใหม่,50000,รายชื่อสถานประกอบการ,กวงเฮงเส็ง (สาขา),0,วัดเกต,2567,เมืองเชียงใหม่
4079,ซ่อมตัวถังรถยนต์,เชียงใหม่,10000,รายชื่อสถานประกอบการ,เวียดนามการช่าง,0,ศรีภูมิ,2567,เมืองเชียงใหม่
4080,เคาะพ่นสีรถยนต์,เชียงใหม่,3000000,รายชื่อสถานประกอบการ,บริษัท โตโยต้า เชียงใหม่ จำกัด,0,สุเทพ,2567,เมืองเชียงใหม่
4081,ซัก อบ รีดเสื้อผ้า,เชียงใหม่,500000,รายชื่อสถานประกอบการ,เมืองสมุทรซักรีด,0,ช้างม่อย,2567,เมืองเชียงใหม่
4082,ซัก ฟอก เสื้อผ้าสำเร็จรูป,เชียงใหม่,12000000,รายชื่อสถานประกอบการ,บริษัท แม่ปิงลอนดริ จำกัด,0,หนองผึ้ง,2567,สารภี
4083,ซักฟอกรีดเสื้อผ้า 150 ตัน/ปี,เชียงใหม่,2000000,รายชื่อสถานประกอบการ,บริษัท สยามพรหมประทาน จำกัด,0,สันกำแพง,2567,สันกำแพง
4084,ซัก อบ รีดผ้า,เชียงใหม่,3000000,รายชื่อสถานประกอบการ,ลินินแคร์,0,บวกค้าง,2567,สันกำแพง
4085,อบใบชาผง,เชียงใหม่,20000000,รายชื่อสถานประกอบการ,แก้วภูทอง,0,เวียง,2567,ฝาง
4086,ผลิตผลทางการเกษตร อบแห้ง แบ่งบรรจุ เช่น ผัก ผลไม้อบแห้ง ชาสมุนไพร เครื่องดื่มสมุนไพร และการแบ่งบรรจุกาแฟสำเร็จรูป,เชียงใหม่,40,รายชื่อสถานประกอบการ,บริษัท นราห์ อินดัสตรี จำกัด,15000000,ห้วยทราย,2567,แม่ริม
4087,อบรมควันลำไย,เชียงใหม่,50,รายชื่อสถานประกอบการ,,5500000,สบเตี๊ยะ,2567,จอมทอง
4088,คัดแยกขนาดหรือคุณภาพและกระเทาะเมล็ดหรือเปลือกกาแฟ,เชียงใหม่,11,รายชื่อสถานประกอบการ,บริษัท วีพีพี โปรเกรสซิฟ จำกัด,12200000,อมก๋อย,2567,อมก๋อย
4089,การร่อน คัด หรือแยกขนาดหรือคุณภาพของผลิตผลทางการเกษตร,เชียงใหม่,4,รายชื่อสถานประกอบการ,แสงสุวรรณ์ค้าพืชไร่,15000000,แม่สาว,2567,แม่อาย
4090,คัดแยกคุณภาพเมล็ดข้าว,เชียงใหม่,4,รายชื่อสถานประกอบการ,นางนันทายา ปัญญา,8500000,แม่สาว,2567,แม่อาย
4091,ตัดเย็บเสื้อผ้าสำเร็จรูป,เชียงใหม่,58,รายชื่อสถานประกอบการ,บริษัท ฝ้ายเอื้องคำ จำกัด,3900000,ยางคราม,2567,ดอยหล่อ
4092,ตัดเย็บเสื้อผ้าสำเร็จรูป,เชียงใหม่,24,รายชื่อสถานประกอบการ,ห้างหุ้นส่วนจำกัด เชียงใหม่โรงงานแดง,6500000,ร้องวัวแดง,2567,สันกำแพง
4093,ขุดทราย,เชียงใหม่,1,รายชื่อสถานประกอบการ,ห้างหุ้นส่วนจำกัด พูนสวัสดิ์ก่อสร้าง,20000,ป่าตุ้ม,2567,พร้าว
4094,ร่อนและคัดแยกกรวดทราย,เชียงใหม่,5,รายชื่อสถานประกอบการ,บริษัท ทรายจรูญรัตน์ไพศาล จำกัด,3050000,สบเตี๊ยะ,2567,จอมทอง
4095,ผลิตเครื่องใช้จากไม้ไผ่,เชียงใหม่,28,รายชื่อสถานประกอบการ,นายมานัส บุญพ่วง,1420000,เชิงดอย,2567,ดอยสะเก็ด
4096,ผลิตกล่องกระดาษ,เชียงใหม่,56,รายชื่อสถานประกอบการ,บริษัท ซี พี ดี บรรจุภัณฑ์ จำกัด,21000000,ป่าแดด,2567,เมืองเชียงใหม่
4097,ผลิตอิฐดินเผา,เชียงใหม่,25,รายชื่อสถานประกอบการ,อิฐอนงค์,4330000,แม่สาว,2567,แม่อาย
4098,ผลิตและจำหน่ายอิฐมอญ,เชียงใหม่,16,รายชื่อสถานประกอบการ,อิฐศรีทอง,1440000,แม่สาว,2567,แม่อาย
4099,ทำผลิตภัณฑ์คอนกรีต คอนกรีตผสม และทำคอนกรีตอัดแรง,เชียงใหม่,5,รายชื่อสถานประกอบการ,แอลเคโปรดักส์,7500000,ดอยหล่อ,2567,ดอยหล่อ
4100,ผลิตคอนกรีตผสมเสร็จ,เชียงใหม่,5,รายชื่อสถานประกอบการ,บริษัท พี พี เอส คอนกรีต จำกัด,9500000,ท่าเดื่อ,2567,ดอยเต่า
4101,ผลิตคอนกรีตผสมเสร็จ,เชียงใหม่,5,รายชื่อสถานประกอบการ,ห้างหุ้นส่วนจำกัด ณัฏภูมิ หิน ทราย,1000000,เวียง,2567,ฝาง
4102,การทำ ดัดแปลงหรือซ่อมแซม กลึง คว้าน เจาะ กัด เจียน ตัด ไส ผลิตชิ้นส่วนจักรยานยนต์,เชียงใหม่,4,รายชื่อสถานประกอบการ,บริษัท ยาโมโต จำกัด,9000000,แม่สูน,2567,ฝาง
4103,ผลิต ประกอบ จำหน่าย เครื่องจ่ายน้ำดื่มอัตโนมัติ เครื่องกรองน้ำ,เชียงใหม่,24,รายชื่อสถานประกอบการ,บริษัท สวิส ไทย วอเตอร์ โซลูชั่น จำกัด,18000000,ขุนคง,2567,หางดง
4104,ทำเครื่องมือ เครื่องใช้แพทย์,เชียงใหม่,87,รายชื่อสถานประกอบการ,บริษัท ไบโอเซฟโปรดักส์ จำกัด,36500000,ออนใต้,2567,สันกำแพง
4105,สีข้าว,เชียงใหม่,2,รายชื่อสถานประกอบการ,,950000,ป่าแดด,2567,เมืองเชียงใหม่
4106,สีข้าว,เชียงใหม่,2,รายชื่อสถานประกอบการ,ป.ธัญญเจริญ 2,3200000,แม่สาว,2567,แม่อาย
4107,สีข้าว,เชียงใหม่,3,รายชื่อสถานประกอบการ,โรงสีโชคสิรินัฐ์,2400000,แม่สาว,2567,แม่อาย
4108,สีข้าว,เชียงใหม่,5,รายชื่อสถานประกอบการ,นางสาวรัตติกาล นันตา,4500000,แม่สาว,2567,แม่อาย
4109,สีข้าว,เชียงใหม่,3,รายชื่อสถานประกอบการ,โรงสีข้าวสุวิน,5160000,แม่สาว,2567,แม่อาย
4110,ห้องเย็น,เชียงใหม่,5,รายชื่อสถานประกอบการ,ห้องเย็นรัตนาพืชผลการเกษตร,19000000,ดอยหล่อ,2567,ดอยหล่อ
4111,ผลิตขนมปัง,เชียงใหม่,48,รายชื่อสถานประกอบการ,บริษัท เอส พี ฟาสฟู้ดส์ จำกัด,33000000,สันกลาง,2567,สันกำแพง
4112,ผลิตเบเกอรี่ อาหาร เครื่องดื่ม,เชียงใหม่,230,รายชื่อสถานประกอบการ,ผึ้งน้อยเบเกอรี่,20000000,ช้างเผือก,2567,เมืองเชียงใหม่
4113,"ทำขนมปัง,ขนมเค้ก,ขนมเปี๊ยะ",เชียงใหม่,37,รายชื่อสถานประกอบการ,เปลวทิพย์,13000000,สันกำแพง,2567,สันกำแพง
4114,ผลิตขนมปัง,เชียงใหม่,2000000,รายชื่อสถานประกอบการ,บริษัท นานาฟูดส์เอ็นเตอร์ไพรส์ จำกัด,0,ดอนแก้ว,2567,สารภี
4115,ทำขนมปังหรือขนมเค้ก ไอศกรีม และห้องเย็น,เชียงใหม่,21,รายชื่อสถานประกอบการ,บริษัท เดอะ โวลคาโน่ จำกัด,80000000,ดอนแก้ว,2567,แม่ริม
4116,เบเกอรี่และอาหารสำเร็จรูปพร้อมบริโภค,เชียงใหม่,5000000,รายชื่อสถานประกอบการ,บริษัท ผลิตภัณฑ์เบเกอรี่และอาหารฝ้าย จำกัด,0,ยางเนิ้ง,2567,สารภี
4117,ผลิตอาหารสำเร็จรูป อาหารแช่แข็ง,เชียงใหม่,8,รายชื่อสถานประกอบการ,บริษัท บูโอนิซซิโม จำกัด,4000000,แม่แฝก,2567,สันทราย
4118,ทำเส้นก๋วยเตี๋ยว,เชียงใหม่,7,รายชื่อสถานประกอบการ,เส้นทิพย์,5100000,ต้นเปา,2567,สันกำแพง
4119,การตกแต่งผลิตภัณฑ์ไม้แกะสลัก เช่น การทาสี ทาน้ำมันเคลือบเงา การขัด,เชียงใหม่,24,รายชื่อสถานประกอบการ,ห้างหุ้นส่วนจำกัด ไฬญา,4600000,สันกำแพง,2567,สันกำแพง
4120,"ตบแต่ง, ทำสี, บรรจุผลิตภัณฑ์ไม้แกะสลัก ที่ทำด้วยไม้เนื้ออ่อน (ไม้ฉำฉา, ไม้มะม่วง)",เชียงใหม่,50,รายชื่อสถานประกอบการ,ห้างหุ้นส่วนจำกัด เชียงใหม่ กรีนดีไซน์,22500000,หางดง,2567,หางดง
4121,ทำสีไม้ แกะสลัก,เชียงใหม่,500000,รายชื่อสถานประกอบการ,บริษัท เชียงใหม่ แรม จำกัด,0,บ้านแหวน,2567,หางดง
4122,ผลิตชิ้นส่วน อุปกรณ์ตกแต่งรถยนต์ และพ่นเคลือบสีชิ้นส่วนอุปกรณ์ตกแต่งรถยนต์,เชียงใหม่,30,รายชื่อสถานประกอบการ,บริษัท เจบี. ออโท บิเดค จำกัด,14000000,สองแคว,2567,ดอยหล่อ
4123,ชุบเคลือบผิว,เชียงใหม่,5000000,รายชื่อสถานประกอบการ,บริษัท อีจิซเทค จำกัด,0,ออนใต้,2567,สันกำแพง
4124,ผลิตและประกอบหม้อต้มน้ำร้อน,เชียงใหม่,3000000,รายชื่อสถานประกอบการ,บริษัท เค.พี.เอ็กซ์เพอท เอนจิเนียริ่ง จำกัด,0,แช่ช้าง,2567,สันกำแพง
4125,คัดแยกขยะสิ่งปฏิกูลหรือวัสดุที่ไม่ใช้แล้ว ที่ไม่เป็นของเสียอันตราย และฝั่งกลบสิ่งปฏิกูลหรือวัสดุที่ไม่ใช้แล้วที่ไม่เป็นของเสียอันตราย,เชียงใหม่,5000000,รายชื่อสถานประกอบการ,ห้างหุ้นส่วนจำกัด กลุ่มบ้านตาลพัฒนา,0,บ้านตาล,2567,ฮอด
4126,บ่มใบยาสูบ,เชียงใหม่,2000000,รายชื่อสถานประกอบการ,บริษัท อุตสาหกรรมใบยาสูบไทย จำกัด,0,เขื่อนผาก,2567,พร้าว
4127,สถานีบ่มใบยา สันต้นเปา,เชียงใหม่,2500000,รายชื่อสถานประกอบการ,บริษัท ไซแอม โทแบคโค เอกซ์ปอร์ต คอร์ปอเรชั่น จำกัด,0,ศรีดงเย็น,2567,ไชยปราการ
4128,ผลิตชาสมุนไพร,เชียงใหม่,2000000,รายชื่อสถานประกอบการ,ห้างหุ้นส่วนจำกัด ที แกลเลอรี่ กรุ๊ป (ประะเทศไทย) จำกัด,0,ท่าศาลา,2567,เมืองเชียงใหม่
4129,ผลิตชาแห้งและสมุนไพรแห้ง,เชียงใหม่,1000000,รายชื่อสถานประกอบการ,โรงงานชาแห้ง อารักษ์,0,บ้านช้าง,2567,แม่แตง
4130,ผลิตใบชาแห้ง และใบชาผง,เชียงใหม่,2000000,รายชื่อสถานประกอบการ,บริษัท ชาไทย อินเตอร์เนชั่นแนล จำกัด,0,อินทขิล,2567,แม่แตง
4131,ทำไอศครีม,เชียงใหม่,100000,รายชื่อสถานประกอบการ,ไอศกรีมป่าตัน,0,ป่าตัน,2567,เมืองเชียงใหม่
4132,ผลิตกาแฟคั่วและบดพร้อมบรรจุซอง,เชียงใหม่,1000000,รายชื่อสถานประกอบการ,บริษัท บีเจซี เมก้า มาร์เก็ต จำกัด,0,สันผีเสื้อ,2567,เมืองเชียงใหม่
4133,ผลิตกาแฟคั่วและบดพร้อมบรรจุซอง,เชียงใหม่,20000000,รายชื่อสถานประกอบการ,บริษัท พานาคอฟฟี่ จำกัด,0,ลวงเหนือ,2567,ดอยสะเก็ด
4134,"คั่ว บด หรือป่นกาแฟ หรือการทำกาแฟผง ,ผลิตใบชาแห้ง และใบชาผง",เชียงใหม่,45,รายชื่อสถานประกอบการ,บริษัท ฮิลล์คอฟฟ์ จำกัด,127000000,อินทขิล,2567,แม่แตง
4135,บ่มใบยาสูบ,เชียงใหม่,500000,รายชื่อสถานประกอบการ,สถานีบ่มใบยาบ้านกาด,0,บ้านกาด,2567,แม่วาง
4136,ผลิตเครื่องปรุงรสอาหาร,เชียงใหม่,15000000,รายชื่อสถานประกอบการ,บริษัท นิธิฟู้ดส์ จำกัด,0,บ้านกลาง,2567,สันป่าตอง
4137,เครื่องปรุงหรือเครื่องประกอบอาหาร,เชียงใหม่,14,รายชื่อสถานประกอบการ,บริษัท เอี่ยมกสิกิจ จำกัด,19500000,บ้านกลาง,2567,สันป่าตอง
4138,ผลิตอาหารและเครื่องดื่ม,เชียงใหม่,36,รายชื่อสถานประกอบการ,บริษัท ปลูกผักเพราะรักแม่ จำกัด,135000000,เชิงดอย,2567,ดอยสะเก็ด
4139,ทำน้ำแข็งก้อนเล็ก,เชียงใหม่,300000,รายชื่อสถานประกอบการ,มีสุขเจ้าสำราญ,0,ป่าตัน,2567,เมืองเชียงใหม่
4140,ทำน้ำแข็งด้อนเล็ก ได้วันละ 10 ตัน,เชียงใหม่,100000,รายชื่อสถานประกอบการ,หฤดลพานิช,0,ป่าตุ้ม,2567,พร้าว
4141,ผลิตน้ำแข็ง,เชียงใหม่,1000000,รายชื่อสถานประกอบการ,โรงน้ำแข็งสุขสมนึก,0,ต้นเปา,2567,สันกำแพง
4142,ทำน้ำแข็งก้อนเล็กขนาด 8 ตัน/วัน,เชียงใหม่,1000000,รายชื่อสถานประกอบการ,สโนไอซ์,0,ป่าตัน,2567,เมืองเชียงใหม่
4143,ผลิตน้ำแข็งก้อนเล็ก (30 ตัน/วัน) และผลิตน้ำแข็งซอง (400 ซอง/วัน),เชียงใหม่,200000,รายชื่อสถานประกอบการ,โรงน้ำแข็งสันป่าตอง,0,ยุหว่า,2567,สันป่าตอง
4144,ทำน้ำแข็งก้อนเล็กและน้ำแข็งซอง,เชียงใหม่,2000000,รายชื่อสถานประกอบการ,โรงน้ำแข็งรัตนโกสินทร์ สันทราย,0,สันผีเสื้อ,2567,เมืองเชียงใหม่
4145,ผลิตน้ำแข็งก้อนเล็ก,เชียงใหม่,300000,รายชื่อสถานประกอบการ,โรงน้ำแข็งสุขเสรี,0,สันโป่ง,2567,แม่ริม
4146,ผลิตน้ำแข็ง,เชียงใหม่,1000000,รายชื่อสถานประกอบการ,นายอนุวัต ใจดี,0,สันกำแพง,2567,สันกำแพง
4147,ผลิตน้ำแข็งหลอด และน้ำแข็งซอง,เชียงใหม่,10,รายชื่อสถานประกอบการ,ห้างหุ้นส่วนจำกัด โรงน้ำแข็งดอยอินทนนท์,16000000,ดอยหล่อ,2567,ดอยหล่อ
4148,ทำน้ำแข็งก้อนเล็ก,เชียงใหม่,0,รายชื่อสถานประกอบการ,ห้างหุ้นส่วนจำกัด โรงน้ำแข็งแม่โจ้,0,หนองหาร,2567,สันทราย
4149,ผลิตน้ำแข็งหลอด,เชียงใหม่,500000,รายชื่อสถานประกอบการ,สโนว์ไอซ์ ยูนิค,0,บ้านกลาง,2567,สันป่าตอง
4150,ทำน้ำแข็งหลอดและน้ำแข็งซอง,เชียงใหม่,2000000,รายชื่อสถานประกอบการ,โรงน้ำแข็งไชยปราการ,0,ปงตำ,2567,ไชยปราการ
4151,ผลิตน้ำแข็ง,เชียงใหม่,700000,รายชื่อสถานประกอบการ,บริษัท วารีเทพ แม่อาย จำกัด,0,มะลิกา,2567,แม่อาย
4152,ผลิตน้ำแข็ง,เชียงใหม่,5000000,รายชื่อสถานประกอบการ,ห้างหุ้นส่วนจำกัด สุขเสรี เอส ไอ ซี,0,เชียงดาว,2567,เชียงดาว
4153,ทำน้ำแข็งก้อนเล็ก น้ำแข็งซอง,เชียงใหม่,2000000,รายชื่อสถานประกอบการ,บริษัท วารีเทพ สบเตี๊ยะ จำกัด,0,สบเตี๊ยะ,2567,จอมทอง
4154,ผลิตน้ำแข็งหลอด,เชียงใหม่,500000,รายชื่อสถานประกอบการ,โรงน้ำแข็งนิมรุ่งเรือง,0,แม่เหียะ,2567,เมืองเชียงใหม่
4155,ผลิตน้ำแข็งหลอด,เชียงใหม่,1000000,รายชื่อสถานประกอบการ,โรงน้ำแข็ง วีไอซี จอมทอง,0,ข่วงเปา,2567,จอมทอง
4156,ทำน้ำแข็งก้อนเล็กและน้ำแข็งซอง,เชียงใหม่,14,รายชื่อสถานประกอบการ,ห้างหุ้นส่วนจำกัด โรงน้ำแข็งไชยปราการฝาง,25000000,เวียง,2567,ฝาง
4157,ทำน้ำแข็งก้อนเล็กและน้ำดื่ม,เชียงใหม่,8,รายชื่อสถานประกอบการ,เฮงเจริญ วอเตอร์,8500000,แม่แวน,2567,พร้าว
4158,ทำน้ำแข็ง,เชียงใหม่,10,รายชื่อสถานประกอบการ,บริษัท โรงน้ำแข็งเวียงทิพย์วารี (เชียงใหม่) จำกัด,28000000,ป่าไผ่,2567,สันทราย
4159,ผลิตน้ำแข็งหลอด,เชียงใหม่,3000000,รายชื่อสถานประกอบการ,ห้างหุ้นส่วนจำกัด วารีเทพ เชียงใหม่,0,สันกำแพง,2567,สันกำแพง
4160,ผลิตน้ำแข็งหลอด,เชียงใหม่,200000,รายชื่อสถานประกอบการ,โรงน้ำแข็งมีสุขเจ้าสำราญ สันกำแพง,0,สันกำแพง,2567,สันกำแพง
4161,ผลิตและจำหน่ายน้ำแข็ง,เชียงใหม่,1000000,รายชื่อสถานประกอบการ,ล้านนาไอซ์ แฟคโทรี่ เอ็นจิเนียริ่ง,0,ตลาดใหญ่,2567,ดอยสะเก็ด
4162,ผลิตน้ำแข็งหลอด และน้ำแข็งซอง,เชียงใหม่,4000000,รายชื่อสถานประกอบการ,โรงน้ำแข็ง มีสุขเจ้าสำราญ แม่แจ่ม,0,ช่างเคิ่ง,2567,แม่แจ่ม
4163,ทำน้ำแข็งหลอดและน้ำแข็งซอง,เชียงใหม่,7,รายชื่อสถานประกอบการ,โรงน้ำแข็งยศดำรงค์พร้าว,14220000,เวียง,2567,พร้าว
4164,ผลิตน้ำแข็งซอง,เชียงใหม่,3000000,รายชื่อสถานประกอบการ,โรงงานน้ำแข็งธารทอง,0,หางดง,2567,ฮอด
4165,ทำน้ำแข็งก้อนเล็ก,เชียงใหม่,2000000,รายชื่อสถานประกอบการ,นางสาวคุณีกร โตไพบูลย์,0,ขี้เหล็ก,2567,แม่แตง
4166,โรงงานผลิตน้ำแข็งหลอด,เชียงใหม่,1000000,รายชื่อสถานประกอบการ,โรงน้ำแข็ง มีสุขเจ้าสำราญ สาขาแม่ริม,0,ห้วยทราย,2567,แม่ริม
4167,ผลิตน้ำแข็ง,เชียงใหม่,10,รายชื่อสถานประกอบการ,โรงน้ำแข็งมีสุขเจ้าสำราญ ดอยเต่า,7000000,ท่าเดื่อ,2567,ดอยเต่า
4168,ทำน้ำแข็งก้อนเล็ก,เชียงใหม่,200000,รายชื่อสถานประกอบการ,,0,ยางเนิ้ง,2567,สารภี
4169,ผลิตน้ำแข็ง,เชียงใหม่,14,รายชื่อสถานประกอบการ,โรงน้ำแข็งเชียงใหม่กิจวารี,11400000,หารแก้ว,2567,หางดง
4170,ผลิตน้ำแข็งหลอด,เชียงใหม่,3000000,รายชื่อสถานประกอบการ,โรงน้ำแข็งเชียงใหม่ไอซ์,0,แช่ช้าง,2567,สันกำแพง
4171,ผลิตน้ำแข็งหลอดเล็กและหลอดใหญ่,เชียงใหม่,500000,รายชื่อสถานประกอบการ,โรงน้ำแข็งเพชรงามรุ่งเรือง,0,หนองหาร,2567,สันทราย
4172,ผลิตน้ำแข็งหลอด,เชียงใหม่,500000,รายชื่อสถานประกอบการ,ห้างหุ้นส่วนจำกัด โรงงานน้ำแข็งธารทอง,0,ท่าวังตาล,2567,สารภี
4173,โรงงานทำน้ำแข็งก้อนเล็ก,เชียงใหม่,500000,รายชื่อสถานประกอบการ,นางสาวคุณาพร โตไพบูลย์,0,เวียง,2567,ฝาง
4174,ผลิตน้ำแข็งหลอด,เชียงใหม่,2000000,รายชื่อสถานประกอบการ,โรงน้ำแข็งบ้านน้อย,0,สันกำแพง,2567,สันกำแพง
4175,ทำน้ำแข็งซอง,เชียงใหม่,1000000,รายชื่อสถานประกอบการ,โรงน้ำแข็งซองสุขสมนึก,0,หารแก้ว,2567,หางดง
4176,ผลิตน้ำแข็ง,เชียงใหม่,1000000,รายชื่อสถานประกอบการ,ห้างหุ้นส่วนจำกัด โรงน้ำแข็งแม่ริม,0,ริมใต้,2567,แม่ริม
4177,ทำน้ำแข็งหลอด,เชียงใหม่,1000,รายชื่อสถานประกอบการ,วี.ที.ไอซ์,0,ขุนคง,2567,หางดง
4178,ผลิตน้ำแข็งหลอด,เชียงใหม่,1500000,รายชื่อสถานประกอบการ,นายรุ่งโรจน์ เข็มขาว,0,สันผีเสื้อ,2567,เมืองเชียงใหม่
4179,ผลิตน้ำแข็ง,เชียงใหม่,1000000,รายชื่อสถานประกอบการ,วี.ไอ.ซี. เจดีย์แม่ครัว,0,แม่แฝกใหม่,2567,สันทราย
4180,ทำน้ำแข็งก้อนเล็ก,เชียงใหม่,1000000,รายชื่อสถานประกอบการ,ห้างหุ้นส่วนจำกัด ไอยรินทร์ไอซ์,0,แช่ช้าง,2567,สันกำแพง
4181,ผลิตอาหารสัตว์,เชียงใหม่,1000000,รายชื่อสถานประกอบการ,วิวรรณเทคโนโลยี,0,สบแม่ข่า,2567,หางดง
4182,ผลิตอาหารสัตว์และสารผสมล่วงหน้าสำหรับสัตว์,เชียงใหม่,3000000,รายชื่อสถานประกอบการ,โรงงานผลิตอาหารสัตว์,0,สันนาเม็ง,2567,สันทราย
4183,ผลิตอาหารสัตว์,เชียงใหม่,130000000,รายชื่อสถานประกอบการ,บริษัท ลิ้มศักดากุลอุตสาหกรรมการเกษตร(ไทยแลนด์)จำกัด,0,สันปูเลย,2567,ดอยสะเก็ด
4184,ผลิตอาหารสัตว์ เช่นอาหารไก่จากข้าวโพด อบพืชผลทางการเกษตร เช่นข้าวโพดอบ และลำเลียงเก็บรักษาในไซโล,เชียงใหม่,6,รายชื่อสถานประกอบการ,บริษัท รุ่งทองคำอะกริเทรค จำกัด,20000000,แม่แฝก,2567,สันทราย
4185,ผลิตอาหารสัตว์,เชียงใหม่,90000000,รายชื่อสถานประกอบการ,บริษัท มงคลแอนด์ซันส์ฟาร์ม จำกัด,0,แม่แตง,2567,แม่แตง
4186,บด ป่น และผสมอาหารสัตว์,เชียงใหม่,1000000,รายชื่อสถานประกอบการ,นายสมพล ยศเดช,0,สันกลาง,2567,สันป่าตอง
4187,ผลิตเบียร์สด,เชียงใหม่,0,รายชื่อสถานประกอบการ,โรงเบียร์เชียงใหม่เยอรมัน,0,หนองป่าครั่ง,2567,เมืองเชียงใหม่
4188,"อบเมล็ดพืช เช่น ข้าวเปลือก,ข้าวโพด ฯลฯ",เชียงใหม่,1000000,รายชื่อสถานประกอบการ,ห้างหุ้นส่วนจำกัด โรงสีข้าวรวงทองเชียงใหม่,0,เชิงดอย,2567,ดอยสะเก็ด
4189,ผลิตต้นหอมอบแห้ง,เชียงใหม่,5000000,รายชื่อสถานประกอบการ,บริษัท เชียงรายฟูด จำกัด,0,แม่งอน,2567,ฝาง
4190,อบลำไย,เชียงใหม่,4200000,รายชื่อสถานประกอบการ,ห้างหุ้นส่วนจำกัด เอกธนเกษตร,0,บ้านกลาง,2567,สันป่าตอง
4191,อบผลิตผลทางการเกษตร,เชียงใหม่,4,รายชื่อสถานประกอบการ,นายรักพงศ์ เชิดสถิรกุล,57500000,เชิงดอย,2567,ดอยสะเก็ด
4192,อบพืชผลทางการเกษตร,เชียงใหม่,15000000,รายชื่อสถานประกอบการ,โรงอบข้าวรุ่งจรัญไรซ์,0,แม่สาว,2567,แม่อาย
4193,อบข้าวเปลือก,เชียงใหม่,2,รายชื่อสถานประกอบการ,โรงอบข้าว ทรัพย์เกษม,17500000,แม่สาว,2567,แม่อาย
4194,อบพืชผลทางการเกษตร,เชียงใหม่,12,รายชื่อสถานประกอบการ,โรงอบข้าวทรัพย์ดวงทิพย์,36000000,แม่สาว,2567,แม่อาย
4195,อบพืชผลทางการเกษตร,เชียงใหม่,15,รายชื่อสถานประกอบการ,นางสาวประไพ กันธิยะ,23000000,แม่คะ,2567,ฝาง
4196,อบพืชผลทางการเกษตร ปรับปรุงคุณภาพของผลิตผลทางการเกษตร และห้องเย็น,เชียงใหม่,15,รายชื่อสถานประกอบการ,บริษัท เอส ดี อินเตอร์ ฟู้ดส์ จำกัด,31000000,สองแคว,2567,ดอยหล่อ
4197,อบพืชผลทางการเกษตรและสีข้าว,เชียงใหม่,5,รายชื่อสถานประกอบการ,บริษัท สมชายค้าข้าว จำกัด,38000000,เวียง,2567,ฝาง
4198,อบพืชผลทางการเกษตร,เชียงใหม่,7,รายชื่อสถานประกอบการ,ทรัพย์ดวงทิพย์ค้าข้าว,26000000,แม่สาว,2567,แม่อาย
4199,อบผลิตผลทางการเกษตร อาทิ ลำไย,เชียงใหม่,10000000,รายชื่อสถานประกอบการ,ศรีเจริญ,0,สันทราย,2567,สารภี
4200,อบพืชผลทางการเกษตร เมล็ดข้าวโพด,เชียงใหม่,30000000,รายชื่อสถานประกอบการ,บริษัท เคเค เอนเนอร์จี 1962 จำกัด,0,บ้านตาล,2567,ฮอด
4201,"อบพืชผลทางการเกษตร เช่น ลำไย, ร่อน ล้าง คัด หรือแยกขนาดลำไย และห้องเย็นในการเก็บรักษาพืชผลทางการเกษตร",เชียงใหม่,0,รายชื่อสถานประกอบการ,บริษัท หยวน เซิ่ง เฟรช จำกัด,135000000,สบเตี๊ยะ,2567,จอมทอง
4202,อบพืชผลทางการเกษตร,เชียงใหม่,10000000,รายชื่อสถานประกอบการ,บริษัท สมชายค้าข้าว จำกัด,0,เวียง,2567,ฝาง
4203,อบพืชผลทางการเกษตร,เชียงใหม่,5000000,รายชื่อสถานประกอบการ,บริษัท ดวงดีไรซ์ จำกัด,0,แม่สาว,2567,แม่อาย
4204,อบผลิตผลทางการเกษตร,เชียงใหม่,1000000,รายชื่อสถานประกอบการ,ศุภชัย,0,มะขามหลวง,2567,สันป่าตอง
4205,อบพืชผลทางการเกษตร,เชียงใหม่,30000000,รายชื่อสถานประกอบการ,บริษัท เกิดอู่ทอง จำกัด,0,แม่แฝก,2567,สันทราย
4206,อบพืชผลทางการเกษตร,เชียงใหม่,3000000,รายชื่อสถานประกอบการ,บริษัท รุ่งเจริญพืชผล จำกัด,0,ดอยหล่อ,2567,ดอยหล่อ
4207,อบพืชผลทางการเกษตร,เชียงใหม่,1000000,รายชื่อสถานประกอบการ,โรงอบทิพย์ธารา,0,เวียง,2567,ฝาง
4208,อบพืชผลทางการเกษตร,เชียงใหม่,2000000,รายชื่อสถานประกอบการ,โรงอบข้าวสามหนึ่ง,0,แม่อาย,2567,แม่อาย
4209,อบผลิตผลการเกษตร,เชียงใหม่,7,รายชื่อสถานประกอบการ,บริษัท โอเค อินเตอร์เฟรช (ประเทสไทย) จำกัด,23100000,สบเตี๊ยะ,2567,จอมทอง
4210,อบพืชผลทางการเกษตร,เชียงใหม่,2000000,รายชื่อสถานประกอบการ,นายรุ่งรัตน์ สุชนสมบัติ,0,เขื่อนผาก,2567,พร้าว
4211,อบพืชผลทางการเกษตร ทุกชนิด เช่น ลำไย ข้าวโพด พริก และอื่นๆ,เชียงใหม่,3000000,รายชื่อสถานประกอบการ,บริษัท ลพบุรี พาวเวอร์ จำกัด,0,เขื่อนผาก,2567,พร้าว
4212,อบพืชผลทางการเกษตรกรรม,เชียงใหม่,500000000,รายชื่อสถานประกอบการ,บริษัท เชียงใหม่เฟรช โปรดักส์ จำกัด,0,ทุ่งสะโตก,2567,สันป่าตอง
4213,อบ บด ป่น ย่อย พืชและเมล็ดพืช,เชียงใหม่,3000000,รายชื่อสถานประกอบการ,บริษัท เอี่ยมกสิกิจ จำกัด,0,บ้านกลาง,2567,สันป่าตอง
4214,อบลำไย,เชียงใหม่,500000,รายชื่อสถานประกอบการ,ฟ้าเจริญพร,0,สบเตี๊ยะ,2567,จอมทอง
4215,อบแห้งพืชผลทางการเกษตร,เชียงใหม่,10000000,รายชื่อสถานประกอบการ,บริษัท สุภิราชการเกษตร จำกัด,0,แม่ปั๋ง,2567,พร้าว
4216,อบพืชผลทางการเกษตร,เชียงใหม่,53500000,รายชื่อสถานประกอบการ,บริษัท เชียงใหม่เฟรช โปรดักส์ จำกัด,0,ทุ่งสะโตก,2567,สันป่าตอง
4217,อบพืชผลทางการเกษตร,เชียงใหม่,20000000,รายชื่อสถานประกอบการ,โรงอบ โฮภาส กอนแสง,0,แม่แฝก,2567,สันทราย
4218,ผลิตผลไม้อบกรอบ,เชียงใหม่,5000000,รายชื่อสถานประกอบการ,บริษัท ทีดับบลิว ฟู๊ด จำกัด,0,แม่แฝกใหม่,2567,สันทราย
4219,อบเมล็ดพืชทางการเกษตรกรรม,เชียงใหม่,31,รายชื่อสถานประกอบการ,บริษัท ไทยแอดวานซ์การเกษตร จำกัด,50100000,แม่แฝกใหม่,2567,สันทราย
4220,อบพืชผลทางการเกษตร,เชียงใหม่,5000000,รายชื่อสถานประกอบการ,วงค์ตะวันพืชผล,0,แม่แวน,2567,พร้าว
4221,อบผลิตผลทางการเกษตร อาทิ ลำไย,เชียงใหม่,7000000,รายชื่อสถานประกอบการ,ชายบุษรา,0,สันทราย,2567,สารภี
4222,อบพืชผลทางการเกษตร,เชียงใหม่,5000000,รายชื่อสถานประกอบการ,นางชนากานต์ บุญศรี,0,สันทราย,2567,สารภี
4223,ทำลำใยอบแห้งและเพาะเห็ด,เชียงใหม่,18,รายชื่อสถานประกอบการ,อินเตอร์ ฟาร์ม,19000000,แม่แฝก,2567,สันทราย
4224,อบพืชผลทางการเกษตร,เชียงใหม่,2,รายชื่อสถานประกอบการ,บริษัท นอร์ท 87 จำกัด,20000000,แม่แวน,2567,พร้าว
4225,อบพืชผลทางการเกษตรและสีข้าว,เชียงใหม่,7,รายชื่อสถานประกอบการ,โรงสีข้าวดวงทิพย์,23000000,แม่สาว,2567,แม่อาย
4226,อบลำไย,เชียงใหม่,20,รายชื่อสถานประกอบการ,บริษัท อาหารเชียงใหม่อุตสาหกรรม จำกัด,13000000,บ้านกลาง,2567,สันป่าตอง
4227,อบพืชผลทางการเกษตร,เชียงใหม่,7000000,รายชื่อสถานประกอบการ,บริษัท บีเอส แอนด์ เคดี เชน แมนเนจเม้นท์ จำกัด,0,ข่วงเปา,2567,จอมทอง
4228,อบพืชผลทางการเกษตร,เชียงใหม่,5000000,รายชื่อสถานประกอบการ,ทรัพย์ไพลิน,0,แม่สาว,2567,แม่อาย
4229,อบผลิตผลทางการเกษตร,เชียงใหม่,5500000,รายชื่อสถานประกอบการ,ศ.ปวริศา การค้า,0,แม่คะ,2567,ฝาง
4230,อบพืชผลทางการเกษตร,เชียงใหม่,3000000,รายชื่อสถานประกอบการ,นายนิตย์พันธ์ แก้วคำมูล,0,แม่สาว,2567,แม่อาย
4231,"อบพืชผลทางการเกษตร เช่นลำไย,พริก,ข้างโพด,ใบยาสูบฯลฯ",เชียงใหม่,20,รายชื่อสถานประกอบการ,รัตนาพืชผลการเกษตร,30248000,ดอยหล่อ,2567,ดอยหล่อ
4232,อบแห้งสินค้าการเกษตร,เชียงใหม่,10000000,รายชื่อสถานประกอบการ,สหกรณ์การเกษตรสันป่าตอง จำกัด,0,ทุ่งสะโตก,2567,สันป่าตอง
4233,อบพืชผลทางการเกษตร,เชียงใหม่,5000000,รายชื่อสถานประกอบการ,โรงอบดวงดีสีข้าว,0,แม่สาว,2567,แม่อาย
4234,อบและกะเทาะเมล็ดข้าวโพด,เชียงใหม่,8000000,รายชื่อสถานประกอบการ,บริษัท อีสท์ เวสท์ ซีด จำกัด,0,แม่แฝกใหม่,2567,สันทราย
4235,"ผลิตผลไม้และพืชผลทางการเกษตรอบแห้ง อาธิ ลำไยอบแห้ง,ลิ้นจี่อบแห้ง",เชียงใหม่,5000000,รายชื่อสถานประกอบการ,นายชาคริต เชาว์ดำรงค์,0,บ้านกลาง,2567,สันป่าตอง
4236,ทำความสะอาดและอบข้าวโพดสำหรับเลี้ยงสัตว์,เชียงใหม่,4000000,รายชื่อสถานประกอบการ,บริษัท โฟร์ ที จำกัด,0,ดอยหล่อ,2567,ดอยหล่อ
4237,อบผลิตผลการเกษตร,เชียงใหม่,20000000,รายชื่อสถานประกอบการ,ฟาร์มผึ้งชัยเฮง,0,ดอนแก้ว,2567,สารภี
4238,อบพืชผลทางการเกษตร,เชียงใหม่,10000000,รายชื่อสถานประกอบการ,บริษัท เนตรนิมิตค้าข้าว จำกัด,0,เวียง,2567,ฝาง
4239,อบพืชผลทางการเกษตร อาธิ ลำไย,เชียงใหม่,10000000,รายชื่อสถานประกอบการ,อำไพพรรณ การเกษตร,0,บ้านกาด,2567,แม่วาง
4240,อบผลิตผลทางการเกษตร อาทิ ลำไย และห้องเย็นเก็บลำไย,เชียงใหม่,50,รายชื่อสถานประกอบการ,นางวิลัยวรรณ์ เฉิน,40000000,หนองแฝก,2567,สารภี
4241,อบแห้งพืชผลทางการเกษตร,เชียงใหม่,15000000,รายชื่อสถานประกอบการ,นายเกียรติชัย แสงปัญญา,0,หนองแฝก,2567,สารภี
4242,อบพืชผลทางการเกษตร,เชียงใหม่,10000000,รายชื่อสถานประกอบการ,วัชระกิจ,0,แม่สาว,2567,แม่อาย
4243,อบพืชผลทางการเกษตร,เชียงใหม่,3000000,รายชื่อสถานประกอบการ,บริษัท โอเค เฟรชฟรุ๊ตส์ (ประเทศไทย) จำกัด,0,สบเตี๊ยะ,2567,จอมทอง
4244,อบพืชผลทางการเกษตร,เชียงใหม่,1000000,รายชื่อสถานประกอบการ,โกดังเหลือง,0,แม่แวน,2567,พร้าว
4245,โรงอบข้าว,เชียงใหม่,150000000,รายชื่อสถานประกอบการ,ห้างหุ้นส่วนจำกัด เชียงใหม่อินเตอร์ไรซ์,0,สันพระเนตร,2567,สันทราย
4246,อบลดความชื้นข้าวเปลือก,เชียงใหม่,10000000,รายชื่อสถานประกอบการ,โรงอบสหกรณ์การเกษตรพร้าว จำกัด,0,เวียง,2567,พร้าว
4247,อบผลิตผลทางการเกษตร,เชียงใหม่,50000000,รายชื่อสถานประกอบการ,ศ.ชินพงศ์ การค้า,0,เวียง,2567,ฝาง
4248,อบพืชผลการเกษตร,เชียงใหม่,1500000,รายชื่อสถานประกอบการ,บริษัท เค.พี (จอมทอง) จำกัด,0,บ้านแปะ,2567,จอมทอง
4249,อบพืชผลทางการเกษตร สีข้าว และคัดคุณภาพข้าว,เชียงใหม่,5000000,รายชื่อสถานประกอบการ,โรงอบข้าวแสงสุวรรณ,0,เวียง,2567,ฝาง
4250,อบพืชผลทางการเกษตร,เชียงใหม่,48,รายชื่อสถานประกอบการ,บริษัท บีเอส แอนด์ เคดี เชน แมนเนจเม้นท์ จำกัด,14500000,ข่วงเปา,2567,จอมทอง
4251,อบพืชผลทางการเกษตร,เชียงใหม่,25000000,รายชื่อสถานประกอบการ,กัญญารัตน์,0,ขัวมุง,2567,สารภี
4252,อบเมล็ดธัญพืช,เชียงใหม่,5000000,รายชื่อสถานประกอบการ,จิรชัยพืชผล,0,แม่นาจร,2567,แม่แจ่ม
4253,อบผลิตผลการเกษตร,เชียงใหม่,2000000,รายชื่อสถานประกอบการ,ถนอมทรัพย์พืชผลการเกษตร,0,เขื่อนผาก,2567,พร้าว
4254,อบเมล็ดพืช และเก็บรักษาเมล็ดพืชหรือผลิตผลจากพืชในไซโล,เชียงใหม่,16,รายชื่อสถานประกอบการ,บริษัท ลิ้มศักดากุลอุตสาหกรรมการเกษตร (ไทยแลนด์) จำกัด,176980000,สันปูเลย,2567,ดอยสะเก็ด
4255,อบพืชผลทางการเกษตร,เชียงใหม่,3000000,รายชื่อสถานประกอบการ,สีดาการเกษตร,0,ท่าวังพร้าว,2567,สันป่าตอง
4256,อบมันสำปะหลัง และพืชผลทางการเกษตร,เชียงใหม่,20000000,รายชื่อสถานประกอบการ,บริษัท ส้มปรีชา-ฝาง 1991 จำกัด,0,เวียง,2567,ฝาง
4257,อบข้าว,เชียงใหม่,5000000,รายชื่อสถานประกอบการ,กิตเจริญ,0,แม่สาว,2567,แม่อาย
4258,อบผลิตผลทางการเกษตร,เชียงใหม่,1000000,รายชื่อสถานประกอบการ,บริษัท ซี.พี.เอ็ม อโกร จำกัด,0,แม่แวน,2567,พร้าว
4259,อบผลิตผลทางการเกษตร,เชียงใหม่,8000000,รายชื่อสถานประกอบการ,แม่อายไรซ์มิลล์,0,สันต้นหมื้อ,2567,แม่อาย
4260,อบพืชผลทางการเกษตร,เชียงใหม่,5000000,รายชื่อสถานประกอบการ,วิเชียรฟาร์ม,0,แม่สาว,2567,แม่อาย
4261,อบผลิตผลทางการเกษตร,เชียงใหม่,1000000,รายชื่อสถานประกอบการ,บริษัท นิวเอ็นอะโกร จำกัด,0,บ้านโป่ง,2567,พร้าว
4262,อบพืชผลทางการเกษตร,เชียงใหม่,20000000,รายชื่อสถานประกอบการ,นางธัญรัศม์ พิสิทธิ์ธนัทกุล ,0,สบเตี๊ยะ,2567,จอมทอง
4263,อบพืชผลทางการเกษตร,เชียงใหม่,5000000,รายชื่อสถานประกอบการ,จันทร์ดี การเกษตร,0,มะขามหลวง,2567,สันป่าตอง
4264,สีข้าว,เชียงใหม่,2000000,รายชื่อสถานประกอบการ,โรงสีข้าวทรัพย์เกษม,0,แม่สาว,2567,แม่อาย
4265,แปรรูปผลผลิตข้าวโพดเลี้ยงสัตว์ อบลดความชื้น,เชียงใหม่,8,รายชื่อสถานประกอบการ,สหกรณ์การเกษตรแม่แจ่ม จำกัด,242429519.27,ช่างเคิ่ง,2567,แม่แจ่ม
4266,อบลำไย และพืชผลทางการเกษตร,เชียงใหม่,6,รายชื่อสถานประกอบการ,ณัฐวรรธน์ ฟรุ๊ตส์,8500000,แม่ปั๋ง,2567,พร้าว
4267,อบพืชผลทางการเกษตร,เชียงใหม่,5000000,รายชื่อสถานประกอบการ,โรงอบข้าวกิตเจริญ,0,แม่สาว,2567,แม่อาย
4268,"กะเทาะเปลือกเมล็ดกาแฟ,คั่วเมล็ดกาแฟ",เชียงใหม่,1000000,รายชื่อสถานประกอบการ,นายชัยวัฒน์ ทักษอุดม,0,ช้างม่อย,2567,เมืองเชียงใหม่
4269,คัดและกะเทาะเมล็ดพืชและเก็บพืชผลทางการเกตร,เชียงใหม่,8000000,รายชื่อสถานประกอบการ,บริษัท เกษตรวิวัฒน์ จำกัด,0,ดอนเปา,2567,แม่วาง
4270,โรงกะเทาะเปลือกกาแฟกะลา,เชียงใหม่,100000000,รายชื่อสถานประกอบการ,โรงงานแปรรูปกาแฟคาเฟ่อเมซอน,0,ทุ่งรวงทอง,2567,แม่วาง
4271,กะเทาะเมล็ดพืช คัดขนาดและบรรจุเมล็ดพันธ์พืช,เชียงใหม่,8,รายชื่อสถานประกอบการ,บริษัท สุภิราชเกษตรป้าว จำกัด,21000000,แม่ปั๋ง,2567,พร้าว
4272,กะเทาะ และอบเมล็ดพืช,เชียงใหม่,32,รายชื่อสถานประกอบการ,บริษัท เวิลด์ ซีดส์ จำกัด,28120000,แม่แวน,2567,พร้าว
4273,โรงงานกะเทาะ อบเมล็ดพืช คัดขนาดและบรรจุเมล็ดพันธุ์พืช,เชียงใหม่,4,รายชื่อสถานประกอบการ,หน่อคำพืชผล,6200000,เขื่อนผาก,2567,พร้าว
4274,โรงงานกะเทาะ อบเมล็ดพืช คัดขนาดและบรรจุเมล็ดพันธุ์พืช,เชียงใหม่,4,รายชื่อสถานประกอบการ,ลานนาการเกษตร,7400000,เขื่อนผาก,2567,พร้าว
4275,ไซโลเก็บผลิตผลทางการเกษตร,เชียงใหม่,45000000,รายชื่อสถานประกอบการ,บริษัท อาร์.พี.เอ็ม. ฟาร์ม แอนด์ ฟีด จำกัด,0,หนองควาย,2567,หางดง
4276,อบเมล็ดพืชและเก็บรักษาเมล็ดพืชหรือผลิตผลจากพืชในไซโล,เชียงใหม่,16,รายชื่อสถานประกอบการ,บริษัท ลิ้มศักดากุลอุตสาหกรรมการเกษตร (ไทยแลนด์) จำกัด,176980000,สันปูเลย,2567,ดอยสะเก็ด
4277,"บด,ร่อนถ่านกัมมันต์",เชียงใหม่,200000,รายชื่อสถานประกอบการ,ห้างหุ้นส่วนจำกัด ซี.เค คาร์บอน,0,ป่าแดด,2567,เมืองเชียงใหม่
4278,การเพาะเลี้ยงขยายพันธุ์พืช เช่น กล้วยไม้,เชียงใหม่,22850000,รายชื่อสถานประกอบการ,บริษัท เอ็ม แคท ไบโอ จำกัด,0,สันกลาง,2567,สันป่าตอง
4279,"คัด,แยกขนาด และคุณภาพของมันฝรั่ง",เชียงใหม่,2000000,รายชื่อสถานประกอบการ,บริษัท เป๊ปซี่-โคล่า (ไทย) เทรดดิ้ง จำกัด,0,ปงตำ,2567,ไชยปราการ
4280,"ล้าง,คัดแยกขนาดหรือคุณภาพผลิตผลเกษตรกรรม",เชียงใหม่,500000,รายชื่อสถานประกอบการ,บริษัท เอส.อาร์.แอกโกรแพค จำกัด,0,มะขามหลวง,2567,สันป่าตอง
4281,คัดแยกขนาด และคุณภาพของถั่วเหลือง,เชียงใหม่,1500000,รายชื่อสถานประกอบการ,บริษัท จัว อินเตอร์เนชั่นแนล จำกัด,0,บ้านแหวน,2567,หางดง
4282,การร่อน คัด แยกขนาดคุณภาพของผลิตผลเกษตรกรรม,เชียงใหม่,10,รายชื่อสถานประกอบการ,สหกรณ์นิคมพร้าว จำกัด,18694000,แม่แวน,2567,พร้าว
4283,คัดแยกขนาดและเคลือบผิวส้ม,เชียงใหม่,100000,รายชื่อสถานประกอบการ,โรงแว๊กซ์ธนาธร,0,สันทราย,2567,ฝาง
4284,คัดขนาด อบ สี บรรจุถุง เก็บรักษาเมล็ดพันธุ์พืชผลทางการเกษตร,เชียงใหม่,1000000,รายชื่อสถานประกอบการ,บริษัท ชัยโย ซีดส์ (ประเทศไทย) จำกัด,0,เขื่อนผาก,2567,พร้าว
4285,"คัดขนาด,เลือบผิวส้ม,ห้องเย็น",เชียงใหม่,39,รายชื่อสถานประกอบการ,ตงหยาง,27000000,แม่สาว,2567,แม่อาย
4286,ร่อน ล้าง คัด หรือแยกขนาดหรือคุณภาพของผลิตผลเกษตรกรรม,เชียงใหม่,10000000,รายชื่อสถานประกอบการ,บริษัท ปลูกผักเพราะรักแม่ จำกัด,0,เชิงดอย,2567,ดอยสะเก็ด
4287,ผลิตน้ำดื่มบรรจุขวด,เชียงใหม่,2000000,รายชื่อสถานประกอบการ,บริษัท เพียวเมาน์เทน จำกัด,0,ป่าบง,2567,สารภี
4288,ผลิตน้ำดื่มบรรจุขวด,เชียงใหม่,28,รายชื่อสถานประกอบการ,น้ำดื่มตรา ม่อนล้าน,10851500,ป่าไหน่,2567,พร้าว
4289,ผลิตน้ำดื่มบรรจุขวด,เชียงใหม่,45,รายชื่อสถานประกอบการ,บริษัท เชียงใหม่โพลสตาร์ (1992) จำกัด,21300000,สุเทพ,2567,เมืองเชียงใหม่
4290,ผลิตน้ำดื่มและบรรจุภัณฑ์จากพลาสติก,เชียงใหม่,9,รายชื่อสถานประกอบการ,บริษัท วารีเทพ สบเตี๊ยะ จำกัด,5000000,สบเตี๊ยะ,2567,จอมทอง
4291,ผลิตน้ำดื่ม,เชียงใหม่,30000000,รายชื่อสถานประกอบการ,บริษัท น้ำใส ใจจริง จำกัด,0,แม่สา,2567,แม่ริม
4292,ผลิตน้ำดื่ม,เชียงใหม่,10000000,รายชื่อสถานประกอบการ,บริษัท เพียว เมาน์เทน จำกัด,0,ไชยสถาน,2567,สารภี
4293,โรงงานผลิตน้ำดื่ม และผลิตขวดสำหรับบรรจุน้ำดื่ม,เชียงใหม่,5000000,รายชื่อสถานประกอบการ,บริษัท เดอะวันดริ้งค์ จำกัด,0,สันกำแพง,2567,สันกำแพง
4294,ทอผ้าด้วยกี่กระตุก ตัดเย็บเสื้อผ้าสำเร็จรูป ย้อมผ้า-ซักผ้าทุกชนิด,เชียงใหม่,70,รายชื่อสถานประกอบการ,บริษัท น่ารัก โฮลดิ้ง จำกัด,241318421,แช่ช้าง,2567,สันกำแพง
4295,การฟอก ย้อมสีด้าย,เชียงใหม่,200000,รายชื่อสถานประกอบการ,โรงย้อมเพียงดาว,0,เชียงดาว,2567,เชียงดาว
4296,พิมพ์ผ้า,เชียงใหม่,500000,รายชื่อสถานประกอบการ,บริษัท ณัฐวุฒิ เทรดดิ้ง จำกัด,0,ร้องวัวแดง,2567,สันกำแพง
4297,ตัดเย็บผ้า เช่น ผ้าม่าน ผ้าปูที่นอน ปลอกหมอน ผ้านวม ผ้าคลุมเตียง กระเป๋า รองเท้า เสื้อคลุมอาบน้ำ,เชียงใหม่,90,รายชื่อสถานประกอบการ,บริษัท บีเฮ้าส์ จำกัด,21800000,แช่ช้าง,2567,สันกำแพง
4298,ผลิตแถบตราจากผ้า,เชียงใหม่,8000000,รายชื่อสถานประกอบการ,บริษัท ชีน เรย์ เอ็มบรอยเดอรี่ จำกัด,0,ขี้เหล็ก,2567,แม่ริม
4299,ผลิตแถบตรา,เชียงใหม่,5000000,รายชื่อสถานประกอบการ,บริษัท ชีน เรย์ เอ็มบรอยเดอรี่ จำกัด,0,ขี้เหล็ก,2567,แม่ริม
4300,ผลิตพรม ตัดเย็บตกแต่งพรมสำหรับใช้รองพื้นภายในรถยนต์ และพรมอื่นๆ,เชียงใหม่,30,รายชื่อสถานประกอบการ,บริษัท ซูมิโนเอะ โคอิเดะ (ประเทศไทย) จำกัด,32800000,สันกำแพง,2567,สันกำแพง
4301,ตัดเย็บเสื้อผ้า ผ้าคลุมรถ ผ้าคลุมเบาะ ผ้าหุ้มเบาะ หมวก กระเป๋า,เชียงใหม่,120,รายชื่อสถานประกอบการ,บริษัท โคอิเด็กซ์ (ประเทศไทย) จำกัด,2500000,ต้นเปา,2567,สันกำแพง
4302,ตัดเย็บชุดดำน้ำส่งออก,เชียงใหม่,5000000,รายชื่อสถานประกอบการ,บริษัท ออนสมู๊ทไทย จำกัด,0,ท่าวังตาล,2567,สารภี
4303,ตัดเย็บเครื่องนุ่งห่ม,เชียงใหม่,0,รายชื่อสถานประกอบการ,จิปาถะ,0,สันกลาง,2567,สันป่าตอง
4304,ตัดเย็บเสื้อผ้าสำเร็จรูป,เชียงใหม่,1800000,รายชื่อสถานประกอบการ,ห้างหุ้นส่วนจำกัด ซีเจ อินดัสทรี,0,สันกำแพง,2567,สันกำแพง
4305,ตัดเย็บชุดว่ายน้ำส่งออก,เชียงใหม่,8000000,รายชื่อสถานประกอบการ,บริษัท ออนสมู๊ทไทย จำกัด,0,ท่าวังตาล,2567,สารภี
4306,ตัดชุดประจำชาตินอร์เวย์,เชียงใหม่,10000000,รายชื่อสถานประกอบการ,บริษัท เอดด้า บูนาเดอร์ จำกัด,0,สันผีเสื้อ,2567,เมืองเชียงใหม่
4307,"ตัดเย็บเสื้อผ้าสำเร็จรูป,ทอผ้า",เชียงใหม่,93,รายชื่อสถานประกอบการ,บริษัท น่ารัก โฮลดิ้ง จำกัด,7500000,ต้นเปา,2567,สันกำแพง
4308,เย็บเสื้อผ้าสำเร็จรูป,เชียงใหม่,2000000,รายชื่อสถานประกอบการ,บริษัท ยงสง่า จำกัด,0,ทรายมูล,2567,สันกำแพง
4309,ตัดเย็บเสื้อผ้าสำเร็จรูป,เชียงใหม่,5000000,รายชื่อสถานประกอบการ,บริษัท ซีเอส สปอร์ต (ไทยแลนด์) จำกัด,0,สันกำแพง,2567,สันกำแพง
4310,ตัดเย็บเสื้อผ้าสำเร็จรูป,เชียงใหม่,300000,รายชื่อสถานประกอบการ,บริษัท โปร อินดัสเทรียล จำกัด,0,ยางเนิ้ง,2567,สารภี
4311,การตัดหรือเย็บเครื่องนุ่งห่ม เข็มขัด ผ้าเช็ดหน้า ผ้าพันคอ เนกไท หูกระต่าย  ปลอกแขน ถุงมือ ถุงเท้า จากผ้าหนังสัตว์ ขนสัตว์หรือวัสดุอื่น,เชียงใหม่,2500000,รายชื่อสถานประกอบการ,บริษัท นอร์วีเจียน จำกัด,0,แช่ช้าง,2567,สันกำแพง
4312,"ผลิตเสื้อผ้าสำเร็จรูป ,หมวกแฟชั่น ,ผลิตภัณฑ์จากหนังสัตว์",เชียงใหม่,2948000,รายชื่อสถานประกอบการ,บริษัท ลานนา แฮท จำกัด,0,ชมภู,2567,สารภี
4313,โม่ บด ย่อยหิน,เชียงใหม่,21,รายชื่อสถานประกอบการ,โรงโม่หินสหพนาสิทธิ์,60000000,บ้านแปะ,2567,จอมทอง
4314,ขุด ตัก ลอก ดินในที่ดินกรรมสิทธิ์ สำหรับใช้ในการก่อสร้างและจำหน่าย,เชียงใหม่,300000,รายชื่อสถานประกอบการ,บ่อดินธนทรัพย์,0,สันติสุข,2567,ดอยหล่อ
4315,ขุดทราย,เชียงใหม่,500000,รายชื่อสถานประกอบการ,นายทิตพันธ์ ปิงกุล,0,ท่าผา,2567,แม่แจ่ม
4316,ขุดดิน,เชียงใหม่,3,รายชื่อสถานประกอบการ,นายกรวุฒิ สุคนธมาน,17500000,ดอยหล่อ,2567,ดอยหล่อ
4317,ขุด ตัก ลอก ดินในที่ดินกรรมสิทธิ์ สำหรับใช้ในการก่อสร้างและจำหน่าย,เชียงใหม่,2000000,รายชื่อสถานประกอบการ,บ่อดินเจ้าพระยา,0,ป่าไผ่,2567,สันทราย
4318,ขุดดิน และร่อนคัดขนาด กรวด ทราย,เชียงใหม่,5,รายชื่อสถานประกอบการ,เอ็น อาร์ คอน,11500000,บ้านโป่ง,2567,พร้าว
4319,ขุดดิน,เชียงใหม่,2000000,รายชื่อสถานประกอบการ,นางเยาวเรศ ใจดี,0,แม่หอพระ,2567,แม่แตง
4320,ขุด ตัก ลอก ดินในที่ดินกรรมสิทธิ์ สำหรับใช้ในการก่อสร้างและจำหน่าย,เชียงใหม่,2500000,รายชื่อสถานประกอบการ,บ่อดินสหแผ่นดินทอง,0,ป่าไผ่,2567,สันทราย
4321,ขุด ตัก ลอก ดินในที่ดินกรรมสิทธิ์ สำหรับใช้ในการก่อสร้างและจำหน่าย,เชียงใหม่,1000000,รายชื่อสถานประกอบการ,บ่อดินพี่ยศ 2,0,เชิงดอย,2567,ดอยสะเก็ด
4322,ขุดดิน,เชียงใหม่,3,รายชื่อสถานประกอบการ,นายวีระศักดิ์ บุญ-หลง,10510000,ขี้เหล็ก,2567,แม่แตง
4323,ขุดดิน,เชียงใหม่,1000000,รายชื่อสถานประกอบการ,นาง ณัฐวัลย์ ปัญญาศาล,0,น้ำบ่อหลวง,2567,สันป่าตอง
4324,ขุด ตัก ลอก ดินในที่ดินกรรมสิทธิ์ สำหรับใช้ในการก่อสร้างและจำหน่าย,เชียงใหม่,1000000,รายชื่อสถานประกอบการ,ชนัญพัทธ์ นิยม,0,เชิงดอย,2567,ดอยสะเก็ด
4325,ขุด ตัก ลอก ดินในที่ดินกรรมสิทธิ์ สำหรับใช้ในการก่อสร้างและจำหน่าย,เชียงใหม่,5,รายชื่อสถานประกอบการ,ห้างหุ้นส่วนจำกัด ผญาวัน 498032,22050000,ขี้เหล็ก,2567,แม่แตง
4326,ขุดดิน,เชียงใหม่,2000000,รายชื่อสถานประกอบการ,นายเกษมสุข เกี๋ยงตาล,0,แม่หอพระ,2567,แม่แตง
4327,ขุดดิน,เชียงใหม่,0,รายชื่อสถานประกอบการ,นายชัยรัตน์ คำมูล,0,เมืองงาย,2567,เชียงดาว
4328,ขุดดิน,เชียงใหม่,500000,รายชื่อสถานประกอบการ,บริษัท ธวัชชัย ไมนิ่ง จำกัด,0,ขี้เหล็ก,2567,แม่แตง
4329,ขุดดิน,เชียงใหม่,3,รายชื่อสถานประกอบการ,นายวีระศักดิ์ บุญ-หลง,10510000,ขี้เหล็ก,2567,แม่แตง
4330,ขุดดิน,เชียงใหม่,2,รายชื่อสถานประกอบการ,นายบุญปั๋น อุ่นใจจิน,7720000,ข่วงเปา,2567,จอมทอง
4331,ขุดดิน,เชียงใหม่,1000000,รายชื่อสถานประกอบการ,นางศรัญญา แดงคำ,0,ดอนเปา,2567,แม่วาง
4332,ขุดดิน,เชียงใหม่,50000,รายชื่อสถานประกอบการ,นางสาวมุกดา เตียวกุล,0,แม่ข่า,2567,ฝาง
4333,ขุดดิน,เชียงใหม่,100000,รายชื่อสถานประกอบการ,นายประจวบ ศิริศิลป์,0,ขี้เหล็ก,2567,แม่แตง
4334,ขุดทราย,เชียงใหม่,300000,รายชื่อสถานประกอบการ,สมบูรณ์ทรัพย์ ท่าทราย,0,แม่แวน,2567,พร้าว
4335,ขุดดิน,เชียงใหม่,300000,รายชื่อสถานประกอบการ,นายสมบูรณ์ ถากาศ,0,แม่นาวาง,2567,แม่อาย
4336,ขุดดิน,เชียงใหม่,1000000,รายชื่อสถานประกอบการ,นายสิงห์วัน นันตา,0,เวียง,2567,ฝาง
4337,ขุดดิน,เชียงใหม่,3,รายชื่อสถานประกอบการ,นายธาดา ชุติมา,7510000,ขี้เหล็ก,2567,แม่แตง
4338,ขุด ตัก ลอก ดินในที่ดินกรรมสิทธิ์ สำหรับใช้ในการก่อสร้างและจำหน่าย,เชียงใหม่,500000,รายชื่อสถานประกอบการ,นายพชรวุฒ พษิฐาการกุล,0,ขี้เหล็ก,2567,แม่แตง
4339,ขุดดิน,เชียงใหม่,1,รายชื่อสถานประกอบการ,นายสมจิต อายุมั่น,660000,เมืองงาย,2567,เชียงดาว
4340,ขุดดิน,เชียงใหม่,60000,รายชื่อสถานประกอบการ,นายสมจิต อายุมั่น,0,เมืองงาย,2567,เชียงดาว
4341,การร่อน หรือคัดกรวด หรือทราย,เชียงใหม่,0,รายชื่อสถานประกอบการ,โรงงานร่อน คัดกรวด ทราย โชติชนก,0,สันมหาพน,2567,แม่แตง
4342,ร่อนคัดขนาดกรวดทราย,เชียงใหม่,500000,รายชื่อสถานประกอบการ,ทรายตะวัน,0,แม่แฝก,2567,สันทราย
4343,ร่อน หรือคัดกรวดทราย,เชียงใหม่,10,รายชื่อสถานประกอบการ,บริษัท จตุรงค์ทราย จำกัด,29000000,แม่แฝก,2567,สันทราย
4344,ร่อนคัดขนาดกรวดทราย,เชียงใหม่,5000000,รายชื่อสถานประกอบการ,นายธนาโชติ จำนงค์,0,แม่แฝกใหม่,2567,สันทราย
4345,ร่อน หรือคัดกรวดหรือทราย,เชียงใหม่,300000,รายชื่อสถานประกอบการ,บริษัท วี.วี กรุ๊ป จำกัด,0,แม่หอพระ,2567,แม่แตง
4346,ร่อน คัดขนาดกรวด ทราย,เชียงใหม่,8,รายชื่อสถานประกอบการ,บริษัท พีรพัฒน์ ดีเซล จำกัด,5800000,แม่แวน,2567,พร้าว
4347,ร่อนคัดขนาดทราย,เชียงใหม่,5,รายชื่อสถานประกอบการ,ห้างหุ้นส่วนจำกัด อุทัยทรายทอง,800000,ขี้เหล็ก,2567,แม่แตง
4348,การร่อน หรือ คัดกรวดหรือทราย,เชียงใหม่,500000,รายชื่อสถานประกอบการ,ท่าทรายวัชรวงศ์,0,ขี้เหล็ก,2567,แม่ริม
4349,ร่อนทราย,เชียงใหม่,100000,รายชื่อสถานประกอบการ,หนุ่มเน้ย,0,บ้านแม,2567,สันป่าตอง
4350,ร่อนและคัดขนาดกรวดหรือทราย,เชียงใหม่,1000000,รายชื่อสถานประกอบการ,กรกช ใจวัง,0,สันมหาพน,2567,แม่แตง
4351,คัดแยกขนาดกรวดทราย,เชียงใหม่,5,รายชื่อสถานประกอบการ,นายบรรถกานต์ ตาวิราศ,860000,สองแคว,2567,ดอยหล่อ
4352,ร่อน คัดแยก กรวด ทราย หิน,เชียงใหม่,12,รายชื่อสถานประกอบการ,กรกช ใจวัง,7500000,ขี้เหล็ก,2567,แม่ริม
4353,ร่อน หรือแยกกรวดหรือทราย,เชียงใหม่,500000,รายชื่อสถานประกอบการ,บริษัท พิบูลย์ทราย 2015 จำกัด,0,หางดง,2567,ฮอด
4354,ร่อนคัดขนาด ทราย กรวด หิน,เชียงใหม่,50000,รายชื่อสถานประกอบการ,สมบูรณ์ทรัพย์,0,แม่แวน,2567,พร้าว
4355,ร่อนหรือคัดกรวดและทราย,เชียงใหม่,500000,รายชื่อสถานประกอบการ,ทรายตะวัน,0,แม่แฝก,2567,สันทราย
4356,ดูดทราย ใบอนุญาตใช้เรือเลขที่ 34 50 00658,เชียงใหม่,4,รายชื่อสถานประกอบการ,เพชรเกียรติอุดม,1500000,ท่าตอน,2567,แม่อาย
4357,ดูดทราย และคัดแยกขนาดกรวดทราย,เชียงใหม่,5,รายชื่อสถานประกอบการ,นายธนะชัย ปัญโญแก้ว,1400000,ฮอด,2567,ฮอด
4358,ดูดทรายเพื่อการจำหน่าย,เชียงใหม่,0,รายชื่อสถานประกอบการ,ห้างหุ้นส่วนจำกัด ฮอดทรายงาม,0,ฮอด,2567,ฮอด
4359,ดูดทรายเพื่อการจำหน่าย,เชียงใหม่,2000000,รายชื่อสถานประกอบการ,ทีเอ เอนจิเนียริ่ง เชียงใหม่,0,บงตัน,2567,ดอยเต่า
4360,ดูดและขุดทราย,เชียงใหม่,150000,รายชื่อสถานประกอบการ,ห้างหุ้นส่วนจำกัด ทรัพย์มากล้น,0,ขี้เหล็ก,2567,แม่แตง
4361,ดูดทราย,เชียงใหม่,5,รายชื่อสถานประกอบการ,ห้างหุ้นส่วนจำกัด ธนะชัย แอสโซซิเอท,2500000,ฮอด,2567,ฮอด
4362,ดูดทราย,เชียงใหม่,1000000,รายชื่อสถานประกอบการ,นางสาวพิมพ์ชญา ใจวัง,0,แม่หอพระ,2567,แม่แตง
4363,ดูดร่อนและคัดกรวดทราย (เรือสินพัฒนา ทะเบียนเรือเลขที่ 3773 00212),เชียงใหม่,6,รายชื่อสถานประกอบการ,ท่าทรายสหะชัยรุ่งเรือง,700000,ท่าตอน,2567,แม่อาย
4364,ดูดทราย,เชียงใหม่,1000000,รายชื่อสถานประกอบการ,นายฉลอง สมแก้ว,0,นาคอเรือ,2567,ฮอด
4365,ดูดทรายแม่น้ำ,เชียงใหม่,2000000,รายชื่อสถานประกอบการ,นางสาวเทียนทอง ไชยฤทธิ์,0,หางดง,2567,ฮอด
4366,ดูดทรายเพื่อการจำหน่าย,เชียงใหม่,600000,รายชื่อสถานประกอบการ,บริษัท ทรายป่าห้ารุ่งเรือง จำกัด,0,ฮอด,2567,ฮอด
4367,ดูดทราย,เชียงใหม่,500000,รายชื่อสถานประกอบการ,บริษัท ทรายจรูญรัตน์ไพศาล จำกัด,0,บงตัน,2567,ดอยเต่า
4368,ดูดทรายเพื่อการจำหน่าย,เชียงใหม่,500000,รายชื่อสถานประกอบการ,ห้างหุ้นส่วนจำกัด กลุ่มบ้านตาลพัฒนา,0,บ้านตาล,2567,ฮอด
4369,ดูดทราย เเละคัดแยกขนาดกรวดทราย,เชียงใหม่,500000,รายชื่อสถานประกอบการ,ห้างหุ้นส่วนจำกัด ธนดลชัย,0,บ้านแปะ,2567,จอมทอง
4370,ดูดทรายเพื่อการจำหน่าย,เชียงใหม่,1000000,รายชื่อสถานประกอบการ,นายธนา ชัยมงคล,0,ฮอด,2567,ฮอด
4371,ดูดทราย,เชียงใหม่,1000000,รายชื่อสถานประกอบการ,นายเศกสรร พรหมเสน,0,บงตัน,2567,ดอยเต่า
4372,ดูดทราย,เชียงใหม่,8,รายชื่อสถานประกอบการ,นายสุธีรพันธ์ สุขวุฒิชัย,1000000,ฮอด,2567,ฮอด
4373,ดูดทราย,เชียงใหม่,500000,รายชื่อสถานประกอบการ,บริษัท ทรายสุรีรัตน์ จำกัด,0,ดอยเต่า,2567,ดอยเต่า
4374,ดูดทรายเพื่อการจำหน่าย,เชียงใหม่,5000000,รายชื่อสถานประกอบการ,ห้างหุ้นส่วนจำกัด แม่ปิงทรายงาม,0,นาคอเรือ,2567,ฮอด
4375,ดูดทราย,เชียงใหม่,500000,รายชื่อสถานประกอบการ,บริษัท พิบูลย์ทราย 2015 จำกัด,0,หางดง,2567,ฮอด
4376,ดูดทราย,เชียงใหม่,200000,รายชื่อสถานประกอบการ,บริษัท เชียงใหม่ ผลิตภัณฑ์ หิน ทราย จำกัด,0,บ้านแปะ,2567,จอมทอง
4377,ดูดทราย,เชียงใหม่,200000,รายชื่อสถานประกอบการ,บริษัท ทราย เพิ่มพูล จำกัด,0,บ้านแปะ,2567,จอมทอง
4378,ดูดทราย,เชียงใหม่,1000000,รายชื่อสถานประกอบการ,นางวิไล อำไพจิตร,0,นาคอเรือ,2567,ฮอด
4379,ดูดทราย,เชียงใหม่,5,รายชื่อสถานประกอบการ,นางสาวพัชรี หอยแก้ว,2500000,ฮอด,2567,ฮอด
4380,ดูดทราย,เชียงใหม่,3,รายชื่อสถานประกอบการ,บริษัท ทรายสืบเจริญ จำกัด,1800000,ท่าตอน,2567,แม่อาย
4381,ดูดทราย,เชียงใหม่,1000000,รายชื่อสถานประกอบการ,ห้างหุ้นส่วนจำกัด บ้านตาลรุ่งเรืองกิจ,0,ฮอด,2567,ฮอด
4382,ดูดทราย,เชียงใหม่,5,รายชื่อสถานประกอบการ,ห้างหุ้นส่วนจำกัด ชมพูนุช 2014,2000000,ท่าตอน,2567,แม่อาย
4383,ดูดทราย,เชียงใหม่,1000000,รายชื่อสถานประกอบการ,บริษัท ท่าทราย ทรัพย์ทีเอ จำกัด,0,บงตัน,2567,ดอยเต่า
4384,ดูดทราย,เชียงใหม่,5,รายชื่อสถานประกอบการ,ห้างหุ้นส่วนจำกัด ธนะชัย แอสโซซิเอท,2500000,ฮอด,2567,ฮอด
4385,ดูดทราย,เชียงใหม่,1000000,รายชื่อสถานประกอบการ,ห้างหุ้นส่วนจำกัด บ้านตาล รีฟอร์มมิ่ง,0,บ้านตาล,2567,ฮอด
4386,ดูดทราย,เชียงใหม่,4,รายชื่อสถานประกอบการ,บริษัท ท่าทรายพูลทวี จำกัด,1400000,บ้านแปะ,2567,จอมทอง
4387,ดูดทราย,เชียงใหม่,9,รายชื่อสถานประกอบการ,บริษัท เอสทีดับบลิว แอสโซซิเอท จำกัด,14500000,เหมืองแก้ว,2567,แม่ริม
4388,ดูดทราย,เชียงใหม่,5,รายชื่อสถานประกอบการ,นายวัฒนา บุญวุฒิ,2500000,บงตัน,2567,ดอยเต่า
4389,ดูดทราย,เชียงใหม่,4,รายชื่อสถานประกอบการ,นางไดโมนา ตาวิราศ,1400000,ฮอด,2567,ฮอด
4390,ดูดทราย,เชียงใหม่,4,รายชื่อสถานประกอบการ,ห้างหุ้นส่วนจำกัด ทราย ชมปิง,1400000,ฮอด,2567,ฮอด
4391,ดูดทราย,เชียงใหม่,5,รายชื่อสถานประกอบการ,บริษัท ลานนา นคราทร จำกัด,2500000,บ้านแปะ,2567,จอมทอง
4392,ดูดทรายเพื่อการจำหน่าย,เชียงใหม่,0,รายชื่อสถานประกอบการ,ท่าทรายฮอดทรายงาม,0,ฮอด,2567,ฮอด
4393,ดูดทราย,เชียงใหม่,5,รายชื่อสถานประกอบการ,ท่าทราย นิลาวันวิริยะ,2800000,ท่าตอน,2567,แม่อาย
4394,ดูดทราย,เชียงใหม่,200000,รายชื่อสถานประกอบการ,พูลทวีทรายทอง,0,ฮอด,2567,ฮอด
4395,ดูดทราย,เชียงใหม่,7,รายชื่อสถานประกอบการ,นายบุญสืบ อำไพจิตร,4000000,ฮอด,2567,ฮอด
4396,ดูดทราย,เชียงใหม่,500000,รายชื่อสถานประกอบการ,นายสุริยะ สุขประเสริฐ,0,ฮอด,2567,ฮอด
4397,ดูดทราย,เชียงใหม่,1000000,รายชื่อสถานประกอบการ,บริษัท ทราย เพิ่มพูล จำกัด,0,นาคอเรือ,2567,ฮอด
4398,ดูดทราย,เชียงใหม่,3000000,รายชื่อสถานประกอบการ,นายสุเทพ สุทายะ,0,ฮอด,2567,ฮอด
4399,ดูดทรายและคัดแยกขนาดกรวดทราย,เชียงใหม่,5,รายชื่อสถานประกอบการ,ห้างหุ้นส่วนจำกัด กษิดิศ แอลพีเอ็น,4000000,หางดง,2567,ฮอด
4400,ดูดทราย,เชียงใหม่,1000000,รายชื่อสถานประกอบการ,ห้างหุ้นส่วนจำกัด เดอะพีเอ็นซี,0,นาคอเรือ,2567,ฮอด
4401,เลื่อย ไส ซอย เซาะร่อง ไม้ทุกชนิดด้วยเครื่องจักร,เชียงใหม่,0,รายชื่อสถานประกอบการ,บริษัท เชียงใหม่ สุขสวัสดิ์ จำกัด,0,ฟ้าฮ่าม,2567,เมืองเชียงใหม่
4402,แปรรูปไม้เพื่อผลิตไม้แปรรูป,เชียงใหม่,5000000,รายชื่อสถานประกอบการ,บริษัท เชียงใหม่สุดาลักษณ์ จำกัด (โรงเลื่อยจักร),0,ต้นเปา,2567,สันกำแพง
4403,โรงเลื่อยจักร แปรรูปไม้,เชียงใหม่,3000000,รายชื่อสถานประกอบการ,โรงงาน ตนานุวัฒน์,0,แม่เหียะ,2567,เมืองเชียงใหม่
4404,ไสและซอยไม้,เชียงใหม่,1000000,รายชื่อสถานประกอบการ,นายนพรัตน์ นิมมานวัฒนา,0,น้ำแพร่,2567,หางดง
4405,"ทำวงกบประตู-หน้าต่าง,เครื่องเรือนจากไม้",เชียงใหม่,1000000,รายชื่อสถานประกอบการ,ห้างหุ้นส่วนจำกัด ส.สยามคาร์เพนเตอร์,0,สันกลาง,2567,สันป่าตอง
4406,ทำวงกบ ประตู หน้าต่าง และเครื่องเรือนจากไม้,เชียงใหม่,19100000,รายชื่อสถานประกอบการ,บริษัท เกรทเชียงใหม่ จำกัด,0,หนองป่าครั่ง,2567,เมืองเชียงใหม่
4407,"ผลิตวงกบประตูหน้าต่างและบาน,ผลิตเฟอร์นิเจอร์ เครื่องเรือนเครื่องใช้ ไม้คิวไม้บัวฉลุลายไม้กลึง",เชียงใหม่,15,รายชื่อสถานประกอบการ,,1100000,สันกลาง,2567,สันกำแพง
4408,"ทำวงกบประตู-หน้าต่าง,เครื่องเรือนจากไม้",เชียงใหม่,15,รายชื่อสถานประกอบการ,,4500000,ขี้เหล็ก,2567,แม่ริม
4409,ทำเครื่องเรือน เครื่องใช้ในบ้านเรือน ปาร์เก้ โมเสค ไม้คิ้ว ไม้บัว ไม้กั้นฝ้า ไม้กันเปื้อน ไม้ฉลุ ซี่ลูกกรง ราวบันได โดยใช้ไม้แปรรูป,เชียงใหม่,30,รายชื่อสถานประกอบการ,โรงงานแปรรูปไม้ บริษัท บ้านสวยสวนงาม จำกัด,3856000,แม่หอพระ,2567,แม่แตง
4410,ทำวงกบ ประตู-หน้าต่างจากไม้,เชียงใหม่,1000000,รายชื่อสถานประกอบการ,บริษัท เจริญชาติ จำกัด,0,หนองแหย่ง,2567,สันทราย
4411,ทำส่วนประกอบที่ทำด้วยไม้ของอาคาร เครื่องเรือนหรือเครื่องตบแต่งภายในอาคารจากไม้,เชียงใหม่,22,รายชื่อสถานประกอบการ,ล้านนาเรือนโบราณ,3320000,สันโป่ง,2567,แม่ริม
4412,ทำวงกบ-ประตูหน้าต่างและเครื่องเรือนจากไม้,เชียงใหม่,24,รายชื่อสถานประกอบการ,บริษัท วู๊ด อาร์ต ดี ซายน์ จำกัด,1250000,น้ำแพร่,2567,หางดง
4413,ทำเครื่องเรือน เครื่องใช้ในบ้านเรือน วงกบประตู หน้าต่าง ปาร์เก้ โมเสค ไม้คิ้วประสาน แกะสลัก ขัด กลึง โดยใช้ไม้แปรรูป เศษไม้,เชียงใหม่,5,รายชื่อสถานประกอบการ,บริษัท ซีตี้ วู้ด อินดัสตรี จำกัด,16000000,เชิงดอย,2567,ดอยสะเก็ด
4414,โรงงานประกอบกิจการเกี่ยวกับไม้ (การถนอมเนื้อไม้ หรือการอบไม้),เชียงใหม่,15,รายชื่อสถานประกอบการ,บริษัท เชียงใหม่สุขสวัสดิ์ จำกัด (สาขา 00001),3000000,เชิงดอย,2567,ดอยสะเก็ด
4415,ผลิตพื้นไม้ บ้านเล็กสำเร็จรูป ฝาและผนักประดับบ้านภายในและภายนอก และผลิตภัณฑ์ไม้ไผ่ และไม้ทั่วไปอบพร้อมใช้งาน,เชียงใหม่,24,รายชื่อสถานประกอบการ,บริษัท ชาเลท์ แอนด์ แบมบู จำกัด,14257730,หนองควาย,2567,หางดง
4416,ผลิตเฟอร์นิเจอร์ไม้ และผลิตภัณฑ์จากไม้,เชียงใหม่,20,รายชื่อสถานประกอบการ,แซนทารา ลักซ์ เฟอร์นิเจอร์,2000000,ทุ่งต้อม,2567,สันป่าตอง
4417,ทำเครื่องใช้ เครื่องเล่นจากไม้,เชียงใหม่,27,รายชื่อสถานประกอบการ,บริษัท คิดดี้ทอยส์ แอนด์ เกมส์ จำกัด,11500000,ยุหว่า,2567,สันป่าตอง
4418,ทำผลิตภัณฑ์จากไม้ ภาชนะบรรจุ เครื่องใช้จากไม้,เชียงใหม่,500000,รายชื่อสถานประกอบการ,โคมกนก,0,แม่คือ,2567,ดอยสะเก็ด
4419,ผลิตเฟอร์นิเจอร์ไม้ และผลิตภัณท์จากไม้,เชียงใหม่,20,รายชื่อสถานประกอบการ,นางสาวถนอมใจ หิรัญรัตน์,5000000,ป่าป้อง,2567,ดอยสะเก็ด
4420,ทำผลิตภัณฑ์จากไม้นอกประเภทหวงห้าม เช่น ภาชนะบรรจุ เครื่องใช้จากไม้ เครื่องตกแต่งภายในอาคารจากไม้ แกะสลักต่างๆ พร้อมประดับด้วยกระจกสี,เชียงใหม่,16,รายชื่อสถานประกอบการ,บริษัท ทัช ออฟ คลาส จำกัด,8800000,ขุนคง,2567,หางดง
4421,ผลิตเฟอร์นิเจอร์ และอุปกรณ์ตกแต่งบ้านจากไม้,เชียงใหม่,20,รายชื่อสถานประกอบการ,บริษัท มูนเลอร์ คอลเลคชั่น จำกัด,2500000,สำราญราษฎร์,2567,ดอยสะเก็ด
4422,ผลิตของเล่นเด็ก เกมส์ และผลิตภัณฑ์อื่นๆ จากไม้,เชียงใหม่,500000,รายชื่อสถานประกอบการ,โรงงาน บอล บอล เกมส์,0,ท่าวังตาล,2567,สารภี
4423,ผลิตเฟอร์นิเจอร์จากไม้,เชียงใหม่,10,รายชื่อสถานประกอบการ,ห้างหุ้นส่วนจำกัด บี.เอช.เนเจอร์วูด,11000000,แม่ข่า,2567,ฝาง
4424,ผลิตและส่งออกตลับไม้ กรอบรูป และเชิงเทียน,เชียงใหม่,10000000,รายชื่อสถานประกอบการ,บริษัท วาสนาคอลเล็คชั่น จำกัด,0,สันกำแพง,2567,สันกำแพง
4425,ทำเครื่องใช้จากไม้ฉำฉา เช่น เครื่องเล่น,เชียงใหม่,3000,รายชื่อสถานประกอบการ,สมบัติเกมส์ไม้,0,สันกลาง,2567,สันกำแพง
4426,ผลิตตลับไม้ กรอบรูปไม้ และเชิงเทียนจากโลหะ,เชียงใหม่,1000000,รายชื่อสถานประกอบการ,บริษัท วาสนาคอลเลคชั่น จำกัด,0,สันกำแพง,2567,สันกำแพง
4427,ทำภาชนะบรรจุ เครื่องมือ หรือเครื่องใช้จากไม้และรวมถึงชิ้นส่วนของผลิตภัณฑ์ ดังกล่าว และทำกรอบรูปหรือกรอบกระจกจากไม้,เชียงใหม่,6000000,รายชื่อสถานประกอบการ,บริษัท โค-ลาโบ วูด สตูดิโอ จำกัด,0,ออนกลาง,2567,แม่ออน
4428,ทำเครื่องใช้จากไม้,เชียงใหม่,8,รายชื่อสถานประกอบการ,ห้างหุ้นส่วนจำกัด เปี๊ยกแอนติค,3250000,หนองแก๋ว,2567,หางดง
4429,ทำเครื่องเรือน เครื่องมือ เครื่องใช้หรือภาชนะบรรจุจากไม้ หรือทำกรอบรูปหรือกรอบกระจกจากไม้ ทำเครื่องเล่นหรือของเล่นจากไม้,เชียงใหม่,14,รายชื่อสถานประกอบการ,ส.ประดิษฐกรรม,1100000,สันทรายน้อย,2567,สันทราย
4430,ทำผลิตภัณฑ์จากไม้ และเครื่องใช้จากไม้,เชียงใหม่,25,รายชื่อสถานประกอบการ,บริษัท เชียงใหม่ พิพัฒน์ คราฟวิ่ง จำกัด,21000000,หนองแก๋ว,2567,หางดง
4431,แกะสลักไม้ เครื่องเรือน เครื่องตกแต่งภายในอาคารจากไม้,เชียงใหม่,3,รายชื่อสถานประกอบการ,ไม้ขัดทอง,2800000,น้ำแพร่,2567,หางดง
4432,ทำกรอบรูปจากไม้,เชียงใหม่,3505000,รายชื่อสถานประกอบการ,บริษัท เอส เค บี สยามโปรดัก จำกัด,0,ป่าป้อง,2567,ดอยสะเก็ด
4433,ทำเฟอร์นิเจอร์จากไม้ ไม้ไผ่ หวาย และผักตบชวา,เชียงใหม่,80,รายชื่อสถานประกอบการ,นางวาสนา แก้วสีขาว,3700000,บ้านแหวน,2567,หางดง
4434,ทำเครื่องเรือน และเฟอร์นิเจอร์จากไม้ แกะสลักไม้,เชียงใหม่,100,รายชื่อสถานประกอบการ,นางสาวปิยพร เปรมนิรันดร,11000000,หนองควาย,2567,หางดง
4435,ผลิตเฟอร์นิเจอร์ไม้,เชียงใหม่,500000,รายชื่อสถานประกอบการ,นรินทร์ อิ่นแก้ว,0,ขุนคง,2567,หางดง
4436,ผลิตและจำหน่ายสินค้าตบแต่งบ้าน โคมไฟ และผลิตภัณฑ์จากไม้อื่นๆ,เชียงใหม่,35,รายชื่อสถานประกอบการ,บริษัท สุนา ลิฟวิ่ง จำกัด,2000000,ขุนคง,2567,หางดง
4437,ผลิตเครื่องเรือน เครื่องตบแต่งภายในอาคารจากไม้,เชียงใหม่,5000000,รายชื่อสถานประกอบการ,บริษัท เอพลัสเฟอร์นิเจอร์ จำกัด,0,เหมืองแก้ว,2567,แม่ริม
4438,"ทำเครื่องเรือน,เครื่องใช้จากไม้,ตบแต่งสีไม้แกะสลัก",เชียงใหม่,6000000,รายชื่อสถานประกอบการ,บริษัท เชียงใหม่ พิพัฒน์คราฟวิ่ง จำกัด,0,หนองแก๋ว,2567,หางดง
4439,ทำเครื่องเรือนจากไม้ หรือเครื่องตบแต่งในอาคารจากไม้,เชียงใหม่,1500000,รายชื่อสถานประกอบการ,บริษัท รีแลกซ์คอมฟอร์ท จำกัด,0,หนองผึ้ง,2567,สารภี
4440,ทำเครื่องเรือนและเครื่องตบแต่งภายในอาคารจากไม้,เชียงใหม่,17500000,รายชื่อสถานประกอบการ,บริษัท วรวุฒิเฟอร์นิเจอร์ แอนด์ เดคคอร์ จำกัด,0,ป่าแดด,2567,เมืองเชียงใหม่
4441,ผลิตเฟอร์นิเจอร์และของตกแต่งบ้าน,เชียงใหม่,300000,รายชื่อสถานประกอบการ,โรงงานผลิตเฟอร์นิเจอร์ไม้,0,ขุนคง,2567,หางดง
4442,ผลิตเฟอร์นิเจอร์,เชียงใหม่,200000,รายชื่อสถานประกอบการ,สมบูรณ์-มาลี แอนติค,0,ขุนคง,2567,หางดง
4443,ผลิตเฟอร์นิเจอร์,เชียงใหม่,2000000,รายชื่อสถานประกอบการ,บริษัท จีซีคอลเลคชั่น จำกัด,0,หนองแก๋ว,2567,หางดง
4444,ผลิตเฟอร์นิเจอร์,เชียงใหม่,1000000,รายชื่อสถานประกอบการ,บริษัท อาร์.จี.อัส วู้ด จำกัด,0,ออนใต้,2567,สันกำแพง
4445,ทำเครื่องเรือนและเครื่องใช้จากไม้,เชียงใหม่,20,รายชื่อสถานประกอบการ,สหกรณ์หัตถกรรมเมืองเชียงใหม่ จำกัด,1550000,ต้นเปา,2567,สันกำแพง
4446,"ทำเฟอร์นิเจอร์ไม้,เครื่องเรือนจากไม้,ไม้พื้นปาร์เก้,โมเสค",เชียงใหม่,2000000,รายชื่อสถานประกอบการ,ห้างหุ้นส่วนจำกัด เชียงใหม่ ทีค วีเนียร์,0,แช่ช้าง,2567,สันกำแพง
4447,ทำเฟอร์นิเจอร์ไม้ ผลิตภัณฑ์จากไม้ และออกแบบตกแต่งจากไม้,เชียงใหม่,8,รายชื่อสถานประกอบการ,บริษัท 09 ดีไซน์ เฟอร์นิเจอร์ จำกัด,936000,ต้นเปา,2567,สันกำแพง
4448,ทำเครื่องเรือนเครื่องใช้จากไม้,เชียงใหม่,2034728,รายชื่อสถานประกอบการ,บริษัท บี.ซี. อาร์ท จำกัด,0,สันกลาง,2567,สันกำแพง
4449,ทำเครื่องเรือน เครื่องใช้ในบ้านเรือน ปาร์เก้ โมเสค ของที่ระลึกโดยใช้ไม้แปรรูป,เชียงใหม่,2000000,รายชื่อสถานประกอบการ,มัลลิกาเฟอร์นิเจอร์,0,ต้นเปา,2567,สันกำแพง
4450,ทำเครื่องเรือนเครื่องใช้จากไม้,เชียงใหม่,2000000,รายชื่อสถานประกอบการ,ห้างหุ้นส่วนจำกัด มัลลิกา แกะสลัก,0,ต้นเปา,2567,สันกำแพง
4451,ทำเครื่องเรือนและของตกแต่งบ้านจากไม้,เชียงใหม่,2000000,รายชื่อสถานประกอบการ,นายณัฐพล โปธาตน,0,ขุนคง,2567,หางดง
4452,ทำเครื่องเรือนจากไม้ เช่น โต๊ะ ตู้ เตียง เก้าอี้ ฯลฯ,เชียงใหม่,1000000,รายชื่อสถานประกอบการ,บริษัท อะเมซิ่ง เนเชอร์ วู๊ดส์ จำกัด,0,น้ำแพร่,2567,หางดง
4453,ประดิษฐ์ ผลิต ซ่อมแซม เครื่องเรือน เครื่องใช้ เครื่องตกแต่างภายนอก ภายในอาคารทุกชนิดจากไม้,เชียงใหม่,40,รายชื่อสถานประกอบการ,บริษัท มูเทียร่า จำกัด,6000000,ยุหว่า,2567,สันป่าตอง
4454,ทำเฟอร์นิเจอร์ ผลิตภัณฑ์จากไม้และออกแบบตกแต่งภายใน,เชียงใหม่,30,รายชื่อสถานประกอบการ,บริษัท ปานา คอลเลคชั่น จำกัด,2000000,ขุนคง,2567,หางดง
4455,ทำเฟอร์นิเจอร์ไม้ ผลิตภัณฑ์จากไม้และเครื่องเรือน เครื่องใช้จากไม้,เชียงใหม่,2000000,รายชื่อสถานประกอบการ,บริษัท รวมไม้ จำกัด,0,สารภี,2567,สารภี
4456,ผลิตเฟอร์นิเจอร์และผลิตภัณฑ์จากไม้,เชียงใหม่,4,รายชื่อสถานประกอบการ,สินีนาฎเฟอร์นิเจอร์,500000,บวกค้าง,2567,สันกำแพง
4457,ทำเครื่องเรือน เครื่องตบแต่งภายในอาคาร เครื่องเล่นจากไม้,เชียงใหม่,3000000,รายชื่อสถานประกอบการ,บริษัท คิดตี้ทอยส์อินเตอร์เนชั่นแนล จำกัด,0,ยุหว่า,2567,สันป่าตอง
4458,ผลิตเฟอร์นิเจอร์จากไม้,เชียงใหม่,19,รายชื่อสถานประกอบการ,จิราภรณ์เฟอร์นิเจอร์,11800000,ขุนคง,2567,หางดง
4459,ทำเครื่องเรือน เฟอร์นิเจอร์ตกแต่งภายในอาคาร จากไม้,เชียงใหม่,2000000,รายชื่อสถานประกอบการ,บริษัท โค-ลาโบ วูด สตูดิโอ จำกัด,0,ออนกลาง,2567,แม่ออน
4460,ทำเครื่องเรือนหรือเครื่องตบแต่งภายในอาคารจากไม้ ทำวงกบ ขอบประตู ขอบหน้าต่าง ส่วนประกอบที่ทำด้วยไม้ของอาคาร ภาชนะบรรจุ เครื่องมือ หรือเครื่องใช้จากไม้ และทำกรอบรูปหรือกรอบกระจกจากไม้,เชียงใหม่,29,รายชื่อสถานประกอบการ,ส.สันกำแพง,5450000,ร้องวัวแดง,2567,สันกำแพง
4461,ทำเครื่องเรือนหรือเครื่องตบแต่งจากไม้ๆ,เชียงใหม่,150000,รายชื่อสถานประกอบการ,นายสาคร ไชยคำวัง,0,ตลาดขวัญ,2567,ดอยสะเก็ด
4462,"ผลิตจัดจำหน่ายเครื่องเรือนเฟอร์นิเจอร์ ,หัตถกรรม ใช้ในครัวเรือน ที่ผลิตจากไม้",เชียงใหม่,1000000,รายชื่อสถานประกอบการ,บริษัท สวิส ไทย วอเตอร์ โซลูชั่น จำกัด,0,ขุนคง,2567,หางดง
4463,ทำเครื่องเรือนและของตบแต่งจากไม้,เชียงใหม่,1000000,รายชื่อสถานประกอบการ,ห้างหุ้นส่วนจำกัด ดิ ออเรียลทอล ลานนา,0,ขี้เหล็ก,2567,แม่แตง
4464,ทำเครื่องเรือน หรือเครื่องตบแต่งจากไม้ เช่นโต๊ะหมู่บูชา,เชียงใหม่,1000000,รายชื่อสถานประกอบการ,ณฐมนสังฆภัณฑ์,0,ป่าลาน,2567,ดอยสะเก็ด
4465,ทำเครื่องเรือนหรือเครื่องตบแต่งภายในอาคารจากไม้,เชียงใหม่,1500000,รายชื่อสถานประกอบการ,บริษัท นภัสนันท์การค้าไม้ จำกัด,0,ป่าป้อง,2567,ดอยสะเก็ด
4466,ทำวงกบ ประตู หน้าต่าง และเครื่องเรื่อนจากไม้,เชียงใหม่,20,รายชื่อสถานประกอบการ,นายอรรถศาสตร์ พงษ์พานิชย์,6500000,สบเปิง,2567,แม่แตง
4467,ผลิตกระดาษสา,เชียงใหม่,3000000,รายชื่อสถานประกอบการ,ซี.เอส.พี เชียงใหม่กระดาษสา,0,แม่แฝก,2567,สันทราย
4468,ฆ่าสัตว์และชำแหละเนื้อสัตว์,เชียงใหม่,2500000,รายชื่อสถานประกอบการ,บริษัท จิตรุ่งเรืองกรุ๊ป จำกัด,0,สันกำแพง,2567,สันกำแพง
4469,โรงฆ่าสัตว์และแปรรูปเนื้อสัตว์เพื่อการทดลอง,เชียงใหม่,500000,รายชื่อสถานประกอบการ,กรมปศุสัตว์,0,ช้างเผือก,2567,เมืองเชียงใหม่
4470,ฆ่าและชำแหละไก่,เชียงใหม่,5000000,รายชื่อสถานประกอบการ,บริษัท ฟาร์ม 9 ไก่ฟู้ดส์ จำกัด,0,มะขามหลวง,2567,สันป่าตอง
4471,โรงฆ่าสุกรและแปรรูปผลิตภัณฑ์สุกร,เชียงใหม่,50,รายชื่อสถานประกอบการ,โรงงานแปรรูปสุกรแม่โจ้,35000000,หนองหาร,2567,สันทราย
4472,โรงฆ่าและชำแหละสัตว์ปีก,เชียงใหม่,900000,รายชื่อสถานประกอบการ,ไก่สดนันทา,0,หายยา,2567,เมืองเชียงใหม่
4473,ฆ่าสัตว์(สุกร),เชียงใหม่,30,รายชื่อสถานประกอบการ,บริษัท ชัยพัฒนา ฟาร์ม จำกัด,30000000,เชิงดอย,2567,ดอยสะเก็ด
4474,ฆ่าและชำแหละสุกร,เชียงใหม่,150000,รายชื่อสถานประกอบการ,โรงฆ่าสัตว์(สุกร),0,หนองบัว,2567,ไชยปราการ
4475,ฆ่าและชำแหละไก่,เชียงใหม่,5000000,รายชื่อสถานประกอบการ,ห้างหุ้นส่วนจำกัด ป.พุฒ ไก่สด,0,หนองแหย่ง,2567,สันทราย
4476,ทำผลิตภัณฑ์อาหารจากเนื้อสัตว์ มันสัตว์ หนังสัตว์ หรือสารสกัดจากไขสัตว์หรือกระดูกสัตว์,เชียงใหม่,6,รายชื่อสถานประกอบการ,บริษัท ไตรเทค 2005 (ประเทศไทย) จำกัด,17500000,แช่ช้าง,2567,สันกำแพง
4477,ทำลูกชิ้นเนื้อ และหมู,เชียงใหม่,4,รายชื่อสถานประกอบการ,ลูกชิ้นบุญเสริม,850000,สันโป่ง,2567,แม่ริม
4478,เกี่ยวกับผลิตภัณฑ์จากผึ้ง และน้ำผึ้ง เช่น เครื่องดื่ม น้ำส้มสายชูหมักจากน้ำผึ้ง สบู่น้ำผึ้ง สบู่นมน้ำผึ้ง สบู่พรอพอลิส และอื่นๆ และสบู่ แชมพู หรือผลิตภัณฑ์สำหรับชะล้างหรือขัดถู เครื่องสำอาง หรือสิ่งปรุงแต่งร่างกาย ,เชียงใหม่,11,รายชื่อสถานประกอบการ,บริษัท เชียงใหม่ เฮลตี้ โปรดักส์ จำกัด,58250000,ชมภู,2567,สารภี
4479,"ทำลูกชิ้นเนื้อ,หมู",เชียงใหม่,500000,รายชื่อสถานประกอบการ,ลูกชิ้นมีชัย,0,ป่าแดด,2567,เมืองเชียงใหม่
4480,ผลิตลูกชิ้นเนื้อ หมู และไก่,เชียงใหม่,200000,รายชื่อสถานประกอบการ,ลูกชิ้นวัญนา,0,สันโป่ง,2567,แม่ริม
4481,ทำลูกชิ้นและหมูยอ,เชียงใหม่,200000,รายชื่อสถานประกอบการ,โรงงานพรสวรรค์,0,ต้นเปา,2567,สันกำแพง
4482,ทำกุนเชียง หมูหยอง,เชียงใหม่,1500000,รายชื่อสถานประกอบการ,บริษัท จิง จิง เฮียงเชียงใหม่ จำกัด,0,ท่าวังตาล,2567,สารภี
4483,แปรรูปผลิตภัณฑ์จากผึ้ง,เชียงใหม่,1000000,รายชื่อสถานประกอบการ,บริษัท ฟาร์มผึ้งพัฒนกิจ จำกัด,0,หนองผึ้ง,2567,สารภี
4484,แปรรูปผลิตภัณฑ์อาหารจากเนื้อสัตว์,เชียงใหม่,1000000,รายชื่อสถานประกอบการ,ลูกชิ้นพรสวรรค์,0,ต้นเปา,2567,สันกำแพง
4485,ผลิตผลิตภัณฑ์จากผึ้ง เช่น น้ำผึ้ง ไขผึ้ง เกสรผึ้ง นมผึ้ง,เชียงใหม่,10,รายชื่อสถานประกอบการ,บริษัท ฮันนี่ โพลีพลัส จำกัด,12000000,ท่าศาลา,2567,เมืองเชียงใหม่
4486,ผลิตอาหารจากเนื้อสัตว์ เช่น ไส้กรอก แฮม เบอร์เกอร์ ปาเต้,เชียงใหม่,6,รายชื่อสถานประกอบการ,บริษัท จีบุส ฟู้ดส์ โปรดักส์ จำกัด,8500000,ท่าศาลา,2567,เมืองเชียงใหม่
4487,การล้าง ชำแหละ แกะ ต้ม นึ่ง ทอด หรือบดสัตว์หรือส่วนหนึ่งส่วนใดของสัตว์ และห้องเย็น,เชียงใหม่,12,รายชื่อสถานประกอบการ,ห้างหุ้นส่วนจำกัด ราชา มีทฟู้ดส์,10500000,ขี้เหล็ก,2567,แม่แตง
4488,ชำแหละ ตัดแต่ง ชิ้นส่วนสุกรและแปรรูปเนื้อสัตว์,เชียงใหม่,77,รายชื่อสถานประกอบการ,บริษัท ซีพีเอฟ (ประเทศไทย) จำกัด (มหาชน),90000000,สันกลาง,2567,สันป่าตอง
4489,แปรรูปรังนกนางแอ่น,เชียงใหม่,5000000,รายชื่อสถานประกอบการ,บริษัท กู๊ดฟอร์จูนเอเชีย จำกัด,0,ขุนคง,2567,หางดง
4490,แปรรูปผลิตภัณฑ์จากไข่ และคัดบรรจุไข่,เชียงใหม่,11,รายชื่อสถานประกอบการ,บริษัท ซีพีเอฟ (ประเทศไทย) จำกัด (มหาชน),206500000,ห้วยทราย,2567,สันกำแพง
4491,อัดเศษกระดาษ,เชียงใหม่,200000,รายชื่อสถานประกอบการ,ส.วิวัฒน์พานิช,0,หนองหอย,2567,เมืองเชียงใหม่
4492,อัดเศษกระดาษเก่า,เชียงใหม่,2000000,รายชื่อสถานประกอบการ,โรงอัดเศษกระดาษสารภี,0,สารภี,2567,สารภี
4493,ทำผลิตภัณฑ์จากกระดาษสา,เชียงใหม่,5499803,รายชื่อสถานประกอบการ,ห้างหุ้นส่วนจำกัด เชียงใหม่อินเตอร์เนชั่นแนล เดค,0,สันกำแพง,2567,สันกำแพง
4494,พิมพ์สิ่งพิมพ์ต่าง ๆ,เชียงใหม่,500000,รายชื่อสถานประกอบการ,บริษัท โชตนาพริ้นท์ จำกัด,0,ศรีภูมิ,2567,เมืองเชียงใหม่
4495,พิมพ์สิ่งพิมพ์ต่างๆ,เชียงใหม่,0,รายชื่อสถานประกอบการ,ห้างหุ้นส่วนจำกัด สยามรัตน,0,ช้างคลาน,2567,เมืองเชียงใหม่
4496,ผลิตปุ๋ยเคมี,เชียงใหม่,750000,รายชื่อสถานประกอบการ,มหาลาภ,0,ร้องวัวแดง,2567,สันกำแพง
4497,ผลิตปุ๋ยอินทรีย์ (ปุ๋ยหมัก) และปุ๋ยอินทรีย์เคมี,เชียงใหม่,500000,รายชื่อสถานประกอบการ,บริษัท เชียงใหม่ฮิวโมสท์ จำกัด,0,แช่ช้าง,2567,สันกำแพง
4498,ผลิตปุ๋ยอินทรีย์,เชียงใหม่,7500000,รายชื่อสถานประกอบการ,บริษัท เนเจอรอล อะกรีคัลเจอร์ จำกัด,0,แม่หอพระ,2567,แม่แตง
4499,ผลิตปุ๋ยอินทรีย์-ชีวภาพ,เชียงใหม่,8815000,รายชื่อสถานประกอบการ,บริษัท มอนทรีโอ้ ค๊อฟฟี่ จำกัด,0,ดอยหล่อ,2567,ดอยหล่อ
4500,การผลิตวัตถุที่รับรองไว้ในตำรายาที่รัฐมนตรีว่าการกระทรวงสาธารณสุขประกาศและการผลิตวัตถุที่มุ่งหมายสำหรับใช้ในการวิเคราะห์ บำบัด บรรเทา รักษา หรือป้องกันโรคหรือความเจบป่วยของมนุษย์หรือสัตว์,เชียงใหม่,11,รายชื่อสถานประกอบการ,แคนน์ดู ฟาร์ม่า,35983160,ขี้เหล็ก,2567,แม่แตง
4501,เกี่ยวกับการผลิตวัตถุที่รับรองไว้ในตำรายาที่รัฐมนตรีว่าการกระทรวงสาธารณสุขประกาศและการผลิตวัตถุที่มุ่งหมายสำหรับใช้ในการวิเคราะห์ บำบัด บรรเทา รักษา หรือป้องกันโรคหรือความเจ็บป่วยของมนุษย์หรือสัตว์,เชียงใหม่,13,รายชื่อสถานประกอบการ,บริษัท ดีท็อกซ์ (ประเทศไทย) จำกัด,66000000,น้ำแพร่,2567,หางดง
4502,ผลิตยารักษาโรคแผนปัจจุบัน เช่น ยาเม็ด ยารูปแบบของเหลว ยาครีม ยาเหน็บ ที่มีสารสกัดจากกัญชง เป็นต้น,เชียงใหม่,33,รายชื่อสถานประกอบการ,บริษัท ซาลัส ไบโอซูติคอล (ประเทศไทย) จำกัด,354575000,เชิงดอย,2567,ดอยสะเก็ด
4503,การสกัดสมุนไพรทำเครื่องสำอาง ยาสมุนไพร และอาหารเสริม,เชียงใหม่,30,รายชื่อสถานประกอบการ,บริษัท ซีเอ็มซี แอสโซซิเอทส์ จำกัด,32000000,แม่นะ,2567,เชียงดาว
4504,โรงงานประกอบกิจการเกี่ยวกับ ยา การผลิตวัตถุที่มุ่งหมายสำหรับใช้ในการวิเคราะห์ บำบัด บรรเทา รักษาหรือป้องกันโรค หรือความเจ็บป่วยของมนุษย์ หรือสัตว์,เชียงใหม่,21,รายชื่อสถานประกอบการ,บริษัท ดีท็อกซ์(ประเทศไทย) จำกัด,8500000,น้ำแพร่,2567,หางดง
4505,การผลิตน้ำยาทำความสะอาด,เชียงใหม่,40000000,รายชื่อสถานประกอบการ,บริษัท เค.ซี.ซี.พี. 2011 กรุ๊ป จำกัด,0,ป่าบง,2567,สารภี
4506,ผลิตสบู่และเครื่องสำอางค์ สมุนไพร,เชียงใหม่,5000000,รายชื่อสถานประกอบการ,บริษัท เฮิร์บ เบสิคส์ จำกัด,0,หารแก้ว,2567,หางดง
4507,ผลิต-จำหน่าย เครื่องสำอาง อาหารเสริม สารสกัด,เชียงใหม่,5,รายชื่อสถานประกอบการ,บริษัท เอส.ที.ดี เมติกส์ จำกัด,31954217.27,หนองหาร,2567,สันทราย
4508,ผลิตพาราฟินแวกซ์,เชียงใหม่,13,รายชื่อสถานประกอบการ,บริษัท อุนนดา จำกัด,13500000,ป่าป้อง,2567,ดอยสะเก็ด
4509,ผลิตถ่านกัมมันต (ACTIVATED CARBON) และเครื่องกรองน้ำ,เชียงใหม่,7,รายชื่อสถานประกอบการ,พี เอ คาร์บอน,2100000,ตลาดใหญ่,2567,ดอยสะเก็ด
4510,ผลิตเทียนหอม,เชียงใหม่,90,รายชื่อสถานประกอบการ,บริษัท ที.ที.ที.แคนเดิล จำกัด,20050000,สันผักหวาน,2567,หางดง
4511,ทำเทียนหอมและเทียนไข,เชียงใหม่,1000000,รายชื่อสถานประกอบการ,บริษัท ดาเลี่ยน ทาเล้น โฮม เดคอร์(ไทย) จำกัด,0,บ้านกลาง,2567,สันป่าตอง
4512,ทำผลิตภัณฑ์นม,เชียงใหม่,1000000,รายชื่อสถานประกอบการ,บริษัท เชียงใหม่ เฟรชมิลค์ จำกัด,0,ท่าวังตาล,2567,สารภี
4513,ผลิตนมพลาสเจอร์ไรส์ และ ยู.เอช.ที,เชียงใหม่,0,รายชื่อสถานประกอบการ,บริษัท โกลด์มิลค์ จำกัด,0,ชมภู,2567,สารภี
4514,การทำนมสดให้ไร้เชื้อ หรือฆ่าเชื้อ โดยวิธีการใดวิธีการหนึ่ง เช่น การพาสเจอร์ไรส์,เชียงใหม่,394318328.66,รายชื่อสถานประกอบการ,สหกรณ์โคนมการเกษตรไชยปราการ จำกัด,0,ศรีดงเย็น,2567,ไชยปราการ
4515,ผลิตแอสฟัลท์ติกคอนกรีต,เชียงใหม่,500000,รายชื่อสถานประกอบการ,ห้างหุ้นส่วนจำกัด ปราการวิศวะก่อสร้าง,0,แม่สูน,2567,ฝาง
4516,ผลิตแอสฟัลท์ติกคอนกรีต,เชียงใหม่,10000000,รายชื่อสถานประกอบการ,บริษัท อัครโยธิน จำกัด,0,บงตัน,2567,ดอยเต่า
4517,ผลิตแอสฟัลท์ติกคอนกรีต,เชียงใหม่,3000000,รายชื่อสถานประกอบการ,บริษัท เชียงใหม่ 49 คอนสตรัคชั่น จำกัด,0,มะขุนหวาน,2567,สันป่าตอง
4518,ผลิตแอสฟัลท์ติกคอนกรีต,เชียงใหม่,5000000,รายชื่อสถานประกอบการ,ห้างหุ้นส่วนจำกัด ขนุนแดงคอนสตรัคชั่น,0,เวียง,2567,ฝาง
4519,ผลิตแอสฟัลส์ติกคอนกรีต,เชียงใหม่,10000000,รายชื่อสถานประกอบการ,ห้างหุ้นส่วนจำกัด เชียงใหม่ศรีอัมภาการก่อสร้าง,0,น้ำแพร่,2567,หางดง
4520,ผลิตแอสฟัลท์ติกคอนกรีต,เชียงใหม่,6,รายชื่อสถานประกอบการ,บริษัท สุขุมการโยธา จำกัด,89048450,ฮอด,2567,ฮอด
4521,ผลิตแอสฟัลท์ติกคอนกรีต,เชียงใหม่,10000000,รายชื่อสถานประกอบการ,ห้างหุ้นส่วนจำกัด ธนะชัย แอสโซซิเอท,0,หนองหาร,2567,สันทราย
4522,ผลิตแอสฟัลติกคอนกรีต,เชียงใหม่,3,รายชื่อสถานประกอบการ,ห้างหุ้นส่วนจำกัด ธัญญลักษณ์เอ็นจิเนียริ่ง,30350000,บ้านกาด,2567,แม่วาง
4523,ผลิตแอสฟัลส์ติคคอนกรีต,เชียงใหม่,10000000,รายชื่อสถานประกอบการ,บริษัท อัครโยธิน จำกัด,0,ยางเปียง,2567,อมก๋อย
4524,ทำคอนกรีตแอสฟัลต์,เชียงใหม่,15,รายชื่อสถานประกอบการ,บริษัท เชียงใหม่สหวิศวโยธาการ จำกัด,21000000,ยางเนิ้ง,2567,สารภี
4525,ผลิตแอสฟัลต์คอนกรีต สำหรับงานปรับปรุงผิวทางแอสฟัลต์คอนกรีต โดยนำแอสฟัลต์เดิมกลับมาใช้ใหม่ด้วยวิธี Asphalt Hot Mix in plant Recycling กำลังการผลิต 60 ตันต่อชั่วโมง,เชียงใหม่,5000000,รายชื่อสถานประกอบการ,บริษัท บลูแลนด์ เอ็นจิเนียริ่ง จำกัด,0,บ้านตาล,2567,ฮอด
4526,โรงงานยางแอสฟัลท์ติกคอนกรีตผสมเสร็จ,เชียงใหม่,10000000,รายชื่อสถานประกอบการ,บริษัท เชียงใหม่ เอส.พี คอนสตรัคชั่น จำกัด,0,บวกค้าง,2567,สันกำแพง
4527,ผลิตแอสฟัลต์ติกคอนกรีต,เชียงใหม่,200000,รายชื่อสถานประกอบการ,บริษัท กาญจนาธุรกิจก่อสร้าง จำกัด,0,ร้องวัวแดง,2567,สันกำแพง
4528,ผลิตแอสฟัลท์ติกคอนกรีต,เชียงใหม่,10000000,รายชื่อสถานประกอบการ,บริษัท บลูแลนด์ เอ็นจิเนียริ่ง จำกัด,0,บ้านตาล,2567,ฮอด
4529,โรงงานผลิตแอสฟัลท์ติกคอนกรีต,เชียงใหม่,1000000,รายชื่อสถานประกอบการ,บริษัท เชียงใหม่ศรีสุนทร จำกัด,0,อินทขิล,2567,แม่แตง
4530,ผลิตแอสฟัลท์ติกคอนกรีต,เชียงใหม่,5000000,รายชื่อสถานประกอบการ,บริษัท ภาคเหนือวัสดุ จำกัด,0,ดอยหล่อ,2567,ดอยหล่อ
4531,ผลิตแอสฟัสท์ติกคอนกรีต,เชียงใหม่,16,รายชื่อสถานประกอบการ,ห้างหุ้นส่วนจำกัด ธนาทรัพย์การโยธา,30660000,ขี้เหล็ก,2567,แม่แตง
4532,ผลิตแอสฟัลท์ติกคอนกรีต,เชียงใหม่,2000000,รายชื่อสถานประกอบการ,บริษัท ทีแพค แอสฟัลท์ติก แอนด์ คอนกรีต จำกัด,0,ดอยหล่อ,2567,ดอยหล่อ
4533,ผลิตแอสฟัลต์ติกคอนกรีต,เชียงใหม่,1000000,รายชื่อสถานประกอบการ,บริษัท เชียงใหม่ สหศิลา จำกัด,0,ศรีดงเย็น,2567,ไชยปราการ
4534,ผลิตแอสฟัลติกคอนกรีต,เชียงใหม่,1000000,รายชื่อสถานประกอบการ,ห้างหุ้นส่วนจำกัด ลำธาร คอนสตรัคชั่น,0,ดอยหล่อ,2567,ดอยหล่อ
4535,ผลิตแอสฟัลท์ติกคอนกรีต,เชียงใหม่,10000000,รายชื่อสถานประกอบการ,บริษัท ภาคเหนือวัสดุ จำกัด,0,บ้านแอ่น,2567,ดอยเต่า
4536,ผลิตแอสฟิลท์ติกคอนกรีต,เชียงใหม่,3000000,รายชื่อสถานประกอบการ,ห้างหุ้นส่วนจำกัด เอ.เอ็น.วี. สำรวจและรังวัด,0,ขี้เหล็ก,2567,แม่ริม
4537,ผลิตแอสฟัลท์ติกคอนกรีต,เชียงใหม่,10000000,รายชื่อสถานประกอบการ,บริษัท ภาคเหนือวัสดุ จำกัด,0,บ้านแอ่น,2567,ดอยเต่า
4538,ผลิตแอสฟัลท์ติกคอนกรีต,เชียงใหม่,7,รายชื่อสถานประกอบการ,บริษัท อีเกิ้ล อิมพอร์ต แอนด์ เอ็กซ์พอร์ต อินเตอร์เนชั่นแนล จำกัด,38000000,บ้านแอ่น,2567,ดอยเต่า
4539,ผลิตซีนกันน้ำมัน,เชียงใหม่,300000,รายชื่อสถานประกอบการ,บริษัท อิเทอร์นัล เอ็นเตอร์ไพรส์ จำกัด,0,แม่เหียะ,2567,เมืองเชียงใหม่
4540,บดย่อยยางรถยนต์,เชียงใหม่,100000,รายชื่อสถานประกอบการ,บริษัท คอนติเนนตัล แพลทฟอร์ม (ไทยแลนด์) จำกัด,0,ดอนเปา,2567,แม่วาง
4541,ผลิตฟองน้ำ ตัดฟองน้ำ ทำชิ้นส่วนเครื่องเรือน,เชียงใหม่,2000000,รายชื่อสถานประกอบการ,บริษัท เคียงดอย โปรดักส์ จำกัด,0,ยุหว่า,2567,สันป่าตอง
4542,ผลิตอุปกรณ์ผ้าม่าน,เชียงใหม่,2000000,รายชื่อสถานประกอบการ,อี.พี.เดคคอร์ (ประเทศไทย),0,หนองหาร,2567,สันทราย
4543,"ทำผลิตภัณฑ์พลาสติก เช่น ขวด,แก้วน้ำ",เชียงใหม่,1000000,รายชื่อสถานประกอบการ,พลาสติกเก้ายอด,0,สง่าบ้าน,2567,ดอยสะเก็ด
4544,ผลิตผ้าใยสังเคราะห์(สำหรับใช้ในงานก่อสร้าง),เชียงใหม่,5000000,รายชื่อสถานประกอบการ,บริษัท เกเบี้ยน โปรดักส์ แอนด์ ซัพพลาย จำกัด,0,ดอยหล่อ,2567,ดอยหล่อ
4545,ทำถุงพลาสติก,เชียงใหม่,2100000,รายชื่อสถานประกอบการ,ยิ้มเจริญพลาสติก,0,ป่าไผ่,2567,สันทราย
4546,ผลิตถุงพลาสติก,เชียงใหม่,15,รายชื่อสถานประกอบการ,ห้างหุ้นส่วนจำกัด บุญตาอุตสาหกรรมพลาสติก,4500000,ดอนแก้ว,2567,สารภี
4547,ผลิตผลิตภัณฑ์พลาสติก,เชียงใหม่,4000000,รายชื่อสถานประกอบการ,บริษัท รวมเเพคส์ พลาสติก จำกัด,0,สารภี,2567,สารภี
4548,ผลิตภาชนะบรรจุจากพลาสติก เช่น ขวดพลาสติกใส,เชียงใหม่,6000000,รายชื่อสถานประกอบการ,บริษัท วันทูวัน นอร์ท จำกัด,0,ชมภู,2567,สารภี
4549,ผลิตถังน้ำและถังบำบัดน้ำเสีย,เชียงใหม่,2000000,รายชื่อสถานประกอบการ,บริษัท เจริญมิตรเชียงใหม่ จำกัด,0,แช่ช้าง,2567,สันกำแพง
4550,ผลิตกระสอบสานพลาสติก,เชียงใหม่,4000000,รายชื่อสถานประกอบการ,ล้านนาโพลีแซค,0,แม่แฝก,2567,สันทราย
4551,ผลิตกระสอบสานพลาสติก,เชียงใหม่,4000000,รายชื่อสถานประกอบการ,บริษัท เดอ คอนสตรัคชั่น จำกัด,0,แม่แฝก,2567,สันทราย
4552,ทำพลาสติกเม็ดและทำถุงพลาสติก,เชียงใหม่,18,รายชื่อสถานประกอบการ,นิศารัตน์ พลาสติก,3700000,สันกำแพง,2567,สันกำแพง
4553,ผลิตภาชนะเครื่องใช้และผลิตภัณฑ์ที่เกี่ยวกับพลาสติกทุกชนิด,เชียงใหม่,1000000,รายชื่อสถานประกอบการ,บริษัท จิ้น ลี่ จำกัด,0,ขุนคง,2567,หางดง
4554,ทำพลาสติกเป็นเม็ด และเป็นชิ้น,เชียงใหม่,1000000,รายชื่อสถานประกอบการ,ห้างหุ้นส่วนจำกัด อโนทัยพลาสติก,0,ห้วยทราย,2567,แม่ริม
4555,การล้าง บด หรือย่อยพลาสติก,เชียงใหม่,4000000,รายชื่อสถานประกอบการ,พรพรรณพานิช,0,บวกค้าง,2567,สันกำแพง
4556,บีบ อัด บด ล้าง หรือ ย่อยพลาสติก,เชียงใหม่,1500000,รายชื่อสถานประกอบการ,บริษัท สแคร็พไทยรีไซเคิล(พลาสติก) จำกัด,0,ดอยหล่อ,2567,ดอยหล่อ
4557,"ล้าง,บด,ย่อย,พลาสติก",เชียงใหม่,16,รายชื่อสถานประกอบการ,Yong Shein Plastic Recycle Ordinary Partnership,2750000,ขี้เหล็ก,2567,แม่ริม
4558,ล้าง บด หรือย่อยพลาสติก และอัดพลาสติก,เชียงใหม่,24,รายชื่อสถานประกอบการ,โรงโม่พลาสติกสะอาด,2360000,ยุหว่า,2567,สันป่าตอง
4559,ล้าง บด หรือย่อยพลาสติก,เชียงใหม่,2000000,รายชื่อสถานประกอบการ,บริษัท ล้านนา เอ็น-โพลีเมอร์ จำกัด,0,บวกค้าง,2567,สันกำแพง
4560,ล้าง บด ย่อยพลาสติก,เชียงใหม่,3000000,รายชื่อสถานประกอบการ,บริษัท พงศ์พสิษฐ์ จำกัด,0,บ้านกลาง,2567,สันป่าตอง
4561,บดย่อยพลาสติก,เชียงใหม่,14,รายชื่อสถานประกอบการ,โรงโม่พลาสติกแม่วาง,4100000,ดอนเปา,2567,แม่วาง
4562,ผลิตลูกปัดแก้ว,เชียงใหม่,1182000,รายชื่อสถานประกอบการ,บริษัท อาร์ เอ็ม ซี เจมส์ ไทย จำกัด,0,ทรายมูล,2567,สันกำแพง
4563,เครื่องเคลือบดินเผา,เชียงใหม่,100000,รายชื่อสถานประกอบการ,เจียงดินเซรามิค,0,หนองป่าครั่ง,2567,เมืองเชียงใหม่
4564,ทำเครื่องเคลือบดินเผา,เชียงใหม่,200000,รายชื่อสถานประกอบการ,บริษัท สยามศิลาดล พอตเทอรี่ จำกัด,0,ต้นเปา,2567,สันกำแพง
4565,ทำเครื่องปั๊มดินเผา,เชียงใหม่,4500000,รายชื่อสถานประกอบการ,บริษัท สโตนสเคปส์ จำกัด,0,น้ำแพร่,2567,หางดง
4566,ทำเครื่องปั้นดินเผา,เชียงใหม่,1000000,รายชื่อสถานประกอบการ,ห้างหุ้นส่วนจำกัด เชียงใหม่เซลาดอน (2015),0,ป่าป้อง,2567,ดอยสะเก็ด
4567,ผลิตและจำหน่ายเครื่องปั้นดินเผาประเภทสุขภัณฑ์ในห้องน้ำ,เชียงใหม่,200000,รายชื่อสถานประกอบการ,บริษัท แกรนด์ เซรามิค จำกัด,0,สันกำแพง,2567,สันกำแพง
4568,ผลิตเครื่องเซรามิค,เชียงใหม่,763487,รายชื่อสถานประกอบการ,บริษัท เชียงใหม่ พอร์สเลน จำกัด,0,บ้านแหวน,2567,หางดง
4569,ผลิตเซรามิค เครื่องประดับ,เชียงใหม่,4100000,รายชื่อสถานประกอบการ,บริษัท ซี เอ็ม เซรามิค เชียงใหม่(ประเทศไทย) จำกัด,0,สันติสุข,2567,ดอยหล่อ
4570,ทำเครื่องปั้นดินเผา,เชียงใหม่,22,รายชื่อสถานประกอบการ,แม่ริมเซรามิคสตูดิโอ,6000000,ดอนแก้ว,2567,แม่ริม
4571,ทำเซรามิค,เชียงใหม่,50000,รายชื่อสถานประกอบการ,ห้างหุ้นส่วนจำกัด ณ. นวอินเตอร์เนชั่นแนล,0,ยางเนิ้ง,2567,สารภี
4572,"ผลิตเครื่องปั้นดินเผา ,เครื่องเคลือบ ,เซรามิก",เชียงใหม่,1000000,รายชื่อสถานประกอบการ,บริษัท กษมา พอทเทอรี่ จำกัด,0,สันนาเม็ง,2567,สันทราย
4573,ผลิตเครื่องปั้นดินเผาเคลือบศิลาดล,เชียงใหม่,9500000,รายชื่อสถานประกอบการ,เตาเม็งราย,0,ต้นเปา,2567,สันกำแพง
4574,ทำอิฐ ดินเผา,เชียงใหม่,300000,รายชื่อสถานประกอบการ,เบิ้มอิฐก่อ,0,บ้านแม,2567,สันป่าตอง
4575,ผลิตอิฐดินเผา,เชียงใหม่,3000000,รายชื่อสถานประกอบการ,บริษัท ปัทมเพชร จำกัด,0,ข่วงเปา,2567,จอมทอง
4576,อิฐดินเผา,เชียงใหม่,10,รายชื่อสถานประกอบการ,อิฐคำปัน,2100000,แม่สาว,2567,แม่อาย
4577,ทำอิฐดินเผา,เชียงใหม่,500000,รายชื่อสถานประกอบการ,อิฐคำปัน,0,แม่สาว,2567,แม่อาย
4578,ทำอิฐ,เชียงใหม่,0,รายชื่อสถานประกอบการ,อิฐชัยวัฒนา,0,หนองควาย,2567,หางดง
4579,ผลิตและจำหน่ายอิฐมอญ,เชียงใหม่,100000,รายชื่อสถานประกอบการ,อิฐสุขใจ,0,แม่สาว,2567,แม่อาย
4580,ผลิตและจำหน่วยอิฐมอญ,เชียงใหม่,26,รายชื่อสถานประกอบการ,นายจันทร์ทิพย์ โกช่วย,3144000,แม่สาว,2567,แม่อาย
4581,ทำผลิตภัณฑ์จากการผสมปูนปลาสเตอร์ เช่น ฟันปลอม,เชียงใหม่,166,รายชื่อสถานประกอบการ,บริษัท เอ็กซา ซีแลม จำกัด,8800000,สันพระเนตร,2567,สันทราย
4582,ทำผลิตภัณฑ์คอนกรีต เช่น เสาเข็ม แผ่นพื้น เสารั้วคอนกรีตอัดแรง,เชียงใหม่,500000,รายชื่อสถานประกอบการ,บริษัท ดอยสะเก็ดคอนกรีต จำกัด,0,ลวงเหนือ,2567,ดอยสะเก็ด
4583,ทำคอนกรีตผสมเสร็จ,เชียงใหม่,5000000,รายชื่อสถานประกอบการ,บริษัท คิวมิกซ์ซัพพลาย จำกัด,0,ชมภู,2567,สารภี
4584,ทำผลิตภัณฑ์คอนกรีต คอนกรีตผสมเสร็จ,เชียงใหม่,500000,รายชื่อสถานประกอบการ,บริษัท เอส เอ็น คอนกรีต จำกัด,0,เวียง,2567,ฝาง
4585,ทำผลิตภัณฑ์คอนกรีต เช่น ท่อระบายน้ำ เสา,เชียงใหม่,500000,รายชื่อสถานประกอบการ,ห้างหุ้นส่วนจำกัด เชียงใหม่ ส.วิศวการ คอนกรีต,0,ช้างเผือก,2567,เมืองเชียงใหม่
4586,ผลิตคอนกรีตผสมเสร็จ,เชียงใหม่,1000000,รายชื่อสถานประกอบการ,โรงงานคอนกรีตผสมเสร็จ ฮอด,0,หางดง,2567,ฮอด
4587,ผลิตและจำหน่ายท่อคอนกรีตอัดแรง และผลิตภัฒฑ์จากคอนกรีต,เชียงใหม่,1500000,รายชื่อสถานประกอบการ,บริษัท พี.คอนกรีตโปรดักส์ จำกัด,0,บวกค้าง,2567,สันกำแพง
4588,ผลิตคอนกรีตผสมเสร็จ,เชียงใหม่,4000000,รายชื่อสถานประกอบการ,บริษัท นครหลวงคอนกรีต จำกัด,0,ท่าวังตาล,2567,สารภี
4589,ผลิตคอนกรีตผสมเสร็จ,เชียงใหม่,2000000,รายชื่อสถานประกอบการ,ห้างหุ้นส่วนจำกัด ชัยพล ค้าวัสดุก่อสร้าง,0,แม่แฝก,2567,สันทราย
4590,ผลิตคอนกรีตผสมเสร็จ,เชียงใหม่,7,รายชื่อสถานประกอบการ,หน่วยผลิตคอนกรีต เชียงใหม่,15000000,เชิงดอย,2567,ดอยสะเก็ด
4591,ผลิตคอนกรีตผสมเสร็จ,เชียงใหม่,2000000,รายชื่อสถานประกอบการ,บริษัท นครพลวงคอนกรีต จำกัด,0,สันปูเลย,2567,ดอยสะเก็ด
4592,ผลิตคอนกรีตผสมเสร็จ,เชียงใหม่,500000,รายชื่อสถานประกอบการ,ห้างหุ้นส่วนจำกัด บี แอนด์ ที คอนกรีตผสมเสร็จ,0,สันกำแพง,2567,สันกำแพง
4593,ผลิตคอนกรีตผสมเสร็จ,เชียงใหม่,10000000,รายชื่อสถานประกอบการ,ห้างหุ้นส่วนจำกัด พี.ดีบบลิว.เอส คอนกรีต,0,หนองจ๊อม,2567,สันทราย
4594,ทำท่อซีเมนต์ และผลิตภัณฑ์คอนกรีต,เชียงใหม่,10000000,รายชื่อสถานประกอบการ,ดีวาลัย คอนสตรัคชั่น,0,แช่ช้าง,2567,สันกำแพง
4595,ทำผลิตภัณฑ์คอนกรีต และทำอิฐดินเผา,เชียงใหม่,25,รายชื่อสถานประกอบการ,อิฐวังตาล,6500000,ยุหว่า,2567,สันป่าตอง
4596,ผลิตและจำหน่ายผลิตภัณฑ์คอนกรีตผสมเสร็จทุกชนิด,เชียงใหม่,5000000,รายชื่อสถานประกอบการ,บริษัท พี พี เอส คอนกรีต จำกัด สาขาดอยสะเก็ด,0,เชิงดอย,2567,ดอยสะเก็ด
4597,ผลิตผลิตภัณฑ์จากคอนกรีต เช่น ท่อคอนกรีต,เชียงใหม่,500000,รายชื่อสถานประกอบการ,ท่ออัดแรง เอสดับบลิว (สมหวัง),0,สันกำแพง,2567,สันกำแพง
4598,ทำผลิตภัณฑ์คอนกรีตผสมเสร็จ เช่น แผ่นพื้นสำเร็จ,เชียงใหม่,4,รายชื่อสถานประกอบการ,บริษัท บูรพาคอนกรีต แอนด์คอนสตรัคชั่น จำกัด,18200000,เชิงดอย,2567,ดอยสะเก็ด
4599,ผลิตภัณฑ์คอนกรีต เช่น เสาเข็ม แผ่นพื้น เสารั้วคอนกรีตอัดแรง ฯลฯ และคอนกรีตผสมเสร็จ,เชียงใหม่,13,รายชื่อสถานประกอบการ,ห้างหุ้นส่วนจำกัด ประภาสถามดี การช่าง (ผลิตภัณฑ์คอนกรีต),26000000,ขี้เหล็ก,2567,แม่ริม
4600,ผลิตและจำหน่ายคอนกรีตผสมเสร็จ,เชียงใหม่,1000000,รายชื่อสถานประกอบการ,บริษัท ฒิลา กรุ๊ป 1982 จำกัด,0,หนองหาร,2567,สันทราย
4601,ผลิตคอนกรีตผสมเสร็จ,เชียงใหม่,1000000,รายชื่อสถานประกอบการ,ห้างหุ้นส่วนจำกัด ประสิทธิ์คอนสตรัคชั่นแอนด์ดีไซน์,0,แม่นาวาง,2567,แม่อาย
4602,ผลิตคอนกรีตผสมเสร็จ,เชียงใหม่,4,รายชื่อสถานประกอบการ,บริษัท ภาคเหนือวัสดุ จำกัด,12830000,บ้านแอ่น,2567,ดอยเต่า
4603,ผลิตคอนกรีตผสมเสร็จและผลิตภัณฑ์คอนกรีต,เชียงใหม่,11,รายชื่อสถานประกอบการ,ห้างหุ้นส่วนจำกัด ที เอ็น ดับเบิ้ลยู เชียงดาวก่อสร้าง,6000000,เชียงดาว,2567,เชียงดาว
4604,ผลิตคอนกรีตผสมเสร็จ,เชียงใหม่,4,รายชื่อสถานประกอบการ,โรงงานคอนกรีตผสมเสร็จ เชียงใหม่-ดอยสะเก็ด,10500000,เชิงดอย,2567,ดอยสะเก็ด
4605,ผลิตคอนกรีตผสมเสร็จ,เชียงใหม่,600000,รายชื่อสถานประกอบการ,โรงงานคอนกรีตผสมเสร็จ เชียงใหม่-สันผีเสื้อ,0,สันผีเสื้อ,2567,เมืองเชียงใหม่
4606,ผลิตคอนกรีตผสมเสร็จ,เชียงใหม่,10600000,รายชื่อสถานประกอบการ,โรงงานคอนกรีตผสมเสร็จ เชียงใหม่-ดอยหล่อ,0,สองแคว,2567,ดอยหล่อ
4607,ผลิตคอนกรีตผสมเสร็จ,เชียงใหม่,0,รายชื่อสถานประกอบการ,บริษัท เสรี ภู่พิสิฐ จำกัด,0,ข่วงเปา,2567,จอมทอง
4608,ผลิตคอนกรีตผสมเสร็จ,เชียงใหม่,18,รายชื่อสถานประกอบการ,บริษัท ยู เอส พรีคาสท์ คอนกรีต จำกัด,25000000,แม่แฝกใหม่,2567,สันทราย
4609,ผลิตภัณฑ์คอนกรีตผสมเสร็จ,เชียงใหม่,4,รายชื่อสถานประกอบการ,บริษัท พี-มิกซ์ โปรดักส์ จำกัด,12000000,บ้านแอ่น,2567,ดอยเต่า
4610,ทำผลิตภัณฑ์คอนกรีต,เชียงใหม่,10,รายชื่อสถานประกอบการ,ทุ่งข้าวพวงวัสดุก่อสร้าง,2100000,ทุ่งข้าวพวง,2567,เชียงดาว
4611,ผลิตคอนกรีตผสมเสร็จ,เชียงใหม่,5000000,รายชื่อสถานประกอบการ,บริษัท พี พี เอส คอนกรีต จำกัด (สาขาฮอด),0,บ้านแปะ,2567,จอมทอง
4612,ผลิตภัณฑ์คอนกรีตผสมเสร็จ ผลิตแผ่นพื้นสำเร็จท้องเรียบ คสล. และเสาเข็มอัดแรง คสล.ซีเแพค,เชียงใหม่,2000000,รายชื่อสถานประกอบการ,ห้างหุ้นส่วนจำกัด เรืองชัยคอนกรีต,0,เวียง,2567,ฝาง
4613,ทำคอนกรีตผสมเสร็จ และผลิตภัณฑ์คอนกรีต เช่น เสา แผ่นพื้น ท่อ และอิฐบล๊อก,เชียงใหม่,500000,รายชื่อสถานประกอบการ,บริษัท พี.พี.เอส คอนกรีต จำกัด,0,ข่วงเปา,2567,จอมทอง
4614,ผลิตคอนกรีตผสมเสร็จ,เชียงใหม่,600000,รายชื่อสถานประกอบการ,โรงงานคอนกรีตผสมเสร็จ เชียงใหม่-สารภี,0,สารภี,2567,สารภี
4615,ผลิตคอนกรีตผสมเสร็จ,เชียงใหม่,10000000,รายชื่อสถานประกอบการ,บริษัท คิวมิกซ์ซัพพลาย จำกัด,0,หางดง,2567,หางดง
4616,ผลิตคอนกรีตผสมเสร็จ,เชียงใหม่,600000,รายชื่อสถานประกอบการ,โรงงานคอนกรีตผสมเสร็จ แม่ริม,0,ขี้เหล็ก,2567,แม่แตง
4617,ผลิตภัณฑ์คอนกรีตผสมเสร็จ,เชียงใหม่,1000000,รายชื่อสถานประกอบการ,บริษัท พี-มิกซ์ โปรดักส์ จำกัด,0,สบเตี๊ยะ,2567,จอมทอง
4618,ผลิตคอนกรีตผสมเสร็จ,เชียงใหม่,10,รายชื่อสถานประกอบการ,บริษัท เชียงใหม่ 49 คอนสตรัคชั่น จำกัด,10601000,มะขุนหวาน,2567,สันป่าตอง
4619,ผลิตคอนกรีตผสมเสร็จ,เชียงใหม่,3,รายชื่อสถานประกอบการ,โรงงานคอนกรีตผสมเสร็จ เชียงใหม่-สันกำแพง,3000000,แช่ช้าง,2567,สันกำแพง
4620,ผลิตคอนกรีตผสมเสร็จ,เชียงใหม่,6000000,รายชื่อสถานประกอบการ,บริษัท ไจก้าคอนกรีต จำกัด,0,เชียงดาว,2567,เชียงดาว
4621,ผลิตคอนกรีตผสมเสร็จ และผลิตภัณฑ์คอนกรีต,เชียงใหม่,10,รายชื่อสถานประกอบการ,บริษัท อุดมธนา จำกัด,25000000,สันทราย,2567,ฝาง
4622,ผลิตภัณฑ์คอนกรีตผสมเสร็จ,เชียงใหม่,1000000,รายชื่อสถานประกอบการ,ห้างหุ้นส่วนจำกัด เรืองชัยคอนกรีต,0,สันทราย,2567,ฝาง
4623,ผลิตภัณฑ์คอนกรีตผสมเสร็จ,เชียงใหม่,2000000,รายชื่อสถานประกอบการ,คอนกรีต881,0,ท่าวังพร้าว,2567,สันป่าตอง
4624,ผลิตคอนกรีตผสมเสร็จ,เชียงใหม่,600000,รายชื่อสถานประกอบการ,โรงงานคอนกรีตผสมเสร็จ เชียงใหม่-สันปูเลย,0,สันปูเลย,2567,ดอยสะเก็ด
4625,ผลิตคอนกรีตผสมเสร็จ,เชียงใหม่,1000000,รายชื่อสถานประกอบการ,บริษัท อีเกิ้ล อิมพอร์ต แอนด์ เอ็กซ์พอร์ต อินเตอร์เนชั่นแนล จำกัด,0,บ้านแอ่น,2567,ดอยเต่า
4626,ผลิตและจำหน่ายผลิตภัณฑ์คอนกรีตผสมเสร็จทุกชนิด,เชียงใหม่,7,รายชื่อสถานประกอบการ,บริษัท พี พี เอส คอนกรีต จำกัด,19000000,ท่าวังตาล,2567,สารภี
4627,เกี่ยวกับการผลิตและจำหน่ายอิฐมวลเบา,เชียงใหม่,5000000,รายชื่อสถานประกอบการ,โรงงานผลิตอิฐมวลเบา SLP,0,เมืองเล็น,2567,สันทราย
4628,ผลิต จำหน่าย คอนกรีตผสมเสร็จ,เชียงใหม่,0,รายชื่อสถานประกอบการ,บริษัท พี.ที.คอนกรีต เชียงใหม่ จำกัด,0,แม่สูน,2567,ฝาง
4629,ผลิตคอนกรีตผสมเสร็จ กำลังการผลิต 80 ลูกบาศก์เมตรต่อชั่วโมง ,เชียงใหม่,4,รายชื่อสถานประกอบการ,โรงงานคอนกรีตผสมเสร็จ สันทราย,5000000,หนองหาร,2567,สันทราย
4630,ทำผลิตภัณฑ์คอนกรีต,เชียงใหม่,3000000,รายชื่อสถานประกอบการ,ห้างหุ้นส่วนจำกัด ท่อคอนกรีต เอ กรุ๊ป,0,สันกลาง,2567,สันป่าตอง
4631,ผลิตและจำหน่ายคอนกรีตผสมเสร็จ,เชียงใหม่,8,รายชื่อสถานประกอบการ,ห้างหุ้นส่วนจำกัด พี.ดับบลิว.เอส.คอนกรีต,56500000,แม่แฝก,2567,สันทราย
4632,ผลิตคอนกรีตผสมเสร็จ,เชียงใหม่,20000000,รายชื่อสถานประกอบการ,โรงงานคอนกรีตผสมเสร็จ สันทราย,0,หนองหาร,2567,สันทราย
4633,ผลิตคอนกรีตผสมเสร็จ,เชียงใหม่,600000,รายชื่อสถานประกอบการ,โรงงานคอนกรีตผสมเสร็จ เชียงใหม่-แม่โจ้,0,หนองจ๊อม,2567,สันทราย
4634,ผลิตคอนกรีตผสมเสร็จ,เชียงใหม่,2000000,รายชื่อสถานประกอบการ,ห้างหุ้นส่วนจำกัด ทวิภัณฑ์ฮอดคอนกรีต,0,ข่วงเปา,2567,จอมทอง
4635,ผลิตคอนกรีตผสมเสร็จ,เชียงใหม่,0,รายชื่อสถานประกอบการ,บริษัท นครหลวงคอนกรีต จำกัด,0,หนองหาร,2567,สันทราย
4636,คอนกรีตผสมเสร็จ,เชียงใหม่,3,รายชื่อสถานประกอบการ,บริษัท เอ็นเอสคอนกรีต จำกัด,16900000,สันพระเนตร,2567,สันทราย
4637,ผลิตคอนกรีตผสมเสร็จและผลิตภัณฑ์จากคอนกรีต,เชียงใหม่,5000000,รายชื่อสถานประกอบการ,บริษัท จงธนา อินเตอร์เนชั่นแนล จำกัด,0,แม่ข่า,2567,ฝาง
4638,ผลิตและจำหน่ายคอนกรีตผสมเสร็จ,เชียงใหม่,1000000,รายชื่อสถานประกอบการ,บริษัท ฒิลา ค้าวัสดุก่อสร้าง จำกัด,0,แม่นะ,2567,เชียงดาว
4639,ผลิตภัณฑ์คอนกรีตผสมเสร็จ,เชียงใหม่,1000000,รายชื่อสถานประกอบการ,พีมิกซ์,0,แช่ช้าง,2567,สันกำแพง
4640,ผลิตคอนกรีตผสมเสร็จ,เชียงใหม่,1,รายชื่อสถานประกอบการ,ห้างหุ้นส่วนจำกัด บุญพลกิจ คอนกรีต,6400000,ป่าตุ้ม,2567,พร้าว
4641,ผลิตบล็อกคอนกรีตสำเร็จรูป,เชียงใหม่,1000000,รายชื่อสถานประกอบการ,บริษัท เกเบี้ยน โปรดักส์ แอนด์ ซัพพลาย จำกัด,0,ดอยหล่อ,2567,ดอยหล่อ
4642,คอนกรีตผสมเสร็จ,เชียงใหม่,1000000,รายชื่อสถานประกอบการ,ห้างหุ้นส่วนจำกัด พี.ดับบลิว.เอส.คอนกรีต,0,น้ำแพร่,2567,หางดง
4643,ผลิตคอนกรีตผสมเสร็จ ทำผลิตภัณฑ์คอนกรีต และคอนกรีตอัดแรง,เชียงใหม่,1000000,รายชื่อสถานประกอบการ,กมลคอนกรีต,0,มะลิกา,2567,แม่อาย
4644,ทำผลิตภัณฑ์คอนกรีต เช่น เสา ท่อ คอนกรีตบล๊อก,เชียงใหม่,10,รายชื่อสถานประกอบการ,ห้างหุ้นส่วนจำกัด ส.สายปายค้าวัสดุและปิโตรเลียม,490000,สบเปิง,2567,แม่แตง
4645,ผลิตคอนกรีตผสมเสร็จ,เชียงใหม่,1000000,รายชื่อสถานประกอบการ,ห้างหุ้นส่วนจำกัด เอ็ม.อาร์.ซี.แม่ริมคอนกรีต,0,สันโป่ง,2567,แม่ริม
4646,ผลิตและจำหน่ายผลิตภัณฑ์คอนกรีตผสมเสร็จทุกชนิด,เชียงใหม่,6,รายชื่อสถานประกอบการ,บริษัท พี พี เอส คอนกรีต จำกัด,11700000,ท่าวังพร้าว,2567,สันป่าตอง
4647,"ผลิตภัณฑ์คอนกรีต เช่น เสา,ท่อ,อิฐบล็อก และผลิตภัณฑ์คอนกรีตผสมเสร็จ",เชียงใหม่,2000000,รายชื่อสถานประกอบการ,บริษัท สิงโตทอง คอนกรีต จำกัด,0,สะเมิงใต้,2567,สะเมิง
4648,ผลิตภัณฑ์คอนกรีต เช่น อิฐบล๊อค เสา และอื่นๆ,เชียงใหม่,0,รายชื่อสถานประกอบการ,ห้างหุ้นส่วนจำกัด บุญพลกิจ คอนกรีต,0,ป่าตุ้ม,2567,พร้าว
4649,ผลิตภัณฑ์คอนกรีตผสมเสร็จ,เชียงใหม่,1000000,รายชื่อสถานประกอบการ,ห้างหุ้นส่วนจำกัด เรืองชัยคอนกรีต,0,ศรีดงเย็น,2567,ไชยปราการ
4650,ผลิตคอนกรีตผสมเสร็จ,เชียงใหม่,22000000,รายชื่อสถานประกอบการ,บริษัท นครหลวงคอนกรีต จำกัด,0,ยางเนิ้ง,2567,สารภี
4651,ผลิตคอนกรีตผสมเสร็จ,เชียงใหม่,5000000,รายชื่อสถานประกอบการ,บริษัท เอส ซี พี คอนกรีต จำกัด,0,ท่าวังตาล,2567,สารภี
4652,ผลิตภัณฑ์คอนกรีตผสมเสร็จ,เชียงใหม่,1000000,รายชื่อสถานประกอบการ,บริษัท พี-มิกซ์ โปรดักส์ จำกัด,0,เชิงดอย,2567,ดอยสะเก็ด
4653,ผลิตคอนกรีตผสมเสร็จ,เชียงใหม่,1000000,รายชื่อสถานประกอบการ,บริษัท ภาคเหนือวัสดุ จำกัด,0,ดอยหล่อ,2567,ดอยหล่อ
4654,ผลิตคอนกรีตผสมเสร็จ,เชียงใหม่,10,รายชื่อสถานประกอบการ,บริษัท ทีแอนด์ซี คอนกรีต จำกัด,31000000,ออนกลาง,2567,แม่ออน
4655,ผลิตภัณฑ์คอนกรีตผสมเสร็จ,เชียงใหม่,1000000,รายชื่อสถานประกอบการ,พี มิกซ์,0,แม่แฝก,2567,สันทราย
4656,หล่อพระพุทธรูป,เชียงใหม่,500000,รายชื่อสถานประกอบการ,ห้างหุ้นส่วนจำกัด โรงหล่อ กุลวัฒนา,0,แม่ปูคา,2567,สันกำแพง
4657,ผลิตเตาเผาขยะ เครื่องคัดขยะ,เชียงใหม่,3000000,รายชื่อสถานประกอบการ,บริษัท พลอยไพลิน กรีน เวิลด์ จำกัด,0,บ้านกลาง,2567,สันป่าตอง
4658,ทำเครื่องเรือนจากโลหะ ท่อระบบเครื่องปรับอากาศและรางน้ำ,เชียงใหม่,27,รายชื่อสถานประกอบการ,ช้างเผือกกิจการช่าง(วัสดุ),10647000,แม่เหียะ,2567,เมืองเชียงใหม่
4659,ทำโครงหลังคา วงกบประตูหน้าต่างเหล็ก,เชียงใหม่,500000,รายชื่อสถานประกอบการ,บริษัท สตีล เกรด จำกัด,0,สันพระเนตร,2567,สันทราย
4660,ประกอบถังน้ำสแตนเลส,เชียงใหม่,2000000,รายชื่อสถานประกอบการ,บริษัท ภัทรอุดร จำกัด,0,หางดง,2567,หางดง
4661,ผลิตลวดตาข่ายดัก เกเบียน และ แมทเทรส,เชียงใหม่,62,รายชื่อสถานประกอบการ,บริษัท เกเบี้ยน โปรดักส์ (ไทยแลนด์) จำกัด,20000000,ท่าวังตาล,2567,สารภี
4662,ผลิตและจำหน่ายกล่องเกเบี้ยน แมทเทรส,เชียงใหม่,30,รายชื่อสถานประกอบการ,บริษัท เกเบี้ยน โปรดักส์ แอนด์ ซัพพลาย จำกัด,9000000,ดอยหล่อ,2567,ดอยหล่อ
4663,ทำถัง เชื่อม ม้วน และตัดโลหะ,เชียงใหม่,5,รายชื่อสถานประกอบการ,อู่ช่างน้อย,5800000,ท่าวังตาล,2567,สารภี
4664,ผลิตชิ้นส่วน ประตู-หน้าต่างโลหะสำหรับอาคาร,เชียงใหม่,1000000,รายชื่อสถานประกอบการ,บริษัท เชียงใหม่ประตูม้วน จำกัด,0,สารภี,2567,สารภี
4665,"ทำหลังคาเหล็ก, ประตู",เชียงใหม่,9000000,รายชื่อสถานประกอบการ,บี.เค.เม็ททอล ชีท (เชียงใหม่),0,สารภี,2567,สารภี
4666,"ผลิตลวดตาข่ายเหล็กไร้สนิมผสมโครเมียม และบานประตู-หน้าต่าง ลวดตาข่ายเหล็กไร้สนิมชุบโครเมียม,แผ่นโลหะเจาะรู และบานประตู-หน้าต่างแผ่นโลหะเจาะรู (แผ่นอลูมิเนียม,แผ่นเหล็ก,แผ่นเหล็กชุบเคลือบสังกะสี,แผ่นสแตนเลส)",เชียงใหม่,23800000,รายชื่อสถานประกอบการ,บริษัท แมชเทค อินเตอร์เนชั่นแนล จำกัด,0,สารภี,2567,สารภี
4667,ทำประตู - หน้าต่างเหล็ก โครงหลังคา และรางน้ำฝน,เชียงใหม่,8,รายชื่อสถานประกอบการ,ประดิษฐ์การช่าง,450000,หนองป่าครั่ง,2567,เมืองเชียงใหม่
4668,ผลิตแผ่นเหล็กรีดรอน,เชียงใหม่,5000000,รายชื่อสถานประกอบการ,บริษัท มั่นคง เมทอล จำกัด,0,เหมืองแก้ว,2567,แม่ริม
4669,ทำผลิตภัณฑ์เกี่ยวกับโลหะและอุปกรณ์ทางการแพทย์,เชียงใหม่,11,รายชื่อสถานประกอบการ,ห้างหุ้นส่วนจำกัด จิระเมธวิศวกรรม,1200000,สันมหาพน,2567,แม่แตง
4670,อัดเศษโลหะ,เชียงใหม่,1000000,รายชื่อสถานประกอบการ,บริษัท บ่อสร้างโลหะกิจ,0,ต้นเปา,2567,สันกำแพง
4671,"การตัด,พับ,ม้วน หรือเชื่อมโลหะ",เชียงใหม่,300000,รายชื่อสถานประกอบการ,บริษัท พี.ดี.เอส.เชียงใหม่วิศวกรรม จำกัด,0,สารภี,2567,สารภี
4672,"ตัด, ม้วน, เชื่อมโลหะ",เชียงใหม่,9,รายชื่อสถานประกอบการ,จิตรการช่าง,550000,ยุหว่า,2567,สันป่าตอง
4673,ตัด พับ เชื่อมโลหะ,เชียงใหม่,6,รายชื่อสถานประกอบการ,อุดมการช่าง,4300000,ท่าวังพร้าว,2567,สันป่าตอง
4674,ตัด พับ ม้วนโลหะ กลึง เจาะ คว้าน กัด ไส เจียน หรือเชื่อมโลหะทั่วไป,เชียงใหม่,30,รายชื่อสถานประกอบการ,บริษัท จอมทองอุตสาหกรรม จำกัด สาขา 00001,6000000,ข่วงเปา,2567,จอมทอง
4675,ตัด พับ ม้วนโลหะ กลึง เจาะ คว้าน กัด ไส เจียน หรือเชื่อมโลหะทั่วไป,เชียงใหม่,25,รายชื่อสถานประกอบการ,บริษัท จอมทองอุตสาหกรรม จำกัด,5000000,ข่วงเปา,2567,จอมทอง
4676,ประกอบกิจการเกี่ยวกับผลิตภัณฑ์โลหะ มุ้งลวด เหล็กดัด ประตู หน้าต่าง และตัดเย็บผ้าม่าน,เชียงใหม่,28,รายชื่อสถานประกอบการ,เก้าอลูมิเนียม,7150000,แม่คือ,2567,ดอยสะเก็ด
4677,การตัด พับ ม้วน กลึง เจาะ คว้าน กัด ไส โลหะและทำชิ้นส่วนหรืออุปกรณ์ของผลิตภัณฑ์โลหะ,เชียงใหม่,10,รายชื่อสถานประกอบการ,ห้างหุ้นส่วนจำกัด ประภาสถามดี การช่าง,26000000,ขี้เหล็ก,2567,แม่ริม
4678,กลึงโลหะ ซ่อมเครื่องจักรกล,เชียงใหม่,8,รายชื่อสถานประกอบการ,ห้างหุ้นส่วนจำกัด เชียงใหม่ภู่่เจริญไพศาล,1900000,มะลิกา,2567,แม่อาย
4679,"กลึง,เจาะ,คว้าน,กัด,ไส,เชื่อมโลหะทั่วไปและซ่อมอุปกรณ์ชิ้นส่วนเครื่องยนต์",เชียงใหม่,800000,รายชื่อสถานประกอบการ,บริษัท นครพิงค์ แมชชีน ช๊อพ จำกัด,0,หนองป่าครั่ง,2567,เมืองเชียงใหม่
4680,กลึง เชื่อม เจาะโลหะ,เชียงใหม่,1000000,รายชื่อสถานประกอบการ,บริษัท เสรี จอมทอง จำกัด,0,ข่วงเปา,2567,จอมทอง
4681,"กลึง,เจาะ,คว้าน,ไส หรือเชื่อมโลหะ",เชียงใหม่,2000000,รายชื่อสถานประกอบการ,นายสมภพ รัตนพันธ์,0,สันทราย,2567,ฝาง
4682,กลึง เจาะ กว้าน ไส เชื่อมโลหะ ผลิตหรือซ่อมแซมส่วนประกอบหรือ อุปกรณ์ของเครื่องยนต์,เชียงใหม่,18,รายชื่อสถานประกอบการ,บริษัท นครพิงค์ แมชชีน ช๊อพ จำกัด,6000000,หนองป่าครั่ง,2567,เมืองเชียงใหม่
4683,ทำเครื่องกรองน้ำ ประกอบถังน้ำ ซ่อมเครื่องสูบน้ำ ร่อนและผสมทรายกรองน้ำ,เชียงใหม่,25,รายชื่อสถานประกอบการ,ห้างหุ้นส่วนจำกัด ลานาลิติค วอเตอร์เวอร์ค,2710000,หนองหาร,2567,สันทราย
4684,ผลิตหรือซ่อมแซมชิ้นส่วนเครื่องยนต์ กลึง เจาะ คว้าน ไส เชื่อมโลหะ,เชียงใหม่,1000000,รายชื่อสถานประกอบการ,บริษัท นครพิงค์ แมชชีน ช๊อพ จำกัด,0,หนองป่าครั่ง,2567,เมืองเชียงใหม่
4685,ซ่อมรถแทรกเตอร์,เชียงใหม่,400000,รายชื่อสถานประกอบการ,ห้างหุ้นส่วนจำกัด เชียงใหม่มหกิจ,0,ท่าวังตาล,2567,สารภี
4686,"ประกอบเครื่องทำน้ำเย็น, ตู้เย็น, ตู้แช่",เชียงใหม่,2000000,รายชื่อสถานประกอบการ,บริษัท แปดริ้วเครื่องเย็นเชียงใหม่ (1994) จำกัด,0,ท่าศาลา,2567,เมืองเชียงใหม่
4687,"กลึง, เชื่อมโลหะ, ทำพัดลม, และเครื่องระบายอากาศ",เชียงใหม่,100000,รายชื่อสถานประกอบการ,ศูนย์พัดลม โลหะกิจ,0,แม่เหียะ,2567,เมืองเชียงใหม่
4688,ผลิต และประกอบแผงวงจรอิเล็กทรอนิกส์,เชียงใหม่,10000000,รายชื่อสถานประกอบการ,บริษัท อีซียู ช็อป 1 จำกัด,0,แม่คือ,2567,ดอยสะเก็ด
4689,ผลิตแผงวงจรอิเล็กทรอนิกส์,เชียงใหม่,237,รายชื่อสถานประกอบการ,บริษัท บลูชิพส์ไมโครเฮ้าส์ จำกัด,3815000,แช่ช้าง,2567,สันกำแพง
4690,ผลิตอุปกรณ์อิเล็กทรอนิกส์สำหรับควบคุมแสงสว่าง,เชียงใหม่,4000000,รายชื่อสถานประกอบการ,บริษัท ฟิวทรอนิคส์ (ประเทศไทย) จำกัด,0,ต้นเปา,2567,สันกำแพง
4691,"ผลิตสายไฟฟ้าเชื่อมต่อวงจร,ผลิตส่วนประกอบเครื่องปรับอากาศ,กลึง เจาะคว้าน ตัด ไส เจรียร หรือเชื่อมโลหะ",เชียงใหม่,23,รายชื่อสถานประกอบการ,บริษัท ไทย ทาคาโนมิซิ จำกัด,14000000,ชมภู,2567,สารภี
4692,"ผลิตอุปกรณ์ไฟฟ้า,สวิตซ์ไฟฟ้า,อุปกรณ์ที่ใช้กับสายไฟ,แผงวงจรประกอบทางไฟฟ้า",เชียงใหม่,171,รายชื่อสถานประกอบการ,บริษัท แอดวานซ์ไอดี เอเชีย เอ็นจิเนียร์ริ่ง จำกัด,34600000,แม่คือ,2567,ดอยสะเก็ด
4693,โรงงานประกอบกิจการเกี่ยวกับรถยนต์ รถพ่วง ทำชิ้นส่วนพิเศษ ซ่อมแซมยานที่ขับเคลื่อนด้วยเครื่องยนต์,เชียงใหม่,8,รายชื่อสถานประกอบการ,ห้างหุ้นส่วนจำกัด พี.ดับบลิว.เอส.คอนสตรัคชั่น,8900000,น้ำแพร่,2567,หางดง
4694,ผลิตอาหารเสริมสุขภาพสำหรับคนและสัตว์,เชียงใหม่,1000000,รายชื่อสถานประกอบการ,บริษัท กรีนไดมอนด์ จำกัด,0,ทุ่งปี๊,2567,แม่วาง
4695,พืชผัก ผลไม้ และเนื้อสัตว์ อบแห้ง,เชียงใหม่,0,รายชื่อสถานประกอบการ,บริษัท พรีเซิร์ฟ อะโกร โปรดักส์ จำกัด,0,ขี้เหล็ก,2567,แม่ริม
4696,บรรจุอาหารกระป๋องและผลไม้ตามฤดูกาล,เชียงใหม่,1000000,รายชื่อสถานประกอบการ,ห้างหุ้นส่วนจำกัด ที.พี.ฟูดแคนนิ่ง,0,แม่เหียะ,2567,เมืองเชียงใหม่
4697,แปรรูปอาหาร,เชียงใหม่,14,รายชื่อสถานประกอบการ,นางดวงกมล หยาง,8000000,บ้านกลาง,2567,สันป่าตอง
4698,ผลิตอาหารหรือเครื่องดื่มจากผัก พืช ผลไม้ และบรรจุในภาชนะที่ผนึกและอากาศเข้าไม่ได้,เชียงใหม่,10000000,รายชื่อสถานประกอบการ,บริษัท ดีท็อกซ์ (ประเทศไทย) จำกัด,0,น้ำแพร่,2567,หางดง
4699,ผลิตอาหารเจจากแป้งและโปรตีน พร้อมแบ่งบรรจุ,เชียงใหม่,1000000,รายชื่อสถานประกอบการ,บริษัท เทียน เซียง ซึผิง จำกัด,0,ป่าไผ่,2567,สันทราย
4700,ผลิตชาสมุนไพรบรรจุในภาชนะปิดผนึก,เชียงใหม่,13,รายชื่อสถานประกอบการ,บริษัท วาไรตี้ เอ็กซ์พอร์ต จำกัด,29000000,ป่าตัน,2567,เมืองเชียงใหม่
4701,ผลิตอาหารและเครื่องดื่มจากผัก พืชหรือผลไม้ และบรรจุในภาชนะที่ผนึกและอากาศเข้าไม้ได้,เชียงใหม่,1000000,รายชื่อสถานประกอบการ,สิบแสนชัญญ์,0,ป่าเมี่ยง,2567,ดอยสะเก็ด
4702,ผลิตน้ำผลไม้บรรจุขวด ผลิตขวด,เชียงใหม่,8,รายชื่อสถานประกอบการ,ห้างหุ้นส่วนจำกัด จิ้งเฮงฟู้ด,5500000,เวียง,2567,ฝาง
4703,อบพืชผลทางการเกษตร,เชียงใหม่,21,รายชื่อสถานประกอบการ,โรงอบพืชผลทางการเกษตร,4500000,ขัวมุง,2567,สารภี
4704,ถนอมผัก พืช หรือผลไม้ โดยวิธีทำให้เยือกแข็งโดยฉับพลัน,เชียงใหม่,10000000,รายชื่อสถานประกอบการ,บริษัท สหปราจีนบุรีอุตสาหกรรม จำกัด,0,แม่สูน,2567,ฝาง
4705,ผลิตพืช ผัก ผลไม้อบแห้งและผลิตภัณฑ์ Spray Dry ปีละ 722 ตัน,เชียงใหม่,4500000,รายชื่อสถานประกอบการ,บริษัท พรีเมี่ยมฟู้ดส์ จำกัด,0,แม่แฝก,2567,สันทราย
4706,ถนอมผัก พืช หรือผลไม้ โดยวิธีอบแห้ง,เชียงใหม่,18,รายชื่อสถานประกอบการ,บริษัท นอร์ทเทิร์นกรีนโปรดักส์ จำกัด,13900000,อินทขิล,2567,แม่แตง
4707,ผลิตสินค้าทางการเกษตรแช่แข็ง,เชียงใหม่,15000000,รายชื่อสถานประกอบการ,บริษัท สยามอกรีโฟรเซ่นฟูดส์ จำกัด,0,สันกลาง,2567,สันป่าตอง
4708,การถนอมผัก พืช หรือผลไม้โดยวิธีกวน ตากแห้ง ดอง หรือทำให้เยือกแข็ง โดยฉับพลัน หรือเหือดแห้ง,เชียงใหม่,2840000,รายชื่อสถานประกอบการ,บริษัท เชียงใหม่ไบโอเวกกี้ จำกัด,0,น้ำแพร่,2567,หางดง
4709,คัด บรรจุกล่อง ผักผลไม้ และแซ่แข็ง,เชียงใหม่,5000000,รายชื่อสถานประกอบการ,บริษัท สวิฟท์ จำกัด,0,อินทขิล,2567,แม่แตง
4710,ร่อน ล้าง คัดแยกคุณภาพผักพืชหรือผลไม้และถนอม โดยวิการแช่อิ่ม กวน ตากแห้ง ดอง หรือทำให้เยือกแข็ง โดยฉับพลัน หรือเหือดแห้ง,เชียงใหม่,10000000,รายชื่อสถานประกอบการ,บริษัท ที คิว เอ็ม ฟูดส์ จำกัด,0,หางดง,2567,หางดง
4711,การถนอมผัก พืช หรือผลไม้ โดยวิธีการกวน ตากแห้ง ดอง หรือ ทำให้เยือกแข็งโดยฉับพลัน หรือเหือดแห้ง,เชียงใหม่,1000000,รายชื่อสถานประกอบการ,บริษัท ยูเซ ฟูดส์ จำกัด,0,ร้องวัวแดง,2567,สันกำแพง
4712,ผลิตอาหารหรือเครื่องดื่มจากผัก พืชหรือผลไม้ และบรรจุในภาชนะที่ผนึก และอากาศเข้าไม่ได้,เชียงใหม่,10000000,รายชื่อสถานประกอบการ,บริษัท ซีเอ็มเอช ไลฟ์ ไซเอ็นซ์ จำกัด,0,ยุหว่า,2567,สันป่าตอง
4713,ผลิตแตงกวาดอง ขิงดอง และมะเขือดอง,เชียงใหม่,0,รายชื่อสถานประกอบการ,บริษัท สันติภาพ เทรดดิ้ง จำกัด,0,หนองควาย,2567,หางดง
4714,ผลิตรถเข็นล้อเลื่อนทุกชนิด,เชียงใหม่,3204770,รายชื่อสถานประกอบการ,บริษัท ลิขิตชีวัน จำกัด,0,หนองจ๊อม,2567,สันทราย
4715,ผลิตหน้ากากอนามัยและหมวกคลุมผมอนามัย,เชียงใหม่,15000000,รายชื่อสถานประกอบการ,บริษัท ดร. ไฮจีน เมดิคอล โปรดักส์ จำกัด,0,หนองตอง,2567,หางดง
4716,ผลิตวัสดุอุปกรณ์ทางการแพทย์ หน้ากากอนามัย,เชียงใหม่,1500000,รายชื่อสถานประกอบการ,บริษัท ท็อป โฮลซัม จำกัด,0,หนองผึ้ง,2567,สารภี
4717,ผลิตวัสดุอุปกรณ์ทางการแพทย์ หน้ากากอนามัย,เชียงใหม่,10000000,รายชื่อสถานประกอบการ,บริษัท ไบโอเซฟ โปรดักส์ จำกัด,0,ออนใต้,2567,สันกำแพง
4718,ทำเครื่องประดับจากทองคำ เงิน,เชียงใหม่,13300000,รายชื่อสถานประกอบการ,สุวรรณะรุ่งเรือง,0,ดอนแก้ว,2567,แม่ริม
4719,ผลิตเครื่องประดับด้วยทอง นาค เงินและอัญมญีอื่น,เชียงใหม่,43,รายชื่อสถานประกอบการ,บริษัท ปิงมานูแฟคเจอริ่งจิวเวลเลอร์ จำกัด,27000000,ต้นเปา,2567,สันกำแพง
4720,ทำเครื่องประดับด้วยโลหะ ตกแต่งด้วยอัญมณี,เชียงใหม่,77,รายชื่อสถานประกอบการ,บริษัท ทาราทาแลนด์ จำกัด,8100000,ป่าป้อง,2567,ดอยสะเก็ด
4721,ผลิตเครื่องประดับและเครื่องใช้จากเงิน ทองคำ นาก,เชียงใหม่,10300000,รายชื่อสถานประกอบการ,บริษัท พัฒนาอนันต์วงศ์ จำกัด,0,หนองป่าครั่ง,2567,เมืองเชียงใหม่
4722,"ทำเครื่องเงิน,ของตกแต่ง,และเครื่องใช้ จากเงิน",เชียงใหม่,4000000,รายชื่อสถานประกอบการ,บริษัท มัทนา เครื่องเงิน จำกัด,0,หนองหอย,2567,เมืองเชียงใหม่
4723,ผลิตและจำหน่ายเครื่องประดับอัญมณี,เชียงใหม่,13283506,รายชื่อสถานประกอบการ,บริษัท เอ็มโอดี เอเชีย จำกัด,0,แช่ช้าง,2567,สันกำแพง
4724,ผลิตเครื่องประดับอัญมณี,เชียงใหม่,10000000,รายชื่อสถานประกอบการ,บริษัท อัฐญา จิวเวลรี่ จำกัด,0,สันกลาง,2567,สันกำแพง
4725,ผลิตเครื่องประดับจากโลหะมีค่าและอัญมณี,เชียงใหม่,51000000,รายชื่อสถานประกอบการ,บริษัท ซี.อาร์.พี.จิลเวลรี่(เชียงใหม่) จำกัด,0,ป่าแดด,2567,เมืองเชียงใหม่
4726,ทำเครื่องประดับ ทองคำ เครื่องใช้จากเงิน ทองคำขาว,เชียงใหม่,584,รายชื่อสถานประกอบการ,บริษัท จอร์จ เจนเซน (ประเทศไทย) จำกัด,174081000,ต้นเปา,2567,สันกำแพง
4727,ทำเครื่องใช้ในการกีฬา เช่น กระดานโต้คลื่น,เชียงใหม่,0,รายชื่อสถานประกอบการ,บริษัท คุยเวอร์ จำกัด,0,น้ำแพร่,2567,หางดง
4728,ผลิตเหยื่อตกปลาเทียม,เชียงใหม่,30313646,รายชื่อสถานประกอบการ,บริษัท สตรีม เวอร์ค (ไทยแลนด์) จำกัด,0,ยางเนิ้ง,2567,สารภี
4729,ผลิตเหยื่อตกปลา,เชียงใหม่,318899,รายชื่อสถานประกอบการ,บริษัท เชียงใหม่ ฟลาย จำกัด,0,ป่าแดด,2567,เมืองเชียงใหม่
4730,ผลิตของเล่นเด็กจากไม้ฉ่ำฉา ไม้ยางพารา และไม้ไผ่,เชียงใหม่,500000,รายชื่อสถานประกอบการ,บริษัท ไทยวู้ดเด้นเกมส์ จำกัด,0,ร้องวัวแดง,2567,สันกำแพง
4731,ทำของเล่นเด็กจากไม้,เชียงใหม่,6200000,รายชื่อสถานประกอบการ,ห้างหุ้นส่วนจำกัด สยาม แอล.ที.วู้ด,0,แม่คือ,2567,ดอยสะเก็ด
4732,"สินค้าหัตถกรรมที่ทำด้วยไม้ไผ่,ผ้าและของที่ระลึกต่างๆ",เชียงใหม่,125,รายชื่อสถานประกอบการ,บริษัท ศูนย์ทำร่ม (1978) จำกัด,250000,ต้นเปา,2567,สันกำแพง
4733,ผลิตก๊าซชีวภาพ จากบ่อบำบัดน้ำเสีย,เชียงใหม่,0,รายชื่อสถานประกอบการ,บริษัท ซัน สวีท จำกัด (มหาชน),0,ทุ่งสะโตก,2567,สันป่าตอง
4734,โรงสีข้าว ขนาด 40 ตัน/วัน,เชียงใหม่,4714000,รายชื่อสถานประกอบการ,สหกรณ์นิคมพร้าว จำกัด,0,แม่แวน,2567,พร้าว
4735,สีข้าว,เชียงใหม่,15000000,รายชื่อสถานประกอบการ,ห้างหุ้นส่วนจำกัด โรงสีข้าวรวงทองเชียงใหม่,0,เชิงดอย,2567,ดอยสะเก็ด
4736,สีข้าว,เชียงใหม่,2000000,รายชื่อสถานประกอบการ,โรงสีข้าวกิตเจริญ,0,แม่สาว,2567,แม่อาย
4737,สี ฝัด คัด และแปรสภาพข้าว การอบพืชผลทางการเกษตร,เชียงใหม่,15,รายชื่อสถานประกอบการ,โรงสีข้าวดวงคำ,23000000,เวียง,2567,ฝาง
4738,สีข้าว,เชียงใหม่,5,รายชื่อสถานประกอบการ,นายกฤษณะ ดวงคำ,8200000,แม่สาว,2567,แม่อาย
4739,ปรับปรุงคุณภาพเมล็ดพืช สีข้าว,เชียงใหม่,16,รายชื่อสถานประกอบการ,ศ.ปาณิสรา,40000000,แม่คะ,2567,ฝาง
4740,สีข้าว,เชียงใหม่,7,รายชื่อสถานประกอบการ,ทรัพย์ไพลิน,10000000,แม่สาว,2567,แม่อาย
4741,สีข้าวเปลือกแบบแยกแกลบแยกรำ ได้วันละ 70 ตัน,เชียงใหม่,2000000,รายชื่อสถานประกอบการ,โรงสีข้าวสมคิด 2,0,เวียง,2567,ฝาง
4742,สีข้าว อบข้าวเปลือก,เชียงใหม่,3,รายชื่อสถานประกอบการ,โรงสีข้าววัลลภ,9460000,แม่สาว,2567,แม่อาย
4743,สีข้าว,เชียงใหม่,2,รายชื่อสถานประกอบการ,โรงสีโกเมือง,8309000,แม่สาว,2567,แม่อาย
4744,สีข้าว และคัดคุณภาพข้าว,เชียงใหม่,3000000,รายชื่อสถานประกอบการ,โรงสีข้าวเนตรนิมิต,0,แม่สาว,2567,แม่อาย
4745,สีข้าว และอบพืชผลทางการเกษตร,เชียงใหม่,5,รายชื่อสถานประกอบการ,บริษัท บัวจันทร์กู๊ดไรซ์ จำกัด,15000000,แม่สาว,2567,แม่อาย
4746,สีข้าว,เชียงใหม่,3,รายชื่อสถานประกอบการ,นางสาวชนกนันท์ ใจดวงจันทร์,2200000,ทุ่งต้อม,2567,สันป่าตอง
4747,สีข้าว,เชียงใหม่,4,รายชื่อสถานประกอบการ,โรงสีสหกรณ์การเกษตรสันป่าตอง จำกัด,32654000,ทุ่งสะโตก,2567,สันป่าตอง
4748,สีข้าว เก็บรักษาข้าวเปลือกในไซโล,เชียงใหม่,5,รายชื่อสถานประกอบการ,สหกรณ์การเกษตรฝาง จำกัด,72465900,เวียง,2567,ฝาง
4749,สีข้าว อัตรากำลังสีสูงสุดของโรงสี 80 เกวียน/24 ชั่วโมง,เชียงใหม่,200000000,รายชื่อสถานประกอบการ,โรงสี สหกรณ์การเกษตรพร้าว จำกัด,0,เวียง,2567,พร้าว
4750,สี ฝัด หรือขัดเมล็ดพืช เช่น ลูกเดือย ข้าวโพด ถั่ว งา ข้าว,เชียงใหม่,10,รายชื่อสถานประกอบการ,บริษัท ลิ้มศักดากุล พืชพันธุ์ไทย จำกัด,93700000,อินทขิล,2567,แม่แตง
4751,สีข้าว,เชียงใหม่,2,รายชื่อสถานประกอบการ,โรงสีข้าววิเชียรฟาร์ม,10000000,แม่สาว,2567,แม่อาย
4752,ร่อนข้าว และคัดข้าวขาว,เชียงใหม่,1000000,รายชื่อสถานประกอบการ,สมชายค้าข้าว,0,แม่สาว,2567,แม่อาย
4753,ร่อนข้าวและคัดข้าวขาว,เชียงใหม่,1000000,รายชื่อสถานประกอบการ,สามพี่น้องค้าข้าว,0,แม่สาว,2567,แม่อาย
4754,สีและบดพืชผลทางการเกษตร,เชียงใหม่,7,รายชื่อสถานประกอบการ,กรรณิการ์ค้าพืชไร่,7500000,แม่คะ,2567,ฝาง
4755,สีข้าว,เชียงใหม่,2000000,รายชื่อสถานประกอบการ,โรงสีข้าวดีรุ่งเรือง2,0,แม่สาว,2567,แม่อาย
4756,สีข้าว,เชียงใหม่,5,รายชื่อสถานประกอบการ,โรงสีข้าวดวงดี,18000000,แม่สาว,2567,แม่อาย
4757,โรงสีข้าวแบบแยกแกลบแยกรำ กำลังการผลิต 400 ตันต่อวัน,เชียงใหม่,9,รายชื่อสถานประกอบการ,ห้างหุ้นส่วนจำกัดเชียงใหม่อินเตอร์ไรซ์,70000000,สันปูเลย,2567,ดอยสะเก็ด
4758,สีข้าวเปลือกแบบแยกแกลบแยกรำ ได้วันละ 150 ตัน,เชียงใหม่,3000000,รายชื่อสถานประกอบการ,โรงสีข้าวรุ่งจรัญ,0,แม่สาว,2567,แม่อาย
4759,สีข้าว และอบผลิตผลทางการเกษตร,เชียงใหม่,12,รายชื่อสถานประกอบการ,โรงสีข้าวดีรุ่งเรือง,48700000,แม่สาว,2567,แม่อาย
4760,สีข้าวเปลือกขนาดกำลังผลิต 40 ตัน/วัน และเก็บรักษาข้าวเปลือกในไซโล ขนาด 250 ตัน จำนวน 2 ถัง,เชียงใหม่,7,รายชื่อสถานประกอบการ,สหกรณ์การเกษตรเพื่อการตลาดลูกค้า ธกส.เชียงใหม่ จำกัด,54515653,แม่สาว,2567,แม่อาย
4761,"สีข้าว,อบพืชผลทางการเกษตร",เชียงใหม่,2,รายชื่อสถานประกอบการ,โรงสีข้าวสี่พี่น้อง,30000000,เวียง,2567,ฝาง
4762,สีข้าว,เชียงใหม่,2,รายชื่อสถานประกอบการ,โรงสีข้าวสามหนึ่ง,19000000,แม่สาว,2567,แม่อาย
4763,สีข้าว,เชียงใหม่,200000,รายชื่อสถานประกอบการ,โรงสีข้าวศรศิริ,0,แม่สาว,2567,แม่อาย
4764,สีข้าว,เชียงใหม่,5,รายชื่อสถานประกอบการ,โรงสีข้าวดวงดีไรซ์,20000000,แม่สาว,2567,แม่อาย
4765,สีข้าว,เชียงใหม่,10,รายชื่อสถานประกอบการ,โรงสีข้าวทิพย์ธารา,7200000,เวียง,2567,ฝาง
4766,สีข้าว กำลังสีสูงสุดของร้านสีข้าว 150 ตัน/ชม,เชียงใหม่,21000000,รายชื่อสถานประกอบการ,วัชระกิจ,0,แม่สาว,2567,แม่อาย
4767,สีข้าว,เชียงใหม่,1000000,รายชื่อสถานประกอบการ,นางสุภาภรณ์ หอธรรมคุณ,0,เวียง,2567,ฝาง
4768,สีข้าว,เชียงใหม่,5000000,รายชื่อสถานประกอบการ,โรงสีกิตเจริญ,0,แม่สาว,2567,แม่อาย
4769,สีข้าว (กำลังการผลิต 200 ตัน/วัน),เชียงใหม่,2500000,รายชื่อสถานประกอบการ,ห้างหุ้นส่วนจำกัด รุ่งเจริญพืชผล2504,0,เขื่อนผาก,2567,พร้าว
4770,"สีข้าว (กำลังการผลิต 4 ตัน/ชม และอบข้าวเปลือก (กำลังการผลิต 10 ตัน/ชม)
",เชียงใหม่,0,รายชื่อสถานประกอบการ,โรงสีข้าวทรัพย์สมบัติ,0,เวียง,2567,ฝาง
4771,สีข้าว และอบพืชผลทางการเกษตร,เชียงใหม่,18,รายชื่อสถานประกอบการ,บริษัท สามแสน ไรซ์ จำกัด,53000000,เวียง,2567,ฝาง
4772,สีข้าว,เชียงใหม่,1000000,รายชื่อสถานประกอบการ,โรงสีข้าวโชควิชัย,0,แม่สาว,2567,แม่อาย
4773,สีข้าว,เชียงใหม่,3,รายชื่อสถานประกอบการ,นางสาววาสนา ไชยแว่นตา,23300000,แม่สาว,2567,แม่อาย
4774,สีข้าว,เชียงใหม่,2000000,รายชื่อสถานประกอบการ,โรงสีอมร,0,แม่สาว,2567,แม่อาย
4775,"สีข้าว,คัดขนาดและคุณภาพข้าว",เชียงใหม่,17,รายชื่อสถานประกอบการ,โรงสีข้าววัฒนา,20100000,แม่สาว,2567,แม่อาย
4776,สีข้าว,เชียงใหม่,5000000,รายชื่อสถานประกอบการ,โรงสีข้าวทิพย์ธารา 2,0,เวียง,2567,ฝาง
4777,ทำเต้าหู้แผ่น เต้าหู้แผ่น เต้าหู้ก้อน และน้ำเต้าหู้,เชียงใหม่,3,รายชื่อสถานประกอบการ,รุ่งนคร (1999),6300000,หนองจ๊อม,2567,สันทราย
4778,ทำผลิตภัณฑ์จากถั่วเหลือง เช่น เต้าหู้แผ่น เต้าหู้หลอด,เชียงใหม่,50000,รายชื่อสถานประกอบการ,ห้างหุ้นส่วนจำกัด ผลิตภัณฑ์อุตสาหกรรมถั่วเหลืองป่าลาน,0,ป่าลาน,2567,ดอยสะเก็ด
4779,ผลิตเต้าหู้หลอด,เชียงใหม่,60000,รายชื่อสถานประกอบการ,ประเสิรฐ อุตสาหกรรมอาหาร,0,ดอนเปา,2567,แม่วาง
4780,ผลิตอาหารสำเร็จรูปจากเมล็ดพืช (ผลิตข้าวอบแห้งและแปรรูปผลิตภัณฑ์ทางการเกษตร),เชียงใหม่,5000000,รายชื่อสถานประกอบการ,บริษัท โกลบอลฟูดส์ จำกัด,0,ออนใต้,2567,สันกำแพง
4781,"ผลิตอาหารสำเร็จรูปจากเมล็ดพืช เช่น ฟองเต้าหู้,หมี่ถึง",เชียงใหม่,7,รายชื่อสถานประกอบการ,บริษัท ตุงหมิงนานอุตสาหกรรม จำกัด,5497547,ลวงเหนือ,2567,ดอยสะเก็ด
4782,ผลิตน้ำประปา,เชียงใหม่,10000000,รายชื่อสถานประกอบการ,บริษัท ไฮโดรเท็ค จำกัด (มหาชน),0,แม่แฝกใหม่,2567,สันทราย
4783,ผลิตน้ำประปา,เชียงใหม่,4,รายชื่อสถานประกอบการ,บริษัท ไฮโดรเท็ค จำกัด (มหาชน),140440000,เมืองเล็น,2567,สันทราย
4784,ผลิตน้ำประปา,เชียงใหม่,8,รายชื่อสถานประกอบการ,บริษัท เอเบิล อินดัสตรีส์ จำกัด,0,น้ำแพร่,2567,หางดง
4785,คัดและบรรจุผลไม้และผลผลิตทางการเกษตร,เชียงใหม่,2500000,รายชื่อสถานประกอบการ,บริษัท ทรายทอง โกลเบิลฟรุต จำกัด,0,แม่สูน,2567,ฝาง
4786,ห้องเย็นเก็บผักและผลไม้,เชียงใหม่,1000000,รายชื่อสถานประกอบการ,บริษัท เชียงใหม่บูรพาห้องเย็น กรุ๊ป จำกัด,0,บ้านกลาง,2567,สันป่าตอง
4787,ห้องเย็น เพื่อแช่พืช ผัก ผลไม้ ,เชียงใหม่,800000,รายชื่อสถานประกอบการ,ห้องเย็นชัยมงคล,0,แม่ข่า,2567,ฝาง
4788,ห้องเย็น,เชียงใหม่,4000000,รายชื่อสถานประกอบการ,บริษัท พิสิทธิชัยอินเตอร์เนชั่นแนล จำกัด,0,สารภี,2567,สารภี
4789,ห้องเย็น,เชียงใหม่,200000,รายชื่อสถานประกอบการ,นายวีระยุทธ์ เมธากิจตระกูล,0,สันพระเนตร,2567,สันทราย
4790,ห้องเย็น เก็บพืชผลทางการเกษตร และอื่น ๆ,เชียงใหม่,4000000,รายชื่อสถานประกอบการ,บริษัท เอี่ยมกสิกิจ จำกัด,0,บ้านกลาง,2567,สันป่าตอง
4791,ห้องเย็น,เชียงใหม่,1000000,รายชื่อสถานประกอบการ,บริษัท ห้องเย็นปรมี จำกัด,0,ฟ้าฮ่าม,2567,เมืองเชียงใหม่
4792,ห้องเย็น,เชียงใหม่,0,รายชื่อสถานประกอบการ,ทวีผลพืชไร่,0,แม่แฝกใหม่,2567,สันทราย
4793,ห้องเย็นเก็บพืช ผัก ผลไม้,เชียงใหม่,10000000,รายชื่อสถานประกอบการ,ห้องเย็น ว.วีรภัทร์,0,โป่งน้ำร้อน,2567,ฝาง
4794,ห้องเย็นรับฝากสินค้า และผลิตอาหารสำเร็จรูป ต้ม นึ่ง และอบพืชผักผลไม้ทุกชนิด,เชียงใหม่,1000000,รายชื่อสถานประกอบการ,บริษัท ล้านนา ฟรุตส์ จำกัด,0,ท่าวังพร้าว,2567,สันป่าตอง
4795,ห้องเย็น,เชียงใหม่,2000000,รายชื่อสถานประกอบการ,บริษัท ซิ่งเฟิง อุตสาหกรรมอาหาร จำกัด,0,ดอยหล่อ,2567,ดอยหล่อ
4796,ห้องเย็นเก็บผลิตผลทางการเกษตร,เชียงใหม่,5000000,รายชื่อสถานประกอบการ,บริษัท พรีเซิร์ฟ อะโกร โปรดักส์ จำกัด,0,ขี้เหล็ก,2567,แม่ริม
4797,ห้องเย็น,เชียงใหม่,5000000,รายชื่อสถานประกอบการ,ห้องเย็นเสาร์แก้ว,0,สบเตี๊ยะ,2567,จอมทอง
4798,ห้องเย็นเก็บผลิตผลทางการเกษตร,เชียงใหม่,5000000,รายชื่อสถานประกอบการ,บริษัท พรีเซิร์ฟ อะโกร โปรดักส์ จำกัด,0,ขี้เหล็ก,2567,แม่ริม
4799,ห้องเย็น,เชียงใหม่,10000000,รายชื่อสถานประกอบการ,บริษัท เชียงใหม่บูรพาห้องเย็น กรุ๊ป จำกัด,0,บ้านกลาง,2567,สันป่าตอง
4800,ห้องเย็นเก็บสินค้าทางการเกษตร,เชียงใหม่,6000000,รายชื่อสถานประกอบการ,บริษัท มาตาโปรดักส์ จำกัด,0,สันทราย,2567,สารภี
4801,ห้องเย็น,เชียงใหม่,1000000,รายชื่อสถานประกอบการ,ศรีเจริญ,0,สันทราย,2567,สารภี
4802,ห้องเย็น,เชียงใหม่,5000000,รายชื่อสถานประกอบการ,บริษัท สหซินหลงสารภี จำกัด,0,สบเตี๊ยะ,2567,จอมทอง
4803,ห้องเย็น,เชียงใหม่,1000000,รายชื่อสถานประกอบการ,บริษัท บ้านตาล กัญชง จำกัด,0,บ้านตาล,2567,ฮอด
4804,ห้องเย็นเก็บผักและผลไม้,เชียงใหม่,15000000,รายชื่อสถานประกอบการ,สหกรณ์ผู้ปลูกหอมหัวใหญ่ฝาง จำกัด,0,ม่อนปิ่น,2567,ฝาง
4805,ห้องเย็น และล้าง ชำแหละ แกะ ต้ม นึ่ง ทอด หรือบดสัตว์ หรือส่วนหนึ่งส่วนใดของสัตว์,เชียงใหม่,7,รายชื่อสถานประกอบการ,บริษัท ซีพีเอฟ เรสเทอรองท์ แอนด์ฟู้ดเชน จำกัด,13000000,แม่แฝกใหม่,2567,สันทราย
4806,ห้องเย็น,เชียงใหม่,5000000,รายชื่อสถานประกอบการ,อำไพพรรณการเกษตร,0,บ้านกาด,2567,แม่วาง
4807,ห้องเย็น,เชียงใหม่,1000000,รายชื่อสถานประกอบการ,บริษัท ฟู๋ เซิง จำกัด,0,ดอยหล่อ,2567,ดอยหล่อ
4808,ให้บริการรับฝากสินค้าในห้องเย็น,เชียงใหม่,3000000,รายชื่อสถานประกอบการ,บริษัท เค.พี.ห้องเย็น จำกัด,0,แช่ช้าง,2567,สันกำแพง
4809,ห้องเย็นสำหรับเก็บรักษาพืชผลทางการเกษตร,เชียงใหม่,1000000,รายชื่อสถานประกอบการ,บริษัท นิ่มซี่เซ็งห้องเย็น จำกัด,0,บ้านกลาง,2567,สันป่าตอง
4810,ห้องเย็น,เชียงใหม่,10000000,รายชื่อสถานประกอบการ,บริษัท ที.เค.เค.จันทบุรี ฟู้ดส์ จำกัด,0,สันกลาง,2567,สันป่าตอง
4811,ห้องเย็นเก็บพืชผักและผลไม้,เชียงใหม่,57,รายชื่อสถานประกอบการ,บริษัท เชียงใหม่ธนาธรฟาร์ม จำกัด,101200000,แม่สูน,2567,ฝาง
4812,ห้องเย็น,เชียงใหม่,5000000,รายชื่อสถานประกอบการ,บริษัท ทิพย์เกษตร จำกัด,0,บ้านแม,2567,สันป่าตอง
4813,ห้องเย็น,เชียงใหม่,5000000,รายชื่อสถานประกอบการ,พรเจริญ พืชผล,0,ดอนแก้ว,2567,แม่ริม
4814,ห้องเย็น,เชียงใหม่,3000000,รายชื่อสถานประกอบการ,บริษัท มงคลแอนด์ซันส์ฟาร์ม จำกัด ,0,สันโป่ง,2567,แม่ริม
4815,ห้องเย็น เก็บผลิตผลการเกษตร,เชียงใหม่,5000000,รายชื่อสถานประกอบการ,บริษัท นิ่มซี่เส็งห้องเย็น จำกัด,0,ฟ้าฮ่าม,2567,เมืองเชียงใหม่
4816,ห้องเย็นเก็บรักษาพืชผลทางการเกษตร,เชียงใหม่,1000000,รายชื่อสถานประกอบการ,สีดาการเกษตร,0,ท่าวังพร้าว,2567,สันป่าตอง
4817,ห้องเย็นเก็บพืชผลทางการเกษตร,เชียงใหม่,5000000,รายชื่อสถานประกอบการ,บริษัท เชียงใหม่เฟรช โปรดักส์ จำกัด,0,ดอนเปา,2567,แม่วาง
4818,เก็บอาหารแช่แข็ง,เชียงใหม่,4,รายชื่อสถานประกอบการ,เอ็ม เอ็ม โฟรเซ่นฟู้ด เชียงใหม่,85000000,สันกลาง,2567,สันป่าตอง
4819,"ห้องเย็นและตัดแต่ง, แช่แข็ง พืช ผัก ผลไม้",เชียงใหม่,1189,รายชื่อสถานประกอบการ,บริษัท ลานนาเกษตรอุตสาหกรรม จำกัด,972630955,สารภี,2567,สารภี
4820,ห้องเย็น,เชียงใหม่,5000000,รายชื่อสถานประกอบการ,บริษัท เชียงใหม่ธนาธรฟาร์ม จำกัด,0,สันทราย,2567,ฝาง
4821,ห้องเย็นเพื่อเก็บอาหารทะเล เนื้อสัตว์ และพืช ผัก ผลไม้,เชียงใหม่,3000000,รายชื่อสถานประกอบการ,ห้างหุ้นส่วนจำกัด ศรีสุวรรณพัฒนาการค้า,0,ฟ้าฮ่าม,2567,เมืองเชียงใหม่
4822,ห้องเย็น,เชียงใหม่,0,รายชื่อสถานประกอบการ,บริษัท เค.พี.(จอมทอง) จำกัด,0,บ้านแปะ,2567,จอมทอง
4823,ห้องเย็นเก็บผลิตผลทางการเกษตร,เชียงใหม่,63,รายชื่อสถานประกอบการ,บริษัท พรีเซิร์ฟ อะโกร โปรดักส์ จำกัด,115000000,ขี้เหล็ก,2567,แม่ริม
4824,ห้องเย็น,เชียงใหม่,10000000,รายชื่อสถานประกอบการ,บริษัท ห้องเย็น เจริญใจ จำกัด,0,ไชยสถาน,2567,สารภี
4825,ห้องเย็นเก็บผลิตผลทางการเกษตร,เชียงใหม่,10,รายชื่อสถานประกอบการ,ห้องเย็นแสงหล้า,7250000,ปงตำ,2567,ไชยปราการ
4826,ซ่อมและเคาะพ่นสีรถยนต์,เชียงใหม่,1000000,รายชื่อสถานประกอบการ,บริษัท เจริญมอเตอร์เบนซ์ จำกัด,0,ศรีภูมิ,2567,เมืองเชียงใหม่
4827,ศูนย์บริการซ่อมรถยนต์,เชียงใหม่,4500000,รายชื่อสถานประกอบการ,บริษัท มิตซูเชียงใหม่ จำกัด,0,ท่าศาลา,2567,เมืองเชียงใหม่
4828,"ซ่อมรถยนต์,ปะ-เปลี่ยนยางรถยนต์",เชียงใหม่,2000000,รายชื่อสถานประกอบการ,ป.เฮงสวัสดิ์,0,สุเทพ,2567,เมืองเชียงใหม่
4829,ซ่อมและเคาะพ่นสีรถยนต์,เชียงใหม่,500000,รายชื่อสถานประกอบการ,บริษัท อู่ตู่ อะไหล่ยนต์ จำกัด,0,หนองผึ้ง,2567,สารภี
4830,ซ่อมแซม และ เคาะ-พ่นสีรถยนต์,เชียงใหม่,27,รายชื่อสถานประกอบการ,เปรม พาวเวอร์ ศูนย์ซ่อมสีและตัวถัง,6550000,สันผักหวาน,2567,หางดง
4831,ศูนย์บริการ เคาะพ่นสีรถยนต์,เชียงใหม่,2000000,รายชื่อสถานประกอบการ,เชียงแสง,0,ดอนแก้ว,2567,แม่ริม
4832,ศูนย์จำหน่าย บริการซ่อมบำรุง และเคาะพ่นสีรถยนต์,เชียงใหม่,20000000,รายชื่อสถานประกอบการ,บริษัท โตโยต้านครพิงค์ เชียงใหม่ จำกัด,0,หนองจ๊อม,2567,สันทราย
4833,ซ่อมตัวถังและสีรถยนต์,เชียงใหม่,20000000,รายชื่อสถานประกอบการ,บริษัท แสงตะวัน พีเอส จำกัด,0,ดอนแก้ว,2567,แม่ริม
4834,ศูนย์บริการซ่อมรถยนต์,เชียงใหม่,1000000,รายชื่อสถานประกอบการ,บริษัท เบส ออโต้เซลส์ จำกัด,0,หนองจ๊อม,2567,สันทราย
4835,ซ่อมรถยนต์และเคาะพ่นสีรถยนต์,เชียงใหม่,2000000,รายชื่อสถานประกอบการ,นายกิตติพงศ์ มณีชุติภาส,0,มะขามหลวง,2567,สันป่าตอง
4836,ศูนย์บริการซ่อม และพ่นสีรถยนต์,เชียงใหม่,25000000,รายชื่อสถานประกอบการ,บริษัท เชียงใหม่ ฮอนค้า ออโตโมบิล จำกัด,0,สันทรายน้อย,2567,สันทราย
4837,เคาะ-พ่นสี และซ่อมรถยนต์,เชียงใหม่,1000000,รายชื่อสถานประกอบการ,บริษัท นิวไดมอนด์ จำกัด,0,สันผีเสื้อ,2567,เมืองเชียงใหม่
4838,"ศูนย์จำหน่าย, บริการซ่อมและเคาะพ่นสีรถยนต์",เชียงใหม่,30000000,รายชื่อสถานประกอบการ,บริษัท โตโยต้าเชียงใหม่ จำกัด สาขาสี่แยกไฮเวย์,0,ท่าศาลา,2567,เมืองเชียงใหม่
4839,ศูนย์บริการซ่อมรถยนต์,เชียงใหม่,4500000,รายชื่อสถานประกอบการ,บริษัท มิตซูเชียงใหม่ จำกัด(สาขาหางดง),0,หนองควาย,2567,หางดง
4840,ศูนย์บริการซ่อมแซมรถยนต์,เชียงใหม่,1000000,รายชื่อสถานประกอบการ,บี-ควิก สาขาโลตัส รวมโชค,0,ฟ้าฮ่าม,2567,เมืองเชียงใหม่
4841,จำหน่ายและซ่อมรถยนต์,เชียงใหม่,2000000,รายชื่อสถานประกอบการ,บริษัท ธารา จำกัด สาขาสารภี,0,สารภี,2567,สารภี
4842,ซ่อมรถยนต์,เชียงใหม่,17,รายชื่อสถานประกอบการ,ห้างหุ้นส่วนจำกัด อีซูซุ ศาลาฟาสเตอร์ เชียงใหม่,11800000,สันกลาง,2567,สันป่าตอง
4843,ซ่อมรถยนต์,เชียงใหม่,1000000,รายชื่อสถานประกอบการ,บริษัท อรรถพรและบุตร จำกัด,0,วัดเกต,2567,เมืองเชียงใหม่
4844,ศูนย์บริการซ่อมแซมรถยนต์,เชียงใหม่,1000000,รายชื่อสถานประกอบการ,บี-ควิก สาขาโลตัส หางดง,0,ป่าแดด,2567,เมืองเชียงใหม่
4845,ศูนย์จำหน่าย บริการซ่อม และเคาะพ่นสีรถยนต์,เชียงใหม่,5000000,รายชื่อสถานประกอบการ,บริษัท ฮอนด้าพาราไดซ์ เชียงใหม่ จำกัด,0,หนองจ๊อม,2567,สันทราย
4846,ศูนย์บริการซ่อมแซมรถยนต์,เชียงใหม่,0,รายชื่อสถานประกอบการ,บี-ควิก สาขาบิ๊กซีไฮเวย์ สาขา 2,0,หนองป่าครั่ง,2567,เมืองเชียงใหม่
4847,ซ่อมรถยนต์,เชียงใหม่,1000000,รายชื่อสถานประกอบการ,บริษัท สยามนิสสัน เชียงใหม่ จำกัด,0,วัดเกต,2567,เมืองเชียงใหม่
4848,ซ่อมเคาะพ่นสีรถยนต์,เชียงใหม่,500000,รายชื่อสถานประกอบการ,บริษัท วี เอ็น ออโต้ บอดี้ จำกัด,0,แม่เหียะ,2567,เมืองเชียงใหม่
4849,ศูนย์บริการซ่อมแซมรถยนต์,เชียงใหม่,1000000,รายชื่อสถานประกอบการ,บี-ควิก สาขาบิ๊กซี หางดง สาขา 2,0,หางดง,2567,หางดง
4850,ซ่อม พ่นสีรถจักรยานยนต์,เชียงใหม่,1000000,รายชื่อสถานประกอบการ,บริษัท นิยมพานิช จำกัด,0,สุเทพ,2567,เมืองเชียงใหม่
4851,"ซ่อมรถยนต์,รถจักรยานยนต์",เชียงใหม่,1000000,รายชื่อสถานประกอบการ,บริษัท โตโยต้า เชียงใหม่ จำกัด,0,สันทราย,2567,ฝาง
4852,ซ่อมรถยนต์,เชียงใหม่,100000000,รายชื่อสถานประกอบการ,บริษัท มาสด้าเชียงใหม่ จำกัด,0,หนองผึ้ง,2567,สารภี
4853,ซ่อมรถยนต์,เชียงใหม่,2000000,รายชื่อสถานประกอบการ,บริษัท วี กรุ๊ป เอไอ เชียงใหม่ จำกัด,0,หนองควาย,2567,หางดง
4854,ซ่อมบำรุงรถยนต์,เชียงใหม่,5000000,รายชื่อสถานประกอบการ,บริษัท โตโยต้า เชียงใหม่ จำกัด,0,สุเทพ,2567,เมืองเชียงใหม่
4855,เคาะ-พ่นสีรถยนต์,เชียงใหม่,500000,รายชื่อสถานประกอบการ,ห้างหุ้นส่วนจำกัด อู่ทานการช่าง เชียงใหม่3,0,ท่าศาลา,2567,เมืองเชียงใหม่
4856,ศูนย์ซ่อมบริการและเคาะพ่นสีรถยนต์,เชียงใหม่,1000000,รายชื่อสถานประกอบการ,อู่ยิ่งเจริญ,0,สันกลาง,2567,สันกำแพง
4857,ซ่อมรถยนต์,เชียงใหม่,3000000,รายชื่อสถานประกอบการ,บริษัท สยามนิสสัน เชียงใหม่ จำกัด,0,ท่าศาลา,2567,เมืองเชียงใหม่
4858,ซ่อมรถยนต์ เคาะพ่นสีรถยนต์,เชียงใหม่,1000000,รายชื่อสถานประกอบการ,บริษัท นิธิบูรณ์ ออโต้เซลล์ จำกัด,0,ช้างเผือก,2567,เมืองเชียงใหม่
4859,ศูนย์บริการ ซ่อม และเคาะ-พ่นสีรถยนต์,เชียงใหม่,500000,รายชื่อสถานประกอบการ,บริษัท พี ออโต้ เพ้นท์ จำกัด,0,ป่าลาน,2567,ดอยสะเก็ด
4860,ซ่อมแซมเครื่องยนต์ ซ่อมแซมเคาะพ่นสีถังรถยนต์ และพ่นสีกันสนิมรถยนต์,เชียงใหม่,20,รายชื่อสถานประกอบการ,อู่หม่องบริการ,8000000,ท่าศาลา,2567,เมืองเชียงใหม่
4861,ซ่อมรถยนต์,เชียงใหม่,300000,รายชื่อสถานประกอบการ,อู่พีรพัฒน์ ดีเซล,0,แม่แวน,2567,พร้าว
4862,ศูนย์บริการซ่อมรถยนต์ (Ford),เชียงใหม่,25,รายชื่อสถานประกอบการ,บริษัท อเมริกันมอเตอร์ส (เชียงใหม่) จำกัด,70000000,ฟ้าฮ่าม,2567,เมืองเชียงใหม่
4863,ซ่อมแซมรถยนต์ เครื่องยนต์ ซ่อมแซมเคาะพ่นสีตัวถังรถยนต์ และพ่นสี,เชียงใหม่,45,รายชื่อสถานประกอบการ,บริษัท โตโยต้านครพิงค์ เชียงใหม่ จำกัด,265000000,แม่เหียะ,2567,เมืองเชียงใหม่
4864,ซ่อมและเคาะพ่นสีรถยนต์,เชียงใหม่,30000000,รายชื่อสถานประกอบการ,ห้างหุ้นส่วนจำกัด อีซูซุศาลาฟาสเตอร์เชียงใหม่,0,หนองจ๊อม,2567,สันทราย
4865,ซ่อมรถยนต์ และเคาะ-พ่นสีรถยนต์,เชียงใหม่,1000000,รายชื่อสถานประกอบการ,บริษัท สกุลชัยบิวดิ้ง จำกัด,0,ท่าศาลา,2567,เมืองเชียงใหม่
4866,ศูนย์บริการซ่อมแซมรถยนต์ และ ซ่อมสีตัวถังรถยนต์,เชียงใหม่,20000000,รายชื่อสถานประกอบการ,บริษัท โตโยต้าอินทนนท์ จำกัด,0,ไชยสถาน,2567,สารภี
4867,ซ่อมรถยนต์,เชียงใหม่,15000000,รายชื่อสถานประกอบการ,บริษัท บาเซโลนา มอเตอร์ จำกัด,0,ฟ้าฮ่าม,2567,เมืองเชียงใหม่
4868,เกี่ยวกับรถยนต์ การสร้าง ประกอบ ดัดแปลง เปลี่ยนแปลงสภาพ การทำหลังคารถต่างๆ เช่น รถพยาบาล รถโดยสาร ฯลฯ และการซ่อมบำรุงรถยนต์,เชียงใหม่,30,รายชื่อสถานประกอบการ,ห้างหุ้นส่วนจำกัด เชียงใหม่ ชุนศิลป์,35000000,หนองผึ้ง,2567,สารภี
4869,ซ่อมรถยนต์ เคาะพ่นสีรถยนต์,เชียงใหม่,1000000,รายชื่อสถานประกอบการ,ห้างหุ้นส่วนจำกัด ทรายทอง ออโต้ คาร์,0,สันปูเลย,2567,ดอยสะเก็ด
4870,ซ่อมรถยนต์ ยางรถยนต์,เชียงใหม่,6,รายชื่อสถานประกอบการ,ห้างหุ้นส่วนจำกัด นพรัตน์ยางยนต์เชียงใหม่,16200000,หนองหอย,2567,เมืองเชียงใหม่
4871,ศูนย์จำหน่าย บริการซ่อม และเคาะ พ่น สีรถยนต์,เชียงใหม่,80000000,รายชื่อสถานประกอบการ,บริษัท แมทริกซ์ ฮอนด้า ออโตโมบิล จำกัด,0,หนองป่าครั่ง,2567,เมืองเชียงใหม่
4872,ซ่อมรถยนต์,เชียงใหม่,3000000,รายชื่อสถานประกอบการ,บริษัท พิงคนครเเซลแอนด์เซอร์วิส จำกัด,0,ท่าศาลา,2567,เมืองเชียงใหม่
4873,ซ่อมรถยนต์,เชียงใหม่,2000000,รายชื่อสถานประกอบการ,บริษัท วี เพอร์เฟค ออโต้คาร์ จำกัด,0,หนองควาย,2567,หางดง
4874,ซ่อมรถยนต์และเคาะ-พ่นสีรถยนต์,เชียงใหม่,5000000,รายชื่อสถานประกอบการ,บริษัท พิงคนครเซลแอนด์เซอร์วิส จำกัด,0,แม่เหียะ,2567,เมืองเชียงใหม่
4875,"ซ่อมรถยนต์,ต่อตัวถังรถ",เชียงใหม่,100000,รายชื่อสถานประกอบการ,บริษัท เชียงใหม่ทวีผล คอนสตรัคชั่น จำกัด,0,หางดง,2567,หางดง
4876,ซ่อมและพ่นสีรถยนต์,เชียงใหม่,1000000,รายชื่อสถานประกอบการ,บริษัท พี.เจ.ออโตเซอร์วิส จำกัด,0,ชมภู,2567,สารภี
4877,"เคาะพ่นสีรถยนต์,ซ่อมรถยนต์",เชียงใหม่,12,รายชื่อสถานประกอบการ,ห้างหุ้นส่วนจำกัด อีสานรุ่งเรือง เชียงใหม่,8230000,สันทรายน้อย,2567,สันทราย
4878,ตั้งศูนย์ถ่วงล้อ เปลี่ยนยาง ปะยาง ซ่อมช่วงล่างรถบรรทุกและรถยนต์นั่งสว่นบุคคล,เชียงใหม่,10000000,รายชื่อสถานประกอบการ,ห้างหุ้นส่วนสามัญนิติบุคคลเวียงพิงค์แอทแวนเทจ,0,ยางเนิ้ง,2567,สารภี
4879,ซ่อมรถยนต์,เชียงใหม่,100000,รายชื่อสถานประกอบการ,สุรกิจกลการ,0,วัดเกต,2567,เมืองเชียงใหม่
4880,ซ่อมรถยนต์,เชียงใหม่,5500000,รายชื่อสถานประกอบการ,บริษัท ไดนาสตี้ เอ็นเอสเอ จำกัด,0,ช้างคลาน,2567,เมืองเชียงใหม่
4881,ศูนย์ซ่อมบริการ เคาะ พ่นสีตัวถังรถยนต์,เชียงใหม่,1000000,รายชื่อสถานประกอบการ,ชัยเจริญดี 999,0,ป่าบง,2567,สารภี
4882,ซ่อมรถยนต์,เชียงใหม่,13,รายชื่อสถานประกอบการ,อู่เกรียงไกรกลการ,350000,ฟ้าฮ่าม,2567,เมืองเชียงใหม่
4883,ซ่อม-เคาะพ่นสีรถยนต์,เชียงใหม่,2400000,รายชื่อสถานประกอบการ,ห้างหุ้นส่วนจำกัด นครพิงค์ ไฮเวย์,0,ท่าศาลา,2567,เมืองเชียงใหม่
4884,ศูนย์จำหน่าย บริการซ่อมและเคาะ พ่นสีรถยนต์,เชียงใหม่,100000000,รายชื่อสถานประกอบการ,บริษัท โตโยต้า เชียงใหม่ จำกัด สาขาจอมทอง,0,ข่วงเปา,2567,จอมทอง
4885,ซ่อมรถยนต์,เชียงใหม่,1000000,รายชื่อสถานประกอบการ,บริษัท วี กรุ๊ป แซดเค จำกัด,0,ฟ้าฮ่าม,2567,เมืองเชียงใหม่
4886,เคาะ-พ่นสีรถยนต์,เชียงใหม่,50000,รายชื่อสถานประกอบการ,ห้างหุ้นส่วนจำกัด อู่จำลองกลการ 98,0,สันทราย,2567,ฝาง
4887,"ต่อตัวถัง,ทำสี และซ่อมแซมรถโดยสาร",เชียงใหม่,1000000,รายชื่อสถานประกอบการ,ห้างหุ้นส่วนจำกัด ดีอาร์.บัสบอดี้,0,บวกค้าง,2567,สันกำแพง
4888,ซ่อมและพ่นสีรถยนต์,เชียงใหม่,38,รายชื่อสถานประกอบการ,บริษัท บาเซโลนา มอเตอร์ จำกัด,57000000,ฟ้าฮ่าม,2567,เมืองเชียงใหม่
4889,"ซ่อมรถยนต์,เปลี่ยนยาง",เชียงใหม่,2000000,รายชื่อสถานประกอบการ,บริษัท พงศ์โชตนาการยาง จำกัด,0,ช้างเผือก,2567,เมืองเชียงใหม่
4890,ซ่อมรถยนต์,เชียงใหม่,1000000,รายชื่อสถานประกอบการ,บริษัท ชัยพัฒนาขนส่งเชียงใหม่ จำกัด,0,หนองป่าครั่ง,2567,เมืองเชียงใหม่
4891,ศูนย์บริการซ่อมรถยนต์,เชียงใหม่,5000000,รายชื่อสถานประกอบการ,บริษัท แสงชัยมอเตอร์เซลส์ จำกัด,0,ฟ้าฮ่าม,2567,เมืองเชียงใหม่
4892,ซ่อมแซมเครื่องยนต์ เคาะพ่นสีตัวถังรถยนต์,เชียงใหม่,2000000,รายชื่อสถานประกอบการ,บริษัท 88 ดาวรุ่ง จำกัด,0,แม่เหียะ,2567,เมืองเชียงใหม่
4893,ศูนย์บริการเคาะพ่นสี รถยนต์,เชียงใหม่,5000000,รายชื่อสถานประกอบการ,บริษัท อีซูซุเชียงใหม่เซลส์ จำกัด,0,หนองผึ้ง,2567,สารภี
4894,ตั้งศูนย์ถ่วงล้อและปะยงรถยนต์,เชียงใหม่,3000000,รายชื่อสถานประกอบการ,บริษัท เชียงใหม่เวียงพิงค์การยาง จำกัด,0,ฟ้าฮ่าม,2567,เมืองเชียงใหม่
4895,ซ่อมรถยนต์,เชียงใหม่,0,รายชื่อสถานประกอบการ,บริษัท อีซูซุ เชียงใหม่เซลส์ จำกัด,0,หนองผึ้ง,2567,สารภี
4896,ศูนย์บริการซ่อมรถยนต์,เชียงใหม่,1000000,รายชื่อสถานประกอบการ,บริษัท เซฟเวย์ ออโต้ เซอร์วิส จำกัด,0,ช้างคลาน,2567,เมืองเชียงใหม่
4897,ซ่อมรถยนต์ และเคาะพ่นสีรถยนต์,เชียงใหม่,600000,รายชื่อสถานประกอบการ,บริษัท อริยกิจ จี.พี. จำกัด,0,สันพระเนตร,2567,สันทราย
4898,ซ่อมและเคาะพ่นสีรถยนต์,เชียงใหม่,10000000,รายชื่อสถานประกอบการ,ห้างหุ้นส่วนจำกัด ยิ่งเจริญรุ่งเกียรติโชคชัย,0,แม่ข่า,2567,ฝาง
4899,เคาะ-พ่นสีรถยนต์,เชียงใหม่,25,รายชื่อสถานประกอบการ,อ.การาจเจริญยนต์,9100000,ดอนแก้ว,2567,สารภี
4900,ซ่อมรถยนต์,เชียงใหม่,39,รายชื่อสถานประกอบการ,บริษัท ธารา จำกัด (สาขาหนองป่าครั่ง),0,หนองป่าครั่ง,2567,เมืองเชียงใหม่
4901,ซ่อมรถยนต์,เชียงใหม่,20000000,รายชื่อสถานประกอบการ,บริษัท ธารา จำกัด สาขาสนามบิน,0,สุเทพ,2567,เมืองเชียงใหม่
4902,ศูนย์บริการซ่อมรถยนต์,เชียงใหม่,1000000,รายชื่อสถานประกอบการ,บริษัท แสงชัยมอเตอร์เซลส์ จำกัด,0,แม่เหียะ,2567,เมืองเชียงใหม่
4903,ศูนย์บริการซ่อมรถยนต์ และบริการซ่อมสีรถยนต์,เชียงใหม่,10000000,รายชื่อสถานประกอบการ,บริษัท โตโยต้าริช จำกัด,0,สันพระเนตร,2567,สันทราย
4904,ซ่อมรถยนต์และซ่อมเคาะพ่นสีรถยนต์,เชียงใหม่,30000000,รายชื่อสถานประกอบการ,ห้างหุ้นส่วนจำกัด อีซูซุศาลาฟาสเตอร์เชียงใหม่,0,ข่วงเปา,2567,จอมทอง
4905,ซ่อมรถยนต์ และเคาะพ่นสีรถยนต์,เชียงใหม่,102,รายชื่อสถานประกอบการ,บริษัท โตโยต้า ล้านนา จำกัด,306000000,ช้างเผือก,2567,เมืองเชียงใหม่
4906,ศูนย์บริการซ่อมรถยนต์ และยานยนต์ทุกประเภท,เชียงใหม่,500000,รายชื่อสถานประกอบการ,บริษัท วี-เพ้นท์ ออโต้เซอร์วิส จำกัด,0,ช้างเผือก,2567,เมืองเชียงใหม่
4907,ซ่อมแซมรถยนต์ และเคาะพ่นสีตัวถัง,เชียงใหม่,3000000,รายชื่อสถานประกอบการ,ห้างหุ้นส่วนจำกัด เศรษฐศักดิ์ บริการ,0,หนองผึ้ง,2567,สารภี
4908,ซ่อม เคาะพ่นสีรถยนต์,เชียงใหม่,20,รายชื่อสถานประกอบการ,บริษัท วิริยะมาสด้า (2004) จำกัด,10400000,หนองจ๊อม,2567,สันทราย
4909,ซ่อมและพ่นสีรถยนต์,เชียงใหม่,3800000,รายชื่อสถานประกอบการ,บริษัท นครพิงค์เวอร์คช็อพ จำกัด,0,สันนาเม็ง,2567,สันทราย
4910,ซ่อมและเคาะพ่นสีรถยนต์ 60 คัน/ปี,เชียงใหม่,150000,รายชื่อสถานประกอบการ,ห้างหุ้นส่วนจำกัด หมื่นการช่าง,0,ต้นเปา,2567,สันกำแพง
4911,ซักรีด ซักแห้ง เครื่องนุ่งห่ม,เชียงใหม่,500000,รายชื่อสถานประกอบการ,ห้างหุ้นส่วนจำกัด นอร์ทเทิร์นลอนดรี เซอร์วิส,0,ป่าป้อง,2567,ดอยสะเก็ด
4912,"ซัก,อบ,รีดผ้า",เชียงใหม่,500000,รายชื่อสถานประกอบการ,ห้างหุ้นส่วนจำกัด มาสเตอร์คลีนลอนดรี้ แอนด์ เซอร์วิส,0,ริมเหนือ,2567,แม่ริม
4913,ซัก อบ รีดผ้า และย้อมผ้า,เชียงใหม่,200000,รายชื่อสถานประกอบการ,ห้างหุ้นส่วนจำกัด สโนไวท์ ลอนลี่,0,ป่าแดด,2567,เมืองเชียงใหม่
4914,ซัก อบ รีด เสื้อผ้า ผ้าคลุมเตียง ผ้าห่ม,เชียงใหม่,200000,รายชื่อสถานประกอบการ,พี.อาร์.ลอนดรี แอนด์ เซอร์วิส,0,สันป่าเปา,2567,สันทราย
4915,โรงงานซักรีด ซักแห้ง ซักฟอก รีด อัด เครื่องนุ่งห่ม พรมหรือขนสัตว์,เชียงใหม่,1500000,รายชื่อสถานประกอบการ,ห้างหุ้นส่วนจำกัด ปาณิฐิตา,0,แม่คือ,2567,ดอยสะเก็ด
4916,โม่ บด ย่อยหิน,เชียงใหม่,10000000,รายชื่อสถานประกอบการ,บริษัท อาเชี่ยน จำกัด,0,บ้านแปะ,2567,จอมทอง
4917,โม่ บด ย่อยหิน,เชียงใหม่,26000000,รายชื่อสถานประกอบการ,บริษัท เชียงใหม่สหศิลา จำกัด,0,ศรีดงเย็น,2567,ไชยปราการ
4918,โม่ บด หรือย่อยหิน,เชียงใหม่,10000000,รายชื่อสถานประกอบการ,บริษัท เชียงใหม่ ที.ดี. จำกัด,0,บ้านแปะ,2567,จอมทอง
4919,โม บด หรือย่อยหิน,เชียงใหม่,0,รายชื่อสถานประกอบการ,บริษัท ปิยะกิจโยธาการ จำกัด,0,แม่แตง,2567,แม่แตง
4920,โม่ บด หรือย่อยหิน,เชียงใหม่,35,รายชื่อสถานประกอบการ,บริษัท สยามสโตน แอ๊กกริเกรท จำกัด,0,แม่โป่ง,2567,ดอยสะเก็ด
4921,โม่ บด หรือย่อยหิน,เชียงใหม่,25000000,รายชื่อสถานประกอบการ,บริษัท เขตศิลา จำกัด,0,บ้านแปะ,2567,จอมทอง
4922,โม่ บด หรือย่อยหิน,เชียงใหม่,10000000,รายชื่อสถานประกอบการ,เชียงใหม่ไท้เซียง,0,บ้านแปะ,2567,จอมทอง
4923,โม่ บด หรือย่อยหิน,เชียงใหม่,27,รายชื่อสถานประกอบการ,บริษัท เอ็มแพค ไมนิ่ง จำกัด,155000000,บ้านแปะ,2567,จอมทอง
4924,โม่ บด และย่อยหิน,เชียงใหม่,27,รายชื่อสถานประกอบการ,นางมัณฑณา ลี้ตระกูล,290000000,บ้านแปะ,2567,จอมทอง
4925,ทำผลิตภัณฑ์จากไม้ไผ่ เช่น ตะเกียบ,เชียงใหม่,50,รายชื่อสถานประกอบการ,ไผ่ทองอุตสาหกรรม,2269654,ป่าบง,2567,สารภี
4926,ทำเส้นก๋วยเตี๋ยว และเส้นหมี่,เชียงใหม่,8,รายชื่อสถานประกอบการ,แสงประทีป,800000,สันปูเลย,2567,ดอยสะเก็ด
4927,ทำน้ำแข็งก้อนเล็ก ,เชียงใหม่,1000000,รายชื่อสถานประกอบการ,ห้างหุ้นส่วนจำกัด วารีเทพ สันกำแพง,0,ทรายมูล,2567,สันกำแพง
4928,ทำน้ำแข็งก้อนเล็ก,เชียงใหม่,50000,รายชื่อสถานประกอบการ,โรงน้ำแข็งสุขเสรี,0,ช้างเผือก,2567,เมืองเชียงใหม่
4929,ทำน้ำแข็งซองได้วันละ 1200 ซอง และทำน้ำแข็งก้อนเล็กได้วันละ 1,เชียงใหม่,300000,รายชื่อสถานประกอบการ,ห้างหุ้นส่วนจำกัด เวียงพิงค์ไอซ์,0,หนองหอย,2567,เมืองเชียงใหม่
4930,ผลิตอาหารสัตว์,เชียงใหม่,1000000,รายชื่อสถานประกอบการ,บริษัท อาร์.พี.เอ็ม ฟาร์ม แอนด์ ฟีด จำกัด,0,หนองควาย,2567,หางดง
4931,ผลิตอาหารผสม หรืออาหารสำเร็จรูปสำหรับเลี้ยงสัตว์,เชียงใหม่,5000000,รายชื่อสถานประกอบการ,บริษัท โฟร์ ที จำกัด,0,ดอยหล่อ,2567,ดอยหล่อ
4932,บดถั่วเหลืองสำหรับเป็นส่วนผสมอาหารสัตว์,เชียงใหม่,500000,รายชื่อสถานประกอบการ,ห้างหุ้นส่วนจำกัด โรงสีข้าวรวงทองเชียงใหม่,0,เชิงดอย,2567,ดอยสะเก็ด
4933,ผลิตโซดา และน้ำดื่ม,เชียงใหม่,165,รายชื่อสถานประกอบการ,บริษัท เชียงใหม่ เบเวอเรช จำกัด,1160000000,ยางเนิ้ง,2567,สารภี
4934,ผลิตน้ำแร่ น้ำดื่ม และขวดพลาสติก,เชียงใหม่,90,รายชื่อสถานประกอบการ,บริษัท ทิปโก้ฟูดส์ จำกัด (มหาชน),400000000,โป่งแยง,2567,แม่ริม
4935,ทำวงกบประตู-หน้าต่าง เครื่องเรือนเครื่องใช้ในบ้านเรือน และไม้เซาะร่องรางลิ้นอัดเป็นแผ่นสำเร็จ,เชียงใหม่,1000000,รายชื่อสถานประกอบการ,นายนพรัตน์ นิมมานวัฒนา,0,น้ำแพร่,2567,หางดง
4936,ทำเครื่องเรือนจากไม้ เช่น ตู้ โต๊ะ เตียง,เชียงใหม่,3950000,รายชื่อสถานประกอบการ,ตนานุวัฒน์เฟอร์นิเจอร์,0,แม่เหียะ,2567,เมืองเชียงใหม่
4937,ฆ่าและชำแหละสุกร,เชียงใหม่,80000000,รายชื่อสถานประกอบการ,บริษัท วีพีเอฟ กรุ๊ป (1973) จำกัด,0,ชมภู,2567,สารภี
4938,แปรรูปผลิตภัณฑ์จากผึ้ง เช่น น้ำผึ้ง นมผึ้ง เกสรผึ้ง และไขผึ้ง ,เชียงใหม่,25000000,รายชื่อสถานประกอบการ,บริษัท เชียงใหม่ เฮลดี้ โปรดักส์ จำกัด,0,สารภี,2567,สารภี
4939,ผลิตนมพาสเจอร์ไรส์และนมเปรี้ยวพร้อมดื่ม,เชียงใหม่,8,รายชื่อสถานประกอบการ,สหกรณ์โคนมเชียงใหม่ จำกัด,30000000,ไชยสถาน,2567,สารภี
4940,ผลิตผักและผลไม้บรรจุกระป๋องสำเร็จรูป,เชียงใหม่,110000000,รายชื่อสถานประกอบการ,บริษัท สันติภาพ (ฮั่วเพ้ง 1958) จำกัด,0,แม่แฝกใหม่,2567,สันทราย
4941,ทำผลไม้บรรุกระป๋อง,เชียงใหม่,2000000,รายชื่อสถานประกอบการ,บริษัท โอ.วี.อินเตอร์เนชั่นแนล อิมปอร์ต-เอ็กซ์ปอร์ต จำกัด,0,แม่ทะลบ,2567,ไชยปราการ
4942,แปรรูปผักและผลไม้บรรจุกระป๋อง แช่แข็งทุกชนิด,เชียงใหม่,140,รายชื่อสถานประกอบการ,บริษัท ซันสวีท จำกัด (มหาชน),996020762,ทุ่งสะโตก,2567,สันป่าตอง
4943,ทำอาหารกระป๋องจากผัก พืชหรือผลไม้และดองผักพืชหรือผลไม้,เชียงใหม่,75000000,รายชื่อสถานประกอบการ,บริษัท ช้างอวอดส์ (1959) จำกัด,0,แม่ข่า,2567,ฝาง
4944,ทำผลิตภัณฑ์อาหารจากผัก ผลไม้ บรรจุกระป๋อง,เชียงใหม่,20000000,รายชื่อสถานประกอบการ,บริษัท อาหารเชียงใหม่อุตสาหกรรม จำกัด,0,บ้านกลาง,2567,สันป่าตอง
4945,ทำอาหารและเครื่องดื่มจากผักผลไม้บรรจุกระป๋อง และผักผลไม้แช่แข็ง,เชียงใหม่,12000000,รายชื่อสถานประกอบการ,บริษัท ดอยคำผลิตภัณฑ์อาหาร จำกัด,0,แม่งอน,2567,ฝาง
4946,ทำผัก-ผลไม้ น้ำผัก-ผลไม้ บรรจุกระป๋อง,เชียงใหม่,10000000,รายชื่อสถานประกอบการ,บริษัท สหปราจีนบุรีอุตสาหกรรมอาหาร จำกัด,0,แม่สูน,2567,ฝาง
4947,ผลิตพืช ผัก ผลไม้ แช่แข็ง แบ่งบรรจุอาหารและเครื่องปรุงอาหารโดยไม่มีการผลิต,เชียงใหม่,569567526,รายชื่อสถานประกอบการ,บริษัท เชียงใหม่โฟรเซ่นฟูดส์ จำกัด (มหาชน),0,แม่แฝกใหม่,2567,สันทราย
4948,ผลิตพืช ผัก และผลไม้อบแห้ง,เชียงใหม่,20000000,รายชื่อสถานประกอบการ,บริษัท เอกมี เทรดดิ้ง อินเตอร์เนชั่นแนล จำกัด,0,ดอยหล่อ,2567,ดอยหล่อ
4949,ห้องเย็น,เชียงใหม่,4000000,รายชื่อสถานประกอบการ,บริษัท ห้องเย็นปรมีจำกัด,0,ฟ้าฮ่าม,2567,เมืองเชียงใหม่
4950,ขยายผลิตพืช ผัก ผลไม้แช่แข็ง และห้องเย็น,เชียงใหม่,16500000,รายชื่อสถานประกอบการ,บริษัท เชียงใหม่โฟรเซ่นฟูดส์ จำกัด (มหาชน),0,หนองจ๊อม,2567,สันทราย
4951,ผลิตและจำหน่ายขนมปัง,เชียงใหม่,100000,รายชื่อสถานประกอบการ,เวียงวราเบเกอรี่,0,ป่าบง,2567,สารภี
4952,ทำขนมปังปอนด์ ขนมเค้ก ขนมเปี๊ยะ,เชียงใหม่,8,รายชื่อสถานประกอบการ,มังกรทองเบเกอรี่,2550000,พระสิงห์,2567,เมืองเชียงใหม่
4953,ทำเส้นก๋วยเตี๋ยวและเส้นหมี่,เชียงใหม่,3,รายชื่อสถานประกอบการ,นายกิตติพล ศุภวนานุสรณ์,800000,สันทราย,2567,ฝาง
4954,ผลิตภัณฑ์อาหารจากแป้งเป็นเส้น,เชียงใหม่,45,รายชื่อสถานประกอบการ,ห้างหุ้นส่วนจำกัด เชียงใหม่ ลำปางเลิศรส,23500000,สุเทพ,2567,เมืองเชียงใหม่
4955,ผลิตใบชาแห้ง และใบชาผงไม่สำเร็จรูป,เชียงใหม่,5,รายชื่อสถานประกอบการ,บริษัท ชาสยาม จำกัด,30000000,อินทขิล,2567,แม่แตง
4956,"ทำไอศครีมแท่ง, ไอศครีมถ้วย",เชียงใหม่,9,รายชื่อสถานประกอบการ,สโนไวท์,5575000,ช้างม่อย,2567,เมืองเชียงใหม่
4957,คัด บรรจุและแปรรูปผลิตผลการเกษตร เช่น ลำไยสด ลำไยอบแห้ง ชาลำไย,เชียงใหม่,3,รายชื่อสถานประกอบการ,ห้างหุ้นส่วนจำกัด พรมกังวาน,2600000,สันทราย,2567,สารภี
4958,กะเทาะเปลือกถั่วลิสง,เชียงใหม่,4,รายชื่อสถานประกอบการ,ต.วิชัยพาณิชย์,11300000,วัดเกต,2567,เมืองเชียงใหม่
4959,คัดแยกคุณภาพเมล็ดกาแฟ,เชียงใหม่,6,รายชื่อสถานประกอบการ,มูลนิธิพัฒนาชาวเขาแบบผสมผสาน,92433196.56,สันผีเสื้อ,2567,เมืองเชียงใหม่
4960,กรอด้าย เข้าเกลียวด้าย,เชียงใหม่,15,รายชื่อสถานประกอบการ,โรงงานฝ้ายป่าไผ่,5800000,เหมืองแก้ว,2567,แม่ริม
4961,ทอเสื่อกก,เชียงใหม่,35,รายชื่อสถานประกอบการ,บริษัท ไทตาตามิ โปรดักส์ จำกัด,12000000,หนองควาย,2567,หางดง
4962,ตัดเย็บเสื้อผ้าสำเร็จรูป,เชียงใหม่,74,รายชื่อสถานประกอบการ,บริษัท ซี.เอ็ม.แอพพาเรล จำกัด,11250000,เวียง,2567,พร้าว
4963,ผลิตออกแบบ เสื้อผ้าสำเร็จรูป ผ้าไหมไทย ผ้าฝ้ายและอื่นๆ,เชียงใหม่,52,รายชื่อสถานประกอบการ,บริษัท คลาสสิค โมเดล จำกัด,16000000,ป่าแดด,2567,เมืองเชียงใหม่
4964,ผลิต ผลิตภัณฑ์หรือชิ้นส่วนของผลิตภัณฑ์และเครื่องใช้เครื่องแต่งกาย จากหนังสัตว์ ขนสัตว์,เชียงใหม่,70,รายชื่อสถานประกอบการ,บริษัท เมซอง ทาคุยะ 21 (ประเทศไทย) จำกัด,6500000,ต้นเปา,2567,สันกำแพง
4965,โรงงานผลิตเครื่องใช้จากหวายและไม้ไผ่,เชียงใหม่,55,รายชื่อสถานประกอบการ,บริษัท บาย ปาริสรา อินเตอร์เอ็กซ์พอร์ต จำกัด,12700000,บ้านแหวน,2567,หางดง
4966,ประดิษฐ์ไม้แกะสลัก,เชียงใหม่,25,รายชื่อสถานประกอบการ,สิ่งประดิษฐ์ไม้แกะสลักอัศ+นุชนาถ,7250000,สุเทพ,2567,เมืองเชียงใหม่
4967,ผลิตของเล่นจากไม้,เชียงใหม่,21,รายชื่อสถานประกอบการ,บริษัท บุญเลิศ เกมส์ไม้ จำกัด,2000000,หนองหาร,2567,สันทราย
4968,ทำภาชนะบรรจุ และผลิตภัณฑ์จากกระดาษสา,เชียงใหม่,60,รายชื่อสถานประกอบการ,บริษัท ไทยแฮนดิคราฟท์ เอ็กซ์ปอร์ท เซ็นเตอร์ จำกัด,0,ต้นเปา,2567,สันกำแพง
4969,ผลิตผลิตภัณฑ์จากผึ้ง เช่น น้ำผื้ง ไขผึ้ง เกสรดอกไม้ นมผึ้ง,เชียงใหม่,25,รายชื่อสถานประกอบการ,บริษัท ฮันนี่ โพลีพลัส จำกัด,12000000,ท่าศาลา,2567,เมืองเชียงใหม่
4970,ผลิตภัณฑ์อาหารพร้อมรับประทาน,เชียงใหม่,52,รายชื่อสถานประกอบการ,บริษัท พรีเมี่ยมฟูดส์ จำกัด,33714500,แม่แฝก,2567,สันทราย
4971,ผลิตอาหารสำหรับสายการบิน,เชียงใหม่,50,รายชื่อสถานประกอบการ,บริษัท ครัวการบินกรุงเทพเชียงใหม่ จำกัด,180000000,สุเทพ,2567,เมืองเชียงใหม่
4972,พิมพ์ป้ายโฆษณาขนาดใหญ่ด้วยคอมพิวเตอร์,เชียงใหม่,30,รายชื่อสถานประกอบการ,บริษัท วีซายน์ มีเดีย จำกัด,17500000,หนองหอย,2567,เมืองเชียงใหม่
4973,คอนกรีตผสมเสร็จ,เชียงใหม่,8,รายชื่อสถานประกอบการ,บริษัท พี-มิกซ์ โปรดักส์ จำกัด,13000000,เหมืองแก้ว,2567,แม่ริม
4974,ผลิตคอนกรีตผสมเสร็จ,เชียงใหม่,2,รายชื่อสถานประกอบการ,789 คอนกรีต,8000000,เหมืองแก้ว,2567,แม่ริม
4975,ทำซีเมนต์บล็อก,เชียงใหม่,18,รายชื่อสถานประกอบการ,บริษัท ชัยทวีบล็อก จำกัด,13900000,ท่าวังตาล,2567,สารภี
4976,ผลิต จำหน่าย ผลิตภัณฑ์คอนกรีต,เชียงใหม่,8,รายชื่อสถานประกอบการ,ห้างหุ้นส่วนจำกัด สิงโตทอง คอนกรีต,8500000,สะเมิงใต้,2567,สะเมิง
4977,ผลิตคอนกรีตผสมเสร็จและผลิตภัณฑ์คอนกรีต,เชียงใหม่,9,รายชื่อสถานประกอบการ,ห้างหุ้นส่วนจำกัด เอ.เอ็น.วี คอนกรีต,7400000,ขี้เหล็ก,2567,แม่ริม
4978,ผลิตและจำหน่ายคอนกรีตผสมเสร็จ,เชียงใหม่,1,รายชื่อสถานประกอบการ,บริษัท พูนสวัสดิ์ คอนกรีต จำกัด,4400000,ป่าตุ้ม,2567,พร้าว
4979,ผลิตคอนกรีตผสมเสร็จ,เชียงใหม่,4,รายชื่อสถานประกอบการ,ห้างหุ้นส่วนจำกัด พงษ์ศรา คอนกรีต,390000,ช่างเคิ่ง,2567,แม่แจ่ม
4980,ประกอบเครื่องเรือนโลหะ,เชียงใหม่,6,รายชื่อสถานประกอบการ,บริษัท เอ็ม.เจ.สตีล จำกัด,4800000,หนองหาร,2567,สันทราย
4981,"กลึง, เชื่อมโลหะ",เชียงใหม่,4,รายชื่อสถานประกอบการ,นายสุธรรม แก้วหน่อวรรณ์,1900000,ยุหว่า,2567,สันป่าตอง
4982,ทำเครื่องใช้เล็ก ๆ จากโลหะ,เชียงใหม่,53,รายชื่อสถานประกอบการ,บริษัท ลอยฟ้า คอลเลคชั่น จำกัด,4500000,ท่าวังตาล,2567,สารภี
4983,"ซ่อมแซมเครื่องจักรกลการเกษตร,ซ่อมแซมเครื่องยนต์ยานยนต์ที่ใช้ในการเกษตร",เชียงใหม่,18,รายชื่อสถานประกอบการ,เชียงใหม่บริการแทรกเตอร์,8000000,หนองป่าครั่ง,2567,เมืองเชียงใหม่
4984,ประกอบดัดแปลงสภาพรถยนต์ หรือรถยนต์สามล้อ ทำชิ้นส่วนพิเศษสำหรับรถยนต์ หรือเรือ ประกอบดัดแปลงสภาพจักรยานยนต์ จักรยานยนต์สามล้อ ซ่อมรถยนต์,เชียงใหม่,6,รายชื่อสถานประกอบการ,บริษัท ชินนเรศพัฒนา จำกัด,2860000,หนองป่าครั่ง,2567,เมืองเชียงใหม่
4985,เบาะรถยนต์และชิ้นส่วนเบาะรถยนต์,เชียงใหม่,7,รายชื่อสถานประกอบการ,บริษัท สมาร์ทฟลอร์ ซีตติ้ง (ไทยแลนด์) จำกัด,4200000,สันป่าเปา,2567,สันทราย
4986,การถนอมผัก พืช หรือผลไม้โดยวิธีกวน ตากแห้ง ดอง หรือทำให้เยือกแข็งโดยฉับพลันหรือแห้ง,เชียงใหม่,27,รายชื่อสถานประกอบการ,บริษัท ดอกบัวฟู๊ดส์ จำกัด,25300000,ท่ากว้าง,2567,สารภี
4987,"ผลิตขิงดอง,ลังไม้",เชียงใหม่,61,รายชื่อสถานประกอบการ,บริษัท ต้าเฉิน อินเตอร์เนชั่นเนล จำกัด,21900000,หนองบัว,2567,ไชยปราการ
4988,ผลิตลูกปัดแก้ว,เชียงใหม่,50,รายชื่อสถานประกอบการ,บริษัท ไฟนรก จำกัด,0,ทรายมูล,2567,สันกำแพง
4989,ห้องเย็นเก็บพืชผลทางการเกษตร,เชียงใหม่,6,รายชื่อสถานประกอบการ,สรายุทธ,7000000,ท่ากว้าง,2567,สารภี
4990,"ห้องเย็นเก็บรักษาผลิตภัณฑ์ไอศกรีม และอาหาร,เครื่องดื่ม ที่ต้องเก็บรักษาในห้องเย็นทุกชนิด",เชียงใหม่,5,รายชื่อสถานประกอบการ,บริษัท จอมธนา จำกัด,13800000,สันทรายน้อย,2567,สันทราย
4991,ห้องเย็น เก็บอาหารแช่แข็ง,เชียงใหม่,10,รายชื่อสถานประกอบการ,บริษัท เชียงใหม่อินเตอร์มีท จำกัด,10710000,ขัวมุง,2567,สารภี
4992,โรงงานซักรีด ซักแห้ง ซักฟอก รีด อัด หรือย้อมผ้า เครื่องนุ่งห่ม พรม หรือ ขนสัตว์,เชียงใหม่,9,รายชื่อสถานประกอบการ,เอ็ม แอนด์ เอ็ม ลอนตรี้,12500000,แม่คือ,2567,ดอยสะเก็ด
4993,ทำผลิตภัณฑ์จากไม้ไผ่,เชียงใหม่,43,รายชื่อสถานประกอบการ,บริษัท ฮูไทยคราฟท์ จำกัด,5523000,หางดง,2568,หางดง
4994,ทำเส้นก๋วยเตี๋ยว เส้นหมี่สดและแห้ง,เชียงใหม่,73,รายชื่อสถานประกอบการ,ห้างหุ้นส่วนจำกัด อิสริยะผล,23500000,ป่าตัน,2568,เมืองเชียงใหม่
4995,ผลิตเส้นก๋วยเตี๋ยว,เชียงใหม่,2000000,รายชื่อสถานประกอบการ,บริษัท กรีนเนเจอร์ เกรนส์ แอนด์ นู้ดเดิ้ล จำกัด,0,สบแม่ข่า,2568,หางดง
4996,ปรับปรุงคุณภาพกระจกให้เป็นกระจกนิรภัยสำหรับอาคารและอื่น ๆ,เชียงใหม่,60,รายชื่อสถานประกอบการ,บริษัท กมลพิศาลกระจกนิรภัย จำกัด,193000000,แม่แฝก,2568,สันทราย
4997,คัดแยกวัสดุที่ไม่ใช้แล้วเฉพาะที่กำหนดในหมวด 1 ข้อ 1 ของภาคผนวกที่ 1 บัญชีสิ่งปฏิกูลหรือวัสดุที่ไม่ใช้แล้ว ท้ายประกาศกระทรวงอุตสาหกรรม ฉบับที่ 1 (พ.ศ.2541) เช่น เศษกระดาษ พลาสติก โลหะ และนำตัวทำละลายใช้แล้ว มาผ่านกระบวนการทางอุตสาหกรรม เพื่อนำกลับมาใช้เป็นเชื้อเพลิงทดแทน และนำน้ำมันใช้แล้วมาผ่านกระบวนการทางอุตสาหกรรม เพื่อนำกลับมาใช้เป็นเชื้อเพลิงทดแทน น้ำมันทาแบบและน้ำมันหยอดทิ้ง,เชียงใหม่,7,รายชื่อสถานประกอบการ,ห้างหุ้นส่วนจำกัด วัฒนะปิโตร ซัพพลาย,1250000,ลวงเหนือ,2568,ดอยสะเก็ด
4998,คัดแยกวัสดุที่ไม่ใช้แล้วที่ไม่เป็นของเสียอันตราย,เชียงใหม่,30000000,รายชื่อสถานประกอบการ,โชคปฏิภาณ,0,ต้นเปา,2568,สันกำแพง
4999,คัดแยกวัสดุที่ไม่ใช้แล้วที่ไม่เป็นของเสียอันตราย,เชียงใหม่,5000000,รายชื่อสถานประกอบการ,บริษัท ทรัพย์เรืองโรจน์ จำกัด,0,หนองจ๊อม,2568,สันทราย
5000,คัดแยกวัสดุที่ไม่ใช้แล้วที่ไม่เป็นของเสียอันตราย,เชียงใหม่,5000000,รายชื่อสถานประกอบการ,บริษัท ทรัพย์หางดง จำกัด,0,น้ำแพร่,2568,หางดง
5001,คัดแยกสิ่งปฏิกูลหรือวัสดุที่ไม่ใช้แล้วที่ไม่เป็นของเสียอันตราย,เชียงใหม่,6,รายชื่อสถานประกอบการ,อรัญญาพลาสติก,4400000,ท่าวังตาล,2568,สารภี
5002,คัดแยกวัสดุที่ไม่ใช้แล้วที่ไม่เป็นของเสียอัตราย,เชียงใหม่,5000000,รายชื่อสถานประกอบการ,ห้างหุ้นส่วนจำกัด ก.เจริญ เชียงดาว,0,เชียงดาว,2568,เชียงดาว
5003,คัดแยกวัสดุที่ไม่ใช้แล้วที่ไม่เป็นของเสียอันตราย,เชียงใหม่,20000000,รายชื่อสถานประกอบการ,บริษัท ส.รวมเศษ สันทราย จำกัด,0,แม่แฝก,2568,สันทราย
5004,คัดแยกสิ่งปฏิกูลหรือวัสดุที่ไม่ใช้แล้วที่ไม่เป็นของเสียอันตราย เฉพาะเศษกระดาษ เศษพลาสติก เศษโลหะ อัดเศษกระดาษและบดย่อยพลาสติก,เชียงใหม่,11,รายชื่อสถานประกอบการ,ห้างหุ้นส่วนจำกัด ท้าวบุญเรือง,4500000,ข่วงเปา,2568,จอมทอง
5005,คัดแยกสิ่งปฏิกูลหรือวัสดุที่ไม่ใช้แล้วที่ไม่เป็นของเสียอันตราย,เชียงใหม่,10000000,รายชื่อสถานประกอบการ,ปิยะมาศ,0,หนองผึ้ง,2568,สารภี
5006,คัดแยกวัสดุที่ไม่ใช้แล้วเฉพาะที่กำหนดไว้ในหมวด 1 ข้อ 1 ของภาคผนวกที่ 1 บัญชีสิ่งปฏิกูลหรือวัสดุที่ไม่ใช้แล้วท้ายประกาศกระทรวงอุตสาหกรรม ฉบับที่ 1 (พ.ศ.2541),เชียงใหม่,200000,รายชื่อสถานประกอบการ,ห้างหุ้นส่วนจำกัด บี.บี.บี. เพาเวอร์,0,หารแก้ว,2568,หางดง
5007,ทำเชื้อเพลิงทดแทนจากน้ำมันหล่อลื่นที่ใช้แล้วและตัวทำละลายที่ใช้แล้ว โดยกระบวนการกรองซ่อมและล้างบรรจุภัณฑ์ด้วยตัวทำละลาย และเก็บรวบรวมแบตเตอรี่เก่าโดยไม่มีการแปรสภาพ และดัดแยกวัสดุที่ไม่ใช้แล้วที่ไม่เป็นของเสียอันตราย,เชียงใหม่,1000000,รายชื่อสถานประกอบการ,บริษัท ชินโชติสุทธิธนาภูมิ จำกัด,0,บ้านกลาง,2568,สันป่าตอง
5008,บ่มและอบใบยาสูบ 7.5 ตัน,เชียงใหม่,310,รายชื่อสถานประกอบการ,บริษัท ไซแอมโทแบคโคเอกซ์ปอร์ตคอร์ปอเรชั่น จำกัด,963000000,ยางเนิ้ง,2568,สารภี
5009,ผลิตใบชาแห้งและใบชาผง,เชียงใหม่,0,รายชื่อสถานประกอบการ,บริษัท ชาระมิงค์ จำกัด,0,ท่าศาลา,2568,เมืองเชียงใหม่
5010,ทำน้ำแข็ง ได้วันละ 439 ซอง และทำน้ำแข็งก้อนเล็กได้วันละ 84 ต,เชียงใหม่,2000000,รายชื่อสถานประกอบการ,ห้างหุ้นส่วนจำกัด โรงน้ำแข็งทวีชัยเชียงใหม่,0,ฟ้าฮ่าม,2568,เมืองเชียงใหม่
5011,ทำน้ำแข็งซองได้วันละ 337 ซอง และน้ำแข็งก้อนเล็กได้วันละ 91.44 ตัน,เชียงใหม่,0,รายชื่อสถานประกอบการ,บริษัท โรงน้ำแข็งวังสิงห์คำอุตสาหกรรม จำกัด,0,ช้างม่อย,2568,เมืองเชียงใหม่
5012,ทำน้ำแข็งก้อนเล็ก และน้ำแข็งซอง,เชียงใหม่,100000,รายชื่อสถานประกอบการ,บริษัท วารีเทพ จอมทอง จำกัด,0,ข่วงเปา,2568,จอมทอง
5013,ทำน้ำแข็งซองได้วันละ 760 ซอง และน้ำแข็งก้อนเล็ก 176 ตัน/วัน,เชียงใหม่,1500000,รายชื่อสถานประกอบการ,บริษัท โรงน้ำแข็งรัตนโกสินทร์ จำกัด,0,ช้างเผือก,2568,เมืองเชียงใหม่
5014,ทำน้ำแข็งก้อนเล็กเพิ่มขึ้น 50 ตัน/วัน และผลิตน้ำแข็งซองมีกำลังการผลิต 500 ซอย/วัน,เชียงใหม่,1000000,รายชื่อสถานประกอบการ,ห้างหุ้นส่วนจำกัด โรงน้ำแข็งอภิชัย (2013),0,สันมหาพน,2568,แม่แตง
5015,ทำน้ำแข็งซอง ได้วันละ 1343 ซอง และน้ำเข็งก้อนเล็ก,เชียงใหม่,500000,รายชื่อสถานประกอบการ,โรงน้ำแข็งวังสิงห์คำ,0,ช้างม่อย,2568,เมืองเชียงใหม่
5016,ผลิตน้ำแข็ง,เชียงใหม่,1000000,รายชื่อสถานประกอบการ,บริษัท โรงน้ำแข็งแม่ริม เชียงใหม่ กิจวารี จำกัด,0,สันโป่ง,2568,แม่ริม
5017,ทำน้ำแข็งซอง,เชียงใหม่,11,รายชื่อสถานประกอบการ,โรงน้ำแข็งสารภี,6000000,หนองผึ้ง,2568,สารภี
5018,ผลิตน้ำแข็งหลอด,เชียงใหม่,3000000,รายชื่อสถานประกอบการ,นางภัทรา โตไพบูลย์,0,สันปูเลย,2568,ดอยสะเก็ด
5019,ผลิตน้ำแข็ง,เชียงใหม่,3000000,รายชื่อสถานประกอบการ,บริษัท โรงน้ำแข็ง อ.ลักขณา (ดอยสะเก็ดกิจวารี) จำกัด,0,เชิงดอย,2568,ดอยสะเก็ด
5020,ผลิตน้ำแข็งหลอด,เชียงใหม่,10000000,รายชื่อสถานประกอบการ,บริษัท โรงน้ำแข็งสารภีกิจวารี(เชียงใหม่) จำกัด,0,ชมภู,2568,สารภี
5021,ทำน้ำแข็งซอง ได้วันละ 415 ซอง และน้ำแข็งก้อนเล็ก ได้วันละ 50 ตัน,เชียงใหม่,8,รายชื่อสถานประกอบการ,สโนไอซ์ (สาขา 1),34000000,ช้างม่อย,2568,เมืองเชียงใหม่
5022,อบ ป่น บด เมล็ดพืช หัวพืช เช่นกระเทียมผง กระเทียมเจียว พริกบด ข้าวสารอบแห้ง,เชียงใหม่,52,รายชื่อสถานประกอบการ,บริษัท นิธิฟู้ดส์ จำกัด,100000000,บ้านกลาง,2568,สันป่าตอง
5023,โรงงานอบลำไย,เชียงใหม่,20000000,รายชื่อสถานประกอบการ,บริษัท เอ.อะโกร จำกัด,0,บงตัน,2568,ดอยเต่า
5024,อบพืชผลทางการเกษตร,เชียงใหม่,10000000,รายชื่อสถานประกอบการ,โรงอบลำไยท่าวังพร้าว,0,ท่าวังพร้าว,2568,สันป่าตอง
5025,"ผลิตและแปรรูปผลผลิตทางการเกษตร(โรงงานผักและผลไม้แช่เย็น/แช่แข็ง,ผักและผลไม้ทอดกรอบ,ผลไม้อบแห้งและอาหารสำเร็จรูปจากเมล็ดพืชและหัวพืช)",เชียงใหม่,172,รายชื่อสถานประกอบการ,บริษัท ไฮไลฟ์ โกลบอล ฟู้ด จำกัด,316931000,ดอยหล่อ,2568,ดอยหล่อ
5026,อบแห้งแบบแอร์ดราย พืช ผัก ผลไม้และเนื้อสัตว์,เชียงใหม่,0,รายชื่อสถานประกอบการ,บริษัท พรีเซิร์ฟ อะโกร โปรดักส์ จำกัด,0,ขี้เหล็ก,2568,แม่ริม
5027,อบพืชผลทางการเกษตร,เชียงใหม่,1500000,รายชื่อสถานประกอบการ,ศ.ชินพงศ์ การค้า,0,เวียง,2568,ฝาง
5028,อบพืชผลทางการเกษตร ปรับปรุงคุณภาพของผลิตผลทางการเกษตร,เชียงใหม่,10,รายชื่อสถานประกอบการ,บริษัท สหซินหลงสารภี จำกัด,20000000,สบเตี๊ยะ,2568,จอมทอง
5029,อบลำใย,เชียงใหม่,30000000,รายชื่อสถานประกอบการ,บริษัท ฟู๋เซิง จำกัด,0,ดอยหล่อ,2568,ดอยหล่อ
5030,อบพืชหรือเมล็ดพืช การเก็บรักษาหรือลำเลียงพืช เมล็ดพืช หรือผลิตผลจากพืชในไซโลโกดัง หรือคลังสินค้า เช่น ข้าวโพด,เชียงใหม่,50,รายชื่อสถานประกอบการ,บริษัท 5เอ เทรดดิ้ง จำกัด,10000000,บ้านแปะ,2568,จอมทอง
5031,อบผลิตผลทางการเกษตร,เชียงใหม่,30,รายชื่อสถานประกอบการ,บริษัท เอส เอ็น พี อะโกร จำกัด,2000000,ท่าวังพร้าว,2568,สันป่าตอง
5032,อบพืชผลทางการเกษตร,เชียงใหม่,3000000,รายชื่อสถานประกอบการ, บริษัท นอร์ท 87 จำกัด,0,แม่แวน,2568,พร้าว
5033,อบพืชผลทางการเกษตร,เชียงใหม่,1000000,รายชื่อสถานประกอบการ,ศรีเจริญ,0,สันทราย,2568,สารภี
5034,อบผลิตผลทางการเกษตร ,เชียงใหม่,15000000,รายชื่อสถานประกอบการ,โรงอบลำไยสรายุทธ,0,ท่ากว้าง,2568,สารภี
5035,อบลำไย,เชียงใหม่,4000000,รายชื่อสถานประกอบการ,บริษัท ชิ่งเฟิง อุตสาหกรรมอาหาร จำกัด,0,ดอยหล่อ,2568,ดอยหล่อ
5036,อบพืชผลทางการเกษตร,เชียงใหม่,10000000,รายชื่อสถานประกอบการ,บริษัท เทียนเฉิน จำกัด,0,ดอยหล่อ,2568,ดอยหล่อ
5037,อบพืชผลทางการเกษตร,เชียงใหม่,60000000,รายชื่อสถานประกอบการ,บริษัท เค.พี.อุตสาหกรรมการผลิต จำกัด,0,แช่ช้าง,2568,สันกำแพง
5038,"ผลิตก้อนเชื้อเห็ดเมืองหนาว ได้ปีละ 6,550 ตัน",เชียงใหม่,20000000,รายชื่อสถานประกอบการ,บริษัท สหฟาร์มเห็ด จำกัด,0,แม่แฝกใหม่,2568,สันทราย
5039,เพาะเห็ด เช่น เห็ดนางรมหลวง,เชียงใหม่,20000000,รายชื่อสถานประกอบการ,บริษัท เชียงใหม่ฟาร์มเห็ด จำกัด,0,แม่แฝกใหม่,2568,สันทราย
5040,"คัด ตัดแต่ง บรรจุพืชผลทางการเกษตร ผลิตสลัดผักสด สลัดผักสุก และน้ำสลัด แปรรูปอาหาร เครื่องดื่ม การถนอมอาหารจากพืช ผัก ผลไม้ และเครื่องดื่มชนิดผงจากพืช และประกอบกิจกรรมเกี่ยวกับกาแฟ (สี,คั่ว,บด)",เชียงใหม่,263,รายชื่อสถานประกอบการ,ศูนย์ผลิตผลโครงการหลวง,1,แม่เหียะ,2568,เมืองเชียงใหม่
5041,ผลิตน้ำดื่มและเครื่องดื่มที่ไม่มีแอลกอฮอล์,เชียงใหม่,48,รายชื่อสถานประกอบการ,บริษัท โอเค ฟู้ดแอนด์เบฟเวอร์เรจ จำกัด,57000000,ทุ่งต้อม,2568,สันป่าตอง
5042,ผลิตน้ำดื่มและทำภาชนะบรรจุจากพลาสติก,เชียงใหม่,40,รายชื่อสถานประกอบการ,บริษัท แร่เบฟเวอเรจ จำกัด,664000000,ปิงโค้ง,2568,เชียงดาว
5043,ฟอกย้อมผ้า และพิมพ์ผ้า,เชียงใหม่,10,รายชื่อสถานประกอบการ,นางสาวชริญา สุวรรณ,2100000,บวกค้าง,2568,สันกำแพง
5044,ย้อมด้าย,เชียงใหม่,200000,รายชื่อสถานประกอบการ,โฟร์สตาร์,0,ช้างคลาน,2568,เมืองเชียงใหม่
5045,ตัดเย็บเสื้อผ้าสำเร็จรูป (จำนวนจักรเย็บผ้า 156 เครื่อง),เชียงใหม่,1000000,รายชื่อสถานประกอบการ,บริษัท ตันติยานันท์ การ์เมนท์ จำกัด,0,หนองจ๊อม,2568,สันทราย
5046,ตัดเย็บเสื้อผ้าสำเร็จรูป (จำนวนจักรเย็บผ้า 90 เครื่อง),เชียงใหม่,1000000,รายชื่อสถานประกอบการ,บริษัท บ้านไทย การ์เมนท์ จำกัด,0,ทรายมูล,2568,สันกำแพง
5047,"ดูดทราย ได้เดือนละ 4,000 ลูกบาศก์เมตร ใบอนุญาตใช้เรือเลขที่ 3650 01226",เชียงใหม่,500000,รายชื่อสถานประกอบการ,สวน-ท่าทรายชลาลัยห้วยชมพู,0,แม่แตง,2568,แม่แตง
5048,แปรรูปไม้โดยใช้เครื่องจักร,เชียงใหม่,2000000,รายชื่อสถานประกอบการ,นายสามชาย หิรัญรัตน์,0,ดอนเปา,2568,แม่วาง
5049,แปรรูปไม้ยางพาราและไม้ที่ปลูกขึ้นโดยเฉพาะ 13 ชนิด ตามมติคณะรัฐมนตรีเพื่อจำหน่าย,เชียงใหม่,7,รายชื่อสถานประกอบการ,กงกฤษ พันธ์พงษ์,1497000,หนองแหย่ง,2568,สันทราย
5050,เลื่อยไม้,เชียงใหม่,12,รายชื่อสถานประกอบการ,บริษัท เชียงใหม่สุขสวัสดิ์ อุตสาหกรรม จำกัด,4000000,เชิงดอย,2568,ดอยสะเก็ด
5051,เพื่อผลิตไม้แปรรูปหรือชิ้นไม้สับจากไม้ยางพาราและไม้ที่ปลูกขึ้น 13 ชนิด ตามมติคณะรัฐมนตรี เพื่อจำหน่าย,เชียงใหม่,7,รายชื่อสถานประกอบการ,นางต่อมคำ อินใจ,3700000,แม่ข่า,2568,ฝาง
5052,ทำวงกบประตู-หน้าต่างและไม้ปาร์เกต์,เชียงใหม่,12,รายชื่อสถานประกอบการ,นายสมชาย วุฒิธนากร,3750000,ท่าศาลา,2568,เมืองเชียงใหม่
5053,ทำวงกบประตู-หน้าต่าง เครื่องเรือน เครื่องใช้ ปาร์เกตโมเสค ไม้ประสาน ไม้ฉลุ ไม้คิ้ว ไม้บัว ไม้กั้นฝา ไม้กลึง ไม้เชิงราวบันได แกะสลักไม้ กรอบรูปไม้ อบอาบน้ำยาไม้   ,เชียงใหม่,99600000,รายชื่อสถานประกอบการ,บริษัท เชียงใหม่สุขสวัสดิ์ อุตสาหกรรม จำกัด,0,เชิงดอย,2568,ดอยสะเก็ด
5054,ทำวงกบบานประตู หน้าต่าง ปาร์เกต์ โมเสคและเครื่องเรือนจากไม้,เชียงใหม่,200000,รายชื่อสถานประกอบการ,บริษัท เชียงใหม่สุขสวัสดิ์ จำกัด,0,ฟ้าฮ่าม,2568,เมืองเชียงใหม่
5055,ทำวงกบประตูหน้าต่าง และเครื่องเรือนจากไม้,เชียงใหม่,20000000,รายชื่อสถานประกอบการ,บริษัท เชียงใหม่สุดาลักษ์ จำกัด,0,ต้นเปา,2568,สันกำแพง
5056,ทำวงกบประตู-หน้าต่าง โมเสค ปาร์เก้ และเครื่องเรือนจากไม้,เชียงใหม่,5060000,รายชื่อสถานประกอบการ,บริษัท บี.เค.โฮมเฟอร์นิชิ่ง จำกัด,0,ท่าศาลา,2568,เมืองเชียงใหม่
5057,ทำวงกบประตู หน้าต่างและเครื่องเรือนจากไม้,เชียงใหม่,3000000,รายชื่อสถานประกอบการ,,0,ป่าตัน,2568,เมืองเชียงใหม่
5058,ผลิตชิ้นไม้สับจากไม้ที่ปลูกขึ้นโดยเฉพาะ 13 ชนิด ตามมติคณะรัฐมนตรีเพื่อจำหน่าย,เชียงใหม่,100000,รายชื่อสถานประกอบการ,ทรัพย์สมบูรณ์ไม้สับ,0,ดอยหล่อ,2568,ดอยหล่อ
5059,ผลิตเชื้อเพลิงชีวมวลอัดแท่ง,เชียงใหม่,5000000,รายชื่อสถานประกอบการ,ห้างหุ้นส่วนจำกัด สยาม เมนเทแนนซ์ แอนด์ เซอร์วิส,0,บงตัน,2568,ดอยเต่า
5060,อบไม้ ผลิตไม้พื้นปาเกต์ โมเสก ของเด็กเล่น วงกบประตู-หน้าต่าง เครื่องเรือนจากไม้,เชียงใหม่,44,รายชื่อสถานประกอบการ,บริษัท ไม้อบทวีพรรณ จำกัด,8050000,ดอนแก้ว,2568,แม่ริม
5061,ทำเครื่องเรือนจากไม้,เชียงใหม่,3000000,รายชื่อสถานประกอบการ,ห้างหุ้นส่วนจำกัด พจนะศิลป์เฟอร์นิเจอร์,0,วัดเกต,2568,เมืองเชียงใหม่
5062,ทำไม้ปาเก้ เครื่องเรือน,เชียงใหม่,258,รายชื่อสถานประกอบการ,ห้างหุ้นส่วนจำกัด ไทยอินเตอร์เนชั่นแนลแฮนดิคราฟท์,17500000,สันผักหวาน,2568,หางดง
5063,ทำเครื่องเรือนจากไม้,เชียงใหม่,7800000,รายชื่อสถานประกอบการ,หมินเฉินเฟอร์นิเจอร์,0,สุเทพ,2568,เมืองเชียงใหม่
5064,ทำวงกบ บานประตู-หน้าต่างและเครื่องเรือนจากไม้,เชียงใหม่,500000,รายชื่อสถานประกอบการ,นางจินดา ชัยมงคล,0,ท่าศาลา,2568,เมืองเชียงใหม่
5065,ทำเครื่องเรือนด้วยไม้,เชียงใหม่,1100000,รายชื่อสถานประกอบการ,เอส.วี.เฟอร์นิเจอร์,0,วัดเกต,2568,เมืองเชียงใหม่
5066,ทำเครื่องเรือนจากไม้,เชียงใหม่,10000000,รายชื่อสถานประกอบการ,บริษัท ทวีพรรณ เฟอร์นิเจอร์ จำกัด,0,ดอนแก้ว,2568,แม่ริม
5067,ทำกระดาษสา กำลังการผลิต 25 ตันต่อปี,เชียงใหม่,5000000,รายชื่อสถานประกอบการ,บริษัท สยามพรหมประทาน จำกัด,0,สันกำแพง,2568,สันกำแพง
5068,ผลิตแผ่นกระดาษลูกฟูก และกล่องกระดาษ,เชียงใหม่,87,รายชื่อสถานประกอบการ,บริษัท ซี.พี.ดี.ชีทบอร์ด จำกัด,100004172,หนองแฝก,2568,สารภี
5069,ผลิตแผ่นกระดาษลูกฟูกและกล่องกระดาษลูกฟูก,เชียงใหม่,13,รายชื่อสถานประกอบการ,บริษัท ซี.พี.ดี.ชีทบอร์ด จำกัด,15161000,หนองแฝก,2568,สารภี
5070,ฆ่าไก่,เชียงใหม่,700000,รายชื่อสถานประกอบการ,นายนิวัฒน์ ทานสุพรรณ,0,แม่คือ,2568,ดอยสะเก็ด
5071,โรงฆ่าสัตว์ และแปรรูปอาหาร,เชียงใหม่,35,รายชื่อสถานประกอบการ,บริษัท เชียงใหม่กิจมงคล จำกัด,55000000,แม่แตง,2568,แม่แตง
5072,ทำผลิตภัณฑ์จากผึ้ง เช่น น้ำผึ้งบริสุทธิ์ นมผึ้ง รังผึ้งเทียม ขี้ผึ้ง,เชียงใหม่,1000000,รายชื่อสถานประกอบการ,บริษัท หยางซิ่ง (ไทยแลนด์) จำกัด,0,สบแม่ข่า,2568,หางดง
5073,อัดเศษกระดาษ,เชียงใหม่,500000,รายชื่อสถานประกอบการ,ร้านเสี่ยกาย,0,วัดเกต,2568,เมืองเชียงใหม่
5074,ทำผลิตภัณฑ์นม,เชียงใหม่,79,รายชื่อสถานประกอบการ,โรงงานผลิตภัณฑ์นมห้วยแก้ว,19000000,ช้างเผือก,2568,เมืองเชียงใหม่
5075,ผลิตแอสฟัลด์ติกคอนกรีต,เชียงใหม่,3000000,รายชื่อสถานประกอบการ,บริษัท อุดมศักดิ์เชียงใหม่ จำกัด,0,แม่แฝกใหม่,2568,สันทราย
5076, ผลิตแอสฟัลต์ติกคอนกรีต,เชียงใหม่,300000,รายชื่อสถานประกอบการ,บริษัท พีซีเอ็น คอร์ป จำกัด (มหาชน),0,ป่าป้อง,2568,ดอยสะเก็ด
5077,ผลิตแอสฟัลท์ติกคอนกรีต,เชียงใหม่,20000000,รายชื่อสถานประกอบการ,บริษัท เชียงใหม่ เอส.พี คอนสตรัคชั่น จำกัด,0,ออนใต้,2568,สันกำแพง
5078,ผลิตภัณฑ์ขวดพลาสติก,เชียงใหม่,20000000,รายชื่อสถานประกอบการ,บริษัท เมก้า พลาสติก จำกัด,0,ไชยสถาน,2568,สารภี
5079,"ผลิตผลิตภัณฑ์พลาสติก เช่น ขวดพลาสติก ได้ปีละ 14,400,000 ใบ",เชียงใหม่,4000000,รายชื่อสถานประกอบการ,บริษัท รวมแพคส์ พลาสติก จำกัด,0,สารภี,2568,สารภี
5080,ทำผลิตภัณฑ์พลาสติก เช่น ขวดพลาสติก จุกขวดพลาสติก,เชียงใหม่,24000000,รายชื่อสถานประกอบการ,บริษัท เชียงใหม่อุตสาหกรรมพลาสติก จำกัด,0,ตลาดขวัญ,2568,ดอยสะเก็ด
5081,ผลิตแผ่นพลาสติกเพื่อการเกษตร,เชียงใหม่,700000,รายชื่อสถานประกอบการ,บริษัท โกลเด็น ไดมอนด์ จำกัด,0,หางดง,2568,หางดง
5082,ทำเครื่องปั้นดินเผา,เชียงใหม่,277,รายชื่อสถานประกอบการ,เปรมประชาคอลเลคชั่น,9500000,ต้นเปา,2568,สันกำแพง
5083,ทำเครื่องปั้นดินเผา,เชียงใหม่,300000,รายชื่อสถานประกอบการ,ศรีวรรณา,0,สารภี,2568,สารภี
5084,ทำเครื่องปั้นดินเผา เช่น กระถางปลูกต้นไม้,เชียงใหม่,50000,รายชื่อสถานประกอบการ,เชียงใหม่เครื่องปั้นดินเผา,0,สันผักหวาน,2568,หางดง
5085,"ผลิตกระเบื้องมุงหลังคา, กระเบื้องปูพื้นและเกล็ดนาค",เชียงใหม่,500000,รายชื่อสถานประกอบการ,โรงงานกระเบื้องเคลือบเวียงพิงค์,0,ดอนแก้ว,2568,แม่ริม
5086,ทำอิฐ,เชียงใหม่,100000,รายชื่อสถานประกอบการ,บริษัท ภราดรอุตสาหกรรม จำกัด,0,หนองควาย,2568,หางดง
5087,ผลิตอิฐบล๊อกและกระเบื้องดินเผา,เชียงใหม่,1983000,รายชื่อสถานประกอบการ,บริษัท ธราดล จำกัด,0,ท่าศาลา,2568,เมืองเชียงใหม่
5088,ผลิตคอนกรีตผสมเสร็จ,เชียงใหม่,500000,รายชื่อสถานประกอบการ,หน่วยผลิตคอนกรีตเชียงใหม่1,0,หนองผึ้ง,2568,สารภี
5089,ผลิตคอนกรีตผสมเสร็จ,เชียงใหม่,200000,รายชื่อสถานประกอบการ,โรงงานคอนกรีตผสมเสร็จ เชียงใหม่-หางดง,0,หนองควาย,2568,หางดง
5090,ผลิตคอนกรีตผสมเสร็จ,เชียงใหม่,4000000,รายชื่อสถานประกอบการ,หน่วยผลิตคอนกรีตเชียงใหม่,0,สารภี,2568,สารภี
5091,ผลิตอิฐมวลเบา อบไอน้ำ,เชียงใหม่,30000000,รายชื่อสถานประกอบการ,บริษัท ไดมอนด์ วัสดุ จำกัด,0,แม่แฝก,2568,สันทราย
5092,ผลิตคอนกรีตผสมเสร็จ,เชียงใหม่,6700000,รายชื่อสถานประกอบการ,โรงงานคอนกรีตผสมเสร็จ เชียงใหม่,0,ท่าศาลา,2568,เมืองเชียงใหม่
5093,ทำคอนกรีตผสมเสร็จ,เชียงใหม่,3,รายชื่อสถานประกอบการ,บริษัท นครหลวงคอนกรีต จำกัด,8765000,ช้างเผือก,2568,เมืองเชียงใหม่
5094,ผลิตพื้นสำเร็จรูป เสาเข็มคอนกรีตอัดแรง ท่อระบายน้ำ,เชียงใหม่,30000000,รายชื่อสถานประกอบการ,บริษัท พิบูลย์คอนกรีต จำกัด,0,แม่แฝก,2568,สันทราย
5095,ทำผลิตภัณฑ์คอนกรีต เช่น เสาเข็ม เสาไฟฟ้า เสารั้ว และพื้นสำเร็จรูป,เชียงใหม่,1000000,รายชื่อสถานประกอบการ,บริษัท ฟ้างามคอนกรีต จำกัด,0,หนองควาย,2568,หางดง
5096,ทำประตูเหล็กยืด หน้าต่างเหล็กและกลึงอะไหล่,เชียงใหม่,500000,รายชื่อสถานประกอบการ,กรโลหะทวีกิจ,0,หายยา,2568,เมืองเชียงใหม่
5097,"ผลิตลวดตาข่ายเหล็กไร้สนิมผสมโครเมี่ยม  และบานประตู-หน้าต่าง ลวดตาข่าย เหล็กไร้สนิมชุบโครเมี่ยม แผ่นโลหะเจาะรู และบานประตู-หน้าต่าง แผ่นโลหะเจาะรู (แผ่นอลูมิเนียม, แผ่นเหล็ก, แผ่นเหล็กชุบเคลือบสังกะสี, แผ่นสแตนเลส)",เชียงใหม่,58310000,รายชื่อสถานประกอบการ,บริษัท แมชเทค อินเตอร์เนชั่นแนล จำกัด,0,สารภี,2568,สารภี
5098,อัดเศษโลหะ,เชียงใหม่,1000000,รายชื่อสถานประกอบการ,ส.วิวัฒน์พานิชย์,0,หนองหอย,2568,เมืองเชียงใหม่
5099,ผลิตตู้โลหะสำหรับใช้ในงาน อิเล็คโทรนิคและโทรคมนาคม,เชียงใหม่,11200000,รายชื่อสถานประกอบการ,บริษัท เชอวาล เทคโนโลยี่ จำกัด,0,แช่ช้าง,2568,สันกำแพง
5100,ชุบโลหะและชุบดอกกล้วยไม้,เชียงใหม่,5000000,รายชื่อสถานประกอบการ,บริษัท สยามรอยัลออคิด จำกัด,0,ป่าบง,2568,สารภี
5101,ซ่อมและทำอุปกรณ์ของเครื่องยนต์,เชียงใหม่,410000,รายชื่อสถานประกอบการ,โรงกลึงหนองประทีป,0,หนองป่าครั่ง,2568,เมืองเชียงใหม่
5102,ผลิต และซ่อมอุปกรณ์ชิ้นส่วนเครื่องยนต์,เชียงใหม่,1000000,รายชื่อสถานประกอบการ,เชียงใหม่บุญเจริญภัณฑ์,0,ช้างเผือก,2568,เมืองเชียงใหม่
5103,ซ่อมเครื่องยนต์,เชียงใหม่,200000,รายชื่อสถานประกอบการ,ห้างหุ้นส่วนจำกัด เชียงใหม่ยนต์กิจ,0,ช้างคลาน,2568,เมืองเชียงใหม่
5104,สกัดน้ำมันพืช,เชียงใหม่,1000000,รายชื่อสถานประกอบการ,บริษัท ชัยเสรี จำกัด,0,หนองผึ้ง,2568,สารภี
5105,"สกัดน้ำมันจากไม้กฤษณา, ทำผงธูป",เชียงใหม่,12,รายชื่อสถานประกอบการ,ท๊อปเจริญผงธูป,5200000,ป่าไผ่,2568,สันทราย
5106,สกัดน้ำมันจากพืช,เชียงใหม่,1000000,รายชื่อสถานประกอบการ,บริษัท ไฟน์ ไบโอ เทคโนโลยี จำกัด,0,สันติสุข,2568,ดอยหล่อ
5107,ซ่อมรถแทรกเตอร์,เชียงใหม่,10000000,รายชื่อสถานประกอบการ,บริษัท สรสิทธิกลการเชียงใหม่ จำกัด,0,วัดเกต,2568,เมืองเชียงใหม่
5108,ผลิตอะไหล่วิทยุโทรทัศน์,เชียงใหม่,24000000,รายชื่อสถานประกอบการ,บริษัท เอลน่า (ประเทศไทย) จำกัด,0,สุเทพ,2568,เมืองเชียงใหม่
5109,ผลิตผลิตภัณฑ์โลหะรวมทั้งชิ้นส่วนโลหะ เช่น ตุ้สำหรับบรรจุอุปกรณ์อิเลคโทรนิคส์และคมนาคม และส่วนประกอบของตู้,เชียงใหม่,93000000,รายชื่อสถานประกอบการ,บริษัท อีจิซเทค จำกัด,0,ออนใต้,2568,สันกำแพง
5110,ทำซอสมะเขือเทศ ผลไม้กระป๋อง,เชียงใหม่,27300000,รายชื่อสถานประกอบการ,บริษัท รอแยลฟู้ดส์ จำกัด,0,ริมเหนือ,2568,แม่ริม
5111,ผลิตผักและผลไม้บรรจุกระป๋อง,เชียงใหม่,300000,รายชื่อสถานประกอบการ,บริษัท สุนันธนา จำกัด,0,หางดง,2568,ฮอด
5112,แปรรูปผลิตผลทางการเกษตร เช่น มะม่วง สับปะรด สตอเบอรี่ มะละกอ บ๊วย และผลผลิตทางการเกษตรอื่น ๆ,เชียงใหม่,25000000,รายชื่อสถานประกอบการ,บริษัท ที.เค.เค.จันทบุรี ฟู้ดส์ จำกัด,0,สันกลาง,2568,สันป่าตอง
5113,การทำอาหารหรือเครื่องดื่มจากผัก พืชหรือผลไม้ และบรรจุในภาชนะที่ผนึกและอากาศเข้าไม่ได้,เชียงใหม่,13,รายชื่อสถานประกอบการ,บริษัท ดีท็อกซ์ (ประเทศไทย) จำกัด,66000000,น้ำแพร่,2568,หางดง
5114,ผลิตผักและผลไม้กระป๋องทุกชนิด,เชียงใหม่,224,รายชื่อสถานประกอบการ,บริษัท 121 เซลเซียส จำกัด,42000000,หนองตอง,2568,หางดง
5115,ผลิตข้าวโพดหวานและผลไม้บรรจุกระป๋อง,เชียงใหม่,30000000,รายชื่อสถานประกอบการ,บริษัท ฝางอินเตอร์ฟูดส์ จำกัด,0,เวียง,2568,ฝาง
5116,ผลิตภัณฑ์พืชผลทางการเกษครบรรจุกระป๋อง,เชียงใหม่,4000000,รายชื่อสถานประกอบการ,บริษัท หยางไทย จำกัด,0,หนองบัว,2568,ไชยปราการ
5117,"ทำเต้าหู้ยี้, ผักดอง, ขิงดอง",เชียงใหม่,260000,รายชื่อสถานประกอบการ,เชียงใหม่ซัวเตียงฮึ้ง,0,ป่าแดด,2568,เมืองเชียงใหม่
5118,ถนอมผัก พืช หรือผลไม้ โดยวิธีทอดและทำให้เยือกแข็งโดยฉับพลัน,เชียงใหม่,0,รายชื่อสถานประกอบการ,บริษัท ลีโอ ฟู้ดส์ จำกัด,0,บ้านกลาง,2568,สันป่าตอง
5119,ผลิตหรือถนอมอาหารจากพืช ผัก และสัตว์พร้อมรับประทาน หรือกึ่งพร้อมรับประทาน,เชียงใหม่,4137000,รายชื่อสถานประกอบการ,บริษัท พรีเมี่ยมฟู้ดส์ จำกัด,0,แม่แฝก,2568,สันทราย
5120,การถนอมผัก พืช หรือผลไม้โดยวิธีกวน ตากแห้ง ดอง หรือทำให้เยือกแข็งโดยฉับพลัน หรือเหือดแห้ง,เชียงใหม่,5000000,รายชื่อสถานประกอบการ,บริษัท ยูเนี่ยน เฟรช (2003) จำกัด,0,แม่แฝก,2568,สันทราย
5121,ผลิตเหยื่อตกปลาประดิษฐ์,เชียงใหม่,3000000,รายชื่อสถานประกอบการ,บริษัท ไทย เอ ฟลาย จำกัด,0,หนองผึ้ง,2568,สารภี
5122,ทำเครื่องเล่นสนาม เช่น ชิงช้า,เชียงใหม่,20000,รายชื่อสถานประกอบการ,โฮมดีไซน์การช่าง,0,หนองป่าครั่ง,2568,เมืองเชียงใหม่
5123,ผลิตดอกไม้แห้ง ดอกไม้ประดิษฐ์ เครื่องหอม ของชำร่วย,เชียงใหม่,1000000,รายชื่อสถานประกอบการ,บริษัท ซิลเวอร์เรน เอ็กซ์ปอร์ต จำกัด,0,ข่วงเปา,2568,จอมทอง
5124,ผลิตพลังงานไฟฟ้าจากพลังงานแสงอาทิตย์ กำลังการผลิต 4.99 เมกะวัตต์,เชียงใหม่,10000000,รายชื่อสถานประกอบการ,บริษัท เข็มเหล็ก จำกัด,0,บ้านแอ่น,2568,ดอยเต่า
5125,ผลิตพลังงานไฟฟ้าจากพลังงานแสงอาทิตย์ แบบติดตั้งบนพื้นดิน ขนาดกำลังการผลิต 1.1674 เมกะวัตต์,เชียงใหม่,0,รายชื่อสถานประกอบการ,ห้างหุ้นส่วนจำกัด ไอยรินทร์ไอซ์,0,บวกค้าง,2568,สันกำแพง
5126,ผลิตพลังงานไฟฟ้าจากแสงอาทิตย์ กำลังการผลิต 0.96 เมกะวัตต์,เชียงใหม่,5300000,รายชื่อสถานประกอบการ,บริษัท ไออีซี แม่ทา แม่แตง จำกัด,0,ขี้เหล็ก,2568,แม่แตง
5127,ผลิตพลังงานไฟฟ้าจากแสงอาทิตย์ กำลังการผลิต 0.96 เมกะวัตต์,เชียงใหม่,5300000,รายชื่อสถานประกอบการ,บริษัท ไออีซี แม่ทา แม่แตง จำกัด,0,ขี้เหล็ก,2568,แม่แตง
5128,ผลิตพลังงานไฟฟ้า,เชียงใหม่,325000,รายชื่อสถานประกอบการ,โรงไฟฟ้าพลังความร้อนใต้พิภพฝาง,0,โป่งน้ำร้อน,2568,ฝาง
5129,ผลิตกระแสไฟฟ้าโดยใช้ก๊าซชีวภาพที่เกิดจากการฝังกลบขยะมูลฝอยเป็นเชื้อเพลิง,เชียงใหม่,2000000,รายชื่อสถานประกอบการ,บริษัท จีอาร์-เทค จำกัด,0,บ้านตาล,2568,ฮอด
5130,ผลิตกระแสไฟฟ้าจากก๊าซชีวภาพ,เชียงใหม่,5,รายชื่อสถานประกอบการ,บริษัท ยูเอซี โกลบอล จำกัด (มหาชน),149000000,แม่แตง,2568,แม่แตง
5131,ผลิตพลังงานไฟฟ้าจากก๊าซชีวภาพ กำลังการผลิต 1.063 เมกะวัตต์,เชียงใหม่,1000000,รายชื่อสถานประกอบการ,บริษัท ซัน สวีท จำกัด (มหาชน),0,ทุ่งสะโตก,2568,สันป่าตอง
5132,ผลิตพลังงานไฟฟ้าขายให้กับการไฟฟ้าส่วนภูมิภาค 1 MW,เชียงใหม่,30000000,รายชื่อสถานประกอบการ,ท่าเชียงทอง,0,บ้านตาล,2568,ฮอด
5133,ผลิตพลังงานไฟฟ้าจากเชื้อเพลิงขยะมูลฝอย ขนาดกำลังผลิต 9.5 เมกะวัตต์,เชียงใหม่,90000000,รายชื่อสถานประกอบการ,บริษัท เชียงใหม่ เวสท์ ทู เอ็นเนอร์จี จำกัด,0,ป่าป้อง,2568,ดอยสะเก็ด
5134,ผลิตพลังงานไฟฟ้าจากก๊าซชีวภาพที่เกิดจากการฝังกลบขยะ กำลังการผลิต 1.063 เมกะวัตต์,เชียงใหม่,8,รายชื่อสถานประกอบการ,ดอยช้างพลังงานพอเพียง,84000000,บ้านตาล,2568,ฮอด
5135,ผลิตพลังงานไฟฟ้าขายให้กับการไฟฟ้าส่วนภูมิภาค,เชียงใหม่,8,รายชื่อสถานประกอบการ,บริษัท โรงไฟฟ้าบ้านตาล จำกัด,84000000,บ้านตาล,2568,ฮอด
5136,ผลิตและจำหน่ายพลังงานไฟฟ้า กำลังการผลิต 0.037 เมกะวัตต์,เชียงใหม่,100000,รายชื่อสถานประกอบการ,วิสาหกิจชุมชนไฟฟ้าพลังน้ำบ้านแม่โจ้,0,บ้านเป้า,2568,แม่แตง
5137,โรงงานผลิตก๊าซ (ไบโอมีเทนและคาร์บอนไดออกไซด์)เพื่อส่งหรือจำหน่ายก๊าซ,เชียงใหม่,30000000,รายชื่อสถานประกอบการ,บริษัท ไบโอ ฟิวชั่น ฮอด จำกัด,0,บ้านตาล,2568,ฮอด
5138,ผลิตก๊าซชีวภาพอัดความดันสูง,เชียงใหม่,8,รายชื่อสถานประกอบการ,บริษัท ยูเอซี โกลบอล จำกัด (มหาชน),110000000,แม่แตง,2568,แม่แตง
5139,สีข้าว กำลังสีสูงสุดของร้านสีข้าว 80 เกวียน/วัน,เชียงใหม่,5000000,รายชื่อสถานประกอบการ,บริษัท โรงสีข้าวยงฟ้าเชียงใหม่ จำกัด,0,หนองป่าครั่ง,2568,เมืองเชียงใหม่
5140,"สีข้าวและอบพืชผลทางการเกษตร,คัดขนาดคุณภาพผลิตผลทางการเกษตร",เชียงใหม่,6,รายชื่อสถานประกอบการ,บริษัท กรรณิการ์ ธัญญกิจ จำกัด,12800000,แม่สาว,2568,แม่อาย
5141,สีข้าว (กำลังสีสูงสุดของร้านสีข้าว 35 เกวียน/วัน),เชียงใหม่,10000000,รายชื่อสถานประกอบการ,โรงสีข้าวเชียงใหม่พลสุริยะ,0,ทุ่งต้อม,2568,สันป่าตอง
5142,สีข้าว (กำลังการผลิตสูงสุด 200 ตัน/วัน อบพืชหรือเมล็ดพืชและเก็บรักษาหรือลำเลียงพืช หรือเมล็ดพืชในไซโล โกดังหรือคลังสินค้า,เชียงใหม่,40,รายชื่อสถานประกอบการ,บริษัท ข้าวล้านนา สนป่าตอง จำกัด,140000000,สง่าบ้าน,2568,ดอยสะเก็ด
5143,ทำแป้งข้าวจ้าว แป้งข้าวเหนียวและทำเส้นหมี่,เชียงใหม่,40,รายชื่อสถานประกอบการ,ห้างหุ้นส่วนจำกัด โรงงานประสบผล,17500000,ป่าตัน,2568,เมืองเชียงใหม่
5144,ทำเต้าหู้หลอด,เชียงใหม่,850000,รายชื่อสถานประกอบการ,บริษัท เชียงใหม่อุตสาหกรรมถั่วเหลือง จำกัด,0,ตลาดขวัญ,2568,ดอยสะเก็ด
5145,ผลิตน้ำประปาสะอาด,เชียงใหม่,50000000,รายชื่อสถานประกอบการ,โรงกรองน้ำเหนือ,0,สันกลาง,2568,สันป่าตอง
5146,บรรจุหีบห่อผลไม้ ห้องเย็นเก็บผักและผลไม้,เชียงใหม่,94,รายชื่อสถานประกอบการ,นางสายจิต วัฒนาการ,54750000,แม่สูน,2568,ฝาง
5147,แช่เย็นพืชผลการเกษตร,เชียงใหม่,0,รายชื่อสถานประกอบการ,บริษัท ทรายทอง โกลเบิลฟรุต จำกัด,0,แม่สูน,2568,ฝาง
5148,ผลิตผัก ผลไม้ เนื้อสัตว์ แช่แข็ง และห้องเย็น,เชียงใหม่,377,รายชื่อสถานประกอบการ,บริษัท ปริ๊นเซสฟูดส์ จำกัด,257977907,ขี้เหล็ก,2568,แม่ริม
5149,ทำห้องเย็นเก็บมันฝรั่ง,เชียงใหม่,4996401755.3,รายชื่อสถานประกอบการ,บริษัท เป๊ปซี่-โคล่า (ไทย) เทรดดิ้ง จำกัด,0,ปงตำ,2568,ไชยปราการ
5150,ห้องเย็น ,เชียงใหม่,70000000,รายชื่อสถานประกอบการ,บริษัท วีพีเอฟ กรุ๊ป (1973) จำกัด,0,ชมภู,2568,สารภี
5151,ห้องเย็น,เชียงใหม่,5000000,รายชื่อสถานประกอบการ,บริษัท เชียงใหม่โฟรเซ่นฟูดส์ จำกัด (มหาชน),0,แม่แฝกใหม่,2568,สันทราย
5152,ซ่อมรถยนต์,เชียงใหม่,300000,รายชื่อสถานประกอบการ,บริษัท ศรีวิรัตน์ การาจ จำกัด,0,วัดเกต,2568,เมืองเชียงใหม่
5153,ซ่อมจักรยานยนต์ เครื่องอีเล็คโทรนิคส์และเครื่องใช้ไฟฟ้าใน,เชียงใหม่,100000,รายชื่อสถานประกอบการ,บริษัท นอร์ท สตาร์ ออโตโมทีฟ จำกัด,0,พระสิงห์,2568,เมืองเชียงใหม่
5154,ซ่อมรถยนต์และกลึงโลหะ,เชียงใหม่,50000,รายชื่อสถานประกอบการ,กวงเฮงเส็ง (สาขา),0,วัดเกต,2568,เมืองเชียงใหม่
5155,ซ่อมตัวถังรถยนต์,เชียงใหม่,10000,รายชื่อสถานประกอบการ,เวียดนามการช่าง,0,ศรีภูมิ,2568,เมืองเชียงใหม่
5156,เคาะพ่นสีรถยนต์,เชียงใหม่,3000000,รายชื่อสถานประกอบการ,บริษัท โตโยต้า เชียงใหม่ จำกัด,0,สุเทพ,2568,เมืองเชียงใหม่
5157,ซัก อบ รีดเสื้อผ้า,เชียงใหม่,500000,รายชื่อสถานประกอบการ,เมืองสมุทรซักรีด,0,ช้างม่อย,2568,เมืองเชียงใหม่
5158,ซัก ฟอก เสื้อผ้าสำเร็จรูป,เชียงใหม่,12000000,รายชื่อสถานประกอบการ,บริษัท แม่ปิงลอนดริ จำกัด,0,หนองผึ้ง,2568,สารภี
5159,ซักฟอกรีดเสื้อผ้า 150 ตัน/ปี,เชียงใหม่,2000000,รายชื่อสถานประกอบการ,บริษัท สยามพรหมประทาน จำกัด,0,สันกำแพง,2568,สันกำแพง
5160,ซัก อบ รีดผ้า,เชียงใหม่,3000000,รายชื่อสถานประกอบการ,ลินินแคร์,0,บวกค้าง,2568,สันกำแพง
5161,อบใบชาผง,เชียงใหม่,20000000,รายชื่อสถานประกอบการ,แก้วภูทอง,0,เวียง,2568,ฝาง
5162,ผลิตผลทางการเกษตร อบแห้ง แบ่งบรรจุ เช่น ผัก ผลไม้อบแห้ง ชาสมุนไพร เครื่องดื่มสมุนไพร และการแบ่งบรรจุกาแฟสำเร็จรูป,เชียงใหม่,40,รายชื่อสถานประกอบการ,บริษัท นราห์ อินดัสตรี จำกัด,15000000,ห้วยทราย,2568,แม่ริม
5163,อบรมควันลำไย,เชียงใหม่,50,รายชื่อสถานประกอบการ,,5500000,สบเตี๊ยะ,2568,จอมทอง
5164,คัดแยกขนาดหรือคุณภาพและกระเทาะเมล็ดหรือเปลือกกาแฟ,เชียงใหม่,11,รายชื่อสถานประกอบการ,บริษัท วีพีพี โปรเกรสซิฟ จำกัด,12200000,อมก๋อย,2568,อมก๋อย
5165,การร่อน คัด หรือแยกขนาดหรือคุณภาพของผลิตผลทางการเกษตร,เชียงใหม่,4,รายชื่อสถานประกอบการ,แสงสุวรรณ์ค้าพืชไร่,15000000,แม่สาว,2568,แม่อาย
5166,คัดแยกคุณภาพเมล็ดข้าว,เชียงใหม่,4,รายชื่อสถานประกอบการ,นางนันทายา ปัญญา,8500000,แม่สาว,2568,แม่อาย
5167,ตัดเย็บเสื้อผ้าสำเร็จรูป,เชียงใหม่,58,รายชื่อสถานประกอบการ,บริษัท ฝ้ายเอื้องคำ จำกัด,3900000,ยางคราม,2568,ดอยหล่อ
5168,ตัดเย็บเสื้อผ้าสำเร็จรูป,เชียงใหม่,24,รายชื่อสถานประกอบการ,ห้างหุ้นส่วนจำกัด เชียงใหม่โรงงานแดง,6500000,ร้องวัวแดง,2568,สันกำแพง
5169,ขุดทราย,เชียงใหม่,1,รายชื่อสถานประกอบการ,ห้างหุ้นส่วนจำกัด พูนสวัสดิ์ก่อสร้าง,20000,ป่าตุ้ม,2568,พร้าว
5170,ร่อนและคัดแยกกรวดทราย,เชียงใหม่,5,รายชื่อสถานประกอบการ,บริษัท ทรายจรูญรัตน์ไพศาล จำกัด,3050000,สบเตี๊ยะ,2568,จอมทอง
5171,ผลิตเครื่องใช้จากไม้ไผ่,เชียงใหม่,28,รายชื่อสถานประกอบการ,,1420000,เชิงดอย,2568,ดอยสะเก็ด
5172,ผลิตกล่องกระดาษ,เชียงใหม่,56,รายชื่อสถานประกอบการ,บริษัท ซี พี ดี บรรจุภัณฑ์ จำกัด,21000000,ป่าแดด,2568,เมืองเชียงใหม่
5173,ผลิตอิฐดินเผา,เชียงใหม่,25,รายชื่อสถานประกอบการ,อิฐอนงค์,4330000,แม่สาว,2568,แม่อาย
5174,ผลิตและจำหน่ายอิฐมอญ,เชียงใหม่,16,รายชื่อสถานประกอบการ,อิฐศรีทอง,1440000,แม่สาว,2568,แม่อาย
5175,ผลิตคอนกรีตผสมเสร็จ,เชียงใหม่,4,รายชื่อสถานประกอบการ,ห้างหุ้นส่วนจำกัด ภู่พิสิฐพาณิชย์,43000000,ข่วงเปา,2568,จอมทอง
5176,ทำผลิตภัณฑ์คอนกรีต คอนกรีตผสม และทำคอนกรีตอัดแรง,เชียงใหม่,5,รายชื่อสถานประกอบการ,แอลเคโปรดักส์,7500000,ดอยหล่อ,2568,ดอยหล่อ
5177,ผลิตคอนกรีตผสมเสร็จ,เชียงใหม่,5,รายชื่อสถานประกอบการ,บริษัท พี พี เอส คอนกรีต จำกัด,9500000,ท่าเดื่อ,2568,ดอยเต่า
5178,ผลิตคอนกรีตผสมเสร็จ,เชียงใหม่,5,รายชื่อสถานประกอบการ,ห้างหุ้นส่วนจำกัด ณัฏภูมิ หิน ทราย,1000000,เวียง,2568,ฝาง
5179,การทำ ดัดแปลงหรือซ่อมแซม กลึง คว้าน เจาะ กัด เจียน ตัด ไส ผลิตชิ้นส่วนจักรยานยนต์,เชียงใหม่,4,รายชื่อสถานประกอบการ,บริษัท ยาโมโต จำกัด,9000000,แม่สูน,2568,ฝาง
5180,ผลิต ประกอบ จำหน่าย เครื่องจ่ายน้ำดื่มอัตโนมัติ เครื่องกรองน้ำ,เชียงใหม่,24,รายชื่อสถานประกอบการ,บริษัท สวิส ไทย วอเตอร์ โซลูชั่น จำกัด,18000000,ขุนคง,2568,หางดง
5181,ทำเครื่องมือ เครื่องใช้แพทย์,เชียงใหม่,87,รายชื่อสถานประกอบการ,บริษัท ไบโอเซฟโปรดักส์ จำกัด,36500000,ออนใต้,2568,สันกำแพง
5182,สีข้าว,เชียงใหม่,2,รายชื่อสถานประกอบการ,,950000,ป่าแดด,2568,เมืองเชียงใหม่
5183,สีข้าว,เชียงใหม่,2,รายชื่อสถานประกอบการ,ป.ธัญญเจริญ 2,3200000,แม่สาว,2568,แม่อาย
5184,สีข้าว,เชียงใหม่,3,รายชื่อสถานประกอบการ,โรงสีโชคสิรินัฐ์,2400000,แม่สาว,2568,แม่อาย
5185,สีข้าว,เชียงใหม่,5,รายชื่อสถานประกอบการ,นางสาวรัตติกาล นันตา,4500000,แม่สาว,2568,แม่อาย
5186,สีข้าว,เชียงใหม่,3,รายชื่อสถานประกอบการ,โรงสีข้าวสุวิน,5160000,แม่สาว,2568,แม่อาย
5187,ห้องเย็น,เชียงใหม่,5,รายชื่อสถานประกอบการ,ห้องเย็นรัตนาพืชผลการเกษตร,19000000,ดอยหล่อ,2568,ดอยหล่อ
5188,ผลิตขนมปัง,เชียงใหม่,48,รายชื่อสถานประกอบการ,บริษัท เอส พี ฟาสฟู้ดส์ จำกัด,33000000,สันกลาง,2568,สันกำแพง
5189,ผลิตขนมปังเบเกอรี่,เชียงใหม่,1500000,รายชื่อสถานประกอบการ,บริษัท ผึ้งน้อยเบเกอรี่ จำกัด,0,ช้างเผือก,2568,เมืองเชียงใหม่
5190,ผลิตเบเกอรี่ อาหาร เครื่องดื่ม,เชียงใหม่,230,รายชื่อสถานประกอบการ,ผึ้งน้อยเบเกอรี่,20000000,ช้างเผือก,2568,เมืองเชียงใหม่
5191,"ทำขนมปัง,ขนมเค้ก,ขนมเปี๊ยะ",เชียงใหม่,37,รายชื่อสถานประกอบการ,เปลวทิพย์,13000000,สันกำแพง,2568,สันกำแพง
5192,ผลิตขนมปัง,เชียงใหม่,2000000,รายชื่อสถานประกอบการ,บริษัท นานาฟูดส์เอ็นเตอร์ไพรส์ จำกัด,0,ดอนแก้ว,2568,สารภี
5193,ทำขนมปังหรือขนมเค้ก ไอศกรีม และห้องเย็น,เชียงใหม่,21,รายชื่อสถานประกอบการ,บริษัท เดอะ โวลคาโน่ จำกัด,80000000,ดอนแก้ว,2568,แม่ริม
5194,เบเกอรี่และอาหารสำเร็จรูปพร้อมบริโภค,เชียงใหม่,5000000,รายชื่อสถานประกอบการ,บริษัท ผลิตภัณฑ์เบเกอรี่และอาหารฝ้าย จำกัด,0,ยางเนิ้ง,2568,สารภี
5195,ผลิตอาหารสำเร็จรูป อาหารแช่แข็ง,เชียงใหม่,8,รายชื่อสถานประกอบการ,บริษัท บูโอนิซซิโม จำกัด,4000000,แม่แฝก,2568,สันทราย
5196,ทำเส้นก๋วยเตี๋ยว,เชียงใหม่,7,รายชื่อสถานประกอบการ,เส้นทิพย์,5100000,ต้นเปา,2568,สันกำแพง
5197,การตกแต่งผลิตภัณฑ์ไม้แกะสลัก เช่น การทาสี ทาน้ำมันเคลือบเงา การขัด,เชียงใหม่,24,รายชื่อสถานประกอบการ,ห้างหุ้นส่วนจำกัด ไฬญา,4600000,สันกำแพง,2568,สันกำแพง
5198,"ตบแต่ง, ทำสี, บรรจุผลิตภัณฑ์ไม้แกะสลัก ที่ทำด้วยไม้เนื้ออ่อน (ไม้ฉำฉา, ไม้มะม่วง)",เชียงใหม่,50,รายชื่อสถานประกอบการ,ห้างหุ้นส่วนจำกัด เชียงใหม่ กรีนดีไซน์,22500000,หางดง,2568,หางดง
5199,ทำสีไม้ แกะสลัก,เชียงใหม่,500000,รายชื่อสถานประกอบการ,บริษัท เชียงใหม่ แรม จำกัด,0,บ้านแหวน,2568,หางดง
5200,ผลิตชิ้นส่วน อุปกรณ์ตกแต่งรถยนต์ และพ่นเคลือบสีชิ้นส่วนอุปกรณ์ตกแต่งรถยนต์,เชียงใหม่,30,รายชื่อสถานประกอบการ,บริษัท เจบี. ออโท บิเดค จำกัด,14000000,สองแคว,2568,ดอยหล่อ
5201,ชุบเคลือบผิว,เชียงใหม่,5000000,รายชื่อสถานประกอบการ,บริษัท อีจิซเทค จำกัด,0,ออนใต้,2568,สันกำแพง
5202,ผลิตและประกอบหม้อต้มน้ำร้อน,เชียงใหม่,3000000,รายชื่อสถานประกอบการ,บริษัท เค.พี.เอ็กซ์เพอท เอนจิเนียริ่ง จำกัด,0,แช่ช้าง,2568,สันกำแพง
5203,คัดแยกขยะสิ่งปฏิกูลหรือวัสดุที่ไม่ใช้แล้ว ที่ไม่เป็นของเสียอันตราย และฝั่งกลบสิ่งปฏิกูลหรือวัสดุที่ไม่ใช้แล้วที่ไม่เป็นของเสียอันตราย,เชียงใหม่,5000000,รายชื่อสถานประกอบการ,ห้างหุ้นส่วนจำกัด กลุ่มบ้านตาลพัฒนา,0,บ้านตาล,2568,ฮอด
5204,บ่มใบยาสูบ,เชียงใหม่,2000000,รายชื่อสถานประกอบการ,บริษัท อุตสาหกรรมใบยาสูบไทย จำกัด,0,เขื่อนผาก,2568,พร้าว
5205,สถานีบ่มใบยา สันต้นเปา,เชียงใหม่,2500000,รายชื่อสถานประกอบการ,บริษัท ไซแอม โทแบคโค เอกซ์ปอร์ต คอร์ปอเรชั่น จำกัด,0,ศรีดงเย็น,2568,ไชยปราการ
5206,ผลิตชาสมุนไพร,เชียงใหม่,2000000,รายชื่อสถานประกอบการ,ห้างหุ้นส่วนจำกัด ที แกลเลอรี่ กรุ๊ป (ประะเทศไทย) จำกัด,0,ท่าศาลา,2568,เมืองเชียงใหม่
5207,ผลิตชาแห้งและสมุนไพรแห้ง,เชียงใหม่,1000000,รายชื่อสถานประกอบการ,โรงงานชาแห้ง อารักษ์,0,บ้านช้าง,2568,แม่แตง
5208,ผลิตใบชาแห้ง และใบชาผง,เชียงใหม่,2000000,รายชื่อสถานประกอบการ,บริษัท ชาไทย อินเตอร์เนชั่นแนล จำกัด,0,อินทขิล,2568,แม่แตง
5209,ทำไอศครีม,เชียงใหม่,100000,รายชื่อสถานประกอบการ,ไอศกรีมป่าตัน,0,ป่าตัน,2568,เมืองเชียงใหม่
5210,คั่วเมล็ดกาแฟ,เชียงใหม่,6000000,รายชื่อสถานประกอบการ,บริษัท เค.วี.เอ็น.อิมปอร์ตเอกซ์ปอร์ต (1991) จำกัด,0,สันผักหวาน,2568,หางดง
5211,ผลิตกาแฟคั่วและบดพร้อมบรรจุซอง,เชียงใหม่,1000000,รายชื่อสถานประกอบการ,บริษัท บีเจซี เมก้า มาร์เก็ต จำกัด,0,สันผีเสื้อ,2568,เมืองเชียงใหม่
5212,ผลิตกาแฟคั่วและบดพร้อมบรรจุซอง,เชียงใหม่,20000000,รายชื่อสถานประกอบการ,บริษัท พานาคอฟฟี่ จำกัด,0,ลวงเหนือ,2568,ดอยสะเก็ด
5213,"คั่ว บด หรือป่นกาแฟ หรือการทำกาแฟผง ,ผลิตใบชาแห้ง และใบชาผง",เชียงใหม่,45,รายชื่อสถานประกอบการ,บริษัท ฮิลล์คอฟฟ์ จำกัด,127000000,อินทขิล,2568,แม่แตง
5214,บ่มใบยาสูบ,เชียงใหม่,500000,รายชื่อสถานประกอบการ,สถานีบ่มใบยาบ้านกาด,0,บ้านกาด,2568,แม่วาง
5215,ผลิตเครื่องปรุงรสอาหาร,เชียงใหม่,15000000,รายชื่อสถานประกอบการ,บริษัท นิธิฟู้ดส์ จำกัด,0,บ้านกลาง,2568,สันป่าตอง
5216,เครื่องปรุงหรือเครื่องประกอบอาหาร,เชียงใหม่,14,รายชื่อสถานประกอบการ,บริษัท เอี่ยมกสิกิจ จำกัด,19500000,บ้านกลาง,2568,สันป่าตอง
5217,ผลิตอาหารและเครื่องดื่ม,เชียงใหม่,36,รายชื่อสถานประกอบการ,บริษัท ปลูกผักเพราะรักแม่ จำกัด,135000000,เชิงดอย,2568,ดอยสะเก็ด
5218,ทำน้ำแข็งก้อนเล็ก,เชียงใหม่,300000,รายชื่อสถานประกอบการ,มีสุขเจ้าสำราญ,0,ป่าตัน,2568,เมืองเชียงใหม่
5219,ทำน้ำแข็งด้อนเล็ก ได้วันละ 10 ตัน,เชียงใหม่,100000,รายชื่อสถานประกอบการ,หฤดลพานิช,0,ป่าตุ้ม,2568,พร้าว
5220,ผลิตน้ำแข็ง,เชียงใหม่,1000000,รายชื่อสถานประกอบการ,โรงน้ำแข็งสุขสมนึก,0,ต้นเปา,2568,สันกำแพง
5221,ทำน้ำแข็งก้อนเล็กขนาด 8 ตัน/วัน,เชียงใหม่,1000000,รายชื่อสถานประกอบการ,สโนไอซ์,0,ป่าตัน,2568,เมืองเชียงใหม่
5222,ผลิตน้ำแข็งก้อนเล็ก (30 ตัน/วัน) และผลิตน้ำแข็งซอง (400 ซอง/วัน),เชียงใหม่,200000,รายชื่อสถานประกอบการ,โรงน้ำแข็งสันป่าตอง,0,ยุหว่า,2568,สันป่าตอง
5223,ทำน้ำแข็งก้อนเล็กและน้ำแข็งซอง,เชียงใหม่,2000000,รายชื่อสถานประกอบการ,โรงน้ำแข็งรัตนโกสินทร์ สันทราย,0,สันผีเสื้อ,2568,เมืองเชียงใหม่
5224,ผลิตน้ำแข็งก้อนเล็ก,เชียงใหม่,300000,รายชื่อสถานประกอบการ,โรงน้ำแข็งสุขเสรี,0,สันโป่ง,2568,แม่ริม
5225,ผลิตน้ำแข็ง,เชียงใหม่,1000000,รายชื่อสถานประกอบการ,นายอนุวัต ใจดี,0,สันกำแพง,2568,สันกำแพง
5226,ผลิตน้ำแข็งหลอด และน้ำแข็งซอง,เชียงใหม่,10,รายชื่อสถานประกอบการ,ห้างหุ้นส่วนจำกัด โรงน้ำแข็งดอยอินทนนท์,16000000,ดอยหล่อ,2568,ดอยหล่อ
5227,ทำน้ำแข็งก้อนเล็ก,เชียงใหม่,0,รายชื่อสถานประกอบการ,ห้างหุ้นส่วนจำกัด โรงน้ำแข็งแม่โจ้,0,หนองหาร,2568,สันทราย
5228,ผลิตน้ำแข็งหลอด,เชียงใหม่,500000,รายชื่อสถานประกอบการ,สโนว์ไอซ์ ยูนิค,0,บ้านกลาง,2568,สันป่าตอง
5229,ทำน้ำแข็งหลอดและน้ำแข็งซอง,เชียงใหม่,2000000,รายชื่อสถานประกอบการ,โรงน้ำแข็งไชยปราการ,0,ปงตำ,2568,ไชยปราการ
5230,ผลิตน้ำแข็ง,เชียงใหม่,700000,รายชื่อสถานประกอบการ,บริษัท วารีเทพ แม่อาย จำกัด,0,มะลิกา,2568,แม่อาย
5231,ผลิตน้ำแข็ง,เชียงใหม่,5000000,รายชื่อสถานประกอบการ,ห้างหุ้นส่วนจำกัด สุขเสรี เอส ไอ ซี,0,เชียงดาว,2568,เชียงดาว
5232,ทำน้ำแข็งก้อนเล็ก น้ำแข็งซอง,เชียงใหม่,2000000,รายชื่อสถานประกอบการ,บริษัท วารีเทพ สบเตี๊ยะ จำกัด,0,สบเตี๊ยะ,2568,จอมทอง
5233,ผลิตน้ำแข็งหลอด,เชียงใหม่,500000,รายชื่อสถานประกอบการ,โรงน้ำแข็งนิมรุ่งเรือง,0,แม่เหียะ,2568,เมืองเชียงใหม่
5234,ผลิตน้ำแข็งหลอด,เชียงใหม่,1000000,รายชื่อสถานประกอบการ,โรงน้ำแข็ง วีไอซี จอมทอง,0,ข่วงเปา,2568,จอมทอง
5235,ทำน้ำแข็งก้อนเล็กและน้ำแข็งซอง,เชียงใหม่,14,รายชื่อสถานประกอบการ,ห้างหุ้นส่วนจำกัด โรงน้ำแข็งไชยปราการฝาง,25000000,เวียง,2568,ฝาง
5236,ทำน้ำแข็งก้อนเล็กและน้ำดื่ม,เชียงใหม่,8,รายชื่อสถานประกอบการ,เฮงเจริญ วอเตอร์,8500000,แม่แวน,2568,พร้าว
5237,ทำน้ำแข็ง,เชียงใหม่,10,รายชื่อสถานประกอบการ,บริษัท โรงน้ำแข็งเวียงทิพย์วารี (เชียงใหม่) จำกัด,28000000,ป่าไผ่,2568,สันทราย
5238,ผลิตน้ำแข็งหลอด,เชียงใหม่,3000000,รายชื่อสถานประกอบการ,ห้างหุ้นส่วนจำกัด วารีเทพ เชียงใหม่,0,สันกำแพง,2568,สันกำแพง
5239,ผลิตน้ำแข็งหลอด,เชียงใหม่,200000,รายชื่อสถานประกอบการ,โรงน้ำแข็งมีสุขเจ้าสำราญ สันกำแพง,0,สันกำแพง,2568,สันกำแพง
5240,ผลิตและจำหน่ายน้ำแข็ง,เชียงใหม่,1000000,รายชื่อสถานประกอบการ,ล้านนาไอซ์ แฟคโทรี่ เอ็นจิเนียริ่ง,0,ตลาดใหญ่,2568,ดอยสะเก็ด
5241,ผลิตน้ำแข็งหลอด และน้ำแข็งซอง,เชียงใหม่,4000000,รายชื่อสถานประกอบการ,โรงน้ำแข็ง มีสุขเจ้าสำราญ แม่แจ่ม,0,ช่างเคิ่ง,2568,แม่แจ่ม
5242,ทำน้ำแข็งหลอดและน้ำแข็งซอง,เชียงใหม่,7,รายชื่อสถานประกอบการ,โรงน้ำแข็งยศดำรงค์พร้าว,14220000,เวียง,2568,พร้าว
5243,ผลิตน้ำแข็งซอง,เชียงใหม่,3000000,รายชื่อสถานประกอบการ,โรงงานน้ำแข็งธารทอง,0,หางดง,2568,ฮอด
5244,ทำน้ำแข็งก้อนเล็ก,เชียงใหม่,2000000,รายชื่อสถานประกอบการ,นางสาวคุณีกร โตไพบูลย์,0,ขี้เหล็ก,2568,แม่แตง
5245,โรงงานผลิตน้ำแข็งหลอด,เชียงใหม่,1000000,รายชื่อสถานประกอบการ,โรงน้ำแข็ง มีสุขเจ้าสำราญ สาขาแม่ริม,0,ห้วยทราย,2568,แม่ริม
5246,ผลิตน้ำแข็ง,เชียงใหม่,10,รายชื่อสถานประกอบการ,โรงน้ำแข็งมีสุขเจ้าสำราญ ดอยเต่า,7000000,ท่าเดื่อ,2568,ดอยเต่า
5247,ทำน้ำแข็งก้อนเล็ก,เชียงใหม่,200000,รายชื่อสถานประกอบการ,,0,ยางเนิ้ง,2568,สารภี
5248,ผลิตน้ำแข็ง,เชียงใหม่,14,รายชื่อสถานประกอบการ,โรงน้ำแข็งเชียงใหม่กิจวารี,11400000,หารแก้ว,2568,หางดง
5249,ผลิตน้ำแข็งหลอด,เชียงใหม่,3000000,รายชื่อสถานประกอบการ,โรงน้ำแข็งเชียงใหม่ไอซ์,0,แช่ช้าง,2568,สันกำแพง
5250,ผลิตน้ำแข็งหลอดเล็กและหลอดใหญ่,เชียงใหม่,500000,รายชื่อสถานประกอบการ,โรงน้ำแข็งเพชรงามรุ่งเรือง,0,หนองหาร,2568,สันทราย
5251,ผลิตน้ำแข็งหลอด,เชียงใหม่,500000,รายชื่อสถานประกอบการ,ห้างหุ้นส่วนจำกัด โรงงานน้ำแข็งธารทอง,0,ท่าวังตาล,2568,สารภี
5252,โรงงานทำน้ำแข็งก้อนเล็ก,เชียงใหม่,500000,รายชื่อสถานประกอบการ,นางสาวคุณาพร โตไพบูลย์,0,เวียง,2568,ฝาง
5253,ผลิตน้ำแข็งหลอด,เชียงใหม่,2000000,รายชื่อสถานประกอบการ,โรงน้ำแข็งบ้านน้อย,0,สันกำแพง,2568,สันกำแพง
5254,ทำน้ำแข็งซอง,เชียงใหม่,1000000,รายชื่อสถานประกอบการ,โรงน้ำแข็งซองสุขสมนึก,0,หารแก้ว,2568,หางดง
5255,ผลิตน้ำแข็ง,เชียงใหม่,1000000,รายชื่อสถานประกอบการ,ห้างหุ้นส่วนจำกัด โรงน้ำแข็งแม่ริม,0,ริมใต้,2568,แม่ริม
5256,ทำน้ำแข็งหลอด,เชียงใหม่,1000,รายชื่อสถานประกอบการ,วี.ที.ไอซ์,0,ขุนคง,2568,หางดง
5257,ผลิตน้ำแข็งหลอด,เชียงใหม่,1500000,รายชื่อสถานประกอบการ,นายรุ่งโรจน์ เข็มขาว,0,สันผีเสื้อ,2568,เมืองเชียงใหม่
5258,ผลิตน้ำแข็ง,เชียงใหม่,1000000,รายชื่อสถานประกอบการ,วี.ไอ.ซี. เจดีย์แม่ครัว,0,แม่แฝกใหม่,2568,สันทราย
5259,ทำน้ำแข็งก้อนเล็ก,เชียงใหม่,1000000,รายชื่อสถานประกอบการ,ห้างหุ้นส่วนจำกัด ไอยรินทร์ไอซ์,0,แช่ช้าง,2568,สันกำแพง
5260,ผลิตอาหารสัตว์,เชียงใหม่,1000000,รายชื่อสถานประกอบการ,วิวรรณเทคโนโลยี,0,สบแม่ข่า,2568,หางดง
5261,ผลิตอาหารสัตว์และสารผสมล่วงหน้าสำหรับสัตว์,เชียงใหม่,3000000,รายชื่อสถานประกอบการ,โรงงานผลิตอาหารสัตว์,0,สันนาเม็ง,2568,สันทราย
5262,ผลิตอาหารสัตว์,เชียงใหม่,130000000,รายชื่อสถานประกอบการ,บริษัท ลิ้มศักดากุลอุตสาหกรรมการเกษตร(ไทยแลนด์)จำกัด,0,สันปูเลย,2568,ดอยสะเก็ด
5263,"การทำอาหารผสมหรืออาหารสำเร็จรูปสำหรับเลี้ยงสัตว์,อบพืชหรือเมล็ดพืช,การเก็บรักษาหรือลำเลียงพืชเมล็ดพืช หรือผลิตผลจากพืชในไซโล โกดัง หรือคลังสินค้า",เชียงใหม่,14,รายชื่อสถานประกอบการ,บริษัท รุ่งทองคำฟาร์ม จำกัด,158000000,แม่แฝก,2568,สันทราย
5264,ผลิตอาหารสัตว์ เช่นอาหารไก่จากข้าวโพด อบพืชผลทางการเกษตร เช่นข้าวโพดอบ และลำเลียงเก็บรักษาในไซโล,เชียงใหม่,6,รายชื่อสถานประกอบการ,บริษัท รุ่งทองคำอะกริเทรค จำกัด,20000000,แม่แฝก,2568,สันทราย
5265,ผลิตอาหารสัตว์,เชียงใหม่,90000000,รายชื่อสถานประกอบการ,บริษัท มงคลแอนด์ซันส์ฟาร์ม จำกัด,0,แม่แตง,2568,แม่แตง
5266,บด ป่น และผสมอาหารสัตว์,เชียงใหม่,1000000,รายชื่อสถานประกอบการ,นายสมพล ยศเดช,0,สันกลาง,2568,สันป่าตอง
5267,ผลิตเบียร์สด,เชียงใหม่,0,รายชื่อสถานประกอบการ,โรงเบียร์เชียงใหม่เยอรมัน,0,หนองป่าครั่ง,2568,เมืองเชียงใหม่
5268,"อบเมล็ดพืช เช่น ข้าวเปลือก,ข้าวโพด ฯลฯ",เชียงใหม่,1000000,รายชื่อสถานประกอบการ,ห้างหุ้นส่วนจำกัด โรงสีข้าวรวงทองเชียงใหม่,0,เชิงดอย,2568,ดอยสะเก็ด
5269,ผลิตต้นหอมอบแห้ง,เชียงใหม่,5000000,รายชื่อสถานประกอบการ,บริษัท เชียงรายฟูด จำกัด,0,แม่งอน,2568,ฝาง
5270,อบลำไย,เชียงใหม่,4200000,รายชื่อสถานประกอบการ,ห้างหุ้นส่วนจำกัด เอกธนเกษตร,0,บ้านกลาง,2568,สันป่าตอง
5271,อบผลิตผลทางการเกษตร,เชียงใหม่,4,รายชื่อสถานประกอบการ,นายรักพงศ์ เชิดสถิรกุล,57500000,เชิงดอย,2568,ดอยสะเก็ด
5272,อบพืชผลทางการเกษตร,เชียงใหม่,15000000,รายชื่อสถานประกอบการ,โรงอบข้าวรุ่งจรัญไรซ์,0,แม่สาว,2568,แม่อาย
5273,อบข้าวเปลือก,เชียงใหม่,2,รายชื่อสถานประกอบการ,โรงอบข้าว ทรัพย์เกษม,17500000,แม่สาว,2568,แม่อาย
5274,อบพืชผลทางการเกษตร,เชียงใหม่,12,รายชื่อสถานประกอบการ,โรงอบข้าวทรัพย์ดวงทิพย์,36000000,แม่สาว,2568,แม่อาย
5275,อบพืชผลทางการเกษตร,เชียงใหม่,15,รายชื่อสถานประกอบการ,นางสาวประไพ กันธิยะ,23000000,แม่คะ,2568,ฝาง
5276,อบพืชผลทางการเกษตร ปรับปรุงคุณภาพของผลิตผลทางการเกษตร และห้องเย็น,เชียงใหม่,15,รายชื่อสถานประกอบการ,บริษัท เอส ดี อินเตอร์ ฟู้ดส์ จำกัด,31000000,สองแคว,2568,ดอยหล่อ
5277,อบพืชผลทางการเกษตรและสีข้าว,เชียงใหม่,5,รายชื่อสถานประกอบการ,บริษัท สมชายค้าข้าว จำกัด,38000000,เวียง,2568,ฝาง
5278,อบพืชผลทางการเกษตร,เชียงใหม่,7,รายชื่อสถานประกอบการ,ทรัพย์ดวงทิพย์ค้าข้าว,26000000,แม่สาว,2568,แม่อาย
5279,อบผลิตผลทางการเกษตร อาทิ ลำไย,เชียงใหม่,10000000,รายชื่อสถานประกอบการ,ศรีเจริญ,0,สันทราย,2568,สารภี
5280,อบพืชผลทางการเกษตร เมล็ดข้าวโพด,เชียงใหม่,30000000,รายชื่อสถานประกอบการ,บริษัท เคเค เอนเนอร์จี 1962 จำกัด,0,บ้านตาล,2568,ฮอด
5281,"อบพืชผลทางการเกษตร เช่น ลำไย, ร่อน ล้าง คัด หรือแยกขนาดลำไย และห้องเย็นในการเก็บรักษาพืชผลทางการเกษตร",เชียงใหม่,0,รายชื่อสถานประกอบการ,บริษัท หยวน เซิ่ง เฟรช จำกัด,135000000,สบเตี๊ยะ,2568,จอมทอง
5282,อบพืชผลทางการเกษตร,เชียงใหม่,10000000,รายชื่อสถานประกอบการ,บริษัท สมชายค้าข้าว จำกัด,0,เวียง,2568,ฝาง
5283,อบพืชผลทางการเกษตร,เชียงใหม่,5000000,รายชื่อสถานประกอบการ,บริษัท ดวงดีไรซ์ จำกัด,0,แม่สาว,2568,แม่อาย
5284,อบผลิตผลทางการเกษตร,เชียงใหม่,1000000,รายชื่อสถานประกอบการ,ศุภชัย,0,มะขามหลวง,2568,สันป่าตอง
5285,อบพืชผลทางการเกษตร,เชียงใหม่,30000000,รายชื่อสถานประกอบการ,บริษัท เกิดอู่ทอง จำกัด,0,แม่แฝก,2568,สันทราย
5286,อบพืชผลทางการเกษตร,เชียงใหม่,3000000,รายชื่อสถานประกอบการ,บริษัท รุ่งเจริญพืชผล จำกัด,0,ดอยหล่อ,2568,ดอยหล่อ
5287,อบพืชผลทางการเกษตร,เชียงใหม่,1000000,รายชื่อสถานประกอบการ,โรงอบทิพย์ธารา,0,เวียง,2568,ฝาง
5288,อบพืชผลทางการเกษตร,เชียงใหม่,2000000,รายชื่อสถานประกอบการ,โรงอบข้าวสามหนึ่ง,0,แม่อาย,2568,แม่อาย
5289,อบผลิตผลการเกษตร,เชียงใหม่,7,รายชื่อสถานประกอบการ,บริษัท โอเค อินเตอร์เฟรช (ประเทสไทย) จำกัด,23100000,สบเตี๊ยะ,2568,จอมทอง
5290,อบพืชผลทางการเกษตร,เชียงใหม่,2000000,รายชื่อสถานประกอบการ,นายรุ่งรัตน์ สุชนสมบัติ,0,เขื่อนผาก,2568,พร้าว
5291,อบพืชผลทางการเกษตร ทุกชนิด เช่น ลำไย ข้าวโพด พริก และอื่นๆ,เชียงใหม่,3000000,รายชื่อสถานประกอบการ,บริษัท ลพบุรี พาวเวอร์ จำกัด,0,เขื่อนผาก,2568,พร้าว
5292,อบพืชผลทางการเกษตรกรรม,เชียงใหม่,500000000,รายชื่อสถานประกอบการ,บริษัท เชียงใหม่เฟรช โปรดักส์ จำกัด,0,ทุ่งสะโตก,2568,สันป่าตอง
5293,อบ บด ป่น ย่อย พืชและเมล็ดพืช,เชียงใหม่,3000000,รายชื่อสถานประกอบการ,บริษัท เอี่ยมกสิกิจ จำกัด,0,บ้านกลาง,2568,สันป่าตอง
5294,อบลำไย,เชียงใหม่,500000,รายชื่อสถานประกอบการ,ฟ้าเจริญพร,0,สบเตี๊ยะ,2568,จอมทอง
5295,อบแห้งพืชผลทางการเกษตร,เชียงใหม่,10000000,รายชื่อสถานประกอบการ,บริษัท สุภิราชการเกษตร จำกัด,0,แม่ปั๋ง,2568,พร้าว
5296,อบพืชผลทางการเกษตร,เชียงใหม่,53500000,รายชื่อสถานประกอบการ,บริษัท เชียงใหม่เฟรช โปรดักส์ จำกัด,0,ทุ่งสะโตก,2568,สันป่าตอง
5297,อบพืชผลทางการเกษตร,เชียงใหม่,20000000,รายชื่อสถานประกอบการ,โรงอบ โฮภาส กอนแสง,0,แม่แฝก,2568,สันทราย
5298,ผลิตผลไม้อบกรอบ,เชียงใหม่,5000000,รายชื่อสถานประกอบการ,บริษัท ทีดับบลิว ฟู๊ด จำกัด,0,แม่แฝกใหม่,2568,สันทราย
5299,อบเมล็ดพืชทางการเกษตรกรรม,เชียงใหม่,31,รายชื่อสถานประกอบการ,บริษัท ไทยแอดวานซ์การเกษตร จำกัด,50100000,แม่แฝกใหม่,2568,สันทราย
5300,อบพืชผลทางการเกษตร,เชียงใหม่,5000000,รายชื่อสถานประกอบการ,วงค์ตะวันพืชผล,0,แม่แวน,2568,พร้าว
5301,อบผลิตผลทางการเกษตร อาทิ ลำไย,เชียงใหม่,7000000,รายชื่อสถานประกอบการ,ชายบุษรา,0,สันทราย,2568,สารภี
5302,อบพืชผลทางการเกษตร,เชียงใหม่,5000000,รายชื่อสถานประกอบการ,นางชนากานต์ บุญศรี,0,สันทราย,2568,สารภี
5303,ทำลำใยอบแห้งและเพาะเห็ด,เชียงใหม่,18,รายชื่อสถานประกอบการ,อินเตอร์ ฟาร์ม,19000000,แม่แฝก,2568,สันทราย
5304,อบพืชผลทางการเกษตร,เชียงใหม่,2,รายชื่อสถานประกอบการ,บริษัท นอร์ท 87 จำกัด,20000000,แม่แวน,2568,พร้าว
5305,อบพืชผลทางการเกษตรและสีข้าว,เชียงใหม่,7,รายชื่อสถานประกอบการ,โรงสีข้าวดวงทิพย์,23000000,แม่สาว,2568,แม่อาย
5306,อบลำไย,เชียงใหม่,20,รายชื่อสถานประกอบการ,บริษัท อาหารเชียงใหม่อุตสาหกรรม จำกัด,13000000,บ้านกลาง,2568,สันป่าตอง
5307,อบพืชผลทางการเกษตร,เชียงใหม่,7000000,รายชื่อสถานประกอบการ,บริษัท บีเอส แอนด์ เคดี เชน แมนเนจเม้นท์ จำกัด,0,ข่วงเปา,2568,จอมทอง
5308,อบพืชผลทางการเกษตร,เชียงใหม่,5000000,รายชื่อสถานประกอบการ,ทรัพย์ไพลิน,0,แม่สาว,2568,แม่อาย
5309,อบผลิตผลทางการเกษตร,เชียงใหม่,5500000,รายชื่อสถานประกอบการ,ศ.ปวริศา การค้า,0,แม่คะ,2568,ฝาง
5310,อบพืชผลทางการเกษตร,เชียงใหม่,3000000,รายชื่อสถานประกอบการ,นายนิตย์พันธ์ แก้วคำมูล,0,แม่สาว,2568,แม่อาย
5311,"อบพืชผลทางการเกษตร เช่นลำไย,พริก,ข้างโพด,ใบยาสูบฯลฯ",เชียงใหม่,20,รายชื่อสถานประกอบการ,รัตนาพืชผลการเกษตร,30248000,ดอยหล่อ,2568,ดอยหล่อ
5312,อบแห้งสินค้าการเกษตร,เชียงใหม่,10000000,รายชื่อสถานประกอบการ,สหกรณ์การเกษตรสันป่าตอง จำกัด,0,ทุ่งสะโตก,2568,สันป่าตอง
5313,อบพืชผลทางการเกษตร,เชียงใหม่,5000000,รายชื่อสถานประกอบการ,โรงอบดวงดีสีข้าว,0,แม่สาว,2568,แม่อาย
5314,อบและกะเทาะเมล็ดข้าวโพด,เชียงใหม่,8000000,รายชื่อสถานประกอบการ,บริษัท อีสท์ เวสท์ ซีด จำกัด,0,แม่แฝกใหม่,2568,สันทราย
5315,"ผลิตผลไม้และพืชผลทางการเกษตรอบแห้ง อาธิ ลำไยอบแห้ง,ลิ้นจี่อบแห้ง",เชียงใหม่,5000000,รายชื่อสถานประกอบการ,นายชาคริต เชาว์ดำรงค์,0,บ้านกลาง,2568,สันป่าตอง
5316,ทำความสะอาดและอบข้าวโพดสำหรับเลี้ยงสัตว์,เชียงใหม่,4000000,รายชื่อสถานประกอบการ,บริษัท โฟร์ ที จำกัด,0,ดอยหล่อ,2568,ดอยหล่อ
5317,อบผลิตผลการเกษตร,เชียงใหม่,20000000,รายชื่อสถานประกอบการ,ฟาร์มผึ้งชัยเฮง,0,ดอนแก้ว,2568,สารภี
5318,อบพืชผลทางการเกษตร,เชียงใหม่,10000000,รายชื่อสถานประกอบการ,บริษัท เนตรนิมิตค้าข้าว จำกัด,0,เวียง,2568,ฝาง
5319,อบพืชผลทางการเกษตร อาธิ ลำไย,เชียงใหม่,10000000,รายชื่อสถานประกอบการ,อำไพพรรณ การเกษตร,0,บ้านกาด,2568,แม่วาง
5320,อบผลิตผลทางการเกษตร อาทิ ลำไย และห้องเย็นเก็บลำไย,เชียงใหม่,50,รายชื่อสถานประกอบการ,นางวิลัยวรรณ์ เฉิน,40000000,หนองแฝก,2568,สารภี
5321,อบแห้งพืชผลทางการเกษตร,เชียงใหม่,15000000,รายชื่อสถานประกอบการ,นายเกียรติชัย แสงปัญญา,0,หนองแฝก,2568,สารภี
5322,อบพืชผลทางการเกษตร,เชียงใหม่,10000000,รายชื่อสถานประกอบการ,วัชระกิจ,0,แม่สาว,2568,แม่อาย
5323,อบพืชผลทางการเกษตร,เชียงใหม่,3000000,รายชื่อสถานประกอบการ,บริษัท โอเค เฟรชฟรุ๊ตส์ (ประเทศไทย) จำกัด,0,สบเตี๊ยะ,2568,จอมทอง
5324,อบพืชผลทางการเกษตร,เชียงใหม่,1000000,รายชื่อสถานประกอบการ,โกดังเหลือง,0,แม่แวน,2568,พร้าว
5325,โรงอบข้าว,เชียงใหม่,150000000,รายชื่อสถานประกอบการ,ห้างหุ้นส่วนจำกัด เชียงใหม่อินเตอร์ไรซ์,0,สันพระเนตร,2568,สันทราย
5326,อบลดความชื้นข้าวเปลือก,เชียงใหม่,10000000,รายชื่อสถานประกอบการ,โรงอบสหกรณ์การเกษตรพร้าว จำกัด,0,เวียง,2568,พร้าว
5327,อบผลิตผลทางการเกษตร,เชียงใหม่,50000000,รายชื่อสถานประกอบการ,ศ.ชินพงศ์ การค้า,0,เวียง,2568,ฝาง
5328,อบพืชผลการเกษตร,เชียงใหม่,1500000,รายชื่อสถานประกอบการ,บริษัท เค.พี (จอมทอง) จำกัด,0,บ้านแปะ,2568,จอมทอง
5329,อบพืชผลทางการเกษตร สีข้าว และคัดคุณภาพข้าว,เชียงใหม่,5000000,รายชื่อสถานประกอบการ,โรงอบข้าวแสงสุวรรณ,0,เวียง,2568,ฝาง
5330,อบพืชผลทางการเกษตร,เชียงใหม่,48,รายชื่อสถานประกอบการ,บริษัท บีเอส แอนด์ เคดี เชน แมนเนจเม้นท์ จำกัด,14500000,ข่วงเปา,2568,จอมทอง
5331,อบพืชผลทางการเกษตร,เชียงใหม่,25000000,รายชื่อสถานประกอบการ,กัญญารัตน์,0,ขัวมุง,2568,สารภี
5332,อบเมล็ดธัญพืช,เชียงใหม่,5000000,รายชื่อสถานประกอบการ,จิรชัยพืชผล,0,แม่นาจร,2568,แม่แจ่ม
5333,อบผลิตผลการเกษตร,เชียงใหม่,2000000,รายชื่อสถานประกอบการ,ถนอมทรัพย์พืชผลการเกษตร,0,เขื่อนผาก,2568,พร้าว
5334,อบเมล็ดพืช และเก็บรักษาเมล็ดพืชหรือผลิตผลจากพืชในไซโล,เชียงใหม่,16,รายชื่อสถานประกอบการ,บริษัท ลิ้มศักดากุลอุตสาหกรรมการเกษตร (ไทยแลนด์) จำกัด,176980000,สันปูเลย,2568,ดอยสะเก็ด
5335,อบพืชผลทางการเกษตร,เชียงใหม่,3000000,รายชื่อสถานประกอบการ,สีดาการเกษตร,0,ท่าวังพร้าว,2568,สันป่าตอง
5336,อบพืชผลทางการเกษตร,เชียงใหม่,5000000,รายชื่อสถานประกอบการ,นางสาวประไพ กันธิยะ,0,แม่คะ,2568,ฝาง
5337,อบมันสำปะหลัง และพืชผลทางการเกษตร,เชียงใหม่,20000000,รายชื่อสถานประกอบการ,บริษัท ส้มปรีชา-ฝาง 1991 จำกัด,0,เวียง,2568,ฝาง
5338,อบข้าว,เชียงใหม่,5000000,รายชื่อสถานประกอบการ,กิตเจริญ,0,แม่สาว,2568,แม่อาย
5339,อบผลิตผลทางการเกษตร,เชียงใหม่,1000000,รายชื่อสถานประกอบการ,บริษัท ซี.พี.เอ็ม อโกร จำกัด,0,แม่แวน,2568,พร้าว
5340,อบผลิตผลทางการเกษตร,เชียงใหม่,8000000,รายชื่อสถานประกอบการ,แม่อายไรซ์มิลล์,0,สันต้นหมื้อ,2568,แม่อาย
5341,อบพืชผลทางการเกษตร,เชียงใหม่,5000000,รายชื่อสถานประกอบการ,วิเชียรฟาร์ม,0,แม่สาว,2568,แม่อาย
5342,อบผลิตผลทางการเกษตร,เชียงใหม่,1000000,รายชื่อสถานประกอบการ,บริษัท นิวเอ็นอะโกร จำกัด,0,บ้านโป่ง,2568,พร้าว
5343,อบพืชผลทางการเกษตร,เชียงใหม่,20000000,รายชื่อสถานประกอบการ,นางธัญรัศม์ พิสิทธิ์ธนัทกุล ,0,สบเตี๊ยะ,2568,จอมทอง
5344,อบพืชผลทางการเกษตร,เชียงใหม่,5000000,รายชื่อสถานประกอบการ,จันทร์ดี การเกษตร,0,มะขามหลวง,2568,สันป่าตอง
5345,สีข้าว,เชียงใหม่,2000000,รายชื่อสถานประกอบการ,โรงสีข้าวทรัพย์เกษม,0,แม่สาว,2568,แม่อาย
5346,แปรรูปผลผลิตข้าวโพดเลี้ยงสัตว์ อบลดความชื้น,เชียงใหม่,8,รายชื่อสถานประกอบการ,สหกรณ์การเกษตรแม่แจ่ม จำกัด,242429519.27,ช่างเคิ่ง,2568,แม่แจ่ม
5347,อบลำไย และพืชผลทางการเกษตร,เชียงใหม่,6,รายชื่อสถานประกอบการ,ณัฐวรรธน์ ฟรุ๊ตส์,8500000,แม่ปั๋ง,2568,พร้าว
5348,อบพืชผลทางการเกษตร,เชียงใหม่,5000000,รายชื่อสถานประกอบการ,โรงอบข้าวกิตเจริญ,0,แม่สาว,2568,แม่อาย
5349,"กะเทาะเปลือกเมล็ดกาแฟ,คั่วเมล็ดกาแฟ",เชียงใหม่,1000000,รายชื่อสถานประกอบการ,นายชัยวัฒน์ ทักษอุดม,0,ช้างม่อย,2568,เมืองเชียงใหม่
5350,คัดและกะเทาะเมล็ดพืชและเก็บพืชผลทางการเกตร,เชียงใหม่,8000000,รายชื่อสถานประกอบการ,บริษัท เกษตรวิวัฒน์ จำกัด,0,ดอนเปา,2568,แม่วาง
5351,โรงกะเทาะเปลือกกาแฟกะลา,เชียงใหม่,100000000,รายชื่อสถานประกอบการ,โรงงานแปรรูปกาแฟคาเฟ่อเมซอน,0,ทุ่งรวงทอง,2568,แม่วาง
5352,กะเทาะเมล็ดพืช คัดขนาดและบรรจุเมล็ดพันธ์พืช,เชียงใหม่,8,รายชื่อสถานประกอบการ,บริษัท สุภิราชเกษตรป้าว จำกัด,21000000,แม่ปั๋ง,2568,พร้าว
5353,กะเทาะ และอบเมล็ดพืช,เชียงใหม่,32,รายชื่อสถานประกอบการ,บริษัท เวิลด์ ซีดส์ จำกัด,28120000,แม่แวน,2568,พร้าว
5354,โรงงานกะเทาะ อบเมล็ดพืช คัดขนาดและบรรจุเมล็ดพันธุ์พืช,เชียงใหม่,4,รายชื่อสถานประกอบการ,หน่อคำพืชผล,6200000,เขื่อนผาก,2568,พร้าว
5355,โรงงานกะเทาะ อบเมล็ดพืช คัดขนาดและบรรจุเมล็ดพันธุ์พืช,เชียงใหม่,4,รายชื่อสถานประกอบการ,ลานนาการเกษตร,7400000,เขื่อนผาก,2568,พร้าว
5356,ไซโลเก็บผลิตผลทางการเกษตร,เชียงใหม่,45000000,รายชื่อสถานประกอบการ,บริษัท อาร์.พี.เอ็ม. ฟาร์ม แอนด์ ฟีด จำกัด,0,หนองควาย,2568,หางดง
5357,อบเมล็ดพืชและเก็บรักษาเมล็ดพืชหรือผลิตผลจากพืชในไซโล,เชียงใหม่,16,รายชื่อสถานประกอบการ,บริษัท ลิ้มศักดากุลอุตสาหกรรมการเกษตร (ไทยแลนด์) จำกัด,176980000,สันปูเลย,2568,ดอยสะเก็ด
5358,"บด,ร่อนถ่านกัมมันต์",เชียงใหม่,200000,รายชื่อสถานประกอบการ,ห้างหุ้นส่วนจำกัด ซี.เค คาร์บอน,0,ป่าแดด,2568,เมืองเชียงใหม่
5359,การเพาะเลี้ยงขยายพันธุ์พืช เช่น กล้วยไม้,เชียงใหม่,22850000,รายชื่อสถานประกอบการ,บริษัท เอ็ม แคท ไบโอ จำกัด,0,สันกลาง,2568,สันป่าตอง
5360,"คัด,แยกขนาด และคุณภาพของมันฝรั่ง",เชียงใหม่,2000000,รายชื่อสถานประกอบการ,บริษัท เป๊ปซี่-โคล่า (ไทย) เทรดดิ้ง จำกัด,0,ปงตำ,2568,ไชยปราการ
5361,"ล้าง,คัดแยกขนาดหรือคุณภาพผลิตผลเกษตรกรรม",เชียงใหม่,500000,รายชื่อสถานประกอบการ,บริษัท เอส.อาร์.แอกโกรแพค จำกัด,0,มะขามหลวง,2568,สันป่าตอง
5362,คัดแยกขนาด และคุณภาพของถั่วเหลือง,เชียงใหม่,1500000,รายชื่อสถานประกอบการ,บริษัท จัว อินเตอร์เนชั่นแนล จำกัด,0,บ้านแหวน,2568,หางดง
5363,การร่อน คัด แยกขนาดคุณภาพของผลิตผลเกษตรกรรม,เชียงใหม่,10,รายชื่อสถานประกอบการ,สหกรณ์นิคมพร้าว จำกัด,18694000,แม่แวน,2568,พร้าว
5364,คัดแยกขนาดและเคลือบผิวส้ม,เชียงใหม่,100000,รายชื่อสถานประกอบการ,โรงแว๊กซ์ธนาธร,0,สันทราย,2568,ฝาง
5365,คัดขนาด อบ สี บรรจุถุง เก็บรักษาเมล็ดพันธุ์พืชผลทางการเกษตร,เชียงใหม่,1000000,รายชื่อสถานประกอบการ,บริษัท ชัยโย ซีดส์ (ประเทศไทย) จำกัด,0,เขื่อนผาก,2568,พร้าว
5366,"คัดขนาด,เลือบผิวส้ม,ห้องเย็น",เชียงใหม่,39,รายชื่อสถานประกอบการ,ตงหยาง,27000000,แม่สาว,2568,แม่อาย
5367,ร่อน ล้าง คัด หรือแยกขนาดหรือคุณภาพของผลิตผลเกษตรกรรม,เชียงใหม่,10000000,รายชื่อสถานประกอบการ,บริษัท ปลูกผักเพราะรักแม่ จำกัด,0,เชิงดอย,2568,ดอยสะเก็ด
5368,ผลิตน้ำดื่มบรรจุขวด,เชียงใหม่,2000000,รายชื่อสถานประกอบการ,บริษัท เพียวเมาน์เทน จำกัด,0,ป่าบง,2568,สารภี
5369,ผลิตน้ำดื่มบรรจุขวด,เชียงใหม่,28,รายชื่อสถานประกอบการ,น้ำดื่มตรา ม่อนล้าน,10851500,ป่าไหน่,2568,พร้าว
5370,ผลิตน้ำดื่มบรรจุขวด,เชียงใหม่,45,รายชื่อสถานประกอบการ,บริษัท เชียงใหม่โพลสตาร์ (1992) จำกัด,21300000,สุเทพ,2568,เมืองเชียงใหม่
5371,ผลิตน้ำดื่มและบรรจุภัณฑ์จากพลาสติก,เชียงใหม่,9,รายชื่อสถานประกอบการ,บริษัท วารีเทพ สบเตี๊ยะ จำกัด,5000000,สบเตี๊ยะ,2568,จอมทอง
5372,ผลิตน้ำดื่ม,เชียงใหม่,30000000,รายชื่อสถานประกอบการ,บริษัท น้ำใส ใจจริง จำกัด,0,แม่สา,2568,แม่ริม
5373,ผลิตน้ำดื่ม,เชียงใหม่,10000000,รายชื่อสถานประกอบการ,บริษัท เพียว เมาน์เทน จำกัด,0,ไชยสถาน,2568,สารภี
5374,โรงงานผลิตน้ำดื่ม และผลิตขวดสำหรับบรรจุน้ำดื่ม,เชียงใหม่,5000000,รายชื่อสถานประกอบการ,บริษัท เดอะวันดริ้งค์ จำกัด,0,สันกำแพง,2568,สันกำแพง
5375,ทอผ้าด้วยกี่กระตุก ตัดเย็บเสื้อผ้าสำเร็จรูป ย้อมผ้า-ซักผ้าทุกชนิด,เชียงใหม่,70,รายชื่อสถานประกอบการ,บริษัท น่ารัก โฮลดิ้ง จำกัด,241318421,แช่ช้าง,2568,สันกำแพง
5376,การฟอก ย้อมสีด้าย,เชียงใหม่,200000,รายชื่อสถานประกอบการ,โรงย้อมเพียงดาว,0,เชียงดาว,2568,เชียงดาว
5377,พิมพ์ผ้า,เชียงใหม่,500000,รายชื่อสถานประกอบการ,บริษัท ณัฐวุฒิ เทรดดิ้ง จำกัด,0,ร้องวัวแดง,2568,สันกำแพง
5378,ตัดเย็บผ้า เช่น ผ้าม่าน ผ้าปูที่นอน ปลอกหมอน ผ้านวม ผ้าคลุมเตียง กระเป๋า รองเท้า เสื้อคลุมอาบน้ำ,เชียงใหม่,90,รายชื่อสถานประกอบการ,บริษัท บีเฮ้าส์ จำกัด,21800000,แช่ช้าง,2568,สันกำแพง
5379,ผลิตแถบตราจากผ้า,เชียงใหม่,8000000,รายชื่อสถานประกอบการ,บริษัท ชีน เรย์ เอ็มบรอยเดอรี่ จำกัด,0,ขี้เหล็ก,2568,แม่ริม
5380,ผลิตแถบตรา,เชียงใหม่,5000000,รายชื่อสถานประกอบการ,บริษัท ชีน เรย์ เอ็มบรอยเดอรี่ จำกัด,0,ขี้เหล็ก,2568,แม่ริม
5381,ผลิตพรม ตัดเย็บตกแต่งพรมสำหรับใช้รองพื้นภายในรถยนต์ และพรมอื่นๆ,เชียงใหม่,30,รายชื่อสถานประกอบการ,บริษัท ซูมิโนเอะ โคอิเดะ (ประเทศไทย) จำกัด,32800000,สันกำแพง,2568,สันกำแพง
5382,ตัดเย็บเสื้อผ้า ผ้าคลุมรถ ผ้าคลุมเบาะ ผ้าหุ้มเบาะ หมวก กระเป๋า,เชียงใหม่,120,รายชื่อสถานประกอบการ,บริษัท โคอิเด็กซ์ (ประเทศไทย) จำกัด,2500000,ต้นเปา,2568,สันกำแพง
5383,ตัดเย็บชุดดำน้ำส่งออก,เชียงใหม่,5000000,รายชื่อสถานประกอบการ,บริษัท ออนสมู๊ทไทย จำกัด,0,ท่าวังตาล,2568,สารภี
5384,ตัดเย็บเครื่องนุ่งห่ม,เชียงใหม่,0,รายชื่อสถานประกอบการ,จิปาถะ,0,สันกลาง,2568,สันป่าตอง
5385,ตัดเย็บเสื้อผ้าสำเร็จรูป,เชียงใหม่,1800000,รายชื่อสถานประกอบการ,ห้างหุ้นส่วนจำกัด ซีเจ อินดัสทรี,0,สันกำแพง,2568,สันกำแพง
5386,ตัดเย็บชุดว่ายน้ำส่งออก,เชียงใหม่,8000000,รายชื่อสถานประกอบการ,บริษัท ออนสมู๊ทไทย จำกัด,0,ท่าวังตาล,2568,สารภี
5387,ตัดชุดประจำชาตินอร์เวย์,เชียงใหม่,10000000,รายชื่อสถานประกอบการ,บริษัท เอดด้า บูนาเดอร์ จำกัด,0,สันผีเสื้อ,2568,เมืองเชียงใหม่
5388,"ตัดเย็บเสื้อผ้าสำเร็จรูป,ทอผ้า",เชียงใหม่,93,รายชื่อสถานประกอบการ,บริษัท น่ารัก โฮลดิ้ง จำกัด,7500000,ต้นเปา,2568,สันกำแพง
5389,เย็บเสื้อผ้าสำเร็จรูป,เชียงใหม่,2000000,รายชื่อสถานประกอบการ,บริษัท ยงสง่า จำกัด,0,ทรายมูล,2568,สันกำแพง
5390,ตัดเย็บเสื้อผ้าสำเร็จรูป,เชียงใหม่,5000000,รายชื่อสถานประกอบการ,บริษัท ซีเอส สปอร์ต (ไทยแลนด์) จำกัด,0,สันกำแพง,2568,สันกำแพง
5391,ตัดเย็บเสื้อผ้าสำเร็จรูป,เชียงใหม่,300000,รายชื่อสถานประกอบการ,บริษัท โปร อินดัสเทรียล จำกัด,0,ยางเนิ้ง,2568,สารภี
5392,การตัดหรือเย็บเครื่องนุ่งห่ม เข็มขัด ผ้าเช็ดหน้า ผ้าพันคอ เนกไท หูกระต่าย  ปลอกแขน ถุงมือ ถุงเท้า จากผ้าหนังสัตว์ ขนสัตว์หรือวัสดุอื่น,เชียงใหม่,2500000,รายชื่อสถานประกอบการ,บริษัท นอร์วีเจียน จำกัด,0,แช่ช้าง,2568,สันกำแพง
5393,"ผลิตเสื้อผ้าสำเร็จรูป ,หมวกแฟชั่น ,ผลิตภัณฑ์จากหนังสัตว์",เชียงใหม่,2948000,รายชื่อสถานประกอบการ,บริษัท ลานนา แฮท จำกัด,0,ชมภู,2568,สารภี
5394,โม่ บด ย่อยหิน,เชียงใหม่,21,รายชื่อสถานประกอบการ,โรงโม่หินสหพนาสิทธิ์,60000000,บ้านแปะ,2568,จอมทอง
5395,ขุด ตัก ลอก ดินในที่ดินกรรมสิทธิ์ สำหรับใช้ในการก่อสร้างและจำหน่าย,เชียงใหม่,300000,รายชื่อสถานประกอบการ,บ่อดินธนทรัพย์,0,สันติสุข,2568,ดอยหล่อ
5396,ขุดทราย,เชียงใหม่,500000,รายชื่อสถานประกอบการ,นายทิตพันธ์ ปิงกุล,0,ท่าผา,2568,แม่แจ่ม
5397,ขุดดิน,เชียงใหม่,3,รายชื่อสถานประกอบการ,นายกรวุฒิ สุคนธมาน,17500000,ดอยหล่อ,2568,ดอยหล่อ
5398,ขุด ตัก ลอก ดินในที่ดินกรรมสิทธิ์ สำหรับใช้ในการก่อสร้างและจำหน่าย,เชียงใหม่,2000000,รายชื่อสถานประกอบการ,บ่อดินเจ้าพระยา,0,ป่าไผ่,2568,สันทราย
5399,ขุดดิน และร่อนคัดขนาด กรวด ทราย,เชียงใหม่,5,รายชื่อสถานประกอบการ,เอ็น อาร์ คอน,11500000,บ้านโป่ง,2568,พร้าว
5400,ขุดดิน,เชียงใหม่,2000000,รายชื่อสถานประกอบการ,นางเยาวเรศ ใจดี,0,แม่หอพระ,2568,แม่แตง
5401,ขุด ตัก ลอก ดินในที่ดินกรรมสิทธิ์ สำหรับใช้ในการก่อสร้างและจำหน่าย,เชียงใหม่,2500000,รายชื่อสถานประกอบการ,บ่อดินสหแผ่นดินทอง,0,ป่าไผ่,2568,สันทราย
5402,ขุด ตัก ลอก ดินในที่ดินกรรมสิทธิ์ สำหรับใช้ในการก่อสร้างและจำหน่าย,เชียงใหม่,1000000,รายชื่อสถานประกอบการ,บ่อดินพี่ยศ 2,0,เชิงดอย,2568,ดอยสะเก็ด
5403,ขุดดิน,เชียงใหม่,3,รายชื่อสถานประกอบการ,นายวีระศักดิ์ บุญ-หลง,10510000,ขี้เหล็ก,2568,แม่แตง
5404,ขุดดิน,เชียงใหม่,1000000,รายชื่อสถานประกอบการ,นาง ณัฐวัลย์ ปัญญาศาล,0,น้ำบ่อหลวง,2568,สันป่าตอง
5405,ขุด ตัก ลอก ดินในที่ดินกรรมสิทธิ์ สำหรับใช้ในการก่อสร้างและจำหน่าย,เชียงใหม่,1000000,รายชื่อสถานประกอบการ,ชนัญพัทธ์ นิยม,0,เชิงดอย,2568,ดอยสะเก็ด
5406,ขุด ตัก ลอก ดินในที่ดินกรรมสิทธิ์ สำหรับใช้ในการก่อสร้างและจำหน่าย,เชียงใหม่,5,รายชื่อสถานประกอบการ,ห้างหุ้นส่วนจำกัด ผญาวัน 498032,22050000,ขี้เหล็ก,2568,แม่แตง
5407,ขุดดิน,เชียงใหม่,2000000,รายชื่อสถานประกอบการ,นายเกษมสุข เกี๋ยงตาล,0,แม่หอพระ,2568,แม่แตง
5408,ขุดดิน,เชียงใหม่,0,รายชื่อสถานประกอบการ,นายชัยรัตน์ คำมูล,0,เมืองงาย,2568,เชียงดาว
5409,ขุดดิน,เชียงใหม่,500000,รายชื่อสถานประกอบการ,บริษัท ธวัชชัย ไมนิ่ง จำกัด,0,ขี้เหล็ก,2568,แม่แตง
5410,ขุดดิน,เชียงใหม่,3,รายชื่อสถานประกอบการ,นายวีระศักดิ์ บุญ-หลง,10510000,ขี้เหล็ก,2568,แม่แตง
5411,ขุดดิน,เชียงใหม่,2,รายชื่อสถานประกอบการ,นายบุญปั๋น อุ่นใจจิน,7720000,ข่วงเปา,2568,จอมทอง
5412,ขุด ตัก ลอก ดินในที่ดินกรรมสิทธิ์ สำหรับใช้ในการก่อสร้างและจำหน่าย,เชียงใหม่,1000000,รายชื่อสถานประกอบการ,บ่อดินน้องมาย,0,ป่าไผ่,2568,สันทราย
5413,ขุดดิน,เชียงใหม่,1000000,รายชื่อสถานประกอบการ,นางศรัญญา แดงคำ,0,ดอนเปา,2568,แม่วาง
5414,ขุดดิน,เชียงใหม่,50000,รายชื่อสถานประกอบการ,นางสาวมุกดา เตียวกุล,0,แม่ข่า,2568,ฝาง
5415,ขุดดิน,เชียงใหม่,100000,รายชื่อสถานประกอบการ,นายประจวบ ศิริศิลป์,0,ขี้เหล็ก,2568,แม่แตง
5416,ขุดทราย,เชียงใหม่,300000,รายชื่อสถานประกอบการ,สมบูรณ์ทรัพย์ ท่าทราย,0,แม่แวน,2568,พร้าว
5417,ขุดดิน,เชียงใหม่,300000,รายชื่อสถานประกอบการ,นายสมบูรณ์ ถากาศ,0,แม่นาวาง,2568,แม่อาย
5418,ขุด ตัก ลอก ดินในที่ดินกรมสิทธิ์สำหรับใช้ในการก่อสร้างและจำหน่าย,เชียงใหม่,2000000,รายชื่อสถานประกอบการ,บ่อดินเจ้าพระยา1,0,หนองแหย่ง,2568,สันทราย
5419,ขุดดิน,เชียงใหม่,1000000,รายชื่อสถานประกอบการ,นายสิงห์วัน นันตา,0,เวียง,2568,ฝาง
5420,ขุดดิน,เชียงใหม่,3,รายชื่อสถานประกอบการ,นายธาดา ชุติมา,7510000,ขี้เหล็ก,2568,แม่แตง
5421,ขุด ตัก ลอก ดินในที่ดินกรรมสิทธิ์ สำหรับใช้ในการก่อสร้างและจำหน่าย,เชียงใหม่,500000,รายชื่อสถานประกอบการ,นายพชรวุฒ พษิฐาการกุล,0,ขี้เหล็ก,2568,แม่แตง
5422,ขุดดิน,เชียงใหม่,1,รายชื่อสถานประกอบการ,นายสมจิต อายุมั่น,660000,เมืองงาย,2568,เชียงดาว
5423,ขุดดิน,เชียงใหม่,60000,รายชื่อสถานประกอบการ,นายสมจิต อายุมั่น,0,เมืองงาย,2568,เชียงดาว
5424,การร่อน หรือคัดกรวด หรือทราย,เชียงใหม่,0,รายชื่อสถานประกอบการ,โรงงานร่อน คัดกรวด ทราย โชติชนก,0,สันมหาพน,2568,แม่แตง
5425,ร่อนคัดขนาดกรวดทราย,เชียงใหม่,500000,รายชื่อสถานประกอบการ,ทรายตะวัน,0,แม่แฝก,2568,สันทราย
5426,ร่อน หรือคัดกรวดทราย,เชียงใหม่,10,รายชื่อสถานประกอบการ,บริษัท จตุรงค์ทราย จำกัด,29000000,แม่แฝก,2568,สันทราย
5427,ร่อนคัดขนาดกรวดทราย,เชียงใหม่,5000000,รายชื่อสถานประกอบการ,นายธนาโชติ จำนงค์,0,แม่แฝกใหม่,2568,สันทราย
5428,ร่อน หรือคัดกรวดหรือทราย,เชียงใหม่,300000,รายชื่อสถานประกอบการ,บริษัท วี.วี กรุ๊ป จำกัด,0,แม่หอพระ,2568,แม่แตง
5429,ร่อน คัดขนาดกรวด ทราย,เชียงใหม่,8,รายชื่อสถานประกอบการ,บริษัท พีรพัฒน์ ดีเซล จำกัด,5800000,แม่แวน,2568,พร้าว
5430,ร่อนคัดขนาดทราย,เชียงใหม่,5,รายชื่อสถานประกอบการ,ห้างหุ้นส่วนจำกัด อุทัยทรายทอง,800000,ขี้เหล็ก,2568,แม่แตง
5431,การร่อน หรือ คัดกรวดหรือทราย,เชียงใหม่,500000,รายชื่อสถานประกอบการ,ท่าทรายวัชรวงศ์,0,ขี้เหล็ก,2568,แม่ริม
5432,ร่อนทราย,เชียงใหม่,100000,รายชื่อสถานประกอบการ,หนุ่มเน้ย,0,บ้านแม,2568,สันป่าตอง
5433,ร่อนและคัดขนาดกรวดหรือทราย,เชียงใหม่,1000000,รายชื่อสถานประกอบการ,กรกช ใจวัง,0,สันมหาพน,2568,แม่แตง
5434,คัดแยกขนาดกรวดทราย,เชียงใหม่,5,รายชื่อสถานประกอบการ,,860000,สองแคว,2568,ดอยหล่อ
5435,ร่อน คัดแยก กรวด ทราย หิน,เชียงใหม่,12,รายชื่อสถานประกอบการ,กรกช ใจวัง,7500000,ขี้เหล็ก,2568,แม่ริม
5436,ร่อน หรือแยกกรวดหรือทราย,เชียงใหม่,500000,รายชื่อสถานประกอบการ,บริษัท พิบูลย์ทราย 2015 จำกัด,0,หางดง,2568,ฮอด
5437,ร่อนคัดขนาด ทราย กรวด หิน,เชียงใหม่,50000,รายชื่อสถานประกอบการ,สมบูรณ์ทรัพย์,0,แม่แวน,2568,พร้าว
5438,ร่อนหรือคัดกรวดและทราย,เชียงใหม่,500000,รายชื่อสถานประกอบการ,ทรายตะวัน,0,แม่แฝก,2568,สันทราย
5439,ดูดทราย ใบอนุญาตใช้เรือเลขที่ 34 50 00658,เชียงใหม่,4,รายชื่อสถานประกอบการ,เพชรเกียรติอุดม,1500000,ท่าตอน,2568,แม่อาย
5440,ดูดทราย และคัดแยกขนาดกรวดทราย,เชียงใหม่,5,รายชื่อสถานประกอบการ,นายธนะชัย ปัญโญแก้ว,1400000,ฮอด,2568,ฮอด
5441,ดูดทรายเพื่อการจำหน่าย,เชียงใหม่,0,รายชื่อสถานประกอบการ,ห้างหุ้นส่วนจำกัด ฮอดทรายงาม,0,ฮอด,2568,ฮอด
5442,ดูดทรายเพื่อการจำหน่าย,เชียงใหม่,2000000,รายชื่อสถานประกอบการ,ทีเอ เอนจิเนียริ่ง เชียงใหม่,0,บงตัน,2568,ดอยเต่า
5443,ดูดและขุดทราย,เชียงใหม่,150000,รายชื่อสถานประกอบการ,ห้างหุ้นส่วนจำกัด ทรัพย์มากล้น,0,ขี้เหล็ก,2568,แม่แตง
5444,ดูดทราย,เชียงใหม่,5,รายชื่อสถานประกอบการ,ห้างหุ้นส่วนจำกัด ธนะชัย แอสโซซิเอท,2500000,ฮอด,2568,ฮอด
5445,ดูดทราย,เชียงใหม่,1000000,รายชื่อสถานประกอบการ,นางสาวพิมพ์ชญา ใจวัง,0,แม่หอพระ,2568,แม่แตง
5446,ดูดร่อนและคัดกรวดทราย (เรือสินพัฒนา ทะเบียนเรือเลขที่ 3773 00212),เชียงใหม่,6,รายชื่อสถานประกอบการ,ท่าทรายสหะชัยรุ่งเรือง,700000,ท่าตอน,2568,แม่อาย
5447,ดูดทราย,เชียงใหม่,1000000,รายชื่อสถานประกอบการ,นายฉลอง สมแก้ว,0,นาคอเรือ,2568,ฮอด
5448,ดูดทราย,เชียงใหม่,300000,รายชื่อสถานประกอบการ,บริษัท ทรายสืบเจริญ จำกัด,0,ท่าตอน,2568,แม่อาย
5449,ดูดทรายแม่น้ำ,เชียงใหม่,2000000,รายชื่อสถานประกอบการ,นางสาวเทียนทอง ไชยฤทธิ์,0,หางดง,2568,ฮอด
5450,ดูดทรายเพื่อการจำหน่าย,เชียงใหม่,600000,รายชื่อสถานประกอบการ,บริษัท ทรายป่าห้ารุ่งเรือง จำกัด,0,ฮอด,2568,ฮอด
5451,ดูดทราย,เชียงใหม่,500000,รายชื่อสถานประกอบการ,บริษัท ทรายจรูญรัตน์ไพศาล จำกัด,0,บงตัน,2568,ดอยเต่า
5452,ดูดทรายเพื่อการจำหน่าย,เชียงใหม่,500000,รายชื่อสถานประกอบการ,ห้างหุ้นส่วนจำกัด กลุ่มบ้านตาลพัฒนา,0,บ้านตาล,2568,ฮอด
5453,ดูดทราย เเละคัดแยกขนาดกรวดทราย,เชียงใหม่,500000,รายชื่อสถานประกอบการ,ห้างหุ้นส่วนจำกัด ธนดลชัย,0,บ้านแปะ,2568,จอมทอง
5454,ดูดทรายเพื่อการจำหน่าย,เชียงใหม่,1000000,รายชื่อสถานประกอบการ,ท่าทรายกานดา,0,หางดง,2568,ฮอด
5455,ดูดทรายเพื่อการจำหน่าย,เชียงใหม่,1000000,รายชื่อสถานประกอบการ,นายธนา ชัยมงคล,0,ฮอด,2568,ฮอด
5456,ดูดทราย,เชียงใหม่,1000000,รายชื่อสถานประกอบการ,นายเศกสรร พรหมเสน,0,บงตัน,2568,ดอยเต่า
5457,ดูดทราย,เชียงใหม่,8,รายชื่อสถานประกอบการ,นายสุธีรพันธ์ สุขวุฒิชัย,1000000,ฮอด,2568,ฮอด
5458,ดูดทรายแม่น้ำเพื่อการก่อสร้าง,เชียงใหม่,3200000,รายชื่อสถานประกอบการ,ท่าทราย นิลาวันวิริยะ,0,ท่าตอน,2568,แม่อาย
5459,ดูดทราย,เชียงใหม่,500000,รายชื่อสถานประกอบการ,บริษัท ทรายสุรีรัตน์ จำกัด,0,ดอยเต่า,2568,ดอยเต่า
5460,ดูดทรายเพื่อการจำหน่าย,เชียงใหม่,5000000,รายชื่อสถานประกอบการ,ห้างหุ้นส่วนจำกัด แม่ปิงทรายงาม,0,นาคอเรือ,2568,ฮอด
5461,ดูดทราย,เชียงใหม่,500000,รายชื่อสถานประกอบการ,บริษัท พิบูลย์ทราย 2015 จำกัด,0,หางดง,2568,ฮอด
5462,ดูดทราย,เชียงใหม่,1000000,รายชื่อสถานประกอบการ,บริษัท ดงเย็น จำกัด,0,บ้านแปะ,2568,จอมทอง
5463,ดูดทราย,เชียงใหม่,4,รายชื่อสถานประกอบการ,บริษัท เชียงใหม่ ผลิตภัณฑ์ หิน ทราย จำกัด,700000,บ้านแปะ,2568,จอมทอง
5464,ดูดทราย,เชียงใหม่,200000,รายชื่อสถานประกอบการ,บริษัท ทราย เพิ่มพูล จำกัด,0,บ้านแปะ,2568,จอมทอง
5465,ดูดทราย,เชียงใหม่,1000000,รายชื่อสถานประกอบการ,นางวิไล อำไพจิตร,0,นาคอเรือ,2568,ฮอด
5466,ดูดทราย,เชียงใหม่,5,รายชื่อสถานประกอบการ,นางสาวพัชรี หอยแก้ว,2500000,ฮอด,2568,ฮอด
5467,ดูดทราย,เชียงใหม่,3,รายชื่อสถานประกอบการ,บริษัท ทรายสืบเจริญ จำกัด,1800000,ท่าตอน,2568,แม่อาย
5468,ดูดทราย,เชียงใหม่,1000000,รายชื่อสถานประกอบการ,ห้างหุ้นส่วนจำกัด บ้านตาลรุ่งเรืองกิจ,0,ฮอด,2568,ฮอด
5469,ดูดทราย,เชียงใหม่,5,รายชื่อสถานประกอบการ,ห้างหุ้นส่วนจำกัด ชมพูนุช 2014,2000000,ท่าตอน,2568,แม่อาย
5470,ดูดทราย,เชียงใหม่,1000000,รายชื่อสถานประกอบการ,บริษัท ท่าทราย ทรัพย์ทีเอ จำกัด,0,บงตัน,2568,ดอยเต่า
5471,ดูดทราย,เชียงใหม่,5,รายชื่อสถานประกอบการ,ห้างหุ้นส่วนจำกัด ธนะชัย แอสโซซิเอท,2500000,ฮอด,2568,ฮอด
5472,ดูดทราย,เชียงใหม่,1000000,รายชื่อสถานประกอบการ,ห้างหุ้นส่วนจำกัด บ้านตาล รีฟอร์มมิ่ง,0,บ้านตาล,2568,ฮอด
5473,ดูดทราย,เชียงใหม่,4,รายชื่อสถานประกอบการ,บริษัท ท่าทรายพูลทวี จำกัด,1400000,บ้านแปะ,2568,จอมทอง
5474,ดูดทราย,เชียงใหม่,9,รายชื่อสถานประกอบการ,บริษัท เอสทีดับบลิว แอสโซซิเอท จำกัด,14500000,เหมืองแก้ว,2568,แม่ริม
5475,ดูดทราย,เชียงใหม่,5,รายชื่อสถานประกอบการ,นายวัฒนา บุญวุฒิ,2500000,บงตัน,2568,ดอยเต่า
5476,ดูดทราย,เชียงใหม่,4,รายชื่อสถานประกอบการ,นางไดโมนา ตาวิราศ,1400000,ฮอด,2568,ฮอด
5477,ดูดทราย,เชียงใหม่,4,รายชื่อสถานประกอบการ,ห้างหุ้นส่วนจำกัด ทราย ชมปิง,1400000,ฮอด,2568,ฮอด
5478,ดูดทราย,เชียงใหม่,5,รายชื่อสถานประกอบการ,บริษัท ลานนา นคราทร จำกัด,2500000,บ้านแปะ,2568,จอมทอง
5479,ดูดทรายเพื่อการจำหน่าย,เชียงใหม่,0,รายชื่อสถานประกอบการ,ท่าทรายฮอดทรายงาม,0,ฮอด,2568,ฮอด
5480,ดูดทราย,เชียงใหม่,5,รายชื่อสถานประกอบการ,ท่าทราย นิลาวันวิริยะ,2800000,ท่าตอน,2568,แม่อาย
5481,ดูดทราย,เชียงใหม่,200000,รายชื่อสถานประกอบการ,พูลทวีทรายทอง,0,ฮอด,2568,ฮอด
5482,ดูดทราย,เชียงใหม่,7,รายชื่อสถานประกอบการ,นายบุญสืบ อำไพจิตร,4000000,ฮอด,2568,ฮอด
5483,ดูดทราย,เชียงใหม่,500000,รายชื่อสถานประกอบการ,นายสุริยะ สุขประเสริฐ,0,ฮอด,2568,ฮอด
5484,ดูดทราย,เชียงใหม่,1000000,รายชื่อสถานประกอบการ,บริษัท ทราย เพิ่มพูล จำกัด,0,นาคอเรือ,2568,ฮอด
5485,ดูดทราย,เชียงใหม่,3000000,รายชื่อสถานประกอบการ,นายสุเทพ สุทายะ,0,ฮอด,2568,ฮอด
5486,ดูดทรายและคัดแยกขนาดกรวดทราย,เชียงใหม่,5,รายชื่อสถานประกอบการ,ห้างหุ้นส่วนจำกัด กษิดิศ แอลพีเอ็น,4000000,หางดง,2568,ฮอด
5487,ดูดทราย,เชียงใหม่,1000000,รายชื่อสถานประกอบการ,ห้างหุ้นส่วนจำกัด เดอะพีเอ็นซี,0,นาคอเรือ,2568,ฮอด
5488,เลื่อย ไส ซอย เซาะร่อง ไม้ทุกชนิดด้วยเครื่องจักร,เชียงใหม่,0,รายชื่อสถานประกอบการ,บริษัท เชียงใหม่ สุขสวัสดิ์ จำกัด,0,ฟ้าฮ่าม,2568,เมืองเชียงใหม่
5489,แปรรูปไม้เพื่อผลิตไม้แปรรูป,เชียงใหม่,5000000,รายชื่อสถานประกอบการ,บริษัท เชียงใหม่สุดาลักษณ์ จำกัด (โรงเลื่อยจักร),0,ต้นเปา,2568,สันกำแพง
5490,โรงเลื่อยจักร แปรรูปไม้,เชียงใหม่,3000000,รายชื่อสถานประกอบการ,โรงงาน ตนานุวัฒน์,0,แม่เหียะ,2568,เมืองเชียงใหม่
5491,ไสและซอยไม้,เชียงใหม่,1000000,รายชื่อสถานประกอบการ,นายนพรัตน์ นิมมานวัฒนา,0,น้ำแพร่,2568,หางดง
5492,"ทำวงกบประตู-หน้าต่าง,เครื่องเรือนจากไม้",เชียงใหม่,1000000,รายชื่อสถานประกอบการ,ห้างหุ้นส่วนจำกัด ส.สยามคาร์เพนเตอร์,0,สันกลาง,2568,สันป่าตอง
5493,ทำวงกบ ประตู หน้าต่าง และเครื่องเรือนจากไม้,เชียงใหม่,19100000,รายชื่อสถานประกอบการ,บริษัท เกรทเชียงใหม่ จำกัด,0,หนองป่าครั่ง,2568,เมืองเชียงใหม่
5494,"ผลิตวงกบประตูหน้าต่างและบาน,ผลิตเฟอร์นิเจอร์ เครื่องเรือนเครื่องใช้ ไม้คิวไม้บัวฉลุลายไม้กลึง",เชียงใหม่,15,รายชื่อสถานประกอบการ,,1100000,สันกลาง,2568,สันกำแพง
5495,"ทำวงกบประตู-หน้าต่าง,เครื่องเรือนจากไม้",เชียงใหม่,15,รายชื่อสถานประกอบการ,,4500000,ขี้เหล็ก,2568,แม่ริม
5496,ทำเครื่องเรือน เครื่องใช้ในบ้านเรือน ปาร์เก้ โมเสค ไม้คิ้ว ไม้บัว ไม้กั้นฝ้า ไม้กันเปื้อน ไม้ฉลุ ซี่ลูกกรง ราวบันได โดยใช้ไม้แปรรูป,เชียงใหม่,30,รายชื่อสถานประกอบการ,โรงงานแปรรูปไม้ บริษัท บ้านสวยสวนงาม จำกัด,3856000,แม่หอพระ,2568,แม่แตง
5497,ทำวงกบ ประตู-หน้าต่างจากไม้,เชียงใหม่,1000000,รายชื่อสถานประกอบการ,บริษัท เจริญชาติ จำกัด,0,หนองแหย่ง,2568,สันทราย
5498,ทำส่วนประกอบที่ทำด้วยไม้ของอาคาร เครื่องเรือนหรือเครื่องตบแต่งภายในอาคารจากไม้,เชียงใหม่,22,รายชื่อสถานประกอบการ,ล้านนาเรือนโบราณ,3320000,สันโป่ง,2568,แม่ริม
5499,ทำวงกบ-ประตูหน้าต่างและเครื่องเรือนจากไม้,เชียงใหม่,24,รายชื่อสถานประกอบการ,บริษัท วู๊ด อาร์ต ดี ซายน์ จำกัด,1250000,น้ำแพร่,2568,หางดง
5500,ทำเครื่องเรือน เครื่องใช้ในบ้านเรือน วงกบประตู หน้าต่าง ปาร์เก้ โมเสค ไม้คิ้วประสาน แกะสลัก ขัด กลึง โดยใช้ไม้แปรรูป เศษไม้,เชียงใหม่,5,รายชื่อสถานประกอบการ,บริษัท ซีตี้ วู้ด อินดัสตรี จำกัด,16000000,เชิงดอย,2568,ดอยสะเก็ด
5501,โรงงานประกอบกิจการเกี่ยวกับไม้ (การถนอมเนื้อไม้ หรือการอบไม้),เชียงใหม่,15,รายชื่อสถานประกอบการ,บริษัท เชียงใหม่สุขสวัสดิ์ จำกัด (สาขา 00001),3000000,เชิงดอย,2568,ดอยสะเก็ด
5502,ผลิตพื้นไม้ บ้านเล็กสำเร็จรูป ฝาและผนักประดับบ้านภายในและภายนอก และผลิตภัณฑ์ไม้ไผ่ และไม้ทั่วไปอบพร้อมใช้งาน,เชียงใหม่,24,รายชื่อสถานประกอบการ,บริษัท ชาเลท์ แอนด์ แบมบู จำกัด,14257730,หนองควาย,2568,หางดง
5503,ผลิตเฟอร์นิเจอร์ไม้ และผลิตภัณฑ์จากไม้,เชียงใหม่,20,รายชื่อสถานประกอบการ,แซนทารา ลักซ์ เฟอร์นิเจอร์,2000000,ทุ่งต้อม,2568,สันป่าตอง
5504,ทำเครื่องใช้ เครื่องเล่นจากไม้,เชียงใหม่,27,รายชื่อสถานประกอบการ,บริษัท คิดดี้ทอยส์ แอนด์ เกมส์ จำกัด,11500000,ยุหว่า,2568,สันป่าตอง
5505,ทำผลิตภัณฑ์จากไม้ ภาชนะบรรจุ เครื่องใช้จากไม้,เชียงใหม่,500000,รายชื่อสถานประกอบการ,โคมกนก,0,แม่คือ,2568,ดอยสะเก็ด
5506,ผลิตเฟอร์นิเจอร์ไม้ และผลิตภัณท์จากไม้,เชียงใหม่,20,รายชื่อสถานประกอบการ,นางสาวถนอมใจ หิรัญรัตน์,5000000,ป่าป้อง,2568,ดอยสะเก็ด
5507,ทำผลิตภัณฑ์จากไม้นอกประเภทหวงห้าม เช่น ภาชนะบรรจุ เครื่องใช้จากไม้ เครื่องตกแต่งภายในอาคารจากไม้ แกะสลักต่างๆ พร้อมประดับด้วยกระจกสี,เชียงใหม่,16,รายชื่อสถานประกอบการ,บริษัท ทัช ออฟ คลาส จำกัด,8800000,ขุนคง,2568,หางดง
5508,ผลิตเฟอร์นิเจอร์ และอุปกรณ์ตกแต่งบ้านจากไม้,เชียงใหม่,20,รายชื่อสถานประกอบการ,บริษัท มูนเลอร์ คอลเลคชั่น จำกัด,2500000,สำราญราษฎร์,2568,ดอยสะเก็ด
5509,ผลิตของเล่นเด็ก เกมส์ และผลิตภัณฑ์อื่นๆ จากไม้,เชียงใหม่,500000,รายชื่อสถานประกอบการ,โรงงาน บอล บอล เกมส์,0,ท่าวังตาล,2568,สารภี
5510,ผลิตเฟอร์นิเจอร์จากไม้,เชียงใหม่,10,รายชื่อสถานประกอบการ,ห้างหุ้นส่วนจำกัด บี.เอช.เนเจอร์วูด,11000000,แม่ข่า,2568,ฝาง
5511,ผลิตและส่งออกตลับไม้ กรอบรูป และเชิงเทียน,เชียงใหม่,10000000,รายชื่อสถานประกอบการ,บริษัท วาสนาคอลเล็คชั่น จำกัด,0,สันกำแพง,2568,สันกำแพง
5512,ทำเครื่องใช้จากไม้ฉำฉา เช่น เครื่องเล่น,เชียงใหม่,3000,รายชื่อสถานประกอบการ,สมบัติเกมส์ไม้,0,สันกลาง,2568,สันกำแพง
5513,ผลิตตลับไม้ กรอบรูปไม้ และเชิงเทียนจากโลหะ,เชียงใหม่,1000000,รายชื่อสถานประกอบการ,บริษัท วาสนาคอลเลคชั่น จำกัด,0,สันกำแพง,2568,สันกำแพง
5514,ทำภาชนะบรรจุ เครื่องมือ หรือเครื่องใช้จากไม้และรวมถึงชิ้นส่วนของผลิตภัณฑ์ ดังกล่าว และทำกรอบรูปหรือกรอบกระจกจากไม้,เชียงใหม่,6000000,รายชื่อสถานประกอบการ,บริษัท โค-ลาโบ วูด สตูดิโอ จำกัด,0,ออนกลาง,2568,แม่ออน
5515,ทำเครื่องใช้จากไม้,เชียงใหม่,8,รายชื่อสถานประกอบการ,ห้างหุ้นส่วนจำกัด เปี๊ยกแอนติค,3250000,หนองแก๋ว,2568,หางดง
5516,ทำเครื่องเรือน เครื่องมือ เครื่องใช้หรือภาชนะบรรจุจากไม้ หรือทำกรอบรูปหรือกรอบกระจกจากไม้ ทำเครื่องเล่นหรือของเล่นจากไม้,เชียงใหม่,14,รายชื่อสถานประกอบการ,ส.ประดิษฐกรรม,1100000,สันทรายน้อย,2568,สันทราย
5517,ทำผลิตภัณฑ์จากไม้ และเครื่องใช้จากไม้,เชียงใหม่,25,รายชื่อสถานประกอบการ,บริษัท เชียงใหม่ พิพัฒน์ คราฟวิ่ง จำกัด,21000000,หนองแก๋ว,2568,หางดง
5518,แกะสลักไม้ เครื่องเรือน เครื่องตกแต่งภายในอาคารจากไม้,เชียงใหม่,3,รายชื่อสถานประกอบการ,ไม้ขัดทอง,2800000,น้ำแพร่,2568,หางดง
5519,ทำกรอบรูปจากไม้,เชียงใหม่,3505000,รายชื่อสถานประกอบการ,บริษัท เอส เค บี สยามโปรดัก จำกัด,0,ป่าป้อง,2568,ดอยสะเก็ด
5520,ทำเฟอร์นิเจอร์จากไม้ ไม้ไผ่ หวาย และผักตบชวา,เชียงใหม่,80,รายชื่อสถานประกอบการ,นางวาสนา แก้วสีขาว,3700000,บ้านแหวน,2568,หางดง
5521,ทำเครื่องเรือน และเฟอร์นิเจอร์จากไม้ แกะสลักไม้,เชียงใหม่,100,รายชื่อสถานประกอบการ,นางสาวปิยพร เปรมนิรันดร,11000000,หนองควาย,2568,หางดง
5522,ผลิตเฟอร์นิเจอร์ไม้,เชียงใหม่,500000,รายชื่อสถานประกอบการ,นรินทร์ อิ่นแก้ว,0,ขุนคง,2568,หางดง
5523,ผลิตและจำหน่ายสินค้าตบแต่งบ้าน โคมไฟ และผลิตภัณฑ์จากไม้อื่นๆ,เชียงใหม่,35,รายชื่อสถานประกอบการ,บริษัท สุนา ลิฟวิ่ง จำกัด,2000000,ขุนคง,2568,หางดง
5524,ผลิตเครื่องเรือน เครื่องตบแต่งภายในอาคารจากไม้,เชียงใหม่,5000000,รายชื่อสถานประกอบการ,บริษัท เอพลัสเฟอร์นิเจอร์ จำกัด,0,เหมืองแก้ว,2568,แม่ริม
5525,ผลิตเฟอร์นิเจอร์ไม้และแกะสลักไม้,เชียงใหม่,1000000,รายชื่อสถานประกอบการ,มงคลศิลป์,0,ต้นเปา,2568,สันกำแพง
5526,"ทำเครื่องเรือน,เครื่องใช้จากไม้,ตบแต่งสีไม้แกะสลัก",เชียงใหม่,75,รายชื่อสถานประกอบการ,บริษัท เชียงใหม่ พิพัฒน์คราฟวิ่ง จำกัด,21000000,หนองแก๋ว,2568,หางดง
5527,ทำเครื่องเรือนจากไม้ หรือเครื่องตบแต่งในอาคารจากไม้,เชียงใหม่,1500000,รายชื่อสถานประกอบการ,บริษัท รีแลกซ์คอมฟอร์ท จำกัด,0,หนองผึ้ง,2568,สารภี
5528,ทำเครื่องเรือนและเครื่องตบแต่งภายในอาคารจากไม้,เชียงใหม่,17500000,รายชื่อสถานประกอบการ,บริษัท วรวุฒิเฟอร์นิเจอร์ แอนด์ เดคคอร์ จำกัด,0,ป่าแดด,2568,เมืองเชียงใหม่
5529,ผลิตเฟอร์นิเจอร์และของตกแต่งบ้าน,เชียงใหม่,300000,รายชื่อสถานประกอบการ,โรงงานผลิตเฟอร์นิเจอร์ไม้,0,ขุนคง,2568,หางดง
5530,ผลิตเฟอร์นิเจอร์,เชียงใหม่,200000,รายชื่อสถานประกอบการ,สมบูรณ์-มาลี แอนติค,0,ขุนคง,2568,หางดง
5531,ผลิตเฟอร์นิเจอร์,เชียงใหม่,2000000,รายชื่อสถานประกอบการ,บริษัท จีซีคอลเลคชั่น จำกัด,0,หนองแก๋ว,2568,หางดง
5532,ผลิตเฟอร์นิเจอร์,เชียงใหม่,1000000,รายชื่อสถานประกอบการ,บริษัท อาร์.จี.อัส วู้ด จำกัด,0,ออนใต้,2568,สันกำแพง
5533,ทำเครื่องเรือนและเครื่องใช้จากไม้,เชียงใหม่,20,รายชื่อสถานประกอบการ,สหกรณ์หัตถกรรมเมืองเชียงใหม่ จำกัด,1550000,ต้นเปา,2568,สันกำแพง
5534,ผลิตเฟอร์นิเจอร์น็อคดาวน์ และเฟอร์นิเจอร์ในครัวเรือน,เชียงใหม่,0,รายชื่อสถานประกอบการ,พริบตา PRIPTA,0,สันทรายหลวง,2568,สันทราย
5535,"ทำเฟอร์นิเจอร์ไม้,เครื่องเรือนจากไม้,ไม้พื้นปาร์เก้,โมเสค",เชียงใหม่,2000000,รายชื่อสถานประกอบการ,ห้างหุ้นส่วนจำกัด เชียงใหม่ ทีค วีเนียร์,0,แช่ช้าง,2568,สันกำแพง
5536,ทำเฟอร์นิเจอร์ไม้ ผลิตภัณฑ์จากไม้ และออกแบบตกแต่งจากไม้,เชียงใหม่,8,รายชื่อสถานประกอบการ,บริษัท 09 ดีไซน์ เฟอร์นิเจอร์ จำกัด,936000,ต้นเปา,2568,สันกำแพง
5537,ทำเครื่องเรือนเครื่องใช้จากไม้,เชียงใหม่,2034728,รายชื่อสถานประกอบการ,บริษัท บี.ซี. อาร์ท จำกัด,0,สันกลาง,2568,สันกำแพง
5538,ทำเครื่องเรือน เครื่องใช้ในบ้านเรือน ปาร์เก้ โมเสค ของที่ระลึกโดยใช้ไม้แปรรูป,เชียงใหม่,2000000,รายชื่อสถานประกอบการ,มัลลิกาเฟอร์นิเจอร์,0,ต้นเปา,2568,สันกำแพง
5539,ทำเครื่องเรือนเครื่องใช้จากไม้,เชียงใหม่,2000000,รายชื่อสถานประกอบการ,ห้างหุ้นส่วนจำกัด มัลลิกา แกะสลัก,0,ต้นเปา,2568,สันกำแพง
5540,ทำเครื่องเรือนและของตกแต่งบ้านจากไม้,เชียงใหม่,2000000,รายชื่อสถานประกอบการ,นายณัฐพล โปธาตน,0,ขุนคง,2568,หางดง
5541,ทำเครื่องเรือนจากไม้ เช่น โต๊ะ ตู้ เตียง เก้าอี้ ฯลฯ,เชียงใหม่,1000000,รายชื่อสถานประกอบการ,บริษัท อะเมซิ่ง เนเชอร์ วู๊ดส์ จำกัด,0,น้ำแพร่,2568,หางดง
5542,ประดิษฐ์ ผลิต ซ่อมแซม เครื่องเรือน เครื่องใช้ เครื่องตกแต่างภายนอก ภายในอาคารทุกชนิดจากไม้,เชียงใหม่,40,รายชื่อสถานประกอบการ,บริษัท มูเทียร่า จำกัด,6000000,ยุหว่า,2568,สันป่าตอง
5543,ทำเฟอร์นิเจอร์ ผลิตภัณฑ์จากไม้และออกแบบตกแต่งภายใน,เชียงใหม่,30,รายชื่อสถานประกอบการ,บริษัท ปานา คอลเลคชั่น จำกัด,2000000,ขุนคง,2568,หางดง
5544,ทำเฟอร์นิเจอร์ไม้ ผลิตภัณฑ์จากไม้และเครื่องเรือน เครื่องใช้จากไม้,เชียงใหม่,2000000,รายชื่อสถานประกอบการ,บริษัท รวมไม้ จำกัด,0,สารภี,2568,สารภี
5545,ผลิตเฟอร์นิเจอร์และผลิตภัณฑ์จากไม้,เชียงใหม่,4,รายชื่อสถานประกอบการ,สินีนาฎเฟอร์นิเจอร์,500000,บวกค้าง,2568,สันกำแพง
5546,ทำเครื่องเรือน เครื่องตบแต่งภายในอาคาร เครื่องเล่นจากไม้,เชียงใหม่,3000000,รายชื่อสถานประกอบการ,บริษัท คิดตี้ทอยส์อินเตอร์เนชั่นแนล จำกัด,0,ยุหว่า,2568,สันป่าตอง
5547,ผลิตเฟอร์นิเจอร์จากไม้,เชียงใหม่,19,รายชื่อสถานประกอบการ,จิราภรณ์เฟอร์นิเจอร์,11800000,ขุนคง,2568,หางดง
5548,ทำเครื่องเรือน เฟอร์นิเจอร์ตกแต่งภายในอาคาร จากไม้,เชียงใหม่,2000000,รายชื่อสถานประกอบการ,บริษัท โค-ลาโบ วูด สตูดิโอ จำกัด,0,ออนกลาง,2568,แม่ออน
5549,ทำเครื่องเรือนหรือเครื่องตบแต่งภายในอาคารจากไม้ ทำวงกบ ขอบประตู ขอบหน้าต่าง ส่วนประกอบที่ทำด้วยไม้ของอาคาร ภาชนะบรรจุ เครื่องมือ หรือเครื่องใช้จากไม้ และทำกรอบรูปหรือกรอบกระจกจากไม้,เชียงใหม่,29,รายชื่อสถานประกอบการ,ส.สันกำแพง,5450000,ร้องวัวแดง,2568,สันกำแพง
5550,ทำเครื่องเรือนหรือเครื่องตบแต่งจากไม้ๆ,เชียงใหม่,150000,รายชื่อสถานประกอบการ,นายสาคร ไชยคำวัง,0,ตลาดขวัญ,2568,ดอยสะเก็ด
5551,"ผลิตจัดจำหน่ายเครื่องเรือนเฟอร์นิเจอร์ ,หัตถกรรม ใช้ในครัวเรือน ที่ผลิตจากไม้",เชียงใหม่,1000000,รายชื่อสถานประกอบการ,บริษัท สวิส ไทย วอเตอร์ โซลูชั่น จำกัด,0,ขุนคง,2568,หางดง
5552,ทำเครื่องเรือนและของตบแต่งจากไม้,เชียงใหม่,1000000,รายชื่อสถานประกอบการ,ห้างหุ้นส่วนจำกัด ดิ ออเรียลทอล ลานนา,0,ขี้เหล็ก,2568,แม่แตง
5553,ทำเครื่องเรือน หรือเครื่องตบแต่งจากไม้ เช่นโต๊ะหมู่บูชา,เชียงใหม่,1000000,รายชื่อสถานประกอบการ,ณฐมนสังฆภัณฑ์,0,ป่าลาน,2568,ดอยสะเก็ด
5554,ทำเครื่องเรือนหรือเครื่องตบแต่งภายในอาคารจากไม้,เชียงใหม่,1500000,รายชื่อสถานประกอบการ,บริษัท นภัสนันท์การค้าไม้ จำกัด,0,ป่าป้อง,2568,ดอยสะเก็ด
5555,ทำวงกบ ประตู หน้าต่าง และเครื่องเรื่อนจากไม้,เชียงใหม่,20,รายชื่อสถานประกอบการ,นายอรรถศาสตร์ พงษ์พานิชย์,6500000,สบเปิง,2568,แม่แตง
5556,ผลิตกระดาษสา,เชียงใหม่,3000000,รายชื่อสถานประกอบการ,ซี.เอส.พี เชียงใหม่กระดาษสา,0,แม่แฝก,2568,สันทราย
5557,ฆ่าสัตว์และชำแหละเนื้อสัตว์,เชียงใหม่,2500000,รายชื่อสถานประกอบการ,บริษัท จิตรุ่งเรืองกรุ๊ป จำกัด,0,สันกำแพง,2568,สันกำแพง
5558,โรงฆ่าสัตว์และแปรรูปเนื้อสัตว์เพื่อการทดลอง,เชียงใหม่,500000,รายชื่อสถานประกอบการ,กรมปศุสัตว์,0,ช้างเผือก,2568,เมืองเชียงใหม่
5559,ฆ่าและชำแหละไก่,เชียงใหม่,5000000,รายชื่อสถานประกอบการ,บริษัท ฟาร์ม 9 ไก่ฟู้ดส์ จำกัด,0,มะขามหลวง,2568,สันป่าตอง
5560,โรงฆ่าสุกรและแปรรูปผลิตภัณฑ์สุกร,เชียงใหม่,50,รายชื่อสถานประกอบการ,โรงงานแปรรูปสุกรแม่โจ้,35000000,หนองหาร,2568,สันทราย
5561,โรงฆ่าและชำแหละสัตว์ปีก,เชียงใหม่,900000,รายชื่อสถานประกอบการ,ไก่สดนันทา,0,หายยา,2568,เมืองเชียงใหม่
5562,ฆ่าสัตว์(สุกร),เชียงใหม่,30,รายชื่อสถานประกอบการ,บริษัท ชัยพัฒนา ฟาร์ม จำกัด,30000000,เชิงดอย,2568,ดอยสะเก็ด
5563,ฆ่าและชำแหละสุกร,เชียงใหม่,150000,รายชื่อสถานประกอบการ,โรงฆ่าสัตว์(สุกร),0,หนองบัว,2568,ไชยปราการ
5564,ฆ่าและชำแหละไก่,เชียงใหม่,5000000,รายชื่อสถานประกอบการ,ห้างหุ้นส่วนจำกัด ป.พุฒ ไก่สด,0,หนองแหย่ง,2568,สันทราย
5565,ทำผลิตภัณฑ์อาหารจากเนื้อสัตว์ มันสัตว์ หนังสัตว์ หรือสารสกัดจากไขสัตว์หรือกระดูกสัตว์,เชียงใหม่,6,รายชื่อสถานประกอบการ,บริษัท ไตรเทค 2005 (ประเทศไทย) จำกัด,17500000,แช่ช้าง,2568,สันกำแพง
5566,ทำลูกชิ้นเนื้อ และหมู,เชียงใหม่,4,รายชื่อสถานประกอบการ,ลูกชิ้นบุญเสริม,850000,สันโป่ง,2568,แม่ริม
5567,เกี่ยวกับผลิตภัณฑ์จากผึ้ง และน้ำผึ้ง เช่น เครื่องดื่ม น้ำส้มสายชูหมักจากน้ำผึ้ง สบู่น้ำผึ้ง สบู่นมน้ำผึ้ง สบู่พรอพอลิส และอื่นๆ และสบู่ แชมพู หรือผลิตภัณฑ์สำหรับชะล้างหรือขัดถู เครื่องสำอาง หรือสิ่งปรุงแต่งร่างกาย ,เชียงใหม่,11,รายชื่อสถานประกอบการ,บริษัท เชียงใหม่ เฮลตี้ โปรดักส์ จำกัด,58250000,ชมภู,2568,สารภี
5568,"ทำลูกชิ้นเนื้อ,หมู",เชียงใหม่,500000,รายชื่อสถานประกอบการ,ลูกชิ้นมีชัย,0,ป่าแดด,2568,เมืองเชียงใหม่
5569,ผลิตลูกชิ้นเนื้อ หมู และไก่,เชียงใหม่,200000,รายชื่อสถานประกอบการ,ลูกชิ้นวัญนา,0,สันโป่ง,2568,แม่ริม
5570,ทำลูกชิ้นและหมูยอ,เชียงใหม่,200000,รายชื่อสถานประกอบการ,โรงงานพรสวรรค์,0,ต้นเปา,2568,สันกำแพง
5571,ทำกุนเชียง หมูหยอง,เชียงใหม่,1500000,รายชื่อสถานประกอบการ,บริษัท จิง จิง เฮียงเชียงใหม่ จำกัด,0,ท่าวังตาล,2568,สารภี
5572,ผลิตภัณฑ์ลูกชิ้น ไก่ยอ และไส้กรอก,เชียงใหม่,2000000,รายชื่อสถานประกอบการ,ฮานาฟู้ด,0,หนองแฝก,2568,สารภี
5573,แปรรูปผลิตภัณฑ์จากผึ้ง,เชียงใหม่,13,รายชื่อสถานประกอบการ,บริษัท ฟาร์มผึ้งพัฒนกิจ จำกัด,5300000,หนองผึ้ง,2568,สารภี
5574,แปรรูปผลิตภัณฑ์อาหารจากเนื้อสัตว์,เชียงใหม่,1000000,รายชื่อสถานประกอบการ,ลูกชิ้นพรสวรรค์,0,ต้นเปา,2568,สันกำแพง
5575,ผลิตผลิตภัณฑ์จากผึ้ง เช่น น้ำผึ้ง ไขผึ้ง เกสรผึ้ง นมผึ้ง,เชียงใหม่,10,รายชื่อสถานประกอบการ,บริษัท ฮันนี่ โพลีพลัส จำกัด,12000000,ท่าศาลา,2568,เมืองเชียงใหม่
5576,ผลิตอาหารจากเนื้อสัตว์ เช่น ไส้กรอก แฮม เบอร์เกอร์ ปาเต้,เชียงใหม่,6,รายชื่อสถานประกอบการ,บริษัท จีบุส ฟู้ดส์ โปรดักส์ จำกัด,8500000,ท่าศาลา,2568,เมืองเชียงใหม่
5577,การล้าง ชำแหละ แกะ ต้ม นึ่ง ทอด หรือบดสัตว์หรือส่วนหนึ่งส่วนใดของสัตว์ และห้องเย็น,เชียงใหม่,12,รายชื่อสถานประกอบการ,ห้างหุ้นส่วนจำกัด ราชา มีทฟู้ดส์,10500000,ขี้เหล็ก,2568,แม่แตง
5578,ชำแหละ ตัดแต่ง ชิ้นส่วนสุกรและแปรรูปเนื้อสัตว์,เชียงใหม่,77,รายชื่อสถานประกอบการ,บริษัท ซีพีเอฟ (ประเทศไทย) จำกัด (มหาชน),90000000,สันกลาง,2568,สันป่าตอง
5579,แปรรูปรังนกนางแอ่น,เชียงใหม่,5000000,รายชื่อสถานประกอบการ,บริษัท กู๊ดฟอร์จูนเอเชีย จำกัด,0,ขุนคง,2568,หางดง
5580,แปรรูปผลิตภัณฑ์จากไข่ และคัดบรรจุไข่,เชียงใหม่,11,รายชื่อสถานประกอบการ,บริษัท ซีพีเอฟ (ประเทศไทย) จำกัด (มหาชน),206500000,ห้วยทราย,2568,สันกำแพง
5581,อัดเศษกระดาษ,เชียงใหม่,200000,รายชื่อสถานประกอบการ,ส.วิวัฒน์พานิช,0,หนองหอย,2568,เมืองเชียงใหม่
5582,อัดเศษกระดาษเก่า,เชียงใหม่,2000000,รายชื่อสถานประกอบการ,โรงอัดเศษกระดาษสารภี,0,สารภี,2568,สารภี
5583,ทำผลิตภัณฑ์จากกระดาษสา,เชียงใหม่,5499803,รายชื่อสถานประกอบการ,ห้างหุ้นส่วนจำกัด เชียงใหม่อินเตอร์เนชั่นแนล เดค,0,สันกำแพง,2568,สันกำแพง
5584,พิมพ์สิ่งพิมพ์ต่าง ๆ,เชียงใหม่,500000,รายชื่อสถานประกอบการ,บริษัท โชตนาพริ้นท์ จำกัด,0,ศรีภูมิ,2568,เมืองเชียงใหม่
5585,พิมพ์สิ่งพิมพ์ต่างๆ,เชียงใหม่,0,รายชื่อสถานประกอบการ,ห้างหุ้นส่วนจำกัด สยามรัตน,0,ช้างคลาน,2568,เมืองเชียงใหม่
5586,ผลิตปุ๋ยเคมี,เชียงใหม่,750000,รายชื่อสถานประกอบการ,มหาลาภ,0,ร้องวัวแดง,2568,สันกำแพง
5587,ผลิตปุ๋ยอินทรีย์ (ปุ๋ยหมัก) และปุ๋ยอินทรีย์เคมี,เชียงใหม่,500000,รายชื่อสถานประกอบการ,บริษัท เชียงใหม่ฮิวโมสท์ จำกัด,0,แช่ช้าง,2568,สันกำแพง
5588,ผลิตปุ๋ยอินทรีย์,เชียงใหม่,7500000,รายชื่อสถานประกอบการ,บริษัท เนเจอรอล อะกรีคัลเจอร์ จำกัด,0,แม่หอพระ,2568,แม่แตง
5589,ผลิตปุ๋ยอินทรีย์-ชีวภาพ,เชียงใหม่,8815000,รายชื่อสถานประกอบการ,บริษัท มอนทรีโอ้ ค๊อฟฟี่ จำกัด,0,ดอยหล่อ,2568,ดอยหล่อ
5590,การผลิตวัตถุที่รับรองไว้ในตำรายาที่รัฐมนตรีว่าการกระทรวงสาธารณสุขประกาศและการผลิตวัตถุที่มุ่งหมายสำหรับใช้ในการวิเคราะห์ บำบัด บรรเทา รักษา หรือป้องกันโรคหรือความเจบป่วยของมนุษย์หรือสัตว์,เชียงใหม่,11,รายชื่อสถานประกอบการ,แคนน์ดู ฟาร์ม่า,35983160,ขี้เหล็ก,2568,แม่แตง
5591,เกี่ยวกับการผลิตวัตถุที่รับรองไว้ในตำรายาที่รัฐมนตรีว่าการกระทรวงสาธารณสุขประกาศและการผลิตวัตถุที่มุ่งหมายสำหรับใช้ในการวิเคราะห์ บำบัด บรรเทา รักษา หรือป้องกันโรคหรือความเจ็บป่วยของมนุษย์หรือสัตว์,เชียงใหม่,13,รายชื่อสถานประกอบการ,บริษัท ดีท็อกซ์ (ประเทศไทย) จำกัด,66000000,น้ำแพร่,2568,หางดง
5592,ผลิตยารักษาโรคแผนปัจจุบัน เช่น ยาเม็ด ยารูปแบบของเหลว ยาครีม ยาเหน็บ ที่มีสารสกัดจากกัญชง เป็นต้น,เชียงใหม่,33,รายชื่อสถานประกอบการ,บริษัท ซาลัส ไบโอซูติคอล (ประเทศไทย) จำกัด,354575000,เชิงดอย,2568,ดอยสะเก็ด
5593,การสกัดสมุนไพรทำเครื่องสำอาง ยาสมุนไพร และอาหารเสริม,เชียงใหม่,30,รายชื่อสถานประกอบการ,บริษัท ซีเอ็มซี แอสโซซิเอทส์ จำกัด,32000000,แม่นะ,2568,เชียงดาว
5594,โรงงานประกอบกิจการเกี่ยวกับ ยา การผลิตวัตถุที่มุ่งหมายสำหรับใช้ในการวิเคราะห์ บำบัด บรรเทา รักษาหรือป้องกันโรค หรือความเจ็บป่วยของมนุษย์ หรือสัตว์,เชียงใหม่,21,รายชื่อสถานประกอบการ,บริษัท ดีท็อกซ์(ประเทศไทย) จำกัด,8500000,น้ำแพร่,2568,หางดง
5595,การผลิตน้ำยาทำความสะอาด,เชียงใหม่,40000000,รายชื่อสถานประกอบการ,บริษัท เค.ซี.ซี.พี. 2011 กรุ๊ป จำกัด,0,ป่าบง,2568,สารภี
5596,ผลิตสบู่และเครื่องสำอางค์ สมุนไพร,เชียงใหม่,5000000,รายชื่อสถานประกอบการ,บริษัท เฮิร์บ เบสิคส์ จำกัด,0,หารแก้ว,2568,หางดง
5597,ผลิต-จำหน่าย เครื่องสำอาง อาหารเสริม สารสกัด,เชียงใหม่,5,รายชื่อสถานประกอบการ,บริษัท เอส.ที.ดี เมติกส์ จำกัด,31954217.27,หนองหาร,2568,สันทราย
5598,ผลิตพาราฟินแวกซ์,เชียงใหม่,13,รายชื่อสถานประกอบการ,บริษัท อุนนดา จำกัด,13500000,ป่าป้อง,2568,ดอยสะเก็ด
5599,ผลิตถ่านกัมมันต (ACTIVATED CARBON) และเครื่องกรองน้ำ,เชียงใหม่,7,รายชื่อสถานประกอบการ,พี เอ คาร์บอน,2100000,ตลาดใหญ่,2568,ดอยสะเก็ด
5600,ผลิตเทียนหอม,เชียงใหม่,90,รายชื่อสถานประกอบการ,บริษัท ที.ที.ที.แคนเดิล จำกัด,20050000,สันผักหวาน,2568,หางดง
5601,ทำเทียนหอมและเทียนไข,เชียงใหม่,1000000,รายชื่อสถานประกอบการ,บริษัท ดาเลี่ยน ทาเล้น โฮม เดคอร์(ไทย) จำกัด,0,บ้านกลาง,2568,สันป่าตอง
5602,ทำผลิตภัณฑ์นม,เชียงใหม่,1000000,รายชื่อสถานประกอบการ,บริษัท เชียงใหม่ เฟรชมิลค์ จำกัด,0,ท่าวังตาล,2568,สารภี
5603,ผลิตนมพลาสเจอร์ไรส์ และ ยู.เอช.ที,เชียงใหม่,0,รายชื่อสถานประกอบการ,บริษัท โกลด์มิลค์ จำกัด,0,ชมภู,2568,สารภี
5604,การทำนมสดให้ไร้เชื้อ หรือฆ่าเชื้อ โดยวิธีการใดวิธีการหนึ่ง เช่น การพาสเจอร์ไรส์,เชียงใหม่,394318328.66,รายชื่อสถานประกอบการ,สหกรณ์โคนมการเกษตรไชยปราการ จำกัด,0,ศรีดงเย็น,2568,ไชยปราการ
5605,ผลิตแอสฟัลท์ติกคอนกรีต,เชียงใหม่,500000,รายชื่อสถานประกอบการ,ห้างหุ้นส่วนจำกัด ปราการวิศวะก่อสร้าง,0,แม่สูน,2568,ฝาง
5606,ผลิตแอสฟัลท์ติกคอนกรีต,เชียงใหม่,10000000,รายชื่อสถานประกอบการ,บริษัท อัครโยธิน จำกัด,0,บงตัน,2568,ดอยเต่า
5607,ผลิตแอสฟัลท์ติกคอนกรีต,เชียงใหม่,3000000,รายชื่อสถานประกอบการ,บริษัท เชียงใหม่ 49 คอนสตรัคชั่น จำกัด,0,มะขุนหวาน,2568,สันป่าตอง
5608,ผลิตแอสฟัลท์ติกคอนกรีต,เชียงใหม่,5000000,รายชื่อสถานประกอบการ,ห้างหุ้นส่วนจำกัด ขนุนแดงคอนสตรัคชั่น,0,เวียง,2568,ฝาง
5609,ผลิตแอสฟัลส์ติกคอนกรีต,เชียงใหม่,10000000,รายชื่อสถานประกอบการ,ห้างหุ้นส่วนจำกัด เชียงใหม่ศรีอัมภาการก่อสร้าง,0,น้ำแพร่,2568,หางดง
5610,ผลิตแอสฟัลท์ติกคอนกรีต,เชียงใหม่,6,รายชื่อสถานประกอบการ,บริษัท สุขุมการโยธา จำกัด,89048450,ฮอด,2568,ฮอด
5611,ผลิตแอสฟัลท์ติกคอนกรีต,เชียงใหม่,10000000,รายชื่อสถานประกอบการ,ห้างหุ้นส่วนจำกัด ธนะชัย แอสโซซิเอท,0,หนองหาร,2568,สันทราย
5612,ผลิตแอสฟัลติกคอนกรีต,เชียงใหม่,3,รายชื่อสถานประกอบการ,ห้างหุ้นส่วนจำกัด ธัญญลักษณ์เอ็นจิเนียริ่ง,30350000,บ้านกาด,2568,แม่วาง
5613,ผลิตแอสฟัลส์ติคคอนกรีต,เชียงใหม่,10000000,รายชื่อสถานประกอบการ,บริษัท อัครโยธิน จำกัด,0,ยางเปียง,2568,อมก๋อย
5614,ทำคอนกรีตแอสฟัลต์,เชียงใหม่,15,รายชื่อสถานประกอบการ,บริษัท เชียงใหม่สหวิศวโยธาการ จำกัด,21000000,ยางเนิ้ง,2568,สารภี
5615,ผลิตแอสฟัลต์คอนกรีต สำหรับงานปรับปรุงผิวทางแอสฟัลต์คอนกรีต โดยนำแอสฟัลต์เดิมกลับมาใช้ใหม่ด้วยวิธี Asphalt Hot Mix in plant Recycling กำลังการผลิต 60 ตันต่อชั่วโมง,เชียงใหม่,5000000,รายชื่อสถานประกอบการ,บริษัท บลูแลนด์ เอ็นจิเนียริ่ง จำกัด,0,บ้านตาล,2568,ฮอด
5616,โรงงานยางแอสฟัลท์ติกคอนกรีตผสมเสร็จ,เชียงใหม่,10000000,รายชื่อสถานประกอบการ,บริษัท เชียงใหม่ เอส.พี คอนสตรัคชั่น จำกัด,0,บวกค้าง,2568,สันกำแพง
5617,ผลิตแอสฟัลต์ติกคอนกรีต,เชียงใหม่,200000,รายชื่อสถานประกอบการ,บริษัท กาญจนาธุรกิจก่อสร้าง จำกัด,0,ร้องวัวแดง,2568,สันกำแพง
5618,ผลิตแอสฟัลท์ติกคอนกรีต,เชียงใหม่,10000000,รายชื่อสถานประกอบการ,บริษัท บลูแลนด์ เอ็นจิเนียริ่ง จำกัด,0,บ้านตาล,2568,ฮอด
5619,โรงงานผลิตแอสฟัลท์ติกคอนกรีต,เชียงใหม่,1000000,รายชื่อสถานประกอบการ,บริษัท เชียงใหม่ศรีสุนทร จำกัด,0,อินทขิล,2568,แม่แตง
5620,ผลิตแอสฟัลท์ติกคอนกรีต,เชียงใหม่,5000000,รายชื่อสถานประกอบการ,บริษัท ภาคเหนือวัสดุ จำกัด,0,ดอยหล่อ,2568,ดอยหล่อ
5621,ผลิตแอสฟัสท์ติกคอนกรีต,เชียงใหม่,16,รายชื่อสถานประกอบการ,ห้างหุ้นส่วนจำกัด ธนาทรัพย์การโยธา,30660000,ขี้เหล็ก,2568,แม่แตง
5622,ผลิตแอสฟัลท์ติกคอนกรีต,เชียงใหม่,2000000,รายชื่อสถานประกอบการ,บริษัท ทีแพค แอสฟัลท์ติก แอนด์ คอนกรีต จำกัด,0,ดอยหล่อ,2568,ดอยหล่อ
5623,ผลิตแอสฟัลต์ติกคอนกรีต,เชียงใหม่,1000000,รายชื่อสถานประกอบการ,บริษัท เชียงใหม่ สหศิลา จำกัด,0,ศรีดงเย็น,2568,ไชยปราการ
5624,ผลิตแอสฟัลติกคอนกรีต,เชียงใหม่,1000000,รายชื่อสถานประกอบการ,ห้างหุ้นส่วนจำกัด ลำธาร คอนสตรัคชั่น,0,ดอยหล่อ,2568,ดอยหล่อ
5625,ผลิตแอสฟัลท์ติกคอนกรีต,เชียงใหม่,10000000,รายชื่อสถานประกอบการ,บริษัท ภาคเหนือวัสดุ จำกัด,0,บ้านแอ่น,2568,ดอยเต่า
5626,ผลิตแอสฟิลท์ติกคอนกรีต,เชียงใหม่,3000000,รายชื่อสถานประกอบการ,ห้างหุ้นส่วนจำกัด เอ.เอ็น.วี. สำรวจและรังวัด,0,ขี้เหล็ก,2568,แม่ริม
5627,ผลิตแอสฟัลท์ติกคอนกรีต,เชียงใหม่,10000000,รายชื่อสถานประกอบการ,บริษัท ภาคเหนือวัสดุ จำกัด,0,บ้านแอ่น,2568,ดอยเต่า
5628,ผลิตแอสฟัลท์ติกคอนกรีต,เชียงใหม่,7,รายชื่อสถานประกอบการ,บริษัท อีเกิ้ล อิมพอร์ต แอนด์ เอ็กซ์พอร์ต อินเตอร์เนชั่นแนล จำกัด,38000000,บ้านแอ่น,2568,ดอยเต่า
5629,ผลิตซีนกันน้ำมัน,เชียงใหม่,300000,รายชื่อสถานประกอบการ,บริษัท อิเทอร์นัล เอ็นเตอร์ไพรส์ จำกัด,0,แม่เหียะ,2568,เมืองเชียงใหม่
5630,บดย่อยยางรถยนต์,เชียงใหม่,100000,รายชื่อสถานประกอบการ,บริษัท คอนติเนนตัล แพลทฟอร์ม (ไทยแลนด์) จำกัด,0,ดอนเปา,2568,แม่วาง
5631,ผลิตฟองน้ำ ตัดฟองน้ำ ทำชิ้นส่วนเครื่องเรือน,เชียงใหม่,2000000,รายชื่อสถานประกอบการ,บริษัท เคียงดอย โปรดักส์ จำกัด,0,ยุหว่า,2568,สันป่าตอง
5632,ผลิตอุปกรณ์ผ้าม่าน,เชียงใหม่,2000000,รายชื่อสถานประกอบการ,อี.พี.เดคคอร์ (ประเทศไทย),0,หนองหาร,2568,สันทราย
5633,"ทำผลิตภัณฑ์พลาสติก เช่น ขวด,แก้วน้ำ",เชียงใหม่,1000000,รายชื่อสถานประกอบการ,พลาสติกเก้ายอด,0,สง่าบ้าน,2568,ดอยสะเก็ด
5634,ผลิตผ้าใยสังเคราะห์(สำหรับใช้ในงานก่อสร้าง),เชียงใหม่,5000000,รายชื่อสถานประกอบการ,บริษัท เกเบี้ยน โปรดักส์ แอนด์ ซัพพลาย จำกัด,0,ดอยหล่อ,2568,ดอยหล่อ
5635,ทำถุงพลาสติก,เชียงใหม่,2100000,รายชื่อสถานประกอบการ,ยิ้มเจริญพลาสติก,0,ป่าไผ่,2568,สันทราย
5636,ผลิตถุงพลาสติก,เชียงใหม่,15,รายชื่อสถานประกอบการ,ห้างหุ้นส่วนจำกัด บุญตาอุตสาหกรรมพลาสติก,4500000,ดอนแก้ว,2568,สารภี
5637,ผลิตผลิตภัณฑ์พลาสติก,เชียงใหม่,4000000,รายชื่อสถานประกอบการ,บริษัท รวมเเพคส์ พลาสติก จำกัด,0,สารภี,2568,สารภี
5638,ผลิตภาชนะบรรจุจากพลาสติก เช่น ขวดพลาสติกใส,เชียงใหม่,6000000,รายชื่อสถานประกอบการ,บริษัท วันทูวัน นอร์ท จำกัด,0,ชมภู,2568,สารภี
5639,ผลิตถังน้ำและถังบำบัดน้ำเสีย,เชียงใหม่,2000000,รายชื่อสถานประกอบการ,บริษัท เจริญมิตรเชียงใหม่ จำกัด,0,แช่ช้าง,2568,สันกำแพง
5640,ผลิตกระสอบสานพลาสติก,เชียงใหม่,4000000,รายชื่อสถานประกอบการ,ล้านนาโพลีแซค,0,แม่แฝก,2568,สันทราย
5641,ผลิตกระสอบสานพลาสติก,เชียงใหม่,4000000,รายชื่อสถานประกอบการ,บริษัท เดอ คอนสตรัคชั่น จำกัด,0,แม่แฝก,2568,สันทราย
5642,ทำพลาสติกเม็ดและทำถุงพลาสติก,เชียงใหม่,18,รายชื่อสถานประกอบการ,นิศารัตน์ พลาสติก,3700000,สันกำแพง,2568,สันกำแพง
5643,ผลิตภาชนะเครื่องใช้และผลิตภัณฑ์ที่เกี่ยวกับพลาสติกทุกชนิด,เชียงใหม่,1000000,รายชื่อสถานประกอบการ,บริษัท จิ้น ลี่ จำกัด,0,ขุนคง,2568,หางดง
5644,ทำพลาสติกเป็นเม็ด และเป็นชิ้น,เชียงใหม่,1000000,รายชื่อสถานประกอบการ,ห้างหุ้นส่วนจำกัด อโนทัยพลาสติก,0,ห้วยทราย,2568,แม่ริม
5645,การล้าง บด หรือย่อยพลาสติก,เชียงใหม่,4000000,รายชื่อสถานประกอบการ,พรพรรณพานิช,0,บวกค้าง,2568,สันกำแพง
5646,บีบ อัด บด ล้าง หรือ ย่อยพลาสติก,เชียงใหม่,1500000,รายชื่อสถานประกอบการ,บริษัท สแคร็พไทยรีไซเคิล(พลาสติก) จำกัด,0,ดอยหล่อ,2568,ดอยหล่อ
5647,"ล้าง,บด,ย่อย,พลาสติก",เชียงใหม่,16,รายชื่อสถานประกอบการ,Yong Shein Plastic Recycle Ordinary Partnership,2750000,ขี้เหล็ก,2568,แม่ริม
5648,ล้าง บด หรือย่อยพลาสติก และอัดพลาสติก,เชียงใหม่,24,รายชื่อสถานประกอบการ,โรงโม่พลาสติกสะอาด,2360000,ยุหว่า,2568,สันป่าตอง
5649,ล้าง บด หรือย่อยพลาสติก,เชียงใหม่,2000000,รายชื่อสถานประกอบการ,บริษัท ล้านนา เอ็น-โพลีเมอร์ จำกัด,0,บวกค้าง,2568,สันกำแพง
5650,ล้าง บด ย่อยพลาสติก,เชียงใหม่,3000000,รายชื่อสถานประกอบการ,บริษัท พงศ์พสิษฐ์ จำกัด,0,บ้านกลาง,2568,สันป่าตอง
5651,บดย่อยพลาสติก,เชียงใหม่,14,รายชื่อสถานประกอบการ,โรงโม่พลาสติกแม่วาง,4100000,ดอนเปา,2568,แม่วาง
5652,ผลิตลูกปัดแก้ว,เชียงใหม่,1182000,รายชื่อสถานประกอบการ,บริษัท อาร์ เอ็ม ซี เจมส์ ไทย จำกัด,0,ทรายมูล,2568,สันกำแพง
5653,เครื่องเคลือบดินเผา,เชียงใหม่,100000,รายชื่อสถานประกอบการ,เจียงดินเซรามิค,0,หนองป่าครั่ง,2568,เมืองเชียงใหม่
5654,ทำเครื่องเคลือบดินเผา,เชียงใหม่,200000,รายชื่อสถานประกอบการ,บริษัท สยามศิลาดล พอตเทอรี่ จำกัด,0,ต้นเปา,2568,สันกำแพง
5655,ทำเครื่องปั๊มดินเผา,เชียงใหม่,4500000,รายชื่อสถานประกอบการ,บริษัท สโตนสเคปส์ จำกัด,0,น้ำแพร่,2568,หางดง
5656,ทำเครื่องปั้นดินเผา,เชียงใหม่,1000000,รายชื่อสถานประกอบการ,ห้างหุ้นส่วนจำกัด เชียงใหม่เซลาดอน (2015),0,ป่าป้อง,2568,ดอยสะเก็ด
5657,ผลิตและจำหน่ายเครื่องปั้นดินเผาประเภทสุขภัณฑ์ในห้องน้ำ,เชียงใหม่,200000,รายชื่อสถานประกอบการ,บริษัท แกรนด์ เซรามิค จำกัด,0,สันกำแพง,2568,สันกำแพง
5658,ผลิตเครื่องเซรามิค,เชียงใหม่,763487,รายชื่อสถานประกอบการ,บริษัท เชียงใหม่ พอร์สเลน จำกัด,0,บ้านแหวน,2568,หางดง
5659,ผลิตเซรามิค เครื่องประดับ,เชียงใหม่,4100000,รายชื่อสถานประกอบการ,บริษัท ซี เอ็ม เซรามิค เชียงใหม่(ประเทศไทย) จำกัด,0,สันติสุข,2568,ดอยหล่อ
5660,ทำเครื่องปั้นดินเผา,เชียงใหม่,22,รายชื่อสถานประกอบการ,แม่ริมเซรามิคสตูดิโอ,6000000,ดอนแก้ว,2568,แม่ริม
5661,ทำเซรามิค,เชียงใหม่,50000,รายชื่อสถานประกอบการ,ห้างหุ้นส่วนจำกัด ณ. นวอินเตอร์เนชั่นแนล,0,ยางเนิ้ง,2568,สารภี
5662,"ผลิตเครื่องปั้นดินเผา ,เครื่องเคลือบ ,เซรามิก",เชียงใหม่,1000000,รายชื่อสถานประกอบการ,บริษัท กษมา พอทเทอรี่ จำกัด,0,สันนาเม็ง,2568,สันทราย
5663,ผลิตเครื่องปั้นดินเผาเคลือบศิลาดล,เชียงใหม่,9500000,รายชื่อสถานประกอบการ,เตาเม็งราย,0,ต้นเปา,2568,สันกำแพง
5664,ทำอิฐ ดินเผา,เชียงใหม่,300000,รายชื่อสถานประกอบการ,เบิ้มอิฐก่อ,0,บ้านแม,2568,สันป่าตอง
5665,ผลิตอิฐดินเผา,เชียงใหม่,3000000,รายชื่อสถานประกอบการ,บริษัท ปัทมเพชร จำกัด,0,ข่วงเปา,2568,จอมทอง
5666,อิฐดินเผา,เชียงใหม่,10,รายชื่อสถานประกอบการ,อิฐคำปัน,2100000,แม่สาว,2568,แม่อาย
5667,ทำอิฐดินเผา,เชียงใหม่,500000,รายชื่อสถานประกอบการ,อิฐคำปัน,0,แม่สาว,2568,แม่อาย
5668,ทำอิฐ,เชียงใหม่,0,รายชื่อสถานประกอบการ,อิฐชัยวัฒนา,0,หนองควาย,2568,หางดง
5669,ผลิตและจำหน่ายอิฐมอญ,เชียงใหม่,100000,รายชื่อสถานประกอบการ,อิฐสุขใจ,0,แม่สาว,2568,แม่อาย
5670,ผลิตและจำหน่วยอิฐมอญ,เชียงใหม่,26,รายชื่อสถานประกอบการ,นายจันทร์ทิพย์ โกช่วย,3144000,แม่สาว,2568,แม่อาย
5671,ทำผลิตภัณฑ์จากการผสมปูนปลาสเตอร์ เช่น ฟันปลอม,เชียงใหม่,166,รายชื่อสถานประกอบการ,บริษัท เอ็กซา ซีแลม จำกัด,8800000,สันพระเนตร,2568,สันทราย
5672,ทำผลิตภัณฑ์คอนกรีต เช่น เสาเข็ม แผ่นพื้น เสารั้วคอนกรีตอัดแรง,เชียงใหม่,500000,รายชื่อสถานประกอบการ,บริษัท ดอยสะเก็ดคอนกรีต จำกัด,0,ลวงเหนือ,2568,ดอยสะเก็ด
5673,ทำคอนกรีตผสมเสร็จ,เชียงใหม่,5000000,รายชื่อสถานประกอบการ,บริษัท คิวมิกซ์ซัพพลาย จำกัด,0,ชมภู,2568,สารภี
5674,ทำผลิตภัณฑ์คอนกรีต คอนกรีตผสมเสร็จ,เชียงใหม่,500000,รายชื่อสถานประกอบการ,บริษัท เอส เอ็น คอนกรีต จำกัด,0,เวียง,2568,ฝาง
5675,ทำผลิตภัณฑ์คอนกรีต เช่น ท่อระบายน้ำ เสา,เชียงใหม่,500000,รายชื่อสถานประกอบการ,ห้างหุ้นส่วนจำกัด เชียงใหม่ ส.วิศวการ คอนกรีต,0,ช้างเผือก,2568,เมืองเชียงใหม่
5676,ผลิตคอนกรีตผสมเสร็จ,เชียงใหม่,1000000,รายชื่อสถานประกอบการ,โรงงานคอนกรีตผสมเสร็จ ฮอด,0,หางดง,2568,ฮอด
5677,ผลิตและจำหน่ายท่อคอนกรีตอัดแรง และผลิตภัฒฑ์จากคอนกรีต,เชียงใหม่,1500000,รายชื่อสถานประกอบการ,บริษัท พี.คอนกรีตโปรดักส์ จำกัด,0,บวกค้าง,2568,สันกำแพง
5678,ผลิตคอนกรีตผสมเสร็จ,เชียงใหม่,4000000,รายชื่อสถานประกอบการ,บริษัท นครหลวงคอนกรีต จำกัด,0,ท่าวังตาล,2568,สารภี
5679,ผลิตคอนกรีตผสมเสร็จ,เชียงใหม่,2000000,รายชื่อสถานประกอบการ,ห้างหุ้นส่วนจำกัด ชัยพล ค้าวัสดุก่อสร้าง,0,แม่แฝก,2568,สันทราย
5680,ผลิตคอนกรีตผสมเสร็จ,เชียงใหม่,7,รายชื่อสถานประกอบการ,หน่วยผลิตคอนกรีต เชียงใหม่,15000000,เชิงดอย,2568,ดอยสะเก็ด
5681,ผลิตคอนกรีตผสมเสร็จ,เชียงใหม่,2000000,รายชื่อสถานประกอบการ,บริษัท นครพลวงคอนกรีต จำกัด,0,สันปูเลย,2568,ดอยสะเก็ด
5682,ผลิตคอนกรีตผสมเสร็จ,เชียงใหม่,500000,รายชื่อสถานประกอบการ,ห้างหุ้นส่วนจำกัด บี แอนด์ ที คอนกรีตผสมเสร็จ,0,สันกำแพง,2568,สันกำแพง
5683,ผลิตคอนกรีตผสมเสร็จ,เชียงใหม่,10000000,รายชื่อสถานประกอบการ,ห้างหุ้นส่วนจำกัด พี.ดีบบลิว.เอส คอนกรีต,0,หนองจ๊อม,2568,สันทราย
5684,ทำท่อซีเมนต์ และผลิตภัณฑ์คอนกรีต,เชียงใหม่,10000000,รายชื่อสถานประกอบการ,ดีวาลัย คอนสตรัคชั่น,0,แช่ช้าง,2568,สันกำแพง
5685,ทำผลิตภัณฑ์คอนกรีต และทำอิฐดินเผา,เชียงใหม่,25,รายชื่อสถานประกอบการ,อิฐวังตาล,6500000,ยุหว่า,2568,สันป่าตอง
5686,ผลิตและจำหน่ายผลิตภัณฑ์คอนกรีตผสมเสร็จทุกชนิด,เชียงใหม่,5000000,รายชื่อสถานประกอบการ,บริษัท พี พี เอส คอนกรีต จำกัด สาขาดอยสะเก็ด,0,เชิงดอย,2568,ดอยสะเก็ด
5687,ผลิตผลิตภัณฑ์จากคอนกรีต เช่น ท่อคอนกรีต,เชียงใหม่,500000,รายชื่อสถานประกอบการ,ท่ออัดแรง เอสดับบลิว (สมหวัง),0,สันกำแพง,2568,สันกำแพง
5688,ผลิตคอนกรีตผสมเสร็จ,เชียงใหม่,9,รายชื่อสถานประกอบการ,บริษัท คิวมิกซ์ซัพพลาย จำกัด,4040000,เหมืองแก้ว,2568,แม่ริม
5689,ทำผลิตภัณฑ์คอนกรีตผสมเสร็จ เช่น แผ่นพื้นสำเร็จ,เชียงใหม่,200000,รายชื่อสถานประกอบการ,บริษัท บูรพาคอนกรีต แอนด์คอนสตรัคชั่น จำกัด,0,เชิงดอย,2568,ดอยสะเก็ด
5690,ผลิตภัณฑ์คอนกรีตผสมเสร็จ,เชียงใหม่,4,รายชื่อสถานประกอบการ,บริษัท พี-มิกซ์ โปรดักส์ จำกัด,12000000,ท่าวังตาล,2568,สารภี
5691,ผลิตภัณฑ์คอนกรีต เช่น เสาเข็ม แผ่นพื้น เสารั้วคอนกรีตอัดแรง ฯลฯ และคอนกรีตผสมเสร็จ,เชียงใหม่,1000000,รายชื่อสถานประกอบการ,ห้างหุ้นส่วนจำกัด ประภาสถามดี การช่าง (ผลิตภัณฑ์คอนกรีต),0,ขี้เหล็ก,2568,แม่ริม
5692,ผลิตภัณฑ์คอนกรีตผสมเสร็จ,เชียงใหม่,1000000,รายชื่อสถานประกอบการ,บริษัท พี-มิกซ์ โปรดักส์ จำกัด,0,เหมืองแก้ว,2568,แม่ริม
5693,ผลิตและจำหน่ายคอนกรีตผสมเสร็จ,เชียงใหม่,1000000,รายชื่อสถานประกอบการ,บริษัท ฒิลา กรุ๊ป 1982 จำกัด,0,หนองหาร,2568,สันทราย
5694,ผลิตคอนกรีตผสมเสร็จ,เชียงใหม่,1000000,รายชื่อสถานประกอบการ,ห้างหุ้นส่วนจำกัด ประสิทธิ์คอนสตรัคชั่นแอนด์ดีไซน์,0,แม่นาวาง,2568,แม่อาย
5695,ผลิตคอนกรีตผสมเสร็จ,เชียงใหม่,10,รายชื่อสถานประกอบการ,789 คอนกรีต,11000000,บวกค้าง,2568,สันกำแพง
5696,ผลิตคอนกรีตผสมเสร็จ,เชียงใหม่,1000000,รายชื่อสถานประกอบการ,บริษัท ภาคเหนือวัสดุ จำกัด,0,บ้านแอ่น,2568,ดอยเต่า
5697,ผลิตคอนกรีตผสมเสร็จและผลิตภัณฑ์คอนกรีต,เชียงใหม่,11,รายชื่อสถานประกอบการ,ห้างหุ้นส่วนจำกัด ที เอ็น ดับเบิ้ลยู เชียงดาวก่อสร้าง,6000000,เชียงดาว,2568,เชียงดาว
5698,ผลิตคอนกรีตผสมเสร็จ,เชียงใหม่,4,รายชื่อสถานประกอบการ,โรงงานคอนกรีตผสมเสร็จ เชียงใหม่-ดอยสะเก็ด,10500000,เชิงดอย,2568,ดอยสะเก็ด
5699,ผลิตคอนกรีตผสมเสร็จ,เชียงใหม่,600000,รายชื่อสถานประกอบการ,โรงงานคอนกรีตผสมเสร็จ เชียงใหม่-สันผีเสื้อ,0,สันผีเสื้อ,2568,เมืองเชียงใหม่
5700,ผลิตคอนกรีตผสมเสร็จ,เชียงใหม่,1000000,รายชื่อสถานประกอบการ,789 คอนกรีต,0,เหมืองแก้ว,2568,แม่ริม
5701,ผลิตภัณฑ์คอนกรีตผสมเสร็จ,เชียงใหม่,1000000,รายชื่อสถานประกอบการ,บริษัท พี-มิกซ์ โปรดักส์ จำกัด,0,บ้านกาด,2568,แม่วาง
5702,ผลิตคอนกรีตผสมเสร็จ,เชียงใหม่,10600000,รายชื่อสถานประกอบการ,โรงงานคอนกรีตผสมเสร็จ เชียงใหม่-ดอยหล่อ,0,สองแคว,2568,ดอยหล่อ
5703,ผลิตคอนกรีตผสมเสร็จ,เชียงใหม่,0,รายชื่อสถานประกอบการ,บริษัท เสรี ภู่พิสิฐ จำกัด,0,ข่วงเปา,2568,จอมทอง
5704,ผลิตคอนกรีตผสมเสร็จ,เชียงใหม่,18,รายชื่อสถานประกอบการ,บริษัท ยู เอส พรีคาสท์ คอนกรีต จำกัด,25000000,แม่แฝกใหม่,2568,สันทราย
5705,ผลิตภัณฑ์คอนกรีตผสมเสร็จ,เชียงใหม่,4,รายชื่อสถานประกอบการ,บริษัท พี-มิกซ์ โปรดักส์ จำกัด,12000000,บ้านแอ่น,2568,ดอยเต่า
5706,ทำผลิตภัณฑ์คอนกรีต,เชียงใหม่,10,รายชื่อสถานประกอบการ,ทุ่งข้าวพวงวัสดุก่อสร้าง,2100000,ทุ่งข้าวพวง,2568,เชียงดาว
5707,ผลิตคอนกรีตผสมเสร็จ,เชียงใหม่,5000000,รายชื่อสถานประกอบการ,บริษัท พี พี เอส คอนกรีต จำกัด (สาขาฮอด),0,บ้านแปะ,2568,จอมทอง
5708,ผลิตภัณฑ์คอนกรีตผสมเสร็จ ผลิตแผ่นพื้นสำเร็จท้องเรียบ คสล. และเสาเข็มอัดแรง คสล.ซีเแพค,เชียงใหม่,2000000,รายชื่อสถานประกอบการ,ห้างหุ้นส่วนจำกัด เรืองชัยคอนกรีต,0,เวียง,2568,ฝาง
5709,ทำคอนกรีตผสมเสร็จ และผลิตภัณฑ์คอนกรีต เช่น เสา แผ่นพื้น ท่อ และอิฐบล๊อก,เชียงใหม่,500000,รายชื่อสถานประกอบการ,บริษัท พี.พี.เอส คอนกรีต จำกัด,0,ข่วงเปา,2568,จอมทอง
5710,ผลิตคอนกรีตผสมเสร็จ,เชียงใหม่,600000,รายชื่อสถานประกอบการ,โรงงานคอนกรีตผสมเสร็จ เชียงใหม่-สารภี,0,สารภี,2568,สารภี
5711,ผลิตคอนกรีตผสมเสร็จ,เชียงใหม่,10000000,รายชื่อสถานประกอบการ,บริษัท คิวมิกซ์ซัพพลาย จำกัด,0,หางดง,2568,หางดง
5712,ผลิตคอนกรีตผสมเสร็จ,เชียงใหม่,10000000,รายชื่อสถานประกอบการ,อนุกุลคอนกรีต,0,ป่าแดด,2568,เมืองเชียงใหม่
5713,ผลิตคอนกรีตผสมเสร็จ,เชียงใหม่,600000,รายชื่อสถานประกอบการ,โรงงานคอนกรีตผสมเสร็จ แม่ริม,0,ขี้เหล็ก,2568,แม่แตง
5714,ผลิตภัณฑ์คอนกรีตผสมเสร็จ,เชียงใหม่,1000000,รายชื่อสถานประกอบการ,บริษัท พี-มิกซ์ โปรดักส์ จำกัด,0,สบเตี๊ยะ,2568,จอมทอง
5715,ผลิตคอนกรีตผสมเสร็จ,เชียงใหม่,4,รายชื่อสถานประกอบการ,บริษัท พี-มิกซ์ โปรดักส์ จำกัด,12000000,สันผีเสื้อ,2568,เมืองเชียงใหม่
5716,ผลิตคอนกรีตผสมเสร็จ,เชียงใหม่,10,รายชื่อสถานประกอบการ,บริษัท เชียงใหม่ 49 คอนสตรัคชั่น จำกัด,10601000,มะขุนหวาน,2568,สันป่าตอง
5717,ผลิตคอนกรีตผสมเสร็จ,เชียงใหม่,3,รายชื่อสถานประกอบการ,โรงงานคอนกรีตผสมเสร็จ เชียงใหม่-สันกำแพง,3000000,แช่ช้าง,2568,สันกำแพง
5718,ผลิตคอนกรีตผสมเสร็จ,เชียงใหม่,6000000,รายชื่อสถานประกอบการ,บริษัท ไจก้าคอนกรีต จำกัด,0,เชียงดาว,2568,เชียงดาว
5719,ผลิตคอนกรีตผสมเสร็จ และผลิตภัณฑ์คอนกรีต,เชียงใหม่,10,รายชื่อสถานประกอบการ,บริษัท อุดมธนา จำกัด,25000000,สันทราย,2568,ฝาง
5720,ผลิตภัณฑ์คอนกรีตผสมเสร็จ,เชียงใหม่,1000000,รายชื่อสถานประกอบการ,ห้างหุ้นส่วนจำกัด เรืองชัยคอนกรีต,0,สันทราย,2568,ฝาง
5721,ผลิตภัณฑ์คอนกรีตผสมเสร็จ,เชียงใหม่,2000000,รายชื่อสถานประกอบการ,คอนกรีต881,0,ท่าวังพร้าว,2568,สันป่าตอง
5722,ผลิตคอนกรีตผสมเสร็จ,เชียงใหม่,600000,รายชื่อสถานประกอบการ,โรงงานคอนกรีตผสมเสร็จ เชียงใหม่-สันปูเลย,0,สันปูเลย,2568,ดอยสะเก็ด
5723,ผลิตคอนกรีตผสมเสร็จ,เชียงใหม่,1000000,รายชื่อสถานประกอบการ,บริษัท อีเกิ้ล อิมพอร์ต แอนด์ เอ็กซ์พอร์ต อินเตอร์เนชั่นแนล จำกัด,0,บ้านแอ่น,2568,ดอยเต่า
5724,ผลิตคอนกรีตผสมเสร็จ,เชียงใหม่,12,รายชื่อสถานประกอบการ,บริษัท พี พี เอส คอนกรีต จำกัด,39000000,เหมืองแก้ว,2568,แม่ริม
5725,ผลิตคอนกรีตผสมเสร็จ,เชียงใหม่,10,รายชื่อสถานประกอบการ,บริษัท พี พี เอส คอนกรีต จำกัด,34000000,แช่ช้าง,2568,สันกำแพง
5726,ผลิตคอนกรีตผสมเสร็จ,เชียงใหม่,7,รายชื่อสถานประกอบการ,บริษัท พี พี เอส คอนกรีต จำกัด,73000000,แม่แฝก,2568,สันทราย
5727,ผลิตและจำหน่ายผลิตภัณฑ์คอนกรีตผสมเสร็จทุกชนิด,เชียงใหม่,7,รายชื่อสถานประกอบการ,บริษัท พี พี เอส คอนกรีต จำกัด,19000000,ท่าวังตาล,2568,สารภี
5728,เกี่ยวกับการผลิตและจำหน่ายอิฐมวลเบา,เชียงใหม่,5000000,รายชื่อสถานประกอบการ,โรงงานผลิตอิฐมวลเบา SLP,0,เมืองเล็น,2568,สันทราย
5729,ผลิต จำหน่าย คอนกรีตผสมเสร็จ,เชียงใหม่,0,รายชื่อสถานประกอบการ,บริษัท พี.ที.คอนกรีต เชียงใหม่ จำกัด,0,แม่สูน,2568,ฝาง
5730,ผลิตคอนกรีตผสมเสร็จ กำลังการผลิต 80 ลูกบาศก์เมตรต่อชั่วโมง ,เชียงใหม่,4,รายชื่อสถานประกอบการ,โรงงานคอนกรีตผสมเสร็จ สันทราย,5000000,หนองหาร,2568,สันทราย
5731,ทำผลิตภัณฑ์คอนกรีต,เชียงใหม่,3000000,รายชื่อสถานประกอบการ,ห้างหุ้นส่วนจำกัด ท่อคอนกรีต เอ กรุ๊ป,0,สันกลาง,2568,สันป่าตอง
5732,ผลิตและจำหน่ายคอนกรีตผสมเสร็จ,เชียงใหม่,8,รายชื่อสถานประกอบการ,ห้างหุ้นส่วนจำกัด พี.ดับบลิว.เอส.คอนกรีต,56500000,แม่แฝก,2568,สันทราย
5733,ผลิตคอนกรีตผสมเสร็จ,เชียงใหม่,20000000,รายชื่อสถานประกอบการ,โรงงานคอนกรีตผสมเสร็จ สันทราย,0,หนองหาร,2568,สันทราย
5734,ผลิตคอนกรีตผสมเสร็จ,เชียงใหม่,600000,รายชื่อสถานประกอบการ,โรงงานคอนกรีตผสมเสร็จ เชียงใหม่-แม่โจ้,0,หนองจ๊อม,2568,สันทราย
5735,ผลิตคอนกรีตผสมเสร็จ,เชียงใหม่,2000000,รายชื่อสถานประกอบการ,ห้างหุ้นส่วนจำกัด ทวิภัณฑ์ฮอดคอนกรีต,0,ข่วงเปา,2568,จอมทอง
5736,ผลิตคอนกรีตผสมเสร็จ,เชียงใหม่,0,รายชื่อสถานประกอบการ,บริษัท นครหลวงคอนกรีต จำกัด,0,หนองหาร,2568,สันทราย
5737,คอนกรีตผสมเสร็จ,เชียงใหม่,3,รายชื่อสถานประกอบการ,บริษัท เอ็นเอสคอนกรีต จำกัด,16900000,สันพระเนตร,2568,สันทราย
5738,ผลิตคอนกรีตผสมเสร็จและผลิตภัณฑ์จากคอนกรีต,เชียงใหม่,5000000,รายชื่อสถานประกอบการ,บริษัท จงธนา อินเตอร์เนชั่นแนล จำกัด,0,แม่ข่า,2568,ฝาง
5739,ผลิตและจำหน่ายคอนกรีตผสมเสร็จ,เชียงใหม่,1000000,รายชื่อสถานประกอบการ,บริษัท ฒิลา ค้าวัสดุก่อสร้าง จำกัด,0,แม่นะ,2568,เชียงดาว
5740,ผลิตภัณฑ์คอนกรีตผสมเสร็จ,เชียงใหม่,1000000,รายชื่อสถานประกอบการ,พีมิกซ์,0,แช่ช้าง,2568,สันกำแพง
5741,ผลิตคอนกรีตผสมเสร็จ,เชียงใหม่,1,รายชื่อสถานประกอบการ,ห้างหุ้นส่วนจำกัด บุญพลกิจ คอนกรีต,6400000,ป่าตุ้ม,2568,พร้าว
5742,ผลิตบล็อกคอนกรีตสำเร็จรูป,เชียงใหม่,1000000,รายชื่อสถานประกอบการ,บริษัท เกเบี้ยน โปรดักส์ แอนด์ ซัพพลาย จำกัด,0,ดอยหล่อ,2568,ดอยหล่อ
5743,คอนกรีตผสมเสร็จ,เชียงใหม่,1000000,รายชื่อสถานประกอบการ,ห้างหุ้นส่วนจำกัด พี.ดับบลิว.เอส.คอนกรีต,0,น้ำแพร่,2568,หางดง
5744,ผลิตคอนกรีตผสมเสร็จ ทำผลิตภัณฑ์คอนกรีต และคอนกรีตอัดแรง,เชียงใหม่,1000000,รายชื่อสถานประกอบการ,กมลคอนกรีต,0,มะลิกา,2568,แม่อาย
5745,ทำผลิตภัณฑ์คอนกรีต เช่น เสา ท่อ คอนกรีตบล๊อก,เชียงใหม่,10,รายชื่อสถานประกอบการ,ห้างหุ้นส่วนจำกัด ส.สายปายค้าวัสดุและปิโตรเลียม,490000,สบเปิง,2568,แม่แตง
5746,ผลิตคอนกรีตผสมเสร็จ,เชียงใหม่,1000000,รายชื่อสถานประกอบการ,ห้างหุ้นส่วนจำกัด เอ็ม.อาร์.ซี.แม่ริมคอนกรีต,0,สันโป่ง,2568,แม่ริม
5747,ผลิตและจำหน่ายผลิตภัณฑ์คอนกรีตผสมเสร็จทุกชนิด,เชียงใหม่,6,รายชื่อสถานประกอบการ,บริษัท พี พี เอส คอนกรีต จำกัด,11700000,ท่าวังพร้าว,2568,สันป่าตอง
5748,"ผลิตภัณฑ์คอนกรีต เช่น เสา,ท่อ,อิฐบล็อก และผลิตภัณฑ์คอนกรีตผสมเสร็จ",เชียงใหม่,2000000,รายชื่อสถานประกอบการ,บริษัท สิงโตทอง คอนกรีต จำกัด,0,สะเมิงใต้,2568,สะเมิง
5749,ผลิตภัณฑ์คอนกรีต เช่น อิฐบล๊อค เสา และอื่นๆ,เชียงใหม่,0,รายชื่อสถานประกอบการ,ห้างหุ้นส่วนจำกัด บุญพลกิจ คอนกรีต,0,ป่าตุ้ม,2568,พร้าว
5750,ผลิตภัณฑ์คอนกรีตผสมเสร็จ,เชียงใหม่,1000000,รายชื่อสถานประกอบการ,ห้างหุ้นส่วนจำกัด เรืองชัยคอนกรีต,0,ศรีดงเย็น,2568,ไชยปราการ
5751,ผลิตคอนกรีตผสมเสร็จ,เชียงใหม่,22000000,รายชื่อสถานประกอบการ,บริษัท นครหลวงคอนกรีต จำกัด,0,ยางเนิ้ง,2568,สารภี
5752,ผลิตคอนกรีตผสมเสร็จ,เชียงใหม่,5000000,รายชื่อสถานประกอบการ,บริษัท เอส ซี พี คอนกรีต จำกัด,0,ท่าวังตาล,2568,สารภี
5753,ผลิตภัณฑ์คอนกรีตผสมเสร็จ,เชียงใหม่,1000000,รายชื่อสถานประกอบการ,บริษัท พี-มิกซ์ โปรดักส์ จำกัด,0,เชิงดอย,2568,ดอยสะเก็ด
5754,ผลิตคอนกรีตผสมเสร็จ,เชียงใหม่,1000000,รายชื่อสถานประกอบการ,บริษัท ภาคเหนือวัสดุ จำกัด,0,ดอยหล่อ,2568,ดอยหล่อ
5755,ผลิตภัณฑ์คอนกรีตผสมเสร็จ,เชียงใหม่,4,รายชื่อสถานประกอบการ,บริษัท พี-มิกซ์ โปรดักส์ จำกัด,12000000,ดอยหล่อ,2568,ดอยหล่อ
5756,ผลิตคอนกรีตผสมเสร็จ,เชียงใหม่,10000000,รายชื่อสถานประกอบการ,บริษัท ทีแอนด์ซี คอนกรีต จำกัด,0,ออนกลาง,2568,แม่ออน
5757,ผลิตภัณฑ์คอนกรีตผสมเสร็จ,เชียงใหม่,1000000,รายชื่อสถานประกอบการ,พี มิกซ์,0,แม่แฝก,2568,สันทราย
5758,หล่อพระพุทธรูป,เชียงใหม่,500000,รายชื่อสถานประกอบการ,ห้างหุ้นส่วนจำกัด โรงหล่อ กุลวัฒนา,0,แม่ปูคา,2568,สันกำแพง
5759,ผลิตเตาเผาขยะ เครื่องคัดขยะ,เชียงใหม่,3000000,รายชื่อสถานประกอบการ,บริษัท พลอยไพลิน กรีน เวิลด์ จำกัด,0,บ้านกลาง,2568,สันป่าตอง
5760,ทำเครื่องเรือนจากโลหะ ท่อระบบเครื่องปรับอากาศและรางน้ำ,เชียงใหม่,27,รายชื่อสถานประกอบการ,ช้างเผือกกิจการช่าง(วัสดุ),10647000,แม่เหียะ,2568,เมืองเชียงใหม่
5761,ทำโครงหลังคา วงกบประตูหน้าต่างเหล็ก,เชียงใหม่,500000,รายชื่อสถานประกอบการ,บริษัท สตีล เกรด จำกัด,0,สันพระเนตร,2568,สันทราย
5762,ประกอบถังน้ำสแตนเลส,เชียงใหม่,2000000,รายชื่อสถานประกอบการ,บริษัท ภัทรอุดร จำกัด,0,หางดง,2568,หางดง
5763,ผลิตลวดตาข่ายดัก เกเบียน และ แมทเทรส,เชียงใหม่,62,รายชื่อสถานประกอบการ,บริษัท เกเบี้ยน โปรดักส์ (ไทยแลนด์) จำกัด,20000000,ท่าวังตาล,2568,สารภี
5764,ผลิตและจำหน่ายกล่องเกเบี้ยน แมทเทรส,เชียงใหม่,30,รายชื่อสถานประกอบการ,บริษัท เกเบี้ยน โปรดักส์ แอนด์ ซัพพลาย จำกัด,9000000,ดอยหล่อ,2568,ดอยหล่อ
5765,ทำถัง เชื่อม ม้วน และตัดโลหะ,เชียงใหม่,5,รายชื่อสถานประกอบการ,อู่ช่างน้อย,5800000,ท่าวังตาล,2568,สารภี
5766,ผลิตชิ้นส่วน ประตู-หน้าต่างโลหะสำหรับอาคาร,เชียงใหม่,1000000,รายชื่อสถานประกอบการ,บริษัท เชียงใหม่ประตูม้วน จำกัด,0,สารภี,2568,สารภี
5767,"ทำหลังคาเหล็ก, ประตู",เชียงใหม่,9000000,รายชื่อสถานประกอบการ,บี.เค.เม็ททอล ชีท (เชียงใหม่),0,สารภี,2568,สารภี
5768,"ผลิตลวดตาข่ายเหล็กไร้สนิมผสมโครเมียม และบานประตู-หน้าต่าง ลวดตาข่ายเหล็กไร้สนิมชุบโครเมียม,แผ่นโลหะเจาะรู และบานประตู-หน้าต่างแผ่นโลหะเจาะรู (แผ่นอลูมิเนียม,แผ่นเหล็ก,แผ่นเหล็กชุบเคลือบสังกะสี,แผ่นสแตนเลส)",เชียงใหม่,23800000,รายชื่อสถานประกอบการ,บริษัท แมชเทค อินเตอร์เนชั่นแนล จำกัด,0,สารภี,2568,สารภี
5769,ทำประตู - หน้าต่างเหล็ก โครงหลังคา และรางน้ำฝน,เชียงใหม่,8,รายชื่อสถานประกอบการ,ประดิษฐ์การช่าง,450000,หนองป่าครั่ง,2568,เมืองเชียงใหม่
5770,ผลิตแผ่นเหล็กรีดรอน,เชียงใหม่,5000000,รายชื่อสถานประกอบการ,บริษัท มั่นคง เมทอล จำกัด,0,เหมืองแก้ว,2568,แม่ริม
5771,ทำผลิตภัณฑ์เกี่ยวกับโลหะและอุปกรณ์ทางการแพทย์,เชียงใหม่,11,รายชื่อสถานประกอบการ,ห้างหุ้นส่วนจำกัด จิระเมธวิศวกรรม,1200000,สันมหาพน,2568,แม่แตง
5772,อัดเศษโลหะ,เชียงใหม่,1000000,รายชื่อสถานประกอบการ,บริษัท บ่อสร้างโลหะกิจ,0,ต้นเปา,2568,สันกำแพง
5773,"การตัด,พับ,ม้วน หรือเชื่อมโลหะ",เชียงใหม่,300000,รายชื่อสถานประกอบการ,บริษัท พี.ดี.เอส.เชียงใหม่วิศวกรรม จำกัด,0,สารภี,2568,สารภี
5774,"ตัด, ม้วน, เชื่อมโลหะ",เชียงใหม่,9,รายชื่อสถานประกอบการ,จิตรการช่าง,550000,ยุหว่า,2568,สันป่าตอง
5775,ตัด พับ เชื่อมโลหะ,เชียงใหม่,6,รายชื่อสถานประกอบการ,อุดมการช่าง,4300000,ท่าวังพร้าว,2568,สันป่าตอง
5776,ตัด พับ ม้วนโลหะ กลึง เจาะ คว้าน กัด ไส เจียน หรือเชื่อมโลหะทั่วไป,เชียงใหม่,30,รายชื่อสถานประกอบการ,บริษัท จอมทองอุตสาหกรรม จำกัด สาขา 00001,6000000,ข่วงเปา,2568,จอมทอง
5777,ตัด พับ ม้วนโลหะ กลึง เจาะ คว้าน กัด ไส เจียน หรือเชื่อมโลหะทั่วไป,เชียงใหม่,25,รายชื่อสถานประกอบการ,บริษัท จอมทองอุตสาหกรรม จำกัด,5000000,ข่วงเปา,2568,จอมทอง
5778,ประกอบกิจการเกี่ยวกับผลิตภัณฑ์โลหะ มุ้งลวด เหล็กดัด ประตู หน้าต่าง และตัดเย็บผ้าม่าน,เชียงใหม่,28,รายชื่อสถานประกอบการ,เก้าอลูมิเนียม,7150000,แม่คือ,2568,ดอยสะเก็ด
5779,การตัด พับ ม้วน กลึง เจาะ คว้าน กัด ไส โลหะและทำชิ้นส่วนหรืออุปกรณ์ของผลิตภัณฑ์โลหะ,เชียงใหม่,10,รายชื่อสถานประกอบการ,ห้างหุ้นส่วนจำกัด ประภาสถามดี การช่าง,26000000,ขี้เหล็ก,2568,แม่ริม
5780,กลึงโลหะ ซ่อมเครื่องจักรกล,เชียงใหม่,8,รายชื่อสถานประกอบการ,ห้างหุ้นส่วนจำกัด เชียงใหม่ภู่่เจริญไพศาล,1900000,มะลิกา,2568,แม่อาย
5781,"กลึง,เจาะ,คว้าน,กัด,ไส,เชื่อมโลหะทั่วไปและซ่อมอุปกรณ์ชิ้นส่วนเครื่องยนต์",เชียงใหม่,800000,รายชื่อสถานประกอบการ,บริษัท นครพิงค์ แมชชีน ช๊อพ จำกัด,0,หนองป่าครั่ง,2568,เมืองเชียงใหม่
5782,กลึง เชื่อม เจาะโลหะ,เชียงใหม่,1000000,รายชื่อสถานประกอบการ,บริษัท เสรี จอมทอง จำกัด,0,ข่วงเปา,2568,จอมทอง
5783,"กลึง,เจาะ,คว้าน,ไส หรือเชื่อมโลหะ",เชียงใหม่,2000000,รายชื่อสถานประกอบการ,นายสมภพ รัตนพันธ์,0,สันทราย,2568,ฝาง
5784,กลึง เจาะ กว้าน ไส เชื่อมโลหะ ผลิตหรือซ่อมแซมส่วนประกอบหรือ อุปกรณ์ของเครื่องยนต์,เชียงใหม่,18,รายชื่อสถานประกอบการ,บริษัท นครพิงค์ แมชชีน ช๊อพ จำกัด,6000000,หนองป่าครั่ง,2568,เมืองเชียงใหม่
5785,ทำเครื่องกรองน้ำ ประกอบถังน้ำ ซ่อมเครื่องสูบน้ำ ร่อนและผสมทรายกรองน้ำ,เชียงใหม่,25,รายชื่อสถานประกอบการ,ห้างหุ้นส่วนจำกัด ลานาลิติค วอเตอร์เวอร์ค,2710000,หนองหาร,2568,สันทราย
5786,ผลิตหรือซ่อมแซมชิ้นส่วนเครื่องยนต์ กลึง เจาะ คว้าน ไส เชื่อมโลหะ,เชียงใหม่,1000000,รายชื่อสถานประกอบการ,บริษัท นครพิงค์ แมชชีน ช๊อพ จำกัด,0,หนองป่าครั่ง,2568,เมืองเชียงใหม่
5787,ซ่อมรถแทรกเตอร์,เชียงใหม่,400000,รายชื่อสถานประกอบการ,ห้างหุ้นส่วนจำกัด เชียงใหม่มหกิจ,0,ท่าวังตาล,2568,สารภี
5788,"ประกอบเครื่องทำน้ำเย็น, ตู้เย็น, ตู้แช่",เชียงใหม่,2000000,รายชื่อสถานประกอบการ,บริษัท แปดริ้วเครื่องเย็นเชียงใหม่ (1994) จำกัด,0,ท่าศาลา,2568,เมืองเชียงใหม่
5789,"กลึง, เชื่อมโลหะ, ทำพัดลม, และเครื่องระบายอากาศ",เชียงใหม่,100000,รายชื่อสถานประกอบการ,ศูนย์พัดลม โลหะกิจ,0,แม่เหียะ,2568,เมืองเชียงใหม่
5790,ผลิต และประกอบแผงวงจรอิเล็กทรอนิกส์,เชียงใหม่,10000000,รายชื่อสถานประกอบการ,บริษัท อีซียู ช็อป 1 จำกัด,0,แม่คือ,2568,ดอยสะเก็ด
5791,ผลิตแผงวงจรอิเล็กทรอนิกส์,เชียงใหม่,237,รายชื่อสถานประกอบการ,บริษัท บลูชิพส์ไมโครเฮ้าส์ จำกัด,3815000,แช่ช้าง,2568,สันกำแพง
5792,ผลิตชิ้นส่วนและแผงวงจรอิเล็คโทรนิคส์,เชียงใหม่,100000000,รายชื่อสถานประกอบการ,บริษัท บลูชิพส์ไมโครเฮ้าส์ จำกัด,0,แช่ช้าง,2568,สันกำแพง
5793,ผลิตอุปกรณ์อิเล็กทรอนิกส์สำหรับควบคุมแสงสว่าง,เชียงใหม่,4000000,รายชื่อสถานประกอบการ,บริษัท ฟิวทรอนิคส์ (ประเทศไทย) จำกัด,0,ต้นเปา,2568,สันกำแพง
5794,"ผลิตสายไฟฟ้าเชื่อมต่อวงจร,ผลิตส่วนประกอบเครื่องปรับอากาศ,กลึง เจาะคว้าน ตัด ไส เจรียร หรือเชื่อมโลหะ",เชียงใหม่,23,รายชื่อสถานประกอบการ,บริษัท ไทย ทาคาโนมิซิ จำกัด,14000000,ชมภู,2568,สารภี
5795,"ผลิตอุปกรณ์ไฟฟ้า,สวิตซ์ไฟฟ้า,อุปกรณ์ที่ใช้กับสายไฟ,แผงวงจรประกอบทางไฟฟ้า",เชียงใหม่,171,รายชื่อสถานประกอบการ,บริษัท แอดวานซ์ไอดี เอเชีย เอ็นจิเนียร์ริ่ง จำกัด,34600000,แม่คือ,2568,ดอยสะเก็ด
5796,โรงงานประกอบกิจการเกี่ยวกับรถยนต์ รถพ่วง ทำชิ้นส่วนพิเศษ ซ่อมแซมยานที่ขับเคลื่อนด้วยเครื่องยนต์,เชียงใหม่,8,รายชื่อสถานประกอบการ,ห้างหุ้นส่วนจำกัด พี.ดับบลิว.เอส.คอนสตรัคชั่น,8900000,น้ำแพร่,2568,หางดง
5797,ผลิตอาหารเสริมสุขภาพสำหรับคนและสัตว์,เชียงใหม่,1000000,รายชื่อสถานประกอบการ,บริษัท กรีนไดมอนด์ จำกัด,0,ทุ่งปี๊,2568,แม่วาง
5798,พืชผัก ผลไม้ และเนื้อสัตว์ อบแห้ง,เชียงใหม่,0,รายชื่อสถานประกอบการ,บริษัท พรีเซิร์ฟ อะโกร โปรดักส์ จำกัด,0,ขี้เหล็ก,2568,แม่ริม
5799,บรรจุอาหารกระป๋องและผลไม้ตามฤดูกาล,เชียงใหม่,1000000,รายชื่อสถานประกอบการ,ห้างหุ้นส่วนจำกัด ที.พี.ฟูดแคนนิ่ง,0,แม่เหียะ,2568,เมืองเชียงใหม่
5800,แปรรูปอาหาร,เชียงใหม่,14,รายชื่อสถานประกอบการ,นางดวงกมล หยาง,8000000,บ้านกลาง,2568,สันป่าตอง
5801,ผลิตอาหารหรือเครื่องดื่มจากผัก พืช ผลไม้ และบรรจุในภาชนะที่ผนึกและอากาศเข้าไม่ได้,เชียงใหม่,10000000,รายชื่อสถานประกอบการ,บริษัท ดีท็อกซ์ (ประเทศไทย) จำกัด,0,น้ำแพร่,2568,หางดง
5802,ผลิตอาหารเจจากแป้งและโปรตีน พร้อมแบ่งบรรจุ,เชียงใหม่,1000000,รายชื่อสถานประกอบการ,บริษัท เทียน เซียง ซึผิง จำกัด,0,ป่าไผ่,2568,สันทราย
5803,ผลิตชาสมุนไพรบรรจุในภาชนะปิดผนึก,เชียงใหม่,13,รายชื่อสถานประกอบการ,บริษัท วาไรตี้ เอ็กซ์พอร์ต จำกัด,29000000,ป่าตัน,2568,เมืองเชียงใหม่
5804,ผลิตอาหารและเครื่องดื่มจากผัก พืชหรือผลไม้ และบรรจุในภาชนะที่ผนึกและอากาศเข้าไม้ได้,เชียงใหม่,1000000,รายชื่อสถานประกอบการ,สิบแสนชัญญ์,0,ป่าเมี่ยง,2568,ดอยสะเก็ด
5805,ผลิตน้ำผลไม้บรรจุขวด ผลิตขวด,เชียงใหม่,8,รายชื่อสถานประกอบการ,ห้างหุ้นส่วนจำกัด จิ้งเฮงฟู้ด,5500000,เวียง,2568,ฝาง
5806,อบพืชผลทางการเกษตร,เชียงใหม่,21,รายชื่อสถานประกอบการ,โรงอบพืชผลทางการเกษตร,4500000,ขัวมุง,2568,สารภี
5807,ถนอมผัก พืช หรือผลไม้ โดยวิธีทำให้เยือกแข็งโดยฉับพลัน,เชียงใหม่,10000000,รายชื่อสถานประกอบการ,บริษัท สหปราจีนบุรีอุตสาหกรรม จำกัด,0,แม่สูน,2568,ฝาง
5808,ผลิตพืช ผัก ผลไม้อบแห้งและผลิตภัณฑ์ Spray Dry ปีละ 722 ตัน,เชียงใหม่,4500000,รายชื่อสถานประกอบการ,บริษัท พรีเมี่ยมฟู้ดส์ จำกัด,0,แม่แฝก,2568,สันทราย
5809,ถนอมผัก พืช หรือผลไม้ โดยวิธีอบแห้ง,เชียงใหม่,18,รายชื่อสถานประกอบการ,บริษัท นอร์ทเทิร์นกรีนโปรดักส์ จำกัด,13900000,อินทขิล,2568,แม่แตง
5810,ผลิตสินค้าทางการเกษตรแช่แข็ง,เชียงใหม่,15000000,รายชื่อสถานประกอบการ,บริษัท สยามอกรีโฟรเซ่นฟูดส์ จำกัด,0,สันกลาง,2568,สันป่าตอง
5811,การถนอมผัก พืช หรือผลไม้โดยวิธีกวน ตากแห้ง ดอง หรือทำให้เยือกแข็ง โดยฉับพลัน หรือเหือดแห้ง,เชียงใหม่,2840000,รายชื่อสถานประกอบการ,บริษัท เชียงใหม่ไบโอเวกกี้ จำกัด,0,น้ำแพร่,2568,หางดง
5812,ผลิตและจำหน่ายส่งออก พืช ผัก ผลไม้ สมุนไพร ผลิตภัณฑ์จากข้าวและธัญพืชอบแห้ง,เชียงใหม่,11,รายชื่อสถานประกอบการ,บริษัท ไร่ดินไทย จำกัด,8166498.12,แม่แฝก,2568,สันทราย
5813,คัด บรรจุกล่อง ผักผลไม้ และแซ่แข็ง,เชียงใหม่,5000000,รายชื่อสถานประกอบการ,บริษัท สวิฟท์ จำกัด,0,อินทขิล,2568,แม่แตง
5814,ร่อน ล้าง คัดแยกคุณภาพผักพืชหรือผลไม้และถนอม โดยวิการแช่อิ่ม กวน ตากแห้ง ดอง หรือทำให้เยือกแข็ง โดยฉับพลัน หรือเหือดแห้ง,เชียงใหม่,10000000,รายชื่อสถานประกอบการ,บริษัท ที คิว เอ็ม ฟูดส์ จำกัด,0,หางดง,2568,หางดง
5815,การถนอมผัก พืช หรือผลไม้ โดยวิธีการกวน ตากแห้ง ดอง หรือ ทำให้เยือกแข็งโดยฉับพลัน หรือเหือดแห้ง,เชียงใหม่,1000000,รายชื่อสถานประกอบการ,บริษัท ยูเซ ฟูดส์ จำกัด,0,ร้องวัวแดง,2568,สันกำแพง
5816,ผลิตอาหารหรือเครื่องดื่มจากผัก พืชหรือผลไม้ และบรรจุในภาชนะที่ผนึก และอากาศเข้าไม่ได้,เชียงใหม่,10000000,รายชื่อสถานประกอบการ,บริษัท ซีเอ็มเอช ไลฟ์ ไซเอ็นซ์ จำกัด,0,ยุหว่า,2568,สันป่าตอง
5817,ผลิตแตงกวาดอง ขิงดอง และมะเขือดอง,เชียงใหม่,0,รายชื่อสถานประกอบการ,บริษัท สันติภาพ เทรดดิ้ง จำกัด,0,หนองควาย,2568,หางดง
5818,ผลิตรถเข็นล้อเลื่อนทุกชนิด,เชียงใหม่,3204770,รายชื่อสถานประกอบการ,บริษัท ลิขิตชีวัน จำกัด,0,หนองจ๊อม,2568,สันทราย
5819,ผลิตหน้ากากอนามัยและหมวกคลุมผมอนามัย,เชียงใหม่,15000000,รายชื่อสถานประกอบการ,บริษัท ดร. ไฮจีน เมดิคอล โปรดักส์ จำกัด,0,หนองตอง,2568,หางดง
5820,ผลิตวัสดุอุปกรณ์ทางการแพทย์ หน้ากากอนามัย,เชียงใหม่,1500000,รายชื่อสถานประกอบการ,บริษัท ท็อป โฮลซัม จำกัด,0,หนองผึ้ง,2568,สารภี
5821,ผลิตวัสดุอุปกรณ์ทางการแพทย์ หน้ากากอนามัย,เชียงใหม่,10000000,รายชื่อสถานประกอบการ,บริษัท ไบโอเซฟ โปรดักส์ จำกัด,0,ออนใต้,2568,สันกำแพง
5822,ทำเครื่องประดับจากทองคำ เงิน,เชียงใหม่,13300000,รายชื่อสถานประกอบการ,สุวรรณะรุ่งเรือง,0,ดอนแก้ว,2568,แม่ริม
5823,ผลิตเครื่องประดับด้วยทอง นาค เงินและอัญมญีอื่น,เชียงใหม่,43,รายชื่อสถานประกอบการ,บริษัท ปิงมานูแฟคเจอริ่งจิวเวลเลอร์ จำกัด,27000000,ต้นเปา,2568,สันกำแพง
5824,ทำเครื่องประดับด้วยโลหะ ตกแต่งด้วยอัญมณี,เชียงใหม่,77,รายชื่อสถานประกอบการ,บริษัท ทาราทาแลนด์ จำกัด,8100000,ป่าป้อง,2568,ดอยสะเก็ด
5825,ผลิตเครื่องประดับและเครื่องใช้จากเงิน ทองคำ นาก,เชียงใหม่,10300000,รายชื่อสถานประกอบการ,บริษัท พัฒนาอนันต์วงศ์ จำกัด,0,หนองป่าครั่ง,2568,เมืองเชียงใหม่
5826,"ทำเครื่องเงิน,ของตกแต่ง,และเครื่องใช้ จากเงิน",เชียงใหม่,4000000,รายชื่อสถานประกอบการ,บริษัท มัทนา เครื่องเงิน จำกัด,0,หนองหอย,2568,เมืองเชียงใหม่
5827,ผลิตและจำหน่ายเครื่องประดับอัญมณี,เชียงใหม่,13283506,รายชื่อสถานประกอบการ,บริษัท เอ็มโอดี เอเชีย จำกัด,0,แช่ช้าง,2568,สันกำแพง
5828,ผลิตเครื่องประดับอัญมณี,เชียงใหม่,10000000,รายชื่อสถานประกอบการ,บริษัท อัฐญา จิวเวลรี่ จำกัด,0,สันกลาง,2568,สันกำแพง
5829,ผลิตเครื่องประดับจากโลหะมีค่าและอัญมณี,เชียงใหม่,51000000,รายชื่อสถานประกอบการ,บริษัท ซี.อาร์.พี.จิลเวลรี่(เชียงใหม่) จำกัด,0,ป่าแดด,2568,เมืองเชียงใหม่
5830,ทำเครื่องประดับ ทองคำ เครื่องใช้จากเงิน ทองคำขาว,เชียงใหม่,584,รายชื่อสถานประกอบการ,บริษัท จอร์จ เจนเซน (ประเทศไทย) จำกัด,174081000,ต้นเปา,2568,สันกำแพง
5831,ทำเครื่องใช้ในการกีฬา เช่น กระดานโต้คลื่น,เชียงใหม่,0,รายชื่อสถานประกอบการ,บริษัท คุยเวอร์ จำกัด,0,น้ำแพร่,2568,หางดง
5832,ผลิตเหยื่อตกปลาเทียม,เชียงใหม่,30313646,รายชื่อสถานประกอบการ,บริษัท สตรีม เวอร์ค (ไทยแลนด์) จำกัด,0,ยางเนิ้ง,2568,สารภี
5833,ผลิตเหยื่อตกปลา,เชียงใหม่,318899,รายชื่อสถานประกอบการ,บริษัท เชียงใหม่ ฟลาย จำกัด,0,ป่าแดด,2568,เมืองเชียงใหม่
5834,ผลิตของเล่นเด็กจากไม้ฉ่ำฉา ไม้ยางพารา และไม้ไผ่,เชียงใหม่,500000,รายชื่อสถานประกอบการ,บริษัท ไทยวู้ดเด้นเกมส์ จำกัด,0,ร้องวัวแดง,2568,สันกำแพง
5835,ทำของเล่นเด็กจากไม้,เชียงใหม่,6200000,รายชื่อสถานประกอบการ,ห้างหุ้นส่วนจำกัด สยาม แอล.ที.วู้ด,0,แม่คือ,2568,ดอยสะเก็ด
5836,"สินค้าหัตถกรรมที่ทำด้วยไม้ไผ่,ผ้าและของที่ระลึกต่างๆ",เชียงใหม่,125,รายชื่อสถานประกอบการ,บริษัท ศูนย์ทำร่ม (1978) จำกัด,250000,ต้นเปา,2568,สันกำแพง
5837,ผลิตก๊าซชีวภาพ จากบ่อบำบัดน้ำเสีย,เชียงใหม่,0,รายชื่อสถานประกอบการ,บริษัท ซัน สวีท จำกัด (มหาชน),0,ทุ่งสะโตก,2568,สันป่าตอง
5838,โรงสีข้าว ขนาด 40 ตัน/วัน,เชียงใหม่,4714000,รายชื่อสถานประกอบการ,สหกรณ์นิคมพร้าว จำกัด,0,แม่แวน,2568,พร้าว
5839,สีข้าว,เชียงใหม่,15000000,รายชื่อสถานประกอบการ,ห้างหุ้นส่วนจำกัด โรงสีข้าวรวงทองเชียงใหม่,0,เชิงดอย,2568,ดอยสะเก็ด
5840,สีข้าว,เชียงใหม่,2000000,รายชื่อสถานประกอบการ,โรงสีข้าวกิตเจริญ,0,แม่สาว,2568,แม่อาย
5841,สี ฝัด คัด และแปรสภาพข้าว การอบพืชผลทางการเกษตร,เชียงใหม่,15,รายชื่อสถานประกอบการ,โรงสีข้าวดวงคำ,23000000,เวียง,2568,ฝาง
5842,สีข้าว,เชียงใหม่,5,รายชื่อสถานประกอบการ,นายกฤษณะ ดวงคำ,8200000,แม่สาว,2568,แม่อาย
5843,ปรับปรุงคุณภาพเมล็ดพืช สีข้าว,เชียงใหม่,16,รายชื่อสถานประกอบการ,ศ.ปาณิสรา,40000000,แม่คะ,2568,ฝาง
5844,สีข้าว,เชียงใหม่,7,รายชื่อสถานประกอบการ,ทรัพย์ไพลิน,10000000,แม่สาว,2568,แม่อาย
5845,สีข้าวเปลือกแบบแยกแกลบแยกรำ ได้วันละ 70 ตัน,เชียงใหม่,2000000,รายชื่อสถานประกอบการ,โรงสีข้าวสมคิด 2,0,เวียง,2568,ฝาง
5846,สีข้าว อบข้าวเปลือก,เชียงใหม่,3,รายชื่อสถานประกอบการ,โรงสีข้าววัลลภ,9460000,แม่สาว,2568,แม่อาย
5847,สีข้าว,เชียงใหม่,2,รายชื่อสถานประกอบการ,โรงสีโกเมือง,8309000,แม่สาว,2568,แม่อาย
5848,สีข้าว และคัดคุณภาพข้าว,เชียงใหม่,3000000,รายชื่อสถานประกอบการ,โรงสีข้าวเนตรนิมิต,0,แม่สาว,2568,แม่อาย
5849,สีข้าว และอบพืชผลทางการเกษตร,เชียงใหม่,5,รายชื่อสถานประกอบการ,บริษัท บัวจันทร์กู๊ดไรซ์ จำกัด,15000000,แม่สาว,2568,แม่อาย
5850,สีข้าว,เชียงใหม่,3,รายชื่อสถานประกอบการ,นางสาวชนกนันท์ ใจดวงจันทร์,2200000,ทุ่งต้อม,2568,สันป่าตอง
5851,สีข้าว,เชียงใหม่,4,รายชื่อสถานประกอบการ,โรงสีสหกรณ์การเกษตรสันป่าตอง จำกัด,32654000,ทุ่งสะโตก,2568,สันป่าตอง
5852,สีข้าว เก็บรักษาข้าวเปลือกในไซโล,เชียงใหม่,5,รายชื่อสถานประกอบการ,สหกรณ์การเกษตรฝาง จำกัด,72465900,เวียง,2568,ฝาง
5853,สีข้าว อัตรากำลังสีสูงสุดของโรงสี 80 เกวียน/24 ชั่วโมง,เชียงใหม่,200000000,รายชื่อสถานประกอบการ,โรงสี สหกรณ์การเกษตรพร้าว จำกัด,0,เวียง,2568,พร้าว
5854,สี ฝัด หรือขัดเมล็ดพืช เช่น ลูกเดือย ข้าวโพด ถั่ว งา ข้าว,เชียงใหม่,10,รายชื่อสถานประกอบการ,บริษัท ลิ้มศักดากุล พืชพันธุ์ไทย จำกัด,93700000,อินทขิล,2568,แม่แตง
5855,สีข้าว,เชียงใหม่,2,รายชื่อสถานประกอบการ,โรงสีข้าววิเชียรฟาร์ม,10000000,แม่สาว,2568,แม่อาย
5856,ร่อนข้าว และคัดข้าวขาว,เชียงใหม่,1000000,รายชื่อสถานประกอบการ,สมชายค้าข้าว,0,แม่สาว,2568,แม่อาย
5857,ร่อนข้าวและคัดข้าวขาว,เชียงใหม่,1000000,รายชื่อสถานประกอบการ,สามพี่น้องค้าข้าว,0,แม่สาว,2568,แม่อาย
5858,สีและบดพืชผลทางการเกษตร,เชียงใหม่,7,รายชื่อสถานประกอบการ,กรรณิการ์ค้าพืชไร่,7500000,แม่คะ,2568,ฝาง
5859,สีข้าว,เชียงใหม่,2000000,รายชื่อสถานประกอบการ,โรงสีข้าวดีรุ่งเรือง2,0,แม่สาว,2568,แม่อาย
5860,สีข้าว,เชียงใหม่,5,รายชื่อสถานประกอบการ,โรงสีข้าวดวงดี,18000000,แม่สาว,2568,แม่อาย
5861,โรงสีข้าวแบบแยกแกลบแยกรำ กำลังการผลิต 400 ตันต่อวัน,เชียงใหม่,9,รายชื่อสถานประกอบการ,ห้างหุ้นส่วนจำกัดเชียงใหม่อินเตอร์ไรซ์,70000000,สันปูเลย,2568,ดอยสะเก็ด
5862,สีข้าวเปลือกแบบแยกแกลบแยกรำ ได้วันละ 150 ตัน,เชียงใหม่,3000000,รายชื่อสถานประกอบการ,โรงสีข้าวรุ่งจรัญ,0,แม่สาว,2568,แม่อาย
5863,สีข้าว และอบผลิตผลทางการเกษตร,เชียงใหม่,12,รายชื่อสถานประกอบการ,โรงสีข้าวดีรุ่งเรือง,48700000,แม่สาว,2568,แม่อาย
5864,สีข้าวเปลือกขนาดกำลังผลิต 40 ตัน/วัน และเก็บรักษาข้าวเปลือกในไซโล ขนาด 250 ตัน จำนวน 2 ถัง,เชียงใหม่,7,รายชื่อสถานประกอบการ,สหกรณ์การเกษตรเพื่อการตลาดลูกค้า ธกส.เชียงใหม่ จำกัด,54515653,แม่สาว,2568,แม่อาย
5865,"สีข้าว,อบพืชผลทางการเกษตร",เชียงใหม่,2,รายชื่อสถานประกอบการ,โรงสีข้าวสี่พี่น้อง,30000000,เวียง,2568,ฝาง
5866,สีข้าว,เชียงใหม่,2,รายชื่อสถานประกอบการ,โรงสีข้าวสามหนึ่ง,19000000,แม่สาว,2568,แม่อาย
5867,สีข้าว,เชียงใหม่,200000,รายชื่อสถานประกอบการ,โรงสีข้าวศรศิริ,0,แม่สาว,2568,แม่อาย
5868,สีข้าว,เชียงใหม่,5,รายชื่อสถานประกอบการ,โรงสีข้าวดวงดีไรซ์,20000000,แม่สาว,2568,แม่อาย
5869,สีข้าว,เชียงใหม่,10,รายชื่อสถานประกอบการ,โรงสีข้าวทิพย์ธารา,7200000,เวียง,2568,ฝาง
5870,สีข้าว กำลังสีสูงสุดของร้านสีข้าว 150 ตัน/ชม,เชียงใหม่,21000000,รายชื่อสถานประกอบการ,วัชระกิจ,0,แม่สาว,2568,แม่อาย
5871,สีข้าว,เชียงใหม่,1000000,รายชื่อสถานประกอบการ,นางสุภาภรณ์ หอธรรมคุณ,0,เวียง,2568,ฝาง
5872,สีข้าว,เชียงใหม่,5000000,รายชื่อสถานประกอบการ,โรงสีกิตเจริญ,0,แม่สาว,2568,แม่อาย
5873,สีข้าว (กำลังการผลิต 200 ตัน/วัน),เชียงใหม่,2500000,รายชื่อสถานประกอบการ,ห้างหุ้นส่วนจำกัด รุ่งเจริญพืชผล2504,0,เขื่อนผาก,2568,พร้าว
5874,"สีข้าว (กำลังการผลิต 4 ตัน/ชม และอบข้าวเปลือก (กำลังการผลิต 10 ตัน/ชม)
",เชียงใหม่,0,รายชื่อสถานประกอบการ,โรงสีข้าวทรัพย์สมบัติ,0,เวียง,2568,ฝาง
5875,สีข้าว และอบพืชผลทางการเกษตร,เชียงใหม่,18,รายชื่อสถานประกอบการ,บริษัท สามแสน ไรซ์ จำกัด,53000000,เวียง,2568,ฝาง
5876,สีข้าว,เชียงใหม่,1000000,รายชื่อสถานประกอบการ,โรงสีข้าวโชควิชัย,0,แม่สาว,2568,แม่อาย
5877,สีข้าว,เชียงใหม่,3,รายชื่อสถานประกอบการ,นางสาววาสนา ไชยแว่นตา,23300000,แม่สาว,2568,แม่อาย
5878,สีข้าว,เชียงใหม่,2000000,รายชื่อสถานประกอบการ,โรงสีอมร,0,แม่สาว,2568,แม่อาย
5879,"สีข้าว,คัดขนาดและคุณภาพข้าว",เชียงใหม่,17,รายชื่อสถานประกอบการ,โรงสีข้าววัฒนา,20100000,แม่สาว,2568,แม่อาย
5880,สีข้าว,เชียงใหม่,5000000,รายชื่อสถานประกอบการ,โรงสีข้าวทิพย์ธารา 2,0,เวียง,2568,ฝาง
5881,ทำเต้าหู้แผ่น เต้าหู้แผ่น เต้าหู้ก้อน และน้ำเต้าหู้,เชียงใหม่,3,รายชื่อสถานประกอบการ,รุ่งนคร (1999),6300000,หนองจ๊อม,2568,สันทราย
5882,ทำผลิตภัณฑ์จากถั่วเหลือง เช่น เต้าหู้แผ่น เต้าหู้หลอด,เชียงใหม่,50000,รายชื่อสถานประกอบการ,ห้างหุ้นส่วนจำกัด ผลิตภัณฑ์อุตสาหกรรมถั่วเหลืองป่าลาน,0,ป่าลาน,2568,ดอยสะเก็ด
5883,ผลิตเต้าหู้หลอด,เชียงใหม่,60000,รายชื่อสถานประกอบการ,ประเสิรฐ อุตสาหกรรมอาหาร,0,ดอนเปา,2568,แม่วาง
5884,ผลิตอาหารสำเร็จรูปจากเมล็ดพืช (ผลิตข้าวอบแห้งและแปรรูปผลิตภัณฑ์ทางการเกษตร),เชียงใหม่,5000000,รายชื่อสถานประกอบการ,บริษัท โกลบอลฟูดส์ จำกัด,0,ออนใต้,2568,สันกำแพง
5885,"ผลิตอาหารสำเร็จรูปจากเมล็ดพืช เช่น ฟองเต้าหู้,หมี่ถึง",เชียงใหม่,7,รายชื่อสถานประกอบการ,บริษัท ตุงหมิงนานอุตสาหกรรม จำกัด,5497547,ลวงเหนือ,2568,ดอยสะเก็ด
5886,ผลิตน้ำประปา,เชียงใหม่,10000000,รายชื่อสถานประกอบการ,บริษัท ไฮโดรเท็ค จำกัด (มหาชน),0,แม่แฝกใหม่,2568,สันทราย
5887,ผลิตน้ำประปา,เชียงใหม่,4,รายชื่อสถานประกอบการ,บริษัท ไฮโดรเท็ค จำกัด (มหาชน),140440000,เมืองเล็น,2568,สันทราย
5888,ผลิตน้ำประปา,เชียงใหม่,8,รายชื่อสถานประกอบการ,บริษัท เอเบิล อินดัสตรีส์ จำกัด,0,น้ำแพร่,2568,หางดง
5889,คัดและบรรจุผลไม้และผลผลิตทางการเกษตร,เชียงใหม่,2500000,รายชื่อสถานประกอบการ,บริษัท ทรายทอง โกลเบิลฟรุต จำกัด,0,แม่สูน,2568,ฝาง
5890,โรงงานบรรจุสินค้าทั่วไปและห้องเย็น,เชียงใหม่,38,รายชื่อสถานประกอบการ,บริษัท ฮันนี่ โพลีพลัส จำกัด,74808730.48,ยางเนิ้ง,2568,สารภี
5891,โรงงานบรรจุสินค้าทั่วไปและห้องเย็น,เชียงใหม่,28,รายชื่อสถานประกอบการ,บริษัท ฟาร์มผึ้งเวียงพิงค์ จำกัด,72031940.48,ยางเนิ้ง,2568,สารภี
5892,ห้องเย็นเก็บผักและผลไม้,เชียงใหม่,10,รายชื่อสถานประกอบการ,บริษัท เชียงใหม่บูรพาห้องเย็น กรุ๊ป จำกัด,13000000,บ้านกลาง,2568,สันป่าตอง
5893,ห้องเย็น เพื่อแช่พืช ผัก ผลไม้ ,เชียงใหม่,800000,รายชื่อสถานประกอบการ,ห้องเย็นชัยมงคล,0,แม่ข่า,2568,ฝาง
5894,ห้องเย็น,เชียงใหม่,4000000,รายชื่อสถานประกอบการ,บริษัท พิสิทธิชัยอินเตอร์เนชั่นแนล จำกัด,0,สารภี,2568,สารภี
5895,ห้องเย็น,เชียงใหม่,200000,รายชื่อสถานประกอบการ,นายวีระยุทธ์ เมธากิจตระกูล,0,สันพระเนตร,2568,สันทราย
5896,ห้องเย็น เก็บพืชผลทางการเกษตร และอื่น ๆ,เชียงใหม่,4000000,รายชื่อสถานประกอบการ,บริษัท เอี่ยมกสิกิจ จำกัด,0,บ้านกลาง,2568,สันป่าตอง
5897,ห้องเย็น,เชียงใหม่,1000000,รายชื่อสถานประกอบการ,บริษัท ห้องเย็นปรมี จำกัด,0,ฟ้าฮ่าม,2568,เมืองเชียงใหม่
5898,ห้องเย็น,เชียงใหม่,0,รายชื่อสถานประกอบการ,ทวีผลพืชไร่,0,แม่แฝกใหม่,2568,สันทราย
5899,ห้องเย็นเก็บพืช ผัก ผลไม้,เชียงใหม่,10000000,รายชื่อสถานประกอบการ,ห้องเย็น ว.วีรภัทร์,0,โป่งน้ำร้อน,2568,ฝาง
5900,ห้องเย็นรับฝากสินค้า และผลิตอาหารสำเร็จรูป ต้ม นึ่ง และอบพืชผักผลไม้ทุกชนิด,เชียงใหม่,1000000,รายชื่อสถานประกอบการ,บริษัท ล้านนา ฟรุตส์ จำกัด,0,ท่าวังพร้าว,2568,สันป่าตอง
5901,ห้องเย็น,เชียงใหม่,2000000,รายชื่อสถานประกอบการ,บริษัท ซิ่งเฟิง อุตสาหกรรมอาหาร จำกัด,0,ดอยหล่อ,2568,ดอยหล่อ
5902,ห้องเย็นเก็บผลิตผลทางการเกษตร,เชียงใหม่,5000000,รายชื่อสถานประกอบการ,บริษัท พรีเซิร์ฟ อะโกร โปรดักส์ จำกัด,0,ขี้เหล็ก,2568,แม่ริม
5903,ห้องเย็น,เชียงใหม่,5000000,รายชื่อสถานประกอบการ,ห้องเย็นเสาร์แก้ว,0,สบเตี๊ยะ,2568,จอมทอง
5904,ห้องเย็นเก็บผลิตผลทางการเกษตร,เชียงใหม่,5000000,รายชื่อสถานประกอบการ,บริษัท พรีเซิร์ฟ อะโกร โปรดักส์ จำกัด,0,ขี้เหล็ก,2568,แม่ริม
5905,ห้องเย็น,เชียงใหม่,10000000,รายชื่อสถานประกอบการ,บริษัท เชียงใหม่บูรพาห้องเย็น กรุ๊ป จำกัด,0,บ้านกลาง,2568,สันป่าตอง
5906,ห้องเย็นเก็บสินค้าทางการเกษตร,เชียงใหม่,6000000,รายชื่อสถานประกอบการ,บริษัท มาตาโปรดักส์ จำกัด,0,สันทราย,2568,สารภี
5907,ห้องเย็น,เชียงใหม่,1000000,รายชื่อสถานประกอบการ,ศรีเจริญ,0,สันทราย,2568,สารภี
5908,ห้องเย็น,เชียงใหม่,5000000,รายชื่อสถานประกอบการ,บริษัท สหซินหลงสารภี จำกัด,0,สบเตี๊ยะ,2568,จอมทอง
5909,ห้องเย็น,เชียงใหม่,1000000,รายชื่อสถานประกอบการ,บริษัท บ้านตาล กัญชง จำกัด,0,บ้านตาล,2568,ฮอด
5910,ห้องเย็นเก็บผักและผลไม้,เชียงใหม่,15000000,รายชื่อสถานประกอบการ,สหกรณ์ผู้ปลูกหอมหัวใหญ่ฝาง จำกัด,0,ม่อนปิ่น,2568,ฝาง
5911,ห้องเย็น และล้าง ชำแหละ แกะ ต้ม นึ่ง ทอด หรือบดสัตว์ หรือส่วนหนึ่งส่วนใดของสัตว์,เชียงใหม่,7,รายชื่อสถานประกอบการ,บริษัท ซีพีเอฟ เรสเทอรองท์ แอนด์ฟู้ดเชน จำกัด,13000000,แม่แฝกใหม่,2568,สันทราย
5912,ห้องเย็น,เชียงใหม่,5000000,รายชื่อสถานประกอบการ,อำไพพรรณการเกษตร,0,บ้านกาด,2568,แม่วาง
5913,ห้องเย็น,เชียงใหม่,1000000,รายชื่อสถานประกอบการ,บริษัท ฟู๋ เซิง จำกัด,0,ดอยหล่อ,2568,ดอยหล่อ
5914,ให้บริการรับฝากสินค้าในห้องเย็น,เชียงใหม่,3000000,รายชื่อสถานประกอบการ,บริษัท เค.พี.ห้องเย็น จำกัด,0,แช่ช้าง,2568,สันกำแพง
5915,ห้องเย็นสำหรับเก็บรักษาพืชผลทางการเกษตร,เชียงใหม่,1000000,รายชื่อสถานประกอบการ,บริษัท นิ่มซี่เซ็งห้องเย็น จำกัด,0,บ้านกลาง,2568,สันป่าตอง
5916,ห้องเย็น,เชียงใหม่,10000000,รายชื่อสถานประกอบการ,บริษัท ที.เค.เค.จันทบุรี ฟู้ดส์ จำกัด,0,สันกลาง,2568,สันป่าตอง
5917,ห้องเย็นเก็บพืชผักและผลไม้,เชียงใหม่,57,รายชื่อสถานประกอบการ,บริษัท เชียงใหม่ธนาธรฟาร์ม จำกัด,101200000,แม่สูน,2568,ฝาง
5918,ห้องเย็น,เชียงใหม่,5000000,รายชื่อสถานประกอบการ,บริษัท ทิพย์เกษตร จำกัด,0,บ้านแม,2568,สันป่าตอง
5919,ห้องเย็น,เชียงใหม่,5000000,รายชื่อสถานประกอบการ,พรเจริญ พืชผล,0,ดอนแก้ว,2568,แม่ริม
5920,ห้องเย็น,เชียงใหม่,3000000,รายชื่อสถานประกอบการ,บริษัท มงคลแอนด์ซันส์ฟาร์ม จำกัด ,0,สันโป่ง,2568,แม่ริม
5921,ห้องเย็น เก็บผลิตผลการเกษตร,เชียงใหม่,5000000,รายชื่อสถานประกอบการ,บริษัท นิ่มซี่เส็งห้องเย็น จำกัด,0,ฟ้าฮ่าม,2568,เมืองเชียงใหม่
5922,ห้องเย็นเก็บรักษาพืชผลทางการเกษตร,เชียงใหม่,1000000,รายชื่อสถานประกอบการ,สีดาการเกษตร,0,ท่าวังพร้าว,2568,สันป่าตอง
5923,ห้องเย็นเก็บพืชผลทางการเกษตร,เชียงใหม่,5000000,รายชื่อสถานประกอบการ,บริษัท เชียงใหม่เฟรช โปรดักส์ จำกัด,0,ดอนเปา,2568,แม่วาง
5924,ห้องเย็น,เชียงใหม่,15,รายชื่อสถานประกอบการ,บริษัท จิตรุ่งเรืองกรุ๊ป จำกัด ,15400000,สันกำแพง,2568,สันกำแพง
5925,เก็บอาหารแช่แข็ง,เชียงใหม่,0,รายชื่อสถานประกอบการ,เอ็ม เอ็ม โฟรเซ่นฟู้ด เชียงใหม่,0,สันกลาง,2568,สันป่าตอง
5926,"ห้องเย็นและตัดแต่ง, แช่แข็ง พืช ผัก ผลไม้",เชียงใหม่,1189,รายชื่อสถานประกอบการ,บริษัท ลานนาเกษตรอุตสาหกรรม จำกัด,972630955,สารภี,2568,สารภี
5927,ห้องเย็น,เชียงใหม่,5000000,รายชื่อสถานประกอบการ,บริษัท เชียงใหม่ธนาธรฟาร์ม จำกัด,0,สันทราย,2568,ฝาง
5928,ห้องเย็นเพื่อเก็บอาหารทะเล เนื้อสัตว์ และพืช ผัก ผลไม้,เชียงใหม่,3000000,รายชื่อสถานประกอบการ,ห้างหุ้นส่วนจำกัด ศรีสุวรรณพัฒนาการค้า,0,ฟ้าฮ่าม,2568,เมืองเชียงใหม่
5929,ห้องเย็น,เชียงใหม่,0,รายชื่อสถานประกอบการ,บริษัท เค.พี.(จอมทอง) จำกัด,0,บ้านแปะ,2568,จอมทอง
5930,ห้องเย็นเก็บผลิตผลทางการเกษตร,เชียงใหม่,63,รายชื่อสถานประกอบการ,บริษัท พรีเซิร์ฟ อะโกร โปรดักส์ จำกัด,115000000,ขี้เหล็ก,2568,แม่ริม
5931,ห้องเย็น,เชียงใหม่,10000000,รายชื่อสถานประกอบการ,บริษัท ห้องเย็น เจริญใจ จำกัด,0,ไชยสถาน,2568,สารภี
5932,ห้องเย็นเก็บผลิตผลทางการเกษตร,เชียงใหม่,10,รายชื่อสถานประกอบการ,ห้องเย็นแสงหล้า,7250000,ปงตำ,2568,ไชยปราการ
5933,โรงงานห้องเย็น,เชียงใหม่,15000000,รายชื่อสถานประกอบการ,บริษัท เอสซีจี เจดับเบิ้ลยูดี โลจิสติกส์ จำกัด (มหาชน),0,สารภี,2568,สารภี
5934,ซ่อมและเคาะพ่นสีรถยนต์,เชียงใหม่,1000000,รายชื่อสถานประกอบการ,บริษัท เจริญมอเตอร์เบนซ์ จำกัด,0,ศรีภูมิ,2568,เมืองเชียงใหม่
5935,ศูนย์บริการซ่อมรถยนต์,เชียงใหม่,4500000,รายชื่อสถานประกอบการ,บริษัท มิตซูเชียงใหม่ จำกัด,0,ท่าศาลา,2568,เมืองเชียงใหม่
5936,"ซ่อมรถยนต์,ปะ-เปลี่ยนยางรถยนต์",เชียงใหม่,2000000,รายชื่อสถานประกอบการ,ป.เฮงสวัสดิ์,0,สุเทพ,2568,เมืองเชียงใหม่
5937,ซ่อมและเคาะพ่นสีรถยนต์,เชียงใหม่,500000,รายชื่อสถานประกอบการ,บริษัท อู่ตู่ อะไหล่ยนต์ จำกัด,0,หนองผึ้ง,2568,สารภี
5938,ซ่อมแซม และ เคาะ-พ่นสีรถยนต์,เชียงใหม่,27,รายชื่อสถานประกอบการ,เปรม พาวเวอร์ ศูนย์ซ่อมสีและตัวถัง,6550000,สันผักหวาน,2568,หางดง
5939,ศูนย์บริการ เคาะพ่นสีรถยนต์,เชียงใหม่,2000000,รายชื่อสถานประกอบการ,เชียงแสง,0,ดอนแก้ว,2568,แม่ริม
5940,ศูนย์จำหน่าย บริการซ่อมบำรุง และเคาะพ่นสีรถยนต์,เชียงใหม่,20000000,รายชื่อสถานประกอบการ,บริษัท โตโยต้านครพิงค์ เชียงใหม่ จำกัด,0,หนองจ๊อม,2568,สันทราย
5941,ซ่อมตัวถังและสีรถยนต์,เชียงใหม่,20000000,รายชื่อสถานประกอบการ,บริษัท แสงตะวัน พีเอส จำกัด,0,ดอนแก้ว,2568,แม่ริม
5942,ศูนย์บริการซ่อมรถยนต์,เชียงใหม่,1000000,รายชื่อสถานประกอบการ,บริษัท เบส ออโต้เซลส์ จำกัด,0,หนองจ๊อม,2568,สันทราย
5943,ซ่อมรถยนต์และเคาะพ่นสีรถยนต์,เชียงใหม่,2000000,รายชื่อสถานประกอบการ,นายกิตติพงศ์ มณีชุติภาส,0,มะขามหลวง,2568,สันป่าตอง
5944,ศูนย์บริการซ่อม และพ่นสีรถยนต์,เชียงใหม่,25000000,รายชื่อสถานประกอบการ,บริษัท เชียงใหม่ ฮอนค้า ออโตโมบิล จำกัด,0,สันทรายน้อย,2568,สันทราย
5945,เคาะ-พ่นสี และซ่อมรถยนต์,เชียงใหม่,1000000,รายชื่อสถานประกอบการ,บริษัท นิวไดมอนด์ จำกัด,0,สันผีเสื้อ,2568,เมืองเชียงใหม่
5946,"ศูนย์จำหน่าย, บริการซ่อมและเคาะพ่นสีรถยนต์",เชียงใหม่,30000000,รายชื่อสถานประกอบการ,บริษัท โตโยต้าเชียงใหม่ จำกัด สาขาสี่แยกไฮเวย์,0,ท่าศาลา,2568,เมืองเชียงใหม่
5947,ศูนย์บริการซ่อมรถยนต์,เชียงใหม่,4500000,รายชื่อสถานประกอบการ,บริษัท มิตซูเชียงใหม่ จำกัด(สาขาหางดง),0,หนองควาย,2568,หางดง
5948,บริการซ่อมแซม บำรุงรักษาเครื่องยนต์ (รถบรรทุกฮีโน่),เชียงใหม่,50000000,รายชื่อสถานประกอบการ,บริษัท ชัยรัชการ (กรุงเทพ) จำกัด,0,สารภี,2568,สารภี
5949,ศูนย์บริการซ่อมแซมรถยนต์,เชียงใหม่,1000000,รายชื่อสถานประกอบการ,บี-ควิก สาขาโลตัส รวมโชค,0,ฟ้าฮ่าม,2568,เมืองเชียงใหม่
5950,จำหน่ายและซ่อมรถยนต์,เชียงใหม่,2000000,รายชื่อสถานประกอบการ,บริษัท ธารา จำกัด สาขาสารภี,0,สารภี,2568,สารภี
5951,ซ่อมรถยนต์,เชียงใหม่,17,รายชื่อสถานประกอบการ,ห้างหุ้นส่วนจำกัด อีซูซุ ศาลาฟาสเตอร์ เชียงใหม่,11800000,สันกลาง,2568,สันป่าตอง
5952,อู่ เคาะ พ่น สีรถยนต์,เชียงใหม่,5000000,รายชื่อสถานประกอบการ,บริษัท ไรส์ซิก คอร์ปอเรชั่น (ประเทศไทย) จำกัด,0,สันกลาง,2568,สันกำแพง
5953,ซ่อมรถยนต์,เชียงใหม่,1000000,รายชื่อสถานประกอบการ,บริษัท อรรถพรและบุตร จำกัด,0,วัดเกต,2568,เมืองเชียงใหม่
5954,ศูนย์บริการซ่อมแซมรถยนต์,เชียงใหม่,1000000,รายชื่อสถานประกอบการ,บี-ควิก สาขาโลตัส หางดง,0,ป่าแดด,2568,เมืองเชียงใหม่
5955,ศูนย์จำหน่าย บริการซ่อม และเคาะพ่นสีรถยนต์,เชียงใหม่,5000000,รายชื่อสถานประกอบการ,บริษัท ฮอนด้าพาราไดซ์ เชียงใหม่ จำกัด,0,หนองจ๊อม,2568,สันทราย
5956,ศูนย์บริการซ่อมแซมรถยนต์,เชียงใหม่,0,รายชื่อสถานประกอบการ,บี-ควิก สาขาบิ๊กซีไฮเวย์ สาขา 2,0,หนองป่าครั่ง,2568,เมืองเชียงใหม่
5957,ซ่อมรถยนต์,เชียงใหม่,1000000,รายชื่อสถานประกอบการ,บริษัท สยามนิสสัน เชียงใหม่ จำกัด,0,วัดเกต,2568,เมืองเชียงใหม่
5958,ซ่อมเคาะพ่นสีรถยนต์,เชียงใหม่,500000,รายชื่อสถานประกอบการ,บริษัท วี เอ็น ออโต้ บอดี้ จำกัด,0,แม่เหียะ,2568,เมืองเชียงใหม่
5959,ศูนย์บริการซ่อมแซมรถยนต์,เชียงใหม่,1000000,รายชื่อสถานประกอบการ,บี-ควิก สาขาบิ๊กซี หางดง สาขา 2,0,หางดง,2568,หางดง
5960,ซ่อม พ่นสีรถจักรยานยนต์,เชียงใหม่,1000000,รายชื่อสถานประกอบการ,บริษัท นิยมพานิช จำกัด,0,สุเทพ,2568,เมืองเชียงใหม่
5961,"ซ่อมรถยนต์,รถจักรยานยนต์",เชียงใหม่,1000000,รายชื่อสถานประกอบการ,บริษัท โตโยต้า เชียงใหม่ จำกัด,0,สันทราย,2568,ฝาง
5962,ซ่อมรถยนต์,เชียงใหม่,100000000,รายชื่อสถานประกอบการ,บริษัท มาสด้าเชียงใหม่ จำกัด,0,หนองผึ้ง,2568,สารภี
5963,ซ่อมรถยนต์,เชียงใหม่,2000000,รายชื่อสถานประกอบการ,บริษัท วี กรุ๊ป เอไอ เชียงใหม่ จำกัด,0,หนองควาย,2568,หางดง
5964,ซ่อมบำรุงรถยนต์,เชียงใหม่,5000000,รายชื่อสถานประกอบการ,บริษัท โตโยต้า เชียงใหม่ จำกัด,0,สุเทพ,2568,เมืองเชียงใหม่
5965,เคาะ-พ่นสีรถยนต์,เชียงใหม่,500000,รายชื่อสถานประกอบการ,ห้างหุ้นส่วนจำกัด อู่ทานการช่าง เชียงใหม่3,0,ท่าศาลา,2568,เมืองเชียงใหม่
5966,ศูนย์ซ่อมบริการและเคาะพ่นสีรถยนต์,เชียงใหม่,1000000,รายชื่อสถานประกอบการ,อู่ยิ่งเจริญ,0,สันกลาง,2568,สันกำแพง
5967,ซ่อมรถยนต์,เชียงใหม่,3000000,รายชื่อสถานประกอบการ,บริษัท สยามนิสสัน เชียงใหม่ จำกัด,0,ท่าศาลา,2568,เมืองเชียงใหม่
5968,ซ่อมรถยนต์ เคาะพ่นสีรถยนต์,เชียงใหม่,1000000,รายชื่อสถานประกอบการ,บริษัท นิธิบูรณ์ ออโต้เซลล์ จำกัด,0,ช้างเผือก,2568,เมืองเชียงใหม่
5969,ศูนย์บริการ ซ่อม และเคาะ-พ่นสีรถยนต์,เชียงใหม่,500000,รายชื่อสถานประกอบการ,บริษัท พี ออโต้ เพ้นท์ จำกัด,0,ป่าลาน,2568,ดอยสะเก็ด
5970,ซ่อมแซมเครื่องยนต์ ซ่อมแซมเคาะพ่นสีถังรถยนต์ และพ่นสีกันสนิมรถยนต์,เชียงใหม่,20,รายชื่อสถานประกอบการ,อู่หม่องบริการ,8000000,ท่าศาลา,2568,เมืองเชียงใหม่
5971,ซ่อมรถยนต์,เชียงใหม่,300000,รายชื่อสถานประกอบการ,อู่พีรพัฒน์ ดีเซล,0,แม่แวน,2568,พร้าว
5972,ศูนย์บริการซ่อมรถยนต์ (Ford),เชียงใหม่,25,รายชื่อสถานประกอบการ,บริษัท อเมริกันมอเตอร์ส (เชียงใหม่) จำกัด,70000000,ฟ้าฮ่าม,2568,เมืองเชียงใหม่
5973,ซ่อมแซมรถยนต์ เครื่องยนต์ ซ่อมแซมเคาะพ่นสีตัวถังรถยนต์ และพ่นสี,เชียงใหม่,45,รายชื่อสถานประกอบการ,บริษัท โตโยต้านครพิงค์ เชียงใหม่ จำกัด,265000000,แม่เหียะ,2568,เมืองเชียงใหม่
5974,ซ่อมและเคาะพ่นสีรถยนต์,เชียงใหม่,30000000,รายชื่อสถานประกอบการ,ห้างหุ้นส่วนจำกัด อีซูซุศาลาฟาสเตอร์เชียงใหม่,0,หนองจ๊อม,2568,สันทราย
5975,ซ่อมรถยนต์ และเคาะ-พ่นสีรถยนต์,เชียงใหม่,1000000,รายชื่อสถานประกอบการ,บริษัท สกุลชัยบิวดิ้ง จำกัด,0,ท่าศาลา,2568,เมืองเชียงใหม่
5976,ศูนย์บริการซ่อมแซมรถยนต์ และ ซ่อมสีตัวถังรถยนต์,เชียงใหม่,20000000,รายชื่อสถานประกอบการ,บริษัท โตโยต้าอินทนนท์ จำกัด,0,ไชยสถาน,2568,สารภี
5977,ซ่อมรถยนต์,เชียงใหม่,15000000,รายชื่อสถานประกอบการ,บริษัท บาเซโลนา มอเตอร์ จำกัด,0,ฟ้าฮ่าม,2568,เมืองเชียงใหม่
5978,เกี่ยวกับรถยนต์ การสร้าง ประกอบ ดัดแปลง เปลี่ยนแปลงสภาพ การทำหลังคารถต่างๆ เช่น รถพยาบาล รถโดยสาร ฯลฯ และการซ่อมบำรุงรถยนต์,เชียงใหม่,30,รายชื่อสถานประกอบการ,ห้างหุ้นส่วนจำกัด เชียงใหม่ ชุนศิลป์,35000000,หนองผึ้ง,2568,สารภี
5979,ซ่อมรถยนต์ เคาะพ่นสีรถยนต์,เชียงใหม่,1000000,รายชื่อสถานประกอบการ,ห้างหุ้นส่วนจำกัด ทรายทอง ออโต้ คาร์,0,สันปูเลย,2568,ดอยสะเก็ด
5980,ซ่อมรถยนต์ ยางรถยนต์,เชียงใหม่,6,รายชื่อสถานประกอบการ,ห้างหุ้นส่วนจำกัด นพรัตน์ยางยนต์เชียงใหม่,16200000,หนองหอย,2568,เมืองเชียงใหม่
5981,ศูนย์จำหน่าย บริการซ่อม และเคาะ พ่น สีรถยนต์,เชียงใหม่,80000000,รายชื่อสถานประกอบการ,บริษัท แมทริกซ์ ฮอนด้า ออโตโมบิล จำกัด,0,หนองป่าครั่ง,2568,เมืองเชียงใหม่
5982,ซ่อมรถยนต์,เชียงใหม่,3000000,รายชื่อสถานประกอบการ,บริษัท พิงคนครเเซลแอนด์เซอร์วิส จำกัด,0,ท่าศาลา,2568,เมืองเชียงใหม่
5983,ซ่อมรถยนต์,เชียงใหม่,2000000,รายชื่อสถานประกอบการ,บริษัท วี เพอร์เฟค ออโต้คาร์ จำกัด,0,หนองควาย,2568,หางดง
5984,ซ่อมรถยนต์และเคาะ-พ่นสีรถยนต์,เชียงใหม่,5000000,รายชื่อสถานประกอบการ,บริษัท พิงคนครเซลแอนด์เซอร์วิส จำกัด,0,แม่เหียะ,2568,เมืองเชียงใหม่
5985,"ซ่อมรถยนต์,ต่อตัวถังรถ",เชียงใหม่,100000,รายชื่อสถานประกอบการ,บริษัท เชียงใหม่ทวีผล คอนสตรัคชั่น จำกัด,0,หางดง,2568,หางดง
5986,ซ่อมและพ่นสีรถยนต์,เชียงใหม่,1000000,รายชื่อสถานประกอบการ,บริษัท พี.เจ.ออโตเซอร์วิส จำกัด,0,ชมภู,2568,สารภี
5987,"เคาะพ่นสีรถยนต์,ซ่อมรถยนต์",เชียงใหม่,12,รายชื่อสถานประกอบการ,ห้างหุ้นส่วนจำกัด อีสานรุ่งเรือง เชียงใหม่,8230000,สันทรายน้อย,2568,สันทราย
5988,ตั้งศูนย์ถ่วงล้อ เปลี่ยนยาง ปะยาง ซ่อมช่วงล่างรถบรรทุกและรถยนต์นั่งสว่นบุคคล,เชียงใหม่,10000000,รายชื่อสถานประกอบการ,ห้างหุ้นส่วนสามัญนิติบุคคลเวียงพิงค์แอทแวนเทจ,0,ยางเนิ้ง,2568,สารภี
5989,ซ่อมรถยนต์,เชียงใหม่,100000,รายชื่อสถานประกอบการ,สุรกิจกลการ,0,วัดเกต,2568,เมืองเชียงใหม่
5990,ซ่อมรถยนต์,เชียงใหม่,5500000,รายชื่อสถานประกอบการ,บริษัท ไดนาสตี้ เอ็นเอสเอ จำกัด,0,ช้างคลาน,2568,เมืองเชียงใหม่
5991,ศูนย์ซ่อมบริการ เคาะ พ่นสีตัวถังรถยนต์,เชียงใหม่,1000000,รายชื่อสถานประกอบการ,ชัยเจริญดี 999,0,ป่าบง,2568,สารภี
5992,ซ่อมรถยนต์,เชียงใหม่,13,รายชื่อสถานประกอบการ,อู่เกรียงไกรกลการ,350000,ฟ้าฮ่าม,2568,เมืองเชียงใหม่
5993,ซ่อม-เคาะพ่นสีรถยนต์,เชียงใหม่,2400000,รายชื่อสถานประกอบการ,ห้างหุ้นส่วนจำกัด นครพิงค์ ไฮเวย์,0,ท่าศาลา,2568,เมืองเชียงใหม่
5994,ศูนย์จำหน่าย บริการซ่อมและเคาะ พ่นสีรถยนต์,เชียงใหม่,100000000,รายชื่อสถานประกอบการ,บริษัท โตโยต้า เชียงใหม่ จำกัด สาขาจอมทอง,0,ข่วงเปา,2568,จอมทอง
5995,ซ่อมรถยนต์,เชียงใหม่,1000000,รายชื่อสถานประกอบการ,บริษัท วี กรุ๊ป แซดเค จำกัด,0,ฟ้าฮ่าม,2568,เมืองเชียงใหม่
5996,เคาะ-พ่นสีรถยนต์,เชียงใหม่,50000,รายชื่อสถานประกอบการ,ห้างหุ้นส่วนจำกัด อู่จำลองกลการ 98,0,สันทราย,2568,ฝาง
5997,"ต่อตัวถัง,ทำสี และซ่อมแซมรถโดยสาร",เชียงใหม่,1000000,รายชื่อสถานประกอบการ,ห้างหุ้นส่วนจำกัด ดีอาร์.บัสบอดี้,0,บวกค้าง,2568,สันกำแพง
5998,ซ่อมและพ่นสีรถยนต์,เชียงใหม่,38,รายชื่อสถานประกอบการ,บริษัท บาเซโลนา มอเตอร์ จำกัด,57000000,ฟ้าฮ่าม,2568,เมืองเชียงใหม่
5999,"ซ่อมรถยนต์,เปลี่ยนยาง",เชียงใหม่,2000000,รายชื่อสถานประกอบการ,บริษัท พงศ์โชตนาการยาง จำกัด,0,ช้างเผือก,2568,เมืองเชียงใหม่
6000,ซ่อมรถยนต์,เชียงใหม่,1000000,รายชื่อสถานประกอบการ,บริษัท ชัยพัฒนาขนส่งเชียงใหม่ จำกัด,0,หนองป่าครั่ง,2568,เมืองเชียงใหม่
6001,ศูนย์บริการซ่อมรถยนต์,เชียงใหม่,5000000,รายชื่อสถานประกอบการ,บริษัท แสงชัยมอเตอร์เซลส์ จำกัด,0,ฟ้าฮ่าม,2568,เมืองเชียงใหม่
6002,ซ่อมแซมเครื่องยนต์ เคาะพ่นสีตัวถังรถยนต์,เชียงใหม่,2000000,รายชื่อสถานประกอบการ,บริษัท 88 ดาวรุ่ง จำกัด,0,แม่เหียะ,2568,เมืองเชียงใหม่
6003,ศูนย์บริการเคาะพ่นสี รถยนต์,เชียงใหม่,5000000,รายชื่อสถานประกอบการ,บริษัท อีซูซุเชียงใหม่เซลส์ จำกัด,0,หนองผึ้ง,2568,สารภี
6004,ตั้งศูนย์ถ่วงล้อและปะยงรถยนต์,เชียงใหม่,3000000,รายชื่อสถานประกอบการ,บริษัท เชียงใหม่เวียงพิงค์การยาง จำกัด,0,ฟ้าฮ่าม,2568,เมืองเชียงใหม่
6005,ซ่อมรถยนต์,เชียงใหม่,0,รายชื่อสถานประกอบการ,บริษัท อีซูซุ เชียงใหม่เซลส์ จำกัด,0,หนองผึ้ง,2568,สารภี
6006,ศูนย์บริการซ่อมรถยนต์,เชียงใหม่,1000000,รายชื่อสถานประกอบการ,บริษัท เซฟเวย์ ออโต้ เซอร์วิส จำกัด,0,ช้างคลาน,2568,เมืองเชียงใหม่
6007,ซ่อมรถยนต์ และเคาะพ่นสีรถยนต์,เชียงใหม่,600000,รายชื่อสถานประกอบการ,บริษัท อริยกิจ จี.พี. จำกัด,0,สันพระเนตร,2568,สันทราย
6008,ซ่อมและเคาะพ่นสีรถยนต์,เชียงใหม่,10000000,รายชื่อสถานประกอบการ,ห้างหุ้นส่วนจำกัด ยิ่งเจริญรุ่งเกียรติโชคชัย,0,แม่ข่า,2568,ฝาง
6009,เคาะ-พ่นสีรถยนต์,เชียงใหม่,25,รายชื่อสถานประกอบการ,อ.การาจเจริญยนต์,9100000,ดอนแก้ว,2568,สารภี
6010,ซ่อมรถยนต์,เชียงใหม่,39,รายชื่อสถานประกอบการ,บริษัท ธารา จำกัด (สาขาหนองป่าครั่ง),0,หนองป่าครั่ง,2568,เมืองเชียงใหม่
6011,ซ่อมรถยนต์,เชียงใหม่,20000000,รายชื่อสถานประกอบการ,บริษัท ธารา จำกัด สาขาสนามบิน,0,สุเทพ,2568,เมืองเชียงใหม่
6012,ศูนย์บริการซ่อมรถยนต์,เชียงใหม่,1000000,รายชื่อสถานประกอบการ,บริษัท แสงชัยมอเตอร์เซลส์ จำกัด,0,แม่เหียะ,2568,เมืองเชียงใหม่
6013,ศูนย์บริการซ่อมรถยนต์ และบริการซ่อมสีรถยนต์,เชียงใหม่,10000000,รายชื่อสถานประกอบการ,บริษัท โตโยต้าริช จำกัด,0,สันพระเนตร,2568,สันทราย
6014,ซ่อมรถยนต์และซ่อมเคาะพ่นสีรถยนต์,เชียงใหม่,30000000,รายชื่อสถานประกอบการ,ห้างหุ้นส่วนจำกัด อีซูซุศาลาฟาสเตอร์เชียงใหม่,0,ข่วงเปา,2568,จอมทอง
6015,ซ่อมรถยนต์ และเคาะพ่นสีรถยนต์,เชียงใหม่,102,รายชื่อสถานประกอบการ,บริษัท โตโยต้า ล้านนา จำกัด,306000000,ช้างเผือก,2568,เมืองเชียงใหม่
6016,ศูนย์บริการซ่อมรถยนต์ และยานยนต์ทุกประเภท,เชียงใหม่,500000,รายชื่อสถานประกอบการ,บริษัท วี-เพ้นท์ ออโต้เซอร์วิส จำกัด,0,ช้างเผือก,2568,เมืองเชียงใหม่
6017,ซ่อมแซมรถยนต์ และเคาะพ่นสีตัวถัง,เชียงใหม่,3000000,รายชื่อสถานประกอบการ,ห้างหุ้นส่วนจำกัด เศรษฐศักดิ์ บริการ,0,หนองผึ้ง,2568,สารภี
6018,ซ่อม เคาะพ่นสีรถยนต์,เชียงใหม่,20,รายชื่อสถานประกอบการ,บริษัท วิริยะมาสด้า (2004) จำกัด,10400000,หนองจ๊อม,2568,สันทราย
6019,ซ่อมและพ่นสีรถยนต์,เชียงใหม่,3800000,รายชื่อสถานประกอบการ,บริษัท นครพิงค์เวอร์คช็อพ จำกัด,0,สันนาเม็ง,2568,สันทราย
6020,ซ่อมและเคาะพ่นสีรถยนต์ 60 คัน/ปี,เชียงใหม่,150000,รายชื่อสถานประกอบการ,ห้างหุ้นส่วนจำกัด หมื่นการช่าง,0,ต้นเปา,2568,สันกำแพง
6021,ซักรีด ซักแห้ง เครื่องนุ่งห่ม,เชียงใหม่,500000,รายชื่อสถานประกอบการ,ห้างหุ้นส่วนจำกัด นอร์ทเทิร์นลอนดรี เซอร์วิส,0,ป่าป้อง,2568,ดอยสะเก็ด
6022,"ซัก,อบ,รีดผ้า",เชียงใหม่,500000,รายชื่อสถานประกอบการ,ห้างหุ้นส่วนจำกัด มาสเตอร์คลีนลอนดรี้ แอนด์ เซอร์วิส,0,ริมเหนือ,2568,แม่ริม
6023,ซัก อบ รีดผ้า และย้อมผ้า,เชียงใหม่,200000,รายชื่อสถานประกอบการ,ห้างหุ้นส่วนจำกัด สโนไวท์ ลอนลี่,0,ป่าแดด,2568,เมืองเชียงใหม่
6024,โรงงานซักรีด ซักแห้ง ซักฟอกรีดอัด หรือย้อมผ้า เครื่องนุ่งห่ม พรม หรือขนสัตว์,เชียงใหม่,200000,รายชื่อสถานประกอบการ,บริษัท แคร์คลีน ลอนดรี แอนด์ ดรายคลีนนิ่ง จำกัด,0,ท่าศาลา,2568,เมืองเชียงใหม่
6025,โรงงานซักรีด,เชียงใหม่,5000000,รายชื่อสถานประกอบการ,Expert Cleaner,0,ป่าแดด,2568,เมืองเชียงใหม่
6026,ซัก อบ รีด เสื้อผ้า ผ้าคลุมเตียง ผ้าห่ม,เชียงใหม่,200000,รายชื่อสถานประกอบการ,พี.อาร์.ลอนดรี แอนด์ เซอร์วิส,0,สันป่าเปา,2568,สันทราย
6027,โรงงานซักรีด ซักแห้ง ซักฟอก รีด อัด เครื่องนุ่งห่ม พรมหรือขนสัตว์,เชียงใหม่,1500000,รายชื่อสถานประกอบการ,ห้างหุ้นส่วนจำกัด ปาณิฐิตา,0,แม่คือ,2568,ดอยสะเก็ด
6028,โม่ บด ย่อยหิน,เชียงใหม่,10000000,รายชื่อสถานประกอบการ,บริษัท อาเชี่ยน จำกัด,0,บ้านแปะ,2568,จอมทอง
6029,โม่ บด ย่อยหิน,เชียงใหม่,26000000,รายชื่อสถานประกอบการ,บริษัท เชียงใหม่สหศิลา จำกัด,0,ศรีดงเย็น,2568,ไชยปราการ
6030,โม่ บด หรือย่อยหิน,เชียงใหม่,10000000,รายชื่อสถานประกอบการ,บริษัท เชียงใหม่ ที.ดี. จำกัด,0,บ้านแปะ,2568,จอมทอง
6031,โม บด หรือย่อยหิน,เชียงใหม่,0,รายชื่อสถานประกอบการ,บริษัท ปิยะกิจโยธาการ จำกัด,0,แม่แตง,2568,แม่แตง
6032,โม่ บด หรือย่อยหิน,เชียงใหม่,35,รายชื่อสถานประกอบการ,บริษัท สยามสโตน แอ๊กกริเกรท จำกัด,0,แม่โป่ง,2568,ดอยสะเก็ด
6033,โม่ บด หรือย่อยหิน,เชียงใหม่,25000000,รายชื่อสถานประกอบการ,บริษัท เขตศิลา จำกัด,0,บ้านแปะ,2568,จอมทอง
6034,โม่ บด หรือย่อยหิน,เชียงใหม่,10000000,รายชื่อสถานประกอบการ,เชียงใหม่ไท้เซียง,0,บ้านแปะ,2568,จอมทอง
6035,โม่ บด หรือย่อยหิน,เชียงใหม่,27,รายชื่อสถานประกอบการ,บริษัท เอ็มแพค ไมนิ่ง จำกัด,155000000,บ้านแปะ,2568,จอมทอง
6036,โม่ บด และย่อยหิน,เชียงใหม่,27,รายชื่อสถานประกอบการ,นางมัณฑณา ลี้ตระกูล,290000000,บ้านแปะ,2568,จอมทอง
6037,ทำผลิตภัณฑ์จากไม้ไผ่ เช่น ตะเกียบ,เชียงใหม่,50,รายชื่อสถานประกอบการ,ไผ่ทองอุตสาหกรรม,2269654,ป่าบง,2568,สารภี
6038,ทำเส้นก๋วยเตี๋ยว และเส้นหมี่,เชียงใหม่,8,รายชื่อสถานประกอบการ,แสงประทีป,800000,สันปูเลย,2568,ดอยสะเก็ด
6039,ทำน้ำแข็งก้อนเล็ก ,เชียงใหม่,1000000,รายชื่อสถานประกอบการ,ห้างหุ้นส่วนจำกัด วารีเทพ สันกำแพง,0,ทรายมูล,2568,สันกำแพง
6040,ทำน้ำแข็งก้อนเล็ก,เชียงใหม่,50000,รายชื่อสถานประกอบการ,โรงน้ำแข็งสุขเสรี,0,ช้างเผือก,2568,เมืองเชียงใหม่
6041,ทำน้ำแข็งซองได้วันละ 1200 ซอง และทำน้ำแข็งก้อนเล็กได้วันละ 1,เชียงใหม่,300000,รายชื่อสถานประกอบการ,ห้างหุ้นส่วนจำกัด เวียงพิงค์ไอซ์,0,หนองหอย,2568,เมืองเชียงใหม่
6042,ผลิตอาหารสัตว์,เชียงใหม่,1000000,รายชื่อสถานประกอบการ,บริษัท อาร์.พี.เอ็ม ฟาร์ม แอนด์ ฟีด จำกัด,0,หนองควาย,2568,หางดง
6043,ผลิตอาหารผสม หรืออาหารสำเร็จรูปสำหรับเลี้ยงสัตว์,เชียงใหม่,5000000,รายชื่อสถานประกอบการ,บริษัท โฟร์ ที จำกัด,0,ดอยหล่อ,2568,ดอยหล่อ
6044,บดถั่วเหลืองสำหรับเป็นส่วนผสมอาหารสัตว์,เชียงใหม่,500000,รายชื่อสถานประกอบการ,ห้างหุ้นส่วนจำกัด โรงสีข้าวรวงทองเชียงใหม่,0,เชิงดอย,2568,ดอยสะเก็ด
6045,ผลิตโซดา และน้ำดื่ม,เชียงใหม่,165,รายชื่อสถานประกอบการ,บริษัท เชียงใหม่ เบเวอเรช จำกัด,1160000000,ยางเนิ้ง,2568,สารภี
6046,ผลิตน้ำแร่ น้ำดื่ม และขวดพลาสติก,เชียงใหม่,90,รายชื่อสถานประกอบการ,บริษัท ทิปโก้ฟูดส์ จำกัด (มหาชน),400000000,โป่งแยง,2568,แม่ริม
6047,ทำวงกบประตู-หน้าต่าง เครื่องเรือนเครื่องใช้ในบ้านเรือน และไม้เซาะร่องรางลิ้นอัดเป็นแผ่นสำเร็จ,เชียงใหม่,1000000,รายชื่อสถานประกอบการ,,0,น้ำแพร่,2568,หางดง
6048,ทำเครื่องเรือนจากไม้ เช่น ตู้ โต๊ะ เตียง,เชียงใหม่,3950000,รายชื่อสถานประกอบการ,ตนานุวัฒน์เฟอร์นิเจอร์,0,แม่เหียะ,2568,เมืองเชียงใหม่
6049,ฆ่าและชำแหละสุกร,เชียงใหม่,80000000,รายชื่อสถานประกอบการ,บริษัท วีพีเอฟ กรุ๊ป (1973) จำกัด,0,ชมภู,2568,สารภี
6050,แปรรูปผลิตภัณฑ์จากผึ้ง เช่น น้ำผึ้ง นมผึ้ง เกสรผึ้ง และไขผึ้ง ,เชียงใหม่,25000000,รายชื่อสถานประกอบการ,บริษัท เชียงใหม่ เฮลดี้ โปรดักส์ จำกัด,0,สารภี,2568,สารภี
6051,ผลิตนมพาสเจอร์ไรส์และนมเปรี้ยวพร้อมดื่ม,เชียงใหม่,8,รายชื่อสถานประกอบการ,สหกรณ์โคนมเชียงใหม่ จำกัด,30000000,ไชยสถาน,2568,สารภี
6052,ผลิตผักและผลไม้บรรจุกระป๋องสำเร็จรูป,เชียงใหม่,110000000,รายชื่อสถานประกอบการ,บริษัท สันติภาพ (ฮั่วเพ้ง 1958) จำกัด,0,แม่แฝกใหม่,2568,สันทราย
6053,ทำผลไม้บรรุกระป๋อง,เชียงใหม่,2000000,รายชื่อสถานประกอบการ,บริษัท โอ.วี.อินเตอร์เนชั่นแนล อิมปอร์ต-เอ็กซ์ปอร์ต จำกัด,0,แม่ทะลบ,2568,ไชยปราการ
6054,แปรรูปผักและผลไม้บรรจุกระป๋อง แช่แข็งทุกชนิด,เชียงใหม่,140,รายชื่อสถานประกอบการ,บริษัท ซันสวีท จำกัด (มหาชน),996020762,ทุ่งสะโตก,2568,สันป่าตอง
6055,ทำอาหารกระป๋องจากผัก พืชหรือผลไม้และดองผักพืชหรือผลไม้,เชียงใหม่,75000000,รายชื่อสถานประกอบการ,บริษัท ช้างอวอดส์ (1959) จำกัด,0,แม่ข่า,2568,ฝาง
6056,ทำผลิตภัณฑ์อาหารจากผัก ผลไม้ บรรจุกระป๋อง,เชียงใหม่,20000000,รายชื่อสถานประกอบการ,บริษัท อาหารเชียงใหม่อุตสาหกรรม จำกัด,0,บ้านกลาง,2568,สันป่าตอง
6057,ทำอาหารและเครื่องดื่มจากผักผลไม้บรรจุกระป๋อง และผักผลไม้แช่แข็ง,เชียงใหม่,12000000,รายชื่อสถานประกอบการ,บริษัท ดอยคำผลิตภัณฑ์อาหาร จำกัด,0,แม่งอน,2568,ฝาง
6058,ทำผัก-ผลไม้ น้ำผัก-ผลไม้ บรรจุกระป๋อง,เชียงใหม่,10000000,รายชื่อสถานประกอบการ,บริษัท สหปราจีนบุรีอุตสาหกรรมอาหาร จำกัด,0,แม่สูน,2568,ฝาง
6059,ผลิตพืช ผัก ผลไม้ แช่แข็ง แบ่งบรรจุอาหารและเครื่องปรุงอาหารโดยไม่มีการผลิต,เชียงใหม่,569567526,รายชื่อสถานประกอบการ,บริษัท เชียงใหม่โฟรเซ่นฟูดส์ จำกัด (มหาชน),0,แม่แฝกใหม่,2568,สันทราย
6060,ผลิตพืช ผัก และผลไม้อบแห้ง,เชียงใหม่,20000000,รายชื่อสถานประกอบการ,บริษัท เอกมี เทรดดิ้ง อินเตอร์เนชั่นแนล จำกัด,0,ดอยหล่อ,2568,ดอยหล่อ
6061,ห้องเย็น,เชียงใหม่,4000000,รายชื่อสถานประกอบการ,บริษัท ห้องเย็นปรมีจำกัด,0,ฟ้าฮ่าม,2568,เมืองเชียงใหม่
6062,ขยายผลิตพืช ผัก ผลไม้แช่แข็ง และห้องเย็น,เชียงใหม่,16500000,รายชื่อสถานประกอบการ,บริษัท เชียงใหม่โฟรเซ่นฟูดส์ จำกัด (มหาชน),0,หนองจ๊อม,2568,สันทราย
6063,ผลิตและจำหน่ายขนมปัง,เชียงใหม่,100000,รายชื่อสถานประกอบการ,เวียงวราเบเกอรี่,0,ป่าบง,2568,สารภี
6064,ทำขนมปังปอนด์ ขนมเค้ก ขนมเปี๊ยะ,เชียงใหม่,8,รายชื่อสถานประกอบการ,มังกรทองเบเกอรี่,2550000,พระสิงห์,2568,เมืองเชียงใหม่
6065,ทำเส้นก๋วยเตี๋ยวและเส้นหมี่,เชียงใหม่,3,รายชื่อสถานประกอบการ,-,800000,สันทราย,2568,ฝาง
6066,ผลิตภัณฑ์อาหารจากแป้งเป็นเส้น,เชียงใหม่,45,รายชื่อสถานประกอบการ,ห้างหุ้นส่วนจำกัด เชียงใหม่ ลำปางเลิศรส,23500000,สุเทพ,2568,เมืองเชียงใหม่
6067,ผลิตใบชาแห้ง และใบชาผงไม่สำเร็จรูป,เชียงใหม่,5,รายชื่อสถานประกอบการ,บริษัท ชาสยาม จำกัด,30000000,อินทขิล,2568,แม่แตง
6068,"ทำไอศครีมแท่ง, ไอศครีมถ้วย",เชียงใหม่,9,รายชื่อสถานประกอบการ,สโนไวท์,5575000,ช้างม่อย,2568,เมืองเชียงใหม่
6069,คัด บรรจุและแปรรูปผลิตผลการเกษตร เช่น ลำไยสด ลำไยอบแห้ง ชาลำไย,เชียงใหม่,3,รายชื่อสถานประกอบการ,ห้างหุ้นส่วนจำกัด พรมกังวาน,2600000,สันทราย,2568,สารภี
6070,กะเทาะเปลือกถั่วลิสง,เชียงใหม่,4,รายชื่อสถานประกอบการ,ต.วิชัยพาณิชย์,11300000,วัดเกต,2568,เมืองเชียงใหม่
6071,คัดแยกคุณภาพเมล็ดกาแฟ,เชียงใหม่,6,รายชื่อสถานประกอบการ,มูลนิธิพัฒนาชาวเขาแบบผสมผสาน,92433196.56,สันผีเสื้อ,2568,เมืองเชียงใหม่
6072,กรอด้าย เข้าเกลียวด้าย,เชียงใหม่,15,รายชื่อสถานประกอบการ,โรงงานฝ้ายป่าไผ่,5800000,เหมืองแก้ว,2568,แม่ริม
6073,ทอเสื่อกก,เชียงใหม่,35,รายชื่อสถานประกอบการ,บริษัท ไทตาตามิ โปรดักส์ จำกัด,12000000,หนองควาย,2568,หางดง
6074,ตัดเย็บเสื้อผ้าสำเร็จรูป,เชียงใหม่,74,รายชื่อสถานประกอบการ,บริษัท ซี.เอ็ม.แอพพาเรล จำกัด,11250000,เวียง,2568,พร้าว
6075,ผลิตออกแบบ เสื้อผ้าสำเร็จรูป ผ้าไหมไทย ผ้าฝ้ายและอื่นๆ,เชียงใหม่,52,รายชื่อสถานประกอบการ,บริษัท คลาสสิค โมเดล จำกัด,16000000,ป่าแดด,2568,เมืองเชียงใหม่
6076,ผลิต ผลิตภัณฑ์หรือชิ้นส่วนของผลิตภัณฑ์และเครื่องใช้เครื่องแต่งกาย จากหนังสัตว์ ขนสัตว์,เชียงใหม่,70,รายชื่อสถานประกอบการ,บริษัท เมซอง ทาคุยะ 21 (ประเทศไทย) จำกัด,6500000,ต้นเปา,2568,สันกำแพง
6077,โรงงานผลิตเครื่องใช้จากหวายและไม้ไผ่,เชียงใหม่,55,รายชื่อสถานประกอบการ,บริษัท บาย ปาริสรา อินเตอร์เอ็กซ์พอร์ต จำกัด,12700000,บ้านแหวน,2568,หางดง
6078,ประดิษฐ์ไม้แกะสลัก,เชียงใหม่,25,รายชื่อสถานประกอบการ,สิ่งประดิษฐ์ไม้แกะสลักอัศ+นุชนาถ,7250000,สุเทพ,2568,เมืองเชียงใหม่
6079,ผลิตของเล่นจากไม้,เชียงใหม่,21,รายชื่อสถานประกอบการ,บริษัท บุญเลิศ เกมส์ไม้ จำกัด,2000000,หนองหาร,2568,สันทราย
6080,ทำภาชนะบรรจุ และผลิตภัณฑ์จากกระดาษสา,เชียงใหม่,60,รายชื่อสถานประกอบการ,บริษัท ไทยแฮนดิคราฟท์ เอ็กซ์ปอร์ท เซ็นเตอร์ จำกัด,0,ต้นเปา,2568,สันกำแพง
6081,ผลิตผลิตภัณฑ์จากผึ้ง เช่น น้ำผื้ง ไขผึ้ง เกสรดอกไม้ นมผึ้ง,เชียงใหม่,25,รายชื่อสถานประกอบการ,บริษัท ฮันนี่ โพลีพลัส จำกัด,12000000,ท่าศาลา,2568,เมืองเชียงใหม่
6082,ผลิตภัณฑ์อาหารพร้อมรับประทาน,เชียงใหม่,52,รายชื่อสถานประกอบการ,บริษัท พรีเมี่ยมฟูดส์ จำกัด,33714500,แม่แฝก,2568,สันทราย
6083,ผลิตอาหารสำหรับสายการบิน,เชียงใหม่,50,รายชื่อสถานประกอบการ,บริษัท ครัวการบินกรุงเทพเชียงใหม่ จำกัด,180000000,สุเทพ,2568,เมืองเชียงใหม่
6084,พิมพ์ป้ายโฆษณาขนาดใหญ่ด้วยคอมพิวเตอร์,เชียงใหม่,30,รายชื่อสถานประกอบการ,บริษัท วีซายน์ มีเดีย จำกัด,17500000,หนองหอย,2568,เมืองเชียงใหม่
6085,คอนกรีตผสมเสร็จ,เชียงใหม่,8,รายชื่อสถานประกอบการ,บริษัท พี-มิกซ์ โปรดักส์ จำกัด,13000000,เหมืองแก้ว,2568,แม่ริม
6086,ผลิตคอนกรีตผสมเสร็จ,เชียงใหม่,2,รายชื่อสถานประกอบการ,789 คอนกรีต,8000000,เหมืองแก้ว,2568,แม่ริม
6087,ทำซีเมนต์บล็อก,เชียงใหม่,18,รายชื่อสถานประกอบการ,บริษัท ชัยทวีบล็อก จำกัด,13900000,ท่าวังตาล,2568,สารภี
6088,ผลิต จำหน่าย ผลิตภัณฑ์คอนกรีต,เชียงใหม่,8,รายชื่อสถานประกอบการ,ห้างหุ้นส่วนจำกัด สิงโตทอง คอนกรีต,8500000,สะเมิงใต้,2568,สะเมิง
6089,ผลิตคอนกรีตผสมเสร็จและผลิตภัณฑ์คอนกรีต,เชียงใหม่,9,รายชื่อสถานประกอบการ,ห้างหุ้นส่วนจำกัด เอ.เอ็น.วี คอนกรีต,7400000,ขี้เหล็ก,2568,แม่ริม
6090,ผลิตและจำหน่ายคอนกรีตผสมเสร็จ,เชียงใหม่,1,รายชื่อสถานประกอบการ,บริษัท พูนสวัสดิ์ คอนกรีต จำกัด,4400000,ป่าตุ้ม,2568,พร้าว
6091,ผลิตคอนกรีตผสมเสร็จ,เชียงใหม่,4,รายชื่อสถานประกอบการ,ห้างหุ้นส่วนจำกัด พงษ์ศรา คอนกรีต,390000,ช่างเคิ่ง,2568,แม่แจ่ม
6092,ประกอบเครื่องเรือนโลหะ,เชียงใหม่,6,รายชื่อสถานประกอบการ,บริษัท เอ็ม.เจ.สตีล จำกัด,4800000,หนองหาร,2568,สันทราย
6093,"กลึง, เชื่อมโลหะ",เชียงใหม่,4,รายชื่อสถานประกอบการ,-,1900000,ยุหว่า,2568,สันป่าตอง
6094,ทำเครื่องใช้เล็ก ๆ จากโลหะ,เชียงใหม่,53,รายชื่อสถานประกอบการ,บริษัท ลอยฟ้า คอลเลคชั่น จำกัด,4500000,ท่าวังตาล,2568,สารภี
6095,"ซ่อมแซมเครื่องจักรกลการเกษตร,ซ่อมแซมเครื่องยนต์ยานยนต์ที่ใช้ในการเกษตร",เชียงใหม่,18,รายชื่อสถานประกอบการ,เชียงใหม่บริการแทรกเตอร์,8000000,หนองป่าครั่ง,2568,เมืองเชียงใหม่
6096,ประกอบดัดแปลงสภาพรถยนต์ หรือรถยนต์สามล้อ ทำชิ้นส่วนพิเศษสำหรับรถยนต์ หรือเรือ ประกอบดัดแปลงสภาพจักรยานยนต์ จักรยานยนต์สามล้อ ซ่อมรถยนต์,เชียงใหม่,6,รายชื่อสถานประกอบการ,บริษัท ชินนเรศพัฒนา จำกัด,2860000,หนองป่าครั่ง,2568,เมืองเชียงใหม่
6097,เบาะรถยนต์และชิ้นส่วนเบาะรถยนต์,เชียงใหม่,7,รายชื่อสถานประกอบการ,บริษัท สมาร์ทฟลอร์ ซีตติ้ง (ไทยแลนด์) จำกัด,4200000,สันป่าเปา,2568,สันทราย
6098,การถนอมผัก พืช หรือผลไม้โดยวิธีกวน ตากแห้ง ดอง หรือทำให้เยือกแข็งโดยฉับพลันหรือแห้ง,เชียงใหม่,27,รายชื่อสถานประกอบการ,บริษัท ดอกบัวฟู๊ดส์ จำกัด,25300000,ท่ากว้าง,2568,สารภี
6099,"ผลิตขิงดอง,ลังไม้",เชียงใหม่,61,รายชื่อสถานประกอบการ,บริษัท ต้าเฉิน อินเตอร์เนชั่นเนล จำกัด,21900000,หนองบัว,2568,ไชยปราการ
6100,ผลิตลูกปัดแก้ว,เชียงใหม่,50,รายชื่อสถานประกอบการ,บริษัท ไฟนรก จำกัด,0,ทรายมูล,2568,สันกำแพง
6101,ห้องเย็นเก็บพืชผลทางการเกษตร,เชียงใหม่,6,รายชื่อสถานประกอบการ,สรายุทธ,7000000,ท่ากว้าง,2568,สารภี
6102,"ห้องเย็นเก็บรักษาผลิตภัณฑ์ไอศกรีม และอาหาร,เครื่องดื่ม ที่ต้องเก็บรักษาในห้องเย็นทุกชนิด",เชียงใหม่,5,รายชื่อสถานประกอบการ,บริษัท จอมธนา จำกัด,13800000,สันทรายน้อย,2568,สันทราย
6103,ห้องเย็น เก็บอาหารแช่แข็ง,เชียงใหม่,10,รายชื่อสถานประกอบการ,บริษัท เชียงใหม่อินเตอร์มีท จำกัด,10710000,ขัวมุง,2568,สารภี
6104,โรงงานซักรีด ซักแห้ง ซักฟอก รีด อัด หรือย้อมผ้า เครื่องนุ่งห่ม พรม หรือ ขนสัตว์,เชียงใหม่,9,รายชื่อสถานประกอบการ,เอ็ม แอนด์ เอ็ม ลอนตรี้,12500000,แม่คือ,2568,ดอยสะเก็ด
