พื้นที่โรงงาน,ประกอบกิจการ,พื้นที่อาคาร,คนงานหญิง,เริ่มดำเนินการ,หมู่,ถนน,TSIC,เงินทุนรวม,เลขทะเบียนเดิม,โทรศัพท์,FID,GPS_lng,_id,ลำดับ,แรงม้า,อนุญาต,ชื่อโรงงาน,ตำบล,GPS_lat,ซอย,อำเภอ,เลขที่,คนงานชาย,สิ้นอายุ,จังหวัด,คนงานรวม,ไปรษณีย์
540,ตัดเย็บเสื้อผ้าสำเร็จรูป,336,38,1987-02-20T00:00:00,2,งามวงศ์วาน,14111,2810000,2-28(1)-2/30นบ,5880034,-10120300225301-,100.5382333,1,1,56.3,1993-01-10T00:00:00,บริษัท เอ็น เอ แอพพาเรล จำกัด,บางเขน,13.86341667,ธนาคารอาคารสงเคราะห์ 10,เมืองนนทบุรี,เลขที่ 500,1,,นนทบุรี,39,11000
3200,ผลิตพื้นคอนกรีตสำเร็จรูป,1500,20,1990-02-11T00:00:00,2,บางบัวทอง-ตลิ่งชัน,23953,4000000,2-58(1)-8/33นบ, ,-10120000825335-,,2,2,33,1990-02-11T00:00:00,บริษัท คอนกรีตบางบัวทอง จำกัด,บางคูเวียง,, ,บางกรวย,เลขที่ 68/2,40,,นนทบุรี,60,11130
28192,ผลิตอาหารจากแป้ง เช่น ซาลาเปา,9544,170,,2,บางเลน-ปทุมธานี,10743,192350000,3-10(3)-3/63นบ,02-2815694,-10120058125638-,100.429832,3,3,6759.28,2020-03-24T00:00:00,บริษัท วราภรณ์ สมพงษ์ ฟู้ดส์ จำกัด,ไทรน้อย,13.954526,,ไทรน้อย,เลขที่ ,110,,นนทบุรี,280,11150
37124,ทำเส้นหมี่ขาวและเส้นก๋วยเตี่ยว,1980,35,2014-05-26T00:00:00,9,ปทุมธานี-บางเลน,10743,80000000,3-10(3)-5/55นบ,02-1506697,-10120000525554-,100.272084,4,4,2999,2012-06-27T00:00:00,บริษัท สหปั้นข้าว จำกัด,ไทรใหญ่,14.045418,วัดสโมสร,ไทรน้อย,เลขที่ 45,35,2024-01-01T00:00:00,นนทบุรี,70,11150
11200,ทำเส้นก๋วยเตี๋ยว,900,3,,4,,10743,14900000,3-10(3)-5/64นบ,02-985-5927,-10120310625649-,100.344913,5,5,2475,2021-05-27T00:00:00,ก๋วยเตี๋ยวธนาสิน,ราษฎร์นิยม,14.071119,,ไทรน้อย,เลขที่ 15/6,8,,นนทบุรี,11,11150
800,แกะสลักลวดลายกระจก,568,10,1992-08-09T00:00:00,,,25922,19000000,3-100(4)-1/35นบ,5896696,-10120700125358-,100.5285833,6,6,135.25,1995-01-31T00:00:00,บริษัท กระจกศิริรัตน์ จำกัด,บางกระสอ,13.86223333,งามวงศ์วาน 9 แยก 13,เมืองนนทบุรี,เลขที่ 8,28,2022-01-01T00:00:00,นนทบุรี,38,11000
185,ชุบโลหะ,185,0,1977-01-12T00:00:00,,สามัคคี,25921,340000,3-100(5)-1/20นบ,5881688,-10120300125204-,100.5333833,7,7,172.9,1995-04-18T00:00:00,บริษัท ด.บุนนาค นนทบุรี จำกัด,ท่าทราย,13.88353333,สามัคคี 49 แยก 3,เมืองนนทบุรี,เลขที่ 16,12,2020-01-01T00:00:00,นนทบุรี,12,11000
800,ชุบโลหะ,192,0,1990-06-21T00:00:00,4,รุ่งประชา,25921,2100000,3-100(5)-2/33นบ,02-4475821,-10120200225336-,100.476,8,8,149.17,1993-08-03T00:00:00,บริษัท 3 เอสเพลท จำกัด,วัดชลอ,13.79751667,,บางกรวย,เลขที่ 7/12,18,2023-01-01T00:00:00,นนทบุรี,18,11130
64000,ผลิตไอน้ำ,18850,0,2017-09-27T00:00:00,4,ฤชุพันธ์,35302,116500000,3-102-1/60นบ,,-10120000125603-,100.307987,9,9,11884.13,2017-07-14T00:00:00,บริษัท เมโทร พาเนล จำกัด,ไทรใหญ่,14.11476,,ไทรน้อย,เลขที่ ,9,2022-01-01T00:00:00,นนทบุรี,9,11150
4800,"ทำการตัด, อัด, กรีดผ่า, บดแยกชิ้นส่วนเศษสายไฟฟ้า",600,5,2002-09-25T00:00:00,8,วัดโบสถ์-ท่าน้ำ,38211,23600000,3-105-1/45นบ,0-2903-5208,-10120400125450-,100.452134,10,10,61.5,2002-08-27T00:00:00,ห้างหุ้นส่วนจำกัด จิตรเกษมโลหะ,บางกร่าง,13.84623665,,เมืองนนทบุรี,เลขที่ 59/28,5,2022-01-01T00:00:00,นนทบุรี,10,11000
4596,คัดแยกสิ่งปฏิกูลหรือวัสดุที่ไม่ใช้แล้วที่ไม่เป็นของเสียอันตราย,2474,2,2015-11-06T00:00:00,1,ติวานนท์,38211,18500000,3-105-13/58นบ,025822645-7,-10120001325582-,100.5606193,11,11,451,2015-05-19T00:00:00,บริษัท พี.พี.พี.รีไซเคิล จำกัด,บ้านใหม่,13.94722789,พระแม่มหาการุณย์,ปากเกร็ด,เลขที่ 69/288,30,2020-01-01T00:00:00,นนทบุรี,32,11120
3200,คัดแยกวัสดุที่ไม่ใช้แล้วเฉพาะที่กำหนดในหมวด 1 ข้อ 1 ของภาคผนวกที่ 1 บัญชีสิ่งปฏิกูลหรือวัสดุที่ไม่ใช้แล้ว ท้ายประกาศกระทรวงอุตสาหกรรม ฉบับที่ 1 (พ.ศ.2541) และบดย่อยพลาสติก,240,2,2005-12-12T00:00:00,4,จันทร์ทองเอี่ยม,38211,15500000,3-105-151/48นบ,0 2597 8270,-10120015125481-,100.3742,12,12,140,2005-11-15T00:00:00,บริษัท เอสเคเจ อินเตอร์พลาส จำกัด,บางแม่นาง,13.87416667,แก้วอินทร์,บางใหญ่,เลขที่ 25/3,6,2020-01-01T00:00:00,นนทบุรี,8,11140
21044,คัดแยกวัสดุที่ไม่ใช้แล้ว เฉพาะที่กำหนดไว้ในหมวด 1 ข้อ 1 ของภาคผนวกที่ 1 บัญชีสิ่งปฏิกูลหรือวัสดุที่ไม่ใช้แล้ว ท้ายประกาศกระทรวงอุตสาหกรรม ฉบับที่ 1 (พ.ศ.2541),2400,5,2007-01-15T00:00:00,3,รัตนาธิเบศร์,38211,23000000,3-105-165/48นบ,,-10120016525481-,100.4696667,13,13,105,2005-09-12T00:00:00,วงษ์พาณิชย์ สาขานนทบุรี,บางรักน้อย,13.86985,วัดไทรม้า,เมืองนนทบุรี,เลขที่ 79/23,15,2022-01-01T00:00:00,นนทบุรี,20,11000
,คัดแยกวัสดุไม่ใช้แล้ว เช่น เศษผ้า ด้าย สำลี นุ่น กระสอบ กระดาษ เศษเหล็ก เศษพลาสติก เพื่อจำหน่าย นำเข้า ส่งออก,1980,3,2004-04-19T00:00:00,6,-,38211,2740000,3-105-19/47นบ,02-9442225,-10120001925472-,100.39955,14,14,100,2004-02-25T00:00:00,บริษัท อุดมสุข เท็กซ์ไทล์ จำกัด,ละหาร,13.96858333,-,บางบัวทอง,เลขที่ 18/18-19-20,11,2024-01-01T00:00:00,นนทบุรี,14,11110
544,คัดแยกเศษวัสดุที่ไม่ใช้แล้วจากโรงงานอุตสาหกรรมเพื่อนำมารีไซเคิล,544,30,2003-07-21T00:00:00,6,แจ้งวัฒนะ,38211,7702000,3-105-2/46นบ,0 2963 2772-5,-10120200225468-,100.5083333,15,15,5,2003-12-06T00:00:00,บริษัท เค.รีไซเคิล แอนด์ เซอร์วิส จำกัด,บางพูด,13.92941667,แจ้งวัฒนะ-ปากเกร็ด 3,ปากเกร็ด,เลขที่ 14/25,30,2023-01-01T00:00:00,นนทบุรี,60,11120
948,คัดแยกสิ่งปฏิกูลหรือวัสดุที่ไม่ใช้แล้วที่ไม่ใช่ของเสียอันตราย เช่น เศษทองแดง เศษทองเหลือง เศษเหล็ก เศษสแตนเลส เศษอลูมิเนียม เศษสายไฟ เศษพลาสติก เศษกระดาษ เศษไม้ บดย่อยพลาสติก อัดเศษโลหะ ตัดโลหะ,735,5,2023-04-18T00:00:00,3,บางกรวย-ไทรน้อย,38211,20000000,3-105-22/66นบ,29204178,-10120036925661-,,16,16,250,2023-04-03T00:00:00,บริษัท สวัสดิ์รีไซเคิล จำกัด,บางรักพัฒนา,,,บางบัวทอง,เลขที่ 187/70,7,2028-01-01T00:00:00,นนทบุรี,12,11110
6460,คัดแยกวัสดุที่ไม่ใช้แล้วเฉพาะที่กำหนดไว้ในหมวด 1 ข้อ 1 ของภาคผนวกที่ 1 บัญชีสิ่งปฏิกูลหรือวัสดุที่ไม่ใช้แล้วท้ายประกาศกระทรวงอุตสาหกรรม ฉบับที่ 1 (พ.ศ.2541),3600,20,2005-07-25T00:00:00,6,นครอินทร์,38211,141000000,3-105-3/46นบ,0 2913 2197-9,-10120100325467-,100.4301,17,17,1090,2003-12-17T00:00:00,บริษัท โลหะไทยสเตนเลส จำกัด,บางขุนกอง,13.82228333,-,บางกรวย,เลขที่ 38/3,40,2020-01-01T00:00:00,นนทบุรี,60,11130
140,คัดแยกวัสดุที่ไม่ใช้แล้ว เฉพาะที่กำหนดไว้ในหมวด 1 ข้อ 1 ของภาคผนวกที่ 1 บัญชีสิ่งปฏิกูลหรือวัสดุที่ไม่ใช้แล้วท้ายประกาศกระทรวงอุตสาหกรรม ฉบับที่ 1 (พ.ศ.2541) บดย่อยพลาสติก อัดเศษโลหะ ตัด พับ หรือม้วนโลหะ,140,5,2004-04-19T00:00:00,3,บางกรวย-ไทรน้อย,38211,1400000,3-105-30/47นบ,0-2920-5144,-10120003025479-,100.4302833,18,18,90,2004-03-25T00:00:00,บริษัท ธนานุกูลชัย จำกัด,บางรักพัฒนา,13.88696667,ร่มโพธิ์ทอง,บางบัวทอง,เลขที่ 187/48,2,2024-01-01T00:00:00,นนทบุรี,7,11110
1340,คัดแยกวัสดุที่ไม่ใช้แล้ว เฉพาะที่กำหนดไว้ในหมวด 1 ข้อ 1 ของภาคผนวกที่ 1 บัญชีสิ่งปฏิกูลหรือวัสดุที่ไม่ใช้แล้ว ท้ายประกาศกระทรวงอุตสาหกรรม ฉบับที่ 1 (พ.ศ.2541) อัดเศษโลหะ ตัด พับ หรือม้วนโลหะ,1080,6,2004-04-19T00:00:00,,เลี่ยงเมืองนนทบุรี,38211,9000000,3-105-31/47นบ,0-2969-0001-2,-10120003125477-,100.4929,19,19,421,2004-03-25T00:00:00,บริษัท เอส.เค.รีไซเคิล จำกัด,ตลาดขวัญ,13.85615,,เมืองนนทบุรี,"เลขที่ 141,143",5,2024-01-01T00:00:00,นนทบุรี,11,11000
0,คัดแยกวัสดุเหลือใช้จากโรงงาน เช่น กระดาษ พลาสติก โลหะ,75,5,2006-06-19T00:00:00,13,ตลิ่งชัน-สุพรรณบุรี,38211,3000000,3-105-32/49นบ,0 5802 9536,-10120003225491-,100.4146102,20,20,111.1,2006-05-26T00:00:00,นิตยารีไซเคิล,บางบัวทอง,13.93574255, -,บางบัวทอง,เลขที่ 1/4,20,2021-01-01T00:00:00,นนทบุรี,25,11110
1448,คัดแยกสิ่งปฏิกูลหรือวัสดุที่ไม่ใช้แล้วที่ไม่เป็นของเสียอันตราย,493,8,2010-07-30T00:00:00,-,สามัคคี,38211,4000000,3-105-32/53นบ,,-10120003225533-,100.514862,21,21,215,2010-06-16T00:00:00,บริษัท แสงไพศาลค้ากระดาษ จำกัด,ท่าทราย,13.886405,สามัคคี 8,เมืองนนทบุรี,"เลขที่ 12, 14",12,2020-01-01T00:00:00,นนทบุรี,20,11000
2260,คัดแยกสิ่งปฏิกูลหรือวัสดุที่ไม่ใช้แล้วที่ไม่เป็นของเสียอันตราย,1960,10,2010-07-30T00:00:00,-,สามัคคี,38211,11000000,3-105-33/53นบ,,-10120003325531-,100.514809,22,22,385.5,2010-06-16T00:00:00,บริษัท แสงไพศาลค้ากระดาษ จำกัด,ท่าทราย,13.886305,สามัคคี 11,เมืองนนทบุรี,"เลขที่ 11,13",20,2020-01-01T00:00:00,นนทบุรี,30,11000
4800,คัดแยกวัสดุที่ไม่ใช้แล้วที่ไม่เป็นของเสียอันตราย ตามประกาศกระทรวงอุตสาหกรรม เรื่อง การกำจัดสิ่งปฏิกูลหรือวัสดุที่ไม่ใช้แล้ว พ.ศ.2548 และหลอมหล่อโลหะ,648,3,2006-10-08T00:00:00,3,ตลิ่งชัน-สุพรรณบุรี,38211,6100000,3-105-4/46นบ,,-10120000425466-,100.3606667,23,23,393.6,2003-12-29T00:00:00,,บางใหญ่,13.84165,กันตนา,บางใหญ่,เลขที่ 4/5,11,2021-01-01T00:00:00,นนทบุรี,14,11140
4400,คัดแยกวัสดุที่ไม่ใช้แล้วที่ไม่เป็นของเสียอันตราย,2160,3,2016-12-09T00:00:00,9,บางบัวทอง-สุพรรณบุรี,38211,19000000,3-105-47/59นบ,029255794-7,-10120004725598-,100.4041027,24,24,269,2016-07-25T00:00:00,บริษัท ลูกอัด และเศษเหล็กไทย จำกัด,ละหาร,13.95139066,,บางบัวทอง,เลขที่ 27/14,18,2021-01-01T00:00:00,นนทบุรี,21,11110
2324,คัดแยกวัสดุที่ไม่ใช้แล้วที่ไม่เป็นของเสียอันตราย,590,45,2020-05-05T00:00:00,6,นครอินทร์,38211,290000000,3-105-52/60นบ,,-10120005225606-,100.4301849,25,25,858,2017-05-22T00:00:00,บริษัท รวมโลหะ เทรดดิ้ง จำกัด,บางขุนกอง,13.81851201,,บางกรวย,เลขที่ 38/13,55,,นนทบุรี,100,11130
17600,คัดแยกวัสดุที่ไม่ใช้แล้วที่ไม่เป็นอันตราย ตามประกาศกระทรวงอุตสาหกรรม ฉบับที่ 1 (พ.ศ.2541) เช่น กระดาษ พลาสติก และโลหะต่าง ๆ,8000,10,2004-07-26T00:00:00,9,ตลิ่งชัน-สุพรรณบุรี,38211,70000000,3-105-60/47นบ,0 2925 5794,-10120006025476-,100.4060167,26,26,1198,2004-05-07T00:00:00,บริษัท ลูกอัด และเศษเหล็กไทย จำกัด,ละหาร,13.9524,โรงเรียนแสงประทีป,บางบัวทอง,เลขที่ 27/6,30,2024-01-01T00:00:00,นนทบุรี,40,11110
1408,คัดแยกวัสดุที่ไม่ใช้แล้วเฉพาะที่กำหนดในหมวด 1 ข้อ 1 ของภาคผนวกที่ 1 บัญชีสิ่งปฏิกูลหรือวัสดุที่ไม่ใช้แล้วท้ายประกาศกระทรวงอุตสาหกรรมฉบับที่ 1 (พ.ศ.2541),512,18,2004-08-30T00:00:00,,สามัคคี,38211,6200000,3-105-69/47นบ,0 2952 4939,-10120006925477-,100.5130833,27,27,325,2004-05-08T00:00:00,ห้างหุ้นส่วนจำกัด ดวงพร รีไซเคิล,ท่าทราย,13.88728333,สามัคคี 7,เมืองนนทบุรี,เลขที่ 10,11,2024-01-01T00:00:00,นนทบุรี,29,11000
3200,คัดแยกวัสดุที่ไม่ใช้แล้วที่ไม่เป็นของเสียอันตราย เช่น ทองเหลือง ทองแดง เหล็ก อลูมิเนียม เศษกระดาษ เศษพลาสติก อัดเศษกระดาษ อัดโลหะ,1433,5,2010-12-15T00:00:00,7,บางบัวทอง-สุพรรณบุรี,38211,1000000,3-105-73/53นบ,02 9833600-1,-10120007325537-,100.378693,28,28,133,2010-11-16T00:00:00,ทรัพย์เจริญเซียงกง,ละหาร,13.966722,-,บางบัวทอง,เลขที่ 94/8,5,2020-01-01T00:00:00,นนทบุรี,10,11110
3200,บดย่อยชิ้นส่วนอิเล็กทรอนิกส์ใช้แล้วและเครื่องใช้ไฟฟ้า บดย่อยเศษตะกรันโลหะ เก็บรวบรวมแบตเตอรี่ใช้แล้วโดยไม่มีการแปรสภาพ สกัดโลหะมีค่าจากกากตะกอนระบบบำบัดน้ำเสียที่มีโลหะมีค่า นำน้ำมันหล่อลี่นที่ใช้แล้วหรือสารทำละลายที่ใช้แล้วผ่านกรรมวิธีทางอุตสาหกรรม มาทำเชื้อเพลิงทดแทน และผลิตเชื้อเพลิงผสม,1125,0,2020-10-30T00:00:00,8,,38300,17000000,3-106-104/60นบ,,-10120010425605-,100.3054125,29,29,345,2017-01-12T00:00:00,บริษัท ไทย เวสท์ แมเนจเม้นท์ จำกัด,คลองขวาง,14.01023344,,ไทรน้อย,เลขที่ โฉนดที่ดินเลขที่ 5176,15,,นนทบุรี,15,11130
3200,ผลิตน้ำมันสังเคราะห์ (เชื้อเพลิงทดแทน) จากพลาสติกที่ใช้แล้วด้วยกระบวนการ Pyrolysis,1512,1,2014-04-08T00:00:00,2,ไทรน้อย-บางเลน,38300,55000000,3-106-21/56นบ,29735188,-10120002125569-,100.318846,30,30,1696.98,2013-09-18T00:00:00,บริษัท คอร์สแอร์ แบงคอก จำกัด,คลองขวาง,14.008574,,ไทรน้อย,เลขที่ 48,24,2024-01-01T00:00:00,นนทบุรี,25,11150
8000,ปรับสภาพกรดที่ใช้แล้วและล้างบรรจุภัณฑ์ที่ใช้แล้ว,1465,9,,10,,38300,16000000,3-106-23/67นบ,863456679,-10120094425679-,100.293391,31,31,159.29,2024-07-06T00:00:00,บริษัท ไทยคลอไรด์ แมนูแฟคเจอร์ริ่ง จำกัด,ไทรใหญ่,14.057088,,ไทรน้อย,เลขที่ 92/10,11,,นนทบุรี,20,11150
9600,ถอดแยกบดย่อยแผงวงจรและชิ้นส่วนอุปกรณ์ไฟฟ้าและอิเล็กทรอนิกส์ หลอมหล่อกากตะกอน ตะกรันทองแดง อลูมิเนียม ทองเหลือง และดีบุก เพื่อนำกลับมาใช้ประโยชน์ใหม่ และคัดแยกวัสดุที่ไม่ใช้แล้วที่ไม่เป็นของเสียอันตราย,975,15,,10,,38300,18000000,3-106-32/67นบ,,-10120099925673-,,32,32,960.7,2024-06-13T00:00:00,บริษัท เจซี เมทัล จำกัด,ไทรใหญ่,,,ไทรน้อย,เลขที่ โฉนดเลขที่ 61796,15,,นนทบุรี,30,11150
3200,ผลิตน้ำมันสังเคราะห์ (เชื้อเพลิงทดแทน) จากพลาสติกใช้แล้วด้วยกระบวนการ Pyrolysis,2634,2,,2,,38300,20000000,3-106-35/66นบ,21238619,-10120153325661-,,33,33,2171.9,2023-09-27T00:00:00,บริษัท คอร์สแอร์ แบงคอก ทู จำกัด,คลองขวาง,,,ไทรน้อย,เลขที่ 9/2,23,,นนทบุรี,25,11150
4670,ถอด แยก บด ย่อย แผง โซลาร์เซลล์ใช้แล้ว,1404,2,2024-08-05T00:00:00,1,,38300,40839072,3-106-41/66นบ,081-3989777,-10120180825667-,,34,34,1554.64,2023-10-25T00:00:00,บริษัท นภาเอ็นเทอร์ไพร์ส จำกัด,ราษฎร์นิยม,,,ไทรน้อย,เลขที่ โฉนดที่ดินเลขที่ 37170,7,2029-01-01T00:00:00,นนทบุรี,9,11150
16199,ผลิตเชื้อเพลิงขยะ (RDF),2300,8,2023-01-03T00:00:00,8,-,38300,591280000,3-106-45/65นบ,ื0922640625,-10120103025650-,100.313769,35,35,827.7,2022-06-14T00:00:00,บริษัท สยาม พาวเวอร์ จำกัด,คลองขวาง,14.013749,-,ไทรน้อย,เลขที่ 59/1,24,2028-01-01T00:00:00,นนทบุรี,32,11150
5622,ทำเชื้อเพลิงทดแทนจากน้ำมันที่ใช้แล้วและตัวทำละลายที่ใช้แล้วโดยกระบวนการกรองถอดแยกและบดย่อยชิ้นส่วนอุปกรณ์ไฟฟ้าและอิเล็กทรอนิกส์ ถอดแยกมอเตอร์เก่าที่ไม่เป็นของเสียอันตราย ปอกและบดย่อยเศษสายไฟที่ไม่เป็นของเสียอันตราย บดย่อยตะกรันโลหะ เช่น ตะกรันอลูมิเนียม ตะกรันทองแดง เก็บรวบรวมแบตเตอรี่เก่าโดยไม่มีการแปรสภาพและคัดแยกวัสดุที่ไม่ใช้แล้วที่ไม่เป็นของเสียอันตราย,1551,4,2023-09-09T00:00:00,10,,38300,21000000,3-106-71/65นบ,,-10120201525650-,100.314831,36,36,381.7,2022-11-23T00:00:00,บริษัท เค.เอ.2018 เทรดดิ้ง จำกัด,คลองขวาง,14.014962,,ไทรน้อย,เลขที่ โฉนดที่ดินเลขที่ 59198,16,2028-01-01T00:00:00,นนทบุรี,20,11150
1100,ผลิตแผ่น วีซีดี ซีดีรอม ซีดีอาร์ ซีดีเกมส์ ซีดีไอ ดีวีดี ดีวีดี-รอม ซีดี เลเซอร์ดิสก์,400,24,2006-09-11T00:00:00,4,บ้านกล้วย-ไทรน้อย,26202,136799000,3-107-4/49นบ,02-9234381-4,-10120000425490-,100.3822419,37,37,1602.7,2006-07-27T00:00:00,บริษัท ทูไดเมนชั่น แมนูแฟคเจอริ่ง จำกัด,พิมลราช,13.92431312,,บางบัวทอง,เลขที่ 88/1,43,2022-01-01T00:00:00,นนทบุรี,67,11110
6360,ทำลูกกวาดและขนมขบเคี้ยว ทำช็อกโกแลตผง ทำขิงผงและเก๊กฮวยผง ทำหมากฝรั่ง,2991,120,1983-09-23T00:00:00,2,แจ้งวัฒนะ,10739,235000000,3-12(10)-1/26นบ,5745170-1,-10120000125264-,100.5458667,38,38,6104.89,1993-05-08T00:00:00,บริษัท เยเนอรัลแคนดี้ จำกัด,คลองเกลือ,13.90288333,ศรีตะปันย์,ปากเกร็ด,เลขที่ 51/3,62,2020-01-01T00:00:00,นนทบุรี,182,11120
3500,ทำไอศกรีม,2050,21,1986-05-16T00:00:00,4,ติวานนท์,10503,16500000,3-12(11)-1/29นบ,5884758,-10120100125297-,100.5103833,39,39,562.26,1995-09-02T00:00:00,บริษัท ศิริเบญจ จำกัด,ตลาดขวัญ,13.85245,เรวดี 22,เมืองนนทบุรี,เลขที่ 124/60,8,2020-01-01T00:00:00,นนทบุรี,29,11000
3200,ทำแยมผลไม้ ซอสพริก และน้ำมันสลัด,900,51,1989-01-16T00:00:00,8,ติวานนท์,10774,13400000,3-13(2)-1/32นบ,5831843,-10120000125322-,100.51785,40,40,833.98,1993-09-29T00:00:00,บริษัท สุขุมพาณิชย์ จำกัด,บางพูด,13.9243,,ปากเกร็ด,เลขที่ 88/9,17,2020-01-01T00:00:00,นนทบุรี,68,11120
48255,ผลิตน้ำสลัดและน้ำซอส,1560,23,2010-01-10T00:00:00,8,ตลิ่งชัน-สุพรรณบุรี,10799,53000000,3-13(6)-1/53นบ,,-10120000125538-,100.3687251,41,41,649.17,2010-07-16T00:00:00,บริษัท พรีมาฟูดส์ ซัพพลาย จำกัด,ละหาร,13.98753243,สุเหร่าแดง,บางบัวทอง,เลขที่ 99,9,2020-01-01T00:00:00,นนทบุรี,32,11110
2400,"ทำน้ำแข็งซอง เพิ่มขึ้นได้วันละ 648 ซอง รวมเป็น 1,297 ซอง/วัน",648,0,1975-08-20T00:00:00,1,นนทบุรี 1,10795,31000000,3-14-1/18นบ,5251934,-10120100125180-,100.48625,42,42,1696.83,1993-09-04T00:00:00,ห้างหุ้นส่วนจำกัด โรงน้ำแข็งสาครทิพย์,บางกระสอ,13.87866667,-,เมืองนนทบุรี,เลขที่ 86/3,7,2023-01-01T00:00:00,นนทบุรี,7,11000
8000,ทำน้ำแข็งซองได้วันละ 2681 ซอง และทำน้ำแข็งก้อนเล็กวันละ 58.36 ตัน,312,1,1976-09-04T00:00:00,3,สุขาประชาสรรค์,10795,23700000,3-14-1/19นบ,5837474,-10120000125199-,100.4928,43,43,3042.31,1994-09-02T00:00:00,-,ปากเกร็ด,13.90841667,,ปากเกร็ด,เลขที่ 77,15,2024-01-01T00:00:00,นนทบุรี,16,11120
4000,ทำน้ำแข็งก้อนเล็ก ได้วันละ 190.91 ตัน,4000,8,1978-06-20T00:00:00,,,10795,3100000,3-14-1/21นบ,5252811,-10120100125214-,100.48675,44,44,1999.5,1993-03-19T00:00:00,บริษัท ร่วมพัฒนาน้ำแข็งหลอด จำกัด,บางกระสอ,13.87835,,เมืองนนทบุรี,เลขที่ 3,15,2023-01-01T00:00:00,นนทบุรี,23,11000
4412,ผลิตน้ำแข็ง ได้วันละ 651 ซอง,684,0,1980-07-04T00:00:00,1,นนทบุรีสาย 1,10795,37950000,3-14-1/23นบ,5251067,-10120100125230-,100.4858667,45,45,547,1995-05-07T00:00:00,,บางกระสอ,13.87886667,,เมืองนนทบุรี,เลขที่ 87,11,2020-01-01T00:00:00,นนทบุรี,11,11000
996,ทำน้ำแข็งก้อนเล็ก ได้วันละ 33.98 ตัน,84,0,1988-01-14T00:00:00,2,งามวงศ์วาน,10795,3200000,3-14-1/31นบ,5897135,-10120000125314-,100.5383833,46,46,410.5,1994-01-02T00:00:00,บริษัท มั่งมีโภคทรัพย์ จำกัด,บางเขน,13.86148333,วัดบัวขวัญ,เมืองนนทบุรี,เลขที่ 49/4/1,4,2024-01-01T00:00:00,นนทบุรี,4,11000
4290,ผลิตน้ำแข็งซอง,550,0,2000-01-20T00:00:00,2,ปลายบาง,10795,25000000,3-14-1/42นบ,-,-10120100125420-,100.43305,47,47,1757,1999-08-16T00:00:00,บริษัท โรงน้ำแข็งนวลวรรณ จำกัด,มหาสวัสดิ์,13.80501667,วัดบางไกรใน,บางกรวย,เลขที่ 75/17,10,2020-01-01T00:00:00,นนทบุรี,10,11130
0,ผลิตน้ำแข็งก้อนเล็ก ผลิตได้วันละ 150 ตัน/วัน,350,8,2002-08-04T00:00:00,6,จงถนอม - วัดต้นเชือก,10795,17500000,3-14-1/44นบ,02-9277870,-10120000125447-,100.3221667,48,48,775.5,2001-07-23T00:00:00,น้ำแข็งศาลายา,ศาลากลาง,13.81985,,บางกรวย,เลขที่ 64/4,8,2022-01-01T00:00:00,นนทบุรี,16,11130
5624,"ผลิตน้ำแข็งซอง เพิ่มขึ้นอีก 400 ซอง/วัน รวมเป็น 2,000 ซอง/วัน",2062,0,2003-09-22T00:00:00,7,กรุงเทพ-นนทบุรี,10795,75760000,3-14-1/45นบ,02-5895442,-10120000125454-,100.52435,49,49,3230.5,2002-09-20T00:00:00,บริษัท ศรีวัฒนะชัยน้ำแข็งซองและหลอด จำกัด,บางเขน,13.84303333,12  (ศิริชัย 1),เมืองนนทบุรี,เลขที่ 47/164,12,2023-01-01T00:00:00,นนทบุรี,12,11000
10860,"ผลิตน้ำแข็งซอง เพิ่มวันละ 1,080 ซอง รวมเป็น 1,800 ซองต่อวัน",1570,0,2010-09-13T00:00:00,6,ตลิ่งชัน-สุพรรณบุรี,10795,100000000,3-14-17/52นบ,02-9271901,-10120001725526-,100.3937,50,50,3269,2009-05-26T00:00:00,บริษัท โรงน้ำแข็งกังวานสิน จำกัด,บางคูรัด,13.89182,วัดลาดปลาดุก,บางบัวทอง,เลขที่ 88,32,2020-01-01T00:00:00,นนทบุรี,32,11110
984,ทำน้ำแข็ง ได้วันละ 978 ซอง,984,0,1970-10-16T00:00:00,1,นนทบุรี 1,10795,4100000,3-14-2/13นบ,4385599,-10120000225130-,100.4862667,51,51,1367.47,1993-12-24T00:00:00,ห้างหุ้นส่วนจำกัด โรงน้ำแข็งธาราทิพย์,บางกระสอ,13.87875,-,เมืองนนทบุรี,เลขที่ 86/2,13,2024-01-01T00:00:00,นนทบุรี,13,11000
1200,ทำน้ำแข็งซองได้วันละ 936 ซอง และทำน้ำแข็งก้อนเล็กวันละ 13,1068,2,1976-06-23T00:00:00,3,แจ้งวัฒนะ,10795,8525680,3-14-2/19นบ,5837661,-10120000225197-,100.4931667,52,52,1121.61,1994-08-02T00:00:00,ห้างหุ้นส่วนจำกัด ส.วารีพัฒนา,ปากเกร็ด,13.91165,สุขาประชาสรรค์ 1,ปากเกร็ด,เลขที่ 34/7,14,2024-01-01T00:00:00,นนทบุรี,16,11120
2000,ทำน้ำแข็งซอง ได้วันละ 752 ซอง,800,0,1988-06-29T00:00:00,1,นนทบุรี 1,10795,5400000,3-14-2/31นบ,2467300,-10120100225311-,100.4923667,53,53,703,1993-12-14T00:00:00,นางสาวนวลฉวี ประเสริฐสุขสม,บางกระสอ,13.8745,โรงน้ำแข็ง,เมืองนนทบุรี,เลขที่ 87/5,10,2024-01-01T00:00:00,นนทบุรี,10,11000
2066,ผลิตน้ำแข็งซองและน้ำแข็งหลอด,2066,0,2022-08-15T00:00:00,2,,10795,30000000,3-14-20/62นบ,,-10120170125623-,100.4415208,54,54,2633,2019-03-07T00:00:00,บริษัท โรงน้ำแข็งอานนท์ จำกัด,ลำโพ,13.95355789,,บางบัวทอง,เลขที่ โฉนดที่ดินที่ 8553,14,,นนทบุรี,14,11000
6000,"ทำน้ำแข็งซอง ได้วันละ 1,000 ซอง/วัน",2436,4,2017-08-21T00:00:00,9,บางศรีเมือง-วัดโบสถ์,10795,105000000,3-14-24/56นบ,,-10120002425563-,100.468569,55,55,1102,2013-02-05T00:00:00,วารีน้ำแข็ง 2,บางกร่าง,13.842854,เพิ่มแฉล้มอุทิศ,เมืองนนทบุรี,เลขที่ 54/9,9,2022-01-01T00:00:00,นนทบุรี,13,11000
6108,ทำน้ำแข็งซอง ได้วันละ 330 ซอง และทำน้ำแข็งก้อนเล็ก ได้วันละ 50 ตัน,1669,4,,2,บางบัวทอง-ประตูน้ำพระอุดม,10795,59000000,3-14-29/52นบ,02-8719890,-10120002925521-,100.3937,56,56,1020,2009-06-08T00:00:00,ห้างหุ้นส่วนจำกัด วรรณวารี,ละหาร,13.89182,-,บางบัวทอง,เลขที่ ,14,,นนทบุรี,18,11110
4760,ทำน้ำแข็งซอง ได้วันละ 963 ซอง และทำน้ำแข็งก้อนเล็ก ได้วันละ,1360,0,1972-02-07T00:00:00,1,นนทบุรี 1,10795,45000000,3-14-3/15นบ,5250172,-10120000325153-,100.4883167,57,57,4586,1993-08-03T00:00:00,บริษัท โรงน้ำแข็ง แสงพิทักษ์ จำกัด,บางกระสอ,13.87866667,โรงน้ำแข็ง,เมืองนนทบุรี,เลขที่ 86/4,12,2023-01-01T00:00:00,นนทบุรี,12,11000
6400,ผลิตน้ำแข็งก้อนเล็ก เพิ่มขึ้นวันละ 70 ตัน ,440,0,1988-03-08T00:00:00,1,นนทบุรี 1,10795,8500000,3-14-3/31นบ,02-5251934,-10120000325310-,100.4862333,58,58,1640.32,1993-12-24T00:00:00,ห้างหุ้นส่วนจำกัด โรงน้ำแข็งสาครทิพย์,บางกระสอ,13.8787,นนทบุรี 20,เมืองนนทบุรี,เลขที่ 86/3,2,2024-01-01T00:00:00,นนทบุรี,2,11000
5116,ผลิตน้ำแข็งก้อนเล็ก กำลังการผลิต 400 ตันต่อวัน,975,3,2018-06-29T00:00:00,5,,10795,78000000,3-14-30/57นบ,089-7775549,-10120003025578-,100.434448,59,59,1743.5,2014-08-05T00:00:00,บริษัท อุตสาหกรรมน้ำแข็งไทย จำกัด,มหาสวัสดิ์,13.801724,,บางกรวย,เลขที่ ,6,2023-01-01T00:00:00,นนทบุรี,9,11130
9216,ทำน้ำแข็งซองและทำน้ำแข็งก้อนเล็ก,2417,3,,6,อบจ.สายทางบางแม่นาง (เทิดพระเกียรติ),10795,66000000,3-14-32/58นบ,081-7352566,-10120003225582-,100.3814705,60,60,2658.5,2015-09-06T00:00:00,บริษัท คิงส์ไอซ์แมน จำกัด,บางแม่นาง,13.85454153,,บางใหญ่,เลขที่ ,6,,นนทบุรี,9,47000
3960,"ทำน้ำแข็ง ได้วันละ 1,872 ซอง",945,0,1973-12-07T00:00:00,1,นนทบุรี 1,10795,16000000,3-14-4/15นบ,081-5135577,-10120000425151-,100.4871667,61,61,1541.42,1993-09-04T00:00:00,ห้างหุ้นส่วนจำกัด โรงน้ำแข็งสินทิพย์,บางกระสอ,13.87833333,,เมืองนนทบุรี,เลขที่ 85/1,7,2023-01-01T00:00:00,นนทบุรี,7,11000
2400,ทำน้ำแข็งก้อนเล็ก,2400,0,1986-12-11T00:00:00,-,,10795,19100000,3-14-4/29นบ,02 9681288,-10120000425292-,100.4874507,62,62,1732,1986-12-11T00:00:00,บริษัท ธวัชชัยน้ำแข็งหลอด จำกัด,บางกระสอ,13.8782217,นนทบุรี 20,เมืองนนทบุรี,เลขที่ 3/4,11,2020-01-01T00:00:00,นนทบุรี,11,11000
3420,ผลิตน้ำแข็งหลอด,342,2,2019-06-17T00:00:00,5,ตลิ่งชัน-สุพรรณบุรี,10795,23500000,3-14-51/61นบ,,-10120005125616-,100.386501,63,63,562,2018-10-31T00:00:00,ปัน ปัน น้ำแข็งหลอด,บางแม่นาง,13.854515,,บางใหญ่,เลขที่ 66/6,12,2024-01-01T00:00:00,นนทบุรี,14,11140
24833,ผลิตน้ำแข็งซอง กำลังการผลิต 937 ซองต่อวัน และน้ำแข็งก้อนเล็ก กำลังการผลิต 144 ตันต่อวัน,4592,15,2005-01-11T00:00:00,6,ลาดบัวหลวง-ไทรน้อย,10795,90500000,3-14-65/47นบ,,-10120006525475-,100.3326,64,64,4420,2004-09-22T00:00:00,บริษัท ไอยรา-ไทรน้อย จำกัด,ราษฎร์นิยม,14.06876667,-,ไทรน้อย,เลขที่ 100,63,2020-01-01T00:00:00,นนทบุรี,78,11150
7221,ผลิตน้ำแข็งก้อนเล็กและน้ำแข็งซอง,2881,0,2013-09-16T00:00:00,1,รัตนาธิเบศร์,10795,55000000,3-14-68/53นบ,02-5943588,-10120006825537-,100.461155,65,65,1942,2010-11-24T00:00:00,บริษัท โรงน้ำแข็ง สยามราชพฤกษ์ จำกัด,ไทรม้า,13.890309,ท่าอิฐ,เมืองนนทบุรี,เลขที่ 8/8,15,2023-01-01T00:00:00,นนทบุรี,15,11000
5380,ทำน้ำแข็งซองและน้ำแข็งก้อนเล็ก,2263,3,2011-05-09T00:00:00,5,ราชพฤกษ์,10795,51500000,3-14-9/53นบ,081-3441227,-10120000925531-,100.45495,66,66,1973,2010-12-03T00:00:00,บริษัท ราชพฤกษ์ ไอซ์ จำกัด,บางพลับ,13.93363,บางพลับ 8,ปากเกร็ด,เลขที่ 33/8,6,2021-01-01T00:00:00,นนทบุรี,9,11120
1284,"ผลิตน้ำแข็งซอง
",450,9,2016-04-19T00:00:00,1,นนทบุรี 1,10795,73000000,3-14-93/57นบ,02-5252811,-10120009325576-,100.4859392,67,67,1366,2014-12-18T00:00:00,บริษัท นทพร จำกัด,บางกระสอ,13.87831606,นนทบุรี 20,เมืองนนทบุรี,เลขที่ 86/409,18,2021-01-01T00:00:00,นนทบุรี,27,11000
189600,ผลิตเบียร์ ประมาณปีละ 200 ล้านลิตรต่อปี,10925,0,1995-04-15T00:00:00,2,สุพรรณบุรี-บางบัวทอง,11030,0,3-19(2)-1/38นบ,2469673,-10120000125389-,100.3116667,68,68,18322.73,1995-03-16T00:00:00,บริษัท ไทยเอเชีย แปซิฟิค บริวเวอรี่ จำกัด,ไทรใหญ่,14.08298333,หลักกิโลเมตรที่ 45,ไทรน้อย,เลขที่ 111,0,2020-01-01T00:00:00,นนทบุรี,0,11150
14332,หีบฝ้ายและอัดฝ้าย ได้เดือนละ 500 ตัน,1000,150,1980-02-13T00:00:00,5,แจ้งวัฒนะ,1630,12583000,3-2(4)-1/23นบ,5836392,-10120000125231-,100.5071333,69,69,408.5,1995-10-13T00:00:00,บริษัท โรงงานฝ้ายบางกอก จำกัด,ปากเกร็ด,13.90736667,,ปากเกร็ด,เลขที่ 56/15,20,2020-01-01T00:00:00,นนทบุรี,170,11120
25600,ผลิตน้ำดื่ม,2900,100,2024-07-26T00:00:00,10,,11041,133000000,3-20(1)-14/66นบ,658186958,-10120084925662-,100.292106,70,70,2229.3,2023-05-29T00:00:00,บริษัท ไทย อควาเฟรช จำกัด,ไทรใหญ่,14.048791,วัดสโมสร,ไทรน้อย,เลขที่ 98,169,2029-01-01T00:00:00,นนทบุรี,269,11150
19748,ผลิตน้ำดื่ม และผลิตขวดพลาสติก,6772,30,2023-08-12T00:00:00,4,บางบัวทอง-สุพรรณบุรี,11041,476298183,3-20(1)-24/66นบ,02-1501484,-10120161225663-,100.326877,71,71,4912.35,2023-09-29T00:00:00,บริษัท ท็อปเพชร แพ็คเกจจิ้ง จำกัด,ราษฎร์นิยม,14.064742,-,ไทรน้อย,"เลขที่ 4/8, 4/9, 4/12",46,2028-01-01T00:00:00,นนทบุรี,76,11150
19200,ผลิตน้ำอัดลม อาร์ซ เซเว่นอัพ เฮาดี้ และผลิตน้ำดื่ม,4800,40,1970-10-30T00:00:00,9,งามวงศ์วาน,11042,20000000,3-20(3)-1/13นบ,080 6068533,-10120000125132-,100.5237333,72,72,902.2,1970-12-25T00:00:00,บริษัท โชคชัยพิบูล จำกัด,บางกระสอ,13.8586,,เมืองนนทบุรี,เลขที่ 244,62,2024-01-01T00:00:00,นนทบุรี,102,11000
0,ผลิตน้ำอัดลม,952,15,1998-02-16T00:00:00,,งามวงศ์วาน,11042,50000000,3-20(3)-1/40นบ,098-8818986,-10120200125403-,100.5266667,73,73,470.25,1997-12-11T00:00:00,บริษัท โชคชัยพิบูล จำกัด,บางกระสอ,13.86371667,,เมืองนนทบุรี,เลขที่ 70,100,2023-01-01T00:00:00,นนทบุรี,115,11000
4464,ปั่นด้าย (จำนวนแกนปั่นด้าย 240 แกน),4464,0,1992-01-15T00:00:00,5,สนามบินน้ำ,13131,82640000,3-22(1)-1/35นบ,5882694,-10120000125355-,100.5019667,74,74,285,1994-11-30T00:00:00,บริษัท เสรีชัยยุทธภัณฑ์ จำกัด,ท่าทราย,13.8736,รณสิทธิพิชัย,เมืองนนทบุรี,เลขที่ 55/20,60,2020-01-01T00:00:00,นนทบุรี,60,11000
21760,ย้อมสีเส้นใย,1832,54,1994-07-01T00:00:00,2,ไทรน้อย-ลาดบัวหลวง,13131,24926554,3-22(1)-1/36นบ,02-9855192-3,-10120000125363-,100.31135,75,75,7255.1,1997-08-14T00:00:00,บริษัท เค.วี.ดี.อินดัสเทรียล จำกัด,ไทรใหญ่,14.06565,,ไทรน้อย,เลขที่ 23/2,59,2024-01-01T00:00:00,นนทบุรี,113,11150
17852,ซัก อบ รีด เสื้อผ้า,1650,54,1999-01-29T00:00:00,1,กรุงนนท์-จงถนอม,13131,39000000,3-22(1)-1/41นบ,02 9850497-9,-10120000125413-,100.4335333,76,76,4074.37,1998-04-08T00:00:00,บริษัท โรงพยาบาลพญาไท 1 จำกัด,มหาสวัสดิ์,13.81003333,วัดบางไกรใน,บางกรวย,เลขที่ 98/6,37,2024-01-01T00:00:00,นนทบุรี,91,11130
36448,ทอสายยางยืด สายเทป ทำกระดุมและฟอกย้อม (จำนวนเครื่องทอ 94 เครื่อง เครื่องถัก 5 เครื่อง),8393,14,1982-07-16T00:00:00,4,บางกรวย-ไทรน้อย,13111,22000000,3-22(2)-1/25นบ,,-10120000125256-,100.3853667,77,77,3615.14,1982-07-16T00:00:00,บริษัท ยูไนเต็ดแฟบริค จำกัด,บางบัวทอง,13.94288333,,บางบัวทอง,"เลขที่ 32/2, 32/3",10,2024-01-01T00:00:00,นนทบุรี,24,11110
864,ทอผ้า (จำนวนเครื่องทอผ้า 74 เครื่อง),864,0,1987-04-08T00:00:00,5,สนามบินน้ำ,13111,3600000,3-22(2)-1/30นบ,5882694,-10120100125305-,100.5025167,78,78,88,1987-04-08T00:00:00,บริษัท เสรีชัยยุทธภัณฑ์ จำกัด,บางกระสอ,13.86256667,รณสิทธิพิชัย,เมืองนนทบุรี,เลขที่ 54/1/1,65,2023-01-01T00:00:00,นนทบุรี,65,11000
15600,ทอผ้าและทอผ้ายืด,12000,49,2003-08-08T00:00:00,5,บางบัวทอง-สุพรรณบุรี,13111,87000000,3-22(2)-1/46นบ,02-9854636-9,-10120100125461-,100.3295,79,79,1129.5,2003-06-26T00:00:00,บริษัท ดี เทคโน เท็กซ์ จำกัด,คลองขวาง,14.06023333,,ไทรน้อย,เลขที่ 2/4,40,2023-01-01T00:00:00,นนทบุรี,89,11150
39168,ทอผ้า,10640,78,2004-01-03T00:00:00,5,ติวานนท์,13111,11300000,3-22(2)-1/47นบ,02-5823018-9,-10120000125470-,100.5314167,80,80,5248.36,2004-01-23T00:00:00,บริษัท วินเน่อร์เท็คซ์ไทล์ จำกัด,บ้านใหม่,13.93948333,วัดสลักเหนือ,ปากเกร็ด,เลขที่ 33/4,39,2024-01-01T00:00:00,นนทบุรี,117,11120
27125,เกี่ยวกับผลิตภัณฑ์ยาง (เส้นยางยืดและแถบยางยืด),8159,158,1971-07-06T00:00:00,8,ติวานนท์,13111,407000000,3-22(2)-2/14นบ,5832386-8,-10120000225148-,100.5188833,81,81,1781,1993-08-03T00:00:00,บริษัท ไทยอิลาสติค จำกัด,บางพูด,13.92048333,,ปากเกร็ด,เลขที่ 11/1,22,2023-01-01T00:00:00,นนทบุรี,180,11120
96000,ปั่นด้ายจากใยเทียม และใยธรรมชาติ ทอผ้า ฟอกย้อม,48000,775,1995-06-20T00:00:00,2,ติวานนท์,13111,88157931,3-22(2)-2/35นบ,5838116,-10120000225353-,100.5443,82,82,42481.35,1995-07-25T00:00:00,บริษัท อุตสาหกรรมแมนดารินสปินนิ่ง จำกัด,บ้านใหม่,13.95188333,วัดโพธิ์ทองบน,ปากเกร็ด,เลขที่ 17/2,294,2022-01-01T00:00:00,นนทบุรี,1069,11120
38400,ทอสายยางยืด สายเทปและฟอกย้อม ทอเสื้อและกางเกง,1650,33,,9,บางบัวทอง-สุพรรณบุรี,13111,48000000,3-22(2)-2/46นบ,02-9226611-3,-10120000225460-,100.3849,83,83,1379.83,2003-08-08T00:00:00,บริษัท ยูไนเต็ดแฟบริค จำกัด,ละหาร,13.94315,,บางบัวทอง,เลขที่ ,35,,นนทบุรี,68,11110
17640,ทอผ้า ถักผ้าและฟอกย้อมแต่งสำเร็จ,14617,183,1972-04-20T00:00:00,5,ติวานนท์,13131,43986000,3-22(3)-1/15นบ,,-10120100125156-,100.5302,84,84,7842.8,1993-03-23T00:00:00,บริษัท สหไทยซินเทติกไฟเบอร์ จำกัด,บ้านใหม่,13.94125,วัดสลักเหนือ,ปากเกร็ด,เลขที่ 33/2,48,2023-01-01T00:00:00,นนทบุรี,231,11120
12640,รับบริการซักฟอกผ้า ซักรีดผ้า เสื้อผ้าสำเร็จรูปและสิ่งทอ,12640,0,2003-08-19T00:00:00,3,บางกรวย-ไทรน้อย,13131,8100000,3-22(3)-1/45นบ,02-4475372,-10120100125453-,100.4682333,85,85,6112.87,2002-03-22T00:00:00,บริษัท ทอมมาติน วอชชิ่ง จำกัด,บางสีทอง,13.82628333,ส่วนบุคคล,บางกรวย,เลขที่ 4/2,28,2023-01-01T00:00:00,นนทบุรี,28,11130
84164,"ฟอกย้อมผ้า ได้ปีละ 60,000 ชิ้น",1500,10,1995-09-10T00:00:00,1,ไทรน้อย-วัดคลองเจ้า,13131,9250000,3-22(3)-2/37นบ,5971200,-10120000225379-,100.2971167,86,86,3560.69,1995-06-01T00:00:00,บริษัท ไทยเจริญกิจ บลีชชิ่ง จำกัด,ทวีวัฒนา,13.95666667,,ไทรน้อย,เลขที่ 44/1,12,2020-01-01T00:00:00,นนทบุรี,22,11150
26560,"ทำเครื่องสนาม, กระโจม, ตัดเย็บเสื้อผ้าสำเร็จรูป, ทำโต๊ะ,",1400,49,1986-11-14T00:00:00,5,.,13922,24000000,3-23(3)-1/29นบ,5882694,-10120200125296-,100.5019667,87,87,169.75,1994-01-12T00:00:00,บริษัท เสรีชัยยุทธภัณฑ์ จำกัด,ท่าทราย,13.87361667,รณสิทธิพิชัย,เมืองนนทบุรี,เลขที่ 55/20,16,2020-01-01T00:00:00,นนทบุรี,65,11000
2352,ทักทอผ้าขนสัตว์เทียมและผลิตภัณฑ์จากพลาสติก,22640,22,2020-09-25T00:00:00,11,,13999,44000000,3-24-5/63นบ,02-8956636-7,-10120080625639-,100.3107814,88,88,3386.13,2020-04-22T00:00:00,บริษัท ไฮย์ พี.พี.ซี (ประเทศไทย) จำกัด,ไทรใหญ่,14.06533829,,ไทรน้อย,เลขที่ 23/12,22,,นนทบุรี,44,11150
864,เคลือบผ้าใบด้วย พี.วี.ซี. พลาสติกและเคมีภัณฑ์,864,0,1987-06-15T00:00:00,8,สนามบินน้ำ,13922,0,3-27(3)-1/30นบ,,-10120200125304-,100.5025167,89,89,144.6,1993-03-19T00:00:00,บริษัท เสรีชัยยุทธภัณฑ์ จำกัด,บางกระสอ,13.86256667,รณสิทธิชัย,เมืองนนทบุรี,เลขที่ 54/1/1,55,2023-01-01T00:00:00,นนทบุรี,55,11000
62144,ตัดเย็บเครื่องแต่งกาย เสื้อฝน เสื้อแจ็กเก็ทและกางเกงและกระเป๋าผ้า (จำนวนจักรเย็บผ้า 1320 เครื่อง),18300,2679,1973-01-02T00:00:00,4,แจ้งวัฒนะ,14111,15200000,3-28(1)-1/16นบ,0 2834 7777,-10120000125165-,100.5152,90,90,4970.43,1993-12-24T00:00:00,บริษัท ไทยการ์เมนต์เอ๊กซ์ปอร์ต จำกัด,ปากเกร็ด,13.9066,,ปากเกร็ด,เลขที่ 50/3,46,2024-01-01T00:00:00,นนทบุรี,2725,11120
3840,ตัดเย็บเสื้อผ้าสำเร็จรูป (จำนวนจักรเย็บผ้า 731 เครื่อง),2600,227,1983-07-12T00:00:00,,,14111,25000000,3-28(1)-1/26นบ,5890123,-10120100125263-,100.5386667,91,91,263.23,1995-12-19T00:00:00,บริษัท ไนซ์ แอพพาเรล จำกัด,บางเขน,13.86346667,งามวงศ์วาน 25 แยก 19,เมืองนนทบุรี,เลขที่ 7,21,2020-01-01T00:00:00,นนทบุรี,248,11000
35200,"ตัดเย็บเสื้อผ้าสำเร็จรูป (จำนวนจักรเย็บผ้า 2,877 เครื่อง)",10090,1850,1984-08-22T00:00:00,4,แจ้งวัฒนะ,14111,484026801,3-28(1)-1/27นบ,,-10120000125272-,100.5467833,92,92,6939.97,1993-08-03T00:00:00,บริษัท วาไทยอุตสาหกรรม จำกัด (มหาชน),บางตลาด,13.89465,สากลแลนด์,ปากเกร็ด,เลขที่ 25/17,150,2023-01-01T00:00:00,นนทบุรี,2000,11120
2500,ตัดเย็บเสื้อผ้าสำเร็จรูป (จำนวนจักรเย็บผ้า 233 เครื่อง),3300,284,1989-02-14T00:00:00,2,งามวงศ์วาน,14111,18000000,3-28(1)-1/32นบ,5801865,-10120100125321-,100.52615,93,93,365.97,1995-03-26T00:00:00,บริษัท ปอมแฟชั่น จำกัด,บางเขน,13.8569,,เมืองนนทบุรี,"เลขที่ 35/52-54,34/26",27,2020-01-01T00:00:00,นนทบุรี,311,11000
3300,ตัดเย็บเสื้อผ้าสำเร็จรูป (จำนวนจักรเย็บผ้า 80 เครื่อง),2500,102,1992-08-07T00:00:00,,งามวงศ์วาน,14111,13000000,3-28(1)-1/35นบ,5801865,-10120100125354-,100.5146333,94,94,29.58,1995-03-15T00:00:00,บริษัท กุลถาวร จำกัด,บางเขน,13.83993333,อัคนี,เมืองนนทบุรี,เลขที่ 34/26,0,2020-01-01T00:00:00,นนทบุรี,102,11000
27916,ตัดเย็บเสื้อผ้าสำเร็จรูป,21484,253,2019-07-02T00:00:00,3,,14111,250358403,3-28(1)-27/61นบ,,-10120002725616-,100.4318056,95,95,528.79,2018-11-22T00:00:00,บริษัท ซาลอม จำกัด,บางรักพัฒนา,13.89352656,,บางบัวทอง,เลขที่ 100/2,63,2024-01-01T00:00:00,นนทบุรี,316,11110
864,"ตัดเย็บเสื้อผ้าสำเร็จรูป, ตัดเย็บมุ้งทำเครื่องสนามและเต้นท์ (จำนวนจักรเย็บผ้า 60 เครื่อง)",864,60,1989-12-27T00:00:00,5,สนามบินน้ำ,14111,2300000,3-28(1)-3/32นบ,5882694,-10120000325328-,100.5019667,96,96,617,1993-04-03T00:00:00,บริษัท เสรีชัยยุทธภัณฑ์ จำกัด,ท่าทราย,13.87361667,รณสิทธิพิชัย,เมืองนนทบุรี,เลขที่ 55/20,60,2020-01-01T00:00:00,นนทบุรี,120,11000
2880,ตัดเย็บเสื้อผ้าสำเร็จรูป (จำนวนจักรเย็บผ้า 356 เครื่อง),1512,385,1990-05-11T00:00:00,,,14111,100000000,3-28(1)-3/33นบ,5890123,-10120000325336-,100.5355167,97,97,540.76,1993-03-18T00:00:00,บริษัท ไนซ์ แอพพาเรล จำกัด,บางเขน,13.86713333,งามวงศ์วาน 25 แยก 19,เมืองนนทบุรี,เลขที่ 8/1,45,2023-01-01T00:00:00,นนทบุรี,430,11000
11304,ตัดเย็บเสื้อผ้าสำเร็จรูป,8252,732,1991-06-14T00:00:00,4,แจ้งวัฒนะ,14111,379205408,3-28(1)-3/34นบ,0-2834-7646,-10120000325344-,100.51365,98,98,5530.89,1993-12-16T00:00:00,บริษัท แมนดาริน โคลธิ่ง จำกัด,ปากเกร็ด,13.90675,,ปากเกร็ด,เลขที่ 50/5,47,2024-01-01T00:00:00,นนทบุรี,779,11120
6500,ตัดเย็บเสื้อผ้าสำเร็จรูป (จำนวนจักรเย็บผ้า 422 เครื่อง),3196,681,1987-02-12T00:00:00,,,14111,80530430,3-28(1)-5/30นบ,,-10120000525307-,100.48925,99,99,426.55,1993-05-13T00:00:00,บริษัท บุรี จำกัด,ตลาดขวัญ,13.85898333,,เมืองนนทบุรี,เลขที่ 158,17,2023-01-01T00:00:00,นนทบุรี,698,11000
151780,ขุดดินและดูดทรายในที่ดินกรรมสิทธิ์,0,0,2014-08-09T00:00:00,5,,8103,9000000,3-3(2)-166/57นบ,081-9291876,-10120016625570-,100.306855,100,100,1600,2014-07-23T00:00:00,บริษัท ทรัพย์เพิ่มพูน (2013) จำกัด,ไทรใหญ่,14.138638,,ไทรน้อย,เลขที่ ,4,2024-01-01T00:00:00,นนทบุรี,4,11150
11320,ทำปลอกคอสุนัข เชือกหนังล่ามสุนัข กระดูกเทียม ต้นไม้ประดิษฐ์ ดอกไม้ประดิษฐ์ และอาหารสำหรับนก,5660,191,1973-05-04T00:00:00,,,14200,5000000,3-32(1)-1/16นบ,5883038,-10120100125164-,100.5325167,101,101,1167.3,1994-01-26T00:00:00,บริษัท เฟรนชิพเพ็ทโปรดักส์ จำกัด,บางกระสอ,13.85795,,เมืองนนทบุรี,เลขที่ 20,60,2024-01-01T00:00:00,นนทบุรี,251,11000
4000,ผลิตเครื่องหนังแท้ และหนังเทียม เช่น กระเป๋าถือสตรีและกระเป๋าบุรุษ,2400,77,1988-12-13T00:00:00,8,พิบูลย์สงคราม,14200,3690000,3-32(1)-1/31นบ,5251926,-10120100125313-,100.5059,102,102,19,1994-01-28T00:00:00,บริษัท สุณีเวย์ จำกัด,บางเขน,13.8312,วัดกำแพง,เมืองนนทบุรี,เลขที่ 36/35,66,2024-01-01T00:00:00,นนทบุรี,143,11000
3200,เลื่อยไม้,1500,25,1974-01-15T00:00:00,,รัตนาธิเบศร์,16101,5300000,3-34(1)-1/17นบ,5250264,-10120000125173-,100.49735,103,103,516.5,1995-01-23T00:00:00,ห้างหุ้นส่วนจำกัด ซีง่วนเซียงหลี,บางกระสอ,13.86458333,,เมืองนนทบุรี,เลขที่ 623,25,2020-01-01T00:00:00,นนทบุรี,50,11000
2400,ไส ซอย เซาะร่อง รางลิ้นและกลึงไม้,2120,0,1989-03-17T00:00:00,13,ตลิ่งชัน-สุพรรณบุรี,16101,10860000,3-34(1)-1/32นบ,,-10120200125320-,100.4113167,104,104,407,1994-12-30T00:00:00,บริษัท แอล.วี.ผลิตภัณฑ์ไม้ จำกัด,บางม่วง,13.8482,,บางใหญ่,เลขที่ 81/2,30,2020-01-01T00:00:00,นนทบุรี,30,11140
6400,เลื่อย ไส ซอย ไม้,2683,5,1997-07-07T00:00:00,6,ตลิ่งชัน-สุพรรณบรี,16101,30000000,3-34(1)-1/40นบ,01-9183043,-10120300125402-,100.2896333,105,105,443.25,1997-05-21T00:00:00,บริษัท โรงเลื่อยจักร บี.ดี.เอส.ทิมเบอร์ จำกัด,ไทรใหญ่,14.11528333,,ไทรน้อย,เลขที่ 14/5,8,2022-01-01T00:00:00,นนทบุรี,13,11150
3638,เลื่อยไม้,3572,0,1973-11-13T00:00:00,,นนทบุรี ,16101,2000000,3-34(1)-10/15นบ,5251333,-10120001025158-,100.4864333,106,106,1846.5,1993-03-19T00:00:00,บริษัท บุญวู๊ด จำกัด,บางกระสอ,13.88046667,,เมืองนนทบุรี,เลขที่ 555,45,2023-01-01T00:00:00,นนทบุรี,45,11000
3600,ไสไม้และซอยไม้,1280,0,1970-03-30T00:00:00,9,,16101,400000,3-34(1)-2/13นบ,4245260,-10120100225139-,100.4769167,107,107,69,1993-11-24T00:00:00,ธำรงชัยค้าไม้,วัดชลอ,13.8083,,บางกรวย,เลขที่ 93/1,2,2024-01-01T00:00:00,นนทบุรี,2,11130
3226,เลื่อยไม้,704,0,1971-01-14T00:00:00,9,ติวานนท์,16101,2100000,3-34(1)-2/14นบ,5831334,-10120100225147-,100.5169667,108,108,167.5,1995-02-24T00:00:00,ห้างหุ้นส่วนจำกัด โรงเลื่อยจักรไท้เฮงเสง,บางพูด,13.91856667,,ปากเกร็ด,เลขที่ 11/2,21,2020-01-01T00:00:00,นนทบุรี,21,11120
13962,เลื่อยไม้และทำไม้อัด,5940,107,1974-03-14T00:00:00,2,นนทบุรี 1,16101,80000000,3-34(1)-2/17นบ,02-5251773-5,-10120000225171-,100.4798167,109,109,21649.85,1974-03-14T00:00:00,บริษัท เมโทรท็อปวู้ด จำกัด,บางกระสอ,13.87213333,วัดน้อยนอก,เมืองนนทบุรี,เลขที่ 74/1,118,2020-01-01T00:00:00,นนทบุรี,225,11000
17860,เลื่อยไม้ (เครื่องจักรใช้สำหรับเลื่อยไม้ 250 แรงม้าและ,3920,2,1987-01-28T00:00:00,5,บางกรวย-ไทรน้อย,16101,8600000,3-34(1)-2/30นบ,2112687,-10120000225304-,100.37955,110,110,350.5,1997-08-07T00:00:00,บริษัท ทรอปิคอลทิมเบอร์ จำกัด,บางบัวทอง,13.94646667,,บางบัวทอง,เลขที่ 39/3,14,2023-01-01T00:00:00,นนทบุรี,16,11110
31790,แปรรูปไม้ ผลิตไม้บาง (ไม้วีเนียร์) เพื่อจำหน่าย,6880,56,2003-02-20T00:00:00,4,ฤชุพันธ์,16101,48500000,3-34(1)-2/45นบ,02-9223856,-10120000225452-,100.3082833,111,111,4393.56,2002-05-08T00:00:00,บริษัท เอพี แมนูแฟคเจอเรอร์ จำกัด,ไทรใหญ่,14.1127,,ไทรน้อย,เลขที่ 59/1,35,2023-01-01T00:00:00,นนทบุรี,91,11150
4000,ไส-ซอยไม้ ทำวงกบประตูหน้าต่างไม้,240,0,1985-03-12T00:00:00,7,บางกรวย-ไทรน้อย,16101,220000,3-34(1)-4/28นบ,5717518,-10120000425284-,100.4361333,112,112,69,1994-01-02T00:00:00,ห้างหุ้นส่วนจำกัด บางรักใหญ่พานิช,บางรักใหญ่,13.87155,,บางบัวทอง,เลขที่ 50,4,2024-01-01T00:00:00,นนทบุรี,4,11110
2496,ไสไม้ ซอยไม้,160,0,1981-07-27T00:00:00,7,บางกรวย-ไทรน้อย,16101,370000,3-34(1)-6/24นบ,5717520,-10120000625248-,100.4361333,113,113,42.28,1993-02-03T00:00:00,ห้างหุ้นส่วนจำกัด ฮกเฮงล้งค้าไม้,บางรักใหญ่,13.87155,,บางบัวทอง,เลขที่ 5,3,2023-01-01T00:00:00,นนทบุรี,3,11110
29120,แปรรูปไม้โดยการเลื่อย ไส ซอย,7800,20,2007-02-19T00:00:00,6,บางบัวทอง-สุพรรณบุรี,16101,0,3-34(1)-63/47นบ,,-10120006325470-,100.4085833,114,114,1591.8,2004-08-07T00:00:00,บริษัท จี.แอล.เอช.โปรดักส์ จำกัด,ละหาร,13.90648333,-,บางบัวทอง,เลขที่ 73,80,2022-01-01T00:00:00,นนทบุรี,100,11110
1619,ทำประตู - หน้าต่างไม้,717,0,1991-02-01T00:00:00,8,ติวานนท์,16220,34680000,3-34(2)-1/24นบ,5881548,-10120000125249-,100.5246167,115,115,93,1993-03-16T00:00:00,ส.พัฒนา,บางกระสอ,13.88426667,,เมืองนนทบุรี,เลขที่ 109/16-17,9,2023-01-01T00:00:00,นนทบุรี,9,11000
1060,ทำวงกบ บานประตูหน้าต่าง เฟอร์นิเจอร์เครื่องเรือน,1060,2,1986-04-17T00:00:00,4,แจ้งวัฒนะ,16220,470000,3-34(2)-2/29นบ,5837639,-10120100225295-,100.5162333,116,116,56.75,1994-12-27T00:00:00,รุ่งทวีการช่าง,ปากเกร็ด,13.90651667,,ปากเกร็ด,เลขที่ 50/19-20,6,2020-01-01T00:00:00,นนทบุรี,8,11120
40952,แปรรูปไม้ในลักษณะอุตสาหกรรมต่อเนื่อง เพื่อทำประตูไม้อัด ผลิตแผ่นไม้บาง ไม้อัด บล๊อกบอร์ด ลังไม้อัด ไม้รองยกสินค้า เครื่องเรือนและเครื่องใช้จากไม้ โดยใช้ไม้ท่อน,12316,92,1989-06-22T00:00:00,9,บางบัวทอง-สุพรรณบุรี,16220,104000000,3-34(2)-2/32นบ,0 2925 5529,-10120200225328-,100.40415,117,117,9472.05,1989-06-22T00:00:00,บริษัท ต.ประสานศิลป์ จำกัด,ละหาร,13.9586,-,บางบัวทอง,เลขที่ 40/5,71,2020-01-01T00:00:00,นนทบุรี,163,11110
3200,ทำวงกบประตู-หน้าต่าง และไส-ซอยไม้,280,0,1978-11-24T00:00:00,5,,16220,12300000,3-34(2)-5/21นบ,,-10120000525216-,100.46785,118,118,50.5,1993-02-03T00:00:00,ห้างหุ้นส่วนจำกัด กระเบื้องวัฒนา,ท่าอิฐ,13.89331667,,ปากเกร็ด,เลขที่ 44,3,2023-01-01T00:00:00,นนทบุรี,3,11120
659,ทำวงกบบานประตู-หน้าต่างจากไม้,659,0,1971-02-10T00:00:00,2,งามวงศ์วาน,16220,250000,3-34(2)-6/14นบ,5880590,-10120000625149-,100.52615,119,119,63.5,1993-08-03T00:00:00,ห้างหุ้นส่วนจำกัด เชียงฮงล้ง,บางเขน,13.85688333,,เมืองนนทบุรี,เลขที่ 35/12,6,2020-01-01T00:00:00,นนทบุรี,6,11000
8800,ทำไม้วีเนียร์ และไม้อัดทุกชนิด,8800,49,2004-09-27T00:00:00,1,ไทรน้อย-ลาดบัวหลวง,16210,108000000,3-34(3)-1/46นบ,0 2249 1063,-10120200125460-,100.3060465,120,120,1450.14,2003-04-23T00:00:00,บริษัท ชัยวสิษฐ์พาราวู้ด (2002) จำกัด,ราษฎร์นิยม,14.03350789, -,ไทรน้อย,เลขที่ 9/5,50,2024-01-01T00:00:00,นนทบุรี,99,11150
12383,เลื่อยไม้ และผลิตแผ่นไม้บาง,2890,34,1988-05-13T00:00:00,2,,16210,10000000,3-34(3)-2/31นบ,5251793,-10120200225310-,100.4831,121,121,906.33,1993-04-27T00:00:00,บริษัท เมโทร อินดัสเตรียล ปาร์ต จำกัด,บางกระสอ,13.87431667,นนทบุรี 15,เมืองนนทบุรี,เลขที่ 72,39,2024-01-01T00:00:00,นนทบุรี,73,11000
654859,ทำไม้ปาร์ติเกิล,21888,20,2004-11-22T00:00:00,4,ฤชุพันธ์,16210,1210000000,3-34(3)-2/46นบ,0-2985-5433-42,-10120100225469-,100.3082667,122,122,21325.58,2003-02-06T00:00:00,บริษัท เมโทร ปาร์ติเกิล จำกัด,ไทรใหญ่,14.11268333,,ไทรน้อย,เลขที่ 39/5,55,2024-01-01T00:00:00,นนทบุรี,75,11150
72000,ทำแผ่นไม้อัด,6000,25,2004-08-16T00:00:00,4,ไทรน้อย-ลาดบัวหลวง,16210,7000000,3-34(3)-3/46นบ,,-10120000325468-,100.3119833,123,123,5222.5,2003-10-27T00:00:00,บริษัท พลาย เวิลด์ จำกัด,คลองขวาง,14.04836667,,ไทรน้อย,เลขที่ 23/2,25,2024-01-01T00:00:00,นนทบุรี,50,11150
133532,ทำไม้ปาร์ติเกิล,24768,31,2012-06-25T00:00:00,4,ฤชุพันธ์,16210,1565000000,3-34(3)-3/54นบ,,-10120000325542-,100.3082667,124,124,31169.54,2011-04-27T00:00:00,บริษัท เมโทร ปาร์ติเกิล จำกัด,ไทรใหญ่,14.11268333,-,ไทรน้อย,เลขที่ 39/5,115,2022-01-01T00:00:00,นนทบุรี,146,11150
70160,อบไม้ อาบน้ำยาไม้ และทำปาเก้,8600,14,1984-12-19T00:00:00,9,บางบัวทอง-สุพรรณบุรี,16102,0,3-34(5)-1/27นบ,4245864,-10120100125271-,100.4001667,125,125,913.96,1983-04-26T00:00:00,บริษัท เกียรติชัยวัสดุก่อสร้าง จำกัด,ละหาร,13.9648,,บางบัวทอง,เลขที่ 40/1,6,2023-01-01T00:00:00,นนทบุรี,20,11110
52200,ทำเครื่องเรือน บานประตู-หน้าต่างจากไม้,19110,299,1976-10-22T00:00:00,1,แจ้งวัฒนะ,31001,308000000,3-37-1/19นบ,,-10120100125198-,100.5032833,126,126,3201,1994-04-25T00:00:00,บริษัท สักทอง (ไทย) จำกัด,ปากเกร็ด,13.92371667,สุขาประชาสรรค์,ปากเกร็ด,"เลขที่ 126/7,126/14",379,2024-01-01T00:00:00,นนทบุรี,678,11120
3600,ทำเฟอร์นิเจอร์ด้วยเหล็กและไม้,1026,0,1980-01-22T00:00:00,8,ติวานนท์,31001,500000,3-37-1/23นบ,5881244,-10120300125238-,100.5151333,127,127,56.55,1994-12-21T00:00:00,บริษัท ทรีสไตล์ จำกัด,บางพูด,13.91708333,,ปากเกร็ด,เลขที่ 11/8,30,2020-01-01T00:00:00,นนทบุรี,30,11120
9304,ทำเครื่องเรือนจากไม้ และเสาแกะสลัก,4921,73,1986-07-14T00:00:00,6,สุขาภิบาล 2,31001,0,3-37-4/29นบ,5839408,-10120100425291-,100.50625,128,128,1849.43,1993-03-30T00:00:00,บริษัท ทัสค์ จำกัด,บางพูด,13.92928333,,ปากเกร็ด,เลขที่ 19/4,68,2020-01-01T00:00:00,นนทบุรี,141,11120
2625,นำไม้อัดและไม้อัดชานอ้อยมาปิดผิวด้วยวัสดุต่าง ๆ เพื่อนำไปทำเป็นชิ้นส่วนของเครื่องเรือนหรือเครื่องตบแต่งภายในอาคาร ,2625,23,2024-03-06T00:00:00,1,บางกรวย-ไทรน้อย,31001,35000000,3-37-4/67นบ,20345788,-10120049525672-,,129,129,2457.51,2024-03-26T00:00:00,บริษัท อีเอส คอนเซปท์ จำกัด,ราษฎร์นิยม,,,ไทรน้อย,เลขที่ 9/3,30,2029-01-01T00:00:00,นนทบุรี,53,11150
10190,ทำเฟอร์นิเจอร์จากไม้และโลหะต่าง ๆ,0,0,1986-06-10T00:00:00,7,ประชาราษฎร์,31001,2200000,3-37-6/29นบ,5251979,-10120000625297-,100.5201,130,130,63.19,1994-11-17T00:00:00,บริษัท เค.ซี.เฟอร์ไลน์ จำกัด,บางเขน,13.84245,ศิริชัย 1,เมืองนนทบุรี,เลขที่ 22/31,22,2020-01-01T00:00:00,นนทบุรี,22,11000
120,ทำวงกบ ประตู หน้าต่างและเครื่องเรือน,120,0,1983-11-11T00:00:00,3,บางกรวย-ไทรน้อย,31001,720000,3-37-8/26นบ,0-2447-5634,-10120000825269-,100.4771167,131,131,76,1995-01-20T00:00:00,สมนึกการช่าง,วัดชลอ,13.80465,,บางกรวย,เลขที่ 61/1,10,2020-01-01T00:00:00,นนทบุรี,10,11130
9600,ผลิตเยื่อกระดาษ และทำผลิตภัณฑ์พลาสติก,1250,4,2024-09-16T00:00:00,9,ลาดหลุมแก้ว-บางเลน,16292,30000000,3-38(1)-1/67นบ,081-7521881,-10120119725673-,,132,132,1586,2024-11-07T00:00:00,บริษัท อีโค่ เฟรนด์ลี่ ไทย จำกัด,ไทรใหญ่,,วัดสโมสร,ไทรน้อย,เลขที่ 32,16,2029-01-01T00:00:00,นนทบุรี,20,11150
34619,ผลิตกระดาษการ์ดและกระดาษกล่องเคลือบแป้ง,11704,0,1974-12-30T00:00:00,3,สุขาภิบาล,17012,47247610,3-38(2)-1/17นบ,5838216,-10120100125172-,100.5182833,133,133,20987.12,1994-10-24T00:00:00,บริษัท โรงงานกระดาษเทนมา (ประเทศไทย) จำกัด,บางพูด,13.93873333,วัดบางพูด,ปากเกร็ด,เลขที่ 6/2,236,2020-01-01T00:00:00,นนทบุรี,236,11120
4932,ทำภาชนะบรรจุจากกระดาษ และทำผลิตภัณฑ์พลาสติกทุกชนิด,1600,40,2004-06-21T00:00:00,1,บางกรวย-ไทรน้อย,17020,69000000,3-39-4/47นบ,,-10120000425474-,100.4049157,134,134,726.3,2004-05-17T00:00:00,บริษัท พี.พี.ซี.อุตสาหกรรม จำกัด,บางบัวทอง,13.92761168,โรงหมี่,บางบัวทอง,เลขที่ 26/10-11,40,2024-01-01T00:00:00,นนทบุรี,80,11110
8280,ผลิตบรรจุภัณฑ์จากกระดาษทุกชนิด,6099,35,2023-09-20T00:00:00,4,ประชาอุทิศ,17020,191000000,3-39-6/66นบ,993646287,-10120021525666-,100.340146,135,135,1280,2023-04-02T00:00:00,บริษัท เอส เอ็น พี เปเปอร์ จำกัด,บ้านใหม่,13.84199,-,บางใหญ่,เลขที่ โฉนดที่ดินเลขที่,40,2028-01-01T00:00:00,นนทบุรี,75,11140
18800,ทำเทปพลาสติกเคลือบกาว กระดาษเคลือบกาว และผลิตภัณฑ์เคลือบกาวทุกชนิด,7680,55,2011-01-27T00:00:00,3,ปทุม-บางเลน,23991,60000000,3-40(1)-1/47นบ,,-10120100125479-,100.2959411,136,136,1371,2004-05-02T00:00:00,ห้างหุ้นส่วนจำกัด ไทยนาโต้แพคกิ้งเทป,ขุนศรี,14.02565049,-,ไทรน้อย,เลขที่ 49,55,2021-01-01T00:00:00,นนทบุรี,110,11150
3200,อัดเศษกระดาษ,2677,4,2010-04-22T00:00:00,4,บางใหญ่-บางคูลัด,23991,62400000,3-40(1)-4/53นบ,,-10120000425532-,100.39781,137,137,661.64,2010-03-17T00:00:00,บริษัท พี.ซี.ไอ.เปเปอร์ จำกัด,บางม่วง,13.84597,-,บางใหญ่,เลขที่ 49/5,11,2020-01-01T00:00:00,นนทบุรี,15,11140
10400,ทำกระดาษอนามัย,1260,20,1990-03-12T00:00:00,2,,17011,47000000,3-40(2)-1/33นบ,,-10120000125330-,100.27915,138,138,2519.65,1993-10-27T00:00:00,บริษัท ฮวงฮั้ว จำกัด,ขุนศรี,14.02386667,,ไทรน้อย,เลขที่ 59/8,20,2023-01-01T00:00:00,นนทบุรี,40,11150
102720,ทำแผ่นกระดาษ และพิมพ์กระดาษ,3500,14,2008-07-15T00:00:00,2,ลาดหลุมแก้ว-บางเลน,17011,25700000,3-40(2)-1/45นบ,,-10120200125452-,100.2798167,139,139,1282.5,2002-02-10T00:00:00,พรภัค,ขุนศรี,14.02398333,,ไทรน้อย,เลขที่ 20/1,18,2023-01-01T00:00:00,นนทบุรี,32,11150
77600,ติดกระดาษเมลามีนบนไม้ปาร์ติเกิลบอร์ด,108000,21,2005-01-06T00:00:00,8,ฤชุพันธ์,17011,355000000,3-40(2)-2/48นบ,,-10120000225486-,100.3106833,140,140,3895.57,2005-03-03T00:00:00,บริษัท เมโทร ปาร์ติเกิล จำกัด,ราษฎร์นิยม,14.11631667,-,ไทรน้อย,เลขที่ 99/9,39,2020-01-01T00:00:00,นนทบุรี,60,11150
0,พิมพ์สิ่งพิมพ์/หนังสือพิมพ์,1600,10,2006-03-28T00:00:00,5,สุขาประชาสรรค์ 2,17092,121000000,3-41(1)-2/49นบ,02-5800021,-10120000225494-,100.507822,141,141,645.34,2006-10-02T00:00:00,บริษัท เอเชีย แพ็คเกจจิ้ง แมนูแฟคเจอริ่ง จำกัด,บางพูด,13.93073496,33,ปากเกร็ด,เลขที่ 27/1,20,2021-01-01T00:00:00,นนทบุรี,30,11120
6312,พิมพ์สิ่งพิมพ์ต่าง ๆ,2960,34,2007-09-07T00:00:00,2,รพช.วัดสัก-โคนอน,17092,153000000,3-41(1)-22/47นบ,02-8825820-3,-10120002225476-,100.4602667,142,142,596,2004-04-08T00:00:00,บริษัท เพอร์เฟคท์ พริ้นท์ แอนด์ แอ็ดเวอร์ไทซิ่ง จำกัด,บางขนุน,13.81478333,โตแจ้ง,บางกรวย,เลขที่ 55/5,51,2022-01-01T00:00:00,นนทบุรี,85,11130
40781,ผลิตฟองน้ำ,14880,12,2003-09-08T00:00:00,6,ไทรน้อย-ลาดบัวหลวง,20131,202000000,3-44-1/46นบ,0 2985 5400-8,-10120300125469-,100.3117833,143,143,1865.67,2003-11-07T00:00:00,บริษัท บราเธอร์โฟม จำกัด,ราษฎร์นิยม,14.09016667,-,ไทรน้อย,เลขที่ 9,35,2023-01-01T00:00:00,นนทบุรี,47,11150
3964,ผลิตสีน้ำมันทาไม้,437,6,1987-08-07T00:00:00,11,ติวานนท์,20221,22412985,3-45(1)-1/30นบ,2144212,-10120400125302-,100.5091333,144,144,127,1993-03-16T00:00:00,บริษัท พรีซีสชั่น เอนยีเนียริ่ง จำกัด,ตลาดขวัญ,13.85015,พิชยนันท์,เมืองนนทบุรี,เลขที่ 91/326/1,28,2023-01-01T00:00:00,นนทบุรี,34,11000
2220,ผลิตสีน้ำมัน สีน้ำ,1120,0,1992-12-18T00:00:00,13,,20221,18000000,3-45(1)-1/35นบ,02-4337605,-10120300125352-,100.4155833,145,145,508,1993-04-30T00:00:00,บริษัท ฮาเคม เพ้นท์ จำกัด,บางม่วง,13.83736667,,บางใหญ่,เลขที่ 64/2,15,2022-01-01T00:00:00,นนทบุรี,15,11140
1440,ผลิตยารักษาโรดแผนปัจจุบัน,1156,39,1977-12-20T00:00:00,2,งามวงศ์วาน,21001,5900000,3-46(1)-1/20นบ,5881582,-10120100125206-,100.54005,146,146,114.91,1995-03-29T00:00:00,บริษัท ปรูฟฟ์ จำกัด,บางเขน,13.85703333,ธนาคารอาคารสงเคราะห์ 2,เมืองนนทบุรี,เลขที่ 895,11,2020-01-01T00:00:00,นนทบุรี,50,11000
15000,ผลิตยารักษาโรคแผนปัจจุบัน,2880,59,1985-02-18T00:00:00,,,21001,15622250,3-46(1)-1/28นบ,5892750,-10120200125288-,100.5300667,147,147,434.62,1994-02-17T00:00:00,บริษัท บูรพาโอสถ จำกัด,บางเขน,13.85658333,,เมืองนนทบุรี,เลขที่ 20,25,2024-01-01T00:00:00,นนทบุรี,84,11000
3630,ผลิตยารักษาโรคแผนปัจจุบัน ประเภทยาเม็ด และยาน้ำ,385,0,1988-07-21T00:00:00,4,แจ้งวัฒนะ,21001,7000000,3-46(1)-1/31นบ,5744412,-10120200125312-,100.5480333,148,148,41.85,1993-12-23T00:00:00,บริษัท ฟาร์มา ซัพพลาย จำกัด,ปากเกร็ด,13.90238333,สำราญดีศรีตะปันย์,ปากเกร็ด,เลขที่ 30/3,11,2024-01-01T00:00:00,นนทบุรี,11,11120
118879,ผลิตยารักษาโรคตามที่รับรองไว้ในตำรายาที่รัฐมนตรีว่าการกระทรวงสาธารณสุขประกาศ,9466,41,,,,21001,945011360,3-46(1)-3/62นบ,,-10120073625620-,100.4393808,149,149,8967.26,2019-03-20T00:00:00,บริษัท สยามเภสัช จำกัด,ปากเกร็ด,13.92101969,,ปากเกร็ด,เลขที่ ,66,,นนทบุรี,107,10900
46219,ผลิตยาสำหรับบำบัดรักษาโรค,13892,29,2016-05-30T00:00:00,4,นบ.5014,21001,844250000,3-46(2)-1/55นบ,02-613-9939,-10120000125553-,100.33522,150,150,2033.37,2012-06-01T00:00:00,บริษัท สยามไบโอไซเอนซ์ จำกัด,บ้านใหม่,13.8536,,บางใหญ่,เลขที่ 99,18,2021-01-01T00:00:00,นนทบุรี,47,11140
18518,ผลิตยาสำหรับบำบัดรักษาโรค,5837,42,2022-05-05T00:00:00,4,ทางหลวงชนบท นบ.5014,21001,1466000000,3-46(2)-7/61นบ,26139939,-10120000725618-,100.339015,151,151,5406.55,2018-09-10T00:00:00,บริษัท เอบินิส จำกัด,บ้านใหม่,13.846158,,บางใหญ่,เลขที่ 99,31,,นนทบุรี,73,10330
368,ทำน้ำยาซักผ้า,100,0,1988-07-27T00:00:00,,,20231,2800000,3-47(1)-1/31นบ,5883461,-10120300125311-,100.5169833,152,152,99.3,1993-11-15T00:00:00,บริษัท ฟีนอล จำกัด,ตลาดขวัญ,13.85533333,เรวดี 2,เมืองนนทบุรี,เลขที่ 13,3,2024-01-01T00:00:00,นนทบุรี,3,11000
6400,ผลิตกาวยาแนวกันรั่วซึม กาวเคลือบผิวกันน้ำ และบรรจุกาวลงบรรจุภัณฑ์เช่นหลอด,1869,2,2016-01-29T00:00:00,4,ต้นเชือก-ไทรน้อย,20292,54000000,3-48(3)-8/58นบ,0 2985 8388,-10120000825582-,100.3357784,153,153,1186,2015-10-28T00:00:00,บริษัท แอดฮีซีล จำกัด,บ้านใหม่,13.8435035,,บางใหญ่,เลขที่ 88,15,2021-01-01T00:00:00,นนทบุรี,17,10600
41504,ผลิตขี้ผึ้ง เทียนไข และเครื่องวาดภพดินสอสีเทียน คัด แยก และบรรจสินค้าทั่วไป,2700,59,1988-03-22T00:00:00,1,บางบัวทอง-ลาดบัวหลวง,32909,12500000,3-48(5)-1/31นบ,2117410,-10120400125310-,100.3124,154,154,2646.1,1994-11-02T00:00:00,บริษัท สยาม ควอลิตี้ อินดัสทรี้ส จำกัด,ราษฎร์นิยม,14.03085,,ไทรน้อย,เลขที่ 49,38,2024-01-01T00:00:00,นนทบุรี,97,11150
45883,ผลิตแอสฟัลท์ติกคอนกรีต,815,0,2021-02-25T00:00:00,11,,19209,150000000,3-50(4)-116/63นบ,,-10120287825636-,100.2956455,155,155,1276.47,2020-12-17T00:00:00,บริษัท ไทยวัฒน์วิศวการทาง จำกัด,ไทรใหญ่,14.07109562,,ไทรน้อย,เลขที่ โฉนดที่ดินเลขที่ 54829,17,,นนทบุรี,17,11150
21824,ผลิตแอสฟัลท์ติกคอนกรีต,0,4,2018-04-18T00:00:00,10,หมายเลข 3015,19209,135075000,3-50(4)-4/61นบ,02-8810333-6,-10120000425615-,100.2858779,156,156,3606.3,2018-12-01T00:00:00,บริษัท ซีโก้ทรานสปอร์ต จำกัด,ไทรใหญ่,14.05069776,วัดสโมสร,ไทรน้อย,เลขที่ 2/5,7,2023-01-01T00:00:00,นนทบุรี,11,10700
2680,"ทำผลิตภัณฑ์ยาง เช่น ยางพ ื้นรองเท้า กำลังการผลิต 200,000 คู่/ปี ลูกยางขัดข้าว กำลังการผลิต 10,000 แท่ง/ปี ลูกยางกระเทาะข้าวเปลือก กำลังการผลิต 1,000 ลูก/ปี ฯลฯ",1472,0,1995-03-01T00:00:00,8,ตลิ่งชัน-สุพรรณบุรี,22199,19000000,3-52(4)-1/37นบ,,-10120000125371-,100.3831833,157,157,371.54,1994-07-10T00:00:00,บริษัท แสตนดาร์ด รับเบอร์ แฟคตอรี่ จำกัด,ละหาร,13.97456667,,บางบัวทอง,เลขที่ 52/4,22,2020-01-01T00:00:00,นนทบุรี,22,11110
285,ทำผลิตภัณฑ์ยาง เช่น ชิ้นส่วนอะไหล่รถยนต์ กำลังการผลิต 120 ตัน/ปี,285,13,1996-02-29T00:00:00,,สนามบินน้ำ,22199,10000000,3-52(4)-1/38นบ,5883064,-10120100125388-,100.5036047,158,158,237.33,1995-11-23T00:00:00,,ท่าทราย,13.87385147,รณสิทธิพิชัย 13,เมืองนนทบุรี,เลขที่ 56,12,2021-01-01T00:00:00,นนทบุรี,25,11000
36550,ทำผลิตภัณฑ์ยาง เช่น ยางผสม,6400,15,2012-06-18T00:00:00,8,ไทรน้อย-ลาดบัวหลวง,22199,100000000,3-52(4)-12/54นบ,02-9036691-3,-10120001225543-,100.3141091,159,159,3795,2011-06-29T00:00:00,บริษัท สยามนวกรรม จำกัด,คลองขวาง,14.00931351,-,ไทรน้อย,เลขที่ 88,20,2022-01-01T00:00:00,นนทบุรี,35,11150
17948,ทำผลิตภัณฑ์จากยาง เช่น พัฟฟองน้ำ,2880,27,2018-08-27T00:00:00,4,,22199,103000000,3-52(4)-12/61นบ,,-10120001225618-,100.297874,160,160,1165.3,2018-07-06T00:00:00,บริษัท ไทยบิวตี้พัฟ จำกัด,ขุนศรี,14.036673,,ไทรน้อย,เลขที่ 5/1,8,2023-01-01T00:00:00,นนทบุรี,35,73000
1600,ทำผลิตภัณฑ์ยาง เช่น ชิ้นส่วนอะไหล่รถยนต์,756,8,1988-01-04T00:00:00,,นนทบุรี 1,22199,16200000,3-52(4)-2/31นบ,5883064,-10120300225319-,100.5038667,161,161,656.81,1994-01-31T00:00:00,บริษัท แอ๊ดว๊านซ์ โพลิเมอร์ เจ.ที. จำกัด,ท่าทราย,13.87398333,รณสิทธิพิชัย 13,เมืองนนทบุรี,เลขที่ 56,32,2024-01-01T00:00:00,นนทบุรี,40,11000
6336,ทำผลิตภัณฑ์จากยางพารา เช่น ที่นอน หมอน ถุงมือ ฯลฯ,2325,9,2017-08-25T00:00:00,8,บางบัวทอง-สุพรรณบุรี,22199,49000000,3-52(4)-5/59นบ,,-10120000525596-,100.38745,162,162,1137.96,2016-04-02T00:00:00,บริษัท ลาเท็กซ์เอเชีย (ประเทศไทย) จำกัด,ละหาร,13.97365,,บางบัวทอง,เลขที่ 51/5,14,2022-01-01T00:00:00,นนทบุรี,23,11110
800,ทำเบาะยางฟองน้ำ,288,0,1980-06-06T00:00:00,6,พิบูลสงคราม,22210,0,3-53(1)-1/23นบ,5250439,-10120400125237-,100.4989333,163,163,82.3,1995-03-24T00:00:00,ห้างหุ้นส่วนจำกัด สแตนดาร์ดโฟมรับเบอร์แฟคตอรี่,สวนใหญ่,13.83561667,,เมืองนนทบุรี,เลขที่ 8/4,8,2020-01-01T00:00:00,นนทบุรี,8,11000
400,ทำผลิตภัณฑ์พลาสติก เช่น ฝาจุกขวด,120,5,1987-09-28T00:00:00,6,นนทบุรี 1,22210,3870000,3-53(1)-1/30นบ,5891855,-10120500125301-,100.4823333,164,164,344.3,1993-03-15T00:00:00,บริษัท เจริญชัยพลาสติกซัพพลาย จำกัด,บางกระสอ,13.86328333,สามไชย,เมืองนนทบุรี,เลขที่ 205/24,10,2023-01-01T00:00:00,นนทบุรี,15,11000
9068,ทำผลิตภัณฑ์พลาสติก เช่น ฝาจุก หลอดบรรจุครีม,2400,165,1990-04-06T00:00:00,9,แจ้งวัฒนะ,22210,19500000,3-53(1)-1/33นบ,5845640,-10120100125339-,100.5200167,165,165,785.18,1993-08-03T00:00:00,บริษัท วิคเตอร์แพคเกจจิ้ง จำกัด,บางพูด,13.91236667,,ปากเกร็ด,เลขที่ 1/10,35,2023-01-01T00:00:00,นนทบุรี,200,11120
10820,ทำเครื่องใช้จากพลาสติก และทำแบบพิมพ์โลหะ,1344,57,1995-06-19T00:00:00,3,ฤชุพันธ์,22210,44000000,3-53(1)-1/38นบ,02-9855907-9,-10120200125387-,100.31165,166,166,1130.65,1995-04-20T00:00:00,บริษัท ณัฐกิจ อุตสาหกรรม จำกัด,ไทรใหญ่,14.10858333,,ไทรน้อย,เลขที่ 79,34,2020-01-01T00:00:00,นนทบุรี,91,11150
1574,ทำผลิตภัณฑ์เครื่องมือ เครื่องใช้ และบรรจุภัณฑ์ตางๆ จากพลาสติก เช่น ถาดพลาสติกบรรจุภัณฑ์,1800,40,2021-10-05T00:00:00,9,บางใหญ่-บางคูลัด,22210,230210000,3-53(1)-11/64นบ,,-10120184425647-,100.405264,167,167,2375.38,2021-02-24T00:00:00,บริษัท ซี.ซี.เอส.แพ็คเกจจิ้ง จำกัด,บางม่วง,13.843273,กันตนา,บางใหญ่,เลขที่ 54/13,50,,นนทบุรี,90,11140
2316,"ผลิตเครื่องมือ, เครื่องใช้, เครื่องเรือน, เครื่องประดับ และภาชนะบรรจุ จากพลาสติก",2016,25,2022-02-12T00:00:00,4,,22210,130440000,3-53(1)-15/64นบ,948122525,-10120196725646-,100.309816,168,168,2051,2021-02-03T00:00:00,บริษัท เอฟพี อินดัสตรี้ จำกัด ,ไทรใหญ่,14.111625,,ไทรน้อย,เลขที่ 49/5,25,,นนทบุรี,50,11150
27416,ทำผลิตภัณฑ์จากพลาสติก เช่น ชิ้นส่วนพลาสติกเครื่องมือเครื่องใช้และภาชนะบรรจุประเภท ขวด แกลลอน กระปุก,9350,27,2017-09-30T00:00:00,5,บ้านกล้วย-ไทรน้อย,22210,120000000,3-53(1)-37/56นบ,,-10120003725565-,100.320333,169,169,1938.59,2013-08-29T00:00:00,บริษัท ภาชนะไทย จำกัด,ไทรน้อย,13.971691,,ไทรน้อย,เลขที่ ,25,2022-01-01T00:00:00,นนทบุรี,52,11150
7414,ฉีดพลาสติกเป็นของใช้ในครัวเรือน,4500,60,2005-11-14T00:00:00,6,รพช. นบ 2010,22210,135000000,3-53(1)-48/48นบ,02-9277386-8,-10120004825489-,100.3240333,170,170,1508.56,2005-07-20T00:00:00,บริษัท สหวัฒนาพลาสติก จำกัด,บางใหญ่,13.82991667,-,บางใหญ่,เลขที่ 32/20,46,2020-01-01T00:00:00,นนทบุรี,106,11140
3925,ผลิตผลิตภัณฑ์พลาสติก,2044,26,,11,ตลิ่งชัน-สุพรรณบุรี,22210,47000000,3-53(1)-66/60นบ,02-9247991-2,-10120006625606-,100.414691,171,171,1978.99,2017-09-27T00:00:00,บริษัท โกลด์ พลาสติกแอนด์รับเบอร์ จำกัด,บางม่วง,13.838378,,บางใหญ่,เลขที่ 25/13,32,,นนทบุรี,58,11140
18000,ผลิตแผ่นกระดาษลามิเนท,9120,10,2018-09-28T00:00:00,8,ฤชุพันธ์,22210,279000000,3-53(1)-72/60นบ,0 2044 5555,-10120007225604-,100.311684,172,172,1167,2017-11-15T00:00:00,บริษัท สยาม เปเปอร์ ลามิเนท จำกัด,ราษฎร์นิยม,14.119907,,ไทรน้อย,เลขที่ 88/1,15,2023-01-01T00:00:00,นนทบุรี,25,11150
3600,ทำของใช้จากพลาสติก เช่น ขวด ถัง,3255,290,1979-12-06T00:00:00,-,ติวานนท์,22220,10700000,3-53(4)-1/22นบ,02-5882972,-10120100125222-,100.5128333,173,173,4485.81,1994-06-09T00:00:00,บริษัท ภาชนะพลาสติก จำกัด,ท่าทราย,13.88155,ติวานนท์ 37,เมืองนนทบุรี,เลขที่ 1,66,2024-01-01T00:00:00,นนทบุรี,356,11000
6112,ทำผลิตภัณฑ์พลาสติก เช่น ขวด ถัง,2520,146,1986-07-08T00:00:00,,นนทบุรี,22220,29000000,3-53(4)-1/29นบ,,-10120500125293-,100.5001667,174,174,2678.06,1995-04-19T00:00:00,บริษัท คงศักดิ์พลาสติก จำกัด,ท่าทราย,13.88103333,,เมืองนนทบุรี,เลขที่ 339,91,2020-01-01T00:00:00,นนทบุรี,237,11000
1400,ทำภาชนะบรรจุจากพลาสติก เช่น ขวด,690,4,1994-06-18T00:00:00,8,บางบัวทอง-สุพรรณบุรี,22220,12000000,3-53(4)-1/36นบ,,-10120100125362-,100.3919333,175,175,414.4,1993-09-30T00:00:00,บริษัท ช๊อปฟอยส์ จำกัด,ละหาร,13.96965,,บางบัวทอง,เลขที่ 30/1,16,2024-01-01T00:00:00,นนทบุรี,20,11110
12043,ผลิตภาชนะบรรจุพลาสติก เช่น ขวด ถังแกลลอน และผลิตเครื่องใช้จากพลาสติก เช่น ไม้แขวนเสื้อ ขันน้ำ,3006,81,1998-05-10T00:00:00,13,บางบัวทอง-สุพรรณบุรี,22220,103540000,3-53(4)-1/41นบ,5713322-5,-10120100125412-,100.4148167,176,176,4591.41,1998-06-23T00:00:00,บริษัท วี.พี.โอ.(1991) จำกัด,บางบัวทอง,13.93136667,,บางบัวทอง,เลขที่ 15/18,69,2023-01-01T00:00:00,นนทบุรี,150,11110
14328,"ผลิตภาชนะบรรจุจากพลาสติก เช่น ขวดพลาสติก, ผลิตฝาขวดพลาสติก, ผลิตถ้วย, แก้วน้ำ, ฝาครอบแก้ว, กล่องบรรจุอาหาร, และผลิตหลอดพลาสติก",6336,95,2022-08-15T00:00:00,6,-,22220,339000000,3-53(4)-11/65นบ,21501882,-10120075125652-,100.378831,177,177,3323.47,2022-04-29T00:00:00,บริษัท กนิษฐาพลาสติก จำกัด,บางแม่นาง,13.856928,-,บางใหญ่,เลขที่ 8/88,74,2027-01-01T00:00:00,นนทบุรี,169,11140
3200,ผลิตบรรจุภัณฑ์พลาสติก เครื่องมือ เครื่องใช้จากพลาสติกทุกชนิด,1728,0,2023-11-15T00:00:00,1,,22220,90000000,3-53(4)-30/66นบ,,-10120153025667-,,178,178,1329.96,2023-09-25T00:00:00,บริษัท แม็กซิมั่ม แมชชีน จำกัด (สาขา 1),ราษฎร์นิยม,,,ไทรน้อย,เลขที่ 88/6,0,2028-01-01T00:00:00,นนทบุรี,0,11150
7568,ทำภาชะบรรจุพลาสติก,1800,97,2014-04-28T00:00:00,5,ไทรน้อย-ตันเชือก,22220,85500000,3-53(4)-8/57นบ,,-10120000825574-,100.3155785,179,179,1567.85,2014-03-17T00:00:00,บริษัท บีริช เจนเนอร์เรท จำกัด,ทวีวัฒนา,13.94741175,,ไทรน้อย,เลขที่ 71/1,39,2024-01-01T00:00:00,นนทบุรี,136,11150
13296,ผลิตบรรจุภัณฑ์พลาสติก,1825,0,,6,บางบัวทอง-สุพรรณบุรี,22220,70000000,3-53(4)-8/67นบ,844244595,-10120033225677-,,180,180,2802.15,2024-02-27T00:00:00,บริษัท เค. ขจรรัตน์ นนทบุรี จำกัด,ราษฎร์นิยม,,วัดราษฎร์นิยม,ไทรน้อย,เลขที่ โฉนดที่ดินเลขที่ 31840,0,,นนทบุรี,0,11150
8742,ทำขวดพลาสติกบรรจุน้ำดื่ม น้ำผลไม้ ถังน้ำดื่ม ถังสารเคมี ขวดยา ขวดน้ำมันพืช ฯลฯ,4032,42,2005-01-21T00:00:00,4,บางกรวย-ไทรน้อย,22230,52000000,3-53(5)-1/46นบ,02-9202500,-10120400125468-,100.4190333,181,181,1269.74,2003-06-17T00:00:00,บริษัท ไทย เอ็น.เค พลาสติก จำกัด,โสนลอย,13.91013333,ศรีคิรินทร์,บางบัวทอง,เลขที่ 8/8,44,2020-01-01T00:00:00,นนทบุรี,86,11110
18988,ผลิตแผ่นพลาสติก ฟิล์มพลาสติกและพลาสติกม้วน,987,20,2013-05-16T00:00:00,11,ไทรน้อย-ลาดบัวหลวง,22230,45000000,3-53(5)-3/56นบ,,-10120000325567-,100.310683,182,182,749.75,2013-10-01T00:00:00,บริษัท แมคโครพลาส อินดัสตรี จำกัด,ไทรใหญ่,14.066781,,ไทรน้อย,เลขที่ 23/5,5,2023-01-01T00:00:00,นนทบุรี,25,11150
12986,ผลิตผลิตภัณฑ์จากพลาสติกและล้าง บดหรือย่อยพลาสติก,5712,20,,10,,22230,95000000,3-53(5)-52/62นบ,,-10120142225626-,100.2873297,183,183,1760,2019-04-06T00:00:00,บริษัท ยูเนี่ยน พลาสติก (ไทยแลนด์) จำกัด,ไทรใหญ่,14.05624934,,ไทรน้อย,"เลขที่ โฉนดที่ดินเลขที่ 45709, 55659, 40923, 40919, 40920, 40921, 40922",35,,นนทบุรี,55,11150
12784,ผลิตกระจก เช่น กระจกเทมเปอร์,1960,15,2013-05-20T00:00:00,1,ปทุมธานี-บางเลน,23101,26000000,3-54-1/56นบ,,-10120000125561-,100.293724,184,184,1791.28,2013-04-03T00:00:00,บริษัท มือทอง 04 จำกัด,ไทรใหญ่,14.043354,วัดสโมสร,ไทรน้อย,เลขที่ 6/2,13,2023-01-01T00:00:00,นนทบุรี,28,11150
95152,ทำผลิตภัณฑ์คอนกรีต,8840,5,1970-08-10T00:00:00,1,ติวานนท์,23953,205245898,3-58(1)-1/18นบ,5838424,-10120200125189-,100.52266,185,185,2147,1993-02-06T00:00:00,ฝ่ายธุรกิจขนส่งและผลิตภัณฑ์,บางพูด,13.92329,,ปากเกร็ด,เลขที่ 46/1,187,2023-01-01T00:00:00,นนทบุรี,192,11120
71744,ผลิตเสาเข็มคอนกรีตและผลิตภัณฑ์คอนกรีตอื่น,2600,1,1989-08-15T00:00:00,7,ลาดหลุมแก้ว-บางเลน,23953,82000000,3-58(1)-1/32นบ,,-10120500125327-,100.3102833,186,186,1976.92,1995-10-16T00:00:00,บริษัท นิปปอน ฮูม คอนกรีต (ประเทศไทย) จำกัด,คลองขวาง,14.02561667,,ไทรน้อย,เลขที่ 19,176,2020-01-01T00:00:00,นนทบุรี,177,11150
16000,ผลิตเสาเข็ม พื้นคอนกรีต และผลิตภัณฑ์จากคอนกรีต,,0,1991-01-03T00:00:00,3,ตลิ่งชัน-สุพรรณบุรี,23953,25000000,3-58(1)-1/34นบ,,-10120000125348-,100.41125,187,187,226.5,1993-10-20T00:00:00,บริษัท คอนกรีต กรุ๊ฟ จำกัด,บางบัวทอง,13.91961667,,บางบัวทอง,เลขที่ 6/2,57,2024-01-01T00:00:00,นนทบุรี,57,11110
5600,ผลิตคอนกรีตผสมเสร็จ,500,0,1993-02-21T00:00:00,2,สายบางกรวย-ไทรน้อย,23953,4800000,3-58(1)-1/37นบ,5710102,-10120100125370-,100.4110167,188,188,216.91,1994-06-07T00:00:00,บริษัท ชลประทานคอนกรีต จำกัด,โสนลอย,13.92673333,,บางบัวทอง,เลขที่ 17/6,7,2023-01-01T00:00:00,นนทบุรี,7,11110
8000,ผลิตและจำหน่ายคอนกรีตผสมเสร็จ,0,0,1999-10-15T00:00:00,2,รัตนาธิเบศร์,23953,40000000,3-58(1)-1/40นบ,213-1039,-10120400125401-,100.4705,189,189,400.76,1997-01-16T00:00:00,หน่วยงานรัตนาธิเบศร์,ไทรม้า,13.88213333,ท่าอิฐ,เมืองนนทบุรี,เลขที่ ,7,2024-01-01T00:00:00,นนทบุรี,7,11000
154184,ผลิต ผลิตภัณฑ์คอนกรีต เช่น ผนังสำเร็จรูป แผ่นพื้นสำเร็จรูป ส่วนประกอบต่างๆ ของอาคาร,27901,113,2021-12-27T00:00:00,9,,23953,19000000,3-58(1)-149/64นบ,02-1164371,-10120368025643-,100.306975,190,190,2914.3,2021-07-07T00:00:00,บริษัท สยาม ควอลิตี้ พรี-คาสท์ จำกัด,หนองเพรางาย,13.918705,,ไทรน้อย,เลขที่ 15/5,163,,นนทบุรี,276,11150
4200,ผลิตคอนกรีตผสมเสร็จ,1200,0,1989-06-11T00:00:00,1,บางบัวทอง-บางกรวย,23953,3500000,3-58(1)-2/32นบ,36288900,-10120300225327-,100.4336667,191,191,316.89,1994-10-24T00:00:00,โรงงานคอนกรีตผสมเสร็จรัตนาธิเบศร์,บางรักใหญ่,13.8813,,บางบัวทอง,เลขที่ 89,3,2020-01-01T00:00:00,นนทบุรี,3,11110
30708,"ทำผลิตภัณฑ์คอนกรีต เช่นเสาเข็ม พื้นคอนกรีตเสริมเหล็ก เสาเข็มคอนกรีตอัดแรงและพื้นสำเร็จรูปอัดแรงคอนกรีต , ผลิตคานสะพานคอนกรีตแบบกล่อง",13676,11,1991-05-02T00:00:00,3,ปทุมธานี-บางเลน,23953,33500000,3-58(1)-2/34นบ,5737454,-10120000225346-,100.2907167,192,192,479.5,1993-12-22T00:00:00,บริษัท ภัทร ไพล์ลิ่ง จำกัด,ขุนศรี,14.02316667,,ไทรน้อย,เลขที่ 32/2,29,2024-01-01T00:00:00,นนทบุรี,40,11150
281408,ทำผลิตภัณฑ์คอนกรีต เช่น พื้นคอนกรีตสำเร็จรูป ชิ้นส่วนทางวิ่งยกระดับรถไฟฟ้าและรถยนต์(Viaduct Segment),18984,30,2015-08-28T00:00:00,4,ตลิ่งชัน-สุพรรณบุรี,23953,466785333,3-58(1)-26/58นบ,,-10120002625584-,100.2914611,193,193,2963,2015-02-24T00:00:00,บริษัท เอสเอ็นที คอนกรีต โซลูชั่น จำกัด,ไทรใหญ่,14.11919443,,ไทรน้อย,เลขที่ 9/3,370,2020-01-01T00:00:00,นนทบุรี,400,10110
172800,ผลิตเสาเข็มทุกชนิด,15056,45,1991-06-28T00:00:00,4,บางบัวทอง-สุพรรณบุรี,23953,222378168,3-58(1)-5/34นบ,5712710,-10120000525349-,100.2894167,194,194,7046.69,1993-12-22T00:00:00,บริษัท ไทย เนชั่นแนลโปรดัคท์ จำกัด,ไทรใหญ่,14.12121667,,ไทรน้อย,เลขที่ 33/3,161,2024-01-01T00:00:00,นนทบุรี,206,11150
3200,ผลิตคอนกรีตผสมเสร็จ,0,0,1991-11-28T00:00:00,3,,23953,9900000,3-58(1)-6/34นบ, ,-10120000625347-,100.4320333,195,195,200,1994-01-31T00:00:00,หน่วยผลิตคอนกรีตบางใหญ่,บางรักพัฒนา,13.88936667,,บางบัวทอง,เลขที่ 336,2,2024-01-01T00:00:00,นนทบุรี,2,11110
6260,ทำผลิตภัณฑ์คอนกรีต เช่น ท่อระบายน้ำ เสาปูน ถังส้วม ,2928,6,1990-08-10T00:00:00,9,บางบัวทอง-สุพรรณบุรี,23953,8000000,3-58(1)-7/33นบ,5717279,-10120000725337-,100.41695,196,196,3154.04,1993-04-20T00:00:00,บริษัท บัวไทยอุตสาหกรรม จำกัด,ละหาร,13.94136667,,บางบัวทอง,เลขที่ 10/2,22,2023-01-01T00:00:00,นนทบุรี,28,11110
35200,ทำเสาเข็มคอนกรีต และผลิตภัณฑ์คอนกรีต,750,10,1990-09-11T00:00:00,3,ปทุมธานี-บางเลน,23953,15000000,3-58(1)-9/33นบ,5801291,-10120000925333-,100.2923667,197,197,180.34,1993-08-03T00:00:00,บริษัท นนทบุรีคอนกรีต จำกัด,ขุนศรี,14.02445,,ไทรน้อย,เลขที่ 27,29,2023-01-01T00:00:00,นนทบุรี,39,11150
76800,ผลิตท่อเหล็ก ท่อสแตนเลส ฯลฯ,25200,30,2009-09-17T00:00:00,1,,24101,430000000,3-59-3/50นบ,,-10120000325500-,100.3119,198,198,5197.79,2007-01-19T00:00:00,บริษัท ปิติสวัสดิ์ จำกัด,ราษฎร์นิยม,14.04746667,,ไทรน้อย,เลขที่ 33/3,110,2025-01-01T00:00:00,นนทบุรี,140,11150
41888,ผลิตท่อเหล็ก ท่อสแตนเลสชนิดมีตะเข็บ ฯลฯ,9600,0,,4,ไทรน้อย-ลาดบัวหลวง,24101,190000000,3-59-7/54นบ,02-2841353-5,-10120000725543-,100.3138442,199,199,1191,2011-12-28T00:00:00,บริษัท พี.ที.เมตัล จำกัด,คลองขวาง,14.05357011,,ไทรน้อย,เลขที่ ,24,,นนทบุรี,24,11150
17340,ผลิตลวดแรงดึงสูง,3100,2,2019-02-14T00:00:00,10,,24101,117000000,3-59-8/59นบ,,-10120000825590-,100.2946387,200,200,3208,2016-09-15T00:00:00,บริษัท สายใยแก้ว ลวดเหล็ก จำกัด,ไทรใหญ่,14.06471837,,ไทรน้อย,เลขที่ 36/1,22,2024-01-01T00:00:00,นนทบุรี,24,11000
12000,"หลอมหล่ออลูมิเนียม, ทำเครื่องปะยาง แม่พิมพ์หล่อดอกยาง",4284,22,1991-06-19T00:00:00,2,ปทุมธานี-บางเลน,24101,2200000,3-60-1/34นบ,0 2921 9536-7,-10120100125347-,100.2802833,201,201,5568.25,1993-06-18T00:00:00,บริษัท อินทราแมชชินเนอรี่ จำกัด,ขุนศรี,14.02365,,ไทรน้อย,เลขที่ 59/10,13,2024-01-01T00:00:00,นนทบุรี,35,11150
2400,หลอมอลูมิเนียมเพื่อทำประตูอัลลอยด์ และมือจับอัลลอยด์,1050,5,1992-02-24T00:00:00,5,-,24101,6300000,3-60-1/35นบ,4472277,-10120400125351-,100.50155,202,202,289.8,1993-09-04T00:00:00,ทวีศักดิ์อุตสาหกรรม,บางกรวย,13.8016,-,บางกรวย,เลขที่ 79/5,22,2020-01-01T00:00:00,นนทบุรี,27,11130
8200,หล่อและหลอมโลหะ เช่น อลูมิเนียม,3200,3,2007-02-26T00:00:00,5,บางม่วง-บางคูลัดสาย 1,24101,13000000,3-60-1/46นบ,02-9039508-11,-10120500125467-,100.3975833,203,203,481,2003-10-11T00:00:00,บริษัท ลีดเดอร์ เมททอล (ประเทศไทย) จำกัด,ปลายบาง,13.82965,,บางกรวย,เลขที่ 99/9,7,2022-01-01T00:00:00,นนทบุรี,10,11130
19775,หลอมโลหะทองเหลือง ทองแดง เป็นเพลา,0,4,2015-02-04T00:00:00,10,วงแหวนตะวันตก(สาย 346),24101,53000000,3-60-10/49นบ,,-10120001025497-,100.424,204,204,1420,2006-03-04T00:00:00,บริษัท ไทยบราส อินดัสทรี จำกัด,คลองข่อย,13.98205,,ปากเกร็ด,เลขที่ ,22,2020-01-01T00:00:00,นนทบุรี,26,11120
24000,ผลิตเครื่องเรือนจากโลหะ,1260,20,1991-04-02T00:00:00,2,บางกรวย-ไทรน้อย,31002,20500000,3-62-1/34นบ,2827778,-10120200125346-,100.3526,205,205,254.6,1995-09-06T00:00:00,บริษัท มินิซิสเต็ม 1990 จำกัด,ไทรน้อย,13.97055,วัดคลองตาคล้าย,ไทรน้อย,เลขที่ 59/2,40,2024-01-01T00:00:00,นนทบุรี,60,11150
400,ทำประตูระบายน้ำและอุปกรณ์,507,0,1985-04-04T00:00:00,2,ติวานนท์,25111,2300000,3-63(1)-1/28นบ,5837633,-10120300125287-,100.5126833,206,206,206.5,1994-12-05T00:00:00,บริษัท เอ็น.อี.อี.เอ็นจิเนียริ่ง จำกัด,บางตลาด,13.9002,ชูชาติอนุสรณ์,ปากเกร็ด,เลขที่ 187/85,35,2025-01-01T00:00:00,นนทบุรี,35,11120
38400,เกี่ยวกับผลิตภัณฑ์โลหะสำหรับใช้ในการก่อสร้าง เช่น แบบเหล็ก นั่งร้าน ฯลฯ,6048,51,2019-09-16T00:00:00,,,25111,515000000,3-63(1)-2/62นบ,,-10120063225621-,100.3291444,207,207,1144.59,2019-08-03T00:00:00,บริษัท ฟิวเจอร์ซายน์เทรดดิ้ง จำกัด,ราษฎร์นิยม,14.05869006,,ไทรน้อย,เลขที่ ,79,2024-01-01T00:00:00,นนทบุรี,130,11150
2500,ทำส่วนประกอบสำหรับประตู หน้าต่าง เครื่องเรือน เช่น มือจับ ชุดบานเกร็ดและเครื่องเรือน เช่น ตู้ โต๊ะ,2500,30,1977-02-09T00:00:00,8,ติวานนท์,25111,7675000,3-63(2)-1/20นบ,5882629,-10120200125205-,100.512321,208,208,430.71,1995-09-25T00:00:00,แอลโก้โพดักท์,บางกระสอ,13.860322,เรวดี 11,เมืองนนทบุรี,เลขที่ 123/9,15,2020-01-01T00:00:00,นนทบุรี,45,11000
35790,การทำส่วนประกอบสำหรับใช้ในงานก่อสร้างจากโลหะ เช่นแบบเหล็กนั่งร้าน โครงสร้างเหล็ก ฯลฯ,6210,36,2018-12-17T00:00:00,4,บางบัวทอง-สุพรรณบุรี,25111,140000000,3-63(2)-38/61นบ,,-10120003825613-,100.328119,209,209,3635.2,2018-01-10T00:00:00,บริษัท ฟิวเจอร์ซายน์ จำกัด,ราษฎร์นิยม,14.061179,,ไทรน้อย,เลขที่ 4/23,242,2023-01-01T00:00:00,นนทบุรี,278,11150
336,ทำประตูหน้าต่างเหล็กดัดและโครงหลังคาเหล็ก,240,0,1981-07-08T00:00:00,2,จรัญสนิทวงศ์,25111,700000,3-63(2)-4/24นบ,02-8794227,-10120000425243-,100.5103667,210,210,71.75,1993-08-03T00:00:00,อ๊อกซิเย่นเอ็งคิมง้วน,บางกรวย,13.81036667,,บางกรวย,เลขที่ 9/28-29,8,2023-01-01T00:00:00,นนทบุรี,8,11130
52780,ผลิตส่วนประกอบสำหรับใช้ในการก่อสร้างอาคาร เช่น วงกบอลูมิเนียม หน้าต่างกระจก,24882,65,2022-11-03T00:00:00,8,บางกรวย-ไทรน้อย,25111,244000000,3-63(2)-5/65นบ,025971141-3,-10120012825653-,,211,211,999.13,2022-11-02T00:00:00,บริษัท เอเอจี คอร์ปอเรชั่น จำกัด,คลองขวาง,,,ไทรน้อย,เลขที่ 8/8,135,2027-01-01T00:00:00,นนทบุรี,200,11150
52800,การทำส่วนประกอบสำหรับใช้ในการก่อสร้างอาคาร เช่น รางประตูสแตนเลส รางประตูสังกะสี รางตัวยูสแตนเลส ฉากพับสแตนเลส ฉากพับสังกะสี ,9632,2,2020-11-17T00:00:00,6,บางบัวทอง-สุพรรณบุรี,25111,1054900000,3-63(2)-57/61นบ,,-10120005725613-,100.316082,212,212,808,2018-12-13T00:00:00,บริษัท อัศว เม็ททอล (ไทยแลนด์) จำกัด,ราษฎร์นิยม,14.076277,,ไทรน้อย,"เลขที่ 99/27,99/28",25,,นนทบุรี,27,10100
27200,ปั๊มโลหะ เช่น กระป๋องอะไหล่เครื่องจักรทุกชนิด อะไหล่เครื่องย,3600,0,1993-11-08T00:00:00,5,สนามบินน้ำ,25949,100000000,3-64(1)-1/35นบ,5882694,-10120500125350-,100.5019667,213,213,915.7,1993-02-17T00:00:00,บริษัท เสรีชัยยุทธภัณฑ์ จำกัด,ท่าทราย,13.87361667,รณสิทธิพิชัย,เมืองนนทบุรี,เลขที่ 55/20,100,2023-01-01T00:00:00,นนทบุรี,100,11000
16304,ผลิตแท็งค์สเตนเลส,9400,0,1996-03-18T00:00:00,8,บางบัวทอง-สุพรรณบุรี,25949,67144000,3-64(1)-1/38นบ,"59,461,865,946,167",-10120300125386-,100.3905167,214,214,1391.95,1995-06-21T00:00:00,บริษัท เลอศักดิ์สเตนเลส (ประเทศไทย) จำกัด,ละหาร,13.97725,,บางบัวทอง,เลขที่ 52/7,84,2021-01-01T00:00:00,นนทบุรี,84,11110
3800,"ผลิตถังอัดลม ถังน้ำ ได้ปีละ 1,800 ใบ ผลิตส่วนประกอบเครื่องสูบน้ำ เช่น ถังอัดลม ถังน้ำแรงดัน แท่นเครื่องพร้อมมอเตอร์หรือเครื่องยนต์ เป็นต้น และซ่อมแซมเครื่องสูบน้ำ",2387,5,1997-04-17T00:00:00,9,ตลิ่งชัน-สุพรรณบุรี,25949,11000000,3-64(1)-1/39นบ,,-10120000125397-,100.43395,215,215,573.4,1996-12-18T00:00:00,บริษัท ซ.วุฒิการช่าง (1996) จำกัด,ละหาร,13.9534,,บางบัวทอง,เลขที่ 41/8,53,2022-01-01T00:00:00,นนทบุรี,58,11110
4800,ทำแม่พิมพ์พลาสติกชนิดฉีด และรับจ้างฉีดชิ้นงานพลาสติก,1650,55,1993-04-19T00:00:00,,แจ้งวัฒนะ,25922,30000000,3-64(13)-1/36นบ,5838894,-10120200125361-,100.51135,216,216,1771.42,1993-04-28T00:00:00,บริษัท พรีซิชั่น อินเตอร์พลาส จำกัด,ปากเกร็ด,13.90698333,พี.ไอ.ซี.,ปากเกร็ด,เลขที่ 56/39,25,2023-01-01T00:00:00,นนทบุรี,80,11120
320,กลึง กัด ไสโลหะ,280,0,1991-03-22T00:00:00,2,แจ้งวัฒนะ,25922,2400000,3-64(13)-2/34นบ,0 2583 3637-8,-10120100225345-,100.5310333,217,217,95,1993-03-12T00:00:00,บริษัท พรปิยะ แมชชีนเนอรี่ จำกัด,บางตลาด,13.8975,แจ้งวัฒนะ 28 (ต้นแทน),ปากเกร็ด,เลขที่ 49/143-146,7,2024-01-01T00:00:00,นนทบุรี,7,11120
2394,"การทำหรือซ่อมแซมแบบ (punch/dies), เครื่องช่วยจับ (jigs/fixture), แม่พิมพ์ในการตัดและปั้มขึ้นรูปโลหะทุกชนิด และการดัดแปลงหรือการซ่อมแซมเครื่องกลึง, เครื่องคว้าน, เครื่องตัด, เครื่องเจาะ, เครื่องกัด, เครื่องเจียน, เครื่องไส",1208,20,2021-10-05T00:00:00,9,บางใหญ่-บางคูลัด,25922,1036000000,3-64(13)-3/64นบ,,-10120174125645-,100.404728,218,218,979.75,2021-02-19T00:00:00,บริษัท ซี.ซี.เอส. แอดวานซ์ เทค จำกัด,บางม่วง,13.843841,กันตนา,บางใหญ่,เลขที่ 54/12,59,,นนทบุรี,79,11140
2400,ทำกุญแจ กลอนประตูและบานพับ,1090,55,1972-11-27T00:00:00,6,นนทบุรี 1,25910,2700000,3-64(2)-1/15นบ,5250102,-10120200125155-,100.4822667,219,219,343.04,1993-08-03T00:00:00,บริษัท ไชยอิค่อน จำกัด,บางกระสอ,13.86475,,เมืองนนทบุรี,เลขที่ 206/3,30,2023-01-01T00:00:00,นนทบุรี,85,11000
1184,ทำช้อน ชาม จาน กะละมัง และปิ่นโต ,700,95,1972-01-18T00:00:00,,นนทบุรี ,25910,35800000,3-64(2)-2/15นบ,5251359,-10120000225155-,100.4806833,220,220,3690.69,1993-09-04T00:00:00,บริษัท ทองเอก (1971) จำกัด,บางกระสอ,13.87335,,เมืองนนทบุรี,เลขที่ 284,70,2023-01-01T00:00:00,นนทบุรี,165,11000
9723,ผลิตสปริงสำหรับที่นอน,4080,45,2019-01-07T00:00:00,11,ไทรน้อย-ลาดบัวหลวง,25952,70000000,3-64(6)-4/62นบ,,-10120110525627-,100.3103634,221,221,722.7,2019-01-05T00:00:00,บริษัท ซัน แอคมี่ จำกัด,ไทรใหญ่,14.06936504,,ไทรน้อย,เลขที่ 111/2,60,2024-01-01T00:00:00,นนทบุรี,105,11110
937,ทำเฟือง เพลา บู๊ช ต่าง ๆ,937,0,1987-09-12T00:00:00,4,บางกรวย-ไทยน้อย,25992,4800000,3-64(9)-2/30นบ,,-10120100225303-,100.45465,222,222,265.75,1993-03-30T00:00:00,บริษัท ศรีพัฒนา แมชชีนเนอรี่ จำกัด,บางกร่าง,13.83871667,เพิ่มสุข,เมืองนนทบุรี,เลขที่ 15/42,23,2023-01-01T00:00:00,นนทบุรี,23,11000
1048,ซ่อมเครื่องยนต์,200,0,1989-03-20T00:00:00,4,,28110,392500,3-65-1/32นบ,02-4246467,-10120600125326-,100.4556167,223,223,83.5,1994-12-30T00:00:00,เจริญยนต์,มหาสวัสดิ์,13.80086667,,บางกรวย,เลขที่ 19/1,6,2020-01-01T00:00:00,นนทบุรี,6,11130
,ซ่อมอุปกรณ์ของเครื่องเลื่อยไม้ และทำโครงเหล็กเสาอากาศวิทยุ,24,0,1985-05-17T00:00:00,1,บางกรวย-ไทรน้อย,28219,1500000,3-67(1)-1/28นบ,4334353,-10120400125286-,100.5020167,224,224,118.75,1993-12-24T00:00:00,ห้างหุ้นส่วนจำกัด อมรเมฆวัฒนา,บางกรวย,13.80726667,,บางกรวย,เลขที่ 59/2,6,2024-01-01T00:00:00,นนทบุรี,6,11130
7420,ทำส่วนประกอบและอุปกรณ์สำหรับเครื่องจักรต่าง ๆ,5572,5,1983-03-11T00:00:00,2,ติวานนท์,28199,69000000,3-67(8)-1/26นบ,5896393,-10120300125261-,100.5185833,225,225,461.1,1994-09-11T00:00:00,บริษัท เอ็มดีชีท จำกัด,ท่าทราย,13.88091667,ธรรมนูญ 2,เมืองนนทบุรี,เลขที่ 149/3,10,2020-01-01T00:00:00,นนทบุรี,15,11000
71556,ผลิตและประกอบเครื่องจักรใช้ในการผลิตซีเมนต์ กระดาษ การทำเหมื,8830,3,1993-05-28T00:00:00,3,บางบัวทอง-สุพรรณบุรี,28299,220650682.4,3-68-1/36นบ,02-9855445-9,-10120300125360-,100.3102667,226,226,5473.5,1993-07-06T00:00:00,บริษัท วีเหลี่ยม หว่อง กรุ๊ป จำกัด,ไทรใหญ่,14.08701667,,ไทรน้อย,เลขที่ 35/1,50,2023-01-01T00:00:00,นนทบุรี,53,11150
125964,ผลิตน้ำมันพืช น้ำมันสำหรับประกอบอาหารและผลพลอยได้ ทำอาหารสัตว์จากกากถั่วเหลือง,20800,70,1972-10-26T00:00:00,3,ติวานนท์,10491,2402557453,3-7(1)-1/15นบ,5884147,-10120000125157-,100.5378833,227,227,33727.62,1966-06-17T00:00:00,บริษัท เอสดี กัทธรี อินเตอร์เนชั่นแนล นนทบุรี จำกัด,บ้านใหม่,13.94601667,-,ปากเกร็ด,เลขที่ 39/6,173,2023-01-01T00:00:00,นนทบุรี,243,11120
30500,ผลิตน้ำมันรำ(ดิบ) น้ำมันจากเมล็ดฝ้าย บรรจุน้ำมัน และปรับปรุงคุณภาพข้าวสาร,1200,4,1978-10-18T00:00:00,3,ตัดใหม่,10491,242980000,3-7(1)-1/21นบ,02-5842298-9,-10120000125215-,100.5368,228,228,9180.12,1993-03-19T00:00:00,บริษัท กสิสุรีย์ จำกัด,บ้านใหม่,13.94576667,,ปากเกร็ด,"เลขที่ 71,78/1",10,2023-01-01T00:00:00,นนทบุรี,14,11120
8488,ผลิตกะทิบรรจุถุงพลาสติกและกระป๋อง อาหารหรือเครื่องดื่มจากผักหรือผลไม้บรรจุในภาชนะที่ผนึกและอากาศเข้าไม่ได้,7000,270,1979-02-27T00:00:00,5,มหาสวัสดิ์,10491,23500000,3-7(1)-1/22นบ,4241182,-10120000125223-,100.4183,229,229,3134.3,1994-08-03T00:00:00,บริษัท ผลิตภัณฑ์อาหาร เชฟช้อย จำกัด,มหาสวัสดิ์,13.8038,,บางกรวย,เลขที่ 99/9,167,2024-01-01T00:00:00,นนทบุรี,437,11130
2600,ผลิตเครื่องปรับอากาศและชิ้นส่วนอุปกรณ์เครื่องทำความเย็นทุ,2600,80,1974-02-28T00:00:00,2,งามวงศ์วาน,28160,0,3-70-1/17นบ,5895166,-10120200125171-,100.5360441,230,230,762.15,1995-02-08T00:00:00,บริษัท ไคเมท เทคโนโลยี ดีเวลลอปเม้นท์ จำกัด,บางเขน,13.85914981,พงษ์เพชร 7,เมืองนนทบุรี,เลขที่ 11/12-13,200,2020-01-01T00:00:00,นนทบุรี,280,11000
4800,ทำเครื่องสูบน้ำ และอุปกรณ์เครื่องจักรที่ใชในการกสิกรรม,2320,4,1993-02-11T00:00:00,13,ปิ่นเกล้า-บางบัวทอง,28160,4000000,3-70-1/35นบ,,-10120600125359-,100.4157167,231,231,481.26,1993-06-12T00:00:00,ห้างหุ้นส่วนจำกัด สหพัฒนา (1992),บางม่วง,13.83555,,บางใหญ่,เลขที่ 76/17,7,2025-01-01T00:00:00,นนทบุรี,11,11140
4800,ผลิตเครื่องปรับอากาศ และชิ้นส่วนของเครื่องปรับอากาศ,3000,80,1998-04-12T00:00:00,9,งามวงศ์วาน,28160,200000000,3-70-1/41นบ,,-10120200125411-,100.5331333,232,232,2024.49,1998-10-21T00:00:00,บริษัท ซัยโจ เด็นกิ อินเตอร์เนชั่นแนล จำกัด,บางเขน,13.85083333,ทิมแลนด์,เมืองนนทบุรี,เลขที่ 26/4,100,2023-01-01T00:00:00,นนทบุรี,180,11000
177,ทำชิ้นส่วนอุปกรณ์อะไหล่เครื่องปั๊มน้ำ และอะไหล่โรงเลื่อย,160,0,1987-08-28T00:00:00,5,เทิดพระเกียรติ,28160,1200000,3-70-2/30นบ,0-2447-5735,-10120200225302-,100.4759333,233,233,120.5,1987-08-28T00:00:00,ศ. การช่าง,วัดชลอ,13.7974,,บางกรวย,เลขที่ 29/4,3,2023-01-01T00:00:00,นนทบุรี,3,11130
53603,ผลิตพัดลม ตู้เย็น เครื่องรับโทรทัศน์ หม้อหุงข้าวไฟฟ้า มอเตอร์ไฟฟ้า ปั๊มน้ำ เครื่องซักผ้า แม่พิมพ์อุปกรณ์นำเจาะและจับยึด กระทะไฟฟ้า กระติกน้ำร้อน เตาไมโครเวฟ และเครื่องล้างจาน รวมทั้งชิ้นส่วน อะไหล่ และอุปกรณ์ของสินค้าดังกล่าวข้างต้น,45262,1080,1971-05-07T00:00:00,2,ติวานนท์,27101,271000000,3-71-1/14นบ,5883010,-10120000125140-,100.5132333,234,234,17183.85,1993-12-24T00:00:00,บริษัท ไทยโตชิบาอุตสาหกรรม จำกัด,ท่าทราย,13.88186667,,เมืองนนทบุรี,เลขที่ 129/1-3,1041,2023-01-01T00:00:00,นนทบุรี,2121,11000
2495,ผลิตมอเตอร์ไฟฟ้าและพัดลม,4438,24,1980-02-19T00:00:00,1,บางกรวย-ไทรน้อย,27101,9000000,3-71-1/23นบ,02-8793699,-10120500125236-,100.50755,235,235,859.93,1994-04-07T00:00:00,บริษัท ฟูซันอินดัสเตรียล จำกัด,บางกรวย,13.8081,,บางกรวย,เลขที่ 72/1,23,2020-01-01T00:00:00,นนทบุรี,47,11130
5000,ผลิตและประกอบชิ้นส่วนอุปกรณ์เครื่องปรับอากาศ,2489,20,1985-02-09T00:00:00,,นนทบุรี ,27101,23603054,3-71-1/28นบ,5251122,-10120500125285-,100.4892333,236,236,593.4,1993-12-13T00:00:00,บริษัท พี.เอส.เอ.อินเตอร์-คูลลิ่ง จำกัด,สวนใหญ่,13.85333333,,เมืองนนทบุรี,เลขที่ 64,58,2024-01-01T00:00:00,นนทบุรี,78,11000
4328,ประกอบพัดลม และประกอบเครื่องปรับอากาศ,2768,90,1974-12-23T00:00:00,1,บางกรวย,27101,29303391,3-71-2/17นบ,02-4470671-4,-10120100225170-,100.50755,237,237,839.52,1995-05-01T00:00:00,บริษัท ฟูซันอินดัสเตรียล จำกัด,บางกรวย,13.8081,,บางกรวย,เลขที่ 71,50,2020-01-01T00:00:00,นนทบุรี,140,11130
9004,ผลิตพัดลม ตู้เย็น เครื่องรับโทรทัศน์ หม้อหุงข้าวไฟฟ้า ฯลฯ,3929,103,2007-05-07T00:00:00,2,ติวานนท์,27101,0,3-71-7/50นบ,,-10120000725501-,100.512886,238,238,581.89,2007-09-03T00:00:00,บริษัท ไทยโตชิบาอุตสาหกรรม จำกัด,ท่าทราย,13.88212069,,เมืองนนทบุรี,เลขที่ 129/5,80,2022-01-01T00:00:00,นนทบุรี,183,11000
0,ผลิตพัดลม ตู้เย็น เครื่องรับโทรทัศน์ หม้อหุงข้าวไฟฟ้า ฯลฯ,0,210,2007-05-07T00:00:00,2,ติวานนท์,27101,0,3-71-8/50นบ,,-10120000825509-,100.5140833,239,239,4726.96,2007-09-03T00:00:00,บริษัท ไทยโตชิบาอุตสาหกรรม จำกัด,ท่าทราย,13.87971667,,เมืองนนทบุรี,เลขที่ 129/5,222,2022-01-01T00:00:00,นนทบุรี,432,11000
5200,ประกอบดอกลำโพง และเครื่องเสียง,1920,0,1991-03-12T00:00:00,11,บางบัวทอง-ไทรน้อย,26402,5300000,3-72-1/34นบ,,-10120300125345-,100.3723667,240,240,96.19,1994-03-16T00:00:00,บริษัท เอสเอ็น อี เล็คทริค กรุ๊ป อินดัสเตรียล จำกัด,บางบัวทอง,13.9509,,บางบัวทอง,เลขที่ 79/1,22,2024-01-01T00:00:00,นนทบุรี,22,11110
9156,ประกอบ ดัดแปลง เปลี่ยนแปลงสภาพ รวมทั้งทำชิ้นส่วนพิเศษ หรืออุปกรณ์สำหรับรถยนต์ เช่น รถดับเพลิง รถกู้ภัย รถไฟฟ้าส่องสว่าง รถยนต์บรรทุกน้ำ รถยนต์บรรทุกขยะมูลฝอย รถกวาดถนนและดูดฝุ่น รถสูบสิ่งปฏิกูล รถสื่อสารดาวเทียม รถยนต์โดยสาร จำนวนตั้งแต่ 10 ที่นั่งขึ้นไป และรถยนต์อื่นๆ,4972,0,1989-01-30T00:00:00,2,กรุงนนท์,29109,33000000,3-77(1)-1/32นบ,02-8799914,-10120700125325-,100.4363667,241,241,754.85,1995-01-23T00:00:00,บริษัท คราฟท์ จำกัด,มหาสวัสดิ์,13.80206667,จงถนอม,บางกรวย,เลขที่ 62/1,10,2020-01-01T00:00:00,นนทบุรี,10,11130
122,ทำเพลา สกรู ดุมล้อรถยนต์,122,0,1988-01-21T00:00:00,6,ติวานนท์,29309,1000000,3-77(2)-1/31นบ,,-10120500125319-,100.5048833,242,242,82.05,1993-12-14T00:00:00,,ท่าทราย,13.88895,ทานสัมฤทธิ์,เมืองนนทบุรี,เลขที่ 74/552,15,2025-01-01T00:00:00,นนทบุรี,15,11000
35200,ผลิตและประกอบจานครัชรถยนต์,1080,5,1990-01-16T00:00:00,7,บางบัวทอง-สุพรรณบุรี,29309,7000000,3-77(2)-1/33นบ,02-4181174,-10120300125337-,100.3842333,243,243,936.06,1993-02-04T00:00:00,บริษัท อรรถบูรณ์ จำกัด,ละหาร,13.98473333,,บางบัวทอง,เลขที่ 74/3,61,2023-01-01T00:00:00,นนทบุรี,66,11110
17928,ผลิตและประกอบจานคลัทช์รถยนต์,1040,5,1991-07-17T00:00:00,7,บางบัวทอง-สุพรรณบุรี,29309,73884809,3-77(2)-1/34นบ,,-10120400125344-,100.3845167,244,244,1087.16,1994-10-03T00:00:00,บริษัท วายซีเค (ประเทศไทย) จำกัด,ละหาร,13.98451667,,บางบัวทอง,เลขที่ 74/4,20,2024-01-01T00:00:00,นนทบุรี,25,11110
14636,ผลิตชิ้นส่วนยานยนต์ ประเภทล้ออลูมิเนียม,4247,40,2004-06-10T00:00:00,2,ทางหลวง 340 (สุพรรณบุรี),29309,307420000,3-77(2)-1/45นบ,02-9855701,-10120300125451-,100.30955,245,245,3185.7,2002-10-28T00:00:00,บริษัท สแตมฟอร์ด สปอร์ต วีลส์ จำกัด,ไทรใหญ่,14.08755,,ไทรน้อย,เลขที่ 111/2,130,2024-01-01T00:00:00,นนทบุรี,170,11150
14300,ผลิตและประกอบชิ้นส่วนตัวถังรถบรรทุก,9600,40,1989-06-19T00:00:00,9,บางบัวทอง-สุพรรณบุรี,29309,11300000,3-77(2)-2/32นบ,9256464,-10120400225326-,100.4063833,246,246,1052.46,1995-02-06T00:00:00,บริษัท เอส.เอส.เอส.ออโตโมทีฟ อินดัสตรี จำกัด,ละหาร,13.95576667,-,บางบัวทอง,เลขที่ 40/4,53,2020-01-01T00:00:00,นนทบุรี,93,11110
4800,ผลิตอุปกรณ์รถยนต์ และเครื่องใช้จากพลาสติก,690,47,1991-01-08T00:00:00,4,บางกรวย-บางบัวทอง,29309,13475300,3-77(2)-2/34นบ,02-2398660,-10120200225344-,100.4778333,247,247,433.54,1994-02-17T00:00:00,บริษัท เอส.ซี.ซี.อุตสาหกรรม จำกัด,บางสีทอง,13.8287,,บางกรวย,เลขที่ 99/3,28,2025-01-01T00:00:00,นนทบุรี,75,11130
27200,ผลิตวาล์วล้อรถทุกชนิด เช่น รถยนต์ รถจักรยานยนต์,5184,75,2005-10-10T00:00:00,4,ฤชุพันธ์,29309,68000000,3-77(2)-2/48นบ,0 2526 5640,-10120100225485-,100.3090667,248,248,1319.08,2005-01-14T00:00:00,บริษัท ซันเชียน (ประเทศไทย) จำกัด,ไทรใหญ่,14.13085,-,ไทรน้อย,เลขที่ 26/10,34,2020-01-01T00:00:00,นนทบุรี,109,11150
15244,ผลิตชิ้นส่วนยานยนต์ ประเภทล้ออลูมิเนียม,9600,90,2009-12-14T00:00:00,2,บางบัวทอง-สุพรรณบุรี,29309,1384000000,3-77(2)-48/48นบ,0-2985-5701,-10120104825488-,100.30955,249,249,8128.06,2005-10-27T00:00:00,บริษัท สแตมฟอร์ด สปอร์ต วีลส์ จำกัด,ไทรใหญ่,14.08755,    -,ไทรน้อย,"เลขที่ 111/8,111/9",364,2024-01-01T00:00:00,นนทบุรี,454,11150
11400,ผลิตชิ้นส่วนอุปกรณ์รถจักรยานยนต์ รถยนต์,2700,7,1999-12-30T00:00:00,3,ฤชุพันธ์,30912,17000000,3-78(2)-1/40นบ,8139991,-10120500125400-,100.2938667,250,250,579.13,1997-12-09T00:00:00,บริษัท เฮอร์เซงเอ็นเตอร์ไพรส์ (ประเทศไทย) จำกัด,ไทรใหญ่,14.10888333,,ไทรน้อย,เลขที่ 64/9,17,2024-01-01T00:00:00,นนทบุรี,24,11150
1035,ผลิตน้ำผลไม้ และเครื่องดื่มที่ไม่มีแอลกอฮอล์,610,17,2003-08-19T00:00:00,2,ทางหลวงหมายเลข 345,10302,14285000,3-8(1)-1/46นบ,0-2904-3150,-10120000125462-,100.43515,251,251,742.74,2003-09-05T00:00:00,บริษัท เคทูเจ มาร์เก็ตติ้ง จำกัด,ลำโพ,13.95161667, -,บางบัวทอง,เลขที่ 29/6,20,2023-01-01T00:00:00,นนทบุรี,37,11110
22024,"ทำเครื่องดื่มจากผลไม้บรรจุขวดปิดผนึก,น้ำอัดลมก",4440,7,2011-09-14T00:00:00,11,สายบ้านบางไทร-บ้านคลองตาซ้อน,10302,23000000,3-8(1)-10/54นบ,02-1947167,-10120001025547-,100.40076,252,252,1849.23,2011-06-30T00:00:00,บริษัท ซันชายเจริญ อินเตอร์ฟู๊ด จำกัด,บางแม่นาง,13.86894,-,บางใหญ่,เลขที่ 9/9,17,2021-01-01T00:00:00,นนทบุรี,24,11140
17508,ทำน้ำผลไม้ น้ำดื่มบรรจุภาชนะและปิดผนึก ทำขนมจากถั่วลิสงและแป้ง,960,60,2011-09-29T00:00:00,5,กาญจนาภิเษก,10302,100000000,3-8(1)-11/54นบ,028813522-3,-10120001125545-,100.4236848,253,253,4272.47,2011-01-07T00:00:00,บริษัท ทวีผล 1976 จำกัด,ละหาร,13.94945361,-,บางบัวทอง,เลขที่ 9/6,20,2021-01-01T00:00:00,นนทบุรี,80,11110
8043,ทำอาหารจากผัก พืช ผลไม้บรรจุในภาชนะที่ผนึกและอากาศเข้าไม่ได้,2548,19,,5,บางใหญ่-บางคูลัด (กันตนา),10302,50000000,3-8(1)-14/55นบ,02-9836000,-10120001425556-,100.348098,254,254,1192.9,2012-10-31T00:00:00,บริษัท ฉลอง จำกัด,บางใหญ่,13.832136,เทศบาลบางใหญ่11,บางใหญ่,เลขที่ 55/5,8,2018-01-01T00:00:00,นนทบุรี,27,11140
65152,"การถนอม พืช ผัก ผลไม้ โดยวิธีดอง, ผลิตเครื่องแกง, เครื่องแกงสำเร็จรูป เช่น เครื่องต้มยำ, เครื่องต้มข่า, เครื่องผัดไทยพร้อมปรุง, เครื่องประกอบอาหารต่างๆ , อาหารสำเร็จรูป และอาหารกึ่งสำเร็จรูป",6912,51,,7,บางรักใหญ่-บ้านใหม่,10304,286911846,3-8(2)-2/67นบ,024497865-7,-10120034025670-,100.3076,255,255,1099.08,2024-02-03T00:00:00,บริษัท เพ็นต้า อิมเพ็กซ์ จำกัด,บ้านใหม่,13.866434,,บางใหญ่,เลขที่ 95/1,33,,นนทบุรี,84,11140
20800,"เจียรนัยเลนส์แว่นตา ได้ปีละ 1,080,000 แผ่น",11232,80,1997-03-11T00:00:00,5,บางบัวทอง-สุพรรณบุรี,26701,89000000,3-82-1/39นบ,588-4653,-10120100125396-,100.4028167,256,256,592.48,1996-12-18T00:00:00,บริษัท อุตสาหกรรมแว่นตาไทย จำกัด,ละหาร,13.96116667,,บางบัวทอง,เลขที่ 61/2,80,2022-01-01T00:00:00,นนทบุรี,160,11110
29832,ผลิตเครื่องใช้ในการกีฬา เช่น ลูกเทนนิส,15033,220,2012-05-06T00:00:00,6,บางบัวทอง-สุพรรณบุรี,32309,335000000,3-86-5/54นบ,,-10120000525547-,100.2904634,257,257,9116.99,2011-03-08T00:00:00,บริษัท เอเชีย สปอร์ต จำกัด,ไทรใหญ่,14.11784007,,ไทรน้อย,เลขที่ 19/9,122,2022-01-01T00:00:00,นนทบุรี,342,11150
16184,ทำเครื่องประดับเทียม เช่น สร้อย เข็มกลัด หัวเข็มขัด,3166,105,1995-03-31T00:00:00,7,บางบัวทอง-สุพรรณบุรี,32120,29000000,3-87(3)-1/39นบ,01-212-0322,-10120200125395-,100.3917167,258,258,1513.11,1996-06-20T00:00:00,บริษัท เช็งฮวด แมนนูแฟคเจอริ่ง จำกัด,ละหาร,13.97625,,บางบัวทอง,เลขที่ 97/3,106,2020-01-01T00:00:00,นนทบุรี,211,11110
24000,โรงงานพลังงานแสงอาทิตย์ กำลังการผลิต 0.95 เมกะวัตต์,6042,0,2017-08-25T00:00:00,8,,35101,65000000,3-88(1)-10/60นบ,,-40120001025608-,100.2783626,259,259,2538,2017-06-29T00:00:00,บริษัท ซีอาร์ โซล่าร์ จำกัด,ไทรใหญ่,14.06425244,,ไทรน้อย,เลขที่ 20/9,2,2022-01-01T00:00:00,นนทบุรี,2,52160
21600,"ผลิตพลังงานไฟฟ้าจากพลังงานแสงอาทิตย์ (แบบติดตั้งบนพื้นดินของบริษัท) ขนาดกำลังการผลิต 1,195.56 kWp",75,0,2022-02-06T00:00:00,2,บางบัวทอง-สุพรรณบุรี,35101,126000000,3-88(1)-10/65นบ,23431200,-40120065325654-,,260,260,2783.88,2022-04-18T00:00:00,บริษัท บีแอลอี 101 (ประเทศไทย) จำกัด (ติดตั้งบนพื้นดินของบริษัท ไทยเอเชีย แปซิฟิค บริวเวอรี่ จำกัด),ไทรใหญ่,,,ไทรน้อย,เลขที่ 111,1,2027-01-01T00:00:00,นนทบุรี,1,11150
28284,ผลิตพลังงานไฟฟ้าจากเซลล์แสงอาทิตย์ กำลังการผลิต 1.09 เมกะวัตต์,256,0,2017-08-29T00:00:00,8,,35101,56600000,3-88(1)-126/59นบ,,-40120012625594-,100.3054069,261,261,2724.9,2016-12-22T00:00:00,บริษัท พัฒนธุรกิจ จำกัด,หนองเพรางาย,13.90605952,,ไทรน้อย,เลขที่ ,12,2022-01-01T00:00:00,นนทบุรี,12,86220
12711,ผลิตพลังงานไฟฟ้าจากเซลล์แสงอาทิตย์ กำลังการผลิต 3.25 เมกะวัตต์,256,0,2017-08-29T00:00:00,8,,35101,56500000,3-88(1)-127/59นบ,,-40120012725592-,100.305405,262,262,8111.9,2016-12-22T00:00:00,บริษัท พัฒนธุรกิจ จำกัด,หนองเพรางาย,13.906075,,ไทรน้อย,เลขที่ ,12,2022-01-01T00:00:00,นนทบุรี,12,86220
54376,ผลิตพลังงานไฟฟ้าจากพลังงานแสงอาทิตย์ กำลังการผลิต 3.55 เมกะวัตต์,115,0,2017-01-31T00:00:00,,,35101,191613000,3-88(1)-132/59นบ,,-40120013225592-,100.40773,263,263,8980.24,2016-12-24T00:00:00,บริษัท เอกรัฐวิศวกรรม จำกัด (มหาชน),ละหาร,13.95162,,บางบัวทอง,"เลขที่ โฉนดที่ดินเลขที่ 20956,1623,91203,91484,91485,91486,20955",3,2022-01-01T00:00:00,นนทบุรี,3,10250
8008,ผลิตพลังงานไฟฟ้าจากพลังงานแสงอาทิตย์ กำลังการผลิต 30.16 กิโลวัตต์,240,0,2016-09-05T00:00:00,9,,35101,9610700,3-88(1)-144/56นบ,,-40120014425563-,,264,264,80.65,2013-12-11T00:00:00,สำนักงานเทศบาลนครนนทบุรี,บางกระสอ,,,เมืองนนทบุรี,เลขที่ 69/13,1,2021-01-01T00:00:00,นนทบุรี,1,11000
80000,ผลิตไฟฟ้าจากเซลล์แสงอาทิตย์ กำลังการผลิต 5 เมกกะวัตต์,234,0,2018-12-14T00:00:00,10,,35101,269000000,3-88(1)-33/61นบ,,-40120003325618-,100.2894,265,265,13337.13,2018-04-07T00:00:00,บริษัท บี.กริม เพาเวอร์ จำกัด (มหาชน),ไทรใหญ่,14.09306,,ไทรน้อย,เลขที่ โฉนดเลขที่ 8389,8,2023-01-01T00:00:00,นนทบุรี,8,10240
0,ผลิตพลังงานไฟฟ้าจากขยะมูลฝอยชุมชน ขนาดกำลังการผลิต 20 เมกะวัตต์,16096,0,,2,,35101,4516820000,3-88(2)-10/66นบ,23615599,-40120209425667-,100.32515,266,266,45557.22,2023-12-13T00:00:00,โครงการผลิตพลังงานไฟฟ้าจากขยะมูลฝอย จังหวัดนนทบุรี ขององค์การบริหารส่วนจังหวัดนนทบุรี,คลองขวาง,14.003773,,ไทรน้อย,"เลขที่ โฉนดเลขที่ 29029,29030,29031,29032,8424,8425,8426,8427",0,,นนทบุรี,0,11150
120268,"ผลิตและจำหน่ายกระแสไฟฟ้า (โรงไฟฟ้าพลังงานความร้อนจากเชื้อเพลิงขยะ) ขนาดกำลังผลิตไฟฟ้า 9,500 กิโลวัตต์ (9.5 เมกะวัตต์)",19200,2,2021-05-31T00:00:00,2,บางกรวย-ไทรน้อย,35101,853000000,3-88(2)-13/59นบ,,-40120001325594-,100.3261527,267,267,51736.5,2016-08-04T00:00:00,บริษัท สยาม พาวเวอร์ จำกัด,คลองขวาง,14.00653497,,ไทรน้อย,เลขที่ ,30,,นนทบุรี,32,10500
96000,ผลิตพลังงานไฟฟ้าจากเชื้อเพลิงก๊าซธรรมชาติ ขนาดกำลังการผลิต 878.77 เมกะวัตต์,17257,20,2015-12-31T00:00:00,2,จรัญสนิทวงศ์,35101,14895903151,3-88(2)-143/56นบ,,-40120014325565-,,268,268,1944151.22,2013-12-11T00:00:00,โรงไฟฟ้าพระนครเหนือ ชุดที่ 2,บางกรวย,,,บางกรวย,เลขที่ 53,59,2020-01-01T00:00:00,นนทบุรี,79,11130
80000,ผลิตพลังงานไฟฟ้าจากก๊าซชีวภาพจากขยะชุมชน ขนาดกำลังการผลิต 4.5 เมกะวัตต์,740,0,2020-09-04T00:00:00,8,,35101,373000000,3-88(2)-19/60นบ,,-40120001925609-,100.31702,269,269,17290,2017-03-08T00:00:00,บริษัท บุญ เอนเนอร์ซิส จำกัด,คลองขวาง,14.009138,,ไทรน้อย,เลขที่ 59,10,,นนทบุรี,10,34000
112000,ผลิตพลังงานไฟฟ้า,1700,0,2010-10-15T00:00:00,2,จรัญสนิทวงศ์,35101,244349819,3-88(2)-28/52นบ,02-4360248,-10120002825523-,100.5097243,270,270,1104081,2009-07-10T00:00:00,โรงไฟฟ้าพระนครเหนือ,บางกรวย,13.81249186,,บางกรวย,เลขที่ 53,0,2020-01-01T00:00:00,นนทบุรี,0,11130
23520,สีข้าว กำลังสีสูงสุดของร้านสีข้าว 100 เกวียน/วัน ขัดและคัดเมล็ดข้าว 336 ตัน/วัน,2600,13,1975-07-02T00:00:00,6,นนทบุรี,10611,56000000,3-9(1)-1/18นบ,5250764,-10120000125181-,100.4822833,271,271,2833,1993-03-23T00:00:00,บริษัท บางซื่อโรงสีไฟเจียเม้ง จำกัด,บางกระสอ,13.86318333,-,เมืองนนทบุรี,เลขที่ 7,32,2023-01-01T00:00:00,นนทบุรี,45,11000
12000,สีข้าว (กำลังสีสูงสุดของร้านสีข้าว 180 เกวียน/วัน) สีข้าวนึ่ง (กำลังสีสูงสุดของร้านสีข้าว 150 เกวียน/วัน) อบข้าวเปลือก (กำลังสีสูงสุดของร้านสีข้าว 300 เกวียน/วัน),8650,1,1987-06-03T00:00:00,7,,10611,50000000,3-9(1)-1/30นบ,5717325,-10120000125306-,100.2949167,272,272,2151.72,1993-02-03T00:00:00,ห้างหุ้นส่วนจำกัด โรงสีขุนศรี,ขุนศรี,13.98666667,,ไทรน้อย,เลขที่ 15,7,2023-01-01T00:00:00,นนทบุรี,8,11150
12800,สี ฝัด หรือขัดข้าว แลอบข้าวเปลือก,1200,0,1998-09-19T00:00:00,3,,10611,9500000,3-9(1)-1/40นบ,9855258,-10120000125405-,100.3118167,273,273,5619.92,1997-02-05T00:00:00,บริษัท โรงสีเจริญธัญญาทรัพย์ จำกัด,ราษฎร์นิยม,14.10686667,ฤชุพันธ์,ไทรน้อย,เลขที่ 39/6,7,2023-01-01T00:00:00,นนทบุรี,7,11150
4800,สีข้าว กำลังสีสูงสุดของร้านสีข้าว 20 เกวียน/วัน,1600,0,1972-09-01T00:00:00,5,,10611,1500000,3-9(1)-15/15นบ,,-10120001525157-,100.4457167,274,274,45,1993-08-03T00:00:00,โรงสีไฟตั้งซุ่นหลี,บางรักใหญ่,13.87176667,,บางบัวทอง,เลขที่ 9,4,2023-01-01T00:00:00,นนทบุรี,4,11110
16000,สีข้าว กำลังสีสูงสุดของร้านสีข้าว 200 เกวียน/วัน,7966,0,1988-03-08T00:00:00,1,บางกรวย-ไทรน้อย,10611,39900000,3-9(1)-2/31นบ,02-9224119,-10120000225312-,100.3153333,275,275,10323.75,1994-03-21T00:00:00,ห้างหุ้นส่วนจำกัด โรงสีไฟไทยเจริญทวีกิจ,คลองขวาง,13.98735,-,ไทรน้อย,เลขที่ 29/3,6,2024-01-01T00:00:00,นนทบุรี,6,11150
8900,คัดคุณภาพและแบ่งบรรจุข้าวนึ่ง,13621,5,1990-02-10T00:00:00,3,ตัดใหม่,10611,432980000,3-9(1)-2/33นบ,02-5842298-9,-10120000225338-,100.5367833,276,276,7427.03,1993-03-16T00:00:00,บริษัท โอแลม (ประเทศไทย)จำกัด,บ้านใหม่,13.94576667,-,ปากเกร็ด,เลขที่ 71,32,2023-01-01T00:00:00,นนทบุรี,37,11120
16728,สีข้าว กำลังสีสูงสุดของร้านสีข้าว 600 เกวียน/วัน,1760,4,1987-08-28T00:00:00,1,-,10611,6000000,3-9(1)-4/30นบ,,-10120000425300-,100.26685,277,277,1150,1993-03-23T00:00:00,ห้างหุ้นส่วนจำกัด โรงสีศรีพัฒนาพาณิชย์,ขุนศรี,14.0052,-,ไทรน้อย,เลขที่ 55,12,2023-01-01T00:00:00,นนทบุรี,16,11150
6400,ขัดข้าว,1500,16,2011-03-14T00:00:00,4,บางใหญ่-บางคูลัด(กันตนา),10611,60000000,3-9(1)-80/52นบ,02-9214336-9,-10120008025524-,100.39781,278,278,627.5,2009-09-12T00:00:00,บริษัท โกลเด้นเกรน เอ็นเตอร์ไพรส์ จำกัด,บางม่วง,13.84597,-,บางใหญ่,เลขที่ 60,21,2021-01-01T00:00:00,นนทบุรี,37,11140
28540,สีข้าว ได้ 400 เกวียน/วัน,8190,5,2004-11-15T00:00:00,1,ปทุมธานี-บางเลน,10611,111000000,3-9(1)-90/47นบ,02-9219126,-10120009025473-,100.2654,279,279,4008.4,2004-01-10T00:00:00,ห้างหุ้นส่วนจำกัด โรงสีศรีพรกิจวัฒนา,ขุนศรี,14.00631667,วัดยอดพระพิมล,ไทรน้อย,เลขที่ 79,25,2024-01-01T00:00:00,นนทบุรี,30,11150
37755,"ทำแป้งถั่วเขียว, วุ้นเส้น",1750,33,1986-12-05T00:00:00,6,ตลิ่งชัน-สุพรรณบุรี,10612,22000000,3-9(2)-1/29นบ,9855281,-10120000125298-,100.2871469,280,280,3125,1995-03-16T00:00:00,บริษัท ซี.ที.บี เวิลด์เทรด (ไทยแลนด์) จำกัด,ไทรน้อย,14.12074441,หลัก กม.ที่ 50,ไทรน้อย,เลขที่ 16/1,3,2020-01-01T00:00:00,นนทบุรี,36,11150
1188,ทำเฉาก๊วย,375,0,1997-09-20T00:00:00,,,10615,1000000,3-9(4)-1/40นบ,02-9514800-3,-10120100125404-,100.5141833,281,281,2663.5,1997-04-03T00:00:00,ห้างหุ้นส่วนจำกัด บางกอกเกาลูน,ตลาดขวัญ,13.85068333,เรวดี 7,เมืองนนทบุรี,เลขที่ 70,8,2022-01-01T00:00:00,นนทบุรี,8,11000
14400,ผลิตอาหารสำเร็จรูป,11000,55,,8,บางบัวทอง-สุพรรณบุรี,10615,100000000,3-9(4)-8/47นบ,02-9255050,-10120000825475-,100.3891833,282,282,8335.8,2004-10-20T00:00:00,บริษัท สมาร์ท เชฟ ซินดิเคท จำกัด,ละหาร,13.9766,-,บางบัวทอง,เลขที่ 52/15,5,,นนทบุรี,60,11110
880000,ผลิตน้ำประปา,40000,1,2000-03-01T00:00:00,1,ตลิ่งชัน-สุพรรณบุรี,36002,2641152396,3-90-1/42นบ,02-8314422,-10120200125429-,100.4106167,283,283,27468.8,1999-11-10T00:00:00,โรงงานผลิตนำมหาสวัสดิ์,ปลายบาง,13.80561667,,บางกรวย,เลขที่ 169,41,2020-01-01T00:00:00,นนทบุรี,42,11130
16000,ทำห้องเย็นเก็บพืชผัก ผลไม้ (ขนาดความจุ 1059 ตัน),900,0,1987-10-26T00:00:00,2,บางกรวย-ไทรน้อย,52101,36300000,3-92-1/30นบ,02-9239140-2,-10120700125309-,100.3526333,284,284,1201.55,1987-10-26T00:00:00,บริษัท เอส.อาร์.เอ็นเตอร์ไพรส์ จำกัด,ไทรน้อย,13.9635,,ไทรน้อย,เลขที่ 55/3,6,2023-01-01T00:00:00,นนทบุรี,6,11150
10150,ห้องเย็นเก็บรักษาอาหารสำเร็จรูป เช่น นม ไส้กรอก แซนด์วิช พิซซ่า ผัก ผลไม้ ฯลฯ,3000,50,2003-05-16T00:00:00,7,ตลิ่งชัน-สุพรรณบุรี,52101,110000000,3-92-1/46นบ,0 2631 0231,-10120700125465-,100.3929167,285,285,722.26,2003-06-03T00:00:00,บริษัท ซีพี ออลล์ จำกัด (มหาชน),ละหาร,13.97463333,,บางบัวทอง,เลขที่ 148/1,205,2023-01-01T00:00:00,นนทบุรี,255,11110
5604,ห้องเย็นเก็บสัตว์น้ำ เนื้อสัตว์และตัดแต่งวัตถุดิบ,3200,34,2015-05-06T00:00:00,4,บ้านกล้วย-ไทรน้อย,52101,42000000,3-92-10/58นบ,02-9031853,-10120001025588-,100.410266,286,286,783,2015-04-16T00:00:00,บริษัท พี ซี ฟู้ดส์ เซ็นเตอร์ จำกัด,พิมลราช,13.875322,,บางบัวทอง,เลขที่ 77,76,2020-01-01T00:00:00,นนทบุรี,110,11110
30312,"ห้องเย็นเก็บเนื้อ/สัตว์น้ำ และตัดแต่งแปรรูปวัตถุดิบเนื้อสัตว์,สัตว์น้ำ",18367,20,2016-09-10T00:00:00,4,บ้านกล้วย-ไทรน้อย,52101,71000000,3-92-21/59นบ,02-5926140,-10120002125593-,100.3934181,287,287,895,2016-05-17T00:00:00,บริษัท พีซี ฟรี โซน จำกัด,พิมลราช,13.91921038,,บางบัวทอง,"เลขที่ โฉนดที่ดินเลขที่ 46780,89542",20,2021-01-01T00:00:00,นนทบุรี,40,11140
800,ซ่อมรถยนต์,40,0,1980-06-10T00:00:00,6,ประชาราษฎร์,33121,1800000,3-95(1)-2/23นบ,,-10120000225239-,100.5041,288,288,63.33,1994-10-13T00:00:00,บริษัท โตโยต้านนทบุรีผู้จำหน่ายโตโยต้า จำกัด,ตลาดขวัญ,13.84395,,เมืองนนทบุรี,เลขที่ 22/1,11,2020-01-01T00:00:00,นนทบุรี,11,11000
4716,ซ่อมรถยนต์และเครื่องยนต์,3775,4,1990-03-09T00:00:00,,ติวานนท์,33121,2000000,3-95(1)-2/33นบ,5884885,-10120100225337-,100.5241833,289,289,152.8,1990-03-09T00:00:00,บริษัท เอชซีเอ็น ฮอนด้า ออโตโมบิล จำกัด,บางกระสอ,13.88443333,ภักดีกุล,เมืองนนทบุรี,เลขที่ 109,22,2023-01-01T00:00:00,นนทบุรี,26,11000
5248,ซ่อมรถยนต์,3063,0,1991-05-30T00:00:00,,รัตนาธิเบศก์,33121,14000000,3-95(1)-2/34นบ,5893541,-10120300225343-,100.5024667,290,290,165.29,1993-12-22T00:00:00,บริษัท โตโยต้านนทบุรี ผู้จำหน่ายโตโยต้า จำกัด,บางกระสอ,13.86253333,,เมืองนนทบุรี,เลขที่ 245,25,2024-01-01T00:00:00,นนทบุรี,25,11000
2875,เคาะ พ่นสีรถยนต์,1365,3,1990-02-11T00:00:00,,แจ้งวัฒนะ,33121,66200000,3-95(1)-4/33นบ,-,-10120100425333-,100.5524333,291,291,99.16,1993-03-23T00:00:00,บริษัท ที เอส แอล ออโต้ คอร์ปอเรชั่น จำกัด,คลองเกลือ,13.89618333,,ปากเกร็ด,เลขที่ 78/9,55,2023-01-01T00:00:00,นนทบุรี,58,11120
200,ปะยาง ต้ังศูนย์ และถ่วงล้อรถยนต์,132,0,1986-09-17T00:00:00,6,ติวานนท์,33121,1700000,3-95(1)-5/29นบ,0 2952 4203,-10120000525299-,100.5160333,292,292,59.22,1994-11-17T00:00:00,ป.พัฒนกิจ,ท่าทราย,13.87481667,,เมืองนนทบุรี,เลขที่ 42/118-123,6,2020-01-01T00:00:00,นนทบุรี,6,11000
124536,ซักผ้า,6000,4,2017-12-25T00:00:00,5,,28269,40000000,3-98-15/60นบ,,-10120001525603-,100.3234334,293,293,1265.13,2017-09-28T00:00:00,บริษัท เพรสซิเด้นท์ นิทติ้ง แอนด์ การ์เม้นท์ จำกัด,คลองขวาง,14.05550877,,ไทรน้อย,เลขที่ 2/4,18,2022-01-01T00:00:00,นนทบุรี,22,10120
6400,ซัก รีด เสือผ้า,1985,30,2011-07-18T00:00:00,4,บางกรวย-จงถนอม,28269,103000000,3-98-4/54นบ,02-2345038-9,-10120000425540-,100.4479812,294,294,3261.77,2011-06-24T00:00:00,บริษัท ไอ คลีน ลอนดรี้ จำกัด,มหาสวัสดิ์,13.80119511,อุดมลาภ,บางกรวย,เลขที่ 88/8-9,50,2021-01-01T00:00:00,นนทบุรี,80,11130
0,ทำขนมปัง ขนมปังกรอบ หรือขนมอบแห้ง,0,6,2010-01-13T00:00:00,7,,10711,11500000,จ2-10(1)-1/64นบ,,-20120020925642-,100.359122,295,295,66.32,2021-12-01T00:00:00,-,บางคูรัด,13.882625,,บางบัวทอง,เลขที่ 25/1,4,,นนทบุรี,10,11110
4581,ผลิตไอศกรีม,612,5,2023-05-29T00:00:00,3,-,10503,36500000,จ2-12(11)-1/66นบ,20428167,-20120074725666-,100.395218,296,296,70,2023-11-05T00:00:00,บริษัท เนเจอร์ ซีเล็คชั่น จำกัด,อ้อมเกร็ด,13.907708,-,ปากเกร็ด,เลขที่ 17/1,13,,นนทบุรี,18,11120
2026,คั่ว บด ป่น กาแฟ และทำกาแฟผง,1000,2,2012-11-15T00:00:00,5,,10761,4800000,จ2-12(2)-1/64นบ,02-1906024-5,-20120036925644-,100.414602,297,297,74.8,2021-01-13T00:00:00,บริษัท คอฟฟี่บูม จำกัด,ละหาร,13.956165,,บางบัวทอง,เลขที่ 95,4,,นนทบุรี,6,11110
800,คั่วกาแฟ,150,0,2008-05-29T00:00:00,2,ปลายบาง,10761,6000000,จ2-12(2)-8/64นบ,02-4246050,-20120230425649-,100.434419,298,298,60,2021-03-23T00:00:00,สยามกาแฟ,มหาสวัสดิ์,13.801902,,บางกรวย,เลขที่ 77/6,3,,นนทบุรี,3,11130
800,ผลิตเครื่องแกงสำเร็จรูป,200,3,2001-02-04T00:00:00,3,เทอดพระเกียรติ,10771,5000000,จ2-13(8)-1/64นบ,883-8688-9,-20120028525642-,100.4767593,299,299,58.2,2021-12-01T00:00:00,บริษัท แม่เกตุ อุตสาหกรรม อาหารไทย จำกัด,วัดชลอ,13.80031327,,บางกรวย,เลขที่ 63/9,2,,นนทบุรี,5,11130
1058,ตัดเย็บเสื้อผ้าสำเร็จรูป,898,50,2001-06-19T00:00:00,4,เทอดพระเกียรติ,14111,11000000,จ2-28(1)-15/64นบ,8837980,-20120028825646-,100.476053,300,300,32.32,2021-12-01T00:00:00,ห้างหุ้นส่วนจำกัด อีแอ่น กรุ๊ป,วัดชลอ,13.797223,-,บางกรวย,เลขที่ 7/22,10,,นนทบุรี,60,11130
2400,ตัดแต่ง บด และผสมเครื่องปรุงเนื้อสัตว์,1134,6,,7,,10139,38200000,จ2-4(6)-7/64นบ,876684624,-20120220525648-,100.454333,301,301,70.29,2021-03-18T00:00:00,บริษัท สหนนท์ อินเตอร์ ฟู้ดส์ จำกัด,คลองข่อย,13.95638,,ปากเกร็ด,เลขที่ 10/14,8,,นนทบุรี,14,11120
260,พิมพ์สิ่งพิมพ์ต่างๆ,200,1,2023-09-21T00:00:00,5,นครอินทร์,17092,4400000,จ2-41(1)-1/66นบ,24493926,-20120148925664-,,302,302,58,2023-09-21T00:00:00,เพิ่มทรัพย์ การพิมพ์,บางไผ่,,บางไผ่พัฒนา,เมืองนนทบุรี,เลขที่ 117/22,5,,นนทบุรี,6,11000
5808,พิมพ์สิ่งพิมพ์ต่าง ๆ เช่น แบบพิมพ์ สมุด เครื่องเขียน,1200,20,2003-06-16T00:00:00,5,เลียบคลองลากฆ้อน,17092,15000000,จ2-41(1)-34/64นบ,02-9777500-1,-20120041725641-,100.334581,303,303,75,2021-01-14T00:00:00,บริษัท อุตสาหกรรมสมุดไทย จำกัด,ราษฎร์นิยม,14.040126,-,ไทรน้อย,เลขที่ 57/3-5,20,,นนทบุรี,40,11150
800,ผลิตเครื่องสำอาง,300,6,2018-09-19T00:00:00,5,,20232,15000000,จ2-47(3)-12/64นบ,,-20120177125640-,100.411181,304,304,66,2021-02-22T00:00:00,-,ลำโพ,13.974219,,บางบัวทอง,เลขที่ 55/60,4,,นนทบุรี,10,11110
3200,ผลิตเครื่องสำอาง,1000,9,2018-09-07T00:00:00,7,กาญจนาภิเษก,20232,12500000,จ2-47(3)-13/64นบ,,-20120177525641-,100.413991,305,305,59.94,2021-02-22T00:00:00,บริษัท ไบโอ คอสเมติค กรุ๊ป จำกัด,ลำโพ,13.968844,ลำโพ 33,บางบัวทอง,เลขที่ 98/13-14,6,,นนทบุรี,15,11110
672,ผลิตเครื่องสำอาง หรือสิ่งปรุงแต่งร่างกาย,672,5,2017-03-24T00:00:00,2,สาย 345 (ปทุมธานี-บางเลน),20232,15000000,จ2-47(3)-14/64นบ,,-20120177625649-,100.4341634,306,306,55,2021-02-22T00:00:00,บริษัท สิทธิพรสมุนไพร จำกัด,ลำโพ,13.95394123,,บางบัวทอง,เลขที่ 29/136,2,,นนทบุรี,7,
3200,ผลิตเครื่องสำอาง,848,6,2014-05-22T00:00:00,10,,20232,14227470,จ2-47(3)-15/64นบ,021596253-4,-20120178425643-,100.427593,307,307,51.38,2021-02-22T00:00:00,บริษัท ไอ วี พี อินเตอร์เนชั่นแนล จำกัด,คลองข่อย,13.9764,,ปากเกร็ด,เลขที่ 20/13,2,,นนทบุรี,8,11120
467,ผลิตเครื่องสำอาง อาหารเสริมสุขภาพและประกอบเครื่องมือแพทย์ เช่น สเปรย์ฆ่าเชื้อ ฯลฯ,467,20,2018-02-26T00:00:00,4,สาย 345,20232,10000000,จ2-47(3)-16/64นบ,0 2923 1102,-20120178625648-,100.433333,308,308,52.3,2021-02-22T00:00:00,ห้างหุ้นส่วนจำกัด จัตุรงค์คูลลิ่ง,ละหาร,13.939221,,บางบัวทอง,เลขที่ 39/5,5,,นนทบุรี,25,11110
360,ผลิตและจำหน่ายเครื่องสำอาง,200,0,2016-04-11T00:00:00,1,สาย 345 ,20232,25000000,จ2-47(3)-17/64นบ,02 1578888,-20120179125648-,100.4795126,309,309,51.4,2021-02-22T00:00:00,บริษัท อีแอลอี (ไทยแลนด์) จำกัด,บางตะไนย์,13.95589855,,ปากเกร็ด,เลขที่ 88/60,7,,นนทบุรี,7,11120
1400,ผลิตเครื่องสำอางทุกชนิดและผลิตภัณฑ์เสริมอาหารทุกชนิด,400,9,2017-06-19T00:00:00,7,กาญจนาภิเษก,20232,6000000,จ2-47(3)-2/64นบ,0 2157 4599,-20120029225648-,100.410366,310,310,51,2021-12-01T00:00:00,บริษัท วิลล่า แลบบอราทอรี่ จำกัด,ลำโพ,13.967074,,บางบัวทอง,เลขที่ 55/99,2,,นนทบุรี,11,11110
3060,ผลิตเครื่องสำอาง,816,2,2016-12-21T00:00:00,7,วงแหวนตะวันตก,20232,17000000,จ2-47(3)-29/64นบ,02-1572922,-20120278925641-,100.416273,311,311,74.02,2021-04-22T00:00:00,บริษัท บิวตี้ คูซีนแลบ จำกัด,ลำโพ,13.970687,,บางบัวทอง,เลขที่ 249,2,,นนทบุรี,4,11110
1478,ผลิตเครื่องสำอาง,240,10,2013-07-06T00:00:00,3,ทางหลวง 345,20232,18500000,จ2-47(3)-3/64นบ,0 2525 8670-1,-20120029525641-,100.4362704,312,312,58.61,2021-12-01T00:00:00,บริษัท พาสซานา แลบอราทอรี่ เอเซีย จำกัด,ลำโพ,13.9574707,,บางบัวทอง,เลขที่ 55/65,5,,นนทบุรี,15,11110
3856,ผลิตเต้าหู้นมสด,776,6,2012-02-17T00:00:00,4,อนามัยลิ้มกุล,10509,1000000,จ2-5(4)-1/64นบ,081-8308884,-20120178525640-,100.3039013,313,313,52.38,2021-02-22T00:00:00,บริษัท เอ็นเอ็นซี.โปรดักส์ จำกัด,หนองเพรางาย,13.8879259,,ไทรน้อย,เลขที่ 41/1,10,,นนทบุรี,16,11150
3200,ผลิตผลิตภัณฑ์จากยาง เช่น โอ-ริง ปะเก็น,650,11,2019-08-07T00:00:00,7,,22199,16000000,จ2-52(4)-14/64นบ,,-20120178225647-,100.363544,314,314,72.5,2021-02-22T00:00:00,ห้างหุ้นส่วนจำกัด เค.เอส.เอ.รับเบอร์ พาร์ท,บางคูรัด,13.881287,,บางบัวทอง,เลขที่ 5/8,9,,นนทบุรี,20,11110
1666,ผลิตภัณฑ์จากพลาสติก เช่น โล่รางวัล กล่องพลาสติก ป้ายโชว์แสดงสินค้า ฯลฯ,440,4,2016-10-05T00:00:00,3,นครอินทร์,22210,29500000,จ2-53(1)-1/64นบ,02-4087399,-20120001025644-,100.4890413,315,315,59.58,2021-04-01T00:00:00,บริษัท โชติการ ครีเอชั่น จำกัด,บางไผ่,13.82154112,บางไผ่ 5,เมืองนนทบุรี,เลขที่ 88/8,8,,นนทบุรี,12,11000
8800,ทำผลิตภัณฑ์เครื่องปั้นดินเผา เช่น กระถาง จาน และภาชนะบรรจุอื่นๆ,2056,0,2006-06-02T00:00:00,6,วัดสะพานสูง-วัดสาลีโข,23939,7050000,จ2-55-2/64นบ,02-5017282,-20120022025649-,100.4734218,316,316,52,2021-12-01T00:00:00,-,คลองพระอุดม,13.92809047,,ปากเกร็ด,เลขที่ 46/2,24,,นนทบุรี,24,11120
10240,ผลิตเสาเข็มคอนกรีต,1425,3,2016-04-18T00:00:00,3,,23953,13500000,จ2-58(1)-106/64นบ,,-20120194125649-,100.437447,317,317,53.5,2021-01-03T00:00:00,ทีทีเอสเสาเข็ม,ลำโพ,13.95788385,,บางบัวทอง,เลขที่ 55/89,4,,นนทบุรี,7,11000
12000,ผลิตผลิตภัณฑ์คอนกรีต เช่น เสาเข็ม แผ่นพื้นสำเร็จ ถังส้วม,0,3,1994-05-31T00:00:00,7,ตลิ่งชัน-สุพรรณบุรี,23953,1600000,จ2-58(1)-107/64นบ,,-20120194225647-,100.387469,318,318,54,2021-01-03T00:00:00,บริษัท แสงเจริญคอนกรีตอัดแรง จำกัด,ละหาร,13.980006,,บางบัวทอง,เลขที่ 94/2,12,,นนทบุรี,15,11110
12000,ทำผลิตภัณฑ์คอนกรีต เช่น ท่อคอนกรีต ฯลฯ,810,0,1994-05-17T00:00:00,7,ตลิ่งชัน-สุพรรณบุรี,23953,18700000,จ2-58(1)-109/64นบ,,-20120197125646-,100.387857,319,319,75,2021-02-03T00:00:00,บริษัท ไดมอนด์คอนกรีต กรุ๊ป จำกัด,ละหาร,13.979935,,บางบัวทอง,เลขที่ 94/5,6,,นนทบุรี,6,11110
2400,ทำเสา คาน และแผ่นพื้นคอนกรีตสำเร็จรูป,2400,2,1992-06-23T00:00:00,1,บางกรวย-ไทรน้อย,23953,10000000,จ2-58(1)-12/64นบ,0-2447-5606,-20120076525643-,100.47695,320,320,52,2021-01-25T00:00:00,บริษัท ธำรงชัย คอนกรีต จำกัด,วัดชลอ,13.808095,,บางกรวย,เลขที่ 137,7,,นนทบุรี,9,11130
4000,ทำท่อคอนกรีตอัดแรง,540,1,1997-07-15T00:00:00,7,ตลิ่งชัน-สุพรรณบุรี,23953,2400000,จ2-58(1)-136/64นบ,9255501-5,-20120230625644-,100.380772,321,321,59.5,2021-03-23T00:00:00,,ละหาร,13.986919,,บางบัวทอง,เลขที่ 115/1,5,,นนทบุรี,6,11110
4732,ผลิตคอนกรีตผสมเสร็จ,130,0,2023-01-24T00:00:00,,,23953,8330000,จ2-58(1)-2/66นบ,9066566558,-20120010125666-,100.450127,322,322,72.5,2023-01-24T00:00:00,บริษัท โอ อาร์ ซี พรีเมียร์ จำกัด,บางขุนกอง,13.815938,,บางกรวย,เลขที่ โฉนดที่ดินเลขที่ 63323,6,,นนทบุรี,6,11130
11200,ทำผลิตภัณฑ์คอนกรีตสำเร็จรูป เช่น แผ่นผนังอาคาร ฯลฯ,3000,25,2013-05-15T00:00:00,8,ฤชุพันธ์,23953,35181250,จ2-58(1)-201/64นบ,02-318-7920,-20120299325649-,100.325624,323,323,55,2021-12-05T00:00:00,บริษัท พาเนล ควอลิตี้ จำกัด,ราษฎร์นิยม,14.118258,-,ไทรน้อย,เลขที่ 70,55,,นนทบุรี,80,11150
4608,ผลิตผลิตภัณฑ์คอนกรีต,0,2,1997-06-30T00:00:00,2,ปทุมธานี-บางเลน,23953,3400000,จ2-58(1)-7/64นบ,9219601,-20120040125645-,100.275851,324,324,67.5,2021-01-14T00:00:00,บริษัท นำชัยคอนกรีต จำกัด,ขุนศรี,14.023131,,ไทรน้อย,เลขที่ 1/2,6,,นนทบุรี,8,11150
0,ผลิต ตบแต่ง ดัดแปลง ซ่อมแซมเครื่องมือ เครื่องใช้หรือเครื่องเรือนจากโลหะ,0,4,2015-09-07T00:00:00,4,สาย 345,24109,2000000,จ2-61-17/64นบ,0-2586-9738,-20120230125645-,100.4328417,325,325,53,2021-03-23T00:00:00,บริษัท วินด์ชิลล์ จำกัด,ละหาร,13.93944915,-,บางบัวทอง,เลขที่ -,14,,นนทบุรี,18,11110
1232,ผลิตตู้กับข้าวและเครื่องเฟอร์นิเจอร์ทุกชนิดจากอลูมิเนียม,975,2,2009-04-20T00:00:00,1,ทางหลวงหมายเลข 345,31002,3800000,จ2-62-1/64นบ,02-9231718-9,-20120028925644-,100.435275,326,326,60.58,2021-12-01T00:00:00,บริษัท 3 มิติ แซมมาริโอ (ไทยแลนด์) จำกัด,ลำโพ,13.94716849,-,บางบัวทอง,เลขที่ 45/5,10,,นนทบุรี,12,11110
4800,ทำผลิตภัณฑ์จากโลหะ เช่น โต๊ะ เก้าอี้,375,3,2007-01-11T00:00:00,9,บางไผ่-หนองเพรางาย,31002,6725000,จ2-62-4/64นบ,02-9634252-3,-20120040025647-,100.340537,327,327,50.6,2021-01-14T00:00:00,ห้างหุ้นส่วนจำกัด บัวทอง เมททัล,บางคูรัด,13.919815,,บางบัวทอง,เลขที่ 68,9,,นนทบุรี,12,11110
3800,ทำผลิตภัณฑ์โลหะสำหรับใช้ในการก่อสร้าง เช่น แผ่นหลังคาเหล็ก,960,6,2016-09-05T00:00:00,4,สาย 345,25111,5000000,จ2-63(2)-112/64นบ,,-20120215825649-,100.428071,328,328,55,2021-03-17T00:00:00,ห้างหุ้นส่วนจำกัด บี.เค.เม็ททอลชีท (บางบัวทอง),ละหาร,13.943006,,บางบัวทอง,เลขที่ 88/1-88/2,15,,นนทบุรี,21,11110
2588,ทำแผ่นเมทัลชีท,600,0,2017-06-14T00:00:00,2,,25111,31000000,จ2-63(2)-120/64นบ,08 1932 4993,-20120230225643-,100.2857,329,329,67.5,2021-03-23T00:00:00,บริษัท นนทชัย เม็ททอลโลหะภัณฑ์ จำกัด,คลองพระอุดม,13.552,,ปากเกร็ด,เลขที่ 55,10,,นนทบุรี,10,11120
788,รับจ้างตัด พับ ม้วน เจาะ เจียน หรือ เชื่อมโลหะทั่วไป เช่น รางน้ำฝน ลูกหมุนระบายอากาศ เหล็กแผ่นรีดลอน และแผ่นปิดครอบหลังคา เป็นต้น ตลอดจนผลิตหลังคาแผ่นเหล้กรีดลอน และแผ่นปิดครอบหลังคา,788,5,2011-01-03T00:00:00,7,กาญจนาภิเษก,25910,11000000,จ2-64(12)-52/64นบ,0-2449-4787-8,-20120231125644-,100.4128682,330,330,65,2021-03-23T00:00:00,ร้านเลิศลอยนครอินทร์,บางคูเวียง,13.8193694,,บางกรวย,เลขที่ 145/11,8,,นนทบุรี,13,11130
688,กลึง เจาะ คว้าน กัด ไส เจียนหรือเชื่อมโลหะ,320,0,2009-06-30T00:00:00,6,บางไผ่-หนองเพรางาย,25922,3450000,จ2-64(13)-157/64นบ,,-20120215425648-,100.342743,331,331,66,2021-03-17T00:00:00,,บางคูรัด,13.899549,,บางบัวทอง,เลขที่ 23/7,7,,นนทบุรี,7,11110
240,กลึง เจาะ คว้าน กัด ไส เจียน และเชื่อมโลหะทั่วไป,0,2,2008-06-03T00:00:00,10,เลียบคลองพระอุดม,25922,15000000,จ2-64(13)-158/64นบ,02-1596258-60,-20120215625643-,100.429692,332,332,50.56,2021-03-17T00:00:00,บริษัท เคทีเอส สยาม จำกัด,คลองข่อย,13.978309,-,ปากเกร็ด,เลขที่ 21/3,5,,นนทบุรี,7,11120
616,กลึง เจาะ คว้าน กัด ไส เจียน หรือเชื่อมโลหะ,320,0,2004-06-28T00:00:00,6,บางไผ่-หนองเพรางาย,25922,3900000,จ2-64(13)-176/64นบ,845558411,-20120230325641-,100.344481,333,333,66,2021-03-23T00:00:00,โรงกลึงฐานิตทอง,บางคูรัด,13.899716,,บางบัวทอง,เลขที่ 23/5,7,,นนทบุรี,7,11110
3825,การกลึง กัด เจาะ เจียน หรือเชื่อมโลหะทั่วไป,1020,0,2018-09-19T00:00:00,2,,25922,14000000,จ2-64(13)-30/64นบ,,-20120036425645-,100.2837835,334,334,68,2021-01-13T00:00:00,บริษัท ทองเทค พาร์ท แอนด์ คาร์ไบด์ จำกัด,ทวีวัฒนา,13.93881459,,ไทรน้อย,เลขที่ 57/4,7,,นนทบุรี,7,11150
364,ผลิตอุปกรณ์ตรวจสอบและยึดจับชิ้นงาน,237,2,2011-06-16T00:00:00,3,สาย 345,28229,6209210,จ2-67(7)-9/64นบ,0-2525-8805,-20120193625649-,100.435746,335,335,60.94,2021-01-03T00:00:00,บริษัท เคียวเออิ แอดวานซ์ เอ็นจิเนียริ่ง จำกัด,ลำโพ,13.954744,,บางบัวทอง,เลขที่ 55/41,8,,นนทบุรี,10,11110
2710,ซ่อมเครื่องใช้ไฟฟ้า เช่น เครื่องถ่ายเอกสาร เครื่องพิมพ์สำเนา เครื่องโทรสาร เครื่องพิมพ์เอกสาร,483,4,,5,,26202,40000000,จ2-69-1/63นบ,,-20120188025631-,,336,336,53.83,2020-09-24T00:00:00,บริษัท บีโฟร์ โอเอ จำกัด,บางรักน้อย,,ท่าอิฐ,เมืองนนทบุรี,เลขที่ 29/9,25,,นนทบุรี,29,11000
900,ประกอบรถโฟร์คลิฟต์ เครนติดรถบรรทุก ตัวถังรถบรรทุก และเครื่องมือกู้ภัย เช่น เครื่องตัดถ่างไฮดรอลิก,1000,3,2011-02-14T00:00:00,1,-,28160,4300000,จ2-70-29/64นบ,,-20120193425644-,100.4380272,337,337,64,2021-01-03T00:00:00,บริษัท แม๊กซ์ แมททีเรียล แฮนด์ลิ่ง จำกัด,ลำโพ,13.94481792,-,บางบัวทอง,เลขที่ 29/2,6,,นนทบุรี,9,11110
380,ประกอบเครื่องปรับอากาศ,680,2,2018-09-06T00:00:00,4,สาย 345,28160,8500000,จ2-70-30/64นบ,,-20120193925643-,100.432858,338,338,53,2021-01-03T00:00:00,บริษัท วินด์ชิลล์ จำกัด,ละหาร,13.939342,,บางบัวทอง,เลขที่ 39/10-11,12,,นนทบุรี,14,10170
1600,ผลิตเครื่องเติมอากาศ,300,0,2018-10-25T00:00:00,7,,28160,7000000,จ2-70-31/64นบ,,-20120194425643-,100.287023,339,339,56.41,2021-01-03T00:00:00,บริษัท ชีวา อินเตอร์เทรด (ประเทศไทย) จำกัด,ไทรใหญ่,14.101627,,ไทรน้อย,เลขที่ 14/6,10,,นนทบุรี,10,11110
3704,ผลิตตู้เย็นแสตนเลส,500,0,1995-07-22T00:00:00,2,,28160,2700000,จ2-70-4/64นบ,4241574,-20120029025642-,100.4527343,340,340,57.35,2021-12-01T00:00:00,คลีนิคเครื่องเย็น,บางขนุน,13.80953861,,บางกรวย,เลขที่ 61,10,,นนทบุรี,10,11130
0,โรงงานประกอบตู้สาขาโทรศัพท์ และแผงวงจรอิเล็กทรอนิกส์,0,11,2008-10-18T00:00:00,2,ทางหลวงหมายเลข 345,26402,40000000,จ2-72-1/64นบ,02-5258711-5,-20120037625649-,100.435095,341,341,52,2021-01-13T00:00:00,บริษัท โฟนนิค อินโนเวชั่น จำกัด,ลำโพ,13.953197,-,บางบัวทอง,เลขที่ 29/167,14,,นนทบุรี,25,11110
1200,ผลิตเครื่องไฟฉุกเฉินอัตโนมัติ ป้ายทางออกฉุกฌฉิน (EXIT),1200,14,2013-02-15T00:00:00,3,บางใหญ่-บางคูลัด (กันตนา),27909,45000000,จ2-73-16/64นบ,,-20120194325645-,100.373368,342,342,51,2021-01-03T00:00:00,บริษัท เอเซีย แอมโร อินดัสตรี้ จำกัด,บางใหญ่,13.84147,,บางใหญ่,เลขที่ 22/7,23,,นนทบุรี,37,11140
,ติดตั้งอุปกรณ์และส่วนควบของรถที่ใช้ก๊าซธรรมชาติอัดเป็นเชื้อเพลิง,0,19,2008-03-07T00:00:00,6,บางกรวย-ไทรน้อย,29109,600000,จ2-77(1)-4/51นบ,02-5715013-6,-20120200425512-,100.42971,343,343,42.58,2008-03-07T00:00:00,บริษัท วีอาร์พี เอ็นจิเนียริ่ง แอนด์ เทรดดิ้ง จำกัด,บางรักใหญ่,13.89809,-,บางบัวทอง,เลขที่ 85/4,93,,นนทบุรี,112,11110
3060,ประกอบกิจการเกี่ยวกับรถยนต์หรือรถพ่วง เช่น การสร้าง ประกอบ ดัดแปลงหรือเปลี่ยนแปลงสภาพ และทำเครื่องมือเครื่องใช้หรืออุปกรณ์การแพทย์ เช่น เตียงเข็นคนไข้,3060,5,2009-04-20T00:00:00,8,บางบัวทอง-สุพรรณบุรี,29109,142120948,จ2-77(1)-4/64นบ,0-2434-0040,-20120028225649-,100.315405,344,344,61.86,2021-12-01T00:00:00,บริษัท สุพรีร่า อินโนเวชั่น จำกัด ,ราษฎร์นิยม,14.080891,-,ไทรน้อย,เลขที่ 92/5-7,68,,นนทบุรี,73,11150
1000,ผลิตชิ้นส่วนยานยนต์,990,16,2016-06-12T00:00:00,5,345,29309,1500000,จ2-77(2)-39/64นบ,0 2159 8588-9,-20120193725647-,100.460925,345,345,67,2021-01-03T00:00:00,บริษัท เกรท แอนด์ มอร์ จำกัด,คลองข่อย,13.955807,,ปากเกร็ด,เลขที่ 11/8,31,,นนทบุรี,47,11120
1600,ผลิตสาหร่ายทะเลปรุงรส บรรจุในภาชนะปิดสนิทและอากาศเข้าไม่ได้,540,10,2014-01-27T00:00:00,10,กาญจนาภิเษก,10302,25000000,จ2-8(1)-1/64นบ,0 2159 6467,-20120021425642-,100.433598,346,346,51.36,2021-12-01T00:00:00,บริษัท เอสทีดับบลิว กรุ๊ป จำกัด,คลองข่อย,13.977498,วัดศรีเขตนันธาราม,ปากเกร็ด,เลขที่ 17/6,10,,นนทบุรี,20,11120
3200,ทำอาหารหรือเครื่องดื่มจากพืช ผัก ผลไม้ และบรรจุในภาชนะที่ผนึกและอากาศเข้าไม่ได้,702,12,2017-11-09T00:00:00,4,ปทุม-บางเลน,10302,8300000,จ2-8(1)-21/64นบ,,-20120278725645-,100.1635,347,347,61.5,2021-04-22T00:00:00,บริษัท โวทิค อินเตอร์เนชั่นแนล จำกัด,ขุนศรี,14.0222,,ไทรน้อย,"เลขที่ โฉนดที่ดินเลขที่ 46092,46093",3,,นนทบุรี,15,10250
1300,ทำเครื่องใช้หรืออุปกรณ์การแพทย์ จาก พีวีซี (Poly vinyl Chloride),480,40,2014-07-17T00:00:00,3,บางกรวย-จงถนอม,32501,11000000,จ2-81(3)-1/64นบ,0 2878 6030,-20120030325643-,100.4679473,348,348,51.04,2021-12-01T00:00:00,บริษัท ซิตี้ เมดิคอล ซัพพลาย จำกัด,บางขนุน,13.80458754,,บางกรวย,เลขที่ 75/14,10,,นนทบุรี,50,11130
4168,ผลิตสื่อการเรียนการสอน เช่น ผลิตของเล่นไม้,285,5,,1,บางบัวทอง-ไทรน้อย,32401,16100000,จ2-87(1)-6/64นบ,,-20120216825648-,100.316983,349,349,60.5,2021-03-17T00:00:00,บริษัท เอส.โอ.วี.เอ็นเตอร์ไพรส์ จำกัด,คลองขวาง,13.987312,,ไทรน้อย,เลขที่ 39/2,10,,นนทบุรี,15,11150
1000,ผลิตลูกโป่ง,440,1,2018-05-07T00:00:00,3,บางกรวย-ไทรน้อย,32401,9000000,จ2-87(1)-9/64นบ,,-20120279025649-,100.330482,350,350,66.44,2021-04-22T00:00:00,โรงงานลูกโป่ง เอ็ม ทู เอ็ม,คลองขวาง,14.019797,,ไทรน้อย,เลขที่ 47/9,3,,นนทบุรี,4,11110
8000,สีข้าว กำลังสีสูงสุดของร้านสีข้าว 80 เกวียน/วัน,1496,1,1977-08-07T00:00:00,1,-,10611,1800000,จ2-9(1)-1/64นบ,5717325,-20120030025649-,100.30137,351,351,60,2021-12-01T00:00:00,ห้างหุ้นส่วนจำกัด โรงสีสุขศิริพานิช,ไทรใหญ่,14.046825,-,ไทรน้อย,เลขที่ 28,4,,นนทบุรี,5,11150
4800,ทำขนมปังและขนมเค้ก,925,5,1997-03-01T00:00:00,9,จันทร์ทองเอี่ยม-บ้านใหม่,10711,10800000,จ3-10(1)-1/39นบ,21588350,-20120000125395-,100.3676833,352,352,96.5,1996-06-20T00:00:00,บริษัท เชิญชิม ฟู้ด 1976 จำกัด,บางแม่นาง,13.87675,,บางใหญ่,เลขที่ 29/1,4,2022-01-01T00:00:00,นนทบุรี,9,11140
3228,ผลิตอาหารจากแป้ง เช่น ขนมอบแห้ง ขนมปัง ขนมเค้ก ฯลฯ,921,54,2001-02-06T00:00:00,5,ติวานนท์,10711,24000000,จ3-10(1)-1/44นบ,5821801-4,-20120100125444-,100.5331833,353,353,223.29,2001-02-05T00:00:00,บริษัท ยู.เอ็ม.ไทร์ดอเตอร์ สวีท จำกัด,บ้านใหม่,13.92925,-,ปากเกร็ด,เลขที่ 32/33,3,2022-01-01T00:00:00,นนทบุรี,57,11120
1600,ทำขนมปัง ขนมเค้ก ขนมปังกรอบ และขนมอบแห้ง,784,18,2003-12-22T00:00:00,2,บางบัวทอง-สะพานนนทบุรี (345),10711,17000000,จ3-10(1)-1/46นบ,02-9617351,-20120200125468-,100.4320833,354,354,111.36,2003-11-17T00:00:00,บริษัท เอ็นเอสแอล ฟู้ดส์ จำกัด (มหาชน),ลำโพ,13.9537,,บางบัวทอง,เลขที่ 29/52,10,2023-01-01T00:00:00,นนทบุรี,28,11110
9809,ผลิตขนม อาหาร และเบเกอรี่ ทุกชนิด,2665,25,2023-05-03T00:00:00,11,,10711,46257500,จ3-10(1)-12/64นบ,21419259,-20120474725647-,100.4074634,355,355,486.6,2021-11-16T00:00:00,บริษัท อลิซ เบเกอรี่ แอนด์ ฟูดส์ จำกัด,คลองข่อย,13.986626,,ปากเกร็ด,เลขที่ โฉนดเลขที่ 25479,43,2028-01-01T00:00:00,นนทบุรี,68,11120
2083,ทำขนมปัง ขนมเค็ก ขนมปังกรอบ ขนมอบแห้ง และทำผลิตภัณฑ์อาหารจากแป้ง เป็นเส้นเม็ดและชิ้น,904,40,2011-03-01T00:00:00,3,สาย 345,10711,36000000,จ3-10(1)-2/53นบ,02-5258520,-20120000225534-,100.42846,356,356,240.7,2010-04-20T00:00:00,บริษัท เอ็นเอสแอล ฟู้ดส์ จำกัด,ลำโพ,13.9437,-,บางบัวทอง,เลขที่ 55/22,40,2021-01-01T00:00:00,นนทบุรี,80,11110
2400,ผลิตขนมปัง ขนมเค้ก ขนมปังกรอบ ขนมอบแห้ง,1000,10,2015-08-05T00:00:00,7,-,10711,13600000,จ3-10(1)-3/52นบ,,-20120000325524-,100.40417,357,357,310,2009-03-09T00:00:00,ห้างหุ้นส่วนจำกัด นิว ไทย ที เบเกอรี่,ลำโพ,13.95938,-,บางบัวทอง,เลขที่ 77/19,6,2020-01-01T00:00:00,นนทบุรี,16,11110
1364,ทำขนมปัง,375,9,2010-08-09T00:00:00,3,ท่าอิฐ,10711,8000000,จ3-10(1)-3/53นบ,02-9245638,-20120000325532-,100.4624769,358,358,129.05,2010-05-08T00:00:00,บริษัท พี.เค.เบเกอรี่ จำกัด,ท่าอิฐ,13.89665923,ร่วมพัฒนา 1,ปากเกร็ด,เลขที่ 49/6-7,4,2020-01-01T00:00:00,นนทบุรี,13,11120
844,ทำขนมปัง,425,10,2012-02-07T00:00:00,3,สาย 345,10711,15696000,จ3-10(1)-3/55นบ,,-20120000325557-,100.4361257,359,359,86.9,2012-07-06T00:00:00,บริษัท พีซีพี อินเตอร์ฟูดส์ จำกัด,ลำโพ,13.95565161,อรุณสุนทรี,บางบัวทอง,เลขที่ 55/54,10,2022-01-01T00:00:00,นนทบุรี,20,11110
7516,ผลิตขนม อาหาร และเบเกอรี่ ทุกชนิด,2726,5,2024-05-13T00:00:00,11,,10711,39000000,จ3-10(1)-3/67นบ,025714321-4,-20120047025673-,100.408792,360,360,485.5,2024-03-22T00:00:00,บริษัท เอเซี่ยน ฟูดส์ จำกัด,คลองข่อย,13.986571,,ปากเกร็ด,เลขที่ 39/9,15,2029-01-01T00:00:00,นนทบุรี,20,11120
1520,ผลิตขนมปัง ขนมเค้ก คุ้กกี้ และขนมอบกรอบ หรือขนมอบแห้ง ,960,8,2016-08-04T00:00:00,4,,10711,26000000,จ3-10(1)-5/56นบ,,-20120000525560-,100.49552,361,361,91,2013-11-20T00:00:00,ศิริม เบเกอร์,บางไผ่,13.82666,,เมืองนนทบุรี,เลขที่ 44/5,8,2021-01-01T00:00:00,นนทบุรี,16,11000
7864,ทำขนมปัง ขนมเค้ก ขนมปังกรอบ ขนมอบแห้ง,1980,12,2016-11-16T00:00:00,,บางบัวทอง-สุพรรณบุรี,10711,40000000,จ3-10(1)-6/59นบ,,-20120000625592-,100.2513,362,362,83.6,2016-09-27T00:00:00,ห้างหุ้นส่วนจำกัด นิว ไทย ที เบเกอรี่,ลำโพ,13.5726,,บางบัวทอง,เลขที่ 77/22,20,2021-01-01T00:00:00,นนทบุรี,32,11110
3872,ผลิตอาหารและเบเกอรี่สำเร็จรูป เช่น ขนมเปี้ยะ คุกกี้ เค้ก ขนมอบ ขนมไทย,800,20,2018-09-01T00:00:00,11,,10711,18000000,จ3-10(1)-6/60นบ,089 1266590,-20120000625600-,100.40357,363,363,350.3,2017-10-20T00:00:00,บริษัท บี.เอส.อาร์.มาร์เก็ตติ้ง ฟู้ดส์ โปรดักส์ จำกัด,คลองข่อย,13.988564,,ปากเกร็ด,เลขที่ 5/5,7,2023-01-01T00:00:00,นนทบุรี,27,11120
850,"ทำขนมปัง,ขนมเค็ก,ขนมปังกรอบ,ขนมอบแห้ง",850,7,,1,,10711,30000000,จ3-10(1)-6/61นบ,,-20120000625618-,100.4785185,364,364,247.96,2018-04-04T00:00:00,บริษัท เอส คอมพานี (1933) จำกัด,บางตะไนย์,13.95695789,,ปากเกร็ด,เลขที่ 88/45,6,,นนทบุรี,13,10300
2274,ผลิต ทองม้วน และเบเกอรี่,3260,5,2019-01-10T00:00:00,5,,10711,39000000,จ3-10(1)-6/62นบ,257143214,-20120134025628-,100.4014649,365,365,309.48,2019-05-27T00:00:00,บริษัท เอเซี่ยน ฟูดส์ จำกัด,ละหาร,13.96174518,,บางบัวทอง,เลขที่ 81/8,15,2024-01-01T00:00:00,นนทบุรี,20,11110
1914,ผลิตอาหารพร้อมปรุง อาหารสำเร็จรูปพร้อมบริโภค วุ้นสำเร็จรูป ขนมเยลลี่ และผลิตภัณฑ์เสริมอาหาร,900,7,2023-04-21T00:00:00,3,สาย 345,10743,52000000,จ3-10(3)-18/58นบ,02-961-7325,-20120001825589-,100.4350631,366,366,387.34,2015-12-24T00:00:00,บริษัท ฟู้ด โพรเกรซ แมนนูแฟคเจอริง จำกัด,ลำโพ,13.95389131,,บางบัวทอง,เลขที่ 55/28,5,2028-01-01T00:00:00,นนทบุรี,12,11110
3000,ทำผลิตภัณฑ์อาหารจากแป้งเป็นส้น เม็ด หรือชิ้น เช่น เส้นก๋วยเตี๋ยว เส้นหมี่ และเส้นอื่นๆ,1700,3,2015-03-28T00:00:00,3,,10743,27600000,จ3-10(3)-3/53นบ,,-20120100325531-,100.45494,367,367,452.9,2010-01-02T00:00:00,,คลองข่อย,13.96566,,ปากเกร็ด,เลขที่ 36/1,30,2020-01-01T00:00:00,นนทบุรี,33,11120
827,ผลิตอาหารพร้อมปรุง อาหารสำเร็จรูปพร้อมบริโภค วุ้นสำเร็จรูป ขนมเยลลี่ และผลิตภัณฑ์เสริมอาหาร,375,7,2012-09-24T00:00:00,2,สาย 345,10743,19532000,จ3-10(3)-3/54นบ,02-9617325,-20120000325540-,100.4347667,368,368,334.97,2011-08-26T00:00:00,บริษัท ฟู้ด โพรเกรซ แมนนูแฟคเจอริง จำกัด,ลำโพ,13.95311667,,บางบัวทอง,เลขที่ 29/75,5,2022-01-01T00:00:00,นนทบุรี,12,11110
1528,ผลิต ซาลาเปา ขนมจีบ หม่านโถว,468,9,2017-05-10T00:00:00,6,,10743,19966020,จ3-10(3)-6/60นบ,0 2057 7516,-20120100625609-,100.440298,369,369,84.55,2017-06-23T00:00:00,ห้างหุ้นส่วนจำกัด เด่นซาลาเปา,บางรักใหญ่,13.888095,,บางบัวทอง,เลขที่ 81/22,6,2022-01-01T00:00:00,นนทบุรี,15,11110
3527,ผลิตอาหาร เช่น ซาลาเปา ขนมจีบ อาหารสำเร็จรูป,2700,40,2010-06-14T00:00:00,2,สาย 345,10743,45000000,จ3-10(3)-7/53นบ,25258578,-20120000725533-,100.42997,370,370,483.94,2010-04-23T00:00:00,บริษัท วราภรณ์ สมพงษ์ ฟู้ดส์ จำกัด,ลำโพ,13.95468,,บางบัวทอง,เลขที่ 29/32,45,2020-01-01T00:00:00,นนทบุรี,85,11110
2060,ตบแต่งเครื่องเรือนด้วยการพ่นสีและเคลือบเวลแล็ก,1320,33,1997-12-19T00:00:00,5,บางกรวย-ไทรน้อย,25921,22000000,จ3-100(1)-1/39นบ,5857037,-20121000125393-,100.3753667,371,371,285,1996-09-20T00:00:00,บริษัท สยามเมจิกแลนด์ เฟอร์นิเจอร์ จำกัด,บางบัวทอง,13.94718333,,บางบัวทอง,เลขที่ 71/28,48,2022-01-01T00:00:00,นนทบุรี,81,11110
2227,พ่นสีผลิตภัณฑ์หรือส่วนประกอบของผลิตภัณฑ์,864,8,2000-09-11T00:00:00,3,บางไผ่-หนองเพรางาย,25921,21000000,จ3-100(1)-1/42นบ,9818401-4,-20120900125420-,100.36475,372,372,495.5,2000-06-08T00:00:00,บริษัท นิค เพาเดอร์ โค้ทติ้ง จำกัด,บางคูรัด,13.91495,,บางบัวทอง,เลขที่ 89,7,2020-01-01T00:00:00,นนทบุรี,15,11110
13200,ตกแต่ง ผลิตภัณฑ์หรือส่วนประกอบของผลิตภัณฑ์ โดยการทา เช่น เคลือบสี เชลแล๊ก แล๊กเกอร์ หรือน้ำมันเคลือบเงาอื่น,1650,42,2003-03-06T00:00:00,10,-,25921,20500000,จ3-100(1)-1/45นบ,02-589-3006,-20121900125451-,100.3542167,373,373,110.33,2002-11-07T00:00:00,บริษัท ไดสตาร์ แมนูแฟคเจอริ่ง จำกัด,บ้านใหม่,13.8726,-,บางใหญ่,เลขที่ 13/1,19,2023-01-01T00:00:00,นนทบุรี,61,11140
1029,ตบแต่งหรือเปลี่ยนคุณลักษณะของผลิตภัณฑ์ เช่น เคลือบกระดาษพิมพ์และพิมพ์สิ่งพิมพ์,792,20,2019-04-17T00:00:00,2,,25921,13000000,จ3-100(1)-10/58นบ,,-20120301025583-,100.4533677,374,374,195,2015-12-23T00:00:00,-,บางขุนกอง,13.81923291,,บางกรวย,เลขที่ 168,25,2024-01-01T00:00:00,นนทบุรี,45,10600
1664,ทา พ่น หรือเคลือบสี ชิ้นส่วนผลิตภัณฑ์,1500,17,2014-11-12T00:00:00,1,สายบ้านคลองขวาง,25921,23318245,จ3-100(1)-12/57นบ,,-20120301225571-,100.3168886,375,375,76.3,2014-04-11T00:00:00,บริษัท สแกน อินเตอร์ จำกัด (มหาชน),คลองขวาง,14.03250603,0,ไทรน้อย,เลขที่ 55/6,6,2024-01-01T00:00:00,นนทบุรี,23,11150
3164,ตบแต่งสิ่งพิมพ์ เคลือบสิ่งพิมพ์ด้วยฟิล์ม ชนิดด้าน เงา และโฮโลแกรม,1362,7,2019-10-25T00:00:00,9,กาญจนาภิเษก,25921,46500000,จ3-100(2)-1/61นบ,,-20120400125615-,100.439706,376,376,225.12,2018-10-10T00:00:00,บริษัท ไอยรา ลามิเนต กรุ๊ป จำกัด,คลองข่อย,13.971748,,ปากเกร็ด,เลขที่ 12/10,16,2024-01-01T00:00:00,นนทบุรี,23,11130
800,ตบแต่งพระพุทธรูป,800,6,2003-09-15T00:00:00,10,บางรักใหญ่-บ้านใหม่,25922,9000000,จ3-100(4)-1/45นบ,,-20122000125458-,100.3733667,377,377,71,2002-10-29T00:00:00,-,บางแม่นาง,13.88896667,,บางใหญ่,เลขที่ 52/6,12,2023-01-01T00:00:00,นนทบุรี,18,11140
0,ขัด ตบแต่งและแปรรูปกระจก,2808,3,2003-08-30T00:00:00,6,ตลิ่งชัน-สุพรรณบุรี,25922,23500000,จ3-100(4)-1/46นบ,0 2434 6627,-20123600125468-,100.4102833,378,378,224.39,2003-07-07T00:00:00,บริษัท กลาสฟอร์ม แมนูแฟคเจอริ่ง จำกัด,เสาธงหิน,13.86678333,-,บางใหญ่,เลขที่ 35/6,7,2023-01-01T00:00:00,นนทบุรี,10,11140
1485,เจียร ตัด และตกแต่งผิวกระจก เช่น เจียรกระจก พ่นทราย อบกระจก ขัดผิวกระจก เป็นต้น,864,0,2006-01-23T00:00:00,9,บางบัวทอง-สุพรรณบุรี,25922,15000000,จ3-100(4)-4/48นบ,0-2594-0592,-20120200425488-,100.4071833,379,379,399,2005-12-20T00:00:00,-,ละหาร,13.9523,333 แฟคทอรี่แลนด์,บางบัวทอง,เลขที่ 333/38,20,2021-01-01T00:00:00,นนทบุรี,20,11110
752,รับจ้างชุบโลหะประเภทอลูมิเนียม และซ่อม,752,11,2004-03-15T00:00:00,1,บางกรวย-ไทรน้อย,25921,2000000,จ3-100(5)-1/45นบ,0-29224587-8,-20122100125457-,100.3163667,380,380,132.53,2002-02-22T00:00:00,บริษัท ฟ้าแสง-ซีรีเน็กซ์ จำกัด,คลองขวาง,13.98208333,-,ไทรน้อย,เลขที่ 4/64-67,18,2024-01-01T00:00:00,นนทบุรี,29,11150
1300,ชุบอลูมิเนียม,504,26,2011-11-24T00:00:00,10,บ้านคลองหนึ่ง,25921,19000000,จ3-100(5)-11/54นบ,02-9224587-8,-20120201125541-,100.2870616,381,381,280.73,2011-07-10T00:00:00,บริษัท ฟ้าแสง-ซีรีเน็กซ์ จำกัด,ไทรใหญ่,14.05366706,,ไทรน้อย,เลขที่ 9/5,26,2021-01-01T00:00:00,นนทบุรี,52,11150
935,ชุบโลหะด้วย โครเมี่ยม,935,0,2015-04-12T00:00:00,2,,25921,2000000,จ3-100(5)-14/58นบ,,-20120101425587-,100.4333,382,382,119.41,2015-10-11T00:00:00,บริษัท เอชเอ็ม โครเมี่ยม จำกัด,ลำโพ,13.9531,,บางบัวทอง,เลขที่ 29/60,20,2020-01-01T00:00:00,นนทบุรี,20,11110
3200,"คัดแยกสิ่งปฏิกูลหรือวัสดุที่ไม่ใช้แล้วที่ไม่เป็นอันตราย เช่น กระดาษ,พลาสติก,โลหะทุกชนิด,แก้ว,ไม้",1396,2,2007-11-15T00:00:00,1,ติวานนท์,38211,18500000,จ3-105-184/50นบ,02 5822645-7,-20120018425506-,100.56066,383,383,150,2007-10-19T00:00:00,บริษัท พี.พี.พี.รีไซเคิล จำกัด,บ้านใหม่,13.94703,พระแม่การุณย์,ปากเกร็ด,เลขที่ 69/149,35,2022-01-01T00:00:00,นนทบุรี,37,11120
1925,คัดแยกสิ่งปฏิกูลหรือวัสดุที่ไม่ใช้แล้ว ที่ไม่เป็นอันตราย บดพลาสติก อัดเศษกระดาษและโลหะ,640,4,2009-03-12T00:00:00,14,บางใหญ่-บางคูรัด,38211,29000000,จ3-105-32/51นบ,0 27504 4461-2,-20120003225515-,100.41325,384,384,429.35,2008-11-02T00:00:00,บริษัท รุ่งแสงไทย รีไซเคิล จำกัด,บางม่วง,13.84557,-,บางใหญ่,เลขที่ 13/2,7,2024-01-01T00:00:00,นนทบุรี,11,11140
0,คัดแยกสิ่งปฏิกูล หรือวัสดุที่ไม่ใช้แล้วที่ไม่เป็นของเสียอันตราย,0,2,2007-05-24T00:00:00,,,38211,6000000,จ3-105-63/50นบ,,-20120006325502-,100.51734,385,385,152,2007-04-24T00:00:00,บริษัท ชั่งเซ้งจั่น จำกัด,บางเขน,13.83977,กรุงนนท์ 12 แยก 1,เมืองนนทบุรี,เลขที่ 25,7,2022-01-01T00:00:00,นนทบุรี,9,11000
5332,คัดแยกเศษวัสดุไม่ใช้แล้วที่ไม่เป็นอันตราย เช่น เศษโลหะและกระดาษ,891,3,2008-07-21T00:00:00,2,ทางหลวงหมายเลข 345,38211,36000000,จ3-105-71/51นบ,035 218977-8,-20120007125513-,100.47296,386,386,146,2008-09-04T00:00:00,บริษัท เอซีที ซัพพลาย 2553 จำกัด,คลองข่อย,13.95066,วัดสะพานสูง,ปากเกร็ด,เลขที่ 12/6,6,2023-01-01T00:00:00,นนทบุรี,9,11120
0,ผลิตแผ่นดิสก์ (CD & VCD),0,0,1997-07-17T00:00:00,4,บางกรวย-ไทรน้อย,26202,0,จ3-107-2/46นบ,,-20121400225462-,100.3901,387,387,395.82,2003-07-21T00:00:00,บริษัท คริสตัล ดิสก์ อินดัสตรี้ส์ จำกัด,บางบัวทอง,13.94186667,,บางบัวทอง,เลขที่ 41/91-92 โครงการเจ้าพระยาแลนด์แอนด์แฟคตอ,12,2022-01-01T00:00:00,นนทบุรี,12,11110
1200,"ผลิตแผ่นวีซีดี,ซีดี-รอม,ซีดี-อาร์,ซีดี-เกมส์,ซีดี-ไอ,ดีวีดี-รอม,เลเซอร์ดิสก์ ผลิตแผ่นซีดี วีซีดี ดีวีดี ต้นแบบ",1176,0,2011-03-19T00:00:00,5,บ้านกล้วย-ไทรน้อย,26202,34024097,จ3-107-3/52นบ,02-9234381-4,-20120600325528-,100.39807,388,388,179.16,2009-06-11T00:00:00,บริษัท ออดิโอ แอนด์ วีดีโอ เอ็นเตอร์เทนเมนท์ จำกัด,พิมลราช,13.91728,-,บางบัวทอง,เลขที่ 46,3,2021-01-01T00:00:00,นนทบุรี,3,11110
16480,ผลิตเทปคาสเซท แผ่นซีดี แผ่นซีดีรอม และแผ่นดีวีดี,2006,216,1998-02-02T00:00:00,2,ไทรน้อย-ลาดบัวหลวง,26202,516500000,จ3-107-4/46นบ,02-9238801-7,-20120300425461-,100.3183,389,389,2855.64,2004-05-25T00:00:00,บริษัท เจเนอรัล เรดคอร์ด อินเตอร์เนชั่นแนล อินดัสตรี้ จำกัด,คลองขวาง,13.99175,เลียบคลองห้าร้อย,ไทรน้อย,เลขที่ 2/1,122,2023-01-01T00:00:00,นนทบุรี,338,11150
1347,"ทำน้ำเชื่อม,เครื่องดื่มที่ไม่มีแอลกอฮอล์",640,3,2016-06-17T00:00:00,5,สาย 345,10723,12000000,จ3-11(1)-1/59นบ,02-1571409-10,-20120000125593-,100.4781357,390,390,111,2016-03-29T00:00:00,บริษัท ไซรัป (ไทยแลนด์) จำกัด,ปากเกร็ด,13.95207872,,ปากเกร็ด,"เลขที่ 56/8,56/9",4,2021-01-01T00:00:00,นนทบุรี,7,11120
10668,การทำน้ำเชื่อมและการทำน้ำตาลจากน้ำหวานของต้นมะพร้าว,1464,17,2020-05-15T00:00:00,11,นบ1028,10723,96000000,จ3-11(1)-1/62นบ,629561945,-20120134325622-,100.403976,391,391,189.74,2019-05-27T00:00:00,บริษัท เอ็น.อาร์.น้ำตาลมะพร้าว จำกัด,คลองข่อย,13.98536752,,ปากเกร็ด,เลขที่ 39/6,18,,นนทบุรี,35,11120
740,ทำน้ำตาลกรวด,740,22,2001-11-20T00:00:00,3,รัตนาธิเบศร์,10722,7500000,จ3-11(5)-1/44นบ,02-9217430,-20120200125443-,100.46775,392,392,59.25,2001-10-29T00:00:00,บริษัท ตา-เพชร กรุ๊ป จำกัด,บางรักน้อย,13.87056667,วัดไทรม้าใต้,เมืองนนทบุรี,เลขที่ 70/22,30,2021-01-01T00:00:00,นนทบุรี,52,11000
1610,ทำลูกกวาดและขนมขบเคี้ยว,1610,71,2010-09-12T00:00:00,2,แจ้งวัฒนะ,10739,10000000,จ3-12(10)-1/52นบ,02-9594545,-20120000125528-,100.54578,393,393,987.94,2009-02-10T00:00:00,บริษัท เยเนอรัล แคร์ โปรดักส์ จำกัด,คลองเกลือ,13.90235,แจ้งวัฒนะ-ปากเกร็ด 41,ปากเกร็ด,เลขที่ 51/31,38,2020-01-01T00:00:00,นนทบุรี,109,11120
6784,"ผลิตขนมวุ้นเจลาตินสำเร็จรูป,วุ้นแพคตินสำเร็จรูป,ขนมมาร์ชมาโลและน้ำเชื่อมเข้มข้นแต่งกลิ่น",2268,35,2011-02-24T00:00:00,5,เกตุอ่ำพัฒนา,10739,66500000,จ3-12(10)-1/53นบ,02-9560816-9,-20120100125535-,100.344949,394,394,2034.11,2010-11-22T00:00:00,บริษัท ดีลิคัพ จำกัด,บางคูรัด,13.924051,,บางบัวทอง,เลขที่ 88/8,22,2021-01-01T00:00:00,นนทบุรี,57,11110
3600,ผลิตไอศกรีม,851,6,1999-09-12T00:00:00,2,บางโค-กำนันจิตร์,10503,13150000,จ3-12(11)-1/40นบ,9032477-9,-20120100125402-,100.40415,395,395,95.76,1997-09-12T00:00:00,บริษัท สมใจ ไอศกรีม จำกัด,บางแม่นาง,13.85325,-,บางใหญ่,เลขที่ 1/3,4,2024-01-01T00:00:00,นนทบุรี,10,11140
11200,ผลิตไอศกรีมและเครื่องดื่ม,307,12,2005-01-31T00:00:00,2,สาย 345,10503,37000000,จ3-12(11)-1/47นบ,081-9158207,-20120000125478-,100.44115,396,396,88.77,2004-01-20T00:00:00,บริษัท ฮาเวลส์ (ประเทศไทย) จำกัด,ลำโพ,13.94943333,,บางบัวทอง,เลขที่ 21,7,2020-01-01T00:00:00,นนทบุรี,19,11110
1248,ผลิตไอศกรีม,742,10,2006-11-12T00:00:00,9,บางบัวทอง-สุพรรณบุรี,10503,11600000,จ3-12(11)-1/49นบ,-,-20120000125494-,100.4071833,397,397,376.9,2006-07-08T00:00:00,บริษัท เซ็นท์ แดรี่ จำกัด,ละหาร,13.9523,-,บางบัวทอง,เลขที่ 333/35,10,2021-01-01T00:00:00,นนทบุรี,20,11110
1302,คั่วกาแฟ,568,2,2023-03-15T00:00:00,6,-,10761,53000000,จ3-12(2)-1/66นบ,02-9071165,-20120003825660-,100.278603,398,398,187.89,2023-10-01T00:00:00,บริษัท โคโคโร่เบฟเวอร์เรจ จำกัด,ขุนศรี,13.99765,-,ไทรน้อย,เลขที่ 16/7,5,2028-01-01T00:00:00,นนทบุรี,7,11150
3200,คั่วและบดกาแฟ,600,8,2016-08-18T00:00:00,11,ตลิ่งชัน-สุพรรณบุรี,10761,24300000,จ3-12(2)-3/59นบ,,-20120000325599-,100.398,399,399,153.5,2016-07-28T00:00:00,บริษัท มา เมคกิ้ง(ไทย) จำกัด,คลองข่อย,13.985,,ปากเกร็ด,เลขที่ 28/1,5,2021-01-01T00:00:00,นนทบุรี,13,11120
3200,คั่วเมล็ดกาแฟ,1598,0,2022-01-27T00:00:00,12,,10761,20000000,จ3-12(2)-4/64นบ,,-20120482025642-,100.43728,400,400,299,2021-11-30T00:00:00,บริษัท เอเพรสโซ่ จำกัด,คลองข่อย,13.965458,,ปากเกร็ด,เลขที่ 43/7,10,,นนทบุรี,10,
0,คั่ว บด หรือป่นกาแฟ หรือการทำกาแฟผง,325,5,2024-02-14T00:00:00,8,,10761,7000000,จ3-12(2)-4/66นบ,084 7584386,-20120162525663-,100.483443,401,401,177.92,2023-02-10T00:00:00,บริษัท ซาร์นี่ส์ คอฟฟี่ จำกัด,ท่าอิฐ,13.892299,,ปากเกร็ด,เลขที่ 104/6,7,2029-01-01T00:00:00,นนทบุรี,12,11120
27016,"คั่วและบดถั่ว พริกและพริกไทย,ร่อนคัดแยกและบรรจุเมล็ดพืช",2550,20,2009-01-19T00:00:00,3,ตลิ่งชัน-สุพรรณบุรี,10734,51000000,จ3-12(8)-3/48นบ,-,-20120000325482-,100.3752333,402,402,377.58,2005-10-17T00:00:00,บริษัท ไร่ธัญญะ จำกัด,บางใหญ่,13.84208333,กันตนา,บางใหญ่,เลขที่ 62/5,17,2024-01-01T00:00:00,นนทบุรี,37,11140
6184,ซอสปรุงรสทุกชนิด เช่น เต้าเจี้ยว ซีอิ้วขาว,240,10,2002-09-16T00:00:00,2,คลองเจ้า-คลองธนาภิรมย์,10774,8300000,จ3-13(2)-1/38นบ,081-7722857,-20120300125384-,100.27695,403,403,138.19,1995-09-06T00:00:00,บริษัท ไทยรสทิพย์ จำกัด,ทวีวัฒนา,13.93438333,,ไทรน้อย,เลขที่ 40,25,2022-01-01T00:00:00,นนทบุรี,35,11150
6400,"ผลิตซีอิ้ว, เต้าเจี้ยวและอาหารอื่นๆ",2311,49,2006-06-15T00:00:00,1,บางบัวทอง-ลาดบัวหลวง,10774,30000000,จ3-13(2)-19/47นบ,02-1905566,-20120001925470-,100.3122833,404,404,2204.02,2004-11-10T00:00:00,บริษัท โปรแพลน อุตสาหกรรม จำกัด,ราษฎร์นิยม,14.03126667,,ไทรน้อย,เลขที่ 49/3,20,2021-01-01T00:00:00,นนทบุรี,69,11150
264,ผลิตน้ำซอสปรุงรส,264,3,,2,,10774,1000000,จ3-13(2)-3/58นบ,081-6971330,-20120000325581-,,405,405,63,2015-04-17T00:00:00,บริษัท เพียรสิริ เอ็นเตอร์ไพร์ส จำกัด,บางรักใหญ่,,,บางบัวทอง,เลขที่ 48/77,5,,นนทบุรี,8,11110
1940,"ผลิตซอสในภาชนะบรรจุที่ปิดสนิท,ผลิตภัณฑ์จากเนื้อสัตว์,วัตถุแต่งกลิ่นรส,อาหารพร้อมปรุงอาหารสำเร็จรูปที่พร้อมบริโภคทันที",1616,39,2008-10-11T00:00:00,2,บางบัวทอง-สะพานนนทบุรี,10774,62198997,จ3-13(2)-7/48นบ,02-9617460,-20120000725483-,100.4317333,406,406,1051.09,2005-04-18T00:00:00,บริษัท น้องพร ฟู้ด อินดัสตรี้ส์ จำกัด,ลำโพ,13.95378333,-,บางบัวทอง,เลขที่ 29/19,24,2023-01-01T00:00:00,นนทบุรี,63,11110
2052,ผลิตเครื่องปรุง หรือเครื่องประกอบอาหาร การบดเครื่องเทศ และการบรรจุสินค้าทั่วไป,2052,1,2012-05-06T00:00:00,2,,10799,27500000,จ3-13(6)-1/55นบ,0 2191 6947-8,-20120000125551-,100.288453,407,407,56.5,2012-08-03T00:00:00,ห้างหุ้นส่วนจำกัด ตั้งอุ้ยฮั้ว,ทวีวัฒนา,13.944864,,ไทรน้อย,เลขที่ 9/2,9,2022-01-01T00:00:00,นนทบุรี,10,11150
2304,บดและอบถั่วเครื่องแกงและเครื่องเทศ,672,2,1996-06-05T00:00:00,9,ตลิ่งชัน-สุพรรณบุรี,10771,14800000,จ3-13(7)-1/38นบ,02-424-2474,-20120400125383-,100.4033167,408,408,106.5,1995-08-22T00:00:00,บริษัท กิจบรรลือ มัลติ-ฟู้ด จำกัด,ละหาร,13.95995,,บางบัวทอง,เลขที่ 9/9,4,2021-01-01T00:00:00,นนทบุรี,6,11110
,บด หรือป่นเครื่องเทศ,0,7,2005-11-07T00:00:00,1,ศรีสมาน,10771,28500000,จ3-13(7)-1/47นบ,081-9867613,-20120100125477-,100.5585,409,409,112.5,2004-10-06T00:00:00,บริษัท เพนนี เทรดดิ้ง จำกัด,บ้านใหม่,13.94566667,-,ปากเกร็ด,เลขที่ 69/166,8,2020-01-01T00:00:00,นนทบุรี,15,11120
512,ผลิตน้ำแข็งก้อนเล็ก ได้วันละ 54 ตัน,240,0,1994-03-21T00:00:00,,,10795,6100000,จ3-14-1/36นบ,5268914,-20120000125361-,100.4879,410,410,545,1993-06-05T00:00:00,ห้างหุ้นส่วนจำกัด ชัยยุทธน้ำแข็งหลอด,ตลาดขวัญ,13.85895,,เมืองนนทบุรี,เลขที่ 155,4,2024-01-01T00:00:00,นนทบุรี,4,11000
244,ผลิตน้ำแข็งก้อนเล็ก,240,0,1999-09-04T00:00:00,1,บางกรวย-ไทรน้อย,10795,8900000,จ3-14-1/41นบ,02-4474145,-20120300125418-,100.4780667,411,411,558.48,1998-03-12T00:00:00,โรงน้ำแข็งบางศรีเมือง 1999,บางศรีเมือง,13.83913333,พูลศรี,เมืองนนทบุรี,เลขที่ 51/21,10,2024-01-01T00:00:00,นนทบุรี,10,11000
1200,ทำน้ำแข็งซอง และน้ำแข็งหลอด,810,2,2004-09-03T00:00:00,8,บางรักใหญ่-บ้านใหม่,10795,6000000,จ3-14-1/43นบ,02-92281677,-20120100125436-,100.39395,412,412,1582.5,2000-08-16T00:00:00,บริษัท วัฒนสาครไอซ์ จำกัด,เสาธงหิน,13.89181667,-,บางใหญ่,เลขที่ 25/8,8,2024-01-01T00:00:00,นนทบุรี,10,11140
1400,ผลิตน้ำแข็งก้อนเล็ก,400,0,2002-08-30T00:00:00,6,บางม่วง-บางคูลัด,10795,7500000,จ3-14-1/44นบ,02-8841783,-20120400125441-,100.3787667,413,413,1181.5,2001-06-09T00:00:00,บริษัท เหรียญนำโชค จำกัด,บางม่วง,13.82048333,วัดพระเงิน,บางใหญ่,เลขที่ 53/42,7,2022-01-01T00:00:00,นนทบุรี,7,11140
800,ผลิตน้ำแข็งก้อนเล็กได้ 40 ตัน/วัน,300,3,2016-08-09T00:00:00,1,บางพลับ,10795,15000000,จ3-14-13/57นบ,089-1355647,-20120001325572-,100.4664091,414,414,333.5,2014-02-28T00:00:00,ชนากร,บางพลับ,13.91882422,,ปากเกร็ด,เลขที่ 19/1,4,2021-01-01T00:00:00,นนทบุรี,7,11120
3200,ทำน้ำแข็งซอง,1296,3,2019-10-14T00:00:00,3,,10795,41300000,จ3-14-33/61นบ,,-20120003325612-,100.310654,415,415,482,2018-12-06T00:00:00,-,บ้านใหม่,13.86972,,บางใหญ่,เลขที่ โฉนดที่ดินเลขที่ 45736,5,,นนทบุรี,8,11140
2096,ทำน้ำแข็งซอง ได้ 600 ซอง/วัน,950,0,2006-11-29T00:00:00,1,ราชพฤกษ์,10795,10500000,จ3-14-4/48นบ,9241673-5,-20120000425480-,100.4496333,416,416,494.5,2005-08-02T00:00:00,-,บางขุนกอง,13.8128,,บางกรวย,เลขที่ 96,6,2021-01-01T00:00:00,นนทบุรี,6,11130
3532,ทำน้ำแข็งหลอด,918,3,,7,กาญจนาภิเษก,10795,65000000,จ3-14-45/60นบ,,-20120004525608-,100.381,417,417,480,2017-06-14T00:00:00,บริษัท วิวไอซ์ (2015) จำกัด,บางรักพัฒนา,13.909,,บางบัวทอง,เลขที่ โฉนดเลขที่ 159000,10,,นนทบุรี,13,73210
137,ทำน้ำแข็งหลอด,84,3,,8,ตลิ่งชัน-สุพรรณบุรี,10795,18300000,จ3-14-53/55นบ,-,-20120005325552-,100.3819076,418,418,441,2012-12-27T00:00:00,ริงไอซ์ 2012,บางรักพัฒนา,13.90966004,วัดลาดปลาดุก,บางบัวทอง,เลขที่ ,7,,นนทบุรี,10,11110
3200,ทำน้ำแข็งก้อนเล็ก ได้วันละ 40 ตัน,300,2,2017-11-13T00:00:00,2,บางกรวย-ไทรน้อย,10795,13500000,จ3-14-72/60นบ,,-20120007225602-,100.431991,419,419,185,2017-09-29T00:00:00,บริษัท ศรีจงเจริญน้ำดื่ม และน้ำแข็งหลอด จำกัด,พิมลราช,13.917238,,บางบัวทอง,เลขที่ 18/1,5,2022-01-01T00:00:00,นนทบุรี,7,11110
,ทำน้ำแข็งหลอด,448,5,2006-01-16T00:00:00,9,วัดโบสถ์ฯ-ท่าน้ำนนท์,10795,22000000,จ3-14-81/47นบ,,-20120008125470-,100.4675167,420,420,402,2004-12-21T00:00:00,วารีน้ำแข็งหลอด,บางกร่าง,13.84608333,,เมืองนนทบุรี,เลขที่ 54/3,22,2021-01-01T00:00:00,นนทบุรี,27,11000
4172,ผลิตส่วนผสมอาหารสัตว์,688,6,1995-10-08T00:00:00,1,ติวานนท์,10801,0,จ3-15(1)-1/35นบ,9615021-3,-20120100125352-,100.5527833,421,421,188,1995-07-28T00:00:00,บริษัท ซิตโต้ (ประเทศไทย) จำกัด,บ้านใหม่,13.94666667,พระแม่มหาการุณย์,ปากเกร็ด,เลขที่ 72/79,7,2020-01-01T00:00:00,นนทบุรี,13,11120
780,เกี่ยวกับอาหารสัตว์ เช่น การทำอาหารผสมหรืออาหารสำเร็จรูป ฯลฯ,672,25,2014-08-25T00:00:00,2,บางกรวย-ไทรน้อย,10801,10000000,จ3-15(1)-10/57นบ,29239992,-20120001025578-,100.3510804,422,422,151.31,2014-09-07T00:00:00,บริษัท เอจี-ซายน์ จำกัด,ไทรน้อย,13.97652918,วัดคลองตาคล้าย,ไทรน้อย,เลขที่ 24/35-36,6,2024-01-01T00:00:00,นนทบุรี,31,11150
3200,ผลิตอาหารเสริม วิตามิน แร่ธาตุ สำหรับเลี้ยงสัตว์,1000,4,2012-07-19T00:00:00,10,วัดศรีเขตนันทาราม,10801,24000000,จ3-15(1)-7/55นบ,02-1596171,-20120000725558-,100.4271102,423,423,101.72,2012-06-27T00:00:00,บริษัท ออล เวท จำกัด,ปากเกร็ด,13.97565169,บางเพ็ง,ปากเกร็ด,เลขที่ 45,5,2022-01-01T00:00:00,นนทบุรี,9,11120
6412,แปรรูปเพื่อเป็นวัตถุดิบอาหารสัตว์และผลิตอาหารสัตว์,2799,2,2024-05-29T00:00:00,1,,10801,75000000,จ3-15(1)-7/67นบ,816479355,-20120065925671-,,424,424,487.12,2024-04-22T00:00:00,บริษัท แอคคอร์ด อินเตอร์เทรด จำกัด,ราษฎร์นิยม,,,ไทรน้อย,เลขที่ 52/11-12,9,2029-01-01T00:00:00,นนทบุรี,11,11150
2060,บด พืช เมล็ดพืช กากพืช สำหรับทำเป็นอาหารสัตว์,350,0,2012-04-12T00:00:00,10,กาญจนาภิเษก,10294,6650000,จ3-15(2)-6/55นบ,841835910,-20120000625550-,100.4288343,425,425,95,2012-09-17T00:00:00,ห้างหุ้นส่วนจำกัด อะกริ อะโกร เทรดดิ้ง,คลองข่อย,13.97813411,วัดศรีเขตนันทาราม,ปากเกร็ด,เลขที่ 11/2,8,2022-01-01T00:00:00,นนทบุรี,8,11120
11700,ผลิตเบียร์เพื่อจำหน่ายภายในร้าน,266,0,2015-10-22T00:00:00,4,เลี่ยงเมืองปากเกร็ด,11030,80500000,จ3-19(2)-2/58นบ,01 9445131,-20120000225583-,100.5175397,426,426,258.32,2015-08-31T00:00:00,บริษัท โรงเบียร์เยอรมันตะวันแดง 1999 จำกัด,ปากเกร็ด,13.9046968,,ปากเกร็ด,เลขที่ 188,3,2020-01-01T00:00:00,นนทบุรี,3,10230
1430,อบเมล็ดพืช,1430,0,1998-03-16T00:00:00,1,ปทุมธานี-บางเลน,1630,9500000,จ3-2(1)-1/41นบ,0-2845-5841,-20120000125411-,100.2669167,427,427,645.83,1998-01-16T00:00:00,ห้างหุ้นส่วนจำกัด โรงสีศรีพัฒนาพาณิชย์,ขุนศรี,14.00531667,วัดยอดพระพิมล,ไทรน้อย,เลขที่ 55,6,2023-01-01T00:00:00,นนทบุรี,6,11150
1600,"กะเทาะเปลือกเมล็ดพืช,ร่อน คัดหรือแยกขนาดหรือคุณภาพของผลิตผล เกษตรกรรม",1250,2,1996-01-15T00:00:00,3,ตลิ่งชัน-สุพรรณบุรี,1630,5100000,จ3-2(2)-1/38นบ,,-20120000125387-,100.37795,428,428,191,1995-07-20T00:00:00,บริษัท ไร่ธัญญะ จำกัด,บางใหญ่,13.84523333,กันตนา,บางใหญ่,เลขที่ 62/1,7,2021-01-01T00:00:00,นนทบุรี,9,11140
8049,โรงงานกะเทาะ และคั่วเมล็ดกาแฟ,680,3,2024-09-19T00:00:00,10,,1630,107000000,จ3-2(2)-4/67นบ,986146036,-20120137325678-,100.2925,429,429,264.26,2024-08-13T00:00:00,บริษัท บิ๊ก แบล็ค บ๊อก จำกัด,ไทรใหญ่,14.0819,,ไทรน้อย,เลขที่ 45,8,2029-01-01T00:00:00,นนทบุรี,11,11150
23224,คัดคุณภาพเมล็ดพันธุ์พืช บรรจุภาชนะปิดผนึก,5465,63,2015-09-19T00:00:00,2,ไทรน้อย-บางบัวทอง,28240,309774000,จ3-2(9)-8/58นบ,02 8317777,-20120000825580-,100.353278,430,430,187,2015-02-07T00:00:00,บริษัท อีสท์ เวสท์ ซีด จำกัด,ไทรน้อย,13.970953,วัดคลองตาคล้าย,ไทรน้อย,เลขที่ 50/1,56,2020-01-01T00:00:00,นนทบุรี,119,11150
2400,ผลิตน้ำดื่มบรรจุขวดพลาสติก,750,15,1994-06-15T00:00:00,3,แจ้งวัฒนะ,11041,4000000,จ3-20(1)-1/37นบ,5843533,-20120000125379-,100.4928333,431,431,80.5,1994-04-26T00:00:00,บริษัท อุตสาหกรรมน้ำดื่ม จำกัด,ปากเกร็ด,13.9084,สุขาประชาสรรค์ 1,ปากเกร็ด,เลขที่ 77/8,2,2024-01-01T00:00:00,นนทบุรี,17,11120
6972,ผลิตน้ำดื่ม และทำภาชนะบรรจุจากพลาสติก,4375,6,2005-05-01T00:00:00,3,นครอินทร์,11041,73708000,จ3-20(1)-1/46นบ,02 443-0555,-20120500125465-,100.4871333,432,432,418.1,2003-04-11T00:00:00,บริษัท ไอ ซี พี น้ำดื่ม จำกัด,บางไผ่,13.83108333,วัดอมฤต,เมืองนนทบุรี,เลขที่ 117,30,2020-01-01T00:00:00,นนทบุรี,36,11000
8000,การทำน้ำดื่มและทำเครื่องดื่มที่ไม่มีแอลกอฮอล์,3504,8,2023-09-16T00:00:00,4,,11041,47500000,จ3-20(1)-1/66นบ,,-20120001625666-,,433,433,307.35,2023-05-01T00:00:00,บริษัท วงศ์ตราวรรณ จำกัด,ศาลากลาง,,,บางกรวย,"เลขที่ โฉนดที่ดินเลขที่ 29827, 29828 และ 40334",12,2028-01-01T00:00:00,นนทบุรี,20,11130
35792,ผลิตน้ำดื่ม,2433,3,,9,,11041,56848000,จ3-20(1)-2/64นบ,,-20120059125643-,100.344098,434,434,401.25,2021-01-18T00:00:00,บริษัท น้ำดื่มไลค์ จำกัด,บ้านใหม่,13.872478,,บางใหญ่,"เลขที่ โฉนดเลขที่ 3895,50485",3,,นนทบุรี,6,11140
4992,ผลิตน้ำดื่ม เครื่องดื่มที่ไม่มีแอลกอฮอล์ น้ำแร่ เครื่องมือ เครื่องใช้ เครื่องเรือน เครื่องประดับและภาชนะบรรจุ จากพลาสติก,4656,7,2024-09-01T00:00:00,4,,11041,155740000,จ3-20(1)-5/64นบ,,-20120176725648-,100.3064042,435,435,446.94,2021-02-22T00:00:00,บริษัท พีเบฟ จำกัด,ไทรใหญ่,14.11158306,,ไทรน้อย,เลขที่ 49/6,8,2028-01-01T00:00:00,นนทบุรี,15,11150
9851,ผลิตเครื่องดื่มชูกำลังและน้ำผลไม้,840,15,2018-11-28T00:00:00,10,บางเลน-ปทุมธานี,11049,20000000,จ3-20(2)-10/59นบ,062-9659656,-20120001025594-,100.2830807,436,436,440.2,2016-12-21T00:00:00,บริษัท ไทยเอเชียนฟู้ดส์ จำกัด,ไทรใหญ่,14.0567208,,ไทรน้อย,เลขที่ 11/8,5,2023-01-01T00:00:00,นนทบุรี,20,11150
587,ผลิตเครื่องดื่มที่ไม่มีแอลกอฮอล์,330,3,2018-08-10T00:00:00,3,,11049,4000000,จ3-20(2)-4/61นบ,02 0022601,-20120000425613-,100.326666,437,437,112.18,2018-12-06T00:00:00,บริษัท ไทยเบสท์เนส จำกัด,คลองขวาง,14.02566,,ไทรน้อย,เลขที่ 20/2,2,2023-01-01T00:00:00,นนทบุรี,5,11150
1416,"ผลิตน้ำอัดลม,น้ำหวานเข้มข้น,น้ำผลไม้",406,6,2000-01-31T00:00:00,,ติวานนท์,11042,12500000,จ3-20(3)-1/43นบ,02-9523885,-20120200125435-,100.5192833,438,438,1019.81,2000-06-01T00:00:00,ห้างหุ้นส่วนจำกัด ชินทรัพย์,ท่าทราย,13.8791,ติวานนท์ 44/6,เมืองนนทบุรี,เลขที่ 6,6,2020-01-01T00:00:00,นนทบุรี,12,11000
400,ทำเส้นด้ายยางยืด,170,4,1997-08-04T00:00:00,4,บางกรวย-ไทรน้อย,13131,3500000,จ3-22(1)-1/40นบ,9226952,-20120200125401-,100.3897,439,439,165,1997-02-14T00:00:00,บริษัท คัฟเวอร์เวิลด์ จำกัด,บางบัวทอง,13.94116667,โครงการเจ้าพระยาแลนด์แอนด์แฟตตอรี่,บางบัวทอง,เลขที่ 41/100,2,2022-01-01T00:00:00,นนทบุรี,6,11110
4544,ทอผ้ายืด,800,4,2004-01-29T00:00:00,,,13111,12100000,จ3-22(2)-1/46นบ,,-20120600125464-,100.3373833,440,440,95.5,2003-09-10T00:00:00,บริษัท ชัยพิทักษ์ การทอ จำกัด,บ้านใหม่,13.84483333,,บางใหญ่,เลขที่ 34/8,5,2024-01-01T00:00:00,นนทบุรี,9,11140
,เตรียมด้าย สำหรับโรงงานทอผ้า,0,18,2010-05-31T00:00:00,4,บางบัวทอง-สุพรรณบุรี,13111,680000000,จ3-22(2)-15/52นบ,0-2985-4636-8,-20120001525528-,100.32126,441,441,203.85,2009-11-20T00:00:00,บริษัท ดี เทคโน เท็กซ์ จำกัด,ราษฎร์นิยม,14.1046,,ไทรน้อย,เลขที่ 2/2 (ชั้น 1),18,2020-01-01T00:00:00,นนทบุรี,36,11150
1600,ฟอกย้อมสีผ้า และเสื้อผ้าสำเร็จรูป,225,5,2000-09-19T00:00:00,1,ติวานนท์,13131,20800000,จ3-22(3)-1/43นบ,,-20120300125434-,100.56125,442,442,469.11,2000-08-16T00:00:00,บริษัท วาย.เอ็ม.เอฟ. อินเตอร์เนชั่นแนล ไทย จำกัด,บ้านใหม่,13.94688333,,ปากเกร็ด,เลขที่ 72/118,3,2020-01-01T00:00:00,นนทบุรี,8,11120
5100,ผลิตที่นอนและเครื่องนอนทุกชนิด,4500,30,1996-11-20T00:00:00,1,บางบัวทอง-ไทรน้อย,13921,22000000,จ3-23(1)-1/37นบ,,-20120100125378-,100.3536167,443,443,25,1994-04-22T00:00:00,บริษัท โอเรียลเต็ล แมสเทรส อินดัสตรี จำกัด,ไทรน้อย,13.96275,,ไทรน้อย,เลขที่ 82,30,2021-01-01T00:00:00,นนทบุรี,60,11150
19200,"ผลิตภัณฑ์จากสิ่งทอเป็นเครื่องใช้ในบ้าน,ผลิตวัสดุจากเส้นใยสังเคราะห์สำหรับงานการ์เม้นท์ เครื่องนอน ,เฟอร์นิเจอร์และอื่นๆ",3000,3,2016-02-18T00:00:00,3,ตลิ่งชัน-สุพรรณบุรี,13921,80000000,จ3-23(1)-3/58นบ,02 9223720-5,-20120100325580-,100.2978184,444,444,1294.5,2015-11-17T00:00:00,บริษัท วอดดิ้ง นันวูเว่น จำกัด,ไทรใหญ่,14.10540773,,ไทรน้อย,เลขที่ 117,10,2021-01-01T00:00:00,นนทบุรี,13,11150
11676,"ผลิตภัณฑ์จากสิ่งทอ เป้นเครื่องใช้ในบ้าน, ผลิตวัสดุจากเส้นใยสังเคราะห์สำหรับงานการ์เม้นท์เครื่องนอน เฟอร์นิเจอร์และอื่นๆ",4192,3,2018-11-11T00:00:00,3,ตลิ่งชัน-สุพรรณบุรี,13921,44000000,จ3-23(1)-4/61นบ,,-20120200425611-,100.2981179,445,445,360,2018-09-27T00:00:00,บริษัท วอดดิ้ง นันวูเว่น จำกัด,ไทรใหญ่,14.10504365,,ไทรน้อย,เลขที่ 43/2,9,2023-01-01T00:00:00,นนทบุรี,12,11150
4738,ทำผลิตภัณฑ์จากสิ่งทอเป็นเครื่องใช้ในบ้าน,2400,4,2018-07-16T00:00:00,11,,13921,30000000,จ3-23(1)-7/60นบ,02 1598497,-20120000725608-,100.4007463,446,446,487.5,2017-11-09T00:00:00,บริษัท อุดมสุขอินเตอร์กรุ๊ป จำกัด,คลองข่อย,13.98585505,,ปากเกร็ด,เลขที่ 29/23-24,4,2023-01-01T00:00:00,นนทบุรี,8,11120
0,ผลิตกระเป๋าผ้า,0,153,2009-01-07T00:00:00,4,ไทรน้อย-วัดต้นเชือก,13922,70385926,จ3-23(3)-2/52นบ,0-2880-7901-6,-20120000225526-,100.33524,447,447,97.61,2009-04-06T00:00:00,บริษัท วินเซ็นท์ แฟคทอรี่ จำกัด,บ้านใหม่,13.85363,-,บางใหญ่,เลขที่ 59/9,49,2024-01-01T00:00:00,นนทบุรี,202,11140
0,ทำผลิตภัณฑ์จากผ้าใบ เช่น ผ้ากันแดด ถุงผ้าใบ,0,106,2009-07-20T00:00:00,,รัตนาธิเบศร์,13922,194000000,จ3-23(3)-3/52นบ,0-2580-6300,-20120100325523-,100.50432,448,448,90.5,2009-06-22T00:00:00,บริษัท เอซีที แอ็สเซ็ท จำกัด,บางกระสอ,13.86362,รัตนาธิเบศร์ 22 แยก 5,เมืองนนทบุรี,เลขที่ 11,26,2025-01-01T00:00:00,นนทบุรี,132,11000
900,ถัก-ทอ และตัดเย็บเสื้อผ้าสำเร็จรูป,900,7,2003-08-19T00:00:00,4,บางกรวย-ไทรน้อย,13999,100500000,จ3-24-1/46นบ,29259911,-20120700125463-,100.38485,449,449,324.63,2003-03-26T00:00:00,บริษัท ยูไนเต็ด ซีมเลสแวร์ จำกัด,บางบัวทอง,13.94306667,,บางบัวทอง,เลขที่ 32/2-3,23,2023-01-01T00:00:00,นนทบุรี,30,11110
7140,ถักผ้าและทอผ้าเป็นตราสัญญาลักษณ์บนเสื้อผ้าสำเร็จรูป,2757,20,2016-01-03T00:00:00,3,บางกรวย-ไทรน้อย,13999,173000000,จ3-24-10/58นบ,,-20120001025586-,100.4700234,450,450,222.5,2015-11-18T00:00:00,บริษัท จีเอพี อุตสาหกรรม จำกัด,บางสีทอง,13.8282812,,บางกรวย,"เลขที่ 14/81,82",20,2021-01-01T00:00:00,นนทบุรี,40,11130
2282,ถักผ้า ผ้าลูกไม้หรือเครื่องนุ่งห่มด้วยด้ายหรือเส้นใย,1184,15,2016-03-16T00:00:00,3,,13999,25000000,จ3-24-14/58นบ,081 7200984,-20120001425588-,100.2909495,451,451,98,2015-08-12T00:00:00,บริษัท น้ำบานกรุ๊ปเท็กซ์ไทล์ จำกัด,หนองเพรางาย,13.88592931,,ไทรน้อย,เลขที่ 88/9,10,2021-01-01T00:00:00,นนทบุรี,25,11150
4688,"ถักเสื้อไหมพรม,หมวก,ถุงมือ,ถุงเท้า,ผ้าพันคอ,กระโปรง,กางเกง,ผลิตภัณพ์ที่ผลิตจากไหมพรม",1942,30,2013-09-03T00:00:00,3,กาญจนาภิเษก,13999,27000000,จ3-24-4/55นบ,,-20120000425555-,100.45086,452,452,76.8,2012-05-31T00:00:00,บริษัท วิกเกอร์ นิตติ้ง จำกัด,ศาลากลาง,13.81509,วัดศรีประวัติ,บางกรวย,เลขที่ 88/8,30,2023-01-01T00:00:00,นนทบุรี,60,11130
12340,ทำแผ่นฟองน้ำที่ใช้สำหรับผัดหน้า,1920,150,2001-07-25T00:00:00,5,บางกรวย-ไทรน้อย,13922,40000000,จ3-27(6)-1/43นบ,,-20120400125433-,100.4423167,453,453,155.98,2000-11-08T00:00:00,บริษัท ไทยพัฟอุตสาหกรรม จำกัด,บางกร่าง,13.84351667,,เมืองนนทบุรี,เลขที่ 63/45-46,35,2021-01-01T00:00:00,นนทบุรี,185,11000
6400,ผลิตเส้นใยหรือปุยใยจากวัสดุที่ทำจากเส้นใย หรือปุยใยที่ไม่ใช้แล้ว,3600,4,2012-10-25T00:00:00,6,บางบัวทอง-สุพรรณบุรี,13113,33000000,จ3-27(7)-4/55นบ,0 2925 6117,-20120100425554-,100.403391,454,454,399.22,2012-09-21T00:00:00,บริษัท อุดมสุข เท็กซ์ไทล์ จำกัด,ละหาร,13.970624,ซอและห์,บางบัวทอง,เลขที่ 88/8,4,2022-01-01T00:00:00,นนทบุรี,8,11110
589,ผลิตและส่งออกเครื่องนุ่งห่ม เสื้อผ้าสำเร็จรูป,2100,63,2000-07-04T00:00:00,6,งามวงศ์วาน,14111,2700000,จ3-28(1)-1/42นบ,-,-20120000125429-,100.5383833,455,455,45.66,1999-10-29T00:00:00,บริษัท สยาม คูทัวร์ จำกัด,บางเขน,13.85668333,งามวงศ์วาน 18,เมืองนนทบุรี,เลขที่ 18/640-643,2,2020-01-01T00:00:00,นนทบุรี,65,11000
552,ตัดเย็บเสื้อผ้าสำเร็จรูป เพื่อจำหน่ายและส่งออก,552,95,2003-12-06T00:00:00,3,ติวานนท์,14111,7800000,จ3-28(1)-1/46นบ,0 2584 6643,-20120800125462-,100.51865,456,456,32.5,2003-02-03T00:00:00,บริษัท ดีเวลลอป การ์เม้นท์ จำกัด,บางพูด,13.93656667,,ปากเกร็ด,เลขที่ 43/250-253,0,2023-01-01T00:00:00,นนทบุรี,95,11120
7324,ตัดเย็บเสื้อผ้าสำเร็จรูป,3197,20,2005-03-21T00:00:00,3,นครอินทร์,14111,85000000,จ3-28(1)-11/48นบ,,-20120001125485-,100.4253167,457,457,89.98,2005-02-16T00:00:00,บริษัท มงคลไทย การ์เมนท์ จำกัด,บางคูเวียง,13.82528333,วัดโพธิ์เอน,บางกรวย,เลขที่ 158,26,2020-01-01T00:00:00,นนทบุรี,46,11130
,เย็บเสื้อผ้าสำเร็จรูป เพื่อส่งออก,0,120,2012-05-14T00:00:00,4,บางบัวทอง-สุพรรณบุรี,14111,770000000,จ3-28(1)-12/53นบ,0-2985-4636-8,-20120001225533-,100.32429,458,458,208.72,2010-04-30T00:00:00,บริษัท ดี การ์เม้นท์ โซลูชั่น จำกัด,ราษฎร์นิยม,14.1043,,ไทรน้อย,เลขที่ 2/2 (ชั้น 2-4),120,2022-01-01T00:00:00,นนทบุรี,240,11150
738,ตัดเย็บเสื่อผ้าสำเร็จรูป,388,51,2019-03-06T00:00:00,5,,14111,29000000,จ3-28(1)-12/61นบ,,-20120001225616-,100.344389,459,459,89.73,2018-04-27T00:00:00," นาคสุวรรณ """"",บางคูรัด,13.9168629,,บางบัวทอง,เลขที่ 200/1,25,2024-01-01T00:00:00,นนทบุรี,76,11110
1880,ตัดเย็บเสื้อผ้าสำเร็จรูป,1054,174,2006-04-25T00:00:00,-,ติวานนท์,14111,43400000,จ3-28(1)-15/47นบ,02-4653084,-20120001525478-,100.51175,460,460,222.89,2004-04-28T00:00:00,บริษัท เจจีไอ กรุ๊ป จำกัด,ตลาดขวัญ,13.84381667,ติวานนท์ 3,เมืองนนทบุรี,เลขที่ 84,15,2021-01-01T00:00:00,นนทบุรี,189,11000
13324,ตัดเย็บชุดนักเรียนสำเร็จรูป,1862,90,2014-05-01T00:00:00,8,คลองถนนรถ,14111,0,จ3-28(1)-16/56นบ,0 2922 9880-3,-20120101625566-,100.396375,461,461,106.42,2013-07-31T00:00:00,บริษัท น้อมจิตต์ แมนนูแฟกเจอร์ริ่ง จำกัด,เสาธงหิน,13.890648,,บางใหญ่,เลขที่ 19/9,37,2024-01-01T00:00:00,นนทบุรี,127,11140
840,ตัดเย็บเสื้อผ้าสำเร็จรูป,314,211,1993-03-12T00:00:00,1,ติวานนท์,14111,9000000,จ3-28(1)-2/36นบ,,-20120000225369-,100.5612167,462,462,182.81,1993-10-15T00:00:00,บริษัท วาย.เอ็ม.เอฟ.อินเตอร์เนชั่นแนล ไทย จำกัด,บ้านใหม่,13.94688333,,ปากเกร็ด,เลขที่ 69/98,20,2023-01-01T00:00:00,นนทบุรี,231,11120
1728,ผลิตเสื้อผ้าสำเร็จรูปส่งออกนอกราชอาณาจักร,1152,173,1998-09-21T00:00:00,,,14111,15000000,จ3-28(1)-2/41นบ,5890123,-20120000225419-,100.5382333,463,463,62.13,1998-08-20T00:00:00,บริษัท ไนซ์ แอพพาเรล จำกัด,บางเขน,13.8634,งามวงศ์วาน 25 แยก 19,เมืองนนทบุรี,เลขที่ 8/3,17,2023-01-01T00:00:00,นนทบุรี,190,11000
4536,ตัดเย็บเสื้อผ้า เครื่องแบบ เครื่องนอน เครื่องสนาม เครื่องแต่งกายของหน่วยงานราชการและผลิตรองเท้าจากหนัง,800,20,2002-05-08T00:00:00,1,ตลิ่งชัน-สุพรรณบุรี,14111,44000000,จ3-28(1)-2/45นบ,0-2984-1900-3,-20120000225450-,100.41205,464,464,75.5,2002-11-07T00:00:00,บริษัท นวไทยอุตสาหกรรม จำกัด,ปลายบาง,13.80301667,มหาสวัสดิ์วิลล์,บางกรวย,เลขที่ 3/33,35,2022-01-01T00:00:00,นนทบุรี,55,11130
1551,ตัดเย็บเสื้อผ้าสำเร็จรูป,1088,125,2010-09-09T00:00:00,5,ติวานนท์,14111,6751650,จ3-28(1)-21/53นบ,0-2583-7852,-20120002125534-,100.5314167,465,465,81.32,2010-08-18T00:00:00,บริษัท วินเนอร์เท็คซ์ไทล์ จำกัด,บ้านใหม่,13.93948333,วัดสลักเหนือ,ปากเกร็ด,เลขที่ 33/4,20,2020-01-01T00:00:00,นนทบุรี,145,11120
13794,ตัดเย็บเสื้อผ้าสำเร็จรูป,7500,205,2020-09-10T00:00:00,2,,14111,77000000,จ3-28(1)-25/61นบ,,-20120002525618-,100.318935,466,466,410.48,2018-10-30T00:00:00,บริษัท รัตนาแอ็พแพเร็ล แคร์ จำกัด,คลองขวาง,13.991883,,ไทรน้อย,เลขที่ 6/6,70,,นนทบุรี,275,11110
3570,ถักทอ ตัดเย็บเสื้อผ้าสำเร็จรูป (เสื้อกันหนาวไหมพรม) ฯลฯ,2250,107,2001-05-30T00:00:00,8,บางรักใหญ่-บ้านใหม่,14111,5050000,จ3-28(1)-3/43นบ,,-20120000325433-,100.3813,467,467,283.23,2000-04-12T00:00:00,บริษัท ฟูลไทยนิตติ้งแฟคตอรี่ จำกัด,เสาธงหิน,13.89476667,,บางใหญ่,เลขที่ 53/157,65,2022-01-01T00:00:00,นนทบุรี,172,11140
416396,ดูดทราย,0,0,2000-07-28T00:00:00,6,เทอดพระเกียรติ,8103,33000000,จ3-3(4)-1/43นบ,,-20120000125437-,100.337711,468,468,4095,2000-01-05T00:00:00,-,ไทรน้อย,13.999777,-,ไทรน้อย,เลขที่ 47/1,25,2020-01-01T00:00:00,นนทบุรี,25,11150
960,ผลิตกระเป๋าจากหนังสัตว์,960,67,2016-08-31T00:00:00,3,,14200,18000000,จ3-32(1)-3/59นบ,,-20120100325598-,100.3706,469,469,45,2016-02-08T00:00:00,บริษัท เฟรซเซีย ไทย จำกัด,บางใหญ่,13.8404,,บางใหญ่,เลขที่ 79/18-20,20,2021-01-01T00:00:00,นนทบุรี,87,11140
0,ทำเครื่องหนังทุกชนิด ทั้งหนังแท้และหนังเทียม เช่น กรอบรูป อัลบั้มรูป แฟ้ม ชุดตั้งโต๊ะทุกชนิด,0,258,2006-10-03T00:00:00,6,นครอินทร์,14200,70000000,จ3-32(1)-5/47นบ,02-4324888,-20120000525479-,100.4315667,470,470,29.62,2004-08-23T00:00:00,บริษัท เลเธอร์ มายน์ จำกัด,บางขุนกอง,13.81748333,วัดบางไกรใน,บางกรวย,เลขที่ 11,32,2021-01-01T00:00:00,นนทบุรี,290,11130
13176,ทำฉนวนกันความร้อน จากใยแก้วและพลาสติก,1575,0,1997-09-28T00:00:00,3,บางบัวทอง-สะพานนนทบุรี,23103,41000000,จ3-32(2)-1/40นบ,,-20120300125400-,100.4564667,471,471,534.98,2004-02-29T00:00:00,บริษัท เบย์ คอร์ปอเรชั่น จำกัด,คลองข่อย,13.94231667,ขุนมหาดไทย,ปากเกร็ด,เลขที่ 3/2,6,2022-01-01T00:00:00,นนทบุรี,6,11120
9000,ผลิต ผลิตภัณฑ์จากใยแก้ว เช่น บานประตู วงกบ,2100,5,2015-05-25T00:00:00,11,,23103,15800000,จ3-32(2)-1/58นบ,0 29222 3996,-20120000125585-,100.3097257,472,472,97.66,2015-02-19T00:00:00,บริษัท เกรซเทค จำกัด,ไทรใหญ่,14.06886896,,ไทรน้อย,เลขที่ 111/1,15,2020-01-01T00:00:00,นนทบุรี,20,11150
6400,ผลิตถังไฟเบอร์กลาส,1600,6,2023-02-22T00:00:00,10,-,23103,57400000,จ3-32(2)-2/65นบ,955590999,-20120117025652-,100.293613,473,473,245.33,2022-06-07T00:00:00,บริษัท ไทย เคมีคอล สโตเรจ จำกัด,ไทรใหญ่,14.05637,-,ไทรน้อย,เลขที่ 92,35,2028-01-01T00:00:00,นนทบุรี,41,11150
1080,ไส-ซอยไม้และอัดน้ำยาไม้,500,0,1993-03-25T00:00:00,3,ติวานนท์,16101,5200000,จ3-34(1)-1/35นบ,,-20120200125351-,100.5462667,474,474,202,1993-02-03T00:00:00,บริษัท เอกเจริญพงษ์ จำกัด,บ้านใหม่,13.93226667,,ปากเกร็ด,เลขที่ 72/77-78,5,2023-01-01T00:00:00,นนทบุรี,5,11120
3300,ไส-ซอยไม้ ทำไม้คิ้ว ไม้บัว ไม้เข้าลิ้น หรือส่วนประกอบของอาคารที่ทำจากไม้,3220,3,1994-04-04T00:00:00,13,ตลิ่งชัน-สุพรรณบุรี,16101,11600000,จ3-34(1)-1/37นบ,02-9247590,-20120200125377-,100.417,475,475,598.5,1994-04-02T00:00:00,บริษัท ธีระวัฒน์ค้าไม้ จำกัด,บางม่วง,13.8378,วัดอัมพวัน,บางใหญ่,เลขที่ 68/7,25,2024-01-01T00:00:00,นนทบุรี,28,11140
580,กลึง ไส เซาะร่องไม้,151,0,1997-06-06T00:00:00,4,พิบูลสงคราม,16101,630000,จ3-34(1)-1/40นบ,02-5851606,-20120400125409-,100.5134667,476,476,70.8,1997-01-28T00:00:00,รวมชัยการช่าง,บางเขน,13.83213333,วัดกำแพง,เมืองนนทบุรี,"เลขที่ 11/9,11/11",5,2022-01-01T00:00:00,นนทบุรี,5,11000
5580,แปรรูปไม้ ผลิตบานประตู หน้าต่าง วงกบ ไม้คิ้ว ไม้บัว แผ่นฉลุ,1912,2,2000-10-05T00:00:00,2,ไทรน้อย-ลาดบัวหลวง,16101,24000000,จ3-34(1)-1/43นบ,,-20120500125432-,100.3111167,477,477,442.5,2000-01-02T00:00:00,บริษัท ธนศิริ อินเตอร์เทรด จำกัด,ไทรใหญ่,14.07653333,,ไทรน้อย,เลขที่ 23,13,2020-01-01T00:00:00,นนทบุรี,15,11150
3600,เลื่อย ไส ซอย เซาะร่องไม้,2160,0,2003-03-20T00:00:00,3,บางใหญ่-บางคูลัด,16101,1410000,จ3-34(1)-1/44นบ,02-9277148,-20120500125440-,100.3785833,478,478,94.5,2001-02-13T00:00:00,-,บางใหญ่,13.84318333,-,บางใหญ่,เลขที่ 16/14,2,2023-01-01T00:00:00,นนทบุรี,2,11140
780,"ไส,ซอยไม้แปรรูป",220,1,2003-09-26T00:00:00,4,บางกรวย-ไทรน้อย,16101,7450000,จ3-34(1)-1/46นบ,02-9259977,-20120900125461-,100.3880833,479,479,97.2,2003-05-06T00:00:00,บริษัท ธนไพรสณฑ์ ค้าไม้ จำกัด,บางบัวทอง,13.93921667,โรงเรียนประชารัฐบำรุง,บางบัวทอง,เลขที่ 7/9,4,2023-01-01T00:00:00,นนทบุรี,5,11110
10376,ไส ซอยไม้,2808,0,2007-09-07T00:00:00,3,นครอินทร์,16101,44200000,จ3-34(1)-1/48นบ,02-5851480,-20120000125486-,100.4547,480,480,195,2005-04-01T00:00:00,,บางขุนกอง,13.82998333,,บางกรวย,เลขที่ 159,20,2022-01-01T00:00:00,นนทบุรี,20,11130
300,ทำวงกบประตูหน้าต่าง ไม้คิ้ว ไมับัว ไส ซอย เซาะร่อง และกลึงไม้,225,0,1995-09-29T00:00:00,9,เฉลิมพระเกียรติ,16101,2100000,จ3-34(1)-10/37นบ,4473716,-20120001025370-,100.4643167,481,481,105,1994-01-12T00:00:00,วิษณุการช่าง,บางกร่าง,13.84505,,เมืองนนทบุรี,เลขที่ 97,15,2020-01-01T00:00:00,นนทบุรี,15,11000
18164,เลื่อยไม้ ทำส่วนประกอบของอาคารและเครื่องเรือนหรือเครื่องตบแต่งภายในอาคารจากไม้,1170,7,2011-10-26T00:00:00,7,บางบัวทอง-สุพรรณบุรี,16101,28000000,จ3-34(1)-11/54นบ,0-2912-5530,-20120001125543-,100.384696,482,482,495,2011-03-03T00:00:00,บริษัท เอ็มที วู้ด อินดัสเตรียล จำกัด,ละหาร,13.984386,,บางบัวทอง,เลขที่ 101/1,10,2021-01-01T00:00:00,นนทบุรี,17,11110
6043,ไส-ซอยไม้แปรรูป,1088,0,2013-09-08T00:00:00,5,สาย 345,16101,24000000,จ3-34(1)-12/54นบ,,-20120001225541-,100.4273126,483,483,132.5,2011-03-03T00:00:00,บริษัท ยงชัย โฮลดิ้ง จำกัด,ละหาร,13.94270464,,บางบัวทอง,เลขที่ 99/30,12,2023-01-01T00:00:00,นนทบุรี,12,11110
10177,ไส ซอยไม้ แปรรูป และประสานไม้,659,4,2007-02-05T00:00:00,3,จันทร์ทองเอี่ยม,16101,7000000,จ3-34(1)-171/48นบ,0-1278-5345,-20120017125487-,100.32975,484,484,196.75,2005-11-21T00:00:00,ห้างหุ้นส่วนจำกัด ซี พี จี รุ่งเรือง,บ้านใหม่,13.86508333,,บางใหญ่,เลขที่ 33/8,5,2022-01-01T00:00:00,นนทบุรี,9,11140
3409,ไส-ซอยไม้,540,0,1996-10-21T00:00:00,4,รัตนาธิเบศร์,16101,5600000,จ3-34(1)-2/38นบ,,-20120000225385-,100.4215833,485,485,114,1995-06-15T00:00:00,บริษัท ลือชัยพาณิชย์ จำกัด,บางรักพัฒนา,13.8751,,บางบัวทอง,เลขที่ 60/27,7,2021-01-01T00:00:00,นนทบุรี,7,11110
4800,ไส ซอยไม้ ไม้แปรรูป ประตูไม้อัด หน้าต่าง ไม้คิ้ว ไม้บัว ไม้ปาร์เก้ ไม้ลายฉลุ ลูกกรง ราวบันได ลูกบันได,600,0,2014-08-18T00:00:00,6,-,16101,6600000,จ3-34(1)-2/54นบ,0-2194-7113,-20120100225541-,100.40177,486,486,441.1,2011-12-01T00:00:00,บริษัท สยาม มาสเตอร์ วู๊ด จำกัด,ละหาร,13.969895,-,บางบัวทอง,เลขที่ 15/17,4,2024-01-01T00:00:00,นนทบุรี,4,11110
64,ไส ซอยไม้สำเร็จรูป,64,0,,3,พระราม 5,16101,6000000,จ3-34(1)-21/47นบ,,-20120002125476-,100.4230167,487,487,52.88,2004-03-26T00:00:00,,บางคูเวียง,13.82901667,,บางกรวย,เลขที่ 150/5,5,,นนทบุรี,5,11130
,เลื่อยไม้ และทำเฟอร์นิเจอร์จากไม้,0,3,2004-04-26T00:00:00,1,ติวานนท์,16101,8500000,จ3-34(1)-25/47นบ,0-2588-1080-81,-20120002525477-,100.5183667,488,488,218.5,2004-03-31T00:00:00,โรงเลื่อยจักรนนทบุรีสหะชัย,ตลาดขวัญ,13.86825,,เมืองนนทบุรี,เลขที่ 47/2,6,2024-01-01T00:00:00,นนทบุรี,9,11000
3616,เลื่อยไม้และแปรรูปไม้,1152,8,2014-08-16T00:00:00,3,,16101,10000000,จ3-34(1)-27/57นบ,089 4571366,-20120002725572-,100.2979128,489,489,459,2014-09-07T00:00:00,โรงเลื่อยไม้อานันท์,ไทรใหญ่,14.09739267,,ไทรน้อย,เลขที่ 74,15,2024-01-01T00:00:00,นนทบุรี,23,11150
2055,ไสไม้-ซอยไม้,868,1,2004-03-15T00:00:00,,นนทบุรี 1,16101,3800000,จ3-34(1)-3/46นบ,02-5270675,-20120100325465-,100.4868,490,490,54.85,2003-12-11T00:00:00,แรบบิทเฟอร์นิเจอร์,บางกระสอ,13.8633,นนทบุรี 8 แยก 6,เมืองนนทบุรี,เลขที่ 2,7,2024-01-01T00:00:00,นนทบุรี,8,11000
2035,ไส และซอยไม้แปรรูป,288,0,2014-11-25T00:00:00,3,บางใหญ่-บางคูลัด(กันตนา,16101,3600000,จ3-34(1)-31/56นบ,0 2927 8410,-20120003125566-,100.378388,491,491,99.5,2013-05-28T00:00:00,บุญรอดค้าไม้,บางใหญ่,13.84329,,บางใหญ่,เลขที่ 16/21,3,2024-01-01T00:00:00,นนทบุรี,3,11140
9907,เลื่อยไม้,1944,3,2014-10-02T00:00:00,6,บางบัวทอง-สุพรรณบุรี,16101,15300000,จ3-34(1)-36/56นบ,,-20120003625565-,100.312541,492,492,357,2013-06-25T00:00:00,บริษัท โขงศิริ จำกัด,ราษฎร์นิยม,14.082777,,ไทรน้อย,เลขที่ 76/5,11,2024-01-01T00:00:00,นนทบุรี,14,11150
1912,ไส ซอยไม้ ทำลัง และพาเลทไม้,320,2,2014-07-15T00:00:00,8,เทิดพระเกียรติ,16101,1000000,จ3-34(1)-43/55นบ, 08 9065 9393,-20120004325553-,100.3898271,493,493,63,2012-09-19T00:00:00,ห้างหุ้นส่วนจำกัด ธีรอินเตอร์,เสาธงหิน,13.88389516,,บางใหญ่,เลขที่ 25/27,8,2024-01-01T00:00:00,นนทบุรี,10,11140
2252,แปรรูปไม้ ทำไม้โครง และไม้แผ่นด้วยการจ้อยส์ประสาน,1320,10,2014-11-17T00:00:00,8,บางกรวย-ไทรน้อย,16101,16000000,จ3-34(1)-44/57นบ,,-20120004425577-,100.359029,494,494,592.35,2014-10-22T00:00:00,,บางบัวทอง,13.96500203,อนามัยคลองตาคล้าย,บางบัวทอง,เลขที่ 56/3,34,2024-01-01T00:00:00,นนทบุรี,44,11110
4468,ไส ซอย และอบไม้,2040,3,2013-11-28T00:00:00,7,345,16101,10000000,จ3-34(1)-49/56นบ,871239719,-20120004925568-,100.451828,495,495,339.14,2013-10-14T00:00:00,บริษัท วงศ์สินบางแคอบไม้ จำกัด,คลองข่อย,13.962347,สหกรณ์การเกษตรปากเกร็ด,ปากเกร็ด,เลขที่ 25/7,5,2023-01-01T00:00:00,นนทบุรี,8,11120
2580,เลื่อยไม้,840,2,1997-05-01T00:00:00,4,บางกรวย-ไทรน้อย,16101,16500000,จ3-34(1)-5/37นบ,9226756-57,-20120000525370-,100.38935,496,496,197,1996-12-09T00:00:00,คงประสิทธิ์ไพศาล,บางบัวทอง,13.94003333,,บางบัวทอง,เลขที่ 25/12,9,2022-01-01T00:00:00,นนทบุรี,11,11110
10065,ไส ซอยไม้แปรรูป,6600,0,1998-01-15T00:00:00,7,ตลิ่งชัน-สุพรรณบุรี,16101,20000000,จ3-34(1)-5/40นบ,,-20120000525404-,100.3889667,497,497,509.8,1997-07-16T00:00:00,บริษัท เอกวัฒนาค้าไม้ จำกัด,ละหาร,13.97936667,,บางบัวทอง,เลขที่ 94/6,24,2023-01-01T00:00:00,นนทบุรี,24,11110
799,ไส ซอย ตีคิ้วบัว วงกบ บานประตู หน้าต่าง และทำเครื่องเรือนจากไม้,250,3,2007-08-14T00:00:00,8,บางบัวทอง-บางปะอิน,16101,5100000,จ3-34(1)-50/50นบ,,-20120005025509-,100.44996,498,498,63,2007-05-15T00:00:00,,ลำโพ,13.94903,-,บางบัวทอง,เลขที่ 15/8,9,2022-01-01T00:00:00,นนทบุรี,12,11110
0,ไส ซอยไม้ เซาะร่อง ทำวงกบ บานประตู-หน้าต่าง ไม้ปาร์เก้ ไม้พื้น และทำเครื่องเรือนจากไม้,9566,0,2006-04-12T00:00:00,3,บางบัวทอง-สุพรรณบุรี,16101,29000000,จ3-34(1)-51/49นบ,,-20120005125499-,100.2958667,499,499,495,2006-08-06T00:00:00,บริษัท สุขสวัสดิ์ ไม้อัดไทย จำกัด,ไทรใหญ่,14.10605,-,ไทรน้อย,เลขที่ 88,27,2021-01-01T00:00:00,นนทบุรี,27,11150
18189,เลื่อยไม้,840,2,1995-08-19T00:00:00,4,บางกรวย-ไทรน้อย,16101,16500000,จ3-34(1)-6/37นบ,5851900,-20120000625378-,100.3893167,500,500,123,1994-09-28T00:00:00,ห้างหุ้นส่วนจำกัด โรงเลื่อยคงประสิทธิ์,บางบัวทอง,13.94006667,,บางบัวทอง,เลขที่ 25/11,9,2020-01-01T00:00:00,นนทบุรี,11,11110
27200,ไส-ซอยไม้แปรรูป ทำวงกบประตู-หน้าต่าง หรือส่วนประกอบที่ทำด้วยไม้ของอาคาร,4080,57,2005-02-15T00:00:00,2,ปทุมธานี-บางเลน,16101,38000000,จ3-34(1)-6/48นบ,0-2921-9816-8,-20120000625485-,100.28915,501,501,465.5,2005-01-17T00:00:00,บริษัท ไทยนำแสงพนาภัณฑ์ จำกัด,ขุนศรี,14.02426667,,ไทรน้อย,เลขที่ 59/15,18,2020-01-01T00:00:00,นนทบุรี,75,11150
3600,แปรรูปไม้ ไส ซอย และทำวงกบ บานประตู-หน้าต่าง จากไม้,450,2,2024-10-06T00:00:00,7,-,16101,2700000,จ3-34(1)-60/61นบ,089 9122286,-20120006025615-,100.281592,502,502,307,2018-03-07T00:00:00,-,ไทรใหญ่,14.107272,-,ไทรน้อย,เลขที่ 2/10,7,2029-01-01T00:00:00,นนทบุรี,9,11150
37566,ไส ซอย และทำวงกบบานประตู-หน้าต่าง ลูกกรง-เสาไม้ ไม้คิ้ว ไม้บัว และบันไดไม้,996,0,2020-02-01T00:00:00,2,ตลิ่งชัน-สุพรรณบุรี,16101,3000000,จ3-34(1)-63/61นบ,081 8458425,-20120006325619-,100.307472,503,503,180.5,2018-07-13T00:00:00,หลักชัยค้าไม้,ไทรใหญ่,14.088829,,ไทรน้อย,เลขที่ 88/5,8,,นนทบุรี,8,10800
0,ไส ซอย เซาะร่อง ทำวงกบ ขอบประตู ขอบหน้าต่าง บานหน้าต่าง บานประตู เครื่องเรือนหรือเครื่องตบแต่งภายในอาคารจากไม้หรือส่วนประกอบที่ทำด้วนไม้ของอาคาร,2716,2,1997-08-04T00:00:00,6,ตลิ่งชัน-สุพรรณบุรี,16101,27500000,จ3-34(1)-7/37นบ,02-9038287,-20120000725376-,100.4157167,504,504,189,1994-10-28T00:00:00,บริษัท แลนด์ทวี จำกัด,บางม่วง,13.83555,โรงพิมพ์ไทยร่มเกล้า,บางใหญ่,เลขที่ 49/1-2,18,2022-01-01T00:00:00,นนทบุรี,20,11140
6400,ไส ซอยไม้ ทำวงกบ ประตูหน้าต่าง ไม้คิ้ว ไม้บัว ไม้ปาร์เก้,1512,7,,8,,16101,10200000,จ3-34(1)-7/66นบ,888898887,-20120036225664-,,505,505,161.5,2023-02-03T00:00:00,-,คลองข่อย,,,ปากเกร็ด,เลขที่ 14/25,5,,นนทบุรี,12,11120
1936,ไสไม้และซอยไม้,1125,0,2017-06-11T00:00:00,4,สุขาภิบาล 2,16101,44000000,จ3-34(1)-76/60นบ,02 5852438,-20120007625603-,100.501243,506,506,67.5,2017-09-27T00:00:00,-,บางกรวย,13.816183,,บางกรวย,เลขที่ 11/10,8,2022-01-01T00:00:00,นนทบุรี,8,11130
3616,ไส ชอยไม้ ทำวงกบ ประตู หน้าต่าง ไม้คื้ว ไม้บัว ไม้ปาร์เก้ และ อบไม้,800,9,2023-09-06T00:00:00,8,,16101,4400000,จ3-34(1)-8/66นบ,,-20120036625665-,,507,507,208.28,2023-02-03T00:00:00,บริษัท ที.เอ็ม.อาร์.อินเตอร์เนชั่นแนล จำกัด,คลองข่อย,,,ปากเกร็ด,เลขที่ 14/24,13,2028-01-01T00:00:00,นนทบุรี,22,11120
1944,ไสไม้-ซอยไม้,432,0,2011-01-09T00:00:00,4,บางกรวย-ไทรน้อย,16101,24800000,จ3-34(1)-81/47นบ,081-330-3061,-20120108125479-,100.5145833,508,508,93,2004-08-23T00:00:00,บริษัท โรงเลื่อยจักรศรีวัฒนา จำกัด,บางกร่าง,13.84838333,,เมืองนนทบุรี,เลขที่ 15/114,5,2021-01-01T00:00:00,นนทบุรี,5,11000
1138,ทำวงกบ ขอบประตู หน้าต่าง และบานประตู หน้าต่าง,448,0,1997-05-25T00:00:00,3,แจ้งวัฒนะ,16220,3300000,จ3-34(2)-1/37นบ,814274599,-20120300125376-,100.5168,509,509,82.72,1994-06-05T00:00:00,-,บางพูด,13.93845,สุขาประชาสรรค์ 2,ปากเกร็ด,เลขที่ 48,17,2022-01-01T00:00:00,นนทบุรี,17,11120
5908,ทำวงกบ ประตู หน้าต่าง ไม้คิ้ว ไม้บัว ไม้ราวบันได เฟอร์นิเจอร์เครื่องเรือนเครื่องใช้ในบ้านเรือน โดยใช้ไม้แปรรูป,1000,2,2000-07-28T00:00:00,3,บางกรวย-ไทรน้อย,16220,1000000,จ3-34(2)-1/42นบ,,-20120100125428-,100.3462833,510,510,242.2,1999-06-01T00:00:00,บริษัท หาญตระกูล จำกัด,ไทรน้อย,13.96898333,-,ไทรน้อย,เลขที่ 99/9,6,2020-01-01T00:00:00,นนทบุรี,8,11150
16000,ทำวงกบ ขอบประตู ขอบหน้าต่าง บานหน้าต่าง บานประตู ส่วนประกอบอาคารที่ทำจากไม้,990,15,2013-12-19T00:00:00,5,,16220,12000000,จ3-34(2)-103/56นบ,,-20120010325563-,100.307728,511,511,493.08,2013-11-20T00:00:00,บริษัท ซี.เอส.แอล วู๊ดเดิร์น แมนูแฟคเชอเรอ จำกัด,ไทรใหญ่,14.135374,,ไทรน้อย,เลขที่ 19/8,27,2023-01-01T00:00:00,นนทบุรี,42,11150
2000,ทำวงกบประตู-หน้าต่างไม้,,0,1994-03-28T00:00:00,4,บางบัวทอง-ไทรน้อย,16220,5680000,จ3-34(2)-11/36นบ,5717894,-20120001125360-,100.3908333,512,512,87.5,1993-12-24T00:00:00,ศรีทองการช่าง,บางบัวทอง,13.93898333,,บางบัวทอง,เลขที่ 6/4,10,2024-01-01T00:00:00,นนทบุรี,10,11110
17068,ทำส่วนประกอบของอาคารจากไม้และคอนกรีต เช่น ช่อฟ้า ใบระกา หน้าบัน คันทวย วงกบ บานประตู-หน้าต่าง และลวดลายปูนปั้น,546,40,2005-07-16T00:00:00,3,ไทรน้อย-วัดต้นเชือก,16220,7900000,จ3-34(2)-14/48นบ,,-20120001425489-,100.3202333,513,513,53.3,2005-02-14T00:00:00,บริษัท ส.บุญมีฤทธิ์ วิศวกรรม จำกัด,หนองเพรางาย,13.8734,วัดอ่วมอ่อง,ไทรน้อย,เลขที่ 93/2,70,2020-01-01T00:00:00,นนทบุรี,110,11150
1452,ทำวงกบ บานประตู หน้าต่าง ไม้คิ้ว ไม้บัว ไม้มอบผ้า ราวบันได เสาบันได ไม้พื้นลิ้นรอบตัว ปาร์เก้ โมเสค เครื่องเรือน เครื่องใช้ในบ้านเรือน,293,0,2006-05-09T00:00:00,4,ราชพฤกษ์,16220,4000000,จ3-34(2)-146/47นบ,,-20120014625471-,100.4472667,514,514,128,2004-08-11T00:00:00,ธนโชคพาณิชย์,บางกร่าง,13.83675,,เมืองนนทบุรี,เลขที่ 69/5,14,2021-01-01T00:00:00,นนทบุรี,14,11000
1600,ทำวงกบ ประตู-หน้าต่าง ไม้คิ้ว ไม้บัว และส่วนประกอบที่ทำด้วยไม้ของอาคาร,360,10,2013-01-07T00:00:00,5,บางบัวทอง-สุพรรณบุรี,16220,9000000,จ3-34(2)-155/48นบ,0-2964-4851-2,-20120015525480-,100.4026,515,515,202,2005-06-27T00:00:00,บริษัท พนาวรรณ 49 จำกัด,ละหาร,13.9707,-,บางบัวทอง,เลขที่ 27/33,20,2023-01-01T00:00:00,นนทบุรี,30,11110
1600,ทำไม้ปาร์เก้ ราวบันได หรือส่วนประกอบที่ทำด้วยไม้ของอาคาร,912,0,2002-03-06T00:00:00,1,ไทรน้อย-วัดต้นเชือก,16220,6500000,จ3-34(2)-2/44นบ,,-20120000225443-,100.3133833,516,516,223.65,2001-11-30T00:00:00,,คลองขวาง,13.98261667,,ไทรน้อย,เลขที่ 14/12,10,2022-01-01T00:00:00,นนทบุรี,10,11150
2500,ทำวงกบ ประตู หน้าต่าง ไม้พื้น ไม้ปาร์เก้ ไม้เข้าลิ้น ไสไม้ ซอยไม้,504,1,2019-09-04T00:00:00,6,,16220,12000000,จ3-34(2)-2/62นบ,,-20120005625621-,100.4753656,517,517,75.5,2019-08-01T00:00:00,บริษัท บี แอนด์ เอ็ม ค้าไม้ จำกัด,คลองพระอุดม,13.92748452,,ปากเกร็ด,เลขที่ 56/1,5,2024-01-01T00:00:00,นนทบุรี,6,11120
1400,ผลิต วงกบ ปรตู หน้าต่างไม้ ด้วยเครื่องจักร,1100,0,2021-07-12T00:00:00,5,ติวานนท์,16220,591100,จ3-34(2)-2/64นบ,,-20120027925645-,100.529708,518,518,75.5,2021-12-01T00:00:00,เล่าหมงเส็งผลิตภัณฑ์ไม้,บ้านใหม่,13.929844,,ปากเกร็ด,เลขที่ 47/124,7,,นนทบุรี,7,11120
5720,ผลิตวงกบ ประตู หน้าต่าง และผลิตภัณฑ์จากไม้,896,0,2017-07-27T00:00:00,6,บางบัวทอง-สุพรรณบุรี,16220,7500000,จ3-34(2)-23/59นบ,,-20120002325597-,100.3187002,519,519,139.25,2016-03-21T00:00:00,บริษัท ศิริวณิชย์ วู๊ด จำกัด,ราษฎร์นิยม,14.07431018,,ไทรน้อย,เลขที่ 99/12,9,2022-01-01T00:00:00,นนทบุรี,9,11120
,ทำวงกบบานประตู-หน้าต่าง ไม้คิ้ว ไม้บัว ไม้มอบฝ้า เครื่องเรือน ของใช้ประดับบ้านเรือน,0,0,2006-03-02T00:00:00,8,บางบัวทอง-สุพรรณบุรี,16220,2000000,จ3-34(2)-286/48นบ,-,-20120028625483-,100.38725,520,520,59.75,2005-10-31T00:00:00,พูลศักดิ์อุตสาหกรรม,ละหาร,13.98165,ปิ่นทองแลนด์,บางบัวทอง,เลขที่ 144/2,11,2021-01-01T00:00:00,นนทบุรี,11,11110
0,"ทำวงกบประตู-หน้าต่าง,ไม้คิ้ว,ไม้บัว,ไม้ขอบฝ้า,ไม้พาเลชวางของโดยใช้ไม้แปรรูป",1120,0,2011-05-10T00:00:00,2,ราชพฤกษ์,16220,1500000,จ3-34(2)-29/54นบ,0-2588-1776,-20120002925545-,100.4524247,521,521,164,2011-03-17T00:00:00,ศรีนนท์,บางพลับ,13.91940354,,ปากเกร็ด,เลขที่ 57/10-11,14,2021-01-01T00:00:00,นนทบุรี,14,11120
3200,ทำวงกบ ประตู หน้าต่าง,1950,0,1997-12-05T00:00:00,3,ติวานนท์,16220,39000000,จ3-34(2)-3/39นบ,9510237-8,-20120000325391-,100.5393167,522,522,252.25,1996-11-11T00:00:00,บริษัท สุนทรผลิตภัณฑ์ไม้ จำกัด,บ้านใหม่,13.9375,,ปากเกร็ด,เลขที่ 71/17,9,2022-01-01T00:00:00,นนทบุรี,9,11120
,ทำเฟอร์นิเจอร์ เช่น โต๊ะ ตู้ เตียง เครื่องเรือนเครื่องใช้ในบ้านเรือน วงกบ ประตู หน้าต่าง,0,0,2013-02-14T00:00:00,4,บางกรวย-จงถนอม,16220,1100000,จ3-34(2)-33/53นบ,,-20120003325539-,100.45679,523,523,184.35,2010-12-03T00:00:00,-,บางขนุน,13.82421,แก้วฟ้า,บางกรวย,เลขที่ 35/8,5,2023-01-01T00:00:00,นนทบุรี,5,11130
1725,ทำวงกบ ขอบหน้าต่าง บานประตู หรือส่วนประกอบที่ทำด้วยไม้,937,0,2022-07-11T00:00:00,3,,16220,3700000,จ3-34(2)-34/60นบ,,-20120003425602-,100.507839,524,524,53,2017-01-08T00:00:00,บริษัท ยูแฟม เดคคอเรชั่น จำกัด,บางเขน,13.827394,พิบูลสงคราม 22 แยก 6,เมืองนนทบุรี,เลขที่ 74,16,,นนทบุรี,16,10800
750,"ทำวงกบ ขอบประตู ขอบหน้าต่าง ไม้คิ้ว ไม้บัว หรือส่วนประกอบที่ทำด้วยไม้ของอาคาร, เครื่องเรือน หรือเครื่องใช้จากไม้",350,3,1995-05-07T00:00:00,2,รัตนาธิเบศร์,16220,1500000,จ3-34(2)-4/38นบ,,-20120000425381-,100.469109,525,525,207.5,1995-05-23T00:00:00,จรัญการช่าง,ไทรม้า,13.883032,ท่าอิฐ,เมืองนนทบุรี,เลขที่ 93/1,6,2020-01-01T00:00:00,นนทบุรี,9,11000
7632,ทำวงกบ ขอบประตู ขอบหน้าต่าง บานประตู ไม้ประสาน ปาเก้ ไม้คิ้ว ไม้บัว ไม้ประดับผนัง เครื่องเรือน เครื่องใช้ในบ้านเรือน เครื่องประดับ เป็นต้น,775,1,2015-01-30T00:00:00,4,ราชพฤกษ์,16220,4300000,จ3-34(2)-45/56นบ,,-20120004525566-,100.450008,526,526,113,2013-05-21T00:00:00,อ.การช่าง,บางรักน้อย,13.882546,,เมืองนนทบุรี,เลขที่ 111/1,3,2020-01-01T00:00:00,นนทบุรี,4,11000
4400,ทำวงกบ บานประตู บานหน้าต่าง,2220,10,2004-02-12T00:00:00,3,นครอินทร์,16220,28000000,จ3-34(2)-5/46นบ,0-1828-0543,-20120000525461-,100.4876667,527,527,210.5,2003-11-25T00:00:00,บริษัท แสงพนาชัย จำกัด,บางไผ่,13.82126667,บางไผ่พัฒนา,เมืองนนทบุรี,เลขที่ 69/3,20,2024-01-01T00:00:00,นนทบุรี,30,11000
1200,ทำวงกบ ประตู หน้าต่าง,280,1,2021-11-15T00:00:00,8,กาญจนาภิเษก,16220,8800000,จ3-34(2)-50/60นบ,,-20120005025608-,100.4095049,528,528,84,2017-09-27T00:00:00,ห้างหุ้นส่วนจำกัด ทองดี ทองก้อน,ลำโพ,13.9785473,วัดสามง่าม,บางบัวทอง,เลขที่ ,7,,นนทบุรี,8,11110
1900,ทำวงกบ บานประตู-หน้าต่างไม้,864,0,1993-05-08T00:00:00,6,บางบัวทอง-ไทรน้อย,16220,1200000,จ3-34(2)-6/36นบ,,-20120000625360-,100.3608833,529,529,79.25,1993-12-05T00:00:00,ประเสริฐการช่าง,บางบัวทอง,13.95826667,,บางบัวทอง,เลขที่ 56/5,6,2023-01-01T00:00:00,นนทบุรี,6,11110
1600,ทำวงกบ ขอบประตู ขอบหน้าต่าง บานประตู บานหน้าต่าง หรือส่วนประกอบที่ทำด้วยไม้ของอาคาร,805,0,2001-09-05T00:00:00,13,ตลิ่งชัน-สุพรรณบุรี,16220,14000000,จ3-34(2)-6/40นบ,02-9678196,-20120000625402-,100.4188667,530,530,122,1997-10-17T00:00:00,ยงวิวัฒน์ค้าไม้,บางม่วง,13.8391,วัดอัมพวัน,บางใหญ่,เลขที่ 39/1,15,2021-01-01T00:00:00,นนทบุรี,15,11140
363,"ทำวงกบ,บานประตู-หน้าต่าง,ไม้คิ้ว,ไม้บัว,เครื่องเรือน ของใช้ในบ้านเรือนทำด้วยไม้",297,0,2008-04-16T00:00:00,1,ติวานนท์,16220,2000000,จ3-34(2)-67/50นบ,081-9885993,-20120006725503-,100.54666,531,531,79.25,2007-09-06T00:00:00,ส.แสงทวีการช่าง,บ้านใหม่,13.94921,-,ปากเกร็ด,เลขที่ 76/19-20,9,2023-01-01T00:00:00,นนทบุรี,9,11120
6400,ทำวงกบ ขอบประตู-หน้าต่าง หรือส่วนประกอบที่ทำด้วยไม้ของอาคาร,1652,0,2002-07-10T00:00:00,8,ตลิ่งชัน-สุพรรณบุรี,16220,18650000,จ3-34(2)-7/40นบ,223-6431,-20120000725400-,100.3839667,532,532,120,1997-10-17T00:00:00,,ละหาร,13.97438333,,บางบัวทอง,เลขที่ 91,15,2022-01-01T00:00:00,นนทบุรี,15,11110
,ทำไม้ปาร์เก้ ไม้พื้น,0,1,2010-12-07T00:00:00,2,บางกรวย-ไทรน้อย,16220,14800000,จ3-34(2)-70/53นบ,0-2243-2746,-20120007025531-,100.35025,533,533,151,2010-08-06T00:00:00,บริษัท วีอาร์.ค้าไม้ จำกัด,ไทรน้อย,13.96951667,วัดคลองตาคล้าย,ไทรน้อย,เลขที่ 59/21,2,2020-01-01T00:00:00,นนทบุรี,3,11150
161,ผลิต วงกบ ประตู หน้าต่าง,150,0,2014-02-06T00:00:00,8,บางบัวทอง-บางปะอิน,16220,1800000,จ3-34(2)-73/56นบ,087 9250932,-20120007325568-,100.4120319,534,534,122.5,2013-07-31T00:00:00,ชวนการช่าง,ลำโพ,13.98437701,,บางบัวทอง,เลขที่ 99/99,9,2024-01-01T00:00:00,นนทบุรี,9,11110
1168,ทำวงกบ ขอบหน้าต่าง ขอบประตู บานหน้าต่าง บานประตู เครื่องเรือน เครื่องใช้และเครื่องตบแต่งภายอาคารโดยใช้ไม้แปรรูป,430,6,2010-07-28T00:00:00,1,,16220,1850000,จ3-34(2)-75/53นบ,0 2921 5944,-20120007525530-,,535,535,71,2010-06-30T00:00:00,ต้นสักการช่าง,ไทรม้า,,,เมืองนนทบุรี,เลขที่ 81/9,9,2020-01-01T00:00:00,นนทบุรี,15,11000
3200,ผลิตไม้คิ้ว ไม้บัว หรือส่วนประกอบที่ทำด้วยไม้ของอาคาร และเครื่องใช้จากไม้,375,0,2024-01-23T00:00:00,11,,16220,420000,จ3-34(2)-8/66นบ,935356978,-20120123025662-,100.308055,536,536,109,2023-10-08T00:00:00,-,ไทรใหญ่,14.076708,,ไทรน้อย,เลขที่ โฉนดที่ดินเลขที่ 33943,3,2029-01-01T00:00:00,นนทบุรี,3,11150
3668,ทำวงกบ ขอบประตู ขอบหน้าต่าง บานประตู บานหน้าต่าง และส่วนประกอบที่ทำด้วยไม้ของอาคาร,1486,5,2011-03-15T00:00:00,11,บางบัวทอง-สุพรรณบุรี,16220,24000000,จ3-34(2)-97/50นบ,081-8605959,-20120009725500-,100.4509,537,537,480,2007-01-08T00:00:00,บริษัท อิสรีย์ โปรวูดส์ จำกัด,คลองข่อย,13.96749,วัดสามง่าม,ปากเกร็ด,เลขที่ 30/1,30,2021-01-01T00:00:00,นนทบุรี,35,11120
12400,ทำไม้อัดประสานและเครื่องเรือนจากไม้,5400,32,,5,,16210,110000000,จ3-34(3)-8/59นบ,,-20120000825598-,100.462,538,538,334.5,2016-07-28T00:00:00,บริษัท บุญวู้ด จำกัด,คลองข่อย,13.9484,,ปากเกร็ด,เลขที่ ,16,,นนทบุรี,48,11000
1536,ไส ซอย เซาะร่อง ทำโต๊ะหมู่บูชา หีบศพ ลังไม้ วงกบ ขอบประตู ขอบหน้าต่าง บานหน้าต่าง บานประตู หรือส่วนประกอบที่ทำด้วยไม้ของอาคาร หรือ้ครื่องตกแต่งภายในอาคารจากไม้,1120,5,1996-09-23T00:00:00,1,ปทุมธานี-บางบัวทอง(สาย345),16230,11060000,จ3-36(1)-1/37นบ,4660311,-20120400125375-,100.4421833,539,539,293.58,1994-11-16T00:00:00,,ลำโพ,13.94796667,,บางบัวทอง,เลขที่ 27/5,22,2021-01-01T00:00:00,นนทบุรี,27,11110
6400,"ทำเครื่องใช้, กรอบรูป และเครื่องเรือนจากไม้",2322,0,2004-06-21T00:00:00,1,ไทรน้อย-ลาดบัวหลวง,16230,20000000,จ3-36(1)-1/42นบ,9219720-4,-20120200125427-,100.31205,540,540,196.5,1999-03-24T00:00:00,บริษัท เวิลด์คราฟท์ จำกัด,ราษฎร์นิยม,14.04316667,,ไทรน้อย,เลขที่ 54,2,2024-01-01T00:00:00,นนทบุรี,2,11150
0,ผลิตกล่องใส่แหวน เครื่องประดับ,0,13,2006-04-18T00:00:00,10,ราชพฤกษ์,16230,5000000,จ3-36(1)-1/46นบ,02-4352177,-20121100125467-,100.4686167,541,541,74.04,2003-03-31T00:00:00,บริษัท แอซเซท จิวเวล แพ็ค จำกัด,บางขนุน,13.8059,,บางกรวย,เลขที่ 70,6,2021-01-01T00:00:00,นนทบุรี,19,11130
900,ผลิตภาชนะบรรจุ เครื่องมือ หรือเครื่องใช้จากไม้,800,3,2024-08-29T00:00:00,11,,16230,3000000,จ3-36(1)-3/67นบ,,-20120069625673-,100.400473,542,542,254.4,2024-04-26T00:00:00,บริษัท อีโคไบโอพาเลท จำกัด,คลองข่อย,13.987749,,ปากเกร็ด,เลขที่ 29/17,5,2029-01-01T00:00:00,นนทบุรี,8,11120
3024,ผลิตกรอบรูปด้วยไม้ โลหะ และอื่นๆ,1224,80,2007-10-19T00:00:00,1,-,16291,13510000,จ3-36(4)-1/48นบ,02-4431122-5,-20120300125483-,100.488,543,543,154.5,2005-02-03T00:00:00,บริษัท เอส ไอ วู้ด จำกัด,บางสีทอง,13.8137,-,บางกรวย,เลขที่ 118,37,2022-01-01T00:00:00,นนทบุรี,117,11130
3597,ผลิตกรอบรูปไม้,1512,28,2007-10-19T00:00:00,1,-,16291,14036000,จ3-36(4)-2/48นบ,02-4431122-5,-20120100225483-,100.4880167,544,544,407.25,2005-08-03T00:00:00,บริษัท เอส ไอ วู้ด จำกัด,บางสีทอง,13.81371667,-,บางกรวย,เลขที่ 119,37,2022-01-01T00:00:00,นนทบุรี,65,11130
4800,ทำผลิตภัณฑ์วงกบ ประตู หน้าต่าง จากไม้,1288,10,2018-10-24T00:00:00,1,,31001,22700000,จ3-37-105/61นบ,,-20120010525618-,100.433365,545,545,53,2018-05-09T00:00:00,บริษัท เอ็มคิว ลีฟวิ่ง จำกัด,มหาสวัสดิ์,13.810273,,บางกรวย,เลขที่ 102,10,2023-01-01T00:00:00,นนทบุรี,20,11130
5200,"ทำเครื่องเรือน หรือเครื่องตบแต่งภายในอาคารจากไม้,ไม้คิ้ว,ไม้บัว",2100,0,1996-07-10T00:00:00,08จ,จันทร์ทองเอี่ยม,31001,11000000,จ3-37-11/38นบ,,-20120001125386-,100.3952667,546,546,125.12,1995-06-21T00:00:00,รุ่งโรจน์เฟอร์นิเจอร์,เสาธงหิน,13.89156667,,บางใหญ่,เลขที่ 2/6,19,2021-01-01T00:00:00,นนทบุรี,19,11140
3390,ทำเฟอร์นิเจอร์จากไม้,896,2,2006-04-01T00:00:00,9,ท่าน้ำนนท์-วัดสวนแก้ว,31001,18100000,จ3-37-12/46นบ,0-1832-0048,-20120001225467-,100.4759667,547,547,184.91,2003-12-25T00:00:00,บริษัท ขอ-ขีด จำกัด,บางกร่าง,13.84711667,,เมืองนนทบุรี,เลขที่ 149/3,26,2021-01-01T00:00:00,นนทบุรี,28,11000
0,ทำเครื่องเรือนหรือเครื่องตบแต่งภายในอาคารจากไม้ ไม้อัด ไม้อัดชานอ้อย,0,4,2023-06-28T00:00:00,4,บางกรวย-ไทรน้อย,31001,22000000,จ3-37-12/66นบ,02-1575842,-20120081825665-,,548,548,109.6,2023-05-23T00:00:00,บริษัท ไอยรา วินท์ โฮมโปรดักส์ จำกัด,บางบัวทอง,,แสงทอง 1,บางบัวทอง,เลขที่ 58/9,11,2028-01-01T00:00:00,นนทบุรี,15,11110
1600,ทำเครื่องเรือนจากไม้,1129,11,2016-06-23T00:00:00,5,แจ้งวัฒนะ,31001,7000000,จ3-37-122/58นบ,,-20120012225589-,100.5079459,549,549,97.6,2015-04-08T00:00:00,บริษัท เอส.บี.เฟอร์นิเจอร์เฮ้าส์ จำกัด,ปากเกร็ด,13.90660302,,ปากเกร็ด,เลขที่ 111,45,2021-01-01T00:00:00,นนทบุรี,56,11120
5583,ผลิตเฟอร์นิเจอร์ และครื่องตบแต่งภายในอาคารจากไม้,708,6,2017-12-13T00:00:00,4,บ้านกล้วย-ไทรน้อย,31001,20000000,จ3-37-122/59นบ,,-20120012225597-,100.3298912,550,550,74,2016-01-09T00:00:00,บริษัท เอ็กซ์คอน คอนสตรัคชั่น จำกัด,ไทรน้อย,13.96370031,,ไทรน้อย,เลขที่ 29/3,9,2022-01-01T00:00:00,นนทบุรี,15,11110
3200,ทำเครื่องเรือนจากไม้,1020,4,1997-06-18T00:00:00,6,ตลิ่งชัน-บางบัวทอง,31001,8000000,จ3-37-14/39นบ,02-4477740,-20120001425398-,100.3822833,551,551,75.7,1996-11-12T00:00:00,บริษัท พัฒนศิลป์รุ่งเรือง จำกัด,บางม่วง,13.82273333,วัดพระเงิน ,บางใหญ่,เลขที่ 44/10,13,2022-01-01T00:00:00,นนทบุรี,17,11140
3872,"ทำเฟอร์นิเจอร์,เครื่องเรือน,เครื่องประดับภายในบ้านเรือน",420,0,2012-08-10T00:00:00,6,ส่วนบุคคล,31001,1000000,จ3-37-143/54นบ,0-2420-6645,-20120014325544-,100.3206551,552,552,55.5,2011-11-07T00:00:00,บริษัท ดีเดคคอเรชั่น แอนด์ ดีซายน์ จำกัด,บ้านใหม่,13.83792153,,บางใหญ่,เลขที่ 7/7,12,2022-01-01T00:00:00,นนทบุรี,12,11140
5020,ประกอบเฟอร์นิเจอร์จากไม้,2183,6,2019-01-31T00:00:00,6,บางคูลัด-วัดพระเงิน,31001,50781939,จ3-37-150/61นบ,,-20120015025614-,100.371713,553,553,190.61,2018-11-27T00:00:00,บริษัท อินฟรา เดคอร์ จำกัด,บางม่วง,13.820375,,บางใหญ่,เลขที่ 63/23,17,2024-01-01T00:00:00,นนทบุรี,23,11140
1668,ทำเครื่องเรือน หรือเครื่องตกแต่งภายในจากไม้ แก้วยาง,450,0,2017-06-16T00:00:00,3,บางกรวย-ไทรน้อย,31001,6000000,จ3-37-151/59นบ,,-20120015125596-,100.3354461,554,554,63.5,2016-10-26T00:00:00,บริษัท มาร์ติกา เดคอร์ จำกัด,ไทรน้อย,13.97412782,,ไทรน้อย,เลขที่ 58/32,10,2022-01-01T00:00:00,นนทบุรี,10,11150
2784,ทำเเครื่องเรือนหรือเครื่องตบแต่งภายในอาคารจากไม้,990,0,,7,,31001,3800000,จ3-37-153/59นบ,,-20120015325592-,100.270312,555,555,65,2016-10-27T00:00:00,-,ไทรใหญ่,14.06508738,,ไทรน้อย,เลขที่ 45/1,10,,นนทบุรี,10,10540
12000,ทำเครื่องเรือนเฟอร์นิเจอร์ จากไม้ปาร์ติเกิล เช่น ตู้ เตียง โต๊ะเครื่องแป้ง,4320,23,2014-12-15T00:00:00,4,บ้านกล้วย-ไทรน้อย,31001,30000000,จ3-37-155/56นบ,818817220,-20120015525563-,100.323695,556,556,484,2013-01-08T00:00:00,บริษัท ดี.ดี.อุตสาหกรรมเครื่องเรือน (ประเทศไทย) จำกัด,ไทรน้อย,13.966881,,ไทรน้อย,เลขที่ 35/5,30,2024-01-01T00:00:00,นนทบุรี,53,11150
5540,ทำผลิตภัณฑ์เครื่องเรือน เช่น ที่นอน,2772,24,2016-12-04T00:00:00,1,,31001,40000000,จ3-37-157/56นบ,,-20120015725569-,100.3466107,557,557,25,2013-05-08T00:00:00,-,ไทรน้อย,13.95265279,,ไทรน้อย,เลขที่ 93,26,2021-01-01T00:00:00,นนทบุรี,50,11150
800,ทำเครื่องเรือนหรือเครื่องตบแต่งภายในอาคารจากไม้,336,1,2017-11-15T00:00:00,7,,31001,5800000,จ3-37-159/59นบ,,-20120015925599-,100.3842235,558,558,51.15,2016-11-14T00:00:00,บริษัท เอสเอ็มเอส เฟอร์นิเจอร์ จำกัด,ละหาร,13.97631845,,บางบัวทอง,เลขที่ 144/3,3,2022-01-01T00:00:00,นนทบุรี,4,11110
20812,ทำเครื่องเรือน และเครื่องตบแต่งภายในอาคารจากไม้,4953,3,2008-10-11T00:00:00,4,ตลิ่งชัน-สุพรรณบุรี,31001,37200000,จ3-37-186/50นบ,-,-20120018625501-,100.33261,559,559,76.5,2007-09-28T00:00:00,ปรีดาเอ็นเตอร์ไพรส์,ราษฎร์นิยม,14.11824,-,ไทรน้อย,เลขที่ 59,7,2023-01-01T00:00:00,นนทบุรี,10,11150
2178,ผลิตเครื่องใช้สำนักงานเครื่องตบแต่งภายในอาคารจากไม้,1488,24,2010-10-02T00:00:00,5,บางกรวย-ไทรน้อย,31001,17330589,จ3-37-195/52นบ,02-9037134-5,-20120019525528-,100.38489,560,560,126.8,2009-10-27T00:00:00,บริษัท เวิร์คสเคพ จำกัด,บางบัวทอง,13.94287,ราษฎร์ทูลเกล้า,บางบัวทอง,เลขที่ 55,27,2020-01-01T00:00:00,นนทบุรี,51,11110
7032,ทำเครื่องเรือน เครื่องตกแต่งภายในอาคารจากไม้ เช่น โต๊ะ เตียง เก้าอี้,1000,0,2021-05-24T00:00:00,6,,31001,69000000,จ3-37-2/64นบ,,-20120095325645-,100.467696,561,561,78.3,2021-04-02T00:00:00,บริษัท เอ พลัส เดดคอร์ จำกัด,คลองพระอุดม,13.938068,,ปากเกร็ด,เลขที่ 99/8,10,,นนทบุรี,10,11120
728,ทำเครื่องเรือนและเครื่องตบแต่งภายในอาคารจากไม้ เช่น เฟอร์นิเจอร์น็อคดาวน์,480,19,2010-04-01T00:00:00,2,345 (บางบัวทอง-บางคูวัด),31001,28400000,จ3-37-205/49นบ,025-258525-6,-20120020525491-,100.4312167,562,562,168.2,2006-08-21T00:00:00,บริษัท แกรมมาร์ เฟอร์นิเทค จำกัด,ลำโพ,13.95508333,-,บางบัวทอง,เลขที่ 29/111/1,39,2020-01-01T00:00:00,นนทบุรี,58,11110
25600,ทำเครื่องเรือน และชิ้นส่วนเครื่องเรือน,6000,45,2006-10-25T00:00:00,6,ไทรน้อย-วัดต้นเชือก,31001,103000000,จ3-37-206/49นบ,-,-20120020625499-,100.31555,563,563,376,2006-08-21T00:00:00,บริษัท พี.เอส.พี.เฟอร์นิเจอร์ แอนด์ ดีซายน์ จำกัด,ทวีวัฒนา,13.94253333,-,ไทรน้อย,เลขที่ 136,70,2022-01-01T00:00:00,นนทบุรี,115,11150
8000,ผลิตเฟอร์นิเจอร์ เช่น ตู้ เตียง,1344,8,2009-10-02T00:00:00,6,กาญจนาภิเษก ,31001,48400000,จ3-37-214/50นบ,0-2295-1225,-20120021425501-,100.39958,564,564,208.62,2007-12-11T00:00:00,บริษัท ลี วิคเตอร์ จำกัด,บางแม่นาง,13.87091,ประชาอุทิศ,บางใหญ่,เลขที่ 24/14-15,24,2024-01-01T00:00:00,นนทบุรี,32,11140
2952,ทำเครื่องเรือนหรือเครื่องตบแต่งภายในอาคารจากไม้,765,7,2007-02-04T00:00:00,3,,31001,15000000,จ3-37-218/47นบ,0-2243-4446,-20120021825478-,100.3714,565,565,75,2004-09-24T00:00:00,บริษัท เบทเทอร์วิว จำกัด,ศาลากลาง,13.81806667,,บางกรวย,เลขที่ 69/7,23,2022-01-01T00:00:00,นนทบุรี,30,11130
11024,ทำเครื่องเรือนจากไม้,2494,12,2006-02-10T00:00:00,2,เทศบาล 3,31001,17000000,จ3-37-230/49นบ,,-20120023025499-,100.35535,566,566,225,2006-04-09T00:00:00,บริษัท ริเวอร์ วูด จำกัด,บ้านใหม่,13.8426,-,บางใหญ่,เลขที่ 9,20,2021-01-01T00:00:00,นนทบุรี,32,11140
6072,ทำเครื่องเรือน เครื่องตบแต่งภายในอาคารจากไม้และวัสดุอื่นๆ,2035,3,2014-08-04T00:00:00,1,บางศรีเมือง,31001,44000000,จ3-37-238/56นบ,,-20120023825567-,100.475286,567,567,119.8,2013-11-27T00:00:00,บริษัท ธวัชชัยเฟอร์ไลน์ จำกัด,บางศรีเมือง,13.838743,,เมืองนนทบุรี,เลขที่ 112/114,22,2024-01-01T00:00:00,นนทบุรี,25,11000
,ผลิตเฟอร์นิเจอร์จากไม้,2054,15,2005-10-27T00:00:00,5,-,31001,29000000,จ3-37-251/48นบ,,-20120025125487-,100.3412,568,568,259,2005-07-13T00:00:00,บริษัท แอ็บโซลูท สไตล์ จำกัด,บางใหญ่,13.8318,-,บางใหญ่,เลขที่ 38/5,27,2020-01-01T00:00:00,นนทบุรี,42,11140
16000,ทำเครื่องเรือนจากไม้ปาร์ติเกิลบอร์ด,8544,20,2006-10-19T00:00:00,10,ไทรน้อย-ลาดบัวหลวง,31001,44000000,จ3-37-251/49นบ,,-20120025125495-,100.3122167,569,569,323.5,2006-09-25T00:00:00,บริษัท ออร์เรนจ์ เฟอร์นิเทค จำกัด,คลองขวาง,14.02186667,-,ไทรน้อย,เลขที่ 48-49,44,2021-01-01T00:00:00,นนทบุรี,64,11150
1170,ทำเครื่องตกแต่งภายในอาคารจากกระจก เช่น ประตู หน้าต่าง ห้องโชว์สินค้า และชั้นวางสินค้า,735,11,2014-02-14T00:00:00,5,บางกรวย-ไทรน้อย,31001,50000000,จ3-37-256/56นบ,29906465,-20120025625569-,100.37323,570,570,494.41,2013-12-25T00:00:00,บริษัท เอส.วี.อินเตอร์ กลาส จำกัด,บางบัวทอง,13.949662,,บางบัวทอง,"เลขที่ 38/7,8,9",41,2024-01-01T00:00:00,นนทบุรี,52,11110
1600,ทำเครื่องเรือนจากพาติเคิลบอร์ด,924,12,2006-10-02T00:00:00,2,-,31001,5200000,จ3-37-260/48นบ,02-527-2969,-20120026025488-,100.49195,571,571,178.66,2005-07-25T00:00:00,เอ็ม วี ดี เฟอร์นิเทค,ตลาดขวัญ,13.85551667,-,เมืองนนทบุรี,เลขที่ 54/62,13,2021-01-01T00:00:00,นนทบุรี,25,11000
8000,ผลิตโครงไม้โซฟา และโครงไม้เตียงนอน,2862,23,2016-05-06T00:00:00,10,ไทรน้อย-ลาดบัวหลวง,31001,10000000,จ3-37-28/59นบ,,-20120002825596-,100.3121589,572,572,139,2016-03-25T00:00:00,บริษัท เอสพีซี วู๊ด จำกัด,คลองขวาง,14.01086507,,ไทรน้อย,เลขที่ 15/9,76,2021-01-01T00:00:00,นนทบุรี,99,11150
1852,ผลิตเฟอร์นิเจอร์จากไม้,1874,11,2021-11-15T00:00:00,7,,31001,13930000,จ3-37-28/64นบ,,-20120380025645-,100.325637,573,573,125.29,2021-07-21T00:00:00,บริษัท ธันยพัทธ์ เฟอร์นิเทค แอนด์ โพสฟอร์มมิ่ง จำกัด,หนองเพรางาย,13.898455,,ไทรน้อย,เลขที่ 25/2,9,,นนทบุรี,20,11150
1600,ทำเครื่องเรือนและเครื่องตบแต่งภายในอาคารจากไม้,972,0,1996-04-16T00:00:00,4,บางกรวย-ไทรน้อย,31001,5500000,จ3-37-3/39นบ,01-9197597,-20120100325390-,100.38645,574,574,65,1996-02-15T00:00:00,บริษัท อาร์ดีเซีย จำกัด,บางบัวทอง,13.9379,เจริญสุข 1,บางบัวทอง,เลขที่ 55/29,8,2021-01-01T00:00:00,นนทบุรี,8,11110
6080,ทำเฟอร์นิเจอร์หรือเครื่องเรือนจากไม้,455,1,2003-11-27T00:00:00,6,เทิดพระเกียรติ,31001,137820000,จ3-37-3/45นบ,02 1471911-5,-20120000325458-,100.3764833,575,575,221,2002-02-18T00:00:00,บริษัท คีน คอนแทรคเตอร์ จำกัด,บางแม่นาง,13.84786667,,บางใหญ่,เลขที่ 64/13,36,2023-01-01T00:00:00,นนทบุรี,37,11140
3200,ทำเครื่องเรือนหรือเครื่องตกแต่งภายในอาคารจากไม้,1000,42,2006-03-16T00:00:00,7,,31001,24000000,จ3-37-3/49นบ,0-2641-8018-9,-20120000325490-,100.44715,576,576,192.5,2006-09-01T00:00:00,บริษัท บี.เอส.เอ.มาสเตอร์ จำกัด,คลองข่อย,13.96113333,,ปากเกร็ด,เลขที่ 19/7,42,2021-01-01T00:00:00,นนทบุรี,84,11120
10728,ผลืตเครื่องเรือนและเครื่องตบแต่งภายในอาคารจากไม้,2907,24,2020-09-25T00:00:00,4,,31001,152000000,จ3-37-31/59นบ,,-20120003125590-,100.4444,577,577,339.23,2016-03-30T00:00:00,บริษัท ฉัตรนภารัตน์ เดคคอร์เรชั่น จำกัด,บางพลับ,13.9284,,ปากเกร็ด,เลขที่ 81,35,,นนทบุรี,59,11110
7664,ทำเครื่องเรือนหรือเครื่องตบแต่งภายในอาคารรวมทั้งชิ้นส่วนจากไม้,1890,15,2010-11-29T00:00:00,2,สายหมู่ที่ 2 หมู่ที่ 3,31001,24800000,จ3-37-37/53นบ,081-8014168,-20120003725530-,100.33274,578,578,257.55,2010-02-25T00:00:00,ผาสุกวิสชั่น,ราษฎร์นิยม,14.12113,-,ไทรน้อย,เลขที่ 30/1,15,2020-01-01T00:00:00,นนทบุรี,30,11150
14940,ทำเครื่องเรือนหรือเครื่องตกแต่งภายในอาคารจากไม้,1483,3,2016-05-17T00:00:00,13,,31001,1200000,จ3-37-37/59นบ,02 9259080,-20120003725597-,100.4155,579,579,51.12,2016-04-19T00:00:00,บริษัท เอ็ม.โอ.เดคแอนด์คอนสตรัคชั่น จำกัด,บางบัวทอง,13.9332,,บางบัวทอง,เลขที่ 4,15,2021-01-01T00:00:00,นนทบุรี,18,11110
5100,ผลิตชิ้นส่วนเฟอร์นิเจอร์ ได้แก่ ส่วนประกอบของโต๊ะและตู้ เช่น หน้าโต๊ะ ด้านข้างโต๊ะ ผนังของชั้นวางของ หรือส่วนประกอบอื่น ๆ ที่มีลักษณะเป็นแผ่นฯลฯ,5100,176,2001-11-06T00:00:00,4,ฤชุพันธ์,31001,195000000,จ3-37-4/44นบ,9855433-42,-20120000425449-,100.3105167,580,580,485,2001-03-05T00:00:00,บริษัท เอ็น.ซี.-พลาย จำกัด,ไทรใหญ่,14.11993333,-,ไทรน้อย,เลขที่ 39/4,8,2021-01-01T00:00:00,นนทบุรี,184,11150
1004,ผลิตเฟอร์นิเจอร์,350,5,2022-04-04T00:00:00,8,ฤชุพันธ์,31001,7218750,จ3-37-4/63นบ,29855457,-20120013525631-,100.3263884,581,581,100.36,2020-01-17T00:00:00,บริษัท พาเนล ควอลิตี้ จำกัด,ราษฎร์นิยม,14.1180936,,ไทรน้อย,เลขที่ 70/1,12,,นนทบุรี,17,11150
17040,ทำเครื่องเรือนหรือเครื่องตบแต่งภายในอาคารจากไม้,2512,4,2016-05-28T00:00:00,12,บางกรวย-ไทรน้อย,31001,20000000,จ3-37-44/59นบ,0 2903 6263,-20120004425593-,100.3868841,582,582,349.8,2016-04-29T00:00:00,บริาัท นิทัศน์ เฟอร์นิเจอร์ จำกัด,บางบัวทอง,13.9513643,,บางบัวทอง,เลขที่ 56/1,40,2021-01-01T00:00:00,นนทบุรี,44,11110
3200,ทำเครื่องเรือนหรือเครื่องตบแต่งภายในอาคารจากไม้,600,5,2021-03-15T00:00:00,9,,31001,4500000,จ3-37-48/63นบ,,-20120268825637-,100.439482,583,583,71,2020-07-12T00:00:00,บริษัท แอคทีฟ เดคคอร์ จำกัด,คลองข่อย,13.972645,,ปากเกร็ด,เลขที่ 15/5,15,,นนทบุรี,20,11120
4620,ทำเครื่องเรือนจากไม้,1704,8,1994-11-04T00:00:00,9,รัตนาธิเบศร์,31001,11100000,จ3-37-5/36นบ,,-20120000525362-,100.5144167,584,584,164.94,1993-06-28T00:00:00,ห้างหุ้นส่วนจำกัด ไทยอุดมพัฒนา เฟอร์นิเจอร์,ท่าอิฐ,13.89841667,วัดท่าอิฐ,ปากเกร็ด,เลขที่ 55,13,2024-01-01T00:00:00,นนทบุรี,21,11120
413,ทำเครื่องเรือนจากไม้และโลหะ,413,8,2000-06-26T00:00:00,3,บางกรวย-ไทรน้อย,31001,5250000,จ3-37-5/43นบ,02-5712642-3,-20120000525438-,100.3941,585,585,76.55,2000-05-25T00:00:00,บริษัท ชัยโยคอนสตรัคชั่น แอนด์ อินทีเรีย ดีไซน์ จำกัด,บางบัวทอง,13.93443333,สนเพชร,บางบัวทอง,เลขที่ 99/1,4,2020-01-01T00:00:00,นนทบุรี,12,11110
1600,ผลิตเฟอร์นิเจอร์จากไม้,840,0,2017-07-17T00:00:00,2,ราชพฤกษ์,31001,9000000,จ3-37-51/60นบ,,-20120005125606-,100.455586,586,586,84,2017-07-06T00:00:00,บริษัท ราชพฤกษ์ ดีไซน์ จำกัด,บางพลับ,13.920123,บางพลับ 3,ปากเกร็ด,เลขที่ 59,20,2022-01-01T00:00:00,นนทบุรี,20,11120
1600,ทำเครื่องเรือนจากไม้,756,0,2023-09-18T00:00:00,9,บางบัวทอง-สุพรรณบุรี,31001,8400000,จ3-37-54/62นบ,865585899,-20120183525627-,100.4007344,587,587,86.42,2019-07-22T00:00:00,-,ละหาร,13.96120125,,บางบัวทอง,เลขที่ โฉนดเลขที่174856,4,2028-01-01T00:00:00,นนทบุรี,4,11110
1716,ทำเครื่องเรือนหรือเครื่องตบแต่งภายในอาคารและชิ้นส่วนจากไม้,960,9,2010-04-19T00:00:00,2,ทางหลวงหมายเลข 345,31001,28000000,จ3-37-56/53นบ,02-5258530-1,-20120005625530-,100.42997,588,588,72.22,2010-03-22T00:00:00,บริษัท วิลลา วดี อินเตอร์เนชั่นแนล จำกัด,ลำโพ,13.95468,-,บางบัวทอง,เลขที่ 55/50-51,17,2020-01-01T00:00:00,นนทบุรี,26,11110
1251,ทำเครื่องเรือนหรือเครื่องตบแต่งภายในอาคารจากไม้ แก้ว ยาง และอโลหะอื่นๆ,766,9,2013-07-26T00:00:00,3,บางกรวย-ไทรน้อย,31001,29740000,จ3-37-59/55นบ,0 2920 5142-3,-20120005925559-,100.430026,589,589,354.4,2012-08-03T00:00:00,บริษัท ฉัตรนภารัตน์ เดคคอร์เรชั่น จำกัด,บางรักพัฒนา,13.887994,,บางบัวทอง,"เลขที่ 333/84-86,169/8",50,2023-01-01T00:00:00,นนทบุรี,59,11110
5670,ทำเฟอร์นิเจอร์ เครื่องเรือน วงกบ ประตู-หน้าต่าง,2100,5,1994-06-18T00:00:00,9,เกษตรอุดม,31001,2000000,จ3-37-6/37นบ,02-9260511,-20120100625377-,100.4452,590,590,323.25,1994-04-26T00:00:00,บริษัท เดอะ คลาสสิค แชร์ส จำกัด,คลองข่อย,13.97168333,,ปากเกร็ด,เลขที่ 6,43,2024-01-01T00:00:00,นนทบุรี,48,11120
1712,ทำเครื่องเรือนจากหนังและไม้ เช่น โซฟา,1712,40,2003-01-12T00:00:00,5,รัตนาธิเบศร์,31001,1350000,จ3-37-6/43นบ,02-9655300-1,-20120000625436-,100.4968833,591,591,34.13,2000-12-13T00:00:00,บริษัท ซิมเมจ โมชั่น จำกัด,บางกระสอ,13.86236667,-,เมืองนนทบุรี,เลขที่ 96/8,30,2023-01-01T00:00:00,นนทบุรี,70,11000
15652,ทำเครื่องเรือนจากไม้ เช่น ตู้เสื้อผ้า เตียงนอน ตู้วางทีวี ตู้วางหนังสือฯ,2700,55,2002-06-13T00:00:00,8,บ้านหนองพราย-ไทรน้อย,31001,16000000,จ3-37-6/44นบ,,-20120000625444-,100.31885,592,592,338.48,2001-07-19T00:00:00,บริษัท ตรีศิลป์เฟอร์นิเจอร์ (1999) จำกัด,ทวีวัฒนา,13.92,วัดเสนีย์วงศ์,ไทรน้อย,เลขที่ 22/4,50,2022-01-01T00:00:00,นนทบุรี,105,11150
18400,ทำเครื่องใช้ เครื่องสังฆภัณฑ์รวมถึงส่วปนระกอบของเครื่องใช้หร,17000,20,1996-11-26T00:00:00,2,ร.พ.ช.สาายบ้านราษฎร์นิยม,31001,77000000,จ3-37-7/38นบ,,-20120000725384-,100.3248833,593,593,484.76,1995-03-22T00:00:00,บริษัท ทองเจริญ (1993) จำกัด,ราษฎร์นิยม,14.08108333,,ไทรน้อย,เลขที่ 17/5,23,2021-01-01T00:00:00,นนทบุรี,43,11150
4100,ทำเครื่องเรือนจากไม้ เช่น โต๊ะ ตู้ เตียง ชั้นวางของ ฯลฯ,2968,0,2004-09-08T00:00:00,4,บางกรวย-ไทรน้อย,31001,20000000,จ3-37-7/46นบ,,-20120000725467-,100.3884,594,594,590.5,2003-09-23T00:00:00,บริษัท ศรีไทยคลาสสิคโฮม จำกัด,บางบัวทอง,13.93461667,-,บางบัวทอง,เลขที่ 99/100,110,2024-01-01T00:00:00,นนทบุรี,110,11110
1620,ผลิตเฟอร์นิเจอร์จากไม้,705,2,2022-01-07T00:00:00,5,,31001,5300000,จ3-37-7/65นบ,970699612,-20120049025655-,,595,595,115,2022-03-21T00:00:00,เพอร์เฟค เฟอร์นิเจอร์,ราษฎร์นิยม,,,ไทรน้อย,เลขที่ 98,5,2027-01-01T00:00:00,นนทบุรี,7,11150
5850,ผลิตเฟอร์นิเจอร์จากไม้อัด ไม้ MDF และไม้พาติเคิลบอร์ด,1200,9,2015-07-27T00:00:00,1,ไทรน้อย-ลาดบัวหลวง,31001,2500000,จ3-37-70/58นบ,,-20120007025580-,100.311335,596,596,120,2015-07-05T00:00:00,บริษัท โรแมนติค โฮม (ประเทศไทย) จำกัด,ราษฎร์นิยม,14.04277759,,ไทรน้อย,เลขที่ 19/3,7,2020-01-01T00:00:00,นนทบุรี,16,11150
2880,ทำเครื่องเรือนจากไม้ เช่น โต๊ะคอมพิวเตอร์,2100,10,2007-05-28T00:00:00,4,บ้านกล้วย-ไทรน้อย,31001,8800000,จ3-37-71/50นบ,02-9224424,-20120007125505-,100.3700333,597,597,98.75,2007-04-25T00:00:00,ยริษัท ไทยออฟฟิศโปร จำกัด,ไทรน้อย,13.95243333,-,ไทรน้อย,เลขที่ 39/4,25,2022-01-01T00:00:00,นนทบุรี,35,11150
1600,ทำเครื่องตกแต่งภายในอาคารจากไม้,360,5,2017-09-18T00:00:00,7,กาญจนาภิเษก,31001,9000000,จ3-37-71/60นบ,,-20120007125604-,100.2448,598,598,53,2017-07-19T00:00:00,บริษัท ดับเบิ้ลยู คาร์เพนเตอร์ จำกัด,ลำโพ,13.588,เลทวิล 9-ลำโพ 33,บางบัวทอง,เลขที่ 98/1,5,2022-01-01T00:00:00,นนทบุรี,10,11110
113536,ทำชิ้นส่วนของเครื่องเรือนหรือเครื่องตบแต่งภายในอาคารจากกระดาษ เช่น กระดาษเมลามีนปิดผิว,7128,5,2012-06-25T00:00:00,8,ฤชุพันธุ์,31001,141000000,จ3-37-75/54นบ,,-20120007525548-,100.3115917,599,599,406.24,2011-04-27T00:00:00,บริษัท สยาม เปเปอร์ เดคคอร์ จำกัด,ราษฎร์นิยม,14.11997448,,ไทรน้อย,เลขที่ 88,10,2022-01-01T00:00:00,นนทบุรี,15,11150
2182,ผลิตเครื่องเรือนจากไม้ เช่น ตู้เอกสาร โต๊ะ เก้าอี้,468,3,2019-10-24T00:00:00,4,,31001,5000000,จ3-37-77/62นบ,,-20120259525626-,100.3867277,600,600,92.34,2019-07-10T00:00:00,ห้างหุ้นส่วนจำกัด สุรเชษฐ์การก่อสร้าง,บางบัวทอง,13.93666988,,บางบัวทอง,เลขที่ โฉนดเลขที่ 65463 65464,15,2024-01-01T00:00:00,นนทบุรี,18,11110
2790,ผลิตเครื่องเรือนจากไม้ และผลิตวงกบ บานประตู บานหน้าต่าง,900,6,2021-05-31T00:00:00,5,,31001,18500000,จ3-37-78/62นบ,,-20120261125621-,100.4901318,601,601,174,2019-08-10T00:00:00,บริษัท แสงพูลชัย จำกัด,บางไผ่,13.81780369,,เมืองนนทบุรี,เลขที่ 153/2,18,,นนทบุรี,24,11000
800,ทำเฟอร์นิเจอร์ไม้,576,3,1994-06-15T00:00:00,8,ติวานนท์,31001,3150000,จ3-37-8/36นบ,,-20120000825366-,100.5178333,602,602,71,1993-09-21T00:00:00,,บางพูด,13.9233,สมเอก,ปากเกร็ด,เลขที่ 88/31,13,2024-01-01T00:00:00,นนทบุรี,16,11120
,ทำเครื่องเรือนและเฟอร์นิเจอร์จากไม้,0,0,2010-12-21T00:00:00,4,บางกรวย-ไทน้อย,31001,1000000,จ3-37-8/46นบ,,-20120000825465-,100.3876667,603,603,139.5,2003-09-30T00:00:00,บริษัท จูรี่ เฟอร์นิเจอร์ จำกัด,บางบัวทอง,13.93058333,,บางบัวทอง,เลขที่ 99/55,18,2020-01-01T00:00:00,นนทบุรี,18,11110
2415,ผลิตเฟอร์นิเจอร์,360,0,2020-12-14T00:00:00,2,ราชพฤกษ์,31001,11000000,จ3-37-8/60นบ,,-20120000825606-,100.4500906,604,604,142.5,2017-01-13T00:00:00,บริษัท ศิลป์ไทย-จีนเฟอร์นิเจอร์ จำกัด,บางพลับ,13.9179522,,ปากเกร็ด,เลขที่ 84/1,10,,นนทบุรี,10,11000
1740,ทำเครื่องเรือนจากไม้,400,2,2017-09-15T00:00:00,11,,31001,15000000,จ3-37-80/60นบ,08 5297 9098,-20120008025605-,100.413319,605,605,57.8,2017-08-08T00:00:00,บริษัท เอ็นทีที อินเท็นซ จำกัด,คลองข่อย,13.986031,,ปากเกร็ด,เลขที่ 3/21,4,2022-01-01T00:00:00,นนทบุรี,6,11120
2880,ผลิตราวผ้าม่านและชิ้นส่วนจากไม้,410,5,2012-06-25T00:00:00,7,บ้านกล้ว-ไทรน้อย,31001,9500000,จ3-37-82/55นบ,,-20120008225551-,100.359169,606,606,96,2012-03-30T00:00:00,บริษัท พรรณวิจิตร จำกัด,พิมลราช,13.935846,,บางบัวทอง,เลขที่ 126/1,6,2022-01-01T00:00:00,นนทบุรี,11,11110
2884,ทำเฟอร์นิเจอร์เครื่องเรือน เครื่องตบแต่งภายในอาคารจากไม้ โดยไม่มีโลหะหรืออโลหะเป็นชิ้นส่วนประกอบผลิตภัณฑ์ดังกล่าว,300,10,2020-03-16T00:00:00,2,,31001,38400000,จ3-37-86/62นบ,20546892,-20120295025623-,100.3104416,607,607,132,2019-11-15T00:00:00,บริษัท จำรัสร่วมใจ จำกัด,ไทรใหญ่,14.08098592,,ไทรน้อย,"เลขที่ โฉนดเลขที่ 25451,25452",36,,นนทบุรี,46,11150
4800,ทำเครื่องเรือนจากไม้,1584,5,1996-01-03T00:00:00,4,สุขาภิบาล 6,31001,6300000,จ3-37-9/37นบ,,-20120000925372-,100.3249833,608,608,323.73,1994-05-20T00:00:00,ไทยอุดมเฟอร์นิเจอร์,ไทรน้อย,13.9676,,ไทรน้อย,เลขที่ 35/3,20,2021-01-01T00:00:00,นนทบุรี,25,11150
2080,ผลิตเฟอร์นิเจอร์ เช่น โต๊ะ ตู้ เตียง ชั้นวาง,2080,10,2004-06-20T00:00:00,11,บางกรวย-ไทรน้อย,31001,13000000,จ3-37-9/45นบ,02-9036466-8,-20120000925455-,100.3723833,609,609,398,2002-10-14T00:00:00,บริษัท เอส.เอ็น อีเล็คทริค กรุ๊ป อินดัสเตรียล จำกัด,บางบัวทอง,13.95095,,บางบัวทอง,เลขที่ 79/1,13,2024-01-01T00:00:00,นนทบุรี,23,11110
11328,ผลิตเครื่องเรือนหรือเครื่องตบแต่งภายในอาคารจากไม้,7000,22,,5,,31001,67000000,จ3-37-96/59นบ,,-20120009625593-,100.462,610,610,194,2016-07-28T00:00:00,บริษัท เคแซด วู้ด จำกัด,คลองข่อย,13.9484,,ปากเกร็ด,เลขที่ ,12,,นนทบุรี,34,73140
1200,ผลิตกล่องกระดาษ,810,11,2016-01-25T00:00:00,5,กาญจนาภิเษก,17020,34000000,จ3-39-1/55นบ,,-20120100125550-,100.3981652,611,611,299,2012-05-30T00:00:00,บริษัท ที.ที อุตสาหกรรมบรรจุภัณฑ์ จำกัด,บางม่วง,13.84286027,กันตนา,บางใหญ่,เลขที่ 7/19,7,2021-01-01T00:00:00,นนทบุรี,18,11140
3832,ผลิตกล่องกระดาษ,2400,13,2004-11-10T00:00:00,4,ตลิ่งชัน-สุพรรณบุรี,17020,16500000,จ3-39-11/47นบ,0-2886-7520-1,-20120001125477-,100.3984833,612,612,125,2004-07-23T00:00:00,บริษัท เอ็น.พี.อุตสาหกรรมกล่องกระดาษ จำกัด,บางม่วง,13.84603333,,บางใหญ่,เลขที่ 47/9,15,2024-01-01T00:00:00,นนทบุรี,28,11140
540,โรงงานผลิตภาชนะบรรจุจากกระดาษ,540,0,2021-11-15T00:00:00,1,บางบัวทอง-ปทุมธานี,17020,22000000,จ3-39-11/64นบ,2149081011,-20120417525641-,100.4795126,613,613,98,2021-03-09T00:00:00,บริษัท เดอะวัน คอนเทนเนอร์ จำกัด,บางตะไนย์,13.95589855,,ปากเกร็ด,เลขที่ 88/16,0,,นนทบุรี,0,11120
3437,"ผลิตบรรจุภัณฑ์จากกระดาษ,ตัดกระดาษทุกชนิด",1638,5,,5,,17020,61000000,จ3-39-11/65นบ,22212396,-20120134925652-,,614,614,215,2022-10-08T00:00:00,บริษัท ไทยซุ่นเฮง คราฟท์ จำกัด,บางแม่นาง,,,บางใหญ่,เลขที่ โฉนดเลขที่ 70674,25,,นนทบุรี,30,11140
6030,ผลิตภาชนะบรรจุจากกระดาษ เช่น กล่องกระดาษ ฯลฯ,2762,8,2014-10-30T00:00:00,7,ทางหลวงแผ่นดินหมายเลข 345,17020,100000000,จ3-39-12/57นบ,,-20120001225574-,100.452833,615,615,465.39,2014-09-09T00:00:00,บริษัท พี เอ็น พี บรรจุภัณฑ์ จำกัด,คลองข่อย,13.96011759,สหกรณ์การเกษตรปากเกร็ด,ปากเกร็ด,เลขที่ 14/9,8,2024-01-01T00:00:00,นนทบุรี,16,11120
5872,ผลิตบรรจุภัณฑ์จากกระดาษ,2250,60,2017-04-01T00:00:00,5,,17020,66000000,จ3-39-13/59นบ,,-20120001325598-,100.4209,616,616,148.64,2016-11-14T00:00:00,บริษัท ซีรี่ไบรท์ จำกัด,ลำโพ,13.9738,ลำโพ 33,บางบัวทอง,เลขที่ 69,40,2022-01-01T00:00:00,นนทบุรี,100,11110
4085,ผลิตกล่องกระดาษลูกฟูกทุกชนิด,1839,5,2023-08-08T00:00:00,7,-,17020,30000000,จ3-39-13/66นบ,02-1499400,-20120081725667-,100.363509,617,617,102,2023-05-22T00:00:00,บริษัท พีแอนด์เอส สยามบรรจุภัณฑ์ จำกัด,บางคูรัด,13.882507,-,บางบัวทอง,เลขที่ 6/5,6,2028-01-01T00:00:00,นนทบุรี,11,11110
3804,ทำกล่องบรรจุสินค้าจากกระดาษ และพิมพ์สิ่งพิมพ์ต่าง ๆ ตามคำสั่งลูกค้า,1212,17,2014-10-20T00:00:00,15,กาญจนาภิเษก,17020,70000000,จ3-39-15/54นบ,,-20120001525544-,100.371253,618,618,594.22,2011-05-10T00:00:00,บริษัท เค เอส พี พริ้นท์ติ้ง แอนด์ แพ็คเก็จจิ้ง จำกัด,บางม่วง,13.82335219,วัดพระเงิน,บางใหญ่,เลขที่ 57/19,28,2024-01-01T00:00:00,นนทบุรี,45,11140
1600,ผลิตกล่องจากกระดาษทุกชนิด และสื่อสิ่งพิมพ์ต่างๆ,1536,4,2020-06-27T00:00:00,9,,17020,26800000,จ3-39-18/61นบ,,-20120201825611-,100.440264,619,619,272.25,2018-12-10T00:00:00,ห้างหุ้นส่วนจำกัด ธีรเบียบ เคทอง,คลองข่อย,13.972258,,ปากเกร็ด,เลขที่ 12/7,13,,นนทบุรี,17,11130
4800,ทำกล่องกระดาษลูกฟูก,1296,16,1996-01-30T00:00:00,2,บางกรวย-ไทรน้อย,17020,3400000,จ3-39-2/37นบ,9240580,-20120100225376-,100.4311333,620,620,78,1994-07-06T00:00:00,บริษัท บรรเจิดบรรจุภัณฑ์ จำกัด,พิมลราช,13.91318333,เทศบาล 2,บางบัวทอง,เลขที่ 134,30,2021-01-01T00:00:00,นนทบุรี,46,11110
8800,ผลิตกล่องกระดาษ,1764,10,2004-08-06T00:00:00,5,-,17020,38000000,จ3-39-2/47นบ,-,-20120100225475-,100.40305,621,621,203,2004-07-04T00:00:00,บริษัท มหพงษ์บรรจุภัณฑ์ จำกัด,บางม่วง,13.84196667,-,บางใหญ่,เลขที่ 24/2,32,2024-01-01T00:00:00,นนทบุรี,42,11140
15132,ผลิตกล่องกระดาษลูกฟูก,1296,30,1992-10-22T00:00:00,3,วัดเตย-ประตูน้ำพระอุดม,17020,22000000,จ3-39-3/35นบ,02-5017100-7,-20120000325359-,100.4819167,622,622,511.79,1997-01-14T00:00:00,บริษัท โทอิทสึ แพคเกจ จำกัด,คลองพระอุดม,13.92913333,,ปากเกร็ด,เลขที่ 56/4,30,2022-01-01T00:00:00,นนทบุรี,60,11120
0,ผลิตกล่องกระดาษ,0,17,2010-05-07T00:00:00,5,กาญจนาภิเษก,17020,0,จ3-39-5/53นบ,,-20120100525536-,100.39961,623,623,1216.04,2010-03-05T00:00:00,บริษัท เอสเอ็นพี เปเปอร์บ๊อกซ์ จำกัด,บางม่วง,13.84557,กันตนา,บางใหญ่,เลขที่ 7/18,20,2020-01-01T00:00:00,นนทบุรี,37,11140
3200,ทำภาชนะบรรจุจากกระดาษ เช่น ถุงกระดาษขนาดต่าง ๆ,950,40,2012-02-11T00:00:00,5,กาญจนาภิเษก,17020,39680000,จ3-39-5/55นบ,0 2158 4788-9,-20120000525552-,100.4151427,624,624,93.64,2012-08-08T00:00:00,บริษัท ซีรี่ไบรท์ จำกัด,ลำโพ,13.97687142,,บางบัวทอง,เลขที่ 55/59,28,2022-01-01T00:00:00,นนทบุรี,68,11110
1500,ผลิตภาชนะบรรจุจากกระดาษทุกชนิด และพิมพ์สิ่งพิมพ์ต่างๆ,540,13,,6,,17020,13250000,จ3-39-5/64นบ,22824264,-20120283025643-,100.33206,625,625,102.5,2021-04-27T00:00:00,-,ศาลากลาง,13.81711,นุ่มประสงค์ 2,บางกรวย,เลขที่ โฉนดเลขที่ 80317 80319,5,,นนทบุรี,18,11130
2112,ฆ่าสัตว์,276,0,2017-10-19T00:00:00,9,เลียบคลองลำรี,10111,2550000,จ3-4(1)-26/60นบ,086-0606411,-20120002625608-,100.415753,626,626,225.14,2017-08-31T00:00:00,เอ็มเอ็นฟู้ด,ละหาร,13.936346,,บางบัวทอง,เลขที่ 7,4,2022-01-01T00:00:00,นนทบุรี,4,11110
17993,ฆ่าสัตว์ และตัดแต่งเนื้อสัตว์,1466,20,2021-01-10T00:00:00,8,,10111,131000000,จ3-4(1)-6/64นบ,,-20120284225648-,100.407895,627,627,353.2,2021-04-28T00:00:00,บริษัท บ้านหมู เฟรชมาร์ท จำกัด,บ้านใหม่,13.901878,,บางใหญ่,เลขที่ 79/1,23,,นนทบุรี,43,11140
4800,ทำอาหารสำเร็จรูปจากเนื้อสัตว์ เช่น ไส้กรอก แฮม เบคอน หมูหมัก หมูสไลด์แผ่นบางและอาหารสำเร็จรูปแช่แข็ง,864,19,2012-06-01T00:00:00,2,ราชพฤกษ์,10131,73000000,จ3-4(2)-4/54นบ,24233160,-20120000425548-,100.4504066,628,628,303.91,2011-12-15T00:00:00,บริษัท 333 โฟรเซ่น ฟู้ด จำกัด,บางขนุน,13.808894,,บางกรวย,เลขที่ 444,21,2022-01-01T00:00:00,นนทบุรี,40,11130
1411,อบหรือนึ่งแมลงปรุงรสบรรจุในภาชนะที่ผนึกอากาศเข้าไม่ได้,944,15,2016-12-02T00:00:00,2,บางกรวย-ไทรน้อย,10131,30000000,จ3-4(2)-4/58นบ,02 9207708,-20120000425589-,100.4427244,629,629,353.74,2015-08-26T00:00:00,บริษัท สไมล์ บูล มาร์เก็ตติ้ง จำกัด,บางรักใหญ่,13.88835833,,บางบัวทอง,เลขที่ 48/90-92,5,2021-01-01T00:00:00,นนทบุรี,20,11110
5040,ทำอาหารจากเนื้อสัตว์ เช่น ลูกชิ้น ไส้กรอก,998,10,2011-09-29T00:00:00,5,บางบัวทอง-สุพรรณบุรี,10139,10500000,จ3-4(3)-17/53นบ,081-9871394,-20120001725532-,100.43089,630,630,427.87,2010-12-22T00:00:00,อาภรณ์ฟู้ดส์,ละหาร,13.9652,,บางบัวทอง,เลขที่ 99/99,35,2021-01-01T00:00:00,นนทบุรี,45,11110
4800,ผลิตอาหารจากเนื้อสัตว์ เช่น ลูกชิ้น หมูยอ หมูกระเทียม,920,7,2017-05-31T00:00:00,10,,10139,30000000,จ3-4(3)-19/59นบ,02-1569607,-20120001925595-,100.4282,631,631,161,2016-09-26T00:00:00,คมไทยฟู๊ด,คลองข่อย,13.9767,บางเพ็ง,ปากเกร็ด,เลขที่ 20/22,8,2022-01-01T00:00:00,นนทบุรี,15,11120
1328,ทำไส้กรอกหมู ไก่,308,28,2011-06-07T00:00:00,1,ไทรม้า-บางรักน้อย-ท่าอิฐ,10139,10000000,จ3-4(3)-2/54นบ,,-20120000225542-,100.459543,632,632,157.8,2011-06-15T00:00:00,บริษัท นายฮั่ง อินเตอร์ฟู้ดส์ จำกัด,ไทรม้า,13.887193,พิศสุวรรณ,เมืองนนทบุรี,เลขที่ 57/47,3,2021-01-01T00:00:00,นนทบุรี,31,11000
41452,ทำลูกชิ้น ไส้กรอก และทอดมันจากเนื้อสัตว์ และผลิตภัณฑ์จากเนื้อสัตว์อื่น ๆ,5880,45,2010-05-01T00:00:00,10,บางรักใหญ่-บ้านใหม่,10139,102000000,จ3-4(3)-22/48นบ,02-1918871-2,-20120002225482-,100.4069167,633,633,493.4,2005-09-11T00:00:00,บริษัท ก.แสนไทย ฟู๊ด จำกัด,บางแม่นาง,13.87973333,-,บางใหญ่,เลขที่ 17/17,15,2020-01-01T00:00:00,นนทบุรี,60,11140
4800,ผลิตไส้กรอกอีสาน แหนม ไส้อั่ว หมูยอ ,800,23,2021-09-13T00:00:00,6,,10139,63000000,จ3-4(3)-5/64นบ,,-20120383725647-,100.392274,634,634,410.08,2021-07-27T00:00:00,บริษัท คิงซอสเซจ จำกัด,บางม่วง,13.833049,,บางใหญ่,เลขที่ 41/7,22,,นนทบุรี,45,11140
396,ผลิตลูกชิ้นจากเนื้อวัว เนื้อหมูและเนื้อไก่,270,6,2004-09-18T00:00:00,11,-,10139,3000000,จ3-4(6)-1/46นบ,0-1805-8557,-20120000125460-,100.3549667,635,635,95.24,2003-09-18T00:00:00,-,บ้านใหม่,13.87211667,คลองถนน,บางใหญ่,เลขที่ 1/8,6,2024-01-01T00:00:00,นนทบุรี,12,11140
868,อัดกระดาษ,135,2,2002-12-02T00:00:00,5,ตลิ่งชัน-สุพรรณบุรี,23991,1700000,จ3-40(1)-1/45นบ,0-2903-3060,-20120300125459-,100.38855,636,636,52,2002-10-01T00:00:00,บริษัท พร้อมมิตร รีไซเคิล แอนด์ ซัพพลาย จำกัด,เสาธงหิน,13.87293333,แก้วอินทร์,บางใหญ่,เลขที่ 65/14,3,2022-01-01T00:00:00,นนทบุรี,5,11140
6400,อัดเศษกระดาษทุกชนิด,2160,2,2015-04-20T00:00:00,8,,23991,8870000,จ3-40(1)-1/58นบ,08 1617 3789,-20120100125584-,100.3852372,637,637,145,2015-12-03T00:00:00,บริษัท จินดา ซัพพลาย จำกัด,เสาธงหิน,13.89435837,,บางใหญ่,เลขที่ 8/8,6,2020-01-01T00:00:00,นนทบุรี,8,11140
1600,อัดเศษกระดาษเป็นก้อน ส่งเข้าโรงงานในเครือเดียวกัน,1000,4,2004-03-27T00:00:00,1,บางกรวย-ไทรน้อย,23991,7841700,จ3-40(1)-2/47นบ,02-5713917-8,-20120200225474-,100.4336667,638,638,220,2004-02-18T00:00:00,บริษัท สยามคราฟท์อุตสาหกรรม จำกัด,บางรักใหญ่,13.8813,,บางบัวทอง,เลขที่ 89,6,2024-01-01T00:00:00,นนทบุรี,10,11110
15160,"กระดาษลูกฟูก,ฟิล์มยืดพันพาเลท และ ซิลิโคนยาแนว",1270,4,2016-09-16T00:00:00,4,,23991,19500000,จ3-40(1)-4/59นบ,,-20120000425597-,100.1845,639,639,447.57,2016-02-08T00:00:00,บริษัท อินดัสเทรียล โปรดักส์ จำกัด,คลองขวาง,14.0221,,ไทรน้อย,เลขที่ 30/3,7,2021-01-01T00:00:00,นนทบุรี,11,11150
6680,ผลิตแผ่นกระดาษ กล่องกระดาษ,9072,30,2017-05-09T00:00:00,4,วัดต้นเชือก-ไทรน้อย,23991,150000000,จ3-40(1)-4/60นบ,993646287,-20120000425605-,100.3411176,640,640,489,2017-03-14T00:00:00,บริษัท เอส เอ็น พี เปเปอร์ จำกัด,บ้านใหม่,13.84188773,,บางใหญ่,เลขที่ 95,80,2022-01-01T00:00:00,นนทบุรี,110,11140
3091,อัดเศษกระดาษ อัดเศษพลาสติก,750,1,2021-11-22T00:00:00,7,,23991,19000000,จ3-40(1)-6/64นบ,,-20120443125648-,,641,641,80,2021-09-30T00:00:00,-,คลองข่อย,,,ปากเกร็ด,เลขที่ 10/9,4,,นนทบุรี,5,11120
10098,เกี่ยวกับกระดาษทิชชู และเย็บเสื้อกันเปื้อน (พลาสติก),2340,1070,1994-02-02T00:00:00,,สุขาประชาสรร 2,17011,113120000,จ3-40(2)-1/36นบ,029631042-46,-20120300125368-,100.5238333,642,642,514.14,1993-12-15T00:00:00,บริษัท ไทยฮอสพิทอลโปรดักส์ จำกัด,บางพูด,13.93916667,วัดกู้,ปากเกร็ด,เลขที่ 45/3,91,2024-01-01T00:00:00,นนทบุรี,1161,11120
6400,ติดกระดาษบนไม้อัด,2880,5,2003-03-04T00:00:00,6,ไทรน้อย-หนองเพรางาย,17011,29000000,จ3-40(2)-1/46นบ,29276332,-20121200125466-,100.3188833,643,643,987.5,2003-10-03T00:00:00,บริษัท เอสพี ลามิเนเตอร์ จำกัด,หนองเพรางาย,13.91995,วัดเสนีย์วงศ์,ไทรน้อย,เลขที่ 99,25,2023-01-01T00:00:00,นนทบุรี,30,11150
285,ทำผลิตภัณฑ์จากกระดาษ เช่น Handmade Paper,180,11,2012-12-12T00:00:00,3,บางกรวย-ไทรน้อย,17011,4000000,จ3-40(2)-4/55นบ,0 2920 8572,-20120200425553-,100.431289,644,644,79,2012-11-22T00:00:00,บริษัท เจ.พี.ซี. โค-บีซ (ไทยแลนด์) จำกัด,บางรักพัฒนา,13.88962656,,บางบัวทอง,เลขที่ 333/44,12,2022-01-01T00:00:00,นนทบุรี,23,11110
11200,พิมพ์สิ่งพิมพ์ต่าง ๆ เช่น หนังสือ แผ่นภาพและอื่น ๆ,3000,0,1994-08-22T00:00:00,9,บางบัวทอง-สุพรรณบุรี,17092,25000000,จ3-41(1)-1/36นบ,02-9039101-5,-20120400125367-,100.41015,645,645,862.25,1993-03-19T00:00:00,บริษัท ไทยร่มเกล้า จำกัด,บางม่วง,13.84198333,ไทยร่มเกล้า,บางใหญ่,เลขที่ 9/9,70,2024-01-01T00:00:00,นนทบุรี,70,11140
400,พิมพ์ผลิตภัณฑ์ บรรจุภัณฑ์ และเป่าถุงพลาสติก,400,10,1997-03-02T00:00:00,2,กรุงนนท์-จงถนอม,17092,4200000,จ3-41(1)-1/39นบ,02-2110017,-20120200125393-,100.4371333,646,646,265,1996-08-30T00:00:00,บริษัท กิจวิรุณ จำกัด,มหาสวัสดิ์,13.80238333,,บางกรวย,เลขที่ 59,10,2022-01-01T00:00:00,นนทบุรี,20,11130
0,พิมพ์สิ่งพิมพ์ทุกชนิด,0,20,2005-02-21T00:00:00,8,ตลิ่งชัน-สุพรรณบุรี,17092,42000000,จ3-41(1)-1/41นบ,02-4436391-4,-20120400125417-,100.4043333,647,647,101.47,1998-11-30T00:00:00,บริษัท บี.เค.อินเตอร์ปรินท์ จำกัด,บางม่วง,13.8251,,บางใหญ่,เลขที่ 2/1,22,2020-01-01T00:00:00,นนทบุรี,42,11140
0,สิ่งพิมพ์ต่าง และผลิตภาชนะบรรจุภัณฑ์จากกระดาษ,0,5,2004-03-17T00:00:00,1,ปลายบาง,17092,43000000,จ3-41(1)-1/46นบ,02-6799178,-20121300125465-,100.4115167,648,648,235.5,2003-03-13T00:00:00,บริษัท โชคอนันต์การพิมพ์และบรรจุภัณฑ์ จำกัด,ปลายบาง,13.80231667,มหาสวัสดิ์วิว,บางกรวย,เลขที่ 3/35,10,2024-01-01T00:00:00,นนทบุรี,15,11130
1672,พิมพ์สิ่งพิมพ์ต่างๆ เช่น หนังสือ แผ่นพับ และอื่นๆ,795,4,2005-06-06T00:00:00,6,กรุงเทพ-นนทบุรี,17092,2500000,จ3-41(1)-1/47นบ,,-20120200125476-,100.5220167,649,649,219.39,2004-01-26T00:00:00,บริษัท ยูดีเอส อินเตอร์พริ้นติ้งแอนด์แพคเกจจิ้ง จำกัด,บางเขน,13.84301667,ศิริชัย 1/16,เมืองนนทบุรี,เลขที่ 119/250,16,2020-01-01T00:00:00,นนทบุรี,20,11000
2150,พิมพ์สิ่งพิมพ์ต่าง ๆ,1913,14,2010-12-24T00:00:00,4,รพช.วัดสัก-โคนอน,17092,92000000,จ3-41(1)-1/52นบ,,-20120100125527-,100.477,650,650,493.6,2009-09-01T00:00:00,บริษัท เอ.พี.กราฟิคดีไซน์และการพิมพ์ จำกัด,บางขนุน,13.80578,-,บางกรวย,เลขที่ 1/8,26,2020-01-01T00:00:00,นนทบุรี,40,11130
3200,พิมพ์สิ่งพิมพ์ต่างๆ,600,10,2018-02-26T00:00:00,3,วัดพระเงิน-บางคูลัด,17092,47000000,จ3-41(1)-1/60นบ,,-20120100125600-,100.380987,651,651,249.42,2017-04-24T00:00:00,ห้างหุ้นส่วนจำกัด พีเอ็นเอส ครีเอชั่น,ศาลากลาง,13.820481,,บางกรวย,เลขที่ โฉนดที่ดินเลขที่ 28124,20,2023-01-01T00:00:00,นนทบุรี,30,11000
1600,พิมพ์สิ่งพิมพ์ต่างๆ เช่น หนังสือ ใบโฆษณาสินค้า เป็นต้น,1110,3,2019-03-18T00:00:00,4,,17092,54000000,จ3-41(1)-1/62นบ,24467777,-20120035025628-,100.4759305,652,652,171,2019-08-02T00:00:00,บริษัท อเล็กซ์ พริ้นติ้ง จำกัด,วัดชลอ,13.79571692,,บางกรวย,เลขที่ 88,16,2024-01-01T00:00:00,นนทบุรี,19,11130
0,พิมพ์สิ่งพิมพ์ต่างๆ เช่น แบบฟอร์มของเกษตรกรทั่วไป,0,35,2009-05-01T00:00:00,,เลี่ยงเมืองนนทบุรี,17092,25000000,จ3-41(1)-10/50นบ,0-2561-4567,-20120001025503-,100.49204,653,653,171.88,2007-05-14T00:00:00,โรงพิมพ์ชุมนุมสหกรณ์การเกษตรแห่งประเทศไทย จำกัด,ตลาดขวัญ,13.85613,-,เมืองนนทบุรี,เลขที่ 145,35,2024-01-01T00:00:00,นนทบุรี,70,11000
816,การพิมพ์สิ่งพิมพ์ การเย็บเล่ม ตบแต่งสิ่งพิมพ์และทำปก เช่น หนังสือเรียน สมุด ฯลฯ,544,4,2011-07-14T00:00:00,,รพช.วัดสัก-โคนอน,17092,14500000,จ3-41(1)-10/54นบ,086-0881155,-20120001025545-,100.464314,654,654,453,2011-06-16T00:00:00,รัตนโรจน์,บางขนุน,13.812403,-,บางกรวย,เลขที่ 32/10,10,2021-01-01T00:00:00,นนทบุรี,14,11130
956,สิ่งพิมพ์,448,3,2016-06-27T00:00:00,10,กาญจนาภิเษก,17092,47000000,จ3-41(1)-11/59นบ,02 1570736-7,-20120001125592-,100.428312,655,655,214.86,2016-05-24T00:00:00,บริษัท พิมาน พริ้นติ้ง จำกัด,คลองข่อย,13.97512631,,ปากเกร็ด,เลขที่ 12/22,6,2021-01-01T00:00:00,นนทบุรี,9,11120
3156,พิมพ์สิ่งพิมพ์ต่างๆ เย็บเล่ม ทำปกหรือตบแต่งสิ่งพิมพ์และทำกล่องกระดาษ,981,19,2017-06-10T00:00:00,8,,17092,28000000,จ3-41(1)-12/60นบ,02 1509676-8,-20120001225608-,100.214,656,656,270,2017-11-09T00:00:00,บริษัท 21 เซ็นจูรี่ จำกัด,บางคูรัด,13.544,,บางบัวทอง,เลขที่ 19/25,26,2022-01-01T00:00:00,นนทบุรี,45,11110
3652,พิมพ์สิ่งพิมพ์ต่างๆ เข้าเล่มหนังสือ,2042,63,2021-11-15T00:00:00,4,,17092,94390000,จ3-41(1)-12/64นบ,,-20120435125648-,100.460447,657,657,478,2021-09-23T00:00:00,บริษัท ภาพพิมพ์ จำกัด,บางขนุน,13.804986,,บางกรวย,"เลขที่ 45/12-14,33",56,,นนทบุรี,119,11130
0,พิมพ์สิ่งพิมพ์ต่างๆ เช่น นิตยสาร ตำรา เป็นต้น,0,2,2010-03-25T00:00:00,4,รพช.วัดสัก-โคนอน,17092,134000000,จ3-41(1)-14/48นบ,,-20120101425488-,100.4605167,658,658,114,2005-04-03T00:00:00,บริษัท แม่บ้าน จำกัด,บางขนุน,13.81521667,โตแจ้ง,บางกรวย,เลขที่ 53/11,10,2020-01-01T00:00:00,นนทบุรี,12,11130
12712,ผลิตสมุด,3420,20,2008-03-11T00:00:00,1,ราชพฤกษ์,17092,7000000,จ3-41(1)-16/48นบ,0-2294-4887,-20120001625484-,100.4640833,659,659,195,2005-03-18T00:00:00,บริษัท โรงงานสมุดแสงรุ้ง จำกัด,บางขุนกอง,13.81245,ร่วมใจพัฒนา,บางกรวย,เลขที่ 99/99,40,2023-01-01T00:00:00,นนทบุรี,60,11130
2356,พิมพ์สิ่งพิมพ์ต่าง ๆ เช่น หนังสือ,874,3,2005-09-05T00:00:00,1,บางไผ่พัฒนา,17092,25500000,จ3-41(1)-17/48นบ,,-20120001725482-,100.48355,660,660,241.13,2005-03-30T00:00:00,บริษัท เนชั่นไฮย์ 1954 จำกัด,บางไผ่,13.82128333,วัดรวก,เมืองนนทบุรี,เลขที่ 88/2,12,2020-01-01T00:00:00,นนทบุรี,15,11000
1482,พิมพ์สิ่งพิมพ์ต่าง ๆ,864,3,2008-09-22T00:00:00,9,ตลิ่งชัน-สุพรรณบุรี(340),17092,52824000,จ3-41(1)-18/51นบ,02-92566699,-20120101825513-,100.4038,661,661,137.28,2008-08-28T00:00:00,บริษัท ปริ๊นท์โอโซน จำกัด,ละหาร,13.9481,,บางบัวทอง,เลขที่ 333/30-31,7,2023-01-01T00:00:00,นนทบุรี,10,11110
1152,พิมพ์สิ่งพิมพ์ต่างๆ เช่น สติ๊กเกอร์ ฉลากสินค้าทุกประเภท,480,10,2019-06-17T00:00:00,4,,17092,39200000,จ3-41(1)-18/61นบ,,-20120001825613-,100.3665123,662,662,135.77,2018-07-24T00:00:00,เอส.ไอ.เอ็น.อินฟอร์เมชั่น,บางคูรัด,13.91356877,,บางบัวทอง,เลขที่ 15/16,14,2024-01-01T00:00:00,นนทบุรี,24,11150
396,การพิมพ์ การทำแฟ้มเก็บเอกสาร การเย็บเล่ม ทำปก หรือตบแต่งสิ่งพิมพ์,107,4,,5,,17092,9000000,จ3-41(1)-18/67นบ,02-6230603-4,-20120204925673-,100.379852,663,663,95.75,2024-05-11T00:00:00,บริษัท ฮีโร่ บ๊อกซ์ จำกัด,บางแม่นาง,13.858521,,บางใหญ่,เลขที่ โฉนดที่ดินเลขที่ 118629,5,,นนทบุรี,9,11140
16000,พิมพ์ลายกระดาษ พีวีซี ไอพีซี และพลาสติกเพื่อใช้ในการทำเครื่องใช้เฟอร์นิเจอร์ทุกชนิด,1750,1,2007-01-10T00:00:00,4,ไทรน้อย-ลาดบัวหลวง,17092,40500000,จ3-41(1)-19/50นบ,,-20120001925504-,100.30493,664,664,585,2007-07-08T00:00:00,บริษัท เอสเอ็นซีเซ็นเตอร์ จำกัด,คลองขวาง,13.98228,-,ไทรน้อย,เลขที่ 21/4,12,2022-01-01T00:00:00,นนทบุรี,13,11150
0,พิมพ์สิ่งพิมพ์ต่างๆ,0,15,2006-09-10T00:00:00,3,บางใหญ่-บางคูลัด (กันตนา),17092,51000000,จ3-41(1)-23/49นบ,02 9836500-3,-20120002325498-,100.3700833,665,665,284,2006-11-09T00:00:00,บริษัท สยามเอเซียพริ้นท์ จำกัด,บางใหญ่,13.84111667,,บางใหญ่,เลขที่ 41/23,15,2021-01-01T00:00:00,นนทบุรี,30,11140
0,พิมพ์สิ่งพิมพ์ต่างๆ ทำแฟ้มเก็บเอกสาร การเย็บเล่ม ทำปก หรือตบแต่งสิ่งพิมพ์,0,17,2010-05-04T00:00:00,1,นครอินทร์,17092,30000000,จ3-41(1)-23/52นบ,,-20120002325522-,100.44968,666,666,441.2,2009-11-20T00:00:00,บริษัท สยามศิลปการพิมพ์ จำกัด,บางคูเวียง,13.81577,วัดหูช้าง,บางกรวย,เลขที่ 18,18,2020-01-01T00:00:00,นนทบุรี,35,11130
713,พิมพ์สิ่งพิมพ์ต่างๆ เช่น หนังสือ และหนังสือพิมพ์,713,12,2015-05-11T00:00:00,2,งามวงศ์วาน,17092,15000000,จ3-41(1)-25/57นบ,,-20120002525576-,100.5426741,667,667,240.44,2014-07-11T00:00:00,บริษัท 888 อินเตอร์กรุ๊ป จำกัด,บางเขน,13.86308963,งามวงศ์วาน 31,เมืองนนทบุรี,เลขที่ 282/4,30,2020-01-01T00:00:00,นนทบุรี,42,11000
3499,พิมพ์สิ่งพิมพ์ต่างๆ,490,5,2018-09-03T00:00:00,7,,17092,40000000,จ3-41(1)-29/59นบ,,-20120002925594-,100.4520923,668,668,420,2016-12-26T00:00:00,บริษัท ไทภูมิ พับลิชชิ่ง จำกัด,คลองข่อย,13.961749,ร่วมใจ,ปากเกร็ด,เลขที่ ,15,2023-01-01T00:00:00,นนทบุรี,20,11130
3730,พิมพ์สิ่งพิมพ์ต่าง ๆ เช่น หนังสือ สื่อโฆษณา เป็นต้น,535,10,2015-02-20T00:00:00,7,กาญจนาภิเษก,17092,60000000,จ3-41(1)-3/53นบ,08-1614-0377,-20120200325530-,100.43063,669,669,102.84,2010-02-25T00:00:00,บริษัท เฟิสท์ ออฟเซท (1993) จำกัด,ลำโพ,13.9652,-,บางบัวทอง,เลขที่ 99/11,16,2020-01-01T00:00:00,นนทบุรี,26,11110
6064,การพิมพ์ ทำแฟ้มเก็บเอกสาร การเย็บเล่ม ทำปก หรือ ตกแต่งสิ่งพิมพ์,998,6,2015-04-16T00:00:00,6,,17092,32000000,จ3-41(1)-3/58นบ,0 2159 8644,-20120200325589-,100.3459376,670,670,85.59,2015-02-19T00:00:00,บริษัท เต็มรักการพิมพ์ จำกัด,บางคูรัด,13.90118518,,บางบัวทอง,เลขที่ 44,16,2020-01-01T00:00:00,นนทบุรี,22,11110
2400,พิมพ์สิ่งพิมพ์ต่างๆ เช่น สติิ๊กเกอร์ ฉลากสินค้าทุกประเภท,404,4,2023-11-17T00:00:00,2,,17092,14500000,จ3-41(1)-3/65นบ,084 5556570,-20120017025653-,100.2853411,671,671,110.2,2022-01-31T00:00:00,เอส.ไอ.เอ็น.อินฟอร์เมชั่น สาขา 2,ทวีวัฒนา,13.94085919,,ไทรน้อย,เลขที่ 63,6,2028-01-01T00:00:00,นนทบุรี,10,11150
45568,พิมพ์สิ่งพิมพ์ต่างๆ และอื่นๆ ตามหนังสือบริคณฑ์สนธิ,38065,52,2002-10-22T00:00:00,8,ตลิ่งชัน-สุพรรณบุรี,17092,434141730,จ3-41(1)-4/44นบ,02-434-0111,-20120100425448-,100.3843,672,672,6725,2001-07-07T00:00:00,บริษัท ส.ศิลป(2521) จำกัด,ละหาร,13.97195,,บางบัวทอง,เลขที่ 95,159,2022-01-01T00:00:00,นนทบุรี,211,11110
600,พิมพ์สิ่งพิมพ์ต่างๆ เย็บเล่ม ทำปก หรือตบแต่งสิ่งพิมพ์ เช่น เคลือบปกหนังสือ,243,1,2010-11-10T00:00:00,5,กาญจนาภิเษก,17092,11900000,จ3-41(1)-4/52นบ,02-1574131-2,-20120100425521-,100.42844,673,673,133.98,2009-04-23T00:00:00,บริษัท ทริปเปิ้ล โค้ตติ้ง จำกัด,ลำโพ,13.96829,วัดศรีเขตนันทาราม,บางบัวทอง,เลขที่ 55/65,7,2020-01-01T00:00:00,นนทบุรี,8,11110
1800,พิมพ์ตำราเรียน และเอกสารต่างๆ,1200,4,2014-04-29T00:00:00,1,ติวานนท์,17092,37600000,จ3-41(1)-4/57นบ,29614580,-20120000425571-,100.5609593,674,674,232.5,2014-03-31T00:00:00,บริษัท สำนักพิมพ์ เอมพันธ์ จำกัด,บ้านใหม่,13.94874455,พระแม่การุณย์,ปากเกร็ด,เลขที่ 69/217,19,2024-01-01T00:00:00,นนทบุรี,23,11120
4800,พิมพ์ และผลิตบรรจุภัณ์กระดาษและสิ่งพิมพ์ต่างๆ,1180,8,2010-11-15T00:00:00,1,ติวานนท์,17092,60000000,จ3-41(1)-43/47นบ,,-20120004325470-,100.5589333,675,675,372,2004-01-11T00:00:00,บริษัท อักษรโสภิตการพิมพ์ จำกัด,บ้านใหม่,13.94698333,พระแม่การุณย์,ปากเกร็ด,เลขที่ 69/228,32,2020-01-01T00:00:00,นนทบุรี,40,11120
0,ทำสิ่งพิมพ์ต่างๆ และเคลือบมันกระดาษ,2686,58,2002-09-25T00:00:00,1,ติวานนท์,17092,81400000,จ3-41(1)-5/44นบ,,-20120100525445-,100.5585167,676,676,560.94,2001-08-24T00:00:00,บริษัท พี เอ็ม ซี การ์ดส์ (ไทยแลนด์) จำกัด,บ้านใหม่,13.9465,พระแม่มหาการุณย์,ปากเกร็ด,เลขที่ 19/9,102,2022-01-01T00:00:00,นนทบุรี,160,11120
776,พิมพ์สิ่งพิมพ์ต่างๆ ทำแฟ้มเอกสาร เย็บเล่ม ทำปก หรือตบแต่งสิ่งพิมพ์,630,10,2012-11-06T00:00:00,10,ตลิ่งชัน-สุพรรณบุรี,17092,63000000,จ3-41(1)-5/55นบ,,-20120100525551-,100.4075516,677,677,157,2012-05-21T00:00:00,บริษัท สหมิตรพริ้นติ้งแอนด์พับลิสซิ่ง จำกัด,บางม่วง,13.83355564,วัดพระเงิน,บางใหญ่,เลขที่ 59/4,13,2022-01-01T00:00:00,นนทบุรี,23,11140
4000,ผลิตสิ่งพิมพ์บนแผ่นพลาสติก,928,4,2018-05-25T00:00:00,7,,17092,50000000,จ3-41(1)-5/61นบ,02 1502963,-20120000525610-,100.411004,678,678,1380,2018-01-25T00:00:00,บริษัท วาไรตี้ แพ็ค จำกัด,ลำโพ,13.965645,,บางบัวทอง,เลขที่ 78/9,14,2023-01-01T00:00:00,นนทบุรี,18,11110
8000,ตัดหรือตกแต่งกระดาษและสิ่งพิมพ์ต่างๆ,4000,10,2003-11-08T00:00:00,1,บางกรวย-ไทรน้อย,17092,89000000,จ3-41(1)-6/44นบ,01-6406039,-20120100625443-,100.3478667,679,679,316,2001-10-17T00:00:00,บริษัท โทคุ จำกัด,ไทรน้อย,13.96568333,,ไทรน้อย,เลขที่ 63/9,40,2023-01-01T00:00:00,นนทบุรี,50,11150
1600,พิมพ์สิ่งพิมพ์ต่าง ๆ เช่น หนังสือ,675,10,2012-05-10T00:00:00,10,กาญจนาภิเษก,17092,30000000,จ3-41(1)-6/54นบ,,-20120000625543-,100.424,680,680,177.4,2011-04-27T00:00:00,บริษัท เพอร์เฟค เพรส จำกัด,คลองข่อย,13.98205,,ปากเกร็ด,เลขที่ 12/20,13,2022-01-01T00:00:00,นนทบุรี,23,11120
0,พิมพ์สิ่งพิมพ์ต่าง ๆ ทำแฟ้มเอกสาร เย็บเล่ม ทำปก หรือตบแต่งสิ่งพิมพ์,0,0,2015-01-06T00:00:00,8,,17092,0,จ3-41(1)-6/55นบ,,-20120100625559-,100.3855201,681,681,210.25,2012-05-21T00:00:00,บริษัท ปัญญฉัตร์ บุ๊คส์ บายดิ้ง จำกัด,เสาธงหิน,13.89529449,,บางใหญ่,เลขที่ 36,0,2020-01-01T00:00:00,นนทบุรี,0,11140
2616,พิมพ์สิ่งพิมพ์ต่างๆ และทำแผ่นป้ายโฆษณา,605,58,2010-05-29T00:00:00,2,งามวงศ์วาน,17092,216000000,จ3-41(1)-7/53นบ,02-832-5800,-20120100725532-,100.5313,682,682,230.15,2010-03-25T00:00:00,บริษัท คิว แอดเวอร์ไทซิ่ง จำกัด,บางเขน,13.85603,งามวงศ์วาน 4,เมืองนนทบุรี,เลขที่ 45/78,109,2020-01-01T00:00:00,นนทบุรี,167,11000
774,ผลิตเคมีภัณฑ์สำหรับอุตสาหกรรมน้ำยาง,348,5,2003-05-30T00:00:00,5,บางกรวย-ไทรน้อย,20113,19000000,จ3-42(1)-1/46นบ,,-20121400125464-,100.3747667,683,683,487.5,2003-04-29T00:00:00,บริษัท โพลิเมอร์ อินโนเวชั่น จำกัด,บางบัวทอง,13.9461,-,บางบัวทอง,เลขที่ 75/7,9,2023-01-01T00:00:00,นนทบุรี,14,11110
6400,ผลิตและแบ่งบรรจุสารเคมีบำบัดน้ำ และเคมีอุตสาหกรรม เช่น สารพอลิอะลูมิเนียมคลอไรด์ อะลูมิเนียมซัลเฟต อะลูมิเนียมคลอโรไฮเดรต โซเดียมไบซัลไฟต์ เป็นต้น,900,9,,10,,20113,16000000,จ3-42(1)-14/67นบ,086-3456679,-20120201625672-,,684,684,78.24,2024-10-31T00:00:00,บริษัท ไทยคลอไรด์ แมนูแฟคเจอร์ริ่ง จำกัด,ไทรใหญ่,,,ไทรน้อย,เลขที่ 92/10,11,,นนทบุรี,20,11150
,ผลิตเคมีภัณฑ์ที่ใช้สำหรับอุตสาหกรรมยางและพลาสติก,0,7,2015-08-19T00:00:00,5,บางกรวย-ไทรน้อย,20113,8700000,จ3-42(1)-2/47นบ,0-2903-6691-3,-20120300225473-,100.3747833,685,685,272.5,2004-06-29T00:00:00,บริษัท โพลิเมอร์ อินโนเวชั่น จำกัด,บางบัวทอง,13.94608333,,บางบัวทอง,เลขที่ 75/6,8,2020-01-01T00:00:00,นนทบุรี,15,11110
7450,ผลิต-จำหน่ายเคมีภัณฑ์ เช่น สารลดฟอง,1000,0,2006-02-10T00:00:00,15,กาญจนาภิเษก,20113,21000000,จ3-42(1)-4/47นบ,02-9836700,-20120100425471-,100.3682,686,686,100.37,2004-05-18T00:00:00,บริษัท ซินเธค แอ๊ดดิทีฟ จำกัด,บางม่วง,13.8269,วัดพระเงิน,บางใหญ่,เลขที่ 50/11,3,2021-01-01T00:00:00,นนทบุรี,3,11140
941,เกลือเงิน เกลือทอง โกล์ดคอมเพล็ค พาลาเดียมคอมเพล็ค,608,3,2006-09-05T00:00:00,9,บางบัวทอง-สุพรรณบุรี,20113,14000000,จ3-42(1)-4/49นบ,0-2921-5881-7,-20120000425498-,100.4071833,687,687,45.3,2006-05-04T00:00:00,บริษัท เค.ซี.ยู.คอร์ปอเรชั่น จำกัด,ละหาร,13.9523,-,บางบัวทอง,เลขที่ 333/10,5,2021-01-01T00:00:00,นนทบุรี,8,11110
2460,ผลิตสารป้องกันหรือกำจัดศัตรูพืช,2400,2,2001-04-27T00:00:00,5,จันทร์ทองเอี่ยม,20121,4000000,จ3-43(1)-1/44นบ,589-8989,-20120800125447-,100.4189833,688,688,246.5,2001-03-28T00:00:00,บริษัท นนท์ทรีเซีย จำกัด,บางรักพัฒนา,13.88813333,,บางบัวทอง,เลขที่ 73/4,4,2021-01-01T00:00:00,นนทบุรี,6,11110
30400,ผลิตปุ๋ยอินทรีย์ ปุ๋ยชีวภาพ และปุ๋ยเคมีอินทรีย์,3600,2,2003-03-19T00:00:00,1,ไทรน้อย-ลาดบัวหลวง,20121,36000000,จ3-43(1)-1/45นบ,,-20120400125458-,100.3118667,689,689,596,2002-11-25T00:00:00,บริษัท พสิษฐ์ ปุ๋ยไทยอินเตอร์ จำกัด,ราษฎร์นิยม,14.05298333,-,ไทรน้อย,เลขที่ 57,50,2023-01-01T00:00:00,นนทบุรี,52,11150
8088,ผลิตปุ๋ยอินทรีย์ ปุ๋ยเคมี ปุ๋ยชีวภาพ,840,5,2004-07-19T00:00:00,6,ไทรน้อย-ลาดบัวหลวง,20121,9500000,จ3-43(1)-1/46นบ,0-1755-1928,-20121500125463-,100.3133,690,690,169.2,2003-09-12T00:00:00,บริษัท ปุ๋ยต้นโพธิ์ จำกัด,ราษฎร์นิยม,14.06581667,-,ไทรน้อย,เลขที่ 4,15,2024-01-01T00:00:00,นนทบุรี,20,11150
1602,ผลิต และแบ่งบรรจุปุ๋ยเคมี ผลิตโดยการแบ่งบรรจุสารป้องกัน กำจัดศัตรูพืชหรือสัตว์ ผลิตภัณฑ์เคมีเกษตร,885,5,,1,,20121,4000000,จ3-43(1)-12/65นบ,,-20120135025650-,,691,691,85,2022-10-08T00:00:00,-,ไทรใหญ่,,,ไทรน้อย,เลขที่ โฉนดเลขที่ 59782,8,,นนทบุรี,13,11150
1354,ผลิต และแบ่งบรรจุปุ๋ยเคมี ผลิตโดยการแบ่งบรรจุสารป้องกัน กำจัดศัตรูพืชหรือสัตว์ ผลิตภัณฑ์เคมีเกษตร,486,5,,1,,20121,4000000,จ3-43(1)-13/65นบ,,-20120135125658-,,692,692,85,2022-10-08T00:00:00,ราชสีห์ เฟอร์ติไลเซอร์,ไทรใหญ่,,,ไทรน้อย,เลขที่ โฉนดเลขที่ 59782,8,,นนทบุรี,13,11150
6400,ผลิตและแบ่งบรรจุสารป้องกันหรือกำจัดวัชพืชและศัตรูพืช,1000,4,,9,บางเลน-ปทุมธานี,20121,31000000,จ3-43(1)-14/66นบ,,-20120173025661-,,693,693,84.3,2023-12-10T00:00:00,บริษัท บีเอ็มจี อโกรเทค จำกัด,ไทรใหญ่,,วัดสโมสร,ไทรน้อย,เลขที่ 58-59,9,,นนทบุรี,13,11150
1814,เกี่ยวกับปุ๋ยและสารกำจัดศัตรูพืช,1814,7,2009-02-25T00:00:00,1,ติวานนท์,20121,245000000,จ3-43(1)-15/52นบ,0-2582-0582,-20120101525527-,100.5527,694,694,75.5,2009-01-28T00:00:00,บริษัท ซิตโต้ (ประเทศไทย) จำกัด,บ้านใหม่,13.94666,พระแม่มหาการุณ,ปากเกร็ด,เลขที่ 72/79,13,2024-01-01T00:00:00,นนทบุรี,20,11120
17600,"ผลิตปุ๋ยอินทรีย์,ปุ๋ยชีวภาพ และปุ๋ยเคมีอินทรีย์",4000,33,2000-03-21T00:00:00,2,ลาดหลุมแก้ว-บางเลน,20121,119613762,จ3-43(1)-2/42นบ,-,-20120100225426-,100.28715,695,695,804,1999-01-11T00:00:00,บริษัท ศักดิ์สยาม อินเตอร์เนชั่นแนล จำกัด,ขุนศรี,14.0241,-,ไทรน้อย,เลขที่ 17/2,38,2020-01-01T00:00:00,นนทบุรี,71,11150
667,ผลิตปุ๋ยอินทรีย์และสารปรับปรุงคุณภาพดิน,667,0,2012-11-06T00:00:00,9,ติวานนท์,20121,1000000,จ3-43(1)-28/55นบ,02-5837866,-20120002825554-,100.5169667,696,696,57.75,2012-05-21T00:00:00,ห้างหุ้นส่วนจำกัด โรงเลื่อยจักรไท้เฮงเสง,บางพูด,13.91856667,,ปากเกร็ด,เลขที่ 11/2,10,2022-01-01T00:00:00,นนทบุรี,10,11120
23660,ผลิตปุ๋ยเคมี ปุ๋ยอินทรีย์ชีวภาพ ปุ๋ยเคมี-อินทรีย์,6000,20,2005-04-04T00:00:00,4,ปทุมธานี-บางเลน,20121,23000000,จ3-43(1)-31/47นบ,,-20120003125475-,100.3239,697,697,308.6,2004-12-07T00:00:00,บริษัท ไทย ฟาร์เมอร์ ซัสเซส จำกัด,คลองขวาง,14.03175,,ไทรน้อย,เลขที่ 58,50,2020-01-01T00:00:00,นนทบุรี,70,11150
770,ผลิตปุ๋ยอินทรีย์ สารป้องกันหรือกำจัดศัตรูพืช ยารักษาสัตว์,770,4,2023-02-06T00:00:00,1,,20121,36500000,จ3-43(1)-33/64นบ,,-20120442125649-,100.4786879,698,698,377.03,2021-09-30T00:00:00,บริษัท โมริน่า โซลูชั่นส์ จำกัด,บางตะไนย์,13.95589384,,ปากเกร็ด,เลขที่ 88/45,4,2028-01-01T00:00:00,นนทบุรี,8,11120
6400,ผสม และแบ่งบรรจุปุ๋ย อาหารเสริมพืชผสม และแบ่งบรรจุสารป้องกัน หรือกำจัดศัตรูพืช,1728,19,2023-08-12T00:00:00,10,,20121,123000000,จ3-43(1)-34/64นบ,29617055,-20120443225646-,100.287335,699,699,85,2021-09-30T00:00:00,บริษัท เอสทีม อินเตอร์เทรด จำกัด,ไทรใหญ่,14.059818,,ไทรน้อย,เลขที่ 99/1,18,2028-01-01T00:00:00,นนทบุรี,37,11150
19616,"เก็บรักษาผสม แบ่งบรรจุปุ๋ย อาหารเสริมพืช เก็บรักษา และแบ่งบรรจุสารป้องกันหรือกำจัด
ศัตรูพืช
พืช",3456,12,2014-08-29T00:00:00,10,ทางหลวงชนบทสาย นบ 3011,20121,73000000,จ3-43(1)-39/56นบ,,-20120003925569-,100.287112,700,700,61,2013-11-06T00:00:00,บริษัท เอสทีม อินเตอร์เทรด จำกัด,ไทรใหญ่,14.05996,,ไทรน้อย,เลขที่ 99,15,2024-01-01T00:00:00,นนทบุรี,27,11150
2300,ผลิตปุ๋ยน้ำชีวภาพ อาหารเสริมสำหรับสัตว์,1849,22,,4,,20121,85000000,จ3-43(1)-5/63นบ,243266114,-20120030525630-,100.2898867,701,701,105.36,2020-02-17T00:00:00,บริษัท ธัญชาติ แอ๊ดวานซ์ อะโกร จำกัด,ขุนศรี,14.03116173,,ไทรน้อย,เลขที่ 98,19,,นนทบุรี,41,11150
1196,ผลิต ผสม แบ่งบรรจุปุ๋ย และสารป้องกันหรือกำจัดศัตรูพืช,1080,3,2012-07-12T00:00:00,3,ทางหลวงสาย 345,20121,12697400,จ3-43(1)-55/52นบ,02-9183488,-20120005525524-,100.43024,702,702,81.68,2009-05-21T00:00:00,บริษัท เวท อะกริเทค จำกัด,ลำโพ,13.95563,-,บางบัวทอง,เลขที่ 55/27,6,2022-01-01T00:00:00,นนทบุรี,9,11110
2300,ผลิตปุ๋ยชีวภาพ อาหารเสริมสำหรับพืช,1585,30,,4,,20121,85000000,จ3-43(1)-6/64นบ,,-20120257025645-,100.290065,703,703,105.33,2021-02-04T00:00:00,บริษัท ชัฐธรัฎฐ์ จำกัด,ขุนศรี,14.032394,,ไทรน้อย,เลขที่ 96,70,,นนทบุรี,100,11150
2300,ผลิตปุ๋ยชีวภาพ อาหารเสริมสำหรับพืช,2300,30,,4,,20121,85000000,จ3-43(1)-7/64นบ,243266114,-20120257225641-,100.2899477,704,704,105.33,2021-02-04T00:00:00,บริษัท บูลทรีเม็กซ์ จำกัด,ขุนศรี,14.03173205,,ไทรน้อย,เลขที่ 95,70,,นนทบุรี,100,11150
3200,ผลิตและแบ่งบรรจุปุ๋ย สารป้องกันหรือกำจัดวัชพืชและศัตรูพืช,978,4,2024-04-07T00:00:00,1,,20121,13000000,จ3-43(1)-8/66นบ,,-20120116925662-,,705,705,270.25,2023-07-24T00:00:00,บริษัท ที-สตาร์ อะกริคัลเจอร์ จำกัด,ราษฎร์นิยม,,,ไทรน้อย,เลขที่ โฉนดที่ดินเลขที่ 60785,5,2029-01-01T00:00:00,นนทบุรี,9,11150
9400,ผลิตปุ๋ยเคมีน้ำ,864,4,,9,,20121,58000000,จ3-43(1)-9/61นบ,,-20120000925612-,100.291432,706,706,85.05,2018-04-06T00:00:00,บริษัท กรีนเทค อโกร จำกัด,ไทรใหญ่,14.04659601,,ไทรน้อย,"เลขที่ โฉนดเลขที่ 671,681",13,,นนทบุรี,17,10230
805,แบ่งบรรจุสารป้องกันหรือกำจัดศัตรูพืชหรือสัตว์,540,0,2020-08-14T00:00:00,1,ไทรน้อย-ลาดบัวหลวง,20210,7000000,จ3-43(2)-1/61นบ,,-20120000125619-,100.3092159,707,707,68.1,2018-07-24T00:00:00,บริษัท อาดามัส เคม จำกัด,ราษฎร์นิยม,14.05155769,,ไทรน้อย,เลขที่ -,8,,นนทบุรี,8,10120
6400,แบ่งบรรจุ และผลิตปุ๋ยหรือสารป้องกันศัตรูพืชหรือสัตว์,952,0,,1,,20210,27000000,จ3-43(2)-1/67นบ,948733999,-20120117725673-,,708,708,92.5,2024-10-07T00:00:00,บริษัท เอ็กซ์เปอร์ท เพสท์ ซิสเต็ม จำกัด,ไทรใหญ่,,,ไทรน้อย,เลขที่ 11/2,15,,นนทบุรี,15,11150
805,แบ่งบรรจุสารป้องกันหรือกำจัดศัตรูพืช และผลิตสารป้องกันและกำจัดศัตรูพืช,540,0,2013-12-06T00:00:00,1,ไทรน้อย-ลาดบัวหลวง,20210,7800000,จ3-43(2)-10/54นบ,,-20120101025544-,100.3090915,709,709,128.48,2011-04-25T00:00:00,บริษัท เคที อีเทอร์นอล จำกัด,ราษฎร์นิยม,14.05166988,,ไทรน้อย,เลขที่ 57/3,11,2023-01-01T00:00:00,นนทบุรี,11,11150
805,แบ่งบรรจุสารป้องกันหรือกำจัดศัตรูพืช,540,0,2013-12-06T00:00:00,1,ไทรน้อย-ลาดบัวหลวง,20210,7000000,จ3-43(2)-11/54นบ,0-2286-2400,-20120101125542-,100.3088316,710,710,75.48,2011-04-25T00:00:00,บริษัท เอส แอนด์ พี โอเมก้า จำกัด,ราษฎร์นิยม,14.05173484,,ไทรน้อย,เลขที่ 57/1,9,2023-01-01T00:00:00,นนทบุรี,9,11150
9416,แบ่งบรรจุสารป้องกันหรือกำจัดศัตรูพืช,1200,0,2013-06-14T00:00:00,10,ปทุมธานี-บางเลน,20210,15000000,จ3-43(2)-17/54นบ,0-2897-2898,-20120001725540-,100.277779,711,711,73.48,2011-11-23T00:00:00,ห้างหุ้นส่วนจำกัด สตาร์ โกร การเกษตร,ไทรใหญ่,14.06998,วัดสโมสร,ไทรน้อย,เลขที่ 8/9,9,2023-01-01T00:00:00,นนทบุรี,9,11150
805,เก็บรักษาหรือแบ่งบรรจุสารป้องกันหรือกำจัดศัตรูพืชหรือสัตว์,540,0,2020-08-14T00:00:00,1,ไทรน้อย-ลาดบัวหลวง,20210,7000000,จ3-43(2)-2/61นบ,,-20120100225616-,100.3092159,712,712,68.096,2018-07-24T00:00:00,บริษัท อัลตร้า แฟค จำกัด,ราษฎร์นิยม,14.05155769,,ไทรน้อย,เลขที่ -,8,,นนทบุรี,8,10120
805,แบ่งบรรจุสารป้องกันหรือกำจัดศัตรูพืช,540,0,2013-11-06T00:00:00,1,ไทรน้อย-ลาดบัวหลวง,20210,7000000,จ3-43(2)-6/54นบ,,-20120100625542-,100.3093085,713,713,75.48,2011-04-25T00:00:00,บริษัท ซีบรา แฟคทอรี่ จำกัด,ราษฎร์นิยม,14.05174099,,ไทรน้อย,เลขที่ 57/5,9,2023-01-01T00:00:00,นนทบุรี,9,11150
805,แบ่งบรรจุสารป้องกันหรือกำจัดศัตรูพืช,540,0,2013-12-06T00:00:00,1,ไทรน้อย-ลาดบัวหลวง,20210,7000000,จ3-43(2)-7/54นบ,0-2286-2400,-20120100725540-,100.3091254,714,714,75.48,2011-04-25T00:00:00,บริษัท พาเรโต อโกร จำกัด,ราษฎร์นิยม,14.05134805,,ไทรน้อย,เลขที่ 57/4,9,2023-01-01T00:00:00,นนทบุรี,9,11150
805,แบ่งบรรจุสารป้องกันหรือกำจัดศัตรูพืช,540,0,2013-12-06T00:00:00,1,ไทรน้อย-ลาดบัวหลวง,20210,7000000,จ3-43(2)-8/54นบ,,-20120000825549-,100.308848,715,715,75.48,2011-04-25T00:00:00,บริษัท นน อโกรเทค จำกัด,ราษฎร์นิยม,14.051347,,ไทรน้อย,เลขที่ 57/2,9,2023-01-01T00:00:00,นนทบุรี,9,11150
805,แบ่งบรรจุสารป้องกันหรือกำจัดศัตรูพืช,540,0,2013-12-06T00:00:00,1,ไทรน้อย-ลาดบัวหลวง,20210,7000000,จ3-43(2)-9/54นบ,02-2862400,-20120000925547-,100.3093489,716,716,75.48,2011-04-25T00:00:00,บริษัท เกียรติตง จำกัด,ราษฎร์นิยม,14.05136318,,ไทรน้อย,เลขที่ 57/6,9,2023-01-01T00:00:00,นนทบุรี,9,11150
51200,ผลิตฟองน้ำ,4908,16,1993-11-30T00:00:00,3,ร.พ.ช.,20131,45000000,จ3-44-1/36นบ,02-9223881-3,-20120500125366-,100.3321667,717,717,224.57,1993-08-25T00:00:00,บริษัท ซิตี้โฟม จำกัด,ราษฎร์นิยม,14.11781667,,ไทรน้อย,เลขที่ 18/1-4,22,2023-01-01T00:00:00,นนทบุรี,38,11150
1485,ผลิตและผสมสีน้ำ,864,12,2008-02-15T00:00:00,9,บางบัวทอง-สุพรรณบุรี,20221,18118750,จ3-45(1)-1/51นบ,02-6186671-2,-20120000125510-,100.40655,718,718,271.5,2008-01-17T00:00:00,บริษัท เอคโค โคท จำกัด,ละหาร,13.95176,-,บางบัวทอง,เลขที่ 333/2,48,2023-01-01T00:00:00,นนทบุรี,60,11110
1485,ผลิตและผสมสีน้ำ,864,10,2008-01-22T00:00:00,9,บางบัวทอง-สุพรรณบุรี,20221,59549760,จ3-45(1)-12/50นบ,0-2726-5077-8,-20120001225509-,100.40595,719,719,497.75,2007-01-10T00:00:00,บริษัท โรเธนเบิร์ก เอฟ เอ อาร์ จำกัด,ละหาร,13.95116,-,บางบัวทอง,เลขที่ 333/40,23,2023-01-01T00:00:00,นนทบุรี,33,11110
642,ผลิตสีน้ำ และสีน้ำมัน,642,0,2005-02-21T00:00:00,8,ตลิ่งชัน-สุพรรณบุรี,20221,2000000,จ3-45(1)-15/47นบ,,-20120101525477-,100.3925833,720,720,130,2004-03-09T00:00:00,บริษัท เคมเทคเพ้นท์ อินดัสทรี จำกัด,ละหาร,13.97035,สุเหร่าเขียว,บางบัวทอง,เลขที่ 30/6,5,2020-01-01T00:00:00,นนทบุรี,5,11110
6440,ผลิตสีน้ำมัน,375,0,1992-09-15T00:00:00,7,บางบัวทอง-สุพรรณบุรี,20221,18100000,จ3-45(1)-2/35นบ,,-20120000225351-,100.4149667,721,721,99.84,1993-07-19T00:00:00,,ละหาร,13.94413333,,บางบัวทอง,เลขที่ 94/4,5,2022-01-01T00:00:00,นนทบุรี,5,11110
11200,ผลิตทินเนอร์ แลคเกอร์ และสี่พ่นอุตสาหกรรมฯ,2835,10,2007-04-01T00:00:00,1,ไทรน้อย-ลาดบัวหลวง,20221,21000000,จ3-45(1)-2/45นบ,,-20120200225458-,100.3116833,722,722,233,2002-01-23T00:00:00,บริษัท โอเชี่ยน โรต้า จำกัด,ราษฎร์นิยม,14.05896667,,ไทรน้อย,เลขที่ 52/9,27,2022-01-01T00:00:00,นนทบุรี,37,11150
1600,ผลิตสีเทอร์โมพลาสติก,200,0,,12,บางกรวย-ไทรน้อย,20221,8000000,จ3-45(1)-2/60นบ,089 2167927,-20120000225609-,100.3842283,723,723,95,2017-08-08T00:00:00,บริษัท ทีพี ทราฟฟิค เพ้นท์ จำกัด,บางบัวทอง,13.96365193,,บางบัวทอง,เลขที่ 11/8,7,,นนทบุรี,7,12000
,ทำสีฝุ่น,1494,11,2006-01-23T00:00:00,3,,20221,26000000,จ3-45(1)-21/48นบ,,-20120102125483-,100.4353833,724,724,74,2005-11-21T00:00:00,บริษัท อัมรินทร์เซรามิคส์คอร์ปอเรชั่น จำกัด,ลำโพ,13.96093333,,บางบัวทอง,เลขที่ 27/1,9,2021-01-01T00:00:00,นนทบุรี,20,11110
3496,ผลิตสีเทอร์โมพลาสติก สำหรับทำเครื่องหมายจราจร เช่น สีตีเส้นจราจร,500,2,2006-01-06T00:00:00,4,บางใหญ่-บางคูลัด,20221,8000000,จ3-45(1)-4/49นบ,0-2927-8073,-20120100425497-,100.3592833,725,725,90,2006-10-05T00:00:00,บริษัท เบญจภูมิ ทราฟฟิค จำกัด,บางใหญ่,13.83895,เทศบาลบางใหญ่ 9,บางใหญ่,เลขที่ 30/8,3,2021-01-01T00:00:00,นนทบุรี,5,11140
1088,ผลิตสี อบสีเคลือบกระเบื้องและสารควบคุมการเกิดฟอง,225,9,2004-04-26T00:00:00,5,ตลิ่งชัน-สุพรรณบุรี,20221,2310000,จ3-45(1)-5/47นบ,02-932-2290,-20120100525478-,100.4011833,726,726,129,2004-03-25T00:00:00,บริษัท ดีโฟมเมอร์ (ประเทศไทย)จำกัด,ละหาร,13.96966667,เทพประทานพร,บางบัวทอง,เลขที่ 67,3,2024-01-01T00:00:00,นนทบุรี,12,11110
11261,ผลิตสีน้ำพลาสติก ปูนผสมพิเศษ,2100,4,2015-02-16T00:00:00,11,,20221,20000000,จ3-45(1)-9/57นบ,0 2985 5561,-20120000925570-,100.3095858,727,727,138.5,2014-10-11T00:00:00,บริษัท แซนดี้ อินเตอร์เนชั่นแนล จำกัด,ไทรใหญ่,14.06887363,,ไทรน้อย,เลขที่ 111,20,2020-01-01T00:00:00,นนทบุรี,24,11150
6000,ผลิตยา,2160,50,2003-04-09T00:00:00,7,บางกรวย-ไทรน้อย,21001,10500000,จ3-46(1)-1/40นบ,0-2956-0271,-20120500125408-,100.3311,728,728,38.42,1997-01-29T00:00:00,บริษัท ศิริบัญชา จำกัด,ไทรน้อย,13.98695,,ไทรน้อย,เลขที่ 50/4,1,2023-01-01T00:00:00,นนทบุรี,51,11150
3164,ผลิตน้ำยาล้างไตและน้ำยาฆ่าเชื้อ,2572,3,2018-03-19T00:00:00,8,บางม่วง-บางคูลัด,21001,124000000,จ3-46(1)-1/61นบ,,-20120100125618-,100.402156,729,729,113.5,2018-01-24T00:00:00,บริษัท เกรซ วอเทอร์ เมด จำกัด,บางม่วง,13.830164,,บางใหญ่,เลขที่ 13/7,9,2023-01-01T00:00:00,นนทบุรี,12,11140
3372,ผลิตยาแผนโบราณ,3330,11,2019-11-03T00:00:00,4,บางกรวย-ไทรน้อย,21001,22000000,จ3-46(1)-1/62นบ,,-20120020125623-,100.3875763,730,730,452.36,2019-01-23T00:00:00,เอเซียโอสถ,บางบัวทอง,13.9402474,,บางบัวทอง,"เลขที่ 51/32,55/35",4,2024-01-01T00:00:00,นนทบุรี,15,11110
1508,ผลิตยาแผนโบราณ,338,32,2020-01-09T00:00:00,1,,21001,29000000,จ3-46(1)-1/63นบ,24962080,-20120013625639-,100.4250902,731,731,274.7,2020-01-17T00:00:00,บริษัท ไทยเอฟดี จำกัด,มหาสวัสดิ์,13.81259376,,บางกรวย,เลขที่ 78/9,6,,นนทบุรี,38,11130
7996,ผลิตยารักษาโรคแผนปัจจุบัน เช่น ยาผง ยาเม็ด แคปซูล ยาน้ำ,2212,20,2021-06-14T00:00:00,8,,21001,95000000,จ3-46(1)-1/64นบ,298553859,-20120199525645-,100.31512,732,732,96.68,2021-04-03T00:00:00,บริษัท ฟีฮาแล็บ จำกัด,ราษฎร์นิยม,14.105591,,ไทรน้อย,เลขที่ 39/8,8,,นนทบุรี,28,
6000,ผลิตเครื่องสำอาง และผลิตภัณฑ์เสริมอาหาร เช่น เครื่องดื่มเกลือแร่,2160,50,2004-07-06T00:00:00,7,บางกรวย-ไทรน้อย,21001,10500000,จ3-46(1)-2/47นบ,0 2956 0171,-20120400225472-,100.33105,733,733,77,2004-03-25T00:00:00,บริษัท ศิริบัญชา จำกัด,ไทรน้อย,13.98693333,สวนเกษตรสิริฉัตร,ไทรน้อย,เลขที่ 50/4 (ชั้น 2),1,2024-01-01T00:00:00,นนทบุรี,51,11150
4252,ผลิตยาแผนโบราณ หรือยาน้ำสมุนไพร,3262,2,2009-11-11T00:00:00,2,เลียบแม่น้ำเจ้าพระยา,21001,40000000,จ3-46(1)-2/51นบ,02-9218090-3,-20120000225518-,100.46754,734,734,59,2008-05-29T00:00:00,บริษัท เจริญโอสถ จำกัด,ไทรม้า,13.87,-,เมืองนนทบุรี,เลขที่ 89/9,8,2024-01-01T00:00:00,นนทบุรี,10,11000
11584,ผลิตยาสมุนไพร,450,10,2017-09-15T00:00:00,10,รพช.บางไทร-ตาซ้อน,21001,38500000,จ3-46(1)-2/54นบ,,-20120200225540-,100.372028,735,735,488.95,2011-11-02T00:00:00,บริษัท แซนด์-เอ็ม โกลบอล จำกัด,บางแม่นาง,13.90152784,-,บางใหญ่,เลขที่ 29/3,14,2022-01-01T00:00:00,นนทบุรี,24,11140
32000,ผลิตยารักษาโรค,6872,15,,3,วัดพระเงิน-บางคูลัด,21001,138000000,จ3-46(1)-2/60นบ,02-5142458,-20120100225608-,100.3641878,736,736,403.52,2017-05-15T00:00:00,บริษัท แอคดอน จำกัด,ศาลากลาง,13.81392953,,บางกรวย,เลขที่ ,20,,นนทบุรี,35,10310
36484,ผลิตยาแผนปัจจุบัน ยาเม็ด ยาน้ำ และยาปราศจากเชื้อ,14146,67,,4,,21001,314430575.6,จ3-46(1)-2/67นบ,02-1499372,-20120086725670-,,737,737,479.32,2024-05-29T00:00:00,บริษัท ไทย พี.ดี.เคมีคอล จำกัด,คลองขวาง,,,ไทรน้อย,เลขที่ 68/1,31,,นนทบุรี,98,11150
43824,ผลิตยารักษาโรค,2904,20,2019-07-26T00:00:00,2,บางบัวทอง-สุพรรณบุรี,21001,627000000,จ3-46(1)-3/59นบ,,-20120200325597-,100.327999,738,738,3156,2016-01-11T00:00:00,บริษัท ฟาร์มาสันต์ แล็บบอราตอรี่ส์ จำกัด,ราษฎร์นิยม,14.090908,,ไทรน้อย,เลขที่ 33,22,2024-01-01T00:00:00,นนทบุรี,42,11150
4960,ผลิตยาและอาหารเสริม,988,10,,5,,21001,25000000,จ3-46(1)-3/61นบ,,-20120000325615-,100.307185,739,739,87.58,2018-03-26T00:00:00,บริษัท หมอนพพร กรุ๊ป จำกัด,ทวีวัฒนา,13.956747,,ไทรน้อย,เลขที่ 9/1,5,,นนทบุรี,15,10220
40000,ผลิตยาสำเร็จรูปแผนปัจจุบัน,8500,70,2008-01-12T00:00:00,4,,21001,310000000,จ3-46(1)-4/51นบ,02-101-2222,-20120000425514-,100.37005,740,740,318.25,2008-05-09T00:00:00,บริษัท ถ้วยทองโอสถ จำกัด,บางแม่นาง,13.88154,-,บางใหญ่,เลขที่ 28/9,60,2023-01-01T00:00:00,นนทบุรี,130,11140
15212,ผลิตยาแผนโบราณ,4104,0,,4,บางคูลัด-วัดพระเงิน,21001,45000000,จ3-46(1)-4/61นบ,089 4881321,-20120100425612-,100.36528,741,741,403,2018-11-05T00:00:00,บริษัท กุยลิ้มฮึ้ง คอร์ปอเรชั่น จำกัด,บางใหญ่,13.834158,,บางใหญ่,เลขที่ โฉนดเลขที่ 28718,0,,นนทบุรี,0,10100
3722,ผลิตยาแผนโบราณ เช่น ยาแคปซูล ยาเม็ด ยาผง,498,2,2018-10-09T00:00:00,1,ฉลองราชย์ 50 ปี,21001,31000000,จ3-46(1)-5/61นบ,094 7952666,-20120100525619-,100.382732,742,742,60.5,2018-05-06T00:00:00,บริษัท สยาม เอสเอฟ จำกัด,ศาลากลาง,13.818607,รุ่งอรุณ,บางกรวย,เลขที่ 88/88,8,2023-01-01T00:00:00,นนทบุรี,10,11130
41000,ผลิตยาแผนโบราณ อาหารเสริม เครื่องสำอาง,12096,20,2009-03-12T00:00:00,2,บางไผ่-หนองเพรางาย,21001,84000000,จ3-46(1)-6/51นบ,,-20120100625518-,100.29207,743,743,2674.59,2008-03-10T00:00:00,บริษัท ยาอินไทย จำกัด,หนองเพรางาย,13.92326,-,ไทรน้อย,"เลขที่ 20/3-6,20/8-10",15,2024-01-01T00:00:00,นนทบุรี,35,11150
3722,ผลิตยาแผนโบราณ ผลิตเสริมอาหาร,320,2,2018-09-20T00:00:00,1,ฉลองราชย์ 50 ปี,21001,31000000,จ3-46(1)-6/61นบ,094 7952666,-20120100625617-,100.3827952,744,744,60.5,2018-06-26T00:00:00,บริษัท สยาม สเน็ก ฟาร์ม จำกัด,ศาลากลาง,13.81869265,รุ่งอรุณ,บางกรวย,เลขที่ 88/99,8,2023-01-01T00:00:00,นนทบุรี,10,11130
2379,ผลิตยาแผนโบราณ,690,7,,2,345,21001,49000000,จ3-46(1)-8/61นบ,,-20120000825614-,100.434111,745,745,295.36,2018-12-21T00:00:00,บริษัท สิทธิพรสมุนไพร จำกัด,ลำโพ,13.953923,,บางบัวทอง,"เลขที่ โฉนดเลขที่ 140881,140882",4,,นนทบุรี,11,11110
22400,ผลิตยารักษาโรค,9931,504,1980-09-06T00:00:00,,,21001,1473478229,จ3-46(2)-1/23นบ,02-5890021,-20120000125239-,100.5352833,746,746,21010.19,1995-10-16T00:00:00,บริษัท ไทยนครพัฒนา จำกัด,บางเขน,13.85523333,งามวงศ์วาน 8,เมืองนนทบุรี,เลขที่ 14,379,2020-01-01T00:00:00,นนทบุรี,883,11000
25600,ผลิตยารักษาโรคแผนปัจจุบัน ยาเม็ด ยาแค๊ปซูล,3984,33,1996-04-18T00:00:00,6,บางบัวทอง-สุพรรณบุรี,21001,46000000,จ3-46(2)-1/37นบ,,-20120700125372-,100.31835,747,747,1876.2,1994-01-08T00:00:00,บริษัท ฟาร์มาสันต์ แล็บบอราตอรี่ส์ จำกัด,ราษฎร์นิยม,14.07603333,,ไทรน้อย,เลขที่ 96/3,28,2021-01-01T00:00:00,นนทบุรี,61,11150
5310,ผลิตยาแผนโบราณ,570,6,2004-06-14T00:00:00,,บางคูเวียง,21001,36500000,จ3-46(2)-2/46นบ,02-4242587,-20120200225466-,100.41565,748,748,69,2003-10-07T00:00:00,ห้างขายยาจอมทอง,บางคูเวียง,13.81458333,บางคูเวียง,บางกรวย,เลขที่ 92/5,6,2024-01-01T00:00:00,นนทบุรี,12,11130
2300,ผลิตยา อาหาร และอาหารเสริมจากพืช,216,5,2016-01-08T00:00:00,3,บางกรวย-ไทรน้อย,21001,60000000,จ3-46(2)-3/59นบ,0 2923 8250,-20120300325596-,100.3477,749,749,77.67,2016-05-07T00:00:00,บริษัท วีอาร์สเตปฟี่ จำกัด,ไทรน้อย,13.9664,,ไทรน้อย,เลขที่ 70/10,1,2021-01-01T00:00:00,นนทบุรี,6,10400
4531,ผลิตยารักษาโรคแผนโบราณ และทำเครื่องสำอาง,3600,22,2020-12-11T00:00:00,5,ปทุม-บางเลน,21001,94000000,จ3-46(2)-3/62นบ,,-20120166325623-,100.3389472,750,750,258.34,2019-06-28T00:00:00,ห้างหุ้นส่วนจำกัด จัตุรงค์คูลลิ่ง,ราษฎร์นิยม,14.02811967,,ไทรน้อย,เลขที่ 44/1,10,,นนทบุรี,32,11150
4694,ผลิตยาแผนโบราณสำหรับมนุษย์,1420,16,2020-06-07T00:00:00,3,,21001,9300000,จ3-46(2)-5/62นบ,24244183,-20120297725626-,100.4875439,751,751,299,2019-11-19T00:00:00,ห้างขายยาตราใบห่อ,บางไผ่,13.81967911,,เมืองนนทบุรี,"เลขที่ 74/5,75/5",22,,นนทบุรี,38,
112000,ผลิตยาแผนปัจจุบัน สมุนไพรแผนโบราณ เครื่องสำอาง ในรูปแบบ ยาเม็ด แคปซูล น้ำ ผง ครีม ยาฉีด ยาปราศจากเชื้อ และไม่ปราศจากเชื้อ,22500,12,2009-08-15T00:00:00,3,-,21001,355000000,จ3-46(2)-6/51นบ,,-20120200625517-,100.47849,752,752,250.11,2008-09-09T00:00:00,บริษัท เพรซิเดนท์ อินเตอร์ ฟาร์มา จำกัด,คลองพระอุดม,13.93219,-,ปากเกร็ด,เลขที่ 21/6,12,2024-01-01T00:00:00,นนทบุรี,24,11120
1550,แปรรูปพืชสมุนไพร เครื่องเทศ ผลิตยาแผนโบราณ,498,2,2020-03-20T00:00:00,1,เลียบคลองประปา,21001,15000000,จ3-46(3)-1/60นบ,,-20120200125609-,100.5650765,753,753,498,2017-03-21T00:00:00,บริษัท เซบิทโค จำกัด,บ้านใหม่,13.94392731,,ปากเกร็ด,เลขที่ 129/2,15,,นนทบุรี,17,10210
2280,ผลิตอาหารเสริม ยาแผนโบราณ เครื่องดื่มที่ไม่มีแอลกอฮอล์ ขนมอัดเม็ด และอาหารสำเร็จรูป,245,11,2018-07-19T00:00:00,4,บางกรวย-ไทรน้อย,21001,10000000,จ3-46(3)-1/61นบ,,-20120200125617-,100.387492,754,754,445.76,2018-03-20T00:00:00,ไดนาฟูด,บางบัวทอง,13.940107,,บางบัวทอง,เลขที่ 51/32-33,4,2023-01-01T00:00:00,นนทบุรี,15,72160
760,ผลิตภัณฑ์เสริมอาหารเพื่อสุขภาพ,410,17,2020-09-14T00:00:00,2,,21001,4999998,จ3-46(3)-1/62นบ,,-20120201725621-,100.433419,755,755,98.58,2019-07-08T00:00:00,บริษัท อมตะ ไลฟ์ พลัส จำกัด,ลำโพ,13.953148,,บางบัวทอง,เลขที่ 29/59,9,,นนทบุรี,26,11110
5596,ทำผลิตภัณฑ์เสริมอาหารเพื่อสุขภาพ,1260,44,,3,,21001,88594266.59,จ3-46(3)-1/66นบ,29204422,-20120046225662-,,756,756,187.86,2023-03-22T00:00:00,บริษัท อมตะ ไลฟ์ พลัส จำกัด,ลำโพ,,,บางบัวทอง,เลขที่ 10/5,20,,นนทบุรี,64,11110
1600,ผลิตเสริมอาหาร,1590,4,2019-10-06T00:00:00,7,,21001,12000000,จ3-46(3)-15/61นบ,,-20120001525619-,100.3840136,757,757,253.4,2018-01-11T00:00:00,บริษัท จี.อีเดน จำกัด,ละหาร,13.98195334,,บางบัวทอง,เลขที่ 110/3,8,2024-01-01T00:00:00,นนทบุรี,12,11110
857,ผลิตเสริมอาหาร,720,4,2019-01-02T00:00:00,3,,21001,51000000,จ3-46(3)-16/61นบ,,-20120001625617-,100.435114,758,758,97.36,2018-05-11T00:00:00,บริษัท ธนัทเฮิร์บ พาณิชย์ จำกัด,ลำโพ,13.954291,,บางบัวทอง,เลขที่ 55/31,4,2024-01-01T00:00:00,นนทบุรี,8,10150
1884,ทำผลิตภัณฑ์อาหารเสริมและยาสมุนไพร,936,6,2008-04-20T00:00:00,2,สาย 345 (ปทุมธานี-บางบัวทอง),21001,51000000,จ3-46(3)-2/48นบ,0-2961-7013,-20120200225482-,100.4337167,759,759,173.94,2005-02-05T00:00:00,บริษัท เสริมพิสิทธิ์ จำกัด,ลำโพ,13.9537,-,บางบัวทอง,เลขที่ 29/135,7,2023-01-01T00:00:00,นนทบุรี,13,11110
123480,ผลิตเสริมอาหาร,1920,0,2018-08-27T00:00:00,1,บางบัวทอง-ลาดบัวหลวง,21001,70000000,จ3-46(3)-3/61นบ,,-20120100325614-,100.310133,760,760,240,2018-04-05T00:00:00,บริษัท เอสคิวไอ อินโนเวชั่น จำกัด,ราษฎร์นิยม,14.031713,,ไทรน้อย,เลขที่ 49,14,2023-01-01T00:00:00,นนทบุรี,14,11150
800,ผลิตอาหารเสริม,1286,29,2018-07-02T00:00:00,2,ทางหลวงหมายเลข 345,21001,22000000,จ3-46(3)-4/60นบ,088 825555,-20120100425604-,100.431793,761,761,97.9,2017-09-28T00:00:00,บริษัท ธนกฤต กรุ๊ป จำกัด,ลำโพ,13.954595,,บางบัวทอง,เลขที่ 29/90,15,2023-01-01T00:00:00,นนทบุรี,44,11110
371,ผลิตอาหารเสริม,371,8,2021-08-02T00:00:00,3,,21001,5000000,จ3-46(3)-4/63นบ,856660902,-20120146625639-,100.3247227,762,762,90.8,2020-07-31T00:00:00,ซัน เฮลท์แอนด์บิวตี้,คลองขวาง,14.02511038,,ไทรน้อย,เลขที่ 20/12,9,,นนทบุรี,17,11150
857,ผลิตเสริมอาหาร,512,8,2018-09-19T00:00:00,3,,21001,51000000,จ3-46(3)-7/61นบ,,-20120000725616-,100.435058,763,763,54,2018-08-08T00:00:00,บริษัท ธนัทเฮิร์บ พาณิชย์ จำกัด,ลำโพ,13.954348,,บางบัวทอง,เลขที่ 55/30,5,2023-01-01T00:00:00,นนทบุรี,13,
4028,ผลิตแชมภูสระผม,900,43,2003-04-04T00:00:00,8,สาย 345-ประตูน้ำคลองพระอุดม,20231,11100000,จ3-47(1)-1/45นบ,02-4286478,-20120500125457-,100.4505167,764,764,44.11,2002-08-29T00:00:00,บริษัท วีชมาร์ต จำกัด,คลองข่อย,13.96288333,อบต.คลองข่อย,ปากเกร็ด,เลขที่ 52/4,14,2023-01-01T00:00:00,นนทบุรี,57,11120
3202,ผลิตน้ำยาทำความสะอาดภาชนะต่างๆ และทำเครืองสำฯ,480,2,2007-06-19T00:00:00,10,เกษตรอุดมฯถ.วงแหวนรอบนอก,20231,4300000,จ3-47(1)-1/46นบ,02-8841048-9,-20121800125460-,100.4211,765,765,104.7,2003-03-26T00:00:00,บริษัท เดเวอร์ แล็บ จำกัด,คลองข่อย,13.98316667,,ปากเกร็ด,เลขที่ 26/5,5,2022-01-01T00:00:00,นนทบุรี,7,11120
2968,ทำสบู่ วัสดุสังเคราะห์สำหรับซักฟอก แชมพู ผลิตภัณฑ์สำหรับซักผ้าหรือขัดถูและการทำยาฆ่าเชื้อโรคหรือยาดับกลิ่น,1728,5,2008-08-18T00:00:00,9,บางบัวทอง-สุพรรณบุรี,20231,23000000,จ3-47(1)-1/51นบ,0-2964-4960-3,-20120100125519-,100.40338,766,766,53.54,2008-04-02T00:00:00,บริษัท สมาร์ทแล็บ จำกัด,ละหาร,13.94743,-,บางบัวทอง,เลขที่ 333/28-29,8,2023-01-01T00:00:00,นนทบุรี,13,11110
1064,ผลิตสบู่สมุนไพรและเครื่องสำอาง,800,26,2015-11-23T00:00:00,3,345,20231,32000000,จ3-47(1)-11/58นบ,02 5258645-6,-20120101125583-,100.4354556,767,767,53.5,2015-09-15T00:00:00,บริษัท เอ.เอส.พี.อินเตอร์เนชั่น เฮอร์บัลโซป จำกัด,ลำโพ,13.95469725,,บางบัวทอง,เลขที่ 53/39,38,2020-01-01T00:00:00,นนทบุรี,64,11110
1032,ผลิตสบู่สมุนไพรและเครื่องสำอาง,800,26,2015-11-23T00:00:00,2,345,20231,32000000,จ3-47(1)-12/58นบ,02 5258645-6,-20120001225582-,100.4316029,768,768,54.02,2015-09-15T00:00:00,บริษัท เอ.เอส.พี.อินเตอร์เนชั่น เฮอร์บัลโซป จำกัด,ลำโพ,13.95527887,,บางบัวทอง,เลขที่ 29/112,38,2020-01-01T00:00:00,นนทบุรี,64,10210
730,ผลิตสบู่สมุนไพรและเครื่องสำอาง,530,66,2015-11-23T00:00:00,3,345,20231,32000000,จ3-47(1)-13/58นบ,02 5258782-3,-20120001325580-,100.435577,769,769,53.89,2015-09-15T00:00:00,บริษัท เอ ยูเอสเอ จำกัด,ลำโพ,13.95454199,,บางบัวทอง,เลขที่ 55/40,38,2020-01-01T00:00:00,นนทบุรี,104,11110
15414,ผลิตเครื่องสำอาง หรือสิ่งปรุงแต่งร่างกาย ฯลฯ,3718,26,2004-04-03T00:00:00,2,แจ้งวัฒนะ,20231,97000000,จ3-47(1)-2/46นบ,02-980-9206-12,-20120300225465-,100.5458,770,770,2546.05,2003-08-09T00:00:00,บริษัท เยเนอรัล แคร์ โปรดักส์ จำกัด,คลองเกลือ,13.90185,ศรีตะปันย์,ปากเกร็ด,เลขที่ 51/3,20,2024-01-01T00:00:00,นนทบุรี,46,11120
800,ผลิตน้ำนาถูพื้น น้ำยาเก้บฝุ่นละออง น้ำยาซักผ้า น้ำยาปรับผ้านุ่ม น้ำยาทำความสะอาดเครื่องสุขภัณฑ์ น้ำยาล้างจาน น้ำยาล้างรถ น้ำยาล้างมือ น้ำยาเช็ดกระจก,395,7,2016-08-15T00:00:00,5,ตลิ่งชัน-สุพรรณบุรี,20231,7000000,จ3-47(1)-4/59นบ,,-20120100425596-,100.4121714,771,771,69,2016-04-29T00:00:00,บริษัท ชัวร์ เคมีคอล ซัพพลาย จำกัด,ละหาร,13.95147934,,บางบัวทอง,เลขที่ 54/19,3,2021-01-01T00:00:00,นนทบุรี,10,11110
260,ผลิตน้ำยาล้างจาน ผงซักฟอก น้ำยาฆ่าเชื้อโรค และน้ำยาดับกลิ่น,208,3,2005-11-28T00:00:00,2,บางกรวย-ไทรน้อย,20231,8048000,จ3-47(1)-6/48นบ,,-20120100625484-,100.3499833,772,772,65.5,2005-08-25T00:00:00,บริษัท ดรุชัย เอ็นเตอร์ไพรส์ จำกัด,ไทรน้อย,13.97745,-,ไทรน้อย,เลขที่ 24/45,19,2020-01-01T00:00:00,นนทบุรี,22,11150
4800,ผลิตสบู่เครื่องสำอาง หรือสิ่งปรุงแต่งร่างกาย เช่น น้ำยาทำความสะอาดสุขภัณฑ์ สบู่เหลว ผงซักฟอก แชมพู และยาสีฟัน,1440,7,2014-10-15T00:00:00,1,บางบัวทอง-ลาดบัวหลวง,20231,31000000,จ3-47(1)-9/57นบ,0 2921 9751,-20120100925579-,100.3035583,773,773,183,2014-09-17T00:00:00,บริษัท เอสคิวไอ อินโนเวชั่น จำกัด,ราษฎร์นิยม,14.03217142,,ไทรน้อย,เลขที่ 49,10,2024-01-01T00:00:00,นนทบุรี,17,11150
7200,ผลิตสบู่ ผงซักฟอก ผลิตภัณฑ์สำหรับชำระล้างหรือขัดถู,2200,16,2021-12-15T00:00:00,6,,20231,15000000,จ3-47(1)-9/64นบ,214952968,-20120439525645-,100.401477,774,774,202,2021-09-29T00:00:00,บริษัท เซเว่นเซฟ เอนเตอร์ไพรส์ จำกัด,ละหาร,13.969537,,บางบัวทอง,เลขที่ 15/9,16,,นนทบุรี,32,11110
7200,ผลิตผลิตภัณฑ์เครื่องสำอางและอาหารเสริม,6216,75,,3,,20232,85000000,จ3-47(3)-1/65นบ,,-20120002225656-,100.4774098,775,775,490.03,2022-06-01T00:00:00,บริษัท อีฟส์ คอร์ปอเรชั่น จำกัด,คลองพระอุดม,13.93316626,,ปากเกร็ด,เลขที่ โฉนดเลขที่ 70418,75,,นนทบุรี,150,11120
1000,ผลิตเครื่องสำอาง,680,12,2019-09-24T00:00:00,10,,20232,13900000,จ3-47(3)-10/62นบ,,-20120220825626-,100.3808543,776,776,188.22,2019-08-27T00:00:00,บริษัท เนจไซเอนซ์ จำกัด,บางแม่นาง,13.89223885,,บางใหญ่,เลขที่ 5/10,6,2024-01-01T00:00:00,นนทบุรี,18,11140
360,ผลิตเครื่องสำอาง อาหารเสริม เครื่องดื่ม ยาแผนโบราณ,1600,10,2017-02-03T00:00:00,7,,20232,3200000,จ3-47(3)-11/59นบ,,-20120101125591-,100.4209777,777,777,155,2016-02-11T00:00:00,บริษัท ไทยพรีเมียร์ ฟู้ดส์ จำกัด,ลำโพ,13.96050149,,บางบัวทอง,เลขที่ 111/1,10,2022-01-01T00:00:00,นนทบุรี,20,11000
374,ผลิตเครื่องสำอาง,374,9,2018-03-12T00:00:00,,บางบัวทอง-ปทุมธานี,20232,10200000,จ3-47(3)-25/61นบ,,-20120102525617-,100.4785185,778,778,83.05,2018-05-11T00:00:00,บริษัท มีสตางค์มีทรัพย์ จำกัด,บางตะไนย์,13.95695789,,ปากเกร็ด,เลขที่ 88/40,3,2023-01-01T00:00:00,นนทบุรี,12,11120
8000,ผลิตเครื่องสำอางดูแลผมและสิ่งปรุงแต่งร่างกาย,2400,60,2006-05-07T00:00:00,5,แจ้งวัฒนะ,20232,33000000,จ3-47(3)-3/49นบ,,-20120200325498-,100.5065167,779,779,256.25,2006-07-06T00:00:00,บริษัท ออด๊าซ อินดัสทรี่ จำกัด,ปากเกร็ด,13.90706667,-,ปากเกร็ด,เลขที่ 56/6,19,2021-01-01T00:00:00,นนทบุรี,79,11120
9940,ทำเครื่องสำอางหรือสิ่งปรุงแต่งร่างกาย,944,5,,2,,20232,48000000,จ3-47(3)-4/64นบ,,-20120287525648-,100.2697,780,780,77.14,2021-04-29T00:00:00,บริษัท เนเจอร์ เบนเนฟิท จำกัด,ขุนศรี,14.022259,,ไทรน้อย,เลขที่ 8/9,5,,นนทบุรี,10,11150
600,ผลิตเครื่องสำอางและผลิตภัณฑ์เสริมอาหาร,530,30,2022-06-13T00:00:00,1,บางบัวทอง-ปทุมธานี,20232,4500000,จ3-47(3)-4/65นบ,,-20120048725651-,,781,781,449,2022-03-21T00:00:00,บริษัท นูตร้าแล็ป จำกัด,บางตะไนย์,,,ปากเกร็ด,เลขที่ 88/56,30,2027-01-01T00:00:00,นนทบุรี,60,11120
546,ทำเครื่องสำอาง หรือสิ่งปรุงแต่งร่างกาย เช่น ผลิตภัณฑ์ทำความสะอาดและดูแลผิวพรรณ ผลิตภัณฑ์สปา,327,2,2007-08-14T00:00:00,4,วัดลาดปลาดุก,20232,4100000,จ3-47(3)-5/47นบ,02-6690524,-20120200525477-,100.3637548,782,782,90,2004-11-08T00:00:00,ห้างหุ้นส่วนจำกัด สหวัฒนาอิมปอร์ตเอ๊กซปอร์ต,บางคูรัด,13.91266675,,บางบัวทอง,เลขที่ 12/10,2,2022-01-01T00:00:00,นนทบุรี,4,11110
2392,ผลิตเครื่องสำอาง เช่น ครีมทาหน้า ครีมนวดตัว เป็นต้น,500,31,2006-01-10T00:00:00,7,กาญจนาภิเษก,20232,9149544,จ3-47(3)-5/49นบ,,-20120000525495-,100.4256333,783,783,39.12,2006-01-09T00:00:00,บริษัท พรีมา แคร์ อินเตอร์เนชั่นแนล จำกัด,ลำโพ,13.95735,-,บางบัวทอง,เลขที่ 55/5,22,2021-01-01T00:00:00,นนทบุรี,53,11110
1600,ผลิตเครื่องสำอาง,400,26,2014-12-24T00:00:00,5,บางกรวย-จงถนอม,20232,21858907,จ3-47(3)-5/55นบ,0 2447 0729,-20120200525550-,100.4634294,784,784,121.44,2012-10-29T00:00:00,บริษัท สกิน อินทิเมท จำกัด,มหาสวัสดิ์,13.8024707,บางขนุน 3,บางกรวย,เลขที่ 555,25,2024-01-01T00:00:00,นนทบุรี,51,11130
1780,ผลิตเครื่องสำอาง,800,7,2019-12-19T00:00:00,2,,20232,11000000,จ3-47(3)-5/62นบ,,-20120153525623-,100.3841515,785,785,92,2019-06-14T00:00:00,บริษัท ไทย บิวตี้ กรุ๊ป (ประเทศไทย) จำกัด,บางแม่นาง,13.84297641,,บางใหญ่,เลขที่ 12/15,7,,นนทบุรี,14,11140
965,ผลิตเครื่องสำอางหรือสิ่งปรุงแต่งร่างกาย,1286,40,2023-03-23T00:00:00,2,,20232,36000000,จ3-47(3)-5/64นบ,29752204,-20120300325646-,100.4347701,786,786,395.6,2021-12-05T00:00:00,บริษัท แพทย์สะอาด แลบ จำกัด,ลำโพ,13.95232935,,บางบัวทอง,เลขที่ 29/67,25,2028-01-01T00:00:00,นนทบุรี,65,11110
4711,ผลิตเครื่องสำอาง หรือสิ่งปรุงแต่งร่างกาย,950,12,2022-04-07T00:00:00,8,,20232,31500000,จ3-47(3)-7/64นบ,,-20120373925645-,100.4517235,787,787,89.04,2021-07-15T00:00:00,บริษัท วีชเบสท์ จำกัด,คลองข่อย,13.9645256,,ปากเกร็ด,เลขที่ 52/5,7,,นนทบุรี,19,11120
612,ผลิตเครื่องสำอาง,540,13,2022-09-26T00:00:00,1,345,20232,10272000,จ3-47(3)-7/65นบ,623547782,-20120130725650-,100.4795,788,788,81.4,2022-03-08T00:00:00,บริษัท พฤกษาแลบบอราเทอรี่ จำกัด,บางตะไนย์,13.95589,โรงงานเมืองเช่า,ปากเกร็ด,เลขที่ 88/11,2,2027-01-01T00:00:00,นนทบุรี,15,11120
1336,ผลิตเครื่องสำอาง,436,6,2021-07-15T00:00:00,8,,20232,29805000,จ3-47(3)-8/63นบ,,-20120251225639-,100.4827133,789,789,169,2020-11-18T00:00:00,บริษัท วาโย โปรดักส์ จำกัด,ท่าอิฐ,13.89503622,,ปากเกร็ด,เลขที่ 78/6,4,,นนทบุรี,10,11120
9600,ทำเครื่องสำอางหรือสิ่งปรุงแต่งร่างกาย เช่น เกลือสปาอาบน้ำ น้ำมันใส่ผม ครีมหมักผม เป็นต้น,3600,25,2008-04-02T00:00:00,7,,20232,44850000,จ3-47(3)-9/47นบ,01-4462599,-20120100925470-,100.4000833,790,790,187.4,2004-10-15T00:00:00,บริษัท ลีกาโน่ (ประเทศไทย) จำกัด,ละหาร,13.96895,,บางบัวทอง,เลขที่ 99/9,35,2023-01-01T00:00:00,นนทบุรี,60,11110
385,ผลิตขี้ผึ้ง และเทียนไข,275,0,1998-02-23T00:00:00,1,บางบัวทอง-ลาดบัวหลวง,20231,8000000,จ3-48(1)-1/40นบ,5971191-3,-20120600125407-,100.3123333,791,791,168.5,1997-12-25T00:00:00,บริษัท สยาม ควอลิตี้ อินดัสทรี้ส จำกัด,ราษฎร์นิยม,14.03068333,,ไทรน้อย,เลขที่ 49,11,2023-01-01T00:00:00,นนทบุรี,11,11150
680,ครีมนับธนบัตร และแบ่งบรรจุผลิตภัณฑ์เทปกาว กาวหลอด,442,15,2002-09-16T00:00:00,,,20299,9200000,จ3-48(2)-1/45นบ,0-2526-1589,-20120600125456-,100.5128667,792,792,62.87,2002-08-22T00:00:00,บริษัท พี.เกรท มาร์เก็ตติ้ง จำกัด,ตลาดขวัญ,13.84148333,ติวานนท์ 2 แยก 2,เมืองนนทบุรี,เลขที่ 2,4,2022-01-01T00:00:00,นนทบุรี,19,11000
860,ผลิตกาวใช้ในอุตสาหกรรม เช่น กาวน้ำ กาวเม็ด ฯลฯ,800,16,2004-03-15T00:00:00,1,,20292,23000000,จ3-48(3)-1/47นบ,02-5823338-9,-20120300125475-,100.56045,793,793,1038.4,2004-01-20T00:00:00,บริษัท เอ็นทีพี ทรินิตี้ จำกัด,บ้านใหม่,13.94518333,พระมหาการุณย์,ปากเกร็ด,เลขที่ 75/1,36,2024-01-01T00:00:00,นนทบุรี,52,11120
40445,"ผลิตผงเชื่อมสายล่อฟ้าและสายดิน ,ผลิตถ้วยเซรามิค",1944,35,2020-04-23T00:00:00,1,,20292,267295712,จ3-48(3)-2/62นบ,,-20120145525624-,100.3008929,794,794,491.23,2019-07-06T00:00:00,บริษัท คัมเวล คอร์ปอเรชั่น จำกัด (มหาชน),ไทรใหญ่,14.06172144,,ไทรน้อย,เลขที่ 27,59,,นนทบุรี,94,11150
3200,ผลิตกาวลาเท็กซ์ กาวเด็กซ์ตริน,490,1,2024-08-05T00:00:00,9,บางเลน-ปทุมธานี,20292,22000000,จ3-48(3)-2/66นบ,624154254,-20120128025667-,,795,795,236.19,2023-08-18T00:00:00,บริษัท พีเอ็มซี มิลเลนเนียม จำกัด,ไทรใหญ่,,วัดสโมสร,ไทรน้อย,เลขที่ โฉนดที่ดินเลขที่ 52767,5,2029-01-01T00:00:00,นนทบุรี,6,11150
1604,ผลิตกาวลาเท็กซ์,432,2,2009-09-09T00:00:00,1,ศรีสมาน,20292,19000000,จ3-48(3)-4/52นบ,0-2611-6076-7,-20120200425520-,100.55266,796,796,267.53,2009-03-07T00:00:00,บริษัท เค.โอ.ที. จำกัด,บ้านใหม่,13.94632,ศรีสมาน 8,ปากเกร็ด,เลขที่ 69/3,5,2024-01-01T00:00:00,นนทบุรี,7,11120
24000,ผลิตเทียนไข และเทียนไหว้เจ้า,2550,4,2008-11-08T00:00:00,5,ตลิ่งชัน-สุพรรณบุรี,32909,21000000,จ3-48(5)-2/48นบ,,-20120300225481-,100.3890167,797,797,57.35,2005-02-17T00:00:00,บริษัท เซียวฮั้วเฮง แคนเดิล จำกัด,เสาธงหิน,13.87715,แก้วอินทร์,บางใหญ่,เลขที่ 14/11,3,2023-01-01T00:00:00,นนทบุรี,7,11140
450,ทำหมึกพิมพ์,400,2,2002-02-09T00:00:00,2,สาย  345,20222,7675000,จ3-48(6)-1/45นบ,02-9261230,-20120800125454-,100.4356833,798,798,64.5,2002-11-07T00:00:00,บริษัท โมโนเมอร์ จำกัด,ลำโพ,13.95098333,,บางบัวทอง,เลขที่ 29/2,2,2022-01-01T00:00:00,นนทบุรี,4,11110
796,ทำหมึกพิมพ์,935,2,2012-09-07T00:00:00,2,สาย 345,20222,17200000,จ3-48(6)-1/55นบ,,-20120200125559-,100.4327833,799,799,153,2012-06-18T00:00:00,บริษัท เมกกะ อิ้งค์ จำกัด,ลำโพ,13.95426667,-,บางบัวทอง,เลขที่ 29/85,13,2022-01-01T00:00:00,นนทบุรี,15,11110
666,ผสมหมึกพิมพ์,540,0,2020-09-28T00:00:00,1,345,20222,10300000,จ3-48(6)-1/63นบ,25986319,-20120007825633-,100.4797596,800,800,102.5,2020-01-13T00:00:00,บริษัท เอ็นวาย-เท็ค อิ้งค์แอนด์เคมิคอลส์ จำกัด,บางตะไนย์,13.95562144,,ปากเกร็ด,เลขที่ 88/36,3,,นนทบุรี,3,11120
3200,ผลิตยาจุดกันยุง,418,2,2017-03-23T00:00:00,3,ปทุม-บางเลน,20115,3900000,จ3-48(7)-1/59นบ,,-20120200125591-,100.2926586,801,801,139.5,2016-09-21T00:00:00,บริษัท สัมฤทธิ์พันธุ์สุข จำกัด,ขุนศรี,14.02964885,,ไทรน้อย,เลขที่ 55,3,2022-01-01T00:00:00,นนทบุรี,5,11150
264,ผลิตนมสดพาสเจอร์ไรด์,160,4,2010-11-10T00:00:00,2,บางกรวย-ไทรน้อย,10501,2000000,จ3-5(1)-8/53นบ,,-20120000825531-,100.44325,802,802,160,2010-09-13T00:00:00,บริษัท ฮอกไกโด โมริโมโตะ จำกัด,บางรักใหญ่,13.88821667,ดวงทอง,บางบัวทอง,เลขที่ 48/86,6,2020-01-01T00:00:00,นนทบุรี,10,11110
296,ผลิตแม่สีสำหรับใช้ในอุตสาหกรรมยางและพลาสติก,296,0,1994-06-15T00:00:00,5,บางกรวย-ไทรน้อย,19209,3150000,จ3-50(4)-1/37นบ,,-20120800125371-,100.3746167,803,803,50,1994-05-26T00:00:00,บริษัท โพลิเมอร์ อินโนเวชั่น จำกัด,บางบัวทอง,13.94588333,,บางบัวทอง,เลขที่ 71/9,10,2024-01-01T00:00:00,นนทบุรี,10,11110
1480,ผลิตแม่สีและเคมีที่ใช้ในอุตสาหกรรมยางและพลาสติก,1250,7,1998-11-30T00:00:00,5,บางกรวย-ไทรน้อย,19209,5050000,จ3-50(4)-1/41นบ,903-6691-2,-20120700125414-,100.3731667,804,804,594,1998-06-18T00:00:00,บริษัท ไทย อีลาสโตพาร์ท จำกัด,บางบัวทอง,13.94318333,,บางบัวทอง,เลขที่ 71/29,14,2023-01-01T00:00:00,นนทบุรี,21,11110
55168,ผลิตแอสฟัลท์ติกคอนกรีต,0,0,2012-09-07T00:00:00,2,สาย 345,19209,74000000,จ3-50(4)-12/55นบ,02-1944250,-20120001225558-,100.438399,805,805,496,2012-06-15T00:00:00,บริษัท ไทยวัฒน์วิศวกรทาง จำกัด,ลำโพ,13.951646,วัดลำโพ,บางบัวทอง,เลขที่ 33,17,2023-01-01T00:00:00,นนทบุรี,17,11110
1675,ผลิตแม่สีสำหรับเทียนไขและพลาสติก,1000,3,2010-09-20T00:00:00,1,ไทรน้อย-ลาดบัวหลวง,19209,11665495,จ3-50(4)-21/47นบ,02-9219751-2,-20120102125475-,100.3116667,806,806,517.5,2004-11-10T00:00:00,บริษัท เอส.คิว.ไอ.ไฟน์คัลเลอร์ จำกัด,ราษฎร์นิยม,14.05886667,,ไทรน้อย,เลขที่ 49/5,12,2020-01-01T00:00:00,นนทบุรี,15,11150
1625,ผลิตแม่มีสำหรับสีเทียนและพลาสติก,1250,3,2014-10-15T00:00:00,1,,19209,11665495,จ3-50(4)-37/57นบ,0 2921 9751-2,-20120003725571-,100.3100902,807,807,441,2014-09-16T00:00:00,บริษัท เอส.คิว.ไอ.ไฟน์คัลเลอร์ จำกัด,ราษฎร์นิยม,14.03158878,,ไทรน้อย,เลขที่ 49,12,2024-01-01T00:00:00,นนทบุรี,15,11150
2400,ผลิตถุงมือยาง,1540,30,1996-11-20T00:00:00,11,ตลิ่งชัน-สุพรรณบุรี,22199,7800000,จ3-52(4)-1/38นบ,0-2924-7990-2,-20120800125389-,100.41475,808,808,121.33,1995-10-07T00:00:00,บริษัท โกลด์ พลาสติกแอนด์รับเบอร์ จำกัด,บางม่วง,13.83758333,,บางใหญ่,เลขที่ 25/13,30,2021-01-01T00:00:00,นนทบุรี,60,11140
1500,ผลิตยางและพลาสติกกึ่งสำเร็จรูป,600,0,2000-01-08T00:00:00,5,บางกรวย-ไทรน้อย,22199,7800000,จ3-52(4)-1/42นบ,9036691-3,-20120400125425-,100.3747167,809,809,595,1999-11-16T00:00:00,บริษัท สยามนวกรรม จำกัด,บางบัวทอง,13.94596667,,บางบัวทอง,เลขที่ 71/30,8,2020-01-01T00:00:00,นนทบุรี,8,11110
465,ทำผลิตภัณฑ์จากยาง,310,2,2001-02-07T00:00:00,5,บางกรวย-ไทรน้อย,22199,6200000,จ3-52(4)-1/44นบ,903-6691-3,-20121000125443-,100.37455,810,810,575,2001-06-06T00:00:00,บริษัท โพลิเมอร์ อินโนเวชั่น จำกัด,บางบัวทอง,13.94595,,บางบัวทอง,เลขที่ 71/31,10,2021-01-01T00:00:00,นนทบุรี,12,11110
0,ผลิตยางปูพื้นรถยนต์,0,20,,6,บางบัวทอง-สุพรรณบุรี,22199,255000000,จ3-52(4)-1/51นบ,,-20120200125518-,100.33011,811,811,240.22,2008-08-01T00:00:00,บริษัท อี.ไอ.โปรดักส์ จำกัด,ราษฎร์นิยม,14.11207,-,ไทรน้อย,เลขที่ -,15,,นนทบุรี,35,11150
25376,ทำผลิตภัณฑ์จากน้ำยาง(น้ำยางผสม),6635,9,2020-05-10T00:00:00,10,ไทรน้อย-ลาดบัวหลวง,22199,170000000,จ3-52(4)-14/62นบ,,-20120125825622-,100.3117381,812,812,452.5,2019-05-16T00:00:00,บริษัท สยามไตโยคิว จำกัด,คลองขวาง,14.01940037,,ไทรน้อย,เลขที่ 71,17,,นนทบุรี,26,11150
540,"ทำผลิตภัณฑ์จากยางพารา เช่น หมอน,ที่นอน",468,4,2017-10-13T00:00:00,1,,22199,24000000,จ3-52(4)-19/60นบ,02 1590218-9,-20120001925603-,100.2845,813,813,494,2017-11-09T00:00:00,บริษัท ลิตา เบดดิ้ง อินเตอร์ จำกัด,บางตะไนย์,13.572,,ปากเกร็ด,เลขที่ 88/8,8,2022-01-01T00:00:00,นนทบุรี,12,11120
4800,ผลิตชิ้นส่วนหรืออุปกรณ์ของรถยนต์จากยาง เช่น ซิล โอริง,500,5,1996-05-08T00:00:00,3,,22199,4480000,จ3-52(4)-2/38นบ,02-4475522,-20120200225383-,100.4541833,814,814,154.18,1995-10-16T00:00:00,บริษัท อิเทอร์นัล เอ็นเตอร์ไพรส์ จำกัด,มหาสวัสดิ์,13.79906667,,บางกรวย,เลขที่ 47,19,2021-01-01T00:00:00,นนทบุรี,24,11130
456,ทำผลิตภัณฑ์จากยางและพลาสติก,332,4,2006-03-16T00:00:00,5,บางกรวย-ไทรน้อย,22199,12500000,จ3-52(4)-2/47นบ,02-9036691-3,-20120500225471-,100.3746667,815,815,490,2004-01-20T00:00:00,บริษัท โพลิเมอร์ อินโนเวชั่น จำกัด,บางบัวทอง,13.94581667,,บางบัวทอง,เลขที่ 75/3,13,2021-01-01T00:00:00,นนทบุรี,17,11110
456,ทำผลิตภัณฑ์จากยางและพลาสติก,240,0,2006-03-16T00:00:00,5,บางกรวย-ไทรน้อย,22199,10800000,จ3-52(4)-3/47นบ,0 2903 6913,-20120100325473-,100.3746667,816,816,285,2004-01-21T00:00:00,บริษัท โพลิเมอร์ อินโนเวชั่น จำกัด,บางบัวทอง,13.94591667,,บางบัวทอง,เลขที่ 75/2,10,2021-01-01T00:00:00,นนทบุรี,10,11110
,ทำผลิตภัณฑ์จากยางและพลาสติก,0,18,2015-08-19T00:00:00,5,บางกรวย-ไทรน้อย,22199,23200000,จ3-52(4)-4/47นบ,0-29036691-3,-20120200425470-,100.3746833,817,817,436,2004-01-22T00:00:00,บริษัท โพลิเมอร์ อินโนเวชั่น จำกัด,บางบัวทอง,13.94591667,,บางบัวทอง,เลขที่ 75/1,20,2020-01-01T00:00:00,นนทบุรี,38,11110
2400,การทำผลิตภัณฑ์ยางจากยางธรรมชาติหรือยางสังเคราะห์ เช่น หมอนยางพารา เป็นต้น,736,3,2021-07-19T00:00:00,7,,22199,13500000,จ3-52(4)-7/64นบ,,-20120107725642-,100.420726,818,818,344,2021-09-02T00:00:00,บริษัท เอ็มเอสเอสอี รับเบอร์ แมนูแฟคเจอริ่ง จำกัด,ลำโพ,13.960306,,บางบัวทอง,เลขที่ 92/1,6,,นนทบุรี,9,11110
7880,ผลิตฟองน้ำจากยางพารา,1500,2,,3,บางกรวย-ไทรน้อย,22199,11000000,จ3-52(4)-9/48นบ,,-20120000925489-,100.3297,819,819,114.1,2005-03-16T00:00:00,ห้างหุ้นส่วนจำกัด สแตนดาร์ดโฟมรับเบอร์แฟคตอรี่,ไทรน้อย,13.97813333,,ไทรน้อย,เลขที่ ,9,,นนทบุรี,11,11150
1332,ทำขารองโต๊ะด้วยพลาสติก,180,3,1993-11-10T00:00:00,1,บางกรวย-ไทรน้อย,22210,5000000,จ3-53(1)-1/36นบ,02-4462209,-20120800125363-,100.4698,820,820,83.29,1993-07-21T00:00:00,,บางกร่าง,13.8348,ปรัศนีย์,เมืองนนทบุรี,เลขที่ 62/68,6,2023-01-01T00:00:00,นนทบุรี,9,11000
2468,ผลิตเทปพลาสติกเคลือบกาว,1608,2,1994-09-05T00:00:00,3,บางเลน-ปทุมธานี,22210,8766560,จ3-53(1)-1/37นบ,4334382,-20120900125370-,100.3274333,821,821,59.33,1994-03-29T00:00:00,บริษัท เค.ซี.พี.มาสเตอร์ไทย จำกัด,คลองขวาง,14.0259,,ไทรน้อย,เลขที่ 9/3,10,2024-01-01T00:00:00,นนทบุรี,12,11150
2880,เคลือบผิวผลิตภัณฑ์พลาสติกด้วยอลูมิเนียม,1428,10,1997-08-29T00:00:00,5,บางกรวย-ไทรน้อย,22210,10300000,จ3-53(1)-1/40นบ,,-20120800125405-,100.3226667,822,822,392.96,1997-09-04T00:00:00,,ไทรน้อย,13.97306667,,ไทรน้อย,เลขที่ 26/4,11,2022-01-01T00:00:00,นนทบุรี,21,11150
6400,ทำผลิตภัณฑ์พลาสติก และพลาสติกเสริมโลหะทุกชนิด,3075,20,2002-07-15T00:00:00,4,บางบัวทอง-ไทรน้อย,22210,34000000,จ3-53(1)-1/45นบ,0-2922-7229,-20120900125453-,100.3875833,823,823,492.41,2002-05-28T00:00:00,บริษัท บี ที บี อินดัสตรี จำกัด,บางบัวทอง,13.93305,บริสุทธิ์พงศ์,บางบัวทอง,เลขที่ 99/9,33,2022-01-01T00:00:00,นนทบุรี,53,11110
5880,ทำผลิตภัณฑ์พลาสติกสำหรับสัมผัสอาหาร,2512,50,2024-01-02T00:00:00,1,ติวานนท์,22210,66000000,จ3-53(1)-1/67นบ,,-20120000425670-,,824,824,474.4,2024-02-01T00:00:00,บริษัท โคโตบุคิ จำกัด,บ้านใหม่,,พระแม่มหาการุณย์,ปากเกร็ด,"เลขที่ 69/134, 69/143",8,2029-01-01T00:00:00,นนทบุรี,58,11120
3696,ผลิตภาชนะบรรจุ เครื่องมือแพทย์ เครื่องใช้ เครื่องเรือน เครื่องประดับ จากพลาสติก และหน้ากากอนามัย,3360,7,2024-09-01T00:00:00,4,,22210,131020000,จ3-53(1)-10/64นบ,,-20120163625645-,100.3098467,825,825,304.25,2021-02-18T00:00:00,บริษัท พีเอกซ์สเตอร์ จำกัด,ไทรใหญ่,14.11187223,,ไทรน้อย,เลขที่ โฉนดเลขที่ 47338,8,2028-01-01T00:00:00,นนทบุรี,15,11150
6072,ผลิตเครื่องใช้ของใช้จากพลาสติก,1900,21,2011-09-09T00:00:00,4,ทางหลวงชนบท นบ.6010,22210,16400000,จ3-53(1)-14/51นบ,0-2452-2090-1,-20120001425513-,100.29588,826,826,2414,2008-04-04T00:00:00,บริษัท พลาสติกไทยรัช จำกัด,หนองเพรางาย,13.92257,-,ไทรน้อย,เลขที่ 4/28,32,2021-01-01T00:00:00,นนทบุรี,53,11150
5924,ทำเครื่องมือ เครื่องใช้ เครื่องเรือน และเครื่องประดับจากพลาสติก เช่น ตัวการ์ตูน,1600,55,2012-06-08T00:00:00,2,บางกรวย-ไทรน้อย,22210,135500000,จ3-53(1)-14/55นบ,02 8605055,-20120001425554-,100.4839851,827,827,3165.74,2012-03-19T00:00:00,บริษัท นงนุช อินดัสเตรียล จำกัด,วัดชลอ,13.80352433,,บางกรวย,เลขที่ 9/8,54,2022-01-01T00:00:00,นนทบุรี,109,11130
23000,ทำผลิตภัณฑ์พลาสติก เช่น ช้อน ขวดน้ำ กล่องบรรจุขนม ฯลฯ,3300,133,2005-04-16T00:00:00,12,บางโค-กำนันสมจิตร,22210,47020000,จ3-53(1)-17/48นบ,,-20120101725481-,100.3953333,828,828,2722.33,2005-08-03T00:00:00,บริษัท เอส.เอส. 14 จำกัด,บางแม่นาง,13.86106667,-,บางใหญ่,เลขที่ 56/6,49,2020-01-01T00:00:00,นนทบุรี,182,11140
0,ทำผลิตภัณฑ์พลาสติก เช่น หมวก โล่ และกระบอง ฯลฯ,300,10,1994-03-01T00:00:00,5,สนามบินน้ำ,22210,8500000,จ3-53(1)-2/36นบ,,-20120100225368-,100.5019667,829,829,91,1993-09-14T00:00:00,บริษัท เสรีชัยยุทธภัณฑ์ จำกัด,ท่าทราย,13.8736,รณสิทธิพิชัย,เมืองนนทบุรี,เลขที่ 55/20,25,2024-01-01T00:00:00,นนทบุรี,35,11000
3600,ผลิตและประกอบประตูหน้าต่าง ยู.พี.วี.ซี.,1470,3,2005-12-09T00:00:00,5,อบต.บ้านใหม่,22210,3900000,จ3-53(1)-2/45นบ,0-2888-7740,-20120300225457-,100.3320167,830,830,105.2,2002-02-10T00:00:00,บริษัท บางกอก ไวนิล โพรไฟล์ จำกัด,บ้านใหม่,13.8406,,บางใหญ่,เลขที่ 5/4,12,2020-01-01T00:00:00,นนทบุรี,15,11140
20208,ทำผลิตภัณฑ์พลาสติกประเภท เครื่องมือ เครื่องใช้ และเครื่องเขียน เช่น แฟ้ม ซอง กล่องเอกสาร กระเป๋า แท่นตัดเทป แผ่นใสถ่าย-เขียน ไส้ เหล็กฉาก ไม้ฉาก ฯลฯ ผลิตถุงฟลาสติก และภาชนะบรรจุจากพลาสติก,4460,152,2004-11-08T00:00:00,4,ตลิ่งชัน-สุพรรณบุรี,22210,88500000,จ3-53(1)-2/46นบ,02-8657074-7,-20120400225464-,100.32995,831,831,1994.83,2003-06-10T00:00:00,บริษัท เอส.อาร์.ซี สเตชั่นเนอรี่ จำกัด,ราษฎร์นิยม,14.06028333,,ไทรน้อย,เลขที่ 5/1-5/5,71,2024-01-01T00:00:00,นนทบุรี,223,11150
1600,ทำเครื่องมือ เครื่องใช้ เครื่องเรือน เครื่องประดับ และภาชนะบรรจุจากพลาสติก กลึง เจาะ คว้าน กัด ไส เจียน และชื่อมโลหะเพื่อทำแม่พิมพ์สำหรับงานฉีดพลาสติก,300,5,2011-01-03T00:00:00,5,บางบัวทอง-สุพรรณบุรี,22210,16000000,จ3-53(1)-20/53นบ,,-20120002025536-,100.39426,832,832,249.88,2010-04-26T00:00:00,ห้างหุ้นส่วนจำกัด เอส.วี.โมลด์,ละหาร,13.97693,,บางบัวทอง,เลขที่ 54/18,10,2021-01-01T00:00:00,นนทบุรี,15,11110
17564,ทำผลิตภัณฑ์จากพลาสติก เครื่องมือ เครื่องใช้และภาชนะบรรจุ,2940,4,2017-10-04T00:00:00,2,บางกรวย-ไทรน้อย,22210,26000000,จ3-53(1)-21/59นบ,,-20120002125591-,100.3526632,833,833,192.6,2016-07-15T00:00:00,บริษัท อีซี่ คอนเทนเนอร์ จำกัด,ไทรน้อย,13.97957711,,ไทรน้อย,เลขที่ 89,11,2022-01-01T00:00:00,นนทบุรี,15,11150
3200,ทำผลิตภัณฑ์เครื่องใช้พลาสติก เช่น หมวกนิรภัย รวมถึงชิ้นส่วนของผลิตภัณฑ์ดังกล่าว,990,34,2008-01-20T00:00:00,5,ตลิ่งชัน-สุพรรณบุรี,22210,16000000,จ3-53(1)-22/48นบ,0-2882-7098-9,-20120102225481-,100.392408,834,834,114.05,2005-03-31T00:00:00,บริษัท เอ เอ็ม อาร์ อินดัสตรี้ จำกัด,เสาธงหิน,13.87122,วัดแก้วอินทร์,บางใหญ่,เลขที่ 66/12-13,22,2023-01-01T00:00:00,นนทบุรี,56,11140
1600,รับจ้างฉีดพลาสติก ทำเครื่องมือ เครื่องใช้ เครื่องเรือนจากพลาสติก เช่น กันสาดพลาสติก จานพลาสติก ชั้นพลาสติก,660,16,2016-04-22T00:00:00,5,บางบัวทอง-สุพรรณบุรี,22210,27800000,จ3-53(1)-22/52นบ,,-20120002225524-,100.43089,835,835,274.52,2009-07-22T00:00:00,ภัทรพร กรุ๊ป,ละหาร,13.9652,,บางบัวทอง,เลขที่ -,14,2021-01-01T00:00:00,นนทบุรี,30,11110
1600,ทำเครื่องมือ เครื่องใช้ ภาชนะบรรจุจากพลาสติก ประกอบ ดัดแปลง และซ่อมแซมเครื่องจักรสำหรับโรงงานอุตสาหกรรม,400,2,2016-08-31T00:00:00,9,รอยัลปาร์ค,22210,27200000,จ3-53(1)-23/59นบ,,-20120102325596-,100.438421,836,836,132.55,2016-07-29T00:00:00,บริษัท เอ็นไวรอนพลาสท์ จำกัด,คลองข่อย,13.97146321,,ปากเกร็ด,เลขที่ 29/1,7,2021-01-01T00:00:00,นนทบุรี,9,11120
16000,ทำผลิตภัณฑ์จากพลาสติก เครื่องมือ เครื่องใช้ และภาชนะบรรจุ,6384,45,2015-10-20T00:00:00,1,,22210,152000000,จ3-53(1)-25/58นบ,02 1506771,-20120002525584-,100.3107472,837,837,489.56,2015-06-05T00:00:00,บริษัท ชัยชดา พลาสแพค จำกัด,ราษฎร์นิยม,14.04631179,,ไทรน้อย,เลขที่ 62,15,2020-01-01T00:00:00,นนทบุรี,60,11150
4840,ผลิตเม็ดพลาสติก และผลิตภัณฑ์จากพลาสติก เช่น แผ่นพลาสติกกันน้ำ,1000,2,2015-07-15T00:00:00,1,ไทรน้อย-ลาดบัวหลวง,22210,27000000,จ3-53(1)-26/58นบ,08 6990 0169,-20120102625581-,100.3064631,838,838,468.63,2015-06-05T00:00:00,บริษัท ไทยวอเตอร์สต๊อป จำกัด,ราษฎร์นิยม,14.05998347,,ไทรน้อย,เลขที่ 44/1,14,2020-01-01T00:00:00,นนทบุรี,16,11150
765,ทำผลิตภัณฑ์พลาสติก เช่น จาน ชาม ถ้วย ภาชนะที่ใช้สัมผัสอาหารทุกชนิด,465,6,2024-06-09T00:00:00,1,,22210,7000000,จ3-53(1)-26/67นบ,,-20120131325674-,,839,839,299.61,2024-01-08T00:00:00,บริษัท สมาร์ท โปรดักส์ เทรดดิ้ง จำกัด,ลำโพ,,,บางบัวทอง,"เลขที่ 30/10, 30/16",4,2029-01-01T00:00:00,นนทบุรี,10,11110
800,ทำเครื่องมือ เครื่องใช้เครื่องเรือน จากพลาสติก เช่น พุกพลาสติก สายรัดท่อ บาร์แชร์ ฯลฯ,168,4,2015-06-16T00:00:00,3,เคหะการเกษตร,22210,5100000,จ3-53(1)-27/58นบ,,-20120002725580-,100.2987651,840,840,271.14,2015-12-05T00:00:00,เจตนิพิฐ ซับพลาย,หนองเพรางาย,13.87882479,,ไทรน้อย,เลขที่ 82/9,8,2020-01-01T00:00:00,นนทบุรี,12,11000
2296,ผลิตเครื่องใช้พลาสติก และการกลึง เจาะ คว้าน ไส หรือเชื่อมโลหะทั่วไป,900,7,2020-10-27T00:00:00,10,,22210,40000000,จ3-53(1)-28/63นบ,21572468,-20120108725633-,100.430242,841,841,420.5,2020-01-06T00:00:00,บริษัท บี เค ดี พลาสโปรดักส์ จำกัด,คลองข่อย,13.97108506,,ปากเกร็ด,เลขที่ 16/9,11,,นนทบุรี,18,11120
896,ผลิตเครื่องมือ เครื่องใช้ เครื่องเรือน จากพลาสติก,360,12,2023-08-28T00:00:00,5,,22210,3230000,จ3-53(1)-28/66นบ,,-20120104825668-,100.39369,842,842,282.5,2023-05-07T00:00:00,บริษัท แกรนด์ เอ็ม เจ แพ็ค จำกัด,เสาธงหิน,13.87015,,บางใหญ่,เลขที่ โฉนดที่ดินเลขที่ 41717,5,2028-01-01T00:00:00,นนทบุรี,17,11140
10664,ทำผลิตภัณฑ์จากพลาสติก,1920,7,2021-07-19T00:00:00,5,,22210,102000000,จ3-53(1)-3/64นบ,,-20120085625640-,100.38258,843,843,488.5,2021-01-29T00:00:00,บริษัท ริมเอ็กซ์เพิร์ท จำกัด,พิมลราช,13.93006,,บางบัวทอง,เลขที่ 51,23,,นนทบุรี,30,11110
1457,"การทำเครื่องมือจากพลาสติก เช่น แบบพลาสติกสำหรับหล่อคานคอนกรีต,แบบพลาสติกสำหรับหล่อเสาคอนกรีต,แบบพลาสติกสำหรับหล่อพื้นคอนกรีต ฯลฯ",480,0,2019-07-29T00:00:00,8,,22210,15000000,จ3-53(1)-30/62นบ,925944539,-20120115925622-,100.3910284,844,844,362.2,2019-03-05T00:00:00,บริษัท ซัน ออฟ วูด จำกัด,ละหาร,13.96922812,,บางบัวทอง,เลขที่ 32/2,12,2024-01-01T00:00:00,นนทบุรี,12,11110
2809,"ผลิตเครื่องมือ, เครื่องใช้, เครื่องเรือน, เครื่องประดับ จากพลาสติก",960,3,,1,,22210,15440000,จ3-53(1)-31/65นบ,813999021,-20120196125654-,100.360436,845,845,378.66,2022-11-11T00:00:00,-,บ้านใหม่,13.843779,,บางใหญ่,เลขที่ 88,9,,นนทบุรี,12,11140
16000,ทำเครื่องมือ เครื่องใช้ เครื่องเรือน รวมถึงชิ้นส่วนของผลิตภัณฑ์พลาสติก,1980,0,2004-11-26T00:00:00,9,บางบัวทอง-สุพรรณบุรี,22210,37000000,จ3-53(1)-32/47นบ,0-2925-5240,-20120103225472-,100.4011667,846,846,687.73,2004-05-26T00:00:00,บริษัท ขวานทองคอนเทนเนอร์ จำกัด,ละหาร,13.95461667,,บางบัวทอง,เลขที่ 14/13,16,2024-01-01T00:00:00,นนทบุรี,16,11110
1836,ผลิตถุงมือพลาสติก,480,6,,7,,22210,23999996,จ3-53(1)-34/62นบ,21473487,-20120145225621-,100.4130318,847,847,156.7,2019-07-06T00:00:00,บริษัท โฟร์ ลีฟ คอร์ป จำกัด,ลำโพ,13.9686232,ลำโพ 33,บางบัวทอง,เลขที่ 42/11,4,,นนทบุรี,10,11110
864,ผลิตเครื่องมือ เครื่องใช้ เครื่องเรือน จากพลาสติก,384,4,2023-01-20T00:00:00,8,,22210,24900000,จ3-53(1)-35/65นบ,,-20120202725653-,100.4491,848,848,351.5,2022-11-23T00:00:00,บริษัท เจ เอส เอ็ม 2560 จำกัด,คลองข่อย,13.9673,,ปากเกร็ด,เลขที่ 14/14,6,2027-01-01T00:00:00,นนทบุรี,10,11120
1600,ผลิตเครื่องมือเครื่องใช้พลาสติก,612,2,2007-05-28T00:00:00,4,ตลิ่งชัน-สุพรรณบุรี,22210,400000,จ3-53(1)-36/49นบ,,-20120003625490-,100.3844333,849,849,173,2006-08-06T00:00:00,บริษัท ทอยส์พาสติก จำกัด,บางแม่นาง,13.86931667,แก้วอินทร์,บางใหญ่,เลขที่ 25/6,4,2022-01-01T00:00:00,นนทบุรี,6,11140
4336,ผลิตเครื่องมือ เครื่องใช้ เครื่องเรือน จากพลาสติก,450,2,,7,,22210,5500000,จ3-53(1)-37/67นบ,,-20120167825670-,100.3032,850,850,224.22,2024-09-19T00:00:00,ห้างหุ้นส่วนจำกัด ฟ้าประทานพร โมลด์ แอนด์ พลาสติก,ขุนศรี,13.98277,,ไทรน้อย,เลขที่ โฉนดที่ดินเลขที่ 4858,5,,นนทบุรี,7,11150
540,ผลิตผลิตภัณฑ์จากพลาสติกและพ่นสีชิ้นส่วนต่างๆ เช่น ถ้วย ช้อน,540,11,,1,,22210,9160000,จ3-53(1)-39/62นบ,,-20120166625626-,100.4794321,851,851,275.4,2019-06-28T00:00:00,บริษัท อีเอพี ดีเวลลอปเม้นท์ จำกัด,บางตะไนย์,13.95590168,,ปากเกร็ด,เลขที่ 88/10,16,,นนทบุรี,27,11120
2188,ฉีดพลาสติก และกลึง เจาะ โลหะ,975,25,2021-01-06T00:00:00,8,,22210,47000000,จ3-53(1)-39/63นบ,,-20120178025633-,100.4034745,852,852,498.5,2020-09-15T00:00:00,ห้างหุ้นส่วนจำกัด เจนเจริญโลหะการเกษตร,บางม่วง,13.82786782,,บางใหญ่,เลขที่ โฉนดเลขที่ 7084,14,,นนทบุรี,39,11140
1198,ทำเครื่องใช้พลาสติก กระเป๋าจากผ้าและหนัง,897,11,2021-01-13T00:00:00,5,,22210,20700000,จ3-53(1)-40/63นบ,21574091,-20120178125631-,100.413901,853,853,273,2020-09-15T00:00:00,ห้างหุ้นส่วนจำกัด ภัทรกิจพรีเมี่ยม,บางบัวทอง,13.97633489,,บางบัวทอง,เลขที่ 62/1,18,,นนทบุรี,29,11110
3200,ผลิตผลิตภัณฑ์พลาสติก เช่น ชิ้นส่วนอุปกรณ์ไฟฟ้า รีโมทแอร์ ฯลฯ,748,8,2016-04-18T00:00:00,6,กรุงนนท์-วัดต้นเชือก,22210,49340000,จ3-53(1)-42/57นบ,02-9391222,-20120004225571-,100.32249,854,854,466.47,2014-07-22T00:00:00,บริษัท อินทาพลาส จำกัด,ศาลากลาง,13.82028,,บางกรวย,เลขที่ ,4,2021-01-01T00:00:00,นนทบุรี,12,11130
397,ทำเครื่องใช้พลาสติก,142,15,2013-05-08T00:00:00,5,,22210,4000000,จ3-53(1)-5/55นบ,02-1574091,-20120300525559-,100.413815,855,855,119.35,2012-01-26T00:00:00,ห้างหุ้นส่วนจำกัด ภัทรกิจพรีเมี่ยม,ลำโพ,13.976103,,บางบัวทอง,เลขที่ 62,14,2023-01-01T00:00:00,นนทบุรี,29,11110
4800,ผลิตเครื่องใช้พลาสติก,936,5,,10,กาญจนาภิเษก,22210,17500000,จ3-53(1)-51/66นบ,02-1596246,-20120184525667-,,856,856,438.5,2023-10-31T00:00:00,บริษัท ซิปสโตร์กรุ๊ป จำกัด,คลองข่อย,,วัดศรีเขตนันทาราม,ปากเกร็ด,เลขที่ 26/12,20,,นนทบุรี,25,11120
3440,ทำผลิตภัณฑ์พลาสติก,840,5,2013-12-16T00:00:00,5,บางกรวย-ไทรน้อย,22210,18000000,จ3-53(1)-56/56นบ,29225215,-20120005625563-,100.319809,857,857,298.83,2013-11-21T00:00:00,ธนกิจพลาสติก,ไทรน้อย,13.982686,ตาเจียน,ไทรน้อย,เลขที่ 46/7,16,2023-01-01T00:00:00,นนทบุรี,21,11150
1436,ทำผลิตภัณฑ์จากพลาสติก เช่น ถาด โคมไฟ,487,10,2017-09-29T00:00:00,2,บางกรวย-ไทรน้อย,22210,19500000,จ3-53(1)-58/60นบ,,-20120005825601-,100.2057,858,858,467.8,2017-11-09T00:00:00,บริษัท ซันเรียว เอ็นยิเนียริ่ง จำกัด,ไทรน้อย,13.5814,วัดคลองตาคล้าย,ไทรน้อย,เลขที่ 59/28,9,2022-01-01T00:00:00,นนทบุรี,19,11150
1600,ผลิตเครื่องใช้พลาสติก และพิมพ์เครื่องหมายการค้า ข้อความบนเครื่องใช้พลาสติก,300,7,2024-08-02T00:00:00,11,,22210,47000000,จ3-53(1)-58/66นบ,085-5166624,-20120211725660-,,859,859,445,2023-12-18T00:00:00,บริษัท ไทยสแตนดาร์ด จำกัด,คลองข่อย,,,ปากเกร็ด,เลขที่ 17/8,8,2029-01-01T00:00:00,นนทบุรี,15,11120
16221,ผลิตเครื่องมือ เครื่องใช้ต่างๆ จากพลาสติกทุกชนิด,2160,15,2012-01-08T00:00:00,5,ตลิ่งชัน-สุพรรณบุรี,22210,53000000,จ3-53(1)-59/49นบ,0-2413-1868,-20120005925492-,100.3888,860,860,546.06,2006-08-30T00:00:00,บริษัท ศรินทิพย์ อินเตอร์แพค จำกัด,เสาธงหิน,13.87386667,แก้วอินทร์,บางใหญ่,เลขที่ 14/24,20,2022-01-01T00:00:00,นนทบุรี,35,11140
5780,ทำผลิตภัณฑ์จากพลาสติก เช่น เครื่องใช้ เครื่องเรือน เครื่องประดับ และชิ้นส่วนของผลิตภัณฑ์ดังกล่าว,288,3,2017-09-30T00:00:00,6,,22210,31000000,จ3-53(1)-59/60นบ,,-20120005925609-,100.3975929,861,861,193,2017-11-09T00:00:00,บริษัท ปฏิมา ดีไซน์ จำกัด,บางม่วง,13.83205819,,บางใหญ่,เลขที่ 56,15,2022-01-01T00:00:00,นนทบุรี,18,11140
4712,ทำเครื่องมือ เครื่องใช้ เครื่องเรือน จากพลาสติก,1000,8,2024-11-15T00:00:00,8,-,22210,16000000,จ3-53(1)-59/66นบ,081 8746142,-20120216625667-,,862,862,195.16,2023-12-22T00:00:00,บริษัท ซี.วี. 928 จำกัด,คลองข่อย,,-,ปากเกร็ด,เลขที่ 52/6,5,2029-01-01T00:00:00,นนทบุรี,13,11120
833,ทำเครื่องมือ เครื่องใช้ เครื่องเรือน เครื่องประดับ รวมถึงชิ้นส่วนของผลิตภัณฑ์จากพลาสติก,432,52,2013-07-18T00:00:00,2,สาย 345,22210,28000000,จ3-53(1)-60/55นบ,0 2925 4975,-20120006025557-,100.434895,863,863,561.72,2012-12-17T00:00:00,บริษัท เอไอ อินโนเวทีฟ พลัส จำกัด,ลำโพ,13.952767,อรุณสุนทรี,บางบัวทอง,เลขที่ 29/73,17,2023-01-01T00:00:00,นนทบุรี,69,11110
4000,ผลิต ผลิตภัณฑ์พลาสติก ประเภท เครื่องมือ เครื่องใช้ เครื่องเรือน,500,19,2018-11-12T00:00:00,,นบ 3008,22210,70000000,จ3-53(1)-77/61นบ,,-20120007725619-,100.343755,864,864,499.76,2018-08-15T00:00:00,ห้างหุ้นส่วนจำกัด ซี.เอ็ม.อินเตอร์ แพ็ค,ไทรน้อย,14.000567,วัดคลองตาคล้าย,ไทรน้อย,เลขที่ 11/14,23,2023-01-01T00:00:00,นนทบุรี,42,10220
1600,เคลือบผิวผลิตภัณฑ์พลาสติกด้วยอลูมิเนียม,360,7,2005-10-03T00:00:00,3,บางกรวย-ไทรน้อย,22210,1850000,จ3-53(1)-8/48นบ,0-2923-9354,-20120000825481-,100.3384833,865,865,126.17,2005-02-17T00:00:00,-,ไทรน้อย,13.97085,-,ไทรน้อย,เลขที่ 90,0,2020-01-01T00:00:00,นนทบุรี,7,11150
1152,ทำผลิตภัณฑ์เกี่ยวกับพลาสติก เช่น ถ้วยรองน้ำยางพารา,450,1,,11,,22210,11100000,จ3-53(1)-81/60นบ,,-20120008125603-,100.4023192,866,866,160,2017-04-12T00:00:00,กรทวี พลาสติก,คลองข่อย,13.98737011,,ปากเกร็ด,เลขที่ 31/8,5,,นนทบุรี,6,11120
4800,ผลิตผลิตภัณฑ์พลาสติก เช่น อุปกรณ์ให้อาหารสัตว์,540,1,2019-10-28T00:00:00,8,,22210,10600000,จ3-53(1)-81/62นบ,,-20120263225627-,100.3168328,867,867,464.35,2019-10-10T00:00:00,บริษัท เกษตรบ้านทุ่งอินดัสทรี จำกัด,ราษฎร์นิยม,14.11331287,,ไทรน้อย,เลขที่ 45/16,3,2024-01-01T00:00:00,นนทบุรี,4,11150
600,ทำเครื่องใช้ในครัวเรือน เช่น แปรงล้างห้องน้ำ และส่วนประกอบ เช่น เส้นพลาสติก,220,2,2006-10-03T00:00:00,2,บางใหญ่-บางคูลัด,22210,5500000,จ3-53(1)-83/48นบ,01-9116183,-20120008325484-,100.39225,868,868,123,2005-06-10T00:00:00,บริษัท ที.ที.จี.บราเธอร์ จำกัด,บางใหญ่,13.84621667,-,บางใหญ่,เลขที่ 4/5,3,2021-01-01T00:00:00,นนทบุรี,5,11140
1033,ทำผลิตภัณฑ์จากพลาสติกเป็นของใช้ เช่น หัวสเปรย์ หัวปั๊ม ชิ้นส่วนยานยนต์,512,9,2006-01-23T00:00:00,2,สาย 345,22210,32000000,จ3-53(1)-91/48นบ,02-5258598,-20120009125487-,100.4304167,869,869,416.08,2005-07-11T00:00:00,บริษัท เมกกะ พลาส จำกัด,ลำโพ,13.95571667,,บางบัวทอง,เลขที่ 29/102,7,2021-01-01T00:00:00,นนทบุรี,16,11110
2156,ผลิตวงกบ ขอบประตู ขอบหน้าต่าง บานประตู บานหน้าต่างและผลิตภัณฑ์ตบแต่งอาคารจากพลาสติก,885,3,2004-01-12T00:00:00,3,ศรีสมาน,22210,9042105,จ3-53(1)-97/47นบ,,-20120009725476-,100.5428,870,870,80.75,2004-10-20T00:00:00,บริษัท เอ ซี ซี วินโดว์ แอนด์ ดอร์ จำกัด,บ้านใหม่,13.93975,,ปากเกร็ด,เลขที่ 8/28,12,2024-01-01T00:00:00,นนทบุรี,15,11120
5200,ทำภาชนะบรรจุอาหารจากโฟม,1300,46,1995-02-20T00:00:00,12,ตลิ่งชัน-สุพรรณบุรี,22220,17000000,จ3-53(4)-1/37นบ,02-8331472,-20121000125377-,100.39525,871,871,391.14,1994-03-10T00:00:00,บริษัท ซิลเวอร์ 929 จำกัด,บางแม่นาง,13.86106667,วัดส้มเกลี้ยง,บางใหญ่,เลขที่ 56,31,2020-01-01T00:00:00,นนทบุรี,77,11140
2704,ผลิตภาชนะบรรจุพลาสติก,1373,22,1999-07-20T00:00:00,9,งามวงศ์วาน,22220,61000000,จ3-53(4)-1/42นบ,5270868,-20120500125424-,100.5019333,872,872,554.04,1999-12-05T00:00:00,บริษัท รีเอ็กซ์ โปรดักส์ จำกัด,บางกระสอ,13.87361667,งามวงศ์วาน 9,เมืองนนทบุรี,เลขที่ 35,28,2024-01-01T00:00:00,นนทบุรี,50,11000
11584,ทำาภาชนะบรรจุอาหารจากโฟม และทำหลอดกาแฟ,1680,14,2002-09-16T00:00:00,12,ตลิ่งชัน-สุพรรณบุรี,22220,39000000,จ3-53(4)-1/45นบ,,-20121000125450-,100.3907667,873,873,2829.17,2002-11-07T00:00:00,บริษัท ซิลเวอร์ 929 จำกัด,บางแม่นาง,13.8605,วัดส้มเกลี้ยง,บางใหญ่,เลขที่ 56/4,29,2022-01-01T00:00:00,นนทบุรี,43,11140
12644,ผลิตถังบรรจุก๊าซจากพลาสติก,2400,2,2019-05-21T00:00:00,1,ไทรร้อย-ลาดบัวหลวง,22220,28000000,จ3-53(4)-11/62นบ,,-20120080225628-,100.3132796,874,874,209.34,2019-03-26T00:00:00,บริษัท สแกน อินเตอร์ จำกัด (มหาชน),ราษฎร์นิยม,14.03066677,,ไทรน้อย,เลขที่ 50/2,8,2024-01-01T00:00:00,นนทบุรี,10,11150
5668,ผลิตบรรจุภัณฑ์จากการอัดแผ่นพลาสติก,847,8,2021-11-10T00:00:00,9,,22220,34000000,จ3-53(4)-14/64นบ,,-20120325525642-,100.369486,875,875,143.5,2021-08-06T00:00:00,บริษัท แอล ดี พลาสแพค จำกัด,บางแม่นาง,13.879717,,บางใหญ่,เลขที่ 17/3,11,,นนทบุรี,19,11140
1687,ผลิตภาชนะบรรจุอาหารพลาสติก,207,7,,8,,22220,7100000,จ3-53(4)-14/67นบ,800465823,-20120051125674-,,876,876,423.46,2024-03-27T00:00:00,บริษัท เน็กซ์ บอทเทิล จำกัด,ไทรน้อย,,,ไทรน้อย,เลขที่ 22/12,3,,นนทบุรี,10,11150
4800,ผลิตภาชนะบรรจุจากพลาสติก เช่น ขวดพลาสติกใส่กาว,360,6,2016-01-28T00:00:00,1,,22220,15000000,จ3-53(4)-15/58นบ,025822001-20,-20120001525585-,100.3033597,877,877,215,2015-03-18T00:00:00,บริษัท บี.เจ.ซี.ซัพพลาย จำกัด,ราษฎร์นิยม,14.03163815,,ไทรน้อย,เลขที่ 49,4,2021-01-01T00:00:00,นนทบุรี,10,11120
800,ทำถุงหิ้วพลาสติก,585,10,1999-06-17T00:00:00,5,บางกรวย-ไทรน้อย,22220,5500000,จ3-53(4)-2/42นบ,9036101-3,-20120200225425-,100.3836333,878,878,341.83,1999-05-17T00:00:00,ปัญจพลพลาสติก,บางบัวทอง,13.94641667,มัสยิดยามาลุดดิน,บางบัวทอง,เลขที่ 70/37,10,2024-01-01T00:00:00,นนทบุรี,20,11110
760,ทำผลิตภัณฑ์จากพลาสติกเป็นเครื่องเรือน ฯลฯ,760,0,2004-04-10T00:00:00,3,,22220,2500000,จ3-53(4)-2/46นบ,,-20120500225463-,100.3117,879,879,146,2003-03-07T00:00:00,บริษัท อาควาไลน์ โปรทาร์เก็ต จำกัด,บ้านใหม่,13.87196667,,บางใหญ่,เลขที่ 41/21,6,2024-01-01T00:00:00,นนทบุรี,6,11140
530,ทำบรรจุภัณฑ์จากพลาสติก เช่น ถาดบรรจุชิ้นส่วนอิเลกทรอนิกส์,530,16,2019-08-07T00:00:00,1,,22220,34073000,จ3-53(4)-25/62นบ,259862913,-20120145325629-,100.4790658,880,880,318.4,2019-07-06T00:00:00,บริษัท เทอร์มอลแพค จำกัด,บางตะไนย์,13.95516191,,ปากเกร็ด,เลขที่ 88/57,21,2024-01-01T00:00:00,นนทบุรี,37,11120
18494,ผลิตถุงพลาสติก,9148,6,2005-06-20T00:00:00,4,กาญจนาภิเษก,22220,55000000,จ3-53(4)-28/47นบ,0 2191 8288-9,-20120002825471-,100.3844167,881,881,2318.37,2004-03-06T00:00:00,บริษัท ไทยอุตสาหกรรมพลาสติก (1994) จำกัด (มหาชน),บางแม่นาง,13.87238333,วัดแก้วอินทร์,บางใหญ่,เลขที่ 53/1,14,2020-01-01T00:00:00,นนทบุรี,20,11140
7200,ผลิตภาชนะบรรจุจากพลาสติก,300,7,2023-03-04T00:00:00,1,ไทรน้อย-ลาดบัวหลวง,22220,30000000,จ3-53(4)-29/65นบ,-,-20120214125652-,100.312145,882,882,369.27,2022-12-16T00:00:00,บริษัท เอสพีดี โพลีโปรดักส์ จำกัด,ราษฎร์นิยม,14.032326,,ไทรน้อย,เลขที่ โฉนดที่ดินเลขที่ 59027. 59028. 58627,11,2028-01-01T00:00:00,นนทบุรี,18,11150
1600,ทำผลิตภัณฑ์พลาสติก เช่น ถุง ไม้แขวนเสื้อ แกนหลอดด้ายและอื่น ๆ,480,4,1998-06-07T00:00:00,4,บางกรวย-จงถนอม,22220,2500000,จ3-53(4)-3/39นบ,02-4476232,-20120200325399-,100.4625,883,883,198.56,1996-02-10T00:00:00,บริษัท เจ.เอ็ม.พี.เอ็นเตอร์ไพรส์ จำกัด,บางขนุน,13.80686667,,บางกรวย,เลขที่ 77,4,2023-01-01T00:00:00,นนทบุรี,8,11130
0,ทำผลิตภัณฑ์และของใช้จากพลาสติก เช่น ถ้วย ฯลฯ,7128,172,2010-12-03T00:00:00,6,,22220,195000000,จ3-53(4)-3/46นบ,,-20120400325462-,100.4763434,884,884,4946.23,2003-07-29T00:00:00,บริษัท เจซีเจพลาส จำกัด,คลองพระอุดม,13.92647104,,ปากเกร็ด,เลขที่ 125,182,2020-01-01T00:00:00,นนทบุรี,354,11120
5108,ทำถุงพลาสติก,425,1,2011-11-07T00:00:00,2,สายราษฎร์นิยม หมู่ที่ 2 หมู่ที่ 3,22220,12000000,จ3-53(4)-32/54นบ,0-2923-3417,-20120003225549-,100.3289019,885,885,190.4,2011-06-21T00:00:00,บริษัท ณภัทรวี จำกัด,ราษฎร์นิยม,14.09957472,,ไทรน้อย,เลขที่ 39/2,4,2021-01-01T00:00:00,นนทบุรี,5,11150
800,ทำภาชนะบรรจุพลาสติก แกลลอน ขวด,391,15,2017-07-17T00:00:00,5,กาญจนาภิเษก,22220,35000000,จ3-53(4)-32/60นบ,02-9833695-6,-20120003225606-,100.412419,886,886,454.23,2017-04-05T00:00:00,บริษัท คิวแพ็ค โปรเกรซ จำกัด,ละหาร,13.95362,,บางบัวทอง,เลขที่ 54/12,17,2022-01-01T00:00:00,นนทบุรี,32,11110
10857,ผลิตภาชนะบรรจุจากพลาสติก เช่น ถุงหรือกระสอบ,2400,18,2023-04-12T00:00:00,11,,22220,59000000,จ3-53(4)-34/66นบ,,-20120174725665-,100.39992,887,887,194,2023-10-17T00:00:00,บริษัท ทรัพย์ศิริแพคเกจจิ้ง จำกัด,คลองข่อย,13.9895,,ปากเกร็ด,เลขที่ 5/12,22,2028-01-01T00:00:00,นนทบุรี,40,11120
6710,ทำภาชนะบรรจุจากพลาสติก เช่น ขวด,572,3,2008-05-19T00:00:00,8,บ้านกล้วย-ไทรน้อย,22220,2600000,จ3-53(4)-36/50นบ,0-2923-3508,-20120003625508-,100.404331,888,888,138.14,2007-06-14T00:00:00,บริษัท โชควัฒนาพลาสติก จำกัด,บางรักพัฒนา,13.91475,วัดสร้างใหม่,บางบัวทอง,เลขที่ 49/1,5,2023-01-01T00:00:00,นนทบุรี,8,11110
8048,ฉีดขวดพลาสติก และทำเครื่องใช้จากพลาสติก,1250,8,,2,บางบัวทอง-สุพรรณบุรี,22220,14000000,จ3-53(4)-4/38นบ,02-9855810-3,-20120100425380-,100.3227667,889,889,186.2,1996-10-16T00:00:00,,ราษฎร์นิยม,14.06548333,-,ไทรน้อย,เลขที่ -,14,,นนทบุรี,22,11150
3936,ผลิตภาชนะบรรจุและชิ้นสาวนจากพลาสติก,1664,22,1998-11-08T00:00:00,7,บ้านคลองแขก-พิมลราชา,22220,20000000,จ3-53(4)-4/40นบ,9224462-64,-20120100425406-,100.3052833,890,890,1269,1997-03-31T00:00:00,บริษัท ภาชนะไทย จำกัด,ขุนศรี,13.98108333,,ไทรน้อย,เลขที่ 99,14,2023-01-01T00:00:00,นนทบุรี,36,11150
848,บรรจุภัณฑ์ทำจากพลาสติกขึ้นรูป ทุกชนิด,400,6,2012-09-03T00:00:00,3,345,22220,23500000,จ3-53(4)-4/55นบ,,-20120300425552-,100.43387,891,891,153.5,2012-02-15T00:00:00,บริษัท เค.วี.สตาร์พลาสติก จำกัด,ลำโพ,13.95477,อรุณสุนทรี,บางบัวทอง,เลขที่ 55/23,2,2022-01-01T00:00:00,นนทบุรี,8,11110
1102,ทำภาชนะบรรจุพลาสติก เช่น แกลลอน,300,2,2008-11-02T00:00:00,5,บางบัวทอง-สุพรรณบุรี,22220,3000000,จ3-53(4)-45/50นบ,02-9833695-6,-20120004525509-,100.41118,892,892,258.73,2007-08-29T00:00:00,บริษัท คิวแพ็ค โปรเกรซ จำกัด,ละหาร,13.95194,-,บางบัวทอง,เลขที่ 54/12,4,2023-01-01T00:00:00,นนทบุรี,6,11110
1600,ผลิตถังบำบัดน้ำเสีย ถังเก็บน้ำ,600,2,2017-02-03T00:00:00,9,สาย 340,22220,37800000,จ3-53(4)-5/60นบ,02-5714258,-20120000525602-,100.401447,893,893,297.4,2017-11-01T00:00:00,บริษัท เอส.เจ.เวิร์ค มาเก็ตติ้ง โปรดักส์ จำกัด,ละหาร,13.961282,,บางบัวทอง,เลขที่ 81/9,3,2022-01-01T00:00:00,นนทบุรี,5,11110
3200,ทำภาชนะบรรจุพลาสติก เช่น แกลลอน ขวด เป็นต้น,1800,20,2021-08-08T00:00:00,5,กาญจนาภิเษก,22220,32700000,จ3-53(4)-5/64นบ,,-20120243425644-,100.41225,894,894,494.5,2021-03-26T00:00:00,บริษัท คิวแพ็ค โปรเกรซ จำกัด,ละหาร,13.95273,,บางบัวทอง,เลขที่ 90/1,25,,นนทบุรี,45,11110
16488,ผลิตภาชนะบรรจุจากพลาสติก,900,18,,8,,22220,60000000,จ3-53(4)-50/61นบ,,-20120105025615-,100.344243,895,895,483.08,2018-09-27T00:00:00,บริษัท เอส.ซี.เอ็ม อินเตอร์ พลาส แพ็ค จำกัด,ไทรน้อย,14.000695,,ไทรน้อย,เลขที่ ,22,,นนทบุรี,40,11150
1080,ผลิตภาชนะบรรจุจากพลาสติก,1080,8,,7,,22220,35840000,จ3-53(4)-52/61นบ,02 1583437,-20120105225611-,100.363212,896,896,275.31,2018-11-10T00:00:00,บริษัท ยูดี.แพ็คเกจจิ้ง จำกัด,บางคูรัด,13.882681,,บางบัวทอง,เลขที่ 6/7,6,,นนทบุรี,14,11110
193900,ผลิตบรรจุภัณฑ์พลาสติก เช่น ขวด ถัง ภาชนะบรรจุ เป็นต้น,4800,10,2017-06-15T00:00:00,2,,22220,52000000,จ3-53(4)-55/58นบ,,-20120005525581-,100.325859,897,897,473.19,2015-09-21T00:00:00,-,หนองเพรางาย,13.9084869,,ไทรน้อย,เลขที่ 22/12,15,2022-01-01T00:00:00,นนทบุรี,25,10150
8400,ทำถุงพลาสติกและซองพลาสติกจากแผ่นพลาสติกกันกระแทก,4435,16,2001-02-18T00:00:00,5,ตลิ่งชัน-สุพรรณบุรี,22220,13700000,จ3-53(4)-6/40นบ,9033322-5,-20120100625401-,100.3886333,898,898,456.85,1997-07-10T00:00:00,บริษัท วีพีไอ อินดัสตรี จำกัด,เสาธงหิน,13.87366667,โรงเรียนแก้วอินทร์สุธาอุทิศ,บางใหญ่,เลขที่ 99,17,2022-01-01T00:00:00,นนทบุรี,33,11140
3200,ผลิตถุงพลาสติก,1000,2,2006-02-27T00:00:00,8,ประชาอุทิศ,22220,7000000,จ3-53(4)-61/47นบ,,-20120106125471-,100.36465,899,899,232.86,2004-01-09T00:00:00,บริษัท บุญญาพลาสแพ็ค จำกัด,บางแม่นาง,13.84825,,บางใหญ่,เลขที่ 5/2,16,2021-01-01T00:00:00,นนทบุรี,18,11140
2560,ทำภาชนะบรรจุจากพลาสติก,688,3,2019-04-06T00:00:00,6,,22220,10000000,จ3-53(4)-65/61นบ,816219699,-20120006525614-,100.321932,900,900,96.1,2018-04-12T00:00:00,ห้างหุ้นส่วนจำกัด ซัค แอนด์ โธร,บ้านใหม่,13.83853064,,บางใหญ่,เลขที่ 3/5,4,2024-01-01T00:00:00,นนทบุรี,7,11140
7668,ผลิตถุงพลาสติก และถุงลามิเนต,1962,20,2008-10-14T00:00:00,9,เลียบคลองพระอุดม,22220,68000000,จ3-53(4)-7/51นบ,,-20120000725517-,100.44125,901,901,1700.38,2008-02-20T00:00:00,บริษัท เซ็นชูรี่ พลาสแพ็ค จำกัด,คลองข่อย,13.99953,-,ปากเกร็ด,เลขที่ 8/5,30,2023-01-01T00:00:00,นนทบุรี,50,11120
8000,ทำถุงพลาสติก,0,5,2011-03-24T00:00:00,3,หลวงพ่อวิหาร,22220,5940000,จ3-53(4)-7/54นบ,0-2449-7199,-20120200725549-,100.3176985,902,902,142.32,2011-03-02T00:00:00,เอ็มอาร์ แพ็คคิจ พลาส,บ้านใหม่,13.84557085,ผู้ใหญ่หงษ์,บางใหญ่,เลขที่ 3/3,7,2021-01-01T00:00:00,นนทบุรี,12,11140
1600,ทำผลิตภัณฑ์จากพลาสติก,360,0,2019-04-29T00:00:00,12,,22220,15000000,จ3-53(4)-70/61นบ,,-20120007025614-,100.387989,903,903,178,2018-12-21T00:00:00,บริษัท เอเอ็นซีเอเซียพลาส จำกัด,บางบัวทอง,13.952486,,บางบัวทอง,เลขที่ 99/8,10,2024-01-01T00:00:00,นนทบุรี,10,11110
1604,ทำถุงพลาสติกและแผ่นพลาสติกพิมพ์ลาย,454,0,2018-07-05T00:00:00,1,,22220,21000000,จ3-53(4)-71/60นบ,,-20120107125603-,100.3093295,904,904,480.12,2017-12-20T00:00:00,บริษัท อีซี่ แพ็ค โปรดักส์ จำกัด,ราษฎร์นิยม,14.06011609,,ไทรน้อย,เลขที่ 46/3,5,2023-01-01T00:00:00,นนทบุรี,5,10150
3034,ทำพลาสติกแผ่น,1314,4,1995-07-15T00:00:00,1,ไทรน้อย-ลาดบัวหลวง,22230,12000000,จ3-53(5)-1/37นบ,02-9855201-4,-20121100125376-,100.3102,905,905,287.69,1994-09-28T00:00:00,บริษัท เทคโน พลาสต์ จำกัด,ราษฎร์นิยม,14.02578333,,ไทรน้อย,เลขที่ 38/5,34,2020-01-01T00:00:00,นนทบุรี,38,11150
22400,ผลิตเม็ดพลาสติก,6408,65,1996-06-25T00:00:00,2,บางบัวทอง-สุพรรณบุรี,22230,103268000,จ3-53(5)-1/38นบ,02-9855810-3,-20120900125388-,100.32285,906,906,4340.94,1995-02-28T00:00:00,บริษัท พีอาร์ซี พลาสต์ (ประเทศไทย) จำกัด,ราษฎร์นิยม,14.06551667,,ไทรน้อย,เลขที่ 1,60,2021-01-01T00:00:00,นนทบุรี,125,11150
468,ทำผลิตภัณฑ์จากพลาสติก เช่น รางเก็บสายไฟและสายโทรศัพท์,384,0,1997-02-17T00:00:00,5,บางกรวย-ไทรน้อย,22230,12240000,จ3-53(5)-1/40นบ,9036637-9,-20120900125404-,100.3764833,907,907,159.8,1997-06-01T00:00:00,บริษัท พี.อาร์.ไอ.ผลิตภัณฑ์ จำกัด,บางบัวทอง,13.94821667,,บางบัวทอง,เลขที่ 71/27,6,2022-01-01T00:00:00,นนทบุรี,6,11110
1784,ทำเม็ดพลาสติก และผลิตภัณฑ์พลาสติก เช่น ถังน้ำ,375,0,2009-04-20T00:00:00,2,ติวานนท์,22230,8200000,จ3-53(5)-1/42นบ,02-4274773,-20120600125423-,100.4971,908,908,193.81,1999-09-11T00:00:00,-,ท่าทราย,13.89411667,ทรายทอง 17,เมืองนนทบุรี,เลขที่ 6,12,2024-01-01T00:00:00,นนทบุรี,12,11000
1812,ผลิตท่อพลาสติก,896,4,2011-09-16T00:00:00,3,เคหะการเกษตร,22230,16000000,จ3-53(5)-13/54นบ,,-20120001325549-,100.2985856,909,909,566.83,2011-06-21T00:00:00,บริษัท เอเชีย รูม่า มาร์เก็ตติ้ง จำกัด,หนองเพรางาย,13.87710806,เคหะการเกษตร 11,ไทรน้อย,เลขที่ 90/1,16,2021-01-01T00:00:00,นนทบุรี,20,11150
25200,ทำพลาสติกเป็นเม็ดหรือรูปทรงต่างๆและล้างบดย่อยพลาสติก,4680,6,2019-05-22T00:00:00,8,ไทรน้อย-ลาดบัวหลวง,22230,125000000,จ3-53(5)-13/62นบ,,-20120028125625-,100.313308,910,910,119,2019-01-31T00:00:00,-,คลองขวาง,14.008699,,ไทรน้อย,เลขที่ 9,5,2024-01-01T00:00:00,นนทบุรี,11,11150
15248,ทำผลิตภัณฑ์พลาสติก เช่น แถบยางกันซึม ท่อพีอี ท่อพีวีซี ถุงบรรจุภัณฑ์ ผลิตตาข่ายกรองแสงจากพลาสติก โดยวิธีการถักทอ,2630,3,2003-05-29T00:00:00,4,วัดต้นเชือก-บ้านคลองโยง,22230,14000000,จ3-53(5)-2/45นบ,02-4497756-8,-20120400225456-,100.3313333,911,911,1180.48,2002-01-11T00:00:00,บริษัท พี.วี.ที.แอนด์ ที พลาส จำกัด,บ้านใหม่,13.85518333,,บางใหญ่,"เลขที่ 33/8,33/13",21,2023-01-01T00:00:00,นนทบุรี,24,11140
5500,ทำผลิตภัณฑ์พลาสติก เช่น แผ่นพลาสติกม้วน ถุงพลาสติก,1000,0,2017-05-16T00:00:00,2,คลองขวาง-บ้านคลองหนึ่ง,22230,22000000,จ3-53(5)-27/60นบ,088-8763135,-20120002725606-,100.2936856,912,912,496.03,2017-03-04T00:00:00,บริษัท เจวีพี พลาสติก อินดัสทรี จำกัด,ไทรใหญ่,14.09027365,,ไทรน้อย,เลขที่ 99/1,12,2022-01-01T00:00:00,นนทบุรี,12,10310
0,ฉีดฝาขวดพลาสติก และทำเครื่องใช้จากพลาสติก,0,8,,,,22230,14000000,จ3-53(5)-3/38นบ,,-20120100325382-,100.3228,913,913,161.64,2004-02-29T00:00:00,,ราษฎร์นิยม,14.06548333,,ไทรน้อย,เลขที่ ,12,,นนทบุรี,20,11150
3008,ผลิตเม็ดพลาสติกและเป่าถุงพลาสติก,600,2,2006-09-08T00:00:00,10,อนามัยลิ้มกุล,22230,10000000,จ3-53(5)-4/49นบ,02-9276545,-20120200425496-,100.31935,914,914,299,2006-01-25T00:00:00,เอ พลัส โพลิเมอร์,หนองเพรางาย,13.88978333,-,ไทรน้อย,เลขที่ 20/2-3,13,2021-01-01T00:00:00,นนทบุรี,15,11150
2500,ทำแผ่นพลาสติก ภาชนะบรรจุกันการกระแทก และแผ่นป้องกันความร้อนจากพลาสติก,2500,40,2009-11-30T00:00:00,6,ไทรน้อย-บ้านดอนตะลุมพุก,22230,31000000,จ3-53(5)-42/52นบ,,-20120004225522-,100.31997,915,915,488.69,2009-03-11T00:00:00,บริษัท เอนเจล โปรดัก จำกัด,หนองเพรางาย,13.92341,-,ไทรน้อย,เลขที่ 99/9,40,2024-01-01T00:00:00,นนทบุรี,80,11150
1600,บดย่อยชิ้นเศษพลาสติก,465,0,2014-05-19T00:00:00,,สามัคคี,22230,25300000,จ3-53(5)-88/56นบ,0 2952 2277,-20120008825566-,100.526328,916,916,50,2013-09-09T00:00:00,บริษัท สบาย คอนเน็กซ์ เทค จำกัด (มหาชน),ท่าทราย,13.883598,,เมืองนนทบุรี,เลขที่ 170/1,3,2024-01-01T00:00:00,นนทบุรี,3,11000
1600,อัดเศษฟองน้ำ,972,3,2014-10-02T00:00:00,3,,22230,11200000,จ3-53(5)-89/56นบ,853559274,-20120008925564-,100.339335,917,917,1530,2013-10-09T00:00:00,-,ไทรน้อย,13.955346,บ้านกล้วย-ไทรน้อย,ไทรน้อย,เลขที่ 27/2,6,2024-01-01T00:00:00,นนทบุรี,9,11150
42724,ผลิตยางปูพื้นรถยนต์,4000,0,2006-07-17T00:00:00,6,บางบัวทอง-สุพรรณบุรี,22230,33000000,จ3-53(5)-95/48นบ,,-20120009525488-,100.3152407,918,918,212.02,2005-12-26T00:00:00,บริษัท อี.ไอ.โปรดักส์ จำกัด,ราษฎร์นิยม,14.07791106,,ไทรน้อย,เลขที่ 99/18,10,2021-01-01T00:00:00,นนทบุรี,10,11150
9600,บดพลาสติกเป็นผง,1250,4,2005-03-24T00:00:00,9,ลาดหลุมแก้ว-บางเลน,22230,13000000,จ3-53(5)-96/47นบ,,-20120009625478-,100.2826667,919,919,330.5,2004-12-11T00:00:00,บริษัท อีโค่ เฟรนด์ลี่ ไทย จำกัด,ไทรใหญ่,14.04515,วัดสโมสร,ไทรน้อย,เลขที่ 32,6,2020-01-01T00:00:00,นนทบุรี,10,11150
31040,ผลิตแผ่นป้องกันความร้อนจากพลาสติก,4848,50,2013-08-16T00:00:00,6,ไทรน้อย-บ้านดอนตะลุมพุก,22299,150000000,จ3-53(6)-1/54นบ,,-20120200125542-,100.3186687,920,920,488.69,2011-02-25T00:00:00,บริษัท เอนเจล โปรดัก จำกัด,หนองเพรางาย,13.92289214,,ไทรน้อย,เลขที่ 99/47,50,2023-01-01T00:00:00,นนทบุรี,100,11150
2872,ทำรองเท้าพลาสติก,924,2,2010-03-29T00:00:00,6,จงถนอม-วัดต้นเชือก,15209,6150000,จ3-53(7)-1/53นบ,02-4477931,-20120200125534-,100.36961,921,921,124.2,2010-04-01T00:00:00,,ศาลากลาง,13.80867,,บางกรวย,เลขที่ 74/9,5,2020-01-01T00:00:00,นนทบุรี,7,11130
20800,ผลิตรองเท้าจากพลาสติก,1500,3,2016-06-27T00:00:00,5,บ้านกล้วย-ไทรน้อย,15209,16500000,จ3-53(7)-2/59นบ,,-20120000225591-,100.2215,922,922,198.08,2016-05-13T00:00:00,บริษัท พิพัฒน์กิจ (ประเทศไทย) จำกัด,พิมลราช,13.5555,,บางบัวทอง,เลขที่ 15/4,4,2021-01-01T00:00:00,นนทบุรี,7,11110
38400,ล้าง บดและย่อยพลาสติก,1934,10,,4,ฤชุพันธ์,22299,25000000,จ3-53(9)-11/66นบ,,-20120121925665-,,923,923,487,2023-08-08T00:00:00,สุทธิรักษาพลาสติก,ราษฎร์นิยม,,,ไทรน้อย,เลขที่ 36/1,10,,นนทบุรี,20,11150
375,บดพลาสติก,375,6,2013-02-01T00:00:00,1,ไทรน้อย-ลาดบัวหลวง,22299,2020000,จ3-53(9)-17/55นบ,08 1207 6077,-20120001725557-,100.3102741,924,924,215,2012-09-18T00:00:00,บริษัท ธีระรีไซเคิล จำกัด,ราษฎร์นิยม,14.04806157,,ไทรน้อย,เลขที่ 33/18,1,2023-01-01T00:00:00,นนทบุรี,7,11150
240000,บด พลาสติกเป็นผง เพื่องานชุบเหล็ก และงานมาสเตอร์แบท,3384,0,2006-10-24T00:00:00,1,ไทรน้อย-ลาดบัวหลวง,22299,50000000,จ3-53(9)-2/49นบ,,-20120000225492-,100.3121333,925,925,363.67,2006-10-01T00:00:00,บริษัท กรีน โพลีเมอร์ จำกัด,ราษฎร์นิยม,14.03763333,-,ไทรน้อย,เลขที่ 7/1,18,2021-01-01T00:00:00,นนทบุรี,18,11150
3200,รับจ้างล้างและบดย่อยขวดพลาสติก,810,5,2004-12-15T00:00:00,4,ตลิ่งชัน-สุพรรณบุรี,22299,3500000,จ3-53(9)-27/47นบ,0-1313-2787,-20120002725473-,100.3883833,926,926,98,2004-09-08T00:00:00,ชัยเจริญรีไซเคิล,บางแม่นาง,13.87185,แก้วอินทร์,บางใหญ่,เลขที่ 32/18,5,2024-01-01T00:00:00,นนทบุรี,10,11140
1807,บดหรือย่อยพลาสติก,348,0,2014-10-30T00:00:00,2,บางกรวย-ไทรน้อย,22299,5300000,จ3-53(9)-27/57นบ,,-20120102725571-,100.3500554,927,927,53.6,2014-09-17T00:00:00,พศิน รีไซเคิล,ไทรน้อย,13.96674058,,ไทรน้อย,เลขที่ 59/7,10,2024-01-01T00:00:00,นนทบุรี,10,11150
8452,ตัด เจียระไน แกะสลักลวดลาย และอบกระจก,2160,2,2009-04-20T00:00:00,1,ราชพฤกษ์,23101,270000000,จ3-54-1/52นบ,,-20120300125525-,100.44977,928,928,331.83,2009-03-19T00:00:00,บริษัท นเรศอลูมินั่มแอนด์กลาส จำกัด,บางขนุน,13.81097,-,บางกรวย,เลขที่ 84/5,30,2025-01-01T00:00:00,นนทบุรี,32,11130
7600,ผลิตผลิตภัณฑ์เซรามิคเป็นของใช้ต่าง ๆ เช่น อุปกรณ์ฉนวนไฟฟ้า,0,18,2003-01-04T00:00:00,8,ตลิ่งชัน-สุพรรณบุรี,23939,5450000,จ3-55-1/46นบ,02-8705999,-20122200125464-,100.3823333,929,929,405.55,2003-02-24T00:00:00,บริษัท สุนเซรามิค จำกัด,ละหาร,13.97385,-,บางบัวทอง,เลขที่ 52/5,25,2023-01-01T00:00:00,นนทบุรี,43,11110
1600,ผลิตลูกถ้วย ฉนวนไฟฟ้า ชนิดเซรามิค,400,3,2022-12-23T00:00:00,7,-,23939,19600000,จ3-55-2/65นบ,21941177,-20120200525659-,100.380691,930,930,219.45,2022-11-21T00:00:00,บริษัท เอ เอ อินซูเลเตอร์ แอนด์ เซรามิค จำกัด,ลำโพ,13.92252,-,บางบัวทอง,เลขที่ 99/55,2,2027-01-01T00:00:00,นนทบุรี,5,11110
7560,ทำเนื้อดินเพื่อเป็นวัสดุสำหรับอุตสาหกรรมเซรามิก (The composite of ceramic),3260,9,2015-08-19T00:00:00,8,ไทรน้อย-ลาดบัวหลวง,23939,25000000,จ3-55-7/56นบ,0 2190 5580-2,-20120000725566-,100.313412,931,931,1686,2013-07-31T00:00:00,บริษัท โพลิเมอร์ อินโนเวชั่น จำกัด,คลองขวาง,14.009494,,ไทรน้อย,เลขที่ 88/3,13,2020-01-01T00:00:00,นนทบุรี,22,11150
3720,"ทำผลิตภัณฑ์เครื่องกระเบื้องเคลือบ เครื่องปั้นดินเผา เซรามิค เช่น ถ้วยกาแฟ,จาน,ชาม,แจกัน",840,20,2007-06-15T00:00:00,3,นนทบุรี 1,23939,15000000,จ3-55-8/50นบ,02-9680993,-20120000825507-,100.4891,932,932,401.5,2007-11-05T00:00:00,บริษัท ทองเอก โฮลดิ้ง จำกัด,บางกระสอ,13.85215,-,เมืองนนทบุรี,เลขที่ 72/2,15,2022-01-01T00:00:00,นนทบุรี,35,11000
325,ผลิตเคมีภัณฑ์ก่อสร้าง,325,0,1997-08-20T00:00:00,7,ลาดหลุมแก้ว-บางเลน,23952,8000000,จ3-57(3)-1/40นบ,5971181-2,-20121000125401-,100.3102833,933,933,55,1997-06-16T00:00:00,บริษัท นิปปอน ฮูม คอนกรีต(ประเทศไทย) จำกัด,คลองขวาง,14.02561667,,ไทรน้อย,เลขที่ 19,4,2022-01-01T00:00:00,นนทบุรี,4,11150
0,ผลิตปูนสำเร็จรูป,0,8,2004-05-24T00:00:00,2,ไทรน้อย-หนองเพรางาย,23952,17600000,จ3-57(3)-1/46นบ,02-8877-2009,-20122300125463-,100.32385,934,934,147,2004-02-29T00:00:00,บริษัท ธนาคูณพัฒนา จำกัด,หนองเพรางาย,13.90731667,,ไทรน้อย,เลขที่ 9,6,2024-01-01T00:00:00,นนทบุรี,14,11150
12984,ทำผลิตภัณฑ์คอนกรีต เช่น เสาเข็ม,5883,5,1995-06-19T00:00:00,2,ตลิ่งชัน-สุพรรณบุรี,23953,37000000,จ3-58(1)-1/38นบ,,-20121000125385-,100.3083833,935,935,595,1995-10-03T00:00:00,บริษัท มงคลกิจ คอนกรีต จำกัด,ไทรใหญ่,14.0891,ฤชุพันธ์ ,ไทรน้อย,เลขที่ 54/1,55,2020-01-01T00:00:00,นนทบุรี,60,11150
8000,ทำผลิตภัณฑ์คอมกรีต เช่น พื้นสำเร็จ เสาเข็ม เสาปูน ลูกกรงปูน ท่อระบายน้ำ บ่อพัก ถังส้วม,0,5,1996-04-30T00:00:00,7,บางบัวทอง-สุพรรณบุรี,23953,20800000,จ3-58(1)-1/39นบ,01-2124576,-20120500125390-,100.3888833,936,936,81,1996-12-03T00:00:00,บริษัท ซุ่นเฮงหลี คอนกรีต จำกัด,ละหาร,13.98015,,บางบัวทอง,เลขที่ 90/3,14,2021-01-01T00:00:00,นนทบุรี,19,11110
4875,ผลิตและจำหน่ายคอนกรีตผสมเสร็จ,640,0,1999-10-15T00:00:00,3,ติวานนท์,23953,220000000,จ3-58(1)-1/40นบ,6785350,-20121100125400-,100.5259833,937,937,192.14,1997-02-25T00:00:00,หน่วยผลิตคอนกรีตปากเกร็ด,บางพูด,13.92628333,อัมพรไพศาล,ปากเกร็ด,เลขที่ ,5,2024-01-01T00:00:00,นนทบุรี,5,11120
4800,คอนกรีตผสมเสร็จ,398,0,2003-04-18T00:00:00,1,สามัคคี,23953,10100000,จ3-58(1)-1/46นบ,02-2950901,-20122400125462-,100.5132333,938,938,214,2003-07-02T00:00:00,บริษัท น่ำเฮงคอนกรีต (1992) จำกัด,ท่าทราย,13.88188333,สามัคคี,เมืองนนทบุรี,เลขที่ ,10,2023-01-01T00:00:00,นนทบุรี,10,11000
23176,ผลิต ผลิตภัณฑ์คอนกรีต เช่น เสาเข็ม แผ่นพื้น,450,3,2019-02-09T00:00:00,8,ฤชุพันธ์,23953,12900000,จ3-58(1)-108/62นบ,899239901,-20120183425620-,100.3110828,939,939,240,2019-07-22T00:00:00,-,ราษฎร์นิยม,14.11837558,,ไทรน้อย,เลขที่ 105/3,6,2024-01-01T00:00:00,นนทบุรี,9,11150
6688,ผลิตคอนกรีตผสมเสร็จ,100,0,1997-08-04T00:00:00,7,ตลิ่งชัน-สุพรรณบุรี,23953,47000000,จ3-58(1)-11/39นบ, ,-20120001125394-,100.38925,940,940,131.5,1996-11-12T00:00:00,บริษัท คิวมิกซ์ซัพพลาย จำกัด,ละหาร,13.9822,,บางบัวทอง,เลขที่ 102/3,12,2022-01-01T00:00:00,นนทบุรี,12,11110
0,ผลิตคอนกรีตผสมเสร็จ,8200,0,2005-02-12T00:00:00,5,ทางหลวงหมายเลข 345,23953,91720000,จ3-58(1)-11/48นบ,0-2272-5555,-20120201125483-,100.4611333,941,941,416.72,2005-01-19T00:00:00,บริษัท นครหลวงคอนกรีต จำกัด,คลองข่อย,13.95091667,,ปากเกร็ด,เลขที่ 27/15,6,2020-01-01T00:00:00,นนทบุรี,6,11120
5045,ผลิตคอนกรีตผสมเสร็จ,400,0,2017-03-15T00:00:00,3,,23953,14500000,จ3-58(1)-111/59นบ,,-20120011125590-,100.4374729,942,942,304.05,2016-06-14T00:00:00,บริษัท ทีทีเอส คอนกรีต จำกัด,ลำโพ,13.95798728,,บางบัวทอง,เลขที่ 55/90,5,2022-01-01T00:00:00,นนทบุรี,5,11110
3192,คอนกรีตผสมเสร็จ,0,1,2024-05-11T00:00:00,3,,23953,7040000,จ3-58(1)-116/67นบ,827902962,-20120121925673-,100.3564,943,943,293,2024-07-16T00:00:00,บริษัท คิวมิกซ์ซัพพลาย จำกัด,ศาลากลาง,13.81529,,บางกรวย,เลขที่ โฉนดที่ดินเลขที่78512,8,2029-01-01T00:00:00,นนทบุรี,9,11130
6572,ทำผลิตภัณฑ์คอนกรีตผสม,6572,0,2004-01-11T00:00:00,1,ปทุมธานี-บางเลน,23953,29000000,จ3-58(1)-118/47นบ,29219035,-20120011825470-,100.2675833,944,944,452,2004-07-10T00:00:00,บริษัท ศรีเจริญคอนกรีต จำกัด,ขุนศรี,14.00478333,วัดยอดพระพิมล,ไทรน้อย,เลขที่ 77/1,2,2024-01-01T00:00:00,นนทบุรี,2,11150
20468,ผลิตหนังคอนกรีตสำเร็จรูป,5118,65,1997-01-16T00:00:00,1,ไทรน้อย-ลาดบัวหลวง,23953,23000000,จ3-58(1)-12/39นบ,,-20120001225392-,100.3123333,945,945,210,1996-11-26T00:00:00,บริษัท พรีคาสท์ เอ็นจิเนียริ่ง จำกัด,ราษฎร์นิยม,14.03418333,,ไทรน้อย,เลขที่ 5/1,35,2022-01-01T00:00:00,นนทบุรี,100,11150
6400,ผลิตคอนกรีตผสมเสร็จ,1200,0,2005-03-29T00:00:00,4,ทางหลวงหมายเลข 345,23953,2400000,จ3-58(1)-120/47นบ,,-20120012025476-,100.4489667,946,946,374.47,2004-11-10T00:00:00,โรงงานคอนกรีตผสมเสร็จ,คลองข่อย,13.9488,,ปากเกร็ด,เลขที่ 2/10,3,2020-01-01T00:00:00,นนทบุรี,3,11120
4800,ผลิตคอนกรีตผสมเสร็จ,400,0,2016-08-15T00:00:00,5,ติวานนท์,23953,18000000,จ3-58(1)-123/59นบ,,-20120012325595-,100.507,947,947,371.57,2016-06-29T00:00:00,บริษัท นครหลวงคอนกรีต จำกัด,ปากเกร็ด,13.9096,,ปากเกร็ด,เลขที่ 50/182,3,2021-01-01T00:00:00,นนทบุรี,3,10110
9258,ผลิตคอนกรีตผสมเสร็จ,900,0,2019-09-20T00:00:00,4,,23953,16000000,จ3-58(1)-125/62นบ,817549226,-20120209925629-,100.384659,948,948,253.47,2019-08-15T00:00:00,บริษัท ศิวะพลอย ซีเมนต์ จำกัด,บางบัวทอง,13.94474824,,บางบัวทอง,เลขที่ 2/3,7,2024-01-01T00:00:00,นนทบุรี,7,11110
15696,ผลิตคอนกรีตผสมเสร็จ,1200,0,,5,บางกรวย-ไทรน้อย,23953,3000000,จ3-58(1)-13/47นบ,,-20120001325473-,100.378062,949,949,159.33,2004-03-03T00:00:00,โรงงานคอนกรีตผสมเสร็จ ไทรน้อย,บางบัวทอง,13.946236,,บางบัวทอง,เลขที่ ,3,,นนทบุรี,3,11110
16000,ผลิตคอนกรีตผสมเสร็จ,160,3,2015-11-20T00:00:00,4,,23953,4000000,จ3-58(1)-131/58นบ,,-20120013125580-,100.3273667,950,950,117.9,2015-01-07T00:00:00,บริษัท พนาชัยคอนกรีต จำกัด,ไทรน้อย,13.96595356,,ไทรน้อย,เลขที่ ,5,2020-01-01T00:00:00,นนทบุรี,8,11500
2336,ผลิตเสาเข็มไมโครไพล์,225,0,2019-10-28T00:00:00,7,,23953,12000000,จ3-58(1)-131/62นบ,,-20120217625625-,100.30205,951,951,82,2019-08-23T00:00:00,บริษัท โฮมไพล์ เอ็นจิเนียริ่ง จำกัด,บ้านใหม่,13.87797732,,บางใหญ่,เลขที่ 9/8,6,2024-01-01T00:00:00,นนทบุรี,6,11140
18092,ทำผลิตภัณฑ์จากคอนกรีต เช่น แผ่นพื้นและผนังเป็นก้อน,5364,0,2013-08-19T00:00:00,10,เลียบคลองเจ็ก,23953,294500000,จ3-58(1)-133/56นบ,0 2105 7100,-20120013325560-,100.378693,952,952,488.5,2013-06-25T00:00:00,บริษัท ไบร์ท พรีแคสเตอร์ จำกัด,บางบัวทอง,13.966722,,บางบัวทอง,เลขที่ 10/10,39,2023-01-01T00:00:00,นนทบุรี,39,11110
3095,ผลิตคอนกรีตผสมเสร็จ,720,2,2016-11-14T00:00:00,9,คลองถนน,23953,10600000,จ3-58(1)-139/59นบ,,-20120113925590-,100.3683112,953,953,168.63,2016-07-22T00:00:00,บริษัท นาคนคร จำกัด,บางแม่นาง,13.87896934,,บางใหญ่,เลขที่ 29,10,2021-01-01T00:00:00,นนทบุรี,12,11140
5372,ผลิตคอนกรีตผสมเสร็จ,238,0,2021-10-28T00:00:00,4,พิชัยเขต,23953,12500000,จ3-58(1)-147/64นบ,26415600,-20120366125641-,100.348094,954,954,266.75,2021-06-07T00:00:00,บริษัท เอเซีย ผลิตภัณฑ์ซีเมนต์ จำกัด,ศาลากลาง,13.815906,,บางกรวย,เลขที่ โฉนดเลขที่ 6161,8,,นนทบุรี,8,11130
6400,ผลิตคอนกรีตผสมเสร็จ และผลิตภัณฑ์คอนกรีต,464,1,,6,,23953,11600000,จ3-58(1)-148/67นบ,034-510561-5,-20120151925676-,100.325966,955,955,223.6,2024-08-30T00:00:00,บริษัท ยงคอนกรีต จำกัด (มหาขน),บางใหญ่,13.831055,,บางใหญ่,เลขที่ 99,9,,นนทบุรี,10,11140
50928,ผลิตคอนกรีตผสมเสร็จ และผลิตภัณฑ์คอนกรีต เช่นเสาเข็ม,722,3,2022-02-16T00:00:00,2,,23953,29000000,จ3-58(1)-15/63นบ,,-20120030025631-,100.3293319,956,956,192.75,2020-02-14T00:00:00,บริษัท แรมมิ่งไพล์ จำกัด,ราษฎร์นิยม,14.09407913,,ไทรน้อย,เลขที่ 45,9,,นนทบุรี,12,11150
0,ผลิตเสาเข็มไมโครไพล์,0,2,,7,,23953,16000000,จ3-58(1)-150/64นบ,24089269,-20120368225647-,100.305332,957,957,82,2021-07-07T00:00:00,บริษัท โฮมไพล์ เอ็นจิเนียริ่ง จำกัด,บ้านใหม่,13.8783109,,บางใหญ่,เลขที่ โฉนดเลขที่ 137405,6,,นนทบุรี,8,11140
4800,คอนกรีตผสมเสร็จ,398,0,2016-11-04T00:00:00,6,,23953,10100000,จ3-58(1)-16/59นบ,089 8163710,-20120001625591-,100.43429,958,958,214,2016-12-02T00:00:00,บริษัท น่ำเฮงคอนกรีต (1992) จำกัด,บางรักใหญ่,13.88403,,บางบัวทอง,เลขที่ 85/5,10,2021-01-01T00:00:00,นนทบุรี,10,10120
4606,คอนกรีตผสมเสร็จ ผลิตภัณฑ์คอนกรีตอื่นๆ เช่น แผ่นพื้นคอนกรีต ฯลฯ,184,0,2020-11-23T00:00:00,,รัตนาธิเบศร์,23953,3000000,จ3-58(1)-167/63นบ,36288900,-20120209725631-,100.491553,959,959,484.22,2020-10-15T00:00:00,โรงงานคอนกรีตผสมเสร็จ แคราย 2-3,บางกระสอ,13.867943,,เมืองนนทบุรี,เลขที่ โฉนดเลขที่ 134711,3,,นนทบุรี,3,11000
3200,ผลิตและจำหน่ายคอนกรีตผสมเสร็จ,2300,0,2009-06-30T00:00:00,5,ราชพฤกษ์,23953,9400000,จ3-58(1)-17/52นบ,0-2721-2640-3,-20120001725524-,100.45499,960,960,106.26,2009-03-04T00:00:00,หน่วยผลิตราชพฤกษ์,บางพลับ,13.93369,บางพลับ 12,ปากเกร็ด,เลขที่ 33/7,5,2024-01-01T00:00:00,นนทบุรี,5,11120
4800,คอนกรีตผสมเสร็จ,398,0,2016-11-04T00:00:00,8,,23953,10100000,จ3-58(1)-17/59นบ,089 8163710,-20120001725599-,100.52006,961,961,214,2016-12-02T00:00:00,บริษัท น่ำเฮงคอนกรีต (1992) จำกัด,บางพูด,13.92906,,ปากเกร็ด,เลขที่ 84/178,10,2021-01-01T00:00:00,นนทบุรี,10,10120
57448,ผลิตภัณฑ์คอนกรีตผสมเสร็จ เช่น ท่อ คสล.เสริมเหล็ก ท่อ คศล.ไม่เสริมเหล็ก บ่อพัก แผ่นพื้นสำเร็จ แผ่นกันดิน เสาเข็ม คอนกรีตอัดแรง,4160,20,2018-03-12T00:00:00,8,,23953,120000000,จ3-58(1)-173/61นบ,02 5713330-1,-20120017325616-,100.346408,962,962,81.5,2018-05-11T00:00:00,บริษัท เอส.บี.เค คอนสตรัคชั่น (1994) จำกัด,ไทรน้อย,13.992384,,ไทรน้อย,เลขที่ 33/3,20,2023-01-01T00:00:00,นนทบุรี,40,11110
84380,ผลิตแผ่นคอนกรีตสำเร็จรูป,0,20,2017-09-30T00:00:00,2,ทล.3035(ลาดหลุมแก้ว-บางเลน),23953,192500000,จ3-58(1)-187/60นบ,,-20120018725608-,100.2825301,963,963,1264.4,2017-11-09T00:00:00,บริษัท โททอล พรีคาสท์ จำกัด,ขุนศรี,14.0245547,,ไทรน้อย,เลขที่ 56,58,2022-01-01T00:00:00,นนทบุรี,78,11120
4826,ผลิตคอนกรีตผสมเสร็จ,200,1,2024-11-25T00:00:00,3,,23953,7000000,จ3-58(1)-187/67นบ,,-20120195825676-,100.301004,964,964,282,2024-10-24T00:00:00,บริษัท ป.พัฒนารุ่งโรจน์ก่อสร้าง จำกัด,หนองเพรางาย,13.878362,,ไทรน้อย,"เลขที่ โฉนดที่ดินเลขที่ 21506, 23872, 23945, 23946, 58295",9,2029-01-01T00:00:00,นนทบุรี,10,11150
6508,ผลิตคอนกรีตผสมเสร็จ,0,0,2012-01-10T00:00:00,2,ชัยพฤกษ์,23953,3000000,จ3-58(1)-188/54นบ,36288900,-20120018825549-,100.4844839,965,965,299.3,2011-12-23T00:00:00,โรงงานคอนกรีตผสมเสร็จ ชัยพฤกษ์,คลองพระอุดม,13.9225734,,ปากเกร็ด,เลขที่ 62/6,3,2022-01-01T00:00:00,นนทบุรี,3,11120
11200,ผลิตผลิตภัณฑ์คอนกรีต เช่น แผ่นพื้น เสาเข็มอัดแรง,0,3,1997-01-09T00:00:00,2,ปธูทธานี-บางเลน,23953,8500000,จ3-58(1)-2/40นบ,5971390,-20120200225409-,100.2827667,966,966,147.25,1997-08-05T00:00:00,ไชยกิจคอนกรีต,ขุนศรี,14.02415,,ไทรน้อย,เลขที่ 59/13,7,2022-01-01T00:00:00,นนทบุรี,10,11150
6800,คอนกรีตผสมเสร็จ,0,0,2004-05-01T00:00:00,4,วงแหวนตะวันตก,23953,12500000,จ3-58(1)-2/46นบ,0-2641-5600,-20120600225462-,100.43105,967,967,227,2003-03-13T00:00:00,เอเซียผลิตภัณฑ์ซีเมนต์,ลำโพ,13.96446667,-,บางบัวทอง,เลขที่ ,4,2024-01-01T00:00:00,นนทบุรี,4,11110
8000,คอนกรีตผสมเสร็จ,690,0,2004-06-16T00:00:00,2,345,23953,17200000,จ3-58(1)-20/47นบ,0-2295-0901,-20120002025478-,100.4735833,968,968,266,2004-03-31T00:00:00,บริษัท น่ำเฮงคอนกรีต (1992) จำกัด,คลองข่อย,13.94848333,วัดสะพานสูง,ปากเกร็ด,เลขที่ 14/5,22,2024-01-01T00:00:00,นนทบุรี,22,11120
2000,ผลิตและจำหน่ายนครหลวงคอนกรีตผสมเสร็จ,400,0,2016-10-11T00:00:00,6,รัตนาธิเบศร์,23953,12000000,จ3-58(1)-200/59นบ,,-20120020025591-,100.4354,969,969,163.14,2016-09-26T00:00:00,บริษัท เจริญซีเมนต์ จำกัด,บางรักใหญ่,13.8805,,บางบัวทอง,เลขที่ 6/5,4,2021-01-01T00:00:00,นนทบุรี,4,10110
14220,ผลิตภัณฑ์คอนกรีตผสมเสร็จ,1472,0,2016-08-19T00:00:00,3,,23953,10000000,จ3-58(1)-212/58นบ,,-20120021225588-,100.3804016,970,970,234.1,2015-10-13T00:00:00,บริษัท เจริญซีเมนต์ จำกัด,ศาลากลาง,13.80885382,,บางกรวย,เลขที่ ,10,2021-01-01T00:00:00,นนทบุรี,10,11140
4440,ทำผลิตภัณฑ์คอนกรีต เช่น เสาเข็ม พื้นสำเร็จรูป ฯลฯ,300,3,2016-08-26T00:00:00,3,,23953,30000000,จ3-58(1)-218/58นบ,,-20120021825585-,100.3166959,971,971,361.08,2015-10-16T00:00:00,บริษัท ธิติพัธ ผลิตภัณฑ์คอนกรีต จำกัด,บ้านใหม่,13.87482883,,บางใหญ่,เลขที่ 56/7,10,2021-01-01T00:00:00,นนทบุรี,13,11140
1152,ผลิตคอนกรีตผสมเสร็จ,167,0,,9,-,23953,18000000,จ3-58(1)-22/66นบ,02-5259744,-20120020425668-,100.404878,972,972,318.36,2023-09-02T00:00:00,บริษัท เอ็ม คอนกรีต จำกัด,บางพูด,13.87793,-,ปากเกร็ด,เลขที่ โฉนดที่ดินเลขที่ 80955,10,,นนทบุรี,10,11120
4800,ผลิตเสาเข็มคอนกรีตและแผ่นพื้นคอนกรีต,0,3,2015-11-25T00:00:00,4,ต้นเชือก-ศาลายา,23953,2400000,จ3-58(1)-228/58นบ,,-20120022825584-,100.3401,973,973,84.5,2015-04-11T00:00:00,เพชรรุ่งเรืองคอนกรีต,บ้านใหม่,13.8408,,บางใหญ่,เลขที่ 40/6,7,2020-01-01T00:00:00,นนทบุรี,10,11140
8000,ทำผลิตภัณฑ์คอนกรีต,4681,5,2023-11-16T00:00:00,6,นบ.3017,23953,15000000,จ3-58(1)-230/64นบ,081 6154152,-20120435225646-,100.2836418,974,974,328,2021-09-23T00:00:00,บริษัท มาเจริญคอนกรีต จำกัด,ขุนศรี,13.99205929,,ไทรน้อย,เลขที่ 38,13,2028-01-01T00:00:00,นนทบุรี,18,11150
10292,ผลิตคอนกรีตผสมเสร็จ,0,0,2015-11-27T00:00:00,,เลี่ยงเมืองนนทบุรี,23953,20000000,จ3-58(1)-234/58นบ,,-20120023425582-,100.4915594,975,975,290.64,2015-10-11T00:00:00,หน่วยผลิตคอนกรีต รัตนาธิเบศร์,บางกระสอ,13.86182514,,เมืองนนทบุรี,เลขที่ ,7,2020-01-01T00:00:00,นนทบุรี,7,10120
6692,"ผลิตภัณฑ์คอนกรีต เช่น เสาเข็มรูปตัวไอ , แผ่นพื้น",504,2,,4,,23953,7438500,จ3-58(1)-24/63นบ,2925501,-20120042225633-,100.3129659,976,976,178,2020-04-03T00:00:00,บริษัท ตั้งถาวรผลิตภัณฑ์ซีเมนต์ จำกัด,คลองขวาง,14.0564644,,ไทรน้อย,เลขที่ 16/4,4,,นนทบุรี,6,11150
2156,ผลิตคอนกรีตผสมเสร็จ,167,0,2022-02-15T00:00:00,9,ติวานนท์,23953,52000000,จ3-58(1)-241/64นบ,25259744,-20120441825645-,100.5258357,977,977,463.18,2021-09-30T00:00:00,บริษัท เอ็ม คอนกรีต จำกัด,บางพูด,13.92472911,,ปากเกร็ด,เลขที่ 118,15,,นนทบุรี,15,11120
5016,ทำผลิตภัณฑ์คอนกรีตผสมเสร็จ,130,0,2018-01-03T00:00:00,6,สาย 345,23953,20500000,จ3-58(1)-25/59นบ,,-20120002525592-,100.4476419,978,978,234.1,2016-02-23T00:00:00,บริษัท ศิวะพลอย ซีเมนต์ จำกัด,ลำโพ,13.94935811,,บางบัวทอง,เลขที่ ,10,2023-01-01T00:00:00,นนทบุรี,10,11000
4800,ผลิตและจำหน่ายคอนกรีตผสมเสร็จ,400,0,2016-03-03T00:00:00,9,นครอินทร์,23953,28000000,จ3-58(1)-262/58นบ,,-20120026225583-,100.50553,979,979,284.34,2015-04-12T00:00:00,บริษัท นครหลวงคอนกรีต จำกัด,ตลาดขวัญ,13.838261,,เมืองนนทบุรี,เลขที่ 14/54,6,2021-01-01T00:00:00,นนทบุรี,6,10110
4800,ผลิตคอนกรีตผสมเสร็จ,4800,0,2016-06-01T00:00:00,,,23953,20000000,จ3-58(1)-267/58นบ,,-20120026725582-,100.5086234,980,980,319.51,2015-12-17T00:00:00,บริษัท ทีพีไอ คอนกรีต จำกัด,บางกระสอ,13.85934812,,เมืองนนทบุรี,เลขที่ ,7,2021-01-01T00:00:00,นนทบุรี,7,10120
15672,ผลิตคอนกรีตผสมเสร็จ,0,0,2013-05-20T00:00:00,8,ไทรน้อย-ต้นเชือก,23953,35000000,จ3-58(1)-29/56นบ,,-20120102925569-,100.328489,981,981,175.41,2013-11-02T00:00:00,บริษัท เจริญซีเมนต์ จำกัด,บ้านใหม่,13.878297,,บางใหญ่,เลขที่ ,11,2023-01-01T00:00:00,นนทบุรี,11,11140
3720,ผลิตคอนกรีตผสมเสร็จ,366,0,1995-07-31T00:00:00,3,บางกรวย-ไทรน้อย,23953,10000000,จ3-58(1)-3/35นบ,9208395,-20120100325358-,100.43275,982,982,144.3,1995-03-08T00:00:00,บริษัท วี แอนด์ พี โกลบอล จำกัด,บางรักพัฒนา,13.88623333,,บางบัวทอง,เลขที่ 200,5,2020-01-01T00:00:00,นนทบุรี,5,11110
6980,ผลิตภัณฑ์คอนกรีตผสมเสร็จ,1600,0,1994-04-02T00:00:00,6,บางบัวทอง-ปทุมธานี,23953,26000000,จ3-58(1)-3/36นบ,9127581,-20120000325367-,100.4411333,983,983,119,1993-08-31T00:00:00,บริษัท กาญจนาคอนกรีต จำกัด,ลำโพ,13.94943333,,บางบัวทอง,เลขที่ 6/2,13,2024-01-01T00:00:00,นนทบุรี,13,11110
16705,ผลิตคอนกรีตผสมเสร็จ,1182,0,2024-01-02T00:00:00,4,,23953,33100000,จ3-58(1)-3/67นบ,22601321,-20120001725672-,100.296943,984,984,426,2024-05-01T00:00:00,บริษัท ซิโน-ไทย เอ็นจีเนียริ่ง แอนด์ คอนสตรัคชั่น จำกัด (มหาชน),ไทรใหญ่,14.119533,,ไทรน้อย,"เลขที่ โฉนดที่ดินเลขที่ 36020, 5973",20,2029-01-01T00:00:00,นนทบุรี,20,11150
14400,การทำผลิตภัณฑ์คอนกรีต เช่น แผ่นพื้น ฯลฯ,3172,5,2016-08-25T00:00:00,3,กรุงนนท์-จงถนอม,23953,8000000,จ3-58(1)-31/59นบ,,-20120103125599-,100.369131,985,985,145,2016-02-03T00:00:00,บริษัท พีทีเอ็น คอนกรีต จำกัด,ศาลากลาง,13.80788,,บางกรวย,เลขที่ ,10,2021-01-01T00:00:00,นนทบุรี,15,10100
8444,คอนกรีตผสมเสร็จ,436,0,2019-07-19T00:00:00,4,ฉลองนนท์ 456 ปี,23953,10100000,จ3-58(1)-35/62นบ,,-20120069925628-,100.524515,986,986,320,2019-03-14T00:00:00,บริษัท น่ำเฮงคอนกรีต (1992) จำกัด,ศาลากลาง,13.6838478,,บางกรวย,เลขที่ 78,7,2024-01-01T00:00:00,นนทบุรี,7,11130
14312,ผลิตคอนกรีตผสมเสร็จ,1200,0,2014-06-30T00:00:00,,ทางหลวงชนบท 1011,23953,15000000,จ3-58(1)-38/57นบ,,-20120003825579-,100.3582266,987,987,284.27,2014-10-02T00:00:00,โรงงานคอนกรีตผสมเสร็จศาลากลาง,ศาลากลาง,13.80782708,,บางกรวย,เลขที่ ,3,2024-01-01T00:00:00,นนทบุรี,3,11130
6400,ผลิตคอนกรีตผสมเสร็จ,1200,0,2005-07-25T00:00:00,1,ราชพฤกษ์,23953,45600000,จ3-58(1)-39/48นบ,02-2725555,-20120003925486-,100.4489167,988,988,387.14,2005-03-18T00:00:00,บริษัท นครหลวงคอนกรีต จำกัด,บางขุนกอง,13.81938333,-,บางกรวย,เลขที่ 136/3,3,2020-01-01T00:00:00,นนทบุรี,3,11130
12800,ทำผลิตภัณฑ์คอนกรีต เช่น แผ่นพื้น คาน ฝาผนัง เสาเข็ม เสารั้ว ถังส้วม ท่อระบายน้ำฯ,0,10,1997-09-01T00:00:00,2,ร.พ.ช.สายบ้านราษฎรนิยม,23953,14000000,จ3-58(1)-4/39นบ,0-2210-0981-2,-20120000425399-,100.3234667,989,989,109.5,1996-08-07T00:00:00,บริษัท ซี.เค.เค คอนกรีต จำกัด,ราษฎร์นิยม,14.07578333,,ไทรน้อย,เลขที่ 15/5,19,2022-01-01T00:00:00,นนทบุรี,29,11150
1610,ผลิตเสาเข็มคอนกรีตอัดแรง,300,5,2017-03-31T00:00:00,4,,23953,41000000,จ3-58(1)-42/60นบ,,-20120004225605-,100.3639176,990,990,159,2017-01-03T00:00:00,บริษัท ณรงค์ ไมโครสปัน จำกัด,บางคูรัด,13.9134889,,บางบัวทอง,เลขที่ 12/9,60,2022-01-01T00:00:00,นนทบุรี,65,11110
9644,ผลิตคอนกรีตผสมเสร็จ,0,0,2010-11-06T00:00:00,9,ติวานนท์,23953,89500000,จ3-58(1)-44/53นบ,02-9646118,-20120004425536-,100.51738,991,991,238,2010-03-25T00:00:00,บริษัท โอ อาร์ ซี พรีเมียร์ จำกัด,บางพูด,13.92881,,ปากเกร็ด,เลขที่ 43/13,4,2020-01-01T00:00:00,นนทบุรี,4,11120
2510,ผลิตเสาเข็มไมโครไพล์,450,4,2019-10-21T00:00:00,10,กาญจนาภิเษก,23953,24000000,จ3-58(1)-46/62นบ,819179056,-20120084425620-,100.4288292,992,992,141,2019-01-04T00:00:00,พีเคเสาเข็มเจาะ,คลองข่อย,13.97309101,เปาอินทร์ ซอย 4,ปากเกร็ด,เลขที่ 16/34,11,,นนทบุรี,15,11120
1594,ผลิตเสาคอนกรีตอัดแรง,0,6,1997-01-28T00:00:00,2,ติวานนท์,23953,32775000,จ3-58(1)-5/39นบ,5841400,-20120000525396-,100.5450833,993,993,145.5,1996-08-28T00:00:00,บริษัท รังษีคอนกรีต จำกัด,บ้านใหม่,13.94598333,,ปากเกร็ด,เลขที่ 10/2,13,2022-01-01T00:00:00,นนทบุรี,19,11120
5698,ผลิตคอนกรีตผสมเสร็จ,765,0,2004-11-15T00:00:00,2,ราชพฤกษ์,23953,18500000,จ3-58(1)-5/47นบ,,-20120300525476-,100.4436667,994,994,227,2004-12-03T00:00:00,บริษัท กาญจนา คอนกรีต จำกัด,บางกร่าง,13.85345,ฉิมน้อย,เมืองนนทบุรี,เลขที่ 6/6,16,2024-01-01T00:00:00,นนทบุรี,16,11000
4400,ทำผลิตภัณฑ์คอนกรีตผสมเสร็จ,531,0,2008-01-14T00:00:00,11,บางกรวย-ไทรน้อย,23953,30100000,จ3-58(1)-51/50นบ,36288900,-20120005125507-,100.3778,995,995,168.23,2007-05-24T00:00:00,บริษัท ผลิตภัณฑ์และวัตถุก่อสร้าง จำกัด,บางบัวทอง,13.946234,-,บางบัวทอง,เลขที่ 85,2,2023-01-01T00:00:00,นนทบุรี,2,11110
3335,ผลิตคอนกรีตผสมเสร็จ,4000,0,2008-02-06T00:00:00,6,ทางหลวงหมายเลข 345,23953,14698000,จ3-58(1)-52/51นบ,,-20120005225513-,100.44996,996,996,158.61,2008-02-05T00:00:00,บริษัท นครหลวงคอนกรีต จำกัด,ลำโพ,13.94903,,บางบัวทอง,เลขที่ 24/1,18,2023-01-01T00:00:00,นนทบุรี,18,11110
6400,ผลิตคอนกรีตผสมเสร็จ,0,0,2012-10-15T00:00:00,2,สามัคคี,23953,12560000,จ3-58(1)-52/54นบ,0-2583-4422,-20120005225547-,100.5252668,997,997,162.7,2011-04-25T00:00:00,บริษัท สามัคคีผลิตภัณฑ์คอนกรีต จำกัด,ท่าทราย,13.88549152,,เมืองนนทบุรี,เลขที่ 62/4,4,2022-01-01T00:00:00,นนทบุรี,4,11000
3785,ผลิตคอนกรีตผสมเสร็จ,960,0,1999-04-19T00:00:00,11,บางกรวย-ไทรน้อย,23953,14500000,จ3-58(1)-6/40นบ,02-272-5555,-20120200625400-,100.3645833,998,998,174.4,1997-09-09T00:00:00,บริษัท นครหลวง คอนกรีต จำกัด,บางบัวทอง,13.9559,,บางบัวทอง,เลขที่ 55/4,12,2024-01-01T00:00:00,นนทบุรี,12,11110
5288,ผลิต และจำหน่ายคอนกรีตผสมเสร็จ,4800,0,2005-07-28T00:00:00,3,นครอินทร์,23953,11000000,จ3-58(1)-60/47นบ,6785350,-20120006025474-,100.44625,999,999,308.74,2004-06-30T00:00:00,บริษัท ทีพีไอ คอนกรีต จำกัด,บางขุนกอง,13.82403333,,บางกรวย,เลขที่ ,6,2020-01-01T00:00:00,นนทบุรี,6,11130
5270,คอนกรีตผสมเสร็จ,0,0,2004-04-10T00:00:00,3,ราชพฤกษ์,23953,3000000,จ3-58(1)-62/47นบ,36288900,-20120006225470-,100.4486667,1000,1000,374.47,2004-07-07T00:00:00,โรงงานคอนกรีตผสมเสร็จ พระราม 5 (มหาสวัสดิ์),บางขุนกอง,13.82226667,,บางกรวย,เลขที่ 88/6,3,2024-01-01T00:00:00,นนทบุรี,3,11130
4800,คอนกรีตผสมเสร็จ,0,0,2005-04-20T00:00:00,8,วัดโบสถ์-ท่าน้ำนนทบุรี,23953,11000000,จ3-58(1)-66/47นบ,0-2641-5600,-20120006625471-,100.4533,1001,1001,286.82,2004-12-07T00:00:00,บริษัท ชลประทานคอนกรีต จำกัด สาขา พระราม 5,บางกร่าง,13.84501667,,เมืองนนทบุรี,เลขที่ 61/2,2,2020-01-01T00:00:00,นนทบุรี,2,11000
3480,ผลิตคอนกรีตผสมเสร็จ,400,0,2012-01-08T00:00:00,4,ราชพฤกษ์,23953,22000000,จ3-58(1)-70/55นบ,0-2797-7555,-20120007025556-,100.4513,1002,1002,391.67,2012-05-23T00:00:00,บริษัท นครหลวงคอนกรีต จำกัด,บางรักน้อย,13.88063,,เมืองนนทบุรี,เลขที่ 28/11,3,2022-01-01T00:00:00,นนทบุรี,3,11000
25600,ผลิต ผลิตภัณฑ์คอนกรีต เช่น เสาเข็มคอนกรีต,3265,10,2019-06-21T00:00:00,1,,23953,61000000,จ3-58(1)-72/62นบ,,-20120134225624-,100.3013502,1003,1003,197,2019-05-27T00:00:00,บริษัท ส.อรุณ อินดัสเทรียล แซนด์ จำกัด,ไทรใหญ่,14.04524451,,ไทรน้อย,เลขที่ 9/2,33,2024-01-01T00:00:00,นนทบุรี,43,11150
16288,ผลิตบล็อกมวลเบา,4125,0,2020-06-07T00:00:00,,สุขาประชาสรรค์ 2,23953,370000000,จ3-58(1)-76/63นบ,,-20120116225634-,100.5034911,1004,1004,472,2020-12-06T00:00:00,บริษัท วีที อินโนเวทีฟ อะไลแอนซ์ จำกัด,บางพูด,13.92985454,,ปากเกร็ด,เลขที่ โฉนดเลขที่ 87165,17,,นนทบุรี,17,11120
5564,ผลิตและจำหน่ายคอนกรีตผสมเสร็จและผลิตภัณฑ์คอนกรีต เช่น แผ่นพื้นคอนกรีต,1329,0,,1,,23953,13000000,จ3-58(1)-77/57นบ,,-20120007725577-,100.3145696,1005,1005,231.35,2014-03-31T00:00:00,บริษัท เกรท ซีพีเอ็ม จำกัด,ราษฎร์นิยม,14.07490287,,ไทรน้อย,เลขที่ ,8,,นนทบุรี,8,11150
6280,คอนกรีตผสมเสร็จ,312,0,2017-05-15T00:00:00,9,บางกรวย-ไทรน้อย,23953,6000000,จ3-58(1)-78/60นบ,02-5555000,-20120007825609-,100.4648184,1006,1006,435.46,2017-12-04T00:00:00,โรงงานคอนกรีตผสมเสร็จ บางศรีเมือง,บางกร่าง,13.84653023,,เมืองนนทบุรี,เลขที่ 150/2,4,2022-01-01T00:00:00,นนทบุรี,4,10800
6550,ผลิตคอนกรีตผสมเสร็จ,110,3,2019-08-19T00:00:00,6,,23953,8360000,จ3-58(1)-78/62นบ,,-20120145625622-,100.3155746,1007,1007,238.5,2019-07-06T00:00:00,บริษัท ที.คิว.ซี.คอนกรีต จำกัด,บ้านใหม่,13.83740964,,บางใหญ่,เลขที่ 28/6,13,2024-01-01T00:00:00,นนทบุรี,16,11140
8000,ผลิตชิ้นงานคอนกรีตสำเร็จรูป,2606,5,,4,ต้นเชือก-สี่แยกคลองโยง,23953,100000000,จ3-58(1)-79/67นบ,02-8686654,-20120078525674-,,1008,1008,215,2024-05-14T00:00:00,บริษัท ดีแอนด์จี คอร์ปอเรชั่น จำกัด,บ้านใหม่,,,บางใหญ่,เลขที่ 36/9,35,,นนทบุรี,40,11140
22717,ผลิตเสาเข็มคอนกรีต,2275,0,2024-01-10T00:00:00,3,,23953,75000000,จ3-58(1)-80/67นบ,064-9922822,-20120079525673-,,1009,1009,109.92,2024-05-15T00:00:00,บริษัท ณรงค์ ไมโครสปัน จำกัด,ราษฎร์นิยม,,,ไทรน้อย,เลขที่ 8,9,2029-01-01T00:00:00,นนทบุรี,9,11150
5600,ผลิตคอนกรีตผสมเสร็จ,428,5,2023-10-20T00:00:00,4,,23953,50000000,จ3-58(1)-81/66นบ,818058142,-20120081525661-,,1010,1010,359.55,2023-05-23T00:00:00,บริษัท ฉัตรธงชัย คอนกรีต มิกซ์ จำกัด,ศาลากลาง,,,บางกรวย,เลขที่ 169,18,2028-01-01T00:00:00,นนทบุรี,23,11130
13044,ผลิตภัณฑ์คอนกรีตผสมเสร็จ ผลิตภัณฑ์คอนกรีต เช่น พื้นคอนกรีต เสาเข็ม แผ่นคอนกรีต บล๊อคคอนกรีต,1500,5,2016-11-07T00:00:00,3,บางเลน-ปทุมธานี,23953,85000000,จ3-58(1)-86/59นบ,,-20120008625594-,100.1925,1011,1011,419.75,2016-05-13T00:00:00,ห้างหุ้นส่วนจำกัด สกลวัฒนา,คลองขวาง,14.0137,,ไทรน้อย,เลขที่ 8,15,2021-01-01T00:00:00,นนทบุรี,20,11150
243000,ผลิตคานสะพานคอนกรีตอัดแรง เสาเข็มคอนกรีตอัดแรง เสาเข็มเขื่อน เสาเข็มสะพาน พื้นสำเร็จรูปแบบต่างๆ พื้นสะพานแบบต่างๆท่อระบายน้ำ กระเบื้องมุงหลังคา รับทำงานโยธาทุกประเภท,9750,40,2004-09-11T00:00:00,3,ปทุมธานี-บางเลน,23953,57000000,จ3-58(1)-88/47นบ,,-20120108825474-,100.2907167,1012,1012,276,2004-11-08T00:00:00,บริษัท พงษ์ภัทร เอนเตอร์ไพรส์ จำกัด,ขุนศรี,14.02316667,วัดขุนศรี,ไทรน้อย,เลขที่ 32/2,50,2024-01-01T00:00:00,นนทบุรี,90,11150
4000,ผลิตคอนกรีตผสมเสร็จ,1200,0,1997-08-04T00:00:00,5,ติวานนท์,23953,3000000,จ3-58(1)-9/39นบ,36288900,-20120000925398-,100.50765,1013,1013,198.36,1996-04-11T00:00:00,โรงงานคอนกรีตผสมเสร็จ ปากเกร็ด,ปากเกร็ด,13.9093,,ปากเกร็ด,เลขที่ 99/180,3,2022-01-01T00:00:00,นนทบุรี,3,11120
10400,ผลิตคอนกรีตผสมเสร็จ,810,0,2024-09-01T00:00:00,4,พิชัยเขต,23953,61500000,จ3-58(1)-96/65นบ,,-20120094425651-,,1014,1014,128.4,2022-01-06T00:00:00,บริษัท กาญจนา คอนกรีต จำกัด,ศาลากลาง,,,บางกรวย,เลขที่ โฉนดที่ดินเลขที่ื 79455 และ 81123,10,2028-01-01T00:00:00,นนทบุรี,10,11130
4860,ทำผลิตภัณฑ์จากหินแกรนิต,360,0,2005-02-12T00:00:00,2,กาญจนาภิเษก,23961,3700000,จ3-58(3)-10/48นบ,,-20120001025487-,100.4122,1015,1015,158,2005-03-30T00:00:00,,บางคูเวียง,13.8151,,บางกรวย,เลขที่ 66,18,2020-01-01T00:00:00,นนทบุรี,18,11130
7500,ทำผลิตภัณฑ์จากหินแกรนิต,2286,0,2005-08-03T00:00:00,4,-,23961,7800000,จ3-58(3)-5/48นบ,,-20120000525487-,100.4121667,1016,1016,160,2005-02-14T00:00:00,บริษัท ศิลามุมเอก แกรนิต แอนด์ มาร์เบิ้ล จำกัด,บางคูรัด,13.92245,-,บางบัวทอง,เลขที่ 49/3,32,2020-01-01T00:00:00,นนทบุรี,32,11110
312,ทำกราไฟต์โมลด์,240,2,2009-04-17T00:00:00,10,บางกรวย-ไทรน้อย,23999,15000000,จ3-58(6)-3/51นบ,02-9200133,-20120000325516-,100.475872,1017,1017,57.83,2008-09-25T00:00:00,บริษัท คัมเวล คอร์ปอเรชั่น จำกัด (มหาชน),บางเลน,13.814264,วัดบางเลนเจริญ,บางใหญ่,เลขที่ 26/2,6,2023-01-01T00:00:00,นนทบุรี,8,11140
2400,หลอมหล่อโลหะ,720,0,2023-03-08T00:00:00,9,ปทุมธานี-บางเลน,24101,21700000,จ3-59-2/66นบ,853945858,-20120098625660-,,1018,1018,415.6,2023-06-20T00:00:00,บริษัท ส.รุ่งเรือง เจริญการหล่อ จำกัด,ไทรใหญ่,,วัดสโมสร,ไทรน้อย,เลขที่ 55,7,2028-01-01T00:00:00,นนทบุรี,7,11150
5070,ตัด ขัดลาย พับ รีดเรียบ และขึ้นรูปโลหะแผ่น,5070,1,2015-02-12T00:00:00,8,บางม่วง-บางคูลัด(วัดพระเงิน),24101,63000000,จ3-59-4/56นบ,0 2443 6565,-20120000425563-,100.404563,1019,1019,83,2013-03-06T00:00:00,บริษัท ทรัพย์เอก เทรดดิ้ง (ไทยแลนด์) จำกัด,บางม่วง,13.831471,,บางใหญ่,เลขที่ 99/9,7,2020-01-01T00:00:00,นนทบุรี,8,11140
6151,ถนอมสัตว์โดยทำให้เยือกแข็ง ทำเครื่องแกง และเครื่องดื่มจากพืช,1250,22,2024-05-02T00:00:00,10,,10291,43000000,จ3-6(2)-1/66นบ,22854988,-20120036125666-,,1020,1020,135,2023-02-03T00:00:00,บริษัท  นีโอ สุกี้ไทยเรสเทอรองส์ จำกัด,คลองข่อย,,,ปากเกร็ด,เลขที่ 16/35,8,2029-01-01T00:00:00,นนทบุรี,30,11120
21191,หล่อ หลอมและรีดโลหะ ซึ่งมิใช่เหล็ก เช่น ทองแดง ทองเหลือง อลูมิเนียม ฯลฯ,2280,12,2017-10-07T00:00:00,1,สายไทรน้อย-ลาดบัวหลวง,24101,10000000,จ3-60-1/52นบ,-,-20120400125524-,100.33092,1021,1021,1304,2009-02-13T00:00:00,-,ราษฎร์นิยม,14.11138,,ไทรน้อย,เลขที่ 59/9,14,2022-01-01T00:00:00,นนทบุรี,26,11150
2190,หลอมหล่อโลหะ เช่น อลูมิเนียม ทองเหลือง ทองแดง ดีบุก นิกเกิล และซ่อมแซมเครื่องจักร,776,6,2023-09-09T00:00:00,10,,24101,12000000,จ3-60-14/65นบ,-,-20120174225658-,,1022,1022,286.19,2022-05-10T00:00:00,บริษัท เค.เอ 2018 เทรดดิ้ง,คลองขวาง,,,ไทรน้อย,เลขที่ โฉนดที่ดินเลขที่ 59198,9,2028-01-01T00:00:00,นนทบุรี,15,11150
9780,หลอมหล่อ อัดเศษโลหะ เช่น อลูมิเนียม ทองแดง ทองเหลือง ฯลฯ,525,0,2023-04-28T00:00:00,8,,24101,17000000,จ3-60-20/58นบ,,-20120002025585-,100.3059,1023,1023,157.05,2015-11-23T00:00:00,บริษัท ไทย เวสท์ แมเนจเม้นท์ จำกัด,คลองขวาง,14.0096,,ไทรน้อย,เลขที่ -,15,2028-01-01T00:00:00,นนทบุรี,15,11130
1600,หลอม หล่อโลหะที่ไม่ใช่เหล็ก หรือเหล็กกล้า เช่น ทองแดง ทองเหลือง ทอง ดีบุก นิเกิล และเงิน เป็นต้น,250,2,2019-04-09T00:00:00,2,,24101,9200000,จ3-60-6/62นบ,,-20120184625624-,100.3236749,1024,1024,328.63,2019-07-23T00:00:00,บริษัท ทีจีแอลแอล โปร เมทัล จำกัด,คลองขวาง,14.00629232,,ไทรน้อย,เลขที่ 30/6,5,2024-01-01T00:00:00,นนทบุรี,7,11150
4908,หล่อหลอมทองเหลือง,800,0,2012-02-07T00:00:00,3,บางบัวทอง-สุพรรณบุรี,24101,3750000,จ3-60-8/50นบ,,-20120100825506-,100.301,1025,1025,110.5,2007-05-16T00:00:00,บ้านหล่อพิจิตรพุทธปฏิมา,ไทรใหญ่,14.10801,-,ไทรน้อย,เลขที่ -,6,2022-01-01T00:00:00,นนทบุรี,6,11150
1600,หลอม หล่อโลหะ ที่ไม่ใช่เหล็ก หรือ เหล็กกล้า เช่น ทองแดง ทองเหลือง ทอง ดีบุก นิเกิล และเงิน เป็นต้น,200,0,,2,,24101,9200000,จ3-60-9/64นบ,087 2500991,-20120443025640-,100.3245064,1026,1026,316.52,2021-09-30T00:00:00,ถังศิริ พรีเซียส เมทัล (Thungsiri precious metal),คลองขวาง,14.00581367,,ไทรน้อย,เลขที่ โฉนดเลขที่ 55900,0,,นนทบุรี,0,11150
7600,ชิ้นส่วนอุปกรณ์เครื่องจักร อุปกรณ์งานโยธา ส่วนประกอบ หรืออุปกรณ์เครื่องจักรที่ใช้ในการเกษตรกรรม การกลึง เจาะ คว้าน กัด ไส เจียนหรือเชื่อมโลหะทั่วไป,1440,1,1998-04-12T00:00:00,2,ไทรน้อย-ลาดบัวหลวง,24109,19000000,จ3-61-1/40นบ,0-2985-7880,-20121200125409-,100.3326,1027,1027,460.95,1997-04-17T00:00:00,ห้างหุ้นส่วนจำกัด พี.อี.เอส แมชชินเนอรี่,ราษฎร์นิยม,14.06876667,,ไทรน้อย,เลขที่ 104/2,40,2023-01-01T00:00:00,นนทบุรี,41,11150
540,ลับคมใบมีด และซ่อมสร้างเครื่องมือทุกชนิด รวมทั้งรับจ้างทำท่อระบบปรับอากาศ,540,0,2000-09-29T00:00:00,5,ปทุม-บางเลน,24109,3725000,จ3-61-1/43นบ,9776853,-20120700125430-,100.3419333,1028,1028,92.75,2000-08-17T00:00:00,ห้างหุ้นส่วนจำกัด แสงทองคาร์ไบด์,ราษฎร์นิยม,14.02636667,เลียบคลองลากฆ้อน,ไทรน้อย,เลขที่ 43/3,9,2020-01-01T00:00:00,นนทบุรี,9,11150
8544,ผลิต ตบแต่ง ดัดแปลง หรือซ่อมแซมเครื่องมือกล หรือชิ้นส่วนอุปกรณ์เครื่องจักร อุปกรณ์งานโยธา ส่วนประกอบหรืออุปกรณ์เครื่องจักรกลที่ใช้ในการเกษตรกรรม กลึง เจาะ คว้าน กัด ไส เจียนหรือเชื่อมโลหะทั่วไป,1152,0,2005-09-03T00:00:00,6,ไทรน้อย-ลาดบัวหลวง,24109,36000000,จ3-61-1/48นบ,,-20120400125482-,100.3187,1029,1029,463.77,2005-09-02T00:00:00,ห้างหุ้นส่วนจำกัด พี.อี.เอส แมชชีนเนอรี่,ราษฎร์นิยม,14.06743333,-,ไทรน้อย,เลขที่ 2,20,2020-01-01T00:00:00,นนทบุรี,20,11150
2932,ผลิต ตกแต่ง ดัดแปลง หรือซ่อมแซมเครื่องมือหรือเครื่องใช้ที่ทำด้วยเหล็ก เช่น เครื่องล้างระบบอุลตร้าโซนิค,1800,10,2018-10-08T00:00:00,5,,24109,54000000,จ3-61-12/59นบ,02 1906001-3,-20120001225590-,100.414079,1030,1030,195.11,2016-11-16T00:00:00,บริษัท เอซีอี อัลติเมท จำกัด,ละหาร,13.95368,,บางบัวทอง,เลขที่ 99/32,55,2023-01-01T00:00:00,นนทบุรี,65,11110
1200,ผลิตเครื่องกรองน้ำ และอุปกรณ์เครื่องกรองน้ำ,420,0,2007-05-02T00:00:00,2,วัดนครอินทร์,24109,7300000,จ3-61-2/44นบ,02-5880273,-20120200225441-,100.4551675,1031,1031,92,2001-12-11T00:00:00,บริษัท ทรีท เคมิคอล จำกัด,บางขุนกอง,13.82405459,,บางกรวย,เลขที่ 2/1,30,2022-01-01T00:00:00,นนทบุรี,30,11130
282,ผลิตเครื่องใช้ภายในครัวเรือน จากเหล็กกล้าไร้สนิม เช่น อุปกรณ์ปรุงก๋วยเตี๋ยว,250,0,2011-01-03T00:00:00,4,บางกรวย-จงถนอม,24109,1410000,จ3-61-2/54นบ,,-20120300225549-,100.4310754,1032,1032,75,2011-03-02T00:00:00,บริษัท เอ เอ็ม ซี ไอ อิมพอร์ต แอนด์ เอ็กซ์พอร์ต จำกัด,ศาลากลาง,13.82206387,,บางกรวย,เลขที่ 67/1,7,2021-01-01T00:00:00,นนทบุรี,7,11130
2076,ผลิตแผงกั้นการจราจร ประกอบโคมไฟฉุกเฉินและแผ่นป้ายทุกชนิด,1808,7,2017-08-28T00:00:00,2,บางบัวทอง-ปทุมธานี,24109,31000000,จ3-61-2/60นบ,0 2525 8747,-20120300225606-,100.432577,1033,1033,148.29,2017-10-03T00:00:00,บริษัท นีโอ คอร์ปอเรชั่น กรุ๊ป จำกัด,ลำโพ,13.954504,,บางบัวทอง,เลขที่ 555,15,2022-01-01T00:00:00,นนทบุรี,22,11110
6400,"ผลิต,ประกอบโครงเหล็กเสาอากาศ โทรคมนาคม ทุกประเภท",336,2,2003-01-28T00:00:00,6,เลียบคลองทวีวัฒนา,24109,8172000,จ3-61-3/45นบ,0-2449-7544,-20120100325457-,100.3098333,1034,1034,160,2002-11-29T00:00:00,ซีทีเอ็กซ์ ทาวเวอร์,บ้านใหม่,13.8428,    -,บางใหญ่,เลขที่ 31,12,2023-01-01T00:00:00,นนทบุรี,14,11140
3200,ทำอุปกรณ์ หรือส่วนประกอบเครื่องจักรและส่วนประกอบอาคารจากโลหะ,1080,0,2012-10-09T00:00:00,8,กาญจนาภิเษก,24109,16000000,จ3-61-3/54นบ,0-2158-4400-3,-20120300325547-,100.4093658,1035,1035,118,2011-02-25T00:00:00,บริษัท ฟู้ดส์เทค เอ็นจิเนียริ่ง จำกัด,ลำโพ,13.98036013,ลำโพทอง,บางบัวทอง,เลขที่ 20/9,25,2023-01-01T00:00:00,นนทบุรี,25,11110
880,ออกแบบ ผลิต ติดตั้ง เครื่องจักรในระบบบำบัดน้ำเสีย เครื่องจักรโรงงาน,572,0,2017-06-23T00:00:00,5,กาญจนาภิเษก,24109,19000000,จ3-61-3/60นบ,0 2158 4522,-20120100325606-,100.4137388,1036,1036,119.5,2017-04-19T00:00:00,บริษัท ตฤณ วิศวกรรม จำกัด,ลำโพ,13.97558221,,บางบัวทอง,เลขที่ 55/62,11,2022-01-01T00:00:00,นนทบุรี,11,11110
8035,ผลิตเครื่องจักรเพื่อการบรรจุภัณฑ์,1925,6,2016-09-21T00:00:00,7,,24109,80044000,จ3-61-4/59นบ,,-20120200425595-,100.3536357,1037,1037,276.75,2016-03-16T00:00:00,บริษัท ลีนาแพ็ค จำกัด,บางบัวทอง,13.98964239,,บางบัวทอง,เลขที่ 108,30,2021-01-01T00:00:00,นนทบุรี,36,11140
800,ทำรถเข็นคอนกรีต และรถเข็นสินค้าจากโลหะ,224,0,2012-11-19T00:00:00,11,บางบัวทอง-สุพรรณบุรี,24109,3945000,จ3-61-5/55นบ,08 4455 3000,-20120400525558-,100.4024567,1038,1038,103,2012-08-31T00:00:00,ภาณุรุ่งเรือง (มังกรทอง),คลองข่อย,13.98679633,วัดสามง่าม,ปากเกร็ด,เลขที่ 31/6,9,2022-01-01T00:00:00,นนทบุรี,9,11120
1000,โรงงานผลิต ประกอบ ดัดแปลง หรือซ่อมแซมเครื่องจักรที่ทำด้วยเหล็กหรือเหล็กกล้าไร้สนิมสำหรับอุตสาหกรรมเคมีและอาหาร,500,0,2011-03-01T00:00:00,10,วงแหวนตะวันออก,24109,14000000,จ3-61-6/53นบ,02-1596206-9,-20120000625535-,100.4272543,1039,1039,87.87,2010-09-12T00:00:00,บริษัท วิสเมค จำกัด,คลองข่อย,13.9737342,,ปากเกร็ด,เลขที่ 12/18 ,8,2021-01-01T00:00:00,นนทบุรี,8,11120
1200,ทำเครื่องใช้ภายในครัวเรือนจากโลหะ เช่น โต๊ะวางเตาแก๊ส,270,1,2011-12-09T00:00:00,5,กาญจนาภิเษก,24109,6700000,จ3-61-6/54นบ,0-2587-3573-4,-20120200625541-,100.4103236,1040,1040,124.38,2011-07-13T00:00:00,บริษัท เสริมมั่นคง 359 จำกัด,ลำโพ,13.97357923,,บางบัวทอง,เลขที่ 55/57,7,2021-01-01T00:00:00,นนทบุรี,8,11110
900,ผลิตเครื่องกรองน้ำ ถังเก็บน้ำ สแตนเลส และเหล็ก,480,0,2004-06-09T00:00:00,2,สาย 345,24109,10300000,จ3-61-7/47นบ,0-2961-7451,-20120000725475-,100.4343,1041,1041,102.7,2004-08-13T00:00:00,ห้างหุ้นส่วนจำกัด เค.เอส.บี.เมทัล เอ็นจิเนียริ่ง,ลำโพ,13.95238333,-,บางบัวทอง,เลขที่ 29/65,10,2024-01-01T00:00:00,นนทบุรี,10,11110
792,ผลิตอุปกรณ์และส่วนประกอบของเครื่องจักรสำหรับอุตสาหกรรม ชุบโลหะและปิโตรเคมี กลึง เจาะ คว้าน กัด ไส เจียร และเชื่อมโลหะทั่วไป,480,4,2012-09-29T00:00:00,2,บางกรวย-ไทรน้อย,24109,7538841,จ3-61-7/55นบ,0 2920 4044,-20120200725556-,100.4427675,1042,1042,487.16,2012-10-09T00:00:00,บริษัท โปรลอก ไทเทเนียม คอร์ปอเรชั่น จำกัด,บางรักใหญ่,13.88777389,ดวงทอง,บางบัวทอง,เลขที่ 48/107-109,20,2022-01-01T00:00:00,นนทบุรี,24,11110
5300,ซ่อมเครื่องมือเครื่องใช้ที่ทำจากเหล็กหรือเหล็กกล้าและเชื่อมโลหะทั่วไป,412,1,2014-10-07T00:00:00,1,ทางหลวงหมายเลข 345,24109,3920000,จ3-61-9/52นบ,081-2073458,-20120000925521-,100.42674,1043,1043,327.6,2009-01-10T00:00:00,สมพร 345,ลำโพ,13.94311,-,บางบัวทอง,เลขที่ -,10,2024-01-01T00:00:00,นนทบุรี,11,11110
9600,ทำอุปกรณ์เครื่องเรือนจากโลหะ เช่น กลอนประตู บานพับ มือจับ ลู,4032,40,1998-01-29T00:00:00,1,รัตนาธิเบศร์,31002,22500000,จ3-62-1/35นบ,0-2950-3411,-20120300125350-,100.4291492,1044,1044,185.25,1992-10-22T00:00:00,ชยันต์,บางรักใหญ่,13.87626959,,บางบัวทอง,เลขที่ 123,15,2023-01-01T00:00:00,นนทบุรี,55,11110
2336,ผลิตและซ่อมแซมของใช้จากโลหะ เช่น เก้าอี้ โต๊ะ และอื่น ๆ,600,5,1994-07-29T00:00:00,15,ตลิ่งชัน-บางบัวทอง,31002,5000000,จ3-62-1/37นบ,01-4477733-6,-20121200125375-,100.37525,1045,1045,197.52,1994-04-11T00:00:00,บริษัท ต.รุ่งเรืองโลหะกิจการช่าง จำกัด,บางม่วง,13.81935,วัดพระเงิน,บางใหญ่,เลขที่ 53/24,15,2024-01-01T00:00:00,นนทบุรี,20,11140
5896,"เฟอร์นิเจอร์เหล็กทุกชนิด เช่น โต๊ะ ,ตู้ และเซฟ",3900,15,2001-08-15T00:00:00,8,ตลิ่งชัน-สุพรรณ,31002,60000000,จ3-62-1/43นบ,9256061-3,-20120800125439-,100.38535,1046,1046,496.18,2000-12-13T00:00:00,บริษัท ซุปเปอร์ วิคตอรี่ จำกัด,ละหาร,13.97595,,บางบัวทอง,เลขที่ 52/6,30,2021-01-01T00:00:00,นนทบุรี,45,11110
400,ทำเครื่องเรือนจากโลหะ ประกอบไม้และฟองน้ำ เช่น โต๊ะ และเก้าอี้,800,8,2003-04-18T00:00:00,2,ทางหลวงหมายเลข 345,31002,10500000,จ3-62-1/46นบ,0-2961-7211,-20122500125461-,100.4349667,1047,1047,94.49,2003-03-31T00:00:00,บริษัท ครีเอท เฟอร์นิเจอร์ กรุ๊ป จำกัด,ลำโพ,13.953,-,บางบัวทอง,เลขที่ 29/74,14,2023-01-01T00:00:00,นนทบุรี,22,11110
13582,ผลิตเฟอร์นิเจอร์เหล็ก,5124,202,1994-10-27T00:00:00,3,ลาดหลุมแก้ว-บางเลน,31002,27807650,จ3-62-2/36นบ,02-9219822-6,-20120200225367-,100.29185,1048,1048,799.86,1993-12-15T00:00:00,บริษัท เฟอร์นิสท์ อินดัสทรีส์ จำกัด,ขุนศรี,14.0274,,ไทรน้อย,เลขที่ 43/6,130,2024-01-01T00:00:00,นนทบุรี,332,11150
1792,ผลิต ตบแต่ง ดัดแปลงหรือซ่อมแซมเครื่องเรือนหรือเครื่องตบแต่งภายในอาคารที่ทำจากโลหะหรือเครื่องใช้ในสำนักงาน เช่น เก้าอี้หุ้มเบาผ้าหนังเทียม,952,2,2001-03-16T00:00:00,5,ร.พ.ช.สายบ้านกล้วย-ไทรน้อย,31002,7756000,จ3-62-2/38นบ,02-2944430,-20120300225382-,100.3764167,1049,1049,194.86,1995-06-13T00:00:00,-,พิมลราช,13.93186667,-,บางบัวทอง,เลขที่ 14/8,7,2021-01-01T00:00:00,นนทบุรี,9,11110
60800,ทำเครื่องเรือนจากโลหะ เช่น โต๊ะ เก้าอี้ฯ,7504,0,2006-01-03T00:00:00,,ลาดหลุมแก้ว-บางเลน,31002,161300000,จ3-62-2/44นบ,02-9219710-5,-20120300225440-,100.2811167,1050,1050,567.73,2001-12-21T00:00:00,บริษัท สยาม เค.ซี.เมทัล อินดัสทรี จำกัด,ขุนศรี,14.02403333,,ไทรน้อย,เลขที่ 15/5,15,2021-01-01T00:00:00,นนทบุรี,15,11150
12324,ผลิตเฟอร์นิเจอร์ โต๊ะ เก้าอี้ ตู้เอกสาร,5480,12,2004-10-20T00:00:00,4,ตลิ่งชัน-สุพรรณบุรี,31002,28000000,จ3-62-2/45นบ,0-2922-3988,-20120500225455-,100.3297333,1051,1051,496.44,2002-01-11T00:00:00,บริษัท คีออส เฟอร์นิเจอร์ จำกัด,ราษฎร์นิยม,14.06065,,ไทรน้อย,เลขที่ 1/4,33,2024-01-01T00:00:00,นนทบุรี,45,11150
13332,ผลิตส่วนประกอบหรืออุปกรณ์ของเครื่องเรือนจากโลหะและพลาสติก เช่น บานพับประตู กลอนประตู ขอบคิ้วพลาสติกและสลักพลาสติก,2958,12,2008-03-27T00:00:00,2,บางบัวทอง-สุพรรณบุรี,31002,32000000,จ3-62-3/48นบ,-,-20120100325481-,100.3029333,1052,1052,187,2005-05-24T00:00:00,รัตนะเจด,ไทรใหญ่,14.09626667,-,ไทรน้อย,เลขที่ 111/3,12,2023-01-01T00:00:00,นนทบุรี,24,11150
9000,"ผลิตเครื่องตกแต่งจากโลหะ เช่น ประติมากรรมรูปคน,สัตว์จากมองเหลืองและดีบุก",1728,17,2005-08-29T00:00:00,2,ไทรน้อย-ลากฆ้อน,31002,28500000,จ3-62-4/48นบ,02-9238532,-20120100425489-,100.3521833,1053,1053,492.1,2005-06-27T00:00:00,บริษัท ไทยเมทัลคราฟเตอร์ จำกัด,ไทรน้อย,13.9877,-,ไทรน้อย,เลขที่ 45/9-11,34,2020-01-01T00:00:00,นนทบุรี,51,11150
800,ผลิตเครื่องเรือน เครื่องตบแต่งภายในอาคารจากโลหะหรือโลหะส่วนใหญ่และส่วนประกอบดังกล่าว การกลึง เชื่อม เจาะ กัด ไส โลหะทั่วไป และทำส่วนประกอบสำหรับใช้ในการก่อสร้างอาคาร,556,5,2022-03-25T00:00:00,9,,31002,7500000,จ3-62-5/61นบ,,-20120300525617-,100.4069912,1054,1054,298,2018-09-17T00:00:00,บริษัท สยามชัยกิจเจริญ สตีล จำกัด,ละหาร,13.94369416,,บางบัวทอง,เลขที่ 18/35,9,,นนทบุรี,14,11110
1596,ผลิตเครื่องเรือนหรือเครื่องตบแต่งภายในอาคารจากโลหะและไม้ เช่น โต๊ะ เตียง เก้าอี้,1100,6,2009-10-26T00:00:00,9,บางไผ่-หนองเพรางาย,31002,15300000,จ3-62-9/52นบ,0-2927-2626,-20120100925520-,100.39389,1055,1055,176.5,2009-08-31T00:00:00,บริษัท อินเตอร์ สตีลเฟอร์นิเจอร์ จำกัด,บางคูรัด,13.89199,เลียบคลองนายหลีก,บางบัวทอง,เลขที่ 68/1,9,2024-01-01T00:00:00,นนทบุรี,15,11110
3200,ทำผลิตภัณฑ์โลหะสำหรับใช้ในการก่อสร้าง เช่น ลวดตาข่าย ลวดทับหลัง,984,8,2024-02-01T00:00:00,9,,25111,21000000,จ3-63(1)-1/66นบ,21573679,-20120036725663-,,1056,1056,217.86,2023-03-03T00:00:00,บริษัท ยูเอ็น สตีล กรุ๊ป จำกัด,ไทรใหญ่,,,ไทรน้อย,เลขที่ 5/2,16,2028-01-01T00:00:00,นนทบุรี,24,11150
7176,ทำผลิตภัณฑ์โลหะสำหรับใช้ในการก่อสร้าง เช่น คาน จั่ว เสา,4143,30,2001-02-04T00:00:00,1,รัตนาธิเบศร์,25111,66846000,จ3-63(1)-2/40นบ,0-2920-5101-3,-20120300225408-,100.4552833,1057,1057,593.35,1997-09-17T00:00:00,บริษัท ชาญเอ็มอาร์ กรุ๊ป จำกัด,บางรักพัฒนา,13.86705,โรงเรียนป่าไม้อุทิศ,บางบัวทอง,เลขที่ 119/2,80,2021-01-01T00:00:00,นนทบุรี,110,11110
1264,ผลิตราวเหล็กป้องกันภัย (GUARD RAIL),498,0,,6,,25111,12500000,จ3-63(1)-4/65นบ,810124282,-20120188525655-,,1058,1058,285,2022-10-28T00:00:00,บริษัท เอิร์ท ซี จำกัด,ราษฎร์นิยม,,,ไทรน้อย,เลขที่ 92/8,20,,นนทบุรี,20,11150
1814,ซ่อมและผลิตเครื่องสูบน้ำและมอเตอร์ บานประตูระบายน้ำ อุปกรณ์ระบบป้องกันน้ำท่วมและเครื่องจักรกล,600,6,2018-10-16T00:00:00,10,นบ1008,25111,12500000,จ3-63(1)-6/61นบ,02 2700242,-20120300625615-,100.2538,1059,1059,250,2018-05-25T00:00:00,บริษัท ไฮเดรกซ์ อินเตอร์เนชั่นแนล จำกัด,คลองข่อย,13.584,ทอง,ปากเกร็ด,เลขที่ 21/2,12,2023-01-01T00:00:00,นนทบุรี,18,10400
27200,เกี่ยวกับผลิตภัณฑ์โลหะสำหรับใช้ในการก่อสร้างอาคาร เช่น แบบเหล็ก นั่งร้าน โครงสร้างเหล็ก และผลิตภัณฑ์เหล็กขนาดต่าง ๆ,10368,37,2004-05-01T00:00:00,4,บางบัวทอง-สุพรรณบุรี,25111,145000000,จ3-63(2)-1/45นบ,,-20121100125459-,100.3289167,1060,1060,6575.5,2002-12-13T00:00:00,บริษัท ฟิวเจอร์ ชายน์ จำกัด,ราษฎร์นิยม,14.06158333,-,ไทรน้อย,เลขที่ 4/22,78,2024-01-01T00:00:00,นนทบุรี,115,11150
0,ทำผลิตภัณฑ์โลหะสำหรับใช้ในการก่อสร้างอาคาร เช่น ประตู หน้าต่าง เหล็กดัด และประตู รั้ว ราวบันไดจากแสตนเลสและโลหะทุกชนิด,0,0,2016-05-16T00:00:00,6,,25111,0,จ3-63(2)-1/47นบ,089-6136923,-20120500125473-,100.4157833,1061,1061,96.18,2004-01-15T00:00:00,,บางม่วง,13.83563333,,บางใหญ่,เลขที่ 51/18,0,2021-01-01T00:00:00,นนทบุรี,0,11140
0,ผลิตขอบหลังคาโลหะสำหรับงานก่อสร้าง เช่น รางอลูมิเนียม และสังกะสี,0,3,2006-03-27T00:00:00,3,อนามัย-ลิ้มกุล,25111,11800000,จ3-63(2)-10/47นบ,,-20120001025479-,100.29585,1062,1062,120.33,2004-06-25T00:00:00,บริษัท เอ็ม.เอ.แม็ก กรุ๊ป จำกัด,หนองเพรางาย,13.88636667,,ไทรน้อย,เลขที่ 95/14,12,2022-01-01T00:00:00,นนทบุรี,15,11150
25438,ผลิตและติดตั้งประตู หน้าต่างอลูมิเนียม และผลิตภัณฑ์ที่คล้ายกันที่ทำจากอลูมิเนียม,4860,13,,10,-,25111,130000000,จ3-63(2)-10/67นบ,29633601,-20120133725673-,100.310125,1063,1063,282.11,2024-05-08T00:00:00,บริษัท เฟรมเทค วินโดว์ แอนด์ ดอร์ จำกัด,คลองขวาง,14.021806,-,ไทรน้อย,เลขที่ 18,57,,นนทบุรี,70,11150
2400,ทำส่วนประกอบสำหรับใช้ในการก่อสร้างอาคาร ตัด พับ ม้วน เจียน เจาะโลหะ เช่น หลังคาเหล็กแผ่นรีดลอน แผ่นปิดครอบหลังคา เป็นต้น,1080,1,2004-09-15T00:00:00,5,-,25111,19000000,จ3-63(2)-12/47นบ,0-2886-2880-1,-20120001225475-,100.4246167,1064,1064,296,2004-07-07T00:00:00,บริษัท พีจี เอ็นเตอร์ไพรซ์ จำกัด,ลำโพ,13.97245,-,บางบัวทอง,เลขที่ 31/9,20,2024-01-01T00:00:00,นนทบุรี,21,11110
3252,ทำส่วนประกอบสำหรับใช้ในการก่อสร้างอาคาร เช่น รางน้ำ และกลึง เชื่อมโลหะ,960,4,2024-01-15T00:00:00,2,,25111,15000000,จ3-63(2)-13/66นบ,095 7652344,-20120215725666-,,1065,1065,168.14,2023-12-22T00:00:00,บริษัท สเตนเลสฮับ จำกัด,หนองเพรางาย,,,ไทรน้อย,เลขที่ 9/3,12,2028-01-01T00:00:00,นนทบุรี,16,11150
2064,ตัด พับ และม้วนโลหะแผ่นใช้สำหรับงานตบแต่งอาคาร,211,0,1996-06-02T00:00:00,3,ติวานนท์,25111,3800000,จ3-63(2)-2/38นบ,,-20120400225381-,100.5161833,1066,1066,97.63,1995-11-12T00:00:00,บริษัท เอ.เอ็น.เอส.ฟิวเจอร์ อินทีเรีย จำกัด,บางพูด,13.93835,สุขาประชาสรร,ปากเกร็ด,เลขที่ 6/11,10,2021-01-01T00:00:00,นนทบุรี,10,11120
5700,ผลิตโครงสร้างเหล็กสำหรับใช้ก่อสร้าง และผลิตถังบรรจุน้ำ และถังบรรจุน้ำมันจากเหล็ก,3600,5,1996-11-20T00:00:00,1,,25111,12500000,จ3-63(2)-2/39นบ, 02-9219937-9,-20120100225392-,100.3123,1067,1067,1264.06,1996-09-20T00:00:00,บริษัท สแกน อินเตอร์ จำกัด (มหาชน),ราษฎร์นิยม,14.03083333,,ไทรน้อย,เลขที่ 50/1,30,2021-01-01T00:00:00,นนทบุรี,35,11150
1621,รีดหลังคาเมทัลชีท,720,10,2017-02-03T00:00:00,9,สาย 340,25111,32000000,จ3-63(2)-2/60นบ,,-20120400225605-,100.401313,1068,1068,105.51,2017-11-01T00:00:00,บริษัท ส.เจริญกิจ มาร์เก็ตติ้ง โปรดักส์ จำกัด,ละหาร,13.961093,,บางบัวทอง,เลขที่ 81/8,20,2022-01-01T00:00:00,นนทบุรี,30,11110
8002,ผลิตประตู-หน้าต่างกระจก อลูมิเนียม,3170,88,2022-11-03T00:00:00,10,,25111,72000000,จ3-63(2)-2/65นบ,21472536,-20120009325657-,100.4295,1069,1069,168.15,2022-01-18T00:00:00,บริษัท โปรไวเดอร์ กลาสเทค จำกัด,คลองข่อย,13.9767,,ปากเกร็ด,เลขที่ 12/66-67,88,2027-01-01T00:00:00,นนทบุรี,176,11120
4908,ทำส่วนประกอบสำหรับใช้ในการก่อสร้างอาคารจากโลหะ,1620,4,2015-12-29T00:00:00,6,ไทรน้อย-ต้นเชือก,25111,35000000,จ3-63(2)-21/56นบ,,-20120002125567-,100.3156584,1070,1070,89,2013-03-13T00:00:00,ห้างหุ้นส่วนจำกัด เค.ที.เอส. สตาร์บอร์น,หนองเพรางาย,13.91833113,วัดเสนีย์วงศ์,ไทรน้อย,เลขที่ 48/11,8,2020-01-01T00:00:00,นนทบุรี,12,11150
4800,รับจ้างทำประตู หน้าต่างเหล็ก โครงหลังคาเหล็ก งานเกี่ยวกับเหล็ก รับจ้างทำลูกกรง ราวบันไดสแตนเลส งานเกี่ยวกับสแตนเลสทุกชนิดและทำเครื่องใช้พลาสติก,640,5,2007-10-19T00:00:00,6,ไทรน้อย-ลาดบัวหลวง,25111,11000000,จ3-63(2)-23/50นบ,879950110,-20120002325506-,100.30873,1071,1071,150.5,2007-08-22T00:00:00,-,ราษฎร์นิยม,14.08859,-,ไทรน้อย,เลขที่ 99/5,15,2022-01-01T00:00:00,นนทบุรี,20,11150
1914,ทำวงกบและบานประตูหน้าต่างของอาคารจากโลหะ,280,12,2012-10-22T00:00:00,10,กาญจนาภิเษก,25111,39500000,จ3-63(2)-24/55นบ,,-20120002425553-,100.4287167,1072,1072,169.88,2012-11-05T00:00:00,บริษัท ศุภริช จำกัด,คลองข่อย,13.97907213,วัดศรีเขตนันทาราม,ปากเกร็ด,เลขที่ 33/1,36,2022-01-01T00:00:00,นนทบุรี,48,11120
8116,"ทำผลิตภัณฑ์จากโลหะสำหรับใช้ในการก่อสร้าง เช่น เมทัลชีท,ฝ้าอลูมิเนียม",460,0,,4,กรุงนนท์-จงถนอม,25111,16000000,จ3-63(2)-24/59นบ,,-20120002425595-,100.335,1073,1073,105,2016-04-21T00:00:00,บริษัท เทพบุญนำ สตีล จำกัด,ศาลากลาง,13.8143,,บางกรวย,เลขที่ ,8,,นนทบุรี,8,10160
1600,ผลิตตะแกรงเหล็ก,600,0,2019-02-09T00:00:00,9,ตลิ่งชัน-สุพรรณบุรี,25111,125000000,จ3-63(2)-25/62นบ,29255100,-20120161925625-,10040133,1074,1074,480.34,2019-06-25T00:00:00,บริษัท ไวร์ เมช อินดัสทรี จำกัด,ละหาร,13.95278,,บางบัวทอง,เลขที่ 14/4,70,2024-01-01T00:00:00,นนทบุรี,70,11110
3592,"ผลิตประตู้เหล็กทนไฟ,วงกบเหล็ก,หน้าต่างเหล็ก,ประตูม้วน,บานพับ,ลูกบิด โช๊คอัพประตูและอุปกรณ์สำหรับล็อคประตู
",1750,25,2017-06-23T00:00:00,10,กาญจนาภิเษก,25111,81000000,จ3-63(2)-27/60นบ,,-20120102725605-,100.4287025,1075,1075,393.4,2017-05-24T00:00:00,บริษัท ศุภริช จำกัด,คลองข่อย,13.97902083,วัดศรีเขตนันทาราม,ปากเกร็ด,"เลขที่ 33/15,33/16",60,2022-01-01T00:00:00,นนทบุรี,85,10230
3204,ผลิตประตูและรั้วชนิดต่างๆ จากโลหะ,3004,2,2023-06-29T00:00:00,3,บางเลน-ปทุมธานี,25111,66750000,จ3-63(2)-28/61นบ,,-20120002825612-,100.325762,1076,1076,582.59,2018-07-13T00:00:00,บริษัท ครอส ซี ดีเวลลอปเมนท์ จำกัด,คลองขวาง,14.028167,,ไทรน้อย,เลขที่ 8/4,20,2028-01-01T00:00:00,นนทบุรี,22,11150
6672,ทำประตู หน้าต่าง วงกบจากอลูมิเนียม,23684,0,1997-04-21T00:00:00,2,ปทุมธาน-บางเลน,25111,33000000,จ3-63(2)-3/40นบ,9219091-3,-20120100325408-,100.27265,1077,1077,127.15,1997-03-13T00:00:00,บริษัท คิงสตาร์ เมททอล จำกัด,ขุนศรี,14.02318333,,ไทรน้อย,เลขที่ 8/5,50,2022-01-01T00:00:00,นนทบุรี,50,11150
18868,ทำส่วนประกอบสำหรับใช้ในการก่อสร้างอาคาร เช่น รั้ว บันได ราวบันได ประตู,2652,21,2022-07-22T00:00:00,5,,25111,86000000,จ3-63(2)-3/64นบ,,-20120206425649-,100.310244,1078,1078,95,2021-11-03T00:00:00,บริษัท ทีเอ็มที ออล สตีล จำกัด,หนองเพรางาย,13.895489,,ไทรน้อย,เลขที่ 54,22,,นนทบุรี,43,11150
3148,ทำขอบและบานประตูหน้าต่าง รวมทั้งชิ้นส่วนอื่นๆ ของอาคารจากอลูมิเนียม พลาสติก และกระจก,3050,0,2012-08-15T00:00:00,,ติวานนท์,25111,85000000,จ3-63(2)-30/55นบ,0-2591-5483,-20120003025550-,100.517601,1079,1079,178.48,2012-06-13T00:00:00,บริษัท คริสตัลวิว วินโดว์แอนด์ดอร์ จำกัด,ท่าทราย,13.882658,สถิตย์ยุทธการ 4,เมืองนนทบุรี,เลขที่ 1,65,2022-01-01T00:00:00,นนทบุรี,65,11000
2073,บานประตู วงกบประตู บานหน้าต่าง วงกบหน้าต่าง และอุปกรณ์แควนฟา เช่น ที่ไลน์ ซีไลน์ จากโลหะ,1125,2,2015-10-20T00:00:00,8,บางกรวย-ไทรน้อย,25111,3300000,จ3-63(2)-30/58นบ,,-20120003025584-,100.3469662,1080,1080,94.5,2015-07-14T00:00:00,บริษัท พี.เค.เค.รุ่งเรือง จำกัด,ไทรน้อย,13.99569804,วัดคลองตาคล้าย,ไทรน้อย,เลขที่ 19/4,9,2020-01-01T00:00:00,นนทบุรี,11,11150
4928,ทำกรอบประตู-หน้าต่าง และบานประตู-หน้าต่างจากอลูมิเนียม,2642,20,2021-05-02T00:00:00,3,,25111,31000000,จ3-63(2)-35/63นบ,25834519,-20120282125634-,100.462261,1081,1081,218.76,2020-12-14T00:00:00,บริษัท นวกิจอลูมินั่ม แอนด์ กลาส (2009) จำกัด,คลองข่อย,13.94842093,,ปากเกร็ด,เลขที่ 18/3,30,,นนทบุรี,50,11120
1940,ผลิตแผ่นหลังคาเมทัลชีท,1800,0,,5,กาญจนาภิเษก,25111,5350000,จ3-63(2)-42/59นบ,,-20120004225597-,100.423,1082,1082,90,2016-02-08T00:00:00,ห้างหุ้นส่วนจำกัด เม็ททอลชีท พียูคูล,ละหาร,13.9512,,บางบัวทอง,เลขที่ 101/3,12,,นนทบุรี,12,11110
880,ทำชิ้นส่วนอุปกรณ์ลิฟท์และประตูหน้าต่างเหล็ก,880,4,2019-02-15T00:00:00,,,25111,24000000,จ3-63(2)-42/61นบ,,-20120004225613-,100.5383601,1083,1083,241.47,2018-11-10T00:00:00,ห้างหุ้นส่วนจำกัด สตีลเวอร์คส์โปรดัคส์,ท่าทราย,13.88175649,สามัคคี 57,เมืองนนทบุรี,เลขที่ 2,27,2024-01-01T00:00:00,นนทบุรี,31,11000
6532,ประกอบประตูอัตโนมัติจากโลหะและพลาสติกแผ่นสำเร็จ ประกอบกล่องควบคุมไฟฟ้า ทำหรือประกอบฉากกั้นหรือม่านจากพลาสติกแผนสำเร็จ,2988,23,2022-01-03T00:00:00,3,ราชพฤกษ์,25111,52120000,จ3-63(2)-43/62นบ,802007997,-20120314025620-,100.4582197,1084,1084,87.08,2019-12-12T00:00:00,บริษัท เวิร์ล โคเกียว (ประเทศไทย) จำกัด,คลองข่อย,13.94235338,,ปากเกร็ด,เลขที่ 11/17,41,,นนทบุรี,64,11120
3200,ทำผลิตภัณฑ์โลหะสำหรับใช้ในการก่อสร้าง เช่น โครงบันได ประตูรั้ว ราวกันตก,1450,15,2014-10-24T00:00:00,11,,25111,14000000,จ3-63(2)-48/57นบ,0 2152 8959,-20120004825578-,100.401642,1085,1085,390.54,2014-09-25T00:00:00,บริษัท อิสรีย์ สตีล วู๊ด อินดัสทรี่ จำกัด,คลองข่อย,13.985928,,ปากเกร็ด,เลขที่ 30/6,35,2024-01-01T00:00:00,นนทบุรี,50,11120
720,ทำประตูหน้าต่างเหล็ก,330,0,1997-12-07T00:00:00,4,รัตนาธิเบศร์ 19,25111,13050000,จ3-63(2)-5/40นบ,9699082,-20120100525403-,100.4820333,1086,1086,121.41,1997-06-20T00:00:00,สามดาวกันสาดอัลลอย,บางกระสอ,13.87016667,ถุงเงินพัฒนา,เมืองนนทบุรี,เลขที่ 43/1,0,2022-01-01T00:00:00,นนทบุรี,0,11000
8709,เชื่อมและประกอบโลหะ และอโลหะในงานก่อสร้าง,978,2,2015-07-17T00:00:00,8,ไทรน้อย-วัดต้นเชือก,25111,18000000,จ3-63(2)-51/57นบ,,-20120005125572-,100.330482,1087,1087,86.11,2014-06-10T00:00:00,บริษัท นิวสตาร์ อินเตอร์เนชั่นแนล จำกัด,บ้านใหม่,13.873972,,บางใหญ่,เลขที่ ,8,2020-01-01T00:00:00,นนทบุรี,10,11140
1496,ผลิตกล่องเกเบี้ยนและแมทเทรส,588,4,2021-07-14T00:00:00,7,,25111,16000000,จ3-63(2)-54/61นบ,,-20120005425618-,100.4130962,1088,1088,112.5,2018-11-27T00:00:00,บางกอกเกเบี้ยน,ลำโพ,13.96790961,,บางบัวทอง,เลขที่ 18/18,9,,นนทบุรี,13,11110
2631,ผลิตผนังห้องน้ำสำเร็จรูป และประตูไม้,900,8,2022-05-30T00:00:00,10,-,25111,47099453.53,จ3-63(2)-7/65นบ,25094438,-20120048825659-,100.427519,1089,1089,97.55,2022-03-21T00:00:00,บริษัท ศุภริช จำกัด,คลองข่อย,13.979043,-,ปากเกร็ด,เลขที่ 33/17,3,2027-01-01T00:00:00,นนทบุรี,11,11120
1600,ทำส่วนประกอบสำหรับใช้ในการก่อสร้างอาคาร เช่น ปลอกรัดเหล็ก,408,2,2009-07-14T00:00:00,7,บางบัวทอง-สุพรรณบุรี,25111,820000,จ3-63(2)-8/51นบ,844545966,-20120100825514-,100.3955,1090,1090,92,2008-08-04T00:00:00,บริษัท ที.ที.สตีล จำกัด,ละหาร,13.97335,ปิ่นทองแลนด์,บางบัวทอง,เลขที่ 88/6,4,2024-01-01T00:00:00,นนทบุรี,6,11110
2800,ผลิตชิ้นส่วนอุปกรณ์เครื่องทำความเย็น,2021,21,1996-11-03T00:00:00,3,บางบัวทอง-ไทรน้อย,28120,60000000,จ3-63(5)-1/38นบ,9226250,-20121100125384-,100.4036833,1091,1091,803,1995-08-18T00:00:00,บริษัท คูลแมน คอร์ปอเรชั่น จำกัด,บางบัวทอง,13.92146667,โรงหมี่,บางบัวทอง,เลขที่ 99,30,2021-01-01T00:00:00,นนทบุรี,51,11110
1400,ผลิตท่อสังกะสี,740,2,2000-06-11T00:00:00,11,บางกรวย-ไทรน้อย,28120,67700000,จ3-63(5)-1/43นบ,9036153-4,-20120900125438-,100.3660333,1092,1092,239.75,2000-11-07T00:00:00,บริษัท ยูทีซี แมนูแฟคเจอริ่ง จำกัด,บางบัวทอง,13.96051667,,บางบัวทอง,เลขที่ 66/1,20,2020-01-01T00:00:00,นนทบุรี,22,11110
383,ผลิตท่อส่งลมของระบายอากาศ และเครื่องปรับอากาศ,383,0,2005-07-03T00:00:00,2,รัตนาธิเบศร์,28120,11000000,จ3-63(5)-1/48นบ,0-2926-1334-8,-20120500125481-,100.4744833,1093,1093,97.5,2005-03-02T00:00:00,บริษัท เอ-ทีม คูลลิ่ง จำกัด,ไทรม้า,13.87736667,ท่าอิฐ,เมืองนนทบุรี,เลขที่ 99/130,15,2020-01-01T00:00:00,นนทบุรี,15,11000
1960,ทำประตู หน้าต่าง เหล็กดัด โครงหลังคาเหล็กและอลูมิเนียม,768,3,2004-01-10T00:00:00,3,บางกรวย-ไทรน้อย,28120,16000000,จ3-63(5)-3/47นบ,29238621,-20120200325472-,100.3397167,1094,1094,576.91,2004-06-09T00:00:00,บริษัท วันชัยซัพพลาย จำกัด,ไทรน้อย,13.97033333,เทพประทาน,ไทรน้อย,เลขที่ 70/4,20,2024-01-01T00:00:00,นนทบุรี,23,11150
1200,ผลิตแท้งค์น้ำและซิ้งค์ล้างจานสแตนเลส,1200,7,1994-06-15T00:00:00,3,รัตนาธิเบศร์,25949,12000000,จ3-64(1)-1/36นบ,,-20120900125362-,100.46725,1095,1095,148.5,1993-10-06T00:00:00,บริษัท แอล.วี.พี.กรุ๊ปโปรดักส์ จำกัด,บางรักน้อย,13.86951667,ช้าง,เมืองนนทบุรี,เลขที่ 60/3,22,2024-01-01T00:00:00,นนทบุรี,29,11000
0,ทำผลิตภัณฑ์โลหะ,4464,0,2005-11-07T00:00:00,7,ตลิ่งชัน-สุพรรณบุรี,25949,25000000,จ3-64(1)-1/41นบ,02-9255979,-20120900125412-,100.3826167,1096,1096,505.53,1998-09-03T00:00:00,บริษัท เจ อาร์ เอ็ม เจริญมิตร กรุ๊ฟ จำกัด,ละหาร,13.98628333,,บางบัวทอง,เลขที่ 71/1,18,2020-01-01T00:00:00,นนทบุรี,18,11110
16315,ทำผลิตภัณฑ์โลหะ เพื่อเป็นภาชนะ เช่น ถังบรรจุ TANK บรรจุ ทุกชนิด และงานตัด ม้วน กลึง เชื่อมโลหะ ชิ้นงานทุกชนิด ,2530,2,2014-10-18T00:00:00,1,นบ.3004,25949,43000000,จ3-64(1)-12/57นบ,0 2985 5544,-20120201225572-,100.310405,1097,1097,481.5,2014-09-17T00:00:00,บริษัท ไทยเมทัลโปรดักส์อินดัสตรีย์ จำกัด,ราษฎร์นิยม,14.060974,,ไทรน้อย,เลขที่ 47/10,41,2024-01-01T00:00:00,นนทบุรี,43,11150
5200,ทำผลิตภัณฑ์จากโลหะ เช่น กล่องเหล็กทั่วไป,1150,20,2014-05-19T00:00:00,7,,25949,37000000,จ3-64(1)-3/57นบ,,-20120100325572-,100.4103158,1098,1098,257.81,2014-01-04T00:00:00,บริษัท โกลเด้นดั๊กสตีล จำกัด,ลำโพ,13.9650125,,บางบัวทอง,เลขที่ 18/48,60,2024-01-01T00:00:00,นนทบุรี,80,11110
1600,อัดเศษโลหะ,300,0,2024-09-01T00:00:00,5,,25999,1800000,จ3-64(11)-1/66นบ,915695654,-20120007325667-,,1099,1099,315,2023-01-17T00:00:00,เจ้าสัวสตีล,ละหาร,,,บางบัวทอง,เลขที่ 8/88,4,2028-01-01T00:00:00,นนทบุรี,4,11110
6400,อัดเศษโลหะ,3600,5,2007-03-19T00:00:00,6,ตลิ่งชัน-สุพรรณบุรี,25999,27000000,จ3-64(11)-16/49นบ,02-9256117-8,-20120001625492-,100.3994,1100,1100,425,2006-12-22T00:00:00,บริษัท อุดมสุข เท็กซ์ไทล์ จำกัด,ละหาร,13.96858333,-,บางบัวทอง,เลขที่ 88/8,35,2022-01-01T00:00:00,นนทบุรี,40,11110
5344,อัดเศษโลหะที่ไม่ปนเปื้อนของเสียอันตราย,600,4,2013-02-01T00:00:00,12,กาญจนาภิเษก,25999,37000000,จ3-64(11)-2/54นบ,,-20120400225548-,100.4313848,1101,1101,350,2011-04-04T00:00:00,นิตยารีไซเคิล,คลองข่อย,13.96957411,,ปากเกร็ด,เลขที่ 20/5,6,2023-01-01T00:00:00,นนทบุรี,10,11120
13484,อัดเศษโลหะชนิดต่างๆ เช่น เหล็ก อลูมิเนียม ทองแดง ฯลฯ เพื่อส่งโรงงานรีไซเคิล,9384,5,2022-12-23T00:00:00,7,,25999,90000000,จ3-64(11)-2/65นบ,649847711,-20120017325657-,,1102,1102,483,2022-01-31T00:00:00,บริษัท วีไอพี กรุ๊ป 1995 จำกัด,คลองข่อย,,,ปากเกร็ด,เลขที่ -,10,2027-01-01T00:00:00,นนทบุรี,15,11120
360,อัดเศษโลหะ,360,0,2005-09-05T00:00:00,1,นนทบุรี 1,25999,6400000,จ3-64(11)-3/48นบ,,-20120200325480-,100.4857667,1103,1103,180,2005-03-16T00:00:00,บริษัท ลีดเดอร์ เมททอล (ประเทศไทย) จำกัด,บางกระสอ,13.87888333,นนทบุรี 20,เมืองนนทบุรี,เลขที่ 85,4,2020-01-01T00:00:00,นนทบุรี,4,11000
1200,อัดเศษโลหะ เช่น อลูมิเนียม ทองแดง,480,2,,5,บางบัวทอง-สุพรรณบุรี,25999,19987000,จ3-64(11)-8/63นบ,,-20120150925636-,100.414598,1104,1104,119,2020-07-08T00:00:00,ห้างหุ้นส่วนจำกัด เอ-บาร์ซาร์,ละหาร,13.95730803,ซิตี้แฟคทอรี่ 1,บางบัวทอง,เลขที่ 15/9,2,,นนทบุรี,4,11110
1200,"ตัดเหล็ก, พับเหล็ก, ปั๊มโลหะ, การกลึง, เจาะ และเชื่อมโลหะทั่วไป",400,0,1996-07-22T00:00:00,3,บางกรวย-ไทรน้อย,25910,6000000,จ3-64(12)-1/39นบ,,-20120800125397-,100.3979167,1105,1105,80.34,1996-10-01T00:00:00,บริษัท โชติพัฒน์อินเตอร์เทรด จำกัด,บางบัวทอง,13.93283333,,บางบัวทอง,เลขที่ 55/7,8,2021-01-01T00:00:00,นนทบุรี,8,11110
4400,ทำท่อกรองน้ำบาดาล รีดลวดสแตนเลส,960,0,2001-10-22T00:00:00,8,พิบูลสงคราม,25910,20000000,จ3-64(12)-1/44นบ,9653041-3,-20121100125442-,100.5115667,1106,1106,311.22,2001-03-01T00:00:00,บริษัท ไทยชัวร์สกรีน จำกัด,บางเขน,13.83263333,วัดกำแพง,เมืองนนทบุรี,เลขที่ 38/1,7,2021-01-01T00:00:00,นนทบุรี,7,11000
780,รับจ้างตัด พับโลหะและกลึง เจาะ กัด เจียน ไส หรือ เชื่อมโลหะทั่วไป,772,0,2004-01-19T00:00:00,6,ติวานนท์,25910,4000000,จ3-64(12)-1/46นบ,02-9507093,-20122600125460-,100.5245833,1107,1107,444.15,2003-12-19T00:00:00,ห้างหุ้นส่วนจำกัด สยามเมอร์กิ้น,ท่าทราย,13.87691667,ทานสัมฤทธิ์ 21,เมืองนนทบุรี,เลขที่ 75,15,2024-01-01T00:00:00,นนทบุรี,15,11000
390,รับจ้างตัด พับโลหะ และกลึง เจาะ กัด เจียน ไส หรือเชื่อมโลหะทั่วไป,376,0,2004-01-19T00:00:00,6,ติวานนท์,25910,2600000,จ3-64(12)-2/46นบ,02-5753631,-20120900225469-,100.52465,1108,1108,271.91,2003-12-22T00:00:00,สยามเมอร์กิ้น,ท่าทราย,13.87693333,ทานสัมฤทธิ์ 21,เมืองนนทบุรี,เลขที่ 67/1,11,2024-01-01T00:00:00,นนทบุรี,11,11000
3200,ปั๊ม ตัด พับ ขึ้นรูปโลหะแผ่นทุกชนิด,1000,8,2015-01-10T00:00:00,1,,25910,16000000,จ3-64(12)-21/58นบ,,-20120002125583-,100.3047149,1109,1109,231.83,2015-06-15T00:00:00,บริษัท มาสเตอร์ ทัมบ์ สตีล จำกัด,ทวีวัฒนา,13.96128082,,ไทรน้อย,เลขที่ 17/8,22,2020-01-01T00:00:00,นนทบุรี,30,11150
2237,ตัดเ กลึง ไส เจียร สำหรับ ผลิตเครื่องจักรอุตสาหกรรม สารกึ่งตำนำและนาโนเทคโนโลยีอุตสาหกรรมไฟฟ้าและอิเล้กทรอนิกส์ทางด้านการบินและอวกาศและระบบสื่อสารนำร่อง อุตสาหกรรมชิ้นส่วนอุปกรร์เครื่องมือแพทย์,2700,5,2023-01-03T00:00:00,9,,25910,81310500,จ3-64(12)-21/64นบ,,-20120443325644-,100.4037006,1110,1110,476.65,2021-09-30T00:00:00,บริษัท อามูนีล (ประเทศไทย) จำกัด,บางม่วง,13.8443916,กันตนา,บางใหญ่,เลขที่ 54/13,20,2028-01-01T00:00:00,นนทบุรี,25,11140
3200,ตัด พับ ม้วน กลึง เจาะ คว้าน กัด ไส เจียน หรือเชื่อมโลหะทั่วไป,918,0,2007-03-01T00:00:00,6,ตลิ่งชัน-สุพรรณบุรี,25910,9200000,จ3-64(12)-26/47นบ,,-20120002625475-,100.4074667,1111,1111,132.6,2004-07-27T00:00:00,บริษัท ไมตรี เมทัล เวิร์ค จำกัด,บางรักพัฒนา,13.90355,,บางบัวทอง,"เลขที่ 190/40,190/41",10,2022-01-01T00:00:00,นนทบุรี,10,11110
390,รับจ้างตัด พับโลหะ และกลึง เจาะกัด เจียน ไส หรือเชท่อมโลหะทั่วไป,272,0,2004-01-18T00:00:00,6,ติวานนท์,25910,8000000,จ3-64(12)-3/46นบ,02-9507073-5,-20120500325461-,100.5049667,1112,1112,249.3,2003-12-24T00:00:00,ไชยเจริญอิควิปเม้นท์,ท่าทราย,13.88896667,ทานสัมฤทธิ์ 21/8,เมืองนนทบุรี,เลขที่ 1,12,2024-01-01T00:00:00,นนทบุรี,12,11000
520,รับจ้างตัด พับ ปั๊มโลหะและกลึง เจาะ กัด เจียน ไส หรือเชื่อมโลหะทั่วไป,512,8,2004-01-19T00:00:00,6,ติวานนท์,25910,2600000,จ3-64(12)-5/46นบ,02-9506055,-20120200525469-,100.52495,1113,1113,312.36,2003-12-29T00:00:00,เอ็น.พี.ดี.ซัพพลายส์,ท่าทราย,13.87675,ทานสัมฤทธิ์,เมืองนนทบุรี,เลขที่ 74/947,6,2024-01-01T00:00:00,นนทบุรี,14,11000
1600,ตัด พับ ม้วน ปั๊ม กลึง กัด ไส เจียน หรือเชื่อมโลหะทั่วไป เพื่อทำการผลิตชิ้นงานตามคำสั่งของลูกค้า,773,0,2012-11-06T00:00:00,6,กาญจนาภิเษก,25910,76000000,จ3-64(12)-9/55นบ,29202091,-20120100925553-,100.4084123,1114,1114,332.73,2012-05-14T00:00:00,บริษัท ไมตรี เมทัล เวิร์ค จำกัด,บางรักพัฒนา,13.90085661,,บางบัวทอง,เลขที่ 109/40,24,2022-01-01T00:00:00,นนทบุรี,24,11110
120,กลึงเชื่อมโลหะ และผลิตซ่อมกระบอกไฮโดรลิก,0,0,2000-10-27T00:00:00,4,ติวานนท์,25922,1800000,จ3-64(13)-1/43นบ,951-6048,-20121000125435-,100.4947333,1115,1115,89.25,2000-12-09T00:00:00,ห้างหุ้นส่วนจำกัด นนทบุรี รวมช่าง,ตลาดขวัญ,13.8581,เรวดี 46,เมืองนนทบุรี,เลขที่ 132/150,6,2020-01-01T00:00:00,นนทบุรี,6,11000
320,กลึง กัด เจาะ ไส และเชื่อมโลหะ,209,0,2001-05-17T00:00:00,,,25922,4500000,จ3-64(13)-1/44นบ,5274615,-20121200125441-,100.5013667,1116,1116,144,2001-04-23T00:00:00,ห้างหุ้นส่วนจำกัด จั่นจุ้ย เอ็นจิเนียริ่ง,ตลาดขวัญ,13.85648333,,เมืองนนทบุรี,เลขที่ 9,11,2021-01-01T00:00:00,นนทบุรี,11,11000
320,กลึงเชื่อมโลหะ และผลิต-ซ่อมกระบอกไฮโดลิก,211,0,2003-07-17T00:00:00,,,25922,3550000,จ3-64(13)-1/46นบ,,-20122700125469-,100.5043167,1117,1117,108.5,2003-06-05T00:00:00,ห้างหุ้นส่วนจำกัด เอส.พี.เอส.เอ็นจิเนียริ่ง แอนด์ ซัพพลาย,ตลาดขวัญ,13.85126667,เรวดี 49 แยก 2,เมืองนนทบุรี,เลขที่ 13,8,2023-01-01T00:00:00,นนทบุรี,8,11000
1632,กลึง เจาะ คว้าน กัด ไส เจียน หรือเชื่อมโลหะ,432,9,2015-04-16T00:00:00,8,ติวานนท์,25922,29000000,จ3-64(13)-10/58นบ,0 2527 0634-5,-20120101025585-,100.5197062,1118,1118,478.42,2015-04-02T00:00:00,บริษัท บางยางเทค จำกัด,บางพูด,13.9246075,สุขาประชาสรรค์,ปากเกร็ด,เลขที่ 16/63,15,2020-01-01T00:00:00,นนทบุรี,24,11120
1216,รับจ้างกลึงโลหะทุกชนิดและผลิตข้อต่อสายไฮดรอลิค,1832,5,2005-11-16T00:00:00,2,ทางหลวงหมายเลข 345,25922,26700000,จ3-64(13)-107/48นบ,0-2961-7015,-20120010725481-,100.4329333,1119,1119,147.5,2005-09-23T00:00:00,บริษัท กาญจนกิจ ไฮดรอลิค เอ็นจิเนียริ่ง จำกัด,ลำโพ,13.95426667,-,บางบัวทอง,เลขที่ 29/130,8,2020-01-01T00:00:00,นนทบุรี,13,11110
7600,กลึง เชื่อม กัด ไส และเจียรนัยโลหะทั่วไป,600,0,,9,,25922,12200000,จ3-64(13)-11/62นบ,,-20120058925621-,100.439358,1120,1120,84,2019-05-03T00:00:00,บริษัท พี อาร์ ที เอ็นจิเนียริ่ง 1988 จำกัด,คลองข่อย,13.97185629,,ปากเกร็ด,เลขที่ 15/18,10,,นนทบุรี,10,11120
0,กลึงโลหะ,172,0,1993-08-16T00:00:00,4,สนามบินน้ำ,25922,0,จ3-64(13)-13/35นบ,,-20120001325358-,100.4941667,1121,1121,71.44,1993-08-16T00:00:00,บริษัท อะมิตี้เอ็นจิเนียริ่ง จำกัด,ท่าทราย,13.88753333,วัดชมภูเวก,เมืองนนทบุรี,เลขที่ 172/22,15,2023-01-01T00:00:00,นนทบุรี,15,11000
480,ทำผลิตภัณฑ์จากลวดโลหะ,288,25,2017-06-16T00:00:00,8,เทิดพระเกียรติ,25922,51000000,จ3-64(13)-13/60นบ,,-20120001325606-,100.381733,1122,1122,135.5,2017-03-21T00:00:00,บริษัท เอส.เอ็น.ดี.ไวร์ สปริง จำกัด,เสาธงหิน,13.89262815,,บางใหญ่,เลขที่ 88/8,20,2022-01-01T00:00:00,นนทบุรี,45,11140
490,กลึง เจาะ คว้าน กัด ไส เจียน และเชื่อมโลหะทั่วไป,490,1,2006-10-19T00:00:00,3,บางกรวย-จงถนอม,25922,18077500,จ3-64(13)-132/49นบ,02-8799419,-20120113225496-,100.4680333,1123,1123,80.7,2006-09-25T00:00:00,บริษัท เอส .ที.เอ็น โปรดักส์ จำกัด,บางขนุน,13.80895,-,บางกรวย,เลขที่ 48/10,8,2021-01-01T00:00:00,นนทบุรี,9,11130
620,กลึง เจาะ คว้าน กัด ไส เจียน หรือเชื่อมโลหะทั่วไป ผลิต ประกอบ ดัดแปลง ซ่อมแซมเครื่องทำน้ำแข็ง,216,1,2005-06-27T00:00:00,5,ตลิ่งชัน-สุพรรณบุรี,25922,3450000,จ3-64(13)-146/47นบ,,-20120114625470-,100.3868667,1124,1124,78.3,2004-12-21T00:00:00,โกษาผลเอ็นจิเนียริ่ง,บางแม่นาง,13.85488333,เทศบาลบางใหญ่,บางใหญ่,เลขที่ 66/5,9,2020-01-01T00:00:00,นนทบุรี,10,11140
19014,กลึง กัด เจียร เชื่อมโลหะทั่วไป,1827,45,2021-09-04T00:00:00,4,,25922,184000000,จ3-64(13)-16/62นบ,,-20120078825629-,100.3131559,1125,1125,240,2019-03-25T00:00:00,บริษัท เอ็นพี อินดัสเตรียล ซัพพลาย จำกัด,คลองขวาง,14.05766007,,ไทรน้อย,เลขที่ โฉนด 39179,50,,นนทบุรี,95,11150
97,กลึง เจาะ คว้าน กัด ไส เชื่อมโลหะ,291,0,2004-05-04T00:00:00,4,แจ้งวัฒนะ,25922,7220000,จ3-64(13)-17/47นบ,02-5899976,-20120001725474-,100.5258333,1126,1126,62.5,2004-11-03T00:00:00,ร้านอนันต์การช่าง,ปากเกร็ด,13.90623333,นาวีเสถียร,ปากเกร็ด,เลขที่ 223/278,3,2024-01-01T00:00:00,นนทบุรี,3,11120
804,กลึง เจาะ คว้าน กัด ไส เจียน หรือเชื่อมโลหะ,400,0,2006-02-27T00:00:00,1,ศรีสมาน,25922,5500000,จ3-64(13)-19/49นบ,-,-20120001925496-,100.55955,1127,1127,194.5,2006-06-02T00:00:00,ห้างหุ้นส่วนจำกัด พี.เจ.รวมช่าง,บ้านใหม่,13.9332,ศรีสมาน 8,ปากเกร็ด,เลขที่ 69/192,14,2021-01-01T00:00:00,นนทบุรี,14,11120
1728,กลึง เจาะ ไส เจียน และเชื่อมโลหะ เพื่อผลิตเครื่องจักรต่าง ๆ และรับซ่อมอุปกรณ์เครื่องจักรทุกชนิด เช่น แป้นจับยึดอุปกรณ์ บูช สลักเกลียว น๊อต สกรู ผลิตชิ้นส่วนอะไหล่ ส่วนประกอบและอุปกรณ์ของเครื่องจักรทุกชนิด และเครื่องจักรชนิดต่าง ๆ,248,1,2003-07-15T00:00:00,2,บางกรวย-ไทรน้อย,25922,11184000,จ3-64(13)-2/46นบ,0 2292 39450,-20121000225466-,100.3527,1128,1128,91.28,2003-06-27T00:00:00,บริษัท ซันเรียว เอ็นยิเนียริ่ง จำกัด,ไทรน้อย,13.97571667,คองตาคล้าย,ไทรน้อย,เลขที่ 24/11,6,2023-01-01T00:00:00,นนทบุรี,7,11150
1600,กลึงโลหะและเชื่อมโลหะ,252,0,2020-08-14T00:00:00,6,,25922,4000000,จ3-64(13)-20/63นบ,,-20120088025632-,100.4417374,1129,1129,54.14,2020-04-30T00:00:00,ส.วุฒิกร,บางรักใหญ่,13.87596575,,บางบัวทอง,เลขที่ 88,9,,นนทบุรี,9,11110
1428,ทำผลิตภัณฑ์โลหะด้วยการกลึง เจาะ เชื่อมและการปั๊ม เช่น ตู้ควบคุมระบบ MDB ตู้ควบคุมการสื่อสารโทรคมนาคม WIREWAY ฯลฯ,672,10,2014-12-22T00:00:00,3,ปทุมธานี-บางเลน,25922,20000000,จ3-64(13)-22/57นบ,0 2159 8466,-20120002225573-,100.3324046,1130,1130,197.96,2014-06-23T00:00:00,บริษัท กรุงเทพ เทคนิค ลอจิก จำกัด,คลองขวาง,14.01588065,,ไทรน้อย,เลขที่ 63/1,18,2024-01-01T00:00:00,นนทบุรี,28,11150
3360,กลึง เจาะ กัด ไส เชื่อมโลหะ เช่น เสาติดตั้งแผงโซล่าเซล โครงแผงโซล่าเซล รางรับรองรับสายไฟฟ้า ฯลฯ ,1440,20,2015-01-06T00:00:00,10,,25922,100000000,จ3-64(13)-23/58นบ,02 5610357,-20120002325589-,100.4308421,1131,1131,196.64,2015-04-22T00:00:00,บริษัท จีแอล เทค จำกัด,คลองข่อย,13.97479112,,ปากเกร็ด,"เลขที่ 12/39,12/50",30,2020-01-01T00:00:00,นนทบุรี,50,11120
12000,กลึง เจาะ คว้าน กัด ไส เจียน และเชื่อมโลหะทั่วไป,1200,0,2013-07-23T00:00:00,1,เลียบคลองประปามหาสวัสดิ์,25922,15000000,จ3-64(13)-24/55นบ,,-20120102425552-,100.337507,1132,1132,184,2012-11-04T00:00:00,-,หนองเพรางาย,13.890083,สมนึก,ไทรน้อย,เลขที่ 54,24,2023-01-01T00:00:00,นนทบุรี,24,11150
51540,กลึง กัด ไส และเชื่อมโลหะทั่วไป,992,0,2015-05-02T00:00:00,3,บางบัวทอง-สุพรรณบุรี,25922,63255000,จ3-64(13)-24/57นบ,,-20120002425579-,100.3102435,1133,1133,420,2014-06-26T00:00:00,บริษัท คุนหมิง ไลท์ อินดัสตรี แมชชินเนอรี่ (ประเทศไทย) จำกัด,ไทรใหญ่,14.09869883,,ไทรน้อย,เลขที่ 89,12,2020-01-01T00:00:00,นนทบุรี,12,11150
14544,เชื่อมโลหะ ทำเป้นโครงเหล็ก ป้ายโฆษณา,3996,5,2015-06-15T00:00:00,2,วัดสัก-โคนอน,25922,146570000,จ3-64(13)-24/58นบ,0 2879 8792,-20120002425587-,100.4583787,1134,1134,217.35,2015-04-30T00:00:00,บริษัท โรจน์แอดเวอร์ไทซิ่ง จำกัด,บางขนุน,13.81664835,,บางกรวย,เลขที่ 666,29,2020-01-01T00:00:00,นนทบุรี,34,11130
800,เชื่อม และประกอบชิ้นส่วนโลหะ,185,0,2022-12-28T00:00:00,4,-,25922,2800000,จ3-64(13)-29/65นบ,863176119,-20120135525659-,100.327017,1135,1135,82.25,2022-10-08T00:00:00,ห้างหุ้นส่วนจำกัด ฟันนี่ ดี,ไทรน้อย,13.960302,-,ไทรน้อย,เลขที่ 31/8,5,2027-01-01T00:00:00,นนทบุรี,5,11150
1428,กลึงและเชื่อมโลหะทั่วไป,390,0,1996-10-29T00:00:00,6,บางรักพัฒนา,25922,7200000,จ3-64(13)-3/37นบ,02-4132887,-20120100325374-,100.401106,1136,1136,93,1994-02-06T00:00:00,ห้างหุ้นส่วนจำกัด ช่างกลนำชัย,บางรักพัฒนา,13.90621024,,บางบัวทอง,เลขที่ 93/9,9,2021-01-01T00:00:00,นนทบุรี,9,11110
1284,รับจ้างกลึง ไส ตัด กัด เจียร เชื่อมของใช้จากโลหะ,225,0,2007-06-19T00:00:00,1,ไทรน้อย-ลาดบัวหลวง,25922,12800000,จ3-64(13)-30/47นบ,0-2420-6781-6,-20120003025477-,100.31235,1137,1137,142.45,2004-04-29T00:00:00,กิ่งไผ่เอ็นจิเนียริ่ง,ราษฎร์นิยม,14.03083333,,ไทรน้อย,เลขที่ 58,12,2022-01-01T00:00:00,นนทบุรี,12,11150
1200,กลึง เจาะ คว้าน กัด ไส เจียน หรือเชื่อมโลหะทั่วไป,500,2,2018-09-28T00:00:00,10,กาญจนาภิเษก,25922,21000000,จ3-64(13)-31/61นบ,02 1505791,-20120003125616-,100.432123,1138,1138,441.5,2018-05-25T00:00:00,บริษัท ไทยเวลดิ้ง แอนด์ เอ็นจิเนียริ่ง จำกัด,คลองข่อย,13.975047,เปาอินทร์ 5,ปากเกร็ด,เลขที่ 12/41,10,2023-01-01T00:00:00,นนทบุรี,12,11120
3720,กลึง เจาะ คว้าน ไส เจียนหรือเชื่อมโลหะทั่วไป,1472,0,2024-08-03T00:00:00,1,,25922,29000000,จ3-64(13)-33/66นบ,062-3295000,-20120162625661-,,1139,1139,141.84,2023-02-10T00:00:00,นายกวิน ตัณฑพฤกษ์ผล,บ้านใหม่,,,บางใหญ่,เลขที่ 3/5,7,2029-01-01T00:00:00,นนทบุรี,7,11140
2400,กลึง เจาะ คว้าน กัด ไส เจียน และเชื่อมโลหะทั่วไป,432,0,2022-07-11T00:00:00,9,,25922,39000000,จ3-64(13)-38/65นบ,02-580-8102,-20120162525655-,,1140,1140,404.9,2022-09-19T00:00:00,บริษัท ตั้งตระการวิศวกรรม จำกัด,คลองข่อย,,,ปากเกร็ด,เลขที่ 12/19,24,2027-01-01T00:00:00,นนทบุรี,24,11120
85,กลึง-เชื่อมโลหะ,85,1,1994-03-01T00:00:00,3,บางกรวย-ไทรน้อย,25922,5050000,จ3-64(13)-4/36นบ,5712303,-20120100425364-,100.4307167,1141,1141,79,1993-12-13T00:00:00,บริษัท ภากร เทคนิคอล เซอร์วิส จำกัด,บางรักพัฒนา,13.88971667,,บางบัวทอง,เลขที่ 333/32,8,2025-01-01T00:00:00,นนทบุรี,9,11110
,กลึง เจาะ คว้าน กัด ไส้ เจียรและเชื่อมโลหะทั่วไป,384,1,2003-01-10T00:00:00,2,ปทุมธานี-บางเลน,25922,6100000,จ3-64(13)-4/39นบ,0 2921 9266,-20120100425398-,100.2822667,1142,1142,198,1996-09-12T00:00:00,ปอม แอนด์ เอส,ขุนศรี,14.02413333,,ไทรน้อย,เลขที่ 78/1,19,2023-01-01T00:00:00,นนทบุรี,20,11150
880,รับจ้างกลึง เจาะ คว้าน กัด ไส เจียน หรือเชื่อมโลหะทั่วไป,450,0,2001-11-12T00:00:00,6,ตลิ่งชัน*สุพรรณบุรี,25922,3180000,จ3-64(13)-4/44นบ,02-9263301,-20120200425447-,100.37925,1143,1143,99,2001-12-11T00:00:00,สมชายการช่าง,บางแม่นาง,13.84815,-,บางใหญ่,เลขที่ 60/2,9,2021-01-01T00:00:00,นนทบุรี,9,11140
2400,กลึง เจาะ คว้าน กัด ไส เจียน หรือเชื่อมโลหะ,648,0,2004-09-16T00:00:00,4,แจ้งวัฒนะ,25922,8500000,จ3-64(13)-4/46นบ,,-20120100425463-,100.5313,1144,1144,193.68,2003-09-18T00:00:00,บริษัท เอ็ม.เอ็น.แมชชินเนอรี่ จำกัด,คลองเกลือ,13.90648333,กระทรวงยุติธรรม,ปากเกร็ด,เลขที่ 1/15,15,2024-01-01T00:00:00,นนทบุรี,15,11120
1369,รับจ้างกลึง เจาะ กัด ไส เจียร หรือเชื่อมโลหะทั่วไป,250,0,2008-02-25T00:00:00,10,เลียบคลองพระอุดม,25922,4792000,จ3-64(13)-4/51นบ,0-2159-6239,-20120100425513-,100.47985,1145,1145,95,2008-01-16T00:00:00,ห้างหุ้นส่วนจำกัด อาร์ ดี แมชชีนเนอรี่,คลองข่อย,13.92876,-,ปากเกร็ด,เลขที่ 20/9,7,2023-01-01T00:00:00,นนทบุรี,7,11120
1680,กลึง เจาะ คว้าน กัด ไส เจียนหรือเชื่อมโลหะ,1350,5,2014-12-12T00:00:00,13,,25922,27060000,จ3-64(13)-4/57นบ,,-20120100425570-,100.41909,1146,1146,494,2014-11-03T00:00:00,บริษัท แดนดี เอ็นจิเนียริ่ง จำกัด,บางม่วง,13.839261,,บางใหญ่,เลขที่ 39/4,35,2024-01-01T00:00:00,นนทบุรี,40,11140
3972,กลึง เจาะ คว้าน กัด ไส เจียน และเชื่อมโลหะทั่วไป,1350,30,2012-12-10T00:00:00,3,เคหะการเกษตร,25922,20300000,จ3-64(13)-44/54นบ,08-9666-6298,-20120004425544-,100.2969455,1147,1147,271,2011-08-23T00:00:00,บริษัท โบชิ (ไทยแลนด์) จำกัด,หนองเพรางาย,13.8782302,เคหะการเกษตร 10,ไทรน้อย,เลขที่ 128,49,2023-01-01T00:00:00,นนทบุรี,79,11150
4568,ผลิต ผลิตภัณฑ์จากเหล็ก เหล็กกล้าหรือโลหะอื่นๆ เช่น โลหะแผ่น เสาโลหะ เป็นต้น,2000,22,2018-09-26T00:00:00,10,,25922,52000000,จ3-64(13)-44/61นบ,,-20120004425619-,100.429807,1148,1148,480,2018-07-13T00:00:00,บริษัท ซี-คอน ซิสเต็ม เทคโนโลยี จำกัด,คลองข่อย,13.977114,,ปากเกร็ด,เลขที่ 20/34,28,2023-01-01T00:00:00,นนทบุรี,50,11120
3566,การกลึง เจาะ กัด ไส เจียนหรือเชื่อมทโลหะทั่วไป,960,9,2018-10-19T00:00:00,10,,25922,31000000,จ3-64(13)-47/61นบ,02 1596065,-20120004725612-,100.433918,1149,1149,160.71,2018-07-31T00:00:00,บริษัท เวอร์ชวล คอร์ปอเรชั่น จำกัด,คลองข่อย,13.979793,,ปากเกร็ด,เลขที่ 29,21,2023-01-01T00:00:00,นนทบุรี,30,11120
1774,กลึง เจาะ คว้าน กัด ไส เจียน และเชื่อมโลหะเพื่อทำแม่พิมพ์,600,5,2010-06-09T00:00:00,10,กาญจนาภิเษก,25922,6500000,จ3-64(13)-48/52นบ,,-20120004825529-,100.44432,1150,1150,81,2009-04-08T00:00:00,บริษัท ไซกีโบโน่ แมนูแฟคเจอริ่ง (ไทยแลนด์) จำกัด,คลองข่อย,13.98811,วัดศรีเขตนันทาราม,ปากเกร็ด,เลขที่ 33/6,19,2020-01-01T00:00:00,นนทบุรี,24,11120
20000,การกลึง เจาะ ไส เจียน เชื่อมโลหะทั่วไป,1920,0,2019-10-28T00:00:00,1,,25922,21000000,จ3-64(13)-49/61นบ,081 1704718,-20120004925618-,100.313332,1151,1151,79,2018-07-08T00:00:00,บริษัท เอ็นแมช จำกัด,คลองขวาง,14.039451,,ไทรน้อย,เลขที่ โฉนดเลขที่ 25239,13,2024-01-01T00:00:00,นนทบุรี,13,11120
400,ซ่อมแซมชิ้นส่วนอุปกรณ์เครื่องจักร - เครื่องยนต์ การกลึง เจาะ คว้าน กัด ไส เจียน หรือเชื่อมโลหะทั่วไป,216,2,1995-01-30T00:00:00,3,บางกรวย-ไทรน้อย,25922,10500000,จ3-64(13)-5/37นบ,5712683,-20120200525378-,100.4306833,1152,1152,79.75,1994-07-11T00:00:00,บริษัท เอช ที พี จำกัด,บางรักพัฒนา,13.88998333,,บางบัวทอง,เลขที่ 333/52,14,2020-01-01T00:00:00,นนทบุรี,16,11110
0,การกลึง เจาะ คว้าน กัด ไส เจียนหรือเชื่อมโลหะ,0,5,2007-01-29T00:00:00,4,ตลิ่งชัน-สุพรรณบุรี,25922,11000000,จ3-64(13)-5/46นบ,0-2952-0335,-20120300525468-,100.4145167,1153,1153,168,2003-09-23T00:00:00,บริษัท เอส.ไฟว์ เอนจิเนียริ่ง จำกัด,เสาธงหิน,13.86828333,วัดเสาธงหิน,บางใหญ่,เลขที่ 46/189,35,2022-01-01T00:00:00,นนทบุรี,40,11140
255,กลึง เจาะ คว้าน กัด ไส เจียน,200,1,2018-02-10T00:00:00,1,บางบัวทอง-ปทุมธานี,25922,7349600,จ3-64(13)-50/61นบ,,-20120005025616-,100.47874,1154,1154,250,2018-09-08T00:00:00,บริษัท ชิโยดะ เอ็นจิเนียริ่ง แอนด์ พาร์ท จำกัด,บางตะไนย์,13.95621,,ปากเกร็ด,เลขที่ 88/21,4,2023-01-01T00:00:00,นนทบุรี,5,11120
6400,กลึง ไส เจาะ เจียร เชื่อมโลหะ,1100,2,2020-12-21T00:00:00,10,,25922,15500000,จ3-64(13)-51/63นบ,21197533,-20120155225636-,100.2864766,1155,1155,488.02,2020-08-13T00:00:00,บริษัท ฟ้าแสง-ซีรีเน็๋กซ์ จำกัด,ไทรใหญ่,14.0541596,,ไทรน้อย,เลขที่ โฉนดเลขที่ 30150,13,,นนทบุรี,15,11150
864,กลึง เจาะ คว้าน กัด ไส เจียร หรือเชื่อมโลหะทั่วไป,864,0,2010-01-11T00:00:00,4,,25922,14500000,จ3-64(13)-54/53นบ,0-2101-1625-6,-20120005425535-,100.4008933,1156,1156,288.5,2010-08-09T00:00:00,บริษัท เมลทัลเซิร์ฟ จำกัด,บางม่วง,13.84643668,กันตนา,บางใหญ่,เลขที่ 27/17,5,2020-01-01T00:00:00,นนทบุรี,5,11140
,รับจ้างกลึง เจาะ คว้าน กัด ไส เจียน ตัด พับ ม้วน หรือเชื่อมโลหะทั่วไป,0,5,2006-07-04T00:00:00,5,บางบัวทอง-สุพรรณบุรี,25922,5020000,จ3-64(13)-55/47นบ,,-20120005525474-,100.4126,1157,1157,285.63,2004-05-21T00:00:00,บริษัท สยามคอมเพล็คซ์ เทคโนโลยี่ จำกัด,ละหาร,13.95465,-,บางบัวทอง,เลขที่ 27/29,45,2021-01-01T00:00:00,นนทบุรี,50,11110
1600,กลึง เจาะ คว้าน กัด ไส เจียน และเชื่อมโลหะทั่วไป,270,2,2017-09-02T00:00:00,2,ผดุงสวัสดิ์,25922,4500000,จ3-64(13)-55/59นบ,,-20120005525599-,100.3961434,1158,1158,119,2016-05-09T00:00:00,ห้างหุ้นส่วนจำกัด เจ.สแควร์ เอ็นจิเนียริ่ง,ศาลากลาง,13.80520095,,บางกรวย,เลขที่ 36/12,4,2022-01-01T00:00:00,นนทบุรี,6,10700
916,กลึง เจียน กัด ไส และเชื่อมโลหะทั่วไป,300,0,2012-07-30T00:00:00,1,รัตนาธิเบศร์,25922,4600000,จ3-64(13)-56/53นบ,,-20120105625539-,100.4235016,1159,1159,329,2010-09-13T00:00:00,ห้างหุ้นส่วนจำกัด มีสมสิบการช่าง,เสาธงหิน,13.86222748,วัดมะเดื่อ,บางใหญ่,เลขที่ 9/9,8,2023-01-01T00:00:00,นนทบุรี,8,11140
1048,ทำผลิตภัณฑ์โลหะด้วยกากลึง เจาะ เชื่อมโลหะและการปั๊ม เช่น ตู้ควบคุมระบบ MDB ตู้ควบคุมการสื่อสารโทรคมนาคม ฯลฯ,768,10,2015-01-16T00:00:00,2,บางบัวทอง-ไทรน้อย,25922,28000000,จ3-64(13)-59/57นบ,0 2923 8306-7,-20120005925575-,100.350658,1160,1160,197.96,2014-12-24T00:00:00,บริษัท กรุงเทพ เทคนิค ลอจิก 1 จำกัด,ไทรน้อย,13.977214,ไทรน้อย-ลากฆ้อน,ไทรน้อย,เลขที่ 24/15,20,2020-01-01T00:00:00,นนทบุรี,30,11150
1240,กลึง -เชื่อมโลหะ,560,0,1995-10-24T00:00:00,3,บางกรวย-ไทรน้อย,25922,4000000,จ3-64(13)-6/38นบ,5711540,-20120000625386-,100.43095,1161,1161,84.62,1995-01-01T00:00:00,บริษัท คลังพหล วิศวกรรม จำกัด,บางรักพัฒนา,13.88846667,จันทร์-ทองเอี่ยม,บางบัวทอง,เลขที่ 65/2,8,2020-01-01T00:00:00,นนทบุรี,8,11110
264,กลึง เชื่อม ไส กัด ตัดและเจาะโลหะ,264,0,2004-04-19T00:00:00,,เรวดี,25922,6200000,จ3-64(13)-6/46นบ,,-20120100625468-,100.4948167,1162,1162,135.75,2003-09-10T00:00:00,ห้างหุ้นส่วนจำกัด พี.เอส.เอ.แมชชีนเนอรี่,ตลาดขวัญ,13.85813333,,เมืองนนทบุรี,เลขที่ 19/105,15,2025-01-01T00:00:00,นนทบุรี,15,11000
7080,ทำชิ้นส่วนหรืออุปกรณ์สำหรับเครื่องมือ เครื่องใช้ เครื่องจักร และสื่อการเรียนการสอนจากโลหะและพลาสติก,996,35,2023-03-05T00:00:00,1,,25922,194000000,จ3-64(13)-6/66นบ,26154999,-20120020225662-,,1163,1163,448.79,2023-09-02T00:00:00,บริษัท จีไอไอซี จำกัด,บ้านใหม่,,,ปากเกร็ด,เลขที่ 69/495,73,2028-01-01T00:00:00,นนทบุรี,108,11120
935,การกลึง เจาะ เจียนหรือเชื่อมโลหะทั่วไป,360,2,2017-09-29T00:00:00,10,,25922,15127000,จ3-64(13)-60/60นบ,,-20120106025606-,100.427533,1164,1164,91.93,2017-04-09T00:00:00,บริษัท สเปเชียลเทค จำกัด,คลองข่อย,13.978448,,ปากเกร็ด,เลขที่ 33/2,13,2022-01-01T00:00:00,นนทบุรี,15,11120
1396,กลึง ไส เจียร หรือเชื่อมโลหะทั่วไป,432,0,2005-09-01T00:00:00,6,วัดต้นเชือก-บ้านคลองโยง,25922,8900000,จ3-64(13)-64/47นบ,,-20120006425476-,100.3217833,1165,1165,100,2004-06-17T00:00:00,บริษัท ไฮ-เทค เวิลร์ด เอ็นจิเนียริ่ง จำกัด,บ้านใหม่,13.84046667,,บางใหญ่,เลขที่ 3/4,5,2020-01-01T00:00:00,นนทบุรี,5,11140
400,กลึง-เชื่อมโลหะ ประกอบ ผลิต ซ่อมแซม ปรับปรุงเครื่องจักร เครื่องจักรกล เครื่องยนต์ ตลอดจนอุปกรณ์ของเครื่องจักร,375,2,1992-04-20T00:00:00,3,ท่าน้ำ-วัดโบสถ์,25922,3200000,จ3-64(13)-7/35นบ,2128314,-20120000725350-,100.4737833,1166,1166,306.7,1995-03-24T00:00:00,บริษัท เวลแมน จำกัด,บางศรีเมือง,13.84683333,วัดเฉลิมพระเกียรติซอย 10,เมืองนนทบุรี,เลขที่ 89/391,13,2020-01-01T00:00:00,นนทบุรี,15,11000
0,กลึง ปั๊ม ไส และเชื่อมโลหะทั่วไป,0,0,2004-02-02T00:00:00,2,ทางหลวงหมายเลข 345,25922,11500000,จ3-64(13)-7/46นบ,0-1310-4098,-20120100725466-,100.4317167,1167,1167,87,2004-02-29T00:00:00,บริษัท ว.วิวัฒน์การช่าง จำกัด,ลำโพ,13.95481667,,บางบัวทอง,เลขที่ 29/92,3,2024-01-01T00:00:00,นนทบุรี,3,11110
960,กลึง ไส เชื่อมโลหะทั่วไป เช่น โครงโต๊ะ เก้าอี้,960,0,2010-12-25T00:00:00,5,บางกรวย-ไทรน้อย,25922,400000,จ3-64(13)-71/53นบ,0-2903-7134-5,-20120007125539-,100.38489,1168,1168,206.54,2010-07-10T00:00:00,บริษัท เวิร์คสเคพ จำกัด,บางบัวทอง,13.94287,ราษฎร์ทูลเกล้า,บางบัวทอง,เลขที่ 55,6,2020-01-01T00:00:00,นนทบุรี,6,11110
8000,การกลึง เจาะ กัด ตัด พับ เชื่อมโลหะทั่วไป,648,1,,10,ทางหลวงชนบท นบ 3015,25922,27000000,จ3-64(13)-76/61นบ,02 0523351,-20120007625611-,100.289884,1169,1169,300,2018-11-27T00:00:00,บริษัท ไอไอที เทค จำกัด,ไทรใหญ่,14.067299,,ไทรน้อย,เลขที่ 64/4,7,,นนทบุรี,8,11000
0,กลึง เชื่อม ไส ตัด เจาะ และเจียรโลหะ,0,0,2004-01-03T00:00:00,6,ประชาอุทิศ ,25922,3545000,จ3-64(13)-8/47นบ,0-2927-7698,-20120000825473-,100.3797667,1170,1170,108,2004-11-03T00:00:00,ต.เจริญซัพพลาย,บางแม่นาง,13.84831667,,บางใหญ่,เลขที่ 60/4,6,2025-01-01T00:00:00,นนทบุรี,6,11140
828,กลึง กัด เจาะ เชื่อม ไส โลหะทั่วไป,581,0,2005-01-03T00:00:00,1,ติวานนท์,25922,4200000,จ3-64(13)-88/47นบ,0-2583-4060,-20120208825473-,100.5566667,1171,1171,380,2004-08-13T00:00:00,ห้างหุ้นส่วนจำกัด จุลพงษ์การช่าง,บ้านใหม่,13.94113333,พระแม่การุณย์,ปากเกร็ด,เลขที่ 74,20,2020-01-01T00:00:00,นนทบุรี,20,11120
0,รับจ้างกลึง เจาะ คว้าน กัด ไส เจียน หรือเชื่อมโลหะทั่วไป,8,1,2004-09-15T00:00:00,5,บางกรวย-ไทรน้อย,25922,6500000,จ3-64(13)-89/47นบ,0-2923-9294,-20120008925473-,100.32515,1172,1172,108.5,2004-08-13T00:00:00,บริษัท ยูนิฟาย เอ็นจิเนียริ่ง จำกัด,ไทรน้อย,13.97678333,-,ไทรน้อย,เลขที่ 26/8,17,2024-01-01T00:00:00,นนทบุรี,18,11150
6488,การกลึง เจาะ เจียน และเชื่อมโลหะทั่วไป,1440,0,2018-06-29T00:00:00,7,,25922,56330000,จ3-64(13)-89/60นบ,02 1501623,-20120008925606-,100.4120763,1173,1173,250,2017-10-11T00:00:00,บริษัท สหภัณฑ์วิศวกรรม จำกัด,ลำโพ,13.96826403,,บางบัวทอง,เลขที่ 224,15,2023-01-01T00:00:00,นนทบุรี,15,11110
3200,กลึง เจาะ คว้าน กัด ไส เจียน หรือเชื่อมโลหะทั่วไป เช่น อะไหล่แม่พิมพ์,600,6,2016-01-08T00:00:00,8,บางกรวย-ไทรน้อย,25922,43959000,จ3-64(13)-9/59นบ,0 2921 9053,-20120100925595-,100.3108582,1174,1174,339.81,2016-09-02T00:00:00,บริษัท เอส.พี.ซัพพอร์ท จำกัด,คลองขวาง,14.01127205,,ไทรน้อย,เลขที่ 45,14,2021-01-01T00:00:00,นนทบุรี,20,11150
968,กลึง เจาะ คว้าน กัด ไส เจียน และเชื่อมโลหะทั่วไป,360,6,2007-10-31T00:00:00,3,เคหะการเกษตร,25922,14467000,จ3-64(13)-95/50นบ,-,-20120009525504-,100.29207,1175,1175,130,2007-10-15T00:00:00,บริษัท พี.พี.เจ.แมชชีนเนอรี่ จำกัด,หนองเพรางาย,13.92326,เคหะการเกษตร 9,ไทรน้อย,เลขที่ 103/5,16,2022-01-01T00:00:00,นนทบุรี,22,11150
2040,กลึง เจาะ คว้าน กัด ไส เจียน และเชื่อมโลหะทั่วไป,480,0,2007-09-11T00:00:00,5,บางกรวย-ไทรน้อย,25922,13600000,จ3-64(13)-96/50นบ,-,-20120009625502-,100.37408,1176,1176,185.66,2007-10-15T00:00:00,ห้างหุ้นส่วนจำกัด มิเลนเนี่ยม แมชชีนเนอรี่,บางบัวทอง,13.95043,โชคมงคล,บางบัวทอง,เลขที่ 99,20,2022-01-01T00:00:00,นนทบุรี,20,11110
78,ทำผลิตภัณฑ์เกี่ยวกับโลหะด้วยวิธีปั้มหรือกระแทก และผลิตภัณฑ์พลาสติก เช่น ชิ้นส่วนโคมไฟฟ้า ชิ้นส่วนเครื่องเรือน,120,5,1998-02-02T00:00:00,1,ติวานนท์,25910,2880000,จ3-64(2)-1/38นบ,,-20121200125383-,100.5549333,1177,1177,115.44,1995-02-03T00:00:00,,บ้านใหม่,13.94726667,พระแม่มหาการุณย์,ปากเกร็ด,เลขที่ 69/116-118,4,2023-01-01T00:00:00,นนทบุรี,9,11120
5024,ทำผลิตภัณฑ์ด้วยวิธีปั๊มหรือกระแทก กลึง เจาะ คว้าน กัด ไส เจียน หรือเชื่อมโลหะทั่วไป,2800,38,2017-06-14T00:00:00,10,กาญจนาภิเษก,25910,62000000,จ3-64(2)-10/60นบ,,-20120001025602-,100.4315623,1178,1178,495,2017-05-17T00:00:00,ห้างหุ้นส่วนจำกัด เจริญรุ่งเรืองโลหะภัณฑ์,คลองข่อย,13.97242038,เปาอินทร์ แยก 4,ปากเกร็ด,เลขที่ 16/29,39,2022-01-01T00:00:00,นนทบุรี,77,10150
1914,ทำผลิตภัณฑ์โลหะด้วยวิธีปั๊มหรือกระแทก กลึง เจาะ คว้าน กัด เจียน หรือเชื่อมโลหะ,300,0,2017-09-30T00:00:00,10,กาญจนาภิเษก-บางปะอิน,25910,10000000,จ3-64(2)-14/60นบ,089 1233578,-20120001425604-,100.4311747,1179,1179,122.27,2017-01-08T00:00:00,กิจการรุ่งเรือง,คลองข่อย,13.97278787,,ปากเกร็ด,เลขที่ 16/25,5,2022-01-01T00:00:00,นนทบุรี,5,11120
4000,งานปั๊ม กลึง เจาะ คว้าน กัด ไส หรือเชื่อมโลหะทั่วไป ผลิตอุปกรณ์สำหรับงานระบบไฟฟ้า สถานีไฟฟ้า ระบบสื่อสารโทรคมนาคม,760,2,2016-12-10T00:00:00,7,กาญจนาภิเษก,25910,10000000,จ3-64(2)-16/59นบ,,-20120101625590-,100.4200087,1180,1180,129.49,2016-09-09T00:00:00,บริษัท พีเอ อิเล็คทริค ไลท์ จำกัด,ลำโพ,13.95940385,,บางบัวทอง,เลขที่ 48/3,13,2021-01-01T00:00:00,นนทบุรี,15,11000
7596,ทำตลับใส่พระแสตนเลส และพิมพ์อักษรบนกล่องพลาสติกใส่พระเครื่อง,914,0,2017-09-22T00:00:00,3,บ้านกล้วย-ศาลายา,25910,2000000,จ3-64(2)-16/60นบ,,-20120001625609-,100.2351,1181,1181,166.58,2017-08-23T00:00:00,มิตรศิลป์,พิมลราช,13.5539,,บางบัวทอง,เลขที่ 33/18,30,2022-01-01T00:00:00,นนทบุรี,30,11110
1600,ทำโต๊ะ ตู้ เตียงและทำชั้นวางของทุกชนิดจากเหล็ก,764,5,1995-02-01T00:00:00,8,สนามบินน้ำ,25910,10500000,จ3-64(2)-2/36นบ,,-20120300225366-,100.5039833,1182,1182,132,1993-07-23T00:00:00,บริษัท ภูรินทร์ อินเตอร์เนชั่นแนล จำกัด,บางกระสอ,13.87291667,,เมืองนนทบุรี,เลขที่ 54/1/1,50,2020-01-01T00:00:00,นนทบุรี,55,11000
648,ผลิตฝาอลูมิเนียมฟรอยปิดปากขวด กลึงและซ่อมชิ้นส่วนของเครื่องจกรและอุปกรณ์,630,5,1998-11-19T00:00:00,3,บางกรวย-ไทรน้อย,25910,4000000,จ3-64(2)-2/41นบ,,-20120100225418-,100.48435,1183,1183,79.81,1998-10-28T00:00:00,ห้างหุ้นส่วนจำกัด เทรดดิ้ง,บางศรีเมือง,13.84245,วัดเฉลิมพระเกียรติ 19,เมืองนนทบุรี,"เลขที่ 89/859,89/861",8,2023-01-01T00:00:00,นนทบุรี,13,11000
5300,ทำผลิตภัณฑ์โลหะ เช่น บานพับ กลอนประตู กลอนหน้าต่าง และรับจ้างผลิตงานโลหะทั่วไปทุกชนิด,1000,15,2003-03-19T00:00:00,10,ประตูน้ำ-วัดศรีเขต,25910,9500000,จ3-64(2)-2/44นบ,02-4160229,-20120400225449-,100.4207833,1184,1184,436.27,2001-11-12T00:00:00,บริษัท สยาม อินโนเวชั่น อินดัสทรี จำกัด,คลองข่อย,13.98338333,-,ปากเกร็ด,เลขที่ 26/2,10,2023-01-01T00:00:00,นนทบุรี,25,11120
0,ทำรถเข็น บันไดอลูมิเนียม เครื่องมือเครื่องใช้,0,4,2004-02-12T00:00:00,5,บางไผ่พัฒนา,25910,26500000,จ3-64(2)-2/46นบ,0-2587-5310,-20120800225460-,100.4882167,1185,1185,185.5,2003-12-16T00:00:00,บริษัท พี.เค.อาร์.มาร์เก็ตติ้ง จำกัด,บางไผ่,13.81841667,,เมืองนนทบุรี,เลขที่ 9/8,15,2024-01-01T00:00:00,นนทบุรี,19,11000
1197,"ทำผลิตภัณฑ์ด้วยวิธีปั๊มหรือกระแทก เช่น ตะขอเสื้อชั้นใน,รางสายไฟ และอุปกรณ์ ฯลฯ",300,2,2010-05-04T00:00:00,7,บ้านลำโพ,25910,9540821,จ3-64(2)-22/52นบ,0-2587-2181,-20120102225523-,100.43024,1186,1186,129.72,2009-12-10T00:00:00,บริษัท ดูราเทรย์ จำกัด,ลำโพ,13.95563,-,บางบัวทอง,เลขที่ 24/19,8,2020-01-01T00:00:00,นนทบุรี,10,11110
25157,ปั๊ม ตัด ขึ้นรูปชิ้นงานโลหะต่าง ๆ ทำชิ้นส่วนอุปกรณ์สำหรับเครื่องใช้ไฟฟ้า เช่น แกนมอเตอร์ แกนพัดลม โรเตอร์-สเตเตอร์ ฯลฯ ประกอบมอเตอร์,15770,282,1996-12-01T00:00:00,3,บางกรวย-ไทรน้อย,25910,707500000,จ3-64(2)-3/38นบ,9035460-4,-20120200325381-,100.4616167,1187,1187,5088.57,1995-08-06T00:00:00,บริษัท ฟาสโก้ มอเตอร์ส (ประเทศไทย) จำกัด,บางกร่าง,13.83798333,-,เมืองนนทบุรี,เลขที่ 29/7,304,2021-01-01T00:00:00,นนทบุรี,586,11000
2388,ปั๊ม ตัด พับโลหะทั่วไป,282,2,2008-05-03T00:00:00,2,บางกรวย-ไทรน้อย,25910,17900000,จ3-64(2)-5/51นบ,0 2883 9354-6,-20120000525511-,100.4777,1188,1188,56.75,2008-02-14T00:00:00,-,บางสีทอง,13.81688,-,บางกรวย,เลขที่ 117/2,5,2023-01-01T00:00:00,นนทบุรี,7,11130
3200,ทำผลิตภัณฑ์ด้วยวิธีปั๊มหรือกระแทก กลึง เจาะ กัด ไส เจียนโลหะทั่วไป,780,0,2006-01-09T00:00:00,9,ทางหลวงพิเศษหมายเลข 9 กม.51,25910,19500000,จ3-64(2)-6/49นบ,0-1846-8547,-20120000625493-,100.4394,1189,1189,489.18,2006-02-22T00:00:00,บริษัท ไทยสตีลพาร์ท จำกัด,คลองข่อย,13.97228333,-,ปากเกร็ด,เลขที่ 15/1,30,2021-01-01T00:00:00,นนทบุรี,30,11120
17069,ทำผลิตภัณฑ์ด้วยวิธีปั๊มหรือกระแทก กลึง เจาะ เจียน เชื่อมโลหะและพ่นสี,2100,25,2007-08-20T00:00:00,9,คลองขวาง-นาหมอน,25910,32000000,จ3-64(2)-6/50นบ,02-9224207,-20120000625501-,100.3044333,1190,1190,417.48,2007-03-23T00:00:00,บริษัท วี.วี.เอ็น.เพาเดอร์ โค้ทติ้ง จำกัด,คลองขวาง,13.99735,-,ไทรน้อย,เลขที่ 3/8,40,2022-01-01T00:00:00,นนทบุรี,65,11150
1600,ทำผลิตภัณฑ์ด้วยวิธีปั๊มหรือกระแทก กลึง เจาะ คว้าน กัด ไส เจียน และเชื่อมโลหะทั่วไป,600,5,2016-04-18T00:00:00,5,บางบัวทอง-สุพรรณบุรี,25910,12500000,จ3-64(2)-7/54นบ,,-20120300725548-,100.43089,1191,1191,128,2011-06-05T00:00:00,-,ละหาร,13.9652,,บางบัวทอง,เลขที่ 54/33,10,2021-01-01T00:00:00,นนทบุรี,15,11110
851,ทำผลิตภัณฑ์ด้วยวิธีปั๊มหรือกระแทก ตัด พับ ม้วน เจาะ กลึง เจียน และเชื่อมโลหะ,240,0,2017-09-22T00:00:00,9,,25910,23000000,จ3-64(2)-8/60นบ,,-20120100825605-,100.304539,1192,1192,477.41,2017-08-05T00:00:00,บริษัท วี.วี.เอ็น.เพาเดอร์ โค้ทติ้ง จำกัด,คลองขวาง,13.99698446,,ไทรน้อย,เลขที่ 3/10,15,2022-01-01T00:00:00,นนทบุรี,15,10220
1686,ผลิตตะแกรงลวด,998,0,1994-10-25T00:00:00,9,บางบัวทอง-ลาดหลุมแก้ว,25951,8000000,จ3-64(5)-1/36นบ,9255100-2,-20121000125369-,100.3999,1193,1193,529.36,1993-09-16T00:00:00,บริษัท ไวร์เมช อินดัสทรี จำกัด,ละหาร,13.9531,,บางบัวทอง,เลขที่ 14/4,70,2025-01-01T00:00:00,นนทบุรี,70,11110
638,ทำลวดตาข่าย ผลิตชิ้นส่วนเครื่องจักรและงานกลึง เจาะ คว้าน กัด ไส เจียร,1568,5,2002-02-19T00:00:00,8,ติวานนท์,25951,9950000,จ3-64(5)-1/45นบ,0-2964-7070-78,-20121200125458-,100.5191333,1194,1194,162.67,2002-01-25T00:00:00,ห้างหุ้นส่วนจำกัด ยูไนเต็ด เทรดเดอร์ (1994),บางพูด,13.92316667,สามเอก,ปากเกร็ด,เลขที่ 52/20,20,2022-01-01T00:00:00,นนทบุรี,25,11120
,ทำขดสปริงเหล็ก สลัก แป้นเกลียว วงแหวน หมุดย้ำ,0,0,2006-06-19T00:00:00,7,กรุงเทพ-นนทบุรี,25952,0,จ3-64(6)-1/47นบ,,-20120600125472-,100.5197167,1195,1195,443.4,2004-07-01T00:00:00,บริษัท นำสินสปริง จำกัด,บางเขน,13.84245,ศิริชัย 1,เมืองนนทบุรี,เลขที่ 22/1,0,2021-01-01T00:00:00,นนทบุรี,0,11000
1568,ผลิตขดสปริงสำหรับทำที่นอน,300,2,2006-10-29T00:00:00,9,บางบัวทอง-สุพรรณบุรี,25952,8250000,จ3-64(6)-9/49นบ,,-20120100925496-,100.41195,1196,1196,90,2006-11-09T00:00:00,บริษัท ซัน แอคมี่ จำกัด,ละหาร,13.95278333,-,บางบัวทอง,เลขที่ 36/4,5,2021-01-01T00:00:00,นนทบุรี,7,11110
1050,ผลิตชิ้นส่วนประกอบเตาแก๊ส,900,5,1997-03-14T00:00:00,6,ตลิ่งชัน-สุพรรณบุรี,27503,6500000,จ3-64(7)-1/39นบ,02-4101884,-20120700125398-,100.4075,1197,1197,138.95,1996-10-22T00:00:00,บริษัท พงษ์บัญชา อินดัสตรี จำกัด,บางรักพัฒนา,13.90696667,,บางบัวทอง,เลขที่ 69/2,16,2022-01-01T00:00:00,นนทบุรี,21,11110
,ทำเครื่องสุขภัณฑ์ เหล็ก เครื่องทองเหลือง เช่น ก็อกน้ำ ข้อต่อทองเหลือง,0,0,2005-02-15T00:00:00,5,บางกรวย-ไทรน้อย,25991,17000000,จ3-64(8)-2/47นบ,0-2923-1001-3,-20120600225470-,100.3757333,1198,1198,179.96,2004-07-27T00:00:00,บริษัท ริช เอสเอ็มแอล กรุ๊ป จำกัด,บางบัวทอง,13.94808333,โชคมงคล,บางบัวทอง,เลขที่ 89,25,2020-01-01T00:00:00,นนทบุรี,25,11110
1600,ทำแม่พิมพ์โลหะ รับจ้างกลึงเชื่อมเจาะไสโลหะทั่วไป,600,42,2005-06-27T00:00:00,9,-,25992,31000000,จ3-64(9)-16/47นบ,,-20120101625475-,100.4017333,1199,1199,434.42,2004-07-19T00:00:00,บริษัท เอส.ซี.ซีเอ็นซี.เอ็นจิเนียริ่ง จำกัด,บางม่วง,13.84051667,-,บางใหญ่,เลขที่ 42/5,20,2020-01-01T00:00:00,นนทบุรี,62,11140
6719,ผลิตกรงเลี้ยงสัตว์ และกลึง เชื่อม โลหะทั่วไป,360,2,2003-10-27T00:00:00,8,อบต.คลองข่อย,25992,7000000,จ3-64(9)-2/45นบ,,-20120600225454-,100.4481,1200,1200,82,2002-08-29T00:00:00,-,คลองข่อย,13.96535,,ปากเกร็ด,เลขที่ 14/3,11,2023-01-01T00:00:00,นนทบุรี,13,11120
5716,ซ่อมรถยนต์และเครื่องยนต์,8416,10,1994-03-01T00:00:00,8,รัตนาธิเบศร์,28110,65000000,จ3-65-1/36นบ,02-5802788,-20121100125368-,100.5046333,1201,1201,294.47,1993-02-26T00:00:00,บริษัท เอชซีเอ็น ฮอนด้า ออโตโมบิล จำกัด,บางกระสอ,13.86246667,,เมืองนนทบุรี,เลขที่ 4/10-11,60,2024-01-01T00:00:00,นนทบุรี,70,11000
0,ผลิตอะไหล่เครื่องยนต์ เช่น ลูกสูบฯ,0,13,1999-09-21T00:00:00,3,ฤชุพันธ์,28110,36800000,จ3-65-1/40นบ,4382664,-20121500125406-,100.3113,1202,1202,194.25,1997-10-30T00:00:00,บริษัท วิรุฒโลหะการ จำกัด,ราษฎร์นิยม,14.11288333,,ไทรน้อย,เลขที่ 114/4,19,2024-01-01T00:00:00,นนทบุรี,32,11150
1572,ผลิต และประกอบเครื่องมืออุปกรณ์เกี่ยวกับพลังงานทดแทน เช่น กังหันลมผลิตไฟฟ้า กังหันลมสูบน้ำ เครื่องกำเนิดพลังงานทดแทนทุกประเภท,432,3,2015-09-30T00:00:00,11,บางใหญ่-บางคูรัด,28110,5000000,จ3-65-10/58นบ,02 1905704,-20120201025584-,100.4244945,1203,1203,122.5,2015-08-26T00:00:00,บริษัท โนเบล อินดัสทรี่ จำกัด,บางเลน,13.84214775,เทศบาลบางม่วง 1,บางใหญ่,เลขที่ 80/6,11,2020-01-01T00:00:00,นนทบุรี,14,11140
192,ซ่อมเครื่องยนต์และชิ้นส่วนเครื่องจักร,192,0,2020-08-14T00:00:00,4,ประชาราษฎร์,28110,3700000,จ3-65-2/63นบ,,-20120087325637-,100.4971041,1204,1204,103.08,2020-04-29T00:00:00,นุสรณ์กลกาาร,สวนใหญ่,13.8433651,,เมืองนนทบุรี,เลขที่ 311 313 315 317,24,,นนทบุรี,24,11000
0,ซ่อมเครื่องยนต์และรถยนต์ของรถทุกชนิด เช่น รถเครน รถแทรกเตอร์,0,0,2001-01-16T00:00:00,5,สนามบินน้ำ,28110,3000000,จ3-65-4/36นบ,,-20120200425363-,100.5019667,1205,1205,180,1993-10-27T00:00:00,บริษัท เสรีชัยยุทธภัณฑ์ จำกัด,ท่าทราย,13.87358333,รณสิทธิพิชัย,เมืองนนทบุรี,เลขที่ 55/20,20,2021-01-01T00:00:00,นนทบุรี,20,11000
5200,ผลิตเครื่องจักรการกสิกรรมและการเกษตรอุตสาหกรรมพร้อมชิ้นส่วนอะไหล่และกลึงเชื่อมโลหะ,2135,5,2002-09-04T00:00:00,2,บางกรวย-ไทรน้อย,28219,35000000,จ3-66-1/45นบ,02-964-7770,-20121300125457-,100.3539667,1206,1206,256.79,2002-04-03T00:00:00,บริษัท พรีเมียร์ แมชชีนเนอรี่ จำกัด,ไทรน้อย,13.96408333,,ไทรน้อย,เลขที่ 59/9,50,2022-01-01T00:00:00,นนทบุรี,55,11150
11996,ผลิตและประกอบรถไถนา อุปกรณ์ เครื่องมือการเกษตร,3408,4,2003-09-04T00:00:00,11,,28219,26250000,จ3-66-1/46นบ,02-4101683-5,-20122800125468-,100.3578833,1207,1207,587,2003-02-18T00:00:00,บริษัท รัตนอุตสาหกรรมการเกษตร จำกัด,บ้านใหม่,13.8727,-,บางใหญ่,เลขที่ 49,29,2023-01-01T00:00:00,นนทบุรี,33,11140
1920,ทำเครื่องจักรการเกษตร เช่น ปั๊มน้ำ ผานไถนา,480,4,2007-04-17T00:00:00,5,ปทุมธานี-บางเลน,28219,6500000,จ3-66-12/48นบ,,-20120001225483-,100.3240667,1208,1208,134,2005-09-15T00:00:00,ห้างหุ้นส่วนจำกัด สินศักดิ์ดาการเกษตร,คลองขวาง,14.0379,เลียบคลองขวาง,ไทรน้อย,เลขที่ 33,10,2022-01-01T00:00:00,นนทบุรี,14,11150
0,ทำอุปกรณ์การเกษตร,0,0,1997-04-30T00:00:00,5,,28219,4000000,จ3-66-2/40นบ,4540489,-20120500225406-,100.3216833,1209,1209,197,1997-02-28T00:00:00,รวมผลกลการ,คลองขวาง,14.03828333,,ไทรน้อย,เลขที่ 22/3,8,2022-01-01T00:00:00,นนทบุรี,8,11150
2628,ประกอบและซ่อมแซมเครื่องจักรสำหรับใช้ในการกสิกรรม เช่น รถเกี่ยวข้าว,360,0,2011-02-03T00:00:00,8,ไทรน้อย-ลากค้อน,28219,5800000,จ3-66-3/54นบ,0-2921-6713-4,-20120400325546-,100.339792,1210,1210,78,2011-01-25T00:00:00,,ไทรน้อย,14.005025,,ไทรน้อย,เลขที่ 6/5,4,2021-01-01T00:00:00,นนทบุรี,4,11150
10470,ผลิต ประกอบ ดัดแปลง หรือซ่อมแซมเครื่องจักรที่ใช้ในการเกษตรกรรม,2338,0,2024-01-29T00:00:00,7,,28219,13000000,จ3-66-7/66นบ,27903555,-20120212525663-,100.303814,1211,1211,287.17,2023-12-20T00:00:00,บริษัท บาก้า แมชชีนเนอรี่ จำกัด,คลองขวาง,14.025771,,ไทรน้อย,เลขที่ 16/7,13,2029-01-01T00:00:00,นนทบุรี,13,11150
1600,ดัดแปลง ซ่อมแซมเครื่องจักร เครื่องมือที่ใช้ในงานอุตสาหกรรมเกยวกับรวมทั้งชิ้นส่วนอุปกรณ์และการกลึง เจาะ คว้าน กัด ไส เจียนหรือเชื่อมโลหะทั่วไป,1110,3,1995-06-20T00:00:00,10,ตลิ่งชัน-บางบัวทอง,28219,10150000,จ3-67(1)-1/38นบ,01-9315723,-20121400125381-,100.4074167,1212,1212,111.85,1995-04-05T00:00:00,บริษัท บี.เอ็ม.ซี.ที.เอ็นจิเนียริ่ง จำกัด,บางม่วง,13.83313333,วัดพระเงิน,บางใหญ่,เลขที่ 59/2-3,5,2020-01-01T00:00:00,นนทบุรี,8,11140
1200,ผลิตเครื่องจักรกลสำหรับงานโลหะหรือไม้,720,0,2001-01-29T00:00:00,4,ตลิ่งชัน-สุพรรณบุรี,28219,7500000,จ3-67(1)-1/44นบ,926-5581-3,-20121400125449-,100.4152667,1213,1213,118.5,2001-09-01T00:00:00,118.5,เสาธงหิน,13.86666667,วัดเสาธงหิน,บางใหญ่,เลขที่ 46/129,11,2021-01-01T00:00:00,นนทบุรี,11,11140
2280,ทำเครื่องจักร และอุปกรณ์เกี่ยวกับงานไม้,1752,8,2005-12-12T00:00:00,2,ตลิ่งชัน-สุพรรณบุรี,28219,15000000,จ3-67(1)-1/46นบ,,-20122900125467-,100.3336167,1214,1214,192,2003-09-29T00:00:00,บริษัท ชัยแสง คาร์ไบด์ จำกัด,หนองเพรางาย,13.90991667,วัดลาดปลาดุก,ไทรน้อย,เลขที่ 14/6,32,2020-01-01T00:00:00,นนทบุรี,40,11150
41380,ผลิตเครื่องจักรและชิ้นส่วนของเครื่องจักรพลาสติกทุกชนิด เช่น เครื่องจักรเกี่ยวกับงาน ผลิตดอกสว่าน ดอกกัดโลหะ และเครื่องจักรชิ้นว่วนงานตามแบบที่ลูกค้ากำหนด,17260,75,2004-07-25T00:00:00,9,บางใหญ่-บางคูลัด,28230,1655820000,จ3-67(2)-1/47นบ,0 2443 6996,-20120700125471-,100.4055667,1215,1215,11222.78,2004-03-29T00:00:00,บริษัท ซี.ซี.เอส.แอดวานซ์เทค จำกัด,บางม่วง,13.84381667,กันตนา,บางใหญ่,เลขที่ 54/2,190,2024-01-01T00:00:00,นนทบุรี,265,11140
964,ดัดแปลงและซ่อมแซมเครื่องกลึง เครื่องคว้าน เครื่องเจาะ เครื่องกัด เครื่องเจียน เครื่องตัด และเครื่องไส,940,1,2008-06-10T00:00:00,2,ไทรน้อย-ลากค้อน,28230,16000000,จ3-67(2)-3/50นบ,0-2925-7988,-20120100325507-,100.35136,1216,1216,339,2007-09-14T00:00:00,บริษัท พีทีเค ฟลูอิด เพาเวอร์ จำกัด,ไทรน้อย,13.9676,-,ไทรน้อย,เลขที่ 45/12,11,2023-01-01T00:00:00,นนทบุรี,12,11150
255,ดัดแปลงซ่อมเครื่องจักรที่ใช้ในการผลิตชิ้นส่วนยานยนต์และรับจ้างกลึง เจาะ คว้าน กัด ไส เจียน หรือเชื่อมโลหะทั่วไป,200,1,2019-09-09T00:00:00,1,บางบัวทอง-ปทุมธานี,28230,24459200,จ3-67(2)-3/62นบ,21490813,-20120166825622-,100.47874,1217,1217,364.2,2019-06-28T00:00:00,บริษัท ชิโยดะ แมชชีนเนอรี่ แอนด์ พาร์ท จำกัด,บางตะไนย์,13.95621,,ปากเกร็ด,เลขที่ 88/20,13,2024-01-01T00:00:00,นนทบุรี,14,11120
864,ทำ ดัดแปลง หรือซ่อมแซมเครื่องรีดโลหะ หรือเครื่องดึงรีดโลหะ และชิ้นส่วนอุปกรณ์เครื่องจักร การกลึง เจาะ คว้าน กัด ไส เจียน หรือเชื่อมโลหะทั่วไป,864,2,1999-10-11T00:00:00,2,บางกรวย-ไทรน้อย,28230,19759000,จ3-67(5)-1/40นบ,9238264-5,-20121700125404-,100.3528167,1218,1218,383.5,1997-04-02T00:00:00,บริษัท วัฒนกิจ คอร์เปอร์เรชั่น จำกัด,ไทรน้อย,13.97566667,วัดคลองตาคล้าย,ไทรน้อย,เลขที่ 24/23,12,2024-01-01T00:00:00,นนทบุรี,14,11150
648,ผลิตอุปกรณ์ตรวจสอบและจับยึดชิ้นงาน,324,5,2008-10-17T00:00:00,1,345,28229,5000000,จ3-67(7)-10/51นบ,02-5986283-5,-20120001025511-,100.47869,1219,1219,75.5,2008-01-09T00:00:00,บริษัท ทีม ซีเอฟ พรีซิชั่น จำกัด,บางตะไนย์,13.95633,,ปากเกร็ด,เลขที่ 88/17,18,2023-01-01T00:00:00,นนทบุรี,23,11120
6400,ทำส่วนประกอบหรืออุปกรณ์ของเครื่องจักรและกลึง ไส เจาะ เชื่อมโลหะทั่วไป,1729,1,2006-02-02T00:00:00,11,เลียบคลองชลประทาน,28229,55000000,จ3-67(7)-17/48นบ,,-20120201725480-,100.4515333,1220,1220,161.25,2005-07-29T00:00:00,บริษัท ซี เอ เอส เอช เอ็นจิเนียริ่ง จำกัด,คลองข่อย,13.9634,-,ปากเกร็ด,เลขที่ 16/1,21,2021-01-01T00:00:00,นนทบุรี,22,11120
3840,ผลิตอุปกรณ์จับยึดและกลึง เจาะ คว้าน กัดไส เจียร,539,2,2014-08-09T00:00:00,7,,28229,13800000,จ3-67(7)-2/57นบ,29606018,-20120100225574-,100.4193349,1221,1221,114,2014-11-03T00:00:00,บรืษัท ฟี อินทิเกรชั่น จำกัด,ลำโพ,13.95846797,,บางบัวทอง,เลขที่ 9,14,2024-01-01T00:00:00,นนทบุรี,16,11110
768,ผลิตเครื่องจักรสำหรับใช้บรรจุของเหลว เช่น เครื่องบรรจุน้ำดื่ม เครื่องบรรจุ น้ำมันพืช,525,0,2003-06-25T00:00:00,1,ติวานนท์,28299,10500000,จ3-68-1/46นบ,,-20123000125464-,100.55775,1222,1222,128.87,2003-05-06T00:00:00,บริษัท ยู.ดี.สตาร์ แพค อินเตอร์ กรุ๊ป จำกัด,บ้านใหม่,13.94066667,-,ปากเกร็ด,เลขที่ 74/1,30,2023-01-01T00:00:00,นนทบุรี,30,11120
1296,สร้างระบบลำเลียง สร้างเครื่องจักรสำหรับการบรรจุ Packing Syatem,720,5,2016-09-07T00:00:00,11,กาญจนาภิเษก,28299,30000000,จ3-68-13/58นบ,,-20120101325589-,100.4143008,1223,1223,88.6,2015-08-18T00:00:00,บริษัท วรกุลชัย อินโนเวชั่น จำกัด,บางม่วง,13.83761574,,บางใหญ่,เลขที่ 25/11,20,2021-01-01T00:00:00,นนทบุรี,25,10160
0,ผลิต ดัดแปลง ซ่อมแซม เครื่องจักร สำหรับอุตสาหกรรมต่างๆ เช่น อุตสาหกรรมอาหาร,0,0,2006-01-08T00:00:00,1,นครอินทร์,28299,21500000,จ3-68-14/47นบ,02-2225571,-20120001425471-,100.4555167,1224,1224,213.5,2004-12-11T00:00:00,,บางขุนกอง,13.82978333,วัดจำปา,บางกรวย,เลขที่ 36/2,25,2021-01-01T00:00:00,นนทบุรี,25,11130
2352,ผลิต ประกอบ ดัดแปลง หรือซ่อมแซมเครื่องจักรสำหรับใช้ในโรงงานอุตสาหกรรม เช่น อุตสาหกรรมอาหารและรวมถึงชิ้นส่วนของเครื่องจักร,750,0,2013-02-01T00:00:00,5,แก้วอินทร์,28299,4700000,จ3-68-15/55นบ,,-20120001525551-,100.3976333,1225,1225,141.27,2012-11-28T00:00:00,บริษัท บียอนด์ เทค (ประเทศไทย) จำกัด,เสาธงหิน,13.87058333,-,บางใหญ่,เลขที่ 3/10,12,2023-01-01T00:00:00,นนทบุรี,12,11140
1363,ผลิต ประกอบ ดัดแปลง หรือซ่อมแซมเครื่องจักร,595,4,2016-03-03T00:00:00,10,วงแหวนตะวันตก,28299,15500000,จ3-68-19/58นบ,,-20120001925587-,100.4333924,1226,1226,186.5,2015-09-11T00:00:00,ห้างหุ้นส่วนจำกัด ที.เจ.เอ็ม เอ็นจิเนียริ่ง,คลองข่อย,13.97450859,,ปากเกร็ด,เลขที่ 16/26,10,2021-01-01T00:00:00,นนทบุรี,14,10150
8460,ผลิต ประกอบ ดัดแปลง หรือซ่อมแซมเครื่องจักร สำหรับอุตสาหกรรมอาหาร,2000,0,2012-10-04T00:00:00,4,สาย 345,28299,53000000,จ3-68-2/55นบ,0-2190-1905-9,-20120100225558-,100.433259,1227,1227,92,2012-03-15T00:00:00,บริษัท บางกอก เอ็นจิเนียริ่ง แอนด์แมชชินเนอรี่ จำกัด,ละหาร,13.9362,บ้านเกาะดอน,บางบัวทอง,เลขที่ 9/10,16,2022-01-01T00:00:00,นนทบุรี,16,11110
864,ผลิตและซ่อมแซมเครื่องจักรสำหรับอุตสาหกรรมทอผ้าและอื่น ๆ,546,0,1997-09-15T00:00:00,2,บางกรวย-ไทรน้อย,28299,0,จ3-68-3/40นบ,01-9293757,-20120300325406-,100.35105,1228,1228,170.8,1997-08-20T00:00:00,ห้างหุ้นส่วนจำกัด ไทรน้อยโลหะการ,ไทรน้อย,13.97678333,ไทยน้อย-ลากฆ้อน,ไทรน้อย,เลขที่ 24/37,25,2022-01-01T00:00:00,นนทบุรี,25,11150
1600,ผลิต ประกอบ ดัดแปลง หรือซ่อมแซมเครื่องจักรสำหรับอุตสาหกรรมอาหาร,468,1,2021-03-06T00:00:00,10,,28299,18000000,จ3-68-3/64นบ,867549289,-20120081825640-,100.432882,1229,1229,196.45,2021-01-27T00:00:00,บริษัท ออล อราวด์ จำกัด,คลองข่อย,13.976884,เปาอินทร์ 6,ปากเกร็ด,เลขที่ 17/8,7,,นนทบุรี,8,11120
2640,ผลิต ดัดแปลง และซ่อมแซมเครื่องจักรสำหรับอุตสาหกรรมอาหารและเครื่องจักรสำหรับโรงงานฆ่าสัตว์,195,1,2007-06-21T00:00:00,7,-,28299,6650000,จ3-68-4/50นบ,02-1588235,-20120000425506-,100.39355,1230,1230,92.33,2007-05-21T00:00:00,ห้างหุ้นส่วนจำกัด ดับบลิว แอนด์ พี คอนโทรล เอ็นจิเนียริ่ง,บางคูรัด,13.89189,-,บางบัวทอง,เลขที่ 5/2,6,2022-01-01T00:00:00,นนทบุรี,7,11110
9232,ทำชิ้นส่วนหรืออุปกรณ์เครื่องจักรอุตสาหกรรมอาหาร,1188,6,2009-06-15T00:00:00,2,สาย 345,28299,131700000,จ3-68-4/52นบ,034-813940-42,-20120300425529-,100.47372,1231,1231,581,2009-03-17T00:00:00,บริษัท สุรศักดิ์เอ็นยิเนียริ่ง จำกัด,คลองข่อย,13.94695,วัดสะพานสูง,ปากเกร็ด,เลขที่ 18/6,32,2025-01-01T00:00:00,นนทบุรี,38,11120
4800,ผลิต ประกอบ ดัดแปลง เครื่องจักรสำหรับใช้ในงานก่อสร้าง เช่น โม่ปูน ลิฟท์ยกกระป๋องปูน รถเข็นปูน,2540,14,2019-09-16T00:00:00,4,,28299,44000000,จ3-68-4/62นบ,,-20120161825627-,100.3824544,1232,1232,413.7,2019-06-25T00:00:00,บริษัท เจ เอส ที อินดัสตรี้ จำกัด,ลำโพ,13.98570886,,บางบัวทอง,เลขที่ 50/1,23,2024-01-01T00:00:00,นนทบุรี,37,11110
1600,ผลิตเครื่องจักรสำหรับใช้บรรจุ เช่น เครื่องรรจุน้ำดื่ม เครื่องบรรจุน้ำมันพืช เครื่องบรรจุยา,500,0,2005-10-25T00:00:00,1,ติวานนท์,28299,9500000,จ3-68-7/47นบ,02-5821717,-20120100725474-,100.5581833,1233,1233,175.75,2004-07-23T00:00:00,บริษัท ทีวีที คัมแพค เวิร์ลด จำกัด,บ้านใหม่,13.94173333,-,ปากเกร็ด,เลขที่ 69/199,35,2020-01-01T00:00:00,นนทบุรี,35,11120
6788,ผลิตเครื่องเป่าถุง ฟิล์มทุกชนิด จานลมระบายความร้อน,1000,0,2013-01-30T00:00:00,3,บางใหญ่-บางคูลัด (กันตนา),28299,48900000,จ3-68-7/55นบ,,-20120300725555-,100.3733504,1234,1234,107,2012-06-19T00:00:00,บริษัท เอเซีย แอมโร อินดัสตรี้ จำกัด,บางใหญ่,13.84164506,,บางใหญ่,เลขที่ 22/7,13,2023-01-01T00:00:00,นนทบุรี,13,11140
7200,ผลิตเครื่องจักรและวัสดุอุปกรณ์ในการบรรจุหีบห่อ,2000,0,2011-01-03T00:00:00,6,บางบัวทอง-สุพรรณบุรี,28299,22000000,จ3-68-9/52นบ,0-2428-8388,-20120200925529-,100.39166,1235,1235,554.96,2009-05-20T00:00:00,บริษัท ทอปแพคเอ็นจิเนียริ่ง จำกัด,ละหาร,13.97568,ซอและฮ์,บางบัวทอง,เลขที่ 15/9,22,2021-01-01T00:00:00,นนทบุรี,22,11110
5348,ผลิต ติดตั้ง ซ่อมแซม มาตรวัดพลังงาน,4059,12,2017-01-19T00:00:00,8,,26202,70000000,จ3-69-2/57นบ,,-20120200225573-,100.51783,1236,1236,289.44,2014-03-14T00:00:00,บริษัท พรีไซซ ซิสเท็ม แอนด์ โปรเจ็ค จำกัด,บางพูด,13.912133,,ปากเกร็ด,เลขที่ 68/1,36,2022-01-01T00:00:00,นนทบุรี,48,11120
1600,หีบน้ำมันพืช (น้ำมันถั่ว),500,1,1997-06-23T00:00:00,4,ต้นเชือก-ไทรน้อย,10491,1900000,จ3-7(1)-1/40นบ,081-4072687,-20120000125403-,100.3351,1237,1237,158.5,1997-03-19T00:00:00,,บ้านใหม่,13.85378333,,บางใหญ่,เลขที่ 22/2,1,2022-01-01T00:00:00,นนทบุรี,2,11140
765,ผลิต ประกอบ และซ่อมเครื่องทำความเย็น,360,6,1999-07-12T00:00:00,2,ตลิ่งชัน-สุพรรณบุรี,28160,23000000,จ3-70-1/42นบ,9852260-3,-20120800125421-,100.4107,1238,1238,164.53,1999-11-16T00:00:00,สมชัยการช่าง,ปลายบาง,13.80555,-,บางกรวย,เลขที่ 16/2,33,2024-01-01T00:00:00,นนทบุรี,39,11130
1600,ทำแผ่นกรองเครื่องฟอกอากาศ และปรับอากาศ,240,17,2002-09-08T00:00:00,3,เรวดี,28160,7000000,จ3-70-1/45นบ,02-5254026-7,-20121400125456-,100.4913333,1239,1239,318.71,2002-08-07T00:00:00,บริษัท ซังกิ(ประเทศไทย) จำกัด,ตลาดขวัญ,13.85871667,,เมืองนนทบุรี,เลขที่ 13/14,5,2022-01-01T00:00:00,นนทบุรี,22,11000
4312,"ประกอบเครื่องปรับอากาศ, ตู้ควบคุมระบบไฟฟ้า, หัวจ่ายลมเย็น",1200,12,2022-09-15T00:00:00,2,,28160,115000000,จ3-70-10/65นบ,28852995,-20120090125651-,100.326622,1240,1240,78.13,2022-05-26T00:00:00,บริษัท วินด์ชิลล์ จำกัด,ราษฎร์นิยม,14.084265,,ไทรน้อย,"เลขที่ 25,25/1",30,2027-01-01T00:00:00,นนทบุรี,42,11150
4898,ผลิตเครื่องสูบน้ำ เครื่องสูบน้ำดับเพลิง เครื่องผลักดันน้ำทุกชนิด กังหันเติมอากาศ เครื่องดูดสูบระบายน้ำทุกชนิด,1450,0,2017-12-18T00:00:00,1,บ้านกล้วย-ไทรน้อย,28160,10000000,จ3-70-13/60นบ,,-20120101325605-,100.348566,1241,1241,487,2017-06-16T00:00:00,บริษัท โฟว์ลไดนามิคส์ เวิร์ค จำกัด,ไทรน้อย,13.949766,,ไทรน้อย,เลขที่ 1/1,10,2022-01-01T00:00:00,นนทบุรี,10,11150
11741,ผลิต ประกอบ ซ่อมแซม ตู้แช่เย็น,2248,5,2022-10-10T00:00:00,6,,28160,39300000,จ3-70-13/65นบ,024326016-9,-20120132725658-,,1242,1242,107.04,2022-08-08T00:00:00,บริษัท วี.เอส. รีฟริก ซิสเต็ม จำกัด,บ้านใหม่,,,บางใหญ่,เลขที่ 44/45,14,2027-01-01T00:00:00,นนทบุรี,19,11140
3102,ผลิตเครื่องสูบน้ำ เครื่องสูบน้ำดับเพลิง เครื่องผลักดันน้ำทุกชนิด กังหันเติมอากาศ เครื่องดูดสูบระบายน้ำ,1450,0,2017-12-18T00:00:00,1,บ้านกล้วย-ไทรน้อย,28160,10000000,จ3-70-14/60นบ,,-20120101425603-,100.3486533,1243,1243,447,2017-06-16T00:00:00,บริษัท วีซ่าอินเตอร์เพาเวอร์ จำกัด,ไทรน้อย,13.94924197,,ไทรน้อย,เลขที่ 1,10,2022-01-01T00:00:00,นนทบุรี,10,10500
4500,ผลิตตู้แช่เย็น,2208,25,2018-10-09T00:00:00,3,,28160,32000000,จ3-70-18/60นบ,081 3045948,-20120001825605-,100.310492,1244,1244,92,2017-07-09T00:00:00,บริษัท วี.เจ.คูล สเตนเลส จำกัด,ไทรใหญ่,14.108218,,ไทรน้อย,เลขที่ 82,30,2023-01-01T00:00:00,นนทบุรี,55,11150
880,ผลิตชิ้นส่วนเครื่องปรับอากาศ,880,6,2014-06-20T00:00:00,9,งามวงศ์วาน,28160,9000000,จ3-70-2/57นบ,,-20120300225572-,100.5329082,1245,1245,365.63,2014-12-05T00:00:00,บริษัท ไคเมท เทคโนโลยี ดีเวลลอปเม้นท์ จำกัด,บางเขน,13.84867906,ดวงมณี,เมืองนนทบุรี,เลขที่ 29/9,12,2024-01-01T00:00:00,นนทบุรี,18,11000
1600,ประกอบ ดัดแปลง ซ่อมแซมเครื่องสูบน้ำ,400,0,2018-02-26T00:00:00,4,,28160,19500000,จ3-70-2/61นบ,086 6031328,-20120200225615-,100.3005082,1246,1246,353.5,2018-01-18T00:00:00,บริษัท กรีน เอ็นจิเนียริ่ง แอนด์ แมเนจเม้นท์ จำกัด,ขุนศรี,14.03630979,,ไทรน้อย,เลขที่ 5/6,15,2023-01-01T00:00:00,นนทบุรี,15,11150
5476,ผลิตชิ้นส่วนอุปกรณ์ เครื่องสูบอัดก๊าซ เช่น วาล์ว,1216,5,2014-10-12T00:00:00,4,สายบ้านคลองขวาง,28160,32944375,จ3-70-22/57นบ,02-921-9937-9,-20120102225572-,100.3150761,1247,1247,173.05,2014-04-11T00:00:00,บริษัท สแกน อินเตอร์ จำกัด (มหาชน),คลองขวาง,14.03114979,,ไทรน้อย,เลขที่ 55/5,10,2024-01-01T00:00:00,นนทบุรี,15,11150
508,ผลิตชิ้นส่วนลิฟท์ บันไดเลื่อน ชิ้นส่วนเครื่องจักร แม่พิมพ์โลหะ และรับจ้างกลึง เจาะ คว้าน กัด ไส เจียน ปั๊ม หรือเชื่อมโลหะทั่วไป,216,8,2009-03-23T00:00:00,2,บางกรวย-ไทรน้อย,28160,7500000,จ3-70-3/52นบ,02-197-6976,-20120400325520-,100.35136,1248,1248,189.5,2009-02-23T00:00:00,บริษัท เค.อี.พี.จำกัด,ไทรน้อย,13.96876,วัดคลองตาคล้าย,ไทรน้อย,เลขที่ 59/14,8,2024-01-01T00:00:00,นนทบุรี,16,11150
14428,ซ่อมบำรุงเครื่องจักร,960,0,2024-11-18T00:00:00,4,,28160,25000000,จ3-70-32/67นบ,,-20120194225670-,100.298047,1249,1249,140,2024-10-21T00:00:00,บริษัท วิสดอม เซอร์วิสเซส  จำกัด,ไทรใหญ่,14.118026,,ไทรน้อย,"เลขที่ โฉนดที่ดินเลขที่ 36020, 5973, 5974",35,2029-01-01T00:00:00,นนทบุรี,35,11150
69200,ผลิต ประกอบ ดัดแปลง เครื่องสูบน้ำ,1800,10,2019-04-19T00:00:00,,เลียบคลองขวาง,28160,15000000,จ3-70-35/61นบ,,-20120003525617-,100.3227642,1250,1250,196,2018-12-21T00:00:00,บริษัท โทยริเวอร์โลหะกิจ จำกัด,คลองขวาง,14.03831388,,ไทรน้อย,เลขที่ 23/4,15,2024-01-01T00:00:00,นนทบุรี,25,11150
